[07:57:48] Job 8926f69a created for target: BACE1
[07:57:48] Initializing workspace for BACE1...
[07:57:48] Job 8926f69a started: 2026-06-06 07:57:48
[07:57:48] 📦 Copying assets from pipeline_assets → jobs/8926f69a ...
[07:57:48] 🧾 Wrote input.csv and Protein_Data.csv
[07:57:48] 🚀 Running 1_GRABBER.py...
[07:57:48] 🐍 Pipeline Python: /app/.heroku/python/bin/python
[07:57:48] [mem] before 1_GRABBER.py parent=97.4MB combined=97.4MB
[07:57:48] 🧵 Worker caps for 1_GRABBER.py: pipeline_max=2 WARHEAD_SQCHK_MAX_WORKERS=2 WARHEAD_PDBMKR_MAX_WORKERS=2 WARHEAD_SASA_MAX_WORKERS=3 WARHEAD_METADATA_MAX_WORKERS=3 WARHEAD_MCS_MAX_WORKERS=3
[07:57:48] ⏱ No-output watchdog for 1_GRABBER.py: 180s
[07:57:48] [mem] running 1_GRABBER.py parent=97.5MB child_tree=0.7MB combined=98.2MB
🤖 AUTOMATED MODE: Processing input.csv
=== Processing BACE1 ===
  → Found 500 candidates
[07:57:53] [mem] running 1_GRABBER.py parent=97.5MB child_tree=112.8MB combined=210.3MB
[07:57:58] [mem] running 1_GRABBER.py parent=98.3MB child_tree=120.3MB combined=218.6MB
[07:58:03] [mem] running 1_GRABBER.py parent=98.3MB child_tree=130.6MB combined=228.9MB
  → Candidates=500 attempted=500 verified=500 failed=0
  → CIF output directory: /app/jobs/8926f69a/WAR/BACE1
  → Sample verified CIFs: ['WAR/BACE1/1ujj.cif', 'WAR/BACE1/1dvt.cif', 'WAR/BACE1/1m23.cif', 'WAR/BACE1/1m4h.cif', 'WAR/BACE1/1tqf.cif']
=== DONE ===
✅ Wrote queries.csv with MW_min=250.0, MW_max=700.0, MinID=90.0
✅ CIF manifest rows=500 verified=500 failed=0 root=/app/jobs/8926f69a/WAR
✅ Sample manifest CIF paths: ['WAR/BACE1/1ujj.cif', 'WAR/BACE1/1dvt.cif', 'WAR/BACE1/1m23.cif', 'WAR/BACE1/1m4h.cif', 'WAR/BACE1/1tqf.cif', 'WAR/BACE1/1fkn.cif', 'WAR/BACE1/1sgz.cif', 'WAR/BACE1/1p23.cif', 'WAR/BACE1/1cqe.cif', 'WAR/BACE1/1eqh.cif']
[07:58:04] [mem] after 1_GRABBER.py parent=98.3MB delta=+0.9MB combined_peak=228.9MB child_peak=130.6MB
[07:58:04] 🚀 Running 2_SQchk.py...
[07:58:04] 🐍 Pipeline Python: /app/.heroku/python/bin/python
[07:58:04] [mem] before 2_SQchk.py parent=98.3MB combined=98.3MB
[07:58:04] 🧵 Worker caps for 2_SQchk.py: pipeline_max=2 WARHEAD_SQCHK_MAX_WORKERS=2 WARHEAD_PDBMKR_MAX_WORKERS=2 WARHEAD_SASA_MAX_WORKERS=3 WARHEAD_METADATA_MAX_WORKERS=3 WARHEAD_MCS_MAX_WORKERS=3
[07:58:04] ⏱ No-output watchdog for 2_SQchk.py: 180s
[07:58:04] [mem] running 2_SQchk.py parent=98.3MB child_tree=1.2MB combined=99.5MB
🚀 Running Sequence Identity Analysis...
   Proteins missing fasta/name rows skipped: 0
   MW_min=250.0  MW_max=700.0  (MW filters currently ignored for ligand debug)
   Total PDB jobs to process: 500
   Worker mode=threadpool max_workers=2
  0%|          | 0/500 [00:00<?, ?it/s]DEBUG: 1cqe Chain(s) ['A', 'B'] -> Match: 29.8%DEBUG: 1dvt Chain(s) ['A', 'B'] -> Match: 63.7%
  0%|          | 1/500 [00:00<03:44,  2.23it/s]DEBUG: 1eqh Chain(s) ['A', 'B'] -> Match: 29.8%
  1%|          | 3/500 [00:00<02:01,  4.10it/s]DEBUG: 1fkn Chain(s) ['A', 'B'] -> Match: 100.0%
DEBUG: 1fkn Chain(s) ['C', 'D'] -> Match: 85.7%
DEBUG: 1m23 Chain(s) ['A'] -> Match: 100.0%
  1%|          | 5/500 [00:01<01:41,  4.88it/s]DEBUG: 1m4h Chain(s) ['A', 'B'] -> Match: 100.0%
DEBUG: 1m4h Chain(s) ['C', 'D'] -> Match: 85.7%
DEBUG: 1p23 Chain(s) ['A', 'B', 'C', 'D'] -> Match: 92.9%
  1%|▏         | 7/500 [00:01<01:33,  5.29it/s]DEBUG: 1py1 Chain(s) ['A', 'B', 'C', 'D'] -> Match: 57.0%
DEBUG: 1py1 Chain(s) ['E', 'F', 'G', 'H'] -> Match: 100.0%
DEBUG: 1r9o Chain(s) ['A'] -> Match: 33.5%
  2%|▏         | 9/500 [00:01<01:30,  5.42it/s]DEBUG: 1sgz Chain(s) ['A', 'B', 'C', 'D'] -> Match: 100.0%
DEBUG: 1tqf Chain(s) ['A'] -> Match: 98.5%
  2%|▏         | 11/500 [00:02<01:28,  5.53it/s]DEBUG: 1ujj Chain(s) ['A', 'B'] -> Match: 57.8%
DEBUG: 1ujj Chain(s) ['C'] -> Match: 100.0%
DEBUG: 1ujk Chain(s) ['A', 'B'] -> Match: 57.8%
DEBUG: 1ujk Chain(s) ['C', 'D'] -> Match: 100.0%
  3%|▎         | 13/500 [00:02<01:26,  5.62it/s]DEBUG: 1w50 Chain(s) ['A'] -> Match: 98.8%
DEBUG: 1w51 Chain(s) ['A'] -> Match: 98.8%
  3%|▎         | 15/500 [00:02<01:25,  5.66it/s]DEBUG: 1xn2 Chain(s) ['A', 'B', 'C', 'D'] -> Match: 100.0%
DEBUG: 1xn2 Chain(s) ['E', 'F', 'G', 'H'] -> Match: 91.7%
DEBUG: 1xn3 Chain(s) ['A', 'B', 'C', 'D'] -> Match: 100.0%
DEBUG: 1xn3 Chain(s) ['I'] -> Match: 92.9%
  3%|▎         | 17/500 [00:03<01:25,  5.67it/s]DEBUG: 1xs7 Chain(s) ['D'] -> Match: 100.0%
DEBUG: 1ym2 Chain(s) ['A', 'B', 'C'] -> Match: 99.5%
DEBUG: 1ym2 Chain(s) ['X', 'Y', 'Z'] -> Match: 50.0%
  4%|▍         | 19/500 [00:03<01:25,  5.63it/s]DEBUG: 1ym4 Chain(s) ['A', 'B', 'C'] -> Match: 99.5%
DEBUG: 1ym4 Chain(s) ['X', 'Y', 'Z'] -> Match: 80.0%
DEBUG: 2ayl Chain(s) ['A', 'B'] -> Match: 30.6%
  4%|▍         | 21/500 [00:03<01:24,  5.67it/s]DEBUG: 2b8l Chain(s) ['A'] -> Match: 98.5%
DEBUG: 2b8v Chain(s) ['A'] -> Match: 98.5%
  5%|▍         | 23/500 [00:04<01:23,  5.69it/s]DEBUG: 2ewy Chain(s) ['A', 'B', 'C', 'D'] -> Match: 60.8%
DEBUG: 2f3e Chain(s) ['A', 'B', 'C'] -> Match: 99.5%
[07:58:09] [mem] running 2_SQchk.py parent=98.3MB child_tree=87.5MB combined=185.8MB
  5%|▌         | 25/500 [00:04<01:23,  5.71it/s]DEBUG: 2f3f Chain(s) ['A', 'B', 'C'] -> Match: 99.5%
DEBUG: 2fdp Chain(s) ['A', 'B', 'C'] -> Match: 100.0%
  5%|▌         | 27/500 [00:04<01:22,  5.71it/s]DEBUG: 2g94 Chain(s) ['A', 'B', 'C', 'D'] -> Match: 100.0%
DEBUG: 2hiz Chain(s) ['A', 'B', 'C'] -> Match: 89.7%
  6%|▌         | 29/500 [00:05<01:23,  5.65it/s]DEBUG: 2hm1 Chain(s) ['A'] -> Match: 99.3%
DEBUG: 2iqg Chain(s) ['A'] -> Match: 99.3%
  6%|▌         | 31/500 [00:05<01:23,  5.62it/s]DEBUG: 2irz Chain(s) ['A'] -> Match: 98.5%
DEBUG: 2is0 Chain(s) ['A'] -> Match: 98.5%
  7%|▋         | 33/500 [00:06<01:22,  5.67it/s]DEBUG: 2n7q Chain(s) ['A'] -> Match: 79.6%
DEBUG: 2n7r Chain(s) ['A'] -> Match: 79.6%
  7%|▋         | 35/500 [00:06<01:21,  5.70it/s]DEBUG: 2ntr Chain(s) ['A'] -> Match: 98.5%
DEBUG: 2oah Chain(s) ['A'] -> Match: 98.5%
  7%|▋         | 37/500 [00:06<01:21,  5.70it/s]DEBUG: 2of0 Chain(s) ['A'] -> Match: 99.3%
DEBUG: 2ohk Chain(s) ['A'] -> Match: 99.3%
  8%|▊         | 39/500 [00:07<01:20,  5.71it/s]DEBUG: 2ohl Chain(s) ['A'] -> Match: 99.3%
DEBUG: 2ohm Chain(s) ['A'] -> Match: 99.3%
  8%|▊         | 41/500 [00:07<01:20,  5.71it/s]DEBUG: 2ohn Chain(s) ['A'] -> Match: 99.3%
DEBUG: 2ohp Chain(s) ['A'] -> Match: 99.3%
  9%|▊         | 43/500 [00:07<01:20,  5.71it/s]DEBUG: 2ohq Chain(s) ['A'] -> Match: 99.3%
DEBUG: 2ohr Chain(s) ['A'] -> Match: 99.3%
  9%|▉         | 45/500 [00:08<01:19,  5.71it/s]DEBUG: 2ohs Chain(s) ['A'] -> Match: 99.3%
DEBUG: 2oht Chain(s) ['A'] -> Match: 99.3%
  9%|▉         | 47/500 [00:08<01:18,  5.73it/s]DEBUG: 2ohu Chain(s) ['A'] -> Match: 99.3%
DEBUG: 2p4j Chain(s) ['A', 'B', 'C', 'D'] -> Match: 100.0%
 10%|▉         | 49/500 [00:08<01:18,  5.73it/s]DEBUG: 2p83 Chain(s) ['A', 'B', 'C'] -> Match: 89.7%
DEBUG: 2p8h Chain(s) ['A'] -> Match: 98.5%
 10%|█         | 51/500 [00:09<01:17,  5.79it/s]DEBUG: 2ph6 Chain(s) ['A'] -> Match: 98.5%
DEBUG: 2ph8 Chain(s) ['A'] -> Match: 98.5%
 11%|█         | 53/500 [00:09<01:17,  5.79it/s]DEBUG: 2q11 Chain(s) ['A', 'B', 'C'] -> Match: 99.0%
DEBUG: 2q15 Chain(s) ['A'] -> Match: 99.0%
 11%|█         | 55/500 [00:09<01:16,  5.78it/s]DEBUG: 2qk5 Chain(s) ['A', 'B'] -> Match: 99.5%
DEBUG: 2qmd Chain(s) ['A', 'B'] -> Match: 99.5%
[07:58:14] [mem] running 2_SQchk.py parent=98.4MB child_tree=87.5MB combined=185.9MB
 11%|█▏        | 57/500 [00:10<01:17,  5.73it/s]DEBUG: 2qmf Chain(s) ['A', 'B'] -> Match: 99.5%
DEBUG: 2qmg Chain(s) ['A', 'B'] -> Match: 99.5%
 12%|█▏        | 59/500 [00:10<01:16,  5.73it/s]DEBUG: 2qp8 Chain(s) ['A', 'B'] -> Match: 99.5%
DEBUG: 2qu2 Chain(s) ['A'] -> Match: 100.0%
 12%|█▏        | 61/500 [00:10<01:17,  5.70it/s]DEBUG: 2qu3 Chain(s) ['A'] -> Match: 100.0%
 12%|█▏        | 62/500 [00:11<01:11,  6.16it/s]DEBUG: 2qzk Chain(s) ['A'] -> Match: 98.5%
 13%|█▎        | 63/500 [00:11<01:17,  5.61it/s]DEBUG: 2qzl Chain(s) ['A'] -> Match: 97.1%
 13%|█▎        | 64/500 [00:11<01:11,  6.11it/s]DEBUG: 2v00 Chain(s) ['A'] -> Match: 42.7%
 13%|█▎        | 65/500 [00:11<01:17,  5.58it/s]DEBUG: 2va5 Chain(s) ['A'] -> Match: 89.2%
 13%|█▎        | 66/500 [00:11<01:11,  6.07it/s]DEBUG: 2va6 Chain(s) ['A'] -> Match: 89.2%
 13%|█▎        | 67/500 [00:11<01:18,  5.51it/s]DEBUG: 2va7 Chain(s) ['A'] -> Match: 89.2%
 14%|█▎        | 68/500 [00:12<01:11,  6.03it/s]DEBUG: 2vie Chain(s) ['A'] -> Match: 99.0%
 14%|█▍        | 69/500 [00:12<01:18,  5.49it/s]DEBUG: 2vij Chain(s) ['A'] -> Match: 99.0%
 14%|█▍        | 70/500 [00:12<01:10,  6.08it/s]DEBUG: 2viy Chain(s) ['A'] -> Match: 99.0%
 14%|█▍        | 71/500 [00:12<01:18,  5.50it/s]DEBUG: 2viz Chain(s) ['A'] -> Match: 99.0%
 14%|█▍        | 72/500 [00:12<01:09,  6.16it/s]DEBUG: 2vj6 Chain(s) ['A'] -> Match: 99.0%
 15%|█▍        | 73/500 [00:12<01:17,  5.50it/s]DEBUG: 2vj7 Chain(s) ['A'] -> Match: 99.0%
 15%|█▍        | 74/500 [00:13<01:09,  6.13it/s]DEBUG: 2vj9 Chain(s) ['A'] -> Match: 99.0%
 15%|█▌        | 75/500 [00:13<01:17,  5.52it/s]DEBUG: 2vkm Chain(s) ['A', 'B', 'C', 'D'] -> Match: 100.0%
 15%|█▌        | 76/500 [00:13<01:08,  6.15it/s]DEBUG: 2vnm Chain(s) ['A'] -> Match: 99.0%
 15%|█▌        | 77/500 [00:13<01:17,  5.48it/s]DEBUG: 2vnn Chain(s) ['A'] -> Match: 99.0%
 16%|█▌        | 78/500 [00:13<01:08,  6.13it/s]DEBUG: 2wez Chain(s) ['A'] -> Match: 99.0%
 16%|█▌        | 79/500 [00:14<01:16,  5.47it/s]DEBUG: 2wf0 Chain(s) ['A'] -> Match: 99.0%
 16%|█▌        | 80/500 [00:14<01:08,  6.14it/s]DEBUG: 2wf1 Chain(s) ['A'] -> Match: 99.0%
 16%|█▌        | 81/500 [00:14<01:16,  5.45it/s]DEBUG: 2wf2 Chain(s) ['A'] -> Match: 99.0%
 16%|█▋        | 82/500 [00:14<01:07,  6.16it/s]DEBUG: 2wf3 Chain(s) ['A'] -> Match: 99.0%
 17%|█▋        | 83/500 [00:14<01:16,  5.45it/s]DEBUG: 2wf4 Chain(s) ['A'] -> Match: 99.0%
 17%|█▋        | 84/500 [00:14<01:08,  6.04it/s]DEBUG: 2wjo Chain(s) ['A'] -> Match: 97.8%
 17%|█▋        | 85/500 [00:15<01:17,  5.37it/s]DEBUG: 2xfi Chain(s) ['A'] -> Match: 99.0%
 17%|█▋        | 86/500 [00:15<01:08,  6.08it/s]DEBUG: 2xfj Chain(s) ['A'] -> Match: 99.0%
 17%|█▋        | 87/500 [00:15<01:15,  5.44it/s]DEBUG: 2xfk Chain(s) ['A'] -> Match: 99.0%
 18%|█▊        | 88/500 [00:15<01:07,  6.09it/s]DEBUG: 2zdz Chain(s) ['A'] -> Match: 100.0%
[07:58:20] [mem] running 2_SQchk.py parent=98.4MB child_tree=87.6MB combined=186.0MB
 18%|█▊        | 89/500 [00:15<01:15,  5.42it/s]DEBUG: 2ze1 Chain(s) ['A'] -> Match: 100.0%
 18%|█▊        | 90/500 [00:15<01:07,  6.05it/s]DEBUG: 2zhr Chain(s) ['A', 'B'] -> Match: 99.5%
DEBUG: 2zhr Chain(s) ['C', 'D'] -> Match: 85.7%
 18%|█▊        | 91/500 [00:16<01:15,  5.44it/s]DEBUG: 2zhs Chain(s) ['A'] -> Match: 99.5%
 18%|█▊        | 92/500 [00:16<01:06,  6.13it/s]DEBUG: 2zht Chain(s) ['A'] -> Match: 99.5%
 19%|█▊        | 93/500 [00:16<01:14,  5.47it/s]DEBUG: 2zhu Chain(s) ['A'] -> Match: 99.5%
 19%|█▉        | 94/500 [00:16<01:05,  6.17it/s]DEBUG: 2zhv Chain(s) ['A'] -> Match: 99.5%
 19%|█▉        | 95/500 [00:16<01:13,  5.50it/s]DEBUG: 2zjh Chain(s) ['A'] -> Match: 98.8%
 19%|█▉        | 96/500 [00:16<01:05,  6.15it/s]DEBUG: 2zji Chain(s) ['A'] -> Match: 98.8%
 19%|█▉        | 97/500 [00:17<01:13,  5.46it/s]DEBUG: 2zjj Chain(s) ['A'] -> Match: 98.3%
 20%|█▉        | 98/500 [00:17<01:05,  6.15it/s]DEBUG: 2zjk Chain(s) ['A', 'B', 'C'] -> Match: 98.8%
 20%|█▉        | 99/500 [00:17<01:14,  5.39it/s]DEBUG: 2zjl Chain(s) ['A'] -> Match: 98.8%
 20%|██        | 100/500 [00:17<01:04,  6.17it/s]DEBUG: 2zjm Chain(s) ['A'] -> Match: 98.5%
 20%|██        | 101/500 [00:17<01:13,  5.42it/s]DEBUG: 2zjn Chain(s) ['A'] -> Match: 99.0%
 20%|██        | 102/500 [00:17<01:04,  6.18it/s]DEBUG: 3bra Chain(s) ['A'] -> Match: 99.8%
 21%|██        | 103/500 [00:18<01:12,  5.47it/s]DEBUG: 3buf Chain(s) ['A'] -> Match: 99.8%
 21%|██        | 104/500 [00:18<01:04,  6.18it/s]DEBUG: 3bug Chain(s) ['A'] -> Match: 99.8%
 21%|██        | 105/500 [00:18<01:12,  5.45it/s]DEBUG: 3buh Chain(s) ['A'] -> Match: 99.8%
 21%|██        | 106/500 [00:18<01:03,  6.19it/s]DEBUG: 3cib Chain(s) ['A', 'B'] -> Match: 100.0%
 21%|██▏       | 107/500 [00:18<01:12,  5.44it/s]DEBUG: 3cic Chain(s) ['A', 'B'] -> Match: 100.0%
 22%|██▏       | 108/500 [00:18<01:03,  6.16it/s]DEBUG: 3cid Chain(s) ['A', 'B'] -> Match: 100.0%
 22%|██▏       | 109/500 [00:19<01:11,  5.46it/s]DEBUG: 3ckp Chain(s) ['A', 'B', 'C'] -> Match: 98.8%
 22%|██▏       | 110/500 [00:19<01:03,  6.11it/s]DEBUG: 3ckr Chain(s) ['A', 'B', 'C'] -> Match: 98.8%
 22%|██▏       | 111/500 [00:19<01:11,  5.44it/s]DEBUG: 3dm6 Chain(s) ['A', 'B', 'C'] -> Match: 98.8%
 22%|██▏       | 112/500 [00:19<01:03,  6.12it/s]DEBUG: 3duy Chain(s) ['A', 'B', 'C'] -> Match: 99.5%
 23%|██▎       | 113/500 [00:19<01:11,  5.43it/s]DEBUG: 3dv1 Chain(s) ['A', 'B', 'C'] -> Match: 99.5%
 23%|██▎       | 114/500 [00:20<01:03,  6.06it/s]DEBUG: 3dv5 Chain(s) ['A', 'B', 'C'] -> Match: 99.5%
 23%|██▎       | 115/500 [00:20<01:10,  5.43it/s]DEBUG: 3exo Chain(s) ['A'] -> Match: 98.5%
 23%|██▎       | 116/500 [00:20<01:03,  6.03it/s]DEBUG: 3fkt Chain(s) ['A'] -> Match: 98.5%
 23%|██▎       | 117/500 [00:20<01:09,  5.49it/s]DEBUG: 3h0b Chain(s) ['A', 'B', 'C'] -> Match: 99.0%
 24%|██▎       | 118/500 [00:20<01:04,  5.91it/s]DEBUG: 3hvg Chain(s) ['A', 'B', 'C'] -> Match: 98.8%
 24%|██▍       | 119/500 [00:20<01:09,  5.48it/s]DEBUG: 3hw1 Chain(s) ['A', 'B', 'C'] -> Match: 98.8%
 24%|██▍       | 120/500 [00:21<01:04,  5.86it/s]DEBUG: 3i25 Chain(s) ['A', 'B', 'C'] -> Match: 98.8%
[07:58:25] [mem] running 2_SQchk.py parent=98.4MB child_tree=87.6MB combined=186.0MB
 24%|██▍       | 121/500 [00:21<01:08,  5.49it/s]DEBUG: 3igb Chain(s) ['A'] -> Match: 100.0%
 24%|██▍       | 122/500 [00:21<01:04,  5.90it/s]DEBUG: 3in3 Chain(s) ['A'] -> Match: 100.0%
 25%|██▍       | 123/500 [00:21<01:09,  5.46it/s]DEBUG: 3in4 Chain(s) ['A'] -> Match: 100.0%
 25%|██▍       | 124/500 [00:21<01:04,  5.83it/s]DEBUG: 3ind Chain(s) ['A'] -> Match: 100.0%
 25%|██▌       | 125/500 [00:22<01:08,  5.47it/s]DEBUG: 3ine Chain(s) ['A'] -> Match: 100.0%
 25%|██▌       | 126/500 [00:22<01:03,  5.88it/s]DEBUG: 3inf Chain(s) ['A'] -> Match: 100.0%
 25%|██▌       | 127/500 [00:22<01:08,  5.48it/s]DEBUG: 3inh Chain(s) ['A'] -> Match: 100.0%
 26%|██▌       | 128/500 [00:22<01:03,  5.84it/s]DEBUG: 3ivh Chain(s) ['A'] -> Match: 99.3%
 26%|██▌       | 129/500 [00:22<01:08,  5.45it/s]DEBUG: 3ivi Chain(s) ['A', 'B', 'C'] -> Match: 99.3%
 26%|██▌       | 130/500 [00:22<01:02,  5.88it/s]DEBUG: 3ixj Chain(s) ['A', 'B', 'C'] -> Match: 100.0%
 26%|██▌       | 131/500 [00:23<01:07,  5.48it/s]DEBUG: 3ixk Chain(s) ['A', 'B', 'C'] -> Match: 99.0%
 26%|██▋       | 132/500 [00:23<01:02,  5.90it/s]DEBUG: 3k5c Chain(s) ['A', 'B', 'C'] -> Match: 99.5%
 27%|██▋       | 133/500 [00:23<01:06,  5.49it/s]DEBUG: 3k5d Chain(s) ['A', 'B', 'C'] -> Match: 99.5%
 27%|██▋       | 134/500 [00:23<01:01,  5.91it/s]DEBUG: 3k5f Chain(s) ['A', 'B', 'C'] -> Match: 99.5%
 27%|██▋       | 135/500 [00:23<01:05,  5.54it/s]DEBUG: 3k5g Chain(s) ['A', 'B', 'C'] -> Match: 99.5%
 27%|██▋       | 136/500 [00:23<01:01,  5.93it/s]DEBUG: 3kmx Chain(s) ['A', 'B'] -> Match: 100.0%
 27%|██▋       | 137/500 [00:24<01:04,  5.59it/s]DEBUG: 3kmy Chain(s) ['A', 'B'] -> Match: 100.0%
 28%|██▊       | 138/500 [00:24<01:01,  5.92it/s]DEBUG: 3kn0 Chain(s) ['A', 'B'] -> Match: 100.0%
 28%|██▊       | 139/500 [00:24<01:04,  5.61it/s]DEBUG: 3kyr Chain(s) ['A', 'B', 'C'] -> Match: 99.0%
 28%|██▊       | 140/500 [00:24<01:01,  5.88it/s]DEBUG: 3l38 Chain(s) ['A'] -> Match: 100.0%
 28%|██▊       | 141/500 [00:24<01:04,  5.53it/s]DEBUG: 3l3a Chain(s) ['A'] -> Match: 100.0%
 28%|██▊       | 142/500 [00:24<01:01,  5.85it/s]DEBUG: 3l58 Chain(s) ['A', 'B'] -> Match: 98.8%
 29%|██▊       | 143/500 [00:25<01:03,  5.60it/s]DEBUG: 3l59 Chain(s) ['A', 'B'] -> Match: 98.8%
 29%|██▉       | 144/500 [00:25<01:00,  5.85it/s]DEBUG: 3l5b Chain(s) ['A', 'B'] -> Match: 98.8%
 29%|██▉       | 145/500 [00:25<01:03,  5.59it/s]DEBUG: 3l5c Chain(s) ['A', 'B'] -> Match: 98.8%
 29%|██▉       | 146/500 [00:25<00:59,  5.92it/s]DEBUG: 3l5d Chain(s) ['A', 'B'] -> Match: 98.8%
 29%|██▉       | 147/500 [00:25<01:02,  5.65it/s]DEBUG: 3l5e Chain(s) ['A', 'B'] -> Match: 98.8%
 30%|██▉       | 148/500 [00:26<00:59,  5.88it/s]DEBUG: 3l5f Chain(s) ['A', 'B'] -> Match: 98.8%
 30%|██▉       | 149/500 [00:26<01:01,  5.69it/s]DEBUG: 3lhg Chain(s) ['A'] -> Match: 100.0%
 30%|███       | 150/500 [00:26<01:00,  5.80it/s]DEBUG: 3lnk Chain(s) ['A', 'B'] -> Match: 100.0%
 30%|███       | 151/500 [00:26<01:01,  5.67it/s]DEBUG: 3lpi Chain(s) ['A', 'B'] -> Match: 89.9%
[07:58:31] [mem] running 2_SQchk.py parent=98.4MB child_tree=87.6MB combined=186.0MB
 30%|███       | 152/500 [00:26<01:00,  5.77it/s]DEBUG: 3lpj Chain(s) ['A', 'B'] -> Match: 89.9%
 31%|███       | 153/500 [00:26<01:00,  5.69it/s]DEBUG: 3lpk Chain(s) ['A', 'B'] -> Match: 89.9%
 31%|███       | 154/500 [00:27<01:00,  5.75it/s]DEBUG: 3lzy Chain(s) ['A'] -> Match: 42.7%
 31%|███       | 155/500 [00:27<00:59,  5.77it/s]DEBUG: 3msj Chain(s) ['A', 'B', 'C'] -> Match: 98.8%
 31%|███       | 156/500 [00:27<01:00,  5.72it/s]DEBUG: 3msk Chain(s) ['A'] -> Match: 99.5%
 31%|███▏      | 157/500 [00:27<00:59,  5.76it/s]DEBUG: 3msl Chain(s) ['A'] -> Match: 99.5%
 32%|███▏      | 158/500 [00:27<00:59,  5.72it/s]DEBUG: 3n4l Chain(s) ['A', 'B', 'C'] -> Match: 99.3%
 32%|███▏      | 159/500 [00:27<00:58,  5.83it/s]DEBUG: 3n8w Chain(s) ['A'] -> Match: 30.6%
DEBUG: 3n8w Chain(s) ['B'] -> Match: 30.6%
 32%|███▏      | 160/500 [00:28<00:59,  5.70it/s]DEBUG: 3n8z Chain(s) ['A', 'B'] -> Match: 30.6%
 32%|███▏      | 161/500 [00:28<00:57,  5.89it/s]DEBUG: 3nsh Chain(s) ['A', 'B', 'C'] -> Match: 99.3%
 32%|███▏      | 162/500 [00:28<01:00,  5.54it/s]DEBUG: 3ohf Chain(s) ['A', 'B'] -> Match: 89.9%
 33%|███▎      | 163/500 [00:28<00:56,  5.92it/s]DEBUG: 3ohh Chain(s) ['A', 'B'] -> Match: 89.9%
 33%|███▎      | 164/500 [00:28<01:00,  5.56it/s]DEBUG: 3ooz Chain(s) ['A'] -> Match: 100.0%
 33%|███▎      | 165/500 [00:28<00:56,  5.90it/s]DEBUG: 3pi5 Chain(s) ['A', 'B', 'C'] -> Match: 99.5%
 33%|███▎      | 166/500 [00:29<01:00,  5.50it/s]DEBUG: 3qbh Chain(s) ['A', 'B', 'C'] -> Match: 99.5%
 33%|███▎      | 167/500 [00:29<00:56,  5.91it/s]DEBUG: 3qi1 Chain(s) ['A'] -> Match: 99.5%
 34%|███▎      | 168/500 [00:29<01:00,  5.51it/s]DEBUG: 3r1g Chain(s) ['B'] -> Match: 99.0%
DEBUG: 3r1g Chain(s) ['H'] -> Match: 49.5%
DEBUG: 3r1g Chain(s) ['L'] -> Match: 48.6%
 34%|███▍      | 169/500 [00:29<00:56,  5.88it/s]DEBUG: 3r2f Chain(s) ['A', 'B', 'D', 'E'] -> Match: 89.9%
 34%|███▍      | 170/500 [00:29<00:59,  5.54it/s]DEBUG: 3rsv Chain(s) ['A'] -> Match: 98.8%
 34%|███▍      | 171/500 [00:30<00:55,  5.93it/s]DEBUG: 3rsx Chain(s) ['A'] -> Match: 98.8%
 34%|███▍      | 172/500 [00:30<00:59,  5.55it/s]DEBUG: 3rth Chain(s) ['A'] -> Match: 98.8%
 35%|███▍      | 173/500 [00:30<00:54,  5.97it/s]DEBUG: 3rtm Chain(s) ['A'] -> Match: 98.8%
 35%|███▍      | 174/500 [00:30<00:58,  5.60it/s]DEBUG: 3rtn Chain(s) ['A'] -> Match: 98.8%
 35%|███▌      | 175/500 [00:30<00:54,  5.93it/s]DEBUG: 3ru1 Chain(s) ['A'] -> Match: 98.8%
 35%|███▌      | 176/500 [00:30<00:57,  5.65it/s]DEBUG: 3rvi Chain(s) ['A'] -> Match: 98.8%
 35%|███▌      | 177/500 [00:31<00:54,  5.94it/s]DEBUG: 3s2o Chain(s) ['A'] -> Match: 99.5%
 36%|███▌      | 178/500 [00:31<00:56,  5.65it/s]DEBUG: 3s7l Chain(s) ['A'] -> Match: 100.0%
 36%|███▌      | 179/500 [00:31<00:54,  5.90it/s]DEBUG: 3s7m Chain(s) ['A'] -> Match: 100.0%
 36%|███▌      | 180/500 [00:31<00:56,  5.64it/s]DEBUG: 3skf Chain(s) ['A', 'B'] -> Match: 89.9%
 36%|███▌      | 181/500 [00:31<00:54,  5.80it/s]DEBUG: 3skg Chain(s) ['A', 'B', 'D', 'E'] -> Match: 89.9%
 36%|███▋      | 182/500 [00:31<00:56,  5.60it/s]DEBUG: 3tpj Chain(s) ['A'] -> Match: 94.0%
[07:58:36] [mem] running 2_SQchk.py parent=98.5MB child_tree=87.6MB combined=186.1MB
 37%|███▋      | 183/500 [00:32<00:54,  5.78it/s]DEBUG: 3tpl Chain(s) ['A', 'B', 'C'] -> Match: 94.0%
 37%|███▋      | 184/500 [00:32<00:56,  5.62it/s]DEBUG: 3tpp Chain(s) ['A'] -> Match: 94.0%
 37%|███▋      | 185/500 [00:32<00:54,  5.83it/s]DEBUG: 3tpr Chain(s) ['A'] -> Match: 94.5%
 37%|███▋      | 186/500 [00:32<00:55,  5.68it/s]DEBUG: 3u6a Chain(s) ['A', 'B', 'C'] -> Match: 99.7%
 37%|███▋      | 187/500 [00:32<00:53,  5.83it/s]DEBUG: 3udh Chain(s) ['A'] -> Match: 99.5%
 38%|███▊      | 188/500 [00:33<00:55,  5.62it/s]DEBUG: 3udj Chain(s) ['A'] -> Match: 99.5%
 38%|███▊      | 189/500 [00:33<00:53,  5.81it/s]DEBUG: 3udk Chain(s) ['A'] -> Match: 99.5%
 38%|███▊      | 190/500 [00:33<00:55,  5.54it/s]DEBUG: 3udm Chain(s) ['A'] -> Match: 99.5%
 38%|███▊      | 191/500 [00:33<00:53,  5.83it/s]DEBUG: 3udn Chain(s) ['A'] -> Match: 99.5%
 38%|███▊      | 192/500 [00:33<00:55,  5.53it/s]DEBUG: 3udp Chain(s) ['A'] -> Match: 99.5%
 39%|███▊      | 193/500 [00:33<00:52,  5.82it/s]DEBUG: 3udq Chain(s) ['A'] -> Match: 99.5%
 39%|███▉      | 194/500 [00:34<00:55,  5.56it/s]DEBUG: 3udr Chain(s) ['A'] -> Match: 99.5%
 39%|███▉      | 195/500 [00:34<00:52,  5.82it/s]DEBUG: 3udy Chain(s) ['A'] -> Match: 99.5%
 39%|███▉      | 196/500 [00:34<00:54,  5.59it/s]DEBUG: 3ufl Chain(s) ['A'] -> Match: 100.0%
 39%|███▉      | 197/500 [00:34<00:51,  5.86it/s]DEBUG: 3uqp Chain(s) ['A'] -> Match: 94.0%
DEBUG: 3uqp Chain(s) ['B'] -> Match: 62.5%
 40%|███▉      | 198/500 [00:34<00:54,  5.53it/s]DEBUG: 3uqr Chain(s) ['A', 'B', 'C'] -> Match: 94.5%
DEBUG: 3uqr Chain(s) ['D', 'E', 'F'] -> Match: 57.1%
 40%|███▉      | 199/500 [00:34<00:51,  5.82it/s]DEBUG: 3uqu Chain(s) ['A'] -> Match: 94.0%
 40%|████      | 200/500 [00:35<00:54,  5.54it/s]DEBUG: 3uqw Chain(s) ['A'] -> Match: 94.0%
 40%|████      | 201/500 [00:35<00:51,  5.86it/s]DEBUG: 3uqx Chain(s) ['A'] -> Match: 94.0%
 40%|████      | 202/500 [00:35<00:53,  5.56it/s]DEBUG: 3veu Chain(s) ['A'] -> Match: 99.5%
 41%|████      | 203/500 [00:35<00:50,  5.87it/s]DEBUG: 3vf3 Chain(s) ['A'] -> Match: 99.5%
 41%|████      | 204/500 [00:35<00:53,  5.58it/s]DEBUG: 3vg1 Chain(s) ['A'] -> Match: 99.5%
 41%|████      | 205/500 [00:35<00:50,  5.89it/s]DEBUG: 3vv6 Chain(s) ['A'] -> Match: 98.3%
 41%|████      | 206/500 [00:36<00:53,  5.54it/s]DEBUG: 3vv7 Chain(s) ['A'] -> Match: 98.3%
 41%|████▏     | 207/500 [00:36<00:49,  5.93it/s]DEBUG: 3vv8 Chain(s) ['A'] -> Match: 98.3%
 42%|████▏     | 208/500 [00:36<00:53,  5.50it/s]DEBUG: 3wb4 Chain(s) ['A'] -> Match: 98.3%
 42%|████▏     | 209/500 [00:36<00:49,  5.89it/s]DEBUG: 3wb5 Chain(s) ['A'] -> Match: 98.3%
 42%|████▏     | 210/500 [00:36<00:52,  5.50it/s]DEBUG: 3zkg Chain(s) ['A', 'B'] -> Match: 60.4%
 42%|████▏     | 211/500 [00:37<00:48,  5.93it/s]DEBUG: 3zki Chain(s) ['A', 'B'] -> Match: 60.4%
 42%|████▏     | 212/500 [00:37<00:51,  5.54it/s]DEBUG: 3zkm Chain(s) ['A', 'B'] -> Match: 60.6%
DEBUG: 3zkm Chain(s) ['C', 'H'] -> Match: 50.7%
DEBUG: 3zkm Chain(s) ['D', 'L'] -> Match: 49.1%
 43%|████▎     | 213/500 [00:37<00:48,  5.86it/s]DEBUG: 3zkn Chain(s) ['A', 'B'] -> Match: 60.6%
[07:58:42] [mem] running 2_SQchk.py parent=98.5MB child_tree=87.6MB combined=186.1MB
DEBUG: 3zkn Chain(s) ['C', 'H'] -> Match: 50.7%
DEBUG: 3zkn Chain(s) ['D', 'L'] -> Match: 49.1%
 43%|████▎     | 214/500 [00:37<00:52,  5.50it/s]DEBUG: 3zkq Chain(s) ['A'] -> Match: 60.6%
DEBUG: 3zkq Chain(s) ['D'] -> Match: 63.9%
 43%|████▎     | 215/500 [00:37<00:47,  5.95it/s]DEBUG: 3zks Chain(s) ['A'] -> Match: 60.6%
DEBUG: 3zks Chain(s) ['D'] -> Match: 63.9%
 43%|████▎     | 216/500 [00:37<00:51,  5.54it/s]DEBUG: 3zkx Chain(s) ['A'] -> Match: 60.4%
DEBUG: 3zkx Chain(s) ['B'] -> Match: 63.9%
DEBUG: 3zkx Chain(s) ['C'] -> Match: 63.1%
 43%|████▎     | 217/500 [00:38<00:47,  5.92it/s]DEBUG: 3zl7 Chain(s) ['A'] -> Match: 60.4%
DEBUG: 3zl7 Chain(s) ['C'] -> Match: 77.3%
 44%|████▎     | 218/500 [00:38<00:50,  5.58it/s]DEBUG: 3zlq Chain(s) ['A', 'B'] -> Match: 60.4%
DEBUG: 3zlq Chain(s) ['C', 'D'] -> Match: 63.9%
 44%|████▍     | 219/500 [00:38<00:47,  5.92it/s]DEBUG: 3zmg Chain(s) ['A'] -> Match: 99.8%
 44%|████▍     | 220/500 [00:38<00:50,  5.57it/s]DEBUG: 3zov Chain(s) ['A'] -> Match: 99.8%
 44%|████▍     | 221/500 [00:38<00:46,  6.01it/s]DEBUG: 4acu Chain(s) ['A'] -> Match: 98.8%
 44%|████▍     | 222/500 [00:38<00:49,  5.57it/s]DEBUG: 4acx Chain(s) ['A'] -> Match: 98.8%
 45%|████▍     | 223/500 [00:39<00:45,  6.03it/s]DEBUG: 4azy Chain(s) ['A'] -> Match: 98.8%
 45%|████▍     | 224/500 [00:39<00:49,  5.52it/s]DEBUG: 4b00 Chain(s) ['A'] -> Match: 98.8%
 45%|████▌     | 225/500 [00:39<00:45,  6.05it/s]DEBUG: 4b05 Chain(s) ['A'] -> Match: 98.8%
 45%|████▌     | 226/500 [00:39<00:49,  5.52it/s]DEBUG: 4b0q Chain(s) ['A'] -> Match: 100.0%
 45%|████▌     | 227/500 [00:39<00:45,  6.00it/s]DEBUG: 4b1c Chain(s) ['A'] -> Match: 99.5%
 46%|████▌     | 228/500 [00:40<00:49,  5.55it/s]DEBUG: 4b1d Chain(s) ['A'] -> Match: 100.0%
 46%|████▌     | 229/500 [00:40<00:45,  6.00it/s]DEBUG: 4b1e Chain(s) ['A'] -> Match: 100.0%
 46%|████▌     | 230/500 [00:40<00:48,  5.52it/s]DEBUG: 4b70 Chain(s) ['A'] -> Match: 100.0%
 46%|████▌     | 231/500 [00:40<00:44,  6.00it/s]DEBUG: 4b72 Chain(s) ['A'] -> Match: 100.0%
 46%|████▋     | 232/500 [00:40<00:47,  5.59it/s]DEBUG: 4b77 Chain(s) ['A'] -> Match: 100.0%
 47%|████▋     | 233/500 [00:40<00:44,  5.96it/s]DEBUG: 4b78 Chain(s) ['A'] -> Match: 100.0%
 47%|████▋     | 234/500 [00:41<00:47,  5.60it/s]DEBUG: 4bek Chain(s) ['A'] -> Match: 99.8%
 47%|████▋     | 235/500 [00:41<00:44,  5.95it/s]DEBUG: 4bel Chain(s) ['A', 'B'] -> Match: 60.6%
DEBUG: 4bel Chain(s) ['D', 'E'] -> Match: 63.9%
 47%|████▋     | 236/500 [00:41<00:47,  5.55it/s]DEBUG: 4bfb Chain(s) ['A', 'B'] -> Match: 60.6%
DEBUG: 4bfb Chain(s) ['D', 'E'] -> Match: 63.9%
 47%|████▋     | 237/500 [00:41<00:43,  5.99it/s]DEBUG: 4bfd Chain(s) ['A'] -> Match: 99.8%
 48%|████▊     | 238/500 [00:41<00:47,  5.54it/s]DEBUG: 4d83 Chain(s) ['A', 'B', 'C'] -> Match: 99.5%
 48%|████▊     | 239/500 [00:41<00:43,  5.98it/s]DEBUG: 4d85 Chain(s) ['A'] -> Match: 99.5%
 48%|████▊     | 240/500 [00:42<00:47,  5.50it/s]DEBUG: 4d88 Chain(s) ['A'] -> Match: 99.5%
 48%|████▊     | 241/500 [00:42<00:43,  5.97it/s]DEBUG: 4d89 Chain(s) ['A'] -> Match: 99.5%
 48%|████▊     | 242/500 [00:42<00:46,  5.51it/s]DEBUG: 4d8c Chain(s) ['A', 'B', 'C'] -> Match: 99.5%
 49%|████▊     | 243/500 [00:42<00:43,  5.91it/s]DEBUG: 4dh6 Chain(s) ['A'] -> Match: 98.8%
 49%|████▉     | 244/500 [00:42<00:46,  5.54it/s]DEBUG: 4di2 Chain(s) ['A', 'B', 'C'] -> Match: 98.8%
 49%|████▉     | 245/500 [00:42<00:42,  5.95it/s]DEBUG: 4dju Chain(s) ['A', 'B'] -> Match: 98.8%
[07:58:47] [mem] running 2_SQchk.py parent=98.5MB child_tree=87.6MB combined=186.1MB
 49%|████▉     | 246/500 [00:43<00:45,  5.56it/s]DEBUG: 4djv Chain(s) ['A', 'B'] -> Match: 98.8%
 49%|████▉     | 247/500 [00:43<00:42,  5.95it/s]DEBUG: 4djw Chain(s) ['A', 'B'] -> Match: 98.8%
 50%|████▉     | 248/500 [00:43<00:45,  5.58it/s]DEBUG: 4djx Chain(s) ['A', 'B'] -> Match: 98.8%
 50%|████▉     | 249/500 [00:43<00:42,  5.93it/s]DEBUG: 4djy Chain(s) ['A', 'B'] -> Match: 98.8%
 50%|█████     | 250/500 [00:43<00:44,  5.64it/s]DEBUG: 4dpf Chain(s) ['A'] -> Match: 99.7%
 50%|█████     | 251/500 [00:43<00:41,  5.99it/s]DEBUG: 4dpi Chain(s) ['A'] -> Match: 99.7%
 50%|█████     | 252/500 [00:44<00:44,  5.60it/s]DEBUG: 4dus Chain(s) ['A'] -> Match: 98.8%
 51%|█████     | 253/500 [00:44<00:41,  5.89it/s]DEBUG: 4dv9 Chain(s) ['A'] -> Match: 94.0%
DEBUG: 4dv9 Chain(s) ['B'] -> Match: 75.0%
 51%|█████     | 254/500 [00:44<00:44,  5.58it/s]DEBUG: 4dvf Chain(s) ['A', 'B'] -> Match: 94.0%
DEBUG: 4dvf Chain(s) ['C', 'D'] -> Match: 57.1%
 51%|█████     | 255/500 [00:44<00:42,  5.82it/s]DEBUG: 4ewo Chain(s) ['A'] -> Match: 100.0%
 51%|█████     | 256/500 [00:44<00:43,  5.64it/s]DEBUG: 4exg Chain(s) ['A'] -> Match: 100.0%
 51%|█████▏    | 257/500 [00:45<00:41,  5.80it/s]DEBUG: 4fco Chain(s) ['A'] -> Match: 94.0%
 52%|█████▏    | 258/500 [00:45<00:42,  5.64it/s]DEBUG: 4fgx Chain(s) ['A'] -> Match: 94.0%
DEBUG: 4fgx Chain(s) ['B'] -> Match: 71.4%
 52%|█████▏    | 259/500 [00:45<00:41,  5.76it/s]DEBUG: 4fm7 Chain(s) ['A'] -> Match: 99.5%
 52%|█████▏    | 260/500 [00:45<00:42,  5.63it/s]DEBUG: 4fm8 Chain(s) ['A'] -> Match: 99.5%
 52%|█████▏    | 261/500 [00:45<00:41,  5.73it/s]DEBUG: 4fri Chain(s) ['A'] -> Match: 98.8%
 52%|█████▏    | 262/500 [00:45<00:41,  5.72it/s]DEBUG: 4frj Chain(s) ['A'] -> Match: 98.8%
 53%|█████▎    | 263/500 [00:46<00:41,  5.74it/s]DEBUG: 4frk Chain(s) ['A'] -> Match: 98.8%
 53%|█████▎    | 264/500 [00:46<00:41,  5.73it/s]DEBUG: 4frs Chain(s) ['A', 'B'] -> Match: 100.0%
 53%|█████▎    | 265/500 [00:46<00:40,  5.78it/s]DEBUG: 4fs4 Chain(s) ['A', 'B'] -> Match: 100.0%
 53%|█████▎    | 266/500 [00:46<00:41,  5.69it/s]DEBUG: 4fse Chain(s) ['A', 'B', 'D', 'E'] -> Match: 89.9%
 53%|█████▎    | 267/500 [00:46<00:40,  5.72it/s]DEBUG: 4fsl Chain(s) ['A', 'B', 'D', 'E'] -> Match: 98.8%
 54%|█████▎    | 268/500 [00:46<00:41,  5.65it/s]DEBUG: 4gid Chain(s) ['A', 'B', 'C', 'D'] -> Match: 100.0%
 54%|█████▍    | 269/500 [00:47<00:40,  5.74it/s]DEBUG: 4gmi Chain(s) ['A'] -> Match: 99.7%
 54%|█████▍    | 270/500 [00:47<00:40,  5.72it/s]DEBUG: 4h1e Chain(s) ['A', 'B'] -> Match: 98.8%
 54%|█████▍    | 271/500 [00:47<00:40,  5.70it/s]DEBUG: 4h3f Chain(s) ['A', 'B'] -> Match: 98.8%
 54%|█████▍    | 272/500 [00:47<00:39,  5.74it/s]DEBUG: 4h3g Chain(s) ['A', 'B'] -> Match: 98.8%
 55%|█████▍    | 273/500 [00:47<00:40,  5.64it/s]DEBUG: 4h3i Chain(s) ['A', 'B'] -> Match: 98.8%
 55%|█████▍    | 274/500 [00:48<00:40,  5.64it/s]DEBUG: 4h3j Chain(s) ['A', 'B'] -> Match: 98.8%
[07:58:52] [mem] running 2_SQchk.py parent=98.5MB child_tree=87.6MB combined=186.1MB
 55%|█████▌    | 275/500 [00:48<00:39,  5.71it/s]DEBUG: 4ha5 Chain(s) ['A', 'B'] -> Match: 98.8%
 55%|█████▌    | 276/500 [00:48<00:39,  5.64it/s]DEBUG: 4hzt Chain(s) ['A'] -> Match: 99.3%
 55%|█████▌    | 277/500 [00:48<00:39,  5.64it/s]DEBUG: 4i0d Chain(s) ['A'] -> Match: 99.3%
 56%|█████▌    | 278/500 [00:48<00:39,  5.66it/s]DEBUG: 4i0e Chain(s) ['A'] -> Match: 99.3%
 56%|█████▌    | 279/500 [00:48<00:38,  5.71it/s]DEBUG: 4i0f Chain(s) ['A'] -> Match: 99.3%
 56%|█████▌    | 280/500 [00:49<00:39,  5.62it/s]DEBUG: 4i0g Chain(s) ['A'] -> Match: 99.3%
 56%|█████▌    | 281/500 [00:49<00:38,  5.75it/s]DEBUG: 4i0h Chain(s) ['A', 'B', 'C'] -> Match: 99.3%
 56%|█████▋    | 282/500 [00:49<00:39,  5.58it/s]DEBUG: 4i0i Chain(s) ['A', 'B', 'C'] -> Match: 99.3%
 57%|█████▋    | 283/500 [00:49<00:38,  5.60it/s]DEBUG: 4i0j Chain(s) ['A'] -> Match: 99.3%
 57%|█████▋    | 284/500 [00:49<00:37,  5.69it/s]DEBUG: 4i0z Chain(s) ['A'] -> Match: 99.3%
 57%|█████▋    | 285/500 [00:49<00:38,  5.56it/s]DEBUG: 4i10 Chain(s) ['A'] -> Match: 99.3%
 57%|█████▋    | 286/500 [00:50<00:37,  5.72it/s]DEBUG: 4i11 Chain(s) ['A'] -> Match: 99.3%
 57%|█████▋    | 287/500 [00:50<00:38,  5.55it/s]DEBUG: 4i12 Chain(s) ['A'] -> Match: 99.3%
 58%|█████▊    | 288/500 [00:50<00:36,  5.76it/s]DEBUG: 4i1c Chain(s) ['A'] -> Match: 99.3%
 58%|█████▊    | 289/500 [00:50<00:38,  5.53it/s]DEBUG: 4i85 Chain(s) ['A', 'B'] -> Match: 63.8%
 58%|█████▊    | 290/500 [00:50<00:35,  5.91it/s]DEBUG: 4i87 Chain(s) ['A', 'B'] -> Match: 64.6%
 58%|█████▊    | 291/500 [00:51<00:36,  5.65it/s]DEBUG: 4ivs Chain(s) ['A'] -> Match: 94.0%
 58%|█████▊    | 292/500 [00:51<00:35,  5.90it/s]DEBUG: 4ivt Chain(s) ['A'] -> Match: 94.0%
 59%|█████▊    | 293/500 [00:51<00:37,  5.57it/s]DEBUG: 4j0p Chain(s) ['A'] -> Match: 99.8%
 59%|█████▉    | 294/500 [00:51<00:34,  5.90it/s]DEBUG: 4j0t Chain(s) ['A'] -> Match: 99.8%
 59%|█████▉    | 295/500 [00:51<00:36,  5.64it/s]DEBUG: 4j0v Chain(s) ['A'] -> Match: 99.8%
 59%|█████▉    | 296/500 [00:51<00:34,  5.89it/s]DEBUG: 4j0y Chain(s) ['A'] -> Match: 99.8%
 59%|█████▉    | 297/500 [00:52<00:35,  5.65it/s]DEBUG: 4j0z Chain(s) ['A'] -> Match: 99.8%
 60%|█████▉    | 298/500 [00:52<00:34,  5.84it/s]DEBUG: 4j17 Chain(s) ['A'] -> Match: 99.8%
 60%|█████▉    | 299/500 [00:52<00:35,  5.68it/s]DEBUG: 4j1c Chain(s) ['A'] -> Match: 99.8%
 60%|██████    | 300/500 [00:52<00:34,  5.83it/s]DEBUG: 4j1e Chain(s) ['A'] -> Match: 99.8%
 60%|██████    | 301/500 [00:52<00:34,  5.69it/s]DEBUG: 4j1f Chain(s) ['A'] -> Match: 99.8%
 60%|██████    | 302/500 [00:52<00:33,  5.84it/s]DEBUG: 4j1h Chain(s) ['A'] -> Match: 99.8%
 61%|██████    | 303/500 [00:53<00:34,  5.69it/s]DEBUG: 4j1k Chain(s) ['A'] -> Match: 99.8%
 61%|██████    | 304/500 [00:53<00:44,  4.41it/s]DEBUG: 4j1i Chain(s) ['A'] -> Match: 99.8%
DEBUG: 4joo Chain(s) ['A'] -> Match: 99.3%
[07:58:58] [mem] running 2_SQchk.py parent=98.5MB child_tree=87.6MB combined=186.1MB
 61%|██████    | 306/500 [00:53<00:39,  4.94it/s]DEBUG: 4jp9 Chain(s) ['A'] -> Match: 99.3%
DEBUG: 4jpc Chain(s) ['A'] -> Match: 99.3%
 62%|██████▏   | 308/500 [00:54<00:36,  5.19it/s]DEBUG: 4jpe Chain(s) ['A'] -> Match: 99.3%
DEBUG: 4k8s Chain(s) ['A', 'B', 'C'] -> Match: 100.0%
 62%|██████▏   | 310/500 [00:54<00:35,  5.36it/s]DEBUG: 4jtq Chain(s) ['A', 'B'] -> Match: 42.0%
DEBUG: 4ke0 Chain(s) ['A', 'B', 'C'] -> Match: 98.8%
 62%|██████▏   | 312/500 [00:54<00:34,  5.47it/s]DEBUG: 4k9h Chain(s) ['A', 'B', 'C'] -> Match: 100.0%
DEBUG: 4ke1 Chain(s) ['A'] -> Match: 98.8%
 63%|██████▎   | 314/500 [00:55<00:33,  5.55it/s]DEBUG: 4l1e Chain(s) ['A', 'C', 'E', 'G', 'I', 'K'] -> Match: 54.3%
DEBUG: 4l1e Chain(s) ['B', 'D', 'F', 'H', 'J', 'L'] -> Match: 55.2%
DEBUG: 4l7g Chain(s) ['A'] -> Match: 98.8%
 63%|██████▎   | 316/500 [00:55<00:32,  5.66it/s]DEBUG: 4l7h Chain(s) ['A'] -> Match: 98.8%
DEBUG: 4l7j Chain(s) ['A'] -> Match: 98.8%
 64%|██████▎   | 318/500 [00:55<00:32,  5.63it/s]DEBUG: 4lc7 Chain(s) ['A'] -> Match: 99.3%
DEBUG: 4lxa Chain(s) ['A', 'B', 'C'] -> Match: 99.5%
 64%|██████▍   | 320/500 [00:56<00:31,  5.63it/s]DEBUG: 4lxk Chain(s) ['A', 'B', 'C'] -> Match: 99.5%
DEBUG: 4lxm Chain(s) ['A', 'B', 'C'] -> Match: 99.5%
 64%|██████▍   | 322/500 [00:56<00:31,  5.62it/s]DEBUG: 4n00 Chain(s) ['A'] -> Match: 99.3%
DEBUG: 4pzw Chain(s) ['A'] -> Match: 99.3%
 65%|██████▍   | 324/500 [00:56<00:31,  5.64it/s]DEBUG: 4pzx Chain(s) ['A'] -> Match: 99.3%
DEBUG: 4r12 Chain(s) ['A'] -> Match: 29.7%
 65%|██████▌   | 326/500 [00:57<00:30,  5.73it/s]DEBUG: 4r5n Chain(s) ['A'] -> Match: 99.3%
DEBUG: 4r8y Chain(s) ['A', 'B'] -> Match: 98.8%
 66%|██████▌   | 328/500 [00:57<00:29,  5.74it/s]DEBUG: 4r91 Chain(s) ['A', 'B'] -> Match: 98.8%
DEBUG: 4r92 Chain(s) ['A', 'B'] -> Match: 98.8%
 66%|██████▌   | 330/500 [00:58<00:29,  5.76it/s]DEBUG: 4r93 Chain(s) ['A', 'B'] -> Match: 98.8%
DEBUG: 4r95 Chain(s) ['A', 'B'] -> Match: 98.8%
 66%|██████▋   | 332/500 [00:58<00:29,  5.76it/s]DEBUG: 4rcd Chain(s) ['A'] -> Match: 98.8%
DEBUG: 4rce Chain(s) ['A'] -> Match: 98.8%
 67%|██████▋   | 334/500 [00:58<00:28,  5.77it/s]DEBUG: 4rcf Chain(s) ['A'] -> Match: 98.8%
DEBUG: 4rrn Chain(s) ['A'] -> Match: 99.3%
 67%|██████▋   | 336/500 [00:59<00:28,  5.74it/s]DEBUG: 4rro Chain(s) ['A'] -> Match: 99.3%
DEBUG: 4rrs Chain(s) ['A'] -> Match: 99.3%
[07:59:04] [mem] running 2_SQchk.py parent=98.5MB child_tree=87.6MB combined=186.1MB
 68%|██████▊   | 338/500 [00:59<00:28,  5.69it/s]DEBUG: 4trw Chain(s) ['A', 'B', 'C'] -> Match: 100.0%
DEBUG: 4trw Chain(s) ['D', 'E', 'F'] -> Match: 75.0%
DEBUG: 4try Chain(s) ['A', 'B', 'C'] -> Match: 100.0%
DEBUG: 4try Chain(s) ['D', 'E', 'F'] -> Match: 75.0%
 68%|██████▊   | 340/500 [00:59<00:32,  4.87it/s]DEBUG: 4trz Chain(s) ['A', 'B', 'C'] -> Match: 100.0%
DEBUG: 4trz Chain(s) ['D', 'E', 'F'] -> Match: 75.0%
DEBUG: 4wtu Chain(s) ['A'] -> Match: 98.8%
 68%|██████▊   | 342/500 [01:00<00:31,  5.09it/s]DEBUG: 4uis Chain(s) ['A'] -> Match: 28.6%
DEBUG: 4uis Chain(s) ['B'] -> Match: 27.4%
DEBUG: 4uis Chain(s) ['G'] -> Match: 58.0%
DEBUG: 4wy1 Chain(s) ['A'] -> Match: 99.5%
 69%|██████▉   | 344/500 [01:00<00:29,  5.26it/s]DEBUG: 4wy6 Chain(s) ['A'] -> Match: 100.0%
DEBUG: 4x2l Chain(s) ['A'] -> Match: 100.0%
 69%|██████▉   | 346/500 [01:01<00:28,  5.35it/s]DEBUG: 4x7i Chain(s) ['A', 'B'] -> Match: 92.5%
DEBUG: 4xkx Chain(s) ['A'] -> Match: 98.8%
 70%|██████▉   | 348/500 [01:01<00:27,  5.46it/s]DEBUG: 4xxs Chain(s) ['A'] -> Match: 100.0%
DEBUG: 4ybi Chain(s) ['A', 'B'] -> Match: 92.5%
 70%|███████   | 350/500 [01:01<00:27,  5.51it/s]DEBUG: 4zpe Chain(s) ['A'] -> Match: 98.5%
DEBUG: 4zpf Chain(s) ['A'] -> Match: 98.5%
 70%|███████   | 352/500 [01:02<00:26,  5.59it/s]DEBUG: 4zpg Chain(s) ['A'] -> Match: 98.5%
DEBUG: 4zsm Chain(s) ['A', 'B'] -> Match: 92.5%
 71%|███████   | 354/500 [01:02<00:25,  5.63it/s]DEBUG: 4zsp Chain(s) ['A', 'B'] -> Match: 92.5%
DEBUG: 4zsq Chain(s) ['A', 'B'] -> Match: 92.5%
 71%|███████   | 356/500 [01:02<00:25,  5.63it/s]DEBUG: 4zsr Chain(s) ['A', 'B'] -> Match: 92.5%
DEBUG: 5a63 Chain(s) ['A'] -> Match: 27.8%
DEBUG: 5a63 Chain(s) ['B'] -> Match: 33.8%
DEBUG: 5a63 Chain(s) ['C'] -> Match: 44.5%
DEBUG: 5a63 Chain(s) ['D'] -> Match: 67.3%
 72%|███████▏  | 358/500 [01:03<00:25,  5.63it/s]DEBUG: 5clm Chain(s) ['A'] -> Match: 99.5%
DEBUG: 5dqc Chain(s) ['A', 'B', 'C'] -> Match: 100.0%
 72%|███████▏  | 360/500 [01:03<00:24,  5.68it/s]DEBUG: 5enk Chain(s) ['A'] -> Match: 89.9%
DEBUG: 5enm Chain(s) ['A'] -> Match: 89.9%
 72%|███████▏  | 362/500 [01:03<00:24,  5.66it/s]DEBUG: 5ezx Chain(s) ['A'] -> Match: 99.7%
DEBUG: 5ezz Chain(s) ['A'] -> Match: 99.7%
 73%|███████▎  | 364/500 [01:04<00:24,  5.63it/s]DEBUG: 5f00 Chain(s) ['A'] -> Match: 99.7%
DEBUG: 5f01 Chain(s) ['A'] -> Match: 99.7%
 73%|███████▎  | 366/500 [01:04<00:23,  5.68it/s]DEBUG: 5fn2 Chain(s) ['A'] -> Match: 27.8%
[07:59:09] [mem] running 2_SQchk.py parent=98.5MB child_tree=87.8MB combined=186.3MB
DEBUG: 5fn2 Chain(s) ['B'] -> Match: 33.8%
DEBUG: 5fn2 Chain(s) ['C'] -> Match: 44.5%
DEBUG: 5fn2 Chain(s) ['D'] -> Match: 67.3%
 73%|███████▎  | 367/500 [01:04<00:24,  5.42it/s]DEBUG: 5fn3 Chain(s) ['A'] -> Match: 27.8%
DEBUG: 5fn3 Chain(s) ['B'] -> Match: 33.8%
DEBUG: 5fn3 Chain(s) ['C'] -> Match: 44.5%
DEBUG: 5fn3 Chain(s) ['D'] -> Match: 67.3%
DEBUG: 5fn3 Chain(s) ['G'] -> Match: 100.0%
 74%|███████▎  | 368/500 [01:04<00:22,  5.79it/s]DEBUG: 5fn4 Chain(s) ['A'] -> Match: 27.8%
DEBUG: 5fn4 Chain(s) ['B'] -> Match: 33.8%
DEBUG: 5fn4 Chain(s) ['C'] -> Match: 44.5%
DEBUG: 5fn4 Chain(s) ['D'] -> Match: 67.3%
DEBUG: 5fn4 Chain(s) ['G'] -> Match: 96.0%
 74%|███████▍  | 369/500 [01:05<00:24,  5.39it/s]DEBUG: 5fn5 Chain(s) ['A'] -> Match: 27.8%
DEBUG: 5fn5 Chain(s) ['B'] -> Match: 33.8%
DEBUG: 5fn5 Chain(s) ['C'] -> Match: 44.5%
DEBUG: 5fn5 Chain(s) ['D'] -> Match: 67.3%
 74%|███████▍  | 370/500 [01:05<00:22,  5.83it/s]DEBUG: 5hd0 Chain(s) ['A', 'B'] -> Match: 98.8%
 74%|███████▍  | 371/500 [01:05<00:23,  5.42it/s]DEBUG: 5hdu Chain(s) ['A', 'B'] -> Match: 98.8%
 74%|███████▍  | 372/500 [01:05<00:21,  5.94it/s]DEBUG: 5hdv Chain(s) ['A', 'B'] -> Match: 98.8%
 75%|███████▍  | 373/500 [01:05<00:23,  5.44it/s]DEBUG: 5hdx Chain(s) ['A', 'B'] -> Match: 98.8%
 75%|███████▍  | 374/500 [01:05<00:20,  6.03it/s]DEBUG: 5hdz Chain(s) ['A', 'B'] -> Match: 98.8%
 75%|███████▌  | 375/500 [01:06<00:22,  5.50it/s]DEBUG: 5he4 Chain(s) ['A', 'B'] -> Match: 98.8%
 75%|███████▌  | 376/500 [01:06<00:20,  6.04it/s]DEBUG: 5he5 Chain(s) ['A', 'B'] -> Match: 98.8%
 75%|███████▌  | 377/500 [01:06<00:22,  5.50it/s]DEBUG: 5he7 Chain(s) ['A', 'B'] -> Match: 98.8%
 76%|███████▌  | 378/500 [01:06<00:20,  6.05it/s]DEBUG: 5htz Chain(s) ['A', 'B'] -> Match: 99.3%
 76%|███████▌  | 379/500 [01:06<00:22,  5.48it/s]DEBUG: 5hu0 Chain(s) ['A', 'B'] -> Match: 99.3%
 76%|███████▌  | 380/500 [01:06<00:19,  6.07it/s]DEBUG: 5hu1 Chain(s) ['A', 'B'] -> Match: 99.3%
 76%|███████▌  | 381/500 [01:07<00:21,  5.49it/s]DEBUG: 5i3v Chain(s) ['A'] -> Match: 98.8%
 76%|███████▋  | 382/500 [01:07<00:19,  6.02it/s]DEBUG: 5i3w Chain(s) ['A'] -> Match: 98.8%
 77%|███████▋  | 383/500 [01:07<00:21,  5.45it/s]DEBUG: 5i3x Chain(s) ['A'] -> Match: 98.8%
 77%|███████▋  | 384/500 [01:07<00:19,  6.00it/s]DEBUG: 5i3y Chain(s) ['A'] -> Match: 98.8%
 77%|███████▋  | 385/500 [01:07<00:20,  5.52it/s]DEBUG: 5ie1 Chain(s) ['A'] -> Match: 98.8%
 77%|███████▋  | 386/500 [01:08<00:18,  6.01it/s]DEBUG: 5kqf Chain(s) ['A'] -> Match: 89.9%
 77%|███████▋  | 387/500 [01:08<00:20,  5.47it/s]DEBUG: 5kr8 Chain(s) ['A'] -> Match: 89.9%
 78%|███████▊  | 388/500 [01:08<00:18,  5.95it/s]DEBUG: 5mbw Chain(s) ['A'] -> Match: 100.0%
DEBUG: 5mbw Chain(s) ['B'] -> Match: 80.0%
 78%|███████▊  | 389/500 [01:08<00:20,  5.49it/s]DEBUG: 5mco Chain(s) ['A'] -> Match: 99.8%
DEBUG: 5mco Chain(s) ['B'] -> Match: 92.3%
 78%|███████▊  | 390/500 [01:08<00:18,  5.95it/s]DEBUG: 5mcq Chain(s) ['A'] -> Match: 100.0%
DEBUG: 5mcq Chain(s) ['D'] -> Match: 90.9%
 78%|███████▊  | 391/500 [01:08<00:20,  5.42it/s]DEBUG: 5mxd Chain(s) ['A', 'B', 'C'] -> Match: 92.4%
 78%|███████▊  | 392/500 [01:09<00:18,  5.94it/s]DEBUG: 5qco Chain(s) ['A', 'B', 'C'] -> Match: 99.5%
 79%|███████▊  | 393/500 [01:09<00:19,  5.49it/s]DEBUG: 5qcp Chain(s) ['A', 'B', 'C'] -> Match: 99.5%
 79%|███████▉  | 394/500 [01:09<00:17,  5.94it/s]DEBUG: 5qcq Chain(s) ['A', 'B', 'C'] -> Match: 99.5%
 79%|███████▉  | 395/500 [01:09<00:18,  5.53it/s]DEBUG: 5qcr Chain(s) ['A', 'B', 'C'] -> Match: 99.5%
 79%|███████▉  | 396/500 [01:09<00:17,  5.95it/s]DEBUG: 5qcs Chain(s) ['A', 'B', 'C'] -> Match: 99.5%
 79%|███████▉  | 397/500 [01:09<00:18,  5.60it/s]DEBUG: 5qct Chain(s) ['A', 'B', 'C'] -> Match: 99.5%
[07:59:14] [mem] running 2_SQchk.py parent=98.5MB child_tree=87.8MB combined=186.3MB
 80%|███████▉  | 398/500 [01:10<00:17,  5.76it/s]DEBUG: 5qcu Chain(s) ['A', 'B', 'C'] -> Match: 99.5%
 80%|███████▉  | 399/500 [01:10<00:17,  5.65it/s]DEBUG: 5qcv Chain(s) ['A', 'B', 'C'] -> Match: 99.5%
 80%|████████  | 400/500 [01:10<00:17,  5.78it/s]DEBUG: 5qcw Chain(s) ['A', 'B', 'C'] -> Match: 99.5%
 80%|████████  | 401/500 [01:10<00:17,  5.66it/s]DEBUG: 5qcx Chain(s) ['A', 'B', 'C'] -> Match: 99.5%
 80%|████████  | 402/500 [01:10<00:17,  5.75it/s]DEBUG: 5qcy Chain(s) ['A', 'B', 'C'] -> Match: 99.5%
 81%|████████  | 403/500 [01:11<00:17,  5.65it/s]DEBUG: 5qcz Chain(s) ['A', 'B', 'C'] -> Match: 99.5%
 81%|████████  | 404/500 [01:11<00:16,  5.78it/s]DEBUG: 5qd0 Chain(s) ['A', 'B', 'C'] -> Match: 99.5%
 81%|████████  | 405/500 [01:11<00:16,  5.67it/s]DEBUG: 5qd1 Chain(s) ['A', 'B', 'C'] -> Match: 99.5%
 81%|████████  | 406/500 [01:11<00:16,  5.77it/s]DEBUG: 5qd2 Chain(s) ['A', 'B', 'C'] -> Match: 99.5%
 81%|████████▏ | 407/500 [01:11<00:16,  5.65it/s]DEBUG: 5qd4 Chain(s) ['A', 'B', 'C'] -> Match: 99.5%
 82%|████████▏ | 408/500 [01:12<00:21,  4.38it/s]DEBUG: 5qd3 Chain(s) ['A', 'B', 'C'] -> Match: 99.5%
DEBUG: 5qd5 Chain(s) ['A', 'B', 'C'] -> Match: 99.5%
 82%|████████▏ | 410/500 [01:12<00:18,  4.96it/s]DEBUG: 5qd6 Chain(s) ['A', 'B', 'C'] -> Match: 99.5%
DEBUG: 5qd7 Chain(s) ['A', 'B', 'C'] -> Match: 99.5%
 82%|████████▏ | 412/500 [01:12<00:16,  5.24it/s]DEBUG: 5qd8 Chain(s) ['A', 'B', 'C'] -> Match: 99.5%
DEBUG: 5qd9 Chain(s) ['A', 'B', 'C'] -> Match: 99.5%
 83%|████████▎ | 414/500 [01:13<00:15,  5.39it/s]DEBUG: 5qda Chain(s) ['A', 'B', 'C'] -> Match: 99.5%
DEBUG: 5qdb Chain(s) ['A', 'B', 'C'] -> Match: 99.5%
 83%|████████▎ | 416/500 [01:13<00:15,  5.51it/s]DEBUG: 5qdc Chain(s) ['A', 'B', 'C'] -> Match: 99.5%
DEBUG: 5qdd Chain(s) ['A', 'B', 'C'] -> Match: 99.5%
 84%|████████▎ | 418/500 [01:13<00:14,  5.58it/s]DEBUG: 5t1u Chain(s) ['A'] -> Match: 100.0%
DEBUG: 5t1w Chain(s) ['A'] -> Match: 100.0%
 84%|████████▍ | 420/500 [01:14<00:14,  5.63it/s]DEBUG: 5tft Chain(s) ['A', 'B', 'C', 'D'] -> Match: 33.6%
DEBUG: 5tfu Chain(s) ['A', 'B', 'C', 'D'] -> Match: 33.6%
 84%|████████▍ | 422/500 [01:14<00:13,  5.62it/s]DEBUG: 5tol Chain(s) ['A'] -> Match: 98.8%
DEBUG: 5uyu Chain(s) ['A'] -> Match: 98.8%
 85%|████████▍ | 424/500 [01:14<00:13,  5.67it/s]DEBUG: 5v0n Chain(s) ['A', 'B', 'C'] -> Match: 92.7%
DEBUG: 5ygx Chain(s) ['A'] -> Match: 98.3%
[07:59:19] [mem] running 2_SQchk.py parent=98.5MB child_tree=87.8MB combined=186.3MB
 85%|████████▌ | 426/500 [01:15<00:13,  5.67it/s]DEBUG: 5ygy Chain(s) ['A'] -> Match: 98.3%
DEBUG: 6bfd Chain(s) ['A', 'B'] -> Match: 92.5%
 86%|████████▌ | 428/500 [01:15<00:12,  5.69it/s]DEBUG: 6bfe Chain(s) ['A', 'B'] -> Match: 92.5%
DEBUG: 6bfw Chain(s) ['A', 'B'] -> Match: 92.5%
 86%|████████▌ | 430/500 [01:15<00:12,  5.71it/s]DEBUG: 6bfx Chain(s) ['A', 'B'] -> Match: 92.5%
DEBUG: 6c2i Chain(s) ['A'] -> Match: 98.8%
 86%|████████▋ | 432/500 [01:16<00:11,  5.76it/s]DEBUG: 6dhc Chain(s) ['A', 'B', 'C'] -> Match: 92.7%
DEBUG: 6dmi Chain(s) ['A'] -> Match: 99.7%
 87%|████████▋ | 434/500 [01:16<00:11,  5.70it/s]DEBUG: 6e3z Chain(s) ['A', 'B', 'C'] -> Match: 92.4%
DEBUG: 6ej2 Chain(s) ['A'] -> Match: 81.6%
 87%|████████▋ | 436/500 [01:16<00:11,  5.71it/s]DEBUG: 6ej3 Chain(s) ['A'] -> Match: 81.8%
DEBUG: 6eqm Chain(s) ['A'] -> Match: 99.5%
 88%|████████▊ | 438/500 [01:17<00:10,  5.74it/s]DEBUG: 6fgy Chain(s) ['A'] -> Match: 99.7%
 88%|████████▊ | 439/500 [01:17<00:11,  5.44it/s]DEBUG: 6idf Chain(s) ['A'] -> Match: 27.8%
DEBUG: 6idf Chain(s) ['B'] -> Match: 33.8%
DEBUG: 6idf Chain(s) ['C'] -> Match: 44.5%
DEBUG: 6idf Chain(s) ['D'] -> Match: 67.3%
DEBUG: 6idf Chain(s) ['E'] -> Match: 62.0%
 88%|████████▊ | 440/500 [01:17<00:10,  5.71it/s]DEBUG: 6iyc Chain(s) ['A'] -> Match: 27.8%
DEBUG: 6iyc Chain(s) ['B'] -> Match: 33.8%
DEBUG: 6iyc Chain(s) ['C'] -> Match: 44.5%
DEBUG: 6iyc Chain(s) ['D'] -> Match: 67.3%
DEBUG: 6iyc Chain(s) ['E'] -> Match: 65.4%
 88%|████████▊ | 441/500 [01:17<00:10,  5.37it/s]DEBUG: 6jse Chain(s) ['A'] -> Match: 98.3%
 88%|████████▊ | 442/500 [01:18<00:09,  5.83it/s]DEBUG: 6jsf Chain(s) ['A'] -> Match: 98.3%
 89%|████████▊ | 443/500 [01:18<00:10,  5.41it/s]DEBUG: 6jsg Chain(s) ['A'] -> Match: 98.3%
 89%|████████▉ | 444/500 [01:18<00:09,  5.87it/s]DEBUG: 6jsn Chain(s) ['A'] -> Match: 98.3%
 89%|████████▉ | 445/500 [01:18<00:10,  5.45it/s]DEBUG: 6jsz Chain(s) ['A'] -> Match: 60.6%
DEBUG: 6jsz Chain(s) ['D'] -> Match: 64.9%
 89%|████████▉ | 446/500 [01:18<00:09,  5.93it/s]DEBUG: 6jt3 Chain(s) ['A'] -> Match: 98.3%
 89%|████████▉ | 447/500 [01:18<00:09,  5.45it/s]DEBUG: 6jt4 Chain(s) ['A'] -> Match: 98.3%
 90%|████████▉ | 448/500 [01:19<00:08,  5.97it/s]DEBUG: 6lqg Chain(s) ['A'] -> Match: 27.8%
DEBUG: 6lqg Chain(s) ['B'] -> Match: 33.8%
DEBUG: 6lqg Chain(s) ['C'] -> Match: 44.5%
DEBUG: 6lqg Chain(s) ['D'] -> Match: 55.9%
 90%|████████▉ | 449/500 [01:19<00:09,  5.29it/s]DEBUG: 6lr4 Chain(s) ['A'] -> Match: 27.8%
DEBUG: 6lr4 Chain(s) ['B'] -> Match: 33.8%
DEBUG: 6lr4 Chain(s) ['C'] -> Match: 44.5%
DEBUG: 6lr4 Chain(s) ['D'] -> Match: 55.9%
 90%|█████████ | 450/500 [01:19<00:08,  5.85it/s]DEBUG: 6nv7 Chain(s) ['A', 'B', 'C'] -> Match: 100.0%
 90%|█████████ | 451/500 [01:19<00:09,  5.32it/s]DEBUG: 6nv9 Chain(s) ['A', 'B', 'C'] -> Match: 100.0%
 90%|█████████ | 452/500 [01:19<00:08,  5.99it/s]DEBUG: 6nw3 Chain(s) ['A', 'B', 'C'] -> Match: 100.0%
 91%|█████████ | 453/500 [01:20<00:08,  5.37it/s]DEBUG: 6od6 Chain(s) ['A', 'B', 'C'] -> Match: 92.4%
 91%|█████████ | 454/500 [01:20<00:07,  5.98it/s]DEBUG: 6pz4 Chain(s) ['A'] -> Match: 99.3%
 91%|█████████ | 455/500 [01:20<00:08,  5.39it/s]DEBUG: 6r6i Chain(s) ['A', 'B'] -> Match: 58.5%
 91%|█████████ | 456/500 [01:20<00:07,  6.15it/s]DEBUG: 6uj0 Chain(s) ['A', 'B'] -> Match: 52.4%
[07:59:25] [mem] running 2_SQchk.py parent=98.6MB child_tree=87.8MB combined=186.4MB
 91%|█████████▏| 457/500 [01:20<00:07,  5.43it/s]DEBUG: 6uj1 Chain(s) ['A', 'B'] -> Match: 52.4%
 92%|█████████▏| 458/500 [01:20<00:06,  6.18it/s]DEBUG: 6uvp Chain(s) ['A', 'B'] -> Match: 92.5%
 92%|█████████▏| 459/500 [01:21<00:07,  5.30it/s]DEBUG: 6uvv Chain(s) ['A', 'B'] -> Match: 92.5%
DEBUG: 6uwp Chain(s) ['A', 'B'] -> Match: 92.5%
 92%|█████████▏| 461/500 [01:21<00:07,  4.91it/s]DEBUG: 6uvy Chain(s) ['A', 'B'] -> Match: 92.5%
 92%|█████████▏| 462/500 [01:21<00:07,  5.42it/s]DEBUG: 6uwv Chain(s) ['A', 'B'] -> Match: 92.5%
 93%|█████████▎| 463/500 [01:21<00:07,  5.14it/s]DEBUG: 6wny Chain(s) ['A'] -> Match: 98.8%
 93%|█████████▎| 464/500 [01:21<00:06,  5.74it/s]DEBUG: 7b1e Chain(s) ['A'] -> Match: 99.5%
 93%|█████████▎| 465/500 [01:22<00:06,  5.25it/s]DEBUG: 7b1p Chain(s) ['A'] -> Match: 99.5%
 93%|█████████▎| 466/500 [01:22<00:05,  5.87it/s]DEBUG: 7b1q Chain(s) ['A'] -> Match: 99.5%
 93%|█████████▎| 467/500 [01:22<00:06,  5.34it/s]DEBUG: 7c9i Chain(s) ['A'] -> Match: 27.8%
DEBUG: 7c9i Chain(s) ['B'] -> Match: 33.8%
DEBUG: 7c9i Chain(s) ['C'] -> Match: 44.5%
DEBUG: 7c9i Chain(s) ['D'] -> Match: 55.9%
 94%|█████████▎| 468/500 [01:22<00:05,  5.81it/s]DEBUG: 7d2v Chain(s) ['A'] -> Match: 98.3%
 94%|█████████▍| 469/500 [01:22<00:05,  5.39it/s]DEBUG: 7d2x Chain(s) ['A'] -> Match: 98.3%
 94%|█████████▍| 470/500 [01:23<00:05,  5.91it/s]DEBUG: 7d36 Chain(s) ['A'] -> Match: 98.3%
 94%|█████████▍| 471/500 [01:23<00:05,  5.41it/s]DEBUG: 7d5a Chain(s) ['A'] -> Match: 98.3%
 94%|█████████▍| 472/500 [01:23<00:04,  5.91it/s]DEBUG: 7d5b Chain(s) ['A'] -> Match: 60.6%
DEBUG: 7d5b Chain(s) ['D'] -> Match: 64.3%
 95%|█████████▍| 473/500 [01:23<00:04,  5.43it/s]DEBUG: 7d5u Chain(s) ['A'] -> Match: 60.6%
DEBUG: 7d5u Chain(s) ['D'] -> Match: 64.0%
 95%|█████████▍| 474/500 [01:23<00:04,  5.93it/s]DEBUG: 7d8x Chain(s) ['A'] -> Match: 27.8%
DEBUG: 7d8x Chain(s) ['B'] -> Match: 33.8%
DEBUG: 7d8x Chain(s) ['C'] -> Match: 44.5%
DEBUG: 7d8x Chain(s) ['D'] -> Match: 55.9%
 95%|█████████▌| 475/500 [01:23<00:04,  5.36it/s]DEBUG: 7dcz Chain(s) ['A'] -> Match: 98.3%
 95%|█████████▌| 476/500 [01:24<00:04,  5.93it/s]DEBUG: 7euv Chain(s) ['A'] -> Match: 62.4%
 95%|█████████▌| 477/500 [01:24<00:04,  5.51it/s]DEBUG: 7f1d Chain(s) ['A'] -> Match: 98.3%
 96%|█████████▌| 478/500 [01:24<00:05,  4.37it/s]DEBUG: 7f1g Chain(s) ['A'] -> Match: 60.6%
DEBUG: 7f1g Chain(s) ['D'] -> Match: 63.7%
DEBUG: 7myi Chain(s) ['A', 'B'] -> Match: 92.5%
 96%|█████████▌| 480/500 [01:25<00:04,  4.89it/s]DEBUG: 7myr Chain(s) ['A', 'B'] -> Match: 92.5%
DEBUG: 7myu Chain(s) ['A', 'B'] -> Match: 92.5%
 96%|█████████▋| 482/500 [01:25<00:03,  5.21it/s]DEBUG: 7n4n Chain(s) ['A'] -> Match: 60.6%
DEBUG: 7n4n Chain(s) ['D'] -> Match: 64.0%
DEBUG: 7n66 Chain(s) ['A'] -> Match: 98.3%
 97%|█████████▋| 484/500 [01:25<00:02,  5.37it/s]DEBUG: 7y5t Chain(s) ['A'] -> Match: 27.8%
DEBUG: 7y5t Chain(s) ['B'] -> Match: 33.8%
DEBUG: 7y5t Chain(s) ['C'] -> Match: 44.5%
DEBUG: 7y5t Chain(s) ['D'] -> Match: 67.3%
DEBUG: 7y5x Chain(s) ['A'] -> Match: 27.8%
DEBUG: 7y5x Chain(s) ['B'] -> Match: 34.6%
DEBUG: 7y5x Chain(s) ['C'] -> Match: 44.5%
DEBUG: 7y5x Chain(s) ['D'] -> Match: 67.3%
 97%|█████████▋| 486/500 [01:26<00:02,  5.44it/s]DEBUG: 7y5z Chain(s) ['A'] -> Match: 27.8%
DEBUG: 7y5z Chain(s) ['B'] -> Match: 34.6%
DEBUG: 7y5z Chain(s) ['C'] -> Match: 44.5%
DEBUG: 7y5z Chain(s) ['D'] -> Match: 67.3%
DEBUG: 8im7 Chain(s) ['A'] -> Match: 27.8%
[07:59:31] [mem] running 2_SQchk.py parent=98.6MB child_tree=87.8MB combined=186.4MB
DEBUG: 8im7 Chain(s) ['B'] -> Match: 33.8%
DEBUG: 8im7 Chain(s) ['C'] -> Match: 44.5%
DEBUG: 8im7 Chain(s) ['D'] -> Match: 67.3%
 98%|█████████▊| 488/500 [01:26<00:02,  5.50it/s]DEBUG: 8k8e Chain(s) ['A'] -> Match: 27.8%
DEBUG: 8k8e Chain(s) ['B'] -> Match: 33.8%
DEBUG: 8k8e Chain(s) ['C'] -> Match: 44.5%
DEBUG: 8k8e Chain(s) ['D'] -> Match: 67.3%
DEBUG: 8k8e Chain(s) ['H'] -> Match: 88.9%
DEBUG: 8kco Chain(s) ['A'] -> Match: 27.8%
DEBUG: 8kco Chain(s) ['B'] -> Match: 33.8%
DEBUG: 8kco Chain(s) ['C'] -> Match: 44.5%
DEBUG: 8kco Chain(s) ['D'] -> Match: 67.3%
 98%|█████████▊| 490/500 [01:26<00:01,  5.53it/s]DEBUG: 8kcp Chain(s) ['A'] -> Match: 27.8%
DEBUG: 8kcp Chain(s) ['B'] -> Match: 33.8%
DEBUG: 8kcp Chain(s) ['C'] -> Match: 44.5%
DEBUG: 8kcp Chain(s) ['D'] -> Match: 67.3%
DEBUG: 8kcs Chain(s) ['A'] -> Match: 27.8%
DEBUG: 8kcs Chain(s) ['B'] -> Match: 33.8%
DEBUG: 8kcs Chain(s) ['C'] -> Match: 44.5%
DEBUG: 8kcs Chain(s) ['D'] -> Match: 67.3%
 98%|█████████▊| 492/500 [01:27<00:01,  5.54it/s]DEBUG: 8kct Chain(s) ['A'] -> Match: 27.8%
DEBUG: 8kct Chain(s) ['C'] -> Match: 44.5%
DEBUG: 8kct Chain(s) ['D'] -> Match: 67.3%
DEBUG: 8kct Chain(s) ['B'] -> Match: 33.8%
 99%|█████████▊| 493/500 [01:27<00:01,  5.43it/s]DEBUG: 8kcu Chain(s) ['B'] -> Match: 33.8%
DEBUG: 8kcu Chain(s) ['A'] -> Match: 27.8%
DEBUG: 8kcu Chain(s) ['C'] -> Match: 44.5%
DEBUG: 8kcu Chain(s) ['D'] -> Match: 67.3%
 99%|█████████▉| 494/500 [01:27<00:01,  5.55it/s]DEBUG: 8oqy Chain(s) ['A'] -> Match: 27.6%
DEBUG: 8oqy Chain(s) ['B'] -> Match: 33.8%
DEBUG: 8oqy Chain(s) ['C'] -> Match: 44.7%
DEBUG: 8oqy Chain(s) ['D'] -> Match: 67.3%
 99%|█████████▉| 495/500 [01:27<00:00,  5.47it/s]DEBUG: 8oqz Chain(s) ['A'] -> Match: 27.6%
DEBUG: 8oqz Chain(s) ['B'] -> Match: 33.8%
DEBUG: 8oqz Chain(s) ['C'] -> Match: 44.7%
DEBUG: 8oqz Chain(s) ['D'] -> Match: 67.3%
 99%|█████████▉| 496/500 [01:27<00:00,  5.53it/s]DEBUG: 8x52 Chain(s) ['E'] -> Match: 65.0%
DEBUG: 8x52 Chain(s) ['A'] -> Match: 27.6%
DEBUG: 8x52 Chain(s) ['B'] -> Match: 34.0%
DEBUG: 8x52 Chain(s) ['C'] -> Match: 44.5%
DEBUG: 8x52 Chain(s) ['D'] -> Match: 67.3%
 99%|█████████▉| 497/500 [01:28<00:00,  5.50it/s]DEBUG: 8x53 Chain(s) ['A'] -> Match: 27.8%
DEBUG: 8x53 Chain(s) ['B'] -> Match: 33.8%
DEBUG: 8x53 Chain(s) ['C'] -> Match: 44.5%
DEBUG: 8x53 Chain(s) ['D'] -> Match: 55.9%
DEBUG: 8x53 Chain(s) ['E'] -> Match: 89.1%
100%|█████████▉| 498/500 [01:28<00:00,  5.50it/s]DEBUG: 8x54 Chain(s) ['E'] -> Match: 65.0%
DEBUG: 8x54 Chain(s) ['A'] -> Match: 27.6%
DEBUG: 8x54 Chain(s) ['B'] -> Match: 34.0%
DEBUG: 8x54 Chain(s) ['C'] -> Match: 44.5%
DEBUG: 8x54 Chain(s) ['D'] -> Match: 67.3%
100%|█████████▉| 499/500 [01:28<00:00,  5.47it/s]DEBUG: 9k95 Chain(s) ['A'] -> Match: 27.8%
DEBUG: 9k95 Chain(s) ['B'] -> Match: 33.8%
DEBUG: 9k95 Chain(s) ['C'] -> Match: 44.5%
DEBUG: 9k95 Chain(s) ['D'] -> Match: 67.3%
100%|██████████| 500/500 [01:28<00:00,  5.46it/s]
100%|██████████| 500/500 [01:28<00:00,  5.64it/s]
DONE
✅ PDBs processed OK: 500
❌ PDBs failed: 0
[07:59:33] [mem] after 2_SQchk.py parent=98.6MB delta=+0.3MB combined_peak=186.4MB child_peak=87.8MB
[07:59:33] 🚀 Running 3_PDBmkr.py...
[07:59:33] 🐍 Pipeline Python: /app/.heroku/python/bin/python
[07:59:33] [mem] before 3_PDBmkr.py parent=98.6MB combined=98.6MB
[07:59:33] 🧵 Worker caps for 3_PDBmkr.py: pipeline_max=2 WARHEAD_SQCHK_MAX_WORKERS=2 WARHEAD_PDBMKR_MAX_WORKERS=2 WARHEAD_SASA_MAX_WORKERS=3 WARHEAD_METADATA_MAX_WORKERS=3 WARHEAD_MCS_MAX_WORKERS=3
[07:59:33] ⏱ No-output watchdog for 3_PDBmkr.py: 180s
[07:59:33] [mem] running 3_PDBmkr.py parent=98.6MB child_tree=0.5MB combined=99.1MB
📁 Step 3 output root: /app/jobs/8926f69a/WAR_PDB
🧾 CIF sources: manifest_rows=500 verified_manifest=500 indexed_cifs=500
📊 Similarity Stats: Max found = 100.00% (Threshold: 90.0%)
⚠️ No 5-letter ligands detected. Renaming map not required.
🛑 Created Skip4.txt — Step 4 will be skipped.
🚀 BUILDING 617 PDB CHAINS...
🧾 Step 3 selected build rows=617 resolvable_cifs=617 missing_cifs=0
🧵 Worker mode=threadpool max_workers=2
🧾 Step 3 sample CIF resolutions: ['1tqf:manifest_path:WAR/BACE1/1tqf.cif', '1w51:manifest_path:WAR/BACE1/1w51.cif', '1xs7:manifest_path:WAR/BACE1/1xs7.cif', '2b8l:manifest_path:WAR/BACE1/2b8l.cif', '2b8v:manifest_path:WAR/BACE1/2b8v.cif', '2f3e:manifest_path:WAR/BACE1/2f3e.cif', '2f3e:manifest_path:WAR/BACE1/2f3e.cif', '2f3e:manifest_path:WAR/BACE1/2f3e.cif', '2f3f:manifest_path:WAR/BACE1/2f3f.cif', '2f3f:manifest_path:WAR/BACE1/2f3f.cif']
  0%|          | 0/617 [00:00<?, ?it/s]
  0%|          | 3/617 [00:00<00:44, 13.85it/s]
  1%|          | 5/617 [00:00<01:18,  7.82it/s]
  1%|          | 6/617 [00:00<01:52,  5.43it/s]
  1%|          | 7/617 [00:01<02:03,  4.95it/s]
  1%|▏         | 8/617 [00:01<01:49,  5.58it/s]
  1%|▏         | 9/617 [00:01<03:02,  3.34it/s]
  2%|▏         | 11/617 [00:02<02:55,  3.45it/s]
  2%|▏         | 12/617 [00:02<03:01,  3.34it/s]
  2%|▏         | 13/617 [00:03<03:04,  3.27it/s]
  2%|▏         | 14/617 [00:03<02:40,  3.76it/s]
[07:59:38] [mem] running 3_PDBmkr.py parent=98.6MB child_tree=149.0MB combined=247.6MB
  2%|▏         | 15/617 [00:04<04:27,  2.25it/s]
  3%|▎         | 17/617 [00:05<04:33,  2.19it/s]
  3%|▎         | 19/617 [00:05<03:17,  3.03it/s]
  3%|▎         | 21/617 [00:05<02:42,  3.67it/s]
  4%|▎         | 23/617 [00:05<02:14,  4.40it/s]
  4%|▍         | 25/617 [00:06<02:00,  4.92it/s]
  4%|▍         | 27/617 [00:06<01:45,  5.59it/s]
  5%|▍         | 29/617 [00:06<01:34,  6.21it/s]
  5%|▌         | 31/617 [00:07<01:37,  6.01it/s]
  5%|▌         | 33/617 [00:07<01:31,  6.42it/s]
  6%|▌         | 35/617 [00:07<01:38,  5.92it/s]
  6%|▌         | 36/617 [00:08<02:24,  4.03it/s]
[07:59:43] [mem] running 3_PDBmkr.py parent=98.6MB child_tree=148.5MB combined=247.1MB
  6%|▌         | 38/617 [00:09<02:58,  3.25it/s]
  6%|▋         | 40/617 [00:09<02:28,  3.88it/s]
  7%|▋         | 42/617 [00:10<02:22,  4.03it/s]
  7%|▋         | 43/617 [00:10<02:24,  3.97it/s]
  7%|▋         | 44/617 [00:10<02:51,  3.34it/s]
  7%|▋         | 46/617 [00:11<02:43,  3.49it/s]
  8%|▊         | 47/617 [00:11<02:47,  3.39it/s]
  8%|▊         | 49/617 [00:12<02:52,  3.29it/s]
  8%|▊         | 51/617 [00:12<02:50,  3.33it/s]
  9%|▊         | 53/617 [00:13<02:45,  3.41it/s]
  9%|▉         | 55/617 [00:13<02:40,  3.50it/s]
  9%|▉         | 57/617 [00:14<02:15,  4.14it/s]
[07:59:48] [mem] running 3_PDBmkr.py parent=98.6MB child_tree=146.2MB combined=244.8MB
 10%|▉         | 59/617 [00:14<01:59,  4.65it/s]
 10%|▉         | 61/617 [00:14<01:45,  5.25it/s]
 10%|█         | 63/617 [00:15<01:38,  5.60it/s]
 11%|█         | 65/617 [00:15<01:32,  5.94it/s]
 11%|█         | 67/617 [00:15<01:36,  5.71it/s]
 11%|█         | 68/617 [00:16<02:25,  3.78it/s]
 11%|█▏        | 70/617 [00:17<02:56,  3.10it/s]
 12%|█▏        | 72/617 [00:17<02:20,  3.89it/s]
 12%|█▏        | 74/617 [00:17<02:02,  4.43it/s]
 12%|█▏        | 76/617 [00:18<01:43,  5.22it/s]
 13%|█▎        | 78/617 [00:18<01:35,  5.62it/s]
 13%|█▎        | 80/617 [00:18<01:25,  6.27it/s]
 13%|█▎        | 82/617 [00:18<01:18,  6.81it/s]
 14%|█▎        | 84/617 [00:19<01:15,  7.06it/s]
 14%|█▍        | 86/617 [00:19<01:10,  7.58it/s]
[07:59:54] [mem] running 3_PDBmkr.py parent=98.6MB child_tree=161.0MB combined=259.6MB
 14%|█▍        | 88/617 [00:19<01:17,  6.82it/s]
 14%|█▍        | 89/617 [00:20<01:29,  5.89it/s]
 15%|█▍        | 91/617 [00:20<01:36,  5.43it/s]
 15%|█▌        | 93/617 [00:20<01:29,  5.84it/s]
 15%|█▌        | 95/617 [00:20<01:19,  6.60it/s]
 16%|█▌        | 97/617 [00:21<01:14,  6.97it/s]
 16%|█▌        | 99/617 [00:21<01:31,  5.68it/s]
 16%|█▋        | 101/617 [00:22<01:44,  4.94it/s]
 17%|█▋        | 103/617 [00:22<01:52,  4.56it/s]
 17%|█▋        | 105/617 [00:23<02:08,  3.97it/s]
 17%|█▋        | 107/617 [00:23<02:05,  4.06it/s]
 18%|█▊        | 108/617 [00:24<02:19,  3.65it/s]
 18%|█▊        | 109/617 [00:24<02:16,  3.72it/s]
 18%|█▊        | 110/617 [00:24<01:59,  4.23it/s]
[07:59:59] [mem] running 3_PDBmkr.py parent=98.6MB child_tree=167.9MB combined=266.5MB
 18%|█▊        | 111/617 [00:25<02:40,  3.16it/s]
 18%|█▊        | 113/617 [00:25<02:33,  3.29it/s]
 18%|█▊        | 114/617 [00:26<02:51,  2.93it/s]
 19%|█▉        | 116/617 [00:26<02:50,  2.93it/s]
 19%|█▉        | 118/617 [00:27<03:11,  2.60it/s]
 19%|█▉        | 120/617 [00:28<03:25,  2.42it/s]
 20%|█▉        | 122/617 [00:29<03:07,  2.64it/s]
 20%|██        | 124/617 [00:29<02:35,  3.16it/s]
[08:00:04] [mem] running 3_PDBmkr.py parent=98.6MB child_tree=172.6MB combined=271.2MB
 20%|██        | 125/617 [00:30<02:47,  2.93it/s]
 20%|██        | 126/617 [00:30<03:01,  2.70it/s]
 21%|██        | 128/617 [00:31<03:15,  2.50it/s]
 21%|██        | 129/617 [00:31<02:49,  2.88it/s]
 21%|██        | 130/617 [00:32<03:49,  2.13it/s]
 21%|██        | 131/617 [00:32<03:25,  2.37it/s]
 21%|██▏       | 132/617 [00:33<03:07,  2.59it/s]
 22%|██▏       | 133/617 [00:33<03:22,  2.39it/s]
 22%|██▏       | 134/617 [00:34<03:37,  2.22it/s]
 22%|██▏       | 135/617 [00:34<02:49,  2.85it/s]
 22%|██▏       | 136/617 [00:34<02:21,  3.41it/s]
 22%|██▏       | 137/617 [00:34<02:36,  3.06it/s]
 23%|██▎       | 139/617 [00:35<01:51,  4.27it/s]
[08:00:09] [mem] running 3_PDBmkr.py parent=98.6MB child_tree=175.1MB combined=273.7MB
 23%|██▎       | 141/617 [00:35<01:33,  5.08it/s]
 23%|██▎       | 143/617 [00:35<01:30,  5.26it/s]
 23%|██▎       | 144/617 [00:36<01:51,  4.23it/s]
 24%|██▎       | 145/617 [00:36<02:12,  3.58it/s]
 24%|██▍       | 147/617 [00:37<02:31,  3.10it/s]
 24%|██▍       | 149/617 [00:38<02:34,  3.02it/s]
 24%|██▍       | 150/617 [00:38<02:18,  3.37it/s]
 24%|██▍       | 151/617 [00:38<02:35,  3.00it/s]
 25%|██▍       | 153/617 [00:39<02:36,  2.97it/s]
 25%|██▌       | 155/617 [00:39<02:27,  3.13it/s]
 25%|██▌       | 156/617 [00:40<02:20,  3.28it/s]
[08:00:15] [mem] running 3_PDBmkr.py parent=98.6MB child_tree=179.6MB combined=278.2MB
 25%|██▌       | 157/617 [00:40<02:32,  3.02it/s]
 26%|██▌       | 159/617 [00:41<02:31,  3.03it/s]
 26%|██▌       | 161/617 [00:41<02:21,  3.23it/s]
 26%|██▋       | 162/617 [00:42<02:25,  3.13it/s]
 26%|██▋       | 163/617 [00:42<02:25,  3.12it/s]
 27%|██▋       | 165/617 [00:43<02:26,  3.09it/s]
 27%|██▋       | 167/617 [00:43<02:28,  3.04it/s]
 27%|██▋       | 169/617 [00:44<02:33,  2.92it/s]
 28%|██▊       | 171/617 [00:45<02:41,  2.75it/s]
[08:00:20] [mem] running 3_PDBmkr.py parent=98.6MB child_tree=183.5MB combined=282.1MB
 28%|██▊       | 173/617 [00:45<02:26,  3.04it/s]
 28%|██▊       | 175/617 [00:46<02:13,  3.31it/s]
 29%|██▊       | 177/617 [00:46<02:09,  3.41it/s]
 29%|██▉       | 179/617 [00:47<02:14,  3.26it/s]
 29%|██▉       | 181/617 [00:48<02:08,  3.39it/s]
 30%|██▉       | 183/617 [00:48<02:03,  3.52it/s]
 30%|██▉       | 185/617 [00:49<01:58,  3.65it/s]
 30%|███       | 187/617 [00:49<01:55,  3.73it/s]
 31%|███       | 189/617 [00:50<01:40,  4.27it/s]
 31%|███       | 191/617 [00:50<01:37,  4.36it/s]
[08:00:25] [mem] running 3_PDBmkr.py parent=98.6MB child_tree=198.9MB combined=297.5MB
 31%|███       | 192/617 [00:51<02:32,  2.79it/s]
 31%|███▏      | 194/617 [00:52<02:34,  2.73it/s]
 32%|███▏      | 196/617 [00:52<02:17,  3.06it/s]
 32%|███▏      | 198/617 [00:53<02:19,  3.00it/s]
 32%|███▏      | 200/617 [00:54<02:23,  2.90it/s]
 33%|███▎      | 202/617 [00:54<02:10,  3.17it/s]
 33%|███▎      | 204/617 [00:55<02:10,  3.17it/s]
 33%|███▎      | 206/617 [00:55<01:58,  3.48it/s]
 34%|███▎      | 207/617 [00:56<02:16,  3.01it/s]
 34%|███▍      | 209/617 [00:56<02:00,  3.39it/s]
[08:00:31] [mem] running 3_PDBmkr.py parent=98.6MB child_tree=194.6MB combined=293.2MB
 34%|███▍      | 211/617 [00:56<01:37,  4.16it/s]
 35%|███▍      | 213/617 [00:57<01:20,  5.03it/s]
 35%|███▍      | 215/617 [00:57<01:10,  5.73it/s]
 35%|███▌      | 217/617 [00:57<01:08,  5.85it/s]
 35%|███▌      | 219/617 [00:57<01:01,  6.44it/s]
 36%|███▌      | 221/617 [00:58<00:59,  6.60it/s]
 36%|███▌      | 223/617 [00:58<01:18,  4.99it/s]
 36%|███▋      | 225/617 [00:59<01:23,  4.70it/s]
 37%|███▋      | 227/617 [00:59<01:10,  5.53it/s]
 37%|███▋      | 229/617 [00:59<01:07,  5.75it/s]
 37%|███▋      | 231/617 [01:00<01:00,  6.39it/s]
 38%|███▊      | 233/617 [01:00<00:59,  6.46it/s]
 38%|███▊      | 235/617 [01:00<00:54,  6.98it/s]
 38%|███▊      | 237/617 [01:00<00:52,  7.17it/s]
 39%|███▊      | 239/617 [01:01<00:55,  6.83it/s]
 39%|███▉      | 241/617 [01:01<00:52,  7.13it/s]
 39%|███▉      | 243/617 [01:01<00:51,  7.31it/s]
 40%|███▉      | 245/617 [01:02<00:55,  6.72it/s]
[08:00:36] [mem] running 3_PDBmkr.py parent=98.6MB child_tree=203.3MB combined=301.9MB
 40%|████      | 247/617 [01:02<00:55,  6.68it/s]
 40%|████      | 249/617 [01:02<00:53,  6.94it/s]
 41%|████      | 251/617 [01:03<01:00,  6.06it/s]
 41%|████      | 253/617 [01:03<00:55,  6.53it/s]
 41%|████▏     | 255/617 [01:03<00:55,  6.49it/s]
 42%|████▏     | 257/617 [01:03<00:56,  6.32it/s]
 42%|████▏     | 259/617 [01:04<00:53,  6.72it/s]
 42%|████▏     | 261/617 [01:04<00:53,  6.63it/s]
 43%|████▎     | 263/617 [01:04<00:58,  6.06it/s]
 43%|████▎     | 264/617 [01:05<01:10,  4.98it/s]
 43%|████▎     | 266/617 [01:05<01:15,  4.63it/s]
 43%|████▎     | 268/617 [01:06<01:08,  5.10it/s]
 44%|████▍     | 270/617 [01:06<01:22,  4.18it/s]
 44%|████▍     | 272/617 [01:07<01:20,  4.28it/s]
[08:00:42] [mem] running 3_PDBmkr.py parent=98.6MB child_tree=210.9MB combined=309.5MB
 44%|████▍     | 274/617 [01:07<01:31,  3.74it/s]
 45%|████▍     | 276/617 [01:08<01:38,  3.45it/s]
 45%|████▍     | 277/617 [01:08<01:28,  3.83it/s]
 45%|████▌     | 278/617 [01:09<01:51,  3.04it/s]
 45%|████▌     | 279/617 [01:09<02:04,  2.71it/s]
 46%|████▌     | 281/617 [01:10<02:12,  2.53it/s]
 46%|████▌     | 283/617 [01:11<02:19,  2.40it/s]
 46%|████▌     | 285/617 [01:12<02:20,  2.36it/s]
 47%|████▋     | 287/617 [01:12<01:57,  2.82it/s]
[08:00:47] [mem] running 3_PDBmkr.py parent=98.7MB child_tree=216.9MB combined=315.6MB
 47%|████▋     | 289/617 [01:13<01:34,  3.48it/s]
 47%|████▋     | 291/617 [01:13<01:17,  4.21it/s]
 47%|████▋     | 293/617 [01:13<01:08,  4.75it/s]
 48%|████▊     | 295/617 [01:13<00:58,  5.48it/s]
 48%|████▊     | 297/617 [01:14<00:55,  5.79it/s]
 48%|████▊     | 298/617 [01:14<01:00,  5.31it/s]
 49%|████▊     | 300/617 [01:15<01:21,  3.90it/s]
 49%|████▉     | 302/617 [01:16<01:42,  3.08it/s]
 49%|████▉     | 304/617 [01:17<01:56,  2.69it/s]
 50%|████▉     | 306/617 [01:18<02:03,  2.52it/s]
[08:00:53] [mem] running 3_PDBmkr.py parent=98.7MB child_tree=229.4MB combined=328.1MB
 50%|████▉     | 308/617 [01:19<02:11,  2.36it/s]
 50%|█████     | 309/617 [01:19<02:02,  2.51it/s]
 50%|█████     | 310/617 [01:20<02:20,  2.19it/s]
 50%|█████     | 311/617 [01:20<02:03,  2.48it/s]
 51%|█████     | 312/617 [01:20<02:26,  2.08it/s]
 51%|█████     | 314/617 [01:21<01:49,  2.77it/s]
 51%|█████     | 316/617 [01:21<01:27,  3.45it/s]
 51%|█████▏    | 317/617 [01:22<01:39,  3.01it/s]
 52%|█████▏    | 319/617 [01:22<01:29,  3.33it/s]
 52%|█████▏    | 321/617 [01:23<01:23,  3.53it/s]
 52%|█████▏    | 323/617 [01:23<01:23,  3.51it/s]
[08:00:58] [mem] running 3_PDBmkr.py parent=98.7MB child_tree=232.2MB combined=330.9MB
 53%|█████▎    | 325/617 [01:24<01:25,  3.43it/s]
 53%|█████▎    | 327/617 [01:24<01:10,  4.13it/s]
 53%|█████▎    | 329/617 [01:24<01:03,  4.54it/s]
 54%|█████▎    | 331/617 [01:25<00:59,  4.77it/s]
 54%|█████▍    | 332/617 [01:25<01:04,  4.39it/s]
 54%|█████▍    | 333/617 [01:26<01:13,  3.85it/s]
 54%|█████▍    | 335/617 [01:26<01:23,  3.37it/s]
 55%|█████▍    | 337/617 [01:27<01:18,  3.56it/s]
 55%|█████▍    | 339/617 [01:27<01:04,  4.29it/s]
 55%|█████▌    | 341/617 [01:27<01:00,  4.56it/s]
 56%|█████▌    | 343/617 [01:28<00:54,  5.04it/s]
 56%|█████▌    | 345/617 [01:28<00:55,  4.93it/s]
 56%|█████▌    | 347/617 [01:29<00:58,  4.61it/s]
 57%|█████▋    | 349/617 [01:29<00:59,  4.50it/s]
[08:01:04] [mem] running 3_PDBmkr.py parent=98.7MB child_tree=238.8MB combined=337.5MB
 57%|█████▋    | 351/617 [01:30<01:03,  4.16it/s]
 57%|█████▋    | 353/617 [01:30<01:00,  4.33it/s]
 58%|█████▊    | 355/617 [01:31<01:00,  4.33it/s]
 58%|█████▊    | 357/617 [01:31<00:54,  4.75it/s]
 58%|█████▊    | 359/617 [01:31<00:50,  5.11it/s]
 59%|█████▊    | 361/617 [01:31<00:43,  5.87it/s]
 59%|█████▊    | 362/617 [01:32<00:58,  4.34it/s]
 59%|█████▉    | 364/617 [01:33<01:02,  4.02it/s]
 59%|█████▉    | 365/617 [01:33<01:22,  3.04it/s]
 59%|█████▉    | 367/617 [01:34<01:08,  3.65it/s]
 60%|█████▉    | 368/617 [01:34<01:30,  2.76it/s]
 60%|█████▉    | 369/617 [01:34<01:23,  2.95it/s]
 60%|█████▉    | 370/617 [01:35<01:11,  3.43it/s]
[08:01:09] [mem] running 3_PDBmkr.py parent=98.7MB child_tree=243.2MB combined=341.9MB
 60%|██████    | 371/617 [01:35<01:11,  3.45it/s]
 60%|██████    | 372/617 [01:35<01:20,  3.04it/s]
 61%|██████    | 374/617 [01:36<01:04,  3.77it/s]
 61%|██████    | 376/617 [01:36<01:11,  3.36it/s]
 61%|██████▏   | 378/617 [01:37<01:16,  3.13it/s]
 61%|██████▏   | 379/617 [01:38<01:19,  2.98it/s]
 62%|██████▏   | 380/617 [01:38<01:18,  3.02it/s]
 62%|██████▏   | 381/617 [01:38<01:13,  3.23it/s]
 62%|██████▏   | 382/617 [01:39<01:32,  2.55it/s]
 62%|██████▏   | 384/617 [01:39<01:14,  3.12it/s]
 62%|██████▏   | 385/617 [01:39<01:08,  3.37it/s]
 63%|██████▎   | 387/617 [01:40<00:57,  3.99it/s]
[08:01:15] [mem] running 3_PDBmkr.py parent=98.7MB child_tree=248.3MB combined=347.0MB
 63%|██████▎   | 389/617 [01:40<00:58,  3.88it/s]
 63%|██████▎   | 391/617 [01:41<00:59,  3.77it/s]
 64%|██████▎   | 393/617 [01:42<01:04,  3.48it/s]
 64%|██████▍   | 395/617 [01:42<01:06,  3.34it/s]
 64%|██████▍   | 397/617 [01:43<01:05,  3.38it/s]
 65%|██████▍   | 399/617 [01:43<00:54,  3.99it/s]
 65%|██████▍   | 401/617 [01:44<00:53,  4.04it/s]
 65%|██████▌   | 403/617 [01:44<00:49,  4.29it/s]
 66%|██████▌   | 405/617 [01:44<00:43,  4.82it/s]
 66%|██████▌   | 407/617 [01:45<00:42,  4.94it/s]
 66%|██████▋   | 409/617 [01:45<00:49,  4.22it/s]
 67%|██████▋   | 411/617 [01:46<00:43,  4.72it/s]
[08:01:21] [mem] running 3_PDBmkr.py parent=98.7MB child_tree=254.6MB combined=353.3MB
 67%|██████▋   | 413/617 [01:46<00:48,  4.24it/s]
 67%|██████▋   | 415/617 [01:46<00:42,  4.78it/s]
 68%|██████▊   | 417/617 [01:47<00:38,  5.20it/s]
 68%|██████▊   | 419/617 [01:47<00:41,  4.82it/s]
 68%|██████▊   | 420/617 [01:47<00:42,  4.67it/s]
 68%|██████▊   | 421/617 [01:48<00:37,  5.19it/s]
 68%|██████▊   | 422/617 [01:48<00:50,  3.84it/s]
 69%|██████▊   | 424/617 [01:49<00:51,  3.77it/s]
 69%|██████▉   | 426/617 [01:49<00:43,  4.37it/s]
 69%|██████▉   | 427/617 [01:49<00:49,  3.87it/s]
 69%|██████▉   | 428/617 [01:50<00:54,  3.46it/s]
 70%|██████▉   | 430/617 [01:50<00:45,  4.07it/s]
 70%|███████   | 432/617 [01:50<00:41,  4.46it/s]
 70%|███████   | 434/617 [01:51<00:44,  4.07it/s]
[08:01:26] [mem] running 3_PDBmkr.py parent=98.7MB child_tree=260.5MB combined=359.2MB
 71%|███████   | 436/617 [01:52<00:45,  3.97it/s]
 71%|███████   | 438/617 [01:52<00:45,  3.98it/s]
 71%|███████▏  | 440/617 [01:53<00:45,  3.89it/s]
 72%|███████▏  | 442/617 [01:53<00:46,  3.75it/s]
 72%|███████▏  | 444/617 [01:54<00:46,  3.74it/s]
 72%|███████▏  | 446/617 [01:54<00:45,  3.74it/s]
 73%|███████▎  | 448/617 [01:55<00:48,  3.50it/s]
 73%|███████▎  | 450/617 [01:55<00:47,  3.53it/s]
 73%|███████▎  | 452/617 [01:56<00:46,  3.55it/s]
 74%|███████▎  | 454/617 [01:57<00:44,  3.63it/s]
 74%|███████▍  | 456/617 [01:57<00:38,  4.16it/s]
[08:01:32] [mem] running 3_PDBmkr.py parent=98.7MB child_tree=266.2MB combined=364.9MB
 74%|███████▍  | 458/617 [01:57<00:33,  4.69it/s]
 75%|███████▍  | 460/617 [01:58<00:32,  4.81it/s]
 75%|███████▍  | 462/617 [01:59<00:47,  3.27it/s]
 75%|███████▌  | 464/617 [01:59<00:49,  3.10it/s]
 75%|███████▌  | 465/617 [02:00<01:01,  2.45it/s]
 76%|███████▌  | 467/617 [02:01<01:03,  2.37it/s]
 76%|███████▌  | 468/617 [02:02<01:06,  2.23it/s]
 76%|███████▌  | 469/617 [02:02<01:06,  2.22it/s]
[08:01:37] [mem] running 3_PDBmkr.py parent=98.7MB child_tree=276.3MB combined=375.0MB
 76%|███████▌  | 470/617 [02:03<01:10,  2.08it/s]
 76%|███████▋  | 471/617 [02:04<01:26,  1.68it/s]
 77%|███████▋  | 473/617 [02:05<01:22,  1.75it/s]
 77%|███████▋  | 474/617 [02:05<01:17,  1.83it/s]
 77%|███████▋  | 475/617 [02:06<01:25,  1.67it/s]
[08:01:42] [mem] running 3_PDBmkr.py parent=98.7MB child_tree=279.2MB combined=377.9MB
 77%|███████▋  | 477/617 [02:07<01:21,  1.71it/s]
 78%|███████▊  | 479/617 [02:08<01:16,  1.79it/s]
 78%|███████▊  | 480/617 [02:09<01:18,  1.74it/s]
 78%|███████▊  | 482/617 [02:09<01:07,  2.00it/s]
 78%|███████▊  | 483/617 [02:10<01:17,  1.73it/s]
 79%|███████▊  | 485/617 [02:11<01:07,  1.97it/s]
 79%|███████▉  | 486/617 [02:12<01:15,  1.73it/s]
 79%|███████▉  | 488/617 [02:13<01:09,  1.86it/s]
[08:01:48] [mem] running 3_PDBmkr.py parent=98.7MB child_tree=282.2MB combined=380.9MB
 79%|███████▉  | 489/617 [02:14<01:12,  1.76it/s]
 80%|███████▉  | 491/617 [02:14<01:06,  1.90it/s]
 80%|███████▉  | 492/617 [02:15<01:13,  1.69it/s]
 80%|████████  | 494/617 [02:16<00:59,  2.05it/s]
 80%|████████  | 495/617 [02:17<01:15,  1.61it/s]
 81%|████████  | 497/617 [02:18<01:11,  1.69it/s]
 81%|████████  | 498/617 [02:18<01:05,  1.81it/s]
[08:01:54] [mem] running 3_PDBmkr.py parent=98.7MB child_tree=284.2MB combined=382.9MB
 81%|████████  | 499/617 [02:19<01:06,  1.77it/s]
 81%|████████  | 501/617 [02:20<01:06,  1.76it/s]
 82%|████████▏ | 503/617 [02:21<00:59,  1.92it/s]
 82%|████████▏ | 504/617 [02:22<01:03,  1.79it/s]
 82%|████████▏ | 506/617 [02:23<00:58,  1.91it/s]
 82%|████████▏ | 507/617 [02:23<01:01,  1.79it/s]
[08:01:59] [mem] running 3_PDBmkr.py parent=98.7MB child_tree=286.5MB combined=385.2MB
 82%|████████▏ | 509/617 [02:24<00:56,  1.90it/s]
 83%|████████▎ | 510/617 [02:25<00:59,  1.80it/s]
 83%|████████▎ | 511/617 [02:26<00:57,  1.83it/s]
 83%|████████▎ | 512/617 [02:26<00:46,  2.27it/s]
 83%|████████▎ | 513/617 [02:27<01:03,  1.63it/s]
 83%|████████▎ | 515/617 [02:28<01:01,  1.67it/s]
[08:02:04] [mem] running 3_PDBmkr.py parent=98.7MB child_tree=286.9MB combined=385.6MB
 84%|████████▍ | 517/617 [02:29<00:57,  1.75it/s]
 84%|████████▍ | 519/617 [02:30<00:57,  1.71it/s]
 84%|████████▍ | 520/617 [02:31<00:53,  1.81it/s]
 84%|████████▍ | 521/617 [02:31<00:51,  1.86it/s]
 85%|████████▍ | 522/617 [02:32<00:55,  1.71it/s]
 85%|████████▍ | 524/617 [02:33<00:50,  1.84it/s]
 85%|████████▌ | 525/617 [02:33<00:52,  1.76it/s]
 85%|████████▌ | 527/617 [02:34<00:45,  1.98it/s]
[08:02:09] [mem] running 3_PDBmkr.py parent=98.7MB child_tree=293.5MB combined=392.2MB
 86%|████████▌ | 528/617 [02:35<00:49,  1.79it/s]
 86%|████████▌ | 530/617 [02:36<00:46,  1.89it/s]
 86%|████████▌ | 531/617 [02:37<00:46,  1.87it/s]
 86%|████████▌ | 532/617 [02:37<00:39,  2.18it/s]
 86%|████████▋ | 533/617 [02:38<00:44,  1.90it/s]
 87%|████████▋ | 534/617 [02:38<00:46,  1.77it/s]
 87%|████████▋ | 536/617 [02:39<00:38,  2.12it/s]
 87%|████████▋ | 537/617 [02:40<00:44,  1.80it/s]
[08:02:15] [mem] running 3_PDBmkr.py parent=98.7MB child_tree=298.4MB combined=397.1MB
 87%|████████▋ | 539/617 [02:40<00:36,  2.15it/s]
 88%|████████▊ | 540/617 [02:41<00:42,  1.81it/s]
 88%|████████▊ | 542/617 [02:42<00:34,  2.16it/s]
 88%|████████▊ | 544/617 [02:42<00:25,  2.89it/s]
 88%|████████▊ | 546/617 [02:43<00:22,  3.18it/s]
 89%|████████▉ | 548/617 [02:43<00:22,  3.13it/s]
 89%|████████▉ | 549/617 [02:44<00:20,  3.37it/s]
 89%|████████▉ | 551/617 [02:44<00:15,  4.26it/s]
 89%|████████▉ | 552/617 [02:44<00:17,  3.63it/s]
 90%|████████▉ | 554/617 [02:45<00:17,  3.65it/s]
 90%|█████████ | 556/617 [02:45<00:16,  3.67it/s]
[08:02:20] [mem] running 3_PDBmkr.py parent=98.7MB child_tree=297.6MB combined=396.3MB
 90%|█████████ | 558/617 [02:46<00:16,  3.68it/s]
 91%|█████████ | 560/617 [02:46<00:16,  3.45it/s]
 91%|█████████ | 562/617 [02:47<00:16,  3.35it/s]
 91%|█████████▏| 564/617 [02:48<00:14,  3.68it/s]
 92%|█████████▏| 565/617 [02:48<00:19,  2.66it/s]
 92%|█████████▏| 567/617 [02:49<00:18,  2.75it/s]
 92%|█████████▏| 569/617 [02:49<00:14,  3.35it/s]
 93%|█████████▎| 571/617 [02:50<00:11,  3.88it/s]
 93%|█████████▎| 573/617 [02:50<00:09,  4.62it/s]
 93%|█████████▎| 575/617 [02:50<00:08,  4.70it/s]
 93%|█████████▎| 576/617 [02:51<00:10,  4.10it/s]
[08:02:26] [mem] running 3_PDBmkr.py parent=98.7MB child_tree=301.3MB combined=400.0MB
 94%|█████████▎| 577/617 [02:51<00:10,  3.77it/s]
 94%|█████████▍| 579/617 [02:52<00:15,  2.44it/s]
 94%|█████████▍| 581/617 [02:53<00:15,  2.38it/s]
 94%|█████████▍| 582/617 [02:54<00:13,  2.57it/s]
 94%|█████████▍| 583/617 [02:54<00:13,  2.57it/s]
 95%|█████████▍| 585/617 [02:55<00:14,  2.26it/s]
 95%|█████████▌| 587/617 [02:56<00:12,  2.46it/s]
[08:02:31] [mem] running 3_PDBmkr.py parent=98.7MB child_tree=307.5MB combined=406.2MB
 95%|█████████▌| 589/617 [02:57<00:11,  2.40it/s]
 96%|█████████▌| 591/617 [02:57<00:10,  2.38it/s]
 96%|█████████▌| 593/617 [02:58<00:10,  2.28it/s]
 96%|█████████▋| 595/617 [02:59<00:09,  2.24it/s]
 97%|█████████▋| 597/617 [03:00<00:08,  2.23it/s]
 97%|█████████▋| 599/617 [03:01<00:08,  2.24it/s]
 97%|█████████▋| 601/617 [03:01<00:05,  2.77it/s]
[08:02:36] [mem] running 3_PDBmkr.py parent=98.7MB child_tree=311.7MB combined=410.4MB
 98%|█████████▊| 603/617 [03:02<00:04,  3.23it/s]
 98%|█████████▊| 605/617 [03:02<00:03,  3.95it/s]
 98%|█████████▊| 606/617 [03:02<00:02,  4.33it/s]
 99%|█████████▊| 608/617 [03:03<00:02,  4.39it/s]
 99%|█████████▉| 610/617 [03:03<00:01,  4.34it/s]
 99%|█████████▉| 611/617 [03:04<00:01,  3.39it/s]
 99%|█████████▉| 613/617 [03:04<00:01,  3.31it/s]
100%|█████████▉| 615/617 [03:05<00:00,  3.38it/s]
100%|██████████| 617/617 [03:05<00:00,  4.56it/s]
100%|██████████| 617/617 [03:05<00:00,  3.33it/s]
📁 Step 3 output root resolved: /app/jobs/8926f69a/WAR_PDB
📊 Step 3 requested=617 built=617 on_disk=617
🧾 Step 3 sample PDBs: ['BACE1/1tqf_A_32P.pdb', 'BACE1/1w51_A_L01.pdb', 'BACE1/1xs7_D_MMI.pdb', 'BACE1/2b8l_A_5HA.pdb', 'BACE1/2b8v_A_3BN.pdb', 'BACE1/2f3e_A_AXQ.pdb', 'BACE1/2f3e_B_AXQ.pdb', 'BACE1/2f3e_C_AXQ.pdb', 'BACE1/2f3f_A_AXF.pdb', 'BACE1/2f3f_B_AXF.pdb']
✅ All PDBs built successfully.
✅ Wrote 5CharMAP.csv as headers-only (no 5-letter ligands detected).
[08:02:40] [mem] after 3_PDBmkr.py parent=93.1MB delta=-5.5MB combined_peak=413.6MB child_peak=314.9MB
[08:02:40] 🚀 Running 4_PDBfxr.py...
[08:02:40] 🐍 Pipeline Python: /app/.heroku/python/bin/python
[08:02:40] [mem] before 4_PDBfxr.py parent=93.1MB combined=93.1MB
[08:02:40] 🧵 Worker caps for 4_PDBfxr.py: pipeline_max=2 WARHEAD_SQCHK_MAX_WORKERS=2 WARHEAD_PDBMKR_MAX_WORKERS=2 WARHEAD_SASA_MAX_WORKERS=3 WARHEAD_METADATA_MAX_WORKERS=3 WARHEAD_MCS_MAX_WORKERS=3
[08:02:40] ⏱ No-output watchdog for 4_PDBfxr.py: 180s
[08:02:40] [mem] running 4_PDBfxr.py parent=93.1MB child_tree=0.6MB combined=93.7MB
============================================
🔥 STEP 4: LIGAND5 → LIGANDX (TOKEN PARSE + STRICT REFORMAT)
============================================
🛑 Skip4.txt detected and no usable mappings found.
✅ Step 4 exiting safely.
[08:02:40] [mem] after 4_PDBfxr.py parent=93.1MB delta=+0.0MB combined_peak=93.7MB child_peak=0.6MB
[08:02:40] 🚀 Running 5_PDBcln.py...
[08:02:40] 🐍 Pipeline Python: /app/.heroku/python/bin/python
[08:02:40] [mem] before 5_PDBcln.py parent=93.1MB combined=93.1MB
[08:02:40] 🧵 Worker caps for 5_PDBcln.py: pipeline_max=2 WARHEAD_SQCHK_MAX_WORKERS=2 WARHEAD_PDBMKR_MAX_WORKERS=2 WARHEAD_SASA_MAX_WORKERS=3 WARHEAD_METADATA_MAX_WORKERS=3 WARHEAD_MCS_MAX_WORKERS=3
[08:02:40] ⏱ No-output watchdog for 5_PDBcln.py: 180s
[08:02:40] [mem] running 5_PDBcln.py parent=93.1MB child_tree=0.7MB combined=93.8MB
📁 ROOT DIRECTORY: WAR_PDB
📁 Step 5 input root resolved: /app/jobs/8926f69a/WAR_PDB
📊 Step 5 input PDB count before cleaning: 617
=============================
🔬 Processing Protein: BACE1
📂 Folder: WAR_PDB/BACE1
=============================
🧪 Cleaning 4h3i_B_10V.pdb  | Keeping ligand: 10V
✔ Cleaned: 4h3i_B_10V.pdb
🧪 Cleaning 5qd8_A_E6V.pdb  | Keeping ligand: E6V
✔ Cleaned: 5qd8_A_E6V.pdb
🧪 Cleaning 4zsm_A_4RW.pdb  | Keeping ligand: 4RW
✔ Cleaned: 4zsm_A_4RW.pdb
🧪 Cleaning 2g94_A_ZPQ.pdb  | Keeping ligand: ZPQ
✔ Cleaned: 2g94_A_ZPQ.pdb
🧪 Cleaning 3ckr_B_009.pdb  | Keeping ligand: 009
✔ Cleaned: 3ckr_B_009.pdb
🧪 Cleaning 4zsq_B_4RX.pdb  | Keeping ligand: 4RX
✔ Cleaned: 4zsq_B_4RX.pdb
🧪 Cleaning 3msj_A_EV3.pdb  | Keeping ligand: EV3
✔ Cleaned: 3msj_A_EV3.pdb
🧪 Cleaning 6nv7_C_L3J.pdb  | Keeping ligand: L3J
✔ Cleaned: 6nv7_C_L3J.pdb
🧪 Cleaning 5qd8_B_E6V.pdb  | Keeping ligand: E6V
✔ Cleaned: 5qd8_B_E6V.pdb
🧪 Cleaning 6pz4_A_P6J.pdb  | Keeping ligand: P6J
✔ Cleaned: 6pz4_A_P6J.pdb
🧪 Cleaning 3k5d_C_XLI.pdb  | Keeping ligand: XLI
✔ Cleaned: 3k5d_C_XLI.pdb
🧪 Cleaning 6e3z_A_HRV.pdb  | Keeping ligand: HRV
✔ Cleaned: 6e3z_A_HRV.pdb
🧪 Cleaning 5qd0_B_E5Y.pdb  | Keeping ligand: E5Y
✔ Cleaned: 5qd0_B_E5Y.pdb
🧪 Cleaning 3dm6_B_757.pdb  | Keeping ligand: 757
✔ Cleaned: 3dm6_B_757.pdb
🧪 Cleaning 4h1e_A_10J.pdb  | Keeping ligand: 10J
✔ Cleaned: 4h1e_A_10J.pdb
🧪 Cleaning 3inf_A_X45.pdb  | Keeping ligand: X45
✔ Cleaned: 3inf_A_X45.pdb
🧪 Cleaning 3udj_A_092.pdb  | Keeping ligand: 092
✔ Cleaned: 3udj_A_092.pdb
🧪 Cleaning 6wny_A_U64.pdb  | Keeping ligand: U64
✔ Cleaned: 6wny_A_U64.pdb
🧪 Cleaning 4joo_A_1M4.pdb  | Keeping ligand: 1M4
✔ Cleaned: 4joo_A_1M4.pdb
🧪 Cleaning 3vv7_A_0B1.pdb  | Keeping ligand: 0B1
✔ Cleaned: 3vv7_A_0B1.pdb
🧪 Cleaning 4dus_A_0MP.pdb  | Keeping ligand: 0MP
✔ Cleaned: 4dus_A_0MP.pdb
🧪 Cleaning 4rro_A_3UX.pdb  | Keeping ligand: 3UX
✔ Cleaned: 4rro_A_3UX.pdb
🧪 Cleaning 4lxa_A_1YS.pdb  | Keeping ligand: 1YS
✔ Cleaned: 4lxa_A_1YS.pdb
🧪 Cleaning 6bfe_A_DJV.pdb  | Keeping ligand: DJV
✔ Cleaned: 6bfe_A_DJV.pdb
🧪 Cleaning 6e3z_C_HRV.pdb  | Keeping ligand: HRV
✔ Cleaned: 6e3z_C_HRV.pdb
🧪 Cleaning 6bfw_A_DK7.pdb  | Keeping ligand: DK7
✔ Cleaned: 6bfw_A_DK7.pdb
🧪 Cleaning 3uqx_A_ZPZ.pdb  | Keeping ligand: ZPZ
✔ Cleaned: 3uqx_A_ZPZ.pdb
🧪 Cleaning 3zmg_A_6Z0.pdb  | Keeping ligand: 6Z0
✔ Cleaned: 3zmg_A_6Z0.pdb
🧪 Cleaning 4h3i_A_10V.pdb  | Keeping ligand: 10V
✔ Cleaned: 4h3i_A_10V.pdb
🧪 Cleaning 2wez_A_ZYE.pdb  | Keeping ligand: ZYE
✔ Cleaned: 2wez_A_ZYE.pdb
🧪 Cleaning 4acu_A_QN7.pdb  | Keeping ligand: QN7
✔ Cleaned: 4acu_A_QN7.pdb
🧪 Cleaning 5qcw_A_AR9.pdb  | Keeping ligand: AR9
✔ Cleaned: 5qcw_A_AR9.pdb
🧪 Cleaning 6uvp_A_QJM.pdb  | Keeping ligand: QJM
✔ Cleaned: 6uvp_A_QJM.pdb
🧪 Cleaning 2b8v_A_3BN.pdb  | Keeping ligand: 3BN
✔ Cleaned: 2b8v_A_3BN.pdb
🧪 Cleaning 5qd4_B_AXQ.pdb  | Keeping ligand: AXQ
✔ Cleaned: 5qd4_B_AXQ.pdb
🧪 Cleaning 4i0i_B_957.pdb  | Keeping ligand: 957
✔ Cleaned: 4i0i_B_957.pdb
🧪 Cleaning 4zsm_B_4RW.pdb  | Keeping ligand: 4RW
✔ Cleaned: 4zsm_B_4RW.pdb
🧪 Cleaning 6uvp_A_QJJ.pdb  | Keeping ligand: QJJ
✔ Cleaned: 6uvp_A_QJJ.pdb
🧪 Cleaning 4h3j_B_10W.pdb  | Keeping ligand: 10W
✔ Cleaned: 4h3j_B_10W.pdb
🧪 Cleaning 3i25_C_MV7.pdb  | Keeping ligand: MV7
✔ Cleaned: 3i25_C_MV7.pdb
🧪 Cleaning 3bra_A_AEF.pdb  | Keeping ligand: AEF
✔ Cleaned: 3bra_A_AEF.pdb
🧪 Cleaning 6uwp_A_QKA.pdb  | Keeping ligand: QKA
✔ Cleaned: 6uwp_A_QKA.pdb
🧪 Cleaning 4jpc_A_1M6.pdb  | Keeping ligand: 1M6
✔ Cleaned: 4jpc_A_1M6.pdb
🧪 Cleaning 5tol_A_7H3.pdb  | Keeping ligand: 7H3
✔ Cleaned: 5tol_A_7H3.pdb
🧪 Cleaning 2ohl_A_2AQ.pdb  | Keeping ligand: 2AQ
✔ Cleaned: 2ohl_A_2AQ.pdb
🧪 Cleaning 3duy_A_AFJ.pdb  | Keeping ligand: AFJ
✔ Cleaned: 3duy_A_AFJ.pdb
🧪 Cleaning 3ckp_A_012.pdb  | Keeping ligand: 012
✔ Cleaned: 3ckp_A_012.pdb
🧪 Cleaning 4j0y_A_1H6.pdb  | Keeping ligand: 1H6
✔ Cleaned: 4j0y_A_1H6.pdb
🧪 Cleaning 4fsl_E_0VB.pdb  | Keeping ligand: 0VB
✔ Cleaned: 4fsl_E_0VB.pdb
🧪 Cleaning 4dju_B_0KK.pdb  | Keeping ligand: 0KK
✔ Cleaned: 4dju_B_0KK.pdb
🧪 Cleaning 5qd7_A_0BI.pdb  | Keeping ligand: 0BI
✔ Cleaned: 5qd7_A_0BI.pdb
🧪 Cleaning 2vnm_A_CM8.pdb  | Keeping ligand: CM8
✔ Cleaned: 2vnm_A_CM8.pdb
🧪 Cleaning 5htz_A_66J.pdb  | Keeping ligand: 66J
✔ Cleaned: 5htz_A_66J.pdb
🧪 Cleaning 6bfd_B_DJS.pdb  | Keeping ligand: DJS
✔ Cleaned: 6bfd_B_DJS.pdb
🧪 Cleaning 3hvg_B_EV0.pdb  | Keeping ligand: EV0
✔ Cleaned: 3hvg_B_EV0.pdb
🧪 Cleaning 6bfd_A_DJS.pdb  | Keeping ligand: DJS
✔ Cleaned: 6bfd_A_DJS.pdb
🧪 Cleaning 2oht_A_IP6.pdb  | Keeping ligand: IP6
✔ Cleaned: 2oht_A_IP6.pdb
🧪 Cleaning 3nsh_A_957.pdb  | Keeping ligand: 957
✔ Cleaned: 3nsh_A_957.pdb
🧪 Cleaning 4fsl_D_0VB.pdb  | Keeping ligand: 0VB
✔ Cleaned: 4fsl_D_0VB.pdb
🧪 Cleaning 5qd6_C_E6S.pdb  | Keeping ligand: E6S
✔ Cleaned: 5qd6_C_E6S.pdb
🧪 Cleaning 2p4j_D_23I.pdb  | Keeping ligand: 23I
✔ Cleaned: 2p4j_D_23I.pdb
🧪 Cleaning 5t1w_A_74B.pdb  | Keeping ligand: 74B
✔ Cleaned: 5t1w_A_74B.pdb
🧪 Cleaning 2qu2_A_251.pdb  | Keeping ligand: 251
✔ Cleaned: 2qu2_A_251.pdb
🧪 Cleaning 4di2_C_0K9.pdb  | Keeping ligand: 0K9
✔ Cleaned: 4di2_C_0K9.pdb
🧪 Cleaning 4fsl_A_0VB.pdb  | Keeping ligand: 0VB
✔ Cleaned: 4fsl_A_0VB.pdb
🧪 Cleaning 4ke1_A_1R6.pdb  | Keeping ligand: 1R6
✔ Cleaned: 4ke1_A_1R6.pdb
🧪 Cleaning 4wtu_A_3UT.pdb  | Keeping ligand: 3UT
✔ Cleaned: 4wtu_A_3UT.pdb
🧪 Cleaning 2qp8_A_SC7.pdb  | Keeping ligand: SC7
✔ Cleaned: 2qp8_A_SC7.pdb
🧪 Cleaning 2p4j_A_23I.pdb  | Keeping ligand: 23I
✔ Cleaned: 2p4j_A_23I.pdb
🧪 Cleaning 3dv5_A_BAV.pdb  | Keeping ligand: BAV
✔ Cleaned: 3dv5_A_BAV.pdb
🧪 Cleaning 3s7l_A_591.pdb  | Keeping ligand: 591
✔ Cleaned: 3s7l_A_591.pdb
🧪 Cleaning 4lxk_C_1YT.pdb  | Keeping ligand: 1YT
✔ Cleaned: 4lxk_C_1YT.pdb
🧪 Cleaning 4r5n_A_3J9.pdb  | Keeping ligand: 3J9
✔ Cleaned: 4r5n_A_3J9.pdb
🧪 Cleaning 5qcr_C_E4J.pdb  | Keeping ligand: E4J
✔ Cleaned: 5qcr_C_E4J.pdb
🧪 Cleaning 3kmy_B_D8Y.pdb  | Keeping ligand: D8Y
✔ Cleaned: 3kmy_B_D8Y.pdb
🧪 Cleaning 4gid_C_LPD.pdb  | Keeping ligand: LPD
✔ Cleaned: 4gid_C_LPD.pdb
🧪 Cleaning 2p4j_C_23I.pdb  | Keeping ligand: 23I
✔ Cleaned: 2p4j_C_23I.pdb
🧪 Cleaning 5qd5_A_E6P.pdb  | Keeping ligand: E6P
✔ Cleaned: 5qd5_A_E6P.pdb
🧪 Cleaning 4h3f_B_10O.pdb  | Keeping ligand: 10O
✔ Cleaned: 4h3f_B_10O.pdb
🧪 Cleaning 5qcq_C_AFJ.pdb  | Keeping ligand: AFJ
✔ Cleaned: 5qcq_C_AFJ.pdb
🧪 Cleaning 3ixk_C_929.pdb  | Keeping ligand: 929
✔ Cleaned: 3ixk_C_929.pdb
🧪 Cleaning 6uwv_B_QK7.pdb  | Keeping ligand: QK7
✔ Cleaned: 6uwv_B_QK7.pdb
🧪 Cleaning 5qd4_C_AXQ.pdb  | Keeping ligand: AXQ
✔ Cleaned: 5qd4_C_AXQ.pdb
🧪 Cleaning 6bfx_A_DKJ.pdb  | Keeping ligand: DKJ
✔ Cleaned: 6bfx_A_DKJ.pdb
🧪 Cleaning 2wf1_A_ZY1.pdb  | Keeping ligand: ZY1
✔ Cleaned: 2wf1_A_ZY1.pdb
🧪 Cleaning 5qcr_B_E4J.pdb  | Keeping ligand: E4J
✔ Cleaned: 5qcr_B_E4J.pdb
🧪 Cleaning 3zov_A_WZV.pdb  | Keeping ligand: WZV
✔ Cleaned: 3zov_A_WZV.pdb
🧪 Cleaning 6uvp_B_QJJ.pdb  | Keeping ligand: QJJ
✔ Cleaned: 6uvp_B_QJJ.pdb
🧪 Cleaning 4d8c_C_BXD.pdb  | Keeping ligand: BXD
✔ Cleaned: 4d8c_C_BXD.pdb
🧪 Cleaning 4lxa_C_1YS.pdb  | Keeping ligand: 1YS
✔ Cleaned: 4lxa_C_1YS.pdb
🧪 Cleaning 3l38_A_879.pdb  | Keeping ligand: 879
✔ Cleaned: 3l38_A_879.pdb
🧪 Cleaning 3l58_A_CS5.pdb  | Keeping ligand: CS5
✔ Cleaned: 3l58_A_CS5.pdb
🧪 Cleaning 2wf2_A_ZY2.pdb  | Keeping ligand: ZY2
✔ Cleaned: 2wf2_A_ZY2.pdb
🧪 Cleaning 2f3f_A_AXF.pdb  | Keeping ligand: AXF
✔ Cleaned: 2f3f_A_AXF.pdb
🧪 Cleaning 2q15_A_3MR.pdb  | Keeping ligand: 3MR
✔ Cleaned: 2q15_A_3MR.pdb
🧪 Cleaning 3veu_A_0GO.pdb  | Keeping ligand: 0GO
✔ Cleaned: 3veu_A_0GO.pdb
🧪 Cleaning 5qcx_A_E5D.pdb  | Keeping ligand: E5D
✔ Cleaned: 5qcx_A_E5D.pdb
🧪 Cleaning 3dm6_A_757.pdb  | Keeping ligand: 757
✔ Cleaned: 3dm6_A_757.pdb
🧪 Cleaning 3cic_B_316.pdb  | Keeping ligand: 316
✔ Cleaned: 3cic_B_316.pdb
🧪 Cleaning 3ixk_A_929.pdb  | Keeping ligand: 929
✔ Cleaned: 3ixk_A_929.pdb
🧪 Cleaning 2zjm_A_F1M.pdb  | Keeping ligand: F1M
✔ Cleaned: 2zjm_A_F1M.pdb
🧪 Cleaning 4d83_A_0GT.pdb  | Keeping ligand: 0GT
✔ Cleaned: 4d83_A_0GT.pdb
🧪 Cleaning 4d8c_A_BXD.pdb  | Keeping ligand: BXD
✔ Cleaned: 4d8c_A_BXD.pdb
🧪 Cleaning 5qcq_A_AFJ.pdb  | Keeping ligand: AFJ
✔ Cleaned: 5qcq_A_AFJ.pdb
🧪 Cleaning 4fs4_B_H24.pdb  | Keeping ligand: H24
✔ Cleaned: 4fs4_B_H24.pdb
🧪 Cleaning 6nw3_C_L4J.pdb  | Keeping ligand: L4J
✔ Cleaned: 6nw3_C_L4J.pdb
🧪 Cleaning 3qi1_A_C6A.pdb  | Keeping ligand: C6A
✔ Cleaned: 3qi1_A_C6A.pdb
🧪 Cleaning 3duy_C_AFJ.pdb  | Keeping ligand: AFJ
✔ Cleaned: 3duy_C_AFJ.pdb
🧪 Cleaning 4j0z_A_1H5.pdb  | Keeping ligand: 1H5
✔ Cleaned: 4j0z_A_1H5.pdb
🧪 Cleaning 2qmg_B_SC6.pdb  | Keeping ligand: SC6
✔ Cleaned: 2qmg_B_SC6.pdb
🧪 Cleaning 2ntr_A_L00.pdb  | Keeping ligand: L00
✔ Cleaned: 2ntr_A_L00.pdb
🧪 Cleaning 3dv5_C_BAV.pdb  | Keeping ligand: BAV
✔ Cleaned: 3dv5_C_BAV.pdb
🧪 Cleaning 5hdx_A_60U.pdb  | Keeping ligand: 60U
✔ Cleaned: 5hdx_A_60U.pdb
🧪 Cleaning 4djv_B_0KM.pdb  | Keeping ligand: 0KM
✔ Cleaned: 4djv_B_0KM.pdb
🧪 Cleaning 6uvy_B_QJP.pdb  | Keeping ligand: QJP
✔ Cleaned: 6uvy_B_QJP.pdb
🧪 Cleaning 4l7h_A_1W1.pdb  | Keeping ligand: 1W1
✔ Cleaned: 4l7h_A_1W1.pdb
🧪 Cleaning 3l5c_A_BDQ.pdb  | Keeping ligand: BDQ
✔ Cleaned: 3l5c_A_BDQ.pdb
🧪 Cleaning 3msj_B_EV3.pdb  | Keeping ligand: EV3
✔ Cleaned: 3msj_B_EV3.pdb
🧪 Cleaning 5qcy_A_E5P.pdb  | Keeping ligand: E5P
✔ Cleaned: 5qcy_A_E5P.pdb
🧪 Cleaning 3ixk_B_929.pdb  | Keeping ligand: 929
✔ Cleaned: 3ixk_B_929.pdb
🧪 Cleaning 3k5d_B_XLI.pdb  | Keeping ligand: XLI
✔ Cleaned: 3k5d_B_XLI.pdb
🧪 Cleaning 5v0n_B_8W4.pdb  | Keeping ligand: 8W4
✔ Cleaned: 5v0n_B_8W4.pdb
🧪 Cleaning 7myu_B_ZR7.pdb  | Keeping ligand: ZR7
✔ Cleaned: 7myu_B_ZR7.pdb
🧪 Cleaning 4d83_C_0GT.pdb  | Keeping ligand: 0GT
✔ Cleaned: 4d83_C_0GT.pdb
🧪 Cleaning 3lnk_A_74A.pdb  | Keeping ligand: 74A
✔ Cleaned: 3lnk_A_74A.pdb
🧪 Cleaning 5qcu_C_E51.pdb  | Keeping ligand: E51
✔ Cleaned: 5qcu_C_E51.pdb
🧪 Cleaning 5htz_B_66J.pdb  | Keeping ligand: 66J
✔ Cleaned: 5htz_B_66J.pdb
🧪 Cleaning 3k5c_A_0BI.pdb  | Keeping ligand: 0BI
✔ Cleaned: 3k5c_A_0BI.pdb
🧪 Cleaning 3l5e_A_BDW.pdb  | Keeping ligand: BDW
✔ Cleaned: 3l5e_A_BDW.pdb
🧪 Cleaning 7myr_A_ZRD.pdb  | Keeping ligand: ZRD
✔ Cleaned: 7myr_A_ZRD.pdb
🧪 Cleaning 5v0n_A_8W4.pdb  | Keeping ligand: 8W4
✔ Cleaned: 5v0n_A_8W4.pdb
🧪 Cleaning 2ohn_A_4FP.pdb  | Keeping ligand: 4FP
✔ Cleaned: 2ohn_A_4FP.pdb
🧪 Cleaning 5qdd_A_E7A.pdb  | Keeping ligand: E7A
✔ Cleaned: 5qdd_A_E7A.pdb
🧪 Cleaning 4di2_A_0K9.pdb  | Keeping ligand: 0K9
✔ Cleaned: 4di2_A_0K9.pdb
🧪 Cleaning 4k8s_A_1QT.pdb  | Keeping ligand: 1QT
✔ Cleaned: 4k8s_A_1QT.pdb
🧪 Cleaning 6od6_C_M7D.pdb  | Keeping ligand: M7D
✔ Cleaned: 6od6_C_M7D.pdb
🧪 Cleaning 4k9h_B_1QU.pdb  | Keeping ligand: 1QU
✔ Cleaned: 4k9h_B_1QU.pdb
🧪 Cleaning 3ivi_B_2LI.pdb  | Keeping ligand: 2LI
✔ Cleaned: 3ivi_B_2LI.pdb
🧪 Cleaning 4lxk_B_1YT.pdb  | Keeping ligand: 1YT
✔ Cleaned: 4lxk_B_1YT.pdb
🧪 Cleaning 5uyu_A_8QV.pdb  | Keeping ligand: 8QV
✔ Cleaned: 5uyu_A_8QV.pdb
🧪 Cleaning 5dqc_A_5E7.pdb  | Keeping ligand: 5E7
✔ Cleaned: 5dqc_A_5E7.pdb
🧪 Cleaning 5qcy_C_E5P.pdb  | Keeping ligand: E5P
✔ Cleaned: 5qcy_C_E5P.pdb
🧪 Cleaning 4r91_B_3KT.pdb  | Keeping ligand: 3KT
✔ Cleaned: 4r91_B_3KT.pdb
🧪 Cleaning 5he4_B_60T.pdb  | Keeping ligand: 60T
✔ Cleaned: 5he4_B_60T.pdb
🧪 Cleaning 5qd9_C_E6Y.pdb  | Keeping ligand: E6Y
✔ Cleaned: 5qd9_C_E6Y.pdb
🧪 Cleaning 4dpi_A_0N1.pdb  | Keeping ligand: 0N1
✔ Cleaned: 4dpi_A_0N1.pdb
🧪 Cleaning 3h0b_B_B35.pdb  | Keeping ligand: B35
✔ Cleaned: 3h0b_B_B35.pdb
🧪 Cleaning 3l5d_B_BDV.pdb  | Keeping ligand: BDV
✔ Cleaned: 3l5d_B_BDV.pdb
🧪 Cleaning 2vkm_C_BSD.pdb  | Keeping ligand: BSD
✔ Cleaned: 2vkm_C_BSD.pdb
🧪 Cleaning 5qd5_C_E6P.pdb  | Keeping ligand: E6P
✔ Cleaned: 5qd5_C_E6P.pdb
🧪 Cleaning 5qct_A_E4Y.pdb  | Keeping ligand: E4Y
✔ Cleaned: 5qct_A_E4Y.pdb
🧪 Cleaning 6uvv_A_QJV.pdb  | Keeping ligand: QJV
✔ Cleaned: 6uvv_A_QJV.pdb
🧪 Cleaning 3lnk_B_74A.pdb  | Keeping ligand: 74A
✔ Cleaned: 3lnk_B_74A.pdb
🧪 Cleaning 4d85_A_0GU.pdb  | Keeping ligand: 0GU
✔ Cleaned: 4d85_A_0GU.pdb
🧪 Cleaning 4rrn_A_3UW.pdb  | Keeping ligand: 3UW
✔ Cleaned: 4rrn_A_3UW.pdb
🧪 Cleaning 5he5_A_60S.pdb  | Keeping ligand: 60S
✔ Cleaned: 5he5_A_60S.pdb
🧪 Cleaning 7d36_A_GUC.pdb  | Keeping ligand: GUC
✔ Cleaned: 7d36_A_GUC.pdb
🧪 Cleaning 5he7_A_60X.pdb  | Keeping ligand: 60X
✔ Cleaned: 5he7_A_60X.pdb
🧪 Cleaning 6dhc_B_GHJ.pdb  | Keeping ligand: GHJ
✔ Cleaned: 6dhc_B_GHJ.pdb
🧪 Cleaning 4j0p_A_1H8.pdb  | Keeping ligand: 1H8
✔ Cleaned: 4j0p_A_1H8.pdb
🧪 Cleaning 2b8l_A_5HA.pdb  | Keeping ligand: 5HA
✔ Cleaned: 2b8l_A_5HA.pdb
🧪 Cleaning 2ohr_A_8IP.pdb  | Keeping ligand: 8IP
✔ Cleaned: 2ohr_A_8IP.pdb
🧪 Cleaning 5qda_B_E74.pdb  | Keeping ligand: E74
✔ Cleaned: 5qda_B_E74.pdb
🧪 Cleaning 4i0e_A_1B8.pdb  | Keeping ligand: 1B8
✔ Cleaned: 4i0e_A_1B8.pdb
🧪 Cleaning 6dhc_C_GHJ.pdb  | Keeping ligand: GHJ
✔ Cleaned: 6dhc_C_GHJ.pdb
🧪 Cleaning 3rvi_A_RVI.pdb  | Keeping ligand: RVI
✔ Cleaned: 3rvi_A_RVI.pdb
🧪 Cleaning 4djx_A_0KQ.pdb  | Keeping ligand: 0KQ
✔ Cleaned: 4djx_A_0KQ.pdb
🧪 Cleaning 4b77_A_54M.pdb  | Keeping ligand: 54M
✔ Cleaned: 4b77_A_54M.pdb
🧪 Cleaning 4b70_A_WM9.pdb  | Keeping ligand: WM9
✔ Cleaned: 4b70_A_WM9.pdb
🧪 Cleaning 2oah_A_QIN.pdb  | Keeping ligand: QIN
✔ Cleaned: 2oah_A_QIN.pdb
🧪 Cleaning 2vj9_A_VG7.pdb  | Keeping ligand: VG7
✔ Cleaned: 2vj9_A_VG7.pdb
🧪 Cleaning 7d2x_A_GTU.pdb  | Keeping ligand: GTU
✔ Cleaned: 7d2x_A_GTU.pdb
🧪 Cleaning 5qcw_C_AR9.pdb  | Keeping ligand: AR9
✔ Cleaned: 5qcw_C_AR9.pdb
🧪 Cleaning 2vkm_B_BSD.pdb  | Keeping ligand: BSD
✔ Cleaned: 2vkm_B_BSD.pdb
🧪 Cleaning 4r92_B_3KU.pdb  | Keeping ligand: 3KU
✔ Cleaned: 4r92_B_3KU.pdb
🧪 Cleaning 4d89_A_BXD.pdb  | Keeping ligand: BXD
✔ Cleaned: 4d89_A_BXD.pdb
🧪 Cleaning 4rcd_A_3LL.pdb  | Keeping ligand: 3LL
✔ Cleaned: 4rcd_A_3LL.pdb
🧪 Cleaning 2xfk_A_AA9.pdb  | Keeping ligand: AA9
✔ Cleaned: 2xfk_A_AA9.pdb
🧪 Cleaning 3n4l_C_842.pdb  | Keeping ligand: 842
✔ Cleaned: 3n4l_C_842.pdb
🧪 Cleaning 3qbh_B_QBH.pdb  | Keeping ligand: QBH
✔ Cleaned: 3qbh_B_QBH.pdb
🧪 Cleaning 2qzl_A_IXS.pdb  | Keeping ligand: IXS
✔ Cleaned: 2qzl_A_IXS.pdb
🧪 Cleaning 5hdu_A_60W.pdb  | Keeping ligand: 60W
✔ Cleaned: 5hdu_A_60W.pdb
🧪 Cleaning 4gid_B_0GH.pdb  | Keeping ligand: 0GH
✔ Cleaned: 4gid_B_0GH.pdb
🧪 Cleaning 4j1c_A_1HO.pdb  | Keeping ligand: 1HO
✔ Cleaned: 4j1c_A_1HO.pdb
🧪 Cleaning 4b72_A_2FB.pdb  | Keeping ligand: 2FB
✔ Cleaned: 4b72_A_2FB.pdb
🧪 Cleaning 2qk5_A_CS5.pdb  | Keeping ligand: CS5
✔ Cleaned: 2qk5_A_CS5.pdb
🧪 Cleaning 3k5d_A_XLI.pdb  | Keeping ligand: XLI
✔ Cleaned: 3k5d_A_XLI.pdb
🧪 Cleaning 7d5a_A_GX6.pdb  | Keeping ligand: GX6
✔ Cleaned: 7d5a_A_GX6.pdb
🧪 Cleaning 5ezx_A_5T5.pdb  | Keeping ligand: 5T5
✔ Cleaned: 5ezx_A_5T5.pdb
🧪 Cleaning 4b1d_A_6TG.pdb  | Keeping ligand: 6TG
✔ Cleaned: 4b1d_A_6TG.pdb
🧪 Cleaning 6nv7_A_L3J.pdb  | Keeping ligand: L3J
✔ Cleaned: 6nv7_A_L3J.pdb
🧪 Cleaning 3k5f_B_AYH.pdb  | Keeping ligand: AYH
✔ Cleaned: 3k5f_B_AYH.pdb
🧪 Cleaning 5qd9_A_E6Y.pdb  | Keeping ligand: E6Y
✔ Cleaned: 5qd9_A_E6Y.pdb
🧪 Cleaning 4x2l_A_3WP.pdb  | Keeping ligand: 3WP
✔ Cleaned: 4x2l_A_3WP.pdb
🧪 Cleaning 4i11_A_1CH.pdb  | Keeping ligand: 1CH
✔ Cleaned: 4i11_A_1CH.pdb
🧪 Cleaning 2q11_C_XX4.pdb  | Keeping ligand: XX4
✔ Cleaned: 2q11_C_XX4.pdb
🧪 Cleaning 2g94_B_ZPQ.pdb  | Keeping ligand: ZPQ
✔ Cleaned: 2g94_B_ZPQ.pdb
🧪 Cleaning 3exo_A_5MS.pdb  | Keeping ligand: 5MS
✔ Cleaned: 3exo_A_5MS.pdb
🧪 Cleaning 2q11_B_XX4.pdb  | Keeping ligand: XX4
✔ Cleaned: 2q11_B_XX4.pdb
🧪 Cleaning 2of0_A_CMZ.pdb  | Keeping ligand: CMZ
✔ Cleaned: 2of0_A_CMZ.pdb
🧪 Cleaning 3udp_A_09D.pdb  | Keeping ligand: 09D
✔ Cleaned: 3udp_A_09D.pdb
🧪 Cleaning 2ph6_A_712.pdb  | Keeping ligand: 712
✔ Cleaned: 2ph6_A_712.pdb
🧪 Cleaning 3ine_A_X17.pdb  | Keeping ligand: X17
✔ Cleaned: 3ine_A_X17.pdb
🧪 Cleaning 6od6_A_M7D.pdb  | Keeping ligand: M7D
✔ Cleaned: 6od6_A_M7D.pdb
🧪 Cleaning 5hd0_A_60Y.pdb  | Keeping ligand: 60Y
✔ Cleaned: 5hd0_A_60Y.pdb
🧪 Cleaning 5qcu_A_E51.pdb  | Keeping ligand: E51
✔ Cleaned: 5qcu_A_E51.pdb
🧪 Cleaning 4fri_A_DWA.pdb  | Keeping ligand: DWA
✔ Cleaned: 4fri_A_DWA.pdb
🧪 Cleaning 3u6a_A_18P.pdb  | Keeping ligand: 18P
✔ Cleaned: 3u6a_A_18P.pdb
🧪 Cleaning 4pzx_A_2X5.pdb  | Keeping ligand: 2X5
✔ Cleaned: 4pzx_A_2X5.pdb
🧪 Cleaning 3l3a_A_625.pdb  | Keeping ligand: 625
✔ Cleaned: 3l3a_A_625.pdb
🧪 Cleaning 3ru1_A_3RU.pdb  | Keeping ligand: 3RU
✔ Cleaned: 3ru1_A_3RU.pdb
🧪 Cleaning 2ohp_A_6IP.pdb  | Keeping ligand: 6IP
✔ Cleaned: 2ohp_A_6IP.pdb
🧪 Cleaning 2qp8_B_SC7.pdb  | Keeping ligand: SC7
✔ Cleaned: 2qp8_B_SC7.pdb
🧪 Cleaning 2zjk_B_F1K.pdb  | Keeping ligand: F1K
✔ Cleaned: 2zjk_B_F1K.pdb
🧪 Cleaning 4fm7_A_0UP.pdb  | Keeping ligand: 0UP
✔ Cleaned: 4fm7_A_0UP.pdb
🧪 Cleaning 2zjl_A_F1L.pdb  | Keeping ligand: F1L
✔ Cleaned: 2zjl_A_F1L.pdb
🧪 Cleaning 3kyr_A_038.pdb  | Keeping ligand: 038
✔ Cleaned: 3kyr_A_038.pdb
🧪 Cleaning 4b0q_A_GMF.pdb  | Keeping ligand: GMF
✔ Cleaned: 4b0q_A_GMF.pdb
🧪 Cleaning 5qcw_B_AR9.pdb  | Keeping ligand: AR9
✔ Cleaned: 5qcw_B_AR9.pdb
🧪 Cleaning 2zji_A_F1I.pdb  | Keeping ligand: F1I
✔ Cleaned: 2zji_A_F1I.pdb
🧪 Cleaning 5qdb_C_BAV.pdb  | Keeping ligand: BAV
✔ Cleaned: 5qdb_C_BAV.pdb
🧪 Cleaning 6dmi_A_5T5.pdb  | Keeping ligand: 5T5
✔ Cleaned: 6dmi_A_5T5.pdb
🧪 Cleaning 5qd2_B_E6J.pdb  | Keeping ligand: E6J
✔ Cleaned: 5qd2_B_E6J.pdb
🧪 Cleaning 3dv5_B_BAV.pdb  | Keeping ligand: BAV
✔ Cleaned: 3dv5_B_BAV.pdb
🧪 Cleaning 5t1u_A_P6U.pdb  | Keeping ligand: P6U
✔ Cleaned: 5t1u_A_P6U.pdb
🧪 Cleaning 5qd2_C_E6J.pdb  | Keeping ligand: E6J
✔ Cleaned: 5qd2_C_E6J.pdb
🧪 Cleaning 6bfe_B_DJV.pdb  | Keeping ligand: DJV
✔ Cleaned: 6bfe_B_DJV.pdb
🧪 Cleaning 2vj6_A_VG5.pdb  | Keeping ligand: VG5
✔ Cleaned: 2vj6_A_VG5.pdb
🧪 Cleaning 4lc7_A_1WP.pdb  | Keeping ligand: 1WP
✔ Cleaned: 4lc7_A_1WP.pdb
🧪 Cleaning 4zpf_A_4QD.pdb  | Keeping ligand: 4QD
✔ Cleaned: 4zpf_A_4QD.pdb
🧪 Cleaning 5qd0_A_E5Y.pdb  | Keeping ligand: E5Y
✔ Cleaned: 5qd0_A_E5Y.pdb
🧪 Cleaning 3kmy_A_D8Y.pdb  | Keeping ligand: D8Y
✔ Cleaned: 3kmy_A_D8Y.pdb
🧪 Cleaning 5qd3_C_E6M.pdb  | Keeping ligand: E6M
✔ Cleaned: 5qd3_C_E6M.pdb
🧪 Cleaning 5qdd_B_E7A.pdb  | Keeping ligand: E7A
✔ Cleaned: 5qdd_B_E7A.pdb
🧪 Cleaning 3rsv_A_3RS.pdb  | Keeping ligand: 3RS
✔ Cleaned: 3rsv_A_3RS.pdb
🧪 Cleaning 4zpe_A_4QA.pdb  | Keeping ligand: 4QA
✔ Cleaned: 4zpe_A_4QA.pdb
🧪 Cleaning 6nv9_B_L3M.pdb  | Keeping ligand: L3M
✔ Cleaned: 6nv9_B_L3M.pdb
🧪 Cleaning 3i25_A_MV7.pdb  | Keeping ligand: MV7
✔ Cleaned: 3i25_A_MV7.pdb
🧪 Cleaning 5qcs_B_AXF.pdb  | Keeping ligand: AXF
✔ Cleaned: 5qcs_B_AXF.pdb
🧪 Cleaning 2qu3_A_462.pdb  | Keeping ligand: 462
✔ Cleaned: 2qu3_A_462.pdb
🧪 Cleaning 5qd2_A_E6J.pdb  | Keeping ligand: E6J
✔ Cleaned: 5qd2_A_E6J.pdb
🧪 Cleaning 3k5c_B_0BI.pdb  | Keeping ligand: 0BI
✔ Cleaned: 3k5c_B_0BI.pdb
🧪 Cleaning 3u6a_C_18P.pdb  | Keeping ligand: 18P
✔ Cleaned: 3u6a_C_18P.pdb
🧪 Cleaning 4r91_A_3KT.pdb  | Keeping ligand: 3KT
✔ Cleaned: 4r91_A_3KT.pdb
🧪 Cleaning 7dcz_A_H3C.pdb  | Keeping ligand: H3C
✔ Cleaned: 7dcz_A_H3C.pdb
🧪 Cleaning 4j17_A_1HQ.pdb  | Keeping ligand: 1HQ
✔ Cleaned: 4j17_A_1HQ.pdb
🧪 Cleaning 3in3_A_472.pdb  | Keeping ligand: 472
✔ Cleaned: 3in3_A_472.pdb
🧪 Cleaning 5hdz_B_954.pdb  | Keeping ligand: 954
✔ Cleaned: 5hdz_B_954.pdb
🧪 Cleaning 4j0t_A_6T9.pdb  | Keeping ligand: 6T9
✔ Cleaned: 4j0t_A_6T9.pdb
🧪 Cleaning 1tqf_A_32P.pdb  | Keeping ligand: 32P
✔ Cleaned: 1tqf_A_32P.pdb
🧪 Cleaning 6jsf_A_C7X.pdb  | Keeping ligand: C7X
✔ Cleaned: 6jsf_A_C7X.pdb
🧪 Cleaning 2vj7_A_VG6.pdb  | Keeping ligand: VG6
✔ Cleaned: 2vj7_A_VG6.pdb
🧪 Cleaning 3dv1_B_AR9.pdb  | Keeping ligand: AR9
✔ Cleaned: 3dv1_B_AR9.pdb
🧪 Cleaning 4zpg_A_4QF.pdb  | Keeping ligand: 4QF
✔ Cleaned: 4zpg_A_4QF.pdb
🧪 Cleaning 5hu0_B_66H.pdb  | Keeping ligand: 66H
✔ Cleaned: 5hu0_B_66H.pdb
🧪 Cleaning 3duy_B_AFJ.pdb  | Keeping ligand: AFJ
✔ Cleaned: 3duy_B_AFJ.pdb
🧪 Cleaning 4dh6_A_0KN.pdb  | Keeping ligand: 0KN
✔ Cleaned: 4dh6_A_0KN.pdb
🧪 Cleaning 2zjn_A_F1N.pdb  | Keeping ligand: F1N
✔ Cleaned: 2zjn_A_F1N.pdb
🧪 Cleaning 3l5b_B_BDO.pdb  | Keeping ligand: BDO
✔ Cleaned: 3l5b_B_BDO.pdb
🧪 Cleaning 3hw1_C_EV2.pdb  | Keeping ligand: EV2
✔ Cleaned: 3hw1_C_EV2.pdb
🧪 Cleaning 4rrs_A_3UY.pdb  | Keeping ligand: 3UY
✔ Cleaned: 4rrs_A_3UY.pdb
🧪 Cleaning 3l5b_A_BDO.pdb  | Keeping ligand: BDO
✔ Cleaned: 3l5b_A_BDO.pdb
🧪 Cleaning 5qcp_B_E4G.pdb  | Keeping ligand: E4G
✔ Cleaned: 5qcp_B_E4G.pdb
🧪 Cleaning 5hdz_A_954.pdb  | Keeping ligand: 954
✔ Cleaned: 5hdz_A_954.pdb
🧪 Cleaning 4ke0_B_1R8.pdb  | Keeping ligand: 1R8
✔ Cleaned: 4ke0_B_1R8.pdb
🧪 Cleaning 5qd3_A_E6M.pdb  | Keeping ligand: E6M
✔ Cleaned: 5qd3_A_E6M.pdb
🧪 Cleaning 4ha5_A_13W.pdb  | Keeping ligand: 13W
✔ Cleaned: 4ha5_A_13W.pdb
🧪 Cleaning 4r8y_A_3KO.pdb  | Keeping ligand: 3KO
✔ Cleaned: 4r8y_A_3KO.pdb
🧪 Cleaning 7b1q_A_SLK.pdb  | Keeping ligand: SLK
✔ Cleaned: 7b1q_A_SLK.pdb
🧪 Cleaning 5qcv_A_E5A.pdb  | Keeping ligand: E5A
✔ Cleaned: 5qcv_A_E5A.pdb
🧪 Cleaning 2qmd_A_CS7.pdb  | Keeping ligand: CS7
✔ Cleaned: 2qmd_A_CS7.pdb
🧪 Cleaning 2f3f_C_AXF.pdb  | Keeping ligand: AXF
✔ Cleaned: 2f3f_C_AXF.pdb
🧪 Cleaning 4ewo_A_996.pdb  | Keeping ligand: 996
✔ Cleaned: 4ewo_A_996.pdb
🧪 Cleaning 4zsp_A_4RZ.pdb  | Keeping ligand: 4RZ
✔ Cleaned: 4zsp_A_4RZ.pdb
🧪 Cleaning 3kyr_B_038.pdb  | Keeping ligand: 038
✔ Cleaned: 3kyr_B_038.pdb
🧪 Cleaning 3u6a_B_18P.pdb  | Keeping ligand: 18P
✔ Cleaned: 3u6a_B_18P.pdb
🧪 Cleaning 6nw3_A_L4J.pdb  | Keeping ligand: L4J
✔ Cleaned: 6nw3_A_L4J.pdb
🧪 Cleaning 5qd7_B_0BI.pdb  | Keeping ligand: 0BI
✔ Cleaned: 5qd7_B_0BI.pdb
🧪 Cleaning 4r92_A_3KU.pdb  | Keeping ligand: 3KU
✔ Cleaned: 4r92_A_3KU.pdb
🧪 Cleaning 5qcs_C_AXF.pdb  | Keeping ligand: AXF
✔ Cleaned: 5qcs_C_AXF.pdb
🧪 Cleaning 4j1e_A_1HM.pdb  | Keeping ligand: 1HM
✔ Cleaned: 4j1e_A_1HM.pdb
🧪 Cleaning 4acx_A_S8Z.pdb  | Keeping ligand: S8Z
✔ Cleaned: 4acx_A_S8Z.pdb
🧪 Cleaning 2ohk_A_1SQ.pdb  | Keeping ligand: 1SQ
✔ Cleaned: 2ohk_A_1SQ.pdb
🧪 Cleaning 4k8s_B_1QT.pdb  | Keeping ligand: 1QT
✔ Cleaned: 4k8s_B_1QT.pdb
🧪 Cleaning 2vnn_A_CM7.pdb  | Keeping ligand: CM7
✔ Cleaned: 2vnn_A_CM7.pdb
🧪 Cleaning 4bfd_A_8T3.pdb  | Keeping ligand: 8T3
✔ Cleaned: 4bfd_A_8T3.pdb
🧪 Cleaning 4lxa_B_1YS.pdb  | Keeping ligand: 1YS
✔ Cleaned: 4lxa_B_1YS.pdb
🧪 Cleaning 3udk_A_095.pdb  | Keeping ligand: 095
✔ Cleaned: 3udk_A_095.pdb
🧪 Cleaning 3cid_A_318.pdb  | Keeping ligand: 318
✔ Cleaned: 3cid_A_318.pdb
🧪 Cleaning 4lxk_A_1YT.pdb  | Keeping ligand: 1YT
✔ Cleaned: 4lxk_A_1YT.pdb
🧪 Cleaning 3udh_A_091.pdb  | Keeping ligand: 091
✔ Cleaned: 3udh_A_091.pdb
🧪 Cleaning 3k5f_A_AYH.pdb  | Keeping ligand: AYH
✔ Cleaned: 3k5f_A_AYH.pdb
🧪 Cleaning 2ohs_A_9IP.pdb  | Keeping ligand: 9IP
✔ Cleaned: 2ohs_A_9IP.pdb
🧪 Cleaning 4i0h_B_1BL.pdb  | Keeping ligand: 1BL
✔ Cleaned: 4i0h_B_1BL.pdb
🧪 Cleaning 4dpf_A_0LG.pdb  | Keeping ligand: 0LG
✔ Cleaned: 4dpf_A_0LG.pdb
🧪 Cleaning 4k8s_C_1QT.pdb  | Keeping ligand: 1QT
✔ Cleaned: 4k8s_C_1QT.pdb
🧪 Cleaning 3ixj_B_586.pdb  | Keeping ligand: 586
✔ Cleaned: 3ixj_B_586.pdb
🧪 Cleaning 4lxm_A_1YU.pdb  | Keeping ligand: 1YU
✔ Cleaned: 4lxm_A_1YU.pdb
🧪 Cleaning 4azy_A_7F3.pdb  | Keeping ligand: 7F3
✔ Cleaned: 4azy_A_7F3.pdb
🧪 Cleaning 6jsn_A_C7O.pdb  | Keeping ligand: C7O
✔ Cleaned: 6jsn_A_C7O.pdb
🧪 Cleaning 3rsx_A_RSV.pdb  | Keeping ligand: RSV
✔ Cleaned: 3rsx_A_RSV.pdb
🧪 Cleaning 3nsh_B_957.pdb  | Keeping ligand: 957
✔ Cleaned: 3nsh_B_957.pdb
🧪 Cleaning 5hu0_A_66H.pdb  | Keeping ligand: 66H
✔ Cleaned: 5hu0_A_66H.pdb
🧪 Cleaning 3n4l_B_842.pdb  | Keeping ligand: 842
✔ Cleaned: 3n4l_B_842.pdb
🧪 Cleaning 4zsp_B_4RZ.pdb  | Keeping ligand: 4RZ
✔ Cleaned: 4zsp_B_4RZ.pdb
🧪 Cleaning 3hw1_B_EV2.pdb  | Keeping ligand: EV2
✔ Cleaned: 3hw1_B_EV2.pdb
🧪 Cleaning 5qcv_B_E5A.pdb  | Keeping ligand: E5A
✔ Cleaned: 5qcv_B_E5A.pdb
🧪 Cleaning 3udn_A_09B.pdb  | Keeping ligand: 09B
✔ Cleaned: 3udn_A_09B.pdb
🧪 Cleaning 4l7g_A_1W0.pdb  | Keeping ligand: 1W0
✔ Cleaned: 4l7g_A_1W0.pdb
🧪 Cleaning 4dju_A_0KK.pdb  | Keeping ligand: 0KK
✔ Cleaned: 4dju_A_0KK.pdb
🧪 Cleaning 5qdc_B_E77.pdb  | Keeping ligand: E77
✔ Cleaned: 5qdc_B_E77.pdb
🧪 Cleaning 5mxd_B_III.pdb  | Keeping ligand: III
✔ Cleaned: 5mxd_B_III.pdb
🧪 Cleaning 5qd9_B_E6Y.pdb  | Keeping ligand: E6Y
✔ Cleaned: 5qd9_B_E6Y.pdb
🧪 Cleaning 6bfx_B_DKJ.pdb  | Keeping ligand: DKJ
✔ Cleaned: 6bfx_B_DKJ.pdb
🧪 Cleaning 3dm6_C_757.pdb  | Keeping ligand: 757
✔ Cleaned: 3dm6_C_757.pdb
🧪 Cleaning 4x7i_A_3YS.pdb  | Keeping ligand: 3YS
✔ Cleaned: 4x7i_A_3YS.pdb
🧪 Cleaning 5qda_C_E74.pdb  | Keeping ligand: E74
✔ Cleaned: 5qda_C_E74.pdb
🧪 Cleaning 5qdc_C_E77.pdb  | Keeping ligand: E77
✔ Cleaned: 5qdc_C_E77.pdb
🧪 Cleaning 4i0f_A_1BF.pdb  | Keeping ligand: 1BF
✔ Cleaned: 4i0f_A_1BF.pdb
🧪 Cleaning 4frk_A_DWD.pdb  | Keeping ligand: DWD
✔ Cleaned: 4frk_A_DWD.pdb
🧪 Cleaning 4jp9_A_1M5.pdb  | Keeping ligand: 1M5
✔ Cleaned: 4jp9_A_1M5.pdb
🧪 Cleaning 2is0_A_I03.pdb  | Keeping ligand: I03
✔ Cleaned: 2is0_A_I03.pdb
🧪 Cleaning 3kn0_B_3TO.pdb  | Keeping ligand: 3TO
✔ Cleaned: 3kn0_B_3TO.pdb
🧪 Cleaning 4pzw_A_2X4.pdb  | Keeping ligand: 2X4
✔ Cleaned: 4pzw_A_2X4.pdb
🧪 Cleaning 4wy6_A_3VP.pdb  | Keeping ligand: 3VP
✔ Cleaned: 4wy6_A_3VP.pdb
🧪 Cleaning 2ohu_A_IP7.pdb  | Keeping ligand: IP7
✔ Cleaned: 2ohu_A_IP7.pdb
🧪 Cleaning 7myi_B_ZQS.pdb  | Keeping ligand: ZQS
✔ Cleaned: 7myi_B_ZQS.pdb
🧪 Cleaning 5qcz_A_E5V.pdb  | Keeping ligand: E5V
✔ Cleaned: 5qcz_A_E5V.pdb
🧪 Cleaning 7n66_A_0EW.pdb  | Keeping ligand: 0EW
✔ Cleaned: 7n66_A_0EW.pdb
🧪 Cleaning 3ckr_A_009.pdb  | Keeping ligand: 009
✔ Cleaned: 3ckr_A_009.pdb
🧪 Cleaning 4i0d_A_1B7.pdb  | Keeping ligand: 1B7
✔ Cleaned: 4i0d_A_1B7.pdb
🧪 Cleaning 4di2_B_0K9.pdb  | Keeping ligand: 0K9
✔ Cleaned: 4di2_B_0K9.pdb
🧪 Cleaning 2f3e_A_AXQ.pdb  | Keeping ligand: AXQ
✔ Cleaned: 2f3e_A_AXQ.pdb
🧪 Cleaning 5ezz_A_5T6.pdb  | Keeping ligand: 5T6
✔ Cleaned: 5ezz_A_5T6.pdb
🧪 Cleaning 3ooz_A_ZOO.pdb  | Keeping ligand: ZOO
✔ Cleaned: 3ooz_A_ZOO.pdb
🧪 Cleaning 7f1d_A_0QQ.pdb  | Keeping ligand: 0QQ
✔ Cleaned: 7f1d_A_0QQ.pdb
🧪 Cleaning 5qcz_C_E5V.pdb  | Keeping ligand: E5V
✔ Cleaned: 5qcz_C_E5V.pdb
🧪 Cleaning 5he4_A_60T.pdb  | Keeping ligand: 60T
✔ Cleaned: 5he4_A_60T.pdb
🧪 Cleaning 2qmf_B_CS9.pdb  | Keeping ligand: CS9
✔ Cleaned: 2qmf_B_CS9.pdb
🧪 Cleaning 3vg1_A_0GT.pdb  | Keeping ligand: 0GT
✔ Cleaned: 3vg1_A_0GT.pdb
🧪 Cleaning 3kmx_A_G00.pdb  | Keeping ligand: G00
✔ Cleaned: 3kmx_A_G00.pdb
🧪 Cleaning 7myi_A_ZQS.pdb  | Keeping ligand: ZQS
✔ Cleaned: 7myi_A_ZQS.pdb
🧪 Cleaning 5qcu_B_E51.pdb  | Keeping ligand: E51
✔ Cleaned: 5qcu_B_E51.pdb
🧪 Cleaning 2vkm_A_BSD.pdb  | Keeping ligand: BSD
✔ Cleaned: 2vkm_A_BSD.pdb
🧪 Cleaning 4i0z_A_1BB.pdb  | Keeping ligand: 1BB
✔ Cleaned: 4i0z_A_1BB.pdb
🧪 Cleaning 4ivs_A_VSI.pdb  | Keeping ligand: VSI
✔ Cleaned: 4ivs_A_VSI.pdb
🧪 Cleaning 5qd3_B_E6M.pdb  | Keeping ligand: E6M
✔ Cleaned: 5qd3_B_E6M.pdb
🧪 Cleaning 4djy_A_0KR.pdb  | Keeping ligand: 0KR
✔ Cleaned: 4djy_A_0KR.pdb
🧪 Cleaning 5v0n_C_8W4.pdb  | Keeping ligand: 8W4
✔ Cleaned: 5v0n_C_8W4.pdb
🧪 Cleaning 4frs_A_0V6.pdb  | Keeping ligand: 0V6
✔ Cleaned: 4frs_A_0V6.pdb
🧪 Cleaning 5mco_A_BSD.pdb  | Keeping ligand: BSD
✔ Cleaned: 5mco_A_BSD.pdb
🧪 Cleaning 5hu1_A_66F.pdb  | Keeping ligand: 66F
✔ Cleaned: 5hu1_A_66F.pdb
🧪 Cleaning 4x7i_B_3YS.pdb  | Keeping ligand: 3YS
✔ Cleaned: 4x7i_B_3YS.pdb
🧪 Cleaning 3kmx_B_G00.pdb  | Keeping ligand: G00
✔ Cleaned: 3kmx_B_G00.pdb
🧪 Cleaning 2zjh_A_F1H.pdb  | Keeping ligand: F1H
✔ Cleaned: 2zjh_A_F1H.pdb
🧪 Cleaning 3kn0_A_3TO.pdb  | Keeping ligand: 3TO
✔ Cleaned: 3kn0_A_3TO.pdb
🧪 Cleaning 4zsr_B_4RY.pdb  | Keeping ligand: 4RY
✔ Cleaned: 4zsr_B_4RY.pdb
🧪 Cleaning 7b1e_A_SKW.pdb  | Keeping ligand: SKW
✔ Cleaned: 7b1e_A_SKW.pdb
🧪 Cleaning 3ivi_A_2LI.pdb  | Keeping ligand: 2LI
✔ Cleaned: 3ivi_A_2LI.pdb
🧪 Cleaning 3vf3_A_0GS.pdb  | Keeping ligand: 0GS
✔ Cleaned: 3vf3_A_0GS.pdb
🧪 Cleaning 2hm1_A_LIQ.pdb  | Keeping ligand: LIQ
✔ Cleaned: 2hm1_A_LIQ.pdb
🧪 Cleaning 2iqg_A_F2I.pdb  | Keeping ligand: F2I
✔ Cleaned: 2iqg_A_F2I.pdb
🧪 Cleaning 3l5f_B_BDX.pdb  | Keeping ligand: BDX
✔ Cleaned: 3l5f_B_BDX.pdb
🧪 Cleaning 5qdd_C_E7A.pdb  | Keeping ligand: E7A
✔ Cleaned: 5qdd_C_E7A.pdb
🧪 Cleaning 4gid_C_0GH.pdb  | Keeping ligand: 0GH
✔ Cleaned: 4gid_C_0GH.pdb
🧪 Cleaning 6uvv_B_QJV.pdb  | Keeping ligand: QJV
✔ Cleaned: 6uvv_B_QJV.pdb
🧪 Cleaning 4n00_A_2EX.pdb  | Keeping ligand: 2EX
✔ Cleaned: 4n00_A_2EX.pdb
🧪 Cleaning 5hdu_B_60W.pdb  | Keeping ligand: 60W
✔ Cleaned: 5hdu_B_60W.pdb
🧪 Cleaning 3tpr_A_5HA.pdb  | Keeping ligand: 5HA
✔ Cleaned: 3tpr_A_5HA.pdb
🧪 Cleaning 3ivh_A_1LI.pdb  | Keeping ligand: 1LI
✔ Cleaned: 3ivh_A_1LI.pdb
🧪 Cleaning 5qcp_A_E4G.pdb  | Keeping ligand: E4G
✔ Cleaned: 5qcp_A_E4G.pdb
🧪 Cleaning 4r95_B_3KW.pdb  | Keeping ligand: 3KW
✔ Cleaned: 4r95_B_3KW.pdb
🧪 Cleaning 5hd0_B_60Y.pdb  | Keeping ligand: 60Y
✔ Cleaned: 5hd0_B_60Y.pdb
🧪 Cleaning 4b1e_A_6T6.pdb  | Keeping ligand: 6T6
✔ Cleaned: 4b1e_A_6T6.pdb
🧪 Cleaning 5ygy_A_0B6.pdb  | Keeping ligand: 0B6
✔ Cleaned: 5ygy_A_0B6.pdb
🧪 Cleaning 4i0g_A_1B9.pdb  | Keeping ligand: 1B9
✔ Cleaned: 4i0g_A_1B9.pdb
🧪 Cleaning 2qmd_B_CS7.pdb  | Keeping ligand: CS7
✔ Cleaned: 2qmd_B_CS7.pdb
🧪 Cleaning 3uqw_A_ZPY.pdb  | Keeping ligand: ZPY
✔ Cleaned: 3uqw_A_ZPY.pdb
🧪 Cleaning 5qcq_B_AFJ.pdb  | Keeping ligand: AFJ
✔ Cleaned: 5qcq_B_AFJ.pdb
🧪 Cleaning 6jt4_A_C86.pdb  | Keeping ligand: C86
✔ Cleaned: 6jt4_A_C86.pdb
🧪 Cleaning 5qd4_A_AXQ.pdb  | Keeping ligand: AXQ
✔ Cleaned: 5qd4_A_AXQ.pdb
🧪 Cleaning 4lxm_B_1YU.pdb  | Keeping ligand: 1YU
✔ Cleaned: 4lxm_B_1YU.pdb
🧪 Cleaning 4b00_A_I6X.pdb  | Keeping ligand: I6X
✔ Cleaned: 4b00_A_I6X.pdb
🧪 Cleaning 4j1k_A_1HG.pdb  | Keeping ligand: 1HG
✔ Cleaned: 4j1k_A_1HG.pdb
🧪 Cleaning 3ckp_B_012.pdb  | Keeping ligand: 012
✔ Cleaned: 3ckp_B_012.pdb
🧪 Cleaning 4frs_B_0V6.pdb  | Keeping ligand: 0V6
✔ Cleaned: 4frs_B_0V6.pdb
🧪 Cleaning 2p8h_A_MY9.pdb  | Keeping ligand: MY9
✔ Cleaned: 2p8h_A_MY9.pdb
🧪 Cleaning 4i0i_A_957.pdb  | Keeping ligand: 957
✔ Cleaned: 4i0i_A_957.pdb
🧪 Cleaning 4b78_A_KGG.pdb  | Keeping ligand: KGG
✔ Cleaned: 4b78_A_KGG.pdb
🧪 Cleaning 2ohm_A_8AP.pdb  | Keeping ligand: 8AP
✔ Cleaned: 2ohm_A_8AP.pdb
🧪 Cleaning 4fco_A_0U4.pdb  | Keeping ligand: 0U4
✔ Cleaned: 4fco_A_0U4.pdb
🧪 Cleaning 4gmi_A_0XA.pdb  | Keeping ligand: 0XA
✔ Cleaned: 4gmi_A_0XA.pdb
🧪 Cleaning 4gid_A_0GH.pdb  | Keeping ligand: 0GH
✔ Cleaned: 4gid_A_0GH.pdb
🧪 Cleaning 3pi5_C_3P5.pdb  | Keeping ligand: 3P5
✔ Cleaned: 3pi5_C_3P5.pdb
🧪 Cleaning 2zjk_C_F1K.pdb  | Keeping ligand: F1K
✔ Cleaned: 2zjk_C_F1K.pdb
🧪 Cleaning 3l5f_A_BDX.pdb  | Keeping ligand: BDX
✔ Cleaned: 3l5f_A_BDX.pdb
🧪 Cleaning 4djx_B_0KQ.pdb  | Keeping ligand: 0KQ
✔ Cleaned: 4djx_B_0KQ.pdb
🧪 Cleaning 5qd8_C_E6V.pdb  | Keeping ligand: E6V
✔ Cleaned: 5qd8_C_E6V.pdb
🧪 Cleaning 4h1e_B_10J.pdb  | Keeping ligand: 10J
✔ Cleaned: 4h1e_B_10J.pdb
🧪 Cleaning 4i12_A_1BC.pdb  | Keeping ligand: 1BC
✔ Cleaned: 4i12_A_1BC.pdb
🧪 Cleaning 3igb_A_454.pdb  | Keeping ligand: 454
✔ Cleaned: 3igb_A_454.pdb
🧪 Cleaning 3l5c_B_BDQ.pdb  | Keeping ligand: BDQ
✔ Cleaned: 3l5c_B_BDQ.pdb
🧪 Cleaning 3k5g_B_BJC.pdb  | Keeping ligand: BJC
✔ Cleaned: 3k5g_B_BJC.pdb
🧪 Cleaning 5qco_B_E4A.pdb  | Keeping ligand: E4A
✔ Cleaned: 5qco_B_E4A.pdb
🧪 Cleaning 2zjj_A_F1J.pdb  | Keeping ligand: F1J
✔ Cleaned: 2zjj_A_F1J.pdb
🧪 Cleaning 3ixj_A_586.pdb  | Keeping ligand: 586
✔ Cleaned: 3ixj_A_586.pdb
🧪 Cleaning 2wjo_A_QUD.pdb  | Keeping ligand: QUD
✔ Cleaned: 2wjo_A_QUD.pdb
🧪 Cleaning 3qbh_C_QBH.pdb  | Keeping ligand: QBH
✔ Cleaned: 3qbh_C_QBH.pdb
🧪 Cleaning 3ivi_C_2LI.pdb  | Keeping ligand: 2LI
✔ Cleaned: 3ivi_C_2LI.pdb
🧪 Cleaning 4djw_A_0KP.pdb  | Keeping ligand: 0KP
✔ Cleaned: 4djw_A_0KP.pdb
🧪 Cleaning 4i0h_A_1BL.pdb  | Keeping ligand: 1BL
✔ Cleaned: 4i0h_A_1BL.pdb
🧪 Cleaning 2qzk_A_I21.pdb  | Keeping ligand: I21
✔ Cleaned: 2qzk_A_I21.pdb
🧪 Cleaning 3msk_A_EV4.pdb  | Keeping ligand: EV4
✔ Cleaned: 3msk_A_EV4.pdb
🧪 Cleaning 2q11_A_XX4.pdb  | Keeping ligand: XX4
✔ Cleaned: 2q11_A_XX4.pdb
🧪 Cleaning 4b1c_A_1B1.pdb  | Keeping ligand: 1B1
✔ Cleaned: 4b1c_A_1B1.pdb
🧪 Cleaning 3pi5_B_3P5.pdb  | Keeping ligand: 3P5
✔ Cleaned: 3pi5_B_3P5.pdb
🧪 Cleaning 3fkt_A_SII.pdb  | Keeping ligand: SII
✔ Cleaned: 3fkt_A_SII.pdb
🧪 Cleaning 3cib_A_314.pdb  | Keeping ligand: 314
✔ Cleaned: 3cib_A_314.pdb
🧪 Cleaning 3vv6_A_B00.pdb  | Keeping ligand: B00
✔ Cleaned: 3vv6_A_B00.pdb
🧪 Cleaning 5clm_A_52K.pdb  | Keeping ligand: 52K
✔ Cleaned: 5clm_A_52K.pdb
🧪 Cleaning 5hdv_A_60V.pdb  | Keeping ligand: 60V
✔ Cleaned: 5hdv_A_60V.pdb
🧪 Cleaning 3qbh_A_QBH.pdb  | Keeping ligand: QBH
✔ Cleaned: 3qbh_A_QBH.pdb
🧪 Cleaning 4i0h_C_1BL.pdb  | Keeping ligand: 1BL
✔ Cleaned: 4i0h_C_1BL.pdb
🧪 Cleaning 4k9h_A_1QU.pdb  | Keeping ligand: 1QU
✔ Cleaned: 4k9h_A_1QU.pdb
🧪 Cleaning 6nw3_B_L4J.pdb  | Keeping ligand: L4J
✔ Cleaned: 6nw3_B_L4J.pdb
🧪 Cleaning 4zsr_A_4RY.pdb  | Keeping ligand: 4RY
✔ Cleaned: 4zsr_A_4RY.pdb
🧪 Cleaning 6nv9_A_L3M.pdb  | Keeping ligand: L3M
✔ Cleaned: 6nv9_A_L3M.pdb
🧪 Cleaning 2ph8_A_35A.pdb  | Keeping ligand: 35A
✔ Cleaned: 2ph8_A_35A.pdb
🧪 Cleaning 4j1f_A_1HL.pdb  | Keeping ligand: 1HL
✔ Cleaned: 4j1f_A_1HL.pdb
🧪 Cleaning 3l5e_B_BDW.pdb  | Keeping ligand: BDW
✔ Cleaned: 3l5e_B_BDW.pdb
🧪 Cleaning 2fdp_C_FRP.pdb  | Keeping ligand: FRP
✔ Cleaned: 2fdp_C_FRP.pdb
🧪 Cleaning 3dv1_A_AR9.pdb  | Keeping ligand: AR9
✔ Cleaned: 3dv1_A_AR9.pdb
🧪 Cleaning 2ze1_A_411.pdb  | Keeping ligand: 411
✔ Cleaned: 2ze1_A_411.pdb
🧪 Cleaning 3udm_A_09A.pdb  | Keeping ligand: 09A
✔ Cleaned: 3udm_A_09A.pdb
🧪 Cleaning 3ind_A_593.pdb  | Keeping ligand: 593
✔ Cleaned: 3ind_A_593.pdb
🧪 Cleaning 2f3f_B_AXF.pdb  | Keeping ligand: AXF
✔ Cleaned: 2f3f_B_AXF.pdb
🧪 Cleaning 4k9h_C_1QU.pdb  | Keeping ligand: 1QU
✔ Cleaned: 4k9h_C_1QU.pdb
🧪 Cleaning 3tpp_A_5HA.pdb  | Keeping ligand: 5HA
✔ Cleaned: 3tpp_A_5HA.pdb
🧪 Cleaning 5qcy_B_E5P.pdb  | Keeping ligand: E5P
✔ Cleaned: 5qcy_B_E5P.pdb
🧪 Cleaning 5qd1_A_E61.pdb  | Keeping ligand: E61
✔ Cleaned: 5qd1_A_E61.pdb
🧪 Cleaning 3vv8_A_B02.pdb  | Keeping ligand: B02
✔ Cleaned: 3vv8_A_B02.pdb
🧪 Cleaning 2vkm_D_BSD.pdb  | Keeping ligand: BSD
✔ Cleaned: 2vkm_D_BSD.pdb
🧪 Cleaning 2qmg_A_SC6.pdb  | Keeping ligand: SC6
✔ Cleaned: 2qmg_A_SC6.pdb
🧪 Cleaning 3cic_A_316.pdb  | Keeping ligand: 316
✔ Cleaned: 3cic_A_316.pdb
🧪 Cleaning 3uqu_A_ZPX.pdb  | Keeping ligand: ZPX
✔ Cleaned: 3uqu_A_ZPX.pdb
🧪 Cleaning 2wf3_A_ZY3.pdb  | Keeping ligand: ZY3
✔ Cleaned: 2wf3_A_ZY3.pdb
🧪 Cleaning 3rtm_A_RTM.pdb  | Keeping ligand: RTM
✔ Cleaned: 3rtm_A_RTM.pdb
🧪 Cleaning 6c2i_A_EJ7.pdb  | Keeping ligand: EJ7
✔ Cleaned: 6c2i_A_EJ7.pdb
🧪 Cleaning 6uwv_A_QK7.pdb  | Keeping ligand: QK7
✔ Cleaned: 6uwv_A_QK7.pdb
🧪 Cleaning 5i3w_A_68L.pdb  | Keeping ligand: 68L
✔ Cleaned: 5i3w_A_68L.pdb
🧪 Cleaning 3s7m_A_532.pdb  | Keeping ligand: 532
✔ Cleaned: 3s7m_A_532.pdb
🧪 Cleaning 3udq_A_09E.pdb  | Keeping ligand: 09E
✔ Cleaned: 3udq_A_09E.pdb
🧪 Cleaning 4xkx_A_43K.pdb  | Keeping ligand: 43K
✔ Cleaned: 4xkx_A_43K.pdb
🧪 Cleaning 2fdp_B_FRP.pdb  | Keeping ligand: FRP
✔ Cleaned: 2fdp_B_FRP.pdb
🧪 Cleaning 4ybi_B_4B2.pdb  | Keeping ligand: 4B2
✔ Cleaned: 4ybi_B_4B2.pdb
🧪 Cleaning 3msj_C_EV3.pdb  | Keeping ligand: EV3
✔ Cleaned: 3msj_C_EV3.pdb
🧪 Cleaning 5qd0_C_E5Y.pdb  | Keeping ligand: E5Y
✔ Cleaned: 5qd0_C_E5Y.pdb
🧪 Cleaning 5qcx_B_E5D.pdb  | Keeping ligand: E5D
✔ Cleaned: 5qcx_B_E5D.pdb
🧪 Cleaning 4r95_A_3KW.pdb  | Keeping ligand: 3KW
✔ Cleaned: 4r95_A_3KW.pdb
🧪 Cleaning 3bug_A_AEH.pdb  | Keeping ligand: AEH
✔ Cleaned: 3bug_A_AEH.pdb
🧪 Cleaning 3wb5_A_0B4.pdb  | Keeping ligand: 0B4
✔ Cleaned: 3wb5_A_0B4.pdb
🧪 Cleaning 2vie_A_VG0.pdb  | Keeping ligand: VG0
✔ Cleaned: 2vie_A_VG0.pdb
🧪 Cleaning 4i1c_A_1BE.pdb  | Keeping ligand: 1BE
✔ Cleaned: 4i1c_A_1BE.pdb
🧪 Cleaning 4r93_A_779.pdb  | Keeping ligand: 779
✔ Cleaned: 4r93_A_779.pdb
🧪 Cleaning 5qd6_A_E6S.pdb  | Keeping ligand: E6S
✔ Cleaned: 5qd6_A_E6S.pdb
🧪 Cleaning 7myu_A_ZR7.pdb  | Keeping ligand: ZR7
✔ Cleaned: 7myu_A_ZR7.pdb
🧪 Cleaning 5qd1_B_E61.pdb  | Keeping ligand: E61
✔ Cleaned: 5qd1_B_E61.pdb
🧪 Cleaning 6jt3_A_C83.pdb  | Keeping ligand: C83
✔ Cleaned: 6jt3_A_C83.pdb
🧪 Cleaning 3l58_B_CS5.pdb  | Keeping ligand: CS5
✔ Cleaned: 3l58_B_CS5.pdb
🧪 Cleaning 5qd7_C_0BI.pdb  | Keeping ligand: 0BI
✔ Cleaned: 5qd7_C_0BI.pdb
🧪 Cleaning 7b1p_A_SL8.pdb  | Keeping ligand: SL8
✔ Cleaned: 7b1p_A_SL8.pdb
🧪 Cleaning 4hzt_A_0ZA.pdb  | Keeping ligand: 0ZA
✔ Cleaned: 4hzt_A_0ZA.pdb
🧪 Cleaning 2p4j_B_23I.pdb  | Keeping ligand: 23I
✔ Cleaned: 2p4j_B_23I.pdb
🧪 Cleaning 4d88_A_BXQ.pdb  | Keeping ligand: BXQ
✔ Cleaned: 4d88_A_BXQ.pdb
🧪 Cleaning 2wf0_A_ZY0.pdb  | Keeping ligand: ZY0
✔ Cleaned: 2wf0_A_ZY0.pdb
🧪 Cleaning 2xfj_A_VG5.pdb  | Keeping ligand: VG5
✔ Cleaned: 2xfj_A_VG5.pdb
🧪 Cleaning 4i0j_A_842.pdb  | Keeping ligand: 842
✔ Cleaned: 4i0j_A_842.pdb
🧪 Cleaning 2zjk_A_F1K.pdb  | Keeping ligand: F1K
✔ Cleaned: 2zjk_A_F1K.pdb
🧪 Cleaning 2viz_A_VG4.pdb  | Keeping ligand: VG4
✔ Cleaned: 2viz_A_VG4.pdb
🧪 Cleaning 5qco_A_E4A.pdb  | Keeping ligand: E4A
✔ Cleaned: 5qco_A_E4A.pdb
🧪 Cleaning 3n4l_A_842.pdb  | Keeping ligand: 842
✔ Cleaned: 3n4l_A_842.pdb
🧪 Cleaning 5hdv_B_60V.pdb  | Keeping ligand: 60V
✔ Cleaned: 5hdv_B_60V.pdb
🧪 Cleaning 5qcx_C_E5D.pdb  | Keeping ligand: E5D
✔ Cleaned: 5qcx_C_E5D.pdb
🧪 Cleaning 2g94_D_ZPQ.pdb  | Keeping ligand: ZPQ
✔ Cleaned: 2g94_D_ZPQ.pdb
🧪 Cleaning 3ufl_A_508.pdb  | Keeping ligand: 508
✔ Cleaned: 3ufl_A_508.pdb
🧪 Cleaning 6od6_B_M7D.pdb  | Keeping ligand: M7D
✔ Cleaned: 6od6_B_M7D.pdb
🧪 Cleaning 7d2v_A_66F.pdb  | Keeping ligand: 66F
✔ Cleaned: 7d2v_A_66F.pdb
🧪 Cleaning 5dqc_C_5E7.pdb  | Keeping ligand: 5E7
✔ Cleaned: 5dqc_C_5E7.pdb
🧪 Cleaning 5qd6_B_E6S.pdb  | Keeping ligand: E6S
✔ Cleaned: 5qd6_B_E6S.pdb
🧪 Cleaning 4ke0_C_1R8.pdb  | Keeping ligand: 1R8
✔ Cleaned: 4ke0_C_1R8.pdb
🧪 Cleaning 6jsg_A_C6U.pdb  | Keeping ligand: C6U
✔ Cleaned: 6jsg_A_C6U.pdb
🧪 Cleaning 5qcs_A_AXF.pdb  | Keeping ligand: AXF
✔ Cleaned: 5qcs_A_AXF.pdb
🧪 Cleaning 6uwp_B_QKA.pdb  | Keeping ligand: QKA
✔ Cleaned: 6uwp_B_QKA.pdb
🧪 Cleaning 4h3j_A_10W.pdb  | Keeping ligand: 10W
✔ Cleaned: 4h3j_A_10W.pdb
🧪 Cleaning 6e3z_B_HRV.pdb  | Keeping ligand: HRV
✔ Cleaned: 6e3z_B_HRV.pdb
🧪 Cleaning 3buf_A_AEG.pdb  | Keeping ligand: AEG
✔ Cleaned: 3buf_A_AEG.pdb
🧪 Cleaning 4zsq_A_4RX.pdb  | Keeping ligand: 4RX
✔ Cleaned: 4zsq_A_4RX.pdb
🧪 Cleaning 4r93_B_779.pdb  | Keeping ligand: 779
✔ Cleaned: 4r93_B_779.pdb
🧪 Cleaning 3h0b_A_B35.pdb  | Keeping ligand: B35
✔ Cleaned: 3h0b_A_B35.pdb
🧪 Cleaning 3inh_A_569.pdb  | Keeping ligand: 569
✔ Cleaned: 3inh_A_569.pdb
🧪 Cleaning 4gid_D_LPD.pdb  | Keeping ligand: LPD
✔ Cleaned: 4gid_D_LPD.pdb
🧪 Cleaning 5qcv_C_E5A.pdb  | Keeping ligand: E5A
✔ Cleaned: 5qcv_C_E5A.pdb
🧪 Cleaning 5mxd_A_III.pdb  | Keeping ligand: III
✔ Cleaned: 5mxd_A_III.pdb
🧪 Cleaning 5qcz_B_E5V.pdb  | Keeping ligand: E5V
✔ Cleaned: 5qcz_B_E5V.pdb
🧪 Cleaning 3buh_A_AED.pdb  | Keeping ligand: AED
✔ Cleaned: 3buh_A_AED.pdb
🧪 Cleaning 2wf4_A_ZY4.pdb  | Keeping ligand: ZY4
✔ Cleaned: 2wf4_A_ZY4.pdb
🧪 Cleaning 4j1i_A_1HH.pdb  | Keeping ligand: 1HH
✔ Cleaned: 4j1i_A_1HH.pdb
🧪 Cleaning 3cib_B_314.pdb  | Keeping ligand: 314
✔ Cleaned: 3cib_B_314.pdb
🧪 Cleaning 4h3g_B_10Q.pdb  | Keeping ligand: 10Q
✔ Cleaned: 4h3g_B_10Q.pdb
🧪 Cleaning 3nsh_C_957.pdb  | Keeping ligand: 957
✔ Cleaned: 3nsh_C_957.pdb
🧪 Cleaning 3k5g_C_BJC.pdb  | Keeping ligand: BJC
✔ Cleaned: 3k5g_C_BJC.pdb
🧪 Cleaning 5ygx_A_0B5.pdb  | Keeping ligand: 0B5
✔ Cleaned: 5ygx_A_0B5.pdb
🧪 Cleaning 4fm8_A_0UQ.pdb  | Keeping ligand: 0UQ
✔ Cleaned: 4fm8_A_0UQ.pdb
🧪 Cleaning 6dhc_A_GHJ.pdb  | Keeping ligand: GHJ
✔ Cleaned: 6dhc_A_GHJ.pdb
🧪 Cleaning 4i10_A_1BS.pdb  | Keeping ligand: 1BS
✔ Cleaned: 4i10_A_1BS.pdb
🧪 Cleaning 4gid_B_LPD.pdb  | Keeping ligand: LPD
✔ Cleaned: 4gid_B_LPD.pdb
🧪 Cleaning 3wb4_A_0B3.pdb  | Keeping ligand: 0B3
✔ Cleaned: 3wb4_A_0B3.pdb
🧪 Cleaning 5dqc_B_5E7.pdb  | Keeping ligand: 5E7
✔ Cleaned: 5dqc_B_5E7.pdb
🧪 Cleaning 4ybi_A_4B2.pdb  | Keeping ligand: 4B2
✔ Cleaned: 4ybi_A_4B2.pdb
🧪 Cleaning 4rcf_A_3LO.pdb  | Keeping ligand: 3LO
✔ Cleaned: 4rcf_A_3LO.pdb
🧪 Cleaning 4h3f_A_10O.pdb  | Keeping ligand: 10O
✔ Cleaned: 4h3f_A_10O.pdb
🧪 Cleaning 1w51_A_L01.pdb  | Keeping ligand: L01
✔ Cleaned: 1w51_A_L01.pdb
🧪 Cleaning 2viy_A_VG3.pdb  | Keeping ligand: VG3
✔ Cleaned: 2viy_A_VG3.pdb
🧪 Cleaning 3cid_B_318.pdb  | Keeping ligand: 318
✔ Cleaned: 3cid_B_318.pdb
🧪 Cleaning 3k5c_C_0BI.pdb  | Keeping ligand: 0BI
✔ Cleaned: 3k5c_C_0BI.pdb
🧪 Cleaning 3k5f_C_AYH.pdb  | Keeping ligand: AYH
✔ Cleaned: 3k5f_C_AYH.pdb
🧪 Cleaning 5hu1_B_66F.pdb  | Keeping ligand: 66F
✔ Cleaned: 5hu1_B_66F.pdb
🧪 Cleaning 1xs7_D_MMI.pdb  | Keeping ligand: MMI
✔ Cleaned: 1xs7_D_MMI.pdb
🧪 Cleaning 3lhg_A_Z81.pdb  | Keeping ligand: Z81
✔ Cleaned: 3lhg_A_Z81.pdb
🧪 Cleaning 5i3v_A_68M.pdb  | Keeping ligand: 68M
✔ Cleaned: 5i3v_A_68M.pdb
🧪 Cleaning 4exg_A_916.pdb  | Keeping ligand: 916
✔ Cleaned: 4exg_A_916.pdb
🧪 Cleaning 3hw1_A_EV2.pdb  | Keeping ligand: EV2
✔ Cleaned: 3hw1_A_EV2.pdb
🧪 Cleaning 3k5g_A_BJC.pdb  | Keeping ligand: BJC
✔ Cleaned: 3k5g_A_BJC.pdb
🧪 Cleaning 3kyr_C_038.pdb  | Keeping ligand: 038
✔ Cleaned: 3kyr_C_038.pdb
🧪 Cleaning 2f3e_B_AXQ.pdb  | Keeping ligand: AXQ
✔ Cleaned: 2f3e_B_AXQ.pdb
🧪 Cleaning 4i0i_C_957.pdb  | Keeping ligand: 957
✔ Cleaned: 4i0i_C_957.pdb
🧪 Cleaning 6fgy_A_D9W.pdb  | Keeping ligand: D9W
✔ Cleaned: 6fgy_A_D9W.pdb
🧪 Cleaning 5qco_C_E4A.pdb  | Keeping ligand: E4A
✔ Cleaned: 5qco_C_E4A.pdb
🧪 Cleaning 2qk5_B_CS5.pdb  | Keeping ligand: CS5
✔ Cleaned: 2qk5_B_CS5.pdb
🧪 Cleaning 5hdx_B_60U.pdb  | Keeping ligand: 60U
✔ Cleaned: 5hdx_B_60U.pdb
🧪 Cleaning 2vij_A_C44.pdb  | Keeping ligand: C44
✔ Cleaned: 2vij_A_C44.pdb
🧪 Cleaning 5qct_C_E4Y.pdb  | Keeping ligand: E4Y
✔ Cleaned: 5qct_C_E4Y.pdb
🧪 Cleaning 5f00_A_5T8.pdb  | Keeping ligand: 5T8
✔ Cleaned: 5f00_A_5T8.pdb
🧪 Cleaning 2fdp_A_FRP.pdb  | Keeping ligand: FRP
✔ Cleaned: 2fdp_A_FRP.pdb
🧪 Cleaning 5f01_A_5T7.pdb  | Keeping ligand: 5T7
✔ Cleaned: 5f01_A_5T7.pdb
🧪 Cleaning 5qdb_B_BAV.pdb  | Keeping ligand: BAV
✔ Cleaned: 5qdb_B_BAV.pdb
🧪 Cleaning 4gid_A_LPD.pdb  | Keeping ligand: LPD
✔ Cleaned: 4gid_A_LPD.pdb
🧪 Cleaning 3h0b_C_B35.pdb  | Keeping ligand: B35
✔ Cleaned: 3h0b_C_B35.pdb
🧪 Cleaning 4l7j_A_1W2.pdb  | Keeping ligand: 1W2
✔ Cleaned: 4l7j_A_1W2.pdb
🧪 Cleaning 4b05_A_32D.pdb  | Keeping ligand: 32D
✔ Cleaned: 4b05_A_32D.pdb
🧪 Cleaning 3udr_A_09F.pdb  | Keeping ligand: 09F
✔ Cleaned: 3udr_A_09F.pdb
🧪 Cleaning 3hvg_A_EV0.pdb  | Keeping ligand: EV0
✔ Cleaned: 3hvg_A_EV0.pdb
🧪 Cleaning 4d83_B_0GT.pdb  | Keeping ligand: 0GT
✔ Cleaned: 4d83_B_0GT.pdb
🧪 Cleaning 4ha5_B_13W.pdb  | Keeping ligand: 13W
✔ Cleaned: 4ha5_B_13W.pdb
🧪 Cleaning 3s2o_A_EV6.pdb  | Keeping ligand: EV6
✔ Cleaned: 3s2o_A_EV6.pdb
🧪 Cleaning 7myr_B_ZRD.pdb  | Keeping ligand: ZRD
✔ Cleaned: 7myr_B_ZRD.pdb
🧪 Cleaning 6uvy_A_QJP.pdb  | Keeping ligand: QJP
✔ Cleaned: 6uvy_A_QJP.pdb
🧪 Cleaning 4r8y_B_3KO.pdb  | Keeping ligand: 3KO
✔ Cleaned: 4r8y_B_3KO.pdb
🧪 Cleaning 5i3x_A_68J.pdb  | Keeping ligand: 68J
✔ Cleaned: 5i3x_A_68J.pdb
🧪 Cleaning 4wy1_A_3VO.pdb  | Keeping ligand: 3VO
✔ Cleaned: 4wy1_A_3VO.pdb
🧪 Cleaning 3ixj_C_586.pdb  | Keeping ligand: 586
✔ Cleaned: 3ixj_C_586.pdb
🧪 Cleaning 2ohq_A_7IP.pdb  | Keeping ligand: 7IP
✔ Cleaned: 2ohq_A_7IP.pdb
🧪 Cleaning 5qcr_A_E4J.pdb  | Keeping ligand: E4J
✔ Cleaned: 5qcr_A_E4J.pdb
🧪 Cleaning 5qd1_C_E61.pdb  | Keeping ligand: E61
✔ Cleaned: 5qd1_C_E61.pdb
🧪 Cleaning 4frj_A_DWB.pdb  | Keeping ligand: DWB
✔ Cleaned: 4frj_A_DWB.pdb
🧪 Cleaning 5qcp_C_E4G.pdb  | Keeping ligand: E4G
✔ Cleaned: 5qcp_C_E4G.pdb
🧪 Cleaning 4h3g_A_10Q.pdb  | Keeping ligand: 10Q
✔ Cleaned: 4h3g_A_10Q.pdb
🧪 Cleaning 4xxs_A_SI5.pdb  | Keeping ligand: SI5
✔ Cleaned: 4xxs_A_SI5.pdb
🧪 Cleaning 6uvp_B_QJM.pdb  | Keeping ligand: QJM
✔ Cleaned: 6uvp_B_QJM.pdb
🧪 Cleaning 4ke0_A_1R8.pdb  | Keeping ligand: 1R8
✔ Cleaned: 4ke0_A_1R8.pdb
🧪 Cleaning 5ie1_A_6BS.pdb  | Keeping ligand: 6BS
✔ Cleaned: 5ie1_A_6BS.pdb
🧪 Cleaning 2qmf_A_CS9.pdb  | Keeping ligand: CS9
✔ Cleaned: 2qmf_A_CS9.pdb
🧪 Cleaning 3ckp_C_012.pdb  | Keeping ligand: 012
✔ Cleaned: 3ckp_C_012.pdb
🧪 Cleaning 5qda_A_E74.pdb  | Keeping ligand: E74
✔ Cleaned: 5qda_A_E74.pdb
🧪 Cleaning 3l59_A_BDJ.pdb  | Keeping ligand: BDJ
✔ Cleaned: 3l59_A_BDJ.pdb
🧪 Cleaning 4jpe_A_1M7.pdb  | Keeping ligand: 1M7
✔ Cleaned: 4jpe_A_1M7.pdb
🧪 Cleaning 3rth_A_RTH.pdb  | Keeping ligand: RTH
✔ Cleaned: 3rth_A_RTH.pdb
🧪 Cleaning 4bek_A_XK0.pdb  | Keeping ligand: XK0
✔ Cleaned: 4bek_A_XK0.pdb
🧪 Cleaning 6bfw_B_DK7.pdb  | Keeping ligand: DK7
✔ Cleaned: 6bfw_B_DK7.pdb
🧪 Cleaning 5he5_B_60S.pdb  | Keeping ligand: 60S
✔ Cleaned: 5he5_B_60S.pdb
🧪 Cleaning 5qdb_A_BAV.pdb  | Keeping ligand: BAV
✔ Cleaned: 5qdb_A_BAV.pdb
🧪 Cleaning 5qct_B_E4Y.pdb  | Keeping ligand: E4Y
✔ Cleaned: 5qct_B_E4Y.pdb
🧪 Cleaning 2irz_A_I02.pdb  | Keeping ligand: I02
✔ Cleaned: 2irz_A_I02.pdb
🧪 Cleaning 5he7_B_60X.pdb  | Keeping ligand: 60X
✔ Cleaned: 5he7_B_60X.pdb
🧪 Cleaning 4djy_B_0KR.pdb  | Keeping ligand: 0KR
✔ Cleaned: 4djy_B_0KR.pdb
🧪 Cleaning 4fsl_B_0VB.pdb  | Keeping ligand: 0VB
✔ Cleaned: 4fsl_B_0VB.pdb
🧪 Cleaning 4lxm_C_1YU.pdb  | Keeping ligand: 1YU
✔ Cleaned: 4lxm_C_1YU.pdb
🧪 Cleaning 3in4_A_BX2.pdb  | Keeping ligand: BX2
✔ Cleaned: 3in4_A_BX2.pdb
🧪 Cleaning 2g94_C_ZPQ.pdb  | Keeping ligand: ZPQ
✔ Cleaned: 2g94_C_ZPQ.pdb
🧪 Cleaning 6nv9_C_L3M.pdb  | Keeping ligand: L3M
✔ Cleaned: 6nv9_C_L3M.pdb
🧪 Cleaning 3dv1_C_AR9.pdb  | Keeping ligand: AR9
✔ Cleaned: 3dv1_C_AR9.pdb
🧪 Cleaning 6eqm_A_BUH.pdb  | Keeping ligand: BUH
✔ Cleaned: 6eqm_A_BUH.pdb
🧪 Cleaning 4rce_A_3LN.pdb  | Keeping ligand: 3LN
✔ Cleaned: 4rce_A_3LN.pdb
🧪 Cleaning 4gid_D_0GH.pdb  | Keeping ligand: 0GH
✔ Cleaned: 4gid_D_0GH.pdb
🧪 Cleaning 4djw_B_0KP.pdb  | Keeping ligand: 0KP
✔ Cleaned: 4djw_B_0KP.pdb
🧪 Cleaning 3ckr_C_009.pdb  | Keeping ligand: 009
✔ Cleaned: 3ckr_C_009.pdb
🧪 Cleaning 6jse_A_C6R.pdb  | Keeping ligand: C6R
✔ Cleaned: 6jse_A_C6R.pdb
🧪 Cleaning 5qdc_A_E77.pdb  | Keeping ligand: E77
✔ Cleaned: 5qdc_A_E77.pdb
🧪 Cleaning 6nv7_B_L3J.pdb  | Keeping ligand: L3J
✔ Cleaned: 6nv7_B_L3J.pdb
🧪 Cleaning 5qd5_B_E6P.pdb  | Keeping ligand: E6P
✔ Cleaned: 5qd5_B_E6P.pdb
🧪 Cleaning 3msl_A_EV5.pdb  | Keeping ligand: EV5
✔ Cleaned: 3msl_A_EV5.pdb
🧪 Cleaning 3pi5_A_3P5.pdb  | Keeping ligand: 3P5
✔ Cleaned: 3pi5_A_3P5.pdb
🧪 Cleaning 3rtn_A_RTN.pdb  | Keeping ligand: RTN
✔ Cleaned: 3rtn_A_RTN.pdb
🧪 Cleaning 4j0v_A_1H7.pdb  | Keeping ligand: 1H7
✔ Cleaned: 4j0v_A_1H7.pdb
🧪 Cleaning 3udy_A_09G.pdb  | Keeping ligand: 09G
✔ Cleaned: 3udy_A_09G.pdb
🧪 Cleaning 5i3y_A_68K.pdb  | Keeping ligand: 68K
✔ Cleaned: 5i3y_A_68K.pdb
🧪 Cleaning 2zdz_A_310.pdb  | Keeping ligand: 310
✔ Cleaned: 2zdz_A_310.pdb
🧪 Cleaning 4d8c_B_BXD.pdb  | Keeping ligand: BXD
✔ Cleaned: 4d8c_B_BXD.pdb
🧪 Cleaning 4ivt_A_VTI.pdb  | Keeping ligand: VTI
✔ Cleaned: 4ivt_A_VTI.pdb
🧪 Cleaning 3i25_B_MV7.pdb  | Keeping ligand: MV7
✔ Cleaned: 3i25_B_MV7.pdb
🧪 Cleaning 5mxd_C_III.pdb  | Keeping ligand: III
✔ Cleaned: 5mxd_C_III.pdb
🧪 Cleaning 2f3e_C_AXQ.pdb  | Keeping ligand: AXQ
✔ Cleaned: 2f3e_C_AXQ.pdb
🧪 Cleaning 3l5d_A_BDV.pdb  | Keeping ligand: BDV
✔ Cleaned: 3l5d_A_BDV.pdb
🧪 Cleaning 4djv_A_0KM.pdb  | Keeping ligand: 0KM
✔ Cleaned: 4djv_A_0KM.pdb
🧪 Cleaning 4fs4_A_H24.pdb  | Keeping ligand: H24
✔ Cleaned: 4fs4_A_H24.pdb
🧪 Cleaning 2xfi_A_XFI.pdb  | Keeping ligand: XFI
✔ Cleaned: 2xfi_A_XFI.pdb
🧪 Cleaning 4j1h_A_1HJ.pdb  | Keeping ligand: 1HJ
✔ Cleaned: 4j1h_A_1HJ.pdb
📊 Step 5 remaining PDB count after cleaning: 617
🎉 DONE — cleaned=617, dropped=0
[08:02:42] [mem] after 5_PDBcln.py parent=93.1MB delta=+0.0MB combined_peak=165.1MB child_peak=72.0MB
[08:02:42] 🚀 Running 6_SASA.py...
[08:02:42] 🐍 Pipeline Python: /app/.heroku/python/bin/python
[08:02:42] [mem] before 6_SASA.py parent=93.1MB combined=93.1MB
[08:02:42] 🧵 Worker caps for 6_SASA.py: pipeline_max=2 WARHEAD_SQCHK_MAX_WORKERS=2 WARHEAD_PDBMKR_MAX_WORKERS=2 WARHEAD_SASA_MAX_WORKERS=3 WARHEAD_METADATA_MAX_WORKERS=3 WARHEAD_MCS_MAX_WORKERS=3
[08:02:42] ⏱ No-output watchdog for 6_SASA.py: 180s
[08:02:42] [mem] running 6_SASA.py parent=93.1MB child_tree=1.4MB combined=94.5MB
📁 Scanning WARHEAD PDB ROOT: WAR_PDB
📁 Step 6 input root resolved: /app/jobs/8926f69a/WAR_PDB
🔎 Found 617 PDB files
🧾 Step 6 sample PDBs: ['BACE1/1tqf_A_32P.pdb', 'BACE1/1w51_A_L01.pdb', 'BACE1/1xs7_D_MMI.pdb', 'BACE1/2b8l_A_5HA.pdb', 'BACE1/2b8v_A_3BN.pdb', 'BACE1/2f3e_A_AXQ.pdb', 'BACE1/2f3e_B_AXQ.pdb', 'BACE1/2f3e_C_AXQ.pdb', 'BACE1/2f3f_A_AXF.pdb', 'BACE1/2f3f_B_AXF.pdb']
🧠 Using max_workers=3 stream_output=True
✅ 1tqf_A_32P.pdb: 17/40 exposed (0.42)
✅ 1xs7_D_MMI.pdb: 25/52 exposed (0.48)
✅ 2b8l_A_5HA.pdb: 9/41 exposed (0.22)
✅ 1w51_A_L01.pdb: 15/39 exposed (0.39)
✅ 2b8v_A_3BN.pdb: 10/38 exposed (0.26)
✅ 2f3e_B_AXQ.pdb: 24/45 exposed (0.53)
✅ 2f3e_A_AXQ.pdb: 24/45 exposed (0.53)
[08:02:47] [mem] running 6_SASA.py parent=93.1MB child_tree=96.6MB combined=189.7MB
✅ 2f3f_A_AXF.pdb: 12/34 exposed (0.35)
✅ 2f3f_B_AXF.pdb: 13/34 exposed (0.38)
✅ 2f3e_C_AXQ.pdb: 23/45 exposed (0.51)
✅ 2f3f_C_AXF.pdb: 11/34 exposed (0.32)
✅ 2fdp_A_FRP.pdb: 15/41 exposed (0.37)
✅ 2fdp_B_FRP.pdb: 14/41 exposed (0.34)
✅ 2fdp_C_FRP.pdb: 16/41 exposed (0.39)
✅ 2g94_B_ZPQ.pdb: 17/45 exposed (0.38)
✅ 2g94_A_ZPQ.pdb: 17/45 exposed (0.38)
✅ 2g94_C_ZPQ.pdb: 17/45 exposed (0.38)
[08:02:53] [mem] running 6_SASA.py parent=93.1MB child_tree=96.8MB combined=189.9MB
✅ 2g94_D_ZPQ.pdb: 16/45 exposed (0.36)
✅ 2iqg_A_F2I.pdb: 13/41 exposed (0.32)
✅ 2hm1_A_LIQ.pdb: 21/45 exposed (0.47)
✅ 2is0_A_I03.pdb: 9/39 exposed (0.23)
✅ 2ntr_A_L00.pdb: 8/38 exposed (0.21)
✅ 2irz_A_I02.pdb: 7/39 exposed (0.18)
✅ 2ohk_A_1SQ.pdb: 14/19 exposed (0.74)
✅ 2oah_A_QIN.pdb: 7/34 exposed (0.21)
📊 Progress: 25/617
✅ 2of0_A_CMZ.pdb: 17/19 exposed (0.90)
✅ 2ohl_A_2AQ.pdb: 13/19 exposed (0.68)
✅ 2ohm_A_8AP.pdb: 10/15 exposed (0.67)
[08:02:58] [mem] running 6_SASA.py parent=93.1MB child_tree=96.8MB combined=189.9MB
✅ 2ohn_A_4FP.pdb: 14/31 exposed (0.45)
✅ 2ohq_A_7IP.pdb: 20/44 exposed (0.46)
✅ 2ohp_A_6IP.pdb: 20/34 exposed (0.59)
✅ 2ohs_A_9IP.pdb: 20/42 exposed (0.48)
✅ 2ohr_A_8IP.pdb: 23/37 exposed (0.62)
✅ 2oht_A_IP6.pdb: 21/24 exposed (0.88)
✅ 2ohu_A_IP7.pdb: 20/32 exposed (0.62)
✅ 2p4j_A_23I.pdb: 17/49 exposed (0.35)
✅ 2p4j_C_23I.pdb: 13/49 exposed (0.27)
[08:03:03] [mem] running 6_SASA.py parent=93.1MB child_tree=96.8MB combined=189.9MB
✅ 2p4j_B_23I.pdb: 15/49 exposed (0.31)
✅ 2p8h_A_MY9.pdb: 10/46 exposed (0.22)
✅ 2p4j_D_23I.pdb: 18/49 exposed (0.37)
✅ 2ph6_A_712.pdb: 10/38 exposed (0.26)
✅ 2q11_A_XX4.pdb: 19/31 exposed (0.61)
✅ 2ph8_A_35A.pdb: 9/32 exposed (0.28)
[08:03:09] [mem] running 6_SASA.py parent=93.1MB child_tree=96.9MB combined=190.0MB
✅ 2q15_A_3MR.pdb: 14/37 exposed (0.38)
✅ 2q11_C_XX4.pdb: 16/31 exposed (0.52)
✅ 2q11_B_XX4.pdb: 18/31 exposed (0.58)
✅ 2qk5_A_CS5.pdb: 15/42 exposed (0.36)
✅ 2qmd_A_CS7.pdb: 17/44 exposed (0.39)
✅ 2qk5_B_CS5.pdb: 14/42 exposed (0.33)
✅ 2qmd_B_CS7.pdb: 16/44 exposed (0.36)
📊 Progress: 50/617
✅ 2qmf_A_CS9.pdb: 12/43 exposed (0.28)
✅ 2qmf_B_CS9.pdb: 15/43 exposed (0.35)
✅ 2qmg_A_SC6.pdb: 14/44 exposed (0.32)
[08:03:14] [mem] running 6_SASA.py parent=93.1MB child_tree=97.2MB combined=190.3MB
✅ 2qmg_B_SC6.pdb: 17/44 exposed (0.39)
✅ 2qp8_A_SC7.pdb: 15/40 exposed (0.38)
✅ 2qp8_B_SC7.pdb: 14/40 exposed (0.35)
✅ 2qu3_A_462.pdb: 17/29 exposed (0.59)
✅ 2qzk_A_I21.pdb: 14/40 exposed (0.35)
✅ 2qu2_A_251.pdb: 15/24 exposed (0.62)
✅ 2qzl_A_IXS.pdb: 11/46 exposed (0.24)
✅ 2vie_A_VG0.pdb: 15/39 exposed (0.39)
✅ 2vij_A_C44.pdb: 44/84 exposed (0.52)
✅ 2viy_A_VG3.pdb: 15/40 exposed (0.38)
✅ 2viz_A_VG4.pdb: 13/42 exposed (0.31)
[08:03:20] [mem] running 6_SASA.py parent=93.1MB child_tree=97.2MB combined=190.3MB
✅ 2vj6_A_VG5.pdb: 12/41 exposed (0.29)
✅ 2vj7_A_VG6.pdb: 14/41 exposed (0.34)
✅ 2vkm_A_BSD.pdb: 14/47 exposed (0.30)
✅ 2vj9_A_VG7.pdb: 12/36 exposed (0.33)
✅ 2vkm_B_BSD.pdb: 12/47 exposed (0.26)
✅ 2vkm_D_BSD.pdb: 10/47 exposed (0.21)
✅ 2vkm_C_BSD.pdb: 10/47 exposed (0.21)
✅ 2vnm_A_CM8.pdb: 50/86 exposed (0.58)
✅ 2vnn_A_CM7.pdb: 12/44 exposed (0.27)
[08:03:25] [mem] running 6_SASA.py parent=93.1MB child_tree=97.2MB combined=190.3MB
✅ 2wez_A_ZYE.pdb: 13/41 exposed (0.32)
✅ 2wf0_A_ZY0.pdb: 14/44 exposed (0.32)
📊 Progress: 75/617
✅ 2wf1_A_ZY1.pdb: 12/42 exposed (0.29)
✅ 2wf2_A_ZY2.pdb: 13/43 exposed (0.30)
✅ 2wf3_A_ZY3.pdb: 12/41 exposed (0.29)
✅ 2wf4_A_ZY4.pdb: 12/40 exposed (0.30)
✅ 2xfi_A_XFI.pdb: 13/43 exposed (0.30)
✅ 2xfj_A_VG5.pdb: 14/41 exposed (0.34)
✅ 2wjo_A_QUD.pdb: 19/35 exposed (0.54)
✅ 2xfk_A_AA9.pdb: 13/46 exposed (0.28)
[08:03:31] [mem] running 6_SASA.py parent=93.1MB child_tree=97.2MB combined=190.3MB
✅ 2zdz_A_310.pdb: 19/35 exposed (0.54)
✅ 2ze1_A_411.pdb: 22/34 exposed (0.65)
✅ 2zjh_A_F1H.pdb: 12/20 exposed (0.60)
✅ 2zjk_A_F1K.pdb: 13/21 exposed (0.62)
✅ 2zji_A_F1I.pdb: 16/24 exposed (0.67)
✅ 2zjj_A_F1J.pdb: 10/20 exposed (0.50)
✅ 2zjl_A_F1L.pdb: 14/25 exposed (0.56)
✅ 2zjk_B_F1K.pdb: 13/21 exposed (0.62)
✅ 2zjk_C_F1K.pdb: 12/21 exposed (0.57)
✅ 2zjn_A_F1N.pdb: 19/36 exposed (0.53)
✅ 2zjm_A_F1M.pdb: 15/35 exposed (0.43)
[08:03:36] [mem] running 6_SASA.py parent=93.1MB child_tree=97.2MB combined=190.3MB
✅ 3bra_A_AEF.pdb: 10/10 exposed (1.00)
✅ 3buf_A_AEG.pdb: 9/11 exposed (0.82)
✅ 3buh_A_AED.pdb: 12/16 exposed (0.75)
✅ 3bug_A_AEH.pdb: 10/12 exposed (0.83)
✅ 3cic_A_316.pdb: 14/45 exposed (0.31)
✅ 3cib_A_314.pdb: 15/44 exposed (0.34)
📊 Progress: 100/617
✅ 3cib_B_314.pdb: 17/44 exposed (0.39)
✅ 3cic_B_316.pdb: 15/45 exposed (0.33)
✅ 3cid_B_318.pdb: 15/44 exposed (0.34)
[08:03:41] [mem] running 6_SASA.py parent=93.1MB child_tree=97.3MB combined=190.4MB
✅ 3cid_A_318.pdb: 14/44 exposed (0.32)
✅ 3ckp_B_012.pdb: 19/40 exposed (0.47)
✅ 3ckp_A_012.pdb: 19/40 exposed (0.47)
✅ 3ckp_C_012.pdb: 18/40 exposed (0.45)
✅ 3ckr_A_009.pdb: 21/45 exposed (0.47)
✅ 3ckr_B_009.pdb: 19/45 exposed (0.42)
✅ 3ckr_C_009.pdb: 19/45 exposed (0.42)
✅ 3dm6_A_757.pdb: 24/62 exposed (0.39)
✅ 3dm6_C_757.pdb: 24/62 exposed (0.39)
[08:03:46] [mem] running 6_SASA.py parent=93.1MB child_tree=97.3MB combined=190.4MB
✅ 3dm6_B_757.pdb: 21/62 exposed (0.34)
✅ 3duy_A_AFJ.pdb: 14/33 exposed (0.42)
✅ 3dv1_A_AR9.pdb: 14/31 exposed (0.45)
✅ 3duy_B_AFJ.pdb: 15/33 exposed (0.46)
✅ 3duy_C_AFJ.pdb: 15/33 exposed (0.46)
✅ 3dv1_C_AR9.pdb: 13/31 exposed (0.42)
✅ 3dv1_B_AR9.pdb: 13/31 exposed (0.42)
✅ 3dv5_A_BAV.pdb: 17/35 exposed (0.49)
✅ 3dv5_B_BAV.pdb: 13/35 exposed (0.37)
✅ 3dv5_C_BAV.pdb: 17/35 exposed (0.49)
[08:03:52] [mem] running 6_SASA.py parent=93.1MB child_tree=97.3MB combined=190.4MB
✅ 3exo_A_5MS.pdb: 16/25 exposed (0.64)
✅ 3fkt_A_SII.pdb: 15/36 exposed (0.42)
✅ 3h0b_A_B35.pdb: 17/28 exposed (0.61)
📊 Progress: 125/617
✅ 3h0b_B_B35.pdb: 18/28 exposed (0.64)
✅ 3h0b_C_B35.pdb: 17/28 exposed (0.61)
✅ 3hvg_A_EV0.pdb: 6/11 exposed (0.55)
✅ 3hvg_B_EV0.pdb: 18/22 exposed (0.82)
✅ 3hw1_A_EV2.pdb: 13/16 exposed (0.81)
[08:03:57] [mem] running 6_SASA.py parent=93.1MB child_tree=97.3MB combined=190.4MB
✅ 3hw1_C_EV2.pdb: 15/16 exposed (0.94)
✅ 3hw1_B_EV2.pdb: 15/16 exposed (0.94)
✅ 3i25_A_MV7.pdb: 17/63 exposed (0.27)
✅ 3i25_B_MV7.pdb: 15/63 exposed (0.24)
✅ 3i25_C_MV7.pdb: 16/63 exposed (0.25)
✅ 3igb_A_454.pdb: 13/22 exposed (0.59)
✅ 3in3_A_472.pdb: 20/26 exposed (0.77)
✅ 3in4_A_BX2.pdb: 21/30 exposed (0.70)
✅ 3ind_A_593.pdb: 12/24 exposed (0.50)
✅ 3ine_A_X17.pdb: 16/27 exposed (0.59)
✅ 3inf_A_X45.pdb: 20/29 exposed (0.69)
[08:04:02] [mem] running 6_SASA.py parent=93.1MB child_tree=97.3MB combined=190.4MB
✅ 3ivi_A_2LI.pdb: 17/37 exposed (0.46)
✅ 3inh_A_569.pdb: 20/32 exposed (0.62)
✅ 3ivh_A_1LI.pdb: 14/34 exposed (0.41)
✅ 3ivi_B_2LI.pdb: 17/37 exposed (0.46)
✅ 3ivi_C_2LI.pdb: 16/37 exposed (0.43)
✅ 3ixj_A_586.pdb: 17/60 exposed (0.28)
✅ 3ixj_B_586.pdb: 17/60 exposed (0.28)
✅ 3ixj_C_586.pdb: 19/60 exposed (0.32)
✅ 3ixk_A_929.pdb: 16/60 exposed (0.27)
📊 Progress: 150/617
[08:04:08] [mem] running 6_SASA.py parent=93.1MB child_tree=97.3MB combined=190.4MB
✅ 3ixk_B_929.pdb: 18/60 exposed (0.30)
✅ 3ixk_C_929.pdb: 19/60 exposed (0.32)
✅ 3k5c_A_0BI.pdb: 20/42 exposed (0.48)
✅ 3k5c_C_0BI.pdb: 23/42 exposed (0.55)
✅ 3k5c_B_0BI.pdb: 25/42 exposed (0.59)
✅ 3k5d_A_XLI.pdb: 18/37 exposed (0.49)
✅ 3k5d_B_XLI.pdb: 20/37 exposed (0.54)
✅ 3k5f_B_AYH.pdb: 10/36 exposed (0.28)
✅ 3k5f_A_AYH.pdb: 11/36 exposed (0.31)
✅ 3k5d_C_XLI.pdb: 18/37 exposed (0.49)
✅ 3k5g_A_BJC.pdb: 17/41 exposed (0.41)
[08:04:13] [mem] running 6_SASA.py parent=93.1MB child_tree=97.3MB combined=190.4MB
✅ 3k5f_C_AYH.pdb: 9/36 exposed (0.25)
✅ 3k5g_C_BJC.pdb: 16/41 exposed (0.39)
✅ 3k5g_B_BJC.pdb: 15/41 exposed (0.37)
✅ 3kmx_A_G00.pdb: 7/17 exposed (0.41)
✅ 3kmx_B_G00.pdb: 5/17 exposed (0.29)
✅ 3kmy_A_D8Y.pdb: 6/16 exposed (0.38)
✅ 3kmy_B_D8Y.pdb: 7/16 exposed (0.44)
✅ 3kn0_A_3TO.pdb: 11/24 exposed (0.46)
✅ 3kn0_B_3TO.pdb: 11/24 exposed (0.46)
[08:04:18] [mem] running 6_SASA.py parent=93.1MB child_tree=97.3MB combined=190.4MB
✅ 3kyr_B_038.pdb: 32/52 exposed (0.61)
✅ 3kyr_A_038.pdb: 31/52 exposed (0.60)
✅ 3kyr_C_038.pdb: 33/52 exposed (0.64)
✅ 3l3a_A_625.pdb: 18/32 exposed (0.56)
✅ 3l38_A_879.pdb: 15/33 exposed (0.46)
📊 Progress: 175/617
✅ 3l58_A_CS5.pdb: 13/42 exposed (0.31)
✅ 3l59_A_BDJ.pdb: 8/17 exposed (0.47)
✅ 3l58_B_CS5.pdb: 14/42 exposed (0.33)
✅ 3l5b_A_BDO.pdb: 14/20 exposed (0.70)
[08:04:23] [mem] running 6_SASA.py parent=93.1MB child_tree=97.4MB combined=190.5MB
✅ 3l5b_B_BDO.pdb: 14/20 exposed (0.70)
✅ 3l5c_A_BDQ.pdb: 20/32 exposed (0.62)
✅ 3l5d_A_BDV.pdb: 18/28 exposed (0.64)
✅ 3l5c_B_BDQ.pdb: 16/32 exposed (0.50)
✅ 3l5d_B_BDV.pdb: 16/28 exposed (0.57)
✅ 3l5e_A_BDW.pdb: 19/39 exposed (0.49)
✅ 3l5e_B_BDW.pdb: 20/39 exposed (0.51)
✅ 3l5f_A_BDX.pdb: 12/23 exposed (0.52)
✅ 3l5f_B_BDX.pdb: 12/23 exposed (0.52)
[08:04:29] [mem] running 6_SASA.py parent=93.1MB child_tree=97.4MB combined=190.5MB
✅ 3lhg_A_Z81.pdb: 20/28 exposed (0.71)
✅ 3lnk_A_74A.pdb: 24/45 exposed (0.53)
✅ 3lnk_B_74A.pdb: 24/45 exposed (0.53)
✅ 3msj_A_EV3.pdb: 12/15 exposed (0.80)
✅ 3msj_B_EV3.pdb: 12/15 exposed (0.80)
✅ 3msj_C_EV3.pdb: 13/15 exposed (0.87)
✅ 3msk_A_EV4.pdb: 17/24 exposed (0.71)
✅ 3msl_A_EV5.pdb: 18/25 exposed (0.72)
✅ 3n4l_A_842.pdb: 15/35 exposed (0.43)
✅ 3n4l_B_842.pdb: 15/35 exposed (0.43)
[08:04:34] [mem] running 6_SASA.py parent=93.1MB child_tree=97.4MB combined=190.5MB
✅ 3n4l_C_842.pdb: 14/35 exposed (0.40)
✅ 3nsh_A_957.pdb: 13/31 exposed (0.42)
📊 Progress: 200/617
✅ 3nsh_B_957.pdb: 13/31 exposed (0.42)
✅ 3nsh_C_957.pdb: 12/31 exposed (0.39)
✅ 3ooz_A_ZOO.pdb: 18/31 exposed (0.58)
✅ 3pi5_A_3P5.pdb: 13/29 exposed (0.45)
✅ 3pi5_B_3P5.pdb: 13/29 exposed (0.45)
✅ 3pi5_C_3P5.pdb: 14/29 exposed (0.48)
✅ 3qbh_B_QBH.pdb: 12/38 exposed (0.32)
✅ 3qbh_C_QBH.pdb: 11/38 exposed (0.29)
[08:04:39] [mem] running 6_SASA.py parent=93.2MB child_tree=97.4MB combined=190.6MB
✅ 3qi1_A_C6A.pdb: 12/36 exposed (0.33)
✅ 3qbh_A_QBH.pdb: 12/38 exposed (0.32)
✅ 3rsv_A_3RS.pdb: 15/32 exposed (0.47)
✅ 3rsx_A_RSV.pdb: 13/16 exposed (0.81)
✅ 3rth_A_RTH.pdb: 17/23 exposed (0.74)
✅ 3rtm_A_RTM.pdb: 16/23 exposed (0.70)
✅ 3rtn_A_RTN.pdb: 14/29 exposed (0.48)
✅ 3rvi_A_RVI.pdb: 16/33 exposed (0.48)
✅ 3ru1_A_3RU.pdb: 17/23 exposed (0.74)
✅ 3s2o_A_EV6.pdb: 18/28 exposed (0.64)
[08:04:45] [mem] running 6_SASA.py parent=93.2MB child_tree=97.4MB combined=190.6MB
✅ 3s7l_A_591.pdb: 17/27 exposed (0.63)
✅ 3s7m_A_532.pdb: 16/25 exposed (0.64)
✅ 3tpp_A_5HA.pdb: 10/41 exposed (0.24)
✅ 3tpr_A_5HA.pdb: 23/41 exposed (0.56)
✅ 3u6a_A_18P.pdb: 17/26 exposed (0.65)
✅ 3u6a_B_18P.pdb: 9/26 exposed (0.35)
✅ 3udh_A_091.pdb: 10/14 exposed (0.71)
📊 Progress: 225/617
✅ 3u6a_C_18P.pdb: 10/26 exposed (0.39)
✅ 3udj_A_092.pdb: 11/18 exposed (0.61)
✅ 3udk_A_095.pdb: 14/23 exposed (0.61)
[08:04:50] [mem] running 6_SASA.py parent=93.2MB child_tree=97.5MB combined=190.7MB
✅ 3udm_A_09A.pdb: 14/24 exposed (0.58)
✅ 3udn_A_09B.pdb: 17/26 exposed (0.65)
✅ 3udq_A_09E.pdb: 15/30 exposed (0.50)
✅ 3udp_A_09D.pdb: 16/28 exposed (0.57)
✅ 3udr_A_09F.pdb: 13/25 exposed (0.52)
✅ 3udy_A_09G.pdb: 17/27 exposed (0.63)
✅ 3ufl_A_508.pdb: 16/34 exposed (0.47)
✅ 3uqu_A_ZPX.pdb: 12/43 exposed (0.28)
✅ 3uqw_A_ZPY.pdb: 18/48 exposed (0.38)
✅ 3uqx_A_ZPZ.pdb: 12/46 exposed (0.26)
[08:04:56] [mem] running 6_SASA.py parent=93.2MB child_tree=97.6MB combined=190.8MB
✅ 3veu_A_0GO.pdb: 12/40 exposed (0.30)
✅ 3vf3_A_0GS.pdb: 15/31 exposed (0.48)
✅ 3vg1_A_0GT.pdb: 17/35 exposed (0.49)
✅ 3vv6_A_B00.pdb: 12/18 exposed (0.67)
✅ 3vv7_A_0B1.pdb: 15/26 exposed (0.58)
✅ 3wb4_A_0B3.pdb: 11/18 exposed (0.61)
✅ 3vv8_A_B02.pdb: 19/25 exposed (0.76)
✅ 3wb5_A_0B4.pdb: 14/19 exposed (0.74)
✅ 3zmg_A_6Z0.pdb: 15/28 exposed (0.54)
[08:05:01] [mem] running 6_SASA.py parent=93.2MB child_tree=97.6MB combined=190.8MB
✅ 3zov_A_WZV.pdb: 17/31 exposed (0.55)
✅ 4acx_A_S8Z.pdb: 20/33 exposed (0.61)
✅ 4acu_A_QN7.pdb: 19/33 exposed (0.58)
📊 Progress: 250/617
✅ 4azy_A_7F3.pdb: 20/34 exposed (0.59)
✅ 4b00_A_I6X.pdb: 18/36 exposed (0.50)
✅ 4b05_A_32D.pdb: 18/32 exposed (0.56)
✅ 4b0q_A_GMF.pdb: 17/25 exposed (0.68)
[08:05:06] [mem] running 6_SASA.py parent=93.2MB child_tree=97.6MB combined=190.8MB
✅ 4b1d_A_6TG.pdb: 17/29 exposed (0.59)
✅ 4b1c_A_1B1.pdb: 15/25 exposed (0.60)
✅ 4b72_A_2FB.pdb: 20/30 exposed (0.67)
✅ 4b70_A_WM9.pdb: 14/21 exposed (0.67)
✅ 4b1e_A_6T6.pdb: 15/25 exposed (0.60)
✅ 4bek_A_XK0.pdb: 11/16 exposed (0.69)
✅ 4b77_A_54M.pdb: 16/26 exposed (0.61)
✅ 4b78_A_KGG.pdb: 19/28 exposed (0.68)
✅ 4bfd_A_8T3.pdb: 16/26 exposed (0.61)
[08:05:11] [mem] running 6_SASA.py parent=93.2MB child_tree=97.6MB combined=190.8MB
✅ 4d83_B_0GT.pdb: 15/35 exposed (0.43)
✅ 4d83_A_0GT.pdb: 16/35 exposed (0.46)
✅ 4d83_C_0GT.pdb: 15/35 exposed (0.43)
✅ 4d88_A_BXQ.pdb: 13/37 exposed (0.35)
✅ 4d85_A_0GU.pdb: 14/39 exposed (0.36)
✅ 4d8c_B_BXD.pdb: 15/40 exposed (0.38)
✅ 4d89_A_BXD.pdb: 13/40 exposed (0.33)
✅ 4d8c_A_BXD.pdb: 16/40 exposed (0.40)
✅ 4d8c_C_BXD.pdb: 16/40 exposed (0.40)
✅ 4di2_A_0K9.pdb: 18/42 exposed (0.43)
✅ 4dh6_A_0KN.pdb: 16/40 exposed (0.40)
✅ 4di2_B_0K9.pdb: 18/42 exposed (0.43)
[08:05:17] [mem] running 6_SASA.py parent=93.2MB child_tree=97.6MB combined=190.8MB
📊 Progress: 275/617
✅ 4di2_C_0K9.pdb: 17/42 exposed (0.41)
✅ 4dju_B_0KK.pdb: 14/20 exposed (0.70)
✅ 4dju_A_0KK.pdb: 12/20 exposed (0.60)
✅ 4djv_B_0KM.pdb: 17/28 exposed (0.61)
✅ 4djv_A_0KM.pdb: 17/28 exposed (0.61)
✅ 4djw_A_0KP.pdb: 17/26 exposed (0.65)
✅ 4djw_B_0KP.pdb: 18/26 exposed (0.69)
✅ 4djx_B_0KQ.pdb: 12/24 exposed (0.50)
✅ 4djx_A_0KQ.pdb: 13/24 exposed (0.54)
[08:05:22] [mem] running 6_SASA.py parent=93.2MB child_tree=97.6MB combined=190.8MB
✅ 4djy_B_0KR.pdb: 14/26 exposed (0.54)
✅ 4djy_A_0KR.pdb: 15/26 exposed (0.58)
✅ 4dpf_A_0LG.pdb: 21/46 exposed (0.46)
✅ 4dpi_A_0N1.pdb: 12/41 exposed (0.29)
✅ 4dus_A_0MP.pdb: 14/35 exposed (0.40)
✅ 4ewo_A_996.pdb: 10/32 exposed (0.31)
✅ 4exg_A_916.pdb: 12/32 exposed (0.38)
✅ 4fco_A_0U4.pdb: 17/53 exposed (0.32)
✅ 4fm7_A_0UP.pdb: 14/33 exposed (0.42)
[08:05:27] [mem] running 6_SASA.py parent=93.2MB child_tree=97.8MB combined=191.0MB
✅ 4fm8_A_0UQ.pdb: 16/32 exposed (0.50)
✅ 4fri_A_DWA.pdb: 18/27 exposed (0.67)
✅ 4frj_A_DWB.pdb: 15/29 exposed (0.52)
✅ 4frk_A_DWD.pdb: 19/30 exposed (0.63)
✅ 4frs_A_0V6.pdb: 11/25 exposed (0.44)
✅ 4frs_B_0V6.pdb: 11/25 exposed (0.44)
✅ 4fs4_A_H24.pdb: 12/24 exposed (0.50)
📊 Progress: 300/617
✅ 4fs4_B_H24.pdb: 15/24 exposed (0.62)
✅ 4fsl_A_0VB.pdb: 14/33 exposed (0.42)
✅ 4fsl_B_0VB.pdb: 14/33 exposed (0.42)
[08:05:32] [mem] running 6_SASA.py parent=93.2MB child_tree=97.8MB combined=191.0MB
✅ 4fsl_E_0VB.pdb: 14/33 exposed (0.42)
✅ 4fsl_D_0VB.pdb: 14/33 exposed (0.42)
✅ 4gid_A_0GH.pdb: 10/47 exposed (0.21)
✅ 4gid_A_LPD.pdb: 5/8 exposed (0.62)
✅ 4gid_B_0GH.pdb: 13/47 exposed (0.28)
✅ 4gid_C_LPD.pdb: 5/8 exposed (0.62)
✅ 4gid_B_LPD.pdb: 5/8 exposed (0.62)
✅ 4gid_C_0GH.pdb: 9/47 exposed (0.19)
✅ 4gid_D_0GH.pdb: 11/47 exposed (0.23)
[08:05:38] [mem] running 6_SASA.py parent=93.2MB child_tree=97.8MB combined=191.0MB
✅ 4gid_D_LPD.pdb: 5/8 exposed (0.62)
✅ 4gmi_A_0XA.pdb: 15/37 exposed (0.41)
✅ 4h1e_B_10J.pdb: 20/33 exposed (0.61)
✅ 4h1e_A_10J.pdb: 22/33 exposed (0.67)
✅ 4h3f_A_10O.pdb: 15/33 exposed (0.46)
✅ 4h3g_A_10Q.pdb: 17/33 exposed (0.52)
✅ 4h3f_B_10O.pdb: 17/33 exposed (0.52)
✅ 4h3g_B_10Q.pdb: 21/33 exposed (0.64)
✅ 4h3i_A_10V.pdb: 23/33 exposed (0.70)
[08:05:43] [mem] running 6_SASA.py parent=93.2MB child_tree=97.8MB combined=191.0MB
✅ 4h3i_B_10V.pdb: 21/33 exposed (0.64)
✅ 4h3j_B_10W.pdb: 19/32 exposed (0.59)
✅ 4h3j_A_10W.pdb: 18/32 exposed (0.56)
✅ 4ha5_B_13W.pdb: 16/23 exposed (0.70)
📊 Progress: 325/617
✅ 4ha5_A_13W.pdb: 17/23 exposed (0.74)
✅ 4hzt_A_0ZA.pdb: 14/28 exposed (0.50)
✅ 4i0d_A_1B7.pdb: 12/27 exposed (0.44)
✅ 4i0e_A_1B8.pdb: 15/30 exposed (0.50)
✅ 4i0f_A_1BF.pdb: 13/29 exposed (0.45)
[08:05:48] [mem] running 6_SASA.py parent=93.2MB child_tree=97.8MB combined=191.0MB
✅ 4i0g_A_1B9.pdb: 13/25 exposed (0.52)
✅ 4i0h_A_1BL.pdb: 21/40 exposed (0.53)
✅ 4i0h_B_1BL.pdb: 17/40 exposed (0.42)
✅ 4i0h_C_1BL.pdb: 17/40 exposed (0.42)
✅ 4i0i_A_957.pdb: 13/31 exposed (0.42)
✅ 4i0i_C_957.pdb: 12/31 exposed (0.39)
✅ 4i0i_B_957.pdb: 13/31 exposed (0.42)
✅ 4i0j_A_842.pdb: 13/35 exposed (0.37)
✅ 4i0z_A_1BB.pdb: 20/31 exposed (0.65)
✅ 4i10_A_1BS.pdb: 22/33 exposed (0.67)
[08:05:54] [mem] running 6_SASA.py parent=93.2MB child_tree=97.9MB combined=191.1MB
✅ 4i11_A_1CH.pdb: 16/24 exposed (0.67)
✅ 4i12_A_1BC.pdb: 16/36 exposed (0.44)
✅ 4ivs_A_VSI.pdb: 21/31 exposed (0.68)
✅ 4ivt_A_VTI.pdb: 16/29 exposed (0.55)
✅ 4i1c_A_1BE.pdb: 13/32 exposed (0.41)
✅ 4j0p_A_1H8.pdb: 14/26 exposed (0.54)
✅ 4j0v_A_1H7.pdb: 15/27 exposed (0.56)
✅ 4j0y_A_1H6.pdb: 15/27 exposed (0.56)
[08:06:00] [mem] running 6_SASA.py parent=93.2MB child_tree=97.9MB combined=191.1MB
✅ 4j0z_A_1H5.pdb: 16/28 exposed (0.57)
✅ 4j0t_A_6T9.pdb: 17/29 exposed (0.59)
📊 Progress: 350/617
✅ 4j1e_A_1HM.pdb: 19/31 exposed (0.61)
✅ 4j1c_A_1HO.pdb: 16/29 exposed (0.55)
✅ 4j17_A_1HQ.pdb: 16/28 exposed (0.57)
✅ 4j1f_A_1HL.pdb: 18/30 exposed (0.60)
✅ 4j1i_A_1HH.pdb: 16/31 exposed (0.52)
✅ 4j1h_A_1HJ.pdb: 18/30 exposed (0.60)
✅ 4j1k_A_1HG.pdb: 16/31 exposed (0.52)
[08:06:05] [mem] running 6_SASA.py parent=93.2MB child_tree=97.9MB combined=191.1MB
✅ 4jp9_A_1M5.pdb: 19/26 exposed (0.73)
✅ 4joo_A_1M4.pdb: 14/20 exposed (0.70)
✅ 4jpc_A_1M6.pdb: 19/27 exposed (0.70)
✅ 4k8s_B_1QT.pdb: 15/37 exposed (0.41)
✅ 4jpe_A_1M7.pdb: 17/25 exposed (0.68)
✅ 4k8s_A_1QT.pdb: 16/37 exposed (0.43)
✅ 4k9h_A_1QU.pdb: 14/44 exposed (0.32)
✅ 4k8s_C_1QT.pdb: 14/37 exposed (0.38)
✅ 4k9h_B_1QU.pdb: 15/44 exposed (0.34)
[08:06:10] [mem] running 6_SASA.py parent=93.2MB child_tree=97.9MB combined=191.1MB
✅ 4ke0_A_1R8.pdb: 15/36 exposed (0.42)
✅ 4k9h_C_1QU.pdb: 17/44 exposed (0.39)
✅ 4ke0_B_1R8.pdb: 16/36 exposed (0.44)
✅ 4ke0_C_1R8.pdb: 12/36 exposed (0.33)
✅ 4l7g_A_1W0.pdb: 14/22 exposed (0.64)
✅ 4ke1_A_1R6.pdb: 19/41 exposed (0.46)
✅ 4l7h_A_1W1.pdb: 17/26 exposed (0.65)
✅ 4l7j_A_1W2.pdb: 16/26 exposed (0.61)
✅ 4lc7_A_1WP.pdb: 17/23 exposed (0.74)
📊 Progress: 375/617
✅ 4lxa_A_1YS.pdb: 18/39 exposed (0.46)
✅ 4lxa_B_1YS.pdb: 18/39 exposed (0.46)
[08:06:15] [mem] running 6_SASA.py parent=93.2MB child_tree=97.9MB combined=191.1MB
✅ 4lxa_C_1YS.pdb: 15/39 exposed (0.39)
✅ 4lxk_A_1YT.pdb: 15/38 exposed (0.40)
✅ 4lxk_B_1YT.pdb: 18/38 exposed (0.47)
✅ 4lxk_C_1YT.pdb: 14/38 exposed (0.37)
✅ 4lxm_A_1YU.pdb: 16/39 exposed (0.41)
✅ 4lxm_C_1YU.pdb: 15/39 exposed (0.39)
✅ 4lxm_B_1YU.pdb: 15/39 exposed (0.39)
[08:06:21] [mem] running 6_SASA.py parent=93.2MB child_tree=97.9MB combined=191.1MB
✅ 4n00_A_2EX.pdb: 13/28 exposed (0.46)
✅ 4pzw_A_2X4.pdb: 17/26 exposed (0.65)
✅ 4pzx_A_2X5.pdb: 17/26 exposed (0.65)
✅ 4r5n_A_3J9.pdb: 15/27 exposed (0.56)
✅ 4r8y_B_3KO.pdb: 13/30 exposed (0.43)
✅ 4r91_A_3KT.pdb: 13/29 exposed (0.45)
✅ 4r92_A_3KU.pdb: 19/32 exposed (0.59)
✅ 4r8y_A_3KO.pdb: 15/30 exposed (0.50)
[08:06:26] [mem] running 6_SASA.py parent=93.2MB child_tree=97.9MB combined=191.1MB
✅ 4r92_B_3KU.pdb: 18/32 exposed (0.56)
✅ 4r91_B_3KT.pdb: 15/29 exposed (0.52)
✅ 4r93_A_779.pdb: 20/33 exposed (0.61)
✅ 4r95_A_3KW.pdb: 19/34 exposed (0.56)
✅ 4r95_B_3KW.pdb: 21/34 exposed (0.62)
✅ 4r93_B_779.pdb: 21/33 exposed (0.64)
✅ 4rcd_A_3LL.pdb: 18/33 exposed (0.55)
✅ 4rce_A_3LN.pdb: 16/31 exposed (0.52)
📊 Progress: 400/617
✅ 4rcf_A_3LO.pdb: 16/33 exposed (0.48)
✅ 4rro_A_3UX.pdb: 15/29 exposed (0.52)
✅ 4rrs_A_3UY.pdb: 16/27 exposed (0.59)
[08:06:31] [mem] running 6_SASA.py parent=93.2MB child_tree=97.9MB combined=191.1MB
✅ 4rrn_A_3UW.pdb: 14/28 exposed (0.50)
✅ 4wy1_A_3VO.pdb: 10/19 exposed (0.53)
✅ 4wtu_A_3UT.pdb: 18/33 exposed (0.55)
✅ 4x2l_A_3WP.pdb: 17/28 exposed (0.61)
✅ 4wy6_A_3VP.pdb: 18/36 exposed (0.50)
✅ 4x7i_A_3YS.pdb: 12/27 exposed (0.44)
✅ 4x7i_B_3YS.pdb: 12/27 exposed (0.44)
✅ 4xkx_A_43K.pdb: 18/33 exposed (0.55)
✅ 4xxs_A_SI5.pdb: 13/25 exposed (0.52)
✅ 4ybi_A_4B2.pdb: 12/22 exposed (0.55)
[08:06:36] [mem] running 6_SASA.py parent=93.2MB child_tree=97.9MB combined=191.1MB
✅ 4ybi_B_4B2.pdb: 12/22 exposed (0.55)
✅ 4zpe_A_4QA.pdb: 14/36 exposed (0.39)
✅ 4zpg_A_4QF.pdb: 12/33 exposed (0.36)
✅ 4zpf_A_4QD.pdb: 14/37 exposed (0.38)
✅ 4zsm_B_4RW.pdb: 7/11 exposed (0.64)
✅ 4zsm_A_4RW.pdb: 6/11 exposed (0.55)
✅ 4zsp_A_4RZ.pdb: 12/21 exposed (0.57)
✅ 4zsq_A_4RX.pdb: 13/24 exposed (0.54)
✅ 4zsp_B_4RZ.pdb: 11/21 exposed (0.52)
[08:06:41] [mem] running 6_SASA.py parent=93.2MB child_tree=97.9MB combined=191.1MB
✅ 4zsq_B_4RX.pdb: 15/24 exposed (0.62)
✅ 4zsr_B_4RY.pdb: 13/24 exposed (0.54)
✅ 4zsr_A_4RY.pdb: 13/24 exposed (0.54)
📊 Progress: 425/617
✅ 5clm_A_52K.pdb: 15/24 exposed (0.62)
✅ 5dqc_A_5E7.pdb: 10/49 exposed (0.20)
✅ 5dqc_B_5E7.pdb: 9/49 exposed (0.18)
✅ 5dqc_C_5E7.pdb: 11/49 exposed (0.22)
✅ 5ezx_A_5T5.pdb: 19/28 exposed (0.68)
✅ 5ezz_A_5T6.pdb: 19/30 exposed (0.63)
[08:06:46] [mem] running 6_SASA.py parent=93.2MB child_tree=97.9MB combined=191.1MB
✅ 5f00_A_5T8.pdb: 16/26 exposed (0.61)
✅ 5f01_A_5T7.pdb: 15/27 exposed (0.56)
✅ 5hd0_A_60Y.pdb: 19/32 exposed (0.59)
✅ 5hd0_B_60Y.pdb: 21/32 exposed (0.66)
✅ 5hdu_A_60W.pdb: 13/34 exposed (0.38)
✅ 5hdv_A_60V.pdb: 14/29 exposed (0.48)
✅ 5hdu_B_60W.pdb: 16/34 exposed (0.47)
✅ 5hdv_B_60V.pdb: 14/29 exposed (0.48)
✅ 5hdx_B_60U.pdb: 19/30 exposed (0.63)
✅ 5hdx_A_60U.pdb: 17/30 exposed (0.57)
[08:06:52] [mem] running 6_SASA.py parent=93.2MB child_tree=97.9MB combined=191.1MB
✅ 5hdz_A_954.pdb: 17/29 exposed (0.59)
✅ 5hdz_B_954.pdb: 17/29 exposed (0.59)
✅ 5he4_A_60T.pdb: 10/30 exposed (0.33)
✅ 5he4_B_60T.pdb: 13/30 exposed (0.43)
✅ 5he5_A_60S.pdb: 15/29 exposed (0.52)
✅ 5he7_A_60X.pdb: 12/30 exposed (0.40)
✅ 5he5_B_60S.pdb: 15/29 exposed (0.52)
✅ 5he7_B_60X.pdb: 15/30 exposed (0.50)
[08:06:57] [mem] running 6_SASA.py parent=93.2MB child_tree=97.9MB combined=191.1MB
✅ 5htz_B_66J.pdb: 11/26 exposed (0.42)
📊 Progress: 450/617
✅ 5htz_A_66J.pdb: 13/26 exposed (0.50)
✅ 5hu0_A_66H.pdb: 20/28 exposed (0.71)
✅ 5hu1_A_66F.pdb: 12/28 exposed (0.43)
✅ 5hu1_B_66F.pdb: 12/28 exposed (0.43)
✅ 5hu0_B_66H.pdb: 16/28 exposed (0.57)
✅ 5i3v_A_68M.pdb: 17/30 exposed (0.57)
✅ 5i3w_A_68L.pdb: 19/35 exposed (0.54)
✅ 5i3x_A_68J.pdb: 18/44 exposed (0.41)
✅ 5i3y_A_68K.pdb: 24/46 exposed (0.52)
[08:07:02] [mem] running 6_SASA.py parent=93.2MB child_tree=100.7MB combined=193.9MB
✅ 5mco_A_BSD.pdb: 9/47 exposed (0.19)
✅ 5ie1_A_6BS.pdb: 19/29 exposed (0.66)
✅ 5mxd_A_III.pdb: 7/18 exposed (0.39)
✅ 5mxd_C_III.pdb: 13/18 exposed (0.72)
✅ 5mxd_B_III.pdb: 15/18 exposed (0.83)
✅ 5qco_C_E4A.pdb: 20/42 exposed (0.48)
✅ 5qco_B_E4A.pdb: 25/42 exposed (0.59)
✅ 5qco_A_E4A.pdb: 20/42 exposed (0.48)
✅ 5qcp_C_E4G.pdb: 14/42 exposed (0.33)
[08:07:08] [mem] running 6_SASA.py parent=93.2MB child_tree=100.7MB combined=193.9MB
✅ 5qcp_B_E4G.pdb: 12/42 exposed (0.29)
✅ 5qcp_A_E4G.pdb: 17/42 exposed (0.41)
✅ 5qcq_A_AFJ.pdb: 12/33 exposed (0.36)
✅ 5qcq_B_AFJ.pdb: 14/33 exposed (0.42)
✅ 5qcq_C_AFJ.pdb: 14/33 exposed (0.42)
✅ 5qcr_B_E4J.pdb: 9/36 exposed (0.25)
✅ 5qcr_A_E4J.pdb: 10/36 exposed (0.28)
📊 Progress: 475/617
✅ 5qcr_C_E4J.pdb: 11/36 exposed (0.31)
✅ 5qcs_A_AXF.pdb: 14/34 exposed (0.41)
✅ 5qcs_B_AXF.pdb: 13/34 exposed (0.38)
[08:07:13] [mem] running 6_SASA.py parent=93.2MB child_tree=100.7MB combined=193.9MB
✅ 5qcs_C_AXF.pdb: 10/34 exposed (0.29)
✅ 5qct_A_E4Y.pdb: 15/38 exposed (0.40)
✅ 5qct_B_E4Y.pdb: 15/38 exposed (0.40)
✅ 5qct_C_E4Y.pdb: 15/38 exposed (0.40)
✅ 5qcu_A_E51.pdb: 13/34 exposed (0.38)
✅ 5qcu_B_E51.pdb: 12/34 exposed (0.35)
✅ 5qcu_C_E51.pdb: 12/34 exposed (0.35)
✅ 5qcv_A_E5A.pdb: 16/37 exposed (0.43)
✅ 5qcv_B_E5A.pdb: 16/37 exposed (0.43)
[08:07:19] [mem] running 6_SASA.py parent=93.0MB child_tree=100.7MB combined=193.7MB
✅ 5qcv_C_E5A.pdb: 17/37 exposed (0.46)
✅ 5qcw_A_AR9.pdb: 15/31 exposed (0.48)
✅ 5qcw_B_AR9.pdb: 14/31 exposed (0.45)
✅ 5qcx_A_E5D.pdb: 15/37 exposed (0.41)
✅ 5qcw_C_AR9.pdb: 14/31 exposed (0.45)
✅ 5qcx_B_E5D.pdb: 13/37 exposed (0.35)
✅ 5qcx_C_E5D.pdb: 15/37 exposed (0.41)
✅ 5qcy_A_E5P.pdb: 21/48 exposed (0.44)
✅ 5qcy_B_E5P.pdb: 19/48 exposed (0.40)
✅ 5qcy_C_E5P.pdb: 20/48 exposed (0.42)
[08:07:24] [mem] running 6_SASA.py parent=93.0MB child_tree=100.7MB combined=193.7MB
✅ 5qcz_A_E5V.pdb: 19/37 exposed (0.51)
✅ 5qcz_B_E5V.pdb: 20/37 exposed (0.54)
✅ 5qcz_C_E5V.pdb: 19/37 exposed (0.51)
📊 Progress: 500/617
✅ 5qd0_B_E5Y.pdb: 13/34 exposed (0.38)
✅ 5qd0_A_E5Y.pdb: 15/34 exposed (0.44)
✅ 5qd1_A_E61.pdb: 18/38 exposed (0.47)
✅ 5qd0_C_E5Y.pdb: 15/34 exposed (0.44)
✅ 5qd1_B_E61.pdb: 16/38 exposed (0.42)
✅ 5qd2_A_E6J.pdb: 15/40 exposed (0.38)
✅ 5qd2_B_E6J.pdb: 14/40 exposed (0.35)
[08:07:29] [mem] running 6_SASA.py parent=93.0MB child_tree=100.7MB combined=193.7MB
✅ 5qd1_C_E61.pdb: 18/38 exposed (0.47)
✅ 5qd2_C_E6J.pdb: 14/40 exposed (0.35)
✅ 5qd3_A_E6M.pdb: 19/38 exposed (0.50)
✅ 5qd3_B_E6M.pdb: 17/38 exposed (0.45)
✅ 5qd4_A_AXQ.pdb: 22/45 exposed (0.49)
✅ 5qd3_C_E6M.pdb: 16/38 exposed (0.42)
✅ 5qd4_B_AXQ.pdb: 24/45 exposed (0.53)
✅ 5qd5_A_E6P.pdb: 16/36 exposed (0.44)
✅ 5qd4_C_AXQ.pdb: 25/45 exposed (0.56)
✅ 5qd5_B_E6P.pdb: 17/36 exposed (0.47)
[08:07:35] [mem] running 6_SASA.py parent=93.0MB child_tree=100.7MB combined=193.7MB
✅ 5qd5_C_E6P.pdb: 16/36 exposed (0.44)
✅ 5qd6_A_E6S.pdb: 16/36 exposed (0.44)
✅ 5qd6_B_E6S.pdb: 16/36 exposed (0.44)
✅ 5qd6_C_E6S.pdb: 15/36 exposed (0.42)
✅ 5qd7_B_0BI.pdb: 23/42 exposed (0.55)
✅ 5qd7_A_0BI.pdb: 23/42 exposed (0.55)
✅ 5qd7_C_0BI.pdb: 24/42 exposed (0.57)
[08:07:40] [mem] running 6_SASA.py parent=93.0MB child_tree=100.7MB combined=193.7MB
✅ 5qd8_A_E6V.pdb: 17/40 exposed (0.42)
📊 Progress: 525/617
✅ 5qd8_B_E6V.pdb: 15/40 exposed (0.38)
✅ 5qd8_C_E6V.pdb: 16/40 exposed (0.40)
✅ 5qd9_A_E6Y.pdb: 16/38 exposed (0.42)
✅ 5qd9_C_E6Y.pdb: 15/38 exposed (0.40)
✅ 5qd9_B_E6Y.pdb: 17/38 exposed (0.45)
✅ 5qda_C_E74.pdb: 19/38 exposed (0.50)
✅ 5qda_A_E74.pdb: 21/38 exposed (0.55)
✅ 5qda_B_E74.pdb: 19/38 exposed (0.50)
✅ 5qdb_B_BAV.pdb: 13/35 exposed (0.37)
[08:07:45] [mem] running 6_SASA.py parent=93.1MB child_tree=100.7MB combined=193.8MB
✅ 5qdb_A_BAV.pdb: 17/35 exposed (0.49)
✅ 5qdb_C_BAV.pdb: 18/35 exposed (0.51)
✅ 5qdc_A_E77.pdb: 10/32 exposed (0.31)
✅ 5qdc_B_E77.pdb: 10/32 exposed (0.31)
✅ 5qdc_C_E77.pdb: 11/32 exposed (0.34)
✅ 5qdd_A_E7A.pdb: 11/30 exposed (0.37)
✅ 5qdd_B_E7A.pdb: 11/30 exposed (0.37)
✅ 5qdd_C_E7A.pdb: 11/30 exposed (0.37)
✅ 5t1w_A_74B.pdb: 15/28 exposed (0.54)
✅ 5t1u_A_P6U.pdb: 15/25 exposed (0.60)
[08:07:51] [mem] running 6_SASA.py parent=93.1MB child_tree=100.7MB combined=193.8MB
✅ 5tol_A_7H3.pdb: 15/27 exposed (0.56)
✅ 5uyu_A_8QV.pdb: 21/34 exposed (0.62)
✅ 5v0n_A_8W4.pdb: 14/47 exposed (0.30)
✅ 5v0n_C_8W4.pdb: 13/47 exposed (0.28)
✅ 5v0n_B_8W4.pdb: 16/47 exposed (0.34)
✅ 5ygy_A_0B6.pdb: 18/28 exposed (0.64)
📊 Progress: 550/617
✅ 5ygx_A_0B5.pdb: 15/32 exposed (0.47)
✅ 6bfd_A_DJS.pdb: 6/33 exposed (0.18)
✅ 6bfd_B_DJS.pdb: 7/33 exposed (0.21)
✅ 6bfe_A_DJV.pdb: 15/61 exposed (0.25)
[08:07:56] [mem] running 6_SASA.py parent=93.1MB child_tree=100.7MB combined=193.8MB
✅ 6bfe_B_DJV.pdb: 14/61 exposed (0.23)
✅ 6bfw_A_DK7.pdb: 12/30 exposed (0.40)
✅ 6bfw_B_DK7.pdb: 13/30 exposed (0.43)
✅ 6bfx_A_DKJ.pdb: 20/61 exposed (0.33)
✅ 6bfx_B_DKJ.pdb: 21/61 exposed (0.34)
✅ 6dhc_A_GHJ.pdb: 28/93 exposed (0.30)
✅ 6c2i_A_EJ7.pdb: 21/45 exposed (0.47)
[08:08:01] [mem] running 6_SASA.py parent=93.1MB child_tree=101.8MB combined=194.9MB
✅ 6dhc_B_GHJ.pdb: 30/93 exposed (0.32)
✅ 6dhc_C_GHJ.pdb: 25/93 exposed (0.27)
✅ 6dmi_A_5T5.pdb: 16/28 exposed (0.57)
✅ 6e3z_A_HRV.pdb: 19/30 exposed (0.63)
✅ 6e3z_C_HRV.pdb: 43/60 exposed (0.72)
✅ 6e3z_B_HRV.pdb: 17/30 exposed (0.57)
✅ 6eqm_A_BUH.pdb: 19/34 exposed (0.56)
✅ 6jsf_A_C7X.pdb: 14/33 exposed (0.42)
✅ 6fgy_A_D9W.pdb: 13/24 exposed (0.54)
[08:08:06] [mem] running 6_SASA.py parent=93.1MB child_tree=101.8MB combined=194.9MB
✅ 6jse_A_C6R.pdb: 15/33 exposed (0.46)
✅ 6jsg_A_C6U.pdb: 16/25 exposed (0.64)
✅ 6jsn_A_C7O.pdb: 20/34 exposed (0.59)
✅ 6jt3_A_C83.pdb: 15/29 exposed (0.52)
✅ 6jt4_A_C86.pdb: 19/31 exposed (0.61)
📊 Progress: 575/617
✅ 6nv7_A_L3J.pdb: 12/42 exposed (0.29)
✅ 6nv7_B_L3J.pdb: 12/42 exposed (0.29)
✅ 6nv9_A_L3M.pdb: 19/96 exposed (0.20)
[08:08:12] [mem] running 6_SASA.py parent=93.1MB child_tree=101.8MB combined=194.9MB
✅ 6nv9_B_L3M.pdb: 19/96 exposed (0.20)
✅ 6nv7_C_L3J.pdb: 16/42 exposed (0.38)
✅ 6nw3_A_L4J.pdb: 13/43 exposed (0.30)
✅ 6nw3_B_L4J.pdb: 12/43 exposed (0.28)
✅ 6nv9_C_L3M.pdb: 18/96 exposed (0.19)
✅ 6nw3_C_L4J.pdb: 13/43 exposed (0.30)
✅ 6od6_A_M7D.pdb: 16/29 exposed (0.55)
✅ 6od6_B_M7D.pdb: 16/29 exposed (0.55)
✅ 6uvp_A_QJJ.pdb: 9/23 exposed (0.39)
✅ 6pz4_A_P6J.pdb: 14/33 exposed (0.42)
✅ 6od6_C_M7D.pdb: 17/29 exposed (0.59)
[08:08:18] [mem] running 6_SASA.py parent=93.1MB child_tree=101.8MB combined=194.9MB
✅ 6uvp_A_QJM.pdb: 19/23 exposed (0.83)
✅ 6uvp_B_QJM.pdb: 18/23 exposed (0.78)
✅ 6uvp_B_QJJ.pdb: 49/69 exposed (0.71)
✅ 6uvy_A_QJP.pdb: 11/21 exposed (0.52)
✅ 6uvv_A_QJV.pdb: 10/20 exposed (0.50)
✅ 6uvv_B_QJV.pdb: 9/20 exposed (0.45)
[08:08:23] [mem] running 6_SASA.py parent=93.1MB child_tree=101.8MB combined=194.9MB
✅ 6uwp_B_QKA.pdb: 12/27 exposed (0.44)
✅ 6uwp_A_QKA.pdb: 12/27 exposed (0.44)
✅ 6uvy_B_QJP.pdb: 10/21 exposed (0.48)
✅ 6uwv_A_QK7.pdb: 13/28 exposed (0.46)
✅ 6uwv_B_QK7.pdb: 12/28 exposed (0.43)
📊 Progress: 600/617
✅ 6wny_A_U64.pdb: 17/35 exposed (0.49)
✅ 7b1p_A_SL8.pdb: 16/29 exposed (0.55)
[08:08:28] [mem] running 6_SASA.py parent=93.1MB child_tree=102.3MB combined=195.4MB
✅ 7b1q_A_SLK.pdb: 18/32 exposed (0.56)
✅ 7b1e_A_SKW.pdb: 14/24 exposed (0.58)
✅ 7d2v_A_66F.pdb: 16/28 exposed (0.57)
✅ 7d36_A_GUC.pdb: 17/32 exposed (0.53)
✅ 7d2x_A_GTU.pdb: 17/28 exposed (0.61)
✅ 7d5a_A_GX6.pdb: 16/33 exposed (0.48)
✅ 7dcz_A_H3C.pdb: 14/26 exposed (0.54)
✅ 7f1d_A_0QQ.pdb: 17/30 exposed (0.57)
✅ 7myi_A_ZQS.pdb: 10/21 exposed (0.48)
✅ 7myi_B_ZQS.pdb: 13/21 exposed (0.62)
✅ 7myr_A_ZRD.pdb: 12/22 exposed (0.55)
[08:08:34] [mem] running 6_SASA.py parent=93.1MB child_tree=102.3MB combined=195.4MB
✅ 7myr_B_ZRD.pdb: 12/22 exposed (0.55)
✅ 7myu_A_ZR7.pdb: 15/35 exposed (0.43)
✅ 7n66_A_0EW.pdb: 17/36 exposed (0.47)
✅ 7myu_B_ZR7.pdb: 18/35 exposed (0.51)
🎉 WARHEAD SASA COMPLETE
[08:08:36] [mem] after 6_SASA.py parent=93.1MB delta=+0.0MB combined_peak=195.5MB child_peak=102.4MB
[08:08:36] 🚀 Running 7_metadata.py...
[08:08:36] 🐍 Pipeline Python: /app/.heroku/python/bin/python
[08:08:36] [mem] before 7_metadata.py parent=93.1MB combined=93.1MB
[08:08:36] 🧵 Worker caps for 7_metadata.py: pipeline_max=2 WARHEAD_SQCHK_MAX_WORKERS=2 WARHEAD_PDBMKR_MAX_WORKERS=2 WARHEAD_SASA_MAX_WORKERS=3 WARHEAD_METADATA_MAX_WORKERS=3 WARHEAD_MCS_MAX_WORKERS=3
[08:08:36] ⏱ No-output watchdog for 7_metadata.py: 180s
[08:08:36] [mem] running 7_metadata.py parent=93.1MB child_tree=0.5MB combined=93.6MB
📂 Using SMILES file: components-smiles-stereo-oe.smi
🧬 Loaded 49558 SMILES entries.
🔎 Sample SMILES keys: ['000', '001', '002', '003', '004', '005', '006', '007', '008', '009', '00A', '00B', '00C', '00D', '00E']
🤖 AUTO MODE: Warhead_SASA_summary.csv
📥 Loaded SASA table.
📊 Step 7 input row count: 617
🧾 Step 7 input columns: ['Target', 'pdb_id', 'Warhead', 'Residue_ID', 'Variant', 'Total_atoms', 'Exposed_atoms', 'SASA_in_complex_A2', '%Exposed', '%Buried']
ℹ️ 5CharMAP.csv has no usable rows → alias mapping disabled.
🔗 WAR_PDB chain map built: 384 (pdb,ligX) groups
🔬 BEGIN RESOLUTION TRACE
--------------------------------------------------
Row 0
  PDB: 1tqf
  Warhead (input): 32P
  Warhead_5 (if mapped): (blank)
  SMILES lookup key: 32P
  SMILES found? YES
--------------------------------------------------
Row 1
  PDB: 1xs7
  Warhead (input): MMI
  Warhead_5 (if mapped): (blank)
  SMILES lookup key: MMI
  SMILES found? YES
--------------------------------------------------
Row 2
  PDB: 2b8l
  Warhead (input): 5HA
  Warhead_5 (if mapped): (blank)
  SMILES lookup key: 5HA
  SMILES found? YES
--------------------------------------------------
Row 3
  PDB: 1w51
  Warhead (input): L01
  Warhead_5 (if mapped): (blank)
  SMILES lookup key: L01
  SMILES found? YES
--------------------------------------------------
Row 4
  PDB: 2b8v
  Warhead (input): 3BN
  Warhead_5 (if mapped): (blank)
  SMILES lookup key: 3BN
  SMILES found? YES
--------------------------------------------------
Row 5
  PDB: 2f3e
  Warhead (input): AXQ
  Warhead_5 (if mapped): (blank)
  SMILES lookup key: AXQ
  SMILES found? YES
--------------------------------------------------
Row 6
  PDB: 2f3e
  Warhead (input): AXQ
  Warhead_5 (if mapped): (blank)
  SMILES lookup key: AXQ
  SMILES found? YES
--------------------------------------------------
Row 7
  PDB: 2f3f
  Warhead (input): AXF
  Warhead_5 (if mapped): (blank)
  SMILES lookup key: AXF
  SMILES found? YES
--------------------------------------------------
Row 8
  PDB: 2f3f
  Warhead (input): AXF
  Warhead_5 (if mapped): (blank)
  SMILES lookup key: AXF
  SMILES found? YES
--------------------------------------------------
Row 9
  PDB: 2f3e
  Warhead (input): AXQ
  Warhead_5 (if mapped): (blank)
  SMILES lookup key: AXQ
  SMILES found? YES
--------------------------------------------------
Row 10
  PDB: 2f3f
  Warhead (input): AXF
  Warhead_5 (if mapped): (blank)
  SMILES lookup key: AXF
  SMILES found? YES
--------------------------------------------------
Row 11
  PDB: 2fdp
  Warhead (input): FRP
  Warhead_5 (if mapped): (blank)
  SMILES lookup key: FRP
  SMILES found? YES
--------------------------------------------------
Row 12
  PDB: 2fdp
  Warhead (input): FRP
  Warhead_5 (if mapped): (blank)
  SMILES lookup key: FRP
  SMILES found? YES
--------------------------------------------------
Row 13
  PDB: 2fdp
  Warhead (input): FRP
  Warhead_5 (if mapped): (blank)
  SMILES lookup key: FRP
  SMILES found? YES
--------------------------------------------------
Row 14
  PDB: 2g94
  Warhead (input): ZPQ
  Warhead_5 (if mapped): (blank)
  SMILES lookup key: ZPQ
  SMILES found? YES
--------------------------------------------------
Row 15
  PDB: 2g94
  Warhead (input): ZPQ
  Warhead_5 (if mapped): (blank)
  SMILES lookup key: ZPQ
  SMILES found? YES
--------------------------------------------------
Row 16
  PDB: 2g94
  Warhead (input): ZPQ
  Warhead_5 (if mapped): (blank)
  SMILES lookup key: ZPQ
  SMILES found? YES
--------------------------------------------------
Row 17
  PDB: 2g94
  Warhead (input): ZPQ
  Warhead_5 (if mapped): (blank)
  SMILES lookup key: ZPQ
  SMILES found? YES
--------------------------------------------------
Row 18
  PDB: 2iqg
  Warhead (input): F2I
  Warhead_5 (if mapped): (blank)
  SMILES lookup key: F2I
  SMILES found? YES
--------------------------------------------------
Row 19
  PDB: 2hm1
  Warhead (input): LIQ
  Warhead_5 (if mapped): (blank)
  SMILES lookup key: LIQ
  SMILES found? YES
--------------------------------------------------
Row 20
  PDB: 2is0
  Warhead (input): I03
  Warhead_5 (if mapped): (blank)
  SMILES lookup key: I03
  SMILES found? YES
--------------------------------------------------
Row 21
  PDB: 2ntr
  Warhead (input): L00
  Warhead_5 (if mapped): (blank)
  SMILES lookup key: L00
  SMILES found? YES
--------------------------------------------------
Row 22
  PDB: 2irz
  Warhead (input): I02
  Warhead_5 (if mapped): (blank)
  SMILES lookup key: I02
  SMILES found? YES
--------------------------------------------------
Row 23
  PDB: 2ohk
  Warhead (input): 1SQ
  Warhead_5 (if mapped): (blank)
  SMILES lookup key: 1SQ
  SMILES found? YES
--------------------------------------------------
Row 24
  PDB: 2oah
  Warhead (input): QIN
  Warhead_5 (if mapped): (blank)
  SMILES lookup key: QIN
  SMILES found? YES
--------------------------------------------------
Row 25
  PDB: 2of0
  Warhead (input): CMZ
  Warhead_5 (if mapped): (blank)
  SMILES lookup key: CMZ
  SMILES found? YES
--------------------------------------------------
Row 26
  PDB: 2ohl
  Warhead (input): 2AQ
  Warhead_5 (if mapped): (blank)
  SMILES lookup key: 2AQ
  SMILES found? YES
--------------------------------------------------
Row 27
  PDB: 2ohm
  Warhead (input): 8AP
  Warhead_5 (if mapped): (blank)
  SMILES lookup key: 8AP
  SMILES found? YES
--------------------------------------------------
Row 28
  PDB: 2ohn
  Warhead (input): 4FP
  Warhead_5 (if mapped): (blank)
  SMILES lookup key: 4FP
  SMILES found? YES
--------------------------------------------------
Row 29
  PDB: 2ohq
  Warhead (input): 7IP
  Warhead_5 (if mapped): (blank)
  SMILES lookup key: 7IP
  SMILES found? YES
--------------------------------------------------
Row 30
  PDB: 2ohp
  Warhead (input): 6IP
  Warhead_5 (if mapped): (blank)
  SMILES lookup key: 6IP
  SMILES found? YES
--------------------------------------------------
Row 31
  PDB: 2ohs
  Warhead (input): 9IP
  Warhead_5 (if mapped): (blank)
  SMILES lookup key: 9IP
  SMILES found? YES
--------------------------------------------------
Row 32
  PDB: 2ohr
  Warhead (input): 8IP
  Warhead_5 (if mapped): (blank)
  SMILES lookup key: 8IP
  SMILES found? YES
--------------------------------------------------
Row 33
  PDB: 2oht
  Warhead (input): IP6
  Warhead_5 (if mapped): (blank)
  SMILES lookup key: IP6
  SMILES found? YES
--------------------------------------------------
Row 34
  PDB: 2ohu
  Warhead (input): IP7
  Warhead_5 (if mapped): (blank)
  SMILES lookup key: IP7
  SMILES found? YES
--------------------------------------------------
Row 35
  PDB: 2p4j
  Warhead (input): 23I
  Warhead_5 (if mapped): (blank)
  SMILES lookup key: 23I
  SMILES found? YES
--------------------------------------------------
Row 36
  PDB: 2p4j
  Warhead (input): 23I
  Warhead_5 (if mapped): (blank)
  SMILES lookup key: 23I
  SMILES found? YES
--------------------------------------------------
Row 37
  PDB: 2p4j
  Warhead (input): 23I
  Warhead_5 (if mapped): (blank)
  SMILES lookup key: 23I
  SMILES found? YES
--------------------------------------------------
Row 38
  PDB: 2p8h
  Warhead (input): MY9
  Warhead_5 (if mapped): (blank)
  SMILES lookup key: MY9
  SMILES found? YES
--------------------------------------------------
Row 39
  PDB: 2p4j
  Warhead (input): 23I
  Warhead_5 (if mapped): (blank)
  SMILES lookup key: 23I
  SMILES found? YES
--------------------------------------------------
Row 40
  PDB: 2ph6
  Warhead (input): 712
  Warhead_5 (if mapped): (blank)
  SMILES lookup key: 712
  SMILES found? YES
--------------------------------------------------
Row 41
  PDB: 2q11
  Warhead (input): XX4
  Warhead_5 (if mapped): (blank)
  SMILES lookup key: XX4
  SMILES found? YES
--------------------------------------------------
Row 42
  PDB: 2ph8
  Warhead (input): 35A
  Warhead_5 (if mapped): (blank)
  SMILES lookup key: 35A
  SMILES found? YES
--------------------------------------------------
Row 43
  PDB: 2q15
  Warhead (input): 3MR
  Warhead_5 (if mapped): (blank)
  SMILES lookup key: 3MR
  SMILES found? YES
--------------------------------------------------
Row 44
  PDB: 2q11
  Warhead (input): XX4
  Warhead_5 (if mapped): (blank)
  SMILES lookup key: XX4
  SMILES found? YES
--------------------------------------------------
Row 45
  PDB: 2q11
  Warhead (input): XX4
  Warhead_5 (if mapped): (blank)
  SMILES lookup key: XX4
  SMILES found? YES
--------------------------------------------------
Row 46
  PDB: 2qk5
  Warhead (input): CS5
  Warhead_5 (if mapped): (blank)
  SMILES lookup key: CS5
  SMILES found? YES
--------------------------------------------------
Row 47
  PDB: 2qmd
  Warhead (input): CS7
  Warhead_5 (if mapped): (blank)
  SMILES lookup key: CS7
  SMILES found? YES
--------------------------------------------------
Row 48
  PDB: 2qk5
  Warhead (input): CS5
  Warhead_5 (if mapped): (blank)
  SMILES lookup key: CS5
  SMILES found? YES
--------------------------------------------------
Row 49
  PDB: 2qmd
  Warhead (input): CS7
  Warhead_5 (if mapped): (blank)
  SMILES lookup key: CS7
  SMILES found? YES
--------------------------------------------------
Row 50
  PDB: 2qmf
  Warhead (input): CS9
  Warhead_5 (if mapped): (blank)
  SMILES lookup key: CS9
  SMILES found? YES
--------------------------------------------------
Row 51
  PDB: 2qmf
  Warhead (input): CS9
  Warhead_5 (if mapped): (blank)
  SMILES lookup key: CS9
  SMILES found? YES
--------------------------------------------------
Row 52
  PDB: 2qmg
  Warhead (input): SC6
  Warhead_5 (if mapped): (blank)
  SMILES lookup key: SC6
  SMILES found? YES
--------------------------------------------------
Row 53
  PDB: 2qmg
  Warhead (input): SC6
  Warhead_5 (if mapped): (blank)
  SMILES lookup key: SC6
  SMILES found? YES
--------------------------------------------------
Row 54
  PDB: 2qp8
  Warhead (input): SC7
  Warhead_5 (if mapped): (blank)
  SMILES lookup key: SC7
  SMILES found? YES
--------------------------------------------------
Row 55
  PDB: 2qp8
  Warhead (input): SC7
  Warhead_5 (if mapped): (blank)
  SMILES lookup key: SC7
  SMILES found? YES
--------------------------------------------------
Row 56
  PDB: 2qu3
  Warhead (input): 462
  Warhead_5 (if mapped): (blank)
  SMILES lookup key: 462
  SMILES found? YES
--------------------------------------------------
Row 57
  PDB: 2qzk
  Warhead (input): I21
  Warhead_5 (if mapped): (blank)
  SMILES lookup key: I21
  SMILES found? YES
--------------------------------------------------
Row 58
  PDB: 2qu2
  Warhead (input): 251
  Warhead_5 (if mapped): (blank)
  SMILES lookup key: 251
  SMILES found? YES
--------------------------------------------------
Row 59
  PDB: 2qzl
  Warhead (input): IXS
  Warhead_5 (if mapped): (blank)
  SMILES lookup key: IXS
  SMILES found? YES
--------------------------------------------------
Row 60
  PDB: 2vie
  Warhead (input): VG0
  Warhead_5 (if mapped): (blank)
  SMILES lookup key: VG0
  SMILES found? YES
--------------------------------------------------
Row 61
  PDB: 2vij
  Warhead (input): C44
  Warhead_5 (if mapped): (blank)
  SMILES lookup key: C44
  SMILES found? YES
--------------------------------------------------
Row 62
  PDB: 2viy
  Warhead (input): VG3
  Warhead_5 (if mapped): (blank)
  SMILES lookup key: VG3
  SMILES found? YES
--------------------------------------------------
Row 63
  PDB: 2viz
  Warhead (input): VG4
  Warhead_5 (if mapped): (blank)
  SMILES lookup key: VG4
  SMILES found? YES
--------------------------------------------------
Row 64
  PDB: 2vj6
  Warhead (input): VG5
  Warhead_5 (if mapped): (blank)
  SMILES lookup key: VG5
  SMILES found? YES
--------------------------------------------------
Row 65
  PDB: 2vj7
  Warhead (input): VG6
  Warhead_5 (if mapped): (blank)
  SMILES lookup key: VG6
  SMILES found? YES
--------------------------------------------------
Row 66
  PDB: 2vkm
  Warhead (input): BSD
  Warhead_5 (if mapped): (blank)
  SMILES lookup key: BSD
  SMILES found? YES
--------------------------------------------------
Row 67
  PDB: 2vj9
  Warhead (input): VG7
  Warhead_5 (if mapped): (blank)
  SMILES lookup key: VG7
  SMILES found? YES
--------------------------------------------------
Row 68
  PDB: 2vkm
  Warhead (input): BSD
  Warhead_5 (if mapped): (blank)
  SMILES lookup key: BSD
  SMILES found? YES
--------------------------------------------------
Row 69
  PDB: 2vkm
  Warhead (input): BSD
  Warhead_5 (if mapped): (blank)
  SMILES lookup key: BSD
  SMILES found? YES
--------------------------------------------------
Row 70
  PDB: 2vkm
  Warhead (input): BSD
  Warhead_5 (if mapped): (blank)
  SMILES lookup key: BSD
  SMILES found? YES
--------------------------------------------------
Row 71
  PDB: 2vnm
  Warhead (input): CM8
  Warhead_5 (if mapped): (blank)
  SMILES lookup key: CM8
  SMILES found? YES
--------------------------------------------------
Row 72
  PDB: 2vnn
  Warhead (input): CM7
  Warhead_5 (if mapped): (blank)
  SMILES lookup key: CM7
  SMILES found? YES
--------------------------------------------------
Row 73
  PDB: 2wez
  Warhead (input): ZYE
  Warhead_5 (if mapped): (blank)
  SMILES lookup key: ZYE
  SMILES found? YES
--------------------------------------------------
Row 74
  PDB: 2wf0
  Warhead (input): ZY0
  Warhead_5 (if mapped): (blank)
  SMILES lookup key: ZY0
  SMILES found? YES
--------------------------------------------------
Row 75
  PDB: 2wf1
  Warhead (input): ZY1
  Warhead_5 (if mapped): (blank)
  SMILES lookup key: ZY1
  SMILES found? YES
--------------------------------------------------
Row 76
  PDB: 2wf2
  Warhead (input): ZY2
  Warhead_5 (if mapped): (blank)
  SMILES lookup key: ZY2
  SMILES found? YES
--------------------------------------------------
Row 77
  PDB: 2wf3
  Warhead (input): ZY3
  Warhead_5 (if mapped): (blank)
  SMILES lookup key: ZY3
  SMILES found? YES
--------------------------------------------------
Row 78
  PDB: 2wf4
  Warhead (input): ZY4
  Warhead_5 (if mapped): (blank)
  SMILES lookup key: ZY4
  SMILES found? YES
--------------------------------------------------
Row 79
  PDB: 2xfi
  Warhead (input): XFI
  Warhead_5 (if mapped): (blank)
  SMILES lookup key: XFI
  SMILES found? YES
--------------------------------------------------
Row 80
  PDB: 2xfj
  Warhead (input): VG5
  Warhead_5 (if mapped): (blank)
  SMILES lookup key: VG5
  SMILES found? YES
--------------------------------------------------
Row 81
  PDB: 2wjo
  Warhead (input): QUD
  Warhead_5 (if mapped): (blank)
  SMILES lookup key: QUD
  SMILES found? YES
--------------------------------------------------
Row 82
  PDB: 2xfk
  Warhead (input): AA9
  Warhead_5 (if mapped): (blank)
  SMILES lookup key: AA9
  SMILES found? YES
--------------------------------------------------
Row 83
  PDB: 2zdz
  Warhead (input): 310
  Warhead_5 (if mapped): (blank)
  SMILES lookup key: 310
  SMILES found? YES
--------------------------------------------------
Row 84
  PDB: 2ze1
  Warhead (input): 411
  Warhead_5 (if mapped): (blank)
  SMILES lookup key: 411
  SMILES found? YES
--------------------------------------------------
Row 85
  PDB: 2zjh
  Warhead (input): F1H
  Warhead_5 (if mapped): (blank)
  SMILES lookup key: F1H
  SMILES found? YES
--------------------------------------------------
Row 86
  PDB: 2zjk
  Warhead (input): F1K
  Warhead_5 (if mapped): (blank)
  SMILES lookup key: F1K
  SMILES found? YES
--------------------------------------------------
Row 87
  PDB: 2zji
  Warhead (input): F1I
  Warhead_5 (if mapped): (blank)
  SMILES lookup key: F1I
  SMILES found? YES
--------------------------------------------------
Row 88
  PDB: 2zjj
  Warhead (input): F1J
  Warhead_5 (if mapped): (blank)
  SMILES lookup key: F1J
  SMILES found? YES
--------------------------------------------------
Row 89
  PDB: 2zjl
  Warhead (input): F1L
  Warhead_5 (if mapped): (blank)
  SMILES lookup key: F1L
  SMILES found? YES
--------------------------------------------------
Row 90
  PDB: 2zjk
  Warhead (input): F1K
  Warhead_5 (if mapped): (blank)
  SMILES lookup key: F1K
  SMILES found? YES
--------------------------------------------------
Row 91
  PDB: 2zjk
  Warhead (input): F1K
  Warhead_5 (if mapped): (blank)
  SMILES lookup key: F1K
  SMILES found? YES
--------------------------------------------------
Row 92
  PDB: 2zjn
  Warhead (input): F1N
  Warhead_5 (if mapped): (blank)
  SMILES lookup key: F1N
  SMILES found? YES
--------------------------------------------------
Row 93
  PDB: 2zjm
  Warhead (input): F1M
  Warhead_5 (if mapped): (blank)
  SMILES lookup key: F1M
  SMILES found? YES
--------------------------------------------------
Row 94
  PDB: 3bra
  Warhead (input): AEF
  Warhead_5 (if mapped): (blank)
  SMILES lookup key: AEF
  SMILES found? YES
--------------------------------------------------
Row 95
  PDB: 3buf
  Warhead (input): AEG
  Warhead_5 (if mapped): (blank)
  SMILES lookup key: AEG
  SMILES found? YES
--------------------------------------------------
Row 96
  PDB: 3buh
  Warhead (input): AED
  Warhead_5 (if mapped): (blank)
  SMILES lookup key: AED
  SMILES found? YES
--------------------------------------------------
Row 97
  PDB: 3bug
  Warhead (input): AEH
  Warhead_5 (if mapped): (blank)
  SMILES lookup key: AEH
  SMILES found? YES
--------------------------------------------------
Row 98
  PDB: 3cic
  Warhead (input): 316
  Warhead_5 (if mapped): (blank)
  SMILES lookup key: 316
  SMILES found? YES
--------------------------------------------------
Row 99
  PDB: 3cib
  Warhead (input): 314
  Warhead_5 (if mapped): (blank)
  SMILES lookup key: 314
  SMILES found? YES
--------------------------------------------------
Row 100
  PDB: 3cib
  Warhead (input): 314
  Warhead_5 (if mapped): (blank)
  SMILES lookup key: 314
  SMILES found? YES
--------------------------------------------------
Row 101
  PDB: 3cic
  Warhead (input): 316
  Warhead_5 (if mapped): (blank)
  SMILES lookup key: 316
  SMILES found? YES
--------------------------------------------------
Row 102
  PDB: 3cid
  Warhead (input): 318
  Warhead_5 (if mapped): (blank)
  SMILES lookup key: 318
  SMILES found? YES
--------------------------------------------------
Row 103
  PDB: 3cid
  Warhead (input): 318
  Warhead_5 (if mapped): (blank)
  SMILES lookup key: 318
  SMILES found? YES
--------------------------------------------------
Row 104
  PDB: 3ckp
  Warhead (input): 012
  Warhead_5 (if mapped): (blank)
  SMILES lookup key: 012
  SMILES found? YES
--------------------------------------------------
Row 105
  PDB: 3ckp
  Warhead (input): 012
  Warhead_5 (if mapped): (blank)
  SMILES lookup key: 012
  SMILES found? YES
--------------------------------------------------
Row 106
  PDB: 3ckp
  Warhead (input): 012
  Warhead_5 (if mapped): (blank)
  SMILES lookup key: 012
  SMILES found? YES
--------------------------------------------------
Row 107
  PDB: 3ckr
  Warhead (input): 009
  Warhead_5 (if mapped): (blank)
  SMILES lookup key: 009
  SMILES found? YES
--------------------------------------------------
Row 108
  PDB: 3ckr
  Warhead (input): 009
  Warhead_5 (if mapped): (blank)
  SMILES lookup key: 009
  SMILES found? YES
--------------------------------------------------
Row 109
  PDB: 3ckr
  Warhead (input): 009
  Warhead_5 (if mapped): (blank)
  SMILES lookup key: 009
  SMILES found? YES
--------------------------------------------------
Row 110
  PDB: 3dm6
  Warhead (input): 757
  Warhead_5 (if mapped): (blank)
  SMILES lookup key: 757
  SMILES found? YES
--------------------------------------------------
Row 111
  PDB: 3dm6
  Warhead (input): 757
  Warhead_5 (if mapped): (blank)
  SMILES lookup key: 757
  SMILES found? YES
--------------------------------------------------
Row 112
  PDB: 3dm6
  Warhead (input): 757
  Warhead_5 (if mapped): (blank)
  SMILES lookup key: 757
  SMILES found? YES
--------------------------------------------------
Row 113
  PDB: 3duy
  Warhead (input): AFJ
  Warhead_5 (if mapped): (blank)
  SMILES lookup key: AFJ
  SMILES found? YES
--------------------------------------------------
Row 114
  PDB: 3dv1
  Warhead (input): AR9
  Warhead_5 (if mapped): (blank)
  SMILES lookup key: AR9
  SMILES found? YES
--------------------------------------------------
Row 115
  PDB: 3duy
  Warhead (input): AFJ
  Warhead_5 (if mapped): (blank)
  SMILES lookup key: AFJ
  SMILES found? YES
--------------------------------------------------
Row 116
  PDB: 3duy
  Warhead (input): AFJ
  Warhead_5 (if mapped): (blank)
  SMILES lookup key: AFJ
  SMILES found? YES
--------------------------------------------------
Row 117
  PDB: 3dv1
  Warhead (input): AR9
  Warhead_5 (if mapped): (blank)
  SMILES lookup key: AR9
  SMILES found? YES
--------------------------------------------------
Row 118
  PDB: 3dv1
  Warhead (input): AR9
  Warhead_5 (if mapped): (blank)
  SMILES lookup key: AR9
  SMILES found? YES
--------------------------------------------------
Row 119
  PDB: 3dv5
  Warhead (input): BAV
  Warhead_5 (if mapped): (blank)
  SMILES lookup key: BAV
  SMILES found? YES
--------------------------------------------------
Row 120
  PDB: 3dv5
  Warhead (input): BAV
  Warhead_5 (if mapped): (blank)
  SMILES lookup key: BAV
  SMILES found? YES
--------------------------------------------------
Row 121
  PDB: 3dv5
  Warhead (input): BAV
  Warhead_5 (if mapped): (blank)
  SMILES lookup key: BAV
  SMILES found? YES
--------------------------------------------------
Row 122
  PDB: 3exo
  Warhead (input): 5MS
  Warhead_5 (if mapped): (blank)
  SMILES lookup key: 5MS
  SMILES found? YES
--------------------------------------------------
Row 123
  PDB: 3fkt
  Warhead (input): SII
  Warhead_5 (if mapped): (blank)
  SMILES lookup key: SII
  SMILES found? YES
--------------------------------------------------
Row 124
  PDB: 3h0b
  Warhead (input): B35
  Warhead_5 (if mapped): (blank)
  SMILES lookup key: B35
  SMILES found? YES
--------------------------------------------------
Row 125
  PDB: 3h0b
  Warhead (input): B35
  Warhead_5 (if mapped): (blank)
  SMILES lookup key: B35
  SMILES found? YES
--------------------------------------------------
Row 126
  PDB: 3h0b
  Warhead (input): B35
  Warhead_5 (if mapped): (blank)
  SMILES lookup key: B35
  SMILES found? YES
--------------------------------------------------
Row 127
  PDB: 3hvg
  Warhead (input): EV0
  Warhead_5 (if mapped): (blank)
  SMILES lookup key: EV0
  SMILES found? YES
--------------------------------------------------
Row 128
  PDB: 3hvg
  Warhead (input): EV0
  Warhead_5 (if mapped): (blank)
  SMILES lookup key: EV0
  SMILES found? YES
--------------------------------------------------
Row 129
  PDB: 3hw1
  Warhead (input): EV2
  Warhead_5 (if mapped): (blank)
  SMILES lookup key: EV2
  SMILES found? YES
--------------------------------------------------
Row 130
  PDB: 3hw1
  Warhead (input): EV2
  Warhead_5 (if mapped): (blank)
  SMILES lookup key: EV2
  SMILES found? YES
--------------------------------------------------
Row 131
  PDB: 3hw1
  Warhead (input): EV2
  Warhead_5 (if mapped): (blank)
  SMILES lookup key: EV2
  SMILES found? YES
--------------------------------------------------
Row 132
  PDB: 3i25
  Warhead (input): MV7
  Warhead_5 (if mapped): (blank)
  SMILES lookup key: MV7
  SMILES found? YES
--------------------------------------------------
Row 133
  PDB: 3i25
  Warhead (input): MV7
  Warhead_5 (if mapped): (blank)
  SMILES lookup key: MV7
  SMILES found? YES
--------------------------------------------------
Row 134
  PDB: 3i25
  Warhead (input): MV7
  Warhead_5 (if mapped): (blank)
  SMILES lookup key: MV7
  SMILES found? YES
--------------------------------------------------
Row 135
  PDB: 3igb
  Warhead (input): 454
  Warhead_5 (if mapped): (blank)
  SMILES lookup key: 454
  SMILES found? YES
--------------------------------------------------
Row 136
  PDB: 3in3
  Warhead (input): 472
  Warhead_5 (if mapped): (blank)
  SMILES lookup key: 472
  SMILES found? YES
--------------------------------------------------
Row 137
  PDB: 3in4
  Warhead (input): BX2
  Warhead_5 (if mapped): (blank)
  SMILES lookup key: BX2
  SMILES found? YES
--------------------------------------------------
Row 138
  PDB: 3ind
  Warhead (input): 593
  Warhead_5 (if mapped): (blank)
  SMILES lookup key: 593
  SMILES found? YES
--------------------------------------------------
Row 139
  PDB: 3ine
  Warhead (input): X17
  Warhead_5 (if mapped): (blank)
  SMILES lookup key: X17
  SMILES found? YES
--------------------------------------------------
Row 140
  PDB: 3inf
  Warhead (input): X45
  Warhead_5 (if mapped): (blank)
  SMILES lookup key: X45
  SMILES found? YES
--------------------------------------------------
Row 141
  PDB: 3ivi
  Warhead (input): 2LI
  Warhead_5 (if mapped): (blank)
  SMILES lookup key: 2LI
  SMILES found? YES
--------------------------------------------------
Row 142
  PDB: 3inh
  Warhead (input): 569
  Warhead_5 (if mapped): (blank)
  SMILES lookup key: 569
  SMILES found? YES
--------------------------------------------------
Row 143
  PDB: 3ivh
  Warhead (input): 1LI
  Warhead_5 (if mapped): (blank)
  SMILES lookup key: 1LI
  SMILES found? YES
--------------------------------------------------
Row 144
  PDB: 3ivi
  Warhead (input): 2LI
  Warhead_5 (if mapped): (blank)
  SMILES lookup key: 2LI
  SMILES found? YES
--------------------------------------------------
Row 145
  PDB: 3ivi
  Warhead (input): 2LI
  Warhead_5 (if mapped): (blank)
  SMILES lookup key: 2LI
  SMILES found? YES
--------------------------------------------------
Row 146
  PDB: 3ixj
  Warhead (input): 586
  Warhead_5 (if mapped): (blank)
  SMILES lookup key: 586
  SMILES found? YES
--------------------------------------------------
Row 147
  PDB: 3ixj
  Warhead (input): 586
  Warhead_5 (if mapped): (blank)
  SMILES lookup key: 586
  SMILES found? YES
--------------------------------------------------
Row 148
  PDB: 3ixj
  Warhead (input): 586
  Warhead_5 (if mapped): (blank)
  SMILES lookup key: 586
  SMILES found? YES
--------------------------------------------------
Row 149
  PDB: 3ixk
  Warhead (input): 929
  Warhead_5 (if mapped): (blank)
  SMILES lookup key: 929
  SMILES found? YES
--------------------------------------------------
Row 150
  PDB: 3ixk
  Warhead (input): 929
  Warhead_5 (if mapped): (blank)
  SMILES lookup key: 929
  SMILES found? YES
--------------------------------------------------
Row 151
  PDB: 3ixk
  Warhead (input): 929
  Warhead_5 (if mapped): (blank)
  SMILES lookup key: 929
  SMILES found? YES
--------------------------------------------------
Row 152
  PDB: 3k5c
  Warhead (input): 0BI
  Warhead_5 (if mapped): (blank)
  SMILES lookup key: 0BI
  SMILES found? YES
--------------------------------------------------
Row 153
  PDB: 3k5c
  Warhead (input): 0BI
  Warhead_5 (if mapped): (blank)
  SMILES lookup key: 0BI
  SMILES found? YES
--------------------------------------------------
Row 154
  PDB: 3k5c
  Warhead (input): 0BI
  Warhead_5 (if mapped): (blank)
  SMILES lookup key: 0BI
  SMILES found? YES
--------------------------------------------------
Row 155
  PDB: 3k5d
  Warhead (input): XLI
  Warhead_5 (if mapped): (blank)
  SMILES lookup key: XLI
  SMILES found? YES
--------------------------------------------------
Row 156
  PDB: 3k5d
  Warhead (input): XLI
  Warhead_5 (if mapped): (blank)
  SMILES lookup key: XLI
  SMILES found? YES
--------------------------------------------------
Row 157
  PDB: 3k5f
  Warhead (input): AYH
  Warhead_5 (if mapped): (blank)
  SMILES lookup key: AYH
  SMILES found? YES
--------------------------------------------------
Row 158
  PDB: 3k5f
  Warhead (input): AYH
  Warhead_5 (if mapped): (blank)
  SMILES lookup key: AYH
  SMILES found? YES
--------------------------------------------------
Row 159
  PDB: 3k5d
  Warhead (input): XLI
  Warhead_5 (if mapped): (blank)
  SMILES lookup key: XLI
  SMILES found? YES
--------------------------------------------------
Row 160
  PDB: 3k5g
  Warhead (input): BJC
  Warhead_5 (if mapped): (blank)
  SMILES lookup key: BJC
  SMILES found? YES
--------------------------------------------------
Row 161
  PDB: 3k5f
  Warhead (input): AYH
  Warhead_5 (if mapped): (blank)
  SMILES lookup key: AYH
  SMILES found? YES
--------------------------------------------------
Row 162
  PDB: 3k5g
  Warhead (input): BJC
  Warhead_5 (if mapped): (blank)
  SMILES lookup key: BJC
  SMILES found? YES
--------------------------------------------------
Row 163
  PDB: 3k5g
  Warhead (input): BJC
  Warhead_5 (if mapped): (blank)
  SMILES lookup key: BJC
  SMILES found? YES
--------------------------------------------------
Row 164
  PDB: 3kmx
  Warhead (input): G00
  Warhead_5 (if mapped): (blank)
  SMILES lookup key: G00
  SMILES found? YES
--------------------------------------------------
Row 165
  PDB: 3kmx
  Warhead (input): G00
  Warhead_5 (if mapped): (blank)
  SMILES lookup key: G00
  SMILES found? YES
--------------------------------------------------
Row 166
  PDB: 3kmy
  Warhead (input): D8Y
  Warhead_5 (if mapped): (blank)
  SMILES lookup key: D8Y
  SMILES found? YES
--------------------------------------------------
Row 167
  PDB: 3kmy
  Warhead (input): D8Y
  Warhead_5 (if mapped): (blank)
  SMILES lookup key: D8Y
  SMILES found? YES
--------------------------------------------------
Row 168
  PDB: 3kn0
  Warhead (input): 3TO
  Warhead_5 (if mapped): (blank)
  SMILES lookup key: 3TO
  SMILES found? YES
--------------------------------------------------
Row 169
  PDB: 3kn0
  Warhead (input): 3TO
  Warhead_5 (if mapped): (blank)
  SMILES lookup key: 3TO
  SMILES found? YES
--------------------------------------------------
Row 170
  PDB: 3kyr
  Warhead (input): 038
  Warhead_5 (if mapped): (blank)
  SMILES lookup key: 038
  SMILES found? YES
--------------------------------------------------
Row 171
  PDB: 3kyr
  Warhead (input): 038
  Warhead_5 (if mapped): (blank)
  SMILES lookup key: 038
  SMILES found? YES
--------------------------------------------------
Row 172
  PDB: 3kyr
  Warhead (input): 038
  Warhead_5 (if mapped): (blank)
  SMILES lookup key: 038
  SMILES found? YES
--------------------------------------------------
Row 173
  PDB: 3l3a
  Warhead (input): 625
  Warhead_5 (if mapped): (blank)
  SMILES lookup key: 625
  SMILES found? YES
--------------------------------------------------
Row 174
  PDB: 3l38
  Warhead (input): 879
  Warhead_5 (if mapped): (blank)
  SMILES lookup key: 879
  SMILES found? YES
--------------------------------------------------
Row 175
  PDB: 3l58
  Warhead (input): CS5
  Warhead_5 (if mapped): (blank)
  SMILES lookup key: CS5
  SMILES found? YES
--------------------------------------------------
Row 176
  PDB: 3l59
  Warhead (input): BDJ
  Warhead_5 (if mapped): (blank)
  SMILES lookup key: BDJ
  SMILES found? YES
--------------------------------------------------
Row 177
  PDB: 3l58
  Warhead (input): CS5
  Warhead_5 (if mapped): (blank)
  SMILES lookup key: CS5
  SMILES found? YES
--------------------------------------------------
Row 178
  PDB: 3l5b
  Warhead (input): BDO
  Warhead_5 (if mapped): (blank)
  SMILES lookup key: BDO
  SMILES found? YES
--------------------------------------------------
Row 179
  PDB: 3l5b
  Warhead (input): BDO
  Warhead_5 (if mapped): (blank)
  SMILES lookup key: BDO
  SMILES found? YES
--------------------------------------------------
Row 180
  PDB: 3l5c
  Warhead (input): BDQ
  Warhead_5 (if mapped): (blank)
  SMILES lookup key: BDQ
  SMILES found? YES
--------------------------------------------------
Row 181
  PDB: 3l5d
  Warhead (input): BDV
  Warhead_5 (if mapped): (blank)
  SMILES lookup key: BDV
  SMILES found? YES
--------------------------------------------------
Row 182
  PDB: 3l5c
  Warhead (input): BDQ
  Warhead_5 (if mapped): (blank)
  SMILES lookup key: BDQ
  SMILES found? YES
--------------------------------------------------
Row 183
  PDB: 3l5d
  Warhead (input): BDV
  Warhead_5 (if mapped): (blank)
  SMILES lookup key: BDV
  SMILES found? YES
--------------------------------------------------
Row 184
  PDB: 3l5e
  Warhead (input): BDW
  Warhead_5 (if mapped): (blank)
  SMILES lookup key: BDW
  SMILES found? YES
--------------------------------------------------
Row 185
  PDB: 3l5e
  Warhead (input): BDW
  Warhead_5 (if mapped): (blank)
  SMILES lookup key: BDW
  SMILES found? YES
--------------------------------------------------
Row 186
  PDB: 3l5f
  Warhead (input): BDX
  Warhead_5 (if mapped): (blank)
  SMILES lookup key: BDX
  SMILES found? YES
--------------------------------------------------
Row 187
  PDB: 3l5f
  Warhead (input): BDX
  Warhead_5 (if mapped): (blank)
  SMILES lookup key: BDX
  SMILES found? YES
--------------------------------------------------
Row 188
  PDB: 3lhg
  Warhead (input): Z81
  Warhead_5 (if mapped): (blank)
  SMILES lookup key: Z81
  SMILES found? YES
--------------------------------------------------
Row 189
  PDB: 3lnk
  Warhead (input): 74A
  Warhead_5 (if mapped): (blank)
  SMILES lookup key: 74A
  SMILES found? YES
--------------------------------------------------
Row 190
  PDB: 3lnk
  Warhead (input): 74A
  Warhead_5 (if mapped): (blank)
  SMILES lookup key: 74A
  SMILES found? YES
--------------------------------------------------
Row 191
  PDB: 3msj
  Warhead (input): EV3
  Warhead_5 (if mapped): (blank)
  SMILES lookup key: EV3
  SMILES found? YES
--------------------------------------------------
Row 192
  PDB: 3msj
  Warhead (input): EV3
  Warhead_5 (if mapped): (blank)
  SMILES lookup key: EV3
  SMILES found? YES
--------------------------------------------------
Row 193
  PDB: 3msj
  Warhead (input): EV3
  Warhead_5 (if mapped): (blank)
  SMILES lookup key: EV3
  SMILES found? YES
--------------------------------------------------
Row 194
  PDB: 3msk
  Warhead (input): EV4
  Warhead_5 (if mapped): (blank)
  SMILES lookup key: EV4
  SMILES found? YES
--------------------------------------------------
Row 195
  PDB: 3msl
  Warhead (input): EV5
  Warhead_5 (if mapped): (blank)
  SMILES lookup key: EV5
  SMILES found? YES
--------------------------------------------------
Row 196
  PDB: 3n4l
  Warhead (input): 842
  Warhead_5 (if mapped): (blank)
  SMILES lookup key: 842
  SMILES found? YES
--------------------------------------------------
Row 197
  PDB: 3n4l
  Warhead (input): 842
  Warhead_5 (if mapped): (blank)
  SMILES lookup key: 842
  SMILES found? YES
--------------------------------------------------
Row 198
  PDB: 3n4l
  Warhead (input): 842
  Warhead_5 (if mapped): (blank)
  SMILES lookup key: 842
  SMILES found? YES
--------------------------------------------------
Row 199
  PDB: 3nsh
  Warhead (input): 957
  Warhead_5 (if mapped): (blank)
  SMILES lookup key: 957
  SMILES found? YES
--------------------------------------------------
Row 200
  PDB: 3nsh
  Warhead (input): 957
  Warhead_5 (if mapped): (blank)
  SMILES lookup key: 957
  SMILES found? YES
--------------------------------------------------
Row 201
  PDB: 3nsh
  Warhead (input): 957
  Warhead_5 (if mapped): (blank)
  SMILES lookup key: 957
  SMILES found? YES
--------------------------------------------------
Row 202
  PDB: 3ooz
  Warhead (input): ZOO
  Warhead_5 (if mapped): (blank)
  SMILES lookup key: ZOO
  SMILES found? YES
--------------------------------------------------
Row 203
  PDB: 3pi5
  Warhead (input): 3P5
  Warhead_5 (if mapped): (blank)
  SMILES lookup key: 3P5
  SMILES found? YES
--------------------------------------------------
Row 204
  PDB: 3pi5
  Warhead (input): 3P5
  Warhead_5 (if mapped): (blank)
  SMILES lookup key: 3P5
  SMILES found? YES
--------------------------------------------------
Row 205
  PDB: 3pi5
  Warhead (input): 3P5
  Warhead_5 (if mapped): (blank)
  SMILES lookup key: 3P5
  SMILES found? YES
--------------------------------------------------
Row 206
  PDB: 3qbh
  Warhead (input): QBH
  Warhead_5 (if mapped): (blank)
  SMILES lookup key: QBH
  SMILES found? YES
--------------------------------------------------
Row 207
  PDB: 3qbh
  Warhead (input): QBH
  Warhead_5 (if mapped): (blank)
  SMILES lookup key: QBH
  SMILES found? YES
--------------------------------------------------
Row 208
  PDB: 3qi1
  Warhead (input): C6A
  Warhead_5 (if mapped): (blank)
  SMILES lookup key: C6A
  SMILES found? YES
--------------------------------------------------
Row 209
  PDB: 3qbh
  Warhead (input): QBH
  Warhead_5 (if mapped): (blank)
  SMILES lookup key: QBH
  SMILES found? YES
--------------------------------------------------
Row 210
  PDB: 3rsv
  Warhead (input): 3RS
  Warhead_5 (if mapped): (blank)
  SMILES lookup key: 3RS
  SMILES found? YES
--------------------------------------------------
Row 211
  PDB: 3rsx
  Warhead (input): RSV
  Warhead_5 (if mapped): (blank)
  SMILES lookup key: RSV
  SMILES found? YES
--------------------------------------------------
Row 212
  PDB: 3rth
  Warhead (input): RTH
  Warhead_5 (if mapped): (blank)
  SMILES lookup key: RTH
  SMILES found? YES
--------------------------------------------------
Row 213
  PDB: 3rtm
  Warhead (input): RTM
  Warhead_5 (if mapped): (blank)
  SMILES lookup key: RTM
  SMILES found? YES
--------------------------------------------------
Row 214
  PDB: 3rtn
  Warhead (input): RTN
  Warhead_5 (if mapped): (blank)
  SMILES lookup key: RTN
  SMILES found? YES
--------------------------------------------------
Row 215
  PDB: 3rvi
  Warhead (input): RVI
  Warhead_5 (if mapped): (blank)
  SMILES lookup key: RVI
  SMILES found? YES
--------------------------------------------------
Row 216
  PDB: 3ru1
  Warhead (input): 3RU
  Warhead_5 (if mapped): (blank)
  SMILES lookup key: 3RU
  SMILES found? YES
--------------------------------------------------
Row 217
  PDB: 3s2o
  Warhead (input): EV6
  Warhead_5 (if mapped): (blank)
  SMILES lookup key: EV6
  SMILES found? YES
--------------------------------------------------
Row 218
  PDB: 3s7l
  Warhead (input): 591
  Warhead_5 (if mapped): (blank)
  SMILES lookup key: 591
  SMILES found? YES
--------------------------------------------------
Row 219
  PDB: 3s7m
  Warhead (input): 532
  Warhead_5 (if mapped): (blank)
  SMILES lookup key: 532
  SMILES found? YES
--------------------------------------------------
Row 220
  PDB: 3tpp
  Warhead (input): 5HA
  Warhead_5 (if mapped): (blank)
  SMILES lookup key: 5HA
  SMILES found? YES
--------------------------------------------------
Row 221
  PDB: 3tpr
  Warhead (input): 5HA
  Warhead_5 (if mapped): (blank)
  SMILES lookup key: 5HA
  SMILES found? YES
--------------------------------------------------
Row 222
  PDB: 3u6a
  Warhead (input): 18P
  Warhead_5 (if mapped): (blank)
  SMILES lookup key: 18P
  SMILES found? YES
--------------------------------------------------
Row 223
  PDB: 3u6a
  Warhead (input): 18P
  Warhead_5 (if mapped): (blank)
  SMILES lookup key: 18P
  SMILES found? YES
--------------------------------------------------
Row 224
  PDB: 3udh
  Warhead (input): 091
  Warhead_5 (if mapped): (blank)
  SMILES lookup key: 091
  SMILES found? YES
--------------------------------------------------
Row 225
  PDB: 3u6a
  Warhead (input): 18P
  Warhead_5 (if mapped): (blank)
  SMILES lookup key: 18P
  SMILES found? YES
--------------------------------------------------
Row 226
  PDB: 3udj
  Warhead (input): 092
  Warhead_5 (if mapped): (blank)
  SMILES lookup key: 092
  SMILES found? YES
--------------------------------------------------
Row 227
  PDB: 3udk
  Warhead (input): 095
  Warhead_5 (if mapped): (blank)
  SMILES lookup key: 095
  SMILES found? YES
--------------------------------------------------
Row 228
  PDB: 3udm
  Warhead (input): 09A
  Warhead_5 (if mapped): (blank)
  SMILES lookup key: 09A
  SMILES found? YES
--------------------------------------------------
Row 229
  PDB: 3udn
  Warhead (input): 09B
  Warhead_5 (if mapped): (blank)
  SMILES lookup key: 09B
  SMILES found? YES
--------------------------------------------------
Row 230
  PDB: 3udq
  Warhead (input): 09E
  Warhead_5 (if mapped): (blank)
  SMILES lookup key: 09E
  SMILES found? YES
--------------------------------------------------
Row 231
  PDB: 3udp
  Warhead (input): 09D
  Warhead_5 (if mapped): (blank)
  SMILES lookup key: 09D
  SMILES found? YES
--------------------------------------------------
Row 232
  PDB: 3udr
  Warhead (input): 09F
  Warhead_5 (if mapped): (blank)
  SMILES lookup key: 09F
  SMILES found? YES
--------------------------------------------------
Row 233
  PDB: 3udy
  Warhead (input): 09G
  Warhead_5 (if mapped): (blank)
  SMILES lookup key: 09G
  SMILES found? YES
--------------------------------------------------
Row 234
  PDB: 3ufl
  Warhead (input): 508
  Warhead_5 (if mapped): (blank)
  SMILES lookup key: 508
  SMILES found? YES
--------------------------------------------------
Row 235
  PDB: 3uqu
  Warhead (input): ZPX
  Warhead_5 (if mapped): (blank)
  SMILES lookup key: ZPX
  SMILES found? YES
--------------------------------------------------
Row 236
  PDB: 3uqw
  Warhead (input): ZPY
  Warhead_5 (if mapped): (blank)
  SMILES lookup key: ZPY
  SMILES found? YES
--------------------------------------------------
Row 237
  PDB: 3uqx
  Warhead (input): ZPZ
  Warhead_5 (if mapped): (blank)
  SMILES lookup key: ZPZ
  SMILES found? YES
--------------------------------------------------
Row 238
  PDB: 3veu
  Warhead (input): 0GO
  Warhead_5 (if mapped): (blank)
  SMILES lookup key: 0GO
  SMILES found? YES
--------------------------------------------------
Row 239
  PDB: 3vf3
  Warhead (input): 0GS
  Warhead_5 (if mapped): (blank)
  SMILES lookup key: 0GS
  SMILES found? YES
--------------------------------------------------
Row 240
  PDB: 3vg1
  Warhead (input): 0GT
  Warhead_5 (if mapped): (blank)
  SMILES lookup key: 0GT
  SMILES found? YES
--------------------------------------------------
Row 241
  PDB: 3vv6
  Warhead (input): B00
  Warhead_5 (if mapped): (blank)
  SMILES lookup key: B00
  SMILES found? YES
--------------------------------------------------
Row 242
  PDB: 3vv7
  Warhead (input): 0B1
  Warhead_5 (if mapped): (blank)
  SMILES lookup key: 0B1
  SMILES found? YES
--------------------------------------------------
Row 243
  PDB: 3wb4
  Warhead (input): 0B3
  Warhead_5 (if mapped): (blank)
  SMILES lookup key: 0B3
  SMILES found? YES
--------------------------------------------------
Row 244
  PDB: 3vv8
  Warhead (input): B02
  Warhead_5 (if mapped): (blank)
  SMILES lookup key: B02
  SMILES found? YES
--------------------------------------------------
Row 245
  PDB: 3wb5
  Warhead (input): 0B4
  Warhead_5 (if mapped): (blank)
  SMILES lookup key: 0B4
  SMILES found? YES
--------------------------------------------------
Row 246
  PDB: 3zmg
  Warhead (input): 6Z0
  Warhead_5 (if mapped): (blank)
  SMILES lookup key: 6Z0
  SMILES found? YES
--------------------------------------------------
Row 247
  PDB: 3zov
  Warhead (input): WZV
  Warhead_5 (if mapped): (blank)
  SMILES lookup key: WZV
  SMILES found? YES
--------------------------------------------------
Row 248
  PDB: 4acx
  Warhead (input): S8Z
  Warhead_5 (if mapped): (blank)
  SMILES lookup key: S8Z
  SMILES found? YES
--------------------------------------------------
Row 249
  PDB: 4acu
  Warhead (input): QN7
  Warhead_5 (if mapped): (blank)
  SMILES lookup key: QN7
  SMILES found? YES
--------------------------------------------------
Row 250
  PDB: 4azy
  Warhead (input): 7F3
  Warhead_5 (if mapped): (blank)
  SMILES lookup key: 7F3
  SMILES found? YES
--------------------------------------------------
Row 251
  PDB: 4b00
  Warhead (input): I6X
  Warhead_5 (if mapped): (blank)
  SMILES lookup key: I6X
  SMILES found? YES
--------------------------------------------------
Row 252
  PDB: 4b05
  Warhead (input): 32D
  Warhead_5 (if mapped): (blank)
  SMILES lookup key: 32D
  SMILES found? YES
--------------------------------------------------
Row 253
  PDB: 4b0q
  Warhead (input): GMF
  Warhead_5 (if mapped): (blank)
  SMILES lookup key: GMF
  SMILES found? YES
--------------------------------------------------
Row 254
  PDB: 4b1d
  Warhead (input): 6TG
  Warhead_5 (if mapped): (blank)
  SMILES lookup key: 6TG
  SMILES found? YES
--------------------------------------------------
Row 255
  PDB: 4b1c
  Warhead (input): 1B1
  Warhead_5 (if mapped): (blank)
  SMILES lookup key: 1B1
  SMILES found? YES
--------------------------------------------------
Row 256
  PDB: 4b72
  Warhead (input): 2FB
  Warhead_5 (if mapped): (blank)
  SMILES lookup key: 2FB
  SMILES found? YES
--------------------------------------------------
Row 257
  PDB: 4b70
  Warhead (input): WM9
  Warhead_5 (if mapped): (blank)
  SMILES lookup key: WM9
  SMILES found? YES
--------------------------------------------------
Row 258
  PDB: 4b1e
  Warhead (input): 6T6
  Warhead_5 (if mapped): (blank)
  SMILES lookup key: 6T6
  SMILES found? YES
--------------------------------------------------
Row 259
  PDB: 4bek
  Warhead (input): XK0
  Warhead_5 (if mapped): (blank)
  SMILES lookup key: XK0
  SMILES found? YES
--------------------------------------------------
Row 260
  PDB: 4b77
  Warhead (input): 54M
  Warhead_5 (if mapped): (blank)
  SMILES lookup key: 54M
  SMILES found? YES
--------------------------------------------------
Row 261
  PDB: 4b78
  Warhead (input): KGG
  Warhead_5 (if mapped): (blank)
  SMILES lookup key: KGG
  SMILES found? YES
--------------------------------------------------
Row 262
  PDB: 4bfd
  Warhead (input): 8T3
  Warhead_5 (if mapped): (blank)
  SMILES lookup key: 8T3
  SMILES found? YES
--------------------------------------------------
Row 263
  PDB: 4d83
  Warhead (input): 0GT
  Warhead_5 (if mapped): (blank)
  SMILES lookup key: 0GT
  SMILES found? YES
--------------------------------------------------
Row 264
  PDB: 4d83
  Warhead (input): 0GT
  Warhead_5 (if mapped): (blank)
  SMILES lookup key: 0GT
  SMILES found? YES
--------------------------------------------------
Row 265
  PDB: 4d83
  Warhead (input): 0GT
  Warhead_5 (if mapped): (blank)
  SMILES lookup key: 0GT
  SMILES found? YES
--------------------------------------------------
Row 266
  PDB: 4d88
  Warhead (input): BXQ
  Warhead_5 (if mapped): (blank)
  SMILES lookup key: BXQ
  SMILES found? YES
--------------------------------------------------
Row 267
  PDB: 4d85
  Warhead (input): 0GU
  Warhead_5 (if mapped): (blank)
  SMILES lookup key: 0GU
  SMILES found? YES
--------------------------------------------------
Row 268
  PDB: 4d8c
  Warhead (input): BXD
  Warhead_5 (if mapped): (blank)
  SMILES lookup key: BXD
  SMILES found? YES
--------------------------------------------------
Row 269
  PDB: 4d89
  Warhead (input): BXD
  Warhead_5 (if mapped): (blank)
  SMILES lookup key: BXD
  SMILES found? YES
--------------------------------------------------
Row 270
  PDB: 4d8c
  Warhead (input): BXD
  Warhead_5 (if mapped): (blank)
  SMILES lookup key: BXD
  SMILES found? YES
--------------------------------------------------
Row 271
  PDB: 4d8c
  Warhead (input): BXD
  Warhead_5 (if mapped): (blank)
  SMILES lookup key: BXD
  SMILES found? YES
--------------------------------------------------
Row 272
  PDB: 4di2
  Warhead (input): 0K9
  Warhead_5 (if mapped): (blank)
  SMILES lookup key: 0K9
  SMILES found? YES
--------------------------------------------------
Row 273
  PDB: 4dh6
  Warhead (input): 0KN
  Warhead_5 (if mapped): (blank)
  SMILES lookup key: 0KN
  SMILES found? YES
--------------------------------------------------
Row 274
  PDB: 4di2
  Warhead (input): 0K9
  Warhead_5 (if mapped): (blank)
  SMILES lookup key: 0K9
  SMILES found? YES
--------------------------------------------------
Row 275
  PDB: 4di2
  Warhead (input): 0K9
  Warhead_5 (if mapped): (blank)
  SMILES lookup key: 0K9
  SMILES found? YES
--------------------------------------------------
Row 276
  PDB: 4dju
  Warhead (input): 0KK
  Warhead_5 (if mapped): (blank)
  SMILES lookup key: 0KK
  SMILES found? YES
--------------------------------------------------
Row 277
  PDB: 4dju
  Warhead (input): 0KK
  Warhead_5 (if mapped): (blank)
  SMILES lookup key: 0KK
  SMILES found? YES
--------------------------------------------------
Row 278
  PDB: 4djv
  Warhead (input): 0KM
  Warhead_5 (if mapped): (blank)
  SMILES lookup key: 0KM
  SMILES found? YES
--------------------------------------------------
Row 279
  PDB: 4djv
  Warhead (input): 0KM
  Warhead_5 (if mapped): (blank)
  SMILES lookup key: 0KM
  SMILES found? YES
--------------------------------------------------
Row 280
  PDB: 4djw
  Warhead (input): 0KP
  Warhead_5 (if mapped): (blank)
  SMILES lookup key: 0KP
  SMILES found? YES
--------------------------------------------------
Row 281
  PDB: 4djw
  Warhead (input): 0KP
  Warhead_5 (if mapped): (blank)
  SMILES lookup key: 0KP
  SMILES found? YES
--------------------------------------------------
Row 282
  PDB: 4djx
  Warhead (input): 0KQ
  Warhead_5 (if mapped): (blank)
  SMILES lookup key: 0KQ
  SMILES found? YES
--------------------------------------------------
Row 283
  PDB: 4djx
  Warhead (input): 0KQ
  Warhead_5 (if mapped): (blank)
  SMILES lookup key: 0KQ
  SMILES found? YES
--------------------------------------------------
Row 284
  PDB: 4djy
  Warhead (input): 0KR
  Warhead_5 (if mapped): (blank)
  SMILES lookup key: 0KR
  SMILES found? YES
--------------------------------------------------
Row 285
  PDB: 4djy
  Warhead (input): 0KR
  Warhead_5 (if mapped): (blank)
  SMILES lookup key: 0KR
  SMILES found? YES
--------------------------------------------------
Row 286
  PDB: 4dpf
  Warhead (input): 0LG
  Warhead_5 (if mapped): (blank)
  SMILES lookup key: 0LG
  SMILES found? YES
--------------------------------------------------
Row 287
  PDB: 4dpi
  Warhead (input): 0N1
  Warhead_5 (if mapped): (blank)
  SMILES lookup key: 0N1
  SMILES found? YES
--------------------------------------------------
Row 288
  PDB: 4dus
  Warhead (input): 0MP
  Warhead_5 (if mapped): (blank)
  SMILES lookup key: 0MP
  SMILES found? YES
--------------------------------------------------
Row 289
  PDB: 4ewo
  Warhead (input): 996
  Warhead_5 (if mapped): (blank)
  SMILES lookup key: 996
  SMILES found? YES
--------------------------------------------------
Row 290
  PDB: 4exg
  Warhead (input): 916
  Warhead_5 (if mapped): (blank)
  SMILES lookup key: 916
  SMILES found? YES
--------------------------------------------------
Row 291
  PDB: 4fco
  Warhead (input): 0U4
  Warhead_5 (if mapped): (blank)
  SMILES lookup key: 0U4
  SMILES found? YES
--------------------------------------------------
Row 292
  PDB: 4fm7
  Warhead (input): 0UP
  Warhead_5 (if mapped): (blank)
  SMILES lookup key: 0UP
  SMILES found? YES
--------------------------------------------------
Row 293
  PDB: 4fm8
  Warhead (input): 0UQ
  Warhead_5 (if mapped): (blank)
  SMILES lookup key: 0UQ
  SMILES found? YES
--------------------------------------------------
Row 294
  PDB: 4fri
  Warhead (input): DWA
  Warhead_5 (if mapped): (blank)
  SMILES lookup key: DWA
  SMILES found? YES
--------------------------------------------------
Row 295
  PDB: 4frj
  Warhead (input): DWB
  Warhead_5 (if mapped): (blank)
  SMILES lookup key: DWB
  SMILES found? YES
--------------------------------------------------
Row 296
  PDB: 4frk
  Warhead (input): DWD
  Warhead_5 (if mapped): (blank)
  SMILES lookup key: DWD
  SMILES found? YES
--------------------------------------------------
Row 297
  PDB: 4frs
  Warhead (input): 0V6
  Warhead_5 (if mapped): (blank)
  SMILES lookup key: 0V6
  SMILES found? YES
--------------------------------------------------
Row 298
  PDB: 4frs
  Warhead (input): 0V6
  Warhead_5 (if mapped): (blank)
  SMILES lookup key: 0V6
  SMILES found? YES
--------------------------------------------------
Row 299
  PDB: 4fs4
  Warhead (input): H24
  Warhead_5 (if mapped): (blank)
  SMILES lookup key: H24
  SMILES found? YES
--------------------------------------------------
Row 300
  PDB: 4fs4
  Warhead (input): H24
  Warhead_5 (if mapped): (blank)
  SMILES lookup key: H24
  SMILES found? YES
--------------------------------------------------
Row 301
  PDB: 4fsl
  Warhead (input): 0VB
  Warhead_5 (if mapped): (blank)
  SMILES lookup key: 0VB
  SMILES found? YES
--------------------------------------------------
Row 302
  PDB: 4fsl
  Warhead (input): 0VB
  Warhead_5 (if mapped): (blank)
  SMILES lookup key: 0VB
  SMILES found? YES
--------------------------------------------------
Row 303
  PDB: 4fsl
  Warhead (input): 0VB
  Warhead_5 (if mapped): (blank)
  SMILES lookup key: 0VB
  SMILES found? YES
--------------------------------------------------
Row 304
  PDB: 4fsl
  Warhead (input): 0VB
  Warhead_5 (if mapped): (blank)
  SMILES lookup key: 0VB
  SMILES found? YES
--------------------------------------------------
Row 305
  PDB: 4gid
  Warhead (input): 0GH
  Warhead_5 (if mapped): (blank)
  SMILES lookup key: 0GH
  SMILES found? YES
--------------------------------------------------
Row 306
  PDB: 4gid
  Warhead (input): LPD
  Warhead_5 (if mapped): (blank)
  SMILES lookup key: LPD
  SMILES found? YES
--------------------------------------------------
Row 307
  PDB: 4gid
  Warhead (input): 0GH
  Warhead_5 (if mapped): (blank)
  SMILES lookup key: 0GH
  SMILES found? YES
--------------------------------------------------
Row 308
  PDB: 4gid
  Warhead (input): LPD
  Warhead_5 (if mapped): (blank)
  SMILES lookup key: LPD
  SMILES found? YES
--------------------------------------------------
Row 309
  PDB: 4gid
  Warhead (input): LPD
  Warhead_5 (if mapped): (blank)
  SMILES lookup key: LPD
  SMILES found? YES
--------------------------------------------------
Row 310
  PDB: 4gid
  Warhead (input): 0GH
  Warhead_5 (if mapped): (blank)
  SMILES lookup key: 0GH
  SMILES found? YES
--------------------------------------------------
Row 311
  PDB: 4gid
  Warhead (input): 0GH
  Warhead_5 (if mapped): (blank)
  SMILES lookup key: 0GH
  SMILES found? YES
--------------------------------------------------
Row 312
  PDB: 4gid
  Warhead (input): LPD
  Warhead_5 (if mapped): (blank)
  SMILES lookup key: LPD
  SMILES found? YES
--------------------------------------------------
Row 313
  PDB: 4gmi
  Warhead (input): 0XA
  Warhead_5 (if mapped): (blank)
  SMILES lookup key: 0XA
  SMILES found? YES
--------------------------------------------------
Row 314
  PDB: 4h1e
  Warhead (input): 10J
  Warhead_5 (if mapped): (blank)
  SMILES lookup key: 10J
  SMILES found? YES
--------------------------------------------------
Row 315
  PDB: 4h1e
  Warhead (input): 10J
  Warhead_5 (if mapped): (blank)
  SMILES lookup key: 10J
  SMILES found? YES
--------------------------------------------------
Row 316
  PDB: 4h3f
  Warhead (input): 10O
  Warhead_5 (if mapped): (blank)
  SMILES lookup key: 10O
  SMILES found? YES
--------------------------------------------------
Row 317
  PDB: 4h3g
  Warhead (input): 10Q
  Warhead_5 (if mapped): (blank)
  SMILES lookup key: 10Q
  SMILES found? YES
--------------------------------------------------
Row 318
  PDB: 4h3f
  Warhead (input): 10O
  Warhead_5 (if mapped): (blank)
  SMILES lookup key: 10O
  SMILES found? YES
--------------------------------------------------
Row 319
  PDB: 4h3g
  Warhead (input): 10Q
  Warhead_5 (if mapped): (blank)
  SMILES lookup key: 10Q
  SMILES found? YES
--------------------------------------------------
Row 320
  PDB: 4h3i
  Warhead (input): 10V
  Warhead_5 (if mapped): (blank)
  SMILES lookup key: 10V
  SMILES found? YES
--------------------------------------------------
Row 321
  PDB: 4h3i
  Warhead (input): 10V
  Warhead_5 (if mapped): (blank)
  SMILES lookup key: 10V
  SMILES found? YES
--------------------------------------------------
Row 322
  PDB: 4h3j
  Warhead (input): 10W
  Warhead_5 (if mapped): (blank)
  SMILES lookup key: 10W
  SMILES found? YES
--------------------------------------------------
Row 323
  PDB: 4h3j
  Warhead (input): 10W
  Warhead_5 (if mapped): (blank)
  SMILES lookup key: 10W
  SMILES found? YES
--------------------------------------------------
Row 324
  PDB: 4ha5
  Warhead (input): 13W
  Warhead_5 (if mapped): (blank)
  SMILES lookup key: 13W
  SMILES found? YES
--------------------------------------------------
Row 325
  PDB: 4ha5
  Warhead (input): 13W
  Warhead_5 (if mapped): (blank)
  SMILES lookup key: 13W
  SMILES found? YES
--------------------------------------------------
Row 326
  PDB: 4hzt
  Warhead (input): 0ZA
  Warhead_5 (if mapped): (blank)
  SMILES lookup key: 0ZA
  SMILES found? YES
--------------------------------------------------
Row 327
  PDB: 4i0d
  Warhead (input): 1B7
  Warhead_5 (if mapped): (blank)
  SMILES lookup key: 1B7
  SMILES found? YES
--------------------------------------------------
Row 328
  PDB: 4i0e
  Warhead (input): 1B8
  Warhead_5 (if mapped): (blank)
  SMILES lookup key: 1B8
  SMILES found? YES
--------------------------------------------------
Row 329
  PDB: 4i0f
  Warhead (input): 1BF
  Warhead_5 (if mapped): (blank)
  SMILES lookup key: 1BF
  SMILES found? YES
--------------------------------------------------
Row 330
  PDB: 4i0g
  Warhead (input): 1B9
  Warhead_5 (if mapped): (blank)
  SMILES lookup key: 1B9
  SMILES found? YES
--------------------------------------------------
Row 331
  PDB: 4i0h
  Warhead (input): 1BL
  Warhead_5 (if mapped): (blank)
  SMILES lookup key: 1BL
  SMILES found? YES
--------------------------------------------------
Row 332
  PDB: 4i0h
  Warhead (input): 1BL
  Warhead_5 (if mapped): (blank)
  SMILES lookup key: 1BL
  SMILES found? YES
--------------------------------------------------
Row 333
  PDB: 4i0h
  Warhead (input): 1BL
  Warhead_5 (if mapped): (blank)
  SMILES lookup key: 1BL
  SMILES found? YES
--------------------------------------------------
Row 334
  PDB: 4i0i
  Warhead (input): 957
  Warhead_5 (if mapped): (blank)
  SMILES lookup key: 957
  SMILES found? YES
--------------------------------------------------
Row 335
  PDB: 4i0i
  Warhead (input): 957
  Warhead_5 (if mapped): (blank)
  SMILES lookup key: 957
  SMILES found? YES
--------------------------------------------------
Row 336
  PDB: 4i0i
  Warhead (input): 957
  Warhead_5 (if mapped): (blank)
  SMILES lookup key: 957
  SMILES found? YES
--------------------------------------------------
Row 337
  PDB: 4i0j
  Warhead (input): 842
  Warhead_5 (if mapped): (blank)
  SMILES lookup key: 842
  SMILES found? YES
--------------------------------------------------
Row 338
  PDB: 4i0z
  Warhead (input): 1BB
  Warhead_5 (if mapped): (blank)
  SMILES lookup key: 1BB
  SMILES found? YES
--------------------------------------------------
Row 339
  PDB: 4i10
  Warhead (input): 1BS
  Warhead_5 (if mapped): (blank)
  SMILES lookup key: 1BS
  SMILES found? YES
--------------------------------------------------
Row 340
  PDB: 4i11
  Warhead (input): 1CH
  Warhead_5 (if mapped): (blank)
  SMILES lookup key: 1CH
  SMILES found? YES
--------------------------------------------------
Row 341
  PDB: 4i12
  Warhead (input): 1BC
  Warhead_5 (if mapped): (blank)
  SMILES lookup key: 1BC
  SMILES found? YES
--------------------------------------------------
Row 342
  PDB: 4ivs
  Warhead (input): VSI
  Warhead_5 (if mapped): (blank)
  SMILES lookup key: VSI
  SMILES found? YES
--------------------------------------------------
Row 343
  PDB: 4ivt
  Warhead (input): VTI
  Warhead_5 (if mapped): (blank)
  SMILES lookup key: VTI
  SMILES found? YES
--------------------------------------------------
Row 344
  PDB: 4i1c
  Warhead (input): 1BE
  Warhead_5 (if mapped): (blank)
  SMILES lookup key: 1BE
  SMILES found? YES
--------------------------------------------------
Row 345
  PDB: 4j0p
  Warhead (input): 1H8
  Warhead_5 (if mapped): (blank)
  SMILES lookup key: 1H8
  SMILES found? YES
--------------------------------------------------
Row 346
  PDB: 4j0v
  Warhead (input): 1H7
  Warhead_5 (if mapped): (blank)
  SMILES lookup key: 1H7
  SMILES found? YES
--------------------------------------------------
Row 347
  PDB: 4j0y
  Warhead (input): 1H6
  Warhead_5 (if mapped): (blank)
  SMILES lookup key: 1H6
  SMILES found? YES
--------------------------------------------------
Row 348
  PDB: 4j0z
  Warhead (input): 1H5
  Warhead_5 (if mapped): (blank)
  SMILES lookup key: 1H5
  SMILES found? YES
--------------------------------------------------
Row 349
  PDB: 4j0t
  Warhead (input): 6T9
  Warhead_5 (if mapped): (blank)
  SMILES lookup key: 6T9
  SMILES found? YES
--------------------------------------------------
Row 350
  PDB: 4j1e
  Warhead (input): 1HM
  Warhead_5 (if mapped): (blank)
  SMILES lookup key: 1HM
  SMILES found? YES
--------------------------------------------------
Row 351
  PDB: 4j1c
  Warhead (input): 1HO
  Warhead_5 (if mapped): (blank)
  SMILES lookup key: 1HO
  SMILES found? YES
--------------------------------------------------
Row 352
  PDB: 4j17
  Warhead (input): 1HQ
  Warhead_5 (if mapped): (blank)
  SMILES lookup key: 1HQ
  SMILES found? YES
--------------------------------------------------
Row 353
  PDB: 4j1f
  Warhead (input): 1HL
  Warhead_5 (if mapped): (blank)
  SMILES lookup key: 1HL
  SMILES found? YES
--------------------------------------------------
Row 354
  PDB: 4j1i
  Warhead (input): 1HH
  Warhead_5 (if mapped): (blank)
  SMILES lookup key: 1HH
  SMILES found? YES
--------------------------------------------------
Row 355
  PDB: 4j1h
  Warhead (input): 1HJ
  Warhead_5 (if mapped): (blank)
  SMILES lookup key: 1HJ
  SMILES found? YES
--------------------------------------------------
Row 356
  PDB: 4j1k
  Warhead (input): 1HG
  Warhead_5 (if mapped): (blank)
  SMILES lookup key: 1HG
  SMILES found? YES
--------------------------------------------------
Row 357
  PDB: 4jp9
  Warhead (input): 1M5
  Warhead_5 (if mapped): (blank)
  SMILES lookup key: 1M5
  SMILES found? YES
--------------------------------------------------
Row 358
  PDB: 4joo
  Warhead (input): 1M4
  Warhead_5 (if mapped): (blank)
  SMILES lookup key: 1M4
  SMILES found? YES
--------------------------------------------------
Row 359
  PDB: 4jpc
  Warhead (input): 1M6
  Warhead_5 (if mapped): (blank)
  SMILES lookup key: 1M6
  SMILES found? YES
--------------------------------------------------
Row 360
  PDB: 4k8s
  Warhead (input): 1QT
  Warhead_5 (if mapped): (blank)
  SMILES lookup key: 1QT
  SMILES found? YES
--------------------------------------------------
Row 361
  PDB: 4jpe
  Warhead (input): 1M7
  Warhead_5 (if mapped): (blank)
  SMILES lookup key: 1M7
  SMILES found? YES
--------------------------------------------------
Row 362
  PDB: 4k8s
  Warhead (input): 1QT
  Warhead_5 (if mapped): (blank)
  SMILES lookup key: 1QT
  SMILES found? YES
--------------------------------------------------
Row 363
  PDB: 4k9h
  Warhead (input): 1QU
  Warhead_5 (if mapped): (blank)
  SMILES lookup key: 1QU
  SMILES found? YES
--------------------------------------------------
Row 364
  PDB: 4k8s
  Warhead (input): 1QT
  Warhead_5 (if mapped): (blank)
  SMILES lookup key: 1QT
  SMILES found? YES
--------------------------------------------------
Row 365
  PDB: 4k9h
  Warhead (input): 1QU
  Warhead_5 (if mapped): (blank)
  SMILES lookup key: 1QU
  SMILES found? YES
--------------------------------------------------
Row 366
  PDB: 4ke0
  Warhead (input): 1R8
  Warhead_5 (if mapped): (blank)
  SMILES lookup key: 1R8
  SMILES found? YES
--------------------------------------------------
Row 367
  PDB: 4k9h
  Warhead (input): 1QU
  Warhead_5 (if mapped): (blank)
  SMILES lookup key: 1QU
  SMILES found? YES
--------------------------------------------------
Row 368
  PDB: 4ke0
  Warhead (input): 1R8
  Warhead_5 (if mapped): (blank)
  SMILES lookup key: 1R8
  SMILES found? YES
--------------------------------------------------
Row 369
  PDB: 4ke0
  Warhead (input): 1R8
  Warhead_5 (if mapped): (blank)
  SMILES lookup key: 1R8
  SMILES found? YES
--------------------------------------------------
Row 370
  PDB: 4l7g
  Warhead (input): 1W0
  Warhead_5 (if mapped): (blank)
  SMILES lookup key: 1W0
  SMILES found? YES
--------------------------------------------------
Row 371
  PDB: 4ke1
  Warhead (input): 1R6
  Warhead_5 (if mapped): (blank)
  SMILES lookup key: 1R6
  SMILES found? YES
--------------------------------------------------
Row 372
  PDB: 4l7h
  Warhead (input): 1W1
  Warhead_5 (if mapped): (blank)
  SMILES lookup key: 1W1
  SMILES found? YES
--------------------------------------------------
Row 373
  PDB: 4l7j
  Warhead (input): 1W2
  Warhead_5 (if mapped): (blank)
  SMILES lookup key: 1W2
  SMILES found? YES
--------------------------------------------------
Row 374
  PDB: 4lc7
  Warhead (input): 1WP
  Warhead_5 (if mapped): (blank)
  SMILES lookup key: 1WP
  SMILES found? YES
--------------------------------------------------
Row 375
  PDB: 4lxa
  Warhead (input): 1YS
  Warhead_5 (if mapped): (blank)
  SMILES lookup key: 1YS
  SMILES found? YES
--------------------------------------------------
Row 376
  PDB: 4lxa
  Warhead (input): 1YS
  Warhead_5 (if mapped): (blank)
  SMILES lookup key: 1YS
  SMILES found? YES
--------------------------------------------------
Row 377
  PDB: 4lxa
  Warhead (input): 1YS
  Warhead_5 (if mapped): (blank)
  SMILES lookup key: 1YS
  SMILES found? YES
--------------------------------------------------
Row 378
  PDB: 4lxk
  Warhead (input): 1YT
  Warhead_5 (if mapped): (blank)
  SMILES lookup key: 1YT
  SMILES found? YES
--------------------------------------------------
Row 379
  PDB: 4lxk
  Warhead (input): 1YT
  Warhead_5 (if mapped): (blank)
  SMILES lookup key: 1YT
  SMILES found? YES
--------------------------------------------------
Row 380
  PDB: 4lxk
  Warhead (input): 1YT
  Warhead_5 (if mapped): (blank)
  SMILES lookup key: 1YT
  SMILES found? YES
--------------------------------------------------
Row 381
  PDB: 4lxm
  Warhead (input): 1YU
  Warhead_5 (if mapped): (blank)
  SMILES lookup key: 1YU
  SMILES found? YES
--------------------------------------------------
Row 382
  PDB: 4lxm
  Warhead (input): 1YU
  Warhead_5 (if mapped): (blank)
  SMILES lookup key: 1YU
  SMILES found? YES
--------------------------------------------------
Row 383
  PDB: 4lxm
  Warhead (input): 1YU
  Warhead_5 (if mapped): (blank)
  SMILES lookup key: 1YU
  SMILES found? YES
--------------------------------------------------
Row 384
  PDB: 4n00
  Warhead (input): 2EX
  Warhead_5 (if mapped): (blank)
  SMILES lookup key: 2EX
  SMILES found? YES
--------------------------------------------------
Row 385
  PDB: 4pzw
  Warhead (input): 2X4
  Warhead_5 (if mapped): (blank)
  SMILES lookup key: 2X4
  SMILES found? YES
--------------------------------------------------
Row 386
  PDB: 4pzx
  Warhead (input): 2X5
  Warhead_5 (if mapped): (blank)
  SMILES lookup key: 2X5
  SMILES found? YES
--------------------------------------------------
Row 387
  PDB: 4r5n
  Warhead (input): 3J9
  Warhead_5 (if mapped): (blank)
  SMILES lookup key: 3J9
  SMILES found? YES
--------------------------------------------------
Row 388
  PDB: 4r8y
  Warhead (input): 3KO
  Warhead_5 (if mapped): (blank)
  SMILES lookup key: 3KO
  SMILES found? YES
--------------------------------------------------
Row 389
  PDB: 4r91
  Warhead (input): 3KT
  Warhead_5 (if mapped): (blank)
  SMILES lookup key: 3KT
  SMILES found? YES
--------------------------------------------------
Row 390
  PDB: 4r92
  Warhead (input): 3KU
  Warhead_5 (if mapped): (blank)
  SMILES lookup key: 3KU
  SMILES found? YES
--------------------------------------------------
Row 391
  PDB: 4r8y
  Warhead (input): 3KO
  Warhead_5 (if mapped): (blank)
  SMILES lookup key: 3KO
  SMILES found? YES
--------------------------------------------------
Row 392
  PDB: 4r92
  Warhead (input): 3KU
  Warhead_5 (if mapped): (blank)
  SMILES lookup key: 3KU
  SMILES found? YES
--------------------------------------------------
Row 393
  PDB: 4r91
  Warhead (input): 3KT
  Warhead_5 (if mapped): (blank)
  SMILES lookup key: 3KT
  SMILES found? YES
--------------------------------------------------
Row 394
  PDB: 4r93
  Warhead (input): 779
  Warhead_5 (if mapped): (blank)
  SMILES lookup key: 779
  SMILES found? YES
--------------------------------------------------
Row 395
  PDB: 4r95
  Warhead (input): 3KW
  Warhead_5 (if mapped): (blank)
  SMILES lookup key: 3KW
  SMILES found? YES
--------------------------------------------------
Row 396
  PDB: 4r95
  Warhead (input): 3KW
  Warhead_5 (if mapped): (blank)
  SMILES lookup key: 3KW
  SMILES found? YES
--------------------------------------------------
Row 397
  PDB: 4r93
  Warhead (input): 779
  Warhead_5 (if mapped): (blank)
  SMILES lookup key: 779
  SMILES found? YES
--------------------------------------------------
Row 398
  PDB: 4rcd
  Warhead (input): 3LL
  Warhead_5 (if mapped): (blank)
  SMILES lookup key: 3LL
  SMILES found? YES
--------------------------------------------------
Row 399
  PDB: 4rce
  Warhead (input): 3LN
  Warhead_5 (if mapped): (blank)
  SMILES lookup key: 3LN
  SMILES found? YES
--------------------------------------------------
Row 400
  PDB: 4rcf
  Warhead (input): 3LO
  Warhead_5 (if mapped): (blank)
  SMILES lookup key: 3LO
  SMILES found? YES
--------------------------------------------------
Row 401
  PDB: 4rro
  Warhead (input): 3UX
  Warhead_5 (if mapped): (blank)
  SMILES lookup key: 3UX
  SMILES found? YES
--------------------------------------------------
Row 402
  PDB: 4rrs
  Warhead (input): 3UY
  Warhead_5 (if mapped): (blank)
  SMILES lookup key: 3UY
  SMILES found? YES
--------------------------------------------------
Row 403
  PDB: 4rrn
  Warhead (input): 3UW
  Warhead_5 (if mapped): (blank)
  SMILES lookup key: 3UW
  SMILES found? YES
--------------------------------------------------
Row 404
  PDB: 4wy1
  Warhead (input): 3VO
  Warhead_5 (if mapped): (blank)
  SMILES lookup key: 3VO
  SMILES found? YES
--------------------------------------------------
Row 405
  PDB: 4wtu
  Warhead (input): 3UT
  Warhead_5 (if mapped): (blank)
  SMILES lookup key: 3UT
  SMILES found? YES
--------------------------------------------------
Row 406
  PDB: 4x2l
  Warhead (input): 3WP
  Warhead_5 (if mapped): (blank)
  SMILES lookup key: 3WP
  SMILES found? YES
--------------------------------------------------
Row 407
  PDB: 4wy6
  Warhead (input): 3VP
  Warhead_5 (if mapped): (blank)
  SMILES lookup key: 3VP
  SMILES found? YES
--------------------------------------------------
Row 408
  PDB: 4x7i
  Warhead (input): 3YS
  Warhead_5 (if mapped): (blank)
  SMILES lookup key: 3YS
  SMILES found? YES
--------------------------------------------------
Row 409
  PDB: 4x7i
  Warhead (input): 3YS
  Warhead_5 (if mapped): (blank)
  SMILES lookup key: 3YS
  SMILES found? YES
--------------------------------------------------
Row 410
  PDB: 4xkx
  Warhead (input): 43K
  Warhead_5 (if mapped): (blank)
  SMILES lookup key: 43K
  SMILES found? YES
--------------------------------------------------
Row 411
  PDB: 4xxs
  Warhead (input): SI5
  Warhead_5 (if mapped): (blank)
  SMILES lookup key: SI5
  SMILES found? YES
--------------------------------------------------
Row 412
  PDB: 4ybi
  Warhead (input): 4B2
  Warhead_5 (if mapped): (blank)
  SMILES lookup key: 4B2
  SMILES found? YES
--------------------------------------------------
Row 413
  PDB: 4ybi
  Warhead (input): 4B2
  Warhead_5 (if mapped): (blank)
  SMILES lookup key: 4B2
  SMILES found? YES
--------------------------------------------------
Row 414
  PDB: 4zpe
  Warhead (input): 4QA
  Warhead_5 (if mapped): (blank)
  SMILES lookup key: 4QA
  SMILES found? YES
--------------------------------------------------
Row 415
  PDB: 4zpg
  Warhead (input): 4QF
  Warhead_5 (if mapped): (blank)
  SMILES lookup key: 4QF
  SMILES found? YES
--------------------------------------------------
Row 416
  PDB: 4zpf
  Warhead (input): 4QD
  Warhead_5 (if mapped): (blank)
  SMILES lookup key: 4QD
  SMILES found? YES
--------------------------------------------------
Row 417
  PDB: 4zsm
  Warhead (input): 4RW
  Warhead_5 (if mapped): (blank)
  SMILES lookup key: 4RW
  SMILES found? YES
--------------------------------------------------
Row 418
  PDB: 4zsm
  Warhead (input): 4RW
  Warhead_5 (if mapped): (blank)
  SMILES lookup key: 4RW
  SMILES found? YES
--------------------------------------------------
Row 419
  PDB: 4zsp
  Warhead (input): 4RZ
  Warhead_5 (if mapped): (blank)
  SMILES lookup key: 4RZ
  SMILES found? YES
--------------------------------------------------
Row 420
  PDB: 4zsq
  Warhead (input): 4RX
  Warhead_5 (if mapped): (blank)
  SMILES lookup key: 4RX
  SMILES found? YES
--------------------------------------------------
Row 421
  PDB: 4zsp
  Warhead (input): 4RZ
  Warhead_5 (if mapped): (blank)
  SMILES lookup key: 4RZ
  SMILES found? YES
--------------------------------------------------
Row 422
  PDB: 4zsq
  Warhead (input): 4RX
  Warhead_5 (if mapped): (blank)
  SMILES lookup key: 4RX
  SMILES found? YES
--------------------------------------------------
Row 423
  PDB: 4zsr
  Warhead (input): 4RY
  Warhead_5 (if mapped): (blank)
  SMILES lookup key: 4RY
  SMILES found? YES
--------------------------------------------------
Row 424
  PDB: 4zsr
  Warhead (input): 4RY
  Warhead_5 (if mapped): (blank)
  SMILES lookup key: 4RY
  SMILES found? YES
--------------------------------------------------
Row 425
  PDB: 5clm
  Warhead (input): 52K
  Warhead_5 (if mapped): (blank)
  SMILES lookup key: 52K
  SMILES found? YES
--------------------------------------------------
Row 426
  PDB: 5dqc
  Warhead (input): 5E7
  Warhead_5 (if mapped): (blank)
  SMILES lookup key: 5E7
  SMILES found? YES
--------------------------------------------------
Row 427
  PDB: 5dqc
  Warhead (input): 5E7
  Warhead_5 (if mapped): (blank)
  SMILES lookup key: 5E7
  SMILES found? YES
--------------------------------------------------
Row 428
  PDB: 5dqc
  Warhead (input): 5E7
  Warhead_5 (if mapped): (blank)
  SMILES lookup key: 5E7
  SMILES found? YES
--------------------------------------------------
Row 429
  PDB: 5ezx
  Warhead (input): 5T5
  Warhead_5 (if mapped): (blank)
  SMILES lookup key: 5T5
  SMILES found? YES
--------------------------------------------------
Row 430
  PDB: 5ezz
  Warhead (input): 5T6
  Warhead_5 (if mapped): (blank)
  SMILES lookup key: 5T6
  SMILES found? YES
--------------------------------------------------
Row 431
  PDB: 5f00
  Warhead (input): 5T8
  Warhead_5 (if mapped): (blank)
  SMILES lookup key: 5T8
  SMILES found? YES
--------------------------------------------------
Row 432
  PDB: 5f01
  Warhead (input): 5T7
  Warhead_5 (if mapped): (blank)
  SMILES lookup key: 5T7
  SMILES found? YES
--------------------------------------------------
Row 433
  PDB: 5hd0
  Warhead (input): 60Y
  Warhead_5 (if mapped): (blank)
  SMILES lookup key: 60Y
  SMILES found? YES
--------------------------------------------------
Row 434
  PDB: 5hd0
  Warhead (input): 60Y
  Warhead_5 (if mapped): (blank)
  SMILES lookup key: 60Y
  SMILES found? YES
--------------------------------------------------
Row 435
  PDB: 5hdu
  Warhead (input): 60W
  Warhead_5 (if mapped): (blank)
  SMILES lookup key: 60W
  SMILES found? YES
--------------------------------------------------
Row 436
  PDB: 5hdv
  Warhead (input): 60V
  Warhead_5 (if mapped): (blank)
  SMILES lookup key: 60V
  SMILES found? YES
--------------------------------------------------
Row 437
  PDB: 5hdu
  Warhead (input): 60W
  Warhead_5 (if mapped): (blank)
  SMILES lookup key: 60W
  SMILES found? YES
--------------------------------------------------
Row 438
  PDB: 5hdv
  Warhead (input): 60V
  Warhead_5 (if mapped): (blank)
  SMILES lookup key: 60V
  SMILES found? YES
--------------------------------------------------
Row 439
  PDB: 5hdx
  Warhead (input): 60U
  Warhead_5 (if mapped): (blank)
  SMILES lookup key: 60U
  SMILES found? YES
--------------------------------------------------
Row 440
  PDB: 5hdx
  Warhead (input): 60U
  Warhead_5 (if mapped): (blank)
  SMILES lookup key: 60U
  SMILES found? YES
--------------------------------------------------
Row 441
  PDB: 5hdz
  Warhead (input): 954
  Warhead_5 (if mapped): (blank)
  SMILES lookup key: 954
  SMILES found? YES
--------------------------------------------------
Row 442
  PDB: 5hdz
  Warhead (input): 954
  Warhead_5 (if mapped): (blank)
  SMILES lookup key: 954
  SMILES found? YES
--------------------------------------------------
Row 443
  PDB: 5he4
  Warhead (input): 60T
  Warhead_5 (if mapped): (blank)
  SMILES lookup key: 60T
  SMILES found? YES
--------------------------------------------------
Row 444
  PDB: 5he4
  Warhead (input): 60T
  Warhead_5 (if mapped): (blank)
  SMILES lookup key: 60T
  SMILES found? YES
--------------------------------------------------
Row 445
  PDB: 5he5
  Warhead (input): 60S
  Warhead_5 (if mapped): (blank)
  SMILES lookup key: 60S
  SMILES found? YES
--------------------------------------------------
Row 446
  PDB: 5he7
  Warhead (input): 60X
  Warhead_5 (if mapped): (blank)
  SMILES lookup key: 60X
  SMILES found? YES
--------------------------------------------------
Row 447
  PDB: 5he5
  Warhead (input): 60S
  Warhead_5 (if mapped): (blank)
  SMILES lookup key: 60S
  SMILES found? YES
--------------------------------------------------
Row 448
  PDB: 5he7
  Warhead (input): 60X
  Warhead_5 (if mapped): (blank)
  SMILES lookup key: 60X
  SMILES found? YES
--------------------------------------------------
Row 449
  PDB: 5htz
  Warhead (input): 66J
  Warhead_5 (if mapped): (blank)
  SMILES lookup key: 66J
  SMILES found? YES
--------------------------------------------------
Row 450
  PDB: 5htz
  Warhead (input): 66J
  Warhead_5 (if mapped): (blank)
  SMILES lookup key: 66J
  SMILES found? YES
--------------------------------------------------
Row 451
  PDB: 5hu0
  Warhead (input): 66H
  Warhead_5 (if mapped): (blank)
  SMILES lookup key: 66H
  SMILES found? YES
--------------------------------------------------
Row 452
  PDB: 5hu1
  Warhead (input): 66F
  Warhead_5 (if mapped): (blank)
  SMILES lookup key: 66F
  SMILES found? YES
--------------------------------------------------
Row 453
  PDB: 5hu1
  Warhead (input): 66F
  Warhead_5 (if mapped): (blank)
  SMILES lookup key: 66F
  SMILES found? YES
--------------------------------------------------
Row 454
  PDB: 5hu0
  Warhead (input): 66H
  Warhead_5 (if mapped): (blank)
  SMILES lookup key: 66H
  SMILES found? YES
--------------------------------------------------
Row 455
  PDB: 5i3v
  Warhead (input): 68M
  Warhead_5 (if mapped): (blank)
  SMILES lookup key: 68M
  SMILES found? YES
--------------------------------------------------
Row 456
  PDB: 5i3w
  Warhead (input): 68L
  Warhead_5 (if mapped): (blank)
  SMILES lookup key: 68L
  SMILES found? YES
--------------------------------------------------
Row 457
  PDB: 5i3x
  Warhead (input): 68J
  Warhead_5 (if mapped): (blank)
  SMILES lookup key: 68J
  SMILES found? YES
--------------------------------------------------
Row 458
  PDB: 5i3y
  Warhead (input): 68K
  Warhead_5 (if mapped): (blank)
  SMILES lookup key: 68K
  SMILES found? YES
--------------------------------------------------
Row 459
  PDB: 5mco
  Warhead (input): BSD
  Warhead_5 (if mapped): (blank)
  SMILES lookup key: BSD
  SMILES found? YES
--------------------------------------------------
Row 460
  PDB: 5ie1
  Warhead (input): 6BS
  Warhead_5 (if mapped): (blank)
  SMILES lookup key: 6BS
  SMILES found? YES
--------------------------------------------------
Row 461
  PDB: 5mxd
  Warhead (input): III
  Warhead_5 (if mapped): (blank)
  SMILES lookup key: III
  SMILES found? YES
--------------------------------------------------
Row 462
  PDB: 5mxd
  Warhead (input): III
  Warhead_5 (if mapped): (blank)
  SMILES lookup key: III
  SMILES found? YES
--------------------------------------------------
Row 463
  PDB: 5mxd
  Warhead (input): III
  Warhead_5 (if mapped): (blank)
  SMILES lookup key: III
  SMILES found? YES
--------------------------------------------------
Row 464
  PDB: 5qco
  Warhead (input): E4A
  Warhead_5 (if mapped): (blank)
  SMILES lookup key: E4A
  SMILES found? YES
--------------------------------------------------
Row 465
  PDB: 5qco
  Warhead (input): E4A
  Warhead_5 (if mapped): (blank)
  SMILES lookup key: E4A
  SMILES found? YES
--------------------------------------------------
Row 466
  PDB: 5qco
  Warhead (input): E4A
  Warhead_5 (if mapped): (blank)
  SMILES lookup key: E4A
  SMILES found? YES
--------------------------------------------------
Row 467
  PDB: 5qcp
  Warhead (input): E4G
  Warhead_5 (if mapped): (blank)
  SMILES lookup key: E4G
  SMILES found? YES
--------------------------------------------------
Row 468
  PDB: 5qcp
  Warhead (input): E4G
  Warhead_5 (if mapped): (blank)
  SMILES lookup key: E4G
  SMILES found? YES
--------------------------------------------------
Row 469
  PDB: 5qcp
  Warhead (input): E4G
  Warhead_5 (if mapped): (blank)
  SMILES lookup key: E4G
  SMILES found? YES
--------------------------------------------------
Row 470
  PDB: 5qcq
  Warhead (input): AFJ
  Warhead_5 (if mapped): (blank)
  SMILES lookup key: AFJ
  SMILES found? YES
--------------------------------------------------
Row 471
  PDB: 5qcq
  Warhead (input): AFJ
  Warhead_5 (if mapped): (blank)
  SMILES lookup key: AFJ
  SMILES found? YES
--------------------------------------------------
Row 472
  PDB: 5qcq
  Warhead (input): AFJ
  Warhead_5 (if mapped): (blank)
  SMILES lookup key: AFJ
  SMILES found? YES
--------------------------------------------------
Row 473
  PDB: 5qcr
  Warhead (input): E4J
  Warhead_5 (if mapped): (blank)
  SMILES lookup key: E4J
  SMILES found? YES
--------------------------------------------------
Row 474
  PDB: 5qcr
  Warhead (input): E4J
  Warhead_5 (if mapped): (blank)
  SMILES lookup key: E4J
  SMILES found? YES
--------------------------------------------------
Row 475
  PDB: 5qcr
  Warhead (input): E4J
  Warhead_5 (if mapped): (blank)
  SMILES lookup key: E4J
  SMILES found? YES
--------------------------------------------------
Row 476
  PDB: 5qcs
  Warhead (input): AXF
  Warhead_5 (if mapped): (blank)
  SMILES lookup key: AXF
  SMILES found? YES
--------------------------------------------------
Row 477
  PDB: 5qcs
  Warhead (input): AXF
  Warhead_5 (if mapped): (blank)
  SMILES lookup key: AXF
  SMILES found? YES
--------------------------------------------------
Row 478
  PDB: 5qcs
  Warhead (input): AXF
  Warhead_5 (if mapped): (blank)
  SMILES lookup key: AXF
  SMILES found? YES
--------------------------------------------------
Row 479
  PDB: 5qct
  Warhead (input): E4Y
  Warhead_5 (if mapped): (blank)
  SMILES lookup key: E4Y
  SMILES found? YES
--------------------------------------------------
Row 480
  PDB: 5qct
  Warhead (input): E4Y
  Warhead_5 (if mapped): (blank)
  SMILES lookup key: E4Y
  SMILES found? YES
--------------------------------------------------
Row 481
  PDB: 5qct
  Warhead (input): E4Y
  Warhead_5 (if mapped): (blank)
  SMILES lookup key: E4Y
  SMILES found? YES
--------------------------------------------------
Row 482
  PDB: 5qcu
  Warhead (input): E51
  Warhead_5 (if mapped): (blank)
  SMILES lookup key: E51
  SMILES found? YES
--------------------------------------------------
Row 483
  PDB: 5qcu
  Warhead (input): E51
  Warhead_5 (if mapped): (blank)
  SMILES lookup key: E51
  SMILES found? YES
--------------------------------------------------
Row 484
  PDB: 5qcu
  Warhead (input): E51
  Warhead_5 (if mapped): (blank)
  SMILES lookup key: E51
  SMILES found? YES
--------------------------------------------------
Row 485
  PDB: 5qcv
  Warhead (input): E5A
  Warhead_5 (if mapped): (blank)
  SMILES lookup key: E5A
  SMILES found? YES
--------------------------------------------------
Row 486
  PDB: 5qcv
  Warhead (input): E5A
  Warhead_5 (if mapped): (blank)
  SMILES lookup key: E5A
  SMILES found? YES
--------------------------------------------------
Row 487
  PDB: 5qcv
  Warhead (input): E5A
  Warhead_5 (if mapped): (blank)
  SMILES lookup key: E5A
  SMILES found? YES
--------------------------------------------------
Row 488
  PDB: 5qcw
  Warhead (input): AR9
  Warhead_5 (if mapped): (blank)
  SMILES lookup key: AR9
  SMILES found? YES
--------------------------------------------------
Row 489
  PDB: 5qcw
  Warhead (input): AR9
  Warhead_5 (if mapped): (blank)
  SMILES lookup key: AR9
  SMILES found? YES
--------------------------------------------------
Row 490
  PDB: 5qcx
  Warhead (input): E5D
  Warhead_5 (if mapped): (blank)
  SMILES lookup key: E5D
  SMILES found? YES
--------------------------------------------------
Row 491
  PDB: 5qcw
  Warhead (input): AR9
  Warhead_5 (if mapped): (blank)
  SMILES lookup key: AR9
  SMILES found? YES
--------------------------------------------------
Row 492
  PDB: 5qcx
  Warhead (input): E5D
  Warhead_5 (if mapped): (blank)
  SMILES lookup key: E5D
  SMILES found? YES
--------------------------------------------------
Row 493
  PDB: 5qcx
  Warhead (input): E5D
  Warhead_5 (if mapped): (blank)
  SMILES lookup key: E5D
  SMILES found? YES
--------------------------------------------------
Row 494
  PDB: 5qcy
  Warhead (input): E5P
  Warhead_5 (if mapped): (blank)
  SMILES lookup key: E5P
  SMILES found? YES
--------------------------------------------------
Row 495
  PDB: 5qcy
  Warhead (input): E5P
  Warhead_5 (if mapped): (blank)
  SMILES lookup key: E5P
  SMILES found? YES
--------------------------------------------------
Row 496
  PDB: 5qcy
  Warhead (input): E5P
  Warhead_5 (if mapped): (blank)
  SMILES lookup key: E5P
  SMILES found? YES
--------------------------------------------------
Row 497
  PDB: 5qcz
  Warhead (input): E5V
  Warhead_5 (if mapped): (blank)
  SMILES lookup key: E5V
  SMILES found? YES
--------------------------------------------------
Row 498
  PDB: 5qcz
  Warhead (input): E5V
  Warhead_5 (if mapped): (blank)
  SMILES lookup key: E5V
  SMILES found? YES
--------------------------------------------------
Row 499
  PDB: 5qcz
  Warhead (input): E5V
  Warhead_5 (if mapped): (blank)
  SMILES lookup key: E5V
  SMILES found? YES
--------------------------------------------------
Row 500
  PDB: 5qd0
  Warhead (input): E5Y
  Warhead_5 (if mapped): (blank)
  SMILES lookup key: E5Y
  SMILES found? YES
--------------------------------------------------
Row 501
  PDB: 5qd0
  Warhead (input): E5Y
  Warhead_5 (if mapped): (blank)
  SMILES lookup key: E5Y
  SMILES found? YES
--------------------------------------------------
Row 502
  PDB: 5qd1
  Warhead (input): E61
  Warhead_5 (if mapped): (blank)
  SMILES lookup key: E61
  SMILES found? YES
--------------------------------------------------
Row 503
  PDB: 5qd0
  Warhead (input): E5Y
  Warhead_5 (if mapped): (blank)
  SMILES lookup key: E5Y
  SMILES found? YES
--------------------------------------------------
Row 504
  PDB: 5qd1
  Warhead (input): E61
  Warhead_5 (if mapped): (blank)
  SMILES lookup key: E61
  SMILES found? YES
--------------------------------------------------
Row 505
  PDB: 5qd2
  Warhead (input): E6J
  Warhead_5 (if mapped): (blank)
  SMILES lookup key: E6J
  SMILES found? YES
--------------------------------------------------
Row 506
  PDB: 5qd2
  Warhead (input): E6J
  Warhead_5 (if mapped): (blank)
  SMILES lookup key: E6J
  SMILES found? YES
--------------------------------------------------
Row 507
  PDB: 5qd1
  Warhead (input): E61
  Warhead_5 (if mapped): (blank)
  SMILES lookup key: E61
  SMILES found? YES
--------------------------------------------------
Row 508
  PDB: 5qd2
  Warhead (input): E6J
  Warhead_5 (if mapped): (blank)
  SMILES lookup key: E6J
  SMILES found? YES
--------------------------------------------------
Row 509
  PDB: 5qd3
  Warhead (input): E6M
  Warhead_5 (if mapped): (blank)
  SMILES lookup key: E6M
  SMILES found? YES
--------------------------------------------------
Row 510
  PDB: 5qd3
  Warhead (input): E6M
  Warhead_5 (if mapped): (blank)
  SMILES lookup key: E6M
  SMILES found? YES
--------------------------------------------------
Row 511
  PDB: 5qd4
  Warhead (input): AXQ
  Warhead_5 (if mapped): (blank)
  SMILES lookup key: AXQ
  SMILES found? YES
--------------------------------------------------
Row 512
  PDB: 5qd3
  Warhead (input): E6M
  Warhead_5 (if mapped): (blank)
  SMILES lookup key: E6M
  SMILES found? YES
--------------------------------------------------
Row 513
  PDB: 5qd4
  Warhead (input): AXQ
  Warhead_5 (if mapped): (blank)
  SMILES lookup key: AXQ
  SMILES found? YES
--------------------------------------------------
Row 514
  PDB: 5qd5
  Warhead (input): E6P
  Warhead_5 (if mapped): (blank)
  SMILES lookup key: E6P
  SMILES found? YES
--------------------------------------------------
Row 515
  PDB: 5qd4
  Warhead (input): AXQ
  Warhead_5 (if mapped): (blank)
  SMILES lookup key: AXQ
  SMILES found? YES
--------------------------------------------------
Row 516
  PDB: 5qd5
  Warhead (input): E6P
  Warhead_5 (if mapped): (blank)
  SMILES lookup key: E6P
  SMILES found? YES
--------------------------------------------------
Row 517
  PDB: 5qd5
  Warhead (input): E6P
  Warhead_5 (if mapped): (blank)
  SMILES lookup key: E6P
  SMILES found? YES
--------------------------------------------------
Row 518
  PDB: 5qd6
  Warhead (input): E6S
  Warhead_5 (if mapped): (blank)
  SMILES lookup key: E6S
  SMILES found? YES
--------------------------------------------------
Row 519
  PDB: 5qd6
  Warhead (input): E6S
  Warhead_5 (if mapped): (blank)
  SMILES lookup key: E6S
  SMILES found? YES
--------------------------------------------------
Row 520
  PDB: 5qd6
  Warhead (input): E6S
  Warhead_5 (if mapped): (blank)
  SMILES lookup key: E6S
  SMILES found? YES
--------------------------------------------------
Row 521
  PDB: 5qd7
  Warhead (input): 0BI
  Warhead_5 (if mapped): (blank)
  SMILES lookup key: 0BI
  SMILES found? YES
--------------------------------------------------
Row 522
  PDB: 5qd7
  Warhead (input): 0BI
  Warhead_5 (if mapped): (blank)
  SMILES lookup key: 0BI
  SMILES found? YES
--------------------------------------------------
Row 523
  PDB: 5qd7
  Warhead (input): 0BI
  Warhead_5 (if mapped): (blank)
  SMILES lookup key: 0BI
  SMILES found? YES
--------------------------------------------------
Row 524
  PDB: 5qd8
  Warhead (input): E6V
  Warhead_5 (if mapped): (blank)
  SMILES lookup key: E6V
  SMILES found? YES
--------------------------------------------------
Row 525
  PDB: 5qd8
  Warhead (input): E6V
  Warhead_5 (if mapped): (blank)
  SMILES lookup key: E6V
  SMILES found? YES
--------------------------------------------------
Row 526
  PDB: 5qd8
  Warhead (input): E6V
  Warhead_5 (if mapped): (blank)
  SMILES lookup key: E6V
  SMILES found? YES
--------------------------------------------------
Row 527
  PDB: 5qd9
  Warhead (input): E6Y
  Warhead_5 (if mapped): (blank)
  SMILES lookup key: E6Y
  SMILES found? YES
--------------------------------------------------
Row 528
  PDB: 5qd9
  Warhead (input): E6Y
  Warhead_5 (if mapped): (blank)
  SMILES lookup key: E6Y
  SMILES found? YES
--------------------------------------------------
Row 529
  PDB: 5qd9
  Warhead (input): E6Y
  Warhead_5 (if mapped): (blank)
  SMILES lookup key: E6Y
  SMILES found? YES
--------------------------------------------------
Row 530
  PDB: 5qda
  Warhead (input): E74
  Warhead_5 (if mapped): (blank)
  SMILES lookup key: E74
  SMILES found? YES
--------------------------------------------------
Row 531
  PDB: 5qda
  Warhead (input): E74
  Warhead_5 (if mapped): (blank)
  SMILES lookup key: E74
  SMILES found? YES
--------------------------------------------------
Row 532
  PDB: 5qda
  Warhead (input): E74
  Warhead_5 (if mapped): (blank)
  SMILES lookup key: E74
  SMILES found? YES
--------------------------------------------------
Row 533
  PDB: 5qdb
  Warhead (input): BAV
  Warhead_5 (if mapped): (blank)
  SMILES lookup key: BAV
  SMILES found? YES
--------------------------------------------------
Row 534
  PDB: 5qdb
  Warhead (input): BAV
  Warhead_5 (if mapped): (blank)
  SMILES lookup key: BAV
  SMILES found? YES
--------------------------------------------------
Row 535
  PDB: 5qdb
  Warhead (input): BAV
  Warhead_5 (if mapped): (blank)
  SMILES lookup key: BAV
  SMILES found? YES
--------------------------------------------------
Row 536
  PDB: 5qdc
  Warhead (input): E77
  Warhead_5 (if mapped): (blank)
  SMILES lookup key: E77
  SMILES found? YES
--------------------------------------------------
Row 537
  PDB: 5qdc
  Warhead (input): E77
  Warhead_5 (if mapped): (blank)
  SMILES lookup key: E77
  SMILES found? YES
--------------------------------------------------
Row 538
  PDB: 5qdc
  Warhead (input): E77
  Warhead_5 (if mapped): (blank)
  SMILES lookup key: E77
  SMILES found? YES
--------------------------------------------------
Row 539
  PDB: 5qdd
  Warhead (input): E7A
  Warhead_5 (if mapped): (blank)
  SMILES lookup key: E7A
  SMILES found? YES
--------------------------------------------------
Row 540
  PDB: 5qdd
  Warhead (input): E7A
  Warhead_5 (if mapped): (blank)
  SMILES lookup key: E7A
  SMILES found? YES
--------------------------------------------------
Row 541
  PDB: 5qdd
  Warhead (input): E7A
  Warhead_5 (if mapped): (blank)
  SMILES lookup key: E7A
  SMILES found? YES
--------------------------------------------------
Row 542
  PDB: 5t1w
  Warhead (input): 74B
  Warhead_5 (if mapped): (blank)
  SMILES lookup key: 74B
  SMILES found? YES
--------------------------------------------------
Row 543
  PDB: 5t1u
  Warhead (input): P6U
  Warhead_5 (if mapped): (blank)
  SMILES lookup key: P6U
  SMILES found? YES
--------------------------------------------------
Row 544
  PDB: 5tol
  Warhead (input): 7H3
  Warhead_5 (if mapped): (blank)
  SMILES lookup key: 7H3
  SMILES found? YES
--------------------------------------------------
Row 545
  PDB: 5uyu
  Warhead (input): 8QV
  Warhead_5 (if mapped): (blank)
  SMILES lookup key: 8QV
  SMILES found? YES
--------------------------------------------------
Row 546
  PDB: 5v0n
  Warhead (input): 8W4
  Warhead_5 (if mapped): (blank)
  SMILES lookup key: 8W4
  SMILES found? YES
--------------------------------------------------
Row 547
  PDB: 5v0n
  Warhead (input): 8W4
  Warhead_5 (if mapped): (blank)
  SMILES lookup key: 8W4
  SMILES found? YES
--------------------------------------------------
Row 548
  PDB: 5v0n
  Warhead (input): 8W4
  Warhead_5 (if mapped): (blank)
  SMILES lookup key: 8W4
  SMILES found? YES
--------------------------------------------------
Row 549
  PDB: 5ygy
  Warhead (input): 0B6
  Warhead_5 (if mapped): (blank)
  SMILES lookup key: 0B6
  SMILES found? YES
--------------------------------------------------
Row 550
  PDB: 5ygx
  Warhead (input): 0B5
  Warhead_5 (if mapped): (blank)
  SMILES lookup key: 0B5
  SMILES found? YES
--------------------------------------------------
Row 551
  PDB: 6bfd
  Warhead (input): DJS
  Warhead_5 (if mapped): (blank)
  SMILES lookup key: DJS
  SMILES found? YES
--------------------------------------------------
Row 552
  PDB: 6bfd
  Warhead (input): DJS
  Warhead_5 (if mapped): (blank)
  SMILES lookup key: DJS
  SMILES found? YES
--------------------------------------------------
Row 553
  PDB: 6bfe
  Warhead (input): DJV
  Warhead_5 (if mapped): (blank)
  SMILES lookup key: DJV
  SMILES found? YES
--------------------------------------------------
Row 554
  PDB: 6bfe
  Warhead (input): DJV
  Warhead_5 (if mapped): (blank)
  SMILES lookup key: DJV
  SMILES found? YES
--------------------------------------------------
Row 555
  PDB: 6bfw
  Warhead (input): DK7
  Warhead_5 (if mapped): (blank)
  SMILES lookup key: DK7
  SMILES found? YES
--------------------------------------------------
Row 556
  PDB: 6bfw
  Warhead (input): DK7
  Warhead_5 (if mapped): (blank)
  SMILES lookup key: DK7
  SMILES found? YES
--------------------------------------------------
Row 557
  PDB: 6bfx
  Warhead (input): DKJ
  Warhead_5 (if mapped): (blank)
  SMILES lookup key: DKJ
  SMILES found? YES
--------------------------------------------------
Row 558
  PDB: 6bfx
  Warhead (input): DKJ
  Warhead_5 (if mapped): (blank)
  SMILES lookup key: DKJ
  SMILES found? YES
--------------------------------------------------
Row 559
  PDB: 6dhc
  Warhead (input): GHJ
  Warhead_5 (if mapped): (blank)
  SMILES lookup key: GHJ
  SMILES found? YES
--------------------------------------------------
Row 560
  PDB: 6c2i
  Warhead (input): EJ7
  Warhead_5 (if mapped): (blank)
  SMILES lookup key: EJ7
  SMILES found? YES
--------------------------------------------------
Row 561
  PDB: 6dhc
  Warhead (input): GHJ
  Warhead_5 (if mapped): (blank)
  SMILES lookup key: GHJ
  SMILES found? YES
--------------------------------------------------
Row 562
  PDB: 6dhc
  Warhead (input): GHJ
  Warhead_5 (if mapped): (blank)
  SMILES lookup key: GHJ
  SMILES found? YES
--------------------------------------------------
Row 563
  PDB: 6dmi
  Warhead (input): 5T5
  Warhead_5 (if mapped): (blank)
  SMILES lookup key: 5T5
  SMILES found? YES
--------------------------------------------------
Row 564
  PDB: 6e3z
  Warhead (input): HRV
  Warhead_5 (if mapped): (blank)
  SMILES lookup key: HRV
  SMILES found? YES
--------------------------------------------------
Row 565
  PDB: 6e3z
  Warhead (input): HRV
  Warhead_5 (if mapped): (blank)
  SMILES lookup key: HRV
  SMILES found? YES
--------------------------------------------------
Row 566
  PDB: 6e3z
  Warhead (input): HRV
  Warhead_5 (if mapped): (blank)
  SMILES lookup key: HRV
  SMILES found? YES
--------------------------------------------------
Row 567
  PDB: 6eqm
  Warhead (input): BUH
  Warhead_5 (if mapped): (blank)
  SMILES lookup key: BUH
  SMILES found? YES
--------------------------------------------------
Row 568
  PDB: 6jsf
  Warhead (input): C7X
  Warhead_5 (if mapped): (blank)
  SMILES lookup key: C7X
  SMILES found? YES
--------------------------------------------------
Row 569
  PDB: 6fgy
  Warhead (input): D9W
  Warhead_5 (if mapped): (blank)
  SMILES lookup key: D9W
  SMILES found? YES
--------------------------------------------------
Row 570
  PDB: 6jse
  Warhead (input): C6R
  Warhead_5 (if mapped): (blank)
  SMILES lookup key: C6R
  SMILES found? YES
--------------------------------------------------
Row 571
  PDB: 6jsg
  Warhead (input): C6U
  Warhead_5 (if mapped): (blank)
  SMILES lookup key: C6U
  SMILES found? YES
--------------------------------------------------
Row 572
  PDB: 6jsn
  Warhead (input): C7O
  Warhead_5 (if mapped): (blank)
  SMILES lookup key: C7O
  SMILES found? YES
--------------------------------------------------
Row 573
  PDB: 6jt3
  Warhead (input): C83
  Warhead_5 (if mapped): (blank)
  SMILES lookup key: C83
  SMILES found? YES
--------------------------------------------------
Row 574
  PDB: 6jt4
  Warhead (input): C86
  Warhead_5 (if mapped): (blank)
  SMILES lookup key: C86
  SMILES found? YES
--------------------------------------------------
Row 575
  PDB: 6nv7
  Warhead (input): L3J
  Warhead_5 (if mapped): (blank)
  SMILES lookup key: L3J
  SMILES found? YES
--------------------------------------------------
Row 576
  PDB: 6nv7
  Warhead (input): L3J
  Warhead_5 (if mapped): (blank)
  SMILES lookup key: L3J
  SMILES found? YES
--------------------------------------------------
Row 577
  PDB: 6nv9
  Warhead (input): L3M
  Warhead_5 (if mapped): (blank)
  SMILES lookup key: L3M
  SMILES found? YES
--------------------------------------------------
Row 578
  PDB: 6nv9
  Warhead (input): L3M
  Warhead_5 (if mapped): (blank)
  SMILES lookup key: L3M
  SMILES found? YES
--------------------------------------------------
Row 579
  PDB: 6nv7
  Warhead (input): L3J
  Warhead_5 (if mapped): (blank)
  SMILES lookup key: L3J
  SMILES found? YES
--------------------------------------------------
Row 580
  PDB: 6nw3
  Warhead (input): L4J
  Warhead_5 (if mapped): (blank)
  SMILES lookup key: L4J
  SMILES found? YES
--------------------------------------------------
Row 581
  PDB: 6nw3
  Warhead (input): L4J
  Warhead_5 (if mapped): (blank)
  SMILES lookup key: L4J
  SMILES found? YES
--------------------------------------------------
Row 582
  PDB: 6nv9
  Warhead (input): L3M
  Warhead_5 (if mapped): (blank)
  SMILES lookup key: L3M
  SMILES found? YES
--------------------------------------------------
Row 583
  PDB: 6nw3
  Warhead (input): L4J
  Warhead_5 (if mapped): (blank)
  SMILES lookup key: L4J
  SMILES found? YES
--------------------------------------------------
Row 584
  PDB: 6od6
  Warhead (input): M7D
  Warhead_5 (if mapped): (blank)
  SMILES lookup key: M7D
  SMILES found? YES
--------------------------------------------------
Row 585
  PDB: 6od6
  Warhead (input): M7D
  Warhead_5 (if mapped): (blank)
  SMILES lookup key: M7D
  SMILES found? YES
--------------------------------------------------
Row 586
  PDB: 6uvp
  Warhead (input): QJJ
  Warhead_5 (if mapped): (blank)
  SMILES lookup key: QJJ
  SMILES found? YES
--------------------------------------------------
Row 587
  PDB: 6pz4
  Warhead (input): P6J
  Warhead_5 (if mapped): (blank)
  SMILES lookup key: P6J
  SMILES found? YES
--------------------------------------------------
Row 588
  PDB: 6od6
  Warhead (input): M7D
  Warhead_5 (if mapped): (blank)
  SMILES lookup key: M7D
  SMILES found? YES
--------------------------------------------------
Row 589
  PDB: 6uvp
  Warhead (input): QJM
  Warhead_5 (if mapped): (blank)
  SMILES lookup key: QJM
  SMILES found? YES
--------------------------------------------------
Row 590
  PDB: 6uvp
  Warhead (input): QJM
  Warhead_5 (if mapped): (blank)
  SMILES lookup key: QJM
  SMILES found? YES
--------------------------------------------------
Row 591
  PDB: 6uvp
  Warhead (input): QJJ
  Warhead_5 (if mapped): (blank)
  SMILES lookup key: QJJ
  SMILES found? YES
--------------------------------------------------
Row 592
  PDB: 6uvy
  Warhead (input): QJP
  Warhead_5 (if mapped): (blank)
  SMILES lookup key: QJP
  SMILES found? YES
--------------------------------------------------
Row 593
  PDB: 6uvv
  Warhead (input): QJV
  Warhead_5 (if mapped): (blank)
  SMILES lookup key: QJV
  SMILES found? YES
--------------------------------------------------
Row 594
  PDB: 6uvv
  Warhead (input): QJV
  Warhead_5 (if mapped): (blank)
  SMILES lookup key: QJV
  SMILES found? YES
--------------------------------------------------
Row 595
  PDB: 6uwp
  Warhead (input): QKA
  Warhead_5 (if mapped): (blank)
  SMILES lookup key: QKA
  SMILES found? YES
--------------------------------------------------
Row 596
  PDB: 6uwp
  Warhead (input): QKA
  Warhead_5 (if mapped): (blank)
  SMILES lookup key: QKA
  SMILES found? YES
--------------------------------------------------
Row 597
  PDB: 6uvy
  Warhead (input): QJP
  Warhead_5 (if mapped): (blank)
  SMILES lookup key: QJP
  SMILES found? YES
--------------------------------------------------
Row 598
  PDB: 6uwv
  Warhead (input): QK7
  Warhead_5 (if mapped): (blank)
  SMILES lookup key: QK7
  SMILES found? YES
--------------------------------------------------
Row 599
  PDB: 6uwv
  Warhead (input): QK7
  Warhead_5 (if mapped): (blank)
  SMILES lookup key: QK7
  SMILES found? YES
--------------------------------------------------
Row 600
  PDB: 6wny
  Warhead (input): U64
  Warhead_5 (if mapped): (blank)
  SMILES lookup key: U64
  SMILES found? YES
--------------------------------------------------
Row 601
  PDB: 7b1p
  Warhead (input): SL8
  Warhead_5 (if mapped): (blank)
  SMILES lookup key: SL8
  SMILES found? YES
--------------------------------------------------
Row 602
  PDB: 7b1q
  Warhead (input): SLK
  Warhead_5 (if mapped): (blank)
  SMILES lookup key: SLK
  SMILES found? YES
--------------------------------------------------
Row 603
  PDB: 7b1e
  Warhead (input): SKW
  Warhead_5 (if mapped): (blank)
  SMILES lookup key: SKW
  SMILES found? YES
--------------------------------------------------
Row 604
  PDB: 7d2v
  Warhead (input): 66F
  Warhead_5 (if mapped): (blank)
  SMILES lookup key: 66F
  SMILES found? YES
--------------------------------------------------
Row 605
  PDB: 7d36
  Warhead (input): GUC
  Warhead_5 (if mapped): (blank)
  SMILES lookup key: GUC
  SMILES found? YES
--------------------------------------------------
Row 606
  PDB: 7d2x
  Warhead (input): GTU
  Warhead_5 (if mapped): (blank)
  SMILES lookup key: GTU
  SMILES found? YES
--------------------------------------------------
Row 607
  PDB: 7d5a
  Warhead (input): GX6
  Warhead_5 (if mapped): (blank)
  SMILES lookup key: GX6
  SMILES found? YES
--------------------------------------------------
Row 608
  PDB: 7dcz
  Warhead (input): H3C
  Warhead_5 (if mapped): (blank)
  SMILES lookup key: H3C
  SMILES found? YES
--------------------------------------------------
Row 609
  PDB: 7f1d
  Warhead (input): 0QQ
  Warhead_5 (if mapped): (blank)
  SMILES lookup key: 0QQ
  SMILES found? YES
--------------------------------------------------
Row 610
  PDB: 7myi
  Warhead (input): ZQS
  Warhead_5 (if mapped): (blank)
  SMILES lookup key: ZQS
  SMILES found? YES
--------------------------------------------------
Row 611
  PDB: 7myi
  Warhead (input): ZQS
  Warhead_5 (if mapped): (blank)
  SMILES lookup key: ZQS
  SMILES found? YES
--------------------------------------------------
Row 612
  PDB: 7myr
  Warhead (input): ZRD
  Warhead_5 (if mapped): (blank)
  SMILES lookup key: ZRD
  SMILES found? YES
--------------------------------------------------
Row 613
  PDB: 7myr
  Warhead (input): ZRD
  Warhead_5 (if mapped): (blank)
  SMILES lookup key: ZRD
  SMILES found? YES
--------------------------------------------------
Row 614
  PDB: 7myu
  Warhead (input): ZR7
  Warhead_5 (if mapped): (blank)
  SMILES lookup key: ZR7
  SMILES found? YES
--------------------------------------------------
Row 615
  PDB: 7n66
  Warhead (input): 0EW
  Warhead_5 (if mapped): (blank)
  SMILES lookup key: 0EW
  SMILES found? YES
--------------------------------------------------
Row 616
  PDB: 7myu
  Warhead (input): ZR7
  Warhead_5 (if mapped): (blank)
  SMILES lookup key: ZR7
  SMILES found? YES
🔬 END RESOLUTION TRACE
✅ Filtered SASA table: removed 0 ion-only rows; remaining 617 rows
💾 Saved Resolved_SASA_Summary.csv
💾 Saved Ligand_PDB_Index.csv
🚀 Launching metadata engine mode=threads max_workers=3
🧪 Computing descriptors:   0%|          | 0/367 [00:00<?, ?it/s]
🧪 Computing descriptors:   0%|          | 1/367 [00:00<01:00,  6.05it/s]
🧪 Computing descriptors:   1%|          | 4/367 [00:00<00:24, 14.53it/s]
🧪 Computing descriptors:   2%|▏         | 7/367 [00:00<00:19, 18.48it/s]
🧪 Computing descriptors:   3%|▎         | 10/367 [00:00<00:18, 19.56it/s]
🧪 Computing descriptors:   4%|▎         | 13/367 [00:00<00:17, 19.78it/s]
🧪 Computing descriptors:   4%|▍         | 16/367 [00:00<00:17, 19.65it/s]
🧪 Computing descriptors:   5%|▌         | 19/367 [00:01<00:16, 20.79it/s]
🧪 Computing descriptors:   6%|▌         | 22/367 [00:01<00:16, 21.41it/s]
🧪 Computing descriptors:   7%|▋         | 25/367 [00:01<00:16, 21.36it/s]
🧪 Computing descriptors:   8%|▊         | 28/367 [00:01<00:15, 22.22it/s]
🧪 Computing descriptors:   8%|▊         | 31/367 [00:01<00:14, 23.14it/s]
🧪 Computing descriptors:   9%|▉         | 34/367 [00:01<00:14, 23.68it/s]
🧪 Computing descriptors:  10%|█         | 37/367 [00:01<00:14, 22.85it/s]
🧪 Computing descriptors:  11%|█         | 40/367 [00:01<00:13, 23.79it/s]
🧪 Computing descriptors:  12%|█▏        | 43/367 [00:02<00:13, 23.81it/s]
🧪 Computing descriptors:  13%|█▎        | 46/367 [00:02<00:13, 23.94it/s]
🧪 Computing descriptors:  13%|█▎        | 49/367 [00:02<00:13, 22.82it/s]
🧪 Computing descriptors:  14%|█▍        | 52/367 [00:02<00:14, 22.22it/s]
🧪 Computing descriptors:  15%|█▍        | 55/367 [00:02<00:14, 21.32it/s]
🧪 Computing descriptors:  16%|█▌        | 58/367 [00:02<00:13, 22.48it/s]
🧪 Computing descriptors:  17%|█▋        | 61/367 [00:02<00:12, 23.54it/s]
🧪 Computing descriptors:  17%|█▋        | 64/367 [00:02<00:12, 24.75it/s]
🧪 Computing descriptors:  18%|█▊        | 67/367 [00:03<00:11, 25.79it/s]
🧪 Computing descriptors:  19%|█▉        | 70/367 [00:03<00:11, 26.41it/s]
🧪 Computing descriptors:  20%|█▉        | 73/367 [00:03<00:10, 26.91it/s]
🧪 Computing descriptors:  21%|██        | 76/367 [00:03<00:11, 25.24it/s]
🧪 Computing descriptors:  22%|██▏       | 79/367 [00:03<00:11, 24.47it/s]
🧪 Computing descriptors:  22%|██▏       | 82/367 [00:03<00:12, 23.22it/s]
🧪 Computing descriptors:  23%|██▎       | 85/367 [00:03<00:12, 23.23it/s]
🧪 Computing descriptors:  24%|██▍       | 88/367 [00:03<00:11, 24.02it/s]
🧪 Computing descriptors:  25%|██▍       | 91/367 [00:04<00:10, 25.09it/s]
🧪 Computing descriptors:  26%|██▌       | 94/367 [00:04<00:10, 25.76it/s]
[08:08:41] [mem] running 7_metadata.py parent=93.1MB child_tree=155.4MB combined=248.5MB
🧪 Computing descriptors:  26%|██▋       | 97/367 [00:04<00:10, 25.98it/s]
🧪 Computing descriptors:  27%|██▋       | 100/367 [00:04<00:10, 24.74it/s]
🧪 Computing descriptors:  28%|██▊       | 103/367 [00:04<00:10, 25.64it/s]
🧪 Computing descriptors:  29%|██▉       | 106/367 [00:04<00:09, 26.42it/s]
🧪 Computing descriptors:  30%|██▉       | 109/367 [00:04<00:10, 24.98it/s]
🧪 Computing descriptors:  31%|███       | 112/367 [00:04<00:09, 25.67it/s]
🧪 Computing descriptors:  31%|███▏      | 115/367 [00:04<00:09, 26.60it/s]
🧪 Computing descriptors:  32%|███▏      | 118/367 [00:05<00:09, 25.43it/s]
🧪 Computing descriptors:  33%|███▎      | 121/367 [00:05<00:09, 25.77it/s]
🧪 Computing descriptors:  34%|███▍      | 124/367 [00:05<00:09, 26.34it/s]
🧪 Computing descriptors:  35%|███▍      | 127/367 [00:05<00:09, 26.31it/s]
🧪 Computing descriptors:  35%|███▌      | 130/367 [00:05<00:08, 26.93it/s]
🧪 Computing descriptors:  36%|███▌      | 133/367 [00:05<00:08, 27.17it/s]
🧪 Computing descriptors:  37%|███▋      | 136/367 [00:05<00:08, 26.37it/s]
🧪 Computing descriptors:  38%|███▊      | 139/367 [00:05<00:08, 25.83it/s]
🧪 Computing descriptors:  39%|███▊      | 142/367 [00:05<00:09, 24.28it/s]
🧪 Computing descriptors:  40%|███▉      | 145/367 [00:06<00:08, 24.77it/s]
🧪 Computing descriptors:  40%|████      | 148/367 [00:06<00:08, 25.15it/s]
🧪 Computing descriptors:  41%|████      | 151/367 [00:06<00:08, 25.38it/s]
🧪 Computing descriptors:  42%|████▏     | 154/367 [00:06<00:08, 26.00it/s]
🧪 Computing descriptors:  43%|████▎     | 157/367 [00:06<00:08, 24.80it/s]
🧪 Computing descriptors:  44%|████▎     | 160/367 [00:06<00:08, 23.88it/s]
🧪 Computing descriptors:  44%|████▍     | 163/367 [00:06<00:08, 24.82it/s]
🧪 Computing descriptors:  45%|████▌     | 166/367 [00:06<00:07, 25.51it/s]
🧪 Computing descriptors:  46%|████▌     | 169/367 [00:07<00:07, 25.41it/s]
🧪 Computing descriptors:  47%|████▋     | 172/367 [00:07<00:07, 25.62it/s]
🧪 Computing descriptors:  48%|████▊     | 175/367 [00:07<00:07, 25.57it/s]
🧪 Computing descriptors:  49%|████▊     | 178/367 [00:07<00:07, 25.75it/s]
🧪 Computing descriptors:  49%|████▉     | 181/367 [00:07<00:07, 26.29it/s]
🧪 Computing descriptors:  50%|█████     | 184/367 [00:07<00:06, 26.39it/s]
🧪 Computing descriptors:  51%|█████     | 187/367 [00:07<00:06, 26.25it/s]
🧪 Computing descriptors:  52%|█████▏    | 190/367 [00:07<00:06, 26.10it/s]
🧪 Computing descriptors:  53%|█████▎    | 193/367 [00:07<00:07, 24.30it/s]
🧪 Computing descriptors:  53%|█████▎    | 196/367 [00:08<00:07, 23.48it/s]
🧪 Computing descriptors:  54%|█████▍    | 199/367 [00:08<00:06, 24.22it/s]
🧪 Computing descriptors:  55%|█████▌    | 202/367 [00:08<00:06, 24.07it/s]
🧪 Computing descriptors:  56%|█████▌    | 205/367 [00:08<00:06, 24.54it/s]
🧪 Computing descriptors:  57%|█████▋    | 208/367 [00:08<00:06, 25.30it/s]
🧪 Computing descriptors:  57%|█████▋    | 211/367 [00:08<00:05, 26.06it/s]
🧪 Computing descriptors:  58%|█████▊    | 214/367 [00:08<00:06, 24.74it/s]
🧪 Computing descriptors:  59%|█████▉    | 217/367 [00:08<00:06, 23.18it/s]
🧪 Computing descriptors:  60%|█████▉    | 220/367 [00:09<00:06, 21.97it/s]
🧪 Computing descriptors:  61%|██████    | 223/367 [00:09<00:06, 22.39it/s]
[08:08:47] [mem] running 7_metadata.py parent=93.1MB child_tree=155.8MB combined=248.9MB
🧪 Computing descriptors:  62%|██████▏   | 226/367 [00:09<00:06, 22.67it/s]
🧪 Computing descriptors:  62%|██████▏   | 229/367 [00:09<00:05, 23.72it/s]
🧪 Computing descriptors:  63%|██████▎   | 232/367 [00:09<00:05, 24.63it/s]
🧪 Computing descriptors:  64%|██████▍   | 235/367 [00:09<00:05, 25.29it/s]
🧪 Computing descriptors:  65%|██████▍   | 238/367 [00:09<00:04, 25.92it/s]
🧪 Computing descriptors:  66%|██████▌   | 241/367 [00:09<00:04, 26.52it/s]
🧪 Computing descriptors:  66%|██████▋   | 244/367 [00:10<00:04, 26.64it/s]
🧪 Computing descriptors:  67%|██████▋   | 247/367 [00:10<00:04, 26.58it/s]
🧪 Computing descriptors:  68%|██████▊   | 250/367 [00:10<00:04, 26.67it/s]
🧪 Computing descriptors:  69%|██████▉   | 253/367 [00:10<00:04, 26.99it/s]
🧪 Computing descriptors:  70%|██████▉   | 256/367 [00:10<00:04, 26.88it/s]
🧪 Computing descriptors:  71%|███████   | 259/367 [00:10<00:03, 27.26it/s]
🧪 Computing descriptors:  71%|███████▏  | 262/367 [00:10<00:03, 27.58it/s]
🧪 Computing descriptors:  72%|███████▏  | 265/367 [00:10<00:03, 27.93it/s]
🧪 Computing descriptors:  73%|███████▎  | 268/367 [00:10<00:03, 26.93it/s]
🧪 Computing descriptors:  74%|███████▍  | 271/367 [00:11<00:03, 25.32it/s]
🧪 Computing descriptors:  75%|███████▍  | 274/367 [00:11<00:03, 23.87it/s]
🧪 Computing descriptors:  75%|███████▌  | 277/367 [00:11<00:03, 24.17it/s]
🧪 Computing descriptors:  76%|███████▋  | 280/367 [00:11<00:03, 24.82it/s]
🧪 Computing descriptors:  77%|███████▋  | 283/367 [00:11<00:03, 25.64it/s]
🧪 Computing descriptors:  78%|███████▊  | 286/367 [00:11<00:03, 23.08it/s]
🧪 Computing descriptors:  79%|███████▊  | 289/367 [00:11<00:03, 24.31it/s]
🧪 Computing descriptors:  80%|███████▉  | 292/367 [00:11<00:03, 24.87it/s]
🧪 Computing descriptors:  80%|████████  | 295/367 [00:12<00:02, 24.46it/s]
🧪 Computing descriptors:  81%|████████  | 298/367 [00:12<00:02, 25.11it/s]
🧪 Computing descriptors:  82%|████████▏ | 301/367 [00:12<00:02, 25.89it/s]
🧪 Computing descriptors:  83%|████████▎ | 304/367 [00:12<00:02, 26.02it/s]
🧪 Computing descriptors:  84%|████████▎ | 307/367 [00:12<00:02, 26.15it/s]
🧪 Computing descriptors:  84%|████████▍ | 310/367 [00:12<00:02, 26.05it/s]
🧪 Computing descriptors:  85%|████████▌ | 313/367 [00:12<00:02, 26.32it/s]
🧪 Computing descriptors:  86%|████████▌ | 316/367 [00:12<00:01, 26.82it/s]
🧪 Computing descriptors:  87%|████████▋ | 319/367 [00:12<00:01, 27.40it/s]
🧪 Computing descriptors:  88%|████████▊ | 322/367 [00:13<00:01, 25.83it/s]
🧪 Computing descriptors:  89%|████████▊ | 325/367 [00:13<00:01, 25.94it/s]
🧪 Computing descriptors:  89%|████████▉ | 328/367 [00:13<00:01, 26.20it/s]
🧪 Computing descriptors:  90%|█████████ | 331/367 [00:13<00:01, 26.76it/s]
🧪 Computing descriptors:  91%|█████████ | 334/367 [00:13<00:01, 25.37it/s]
🧪 Computing descriptors:  92%|█████████▏| 337/367 [00:13<00:01, 25.71it/s]
🧪 Computing descriptors:  93%|█████████▎| 340/367 [00:13<00:01, 25.76it/s]
🧪 Computing descriptors:  93%|█████████▎| 343/367 [00:13<00:00, 26.33it/s]
🧪 Computing descriptors:  94%|█████████▍| 346/367 [00:14<00:00, 23.70it/s]
🧪 Computing descriptors:  95%|█████████▌| 349/367 [00:14<00:00, 24.78it/s]
🧪 Computing descriptors:  96%|█████████▌| 352/367 [00:14<00:00, 25.73it/s]
🧪 Computing descriptors:  97%|█████████▋| 355/367 [00:14<00:00, 26.42it/s]
🧪 Computing descriptors:  98%|█████████▊| 358/367 [00:14<00:00, 26.44it/s]
[08:08:52] [mem] running 7_metadata.py parent=93.4MB child_tree=156.1MB combined=249.5MB
🧪 Computing descriptors:  98%|█████████▊| 361/367 [00:14<00:00, 26.30it/s]
🧪 Computing descriptors:  99%|█████████▉| 364/367 [00:14<00:00, 25.46it/s]
🧪 Computing descriptors: 100%|██████████| 367/367 [00:14<00:00, 26.27it/s]
🧪 Computing descriptors: 100%|██████████| 367/367 [00:14<00:00, 24.75it/s]
📊 Ligand metadata rows: total=367 success=367 failures=0
🎉 COMPLETE → Ligand_Metadata.csv
===================================================================
[08:08:52] [mem] after 7_metadata.py parent=93.4MB delta=+0.3MB combined_peak=249.5MB child_peak=156.1MB
[08:08:52] 🚀 Running 8_scaffold.py...
[08:08:52] 🐍 Pipeline Python: /app/.heroku/python/bin/python
[08:08:52] [mem] before 8_scaffold.py parent=93.4MB combined=93.4MB
[08:08:52] 🧵 Worker caps for 8_scaffold.py: pipeline_max=2 WARHEAD_SQCHK_MAX_WORKERS=2 WARHEAD_PDBMKR_MAX_WORKERS=2 WARHEAD_SASA_MAX_WORKERS=3 WARHEAD_METADATA_MAX_WORKERS=3 WARHEAD_MCS_MAX_WORKERS=3
[08:08:52] ⏱ No-output watchdog for 8_scaffold.py: 180s
[08:08:52] [mem] running 8_scaffold.py parent=93.4MB child_tree=0.5MB combined=93.9MB
📥 Loaded 617 rows from Resolved_SASA_Summary.csv
🔬 Found 1 protein targets.
✅ Stage 1 complete — base scaffold mapping and diversity scores saved.
[08:08:58] [mem] running 8_scaffold.py parent=93.4MB child_tree=127.4MB combined=220.8MB
[08:09:03] [mem] running 8_scaffold.py parent=94.4MB child_tree=127.5MB combined=221.9MB
[08:09:08] [mem] running 8_scaffold.py parent=94.4MB child_tree=127.6MB combined=222.0MB
🎉 Stage 2 complete — advanced scaffold data saved.
📦 All tables written to Target_Table/
[08:09:08] [mem] after 8_scaffold.py parent=94.4MB delta=+1.0MB combined_peak=222.6MB child_peak=128.2MB
[08:09:08] 🚀 Running 9_2Dmapping.py...
[08:09:08] 🐍 Pipeline Python: /app/.heroku/python/bin/python
[08:09:08] [mem] before 9_2Dmapping.py parent=94.4MB combined=94.4MB
[08:09:08] 🧵 Worker caps for 9_2Dmapping.py: pipeline_max=2 WARHEAD_SQCHK_MAX_WORKERS=2 WARHEAD_PDBMKR_MAX_WORKERS=2 WARHEAD_SASA_MAX_WORKERS=3 WARHEAD_METADATA_MAX_WORKERS=3 WARHEAD_MCS_MAX_WORKERS=3
[08:09:08] ⏱ No-output watchdog for 9_2Dmapping.py: 180s
[08:09:08] [mem] running 9_2Dmapping.py parent=94.4MB child_tree=0.6MB combined=95.0MB
📥 Loading: Resolved_SASA_Summary.csv
✅ Using: Target=Target, Ligand=Warhead, SMILES=SMILES
🧬 Generating atom-level mapping...
🎉 SUCCESS: All maps saved to Target_Table
[08:09:09] [mem] after 9_2Dmapping.py parent=94.4MB delta=+0.0MB combined_peak=196.8MB child_peak=102.4MB
[08:09:09] 🚀 Running 10_2DmappingExtraction.py...
[08:09:09] 🐍 Pipeline Python: /app/.heroku/python/bin/python
[08:09:09] [mem] before 10_2DmappingExtraction.py parent=94.4MB combined=94.4MB
[08:09:09] 🧵 Worker caps for 10_2DmappingExtraction.py: pipeline_max=2 WARHEAD_SQCHK_MAX_WORKERS=2 WARHEAD_PDBMKR_MAX_WORKERS=2 WARHEAD_SASA_MAX_WORKERS=3 WARHEAD_METADATA_MAX_WORKERS=3 WARHEAD_MCS_MAX_WORKERS=3
[08:09:09] ⏱ No-output watchdog for 10_2DmappingExtraction.py: 180s
[08:09:09] [mem] running 10_2DmappingExtraction.py parent=94.4MB child_tree=1.3MB combined=95.7MB
✅ Extracted ligand atom coordinates for 21501 atoms
💾 Saved → Ligand_3D_Atoms.csv
[08:09:09] [mem] after 10_2DmappingExtraction.py parent=94.4MB delta=+0.0MB combined_peak=95.7MB child_peak=1.3MB
[08:09:09] 🚀 Running 11_mcsMatcher.py...
[08:09:09] 🐍 Pipeline Python: /app/.heroku/python/bin/python
[08:09:09] [mem] before 11_mcsMatcher.py parent=94.4MB combined=94.4MB
[08:09:09] 🧵 Worker caps for 11_mcsMatcher.py: pipeline_max=2 WARHEAD_SQCHK_MAX_WORKERS=2 WARHEAD_PDBMKR_MAX_WORKERS=2 WARHEAD_SASA_MAX_WORKERS=3 WARHEAD_METADATA_MAX_WORKERS=3 WARHEAD_MCS_MAX_WORKERS=3
[08:09:09] ⏱ No-output watchdog for 11_mcsMatcher.py: 300s
[08:09:09] [mem] running 11_mcsMatcher.py parent=94.4MB child_tree=0.6MB combined=95.0MB
ℹ️ No ligand alias resolution required (all ligands resolved in SMILES map).
🚀 Running MCS on 623 ligand occurrences mode=isolated-sequential max_workers=1
⚙️ Using hard timeout (60s per ligand) via SIGALRM
⚙️ Step 11 heartbeat enabled=1 interval=20s progress_every=1
⚙️ Step 11 skip policy skip_bad_items=1 skip_stuck_items=1 item_isolation=1 max_item_failures=0
🔬 Step 11 item 1/623 start 3ckr_A_009_501
🖼️ Step 11 SVG ready 3ckr_A_009_501 mode=smiles
🔬 Step 11 item 1/623 done 3ckr_A_009_501 sdf=written mapped=45 all_atoms=45 dt=0.1s
⏳ Step 11 progress: 1/623
🔬 Step 11 item 2/623 start 3ckr_B_009_502
🖼️ Step 11 SVG ready 3ckr_B_009_502 mode=smiles
🔬 Step 11 item 2/623 done 3ckr_B_009_502 sdf=written mapped=45 all_atoms=45 dt=0.1s
⏳ Step 11 progress: 2/623
🔬 Step 11 item 3/623 start 3ckr_C_009_503
🖼️ Step 11 SVG ready 3ckr_C_009_503 mode=smiles
🔬 Step 11 item 3/623 done 3ckr_C_009_503 sdf=written mapped=45 all_atoms=45 dt=0.1s
⏳ Step 11 progress: 3/623
🔬 Step 11 item 4/623 start 3ckp_A_012_501
🖼️ Step 11 SVG ready 3ckp_A_012_501 mode=smiles
🔬 Step 11 item 4/623 done 3ckp_A_012_501 sdf=written mapped=40 all_atoms=40 dt=0.1s
⏳ Step 11 progress: 4/623
🔬 Step 11 item 5/623 start 3ckp_B_012_502
🖼️ Step 11 SVG ready 3ckp_B_012_502 mode=smiles
🔬 Step 11 item 5/623 done 3ckp_B_012_502 sdf=written mapped=40 all_atoms=40 dt=0.1s
⏳ Step 11 progress: 5/623
🔬 Step 11 item 6/623 start 3ckp_C_012_503
🖼️ Step 11 SVG ready 3ckp_C_012_503 mode=smiles
🔬 Step 11 item 6/623 done 3ckp_C_012_503 sdf=written mapped=40 all_atoms=40 dt=0.1s
⏳ Step 11 progress: 6/623
🔬 Step 11 item 7/623 start 3kyr_A_038_500
🖼️ Step 11 SVG ready 3kyr_A_038_500 mode=smiles
🔬 Step 11 item 7/623 done 3kyr_A_038_500 sdf=written mapped=52 all_atoms=52 dt=0.1s
⏳ Step 11 progress: 7/623
🔬 Step 11 item 8/623 start 3kyr_B_038_500
🖼️ Step 11 SVG ready 3kyr_B_038_500 mode=smiles
🔬 Step 11 item 8/623 done 3kyr_B_038_500 sdf=written mapped=52 all_atoms=52 dt=0.1s
⏳ Step 11 progress: 8/623
🔬 Step 11 item 9/623 start 3kyr_C_038_500
🖼️ Step 11 SVG ready 3kyr_C_038_500 mode=smiles
🔬 Step 11 item 9/623 done 3kyr_C_038_500 sdf=written mapped=52 all_atoms=52 dt=0.1s
⏳ Step 11 progress: 9/623
🔬 Step 11 item 10/623 start 3udh_A_091_501
🖼️ Step 11 SVG ready 3udh_A_091_501 mode=smiles
🔬 Step 11 item 10/623 done 3udh_A_091_501 sdf=written mapped=14 all_atoms=14 dt=0.1s
⏳ Step 11 progress: 10/623
🔬 Step 11 item 11/623 start 3udj_A_092_401
🖼️ Step 11 SVG ready 3udj_A_092_401 mode=smiles
🔬 Step 11 item 11/623 done 3udj_A_092_401 sdf=written mapped=18 all_atoms=18 dt=0.1s
⏳ Step 11 progress: 11/623
🔬 Step 11 item 12/623 start 3udk_A_095_501
🖼️ Step 11 SVG ready 3udk_A_095_501 mode=smiles
🔬 Step 11 item 12/623 done 3udk_A_095_501 sdf=written mapped=23 all_atoms=23 dt=0.1s
⏳ Step 11 progress: 12/623
🔬 Step 11 item 13/623 start 3udm_A_09A_501
🖼️ Step 11 SVG ready 3udm_A_09A_501 mode=smiles
🔬 Step 11 item 13/623 done 3udm_A_09A_501 sdf=written mapped=24 all_atoms=24 dt=0.1s
⏳ Step 11 progress: 13/623
🔬 Step 11 item 14/623 start 3udn_A_09B_401
🖼️ Step 11 SVG ready 3udn_A_09B_401 mode=smiles
🔬 Step 11 item 14/623 done 3udn_A_09B_401 sdf=written mapped=26 all_atoms=26 dt=0.1s
⏳ Step 11 progress: 14/623
🔬 Step 11 item 15/623 start 3udp_A_09D_501
🖼️ Step 11 SVG ready 3udp_A_09D_501 mode=smiles
🔬 Step 11 item 15/623 done 3udp_A_09D_501 sdf=written mapped=28 all_atoms=28 dt=0.1s
⏳ Step 11 progress: 15/623
🔬 Step 11 item 16/623 start 3udq_A_09E_4000
🖼️ Step 11 SVG ready 3udq_A_09E_4000 mode=smiles
🔬 Step 11 item 16/623 done 3udq_A_09E_4000 sdf=written mapped=30 all_atoms=30 dt=0.1s
⏳ Step 11 progress: 16/623
🔬 Step 11 item 17/623 start 3udr_A_09F_501
🖼️ Step 11 SVG ready 3udr_A_09F_501 mode=smiles
🔬 Step 11 item 17/623 done 3udr_A_09F_501 sdf=written mapped=25 all_atoms=25 dt=0.1s
⏳ Step 11 progress: 17/623
🔬 Step 11 item 18/623 start 3udy_A_09G_501
🖼️ Step 11 SVG ready 3udy_A_09G_501 mode=smiles
🔬 Step 11 item 18/623 done 3udy_A_09G_501 sdf=written mapped=27 all_atoms=27 dt=0.1s
⏳ Step 11 progress: 18/623
🔬 Step 11 item 19/623 start 3vv7_A_0B1_509
🖼️ Step 11 SVG ready 3vv7_A_0B1_509 mode=smiles
🔬 Step 11 item 19/623 done 3vv7_A_0B1_509 sdf=written mapped=26 all_atoms=26 dt=0.1s
⏳ Step 11 progress: 19/623
🔬 Step 11 item 20/623 start 3wb4_A_0B3_507
🖼️ Step 11 SVG ready 3wb4_A_0B3_507 mode=smiles
🔬 Step 11 item 20/623 done 3wb4_A_0B3_507 sdf=written mapped=18 all_atoms=18 dt=0.1s
⏳ Step 11 progress: 20/623
🔬 Step 11 item 21/623 start 3wb5_A_0B4_507
🖼️ Step 11 SVG ready 3wb5_A_0B4_507 mode=smiles
🔬 Step 11 item 21/623 done 3wb5_A_0B4_507 sdf=written mapped=19 all_atoms=19 dt=0.1s
⏳ Step 11 progress: 21/623
🔬 Step 11 item 22/623 start 5ygx_A_0B5_509
🖼️ Step 11 SVG ready 5ygx_A_0B5_509 mode=smiles
🔬 Step 11 item 22/623 done 5ygx_A_0B5_509 sdf=written mapped=32 all_atoms=32 dt=0.1s
⏳ Step 11 progress: 22/623
🔬 Step 11 item 23/623 start 5ygy_A_0B6_509
🖼️ Step 11 SVG ready 5ygy_A_0B6_509 mode=smiles
🔬 Step 11 item 23/623 done 5ygy_A_0B6_509 sdf=written mapped=28 all_atoms=28 dt=0.1s
⏳ Step 11 progress: 23/623
🔬 Step 11 item 24/623 start 3k5c_A_0BI_387
🖼️ Step 11 SVG ready 3k5c_A_0BI_387 mode=smiles
🔬 Step 11 item 24/623 done 3k5c_A_0BI_387 sdf=written mapped=42 all_atoms=42 dt=0.1s
⏳ Step 11 progress: 24/623
🔬 Step 11 item 25/623 start 3k5c_B_0BI_387
🖼️ Step 11 SVG ready 3k5c_B_0BI_387 mode=smiles
🔬 Step 11 item 25/623 done 3k5c_B_0BI_387 sdf=written mapped=42 all_atoms=42 dt=0.1s
⏳ Step 11 progress: 25/623
🔬 Step 11 item 26/623 start 3k5c_C_0BI_387
🖼️ Step 11 SVG ready 3k5c_C_0BI_387 mode=smiles
🔬 Step 11 item 26/623 done 3k5c_C_0BI_387 sdf=written mapped=42 all_atoms=42 dt=0.1s
⏳ Step 11 progress: 26/623
🔬 Step 11 item 27/623 start 5qd7_A_0BI_401
🖼️ Step 11 SVG ready 5qd7_A_0BI_401 mode=smiles
🔬 Step 11 item 27/623 done 5qd7_A_0BI_401 sdf=written mapped=42 all_atoms=42 dt=0.1s
⏳ Step 11 progress: 27/623
🔬 Step 11 item 28/623 start 5qd7_B_0BI_401
🖼️ Step 11 SVG ready 5qd7_B_0BI_401 mode=smiles
🔬 Step 11 item 28/623 done 5qd7_B_0BI_401 sdf=written mapped=42 all_atoms=42 dt=0.1s
⏳ Step 11 progress: 28/623
🔬 Step 11 item 29/623 start 5qd7_C_0BI_401
🖼️ Step 11 SVG ready 5qd7_C_0BI_401 mode=smiles
🔬 Step 11 item 29/623 done 5qd7_C_0BI_401 sdf=written mapped=42 all_atoms=42 dt=0.1s
⏳ Step 11 progress: 29/623
🔬 Step 11 item 30/623 start 7n66_A_0EW_510
🖼️ Step 11 SVG ready 7n66_A_0EW_510 mode=smiles
🔬 Step 11 item 30/623 done 7n66_A_0EW_510 sdf=written mapped=36 all_atoms=36 dt=0.1s
⏳ Step 11 progress: 30/623
🔬 Step 11 item 31/623 start 4gid_A_0GH_501
🖼️ Step 11 SVG ready 4gid_A_0GH_501 mode=smiles
🔬 Step 11 item 31/623 done 4gid_A_0GH_501 sdf=written mapped=47 all_atoms=47 dt=0.1s
⏳ Step 11 progress: 31/623
🔬 Step 11 item 32/623 start 4gid_B_0GH_501
🖼️ Step 11 SVG ready 4gid_B_0GH_501 mode=smiles
🔬 Step 11 item 32/623 done 4gid_B_0GH_501 sdf=written mapped=47 all_atoms=47 dt=0.1s
⏳ Step 11 progress: 32/623
🔬 Step 11 item 33/623 start 4gid_C_0GH_501
🖼️ Step 11 SVG ready 4gid_C_0GH_501 mode=smiles
🔬 Step 11 item 33/623 done 4gid_C_0GH_501 sdf=written mapped=47 all_atoms=47 dt=0.1s
⏳ Step 11 progress: 33/623
🔬 Step 11 item 34/623 start 4gid_D_0GH_501
🖼️ Step 11 SVG ready 4gid_D_0GH_501 mode=smiles
🔬 Step 11 item 34/623 done 4gid_D_0GH_501 sdf=written mapped=47 all_atoms=47 dt=0.1s
⏳ Step 11 progress: 34/623
🔬 Step 11 item 35/623 start 3veu_A_0GO_378
🖼️ Step 11 SVG ready 3veu_A_0GO_378 mode=smiles
🔬 Step 11 item 35/623 done 3veu_A_0GO_378 sdf=written mapped=40 all_atoms=40 dt=0.1s
⏳ Step 11 progress: 35/623
🔬 Step 11 item 36/623 start 3vf3_A_0GS_401
🖼️ Step 11 SVG ready 3vf3_A_0GS_401 mode=smiles
🔬 Step 11 item 36/623 done 3vf3_A_0GS_401 sdf=written mapped=31 all_atoms=31 dt=0.1s
⏳ Step 11 progress: 36/623
🔬 Step 11 item 37/623 start 3vg1_A_0GT_401
[08:09:14] WARNING: could not find number of expected rings. Switching to an approximate ring finding algorithm.
⚠️ Step 11 item skipped: 37/623 3vg1_A_0GT_401 stage=BUILD_ROWS reason=ITEM_FAILED
🖼️ Step 11 SVG ready 3vg1_A_0GT_401 mode=smiles
🔬 Step 11 item 37/623 done 3vg1_A_0GT_401 sdf=written mapped=35 all_atoms=48 dt=0.2s
⏳ Step 11 progress: 37/623
🔬 Step 11 item 38/623 start 4d83_A_0GT_401
[08:09:14] WARNING: could not find number of expected rings. Switching to an approximate ring finding algorithm.
⚠️ Step 11 item skipped: 38/623 4d83_A_0GT_401 stage=BUILD_ROWS reason=ITEM_FAILED
🖼️ Step 11 SVG ready 4d83_A_0GT_401 mode=smiles
🔬 Step 11 item 38/623 done 4d83_A_0GT_401 sdf=written mapped=35 all_atoms=48 dt=0.2s
[08:09:14] [mem] running 11_mcsMatcher.py parent=94.4MB child_tree=132.7MB combined=227.1MB
⏳ Step 11 progress: 38/623
🔬 Step 11 item 39/623 start 4d83_B_0GT_501
[08:09:14] WARNING: could not find number of expected rings. Switching to an approximate ring finding algorithm.
⚠️ Step 11 item skipped: 39/623 4d83_B_0GT_501 stage=BUILD_ROWS reason=ITEM_FAILED
🖼️ Step 11 SVG ready 4d83_B_0GT_501 mode=smiles
🔬 Step 11 item 39/623 done 4d83_B_0GT_501 sdf=written mapped=35 all_atoms=48 dt=0.2s
⏳ Step 11 progress: 39/623
🔬 Step 11 item 40/623 start 4d83_C_0GT_501
[08:09:15] WARNING: could not find number of expected rings. Switching to an approximate ring finding algorithm.
⚠️ Step 11 item skipped: 40/623 4d83_C_0GT_501 stage=BUILD_ROWS reason=ITEM_FAILED
🖼️ Step 11 SVG ready 4d83_C_0GT_501 mode=smiles
🔬 Step 11 item 40/623 done 4d83_C_0GT_501 sdf=written mapped=35 all_atoms=48 dt=0.2s
⏳ Step 11 progress: 40/623
🔬 Step 11 item 41/623 start 4d85_A_0GU_401
🖼️ Step 11 SVG ready 4d85_A_0GU_401 mode=smiles
🔬 Step 11 item 41/623 done 4d85_A_0GU_401 sdf=written mapped=39 all_atoms=39 dt=0.1s
⏳ Step 11 progress: 41/623
🔬 Step 11 item 42/623 start 4di2_A_0K9_501
🖼️ Step 11 SVG ready 4di2_A_0K9_501 mode=smiles
🔬 Step 11 item 42/623 done 4di2_A_0K9_501 sdf=written mapped=42 all_atoms=42 dt=0.1s
⏳ Step 11 progress: 42/623
🔬 Step 11 item 43/623 start 4di2_B_0K9_501
🖼️ Step 11 SVG ready 4di2_B_0K9_501 mode=smiles
🔬 Step 11 item 43/623 done 4di2_B_0K9_501 sdf=written mapped=42 all_atoms=42 dt=0.1s
⏳ Step 11 progress: 43/623
🔬 Step 11 item 44/623 start 4di2_C_0K9_501
🖼️ Step 11 SVG ready 4di2_C_0K9_501 mode=smiles
🔬 Step 11 item 44/623 done 4di2_C_0K9_501 sdf=written mapped=42 all_atoms=42 dt=0.1s
⏳ Step 11 progress: 44/623
🔬 Step 11 item 45/623 start 4dju_A_0KK_501
⚠️ Step 11 item skipped: 45/623 4dju_A_0KK_501 stage=BUILD_ROWS reason=ITEM_FAILED
🖼️ Step 11 SVG ready 4dju_A_0KK_501 mode=smiles
🔬 Step 11 item 45/623 done 4dju_A_0KK_501 sdf=written mapped=20 all_atoms=20 dt=0.1s
⏳ Step 11 progress: 45/623
🔬 Step 11 item 46/623 start 4dju_B_0KK_501
⚠️ Step 11 item skipped: 46/623 4dju_B_0KK_501 stage=BUILD_ROWS reason=ITEM_FAILED
🖼️ Step 11 SVG ready 4dju_B_0KK_501 mode=smiles
🔬 Step 11 item 46/623 done 4dju_B_0KK_501 sdf=written mapped=20 all_atoms=20 dt=0.1s
⏳ Step 11 progress: 46/623
🔬 Step 11 item 47/623 start 4djv_A_0KM_501
⚠️ Step 11 item skipped: 47/623 4djv_A_0KM_501 stage=BUILD_ROWS reason=ITEM_FAILED
🖼️ Step 11 SVG ready 4djv_A_0KM_501 mode=smiles
🔬 Step 11 item 47/623 done 4djv_A_0KM_501 sdf=written mapped=28 all_atoms=28 dt=0.1s
⏳ Step 11 progress: 47/623
🔬 Step 11 item 48/623 start 4djv_B_0KM_501
⚠️ Step 11 item skipped: 48/623 4djv_B_0KM_501 stage=BUILD_ROWS reason=ITEM_FAILED
🖼️ Step 11 SVG ready 4djv_B_0KM_501 mode=smiles
🔬 Step 11 item 48/623 done 4djv_B_0KM_501 sdf=written mapped=28 all_atoms=28 dt=0.1s
⏳ Step 11 progress: 48/623
🔬 Step 11 item 49/623 start 4dh6_A_0KN_411
🖼️ Step 11 SVG ready 4dh6_A_0KN_411 mode=smiles
🔬 Step 11 item 49/623 done 4dh6_A_0KN_411 sdf=written mapped=40 all_atoms=40 dt=0.1s
⏳ Step 11 progress: 49/623
🔬 Step 11 item 50/623 start 4djw_A_0KP_501
⚠️ Step 11 item skipped: 50/623 4djw_A_0KP_501 stage=BUILD_ROWS reason=ITEM_FAILED
🖼️ Step 11 SVG ready 4djw_A_0KP_501 mode=smiles
🔬 Step 11 item 50/623 done 4djw_A_0KP_501 sdf=written mapped=26 all_atoms=26 dt=0.1s
⏳ Step 11 progress: 50/623
🔬 Step 11 item 51/623 start 4djw_B_0KP_501
⚠️ Step 11 item skipped: 51/623 4djw_B_0KP_501 stage=BUILD_ROWS reason=ITEM_FAILED
🖼️ Step 11 SVG ready 4djw_B_0KP_501 mode=smiles
🔬 Step 11 item 51/623 done 4djw_B_0KP_501 sdf=written mapped=26 all_atoms=26 dt=0.1s
⏳ Step 11 progress: 51/623
🔬 Step 11 item 52/623 start 4djx_A_0KQ_501
⚠️ Step 11 item skipped: 52/623 4djx_A_0KQ_501 stage=BUILD_ROWS reason=ITEM_FAILED
🖼️ Step 11 SVG ready 4djx_A_0KQ_501 mode=smiles
🔬 Step 11 item 52/623 done 4djx_A_0KQ_501 sdf=written mapped=24 all_atoms=24 dt=0.1s
⏳ Step 11 progress: 52/623
🔬 Step 11 item 53/623 start 4djx_B_0KQ_501
⚠️ Step 11 item skipped: 53/623 4djx_B_0KQ_501 stage=BUILD_ROWS reason=ITEM_FAILED
🖼️ Step 11 SVG ready 4djx_B_0KQ_501 mode=smiles
🔬 Step 11 item 53/623 done 4djx_B_0KQ_501 sdf=written mapped=24 all_atoms=24 dt=0.1s
⏳ Step 11 progress: 53/623
🔬 Step 11 item 54/623 start 4djy_A_0KR_501
⚠️ Step 11 item skipped: 54/623 4djy_A_0KR_501 stage=BUILD_ROWS reason=ITEM_FAILED
🖼️ Step 11 SVG ready 4djy_A_0KR_501 mode=smiles
🔬 Step 11 item 54/623 done 4djy_A_0KR_501 sdf=written mapped=26 all_atoms=26 dt=0.1s
⏳ Step 11 progress: 54/623
🔬 Step 11 item 55/623 start 4djy_B_0KR_501
⚠️ Step 11 item skipped: 55/623 4djy_B_0KR_501 stage=BUILD_ROWS reason=ITEM_FAILED
🖼️ Step 11 SVG ready 4djy_B_0KR_501 mode=smiles
🔬 Step 11 item 55/623 done 4djy_B_0KR_501 sdf=written mapped=26 all_atoms=26 dt=0.1s
⏳ Step 11 progress: 55/623
🔬 Step 11 item 56/623 start 4dpf_A_0LG_500
🖼️ Step 11 SVG ready 4dpf_A_0LG_500 mode=smiles
🔬 Step 11 item 56/623 done 4dpf_A_0LG_500 sdf=written mapped=46 all_atoms=46 dt=0.1s
⏳ Step 11 progress: 56/623
🔬 Step 11 item 57/623 start 4dus_A_0MP_410
🖼️ Step 11 SVG ready 4dus_A_0MP_410 mode=smiles
🔬 Step 11 item 57/623 done 4dus_A_0MP_410 sdf=written mapped=35 all_atoms=35 dt=0.1s
⏳ Step 11 progress: 57/623
🔬 Step 11 item 58/623 start 4dpi_A_0N1_501
[08:09:17] WARNING: could not find number of expected rings. Switching to an approximate ring finding algorithm.
[08:09:20] [mem] running 11_mcsMatcher.py parent=94.4MB child_tree=226.0MB combined=320.4MB
[08:09:25] [mem] running 11_mcsMatcher.py parent=94.4MB child_tree=226.0MB combined=320.4MB
⚠️ Step 11 item skipped: 58/623 4dpi_A_0N1_501 stage=BUILD_ROWS reason=ITEM_FAILED
🖼️ Step 11 SVG ready 4dpi_A_0N1_501 mode=smiles
🔬 Step 11 item 58/623 done 4dpi_A_0N1_501 sdf=written mapped=32 all_atoms=82 dt=9.8s
⏳ Step 11 progress: 58/623
🔬 Step 11 item 59/623 start 7f1d_A_0QQ_505
🖼️ Step 11 SVG ready 7f1d_A_0QQ_505 mode=smiles
🔬 Step 11 item 59/623 done 7f1d_A_0QQ_505 sdf=written mapped=30 all_atoms=30 dt=0.1s
⏳ Step 11 progress: 59/623
🔬 Step 11 item 60/623 start 4fco_A_0U4_504
🖼️ Step 11 SVG ready 4fco_A_0U4_504 mode=smiles
🔬 Step 11 item 60/623 done 4fco_A_0U4_504 sdf=written mapped=53 all_atoms=53 dt=0.1s
⏳ Step 11 progress: 60/623
🔬 Step 11 item 61/623 start 4fm7_A_0UP_501
🖼️ Step 11 SVG ready 4fm7_A_0UP_501 mode=smiles
🔬 Step 11 item 61/623 done 4fm7_A_0UP_501 sdf=written mapped=33 all_atoms=33 dt=0.1s
⏳ Step 11 progress: 61/623
🔬 Step 11 item 62/623 start 4fm8_A_0UQ_501
🖼️ Step 11 SVG ready 4fm8_A_0UQ_501 mode=smiles
🔬 Step 11 item 62/623 done 4fm8_A_0UQ_501 sdf=written mapped=32 all_atoms=32 dt=0.1s
⏳ Step 11 progress: 62/623
🔬 Step 11 item 63/623 start 4frs_A_0V6_501
⚠️ Step 11 item skipped: 63/623 4frs_A_0V6_501 stage=BUILD_ROWS reason=ITEM_FAILED
🖼️ Step 11 SVG ready 4frs_A_0V6_501 mode=smiles
🔬 Step 11 item 63/623 done 4frs_A_0V6_501 sdf=written mapped=25 all_atoms=25 dt=0.1s
⏳ Step 11 progress: 63/623
🔬 Step 11 item 64/623 start 4frs_B_0V6_501
⚠️ Step 11 item skipped: 64/623 4frs_B_0V6_501 stage=BUILD_ROWS reason=ITEM_FAILED
🖼️ Step 11 SVG ready 4frs_B_0V6_501 mode=smiles
🔬 Step 11 item 64/623 done 4frs_B_0V6_501 sdf=written mapped=25 all_atoms=25 dt=0.1s
⏳ Step 11 progress: 64/623
🔬 Step 11 item 65/623 start 4fsl_A_0VB_501
⚠️ Step 11 item skipped: 65/623 4fsl_A_0VB_501 stage=BUILD_ROWS reason=ITEM_FAILED
🖼️ Step 11 SVG ready 4fsl_A_0VB_501 mode=smiles
🔬 Step 11 item 65/623 done 4fsl_A_0VB_501 sdf=written mapped=33 all_atoms=33 dt=0.1s
⏳ Step 11 progress: 65/623
🔬 Step 11 item 66/623 start 4fsl_B_0VB_501
⚠️ Step 11 item skipped: 66/623 4fsl_B_0VB_501 stage=BUILD_ROWS reason=ITEM_FAILED
🖼️ Step 11 SVG ready 4fsl_B_0VB_501 mode=smiles
🔬 Step 11 item 66/623 done 4fsl_B_0VB_501 sdf=written mapped=33 all_atoms=33 dt=0.1s
⏳ Step 11 progress: 66/623
🔬 Step 11 item 67/623 start 4fsl_D_0VB_501
⚠️ Step 11 item skipped: 67/623 4fsl_D_0VB_501 stage=BUILD_ROWS reason=ITEM_FAILED
🖼️ Step 11 SVG ready 4fsl_D_0VB_501 mode=smiles
🔬 Step 11 item 67/623 done 4fsl_D_0VB_501 sdf=written mapped=33 all_atoms=33 dt=0.1s
⏳ Step 11 progress: 67/623
🔬 Step 11 item 68/623 start 4fsl_E_0VB_501
⚠️ Step 11 item skipped: 68/623 4fsl_E_0VB_501 stage=BUILD_ROWS reason=ITEM_FAILED
🖼️ Step 11 SVG ready 4fsl_E_0VB_501 mode=smiles
🔬 Step 11 item 68/623 done 4fsl_E_0VB_501 sdf=written mapped=33 all_atoms=33 dt=0.1s
⏳ Step 11 progress: 68/623
🔬 Step 11 item 69/623 start 4gmi_A_0XA_401
[08:09:28] WARNING: could not find number of expected rings. Switching to an approximate ring finding algorithm.
⚠️ Step 11 item skipped: 69/623 4gmi_A_0XA_401 stage=BUILD_ROWS reason=ITEM_FAILED
🖼️ Step 11 SVG ready 4gmi_A_0XA_401 mode=smiles
🔬 Step 11 item 69/623 done 4gmi_A_0XA_401 sdf=written mapped=37 all_atoms=74 dt=0.2s
⏳ Step 11 progress: 69/623
🔬 Step 11 item 70/623 start 4hzt_A_0ZA_504
🖼️ Step 11 SVG ready 4hzt_A_0ZA_504 mode=smiles
🔬 Step 11 item 70/623 done 4hzt_A_0ZA_504 sdf=written mapped=28 all_atoms=28 dt=0.1s
⏳ Step 11 progress: 70/623
🔬 Step 11 item 71/623 start 4h1e_A_10J_501
⚠️ Step 11 item skipped: 71/623 4h1e_A_10J_501 stage=BUILD_ROWS reason=ITEM_FAILED
🖼️ Step 11 SVG ready 4h1e_A_10J_501 mode=smiles
🔬 Step 11 item 71/623 done 4h1e_A_10J_501 sdf=written mapped=33 all_atoms=33 dt=0.1s
⏳ Step 11 progress: 71/623
🔬 Step 11 item 72/623 start 4h1e_B_10J_501
⚠️ Step 11 item skipped: 72/623 4h1e_B_10J_501 stage=BUILD_ROWS reason=ITEM_FAILED
🖼️ Step 11 SVG ready 4h1e_B_10J_501 mode=smiles
🔬 Step 11 item 72/623 done 4h1e_B_10J_501 sdf=written mapped=33 all_atoms=33 dt=0.1s
⏳ Step 11 progress: 72/623
🔬 Step 11 item 73/623 start 4h3f_A_10O_502
⚠️ Step 11 item skipped: 73/623 4h3f_A_10O_502 stage=BUILD_ROWS reason=ITEM_FAILED
🖼️ Step 11 SVG ready 4h3f_A_10O_502 mode=smiles
🔬 Step 11 item 73/623 done 4h3f_A_10O_502 sdf=written mapped=33 all_atoms=33 dt=0.1s
⏳ Step 11 progress: 73/623
🔬 Step 11 item 74/623 start 4h3f_B_10O_503
⚠️ Step 11 item skipped: 74/623 4h3f_B_10O_503 stage=BUILD_ROWS reason=ITEM_FAILED
🖼️ Step 11 SVG ready 4h3f_B_10O_503 mode=smiles
🔬 Step 11 item 74/623 done 4h3f_B_10O_503 sdf=written mapped=33 all_atoms=33 dt=0.1s
⏳ Step 11 progress: 74/623
🔬 Step 11 item 75/623 start 4h3g_A_10Q_502
⚠️ Step 11 item skipped: 75/623 4h3g_A_10Q_502 stage=BUILD_ROWS reason=ITEM_FAILED
🖼️ Step 11 SVG ready 4h3g_A_10Q_502 mode=smiles
🔬 Step 11 item 75/623 done 4h3g_A_10Q_502 sdf=written mapped=33 all_atoms=33 dt=0.1s
⏳ Step 11 progress: 75/623
🔬 Step 11 item 76/623 start 4h3g_B_10Q_503
⚠️ Step 11 item skipped: 76/623 4h3g_B_10Q_503 stage=BUILD_ROWS reason=ITEM_FAILED
🖼️ Step 11 SVG ready 4h3g_B_10Q_503 mode=smiles
🔬 Step 11 item 76/623 done 4h3g_B_10Q_503 sdf=written mapped=33 all_atoms=33 dt=0.1s
⏳ Step 11 progress: 76/623
🔬 Step 11 item 77/623 start 4h3i_A_10V_502
⚠️ Step 11 item skipped: 77/623 4h3i_A_10V_502 stage=BUILD_ROWS reason=ITEM_FAILED
🖼️ Step 11 SVG ready 4h3i_A_10V_502 mode=smiles
🔬 Step 11 item 77/623 done 4h3i_A_10V_502 sdf=written mapped=33 all_atoms=33 dt=0.1s
⏳ Step 11 progress: 77/623
🔬 Step 11 item 78/623 start 4h3i_B_10V_503
⚠️ Step 11 item skipped: 78/623 4h3i_B_10V_503 stage=BUILD_ROWS reason=ITEM_FAILED
🖼️ Step 11 SVG ready 4h3i_B_10V_503 mode=smiles
🔬 Step 11 item 78/623 done 4h3i_B_10V_503 sdf=written mapped=33 all_atoms=33 dt=0.1s
⏳ Step 11 progress: 78/623
🔬 Step 11 item 79/623 start 4h3j_A_10W_502
⚠️ Step 11 item skipped: 79/623 4h3j_A_10W_502 stage=BUILD_ROWS reason=ITEM_FAILED
🖼️ Step 11 SVG ready 4h3j_A_10W_502 mode=smiles
🔬 Step 11 item 79/623 done 4h3j_A_10W_502 sdf=written mapped=32 all_atoms=32 dt=0.1s
⏳ Step 11 progress: 79/623
🔬 Step 11 item 80/623 start 4h3j_B_10W_503
⚠️ Step 11 item skipped: 80/623 4h3j_B_10W_503 stage=BUILD_ROWS reason=ITEM_FAILED
🖼️ Step 11 SVG ready 4h3j_B_10W_503 mode=smiles
🔬 Step 11 item 80/623 done 4h3j_B_10W_503 sdf=written mapped=32 all_atoms=32 dt=0.1s
⏳ Step 11 progress: 80/623
🔬 Step 11 item 81/623 start 4ha5_A_13W_502
⚠️ Step 11 item skipped: 81/623 4ha5_A_13W_502 stage=BUILD_ROWS reason=ITEM_FAILED
🖼️ Step 11 SVG ready 4ha5_A_13W_502 mode=smiles
🔬 Step 11 item 81/623 done 4ha5_A_13W_502 sdf=written mapped=23 all_atoms=23 dt=0.1s
⏳ Step 11 progress: 81/623
🔬 Step 11 item 82/623 start 4ha5_B_13W_503
⚠️ Step 11 item skipped: 82/623 4ha5_B_13W_503 stage=BUILD_ROWS reason=ITEM_FAILED
🖼️ Step 11 SVG ready 4ha5_B_13W_503 mode=smiles
🔬 Step 11 item 82/623 done 4ha5_B_13W_503 sdf=written mapped=23 all_atoms=23 dt=0.1s
⏳ Step 11 progress: 82/623
🔬 Step 11 item 83/623 start 3u6a_A_18P_386
🖼️ Step 11 SVG ready 3u6a_A_18P_386 mode=smiles
🔬 Step 11 item 83/623 done 3u6a_A_18P_386 sdf=written mapped=26 all_atoms=26 dt=0.1s
⏳ Step 11 progress: 83/623
🔬 Step 11 item 84/623 start 3u6a_B_18P_386
🖼️ Step 11 SVG ready 3u6a_B_18P_386 mode=smiles
🔬 Step 11 item 84/623 done 3u6a_B_18P_386 sdf=written mapped=26 all_atoms=26 dt=0.1s
⏳ Step 11 progress: 84/623
🔬 Step 11 item 85/623 start 3u6a_C_18P_386
🖼️ Step 11 SVG ready 3u6a_C_18P_386 mode=smiles
🔬 Step 11 item 85/623 done 3u6a_C_18P_386 sdf=written mapped=26 all_atoms=26 dt=0.1s
⏳ Step 11 progress: 85/623
🔬 Step 11 item 86/623 start 4b1c_A_1B1_1504
🖼️ Step 11 SVG ready 4b1c_A_1B1_1504 mode=smiles
🔬 Step 11 item 86/623 done 4b1c_A_1B1_1504 sdf=written mapped=25 all_atoms=25 dt=0.1s
⏳ Step 11 progress: 86/623
🔬 Step 11 item 87/623 start 4i0d_A_1B7_504
[08:09:30] [mem] running 11_mcsMatcher.py parent=94.6MB child_tree=135.3MB combined=229.9MB
⏱ Step 11 heartbeat: processed=86/623 current=4i0d_A_1B7_504 stage=ITEM_START elapsed=20s item_elapsed=0s sdf_written=86 sdf_failed=0 svg_written=86 item_failures=34 last_done=4b1c_A_1B1_1504
🖼️ Step 11 SVG ready 4i0d_A_1B7_504 mode=smiles
🔬 Step 11 item 87/623 done 4i0d_A_1B7_504 sdf=written mapped=27 all_atoms=27 dt=0.1s
⏳ Step 11 progress: 87/623
🔬 Step 11 item 88/623 start 4i0e_A_1B8_504
🖼️ Step 11 SVG ready 4i0e_A_1B8_504 mode=smiles
🔬 Step 11 item 88/623 done 4i0e_A_1B8_504 sdf=written mapped=30 all_atoms=30 dt=0.1s
⏳ Step 11 progress: 88/623
🔬 Step 11 item 89/623 start 4i0g_A_1B9_504
🖼️ Step 11 SVG ready 4i0g_A_1B9_504 mode=smiles
🔬 Step 11 item 89/623 done 4i0g_A_1B9_504 sdf=written mapped=25 all_atoms=25 dt=0.1s
⏳ Step 11 progress: 89/623
🔬 Step 11 item 90/623 start 4i0z_A_1BB_501
🖼️ Step 11 SVG ready 4i0z_A_1BB_501 mode=smiles
🔬 Step 11 item 90/623 done 4i0z_A_1BB_501 sdf=written mapped=31 all_atoms=31 dt=0.1s
⏳ Step 11 progress: 90/623
🔬 Step 11 item 91/623 start 4i12_A_1BC_501
🖼️ Step 11 SVG ready 4i12_A_1BC_501 mode=smiles
🔬 Step 11 item 91/623 done 4i12_A_1BC_501 sdf=written mapped=36 all_atoms=36 dt=0.1s
⏳ Step 11 progress: 91/623
🔬 Step 11 item 92/623 start 4i1c_A_1BE_504
🖼️ Step 11 SVG ready 4i1c_A_1BE_504 mode=smiles
🔬 Step 11 item 92/623 done 4i1c_A_1BE_504 sdf=written mapped=32 all_atoms=32 dt=0.1s
⏳ Step 11 progress: 92/623
🔬 Step 11 item 93/623 start 4i0f_A_1BF_504
🖼️ Step 11 SVG ready 4i0f_A_1BF_504 mode=smiles
🔬 Step 11 item 93/623 done 4i0f_A_1BF_504 sdf=written mapped=29 all_atoms=29 dt=0.1s
⏳ Step 11 progress: 93/623
🔬 Step 11 item 94/623 start 4i0h_A_1BL_501
🖼️ Step 11 SVG ready 4i0h_A_1BL_501 mode=smiles
🔬 Step 11 item 94/623 done 4i0h_A_1BL_501 sdf=written mapped=40 all_atoms=40 dt=0.1s
⏳ Step 11 progress: 94/623
🔬 Step 11 item 95/623 start 4i0h_B_1BL_501
🖼️ Step 11 SVG ready 4i0h_B_1BL_501 mode=smiles
🔬 Step 11 item 95/623 done 4i0h_B_1BL_501 sdf=written mapped=40 all_atoms=40 dt=0.1s
⏳ Step 11 progress: 95/623
🔬 Step 11 item 96/623 start 4i0h_C_1BL_501
🖼️ Step 11 SVG ready 4i0h_C_1BL_501 mode=smiles
🔬 Step 11 item 96/623 done 4i0h_C_1BL_501 sdf=written mapped=40 all_atoms=40 dt=0.1s
⏳ Step 11 progress: 96/623
🔬 Step 11 item 97/623 start 4i10_A_1BS_504
🖼️ Step 11 SVG ready 4i10_A_1BS_504 mode=smiles
🔬 Step 11 item 97/623 done 4i10_A_1BS_504 sdf=written mapped=33 all_atoms=33 dt=0.1s
⏳ Step 11 progress: 97/623
🔬 Step 11 item 98/623 start 4i11_A_1CH_504
🖼️ Step 11 SVG ready 4i11_A_1CH_504 mode=smiles
🔬 Step 11 item 98/623 done 4i11_A_1CH_504 sdf=written mapped=24 all_atoms=24 dt=0.1s
⏳ Step 11 progress: 98/623
🔬 Step 11 item 99/623 start 4j0z_A_1H5_504
🖼️ Step 11 SVG ready 4j0z_A_1H5_504 mode=smiles
🔬 Step 11 item 99/623 done 4j0z_A_1H5_504 sdf=written mapped=28 all_atoms=28 dt=0.1s
⏳ Step 11 progress: 99/623
🔬 Step 11 item 100/623 start 4j0y_A_1H6_504
🖼️ Step 11 SVG ready 4j0y_A_1H6_504 mode=smiles
🔬 Step 11 item 100/623 done 4j0y_A_1H6_504 sdf=written mapped=27 all_atoms=27 dt=0.1s
⏳ Step 11 progress: 100/623
🔬 Step 11 item 101/623 start 4j0v_A_1H7_504
🖼️ Step 11 SVG ready 4j0v_A_1H7_504 mode=smiles
🔬 Step 11 item 101/623 done 4j0v_A_1H7_504 sdf=written mapped=27 all_atoms=27 dt=0.1s
⏳ Step 11 progress: 101/623
🔬 Step 11 item 102/623 start 4j0p_A_1H8_504
🖼️ Step 11 SVG ready 4j0p_A_1H8_504 mode=smiles
🔬 Step 11 item 102/623 done 4j0p_A_1H8_504 sdf=written mapped=26 all_atoms=26 dt=0.1s
⏳ Step 11 progress: 102/623
🔬 Step 11 item 103/623 start 4j1k_A_1HG_504
🖼️ Step 11 SVG ready 4j1k_A_1HG_504 mode=smiles
🔬 Step 11 item 103/623 done 4j1k_A_1HG_504 sdf=written mapped=31 all_atoms=31 dt=0.1s
⏳ Step 11 progress: 103/623
🔬 Step 11 item 104/623 start 4j1i_A_1HH_504
🖼️ Step 11 SVG ready 4j1i_A_1HH_504 mode=smiles
🔬 Step 11 item 104/623 done 4j1i_A_1HH_504 sdf=written mapped=31 all_atoms=31 dt=0.1s
⏳ Step 11 progress: 104/623
🔬 Step 11 item 105/623 start 4j1h_A_1HJ_504
🖼️ Step 11 SVG ready 4j1h_A_1HJ_504 mode=smiles
🔬 Step 11 item 105/623 done 4j1h_A_1HJ_504 sdf=written mapped=30 all_atoms=30 dt=0.1s
⏳ Step 11 progress: 105/623
🔬 Step 11 item 106/623 start 4j1f_A_1HL_504
🖼️ Step 11 SVG ready 4j1f_A_1HL_504 mode=smiles
🔬 Step 11 item 106/623 done 4j1f_A_1HL_504 sdf=written mapped=30 all_atoms=30 dt=0.1s
⏳ Step 11 progress: 106/623
🔬 Step 11 item 107/623 start 4j1e_A_1HM_504
🖼️ Step 11 SVG ready 4j1e_A_1HM_504 mode=smiles
🔬 Step 11 item 107/623 done 4j1e_A_1HM_504 sdf=written mapped=31 all_atoms=31 dt=0.1s
⏳ Step 11 progress: 107/623
🔬 Step 11 item 108/623 start 4j1c_A_1HO_504
🖼️ Step 11 SVG ready 4j1c_A_1HO_504 mode=smiles
🔬 Step 11 item 108/623 done 4j1c_A_1HO_504 sdf=written mapped=29 all_atoms=29 dt=0.1s
⏳ Step 11 progress: 108/623
🔬 Step 11 item 109/623 start 4j17_A_1HQ_504
🖼️ Step 11 SVG ready 4j17_A_1HQ_504 mode=smiles
🔬 Step 11 item 109/623 done 4j17_A_1HQ_504 sdf=written mapped=28 all_atoms=28 dt=0.1s
⏳ Step 11 progress: 109/623
🔬 Step 11 item 110/623 start 3ivh_A_1LI_1
🖼️ Step 11 SVG ready 3ivh_A_1LI_1 mode=smiles
🔬 Step 11 item 110/623 done 3ivh_A_1LI_1 sdf=written mapped=34 all_atoms=34 dt=0.1s
⏳ Step 11 progress: 110/623
🔬 Step 11 item 111/623 start 4joo_A_1M4_503
🖼️ Step 11 SVG ready 4joo_A_1M4_503 mode=smiles
🔬 Step 11 item 111/623 done 4joo_A_1M4_503 sdf=written mapped=20 all_atoms=20 dt=0.1s
⏳ Step 11 progress: 111/623
🔬 Step 11 item 112/623 start 4jp9_A_1M5_503
🖼️ Step 11 SVG ready 4jp9_A_1M5_503 mode=smiles
🔬 Step 11 item 112/623 done 4jp9_A_1M5_503 sdf=written mapped=26 all_atoms=26 dt=0.1s
⏳ Step 11 progress: 112/623
🔬 Step 11 item 113/623 start 4jpc_A_1M6_502
🖼️ Step 11 SVG ready 4jpc_A_1M6_502 mode=smiles
🔬 Step 11 item 113/623 done 4jpc_A_1M6_502 sdf=written mapped=27 all_atoms=27 dt=0.1s
⏳ Step 11 progress: 113/623
🔬 Step 11 item 114/623 start 4jpe_A_1M7_502
🖼️ Step 11 SVG ready 4jpe_A_1M7_502 mode=smiles
🔬 Step 11 item 114/623 done 4jpe_A_1M7_502 sdf=written mapped=25 all_atoms=25 dt=0.1s
⏳ Step 11 progress: 114/623
🔬 Step 11 item 115/623 start 4k8s_A_1QT_401
🖼️ Step 11 SVG ready 4k8s_A_1QT_401 mode=smiles
🔬 Step 11 item 115/623 done 4k8s_A_1QT_401 sdf=written mapped=37 all_atoms=37 dt=0.1s
⏳ Step 11 progress: 115/623
🔬 Step 11 item 116/623 start 4k8s_B_1QT_401
🖼️ Step 11 SVG ready 4k8s_B_1QT_401 mode=smiles
🔬 Step 11 item 116/623 done 4k8s_B_1QT_401 sdf=written mapped=37 all_atoms=37 dt=0.1s
⏳ Step 11 progress: 116/623
🔬 Step 11 item 117/623 start 4k8s_C_1QT_401
🖼️ Step 11 SVG ready 4k8s_C_1QT_401 mode=smiles
🔬 Step 11 item 117/623 done 4k8s_C_1QT_401 sdf=written mapped=37 all_atoms=37 dt=0.1s
⏳ Step 11 progress: 117/623
🔬 Step 11 item 118/623 start 4k9h_A_1QU_401
🖼️ Step 11 SVG ready 4k9h_A_1QU_401 mode=smiles
🔬 Step 11 item 118/623 done 4k9h_A_1QU_401 sdf=written mapped=44 all_atoms=44 dt=0.1s
⏳ Step 11 progress: 118/623
🔬 Step 11 item 119/623 start 4k9h_B_1QU_401
🖼️ Step 11 SVG ready 4k9h_B_1QU_401 mode=smiles
🔬 Step 11 item 119/623 done 4k9h_B_1QU_401 sdf=written mapped=44 all_atoms=44 dt=0.1s
⏳ Step 11 progress: 119/623
🔬 Step 11 item 120/623 start 4k9h_C_1QU_401
🖼️ Step 11 SVG ready 4k9h_C_1QU_401 mode=smiles
🔬 Step 11 item 120/623 done 4k9h_C_1QU_401 sdf=written mapped=44 all_atoms=44 dt=0.1s
⏳ Step 11 progress: 120/623
🔬 Step 11 item 121/623 start 4ke1_A_1R6_404
🖼️ Step 11 SVG ready 4ke1_A_1R6_404 mode=smiles
🔬 Step 11 item 121/623 done 4ke1_A_1R6_404 sdf=written mapped=41 all_atoms=41 dt=0.1s
⏳ Step 11 progress: 121/623
🔬 Step 11 item 122/623 start 4ke0_A_1R8_501
🖼️ Step 11 SVG ready 4ke0_A_1R8_501 mode=smiles
🔬 Step 11 item 122/623 done 4ke0_A_1R8_501 sdf=written mapped=36 all_atoms=36 dt=0.1s
⏳ Step 11 progress: 122/623
🔬 Step 11 item 123/623 start 4ke0_B_1R8_501
🖼️ Step 11 SVG ready 4ke0_B_1R8_501 mode=smiles
🔬 Step 11 item 123/623 done 4ke0_B_1R8_501 sdf=written mapped=36 all_atoms=36 dt=0.1s
⏳ Step 11 progress: 123/623
🔬 Step 11 item 124/623 start 4ke0_C_1R8_501
🖼️ Step 11 SVG ready 4ke0_C_1R8_501 mode=smiles
🔬 Step 11 item 124/623 done 4ke0_C_1R8_501 sdf=written mapped=36 all_atoms=36 dt=0.1s
⏳ Step 11 progress: 124/623
🔬 Step 11 item 125/623 start 2ohk_A_1SQ_390
⚠️ Step 11 item skipped: 125/623 2ohk_A_1SQ_390 stage=BUILD_ROWS reason=ITEM_FAILED
🖼️ Step 11 SVG ready 2ohk_A_1SQ_390 mode=smiles
🔬 Step 11 item 125/623 done 2ohk_A_1SQ_390 sdf=written mapped=11 all_atoms=19 dt=0.1s
⏳ Step 11 progress: 125/623
🔬 Step 11 item 126/623 start 4l7g_A_1W0_501
🖼️ Step 11 SVG ready 4l7g_A_1W0_501 mode=smiles
🔬 Step 11 item 126/623 done 4l7g_A_1W0_501 sdf=written mapped=22 all_atoms=22 dt=0.1s
⏳ Step 11 progress: 126/623
🔬 Step 11 item 127/623 start 4l7h_A_1W1_501
[08:09:34] WARNING: could not find number of expected rings. Switching to an approximate ring finding algorithm.
⚠️ Step 11 item skipped: 127/623 4l7h_A_1W1_501 stage=BUILD_ROWS reason=ITEM_FAILED
🖼️ Step 11 SVG ready 4l7h_A_1W1_501 mode=smiles
🔬 Step 11 item 127/623 done 4l7h_A_1W1_501 sdf=written mapped=26 all_atoms=52 dt=0.1s
⏳ Step 11 progress: 127/623
🔬 Step 11 item 128/623 start 4l7j_A_1W2_501
🖼️ Step 11 SVG ready 4l7j_A_1W2_501 mode=smiles
🔬 Step 11 item 128/623 done 4l7j_A_1W2_501 sdf=written mapped=26 all_atoms=26 dt=0.1s
⏳ Step 11 progress: 128/623
🔬 Step 11 item 129/623 start 4lc7_A_1WP_502
🖼️ Step 11 SVG ready 4lc7_A_1WP_502 mode=smiles
🔬 Step 11 item 129/623 done 4lc7_A_1WP_502 sdf=written mapped=23 all_atoms=23 dt=0.1s
⏳ Step 11 progress: 129/623
🔬 Step 11 item 130/623 start 4lxa_A_1YS_501
🖼️ Step 11 SVG ready 4lxa_A_1YS_501 mode=smiles
🔬 Step 11 item 130/623 done 4lxa_A_1YS_501 sdf=written mapped=39 all_atoms=39 dt=0.1s
⏳ Step 11 progress: 130/623
🔬 Step 11 item 131/623 start 4lxa_C_1YS_501
🖼️ Step 11 SVG ready 4lxa_C_1YS_501 mode=smiles
🔬 Step 11 item 131/623 done 4lxa_C_1YS_501 sdf=written mapped=39 all_atoms=39 dt=0.1s
⏳ Step 11 progress: 131/623
🔬 Step 11 item 132/623 start 4lxa_B_1YS_502
🖼️ Step 11 SVG ready 4lxa_B_1YS_502 mode=smiles
🔬 Step 11 item 132/623 done 4lxa_B_1YS_502 sdf=written mapped=39 all_atoms=39 dt=0.1s
⏳ Step 11 progress: 132/623
🔬 Step 11 item 133/623 start 4lxk_A_1YT_501
[08:09:35] [mem] running 11_mcsMatcher.py parent=94.6MB child_tree=135.2MB combined=229.8MB
🖼️ Step 11 SVG ready 4lxk_A_1YT_501 mode=smiles
🔬 Step 11 item 133/623 done 4lxk_A_1YT_501 sdf=written mapped=38 all_atoms=38 dt=0.1s
⏳ Step 11 progress: 133/623
🔬 Step 11 item 134/623 start 4lxk_C_1YT_501
🖼️ Step 11 SVG ready 4lxk_C_1YT_501 mode=smiles
🔬 Step 11 item 134/623 done 4lxk_C_1YT_501 sdf=written mapped=38 all_atoms=38 dt=0.1s
⏳ Step 11 progress: 134/623
🔬 Step 11 item 135/623 start 4lxk_B_1YT_502
🖼️ Step 11 SVG ready 4lxk_B_1YT_502 mode=smiles
🔬 Step 11 item 135/623 done 4lxk_B_1YT_502 sdf=written mapped=38 all_atoms=38 dt=0.1s
⏳ Step 11 progress: 135/623
🔬 Step 11 item 136/623 start 4lxm_A_1YU_501
🖼️ Step 11 SVG ready 4lxm_A_1YU_501 mode=smiles
🔬 Step 11 item 136/623 done 4lxm_A_1YU_501 sdf=written mapped=39 all_atoms=39 dt=0.1s
⏳ Step 11 progress: 136/623
🔬 Step 11 item 137/623 start 4lxm_B_1YU_501
🖼️ Step 11 SVG ready 4lxm_B_1YU_501 mode=smiles
🔬 Step 11 item 137/623 done 4lxm_B_1YU_501 sdf=written mapped=39 all_atoms=39 dt=0.1s
⏳ Step 11 progress: 137/623
🔬 Step 11 item 138/623 start 4lxm_C_1YU_501
🖼️ Step 11 SVG ready 4lxm_C_1YU_501 mode=smiles
🔬 Step 11 item 138/623 done 4lxm_C_1YU_501 sdf=written mapped=39 all_atoms=39 dt=0.1s
⏳ Step 11 progress: 138/623
🔬 Step 11 item 139/623 start 2p4j_A_23I_501
🖼️ Step 11 SVG ready 2p4j_A_23I_501 mode=smiles
🔬 Step 11 item 139/623 done 2p4j_A_23I_501 sdf=written mapped=49 all_atoms=49 dt=0.1s
⏳ Step 11 progress: 139/623
🔬 Step 11 item 140/623 start 2p4j_B_23I_502
🖼️ Step 11 SVG ready 2p4j_B_23I_502 mode=smiles
🔬 Step 11 item 140/623 done 2p4j_B_23I_502 sdf=written mapped=49 all_atoms=49 dt=0.1s
⏳ Step 11 progress: 140/623
🔬 Step 11 item 141/623 start 2p4j_C_23I_503
🖼️ Step 11 SVG ready 2p4j_C_23I_503 mode=smiles
🔬 Step 11 item 141/623 done 2p4j_C_23I_503 sdf=written mapped=49 all_atoms=49 dt=0.1s
⏳ Step 11 progress: 141/623
🔬 Step 11 item 142/623 start 2p4j_D_23I_504
🖼️ Step 11 SVG ready 2p4j_D_23I_504 mode=smiles
🔬 Step 11 item 142/623 done 2p4j_D_23I_504 sdf=written mapped=49 all_atoms=49 dt=0.1s
⏳ Step 11 progress: 142/623
🔬 Step 11 item 143/623 start 2qu2_A_251_1
⚠️ Step 11 item skipped: 143/623 2qu2_A_251_1 stage=BUILD_ROWS reason=ITEM_FAILED
🖼️ Step 11 SVG ready 2qu2_A_251_1 mode=smiles
🔬 Step 11 item 143/623 done 2qu2_A_251_1 sdf=written mapped=24 all_atoms=24 dt=0.1s
⏳ Step 11 progress: 143/623
🔬 Step 11 item 144/623 start 2ohl_A_2AQ_390
⚠️ Step 11 item skipped: 144/623 2ohl_A_2AQ_390 stage=BUILD_ROWS reason=ITEM_FAILED
🖼️ Step 11 SVG ready 2ohl_A_2AQ_390 mode=smiles
🔬 Step 11 item 144/623 done 2ohl_A_2AQ_390 sdf=written mapped=11 all_atoms=19 dt=0.1s
⏳ Step 11 progress: 144/623
🔬 Step 11 item 145/623 start 4n00_A_2EX_502
🖼️ Step 11 SVG ready 4n00_A_2EX_502 mode=smiles
🔬 Step 11 item 145/623 done 4n00_A_2EX_502 sdf=written mapped=28 all_atoms=28 dt=0.1s
⏳ Step 11 progress: 145/623
🔬 Step 11 item 146/623 start 4b72_A_2FB_1503
🖼️ Step 11 SVG ready 4b72_A_2FB_1503 mode=smiles
🔬 Step 11 item 146/623 done 4b72_A_2FB_1503 sdf=written mapped=30 all_atoms=30 dt=0.1s
⏳ Step 11 progress: 146/623
🔬 Step 11 item 147/623 start 3ivi_A_2LI_1
🖼️ Step 11 SVG ready 3ivi_A_2LI_1 mode=smiles
🔬 Step 11 item 147/623 done 3ivi_A_2LI_1 sdf=written mapped=37 all_atoms=37 dt=0.1s
⏳ Step 11 progress: 147/623
🔬 Step 11 item 148/623 start 3ivi_B_2LI_2
🖼️ Step 11 SVG ready 3ivi_B_2LI_2 mode=smiles
🔬 Step 11 item 148/623 done 3ivi_B_2LI_2 sdf=written mapped=37 all_atoms=37 dt=0.1s
⏳ Step 11 progress: 148/623
🔬 Step 11 item 149/623 start 3ivi_C_2LI_3
🖼️ Step 11 SVG ready 3ivi_C_2LI_3 mode=smiles
🔬 Step 11 item 149/623 done 3ivi_C_2LI_3 sdf=written mapped=37 all_atoms=37 dt=0.1s
⏳ Step 11 progress: 149/623
🔬 Step 11 item 150/623 start 4pzw_A_2X4_502
🖼️ Step 11 SVG ready 4pzw_A_2X4_502 mode=smiles
🔬 Step 11 item 150/623 done 4pzw_A_2X4_502 sdf=written mapped=26 all_atoms=26 dt=0.1s
⏳ Step 11 progress: 150/623
🔬 Step 11 item 151/623 start 4pzx_A_2X5_502
🖼️ Step 11 SVG ready 4pzx_A_2X5_502 mode=smiles
🔬 Step 11 item 151/623 done 4pzx_A_2X5_502 sdf=written mapped=26 all_atoms=26 dt=0.1s
⏳ Step 11 progress: 151/623
🔬 Step 11 item 152/623 start 2zdz_A_310_1
⚠️ Step 11 item skipped: 152/623 2zdz_A_310_1 stage=BUILD_ROWS reason=ITEM_FAILED
🖼️ Step 11 SVG ready 2zdz_A_310_1 mode=smiles
🔬 Step 11 item 152/623 done 2zdz_A_310_1 sdf=written mapped=35 all_atoms=35 dt=0.1s
⏳ Step 11 progress: 152/623
🔬 Step 11 item 153/623 start 3cib_A_314_501
🖼️ Step 11 SVG ready 3cib_A_314_501 mode=smiles
🔬 Step 11 item 153/623 done 3cib_A_314_501 sdf=written mapped=44 all_atoms=44 dt=0.1s
⏳ Step 11 progress: 153/623
🔬 Step 11 item 154/623 start 3cib_B_314_501
🖼️ Step 11 SVG ready 3cib_B_314_501 mode=smiles
🔬 Step 11 item 154/623 done 3cib_B_314_501 sdf=written mapped=44 all_atoms=44 dt=0.1s
⏳ Step 11 progress: 154/623
🔬 Step 11 item 155/623 start 3cic_A_316_501
🖼️ Step 11 SVG ready 3cic_A_316_501 mode=smiles
🔬 Step 11 item 155/623 done 3cic_A_316_501 sdf=written mapped=45 all_atoms=45 dt=0.1s
⏳ Step 11 progress: 155/623
🔬 Step 11 item 156/623 start 3cic_B_316_501
🖼️ Step 11 SVG ready 3cic_B_316_501 mode=smiles
🔬 Step 11 item 156/623 done 3cic_B_316_501 sdf=written mapped=45 all_atoms=45 dt=0.1s
⏳ Step 11 progress: 156/623
🔬 Step 11 item 157/623 start 3cid_A_318_501
🖼️ Step 11 SVG ready 3cid_A_318_501 mode=smiles
🔬 Step 11 item 157/623 done 3cid_A_318_501 sdf=written mapped=44 all_atoms=44 dt=0.1s
⏳ Step 11 progress: 157/623
🔬 Step 11 item 158/623 start 3cid_B_318_501
🖼️ Step 11 SVG ready 3cid_B_318_501 mode=smiles
🔬 Step 11 item 158/623 done 3cid_B_318_501 sdf=written mapped=44 all_atoms=44 dt=0.1s
⏳ Step 11 progress: 158/623
🔬 Step 11 item 159/623 start 4b05_A_32D_1391
🖼️ Step 11 SVG ready 4b05_A_32D_1391 mode=smiles
🔬 Step 11 item 159/623 done 4b05_A_32D_1391 sdf=written mapped=32 all_atoms=32 dt=0.1s
⏳ Step 11 progress: 159/623
🔬 Step 11 item 160/623 start 1tqf_A_32P_401
🖼️ Step 11 SVG ready 1tqf_A_32P_401 mode=smiles
🔬 Step 11 item 160/623 done 1tqf_A_32P_401 sdf=written mapped=40 all_atoms=40 dt=0.1s
⏳ Step 11 progress: 160/623
🔬 Step 11 item 161/623 start 2ph8_A_35A_388
🖼️ Step 11 SVG ready 2ph8_A_35A_388 mode=smiles
🔬 Step 11 item 161/623 done 2ph8_A_35A_388 sdf=written mapped=32 all_atoms=32 dt=0.1s
⏳ Step 11 progress: 161/623
🔬 Step 11 item 162/623 start 2b8v_A_3BN_1001
🖼️ Step 11 SVG ready 2b8v_A_3BN_1001 mode=smiles
🔬 Step 11 item 162/623 done 2b8v_A_3BN_1001 sdf=written mapped=38 all_atoms=38 dt=0.1s
⏳ Step 11 progress: 162/623
🔬 Step 11 item 163/623 start 4r5n_A_3J9_502
🖼️ Step 11 SVG ready 4r5n_A_3J9_502 mode=smiles
🔬 Step 11 item 163/623 done 4r5n_A_3J9_502 sdf=written mapped=27 all_atoms=27 dt=0.1s
⏳ Step 11 progress: 163/623
🔬 Step 11 item 164/623 start 4r8y_A_3KO_501
⚠️ Step 11 item skipped: 164/623 4r8y_A_3KO_501 stage=BUILD_ROWS reason=ITEM_FAILED
🖼️ Step 11 SVG ready 4r8y_A_3KO_501 mode=smiles
🔬 Step 11 item 164/623 done 4r8y_A_3KO_501 sdf=written mapped=30 all_atoms=30 dt=0.1s
⏳ Step 11 progress: 164/623
🔬 Step 11 item 165/623 start 4r8y_B_3KO_502
⚠️ Step 11 item skipped: 165/623 4r8y_B_3KO_502 stage=BUILD_ROWS reason=ITEM_FAILED
🖼️ Step 11 SVG ready 4r8y_B_3KO_502 mode=smiles
🔬 Step 11 item 165/623 done 4r8y_B_3KO_502 sdf=written mapped=30 all_atoms=30 dt=0.1s
⏳ Step 11 progress: 165/623
🔬 Step 11 item 166/623 start 4r91_A_3KT_502
⚠️ Step 11 item skipped: 166/623 4r91_A_3KT_502 stage=BUILD_ROWS reason=ITEM_FAILED
🖼️ Step 11 SVG ready 4r91_A_3KT_502 mode=smiles
🔬 Step 11 item 166/623 done 4r91_A_3KT_502 sdf=written mapped=29 all_atoms=29 dt=0.1s
⏳ Step 11 progress: 166/623
🔬 Step 11 item 167/623 start 4r91_B_3KT_502
⚠️ Step 11 item skipped: 167/623 4r91_B_3KT_502 stage=BUILD_ROWS reason=ITEM_FAILED
🖼️ Step 11 SVG ready 4r91_B_3KT_502 mode=smiles
🔬 Step 11 item 167/623 done 4r91_B_3KT_502 sdf=written mapped=29 all_atoms=29 dt=0.1s
⏳ Step 11 progress: 167/623
🔬 Step 11 item 168/623 start 4r92_A_3KU_501
⚠️ Step 11 item skipped: 168/623 4r92_A_3KU_501 stage=BUILD_ROWS reason=ITEM_FAILED
🖼️ Step 11 SVG ready 4r92_A_3KU_501 mode=smiles
🔬 Step 11 item 168/623 done 4r92_A_3KU_501 sdf=written mapped=32 all_atoms=32 dt=0.1s
⏳ Step 11 progress: 168/623
🔬 Step 11 item 169/623 start 4r92_B_3KU_503
⚠️ Step 11 item skipped: 169/623 4r92_B_3KU_503 stage=BUILD_ROWS reason=ITEM_FAILED
🖼️ Step 11 SVG ready 4r92_B_3KU_503 mode=smiles
🔬 Step 11 item 169/623 done 4r92_B_3KU_503 sdf=written mapped=32 all_atoms=32 dt=0.1s
⏳ Step 11 progress: 169/623
🔬 Step 11 item 170/623 start 4r95_B_3KW_502
⚠️ Step 11 item skipped: 170/623 4r95_B_3KW_502 stage=BUILD_ROWS reason=ITEM_FAILED
🖼️ Step 11 SVG ready 4r95_B_3KW_502 mode=smiles
🔬 Step 11 item 170/623 done 4r95_B_3KW_502 sdf=written mapped=34 all_atoms=34 dt=0.1s
⏳ Step 11 progress: 170/623
🔬 Step 11 item 171/623 start 4r95_A_3KW_503
⚠️ Step 11 item skipped: 171/623 4r95_A_3KW_503 stage=BUILD_ROWS reason=ITEM_FAILED
🖼️ Step 11 SVG ready 4r95_A_3KW_503 mode=smiles
🔬 Step 11 item 171/623 done 4r95_A_3KW_503 sdf=written mapped=34 all_atoms=34 dt=0.1s
⏳ Step 11 progress: 171/623
🔬 Step 11 item 172/623 start 4rcd_A_3LL_501
🖼️ Step 11 SVG ready 4rcd_A_3LL_501 mode=smiles
🔬 Step 11 item 172/623 done 4rcd_A_3LL_501 sdf=written mapped=33 all_atoms=33 dt=0.1s
⏳ Step 11 progress: 172/623
🔬 Step 11 item 173/623 start 4rce_A_3LN_501
🖼️ Step 11 SVG ready 4rce_A_3LN_501 mode=smiles
🔬 Step 11 item 173/623 done 4rce_A_3LN_501 sdf=written mapped=31 all_atoms=31 dt=0.1s
⏳ Step 11 progress: 173/623
🔬 Step 11 item 174/623 start 4rcf_A_3LO_404
🖼️ Step 11 SVG ready 4rcf_A_3LO_404 mode=smiles
🔬 Step 11 item 174/623 done 4rcf_A_3LO_404 sdf=written mapped=33 all_atoms=33 dt=0.1s
⏳ Step 11 progress: 174/623
🔬 Step 11 item 175/623 start 2q15_A_3MR_386
🖼️ Step 11 SVG ready 2q15_A_3MR_386 mode=smiles
🔬 Step 11 item 175/623 done 2q15_A_3MR_386 sdf=written mapped=37 all_atoms=37 dt=0.1s
⏳ Step 11 progress: 175/623
🔬 Step 11 item 176/623 start 3pi5_A_3P5_387
🖼️ Step 11 SVG ready 3pi5_A_3P5_387 mode=smiles
🔬 Step 11 item 176/623 done 3pi5_A_3P5_387 sdf=written mapped=29 all_atoms=29 dt=0.1s
⏳ Step 11 progress: 176/623
🔬 Step 11 item 177/623 start 3pi5_B_3P5_387
🖼️ Step 11 SVG ready 3pi5_B_3P5_387 mode=smiles
🔬 Step 11 item 177/623 done 3pi5_B_3P5_387 sdf=written mapped=29 all_atoms=29 dt=0.1s
⏳ Step 11 progress: 177/623
🔬 Step 11 item 178/623 start 3pi5_C_3P5_387
🖼️ Step 11 SVG ready 3pi5_C_3P5_387 mode=smiles
🔬 Step 11 item 178/623 done 3pi5_C_3P5_387 sdf=written mapped=29 all_atoms=29 dt=0.1s
⏳ Step 11 progress: 178/623
🔬 Step 11 item 179/623 start 3rsv_A_3RS_400
[08:09:41] [mem] running 11_mcsMatcher.py parent=94.6MB child_tree=135.2MB combined=229.8MB
🖼️ Step 11 SVG ready 3rsv_A_3RS_400 mode=smiles
🔬 Step 11 item 179/623 done 3rsv_A_3RS_400 sdf=written mapped=32 all_atoms=32 dt=0.1s
⏳ Step 11 progress: 179/623
🔬 Step 11 item 180/623 start 3ru1_A_3RU_398
[08:09:41] WARNING: could not find number of expected rings. Switching to an approximate ring finding algorithm.
⚠️ Step 11 item skipped: 180/623 3ru1_A_3RU_398 stage=BUILD_ROWS reason=ITEM_FAILED
🖼️ Step 11 SVG ready 3ru1_A_3RU_398 mode=smiles
🔬 Step 11 item 180/623 done 3ru1_A_3RU_398 sdf=written mapped=23 all_atoms=46 dt=0.1s
⏳ Step 11 progress: 180/623
🔬 Step 11 item 181/623 start 3kn0_A_3TO_501
🖼️ Step 11 SVG ready 3kn0_A_3TO_501 mode=smiles
🔬 Step 11 item 181/623 done 3kn0_A_3TO_501 sdf=written mapped=24 all_atoms=24 dt=0.1s
⏳ Step 11 progress: 181/623
🔬 Step 11 item 182/623 start 3kn0_B_3TO_501
🖼️ Step 11 SVG ready 3kn0_B_3TO_501 mode=smiles
🔬 Step 11 item 182/623 done 3kn0_B_3TO_501 sdf=written mapped=24 all_atoms=24 dt=0.1s
⏳ Step 11 progress: 182/623
🔬 Step 11 item 183/623 start 4wtu_A_3UT_407
🖼️ Step 11 SVG ready 4wtu_A_3UT_407 mode=smiles
🔬 Step 11 item 183/623 done 4wtu_A_3UT_407 sdf=written mapped=33 all_atoms=33 dt=0.1s
⏳ Step 11 progress: 183/623
🔬 Step 11 item 184/623 start 4rrn_A_3UW_502
🖼️ Step 11 SVG ready 4rrn_A_3UW_502 mode=smiles
🔬 Step 11 item 184/623 done 4rrn_A_3UW_502 sdf=written mapped=28 all_atoms=28 dt=0.1s
⏳ Step 11 progress: 184/623
🔬 Step 11 item 185/623 start 4rro_A_3UX_502
🖼️ Step 11 SVG ready 4rro_A_3UX_502 mode=smiles
🔬 Step 11 item 185/623 done 4rro_A_3UX_502 sdf=written mapped=29 all_atoms=29 dt=0.1s
⏳ Step 11 progress: 185/623
🔬 Step 11 item 186/623 start 4rrs_A_3UY_502
🖼️ Step 11 SVG ready 4rrs_A_3UY_502 mode=smiles
🔬 Step 11 item 186/623 done 4rrs_A_3UY_502 sdf=written mapped=27 all_atoms=27 dt=0.1s
⏳ Step 11 progress: 186/623
🔬 Step 11 item 187/623 start 4wy1_A_3VO_4000
🖼️ Step 11 SVG ready 4wy1_A_3VO_4000 mode=smiles
🔬 Step 11 item 187/623 done 4wy1_A_3VO_4000 sdf=written mapped=19 all_atoms=19 dt=0.1s
⏳ Step 11 progress: 187/623
🔬 Step 11 item 188/623 start 4wy6_A_3VP_401
⚠️ Step 11 item skipped: 188/623 4wy6_A_3VP_401 stage=BUILD_ROWS reason=ITEM_FAILED
🖼️ Step 11 SVG ready 4wy6_A_3VP_401 mode=smiles
🔬 Step 11 item 188/623 done 4wy6_A_3VP_401 sdf=written mapped=21 all_atoms=36 dt=0.1s
⏳ Step 11 progress: 188/623
🔬 Step 11 item 189/623 start 4x2l_A_3WP_401
⚠️ Step 11 item skipped: 189/623 4x2l_A_3WP_401 stage=BUILD_ROWS reason=ITEM_FAILED
🖼️ Step 11 SVG ready 4x2l_A_3WP_401 mode=smiles
🔬 Step 11 item 189/623 done 4x2l_A_3WP_401 sdf=written mapped=16 all_atoms=28 dt=0.1s
⏳ Step 11 progress: 189/623
🔬 Step 11 item 190/623 start 4x7i_A_3YS_401
🖼️ Step 11 SVG ready 4x7i_A_3YS_401 mode=smiles
🔬 Step 11 item 190/623 done 4x7i_A_3YS_401 sdf=written mapped=27 all_atoms=27 dt=0.1s
⏳ Step 11 progress: 190/623
🔬 Step 11 item 191/623 start 4x7i_B_3YS_401
🖼️ Step 11 SVG ready 4x7i_B_3YS_401 mode=smiles
🔬 Step 11 item 191/623 done 4x7i_B_3YS_401 sdf=written mapped=27 all_atoms=27 dt=0.1s
⏳ Step 11 progress: 191/623
🔬 Step 11 item 192/623 start 2ze1_A_411_1
⚠️ Step 11 item skipped: 192/623 2ze1_A_411_1 stage=BUILD_ROWS reason=ITEM_FAILED
🖼️ Step 11 SVG ready 2ze1_A_411_1 mode=smiles
🔬 Step 11 item 192/623 done 2ze1_A_411_1 sdf=written mapped=34 all_atoms=34 dt=0.1s
⏳ Step 11 progress: 192/623
🔬 Step 11 item 193/623 start 4xkx_A_43K_405
🖼️ Step 11 SVG ready 4xkx_A_43K_405 mode=smiles
🔬 Step 11 item 193/623 done 4xkx_A_43K_405 sdf=written mapped=33 all_atoms=33 dt=0.1s
⏳ Step 11 progress: 193/623
🔬 Step 11 item 194/623 start 3igb_A_454_1
🖼️ Step 11 SVG ready 3igb_A_454_1 mode=smiles
🔬 Step 11 item 194/623 done 3igb_A_454_1 sdf=written mapped=22 all_atoms=22 dt=0.1s
⏳ Step 11 progress: 194/623
🔬 Step 11 item 195/623 start 2qu3_A_462_1
⚠️ Step 11 item skipped: 195/623 2qu3_A_462_1 stage=BUILD_ROWS reason=ITEM_FAILED
🖼️ Step 11 SVG ready 2qu3_A_462_1 mode=smiles
🔬 Step 11 item 195/623 done 2qu3_A_462_1 sdf=written mapped=29 all_atoms=29 dt=0.1s
⏳ Step 11 progress: 195/623
🔬 Step 11 item 196/623 start 3in3_A_472_1
🖼️ Step 11 SVG ready 3in3_A_472_1 mode=smiles
🔬 Step 11 item 196/623 done 3in3_A_472_1 sdf=written mapped=26 all_atoms=26 dt=0.1s
⏳ Step 11 progress: 196/623
🔬 Step 11 item 197/623 start 4ybi_A_4B2_401
🖼️ Step 11 SVG ready 4ybi_A_4B2_401 mode=smiles
🔬 Step 11 item 197/623 done 4ybi_A_4B2_401 sdf=written mapped=22 all_atoms=22 dt=0.1s
⏳ Step 11 progress: 197/623
🔬 Step 11 item 198/623 start 4ybi_B_4B2_401
🖼️ Step 11 SVG ready 4ybi_B_4B2_401 mode=smiles
🔬 Step 11 item 198/623 done 4ybi_B_4B2_401 sdf=written mapped=22 all_atoms=22 dt=0.1s
⏳ Step 11 progress: 198/623
🔬 Step 11 item 199/623 start 2ohn_A_4FP_405
⚠️ Step 11 item skipped: 199/623 2ohn_A_4FP_405 stage=BUILD_ROWS reason=ITEM_FAILED
🖼️ Step 11 SVG ready 2ohn_A_4FP_405 mode=smiles
🔬 Step 11 item 199/623 done 2ohn_A_4FP_405 sdf=written mapped=14 all_atoms=31 dt=0.1s
⏳ Step 11 progress: 199/623
🔬 Step 11 item 200/623 start 4zpe_A_4QA_501
🖼️ Step 11 SVG ready 4zpe_A_4QA_501 mode=smiles
🔬 Step 11 item 200/623 done 4zpe_A_4QA_501 sdf=written mapped=36 all_atoms=36 dt=0.1s
⏳ Step 11 progress: 200/623
🔬 Step 11 item 201/623 start 4zpf_A_4QD_501
🖼️ Step 11 SVG ready 4zpf_A_4QD_501 mode=smiles
🔬 Step 11 item 201/623 done 4zpf_A_4QD_501 sdf=written mapped=37 all_atoms=37 dt=0.1s
⏳ Step 11 progress: 201/623
🔬 Step 11 item 202/623 start 4zpg_A_4QF_501
🖼️ Step 11 SVG ready 4zpg_A_4QF_501 mode=smiles
🔬 Step 11 item 202/623 done 4zpg_A_4QF_501 sdf=written mapped=33 all_atoms=33 dt=0.1s
⏳ Step 11 progress: 202/623
🔬 Step 11 item 203/623 start 4zsm_A_4RW_401
🖼️ Step 11 SVG ready 4zsm_A_4RW_401 mode=smiles
🔬 Step 11 item 203/623 done 4zsm_A_4RW_401 sdf=written mapped=11 all_atoms=11 dt=0.1s
⏳ Step 11 progress: 203/623
🔬 Step 11 item 204/623 start 4zsm_B_4RW_401
🖼️ Step 11 SVG ready 4zsm_B_4RW_401 mode=smiles
🔬 Step 11 item 204/623 done 4zsm_B_4RW_401 sdf=written mapped=11 all_atoms=11 dt=0.1s
⏳ Step 11 progress: 204/623
🔬 Step 11 item 205/623 start 4zsq_A_4RX_401
🖼️ Step 11 SVG ready 4zsq_A_4RX_401 mode=smiles
🔬 Step 11 item 205/623 done 4zsq_A_4RX_401 sdf=written mapped=24 all_atoms=24 dt=0.1s
⏳ Step 11 progress: 205/623
🔬 Step 11 item 206/623 start 4zsq_B_4RX_401
🖼️ Step 11 SVG ready 4zsq_B_4RX_401 mode=smiles
🔬 Step 11 item 206/623 done 4zsq_B_4RX_401 sdf=written mapped=24 all_atoms=24 dt=0.1s
⏳ Step 11 progress: 206/623
🔬 Step 11 item 207/623 start 4zsr_A_4RY_401
🖼️ Step 11 SVG ready 4zsr_A_4RY_401 mode=smiles
🔬 Step 11 item 207/623 done 4zsr_A_4RY_401 sdf=written mapped=24 all_atoms=24 dt=0.1s
⏳ Step 11 progress: 207/623
🔬 Step 11 item 208/623 start 4zsr_B_4RY_401
🖼️ Step 11 SVG ready 4zsr_B_4RY_401 mode=smiles
🔬 Step 11 item 208/623 done 4zsr_B_4RY_401 sdf=written mapped=24 all_atoms=24 dt=0.1s
⏳ Step 11 progress: 208/623
🔬 Step 11 item 209/623 start 4zsp_A_4RZ_401
🖼️ Step 11 SVG ready 4zsp_A_4RZ_401 mode=smiles
🔬 Step 11 item 209/623 done 4zsp_A_4RZ_401 sdf=written mapped=21 all_atoms=21 dt=0.1s
⏳ Step 11 progress: 209/623
🔬 Step 11 item 210/623 start 4zsp_B_4RZ_401
🖼️ Step 11 SVG ready 4zsp_B_4RZ_401 mode=smiles
🔬 Step 11 item 210/623 done 4zsp_B_4RZ_401 sdf=written mapped=21 all_atoms=21 dt=0.1s
⏳ Step 11 progress: 210/623
🔬 Step 11 item 211/623 start 3ufl_A_508_449
🖼️ Step 11 SVG ready 3ufl_A_508_449 mode=smiles
🔬 Step 11 item 211/623 done 3ufl_A_508_449 sdf=written mapped=34 all_atoms=34 dt=0.1s
⏳ Step 11 progress: 211/623
🔬 Step 11 item 212/623 start 5clm_A_52K_401
🖼️ Step 11 SVG ready 5clm_A_52K_401 mode=smiles
🔬 Step 11 item 212/623 done 5clm_A_52K_401 sdf=written mapped=24 all_atoms=24 dt=0.1s
⏳ Step 11 progress: 212/623
🔬 Step 11 item 213/623 start 3s7m_A_532_1
🖼️ Step 11 SVG ready 3s7m_A_532_1 mode=smiles
🔬 Step 11 item 213/623 done 3s7m_A_532_1 sdf=written mapped=25 all_atoms=25 dt=0.1s
⏳ Step 11 progress: 213/623
🔬 Step 11 item 214/623 start 4b77_A_54M_1504
🖼️ Step 11 SVG ready 4b77_A_54M_1504 mode=smiles
🔬 Step 11 item 214/623 done 4b77_A_54M_1504 sdf=written mapped=26 all_atoms=26 dt=0.1s
⏳ Step 11 progress: 214/623
🔬 Step 11 item 215/623 start 3inh_A_569_1
🖼️ Step 11 SVG ready 3inh_A_569_1 mode=smiles
🔬 Step 11 item 215/623 done 3inh_A_569_1 sdf=written mapped=32 all_atoms=32 dt=0.1s
⏳ Step 11 progress: 215/623
🔬 Step 11 item 216/623 start 3ixj_A_586_500
🖼️ Step 11 SVG ready 3ixj_A_586_500 mode=smiles
🔬 Step 11 item 216/623 done 3ixj_A_586_500 sdf=written mapped=60 all_atoms=60 dt=0.1s
⏳ Step 11 progress: 216/623
🔬 Step 11 item 217/623 start 3ixj_B_586_500
🖼️ Step 11 SVG ready 3ixj_B_586_500 mode=smiles
🔬 Step 11 item 217/623 done 3ixj_B_586_500 sdf=written mapped=60 all_atoms=60 dt=0.1s
⏳ Step 11 progress: 217/623
🔬 Step 11 item 218/623 start 3ixj_C_586_500
🖼️ Step 11 SVG ready 3ixj_C_586_500 mode=smiles
🔬 Step 11 item 218/623 done 3ixj_C_586_500 sdf=written mapped=60 all_atoms=60 dt=0.1s
⏳ Step 11 progress: 218/623
🔬 Step 11 item 219/623 start 3s7l_A_591_1
🖼️ Step 11 SVG ready 3s7l_A_591_1 mode=smiles
🔬 Step 11 item 219/623 done 3s7l_A_591_1 sdf=written mapped=27 all_atoms=27 dt=0.1s
⏳ Step 11 progress: 219/623
🔬 Step 11 item 220/623 start 3ind_A_593_1
🖼️ Step 11 SVG ready 3ind_A_593_1 mode=smiles
🔬 Step 11 item 220/623 done 3ind_A_593_1 sdf=written mapped=24 all_atoms=24 dt=0.1s
⏳ Step 11 progress: 220/623
🔬 Step 11 item 221/623 start 5dqc_A_5E7_401
🖼️ Step 11 SVG ready 5dqc_A_5E7_401 mode=smiles
🔬 Step 11 item 221/623 done 5dqc_A_5E7_401 sdf=written mapped=49 all_atoms=49 dt=0.1s
[08:09:46] [mem] running 11_mcsMatcher.py parent=94.6MB child_tree=135.3MB combined=229.9MB
⏳ Step 11 progress: 221/623
🔬 Step 11 item 222/623 start 5dqc_B_5E7_401
🖼️ Step 11 SVG ready 5dqc_B_5E7_401 mode=smiles
🔬 Step 11 item 222/623 done 5dqc_B_5E7_401 sdf=written mapped=49 all_atoms=49 dt=0.1s
⏳ Step 11 progress: 222/623
🔬 Step 11 item 223/623 start 5dqc_C_5E7_401
🖼️ Step 11 SVG ready 5dqc_C_5E7_401 mode=smiles
🔬 Step 11 item 223/623 done 5dqc_C_5E7_401 sdf=written mapped=49 all_atoms=49 dt=0.1s
⏳ Step 11 progress: 223/623
🔬 Step 11 item 224/623 start 2b8l_A_5HA_386
🖼️ Step 11 SVG ready 2b8l_A_5HA_386 mode=smiles
🔬 Step 11 item 224/623 done 2b8l_A_5HA_386 sdf=written mapped=41 all_atoms=41 dt=0.1s
⏳ Step 11 progress: 224/623
🔬 Step 11 item 225/623 start 3tpp_A_5HA_999
🖼️ Step 11 SVG ready 3tpp_A_5HA_999 mode=smiles
🔬 Step 11 item 225/623 done 3tpp_A_5HA_999 sdf=written mapped=41 all_atoms=41 dt=0.1s
⏳ Step 11 progress: 225/623
🔬 Step 11 item 226/623 start 3tpr_A_5HA_400
🖼️ Step 11 SVG ready 3tpr_A_5HA_400 mode=smiles
🔬 Step 11 item 226/623 done 3tpr_A_5HA_400 sdf=written mapped=41 all_atoms=41 dt=0.1s
⏳ Step 11 progress: 226/623
🔬 Step 11 item 227/623 start 3exo_A_5MS_453
🖼️ Step 11 SVG ready 3exo_A_5MS_453 mode=smiles
🔬 Step 11 item 227/623 done 3exo_A_5MS_453 sdf=written mapped=25 all_atoms=25 dt=0.1s
⏳ Step 11 progress: 227/623
🔬 Step 11 item 228/623 start 5ezx_A_5T5_501
🖼️ Step 11 SVG ready 5ezx_A_5T5_501 mode=smiles
🔬 Step 11 item 228/623 done 5ezx_A_5T5_501 sdf=written mapped=28 all_atoms=28 dt=0.1s
⏳ Step 11 progress: 228/623
🔬 Step 11 item 229/623 start 6dmi_A_5T5_504
[08:09:47] WARNING: could not find number of expected rings. Switching to an approximate ring finding algorithm.
⏱ Step 11 heartbeat: processed=228/623 current=6dmi_A_5T5_504 stage=MCS elapsed=40s item_elapsed=3s sdf_written=228 sdf_failed=0 svg_written=228 item_failures=53 last_done=5ezx_A_5T5_501
[08:09:52] [mem] running 11_mcsMatcher.py parent=94.6MB child_tree=226.2MB combined=320.8MB
[08:09:57] [mem] running 11_mcsMatcher.py parent=94.6MB child_tree=226.5MB combined=321.1MB
[08:10:02] [mem] running 11_mcsMatcher.py parent=94.6MB child_tree=226.5MB combined=321.1MB
[08:10:07] [mem] running 11_mcsMatcher.py parent=94.6MB child_tree=226.5MB combined=321.1MB
⏱ Step 11 heartbeat: processed=228/623 current=6dmi_A_5T5_504 stage=MCS elapsed=60s item_elapsed=23s sdf_written=228 sdf_failed=0 svg_written=228 item_failures=53 last_done=5ezx_A_5T5_501
[08:10:13] [mem] running 11_mcsMatcher.py parent=94.6MB child_tree=226.5MB combined=321.1MB
[08:10:18] [mem] running 11_mcsMatcher.py parent=94.6MB child_tree=226.5MB combined=321.1MB
[08:10:23] [mem] running 11_mcsMatcher.py parent=94.6MB child_tree=226.5MB combined=321.1MB
[08:10:28] [mem] running 11_mcsMatcher.py parent=94.6MB child_tree=226.5MB combined=321.1MB
⏱ Step 11 heartbeat: processed=228/623 current=6dmi_A_5T5_504 stage=MCS elapsed=80s item_elapsed=43s sdf_written=228 sdf_failed=0 svg_written=228 item_failures=53 last_done=5ezx_A_5T5_501
[08:10:34] [mem] running 11_mcsMatcher.py parent=94.6MB child_tree=226.5MB combined=321.1MB
[08:10:39] [mem] running 11_mcsMatcher.py parent=94.6MB child_tree=226.5MB combined=321.1MB
[08:10:44] [mem] running 11_mcsMatcher.py parent=94.6MB child_tree=226.5MB combined=321.1MB
⚠️ Step 11 item skipped: 229/623 6dmi_A_5T5_504 stage=MCS reason=ITEM_TIMEOUT timeout=60s
🔬 Step 11 item 229/623 done 6dmi_A_5T5_504 sdf=failed mapped=0 all_atoms=0 dt=60.1s
⏳ Step 11 progress: 229/623
🔬 Step 11 item 230/623 start 5ezz_A_5T6_501
🖼️ Step 11 SVG ready 5ezz_A_5T6_501 mode=smiles
🔬 Step 11 item 230/623 done 5ezz_A_5T6_501 sdf=written mapped=30 all_atoms=30 dt=0.1s
⏳ Step 11 progress: 230/623
🔬 Step 11 item 231/623 start 5f01_A_5T7_504
🖼️ Step 11 SVG ready 5f01_A_5T7_504 mode=smiles
🔬 Step 11 item 231/623 done 5f01_A_5T7_504 sdf=written mapped=27 all_atoms=27 dt=0.1s
⏳ Step 11 progress: 231/623
🔬 Step 11 item 232/623 start 5f00_A_5T8_504
🖼️ Step 11 SVG ready 5f00_A_5T8_504 mode=smiles
🔬 Step 11 item 232/623 done 5f00_A_5T8_504 sdf=written mapped=26 all_atoms=26 dt=0.1s
⏳ Step 11 progress: 232/623
🔬 Step 11 item 233/623 start 5he5_A_60S_502
⚠️ Step 11 item skipped: 233/623 5he5_A_60S_502 stage=BUILD_ROWS reason=ITEM_FAILED
🖼️ Step 11 SVG ready 5he5_A_60S_502 mode=smiles
🔬 Step 11 item 233/623 done 5he5_A_60S_502 sdf=written mapped=29 all_atoms=29 dt=0.1s
⏳ Step 11 progress: 233/623
🔬 Step 11 item 234/623 start 5he5_B_60S_502
⚠️ Step 11 item skipped: 234/623 5he5_B_60S_502 stage=BUILD_ROWS reason=ITEM_FAILED
🖼️ Step 11 SVG ready 5he5_B_60S_502 mode=smiles
🔬 Step 11 item 234/623 done 5he5_B_60S_502 sdf=written mapped=29 all_atoms=29 dt=0.1s
⏳ Step 11 progress: 234/623
🔬 Step 11 item 235/623 start 5he4_A_60T_501
⚠️ Step 11 item skipped: 235/623 5he4_A_60T_501 stage=BUILD_ROWS reason=ITEM_FAILED
🖼️ Step 11 SVG ready 5he4_A_60T_501 mode=smiles
🔬 Step 11 item 235/623 done 5he4_A_60T_501 sdf=written mapped=30 all_atoms=30 dt=0.1s
⏳ Step 11 progress: 235/623
🔬 Step 11 item 236/623 start 5he4_B_60T_502
⚠️ Step 11 item skipped: 236/623 5he4_B_60T_502 stage=BUILD_ROWS reason=ITEM_FAILED
🖼️ Step 11 SVG ready 5he4_B_60T_502 mode=smiles
🔬 Step 11 item 236/623 done 5he4_B_60T_502 sdf=written mapped=30 all_atoms=30 dt=0.1s
⏳ Step 11 progress: 236/623
🔬 Step 11 item 237/623 start 5hdx_A_60U_501
⚠️ Step 11 item skipped: 237/623 5hdx_A_60U_501 stage=BUILD_ROWS reason=ITEM_FAILED
🖼️ Step 11 SVG ready 5hdx_A_60U_501 mode=smiles
🔬 Step 11 item 237/623 done 5hdx_A_60U_501 sdf=written mapped=30 all_atoms=30 dt=0.1s
⏳ Step 11 progress: 237/623
🔬 Step 11 item 238/623 start 5hdx_B_60U_501
⚠️ Step 11 item skipped: 238/623 5hdx_B_60U_501 stage=BUILD_ROWS reason=ITEM_FAILED
🖼️ Step 11 SVG ready 5hdx_B_60U_501 mode=smiles
🔬 Step 11 item 238/623 done 5hdx_B_60U_501 sdf=written mapped=30 all_atoms=30 dt=0.1s
⏳ Step 11 progress: 238/623
🔬 Step 11 item 239/623 start 5hdv_A_60V_501
⚠️ Step 11 item skipped: 239/623 5hdv_A_60V_501 stage=BUILD_ROWS reason=ITEM_FAILED
🖼️ Step 11 SVG ready 5hdv_A_60V_501 mode=smiles
🔬 Step 11 item 239/623 done 5hdv_A_60V_501 sdf=written mapped=29 all_atoms=29 dt=0.1s
⏳ Step 11 progress: 239/623
🔬 Step 11 item 240/623 start 5hdv_B_60V_502
⚠️ Step 11 item skipped: 240/623 5hdv_B_60V_502 stage=BUILD_ROWS reason=ITEM_FAILED
🖼️ Step 11 SVG ready 5hdv_B_60V_502 mode=smiles
🔬 Step 11 item 240/623 done 5hdv_B_60V_502 sdf=written mapped=29 all_atoms=29 dt=0.1s
⏳ Step 11 progress: 240/623
🔬 Step 11 item 241/623 start 5hdu_A_60W_502
⚠️ Step 11 item skipped: 241/623 5hdu_A_60W_502 stage=BUILD_ROWS reason=ITEM_FAILED
🖼️ Step 11 SVG ready 5hdu_A_60W_502 mode=smiles
🔬 Step 11 item 241/623 done 5hdu_A_60W_502 sdf=written mapped=34 all_atoms=34 dt=0.1s
⏳ Step 11 progress: 241/623
🔬 Step 11 item 242/623 start 5hdu_B_60W_502
⚠️ Step 11 item skipped: 242/623 5hdu_B_60W_502 stage=BUILD_ROWS reason=ITEM_FAILED
🖼️ Step 11 SVG ready 5hdu_B_60W_502 mode=smiles
🔬 Step 11 item 242/623 done 5hdu_B_60W_502 sdf=written mapped=34 all_atoms=34 dt=0.1s
⏳ Step 11 progress: 242/623
🔬 Step 11 item 243/623 start 5he7_A_60X_501
⚠️ Step 11 item skipped: 243/623 5he7_A_60X_501 stage=BUILD_ROWS reason=ITEM_FAILED
🖼️ Step 11 SVG ready 5he7_A_60X_501 mode=smiles
🔬 Step 11 item 243/623 done 5he7_A_60X_501 sdf=written mapped=30 all_atoms=30 dt=0.1s
⏳ Step 11 progress: 243/623
🔬 Step 11 item 244/623 start 5he7_B_60X_501
⚠️ Step 11 item skipped: 244/623 5he7_B_60X_501 stage=BUILD_ROWS reason=ITEM_FAILED
🖼️ Step 11 SVG ready 5he7_B_60X_501 mode=smiles
🔬 Step 11 item 244/623 done 5he7_B_60X_501 sdf=written mapped=30 all_atoms=30 dt=0.1s
⏳ Step 11 progress: 244/623
🔬 Step 11 item 245/623 start 5hd0_A_60Y_502
⚠️ Step 11 item skipped: 245/623 5hd0_A_60Y_502 stage=BUILD_ROWS reason=ITEM_FAILED
🖼️ Step 11 SVG ready 5hd0_A_60Y_502 mode=smiles
🔬 Step 11 item 245/623 done 5hd0_A_60Y_502 sdf=written mapped=32 all_atoms=32 dt=0.1s
⏳ Step 11 progress: 245/623
🔬 Step 11 item 246/623 start 5hd0_B_60Y_502
⚠️ Step 11 item skipped: 246/623 5hd0_B_60Y_502 stage=BUILD_ROWS reason=ITEM_FAILED
🖼️ Step 11 SVG ready 5hd0_B_60Y_502 mode=smiles
🔬 Step 11 item 246/623 done 5hd0_B_60Y_502 sdf=written mapped=32 all_atoms=32 dt=0.1s
⏳ Step 11 progress: 246/623
🔬 Step 11 item 247/623 start 3l3a_A_625_1
[08:10:49] [mem] running 11_mcsMatcher.py parent=94.7MB child_tree=135.3MB combined=230.0MB
🖼️ Step 11 SVG ready 3l3a_A_625_1 mode=smiles
🔬 Step 11 item 247/623 done 3l3a_A_625_1 sdf=written mapped=32 all_atoms=32 dt=0.1s
⏳ Step 11 progress: 247/623
🔬 Step 11 item 248/623 start 5hu1_A_66F_501
🖼️ Step 11 SVG ready 5hu1_A_66F_501 mode=smiles
🔬 Step 11 item 248/623 done 5hu1_A_66F_501 sdf=written mapped=28 all_atoms=28 dt=0.1s
⏳ Step 11 progress: 248/623
🔬 Step 11 item 249/623 start 5hu1_B_66F_501
🖼️ Step 11 SVG ready 5hu1_B_66F_501 mode=smiles
🔬 Step 11 item 249/623 done 5hu1_B_66F_501 sdf=written mapped=28 all_atoms=28 dt=0.1s
⏳ Step 11 progress: 249/623
🔬 Step 11 item 250/623 start 7d2v_A_66F_506
🖼️ Step 11 SVG ready 7d2v_A_66F_506 mode=smiles
🔬 Step 11 item 250/623 done 7d2v_A_66F_506 sdf=written mapped=28 all_atoms=28 dt=0.1s
⏳ Step 11 progress: 250/623
🔬 Step 11 item 251/623 start 5hu0_A_66H_502
⚠️ Step 11 item skipped: 251/623 5hu0_A_66H_502 stage=BUILD_ROWS reason=ITEM_FAILED
🖼️ Step 11 SVG ready 5hu0_A_66H_502 mode=smiles
🔬 Step 11 item 251/623 done 5hu0_A_66H_502 sdf=written mapped=28 all_atoms=28 dt=0.1s
⏳ Step 11 progress: 251/623
🔬 Step 11 item 252/623 start 5hu0_B_66H_502
⚠️ Step 11 item skipped: 252/623 5hu0_B_66H_502 stage=BUILD_ROWS reason=ITEM_FAILED
🖼️ Step 11 SVG ready 5hu0_B_66H_502 mode=smiles
🔬 Step 11 item 252/623 done 5hu0_B_66H_502 sdf=written mapped=28 all_atoms=28 dt=0.1s
⏳ Step 11 progress: 252/623
🔬 Step 11 item 253/623 start 5htz_A_66J_501
⚠️ Step 11 item skipped: 253/623 5htz_A_66J_501 stage=BUILD_ROWS reason=ITEM_FAILED
🖼️ Step 11 SVG ready 5htz_A_66J_501 mode=smiles
🔬 Step 11 item 253/623 done 5htz_A_66J_501 sdf=written mapped=26 all_atoms=26 dt=0.1s
⏳ Step 11 progress: 253/623
🔬 Step 11 item 254/623 start 5htz_B_66J_501
⚠️ Step 11 item skipped: 254/623 5htz_B_66J_501 stage=BUILD_ROWS reason=ITEM_FAILED
🖼️ Step 11 SVG ready 5htz_B_66J_501 mode=smiles
🔬 Step 11 item 254/623 done 5htz_B_66J_501 sdf=written mapped=26 all_atoms=26 dt=0.1s
⏳ Step 11 progress: 254/623
🔬 Step 11 item 255/623 start 5i3x_A_68J_401
⏱ Step 11 heartbeat: processed=254/623 current=5i3x_A_68J_401 stage=ITEM_START elapsed=100s item_elapsed=0s sdf_written=253 sdf_failed=1 svg_written=253 item_failures=72 last_done=5htz_B_66J_501
🖼️ Step 11 SVG ready 5i3x_A_68J_401 mode=smiles
🔬 Step 11 item 255/623 done 5i3x_A_68J_401 sdf=written mapped=44 all_atoms=44 dt=0.1s
⏳ Step 11 progress: 255/623
🔬 Step 11 item 256/623 start 5i3y_A_68K_401
🖼️ Step 11 SVG ready 5i3y_A_68K_401 mode=smiles
🔬 Step 11 item 256/623 done 5i3y_A_68K_401 sdf=written mapped=46 all_atoms=46 dt=0.1s
⏳ Step 11 progress: 256/623
🔬 Step 11 item 257/623 start 5i3w_A_68L_406
🖼️ Step 11 SVG ready 5i3w_A_68L_406 mode=smiles
🔬 Step 11 item 257/623 done 5i3w_A_68L_406 sdf=written mapped=35 all_atoms=35 dt=0.1s
⏳ Step 11 progress: 257/623
🔬 Step 11 item 258/623 start 5i3v_A_68M_404
🖼️ Step 11 SVG ready 5i3v_A_68M_404 mode=smiles
🔬 Step 11 item 258/623 done 5i3v_A_68M_404 sdf=written mapped=30 all_atoms=30 dt=0.1s
⏳ Step 11 progress: 258/623
🔬 Step 11 item 259/623 start 5ie1_A_6BS_407
🖼️ Step 11 SVG ready 5ie1_A_6BS_407 mode=smiles
🔬 Step 11 item 259/623 done 5ie1_A_6BS_407 sdf=written mapped=29 all_atoms=29 dt=0.1s
⏳ Step 11 progress: 259/623
🔬 Step 11 item 260/623 start 2ohp_A_6IP_389
⚠️ Step 11 item skipped: 260/623 2ohp_A_6IP_389 stage=BUILD_ROWS reason=ITEM_FAILED
🖼️ Step 11 SVG ready 2ohp_A_6IP_389 mode=smiles
🔬 Step 11 item 260/623 done 2ohp_A_6IP_389 sdf=written mapped=18 all_atoms=34 dt=0.1s
⏳ Step 11 progress: 260/623
🔬 Step 11 item 261/623 start 4b1e_A_6T6_1503
🖼️ Step 11 SVG ready 4b1e_A_6T6_1503 mode=smiles
🔬 Step 11 item 261/623 done 4b1e_A_6T6_1503 sdf=written mapped=25 all_atoms=25 dt=0.1s
⏳ Step 11 progress: 261/623
🔬 Step 11 item 262/623 start 4j0t_A_6T9_504
🖼️ Step 11 SVG ready 4j0t_A_6T9_504 mode=smiles
🔬 Step 11 item 262/623 done 4j0t_A_6T9_504 sdf=written mapped=29 all_atoms=29 dt=0.1s
⏳ Step 11 progress: 262/623
🔬 Step 11 item 263/623 start 4b1d_A_6TG_1505
🖼️ Step 11 SVG ready 4b1d_A_6TG_1505 mode=smiles
🔬 Step 11 item 263/623 done 4b1d_A_6TG_1505 sdf=written mapped=29 all_atoms=29 dt=0.1s
⏳ Step 11 progress: 263/623
🔬 Step 11 item 264/623 start 3zmg_A_6Z0_1448
⚠️ Step 11 item skipped: 264/623 3zmg_A_6Z0_1448 stage=BUILD_ROWS reason=ITEM_FAILED
🖼️ Step 11 SVG ready 3zmg_A_6Z0_1448 mode=smiles
🔬 Step 11 item 264/623 done 3zmg_A_6Z0_1448 sdf=written mapped=28 all_atoms=28 dt=0.1s
⏳ Step 11 progress: 264/623
🔬 Step 11 item 265/623 start 2ph6_A_712_401
🖼️ Step 11 SVG ready 2ph6_A_712_401 mode=smiles
🔬 Step 11 item 265/623 done 2ph6_A_712_401 sdf=written mapped=38 all_atoms=38 dt=0.1s
⏳ Step 11 progress: 265/623
🔬 Step 11 item 266/623 start 3lnk_A_74A_1
🖼️ Step 11 SVG ready 3lnk_A_74A_1 mode=smiles
🔬 Step 11 item 266/623 done 3lnk_A_74A_1 sdf=written mapped=45 all_atoms=45 dt=0.1s
⏳ Step 11 progress: 266/623
🔬 Step 11 item 267/623 start 3lnk_B_74A_2
🖼️ Step 11 SVG ready 3lnk_B_74A_2 mode=smiles
🔬 Step 11 item 267/623 done 3lnk_B_74A_2 sdf=written mapped=45 all_atoms=45 dt=0.1s
⏳ Step 11 progress: 267/623
🔬 Step 11 item 268/623 start 5t1w_A_74B_401
🖼️ Step 11 SVG ready 5t1w_A_74B_401 mode=smiles
🔬 Step 11 item 268/623 done 5t1w_A_74B_401 sdf=written mapped=28 all_atoms=28 dt=0.1s
⏳ Step 11 progress: 268/623
🔬 Step 11 item 269/623 start 3dm6_A_757_1000
🖼️ Step 11 SVG ready 3dm6_A_757_1000 mode=smiles
🔬 Step 11 item 269/623 done 3dm6_A_757_1000 sdf=written mapped=62 all_atoms=62 dt=0.1s
⏳ Step 11 progress: 269/623
🔬 Step 11 item 270/623 start 3dm6_B_757_1000
🖼️ Step 11 SVG ready 3dm6_B_757_1000 mode=smiles
🔬 Step 11 item 270/623 done 3dm6_B_757_1000 sdf=written mapped=62 all_atoms=62 dt=0.1s
⏳ Step 11 progress: 270/623
🔬 Step 11 item 271/623 start 3dm6_C_757_1000
🖼️ Step 11 SVG ready 3dm6_C_757_1000 mode=smiles
🔬 Step 11 item 271/623 done 3dm6_C_757_1000 sdf=written mapped=62 all_atoms=62 dt=0.1s
⏳ Step 11 progress: 271/623
🔬 Step 11 item 272/623 start 4r93_B_779_502
⚠️ Step 11 item skipped: 272/623 4r93_B_779_502 stage=BUILD_ROWS reason=ITEM_FAILED
🖼️ Step 11 SVG ready 4r93_B_779_502 mode=smiles
🔬 Step 11 item 272/623 done 4r93_B_779_502 sdf=written mapped=33 all_atoms=33 dt=0.1s
⏳ Step 11 progress: 272/623
🔬 Step 11 item 273/623 start 4r93_A_779_503
⚠️ Step 11 item skipped: 273/623 4r93_A_779_503 stage=BUILD_ROWS reason=ITEM_FAILED
🖼️ Step 11 SVG ready 4r93_A_779_503 mode=smiles
🔬 Step 11 item 273/623 done 4r93_A_779_503 sdf=written mapped=33 all_atoms=33 dt=0.1s
⏳ Step 11 progress: 273/623
🔬 Step 11 item 274/623 start 4azy_A_7F3_1507
🖼️ Step 11 SVG ready 4azy_A_7F3_1507 mode=smiles
🔬 Step 11 item 274/623 done 4azy_A_7F3_1507 sdf=written mapped=34 all_atoms=34 dt=0.1s
⏳ Step 11 progress: 274/623
🔬 Step 11 item 275/623 start 5tol_A_7H3_501
🖼️ Step 11 SVG ready 5tol_A_7H3_501 mode=smiles
🔬 Step 11 item 275/623 done 5tol_A_7H3_501 sdf=written mapped=27 all_atoms=27 dt=0.1s
⏳ Step 11 progress: 275/623
🔬 Step 11 item 276/623 start 2ohq_A_7IP_404
⚠️ Step 11 item skipped: 276/623 2ohq_A_7IP_404 stage=BUILD_ROWS reason=ITEM_FAILED
🖼️ Step 11 SVG ready 2ohq_A_7IP_404 mode=smiles
🔬 Step 11 item 276/623 done 2ohq_A_7IP_404 sdf=written mapped=23 all_atoms=44 dt=0.1s
⏳ Step 11 progress: 276/623
🔬 Step 11 item 277/623 start 3n4l_A_842_407
🖼️ Step 11 SVG ready 3n4l_A_842_407 mode=smiles
🔬 Step 11 item 277/623 done 3n4l_A_842_407 sdf=written mapped=35 all_atoms=35 dt=0.1s
⏳ Step 11 progress: 277/623
🔬 Step 11 item 278/623 start 3n4l_B_842_407
🖼️ Step 11 SVG ready 3n4l_B_842_407 mode=smiles
🔬 Step 11 item 278/623 done 3n4l_B_842_407 sdf=written mapped=35 all_atoms=35 dt=0.1s
⏳ Step 11 progress: 278/623
🔬 Step 11 item 279/623 start 3n4l_C_842_407
🖼️ Step 11 SVG ready 3n4l_C_842_407 mode=smiles
🔬 Step 11 item 279/623 done 3n4l_C_842_407 sdf=written mapped=35 all_atoms=35 dt=0.1s
⏳ Step 11 progress: 279/623
🔬 Step 11 item 280/623 start 4i0j_A_842_505
🖼️ Step 11 SVG ready 4i0j_A_842_505 mode=smiles
🔬 Step 11 item 280/623 done 4i0j_A_842_505 sdf=written mapped=35 all_atoms=35 dt=0.1s
⏳ Step 11 progress: 280/623
🔬 Step 11 item 281/623 start 3l38_A_879_1
🖼️ Step 11 SVG ready 3l38_A_879_1 mode=smiles
🔬 Step 11 item 281/623 done 3l38_A_879_1 sdf=written mapped=33 all_atoms=33 dt=0.1s
⏳ Step 11 progress: 281/623
🔬 Step 11 item 282/623 start 2ohm_A_8AP_389
🖼️ Step 11 SVG ready 2ohm_A_8AP_389 mode=smiles
🔬 Step 11 item 282/623 done 2ohm_A_8AP_389 sdf=written mapped=15 all_atoms=15 dt=0.1s
⏳ Step 11 progress: 282/623
🔬 Step 11 item 283/623 start 2ohr_A_8IP_504
⚠️ Step 11 item skipped: 283/623 2ohr_A_8IP_504 stage=BUILD_ROWS reason=ITEM_FAILED
🖼️ Step 11 SVG ready 2ohr_A_8IP_504 mode=smiles
🔬 Step 11 item 283/623 done 2ohr_A_8IP_504 sdf=written mapped=21 all_atoms=37 dt=0.1s
⏳ Step 11 progress: 283/623
🔬 Step 11 item 284/623 start 5uyu_A_8QV_406
🖼️ Step 11 SVG ready 5uyu_A_8QV_406 mode=smiles
🔬 Step 11 item 284/623 done 5uyu_A_8QV_406 sdf=written mapped=34 all_atoms=34 dt=0.1s
⏳ Step 11 progress: 284/623
🔬 Step 11 item 285/623 start 4bfd_A_8T3_1447
🖼️ Step 11 SVG ready 4bfd_A_8T3_1447 mode=smiles
🔬 Step 11 item 285/623 done 4bfd_A_8T3_1447 sdf=written mapped=26 all_atoms=26 dt=0.1s
⏳ Step 11 progress: 285/623
🔬 Step 11 item 286/623 start 5v0n_A_8W4_404
🖼️ Step 11 SVG ready 5v0n_A_8W4_404 mode=smiles
🔬 Step 11 item 286/623 done 5v0n_A_8W4_404 sdf=written mapped=47 all_atoms=47 dt=0.1s
⏳ Step 11 progress: 286/623
🔬 Step 11 item 287/623 start 5v0n_C_8W4_405
🖼️ Step 11 SVG ready 5v0n_C_8W4_405 mode=smiles
🔬 Step 11 item 287/623 done 5v0n_C_8W4_405 sdf=written mapped=47 all_atoms=47 dt=0.1s
⏳ Step 11 progress: 287/623
🔬 Step 11 item 288/623 start 5v0n_B_8W4_406
🖼️ Step 11 SVG ready 5v0n_B_8W4_406 mode=smiles
🔬 Step 11 item 288/623 done 5v0n_B_8W4_406 sdf=written mapped=47 all_atoms=47 dt=0.1s
⏳ Step 11 progress: 288/623
🔬 Step 11 item 289/623 start 4exg_A_916_500
🖼️ Step 11 SVG ready 4exg_A_916_500 mode=smiles
🔬 Step 11 item 289/623 done 4exg_A_916_500 sdf=written mapped=32 all_atoms=32 dt=0.1s
⏳ Step 11 progress: 289/623
🔬 Step 11 item 290/623 start 3ixk_A_929_500
🖼️ Step 11 SVG ready 3ixk_A_929_500 mode=smiles
🔬 Step 11 item 290/623 done 3ixk_A_929_500 sdf=written mapped=60 all_atoms=60 dt=0.1s
[08:10:54] [mem] running 11_mcsMatcher.py parent=94.7MB child_tree=135.3MB combined=230.0MB
⏳ Step 11 progress: 290/623
🔬 Step 11 item 291/623 start 3ixk_B_929_500
🖼️ Step 11 SVG ready 3ixk_B_929_500 mode=smiles
🔬 Step 11 item 291/623 done 3ixk_B_929_500 sdf=written mapped=60 all_atoms=60 dt=0.1s
⏳ Step 11 progress: 291/623
🔬 Step 11 item 292/623 start 3ixk_C_929_500
🖼️ Step 11 SVG ready 3ixk_C_929_500 mode=smiles
🔬 Step 11 item 292/623 done 3ixk_C_929_500 sdf=written mapped=60 all_atoms=60 dt=0.1s
⏳ Step 11 progress: 292/623
🔬 Step 11 item 293/623 start 5hdz_A_954_501
⚠️ Step 11 item skipped: 293/623 5hdz_A_954_501 stage=BUILD_ROWS reason=ITEM_FAILED
🖼️ Step 11 SVG ready 5hdz_A_954_501 mode=smiles
🔬 Step 11 item 293/623 done 5hdz_A_954_501 sdf=written mapped=29 all_atoms=29 dt=0.2s
⏳ Step 11 progress: 293/623
🔬 Step 11 item 294/623 start 5hdz_B_954_501
⚠️ Step 11 item skipped: 294/623 5hdz_B_954_501 stage=BUILD_ROWS reason=ITEM_FAILED
🖼️ Step 11 SVG ready 5hdz_B_954_501 mode=smiles
🔬 Step 11 item 294/623 done 5hdz_B_954_501 sdf=written mapped=29 all_atoms=29 dt=0.1s
⏳ Step 11 progress: 294/623
🔬 Step 11 item 295/623 start 3nsh_A_957_407
🖼️ Step 11 SVG ready 3nsh_A_957_407 mode=smiles
🔬 Step 11 item 295/623 done 3nsh_A_957_407 sdf=written mapped=31 all_atoms=31 dt=0.1s
⏳ Step 11 progress: 295/623
🔬 Step 11 item 296/623 start 3nsh_B_957_407
🖼️ Step 11 SVG ready 3nsh_B_957_407 mode=smiles
🔬 Step 11 item 296/623 done 3nsh_B_957_407 sdf=written mapped=31 all_atoms=31 dt=0.1s
⏳ Step 11 progress: 296/623
🔬 Step 11 item 297/623 start 3nsh_C_957_407
🖼️ Step 11 SVG ready 3nsh_C_957_407 mode=smiles
🔬 Step 11 item 297/623 done 3nsh_C_957_407 sdf=written mapped=31 all_atoms=31 dt=0.1s
⏳ Step 11 progress: 297/623
🔬 Step 11 item 298/623 start 4i0i_A_957_501
🖼️ Step 11 SVG ready 4i0i_A_957_501 mode=smiles
🔬 Step 11 item 298/623 done 4i0i_A_957_501 sdf=written mapped=31 all_atoms=31 dt=0.1s
⏳ Step 11 progress: 298/623
🔬 Step 11 item 299/623 start 4i0i_B_957_501
🖼️ Step 11 SVG ready 4i0i_B_957_501 mode=smiles
🔬 Step 11 item 299/623 done 4i0i_B_957_501 sdf=written mapped=31 all_atoms=31 dt=0.1s
⏳ Step 11 progress: 299/623
🔬 Step 11 item 300/623 start 4i0i_C_957_501
🖼️ Step 11 SVG ready 4i0i_C_957_501 mode=smiles
🔬 Step 11 item 300/623 done 4i0i_C_957_501 sdf=written mapped=31 all_atoms=31 dt=0.1s
⏳ Step 11 progress: 300/623
🔬 Step 11 item 301/623 start 4ewo_A_996_501
🖼️ Step 11 SVG ready 4ewo_A_996_501 mode=smiles
🔬 Step 11 item 301/623 done 4ewo_A_996_501 sdf=written mapped=32 all_atoms=32 dt=0.1s
⏳ Step 11 progress: 301/623
🔬 Step 11 item 302/623 start 2ohs_A_9IP_389
⚠️ Step 11 item skipped: 302/623 2ohs_A_9IP_389 stage=BUILD_ROWS reason=ITEM_FAILED
🖼️ Step 11 SVG ready 2ohs_A_9IP_389 mode=smiles
🔬 Step 11 item 302/623 done 2ohs_A_9IP_389 sdf=written mapped=23 all_atoms=42 dt=0.1s
⏳ Step 11 progress: 302/623
🔬 Step 11 item 303/623 start 2xfk_A_AA9_500
🖼️ Step 11 SVG ready 2xfk_A_AA9_500 mode=smiles
🔬 Step 11 item 303/623 done 2xfk_A_AA9_500 sdf=written mapped=46 all_atoms=46 dt=0.1s
⏳ Step 11 progress: 303/623
🔬 Step 11 item 304/623 start 3buh_A_AED_394
🖼️ Step 11 SVG ready 3buh_A_AED_394 mode=smiles
🔬 Step 11 item 304/623 done 3buh_A_AED_394 sdf=written mapped=16 all_atoms=16 dt=0.1s
⏳ Step 11 progress: 304/623
🔬 Step 11 item 305/623 start 3bra_A_AEF_394
🖼️ Step 11 SVG ready 3bra_A_AEF_394 mode=smiles
🔬 Step 11 item 305/623 done 3bra_A_AEF_394 sdf=written mapped=10 all_atoms=10 dt=0.1s
⏳ Step 11 progress: 305/623
🔬 Step 11 item 306/623 start 3buf_A_AEG_394
🖼️ Step 11 SVG ready 3buf_A_AEG_394 mode=smiles
🔬 Step 11 item 306/623 done 3buf_A_AEG_394 sdf=written mapped=11 all_atoms=11 dt=0.1s
⏳ Step 11 progress: 306/623
🔬 Step 11 item 307/623 start 3bug_A_AEH_394
🖼️ Step 11 SVG ready 3bug_A_AEH_394 mode=smiles
🔬 Step 11 item 307/623 done 3bug_A_AEH_394 sdf=written mapped=12 all_atoms=12 dt=0.1s
⏳ Step 11 progress: 307/623
🔬 Step 11 item 308/623 start 3duy_A_AFJ_501
🖼️ Step 11 SVG ready 3duy_A_AFJ_501 mode=smiles
🔬 Step 11 item 308/623 done 3duy_A_AFJ_501 sdf=written mapped=33 all_atoms=33 dt=0.1s
⏳ Step 11 progress: 308/623
🔬 Step 11 item 309/623 start 3duy_B_AFJ_501
🖼️ Step 11 SVG ready 3duy_B_AFJ_501 mode=smiles
🔬 Step 11 item 309/623 done 3duy_B_AFJ_501 sdf=written mapped=33 all_atoms=33 dt=0.1s
⏳ Step 11 progress: 309/623
🔬 Step 11 item 310/623 start 3duy_C_AFJ_501
🖼️ Step 11 SVG ready 3duy_C_AFJ_501 mode=smiles
🔬 Step 11 item 310/623 done 3duy_C_AFJ_501 sdf=written mapped=33 all_atoms=33 dt=0.1s
⏳ Step 11 progress: 310/623
🔬 Step 11 item 311/623 start 5qcq_A_AFJ_401
🖼️ Step 11 SVG ready 5qcq_A_AFJ_401 mode=smiles
🔬 Step 11 item 311/623 done 5qcq_A_AFJ_401 sdf=written mapped=33 all_atoms=33 dt=0.1s
⏳ Step 11 progress: 311/623
🔬 Step 11 item 312/623 start 5qcq_B_AFJ_401
🖼️ Step 11 SVG ready 5qcq_B_AFJ_401 mode=smiles
🔬 Step 11 item 312/623 done 5qcq_B_AFJ_401 sdf=written mapped=33 all_atoms=33 dt=0.1s
⏳ Step 11 progress: 312/623
🔬 Step 11 item 313/623 start 5qcq_C_AFJ_401
🖼️ Step 11 SVG ready 5qcq_C_AFJ_401 mode=smiles
🔬 Step 11 item 313/623 done 5qcq_C_AFJ_401 sdf=written mapped=33 all_atoms=33 dt=0.1s
⏳ Step 11 progress: 313/623
🔬 Step 11 item 314/623 start 3dv1_A_AR9_501
🖼️ Step 11 SVG ready 3dv1_A_AR9_501 mode=smiles
🔬 Step 11 item 314/623 done 3dv1_A_AR9_501 sdf=written mapped=31 all_atoms=31 dt=0.1s
⏳ Step 11 progress: 314/623
🔬 Step 11 item 315/623 start 3dv1_B_AR9_501
🖼️ Step 11 SVG ready 3dv1_B_AR9_501 mode=smiles
🔬 Step 11 item 315/623 done 3dv1_B_AR9_501 sdf=written mapped=31 all_atoms=31 dt=0.1s
⏳ Step 11 progress: 315/623
🔬 Step 11 item 316/623 start 3dv1_C_AR9_501
🖼️ Step 11 SVG ready 3dv1_C_AR9_501 mode=smiles
🔬 Step 11 item 316/623 done 3dv1_C_AR9_501 sdf=written mapped=31 all_atoms=31 dt=0.1s
⏳ Step 11 progress: 316/623
🔬 Step 11 item 317/623 start 5qcw_A_AR9_401
🖼️ Step 11 SVG ready 5qcw_A_AR9_401 mode=smiles
🔬 Step 11 item 317/623 done 5qcw_A_AR9_401 sdf=written mapped=31 all_atoms=31 dt=0.1s
⏳ Step 11 progress: 317/623
🔬 Step 11 item 318/623 start 5qcw_B_AR9_401
🖼️ Step 11 SVG ready 5qcw_B_AR9_401 mode=smiles
🔬 Step 11 item 318/623 done 5qcw_B_AR9_401 sdf=written mapped=31 all_atoms=31 dt=0.1s
⏳ Step 11 progress: 318/623
🔬 Step 11 item 319/623 start 5qcw_C_AR9_401
🖼️ Step 11 SVG ready 5qcw_C_AR9_401 mode=smiles
🔬 Step 11 item 319/623 done 5qcw_C_AR9_401 sdf=written mapped=31 all_atoms=31 dt=0.1s
⏳ Step 11 progress: 319/623
🔬 Step 11 item 320/623 start 2f3f_A_AXF_601
🖼️ Step 11 SVG ready 2f3f_A_AXF_601 mode=smiles
🔬 Step 11 item 320/623 done 2f3f_A_AXF_601 sdf=written mapped=34 all_atoms=34 dt=0.1s
⏳ Step 11 progress: 320/623
🔬 Step 11 item 321/623 start 2f3f_B_AXF_602
🖼️ Step 11 SVG ready 2f3f_B_AXF_602 mode=smiles
🔬 Step 11 item 321/623 done 2f3f_B_AXF_602 sdf=written mapped=34 all_atoms=34 dt=0.1s
⏳ Step 11 progress: 321/623
🔬 Step 11 item 322/623 start 2f3f_C_AXF_603
🖼️ Step 11 SVG ready 2f3f_C_AXF_603 mode=smiles
🔬 Step 11 item 322/623 done 2f3f_C_AXF_603 sdf=written mapped=34 all_atoms=34 dt=0.1s
⏳ Step 11 progress: 322/623
🔬 Step 11 item 323/623 start 5qcs_A_AXF_401
🖼️ Step 11 SVG ready 5qcs_A_AXF_401 mode=smiles
🔬 Step 11 item 323/623 done 5qcs_A_AXF_401 sdf=written mapped=34 all_atoms=34 dt=0.1s
⏳ Step 11 progress: 323/623
🔬 Step 11 item 324/623 start 5qcs_B_AXF_401
🖼️ Step 11 SVG ready 5qcs_B_AXF_401 mode=smiles
🔬 Step 11 item 324/623 done 5qcs_B_AXF_401 sdf=written mapped=34 all_atoms=34 dt=0.1s
⏳ Step 11 progress: 324/623
🔬 Step 11 item 325/623 start 5qcs_C_AXF_401
🖼️ Step 11 SVG ready 5qcs_C_AXF_401 mode=smiles
🔬 Step 11 item 325/623 done 5qcs_C_AXF_401 sdf=written mapped=34 all_atoms=34 dt=0.1s
⏳ Step 11 progress: 325/623
🔬 Step 11 item 326/623 start 2f3e_A_AXQ_601
🖼️ Step 11 SVG ready 2f3e_A_AXQ_601 mode=smiles
🔬 Step 11 item 326/623 done 2f3e_A_AXQ_601 sdf=written mapped=45 all_atoms=45 dt=0.1s
⏳ Step 11 progress: 326/623
🔬 Step 11 item 327/623 start 2f3e_B_AXQ_602
🖼️ Step 11 SVG ready 2f3e_B_AXQ_602 mode=smiles
🔬 Step 11 item 327/623 done 2f3e_B_AXQ_602 sdf=written mapped=45 all_atoms=45 dt=0.1s
⏳ Step 11 progress: 327/623
🔬 Step 11 item 328/623 start 2f3e_C_AXQ_603
🖼️ Step 11 SVG ready 2f3e_C_AXQ_603 mode=smiles
🔬 Step 11 item 328/623 done 2f3e_C_AXQ_603 sdf=written mapped=45 all_atoms=45 dt=0.1s
⏳ Step 11 progress: 328/623
🔬 Step 11 item 329/623 start 5qd4_A_AXQ_401
🖼️ Step 11 SVG ready 5qd4_A_AXQ_401 mode=smiles
🔬 Step 11 item 329/623 done 5qd4_A_AXQ_401 sdf=written mapped=45 all_atoms=45 dt=0.1s
⏳ Step 11 progress: 329/623
🔬 Step 11 item 330/623 start 5qd4_B_AXQ_401
🖼️ Step 11 SVG ready 5qd4_B_AXQ_401 mode=smiles
🔬 Step 11 item 330/623 done 5qd4_B_AXQ_401 sdf=written mapped=45 all_atoms=45 dt=0.1s
⏳ Step 11 progress: 330/623
🔬 Step 11 item 331/623 start 5qd4_C_AXQ_401
🖼️ Step 11 SVG ready 5qd4_C_AXQ_401 mode=smiles
🔬 Step 11 item 331/623 done 5qd4_C_AXQ_401 sdf=written mapped=45 all_atoms=45 dt=0.1s
⏳ Step 11 progress: 331/623
🔬 Step 11 item 332/623 start 3k5f_A_AYH_387
🖼️ Step 11 SVG ready 3k5f_A_AYH_387 mode=smiles
🔬 Step 11 item 332/623 done 3k5f_A_AYH_387 sdf=written mapped=36 all_atoms=36 dt=0.1s
⏳ Step 11 progress: 332/623
🔬 Step 11 item 333/623 start 3k5f_B_AYH_387
🖼️ Step 11 SVG ready 3k5f_B_AYH_387 mode=smiles
🔬 Step 11 item 333/623 done 3k5f_B_AYH_387 sdf=written mapped=36 all_atoms=36 dt=0.1s
⏳ Step 11 progress: 333/623
🔬 Step 11 item 334/623 start 3k5f_C_AYH_387
[08:10:59] [mem] running 11_mcsMatcher.py parent=94.7MB child_tree=135.3MB combined=230.0MB
🖼️ Step 11 SVG ready 3k5f_C_AYH_387 mode=smiles
🔬 Step 11 item 334/623 done 3k5f_C_AYH_387 sdf=written mapped=36 all_atoms=36 dt=0.2s
⏳ Step 11 progress: 334/623
🔬 Step 11 item 335/623 start 3vv6_A_B00_510
🖼️ Step 11 SVG ready 3vv6_A_B00_510 mode=smiles
🔬 Step 11 item 335/623 done 3vv6_A_B00_510 sdf=written mapped=18 all_atoms=18 dt=0.1s
⏳ Step 11 progress: 335/623
🔬 Step 11 item 336/623 start 3vv8_A_B02_502
🖼️ Step 11 SVG ready 3vv8_A_B02_502 mode=smiles
🔬 Step 11 item 336/623 done 3vv8_A_B02_502 sdf=written mapped=25 all_atoms=25 dt=0.1s
⏳ Step 11 progress: 336/623
🔬 Step 11 item 337/623 start 3h0b_A_B35_449
[08:11:00] WARNING: More than one matching pattern found - picking one
🖼️ Step 11 SVG ready 3h0b_A_B35_449 mode=smiles
🔬 Step 11 item 337/623 done 3h0b_A_B35_449 sdf=written mapped=28 all_atoms=28 dt=0.1s
⏳ Step 11 progress: 337/623
🔬 Step 11 item 338/623 start 3h0b_B_B35_449
[08:11:00] WARNING: More than one matching pattern found - picking one
🖼️ Step 11 SVG ready 3h0b_B_B35_449 mode=smiles
🔬 Step 11 item 338/623 done 3h0b_B_B35_449 sdf=written mapped=28 all_atoms=28 dt=0.1s
⏳ Step 11 progress: 338/623
🔬 Step 11 item 339/623 start 3h0b_C_B35_449
[08:11:00] WARNING: More than one matching pattern found - picking one
🖼️ Step 11 SVG ready 3h0b_C_B35_449 mode=smiles
🔬 Step 11 item 339/623 done 3h0b_C_B35_449 sdf=written mapped=28 all_atoms=28 dt=0.1s
⏳ Step 11 progress: 339/623
🔬 Step 11 item 340/623 start 3dv5_A_BAV_501
🖼️ Step 11 SVG ready 3dv5_A_BAV_501 mode=smiles
🔬 Step 11 item 340/623 done 3dv5_A_BAV_501 sdf=written mapped=35 all_atoms=35 dt=0.1s
⏳ Step 11 progress: 340/623
🔬 Step 11 item 341/623 start 3dv5_B_BAV_501
🖼️ Step 11 SVG ready 3dv5_B_BAV_501 mode=smiles
🔬 Step 11 item 341/623 done 3dv5_B_BAV_501 sdf=written mapped=35 all_atoms=35 dt=0.1s
⏳ Step 11 progress: 341/623
🔬 Step 11 item 342/623 start 3dv5_C_BAV_501
🖼️ Step 11 SVG ready 3dv5_C_BAV_501 mode=smiles
🔬 Step 11 item 342/623 done 3dv5_C_BAV_501 sdf=written mapped=35 all_atoms=35 dt=0.1s
⏳ Step 11 progress: 342/623
🔬 Step 11 item 343/623 start 5qdb_A_BAV_401
🖼️ Step 11 SVG ready 5qdb_A_BAV_401 mode=smiles
🔬 Step 11 item 343/623 done 5qdb_A_BAV_401 sdf=written mapped=35 all_atoms=35 dt=0.1s
⏳ Step 11 progress: 343/623
🔬 Step 11 item 344/623 start 5qdb_B_BAV_401
🖼️ Step 11 SVG ready 5qdb_B_BAV_401 mode=smiles
🔬 Step 11 item 344/623 done 5qdb_B_BAV_401 sdf=written mapped=35 all_atoms=35 dt=0.1s
⏳ Step 11 progress: 344/623
🔬 Step 11 item 345/623 start 5qdb_C_BAV_401
🖼️ Step 11 SVG ready 5qdb_C_BAV_401 mode=smiles
🔬 Step 11 item 345/623 done 5qdb_C_BAV_401 sdf=written mapped=35 all_atoms=35 dt=0.1s
⏳ Step 11 progress: 345/623
🔬 Step 11 item 346/623 start 3l59_A_BDJ_1
⚠️ Step 11 item skipped: 346/623 3l59_A_BDJ_1 stage=BUILD_ROWS reason=ITEM_FAILED
🖼️ Step 11 SVG ready 3l59_A_BDJ_1 mode=smiles
🔬 Step 11 item 346/623 done 3l59_A_BDJ_1 sdf=written mapped=17 all_atoms=17 dt=0.1s
⏳ Step 11 progress: 346/623
🔬 Step 11 item 347/623 start 3l5b_A_BDO_1
⚠️ Step 11 item skipped: 347/623 3l5b_A_BDO_1 stage=BUILD_ROWS reason=ITEM_FAILED
🖼️ Step 11 SVG ready 3l5b_A_BDO_1 mode=smiles
🔬 Step 11 item 347/623 done 3l5b_A_BDO_1 sdf=written mapped=20 all_atoms=20 dt=0.1s
⏳ Step 11 progress: 347/623
🔬 Step 11 item 348/623 start 3l5b_B_BDO_455
⚠️ Step 11 item skipped: 348/623 3l5b_B_BDO_455 stage=BUILD_ROWS reason=ITEM_FAILED
🖼️ Step 11 SVG ready 3l5b_B_BDO_455 mode=smiles
🔬 Step 11 item 348/623 done 3l5b_B_BDO_455 sdf=written mapped=20 all_atoms=20 dt=0.1s
⏳ Step 11 progress: 348/623
🔬 Step 11 item 349/623 start 3l5c_A_BDQ_1
⚠️ Step 11 item skipped: 349/623 3l5c_A_BDQ_1 stage=BUILD_ROWS reason=ITEM_FAILED
🖼️ Step 11 SVG ready 3l5c_A_BDQ_1 mode=smiles
🔬 Step 11 item 349/623 done 3l5c_A_BDQ_1 sdf=written mapped=32 all_atoms=32 dt=0.1s
⏳ Step 11 progress: 349/623
🔬 Step 11 item 350/623 start 3l5c_B_BDQ_1
⚠️ Step 11 item skipped: 350/623 3l5c_B_BDQ_1 stage=BUILD_ROWS reason=ITEM_FAILED
🖼️ Step 11 SVG ready 3l5c_B_BDQ_1 mode=smiles
🔬 Step 11 item 350/623 done 3l5c_B_BDQ_1 sdf=written mapped=32 all_atoms=32 dt=0.1s
⏳ Step 11 progress: 350/623
🔬 Step 11 item 351/623 start 3l5d_A_BDV_1
⚠️ Step 11 item skipped: 351/623 3l5d_A_BDV_1 stage=BUILD_ROWS reason=ITEM_FAILED
🖼️ Step 11 SVG ready 3l5d_A_BDV_1 mode=smiles
🔬 Step 11 item 351/623 done 3l5d_A_BDV_1 sdf=written mapped=28 all_atoms=28 dt=0.1s
⏳ Step 11 progress: 351/623
🔬 Step 11 item 352/623 start 3l5d_B_BDV_455
⚠️ Step 11 item skipped: 352/623 3l5d_B_BDV_455 stage=BUILD_ROWS reason=ITEM_FAILED
🖼️ Step 11 SVG ready 3l5d_B_BDV_455 mode=smiles
🔬 Step 11 item 352/623 done 3l5d_B_BDV_455 sdf=written mapped=28 all_atoms=28 dt=0.1s
⏳ Step 11 progress: 352/623
🔬 Step 11 item 353/623 start 3l5e_A_BDW_1
⚠️ Step 11 item skipped: 353/623 3l5e_A_BDW_1 stage=BUILD_ROWS reason=ITEM_FAILED
🖼️ Step 11 SVG ready 3l5e_A_BDW_1 mode=smiles
🔬 Step 11 item 353/623 done 3l5e_A_BDW_1 sdf=written mapped=39 all_atoms=39 dt=0.1s
⏳ Step 11 progress: 353/623
🔬 Step 11 item 354/623 start 3l5e_B_BDW_455
⚠️ Step 11 item skipped: 354/623 3l5e_B_BDW_455 stage=BUILD_ROWS reason=ITEM_FAILED
🖼️ Step 11 SVG ready 3l5e_B_BDW_455 mode=smiles
🔬 Step 11 item 354/623 done 3l5e_B_BDW_455 sdf=written mapped=39 all_atoms=39 dt=0.1s
⏳ Step 11 progress: 354/623
🔬 Step 11 item 355/623 start 3l5f_A_BDX_1
⚠️ Step 11 item skipped: 355/623 3l5f_A_BDX_1 stage=BUILD_ROWS reason=ITEM_FAILED
🖼️ Step 11 SVG ready 3l5f_A_BDX_1 mode=smiles
🔬 Step 11 item 355/623 done 3l5f_A_BDX_1 sdf=written mapped=23 all_atoms=23 dt=0.1s
⏳ Step 11 progress: 355/623
🔬 Step 11 item 356/623 start 3l5f_B_BDX_1
⚠️ Step 11 item skipped: 356/623 3l5f_B_BDX_1 stage=BUILD_ROWS reason=ITEM_FAILED
🖼️ Step 11 SVG ready 3l5f_B_BDX_1 mode=smiles
🔬 Step 11 item 356/623 done 3l5f_B_BDX_1 sdf=written mapped=23 all_atoms=23 dt=0.1s
⏳ Step 11 progress: 356/623
🔬 Step 11 item 357/623 start 3k5g_A_BJC_387
🖼️ Step 11 SVG ready 3k5g_A_BJC_387 mode=smiles
🔬 Step 11 item 357/623 done 3k5g_A_BJC_387 sdf=written mapped=41 all_atoms=41 dt=0.1s
⏳ Step 11 progress: 357/623
🔬 Step 11 item 358/623 start 3k5g_B_BJC_387
🖼️ Step 11 SVG ready 3k5g_B_BJC_387 mode=smiles
🔬 Step 11 item 358/623 done 3k5g_B_BJC_387 sdf=written mapped=41 all_atoms=41 dt=0.1s
⏳ Step 11 progress: 358/623
🔬 Step 11 item 359/623 start 3k5g_C_BJC_387
🖼️ Step 11 SVG ready 3k5g_C_BJC_387 mode=smiles
🔬 Step 11 item 359/623 done 3k5g_C_BJC_387 sdf=written mapped=41 all_atoms=41 dt=0.1s
⏳ Step 11 progress: 359/623
🔬 Step 11 item 360/623 start 2vkm_A_BSD_1386
🖼️ Step 11 SVG ready 2vkm_A_BSD_1386 mode=smiles
🔬 Step 11 item 360/623 done 2vkm_A_BSD_1386 sdf=written mapped=47 all_atoms=47 dt=0.1s
⏳ Step 11 progress: 360/623
🔬 Step 11 item 361/623 start 2vkm_B_BSD_1386
🖼️ Step 11 SVG ready 2vkm_B_BSD_1386 mode=smiles
🔬 Step 11 item 361/623 done 2vkm_B_BSD_1386 sdf=written mapped=47 all_atoms=47 dt=0.1s
⏳ Step 11 progress: 361/623
🔬 Step 11 item 362/623 start 2vkm_C_BSD_1386
🖼️ Step 11 SVG ready 2vkm_C_BSD_1386 mode=smiles
🔬 Step 11 item 362/623 done 2vkm_C_BSD_1386 sdf=written mapped=47 all_atoms=47 dt=0.1s
⏳ Step 11 progress: 362/623
🔬 Step 11 item 363/623 start 2vkm_D_BSD_1386
🖼️ Step 11 SVG ready 2vkm_D_BSD_1386 mode=smiles
🔬 Step 11 item 363/623 done 2vkm_D_BSD_1386 sdf=written mapped=47 all_atoms=47 dt=0.1s
⏳ Step 11 progress: 363/623
🔬 Step 11 item 364/623 start 5mco_A_BSD_501
🖼️ Step 11 SVG ready 5mco_A_BSD_501 mode=smiles
🔬 Step 11 item 364/623 done 5mco_A_BSD_501 sdf=written mapped=47 all_atoms=47 dt=0.1s
⏳ Step 11 progress: 364/623
🔬 Step 11 item 365/623 start 6eqm_A_BUH_401
🖼️ Step 11 SVG ready 6eqm_A_BUH_401 mode=smiles
🔬 Step 11 item 365/623 done 6eqm_A_BUH_401 sdf=written mapped=34 all_atoms=34 dt=0.1s
⏳ Step 11 progress: 365/623
🔬 Step 11 item 366/623 start 3in4_A_BX2_1
🖼️ Step 11 SVG ready 3in4_A_BX2_1 mode=smiles
🔬 Step 11 item 366/623 done 3in4_A_BX2_1 sdf=written mapped=30 all_atoms=30 dt=0.1s
⏳ Step 11 progress: 366/623
🔬 Step 11 item 367/623 start 4d89_A_BXD_501
⚠️ Step 11 item skipped: 367/623 4d89_A_BXD_501 stage=BUILD_ROWS reason=ITEM_FAILED
🖼️ Step 11 SVG ready 4d89_A_BXD_501 mode=smiles
🔬 Step 11 item 367/623 done 4d89_A_BXD_501 sdf=written mapped=40 all_atoms=43 dt=0.1s
⏳ Step 11 progress: 367/623
🔬 Step 11 item 368/623 start 4d8c_C_BXD_401
🖼️ Step 11 SVG ready 4d8c_C_BXD_401 mode=smiles
🔬 Step 11 item 368/623 done 4d8c_C_BXD_401 sdf=written mapped=40 all_atoms=40 dt=0.1s
⏳ Step 11 progress: 368/623
🔬 Step 11 item 369/623 start 4d8c_A_BXD_501
🖼️ Step 11 SVG ready 4d8c_A_BXD_501 mode=smiles
🔬 Step 11 item 369/623 done 4d8c_A_BXD_501 sdf=written mapped=40 all_atoms=40 dt=0.1s
⏳ Step 11 progress: 369/623
🔬 Step 11 item 370/623 start 4d8c_B_BXD_501
🖼️ Step 11 SVG ready 4d8c_B_BXD_501 mode=smiles
🔬 Step 11 item 370/623 done 4d8c_B_BXD_501 sdf=written mapped=40 all_atoms=40 dt=0.1s
⏳ Step 11 progress: 370/623
🔬 Step 11 item 371/623 start 4d88_A_BXQ_401
🖼️ Step 11 SVG ready 4d88_A_BXQ_401 mode=smiles
🔬 Step 11 item 371/623 done 4d88_A_BXQ_401 sdf=written mapped=37 all_atoms=37 dt=0.1s
⏳ Step 11 progress: 371/623
🔬 Step 11 item 372/623 start 2vij_A_C44_3000
🖼️ Step 11 SVG ready 2vij_A_C44_3000 mode=smiles
🔬 Step 11 item 372/623 done 2vij_A_C44_3000 sdf=written mapped=42 all_atoms=42 dt=0.1s
⏳ Step 11 progress: 372/623
🔬 Step 11 item 373/623 start 2vij_A_C44_3001
🖼️ Step 11 SVG ready 2vij_A_C44_3001 mode=smiles
🔬 Step 11 item 373/623 done 2vij_A_C44_3001 sdf=written mapped=42 all_atoms=42 dt=0.2s
⏳ Step 11 progress: 373/623
🔬 Step 11 item 374/623 start 3qi1_A_C6A_401
🖼️ Step 11 SVG ready 3qi1_A_C6A_401 mode=smiles
🔬 Step 11 item 374/623 done 3qi1_A_C6A_401 sdf=written mapped=36 all_atoms=36 dt=0.1s
⏳ Step 11 progress: 374/623
🔬 Step 11 item 375/623 start 6jse_A_C6R_508
[08:11:05] [mem] running 11_mcsMatcher.py parent=94.7MB child_tree=135.3MB combined=230.0MB
🖼️ Step 11 SVG ready 6jse_A_C6R_508 mode=smiles
🔬 Step 11 item 375/623 done 6jse_A_C6R_508 sdf=written mapped=33 all_atoms=33 dt=0.1s
⏳ Step 11 progress: 375/623
🔬 Step 11 item 376/623 start 6jsg_A_C6U_507
🖼️ Step 11 SVG ready 6jsg_A_C6U_507 mode=smiles
🔬 Step 11 item 376/623 done 6jsg_A_C6U_507 sdf=written mapped=25 all_atoms=25 dt=0.1s
⏳ Step 11 progress: 376/623
🔬 Step 11 item 377/623 start 6jsn_A_C7O_508
🖼️ Step 11 SVG ready 6jsn_A_C7O_508 mode=smiles
🔬 Step 11 item 377/623 done 6jsn_A_C7O_508 sdf=written mapped=34 all_atoms=34 dt=0.1s
⏳ Step 11 progress: 377/623
🔬 Step 11 item 378/623 start 6jsf_A_C7X_510
🖼️ Step 11 SVG ready 6jsf_A_C7X_510 mode=smiles
🔬 Step 11 item 378/623 done 6jsf_A_C7X_510 sdf=written mapped=33 all_atoms=33 dt=0.1s
⏳ Step 11 progress: 378/623
🔬 Step 11 item 379/623 start 6jt3_A_C83_505
🖼️ Step 11 SVG ready 6jt3_A_C83_505 mode=smiles
🔬 Step 11 item 379/623 done 6jt3_A_C83_505 sdf=written mapped=29 all_atoms=29 dt=0.1s
⏳ Step 11 progress: 379/623
🔬 Step 11 item 380/623 start 6jt4_A_C86_506
🖼️ Step 11 SVG ready 6jt4_A_C86_506 mode=smiles
🔬 Step 11 item 380/623 done 6jt4_A_C86_506 sdf=written mapped=31 all_atoms=31 dt=0.1s
⏳ Step 11 progress: 380/623
🔬 Step 11 item 381/623 start 2vnn_A_CM7_2000
🖼️ Step 11 SVG ready 2vnn_A_CM7_2000 mode=smiles
🔬 Step 11 item 381/623 done 2vnn_A_CM7_2000 sdf=written mapped=44 all_atoms=44 dt=0.1s
⏳ Step 11 progress: 381/623
🔬 Step 11 item 382/623 start 2vnm_A_CM8_2000
🖼️ Step 11 SVG ready 2vnm_A_CM8_2000 mode=smiles
🔬 Step 11 item 382/623 done 2vnm_A_CM8_2000 sdf=written mapped=43 all_atoms=43 dt=0.1s
⏳ Step 11 progress: 382/623
🔬 Step 11 item 383/623 start 2vnm_A_CM8_2001
🖼️ Step 11 SVG ready 2vnm_A_CM8_2001 mode=smiles
🔬 Step 11 item 383/623 done 2vnm_A_CM8_2001 sdf=written mapped=43 all_atoms=43 dt=0.1s
⏳ Step 11 progress: 383/623
🔬 Step 11 item 384/623 start 2of0_A_CMZ_390
🖼️ Step 11 SVG ready 2of0_A_CMZ_390 mode=smiles
🔬 Step 11 item 384/623 done 2of0_A_CMZ_390 sdf=written mapped=19 all_atoms=19 dt=0.1s
⏳ Step 11 progress: 384/623
🔬 Step 11 item 385/623 start 2qk5_A_CS5_1
🖼️ Step 11 SVG ready 2qk5_A_CS5_1 mode=smiles
🔬 Step 11 item 385/623 done 2qk5_A_CS5_1 sdf=written mapped=42 all_atoms=42 dt=0.1s
⏳ Step 11 progress: 385/623
🔬 Step 11 item 386/623 start 2qk5_B_CS5_1
🖼️ Step 11 SVG ready 2qk5_B_CS5_1 mode=smiles
🔬 Step 11 item 386/623 done 2qk5_B_CS5_1 sdf=written mapped=42 all_atoms=42 dt=0.1s
⏳ Step 11 progress: 386/623
🔬 Step 11 item 387/623 start 3l58_A_CS5_1
🖼️ Step 11 SVG ready 3l58_A_CS5_1 mode=smiles
🔬 Step 11 item 387/623 done 3l58_A_CS5_1 sdf=written mapped=42 all_atoms=42 dt=0.1s
⏳ Step 11 progress: 387/623
🔬 Step 11 item 388/623 start 3l58_B_CS5_1
🖼️ Step 11 SVG ready 3l58_B_CS5_1 mode=smiles
🔬 Step 11 item 388/623 done 3l58_B_CS5_1 sdf=written mapped=42 all_atoms=42 dt=0.1s
⏳ Step 11 progress: 388/623
🔬 Step 11 item 389/623 start 2qmd_A_CS7_1
🖼️ Step 11 SVG ready 2qmd_A_CS7_1 mode=smiles
🔬 Step 11 item 389/623 done 2qmd_A_CS7_1 sdf=written mapped=44 all_atoms=44 dt=0.1s
⏳ Step 11 progress: 389/623
🔬 Step 11 item 390/623 start 2qmd_B_CS7_1
🖼️ Step 11 SVG ready 2qmd_B_CS7_1 mode=smiles
🔬 Step 11 item 390/623 done 2qmd_B_CS7_1 sdf=written mapped=44 all_atoms=44 dt=0.1s
⏳ Step 11 progress: 390/623
🔬 Step 11 item 391/623 start 2qmf_A_CS9_1
🖼️ Step 11 SVG ready 2qmf_A_CS9_1 mode=smiles
🔬 Step 11 item 391/623 done 2qmf_A_CS9_1 sdf=written mapped=43 all_atoms=43 dt=0.1s
⏳ Step 11 progress: 391/623
🔬 Step 11 item 392/623 start 2qmf_B_CS9_1
🖼️ Step 11 SVG ready 2qmf_B_CS9_1 mode=smiles
🔬 Step 11 item 392/623 done 2qmf_B_CS9_1 sdf=written mapped=43 all_atoms=43 dt=0.1s
⏳ Step 11 progress: 392/623
🔬 Step 11 item 393/623 start 3kmy_A_D8Y_501
🖼️ Step 11 SVG ready 3kmy_A_D8Y_501 mode=smiles
🔬 Step 11 item 393/623 done 3kmy_A_D8Y_501 sdf=written mapped=16 all_atoms=16 dt=0.1s
⏳ Step 11 progress: 393/623
🔬 Step 11 item 394/623 start 3kmy_B_D8Y_501
🖼️ Step 11 SVG ready 3kmy_B_D8Y_501 mode=smiles
🔬 Step 11 item 394/623 done 3kmy_B_D8Y_501 sdf=written mapped=16 all_atoms=16 dt=0.1s
⏳ Step 11 progress: 394/623
🔬 Step 11 item 395/623 start 6fgy_A_D9W_501
🖼️ Step 11 SVG ready 6fgy_A_D9W_501 mode=smiles
🔬 Step 11 item 395/623 done 6fgy_A_D9W_501 sdf=written mapped=24 all_atoms=24 dt=0.1s
⏳ Step 11 progress: 395/623
🔬 Step 11 item 396/623 start 6bfd_A_DJS_401
🖼️ Step 11 SVG ready 6bfd_A_DJS_401 mode=smiles
🔬 Step 11 item 396/623 done 6bfd_A_DJS_401 sdf=written mapped=33 all_atoms=33 dt=0.1s
⏳ Step 11 progress: 396/623
🔬 Step 11 item 397/623 start 6bfd_B_DJS_401
🖼️ Step 11 SVG ready 6bfd_B_DJS_401 mode=smiles
🔬 Step 11 item 397/623 done 6bfd_B_DJS_401 sdf=written mapped=33 all_atoms=33 dt=0.1s
⏳ Step 11 progress: 397/623
🔬 Step 11 item 398/623 start 6bfe_A_DJV_401
⚠️ Step 11 item skipped: 398/623 6bfe_A_DJV_401 stage=BUILD_ROWS reason=ITEM_FAILED
🖼️ Step 11 SVG ready 6bfe_A_DJV_401 mode=smiles
🔬 Step 11 item 398/623 done 6bfe_A_DJV_401 sdf=written mapped=29 all_atoms=61 dt=0.1s
⏳ Step 11 progress: 398/623
🔬 Step 11 item 399/623 start 6bfe_B_DJV_401
⚠️ Step 11 item skipped: 399/623 6bfe_B_DJV_401 stage=BUILD_ROWS reason=ITEM_FAILED
🖼️ Step 11 SVG ready 6bfe_B_DJV_401 mode=smiles
🔬 Step 11 item 399/623 done 6bfe_B_DJV_401 sdf=written mapped=29 all_atoms=61 dt=0.1s
⏳ Step 11 progress: 399/623
🔬 Step 11 item 400/623 start 6bfw_A_DK7_401
🖼️ Step 11 SVG ready 6bfw_A_DK7_401 mode=smiles
🔬 Step 11 item 400/623 done 6bfw_A_DK7_401 sdf=written mapped=30 all_atoms=30 dt=0.1s
⏳ Step 11 progress: 400/623
🔬 Step 11 item 401/623 start 6bfw_B_DK7_401
🖼️ Step 11 SVG ready 6bfw_B_DK7_401 mode=smiles
🔬 Step 11 item 401/623 done 6bfw_B_DK7_401 sdf=written mapped=30 all_atoms=30 dt=0.1s
⏳ Step 11 progress: 401/623
🔬 Step 11 item 402/623 start 6bfx_A_DKJ_401
⚠️ Step 11 item skipped: 402/623 6bfx_A_DKJ_401 stage=BUILD_ROWS reason=ITEM_FAILED
🖼️ Step 11 SVG ready 6bfx_A_DKJ_401 mode=smiles
🔬 Step 11 item 402/623 done 6bfx_A_DKJ_401 sdf=written mapped=29 all_atoms=61 dt=0.1s
⏳ Step 11 progress: 402/623
🔬 Step 11 item 403/623 start 6bfx_B_DKJ_401
⚠️ Step 11 item skipped: 403/623 6bfx_B_DKJ_401 stage=BUILD_ROWS reason=ITEM_FAILED
🖼️ Step 11 SVG ready 6bfx_B_DKJ_401 mode=smiles
🔬 Step 11 item 403/623 done 6bfx_B_DKJ_401 sdf=written mapped=29 all_atoms=61 dt=0.1s
⏳ Step 11 progress: 403/623
🔬 Step 11 item 404/623 start 4fri_A_DWA_404
🖼️ Step 11 SVG ready 4fri_A_DWA_404 mode=smiles
🔬 Step 11 item 404/623 done 4fri_A_DWA_404 sdf=written mapped=27 all_atoms=27 dt=0.1s
⏳ Step 11 progress: 404/623
🔬 Step 11 item 405/623 start 4frj_A_DWB_403
🖼️ Step 11 SVG ready 4frj_A_DWB_403 mode=smiles
🔬 Step 11 item 405/623 done 4frj_A_DWB_403 sdf=written mapped=29 all_atoms=29 dt=0.1s
⏳ Step 11 progress: 405/623
🔬 Step 11 item 406/623 start 4frk_A_DWD_405
🖼️ Step 11 SVG ready 4frk_A_DWD_405 mode=smiles
🔬 Step 11 item 406/623 done 4frk_A_DWD_405 sdf=written mapped=30 all_atoms=30 dt=0.1s
⏳ Step 11 progress: 406/623
🔬 Step 11 item 407/623 start 5qco_A_E4A_401
🖼️ Step 11 SVG ready 5qco_A_E4A_401 mode=smiles
🔬 Step 11 item 407/623 done 5qco_A_E4A_401 sdf=written mapped=42 all_atoms=42 dt=0.1s
⏳ Step 11 progress: 407/623
🔬 Step 11 item 408/623 start 5qco_B_E4A_401
⏱ Step 11 heartbeat: processed=407/623 current=5qco_B_E4A_401 stage=ITEM_START elapsed=120s item_elapsed=0s sdf_written=406 sdf_failed=1 svg_written=406 item_failures=97 last_done=5qco_A_E4A_401
🖼️ Step 11 SVG ready 5qco_B_E4A_401 mode=smiles
🔬 Step 11 item 408/623 done 5qco_B_E4A_401 sdf=written mapped=42 all_atoms=42 dt=0.2s
⏳ Step 11 progress: 408/623
🔬 Step 11 item 409/623 start 5qco_C_E4A_401
[08:11:10] [mem] running 11_mcsMatcher.py parent=94.7MB child_tree=135.3MB combined=230.0MB
🖼️ Step 11 SVG ready 5qco_C_E4A_401 mode=smiles
🔬 Step 11 item 409/623 done 5qco_C_E4A_401 sdf=written mapped=42 all_atoms=42 dt=0.1s
⏳ Step 11 progress: 409/623
🔬 Step 11 item 410/623 start 5qcp_A_E4G_401
🖼️ Step 11 SVG ready 5qcp_A_E4G_401 mode=smiles
🔬 Step 11 item 410/623 done 5qcp_A_E4G_401 sdf=written mapped=42 all_atoms=42 dt=0.1s
⏳ Step 11 progress: 410/623
🔬 Step 11 item 411/623 start 5qcp_B_E4G_401
🖼️ Step 11 SVG ready 5qcp_B_E4G_401 mode=smiles
🔬 Step 11 item 411/623 done 5qcp_B_E4G_401 sdf=written mapped=42 all_atoms=42 dt=0.1s
⏳ Step 11 progress: 411/623
🔬 Step 11 item 412/623 start 5qcp_C_E4G_401
🖼️ Step 11 SVG ready 5qcp_C_E4G_401 mode=smiles
🔬 Step 11 item 412/623 done 5qcp_C_E4G_401 sdf=written mapped=42 all_atoms=42 dt=0.1s
⏳ Step 11 progress: 412/623
🔬 Step 11 item 413/623 start 5qcr_A_E4J_401
🖼️ Step 11 SVG ready 5qcr_A_E4J_401 mode=smiles
🔬 Step 11 item 413/623 done 5qcr_A_E4J_401 sdf=written mapped=36 all_atoms=36 dt=0.1s
⏳ Step 11 progress: 413/623
🔬 Step 11 item 414/623 start 5qcr_B_E4J_401
🖼️ Step 11 SVG ready 5qcr_B_E4J_401 mode=smiles
🔬 Step 11 item 414/623 done 5qcr_B_E4J_401 sdf=written mapped=36 all_atoms=36 dt=0.1s
⏳ Step 11 progress: 414/623
🔬 Step 11 item 415/623 start 5qcr_C_E4J_401
🖼️ Step 11 SVG ready 5qcr_C_E4J_401 mode=smiles
🔬 Step 11 item 415/623 done 5qcr_C_E4J_401 sdf=written mapped=36 all_atoms=36 dt=0.1s
⏳ Step 11 progress: 415/623
🔬 Step 11 item 416/623 start 5qct_A_E4Y_401
🖼️ Step 11 SVG ready 5qct_A_E4Y_401 mode=smiles
🔬 Step 11 item 416/623 done 5qct_A_E4Y_401 sdf=written mapped=38 all_atoms=38 dt=0.1s
⏳ Step 11 progress: 416/623
🔬 Step 11 item 417/623 start 5qct_B_E4Y_401
🖼️ Step 11 SVG ready 5qct_B_E4Y_401 mode=smiles
🔬 Step 11 item 417/623 done 5qct_B_E4Y_401 sdf=written mapped=38 all_atoms=38 dt=0.1s
⏳ Step 11 progress: 417/623
🔬 Step 11 item 418/623 start 5qct_C_E4Y_401
🖼️ Step 11 SVG ready 5qct_C_E4Y_401 mode=smiles
🔬 Step 11 item 418/623 done 5qct_C_E4Y_401 sdf=written mapped=38 all_atoms=38 dt=0.2s
⏳ Step 11 progress: 418/623
🔬 Step 11 item 419/623 start 5qcu_A_E51_401
🖼️ Step 11 SVG ready 5qcu_A_E51_401 mode=smiles
🔬 Step 11 item 419/623 done 5qcu_A_E51_401 sdf=written mapped=34 all_atoms=34 dt=0.1s
⏳ Step 11 progress: 419/623
🔬 Step 11 item 420/623 start 5qcu_B_E51_401
🖼️ Step 11 SVG ready 5qcu_B_E51_401 mode=smiles
🔬 Step 11 item 420/623 done 5qcu_B_E51_401 sdf=written mapped=34 all_atoms=34 dt=0.1s
⏳ Step 11 progress: 420/623
🔬 Step 11 item 421/623 start 5qcu_C_E51_401
🖼️ Step 11 SVG ready 5qcu_C_E51_401 mode=smiles
🔬 Step 11 item 421/623 done 5qcu_C_E51_401 sdf=written mapped=34 all_atoms=34 dt=0.1s
⏳ Step 11 progress: 421/623
🔬 Step 11 item 422/623 start 5qcv_A_E5A_401
🖼️ Step 11 SVG ready 5qcv_A_E5A_401 mode=smiles
🔬 Step 11 item 422/623 done 5qcv_A_E5A_401 sdf=written mapped=37 all_atoms=37 dt=0.1s
⏳ Step 11 progress: 422/623
🔬 Step 11 item 423/623 start 5qcv_B_E5A_401
🖼️ Step 11 SVG ready 5qcv_B_E5A_401 mode=smiles
🔬 Step 11 item 423/623 done 5qcv_B_E5A_401 sdf=written mapped=37 all_atoms=37 dt=0.1s
⏳ Step 11 progress: 423/623
🔬 Step 11 item 424/623 start 5qcv_C_E5A_401
🖼️ Step 11 SVG ready 5qcv_C_E5A_401 mode=smiles
🔬 Step 11 item 424/623 done 5qcv_C_E5A_401 sdf=written mapped=37 all_atoms=37 dt=0.1s
⏳ Step 11 progress: 424/623
🔬 Step 11 item 425/623 start 5qcx_A_E5D_401
🖼️ Step 11 SVG ready 5qcx_A_E5D_401 mode=smiles
🔬 Step 11 item 425/623 done 5qcx_A_E5D_401 sdf=written mapped=37 all_atoms=37 dt=0.1s
⏳ Step 11 progress: 425/623
🔬 Step 11 item 426/623 start 5qcx_B_E5D_401
🖼️ Step 11 SVG ready 5qcx_B_E5D_401 mode=smiles
🔬 Step 11 item 426/623 done 5qcx_B_E5D_401 sdf=written mapped=37 all_atoms=37 dt=0.2s
⏳ Step 11 progress: 426/623
🔬 Step 11 item 427/623 start 5qcx_C_E5D_401
🖼️ Step 11 SVG ready 5qcx_C_E5D_401 mode=smiles
🔬 Step 11 item 427/623 done 5qcx_C_E5D_401 sdf=written mapped=37 all_atoms=37 dt=0.1s
⏳ Step 11 progress: 427/623
🔬 Step 11 item 428/623 start 5qcy_A_E5P_401
🖼️ Step 11 SVG ready 5qcy_A_E5P_401 mode=smiles
🔬 Step 11 item 428/623 done 5qcy_A_E5P_401 sdf=written mapped=48 all_atoms=48 dt=0.2s
⏳ Step 11 progress: 428/623
🔬 Step 11 item 429/623 start 5qcy_B_E5P_401
🖼️ Step 11 SVG ready 5qcy_B_E5P_401 mode=smiles
🔬 Step 11 item 429/623 done 5qcy_B_E5P_401 sdf=written mapped=48 all_atoms=48 dt=0.2s
⏳ Step 11 progress: 429/623
🔬 Step 11 item 430/623 start 5qcy_C_E5P_401
🖼️ Step 11 SVG ready 5qcy_C_E5P_401 mode=smiles
🔬 Step 11 item 430/623 done 5qcy_C_E5P_401 sdf=written mapped=48 all_atoms=48 dt=0.2s
⏳ Step 11 progress: 430/623
🔬 Step 11 item 431/623 start 5qcz_A_E5V_401
🖼️ Step 11 SVG ready 5qcz_A_E5V_401 mode=smiles
🔬 Step 11 item 431/623 done 5qcz_A_E5V_401 sdf=written mapped=37 all_atoms=37 dt=0.2s
⏳ Step 11 progress: 431/623
🔬 Step 11 item 432/623 start 5qcz_B_E5V_401
🖼️ Step 11 SVG ready 5qcz_B_E5V_401 mode=smiles
🔬 Step 11 item 432/623 done 5qcz_B_E5V_401 sdf=written mapped=37 all_atoms=37 dt=0.2s
⏳ Step 11 progress: 432/623
🔬 Step 11 item 433/623 start 5qcz_C_E5V_401
🖼️ Step 11 SVG ready 5qcz_C_E5V_401 mode=smiles
🔬 Step 11 item 433/623 done 5qcz_C_E5V_401 sdf=written mapped=37 all_atoms=37 dt=0.1s
⏳ Step 11 progress: 433/623
🔬 Step 11 item 434/623 start 5qd0_A_E5Y_401
🖼️ Step 11 SVG ready 5qd0_A_E5Y_401 mode=smiles
🔬 Step 11 item 434/623 done 5qd0_A_E5Y_401 sdf=written mapped=34 all_atoms=34 dt=0.2s
⏳ Step 11 progress: 434/623
🔬 Step 11 item 435/623 start 5qd0_B_E5Y_401
🖼️ Step 11 SVG ready 5qd0_B_E5Y_401 mode=smiles
🔬 Step 11 item 435/623 done 5qd0_B_E5Y_401 sdf=written mapped=34 all_atoms=34 dt=0.2s
⏳ Step 11 progress: 435/623
🔬 Step 11 item 436/623 start 5qd0_C_E5Y_401
🖼️ Step 11 SVG ready 5qd0_C_E5Y_401 mode=smiles
🔬 Step 11 item 436/623 done 5qd0_C_E5Y_401 sdf=written mapped=34 all_atoms=34 dt=0.2s
⏳ Step 11 progress: 436/623
🔬 Step 11 item 437/623 start 5qd1_A_E61_401
🖼️ Step 11 SVG ready 5qd1_A_E61_401 mode=smiles
🔬 Step 11 item 437/623 done 5qd1_A_E61_401 sdf=written mapped=38 all_atoms=38 dt=0.2s
⏳ Step 11 progress: 437/623
🔬 Step 11 item 438/623 start 5qd1_B_E61_401
🖼️ Step 11 SVG ready 5qd1_B_E61_401 mode=smiles
🔬 Step 11 item 438/623 done 5qd1_B_E61_401 sdf=written mapped=38 all_atoms=38 dt=0.2s
⏳ Step 11 progress: 438/623
🔬 Step 11 item 439/623 start 5qd1_C_E61_401
🖼️ Step 11 SVG ready 5qd1_C_E61_401 mode=smiles
🔬 Step 11 item 439/623 done 5qd1_C_E61_401 sdf=written mapped=38 all_atoms=38 dt=0.2s
⏳ Step 11 progress: 439/623
🔬 Step 11 item 440/623 start 5qd2_A_E6J_401
🖼️ Step 11 SVG ready 5qd2_A_E6J_401 mode=smiles
🔬 Step 11 item 440/623 done 5qd2_A_E6J_401 sdf=written mapped=40 all_atoms=40 dt=0.1s
⏳ Step 11 progress: 440/623
🔬 Step 11 item 441/623 start 5qd2_B_E6J_401
🖼️ Step 11 SVG ready 5qd2_B_E6J_401 mode=smiles
🔬 Step 11 item 441/623 done 5qd2_B_E6J_401 sdf=written mapped=40 all_atoms=40 dt=0.2s
⏳ Step 11 progress: 441/623
🔬 Step 11 item 442/623 start 5qd2_C_E6J_401
🖼️ Step 11 SVG ready 5qd2_C_E6J_401 mode=smiles
🔬 Step 11 item 442/623 done 5qd2_C_E6J_401 sdf=written mapped=40 all_atoms=40 dt=0.2s
⏳ Step 11 progress: 442/623
🔬 Step 11 item 443/623 start 5qd3_A_E6M_401
[08:11:15] [mem] running 11_mcsMatcher.py parent=94.7MB child_tree=135.3MB combined=230.0MB
🖼️ Step 11 SVG ready 5qd3_A_E6M_401 mode=smiles
🔬 Step 11 item 443/623 done 5qd3_A_E6M_401 sdf=written mapped=38 all_atoms=38 dt=0.1s
⏳ Step 11 progress: 443/623
🔬 Step 11 item 444/623 start 5qd3_B_E6M_401
🖼️ Step 11 SVG ready 5qd3_B_E6M_401 mode=smiles
🔬 Step 11 item 444/623 done 5qd3_B_E6M_401 sdf=written mapped=38 all_atoms=38 dt=0.1s
⏳ Step 11 progress: 444/623
🔬 Step 11 item 445/623 start 5qd3_C_E6M_401
🖼️ Step 11 SVG ready 5qd3_C_E6M_401 mode=smiles
🔬 Step 11 item 445/623 done 5qd3_C_E6M_401 sdf=written mapped=38 all_atoms=38 dt=0.1s
⏳ Step 11 progress: 445/623
🔬 Step 11 item 446/623 start 5qd5_A_E6P_401
🖼️ Step 11 SVG ready 5qd5_A_E6P_401 mode=smiles
🔬 Step 11 item 446/623 done 5qd5_A_E6P_401 sdf=written mapped=36 all_atoms=36 dt=0.1s
⏳ Step 11 progress: 446/623
🔬 Step 11 item 447/623 start 5qd5_B_E6P_401
🖼️ Step 11 SVG ready 5qd5_B_E6P_401 mode=smiles
🔬 Step 11 item 447/623 done 5qd5_B_E6P_401 sdf=written mapped=36 all_atoms=36 dt=0.1s
⏳ Step 11 progress: 447/623
🔬 Step 11 item 448/623 start 5qd5_C_E6P_401
🖼️ Step 11 SVG ready 5qd5_C_E6P_401 mode=smiles
🔬 Step 11 item 448/623 done 5qd5_C_E6P_401 sdf=written mapped=36 all_atoms=36 dt=0.1s
⏳ Step 11 progress: 448/623
🔬 Step 11 item 449/623 start 5qd6_A_E6S_401
🖼️ Step 11 SVG ready 5qd6_A_E6S_401 mode=smiles
🔬 Step 11 item 449/623 done 5qd6_A_E6S_401 sdf=written mapped=36 all_atoms=36 dt=0.1s
⏳ Step 11 progress: 449/623
🔬 Step 11 item 450/623 start 5qd6_B_E6S_401
🖼️ Step 11 SVG ready 5qd6_B_E6S_401 mode=smiles
🔬 Step 11 item 450/623 done 5qd6_B_E6S_401 sdf=written mapped=36 all_atoms=36 dt=0.1s
⏳ Step 11 progress: 450/623
🔬 Step 11 item 451/623 start 5qd6_C_E6S_401
🖼️ Step 11 SVG ready 5qd6_C_E6S_401 mode=smiles
🔬 Step 11 item 451/623 done 5qd6_C_E6S_401 sdf=written mapped=36 all_atoms=36 dt=0.1s
⏳ Step 11 progress: 451/623
🔬 Step 11 item 452/623 start 5qd8_A_E6V_401
🖼️ Step 11 SVG ready 5qd8_A_E6V_401 mode=smiles
🔬 Step 11 item 452/623 done 5qd8_A_E6V_401 sdf=written mapped=40 all_atoms=40 dt=0.1s
⏳ Step 11 progress: 452/623
🔬 Step 11 item 453/623 start 5qd8_B_E6V_401
🖼️ Step 11 SVG ready 5qd8_B_E6V_401 mode=smiles
🔬 Step 11 item 453/623 done 5qd8_B_E6V_401 sdf=written mapped=40 all_atoms=40 dt=0.1s
⏳ Step 11 progress: 453/623
🔬 Step 11 item 454/623 start 5qd8_C_E6V_401
🖼️ Step 11 SVG ready 5qd8_C_E6V_401 mode=smiles
🔬 Step 11 item 454/623 done 5qd8_C_E6V_401 sdf=written mapped=40 all_atoms=40 dt=0.1s
⏳ Step 11 progress: 454/623
🔬 Step 11 item 455/623 start 5qd9_A_E6Y_401
🖼️ Step 11 SVG ready 5qd9_A_E6Y_401 mode=smiles
🔬 Step 11 item 455/623 done 5qd9_A_E6Y_401 sdf=written mapped=38 all_atoms=38 dt=0.2s
⏳ Step 11 progress: 455/623
🔬 Step 11 item 456/623 start 5qd9_B_E6Y_401
🖼️ Step 11 SVG ready 5qd9_B_E6Y_401 mode=smiles
🔬 Step 11 item 456/623 done 5qd9_B_E6Y_401 sdf=written mapped=38 all_atoms=38 dt=0.1s
⏳ Step 11 progress: 456/623
🔬 Step 11 item 457/623 start 5qd9_C_E6Y_401
🖼️ Step 11 SVG ready 5qd9_C_E6Y_401 mode=smiles
🔬 Step 11 item 457/623 done 5qd9_C_E6Y_401 sdf=written mapped=38 all_atoms=38 dt=0.2s
⏳ Step 11 progress: 457/623
🔬 Step 11 item 458/623 start 5qda_A_E74_401
🖼️ Step 11 SVG ready 5qda_A_E74_401 mode=smiles
🔬 Step 11 item 458/623 done 5qda_A_E74_401 sdf=written mapped=38 all_atoms=38 dt=0.1s
⏳ Step 11 progress: 458/623
🔬 Step 11 item 459/623 start 5qda_B_E74_401
🖼️ Step 11 SVG ready 5qda_B_E74_401 mode=smiles
🔬 Step 11 item 459/623 done 5qda_B_E74_401 sdf=written mapped=38 all_atoms=38 dt=0.1s
⏳ Step 11 progress: 459/623
🔬 Step 11 item 460/623 start 5qda_C_E74_401
🖼️ Step 11 SVG ready 5qda_C_E74_401 mode=smiles
🔬 Step 11 item 460/623 done 5qda_C_E74_401 sdf=written mapped=38 all_atoms=38 dt=0.1s
⏳ Step 11 progress: 460/623
🔬 Step 11 item 461/623 start 5qdc_A_E77_402
🖼️ Step 11 SVG ready 5qdc_A_E77_402 mode=smiles
🔬 Step 11 item 461/623 done 5qdc_A_E77_402 sdf=written mapped=32 all_atoms=32 dt=0.1s
⏳ Step 11 progress: 461/623
🔬 Step 11 item 462/623 start 5qdc_B_E77_402
🖼️ Step 11 SVG ready 5qdc_B_E77_402 mode=smiles
🔬 Step 11 item 462/623 done 5qdc_B_E77_402 sdf=written mapped=32 all_atoms=32 dt=0.1s
⏳ Step 11 progress: 462/623
🔬 Step 11 item 463/623 start 5qdc_C_E77_402
🖼️ Step 11 SVG ready 5qdc_C_E77_402 mode=smiles
🔬 Step 11 item 463/623 done 5qdc_C_E77_402 sdf=written mapped=32 all_atoms=32 dt=0.1s
⏳ Step 11 progress: 463/623
🔬 Step 11 item 464/623 start 5qdd_A_E7A_402
🖼️ Step 11 SVG ready 5qdd_A_E7A_402 mode=smiles
🔬 Step 11 item 464/623 done 5qdd_A_E7A_402 sdf=written mapped=30 all_atoms=30 dt=0.1s
⏳ Step 11 progress: 464/623
🔬 Step 11 item 465/623 start 5qdd_B_E7A_402
🖼️ Step 11 SVG ready 5qdd_B_E7A_402 mode=smiles
🔬 Step 11 item 465/623 done 5qdd_B_E7A_402 sdf=written mapped=30 all_atoms=30 dt=0.1s
⏳ Step 11 progress: 465/623
🔬 Step 11 item 466/623 start 5qdd_C_E7A_402
🖼️ Step 11 SVG ready 5qdd_C_E7A_402 mode=smiles
🔬 Step 11 item 466/623 done 5qdd_C_E7A_402 sdf=written mapped=30 all_atoms=30 dt=0.1s
⏳ Step 11 progress: 466/623
🔬 Step 11 item 467/623 start 6c2i_A_EJ7_407
⚠️ Step 11 item skipped: 467/623 6c2i_A_EJ7_407 stage=BUILD_ROWS reason=ITEM_FAILED
🖼️ Step 11 SVG ready 6c2i_A_EJ7_407 mode=smiles
🔬 Step 11 item 467/623 done 6c2i_A_EJ7_407 sdf=written mapped=27 all_atoms=45 dt=0.1s
⏳ Step 11 progress: 467/623
🔬 Step 11 item 468/623 start 3hvg_A_EV0_441
🖼️ Step 11 SVG ready 3hvg_A_EV0_441 mode=smiles
🔬 Step 11 item 468/623 done 3hvg_A_EV0_441 sdf=written mapped=11 all_atoms=11 dt=0.1s
⏳ Step 11 progress: 468/623
🔬 Step 11 item 469/623 start 3hvg_B_EV0_441
🖼️ Step 11 SVG ready 3hvg_B_EV0_441 mode=smiles
🔬 Step 11 item 469/623 done 3hvg_B_EV0_441 sdf=written mapped=11 all_atoms=11 dt=0.1s
⏳ Step 11 progress: 469/623
🔬 Step 11 item 470/623 start 3hvg_B_EV0_442
🖼️ Step 11 SVG ready 3hvg_B_EV0_442 mode=smiles
🔬 Step 11 item 470/623 done 3hvg_B_EV0_442 sdf=written mapped=11 all_atoms=11 dt=0.1s
⏳ Step 11 progress: 470/623
🔬 Step 11 item 471/623 start 3hw1_A_EV2_393
🖼️ Step 11 SVG ready 3hw1_A_EV2_393 mode=smiles
🔬 Step 11 item 471/623 done 3hw1_A_EV2_393 sdf=written mapped=16 all_atoms=16 dt=0.1s
⏳ Step 11 progress: 471/623
🔬 Step 11 item 472/623 start 3hw1_B_EV2_393
⚠️ Step 11 item skipped: 472/623 3hw1_B_EV2_393 stage=BUILD_ROWS reason=ITEM_FAILED
🖼️ Step 11 SVG ready 3hw1_B_EV2_393 mode=smiles
🔬 Step 11 item 472/623 done 3hw1_B_EV2_393 sdf=written mapped=16 all_atoms=32 dt=0.1s
⏳ Step 11 progress: 472/623
🔬 Step 11 item 473/623 start 3hw1_C_EV2_393
🖼️ Step 11 SVG ready 3hw1_C_EV2_393 mode=smiles
🔬 Step 11 item 473/623 done 3hw1_C_EV2_393 sdf=written mapped=16 all_atoms=16 dt=0.1s
⏳ Step 11 progress: 473/623
🔬 Step 11 item 474/623 start 3msj_A_EV3_393
🖼️ Step 11 SVG ready 3msj_A_EV3_393 mode=smiles
🔬 Step 11 item 474/623 done 3msj_A_EV3_393 sdf=written mapped=15 all_atoms=15 dt=0.1s
⏳ Step 11 progress: 474/623
🔬 Step 11 item 475/623 start 3msj_B_EV3_393
🖼️ Step 11 SVG ready 3msj_B_EV3_393 mode=smiles
🔬 Step 11 item 475/623 done 3msj_B_EV3_393 sdf=written mapped=15 all_atoms=15 dt=0.1s
⏳ Step 11 progress: 475/623
🔬 Step 11 item 476/623 start 3msj_C_EV3_393
🖼️ Step 11 SVG ready 3msj_C_EV3_393 mode=smiles
🔬 Step 11 item 476/623 done 3msj_C_EV3_393 sdf=written mapped=15 all_atoms=15 dt=0.1s
⏳ Step 11 progress: 476/623
🔬 Step 11 item 477/623 start 3msk_A_EV4_396
🖼️ Step 11 SVG ready 3msk_A_EV4_396 mode=smiles
🔬 Step 11 item 477/623 done 3msk_A_EV4_396 sdf=written mapped=24 all_atoms=24 dt=0.1s
⏳ Step 11 progress: 477/623
🔬 Step 11 item 478/623 start 3msl_A_EV5_395
🖼️ Step 11 SVG ready 3msl_A_EV5_395 mode=smiles
🔬 Step 11 item 478/623 done 3msl_A_EV5_395 sdf=written mapped=25 all_atoms=25 dt=0.1s
⏳ Step 11 progress: 478/623
🔬 Step 11 item 479/623 start 3s2o_A_EV6_393
🖼️ Step 11 SVG ready 3s2o_A_EV6_393 mode=smiles
🔬 Step 11 item 479/623 done 3s2o_A_EV6_393 sdf=written mapped=28 all_atoms=28 dt=0.1s
⏳ Step 11 progress: 479/623
🔬 Step 11 item 480/623 start 2zjh_A_F1H_449
[08:11:21] [mem] running 11_mcsMatcher.py parent=94.7MB child_tree=135.3MB combined=230.0MB
🖼️ Step 11 SVG ready 2zjh_A_F1H_449 mode=smiles
🔬 Step 11 item 480/623 done 2zjh_A_F1H_449 sdf=written mapped=20 all_atoms=20 dt=0.1s
⏳ Step 11 progress: 480/623
🔬 Step 11 item 481/623 start 2zji_A_F1I_449
🖼️ Step 11 SVG ready 2zji_A_F1I_449 mode=smiles
🔬 Step 11 item 481/623 done 2zji_A_F1I_449 sdf=written mapped=24 all_atoms=24 dt=0.1s
⏳ Step 11 progress: 481/623
🔬 Step 11 item 482/623 start 2zjj_A_F1J_449
🖼️ Step 11 SVG ready 2zjj_A_F1J_449 mode=smiles
🔬 Step 11 item 482/623 done 2zjj_A_F1J_449 sdf=written mapped=20 all_atoms=20 dt=0.1s
⏳ Step 11 progress: 482/623
🔬 Step 11 item 483/623 start 2zjk_A_F1K_449
🖼️ Step 11 SVG ready 2zjk_A_F1K_449 mode=smiles
🔬 Step 11 item 483/623 done 2zjk_A_F1K_449 sdf=written mapped=21 all_atoms=21 dt=0.1s
⏳ Step 11 progress: 483/623
🔬 Step 11 item 484/623 start 2zjk_B_F1K_449
🖼️ Step 11 SVG ready 2zjk_B_F1K_449 mode=smiles
🔬 Step 11 item 484/623 done 2zjk_B_F1K_449 sdf=written mapped=21 all_atoms=21 dt=0.1s
⏳ Step 11 progress: 484/623
🔬 Step 11 item 485/623 start 2zjk_C_F1K_449
🖼️ Step 11 SVG ready 2zjk_C_F1K_449 mode=smiles
🔬 Step 11 item 485/623 done 2zjk_C_F1K_449 sdf=written mapped=21 all_atoms=21 dt=0.1s
⏳ Step 11 progress: 485/623
🔬 Step 11 item 486/623 start 2zjl_A_F1L_449
🖼️ Step 11 SVG ready 2zjl_A_F1L_449 mode=smiles
🔬 Step 11 item 486/623 done 2zjl_A_F1L_449 sdf=written mapped=25 all_atoms=25 dt=0.1s
⏳ Step 11 progress: 486/623
🔬 Step 11 item 487/623 start 2zjm_A_F1M_395
🖼️ Step 11 SVG ready 2zjm_A_F1M_395 mode=smiles
🔬 Step 11 item 487/623 done 2zjm_A_F1M_395 sdf=written mapped=35 all_atoms=35 dt=0.1s
⏳ Step 11 progress: 487/623
🔬 Step 11 item 488/623 start 2zjn_A_F1N_449
🖼️ Step 11 SVG ready 2zjn_A_F1N_449 mode=smiles
🔬 Step 11 item 488/623 done 2zjn_A_F1N_449 sdf=written mapped=36 all_atoms=36 dt=0.1s
⏳ Step 11 progress: 488/623
🔬 Step 11 item 489/623 start 2iqg_A_F2I_801
🖼️ Step 11 SVG ready 2iqg_A_F2I_801 mode=smiles
🔬 Step 11 item 489/623 done 2iqg_A_F2I_801 sdf=written mapped=41 all_atoms=41 dt=0.1s
⏳ Step 11 progress: 489/623
🔬 Step 11 item 490/623 start 2fdp_A_FRP_386
🖼️ Step 11 SVG ready 2fdp_A_FRP_386 mode=smiles
🔬 Step 11 item 490/623 done 2fdp_A_FRP_386 sdf=written mapped=41 all_atoms=41 dt=0.1s
⏳ Step 11 progress: 490/623
🔬 Step 11 item 491/623 start 2fdp_B_FRP_386
🖼️ Step 11 SVG ready 2fdp_B_FRP_386 mode=smiles
🔬 Step 11 item 491/623 done 2fdp_B_FRP_386 sdf=written mapped=41 all_atoms=41 dt=0.1s
⏳ Step 11 progress: 491/623
🔬 Step 11 item 492/623 start 2fdp_C_FRP_386
🖼️ Step 11 SVG ready 2fdp_C_FRP_386 mode=smiles
🔬 Step 11 item 492/623 done 2fdp_C_FRP_386 sdf=written mapped=41 all_atoms=41 dt=0.1s
⏳ Step 11 progress: 492/623
🔬 Step 11 item 493/623 start 3kmx_A_G00_501
⚠️ Step 11 item skipped: 493/623 3kmx_A_G00_501 stage=BUILD_ROWS reason=ITEM_FAILED
🖼️ Step 11 SVG ready 3kmx_A_G00_501 mode=smiles
🔬 Step 11 item 493/623 done 3kmx_A_G00_501 sdf=written mapped=17 all_atoms=17 dt=0.1s
⏳ Step 11 progress: 493/623
🔬 Step 11 item 494/623 start 3kmx_B_G00_501
⚠️ Step 11 item skipped: 494/623 3kmx_B_G00_501 stage=BUILD_ROWS reason=ITEM_FAILED
🖼️ Step 11 SVG ready 3kmx_B_G00_501 mode=smiles
🔬 Step 11 item 494/623 done 3kmx_B_G00_501 sdf=written mapped=17 all_atoms=17 dt=0.1s
⏳ Step 11 progress: 494/623
🔬 Step 11 item 495/623 start 6dhc_A_GHJ_401
⚠️ Step 11 item skipped: 495/623 6dhc_A_GHJ_401 stage=BUILD_ROWS reason=ITEM_FAILED
🖼️ Step 11 SVG ready 6dhc_A_GHJ_401 mode=smiles
🔬 Step 11 item 495/623 done 6dhc_A_GHJ_401 sdf=written mapped=42 all_atoms=93 dt=0.1s
⏳ Step 11 progress: 495/623
🔬 Step 11 item 496/623 start 6dhc_B_GHJ_401
⚠️ Step 11 item skipped: 496/623 6dhc_B_GHJ_401 stage=BUILD_ROWS reason=ITEM_FAILED
🖼️ Step 11 SVG ready 6dhc_B_GHJ_401 mode=smiles
🔬 Step 11 item 496/623 done 6dhc_B_GHJ_401 sdf=written mapped=42 all_atoms=93 dt=0.1s
⏳ Step 11 progress: 496/623
🔬 Step 11 item 497/623 start 6dhc_C_GHJ_401
⚠️ Step 11 item skipped: 497/623 6dhc_C_GHJ_401 stage=BUILD_ROWS reason=ITEM_FAILED
🖼️ Step 11 SVG ready 6dhc_C_GHJ_401 mode=smiles
🔬 Step 11 item 497/623 done 6dhc_C_GHJ_401 sdf=written mapped=42 all_atoms=93 dt=0.1s
⏳ Step 11 progress: 497/623
🔬 Step 11 item 498/623 start 4b0q_A_GMF_1385
⚠️ Step 11 item skipped: 498/623 4b0q_A_GMF_1385 stage=BUILD_ROWS reason=ITEM_FAILED
🖼️ Step 11 SVG ready 4b0q_A_GMF_1385 mode=smiles
🔬 Step 11 item 498/623 done 4b0q_A_GMF_1385 sdf=written mapped=25 all_atoms=25 dt=0.1s
⏳ Step 11 progress: 498/623
🔬 Step 11 item 499/623 start 7d2x_A_GTU_505
🖼️ Step 11 SVG ready 7d2x_A_GTU_505 mode=smiles
🔬 Step 11 item 499/623 done 7d2x_A_GTU_505 sdf=written mapped=28 all_atoms=28 dt=0.1s
⏳ Step 11 progress: 499/623
🔬 Step 11 item 500/623 start 7d36_A_GUC_508
🖼️ Step 11 SVG ready 7d36_A_GUC_508 mode=smiles
🔬 Step 11 item 500/623 done 7d36_A_GUC_508 sdf=written mapped=32 all_atoms=32 dt=0.1s
⏳ Step 11 progress: 500/623
🔬 Step 11 item 501/623 start 7d5a_A_GX6_504
🖼️ Step 11 SVG ready 7d5a_A_GX6_504 mode=smiles
🔬 Step 11 item 501/623 done 7d5a_A_GX6_504 sdf=written mapped=33 all_atoms=33 dt=0.1s
⏳ Step 11 progress: 501/623
🔬 Step 11 item 502/623 start 4fs4_A_H24_501
🖼️ Step 11 SVG ready 4fs4_A_H24_501 mode=smiles
🔬 Step 11 item 502/623 done 4fs4_A_H24_501 sdf=written mapped=24 all_atoms=24 dt=0.1s
⏳ Step 11 progress: 502/623
🔬 Step 11 item 503/623 start 4fs4_B_H24_501
🖼️ Step 11 SVG ready 4fs4_B_H24_501 mode=smiles
🔬 Step 11 item 503/623 done 4fs4_B_H24_501 sdf=written mapped=24 all_atoms=24 dt=0.1s
⏳ Step 11 progress: 503/623
🔬 Step 11 item 504/623 start 7dcz_A_H3C_406
🖼️ Step 11 SVG ready 7dcz_A_H3C_406 mode=smiles
🔬 Step 11 item 504/623 done 7dcz_A_H3C_406 sdf=written mapped=26 all_atoms=26 dt=0.1s
⏳ Step 11 progress: 504/623
🔬 Step 11 item 505/623 start 6e3z_A_HRV_401
🖼️ Step 11 SVG ready 6e3z_A_HRV_401 mode=smiles
🔬 Step 11 item 505/623 done 6e3z_A_HRV_401 sdf=written mapped=30 all_atoms=30 dt=0.1s
⏳ Step 11 progress: 505/623
🔬 Step 11 item 506/623 start 6e3z_B_HRV_401
🖼️ Step 11 SVG ready 6e3z_B_HRV_401 mode=smiles
🔬 Step 11 item 506/623 done 6e3z_B_HRV_401 sdf=written mapped=30 all_atoms=30 dt=0.1s
⏳ Step 11 progress: 506/623
🔬 Step 11 item 507/623 start 6e3z_C_HRV_401
🖼️ Step 11 SVG ready 6e3z_C_HRV_401 mode=smiles
🔬 Step 11 item 507/623 done 6e3z_C_HRV_401 sdf=written mapped=30 all_atoms=30 dt=0.1s
⏳ Step 11 progress: 507/623
🔬 Step 11 item 508/623 start 6e3z_C_HRV_402
🖼️ Step 11 SVG ready 6e3z_C_HRV_402 mode=smiles
🔬 Step 11 item 508/623 done 6e3z_C_HRV_402 sdf=written mapped=30 all_atoms=30 dt=0.1s
⏳ Step 11 progress: 508/623
🔬 Step 11 item 509/623 start 2irz_A_I02_386
🖼️ Step 11 SVG ready 2irz_A_I02_386 mode=smiles
🔬 Step 11 item 509/623 done 2irz_A_I02_386 sdf=written mapped=39 all_atoms=39 dt=0.1s
⏳ Step 11 progress: 509/623
🔬 Step 11 item 510/623 start 2is0_A_I03_386
🖼️ Step 11 SVG ready 2is0_A_I03_386 mode=smiles
🔬 Step 11 item 510/623 done 2is0_A_I03_386 sdf=written mapped=39 all_atoms=39 dt=0.1s
⏳ Step 11 progress: 510/623
🔬 Step 11 item 511/623 start 2qzk_A_I21_400
🖼️ Step 11 SVG ready 2qzk_A_I21_400 mode=smiles
🔬 Step 11 item 511/623 done 2qzk_A_I21_400 sdf=written mapped=40 all_atoms=40 dt=0.1s
⏳ Step 11 progress: 511/623
🔬 Step 11 item 512/623 start 4b00_A_I6X_1507
🖼️ Step 11 SVG ready 4b00_A_I6X_1507 mode=smiles
🔬 Step 11 item 512/623 done 4b00_A_I6X_1507 sdf=written mapped=36 all_atoms=36 dt=0.1s
⏳ Step 11 progress: 512/623
🔬 Step 11 item 513/623 start 5mxd_A_III_701
🖼️ Step 11 SVG ready 5mxd_A_III_701 mode=smiles
🔬 Step 11 item 513/623 done 5mxd_A_III_701 sdf=written mapped=18 all_atoms=18 dt=0.1s
⏳ Step 11 progress: 513/623
🔬 Step 11 item 514/623 start 5mxd_B_III_701
🖼️ Step 11 SVG ready 5mxd_B_III_701 mode=smiles
🔬 Step 11 item 514/623 done 5mxd_B_III_701 sdf=written mapped=18 all_atoms=18 dt=0.1s
⏳ Step 11 progress: 514/623
🔬 Step 11 item 515/623 start 5mxd_C_III_701
🖼️ Step 11 SVG ready 5mxd_C_III_701 mode=smiles
🔬 Step 11 item 515/623 done 5mxd_C_III_701 sdf=written mapped=18 all_atoms=18 dt=0.1s
⏳ Step 11 progress: 515/623
🔬 Step 11 item 516/623 start 2oht_A_IP6_601
🖼️ Step 11 SVG ready 2oht_A_IP6_601 mode=smiles
🔬 Step 11 item 516/623 done 2oht_A_IP6_601 sdf=written mapped=24 all_atoms=24 dt=0.1s
⏳ Step 11 progress: 516/623
🔬 Step 11 item 517/623 start 2ohu_A_IP7_390
🖼️ Step 11 SVG ready 2ohu_A_IP7_390 mode=smiles
🔬 Step 11 item 517/623 done 2ohu_A_IP7_390 sdf=written mapped=32 all_atoms=32 dt=0.1s
⏳ Step 11 progress: 517/623
🔬 Step 11 item 518/623 start 2qzl_A_IXS_449
🖼️ Step 11 SVG ready 2qzl_A_IXS_449 mode=smiles
🔬 Step 11 item 518/623 done 2qzl_A_IXS_449 sdf=written mapped=46 all_atoms=46 dt=0.1s
⏳ Step 11 progress: 518/623
🔬 Step 11 item 519/623 start 4b78_A_KGG_1385
🖼️ Step 11 SVG ready 4b78_A_KGG_1385 mode=smiles
🔬 Step 11 item 519/623 done 4b78_A_KGG_1385 sdf=written mapped=28 all_atoms=28 dt=0.1s
⏳ Step 11 progress: 519/623
🔬 Step 11 item 520/623 start 2ntr_A_L00_401
🖼️ Step 11 SVG ready 2ntr_A_L00_401 mode=smiles
🔬 Step 11 item 520/623 done 2ntr_A_L00_401 sdf=written mapped=38 all_atoms=38 dt=0.1s
⏳ Step 11 progress: 520/623
🔬 Step 11 item 521/623 start 1w51_A_L01_1506
🖼️ Step 11 SVG ready 1w51_A_L01_1506 mode=smiles
🔬 Step 11 item 521/623 done 1w51_A_L01_1506 sdf=written mapped=39 all_atoms=39 dt=0.1s
⏳ Step 11 progress: 521/623
🔬 Step 11 item 522/623 start 6nv7_A_L3J_401
🖼️ Step 11 SVG ready 6nv7_A_L3J_401 mode=smiles
🔬 Step 11 item 522/623 done 6nv7_A_L3J_401 sdf=written mapped=42 all_atoms=42 dt=0.1s
⏳ Step 11 progress: 522/623
🔬 Step 11 item 523/623 start 6nv7_B_L3J_401
🖼️ Step 11 SVG ready 6nv7_B_L3J_401 mode=smiles
🔬 Step 11 item 523/623 done 6nv7_B_L3J_401 sdf=written mapped=42 all_atoms=42 dt=0.1s
⏳ Step 11 progress: 523/623
🔬 Step 11 item 524/623 start 6nv7_C_L3J_401
[08:11:26] [mem] running 11_mcsMatcher.py parent=94.7MB child_tree=135.4MB combined=230.1MB
🖼️ Step 11 SVG ready 6nv7_C_L3J_401 mode=smiles
🔬 Step 11 item 524/623 done 6nv7_C_L3J_401 sdf=written mapped=42 all_atoms=42 dt=0.1s
⏳ Step 11 progress: 524/623
🔬 Step 11 item 525/623 start 6nv9_A_L3M_401
⚠️ Step 11 item skipped: 525/623 6nv9_A_L3M_401 stage=BUILD_ROWS reason=ITEM_FAILED
🖼️ Step 11 SVG ready 6nv9_A_L3M_401 mode=smiles
🔬 Step 11 item 525/623 done 6nv9_A_L3M_401 sdf=written mapped=44 all_atoms=96 dt=0.1s
⏳ Step 11 progress: 525/623
🔬 Step 11 item 526/623 start 6nv9_B_L3M_401
⚠️ Step 11 item skipped: 526/623 6nv9_B_L3M_401 stage=BUILD_ROWS reason=ITEM_FAILED
🖼️ Step 11 SVG ready 6nv9_B_L3M_401 mode=smiles
🔬 Step 11 item 526/623 done 6nv9_B_L3M_401 sdf=written mapped=44 all_atoms=96 dt=0.1s
⏳ Step 11 progress: 526/623
🔬 Step 11 item 527/623 start 6nv9_C_L3M_401
⚠️ Step 11 item skipped: 527/623 6nv9_C_L3M_401 stage=BUILD_ROWS reason=ITEM_FAILED
🖼️ Step 11 SVG ready 6nv9_C_L3M_401 mode=smiles
🔬 Step 11 item 527/623 done 6nv9_C_L3M_401 sdf=written mapped=44 all_atoms=96 dt=0.1s
⏳ Step 11 progress: 527/623
🔬 Step 11 item 528/623 start 6nw3_A_L4J_401
🖼️ Step 11 SVG ready 6nw3_A_L4J_401 mode=smiles
🔬 Step 11 item 528/623 done 6nw3_A_L4J_401 sdf=written mapped=43 all_atoms=43 dt=0.1s
⏳ Step 11 progress: 528/623
🔬 Step 11 item 529/623 start 6nw3_B_L4J_401
🖼️ Step 11 SVG ready 6nw3_B_L4J_401 mode=smiles
🔬 Step 11 item 529/623 done 6nw3_B_L4J_401 sdf=written mapped=43 all_atoms=43 dt=0.1s
⏳ Step 11 progress: 529/623
🔬 Step 11 item 530/623 start 6nw3_C_L4J_401
🖼️ Step 11 SVG ready 6nw3_C_L4J_401 mode=smiles
🔬 Step 11 item 530/623 done 6nw3_C_L4J_401 sdf=written mapped=43 all_atoms=43 dt=0.1s
⏳ Step 11 progress: 530/623
🔬 Step 11 item 531/623 start 2hm1_A_LIQ_801
🖼️ Step 11 SVG ready 2hm1_A_LIQ_801 mode=smiles
🔬 Step 11 item 531/623 done 2hm1_A_LIQ_801 sdf=written mapped=45 all_atoms=45 dt=0.1s
⏳ Step 11 progress: 531/623
🔬 Step 11 item 532/623 start 4gid_A_LPD_502
🖼️ Step 11 SVG ready 4gid_A_LPD_502 mode=smiles
🔬 Step 11 item 532/623 done 4gid_A_LPD_502 sdf=written mapped=8 all_atoms=8 dt=0.1s
⏳ Step 11 progress: 532/623
🔬 Step 11 item 533/623 start 4gid_B_LPD_502
🖼️ Step 11 SVG ready 4gid_B_LPD_502 mode=smiles
🔬 Step 11 item 533/623 done 4gid_B_LPD_502 sdf=written mapped=8 all_atoms=8 dt=0.1s
⏳ Step 11 progress: 533/623
🔬 Step 11 item 534/623 start 4gid_C_LPD_502
🖼️ Step 11 SVG ready 4gid_C_LPD_502 mode=smiles
🔬 Step 11 item 534/623 done 4gid_C_LPD_502 sdf=written mapped=8 all_atoms=8 dt=0.1s
⏳ Step 11 progress: 534/623
🔬 Step 11 item 535/623 start 4gid_D_LPD_502
🖼️ Step 11 SVG ready 4gid_D_LPD_502 mode=smiles
🔬 Step 11 item 535/623 done 4gid_D_LPD_502 sdf=written mapped=8 all_atoms=8 dt=0.1s
⏳ Step 11 progress: 535/623
🔬 Step 11 item 536/623 start 6od6_A_M7D_401
🖼️ Step 11 SVG ready 6od6_A_M7D_401 mode=smiles
🔬 Step 11 item 536/623 done 6od6_A_M7D_401 sdf=written mapped=29 all_atoms=29 dt=0.1s
⏳ Step 11 progress: 536/623
🔬 Step 11 item 537/623 start 6od6_B_M7D_401
🖼️ Step 11 SVG ready 6od6_B_M7D_401 mode=smiles
🔬 Step 11 item 537/623 done 6od6_B_M7D_401 sdf=written mapped=29 all_atoms=29 dt=0.1s
⏳ Step 11 progress: 537/623
🔬 Step 11 item 538/623 start 6od6_C_M7D_401
🖼️ Step 11 SVG ready 6od6_C_M7D_401 mode=smiles
🔬 Step 11 item 538/623 done 6od6_C_M7D_401 sdf=written mapped=29 all_atoms=29 dt=0.1s
⏳ Step 11 progress: 538/623
🔬 Step 11 item 539/623 start 1xs7_D_MMI_386
🖼️ Step 11 SVG ready 1xs7_D_MMI_386 mode=smiles
🔬 Step 11 item 539/623 done 1xs7_D_MMI_386 sdf=written mapped=52 all_atoms=52 dt=0.1s
⏳ Step 11 progress: 539/623
🔬 Step 11 item 540/623 start 3i25_A_MV7_531
🖼️ Step 11 SVG ready 3i25_A_MV7_531 mode=smiles
🔬 Step 11 item 540/623 done 3i25_A_MV7_531 sdf=written mapped=63 all_atoms=63 dt=0.1s
⏳ Step 11 progress: 540/623
🔬 Step 11 item 541/623 start 3i25_B_MV7_531
🖼️ Step 11 SVG ready 3i25_B_MV7_531 mode=smiles
🔬 Step 11 item 541/623 done 3i25_B_MV7_531 sdf=written mapped=63 all_atoms=63 dt=0.1s
⏳ Step 11 progress: 541/623
🔬 Step 11 item 542/623 start 3i25_C_MV7_531
🖼️ Step 11 SVG ready 3i25_C_MV7_531 mode=smiles
🔬 Step 11 item 542/623 done 3i25_C_MV7_531 sdf=written mapped=63 all_atoms=63 dt=0.1s
⏳ Step 11 progress: 542/623
🔬 Step 11 item 543/623 start 2p8h_A_MY9_386
🖼️ Step 11 SVG ready 2p8h_A_MY9_386 mode=smiles
🔬 Step 11 item 543/623 done 2p8h_A_MY9_386 sdf=written mapped=46 all_atoms=46 dt=0.1s
⏳ Step 11 progress: 543/623
🔬 Step 11 item 544/623 start 6pz4_A_P6J_506
🖼️ Step 11 SVG ready 6pz4_A_P6J_506 mode=smiles
🔬 Step 11 item 544/623 done 6pz4_A_P6J_506 sdf=written mapped=33 all_atoms=33 dt=0.1s
⏳ Step 11 progress: 544/623
🔬 Step 11 item 545/623 start 5t1u_A_P6U_401
🖼️ Step 11 SVG ready 5t1u_A_P6U_401 mode=smiles
🔬 Step 11 item 545/623 done 5t1u_A_P6U_401 sdf=written mapped=25 all_atoms=25 dt=0.1s
⏳ Step 11 progress: 545/623
🔬 Step 11 item 546/623 start 3qbh_A_QBH_387
🖼️ Step 11 SVG ready 3qbh_A_QBH_387 mode=smiles
🔬 Step 11 item 546/623 done 3qbh_A_QBH_387 sdf=written mapped=38 all_atoms=38 dt=0.1s
⏳ Step 11 progress: 546/623
🔬 Step 11 item 547/623 start 3qbh_B_QBH_387
🖼️ Step 11 SVG ready 3qbh_B_QBH_387 mode=smiles
🔬 Step 11 item 547/623 done 3qbh_B_QBH_387 sdf=written mapped=38 all_atoms=38 dt=0.1s
⏳ Step 11 progress: 547/623
🔬 Step 11 item 548/623 start 3qbh_C_QBH_387
🖼️ Step 11 SVG ready 3qbh_C_QBH_387 mode=smiles
🔬 Step 11 item 548/623 done 3qbh_C_QBH_387 sdf=written mapped=38 all_atoms=38 dt=0.1s
⏳ Step 11 progress: 548/623
🔬 Step 11 item 549/623 start 2oah_A_QIN_902
🖼️ Step 11 SVG ready 2oah_A_QIN_902 mode=smiles
🔬 Step 11 item 549/623 done 2oah_A_QIN_902 sdf=written mapped=34 all_atoms=34 dt=0.1s
⏳ Step 11 progress: 549/623
🔬 Step 11 item 550/623 start 6uvp_A_QJJ_401
🖼️ Step 11 SVG ready 6uvp_A_QJJ_401 mode=smiles
🔬 Step 11 item 550/623 done 6uvp_A_QJJ_401 sdf=written mapped=23 all_atoms=23 dt=0.1s
⏳ Step 11 progress: 550/623
🔬 Step 11 item 551/623 start 6uvp_B_QJJ_401
🖼️ Step 11 SVG ready 6uvp_B_QJJ_401 mode=smiles
🔬 Step 11 item 551/623 done 6uvp_B_QJJ_401 sdf=written mapped=23 all_atoms=23 dt=0.3s
⏱ Step 11 heartbeat: processed=551/623 current=6uvp_B_QJJ_401 stage=ITEM_DONE elapsed=140s item_elapsed=0s sdf_written=550 sdf_failed=1 svg_written=550 item_failures=108 last_done=6uvp_B_QJJ_401
⏳ Step 11 progress: 551/623
🔬 Step 11 item 552/623 start 6uvp_B_QJJ_402
🖼️ Step 11 SVG ready 6uvp_B_QJJ_402 mode=smiles
🔬 Step 11 item 552/623 done 6uvp_B_QJJ_402 sdf=written mapped=23 all_atoms=23 dt=0.1s
⏳ Step 11 progress: 552/623
🔬 Step 11 item 553/623 start 6uvp_B_QJJ_403
🖼️ Step 11 SVG ready 6uvp_B_QJJ_403 mode=smiles
🔬 Step 11 item 553/623 done 6uvp_B_QJJ_403 sdf=written mapped=23 all_atoms=23 dt=0.1s
⏳ Step 11 progress: 553/623
🔬 Step 11 item 554/623 start 6uvp_A_QJM_402
🖼️ Step 11 SVG ready 6uvp_A_QJM_402 mode=smiles
🔬 Step 11 item 554/623 done 6uvp_A_QJM_402 sdf=written mapped=23 all_atoms=23 dt=0.1s
⏳ Step 11 progress: 554/623
🔬 Step 11 item 555/623 start 6uvp_B_QJM_404
🖼️ Step 11 SVG ready 6uvp_B_QJM_404 mode=smiles
🔬 Step 11 item 555/623 done 6uvp_B_QJM_404 sdf=written mapped=23 all_atoms=23 dt=0.1s
⏳ Step 11 progress: 555/623
🔬 Step 11 item 556/623 start 6uvy_A_QJP_401
🖼️ Step 11 SVG ready 6uvy_A_QJP_401 mode=smiles
🔬 Step 11 item 556/623 done 6uvy_A_QJP_401 sdf=written mapped=21 all_atoms=21 dt=0.1s
⏳ Step 11 progress: 556/623
🔬 Step 11 item 557/623 start 6uvy_B_QJP_401
🖼️ Step 11 SVG ready 6uvy_B_QJP_401 mode=smiles
🔬 Step 11 item 557/623 done 6uvy_B_QJP_401 sdf=written mapped=21 all_atoms=21 dt=0.1s
⏳ Step 11 progress: 557/623
🔬 Step 11 item 558/623 start 6uvv_A_QJV_401
🖼️ Step 11 SVG ready 6uvv_A_QJV_401 mode=smiles
🔬 Step 11 item 558/623 done 6uvv_A_QJV_401 sdf=written mapped=20 all_atoms=20 dt=0.1s
⏳ Step 11 progress: 558/623
🔬 Step 11 item 559/623 start 6uvv_B_QJV_401
🖼️ Step 11 SVG ready 6uvv_B_QJV_401 mode=smiles
🔬 Step 11 item 559/623 done 6uvv_B_QJV_401 sdf=written mapped=20 all_atoms=20 dt=0.1s
⏳ Step 11 progress: 559/623
🔬 Step 11 item 560/623 start 6uwv_A_QK7_401
🖼️ Step 11 SVG ready 6uwv_A_QK7_401 mode=smiles
🔬 Step 11 item 560/623 done 6uwv_A_QK7_401 sdf=written mapped=28 all_atoms=28 dt=0.1s
⏳ Step 11 progress: 560/623
🔬 Step 11 item 561/623 start 6uwv_B_QK7_401
🖼️ Step 11 SVG ready 6uwv_B_QK7_401 mode=smiles
🔬 Step 11 item 561/623 done 6uwv_B_QK7_401 sdf=written mapped=28 all_atoms=28 dt=0.1s
⏳ Step 11 progress: 561/623
🔬 Step 11 item 562/623 start 6uwp_A_QKA_401
🖼️ Step 11 SVG ready 6uwp_A_QKA_401 mode=smiles
🔬 Step 11 item 562/623 done 6uwp_A_QKA_401 sdf=written mapped=27 all_atoms=27 dt=0.1s
⏳ Step 11 progress: 562/623
🔬 Step 11 item 563/623 start 6uwp_B_QKA_401
🖼️ Step 11 SVG ready 6uwp_B_QKA_401 mode=smiles
🔬 Step 11 item 563/623 done 6uwp_B_QKA_401 sdf=written mapped=27 all_atoms=27 dt=0.1s
⏳ Step 11 progress: 563/623
🔬 Step 11 item 564/623 start 4acu_A_QN7_1506
[08:11:31] [mem] running 11_mcsMatcher.py parent=94.7MB child_tree=135.4MB combined=230.1MB
🖼️ Step 11 SVG ready 4acu_A_QN7_1506 mode=smiles
🔬 Step 11 item 564/623 done 4acu_A_QN7_1506 sdf=written mapped=33 all_atoms=33 dt=0.1s
⏳ Step 11 progress: 564/623
🔬 Step 11 item 565/623 start 2wjo_A_QUD_1389
[08:11:31] WARNING: More than one matching pattern found - picking one
🖼️ Step 11 SVG ready 2wjo_A_QUD_1389 mode=smiles
🔬 Step 11 item 565/623 done 2wjo_A_QUD_1389 sdf=written mapped=35 all_atoms=35 dt=0.1s
⏳ Step 11 progress: 565/623
🔬 Step 11 item 566/623 start 3rsx_A_RSV_397
🖼️ Step 11 SVG ready 3rsx_A_RSV_397 mode=smiles
🔬 Step 11 item 566/623 done 3rsx_A_RSV_397 sdf=written mapped=16 all_atoms=16 dt=0.1s
⏳ Step 11 progress: 566/623
🔬 Step 11 item 567/623 start 3rth_A_RTH_397
🖼️ Step 11 SVG ready 3rth_A_RTH_397 mode=smiles
🔬 Step 11 item 567/623 done 3rth_A_RTH_397 sdf=written mapped=23 all_atoms=23 dt=0.1s
⏳ Step 11 progress: 567/623
🔬 Step 11 item 568/623 start 3rtm_A_RTM_395
🖼️ Step 11 SVG ready 3rtm_A_RTM_395 mode=smiles
🔬 Step 11 item 568/623 done 3rtm_A_RTM_395 sdf=written mapped=23 all_atoms=23 dt=0.1s
⏳ Step 11 progress: 568/623
🔬 Step 11 item 569/623 start 3rtn_A_RTN_401
🖼️ Step 11 SVG ready 3rtn_A_RTN_401 mode=smiles
🔬 Step 11 item 569/623 done 3rtn_A_RTN_401 sdf=written mapped=29 all_atoms=29 dt=0.1s
⏳ Step 11 progress: 569/623
🔬 Step 11 item 570/623 start 3rvi_A_RVI_402
🖼️ Step 11 SVG ready 3rvi_A_RVI_402 mode=smiles
🔬 Step 11 item 570/623 done 3rvi_A_RVI_402 sdf=written mapped=33 all_atoms=33 dt=0.1s
⏳ Step 11 progress: 570/623
🔬 Step 11 item 571/623 start 4acx_A_S8Z_1504
🖼️ Step 11 SVG ready 4acx_A_S8Z_1504 mode=smiles
🔬 Step 11 item 571/623 done 4acx_A_S8Z_1504 sdf=written mapped=33 all_atoms=33 dt=0.1s
⏳ Step 11 progress: 571/623
🔬 Step 11 item 572/623 start 2qmg_A_SC6_1
🖼️ Step 11 SVG ready 2qmg_A_SC6_1 mode=smiles
🔬 Step 11 item 572/623 done 2qmg_A_SC6_1 sdf=written mapped=44 all_atoms=44 dt=0.1s
⏳ Step 11 progress: 572/623
🔬 Step 11 item 573/623 start 2qmg_B_SC6_1
🖼️ Step 11 SVG ready 2qmg_B_SC6_1 mode=smiles
🔬 Step 11 item 573/623 done 2qmg_B_SC6_1 sdf=written mapped=44 all_atoms=44 dt=0.1s
⏳ Step 11 progress: 573/623
🔬 Step 11 item 574/623 start 2qp8_A_SC7_1
🖼️ Step 11 SVG ready 2qp8_A_SC7_1 mode=smiles
🔬 Step 11 item 574/623 done 2qp8_A_SC7_1 sdf=written mapped=40 all_atoms=40 dt=0.1s
⏳ Step 11 progress: 574/623
🔬 Step 11 item 575/623 start 2qp8_B_SC7_1
🖼️ Step 11 SVG ready 2qp8_B_SC7_1 mode=smiles
🔬 Step 11 item 575/623 done 2qp8_B_SC7_1 sdf=written mapped=40 all_atoms=40 dt=0.1s
⏳ Step 11 progress: 575/623
🔬 Step 11 item 576/623 start 4xxs_A_SI5_401
🖼️ Step 11 SVG ready 4xxs_A_SI5_401 mode=smiles
🔬 Step 11 item 576/623 done 4xxs_A_SI5_401 sdf=written mapped=25 all_atoms=25 dt=0.1s
⏳ Step 11 progress: 576/623
🔬 Step 11 item 577/623 start 3fkt_A_SII_406
🖼️ Step 11 SVG ready 3fkt_A_SII_406 mode=smiles
🔬 Step 11 item 577/623 done 3fkt_A_SII_406 sdf=written mapped=36 all_atoms=36 dt=0.1s
⏳ Step 11 progress: 577/623
🔬 Step 11 item 578/623 start 7b1e_A_SKW_501
🖼️ Step 11 SVG ready 7b1e_A_SKW_501 mode=smiles
🔬 Step 11 item 578/623 done 7b1e_A_SKW_501 sdf=written mapped=24 all_atoms=24 dt=0.1s
⏳ Step 11 progress: 578/623
🔬 Step 11 item 579/623 start 7b1p_A_SL8_501
🖼️ Step 11 SVG ready 7b1p_A_SL8_501 mode=smiles
🔬 Step 11 item 579/623 done 7b1p_A_SL8_501 sdf=written mapped=29 all_atoms=29 dt=0.1s
⏳ Step 11 progress: 579/623
🔬 Step 11 item 580/623 start 7b1q_A_SLK_501
🖼️ Step 11 SVG ready 7b1q_A_SLK_501 mode=smiles
🔬 Step 11 item 580/623 done 7b1q_A_SLK_501 sdf=written mapped=32 all_atoms=32 dt=0.1s
⏳ Step 11 progress: 580/623
🔬 Step 11 item 581/623 start 6wny_A_U64_501
🖼️ Step 11 SVG ready 6wny_A_U64_501 mode=smiles
🔬 Step 11 item 581/623 done 6wny_A_U64_501 sdf=written mapped=35 all_atoms=35 dt=0.1s
⏳ Step 11 progress: 581/623
🔬 Step 11 item 582/623 start 2vie_A_VG0_1448
🖼️ Step 11 SVG ready 2vie_A_VG0_1448 mode=smiles
🔬 Step 11 item 582/623 done 2vie_A_VG0_1448 sdf=written mapped=39 all_atoms=39 dt=0.1s
⏳ Step 11 progress: 582/623
🔬 Step 11 item 583/623 start 2viy_A_VG3_1448
🖼️ Step 11 SVG ready 2viy_A_VG3_1448 mode=smiles
🔬 Step 11 item 583/623 done 2viy_A_VG3_1448 sdf=written mapped=40 all_atoms=40 dt=0.1s
⏳ Step 11 progress: 583/623
🔬 Step 11 item 584/623 start 2viz_A_VG4_1448
🖼️ Step 11 SVG ready 2viz_A_VG4_1448 mode=smiles
🔬 Step 11 item 584/623 done 2viz_A_VG4_1448 sdf=written mapped=42 all_atoms=42 dt=0.1s
⏳ Step 11 progress: 584/623
🔬 Step 11 item 585/623 start 2vj6_A_VG5_1447
🖼️ Step 11 SVG ready 2vj6_A_VG5_1447 mode=smiles
🔬 Step 11 item 585/623 done 2vj6_A_VG5_1447 sdf=written mapped=41 all_atoms=41 dt=0.1s
⏳ Step 11 progress: 585/623
🔬 Step 11 item 586/623 start 2xfj_A_VG5_500
🖼️ Step 11 SVG ready 2xfj_A_VG5_500 mode=smiles
🔬 Step 11 item 586/623 done 2xfj_A_VG5_500 sdf=written mapped=41 all_atoms=41 dt=0.1s
⏳ Step 11 progress: 586/623
🔬 Step 11 item 587/623 start 2vj7_A_VG6_1448
🖼️ Step 11 SVG ready 2vj7_A_VG6_1448 mode=smiles
🔬 Step 11 item 587/623 done 2vj7_A_VG6_1448 sdf=written mapped=41 all_atoms=41 dt=0.1s
⏳ Step 11 progress: 587/623
🔬 Step 11 item 588/623 start 2vj9_A_VG7_1452
🖼️ Step 11 SVG ready 2vj9_A_VG7_1452 mode=smiles
🔬 Step 11 item 588/623 done 2vj9_A_VG7_1452 sdf=written mapped=36 all_atoms=36 dt=0.1s
⏳ Step 11 progress: 588/623
🔬 Step 11 item 589/623 start 4ivs_A_VSI_401
⚠️ Step 11 item skipped: 589/623 4ivs_A_VSI_401 stage=BUILD_ROWS reason=ITEM_FAILED
🖼️ Step 11 SVG ready 4ivs_A_VSI_401 mode=smiles
🔬 Step 11 item 589/623 done 4ivs_A_VSI_401 sdf=written mapped=31 all_atoms=31 dt=0.1s
⏳ Step 11 progress: 589/623
🔬 Step 11 item 590/623 start 4ivt_A_VTI_401
⚠️ Step 11 item skipped: 590/623 4ivt_A_VTI_401 stage=BUILD_ROWS reason=ITEM_FAILED
🖼️ Step 11 SVG ready 4ivt_A_VTI_401 mode=smiles
🔬 Step 11 item 590/623 done 4ivt_A_VTI_401 sdf=written mapped=29 all_atoms=29 dt=0.1s
⏳ Step 11 progress: 590/623
🔬 Step 11 item 591/623 start 4b70_A_WM9_1503
🖼️ Step 11 SVG ready 4b70_A_WM9_1503 mode=smiles
🔬 Step 11 item 591/623 done 4b70_A_WM9_1503 sdf=written mapped=21 all_atoms=21 dt=0.1s
⏳ Step 11 progress: 591/623
🔬 Step 11 item 592/623 start 3zov_A_WZV_1447
🖼️ Step 11 SVG ready 3zov_A_WZV_1447 mode=smiles
🔬 Step 11 item 592/623 done 3zov_A_WZV_1447 sdf=written mapped=31 all_atoms=31 dt=0.2s
⏳ Step 11 progress: 592/623
🔬 Step 11 item 593/623 start 3ine_A_X17_1
🖼️ Step 11 SVG ready 3ine_A_X17_1 mode=smiles
🔬 Step 11 item 593/623 done 3ine_A_X17_1 sdf=written mapped=27 all_atoms=27 dt=0.1s
⏳ Step 11 progress: 593/623
🔬 Step 11 item 594/623 start 3inf_A_X45_1
🖼️ Step 11 SVG ready 3inf_A_X45_1 mode=smiles
🔬 Step 11 item 594/623 done 3inf_A_X45_1 sdf=written mapped=29 all_atoms=29 dt=0.1s
⏳ Step 11 progress: 594/623
🔬 Step 11 item 595/623 start 2xfi_A_XFI_1448
🖼️ Step 11 SVG ready 2xfi_A_XFI_1448 mode=smiles
🔬 Step 11 item 595/623 done 2xfi_A_XFI_1448 sdf=written mapped=43 all_atoms=43 dt=0.1s
⏳ Step 11 progress: 595/623
🔬 Step 11 item 596/623 start 4bek_A_XK0_1447
🖼️ Step 11 SVG ready 4bek_A_XK0_1447 mode=smiles
🔬 Step 11 item 596/623 done 4bek_A_XK0_1447 sdf=written mapped=16 all_atoms=16 dt=0.1s
⏳ Step 11 progress: 596/623
🔬 Step 11 item 597/623 start 3k5d_A_XLI_393
🖼️ Step 11 SVG ready 3k5d_A_XLI_393 mode=smiles
🔬 Step 11 item 597/623 done 3k5d_A_XLI_393 sdf=written mapped=37 all_atoms=37 dt=0.1s
⏳ Step 11 progress: 597/623
🔬 Step 11 item 598/623 start 3k5d_B_XLI_393
🖼️ Step 11 SVG ready 3k5d_B_XLI_393 mode=smiles
🔬 Step 11 item 598/623 done 3k5d_B_XLI_393 sdf=written mapped=37 all_atoms=37 dt=0.1s
⏳ Step 11 progress: 598/623
🔬 Step 11 item 599/623 start 3k5d_C_XLI_393
🖼️ Step 11 SVG ready 3k5d_C_XLI_393 mode=smiles
🔬 Step 11 item 599/623 done 3k5d_C_XLI_393 sdf=written mapped=37 all_atoms=37 dt=0.1s
⏳ Step 11 progress: 599/623
🔬 Step 11 item 600/623 start 2q11_A_XX4_501
🖼️ Step 11 SVG ready 2q11_A_XX4_501 mode=smiles
🔬 Step 11 item 600/623 done 2q11_A_XX4_501 sdf=written mapped=31 all_atoms=31 dt=0.1s
⏳ Step 11 progress: 600/623
🔬 Step 11 item 601/623 start 2q11_B_XX4_502
🖼️ Step 11 SVG ready 2q11_B_XX4_502 mode=smiles
🔬 Step 11 item 601/623 done 2q11_B_XX4_502 sdf=written mapped=31 all_atoms=31 dt=0.1s
⏳ Step 11 progress: 601/623
🔬 Step 11 item 602/623 start 2q11_C_XX4_503
🖼️ Step 11 SVG ready 2q11_C_XX4_503 mode=smiles
🔬 Step 11 item 602/623 done 2q11_C_XX4_503 sdf=written mapped=31 all_atoms=31 dt=0.1s
⏳ Step 11 progress: 602/623
🔬 Step 11 item 603/623 start 3lhg_A_Z81_1
🖼️ Step 11 SVG ready 3lhg_A_Z81_1 mode=smiles
🔬 Step 11 item 603/623 done 3lhg_A_Z81_1 sdf=written mapped=28 all_atoms=28 dt=0.1s
⏳ Step 11 progress: 603/623
🔬 Step 11 item 604/623 start 3ooz_A_ZOO_1
🖼️ Step 11 SVG ready 3ooz_A_ZOO_1 mode=smiles
🔬 Step 11 item 604/623 done 3ooz_A_ZOO_1 sdf=written mapped=31 all_atoms=31 dt=0.1s
⏳ Step 11 progress: 604/623
🔬 Step 11 item 605/623 start 2g94_A_ZPQ_1001
🖼️ Step 11 SVG ready 2g94_A_ZPQ_1001 mode=smiles
🔬 Step 11 item 605/623 done 2g94_A_ZPQ_1001 sdf=written mapped=45 all_atoms=45 dt=0.1s
[08:11:37] [mem] running 11_mcsMatcher.py parent=96.2MB child_tree=135.4MB combined=231.6MB
⏳ Step 11 progress: 605/623
🔬 Step 11 item 606/623 start 2g94_B_ZPQ_2001
🖼️ Step 11 SVG ready 2g94_B_ZPQ_2001 mode=smiles
🔬 Step 11 item 606/623 done 2g94_B_ZPQ_2001 sdf=written mapped=45 all_atoms=45 dt=0.1s
⏳ Step 11 progress: 606/623
🔬 Step 11 item 607/623 start 2g94_C_ZPQ_3001
🖼️ Step 11 SVG ready 2g94_C_ZPQ_3001 mode=smiles
🔬 Step 11 item 607/623 done 2g94_C_ZPQ_3001 sdf=written mapped=45 all_atoms=45 dt=0.1s
⏳ Step 11 progress: 607/623
🔬 Step 11 item 608/623 start 2g94_D_ZPQ_4001
🖼️ Step 11 SVG ready 2g94_D_ZPQ_4001 mode=smiles
🔬 Step 11 item 608/623 done 2g94_D_ZPQ_4001 sdf=written mapped=45 all_atoms=45 dt=0.1s
⏳ Step 11 progress: 608/623
🔬 Step 11 item 609/623 start 3uqu_A_ZPX_394
🖼️ Step 11 SVG ready 3uqu_A_ZPX_394 mode=smiles
🔬 Step 11 item 609/623 done 3uqu_A_ZPX_394 sdf=written mapped=43 all_atoms=43 dt=0.1s
⏳ Step 11 progress: 609/623
🔬 Step 11 item 610/623 start 3uqw_A_ZPY_394
🖼️ Step 11 SVG ready 3uqw_A_ZPY_394 mode=smiles
🔬 Step 11 item 610/623 done 3uqw_A_ZPY_394 sdf=written mapped=48 all_atoms=48 dt=0.1s
⏳ Step 11 progress: 610/623
🔬 Step 11 item 611/623 start 3uqx_A_ZPZ_401
🖼️ Step 11 SVG ready 3uqx_A_ZPZ_401 mode=smiles
🔬 Step 11 item 611/623 done 3uqx_A_ZPZ_401 sdf=written mapped=46 all_atoms=46 dt=0.1s
⏳ Step 11 progress: 611/623
🔬 Step 11 item 612/623 start 7myi_A_ZQS_401
[08:11:38] WARNING: could not find number of expected rings. Switching to an approximate ring finding algorithm.
⚠️ Step 11 item skipped: 612/623 7myi_A_ZQS_401 stage=BUILD_ROWS reason=ITEM_FAILED
🖼️ Step 11 SVG ready 7myi_A_ZQS_401 mode=smiles
🔬 Step 11 item 612/623 done 7myi_A_ZQS_401 sdf=written mapped=21 all_atoms=26 dt=0.1s
⏳ Step 11 progress: 612/623
🔬 Step 11 item 613/623 start 7myi_B_ZQS_401
[08:11:38] WARNING: could not find number of expected rings. Switching to an approximate ring finding algorithm.
⚠️ Step 11 item skipped: 613/623 7myi_B_ZQS_401 stage=BUILD_ROWS reason=ITEM_FAILED
🖼️ Step 11 SVG ready 7myi_B_ZQS_401 mode=smiles
🔬 Step 11 item 613/623 done 7myi_B_ZQS_401 sdf=written mapped=21 all_atoms=26 dt=0.1s
⏳ Step 11 progress: 613/623
🔬 Step 11 item 614/623 start 7myu_A_ZR7_401
🖼️ Step 11 SVG ready 7myu_A_ZR7_401 mode=smiles
🔬 Step 11 item 614/623 done 7myu_A_ZR7_401 sdf=written mapped=35 all_atoms=35 dt=0.1s
⏳ Step 11 progress: 614/623
🔬 Step 11 item 615/623 start 7myu_B_ZR7_401
🖼️ Step 11 SVG ready 7myu_B_ZR7_401 mode=smiles
🔬 Step 11 item 615/623 done 7myu_B_ZR7_401 sdf=written mapped=35 all_atoms=35 dt=0.1s
⏳ Step 11 progress: 615/623
🔬 Step 11 item 616/623 start 7myr_A_ZRD_401
[08:11:38] WARNING: could not find number of expected rings. Switching to an approximate ring finding algorithm.
⚠️ Step 11 item skipped: 616/623 7myr_A_ZRD_401 stage=BUILD_ROWS reason=ITEM_FAILED
🖼️ Step 11 SVG ready 7myr_A_ZRD_401 mode=smiles
🔬 Step 11 item 616/623 done 7myr_A_ZRD_401 sdf=written mapped=22 all_atoms=27 dt=0.1s
⏳ Step 11 progress: 616/623
🔬 Step 11 item 617/623 start 7myr_B_ZRD_401
[08:11:38] WARNING: could not find number of expected rings. Switching to an approximate ring finding algorithm.
⚠️ Step 11 item skipped: 617/623 7myr_B_ZRD_401 stage=BUILD_ROWS reason=ITEM_FAILED
🖼️ Step 11 SVG ready 7myr_B_ZRD_401 mode=smiles
🔬 Step 11 item 617/623 done 7myr_B_ZRD_401 sdf=written mapped=22 all_atoms=27 dt=0.1s
⏳ Step 11 progress: 617/623
🔬 Step 11 item 618/623 start 2wf0_A_ZY0_2000
🖼️ Step 11 SVG ready 2wf0_A_ZY0_2000 mode=smiles
🔬 Step 11 item 618/623 done 2wf0_A_ZY0_2000 sdf=written mapped=44 all_atoms=44 dt=0.1s
⏳ Step 11 progress: 618/623
🔬 Step 11 item 619/623 start 2wf1_A_ZY1_2000
🖼️ Step 11 SVG ready 2wf1_A_ZY1_2000 mode=smiles
🔬 Step 11 item 619/623 done 2wf1_A_ZY1_2000 sdf=written mapped=42 all_atoms=42 dt=0.1s
⏳ Step 11 progress: 619/623
🔬 Step 11 item 620/623 start 2wf2_A_ZY2_2000
🖼️ Step 11 SVG ready 2wf2_A_ZY2_2000 mode=smiles
🔬 Step 11 item 620/623 done 2wf2_A_ZY2_2000 sdf=written mapped=43 all_atoms=43 dt=0.1s
⏳ Step 11 progress: 620/623
🔬 Step 11 item 621/623 start 2wf3_A_ZY3_2000
🖼️ Step 11 SVG ready 2wf3_A_ZY3_2000 mode=smiles
🔬 Step 11 item 621/623 done 2wf3_A_ZY3_2000 sdf=written mapped=41 all_atoms=41 dt=0.1s
⏳ Step 11 progress: 621/623
🔬 Step 11 item 622/623 start 2wf4_A_ZY4_2000
🖼️ Step 11 SVG ready 2wf4_A_ZY4_2000 mode=smiles
🔬 Step 11 item 622/623 done 2wf4_A_ZY4_2000 sdf=written mapped=40 all_atoms=40 dt=0.1s
⏳ Step 11 progress: 622/623
🔬 Step 11 item 623/623 start 2wez_A_ZYE_2000
🖼️ Step 11 SVG ready 2wez_A_ZYE_2000 mode=smiles
🔬 Step 11 item 623/623 done 2wez_A_ZYE_2000 sdf=written mapped=41 all_atoms=41 dt=0.1s
⏳ Step 11 progress: 623/623
⏱ Step 11 heartbeat: processed=623/623 current=2wez_A_ZYE_2000 stage=ITEM_DONE elapsed=149s item_elapsed=0s sdf_written=622 sdf_failed=1 svg_written=622 item_failures=114 last_done=2wez_A_ZYE_2000
✅ MCS processing complete — outputs written
🧪 Step 11 summary: work_items=623 successful_items=509 item_failures=114 sdf_attempted=622 sdf_written=622 sdf_failed=1 sdf_skipped_existing=0 svg_written=622
🧪 SDF expected groups: 623
🧪 SDF files available: 623 → MCS_Output/MCS_SDF
🧪 SDF failure records: 1 → MCS_Output/Ligand_MCS_SDF_Failures.csv
🧪 Item failure records: 114 → MCS_Output/Ligand_MCS_Item_Failures.csv
🧪 SVG output path: MCS_Output/MCS_SVG
🧪 CSV output path: MCS_Output
🧪 SDF missing groups: 0
====================================================
🎉 COMPLETED MCS MAPPING + SASA ANNOTATION
📦 Map (MCS only)        → MCS_Output/Ligand_MCS_Map.csv
🧪 SASA (MCS only)       → MCS_Output/Ligand_MCS_SASA.csv
🧬 All atoms (debug)     → MCS_Output/Ligand_AllAtoms_Map.csv
🧪 SASA (ALL atoms)      → MCS_Output/Ligand_MCS_SASA_ALL_ATOMS.csv
⚠️ Failures              → MCS_Output/Ligand_MCS_Failures.csv
⚠️ SDF failures          → MCS_Output/Ligand_MCS_SDF_Failures.csv
⚠️ Item failures         → MCS_Output/Ligand_MCS_Item_Failures.csv
====================================================
🖼️  SVGs generated: 622 → MCS_Output/MCS_SVG
⚠️ MCS failures (first 10):
0GT | 3vg1 | Size mismatch: SMILES=35 vs 3D=48
0GT | 4d83 | Size mismatch: SMILES=35 vs 3D=48
0GT | 4d83 | Size mismatch: SMILES=35 vs 3D=48
0GT | 4d83 | Size mismatch: SMILES=35 vs 3D=48
0KK | 4dju | Size mismatch: SMILES=21 vs 3D=20
0KK | 4dju | Size mismatch: SMILES=21 vs 3D=20
0KM | 4djv | Size mismatch: SMILES=29 vs 3D=28
0KM | 4djv | Size mismatch: SMILES=29 vs 3D=28
0KP | 4djw | Size mismatch: SMILES=27 vs 3D=26
0KP | 4djw | Size mismatch: SMILES=27 vs 3D=26
[08:11:39] [mem] after 11_mcsMatcher.py parent=96.5MB delta=+2.1MB combined_peak=321.1MB child_peak=226.5MB
[08:11:39] ✅ SDF validation PASS after 11_mcsMatcher.py: MCS_Output/MCS_SDF files=623 expected=623 recorded_failures=1
[08:11:40] 🚀 Running 12_Results.py...
[08:11:40] 🐍 Pipeline Python: /app/.heroku/python/bin/python
[08:11:40] [mem] before 12_Results.py parent=100.0MB combined=100.0MB
[08:11:40] 🧵 Worker caps for 12_Results.py: pipeline_max=2 WARHEAD_SQCHK_MAX_WORKERS=2 WARHEAD_PDBMKR_MAX_WORKERS=2 WARHEAD_SASA_MAX_WORKERS=3 WARHEAD_METADATA_MAX_WORKERS=3 WARHEAD_MCS_MAX_WORKERS=3
[08:11:40] ⏱ No-output watchdog for 12_Results.py: 180s
[08:11:40] [mem] running 12_Results.py parent=100.0MB child_tree=0.7MB combined=100.7MB
✅ Integrated 3DSASAmapped.csv created with standard headers.
[08:11:44] [mem] after 12_Results.py parent=96.3MB delta=-3.7MB combined_peak=171.8MB child_peak=70.2MB
[08:11:44] ✅ SDF validation PASS after 12_Results.py: TARGET_RESULTS/MCS_Output/MCS_SDF files=623 expected=623 recorded_failures=1
[08:11:44] 🚀 Running 15_ResultsMerged.py...
[08:11:44] 🐍 Pipeline Python: /app/.heroku/python/bin/python
[08:11:44] [mem] before 15_ResultsMerged.py parent=96.4MB combined=96.4MB
[08:11:44] 🧵 Worker caps for 15_ResultsMerged.py: pipeline_max=2 WARHEAD_SQCHK_MAX_WORKERS=2 WARHEAD_PDBMKR_MAX_WORKERS=2 WARHEAD_SASA_MAX_WORKERS=3 WARHEAD_METADATA_MAX_WORKERS=3 WARHEAD_MCS_MAX_WORKERS=3
[08:11:44] ⏱ No-output watchdog for 15_ResultsMerged.py: 180s
[08:11:44] [mem] running 15_ResultsMerged.py parent=96.4MB child_tree=0.6MB combined=97.0MB
🧬 Using SASA file: Warhead_SASA_atoms.csv
✅ Wrote merged atom table: Ligand_3D_Atoms_with_SASA.csv
📊 Total atoms: 21501
🎉 RESULTS MERGE COMPLETE
[08:11:45] [mem] after 15_ResultsMerged.py parent=96.4MB delta=+0.0MB combined_peak=97.0MB child_peak=0.6MB
[08:11:45] 🚀 Running 16_ResultsDisplay.py...
[08:11:45] 🐍 Pipeline Python: /app/.heroku/python/bin/python
[08:11:45] [mem] before 16_ResultsDisplay.py parent=96.4MB combined=96.4MB
[08:11:45] 🧵 Worker caps for 16_ResultsDisplay.py: pipeline_max=2 WARHEAD_SQCHK_MAX_WORKERS=2 WARHEAD_PDBMKR_MAX_WORKERS=2 WARHEAD_SASA_MAX_WORKERS=3 WARHEAD_METADATA_MAX_WORKERS=3 WARHEAD_MCS_MAX_WORKERS=3
[08:11:45] ⏱ No-output watchdog for 16_ResultsDisplay.py: 180s
[08:11:45] [mem] running 16_ResultsDisplay.py parent=96.4MB child_tree=0.4MB combined=96.8MB
📁 ResultsDisplay root: /app/jobs/8926f69a
📁 WAR_PDB root: /app/jobs/8926f69a/WAR_PDB
📁 SDF roots: ['/app/jobs/8926f69a/MCS_Output/MCS_SDF', '/app/jobs/8926f69a/TARGET_RESULTS/MCS_Output/MCS_SDF']
📁 SVG roots: ['/app/jobs/8926f69a/MCS_Output/MCS_SVG', '/app/jobs/8926f69a/TARGET_RESULTS/MCS_Output/MCS_SVG']
🧪 Indexed SDF exact keys: 623
🧪 Indexed SDF loose keys: 617
🧪 Indexed SVG exact keys: plain=622 exposed=622
🧾 Residue lookup keys: 617
⚠️ Included 1 display rows without SVG support → /app/jobs/8926f69a/Results_Display_Artifact_Audit.csv
✅ Wrote /app/jobs/8926f69a/Results_Display.csv (617 SDF-backed entries)
📊 Input WAR_PDB rows skipped due to missing SDF: 0
[08:11:46] [mem] after 16_ResultsDisplay.py parent=96.4MB delta=+0.0MB combined_peak=176.3MB child_peak=79.9MB
[08:11:50] ✅ final SDF validation PASS: rows=617 matched=617 sdf_files=623 dir=jobs/8926f69a/TARGET_RESULTS/MCS_Output/MCS_SDF
[08:11:50] 🗄️ RANDY backup plan: profile=full selected_files=2564 selected_bytes=206098769 skipped_files=0 skipped_bytes=0 max_bytes=1073741824
