Target,pdb_id,Chain,Warhead,Residue_ID,SMILES,%Exposed,pdb_path,sdf_path,sdf_available,svg_plain_available,svg_exposed_available,svg_available,svg_plain_path,svg_exposed_path
BACE1,3bra,A,AEF,394,NCCc1ccc(O)cc1,1.0,/app/jobs/8926f69a/WAR_PDB/BACE1/3bra_A_AEF.pdb,/app/jobs/8926f69a/TARGET_RESULTS/MCS_Output/MCS_SDF/3bra_A_AEF_394.sdf,True,True,True,True,/app/jobs/8926f69a/TARGET_RESULTS/MCS_Output/MCS_SVG/3bra_A_AEF_394_plain.svg,/app/jobs/8926f69a/TARGET_RESULTS/MCS_Output/MCS_SVG/3bra_A_AEF_394_exposed.svg
BACE1,3hw1,B,EV2,393,Nc1nc2ccccc2nc1N1CCCC1,0.938,/app/jobs/8926f69a/WAR_PDB/BACE1/3hw1_B_EV2.pdb,/app/jobs/8926f69a/TARGET_RESULTS/MCS_Output/MCS_SDF/3hw1_B_EV2_393.sdf,True,True,True,True,/app/jobs/8926f69a/TARGET_RESULTS/MCS_Output/MCS_SVG/3hw1_B_EV2_393_plain.svg,/app/jobs/8926f69a/TARGET_RESULTS/MCS_Output/MCS_SVG/3hw1_B_EV2_393_exposed.svg
BACE1,3hw1,C,EV2,393,Nc1nc2ccccc2nc1N1CCCC1,0.938,/app/jobs/8926f69a/WAR_PDB/BACE1/3hw1_C_EV2.pdb,/app/jobs/8926f69a/TARGET_RESULTS/MCS_Output/MCS_SDF/3hw1_C_EV2_393.sdf,True,True,True,True,/app/jobs/8926f69a/TARGET_RESULTS/MCS_Output/MCS_SVG/3hw1_C_EV2_393_plain.svg,/app/jobs/8926f69a/TARGET_RESULTS/MCS_Output/MCS_SVG/3hw1_C_EV2_393_exposed.svg
BACE1,2of0,A,CMZ,390,Cc1ccc(C)c(OC[C@@H](O)CN2CCOCC2)c1,0.895,/app/jobs/8926f69a/WAR_PDB/BACE1/2of0_A_CMZ.pdb,/app/jobs/8926f69a/TARGET_RESULTS/MCS_Output/MCS_SDF/2of0_A_CMZ_390.sdf,True,True,True,True,/app/jobs/8926f69a/TARGET_RESULTS/MCS_Output/MCS_SVG/2of0_A_CMZ_390_plain.svg,/app/jobs/8926f69a/TARGET_RESULTS/MCS_Output/MCS_SVG/2of0_A_CMZ_390_exposed.svg
BACE1,2oht,A,IP6,601,Nc1ncccc1NCc1cccc(-c2ccc3cc[nH]c3c2)c1,0.875,/app/jobs/8926f69a/WAR_PDB/BACE1/2oht_A_IP6.pdb,/app/jobs/8926f69a/TARGET_RESULTS/MCS_Output/MCS_SDF/2oht_A_IP6_601.sdf,True,True,True,True,/app/jobs/8926f69a/TARGET_RESULTS/MCS_Output/MCS_SVG/2oht_A_IP6_601_plain.svg,/app/jobs/8926f69a/TARGET_RESULTS/MCS_Output/MCS_SVG/2oht_A_IP6_601_exposed.svg
BACE1,3msj,C,EV3,393,Nc1nc2cc(Cl)ccc2n1CCCO,0.867,/app/jobs/8926f69a/WAR_PDB/BACE1/3msj_C_EV3.pdb,/app/jobs/8926f69a/TARGET_RESULTS/MCS_Output/MCS_SDF/3msj_C_EV3_393.sdf,True,True,True,True,/app/jobs/8926f69a/TARGET_RESULTS/MCS_Output/MCS_SVG/3msj_C_EV3_393_plain.svg,/app/jobs/8926f69a/TARGET_RESULTS/MCS_Output/MCS_SVG/3msj_C_EV3_393_exposed.svg
BACE1,3bug,A,AEH,394,CCc1cc(CCN)ccc1O,0.833,/app/jobs/8926f69a/WAR_PDB/BACE1/3bug_A_AEH.pdb,/app/jobs/8926f69a/TARGET_RESULTS/MCS_Output/MCS_SDF/3bug_A_AEH_394.sdf,True,True,True,True,/app/jobs/8926f69a/TARGET_RESULTS/MCS_Output/MCS_SVG/3bug_A_AEH_394_plain.svg,/app/jobs/8926f69a/TARGET_RESULTS/MCS_Output/MCS_SVG/3bug_A_AEH_394_exposed.svg
BACE1,5mxd,C,III,701,CN(C)c1nc(N2CCCC2)nc2ccccc12,0.833,/app/jobs/8926f69a/WAR_PDB/BACE1/5mxd_C_III.pdb,/app/jobs/8926f69a/TARGET_RESULTS/MCS_Output/MCS_SDF/5mxd_C_III_701.sdf,True,True,True,True,/app/jobs/8926f69a/TARGET_RESULTS/MCS_Output/MCS_SVG/5mxd_C_III_701_plain.svg,/app/jobs/8926f69a/TARGET_RESULTS/MCS_Output/MCS_SVG/5mxd_C_III_701_exposed.svg
BACE1,6uvp,A,QJM,402,NC1=N[C@@]2([C@@H]3C[C@H]3NC(=O)c3ccc(F)cn3)COC[C@H]2CS1,0.826,/app/jobs/8926f69a/WAR_PDB/BACE1/6uvp_A_QJM.pdb,/app/jobs/8926f69a/TARGET_RESULTS/MCS_Output/MCS_SDF/6uvp_A_QJM_402.sdf,True,True,True,True,/app/jobs/8926f69a/TARGET_RESULTS/MCS_Output/MCS_SVG/6uvp_A_QJM_402_plain.svg,/app/jobs/8926f69a/TARGET_RESULTS/MCS_Output/MCS_SVG/6uvp_A_QJM_402_exposed.svg
BACE1,3buf,A,AEG,394,C[C@@H](N)Cc1ccc(O)cc1,0.818,/app/jobs/8926f69a/WAR_PDB/BACE1/3buf_A_AEG.pdb,/app/jobs/8926f69a/TARGET_RESULTS/MCS_Output/MCS_SDF/3buf_A_AEG_394.sdf,True,True,True,True,/app/jobs/8926f69a/TARGET_RESULTS/MCS_Output/MCS_SVG/3buf_A_AEG_394_plain.svg,/app/jobs/8926f69a/TARGET_RESULTS/MCS_Output/MCS_SVG/3buf_A_AEG_394_exposed.svg
BACE1,3hvg,B,EV0,441,CCCc1cc(=O)[nH]c(N)n1,0.818,/app/jobs/8926f69a/WAR_PDB/BACE1/3hvg_B_EV0.pdb,/app/jobs/8926f69a/TARGET_RESULTS/MCS_Output/MCS_SDF/3hvg_B_EV0_441.sdf,True,True,True,True,/app/jobs/8926f69a/TARGET_RESULTS/MCS_Output/MCS_SVG/3hvg_B_EV0_441_plain.svg,/app/jobs/8926f69a/TARGET_RESULTS/MCS_Output/MCS_SVG/3hvg_B_EV0_441_exposed.svg
BACE1,3hw1,A,EV2,393,Nc1nc2ccccc2nc1N1CCCC1,0.812,/app/jobs/8926f69a/WAR_PDB/BACE1/3hw1_A_EV2.pdb,/app/jobs/8926f69a/TARGET_RESULTS/MCS_Output/MCS_SDF/3hw1_A_EV2_393.sdf,True,True,True,True,/app/jobs/8926f69a/TARGET_RESULTS/MCS_Output/MCS_SVG/3hw1_A_EV2_393_plain.svg,/app/jobs/8926f69a/TARGET_RESULTS/MCS_Output/MCS_SVG/3hw1_A_EV2_393_exposed.svg
BACE1,3rsx,A,RSV,397,Nc1ccc2cc(-c3ccsc3)ccc2n1,0.812,/app/jobs/8926f69a/WAR_PDB/BACE1/3rsx_A_RSV.pdb,/app/jobs/8926f69a/TARGET_RESULTS/MCS_Output/MCS_SDF/3rsx_A_RSV_397.sdf,True,True,True,True,/app/jobs/8926f69a/TARGET_RESULTS/MCS_Output/MCS_SVG/3rsx_A_RSV_397_plain.svg,/app/jobs/8926f69a/TARGET_RESULTS/MCS_Output/MCS_SVG/3rsx_A_RSV_397_exposed.svg
BACE1,3msj,A,EV3,393,Nc1nc2cc(Cl)ccc2n1CCCO,0.8,/app/jobs/8926f69a/WAR_PDB/BACE1/3msj_A_EV3.pdb,/app/jobs/8926f69a/TARGET_RESULTS/MCS_Output/MCS_SDF/3msj_A_EV3_393.sdf,True,True,True,True,/app/jobs/8926f69a/TARGET_RESULTS/MCS_Output/MCS_SVG/3msj_A_EV3_393_plain.svg,/app/jobs/8926f69a/TARGET_RESULTS/MCS_Output/MCS_SVG/3msj_A_EV3_393_exposed.svg
BACE1,3msj,B,EV3,393,Nc1nc2cc(Cl)ccc2n1CCCO,0.8,/app/jobs/8926f69a/WAR_PDB/BACE1/3msj_B_EV3.pdb,/app/jobs/8926f69a/TARGET_RESULTS/MCS_Output/MCS_SDF/3msj_B_EV3_393.sdf,True,True,True,True,/app/jobs/8926f69a/TARGET_RESULTS/MCS_Output/MCS_SVG/3msj_B_EV3_393_plain.svg,/app/jobs/8926f69a/TARGET_RESULTS/MCS_Output/MCS_SVG/3msj_B_EV3_393_exposed.svg
BACE1,6uvp,B,QJM,404,NC1=N[C@@]2([C@@H]3C[C@H]3NC(=O)c3ccc(F)cn3)COC[C@H]2CS1,0.783,/app/jobs/8926f69a/WAR_PDB/BACE1/6uvp_B_QJM.pdb,/app/jobs/8926f69a/TARGET_RESULTS/MCS_Output/MCS_SDF/6uvp_B_QJM_404.sdf,True,True,True,True,/app/jobs/8926f69a/TARGET_RESULTS/MCS_Output/MCS_SVG/6uvp_B_QJM_404_plain.svg,/app/jobs/8926f69a/TARGET_RESULTS/MCS_Output/MCS_SVG/6uvp_B_QJM_404_exposed.svg
BACE1,3in3,A,472,1,CN1C(=O)[C@@](c2ccncc2)(c2cccc(-c3cccnc3)c2)N=C1N,0.769,/app/jobs/8926f69a/WAR_PDB/BACE1/3in3_A_472.pdb,/app/jobs/8926f69a/TARGET_RESULTS/MCS_Output/MCS_SDF/3in3_A_472_1.sdf,True,True,True,True,/app/jobs/8926f69a/TARGET_RESULTS/MCS_Output/MCS_SVG/3in3_A_472_1_plain.svg,/app/jobs/8926f69a/TARGET_RESULTS/MCS_Output/MCS_SVG/3in3_A_472_1_exposed.svg
BACE1,3vv8,A,B02,502,Cc1cccc(-c2ccc([C@@H]3C[C@@H]3c3cc(=O)n(C)c(N)n3)cc2)c1,0.76,/app/jobs/8926f69a/WAR_PDB/BACE1/3vv8_A_B02.pdb,/app/jobs/8926f69a/TARGET_RESULTS/MCS_Output/MCS_SDF/3vv8_A_B02_502.sdf,True,True,True,True,/app/jobs/8926f69a/TARGET_RESULTS/MCS_Output/MCS_SVG/3vv8_A_B02_502_plain.svg,/app/jobs/8926f69a/TARGET_RESULTS/MCS_Output/MCS_SVG/3vv8_A_B02_502_exposed.svg
BACE1,3buh,A,AED,394,NCCc1ccc(O)c(C2CCCCC2)c1,0.75,/app/jobs/8926f69a/WAR_PDB/BACE1/3buh_A_AED.pdb,/app/jobs/8926f69a/TARGET_RESULTS/MCS_Output/MCS_SDF/3buh_A_AED_394.sdf,True,True,True,True,/app/jobs/8926f69a/TARGET_RESULTS/MCS_Output/MCS_SVG/3buh_A_AED_394_plain.svg,/app/jobs/8926f69a/TARGET_RESULTS/MCS_Output/MCS_SVG/3buh_A_AED_394_exposed.svg
BACE1,3rth,A,RTH,397,CC(C)(C)C#Cc1ccccc1-c1ccc2nc(N)ccc2c1,0.739,/app/jobs/8926f69a/WAR_PDB/BACE1/3rth_A_RTH.pdb,/app/jobs/8926f69a/TARGET_RESULTS/MCS_Output/MCS_SDF/3rth_A_RTH_397.sdf,True,True,True,True,/app/jobs/8926f69a/TARGET_RESULTS/MCS_Output/MCS_SVG/3rth_A_RTH_397_plain.svg,/app/jobs/8926f69a/TARGET_RESULTS/MCS_Output/MCS_SVG/3rth_A_RTH_397_exposed.svg
BACE1,3ru1,A,3RU,398,Nc1nc2ccccc2cc1CCC(=O)NCC1CCCCC1,0.739,/app/jobs/8926f69a/WAR_PDB/BACE1/3ru1_A_3RU.pdb,/app/jobs/8926f69a/TARGET_RESULTS/MCS_Output/MCS_SDF/3ru1_A_3RU_398.sdf,True,True,True,True,/app/jobs/8926f69a/TARGET_RESULTS/MCS_Output/MCS_SVG/3ru1_A_3RU_398_plain.svg,/app/jobs/8926f69a/TARGET_RESULTS/MCS_Output/MCS_SVG/3ru1_A_3RU_398_exposed.svg
BACE1,4ha5,B,13W,503,[H]/N=C1\N[C@](C)(c2cc(-c3cccc(C#N)c3)cs2)CC(=O)N1C,0.739,/app/jobs/8926f69a/WAR_PDB/BACE1/4ha5_B_13W.pdb,/app/jobs/8926f69a/TARGET_RESULTS/MCS_Output/MCS_SDF/4ha5_B_13W_503.sdf,True,True,True,True,/app/jobs/8926f69a/TARGET_RESULTS/MCS_Output/MCS_SVG/4ha5_B_13W_503_plain.svg,/app/jobs/8926f69a/TARGET_RESULTS/MCS_Output/MCS_SVG/4ha5_B_13W_503_exposed.svg
BACE1,4lc7,A,1WP,502,NC1=N[C@@]2(c3cccc(-c4cncc(Cl)c4)c3)CCCC[C@H]2O1,0.739,/app/jobs/8926f69a/WAR_PDB/BACE1/4lc7_A_1WP.pdb,/app/jobs/8926f69a/TARGET_RESULTS/MCS_Output/MCS_SDF/4lc7_A_1WP_502.sdf,True,True,True,True,/app/jobs/8926f69a/TARGET_RESULTS/MCS_Output/MCS_SVG/4lc7_A_1WP_502_plain.svg,/app/jobs/8926f69a/TARGET_RESULTS/MCS_Output/MCS_SVG/4lc7_A_1WP_502_exposed.svg
BACE1,2ohk,A,1SQ,390,Nc1nccc2ccccc12,0.737,/app/jobs/8926f69a/WAR_PDB/BACE1/2ohk_A_1SQ.pdb,/app/jobs/8926f69a/TARGET_RESULTS/MCS_Output/MCS_SDF/2ohk_A_1SQ_390.sdf,True,True,True,True,/app/jobs/8926f69a/TARGET_RESULTS/MCS_Output/MCS_SVG/2ohk_A_1SQ_390_plain.svg,/app/jobs/8926f69a/TARGET_RESULTS/MCS_Output/MCS_SVG/2ohk_A_1SQ_390_exposed.svg
BACE1,3wb5,A,0B4,507,CN1C(=O)C[C@@](C)([C@@H]2C[C@H]2c2ccccc2)N=C1N,0.737,/app/jobs/8926f69a/WAR_PDB/BACE1/3wb5_A_0B4.pdb,/app/jobs/8926f69a/TARGET_RESULTS/MCS_Output/MCS_SDF/3wb5_A_0B4_507.sdf,True,True,True,True,/app/jobs/8926f69a/TARGET_RESULTS/MCS_Output/MCS_SVG/3wb5_A_0B4_507_plain.svg,/app/jobs/8926f69a/TARGET_RESULTS/MCS_Output/MCS_SVG/3wb5_A_0B4_507_exposed.svg
BACE1,4jp9,A,1M5,503,CN1C(=O)[C@]2(CC(C)(C)Oc3ccc(-c4cccc(Cl)c4)cc32)N=C1N,0.731,/app/jobs/8926f69a/WAR_PDB/BACE1/4jp9_A_1M5.pdb,/app/jobs/8926f69a/TARGET_RESULTS/MCS_Output/MCS_SDF/4jp9_A_1M5_503.sdf,True,True,True,True,/app/jobs/8926f69a/TARGET_RESULTS/MCS_Output/MCS_SVG/4jp9_A_1M5_503_plain.svg,/app/jobs/8926f69a/TARGET_RESULTS/MCS_Output/MCS_SVG/4jp9_A_1M5_503_exposed.svg
BACE1,5mxd,B,III,701,CN(C)c1nc(N2CCCC2)nc2ccccc12,0.722,/app/jobs/8926f69a/WAR_PDB/BACE1/5mxd_B_III.pdb,/app/jobs/8926f69a/TARGET_RESULTS/MCS_Output/MCS_SDF/5mxd_B_III_701.sdf,True,True,True,True,/app/jobs/8926f69a/TARGET_RESULTS/MCS_Output/MCS_SVG/5mxd_B_III_701_plain.svg,/app/jobs/8926f69a/TARGET_RESULTS/MCS_Output/MCS_SVG/5mxd_B_III_701_exposed.svg
BACE1,3msl,A,EV5,395,CC[C@@H](CC(=O)NCC1CCCCC1)n1c(N)nc2cc(Cl)ccc21,0.72,/app/jobs/8926f69a/WAR_PDB/BACE1/3msl_A_EV5.pdb,/app/jobs/8926f69a/TARGET_RESULTS/MCS_Output/MCS_SDF/3msl_A_EV5_395.sdf,True,True,True,True,/app/jobs/8926f69a/TARGET_RESULTS/MCS_Output/MCS_SVG/3msl_A_EV5_395_plain.svg,/app/jobs/8926f69a/TARGET_RESULTS/MCS_Output/MCS_SVG/3msl_A_EV5_395_exposed.svg
BACE1,6e3z,B,HRV,401,C[C@]1(c2cc(NC(=O)c3ncc(Cl)cc3Cl)ccc2F)N=C(N)CO[C@H]1C(F)(F)F,0.717,/app/jobs/8926f69a/WAR_PDB/BACE1/6e3z_B_HRV.pdb,/app/jobs/8926f69a/TARGET_RESULTS/MCS_Output/MCS_SDF/6e3z_B_HRV_401.sdf,True,True,True,True,/app/jobs/8926f69a/TARGET_RESULTS/MCS_Output/MCS_SVG/6e3z_B_HRV_401_plain.svg,/app/jobs/8926f69a/TARGET_RESULTS/MCS_Output/MCS_SVG/6e3z_B_HRV_401_exposed.svg
BACE1,3lhg,A,Z81,1,CN1C(=O)[C@@](c2ccncc2)(c2cccc(-c3cc(F)ccc3F)c2)N=C1N,0.714,/app/jobs/8926f69a/WAR_PDB/BACE1/3lhg_A_Z81.pdb,/app/jobs/8926f69a/TARGET_RESULTS/MCS_Output/MCS_SDF/3lhg_A_Z81_1.sdf,True,True,True,True,/app/jobs/8926f69a/TARGET_RESULTS/MCS_Output/MCS_SVG/3lhg_A_Z81_1_plain.svg,/app/jobs/8926f69a/TARGET_RESULTS/MCS_Output/MCS_SVG/3lhg_A_Z81_1_exposed.svg
BACE1,3udh,A,091,501,O=C1Nc2ccccc2[C@]12CCNC2,0.714,/app/jobs/8926f69a/WAR_PDB/BACE1/3udh_A_091.pdb,/app/jobs/8926f69a/TARGET_RESULTS/MCS_Output/MCS_SDF/3udh_A_091_501.sdf,True,True,True,True,/app/jobs/8926f69a/TARGET_RESULTS/MCS_Output/MCS_SVG/3udh_A_091_501_plain.svg,/app/jobs/8926f69a/TARGET_RESULTS/MCS_Output/MCS_SVG/3udh_A_091_501_exposed.svg
BACE1,5hu0,A,66H,502,[H]/N=C1\N[C@](c2ccccc2)(c2cccc(NC(=O)c3ccco3)c2)C(=O)N1C,0.714,/app/jobs/8926f69a/WAR_PDB/BACE1/5hu0_A_66H.pdb,/app/jobs/8926f69a/TARGET_RESULTS/MCS_Output/MCS_SDF/5hu0_A_66H_502.sdf,True,True,True,True,/app/jobs/8926f69a/TARGET_RESULTS/MCS_Output/MCS_SVG/5hu0_A_66H_502_plain.svg,/app/jobs/8926f69a/TARGET_RESULTS/MCS_Output/MCS_SVG/5hu0_A_66H_502_exposed.svg
BACE1,6uvp,B,QJJ,401,NC1=N[C@@]2([C@H]3C[C@@H]3NC(=O)c3ccc(F)cn3)COC[C@H]2CS1,0.71,/app/jobs/8926f69a/WAR_PDB/BACE1/6uvp_B_QJJ.pdb,/app/jobs/8926f69a/TARGET_RESULTS/MCS_Output/MCS_SDF/6uvp_B_QJJ_401.sdf,True,True,True,True,/app/jobs/8926f69a/TARGET_RESULTS/MCS_Output/MCS_SVG/6uvp_B_QJJ_401_plain.svg,/app/jobs/8926f69a/TARGET_RESULTS/MCS_Output/MCS_SVG/6uvp_B_QJJ_401_exposed.svg
BACE1,3msk,A,EV4,396,CN(C(=O)CCCn1c(N)nc2cc(Cl)ccc21)C1CCCCC1,0.708,/app/jobs/8926f69a/WAR_PDB/BACE1/3msk_A_EV4.pdb,/app/jobs/8926f69a/TARGET_RESULTS/MCS_Output/MCS_SDF/3msk_A_EV4_396.sdf,True,True,True,True,/app/jobs/8926f69a/TARGET_RESULTS/MCS_Output/MCS_SVG/3msk_A_EV4_396_plain.svg,/app/jobs/8926f69a/TARGET_RESULTS/MCS_Output/MCS_SVG/3msk_A_EV4_396_exposed.svg
BACE1,4jpc,A,1M6,502,CN1C(=O)[C@]2(CC(C)(C)Oc3ccc(-c4cccc(C#N)c4)cc32)N=C1N,0.704,/app/jobs/8926f69a/WAR_PDB/BACE1/4jpc_A_1M6.pdb,/app/jobs/8926f69a/TARGET_RESULTS/MCS_Output/MCS_SDF/4jpc_A_1M6_502.sdf,True,True,True,True,/app/jobs/8926f69a/TARGET_RESULTS/MCS_Output/MCS_SVG/4jpc_A_1M6_502_plain.svg,/app/jobs/8926f69a/TARGET_RESULTS/MCS_Output/MCS_SVG/4jpc_A_1M6_502_exposed.svg
BACE1,3in4,A,BX2,1,CCc1cc([C@]2(c3cccc(-c4cncnc4)c3)N=C(N)N(C)C2=O)cc(CC)n1,0.7,/app/jobs/8926f69a/WAR_PDB/BACE1/3in4_A_BX2.pdb,/app/jobs/8926f69a/TARGET_RESULTS/MCS_Output/MCS_SDF/3in4_A_BX2_1.sdf,True,True,True,True,/app/jobs/8926f69a/TARGET_RESULTS/MCS_Output/MCS_SVG/3in4_A_BX2_1_plain.svg,/app/jobs/8926f69a/TARGET_RESULTS/MCS_Output/MCS_SVG/3in4_A_BX2_1_exposed.svg
BACE1,3l5b,A,BDO,1,[H]/N=C1/N[C@](C)(CC(C)C)C(=O)N1Cc1cccc(Cl)c1,0.7,/app/jobs/8926f69a/WAR_PDB/BACE1/3l5b_A_BDO.pdb,/app/jobs/8926f69a/TARGET_RESULTS/MCS_Output/MCS_SDF/3l5b_A_BDO_1.sdf,True,True,True,True,/app/jobs/8926f69a/TARGET_RESULTS/MCS_Output/MCS_SVG/3l5b_A_BDO_1_plain.svg,/app/jobs/8926f69a/TARGET_RESULTS/MCS_Output/MCS_SVG/3l5b_A_BDO_1_exposed.svg
BACE1,3l5b,B,BDO,455,[H]/N=C1/N[C@](C)(CC(C)C)C(=O)N1Cc1cccc(Cl)c1,0.7,/app/jobs/8926f69a/WAR_PDB/BACE1/3l5b_B_BDO.pdb,/app/jobs/8926f69a/TARGET_RESULTS/MCS_Output/MCS_SDF/3l5b_B_BDO_455.sdf,True,True,True,True,/app/jobs/8926f69a/TARGET_RESULTS/MCS_Output/MCS_SVG/3l5b_B_BDO_455_plain.svg,/app/jobs/8926f69a/TARGET_RESULTS/MCS_Output/MCS_SVG/3l5b_B_BDO_455_exposed.svg
BACE1,4dju,A,0KK,501,[H]/N=C1\NC(c2ccccc2)(c2ccccc2)C(=O)N1C,0.7,/app/jobs/8926f69a/WAR_PDB/BACE1/4dju_A_0KK.pdb,/app/jobs/8926f69a/TARGET_RESULTS/MCS_Output/MCS_SDF/4dju_A_0KK_501.sdf,True,True,True,True,/app/jobs/8926f69a/TARGET_RESULTS/MCS_Output/MCS_SVG/4dju_A_0KK_501_plain.svg,/app/jobs/8926f69a/TARGET_RESULTS/MCS_Output/MCS_SVG/4dju_A_0KK_501_exposed.svg
BACE1,4joo,A,1M4,503,CN1C(=O)[C@]2(CC(C)(C)Oc3ccc(Br)cc32)N=C1N,0.7,/app/jobs/8926f69a/WAR_PDB/BACE1/4joo_A_1M4.pdb,/app/jobs/8926f69a/TARGET_RESULTS/MCS_Output/MCS_SDF/4joo_A_1M4_503.sdf,True,True,True,True,/app/jobs/8926f69a/TARGET_RESULTS/MCS_Output/MCS_SVG/4joo_A_1M4_503_plain.svg,/app/jobs/8926f69a/TARGET_RESULTS/MCS_Output/MCS_SVG/4joo_A_1M4_503_exposed.svg
BACE1,4h3i,A,10V,502,[H]/N=C1\N[C@@]2(c3cc(-c4cccc(C#N)c4)cs3)CN(c3ncccc3OC)C[C@H]2C(=O)N1C,0.697,/app/jobs/8926f69a/WAR_PDB/BACE1/4h3i_A_10V.pdb,/app/jobs/8926f69a/TARGET_RESULTS/MCS_Output/MCS_SDF/4h3i_A_10V_502.sdf,True,True,True,True,/app/jobs/8926f69a/TARGET_RESULTS/MCS_Output/MCS_SVG/4h3i_A_10V_502_plain.svg,/app/jobs/8926f69a/TARGET_RESULTS/MCS_Output/MCS_SVG/4h3i_A_10V_502_exposed.svg
BACE1,3rtm,A,RTM,395,CN(C(=O)CCc1cc2ccccc2nc1N)C1CCCCC1,0.696,/app/jobs/8926f69a/WAR_PDB/BACE1/3rtm_A_RTM.pdb,/app/jobs/8926f69a/TARGET_RESULTS/MCS_Output/MCS_SDF/3rtm_A_RTM_395.sdf,True,True,True,True,/app/jobs/8926f69a/TARGET_RESULTS/MCS_Output/MCS_SVG/3rtm_A_RTM_395_plain.svg,/app/jobs/8926f69a/TARGET_RESULTS/MCS_Output/MCS_SVG/3rtm_A_RTM_395_exposed.svg
BACE1,4ha5,A,13W,502,[H]/N=C1\N[C@](C)(c2cc(-c3cccc(C#N)c3)cs2)CC(=O)N1C,0.696,/app/jobs/8926f69a/WAR_PDB/BACE1/4ha5_A_13W.pdb,/app/jobs/8926f69a/TARGET_RESULTS/MCS_Output/MCS_SDF/4ha5_A_13W_502.sdf,True,True,True,True,/app/jobs/8926f69a/TARGET_RESULTS/MCS_Output/MCS_SVG/4ha5_A_13W_502_plain.svg,/app/jobs/8926f69a/TARGET_RESULTS/MCS_Output/MCS_SVG/4ha5_A_13W_502_exposed.svg
BACE1,4djw,B,0KP,501,[H]/N=C1\N[C@](c2ccccc2)(c2cccc(-c3cccnc3)c2)C(=O)N1C,0.692,/app/jobs/8926f69a/WAR_PDB/BACE1/4djw_B_0KP.pdb,/app/jobs/8926f69a/TARGET_RESULTS/MCS_Output/MCS_SDF/4djw_B_0KP_501.sdf,True,True,True,True,/app/jobs/8926f69a/TARGET_RESULTS/MCS_Output/MCS_SVG/4djw_B_0KP_501_plain.svg,/app/jobs/8926f69a/TARGET_RESULTS/MCS_Output/MCS_SVG/4djw_B_0KP_501_exposed.svg
BACE1,3inf,A,X45,1,COc1ccc([C@]2(c3cccc(-c4cccnc4)c3)N=C(N)N(C)C2=O)cc1C,0.69,/app/jobs/8926f69a/WAR_PDB/BACE1/3inf_A_X45.pdb,/app/jobs/8926f69a/TARGET_RESULTS/MCS_Output/MCS_SDF/3inf_A_X45_1.sdf,True,True,True,True,/app/jobs/8926f69a/TARGET_RESULTS/MCS_Output/MCS_SVG/3inf_A_X45_1_plain.svg,/app/jobs/8926f69a/TARGET_RESULTS/MCS_Output/MCS_SVG/3inf_A_X45_1_exposed.svg
BACE1,4bek,A,XK0,1447,COc1ccc([C@]2(C)CCSC(N)=N2)cc1,0.688,/app/jobs/8926f69a/WAR_PDB/BACE1/4bek_A_XK0.pdb,/app/jobs/8926f69a/TARGET_RESULTS/MCS_Output/MCS_SDF/4bek_A_XK0_1447.sdf,True,True,True,True,/app/jobs/8926f69a/TARGET_RESULTS/MCS_Output/MCS_SVG/4bek_A_XK0_1447_plain.svg,/app/jobs/8926f69a/TARGET_RESULTS/MCS_Output/MCS_SVG/4bek_A_XK0_1447_exposed.svg
BACE1,2ohl,A,2AQ,390,Nc1ccc2ccccc2n1,0.684,/app/jobs/8926f69a/WAR_PDB/BACE1/2ohl_A_2AQ.pdb,/app/jobs/8926f69a/TARGET_RESULTS/MCS_Output/MCS_SDF/2ohl_A_2AQ_390.sdf,True,True,True,True,/app/jobs/8926f69a/TARGET_RESULTS/MCS_Output/MCS_SVG/2ohl_A_2AQ_390_plain.svg,/app/jobs/8926f69a/TARGET_RESULTS/MCS_Output/MCS_SVG/2ohl_A_2AQ_390_exposed.svg
BACE1,4b0q,A,GMF,1385,[H]/N=C(\N)N[C@H](c1ccncc1)c1cccc(-c2cccc(OC)c2)c1,0.68,/app/jobs/8926f69a/WAR_PDB/BACE1/4b0q_A_GMF.pdb,/app/jobs/8926f69a/TARGET_RESULTS/MCS_Output/MCS_SDF/4b0q_A_GMF_1385.sdf,True,True,True,True,/app/jobs/8926f69a/TARGET_RESULTS/MCS_Output/MCS_SVG/4b0q_A_GMF_1385_plain.svg,/app/jobs/8926f69a/TARGET_RESULTS/MCS_Output/MCS_SVG/4b0q_A_GMF_1385_exposed.svg
BACE1,4jpe,A,1M7,502,CN1C(=O)[C@]2(CC(C)(C)Cc3ccc(-c4cncnc4)cc32)N=C1N,0.68,/app/jobs/8926f69a/WAR_PDB/BACE1/4jpe_A_1M7.pdb,/app/jobs/8926f69a/TARGET_RESULTS/MCS_Output/MCS_SDF/4jpe_A_1M7_502.sdf,True,True,True,True,/app/jobs/8926f69a/TARGET_RESULTS/MCS_Output/MCS_SVG/4jpe_A_1M7_502_plain.svg,/app/jobs/8926f69a/TARGET_RESULTS/MCS_Output/MCS_SVG/4jpe_A_1M7_502_exposed.svg
BACE1,4b78,A,KGG,1385,COc1ccc([C@@]2(c3cccc(-c4cccnc4)c3)C[C@@H](OC)C(N)=N2)cc1,0.679,/app/jobs/8926f69a/WAR_PDB/BACE1/4b78_A_KGG.pdb,/app/jobs/8926f69a/TARGET_RESULTS/MCS_Output/MCS_SDF/4b78_A_KGG_1385.sdf,True,True,True,True,/app/jobs/8926f69a/TARGET_RESULTS/MCS_Output/MCS_SVG/4b78_A_KGG_1385_plain.svg,/app/jobs/8926f69a/TARGET_RESULTS/MCS_Output/MCS_SVG/4b78_A_KGG_1385_exposed.svg
BACE1,5ezx,A,5T5,501,NC1=N[C@](c2ccc(OC(F)F)cc2)([C@@H]2C[C@H]2C(=O)c2cncc(Cl)c2)CO1,0.679,/app/jobs/8926f69a/WAR_PDB/BACE1/5ezx_A_5T5.pdb,/app/jobs/8926f69a/TARGET_RESULTS/MCS_Output/MCS_SDF/5ezx_A_5T5_501.sdf,True,True,True,True,/app/jobs/8926f69a/TARGET_RESULTS/MCS_Output/MCS_SVG/5ezx_A_5T5_501_plain.svg,/app/jobs/8926f69a/TARGET_RESULTS/MCS_Output/MCS_SVG/5ezx_A_5T5_501_exposed.svg
BACE1,4ivs,A,VSI,401,[H]/N=C(\NCc1cc(Cl)c(NC(C)=O)c(Cl)c1)NC(=O)Cn1ccc2ccc(C#N)cc21,0.677,/app/jobs/8926f69a/WAR_PDB/BACE1/4ivs_A_VSI.pdb,/app/jobs/8926f69a/TARGET_RESULTS/MCS_Output/MCS_SDF/4ivs_A_VSI_401.sdf,True,True,True,True,/app/jobs/8926f69a/TARGET_RESULTS/MCS_Output/MCS_SVG/4ivs_A_VSI_401_plain.svg,/app/jobs/8926f69a/TARGET_RESULTS/MCS_Output/MCS_SVG/4ivs_A_VSI_401_exposed.svg
BACE1,2ohm,A,8AP,389,Nc1ncccc1NCc1ccccc1,0.667,/app/jobs/8926f69a/WAR_PDB/BACE1/2ohm_A_8AP.pdb,/app/jobs/8926f69a/TARGET_RESULTS/MCS_Output/MCS_SDF/2ohm_A_8AP_389.sdf,True,True,True,True,/app/jobs/8926f69a/TARGET_RESULTS/MCS_Output/MCS_SVG/2ohm_A_8AP_389_plain.svg,/app/jobs/8926f69a/TARGET_RESULTS/MCS_Output/MCS_SVG/2ohm_A_8AP_389_exposed.svg
BACE1,2zji,A,F1I,449,COc1cccc(OC)c1CN1CCC(NC(=O)CCCS)CC1,0.667,/app/jobs/8926f69a/WAR_PDB/BACE1/2zji_A_F1I.pdb,/app/jobs/8926f69a/TARGET_RESULTS/MCS_Output/MCS_SDF/2zji_A_F1I_449.sdf,True,True,True,True,/app/jobs/8926f69a/TARGET_RESULTS/MCS_Output/MCS_SVG/2zji_A_F1I_449_plain.svg,/app/jobs/8926f69a/TARGET_RESULTS/MCS_Output/MCS_SVG/2zji_A_F1I_449_exposed.svg
BACE1,3vv6,A,B00,510,Cn1c(N)nc([C@H]2C[C@H]2c2ccccc2)cc1=O,0.667,/app/jobs/8926f69a/WAR_PDB/BACE1/3vv6_A_B00.pdb,/app/jobs/8926f69a/TARGET_RESULTS/MCS_Output/MCS_SDF/3vv6_A_B00_510.sdf,True,True,True,True,/app/jobs/8926f69a/TARGET_RESULTS/MCS_Output/MCS_SVG/3vv6_A_B00_510_plain.svg,/app/jobs/8926f69a/TARGET_RESULTS/MCS_Output/MCS_SVG/3vv6_A_B00_510_exposed.svg
BACE1,4b70,A,WM9,1503,C[C@]1(c2cccc(-c3cccc(Cl)c3)c2)N=C(N)CCO1,0.667,/app/jobs/8926f69a/WAR_PDB/BACE1/4b70_A_WM9.pdb,/app/jobs/8926f69a/TARGET_RESULTS/MCS_Output/MCS_SDF/4b70_A_WM9_1503.sdf,True,True,True,True,/app/jobs/8926f69a/TARGET_RESULTS/MCS_Output/MCS_SVG/4b70_A_WM9_1503_plain.svg,/app/jobs/8926f69a/TARGET_RESULTS/MCS_Output/MCS_SVG/4b70_A_WM9_1503_exposed.svg
BACE1,4b72,A,2FB,1503,COc1ccc([C@]2(c3cccc(-c4cncnc4)c3)N=C(N)c3nc(C)sc32)cc1,0.667,/app/jobs/8926f69a/WAR_PDB/BACE1/4b72_A_2FB.pdb,/app/jobs/8926f69a/TARGET_RESULTS/MCS_Output/MCS_SDF/4b72_A_2FB_1503.sdf,True,True,True,True,/app/jobs/8926f69a/TARGET_RESULTS/MCS_Output/MCS_SVG/4b72_A_2FB_1503_plain.svg,/app/jobs/8926f69a/TARGET_RESULTS/MCS_Output/MCS_SVG/4b72_A_2FB_1503_exposed.svg
BACE1,4fri,A,DWA,404,COc1ccc([C@@]2(c3cccc(-c4cccnc4F)c3)COC(N)=N2)cc1,0.667,/app/jobs/8926f69a/WAR_PDB/BACE1/4fri_A_DWA.pdb,/app/jobs/8926f69a/TARGET_RESULTS/MCS_Output/MCS_SDF/4fri_A_DWA_404.sdf,True,True,True,True,/app/jobs/8926f69a/TARGET_RESULTS/MCS_Output/MCS_SVG/4fri_A_DWA_404_plain.svg,/app/jobs/8926f69a/TARGET_RESULTS/MCS_Output/MCS_SVG/4fri_A_DWA_404_exposed.svg
BACE1,4h1e,B,10J,501,[H]/N=C1\N[C@@]2(c3cc(-c4cccc(C#N)c4)cs3)CN(C(=O)c3ccccc3)C[C@H]2C(=O)N1C,0.667,/app/jobs/8926f69a/WAR_PDB/BACE1/4h1e_B_10J.pdb,/app/jobs/8926f69a/TARGET_RESULTS/MCS_Output/MCS_SDF/4h1e_B_10J_501.sdf,True,True,True,True,/app/jobs/8926f69a/TARGET_RESULTS/MCS_Output/MCS_SVG/4h1e_B_10J_501_plain.svg,/app/jobs/8926f69a/TARGET_RESULTS/MCS_Output/MCS_SVG/4h1e_B_10J_501_exposed.svg
BACE1,4i10,A,1BS,504,CC1(C)Cc2cc(Cl)ccc2C(N[C@@H](Cc2ccccc2)c2nc(=O)c3cnccc3[nH]2)=N1,0.667,/app/jobs/8926f69a/WAR_PDB/BACE1/4i10_A_1BS.pdb,/app/jobs/8926f69a/TARGET_RESULTS/MCS_Output/MCS_SDF/4i10_A_1BS_504.sdf,True,True,True,True,/app/jobs/8926f69a/TARGET_RESULTS/MCS_Output/MCS_SVG/4i10_A_1BS_504_plain.svg,/app/jobs/8926f69a/TARGET_RESULTS/MCS_Output/MCS_SVG/4i10_A_1BS_504_exposed.svg
BACE1,4i11,A,1CH,504,CC1(C)Cc2ccccc2C(N[C@@H](Cc2ccccc2)C(=O)O)=N1,0.667,/app/jobs/8926f69a/WAR_PDB/BACE1/4i11_A_1CH.pdb,/app/jobs/8926f69a/TARGET_RESULTS/MCS_Output/MCS_SDF/4i11_A_1CH_504.sdf,True,True,True,True,/app/jobs/8926f69a/TARGET_RESULTS/MCS_Output/MCS_SVG/4i11_A_1CH_504_plain.svg,/app/jobs/8926f69a/TARGET_RESULTS/MCS_Output/MCS_SVG/4i11_A_1CH_504_exposed.svg
BACE1,5hd0,B,60Y,502,[H]/N=C1\N[C@@]2(c3cc(-c4cccc(C#N)c4)cs3)CN(c3ncc(F)cn3)C[C@H]2C(=O)N1C,0.656,/app/jobs/8926f69a/WAR_PDB/BACE1/5hd0_B_60Y.pdb,/app/jobs/8926f69a/TARGET_RESULTS/MCS_Output/MCS_SDF/5hd0_B_60Y_502.sdf,True,True,True,True,/app/jobs/8926f69a/TARGET_RESULTS/MCS_Output/MCS_SVG/5hd0_B_60Y_502_plain.svg,/app/jobs/8926f69a/TARGET_RESULTS/MCS_Output/MCS_SVG/5hd0_B_60Y_502_exposed.svg
BACE1,5ie1,A,6BS,407,Cc1ccccc1-c1ccc2nc(N)c(CCC(=O)NCCC(C)(C)C)cc2c1,0.655,/app/jobs/8926f69a/WAR_PDB/BACE1/5ie1_A_6BS.pdb,/app/jobs/8926f69a/TARGET_RESULTS/MCS_Output/MCS_SDF/5ie1_A_6BS_407.sdf,True,True,True,True,/app/jobs/8926f69a/TARGET_RESULTS/MCS_Output/MCS_SVG/5ie1_A_6BS_407_plain.svg,/app/jobs/8926f69a/TARGET_RESULTS/MCS_Output/MCS_SVG/5ie1_A_6BS_407_exposed.svg
BACE1,3u6a,A,18P,386,CN1CC(N)=N[C@](C)(c2cccc(NC(=O)c3ccc(Cl)cn3)c2)C1=O,0.654,/app/jobs/8926f69a/WAR_PDB/BACE1/3u6a_A_18P.pdb,/app/jobs/8926f69a/TARGET_RESULTS/MCS_Output/MCS_SDF/3u6a_A_18P_386.sdf,True,True,True,True,/app/jobs/8926f69a/TARGET_RESULTS/MCS_Output/MCS_SVG/3u6a_A_18P_386_plain.svg,/app/jobs/8926f69a/TARGET_RESULTS/MCS_Output/MCS_SVG/3u6a_A_18P_386_exposed.svg
BACE1,3udn,A,09B,401,N#Cc1ccc(COC(=O)[C@H]2C[C@]3(CN2)C(=O)Nc2ccccc23)cc1,0.654,/app/jobs/8926f69a/WAR_PDB/BACE1/3udn_A_09B.pdb,/app/jobs/8926f69a/TARGET_RESULTS/MCS_Output/MCS_SDF/3udn_A_09B_401.sdf,True,True,True,True,/app/jobs/8926f69a/TARGET_RESULTS/MCS_Output/MCS_SVG/3udn_A_09B_401_plain.svg,/app/jobs/8926f69a/TARGET_RESULTS/MCS_Output/MCS_SVG/3udn_A_09B_401_exposed.svg
BACE1,4djw,A,0KP,501,[H]/N=C1\N[C@](c2ccccc2)(c2cccc(-c3cccnc3)c2)C(=O)N1C,0.654,/app/jobs/8926f69a/WAR_PDB/BACE1/4djw_A_0KP.pdb,/app/jobs/8926f69a/TARGET_RESULTS/MCS_Output/MCS_SDF/4djw_A_0KP_501.sdf,True,True,True,True,/app/jobs/8926f69a/TARGET_RESULTS/MCS_Output/MCS_SVG/4djw_A_0KP_501_plain.svg,/app/jobs/8926f69a/TARGET_RESULTS/MCS_Output/MCS_SVG/4djw_A_0KP_501_exposed.svg
BACE1,4l7h,A,1W1,501,N#Cc1cccnc1N1CC[C@]2(c3ccc(F)cc3F)N=C(N)O[C@@H]2C1,0.654,/app/jobs/8926f69a/WAR_PDB/BACE1/4l7h_A_1W1.pdb,/app/jobs/8926f69a/TARGET_RESULTS/MCS_Output/MCS_SDF/4l7h_A_1W1_501.sdf,True,True,True,True,/app/jobs/8926f69a/TARGET_RESULTS/MCS_Output/MCS_SVG/4l7h_A_1W1_501_plain.svg,/app/jobs/8926f69a/TARGET_RESULTS/MCS_Output/MCS_SVG/4l7h_A_1W1_501_exposed.svg
BACE1,4pzw,A,2X4,502,NC1=N[C@@]2(CO1)c1cc(-c3cncc(Cl)c3)ccc1O[C@@H]1COCC[C@H]12,0.654,/app/jobs/8926f69a/WAR_PDB/BACE1/4pzw_A_2X4.pdb,/app/jobs/8926f69a/TARGET_RESULTS/MCS_Output/MCS_SDF/4pzw_A_2X4_502.sdf,True,True,True,True,/app/jobs/8926f69a/TARGET_RESULTS/MCS_Output/MCS_SVG/4pzw_A_2X4_502_plain.svg,/app/jobs/8926f69a/TARGET_RESULTS/MCS_Output/MCS_SVG/4pzw_A_2X4_502_exposed.svg
BACE1,4pzx,A,2X5,502,NC1=N[C@@]2(CO1)c1cc(-c3cncc(Cl)c3)ccc1O[C@H]1COCC[C@@H]12,0.654,/app/jobs/8926f69a/WAR_PDB/BACE1/4pzx_A_2X5.pdb,/app/jobs/8926f69a/TARGET_RESULTS/MCS_Output/MCS_SDF/4pzx_A_2X5_502.sdf,True,True,True,True,/app/jobs/8926f69a/TARGET_RESULTS/MCS_Output/MCS_SVG/4pzx_A_2X5_502_plain.svg,/app/jobs/8926f69a/TARGET_RESULTS/MCS_Output/MCS_SVG/4pzx_A_2X5_502_exposed.svg
BACE1,2ze1,A,411,1,[H]/N=C(\N)NC(=O)Cn1c(-c2ccccc2)ccc1-c1ccc(NC(=O)c2cccc(Br)c2)cc1,0.647,/app/jobs/8926f69a/WAR_PDB/BACE1/2ze1_A_411.pdb,/app/jobs/8926f69a/TARGET_RESULTS/MCS_Output/MCS_SDF/2ze1_A_411_1.sdf,True,True,True,True,/app/jobs/8926f69a/TARGET_RESULTS/MCS_Output/MCS_SVG/2ze1_A_411_1_plain.svg,/app/jobs/8926f69a/TARGET_RESULTS/MCS_Output/MCS_SVG/2ze1_A_411_1_exposed.svg
BACE1,4i0z,A,1BB,501,CC1(C)Cc2cc(Cl)ccc2C(N[C@@H](Cc2ccccc2)c2nc(=O)c(C#N)c[nH]2)=N1,0.645,/app/jobs/8926f69a/WAR_PDB/BACE1/4i0z_A_1BB.pdb,/app/jobs/8926f69a/TARGET_RESULTS/MCS_Output/MCS_SDF/4i0z_A_1BB_501.sdf,True,True,True,True,/app/jobs/8926f69a/TARGET_RESULTS/MCS_Output/MCS_SVG/4i0z_A_1BB_501_plain.svg,/app/jobs/8926f69a/TARGET_RESULTS/MCS_Output/MCS_SVG/4i0z_A_1BB_501_exposed.svg
BACE1,3h0b,B,B35,449,COc1ccc([C@H](Cc2cc([N+](=O)[O-])ccc2OC)c2c[nH]c(N)n2)cc1F,0.643,/app/jobs/8926f69a/WAR_PDB/BACE1/3h0b_B_B35.pdb,/app/jobs/8926f69a/TARGET_RESULTS/MCS_Output/MCS_SDF/3h0b_B_B35_449.sdf,True,True,True,True,/app/jobs/8926f69a/TARGET_RESULTS/MCS_Output/MCS_SVG/3h0b_B_B35_449_plain.svg,/app/jobs/8926f69a/TARGET_RESULTS/MCS_Output/MCS_SVG/3h0b_B_B35_449_exposed.svg
BACE1,3l5d,A,BDV,1,[H]/N=C1/N[C@](C)(CC(C)C)C(=O)N1Cc1ccc(CNC(=O)NCCCC)cc1,0.643,/app/jobs/8926f69a/WAR_PDB/BACE1/3l5d_A_BDV.pdb,/app/jobs/8926f69a/TARGET_RESULTS/MCS_Output/MCS_SDF/3l5d_A_BDV_1.sdf,True,True,True,True,/app/jobs/8926f69a/TARGET_RESULTS/MCS_Output/MCS_SVG/3l5d_A_BDV_1_plain.svg,/app/jobs/8926f69a/TARGET_RESULTS/MCS_Output/MCS_SVG/3l5d_A_BDV_1_exposed.svg
BACE1,3s2o,A,EV6,393,CC[C@@H](CC(=O)NC1C2CC3CC(C2)CC1C3)n1c(N)nc2cc(Cl)ccc21,0.643,/app/jobs/8926f69a/WAR_PDB/BACE1/3s2o_A_EV6.pdb,/app/jobs/8926f69a/TARGET_RESULTS/MCS_Output/MCS_SDF/3s2o_A_EV6_393.sdf,True,True,True,True,/app/jobs/8926f69a/TARGET_RESULTS/MCS_Output/MCS_SVG/3s2o_A_EV6_393_plain.svg,/app/jobs/8926f69a/TARGET_RESULTS/MCS_Output/MCS_SVG/3s2o_A_EV6_393_exposed.svg
BACE1,5ygy,A,0B6,509,C[C@@]1(c2cc(NC(=O)c3ccc(C#N)cn3)ccc2F)C=C(CF)OC(N)=N1,0.643,/app/jobs/8926f69a/WAR_PDB/BACE1/5ygy_A_0B6.pdb,/app/jobs/8926f69a/TARGET_RESULTS/MCS_Output/MCS_SDF/5ygy_A_0B6_509.sdf,True,True,True,True,/app/jobs/8926f69a/TARGET_RESULTS/MCS_Output/MCS_SVG/5ygy_A_0B6_509_plain.svg,/app/jobs/8926f69a/TARGET_RESULTS/MCS_Output/MCS_SVG/5ygy_A_0B6_509_exposed.svg
BACE1,3exo,A,5MS,453,Cc1ccc(Nc2cc(-c3ccccc3)ncn2)cc1NS(C)(=O)=O,0.64,/app/jobs/8926f69a/WAR_PDB/BACE1/3exo_A_5MS.pdb,/app/jobs/8926f69a/TARGET_RESULTS/MCS_Output/MCS_SDF/3exo_A_5MS_453.sdf,True,True,True,True,/app/jobs/8926f69a/TARGET_RESULTS/MCS_Output/MCS_SVG/3exo_A_5MS_453_plain.svg,/app/jobs/8926f69a/TARGET_RESULTS/MCS_Output/MCS_SVG/3exo_A_5MS_453_exposed.svg
BACE1,3s7m,A,532,1,CN1C(=O)[C@@](c2ccsc2)(c2cccc(-c3cccnc3)c2)N=C1N,0.64,/app/jobs/8926f69a/WAR_PDB/BACE1/3s7m_A_532.pdb,/app/jobs/8926f69a/TARGET_RESULTS/MCS_Output/MCS_SDF/3s7m_A_532_1.sdf,True,True,True,True,/app/jobs/8926f69a/TARGET_RESULTS/MCS_Output/MCS_SVG/3s7m_A_532_1_plain.svg,/app/jobs/8926f69a/TARGET_RESULTS/MCS_Output/MCS_SVG/3s7m_A_532_1_exposed.svg
BACE1,6jsg,A,C6U,507,C[C@@]1(c2cc(NC(=O)c3ccc(Cl)cn3)ccc2F)CCSC(N)=N1,0.64,/app/jobs/8926f69a/WAR_PDB/BACE1/6jsg_A_C6U.pdb,/app/jobs/8926f69a/TARGET_RESULTS/MCS_Output/MCS_SDF/6jsg_A_C6U_507.sdf,True,True,True,True,/app/jobs/8926f69a/TARGET_RESULTS/MCS_Output/MCS_SVG/6jsg_A_C6U_507_plain.svg,/app/jobs/8926f69a/TARGET_RESULTS/MCS_Output/MCS_SVG/6jsg_A_C6U_507_exposed.svg
BACE1,4h3g,B,10Q,503,[H]/N=C1\N[C@@]2(c3cc(-c4cccc(C#N)c4)cs3)CN(c3ncccc3C#N)C[C@H]2C(=O)N1C,0.636,/app/jobs/8926f69a/WAR_PDB/BACE1/4h3g_B_10Q.pdb,/app/jobs/8926f69a/TARGET_RESULTS/MCS_Output/MCS_SDF/4h3g_B_10Q_503.sdf,True,True,True,True,/app/jobs/8926f69a/TARGET_RESULTS/MCS_Output/MCS_SVG/4h3g_B_10Q_503_plain.svg,/app/jobs/8926f69a/TARGET_RESULTS/MCS_Output/MCS_SVG/4h3g_B_10Q_503_exposed.svg
BACE1,4h3i,B,10V,503,[H]/N=C1\N[C@@]2(c3cc(-c4cccc(C#N)c4)cs3)CN(c3ncccc3OC)C[C@H]2C(=O)N1C,0.636,/app/jobs/8926f69a/WAR_PDB/BACE1/4h3i_B_10V.pdb,/app/jobs/8926f69a/TARGET_RESULTS/MCS_Output/MCS_SDF/4h3i_B_10V_503.sdf,True,True,True,True,/app/jobs/8926f69a/TARGET_RESULTS/MCS_Output/MCS_SVG/4h3i_B_10V_503_plain.svg,/app/jobs/8926f69a/TARGET_RESULTS/MCS_Output/MCS_SVG/4h3i_B_10V_503_exposed.svg
BACE1,4l7g,A,1W0,501,NC1=N[C@@]2(c3cccc(-c4cncnc4)c3)CCOC[C@H]2O1,0.636,/app/jobs/8926f69a/WAR_PDB/BACE1/4l7g_A_1W0.pdb,/app/jobs/8926f69a/TARGET_RESULTS/MCS_Output/MCS_SDF/4l7g_A_1W0_501.sdf,True,True,True,True,/app/jobs/8926f69a/TARGET_RESULTS/MCS_Output/MCS_SVG/4l7g_A_1W0_501_plain.svg,/app/jobs/8926f69a/TARGET_RESULTS/MCS_Output/MCS_SVG/4l7g_A_1W0_501_exposed.svg
BACE1,4r93,B,779,502,[H]/N=C1\N[C@](CCC2CCCCC2)(C[C@H]2CCC[C@@H](NC(=O)Nc3ccccc3)C2)C(=O)N1C,0.636,/app/jobs/8926f69a/WAR_PDB/BACE1/4r93_B_779.pdb,/app/jobs/8926f69a/TARGET_RESULTS/MCS_Output/MCS_SDF/4r93_B_779_502.sdf,True,True,True,True,/app/jobs/8926f69a/TARGET_RESULTS/MCS_Output/MCS_SVG/4r93_B_779_502_plain.svg,/app/jobs/8926f69a/TARGET_RESULTS/MCS_Output/MCS_SVG/4r93_B_779_502_exposed.svg
BACE1,4zsm,A,4RW,401,NC1=N[C@@H]2CCCC[C@@H]2CS1,0.636,/app/jobs/8926f69a/WAR_PDB/BACE1/4zsm_A_4RW.pdb,/app/jobs/8926f69a/TARGET_RESULTS/MCS_Output/MCS_SDF/4zsm_A_4RW_401.sdf,True,True,True,True,/app/jobs/8926f69a/TARGET_RESULTS/MCS_Output/MCS_SVG/4zsm_A_4RW_401_plain.svg,/app/jobs/8926f69a/TARGET_RESULTS/MCS_Output/MCS_SVG/4zsm_A_4RW_401_exposed.svg
BACE1,3kyr,C,038,500,CC(C)C[C@H](NC(=O)[C@@H](NC(=O)[C@@H](N)CNC(=O)c1nnn[nH]1)C(C)C)C(=O)NC[C@](O)(CCc1ccccc1)C(=O)Nc1cccc(C(=O)O)c1,0.635,/app/jobs/8926f69a/WAR_PDB/BACE1/3kyr_C_038.pdb,/app/jobs/8926f69a/TARGET_RESULTS/MCS_Output/MCS_SDF/3kyr_C_038_500.sdf,True,True,True,True,/app/jobs/8926f69a/TARGET_RESULTS/MCS_Output/MCS_SVG/3kyr_C_038_500_plain.svg,/app/jobs/8926f69a/TARGET_RESULTS/MCS_Output/MCS_SVG/3kyr_C_038_500_exposed.svg
BACE1,4frk,A,DWD,405,CC(C)COc1ccc2c(c1)[C@]1(COC(N)=N1)c1cc(-c3cncnc3)ccc1O2,0.633,/app/jobs/8926f69a/WAR_PDB/BACE1/4frk_A_DWD.pdb,/app/jobs/8926f69a/TARGET_RESULTS/MCS_Output/MCS_SDF/4frk_A_DWD_405.sdf,True,True,True,True,/app/jobs/8926f69a/TARGET_RESULTS/MCS_Output/MCS_SVG/4frk_A_DWD_405_plain.svg,/app/jobs/8926f69a/TARGET_RESULTS/MCS_Output/MCS_SVG/4frk_A_DWD_405_exposed.svg
BACE1,5ezz,A,5T6,501,Cc1cc([C@@]2(c3cccc(-c4cncc(Cl)c4)c3)COC(N)=N2)ccc1OC(F)F,0.633,/app/jobs/8926f69a/WAR_PDB/BACE1/5ezz_A_5T6.pdb,/app/jobs/8926f69a/TARGET_RESULTS/MCS_Output/MCS_SDF/5ezz_A_5T6_501.sdf,True,True,True,True,/app/jobs/8926f69a/TARGET_RESULTS/MCS_Output/MCS_SVG/5ezz_A_5T6_501_plain.svg,/app/jobs/8926f69a/TARGET_RESULTS/MCS_Output/MCS_SVG/5ezz_A_5T6_501_exposed.svg
BACE1,5hdx,A,60U,501,[H]/N=C1\N[C@@]2(c3ccc(C#N)s3)CN(c3nc(C)c(F)c(OCC)n3)C[C@H]2C(=O)N1C,0.633,/app/jobs/8926f69a/WAR_PDB/BACE1/5hdx_A_60U.pdb,/app/jobs/8926f69a/TARGET_RESULTS/MCS_Output/MCS_SDF/5hdx_A_60U_501.sdf,True,True,True,True,/app/jobs/8926f69a/TARGET_RESULTS/MCS_Output/MCS_SVG/5hdx_A_60U_501_plain.svg,/app/jobs/8926f69a/TARGET_RESULTS/MCS_Output/MCS_SVG/5hdx_A_60U_501_exposed.svg
BACE1,6e3z,A,HRV,401,C[C@]1(c2cc(NC(=O)c3ncc(Cl)cc3Cl)ccc2F)N=C(N)CO[C@H]1C(F)(F)F,0.633,/app/jobs/8926f69a/WAR_PDB/BACE1/6e3z_A_HRV.pdb,/app/jobs/8926f69a/TARGET_RESULTS/MCS_Output/MCS_SDF/6e3z_A_HRV_401.sdf,True,True,True,True,/app/jobs/8926f69a/TARGET_RESULTS/MCS_Output/MCS_SVG/6e3z_A_HRV_401_plain.svg,/app/jobs/8926f69a/TARGET_RESULTS/MCS_Output/MCS_SVG/6e3z_A_HRV_401_exposed.svg
BACE1,3s7l,A,591,1,CCn1cc([C@]2(c3cccc(-c4cncnc4)c3)N=C(N)N(C)C2=O)cn1,0.63,/app/jobs/8926f69a/WAR_PDB/BACE1/3s7l_A_591.pdb,/app/jobs/8926f69a/TARGET_RESULTS/MCS_Output/MCS_SDF/3s7l_A_591_1.sdf,True,True,True,True,/app/jobs/8926f69a/TARGET_RESULTS/MCS_Output/MCS_SVG/3s7l_A_591_1_plain.svg,/app/jobs/8926f69a/TARGET_RESULTS/MCS_Output/MCS_SVG/3s7l_A_591_1_exposed.svg
BACE1,3udy,A,09G,501,N#Cc1ccc(COC(=O)[C@H]2C[C@]3(CN2)C(=O)Nc2ccccc23)cc1Br,0.63,/app/jobs/8926f69a/WAR_PDB/BACE1/3udy_A_09G.pdb,/app/jobs/8926f69a/TARGET_RESULTS/MCS_Output/MCS_SDF/3udy_A_09G_501.sdf,True,True,True,True,/app/jobs/8926f69a/TARGET_RESULTS/MCS_Output/MCS_SVG/3udy_A_09G_501_plain.svg,/app/jobs/8926f69a/TARGET_RESULTS/MCS_Output/MCS_SVG/3udy_A_09G_501_exposed.svg
BACE1,2ohu,A,IP7,390,Nc1ncccc1NCc1cc(-c2ccc3cc[nH]c3c2)ccc1OCc1ccccn1,0.625,/app/jobs/8926f69a/WAR_PDB/BACE1/2ohu_A_IP7.pdb,/app/jobs/8926f69a/TARGET_RESULTS/MCS_Output/MCS_SDF/2ohu_A_IP7_390.sdf,True,True,True,True,/app/jobs/8926f69a/TARGET_RESULTS/MCS_Output/MCS_SVG/2ohu_A_IP7_390_plain.svg,/app/jobs/8926f69a/TARGET_RESULTS/MCS_Output/MCS_SVG/2ohu_A_IP7_390_exposed.svg
BACE1,2qu2,A,251,1,[H]/N=C(\N)NC(=O)Cn1c(-c2ccccc2)ccc1-c1ccccc1,0.625,/app/jobs/8926f69a/WAR_PDB/BACE1/2qu2_A_251.pdb,/app/jobs/8926f69a/TARGET_RESULTS/MCS_Output/MCS_SDF/2qu2_A_251_1.sdf,True,True,True,True,/app/jobs/8926f69a/TARGET_RESULTS/MCS_Output/MCS_SVG/2qu2_A_251_1_plain.svg,/app/jobs/8926f69a/TARGET_RESULTS/MCS_Output/MCS_SVG/2qu2_A_251_1_exposed.svg
BACE1,3inh,A,569,1,CN1C(=O)[C@@](c2ccc(OC(F)(F)F)cc2)(c2ccc(F)c(-c3cncnc3)c2)N=C1N,0.625,/app/jobs/8926f69a/WAR_PDB/BACE1/3inh_A_569.pdb,/app/jobs/8926f69a/TARGET_RESULTS/MCS_Output/MCS_SDF/3inh_A_569_1.sdf,True,True,True,True,/app/jobs/8926f69a/TARGET_RESULTS/MCS_Output/MCS_SVG/3inh_A_569_1_plain.svg,/app/jobs/8926f69a/TARGET_RESULTS/MCS_Output/MCS_SVG/3inh_A_569_1_exposed.svg
BACE1,3l5c,A,BDQ,1,[H]/N=C1/N[C@](C)(CC(C)C)C(=O)N1Cc1ccc(CNC(=O)Nc2ccc(C#N)cc2)cc1,0.625,/app/jobs/8926f69a/WAR_PDB/BACE1/3l5c_A_BDQ.pdb,/app/jobs/8926f69a/TARGET_RESULTS/MCS_Output/MCS_SDF/3l5c_A_BDQ_1.sdf,True,True,True,True,/app/jobs/8926f69a/TARGET_RESULTS/MCS_Output/MCS_SVG/3l5c_A_BDQ_1_plain.svg,/app/jobs/8926f69a/TARGET_RESULTS/MCS_Output/MCS_SVG/3l5c_A_BDQ_1_exposed.svg
BACE1,4fs4,B,H24,501,COc1cccc(-c2cccc([C@]3(C)CC(=O)N(C)C(N)=N3)c2)c1,0.625,/app/jobs/8926f69a/WAR_PDB/BACE1/4fs4_B_H24.pdb,/app/jobs/8926f69a/TARGET_RESULTS/MCS_Output/MCS_SDF/4fs4_B_H24_501.sdf,True,True,True,True,/app/jobs/8926f69a/TARGET_RESULTS/MCS_Output/MCS_SVG/4fs4_B_H24_501_plain.svg,/app/jobs/8926f69a/TARGET_RESULTS/MCS_Output/MCS_SVG/4fs4_B_H24_501_exposed.svg
BACE1,4gid,A,LPD,502,NC(=O)[C@@H]1CCCN1,0.625,/app/jobs/8926f69a/WAR_PDB/BACE1/4gid_A_LPD.pdb,/app/jobs/8926f69a/TARGET_RESULTS/MCS_Output/MCS_SDF/4gid_A_LPD_502.sdf,True,True,True,True,/app/jobs/8926f69a/TARGET_RESULTS/MCS_Output/MCS_SVG/4gid_A_LPD_502_plain.svg,/app/jobs/8926f69a/TARGET_RESULTS/MCS_Output/MCS_SVG/4gid_A_LPD_502_exposed.svg
BACE1,4gid,B,LPD,502,NC(=O)[C@@H]1CCCN1,0.625,/app/jobs/8926f69a/WAR_PDB/BACE1/4gid_B_LPD.pdb,/app/jobs/8926f69a/TARGET_RESULTS/MCS_Output/MCS_SDF/4gid_B_LPD_502.sdf,True,True,True,True,/app/jobs/8926f69a/TARGET_RESULTS/MCS_Output/MCS_SVG/4gid_B_LPD_502_plain.svg,/app/jobs/8926f69a/TARGET_RESULTS/MCS_Output/MCS_SVG/4gid_B_LPD_502_exposed.svg
BACE1,4gid,C,LPD,502,NC(=O)[C@@H]1CCCN1,0.625,/app/jobs/8926f69a/WAR_PDB/BACE1/4gid_C_LPD.pdb,/app/jobs/8926f69a/TARGET_RESULTS/MCS_Output/MCS_SDF/4gid_C_LPD_502.sdf,True,True,True,True,/app/jobs/8926f69a/TARGET_RESULTS/MCS_Output/MCS_SVG/4gid_C_LPD_502_plain.svg,/app/jobs/8926f69a/TARGET_RESULTS/MCS_Output/MCS_SVG/4gid_C_LPD_502_exposed.svg
BACE1,4gid,D,LPD,502,NC(=O)[C@@H]1CCCN1,0.625,/app/jobs/8926f69a/WAR_PDB/BACE1/4gid_D_LPD.pdb,/app/jobs/8926f69a/TARGET_RESULTS/MCS_Output/MCS_SDF/4gid_D_LPD_502.sdf,True,True,True,True,/app/jobs/8926f69a/TARGET_RESULTS/MCS_Output/MCS_SVG/4gid_D_LPD_502_plain.svg,/app/jobs/8926f69a/TARGET_RESULTS/MCS_Output/MCS_SVG/4gid_D_LPD_502_exposed.svg
BACE1,4zsq,B,4RX,401,NC1=N[C@]23CC[C@H](NC(=O)c4cccc(Cl)c4)C[C@@H]2[C@@H](COC3)S1,0.625,/app/jobs/8926f69a/WAR_PDB/BACE1/4zsq_B_4RX.pdb,/app/jobs/8926f69a/TARGET_RESULTS/MCS_Output/MCS_SDF/4zsq_B_4RX_401.sdf,True,True,True,True,/app/jobs/8926f69a/TARGET_RESULTS/MCS_Output/MCS_SVG/4zsq_B_4RX_401_plain.svg,/app/jobs/8926f69a/TARGET_RESULTS/MCS_Output/MCS_SVG/4zsq_B_4RX_401_exposed.svg
BACE1,5clm,A,52K,401,C[C@@]1(c2cccc(NC(=O)c3ccc(Cl)cn3)c2)COCC(N)=N1,0.625,/app/jobs/8926f69a/WAR_PDB/BACE1/5clm_A_52K.pdb,/app/jobs/8926f69a/TARGET_RESULTS/MCS_Output/MCS_SDF/5clm_A_52K_401.sdf,True,True,True,True,/app/jobs/8926f69a/TARGET_RESULTS/MCS_Output/MCS_SVG/5clm_A_52K_401_plain.svg,/app/jobs/8926f69a/TARGET_RESULTS/MCS_Output/MCS_SVG/5clm_A_52K_401_exposed.svg
BACE1,2ohr,A,8IP,504,Nc1ncccc1NCc1cccc(-c2cccnc2)c1,0.622,/app/jobs/8926f69a/WAR_PDB/BACE1/2ohr_A_8IP.pdb,/app/jobs/8926f69a/TARGET_RESULTS/MCS_Output/MCS_SDF/2ohr_A_8IP_504.sdf,True,True,True,True,/app/jobs/8926f69a/TARGET_RESULTS/MCS_Output/MCS_SVG/2ohr_A_8IP_504_plain.svg,/app/jobs/8926f69a/TARGET_RESULTS/MCS_Output/MCS_SVG/2ohr_A_8IP_504_exposed.svg
BACE1,2zjk,A,F1K,449,O=C(NCCCS)[C@@H]1CN(Cc2ccc(F)cc2)CCN1,0.619,/app/jobs/8926f69a/WAR_PDB/BACE1/2zjk_A_F1K.pdb,/app/jobs/8926f69a/TARGET_RESULTS/MCS_Output/MCS_SDF/2zjk_A_F1K_449.sdf,True,True,True,True,/app/jobs/8926f69a/TARGET_RESULTS/MCS_Output/MCS_SVG/2zjk_A_F1K_449_plain.svg,/app/jobs/8926f69a/TARGET_RESULTS/MCS_Output/MCS_SVG/2zjk_A_F1K_449_exposed.svg
BACE1,2zjk,B,F1K,449,O=C(NCCCS)[C@@H]1CN(Cc2ccc(F)cc2)CCN1,0.619,/app/jobs/8926f69a/WAR_PDB/BACE1/2zjk_B_F1K.pdb,/app/jobs/8926f69a/TARGET_RESULTS/MCS_Output/MCS_SDF/2zjk_B_F1K_449.sdf,True,True,True,True,/app/jobs/8926f69a/TARGET_RESULTS/MCS_Output/MCS_SVG/2zjk_B_F1K_449_plain.svg,/app/jobs/8926f69a/TARGET_RESULTS/MCS_Output/MCS_SVG/2zjk_B_F1K_449_exposed.svg
BACE1,7myi,B,ZQS,401,NC1=N[C@@]2(c3cccs3)CN(c3ncccn3)C[C@H]2CS1,0.619,/app/jobs/8926f69a/WAR_PDB/BACE1/7myi_B_ZQS.pdb,/app/jobs/8926f69a/TARGET_RESULTS/MCS_Output/MCS_SDF/7myi_B_ZQS_401.sdf,True,True,True,True,/app/jobs/8926f69a/TARGET_RESULTS/MCS_Output/MCS_SVG/7myi_B_ZQS_401_plain.svg,/app/jobs/8926f69a/TARGET_RESULTS/MCS_Output/MCS_SVG/7myi_B_ZQS_401_exposed.svg
BACE1,4r95,B,3KW,502,[H]/N=C1\N[C@](CCC2CCCCC2)(C[C@H]2CCC[C@@H](Nc3ccc4ccccc4n3)C2)C(=O)N1C,0.618,/app/jobs/8926f69a/WAR_PDB/BACE1/4r95_B_3KW.pdb,/app/jobs/8926f69a/TARGET_RESULTS/MCS_Output/MCS_SDF/4r95_B_3KW_502.sdf,True,True,True,True,/app/jobs/8926f69a/TARGET_RESULTS/MCS_Output/MCS_SVG/4r95_B_3KW_502_plain.svg,/app/jobs/8926f69a/TARGET_RESULTS/MCS_Output/MCS_SVG/4r95_B_3KW_502_exposed.svg
BACE1,5uyu,A,8QV,406,CC#Cc1cncc(-c2ccc3c(c2)[C@@]2(COC(N)=N2)c2cc(C4=CCOCC4)ncc2O3)c1,0.618,/app/jobs/8926f69a/WAR_PDB/BACE1/5uyu_A_8QV.pdb,/app/jobs/8926f69a/TARGET_RESULTS/MCS_Output/MCS_SDF/5uyu_A_8QV_406.sdf,True,True,True,True,/app/jobs/8926f69a/TARGET_RESULTS/MCS_Output/MCS_SVG/5uyu_A_8QV_406_plain.svg,/app/jobs/8926f69a/TARGET_RESULTS/MCS_Output/MCS_SVG/5uyu_A_8QV_406_exposed.svg
BACE1,3kyr,A,038,500,CC(C)C[C@H](NC(=O)[C@@H](NC(=O)[C@@H](N)CNC(=O)c1nnn[nH]1)C(C)C)C(=O)NC[C@](O)(CCc1ccccc1)C(=O)Nc1cccc(C(=O)O)c1,0.615,/app/jobs/8926f69a/WAR_PDB/BACE1/3kyr_A_038.pdb,/app/jobs/8926f69a/TARGET_RESULTS/MCS_Output/MCS_SDF/3kyr_A_038_500.sdf,True,True,True,True,/app/jobs/8926f69a/TARGET_RESULTS/MCS_Output/MCS_SVG/3kyr_A_038_500_plain.svg,/app/jobs/8926f69a/TARGET_RESULTS/MCS_Output/MCS_SVG/3kyr_A_038_500_exposed.svg
BACE1,4b77,A,54M,1504,COc1ccc([C@@]2(c3cccc(-c4cncnc4)c3)CCC(N)=N2)cc1,0.615,/app/jobs/8926f69a/WAR_PDB/BACE1/4b77_A_54M.pdb,/app/jobs/8926f69a/TARGET_RESULTS/MCS_Output/MCS_SDF/4b77_A_54M_1504.sdf,True,True,True,True,/app/jobs/8926f69a/TARGET_RESULTS/MCS_Output/MCS_SVG/4b77_A_54M_1504_plain.svg,/app/jobs/8926f69a/TARGET_RESULTS/MCS_Output/MCS_SVG/4b77_A_54M_1504_exposed.svg
BACE1,4bfd,A,8T3,1447,C[C@@]1(c2cc(NC(=O)c3ccc(Cl)cn3)ccc2F)C[C@@H]2C[C@@H]2C(N)=N1,0.615,/app/jobs/8926f69a/WAR_PDB/BACE1/4bfd_A_8T3.pdb,/app/jobs/8926f69a/TARGET_RESULTS/MCS_Output/MCS_SDF/4bfd_A_8T3_1447.sdf,True,True,True,True,/app/jobs/8926f69a/TARGET_RESULTS/MCS_Output/MCS_SVG/4bfd_A_8T3_1447_plain.svg,/app/jobs/8926f69a/TARGET_RESULTS/MCS_Output/MCS_SVG/4bfd_A_8T3_1447_exposed.svg
BACE1,4l7j,A,1W2,501,N#Cc1cccnc1N1CC[C@H]2OC(N)=N[C@@]2(c2ccc(F)cc2F)C1,0.615,/app/jobs/8926f69a/WAR_PDB/BACE1/4l7j_A_1W2.pdb,/app/jobs/8926f69a/TARGET_RESULTS/MCS_Output/MCS_SDF/4l7j_A_1W2_501.sdf,True,True,True,True,/app/jobs/8926f69a/TARGET_RESULTS/MCS_Output/MCS_SVG/4l7j_A_1W2_501_plain.svg,/app/jobs/8926f69a/TARGET_RESULTS/MCS_Output/MCS_SVG/4l7j_A_1W2_501_exposed.svg
BACE1,5f00,A,5T8,504,C[C@@]1(c2cccc(Nc3cccc4cc(Cl)cnc34)c2)COCC(N)=N1,0.615,/app/jobs/8926f69a/WAR_PDB/BACE1/5f00_A_5T8.pdb,/app/jobs/8926f69a/TARGET_RESULTS/MCS_Output/MCS_SDF/5f00_A_5T8_504.sdf,True,True,True,True,/app/jobs/8926f69a/TARGET_RESULTS/MCS_Output/MCS_SVG/5f00_A_5T8_504_plain.svg,/app/jobs/8926f69a/TARGET_RESULTS/MCS_Output/MCS_SVG/5f00_A_5T8_504_exposed.svg
BACE1,2q11,A,XX4,501,CN(C(=O)CCN1Cc2cc(C(=O)c3ccccc3)ccc2N=C1N)C1CCCCC1,0.613,/app/jobs/8926f69a/WAR_PDB/BACE1/2q11_A_XX4.pdb,/app/jobs/8926f69a/TARGET_RESULTS/MCS_Output/MCS_SDF/2q11_A_XX4_501.sdf,True,True,True,True,/app/jobs/8926f69a/TARGET_RESULTS/MCS_Output/MCS_SVG/2q11_A_XX4_501_plain.svg,/app/jobs/8926f69a/TARGET_RESULTS/MCS_Output/MCS_SVG/2q11_A_XX4_501_exposed.svg
BACE1,4j1e,A,1HM,504,N#Cc1ccc(C(=O)Nc2ccc(F)c([C@]3(CF)C[C@@H](C(F)(F)F)OC(N)=N3)c2)nc1,0.613,/app/jobs/8926f69a/WAR_PDB/BACE1/4j1e_A_1HM.pdb,/app/jobs/8926f69a/TARGET_RESULTS/MCS_Output/MCS_SDF/4j1e_A_1HM_504.sdf,True,True,True,True,/app/jobs/8926f69a/TARGET_RESULTS/MCS_Output/MCS_SVG/4j1e_A_1HM_504_plain.svg,/app/jobs/8926f69a/TARGET_RESULTS/MCS_Output/MCS_SVG/4j1e_A_1HM_504_exposed.svg
BACE1,6jt4,A,C86,506,C[C@@]1(c2cc(NC(=O)c3cnc(OCF)cn3)ccc2F)C[C@@H](C(F)(F)F)SC(N)=N1,0.613,/app/jobs/8926f69a/WAR_PDB/BACE1/6jt4_A_C86.pdb,/app/jobs/8926f69a/TARGET_RESULTS/MCS_Output/MCS_SDF/6jt4_A_C86_506.sdf,True,True,True,True,/app/jobs/8926f69a/TARGET_RESULTS/MCS_Output/MCS_SVG/6jt4_A_C86_506_plain.svg,/app/jobs/8926f69a/TARGET_RESULTS/MCS_Output/MCS_SVG/6jt4_A_C86_506_exposed.svg
BACE1,3udj,A,092,401,COC(=O)[C@H]1C[C@]2(CN1)C(=O)Nc1ccccc12,0.611,/app/jobs/8926f69a/WAR_PDB/BACE1/3udj_A_092.pdb,/app/jobs/8926f69a/TARGET_RESULTS/MCS_Output/MCS_SDF/3udj_A_092_401.sdf,True,True,True,True,/app/jobs/8926f69a/TARGET_RESULTS/MCS_Output/MCS_SVG/3udj_A_092_401_plain.svg,/app/jobs/8926f69a/TARGET_RESULTS/MCS_Output/MCS_SVG/3udj_A_092_401_exposed.svg
BACE1,3wb4,A,0B3,507,CN1C(=O)C[C@@](C)(CCc2ccccc2)N=C1N,0.611,/app/jobs/8926f69a/WAR_PDB/BACE1/3wb4_A_0B3.pdb,/app/jobs/8926f69a/TARGET_RESULTS/MCS_Output/MCS_SDF/3wb4_A_0B3_507.sdf,True,True,True,True,/app/jobs/8926f69a/TARGET_RESULTS/MCS_Output/MCS_SVG/3wb4_A_0B3_507_plain.svg,/app/jobs/8926f69a/TARGET_RESULTS/MCS_Output/MCS_SVG/3wb4_A_0B3_507_exposed.svg
BACE1,3udk,A,095,501,O=C(OC1CCOCC1)[C@H]1C[C@]2(CN1)C(=O)Nc1ccccc12,0.609,/app/jobs/8926f69a/WAR_PDB/BACE1/3udk_A_095.pdb,/app/jobs/8926f69a/TARGET_RESULTS/MCS_Output/MCS_SDF/3udk_A_095_501.sdf,True,True,True,True,/app/jobs/8926f69a/TARGET_RESULTS/MCS_Output/MCS_SVG/3udk_A_095_501_plain.svg,/app/jobs/8926f69a/TARGET_RESULTS/MCS_Output/MCS_SVG/3udk_A_095_501_exposed.svg
BACE1,3h0b,A,B35,449,COc1ccc([C@H](Cc2cc([N+](=O)[O-])ccc2OC)c2c[nH]c(N)n2)cc1F,0.607,/app/jobs/8926f69a/WAR_PDB/BACE1/3h0b_A_B35.pdb,/app/jobs/8926f69a/TARGET_RESULTS/MCS_Output/MCS_SDF/3h0b_A_B35_449.sdf,True,True,True,True,/app/jobs/8926f69a/TARGET_RESULTS/MCS_Output/MCS_SVG/3h0b_A_B35_449_plain.svg,/app/jobs/8926f69a/TARGET_RESULTS/MCS_Output/MCS_SVG/3h0b_A_B35_449_exposed.svg
BACE1,3h0b,C,B35,449,COc1ccc([C@H](Cc2cc([N+](=O)[O-])ccc2OC)c2c[nH]c(N)n2)cc1F,0.607,/app/jobs/8926f69a/WAR_PDB/BACE1/3h0b_C_B35.pdb,/app/jobs/8926f69a/TARGET_RESULTS/MCS_Output/MCS_SDF/3h0b_C_B35_449.sdf,True,True,True,True,/app/jobs/8926f69a/TARGET_RESULTS/MCS_Output/MCS_SVG/3h0b_C_B35_449_plain.svg,/app/jobs/8926f69a/TARGET_RESULTS/MCS_Output/MCS_SVG/3h0b_C_B35_449_exposed.svg
BACE1,4djv,A,0KM,501,[H]/N=C1\N[C@](c2ccccc2)(c2cccc(-c3cccc(OC)c3)c2)C(=O)N1C,0.607,/app/jobs/8926f69a/WAR_PDB/BACE1/4djv_A_0KM.pdb,/app/jobs/8926f69a/TARGET_RESULTS/MCS_Output/MCS_SDF/4djv_A_0KM_501.sdf,True,True,True,True,/app/jobs/8926f69a/TARGET_RESULTS/MCS_Output/MCS_SVG/4djv_A_0KM_501_plain.svg,/app/jobs/8926f69a/TARGET_RESULTS/MCS_Output/MCS_SVG/4djv_A_0KM_501_exposed.svg
BACE1,4djv,B,0KM,501,[H]/N=C1\N[C@](c2ccccc2)(c2cccc(-c3cccc(OC)c3)c2)C(=O)N1C,0.607,/app/jobs/8926f69a/WAR_PDB/BACE1/4djv_B_0KM.pdb,/app/jobs/8926f69a/TARGET_RESULTS/MCS_Output/MCS_SDF/4djv_B_0KM_501.sdf,True,True,True,True,/app/jobs/8926f69a/TARGET_RESULTS/MCS_Output/MCS_SVG/4djv_B_0KM_501_plain.svg,/app/jobs/8926f69a/TARGET_RESULTS/MCS_Output/MCS_SVG/4djv_B_0KM_501_exposed.svg
BACE1,4x2l,A,3WP,401,C[C@@]1(c2ccc(F)cc2F)CCSC(N)=N1,0.607,/app/jobs/8926f69a/WAR_PDB/BACE1/4x2l_A_3WP.pdb,/app/jobs/8926f69a/TARGET_RESULTS/MCS_Output/MCS_SDF/4x2l_A_3WP_401.sdf,True,True,True,True,/app/jobs/8926f69a/TARGET_RESULTS/MCS_Output/MCS_SVG/4x2l_A_3WP_401_plain.svg,/app/jobs/8926f69a/TARGET_RESULTS/MCS_Output/MCS_SVG/4x2l_A_3WP_401_exposed.svg
BACE1,7d2x,A,GTU,505,CC#C[C@@]1(c2cc(NC(=O)c3ccc(C#N)cn3)ccc2F)CCOC(N)=N1,0.607,/app/jobs/8926f69a/WAR_PDB/BACE1/7d2x_A_GTU.pdb,/app/jobs/8926f69a/TARGET_RESULTS/MCS_Output/MCS_SDF/7d2x_A_GTU_505.sdf,True,True,True,True,/app/jobs/8926f69a/TARGET_RESULTS/MCS_Output/MCS_SVG/7d2x_A_GTU_505_plain.svg,/app/jobs/8926f69a/TARGET_RESULTS/MCS_Output/MCS_SVG/7d2x_A_GTU_505_exposed.svg
BACE1,4acx,A,S8Z,1504,COCC#Cc1cccc([C@@]2(c3ccc(OC(F)F)cc3)N=C(N)N3CC(F)(F)CN=C32)c1,0.606,/app/jobs/8926f69a/WAR_PDB/BACE1/4acx_A_S8Z.pdb,/app/jobs/8926f69a/TARGET_RESULTS/MCS_Output/MCS_SDF/4acx_A_S8Z_1504.sdf,True,True,True,True,/app/jobs/8926f69a/TARGET_RESULTS/MCS_Output/MCS_SVG/4acx_A_S8Z_1504_plain.svg,/app/jobs/8926f69a/TARGET_RESULTS/MCS_Output/MCS_SVG/4acx_A_S8Z_1504_exposed.svg
BACE1,4h1e,A,10J,501,[H]/N=C1\N[C@@]2(c3cc(-c4cccc(C#N)c4)cs3)CN(C(=O)c3ccccc3)C[C@H]2C(=O)N1C,0.606,/app/jobs/8926f69a/WAR_PDB/BACE1/4h1e_A_10J.pdb,/app/jobs/8926f69a/TARGET_RESULTS/MCS_Output/MCS_SDF/4h1e_A_10J_501.sdf,True,True,True,True,/app/jobs/8926f69a/TARGET_RESULTS/MCS_Output/MCS_SVG/4h1e_A_10J_501_plain.svg,/app/jobs/8926f69a/TARGET_RESULTS/MCS_Output/MCS_SVG/4h1e_A_10J_501_exposed.svg
BACE1,4r93,A,779,503,[H]/N=C1\N[C@](CCC2CCCCC2)(C[C@H]2CCC[C@@H](NC(=O)Nc3ccccc3)C2)C(=O)N1C,0.606,/app/jobs/8926f69a/WAR_PDB/BACE1/4r93_A_779.pdb,/app/jobs/8926f69a/TARGET_RESULTS/MCS_Output/MCS_SDF/4r93_A_779_503.sdf,True,True,True,True,/app/jobs/8926f69a/TARGET_RESULTS/MCS_Output/MCS_SVG/4r93_A_779_503_plain.svg,/app/jobs/8926f69a/TARGET_RESULTS/MCS_Output/MCS_SVG/4r93_A_779_503_exposed.svg
BACE1,2zjh,A,F1H,449,O=C(CCCS)NC1CCN(Cc2ccccc2)CC1,0.6,/app/jobs/8926f69a/WAR_PDB/BACE1/2zjh_A_F1H.pdb,/app/jobs/8926f69a/TARGET_RESULTS/MCS_Output/MCS_SDF/2zjh_A_F1H_449.sdf,True,True,True,True,/app/jobs/8926f69a/TARGET_RESULTS/MCS_Output/MCS_SVG/2zjh_A_F1H_449_plain.svg,/app/jobs/8926f69a/TARGET_RESULTS/MCS_Output/MCS_SVG/2zjh_A_F1H_449_exposed.svg
BACE1,4b1c,A,1B1,1504,CC#Cc1cncc(-c2cccc([C@]3(C4CC4)N=C(C)C(N)=N3)c2)c1,0.6,/app/jobs/8926f69a/WAR_PDB/BACE1/4b1c_A_1B1.pdb,/app/jobs/8926f69a/TARGET_RESULTS/MCS_Output/MCS_SDF/4b1c_A_1B1_1504.sdf,True,True,True,True,/app/jobs/8926f69a/TARGET_RESULTS/MCS_Output/MCS_SVG/4b1c_A_1B1_1504_plain.svg,/app/jobs/8926f69a/TARGET_RESULTS/MCS_Output/MCS_SVG/4b1c_A_1B1_1504_exposed.svg
BACE1,4b1e,A,6T6,1503,C[C@]1(c2cccc(-c3cccnc3)c2)NC(N)=C(c2ccccc2)N1,0.6,/app/jobs/8926f69a/WAR_PDB/BACE1/4b1e_A_6T6.pdb,/app/jobs/8926f69a/TARGET_RESULTS/MCS_Output/MCS_SDF/4b1e_A_6T6_1503.sdf,True,True,True,True,/app/jobs/8926f69a/TARGET_RESULTS/MCS_Output/MCS_SVG/4b1e_A_6T6_1503_plain.svg,/app/jobs/8926f69a/TARGET_RESULTS/MCS_Output/MCS_SVG/4b1e_A_6T6_1503_exposed.svg
BACE1,4dju,B,0KK,501,[H]/N=C1\NC(c2ccccc2)(c2ccccc2)C(=O)N1C,0.6,/app/jobs/8926f69a/WAR_PDB/BACE1/4dju_B_0KK.pdb,/app/jobs/8926f69a/TARGET_RESULTS/MCS_Output/MCS_SDF/4dju_B_0KK_501.sdf,True,True,True,True,/app/jobs/8926f69a/TARGET_RESULTS/MCS_Output/MCS_SVG/4dju_B_0KK_501_plain.svg,/app/jobs/8926f69a/TARGET_RESULTS/MCS_Output/MCS_SVG/4dju_B_0KK_501_exposed.svg
BACE1,4j1f,A,1HL,504,C[C@@]1(c2cc(NC(=O)c3ccc(C#N)cn3)ccc2F)C[C@@H](C(F)(F)F)OC(N)=N1,0.6,/app/jobs/8926f69a/WAR_PDB/BACE1/4j1f_A_1HL.pdb,/app/jobs/8926f69a/TARGET_RESULTS/MCS_Output/MCS_SDF/4j1f_A_1HL_504.sdf,True,True,True,True,/app/jobs/8926f69a/TARGET_RESULTS/MCS_Output/MCS_SVG/4j1f_A_1HL_504_plain.svg,/app/jobs/8926f69a/TARGET_RESULTS/MCS_Output/MCS_SVG/4j1f_A_1HL_504_exposed.svg
BACE1,4j1h,A,1HJ,504,C[C@@]1(c2cc(NC(=O)c3ccc(C#N)cn3)ccc2F)C[C@H](C(F)(F)F)OC(N)=N1,0.6,/app/jobs/8926f69a/WAR_PDB/BACE1/4j1h_A_1HJ.pdb,/app/jobs/8926f69a/TARGET_RESULTS/MCS_Output/MCS_SDF/4j1h_A_1HJ_504.sdf,True,True,True,True,/app/jobs/8926f69a/TARGET_RESULTS/MCS_Output/MCS_SVG/4j1h_A_1HJ_504_plain.svg,/app/jobs/8926f69a/TARGET_RESULTS/MCS_Output/MCS_SVG/4j1h_A_1HJ_504_exposed.svg
BACE1,5t1u,A,P6U,401,C[C@@]1(c2cc(CNC3(C(F)(F)F)CC3)c(F)cc2F)CCSC(N)=N1,0.6,/app/jobs/8926f69a/WAR_PDB/BACE1/5t1u_A_P6U.pdb,/app/jobs/8926f69a/TARGET_RESULTS/MCS_Output/MCS_SDF/5t1u_A_P6U_401.sdf,True,True,True,True,/app/jobs/8926f69a/TARGET_RESULTS/MCS_Output/MCS_SVG/5t1u_A_P6U_401_plain.svg,/app/jobs/8926f69a/TARGET_RESULTS/MCS_Output/MCS_SVG/5t1u_A_P6U_401_exposed.svg
BACE1,3kyr,B,038,500,CC(C)C[C@H](NC(=O)[C@@H](NC(=O)[C@@H](N)CNC(=O)c1nnn[nH]1)C(C)C)C(=O)NC[C@](O)(CCc1ccccc1)C(=O)Nc1cccc(C(=O)O)c1,0.596,/app/jobs/8926f69a/WAR_PDB/BACE1/3kyr_B_038.pdb,/app/jobs/8926f69a/TARGET_RESULTS/MCS_Output/MCS_SDF/3kyr_B_038_500.sdf,True,True,True,True,/app/jobs/8926f69a/TARGET_RESULTS/MCS_Output/MCS_SVG/3kyr_B_038_500_plain.svg,/app/jobs/8926f69a/TARGET_RESULTS/MCS_Output/MCS_SVG/3kyr_B_038_500_exposed.svg
BACE1,3k5c,C,0BI,387,COCc1cc2cc(c1)C(=O)N[C@H]([C@H](O)CNC1(c3cccc(C(C)C)c3)CC1)Cc1cccc(c1)OCCCCN2,0.595,/app/jobs/8926f69a/WAR_PDB/BACE1/3k5c_C_0BI.pdb,/app/jobs/8926f69a/TARGET_RESULTS/MCS_Output/MCS_SDF/3k5c_C_0BI_387.sdf,True,True,True,True,/app/jobs/8926f69a/TARGET_RESULTS/MCS_Output/MCS_SVG/3k5c_C_0BI_387_plain.svg,/app/jobs/8926f69a/TARGET_RESULTS/MCS_Output/MCS_SVG/3k5c_C_0BI_387_exposed.svg
BACE1,5qco,B,E4A,401,CC(=O)c1cc2cc(c1)C(=O)N[C@H]([C@H](O)CNC1(c3cccc(C(C)C)c3)CC1)Cc1cccc(c1)OCCCCN2,0.595,/app/jobs/8926f69a/WAR_PDB/BACE1/5qco_B_E4A.pdb,/app/jobs/8926f69a/TARGET_RESULTS/MCS_Output/MCS_SDF/5qco_B_E4A_401.sdf,True,True,True,True,/app/jobs/8926f69a/TARGET_RESULTS/MCS_Output/MCS_SVG/5qco_B_E4A_401_plain.svg,/app/jobs/8926f69a/TARGET_RESULTS/MCS_Output/MCS_SVG/5qco_B_E4A_401_exposed.svg
BACE1,4h3j,A,10W,502,[H]/N=C1\N[C@@]2(c3ccc(-c4ccc(F)c(C#N)c4)s3)CN(c3ccccc3)C[C@H]2C(=O)N1C,0.594,/app/jobs/8926f69a/WAR_PDB/BACE1/4h3j_A_10W.pdb,/app/jobs/8926f69a/TARGET_RESULTS/MCS_Output/MCS_SDF/4h3j_A_10W_502.sdf,True,True,True,True,/app/jobs/8926f69a/TARGET_RESULTS/MCS_Output/MCS_SVG/4h3j_A_10W_502_plain.svg,/app/jobs/8926f69a/TARGET_RESULTS/MCS_Output/MCS_SVG/4h3j_A_10W_502_exposed.svg
BACE1,4r92,A,3KU,501,[H]/N=C1\N[C@](CCC2CCCCC2)(C[C@H]2CCC[C@@H](NC(=O)c3ccncc3)C2)C(=O)N1C,0.594,/app/jobs/8926f69a/WAR_PDB/BACE1/4r92_A_3KU.pdb,/app/jobs/8926f69a/TARGET_RESULTS/MCS_Output/MCS_SDF/4r92_A_3KU_501.sdf,True,True,True,True,/app/jobs/8926f69a/TARGET_RESULTS/MCS_Output/MCS_SVG/4r92_A_3KU_501_plain.svg,/app/jobs/8926f69a/TARGET_RESULTS/MCS_Output/MCS_SVG/4r92_A_3KU_501_exposed.svg
BACE1,5hd0,A,60Y,502,[H]/N=C1\N[C@@]2(c3cc(-c4cccc(C#N)c4)cs3)CN(c3ncc(F)cn3)C[C@H]2C(=O)N1C,0.594,/app/jobs/8926f69a/WAR_PDB/BACE1/5hd0_A_60Y.pdb,/app/jobs/8926f69a/TARGET_RESULTS/MCS_Output/MCS_SDF/5hd0_A_60Y_502.sdf,True,True,True,True,/app/jobs/8926f69a/TARGET_RESULTS/MCS_Output/MCS_SVG/5hd0_A_60Y_502_plain.svg,/app/jobs/8926f69a/TARGET_RESULTS/MCS_Output/MCS_SVG/5hd0_A_60Y_502_exposed.svg
BACE1,3ine,A,X17,1,COc1ccc([C@]2(C34CC5CC(CC(C5)C3)C4)N=C(N)N(C)C2=O)cc1C,0.593,/app/jobs/8926f69a/WAR_PDB/BACE1/3ine_A_X17.pdb,/app/jobs/8926f69a/TARGET_RESULTS/MCS_Output/MCS_SDF/3ine_A_X17_1.sdf,True,True,True,True,/app/jobs/8926f69a/TARGET_RESULTS/MCS_Output/MCS_SVG/3ine_A_X17_1_plain.svg,/app/jobs/8926f69a/TARGET_RESULTS/MCS_Output/MCS_SVG/3ine_A_X17_1_exposed.svg
BACE1,4rrs,A,3UY,502,C[C@@]12CCCO[C@H]1[C@]1(COC(N)=N1)c1cc(-c3cccnc3F)ccc1O2,0.593,/app/jobs/8926f69a/WAR_PDB/BACE1/4rrs_A_3UY.pdb,/app/jobs/8926f69a/TARGET_RESULTS/MCS_Output/MCS_SDF/4rrs_A_3UY_502.sdf,True,True,True,True,/app/jobs/8926f69a/TARGET_RESULTS/MCS_Output/MCS_SVG/4rrs_A_3UY_502_plain.svg,/app/jobs/8926f69a/TARGET_RESULTS/MCS_Output/MCS_SVG/4rrs_A_3UY_502_exposed.svg
BACE1,3igb,A,454,1,NC1=NC(c2ccccc2)(c2ccccc2)C2=NCCCN12,0.591,/app/jobs/8926f69a/WAR_PDB/BACE1/3igb_A_454.pdb,/app/jobs/8926f69a/TARGET_RESULTS/MCS_Output/MCS_SDF/3igb_A_454_1.sdf,True,True,True,True,/app/jobs/8926f69a/TARGET_RESULTS/MCS_Output/MCS_SVG/3igb_A_454_1_plain.svg,/app/jobs/8926f69a/TARGET_RESULTS/MCS_Output/MCS_SVG/3igb_A_454_1_exposed.svg
BACE1,2ohp,A,6IP,389,Nc1cccc(CCc2ccc3cc[nH]c3c2)n1,0.588,/app/jobs/8926f69a/WAR_PDB/BACE1/2ohp_A_6IP.pdb,/app/jobs/8926f69a/TARGET_RESULTS/MCS_Output/MCS_SDF/2ohp_A_6IP_389.sdf,True,True,True,True,/app/jobs/8926f69a/TARGET_RESULTS/MCS_Output/MCS_SVG/2ohp_A_6IP_389_plain.svg,/app/jobs/8926f69a/TARGET_RESULTS/MCS_Output/MCS_SVG/2ohp_A_6IP_389_exposed.svg
BACE1,4azy,A,7F3,1507,NC1=N[C@](c2ccnc(C(F)(F)F)c2)(c2ccc(F)c(-c3cncnc3)c2)c2cccc(F)c21,0.588,/app/jobs/8926f69a/WAR_PDB/BACE1/4azy_A_7F3.pdb,/app/jobs/8926f69a/TARGET_RESULTS/MCS_Output/MCS_SDF/4azy_A_7F3_1507.sdf,True,True,True,True,/app/jobs/8926f69a/TARGET_RESULTS/MCS_Output/MCS_SVG/4azy_A_7F3_1507_plain.svg,/app/jobs/8926f69a/TARGET_RESULTS/MCS_Output/MCS_SVG/4azy_A_7F3_1507_exposed.svg
BACE1,6jsn,A,C7O,508,C[C@]1(c2cc(NC(=O)c3cnc(OCF)cn3)ccc2F)N=C(N)SCC12CCS(=O)(=O)CC2,0.588,/app/jobs/8926f69a/WAR_PDB/BACE1/6jsn_A_C7O.pdb,/app/jobs/8926f69a/TARGET_RESULTS/MCS_Output/MCS_SDF/6jsn_A_C7O_508.sdf,True,True,True,True,/app/jobs/8926f69a/TARGET_RESULTS/MCS_Output/MCS_SVG/6jsn_A_C7O_508_plain.svg,/app/jobs/8926f69a/TARGET_RESULTS/MCS_Output/MCS_SVG/6jsn_A_C7O_508_exposed.svg
BACE1,2qu3,A,462,1,[H]/N=C(\N)NC(=O)Cc1c(-c2ccc(OCCC)cc2)csc1-c1ccccc1Cl,0.586,/app/jobs/8926f69a/WAR_PDB/BACE1/2qu3_A_462.pdb,/app/jobs/8926f69a/TARGET_RESULTS/MCS_Output/MCS_SDF/2qu3_A_462_1.sdf,True,True,True,True,/app/jobs/8926f69a/TARGET_RESULTS/MCS_Output/MCS_SVG/2qu3_A_462_1_plain.svg,/app/jobs/8926f69a/TARGET_RESULTS/MCS_Output/MCS_SVG/2qu3_A_462_1_exposed.svg
BACE1,4b1d,A,6TG,1505,COc1c(C)cc([C@@]2(c3cccc(-c4cncnc4)c3)N=C(C)C(N)=N2)cc1C,0.586,/app/jobs/8926f69a/WAR_PDB/BACE1/4b1d_A_6TG.pdb,/app/jobs/8926f69a/TARGET_RESULTS/MCS_Output/MCS_SDF/4b1d_A_6TG_1505.sdf,True,True,True,True,/app/jobs/8926f69a/TARGET_RESULTS/MCS_Output/MCS_SVG/4b1d_A_6TG_1505_plain.svg,/app/jobs/8926f69a/TARGET_RESULTS/MCS_Output/MCS_SVG/4b1d_A_6TG_1505_exposed.svg
BACE1,4j0t,A,6T9,504,CCOc1ccc(C(=O)Nc2ccc(F)c([C@@]3(C)N=C(N)OCC3(F)F)c2)nc1,0.586,/app/jobs/8926f69a/WAR_PDB/BACE1/4j0t_A_6T9.pdb,/app/jobs/8926f69a/TARGET_RESULTS/MCS_Output/MCS_SDF/4j0t_A_6T9_504.sdf,True,True,True,True,/app/jobs/8926f69a/TARGET_RESULTS/MCS_Output/MCS_SVG/4j0t_A_6T9_504_plain.svg,/app/jobs/8926f69a/TARGET_RESULTS/MCS_Output/MCS_SVG/4j0t_A_6T9_504_exposed.svg
BACE1,5hdz,A,954,501,[H]/N=C1\N[C@@]2(c3ccc(C#N)s3)CN(c3nc(C)c(F)c(SC)n3)C[C@H]2C(=O)N1C,0.586,/app/jobs/8926f69a/WAR_PDB/BACE1/5hdz_A_954.pdb,/app/jobs/8926f69a/TARGET_RESULTS/MCS_Output/MCS_SDF/5hdz_A_954_501.sdf,True,True,True,True,/app/jobs/8926f69a/TARGET_RESULTS/MCS_Output/MCS_SVG/5hdz_A_954_501_plain.svg,/app/jobs/8926f69a/TARGET_RESULTS/MCS_Output/MCS_SVG/5hdz_A_954_501_exposed.svg
BACE1,5hdz,B,954,501,[H]/N=C1\N[C@@]2(c3ccc(C#N)s3)CN(c3nc(C)c(F)c(SC)n3)C[C@H]2C(=O)N1C,0.586,/app/jobs/8926f69a/WAR_PDB/BACE1/5hdz_B_954.pdb,/app/jobs/8926f69a/TARGET_RESULTS/MCS_Output/MCS_SDF/5hdz_B_954_501.sdf,True,True,True,True,/app/jobs/8926f69a/TARGET_RESULTS/MCS_Output/MCS_SVG/5hdz_B_954_501_plain.svg,/app/jobs/8926f69a/TARGET_RESULTS/MCS_Output/MCS_SVG/5hdz_B_954_501_exposed.svg
BACE1,6od6,C,M7D,401,C[C@@]1(c2cc(NC(=O)c3ccc(C#N)cn3)ccc2F)Cn2cccc2C(N)=N1,0.586,/app/jobs/8926f69a/WAR_PDB/BACE1/6od6_C_M7D.pdb,/app/jobs/8926f69a/TARGET_RESULTS/MCS_Output/MCS_SDF/6od6_C_M7D_401.sdf,True,True,True,True,/app/jobs/8926f69a/TARGET_RESULTS/MCS_Output/MCS_SVG/6od6_C_M7D_401_plain.svg,/app/jobs/8926f69a/TARGET_RESULTS/MCS_Output/MCS_SVG/6od6_C_M7D_401_exposed.svg
BACE1,3udm,A,09A,501,O=C(OCc1ccccc1)[C@H]1C[C@]2(CN1)C(=O)Nc1ccccc12,0.583,/app/jobs/8926f69a/WAR_PDB/BACE1/3udm_A_09A.pdb,/app/jobs/8926f69a/TARGET_RESULTS/MCS_Output/MCS_SDF/3udm_A_09A_501.sdf,True,True,True,True,/app/jobs/8926f69a/TARGET_RESULTS/MCS_Output/MCS_SVG/3udm_A_09A_501_plain.svg,/app/jobs/8926f69a/TARGET_RESULTS/MCS_Output/MCS_SVG/3udm_A_09A_501_exposed.svg
BACE1,7b1e,A,SKW,501,C[C@@]1(c2cccc(NC(=O)c3ccc(Br)cn3)c2)CCSC(N)=N1,0.583,/app/jobs/8926f69a/WAR_PDB/BACE1/7b1e_A_SKW.pdb,/app/jobs/8926f69a/TARGET_RESULTS/MCS_Output/MCS_SDF/7b1e_A_SKW_501.sdf,True,True,True,True,/app/jobs/8926f69a/TARGET_RESULTS/MCS_Output/MCS_SVG/7b1e_A_SKW_501_plain.svg,/app/jobs/8926f69a/TARGET_RESULTS/MCS_Output/MCS_SVG/7b1e_A_SKW_501_exposed.svg
BACE1,2q11,C,XX4,503,CN(C(=O)CCN1Cc2cc(C(=O)c3ccccc3)ccc2N=C1N)C1CCCCC1,0.581,/app/jobs/8926f69a/WAR_PDB/BACE1/2q11_C_XX4.pdb,/app/jobs/8926f69a/TARGET_RESULTS/MCS_Output/MCS_SDF/2q11_C_XX4_503.sdf,True,True,True,True,/app/jobs/8926f69a/TARGET_RESULTS/MCS_Output/MCS_SVG/2q11_C_XX4_503_plain.svg,/app/jobs/8926f69a/TARGET_RESULTS/MCS_Output/MCS_SVG/2q11_C_XX4_503_exposed.svg
BACE1,2vnm,A,CM8,2000,CCNc1cc(C(=O)N[C@@H](Cc2ccccc2)[C@H](O)CNCc2cccc(C(F)(F)F)c2)cc(N2CCCCS2(=O)=O)c1,0.581,/app/jobs/8926f69a/WAR_PDB/BACE1/2vnm_A_CM8.pdb,/app/jobs/8926f69a/TARGET_RESULTS/MCS_Output/MCS_SDF/2vnm_A_CM8_2000.sdf,True,True,True,True,/app/jobs/8926f69a/TARGET_RESULTS/MCS_Output/MCS_SVG/2vnm_A_CM8_2000_plain.svg,/app/jobs/8926f69a/TARGET_RESULTS/MCS_Output/MCS_SVG/2vnm_A_CM8_2000_exposed.svg
BACE1,3ooz,A,ZOO,1,CN1C(=O)[C@@](c2ccc(OC(F)F)cc2)(c2ccc(F)c(C#CCCCF)c2)N=C1N,0.581,/app/jobs/8926f69a/WAR_PDB/BACE1/3ooz_A_ZOO.pdb,/app/jobs/8926f69a/TARGET_RESULTS/MCS_Output/MCS_SDF/3ooz_A_ZOO_1.sdf,True,True,True,True,/app/jobs/8926f69a/TARGET_RESULTS/MCS_Output/MCS_SVG/3ooz_A_ZOO_1_plain.svg,/app/jobs/8926f69a/TARGET_RESULTS/MCS_Output/MCS_SVG/3ooz_A_ZOO_1_exposed.svg
BACE1,3vv7,A,0B1,509,COc1cccc(-c2cccc([C@@H]3C[C@@H]3c3cc(=O)n(C)c(N)n3)c2)c1,0.577,/app/jobs/8926f69a/WAR_PDB/BACE1/3vv7_A_0B1.pdb,/app/jobs/8926f69a/TARGET_RESULTS/MCS_Output/MCS_SDF/3vv7_A_0B1_509.sdf,True,True,True,True,/app/jobs/8926f69a/TARGET_RESULTS/MCS_Output/MCS_SVG/3vv7_A_0B1_509_plain.svg,/app/jobs/8926f69a/TARGET_RESULTS/MCS_Output/MCS_SVG/3vv7_A_0B1_509_exposed.svg
BACE1,4djy,B,0KR,501,[H]/N=C1\N[C@@](c2cccc(-c3cncc(C#CC)c3)c2)(C2CC2)C(=O)N1C,0.577,/app/jobs/8926f69a/WAR_PDB/BACE1/4djy_B_0KR.pdb,/app/jobs/8926f69a/TARGET_RESULTS/MCS_Output/MCS_SDF/4djy_B_0KR_501.sdf,True,True,True,True,/app/jobs/8926f69a/TARGET_RESULTS/MCS_Output/MCS_SVG/4djy_B_0KR_501_plain.svg,/app/jobs/8926f69a/TARGET_RESULTS/MCS_Output/MCS_SVG/4djy_B_0KR_501_exposed.svg
BACE1,4acu,A,QN7,1506,COc1cccc(-c2cccc([C@@]3(c4ccncc4)N=C(N)N4CC(F)(F)CN=C43)c2)c1F,0.576,/app/jobs/8926f69a/WAR_PDB/BACE1/4acu_A_QN7.pdb,/app/jobs/8926f69a/TARGET_RESULTS/MCS_Output/MCS_SDF/4acu_A_QN7_1506.sdf,True,True,True,True,/app/jobs/8926f69a/TARGET_RESULTS/MCS_Output/MCS_SVG/4acu_A_QN7_1506_plain.svg,/app/jobs/8926f69a/TARGET_RESULTS/MCS_Output/MCS_SVG/4acu_A_QN7_1506_exposed.svg
BACE1,2zjk,C,F1K,449,O=C(NCCCS)[C@@H]1CN(Cc2ccc(F)cc2)CCN1,0.571,/app/jobs/8926f69a/WAR_PDB/BACE1/2zjk_C_F1K.pdb,/app/jobs/8926f69a/TARGET_RESULTS/MCS_Output/MCS_SDF/2zjk_C_F1K_449.sdf,True,True,True,True,/app/jobs/8926f69a/TARGET_RESULTS/MCS_Output/MCS_SVG/2zjk_C_F1K_449_plain.svg,/app/jobs/8926f69a/TARGET_RESULTS/MCS_Output/MCS_SVG/2zjk_C_F1K_449_exposed.svg
BACE1,3l5d,B,BDV,455,[H]/N=C1/N[C@](C)(CC(C)C)C(=O)N1Cc1ccc(CNC(=O)NCCCC)cc1,0.571,/app/jobs/8926f69a/WAR_PDB/BACE1/3l5d_B_BDV.pdb,/app/jobs/8926f69a/TARGET_RESULTS/MCS_Output/MCS_SDF/3l5d_B_BDV_455.sdf,True,True,True,True,/app/jobs/8926f69a/TARGET_RESULTS/MCS_Output/MCS_SVG/3l5d_B_BDV_455_plain.svg,/app/jobs/8926f69a/TARGET_RESULTS/MCS_Output/MCS_SVG/3l5d_B_BDV_455_exposed.svg
BACE1,3udp,A,09D,501,O=C(O[C@H]1CCSc2ccc(Br)cc21)[C@H]1C[C@]2(CN1)C(=O)Nc1ccccc12,0.571,/app/jobs/8926f69a/WAR_PDB/BACE1/3udp_A_09D.pdb,/app/jobs/8926f69a/TARGET_RESULTS/MCS_Output/MCS_SDF/3udp_A_09D_501.sdf,True,True,True,True,/app/jobs/8926f69a/TARGET_RESULTS/MCS_Output/MCS_SVG/3udp_A_09D_501_plain.svg,/app/jobs/8926f69a/TARGET_RESULTS/MCS_Output/MCS_SVG/3udp_A_09D_501_exposed.svg
BACE1,4j0z,A,1H5,504,N#Cc1ccc(C(=O)Nc2ccc(F)c([C@@]3(CF)N=C(N)OC[C@@H]3F)c2)nc1,0.571,/app/jobs/8926f69a/WAR_PDB/BACE1/4j0z_A_1H5.pdb,/app/jobs/8926f69a/TARGET_RESULTS/MCS_Output/MCS_SDF/4j0z_A_1H5_504.sdf,True,True,True,True,/app/jobs/8926f69a/TARGET_RESULTS/MCS_Output/MCS_SVG/4j0z_A_1H5_504_plain.svg,/app/jobs/8926f69a/TARGET_RESULTS/MCS_Output/MCS_SVG/4j0z_A_1H5_504_exposed.svg
BACE1,4j17,A,1HQ,504,N#Cc1ccc(C(=O)Nc2ccc(F)c([C@]3(C(F)F)CCOC(N)=N3)c2)nc1,0.571,/app/jobs/8926f69a/WAR_PDB/BACE1/4j17_A_1HQ.pdb,/app/jobs/8926f69a/TARGET_RESULTS/MCS_Output/MCS_SDF/4j17_A_1HQ_504.sdf,True,True,True,True,/app/jobs/8926f69a/TARGET_RESULTS/MCS_Output/MCS_SVG/4j17_A_1HQ_504_plain.svg,/app/jobs/8926f69a/TARGET_RESULTS/MCS_Output/MCS_SVG/4j17_A_1HQ_504_exposed.svg
BACE1,4zsp,A,4RZ,401,NC1=N[C@@H]2CC[C@H](NC(=O)c3cccc(Cl)c3)C[C@@H]2CS1,0.571,/app/jobs/8926f69a/WAR_PDB/BACE1/4zsp_A_4RZ.pdb,/app/jobs/8926f69a/TARGET_RESULTS/MCS_Output/MCS_SDF/4zsp_A_4RZ_401.sdf,True,True,True,True,/app/jobs/8926f69a/TARGET_RESULTS/MCS_Output/MCS_SVG/4zsp_A_4RZ_401_plain.svg,/app/jobs/8926f69a/TARGET_RESULTS/MCS_Output/MCS_SVG/4zsp_A_4RZ_401_exposed.svg
BACE1,5hu0,B,66H,502,[H]/N=C1\N[C@](c2ccccc2)(c2cccc(NC(=O)c3ccco3)c2)C(=O)N1C,0.571,/app/jobs/8926f69a/WAR_PDB/BACE1/5hu0_B_66H.pdb,/app/jobs/8926f69a/TARGET_RESULTS/MCS_Output/MCS_SDF/5hu0_B_66H_502.sdf,True,True,True,True,/app/jobs/8926f69a/TARGET_RESULTS/MCS_Output/MCS_SVG/5hu0_B_66H_502_plain.svg,/app/jobs/8926f69a/TARGET_RESULTS/MCS_Output/MCS_SVG/5hu0_B_66H_502_exposed.svg
BACE1,5qd7,C,0BI,401,COCc1cc2cc(c1)C(=O)N[C@H]([C@H](O)CNC1(c3cccc(C(C)C)c3)CC1)Cc1cccc(c1)OCCCCN2,0.571,/app/jobs/8926f69a/WAR_PDB/BACE1/5qd7_C_0BI.pdb,/app/jobs/8926f69a/TARGET_RESULTS/MCS_Output/MCS_SDF/5qd7_C_0BI_401.sdf,True,True,True,True,/app/jobs/8926f69a/TARGET_RESULTS/MCS_Output/MCS_SVG/5qd7_C_0BI_401_plain.svg,/app/jobs/8926f69a/TARGET_RESULTS/MCS_Output/MCS_SVG/5qd7_C_0BI_401_exposed.svg
BACE1,6dmi,A,5T5,504,NC1=N[C@](c2ccc(OC(F)F)cc2)([C@@H]2C[C@H]2C(=O)c2cncc(Cl)c2)CO1,0.571,/app/jobs/8926f69a/WAR_PDB/BACE1/6dmi_A_5T5.pdb,/app/jobs/8926f69a/TARGET_RESULTS/MCS_Output/MCS_SDF/6dmi_A_5T5_504.sdf,True,False,False,False,,
BACE1,7d2v,A,66F,506,CN1C(N)=N[C@](C)(c2cc(NC(=O)c3ccc(F)cn3)ccc2F)CS1(=O)=O,0.571,/app/jobs/8926f69a/WAR_PDB/BACE1/7d2v_A_66F.pdb,/app/jobs/8926f69a/TARGET_RESULTS/MCS_Output/MCS_SDF/7d2v_A_66F_506.sdf,True,True,True,True,/app/jobs/8926f69a/TARGET_RESULTS/MCS_Output/MCS_SVG/7d2v_A_66F_506_plain.svg,/app/jobs/8926f69a/TARGET_RESULTS/MCS_Output/MCS_SVG/7d2v_A_66F_506_exposed.svg
BACE1,5hdx,B,60U,501,[H]/N=C1\N[C@@]2(c3ccc(C#N)s3)CN(c3nc(C)c(F)c(OCC)n3)C[C@H]2C(=O)N1C,0.567,/app/jobs/8926f69a/WAR_PDB/BACE1/5hdx_B_60U.pdb,/app/jobs/8926f69a/TARGET_RESULTS/MCS_Output/MCS_SDF/5hdx_B_60U_501.sdf,True,True,True,True,/app/jobs/8926f69a/TARGET_RESULTS/MCS_Output/MCS_SVG/5hdx_B_60U_501_plain.svg,/app/jobs/8926f69a/TARGET_RESULTS/MCS_Output/MCS_SVG/5hdx_B_60U_501_exposed.svg
BACE1,5i3v,A,68M,404,Cc1cccnc1-c1ccc2nc(N)c(C[C@@H](C)C(=O)NCCC(C)(C)C)cc2c1,0.567,/app/jobs/8926f69a/WAR_PDB/BACE1/5i3v_A_68M.pdb,/app/jobs/8926f69a/TARGET_RESULTS/MCS_Output/MCS_SDF/5i3v_A_68M_404.sdf,True,True,True,True,/app/jobs/8926f69a/TARGET_RESULTS/MCS_Output/MCS_SVG/5i3v_A_68M_404_plain.svg,/app/jobs/8926f69a/TARGET_RESULTS/MCS_Output/MCS_SVG/5i3v_A_68M_404_exposed.svg
BACE1,6e3z,C,HRV,401,C[C@]1(c2cc(NC(=O)c3ncc(Cl)cc3Cl)ccc2F)N=C(N)CO[C@H]1C(F)(F)F,0.567,/app/jobs/8926f69a/WAR_PDB/BACE1/6e3z_C_HRV.pdb,/app/jobs/8926f69a/TARGET_RESULTS/MCS_Output/MCS_SDF/6e3z_C_HRV_401.sdf,True,True,True,True,/app/jobs/8926f69a/TARGET_RESULTS/MCS_Output/MCS_SVG/6e3z_C_HRV_401_plain.svg,/app/jobs/8926f69a/TARGET_RESULTS/MCS_Output/MCS_SVG/6e3z_C_HRV_401_exposed.svg
BACE1,7f1d,A,0QQ,505,C[C@H]1SC(N)=N[C@](C)(c2cc(NC(=O)c3cc4c(cn3)OCCO4)ccc2F)[C@H]1F,0.567,/app/jobs/8926f69a/WAR_PDB/BACE1/7f1d_A_0QQ.pdb,/app/jobs/8926f69a/TARGET_RESULTS/MCS_Output/MCS_SDF/7f1d_A_0QQ_505.sdf,True,True,True,True,/app/jobs/8926f69a/TARGET_RESULTS/MCS_Output/MCS_SVG/7f1d_A_0QQ_505_plain.svg,/app/jobs/8926f69a/TARGET_RESULTS/MCS_Output/MCS_SVG/7f1d_A_0QQ_505_exposed.svg
BACE1,3l3a,A,625,1,N#CCCCOc1ccc(-c2ccc(-c3ccccc3Cl)n2Cc2cccc(N)n2)cc1,0.562,/app/jobs/8926f69a/WAR_PDB/BACE1/3l3a_A_625.pdb,/app/jobs/8926f69a/TARGET_RESULTS/MCS_Output/MCS_SDF/3l3a_A_625_1.sdf,True,True,True,True,/app/jobs/8926f69a/TARGET_RESULTS/MCS_Output/MCS_SVG/3l3a_A_625_1_plain.svg,/app/jobs/8926f69a/TARGET_RESULTS/MCS_Output/MCS_SVG/3l3a_A_625_1_exposed.svg
BACE1,4b05,A,32D,1391,NC1=N[C@@](c2cccc(-c3cncnc3)c2)(c2ccnc(C(F)F)c2)c2cccc(F)c21,0.562,/app/jobs/8926f69a/WAR_PDB/BACE1/4b05_A_32D.pdb,/app/jobs/8926f69a/TARGET_RESULTS/MCS_Output/MCS_SDF/4b05_A_32D_1391.sdf,True,True,True,True,/app/jobs/8926f69a/TARGET_RESULTS/MCS_Output/MCS_SVG/4b05_A_32D_1391_plain.svg,/app/jobs/8926f69a/TARGET_RESULTS/MCS_Output/MCS_SVG/4b05_A_32D_1391_exposed.svg
BACE1,4h3j,B,10W,503,[H]/N=C1\N[C@@]2(c3ccc(-c4ccc(F)c(C#N)c4)s3)CN(c3ccccc3)C[C@H]2C(=O)N1C,0.562,/app/jobs/8926f69a/WAR_PDB/BACE1/4h3j_B_10W.pdb,/app/jobs/8926f69a/TARGET_RESULTS/MCS_Output/MCS_SDF/4h3j_B_10W_503.sdf,True,True,True,True,/app/jobs/8926f69a/TARGET_RESULTS/MCS_Output/MCS_SVG/4h3j_B_10W_503_plain.svg,/app/jobs/8926f69a/TARGET_RESULTS/MCS_Output/MCS_SVG/4h3j_B_10W_503_exposed.svg
BACE1,4r92,B,3KU,503,[H]/N=C1\N[C@](CCC2CCCCC2)(C[C@H]2CCC[C@@H](NC(=O)c3ccncc3)C2)C(=O)N1C,0.562,/app/jobs/8926f69a/WAR_PDB/BACE1/4r92_B_3KU.pdb,/app/jobs/8926f69a/TARGET_RESULTS/MCS_Output/MCS_SDF/4r92_B_3KU_503.sdf,True,True,True,True,/app/jobs/8926f69a/TARGET_RESULTS/MCS_Output/MCS_SVG/4r92_B_3KU_503_plain.svg,/app/jobs/8926f69a/TARGET_RESULTS/MCS_Output/MCS_SVG/4r92_B_3KU_503_exposed.svg
BACE1,7b1q,A,SLK,501,Cc1cc(C#N)cnc1C(=O)Nc1ccc(F)c([C@]2(C)CO[C@@](C)(C(F)(F)F)C(N)=N2)c1,0.562,/app/jobs/8926f69a/WAR_PDB/BACE1/7b1q_A_SLK.pdb,/app/jobs/8926f69a/TARGET_RESULTS/MCS_Output/MCS_SDF/7b1q_A_SLK_501.sdf,True,True,True,True,/app/jobs/8926f69a/TARGET_RESULTS/MCS_Output/MCS_SVG/7b1q_A_SLK_501_plain.svg,/app/jobs/8926f69a/TARGET_RESULTS/MCS_Output/MCS_SVG/7b1q_A_SLK_501_exposed.svg
BACE1,3tpr,A,5HA,400,C[C@@H](NC(=O)c1cc(C(=O)N[C@@H](Cc2ccccc2)[C@H](O)CNC2CC2)cc(N(C)S(C)(=O)=O)c1)c1ccccc1,0.561,/app/jobs/8926f69a/WAR_PDB/BACE1/3tpr_A_5HA.pdb,/app/jobs/8926f69a/TARGET_RESULTS/MCS_Output/MCS_SDF/3tpr_A_5HA_400.sdf,True,True,True,True,/app/jobs/8926f69a/TARGET_RESULTS/MCS_Output/MCS_SVG/3tpr_A_5HA_400_plain.svg,/app/jobs/8926f69a/TARGET_RESULTS/MCS_Output/MCS_SVG/3tpr_A_5HA_400_exposed.svg
BACE1,2zjl,A,F1L,449,COc1cc(Br)cc(CN2CCC(NC(=O)CCCS)CC2)c1OC,0.56,/app/jobs/8926f69a/WAR_PDB/BACE1/2zjl_A_F1L.pdb,/app/jobs/8926f69a/TARGET_RESULTS/MCS_Output/MCS_SDF/2zjl_A_F1L_449.sdf,True,True,True,True,/app/jobs/8926f69a/TARGET_RESULTS/MCS_Output/MCS_SVG/2zjl_A_F1L_449_plain.svg,/app/jobs/8926f69a/TARGET_RESULTS/MCS_Output/MCS_SVG/2zjl_A_F1L_449_exposed.svg
BACE1,4r95,A,3KW,503,[H]/N=C1\N[C@](CCC2CCCCC2)(C[C@H]2CCC[C@@H](Nc3ccc4ccccc4n3)C2)C(=O)N1C,0.559,/app/jobs/8926f69a/WAR_PDB/BACE1/4r95_A_3KW.pdb,/app/jobs/8926f69a/TARGET_RESULTS/MCS_Output/MCS_SDF/4r95_A_3KW_503.sdf,True,True,True,True,/app/jobs/8926f69a/TARGET_RESULTS/MCS_Output/MCS_SVG/4r95_A_3KW_503_plain.svg,/app/jobs/8926f69a/TARGET_RESULTS/MCS_Output/MCS_SVG/4r95_A_3KW_503_exposed.svg
BACE1,6eqm,A,BUH,401,C[C@@]1(c2nc(NC(=O)c3ncc(C(F)(F)F)cc3Cl)ccc2F)CO[C@@](C)(C(F)(F)F)C(N)=N1,0.559,/app/jobs/8926f69a/WAR_PDB/BACE1/6eqm_A_BUH.pdb,/app/jobs/8926f69a/TARGET_RESULTS/MCS_Output/MCS_SDF/6eqm_A_BUH_401.sdf,True,True,True,True,/app/jobs/8926f69a/TARGET_RESULTS/MCS_Output/MCS_SVG/6eqm_A_BUH_401_plain.svg,/app/jobs/8926f69a/TARGET_RESULTS/MCS_Output/MCS_SVG/6eqm_A_BUH_401_exposed.svg
BACE1,4j0v,A,1H7,504,C[C@]1(c2cc(NC(=O)c3ccc(C#N)cn3)ccc2F)N=C(N)OC[C@@H]1F,0.556,/app/jobs/8926f69a/WAR_PDB/BACE1/4j0v_A_1H7.pdb,/app/jobs/8926f69a/TARGET_RESULTS/MCS_Output/MCS_SDF/4j0v_A_1H7_504.sdf,True,True,True,True,/app/jobs/8926f69a/TARGET_RESULTS/MCS_Output/MCS_SVG/4j0v_A_1H7_504_plain.svg,/app/jobs/8926f69a/TARGET_RESULTS/MCS_Output/MCS_SVG/4j0v_A_1H7_504_exposed.svg
BACE1,4j0y,A,1H6,504,C[C@]1(c2cc(NC(=O)c3ccc(C#N)cn3)ccc2F)N=C(N)OC[C@H]1F,0.556,/app/jobs/8926f69a/WAR_PDB/BACE1/4j0y_A_1H6.pdb,/app/jobs/8926f69a/TARGET_RESULTS/MCS_Output/MCS_SDF/4j0y_A_1H6_504.sdf,True,True,True,True,/app/jobs/8926f69a/TARGET_RESULTS/MCS_Output/MCS_SVG/4j0y_A_1H6_504_plain.svg,/app/jobs/8926f69a/TARGET_RESULTS/MCS_Output/MCS_SVG/4j0y_A_1H6_504_exposed.svg
BACE1,4r5n,A,3J9,502,C[C@]12CCCO[C@@H]1[C@]1(COC(N)=N1)c1cc(-c3cccnc3F)ccc1O2,0.556,/app/jobs/8926f69a/WAR_PDB/BACE1/4r5n_A_3J9.pdb,/app/jobs/8926f69a/TARGET_RESULTS/MCS_Output/MCS_SDF/4r5n_A_3J9_502.sdf,True,True,True,True,/app/jobs/8926f69a/TARGET_RESULTS/MCS_Output/MCS_SVG/4r5n_A_3J9_502_plain.svg,/app/jobs/8926f69a/TARGET_RESULTS/MCS_Output/MCS_SVG/4r5n_A_3J9_502_exposed.svg
BACE1,5f01,A,5T7,504,C[C@]1([C@@H]2C[C@H]2C(=O)Nc2cccc3cc(Cl)cnc23)N=C(N)OCC1(F)F,0.556,/app/jobs/8926f69a/WAR_PDB/BACE1/5f01_A_5T7.pdb,/app/jobs/8926f69a/TARGET_RESULTS/MCS_Output/MCS_SDF/5f01_A_5T7_504.sdf,True,True,True,True,/app/jobs/8926f69a/TARGET_RESULTS/MCS_Output/MCS_SVG/5f01_A_5T7_504_plain.svg,/app/jobs/8926f69a/TARGET_RESULTS/MCS_Output/MCS_SVG/5f01_A_5T7_504_exposed.svg
BACE1,5qd4,C,AXQ,401,CCCCNC(=O)[C@@H](NC(=O)[C@H](C)C[C@H](O)[C@@H]1CSC/C=C/CSC[C@H](NC(=O)OC(C)(C)C)C(=O)N[C@@H](C)C(=O)N1)C(C)C,0.556,/app/jobs/8926f69a/WAR_PDB/BACE1/5qd4_C_AXQ.pdb,/app/jobs/8926f69a/TARGET_RESULTS/MCS_Output/MCS_SDF/5qd4_C_AXQ_401.sdf,True,True,True,True,/app/jobs/8926f69a/TARGET_RESULTS/MCS_Output/MCS_SVG/5qd4_C_AXQ_401_plain.svg,/app/jobs/8926f69a/TARGET_RESULTS/MCS_Output/MCS_SVG/5qd4_C_AXQ_401_exposed.svg
BACE1,5tol,A,7H3,501,NC1=N[C@@]2(c3cc(NC(=O)c4ccc(Br)cn4)ccc3F)OCC[C@H]2CS1,0.556,/app/jobs/8926f69a/WAR_PDB/BACE1/5tol_A_7H3.pdb,/app/jobs/8926f69a/TARGET_RESULTS/MCS_Output/MCS_SDF/5tol_A_7H3_501.sdf,True,True,True,True,/app/jobs/8926f69a/TARGET_RESULTS/MCS_Output/MCS_SVG/5tol_A_7H3_501_plain.svg,/app/jobs/8926f69a/TARGET_RESULTS/MCS_Output/MCS_SVG/5tol_A_7H3_501_exposed.svg
BACE1,5qda,B,E74,401,COc1cc2cc(n1)NCCCCc1cccc(c1)C[C@@H]([C@H](O)CNCc1cccc(C(C)C)c1)NC2=O,0.553,/app/jobs/8926f69a/WAR_PDB/BACE1/5qda_B_E74.pdb,/app/jobs/8926f69a/TARGET_RESULTS/MCS_Output/MCS_SDF/5qda_B_E74_401.sdf,True,True,True,True,/app/jobs/8926f69a/TARGET_RESULTS/MCS_Output/MCS_SVG/5qda_B_E74_401_plain.svg,/app/jobs/8926f69a/TARGET_RESULTS/MCS_Output/MCS_SVG/5qda_B_E74_401_exposed.svg
BACE1,4ivt,A,VTI,401,[H]/N=C(\NCc1cc(Cl)c(NC(C)=O)c(Cl)c1)NC(=O)Cn1ccc2ccccc21,0.552,/app/jobs/8926f69a/WAR_PDB/BACE1/4ivt_A_VTI.pdb,/app/jobs/8926f69a/TARGET_RESULTS/MCS_Output/MCS_SDF/4ivt_A_VTI_401.sdf,True,True,True,True,/app/jobs/8926f69a/TARGET_RESULTS/MCS_Output/MCS_SVG/4ivt_A_VTI_401_plain.svg,/app/jobs/8926f69a/TARGET_RESULTS/MCS_Output/MCS_SVG/4ivt_A_VTI_401_exposed.svg
BACE1,4j1c,A,1HO,504,N#Cc1ccc(C(=O)Nc2ccc(F)c([C@@]3(CF)N=C(N)OCC3(F)F)c2)nc1,0.552,/app/jobs/8926f69a/WAR_PDB/BACE1/4j1c_A_1HO.pdb,/app/jobs/8926f69a/TARGET_RESULTS/MCS_Output/MCS_SDF/4j1c_A_1HO_504.sdf,True,True,True,True,/app/jobs/8926f69a/TARGET_RESULTS/MCS_Output/MCS_SVG/4j1c_A_1HO_504_plain.svg,/app/jobs/8926f69a/TARGET_RESULTS/MCS_Output/MCS_SVG/4j1c_A_1HO_504_exposed.svg
BACE1,6od6,A,M7D,401,C[C@@]1(c2cc(NC(=O)c3ccc(C#N)cn3)ccc2F)Cn2cccc2C(N)=N1,0.552,/app/jobs/8926f69a/WAR_PDB/BACE1/6od6_A_M7D.pdb,/app/jobs/8926f69a/TARGET_RESULTS/MCS_Output/MCS_SDF/6od6_A_M7D_401.sdf,True,True,True,True,/app/jobs/8926f69a/TARGET_RESULTS/MCS_Output/MCS_SVG/6od6_A_M7D_401_plain.svg,/app/jobs/8926f69a/TARGET_RESULTS/MCS_Output/MCS_SVG/6od6_A_M7D_401_exposed.svg
BACE1,6od6,B,M7D,401,C[C@@]1(c2cc(NC(=O)c3ccc(C#N)cn3)ccc2F)Cn2cccc2C(N)=N1,0.552,/app/jobs/8926f69a/WAR_PDB/BACE1/6od6_B_M7D.pdb,/app/jobs/8926f69a/TARGET_RESULTS/MCS_Output/MCS_SDF/6od6_B_M7D_401.sdf,True,True,True,True,/app/jobs/8926f69a/TARGET_RESULTS/MCS_Output/MCS_SVG/6od6_B_M7D_401_plain.svg,/app/jobs/8926f69a/TARGET_RESULTS/MCS_Output/MCS_SVG/6od6_B_M7D_401_exposed.svg
BACE1,7b1p,A,SL8,501,C[C@@]1(c2cccc(NC(=O)c3ccc(Br)cn3)c2)CO[C@@](C)(C(F)(F)F)C(N)=N1,0.552,/app/jobs/8926f69a/WAR_PDB/BACE1/7b1p_A_SL8.pdb,/app/jobs/8926f69a/TARGET_RESULTS/MCS_Output/MCS_SDF/7b1p_A_SL8_501.sdf,True,True,True,True,/app/jobs/8926f69a/TARGET_RESULTS/MCS_Output/MCS_SVG/7b1p_A_SL8_501_plain.svg,/app/jobs/8926f69a/TARGET_RESULTS/MCS_Output/MCS_SVG/7b1p_A_SL8_501_exposed.svg
BACE1,3k5c,B,0BI,387,COCc1cc2cc(c1)C(=O)N[C@H]([C@H](O)CNC1(c3cccc(C(C)C)c3)CC1)Cc1cccc(c1)OCCCCN2,0.548,/app/jobs/8926f69a/WAR_PDB/BACE1/3k5c_B_0BI.pdb,/app/jobs/8926f69a/TARGET_RESULTS/MCS_Output/MCS_SDF/3k5c_B_0BI_387.sdf,True,True,True,True,/app/jobs/8926f69a/TARGET_RESULTS/MCS_Output/MCS_SVG/3k5c_B_0BI_387_plain.svg,/app/jobs/8926f69a/TARGET_RESULTS/MCS_Output/MCS_SVG/3k5c_B_0BI_387_exposed.svg
BACE1,3zov,A,WZV,1447,CN1C(=O)C[C@@](C)(c2cccc(NC(=O)c3ccc(OCC(F)(F)F)cn3)c2)N=C1N,0.548,/app/jobs/8926f69a/WAR_PDB/BACE1/3zov_A_WZV.pdb,/app/jobs/8926f69a/TARGET_RESULTS/MCS_Output/MCS_SDF/3zov_A_WZV_1447.sdf,True,True,True,True,/app/jobs/8926f69a/TARGET_RESULTS/MCS_Output/MCS_SVG/3zov_A_WZV_1447_plain.svg,/app/jobs/8926f69a/TARGET_RESULTS/MCS_Output/MCS_SVG/3zov_A_WZV_1447_exposed.svg
BACE1,5qd7,A,0BI,401,COCc1cc2cc(c1)C(=O)N[C@H]([C@H](O)CNC1(c3cccc(C(C)C)c3)CC1)Cc1cccc(c1)OCCCCN2,0.548,/app/jobs/8926f69a/WAR_PDB/BACE1/5qd7_A_0BI.pdb,/app/jobs/8926f69a/TARGET_RESULTS/MCS_Output/MCS_SDF/5qd7_A_0BI_401.sdf,True,True,True,True,/app/jobs/8926f69a/TARGET_RESULTS/MCS_Output/MCS_SVG/5qd7_A_0BI_401_plain.svg,/app/jobs/8926f69a/TARGET_RESULTS/MCS_Output/MCS_SVG/5qd7_A_0BI_401_exposed.svg
BACE1,5qd7,B,0BI,401,COCc1cc2cc(c1)C(=O)N[C@H]([C@H](O)CNC1(c3cccc(C(C)C)c3)CC1)Cc1cccc(c1)OCCCCN2,0.548,/app/jobs/8926f69a/WAR_PDB/BACE1/5qd7_B_0BI.pdb,/app/jobs/8926f69a/TARGET_RESULTS/MCS_Output/MCS_SDF/5qd7_B_0BI_401.sdf,True,True,True,True,/app/jobs/8926f69a/TARGET_RESULTS/MCS_Output/MCS_SVG/5qd7_B_0BI_401_plain.svg,/app/jobs/8926f69a/TARGET_RESULTS/MCS_Output/MCS_SVG/5qd7_B_0BI_401_exposed.svg
BACE1,3hvg,A,EV0,441,CCCc1cc(=O)[nH]c(N)n1,0.545,/app/jobs/8926f69a/WAR_PDB/BACE1/3hvg_A_EV0.pdb,/app/jobs/8926f69a/TARGET_RESULTS/MCS_Output/MCS_SDF/3hvg_A_EV0_441.sdf,True,True,True,True,/app/jobs/8926f69a/TARGET_RESULTS/MCS_Output/MCS_SVG/3hvg_A_EV0_441_plain.svg,/app/jobs/8926f69a/TARGET_RESULTS/MCS_Output/MCS_SVG/3hvg_A_EV0_441_exposed.svg
BACE1,4rcd,A,3LL,501,CC1(C#Cc2cnc3c(c2)[C@]2(COC(N)=N2)c2cc(-c4cccnc4F)ccc2O3)COC1,0.545,/app/jobs/8926f69a/WAR_PDB/BACE1/4rcd_A_3LL.pdb,/app/jobs/8926f69a/TARGET_RESULTS/MCS_Output/MCS_SDF/4rcd_A_3LL_501.sdf,True,True,True,True,/app/jobs/8926f69a/TARGET_RESULTS/MCS_Output/MCS_SVG/4rcd_A_3LL_501_plain.svg,/app/jobs/8926f69a/TARGET_RESULTS/MCS_Output/MCS_SVG/4rcd_A_3LL_501_exposed.svg
BACE1,4wtu,A,3UT,407,NC1=N[C@@]2(CO1)c1cc(-c3cccnc3F)ccc1Oc1c2cc(C2=CCCOC2)nc1F,0.545,/app/jobs/8926f69a/WAR_PDB/BACE1/4wtu_A_3UT.pdb,/app/jobs/8926f69a/TARGET_RESULTS/MCS_Output/MCS_SDF/4wtu_A_3UT_407.sdf,True,True,True,True,/app/jobs/8926f69a/TARGET_RESULTS/MCS_Output/MCS_SVG/4wtu_A_3UT_407_plain.svg,/app/jobs/8926f69a/TARGET_RESULTS/MCS_Output/MCS_SVG/4wtu_A_3UT_407_exposed.svg
BACE1,4xkx,A,43K,405,NC1=N[C@@]2(CO1)c1cc(-c3cccnc3F)ccc1Oc1cnc(-c3ccnc(F)c3)cc12,0.545,/app/jobs/8926f69a/WAR_PDB/BACE1/4xkx_A_43K.pdb,/app/jobs/8926f69a/TARGET_RESULTS/MCS_Output/MCS_SDF/4xkx_A_43K_405.sdf,True,True,True,True,/app/jobs/8926f69a/TARGET_RESULTS/MCS_Output/MCS_SVG/4xkx_A_43K_405_plain.svg,/app/jobs/8926f69a/TARGET_RESULTS/MCS_Output/MCS_SVG/4xkx_A_43K_405_exposed.svg
BACE1,4ybi,A,4B2,401,C[C@@]1(c2cc(-c3cncnc3)c(F)cc2F)CCSC(N)=N1,0.545,/app/jobs/8926f69a/WAR_PDB/BACE1/4ybi_A_4B2.pdb,/app/jobs/8926f69a/TARGET_RESULTS/MCS_Output/MCS_SDF/4ybi_A_4B2_401.sdf,True,True,True,True,/app/jobs/8926f69a/TARGET_RESULTS/MCS_Output/MCS_SVG/4ybi_A_4B2_401_plain.svg,/app/jobs/8926f69a/TARGET_RESULTS/MCS_Output/MCS_SVG/4ybi_A_4B2_401_exposed.svg
BACE1,4ybi,B,4B2,401,C[C@@]1(c2cc(-c3cncnc3)c(F)cc2F)CCSC(N)=N1,0.545,/app/jobs/8926f69a/WAR_PDB/BACE1/4ybi_B_4B2.pdb,/app/jobs/8926f69a/TARGET_RESULTS/MCS_Output/MCS_SDF/4ybi_B_4B2_401.sdf,True,True,True,True,/app/jobs/8926f69a/TARGET_RESULTS/MCS_Output/MCS_SVG/4ybi_B_4B2_401_plain.svg,/app/jobs/8926f69a/TARGET_RESULTS/MCS_Output/MCS_SVG/4ybi_B_4B2_401_exposed.svg
BACE1,4zsm,B,4RW,401,NC1=N[C@@H]2CCCC[C@@H]2CS1,0.545,/app/jobs/8926f69a/WAR_PDB/BACE1/4zsm_B_4RW.pdb,/app/jobs/8926f69a/TARGET_RESULTS/MCS_Output/MCS_SDF/4zsm_B_4RW_401.sdf,True,True,True,True,/app/jobs/8926f69a/TARGET_RESULTS/MCS_Output/MCS_SVG/4zsm_B_4RW_401_plain.svg,/app/jobs/8926f69a/TARGET_RESULTS/MCS_Output/MCS_SVG/4zsm_B_4RW_401_exposed.svg
BACE1,7myr,A,ZRD,401,NC1=N[C@@]2(c3ccns3)CN(c3ncc(F)cn3)C[C@H]2CS1,0.545,/app/jobs/8926f69a/WAR_PDB/BACE1/7myr_A_ZRD.pdb,/app/jobs/8926f69a/TARGET_RESULTS/MCS_Output/MCS_SDF/7myr_A_ZRD_401.sdf,True,True,True,True,/app/jobs/8926f69a/TARGET_RESULTS/MCS_Output/MCS_SVG/7myr_A_ZRD_401_plain.svg,/app/jobs/8926f69a/TARGET_RESULTS/MCS_Output/MCS_SVG/7myr_A_ZRD_401_exposed.svg
BACE1,7myr,B,ZRD,401,NC1=N[C@@]2(c3ccns3)CN(c3ncc(F)cn3)C[C@H]2CS1,0.545,/app/jobs/8926f69a/WAR_PDB/BACE1/7myr_B_ZRD.pdb,/app/jobs/8926f69a/TARGET_RESULTS/MCS_Output/MCS_SDF/7myr_B_ZRD_401.sdf,True,True,True,True,/app/jobs/8926f69a/TARGET_RESULTS/MCS_Output/MCS_SVG/7myr_B_ZRD_401_plain.svg,/app/jobs/8926f69a/TARGET_RESULTS/MCS_Output/MCS_SVG/7myr_B_ZRD_401_exposed.svg
BACE1,2wjo,A,QUD,1389,Nc1nc2ccc(Oc3ccccc3)cc2c[n+]1[C@@H](CNC(=O)C1CCCCC1)C1CCCCC1,0.543,/app/jobs/8926f69a/WAR_PDB/BACE1/2wjo_A_QUD.pdb,/app/jobs/8926f69a/TARGET_RESULTS/MCS_Output/MCS_SDF/2wjo_A_QUD_1389.sdf,True,True,True,True,/app/jobs/8926f69a/TARGET_RESULTS/MCS_Output/MCS_SVG/2wjo_A_QUD_1389_plain.svg,/app/jobs/8926f69a/TARGET_RESULTS/MCS_Output/MCS_SVG/2wjo_A_QUD_1389_exposed.svg
BACE1,2zdz,A,310,1,[H]/N=C(\N)NC(=O)Cn1c(-c2ccc(Oc3ccc(C(C)=O)cc3)cc2)ccc1-c1ccccc1Cl,0.543,/app/jobs/8926f69a/WAR_PDB/BACE1/2zdz_A_310.pdb,/app/jobs/8926f69a/TARGET_RESULTS/MCS_Output/MCS_SDF/2zdz_A_310_1.sdf,True,True,True,True,/app/jobs/8926f69a/TARGET_RESULTS/MCS_Output/MCS_SVG/2zdz_A_310_1_plain.svg,/app/jobs/8926f69a/TARGET_RESULTS/MCS_Output/MCS_SVG/2zdz_A_310_1_exposed.svg
BACE1,5i3w,A,68L,406,NC1=N[C@@]2(CO1)c1cc(NC(=O)c3ccc(Cl)cn3)ccc1Oc1cnc(C3=CCCOC3)cc12,0.543,/app/jobs/8926f69a/WAR_PDB/BACE1/5i3w_A_68L.pdb,/app/jobs/8926f69a/TARGET_RESULTS/MCS_Output/MCS_SDF/5i3w_A_68L_406.sdf,True,True,True,True,/app/jobs/8926f69a/TARGET_RESULTS/MCS_Output/MCS_SVG/5i3w_A_68L_406_plain.svg,/app/jobs/8926f69a/TARGET_RESULTS/MCS_Output/MCS_SVG/5i3w_A_68L_406_exposed.svg
BACE1,4djx,B,0KQ,501,[H]/N=C1\N[C@@](c2cccc(-c3cncc(Cl)c3)c2)(C2CC2)C(=O)N1C,0.542,/app/jobs/8926f69a/WAR_PDB/BACE1/4djx_B_0KQ.pdb,/app/jobs/8926f69a/TARGET_RESULTS/MCS_Output/MCS_SDF/4djx_B_0KQ_501.sdf,True,True,True,True,/app/jobs/8926f69a/TARGET_RESULTS/MCS_Output/MCS_SVG/4djx_B_0KQ_501_plain.svg,/app/jobs/8926f69a/TARGET_RESULTS/MCS_Output/MCS_SVG/4djx_B_0KQ_501_exposed.svg
BACE1,4zsq,A,4RX,401,NC1=N[C@]23CC[C@H](NC(=O)c4cccc(Cl)c4)C[C@@H]2[C@@H](COC3)S1,0.542,/app/jobs/8926f69a/WAR_PDB/BACE1/4zsq_A_4RX.pdb,/app/jobs/8926f69a/TARGET_RESULTS/MCS_Output/MCS_SDF/4zsq_A_4RX_401.sdf,True,True,True,True,/app/jobs/8926f69a/TARGET_RESULTS/MCS_Output/MCS_SVG/4zsq_A_4RX_401_plain.svg,/app/jobs/8926f69a/TARGET_RESULTS/MCS_Output/MCS_SVG/4zsq_A_4RX_401_exposed.svg
BACE1,4zsr,A,4RY,401,NC1=N[C@]23CC[C@H](NC(=O)c4cccc(Cl)c4)C[C@]2(COC3)CS1,0.542,/app/jobs/8926f69a/WAR_PDB/BACE1/4zsr_A_4RY.pdb,/app/jobs/8926f69a/TARGET_RESULTS/MCS_Output/MCS_SDF/4zsr_A_4RY_401.sdf,True,True,True,True,/app/jobs/8926f69a/TARGET_RESULTS/MCS_Output/MCS_SVG/4zsr_A_4RY_401_plain.svg,/app/jobs/8926f69a/TARGET_RESULTS/MCS_Output/MCS_SVG/4zsr_A_4RY_401_exposed.svg
BACE1,4zsr,B,4RY,401,NC1=N[C@]23CC[C@H](NC(=O)c4cccc(Cl)c4)C[C@]2(COC3)CS1,0.542,/app/jobs/8926f69a/WAR_PDB/BACE1/4zsr_B_4RY.pdb,/app/jobs/8926f69a/TARGET_RESULTS/MCS_Output/MCS_SDF/4zsr_B_4RY_401.sdf,True,True,True,True,/app/jobs/8926f69a/TARGET_RESULTS/MCS_Output/MCS_SVG/4zsr_B_4RY_401_plain.svg,/app/jobs/8926f69a/TARGET_RESULTS/MCS_Output/MCS_SVG/4zsr_B_4RY_401_exposed.svg
BACE1,6fgy,A,D9W,501,C[C@@]1(c2cccc(NC(=O)c3ccc(Br)cn3)c2)COCC(N)=N1,0.542,/app/jobs/8926f69a/WAR_PDB/BACE1/6fgy_A_D9W.pdb,/app/jobs/8926f69a/TARGET_RESULTS/MCS_Output/MCS_SDF/6fgy_A_D9W_501.sdf,True,True,True,True,/app/jobs/8926f69a/TARGET_RESULTS/MCS_Output/MCS_SVG/6fgy_A_D9W_501_plain.svg,/app/jobs/8926f69a/TARGET_RESULTS/MCS_Output/MCS_SVG/6fgy_A_D9W_501_exposed.svg
BACE1,3k5d,B,XLI,393,CCCCNC(=O)[C@H](C)C[C@H](O)[C@H](CC(C)C)NC(=O)[C@H](CCSC)NC(=O)[C@H](CC(C)C)NC(C)=O,0.541,/app/jobs/8926f69a/WAR_PDB/BACE1/3k5d_B_XLI.pdb,/app/jobs/8926f69a/TARGET_RESULTS/MCS_Output/MCS_SDF/3k5d_B_XLI_393.sdf,True,True,True,True,/app/jobs/8926f69a/TARGET_RESULTS/MCS_Output/MCS_SVG/3k5d_B_XLI_393_plain.svg,/app/jobs/8926f69a/TARGET_RESULTS/MCS_Output/MCS_SVG/3k5d_B_XLI_393_exposed.svg
BACE1,5qcz,B,E5V,401,COCc1cc2cc(c1)C(=O)N[C@H]([C@H](O)[C@H]1CO[C@@H](COC)CN1)Cc1cccc(c1)OCCCCN2,0.541,/app/jobs/8926f69a/WAR_PDB/BACE1/5qcz_B_E5V.pdb,/app/jobs/8926f69a/TARGET_RESULTS/MCS_Output/MCS_SDF/5qcz_B_E5V_401.sdf,True,True,True,True,/app/jobs/8926f69a/TARGET_RESULTS/MCS_Output/MCS_SVG/5qcz_B_E5V_401_plain.svg,/app/jobs/8926f69a/TARGET_RESULTS/MCS_Output/MCS_SVG/5qcz_B_E5V_401_exposed.svg
BACE1,4djy,A,0KR,501,[H]/N=C1\N[C@@](c2cccc(-c3cncc(C#CC)c3)c2)(C2CC2)C(=O)N1C,0.538,/app/jobs/8926f69a/WAR_PDB/BACE1/4djy_A_0KR.pdb,/app/jobs/8926f69a/TARGET_RESULTS/MCS_Output/MCS_SDF/4djy_A_0KR_501.sdf,True,True,True,True,/app/jobs/8926f69a/TARGET_RESULTS/MCS_Output/MCS_SVG/4djy_A_0KR_501_plain.svg,/app/jobs/8926f69a/TARGET_RESULTS/MCS_Output/MCS_SVG/4djy_A_0KR_501_exposed.svg
BACE1,4j0p,A,1H8,504,C[C@@]1(c2cc(NC(=O)c3ccc(C#N)cn3)ccc2F)CCOC(N)=N1,0.538,/app/jobs/8926f69a/WAR_PDB/BACE1/4j0p_A_1H8.pdb,/app/jobs/8926f69a/TARGET_RESULTS/MCS_Output/MCS_SDF/4j0p_A_1H8_504.sdf,True,True,True,True,/app/jobs/8926f69a/TARGET_RESULTS/MCS_Output/MCS_SVG/4j0p_A_1H8_504_plain.svg,/app/jobs/8926f69a/TARGET_RESULTS/MCS_Output/MCS_SVG/4j0p_A_1H8_504_exposed.svg
BACE1,7dcz,A,H3C,406,C[C@@]1(c2cc(NC(=O)c3ccc(C#N)cn3)ccc2F)C=CSC(N)=N1,0.538,/app/jobs/8926f69a/WAR_PDB/BACE1/7dcz_A_H3C.pdb,/app/jobs/8926f69a/TARGET_RESULTS/MCS_Output/MCS_SDF/7dcz_A_H3C_406.sdf,True,True,True,True,/app/jobs/8926f69a/TARGET_RESULTS/MCS_Output/MCS_SVG/7dcz_A_H3C_406_plain.svg,/app/jobs/8926f69a/TARGET_RESULTS/MCS_Output/MCS_SVG/7dcz_A_H3C_406_exposed.svg
BACE1,3zmg,A,6Z0,1448,[H]/N=C1/N[C@](C)(c2cc(NC(=O)c3ccc(C#N)cn3)ccc2F)C(F)(F)CO1,0.536,/app/jobs/8926f69a/WAR_PDB/BACE1/3zmg_A_6Z0.pdb,/app/jobs/8926f69a/TARGET_RESULTS/MCS_Output/MCS_SDF/3zmg_A_6Z0_1448.sdf,True,True,True,True,/app/jobs/8926f69a/TARGET_RESULTS/MCS_Output/MCS_SVG/3zmg_A_6Z0_1448_plain.svg,/app/jobs/8926f69a/TARGET_RESULTS/MCS_Output/MCS_SVG/3zmg_A_6Z0_1448_exposed.svg
BACE1,5t1w,A,74B,401,NC1=N[C@@]2(c3cc(CNCC(F)(F)F)c(F)cc3F)CO[C@@H](CF)C[C@H]2CS1,0.536,/app/jobs/8926f69a/WAR_PDB/BACE1/5t1w_A_74B.pdb,/app/jobs/8926f69a/TARGET_RESULTS/MCS_Output/MCS_SDF/5t1w_A_74B_401.sdf,True,True,True,True,/app/jobs/8926f69a/TARGET_RESULTS/MCS_Output/MCS_SVG/5t1w_A_74B_401_plain.svg,/app/jobs/8926f69a/TARGET_RESULTS/MCS_Output/MCS_SVG/5t1w_A_74B_401_exposed.svg
BACE1,2f3e,A,AXQ,601,CCCCNC(=O)[C@@H](NC(=O)[C@H](C)C[C@H](O)[C@@H]1CSC/C=C/CSC[C@H](NC(=O)OC(C)(C)C)C(=O)N[C@@H](C)C(=O)N1)C(C)C,0.533,/app/jobs/8926f69a/WAR_PDB/BACE1/2f3e_A_AXQ.pdb,/app/jobs/8926f69a/TARGET_RESULTS/MCS_Output/MCS_SDF/2f3e_A_AXQ_601.sdf,True,True,True,True,/app/jobs/8926f69a/TARGET_RESULTS/MCS_Output/MCS_SVG/2f3e_A_AXQ_601_plain.svg,/app/jobs/8926f69a/TARGET_RESULTS/MCS_Output/MCS_SVG/2f3e_A_AXQ_601_exposed.svg
BACE1,2f3e,B,AXQ,602,CCCCNC(=O)[C@@H](NC(=O)[C@H](C)C[C@H](O)[C@@H]1CSC/C=C/CSC[C@H](NC(=O)OC(C)(C)C)C(=O)N[C@@H](C)C(=O)N1)C(C)C,0.533,/app/jobs/8926f69a/WAR_PDB/BACE1/2f3e_B_AXQ.pdb,/app/jobs/8926f69a/TARGET_RESULTS/MCS_Output/MCS_SDF/2f3e_B_AXQ_602.sdf,True,True,True,True,/app/jobs/8926f69a/TARGET_RESULTS/MCS_Output/MCS_SVG/2f3e_B_AXQ_602_plain.svg,/app/jobs/8926f69a/TARGET_RESULTS/MCS_Output/MCS_SVG/2f3e_B_AXQ_602_exposed.svg
BACE1,3lnk,A,74A,1,CCCN(CCC)C(=O)c1cc(C)cc(C(=O)N[C@@H](Cc2cc(F)cc(F)c2)[C@H](O)[C@H]2CN(C(=O)c3ccccc3)CCN2)c1,0.533,/app/jobs/8926f69a/WAR_PDB/BACE1/3lnk_A_74A.pdb,/app/jobs/8926f69a/TARGET_RESULTS/MCS_Output/MCS_SDF/3lnk_A_74A_1.sdf,True,True,True,True,/app/jobs/8926f69a/TARGET_RESULTS/MCS_Output/MCS_SVG/3lnk_A_74A_1_plain.svg,/app/jobs/8926f69a/TARGET_RESULTS/MCS_Output/MCS_SVG/3lnk_A_74A_1_exposed.svg
BACE1,3lnk,B,74A,2,CCCN(CCC)C(=O)c1cc(C)cc(C(=O)N[C@@H](Cc2cc(F)cc(F)c2)[C@H](O)[C@H]2CN(C(=O)c3ccccc3)CCN2)c1,0.533,/app/jobs/8926f69a/WAR_PDB/BACE1/3lnk_B_74A.pdb,/app/jobs/8926f69a/TARGET_RESULTS/MCS_Output/MCS_SDF/3lnk_B_74A_2.sdf,True,True,True,True,/app/jobs/8926f69a/TARGET_RESULTS/MCS_Output/MCS_SVG/3lnk_B_74A_2_plain.svg,/app/jobs/8926f69a/TARGET_RESULTS/MCS_Output/MCS_SVG/3lnk_B_74A_2_exposed.svg
BACE1,5qd4,B,AXQ,401,CCCCNC(=O)[C@@H](NC(=O)[C@H](C)C[C@H](O)[C@@H]1CSC/C=C/CSC[C@H](NC(=O)OC(C)(C)C)C(=O)N[C@@H](C)C(=O)N1)C(C)C,0.533,/app/jobs/8926f69a/WAR_PDB/BACE1/5qd4_B_AXQ.pdb,/app/jobs/8926f69a/TARGET_RESULTS/MCS_Output/MCS_SDF/5qd4_B_AXQ_401.sdf,True,True,True,True,/app/jobs/8926f69a/TARGET_RESULTS/MCS_Output/MCS_SVG/5qd4_B_AXQ_401_plain.svg,/app/jobs/8926f69a/TARGET_RESULTS/MCS_Output/MCS_SVG/5qd4_B_AXQ_401_exposed.svg
BACE1,7d36,A,GUC,508,Cc1cc(C#N)cnc1C(=O)Nc1ccc(F)c([C@]2(C)Cc3c(ccnc3F)C(N)=N2)c1,0.531,/app/jobs/8926f69a/WAR_PDB/BACE1/7d36_A_GUC.pdb,/app/jobs/8926f69a/TARGET_RESULTS/MCS_Output/MCS_SDF/7d36_A_GUC_508.sdf,True,True,True,True,/app/jobs/8926f69a/TARGET_RESULTS/MCS_Output/MCS_SVG/7d36_A_GUC_508_plain.svg,/app/jobs/8926f69a/TARGET_RESULTS/MCS_Output/MCS_SVG/7d36_A_GUC_508_exposed.svg
BACE1,2zjn,A,F1N,449,COc1cc(Cl)cc(CN2CCC(NC(=O)COc3ccc(S(N)(=O)=O)cc3C)CC2)c1OC(C)C,0.528,/app/jobs/8926f69a/WAR_PDB/BACE1/2zjn_A_F1N.pdb,/app/jobs/8926f69a/TARGET_RESULTS/MCS_Output/MCS_SDF/2zjn_A_F1N_449.sdf,True,True,True,True,/app/jobs/8926f69a/TARGET_RESULTS/MCS_Output/MCS_SVG/2zjn_A_F1N_449_plain.svg,/app/jobs/8926f69a/TARGET_RESULTS/MCS_Output/MCS_SVG/2zjn_A_F1N_449_exposed.svg
BACE1,4wy1,A,3VO,4000,NC1=N[C@@]2(c3ccc(F)cc3F)COCC[C@H]2CS1,0.526,/app/jobs/8926f69a/WAR_PDB/BACE1/4wy1_A_3VO.pdb,/app/jobs/8926f69a/TARGET_RESULTS/MCS_Output/MCS_SDF/4wy1_A_3VO_4000.sdf,True,True,True,True,/app/jobs/8926f69a/TARGET_RESULTS/MCS_Output/MCS_SVG/4wy1_A_3VO_4000_plain.svg,/app/jobs/8926f69a/TARGET_RESULTS/MCS_Output/MCS_SVG/4wy1_A_3VO_4000_exposed.svg
BACE1,4i0h,A,1BL,501,CC(C)(C)c1cccc(C2(NC[C@@H](O)[C@H](Cc3cc(F)cc(F)c3)NC(=O)CC[C@@H](O)C(=O)O)CCCCC2)c1,0.525,/app/jobs/8926f69a/WAR_PDB/BACE1/4i0h_A_1BL.pdb,/app/jobs/8926f69a/TARGET_RESULTS/MCS_Output/MCS_SDF/4i0h_A_1BL_501.sdf,True,True,True,True,/app/jobs/8926f69a/TARGET_RESULTS/MCS_Output/MCS_SVG/4i0h_A_1BL_501_plain.svg,/app/jobs/8926f69a/TARGET_RESULTS/MCS_Output/MCS_SVG/4i0h_A_1BL_501_exposed.svg
BACE1,2vij,A,C44,3000,CCNc1cc(C(=O)N[C@@H](Cc2ccccc2)[C@H](O)CN[C@H]2CCCc3ccccc32)cc(N2CCCCS2(=O)=O)c1,0.524,/app/jobs/8926f69a/WAR_PDB/BACE1/2vij_A_C44.pdb,/app/jobs/8926f69a/TARGET_RESULTS/MCS_Output/MCS_SDF/2vij_A_C44_3000.sdf,True,True,True,True,/app/jobs/8926f69a/TARGET_RESULTS/MCS_Output/MCS_SVG/2vij_A_C44_3000_plain.svg,/app/jobs/8926f69a/TARGET_RESULTS/MCS_Output/MCS_SVG/2vij_A_C44_3000_exposed.svg
BACE1,4zsp,B,4RZ,401,NC1=N[C@@H]2CC[C@H](NC(=O)c3cccc(Cl)c3)C[C@@H]2CS1,0.524,/app/jobs/8926f69a/WAR_PDB/BACE1/4zsp_B_4RZ.pdb,/app/jobs/8926f69a/TARGET_RESULTS/MCS_Output/MCS_SDF/4zsp_B_4RZ_401.sdf,True,True,True,True,/app/jobs/8926f69a/TARGET_RESULTS/MCS_Output/MCS_SVG/4zsp_B_4RZ_401_plain.svg,/app/jobs/8926f69a/TARGET_RESULTS/MCS_Output/MCS_SVG/4zsp_B_4RZ_401_exposed.svg
BACE1,6uvy,A,QJP,401,C[C@@H]1C[C@H]1CNC(=O)[C@@H]1C[C@H]1[C@]12COC[C@H]1CSC(N)=N2,0.524,/app/jobs/8926f69a/WAR_PDB/BACE1/6uvy_A_QJP.pdb,/app/jobs/8926f69a/TARGET_RESULTS/MCS_Output/MCS_SDF/6uvy_A_QJP_401.sdf,True,True,True,True,/app/jobs/8926f69a/TARGET_RESULTS/MCS_Output/MCS_SVG/6uvy_A_QJP_401_plain.svg,/app/jobs/8926f69a/TARGET_RESULTS/MCS_Output/MCS_SVG/6uvy_A_QJP_401_exposed.svg
BACE1,3l5f,A,BDX,1,[H]/N=C1\N[C@](CCC2CCCCC2)(CC2CCCCC2)C(=O)N1C,0.522,/app/jobs/8926f69a/WAR_PDB/BACE1/3l5f_A_BDX.pdb,/app/jobs/8926f69a/TARGET_RESULTS/MCS_Output/MCS_SDF/3l5f_A_BDX_1.sdf,True,True,True,True,/app/jobs/8926f69a/TARGET_RESULTS/MCS_Output/MCS_SVG/3l5f_A_BDX_1_plain.svg,/app/jobs/8926f69a/TARGET_RESULTS/MCS_Output/MCS_SVG/3l5f_A_BDX_1_exposed.svg
BACE1,3l5f,B,BDX,1,[H]/N=C1\N[C@](CCC2CCCCC2)(CC2CCCCC2)C(=O)N1C,0.522,/app/jobs/8926f69a/WAR_PDB/BACE1/3l5f_B_BDX.pdb,/app/jobs/8926f69a/TARGET_RESULTS/MCS_Output/MCS_SDF/3l5f_B_BDX_1.sdf,True,True,True,True,/app/jobs/8926f69a/TARGET_RESULTS/MCS_Output/MCS_SVG/3l5f_B_BDX_1_plain.svg,/app/jobs/8926f69a/TARGET_RESULTS/MCS_Output/MCS_SVG/3l5f_B_BDX_1_exposed.svg
BACE1,5i3y,A,68K,401,CC(C)(C)CCNC(=O)CCc1cc2cc(-c3ccccc3CCc3ccc(NC(=O)c4ccc(F)cc4)cn3)ccc2nc1N,0.522,/app/jobs/8926f69a/WAR_PDB/BACE1/5i3y_A_68K.pdb,/app/jobs/8926f69a/TARGET_RESULTS/MCS_Output/MCS_SDF/5i3y_A_68K_401.sdf,True,True,True,True,/app/jobs/8926f69a/TARGET_RESULTS/MCS_Output/MCS_SVG/5i3y_A_68K_401_plain.svg,/app/jobs/8926f69a/TARGET_RESULTS/MCS_Output/MCS_SVG/5i3y_A_68K_401_exposed.svg
BACE1,3udr,A,09F,501,N#CC1(OC(=O)[C@H]2C[C@]3(CN2)C(=O)Nc2ccccc23)CCCCC1,0.52,/app/jobs/8926f69a/WAR_PDB/BACE1/3udr_A_09F.pdb,/app/jobs/8926f69a/TARGET_RESULTS/MCS_Output/MCS_SDF/3udr_A_09F_501.sdf,True,True,True,True,/app/jobs/8926f69a/TARGET_RESULTS/MCS_Output/MCS_SVG/3udr_A_09F_501_plain.svg,/app/jobs/8926f69a/TARGET_RESULTS/MCS_Output/MCS_SVG/3udr_A_09F_501_exposed.svg
BACE1,4i0g,A,1B9,504,CC1(C)Cc2cc(Cl)ccc2C(N[C@@H](Cc2cscc2Br)C(=O)O)=N1,0.52,/app/jobs/8926f69a/WAR_PDB/BACE1/4i0g_A_1B9.pdb,/app/jobs/8926f69a/TARGET_RESULTS/MCS_Output/MCS_SDF/4i0g_A_1B9_504.sdf,True,True,True,True,/app/jobs/8926f69a/TARGET_RESULTS/MCS_Output/MCS_SVG/4i0g_A_1B9_504_plain.svg,/app/jobs/8926f69a/TARGET_RESULTS/MCS_Output/MCS_SVG/4i0g_A_1B9_504_exposed.svg
BACE1,4xxs,A,SI5,401,Cn1cc([C@H]2C[C@H]3CSC(N)=N[C@@]3(c3ccc(F)cc3F)CO2)cn1,0.52,/app/jobs/8926f69a/WAR_PDB/BACE1/4xxs_A_SI5.pdb,/app/jobs/8926f69a/TARGET_RESULTS/MCS_Output/MCS_SDF/4xxs_A_SI5_401.sdf,True,True,True,True,/app/jobs/8926f69a/TARGET_RESULTS/MCS_Output/MCS_SVG/4xxs_A_SI5_401_plain.svg,/app/jobs/8926f69a/TARGET_RESULTS/MCS_Output/MCS_SVG/4xxs_A_SI5_401_exposed.svg
BACE1,4frj,A,DWB,403,COc1ccc2c(c1)[C@]1(COC(N)=N1)c1cc(-c3cc(Cl)ccc3F)ccc1O2,0.517,/app/jobs/8926f69a/WAR_PDB/BACE1/4frj_A_DWB.pdb,/app/jobs/8926f69a/TARGET_RESULTS/MCS_Output/MCS_SDF/4frj_A_DWB_403.sdf,True,True,True,True,/app/jobs/8926f69a/TARGET_RESULTS/MCS_Output/MCS_SVG/4frj_A_DWB_403_plain.svg,/app/jobs/8926f69a/TARGET_RESULTS/MCS_Output/MCS_SVG/4frj_A_DWB_403_exposed.svg
BACE1,4r91,B,3KT,502,[H]/N=C1\N[C@](CCC2CCCCC2)(C[C@H]2CCC[C@@H](NC3CCCC3)C2)C(=O)N1C,0.517,/app/jobs/8926f69a/WAR_PDB/BACE1/4r91_B_3KT.pdb,/app/jobs/8926f69a/TARGET_RESULTS/MCS_Output/MCS_SDF/4r91_B_3KT_502.sdf,True,True,True,True,/app/jobs/8926f69a/TARGET_RESULTS/MCS_Output/MCS_SVG/4r91_B_3KT_502_plain.svg,/app/jobs/8926f69a/TARGET_RESULTS/MCS_Output/MCS_SVG/4r91_B_3KT_502_exposed.svg
BACE1,4rro,A,3UX,502,CN1C(=O)[C@]2(N=C1N)c1cc(-c3cccnc3F)ccc1O[C@]1(C)CCCO[C@H]12,0.517,/app/jobs/8926f69a/WAR_PDB/BACE1/4rro_A_3UX.pdb,/app/jobs/8926f69a/TARGET_RESULTS/MCS_Output/MCS_SDF/4rro_A_3UX_502.sdf,True,True,True,True,/app/jobs/8926f69a/TARGET_RESULTS/MCS_Output/MCS_SVG/4rro_A_3UX_502_plain.svg,/app/jobs/8926f69a/TARGET_RESULTS/MCS_Output/MCS_SVG/4rro_A_3UX_502_exposed.svg
BACE1,5he5,A,60S,502,[H]/N=C1\N[C@@]2(c3ccc(C#N)s3)CN(c3nc(C)c(F)c(NC)n3)C[C@H]2C(=O)N1C,0.517,/app/jobs/8926f69a/WAR_PDB/BACE1/5he5_A_60S.pdb,/app/jobs/8926f69a/TARGET_RESULTS/MCS_Output/MCS_SDF/5he5_A_60S_502.sdf,True,True,True,True,/app/jobs/8926f69a/TARGET_RESULTS/MCS_Output/MCS_SVG/5he5_A_60S_502_plain.svg,/app/jobs/8926f69a/TARGET_RESULTS/MCS_Output/MCS_SVG/5he5_A_60S_502_exposed.svg
BACE1,5he5,B,60S,502,[H]/N=C1\N[C@@]2(c3ccc(C#N)s3)CN(c3nc(C)c(F)c(NC)n3)C[C@H]2C(=O)N1C,0.517,/app/jobs/8926f69a/WAR_PDB/BACE1/5he5_B_60S.pdb,/app/jobs/8926f69a/TARGET_RESULTS/MCS_Output/MCS_SDF/5he5_B_60S_502.sdf,True,True,True,True,/app/jobs/8926f69a/TARGET_RESULTS/MCS_Output/MCS_SVG/5he5_B_60S_502_plain.svg,/app/jobs/8926f69a/TARGET_RESULTS/MCS_Output/MCS_SVG/5he5_B_60S_502_exposed.svg
BACE1,6jt3,A,C83,505,C[C@H]1SC(N)=N[C@](C)(c2cc(NC(=O)c3cnc(OCF)cn3)ccc2F)[C@H]1F,0.517,/app/jobs/8926f69a/WAR_PDB/BACE1/6jt3_A_C83.pdb,/app/jobs/8926f69a/TARGET_RESULTS/MCS_Output/MCS_SDF/6jt3_A_C83_505.sdf,True,True,True,True,/app/jobs/8926f69a/TARGET_RESULTS/MCS_Output/MCS_SVG/6jt3_A_C83_505_plain.svg,/app/jobs/8926f69a/TARGET_RESULTS/MCS_Output/MCS_SVG/6jt3_A_C83_505_exposed.svg
BACE1,2q11,B,XX4,502,CN(C(=O)CCN1Cc2cc(C(=O)c3ccccc3)ccc2N=C1N)C1CCCCC1,0.516,/app/jobs/8926f69a/WAR_PDB/BACE1/2q11_B_XX4.pdb,/app/jobs/8926f69a/TARGET_RESULTS/MCS_Output/MCS_SDF/2q11_B_XX4_502.sdf,True,True,True,True,/app/jobs/8926f69a/TARGET_RESULTS/MCS_Output/MCS_SVG/2q11_B_XX4_502_plain.svg,/app/jobs/8926f69a/TARGET_RESULTS/MCS_Output/MCS_SVG/2q11_B_XX4_502_exposed.svg
BACE1,4j1i,A,1HH,504,C[C@]1(c2cc(NC(=O)c3ccc(C#N)cn3)ccc2F)N=C(N)O[C@@H](C(F)(F)F)[C@@H]1F,0.516,/app/jobs/8926f69a/WAR_PDB/BACE1/4j1i_A_1HH.pdb,/app/jobs/8926f69a/TARGET_RESULTS/MCS_Output/MCS_SDF/4j1i_A_1HH_504.sdf,True,True,True,True,/app/jobs/8926f69a/TARGET_RESULTS/MCS_Output/MCS_SVG/4j1i_A_1HH_504_plain.svg,/app/jobs/8926f69a/TARGET_RESULTS/MCS_Output/MCS_SVG/4j1i_A_1HH_504_exposed.svg
BACE1,4j1k,A,1HG,504,C[C@]1(c2cc(NC(=O)c3ccc(C#N)cn3)ccc2F)N=C(N)O[C@H](C(F)(F)F)[C@@H]1F,0.516,/app/jobs/8926f69a/WAR_PDB/BACE1/4j1k_A_1HG.pdb,/app/jobs/8926f69a/TARGET_RESULTS/MCS_Output/MCS_SDF/4j1k_A_1HG_504.sdf,True,True,True,True,/app/jobs/8926f69a/TARGET_RESULTS/MCS_Output/MCS_SVG/4j1k_A_1HG_504_plain.svg,/app/jobs/8926f69a/TARGET_RESULTS/MCS_Output/MCS_SVG/4j1k_A_1HG_504_exposed.svg
BACE1,4rce,A,3LN,501,CC(C)(C)COc1ccc2c(c1)[C@]1(COC(N)=N1)c1cc(-c3cncnc3)ccc1O2,0.516,/app/jobs/8926f69a/WAR_PDB/BACE1/4rce_A_3LN.pdb,/app/jobs/8926f69a/TARGET_RESULTS/MCS_Output/MCS_SDF/4rce_A_3LN_501.sdf,True,True,True,True,/app/jobs/8926f69a/TARGET_RESULTS/MCS_Output/MCS_SVG/4rce_A_3LN_501_plain.svg,/app/jobs/8926f69a/TARGET_RESULTS/MCS_Output/MCS_SVG/4rce_A_3LN_501_exposed.svg
BACE1,4h3f,B,10O,503,[H]/N=C1\N[C@@]2(c3cc(-c4cccc(C#N)c4)cs3)CN(c3cccc(OC)n3)C[C@H]2C(=O)N1C,0.515,/app/jobs/8926f69a/WAR_PDB/BACE1/4h3f_B_10O.pdb,/app/jobs/8926f69a/TARGET_RESULTS/MCS_Output/MCS_SDF/4h3f_B_10O_503.sdf,True,True,True,True,/app/jobs/8926f69a/TARGET_RESULTS/MCS_Output/MCS_SVG/4h3f_B_10O_503_plain.svg,/app/jobs/8926f69a/TARGET_RESULTS/MCS_Output/MCS_SVG/4h3f_B_10O_503_exposed.svg
BACE1,4h3g,A,10Q,502,[H]/N=C1\N[C@@]2(c3cc(-c4cccc(C#N)c4)cs3)CN(c3ncccc3C#N)C[C@H]2C(=O)N1C,0.515,/app/jobs/8926f69a/WAR_PDB/BACE1/4h3g_A_10Q.pdb,/app/jobs/8926f69a/TARGET_RESULTS/MCS_Output/MCS_SDF/4h3g_A_10Q_502.sdf,True,True,True,True,/app/jobs/8926f69a/TARGET_RESULTS/MCS_Output/MCS_SVG/4h3g_A_10Q_502_plain.svg,/app/jobs/8926f69a/TARGET_RESULTS/MCS_Output/MCS_SVG/4h3g_A_10Q_502_exposed.svg
BACE1,5qcz,A,E5V,401,COCc1cc2cc(c1)C(=O)N[C@H]([C@H](O)[C@H]1CO[C@@H](COC)CN1)Cc1cccc(c1)OCCCCN2,0.514,/app/jobs/8926f69a/WAR_PDB/BACE1/5qcz_A_E5V.pdb,/app/jobs/8926f69a/TARGET_RESULTS/MCS_Output/MCS_SDF/5qcz_A_E5V_401.sdf,True,True,True,True,/app/jobs/8926f69a/TARGET_RESULTS/MCS_Output/MCS_SVG/5qcz_A_E5V_401_plain.svg,/app/jobs/8926f69a/TARGET_RESULTS/MCS_Output/MCS_SVG/5qcz_A_E5V_401_exposed.svg
BACE1,5qcz,C,E5V,401,COCc1cc2cc(c1)C(=O)N[C@H]([C@H](O)[C@H]1CO[C@@H](COC)CN1)Cc1cccc(c1)OCCCCN2,0.514,/app/jobs/8926f69a/WAR_PDB/BACE1/5qcz_C_E5V.pdb,/app/jobs/8926f69a/TARGET_RESULTS/MCS_Output/MCS_SDF/5qcz_C_E5V_401.sdf,True,True,True,True,/app/jobs/8926f69a/TARGET_RESULTS/MCS_Output/MCS_SVG/5qcz_C_E5V_401_plain.svg,/app/jobs/8926f69a/TARGET_RESULTS/MCS_Output/MCS_SVG/5qcz_C_E5V_401_exposed.svg
BACE1,5qdb,C,BAV,401,CC(C)c1cccc(CNC[C@@H](O)[C@@H]2C[C@H](C)CCCCCCCCC(=O)N(C)[C@@H](C)C(=O)N2)c1,0.514,/app/jobs/8926f69a/WAR_PDB/BACE1/5qdb_C_BAV.pdb,/app/jobs/8926f69a/TARGET_RESULTS/MCS_Output/MCS_SDF/5qdb_C_BAV_401.sdf,True,True,True,True,/app/jobs/8926f69a/TARGET_RESULTS/MCS_Output/MCS_SVG/5qdb_C_BAV_401_plain.svg,/app/jobs/8926f69a/TARGET_RESULTS/MCS_Output/MCS_SVG/5qdb_C_BAV_401_exposed.svg
BACE1,7myu,B,ZR7,401,COc1cnc(C(=O)Nc2ccc(F)c([C@]34CN(c5ncc(F)cn5)C[C@H]3CSC(N)=N4)c2)cn1,0.514,/app/jobs/8926f69a/WAR_PDB/BACE1/7myu_B_ZR7.pdb,/app/jobs/8926f69a/TARGET_RESULTS/MCS_Output/MCS_SDF/7myu_B_ZR7_401.sdf,True,True,True,True,/app/jobs/8926f69a/TARGET_RESULTS/MCS_Output/MCS_SVG/7myu_B_ZR7_401_plain.svg,/app/jobs/8926f69a/TARGET_RESULTS/MCS_Output/MCS_SVG/7myu_B_ZR7_401_exposed.svg
BACE1,3l5e,B,BDW,455,[H]/N=C1/N[C@](CCC2CCCCC2)(CC2CCCCC2)C(=O)N1Cc1ccc(CN2C[C@H](CCC)NC2=O)cc1,0.513,/app/jobs/8926f69a/WAR_PDB/BACE1/3l5e_B_BDW.pdb,/app/jobs/8926f69a/TARGET_RESULTS/MCS_Output/MCS_SDF/3l5e_B_BDW_455.sdf,True,True,True,True,/app/jobs/8926f69a/TARGET_RESULTS/MCS_Output/MCS_SVG/3l5e_B_BDW_455_plain.svg,/app/jobs/8926f69a/TARGET_RESULTS/MCS_Output/MCS_SVG/3l5e_B_BDW_455_exposed.svg
BACE1,2f3e,C,AXQ,603,CCCCNC(=O)[C@@H](NC(=O)[C@H](C)C[C@H](O)[C@@H]1CSC/C=C/CSC[C@H](NC(=O)OC(C)(C)C)C(=O)N[C@@H](C)C(=O)N1)C(C)C,0.511,/app/jobs/8926f69a/WAR_PDB/BACE1/2f3e_C_AXQ.pdb,/app/jobs/8926f69a/TARGET_RESULTS/MCS_Output/MCS_SDF/2f3e_C_AXQ_603.sdf,True,True,True,True,/app/jobs/8926f69a/TARGET_RESULTS/MCS_Output/MCS_SVG/2f3e_C_AXQ_603_plain.svg,/app/jobs/8926f69a/TARGET_RESULTS/MCS_Output/MCS_SVG/2f3e_C_AXQ_603_exposed.svg
BACE1,2zjj,A,F1J,449,O=C(NCCS)[C@@H]1CN(Cc2ccc(F)cc2)CCN1,0.5,/app/jobs/8926f69a/WAR_PDB/BACE1/2zjj_A_F1J.pdb,/app/jobs/8926f69a/TARGET_RESULTS/MCS_Output/MCS_SDF/2zjj_A_F1J_449.sdf,True,True,True,True,/app/jobs/8926f69a/TARGET_RESULTS/MCS_Output/MCS_SVG/2zjj_A_F1J_449_plain.svg,/app/jobs/8926f69a/TARGET_RESULTS/MCS_Output/MCS_SVG/2zjj_A_F1J_449_exposed.svg
BACE1,3ind,A,593,1,CN1C(=O)[C@@](c2ccccc2)(C23CC4CC(CC(C4)C2)C3)N=C1N,0.5,/app/jobs/8926f69a/WAR_PDB/BACE1/3ind_A_593.pdb,/app/jobs/8926f69a/TARGET_RESULTS/MCS_Output/MCS_SDF/3ind_A_593_1.sdf,True,True,True,True,/app/jobs/8926f69a/TARGET_RESULTS/MCS_Output/MCS_SVG/3ind_A_593_1_plain.svg,/app/jobs/8926f69a/TARGET_RESULTS/MCS_Output/MCS_SVG/3ind_A_593_1_exposed.svg
BACE1,3l5c,B,BDQ,1,[H]/N=C1/N[C@](C)(CC(C)C)C(=O)N1Cc1ccc(CNC(=O)Nc2ccc(C#N)cc2)cc1,0.5,/app/jobs/8926f69a/WAR_PDB/BACE1/3l5c_B_BDQ.pdb,/app/jobs/8926f69a/TARGET_RESULTS/MCS_Output/MCS_SDF/3l5c_B_BDQ_1.sdf,True,True,True,True,/app/jobs/8926f69a/TARGET_RESULTS/MCS_Output/MCS_SVG/3l5c_B_BDQ_1_plain.svg,/app/jobs/8926f69a/TARGET_RESULTS/MCS_Output/MCS_SVG/3l5c_B_BDQ_1_exposed.svg
BACE1,3udq,A,09E,4000,O=C(O[C@H]1CCS(=O)(=O)c2ccc(Br)cc21)[C@H]1C[C@]2(CN1)C(=O)Nc1ccccc12,0.5,/app/jobs/8926f69a/WAR_PDB/BACE1/3udq_A_09E.pdb,/app/jobs/8926f69a/TARGET_RESULTS/MCS_Output/MCS_SDF/3udq_A_09E_4000.sdf,True,True,True,True,/app/jobs/8926f69a/TARGET_RESULTS/MCS_Output/MCS_SVG/3udq_A_09E_4000_plain.svg,/app/jobs/8926f69a/TARGET_RESULTS/MCS_Output/MCS_SVG/3udq_A_09E_4000_exposed.svg
BACE1,4b00,A,I6X,1507,CC#Cc1cncc(-c2cccc([C@@]3(c4cc(C)c(=O)n(CC)c4)N=C(N)c4c(F)cccc43)c2)c1,0.5,/app/jobs/8926f69a/WAR_PDB/BACE1/4b00_A_I6X.pdb,/app/jobs/8926f69a/TARGET_RESULTS/MCS_Output/MCS_SDF/4b00_A_I6X_1507.sdf,True,True,True,True,/app/jobs/8926f69a/TARGET_RESULTS/MCS_Output/MCS_SVG/4b00_A_I6X_1507_plain.svg,/app/jobs/8926f69a/TARGET_RESULTS/MCS_Output/MCS_SVG/4b00_A_I6X_1507_exposed.svg
BACE1,4djx,A,0KQ,501,[H]/N=C1\N[C@@](c2cccc(-c3cncc(Cl)c3)c2)(C2CC2)C(=O)N1C,0.5,/app/jobs/8926f69a/WAR_PDB/BACE1/4djx_A_0KQ.pdb,/app/jobs/8926f69a/TARGET_RESULTS/MCS_Output/MCS_SDF/4djx_A_0KQ_501.sdf,True,True,True,True,/app/jobs/8926f69a/TARGET_RESULTS/MCS_Output/MCS_SVG/4djx_A_0KQ_501_plain.svg,/app/jobs/8926f69a/TARGET_RESULTS/MCS_Output/MCS_SVG/4djx_A_0KQ_501_exposed.svg
BACE1,4fm8,A,0UQ,501,CC(C)Oc1cccc(CN2CC[C@@]3(C[C@@H]2C)CN(C)S(=O)(=O)N3c2cccc(F)c2)c1,0.5,/app/jobs/8926f69a/WAR_PDB/BACE1/4fm8_A_0UQ.pdb,/app/jobs/8926f69a/TARGET_RESULTS/MCS_Output/MCS_SDF/4fm8_A_0UQ_501.sdf,True,True,True,True,/app/jobs/8926f69a/TARGET_RESULTS/MCS_Output/MCS_SVG/4fm8_A_0UQ_501_plain.svg,/app/jobs/8926f69a/TARGET_RESULTS/MCS_Output/MCS_SVG/4fm8_A_0UQ_501_exposed.svg
BACE1,4fs4,A,H24,501,COc1cccc(-c2cccc([C@]3(C)CC(=O)N(C)C(N)=N3)c2)c1,0.5,/app/jobs/8926f69a/WAR_PDB/BACE1/4fs4_A_H24.pdb,/app/jobs/8926f69a/TARGET_RESULTS/MCS_Output/MCS_SDF/4fs4_A_H24_501.sdf,True,True,True,True,/app/jobs/8926f69a/TARGET_RESULTS/MCS_Output/MCS_SVG/4fs4_A_H24_501_plain.svg,/app/jobs/8926f69a/TARGET_RESULTS/MCS_Output/MCS_SVG/4fs4_A_H24_501_exposed.svg
BACE1,4hzt,A,0ZA,504,CC1(C)Cc2cc(Cl)ccc2C(N[C@@H](Cc2ccccc2)c2nc(=O)o[nH]2)=N1,0.5,/app/jobs/8926f69a/WAR_PDB/BACE1/4hzt_A_0ZA.pdb,/app/jobs/8926f69a/TARGET_RESULTS/MCS_Output/MCS_SDF/4hzt_A_0ZA_504.sdf,True,True,True,True,/app/jobs/8926f69a/TARGET_RESULTS/MCS_Output/MCS_SVG/4hzt_A_0ZA_504_plain.svg,/app/jobs/8926f69a/TARGET_RESULTS/MCS_Output/MCS_SVG/4hzt_A_0ZA_504_exposed.svg
BACE1,4i0e,A,1B8,504,CC1(C)Cc2cc(Cl)ccc2C(N[C@@H](Cc2c(-c3cn[nH]c3)csc2Br)C(=O)O)=N1,0.5,/app/jobs/8926f69a/WAR_PDB/BACE1/4i0e_A_1B8.pdb,/app/jobs/8926f69a/TARGET_RESULTS/MCS_Output/MCS_SDF/4i0e_A_1B8_504.sdf,True,True,True,True,/app/jobs/8926f69a/TARGET_RESULTS/MCS_Output/MCS_SVG/4i0e_A_1B8_504_plain.svg,/app/jobs/8926f69a/TARGET_RESULTS/MCS_Output/MCS_SVG/4i0e_A_1B8_504_exposed.svg
BACE1,4r8y,B,3KO,502,[H]/N=C1\N[C@](CCC2CCCCC2)(C[C@H]2CCN(C(=O)CC3CCCC3)C2)C(=O)N1C,0.5,/app/jobs/8926f69a/WAR_PDB/BACE1/4r8y_B_3KO.pdb,/app/jobs/8926f69a/TARGET_RESULTS/MCS_Output/MCS_SDF/4r8y_B_3KO_502.sdf,True,True,True,True,/app/jobs/8926f69a/TARGET_RESULTS/MCS_Output/MCS_SVG/4r8y_B_3KO_502_plain.svg,/app/jobs/8926f69a/TARGET_RESULTS/MCS_Output/MCS_SVG/4r8y_B_3KO_502_exposed.svg
BACE1,4rrn,A,3UW,502,CN1C(=O)[C@]2(N=C1N)c1cc(-c3cccnc3F)ccc1O[C@H]1CCCO[C@@H]12,0.5,/app/jobs/8926f69a/WAR_PDB/BACE1/4rrn_A_3UW.pdb,/app/jobs/8926f69a/TARGET_RESULTS/MCS_Output/MCS_SDF/4rrn_A_3UW_502.sdf,True,True,True,True,/app/jobs/8926f69a/TARGET_RESULTS/MCS_Output/MCS_SVG/4rrn_A_3UW_502_plain.svg,/app/jobs/8926f69a/TARGET_RESULTS/MCS_Output/MCS_SVG/4rrn_A_3UW_502_exposed.svg
BACE1,4wy6,A,3VP,401,NC1=N[C@@]2(c3ccc(F)cc3F)CO[C@@H](CF)C[C@H]2CS1,0.5,/app/jobs/8926f69a/WAR_PDB/BACE1/4wy6_A_3VP.pdb,/app/jobs/8926f69a/TARGET_RESULTS/MCS_Output/MCS_SDF/4wy6_A_3VP_401.sdf,True,True,True,True,/app/jobs/8926f69a/TARGET_RESULTS/MCS_Output/MCS_SVG/4wy6_A_3VP_401_plain.svg,/app/jobs/8926f69a/TARGET_RESULTS/MCS_Output/MCS_SVG/4wy6_A_3VP_401_exposed.svg
BACE1,5he7,B,60X,501,[H]/N=C1\N[C@@]2(c3ccc(F)cc3F)CN(c3nc(C)c(F)c(OC)n3)C[C@H]2C(=O)N1C,0.5,/app/jobs/8926f69a/WAR_PDB/BACE1/5he7_B_60X.pdb,/app/jobs/8926f69a/TARGET_RESULTS/MCS_Output/MCS_SDF/5he7_B_60X_501.sdf,True,True,True,True,/app/jobs/8926f69a/TARGET_RESULTS/MCS_Output/MCS_SVG/5he7_B_60X_501_plain.svg,/app/jobs/8926f69a/TARGET_RESULTS/MCS_Output/MCS_SVG/5he7_B_60X_501_exposed.svg
BACE1,5htz,B,66J,501,[H]/N=C1\N[C@](C)(c2sc(-c3cncc(C#CC)c3)cc2Cl)CS(=O)(=O)N1C,0.5,/app/jobs/8926f69a/WAR_PDB/BACE1/5htz_B_66J.pdb,/app/jobs/8926f69a/TARGET_RESULTS/MCS_Output/MCS_SDF/5htz_B_66J_501.sdf,True,True,True,True,/app/jobs/8926f69a/TARGET_RESULTS/MCS_Output/MCS_SVG/5htz_B_66J_501_plain.svg,/app/jobs/8926f69a/TARGET_RESULTS/MCS_Output/MCS_SVG/5htz_B_66J_501_exposed.svg
BACE1,5qd3,A,E6M,401,COCc1cc2cc(c1)C(=O)N[C@H]([C@H](O)CNCc1cccc(C(C)C)c1)C[C@H](C)CCCCCCCN2,0.5,/app/jobs/8926f69a/WAR_PDB/BACE1/5qd3_A_E6M.pdb,/app/jobs/8926f69a/TARGET_RESULTS/MCS_Output/MCS_SDF/5qd3_A_E6M_401.sdf,True,True,True,True,/app/jobs/8926f69a/TARGET_RESULTS/MCS_Output/MCS_SVG/5qd3_A_E6M_401_plain.svg,/app/jobs/8926f69a/TARGET_RESULTS/MCS_Output/MCS_SVG/5qd3_A_E6M_401_exposed.svg
BACE1,5qda,A,E74,401,COc1cc2cc(n1)NCCCCc1cccc(c1)C[C@@H]([C@H](O)CNCc1cccc(C(C)C)c1)NC2=O,0.5,/app/jobs/8926f69a/WAR_PDB/BACE1/5qda_A_E74.pdb,/app/jobs/8926f69a/TARGET_RESULTS/MCS_Output/MCS_SDF/5qda_A_E74_401.sdf,True,True,True,True,/app/jobs/8926f69a/TARGET_RESULTS/MCS_Output/MCS_SVG/5qda_A_E74_401_plain.svg,/app/jobs/8926f69a/TARGET_RESULTS/MCS_Output/MCS_SVG/5qda_A_E74_401_exposed.svg
BACE1,5qda,C,E74,401,COc1cc2cc(n1)NCCCCc1cccc(c1)C[C@@H]([C@H](O)CNCc1cccc(C(C)C)c1)NC2=O,0.5,/app/jobs/8926f69a/WAR_PDB/BACE1/5qda_C_E74.pdb,/app/jobs/8926f69a/TARGET_RESULTS/MCS_Output/MCS_SDF/5qda_C_E74_401.sdf,True,True,True,True,/app/jobs/8926f69a/TARGET_RESULTS/MCS_Output/MCS_SVG/5qda_C_E74_401_plain.svg,/app/jobs/8926f69a/TARGET_RESULTS/MCS_Output/MCS_SVG/5qda_C_E74_401_exposed.svg
BACE1,6uvv,A,QJV,401,CCCCNC(=O)[C@@H]1C[C@H]1[C@]12COC[C@H]1CSC(N)=N2,0.5,/app/jobs/8926f69a/WAR_PDB/BACE1/6uvv_A_QJV.pdb,/app/jobs/8926f69a/TARGET_RESULTS/MCS_Output/MCS_SDF/6uvv_A_QJV_401.sdf,True,True,True,True,/app/jobs/8926f69a/TARGET_RESULTS/MCS_Output/MCS_SVG/6uvv_A_QJV_401_plain.svg,/app/jobs/8926f69a/TARGET_RESULTS/MCS_Output/MCS_SVG/6uvv_A_QJV_401_exposed.svg
BACE1,5qd4,A,AXQ,401,CCCCNC(=O)[C@@H](NC(=O)[C@H](C)C[C@H](O)[C@@H]1CSC/C=C/CSC[C@H](NC(=O)OC(C)(C)C)C(=O)N[C@@H](C)C(=O)N1)C(C)C,0.489,/app/jobs/8926f69a/WAR_PDB/BACE1/5qd4_A_AXQ.pdb,/app/jobs/8926f69a/TARGET_RESULTS/MCS_Output/MCS_SDF/5qd4_A_AXQ_401.sdf,True,True,True,True,/app/jobs/8926f69a/TARGET_RESULTS/MCS_Output/MCS_SVG/5qd4_A_AXQ_401_plain.svg,/app/jobs/8926f69a/TARGET_RESULTS/MCS_Output/MCS_SVG/5qd4_A_AXQ_401_exposed.svg
BACE1,3l5e,A,BDW,1,[H]/N=C1/N[C@](CCC2CCCCC2)(CC2CCCCC2)C(=O)N1Cc1ccc(CN2C[C@H](CCC)NC2=O)cc1,0.487,/app/jobs/8926f69a/WAR_PDB/BACE1/3l5e_A_BDW.pdb,/app/jobs/8926f69a/TARGET_RESULTS/MCS_Output/MCS_SDF/3l5e_A_BDW_1.sdf,True,True,True,True,/app/jobs/8926f69a/TARGET_RESULTS/MCS_Output/MCS_SVG/3l5e_A_BDW_1_plain.svg,/app/jobs/8926f69a/TARGET_RESULTS/MCS_Output/MCS_SVG/3l5e_A_BDW_1_exposed.svg
BACE1,3dv5,A,BAV,501,CC(C)c1cccc(CNC[C@@H](O)[C@@H]2C[C@H](C)CCCCCCCCC(=O)N(C)[C@@H](C)C(=O)N2)c1,0.486,/app/jobs/8926f69a/WAR_PDB/BACE1/3dv5_A_BAV.pdb,/app/jobs/8926f69a/TARGET_RESULTS/MCS_Output/MCS_SDF/3dv5_A_BAV_501.sdf,True,True,True,True,/app/jobs/8926f69a/TARGET_RESULTS/MCS_Output/MCS_SVG/3dv5_A_BAV_501_plain.svg,/app/jobs/8926f69a/TARGET_RESULTS/MCS_Output/MCS_SVG/3dv5_A_BAV_501_exposed.svg
BACE1,3dv5,C,BAV,501,CC(C)c1cccc(CNC[C@@H](O)[C@@H]2C[C@H](C)CCCCCCCCC(=O)N(C)[C@@H](C)C(=O)N2)c1,0.486,/app/jobs/8926f69a/WAR_PDB/BACE1/3dv5_C_BAV.pdb,/app/jobs/8926f69a/TARGET_RESULTS/MCS_Output/MCS_SDF/3dv5_C_BAV_501.sdf,True,True,True,True,/app/jobs/8926f69a/TARGET_RESULTS/MCS_Output/MCS_SVG/3dv5_C_BAV_501_plain.svg,/app/jobs/8926f69a/TARGET_RESULTS/MCS_Output/MCS_SVG/3dv5_C_BAV_501_exposed.svg
BACE1,3k5d,A,XLI,393,CCCCNC(=O)[C@H](C)C[C@H](O)[C@H](CC(C)C)NC(=O)[C@H](CCSC)NC(=O)[C@H](CC(C)C)NC(C)=O,0.486,/app/jobs/8926f69a/WAR_PDB/BACE1/3k5d_A_XLI.pdb,/app/jobs/8926f69a/TARGET_RESULTS/MCS_Output/MCS_SDF/3k5d_A_XLI_393.sdf,True,True,True,True,/app/jobs/8926f69a/TARGET_RESULTS/MCS_Output/MCS_SVG/3k5d_A_XLI_393_plain.svg,/app/jobs/8926f69a/TARGET_RESULTS/MCS_Output/MCS_SVG/3k5d_A_XLI_393_exposed.svg
BACE1,3k5d,C,XLI,393,CCCCNC(=O)[C@H](C)C[C@H](O)[C@H](CC(C)C)NC(=O)[C@H](CCSC)NC(=O)[C@H](CC(C)C)NC(C)=O,0.486,/app/jobs/8926f69a/WAR_PDB/BACE1/3k5d_C_XLI.pdb,/app/jobs/8926f69a/TARGET_RESULTS/MCS_Output/MCS_SDF/3k5d_C_XLI_393.sdf,True,True,True,True,/app/jobs/8926f69a/TARGET_RESULTS/MCS_Output/MCS_SVG/3k5d_C_XLI_393_plain.svg,/app/jobs/8926f69a/TARGET_RESULTS/MCS_Output/MCS_SVG/3k5d_C_XLI_393_exposed.svg
BACE1,3vg1,A,0GT,401,CC(C)(C)c1cccc(CN[C@H]2CS(=O)(=O)C[C@@H](Cc3ccc4[nH]cc(CC(F)F)c4c3)[C@@H]2O)c1,0.486,/app/jobs/8926f69a/WAR_PDB/BACE1/3vg1_A_0GT.pdb,/app/jobs/8926f69a/TARGET_RESULTS/MCS_Output/MCS_SDF/3vg1_A_0GT_401.sdf,True,True,True,True,/app/jobs/8926f69a/TARGET_RESULTS/MCS_Output/MCS_SVG/3vg1_A_0GT_401_plain.svg,/app/jobs/8926f69a/TARGET_RESULTS/MCS_Output/MCS_SVG/3vg1_A_0GT_401_exposed.svg
BACE1,5qdb,B,BAV,401,CC(C)c1cccc(CNC[C@@H](O)[C@@H]2C[C@H](C)CCCCCCCCC(=O)N(C)[C@@H](C)C(=O)N2)c1,0.486,/app/jobs/8926f69a/WAR_PDB/BACE1/5qdb_B_BAV.pdb,/app/jobs/8926f69a/TARGET_RESULTS/MCS_Output/MCS_SDF/5qdb_B_BAV_401.sdf,True,True,True,True,/app/jobs/8926f69a/TARGET_RESULTS/MCS_Output/MCS_SVG/5qdb_B_BAV_401_plain.svg,/app/jobs/8926f69a/TARGET_RESULTS/MCS_Output/MCS_SVG/5qdb_B_BAV_401_exposed.svg
BACE1,6wny,A,U64,501,C[C@]1(c2cc(/C=C(\F)c3ccc(C#N)cn3)ccc2F)N=C(N)S[C@@]2(C(=O)N3CCOCC3)C[C@H]21,0.486,/app/jobs/8926f69a/WAR_PDB/BACE1/6wny_A_U64.pdb,/app/jobs/8926f69a/TARGET_RESULTS/MCS_Output/MCS_SDF/6wny_A_U64_501.sdf,True,True,True,True,/app/jobs/8926f69a/TARGET_RESULTS/MCS_Output/MCS_SVG/6wny_A_U64_501_plain.svg,/app/jobs/8926f69a/TARGET_RESULTS/MCS_Output/MCS_SVG/6wny_A_U64_501_exposed.svg
BACE1,3rvi,A,RVI,402,CCC[C@H](Cc1cc2cc(-c3ccccc3C)ccc2nc1N)C(=O)NCC1CCCCC1,0.485,/app/jobs/8926f69a/WAR_PDB/BACE1/3rvi_A_RVI.pdb,/app/jobs/8926f69a/TARGET_RESULTS/MCS_Output/MCS_SDF/3rvi_A_RVI_402.sdf,True,True,True,True,/app/jobs/8926f69a/TARGET_RESULTS/MCS_Output/MCS_SVG/3rvi_A_RVI_402_plain.svg,/app/jobs/8926f69a/TARGET_RESULTS/MCS_Output/MCS_SVG/3rvi_A_RVI_402_exposed.svg
BACE1,4rcf,A,3LO,404,NC1=N[C@@]2(CO1)c1cc(-c3cccnc3F)ccc1Oc1c(F)cc(C3=CCOCC3)cc12,0.485,/app/jobs/8926f69a/WAR_PDB/BACE1/4rcf_A_3LO.pdb,/app/jobs/8926f69a/TARGET_RESULTS/MCS_Output/MCS_SDF/4rcf_A_3LO_404.sdf,True,True,True,True,/app/jobs/8926f69a/TARGET_RESULTS/MCS_Output/MCS_SVG/4rcf_A_3LO_404_plain.svg,/app/jobs/8926f69a/TARGET_RESULTS/MCS_Output/MCS_SVG/4rcf_A_3LO_404_exposed.svg
BACE1,7d5a,A,GX6,504,CC#C[C@]1(c2cc(NC(=O)c3ccc(C#N)cn3)ccc2F)N=C(N)OCC12CC(F)(F)C2,0.485,/app/jobs/8926f69a/WAR_PDB/BACE1/7d5a_A_GX6.pdb,/app/jobs/8926f69a/TARGET_RESULTS/MCS_Output/MCS_SDF/7d5a_A_GX6_504.sdf,True,True,True,True,/app/jobs/8926f69a/TARGET_RESULTS/MCS_Output/MCS_SVG/7d5a_A_GX6_504_plain.svg,/app/jobs/8926f69a/TARGET_RESULTS/MCS_Output/MCS_SVG/7d5a_A_GX6_504_exposed.svg
BACE1,3vf3,A,0GS,401,CC(F)(F)c1cccc(CN[C@H]2CS(=O)(=O)C[C@@H](Cc3cc(F)c(N)c(Br)c3)[C@@H]2O)c1,0.484,/app/jobs/8926f69a/WAR_PDB/BACE1/3vf3_A_0GS.pdb,/app/jobs/8926f69a/TARGET_RESULTS/MCS_Output/MCS_SDF/3vf3_A_0GS_401.sdf,True,True,True,True,/app/jobs/8926f69a/TARGET_RESULTS/MCS_Output/MCS_SVG/3vf3_A_0GS_401_plain.svg,/app/jobs/8926f69a/TARGET_RESULTS/MCS_Output/MCS_SVG/3vf3_A_0GS_401_exposed.svg
BACE1,5qcw,A,AR9,401,CCCCNC(=O)[C@H](C)C[C@H](O)[C@@H]1C[C@H](C)CCCCCCCC(=O)N[C@@H](C)C(=O)N1,0.484,/app/jobs/8926f69a/WAR_PDB/BACE1/5qcw_A_AR9.pdb,/app/jobs/8926f69a/TARGET_RESULTS/MCS_Output/MCS_SDF/5qcw_A_AR9_401.sdf,True,True,True,True,/app/jobs/8926f69a/TARGET_RESULTS/MCS_Output/MCS_SVG/5qcw_A_AR9_401_plain.svg,/app/jobs/8926f69a/TARGET_RESULTS/MCS_Output/MCS_SVG/5qcw_A_AR9_401_exposed.svg
BACE1,3pi5,C,3P5,387,O=S1(=O)C[C@@H](Cc2ccc(O)c(Br)c2)[C@H](O)[C@@H](NCc2cccc(C3CC3)c2)C1,0.483,/app/jobs/8926f69a/WAR_PDB/BACE1/3pi5_C_3P5.pdb,/app/jobs/8926f69a/TARGET_RESULTS/MCS_Output/MCS_SDF/3pi5_C_3P5_387.sdf,True,True,True,True,/app/jobs/8926f69a/TARGET_RESULTS/MCS_Output/MCS_SVG/3pi5_C_3P5_387_plain.svg,/app/jobs/8926f69a/TARGET_RESULTS/MCS_Output/MCS_SVG/3pi5_C_3P5_387_exposed.svg
BACE1,3rtn,A,RTN,401,Cc1ccccc1-c1ccc2nc(N)c(CCC(=O)NC3CCCCC3)cc2c1,0.483,/app/jobs/8926f69a/WAR_PDB/BACE1/3rtn_A_RTN.pdb,/app/jobs/8926f69a/TARGET_RESULTS/MCS_Output/MCS_SDF/3rtn_A_RTN_401.sdf,True,True,True,True,/app/jobs/8926f69a/TARGET_RESULTS/MCS_Output/MCS_SVG/3rtn_A_RTN_401_plain.svg,/app/jobs/8926f69a/TARGET_RESULTS/MCS_Output/MCS_SVG/3rtn_A_RTN_401_exposed.svg
BACE1,5hdv,A,60V,501,[H]/N=C1\N[C@@]2(c3ccc(C#N)s3)CN(c3nc(C)c(F)c(OC)n3)C[C@H]2C(=O)N1C,0.483,/app/jobs/8926f69a/WAR_PDB/BACE1/5hdv_A_60V.pdb,/app/jobs/8926f69a/TARGET_RESULTS/MCS_Output/MCS_SDF/5hdv_A_60V_501.sdf,True,True,True,True,/app/jobs/8926f69a/TARGET_RESULTS/MCS_Output/MCS_SVG/5hdv_A_60V_501_plain.svg,/app/jobs/8926f69a/TARGET_RESULTS/MCS_Output/MCS_SVG/5hdv_A_60V_501_exposed.svg
BACE1,5hdv,B,60V,502,[H]/N=C1\N[C@@]2(c3ccc(C#N)s3)CN(c3nc(C)c(F)c(OC)n3)C[C@H]2C(=O)N1C,0.483,/app/jobs/8926f69a/WAR_PDB/BACE1/5hdv_B_60V.pdb,/app/jobs/8926f69a/TARGET_RESULTS/MCS_Output/MCS_SDF/5hdv_B_60V_502.sdf,True,True,True,True,/app/jobs/8926f69a/TARGET_RESULTS/MCS_Output/MCS_SVG/5hdv_B_60V_502_plain.svg,/app/jobs/8926f69a/TARGET_RESULTS/MCS_Output/MCS_SVG/5hdv_B_60V_502_exposed.svg
BACE1,1xs7,D,MMI,386,CC(C)C[C@H](NC(=O)[C@@H]1CC(=O)NCCCCCCOC(=O)N[C@@H](C(C)C)C(=O)N1)[C@@H](O)C[C@@H](C)C(=O)N[C@H](C(=O)NCc1ccccc1)C(C)C,0.481,/app/jobs/8926f69a/WAR_PDB/BACE1/1xs7_D_MMI.pdb,/app/jobs/8926f69a/TARGET_RESULTS/MCS_Output/MCS_SDF/1xs7_D_MMI_386.sdf,True,True,True,True,/app/jobs/8926f69a/TARGET_RESULTS/MCS_Output/MCS_SVG/1xs7_D_MMI_386_plain.svg,/app/jobs/8926f69a/TARGET_RESULTS/MCS_Output/MCS_SVG/1xs7_D_MMI_386_exposed.svg
BACE1,2ohs,A,9IP,389,COc1cncc(-c2cccc(CNc3cccnc3N)c2)c1,0.476,/app/jobs/8926f69a/WAR_PDB/BACE1/2ohs_A_9IP.pdb,/app/jobs/8926f69a/TARGET_RESULTS/MCS_Output/MCS_SDF/2ohs_A_9IP_389.sdf,True,True,True,True,/app/jobs/8926f69a/TARGET_RESULTS/MCS_Output/MCS_SVG/2ohs_A_9IP_389_plain.svg,/app/jobs/8926f69a/TARGET_RESULTS/MCS_Output/MCS_SVG/2ohs_A_9IP_389_exposed.svg
BACE1,3k5c,A,0BI,387,COCc1cc2cc(c1)C(=O)N[C@H]([C@H](O)CNC1(c3cccc(C(C)C)c3)CC1)Cc1cccc(c1)OCCCCN2,0.476,/app/jobs/8926f69a/WAR_PDB/BACE1/3k5c_A_0BI.pdb,/app/jobs/8926f69a/TARGET_RESULTS/MCS_Output/MCS_SDF/3k5c_A_0BI_387.sdf,True,True,True,True,/app/jobs/8926f69a/TARGET_RESULTS/MCS_Output/MCS_SVG/3k5c_A_0BI_387_plain.svg,/app/jobs/8926f69a/TARGET_RESULTS/MCS_Output/MCS_SVG/3k5c_A_0BI_387_exposed.svg
BACE1,5qco,A,E4A,401,CC(=O)c1cc2cc(c1)C(=O)N[C@H]([C@H](O)CNC1(c3cccc(C(C)C)c3)CC1)Cc1cccc(c1)OCCCCN2,0.476,/app/jobs/8926f69a/WAR_PDB/BACE1/5qco_A_E4A.pdb,/app/jobs/8926f69a/TARGET_RESULTS/MCS_Output/MCS_SDF/5qco_A_E4A_401.sdf,True,True,True,True,/app/jobs/8926f69a/TARGET_RESULTS/MCS_Output/MCS_SVG/5qco_A_E4A_401_plain.svg,/app/jobs/8926f69a/TARGET_RESULTS/MCS_Output/MCS_SVG/5qco_A_E4A_401_exposed.svg
BACE1,5qco,C,E4A,401,CC(=O)c1cc2cc(c1)C(=O)N[C@H]([C@H](O)CNC1(c3cccc(C(C)C)c3)CC1)Cc1cccc(c1)OCCCCN2,0.476,/app/jobs/8926f69a/WAR_PDB/BACE1/5qco_C_E4A.pdb,/app/jobs/8926f69a/TARGET_RESULTS/MCS_Output/MCS_SDF/5qco_C_E4A_401.sdf,True,True,True,True,/app/jobs/8926f69a/TARGET_RESULTS/MCS_Output/MCS_SVG/5qco_C_E4A_401_plain.svg,/app/jobs/8926f69a/TARGET_RESULTS/MCS_Output/MCS_SVG/5qco_C_E4A_401_exposed.svg
BACE1,6uvy,B,QJP,401,C[C@@H]1C[C@H]1CNC(=O)[C@@H]1C[C@H]1[C@]12COC[C@H]1CSC(N)=N2,0.476,/app/jobs/8926f69a/WAR_PDB/BACE1/6uvy_B_QJP.pdb,/app/jobs/8926f69a/TARGET_RESULTS/MCS_Output/MCS_SDF/6uvy_B_QJP_401.sdf,True,True,True,True,/app/jobs/8926f69a/TARGET_RESULTS/MCS_Output/MCS_SVG/6uvy_B_QJP_401_plain.svg,/app/jobs/8926f69a/TARGET_RESULTS/MCS_Output/MCS_SVG/6uvy_B_QJP_401_exposed.svg
BACE1,7myi,A,ZQS,401,NC1=N[C@@]2(c3cccs3)CN(c3ncccn3)C[C@H]2CS1,0.476,/app/jobs/8926f69a/WAR_PDB/BACE1/7myi_A_ZQS.pdb,/app/jobs/8926f69a/TARGET_RESULTS/MCS_Output/MCS_SDF/7myi_A_ZQS_401.sdf,True,True,True,True,/app/jobs/8926f69a/TARGET_RESULTS/MCS_Output/MCS_SVG/7myi_A_ZQS_401_plain.svg,/app/jobs/8926f69a/TARGET_RESULTS/MCS_Output/MCS_SVG/7myi_A_ZQS_401_exposed.svg
BACE1,3ckp,A,012,501,COc1cccc(CN2C[C@@H](C(=O)N[C@@H](Cc3ccccc3)[C@H](O)CNCc3cccc(N(C)C)c3)NC2=O)c1,0.475,/app/jobs/8926f69a/WAR_PDB/BACE1/3ckp_A_012.pdb,/app/jobs/8926f69a/TARGET_RESULTS/MCS_Output/MCS_SDF/3ckp_A_012_501.sdf,True,True,True,True,/app/jobs/8926f69a/TARGET_RESULTS/MCS_Output/MCS_SVG/3ckp_A_012_501_plain.svg,/app/jobs/8926f69a/TARGET_RESULTS/MCS_Output/MCS_SVG/3ckp_A_012_501_exposed.svg
BACE1,3ckp,B,012,502,COc1cccc(CN2C[C@@H](C(=O)N[C@@H](Cc3ccccc3)[C@H](O)CNCc3cccc(N(C)C)c3)NC2=O)c1,0.475,/app/jobs/8926f69a/WAR_PDB/BACE1/3ckp_B_012.pdb,/app/jobs/8926f69a/TARGET_RESULTS/MCS_Output/MCS_SDF/3ckp_B_012_502.sdf,True,True,True,True,/app/jobs/8926f69a/TARGET_RESULTS/MCS_Output/MCS_SVG/3ckp_B_012_502_plain.svg,/app/jobs/8926f69a/TARGET_RESULTS/MCS_Output/MCS_SVG/3ckp_B_012_502_exposed.svg
BACE1,4lxk,B,1YT,502,COC[C@@H](Oc1cc(C[C@@H]2C[S@@](=O)C[C@H](NCc3cccc(C(C)(C)C)c3)[C@H]2O)cc(F)c1N)C(F)(F)F,0.474,/app/jobs/8926f69a/WAR_PDB/BACE1/4lxk_B_1YT.pdb,/app/jobs/8926f69a/TARGET_RESULTS/MCS_Output/MCS_SDF/4lxk_B_1YT_502.sdf,True,True,True,True,/app/jobs/8926f69a/TARGET_RESULTS/MCS_Output/MCS_SVG/4lxk_B_1YT_502_plain.svg,/app/jobs/8926f69a/TARGET_RESULTS/MCS_Output/MCS_SVG/4lxk_B_1YT_502_exposed.svg
BACE1,5qd1,A,E61,401,COCc1cc2cc(c1)C(=O)N[C@H]([C@H](O)CNCc1cccc(C(C)C)c1)C[C@H](C)CCOCCCCN2,0.474,/app/jobs/8926f69a/WAR_PDB/BACE1/5qd1_A_E61.pdb,/app/jobs/8926f69a/TARGET_RESULTS/MCS_Output/MCS_SDF/5qd1_A_E61_401.sdf,True,True,True,True,/app/jobs/8926f69a/TARGET_RESULTS/MCS_Output/MCS_SVG/5qd1_A_E61_401_plain.svg,/app/jobs/8926f69a/TARGET_RESULTS/MCS_Output/MCS_SVG/5qd1_A_E61_401_exposed.svg
BACE1,5qd1,C,E61,401,COCc1cc2cc(c1)C(=O)N[C@H]([C@H](O)CNCc1cccc(C(C)C)c1)C[C@H](C)CCOCCCCN2,0.474,/app/jobs/8926f69a/WAR_PDB/BACE1/5qd1_C_E61.pdb,/app/jobs/8926f69a/TARGET_RESULTS/MCS_Output/MCS_SDF/5qd1_C_E61_401.sdf,True,True,True,True,/app/jobs/8926f69a/TARGET_RESULTS/MCS_Output/MCS_SVG/5qd1_C_E61_401_plain.svg,/app/jobs/8926f69a/TARGET_RESULTS/MCS_Output/MCS_SVG/5qd1_C_E61_401_exposed.svg
BACE1,5qd5,B,E6P,401,CC(C)c1cccc(CNC[C@@H](O)[C@@H]2C[C@H](C)CCOCCCCNc3cc(cc(Cl)n3)C(=O)N2)c1,0.472,/app/jobs/8926f69a/WAR_PDB/BACE1/5qd5_B_E6P.pdb,/app/jobs/8926f69a/TARGET_RESULTS/MCS_Output/MCS_SDF/5qd5_B_E6P_401.sdf,True,True,True,True,/app/jobs/8926f69a/TARGET_RESULTS/MCS_Output/MCS_SVG/5qd5_B_E6P_401_plain.svg,/app/jobs/8926f69a/TARGET_RESULTS/MCS_Output/MCS_SVG/5qd5_B_E6P_401_exposed.svg
BACE1,7n66,A,0EW,510,CCS(=O)(=O)[C@]1(C)CC[C@@](CF)(c2cc(NC(=O)c3cc4c(cn3)OC(F)(F)O4)ccc2F)N=C1N,0.472,/app/jobs/8926f69a/WAR_PDB/BACE1/7n66_A_0EW.pdb,/app/jobs/8926f69a/TARGET_RESULTS/MCS_Output/MCS_SDF/7n66_A_0EW_510.sdf,True,True,True,True,/app/jobs/8926f69a/TARGET_RESULTS/MCS_Output/MCS_SVG/7n66_A_0EW_510_plain.svg,/app/jobs/8926f69a/TARGET_RESULTS/MCS_Output/MCS_SVG/7n66_A_0EW_510_exposed.svg
BACE1,3l59,A,BDJ,1,[H]/N=C1/NC(C)(C)C(=O)N1Cc1cccc(Cl)c1,0.471,/app/jobs/8926f69a/WAR_PDB/BACE1/3l59_A_BDJ.pdb,/app/jobs/8926f69a/TARGET_RESULTS/MCS_Output/MCS_SDF/3l59_A_BDJ_1.sdf,True,True,True,True,/app/jobs/8926f69a/TARGET_RESULTS/MCS_Output/MCS_SVG/3l59_A_BDJ_1_plain.svg,/app/jobs/8926f69a/TARGET_RESULTS/MCS_Output/MCS_SVG/3l59_A_BDJ_1_exposed.svg
BACE1,3ufl,A,508,449,O=C([C@@H]1CNC[C@]12CCCc1ccccc12)N1CC[C@@H](c2ccccc2)C[C@H]1c1ccccc1,0.471,/app/jobs/8926f69a/WAR_PDB/BACE1/3ufl_A_508.pdb,/app/jobs/8926f69a/TARGET_RESULTS/MCS_Output/MCS_SDF/3ufl_A_508_449.sdf,True,True,True,True,/app/jobs/8926f69a/TARGET_RESULTS/MCS_Output/MCS_SVG/3ufl_A_508_449_plain.svg,/app/jobs/8926f69a/TARGET_RESULTS/MCS_Output/MCS_SVG/3ufl_A_508_449_exposed.svg
BACE1,5hdu,B,60W,502,[H]/N=C1\N[C@@]2(c3cc(-c4cccc(C#N)c4)cs3)CN(c3ncc(F)c(OC)n3)C[C@H]2C(=O)N1C,0.471,/app/jobs/8926f69a/WAR_PDB/BACE1/5hdu_B_60W.pdb,/app/jobs/8926f69a/TARGET_RESULTS/MCS_Output/MCS_SDF/5hdu_B_60W_502.sdf,True,True,True,True,/app/jobs/8926f69a/TARGET_RESULTS/MCS_Output/MCS_SVG/5hdu_B_60W_502_plain.svg,/app/jobs/8926f69a/TARGET_RESULTS/MCS_Output/MCS_SVG/5hdu_B_60W_502_exposed.svg
BACE1,3rsv,A,3RS,400,Cc1ccccc1-c1ccc2nc(N)c(C[C@@H](C)C(=O)N[C@@H]3CCOC(C)(C)C3)cc2c1,0.469,/app/jobs/8926f69a/WAR_PDB/BACE1/3rsv_A_3RS.pdb,/app/jobs/8926f69a/TARGET_RESULTS/MCS_Output/MCS_SDF/3rsv_A_3RS_400.sdf,True,True,True,True,/app/jobs/8926f69a/TARGET_RESULTS/MCS_Output/MCS_SVG/3rsv_A_3RS_400_plain.svg,/app/jobs/8926f69a/TARGET_RESULTS/MCS_Output/MCS_SVG/3rsv_A_3RS_400_exposed.svg
BACE1,5ygx,A,0B5,509,CC(F)(F)[C@H]1OC(N)=N[C@](C)(c2cc(NC(=O)c3cnc(OCF)cn3)ccc2F)[C@H]1F,0.469,/app/jobs/8926f69a/WAR_PDB/BACE1/5ygx_A_0B5.pdb,/app/jobs/8926f69a/TARGET_RESULTS/MCS_Output/MCS_SDF/5ygx_A_0B5_509.sdf,True,True,True,True,/app/jobs/8926f69a/TARGET_RESULTS/MCS_Output/MCS_SVG/5ygx_A_0B5_509_plain.svg,/app/jobs/8926f69a/TARGET_RESULTS/MCS_Output/MCS_SVG/5ygx_A_0B5_509_exposed.svg
BACE1,2hm1,A,LIQ,801,CCCCCS(=O)(=O)C[C@@H](NC(=O)c1cccnc1)C(=O)N[C@@H](Cc1cc(F)cc(F)c1)[C@H](O)CNCc1cccc(CC)c1,0.467,/app/jobs/8926f69a/WAR_PDB/BACE1/2hm1_A_LIQ.pdb,/app/jobs/8926f69a/TARGET_RESULTS/MCS_Output/MCS_SDF/2hm1_A_LIQ_801.sdf,True,True,True,True,/app/jobs/8926f69a/TARGET_RESULTS/MCS_Output/MCS_SVG/2hm1_A_LIQ_801_plain.svg,/app/jobs/8926f69a/TARGET_RESULTS/MCS_Output/MCS_SVG/2hm1_A_LIQ_801_exposed.svg
BACE1,3ckr,A,009,501,CN(C)c1cccc(CNC[C@@H](O)[C@H](Cc2ccccc2)NC(=O)[C@]2(Cc3ccccc3)CN(Cc3ccccc3)C(=O)N2)c1,0.467,/app/jobs/8926f69a/WAR_PDB/BACE1/3ckr_A_009.pdb,/app/jobs/8926f69a/TARGET_RESULTS/MCS_Output/MCS_SDF/3ckr_A_009_501.sdf,True,True,True,True,/app/jobs/8926f69a/TARGET_RESULTS/MCS_Output/MCS_SVG/3ckr_A_009_501_plain.svg,/app/jobs/8926f69a/TARGET_RESULTS/MCS_Output/MCS_SVG/3ckr_A_009_501_exposed.svg
BACE1,6c2i,A,EJ7,407,COc1cnc(C(=O)Nc2ccc(F)c([C@@]3(C)N=C(N)O[C@@H]4C[C@@H]43)c2)cn1,0.467,/app/jobs/8926f69a/WAR_PDB/BACE1/6c2i_A_EJ7.pdb,/app/jobs/8926f69a/TARGET_RESULTS/MCS_Output/MCS_SDF/6c2i_A_EJ7_407.sdf,True,True,True,True,/app/jobs/8926f69a/TARGET_RESULTS/MCS_Output/MCS_SVG/6c2i_A_EJ7_407_plain.svg,/app/jobs/8926f69a/TARGET_RESULTS/MCS_Output/MCS_SVG/6c2i_A_EJ7_407_exposed.svg
BACE1,4n00,A,2EX,502,CN1C(=O)[C@]2(N=C1N)c1cc(-c3cccnc3F)ccc1O[C@H]1CCOC[C@@H]12,0.464,/app/jobs/8926f69a/WAR_PDB/BACE1/4n00_A_2EX.pdb,/app/jobs/8926f69a/TARGET_RESULTS/MCS_Output/MCS_SDF/4n00_A_2EX_502.sdf,True,True,True,True,/app/jobs/8926f69a/TARGET_RESULTS/MCS_Output/MCS_SVG/4n00_A_2EX_502_plain.svg,/app/jobs/8926f69a/TARGET_RESULTS/MCS_Output/MCS_SVG/4n00_A_2EX_502_exposed.svg
BACE1,6uwv,A,QK7,401,C[C@@H]1C[C@H]1COC(C)(C)[C@@H]1C[C@H]1[C@]12CN(c3ncccn3)C[C@H]1CSC(N)=N2,0.464,/app/jobs/8926f69a/WAR_PDB/BACE1/6uwv_A_QK7.pdb,/app/jobs/8926f69a/TARGET_RESULTS/MCS_Output/MCS_SDF/6uwv_A_QK7_401.sdf,True,True,True,True,/app/jobs/8926f69a/TARGET_RESULTS/MCS_Output/MCS_SVG/6uwv_A_QK7_401_plain.svg,/app/jobs/8926f69a/TARGET_RESULTS/MCS_Output/MCS_SVG/6uwv_A_QK7_401_exposed.svg
BACE1,4ke1,A,1R6,404,CCc1ccc2c(c1)[C@@H](NC[C@@H](O)[C@@H]1Cc3cccc(c3)CCCCn3cc(ccc3=O)C(=O)N1)CC1(CCC1)O2,0.463,/app/jobs/8926f69a/WAR_PDB/BACE1/4ke1_A_1R6.pdb,/app/jobs/8926f69a/TARGET_RESULTS/MCS_Output/MCS_SDF/4ke1_A_1R6_404.sdf,True,True,True,True,/app/jobs/8926f69a/TARGET_RESULTS/MCS_Output/MCS_SVG/4ke1_A_1R6_404_plain.svg,/app/jobs/8926f69a/TARGET_RESULTS/MCS_Output/MCS_SVG/4ke1_A_1R6_404_exposed.svg
BACE1,4lxa,A,1YS,501,CC(C)(C)c1cccc(CN[C@H]2C[S@](=O)C[C@@H](Cc3cc(F)c(N)c(OC(C(F)(F)F)C(F)(F)F)c3)[C@@H]2O)c1,0.462,/app/jobs/8926f69a/WAR_PDB/BACE1/4lxa_A_1YS.pdb,/app/jobs/8926f69a/TARGET_RESULTS/MCS_Output/MCS_SDF/4lxa_A_1YS_501.sdf,True,True,True,True,/app/jobs/8926f69a/TARGET_RESULTS/MCS_Output/MCS_SVG/4lxa_A_1YS_501_plain.svg,/app/jobs/8926f69a/TARGET_RESULTS/MCS_Output/MCS_SVG/4lxa_A_1YS_501_exposed.svg
BACE1,4lxa,B,1YS,502,CC(C)(C)c1cccc(CN[C@H]2C[S@](=O)C[C@@H](Cc3cc(F)c(N)c(OC(C(F)(F)F)C(F)(F)F)c3)[C@@H]2O)c1,0.462,/app/jobs/8926f69a/WAR_PDB/BACE1/4lxa_B_1YS.pdb,/app/jobs/8926f69a/TARGET_RESULTS/MCS_Output/MCS_SDF/4lxa_B_1YS_502.sdf,True,True,True,True,/app/jobs/8926f69a/TARGET_RESULTS/MCS_Output/MCS_SVG/4lxa_B_1YS_502_plain.svg,/app/jobs/8926f69a/TARGET_RESULTS/MCS_Output/MCS_SVG/4lxa_B_1YS_502_exposed.svg
BACE1,3ivi,A,2LI,1,CC(=O)N[C@@H](Cc1cc(F)cc(F)c1)[C@H](O)CN[C@@]1(c2cccc(C(C)(C)C)c2)CCc2[nH]ncc2C1,0.459,/app/jobs/8926f69a/WAR_PDB/BACE1/3ivi_A_2LI.pdb,/app/jobs/8926f69a/TARGET_RESULTS/MCS_Output/MCS_SDF/3ivi_A_2LI_1.sdf,True,True,True,True,/app/jobs/8926f69a/TARGET_RESULTS/MCS_Output/MCS_SVG/3ivi_A_2LI_1_plain.svg,/app/jobs/8926f69a/TARGET_RESULTS/MCS_Output/MCS_SVG/3ivi_A_2LI_1_exposed.svg
BACE1,3ivi,B,2LI,2,CC(=O)N[C@@H](Cc1cc(F)cc(F)c1)[C@H](O)CN[C@@]1(c2cccc(C(C)(C)C)c2)CCc2[nH]ncc2C1,0.459,/app/jobs/8926f69a/WAR_PDB/BACE1/3ivi_B_2LI.pdb,/app/jobs/8926f69a/TARGET_RESULTS/MCS_Output/MCS_SDF/3ivi_B_2LI_2.sdf,True,True,True,True,/app/jobs/8926f69a/TARGET_RESULTS/MCS_Output/MCS_SVG/3ivi_B_2LI_2_plain.svg,/app/jobs/8926f69a/TARGET_RESULTS/MCS_Output/MCS_SVG/3ivi_B_2LI_2_exposed.svg
BACE1,5qcv,C,E5A,401,CC(C)c1cccc(CNC[C@@H](O)[C@@H]2Cc3cccc(c3)OCCCCCC(=O)N(C)[C@@H](C)C(=O)N2)c1,0.459,/app/jobs/8926f69a/WAR_PDB/BACE1/5qcv_C_E5A.pdb,/app/jobs/8926f69a/TARGET_RESULTS/MCS_Output/MCS_SDF/5qcv_C_E5A_401.sdf,True,True,True,True,/app/jobs/8926f69a/TARGET_RESULTS/MCS_Output/MCS_SVG/5qcv_C_E5A_401_plain.svg,/app/jobs/8926f69a/TARGET_RESULTS/MCS_Output/MCS_SVG/5qcv_C_E5A_401_exposed.svg
BACE1,3kn0,A,3TO,501,CN(Cc1cccc(CCc2cccnc2N)c1)Cc1ccco1,0.458,/app/jobs/8926f69a/WAR_PDB/BACE1/3kn0_A_3TO.pdb,/app/jobs/8926f69a/TARGET_RESULTS/MCS_Output/MCS_SDF/3kn0_A_3TO_501.sdf,True,True,True,True,/app/jobs/8926f69a/TARGET_RESULTS/MCS_Output/MCS_SVG/3kn0_A_3TO_501_plain.svg,/app/jobs/8926f69a/TARGET_RESULTS/MCS_Output/MCS_SVG/3kn0_A_3TO_501_exposed.svg
BACE1,3kn0,B,3TO,501,CN(Cc1cccc(CCc2cccnc2N)c1)Cc1ccco1,0.458,/app/jobs/8926f69a/WAR_PDB/BACE1/3kn0_B_3TO.pdb,/app/jobs/8926f69a/TARGET_RESULTS/MCS_Output/MCS_SDF/3kn0_B_3TO_501.sdf,True,True,True,True,/app/jobs/8926f69a/TARGET_RESULTS/MCS_Output/MCS_SVG/3kn0_B_3TO_501_plain.svg,/app/jobs/8926f69a/TARGET_RESULTS/MCS_Output/MCS_SVG/3kn0_B_3TO_501_exposed.svg
BACE1,4d83,B,0GT,501,CC(C)(C)c1cccc(CN[C@H]2CS(=O)(=O)C[C@@H](Cc3ccc4[nH]cc(CC(F)F)c4c3)[C@@H]2O)c1,0.457,/app/jobs/8926f69a/WAR_PDB/BACE1/4d83_B_0GT.pdb,/app/jobs/8926f69a/TARGET_RESULTS/MCS_Output/MCS_SDF/4d83_B_0GT_501.sdf,True,True,True,True,/app/jobs/8926f69a/TARGET_RESULTS/MCS_Output/MCS_SVG/4d83_B_0GT_501_plain.svg,/app/jobs/8926f69a/TARGET_RESULTS/MCS_Output/MCS_SVG/4d83_B_0GT_501_exposed.svg
BACE1,4dpf,A,0LG,500,CC(C)c1cccc(CNC[C@@H](O)[C@@H]2COC/C=C/C[C@@H](c3ccccc3)NC(=O)c3cc(cc(N(C)S(C)(=O)=O)c3)C(=O)N2)c1,0.457,/app/jobs/8926f69a/WAR_PDB/BACE1/4dpf_A_0LG.pdb,/app/jobs/8926f69a/TARGET_RESULTS/MCS_Output/MCS_SDF/4dpf_A_0LG_500.sdf,True,True,True,True,/app/jobs/8926f69a/TARGET_RESULTS/MCS_Output/MCS_SVG/4dpf_A_0LG_500_plain.svg,/app/jobs/8926f69a/TARGET_RESULTS/MCS_Output/MCS_SVG/4dpf_A_0LG_500_exposed.svg
BACE1,2ohq,A,7IP,404,COc1cccc(-c2cccc(CCc3cccc(N)n3)c2)c1,0.455,/app/jobs/8926f69a/WAR_PDB/BACE1/2ohq_A_7IP.pdb,/app/jobs/8926f69a/TARGET_RESULTS/MCS_Output/MCS_SDF/2ohq_A_7IP_404.sdf,True,True,True,True,/app/jobs/8926f69a/TARGET_RESULTS/MCS_Output/MCS_SVG/2ohq_A_7IP_404_plain.svg,/app/jobs/8926f69a/TARGET_RESULTS/MCS_Output/MCS_SVG/2ohq_A_7IP_404_exposed.svg
BACE1,3duy,B,AFJ,501,CCCCNC(=O)[C@H](C)C[C@H](O)[C@H](CC(C)C)NC(=O)[C@H](CCSC)NC(=O)CCC(C)C,0.455,/app/jobs/8926f69a/WAR_PDB/BACE1/3duy_B_AFJ.pdb,/app/jobs/8926f69a/TARGET_RESULTS/MCS_Output/MCS_SDF/3duy_B_AFJ_501.sdf,True,True,True,True,/app/jobs/8926f69a/TARGET_RESULTS/MCS_Output/MCS_SVG/3duy_B_AFJ_501_plain.svg,/app/jobs/8926f69a/TARGET_RESULTS/MCS_Output/MCS_SVG/3duy_B_AFJ_501_exposed.svg
BACE1,3duy,C,AFJ,501,CCCCNC(=O)[C@H](C)C[C@H](O)[C@H](CC(C)C)NC(=O)[C@H](CCSC)NC(=O)CCC(C)C,0.455,/app/jobs/8926f69a/WAR_PDB/BACE1/3duy_C_AFJ.pdb,/app/jobs/8926f69a/TARGET_RESULTS/MCS_Output/MCS_SDF/3duy_C_AFJ_501.sdf,True,True,True,True,/app/jobs/8926f69a/TARGET_RESULTS/MCS_Output/MCS_SVG/3duy_C_AFJ_501_plain.svg,/app/jobs/8926f69a/TARGET_RESULTS/MCS_Output/MCS_SVG/3duy_C_AFJ_501_exposed.svg
BACE1,3l38,A,879,1,Nc1cccc(Cn2c(-c3ccc(Oc4cncnc4)cc3)ccc2-c2ccccc2Cl)n1,0.455,/app/jobs/8926f69a/WAR_PDB/BACE1/3l38_A_879.pdb,/app/jobs/8926f69a/TARGET_RESULTS/MCS_Output/MCS_SDF/3l38_A_879_1.sdf,True,True,True,True,/app/jobs/8926f69a/TARGET_RESULTS/MCS_Output/MCS_SVG/3l38_A_879_1_plain.svg,/app/jobs/8926f69a/TARGET_RESULTS/MCS_Output/MCS_SVG/3l38_A_879_1_exposed.svg
BACE1,4h3f,A,10O,502,[H]/N=C1\N[C@@]2(c3cc(-c4cccc(C#N)c4)cs3)CN(c3cccc(OC)n3)C[C@H]2C(=O)N1C,0.455,/app/jobs/8926f69a/WAR_PDB/BACE1/4h3f_A_10O.pdb,/app/jobs/8926f69a/TARGET_RESULTS/MCS_Output/MCS_SDF/4h3f_A_10O_502.sdf,True,True,True,True,/app/jobs/8926f69a/TARGET_RESULTS/MCS_Output/MCS_SVG/4h3f_A_10O_502_plain.svg,/app/jobs/8926f69a/TARGET_RESULTS/MCS_Output/MCS_SVG/4h3f_A_10O_502_exposed.svg
BACE1,6jse,A,C6R,508,C[C@]1(c2cc(NC(=O)c3cnc(OCF)cn3)ccc2F)N=C(N)SC[C@@H]1c1ccccc1,0.455,/app/jobs/8926f69a/WAR_PDB/BACE1/6jse_A_C6R.pdb,/app/jobs/8926f69a/TARGET_RESULTS/MCS_Output/MCS_SDF/6jse_A_C6R_508.sdf,True,True,True,True,/app/jobs/8926f69a/TARGET_RESULTS/MCS_Output/MCS_SVG/6jse_A_C6R_508_plain.svg,/app/jobs/8926f69a/TARGET_RESULTS/MCS_Output/MCS_SVG/6jse_A_C6R_508_exposed.svg
BACE1,2ohn,A,4FP,405,Fc1ccc(CC2CCNCC2)cc1,0.452,/app/jobs/8926f69a/WAR_PDB/BACE1/2ohn_A_4FP.pdb,/app/jobs/8926f69a/TARGET_RESULTS/MCS_Output/MCS_SDF/2ohn_A_4FP_405.sdf,True,True,True,True,/app/jobs/8926f69a/TARGET_RESULTS/MCS_Output/MCS_SVG/2ohn_A_4FP_405_plain.svg,/app/jobs/8926f69a/TARGET_RESULTS/MCS_Output/MCS_SVG/2ohn_A_4FP_405_exposed.svg
BACE1,3dv1,A,AR9,501,CCCCNC(=O)[C@H](C)C[C@H](O)[C@@H]1C[C@H](C)CCCCCCCC(=O)N[C@@H](C)C(=O)N1,0.452,/app/jobs/8926f69a/WAR_PDB/BACE1/3dv1_A_AR9.pdb,/app/jobs/8926f69a/TARGET_RESULTS/MCS_Output/MCS_SDF/3dv1_A_AR9_501.sdf,True,True,True,True,/app/jobs/8926f69a/TARGET_RESULTS/MCS_Output/MCS_SVG/3dv1_A_AR9_501_plain.svg,/app/jobs/8926f69a/TARGET_RESULTS/MCS_Output/MCS_SVG/3dv1_A_AR9_501_exposed.svg
BACE1,5qcw,B,AR9,401,CCCCNC(=O)[C@H](C)C[C@H](O)[C@@H]1C[C@H](C)CCCCCCCC(=O)N[C@@H](C)C(=O)N1,0.452,/app/jobs/8926f69a/WAR_PDB/BACE1/5qcw_B_AR9.pdb,/app/jobs/8926f69a/TARGET_RESULTS/MCS_Output/MCS_SDF/5qcw_B_AR9_401.sdf,True,True,True,True,/app/jobs/8926f69a/TARGET_RESULTS/MCS_Output/MCS_SVG/5qcw_B_AR9_401_plain.svg,/app/jobs/8926f69a/TARGET_RESULTS/MCS_Output/MCS_SVG/5qcw_B_AR9_401_exposed.svg
BACE1,5qcw,C,AR9,401,CCCCNC(=O)[C@H](C)C[C@H](O)[C@@H]1C[C@H](C)CCCCCCCC(=O)N[C@@H](C)C(=O)N1,0.452,/app/jobs/8926f69a/WAR_PDB/BACE1/5qcw_C_AR9.pdb,/app/jobs/8926f69a/TARGET_RESULTS/MCS_Output/MCS_SDF/5qcw_C_AR9_401.sdf,True,True,True,True,/app/jobs/8926f69a/TARGET_RESULTS/MCS_Output/MCS_SVG/5qcw_C_AR9_401_plain.svg,/app/jobs/8926f69a/TARGET_RESULTS/MCS_Output/MCS_SVG/5qcw_C_AR9_401_exposed.svg
BACE1,3ckp,C,012,503,COc1cccc(CN2C[C@@H](C(=O)N[C@@H](Cc3ccccc3)[C@H](O)CNCc3cccc(N(C)C)c3)NC2=O)c1,0.45,/app/jobs/8926f69a/WAR_PDB/BACE1/3ckp_C_012.pdb,/app/jobs/8926f69a/TARGET_RESULTS/MCS_Output/MCS_SDF/3ckp_C_012_503.sdf,True,True,True,True,/app/jobs/8926f69a/TARGET_RESULTS/MCS_Output/MCS_SVG/3ckp_C_012_503_plain.svg,/app/jobs/8926f69a/TARGET_RESULTS/MCS_Output/MCS_SVG/3ckp_C_012_503_exposed.svg
BACE1,6uvv,B,QJV,401,CCCCNC(=O)[C@@H]1C[C@H]1[C@]12COC[C@H]1CSC(N)=N2,0.45,/app/jobs/8926f69a/WAR_PDB/BACE1/6uvv_B_QJV.pdb,/app/jobs/8926f69a/TARGET_RESULTS/MCS_Output/MCS_SDF/6uvv_B_QJV_401.sdf,True,True,True,True,/app/jobs/8926f69a/TARGET_RESULTS/MCS_Output/MCS_SVG/6uvv_B_QJV_401_plain.svg,/app/jobs/8926f69a/TARGET_RESULTS/MCS_Output/MCS_SVG/6uvv_B_QJV_401_exposed.svg
BACE1,3pi5,A,3P5,387,O=S1(=O)C[C@@H](Cc2ccc(O)c(Br)c2)[C@H](O)[C@@H](NCc2cccc(C3CC3)c2)C1,0.448,/app/jobs/8926f69a/WAR_PDB/BACE1/3pi5_A_3P5.pdb,/app/jobs/8926f69a/TARGET_RESULTS/MCS_Output/MCS_SDF/3pi5_A_3P5_387.sdf,True,True,True,True,/app/jobs/8926f69a/TARGET_RESULTS/MCS_Output/MCS_SVG/3pi5_A_3P5_387_plain.svg,/app/jobs/8926f69a/TARGET_RESULTS/MCS_Output/MCS_SVG/3pi5_A_3P5_387_exposed.svg
BACE1,3pi5,B,3P5,387,O=S1(=O)C[C@@H](Cc2ccc(O)c(Br)c2)[C@H](O)[C@@H](NCc2cccc(C3CC3)c2)C1,0.448,/app/jobs/8926f69a/WAR_PDB/BACE1/3pi5_B_3P5.pdb,/app/jobs/8926f69a/TARGET_RESULTS/MCS_Output/MCS_SDF/3pi5_B_3P5_387.sdf,True,True,True,True,/app/jobs/8926f69a/TARGET_RESULTS/MCS_Output/MCS_SVG/3pi5_B_3P5_387_plain.svg,/app/jobs/8926f69a/TARGET_RESULTS/MCS_Output/MCS_SVG/3pi5_B_3P5_387_exposed.svg
BACE1,4i0f,A,1BF,504,CC1(C)Cc2cc(Cl)ccc2C(N[C@@H](Cc2cscc2-c2cn[nH]c2)C(=O)O)=N1,0.448,/app/jobs/8926f69a/WAR_PDB/BACE1/4i0f_A_1BF.pdb,/app/jobs/8926f69a/TARGET_RESULTS/MCS_Output/MCS_SDF/4i0f_A_1BF_504.sdf,True,True,True,True,/app/jobs/8926f69a/TARGET_RESULTS/MCS_Output/MCS_SVG/4i0f_A_1BF_504_plain.svg,/app/jobs/8926f69a/TARGET_RESULTS/MCS_Output/MCS_SVG/4i0f_A_1BF_504_exposed.svg
BACE1,4r91,A,3KT,502,[H]/N=C1\N[C@](CCC2CCCCC2)(C[C@H]2CCC[C@@H](NC3CCCC3)C2)C(=O)N1C,0.448,/app/jobs/8926f69a/WAR_PDB/BACE1/4r91_A_3KT.pdb,/app/jobs/8926f69a/TARGET_RESULTS/MCS_Output/MCS_SDF/4r91_A_3KT_502.sdf,True,True,True,True,/app/jobs/8926f69a/TARGET_RESULTS/MCS_Output/MCS_SVG/4r91_A_3KT_502_plain.svg,/app/jobs/8926f69a/TARGET_RESULTS/MCS_Output/MCS_SVG/4r91_A_3KT_502_exposed.svg
BACE1,5qd3,B,E6M,401,COCc1cc2cc(c1)C(=O)N[C@H]([C@H](O)CNCc1cccc(C(C)C)c1)C[C@H](C)CCCCCCCN2,0.447,/app/jobs/8926f69a/WAR_PDB/BACE1/5qd3_B_E6M.pdb,/app/jobs/8926f69a/TARGET_RESULTS/MCS_Output/MCS_SDF/5qd3_B_E6M_401.sdf,True,True,True,True,/app/jobs/8926f69a/TARGET_RESULTS/MCS_Output/MCS_SVG/5qd3_B_E6M_401_plain.svg,/app/jobs/8926f69a/TARGET_RESULTS/MCS_Output/MCS_SVG/5qd3_B_E6M_401_exposed.svg
BACE1,5qd9,C,E6Y,401,C[C@@H]1CCCCCCOCC(=O)N(C)[C@@H](C)C(=O)N[C@H]([C@H](O)CNC2(c3cccc(C(C)(C)C)c3)CC2)C1,0.447,/app/jobs/8926f69a/WAR_PDB/BACE1/5qd9_C_E6Y.pdb,/app/jobs/8926f69a/TARGET_RESULTS/MCS_Output/MCS_SDF/5qd9_C_E6Y_401.sdf,True,True,True,True,/app/jobs/8926f69a/TARGET_RESULTS/MCS_Output/MCS_SVG/5qd9_C_E6Y_401_plain.svg,/app/jobs/8926f69a/TARGET_RESULTS/MCS_Output/MCS_SVG/5qd9_C_E6Y_401_exposed.svg
BACE1,4i0d,A,1B7,504,CCCc1cscc1C[C@H](NC1=NC(C)(C)Cc2cc(Cl)ccc21)C(=O)O,0.444,/app/jobs/8926f69a/WAR_PDB/BACE1/4i0d_A_1B7.pdb,/app/jobs/8926f69a/TARGET_RESULTS/MCS_Output/MCS_SDF/4i0d_A_1B7_504.sdf,True,True,True,True,/app/jobs/8926f69a/TARGET_RESULTS/MCS_Output/MCS_SVG/4i0d_A_1B7_504_plain.svg,/app/jobs/8926f69a/TARGET_RESULTS/MCS_Output/MCS_SVG/4i0d_A_1B7_504_exposed.svg
BACE1,4i12,A,1BC,501,CCCc1scc(-c2cn[nH]c2)c1C[C@H](/N=C1\NC(C)(C)Cc2cc(Cl)ccc21)C1=NC(=O)CC=N1,0.444,/app/jobs/8926f69a/WAR_PDB/BACE1/4i12_A_1BC.pdb,/app/jobs/8926f69a/TARGET_RESULTS/MCS_Output/MCS_SDF/4i12_A_1BC_501.sdf,True,True,True,True,/app/jobs/8926f69a/TARGET_RESULTS/MCS_Output/MCS_SVG/4i12_A_1BC_501_plain.svg,/app/jobs/8926f69a/TARGET_RESULTS/MCS_Output/MCS_SVG/4i12_A_1BC_501_exposed.svg
BACE1,4ke0,B,1R8,501,CCc1ccc2c(c1)[C@@H](NC[C@@H](O)[C@@H]1Cc3cccc(c3)CCCCCCC(=O)N1)CC1(CCC1)O2,0.444,/app/jobs/8926f69a/WAR_PDB/BACE1/4ke0_B_1R8.pdb,/app/jobs/8926f69a/TARGET_RESULTS/MCS_Output/MCS_SDF/4ke0_B_1R8_501.sdf,True,True,True,True,/app/jobs/8926f69a/TARGET_RESULTS/MCS_Output/MCS_SVG/4ke0_B_1R8_501_plain.svg,/app/jobs/8926f69a/TARGET_RESULTS/MCS_Output/MCS_SVG/4ke0_B_1R8_501_exposed.svg
BACE1,4x7i,A,3YS,401,NC1=N[C@@]2(c3cc(NC(=O)c4ccc(F)cn4)ccc3F)COC[C@H]2CS1,0.444,/app/jobs/8926f69a/WAR_PDB/BACE1/4x7i_A_3YS.pdb,/app/jobs/8926f69a/TARGET_RESULTS/MCS_Output/MCS_SDF/4x7i_A_3YS_401.sdf,True,True,True,True,/app/jobs/8926f69a/TARGET_RESULTS/MCS_Output/MCS_SVG/4x7i_A_3YS_401_plain.svg,/app/jobs/8926f69a/TARGET_RESULTS/MCS_Output/MCS_SVG/4x7i_A_3YS_401_exposed.svg
BACE1,4x7i,B,3YS,401,NC1=N[C@@]2(c3cc(NC(=O)c4ccc(F)cn4)ccc3F)COC[C@H]2CS1,0.444,/app/jobs/8926f69a/WAR_PDB/BACE1/4x7i_B_3YS.pdb,/app/jobs/8926f69a/TARGET_RESULTS/MCS_Output/MCS_SDF/4x7i_B_3YS_401.sdf,True,True,True,True,/app/jobs/8926f69a/TARGET_RESULTS/MCS_Output/MCS_SVG/4x7i_B_3YS_401_plain.svg,/app/jobs/8926f69a/TARGET_RESULTS/MCS_Output/MCS_SVG/4x7i_B_3YS_401_exposed.svg
BACE1,5qd5,A,E6P,401,CC(C)c1cccc(CNC[C@@H](O)[C@@H]2C[C@H](C)CCOCCCCNc3cc(cc(Cl)n3)C(=O)N2)c1,0.444,/app/jobs/8926f69a/WAR_PDB/BACE1/5qd5_A_E6P.pdb,/app/jobs/8926f69a/TARGET_RESULTS/MCS_Output/MCS_SDF/5qd5_A_E6P_401.sdf,True,True,True,True,/app/jobs/8926f69a/TARGET_RESULTS/MCS_Output/MCS_SVG/5qd5_A_E6P_401_plain.svg,/app/jobs/8926f69a/TARGET_RESULTS/MCS_Output/MCS_SVG/5qd5_A_E6P_401_exposed.svg
BACE1,5qd5,C,E6P,401,CC(C)c1cccc(CNC[C@@H](O)[C@@H]2C[C@H](C)CCOCCCCNc3cc(cc(Cl)n3)C(=O)N2)c1,0.444,/app/jobs/8926f69a/WAR_PDB/BACE1/5qd5_C_E6P.pdb,/app/jobs/8926f69a/TARGET_RESULTS/MCS_Output/MCS_SDF/5qd5_C_E6P_401.sdf,True,True,True,True,/app/jobs/8926f69a/TARGET_RESULTS/MCS_Output/MCS_SVG/5qd5_C_E6P_401_plain.svg,/app/jobs/8926f69a/TARGET_RESULTS/MCS_Output/MCS_SVG/5qd5_C_E6P_401_exposed.svg
BACE1,5qd6,A,E6S,401,CC(C)c1cccc(CNCC(O)(O)[C@@H]2C[C@H](C)CCCCCCCCC(=O)N(C)[C@@H](C)C(=O)N2)c1,0.444,/app/jobs/8926f69a/WAR_PDB/BACE1/5qd6_A_E6S.pdb,/app/jobs/8926f69a/TARGET_RESULTS/MCS_Output/MCS_SDF/5qd6_A_E6S_401.sdf,True,True,True,True,/app/jobs/8926f69a/TARGET_RESULTS/MCS_Output/MCS_SVG/5qd6_A_E6S_401_plain.svg,/app/jobs/8926f69a/TARGET_RESULTS/MCS_Output/MCS_SVG/5qd6_A_E6S_401_exposed.svg
BACE1,5qd6,B,E6S,401,CC(C)c1cccc(CNCC(O)(O)[C@@H]2C[C@H](C)CCCCCCCCC(=O)N(C)[C@@H](C)C(=O)N2)c1,0.444,/app/jobs/8926f69a/WAR_PDB/BACE1/5qd6_B_E6S.pdb,/app/jobs/8926f69a/TARGET_RESULTS/MCS_Output/MCS_SDF/5qd6_B_E6S_401.sdf,True,True,True,True,/app/jobs/8926f69a/TARGET_RESULTS/MCS_Output/MCS_SVG/5qd6_B_E6S_401_plain.svg,/app/jobs/8926f69a/TARGET_RESULTS/MCS_Output/MCS_SVG/5qd6_B_E6S_401_exposed.svg
BACE1,6uwp,A,QKA,401,C[C@@H]1C[C@H]1CNC(=O)[C@@H]1C[C@H]1[C@]12CN(c3ncccn3)C[C@H]1CSC(N)=N2,0.444,/app/jobs/8926f69a/WAR_PDB/BACE1/6uwp_A_QKA.pdb,/app/jobs/8926f69a/TARGET_RESULTS/MCS_Output/MCS_SDF/6uwp_A_QKA_401.sdf,True,True,True,True,/app/jobs/8926f69a/TARGET_RESULTS/MCS_Output/MCS_SVG/6uwp_A_QKA_401_plain.svg,/app/jobs/8926f69a/TARGET_RESULTS/MCS_Output/MCS_SVG/6uwp_A_QKA_401_exposed.svg
BACE1,6uwp,B,QKA,401,C[C@@H]1C[C@H]1CNC(=O)[C@@H]1C[C@H]1[C@]12CN(c3ncccn3)C[C@H]1CSC(N)=N2,0.444,/app/jobs/8926f69a/WAR_PDB/BACE1/6uwp_B_QKA.pdb,/app/jobs/8926f69a/TARGET_RESULTS/MCS_Output/MCS_SDF/6uwp_B_QKA_401.sdf,True,True,True,True,/app/jobs/8926f69a/TARGET_RESULTS/MCS_Output/MCS_SVG/6uwp_B_QKA_401_plain.svg,/app/jobs/8926f69a/TARGET_RESULTS/MCS_Output/MCS_SVG/6uwp_B_QKA_401_exposed.svg
BACE1,5qd0,B,E5Y,401,CCCc1cc(CNC[C@@H](O)[C@@H]2C[C@H](C)CCCCCCOCC(=O)N(C)[C@@H](C)C(=O)N2)n[nH]1,0.441,/app/jobs/8926f69a/WAR_PDB/BACE1/5qd0_B_E5Y.pdb,/app/jobs/8926f69a/TARGET_RESULTS/MCS_Output/MCS_SDF/5qd0_B_E5Y_401.sdf,True,True,True,True,/app/jobs/8926f69a/TARGET_RESULTS/MCS_Output/MCS_SVG/5qd0_B_E5Y_401_plain.svg,/app/jobs/8926f69a/TARGET_RESULTS/MCS_Output/MCS_SVG/5qd0_B_E5Y_401_exposed.svg
BACE1,5qd0,C,E5Y,401,CCCc1cc(CNC[C@@H](O)[C@@H]2C[C@H](C)CCCCCCOCC(=O)N(C)[C@@H](C)C(=O)N2)n[nH]1,0.441,/app/jobs/8926f69a/WAR_PDB/BACE1/5qd0_C_E5Y.pdb,/app/jobs/8926f69a/TARGET_RESULTS/MCS_Output/MCS_SDF/5qd0_C_E5Y_401.sdf,True,True,True,True,/app/jobs/8926f69a/TARGET_RESULTS/MCS_Output/MCS_SVG/5qd0_C_E5Y_401_plain.svg,/app/jobs/8926f69a/TARGET_RESULTS/MCS_Output/MCS_SVG/5qd0_C_E5Y_401_exposed.svg
BACE1,4frs,A,0V6,501,[H]/N=C1/NC(C)(c2sc(-c3cncc(C#CC)c3)cc2Cl)CC(=O)N1C,0.44,/app/jobs/8926f69a/WAR_PDB/BACE1/4frs_A_0V6.pdb,/app/jobs/8926f69a/TARGET_RESULTS/MCS_Output/MCS_SDF/4frs_A_0V6_501.sdf,True,True,True,True,/app/jobs/8926f69a/TARGET_RESULTS/MCS_Output/MCS_SVG/4frs_A_0V6_501_plain.svg,/app/jobs/8926f69a/TARGET_RESULTS/MCS_Output/MCS_SVG/4frs_A_0V6_501_exposed.svg
BACE1,4frs,B,0V6,501,[H]/N=C1/NC(C)(c2sc(-c3cncc(C#CC)c3)cc2Cl)CC(=O)N1C,0.44,/app/jobs/8926f69a/WAR_PDB/BACE1/4frs_B_0V6.pdb,/app/jobs/8926f69a/TARGET_RESULTS/MCS_Output/MCS_SDF/4frs_B_0V6_501.sdf,True,True,True,True,/app/jobs/8926f69a/TARGET_RESULTS/MCS_Output/MCS_SVG/4frs_B_0V6_501_plain.svg,/app/jobs/8926f69a/TARGET_RESULTS/MCS_Output/MCS_SVG/4frs_B_0V6_501_exposed.svg
BACE1,3kmy,B,D8Y,501,Nc1ncccc1CCc1cccc(Cl)c1,0.438,/app/jobs/8926f69a/WAR_PDB/BACE1/3kmy_B_D8Y.pdb,/app/jobs/8926f69a/TARGET_RESULTS/MCS_Output/MCS_SDF/3kmy_B_D8Y_501.sdf,True,True,True,True,/app/jobs/8926f69a/TARGET_RESULTS/MCS_Output/MCS_SVG/3kmy_B_D8Y_501_plain.svg,/app/jobs/8926f69a/TARGET_RESULTS/MCS_Output/MCS_SVG/3kmy_B_D8Y_501_exposed.svg
BACE1,5qcy,A,E5P,401,CC(C)c1cccc(CNC[C@@H](O)[C@@H]2C[C@H](C)CCCCCN([C@H](C)c3ccccc3)C(=O)c3cc(cc(-c4ncco4)c3)C(=O)N2)c1,0.438,/app/jobs/8926f69a/WAR_PDB/BACE1/5qcy_A_E5P.pdb,/app/jobs/8926f69a/TARGET_RESULTS/MCS_Output/MCS_SDF/5qcy_A_E5P_401.sdf,True,True,True,True,/app/jobs/8926f69a/TARGET_RESULTS/MCS_Output/MCS_SVG/5qcy_A_E5P_401_plain.svg,/app/jobs/8926f69a/TARGET_RESULTS/MCS_Output/MCS_SVG/5qcy_A_E5P_401_exposed.svg
BACE1,4r8y,A,3KO,501,[H]/N=C1\N[C@](CCC2CCCCC2)(C[C@H]2CCN(C(=O)CC3CCCC3)C2)C(=O)N1C,0.433,/app/jobs/8926f69a/WAR_PDB/BACE1/4r8y_A_3KO.pdb,/app/jobs/8926f69a/TARGET_RESULTS/MCS_Output/MCS_SDF/4r8y_A_3KO_501.sdf,True,True,True,True,/app/jobs/8926f69a/TARGET_RESULTS/MCS_Output/MCS_SVG/4r8y_A_3KO_501_plain.svg,/app/jobs/8926f69a/TARGET_RESULTS/MCS_Output/MCS_SVG/4r8y_A_3KO_501_exposed.svg
BACE1,5he4,B,60T,502,[H]/N=C1\N[C@@]2(c3c(F)cccc3F)CN(c3nc(C)c(F)c(OC)n3)C[C@H]2C(=O)N1C,0.433,/app/jobs/8926f69a/WAR_PDB/BACE1/5he4_B_60T.pdb,/app/jobs/8926f69a/TARGET_RESULTS/MCS_Output/MCS_SDF/5he4_B_60T_502.sdf,True,True,True,True,/app/jobs/8926f69a/TARGET_RESULTS/MCS_Output/MCS_SVG/5he4_B_60T_502_plain.svg,/app/jobs/8926f69a/TARGET_RESULTS/MCS_Output/MCS_SVG/5he4_B_60T_502_exposed.svg
BACE1,6bfw,B,DK7,401,CC(=O)N[C@@H](Cc1cc(F)cc(F)c1)[C@H](O)[C@H]1CO[C@@H](OCC2CCCCC2)CN1,0.433,/app/jobs/8926f69a/WAR_PDB/BACE1/6bfw_B_DK7.pdb,/app/jobs/8926f69a/TARGET_RESULTS/MCS_Output/MCS_SDF/6bfw_B_DK7_401.sdf,True,True,True,True,/app/jobs/8926f69a/TARGET_RESULTS/MCS_Output/MCS_SVG/6bfw_B_DK7_401_plain.svg,/app/jobs/8926f69a/TARGET_RESULTS/MCS_Output/MCS_SVG/6bfw_B_DK7_401_exposed.svg
BACE1,3ivi,C,2LI,3,CC(=O)N[C@@H](Cc1cc(F)cc(F)c1)[C@H](O)CN[C@@]1(c2cccc(C(C)(C)C)c2)CCc2[nH]ncc2C1,0.432,/app/jobs/8926f69a/WAR_PDB/BACE1/3ivi_C_2LI.pdb,/app/jobs/8926f69a/TARGET_RESULTS/MCS_Output/MCS_SDF/3ivi_C_2LI_3.sdf,True,True,True,True,/app/jobs/8926f69a/TARGET_RESULTS/MCS_Output/MCS_SVG/3ivi_C_2LI_3_plain.svg,/app/jobs/8926f69a/TARGET_RESULTS/MCS_Output/MCS_SVG/3ivi_C_2LI_3_exposed.svg
BACE1,4k8s,B,1QT,401,CCc1ccc2c(c1)[C@@H](NC[C@@H](O)[C@@H]1Cc3cccc(c3)CCCCCCCC(=O)N1)CC1(CCC1)O2,0.432,/app/jobs/8926f69a/WAR_PDB/BACE1/4k8s_B_1QT.pdb,/app/jobs/8926f69a/TARGET_RESULTS/MCS_Output/MCS_SDF/4k8s_B_1QT_401.sdf,True,True,True,True,/app/jobs/8926f69a/TARGET_RESULTS/MCS_Output/MCS_SVG/4k8s_B_1QT_401_plain.svg,/app/jobs/8926f69a/TARGET_RESULTS/MCS_Output/MCS_SVG/4k8s_B_1QT_401_exposed.svg
BACE1,5qcv,A,E5A,401,CC(C)c1cccc(CNC[C@@H](O)[C@@H]2Cc3cccc(c3)OCCCCCC(=O)N(C)[C@@H](C)C(=O)N2)c1,0.432,/app/jobs/8926f69a/WAR_PDB/BACE1/5qcv_A_E5A.pdb,/app/jobs/8926f69a/TARGET_RESULTS/MCS_Output/MCS_SDF/5qcv_A_E5A_401.sdf,True,True,True,True,/app/jobs/8926f69a/TARGET_RESULTS/MCS_Output/MCS_SVG/5qcv_A_E5A_401_plain.svg,/app/jobs/8926f69a/TARGET_RESULTS/MCS_Output/MCS_SVG/5qcv_A_E5A_401_exposed.svg
BACE1,5qcv,B,E5A,401,CC(C)c1cccc(CNC[C@@H](O)[C@@H]2Cc3cccc(c3)OCCCCCC(=O)N(C)[C@@H](C)C(=O)N2)c1,0.432,/app/jobs/8926f69a/WAR_PDB/BACE1/5qcv_B_E5A.pdb,/app/jobs/8926f69a/TARGET_RESULTS/MCS_Output/MCS_SDF/5qcv_B_E5A_401.sdf,True,True,True,True,/app/jobs/8926f69a/TARGET_RESULTS/MCS_Output/MCS_SVG/5qcv_B_E5A_401_plain.svg,/app/jobs/8926f69a/TARGET_RESULTS/MCS_Output/MCS_SVG/5qcv_B_E5A_401_exposed.svg
BACE1,2zjm,A,F1M,395,COc1cc(Cl)cc(CN2CCC(NC(=O)COc3ccc(S(N)(=O)=O)cc3)CC2)c1OC(C)C,0.429,/app/jobs/8926f69a/WAR_PDB/BACE1/2zjm_A_F1M.pdb,/app/jobs/8926f69a/TARGET_RESULTS/MCS_Output/MCS_SDF/2zjm_A_F1M_395.sdf,True,True,True,True,/app/jobs/8926f69a/TARGET_RESULTS/MCS_Output/MCS_SVG/2zjm_A_F1M_395_plain.svg,/app/jobs/8926f69a/TARGET_RESULTS/MCS_Output/MCS_SVG/2zjm_A_F1M_395_exposed.svg
BACE1,3n4l,A,842,407,CC(=O)N[C@@H](Cc1cc(F)cc(F)c1)[C@H](O)CNC1(c2cccc(-n3cccn3)c2)CCCCC1,0.429,/app/jobs/8926f69a/WAR_PDB/BACE1/3n4l_A_842.pdb,/app/jobs/8926f69a/TARGET_RESULTS/MCS_Output/MCS_SDF/3n4l_A_842_407.sdf,True,True,True,True,/app/jobs/8926f69a/TARGET_RESULTS/MCS_Output/MCS_SVG/3n4l_A_842_407_plain.svg,/app/jobs/8926f69a/TARGET_RESULTS/MCS_Output/MCS_SVG/3n4l_A_842_407_exposed.svg
BACE1,3n4l,B,842,407,CC(=O)N[C@@H](Cc1cc(F)cc(F)c1)[C@H](O)CNC1(c2cccc(-n3cccn3)c2)CCCCC1,0.429,/app/jobs/8926f69a/WAR_PDB/BACE1/3n4l_B_842.pdb,/app/jobs/8926f69a/TARGET_RESULTS/MCS_Output/MCS_SDF/3n4l_B_842_407.sdf,True,True,True,True,/app/jobs/8926f69a/TARGET_RESULTS/MCS_Output/MCS_SVG/3n4l_B_842_407_plain.svg,/app/jobs/8926f69a/TARGET_RESULTS/MCS_Output/MCS_SVG/3n4l_B_842_407_exposed.svg
BACE1,4d83,A,0GT,401,CC(C)(C)c1cccc(CN[C@H]2CS(=O)(=O)C[C@@H](Cc3ccc4[nH]cc(CC(F)F)c4c3)[C@@H]2O)c1,0.429,/app/jobs/8926f69a/WAR_PDB/BACE1/4d83_A_0GT.pdb,/app/jobs/8926f69a/TARGET_RESULTS/MCS_Output/MCS_SDF/4d83_A_0GT_401.sdf,True,True,True,True,/app/jobs/8926f69a/TARGET_RESULTS/MCS_Output/MCS_SVG/4d83_A_0GT_401_plain.svg,/app/jobs/8926f69a/TARGET_RESULTS/MCS_Output/MCS_SVG/4d83_A_0GT_401_exposed.svg
BACE1,4d83,C,0GT,501,CC(C)(C)c1cccc(CN[C@H]2CS(=O)(=O)C[C@@H](Cc3ccc4[nH]cc(CC(F)F)c4c3)[C@@H]2O)c1,0.429,/app/jobs/8926f69a/WAR_PDB/BACE1/4d83_C_0GT.pdb,/app/jobs/8926f69a/TARGET_RESULTS/MCS_Output/MCS_SDF/4d83_C_0GT_501.sdf,True,True,True,True,/app/jobs/8926f69a/TARGET_RESULTS/MCS_Output/MCS_SVG/4d83_C_0GT_501_plain.svg,/app/jobs/8926f69a/TARGET_RESULTS/MCS_Output/MCS_SVG/4d83_C_0GT_501_exposed.svg
BACE1,4di2,A,0K9,501,CO[C@H](C)C(=O)N[C@@H](Cc1cccc(-c2nccs2)c1)[C@H](O)CN[C@H]1CC2(CCC2)Oc2ncc(CC(C)(C)C)cc21,0.429,/app/jobs/8926f69a/WAR_PDB/BACE1/4di2_A_0K9.pdb,/app/jobs/8926f69a/TARGET_RESULTS/MCS_Output/MCS_SDF/4di2_A_0K9_501.sdf,True,True,True,True,/app/jobs/8926f69a/TARGET_RESULTS/MCS_Output/MCS_SVG/4di2_A_0K9_501_plain.svg,/app/jobs/8926f69a/TARGET_RESULTS/MCS_Output/MCS_SVG/4di2_A_0K9_501_exposed.svg
BACE1,4di2,B,0K9,501,CO[C@H](C)C(=O)N[C@@H](Cc1cccc(-c2nccs2)c1)[C@H](O)CN[C@H]1CC2(CCC2)Oc2ncc(CC(C)(C)C)cc21,0.429,/app/jobs/8926f69a/WAR_PDB/BACE1/4di2_B_0K9.pdb,/app/jobs/8926f69a/TARGET_RESULTS/MCS_Output/MCS_SDF/4di2_B_0K9_501.sdf,True,True,True,True,/app/jobs/8926f69a/TARGET_RESULTS/MCS_Output/MCS_SVG/4di2_B_0K9_501_plain.svg,/app/jobs/8926f69a/TARGET_RESULTS/MCS_Output/MCS_SVG/4di2_B_0K9_501_exposed.svg
BACE1,5hu1,A,66F,501,CN1C(N)=N[C@](C)(c2cc(NC(=O)c3ccc(F)cn3)ccc2F)CS1(=O)=O,0.429,/app/jobs/8926f69a/WAR_PDB/BACE1/5hu1_A_66F.pdb,/app/jobs/8926f69a/TARGET_RESULTS/MCS_Output/MCS_SDF/5hu1_A_66F_501.sdf,True,True,True,True,/app/jobs/8926f69a/TARGET_RESULTS/MCS_Output/MCS_SVG/5hu1_A_66F_501_plain.svg,/app/jobs/8926f69a/TARGET_RESULTS/MCS_Output/MCS_SVG/5hu1_A_66F_501_exposed.svg
BACE1,5hu1,B,66F,501,CN1C(N)=N[C@](C)(c2cc(NC(=O)c3ccc(F)cn3)ccc2F)CS1(=O)=O,0.429,/app/jobs/8926f69a/WAR_PDB/BACE1/5hu1_B_66F.pdb,/app/jobs/8926f69a/TARGET_RESULTS/MCS_Output/MCS_SDF/5hu1_B_66F_501.sdf,True,True,True,True,/app/jobs/8926f69a/TARGET_RESULTS/MCS_Output/MCS_SVG/5hu1_B_66F_501_plain.svg,/app/jobs/8926f69a/TARGET_RESULTS/MCS_Output/MCS_SVG/5hu1_B_66F_501_exposed.svg
BACE1,6uwv,B,QK7,401,C[C@@H]1C[C@H]1COC(C)(C)[C@@H]1C[C@H]1[C@]12CN(c3ncccn3)C[C@H]1CSC(N)=N2,0.429,/app/jobs/8926f69a/WAR_PDB/BACE1/6uwv_B_QK7.pdb,/app/jobs/8926f69a/TARGET_RESULTS/MCS_Output/MCS_SDF/6uwv_B_QK7_401.sdf,True,True,True,True,/app/jobs/8926f69a/TARGET_RESULTS/MCS_Output/MCS_SVG/6uwv_B_QK7_401_plain.svg,/app/jobs/8926f69a/TARGET_RESULTS/MCS_Output/MCS_SVG/6uwv_B_QK7_401_exposed.svg
BACE1,7myu,A,ZR7,401,COc1cnc(C(=O)Nc2ccc(F)c([C@]34CN(c5ncc(F)cn5)C[C@H]3CSC(N)=N4)c2)cn1,0.429,/app/jobs/8926f69a/WAR_PDB/BACE1/7myu_A_ZR7.pdb,/app/jobs/8926f69a/TARGET_RESULTS/MCS_Output/MCS_SDF/7myu_A_ZR7_401.sdf,True,True,True,True,/app/jobs/8926f69a/TARGET_RESULTS/MCS_Output/MCS_SVG/7myu_A_ZR7_401_plain.svg,/app/jobs/8926f69a/TARGET_RESULTS/MCS_Output/MCS_SVG/7myu_A_ZR7_401_exposed.svg
BACE1,1tqf,A,32P,401,C[C@@H](NC(=O)c1cc(OCC(=O)NCCCCCN)cc(OS(=O)(=O)Cc2ccccc2)c1)c1ccc(F)cc1,0.425,/app/jobs/8926f69a/WAR_PDB/BACE1/1tqf_A_32P.pdb,/app/jobs/8926f69a/TARGET_RESULTS/MCS_Output/MCS_SDF/1tqf_A_32P_401.sdf,True,True,True,True,/app/jobs/8926f69a/TARGET_RESULTS/MCS_Output/MCS_SVG/1tqf_A_32P_401_plain.svg,/app/jobs/8926f69a/TARGET_RESULTS/MCS_Output/MCS_SVG/1tqf_A_32P_401_exposed.svg
BACE1,4i0h,B,1BL,501,CC(C)(C)c1cccc(C2(NC[C@@H](O)[C@H](Cc3cc(F)cc(F)c3)NC(=O)CC[C@@H](O)C(=O)O)CCCCC2)c1,0.425,/app/jobs/8926f69a/WAR_PDB/BACE1/4i0h_B_1BL.pdb,/app/jobs/8926f69a/TARGET_RESULTS/MCS_Output/MCS_SDF/4i0h_B_1BL_501.sdf,True,True,True,True,/app/jobs/8926f69a/TARGET_RESULTS/MCS_Output/MCS_SVG/4i0h_B_1BL_501_plain.svg,/app/jobs/8926f69a/TARGET_RESULTS/MCS_Output/MCS_SVG/4i0h_B_1BL_501_exposed.svg
BACE1,4i0h,C,1BL,501,CC(C)(C)c1cccc(C2(NC[C@@H](O)[C@H](Cc3cc(F)cc(F)c3)NC(=O)CC[C@@H](O)C(=O)O)CCCCC2)c1,0.425,/app/jobs/8926f69a/WAR_PDB/BACE1/4i0h_C_1BL.pdb,/app/jobs/8926f69a/TARGET_RESULTS/MCS_Output/MCS_SDF/4i0h_C_1BL_501.sdf,True,True,True,True,/app/jobs/8926f69a/TARGET_RESULTS/MCS_Output/MCS_SVG/4i0h_C_1BL_501_plain.svg,/app/jobs/8926f69a/TARGET_RESULTS/MCS_Output/MCS_SVG/4i0h_C_1BL_501_exposed.svg
BACE1,5qd8,A,E6V,401,CC(C)c1ccc2c(c1)[C@@H](NC[C@@H](O)[C@@H]1C[C@H](C)CCCCCCCCC(=O)N(C)[C@@H](C)C(=O)N1)CC(C)(C)O2,0.425,/app/jobs/8926f69a/WAR_PDB/BACE1/5qd8_A_E6V.pdb,/app/jobs/8926f69a/TARGET_RESULTS/MCS_Output/MCS_SDF/5qd8_A_E6V_401.sdf,True,True,True,True,/app/jobs/8926f69a/TARGET_RESULTS/MCS_Output/MCS_SVG/5qd8_A_E6V_401_plain.svg,/app/jobs/8926f69a/TARGET_RESULTS/MCS_Output/MCS_SVG/5qd8_A_E6V_401_exposed.svg
BACE1,3duy,A,AFJ,501,CCCCNC(=O)[C@H](C)C[C@H](O)[C@H](CC(C)C)NC(=O)[C@H](CCSC)NC(=O)CCC(C)C,0.424,/app/jobs/8926f69a/WAR_PDB/BACE1/3duy_A_AFJ.pdb,/app/jobs/8926f69a/TARGET_RESULTS/MCS_Output/MCS_SDF/3duy_A_AFJ_501.sdf,True,True,True,True,/app/jobs/8926f69a/TARGET_RESULTS/MCS_Output/MCS_SVG/3duy_A_AFJ_501_plain.svg,/app/jobs/8926f69a/TARGET_RESULTS/MCS_Output/MCS_SVG/3duy_A_AFJ_501_exposed.svg
BACE1,4fm7,A,0UP,501,CC(C)Oc1cc(CN2CC[C@@]3(C[C@@H]2C)CN(C)S(=O)(=O)N3c2cccc(F)c2)ccc1O,0.424,/app/jobs/8926f69a/WAR_PDB/BACE1/4fm7_A_0UP.pdb,/app/jobs/8926f69a/TARGET_RESULTS/MCS_Output/MCS_SDF/4fm7_A_0UP_501.sdf,True,True,True,True,/app/jobs/8926f69a/TARGET_RESULTS/MCS_Output/MCS_SVG/4fm7_A_0UP_501_plain.svg,/app/jobs/8926f69a/TARGET_RESULTS/MCS_Output/MCS_SVG/4fm7_A_0UP_501_exposed.svg
BACE1,4fsl,A,0VB,501,[H]/N=C(\NCc1cc(C)c(NC(C)=O)c(Cl)c1)NC(=O)c1c(-c2ccc(OC)cc2)nsc1C,0.424,/app/jobs/8926f69a/WAR_PDB/BACE1/4fsl_A_0VB.pdb,/app/jobs/8926f69a/TARGET_RESULTS/MCS_Output/MCS_SDF/4fsl_A_0VB_501.sdf,True,True,True,True,/app/jobs/8926f69a/TARGET_RESULTS/MCS_Output/MCS_SVG/4fsl_A_0VB_501_plain.svg,/app/jobs/8926f69a/TARGET_RESULTS/MCS_Output/MCS_SVG/4fsl_A_0VB_501_exposed.svg
BACE1,4fsl,B,0VB,501,[H]/N=C(\NCc1cc(C)c(NC(C)=O)c(Cl)c1)NC(=O)c1c(-c2ccc(OC)cc2)nsc1C,0.424,/app/jobs/8926f69a/WAR_PDB/BACE1/4fsl_B_0VB.pdb,/app/jobs/8926f69a/TARGET_RESULTS/MCS_Output/MCS_SDF/4fsl_B_0VB_501.sdf,True,True,True,True,/app/jobs/8926f69a/TARGET_RESULTS/MCS_Output/MCS_SVG/4fsl_B_0VB_501_plain.svg,/app/jobs/8926f69a/TARGET_RESULTS/MCS_Output/MCS_SVG/4fsl_B_0VB_501_exposed.svg
BACE1,4fsl,D,0VB,501,[H]/N=C(\NCc1cc(C)c(NC(C)=O)c(Cl)c1)NC(=O)c1c(-c2ccc(OC)cc2)nsc1C,0.424,/app/jobs/8926f69a/WAR_PDB/BACE1/4fsl_D_0VB.pdb,/app/jobs/8926f69a/TARGET_RESULTS/MCS_Output/MCS_SDF/4fsl_D_0VB_501.sdf,True,True,True,True,/app/jobs/8926f69a/TARGET_RESULTS/MCS_Output/MCS_SVG/4fsl_D_0VB_501_plain.svg,/app/jobs/8926f69a/TARGET_RESULTS/MCS_Output/MCS_SVG/4fsl_D_0VB_501_exposed.svg
BACE1,4fsl,E,0VB,501,[H]/N=C(\NCc1cc(C)c(NC(C)=O)c(Cl)c1)NC(=O)c1c(-c2ccc(OC)cc2)nsc1C,0.424,/app/jobs/8926f69a/WAR_PDB/BACE1/4fsl_E_0VB.pdb,/app/jobs/8926f69a/TARGET_RESULTS/MCS_Output/MCS_SDF/4fsl_E_0VB_501.sdf,True,True,True,True,/app/jobs/8926f69a/TARGET_RESULTS/MCS_Output/MCS_SVG/4fsl_E_0VB_501_plain.svg,/app/jobs/8926f69a/TARGET_RESULTS/MCS_Output/MCS_SVG/4fsl_E_0VB_501_exposed.svg
BACE1,5qcq,B,AFJ,401,CCCCNC(=O)[C@H](C)C[C@H](O)[C@H](CC(C)C)NC(=O)[C@H](CCSC)NC(=O)CCC(C)C,0.424,/app/jobs/8926f69a/WAR_PDB/BACE1/5qcq_B_AFJ.pdb,/app/jobs/8926f69a/TARGET_RESULTS/MCS_Output/MCS_SDF/5qcq_B_AFJ_401.sdf,True,True,True,True,/app/jobs/8926f69a/TARGET_RESULTS/MCS_Output/MCS_SVG/5qcq_B_AFJ_401_plain.svg,/app/jobs/8926f69a/TARGET_RESULTS/MCS_Output/MCS_SVG/5qcq_B_AFJ_401_exposed.svg
BACE1,5qcq,C,AFJ,401,CCCCNC(=O)[C@H](C)C[C@H](O)[C@H](CC(C)C)NC(=O)[C@H](CCSC)NC(=O)CCC(C)C,0.424,/app/jobs/8926f69a/WAR_PDB/BACE1/5qcq_C_AFJ.pdb,/app/jobs/8926f69a/TARGET_RESULTS/MCS_Output/MCS_SDF/5qcq_C_AFJ_401.sdf,True,True,True,True,/app/jobs/8926f69a/TARGET_RESULTS/MCS_Output/MCS_SVG/5qcq_C_AFJ_401_plain.svg,/app/jobs/8926f69a/TARGET_RESULTS/MCS_Output/MCS_SVG/5qcq_C_AFJ_401_exposed.svg
BACE1,6jsf,A,C7X,510,C[C@]1(c2cc(NC(=O)c3cnc(OCF)cn3)ccc2F)N=C(N)SC[C@H]1c1ccccc1,0.424,/app/jobs/8926f69a/WAR_PDB/BACE1/6jsf_A_C7X.pdb,/app/jobs/8926f69a/TARGET_RESULTS/MCS_Output/MCS_SDF/6jsf_A_C7X_510.sdf,True,True,True,True,/app/jobs/8926f69a/TARGET_RESULTS/MCS_Output/MCS_SVG/6jsf_A_C7X_510_plain.svg,/app/jobs/8926f69a/TARGET_RESULTS/MCS_Output/MCS_SVG/6jsf_A_C7X_510_exposed.svg
BACE1,6pz4,A,P6J,506,C#CCOc1cnc(C(=O)Nc2cc(F)c(F)c([C@@]3(C)N=C(N)S[C@@]4(COC)C[C@H]43)c2)cn1,0.424,/app/jobs/8926f69a/WAR_PDB/BACE1/6pz4_A_P6J.pdb,/app/jobs/8926f69a/TARGET_RESULTS/MCS_Output/MCS_SDF/6pz4_A_P6J_506.sdf,True,True,True,True,/app/jobs/8926f69a/TARGET_RESULTS/MCS_Output/MCS_SVG/6pz4_A_P6J_506_plain.svg,/app/jobs/8926f69a/TARGET_RESULTS/MCS_Output/MCS_SVG/6pz4_A_P6J_506_exposed.svg
BACE1,5htz,A,66J,501,[H]/N=C1\N[C@](C)(c2sc(-c3cncc(C#CC)c3)cc2Cl)CS(=O)(=O)N1C,0.423,/app/jobs/8926f69a/WAR_PDB/BACE1/5htz_A_66J.pdb,/app/jobs/8926f69a/TARGET_RESULTS/MCS_Output/MCS_SDF/5htz_A_66J_501.sdf,True,True,True,True,/app/jobs/8926f69a/TARGET_RESULTS/MCS_Output/MCS_SVG/5htz_A_66J_501_plain.svg,/app/jobs/8926f69a/TARGET_RESULTS/MCS_Output/MCS_SVG/5htz_A_66J_501_exposed.svg
BACE1,3ckr,B,009,502,CN(C)c1cccc(CNC[C@@H](O)[C@H](Cc2ccccc2)NC(=O)[C@]2(Cc3ccccc3)CN(Cc3ccccc3)C(=O)N2)c1,0.422,/app/jobs/8926f69a/WAR_PDB/BACE1/3ckr_B_009.pdb,/app/jobs/8926f69a/TARGET_RESULTS/MCS_Output/MCS_SDF/3ckr_B_009_502.sdf,True,True,True,True,/app/jobs/8926f69a/TARGET_RESULTS/MCS_Output/MCS_SVG/3ckr_B_009_502_plain.svg,/app/jobs/8926f69a/TARGET_RESULTS/MCS_Output/MCS_SVG/3ckr_B_009_502_exposed.svg
BACE1,3ckr,C,009,503,CN(C)c1cccc(CNC[C@@H](O)[C@H](Cc2ccccc2)NC(=O)[C@]2(Cc3ccccc3)CN(Cc3ccccc3)C(=O)N2)c1,0.422,/app/jobs/8926f69a/WAR_PDB/BACE1/3ckr_C_009.pdb,/app/jobs/8926f69a/TARGET_RESULTS/MCS_Output/MCS_SDF/3ckr_C_009_503.sdf,True,True,True,True,/app/jobs/8926f69a/TARGET_RESULTS/MCS_Output/MCS_SVG/3ckr_C_009_503_plain.svg,/app/jobs/8926f69a/TARGET_RESULTS/MCS_Output/MCS_SVG/3ckr_C_009_503_exposed.svg
BACE1,5qd1,B,E61,401,COCc1cc2cc(c1)C(=O)N[C@H]([C@H](O)CNCc1cccc(C(C)C)c1)C[C@H](C)CCOCCCCN2,0.421,/app/jobs/8926f69a/WAR_PDB/BACE1/5qd1_B_E61.pdb,/app/jobs/8926f69a/TARGET_RESULTS/MCS_Output/MCS_SDF/5qd1_B_E61_401.sdf,True,True,True,True,/app/jobs/8926f69a/TARGET_RESULTS/MCS_Output/MCS_SVG/5qd1_B_E61_401_plain.svg,/app/jobs/8926f69a/TARGET_RESULTS/MCS_Output/MCS_SVG/5qd1_B_E61_401_exposed.svg
BACE1,5qd3,C,E6M,401,COCc1cc2cc(c1)C(=O)N[C@H]([C@H](O)CNCc1cccc(C(C)C)c1)C[C@H](C)CCCCCCCN2,0.421,/app/jobs/8926f69a/WAR_PDB/BACE1/5qd3_C_E6M.pdb,/app/jobs/8926f69a/TARGET_RESULTS/MCS_Output/MCS_SDF/5qd3_C_E6M_401.sdf,True,True,True,True,/app/jobs/8926f69a/TARGET_RESULTS/MCS_Output/MCS_SVG/5qd3_C_E6M_401_plain.svg,/app/jobs/8926f69a/TARGET_RESULTS/MCS_Output/MCS_SVG/5qd3_C_E6M_401_exposed.svg
BACE1,5qd9,A,E6Y,401,C[C@@H]1CCCCCCOCC(=O)N(C)[C@@H](C)C(=O)N[C@H]([C@H](O)CNC2(c3cccc(C(C)(C)C)c3)CC2)C1,0.421,/app/jobs/8926f69a/WAR_PDB/BACE1/5qd9_A_E6Y.pdb,/app/jobs/8926f69a/TARGET_RESULTS/MCS_Output/MCS_SDF/5qd9_A_E6Y_401.sdf,True,True,True,True,/app/jobs/8926f69a/TARGET_RESULTS/MCS_Output/MCS_SVG/5qd9_A_E6Y_401_plain.svg,/app/jobs/8926f69a/TARGET_RESULTS/MCS_Output/MCS_SVG/5qd9_A_E6Y_401_exposed.svg
BACE1,3dv1,B,AR9,501,CCCCNC(=O)[C@H](C)C[C@H](O)[C@@H]1C[C@H](C)CCCCCCCC(=O)N[C@@H](C)C(=O)N1,0.419,/app/jobs/8926f69a/WAR_PDB/BACE1/3dv1_B_AR9.pdb,/app/jobs/8926f69a/TARGET_RESULTS/MCS_Output/MCS_SDF/3dv1_B_AR9_501.sdf,True,True,True,True,/app/jobs/8926f69a/TARGET_RESULTS/MCS_Output/MCS_SVG/3dv1_B_AR9_501_plain.svg,/app/jobs/8926f69a/TARGET_RESULTS/MCS_Output/MCS_SVG/3dv1_B_AR9_501_exposed.svg
BACE1,3dv1,C,AR9,501,CCCCNC(=O)[C@H](C)C[C@H](O)[C@@H]1C[C@H](C)CCCCCCCC(=O)N[C@@H](C)C(=O)N1,0.419,/app/jobs/8926f69a/WAR_PDB/BACE1/3dv1_C_AR9.pdb,/app/jobs/8926f69a/TARGET_RESULTS/MCS_Output/MCS_SDF/3dv1_C_AR9_501.sdf,True,True,True,True,/app/jobs/8926f69a/TARGET_RESULTS/MCS_Output/MCS_SVG/3dv1_C_AR9_501_plain.svg,/app/jobs/8926f69a/TARGET_RESULTS/MCS_Output/MCS_SVG/3dv1_C_AR9_501_exposed.svg
BACE1,3nsh,A,957,407,CC(=O)N[C@@H](Cc1cc(F)cc(F)c1)[C@H](O)CNC1(c2cc(CC(C)(C)C)cs2)CC1,0.419,/app/jobs/8926f69a/WAR_PDB/BACE1/3nsh_A_957.pdb,/app/jobs/8926f69a/TARGET_RESULTS/MCS_Output/MCS_SDF/3nsh_A_957_407.sdf,True,True,True,True,/app/jobs/8926f69a/TARGET_RESULTS/MCS_Output/MCS_SVG/3nsh_A_957_407_plain.svg,/app/jobs/8926f69a/TARGET_RESULTS/MCS_Output/MCS_SVG/3nsh_A_957_407_exposed.svg
BACE1,3nsh,B,957,407,CC(=O)N[C@@H](Cc1cc(F)cc(F)c1)[C@H](O)CNC1(c2cc(CC(C)(C)C)cs2)CC1,0.419,/app/jobs/8926f69a/WAR_PDB/BACE1/3nsh_B_957.pdb,/app/jobs/8926f69a/TARGET_RESULTS/MCS_Output/MCS_SDF/3nsh_B_957_407.sdf,True,True,True,True,/app/jobs/8926f69a/TARGET_RESULTS/MCS_Output/MCS_SVG/3nsh_B_957_407_plain.svg,/app/jobs/8926f69a/TARGET_RESULTS/MCS_Output/MCS_SVG/3nsh_B_957_407_exposed.svg
BACE1,4i0i,A,957,501,CC(=O)N[C@@H](Cc1cc(F)cc(F)c1)[C@H](O)CNC1(c2cc(CC(C)(C)C)cs2)CC1,0.419,/app/jobs/8926f69a/WAR_PDB/BACE1/4i0i_A_957.pdb,/app/jobs/8926f69a/TARGET_RESULTS/MCS_Output/MCS_SDF/4i0i_A_957_501.sdf,True,True,True,True,/app/jobs/8926f69a/TARGET_RESULTS/MCS_Output/MCS_SVG/4i0i_A_957_501_plain.svg,/app/jobs/8926f69a/TARGET_RESULTS/MCS_Output/MCS_SVG/4i0i_A_957_501_exposed.svg
BACE1,4i0i,C,957,501,CC(=O)N[C@@H](Cc1cc(F)cc(F)c1)[C@H](O)CNC1(c2cc(CC(C)(C)C)cs2)CC1,0.419,/app/jobs/8926f69a/WAR_PDB/BACE1/4i0i_C_957.pdb,/app/jobs/8926f69a/TARGET_RESULTS/MCS_Output/MCS_SDF/4i0i_C_957_501.sdf,True,True,True,True,/app/jobs/8926f69a/TARGET_RESULTS/MCS_Output/MCS_SVG/4i0i_C_957_501_plain.svg,/app/jobs/8926f69a/TARGET_RESULTS/MCS_Output/MCS_SVG/4i0i_C_957_501_exposed.svg
BACE1,3fkt,A,SII,406,CC(=O)Nc1ccc(CN2CCC3(CC2)C(NC2CCCCC2)=NC(=O)N3c2cccc(F)c2)cc1,0.417,/app/jobs/8926f69a/WAR_PDB/BACE1/3fkt_A_SII.pdb,/app/jobs/8926f69a/TARGET_RESULTS/MCS_Output/MCS_SDF/3fkt_A_SII_406.sdf,True,True,True,True,/app/jobs/8926f69a/TARGET_RESULTS/MCS_Output/MCS_SVG/3fkt_A_SII_406_plain.svg,/app/jobs/8926f69a/TARGET_RESULTS/MCS_Output/MCS_SVG/3fkt_A_SII_406_exposed.svg
BACE1,4ke0,A,1R8,501,CCc1ccc2c(c1)[C@@H](NC[C@@H](O)[C@@H]1Cc3cccc(c3)CCCCCCC(=O)N1)CC1(CCC1)O2,0.417,/app/jobs/8926f69a/WAR_PDB/BACE1/4ke0_A_1R8.pdb,/app/jobs/8926f69a/TARGET_RESULTS/MCS_Output/MCS_SDF/4ke0_A_1R8_501.sdf,True,True,True,True,/app/jobs/8926f69a/TARGET_RESULTS/MCS_Output/MCS_SVG/4ke0_A_1R8_501_plain.svg,/app/jobs/8926f69a/TARGET_RESULTS/MCS_Output/MCS_SVG/4ke0_A_1R8_501_exposed.svg
BACE1,5qcy,C,E5P,401,CC(C)c1cccc(CNC[C@@H](O)[C@@H]2C[C@H](C)CCCCCN([C@H](C)c3ccccc3)C(=O)c3cc(cc(-c4ncco4)c3)C(=O)N2)c1,0.417,/app/jobs/8926f69a/WAR_PDB/BACE1/5qcy_C_E5P.pdb,/app/jobs/8926f69a/TARGET_RESULTS/MCS_Output/MCS_SDF/5qcy_C_E5P_401.sdf,True,True,True,True,/app/jobs/8926f69a/TARGET_RESULTS/MCS_Output/MCS_SVG/5qcy_C_E5P_401_plain.svg,/app/jobs/8926f69a/TARGET_RESULTS/MCS_Output/MCS_SVG/5qcy_C_E5P_401_exposed.svg
BACE1,5qd6,C,E6S,401,CC(C)c1cccc(CNCC(O)(O)[C@@H]2C[C@H](C)CCCCCCCCC(=O)N(C)[C@@H](C)C(=O)N2)c1,0.417,/app/jobs/8926f69a/WAR_PDB/BACE1/5qd6_C_E6S.pdb,/app/jobs/8926f69a/TARGET_RESULTS/MCS_Output/MCS_SDF/5qd6_C_E6S_401.sdf,True,True,True,True,/app/jobs/8926f69a/TARGET_RESULTS/MCS_Output/MCS_SVG/5qd6_C_E6S_401_plain.svg,/app/jobs/8926f69a/TARGET_RESULTS/MCS_Output/MCS_SVG/5qd6_C_E6S_401_exposed.svg
BACE1,3k5g,A,BJC,387,CC(C)c1cccc(CNC[C@@H](O)[C@H](Cc2ccccc2)NC(=O)[C@@H]2CCC[C@H](C(C)(C)N3CCCCC3=O)C2)c1,0.415,/app/jobs/8926f69a/WAR_PDB/BACE1/3k5g_A_BJC.pdb,/app/jobs/8926f69a/TARGET_RESULTS/MCS_Output/MCS_SDF/3k5g_A_BJC_387.sdf,True,True,True,True,/app/jobs/8926f69a/TARGET_RESULTS/MCS_Output/MCS_SVG/3k5g_A_BJC_387_plain.svg,/app/jobs/8926f69a/TARGET_RESULTS/MCS_Output/MCS_SVG/3k5g_A_BJC_387_exposed.svg
BACE1,3ivh,A,1LI,1,CC(=O)N[C@@H](Cc1cc(F)cc(F)c1)[C@H](O)CNC1(c2cccc(C(C)(C)C)c2)CCCCC1,0.412,/app/jobs/8926f69a/WAR_PDB/BACE1/3ivh_A_1LI.pdb,/app/jobs/8926f69a/TARGET_RESULTS/MCS_Output/MCS_SDF/3ivh_A_1LI_1.sdf,True,True,True,True,/app/jobs/8926f69a/TARGET_RESULTS/MCS_Output/MCS_SVG/3ivh_A_1LI_1_plain.svg,/app/jobs/8926f69a/TARGET_RESULTS/MCS_Output/MCS_SVG/3ivh_A_1LI_1_exposed.svg
BACE1,3kmx,A,G00,501,[H]/N=C(/N)SCc1ccc(OCCCC)c(Cl)c1,0.412,/app/jobs/8926f69a/WAR_PDB/BACE1/3kmx_A_G00.pdb,/app/jobs/8926f69a/TARGET_RESULTS/MCS_Output/MCS_SDF/3kmx_A_G00_501.sdf,True,True,True,True,/app/jobs/8926f69a/TARGET_RESULTS/MCS_Output/MCS_SVG/3kmx_A_G00_501_plain.svg,/app/jobs/8926f69a/TARGET_RESULTS/MCS_Output/MCS_SVG/3kmx_A_G00_501_exposed.svg
BACE1,5qcs,A,AXF,401,CCCCNC(=O)[C@H](C)C[C@H](O)[C@@H]1CSC/C=C/CS[C@H]2CCCN[C@H]2C(=O)N[C@@H](C)C(=O)N1,0.412,/app/jobs/8926f69a/WAR_PDB/BACE1/5qcs_A_AXF.pdb,/app/jobs/8926f69a/TARGET_RESULTS/MCS_Output/MCS_SDF/5qcs_A_AXF_401.sdf,True,True,True,True,/app/jobs/8926f69a/TARGET_RESULTS/MCS_Output/MCS_SVG/5qcs_A_AXF_401_plain.svg,/app/jobs/8926f69a/TARGET_RESULTS/MCS_Output/MCS_SVG/5qcs_A_AXF_401_exposed.svg
BACE1,4lxm,A,1YU,501,CC(C)(C)c1cccc(CN[C@H]2C[S@@](=O)C[C@@H](Cc3cc(F)c(N)c(OC(C(F)(F)F)C(F)(F)F)c3)[C@@H]2O)c1,0.41,/app/jobs/8926f69a/WAR_PDB/BACE1/4lxm_A_1YU.pdb,/app/jobs/8926f69a/TARGET_RESULTS/MCS_Output/MCS_SDF/4lxm_A_1YU_501.sdf,True,True,True,True,/app/jobs/8926f69a/TARGET_RESULTS/MCS_Output/MCS_SVG/4lxm_A_1YU_501_plain.svg,/app/jobs/8926f69a/TARGET_RESULTS/MCS_Output/MCS_SVG/4lxm_A_1YU_501_exposed.svg
BACE1,5i3x,A,68J,401,CC(C)(C)CCNC(=O)CCc1cc2cc(-c3ccccc3C#CCC3(NC(=O)c4ccc(F)cc4)CC3)ccc2nc1N,0.409,/app/jobs/8926f69a/WAR_PDB/BACE1/5i3x_A_68J.pdb,/app/jobs/8926f69a/TARGET_RESULTS/MCS_Output/MCS_SDF/5i3x_A_68J_401.sdf,True,True,True,True,/app/jobs/8926f69a/TARGET_RESULTS/MCS_Output/MCS_SVG/5i3x_A_68J_401_plain.svg,/app/jobs/8926f69a/TARGET_RESULTS/MCS_Output/MCS_SVG/5i3x_A_68J_401_exposed.svg
BACE1,4i1c,A,1BE,504,CCCc1scc(-c2cn[nH]c2)c1C[C@H](NC1=NC(C)(C)Cc2cc(Cl)ccc21)C(=O)O,0.406,/app/jobs/8926f69a/WAR_PDB/BACE1/4i1c_A_1BE.pdb,/app/jobs/8926f69a/TARGET_RESULTS/MCS_Output/MCS_SDF/4i1c_A_1BE_504.sdf,True,True,True,True,/app/jobs/8926f69a/TARGET_RESULTS/MCS_Output/MCS_SVG/4i1c_A_1BE_504_plain.svg,/app/jobs/8926f69a/TARGET_RESULTS/MCS_Output/MCS_SVG/4i1c_A_1BE_504_exposed.svg
BACE1,4di2,C,0K9,501,CO[C@H](C)C(=O)N[C@@H](Cc1cccc(-c2nccs2)c1)[C@H](O)CN[C@H]1CC2(CCC2)Oc2ncc(CC(C)(C)C)cc21,0.405,/app/jobs/8926f69a/WAR_PDB/BACE1/4di2_C_0K9.pdb,/app/jobs/8926f69a/TARGET_RESULTS/MCS_Output/MCS_SDF/4di2_C_0K9_501.sdf,True,True,True,True,/app/jobs/8926f69a/TARGET_RESULTS/MCS_Output/MCS_SVG/4di2_C_0K9_501_plain.svg,/app/jobs/8926f69a/TARGET_RESULTS/MCS_Output/MCS_SVG/4di2_C_0K9_501_exposed.svg
BACE1,4gmi,A,0XA,401,Cc1cc2cc(c1)C(=O)N[C@H]([C@H](O)CNC(C)(C)c1ncc(C(C)(C)C)o1)COC/C=C/CCCC2=O,0.405,/app/jobs/8926f69a/WAR_PDB/BACE1/4gmi_A_0XA.pdb,/app/jobs/8926f69a/TARGET_RESULTS/MCS_Output/MCS_SDF/4gmi_A_0XA_401.sdf,True,True,True,True,/app/jobs/8926f69a/TARGET_RESULTS/MCS_Output/MCS_SVG/4gmi_A_0XA_401_plain.svg,/app/jobs/8926f69a/TARGET_RESULTS/MCS_Output/MCS_SVG/4gmi_A_0XA_401_exposed.svg
BACE1,4k8s,A,1QT,401,CCc1ccc2c(c1)[C@@H](NC[C@@H](O)[C@@H]1Cc3cccc(c3)CCCCCCCC(=O)N1)CC1(CCC1)O2,0.405,/app/jobs/8926f69a/WAR_PDB/BACE1/4k8s_A_1QT.pdb,/app/jobs/8926f69a/TARGET_RESULTS/MCS_Output/MCS_SDF/4k8s_A_1QT_401.sdf,True,True,True,True,/app/jobs/8926f69a/TARGET_RESULTS/MCS_Output/MCS_SVG/4k8s_A_1QT_401_plain.svg,/app/jobs/8926f69a/TARGET_RESULTS/MCS_Output/MCS_SVG/4k8s_A_1QT_401_exposed.svg
BACE1,5qcp,C,E4G,401,CC(=O)COc1cc2cc(c1)C(=O)N[C@H]([C@H](O)CNCc1cccc(C(C)C)c1)Cc1cccc(c1)OCCCCO2,0.405,/app/jobs/8926f69a/WAR_PDB/BACE1/5qcp_C_E4G.pdb,/app/jobs/8926f69a/TARGET_RESULTS/MCS_Output/MCS_SDF/5qcp_C_E4G_401.sdf,True,True,True,True,/app/jobs/8926f69a/TARGET_RESULTS/MCS_Output/MCS_SVG/5qcp_C_E4G_401_plain.svg,/app/jobs/8926f69a/TARGET_RESULTS/MCS_Output/MCS_SVG/5qcp_C_E4G_401_exposed.svg
BACE1,5qcx,A,E5D,401,CCN1CCCCC[C@@H](C)C[C@@H]([C@H](O)CNCc2cccc(C(C)C)c2)NC(=O)c2cccc(c2)C1=O,0.405,/app/jobs/8926f69a/WAR_PDB/BACE1/5qcx_A_E5D.pdb,/app/jobs/8926f69a/TARGET_RESULTS/MCS_Output/MCS_SDF/5qcx_A_E5D_401.sdf,True,True,True,True,/app/jobs/8926f69a/TARGET_RESULTS/MCS_Output/MCS_SVG/5qcx_A_E5D_401_plain.svg,/app/jobs/8926f69a/TARGET_RESULTS/MCS_Output/MCS_SVG/5qcx_A_E5D_401_exposed.svg
BACE1,5qcx,C,E5D,401,CCN1CCCCC[C@@H](C)C[C@@H]([C@H](O)CNCc2cccc(C(C)C)c2)NC(=O)c2cccc(c2)C1=O,0.405,/app/jobs/8926f69a/WAR_PDB/BACE1/5qcx_C_E5D.pdb,/app/jobs/8926f69a/TARGET_RESULTS/MCS_Output/MCS_SDF/5qcx_C_E5D_401.sdf,True,True,True,True,/app/jobs/8926f69a/TARGET_RESULTS/MCS_Output/MCS_SVG/5qcx_C_E5D_401_plain.svg,/app/jobs/8926f69a/TARGET_RESULTS/MCS_Output/MCS_SVG/5qcx_C_E5D_401_exposed.svg
BACE1,3n4l,C,842,407,CC(=O)N[C@@H](Cc1cc(F)cc(F)c1)[C@H](O)CNC1(c2cccc(-n3cccn3)c2)CCCCC1,0.4,/app/jobs/8926f69a/WAR_PDB/BACE1/3n4l_C_842.pdb,/app/jobs/8926f69a/TARGET_RESULTS/MCS_Output/MCS_SDF/3n4l_C_842_407.sdf,True,True,True,True,/app/jobs/8926f69a/TARGET_RESULTS/MCS_Output/MCS_SVG/3n4l_C_842_407_plain.svg,/app/jobs/8926f69a/TARGET_RESULTS/MCS_Output/MCS_SVG/3n4l_C_842_407_exposed.svg
BACE1,4d8c,B,BXD,501,CCOC[C@@H](Oc1cc(C[C@@H]2CS(=O)(=O)C[C@H](NCc3cccc(C(C)(C)C)c3)[C@H]2O)cc(F)c1N)C(F)(F)F,0.4,/app/jobs/8926f69a/WAR_PDB/BACE1/4d8c_B_BXD.pdb,/app/jobs/8926f69a/TARGET_RESULTS/MCS_Output/MCS_SDF/4d8c_B_BXD_501.sdf,True,True,True,True,/app/jobs/8926f69a/TARGET_RESULTS/MCS_Output/MCS_SVG/4d8c_B_BXD_501_plain.svg,/app/jobs/8926f69a/TARGET_RESULTS/MCS_Output/MCS_SVG/4d8c_B_BXD_501_exposed.svg
BACE1,4d8c,C,BXD,401,CCOC[C@@H](Oc1cc(C[C@@H]2CS(=O)(=O)C[C@H](NCc3cccc(C(C)(C)C)c3)[C@H]2O)cc(F)c1N)C(F)(F)F,0.4,/app/jobs/8926f69a/WAR_PDB/BACE1/4d8c_C_BXD.pdb,/app/jobs/8926f69a/TARGET_RESULTS/MCS_Output/MCS_SDF/4d8c_C_BXD_401.sdf,True,True,True,True,/app/jobs/8926f69a/TARGET_RESULTS/MCS_Output/MCS_SVG/4d8c_C_BXD_401_plain.svg,/app/jobs/8926f69a/TARGET_RESULTS/MCS_Output/MCS_SVG/4d8c_C_BXD_401_exposed.svg
BACE1,4dh6,A,0KN,411,CO[C@H](C)C(=O)N[C@@H](Cc1ccc2c(c1)OCO2)[C@H](O)CN[C@H]1CC2(CCC2)Oc2ncc(CC(C)(C)C)cc21,0.4,/app/jobs/8926f69a/WAR_PDB/BACE1/4dh6_A_0KN.pdb,/app/jobs/8926f69a/TARGET_RESULTS/MCS_Output/MCS_SDF/4dh6_A_0KN_411.sdf,True,True,True,True,/app/jobs/8926f69a/TARGET_RESULTS/MCS_Output/MCS_SVG/4dh6_A_0KN_411_plain.svg,/app/jobs/8926f69a/TARGET_RESULTS/MCS_Output/MCS_SVG/4dh6_A_0KN_411_exposed.svg
BACE1,4dus,A,0MP,410,CC(=O)N[C@@H](Cc1ccc(F)cc1)[C@H](O)CN[C@H]1CC2(CCC2)Oc2ncc(CC(C)(C)C)cc21,0.4,/app/jobs/8926f69a/WAR_PDB/BACE1/4dus_A_0MP.pdb,/app/jobs/8926f69a/TARGET_RESULTS/MCS_Output/MCS_SDF/4dus_A_0MP_410.sdf,True,True,True,True,/app/jobs/8926f69a/TARGET_RESULTS/MCS_Output/MCS_SVG/4dus_A_0MP_410_plain.svg,/app/jobs/8926f69a/TARGET_RESULTS/MCS_Output/MCS_SVG/4dus_A_0MP_410_exposed.svg
BACE1,5he7,A,60X,501,[H]/N=C1\N[C@@]2(c3ccc(F)cc3F)CN(c3nc(C)c(F)c(OC)n3)C[C@H]2C(=O)N1C,0.4,/app/jobs/8926f69a/WAR_PDB/BACE1/5he7_A_60X.pdb,/app/jobs/8926f69a/TARGET_RESULTS/MCS_Output/MCS_SDF/5he7_A_60X_501.sdf,True,True,True,True,/app/jobs/8926f69a/TARGET_RESULTS/MCS_Output/MCS_SVG/5he7_A_60X_501_plain.svg,/app/jobs/8926f69a/TARGET_RESULTS/MCS_Output/MCS_SVG/5he7_A_60X_501_exposed.svg
BACE1,5qd8,C,E6V,401,CC(C)c1ccc2c(c1)[C@@H](NC[C@@H](O)[C@@H]1C[C@H](C)CCCCCCCCC(=O)N(C)[C@@H](C)C(=O)N1)CC(C)(C)O2,0.4,/app/jobs/8926f69a/WAR_PDB/BACE1/5qd8_C_E6V.pdb,/app/jobs/8926f69a/TARGET_RESULTS/MCS_Output/MCS_SDF/5qd8_C_E6V_401.sdf,True,True,True,True,/app/jobs/8926f69a/TARGET_RESULTS/MCS_Output/MCS_SVG/5qd8_C_E6V_401_plain.svg,/app/jobs/8926f69a/TARGET_RESULTS/MCS_Output/MCS_SVG/5qd8_C_E6V_401_exposed.svg
BACE1,6bfw,A,DK7,401,CC(=O)N[C@@H](Cc1cc(F)cc(F)c1)[C@H](O)[C@H]1CO[C@@H](OCC2CCCCC2)CN1,0.4,/app/jobs/8926f69a/WAR_PDB/BACE1/6bfw_A_DK7.pdb,/app/jobs/8926f69a/TARGET_RESULTS/MCS_Output/MCS_SDF/6bfw_A_DK7_401.sdf,True,True,True,True,/app/jobs/8926f69a/TARGET_RESULTS/MCS_Output/MCS_SVG/6bfw_A_DK7_401_plain.svg,/app/jobs/8926f69a/TARGET_RESULTS/MCS_Output/MCS_SVG/6bfw_A_DK7_401_exposed.svg
BACE1,5qcy,B,E5P,401,CC(C)c1cccc(CNC[C@@H](O)[C@@H]2C[C@H](C)CCCCCN([C@H](C)c3ccccc3)C(=O)c3cc(cc(-c4ncco4)c3)C(=O)N2)c1,0.396,/app/jobs/8926f69a/WAR_PDB/BACE1/5qcy_B_E5P.pdb,/app/jobs/8926f69a/TARGET_RESULTS/MCS_Output/MCS_SDF/5qcy_B_E5P_401.sdf,True,True,True,True,/app/jobs/8926f69a/TARGET_RESULTS/MCS_Output/MCS_SVG/5qcy_B_E5P_401_plain.svg,/app/jobs/8926f69a/TARGET_RESULTS/MCS_Output/MCS_SVG/5qcy_B_E5P_401_exposed.svg
BACE1,4lxk,A,1YT,501,COC[C@@H](Oc1cc(C[C@@H]2C[S@@](=O)C[C@H](NCc3cccc(C(C)(C)C)c3)[C@H]2O)cc(F)c1N)C(F)(F)F,0.395,/app/jobs/8926f69a/WAR_PDB/BACE1/4lxk_A_1YT.pdb,/app/jobs/8926f69a/TARGET_RESULTS/MCS_Output/MCS_SDF/4lxk_A_1YT_501.sdf,True,True,True,True,/app/jobs/8926f69a/TARGET_RESULTS/MCS_Output/MCS_SVG/4lxk_A_1YT_501_plain.svg,/app/jobs/8926f69a/TARGET_RESULTS/MCS_Output/MCS_SVG/4lxk_A_1YT_501_exposed.svg
BACE1,5qct,A,E4Y,401,CCCCNC(=O)[C@H](C)C[C@H](O)[C@@H]1C[C@H](C)CCCCCN(CC)C(=O)c2cc(OCC)cc(c2)C(=O)N1,0.395,/app/jobs/8926f69a/WAR_PDB/BACE1/5qct_A_E4Y.pdb,/app/jobs/8926f69a/TARGET_RESULTS/MCS_Output/MCS_SDF/5qct_A_E4Y_401.sdf,True,True,True,True,/app/jobs/8926f69a/TARGET_RESULTS/MCS_Output/MCS_SVG/5qct_A_E4Y_401_plain.svg,/app/jobs/8926f69a/TARGET_RESULTS/MCS_Output/MCS_SVG/5qct_A_E4Y_401_exposed.svg
BACE1,5qct,B,E4Y,401,CCCCNC(=O)[C@H](C)C[C@H](O)[C@@H]1C[C@H](C)CCCCCN(CC)C(=O)c2cc(OCC)cc(c2)C(=O)N1,0.395,/app/jobs/8926f69a/WAR_PDB/BACE1/5qct_B_E4Y.pdb,/app/jobs/8926f69a/TARGET_RESULTS/MCS_Output/MCS_SDF/5qct_B_E4Y_401.sdf,True,True,True,True,/app/jobs/8926f69a/TARGET_RESULTS/MCS_Output/MCS_SVG/5qct_B_E4Y_401_plain.svg,/app/jobs/8926f69a/TARGET_RESULTS/MCS_Output/MCS_SVG/5qct_B_E4Y_401_exposed.svg
BACE1,5qct,C,E4Y,401,CCCCNC(=O)[C@H](C)C[C@H](O)[C@@H]1C[C@H](C)CCCCCN(CC)C(=O)c2cc(OCC)cc(c2)C(=O)N1,0.395,/app/jobs/8926f69a/WAR_PDB/BACE1/5qct_C_E4Y.pdb,/app/jobs/8926f69a/TARGET_RESULTS/MCS_Output/MCS_SDF/5qct_C_E4Y_401.sdf,True,True,True,True,/app/jobs/8926f69a/TARGET_RESULTS/MCS_Output/MCS_SVG/5qct_C_E4Y_401_plain.svg,/app/jobs/8926f69a/TARGET_RESULTS/MCS_Output/MCS_SVG/5qct_C_E4Y_401_exposed.svg
BACE1,5qd9,B,E6Y,401,C[C@@H]1CCCCCCOCC(=O)N(C)[C@@H](C)C(=O)N[C@H]([C@H](O)CNC2(c3cccc(C(C)(C)C)c3)CC2)C1,0.395,/app/jobs/8926f69a/WAR_PDB/BACE1/5qd9_B_E6Y.pdb,/app/jobs/8926f69a/TARGET_RESULTS/MCS_Output/MCS_SDF/5qd9_B_E6Y_401.sdf,True,True,True,True,/app/jobs/8926f69a/TARGET_RESULTS/MCS_Output/MCS_SVG/5qd9_B_E6Y_401_plain.svg,/app/jobs/8926f69a/TARGET_RESULTS/MCS_Output/MCS_SVG/5qd9_B_E6Y_401_exposed.svg
BACE1,6uvp,A,QJJ,401,NC1=N[C@@]2([C@H]3C[C@@H]3NC(=O)c3ccc(F)cn3)COC[C@H]2CS1,0.391,/app/jobs/8926f69a/WAR_PDB/BACE1/6uvp_A_QJJ.pdb,/app/jobs/8926f69a/TARGET_RESULTS/MCS_Output/MCS_SDF/6uvp_A_QJJ_401.sdf,True,True,True,True,/app/jobs/8926f69a/TARGET_RESULTS/MCS_Output/MCS_SVG/6uvp_A_QJJ_401_plain.svg,/app/jobs/8926f69a/TARGET_RESULTS/MCS_Output/MCS_SVG/6uvp_A_QJJ_401_exposed.svg
BACE1,2fdp,C,FRP,386,CCCN(CCC)C(=O)c1cccc(C(=O)N[C@@H](Cc2ccccc2)[C@@H](N)C[C@@H](C)C(=O)Nc2ccc(F)cc2)c1,0.39,/app/jobs/8926f69a/WAR_PDB/BACE1/2fdp_C_FRP.pdb,/app/jobs/8926f69a/TARGET_RESULTS/MCS_Output/MCS_SDF/2fdp_C_FRP_386.sdf,True,True,True,True,/app/jobs/8926f69a/TARGET_RESULTS/MCS_Output/MCS_SVG/2fdp_C_FRP_386_plain.svg,/app/jobs/8926f69a/TARGET_RESULTS/MCS_Output/MCS_SVG/2fdp_C_FRP_386_exposed.svg
BACE1,3k5g,B,BJC,387,CC(C)c1cccc(CNC[C@@H](O)[C@H](Cc2ccccc2)NC(=O)[C@@H]2CCC[C@H](C(C)(C)N3CCCCC3=O)C2)c1,0.39,/app/jobs/8926f69a/WAR_PDB/BACE1/3k5g_B_BJC.pdb,/app/jobs/8926f69a/TARGET_RESULTS/MCS_Output/MCS_SDF/3k5g_B_BJC_387.sdf,True,True,True,True,/app/jobs/8926f69a/TARGET_RESULTS/MCS_Output/MCS_SVG/3k5g_B_BJC_387_plain.svg,/app/jobs/8926f69a/TARGET_RESULTS/MCS_Output/MCS_SVG/3k5g_B_BJC_387_exposed.svg
BACE1,4zpe,A,4QA,501,CC(C)Oc1cccc(CN2CCC3(CC2)C(NC2CCCCC2)=NC(=O)N3c2cccc(F)c2)c1,0.389,/app/jobs/8926f69a/WAR_PDB/BACE1/4zpe_A_4QA.pdb,/app/jobs/8926f69a/TARGET_RESULTS/MCS_Output/MCS_SDF/4zpe_A_4QA_501.sdf,True,True,True,True,/app/jobs/8926f69a/TARGET_RESULTS/MCS_Output/MCS_SVG/4zpe_A_4QA_501_plain.svg,/app/jobs/8926f69a/TARGET_RESULTS/MCS_Output/MCS_SVG/4zpe_A_4QA_501_exposed.svg
BACE1,5mxd,A,III,701,CN(C)c1nc(N2CCCC2)nc2ccccc12,0.389,/app/jobs/8926f69a/WAR_PDB/BACE1/5mxd_A_III.pdb,/app/jobs/8926f69a/TARGET_RESULTS/MCS_Output/MCS_SDF/5mxd_A_III_701.sdf,True,True,True,True,/app/jobs/8926f69a/TARGET_RESULTS/MCS_Output/MCS_SVG/5mxd_A_III_701_plain.svg,/app/jobs/8926f69a/TARGET_RESULTS/MCS_Output/MCS_SVG/5mxd_A_III_701_exposed.svg
BACE1,3dm6,A,757,1000,CC(C)[C@H](NC(=O)C[C@@H](O)[C@H](COc1cc(F)cc(F)c1)NC(=O)c1cc(C(=O)N[C@H](C)c2ccccc2)cc(N(C)S(C)(=O)=O)c1)C(=O)Nc1cc(C(=O)O)cc(C(=O)O)c1,0.387,/app/jobs/8926f69a/WAR_PDB/BACE1/3dm6_A_757.pdb,/app/jobs/8926f69a/TARGET_RESULTS/MCS_Output/MCS_SDF/3dm6_A_757_1000.sdf,True,True,True,True,/app/jobs/8926f69a/TARGET_RESULTS/MCS_Output/MCS_SVG/3dm6_A_757_1000_plain.svg,/app/jobs/8926f69a/TARGET_RESULTS/MCS_Output/MCS_SVG/3dm6_A_757_1000_exposed.svg
BACE1,3dm6,B,757,1000,CC(C)[C@H](NC(=O)C[C@@H](O)[C@H](COc1cc(F)cc(F)c1)NC(=O)c1cc(C(=O)N[C@H](C)c2ccccc2)cc(N(C)S(C)(=O)=O)c1)C(=O)Nc1cc(C(=O)O)cc(C(=O)O)c1,0.387,/app/jobs/8926f69a/WAR_PDB/BACE1/3dm6_B_757.pdb,/app/jobs/8926f69a/TARGET_RESULTS/MCS_Output/MCS_SDF/3dm6_B_757_1000.sdf,True,True,True,True,/app/jobs/8926f69a/TARGET_RESULTS/MCS_Output/MCS_SVG/3dm6_B_757_1000_plain.svg,/app/jobs/8926f69a/TARGET_RESULTS/MCS_Output/MCS_SVG/3dm6_B_757_1000_exposed.svg
BACE1,3nsh,C,957,407,CC(=O)N[C@@H](Cc1cc(F)cc(F)c1)[C@H](O)CNC1(c2cc(CC(C)(C)C)cs2)CC1,0.387,/app/jobs/8926f69a/WAR_PDB/BACE1/3nsh_C_957.pdb,/app/jobs/8926f69a/TARGET_RESULTS/MCS_Output/MCS_SDF/3nsh_C_957_407.sdf,True,True,True,True,/app/jobs/8926f69a/TARGET_RESULTS/MCS_Output/MCS_SVG/3nsh_C_957_407_plain.svg,/app/jobs/8926f69a/TARGET_RESULTS/MCS_Output/MCS_SVG/3nsh_C_957_407_exposed.svg
BACE1,4i0i,B,957,501,CC(=O)N[C@@H](Cc1cc(F)cc(F)c1)[C@H](O)CNC1(c2cc(CC(C)(C)C)cs2)CC1,0.387,/app/jobs/8926f69a/WAR_PDB/BACE1/4i0i_B_957.pdb,/app/jobs/8926f69a/TARGET_RESULTS/MCS_Output/MCS_SDF/4i0i_B_957_501.sdf,True,True,True,True,/app/jobs/8926f69a/TARGET_RESULTS/MCS_Output/MCS_SVG/4i0i_B_957_501_plain.svg,/app/jobs/8926f69a/TARGET_RESULTS/MCS_Output/MCS_SVG/4i0i_B_957_501_exposed.svg
BACE1,2qmd,A,CS7,1,CCCN(CCC)C(=O)c1cc(C)cc(C(=O)N[C@@H](Cc2cc(F)cc(F)c2)[C@H](O)[C@H]2C[C@@H](OCc3ccccc3)CN2)c1,0.386,/app/jobs/8926f69a/WAR_PDB/BACE1/2qmd_A_CS7.pdb,/app/jobs/8926f69a/TARGET_RESULTS/MCS_Output/MCS_SDF/2qmd_A_CS7_1.sdf,True,True,True,True,/app/jobs/8926f69a/TARGET_RESULTS/MCS_Output/MCS_SVG/2qmd_A_CS7_1_plain.svg,/app/jobs/8926f69a/TARGET_RESULTS/MCS_Output/MCS_SVG/2qmd_A_CS7_1_exposed.svg
BACE1,2qmg,B,SC6,1,COC[C@H]1CCCN1C(=O)c1cc(C)cc(C(=O)N[C@@H](Cc2cc(F)cc(F)c2)[C@H](O)[C@H]2C[C@@H](Oc3ccccc3)CN2)c1,0.386,/app/jobs/8926f69a/WAR_PDB/BACE1/2qmg_B_SC6.pdb,/app/jobs/8926f69a/TARGET_RESULTS/MCS_Output/MCS_SDF/2qmg_B_SC6_1.sdf,True,True,True,True,/app/jobs/8926f69a/TARGET_RESULTS/MCS_Output/MCS_SVG/2qmg_B_SC6_1_plain.svg,/app/jobs/8926f69a/TARGET_RESULTS/MCS_Output/MCS_SVG/2qmg_B_SC6_1_exposed.svg
BACE1,3cib,B,314,501,CCCN(CCC)C(=O)c1cc(C)cc(C(=O)N[C@@H](Cc2cc(F)cc(F)c2)[C@H](O)[C@H]2C[C@@H](Cc3ccccc3)CCN2)c1,0.386,/app/jobs/8926f69a/WAR_PDB/BACE1/3cib_B_314.pdb,/app/jobs/8926f69a/TARGET_RESULTS/MCS_Output/MCS_SDF/3cib_B_314_501.sdf,True,True,True,True,/app/jobs/8926f69a/TARGET_RESULTS/MCS_Output/MCS_SVG/3cib_B_314_501_plain.svg,/app/jobs/8926f69a/TARGET_RESULTS/MCS_Output/MCS_SVG/3cib_B_314_501_exposed.svg
BACE1,4k9h,C,1QU,401,O=C(N[C@@H](Cc1ccccc1)[C@H](O)CNCc1cccc(C(F)(F)F)c1)c1cc(N2CCCC2=O)c(=O)n(C2CCCC2)c1,0.386,/app/jobs/8926f69a/WAR_PDB/BACE1/4k9h_C_1QU.pdb,/app/jobs/8926f69a/TARGET_RESULTS/MCS_Output/MCS_SDF/4k9h_C_1QU_401.sdf,True,True,True,True,/app/jobs/8926f69a/TARGET_RESULTS/MCS_Output/MCS_SVG/4k9h_C_1QU_401_plain.svg,/app/jobs/8926f69a/TARGET_RESULTS/MCS_Output/MCS_SVG/4k9h_C_1QU_401_exposed.svg
BACE1,1w51,A,L01,1506,CCCN(CCC)C(=O)c1cccc(C(=O)N[C@@H](Cc2ccccc2)[C@H](O)CNCc2cccc(OC)c2)c1,0.385,/app/jobs/8926f69a/WAR_PDB/BACE1/1w51_A_L01.pdb,/app/jobs/8926f69a/TARGET_RESULTS/MCS_Output/MCS_SDF/1w51_A_L01_1506.sdf,True,True,True,True,/app/jobs/8926f69a/TARGET_RESULTS/MCS_Output/MCS_SVG/1w51_A_L01_1506_plain.svg,/app/jobs/8926f69a/TARGET_RESULTS/MCS_Output/MCS_SVG/1w51_A_L01_1506_exposed.svg
BACE1,2vie,A,VG0,1448,CCNc1cc(C(=O)N[C@@H](Cc2ccccc2)[C@H](O)CNC(C)(C)CCCC(C)C)cc(N2CCCC2=O)c1,0.385,/app/jobs/8926f69a/WAR_PDB/BACE1/2vie_A_VG0.pdb,/app/jobs/8926f69a/TARGET_RESULTS/MCS_Output/MCS_SDF/2vie_A_VG0_1448.sdf,True,True,True,True,/app/jobs/8926f69a/TARGET_RESULTS/MCS_Output/MCS_SVG/2vie_A_VG0_1448_plain.svg,/app/jobs/8926f69a/TARGET_RESULTS/MCS_Output/MCS_SVG/2vie_A_VG0_1448_exposed.svg
BACE1,3u6a,C,18P,386,CN1CC(N)=N[C@](C)(c2cccc(NC(=O)c3ccc(Cl)cn3)c2)C1=O,0.385,/app/jobs/8926f69a/WAR_PDB/BACE1/3u6a_C_18P.pdb,/app/jobs/8926f69a/TARGET_RESULTS/MCS_Output/MCS_SDF/3u6a_C_18P_386.sdf,True,True,True,True,/app/jobs/8926f69a/TARGET_RESULTS/MCS_Output/MCS_SVG/3u6a_C_18P_386_plain.svg,/app/jobs/8926f69a/TARGET_RESULTS/MCS_Output/MCS_SVG/3u6a_C_18P_386_exposed.svg
BACE1,4lxa,C,1YS,501,CC(C)(C)c1cccc(CN[C@H]2C[S@](=O)C[C@@H](Cc3cc(F)c(N)c(OC(C(F)(F)F)C(F)(F)F)c3)[C@@H]2O)c1,0.385,/app/jobs/8926f69a/WAR_PDB/BACE1/4lxa_C_1YS.pdb,/app/jobs/8926f69a/TARGET_RESULTS/MCS_Output/MCS_SDF/4lxa_C_1YS_501.sdf,True,True,True,True,/app/jobs/8926f69a/TARGET_RESULTS/MCS_Output/MCS_SVG/4lxa_C_1YS_501_plain.svg,/app/jobs/8926f69a/TARGET_RESULTS/MCS_Output/MCS_SVG/4lxa_C_1YS_501_exposed.svg
BACE1,4lxm,B,1YU,501,CC(C)(C)c1cccc(CN[C@H]2C[S@@](=O)C[C@@H](Cc3cc(F)c(N)c(OC(C(F)(F)F)C(F)(F)F)c3)[C@@H]2O)c1,0.385,/app/jobs/8926f69a/WAR_PDB/BACE1/4lxm_B_1YU.pdb,/app/jobs/8926f69a/TARGET_RESULTS/MCS_Output/MCS_SDF/4lxm_B_1YU_501.sdf,True,True,True,True,/app/jobs/8926f69a/TARGET_RESULTS/MCS_Output/MCS_SVG/4lxm_B_1YU_501_plain.svg,/app/jobs/8926f69a/TARGET_RESULTS/MCS_Output/MCS_SVG/4lxm_B_1YU_501_exposed.svg
BACE1,4lxm,C,1YU,501,CC(C)(C)c1cccc(CN[C@H]2C[S@@](=O)C[C@@H](Cc3cc(F)c(N)c(OC(C(F)(F)F)C(F)(F)F)c3)[C@@H]2O)c1,0.385,/app/jobs/8926f69a/WAR_PDB/BACE1/4lxm_C_1YU.pdb,/app/jobs/8926f69a/TARGET_RESULTS/MCS_Output/MCS_SDF/4lxm_C_1YU_501.sdf,True,True,True,True,/app/jobs/8926f69a/TARGET_RESULTS/MCS_Output/MCS_SVG/4lxm_C_1YU_501_plain.svg,/app/jobs/8926f69a/TARGET_RESULTS/MCS_Output/MCS_SVG/4lxm_C_1YU_501_exposed.svg
BACE1,2f3f,B,AXF,602,CCCCNC(=O)[C@H](C)C[C@H](O)[C@@H]1CSC/C=C/CS[C@H]2CCCN[C@H]2C(=O)N[C@@H](C)C(=O)N1,0.382,/app/jobs/8926f69a/WAR_PDB/BACE1/2f3f_B_AXF.pdb,/app/jobs/8926f69a/TARGET_RESULTS/MCS_Output/MCS_SDF/2f3f_B_AXF_602.sdf,True,True,True,True,/app/jobs/8926f69a/TARGET_RESULTS/MCS_Output/MCS_SVG/2f3f_B_AXF_602_plain.svg,/app/jobs/8926f69a/TARGET_RESULTS/MCS_Output/MCS_SVG/2f3f_B_AXF_602_exposed.svg
BACE1,5hdu,A,60W,502,[H]/N=C1\N[C@@]2(c3cc(-c4cccc(C#N)c4)cs3)CN(c3ncc(F)c(OC)n3)C[C@H]2C(=O)N1C,0.382,/app/jobs/8926f69a/WAR_PDB/BACE1/5hdu_A_60W.pdb,/app/jobs/8926f69a/TARGET_RESULTS/MCS_Output/MCS_SDF/5hdu_A_60W_502.sdf,True,True,True,True,/app/jobs/8926f69a/TARGET_RESULTS/MCS_Output/MCS_SVG/5hdu_A_60W_502_plain.svg,/app/jobs/8926f69a/TARGET_RESULTS/MCS_Output/MCS_SVG/5hdu_A_60W_502_exposed.svg
BACE1,5qcs,B,AXF,401,CCCCNC(=O)[C@H](C)C[C@H](O)[C@@H]1CSC/C=C/CS[C@H]2CCCN[C@H]2C(=O)N[C@@H](C)C(=O)N1,0.382,/app/jobs/8926f69a/WAR_PDB/BACE1/5qcs_B_AXF.pdb,/app/jobs/8926f69a/TARGET_RESULTS/MCS_Output/MCS_SDF/5qcs_B_AXF_401.sdf,True,True,True,True,/app/jobs/8926f69a/TARGET_RESULTS/MCS_Output/MCS_SVG/5qcs_B_AXF_401_plain.svg,/app/jobs/8926f69a/TARGET_RESULTS/MCS_Output/MCS_SVG/5qcs_B_AXF_401_exposed.svg
BACE1,5qcu,A,E51,401,CCCCNC(=O)[C@H](C)C[C@H](O)[C@@H]1C[C@H](C)CCc2cccc(c2)CS(=O)(=O)C[C@@H](C)C(=O)N1,0.382,/app/jobs/8926f69a/WAR_PDB/BACE1/5qcu_A_E51.pdb,/app/jobs/8926f69a/TARGET_RESULTS/MCS_Output/MCS_SDF/5qcu_A_E51_401.sdf,True,True,True,True,/app/jobs/8926f69a/TARGET_RESULTS/MCS_Output/MCS_SVG/5qcu_A_E51_401_plain.svg,/app/jobs/8926f69a/TARGET_RESULTS/MCS_Output/MCS_SVG/5qcu_A_E51_401_exposed.svg
BACE1,5qd0,A,E5Y,401,CCCc1cc(CNC[C@@H](O)[C@@H]2C[C@H](C)CCCCCCOCC(=O)N(C)[C@@H](C)C(=O)N2)n[nH]1,0.382,/app/jobs/8926f69a/WAR_PDB/BACE1/5qd0_A_E5Y.pdb,/app/jobs/8926f69a/TARGET_RESULTS/MCS_Output/MCS_SDF/5qd0_A_E5Y_401.sdf,True,True,True,True,/app/jobs/8926f69a/TARGET_RESULTS/MCS_Output/MCS_SVG/5qd0_A_E5Y_401_plain.svg,/app/jobs/8926f69a/TARGET_RESULTS/MCS_Output/MCS_SVG/5qd0_A_E5Y_401_exposed.svg
BACE1,6nv7,C,L3J,401,CCCN(c1cc2cc(c1)C(=O)N[C@H](CN[C@@H](C(=O)/N=C/C(C)C)[C@H](C)O)Cc1cccc(c1)CCCC2)S(C)(=O)=O,0.381,/app/jobs/8926f69a/WAR_PDB/BACE1/6nv7_C_L3J.pdb,/app/jobs/8926f69a/TARGET_RESULTS/MCS_Output/MCS_SDF/6nv7_C_L3J_401.sdf,True,True,True,True,/app/jobs/8926f69a/TARGET_RESULTS/MCS_Output/MCS_SVG/6nv7_C_L3J_401_plain.svg,/app/jobs/8926f69a/TARGET_RESULTS/MCS_Output/MCS_SVG/6nv7_C_L3J_401_exposed.svg
BACE1,2g94,A,ZPQ,1001,Cc1cc(C)n(COC(=O)N[C@@H](CS(C)(=O)=O)C(=O)N[C@@H](CC(C)C)[C@@H](O)C[C@@H](C)C(=O)N[C@H](C(=O)NCC(C)C)C(C)C)n1,0.378,/app/jobs/8926f69a/WAR_PDB/BACE1/2g94_A_ZPQ.pdb,/app/jobs/8926f69a/TARGET_RESULTS/MCS_Output/MCS_SDF/2g94_A_ZPQ_1001.sdf,True,True,True,True,/app/jobs/8926f69a/TARGET_RESULTS/MCS_Output/MCS_SVG/2g94_A_ZPQ_1001_plain.svg,/app/jobs/8926f69a/TARGET_RESULTS/MCS_Output/MCS_SVG/2g94_A_ZPQ_1001_exposed.svg
BACE1,2g94,B,ZPQ,2001,Cc1cc(C)n(COC(=O)N[C@@H](CS(C)(=O)=O)C(=O)N[C@@H](CC(C)C)[C@@H](O)C[C@@H](C)C(=O)N[C@H](C(=O)NCC(C)C)C(C)C)n1,0.378,/app/jobs/8926f69a/WAR_PDB/BACE1/2g94_B_ZPQ.pdb,/app/jobs/8926f69a/TARGET_RESULTS/MCS_Output/MCS_SDF/2g94_B_ZPQ_2001.sdf,True,True,True,True,/app/jobs/8926f69a/TARGET_RESULTS/MCS_Output/MCS_SVG/2g94_B_ZPQ_2001_plain.svg,/app/jobs/8926f69a/TARGET_RESULTS/MCS_Output/MCS_SVG/2g94_B_ZPQ_2001_exposed.svg
BACE1,2g94,C,ZPQ,3001,Cc1cc(C)n(COC(=O)N[C@@H](CS(C)(=O)=O)C(=O)N[C@@H](CC(C)C)[C@@H](O)C[C@@H](C)C(=O)N[C@H](C(=O)NCC(C)C)C(C)C)n1,0.378,/app/jobs/8926f69a/WAR_PDB/BACE1/2g94_C_ZPQ.pdb,/app/jobs/8926f69a/TARGET_RESULTS/MCS_Output/MCS_SDF/2g94_C_ZPQ_3001.sdf,True,True,True,True,/app/jobs/8926f69a/TARGET_RESULTS/MCS_Output/MCS_SVG/2g94_C_ZPQ_3001_plain.svg,/app/jobs/8926f69a/TARGET_RESULTS/MCS_Output/MCS_SVG/2g94_C_ZPQ_3001_exposed.svg
BACE1,2q15,A,3MR,386,CN(C(=O)CC[C@@H](C1CCCCC1)N1Cc2cc(Oc3ccccc3)ccc2N=C1N)C1CCCCC1,0.378,/app/jobs/8926f69a/WAR_PDB/BACE1/2q15_A_3MR.pdb,/app/jobs/8926f69a/TARGET_RESULTS/MCS_Output/MCS_SDF/2q15_A_3MR_386.sdf,True,True,True,True,/app/jobs/8926f69a/TARGET_RESULTS/MCS_Output/MCS_SVG/2q15_A_3MR_386_plain.svg,/app/jobs/8926f69a/TARGET_RESULTS/MCS_Output/MCS_SVG/2q15_A_3MR_386_exposed.svg
BACE1,4k8s,C,1QT,401,CCc1ccc2c(c1)[C@@H](NC[C@@H](O)[C@@H]1Cc3cccc(c3)CCCCCCCC(=O)N1)CC1(CCC1)O2,0.378,/app/jobs/8926f69a/WAR_PDB/BACE1/4k8s_C_1QT.pdb,/app/jobs/8926f69a/TARGET_RESULTS/MCS_Output/MCS_SDF/4k8s_C_1QT_401.sdf,True,True,True,True,/app/jobs/8926f69a/TARGET_RESULTS/MCS_Output/MCS_SVG/4k8s_C_1QT_401_plain.svg,/app/jobs/8926f69a/TARGET_RESULTS/MCS_Output/MCS_SVG/4k8s_C_1QT_401_exposed.svg
BACE1,4zpf,A,4QD,501,C[C@@H](CN)Oc1cccc(CN2CCC3(CC2)C(NC2CCCCC2)=NC(=O)N3c2cccc(F)c2)c1,0.378,/app/jobs/8926f69a/WAR_PDB/BACE1/4zpf_A_4QD.pdb,/app/jobs/8926f69a/TARGET_RESULTS/MCS_Output/MCS_SDF/4zpf_A_4QD_501.sdf,True,True,True,True,/app/jobs/8926f69a/TARGET_RESULTS/MCS_Output/MCS_SVG/4zpf_A_4QD_501_plain.svg,/app/jobs/8926f69a/TARGET_RESULTS/MCS_Output/MCS_SVG/4zpf_A_4QD_501_exposed.svg
BACE1,2qp8,A,SC7,1,CCCN(CCC)C(=O)c1cc(C)cc(C(=O)N[C@@H](Cc2cc(F)cc(F)c2)[C@H](O)[C@H]2C[C@@H](OCC)CCN2)c1,0.375,/app/jobs/8926f69a/WAR_PDB/BACE1/2qp8_A_SC7.pdb,/app/jobs/8926f69a/TARGET_RESULTS/MCS_Output/MCS_SDF/2qp8_A_SC7_1.sdf,True,True,True,True,/app/jobs/8926f69a/TARGET_RESULTS/MCS_Output/MCS_SVG/2qp8_A_SC7_1_plain.svg,/app/jobs/8926f69a/TARGET_RESULTS/MCS_Output/MCS_SVG/2qp8_A_SC7_1_exposed.svg
BACE1,2viy,A,VG3,1448,CCCCCS(=O)(=O)c1cccc(C(=O)N[C@@H](Cc2ccccc2)[C@H](O)CN[C@@H](C)C(=O)NC2CCCCC2)c1,0.375,/app/jobs/8926f69a/WAR_PDB/BACE1/2viy_A_VG3.pdb,/app/jobs/8926f69a/TARGET_RESULTS/MCS_Output/MCS_SDF/2viy_A_VG3_1448.sdf,True,True,True,True,/app/jobs/8926f69a/TARGET_RESULTS/MCS_Output/MCS_SVG/2viy_A_VG3_1448_plain.svg,/app/jobs/8926f69a/TARGET_RESULTS/MCS_Output/MCS_SVG/2viy_A_VG3_1448_exposed.svg
BACE1,3kmy,A,D8Y,501,Nc1ncccc1CCc1cccc(Cl)c1,0.375,/app/jobs/8926f69a/WAR_PDB/BACE1/3kmy_A_D8Y.pdb,/app/jobs/8926f69a/TARGET_RESULTS/MCS_Output/MCS_SDF/3kmy_A_D8Y_501.sdf,True,True,True,True,/app/jobs/8926f69a/TARGET_RESULTS/MCS_Output/MCS_SVG/3kmy_A_D8Y_501_plain.svg,/app/jobs/8926f69a/TARGET_RESULTS/MCS_Output/MCS_SVG/3kmy_A_D8Y_501_exposed.svg
BACE1,3uqw,A,ZPY,394,CCOC(=O)c1cnn(C[C@H](O)[C@H](Cc2ccccc2)NC(=O)c2cc(C(=O)N[C@H](C)c3ccc(F)cc3)cc(N(C)S(C)(=O)=O)c2)c1,0.375,/app/jobs/8926f69a/WAR_PDB/BACE1/3uqw_A_ZPY.pdb,/app/jobs/8926f69a/TARGET_RESULTS/MCS_Output/MCS_SDF/3uqw_A_ZPY_394.sdf,True,True,True,True,/app/jobs/8926f69a/TARGET_RESULTS/MCS_Output/MCS_SVG/3uqw_A_ZPY_394_plain.svg,/app/jobs/8926f69a/TARGET_RESULTS/MCS_Output/MCS_SVG/3uqw_A_ZPY_394_exposed.svg
BACE1,4d8c,A,BXD,501,CCOC[C@@H](Oc1cc(C[C@@H]2CS(=O)(=O)C[C@H](NCc3cccc(C(C)(C)C)c3)[C@H]2O)cc(F)c1N)C(F)(F)F,0.375,/app/jobs/8926f69a/WAR_PDB/BACE1/4d8c_A_BXD.pdb,/app/jobs/8926f69a/TARGET_RESULTS/MCS_Output/MCS_SDF/4d8c_A_BXD_501.sdf,True,True,True,True,/app/jobs/8926f69a/TARGET_RESULTS/MCS_Output/MCS_SVG/4d8c_A_BXD_501_plain.svg,/app/jobs/8926f69a/TARGET_RESULTS/MCS_Output/MCS_SVG/4d8c_A_BXD_501_exposed.svg
BACE1,4exg,A,916,500,CC(=O)N[C@@H](Cc1ccccc1)[C@H](O)CN[C@H]1CC(C)(C)Oc2sc(CC(C)(C)C)cc21,0.375,/app/jobs/8926f69a/WAR_PDB/BACE1/4exg_A_916.pdb,/app/jobs/8926f69a/TARGET_RESULTS/MCS_Output/MCS_SDF/4exg_A_916_500.sdf,True,True,True,True,/app/jobs/8926f69a/TARGET_RESULTS/MCS_Output/MCS_SVG/4exg_A_916_500_plain.svg,/app/jobs/8926f69a/TARGET_RESULTS/MCS_Output/MCS_SVG/4exg_A_916_500_exposed.svg
BACE1,5qd2,A,E6J,401,COCc1cc2cc(c1)C(=O)N[C@H]([C@H](O)CNCc1cccc(C(C)C)c1)Cc1cccc(c1)OCCCCO2,0.375,/app/jobs/8926f69a/WAR_PDB/BACE1/5qd2_A_E6J.pdb,/app/jobs/8926f69a/TARGET_RESULTS/MCS_Output/MCS_SDF/5qd2_A_E6J_401.sdf,True,True,True,True,/app/jobs/8926f69a/TARGET_RESULTS/MCS_Output/MCS_SVG/5qd2_A_E6J_401_plain.svg,/app/jobs/8926f69a/TARGET_RESULTS/MCS_Output/MCS_SVG/5qd2_A_E6J_401_exposed.svg
BACE1,5qd8,B,E6V,401,CC(C)c1ccc2c(c1)[C@@H](NC[C@@H](O)[C@@H]1C[C@H](C)CCCCCCCCC(=O)N(C)[C@@H](C)C(=O)N1)CC(C)(C)O2,0.375,/app/jobs/8926f69a/WAR_PDB/BACE1/5qd8_B_E6V.pdb,/app/jobs/8926f69a/TARGET_RESULTS/MCS_Output/MCS_SDF/5qd8_B_E6V_401.sdf,True,True,True,True,/app/jobs/8926f69a/TARGET_RESULTS/MCS_Output/MCS_SVG/5qd8_B_E6V_401_plain.svg,/app/jobs/8926f69a/TARGET_RESULTS/MCS_Output/MCS_SVG/5qd8_B_E6V_401_exposed.svg
BACE1,3dv5,B,BAV,501,CC(C)c1cccc(CNC[C@@H](O)[C@@H]2C[C@H](C)CCCCCCCCC(=O)N(C)[C@@H](C)C(=O)N2)c1,0.371,/app/jobs/8926f69a/WAR_PDB/BACE1/3dv5_B_BAV.pdb,/app/jobs/8926f69a/TARGET_RESULTS/MCS_Output/MCS_SDF/3dv5_B_BAV_501.sdf,True,True,True,True,/app/jobs/8926f69a/TARGET_RESULTS/MCS_Output/MCS_SVG/3dv5_B_BAV_501_plain.svg,/app/jobs/8926f69a/TARGET_RESULTS/MCS_Output/MCS_SVG/3dv5_B_BAV_501_exposed.svg
BACE1,4i0j,A,842,505,CC(=O)N[C@@H](Cc1cc(F)cc(F)c1)[C@H](O)CNC1(c2cccc(-n3cccn3)c2)CCCCC1,0.371,/app/jobs/8926f69a/WAR_PDB/BACE1/4i0j_A_842.pdb,/app/jobs/8926f69a/TARGET_RESULTS/MCS_Output/MCS_SDF/4i0j_A_842_505.sdf,True,True,True,True,/app/jobs/8926f69a/TARGET_RESULTS/MCS_Output/MCS_SVG/4i0j_A_842_505_plain.svg,/app/jobs/8926f69a/TARGET_RESULTS/MCS_Output/MCS_SVG/4i0j_A_842_505_exposed.svg
BACE1,5qdb,A,BAV,401,CC(C)c1cccc(CNC[C@@H](O)[C@@H]2C[C@H](C)CCCCCCCCC(=O)N(C)[C@@H](C)C(=O)N2)c1,0.371,/app/jobs/8926f69a/WAR_PDB/BACE1/5qdb_A_BAV.pdb,/app/jobs/8926f69a/TARGET_RESULTS/MCS_Output/MCS_SDF/5qdb_A_BAV_401.sdf,True,True,True,True,/app/jobs/8926f69a/TARGET_RESULTS/MCS_Output/MCS_SVG/5qdb_A_BAV_401_plain.svg,/app/jobs/8926f69a/TARGET_RESULTS/MCS_Output/MCS_SVG/5qdb_A_BAV_401_exposed.svg
BACE1,4lxk,C,1YT,501,COC[C@@H](Oc1cc(C[C@@H]2C[S@@](=O)C[C@H](NCc3cccc(C(C)(C)C)c3)[C@H]2O)cc(F)c1N)C(F)(F)F,0.368,/app/jobs/8926f69a/WAR_PDB/BACE1/4lxk_C_1YT.pdb,/app/jobs/8926f69a/TARGET_RESULTS/MCS_Output/MCS_SDF/4lxk_C_1YT_501.sdf,True,True,True,True,/app/jobs/8926f69a/TARGET_RESULTS/MCS_Output/MCS_SVG/4lxk_C_1YT_501_plain.svg,/app/jobs/8926f69a/TARGET_RESULTS/MCS_Output/MCS_SVG/4lxk_C_1YT_501_exposed.svg
BACE1,2p4j,D,23I,504,CC(C)C[C@H](NC(=O)c1cc(C(=O)N[C@H](C)c2ccccc2)cc(N(C)S(C)(=O)=O)c1)[C@@H](O)C[C@@H](C)C(=O)N[C@H](C(=O)NC(C)C)C(C)C,0.367,/app/jobs/8926f69a/WAR_PDB/BACE1/2p4j_D_23I.pdb,/app/jobs/8926f69a/TARGET_RESULTS/MCS_Output/MCS_SDF/2p4j_D_23I_504.sdf,True,True,True,True,/app/jobs/8926f69a/TARGET_RESULTS/MCS_Output/MCS_SVG/2p4j_D_23I_504_plain.svg,/app/jobs/8926f69a/TARGET_RESULTS/MCS_Output/MCS_SVG/2p4j_D_23I_504_exposed.svg
BACE1,5qdd,A,E7A,402,C[C@@H]1CCCCCCCOc2cc(cc(C(=O)N(C)C)c2)C(=O)N[C@H]([C@@H](O)CO)C1,0.367,/app/jobs/8926f69a/WAR_PDB/BACE1/5qdd_A_E7A.pdb,/app/jobs/8926f69a/TARGET_RESULTS/MCS_Output/MCS_SDF/5qdd_A_E7A_402.sdf,True,True,True,True,/app/jobs/8926f69a/TARGET_RESULTS/MCS_Output/MCS_SVG/5qdd_A_E7A_402_plain.svg,/app/jobs/8926f69a/TARGET_RESULTS/MCS_Output/MCS_SVG/5qdd_A_E7A_402_exposed.svg
BACE1,5qdd,B,E7A,402,C[C@@H]1CCCCCCCOc2cc(cc(C(=O)N(C)C)c2)C(=O)N[C@H]([C@@H](O)CO)C1,0.367,/app/jobs/8926f69a/WAR_PDB/BACE1/5qdd_B_E7A.pdb,/app/jobs/8926f69a/TARGET_RESULTS/MCS_Output/MCS_SDF/5qdd_B_E7A_402.sdf,True,True,True,True,/app/jobs/8926f69a/TARGET_RESULTS/MCS_Output/MCS_SVG/5qdd_B_E7A_402_plain.svg,/app/jobs/8926f69a/TARGET_RESULTS/MCS_Output/MCS_SVG/5qdd_B_E7A_402_exposed.svg
BACE1,5qdd,C,E7A,402,C[C@@H]1CCCCCCCOc2cc(cc(C(=O)N(C)C)c2)C(=O)N[C@H]([C@@H](O)CO)C1,0.367,/app/jobs/8926f69a/WAR_PDB/BACE1/5qdd_C_E7A.pdb,/app/jobs/8926f69a/TARGET_RESULTS/MCS_Output/MCS_SDF/5qdd_C_E7A_402.sdf,True,True,True,True,/app/jobs/8926f69a/TARGET_RESULTS/MCS_Output/MCS_SVG/5qdd_C_E7A_402_plain.svg,/app/jobs/8926f69a/TARGET_RESULTS/MCS_Output/MCS_SVG/5qdd_C_E7A_402_exposed.svg
BACE1,2fdp,A,FRP,386,CCCN(CCC)C(=O)c1cccc(C(=O)N[C@@H](Cc2ccccc2)[C@@H](N)C[C@@H](C)C(=O)Nc2ccc(F)cc2)c1,0.366,/app/jobs/8926f69a/WAR_PDB/BACE1/2fdp_A_FRP.pdb,/app/jobs/8926f69a/TARGET_RESULTS/MCS_Output/MCS_SDF/2fdp_A_FRP_386.sdf,True,True,True,True,/app/jobs/8926f69a/TARGET_RESULTS/MCS_Output/MCS_SVG/2fdp_A_FRP_386_plain.svg,/app/jobs/8926f69a/TARGET_RESULTS/MCS_Output/MCS_SVG/2fdp_A_FRP_386_exposed.svg
BACE1,3k5g,C,BJC,387,CC(C)c1cccc(CNC[C@@H](O)[C@H](Cc2ccccc2)NC(=O)[C@@H]2CCC[C@H](C(C)(C)N3CCCCC3=O)C2)c1,0.366,/app/jobs/8926f69a/WAR_PDB/BACE1/3k5g_C_BJC.pdb,/app/jobs/8926f69a/TARGET_RESULTS/MCS_Output/MCS_SDF/3k5g_C_BJC_387.sdf,True,True,True,True,/app/jobs/8926f69a/TARGET_RESULTS/MCS_Output/MCS_SVG/3k5g_C_BJC_387_plain.svg,/app/jobs/8926f69a/TARGET_RESULTS/MCS_Output/MCS_SVG/3k5g_C_BJC_387_exposed.svg
BACE1,2qmd,B,CS7,1,CCCN(CCC)C(=O)c1cc(C)cc(C(=O)N[C@@H](Cc2cc(F)cc(F)c2)[C@H](O)[C@H]2C[C@@H](OCc3ccccc3)CN2)c1,0.364,/app/jobs/8926f69a/WAR_PDB/BACE1/2qmd_B_CS7.pdb,/app/jobs/8926f69a/TARGET_RESULTS/MCS_Output/MCS_SDF/2qmd_B_CS7_1.sdf,True,True,True,True,/app/jobs/8926f69a/TARGET_RESULTS/MCS_Output/MCS_SVG/2qmd_B_CS7_1_plain.svg,/app/jobs/8926f69a/TARGET_RESULTS/MCS_Output/MCS_SVG/2qmd_B_CS7_1_exposed.svg
BACE1,4zpg,A,4QF,501,C[C@H]1C[C@]2(CCN1Cc1ccccc1)C(NC1CCCCC1)=NC(=O)N2c1cccc(F)c1,0.364,/app/jobs/8926f69a/WAR_PDB/BACE1/4zpg_A_4QF.pdb,/app/jobs/8926f69a/TARGET_RESULTS/MCS_Output/MCS_SDF/4zpg_A_4QF_501.sdf,True,True,True,True,/app/jobs/8926f69a/TARGET_RESULTS/MCS_Output/MCS_SVG/4zpg_A_4QF_501_plain.svg,/app/jobs/8926f69a/TARGET_RESULTS/MCS_Output/MCS_SVG/4zpg_A_4QF_501_exposed.svg
BACE1,5qcq,A,AFJ,401,CCCCNC(=O)[C@H](C)C[C@H](O)[C@H](CC(C)C)NC(=O)[C@H](CCSC)NC(=O)CCC(C)C,0.364,/app/jobs/8926f69a/WAR_PDB/BACE1/5qcq_A_AFJ.pdb,/app/jobs/8926f69a/TARGET_RESULTS/MCS_Output/MCS_SDF/5qcq_A_AFJ_401.sdf,True,True,True,True,/app/jobs/8926f69a/TARGET_RESULTS/MCS_Output/MCS_SVG/5qcq_A_AFJ_401_plain.svg,/app/jobs/8926f69a/TARGET_RESULTS/MCS_Output/MCS_SVG/5qcq_A_AFJ_401_exposed.svg
BACE1,4d85,A,0GU,401,CC(C)(C)c1cccc(CN[C@H]2CS(=O)(=O)C[C@@H](Cc3cc(F)c4c(c3)C3(CCC(F)(F)CC3)CN4)[C@@H]2O)c1,0.359,/app/jobs/8926f69a/WAR_PDB/BACE1/4d85_A_0GU.pdb,/app/jobs/8926f69a/TARGET_RESULTS/MCS_Output/MCS_SDF/4d85_A_0GU_401.sdf,True,True,True,True,/app/jobs/8926f69a/TARGET_RESULTS/MCS_Output/MCS_SVG/4d85_A_0GU_401_plain.svg,/app/jobs/8926f69a/TARGET_RESULTS/MCS_Output/MCS_SVG/4d85_A_0GU_401_exposed.svg
BACE1,2qk5,A,CS5,1,CCCN(CCC)C(=O)c1cc(C)cc(C(=O)N[C@@H](Cc2cc(F)cc(F)c2)[C@H](O)CNCc2cccc(OC)c2)c1,0.357,/app/jobs/8926f69a/WAR_PDB/BACE1/2qk5_A_CS5.pdb,/app/jobs/8926f69a/TARGET_RESULTS/MCS_Output/MCS_SDF/2qk5_A_CS5_1.sdf,True,True,True,True,/app/jobs/8926f69a/TARGET_RESULTS/MCS_Output/MCS_SVG/2qk5_A_CS5_1_plain.svg,/app/jobs/8926f69a/TARGET_RESULTS/MCS_Output/MCS_SVG/2qk5_A_CS5_1_exposed.svg
BACE1,2g94,D,ZPQ,4001,Cc1cc(C)n(COC(=O)N[C@@H](CS(C)(=O)=O)C(=O)N[C@@H](CC(C)C)[C@@H](O)C[C@@H](C)C(=O)N[C@H](C(=O)NCC(C)C)C(C)C)n1,0.356,/app/jobs/8926f69a/WAR_PDB/BACE1/2g94_D_ZPQ.pdb,/app/jobs/8926f69a/TARGET_RESULTS/MCS_Output/MCS_SDF/2g94_D_ZPQ_4001.sdf,True,True,True,True,/app/jobs/8926f69a/TARGET_RESULTS/MCS_Output/MCS_SVG/2g94_D_ZPQ_4001_plain.svg,/app/jobs/8926f69a/TARGET_RESULTS/MCS_Output/MCS_SVG/2g94_D_ZPQ_4001_exposed.svg
BACE1,2f3f,A,AXF,601,CCCCNC(=O)[C@H](C)C[C@H](O)[C@@H]1CSC/C=C/CS[C@H]2CCCN[C@H]2C(=O)N[C@@H](C)C(=O)N1,0.353,/app/jobs/8926f69a/WAR_PDB/BACE1/2f3f_A_AXF.pdb,/app/jobs/8926f69a/TARGET_RESULTS/MCS_Output/MCS_SDF/2f3f_A_AXF_601.sdf,True,True,True,True,/app/jobs/8926f69a/TARGET_RESULTS/MCS_Output/MCS_SVG/2f3f_A_AXF_601_plain.svg,/app/jobs/8926f69a/TARGET_RESULTS/MCS_Output/MCS_SVG/2f3f_A_AXF_601_exposed.svg
BACE1,5qcu,B,E51,401,CCCCNC(=O)[C@H](C)C[C@H](O)[C@@H]1C[C@H](C)CCc2cccc(c2)CS(=O)(=O)C[C@@H](C)C(=O)N1,0.353,/app/jobs/8926f69a/WAR_PDB/BACE1/5qcu_B_E51.pdb,/app/jobs/8926f69a/TARGET_RESULTS/MCS_Output/MCS_SDF/5qcu_B_E51_401.sdf,True,True,True,True,/app/jobs/8926f69a/TARGET_RESULTS/MCS_Output/MCS_SVG/5qcu_B_E51_401_plain.svg,/app/jobs/8926f69a/TARGET_RESULTS/MCS_Output/MCS_SVG/5qcu_B_E51_401_exposed.svg
BACE1,5qcu,C,E51,401,CCCCNC(=O)[C@H](C)C[C@H](O)[C@@H]1C[C@H](C)CCc2cccc(c2)CS(=O)(=O)C[C@@H](C)C(=O)N1,0.353,/app/jobs/8926f69a/WAR_PDB/BACE1/5qcu_C_E51.pdb,/app/jobs/8926f69a/TARGET_RESULTS/MCS_Output/MCS_SDF/5qcu_C_E51_401.sdf,True,True,True,True,/app/jobs/8926f69a/TARGET_RESULTS/MCS_Output/MCS_SVG/5qcu_C_E51_401_plain.svg,/app/jobs/8926f69a/TARGET_RESULTS/MCS_Output/MCS_SVG/5qcu_C_E51_401_exposed.svg
BACE1,4d88,A,BXQ,401,CC(C)(C)c1cccc(CN[C@H]2CS(=O)(=O)C[C@@H](Cc3cc(F)c(N)c(C[C@H](O)C(F)(F)F)c3)[C@@H]2O)c1,0.351,/app/jobs/8926f69a/WAR_PDB/BACE1/4d88_A_BXQ.pdb,/app/jobs/8926f69a/TARGET_RESULTS/MCS_Output/MCS_SDF/4d88_A_BXQ_401.sdf,True,True,True,True,/app/jobs/8926f69a/TARGET_RESULTS/MCS_Output/MCS_SVG/4d88_A_BXQ_401_plain.svg,/app/jobs/8926f69a/TARGET_RESULTS/MCS_Output/MCS_SVG/4d88_A_BXQ_401_exposed.svg
BACE1,5qcx,B,E5D,401,CCN1CCCCC[C@@H](C)C[C@@H]([C@H](O)CNCc2cccc(C(C)C)c2)NC(=O)c2cccc(c2)C1=O,0.351,/app/jobs/8926f69a/WAR_PDB/BACE1/5qcx_B_E5D.pdb,/app/jobs/8926f69a/TARGET_RESULTS/MCS_Output/MCS_SDF/5qcx_B_E5D_401.sdf,True,True,True,True,/app/jobs/8926f69a/TARGET_RESULTS/MCS_Output/MCS_SVG/5qcx_B_E5D_401_plain.svg,/app/jobs/8926f69a/TARGET_RESULTS/MCS_Output/MCS_SVG/5qcx_B_E5D_401_exposed.svg
BACE1,2qp8,B,SC7,1,CCCN(CCC)C(=O)c1cc(C)cc(C(=O)N[C@@H](Cc2cc(F)cc(F)c2)[C@H](O)[C@H]2C[C@@H](OCC)CCN2)c1,0.35,/app/jobs/8926f69a/WAR_PDB/BACE1/2qp8_B_SC7.pdb,/app/jobs/8926f69a/TARGET_RESULTS/MCS_Output/MCS_SDF/2qp8_B_SC7_1.sdf,True,True,True,True,/app/jobs/8926f69a/TARGET_RESULTS/MCS_Output/MCS_SVG/2qp8_B_SC7_1_plain.svg,/app/jobs/8926f69a/TARGET_RESULTS/MCS_Output/MCS_SVG/2qp8_B_SC7_1_exposed.svg
BACE1,2qzk,A,I21,400,C[C@@]1(N)Cc2cccc(c2)C=CC(c2ccccc2)=NC(=O)c2cc(cc(-c3ccccc3C#N)c2)COC1=O,0.35,/app/jobs/8926f69a/WAR_PDB/BACE1/2qzk_A_I21.pdb,/app/jobs/8926f69a/TARGET_RESULTS/MCS_Output/MCS_SDF/2qzk_A_I21_400.sdf,True,True,True,True,/app/jobs/8926f69a/TARGET_RESULTS/MCS_Output/MCS_SVG/2qzk_A_I21_400_plain.svg,/app/jobs/8926f69a/TARGET_RESULTS/MCS_Output/MCS_SVG/2qzk_A_I21_400_exposed.svg
BACE1,5qd2,B,E6J,401,COCc1cc2cc(c1)C(=O)N[C@H]([C@H](O)CNCc1cccc(C(C)C)c1)Cc1cccc(c1)OCCCCO2,0.35,/app/jobs/8926f69a/WAR_PDB/BACE1/5qd2_B_E6J.pdb,/app/jobs/8926f69a/TARGET_RESULTS/MCS_Output/MCS_SDF/5qd2_B_E6J_401.sdf,True,True,True,True,/app/jobs/8926f69a/TARGET_RESULTS/MCS_Output/MCS_SVG/5qd2_B_E6J_401_plain.svg,/app/jobs/8926f69a/TARGET_RESULTS/MCS_Output/MCS_SVG/5qd2_B_E6J_401_exposed.svg
BACE1,5qd2,C,E6J,401,COCc1cc2cc(c1)C(=O)N[C@H]([C@H](O)CNCc1cccc(C(C)C)c1)Cc1cccc(c1)OCCCCO2,0.35,/app/jobs/8926f69a/WAR_PDB/BACE1/5qd2_C_E6J.pdb,/app/jobs/8926f69a/TARGET_RESULTS/MCS_Output/MCS_SDF/5qd2_C_E6J_401.sdf,True,True,True,True,/app/jobs/8926f69a/TARGET_RESULTS/MCS_Output/MCS_SVG/5qd2_C_E6J_401_plain.svg,/app/jobs/8926f69a/TARGET_RESULTS/MCS_Output/MCS_SVG/5qd2_C_E6J_401_exposed.svg
BACE1,2qmf,B,CS9,1,CCCN(CCC)C(=O)c1cc(C)cc(C(=O)N[C@@H](Cc2cc(F)cc(F)c2)[C@H](O)[C@H]2C[C@@H](Oc3ccccc3)CN2)c1,0.349,/app/jobs/8926f69a/WAR_PDB/BACE1/2qmf_B_CS9.pdb,/app/jobs/8926f69a/TARGET_RESULTS/MCS_Output/MCS_SDF/2qmf_B_CS9_1.sdf,True,True,True,True,/app/jobs/8926f69a/TARGET_RESULTS/MCS_Output/MCS_SVG/2qmf_B_CS9_1_plain.svg,/app/jobs/8926f69a/TARGET_RESULTS/MCS_Output/MCS_SVG/2qmf_B_CS9_1_exposed.svg
BACE1,2p4j,A,23I,501,CC(C)C[C@H](NC(=O)c1cc(C(=O)N[C@H](C)c2ccccc2)cc(N(C)S(C)(=O)=O)c1)[C@@H](O)C[C@@H](C)C(=O)N[C@H](C(=O)NC(C)C)C(C)C,0.347,/app/jobs/8926f69a/WAR_PDB/BACE1/2p4j_A_23I.pdb,/app/jobs/8926f69a/TARGET_RESULTS/MCS_Output/MCS_SDF/2p4j_A_23I_501.sdf,True,True,True,True,/app/jobs/8926f69a/TARGET_RESULTS/MCS_Output/MCS_SVG/2p4j_A_23I_501_plain.svg,/app/jobs/8926f69a/TARGET_RESULTS/MCS_Output/MCS_SVG/2p4j_A_23I_501_exposed.svg
BACE1,3u6a,B,18P,386,CN1CC(N)=N[C@](C)(c2cccc(NC(=O)c3ccc(Cl)cn3)c2)C1=O,0.346,/app/jobs/8926f69a/WAR_PDB/BACE1/3u6a_B_18P.pdb,/app/jobs/8926f69a/TARGET_RESULTS/MCS_Output/MCS_SDF/3u6a_B_18P_386.sdf,True,True,True,True,/app/jobs/8926f69a/TARGET_RESULTS/MCS_Output/MCS_SVG/3u6a_B_18P_386_plain.svg,/app/jobs/8926f69a/TARGET_RESULTS/MCS_Output/MCS_SVG/3u6a_B_18P_386_exposed.svg
BACE1,5qdc,C,E77,402,CN(C)C(=O)c1cc2cc(c1)C(=O)N[C@H]([C@@H](O)CO)Cc1cccc(c1)OCCCCO2,0.344,/app/jobs/8926f69a/WAR_PDB/BACE1/5qdc_C_E77.pdb,/app/jobs/8926f69a/TARGET_RESULTS/MCS_Output/MCS_SDF/5qdc_C_E77_402.sdf,True,True,True,True,/app/jobs/8926f69a/TARGET_RESULTS/MCS_Output/MCS_SVG/5qdc_C_E77_402_plain.svg,/app/jobs/8926f69a/TARGET_RESULTS/MCS_Output/MCS_SVG/5qdc_C_E77_402_exposed.svg
BACE1,6bfx,B,DKJ,401,CC(=O)N[C@@H](Cc1cc(F)cc(F)c1)[C@H](O)[C@H]1CO[C@@H](OCC(C)(C)C)[C@H](C)N1,0.344,/app/jobs/8926f69a/WAR_PDB/BACE1/6bfx_B_DKJ.pdb,/app/jobs/8926f69a/TARGET_RESULTS/MCS_Output/MCS_SDF/6bfx_B_DKJ_401.sdf,True,True,True,True,/app/jobs/8926f69a/TARGET_RESULTS/MCS_Output/MCS_SVG/6bfx_B_DKJ_401_plain.svg,/app/jobs/8926f69a/TARGET_RESULTS/MCS_Output/MCS_SVG/6bfx_B_DKJ_401_exposed.svg
BACE1,2fdp,B,FRP,386,CCCN(CCC)C(=O)c1cccc(C(=O)N[C@@H](Cc2ccccc2)[C@@H](N)C[C@@H](C)C(=O)Nc2ccc(F)cc2)c1,0.341,/app/jobs/8926f69a/WAR_PDB/BACE1/2fdp_B_FRP.pdb,/app/jobs/8926f69a/TARGET_RESULTS/MCS_Output/MCS_SDF/2fdp_B_FRP_386.sdf,True,True,True,True,/app/jobs/8926f69a/TARGET_RESULTS/MCS_Output/MCS_SVG/2fdp_B_FRP_386_plain.svg,/app/jobs/8926f69a/TARGET_RESULTS/MCS_Output/MCS_SVG/2fdp_B_FRP_386_exposed.svg
BACE1,2vj7,A,VG6,1448,CCNc1cc(C(=O)N[C@@H](Cc2ccccc2)[C@H](O)CNCc2cccc(C(F)(F)F)c2)cc(N2CCCC2=O)c1,0.341,/app/jobs/8926f69a/WAR_PDB/BACE1/2vj7_A_VG6.pdb,/app/jobs/8926f69a/TARGET_RESULTS/MCS_Output/MCS_SDF/2vj7_A_VG6_1448.sdf,True,True,True,True,/app/jobs/8926f69a/TARGET_RESULTS/MCS_Output/MCS_SVG/2vj7_A_VG6_1448_plain.svg,/app/jobs/8926f69a/TARGET_RESULTS/MCS_Output/MCS_SVG/2vj7_A_VG6_1448_exposed.svg
BACE1,2xfj,A,VG5,500,CCNc1cc(C(=O)N[C@@H](Cc2ccccc2)[C@H](O)CN[C@@H](C)C(=O)NC2CCCCC2)cc(N2CCCC2=O)c1,0.341,/app/jobs/8926f69a/WAR_PDB/BACE1/2xfj_A_VG5.pdb,/app/jobs/8926f69a/TARGET_RESULTS/MCS_Output/MCS_SDF/2xfj_A_VG5_500.sdf,True,True,True,True,/app/jobs/8926f69a/TARGET_RESULTS/MCS_Output/MCS_SVG/2xfj_A_VG5_500_plain.svg,/app/jobs/8926f69a/TARGET_RESULTS/MCS_Output/MCS_SVG/2xfj_A_VG5_500_exposed.svg
BACE1,3cib,A,314,501,CCCN(CCC)C(=O)c1cc(C)cc(C(=O)N[C@@H](Cc2cc(F)cc(F)c2)[C@H](O)[C@H]2C[C@@H](Cc3ccccc3)CCN2)c1,0.341,/app/jobs/8926f69a/WAR_PDB/BACE1/3cib_A_314.pdb,/app/jobs/8926f69a/TARGET_RESULTS/MCS_Output/MCS_SDF/3cib_A_314_501.sdf,True,True,True,True,/app/jobs/8926f69a/TARGET_RESULTS/MCS_Output/MCS_SVG/3cib_A_314_501_plain.svg,/app/jobs/8926f69a/TARGET_RESULTS/MCS_Output/MCS_SVG/3cib_A_314_501_exposed.svg
BACE1,3cid,A,318,501,CCCN(CCC)C(=O)c1cc(C)cc(C(=O)N[C@@H](Cc2cc(F)cc(F)c2)[C@H](O)[C@@H]2NCN(Cc3ccccc3)C2=O)c1,0.341,/app/jobs/8926f69a/WAR_PDB/BACE1/3cid_A_318.pdb,/app/jobs/8926f69a/TARGET_RESULTS/MCS_Output/MCS_SDF/3cid_A_318_501.sdf,True,True,True,True,/app/jobs/8926f69a/TARGET_RESULTS/MCS_Output/MCS_SVG/3cid_A_318_501_plain.svg,/app/jobs/8926f69a/TARGET_RESULTS/MCS_Output/MCS_SVG/3cid_A_318_501_exposed.svg
BACE1,4k9h,B,1QU,401,O=C(N[C@@H](Cc1ccccc1)[C@H](O)CNCc1cccc(C(F)(F)F)c1)c1cc(N2CCCC2=O)c(=O)n(C2CCCC2)c1,0.341,/app/jobs/8926f69a/WAR_PDB/BACE1/4k9h_B_1QU.pdb,/app/jobs/8926f69a/TARGET_RESULTS/MCS_Output/MCS_SDF/4k9h_B_1QU_401.sdf,True,True,True,True,/app/jobs/8926f69a/TARGET_RESULTS/MCS_Output/MCS_SVG/4k9h_B_1QU_401_plain.svg,/app/jobs/8926f69a/TARGET_RESULTS/MCS_Output/MCS_SVG/4k9h_B_1QU_401_exposed.svg
BACE1,5v0n,C,8W4,405,CCc1cn2c3c(cc(C(=O)N[C@@H](Cc4ccccc4)[C@H](O)[C@@H]4NCCN(Cc5ccccc5)C4=O)cc13)N(C)S(=O)(=O)C(C)(C)C2,0.34,/app/jobs/8926f69a/WAR_PDB/BACE1/5v0n_C_8W4.pdb,/app/jobs/8926f69a/TARGET_RESULTS/MCS_Output/MCS_SDF/5v0n_C_8W4_405.sdf,True,True,True,True,/app/jobs/8926f69a/TARGET_RESULTS/MCS_Output/MCS_SVG/5v0n_C_8W4_405_plain.svg,/app/jobs/8926f69a/TARGET_RESULTS/MCS_Output/MCS_SVG/5v0n_C_8W4_405_exposed.svg
BACE1,3dm6,C,757,1000,CC(C)[C@H](NC(=O)C[C@@H](O)[C@H](COc1cc(F)cc(F)c1)NC(=O)c1cc(C(=O)N[C@H](C)c2ccccc2)cc(N(C)S(C)(=O)=O)c1)C(=O)Nc1cc(C(=O)O)cc(C(=O)O)c1,0.339,/app/jobs/8926f69a/WAR_PDB/BACE1/3dm6_C_757.pdb,/app/jobs/8926f69a/TARGET_RESULTS/MCS_Output/MCS_SDF/3dm6_C_757_1000.sdf,True,True,True,True,/app/jobs/8926f69a/TARGET_RESULTS/MCS_Output/MCS_SVG/3dm6_C_757_1000_plain.svg,/app/jobs/8926f69a/TARGET_RESULTS/MCS_Output/MCS_SVG/3dm6_C_757_1000_exposed.svg
BACE1,2qk5,B,CS5,1,CCCN(CCC)C(=O)c1cc(C)cc(C(=O)N[C@@H](Cc2cc(F)cc(F)c2)[C@H](O)CNCc2cccc(OC)c2)c1,0.333,/app/jobs/8926f69a/WAR_PDB/BACE1/2qk5_B_CS5.pdb,/app/jobs/8926f69a/TARGET_RESULTS/MCS_Output/MCS_SDF/2qk5_B_CS5_1.sdf,True,True,True,True,/app/jobs/8926f69a/TARGET_RESULTS/MCS_Output/MCS_SVG/2qk5_B_CS5_1_plain.svg,/app/jobs/8926f69a/TARGET_RESULTS/MCS_Output/MCS_SVG/2qk5_B_CS5_1_exposed.svg
BACE1,2vj9,A,VG7,1452,CCNc1cc(C(=O)N[C@@H](Cc2ccccc2)[C@H](O)CNC2CCCCC2)cc(N2CCCC2=O)c1,0.333,/app/jobs/8926f69a/WAR_PDB/BACE1/2vj9_A_VG7.pdb,/app/jobs/8926f69a/TARGET_RESULTS/MCS_Output/MCS_SDF/2vj9_A_VG7_1452.sdf,True,True,True,True,/app/jobs/8926f69a/TARGET_RESULTS/MCS_Output/MCS_SVG/2vj9_A_VG7_1452_plain.svg,/app/jobs/8926f69a/TARGET_RESULTS/MCS_Output/MCS_SVG/2vj9_A_VG7_1452_exposed.svg
BACE1,3cic,B,316,501,CCCN(CCC)C(=O)c1cc(C)cc(C(=O)N[C@@H](Cc2cc(F)cc(F)c2)[C@H](O)[C@@H]2NCCN(Cc3ccccc3)C2=O)c1,0.333,/app/jobs/8926f69a/WAR_PDB/BACE1/3cic_B_316.pdb,/app/jobs/8926f69a/TARGET_RESULTS/MCS_Output/MCS_SDF/3cic_B_316_501.sdf,True,True,True,True,/app/jobs/8926f69a/TARGET_RESULTS/MCS_Output/MCS_SVG/3cic_B_316_501_plain.svg,/app/jobs/8926f69a/TARGET_RESULTS/MCS_Output/MCS_SVG/3cic_B_316_501_exposed.svg
BACE1,3l58,B,CS5,1,CCCN(CCC)C(=O)c1cc(C)cc(C(=O)N[C@@H](Cc2cc(F)cc(F)c2)[C@H](O)CNCc2cccc(OC)c2)c1,0.333,/app/jobs/8926f69a/WAR_PDB/BACE1/3l58_B_CS5.pdb,/app/jobs/8926f69a/TARGET_RESULTS/MCS_Output/MCS_SDF/3l58_B_CS5_1.sdf,True,True,True,True,/app/jobs/8926f69a/TARGET_RESULTS/MCS_Output/MCS_SVG/3l58_B_CS5_1_plain.svg,/app/jobs/8926f69a/TARGET_RESULTS/MCS_Output/MCS_SVG/3l58_B_CS5_1_exposed.svg
BACE1,3qi1,A,C6A,401,CC(=O)N[C@@H](Cc1cc(F)cc(F)c1)[C@H](O)CN[C@H]1C[C@H](C2CC2)Oc2ccc(CC(C)(C)C)cc21,0.333,/app/jobs/8926f69a/WAR_PDB/BACE1/3qi1_A_C6A.pdb,/app/jobs/8926f69a/TARGET_RESULTS/MCS_Output/MCS_SDF/3qi1_A_C6A_401.sdf,True,True,True,True,/app/jobs/8926f69a/TARGET_RESULTS/MCS_Output/MCS_SVG/3qi1_A_C6A_401_plain.svg,/app/jobs/8926f69a/TARGET_RESULTS/MCS_Output/MCS_SVG/3qi1_A_C6A_401_exposed.svg
BACE1,4ke0,C,1R8,501,CCc1ccc2c(c1)[C@@H](NC[C@@H](O)[C@@H]1Cc3cccc(c3)CCCCCCC(=O)N1)CC1(CCC1)O2,0.333,/app/jobs/8926f69a/WAR_PDB/BACE1/4ke0_C_1R8.pdb,/app/jobs/8926f69a/TARGET_RESULTS/MCS_Output/MCS_SDF/4ke0_C_1R8_501.sdf,True,True,True,True,/app/jobs/8926f69a/TARGET_RESULTS/MCS_Output/MCS_SVG/4ke0_C_1R8_501_plain.svg,/app/jobs/8926f69a/TARGET_RESULTS/MCS_Output/MCS_SVG/4ke0_C_1R8_501_exposed.svg
BACE1,5he4,A,60T,501,[H]/N=C1\N[C@@]2(c3c(F)cccc3F)CN(c3nc(C)c(F)c(OC)n3)C[C@H]2C(=O)N1C,0.333,/app/jobs/8926f69a/WAR_PDB/BACE1/5he4_A_60T.pdb,/app/jobs/8926f69a/TARGET_RESULTS/MCS_Output/MCS_SDF/5he4_A_60T_501.sdf,True,True,True,True,/app/jobs/8926f69a/TARGET_RESULTS/MCS_Output/MCS_SVG/5he4_A_60T_501_plain.svg,/app/jobs/8926f69a/TARGET_RESULTS/MCS_Output/MCS_SVG/5he4_A_60T_501_exposed.svg
BACE1,5qcp,A,E4G,401,CC(=O)COc1cc2cc(c1)C(=O)N[C@H]([C@H](O)CNCc1cccc(C(C)C)c1)Cc1cccc(c1)OCCCCO2,0.333,/app/jobs/8926f69a/WAR_PDB/BACE1/5qcp_A_E4G.pdb,/app/jobs/8926f69a/TARGET_RESULTS/MCS_Output/MCS_SDF/5qcp_A_E4G_401.sdf,True,True,True,True,/app/jobs/8926f69a/TARGET_RESULTS/MCS_Output/MCS_SVG/5qcp_A_E4G_401_plain.svg,/app/jobs/8926f69a/TARGET_RESULTS/MCS_Output/MCS_SVG/5qcp_A_E4G_401_exposed.svg
BACE1,6bfx,A,DKJ,401,CC(=O)N[C@@H](Cc1cc(F)cc(F)c1)[C@H](O)[C@H]1CO[C@@H](OCC(C)(C)C)[C@H](C)N1,0.328,/app/jobs/8926f69a/WAR_PDB/BACE1/6bfx_A_DKJ.pdb,/app/jobs/8926f69a/TARGET_RESULTS/MCS_Output/MCS_SDF/6bfx_A_DKJ_401.sdf,True,True,True,True,/app/jobs/8926f69a/TARGET_RESULTS/MCS_Output/MCS_SVG/6bfx_A_DKJ_401_plain.svg,/app/jobs/8926f69a/TARGET_RESULTS/MCS_Output/MCS_SVG/6bfx_A_DKJ_401_exposed.svg
BACE1,4d89,A,BXD,501,CCOC[C@@H](Oc1cc(C[C@@H]2CS(=O)(=O)C[C@H](NCc3cccc(C(C)(C)C)c3)[C@H]2O)cc(F)c1N)C(F)(F)F,0.325,/app/jobs/8926f69a/WAR_PDB/BACE1/4d89_A_BXD.pdb,/app/jobs/8926f69a/TARGET_RESULTS/MCS_Output/MCS_SDF/4d89_A_BXD_501.sdf,True,True,True,True,/app/jobs/8926f69a/TARGET_RESULTS/MCS_Output/MCS_SVG/4d89_A_BXD_501_plain.svg,/app/jobs/8926f69a/TARGET_RESULTS/MCS_Output/MCS_SVG/4d89_A_BXD_501_exposed.svg
BACE1,2f3f,C,AXF,603,CCCCNC(=O)[C@H](C)C[C@H](O)[C@@H]1CSC/C=C/CS[C@H]2CCCN[C@H]2C(=O)N[C@@H](C)C(=O)N1,0.324,/app/jobs/8926f69a/WAR_PDB/BACE1/2f3f_C_AXF.pdb,/app/jobs/8926f69a/TARGET_RESULTS/MCS_Output/MCS_SDF/2f3f_C_AXF_603.sdf,True,True,True,True,/app/jobs/8926f69a/TARGET_RESULTS/MCS_Output/MCS_SVG/2f3f_C_AXF_603_plain.svg,/app/jobs/8926f69a/TARGET_RESULTS/MCS_Output/MCS_SVG/2f3f_C_AXF_603_exposed.svg
BACE1,6dhc,B,GHJ,401,CSC[C@H](NC(=O)[C@@H]1NO[C@@H]2OCC[C@@H]21)C(=O)N[C@@H](CC(C)C)[C@@H](O)C[C@@H](C)C(=O)N[C@H](C(=O)NCC(C)C)C(C)C,0.323,/app/jobs/8926f69a/WAR_PDB/BACE1/6dhc_B_GHJ.pdb,/app/jobs/8926f69a/TARGET_RESULTS/MCS_Output/MCS_SDF/6dhc_B_GHJ_401.sdf,True,True,True,True,/app/jobs/8926f69a/TARGET_RESULTS/MCS_Output/MCS_SVG/6dhc_B_GHJ_401_plain.svg,/app/jobs/8926f69a/TARGET_RESULTS/MCS_Output/MCS_SVG/6dhc_B_GHJ_401_exposed.svg
BACE1,4fco,A,0U4,504,C[C@@H](NC(=O)c1cc(C(=O)N[C@@H](Cc2ccccc2)[C@H](O)CNCCC2CCN(Cc3ccccc3)CC2)cc(N(C)S(C)(=O)=O)c1)c1ccccc1,0.321,/app/jobs/8926f69a/WAR_PDB/BACE1/4fco_A_0U4.pdb,/app/jobs/8926f69a/TARGET_RESULTS/MCS_Output/MCS_SDF/4fco_A_0U4_504.sdf,True,True,True,True,/app/jobs/8926f69a/TARGET_RESULTS/MCS_Output/MCS_SVG/4fco_A_0U4_504_plain.svg,/app/jobs/8926f69a/TARGET_RESULTS/MCS_Output/MCS_SVG/4fco_A_0U4_504_exposed.svg
BACE1,2qmg,A,SC6,1,COC[C@H]1CCCN1C(=O)c1cc(C)cc(C(=O)N[C@@H](Cc2cc(F)cc(F)c2)[C@H](O)[C@H]2C[C@@H](Oc3ccccc3)CN2)c1,0.318,/app/jobs/8926f69a/WAR_PDB/BACE1/2qmg_A_SC6.pdb,/app/jobs/8926f69a/TARGET_RESULTS/MCS_Output/MCS_SDF/2qmg_A_SC6_1.sdf,True,True,True,True,/app/jobs/8926f69a/TARGET_RESULTS/MCS_Output/MCS_SVG/2qmg_A_SC6_1_plain.svg,/app/jobs/8926f69a/TARGET_RESULTS/MCS_Output/MCS_SVG/2qmg_A_SC6_1_exposed.svg
BACE1,2wf0,A,ZY0,2000,CCc1ccnc2c(N3CCCC3=O)cc(C(=O)N[C@@H](Cc3ccccc3)[C@H](O)CNCc3cccc(C(F)(F)F)c3)cc12,0.318,/app/jobs/8926f69a/WAR_PDB/BACE1/2wf0_A_ZY0.pdb,/app/jobs/8926f69a/TARGET_RESULTS/MCS_Output/MCS_SDF/2wf0_A_ZY0_2000.sdf,True,True,True,True,/app/jobs/8926f69a/TARGET_RESULTS/MCS_Output/MCS_SVG/2wf0_A_ZY0_2000_plain.svg,/app/jobs/8926f69a/TARGET_RESULTS/MCS_Output/MCS_SVG/2wf0_A_ZY0_2000_exposed.svg
BACE1,3cid,B,318,501,CCCN(CCC)C(=O)c1cc(C)cc(C(=O)N[C@@H](Cc2cc(F)cc(F)c2)[C@H](O)[C@@H]2NCN(Cc3ccccc3)C2=O)c1,0.318,/app/jobs/8926f69a/WAR_PDB/BACE1/3cid_B_318.pdb,/app/jobs/8926f69a/TARGET_RESULTS/MCS_Output/MCS_SDF/3cid_B_318_501.sdf,True,True,True,True,/app/jobs/8926f69a/TARGET_RESULTS/MCS_Output/MCS_SVG/3cid_B_318_501_plain.svg,/app/jobs/8926f69a/TARGET_RESULTS/MCS_Output/MCS_SVG/3cid_B_318_501_exposed.svg
BACE1,4k9h,A,1QU,401,O=C(N[C@@H](Cc1ccccc1)[C@H](O)CNCc1cccc(C(F)(F)F)c1)c1cc(N2CCCC2=O)c(=O)n(C2CCCC2)c1,0.318,/app/jobs/8926f69a/WAR_PDB/BACE1/4k9h_A_1QU.pdb,/app/jobs/8926f69a/TARGET_RESULTS/MCS_Output/MCS_SDF/4k9h_A_1QU_401.sdf,True,True,True,True,/app/jobs/8926f69a/TARGET_RESULTS/MCS_Output/MCS_SVG/4k9h_A_1QU_401_plain.svg,/app/jobs/8926f69a/TARGET_RESULTS/MCS_Output/MCS_SVG/4k9h_A_1QU_401_exposed.svg
BACE1,2iqg,A,F2I,801,CCCN(CCC)C(=O)c1cc(C)cc(C(=O)N[C@@H](Cc2cc(F)cc(F)c2)[C@H](O)CNCc2cccc(I)c2)c1,0.317,/app/jobs/8926f69a/WAR_PDB/BACE1/2iqg_A_F2I.pdb,/app/jobs/8926f69a/TARGET_RESULTS/MCS_Output/MCS_SDF/2iqg_A_F2I_801.sdf,True,True,True,True,/app/jobs/8926f69a/TARGET_RESULTS/MCS_Output/MCS_SVG/2iqg_A_F2I_801_plain.svg,/app/jobs/8926f69a/TARGET_RESULTS/MCS_Output/MCS_SVG/2iqg_A_F2I_801_exposed.svg
BACE1,2wez,A,ZYE,2000,CCn1ccc2c(N3CCCC3=O)cc(C(=O)N[C@@H](Cc3ccccc3)[C@H](O)CNCc3cccc(OC)c3)cc21,0.317,/app/jobs/8926f69a/WAR_PDB/BACE1/2wez_A_ZYE.pdb,/app/jobs/8926f69a/TARGET_RESULTS/MCS_Output/MCS_SDF/2wez_A_ZYE_2000.sdf,True,True,True,True,/app/jobs/8926f69a/TARGET_RESULTS/MCS_Output/MCS_SVG/2wez_A_ZYE_2000_plain.svg,/app/jobs/8926f69a/TARGET_RESULTS/MCS_Output/MCS_SVG/2wez_A_ZYE_2000_exposed.svg
BACE1,3ixj,C,586,500,CO[C@H](C[C@H](O)[C@H](COc1cc(F)cc(F)c1)NC(=O)c1cc(C(=O)N[C@H](C)c2ccccc2)cc(N(C)S(C)(=O)=O)c1)C(=O)N[C@H](C(=O)NCc1ccccc1)C(C)C,0.317,/app/jobs/8926f69a/WAR_PDB/BACE1/3ixj_C_586.pdb,/app/jobs/8926f69a/TARGET_RESULTS/MCS_Output/MCS_SDF/3ixj_C_586_500.sdf,True,True,True,True,/app/jobs/8926f69a/TARGET_RESULTS/MCS_Output/MCS_SVG/3ixj_C_586_500_plain.svg,/app/jobs/8926f69a/TARGET_RESULTS/MCS_Output/MCS_SVG/3ixj_C_586_500_exposed.svg
BACE1,3ixk,C,929,500,CC(C)[C@H](NC(=O)[C@H](C)C[C@H](O)[C@H](COCc1cc(F)cc(F)c1)NC(=O)c1cc(C(=O)N[C@H](C)c2ccccc2)cc(N(C)S(C)(=O)=O)c1)C(=O)NCc1ccccc1,0.317,/app/jobs/8926f69a/WAR_PDB/BACE1/3ixk_C_929.pdb,/app/jobs/8926f69a/TARGET_RESULTS/MCS_Output/MCS_SDF/3ixk_C_929_500.sdf,True,True,True,True,/app/jobs/8926f69a/TARGET_RESULTS/MCS_Output/MCS_SVG/3ixk_C_929_500_plain.svg,/app/jobs/8926f69a/TARGET_RESULTS/MCS_Output/MCS_SVG/3ixk_C_929_500_exposed.svg
BACE1,3qbh,A,QBH,387,CCCN1C(=O)OC[C@@H]1Cc1cc(C[C@@H]2CS(=O)(=O)C[C@H](NCc3cccc(C(C)C)c3)[C@H]2O)ccc1O,0.316,/app/jobs/8926f69a/WAR_PDB/BACE1/3qbh_A_QBH.pdb,/app/jobs/8926f69a/TARGET_RESULTS/MCS_Output/MCS_SDF/3qbh_A_QBH_387.sdf,True,True,True,True,/app/jobs/8926f69a/TARGET_RESULTS/MCS_Output/MCS_SVG/3qbh_A_QBH_387_plain.svg,/app/jobs/8926f69a/TARGET_RESULTS/MCS_Output/MCS_SVG/3qbh_A_QBH_387_exposed.svg
BACE1,3qbh,C,QBH,387,CCCN1C(=O)OC[C@@H]1Cc1cc(C[C@@H]2CS(=O)(=O)C[C@H](NCc3cccc(C(C)C)c3)[C@H]2O)ccc1O,0.316,/app/jobs/8926f69a/WAR_PDB/BACE1/3qbh_C_QBH.pdb,/app/jobs/8926f69a/TARGET_RESULTS/MCS_Output/MCS_SDF/3qbh_C_QBH_387.sdf,True,True,True,True,/app/jobs/8926f69a/TARGET_RESULTS/MCS_Output/MCS_SVG/3qbh_C_QBH_387_plain.svg,/app/jobs/8926f69a/TARGET_RESULTS/MCS_Output/MCS_SVG/3qbh_C_QBH_387_exposed.svg
BACE1,4ewo,A,996,501,CC(=O)N[C@@H](Cc1ccccc1)[C@H](O)CN[C@H]1CC(C)(C)Cc2nn(CC(C)(C)C)cc21,0.312,/app/jobs/8926f69a/WAR_PDB/BACE1/4ewo_A_996.pdb,/app/jobs/8926f69a/TARGET_RESULTS/MCS_Output/MCS_SDF/4ewo_A_996_501.sdf,True,True,True,True,/app/jobs/8926f69a/TARGET_RESULTS/MCS_Output/MCS_SVG/4ewo_A_996_501_plain.svg,/app/jobs/8926f69a/TARGET_RESULTS/MCS_Output/MCS_SVG/4ewo_A_996_501_exposed.svg
BACE1,5qdc,A,E77,402,CN(C)C(=O)c1cc2cc(c1)C(=O)N[C@H]([C@@H](O)CO)Cc1cccc(c1)OCCCCO2,0.312,/app/jobs/8926f69a/WAR_PDB/BACE1/5qdc_A_E77.pdb,/app/jobs/8926f69a/TARGET_RESULTS/MCS_Output/MCS_SDF/5qdc_A_E77_402.sdf,True,True,True,True,/app/jobs/8926f69a/TARGET_RESULTS/MCS_Output/MCS_SVG/5qdc_A_E77_402_plain.svg,/app/jobs/8926f69a/TARGET_RESULTS/MCS_Output/MCS_SVG/5qdc_A_E77_402_exposed.svg
BACE1,5qdc,B,E77,402,CN(C)C(=O)c1cc2cc(c1)C(=O)N[C@H]([C@@H](O)CO)Cc1cccc(c1)OCCCCO2,0.312,/app/jobs/8926f69a/WAR_PDB/BACE1/5qdc_B_E77.pdb,/app/jobs/8926f69a/TARGET_RESULTS/MCS_Output/MCS_SDF/5qdc_B_E77_402.sdf,True,True,True,True,/app/jobs/8926f69a/TARGET_RESULTS/MCS_Output/MCS_SVG/5qdc_B_E77_402_plain.svg,/app/jobs/8926f69a/TARGET_RESULTS/MCS_Output/MCS_SVG/5qdc_B_E77_402_exposed.svg
BACE1,3cic,A,316,501,CCCN(CCC)C(=O)c1cc(C)cc(C(=O)N[C@@H](Cc2cc(F)cc(F)c2)[C@H](O)[C@@H]2NCCN(Cc3ccccc3)C2=O)c1,0.311,/app/jobs/8926f69a/WAR_PDB/BACE1/3cic_A_316.pdb,/app/jobs/8926f69a/TARGET_RESULTS/MCS_Output/MCS_SDF/3cic_A_316_501.sdf,True,True,True,True,/app/jobs/8926f69a/TARGET_RESULTS/MCS_Output/MCS_SVG/3cic_A_316_501_plain.svg,/app/jobs/8926f69a/TARGET_RESULTS/MCS_Output/MCS_SVG/3cic_A_316_501_exposed.svg
BACE1,2viz,A,VG4,1448,CCCOc1cc(C(=O)N[C@@H](Cc2ccccc2)[C@H](O)CN[C@@H](C)C(=O)NC2CCCCC2)cc(N2C=CCC2=O)c1,0.31,/app/jobs/8926f69a/WAR_PDB/BACE1/2viz_A_VG4.pdb,/app/jobs/8926f69a/TARGET_RESULTS/MCS_Output/MCS_SDF/2viz_A_VG4_1448.sdf,True,True,True,True,/app/jobs/8926f69a/TARGET_RESULTS/MCS_Output/MCS_SVG/2viz_A_VG4_1448_plain.svg,/app/jobs/8926f69a/TARGET_RESULTS/MCS_Output/MCS_SVG/2viz_A_VG4_1448_exposed.svg
BACE1,3l58,A,CS5,1,CCCN(CCC)C(=O)c1cc(C)cc(C(=O)N[C@@H](Cc2cc(F)cc(F)c2)[C@H](O)CNCc2cccc(OC)c2)c1,0.31,/app/jobs/8926f69a/WAR_PDB/BACE1/3l58_A_CS5.pdb,/app/jobs/8926f69a/TARGET_RESULTS/MCS_Output/MCS_SDF/3l58_A_CS5_1.sdf,True,True,True,True,/app/jobs/8926f69a/TARGET_RESULTS/MCS_Output/MCS_SVG/3l58_A_CS5_1_plain.svg,/app/jobs/8926f69a/TARGET_RESULTS/MCS_Output/MCS_SVG/3l58_A_CS5_1_exposed.svg
BACE1,2p4j,C,23I,503,CC(C)C[C@H](NC(=O)c1cc(C(=O)N[C@H](C)c2ccccc2)cc(N(C)S(C)(=O)=O)c1)[C@@H](O)C[C@@H](C)C(=O)N[C@H](C(=O)NC(C)C)C(C)C,0.306,/app/jobs/8926f69a/WAR_PDB/BACE1/2p4j_C_23I.pdb,/app/jobs/8926f69a/TARGET_RESULTS/MCS_Output/MCS_SDF/2p4j_C_23I_503.sdf,True,True,True,True,/app/jobs/8926f69a/TARGET_RESULTS/MCS_Output/MCS_SVG/2p4j_C_23I_503_plain.svg,/app/jobs/8926f69a/TARGET_RESULTS/MCS_Output/MCS_SVG/2p4j_C_23I_503_exposed.svg
BACE1,3k5f,B,AYH,387,CCCCNC(=O)[C@H](C)C[C@H](O)[C@H](Cc1ccccc1)NC(=O)[C@@H]1CCC[C@H](C(C)(C)NC(C)=O)C1,0.306,/app/jobs/8926f69a/WAR_PDB/BACE1/3k5f_B_AYH.pdb,/app/jobs/8926f69a/TARGET_RESULTS/MCS_Output/MCS_SDF/3k5f_B_AYH_387.sdf,True,True,True,True,/app/jobs/8926f69a/TARGET_RESULTS/MCS_Output/MCS_SVG/3k5f_B_AYH_387_plain.svg,/app/jobs/8926f69a/TARGET_RESULTS/MCS_Output/MCS_SVG/3k5f_B_AYH_387_exposed.svg
BACE1,5qcr,C,E4J,401,CCCCNC(=O)[C@H](C)C[C@H](O)[C@H](Cc1ccccc1)NC(=O)c1cc(NCCCC)nc(OC)c1,0.306,/app/jobs/8926f69a/WAR_PDB/BACE1/5qcr_C_E4J.pdb,/app/jobs/8926f69a/TARGET_RESULTS/MCS_Output/MCS_SDF/5qcr_C_E4J_401.sdf,True,True,True,True,/app/jobs/8926f69a/TARGET_RESULTS/MCS_Output/MCS_SVG/5qcr_C_E4J_401_plain.svg,/app/jobs/8926f69a/TARGET_RESULTS/MCS_Output/MCS_SVG/5qcr_C_E4J_401_exposed.svg
BACE1,2wf2,A,ZY2,2000,CCN1CCN2CCS(=O)(=O)N(C)c3cc(C(=O)N[C@@H](Cc4ccccc4)[C@H](O)CNCc4cccc(OC)c4)cc1c32,0.302,/app/jobs/8926f69a/WAR_PDB/BACE1/2wf2_A_ZY2.pdb,/app/jobs/8926f69a/TARGET_RESULTS/MCS_Output/MCS_SDF/2wf2_A_ZY2_2000.sdf,True,True,True,True,/app/jobs/8926f69a/TARGET_RESULTS/MCS_Output/MCS_SVG/2wf2_A_ZY2_2000_plain.svg,/app/jobs/8926f69a/TARGET_RESULTS/MCS_Output/MCS_SVG/2wf2_A_ZY2_2000_exposed.svg
BACE1,2xfi,A,XFI,1448,C[C@H](NC[C@@H](O)[C@H](Cc1ccccc1)NC(=O)c1cccc(N(c2ccccc2)S(C)(=O)=O)c1)C(=O)NC1CCCCC1,0.302,/app/jobs/8926f69a/WAR_PDB/BACE1/2xfi_A_XFI.pdb,/app/jobs/8926f69a/TARGET_RESULTS/MCS_Output/MCS_SDF/2xfi_A_XFI_1448.sdf,True,True,True,True,/app/jobs/8926f69a/TARGET_RESULTS/MCS_Output/MCS_SVG/2xfi_A_XFI_1448_plain.svg,/app/jobs/8926f69a/TARGET_RESULTS/MCS_Output/MCS_SVG/2xfi_A_XFI_1448_exposed.svg
BACE1,6nw3,A,L4J,401,CCCC[C@H](NC[C@@H]1Cc2cccc(c2)CCCCc2cc(cc(N(CCC)S(C)(=O)=O)c2)C(=O)N1)C(=O)NCC(C)C,0.302,/app/jobs/8926f69a/WAR_PDB/BACE1/6nw3_A_L4J.pdb,/app/jobs/8926f69a/TARGET_RESULTS/MCS_Output/MCS_SDF/6nw3_A_L4J_401.sdf,True,True,True,True,/app/jobs/8926f69a/TARGET_RESULTS/MCS_Output/MCS_SVG/6nw3_A_L4J_401_plain.svg,/app/jobs/8926f69a/TARGET_RESULTS/MCS_Output/MCS_SVG/6nw3_A_L4J_401_exposed.svg
BACE1,6nw3,C,L4J,401,CCCC[C@H](NC[C@@H]1Cc2cccc(c2)CCCCc2cc(cc(N(CCC)S(C)(=O)=O)c2)C(=O)N1)C(=O)NCC(C)C,0.302,/app/jobs/8926f69a/WAR_PDB/BACE1/6nw3_C_L4J.pdb,/app/jobs/8926f69a/TARGET_RESULTS/MCS_Output/MCS_SDF/6nw3_C_L4J_401.sdf,True,True,True,True,/app/jobs/8926f69a/TARGET_RESULTS/MCS_Output/MCS_SVG/6nw3_C_L4J_401_plain.svg,/app/jobs/8926f69a/TARGET_RESULTS/MCS_Output/MCS_SVG/6nw3_C_L4J_401_exposed.svg
BACE1,6dhc,A,GHJ,401,CSC[C@H](NC(=O)[C@@H]1NO[C@@H]2OCC[C@@H]21)C(=O)N[C@@H](CC(C)C)[C@@H](O)C[C@@H](C)C(=O)N[C@H](C(=O)NCC(C)C)C(C)C,0.301,/app/jobs/8926f69a/WAR_PDB/BACE1/6dhc_A_GHJ.pdb,/app/jobs/8926f69a/TARGET_RESULTS/MCS_Output/MCS_SDF/6dhc_A_GHJ_401.sdf,True,True,True,True,/app/jobs/8926f69a/TARGET_RESULTS/MCS_Output/MCS_SVG/6dhc_A_GHJ_401_plain.svg,/app/jobs/8926f69a/TARGET_RESULTS/MCS_Output/MCS_SVG/6dhc_A_GHJ_401_exposed.svg
BACE1,2wf4,A,ZY4,2000,CCn1cc2c3c(cc(C(=O)N[C@@H](Cc4ccccc4)C(O)(O)CNC4CCOCC4)cc31)N(C)S(=O)(=O)CC2,0.3,/app/jobs/8926f69a/WAR_PDB/BACE1/2wf4_A_ZY4.pdb,/app/jobs/8926f69a/TARGET_RESULTS/MCS_Output/MCS_SDF/2wf4_A_ZY4_2000.sdf,True,True,True,True,/app/jobs/8926f69a/TARGET_RESULTS/MCS_Output/MCS_SVG/2wf4_A_ZY4_2000_plain.svg,/app/jobs/8926f69a/TARGET_RESULTS/MCS_Output/MCS_SVG/2wf4_A_ZY4_2000_exposed.svg
BACE1,3ixk,B,929,500,CC(C)[C@H](NC(=O)[C@H](C)C[C@H](O)[C@H](COCc1cc(F)cc(F)c1)NC(=O)c1cc(C(=O)N[C@H](C)c2ccccc2)cc(N(C)S(C)(=O)=O)c1)C(=O)NCc1ccccc1,0.3,/app/jobs/8926f69a/WAR_PDB/BACE1/3ixk_B_929.pdb,/app/jobs/8926f69a/TARGET_RESULTS/MCS_Output/MCS_SDF/3ixk_B_929_500.sdf,True,True,True,True,/app/jobs/8926f69a/TARGET_RESULTS/MCS_Output/MCS_SVG/3ixk_B_929_500_plain.svg,/app/jobs/8926f69a/TARGET_RESULTS/MCS_Output/MCS_SVG/3ixk_B_929_500_exposed.svg
BACE1,3veu,A,0GO,378,CCCN1CCC[C@@]12CCN([C@@H](C)C(=O)N[C@@H](Cc1ccccc1)[C@H](O)CNCc1cccc(C(C)C)c1)C2=O,0.3,/app/jobs/8926f69a/WAR_PDB/BACE1/3veu_A_0GO.pdb,/app/jobs/8926f69a/TARGET_RESULTS/MCS_Output/MCS_SDF/3veu_A_0GO_378.sdf,True,True,True,True,/app/jobs/8926f69a/TARGET_RESULTS/MCS_Output/MCS_SVG/3veu_A_0GO_378_plain.svg,/app/jobs/8926f69a/TARGET_RESULTS/MCS_Output/MCS_SVG/3veu_A_0GO_378_exposed.svg
BACE1,2vkm,A,BSD,1386,COc1cccc(CNC[C@@H](O)[C@H](Cc2ccccc2)NC(=O)c2cc(C(=O)N[C@H](C)c3ccccc3)cc(N(C)S(C)(=O)=O)c2)c1,0.298,/app/jobs/8926f69a/WAR_PDB/BACE1/2vkm_A_BSD.pdb,/app/jobs/8926f69a/TARGET_RESULTS/MCS_Output/MCS_SDF/2vkm_A_BSD_1386.sdf,True,True,True,True,/app/jobs/8926f69a/TARGET_RESULTS/MCS_Output/MCS_SVG/2vkm_A_BSD_1386_plain.svg,/app/jobs/8926f69a/TARGET_RESULTS/MCS_Output/MCS_SVG/2vkm_A_BSD_1386_exposed.svg
BACE1,5v0n,A,8W4,404,CCc1cn2c3c(cc(C(=O)N[C@@H](Cc4ccccc4)[C@H](O)[C@@H]4NCCN(Cc5ccccc5)C4=O)cc13)N(C)S(=O)(=O)C(C)(C)C2,0.298,/app/jobs/8926f69a/WAR_PDB/BACE1/5v0n_A_8W4.pdb,/app/jobs/8926f69a/TARGET_RESULTS/MCS_Output/MCS_SDF/5v0n_A_8W4_404.sdf,True,True,True,True,/app/jobs/8926f69a/TARGET_RESULTS/MCS_Output/MCS_SVG/5v0n_A_8W4_404_plain.svg,/app/jobs/8926f69a/TARGET_RESULTS/MCS_Output/MCS_SVG/5v0n_A_8W4_404_exposed.svg
BACE1,3kmx,B,G00,501,[H]/N=C(/N)SCc1ccc(OCCCC)c(Cl)c1,0.294,/app/jobs/8926f69a/WAR_PDB/BACE1/3kmx_B_G00.pdb,/app/jobs/8926f69a/TARGET_RESULTS/MCS_Output/MCS_SDF/3kmx_B_G00_501.sdf,True,True,True,True,/app/jobs/8926f69a/TARGET_RESULTS/MCS_Output/MCS_SVG/3kmx_B_G00_501_plain.svg,/app/jobs/8926f69a/TARGET_RESULTS/MCS_Output/MCS_SVG/3kmx_B_G00_501_exposed.svg
BACE1,5qcs,C,AXF,401,CCCCNC(=O)[C@H](C)C[C@H](O)[C@@H]1CSC/C=C/CS[C@H]2CCCN[C@H]2C(=O)N[C@@H](C)C(=O)N1,0.294,/app/jobs/8926f69a/WAR_PDB/BACE1/5qcs_C_AXF.pdb,/app/jobs/8926f69a/TARGET_RESULTS/MCS_Output/MCS_SDF/5qcs_C_AXF_401.sdf,True,True,True,True,/app/jobs/8926f69a/TARGET_RESULTS/MCS_Output/MCS_SVG/5qcs_C_AXF_401_plain.svg,/app/jobs/8926f69a/TARGET_RESULTS/MCS_Output/MCS_SVG/5qcs_C_AXF_401_exposed.svg
BACE1,2vj6,A,VG5,1447,CCNc1cc(C(=O)N[C@@H](Cc2ccccc2)[C@H](O)CN[C@@H](C)C(=O)NC2CCCCC2)cc(N2CCCC2=O)c1,0.293,/app/jobs/8926f69a/WAR_PDB/BACE1/2vj6_A_VG5.pdb,/app/jobs/8926f69a/TARGET_RESULTS/MCS_Output/MCS_SDF/2vj6_A_VG5_1447.sdf,True,True,True,True,/app/jobs/8926f69a/TARGET_RESULTS/MCS_Output/MCS_SVG/2vj6_A_VG5_1447_plain.svg,/app/jobs/8926f69a/TARGET_RESULTS/MCS_Output/MCS_SVG/2vj6_A_VG5_1447_exposed.svg
BACE1,2wf3,A,ZY3,2000,CCNc1cc(C(=O)N[C@@H](Cc2ccccc2)[C@H](O)CNCc2cccc(OC)c2)cc2c1CCCS(=O)(=O)N2C,0.293,/app/jobs/8926f69a/WAR_PDB/BACE1/2wf3_A_ZY3.pdb,/app/jobs/8926f69a/TARGET_RESULTS/MCS_Output/MCS_SDF/2wf3_A_ZY3_2000.sdf,True,True,True,True,/app/jobs/8926f69a/TARGET_RESULTS/MCS_Output/MCS_SVG/2wf3_A_ZY3_2000_plain.svg,/app/jobs/8926f69a/TARGET_RESULTS/MCS_Output/MCS_SVG/2wf3_A_ZY3_2000_exposed.svg
BACE1,4dpi,A,0N1,501,Cc1cc2cc(c1)C(=O)N[C@@H](c1ccccc1)C/C=C/COC[C@@H]([C@H](O)CNCc1cccc(C(C)C)c1)NC2=O,0.293,/app/jobs/8926f69a/WAR_PDB/BACE1/4dpi_A_0N1.pdb,/app/jobs/8926f69a/TARGET_RESULTS/MCS_Output/MCS_SDF/4dpi_A_0N1_501.sdf,True,True,True,True,/app/jobs/8926f69a/TARGET_RESULTS/MCS_Output/MCS_SVG/4dpi_A_0N1_501_plain.svg,/app/jobs/8926f69a/TARGET_RESULTS/MCS_Output/MCS_SVG/4dpi_A_0N1_501_exposed.svg
BACE1,3qbh,B,QBH,387,CCCN1C(=O)OC[C@@H]1Cc1cc(C[C@@H]2CS(=O)(=O)C[C@H](NCc3cccc(C(C)C)c3)[C@H]2O)ccc1O,0.289,/app/jobs/8926f69a/WAR_PDB/BACE1/3qbh_B_QBH.pdb,/app/jobs/8926f69a/TARGET_RESULTS/MCS_Output/MCS_SDF/3qbh_B_QBH_387.sdf,True,True,True,True,/app/jobs/8926f69a/TARGET_RESULTS/MCS_Output/MCS_SVG/3qbh_B_QBH_387_plain.svg,/app/jobs/8926f69a/TARGET_RESULTS/MCS_Output/MCS_SVG/3qbh_B_QBH_387_exposed.svg
BACE1,2wf1,A,ZY1,2000,CCc1cn2c3c(cc(C(=O)N[C@@H](Cc4ccccc4)[C@H](O)CNCc4cccc(OC)c4)cc13)N(C)S(=O)(=O)CC2,0.286,/app/jobs/8926f69a/WAR_PDB/BACE1/2wf1_A_ZY1.pdb,/app/jobs/8926f69a/TARGET_RESULTS/MCS_Output/MCS_SDF/2wf1_A_ZY1_2000.sdf,True,True,True,True,/app/jobs/8926f69a/TARGET_RESULTS/MCS_Output/MCS_SVG/2wf1_A_ZY1_2000_plain.svg,/app/jobs/8926f69a/TARGET_RESULTS/MCS_Output/MCS_SVG/2wf1_A_ZY1_2000_exposed.svg
BACE1,5qcp,B,E4G,401,CC(=O)COc1cc2cc(c1)C(=O)N[C@H]([C@H](O)CNCc1cccc(C(C)C)c1)Cc1cccc(c1)OCCCCO2,0.286,/app/jobs/8926f69a/WAR_PDB/BACE1/5qcp_B_E4G.pdb,/app/jobs/8926f69a/TARGET_RESULTS/MCS_Output/MCS_SDF/5qcp_B_E4G_401.sdf,True,True,True,True,/app/jobs/8926f69a/TARGET_RESULTS/MCS_Output/MCS_SVG/5qcp_B_E4G_401_plain.svg,/app/jobs/8926f69a/TARGET_RESULTS/MCS_Output/MCS_SVG/5qcp_B_E4G_401_exposed.svg
BACE1,6nv7,A,L3J,401,CCCN(c1cc2cc(c1)C(=O)N[C@H](CN[C@@H](C(=O)/N=C/C(C)C)[C@H](C)O)Cc1cccc(c1)CCCC2)S(C)(=O)=O,0.286,/app/jobs/8926f69a/WAR_PDB/BACE1/6nv7_A_L3J.pdb,/app/jobs/8926f69a/TARGET_RESULTS/MCS_Output/MCS_SDF/6nv7_A_L3J_401.sdf,True,True,True,True,/app/jobs/8926f69a/TARGET_RESULTS/MCS_Output/MCS_SVG/6nv7_A_L3J_401_plain.svg,/app/jobs/8926f69a/TARGET_RESULTS/MCS_Output/MCS_SVG/6nv7_A_L3J_401_exposed.svg
BACE1,6nv7,B,L3J,401,CCCN(c1cc2cc(c1)C(=O)N[C@H](CN[C@@H](C(=O)/N=C/C(C)C)[C@H](C)O)Cc1cccc(c1)CCCC2)S(C)(=O)=O,0.286,/app/jobs/8926f69a/WAR_PDB/BACE1/6nv7_B_L3J.pdb,/app/jobs/8926f69a/TARGET_RESULTS/MCS_Output/MCS_SDF/6nv7_B_L3J_401.sdf,True,True,True,True,/app/jobs/8926f69a/TARGET_RESULTS/MCS_Output/MCS_SVG/6nv7_B_L3J_401_plain.svg,/app/jobs/8926f69a/TARGET_RESULTS/MCS_Output/MCS_SVG/6nv7_B_L3J_401_exposed.svg
BACE1,2xfk,A,AA9,500,CCNc1cc(C(=O)N[C@@H](Cc2ccccc2)[C@H](O)CN[C@@H](C)C(=O)NC2CCCCC2)cc(N(c2ccccc2)S(C)(=O)=O)c1,0.283,/app/jobs/8926f69a/WAR_PDB/BACE1/2xfk_A_AA9.pdb,/app/jobs/8926f69a/TARGET_RESULTS/MCS_Output/MCS_SDF/2xfk_A_AA9_500.sdf,True,True,True,True,/app/jobs/8926f69a/TARGET_RESULTS/MCS_Output/MCS_SVG/2xfk_A_AA9_500_plain.svg,/app/jobs/8926f69a/TARGET_RESULTS/MCS_Output/MCS_SVG/2xfk_A_AA9_500_exposed.svg
BACE1,3ixj,A,586,500,CO[C@H](C[C@H](O)[C@H](COc1cc(F)cc(F)c1)NC(=O)c1cc(C(=O)N[C@H](C)c2ccccc2)cc(N(C)S(C)(=O)=O)c1)C(=O)N[C@H](C(=O)NCc1ccccc1)C(C)C,0.283,/app/jobs/8926f69a/WAR_PDB/BACE1/3ixj_A_586.pdb,/app/jobs/8926f69a/TARGET_RESULTS/MCS_Output/MCS_SDF/3ixj_A_586_500.sdf,True,True,True,True,/app/jobs/8926f69a/TARGET_RESULTS/MCS_Output/MCS_SVG/3ixj_A_586_500_plain.svg,/app/jobs/8926f69a/TARGET_RESULTS/MCS_Output/MCS_SVG/3ixj_A_586_500_exposed.svg
BACE1,3ixj,B,586,500,CO[C@H](C[C@H](O)[C@H](COc1cc(F)cc(F)c1)NC(=O)c1cc(C(=O)N[C@H](C)c2ccccc2)cc(N(C)S(C)(=O)=O)c1)C(=O)N[C@H](C(=O)NCc1ccccc1)C(C)C,0.283,/app/jobs/8926f69a/WAR_PDB/BACE1/3ixj_B_586.pdb,/app/jobs/8926f69a/TARGET_RESULTS/MCS_Output/MCS_SDF/3ixj_B_586_500.sdf,True,True,True,True,/app/jobs/8926f69a/TARGET_RESULTS/MCS_Output/MCS_SVG/3ixj_B_586_500_plain.svg,/app/jobs/8926f69a/TARGET_RESULTS/MCS_Output/MCS_SVG/3ixj_B_586_500_exposed.svg
BACE1,2ph8,A,35A,388,C[C@@H]1CCc2cccc(c2)C[C@@](C)(N)C(=O)OCc2cc(nc(N(C)S(C)(=O)=O)c2)CC1,0.281,/app/jobs/8926f69a/WAR_PDB/BACE1/2ph8_A_35A.pdb,/app/jobs/8926f69a/TARGET_RESULTS/MCS_Output/MCS_SDF/2ph8_A_35A_388.sdf,True,True,True,True,/app/jobs/8926f69a/TARGET_RESULTS/MCS_Output/MCS_SVG/2ph8_A_35A_388_plain.svg,/app/jobs/8926f69a/TARGET_RESULTS/MCS_Output/MCS_SVG/2ph8_A_35A_388_exposed.svg
BACE1,2qmf,A,CS9,1,CCCN(CCC)C(=O)c1cc(C)cc(C(=O)N[C@@H](Cc2cc(F)cc(F)c2)[C@H](O)[C@H]2C[C@@H](Oc3ccccc3)CN2)c1,0.279,/app/jobs/8926f69a/WAR_PDB/BACE1/2qmf_A_CS9.pdb,/app/jobs/8926f69a/TARGET_RESULTS/MCS_Output/MCS_SDF/2qmf_A_CS9_1.sdf,True,True,True,True,/app/jobs/8926f69a/TARGET_RESULTS/MCS_Output/MCS_SVG/2qmf_A_CS9_1_plain.svg,/app/jobs/8926f69a/TARGET_RESULTS/MCS_Output/MCS_SVG/2qmf_A_CS9_1_exposed.svg
BACE1,3uqu,A,ZPX,394,C[C@@H](NC(=O)c1cc(C(=O)N[C@@H](Cc2ccccc2)[C@@H](O)Cn2cccn2)cc(N(C)S(C)(=O)=O)c1)c1ccc(F)cc1,0.279,/app/jobs/8926f69a/WAR_PDB/BACE1/3uqu_A_ZPX.pdb,/app/jobs/8926f69a/TARGET_RESULTS/MCS_Output/MCS_SDF/3uqu_A_ZPX_394.sdf,True,True,True,True,/app/jobs/8926f69a/TARGET_RESULTS/MCS_Output/MCS_SVG/3uqu_A_ZPX_394_plain.svg,/app/jobs/8926f69a/TARGET_RESULTS/MCS_Output/MCS_SVG/3uqu_A_ZPX_394_exposed.svg
BACE1,6nw3,B,L4J,401,CCCC[C@H](NC[C@@H]1Cc2cccc(c2)CCCCc2cc(cc(N(CCC)S(C)(=O)=O)c2)C(=O)N1)C(=O)NCC(C)C,0.279,/app/jobs/8926f69a/WAR_PDB/BACE1/6nw3_B_L4J.pdb,/app/jobs/8926f69a/TARGET_RESULTS/MCS_Output/MCS_SDF/6nw3_B_L4J_401.sdf,True,True,True,True,/app/jobs/8926f69a/TARGET_RESULTS/MCS_Output/MCS_SVG/6nw3_B_L4J_401_plain.svg,/app/jobs/8926f69a/TARGET_RESULTS/MCS_Output/MCS_SVG/6nw3_B_L4J_401_exposed.svg
BACE1,3k5f,A,AYH,387,CCCCNC(=O)[C@H](C)C[C@H](O)[C@H](Cc1ccccc1)NC(=O)[C@@H]1CCC[C@H](C(C)(C)NC(C)=O)C1,0.278,/app/jobs/8926f69a/WAR_PDB/BACE1/3k5f_A_AYH.pdb,/app/jobs/8926f69a/TARGET_RESULTS/MCS_Output/MCS_SDF/3k5f_A_AYH_387.sdf,True,True,True,True,/app/jobs/8926f69a/TARGET_RESULTS/MCS_Output/MCS_SVG/3k5f_A_AYH_387_plain.svg,/app/jobs/8926f69a/TARGET_RESULTS/MCS_Output/MCS_SVG/3k5f_A_AYH_387_exposed.svg
BACE1,5qcr,B,E4J,401,CCCCNC(=O)[C@H](C)C[C@H](O)[C@H](Cc1ccccc1)NC(=O)c1cc(NCCCC)nc(OC)c1,0.278,/app/jobs/8926f69a/WAR_PDB/BACE1/5qcr_B_E4J.pdb,/app/jobs/8926f69a/TARGET_RESULTS/MCS_Output/MCS_SDF/5qcr_B_E4J_401.sdf,True,True,True,True,/app/jobs/8926f69a/TARGET_RESULTS/MCS_Output/MCS_SVG/5qcr_B_E4J_401_plain.svg,/app/jobs/8926f69a/TARGET_RESULTS/MCS_Output/MCS_SVG/5qcr_B_E4J_401_exposed.svg
BACE1,4gid,B,0GH,501,CC(C)CNC(=O)[C@@H](NC[C@H](Cc1ccccc1)NC(=O)c1cc(C(=O)N[C@H](C)c2ccccc2)cc(N(C)S(C)(=O)=O)c1)[C@@H](C)O,0.277,/app/jobs/8926f69a/WAR_PDB/BACE1/4gid_B_0GH.pdb,/app/jobs/8926f69a/TARGET_RESULTS/MCS_Output/MCS_SDF/4gid_B_0GH_501.sdf,True,True,True,True,/app/jobs/8926f69a/TARGET_RESULTS/MCS_Output/MCS_SVG/4gid_B_0GH_501_plain.svg,/app/jobs/8926f69a/TARGET_RESULTS/MCS_Output/MCS_SVG/4gid_B_0GH_501_exposed.svg
BACE1,5v0n,B,8W4,406,CCc1cn2c3c(cc(C(=O)N[C@@H](Cc4ccccc4)[C@H](O)[C@@H]4NCCN(Cc5ccccc5)C4=O)cc13)N(C)S(=O)(=O)C(C)(C)C2,0.277,/app/jobs/8926f69a/WAR_PDB/BACE1/5v0n_B_8W4.pdb,/app/jobs/8926f69a/TARGET_RESULTS/MCS_Output/MCS_SDF/5v0n_B_8W4_406.sdf,True,True,True,True,/app/jobs/8926f69a/TARGET_RESULTS/MCS_Output/MCS_SVG/5v0n_B_8W4_406_plain.svg,/app/jobs/8926f69a/TARGET_RESULTS/MCS_Output/MCS_SVG/5v0n_B_8W4_406_exposed.svg
BACE1,2vnn,A,CM7,2000,CCc1cn2c3c(cc(C(=O)N[C@@H](Cc4ccccc4)[C@H](O)CNCc4cccc(C(F)(F)F)c4)cc13)N(C)S(=O)(=O)CC2,0.273,/app/jobs/8926f69a/WAR_PDB/BACE1/2vnn_A_CM7.pdb,/app/jobs/8926f69a/TARGET_RESULTS/MCS_Output/MCS_SDF/2vnn_A_CM7_2000.sdf,True,True,True,True,/app/jobs/8926f69a/TARGET_RESULTS/MCS_Output/MCS_SVG/2vnn_A_CM7_2000_plain.svg,/app/jobs/8926f69a/TARGET_RESULTS/MCS_Output/MCS_SVG/2vnn_A_CM7_2000_exposed.svg
BACE1,3i25,A,MV7,531,COCCO[C@H](C[C@H](O)[C@H](COc1cc(F)cc(F)c1)NC(=O)c1cc(C(=O)N[C@H](C)c2ccccc2)cc(N(C)S(C)(=O)=O)c1)C(=O)N[C@H](C(=O)NCc1ccccc1)C(C)C,0.27,/app/jobs/8926f69a/WAR_PDB/BACE1/3i25_A_MV7.pdb,/app/jobs/8926f69a/TARGET_RESULTS/MCS_Output/MCS_SDF/3i25_A_MV7_531.sdf,True,True,True,True,/app/jobs/8926f69a/TARGET_RESULTS/MCS_Output/MCS_SVG/3i25_A_MV7_531_plain.svg,/app/jobs/8926f69a/TARGET_RESULTS/MCS_Output/MCS_SVG/3i25_A_MV7_531_exposed.svg
BACE1,6dhc,C,GHJ,401,CSC[C@H](NC(=O)[C@@H]1NO[C@@H]2OCC[C@@H]21)C(=O)N[C@@H](CC(C)C)[C@@H](O)C[C@@H](C)C(=O)N[C@H](C(=O)NCC(C)C)C(C)C,0.269,/app/jobs/8926f69a/WAR_PDB/BACE1/6dhc_C_GHJ.pdb,/app/jobs/8926f69a/TARGET_RESULTS/MCS_Output/MCS_SDF/6dhc_C_GHJ_401.sdf,True,True,True,True,/app/jobs/8926f69a/TARGET_RESULTS/MCS_Output/MCS_SVG/6dhc_C_GHJ_401_plain.svg,/app/jobs/8926f69a/TARGET_RESULTS/MCS_Output/MCS_SVG/6dhc_C_GHJ_401_exposed.svg
BACE1,3ixk,A,929,500,CC(C)[C@H](NC(=O)[C@H](C)C[C@H](O)[C@H](COCc1cc(F)cc(F)c1)NC(=O)c1cc(C(=O)N[C@H](C)c2ccccc2)cc(N(C)S(C)(=O)=O)c1)C(=O)NCc1ccccc1,0.267,/app/jobs/8926f69a/WAR_PDB/BACE1/3ixk_A_929.pdb,/app/jobs/8926f69a/TARGET_RESULTS/MCS_Output/MCS_SDF/3ixk_A_929_500.sdf,True,True,True,True,/app/jobs/8926f69a/TARGET_RESULTS/MCS_Output/MCS_SVG/3ixk_A_929_500_plain.svg,/app/jobs/8926f69a/TARGET_RESULTS/MCS_Output/MCS_SVG/3ixk_A_929_500_exposed.svg
BACE1,2p4j,B,23I,502,CC(C)C[C@H](NC(=O)c1cc(C(=O)N[C@H](C)c2ccccc2)cc(N(C)S(C)(=O)=O)c1)[C@@H](O)C[C@@H](C)C(=O)N[C@H](C(=O)NC(C)C)C(C)C,0.265,/app/jobs/8926f69a/WAR_PDB/BACE1/2p4j_B_23I.pdb,/app/jobs/8926f69a/TARGET_RESULTS/MCS_Output/MCS_SDF/2p4j_B_23I_502.sdf,True,True,True,True,/app/jobs/8926f69a/TARGET_RESULTS/MCS_Output/MCS_SVG/2p4j_B_23I_502_plain.svg,/app/jobs/8926f69a/TARGET_RESULTS/MCS_Output/MCS_SVG/2p4j_B_23I_502_exposed.svg
BACE1,2b8v,A,3BN,1001,CN(c1cc(C(=O)N[C@@H](Cc2ccccc2)[C@H](O)CNC2CC2)cc(C(=O)c2ccccc2)c1)S(C)(=O)=O,0.263,/app/jobs/8926f69a/WAR_PDB/BACE1/2b8v_A_3BN.pdb,/app/jobs/8926f69a/TARGET_RESULTS/MCS_Output/MCS_SDF/2b8v_A_3BN_1001.sdf,True,True,True,True,/app/jobs/8926f69a/TARGET_RESULTS/MCS_Output/MCS_SVG/2b8v_A_3BN_1001_plain.svg,/app/jobs/8926f69a/TARGET_RESULTS/MCS_Output/MCS_SVG/2b8v_A_3BN_1001_exposed.svg
BACE1,2ph6,A,712,401,C[C@@H](NC(=O)c1cc(COC(=O)[C@](C)(N)Cc2ccccc2)cc(N(C)S(C)(=O)=O)c1)c1ccc(F)cc1,0.263,/app/jobs/8926f69a/WAR_PDB/BACE1/2ph6_A_712.pdb,/app/jobs/8926f69a/TARGET_RESULTS/MCS_Output/MCS_SDF/2ph6_A_712_401.sdf,True,True,True,True,/app/jobs/8926f69a/TARGET_RESULTS/MCS_Output/MCS_SVG/2ph6_A_712_401_plain.svg,/app/jobs/8926f69a/TARGET_RESULTS/MCS_Output/MCS_SVG/2ph6_A_712_401_exposed.svg
BACE1,3uqx,A,ZPZ,401,C[C@H](O)c1cn(C[C@H](O)[C@H](Cc2ccccc2)NC(=O)c2cc(C(=O)N[C@H](C)c3ccc(F)cc3)cc(N(C)S(C)(=O)=O)c2)nn1,0.261,/app/jobs/8926f69a/WAR_PDB/BACE1/3uqx_A_ZPZ.pdb,/app/jobs/8926f69a/TARGET_RESULTS/MCS_Output/MCS_SDF/3uqx_A_ZPZ_401.sdf,True,True,True,True,/app/jobs/8926f69a/TARGET_RESULTS/MCS_Output/MCS_SVG/3uqx_A_ZPZ_401_plain.svg,/app/jobs/8926f69a/TARGET_RESULTS/MCS_Output/MCS_SVG/3uqx_A_ZPZ_401_exposed.svg
BACE1,2vkm,B,BSD,1386,COc1cccc(CNC[C@@H](O)[C@H](Cc2ccccc2)NC(=O)c2cc(C(=O)N[C@H](C)c3ccccc3)cc(N(C)S(C)(=O)=O)c2)c1,0.255,/app/jobs/8926f69a/WAR_PDB/BACE1/2vkm_B_BSD.pdb,/app/jobs/8926f69a/TARGET_RESULTS/MCS_Output/MCS_SDF/2vkm_B_BSD_1386.sdf,True,True,True,True,/app/jobs/8926f69a/TARGET_RESULTS/MCS_Output/MCS_SVG/2vkm_B_BSD_1386_plain.svg,/app/jobs/8926f69a/TARGET_RESULTS/MCS_Output/MCS_SVG/2vkm_B_BSD_1386_exposed.svg
BACE1,3i25,C,MV7,531,COCCO[C@H](C[C@H](O)[C@H](COc1cc(F)cc(F)c1)NC(=O)c1cc(C(=O)N[C@H](C)c2ccccc2)cc(N(C)S(C)(=O)=O)c1)C(=O)N[C@H](C(=O)NCc1ccccc1)C(C)C,0.254,/app/jobs/8926f69a/WAR_PDB/BACE1/3i25_C_MV7.pdb,/app/jobs/8926f69a/TARGET_RESULTS/MCS_Output/MCS_SDF/3i25_C_MV7_531.sdf,True,True,True,True,/app/jobs/8926f69a/TARGET_RESULTS/MCS_Output/MCS_SVG/3i25_C_MV7_531_plain.svg,/app/jobs/8926f69a/TARGET_RESULTS/MCS_Output/MCS_SVG/3i25_C_MV7_531_exposed.svg
BACE1,3k5f,C,AYH,387,CCCCNC(=O)[C@H](C)C[C@H](O)[C@H](Cc1ccccc1)NC(=O)[C@@H]1CCC[C@H](C(C)(C)NC(C)=O)C1,0.25,/app/jobs/8926f69a/WAR_PDB/BACE1/3k5f_C_AYH.pdb,/app/jobs/8926f69a/TARGET_RESULTS/MCS_Output/MCS_SDF/3k5f_C_AYH_387.sdf,True,True,True,True,/app/jobs/8926f69a/TARGET_RESULTS/MCS_Output/MCS_SVG/3k5f_C_AYH_387_plain.svg,/app/jobs/8926f69a/TARGET_RESULTS/MCS_Output/MCS_SVG/3k5f_C_AYH_387_exposed.svg
BACE1,5qcr,A,E4J,401,CCCCNC(=O)[C@H](C)C[C@H](O)[C@H](Cc1ccccc1)NC(=O)c1cc(NCCCC)nc(OC)c1,0.25,/app/jobs/8926f69a/WAR_PDB/BACE1/5qcr_A_E4J.pdb,/app/jobs/8926f69a/TARGET_RESULTS/MCS_Output/MCS_SDF/5qcr_A_E4J_401.sdf,True,True,True,True,/app/jobs/8926f69a/TARGET_RESULTS/MCS_Output/MCS_SVG/5qcr_A_E4J_401_plain.svg,/app/jobs/8926f69a/TARGET_RESULTS/MCS_Output/MCS_SVG/5qcr_A_E4J_401_exposed.svg
BACE1,6bfe,A,DJV,401,CC(=O)N[C@@H](Cc1cc(F)cc(F)c1)[C@H](O)[C@H]1C[C@@H](OCC2CCCCC2)CN1,0.246,/app/jobs/8926f69a/WAR_PDB/BACE1/6bfe_A_DJV.pdb,/app/jobs/8926f69a/TARGET_RESULTS/MCS_Output/MCS_SDF/6bfe_A_DJV_401.sdf,True,True,True,True,/app/jobs/8926f69a/TARGET_RESULTS/MCS_Output/MCS_SVG/6bfe_A_DJV_401_plain.svg,/app/jobs/8926f69a/TARGET_RESULTS/MCS_Output/MCS_SVG/6bfe_A_DJV_401_exposed.svg
BACE1,3tpp,A,5HA,999,C[C@@H](NC(=O)c1cc(C(=O)N[C@@H](Cc2ccccc2)[C@H](O)CNC2CC2)cc(N(C)S(C)(=O)=O)c1)c1ccccc1,0.244,/app/jobs/8926f69a/WAR_PDB/BACE1/3tpp_A_5HA.pdb,/app/jobs/8926f69a/TARGET_RESULTS/MCS_Output/MCS_SDF/3tpp_A_5HA_999.sdf,True,True,True,True,/app/jobs/8926f69a/TARGET_RESULTS/MCS_Output/MCS_SVG/3tpp_A_5HA_999_plain.svg,/app/jobs/8926f69a/TARGET_RESULTS/MCS_Output/MCS_SVG/3tpp_A_5HA_999_exposed.svg
BACE1,2qzl,A,IXS,449,CC(C)CNC(=O)[C@H](C)NC[C@H](Cc1ccccc1)NC(=O)c1cc(C(=O)N[C@H](C)c2ccc(F)cc2)cc(N(C)S(C)(=O)=O)c1,0.239,/app/jobs/8926f69a/WAR_PDB/BACE1/2qzl_A_IXS.pdb,/app/jobs/8926f69a/TARGET_RESULTS/MCS_Output/MCS_SDF/2qzl_A_IXS_449.sdf,True,True,True,True,/app/jobs/8926f69a/TARGET_RESULTS/MCS_Output/MCS_SVG/2qzl_A_IXS_449_plain.svg,/app/jobs/8926f69a/TARGET_RESULTS/MCS_Output/MCS_SVG/2qzl_A_IXS_449_exposed.svg
BACE1,3i25,B,MV7,531,COCCO[C@H](C[C@H](O)[C@H](COc1cc(F)cc(F)c1)NC(=O)c1cc(C(=O)N[C@H](C)c2ccccc2)cc(N(C)S(C)(=O)=O)c1)C(=O)N[C@H](C(=O)NCc1ccccc1)C(C)C,0.238,/app/jobs/8926f69a/WAR_PDB/BACE1/3i25_B_MV7.pdb,/app/jobs/8926f69a/TARGET_RESULTS/MCS_Output/MCS_SDF/3i25_B_MV7_531.sdf,True,True,True,True,/app/jobs/8926f69a/TARGET_RESULTS/MCS_Output/MCS_SVG/3i25_B_MV7_531_plain.svg,/app/jobs/8926f69a/TARGET_RESULTS/MCS_Output/MCS_SVG/3i25_B_MV7_531_exposed.svg
BACE1,4gid,D,0GH,501,CC(C)CNC(=O)[C@@H](NC[C@H](Cc1ccccc1)NC(=O)c1cc(C(=O)N[C@H](C)c2ccccc2)cc(N(C)S(C)(=O)=O)c1)[C@@H](C)O,0.234,/app/jobs/8926f69a/WAR_PDB/BACE1/4gid_D_0GH.pdb,/app/jobs/8926f69a/TARGET_RESULTS/MCS_Output/MCS_SDF/4gid_D_0GH_501.sdf,True,True,True,True,/app/jobs/8926f69a/TARGET_RESULTS/MCS_Output/MCS_SVG/4gid_D_0GH_501_plain.svg,/app/jobs/8926f69a/TARGET_RESULTS/MCS_Output/MCS_SVG/4gid_D_0GH_501_exposed.svg
BACE1,2is0,A,I03,386,C[C@@H](NC(=O)c1cc(C(=O)OC[C@@](N)(CO)Cc2ccccc2)cc(N(C)S(C)(=O)=O)c1)c1ccc(F)cc1,0.231,/app/jobs/8926f69a/WAR_PDB/BACE1/2is0_A_I03.pdb,/app/jobs/8926f69a/TARGET_RESULTS/MCS_Output/MCS_SDF/2is0_A_I03_386.sdf,True,True,True,True,/app/jobs/8926f69a/TARGET_RESULTS/MCS_Output/MCS_SVG/2is0_A_I03_386_plain.svg,/app/jobs/8926f69a/TARGET_RESULTS/MCS_Output/MCS_SVG/2is0_A_I03_386_exposed.svg
BACE1,6bfe,B,DJV,401,CC(=O)N[C@@H](Cc1cc(F)cc(F)c1)[C@H](O)[C@H]1C[C@@H](OCC2CCCCC2)CN1,0.23,/app/jobs/8926f69a/WAR_PDB/BACE1/6bfe_B_DJV.pdb,/app/jobs/8926f69a/TARGET_RESULTS/MCS_Output/MCS_SDF/6bfe_B_DJV_401.sdf,True,True,True,True,/app/jobs/8926f69a/TARGET_RESULTS/MCS_Output/MCS_SVG/6bfe_B_DJV_401_plain.svg,/app/jobs/8926f69a/TARGET_RESULTS/MCS_Output/MCS_SVG/6bfe_B_DJV_401_exposed.svg
BACE1,5dqc,C,5E7,401,CC(C)CNC(=O)[C@@H](NC[C@@H](O)[C@H](Cc1ccccc1)NC(=O)c1cc(C(=O)N[C@H](C)c2ccccc2)cc(N(C)S(C)(=O)=O)c1)[C@H](C)O,0.224,/app/jobs/8926f69a/WAR_PDB/BACE1/5dqc_C_5E7.pdb,/app/jobs/8926f69a/TARGET_RESULTS/MCS_Output/MCS_SDF/5dqc_C_5E7_401.sdf,True,True,True,True,/app/jobs/8926f69a/TARGET_RESULTS/MCS_Output/MCS_SVG/5dqc_C_5E7_401_plain.svg,/app/jobs/8926f69a/TARGET_RESULTS/MCS_Output/MCS_SVG/5dqc_C_5E7_401_exposed.svg
BACE1,2b8l,A,5HA,386,C[C@@H](NC(=O)c1cc(C(=O)N[C@@H](Cc2ccccc2)[C@H](O)CNC2CC2)cc(N(C)S(C)(=O)=O)c1)c1ccccc1,0.22,/app/jobs/8926f69a/WAR_PDB/BACE1/2b8l_A_5HA.pdb,/app/jobs/8926f69a/TARGET_RESULTS/MCS_Output/MCS_SDF/2b8l_A_5HA_386.sdf,True,True,True,True,/app/jobs/8926f69a/TARGET_RESULTS/MCS_Output/MCS_SVG/2b8l_A_5HA_386_plain.svg,/app/jobs/8926f69a/TARGET_RESULTS/MCS_Output/MCS_SVG/2b8l_A_5HA_386_exposed.svg
BACE1,2p8h,A,MY9,386,C[C@@H](NC(=O)c1cc(C(=O)N[C@@H](Cc2ccccc2)[C@H](O)[C@@H]2NC(C)(C)N(C)C2=O)cc(N(C)S(C)(=O)=O)c1)c1ccc(F)cc1,0.217,/app/jobs/8926f69a/WAR_PDB/BACE1/2p8h_A_MY9.pdb,/app/jobs/8926f69a/TARGET_RESULTS/MCS_Output/MCS_SDF/2p8h_A_MY9_386.sdf,True,True,True,True,/app/jobs/8926f69a/TARGET_RESULTS/MCS_Output/MCS_SVG/2p8h_A_MY9_386_plain.svg,/app/jobs/8926f69a/TARGET_RESULTS/MCS_Output/MCS_SVG/2p8h_A_MY9_386_exposed.svg
BACE1,2vkm,C,BSD,1386,COc1cccc(CNC[C@@H](O)[C@H](Cc2ccccc2)NC(=O)c2cc(C(=O)N[C@H](C)c3ccccc3)cc(N(C)S(C)(=O)=O)c2)c1,0.213,/app/jobs/8926f69a/WAR_PDB/BACE1/2vkm_C_BSD.pdb,/app/jobs/8926f69a/TARGET_RESULTS/MCS_Output/MCS_SDF/2vkm_C_BSD_1386.sdf,True,True,True,True,/app/jobs/8926f69a/TARGET_RESULTS/MCS_Output/MCS_SVG/2vkm_C_BSD_1386_plain.svg,/app/jobs/8926f69a/TARGET_RESULTS/MCS_Output/MCS_SVG/2vkm_C_BSD_1386_exposed.svg
BACE1,2vkm,D,BSD,1386,COc1cccc(CNC[C@@H](O)[C@H](Cc2ccccc2)NC(=O)c2cc(C(=O)N[C@H](C)c3ccccc3)cc(N(C)S(C)(=O)=O)c2)c1,0.213,/app/jobs/8926f69a/WAR_PDB/BACE1/2vkm_D_BSD.pdb,/app/jobs/8926f69a/TARGET_RESULTS/MCS_Output/MCS_SDF/2vkm_D_BSD_1386.sdf,True,True,True,True,/app/jobs/8926f69a/TARGET_RESULTS/MCS_Output/MCS_SVG/2vkm_D_BSD_1386_plain.svg,/app/jobs/8926f69a/TARGET_RESULTS/MCS_Output/MCS_SVG/2vkm_D_BSD_1386_exposed.svg
BACE1,4gid,A,0GH,501,CC(C)CNC(=O)[C@@H](NC[C@H](Cc1ccccc1)NC(=O)c1cc(C(=O)N[C@H](C)c2ccccc2)cc(N(C)S(C)(=O)=O)c1)[C@@H](C)O,0.213,/app/jobs/8926f69a/WAR_PDB/BACE1/4gid_A_0GH.pdb,/app/jobs/8926f69a/TARGET_RESULTS/MCS_Output/MCS_SDF/4gid_A_0GH_501.sdf,True,True,True,True,/app/jobs/8926f69a/TARGET_RESULTS/MCS_Output/MCS_SVG/4gid_A_0GH_501_plain.svg,/app/jobs/8926f69a/TARGET_RESULTS/MCS_Output/MCS_SVG/4gid_A_0GH_501_exposed.svg
BACE1,6bfd,B,DJS,401,CC[C@H](C)Nc1cc(C(=O)N[C@@H](Cc2ccccc2)[C@H](O)[C@H]2CCCN2)cc(S(C)(=O)=O)n1,0.212,/app/jobs/8926f69a/WAR_PDB/BACE1/6bfd_B_DJS.pdb,/app/jobs/8926f69a/TARGET_RESULTS/MCS_Output/MCS_SDF/6bfd_B_DJS_401.sdf,True,True,True,True,/app/jobs/8926f69a/TARGET_RESULTS/MCS_Output/MCS_SVG/6bfd_B_DJS_401_plain.svg,/app/jobs/8926f69a/TARGET_RESULTS/MCS_Output/MCS_SVG/6bfd_B_DJS_401_exposed.svg
BACE1,2ntr,A,L00,401,COCCN(C[C@H]1C[C@@H]1C)c1cc(-c2nnc([C@](C)(N)Cc3ccccc3)o2)c(Cl)c(N(C)S(C)(=O)=O)n1,0.211,/app/jobs/8926f69a/WAR_PDB/BACE1/2ntr_A_L00.pdb,/app/jobs/8926f69a/TARGET_RESULTS/MCS_Output/MCS_SDF/2ntr_A_L00_401.sdf,True,True,True,True,/app/jobs/8926f69a/TARGET_RESULTS/MCS_Output/MCS_SVG/2ntr_A_L00_401_plain.svg,/app/jobs/8926f69a/TARGET_RESULTS/MCS_Output/MCS_SVG/2ntr_A_L00_401_exposed.svg
BACE1,2oah,A,QIN,902,CCCC[C@H](N)[C@H](Cc1ccsc1)NC(=O)c1cc(NC[C@H]2C[C@@H]2C)nc(N(C)S(C)(=O)=O)c1,0.206,/app/jobs/8926f69a/WAR_PDB/BACE1/2oah_A_QIN.pdb,/app/jobs/8926f69a/TARGET_RESULTS/MCS_Output/MCS_SDF/2oah_A_QIN_902.sdf,True,True,True,True,/app/jobs/8926f69a/TARGET_RESULTS/MCS_Output/MCS_SVG/2oah_A_QIN_902_plain.svg,/app/jobs/8926f69a/TARGET_RESULTS/MCS_Output/MCS_SVG/2oah_A_QIN_902_exposed.svg
BACE1,5dqc,A,5E7,401,CC(C)CNC(=O)[C@@H](NC[C@@H](O)[C@H](Cc1ccccc1)NC(=O)c1cc(C(=O)N[C@H](C)c2ccccc2)cc(N(C)S(C)(=O)=O)c1)[C@H](C)O,0.204,/app/jobs/8926f69a/WAR_PDB/BACE1/5dqc_A_5E7.pdb,/app/jobs/8926f69a/TARGET_RESULTS/MCS_Output/MCS_SDF/5dqc_A_5E7_401.sdf,True,True,True,True,/app/jobs/8926f69a/TARGET_RESULTS/MCS_Output/MCS_SVG/5dqc_A_5E7_401_plain.svg,/app/jobs/8926f69a/TARGET_RESULTS/MCS_Output/MCS_SVG/5dqc_A_5E7_401_exposed.svg
BACE1,6nv9,A,L3M,401,CCC[C@H](O)[C@H](NC[C@@H]1Cc2cccc(c2)CCCCc2cc(cc(N(CCC)S(C)(=O)=O)c2)C(=O)N1)C(=O)NCC(C)C,0.198,/app/jobs/8926f69a/WAR_PDB/BACE1/6nv9_A_L3M.pdb,/app/jobs/8926f69a/TARGET_RESULTS/MCS_Output/MCS_SDF/6nv9_A_L3M_401.sdf,True,True,True,True,/app/jobs/8926f69a/TARGET_RESULTS/MCS_Output/MCS_SVG/6nv9_A_L3M_401_plain.svg,/app/jobs/8926f69a/TARGET_RESULTS/MCS_Output/MCS_SVG/6nv9_A_L3M_401_exposed.svg
BACE1,6nv9,B,L3M,401,CCC[C@H](O)[C@H](NC[C@@H]1Cc2cccc(c2)CCCCc2cc(cc(N(CCC)S(C)(=O)=O)c2)C(=O)N1)C(=O)NCC(C)C,0.198,/app/jobs/8926f69a/WAR_PDB/BACE1/6nv9_B_L3M.pdb,/app/jobs/8926f69a/TARGET_RESULTS/MCS_Output/MCS_SDF/6nv9_B_L3M_401.sdf,True,True,True,True,/app/jobs/8926f69a/TARGET_RESULTS/MCS_Output/MCS_SVG/6nv9_B_L3M_401_plain.svg,/app/jobs/8926f69a/TARGET_RESULTS/MCS_Output/MCS_SVG/6nv9_B_L3M_401_exposed.svg
BACE1,4gid,C,0GH,501,CC(C)CNC(=O)[C@@H](NC[C@H](Cc1ccccc1)NC(=O)c1cc(C(=O)N[C@H](C)c2ccccc2)cc(N(C)S(C)(=O)=O)c1)[C@@H](C)O,0.191,/app/jobs/8926f69a/WAR_PDB/BACE1/4gid_C_0GH.pdb,/app/jobs/8926f69a/TARGET_RESULTS/MCS_Output/MCS_SDF/4gid_C_0GH_501.sdf,True,True,True,True,/app/jobs/8926f69a/TARGET_RESULTS/MCS_Output/MCS_SVG/4gid_C_0GH_501_plain.svg,/app/jobs/8926f69a/TARGET_RESULTS/MCS_Output/MCS_SVG/4gid_C_0GH_501_exposed.svg
BACE1,5mco,A,BSD,501,COc1cccc(CNC[C@@H](O)[C@H](Cc2ccccc2)NC(=O)c2cc(C(=O)N[C@H](C)c3ccccc3)cc(N(C)S(C)(=O)=O)c2)c1,0.191,/app/jobs/8926f69a/WAR_PDB/BACE1/5mco_A_BSD.pdb,/app/jobs/8926f69a/TARGET_RESULTS/MCS_Output/MCS_SDF/5mco_A_BSD_501.sdf,True,True,True,True,/app/jobs/8926f69a/TARGET_RESULTS/MCS_Output/MCS_SVG/5mco_A_BSD_501_plain.svg,/app/jobs/8926f69a/TARGET_RESULTS/MCS_Output/MCS_SVG/5mco_A_BSD_501_exposed.svg
BACE1,6nv9,C,L3M,401,CCC[C@H](O)[C@H](NC[C@@H]1Cc2cccc(c2)CCCCc2cc(cc(N(CCC)S(C)(=O)=O)c2)C(=O)N1)C(=O)NCC(C)C,0.188,/app/jobs/8926f69a/WAR_PDB/BACE1/6nv9_C_L3M.pdb,/app/jobs/8926f69a/TARGET_RESULTS/MCS_Output/MCS_SDF/6nv9_C_L3M_401.sdf,True,True,True,True,/app/jobs/8926f69a/TARGET_RESULTS/MCS_Output/MCS_SVG/6nv9_C_L3M_401_plain.svg,/app/jobs/8926f69a/TARGET_RESULTS/MCS_Output/MCS_SVG/6nv9_C_L3M_401_exposed.svg
BACE1,5dqc,B,5E7,401,CC(C)CNC(=O)[C@@H](NC[C@@H](O)[C@H](Cc1ccccc1)NC(=O)c1cc(C(=O)N[C@H](C)c2ccccc2)cc(N(C)S(C)(=O)=O)c1)[C@H](C)O,0.184,/app/jobs/8926f69a/WAR_PDB/BACE1/5dqc_B_5E7.pdb,/app/jobs/8926f69a/TARGET_RESULTS/MCS_Output/MCS_SDF/5dqc_B_5E7_401.sdf,True,True,True,True,/app/jobs/8926f69a/TARGET_RESULTS/MCS_Output/MCS_SVG/5dqc_B_5E7_401_plain.svg,/app/jobs/8926f69a/TARGET_RESULTS/MCS_Output/MCS_SVG/5dqc_B_5E7_401_exposed.svg
BACE1,6bfd,A,DJS,401,CC[C@H](C)Nc1cc(C(=O)N[C@@H](Cc2ccccc2)[C@H](O)[C@H]2CCCN2)cc(S(C)(=O)=O)n1,0.182,/app/jobs/8926f69a/WAR_PDB/BACE1/6bfd_A_DJS.pdb,/app/jobs/8926f69a/TARGET_RESULTS/MCS_Output/MCS_SDF/6bfd_A_DJS_401.sdf,True,True,True,True,/app/jobs/8926f69a/TARGET_RESULTS/MCS_Output/MCS_SVG/6bfd_A_DJS_401_plain.svg,/app/jobs/8926f69a/TARGET_RESULTS/MCS_Output/MCS_SVG/6bfd_A_DJS_401_exposed.svg
BACE1,2irz,A,I02,386,C[C@@H](NC(=O)c1cc(-c2nnc([C@](C)(N)Cc3ccccc3)o2)cc(N(C)S(C)(=O)=O)c1)c1ccc(F)cc1,0.179,/app/jobs/8926f69a/WAR_PDB/BACE1/2irz_A_I02.pdb,/app/jobs/8926f69a/TARGET_RESULTS/MCS_Output/MCS_SDF/2irz_A_I02_386.sdf,True,True,True,True,/app/jobs/8926f69a/TARGET_RESULTS/MCS_Output/MCS_SVG/2irz_A_I02_386_plain.svg,/app/jobs/8926f69a/TARGET_RESULTS/MCS_Output/MCS_SVG/2irz_A_I02_386_exposed.svg
