protein,pdb,chain,ligand,MW,Name
BACE1,1cqe,A,FLP,244.261,FLURBIPROFEN
BACE1,1cqe,B,FLP,244.261,FLURBIPROFEN
BACE1,1dvt,A,FLP,244.261,FLURBIPROFEN
BACE1,1eqh,A,FLP,244.261,FLURBIPROFEN
BACE1,1eqh,B,FLP,244.261,FLURBIPROFEN
BACE1,1r9o,A,FLP,244.261,FLURBIPROFEN
BACE1,1tqf,A,32P,571.66,3-{2-[(5-AMINOPENTYL)AMINO]-2-OXOETHOXY}-5-({[1-(4-FLUOROPHENYL)ETHYL]AMINO}CARBONYL)PHENYL PHENYLMETHANESULFONATE
BACE1,1w51,A,L01,531.686,"3-[({(1S,2R)-1-BENZYL-2-HYDROXY-3-[(3-METHOXYBENZYL)AMINO]PROPYL}AMINO)(HYDROXY)METHYL]-N,N-DIPROPYLBENZAMIDE"
BACE1,1xs7,D,MMI,730.934,"N-[(4S,5S,7R)-8-({(S)-1-[(BENZYLAMINO)OXOMETHYL]-2-METHYLPROPYL}AMINO)-5-HYDROXY-2,7-DIMETHYL-8-OXO-OCT-4-YL]-(4S,7S)-4 -ISOPROPYL-2,5,9-TRIOXO-1-OXA-3,6,10-TRIAZACYCLOHEXADECANE-7-CARBOXAMIDE"
BACE1,2ayl,A,FLP,244.261,FLURBIPROFEN
BACE1,2ayl,B,FLP,244.261,FLURBIPROFEN
BACE1,2ayl,A,MNH,615.58,MANGANESE PROTOPORPHYRIN IX
BACE1,2ayl,B,MNH,615.58,MANGANESE PROTOPORPHYRIN IX
BACE1,2b8l,A,5HA,578.722,"N-[(1S,2R)-1-BENZYL-3-(CYCLOPROPYLAMINO)-2-HYDROXYPROPYL]-5-[METHYL(METHYLSULFONYL)AMINO]-N'-[(1R)-1-PHENYLETHYL]ISOPHTHALAMIDE"
BACE1,2b8v,A,3BN,535.654,"3-BENZOYL-N-[(1S,2R)-1-BENZYL-3-(CYCLOPROPYLAMINO)-2-HYDROXYPROPYL]-5-[METHYL(METHYLSULFONYL)AMINO]BENZAMIDE"
BACE1,2ewy,A,DBO,504.619,"N-{(1S,2R)-1-BENZYL-2-HYDROXY-3-[(3-METHYLBENZYL)AMINO]PROPYL}DIBENZO[B,F]OXEPINE-10-CARBOXAMIDE"
BACE1,2ewy,B,DBO,504.619,"N-{(1S,2R)-1-BENZYL-2-HYDROXY-3-[(3-METHYLBENZYL)AMINO]PROPYL}DIBENZO[B,F]OXEPINE-10-CARBOXAMIDE"
BACE1,2ewy,C,DBO,504.619,"N-{(1S,2R)-1-BENZYL-2-HYDROXY-3-[(3-METHYLBENZYL)AMINO]PROPYL}DIBENZO[B,F]OXEPINE-10-CARBOXAMIDE"
BACE1,2ewy,D,DBO,504.619,"N-{(1S,2R)-1-BENZYL-2-HYDROXY-3-[(3-METHYLBENZYL)AMINO]PROPYL}DIBENZO[B,F]OXEPINE-10-CARBOXAMIDE"
BACE1,2f3e,A,AXQ,673.928,"{(E)-(3R,6S,9R)-3-[(1S,3R)-3-((S)-1 -BUTYLCARBAMOYL-2-METHYL-PROPYLCARB AMOYL)-1-HYDROXY-BUTYL]-6-METHYL-5, 8-DIOXO-1,11-DITHIA-4,7-DIAZA-CYCLO PENTADEC-13-EN-9-YL}-CARBAMIC ACID TERT-BUTYL ESTER"
BACE1,2f3e,B,AXQ,673.928,"{(E)-(3R,6S,9R)-3-[(1S,3R)-3-((S)-1 -BUTYLCARBAMOYL-2-METHYL-PROPYLCARB AMOYL)-1-HYDROXY-BUTYL]-6-METHYL-5, 8-DIOXO-1,11-DITHIA-4,7-DIAZA-CYCLO PENTADEC-13-EN-9-YL}-CARBAMIC ACID TERT-BUTYL ESTER"
BACE1,2f3e,C,AXQ,673.928,"{(E)-(3R,6S,9R)-3-[(1S,3R)-3-((S)-1 -BUTYLCARBAMOYL-2-METHYL-PROPYLCARB AMOYL)-1-HYDROXY-BUTYL]-6-METHYL-5, 8-DIOXO-1,11-DITHIA-4,7-DIAZA-CYCLO PENTADEC-13-EN-9-YL}-CARBAMIC ACID TERT-BUTYL ESTER"
BACE1,2f3f,A,AXF,514.745,"(2R,4S)-N-BUTYL-4-HYDROXY-2-METHYL- 4-((E)-(4AS,12R,15S,17AS)-15-METHYL -14,17-DIOXO-2,3,4,4A,6,9,11,12,13, 14,15,16,17,17A-TETRADECAHYDRO-1H-5 ,10-DITHIA-1,13,16-TRIAZA-BENZOCYCL OPENTADECEN-12-YL)-BUTYRAMIDE"
BACE1,2f3f,B,AXF,514.745,"(2R,4S)-N-BUTYL-4-HYDROXY-2-METHYL- 4-((E)-(4AS,12R,15S,17AS)-15-METHYL -14,17-DIOXO-2,3,4,4A,6,9,11,12,13, 14,15,16,17,17A-TETRADECAHYDRO-1H-5 ,10-DITHIA-1,13,16-TRIAZA-BENZOCYCL OPENTADECEN-12-YL)-BUTYRAMIDE"
BACE1,2f3f,C,AXF,514.745,"(2R,4S)-N-BUTYL-4-HYDROXY-2-METHYL- 4-((E)-(4AS,12R,15S,17AS)-15-METHYL -14,17-DIOXO-2,3,4,4A,6,9,11,12,13, 14,15,16,17,17A-TETRADECAHYDRO-1H-5 ,10-DITHIA-1,13,16-TRIAZA-BENZOCYCL OPENTADECEN-12-YL)-BUTYRAMIDE"
BACE1,2fdp,A,FRP,560.702,"N1-((2S,3S,5R)-3-AMINO-6-(4-FLUOROPHENYLAMINO)-5-METHYL-6-OXO-1-PHENYLHEXAN-2-YL)-N3,N3-DIPROPYLISOPHTHALAMIDE"
BACE1,2fdp,B,FRP,560.702,"N1-((2S,3S,5R)-3-AMINO-6-(4-FLUOROPHENYLAMINO)-5-METHYL-6-OXO-1-PHENYLHEXAN-2-YL)-N3,N3-DIPROPYLISOPHTHALAMIDE"
BACE1,2fdp,C,FRP,560.702,"N1-((2S,3S,5R)-3-AMINO-6-(4-FLUOROPHENYLAMINO)-5-METHYL-6-OXO-1-PHENYLHEXAN-2-YL)-N3,N3-DIPROPYLISOPHTHALAMIDE"
BACE1,2g94,A,ZPQ,658.85,"N~2~-[(2R,4S,5S)-5-{[N-{[(3,5-DIMETHYL-1H-PYRAZOL-1-YL)METHOXY]CARBONYL}-3-(METHYLSULFONYL)-L-ALANYL]AMINO}-4-HYDROXY-2,7-DIMETHYLOCTANOYL]-N-ISOBUTYL-L-VALINAMIDE"
BACE1,2g94,B,ZPQ,658.85,"N~2~-[(2R,4S,5S)-5-{[N-{[(3,5-DIMETHYL-1H-PYRAZOL-1-YL)METHOXY]CARBONYL}-3-(METHYLSULFONYL)-L-ALANYL]AMINO}-4-HYDROXY-2,7-DIMETHYLOCTANOYL]-N-ISOBUTYL-L-VALINAMIDE"
BACE1,2g94,C,ZPQ,658.85,"N~2~-[(2R,4S,5S)-5-{[N-{[(3,5-DIMETHYL-1H-PYRAZOL-1-YL)METHOXY]CARBONYL}-3-(METHYLSULFONYL)-L-ALANYL]AMINO}-4-HYDROXY-2,7-DIMETHYLOCTANOYL]-N-ISOBUTYL-L-VALINAMIDE"
BACE1,2g94,D,ZPQ,658.85,"N~2~-[(2R,4S,5S)-5-{[N-{[(3,5-DIMETHYL-1H-PYRAZOL-1-YL)METHOXY]CARBONYL}-3-(METHYLSULFONYL)-L-ALANYL]AMINO}-4-HYDROXY-2,7-DIMETHYLOCTANOYL]-N-ISOBUTYL-L-VALINAMIDE"
BACE1,2hiz,A,LIJ,667.855,"BENZYL [(1S)-2-({(1S,2R)-1-BENZYL-2-HYDROXY-3-[(3-METHOXYBENZYL)AMINO]PROPYL}AMINO)-2-OXO-1-{[(1-PROPYLBUTYL)SULFONYL]METHYL}ETHYL]CARBAMATE"
BACE1,2hiz,B,LIJ,667.855,"BENZYL [(1S)-2-({(1S,2R)-1-BENZYL-2-HYDROXY-3-[(3-METHOXYBENZYL)AMINO]PROPYL}AMINO)-2-OXO-1-{[(1-PROPYLBUTYL)SULFONYL]METHYL}ETHYL]CARBAMATE"
BACE1,2hiz,C,LIJ,667.855,"BENZYL [(1S)-2-({(1S,2R)-1-BENZYL-2-HYDROXY-3-[(3-METHOXYBENZYL)AMINO]PROPYL}AMINO)-2-OXO-1-{[(1-PROPYLBUTYL)SULFONYL]METHYL}ETHYL]CARBAMATE"
BACE1,2hm1,A,LIQ,644.772,"N-{(1S)-2-({(1S,2R)-1-(3,5-DIFLUOROBENZYL)-3-[(3-ETHYLBENZYL)AMINO]-2-HYDROXYPROPYL}AMINO)-2-OXO-1-[(PENTYLSULFONYL)METHYL]ETHYL}NICOTINAMIDE"
BACE1,2iqg,A,F2I,677.564,"N'-{(1S,2R)-1-(3,5-DIFLUOROBENZYL)-2-HYDROXY-3-[(3-IODOBENZYL)AMINO]PROPYL}-5-METHYL-N,N-DIPROPYLISOPHTHALAMIDE"
BACE1,2irz,A,I02,551.632,"3-{5-[(1R)-1-AMINO-1-METHYL-2-PHENYLETHYL]-1,3,4-OXADIAZOL-2-YL}-N-[(1R)-1-(4-FLUOROPHENYL)ETHYL]-5-[METHYL(METHYLSULFONYL)AMINO]BENZAMIDE"
BACE1,2is0,A,I03,557.634,(2S)-2-AMINO-2-BENZYL-3-HYDROXYPROPYL 3-({[(1R)-1-(4-FLUOROPHENYL)ETHYL]AMINO}CARBONYL)-5-[METHYL(METHYLSULFONYL)AMINO]BENZOATE
BACE1,2ntr,A,L00,563.112,"(2R)-2-(5-{3-chloro-6-((2-methoxyethyl){[(1S,2S)-2-methylcyclopropyl]methyl}amino)-2-[methyl(methylsulfonyl)amino]pyrid in-4-yl}-1,3,4-oxadiazol-2-yl)-1-phenylpropan-2-amine"
BACE1,2oah,A,QIN,507.712,"N-[(1S,2S)-2-AMINO-1-(3-THIENYLMETHYL)HEXYL]-2-({[(1S,2S)-2-METHYLCYCLOPROPYL]METHYL}AMINO)-6-[METHYL(METHYLSULFONYL)AMINO]ISONICOTINAMIDE"
BACE1,2of0,A,CMZ,265.348,"(2S)-1-(2,5-dimethylphenoxy)-3-morpholin-4-ylpropan-2-ol"
BACE1,2ohk,A,1SQ,144.173,ISOQUINOLIN-1-AMINE
BACE1,2ohl,A,2AQ,144.173,QUINOLIN-2-AMINE
BACE1,2ohm,A,8AP,199.252,"N~3~-BENZYLPYRIDINE-2,3-DIAMINE"
BACE1,2ohn,A,4FP,193.261,4-(4-FLUOROBENZYL)PIPERIDINE
BACE1,2ohp,A,6IP,237.3,6-[2-(1H-INDOL-6-YL)ETHYL]PYRIDIN-2-AMINE
BACE1,2ohq,A,7IP,304.386,6-[2-(3'-METHOXYBIPHENYL-3-YL)ETHYL]PYRIDIN-2-AMINE
BACE1,2ohr,A,8IP,276.336,"N~3~-(3-PYRIDIN-3-YLBENZYL)PYRIDINE-2,3-DIAMINE"
BACE1,2ohs,A,9IP,306.362,"N~3~-[3-(5-METHOXYPYRIDIN-3-YL)BENZYL]PYRIDINE-2,3-DIAMINE"
BACE1,2oht,A,IP6,314.384,"N~3~-[3-(1H-INDOL-6-YL)BENZYL]PYRIDINE-2,3-DIAMINE"
BACE1,2ohu,A,IP7,421.494,"N~3~-[5-(1H-INDOL-6-YL)-2-(PYRIDIN-2-YLMETHOXY)BENZYL]PYRIDINE-2,3-DIAMINE"
BACE1,2p4j,A,23I,701.916,"N-[(1S,2S,4R)-2-HYDROXY-1-ISOBUTYL-5-({(1S)-1-[(ISOPROPYLAMINO)CARBONYL]-2-METHYLPROPYL}AMINO)-4-METHYL-5-OXOPENTYL]-5-[METHYL(METHYLSULFONYL)AMINO]-N'-[(1R)-1-PHENYLETHYL]ISOPHTHALAMIDE"
BACE1,2p4j,B,23I,701.916,"N-[(1S,2S,4R)-2-HYDROXY-1-ISOBUTYL-5-({(1S)-1-[(ISOPROPYLAMINO)CARBONYL]-2-METHYLPROPYL}AMINO)-4-METHYL-5-OXOPENTYL]-5-[METHYL(METHYLSULFONYL)AMINO]-N'-[(1R)-1-PHENYLETHYL]ISOPHTHALAMIDE"
BACE1,2p4j,C,23I,701.916,"N-[(1S,2S,4R)-2-HYDROXY-1-ISOBUTYL-5-({(1S)-1-[(ISOPROPYLAMINO)CARBONYL]-2-METHYLPROPYL}AMINO)-4-METHYL-5-OXOPENTYL]-5-[METHYL(METHYLSULFONYL)AMINO]-N'-[(1R)-1-PHENYLETHYL]ISOPHTHALAMIDE"
BACE1,2p4j,D,23I,701.916,"N-[(1S,2S,4R)-2-HYDROXY-1-ISOBUTYL-5-({(1S)-1-[(ISOPROPYLAMINO)CARBONYL]-2-METHYLPROPYL}AMINO)-4-METHYL-5-OXOPENTYL]-5-[METHYL(METHYLSULFONYL)AMINO]-N'-[(1R)-1-PHENYLETHYL]ISOPHTHALAMIDE"
BACE1,2p83,A,MR0,610.691,"N~3~-{(1S,2R)-1-(3,5-DIFLUOROBENZYL)-2-HYDROXY-3-[(3-METHOXYBENZYL)AMINO]PROPYL}-N~1~,N~1~-DIPROPYLBENZENE-1,3,5-TRICARBOXAMIDE"
BACE1,2p83,B,MR0,610.691,"N~3~-{(1S,2R)-1-(3,5-DIFLUOROBENZYL)-2-HYDROXY-3-[(3-METHOXYBENZYL)AMINO]PROPYL}-N~1~,N~1~-DIPROPYLBENZENE-1,3,5-TRICARBOXAMIDE"
BACE1,2p83,C,MR0,610.691,"N~3~-{(1S,2R)-1-(3,5-DIFLUOROBENZYL)-2-HYDROXY-3-[(3-METHOXYBENZYL)AMINO]PROPYL}-N~1~,N~1~-DIPROPYLBENZENE-1,3,5-TRICARBOXAMIDE"
BACE1,2p8h,A,MY9,653.764,"N-{(1S,2S)-1-BENZYL-2-HYDROXY-2-[(4S)-1,2,2-TRIMETHYL-5-OXOIMIDAZOLIDIN-4-YL]ETHYL}-N'-[(1R)-1-(4-FLUOROPHENYL)ETHYL]-5-[METHYL(METHYLSULFONYL)AMINO]ISOPHTHALAMIDE"
BACE1,2ph6,A,712,541.634,3-({[(1R)-1-(4-FLUOROPHENYL)ETHYL]AMINO}CARBONYL)-5-[METHYL(METHYLSULFONYL)AMINO]BENZYL ALPHA-METHYL-D-PHENYLALANINATE
BACE1,2ph8,A,35A,459.602,"N-[(5R,14R)-5-AMINO-5,14-DIMETHYL-4-OXO-3-OXA-18-AZATRICYCLO[15.3.1.1~7,11~]DOCOSA-1(21),7(22),8,10,17,19-HEXAEN-19-YL]-N-METHYLMETHANESULFONAMIDE"
BACE1,2q11,A,XX4,418.531,3-(2-AMINO-6-BENZOYLQUINAZOLIN-3(4H)-YL)-N-CYCLOHEXYL-N-METHYLPROPANAMIDE
BACE1,2q11,B,XX4,418.531,3-(2-AMINO-6-BENZOYLQUINAZOLIN-3(4H)-YL)-N-CYCLOHEXYL-N-METHYLPROPANAMIDE
BACE1,2q11,C,XX4,418.531,3-(2-AMINO-6-BENZOYLQUINAZOLIN-3(4H)-YL)-N-CYCLOHEXYL-N-METHYLPROPANAMIDE
BACE1,2q15,A,3MR,502.691,"(4S)-4-(2-AMINO-6-PHENOXYQUINAZOLIN-3(4H)-YL)-N,4-DICYCLOHEXYL-N-METHYLBUTANAMIDE"
BACE1,2qk5,A,CS5,581.693,"N'-{(1S,2R)-1-(3,5-DIFLUOROBENZYL)-2-HYDROXY-3-[(3-METHOXYBENZYL)AMINO]PROPYL}-5-METHYL-N,N-DIPROPYLISOPHTHALAMIDE"
BACE1,2qk5,B,CS5,581.693,"N'-{(1S,2R)-1-(3,5-DIFLUOROBENZYL)-2-HYDROXY-3-[(3-METHOXYBENZYL)AMINO]PROPYL}-5-METHYL-N,N-DIPROPYLISOPHTHALAMIDE"
BACE1,2qmd,A,CS7,607.73,"N'-[(1S,2R)-2-[(2R,4R)-4-(BENZYLOXY)PYRROLIDIN-2-YL]-1-(3,5-DIFLUOROBENZYL)-2-HYDROXYETHYL]-5-METHYL-N,N-DIPROPYLISOPHTHALAMIDE"
BACE1,2qmd,B,CS7,607.73,"N'-[(1S,2R)-2-[(2R,4R)-4-(BENZYLOXY)PYRROLIDIN-2-YL]-1-(3,5-DIFLUOROBENZYL)-2-HYDROXYETHYL]-5-METHYL-N,N-DIPROPYLISOPHTHALAMIDE"
BACE1,2qmf,A,CS9,593.704,"N'-{(1S,2R)-1-(3,5-DIFLUOROBENZYL)-2-HYDROXY-2-[(2R,4R)-4-PHENOXYPYRROLIDIN-2-YL]ETHYL}-5-METHYL-N,N-DIPROPYLISOPHTHALAMIDE"
BACE1,2qmf,B,CS9,593.704,"N'-{(1S,2R)-1-(3,5-DIFLUOROBENZYL)-2-HYDROXY-2-[(2R,4R)-4-PHENOXYPYRROLIDIN-2-YL]ETHYL}-5-METHYL-N,N-DIPROPYLISOPHTHALAMIDE"
BACE1,2qmg,A,SC6,607.687,"N-{(1S,2R)-1-(3,5-DIFLUOROBENZYL)-2-HYDROXY-2-[(2R,4R)-4-PHENOXYPYRROLIDIN-2-YL]ETHYL}-3-{[(2R)-2-(METHOXYMETHYL)PYRROLIDIN-1-YL]CARBONYL}-5-METHYLBENZAMIDE"
BACE1,2qmg,B,SC6,607.687,"N-{(1S,2R)-1-(3,5-DIFLUOROBENZYL)-2-HYDROXY-2-[(2R,4R)-4-PHENOXYPYRROLIDIN-2-YL]ETHYL}-3-{[(2R)-2-(METHOXYMETHYL)PYRROLIDIN-1-YL]CARBONYL}-5-METHYLBENZAMIDE"
BACE1,2qp8,A,SC7,559.688,"N'-{(1S,2R)-1-(3,5-DIFLUOROBENZYL)-2-[(2R,4S)-4-ETHOXYPIPERIDIN-2-YL]-2-HYDROXYETHYL}-5-METHYL-N,N-DIPROPYLISOPHTHALAMIDE"
BACE1,2qp8,B,SC7,559.688,"N'-{(1S,2R)-1-(3,5-DIFLUOROBENZYL)-2-[(2R,4S)-4-ETHOXYPIPERIDIN-2-YL]-2-HYDROXYETHYL}-5-METHYL-N,N-DIPROPYLISOPHTHALAMIDE"
BACE1,2qu2,A,251,318.372,"N-[amino(imino)methyl]-2-(2,5-diphenyl-1H-pyrrol-1-yl)acetamide"
BACE1,2qu3,A,462,427.947,N-[amino(imino)methyl]-2-[2-(2-chlorophenyl)-4-(4-propoxyphenyl)-3-thienyl]acetamide
BACE1,2qzk,A,I21,525.596,"2-[(5R)-5-amino-5-methyl-4,16-dioxo-14-phenyl-3-oxa-15-azatricyclo[15.3.1.1~7,11~]docosa-1(21),7(22),8,10,12,14,17,19-octaen-19-yl]benzonitrile"
BACE1,2qzl,A,IXS,653.807,N-[(1S)-1-benzyl-2-{[(1S)-2-(isobutylamino)-1-methyl-2-oxoethyl]amino}ethyl]-N'-[(1R)-1-(4-fluorophenyl)ethyl]-5-[methyl(methylsulfonyl)amino]isophthalamide
BACE1,2v00,A,V15,215.251,2-AMINO-6-(2-PHENYLETHYL)PYRIMIDIN-4(3H)-ONE
BACE1,2va5,A,C8C,254.287,2-amino-6-[2-(1H-indol-6-yl)ethyl]pyrimidin-4(3H)-one
BACE1,2va6,A,H24,323.389,"(6S)-2-amino-6-(3'-methoxybiphenyl-3-yl)-3,6-dimethyl-5,6-dihydropyrimidin-4(3H)-one"
BACE1,2va7,A,C27,351.442,"(6R)-2-amino-6-[2-(3'-methoxybiphenyl-3-yl)ethyl]-3,6-dimethyl-5,6-dihydropyrimidin-4(3H)-one"
BACE1,2vie,A,VG0,536.749,"N-{(1S,2R)-1-benzyl-2-hydroxy-3-[(1,1,5-trimethylhexyl)amino]propyl}-3-(ethylamino)-5-(2-oxopyrrolidin-1-yl)benzamide"
BACE1,2vij,A,C44,590.776,"N-{(1S,2R)-1-benzyl-2-hydroxy-3-[(1S)-1,2,3,4-tetrahydronaphthalen-1-ylamino]propyl}-3-(1,1-dioxido-1,2-thiazinan-2-yl)-5-(ethylamino)benzamide"
BACE1,2viy,A,VG3,571.771,"N-[(1S,2R)-1-benzyl-3-{[(1S)-2-(cyclohexylamino)-1-methyl-2-oxoethyl]amino}-2-hydroxypropyl]-3-(pentylsulfonyl)benzamide"
BACE1,2viz,A,VG4,576.726,"N-[(1S,2R)-1-benzyl-3-{[(1S)-2-(cyclohexylamino)-1-methyl-2-oxoethyl]amino}-2-hydroxypropyl]-3-(2-oxo-2,3-dihydro-1H-pyrrol-1-yl)-5-propoxybenzamide"
BACE1,2vj6,A,VG5,563.731,"N-[(1S,2R)-1-benzyl-3-{[(1S)-2-(cyclohexylamino)-1-methyl-2-oxoethyl]amino}-2-hydroxypropyl]-3-(ethylamino)-5-(2-oxopyrrolidin-1-yl)benzamide"
BACE1,2vj7,A,VG6,568.63,"N-[(1S,2R)-1-benzyl-2-hydroxy-3-{[3-(trifluoromethyl)benzyl]amino}propyl]-3-(ethylamino)-5-(2-oxopyrrolidin-1-yl)benzamide"
BACE1,2vj9,A,VG7,492.653,"N-[(1S,2R)-1-benzyl-3-(cyclohexylamino)-2-hydroxypropyl]-3-(ethylamino)-5-(2-oxopyrrolidin-1-yl)benzamide"
BACE1,2vkm,A,BSD,658.807,"N-{(1S,2R)-1-benzyl-2-hydroxy-3-[(3-methoxybenzyl)amino]propyl}-5-[methyl(methylsulfonyl)amino]-N'-[(1R)-1-phenylethyl]benzene-1,3-dicarboxamide"
BACE1,2vkm,B,BSD,658.807,"N-{(1S,2R)-1-benzyl-2-hydroxy-3-[(3-methoxybenzyl)amino]propyl}-5-[methyl(methylsulfonyl)amino]-N'-[(1R)-1-phenylethyl]benzene-1,3-dicarboxamide"
BACE1,2vkm,C,BSD,658.807,"N-{(1S,2R)-1-benzyl-2-hydroxy-3-[(3-methoxybenzyl)amino]propyl}-5-[methyl(methylsulfonyl)amino]-N'-[(1R)-1-phenylethyl]benzene-1,3-dicarboxamide"
BACE1,2vkm,D,BSD,658.807,"N-{(1S,2R)-1-benzyl-2-hydroxy-3-[(3-methoxybenzyl)amino]propyl}-5-[methyl(methylsulfonyl)amino]-N'-[(1R)-1-phenylethyl]benzene-1,3-dicarboxamide"
BACE1,2vnm,A,CM8,618.71,"N-[(1S,2R)-1-benzyl-2-hydroxy-3-{[3-(trifluoromethyl)benzyl]amino}propyl]-3-(1,1-dioxido-1,2-thiazinan-2-yl)-5-(ethylamino)benzamide"
BACE1,2vnn,A,CM7,628.705,"N-[(1S,2R)-1-benzyl-2-hydroxy-3-{[3-(trifluoromethyl)benzyl]amino}propyl]-7-ethyl-1-methyl-3,4-dihydro-1H-[1,2,5]thiadiazepino[3,4,5-hi]indole-9-carboxamide 2,2-dioxide"
BACE1,2wez,A,ZYE,554.679,"N-{(1S,2R)-1-BENZYL-2-HYDROXY-3-[(3-METHOXYBENZYL)AMINO]PROPYL}-1-ETHYL-4-(2-OXOPYRROLIDIN-1-YL)-1H-INDOLE-6-CARBOXAMIDE"
BACE1,2wf0,A,ZY0,604.662,"N-[(1S,2R)-1-BENZYL-2-HYDROXY-3-{[3-(TRIFLUOROMETHYL)BENZYL]AMINO}PROPYL]-4-ETHYL-8-(2-OXOPYRROLIDIN-1-YL)QUINOLINE-6-CARBOXAMIDE"
BACE1,2wf1,A,ZY1,590.733,"N-{(1S,2R)-1-benzyl-2-hydroxy-3-[(3-methoxybenzyl)amino]propyl}-7-ethyl-1-methyl-3,4-dihydro-1H-[1,2,5]thiadiazepino[3,4,5-hi]indole-9-carboxamide 2,2-dioxide"
BACE1,2wf2,A,ZY2,607.763,"N-{(1S,2R)-1-BENZYL-2-HYDROXY-3-[(3-METHOXYBENZYL)AMINO]PROPYL}-8-ETHYL-1-METHYL-3,4,7,8-TETRAHYDRO-1H,6H-[1,2,5]THIADIAZEPINO[5,4,3-DE]QUINOXALINE-10-CARBOXAMIDE 2,2-DIOXIDE"
BACE1,2wf3,A,ZY3,580.738,"N-{(1S,2R)-1-BENZYL-2-HYDROXY-3-[(3-METHOXYBENZYL)AMINO]PROPYL}-6-(ETHYLAMINO)-1-METHYL-1,3,4,5-TETRAHYDRO-2,1-BENZOTHIAZEPINE-8-CARBOXAMIDE 2,2-DIOXIDE"
BACE1,2wf4,A,ZY4,570.7,"N-[(1S)-1-BENZYL-2,2-DIHYDROXY-3-(TETRAHYDRO-2H-PYRAN-4-YLAMINO)PROPYL]-6-ETHYL-1-METHYL-1,3,4,6-TETRAHYDRO[1,2]THIAZEPINO[5,4,3-CD]INDOLE-8-CARBOXAMIDE 2,2-DIOXIDE"
BACE1,2wjo,A,QUD,473.63,2-AMINO-3-{(1R)-1-CYCLOHEXYL-2-[(CYCLOHEXYLCARBONYL)AMINO]ETHYL}-6-PHENOXYQUINAZOLIN-3-IUM
BACE1,2xfi,A,XFI,606.775,"N-((1S,2R)-3-(((1S)-2-(CYCLOHEXYLAMINO)-1-METHYL-2-OXOETHYL)AMINO)-2-HYDROXY-1-( PHENYLMETHYL)PROPYL)-3-((METHYLSULFONYL)(PHENYL)AMINO) BENZAMIDE"
BACE1,2xfj,A,VG5,563.731,"N-[(1S,2R)-1-benzyl-3-{[(1S)-2-(cyclohexylamino)-1-methyl-2-oxoethyl]amino}-2-hydroxypropyl]-3-(ethylamino)-5-(2-oxopyrrolidin-1-yl)benzamide"
BACE1,2xfk,A,AA9,649.843,"N-((1S,2R)-3-(((1S)-2-(CYCLOHEXYLAMINO)-1--METHYL-2-OXOETHYL)AMINO)-2-HYDROXY-1-(PHENYLMETHYL)PROPYL)-3-(ETHYLAMINO)-5-((METHYLSULFONYL)(PHENYL)AMINO)BENZAMIDE"
BACE1,2zdz,A,310,486.95,N-carbamimidoyl-2-[2-(2-chlorophenyl)-5-[4-(4-ethanoylphenoxy)phenyl]pyrrol-1-yl]ethanamide
BACE1,2ze1,A,411,516.389,3-bromo-N-[4-[1-(2-carbamimidamido-2-oxo-ethyl)-5-phenyl-pyrrol-2-yl]phenyl]benzamide
BACE1,2zjh,A,F1H,292.44,N-(1-benzylpiperidin-4-yl)-4-sulfanylbutanamide
BACE1,2zji,A,F1I,352.492,"N-[1-(2,6-dimethoxybenzyl)piperidin-4-yl]-4-sulfanylbutanamide"
BACE1,2zjj,A,F1J,297.392,(2S)-4-(4-fluorobenzyl)-N-(2-sulfanylethyl)piperazine-2-carboxamide
BACE1,2zjk,A,F1K,311.418,(2S)-4-(4-fluorobenzyl)-N-(3-sulfanylpropyl)piperazine-2-carboxamide
BACE1,2zjk,B,F1K,311.418,(2S)-4-(4-fluorobenzyl)-N-(3-sulfanylpropyl)piperazine-2-carboxamide
BACE1,2zjk,C,F1K,311.418,(2S)-4-(4-fluorobenzyl)-N-(3-sulfanylpropyl)piperazine-2-carboxamide
BACE1,2zjl,A,F1L,431.388,"N-[1-(5-bromo-2,3-dimethoxybenzyl)piperidin-4-yl]-4-sulfanylbutanamide"
BACE1,2zjm,A,F1M,526.045,N-{1-[5-chloro-3-methoxy-2-(1-methylethoxy)benzyl]piperidin-4-yl}-2-(4-sulfamoylphenoxy)acetamide
BACE1,2zjn,A,F1N,540.072,N-{1-[5-chloro-3-methoxy-2-(1-methylethoxy)benzyl]piperidin-4-yl}-2-(2-methyl-4-sulfamoylphenoxy)acetamide
BACE1,3bra,A,AEF,137.179,4-(2-aminoethyl)phenol
BACE1,3buf,A,AEG,151.206,4-[(2R)-2-aminopropyl]phenol
BACE1,3bug,A,AEH,165.232,4-(2-aminoethyl)-2-ethylphenol
BACE1,3buh,A,AED,219.323,4-(2-aminoethyl)-2-cyclohexylphenol
BACE1,3cib,A,314,605.758,"N'-[(1S,2R)-2-[(2R,4S)-4-benzylpiperidin-2-yl]-1-(3,5-difluorobenzyl)-2-hydroxyethyl]-5-methyl-N,N-dipropylbenzene-1,3-dicarboxamide"
BACE1,3cib,B,314,605.758,"N'-[(1S,2R)-2-[(2R,4S)-4-benzylpiperidin-2-yl]-1-(3,5-difluorobenzyl)-2-hydroxyethyl]-5-methyl-N,N-dipropylbenzene-1,3-dicarboxamide"
BACE1,3cic,A,316,620.729,"N'-[(1S,2S)-2-[(2S)-4-benzyl-3-oxopiperazin-2-yl]-1-(3,5-difluorobenzyl)-2-hydroxyethyl]-5-methyl-N,N-dipropylbenzene-1,3-dicarboxamide"
BACE1,3cic,B,316,620.729,"N'-[(1S,2S)-2-[(2S)-4-benzyl-3-oxopiperazin-2-yl]-1-(3,5-difluorobenzyl)-2-hydroxyethyl]-5-methyl-N,N-dipropylbenzene-1,3-dicarboxamide"
BACE1,3cid,A,318,606.703,"N'-[(1S,2S)-2-[(4S)-1-benzyl-5-oxoimidazolidin-4-yl]-1-(3,5-difluorobenzyl)-2-hydroxyethyl]-5-methyl-N,N-dipropylbenzene-1,3-dicarboxamide"
BACE1,3cid,B,318,606.703,"N'-[(1S,2S)-2-[(4S)-1-benzyl-5-oxoimidazolidin-4-yl]-1-(3,5-difluorobenzyl)-2-hydroxyethyl]-5-methyl-N,N-dipropylbenzene-1,3-dicarboxamide"
BACE1,3ckp,A,012,545.672,"(4S)-N-[(1S,2R)-1-benzyl-3-{[3-(dimethylamino)benzyl]amino}-2-hydroxypropyl]-1-(3-methoxybenzyl)-2-oxoimidazolidine-4-carboxamide"
BACE1,3ckp,B,012,545.672,"(4S)-N-[(1S,2R)-1-benzyl-3-{[3-(dimethylamino)benzyl]amino}-2-hydroxypropyl]-1-(3-methoxybenzyl)-2-oxoimidazolidine-4-carboxamide"
BACE1,3ckp,C,012,545.672,"(4S)-N-[(1S,2R)-1-benzyl-3-{[3-(dimethylamino)benzyl]amino}-2-hydroxypropyl]-1-(3-methoxybenzyl)-2-oxoimidazolidine-4-carboxamide"
BACE1,3ckr,A,009,605.769,"(4S)-1,4-dibenzyl-N-[(1S,2R)-1-benzyl-3-{[3-(dimethylamino)benzyl]amino}-2-hydroxypropyl]-2-oxoimidazolidine-4-carboxamide"
BACE1,3ckr,B,009,605.769,"(4S)-1,4-dibenzyl-N-[(1S,2R)-1-benzyl-3-{[3-(dimethylamino)benzyl]amino}-2-hydroxypropyl]-2-oxoimidazolidine-4-carboxamide"
BACE1,3ckr,C,009,605.769,"(4S)-1,4-dibenzyl-N-[(1S,2R)-1-benzyl-3-{[3-(dimethylamino)benzyl]amino}-2-hydroxypropyl]-2-oxoimidazolidine-4-carboxamide"
BACE1,3dm6,A,757,881.895,"5-[[(2S)-2-[[(3R,4S)-5-(3,5-difluorophenoxy)-3-hydroxy-4-[[3-(methyl-methylsulfonyl-amino)-5-[[(1R)-1-phenylethyl]carbamoyl]phenyl]carbonylamino]pentanoyl]amino]-3-methyl-butanoyl]amino]benzene-1,3-dicarboxylic acid"
BACE1,3dm6,B,757,881.895,"5-[[(2S)-2-[[(3R,4S)-5-(3,5-difluorophenoxy)-3-hydroxy-4-[[3-(methyl-methylsulfonyl-amino)-5-[[(1R)-1-phenylethyl]carbamoyl]phenyl]carbonylamino]pentanoyl]amino]-3-methyl-butanoyl]amino]benzene-1,3-dicarboxylic acid"
BACE1,3dm6,C,757,881.895,"5-[[(2S)-2-[[(3R,4S)-5-(3,5-difluorophenoxy)-3-hydroxy-4-[[3-(methyl-methylsulfonyl-amino)-5-[[(1R)-1-phenylethyl]carbamoyl]phenyl]carbonylamino]pentanoyl]amino]-3-methyl-butanoyl]amino]benzene-1,3-dicarboxylic acid"
BACE1,3duy,A,AFJ,487.739,"(2R,4S,5S)-N-butyl-4-hydroxy-2,7-dimethyl-5-{[N-(4-methylpentanoyl)-L-methionyl]amino}octanamide"
BACE1,3duy,B,AFJ,487.739,"(2R,4S,5S)-N-butyl-4-hydroxy-2,7-dimethyl-5-{[N-(4-methylpentanoyl)-L-methionyl]amino}octanamide"
BACE1,3duy,C,AFJ,487.739,"(2R,4S,5S)-N-butyl-4-hydroxy-2,7-dimethyl-5-{[N-(4-methylpentanoyl)-L-methionyl]amino}octanamide"
BACE1,3dv1,A,AR9,439.632,"(2R,4S)-N-butyl-4-[(2S,5S,7R)-2,7-dimethyl-3,15-dioxo-1,4-diazacyclopentadecan-5-yl]-4-hydroxy-2-methylbutanamide"
BACE1,3dv1,B,AR9,439.632,"(2R,4S)-N-butyl-4-[(2S,5S,7R)-2,7-dimethyl-3,15-dioxo-1,4-diazacyclopentadecan-5-yl]-4-hydroxy-2-methylbutanamide"
BACE1,3dv1,C,AR9,439.632,"(2R,4S)-N-butyl-4-[(2S,5S,7R)-2,7-dimethyl-3,15-dioxo-1,4-diazacyclopentadecan-5-yl]-4-hydroxy-2-methylbutanamide"
BACE1,3dv5,A,BAV,487.718,"(3S,14R,16S)-16-[(1R)-1-hydroxy-2-{[3-(1-methylethyl)benzyl]amino}ethyl]-3,4,14-trimethyl-1,4-diazacyclohexadecane-2,5- dione"
BACE1,3dv5,B,BAV,487.718,"(3S,14R,16S)-16-[(1R)-1-hydroxy-2-{[3-(1-methylethyl)benzyl]amino}ethyl]-3,4,14-trimethyl-1,4-diazacyclohexadecane-2,5- dione"
BACE1,3dv5,C,BAV,487.718,"(3S,14R,16S)-16-[(1R)-1-hydroxy-2-{[3-(1-methylethyl)benzyl]amino}ethyl]-3,4,14-trimethyl-1,4-diazacyclohexadecane-2,5- dione"
BACE1,3exo,A,5MS,354.426,N-{2-methyl-5-[(6-phenylpyrimidin-4-yl)amino]phenyl}methanesulfonamide
BACE1,3fkt,A,SII,491.6,"N-(4-{[4-(cyclohexylamino)-1-(3-fluorophenyl)-2-oxo-1,3,8-triazaspiro[4.5]dec-3-en-8-yl]methyl}phenyl)acetamide"
BACE1,3h0b,A,B35,386.377,4-[(1S)-1-(3-fluoro-4-methoxyphenyl)-2-(2-methoxy-5-nitrophenyl)ethyl]-1H-imidazol-2-amine
BACE1,3h0b,B,B35,386.377,4-[(1S)-1-(3-fluoro-4-methoxyphenyl)-2-(2-methoxy-5-nitrophenyl)ethyl]-1H-imidazol-2-amine
BACE1,3h0b,C,B35,386.377,4-[(1S)-1-(3-fluoro-4-methoxyphenyl)-2-(2-methoxy-5-nitrophenyl)ethyl]-1H-imidazol-2-amine
BACE1,3hvg,A,EV0,153.182,2-amino-6-propylpyrimidin-4(3H)-one
BACE1,3hvg,B,EV0,153.182,2-amino-6-propylpyrimidin-4(3H)-one
BACE1,3hw1,A,EV2,214.266,3-pyrrolidin-1-ylquinoxalin-2-amine
BACE1,3hw1,B,EV2,214.266,3-pyrrolidin-1-ylquinoxalin-2-amine
BACE1,3hw1,C,EV2,214.266,3-pyrrolidin-1-ylquinoxalin-2-amine
BACE1,3i25,A,MV7,896.008,"N-[(2S,3S,5R)-1-(3,5-difluorophenoxy)-3-hydroxy-5-(2-methoxyethoxy)-6-[[(2S)-3-methyl-1-oxo-1-(phenylmethylamino)butan-2-yl]amino]-6-oxo-hexan-2-yl]-5-(methyl-methylsulfonyl-amino)-N'-[(1R)-1-phenylethyl]benzene-1,3-dicarboxamide"
BACE1,3i25,B,MV7,896.008,"N-[(2S,3S,5R)-1-(3,5-difluorophenoxy)-3-hydroxy-5-(2-methoxyethoxy)-6-[[(2S)-3-methyl-1-oxo-1-(phenylmethylamino)butan-2-yl]amino]-6-oxo-hexan-2-yl]-5-(methyl-methylsulfonyl-amino)-N'-[(1R)-1-phenylethyl]benzene-1,3-dicarboxamide"
BACE1,3i25,C,MV7,896.008,"N-[(2S,3S,5R)-1-(3,5-difluorophenoxy)-3-hydroxy-5-(2-methoxyethoxy)-6-[[(2S)-3-methyl-1-oxo-1-(phenylmethylamino)butan-2-yl]amino]-6-oxo-hexan-2-yl]-5-(methyl-methylsulfonyl-amino)-N'-[(1R)-1-phenylethyl]benzene-1,3-dicarboxamide"
BACE1,3igb,A,454,290.362,"8,8-diphenyl-2,3,4,8-tetrahydroimidazo[1,5-a]pyrimidin-6-amine"
BACE1,3in3,A,472,343.382,"(5S)-2-amino-3-methyl-5-pyridin-4-yl-5-(3-pyridin-3-ylphenyl)-3,5-dihydro-4H-imidazol-4-one"
BACE1,3in4,A,BX2,400.476,"(5S)-2-amino-5-(2,6-diethylpyridin-4-yl)-3-methyl-5-(3-pyrimidin-5-ylphenyl)-3,5-dihydro-4H-imidazol-4-one"
BACE1,3ind,A,593,323.432,"(5S)-2-amino-3-methyl-5-phenyl-5-[(3S,5S,7S)-tricyclo[3.3.1.1~3,7~]dec-1-yl]-3,5-dihydro-4H-imidazol-4-one"
BACE1,3ine,A,X17,367.485,"(5S)-2-amino-5-(4-methoxy-3-methylphenyl)-3-methyl-5-[(3S,5S,7S)-tricyclo[3.3.1.1~3,7~]dec-1-yl]-3,5-dihydro-4H-imidazol-4-one"
BACE1,3inf,A,X45,386.446,"(5S)-2-amino-5-(4-methoxy-3-methylphenyl)-3-methyl-5-(3-pyridin-3-ylphenyl)-3,5-dihydro-4H-imidazol-4-one"
BACE1,3inh,A,569,445.37,"(5R)-2-amino-5-(4-fluoro-3-pyrimidin-5-ylphenyl)-3-methyl-5-[4-(trifluoromethoxy)phenyl]-3,5-dihydro-4H-imidazol-4-one"
BACE1,3ivh,A,1LI,472.61,"N-[(1S,2R)-3-{[1-(3-tert-butylphenyl)cyclohexyl]amino}-1-(3,5-difluorobenzyl)-2-hydroxypropyl]acetamide"
BACE1,3ivi,A,2LI,510.619,"N-[(1S,2R)-3-{[(5S)-5-(3-tert-butylphenyl)-4,5,6,7-tetrahydro-1H-indazol-5-yl]amino}-1-(3,5-difluorobenzyl)-2-hydroxypropyl]acetamide"
BACE1,3ivi,B,2LI,510.619,"N-[(1S,2R)-3-{[(5S)-5-(3-tert-butylphenyl)-4,5,6,7-tetrahydro-1H-indazol-5-yl]amino}-1-(3,5-difluorobenzyl)-2-hydroxypropyl]acetamide"
BACE1,3ivi,C,2LI,510.619,"N-[(1S,2R)-3-{[(5S)-5-(3-tert-butylphenyl)-4,5,6,7-tetrahydro-1H-indazol-5-yl]amino}-1-(3,5-difluorobenzyl)-2-hydroxypropyl]acetamide"
BACE1,3ixj,A,586,851.955,"N-[4-(1-BENZYLCARBAMOYL-2-METHYL-PROPYLCARBAMOYL)-1-(3,5-DIFLUORO-PHENOXYMETHYL)-2-HYDROXY-4-METHOXY-BUTYL]-5-(METHANES ULFONYL-METHYL-AMINO)-N'-(1-PHENYLETHYL)-ISOPHTHALAMIDE"
BACE1,3ixj,B,586,851.955,"N-[4-(1-BENZYLCARBAMOYL-2-METHYL-PROPYLCARBAMOYL)-1-(3,5-DIFLUORO-PHENOXYMETHYL)-2-HYDROXY-4-METHOXY-BUTYL]-5-(METHANES ULFONYL-METHYL-AMINO)-N'-(1-PHENYLETHYL)-ISOPHTHALAMIDE"
BACE1,3ixj,C,586,851.955,"N-[4-(1-BENZYLCARBAMOYL-2-METHYL-PROPYLCARBAMOYL)-1-(3,5-DIFLUORO-PHENOXYMETHYL)-2-HYDROXY-4-METHOXY-BUTYL]-5-(METHANES ULFONYL-METHYL-AMINO)-N'-(1-PHENYLETHYL)-ISOPHTHALAMIDE"
BACE1,3ixk,A,929,849.982,"N-[(2S,3S,5R)-1-[(3,5-difluorophenyl)methoxy]-3-hydroxy-5-methyl-6-[[(2S)-3-methyl-1-oxo-1-(phenylmethylamino)butan-2-yl]amino]-6-oxo-hexan-2-yl]-5-(methyl-methylsulfonyl-amino)-N'-[(1R)-1-phenylethyl]benzene-1,3-dicarboxamide"
BACE1,3ixk,B,929,849.982,"N-[(2S,3S,5R)-1-[(3,5-difluorophenyl)methoxy]-3-hydroxy-5-methyl-6-[[(2S)-3-methyl-1-oxo-1-(phenylmethylamino)butan-2-yl]amino]-6-oxo-hexan-2-yl]-5-(methyl-methylsulfonyl-amino)-N'-[(1R)-1-phenylethyl]benzene-1,3-dicarboxamide"
BACE1,3ixk,C,929,849.982,"N-[(2S,3S,5R)-1-[(3,5-difluorophenyl)methoxy]-3-hydroxy-5-methyl-6-[[(2S)-3-methyl-1-oxo-1-(phenylmethylamino)butan-2-yl]amino]-6-oxo-hexan-2-yl]-5-(methyl-methylsulfonyl-amino)-N'-[(1R)-1-phenylethyl]benzene-1,3-dicarboxamide"
BACE1,3k5c,A,0BI,571.749,"(4S)-4-[(1R)-1-hydroxy-2-({1-[3-(1-methylethyl)phenyl]cyclopropyl}amino)ethyl]-19-(methoxymethyl)-11-oxa-3,16-diazatric yclo[15.3.1.1~6,10~]docosa-1(21),6(22),7,9,17,19-hexaen-2-one"
BACE1,3k5c,B,0BI,571.749,"(4S)-4-[(1R)-1-hydroxy-2-({1-[3-(1-methylethyl)phenyl]cyclopropyl}amino)ethyl]-19-(methoxymethyl)-11-oxa-3,16-diazatric yclo[15.3.1.1~6,10~]docosa-1(21),6(22),7,9,17,19-hexaen-2-one"
BACE1,3k5c,C,0BI,571.749,"(4S)-4-[(1R)-1-hydroxy-2-({1-[3-(1-methylethyl)phenyl]cyclopropyl}amino)ethyl]-19-(methoxymethyl)-11-oxa-3,16-diazatric yclo[15.3.1.1~6,10~]docosa-1(21),6(22),7,9,17,19-hexaen-2-one"
BACE1,3k5d,A,XLI,544.791,"N-acetyl-L-leucyl-N-[(4S,5S,7R)-8-(butylamino)-5-hydroxy-2,7-dimethyl-8-oxooctan-4-yl]-L-methioninamide"
BACE1,3k5d,B,XLI,544.791,"N-acetyl-L-leucyl-N-[(4S,5S,7R)-8-(butylamino)-5-hydroxy-2,7-dimethyl-8-oxooctan-4-yl]-L-methioninamide"
BACE1,3k5d,C,XLI,544.791,"N-acetyl-L-leucyl-N-[(4S,5S,7R)-8-(butylamino)-5-hydroxy-2,7-dimethyl-8-oxooctan-4-yl]-L-methioninamide"
BACE1,3k5f,A,AYH,501.701,"(1R,3S)-3-[1-(acetylamino)-1-methylethyl]-N-[(1S,2S,4R)-1-benzyl-5-(butylamino)-2-hydroxy-4-methyl-5-oxopentyl]cyclohexanecarboxamide"
BACE1,3k5f,B,AYH,501.701,"(1R,3S)-3-[1-(acetylamino)-1-methylethyl]-N-[(1S,2S,4R)-1-benzyl-5-(butylamino)-2-hydroxy-4-methyl-5-oxopentyl]cyclohexanecarboxamide"
BACE1,3k5f,C,AYH,501.701,"(1R,3S)-3-[1-(acetylamino)-1-methylethyl]-N-[(1S,2S,4R)-1-benzyl-5-(butylamino)-2-hydroxy-4-methyl-5-oxopentyl]cyclohexanecarboxamide"
BACE1,3k5g,A,BJC,561.798,"(1R,3S)-N-[(1S,2R)-1-benzyl-2-hydroxy-3-{[3-(1-methylethyl)benzyl]amino}propyl]-3-[1-methyl-1-(2-oxopiperidin-1-yl)ethy l]cyclohexanecarboxamide"
BACE1,3k5g,B,BJC,561.798,"(1R,3S)-N-[(1S,2R)-1-benzyl-2-hydroxy-3-{[3-(1-methylethyl)benzyl]amino}propyl]-3-[1-methyl-1-(2-oxopiperidin-1-yl)ethy l]cyclohexanecarboxamide"
BACE1,3k5g,C,BJC,561.798,"(1R,3S)-N-[(1S,2R)-1-benzyl-2-hydroxy-3-{[3-(1-methylethyl)benzyl]amino}propyl]-3-[1-methyl-1-(2-oxopiperidin-1-yl)ethy l]cyclohexanecarboxamide"
BACE1,3kmx,A,G00,272.794,4-butoxy-3-chlorobenzyl imidothiocarbamate
BACE1,3kmx,B,G00,272.794,4-butoxy-3-chlorobenzyl imidothiocarbamate
BACE1,3kmy,A,D8Y,232.709,3-[2-(3-chlorophenyl)ethyl]pyridin-2-amine
BACE1,3kmy,B,D8Y,232.709,3-[2-(3-chlorophenyl)ethyl]pyridin-2-amine
BACE1,3kn0,A,3TO,321.416,3-[2-(3-{[(furan-2-ylmethyl)(methyl)amino]methyl}phenyl)ethyl]pyridin-2-amine
BACE1,3kn0,B,3TO,321.416,3-[2-(3-{[(furan-2-ylmethyl)(methyl)amino]methyl}phenyl)ethyl]pyridin-2-amine
BACE1,3kyr,A,038,722.791,"3-[[(2S)-2-[[[(2S)-2-[[(2S)-2-[[(2S)-2-azanyl-3-(1H-1,2,3,4-tetrazol-5-ylcarbonylamino)propanoyl]amino]-3-methyl-butanoyl]amino]-4-methyl-pentanoyl]amino]methyl]-2-hydroxy-4-phenyl-butanoyl]amino]benzoic acid"
BACE1,3kyr,B,038,722.791,"3-[[(2S)-2-[[[(2S)-2-[[(2S)-2-[[(2S)-2-azanyl-3-(1H-1,2,3,4-tetrazol-5-ylcarbonylamino)propanoyl]amino]-3-methyl-butanoyl]amino]-4-methyl-pentanoyl]amino]methyl]-2-hydroxy-4-phenyl-butanoyl]amino]benzoic acid"
BACE1,3kyr,C,038,722.791,"3-[[(2S)-2-[[[(2S)-2-[[(2S)-2-[[(2S)-2-azanyl-3-(1H-1,2,3,4-tetrazol-5-ylcarbonylamino)propanoyl]amino]-3-methyl-butanoyl]amino]-4-methyl-pentanoyl]amino]methyl]-2-hydroxy-4-phenyl-butanoyl]amino]benzoic acid"
BACE1,3l38,A,879,453.923,6-({2-(2-chlorophenyl)-5-[4-(pyrimidin-5-yloxy)phenyl]-1H-pyrrol-1-yl}methyl)pyridin-2-amine
BACE1,3l3a,A,625,442.94,4-(4-{1-[(6-aminopyridin-2-yl)methyl]-5-(2-chlorophenyl)-1H-pyrrol-2-yl}phenoxy)butanenitrile
BACE1,3l58,A,CS5,581.693,"N'-{(1S,2R)-1-(3,5-DIFLUOROBENZYL)-2-HYDROXY-3-[(3-METHOXYBENZYL)AMINO]PROPYL}-5-METHYL-N,N-DIPROPYLISOPHTHALAMIDE"
BACE1,3l58,B,CS5,581.693,"N'-{(1S,2R)-1-(3,5-DIFLUOROBENZYL)-2-HYDROXY-3-[(3-METHOXYBENZYL)AMINO]PROPYL}-5-METHYL-N,N-DIPROPYLISOPHTHALAMIDE"
BACE1,3l59,A,BDJ,251.712,"(2Z)-3-(3-chlorobenzyl)-2-imino-5,5-dimethylimidazolidin-4-one"
BACE1,3l5b,A,BDO,293.792,"(2Z,5R)-3-(3-chlorobenzyl)-2-imino-5-methyl-5-(2-methylpropyl)imidazolidin-4-one"
BACE1,3l5b,B,BDO,293.792,"(2Z,5R)-3-(3-chlorobenzyl)-2-imino-5-methyl-5-(2-methylpropyl)imidazolidin-4-one"
BACE1,3l5c,A,BDQ,432.518,"1-(4-cyanophenyl)-3-(4-{[(2Z,4R)-2-imino-4-methyl-4-(2-methylpropyl)-5-oxoimidazolidin-1-yl]methyl}benzyl)urea"
BACE1,3l5c,B,BDQ,432.518,"1-(4-cyanophenyl)-3-(4-{[(2Z,4R)-2-imino-4-methyl-4-(2-methylpropyl)-5-oxoimidazolidin-1-yl]methyl}benzyl)urea"
BACE1,3l5d,A,BDV,387.519,"1-butyl-3-(4-{[(2Z,4R)-2-imino-4-methyl-4-(2-methylpropyl)-5-oxoimidazolidin-1-yl]methyl}benzyl)urea"
BACE1,3l5d,B,BDV,387.519,"1-butyl-3-(4-{[(2Z,4R)-2-imino-4-methyl-4-(2-methylpropyl)-5-oxoimidazolidin-1-yl]methyl}benzyl)urea"
BACE1,3l5e,A,BDW,535.764,"(4S)-1-(4-{[(2Z,4R)-4-(2-cyclohexylethyl)-4-(cyclohexylmethyl)-2-imino-5-oxoimidazolidin-1-yl]methyl}benzyl)-4-propylimidazolidin-2-one"
BACE1,3l5e,B,BDW,535.764,"(4S)-1-(4-{[(2Z,4R)-4-(2-cyclohexylethyl)-4-(cyclohexylmethyl)-2-imino-5-oxoimidazolidin-1-yl]methyl}benzyl)-4-propylimidazolidin-2-one"
BACE1,3l5f,A,BDX,319.485,"(2E,5R)-5-(2-cyclohexylethyl)-5-(cyclohexylmethyl)-2-imino-3-methylimidazolidin-4-one"
BACE1,3l5f,B,BDX,319.485,"(2E,5R)-5-(2-cyclohexylethyl)-5-(cyclohexylmethyl)-2-imino-3-methylimidazolidin-4-one"
BACE1,3lhg,A,Z81,378.375,"(5S)-2-amino-5-(2',5'-difluorobiphenyl-3-yl)-3-methyl-5-pyridin-4-yl-3,5-dihydro-4H-imidazol-4-one"
BACE1,3lnk,A,74A,620.729,"N'-{(1S,2S)-1-(3,5-difluorobenzyl)-2-hydroxy-2-[(2R)-4-(phenylcarbonyl)piperazin-2-yl]ethyl}-5-methyl-N,N-dipropylbenzene-1,3-dicarboxamide"
BACE1,3lnk,B,74A,620.729,"N'-{(1S,2S)-1-(3,5-difluorobenzyl)-2-hydroxy-2-[(2R)-4-(phenylcarbonyl)piperazin-2-yl]ethyl}-5-methyl-N,N-dipropylbenzene-1,3-dicarboxamide"
BACE1,3lpi,A,Z74,656.783,"N'-{(1S,2S)-1-(3,5-difluorobenzyl)-2-hydroxy-2-[(2R)-4-(phenylsulfonyl)piperazin-2-yl]ethyl}-5-methyl-N,N-dipropylbenzene-1,3-dicarboxamide"
BACE1,3lpi,B,Z74,656.783,"N'-{(1S,2S)-1-(3,5-difluorobenzyl)-2-hydroxy-2-[(2R)-4-(phenylsulfonyl)piperazin-2-yl]ethyl}-5-methyl-N,N-dipropylbenzene-1,3-dicarboxamide"
BACE1,3lpj,A,Z75,606.746,"N'-[(1S,2S)-2-[(2R)-4-benzylpiperazin-2-yl]-1-(3,5-difluorobenzyl)-2-hydroxyethyl]-5-methyl-N,N-dipropylbenzene-1,3-dicarboxamide"
BACE1,3lpj,B,Z75,606.746,"N'-[(1S,2S)-2-[(2R)-4-benzylpiperazin-2-yl]-1-(3,5-difluorobenzyl)-2-hydroxyethyl]-5-methyl-N,N-dipropylbenzene-1,3-dicarboxamide"
BACE1,3lpk,A,Z76,684.793,"N-[(1S,2S)-1-(3,5-difluorobenzyl)-2-hydroxy-2-{(2R)-4-[(3-methylphenyl)sulfonyl]piperazin-2-yl}ethyl]-3-{[(2R)-2-(methoxymethyl)pyrrolidin-1-yl]carbonyl}-5-methylbenzamide"
BACE1,3lpk,B,Z76,684.793,"N-[(1S,2S)-1-(3,5-difluorobenzyl)-2-hydroxy-2-{(2R)-4-[(3-methylphenyl)sulfonyl]piperazin-2-yl}ethyl]-3-{[(2R)-2-(methoxymethyl)pyrrolidin-1-yl]carbonyl}-5-methylbenzamide"
BACE1,3lzy,A,XE,131.293,XENON
BACE1,3msj,A,EV3,225.675,3-(2-amino-5-chloro-1H-benzimidazol-1-yl)propan-1-ol
BACE1,3msj,B,EV3,225.675,3-(2-amino-5-chloro-1H-benzimidazol-1-yl)propan-1-ol
BACE1,3msj,C,EV3,225.675,3-(2-amino-5-chloro-1H-benzimidazol-1-yl)propan-1-ol
BACE1,3msk,A,EV4,348.87,4-(2-amino-5-chloro-1H-benzimidazol-1-yl)-N-cyclohexyl-N-methylbutanamide
BACE1,3msl,A,EV5,362.897,(3S)-3-(2-amino-5-chloro-1H-benzimidazol-1-yl)-N-(cyclohexylmethyl)pentanamide
BACE1,3n4l,A,842,482.565,"N-[(1S,2R)-1-(3,5-difluorobenzyl)-2-hydroxy-3-({1-[3-(1H-pyrazol-1-yl)phenyl]cyclohexyl}amino)propyl]acetamide"
BACE1,3n4l,B,842,482.565,"N-[(1S,2R)-1-(3,5-difluorobenzyl)-2-hydroxy-3-({1-[3-(1H-pyrazol-1-yl)phenyl]cyclohexyl}amino)propyl]acetamide"
BACE1,3n4l,C,842,482.565,"N-[(1S,2R)-1-(3,5-difluorobenzyl)-2-hydroxy-3-({1-[3-(1H-pyrazol-1-yl)phenyl]cyclohexyl}amino)propyl]acetamide"
BACE1,3n8w,A,FLP,244.261,FLURBIPROFEN
BACE1,3n8z,A,FLP,244.261,FLURBIPROFEN
BACE1,3n8z,B,FLP,244.261,FLURBIPROFEN
BACE1,3nsh,A,957,450.585,"N-[(1S,2R)-1-(3,5-difluorobenzyl)-3-({1-[4-(2,2-dimethylpropyl)thiophen-2-yl]cyclopropyl}amino)-2-hydroxypropyl]acetamide"
BACE1,3nsh,B,957,450.585,"N-[(1S,2R)-1-(3,5-difluorobenzyl)-3-({1-[4-(2,2-dimethylpropyl)thiophen-2-yl]cyclopropyl}amino)-2-hydroxypropyl]acetamide"
BACE1,3nsh,C,957,450.585,"N-[(1S,2R)-1-(3,5-difluorobenzyl)-3-({1-[4-(2,2-dimethylpropyl)thiophen-2-yl]cyclopropyl}amino)-2-hydroxypropyl]acetamide"
BACE1,3ohf,A,3HF,598.775,"N~3~-{(1S,2R)-1-benzyl-2-hydroxy-3-[(3-methoxybenzyl)amino]propyl}-N~1~,N~1~-dibutyl-1H-indole-1,3-dicarboxamide"
BACE1,3ohf,B,3HF,598.775,"N~3~-{(1S,2R)-1-benzyl-2-hydroxy-3-[(3-methoxybenzyl)amino]propyl}-N~1~,N~1~-dibutyl-1H-indole-1,3-dicarboxamide"
BACE1,3ohh,A,3HH,617.685,"N~1~-butyl-5-cyano-N~3~-{(1S,2R)-1-(3,5-difluorobenzyl)-2-hydroxy-3-[(3-methoxybenzyl)amino]propyl}-N~1~-methyl-1H-indole-1,3-dicarboxamide"
BACE1,3ohh,B,3HH,617.685,"N~1~-butyl-5-cyano-N~3~-{(1S,2R)-1-(3,5-difluorobenzyl)-2-hydroxy-3-[(3-methoxybenzyl)amino]propyl}-N~1~-methyl-1H-indole-1,3-dicarboxamide"
BACE1,3ooz,A,ZOO,433.399,"(5R)-2-amino-5-[4-(difluoromethoxy)phenyl]-5-[4-fluoro-3-(5-fluoropent-1-yn-1-yl)phenyl]-3-methyl-3,5-dihydro-4H-imidazol-4-one"
BACE1,3pi5,A,3P5,480.415,"(3S,4S,5R)-3-(3-bromo-4-hydroxybenzyl)-5-[(3-cyclopropylbenzyl)amino]tetrahydro-2H-thiopyran-4-ol 1,1-dioxide"
BACE1,3pi5,B,3P5,480.415,"(3S,4S,5R)-3-(3-bromo-4-hydroxybenzyl)-5-[(3-cyclopropylbenzyl)amino]tetrahydro-2H-thiopyran-4-ol 1,1-dioxide"
BACE1,3pi5,C,3P5,480.415,"(3S,4S,5R)-3-(3-bromo-4-hydroxybenzyl)-5-[(3-cyclopropylbenzyl)amino]tetrahydro-2H-thiopyran-4-ol 1,1-dioxide"
BACE1,3qbh,A,QBH,544.703,"(4S)-4-(2-hydroxy-5-{[(3S,4S,5R)-4-hydroxy-1,1-dioxido-5-{[3-(propan-2-yl)benzyl]amino}tetrahydro-2H-thiopyran-3-yl]methyl}benzyl)-3-propyl-1,3-oxazolidin-2-one"
BACE1,3qbh,B,QBH,544.703,"(4S)-4-(2-hydroxy-5-{[(3S,4S,5R)-4-hydroxy-1,1-dioxido-5-{[3-(propan-2-yl)benzyl]amino}tetrahydro-2H-thiopyran-3-yl]methyl}benzyl)-3-propyl-1,3-oxazolidin-2-one"
BACE1,3qbh,C,QBH,544.703,"(4S)-4-(2-hydroxy-5-{[(3S,4S,5R)-4-hydroxy-1,1-dioxido-5-{[3-(propan-2-yl)benzyl]amino}tetrahydro-2H-thiopyran-3-yl]methyl}benzyl)-3-propyl-1,3-oxazolidin-2-one"
BACE1,3qi1,A,C6A,500.62,"N-[(2S,3R)-4-{[(2R,4S)-2-cyclopropyl-6-(2,2-dimethylpropyl)-3,4-dihydro-2H-chromen-4-yl]amino}-1-(3,5-difluorophenyl)-3-hydroxybutan-2-yl]acetamide"
BACE1,3r2f,A,PB0,656.803,"(2S)-2-[(3R)-3-(acetylamino)-3-(2-methylpropyl)-2-oxopyrrolidin-1-yl]-N-{(1R,2S)-3-(3,5-difluorophenyl)-1-hydroxy-1-[(2R,4R)-4-propoxypyrrolidin-2-yl]propan-2-yl}-4-phenylbutanamide"
BACE1,3r2f,B,PB0,656.803,"(2S)-2-[(3R)-3-(acetylamino)-3-(2-methylpropyl)-2-oxopyrrolidin-1-yl]-N-{(1R,2S)-3-(3,5-difluorophenyl)-1-hydroxy-1-[(2R,4R)-4-propoxypyrrolidin-2-yl]propan-2-yl}-4-phenylbutanamide"
BACE1,3r2f,D,PB0,656.803,"(2S)-2-[(3R)-3-(acetylamino)-3-(2-methylpropyl)-2-oxopyrrolidin-1-yl]-N-{(1R,2S)-3-(3,5-difluorophenyl)-1-hydroxy-1-[(2R,4R)-4-propoxypyrrolidin-2-yl]propan-2-yl}-4-phenylbutanamide"
BACE1,3r2f,E,PB0,656.803,"(2S)-2-[(3R)-3-(acetylamino)-3-(2-methylpropyl)-2-oxopyrrolidin-1-yl]-N-{(1R,2S)-3-(3,5-difluorophenyl)-1-hydroxy-1-[(2R,4R)-4-propoxypyrrolidin-2-yl]propan-2-yl}-4-phenylbutanamide"
BACE1,3rsv,A,3RS,431.57,"(2R)-3-[2-amino-6-(2-methylphenyl)quinolin-3-yl]-N-[(4R)-2,2-dimethyltetrahydro-2H-pyran-4-yl]-2-methylpropanamide"
BACE1,3rsx,A,RSV,226.297,6-(thiophen-3-yl)quinolin-2-amine
BACE1,3rth,A,RTH,300.397,"6-[2-(3,3-dimethylbut-1-yn-1-yl)phenyl]quinolin-2-amine"
BACE1,3rtm,A,RTM,311.421,3-(2-aminoquinolin-3-yl)-N-cyclohexyl-N-methylpropanamide
BACE1,3rtn,A,RTN,387.517,3-[2-amino-6-(2-methylphenyl)quinolin-3-yl]-N-cyclohexylpropanamide
BACE1,3ru1,A,3RU,311.421,3-(2-aminoquinolin-3-yl)-N-(cyclohexylmethyl)propanamide
BACE1,3rvi,A,RVI,443.624,(2R)-2-{[2-amino-6-(2-methylphenyl)quinolin-3-yl]methyl}-N-(cyclohexylmethyl)pentanamide
BACE1,3s2o,A,EV6,400.945,"(3S)-3-(2-amino-5-chloro-1H-benzimidazol-1-yl)-N-[(1R,3S,5R,7R)-tricyclo[3.3.1.1~3,7~]dec-2-yl]pentanamide"
BACE1,3s7l,A,591,361.4,"(5S)-2-amino-5-(1-ethyl-1H-pyrazol-4-yl)-3-methyl-5-[3-(pyrimidin-5-yl)phenyl]-3,5-dihydro-4H-imidazol-4-one"
BACE1,3s7m,A,532,348.422,"(5S)-2-amino-3-methyl-5-[3-(pyridin-3-yl)phenyl]-5-(thiophen-3-yl)-3,5-dihydro-4H-imidazol-4-one"
BACE1,3skf,A,PB7,642.827,"(2S)-2-{(3S)-3-(acetylamino)-3-[(2S)-butan-2-yl]-2-oxopyrrolidin-1-yl}-N-{(2S,3R)-3-hydroxy-4-[(3-methoxybenzyl)amino]-1-phenylbutan-2-yl}-4-phenylbutanamide"
BACE1,3skf,B,PB7,642.827,"(2S)-2-{(3S)-3-(acetylamino)-3-[(2S)-butan-2-yl]-2-oxopyrrolidin-1-yl}-N-{(2S,3R)-3-hydroxy-4-[(3-methoxybenzyl)amino]-1-phenylbutan-2-yl}-4-phenylbutanamide"
BACE1,3skg,A,PB8,660.793,"(2S)-2-[(3R)-3-(acetylamino)-3-(2-methylpropyl)-2-oxopyrrolidin-1-yl]-N-{(1R,2S)-3-(3,5-difluorophenyl)-1-hydroxy-1-[(3R)-1,2,3,4-tetrahydroisoquinolin-3-yl]propan-2-yl}-4-phenylbutanamide"
BACE1,3skg,B,PB8,660.793,"(2S)-2-[(3R)-3-(acetylamino)-3-(2-methylpropyl)-2-oxopyrrolidin-1-yl]-N-{(1R,2S)-3-(3,5-difluorophenyl)-1-hydroxy-1-[(3R)-1,2,3,4-tetrahydroisoquinolin-3-yl]propan-2-yl}-4-phenylbutanamide"
BACE1,3skg,D,PB8,660.793,"(2S)-2-[(3R)-3-(acetylamino)-3-(2-methylpropyl)-2-oxopyrrolidin-1-yl]-N-{(1R,2S)-3-(3,5-difluorophenyl)-1-hydroxy-1-[(3R)-1,2,3,4-tetrahydroisoquinolin-3-yl]propan-2-yl}-4-phenylbutanamide"
BACE1,3skg,E,PB8,660.793,"(2S)-2-[(3R)-3-(acetylamino)-3-(2-methylpropyl)-2-oxopyrrolidin-1-yl]-N-{(1R,2S)-3-(3,5-difluorophenyl)-1-hydroxy-1-[(3R)-1,2,3,4-tetrahydroisoquinolin-3-yl]propan-2-yl}-4-phenylbutanamide"
BACE1,3tpp,A,5HA,578.722,"N-[(1S,2R)-1-BENZYL-3-(CYCLOPROPYLAMINO)-2-HYDROXYPROPYL]-5-[METHYL(METHYLSULFONYL)AMINO]-N'-[(1R)-1-PHENYLETHYL]ISOPHTHALAMIDE"
BACE1,3tpr,A,5HA,578.722,"N-[(1S,2R)-1-BENZYL-3-(CYCLOPROPYLAMINO)-2-HYDROXYPROPYL]-5-[METHYL(METHYLSULFONYL)AMINO]-N'-[(1R)-1-PHENYLETHYL]ISOPHTHALAMIDE"
BACE1,3u6a,A,18P,371.821,"N-{3-[(2R)-6-amino-2,4-dimethyl-3-oxo-2,3,4,5-tetrahydropyrazin-2-yl]phenyl}-5-chloropyridine-2-carboxamide"
BACE1,3u6a,B,18P,371.821,"N-{3-[(2R)-6-amino-2,4-dimethyl-3-oxo-2,3,4,5-tetrahydropyrazin-2-yl]phenyl}-5-chloropyridine-2-carboxamide"
BACE1,3u6a,C,18P,371.821,"N-{3-[(2R)-6-amino-2,4-dimethyl-3-oxo-2,3,4,5-tetrahydropyrazin-2-yl]phenyl}-5-chloropyridine-2-carboxamide"
BACE1,3udh,A,091,188.226,"(3S)-spiro[indole-3,3'-pyrrolidin]-2(1H)-one"
BACE1,3udj,A,092,246.262,"methyl (3S,5'R)-2-oxo-1,2-dihydrospiro[indole-3,3'-pyrrolidine]-5'-carboxylate"
BACE1,3udk,A,095,316.352,"tetrahydro-2H-pyran-4-yl (3S,5'R)-2-oxo-1,2-dihydrospiro[indole-3,3'-pyrrolidine]-5'-carboxylate"
BACE1,3udm,A,09A,322.358,"benzyl (3S,5'R)-2-oxo-1,2-dihydrospiro[indole-3,3'-pyrrolidine]-5'-carboxylate"
BACE1,3udn,A,09B,347.367,"4-cyanobenzyl (3S,5'R)-2-oxo-1,2-dihydrospiro[indole-3,3'-pyrrolidine]-5'-carboxylate"
BACE1,3udp,A,09D,459.356,"(4S)-6-bromo-3,4-dihydro-2H-thiochromen-4-yl (3S,5'R)-2-oxo-1,2-dihydrospiro[indole-3,3'-pyrrolidine]-5'-carboxylate"
BACE1,3udq,A,09E,491.355,"(4S)-6-bromo-1,1-dioxido-3,4-dihydro-2H-thiochromen-4-yl (3S,5'R)-2-oxo-1,2-dihydrospiro[indole-3,3'-pyrrolidine]-5'-carboxylate"
BACE1,3udr,A,09F,339.388,"1-cyanocyclohexyl (3S,5'R)-2-oxo-1,2-dihydrospiro[indole-3,3'-pyrrolidine]-5'-carboxylate"
BACE1,3udy,A,09G,426.263,"3-bromo-4-cyanobenzyl (3S,5'R)-2-oxo-1,2-dihydrospiro[indole-3,3'-pyrrolidine]-5'-carboxylate"
BACE1,3ufl,A,508,450.614,"(1R,4'S)-3,4-dihydro-2H-spiro[naphthalene-1,3'-pyrrolidin]-4'-yl[(2S,4R)-2,4-diphenylpiperidin-1-yl]methanone"
BACE1,3uqu,A,ZPX,607.696,"N-[(1R)-1-(4-fluorophenyl)ethyl]-N'-[(2S,3S)-3-hydroxy-1-phenyl-4-(1H-pyrazol-1-yl)butan-2-yl]-5-[methyl(methylsulfonyl)amino]benzene-1,3-dicarboxamide"
BACE1,3uqw,A,ZPY,679.758,"ethyl 1-{(2S,3S)-3-[(3-{[(1R)-1-(4-fluorophenyl)ethyl]carbamoyl}-5-[methyl(methylsulfonyl)amino]benzoyl)amino]-2-hydroxy-4-phenylbutyl}-1H-pyrazole-4-carboxylate"
BACE1,3uqx,A,ZPZ,652.736,"N-[(1R)-1-(4-fluorophenyl)ethyl]-N'-[(2S,3S)-3-hydroxy-4-{4-[(1S)-1-hydroxyethyl]-1H-1,2,3-triazol-1-yl}-1-phenylbutan-2-yl]-5-[methyl(methylsulfonyl)amino]benzene-1,3-dicarboxamide"
BACE1,3veu,A,0GO,548.759,"(2S)-N-[(2S,3R)-3-hydroxy-1-phenyl-4-{[3-(propan-2-yl)benzyl]amino}butan-2-yl]-2-[(5S)-6-oxo-1-propyl-1,7-diazaspiro[4.4]non-7-yl]propanamide"
BACE1,3vf3,A,0GS,521.391,"(3S,4S,5R)-3-(4-amino-3-bromo-5-fluorobenzyl)-5-{[3-(1,1-difluoroethyl)benzyl]amino}tetrahydro-2H-thiopyran-4-ol 1,1-dioxide"
BACE1,3vg1,A,0GT,504.632,"(3R,4S,5S)-3-[(3-tert-butylbenzyl)amino]-5-{[3-(2,2-difluoroethyl)-1H-indol-5-yl]methyl}tetrahydro-2H-thiopyran-4-ol 1,1-dioxide"
BACE1,3vv6,A,B00,241.288,"2-amino-3-methyl-6-[(1S,2R)-2-phenylcyclopropyl]pyrimidin-4(3H)-one"
BACE1,3vv7,A,0B1,347.41,"2-amino-6-[(1S,2R)-2-(3'-methoxybiphenyl-3-yl)cyclopropyl]-3-methylpyrimidin-4(3H)-one"
BACE1,3vv8,A,B02,331.411,"2-amino-3-methyl-6-[(1S,2R)-2-(3'-methylbiphenyl-4-yl)cyclopropyl]pyrimidin-4(3H)-one"
BACE1,3wb4,A,0B3,245.32,"(6R)-2-amino-3,6-dimethyl-6-(2-phenylethyl)-5,6-dihydropyrimidin-4(3H)-one"
BACE1,3wb5,A,0B4,257.331,"(6S)-2-amino-3,6-dimethyl-6-[(1R,2R)-2-phenylcyclopropyl]-5,6-dihydropyrimidin-4(3H)-one"
BACE1,3zki,A,WZV,435.4,"5-(2,2,2-Trifluoro-ethoxy)-pyridine-2-carboxylic acid [3-((S)-2-amino-1,4-dimethyl-6-oxo-1,4,5,6-tetrahydro-pyrimidin-4-yl)-phenyl]-amide"
BACE1,3zki,B,WZV,435.4,"5-(2,2,2-Trifluoro-ethoxy)-pyridine-2-carboxylic acid [3-((S)-2-amino-1,4-dimethyl-6-oxo-1,4,5,6-tetrahydro-pyrimidin-4-yl)-phenyl]-amide"
BACE1,3zkn,A,WZV,435.4,"5-(2,2,2-Trifluoro-ethoxy)-pyridine-2-carboxylic acid [3-((S)-2-amino-1,4-dimethyl-6-oxo-1,4,5,6-tetrahydro-pyrimidin-4-yl)-phenyl]-amide"
BACE1,3zkn,B,WZV,435.4,"5-(2,2,2-Trifluoro-ethoxy)-pyridine-2-carboxylic acid [3-((S)-2-amino-1,4-dimethyl-6-oxo-1,4,5,6-tetrahydro-pyrimidin-4-yl)-phenyl]-amide"
BACE1,3zks,A,WZV,435.4,"5-(2,2,2-Trifluoro-ethoxy)-pyridine-2-carboxylic acid [3-((S)-2-amino-1,4-dimethyl-6-oxo-1,4,5,6-tetrahydro-pyrimidin-4-yl)-phenyl]-amide"
BACE1,3zlq,A,6T9,408.374,"5-Ethoxy-pyridine-2-carboxylic acid [3-((R)-2-amino-5,5-difluoro-4-methyl-5,6-dihydro-4H-[1,3]oxazin-4-yl)-4-fluoro-phenyl]-amide"
BACE1,3zlq,B,6T9,408.374,"5-Ethoxy-pyridine-2-carboxylic acid [3-((R)-2-amino-5,5-difluoro-4-methyl-5,6-dihydro-4H-[1,3]oxazin-4-yl)-4-fluoro-phenyl]-amide"
BACE1,3zmg,A,6Z0,389.331,"N-[3-[(4R)-2-azanylidene-5,5-bis(fluoranyl)-4-methyl-1,3-oxazinan-4-yl]-4-fluoranyl-phenyl]-5-cyano-pyridine-2-carboxamide"
BACE1,3zov,A,WZV,435.4,"5-(2,2,2-Trifluoro-ethoxy)-pyridine-2-carboxylic acid [3-((S)-2-amino-1,4-dimethyl-6-oxo-1,4,5,6-tetrahydro-pyrimidin-4-yl)-phenyl]-amide"
BACE1,4acu,A,QN7,451.444,"(8S)-3,3-DIFLUORO-8-(2'-FLUORO-3'-METHOXYBIPHENYL-3-YL)-8-PYRIDIN-4-YL-2,3,4,8-TETRAHYDROIMIDAZO[1,5-A]PYRIMIDIN-6-AMINE"
BACE1,4acx,A,S8Z,460.424,"(8R)-8-[4-(DIFLUOROMETHOXY)PHENYL]-3,3-DIFLUORO-8-[3-(3-METHOXYPROP-1-YN-1-YL)PHENYL]-2,3,4,8-TETRAHYDROIMIDAZO[1,5-A]PYRIMIDIN-6-AMINE"
BACE1,4azy,A,7F3,467.393,(1S)-4-fluoro-1-(4-fluoro-3-pyrimidin-5-ylphenyl)-1-[2-(trifluoromethyl)pyridin-4-yl]-1H-isoindol-3-amine
BACE1,4b00,A,I6X,476.544,5-{(1R)-3-amino-4-fluoro-1-[3-(5-prop-1-yn-1-ylpyridin-3-yl)phenyl]-1H-isoindol-1-yl}-1-ethyl-3-methylpyridin-2(1H)-one
BACE1,4b05,A,32D,431.413,(1S)-1-[2-(difluoromethyl)pyridin-4-yl]-4-fluoro-1-(3-pyrimidin-5-ylphenyl)-1H-isoindol-3-amine
BACE1,4b0q,A,GMF,332.399,2-[[3-(3-methoxyphenyl)phenyl]-(4-pyridyl)methyl]guanidine
BACE1,4b1c,A,1B1,328.41,(2R)-2-cyclopropyl-5-methyl-2-[3-(5-prop-1-yn-1-ylpyridin-3-yl)phenyl]-2H-imidazol-4-amine
BACE1,4b1d,A,6TG,385.462,"(2S)-2-(4-methoxy-3,5-dimethylphenyl)-5-methyl-2-(3-pyrimidin-5-ylphenyl)-2H-imidazol-4-amine"
BACE1,4b1e,A,6T6,328.41,"(2R)-2-methyl-5-phenyl-2-(3-pyridin-3-ylphenyl)-2,3-dihydro-1H-imidazol-4-amine"
BACE1,4b70,A,WM9,300.783,"(2S)-2-[3-(3-chlorophenyl)phenyl]-2-methyl-5,6-dihydro-1,3-oxazin-4-amine"
BACE1,4b72,A,2FB,413.495,"(6R)-6-(4-methoxyphenyl)-2-methyl-6-(3-pyrimidin-5-ylphenyl)pyrrolo[3,4-d][1,3]thiazol-4-amine"
BACE1,4b77,A,54M,344.41,"(5R)-5-(4-methoxyphenyl)-5-(3-pyrimidin-5-ylphenyl)-3,4-dihydropyrrol-2-amine"
BACE1,4b78,A,KGG,373.448,"(3R,5R)-3-methoxy-5-(4-methoxyphenyl)-5-(3-pyridin-3-ylphenyl)-3,4-dihydropyrrol-2-amine"
BACE1,4bek,A,XK0,236.333,"(4S)-4-(4-methoxyphenyl)-4-methyl-5,6-dihydro-1,3-thiazin-2-amine"
BACE1,4bfd,A,8T3,372.824,"N-[3-[(1S,3S,6S)-5-azanyl-3-methyl-4-azabicyclo[4.1.0]hept-4-en-3-yl]-4-fluoranyl-phenyl]-5-chloranyl-pyridine-2-carbox amide"
BACE1,4d83,A,0GT,504.632,"(3R,4S,5S)-3-[(3-tert-butylbenzyl)amino]-5-{[3-(2,2-difluoroethyl)-1H-indol-5-yl]methyl}tetrahydro-2H-thiopyran-4-ol 1,1-dioxide"
BACE1,4d83,B,0GT,504.632,"(3R,4S,5S)-3-[(3-tert-butylbenzyl)amino]-5-{[3-(2,2-difluoroethyl)-1H-indol-5-yl]methyl}tetrahydro-2H-thiopyran-4-ol 1,1-dioxide"
BACE1,4d83,C,0GT,504.632,"(3R,4S,5S)-3-[(3-tert-butylbenzyl)amino]-5-{[3-(2,2-difluoroethyl)-1H-indol-5-yl]methyl}tetrahydro-2H-thiopyran-4-ol 1,1-dioxide"
BACE1,4d85,A,0GU,564.702,"(3R,4S,5S)-3-[(3-tert-butylbenzyl)amino]-5-[(4,4,7'-trifluoro-1',2'-dihydrospiro[cyclohexane-1,3'-indol]-5'-yl)methyl]tetrahydro-2H-thiopyran-4-ol 1,1-dioxide"
BACE1,4d88,A,BXQ,546.618,"(3S,4S,5R)-3-{4-amino-3-fluoro-5-[(2S)-3,3,3-trifluoro-2-hydroxypropyl]benzyl}-5-[(3-tert-butylbenzyl)amino]tetrahydro-2H-thiopyran-4-ol 1,1-dioxide"
BACE1,4d89,A,BXD,590.67,"(3S,4S,5R)-3-(4-amino-3-{[(2R)-3-ethoxy-1,1,1-trifluoropropan-2-yl]oxy}-5-fluorobenzyl)-5-[(3-tert-butylbenzyl)amino]tetrahydro-2H-thiopyran-4-ol 1,1-dioxide"
BACE1,4d8c,A,BXD,590.67,"(3S,4S,5R)-3-(4-amino-3-{[(2R)-3-ethoxy-1,1,1-trifluoropropan-2-yl]oxy}-5-fluorobenzyl)-5-[(3-tert-butylbenzyl)amino]tetrahydro-2H-thiopyran-4-ol 1,1-dioxide"
BACE1,4d8c,B,BXD,590.67,"(3S,4S,5R)-3-(4-amino-3-{[(2R)-3-ethoxy-1,1,1-trifluoropropan-2-yl]oxy}-5-fluorobenzyl)-5-[(3-tert-butylbenzyl)amino]tetrahydro-2H-thiopyran-4-ol 1,1-dioxide"
BACE1,4d8c,C,BXD,590.67,"(3S,4S,5R)-3-(4-amino-3-{[(2R)-3-ethoxy-1,1,1-trifluoropropan-2-yl]oxy}-5-fluorobenzyl)-5-[(3-tert-butylbenzyl)amino]tetrahydro-2H-thiopyran-4-ol 1,1-dioxide"
BACE1,4dh6,A,0KN,553.69,"(2R)-N-[(2S,3R)-1-(1,3-benzodioxol-5-yl)-4-{[(4'S)-6'-(2,2-dimethylpropyl)-3',4'-dihydrospiro[cyclobutane-1,2'-pyrano[2,3-b]pyridin]-4'-yl]amino}-3-hydroxybutan-2-yl]-2-methoxypropanamide"
BACE1,4di2,A,0K9,592.792,"(2R)-N-{(2S,3R)-4-{[(4'S)-6'-(2,2-dimethylpropyl)-3',4'-dihydrospiro[cyclobutane-1,2'-pyrano[2,3-b]pyridin]-4'-yl]amino}-3-hydroxy-1-[3-(1,3-thiazol-2-yl)phenyl]butan-2-yl}-2-methoxypropanamide"
BACE1,4di2,B,0K9,592.792,"(2R)-N-{(2S,3R)-4-{[(4'S)-6'-(2,2-dimethylpropyl)-3',4'-dihydrospiro[cyclobutane-1,2'-pyrano[2,3-b]pyridin]-4'-yl]amino}-3-hydroxy-1-[3-(1,3-thiazol-2-yl)phenyl]butan-2-yl}-2-methoxypropanamide"
BACE1,4di2,C,0K9,592.792,"(2R)-N-{(2S,3R)-4-{[(4'S)-6'-(2,2-dimethylpropyl)-3',4'-dihydrospiro[cyclobutane-1,2'-pyrano[2,3-b]pyridin]-4'-yl]amino}-3-hydroxy-1-[3-(1,3-thiazol-2-yl)phenyl]butan-2-yl}-2-methoxypropanamide"
BACE1,4dju,A,0KK,265.31,"(2E)-2-imino-3-methyl-5,5-diphenylimidazolidin-4-one"
BACE1,4dju,B,0KK,265.31,"(2E)-2-imino-3-methyl-5,5-diphenylimidazolidin-4-one"
BACE1,4djv,A,0KM,371.432,"(2E,5R)-2-imino-5-(3'-methoxybiphenyl-3-yl)-3-methyl-5-phenylimidazolidin-4-one"
BACE1,4djv,B,0KM,371.432,"(2E,5R)-2-imino-5-(3'-methoxybiphenyl-3-yl)-3-methyl-5-phenylimidazolidin-4-one"
BACE1,4djw,A,0KP,342.394,"(2E,5R)-2-imino-3-methyl-5-phenyl-5-[3-(pyridin-3-yl)phenyl]imidazolidin-4-one"
BACE1,4djw,B,0KP,342.394,"(2E,5R)-2-imino-3-methyl-5-phenyl-5-[3-(pyridin-3-yl)phenyl]imidazolidin-4-one"
BACE1,4djx,A,0KQ,340.807,"(2E,5R)-5-[3-(5-chloropyridin-3-yl)phenyl]-5-cyclopropyl-2-imino-3-methylimidazolidin-4-one"
BACE1,4djx,B,0KQ,340.807,"(2E,5R)-5-[3-(5-chloropyridin-3-yl)phenyl]-5-cyclopropyl-2-imino-3-methylimidazolidin-4-one"
BACE1,4djy,A,0KR,344.41,"(2E,5R)-5-cyclopropyl-2-imino-3-methyl-5-{3-[5-(prop-1-yn-1-yl)pyridin-3-yl]phenyl}imidazolidin-4-one"
BACE1,4djy,B,0KR,344.41,"(2E,5R)-5-cyclopropyl-2-imino-3-methyl-5-{3-[5-(prop-1-yn-1-yl)pyridin-3-yl]phenyl}imidazolidin-4-one"
BACE1,4dpf,A,0LG,648.812,"N-[(4S,8E,11S)-4-[(1R)-1-hydroxy-2-{[3-(propan-2-yl)benzyl]amino}ethyl]-2,13-dioxo-11-phenyl-6-oxa-3,12-diazabicyclo[12.3.1]octadeca-1(18),8,14,16-tetraen-16-yl]-N-methylmethanesulfonamide"
BACE1,4dpi,A,0N1,555.707,"(4S,8E,11R)-4-[(1R)-1-hydroxy-2-{[3-(propan-2-yl)benzyl]amino}ethyl]-16-methyl-11-phenyl-6-oxa-3,12-diazabicyclo[12.3.1]octadeca-1(18),8,14,16-tetraene-2,13-dione"
BACE1,4dus,A,0MP,483.618,"N-((2S,3R)-1-(4-fluorophenyl)-3-hydroxy-4-((6'-neopentyl-3',4'-dihydrospiro[cyclobutane-1,2'-pyrano[2,3-b]pyridin]-4'-yl)amino)butan-2-yl)acetamide"
BACE1,4ewo,A,996,440.621,"N-[(2S,3R)-4-{[(4S)-2-(2,2-dimethylpropyl)-6,6-dimethyl-4,5,6,7-tetrahydro-2H-indazol-4-yl]amino}-3-hydroxy-1-phenylbutan-2-yl]acetamide"
BACE1,4exg,A,916,458.657,"N-[(2S,3R)-4-{[(4S)-6-(2,2-dimethylpropyl)-2,2-dimethyl-3,4-dihydro-2H-thieno[2,3-b]pyran-4-yl]amino}-3-hydroxy-1-phenylbutan-2-yl]acetamide"
BACE1,4fco,A,0U4,739.966,"N-[(2S,3R)-4-{[2-(1-benzylpiperidin-4-yl)ethyl]amino}-3-hydroxy-1-phenylbutan-2-yl]-5-[methyl(methylsulfonyl)amino]-N'-[(1R)-1-phenylethyl]benzene-1,3-dicarboxamide"
BACE1,4fm7,A,0UP,477.592,"4-{[(5R,7S)-1-(3-fluorophenyl)-3,7-dimethyl-2,2-dioxido-2-thia-1,3,8-triazaspiro[4.5]dec-8-yl]methyl}-2-(propan-2-yloxy)phenol"
BACE1,4fm8,A,0UQ,461.593,"(5R,7S)-1-(3-fluorophenyl)-3,7-dimethyl-8-[3-(propan-2-yloxy)benzyl]-2-thia-1,3,8-triazaspiro[4.5]decane 2,2-dioxide"
BACE1,4fri,A,DWA,363.385,"(4R)-4-[3-(2-fluoropyridin-3-yl)phenyl]-4-(4-methoxyphenyl)-4,5-dihydro-1,3-oxazol-2-amine"
BACE1,4frj,A,DWB,410.825,"(4S)-2'-(5-chloro-2-fluorophenyl)-7'-methoxyspiro[1,3-oxazole-4,9'-xanthen]-2-amine"
BACE1,4frk,A,DWD,402.446,"(4S)-2'-(2-methylpropoxy)-7'-(pyrimidin-5-yl)spiro[1,3-oxazole-4,9'-xanthen]-2-amine"
BACE1,4frs,A,0V6,372.872,"(2Z,6S)-6-{3-chloro-5-[5-(prop-1-yn-1-yl)pyridin-3-yl]thiophen-2-yl}-2-imino-3,6-dimethyltetrahydropyrimidin-4(1H)-one"
BACE1,4frs,B,0V6,372.872,"(2Z,6S)-6-{3-chloro-5-[5-(prop-1-yn-1-yl)pyridin-3-yl]thiophen-2-yl}-2-imino-3,6-dimethyltetrahydropyrimidin-4(1H)-one"
BACE1,4fs4,A,H24,323.389,"(6S)-2-amino-6-(3'-methoxybiphenyl-3-yl)-3,6-dimethyl-5,6-dihydropyrimidin-4(3H)-one"
BACE1,4fs4,B,H24,323.389,"(6S)-2-amino-6-(3'-methoxybiphenyl-3-yl)-3,6-dimethyl-5,6-dihydropyrimidin-4(3H)-one"
BACE1,4fse,A,0VA,464.368,"N-[N-(4-amino-3,5-dichlorobenzyl)carbamimidoyl]-3-(4-methoxyphenyl)-5-methyl-1,2-thiazole-4-carboxamide"
BACE1,4fse,B,0VA,464.368,"N-[N-(4-amino-3,5-dichlorobenzyl)carbamimidoyl]-3-(4-methoxyphenyl)-5-methyl-1,2-thiazole-4-carboxamide"
BACE1,4fse,D,0VA,464.368,"N-[N-(4-amino-3,5-dichlorobenzyl)carbamimidoyl]-3-(4-methoxyphenyl)-5-methyl-1,2-thiazole-4-carboxamide"
BACE1,4fse,E,0VA,464.368,"N-[N-(4-amino-3,5-dichlorobenzyl)carbamimidoyl]-3-(4-methoxyphenyl)-5-methyl-1,2-thiazole-4-carboxamide"
BACE1,4fsl,A,0VB,485.986,"N-{N-[4-(acetylamino)-3-chloro-5-methylbenzyl]carbamimidoyl}-3-(4-methoxyphenyl)-5-methyl-1,2-thiazole-4-carboxamide"
BACE1,4fsl,B,0VB,485.986,"N-{N-[4-(acetylamino)-3-chloro-5-methylbenzyl]carbamimidoyl}-3-(4-methoxyphenyl)-5-methyl-1,2-thiazole-4-carboxamide"
BACE1,4fsl,D,0VB,485.986,"N-{N-[4-(acetylamino)-3-chloro-5-methylbenzyl]carbamimidoyl}-3-(4-methoxyphenyl)-5-methyl-1,2-thiazole-4-carboxamide"
BACE1,4fsl,E,0VB,485.986,"N-{N-[4-(acetylamino)-3-chloro-5-methylbenzyl]carbamimidoyl}-3-(4-methoxyphenyl)-5-methyl-1,2-thiazole-4-carboxamide"
BACE1,4gid,A,0GH,665.843,"N-[(2S)-1-({(2S,3R)-3-hydroxy-1-[(2-methylpropyl)amino]-1-oxobutan-2-yl}amino)-3-phenylpropan-2-yl]-5-[methyl(methylsulfonyl)amino]-N'-[(1R)-1-phenylethyl]benzene-1,3-dicarboxamide"
BACE1,4gid,B,0GH,665.843,"N-[(2S)-1-({(2S,3R)-3-hydroxy-1-[(2-methylpropyl)amino]-1-oxobutan-2-yl}amino)-3-phenylpropan-2-yl]-5-[methyl(methylsulfonyl)amino]-N'-[(1R)-1-phenylethyl]benzene-1,3-dicarboxamide"
BACE1,4gid,C,0GH,665.843,"N-[(2S)-1-({(2S,3R)-3-hydroxy-1-[(2-methylpropyl)amino]-1-oxobutan-2-yl}amino)-3-phenylpropan-2-yl]-5-[methyl(methylsulfonyl)amino]-N'-[(1R)-1-phenylethyl]benzene-1,3-dicarboxamide"
BACE1,4gid,D,0GH,665.843,"N-[(2S)-1-({(2S,3R)-3-hydroxy-1-[(2-methylpropyl)amino]-1-oxobutan-2-yl}amino)-3-phenylpropan-2-yl]-5-[methyl(methylsulfonyl)amino]-N'-[(1R)-1-phenylethyl]benzene-1,3-dicarboxamide"
BACE1,4gid,A,LPD,114.146,L-PROLINAMIDE
BACE1,4gid,B,LPD,114.146,L-PROLINAMIDE
BACE1,4gid,C,LPD,114.146,L-PROLINAMIDE
BACE1,4gid,D,LPD,114.146,L-PROLINAMIDE
BACE1,4gmi,A,0XA,511.653,"(4S,8E)-4-[(1R)-2-{[2-(5-tert-butyl-1,3-oxazol-2-yl)propan-2-yl]amino}-1-hydroxyethyl]-16-methyl-6-oxa-3-azabicyclo[12.3.1]octadeca-1(18),8,14,16-tetraene-2,13-dione"
BACE1,4h1e,A,10J,455.532,"3-{5-[(2E,4aR,7aR)-6-benzoyl-2-imino-3-methyl-4-oxooctahydro-7aH-pyrrolo[3,4-d]pyrimidin-7a-yl]thiophen-3-yl}benzonitrile"
BACE1,4h1e,B,10J,455.532,"3-{5-[(2E,4aR,7aR)-6-benzoyl-2-imino-3-methyl-4-oxooctahydro-7aH-pyrrolo[3,4-d]pyrimidin-7a-yl]thiophen-3-yl}benzonitrile"
BACE1,4h3f,A,10O,458.535,"3-{5-[(2E,4aR,7aR)-2-imino-6-(6-methoxypyridin-2-yl)-3-methyl-4-oxooctahydro-7aH-pyrrolo[3,4-d]pyrimidin-7a-yl]thiophen-3-yl}benzonitrile"
BACE1,4h3f,B,10O,458.535,"3-{5-[(2E,4aR,7aR)-2-imino-6-(6-methoxypyridin-2-yl)-3-methyl-4-oxooctahydro-7aH-pyrrolo[3,4-d]pyrimidin-7a-yl]thiophen-3-yl}benzonitrile"
BACE1,4h3g,A,10Q,453.519,"2-{(2E,4aR,7aR)-7a-[4-(3-cyanophenyl)thiophen-2-yl]-2-imino-3-methyl-4-oxooctahydro-6H-pyrrolo[3,4-d]pyrimidin-6-yl}pyridine-3-carbonitrile"
BACE1,4h3g,B,10Q,453.519,"2-{(2E,4aR,7aR)-7a-[4-(3-cyanophenyl)thiophen-2-yl]-2-imino-3-methyl-4-oxooctahydro-6H-pyrrolo[3,4-d]pyrimidin-6-yl}pyridine-3-carbonitrile"
BACE1,4h3i,A,10V,458.535,"3-{5-[(2E,4aR,7aR)-2-imino-6-(3-methoxypyridin-2-yl)-3-methyl-4-oxooctahydro-7aH-pyrrolo[3,4-d]pyrimidin-7a-yl]thiophen-3-yl}benzonitrile"
BACE1,4h3i,B,10V,458.535,"3-{5-[(2E,4aR,7aR)-2-imino-6-(3-methoxypyridin-2-yl)-3-methyl-4-oxooctahydro-7aH-pyrrolo[3,4-d]pyrimidin-7a-yl]thiophen-3-yl}benzonitrile"
BACE1,4h3j,A,10W,445.512,"2-fluoro-5-{5-[(2E,4aR,7aR)-2-imino-3-methyl-4-oxo-6-phenyloctahydro-7aH-pyrrolo[3,4-d]pyrimidin-7a-yl]thiophen-2-yl}benzonitrile"
BACE1,4h3j,B,10W,445.512,"2-fluoro-5-{5-[(2E,4aR,7aR)-2-imino-3-methyl-4-oxo-6-phenyloctahydro-7aH-pyrrolo[3,4-d]pyrimidin-7a-yl]thiophen-2-yl}benzonitrile"
BACE1,4ha5,A,13W,324.4,"3-{5-[(2E,4S)-2-imino-1,4-dimethyl-6-oxohexahydropyrimidin-4-yl]thiophen-3-yl}benzonitrile"
BACE1,4ha5,B,13W,324.4,"3-{5-[(2E,4S)-2-imino-1,4-dimethyl-6-oxohexahydropyrimidin-4-yl]thiophen-3-yl}benzonitrile"
BACE1,4hzt,A,0ZA,396.87,"3-{(1S)-1-[(6-chloro-3,3-dimethyl-3,4-dihydroisoquinolin-1-yl)amino]-2-phenylethyl}-1,2,4-oxadiazol-5(2H)-one"
BACE1,4i0d,A,1B7,404.953,"N-(6-chloro-3,3-dimethyl-3,4-dihydroisoquinolin-1-yl)-3-(4-propylthiophen-3-yl)-L-alanine"
BACE1,4i0e,A,1B8,507.831,"3-[2-bromo-4-(1H-pyrazol-4-yl)thiophen-3-yl]-N-(6-chloro-3,3-dimethyl-3,4-dihydroisoquinolin-1-yl)-L-alanine"
BACE1,4i0f,A,1BF,428.935,"N-(6-chloro-3,3-dimethyl-3,4-dihydroisoquinolin-1-yl)-3-[4-(1H-pyrazol-4-yl)thiophen-3-yl]-L-alanine"
BACE1,4i0g,A,1B9,441.77,"3-(4-bromothiophen-3-yl)-N-(6-chloro-3,3-dimethyl-3,4-dihydroisoquinolin-1-yl)-L-alanine"
BACE1,4i0h,A,1BL,560.672,"(2R)-5-{[(2S,3R)-4-{[1-(3-tert-butylphenyl)cyclohexyl]amino}-1-(3,5-difluorophenyl)-3-hydroxybutan-2-yl]amino}-2-hydroxy-5-oxopentanoic acid"
BACE1,4i0h,B,1BL,560.672,"(2R)-5-{[(2S,3R)-4-{[1-(3-tert-butylphenyl)cyclohexyl]amino}-1-(3,5-difluorophenyl)-3-hydroxybutan-2-yl]amino}-2-hydroxy-5-oxopentanoic acid"
BACE1,4i0h,C,1BL,560.672,"(2R)-5-{[(2S,3R)-4-{[1-(3-tert-butylphenyl)cyclohexyl]amino}-1-(3,5-difluorophenyl)-3-hydroxybutan-2-yl]amino}-2-hydroxy-5-oxopentanoic acid"
BACE1,4i0i,A,957,450.585,"N-[(1S,2R)-1-(3,5-difluorobenzyl)-3-({1-[4-(2,2-dimethylpropyl)thiophen-2-yl]cyclopropyl}amino)-2-hydroxypropyl]acetamide"
BACE1,4i0i,B,957,450.585,"N-[(1S,2R)-1-(3,5-difluorobenzyl)-3-({1-[4-(2,2-dimethylpropyl)thiophen-2-yl]cyclopropyl}amino)-2-hydroxypropyl]acetamide"
BACE1,4i0i,C,957,450.585,"N-[(1S,2R)-1-(3,5-difluorobenzyl)-3-({1-[4-(2,2-dimethylpropyl)thiophen-2-yl]cyclopropyl}amino)-2-hydroxypropyl]acetamide"
BACE1,4i0j,A,842,482.565,"N-[(1S,2R)-1-(3,5-difluorobenzyl)-2-hydroxy-3-({1-[3-(1H-pyrazol-1-yl)phenyl]cyclohexyl}amino)propyl]acetamide"
BACE1,4i0z,A,1BB,431.917,"2-{(1S)-1-[(6-chloro-3,3-dimethyl-3,4-dihydroisoquinolin-1-yl)amino]-2-phenylethyl}-4-oxo-1,4-dihydropyrimidine-5-carbonitrile"
BACE1,4i10,A,1BS,457.955,"2-{(1S)-1-[(6-chloro-3,3-dimethyl-3,4-dihydroisoquinolin-1-yl)amino]-2-phenylethyl}pyrido[4,3-d]pyrimidin-4(1H)-one"
BACE1,4i11,A,1CH,322.401,"N-(3,3-dimethyl-3,4-dihydroisoquinolin-1-yl)-L-phenylalanine"
BACE1,4i12,A,1BC,521.077,"2-{(1S)-1-{[(1Z)-6-chloro-3,3-dimethyl-3,4-dihydroisoquinolin-1(2H)-ylidene]amino}-2-[2-propyl-4-(1H-pyrazol-4-yl)thiophen-3-yl]ethyl}pyrimidin-4(5H)-one"
BACE1,4i1c,A,1BE,471.015,"N-(6-chloro-3,3-dimethyl-3,4-dihydroisoquinolin-1-yl)-3-[2-propyl-4-(1H-pyrazol-4-yl)thiophen-3-yl]-L-alanine"
BACE1,4i85,A,H50,325.162,"1-(3',4'-dichloro-2-fluorobiphenyl-4-yl)cyclopropanecarboxylic acid"
BACE1,4i85,B,H50,325.162,"1-(3',4'-dichloro-2-fluorobiphenyl-4-yl)cyclopropanecarboxylic acid"
BACE1,4i87,A,H50,325.162,"1-(3',4'-dichloro-2-fluorobiphenyl-4-yl)cyclopropanecarboxylic acid"
BACE1,4i87,B,H50,325.162,"1-(3',4'-dichloro-2-fluorobiphenyl-4-yl)cyclopropanecarboxylic acid"
BACE1,4ivs,A,VSI,457.313,"N-{N-[4-(acetylamino)-3,5-dichlorobenzyl]carbamimidoyl}-2-(6-cyano-1H-indol-1-yl)acetamide"
BACE1,4ivt,A,VTI,432.303,"N-{N-[4-(acetylamino)-3,5-dichlorobenzyl]carbamimidoyl}-2-(1H-indol-1-yl)acetamide"
BACE1,4j0p,A,1H8,353.35,"N-{3-[(4S)-2-amino-4-methyl-5,6-dihydro-4H-1,3-oxazin-4-yl]-4-fluorophenyl}-5-cyanopyridine-2-carboxamide"
BACE1,4j0t,A,6T9,408.374,"5-Ethoxy-pyridine-2-carboxylic acid [3-((R)-2-amino-5,5-difluoro-4-methyl-5,6-dihydro-4H-[1,3]oxazin-4-yl)-4-fluoro-phenyl]-amide"
BACE1,4j0v,A,1H7,371.341,"N-{3-[(4R,5R)-2-amino-5-fluoro-4-methyl-5,6-dihydro-4H-1,3-oxazin-4-yl]-4-fluorophenyl}-5-cyanopyridine-2-carboxamide"
BACE1,4j0y,A,1H6,371.341,"N-{3-[(4R,5S)-2-amino-5-fluoro-4-methyl-5,6-dihydro-4H-1,3-oxazin-4-yl]-4-fluorophenyl}-5-cyanopyridine-2-carboxamide"
BACE1,4j0z,A,1H5,389.331,"N-{3-[(4S,5R)-2-amino-5-fluoro-4-(fluoromethyl)-5,6-dihydro-4H-1,3-oxazin-4-yl]-4-fluorophenyl}-5-cyanopyridine-2-carboxamide"
BACE1,4j17,A,1HQ,389.331,"N-{3-[(4S)-2-amino-4-(difluoromethyl)-5,6-dihydro-4H-1,3-oxazin-4-yl]-4-fluorophenyl}-5-cyanopyridine-2-carboxamide"
BACE1,4j1c,A,1HO,407.322,"N-{3-[(4S)-2-amino-5,5-difluoro-4-(fluoromethyl)-5,6-dihydro-4H-1,3-oxazin-4-yl]-4-fluorophenyl}-5-cyanopyridine-2-carboxamide"
BACE1,4j1e,A,1HM,439.339,"N-{3-[(4S,6S)-2-amino-4-(fluoromethyl)-6-(trifluoromethyl)-5,6-dihydro-4H-1,3-oxazin-4-yl]-4-fluorophenyl}-5-cyanopyridine-2-carboxamide"
BACE1,4j1f,A,1HL,421.348,"N-{3-[(4S,6S)-2-amino-4-methyl-6-(trifluoromethyl)-5,6-dihydro-4H-1,3-oxazin-4-yl]-4-fluorophenyl}-5-cyanopyridine-2-carboxamide"
BACE1,4j1h,A,1HJ,421.348,"N-{3-[(4S,6R)-2-amino-4-methyl-6-(trifluoromethyl)-5,6-dihydro-4H-1,3-oxazin-4-yl]-4-fluorophenyl}-5-cyanopyridine-2-carboxamide"
BACE1,4j1k,A,1HG,439.339,"N-{3-[(4R,5R,6S)-2-amino-5-fluoro-4-methyl-6-(trifluoromethyl)-5,6-dihydro-4H-1,3-oxazin-4-yl]-4-fluorophenyl}-5-cyanopyridine-2-carboxamide"
BACE1,4j1i,A,1HH,439.339,"N-{3-[(4R,5R,6R)-2-amino-5-fluoro-4-methyl-6-(trifluoromethyl)-5,6-dihydro-4H-1,3-oxazin-4-yl]-4-fluorophenyl}-5-cyanopyridine-2-carboxamide"
BACE1,4joo,A,1M4,338.2,"(4R)-2'-amino-6-bromo-1',2,2-trimethyl-2,3-dihydrospiro[chromene-4,4'-imidazol]-5'(1'H)-one"
BACE1,4jp9,A,1M5,369.845,"(4R)-2'-amino-6-(3-chlorophenyl)-1',2,2-trimethyl-2,3-dihydrospiro[chromene-4,4'-imidazol]-5'(1'H)-one"
BACE1,4jpc,A,1M6,360.409,"3-[(4R)-2'-amino-1',2,2-trimethyl-5'-oxo-1',2,3,5'-tetrahydrospiro[chromene-4,4'-imidazol]-6-yl]benzonitrile"
BACE1,4jpe,A,1M7,335.403,"(4R)-2-amino-1,3',3'-trimethyl-7'-(pyrimidin-5-yl)-3',4'-dihydro-2'H-spiro[imidazole-4,1'-naphthalen]-5(1H)-one"
BACE1,4k8s,A,1QT,504.703,"(3S)-3-[(1R)-2-{[(4S)-6-ethyl-3,4-dihydrospiro[chromene-2,1'-cyclobutan]-4-yl]amino}-1-hydroxyethyl]-4-azabicyclo[11.3.1]heptadeca-1(17),13,15-trien-5-one"
BACE1,4k8s,B,1QT,504.703,"(3S)-3-[(1R)-2-{[(4S)-6-ethyl-3,4-dihydrospiro[chromene-2,1'-cyclobutan]-4-yl]amino}-1-hydroxyethyl]-4-azabicyclo[11.3.1]heptadeca-1(17),13,15-trien-5-one"
BACE1,4k8s,C,1QT,504.703,"(3S)-3-[(1R)-2-{[(4S)-6-ethyl-3,4-dihydrospiro[chromene-2,1'-cyclobutan]-4-yl]amino}-1-hydroxyethyl]-4-azabicyclo[11.3.1]heptadeca-1(17),13,15-trien-5-one"
BACE1,4jtq,A,FLP,244.261,FLURBIPROFEN
BACE1,4jtq,B,FLP,244.261,FLURBIPROFEN
BACE1,4jtq,A,NAP,743.405,NADP NICOTINAMIDE-ADENINE-DINUCLEOTIDE PHOSPHATE
BACE1,4jtq,B,NAP,743.405,NADP NICOTINAMIDE-ADENINE-DINUCLEOTIDE PHOSPHATE
BACE1,4ke0,A,1R8,490.677,"(3S)-3-[(1R)-2-{[(4S)-6-ethyl-3,4-dihydrospiro[chromene-2,1'-cyclobutan]-4-yl]amino}-1-hydroxyethyl]-4-azabicyclo[10.3.1]hexadeca-1(16),12,14-trien-5-one"
BACE1,4ke0,B,1R8,490.677,"(3S)-3-[(1R)-2-{[(4S)-6-ethyl-3,4-dihydrospiro[chromene-2,1'-cyclobutan]-4-yl]amino}-1-hydroxyethyl]-4-azabicyclo[10.3.1]hexadeca-1(16),12,14-trien-5-one"
BACE1,4ke0,C,1R8,490.677,"(3S)-3-[(1R)-2-{[(4S)-6-ethyl-3,4-dihydrospiro[chromene-2,1'-cyclobutan]-4-yl]amino}-1-hydroxyethyl]-4-azabicyclo[10.3.1]hexadeca-1(16),12,14-trien-5-one"
BACE1,4k9h,A,1QU,610.666,"1-cyclopentyl-N-[(2S,3R)-3-hydroxy-1-phenyl-4-{[3-(trifluoromethyl)benzyl]amino}butan-2-yl]-6-oxo-5-(2-oxopyrrolidin-1-yl)-1,6-dihydropyridine-3-carboxamide"
BACE1,4k9h,B,1QU,610.666,"1-cyclopentyl-N-[(2S,3R)-3-hydroxy-1-phenyl-4-{[3-(trifluoromethyl)benzyl]amino}butan-2-yl]-6-oxo-5-(2-oxopyrrolidin-1-yl)-1,6-dihydropyridine-3-carboxamide"
BACE1,4k9h,C,1QU,610.666,"1-cyclopentyl-N-[(2S,3R)-3-hydroxy-1-phenyl-4-{[3-(trifluoromethyl)benzyl]amino}butan-2-yl]-6-oxo-5-(2-oxopyrrolidin-1-yl)-1,6-dihydropyridine-3-carboxamide"
BACE1,4ke1,A,1R6,555.707,"(12S)-12-[(1R)-2-{[(4S)-6-ethyl-3,4-dihydrospiro[chromene-2,1'-cyclobutan]-4-yl]amino}-1-hydroxyethyl]-1,13-diazatricyclo[13.3.1.1~6,10~]icosa-6(20),7,9,15(19),16-pentaene-14,18-dione"
BACE1,4l1e,B,BLA,582.646,BILIVERDINE IX ALPHA
BACE1,4l1e,D,BLA,582.646,BILIVERDINE IX ALPHA
BACE1,4l1e,F,BLA,582.646,BILIVERDINE IX ALPHA
BACE1,4l1e,H,BLA,582.646,BILIVERDINE IX ALPHA
BACE1,4l1e,I,BLA,582.646,BILIVERDINE IX ALPHA
BACE1,4l1e,J,BLA,582.646,BILIVERDINE IX ALPHA
BACE1,4l1e,L,BLA,582.646,BILIVERDINE IX ALPHA
BACE1,4l7g,A,1W0,296.324,"(3aS,7aR)-7a-[3-(pyrimidin-5-yl)phenyl]-3a,6,7,7a-tetrahydro-4H-pyrano[4,3-d][1,3]oxazol-2-amine"
BACE1,4l7h,A,1W1,355.341,"2-[(3aR,7aR)-2-amino-7a-(2,4-difluorophenyl)-3a,6,7,7a-tetrahydro[1,3]oxazolo[5,4-c]pyridin-5(4H)-yl]pyridine-3-carbonitrile"
BACE1,4l7j,A,1W2,355.341,"2-[(3aS,7aR)-2-amino-3a-(2,4-difluorophenyl)-3a,6,7,7a-tetrahydro[1,3]oxazolo[4,5-c]pyridin-5(4H)-yl]pyridine-3-carbonitrile"
BACE1,4lc7,A,1WP,327.808,"(3aR,7aR)-3a-[3-(5-chloropyridin-3-yl)phenyl]-3a,4,5,6,7,7a-hexahydro-1,3-benzoxazol-2-amine"
BACE1,4lxa,A,1YS,584.59,"(1R,3S,4S,5R)-3-{4-amino-3-fluoro-5-[(1,1,1,3,3,3-hexafluoropropan-2-yl)oxy]benzyl}-5-[(3-tert-butylbenzyl)amino]tetrahydro-2H-thiopyran-4-ol 1-oxide"
BACE1,4lxa,B,1YS,584.59,"(1R,3S,4S,5R)-3-{4-amino-3-fluoro-5-[(1,1,1,3,3,3-hexafluoropropan-2-yl)oxy]benzyl}-5-[(3-tert-butylbenzyl)amino]tetrahydro-2H-thiopyran-4-ol 1-oxide"
BACE1,4lxa,C,1YS,584.59,"(1R,3S,4S,5R)-3-{4-amino-3-fluoro-5-[(1,1,1,3,3,3-hexafluoropropan-2-yl)oxy]benzyl}-5-[(3-tert-butylbenzyl)amino]tetrahydro-2H-thiopyran-4-ol 1-oxide"
BACE1,4lxk,A,1YT,560.644,"(1R,3S,4S,5R)-3-(4-amino-3-fluoro-5-{[(2R)-1,1,1-trifluoro-3-methoxypropan-2-yl]oxy}benzyl)-5-[(3-tert-butylbenzyl)amino]tetrahydro-2H-thiopyran-4-ol 1-oxide"
BACE1,4lxk,B,1YT,560.644,"(1R,3S,4S,5R)-3-(4-amino-3-fluoro-5-{[(2R)-1,1,1-trifluoro-3-methoxypropan-2-yl]oxy}benzyl)-5-[(3-tert-butylbenzyl)amino]tetrahydro-2H-thiopyran-4-ol 1-oxide"
BACE1,4lxk,C,1YT,560.644,"(1R,3S,4S,5R)-3-(4-amino-3-fluoro-5-{[(2R)-1,1,1-trifluoro-3-methoxypropan-2-yl]oxy}benzyl)-5-[(3-tert-butylbenzyl)amino]tetrahydro-2H-thiopyran-4-ol 1-oxide"
BACE1,4lxm,A,1YU,584.59,"(1S,3S,4S,5R)-3-{4-amino-3-fluoro-5-[(1,1,1,3,3,3-hexafluoropropan-2-yl)oxy]benzyl}-5-[(3-tert-butylbenzyl)amino]tetrahydro-2H-thiopyran-4-ol 1-oxide"
BACE1,4lxm,B,1YU,584.59,"(1S,3S,4S,5R)-3-{4-amino-3-fluoro-5-[(1,1,1,3,3,3-hexafluoropropan-2-yl)oxy]benzyl}-5-[(3-tert-butylbenzyl)amino]tetrahydro-2H-thiopyran-4-ol 1-oxide"
BACE1,4lxm,C,1YU,584.59,"(1S,3S,4S,5R)-3-{4-amino-3-fluoro-5-[(1,1,1,3,3,3-hexafluoropropan-2-yl)oxy]benzyl}-5-[(3-tert-butylbenzyl)amino]tetrahydro-2H-thiopyran-4-ol 1-oxide"
BACE1,4n00,A,2EX,382.388,"(4R,4a'S,10a'S)-2-amino-8'-(2-fluoropyridin-3-yl)-1-methyl-3',4',4a',10a'-tetrahydro-1'H-spiro[imidazole-4,10'-pyrano[4,3-b]chromen]-5(1H)-one"
BACE1,4pzw,A,2X4,371.818,"(4R,4a'S,10a'S)-7'-(5-chloropyridin-3-yl)-3',4',4a',10a'-tetrahydro-1'H-spiro[1,3-oxazole-4,5'-pyrano[3,4-b]chromen]-2-amine"
BACE1,4pzx,A,2X5,371.818,"(4R,4a'R,10a'R)-7'-(5-chloropyridin-3-yl)-3',4',4a',10a'-tetrahydro-1'H-spiro[1,3-oxazole-4,5'-pyrano[3,4-b]chromen]-2-amine"
BACE1,4r5n,A,3J9,369.39,"(4R,4a'S,10a'R)-8'-(2-fluoropyridin-3-yl)-4a'-methyl-3',4',4a',10a'-tetrahydro-2'H-spiro[1,3-oxazole-4,10'-pyrano[3,2-b]chromen]-2-amine"
BACE1,4r8y,A,3KO,416.6,"(2E,5R)-5-(2-cyclohexylethyl)-5-{[(3R)-1-(cyclopentylacetyl)pyrrolidin-3-yl]methyl}-2-imino-3-methylimidazolidin-4-one"
BACE1,4r8y,B,3KO,416.6,"(2E,5R)-5-(2-cyclohexylethyl)-5-{[(3R)-1-(cyclopentylacetyl)pyrrolidin-3-yl]methyl}-2-imino-3-methylimidazolidin-4-one"
BACE1,4r91,A,3KT,402.616,"(2E,5R)-5-(2-cyclohexylethyl)-5-{[(1S,3R)-3-(cyclopentylamino)cyclohexyl]methyl}-2-imino-3-methylimidazolidin-4-one"
BACE1,4r91,B,3KT,402.616,"(2E,5R)-5-(2-cyclohexylethyl)-5-{[(1S,3R)-3-(cyclopentylamino)cyclohexyl]methyl}-2-imino-3-methylimidazolidin-4-one"
BACE1,4r92,A,3KU,439.594,"N-[(1R,3S)-3-{[(2E,4R)-4-(2-cyclohexylethyl)-2-imino-1-methyl-5-oxoimidazolidin-4-yl]methyl}cyclohexyl]pyridine-4-carboxamide"
BACE1,4r92,B,3KU,439.594,"N-[(1R,3S)-3-{[(2E,4R)-4-(2-cyclohexylethyl)-2-imino-1-methyl-5-oxoimidazolidin-4-yl]methyl}cyclohexyl]pyridine-4-carboxamide"
BACE1,4r93,A,779,453.62,"1-[(1R,3S)-3-{[(2E,4R)-4-(2-cyclohexylethyl)-2-imino-1-methyl-5-oxoimidazolidin-4-yl]methyl}cyclohexyl]-3-phenylurea"
BACE1,4r93,B,779,453.62,"1-[(1R,3S)-3-{[(2E,4R)-4-(2-cyclohexylethyl)-2-imino-1-methyl-5-oxoimidazolidin-4-yl]methyl}cyclohexyl]-3-phenylurea"
BACE1,4r95,A,3KW,461.642,"(2E,5R)-5-(2-cyclohexylethyl)-2-imino-3-methyl-5-{[(1S,3R)-3-(quinolin-2-ylamino)cyclohexyl]methyl}imidazolidin-4-one"
BACE1,4r95,B,3KW,461.642,"(2E,5R)-5-(2-cyclohexylethyl)-2-imino-3-methyl-5-{[(1S,3R)-3-(quinolin-2-ylamino)cyclohexyl]methyl}imidazolidin-4-one"
BACE1,4rcd,A,3LL,442.442,"(5S)-7-(2-fluoropyridin-3-yl)-3-[(3-methyloxetan-3-yl)ethynyl]spiro[chromeno[2,3-b]pyridine-5,4'-[1,3]oxazol]-2'-amine"
BACE1,4rce,A,3LN,416.472,"(4S)-2'-(2,2-dimethylpropoxy)-7'-(pyrimidin-5-yl)spiro[1,3-oxazole-4,9'-xanthen]-2-amine"
BACE1,4rcf,A,3LO,447.433,"(4S)-2'-(3,6-dihydro-2H-pyran-4-yl)-4'-fluoro-7'-(2-fluoropyridin-3-yl)spiro[1,3-oxazole-4,9'-xanthen]-2-amine"
BACE1,4rrn,A,3UW,382.388,"(4S,4a'S,10a'R)-2-amino-8'-(2-fluoropyridin-3-yl)-1-methyl-3',4',4a',10a'-tetrahydro-2'H-spiro[imidazole-4,10'-pyrano[3,2-b]chromen]-5(1H)-one"
BACE1,4rro,A,3UX,396.415,"(4S,4a'R,10a'S)-2-amino-8'-(2-fluoropyridin-3-yl)-1,4a'-dimethyl-3',4',4a',10a'-tetrahydro-2'H-spiro[imidazole-4,10'-pyrano[3,2-b]chromen]-5(1H)-one"
BACE1,4rrs,A,3UY,369.39,"(4R,4a'R,10a'S)-8'-(2-fluoropyridin-3-yl)-4a'-methyl-3',4',4a',10a'-tetrahydro-2'H-spiro[1,3-oxazole-4,10'-pyrano[3,2-b]chromen]-2-amine"
BACE1,4wtu,A,3UT,448.422,"(5S)-3-(5,6-dihydro-2H-pyran-3-yl)-1-fluoro-7-(2-fluoropyridin-3-yl)spiro[chromeno[2,3-c]pyridine-5,4'-[1,3]oxazol]-2'-amine"
BACE1,4wy1,A,3VO,284.325,"(4aR,8aS)-8a-(2,4-difluorophenyl)-4,4a,5,6,8,8a-hexahydropyrano[3,4-d][1,3]thiazin-2-amine"
BACE1,4wy6,A,3VP,316.342,"(4aR,6R,8aS)-8a-(2,4-difluorophenyl)-6-(fluoromethyl)-4,4a,5,6,8,8a-hexahydropyrano[3,4-d][1,3]thiazin-2-amine"
BACE1,4x2l,A,3WP,242.288,"(4S)-4-(2,4-difluorophenyl)-4-methyl-5,6-dihydro-4H-1,3-thiazin-2-amine"
BACE1,4x7i,A,3YS,390.407,"N-{3-[(4aS,7aS)-2-amino-4a,5-dihydro-4H-furo[3,4-d][1,3]thiazin-7a(7H)-yl]-4-fluorophenyl}-5-fluoropyridine-2-carboxamide"
BACE1,4x7i,B,3YS,390.407,"N-{3-[(4aS,7aS)-2-amino-4a,5-dihydro-4H-furo[3,4-d][1,3]thiazin-7a(7H)-yl]-4-fluorophenyl}-5-fluoropyridine-2-carboxamide"
BACE1,4xkx,A,43K,443.405,"(5S)-7-(2-fluoropyridin-3-yl)-3-(2-fluoropyridin-4-yl)spiro[chromeno[2,3-c]pyridine-5,4'-[1,3]oxazol]-2'-amine"
BACE1,4xxs,A,SI5,364.413,"(4aR,6R,8aS)-8a-(2,4-difluorophenyl)-6-(1-methyl-1H-pyrazol-4-yl)-4,4a,5,6,8,8a-hexahydropyrano[3,4-d][1,3]thiazin-2-amine"
BACE1,4ybi,A,4B2,320.36,"(4S)-4-[2,4-difluoro-5-(pyrimidin-5-yl)phenyl]-4-methyl-5,6-dihydro-4H-1,3-thiazin-2-amine"
BACE1,4ybi,B,4B2,320.36,"(4S)-4-[2,4-difluoro-5-(pyrimidin-5-yl)phenyl]-4-methyl-5,6-dihydro-4H-1,3-thiazin-2-amine"
BACE1,4zpe,A,4QA,492.628,"4-(cyclohexylamino)-1-(3-fluorophenyl)-8-[3-(propan-2-yloxy)benzyl]-1,3,8-triazaspiro[4.5]dec-3-en-2-one"
BACE1,4zpf,A,4QD,507.643,"8-(3-{[(2S)-1-aminopropan-2-yl]oxy}benzyl)-4-(cyclohexylamino)-1-(3-fluorophenyl)-1,3,8-triazaspiro[4.5]dec-3-en-2-one"
BACE1,4zpg,A,4QF,448.576,"(5R,7S)-8-benzyl-4-(cyclohexylamino)-1-(3-fluorophenyl)-7-methyl-1,3,8-triazaspiro[4.5]dec-3-en-2-one"
BACE1,4zsm,A,4RW,170.275,"(4aS,8aR)-4a,5,6,7,8,8a-hexahydro-4H-3,1-benzothiazin-2-amine"
BACE1,4zsm,B,4RW,170.275,"(4aS,8aR)-4a,5,6,7,8,8a-hexahydro-4H-3,1-benzothiazin-2-amine"
BACE1,4zsp,A,4RZ,323.841,"N-[(4aS,6S,8aR)-2-amino-4a,5,6,7,8,8a-hexahydro-4H-3,1-benzothiazin-6-yl]-3-chlorobenzamide"
BACE1,4zsp,B,4RZ,323.841,"N-[(4aS,6S,8aR)-2-amino-4a,5,6,7,8,8a-hexahydro-4H-3,1-benzothiazin-6-yl]-3-chlorobenzamide"
BACE1,4zsq,A,4RX,365.878,"N-[(4S,4aS,6S,8aR)-10-aminohexahydro-3H-4,8a-(epithiomethenoazeno)isochromen-6(1H)-yl]-3-chlorobenzamide"
BACE1,4zsq,B,4RX,365.878,"N-[(4S,4aS,6S,8aR)-10-aminohexahydro-3H-4,8a-(epithiomethenoazeno)isochromen-6(1H)-yl]-3-chlorobenzamide"
BACE1,4zsr,A,4RY,365.878,"N-[(4aS,6S,8aR)-2-amino-5,6,7,8-tetrahydro-4a,8a-(methanooxymethano)-3,1-benzothiazin-6(4H)-yl]-3-chlorobenzamide"
BACE1,4zsr,B,4RY,365.878,"N-[(4aS,6S,8aR)-2-amino-5,6,7,8-tetrahydro-4a,8a-(methanooxymethano)-3,1-benzothiazin-6(4H)-yl]-3-chlorobenzamide"
BACE1,5a63,B,PC1,790.145,"1,2-DIACYL-SN-GLYCERO-3-PHOSPHOCHOLINE"
BACE1,5a63,C,PC1,790.145,"1,2-DIACYL-SN-GLYCERO-3-PHOSPHOCHOLINE"
BACE1,5clm,A,52K,344.795,"N-{3-[(3R)-5-amino-3-methyl-3,6-dihydro-2H-1,4-oxazin-3-yl]phenyl}-5-chloropyridine-2-carboxamide"
BACE1,5dqc,A,5E7,695.869,"N-[(2S,3R)-3-hydroxy-4-({(2S,3S)-3-hydroxy-1-[(2-methylpropyl)amino]-1-oxobutan-2-yl}amino)-1-phenylbutan-2-yl]-5-[methyl(methylsulfonyl)amino]-N'-[(1R)-1-phenylethyl]benzene-1,3-dicarboxamide"
BACE1,5dqc,B,5E7,695.869,"N-[(2S,3R)-3-hydroxy-4-({(2S,3S)-3-hydroxy-1-[(2-methylpropyl)amino]-1-oxobutan-2-yl}amino)-1-phenylbutan-2-yl]-5-[methyl(methylsulfonyl)amino]-N'-[(1R)-1-phenylethyl]benzene-1,3-dicarboxamide"
BACE1,5dqc,C,5E7,695.869,"N-[(2S,3R)-3-hydroxy-4-({(2S,3S)-3-hydroxy-1-[(2-methylpropyl)amino]-1-oxobutan-2-yl}amino)-1-phenylbutan-2-yl]-5-[methyl(methylsulfonyl)amino]-N'-[(1R)-1-phenylethyl]benzene-1,3-dicarboxamide"
BACE1,5enk,A,5QV,415.46,"(4~{S},6~{S})-4-[2,4-bis(fluoranyl)-5-pyrimidin-5-yl-phenyl]-6-(3,5-dimethyl-1,2-oxazol-4-yl)-4-methyl-5,6-dihydro-1,3-thiazin-2-amine"
BACE1,5enm,A,5QU,403.449,"(2~{R},4~{S},6~{S})-4-[2,4-bis(fluoranyl)-5-pyrimidin-5-yl-phenyl]-6-(3,5-dimethyl-1,2-oxazol-4-yl)-1,3-thiazinan-2-amine"
BACE1,5ezx,A,5T5,407.798,"[(1~{R},2~{R})-2-[(4~{S})-2-azanyl-4-[4-[bis(fluoranyl)methoxy]phenyl]-5~{H}-1,3-oxazol-4-yl]cyclopropyl]-(5-chloranylpyridin-3-yl)methanone"
BACE1,5ezz,A,5T6,429.847,"(4~{S})-4-[4-[bis(fluoranyl)methoxy]-3-methyl-phenyl]-4-[3-(5-chloranylpyridin-3-yl)phenyl]-5~{H}-1,3-oxazol-2-amine"
BACE1,5f00,A,5T8,366.844,"(5~{R})-5-[3-[(3-chloranylquinolin-8-yl)amino]phenyl]-5-methyl-2,6-dihydro-1,4-oxazin-3-amine"
BACE1,5f01,A,5T7,394.803,"(1~{R},2~{R})-2-[(4~{R})-2-azanyl-5,5-bis(fluoranyl)-4-methyl-6~{H}-1,3-oxazin-4-yl]-~{N}-(3-chloranylquinolin-8-yl)cyclopropane-1-carboxamide"
BACE1,5hd0,A,60Y,447.488,"3-{5-[(2E,4aR,7aR)-6-(5-fluoropyrimidin-2-yl)-2-imino-3-methyl-4-oxooctahydro-7aH-pyrrolo[3,4-d]pyrimidin-7a-yl]thiophen-3-yl}benzonitrile"
BACE1,5hd0,B,60Y,447.488,"3-{5-[(2E,4aR,7aR)-6-(5-fluoropyrimidin-2-yl)-2-imino-3-methyl-4-oxooctahydro-7aH-pyrrolo[3,4-d]pyrimidin-7a-yl]thiophen-3-yl}benzonitrile"
BACE1,5hdu,A,60W,477.514,"3-{5-[(2E,4aR,7aR)-6-(5-fluoro-4-methoxypyrimidin-2-yl)-2-imino-3-methyl-4-oxooctahydro-7aH-pyrrolo[3,4-d]pyrimidin-7a-yl]thiophen-3-yl}benzonitrile"
BACE1,5hdu,B,60W,477.514,"3-{5-[(2E,4aR,7aR)-6-(5-fluoro-4-methoxypyrimidin-2-yl)-2-imino-3-methyl-4-oxooctahydro-7aH-pyrrolo[3,4-d]pyrimidin-7a-yl]thiophen-3-yl}benzonitrile"
BACE1,5hdv,A,60V,415.445,"5-[(2E,4aR,7aR)-6-(5-fluoro-4-methoxy-6-methylpyrimidin-2-yl)-2-imino-3-methyl-4-oxooctahydro-7aH-pyrrolo[3,4-d]pyrimidin-7a-yl]thiophene-2-carbonitrile"
BACE1,5hdv,B,60V,415.445,"5-[(2E,4aR,7aR)-6-(5-fluoro-4-methoxy-6-methylpyrimidin-2-yl)-2-imino-3-methyl-4-oxooctahydro-7aH-pyrrolo[3,4-d]pyrimidin-7a-yl]thiophene-2-carbonitrile"
BACE1,5hdx,A,60U,429.471,"5-[(2E,4aR,7aR)-6-(4-ethoxy-5-fluoro-6-methylpyrimidin-2-yl)-2-imino-3-methyl-4-oxooctahydro-7aH-pyrrolo[3,4-d]pyrimidin-7a-yl]thiophene-2-carbonitrile"
BACE1,5hdx,B,60U,429.471,"5-[(2E,4aR,7aR)-6-(4-ethoxy-5-fluoro-6-methylpyrimidin-2-yl)-2-imino-3-methyl-4-oxooctahydro-7aH-pyrrolo[3,4-d]pyrimidin-7a-yl]thiophene-2-carbonitrile"
BACE1,5hdz,A,954,431.51,"5-{(2E,4aR,7aR)-6-[5-fluoro-4-methyl-6-(methylsulfanyl)pyrimidin-2-yl]-2-imino-3-methyl-4-oxooctahydro-7aH-pyrrolo[3,4-d]pyrimidin-7a-yl}thiophene-2-carbonitrile"
BACE1,5hdz,B,954,431.51,"5-{(2E,4aR,7aR)-6-[5-fluoro-4-methyl-6-(methylsulfanyl)pyrimidin-2-yl]-2-imino-3-methyl-4-oxooctahydro-7aH-pyrrolo[3,4-d]pyrimidin-7a-yl}thiophene-2-carbonitrile"
BACE1,5he4,A,60T,420.388,"(2E,4aR,7aS)-7a-(2,6-difluorophenyl)-6-(5-fluoro-4-methoxy-6-methylpyrimidin-2-yl)-2-imino-3-methyloctahydro-4H-pyrrolo[3,4-d]pyrimidin-4-one"
BACE1,5he4,B,60T,420.388,"(2E,4aR,7aS)-7a-(2,6-difluorophenyl)-6-(5-fluoro-4-methoxy-6-methylpyrimidin-2-yl)-2-imino-3-methyloctahydro-4H-pyrrolo[3,4-d]pyrimidin-4-one"
BACE1,5he5,A,60S,414.46,"5-{(2E,4aR,7aR)-6-[5-fluoro-4-methyl-6-(methylamino)pyrimidin-2-yl]-2-imino-3-methyl-4-oxooctahydro-7aH-pyrrolo[3,4-d]pyrimidin-7a-yl}thiophene-2-carbonitrile"
BACE1,5he5,B,60S,414.46,"5-{(2E,4aR,7aR)-6-[5-fluoro-4-methyl-6-(methylamino)pyrimidin-2-yl]-2-imino-3-methyl-4-oxooctahydro-7aH-pyrrolo[3,4-d]pyrimidin-7a-yl}thiophene-2-carbonitrile"
BACE1,5he7,A,60X,420.388,"(2E,4aR,7aS)-7a-(2,4-difluorophenyl)-6-(5-fluoro-4-methoxy-6-methylpyrimidin-2-yl)-2-imino-3-methyloctahydro-4H-pyrrolo[3,4-d]pyrimidin-4-one"
BACE1,5he7,B,60X,420.388,"(2E,4aR,7aS)-7a-(2,4-difluorophenyl)-6-(5-fluoro-4-methoxy-6-methylpyrimidin-2-yl)-2-imino-3-methyloctahydro-4H-pyrrolo[3,4-d]pyrimidin-4-one"
BACE1,5htz,A,66J,408.925,"(3E,5S)-5-{3-chloro-5-[5-(prop-1-yn-1-yl)pyridin-3-yl]thiophen-2-yl}-2,5-dimethyl-1,2,4-thiadiazinan-3-imine 1,1-dioxide"
BACE1,5htz,B,66J,408.925,"(3E,5S)-5-{3-chloro-5-[5-(prop-1-yn-1-yl)pyridin-3-yl]thiophen-2-yl}-2,5-dimethyl-1,2,4-thiadiazinan-3-imine 1,1-dioxide"
BACE1,5hu0,A,66H,374.393,"N-{3-[(2E,4R)-2-imino-1-methyl-5-oxo-4-phenylimidazolidin-4-yl]phenyl}furan-2-carboxamide"
BACE1,5hu0,B,66H,374.393,"N-{3-[(2E,4R)-2-imino-1-methyl-5-oxo-4-phenylimidazolidin-4-yl]phenyl}furan-2-carboxamide"
BACE1,5hu1,A,66F,409.41,"N-{3-[(5R)-3-amino-2,5-dimethyl-1,1-dioxido-5,6-dihydro-2H-1,2,4-thiadiazin-5-yl]-4-fluorophenyl}-5-fluoropyridine-2-carboxamide"
BACE1,5hu1,B,66F,409.41,"N-{3-[(5R)-3-amino-2,5-dimethyl-1,1-dioxido-5,6-dihydro-2H-1,2,4-thiadiazin-5-yl]-4-fluorophenyl}-5-fluoropyridine-2-carboxamide"
BACE1,5i3v,A,68M,404.548,"(2R)-3-[2-amino-6-(3-methylpyridin-2-yl)quinolin-3-yl]-N-(3,3-dimethylbutyl)-2-methylpropanamide"
BACE1,5i3w,A,68L,489.91,"N-[(5S)-2'-amino-3-(5,6-dihydro-2H-pyran-3-yl)-5'H-spiro[1-benzopyrano[2,3-c]pyridine-5,4'-[1,3]oxazol]-7-yl]-5-chloropyridine-2-carboxamide"
BACE1,5i3x,A,68J,590.73,"N-(1-{3-[2-(2-amino-3-{3-[(3,3-dimethylbutyl)amino]-3-oxopropyl}quinolin-6-yl)phenyl]prop-2-yn-1-yl}cyclopropyl)-4-fluorobenzamide"
BACE1,5i3y,A,68K,617.755,"N-(6-{2-[2-(2-amino-3-{3-[(3,3-dimethylbutyl)amino]-3-oxopropyl}quinolin-6-yl)phenyl]ethyl}pyridin-3-yl)-4-fluorobenzamide"
BACE1,5ie1,A,6BS,389.533,"3-[2-amino-6-(2-methylphenyl)quinolin-3-yl]-N-(3,3-dimethylbutyl)propanamide"
BACE1,5kqf,A,6WD,320.36,"(4~{S},6~{S})-4-[2,4-bis(fluoranyl)phenyl]-4-methyl-6-pyrimidin-5-yl-5,6-dihydro-1,3-thiazin-2-amine"
BACE1,5kr8,A,6WE,337.387,"(4~{S},6~{S})-4-[2,4-bis(fluoranyl)phenyl]-6-(3,5-dimethyl-1,2-oxazol-4-yl)-4-methyl-5,6-dihydro-1,3-thiazin-2-amine"
BACE1,5mco,A,BSD,658.807,"N-{(1S,2R)-1-benzyl-2-hydroxy-3-[(3-methoxybenzyl)amino]propyl}-5-[methyl(methylsulfonyl)amino]-N'-[(1R)-1-phenylethyl]benzene-1,3-dicarboxamide"
BACE1,5mxd,A,III,242.32,"~{N},~{N}-dimethyl-2-pyrrolidin-1-yl-quinazolin-4-amine"
BACE1,5mxd,B,III,242.32,"~{N},~{N}-dimethyl-2-pyrrolidin-1-yl-quinazolin-4-amine"
BACE1,5mxd,C,III,242.32,"~{N},~{N}-dimethyl-2-pyrrolidin-1-yl-quinazolin-4-amine"
BACE1,5qco,A,E4A,569.734,"(4S)-19-acetyl-4-[(1R)-1-hydroxy-2-({1-[3-(propan-2-yl)phenyl]cyclopropyl}amino)ethyl]-11-oxa-3,16-diazatricyclo[15.3.1.1~6,10~]docosa-1(21),6(22),7,9,17,19-hexaen-2-one"
BACE1,5qco,B,E4A,569.734,"(4S)-19-acetyl-4-[(1R)-1-hydroxy-2-({1-[3-(propan-2-yl)phenyl]cyclopropyl}amino)ethyl]-11-oxa-3,16-diazatricyclo[15.3.1.1~6,10~]docosa-1(21),6(22),7,9,17,19-hexaen-2-one"
BACE1,5qco,C,E4A,569.734,"(4S)-19-acetyl-4-[(1R)-1-hydroxy-2-({1-[3-(propan-2-yl)phenyl]cyclopropyl}amino)ethyl]-11-oxa-3,16-diazatricyclo[15.3.1.1~6,10~]docosa-1(21),6(22),7,9,17,19-hexaen-2-one"
BACE1,5qcp,A,E4G,574.707,"(4S)-4-[(1R)-1-hydroxy-2-({[3-(propan-2-yl)phenyl]methyl}amino)ethyl]-19-(2-oxopropoxy)-11,16-dioxa-3-azatricyclo[15.3.1.1~6,10~]docosa-1(21),6(22),7,9,17,19-hexaen-2-one"
BACE1,5qcp,B,E4G,574.707,"(4S)-4-[(1R)-1-hydroxy-2-({[3-(propan-2-yl)phenyl]methyl}amino)ethyl]-19-(2-oxopropoxy)-11,16-dioxa-3-azatricyclo[15.3.1.1~6,10~]docosa-1(21),6(22),7,9,17,19-hexaen-2-one"
BACE1,5qcp,C,E4G,574.707,"(4S)-4-[(1R)-1-hydroxy-2-({[3-(propan-2-yl)phenyl]methyl}amino)ethyl]-19-(2-oxopropoxy)-11,16-dioxa-3-azatricyclo[15.3.1.1~6,10~]docosa-1(21),6(22),7,9,17,19-hexaen-2-one"
BACE1,5qcq,A,AFJ,487.739,"(2R,4S,5S)-N-butyl-4-hydroxy-2,7-dimethyl-5-{[N-(4-methylpentanoyl)-L-methionyl]amino}octanamide"
BACE1,5qcq,B,AFJ,487.739,"(2R,4S,5S)-N-butyl-4-hydroxy-2,7-dimethyl-5-{[N-(4-methylpentanoyl)-L-methionyl]amino}octanamide"
BACE1,5qcq,C,AFJ,487.739,"(2R,4S,5S)-N-butyl-4-hydroxy-2,7-dimethyl-5-{[N-(4-methylpentanoyl)-L-methionyl]amino}octanamide"
BACE1,5qcr,A,E4J,498.657,"2-(butylamino)-N-[(2S,3S,5R)-6-(butylamino)-3-hydroxy-5-methyl-6-oxo-1-phenylhexan-2-yl]-6-methoxypyridine-4-carboxamide"
BACE1,5qcr,B,E4J,498.657,"2-(butylamino)-N-[(2S,3S,5R)-6-(butylamino)-3-hydroxy-5-methyl-6-oxo-1-phenylhexan-2-yl]-6-methoxypyridine-4-carboxamide"
BACE1,5qcr,C,E4J,498.657,"2-(butylamino)-N-[(2S,3S,5R)-6-(butylamino)-3-hydroxy-5-methyl-6-oxo-1-phenylhexan-2-yl]-6-methoxypyridine-4-carboxamide"
BACE1,5qcs,A,AXF,514.745,"(2R,4S)-N-BUTYL-4-HYDROXY-2-METHYL- 4-((E)-(4AS,12R,15S,17AS)-15-METHYL -14,17-DIOXO-2,3,4,4A,6,9,11,12,13, 14,15,16,17,17A-TETRADECAHYDRO-1H-5 ,10-DITHIA-1,13,16-TRIAZA-BENZOCYCL OPENTADECEN-12-YL)-BUTYRAMIDE"
BACE1,5qcs,B,AXF,514.745,"(2R,4S)-N-BUTYL-4-HYDROXY-2-METHYL- 4-((E)-(4AS,12R,15S,17AS)-15-METHYL -14,17-DIOXO-2,3,4,4A,6,9,11,12,13, 14,15,16,17,17A-TETRADECAHYDRO-1H-5 ,10-DITHIA-1,13,16-TRIAZA-BENZOCYCL OPENTADECEN-12-YL)-BUTYRAMIDE"
BACE1,5qcs,C,AXF,514.745,"(2R,4S)-N-BUTYL-4-HYDROXY-2-METHYL- 4-((E)-(4AS,12R,15S,17AS)-15-METHYL -14,17-DIOXO-2,3,4,4A,6,9,11,12,13, 14,15,16,17,17A-TETRADECAHYDRO-1H-5 ,10-DITHIA-1,13,16-TRIAZA-BENZOCYCL OPENTADECEN-12-YL)-BUTYRAMIDE"
BACE1,5qct,A,E4Y,531.727,"(2R,4S)-N-butyl-4-[(4S,6R)-16-ethoxy-12-ethyl-6-methyl-2,13-dioxo-3,12-diazabicyclo[12.3.1]octadeca-1(18),14,16-trien-4-yl]-4-hydroxy-2-methylbutanamide"
BACE1,5qct,B,E4Y,531.727,"(2R,4S)-N-butyl-4-[(4S,6R)-16-ethoxy-12-ethyl-6-methyl-2,13-dioxo-3,12-diazabicyclo[12.3.1]octadeca-1(18),14,16-trien-4-yl]-4-hydroxy-2-methylbutanamide"
BACE1,5qct,C,E4Y,531.727,"(2R,4S)-N-butyl-4-[(4S,6R)-16-ethoxy-12-ethyl-6-methyl-2,13-dioxo-3,12-diazabicyclo[12.3.1]octadeca-1(18),14,16-trien-4-yl]-4-hydroxy-2-methylbutanamide"
BACE1,5qcu,A,E51,494.687,"(2R,4S)-N-butyl-4-[(5S,8S,10R)-5,10-dimethyl-3,3,6-trioxo-3lambda~6~-thia-7-azabicyclo[11.3.1]heptadeca-1(17),13,15-trien-8-yl]-4-hydroxy-2-methylbutanamide"
BACE1,5qcu,B,E51,494.687,"(2R,4S)-N-butyl-4-[(5S,8S,10R)-5,10-dimethyl-3,3,6-trioxo-3lambda~6~-thia-7-azabicyclo[11.3.1]heptadeca-1(17),13,15-trien-8-yl]-4-hydroxy-2-methylbutanamide"
BACE1,5qcu,C,E51,494.687,"(2R,4S)-N-butyl-4-[(5S,8S,10R)-5,10-dimethyl-3,3,6-trioxo-3lambda~6~-thia-7-azabicyclo[11.3.1]heptadeca-1(17),13,15-trien-8-yl]-4-hydroxy-2-methylbutanamide"
BACE1,5qcv,A,E5A,509.68,"(10S,13S)-13-[(1R)-1-hydroxy-2-({[3-(propan-2-yl)phenyl]methyl}amino)ethyl]-9,10-dimethyl-2-oxa-9,12-diazabicyclo[13.3.1]nonadeca-1(19),15,17-triene-8,11-dione"
BACE1,5qcv,B,E5A,509.68,"(10S,13S)-13-[(1R)-1-hydroxy-2-({[3-(propan-2-yl)phenyl]methyl}amino)ethyl]-9,10-dimethyl-2-oxa-9,12-diazabicyclo[13.3.1]nonadeca-1(19),15,17-triene-8,11-dione"
BACE1,5qcv,C,E5A,509.68,"(10S,13S)-13-[(1R)-1-hydroxy-2-({[3-(propan-2-yl)phenyl]methyl}amino)ethyl]-9,10-dimethyl-2-oxa-9,12-diazabicyclo[13.3.1]nonadeca-1(19),15,17-triene-8,11-dione"
BACE1,5qcw,A,AR9,439.632,"(2R,4S)-N-butyl-4-[(2S,5S,7R)-2,7-dimethyl-3,15-dioxo-1,4-diazacyclopentadecan-5-yl]-4-hydroxy-2-methylbutanamide"
BACE1,5qcw,B,AR9,439.632,"(2R,4S)-N-butyl-4-[(2S,5S,7R)-2,7-dimethyl-3,15-dioxo-1,4-diazacyclopentadecan-5-yl]-4-hydroxy-2-methylbutanamide"
BACE1,5qcw,C,AR9,439.632,"(2R,4S)-N-butyl-4-[(2S,5S,7R)-2,7-dimethyl-3,15-dioxo-1,4-diazacyclopentadecan-5-yl]-4-hydroxy-2-methylbutanamide"
BACE1,5qcx,A,E5D,507.707,"(9R,11S)-3-ethyl-11-[(1R)-1-hydroxy-2-({[3-(propan-2-yl)phenyl]methyl}amino)ethyl]-9-methyl-3,12-diazabicyclo[12.3.1]octadeca-1(18),14,16-triene-2,13-dione"
BACE1,5qcx,B,E5D,507.707,"(9R,11S)-3-ethyl-11-[(1R)-1-hydroxy-2-({[3-(propan-2-yl)phenyl]methyl}amino)ethyl]-9-methyl-3,12-diazabicyclo[12.3.1]octadeca-1(18),14,16-triene-2,13-dione"
BACE1,5qcx,C,E5D,507.707,"(9R,11S)-3-ethyl-11-[(1R)-1-hydroxy-2-({[3-(propan-2-yl)phenyl]methyl}amino)ethyl]-9-methyl-3,12-diazabicyclo[12.3.1]octadeca-1(18),14,16-triene-2,13-dione"
BACE1,5qcy,A,E5P,650.849,"(9R,11S)-11-[(1R)-1-hydroxy-2-({[3-(propan-2-yl)phenyl]methyl}amino)ethyl]-9-methyl-16-(1,3-oxazol-2-yl)-3-[(1R)-1-phenylethyl]-3,12-diazabicyclo[12.3.1]octadeca-1(18),14,16-triene-2,13-dione"
BACE1,5qcy,B,E5P,650.849,"(9R,11S)-11-[(1R)-1-hydroxy-2-({[3-(propan-2-yl)phenyl]methyl}amino)ethyl]-9-methyl-16-(1,3-oxazol-2-yl)-3-[(1R)-1-phenylethyl]-3,12-diazabicyclo[12.3.1]octadeca-1(18),14,16-triene-2,13-dione"
BACE1,5qcy,C,E5P,650.849,"(9R,11S)-11-[(1R)-1-hydroxy-2-({[3-(propan-2-yl)phenyl]methyl}amino)ethyl]-9-methyl-16-(1,3-oxazol-2-yl)-3-[(1R)-1-phenylethyl]-3,12-diazabicyclo[12.3.1]octadeca-1(18),14,16-triene-2,13-dione"
BACE1,5qcz,A,E5V,513.626,"(4S)-4-{(S)-hydroxy[(3R,6R)-6-(methoxymethyl)morpholin-3-yl]methyl}-19-(methoxymethyl)-11-oxa-3,16-diazatricyclo[15.3.1.1~6,10~]docosa-1(21),6(22),7,9,17,19-hexaen-2-one"
BACE1,5qcz,B,E5V,513.626,"(4S)-4-{(S)-hydroxy[(3R,6R)-6-(methoxymethyl)morpholin-3-yl]methyl}-19-(methoxymethyl)-11-oxa-3,16-diazatricyclo[15.3.1.1~6,10~]docosa-1(21),6(22),7,9,17,19-hexaen-2-one"
BACE1,5qcz,C,E5V,513.626,"(4S)-4-{(S)-hydroxy[(3R,6R)-6-(methoxymethyl)morpholin-3-yl]methyl}-19-(methoxymethyl)-11-oxa-3,16-diazatricyclo[15.3.1.1~6,10~]docosa-1(21),6(22),7,9,17,19-hexaen-2-one"
BACE1,5qd0,A,E5Y,479.656,"(5S,8S,10R)-8-[(1R)-1-hydroxy-2-{[(5-propyl-1H-pyrazol-3-yl)methyl]amino}ethyl]-4,5,10-trimethyl-1-oxa-4,7-diazacyclohexadecane-3,6-dione"
BACE1,5qd0,B,E5Y,479.656,"(5S,8S,10R)-8-[(1R)-1-hydroxy-2-{[(5-propyl-1H-pyrazol-3-yl)methyl]amino}ethyl]-4,5,10-trimethyl-1-oxa-4,7-diazacyclohexadecane-3,6-dione"
BACE1,5qd0,C,E5Y,479.656,"(5S,8S,10R)-8-[(1R)-1-hydroxy-2-{[(5-propyl-1H-pyrazol-3-yl)methyl]amino}ethyl]-4,5,10-trimethyl-1-oxa-4,7-diazacyclohexadecane-3,6-dione"
BACE1,5qd1,A,E61,525.723,"(10S,12S)-12-[(1R)-1-hydroxy-2-({[3-(propan-2-yl)phenyl]methyl}amino)ethyl]-17-(methoxymethyl)-10-methyl-7-oxa-2,13-diazabicyclo[13.3.1]nonadeca-1(19),15,17-trien-14-one"
BACE1,5qd1,B,E61,525.723,"(10S,12S)-12-[(1R)-1-hydroxy-2-({[3-(propan-2-yl)phenyl]methyl}amino)ethyl]-17-(methoxymethyl)-10-methyl-7-oxa-2,13-diazabicyclo[13.3.1]nonadeca-1(19),15,17-trien-14-one"
BACE1,5qd1,C,E61,525.723,"(10S,12S)-12-[(1R)-1-hydroxy-2-({[3-(propan-2-yl)phenyl]methyl}amino)ethyl]-17-(methoxymethyl)-10-methyl-7-oxa-2,13-diazabicyclo[13.3.1]nonadeca-1(19),15,17-trien-14-one"
BACE1,5qd2,A,E6J,546.697,"(4S)-4-[(1R)-1-hydroxy-2-({[3-(propan-2-yl)phenyl]methyl}amino)ethyl]-19-(methoxymethyl)-11,16-dioxa-3-azatricyclo[15.3.1.1~6,10~]docosa-1(21),6(22),7,9,17,19-hexaen-2-one"
BACE1,5qd2,B,E6J,546.697,"(4S)-4-[(1R)-1-hydroxy-2-({[3-(propan-2-yl)phenyl]methyl}amino)ethyl]-19-(methoxymethyl)-11,16-dioxa-3-azatricyclo[15.3.1.1~6,10~]docosa-1(21),6(22),7,9,17,19-hexaen-2-one"
BACE1,5qd2,C,E6J,546.697,"(4S)-4-[(1R)-1-hydroxy-2-({[3-(propan-2-yl)phenyl]methyl}amino)ethyl]-19-(methoxymethyl)-11,16-dioxa-3-azatricyclo[15.3.1.1~6,10~]docosa-1(21),6(22),7,9,17,19-hexaen-2-one"
BACE1,5qd4,A,AXQ,673.928,"{(E)-(3R,6S,9R)-3-[(1S,3R)-3-((S)-1 -BUTYLCARBAMOYL-2-METHYL-PROPYLCARB AMOYL)-1-HYDROXY-BUTYL]-6-METHYL-5, 8-DIOXO-1,11-DITHIA-4,7-DIAZA-CYCLO PENTADEC-13-EN-9-YL}-CARBAMIC ACID TERT-BUTYL ESTER"
BACE1,5qd4,B,AXQ,673.928,"{(E)-(3R,6S,9R)-3-[(1S,3R)-3-((S)-1 -BUTYLCARBAMOYL-2-METHYL-PROPYLCARB AMOYL)-1-HYDROXY-BUTYL]-6-METHYL-5, 8-DIOXO-1,11-DITHIA-4,7-DIAZA-CYCLO PENTADEC-13-EN-9-YL}-CARBAMIC ACID TERT-BUTYL ESTER"
BACE1,5qd4,C,AXQ,673.928,"{(E)-(3R,6S,9R)-3-[(1S,3R)-3-((S)-1 -BUTYLCARBAMOYL-2-METHYL-PROPYLCARB AMOYL)-1-HYDROXY-BUTYL]-6-METHYL-5, 8-DIOXO-1,11-DITHIA-4,7-DIAZA-CYCLO PENTADEC-13-EN-9-YL}-CARBAMIC ACID TERT-BUTYL ESTER"
BACE1,5qd3,A,E6M,523.75,"(10R,12S)-12-[(1R)-1-hydroxy-2-({[3-(propan-2-yl)phenyl]methyl}amino)ethyl]-17-(methoxymethyl)-10-methyl-2,13-diazabicyclo[13.3.1]nonadeca-1(19),15,17-trien-14-one"
BACE1,5qd3,B,E6M,523.75,"(10R,12S)-12-[(1R)-1-hydroxy-2-({[3-(propan-2-yl)phenyl]methyl}amino)ethyl]-17-(methoxymethyl)-10-methyl-2,13-diazabicyclo[13.3.1]nonadeca-1(19),15,17-trien-14-one"
BACE1,5qd3,C,E6M,523.75,"(10R,12S)-12-[(1R)-1-hydroxy-2-({[3-(propan-2-yl)phenyl]methyl}amino)ethyl]-17-(methoxymethyl)-10-methyl-2,13-diazabicyclo[13.3.1]nonadeca-1(19),15,17-trien-14-one"
BACE1,5qd5,A,E6P,517.103,"(10S,12S)-17-chloro-12-[(1R)-1-hydroxy-2-({[3-(propan-2-yl)phenyl]methyl}amino)ethyl]-10-methyl-7-oxa-2,13,18-triazabicyclo[13.3.1]nonadeca-1(19),15,17-trien-14-one"
BACE1,5qd5,B,E6P,517.103,"(10S,12S)-17-chloro-12-[(1R)-1-hydroxy-2-({[3-(propan-2-yl)phenyl]methyl}amino)ethyl]-10-methyl-7-oxa-2,13,18-triazabicyclo[13.3.1]nonadeca-1(19),15,17-trien-14-one"
BACE1,5qd5,C,E6P,517.103,"(10S,12S)-17-chloro-12-[(1R)-1-hydroxy-2-({[3-(propan-2-yl)phenyl]methyl}amino)ethyl]-10-methyl-7-oxa-2,13,18-triazabicyclo[13.3.1]nonadeca-1(19),15,17-trien-14-one"
BACE1,5qd6,A,E6S,503.717,"(3S,14R,16S)-16-[1,1-dihydroxy-2-({[3-(propan-2-yl)phenyl]methyl}amino)ethyl]-3,4,14-trimethyl-1,4-diazacyclohexadecane-2,5-dione"
BACE1,5qd6,B,E6S,503.717,"(3S,14R,16S)-16-[1,1-dihydroxy-2-({[3-(propan-2-yl)phenyl]methyl}amino)ethyl]-3,4,14-trimethyl-1,4-diazacyclohexadecane-2,5-dione"
BACE1,5qd6,C,E6S,503.717,"(3S,14R,16S)-16-[1,1-dihydroxy-2-({[3-(propan-2-yl)phenyl]methyl}amino)ethyl]-3,4,14-trimethyl-1,4-diazacyclohexadecane-2,5-dione"
BACE1,5qd7,A,0BI,571.749,"(4S)-4-[(1R)-1-hydroxy-2-({1-[3-(1-methylethyl)phenyl]cyclopropyl}amino)ethyl]-19-(methoxymethyl)-11-oxa-3,16-diazatric yclo[15.3.1.1~6,10~]docosa-1(21),6(22),7,9,17,19-hexaen-2-one"
BACE1,5qd7,B,0BI,571.749,"(4S)-4-[(1R)-1-hydroxy-2-({1-[3-(1-methylethyl)phenyl]cyclopropyl}amino)ethyl]-19-(methoxymethyl)-11-oxa-3,16-diazatric yclo[15.3.1.1~6,10~]docosa-1(21),6(22),7,9,17,19-hexaen-2-one"
BACE1,5qd7,C,0BI,571.749,"(4S)-4-[(1R)-1-hydroxy-2-({1-[3-(1-methylethyl)phenyl]cyclopropyl}amino)ethyl]-19-(methoxymethyl)-11-oxa-3,16-diazatric yclo[15.3.1.1~6,10~]docosa-1(21),6(22),7,9,17,19-hexaen-2-one"
BACE1,5qd8,A,E6V,557.807,"(3S,14R,16S)-16-[(1R)-2-{[(4S)-2,2-dimethyl-6-(propan-2-yl)-3,4-dihydro-2H-1-benzopyran-4-yl]amino}-1-hydroxyethyl]-3,4,14-trimethyl-1,4-diazacyclohexadecane-2,5-dione"
BACE1,5qd8,B,E6V,557.807,"(3S,14R,16S)-16-[(1R)-2-{[(4S)-2,2-dimethyl-6-(propan-2-yl)-3,4-dihydro-2H-1-benzopyran-4-yl]amino}-1-hydroxyethyl]-3,4,14-trimethyl-1,4-diazacyclohexadecane-2,5-dione"
BACE1,5qd8,C,E6V,557.807,"(3S,14R,16S)-16-[(1R)-2-{[(4S)-2,2-dimethyl-6-(propan-2-yl)-3,4-dihydro-2H-1-benzopyran-4-yl]amino}-1-hydroxyethyl]-3,4,14-trimethyl-1,4-diazacyclohexadecane-2,5-dione"
BACE1,5qd9,A,E6Y,529.754,"(5S,8S,10R)-8-[(1R)-2-{[1-(3-tert-butylphenyl)cyclopropyl]amino}-1-hydroxyethyl]-4,5,10-trimethyl-1-oxa-4,7-diazacyclohexadecane-3,6-dione"
BACE1,5qd9,B,E6Y,529.754,"(5S,8S,10R)-8-[(1R)-2-{[1-(3-tert-butylphenyl)cyclopropyl]amino}-1-hydroxyethyl]-4,5,10-trimethyl-1-oxa-4,7-diazacyclohexadecane-3,6-dione"
BACE1,5qd9,C,E6Y,529.754,"(5S,8S,10R)-8-[(1R)-2-{[1-(3-tert-butylphenyl)cyclopropyl]amino}-1-hydroxyethyl]-4,5,10-trimethyl-1-oxa-4,7-diazacyclohexadecane-3,6-dione"
BACE1,5qda,A,E74,516.674,"(4S)-4-[(1R)-1-hydroxy-2-({[3-(propan-2-yl)phenyl]methyl}amino)ethyl]-18-methoxy-3,15,17-triazatricyclo[14.3.1.1~6,10~]henicosa-1(20),6(21),7,9,16,18-hexaen-2-one"
BACE1,5qda,B,E74,516.674,"(4S)-4-[(1R)-1-hydroxy-2-({[3-(propan-2-yl)phenyl]methyl}amino)ethyl]-18-methoxy-3,15,17-triazatricyclo[14.3.1.1~6,10~]henicosa-1(20),6(21),7,9,16,18-hexaen-2-one"
BACE1,5qda,C,E74,516.674,"(4S)-4-[(1R)-1-hydroxy-2-({[3-(propan-2-yl)phenyl]methyl}amino)ethyl]-18-methoxy-3,15,17-triazatricyclo[14.3.1.1~6,10~]henicosa-1(20),6(21),7,9,16,18-hexaen-2-one"
BACE1,5qdb,A,BAV,487.718,"(3S,14R,16S)-16-[(1R)-1-hydroxy-2-{[3-(1-methylethyl)benzyl]amino}ethyl]-3,4,14-trimethyl-1,4-diazacyclohexadecane-2,5- dione"
BACE1,5qdb,B,BAV,487.718,"(3S,14R,16S)-16-[(1R)-1-hydroxy-2-{[3-(1-methylethyl)benzyl]amino}ethyl]-3,4,14-trimethyl-1,4-diazacyclohexadecane-2,5- dione"
BACE1,5qdb,C,BAV,487.718,"(3S,14R,16S)-16-[(1R)-1-hydroxy-2-{[3-(1-methylethyl)benzyl]amino}ethyl]-3,4,14-trimethyl-1,4-diazacyclohexadecane-2,5- dione"
BACE1,5qdc,A,E77,442.505,"(4S)-4-[(1R)-1,2-dihydroxyethyl]-N,N-dimethyl-2-oxo-11,16-dioxa-3-azatricyclo[15.3.1.1~6,10~]docosa-1(21),6(22),7,9,17,19-hexaene-19-carboxamide"
BACE1,5qdc,B,E77,442.505,"(4S)-4-[(1R)-1,2-dihydroxyethyl]-N,N-dimethyl-2-oxo-11,16-dioxa-3-azatricyclo[15.3.1.1~6,10~]docosa-1(21),6(22),7,9,17,19-hexaene-19-carboxamide"
BACE1,5qdc,C,E77,442.505,"(4S)-4-[(1R)-1,2-dihydroxyethyl]-N,N-dimethyl-2-oxo-11,16-dioxa-3-azatricyclo[15.3.1.1~6,10~]docosa-1(21),6(22),7,9,17,19-hexaene-19-carboxamide"
BACE1,5qdd,A,E7A,420.542,"(10R,12S)-12-[(1R)-1,2-dihydroxyethyl]-N,N,10-trimethyl-14-oxo-2-oxa-13-azabicyclo[13.3.1]nonadeca-1(19),15,17-triene-17-carboxamide"
BACE1,5qdd,B,E7A,420.542,"(10R,12S)-12-[(1R)-1,2-dihydroxyethyl]-N,N,10-trimethyl-14-oxo-2-oxa-13-azabicyclo[13.3.1]nonadeca-1(19),15,17-triene-17-carboxamide"
BACE1,5qdd,C,E7A,420.542,"(10R,12S)-12-[(1R)-1,2-dihydroxyethyl]-N,N,10-trimethyl-14-oxo-2-oxa-13-azabicyclo[13.3.1]nonadeca-1(19),15,17-triene-17-carboxamide"
BACE1,5t1u,A,P6U,379.391,"(4S)-4-[2,4-difluoro-5-({[1-(trifluoromethyl)cyclopropyl]amino}methyl)phenyl]-4-methyl-5,6-dihydro-4H-1,3-thiazin-2-amine"
BACE1,5t1w,A,74B,427.408,"(4aR,6R,8aS)-8a-(2,4-difluoro-5-{[(2,2,2-trifluoroethyl)amino]methyl}phenyl)-6-(fluoromethyl)-4,4a,5,6,8,8a-hexahydropyrano[3,4-d][1,3]thiazin-2-amine"
BACE1,5tft,A,P6U,379.391,"(4S)-4-[2,4-difluoro-5-({[1-(trifluoromethyl)cyclopropyl]amino}methyl)phenyl]-4-methyl-5,6-dihydro-4H-1,3-thiazin-2-amine"
BACE1,5tft,B,P6U,379.391,"(4S)-4-[2,4-difluoro-5-({[1-(trifluoromethyl)cyclopropyl]amino}methyl)phenyl]-4-methyl-5,6-dihydro-4H-1,3-thiazin-2-amine"
BACE1,5tft,C,P6U,379.391,"(4S)-4-[2,4-difluoro-5-({[1-(trifluoromethyl)cyclopropyl]amino}methyl)phenyl]-4-methyl-5,6-dihydro-4H-1,3-thiazin-2-amine"
BACE1,5tft,D,P6U,379.391,"(4S)-4-[2,4-difluoro-5-({[1-(trifluoromethyl)cyclopropyl]amino}methyl)phenyl]-4-methyl-5,6-dihydro-4H-1,3-thiazin-2-amine"
BACE1,5tfu,A,P6M,393.418,"(4S,6R)-4-[2,4-difluoro-5-({[1-(trifluoromethyl)cyclopropyl]amino}methyl)phenyl]-4,6-dimethyl-5,6-dihydro-4H-1,3-thiazin-2-amine"
BACE1,5tfu,B,P6M,393.418,"(4S,6R)-4-[2,4-difluoro-5-({[1-(trifluoromethyl)cyclopropyl]amino}methyl)phenyl]-4,6-dimethyl-5,6-dihydro-4H-1,3-thiazin-2-amine"
BACE1,5tfu,C,P6M,393.418,"(4S,6R)-4-[2,4-difluoro-5-({[1-(trifluoromethyl)cyclopropyl]amino}methyl)phenyl]-4,6-dimethyl-5,6-dihydro-4H-1,3-thiazin-2-amine"
BACE1,5tfu,D,P6M,393.418,"(4S,6R)-4-[2,4-difluoro-5-({[1-(trifluoromethyl)cyclopropyl]amino}methyl)phenyl]-4,6-dimethyl-5,6-dihydro-4H-1,3-thiazin-2-amine"
BACE1,5tol,A,7H3,451.313,"N-{3-[(4aR,7aR)-2-amino-4,4a,5,6-tetrahydro-7aH-furo[2,3-d][1,3]thiazin-7a-yl]-4-fluorophenyl}-5-bromopyridine-2-carboxamide"
BACE1,5uyu,A,8QV,450.489,"(5S)-3-(3,6-dihydro-2H-pyran-4-yl)-7-[5-(prop-1-yn-1-yl)pyridin-3-yl]-5'H-spiro[1-benzopyrano[2,3-c]pyridine-5,4'-[1,3]oxazol]-2'-amine"
BACE1,5v0n,A,8W4,657.822,"N-{(1S,2S)-1-[(2S)-4-benzyl-3-oxopiperazin-2-yl]-1-hydroxy-3-phenylpropan-2-yl}-7-ethyl-1,3,3-trimethyl-2,2-dioxo-1,2,3,4-tetrahydro-2lambda~6~-[1,2,5]thiadiazepino[3,4,5-hi]indole-9-carboxamide"
BACE1,5v0n,B,8W4,657.822,"N-{(1S,2S)-1-[(2S)-4-benzyl-3-oxopiperazin-2-yl]-1-hydroxy-3-phenylpropan-2-yl}-7-ethyl-1,3,3-trimethyl-2,2-dioxo-1,2,3,4-tetrahydro-2lambda~6~-[1,2,5]thiadiazepino[3,4,5-hi]indole-9-carboxamide"
BACE1,5v0n,C,8W4,657.822,"N-{(1S,2S)-1-[(2S)-4-benzyl-3-oxopiperazin-2-yl]-1-hydroxy-3-phenylpropan-2-yl}-7-ethyl-1,3,3-trimethyl-2,2-dioxo-1,2,3,4-tetrahydro-2lambda~6~-[1,2,5]thiadiazepino[3,4,5-hi]indole-9-carboxamide"
BACE1,5ygx,A,0B5,459.37,"~{N}-[3-[(4~{R},5~{R},6~{S})-2-azanyl-6-[1,1-bis(fluoranyl)ethyl]-5-fluoranyl-4-methyl-5,6-dihydro-1,3-oxazin-4-yl]-4-fluoranyl-phenyl]-5-(fluoranylmethoxy)pyrazine-2-carboxamide"
BACE1,5ygy,A,0B6,383.352,"~{N}-[3-[(4~{S})-2-azanyl-6-(fluoranylmethyl)-4-methyl-1,3-oxazin-4-yl]-4-fluoranyl-phenyl]-5-cyano-pyridine-2-carboxamide"
BACE1,6bfd,A,DJS,474.616,"2-{[(2S)-butan-2-yl]amino}-N-{(1R,2S)-1-hydroxy-3-phenyl-1-[(2R)-pyrrolidin-2-yl]propan-2-yl}-6-(methylsulfonyl)pyridine-4-carboxamide"
BACE1,6bfd,B,DJS,474.616,"2-{[(2S)-butan-2-yl]amino}-N-{(1R,2S)-1-hydroxy-3-phenyl-1-[(2R)-pyrrolidin-2-yl]propan-2-yl}-6-(methylsulfonyl)pyridine-4-carboxamide"
BACE1,6bfe,A,DJV,410.498,"N-[(1R,2S)-1-[(2R,4R)-4-(cyclohexylmethoxy)pyrrolidin-2-yl]-3-(3,5-difluorophenyl)-1-hydroxypropan-2-yl]acetamide"
BACE1,6bfe,B,DJV,410.498,"N-[(1R,2S)-1-[(2R,4R)-4-(cyclohexylmethoxy)pyrrolidin-2-yl]-3-(3,5-difluorophenyl)-1-hydroxypropan-2-yl]acetamide"
BACE1,6bfw,A,DK7,426.497,"N-[(1S,2S)-1-[(3R,6R)-6-(cyclohexylmethoxy)morpholin-3-yl]-3-(3,5-difluorophenyl)-1-hydroxypropan-2-yl]acetamide"
BACE1,6bfw,B,DK7,426.497,"N-[(1S,2S)-1-[(3R,6R)-6-(cyclohexylmethoxy)morpholin-3-yl]-3-(3,5-difluorophenyl)-1-hydroxypropan-2-yl]acetamide"
BACE1,6bfx,A,DKJ,414.487,"N-{(1S,2S)-3-(3,5-difluorophenyl)-1-[(3R,5S,6R)-6-(2,2-dimethylpropoxy)-5-methylmorpholin-3-yl]-1-hydroxypropan-2-yl}acetamide"
BACE1,6bfx,B,DKJ,414.487,"N-{(1S,2S)-3-(3,5-difluorophenyl)-1-[(3R,5S,6R)-6-(2,2-dimethylpropoxy)-5-methylmorpholin-3-yl]-1-hydroxypropan-2-yl}acetamide"
BACE1,6c2i,A,EJ7,371.366,"N-{3-[(1R,5S,6R)-3-amino-5-methyl-2-oxa-4-azabicyclo[4.1.0]hept-3-en-5-yl]-4-fluorophenyl}-5-methoxypyrazine-2-carboxamide"
BACE1,6dhc,A,GHJ,615.825,"(3R,3aR,6aS)-N-[(4R,7S,8S,10R,13S)-8-hydroxy-10,17-dimethyl-7-(2-methylpropyl)-5,11,14-trioxo-13-(propan-2-yl)-2-thia-6,12,15-triazaoctadecan-4-yl]hexahydrofuro[3,2-d][1,2]oxazole-3-carboxamide"
BACE1,6dhc,B,GHJ,615.825,"(3R,3aR,6aS)-N-[(4R,7S,8S,10R,13S)-8-hydroxy-10,17-dimethyl-7-(2-methylpropyl)-5,11,14-trioxo-13-(propan-2-yl)-2-thia-6,12,15-triazaoctadecan-4-yl]hexahydrofuro[3,2-d][1,2]oxazole-3-carboxamide"
BACE1,6dhc,C,GHJ,615.825,"(3R,3aR,6aS)-N-[(4R,7S,8S,10R,13S)-8-hydroxy-10,17-dimethyl-7-(2-methylpropyl)-5,11,14-trioxo-13-(propan-2-yl)-2-thia-6,12,15-triazaoctadecan-4-yl]hexahydrofuro[3,2-d][1,2]oxazole-3-carboxamide"
BACE1,6dmi,A,5T5,407.798,"[(1~{R},2~{R})-2-[(4~{S})-2-azanyl-4-[4-[bis(fluoranyl)methoxy]phenyl]-5~{H}-1,3-oxazol-4-yl]cyclopropyl]-(5-chloranylpyridin-3-yl)methanone"
BACE1,6e3z,A,HRV,465.229,"N-{3-[(2R,3R)-5-amino-3-methyl-2-(trifluoromethyl)-3,6-dihydro-2H-1,4-oxazin-3-yl]-4-fluorophenyl}-3,5-dichloropyridine-2-carboxamide"
BACE1,6e3z,B,HRV,465.229,"N-{3-[(2R,3R)-5-amino-3-methyl-2-(trifluoromethyl)-3,6-dihydro-2H-1,4-oxazin-3-yl]-4-fluorophenyl}-3,5-dichloropyridine-2-carboxamide"
BACE1,6e3z,C,HRV,465.229,"N-{3-[(2R,3R)-5-amino-3-methyl-2-(trifluoromethyl)-3,6-dihydro-2H-1,4-oxazin-3-yl]-4-fluorophenyl}-3,5-dichloropyridine-2-carboxamide"
BACE1,6ej2,A,B7E,378.467,compound 28
BACE1,6ej3,A,B7T,377.479,"(1r,4r)-4-methoxy-6'-(5-methyl-3-pyridinyl)-3'H-dispiro[cyclohexane-1,2'-indene-1',4''-[1,3]oxazol]-2''-amine"
BACE1,6eqm,A,BUH,513.797,"~{N}-[6-[(3~{R},6~{R})-5-azanyl-3,6-dimethyl-6-(trifluoromethyl)-2~{H}-1,4-oxazin-3-yl]-5-fluoranyl-pyridin-2-yl]-3-chloranyl-5-(trifluoromethyl)pyridine-2-carboxamide"
BACE1,6fgy,A,D9W,389.246,"~{N}-[3-[(3~{R})-5-azanyl-3-methyl-2,6-dihydro-1,4-oxazin-3-yl]phenyl]-5-bromanyl-pyridine-2-carboxamide"
BACE1,6idf,B,PC1,790.145,"1,2-DIACYL-SN-GLYCERO-3-PHOSPHOCHOLINE"
BACE1,6idf,C,PC1,790.145,"1,2-DIACYL-SN-GLYCERO-3-PHOSPHOCHOLINE"
BACE1,6idf,D,PC1,790.145,"1,2-DIACYL-SN-GLYCERO-3-PHOSPHOCHOLINE"
BACE1,6idf,C,CLR,386.654,CHOLESTEROL
BACE1,6iyc,B,PC1,790.145,"1,2-DIACYL-SN-GLYCERO-3-PHOSPHOCHOLINE"
BACE1,6iyc,C,PC1,790.145,"1,2-DIACYL-SN-GLYCERO-3-PHOSPHOCHOLINE"
BACE1,6iyc,C,CLR,386.654,CHOLESTEROL
BACE1,6jse,A,C6R,469.507,"N-[3-[(4S,5R)-2-azanyl-4-methyl-5-phenyl-5,6-dihydro-1,3-thiazin-4-yl]-4-fluoranyl-phenyl]-5-(fluoranylmethoxy)pyrazine-2-carboxamide"
BACE1,6jsf,A,C7X,469.507,"N-[3-[(4S,5S)-2-azanyl-4-methyl-5-phenyl-5,6-dihydro-1,3-thiazin-4-yl]-4-fluoranyl-phenyl]-5-(fluoranylmethoxy)pyrazine-2-carboxamide"
BACE1,6jsg,A,C6U,378.852,"N-[3-[(4S)-2-azanyl-4-methyl-5,6-dihydro-1,3-thiazin-4-yl]-4-fluoranyl-phenyl]-5-chloranyl-pyridine-2-carboxamide"
BACE1,6jsn,A,C7O,511.565,"N-[3-[(5R)-3-azanyl-5-methyl-9,9-bis(oxidanylidene)-2,9$l^{6}-dithia-4-azaspiro[5.5]undec-3-en-5-yl]-4-fluoranyl-phenyl]-5-(fluoranylmethoxy)pyrazine-2-carboxamide"
BACE1,6jsz,A,C7O,511.565,"N-[3-[(5R)-3-azanyl-5-methyl-9,9-bis(oxidanylidene)-2,9$l^{6}-dithia-4-azaspiro[5.5]undec-3-en-5-yl]-4-fluoranyl-phenyl]-5-(fluoranylmethoxy)pyrazine-2-carboxamide"
BACE1,6jt3,A,C83,425.428,"N-[3-[(4R,5R,6R)-2-azanyl-5-fluoranyl-4,6-dimethyl-5,6-dihydro-1,3-thiazin-4-yl]-4-fluoranyl-phenyl]-5-(fluoranylmethoxy)pyrazine-2-carboxamide"
BACE1,6jt4,A,C86,461.409,"N-[3-[(4S,6S)-2-azanyl-4-methyl-6-(trifluoromethyl)-5,6-dihydro-1,3-thiazin-4-yl]-4-fluoranyl-phenyl]-5-(fluoranylmethoxy)pyrazine-2-carboxamide"
BACE1,6lqg,B,EN9,520.885,"(2R)-2-[(4-chlorophenyl)sulfonyl-[[2-fluoranyl-4-(1,2,4-oxadiazol-3-yl)phenyl]methyl]amino]-5,5,5-tris(fluoranyl)pentanamide"
BACE1,6lqg,C,PC1,790.145,"1,2-DIACYL-SN-GLYCERO-3-PHOSPHOCHOLINE"
BACE1,6lqg,C,CLR,386.654,CHOLESTEROL
BACE1,6lr4,B,PC1,790.145,"1,2-DIACYL-SN-GLYCERO-3-PHOSPHOCHOLINE"
BACE1,6lr4,C,PC1,790.145,"1,2-DIACYL-SN-GLYCERO-3-PHOSPHOCHOLINE"
BACE1,6lr4,B,ESF,361.435,"(2S)-2-hydroxy-3-methyl-N-[(2S)-1-[[(5S)-3-methyl-4-oxo-2,5-dihydro-1H-3-benzazepin-5-yl]amino]-1-oxopropan-2-yl]butanamide"
BACE1,6lr4,C,CLR,386.654,CHOLESTEROL
BACE1,6nv7,A,L3J,598.796,"(E)-N-(2-methylpropylidene)-N~2~-{[(4S)-17-[(methylsulfonyl)(propyl)amino]-2-oxo-3-azatricyclo[13.3.1.1~6,10~]icosa-1(19),6(20),7,9,15,17-hexaen-4-yl]methyl}-D-threoninamide"
BACE1,6nv7,B,L3J,598.796,"(E)-N-(2-methylpropylidene)-N~2~-{[(4S)-17-[(methylsulfonyl)(propyl)amino]-2-oxo-3-azatricyclo[13.3.1.1~6,10~]icosa-1(19),6(20),7,9,15,17-hexaen-4-yl]methyl}-D-threoninamide"
BACE1,6nv7,C,L3J,598.796,"(E)-N-(2-methylpropylidene)-N~2~-{[(4S)-17-[(methylsulfonyl)(propyl)amino]-2-oxo-3-azatricyclo[13.3.1.1~6,10~]icosa-1(19),6(20),7,9,15,17-hexaen-4-yl]methyl}-D-threoninamide"
BACE1,6nv9,A,L3M,628.865,"(3S)-3-hydroxy-N-(2-methylpropyl)-N~2~-{[(4S)-17-[(methylsulfonyl)(propyl)amino]-2-oxo-3-azatricyclo[13.3.1.1~6,10~]icosa-1(19),6(20),7,9,15,17-hexaen-4-yl]methyl}-L-norleucinamide"
BACE1,6nv9,B,L3M,628.865,"(3S)-3-hydroxy-N-(2-methylpropyl)-N~2~-{[(4S)-17-[(methylsulfonyl)(propyl)amino]-2-oxo-3-azatricyclo[13.3.1.1~6,10~]icosa-1(19),6(20),7,9,15,17-hexaen-4-yl]methyl}-L-norleucinamide"
BACE1,6nv9,C,L3M,628.865,"(3S)-3-hydroxy-N-(2-methylpropyl)-N~2~-{[(4S)-17-[(methylsulfonyl)(propyl)amino]-2-oxo-3-azatricyclo[13.3.1.1~6,10~]icosa-1(19),6(20),7,9,15,17-hexaen-4-yl]methyl}-L-norleucinamide"
BACE1,6nw3,A,L4J,612.866,"N-(2-methylpropyl)-N~2~-{[(4S)-17-[(methylsulfonyl)(propyl)amino]-2-oxo-3-azatricyclo[13.3.1.1~6,10~]icosa-1(19),6(20),7,9,15,17-hexaen-4-yl]methyl}-L-norleucinamide"
BACE1,6nw3,B,L4J,612.866,"N-(2-methylpropyl)-N~2~-{[(4S)-17-[(methylsulfonyl)(propyl)amino]-2-oxo-3-azatricyclo[13.3.1.1~6,10~]icosa-1(19),6(20),7,9,15,17-hexaen-4-yl]methyl}-L-norleucinamide"
BACE1,6nw3,C,L4J,612.866,"N-(2-methylpropyl)-N~2~-{[(4S)-17-[(methylsulfonyl)(propyl)amino]-2-oxo-3-azatricyclo[13.3.1.1~6,10~]icosa-1(19),6(20),7,9,15,17-hexaen-4-yl]methyl}-L-norleucinamide"
BACE1,6od6,A,M7D,388.398,"N-{3-[(3R)-1-amino-3-methyl-3,4-dihydropyrrolo[1,2-a]pyrazin-3-yl]-4-fluorophenyl}-5-cyanopyridine-2-carboxamide"
BACE1,6od6,B,M7D,388.398,"N-{3-[(3R)-1-amino-3-methyl-3,4-dihydropyrrolo[1,2-a]pyrazin-3-yl]-4-fluorophenyl}-5-cyanopyridine-2-carboxamide"
BACE1,6od6,C,M7D,388.398,"N-{3-[(3R)-1-amino-3-methyl-3,4-dihydropyrrolo[1,2-a]pyrazin-3-yl]-4-fluorophenyl}-5-cyanopyridine-2-carboxamide"
BACE1,6pz4,A,P6J,473.496,"N-{3-[(1S,5S,6S)-3-amino-1-(methoxymethyl)-5-methyl-2-thia-4-azabicyclo[4.1.0]hept-3-en-5-yl]-4,5-difluorophenyl}-5-[(prop-2-yn-1-yl)oxy]pyrazine-2-carboxamide"
BACE1,6r6i,A,H50,325.162,"1-(3',4'-dichloro-2-fluorobiphenyl-4-yl)cyclopropanecarboxylic acid"
BACE1,6r6i,B,H50,325.162,"1-(3',4'-dichloro-2-fluorobiphenyl-4-yl)cyclopropanecarboxylic acid"
BACE1,6uj1,A,L3M,628.865,"(3S)-3-hydroxy-N-(2-methylpropyl)-N~2~-{[(4S)-17-[(methylsulfonyl)(propyl)amino]-2-oxo-3-azatricyclo[13.3.1.1~6,10~]icosa-1(19),6(20),7,9,15,17-hexaen-4-yl]methyl}-L-norleucinamide"
BACE1,6uj1,B,L3M,628.865,"(3S)-3-hydroxy-N-(2-methylpropyl)-N~2~-{[(4S)-17-[(methylsulfonyl)(propyl)amino]-2-oxo-3-azatricyclo[13.3.1.1~6,10~]icosa-1(19),6(20),7,9,15,17-hexaen-4-yl]methyl}-L-norleucinamide"
BACE1,6uvp,A,QJJ,336.384,"N-{(1S,2S)-2-[(4aS,7aR)-2-amino-4a,5-dihydro-4H-furo[3,4-d][1,3]thiazin-7a(7H)-yl]cyclopropyl}-5-fluoropyridine-2-carboxamide"
BACE1,6uvp,B,QJJ,336.384,"N-{(1S,2S)-2-[(4aS,7aR)-2-amino-4a,5-dihydro-4H-furo[3,4-d][1,3]thiazin-7a(7H)-yl]cyclopropyl}-5-fluoropyridine-2-carboxamide"
BACE1,6uvp,A,QJM,336.384,"N-{(1R,2R)-2-[(4aS,7aR)-2-amino-4a,5-dihydro-4H-furo[3,4-d][1,3]thiazin-7a(7H)-yl]cyclopropyl}-5-fluoropyridine-2-carboxamide"
BACE1,6uvp,B,QJM,336.384,"N-{(1R,2R)-2-[(4aS,7aR)-2-amino-4a,5-dihydro-4H-furo[3,4-d][1,3]thiazin-7a(7H)-yl]cyclopropyl}-5-fluoropyridine-2-carboxamide"
BACE1,6uvv,A,QJV,297.416,"(1R,2R)-2-[(4aS,7aR)-2-amino-4a,5-dihydro-4H-furo[3,4-d][1,3]thiazin-7a(7H)-yl]-N-butylcyclopropane-1-carboxamide"
BACE1,6uvv,B,QJV,297.416,"(1R,2R)-2-[(4aS,7aR)-2-amino-4a,5-dihydro-4H-furo[3,4-d][1,3]thiazin-7a(7H)-yl]-N-butylcyclopropane-1-carboxamide"
BACE1,6uwp,A,QKA,386.514,"(1R,2R)-2-[(4aR,7aR)-2-amino-6-(pyrimidin-2-yl)-4a,5,6,7-tetrahydropyrrolo[3,4-d][1,3]thiazin-7a(4H)-yl]-N-{[(1R,2R)-2-methylcyclopropyl]methyl}cyclopropane-1-carboxamide"
BACE1,6uwp,B,QKA,386.514,"(1R,2R)-2-[(4aR,7aR)-2-amino-6-(pyrimidin-2-yl)-4a,5,6,7-tetrahydropyrrolo[3,4-d][1,3]thiazin-7a(4H)-yl]-N-{[(1R,2R)-2-methylcyclopropyl]methyl}cyclopropane-1-carboxamide"
BACE1,6uvy,A,QJP,309.427,"(1R,2R)-2-[(4aS,7aR)-2-amino-4a,5-dihydro-4H-furo[3,4-d][1,3]thiazin-7a(7H)-yl]-N-{[(1R,2R)-2-methylcyclopropyl]methyl}cyclopropane-1-carboxamide"
BACE1,6uvy,B,QJP,309.427,"(1R,2R)-2-[(4aS,7aR)-2-amino-4a,5-dihydro-4H-furo[3,4-d][1,3]thiazin-7a(7H)-yl]-N-{[(1R,2R)-2-methylcyclopropyl]methyl}cyclopropane-1-carboxamide"
BACE1,6uwv,A,QK7,401.569,"(4aR,7aR)-7a-[(1R,2R)-2-(2-{[(1R,2R)-2-methylcyclopropyl]methoxy}propan-2-yl)cyclopropyl]-6-(pyrimidin-2-yl)-4,4a,5,6,7,7a-hexahydropyrrolo[3,4-d][1,3]thiazin-2-amine"
BACE1,6uwv,B,QK7,401.569,"(4aR,7aR)-7a-[(1R,2R)-2-(2-{[(1R,2R)-2-methylcyclopropyl]methoxy}propan-2-yl)cyclopropyl]-6-(pyrimidin-2-yl)-4,4a,5,6,7,7a-hexahydropyrrolo[3,4-d][1,3]thiazin-2-amine"
BACE1,6wny,A,U64,495.544,"6-[(Z)-2-{3-[(1S,5S,6S)-3-amino-5-methyl-1-(morpholine-4-carbonyl)-2-thia-4-azabicyclo[4.1.0]hept-3-en-5-yl]-4-fluorophenyl}-1-fluoroethenyl]pyridine-3-carbonitrile"
BACE1,7b1e,A,SKW,405.312,"~{N}-[3-[(4~{S})-2-azanyl-4-methyl-5,6-dihydro-1,3-thiazin-4-yl]phenyl]-5-bromanyl-pyridine-2-carboxamide"
BACE1,7b1p,A,SL8,471.271,"~{N}-[3-[(3~{R},6~{R})-5-azanyl-3,6-dimethyl-6-(trifluoromethyl)-2~{H}-1,4-oxazin-3-yl]phenyl]-5-bromanyl-pyridine-2-carboxamide"
BACE1,7b1q,A,SLK,449.401,"~{N}-[3-[(3~{R},6~{R})-5-azanyl-3,6-dimethyl-6-(trifluoromethyl)-2~{H}-1,4-oxazin-3-yl]-4-fluoranyl-phenyl]-5-cyano-3-methyl-pyridine-2-carboxamide"
BACE1,7c9i,B,PC1,790.145,"1,2-DIACYL-SN-GLYCERO-3-PHOSPHOCHOLINE"
BACE1,7c9i,C,PC1,790.145,"1,2-DIACYL-SN-GLYCERO-3-PHOSPHOCHOLINE"
BACE1,7c9i,B,FTO,672.853,"~{tert}-butyl ~{N}-[(2~{S},3~{R},5~{R})-6-[[(2~{S})-1-[[(2~{S})-1-azanyl-1-oxidanylidene-3-phenyl-propan-2-yl]amino]-4-methyl-1-oxidanylidene-pentan-2-yl]amino]-3-oxidanyl-6-oxidanylidene-1-phenyl-5-(phenylmethyl)hexan-2-yl]carbamate"
BACE1,7c9i,C,CLR,386.654,CHOLESTEROL
BACE1,7d2v,A,66F,409.41,"N-{3-[(5R)-3-amino-2,5-dimethyl-1,1-dioxido-5,6-dihydro-2H-1,2,4-thiadiazin-5-yl]-4-fluorophenyl}-5-fluoropyridine-2-carboxamide"
BACE1,7d2x,A,GTU,377.372,"N-[3-[(4R)-2-azanyl-4-prop-1-ynyl-5,6-dihydro-1,3-oxazin-4-yl]-4-fluoranyl-phenyl]-5-cyano-pyridine-2-carboxamide"
BACE1,7d36,A,GUC,432.425,"N-[3-[(3S)-1-azanyl-5-fluoranyl-3-methyl-4H-2,6-naphthyridin-3-yl]-4-fluoranyl-phenyl]-5-cyano-3-methyl-pyridine-2-carboxamide"
BACE1,7d5a,A,GX6,453.417,"N-[3-[(9S)-7-azanyl-2,2-bis(fluoranyl)-9-prop-1-ynyl-6-oxa-8-azaspiro[3.5]non-7-en-9-yl]-4-fluoranyl-phenyl]-5-cyano-pyridine-2-carboxamide"
BACE1,7d5b,A,66F,409.41,"N-{3-[(5R)-3-amino-2,5-dimethyl-1,1-dioxido-5,6-dihydro-2H-1,2,4-thiadiazin-5-yl]-4-fluorophenyl}-5-fluoropyridine-2-carboxamide"
BACE1,7d5u,A,GX6,453.417,"N-[3-[(9S)-7-azanyl-2,2-bis(fluoranyl)-9-prop-1-ynyl-6-oxa-8-azaspiro[3.5]non-7-en-9-yl]-4-fluoranyl-phenyl]-5-cyano-pyridine-2-carboxamide"
BACE1,7d8x,B,PC1,790.145,"1,2-DIACYL-SN-GLYCERO-3-PHOSPHOCHOLINE"
BACE1,7d8x,C,PC1,790.145,"1,2-DIACYL-SN-GLYCERO-3-PHOSPHOCHOLINE"
BACE1,7d8x,B,GZR,419.491,1-[(1S)-1-(4-fluorophenyl)ethyl]-3-[[3-methoxy-4-(4-methylimidazol-1-yl)phenyl]methylidene]piperidin-2-one
BACE1,7d8x,B,PTY,734.039,PHOSPHATIDYLETHANOLAMINE
BACE1,7d8x,B,FTO,672.853,"~{tert}-butyl ~{N}-[(2~{S},3~{R},5~{R})-6-[[(2~{S})-1-[[(2~{S})-1-azanyl-1-oxidanylidene-3-phenyl-propan-2-yl]amino]-4-methyl-1-oxidanylidene-pentan-2-yl]amino]-3-oxidanyl-6-oxidanylidene-1-phenyl-5-(phenylmethyl)hexan-2-yl]carbamate"
BACE1,7d8x,C,CLR,386.654,CHOLESTEROL
BACE1,7dcz,A,H3C,367.4,"N-[3-[(4S)-2-azanyl-4-methyl-1,3-thiazin-4-yl]-4-fluoranyl-phenyl]-5-cyano-pyridine-2-carboxamide"
BACE1,7euv,A,FLR,244.261,(2R)-2-(3-fluoro-4-phenyl-phenyl)propanoic acid
BACE1,7f1d,A,0QQ,434.46,"N-[3-[(4R,5R,6R)-2-azanyl-5-fluoranyl-4,6-dimethyl-5,6-dihydro-1,3-thiazin-4-yl]-4-fluoranyl-phenyl]-2,3-dihydro-[1,4]dioxino[2,3-c]pyridine-7-carboxamide"
BACE1,7f1g,A,0QQ,434.46,"N-[3-[(4R,5R,6R)-2-azanyl-5-fluoranyl-4,6-dimethyl-5,6-dihydro-1,3-thiazin-4-yl]-4-fluoranyl-phenyl]-2,3-dihydro-[1,4]dioxino[2,3-c]pyridine-7-carboxamide"
BACE1,7myi,A,ZQS,317.432,"(4aR,7aR)-6-(pyrimidin-2-yl)-7a-(thiophen-2-yl)-4,4a,5,6,7,7a-hexahydropyrrolo[3,4-d][1,3]thiazin-2-amine"
BACE1,7myi,B,ZQS,317.432,"(4aR,7aR)-6-(pyrimidin-2-yl)-7a-(thiophen-2-yl)-4,4a,5,6,7,7a-hexahydropyrrolo[3,4-d][1,3]thiazin-2-amine"
BACE1,7myr,A,ZRD,336.411,"(4aR,7aR)-6-(5-fluoropyrimidin-2-yl)-7a-(1,2-thiazol-5-yl)-4,4a,5,6,7,7a-hexahydropyrrolo[3,4-d][1,3]thiazin-2-amine"
BACE1,7myr,B,ZRD,336.411,"(4aR,7aR)-6-(5-fluoropyrimidin-2-yl)-7a-(1,2-thiazol-5-yl)-4,4a,5,6,7,7a-hexahydropyrrolo[3,4-d][1,3]thiazin-2-amine"
BACE1,7myu,A,ZR7,498.508,"N-{3-[(4aR,7aS)-2-amino-6-(5-fluoropyrimidin-2-yl)-4a,5,6,7-tetrahydropyrrolo[3,4-d][1,3]thiazin-7a(4H)-yl]-4-fluorophenyl}-5-methoxypyrazine-2-carboxamide"
BACE1,7myu,B,ZR7,498.508,"N-{3-[(4aR,7aS)-2-amino-6-(5-fluoropyrimidin-2-yl)-4a,5,6,7-tetrahydropyrrolo[3,4-d][1,3]thiazin-7a(4H)-yl]-4-fluorophenyl}-5-methoxypyrazine-2-carboxamide"
BACE1,7n4n,A,0BK,467.49,"N-{3-[(2S,5R)-6-amino-2-(fluoromethyl)-5-(methanesulfonyl)-5-methyl-2,3,4,5-tetrahydropyridin-2-yl]-4-fluorophenyl}-6-methoxypyrimidine-4-carboxamide"
BACE1,7n66,A,0EW,530.492,"N-{3-[(2S,5R)-6-amino-5-(ethanesulfonyl)-2-(fluoromethyl)-5-methyl-2,3,4,5-tetrahydropyridin-2-yl]-4-fluorophenyl}-2,2-difluoro-2H-[1,3]dioxolo[4,5-c]pyridine-6-carboxamide"
BACE1,7y5t,B,PC1,790.145,"1,2-DIACYL-SN-GLYCERO-3-PHOSPHOCHOLINE"
BACE1,7y5t,C,PC1,790.145,"1,2-DIACYL-SN-GLYCERO-3-PHOSPHOCHOLINE"
BACE1,7y5t,B,IGD,517.918,"~{N}-[4-[2,5-bis(fluoranyl)phenyl]-4-(4-chlorophenyl)sulfonyl-cyclohexyl]-1,1,1-tris(fluoranyl)methanesulfonamide"
BACE1,7y5t,C,CLR,386.654,CHOLESTEROL
BACE1,7y5x,A,PC1,790.145,"1,2-DIACYL-SN-GLYCERO-3-PHOSPHOCHOLINE"
BACE1,7y5x,B,PC1,790.145,"1,2-DIACYL-SN-GLYCERO-3-PHOSPHOCHOLINE"
BACE1,7y5x,C,CLR,386.654,CHOLESTEROL
BACE1,7y5z,B,PC1,790.145,"1,2-DIACYL-SN-GLYCERO-3-PHOSPHOCHOLINE"
BACE1,7y5z,C,CLR,386.654,CHOLESTEROL
BACE1,8im7,B,PC1,790.145,"1,2-DIACYL-SN-GLYCERO-3-PHOSPHOCHOLINE"
BACE1,8im7,C,PC1,790.145,"1,2-DIACYL-SN-GLYCERO-3-PHOSPHOCHOLINE"
BACE1,8im7,C,CLR,386.654,CHOLESTEROL
BACE1,8k8e,B,PC1,790.145,"1,2-DIACYL-SN-GLYCERO-3-PHOSPHOCHOLINE"
BACE1,8k8e,C,CLR,386.654,CHOLESTEROL
BACE1,8kco,B,N60,469.405,"2,2-dimethyl-N-[(7S)-6-oxo-5,7-dihydrobenzo[d][1]benzazepin-7-yl]-N'-(2,2,3,3,3-pentafluoropropyl)propanediamide"
BACE1,8kco,B,PC1,790.145,"1,2-DIACYL-SN-GLYCERO-3-PHOSPHOCHOLINE"
BACE1,8kco,C,PC1,790.145,"1,2-DIACYL-SN-GLYCERO-3-PHOSPHOCHOLINE"
BACE1,8kco,C,CLR,386.654,CHOLESTEROL
BACE1,8kcp,B,PC1,790.145,"1,2-DIACYL-SN-GLYCERO-3-PHOSPHOCHOLINE"
BACE1,8kcp,C,PC1,790.145,"1,2-DIACYL-SN-GLYCERO-3-PHOSPHOCHOLINE"
BACE1,8kcp,B,N9C,464.438,"4,4,4-tris(fluoranyl)-N-[(2S)-1-[[(7S)-5-(2-hydroxyethyl)-6-oxidanylidene-7H-pyrido[2,3-d][3]benzazepin-7-yl]amino]-1-oxidanylidene-propan-2-yl]butanamide"
BACE1,8kcp,C,CLR,386.654,CHOLESTEROL
BACE1,8kcs,B,PC1,790.145,"1,2-DIACYL-SN-GLYCERO-3-PHOSPHOCHOLINE"
BACE1,8kcs,C,PC1,790.145,"1,2-DIACYL-SN-GLYCERO-3-PHOSPHOCHOLINE"
BACE1,8kcs,B,Q70,556.5,Osugacestat
BACE1,8kcs,C,CLR,386.654,CHOLESTEROL
BACE1,8kct,C,CLR,386.654,CHOLESTEROL
BACE1,8kct,B,PC1,790.145,"1,2-DIACYL-SN-GLYCERO-3-PHOSPHOCHOLINE"
BACE1,8kct,C,PC1,790.145,"1,2-DIACYL-SN-GLYCERO-3-PHOSPHOCHOLINE"
BACE1,8kct,B,O6U,489.644,Nirogacestat
BACE1,8kcu,B,PC1,790.145,"1,2-DIACYL-SN-GLYCERO-3-PHOSPHOCHOLINE"
BACE1,8kcu,C,PC1,790.145,"1,2-DIACYL-SN-GLYCERO-3-PHOSPHOCHOLINE"
BACE1,8kcu,B,OL9,442.904,MK-0752
BACE1,8kcu,C,CLR,386.654,CHOLESTEROL
BACE1,8oqy,A,PC1,790.145,"1,2-DIACYL-SN-GLYCERO-3-PHOSPHOCHOLINE"
BACE1,8oqy,B,PC1,790.145,"1,2-DIACYL-SN-GLYCERO-3-PHOSPHOCHOLINE"
BACE1,8oqy,C,PC1,790.145,"1,2-DIACYL-SN-GLYCERO-3-PHOSPHOCHOLINE"
BACE1,8oqz,A,PC1,790.145,"1,2-DIACYL-SN-GLYCERO-3-PHOSPHOCHOLINE"
BACE1,8oqz,B,PC1,790.145,"1,2-DIACYL-SN-GLYCERO-3-PHOSPHOCHOLINE"
BACE1,8oqz,C,PC1,790.145,"1,2-DIACYL-SN-GLYCERO-3-PHOSPHOCHOLINE"
BACE1,8oqz,D,PC1,790.145,"1,2-DIACYL-SN-GLYCERO-3-PHOSPHOCHOLINE"
BACE1,8x52,B,PC1,790.145,"1,2-DIACYL-SN-GLYCERO-3-PHOSPHOCHOLINE"
BACE1,8x52,C,PC1,790.145,"1,2-DIACYL-SN-GLYCERO-3-PHOSPHOCHOLINE"
BACE1,8x52,C,CLR,386.654,CHOLESTEROL
BACE1,8x53,B,PC1,790.145,"1,2-DIACYL-SN-GLYCERO-3-PHOSPHOCHOLINE"
BACE1,8x53,C,PC1,790.145,"1,2-DIACYL-SN-GLYCERO-3-PHOSPHOCHOLINE"
BACE1,8x53,C,CLR,386.654,CHOLESTEROL
BACE1,8x54,B,PC1,790.145,"1,2-DIACYL-SN-GLYCERO-3-PHOSPHOCHOLINE"
BACE1,8x54,C,PC1,790.145,"1,2-DIACYL-SN-GLYCERO-3-PHOSPHOCHOLINE"
BACE1,8x54,C,CLR,386.654,CHOLESTEROL
BACE1,9k95,B,PC1,790.145,"1,2-DIACYL-SN-GLYCERO-3-PHOSPHOCHOLINE"
BACE1,9k95,C,PC1,790.145,"1,2-DIACYL-SN-GLYCERO-3-PHOSPHOCHOLINE"
BACE1,9k95,B,A1D6X,490.501,"(2~{S})-2-[2-[3,5-bis(fluoranyl)phenyl]ethanoylamino]-~{N}-[(3~{S})-1-methyl-2-oxidanylidene-5-phenyl-3~{H}-1,4-benzodiazepin-3-yl]propanamide"
BACE1,9k95,C,CLR,386.654,CHOLESTEROL
