Ligand,Name,Formula,Type,SMILES,Parent_SMILES,Salt_Stripped,Canonical_SMILES,InChI,InChIKey,MW,LogP,TPSA,HBA,HBD,Rotatable_Bonds,Ring_Count,Aromatic_Rings,Fraction_CSP3,Heavy_Atom_Count,Chiral_Atoms,Formal_Charge,QED,BertzCT,HallKierAlpha,Kappa1,Kappa2,Kappa3,NumSpiroAtoms,NumBridgeheadAtoms,NumAliphaticRings,NumAromaticRings,NumSaturatedRings,NumHeteroAtoms,MolMR,SA_Score,Lipinski_Pass,Veber_Pass,Egan_Pass,Ghose_Pass,Muegge_Pass,PAINS_Hits,Brenk_Hits
32P,3-{2-[(5-AMINOPENTYL)AMINO]-2-OXOETHOXY}-5-({[1-(4-FLUOROPHENYL)ETHYL]AMINO}CARBONYL)PHENYL PHENYLMETHANESULFONATE,C29 H34 F N3 O6 S,non-polymer,C[C@H](c1ccc(cc1)F)NC(=O)c2cc(cc(c2)OS(=O)(=O)Cc3ccccc3)OCC(=O)NCCCCCN,C[C@@H](NC(=O)c1cc(OCC(=O)NCCCCCN)cc(OS(=O)(=O)Cc2ccccc2)c1)c1ccc(F)cc1,False,C[C@@H](NC(=O)c1cc(OCC(=O)NCCCCCN)cc(OS(=O)(=O)Cc2ccccc2)c1)c1ccc(F)cc1,"InChI=1S/C29H34FN3O6S/c1-21(23-10-12-25(30)13-11-23)33-29(35)24-16-26(38-19-28(34)32-15-7-3-6-14-31)18-27(17-24)39-40(36,37)20-22-8-4-2-5-9-22/h2,4-5,8-13,16-18,21H,3,6-7,14-15,19-20,31H2,1H3,(H,32,34)(H,33,35)/t21-/m1/s1",UUMRCVIXZFKZAU-OAQYLSRUSA-N,571.671,3.8495000000000026,136.82000000000002,7,3,15,3,3,0.3103448275862069,40,0,0,0.1861754159154692,1368.2765220718684,-3.96,30.57961130073938,14.992312446938175,10.308328775708487,0,0,0,3,0,11,149.82709999999983,nan,True,False,False,False,True,None,Aliphatic_long_chain; Sulfonic_acid_1
MMI,"N-[(4S,5S,7R)-8-({(S)-1-[(BENZYLAMINO)OXOMETHYL]-2-METHYLPROPYL}AMINO)-5-HYDROXY-2,7-DIMETHYL-8-OXO-OCT-4-YL]-(4S,7S)-4
-ISOPROPYL-2,5,9-TRIOXO-1-OXA-3,6,10-TRIAZACYCLOHEXADECANE-7-CARBOXAMIDE",C38 H62 N6 O8,non-polymer,CC(C)C[C@@H]([C@H](C[C@@H](C)C(=O)N[C@@H](C(C)C)C(=O)NCc1ccccc1)O)NC(=O)[C@@H]2CC(=O)NCCCCCCOC(=O)N[C@H](C(=O)N2)C(C)C,CC(C)C[C@H](NC(=O)[C@@H]1CC(=O)NCCCCCCOC(=O)N[C@@H](C(C)C)C(=O)N1)[C@@H](O)C[C@@H](C)C(=O)N[C@H](C(=O)NCc1ccccc1)C(C)C,False,CC(C)C[C@H](NC(=O)[C@@H]1CC(=O)NCCCCCCOC(=O)N[C@@H](C(C)C)C(=O)N1)[C@@H](O)C[C@@H](C)C(=O)N[C@H](C(=O)NCc1ccccc1)C(C)C,"InChI=1S/C38H62N6O8/c1-23(2)19-28(30(45)20-26(7)34(47)43-32(24(3)4)36(49)40-22-27-15-11-10-12-16-27)41-35(48)29-21-31(46)39-17-13-8-9-14-18-52-38(51)44-33(25(5)6)37(50)42-29/h10-12,15-16,23-26,28-30,32-33,45H,8-9,13-14,17-22H2,1-7H3,(H,39,46)(H,40,49)(H,41,48)(H,42,50)(H,43,47)(H,44,51)/t26-,28+,29+,30+,32+,33+/m1/s1",QJAPFAZHNSZLJE-CWURXVSKSA-N,730.9479999999999,2.6775000000000047,204.05999999999997,8,7,14,2,1,0.6842105263157895,52,0,0,0.15132592255693342,1307.4543006851284,-4.2,43.96225477022305,22.673837085762326,15.998641056522859,0,0,1,1,1,14,197.36599999999942,nan,False,False,False,False,False,None,None
5HA,"N-[(1S,2R)-1-BENZYL-3-(CYCLOPROPYLAMINO)-2-HYDROXYPROPYL]-5-[METHYL(METHYLSULFONYL)AMINO]-N'-[(1R)-1-PHENYLETHYL]ISOPHTHALAMIDE",C31 H38 N4 O5 S,non-polymer,C[C@H](c1ccccc1)NC(=O)c2cc(cc(c2)N(C)S(=O)(=O)C)C(=O)N[C@@H](Cc3ccccc3)[C@@H](CNC4CC4)O,C[C@@H](NC(=O)c1cc(C(=O)N[C@@H](Cc2ccccc2)[C@H](O)CNC2CC2)cc(N(C)S(C)(=O)=O)c1)c1ccccc1,False,C[C@@H](NC(=O)c1cc(C(=O)N[C@@H](Cc2ccccc2)[C@H](O)CNC2CC2)cc(N(C)S(C)(=O)=O)c1)c1ccccc1,"InChI=1S/C31H38N4O5S/c1-21(23-12-8-5-9-13-23)33-30(37)24-17-25(19-27(18-24)35(2)41(3,39)40)31(38)34-28(16-22-10-6-4-7-11-22)29(36)20-32-26-14-15-26/h4-13,17-19,21,26,28-29,32,36H,14-16,20H2,1-3H3,(H,33,37)(H,34,38)/t21-,28+,29-/m1/s1",VPNIQGRFZCTBEZ-SPTGULJVSA-N,578.7350000000001,3.0274000000000014,127.84000000000002,6,4,13,4,3,0.3548387096774194,41,0,0,0.24698234934747834,1445.8446986462739,-3.7299999999999995,30.233696192986887,13.288269844411822,8.626524445981593,0,0,1,3,1,10,160.44369999999972,nan,True,False,True,False,True,None,None
L01,"3-[({(1S,2R)-1-BENZYL-2-HYDROXY-3-[(3-METHOXYBENZYL)AMINO]PROPYL}AMINO)(HYDROXY)METHYL]-N,N-DIPROPYLBENZAMIDE",C32 H41 N3 O4,non-polymer,CCCN(CCC)C(=O)c1cccc(c1)C(=O)N[C@@H](Cc2ccccc2)[C@@H](CNCc3cccc(c3)OC)O,CCCN(CCC)C(=O)c1cccc(C(=O)N[C@@H](Cc2ccccc2)[C@H](O)CNCc2cccc(OC)c2)c1,False,CCCN(CCC)C(=O)c1cccc(C(=O)N[C@@H](Cc2ccccc2)[C@H](O)CNCc2cccc(OC)c2)c1,"InChI=1S/C32H41N3O4/c1-4-17-35(18-5-2)32(38)27-15-10-14-26(21-27)31(37)34-29(20-24-11-7-6-8-12-24)30(36)23-33-22-25-13-9-16-28(19-25)39-3/h6-16,19,21,29-30,33,36H,4-5,17-18,20,22-23H2,1-3H3,(H,34,37)/t29-,30+/m0/s1",WPRACYICKOKGTO-XZWHSSHBSA-N,531.6970000000003,4.449200000000005,90.9,5,3,15,3,3,0.375,39,0,0,0.2696336704780357,1178.7963365619673,-3.679999999999999,29.869777194197738,15.664304931496579,9.23070972462309,0,0,0,3,0,7,155.03519999999975,nan,True,False,True,False,True,None,None
3BN,"3-BENZOYL-N-[(1S,2R)-1-BENZYL-3-(CYCLOPROPYLAMINO)-2-HYDROXYPROPYL]-5-[METHYL(METHYLSULFONYL)AMINO]BENZAMIDE",C29 H33 N3 O5 S,non-polymer,CN(c1cc(cc(c1)C(=O)N[C@@H](Cc2ccccc2)[C@@H](CNC3CC3)O)C(=O)c4ccccc4)S(=O)(=O)C,CN(c1cc(C(=O)N[C@@H](Cc2ccccc2)[C@H](O)CNC2CC2)cc(C(=O)c2ccccc2)c1)S(C)(=O)=O,False,CN(c1cc(C(=O)N[C@@H](Cc2ccccc2)[C@H](O)CNC2CC2)cc(C(=O)c2ccccc2)c1)S(C)(=O)=O,"InChI=1S/C29H33N3O5S/c1-32(38(2,36)37)25-17-22(28(34)21-11-7-4-8-12-21)16-23(18-25)29(35)31-26(15-20-9-5-3-6-10-20)27(33)19-30-24-13-14-24/h3-12,16-18,24,26-27,30,33H,13-15,19H2,1-2H3,(H,31,35)/t26-,27+/m0/s1",WCVRLSCSQDAERN-RRPNLBNLSA-N,535.6660000000002,2.767400000000001,115.81,6,3,12,4,3,0.3103448275862069,38,0,0,0.3073569682751117,1375.8372298701101,-3.5299999999999994,27.503332670940587,11.893386682401628,7.2782072292290385,0,0,1,3,1,9,147.99499999999983,nan,True,False,True,False,True,None,None
AXQ,"{(E)-(3R,6S,9R)-3-[(1S,3R)-3-((S)-1 -BUTYLCARBAMOYL-2-METHYL-PROPYLCARB AMOYL)-1-HYDROXY-BUTYL]-6-METHYL-5, 8-DIOXO-1,11-DITHIA-4,7-DIAZA-CYCLO PENTADEC-13-EN-9-YL}-CARBAMIC ACID TERT-BUTYL ESTER",C31 H55 N5 O7 S2,non-polymer,CCCCNC(=O)[C@H](C(C)C)NC(=O)[C@H](C)C[C@@H]([C@@H]1CSC\C=C\CSC[C@@H](C(=O)N[C@H](C(=O)N1)C)NC(=O)OC(C)(C)C)O,CCCCNC(=O)[C@@H](NC(=O)[C@H](C)C[C@H](O)[C@@H]1CSC/C=C/CSC[C@H](NC(=O)OC(C)(C)C)C(=O)N[C@@H](C)C(=O)N1)C(C)C,False,CCCCNC(=O)[C@@H](NC(=O)[C@H](C)C[C@H](O)[C@@H]1CSC/C=C/CSC[C@H](NC(=O)OC(C)(C)C)C(=O)N[C@@H](C)C(=O)N1)C(C)C,"InChI=1S/C31H55N5O7S2/c1-9-10-13-32-29(41)25(19(2)3)36-26(38)20(4)16-24(37)22-17-44-14-11-12-15-45-18-23(35-30(42)43-31(6,7)8)28(40)33-21(5)27(39)34-22/h11-12,19-25,37H,9-10,13-18H2,1-8H3,(H,32,41)(H,33,40)(H,34,39)(H,35,42)(H,36,38)/b12-11+/t20-,21+,22+,23+,24+,25+/m1/s1",YFVXRNZNJJXEKV-DYASFXQMSA-N,673.9430000000002,2.3496000000000037,174.95999999999998,9,6,11,1,0,0.7741935483870968,45,0,0,0.14213002704626385,1005.3051499221858,-2.4500000000000006,40.5735017626322,20.628235901090047,16.611520088485566,0,0,1,0,0,14,180.95729999999955,nan,False,False,False,False,False,None,Aliphatic_long_chain; isolated_alkene
AXF,"(2R,4S)-N-BUTYL-4-HYDROXY-2-METHYL- 4-((E)-(4AS,12R,15S,17AS)-15-METHYL -14,17-DIOXO-2,3,4,4A,6,9,11,12,13, 14,15,16,17,17A-TETRADECAHYDRO-1H-5 ,10-DITHIA-1,13,16-TRIAZA-BENZOCYCL OPENTADECEN-12-YL)-BUTYRAMIDE",C24 H42 N4 O4 S2,non-polymer,CCCCNC(=O)[C@H](C)C[C@@H]([C@@H]1CSC\C=C\CS[C@H]2CCCN[C@H]2C(=O)N[C@H](C(=O)N1)C)O,CCCCNC(=O)[C@H](C)C[C@H](O)[C@@H]1CSC/C=C/CS[C@H]2CCCN[C@H]2C(=O)N[C@@H](C)C(=O)N1,False,CCCCNC(=O)[C@H](C)C[C@H](O)[C@@H]1CSC/C=C/CS[C@H]2CCCN[C@H]2C(=O)N[C@@H](C)C(=O)N1,"InChI=1S/C24H42N4O4S2/c1-4-5-10-26-22(30)16(2)14-19(29)18-15-33-12-6-7-13-34-20-9-8-11-25-21(20)24(32)27-17(3)23(31)28-18/h6-7,16-21,25,29H,4-5,8-15H2,1-3H3,(H,26,30)(H,27,32)(H,28,31)/b7-6+/t16-,17+,18+,19+,20+,21-/m1/s1",FIWCVIADXWJIGF-NFXSCPKSSA-N,514.7580000000003,1.4361000000000017,119.56000000000002,7,5,7,2,0,0.7916666666666666,34,0,0,0.257585268621457,693.8840981999846,-1.2300000000000002,29.003389152297384,15.700703567138525,9.792892275785785,0,0,2,0,1,10,140.97660000000002,nan,True,True,True,False,True,None,Aliphatic_long_chain; isolated_alkene
ZPQ,"N~2~-[(2R,4S,5S)-5-{[N-{[(3,5-DIMETHYL-1H-PYRAZOL-1-YL)METHOXY]CARBONYL}-3-(METHYLSULFONYL)-L-ALANYL]AMINO}-4-HYDROXY-2,7-DIMETHYLOCTANOYL]-N-ISOBUTYL-L-VALINAMIDE",C30 H54 N6 O8 S,non-polymer,Cc1cc(n(n1)COC(=O)N[C@@H](CS(=O)(=O)C)C(=O)N[C@@H](CC(C)C)[C@H](C[C@@H](C)C(=O)N[C@@H](C(C)C)C(=O)NCC(C)C)O)C,Cc1cc(C)n(COC(=O)N[C@@H](CS(C)(=O)=O)C(=O)N[C@@H](CC(C)C)[C@@H](O)C[C@@H](C)C(=O)N[C@H](C(=O)NCC(C)C)C(C)C)n1,False,Cc1cc(C)n(COC(=O)N[C@@H](CS(C)(=O)=O)C(=O)N[C@@H](CC(C)C)[C@@H](O)C[C@@H](C)C(=O)N[C@H](C(=O)NCC(C)C)C(C)C)n1,"InChI=1S/C30H54N6O8S/c1-17(2)11-23(25(37)12-20(7)27(38)34-26(19(5)6)29(40)31-14-18(3)4)32-28(39)24(15-45(10,42)43)33-30(41)44-16-36-22(9)13-21(8)35-36/h13,17-20,23-26,37H,11-12,14-16H2,1-10H3,(H,31,40)(H,32,39)(H,33,41)(H,34,38)/t20-,23+,24+,25+,26+/m1/s1",OFAZWNGNAATRSH-GWCXRDAXSA-N,658.8630000000002,1.4278400000000049,197.81999999999996,10,5,18,1,1,0.7666666666666667,45,0,0,0.1548943194205296,1246.9197134272338,-3.2,39.823923444976074,18.07273744141564,15.089757372667325,0,0,0,1,0,15,170.60639999999964,nan,True,False,False,False,False,None,None
FRP,"N1-((2S,3S,5R)-3-AMINO-6-(4-FLUOROPHENYLAMINO)-5-METHYL-6-OXO-1-PHENYLHEXAN-2-YL)-N3,N3-DIPROPYLISOPHTHALAMIDE",C33 H41 F N4 O3,non-polymer,CCCN(CCC)C(=O)c1cccc(c1)C(=O)N[C@@H](Cc2ccccc2)[C@H](C[C@@H](C)C(=O)Nc3ccc(cc3)F)N,CCCN(CCC)C(=O)c1cccc(C(=O)N[C@@H](Cc2ccccc2)[C@@H](N)C[C@@H](C)C(=O)Nc2ccc(F)cc2)c1,False,CCCN(CCC)C(=O)c1cccc(C(=O)N[C@@H](Cc2ccccc2)[C@@H](N)C[C@@H](C)C(=O)Nc2ccc(F)cc2)c1,"InChI=1S/C33H41FN4O3/c1-4-18-38(19-5-2)33(41)26-13-9-12-25(22-26)32(40)37-30(21-24-10-7-6-8-11-24)29(35)20-23(3)31(39)36-28-16-14-27(34)15-17-28/h6-17,22-23,29-30H,4-5,18-21,35H2,1-3H3,(H,36,39)(H,37,40)/t23-,29+,30+/m1/s1",PZHFCAIXAVDQAK-STQWGSIPSA-N,560.7140000000003,5.421200000000004,104.53,4,3,14,3,3,0.36363636363636365,41,0,0,0.24485950665115633,1277.1502563034617,-4.039999999999998,31.487155741264665,15.669912742673032,9.532213308247533,0,0,0,3,0,8,161.1137999999997,nan,False,False,True,False,False,None,None
F2I,"N'-{(1S,2R)-1-(3,5-DIFLUOROBENZYL)-2-HYDROXY-3-[(3-IODOBENZYL)AMINO]PROPYL}-5-METHYL-N,N-DIPROPYLISOPHTHALAMIDE",C32 H38 F2 I N3 O3,non-polymer,CCCN(CCC)C(=O)c1cc(cc(c1)C(=O)N[C@@H](Cc2cc(cc(c2)F)F)[C@@H](CNCc3cccc(c3)I)O)C,CCCN(CCC)C(=O)c1cc(C)cc(C(=O)N[C@@H](Cc2cc(F)cc(F)c2)[C@H](O)CNCc2cccc(I)c2)c1,False,CCCN(CCC)C(=O)c1cc(C)cc(C(=O)N[C@@H](Cc2cc(F)cc(F)c2)[C@H](O)CNCc2cccc(I)c2)c1,"InChI=1S/C32H38F2IN3O3/c1-4-9-38(10-5-2)32(41)25-12-21(3)11-24(17-25)31(40)37-29(16-23-13-26(33)18-27(34)14-23)30(39)20-36-19-22-7-6-8-28(35)15-22/h6-8,11-15,17-18,29-30,36,39H,4-5,9-10,16,19-20H2,1-3H3,(H,37,40)/t29-,30+/m0/s1",FSQSHDXWJKXBPP-XZWHSSHBSA-N,677.5740000000003,5.6318200000000065,81.67,4,3,14,3,3,0.375,41,0,0,0.19345696224033965,1311.040362528253,-2.8899999999999983,32.62237183012236,15.932543362821542,10.15729663073596,0,0,0,3,0,9,165.85319999999962,nan,False,False,True,False,False,None,iodine
LIQ,"N-{(1S)-2-({(1S,2R)-1-(3,5-DIFLUOROBENZYL)-3-[(3-ETHYLBENZYL)AMINO]-2-HYDROXYPROPYL}AMINO)-2-OXO-1-[(PENTYLSULFONYL)METHYL]ETHYL}NICOTINAMIDE",C33 H42 F2 N4 O5 S,non-polymer,CCCCCS(=O)(=O)C[C@H](C(=O)N[C@@H](Cc1cc(cc(c1)F)F)[C@@H](CNCc2cccc(c2)CC)O)NC(=O)c3cccnc3,CCCCCS(=O)(=O)C[C@@H](NC(=O)c1cccnc1)C(=O)N[C@@H](Cc1cc(F)cc(F)c1)[C@H](O)CNCc1cccc(CC)c1,False,CCCCCS(=O)(=O)C[C@@H](NC(=O)c1cccnc1)C(=O)N[C@@H](Cc1cc(F)cc(F)c1)[C@H](O)CNCc1cccc(CC)c1,"InChI=1S/C33H42F2N4O5S/c1-3-5-6-13-45(43,44)22-30(39-32(41)26-11-8-12-36-20-26)33(42)38-29(17-25-15-27(34)18-28(35)16-25)31(40)21-37-19-24-10-7-9-23(4-2)14-24/h7-12,14-16,18,20,29-31,37,40H,3-6,13,17,19,21-22H2,1-2H3,(H,38,42)(H,39,41)/t29-,30+,31+/m0/s1",IOTPZWJUHSYLHJ-OJDZSJEKSA-N,644.7850000000002,3.503800000000001,137.49,7,4,18,3,3,0.42424242424242425,45,0,0,0.1556773066258871,1487.6916383407795,-3.7399999999999993,35.735818567600475,17.670590670012842,12.285666655187141,0,0,0,3,0,12,169.1961999999996,nan,True,False,False,False,False,None,Aliphatic_long_chain
L00,"(2R)-2-(5-{3-chloro-6-((2-methoxyethyl){[(1S,2S)-2-methylcyclopropyl]methyl}amino)-2-[methyl(methylsulfonyl)amino]pyrid
in-4-yl}-1,3,4-oxadiazol-2-yl)-1-phenylpropan-2-amine",C26 H35 Cl N6 O4 S,non-polymer,C[C@H]1C[C@@H]1CN(CCOC)c2cc(c(c(n2)[N@](C)S(=O)(=O)C)Cl)c3nnc(o3)[C@@](C)(Cc4ccccc4)N,COCCN(C[C@H]1C[C@@H]1C)c1cc(-c2nnc([C@](C)(N)Cc3ccccc3)o2)c(Cl)c(N(C)S(C)(=O)=O)n1,False,COCCN(C[C@H]1C[C@@H]1C)c1cc(-c2nnc([C@](C)(N)Cc3ccccc3)o2)c(Cl)c(N(C)S(C)(=O)=O)n1,"InChI=1S/C26H35ClN6O4S/c1-17-13-19(17)16-33(11-12-36-4)21-14-20(22(27)23(29-21)32(3)38(5,34)35)24-30-31-25(37-24)26(2,28)15-18-9-7-6-8-10-18/h6-10,14,17,19H,11-13,15-16,28H2,1-5H3/t17-,19+,26+/m0/s1",NIFMMESJJLKLHP-BNJIMDBKSA-N,563.1240000000003,3.7062000000000017,127.67999999999999,9,1,12,4,3,0.5,38,0,0,0.3510751416057806,1365.31284584861,-2.7299999999999995,28.282431509124482,11.171967663300471,6.45354508767256,0,0,1,3,1,12,148.8311999999998,nan,True,False,True,False,True,None,None
I03,"(2S)-2-AMINO-2-BENZYL-3-HYDROXYPROPYL
3-({[(1R)-1-(4-FLUOROPHENYL)ETHYL]AMINO}CARBONYL)-5-[METHYL(METHYLSULFONYL)AMINO]BENZOATE",C28 H32 F N3 O6 S,non-polymer,C[C@H](c1ccc(cc1)F)NC(=O)c2cc(cc(c2)N(C)S(=O)(=O)C)C(=O)OC[C@](Cc3ccccc3)(CO)N,C[C@@H](NC(=O)c1cc(C(=O)OC[C@@](N)(CO)Cc2ccccc2)cc(N(C)S(C)(=O)=O)c1)c1ccc(F)cc1,False,C[C@@H](NC(=O)c1cc(C(=O)OC[C@@](N)(CO)Cc2ccccc2)cc(N(C)S(C)(=O)=O)c1)c1ccc(F)cc1,"InChI=1S/C28H32FN3O6S/c1-19(21-9-11-24(29)12-10-21)31-26(34)22-13-23(15-25(14-22)32(2)39(3,36)37)27(35)38-18-28(30,17-33)16-20-7-5-4-6-8-20/h4-15,19,33H,16-18,30H2,1-3H3,(H,31,34)/t19-,28+/m1/s1",JVYHUOIVVLDSHT-GDJIYFAZSA-N,557.6440000000002,2.8018000000000005,139.03000000000003,7,3,11,3,3,0.2857142857142857,39,0,0,0.3082323435357355,1416.9707508461424,-3.8,29.751508844953175,12.371550094517962,8.091366453391263,0,0,0,3,0,11,146.40269999999987,nan,True,False,False,False,True,None,None
I02,"3-{5-[(1R)-1-AMINO-1-METHYL-2-PHENYLETHYL]-1,3,4-OXADIAZOL-2-YL}-N-[(1R)-1-(4-FLUOROPHENYL)ETHYL]-5-[METHYL(METHYLSULFONYL)AMINO]BENZAMIDE",C28 H30 F N5 O4 S,non-polymer,C[C@H](c1ccc(cc1)F)NC(=O)c2cc(cc(c2)N(C)S(=O)(=O)C)c3nnc(o3)[C@@](C)(Cc4ccccc4)N,C[C@@H](NC(=O)c1cc(-c2nnc([C@](C)(N)Cc3ccccc3)o2)cc(N(C)S(C)(=O)=O)c1)c1ccc(F)cc1,False,C[C@@H](NC(=O)c1cc(-c2nnc([C@](C)(N)Cc3ccccc3)o2)cc(N(C)S(C)(=O)=O)c1)c1ccc(F)cc1,"InChI=1S/C28H30FN5O4S/c1-18(20-10-12-23(29)13-11-20)31-25(35)21-14-22(16-24(15-21)34(3)39(4,36)37)26-32-33-27(38-26)28(2,30)17-19-8-6-5-7-9-19/h5-16,18H,17,30H2,1-4H3,(H,31,35)/t18-,28-/m1/s1",QEJSJQVKMSAHHX-KWMCUTETSA-N,551.6440000000002,4.179100000000003,131.42000000000002,7,2,9,4,4,0.25,39,0,0,0.31901485737176116,1571.2585531808036,-4.09,27.931731556663415,10.95157103593632,6.677329702463992,0,0,0,4,0,11,146.94739999999982,nan,True,True,False,False,True,None,None
1SQ,ISOQUINOLIN-1-AMINE,C9 H8 N2,non-polymer,c1ccc2c(c1)ccnc2N,Nc1nccc2ccccc12,False,Nc1nccc2ccccc12,"InChI=1S/C9H8N2/c10-9-8-4-2-1-3-7(8)5-6-11-9/h1-6H,(H2,10,11)",OSILBMSORKFRTB-UHFFFAOYSA-N,144.17699999999996,1.8169999999999995,38.91,2,1,0,2,2,0.0,11,0,0,0.6120847733236582,376.7244463345713,-1.57,6.160248407637458,2.234974333040861,0.9232172685828138,0,0,0,2,0,2,46.155400000000014,nan,True,True,True,False,False,None,None
QIN,"N-[(1S,2S)-2-AMINO-1-(3-THIENYLMETHYL)HEXYL]-2-({[(1S,2S)-2-METHYLCYCLOPROPYL]METHYL}AMINO)-6-[METHYL(METHYLSULFONYL)AMINO]ISONICOTINAMIDE",C24 H37 N5 O3 S2,non-polymer,CCCC[C@@H]([C@H](Cc1ccsc1)NC(=O)c2cc(nc(c2)N(C)S(=O)(=O)C)NC[C@H]3C[C@@H]3C)N,CCCC[C@H](N)[C@H](Cc1ccsc1)NC(=O)c1cc(NC[C@H]2C[C@@H]2C)nc(N(C)S(C)(=O)=O)c1,False,CCCC[C@H](N)[C@H](Cc1ccsc1)NC(=O)c1cc(NC[C@H]2C[C@@H]2C)nc(N(C)S(C)(=O)=O)c1,"InChI=1S/C24H37N5O3S2/c1-5-6-7-20(25)21(11-17-8-9-33-15-17)27-24(30)18-12-22(26-14-19-10-16(19)2)28-23(13-18)29(3)34(4,31)32/h8-9,12-13,15-16,19-21H,5-7,10-11,14,25H2,1-4H3,(H,26,28)(H,27,30)/t16-,19+,20-,21-/m0/s1",MSSOOXCWRUWADA-CZGNIMDHSA-N,507.7260000000003,3.4654000000000016,117.42,7,3,13,3,2,0.5833333333333334,34,0,0,0.382172901103613,1058.5656474793213,-2.1700000000000004,26.435022993634863,11.50552877409196,7.413719554135683,0,0,1,2,1,10,140.0221,nan,True,False,True,False,True,None,None
CMZ,"(2S)-1-(2,5-dimethylphenoxy)-3-morpholin-4-ylpropan-2-ol",C15 H23 N O3,non-polymer,Cc1ccc(c(c1)OC[C@H](CN2CCOCC2)O)C,Cc1ccc(C)c(OC[C@@H](O)CN2CCOCC2)c1,False,Cc1ccc(C)c(OC[C@@H](O)CN2CCOCC2)c1,"InChI=1S/C15H23NO3/c1-12-3-4-13(2)15(9-12)19-11-14(17)10-16-5-7-18-8-6-16/h3-4,9,14,17H,5-8,10-11H2,1-2H3/t14-/m0/s1",HVMGGHDPXHODHE-AWEZNQCLSA-N,265.35299999999995,1.3753399999999996,41.93000000000001,4,1,5,2,1,0.6,19,0,0,0.8730270477468133,402.377202075306,-1.1,14.312082528484643,6.89100014515895,4.492246261419282,0,0,1,1,1,4,74.67680000000004,nan,True,True,True,False,True,None,None
2AQ,QUINOLIN-2-AMINE,C9 H8 N2,non-polymer,c1ccc2c(c1)ccc(n2)N,Nc1ccc2ccccc2n1,False,Nc1ccc2ccccc2n1,"InChI=1S/C9H8N2/c10-9-6-5-7-3-1-2-4-8(7)11-9/h1-6H,(H2,10,11)",GCMNJUJAKQGROZ-UHFFFAOYSA-N,144.17699999999996,1.8169999999999995,38.91,2,1,0,2,2,0.0,11,0,0,0.6120847733236582,381.97444633457127,-1.5699999999999998,6.160248407637458,2.234974333040861,1.02612164813026,0,0,0,2,0,2,46.155400000000014,nan,True,True,True,False,False,None,None
4FP,4-(4-FLUOROBENZYL)PIPERIDINE,C12 H16 F N,non-polymer,c1cc(ccc1CC2CCNCC2)F,Fc1ccc(CC2CCNCC2)cc1,False,Fc1ccc(CC2CCNCC2)cc1,"InChI=1S/C12H16FN/c13-12-3-1-10(2-4-12)9-11-5-7-14-8-6-11/h1-4,11,14H,5-9H2",JLAKCHGEEBPDQI-UHFFFAOYSA-N,193.26499999999996,2.3678,12.03,1,1,2,2,1,0.5,14,0,0,0.7599922392184494,274.87813282809503,-0.8900000000000001,9.65688257344214,4.557591121317941,2.548237505781114,0,0,1,1,1,2,55.697700000000026,nan,True,True,True,False,False,None,None
8AP,"N~3~-BENZYLPYRIDINE-2,3-DIAMINE",C12 H13 N3,non-polymer,c1ccc(cc1)CNc2cccnc2N,Nc1ncccc1NCc1ccccc1,False,Nc1ncccc1NCc1ccccc1,"InChI=1S/C12H13N3/c13-12-11(7-4-8-14-12)15-9-10-5-2-1-3-6-10/h1-8,15H,9H2,(H2,13,14)",MUKAGFLFIMVSQN-UHFFFAOYSA-N,199.257,2.2758999999999996,50.94,3,2,3,2,2,0.08333333333333333,15,0,0,0.7968940457460196,425.892182196337,-2.03,9.522159782005515,4.460784585327243,2.465042169681875,0,0,0,2,0,3,62.41810000000002,nan,True,True,True,False,False,None,None
7IP,6-[2-(3'-METHOXYBIPHENYL-3-YL)ETHYL]PYRIDIN-2-AMINE,C20 H20 N2 O,non-polymer,COc1cccc(c1)c2cccc(c2)CCc3cccc(n3)N,COc1cccc(-c2cccc(CCc3cccc(N)n3)c2)c1,False,COc1cccc(-c2cccc(CCc3cccc(N)n3)c2)c1,"InChI=1S/C20H20N2O/c1-23-19-9-3-7-17(14-19)16-6-2-5-15(13-16)11-12-18-8-4-10-20(21)22-18/h2-10,13-14H,11-12H2,1H3,(H2,21,22)",AEVBKBAFFJKFJZ-UHFFFAOYSA-N,304.39300000000003,4.124600000000002,48.14,3,1,5,3,3,0.15,23,0,0,0.7708939056744238,798.9049283758615,-2.8099999999999996,15.099816304393963,6.966492065653314,3.8880103410676408,0,0,0,3,0,3,94.48740000000004,nan,True,True,True,True,True,None,None
6IP,6-[2-(1H-INDOL-6-YL)ETHYL]PYRIDIN-2-AMINE,C15 H15 N3,non-polymer,c1cc(nc(c1)N)CCc2ccc3cc[nH]c3c2,Nc1cccc(CCc2ccc3cc[nH]c3c2)n1,False,Nc1cccc(CCc2ccc3cc[nH]c3c2)n1,"InChI=1S/C15H15N3/c16-15-3-1-2-13(18-15)7-5-11-4-6-12-8-9-17-14(12)10-11/h1-4,6,8-10,17H,5,7H2,(H2,16,18)",OSHSZKRWKLQZBV-UHFFFAOYSA-N,237.30600000000004,2.930300000000001,54.699999999999996,2,2,3,3,3,0.13333333333333333,18,0,0,0.7355054496299614,670.0652558208935,-2.2899999999999996,10.838380862257573,4.528371949089405,2.202602216098053,0,0,0,3,0,3,74.35610000000003,nan,True,True,True,False,True,None,None
9IP,"N~3~-[3-(5-METHOXYPYRIDIN-3-YL)BENZYL]PYRIDINE-2,3-DIAMINE",C18 H18 N4 O,non-polymer,COc1cc(cnc1)c2cccc(c2)CNc3cccnc3N,COc1cncc(-c2cccc(CNc3cccnc3N)c2)c1,False,COc1cncc(-c2cccc(CNc3cccnc3N)c2)c1,"InChI=1S/C18H18N4O/c1-23-16-9-15(11-20-12-16)14-5-2-4-13(8-14)10-22-17-6-3-7-21-18(17)19/h2-9,11-12,22H,10H2,1H3,(H2,19,21)",PGAWZMRRCVSRIM-UHFFFAOYSA-N,306.3690000000001,3.3465,73.06,5,2,5,3,3,0.1111111111111111,23,0,0,0.7560106375761234,804.2848402476471,-3.0799999999999996,14.84056715861261,6.786939289084619,3.5758244228284974,0,0,0,3,0,5,92.20110000000003,nan,True,True,True,True,True,None,None
8IP,"N~3~-(3-PYRIDIN-3-YLBENZYL)PYRIDINE-2,3-DIAMINE",C17 H16 N4,non-polymer,c1cc(cc(c1)c2cccnc2)CNc3cccnc3N,Nc1ncccc1NCc1cccc(-c2cccnc2)c1,False,Nc1ncccc1NCc1cccc(-c2cccnc2)c1,"InChI=1S/C17H16N4/c18-17-16(7-3-9-20-17)21-11-13-4-1-5-14(10-13)15-6-2-8-19-12-15/h1-10,12,21H,11H2,(H2,18,20)",NQSBHBFOOVYRNM-UHFFFAOYSA-N,276.343,3.3378999999999994,63.83,4,2,4,3,3,0.058823529411764705,21,0,0,0.7668109621687763,725.6196551994128,-2.88,13.119272753143168,6.048594425735942,3.173206448700454,0,0,0,3,0,4,85.64910000000003,nan,True,True,True,True,True,None,None
IP6,"N~3~-[3-(1H-INDOL-6-YL)BENZYL]PYRIDINE-2,3-DIAMINE",C20 H18 N4,non-polymer,c1cc(cc(c1)c2ccc3cc[nH]c3c2)CNc4cccnc4N,Nc1ncccc1NCc1cccc(-c2ccc3cc[nH]c3c2)c1,False,Nc1ncccc1NCc1cccc(-c2ccc3cc[nH]c3c2)c1,"InChI=1S/C20H18N4/c21-20-18(5-2-9-23-20)24-13-14-3-1-4-16(11-14)17-7-6-15-8-10-22-19(15)12-17/h1-12,22,24H,13H2,(H2,21,23)",LPQUIIHPUGDHJK-UHFFFAOYSA-N,314.39200000000005,4.424200000000003,66.73,3,3,4,4,4,0.05,24,0,0,0.5220142664261167,987.5345677863295,-3.2699999999999996,14.330389548880873,6.083730365543011,2.815482587807412,0,0,0,4,0,4,99.7108,nan,True,True,True,True,True,None,None
IP7,"N~3~-[5-(1H-INDOL-6-YL)-2-(PYRIDIN-2-YLMETHOXY)BENZYL]PYRIDINE-2,3-DIAMINE",C26 H23 N5 O,non-polymer,c1ccnc(c1)COc2ccc(cc2CNc3cccnc3N)c4ccc5cc[nH]c5c4,Nc1ncccc1NCc1cc(-c2ccc3cc[nH]c3c2)ccc1OCc1ccccn1,False,Nc1ncccc1NCc1cc(-c2ccc3cc[nH]c3c2)ccc1OCc1ccccn1,"InChI=1S/C26H23N5O/c27-26-23(5-3-12-30-26)31-16-21-14-19(20-7-6-18-10-13-29-24(18)15-20)8-9-25(21)32-17-22-4-1-2-11-28-22/h1-15,29,31H,16-17H2,(H2,27,30)",KMBPJSHPAXOXBT-UHFFFAOYSA-N,421.50400000000013,5.398200000000003,88.85,5,3,7,5,5,0.07692307692307693,32,0,0,0.327468490170003,1346.9712262860537,-4.3199999999999985,19.63212860932558,8.813522857058128,4.248094663469039,0,0,0,5,0,6,128.2798,nan,True,True,True,True,False,None,None
23I,"N-[(1S,2S,4R)-2-HYDROXY-1-ISOBUTYL-5-({(1S)-1-[(ISOPROPYLAMINO)CARBONYL]-2-METHYLPROPYL}AMINO)-4-METHYL-5-OXOPENTYL]-5-[METHYL(METHYLSULFONYL)AMINO]-N'-[(1R)-1-PHENYLETHYL]ISOPHTHALAMIDE",C36 H55 N5 O7 S,non-polymer,CC(C)C[C@@H]([C@H](C[C@@H](C)C(=O)N[C@@H](C(C)C)C(=O)NC(C)C)O)NC(=O)c1cc(cc(c1)[N@@](C)S(=O)(=O)C)C(=O)N[C@H](C)c2ccccc2,CC(C)C[C@H](NC(=O)c1cc(C(=O)N[C@H](C)c2ccccc2)cc(N(C)S(C)(=O)=O)c1)[C@@H](O)C[C@@H](C)C(=O)N[C@H](C(=O)NC(C)C)C(C)C,False,CC(C)C[C@H](NC(=O)c1cc(C(=O)N[C@H](C)c2ccccc2)cc(N(C)S(C)(=O)=O)c1)[C@@H](O)C[C@@H](C)C(=O)N[C@H](C(=O)NC(C)C)C(C)C,"InChI=1S/C36H55N5O7S/c1-21(2)16-30(31(42)17-24(7)33(43)40-32(22(3)4)36(46)37-23(5)6)39-35(45)28-18-27(19-29(20-28)41(9)49(10,47)48)34(44)38-25(8)26-14-12-11-13-15-26/h11-15,18-25,30-32,42H,16-17H2,1-10H3,(H,37,46)(H,38,44)(H,39,45)(H,40,43)/t24-,25-,30+,31+,32+/m1/s1",BJOCXJJVELLFKM-LLWRDSBASA-N,701.9310000000002,3.770400000000004,174.01,7,5,17,2,2,0.5555555555555556,49,0,0,0.16697439273906547,1546.0065296471491,-3.9699999999999998,41.20191179995817,18.14483147118234,12.774510030078929,0,0,0,2,0,13,192.55639999999943,nan,True,False,False,False,False,None,None
MY9,"N-{(1S,2S)-1-BENZYL-2-HYDROXY-2-[(4S)-1,2,2-TRIMETHYL-5-OXOIMIDAZOLIDIN-4-YL]ETHYL}-N'-[(1R)-1-(4-FLUOROPHENYL)ETHYL]-5-[METHYL(METHYLSULFONYL)AMINO]ISOPHTHALAMIDE",C33 H40 F N5 O6 S,non-polymer,C[C@H](c1ccc(cc1)F)NC(=O)c2cc(cc(c2)N(C)S(=O)(=O)C)C(=O)N[C@@H](Cc3ccccc3)[C@@H]([C@H]4C(=O)N(C(N4)(C)C)C)O,C[C@@H](NC(=O)c1cc(C(=O)N[C@@H](Cc2ccccc2)[C@H](O)[C@@H]2NC(C)(C)N(C)C2=O)cc(N(C)S(C)(=O)=O)c1)c1ccc(F)cc1,False,C[C@@H](NC(=O)c1cc(C(=O)N[C@@H](Cc2ccccc2)[C@H](O)[C@@H]2NC(C)(C)N(C)C2=O)cc(N(C)S(C)(=O)=O)c1)c1ccc(F)cc1,"InChI=1S/C33H40FN5O6S/c1-20(22-12-14-25(34)15-13-22)35-30(41)23-17-24(19-26(18-23)39(5)46(6,44)45)31(42)36-27(16-21-10-8-7-9-11-21)29(40)28-32(43)38(4)33(2,3)37-28/h7-15,17-20,27-29,37,40H,16H2,1-6H3,(H,35,41)(H,36,42)/t20-,27+,28+,29+/m1/s1",YNXGIROKYOHHJW-UFAZYNLISA-N,653.7770000000002,2.5808000000000013,148.15,7,4,11,4,3,0.36363636363636365,46,0,0,0.24877851870763104,1701.1248874636549,-4.33,34.541400343057504,13.572644641667733,7.897196629508978,0,0,1,3,1,13,173.1496999999996,nan,True,False,False,False,False,None,None
712,3-({[(1R)-1-(4-FLUOROPHENYL)ETHYL]AMINO}CARBONYL)-5-[METHYL(METHYLSULFONYL)AMINO]BENZYL ALPHA-METHYL-D-PHENYLALANINATE,C28 H32 F N3 O5 S,non-polymer,C[C@H](c1ccc(cc1)F)NC(=O)c2cc(cc(c2)N(C)S(=O)(=O)C)COC(=O)[C@@](C)(Cc3ccccc3)N,C[C@@H](NC(=O)c1cc(COC(=O)[C@](C)(N)Cc2ccccc2)cc(N(C)S(C)(=O)=O)c1)c1ccc(F)cc1,False,C[C@@H](NC(=O)c1cc(COC(=O)[C@](C)(N)Cc2ccccc2)cc(N(C)S(C)(=O)=O)c1)c1ccc(F)cc1,"InChI=1S/C28H32FN3O5S/c1-19(22-10-12-24(29)13-11-22)31-26(33)23-14-21(15-25(16-23)32(3)38(4,35)36)18-37-27(34)28(2,30)17-20-8-6-5-7-9-20/h5-16,19H,17-18,30H2,1-4H3,(H,31,33)/t19-,28-/m1/s1",PTQRJCCBUDSHTQ-WHLCRQNOSA-N,541.6450000000003,3.7158000000000015,118.8,6,2,10,3,3,0.2857142857142857,38,0,0,0.3778931897114741,1393.7463212537164,-3.76,28.805764659444765,11.743883102305064,7.624406079939954,0,0,0,3,0,10,144.50439999999986,nan,True,True,True,False,True,None,None
XX4,3-(2-AMINO-6-BENZOYLQUINAZOLIN-3(4H)-YL)-N-CYCLOHEXYL-N-METHYLPROPANAMIDE,C25 H30 N4 O2,non-polymer,CN(C1CCCCC1)C(=O)CCN2Cc3cc(ccc3N=C2N)C(=O)c4ccccc4,CN(C(=O)CCN1Cc2cc(C(=O)c3ccccc3)ccc2N=C1N)C1CCCCC1,False,CN(C(=O)CCN1Cc2cc(C(=O)c3ccccc3)ccc2N=C1N)C1CCCCC1,"InChI=1S/C25H30N4O2/c1-28(21-10-6-3-7-11-21)23(30)14-15-29-17-20-16-19(12-13-22(20)27-25(29)26)24(31)18-8-4-2-5-9-18/h2,4-5,8-9,12-13,16,21H,3,6-7,10-11,14-15,17H2,1H3,(H2,26,27)",KTRFBFMYAJOXLG-UHFFFAOYSA-N,418.54100000000017,3.8606000000000025,79.0,5,1,6,4,2,0.4,31,0,0,0.7227108289093076,980.271441953237,-3.1499999999999995,21.09616156495197,9.330957030615151,4.787448793752242,0,0,2,2,1,6,122.26890000000003,nan,True,True,True,True,True,None,None
35A,"N-[(5R,14R)-5-AMINO-5,14-DIMETHYL-4-OXO-3-OXA-18-AZATRICYCLO[15.3.1.1~7,11~]DOCOSA-1(21),7(22),8,10,17,19-HEXAEN-19-YL]-N-METHYLMETHANESULFONAMIDE",C24 H33 N3 O4 S,non-polymer,C[C@@H]1CCc2cccc(c2)C[C@@](C(=O)OCc3cc(nc(c3)[N@](C)S(=O)(=O)C)CC1)(C)N,C[C@@H]1CCc2cccc(c2)C[C@@](C)(N)C(=O)OCc2cc(nc(N(C)S(C)(=O)=O)c2)CC1,False,C[C@@H]1CCc2cccc(c2)C[C@@](C)(N)C(=O)OCc2cc(nc(N(C)S(C)(=O)=O)c2)CC1,"InChI=1S/C24H33N3O4S/c1-17-8-10-18-6-5-7-19(12-18)15-24(2,25)23(28)31-16-20-13-21(11-9-17)26-22(14-20)27(3)32(4,29)30/h5-7,12-14,17H,8-11,15-16,25H2,1-4H3/t17-,24-/m1/s1",QWDOKZPZLWNULU-MZNJEOGPSA-N,459.6120000000002,2.9956000000000005,102.58999999999999,6,1,2,3,2,0.5,32,0,0,0.6928302046885357,1082.401952058677,-2.45,24.19752700540736,9.584032470110053,6.293359304427293,0,4,1,2,0,8,125.82420000000006,nan,True,True,True,True,True,None,None
3MR,"(4S)-4-(2-AMINO-6-PHENOXYQUINAZOLIN-3(4H)-YL)-N,4-DICYCLOHEXYL-N-METHYLBUTANAMIDE",C31 H42 N4 O2,non-polymer,CN(C1CCCCC1)C(=O)CC[C@@H](C2CCCCC2)N3Cc4cc(ccc4N=C3N)Oc5ccccc5,CN(C(=O)CC[C@@H](C1CCCCC1)N1Cc2cc(Oc3ccccc3)ccc2N=C1N)C1CCCCC1,False,CN(C(=O)CC[C@@H](C1CCCCC1)N1Cc2cc(Oc3ccccc3)ccc2N=C1N)C1CCCCC1,"InChI=1S/C31H42N4O2/c1-34(25-13-7-3-8-14-25)30(36)20-19-29(23-11-5-2-6-12-23)35-22-24-21-27(17-18-28(24)33-31(35)32)37-26-15-9-4-10-16-26/h4,9-10,15-18,21,23,25,29H,2-3,5-8,11-14,19-20,22H2,1H3,(H2,32,33)/t29-/m0/s1",JKQCQYBXDQPJNC-LJAQVGFWSA-N,502.70300000000026,6.7609000000000075,71.16000000000001,5,1,8,5,2,0.5483870967741935,37,0,0,0.4327999420033619,1073.87051598659,-3.0199999999999996,25.622102034800612,12.016656923465641,6.2826300631476535,0,0,3,2,2,6,149.0233999999998,nan,False,True,False,False,False,None,None
CS5,"N'-{(1S,2R)-1-(3,5-DIFLUOROBENZYL)-2-HYDROXY-3-[(3-METHOXYBENZYL)AMINO]PROPYL}-5-METHYL-N,N-DIPROPYLISOPHTHALAMIDE",C33 H41 F2 N3 O4,non-polymer,CCCN(CCC)C(=O)c1cc(cc(c1)C(=O)N[C@@H](Cc2cc(cc(c2)F)F)[C@@H](CNCc3cccc(c3)OC)O)C,CCCN(CCC)C(=O)c1cc(C)cc(C(=O)N[C@@H](Cc2cc(F)cc(F)c2)[C@H](O)CNCc2cccc(OC)c2)c1,False,CCCN(CCC)C(=O)c1cc(C)cc(C(=O)N[C@@H](Cc2cc(F)cc(F)c2)[C@H](O)CNCc2cccc(OC)c2)c1,"InChI=1S/C33H41F2N3O4/c1-5-10-38(11-6-2)33(41)26-13-22(3)12-25(18-26)32(40)37-30(17-24-14-27(34)19-28(35)15-24)31(39)21-36-20-23-8-7-9-29(16-23)42-4/h7-9,12-16,18-19,30-31,36,39H,5-6,10-11,17,20-21H2,1-4H3,(H,37,40)/t30-,31+/m0/s1",JEEOUWBWJFSMIP-IOWSJCHKSA-N,581.7040000000003,5.0358200000000055,90.9,5,3,15,3,3,0.3939393939393939,42,0,0,0.23417376000661058,1324.3710920967135,-3.8199999999999985,32.69149865426388,15.983913410800543,9.632660167153688,0,0,0,3,0,9,159.6881999999997,nan,False,False,True,False,False,None,None
CS7,"N'-[(1S,2R)-2-[(2R,4R)-4-(BENZYLOXY)PYRROLIDIN-2-YL]-1-(3,5-DIFLUOROBENZYL)-2-HYDROXYETHYL]-5-METHYL-N,N-DIPROPYLISOPHTHALAMIDE",C35 H43 F2 N3 O4,non-polymer,CCCN(CCC)C(=O)c1cc(cc(c1)C(=O)N[C@@H](Cc2cc(cc(c2)F)F)[C@@H]([C@H]3C[C@H](CN3)OCc4ccccc4)O)C,CCCN(CCC)C(=O)c1cc(C)cc(C(=O)N[C@@H](Cc2cc(F)cc(F)c2)[C@H](O)[C@H]2C[C@@H](OCc3ccccc3)CN2)c1,False,CCCN(CCC)C(=O)c1cc(C)cc(C(=O)N[C@@H](Cc2cc(F)cc(F)c2)[C@H](O)[C@H]2C[C@@H](OCc3ccccc3)CN2)c1,"InChI=1S/C35H43F2N3O4/c1-4-11-40(12-5-2)35(43)27-14-23(3)13-26(18-27)34(42)39-32(17-25-15-28(36)19-29(37)16-25)33(41)31-20-30(21-38-31)44-22-24-9-7-6-8-10-24/h6-10,13-16,18-19,30-33,38,41H,4-5,11-12,17,20-22H2,1-3H3,(H,39,42)/t30-,31-,32+,33-/m1/s1",GZHSLBYVXGDJDF-NXVJRICRSA-N,607.7420000000004,5.184720000000006,90.9,5,3,14,4,3,0.42857142857142855,44,0,0,0.2349565407381603,1377.7258202642045,-3.6599999999999984,33.23738066636584,15.882832687470156,9.172683836749528,0,0,1,3,1,9,166.4141999999996,nan,False,False,True,False,False,None,None
CS9,"N'-{(1S,2R)-1-(3,5-DIFLUOROBENZYL)-2-HYDROXY-2-[(2R,4R)-4-PHENOXYPYRROLIDIN-2-YL]ETHYL}-5-METHYL-N,N-DIPROPYLISOPHTHALAMIDE",C34 H41 F2 N3 O4,non-polymer,CCCN(CCC)C(=O)c1cc(cc(c1)C(=O)N[C@@H](Cc2cc(cc(c2)F)F)[C@@H]([C@H]3C[C@H](CN3)Oc4ccccc4)O)C,CCCN(CCC)C(=O)c1cc(C)cc(C(=O)N[C@@H](Cc2cc(F)cc(F)c2)[C@H](O)[C@H]2C[C@@H](Oc3ccccc3)CN2)c1,False,CCCN(CCC)C(=O)c1cc(C)cc(C(=O)N[C@@H](Cc2cc(F)cc(F)c2)[C@H](O)[C@H]2C[C@@H](Oc3ccccc3)CN2)c1,"InChI=1S/C34H41F2N3O4/c1-4-11-39(12-5-2)34(42)25-14-22(3)13-24(18-25)33(41)38-31(17-23-15-26(35)19-27(36)16-23)32(40)30-20-29(21-37-30)43-28-9-7-6-8-10-28/h6-10,13-16,18-19,29-32,37,40H,4-5,11-12,17,20-21H2,1-3H3,(H,38,41)/t29-,30-,31+,32-/m1/s1",YDCNYSQITCUGST-FEFKUCBWSA-N,593.7150000000004,5.046920000000005,90.9,5,3,13,4,3,0.4117647058823529,43,0,0,0.2582756172469799,1361.0569754495657,-3.8199999999999985,32.10133759873522,15.069705780738245,8.842364355873118,0,0,1,3,1,9,162.25319999999965,nan,False,False,True,False,False,None,None
SC6,"N-{(1S,2R)-1-(3,5-DIFLUOROBENZYL)-2-HYDROXY-2-[(2R,4R)-4-PHENOXYPYRROLIDIN-2-YL]ETHYL}-3-{[(2R)-2-(METHOXYMETHYL)PYRROLIDIN-1-YL]CARBONYL}-5-METHYLBENZAMIDE",C34 H39 F2 N3 O5,non-polymer,Cc1cc(cc(c1)C(=O)N2CCC[C@@H]2COC)C(=O)N[C@@H](Cc3cc(cc(c3)F)F)[C@@H]([C@H]4C[C@H](CN4)Oc5ccccc5)O,COC[C@H]1CCCN1C(=O)c1cc(C)cc(C(=O)N[C@@H](Cc2cc(F)cc(F)c2)[C@H](O)[C@H]2C[C@@H](Oc3ccccc3)CN2)c1,False,COC[C@H]1CCCN1C(=O)c1cc(C)cc(C(=O)N[C@@H](Cc2cc(F)cc(F)c2)[C@H](O)[C@H]2C[C@@H](Oc3ccccc3)CN2)c1,"InChI=1S/C34H39F2N3O5/c1-21-11-23(16-24(12-21)34(42)39-10-6-7-27(39)20-43-2)33(41)38-31(15-22-13-25(35)17-26(36)14-22)32(40)30-18-29(19-37-30)44-28-8-4-3-5-9-28/h3-5,8-9,11-14,16-17,27,29-32,37,40H,6-7,10,15,18-20H2,1-2H3,(H,38,41)/t27-,29-,30-,31+,32-/m1/s1",KYHYNSQLYDXSNK-MXWGZHRFSA-N,607.6980000000002,4.035720000000004,100.13000000000001,6,3,11,5,3,0.4117647058823529,44,0,0,0.3045430882676793,1435.8325037733841,-3.8599999999999985,31.56126146796996,14.281474331041457,7.797494740313133,0,0,2,3,2,10,161.70219999999966,nan,True,False,True,False,False,None,None
SC7,"N'-{(1S,2R)-1-(3,5-DIFLUOROBENZYL)-2-[(2R,4S)-4-ETHOXYPIPERIDIN-2-YL]-2-HYDROXYETHYL}-5-METHYL-N,N-DIPROPYLISOPHTHALAMIDE",C31 H43 F2 N3 O4,non-polymer,CCCN(CCC)C(=O)c1cc(cc(c1)C(=O)N[C@@H](Cc2cc(cc(c2)F)F)[C@@H]([C@H]3C[C@H](CCN3)OCC)O)C,CCCN(CCC)C(=O)c1cc(C)cc(C(=O)N[C@@H](Cc2cc(F)cc(F)c2)[C@H](O)[C@H]2C[C@@H](OCC)CCN2)c1,False,CCCN(CCC)C(=O)c1cc(C)cc(C(=O)N[C@@H](Cc2cc(F)cc(F)c2)[C@H](O)[C@H]2C[C@@H](OCC)CCN2)c1,"InChI=1S/C31H43F2N3O4/c1-5-10-36(11-6-2)31(39)23-13-20(4)12-22(17-23)30(38)35-28(16-21-14-24(32)18-25(33)15-21)29(37)27-19-26(40-7-3)8-9-34-27/h12-15,17-18,26-29,34,37H,5-11,16,19H2,1-4H3,(H,35,38)/t26-,27+,28-,29+/m0/s1",JWYOKBPWLVCFKU-ICYKMPLBSA-N,559.6980000000003,4.394520000000004,90.9,5,3,13,3,2,0.5483870967741935,40,0,0,0.3386914209884342,1117.3087017308596,-2.879999999999999,31.645047988256994,15.21041909004053,8.810960892818416,0,0,1,2,1,9,151.42619999999982,nan,True,False,True,False,True,None,None
462,N-[amino(imino)methyl]-2-[2-(2-chlorophenyl)-4-(4-propoxyphenyl)-3-thienyl]acetamide,C22 H22 Cl N3 O2 S,non-polymer,[H]/N=C(\N)/NC(=O)Cc1c(csc1c2ccccc2Cl)c3ccc(cc3)OCCC,[H]/N=C(\N)NC(=O)Cc1c(-c2ccc(OCCC)cc2)csc1-c1ccccc1Cl,False,[H]/N=C(\N)NC(=O)Cc1c(-c2ccc(OCCC)cc2)csc1-c1ccccc1Cl,"InChI=1S/C22H22ClN3O2S/c1-2-11-28-15-9-7-14(8-10-15)18-13-29-21(16-5-3-4-6-19(16)23)17(18)12-20(27)26-22(24)25/h3-10,13H,2,11-12H2,1H3,(H4,24,25,26,27)",VZSMTBLDWPKVRW-UHFFFAOYSA-N,427.9570000000003,5.076470000000004,88.2,4,3,7,3,3,0.18181818181818182,29,0,0,0.36271251706040714,1050.7911399837296,-2.8299999999999987,19.484860259664924,9.58361532368513,5.160650515288355,0,0,0,3,0,7,119.74780000000001,nan,True,True,True,True,False,None,imine_1; imine_2
I21,"2-[(5R)-5-amino-5-methyl-4,16-dioxo-14-phenyl-3-oxa-15-azatricyclo[15.3.1.1~7,11~]docosa-1(21),7(22),8,10,12,14,17,19-octaen-19-yl]benzonitrile",C34 H27 N3 O3,non-polymer,C[C@]1(Cc2cccc(c2)C=CC(=NC(=O)c3cc(cc(c3)c4ccccc4C#N)COC1=O)c5ccccc5)N,C[C@@]1(N)Cc2cccc(c2)C=CC(c2ccccc2)=NC(=O)c2cc(cc(-c3ccccc3C#N)c2)COC1=O,False,C[C@@]1(N)Cc2cccc(c2)C=CC(c2ccccc2)=NC(=O)c2cc(cc(-c3ccccc3C#N)c2)COC1=O,"InChI=1S/C34H27N3O3/c1-34(36)20-24-9-7-8-23(16-24)14-15-31(26-10-3-2-4-11-26)37-32(38)29-18-25(22-40-33(34)39)17-28(19-29)30-13-6-5-12-27(30)21-35/h2-19H,20,22,36H2,1H3/t34-/m1/s1",GWSQLGYWQZHSHS-UUWRZZSWSA-N,525.6080000000002,5.884880000000007,105.54,5,1,2,5,4,0.11764705882352941,40,0,0,0.3288831679244653,1695.280035022777,-5.119999999999999,26.485658012836804,11.321079599067103,5.959869671816789,0,4,1,4,0,6,155.47089999999966,nan,False,True,False,False,False,None,None
251,"N-[amino(imino)methyl]-2-(2,5-diphenyl-1H-pyrrol-1-yl)acetamide",C19 H18 N4 O,non-polymer,[H]/N=C(\N)/NC(=O)Cn1c(ccc1c2ccccc2)c3ccccc3,[H]/N=C(\N)NC(=O)Cn1c(-c2ccccc2)ccc1-c1ccccc1,False,[H]/N=C(\N)NC(=O)Cn1c(-c2ccccc2)ccc1-c1ccccc1,"InChI=1S/C19H18N4O/c20-19(21)22-18(24)13-23-16(14-7-3-1-4-8-14)11-12-17(23)15-9-5-2-6-10-15/h1-12H,13H2,(H4,20,21,22,24)",WVLDNAVUCUAGDP-UHFFFAOYSA-N,318.38000000000005,2.8317700000000015,83.9,3,3,4,3,3,0.05263157894736842,24,0,0,0.510339589997699,831.302266220353,-3.3399999999999985,14.264871492380433,6.829438071678354,3.3531617748230014,0,0,0,3,0,5,95.3608,nan,True,True,True,True,True,None,imine_1; imine_2
IXS,N-[(1S)-1-benzyl-2-{[(1S)-2-(isobutylamino)-1-methyl-2-oxoethyl]amino}ethyl]-N'-[(1R)-1-(4-fluorophenyl)ethyl]-5-[methyl(methylsulfonyl)amino]isophthalamide,C34 H44 F N5 O5 S,non-polymer,CC(C)CNC(=O)[C@H](C)NC[C@H](Cc1ccccc1)NC(=O)c2cc(cc(c2)N(C)S(=O)(=O)C)C(=O)N[C@H](C)c3ccc(cc3)F,CC(C)CNC(=O)[C@H](C)NC[C@H](Cc1ccccc1)NC(=O)c1cc(C(=O)N[C@H](C)c2ccc(F)cc2)cc(N(C)S(C)(=O)=O)c1,False,CC(C)CNC(=O)[C@H](C)NC[C@H](Cc1ccccc1)NC(=O)c1cc(C(=O)N[C@H](C)c2ccc(F)cc2)cc(N(C)S(C)(=O)=O)c1,"InChI=1S/C34H44FN5O5S/c1-22(2)20-37-32(41)24(4)36-21-30(16-25-10-8-7-9-11-25)39-34(43)28-17-27(18-31(19-28)40(5)46(6,44)45)33(42)38-23(3)26-12-14-29(35)15-13-26/h7-15,17-19,22-24,30,36H,16,20-21H2,1-6H3,(H,37,41)(H,38,42)(H,39,43)/t23-,24+,30+/m1/s1",FZTXBRKPIRTQCY-QEGDFHJFSA-N,653.8210000000001,3.8039000000000023,136.70999999999998,6,4,15,3,3,0.38235294117647056,46,0,0,0.1971033039815845,1599.8603346226707,-4.29,36.181017957471305,16.32402589229705,10.951999298346246,0,0,0,3,0,12,178.68259999999958,nan,True,False,False,False,False,None,None
VG0,"N-{(1S,2R)-1-benzyl-2-hydroxy-3-[(1,1,5-trimethylhexyl)amino]propyl}-3-(ethylamino)-5-(2-oxopyrrolidin-1-yl)benzamide",C32 H48 N4 O3,non-polymer,CCNc1cc(cc(c1)N2CCCC2=O)C(=O)N[C@@H](Cc3ccccc3)[C@@H](CNC(C)(C)CCCC(C)C)O,CCNc1cc(C(=O)N[C@@H](Cc2ccccc2)[C@H](O)CNC(C)(C)CCCC(C)C)cc(N2CCCC2=O)c1,False,CCNc1cc(C(=O)N[C@@H](Cc2ccccc2)[C@H](O)CNC(C)(C)CCCC(C)C)cc(N2CCCC2=O)c1,"InChI=1S/C32H48N4O3/c1-6-33-26-19-25(20-27(21-26)36-17-11-15-30(36)38)31(39)35-28(18-24-13-8-7-9-14-24)29(37)22-34-32(4,5)16-10-12-23(2)3/h7-9,13-14,19-21,23,28-29,33-34,37H,6,10-12,15-18,22H2,1-5H3,(H,35,39)/t28-,29+/m0/s1",BNTVCVCCNARYIP-URLMMPGGSA-N,536.7610000000003,5.1417000000000055,93.7,5,4,15,3,2,0.5625,39,0,0,0.2528901750265691,1070.338722778111,-2.8999999999999995,30.638781077562157,14.475275304031408,9.65838216198975,0,0,1,2,1,7,160.37039999999968,nan,False,False,True,False,False,None,None
C44,"N-{(1S,2R)-1-benzyl-2-hydroxy-3-[(1S)-1,2,3,4-tetrahydronaphthalen-1-ylamino]propyl}-3-(1,1-dioxido-1,2-thiazinan-2-yl)-5-(ethylamino)benzamide",C33 H42 N4 O4 S,non-polymer,CCNc1cc(cc(c1)[N@@]2CCCCS2(=O)=O)C(=O)N[C@@H](Cc3ccccc3)[C@@H](CN[C@H]4CCCc5c4cccc5)O,CCNc1cc(C(=O)N[C@@H](Cc2ccccc2)[C@H](O)CN[C@H]2CCCc3ccccc32)cc(N2CCCCS2(=O)=O)c1,False,CCNc1cc(C(=O)N[C@@H](Cc2ccccc2)[C@H](O)CN[C@H]2CCCc3ccccc32)cc(N2CCCCS2(=O)=O)c1,"InChI=1S/C33H42N4O4S/c1-2-34-27-20-26(21-28(22-27)37-17-8-9-18-42(37,40)41)33(39)36-31(19-24-11-4-3-5-12-24)32(38)23-35-30-16-10-14-25-13-6-7-15-29(25)30/h3-7,11-13,15,20-22,30-32,34-35,38H,2,8-10,14,16-19,23H2,1H3,(H,36,39)/t30-,31-,32+/m0/s1",OAOKRIOFVOASEG-OWHBQTKESA-N,590.7900000000003,4.417600000000004,110.77000000000001,6,4,11,5,3,0.42424242424242425,42,0,0,0.26331392234281714,1463.8822308690783,-3.399999999999999,30.070717891070995,13.715282815410255,7.320739375268303,0,0,2,3,1,9,168.5031999999996,nan,True,False,True,False,True,None,None
VG4,"N-[(1S,2R)-1-benzyl-3-{[(1S)-2-(cyclohexylamino)-1-methyl-2-oxoethyl]amino}-2-hydroxypropyl]-3-(2-oxo-2,3-dihydro-1H-pyrrol-1-yl)-5-propoxybenzamide",C33 H44 N4 O5,non-polymer,CCCOc1cc(cc(c1)N2C=CCC2=O)C(=O)N[C@@H](Cc3ccccc3)[C@@H](CN[C@@H](C)C(=O)NC4CCCCC4)O,CCCOc1cc(C(=O)N[C@@H](Cc2ccccc2)[C@H](O)CN[C@@H](C)C(=O)NC2CCCCC2)cc(N2C=CCC2=O)c1,False,CCCOc1cc(C(=O)N[C@@H](Cc2ccccc2)[C@H](O)CN[C@@H](C)C(=O)NC2CCCCC2)cc(N2C=CCC2=O)c1,"InChI=1S/C33H44N4O5/c1-3-17-42-28-20-25(19-27(21-28)37-16-10-15-31(37)39)33(41)36-29(18-24-11-6-4-7-12-24)30(38)22-34-23(2)32(40)35-26-13-8-5-9-14-26/h4,6-7,10-12,16,19-21,23,26,29-30,34,38H,3,5,8-9,13-15,17-18,22H2,1-2H3,(H,35,40)(H,36,41)/t23-,29-,30+/m0/s1",OCMGZBXBWVXWRJ-KEPSJGTLSA-N,576.7379999999999,3.854800000000003,120.00000000000001,6,4,14,4,2,0.48484848484848486,42,0,0,0.27126811124384964,1228.2017351974287,-3.69,31.250161068506767,15.5133893419426,8.902680981266094,0,0,2,2,1,9,163.35839999999968,nan,True,False,True,False,True,None,None
VG3,"N-[(1S,2R)-1-benzyl-3-{[(1S)-2-(cyclohexylamino)-1-methyl-2-oxoethyl]amino}-2-hydroxypropyl]-3-(pentylsulfonyl)benzamide",C31 H45 N3 O5 S,non-polymer,CCCCCS(=O)(=O)c1cccc(c1)C(=O)N[C@@H](Cc2ccccc2)[C@@H](CN[C@@H](C)C(=O)NC3CCCCC3)O,CCCCCS(=O)(=O)c1cccc(C(=O)N[C@@H](Cc2ccccc2)[C@H](O)CN[C@@H](C)C(=O)NC2CCCCC2)c1,False,CCCCCS(=O)(=O)c1cccc(C(=O)N[C@@H](Cc2ccccc2)[C@H](O)CN[C@@H](C)C(=O)NC2CCCCC2)c1,"InChI=1S/C31H45N3O5S/c1-3-4-11-19-40(38,39)27-18-12-15-25(21-27)31(37)34-28(20-24-13-7-5-8-14-24)29(35)22-32-23(2)30(36)33-26-16-9-6-10-17-26/h5,7-8,12-15,18,21,23,26,28-29,32,35H,3-4,6,9-11,16-17,19-20,22H2,1-2H3,(H,33,36)(H,34,37)/t23-,28-,29+/m0/s1",FBMGVFBNGKNQCB-WTWMYVDVSA-N,571.7840000000001,3.7795000000000027,124.60000000000001,6,4,15,3,2,0.5483870967741935,40,0,0,0.2413194825906033,1182.4668053972111,-2.75,31.773347803156316,15.884993056933148,10.016915471846659,0,0,1,2,1,9,157.90719999999976,nan,True,False,True,False,True,None,Aliphatic_long_chain
VG5," N-[(1S,2R)-1-benzyl-3-{[(1S)-2-(cyclohexylamino)-1-methyl-2-oxoethyl]amino}-2-hydroxypropyl]-3-(ethylamino)-5-(2-oxopyrrolidin-1-yl)benzamide",C32 H45 N5 O4,non-polymer,CCNc1cc(cc(c1)N2CCCC2=O)C(=O)N[C@@H](Cc3ccccc3)[C@@H](CN[C@@H](C)C(=O)NC4CCCCC4)O,CCNc1cc(C(=O)N[C@@H](Cc2ccccc2)[C@H](O)CN[C@@H](C)C(=O)NC2CCCCC2)cc(N2CCCC2=O)c1,False,CCNc1cc(C(=O)N[C@@H](Cc2ccccc2)[C@H](O)CN[C@@H](C)C(=O)NC2CCCCC2)cc(N2CCCC2=O)c1,"InChI=1S/C32H45N5O4/c1-3-33-26-18-24(19-27(20-26)37-16-10-15-30(37)39)32(41)36-28(17-23-11-6-4-7-12-23)29(38)21-34-22(2)31(40)35-25-13-8-5-9-14-25/h4,6-7,11-12,18-20,22,25,28-29,33-34,38H,3,5,8-10,13-17,21H2,1-2H3,(H,35,40)(H,36,41)/t22-,28-,29+/m0/s1",ARWMRRUIIHCDKG-PWUSVURUSA-N,563.743,3.3742000000000023,122.8,6,5,13,4,2,0.53125,41,0,0,0.2547585426127439,1167.9332058200432,-3.4299999999999997,30.526787275045173,14.98345255991945,8.775734679465572,0,0,2,2,2,9,162.0800999999997,nan,True,False,True,False,True,None,None
VG6,"N-[(1S,2R)-1-benzyl-2-hydroxy-3-{[3-(trifluoromethyl)benzyl]amino}propyl]-3-(ethylamino)-5-(2-oxopyrrolidin-1-yl)benzamide",C31 H35 F3 N4 O3,non-polymer,CCNc1cc(cc(c1)N2CCCC2=O)C(=O)N[C@@H](Cc3ccccc3)[C@@H](CNCc4cccc(c4)C(F)(F)F)O,CCNc1cc(C(=O)N[C@@H](Cc2ccccc2)[C@H](O)CNCc2cccc(C(F)(F)F)c2)cc(N2CCCC2=O)c1,False,CCNc1cc(C(=O)N[C@@H](Cc2ccccc2)[C@H](O)CNCc2cccc(C(F)(F)F)c2)cc(N2CCCC2=O)c1,"InChI=1S/C31H35F3N4O3/c1-2-36-25-16-23(17-26(18-25)38-13-7-12-29(38)40)30(41)37-27(15-21-8-4-3-5-9-21)28(39)20-35-19-22-10-6-11-24(14-22)31(32,33)34/h3-6,8-11,14,16-18,27-28,35-36,39H,2,7,12-13,15,19-20H2,1H3,(H,37,41)/t27-,28+/m0/s1",QPGDTFHILHXFBQ-WUFINQPMSA-N,568.6400000000003,4.755800000000005,93.7,5,4,12,4,3,0.3548387096774194,41,0,0,0.2530426635890791,1333.6834253440193,-3.8899999999999983,30.077421863622234,13.647868427734144,8.308632880568867,0,0,1,3,1,10,152.75039999999976,nan,True,False,True,False,True,None,None
BSD,"N-{(1S,2R)-1-benzyl-2-hydroxy-3-[(3-methoxybenzyl)amino]propyl}-5-[methyl(methylsulfonyl)amino]-N'-[(1R)-1-phenylethyl]benzene-1,3-dicarboxamide",C36 H42 N4 O6 S,non-polymer,C[C@H](c1ccccc1)NC(=O)c2cc(cc(c2)[N@@](C)S(=O)(=O)C)C(=O)N[C@@H](Cc3ccccc3)[C@@H](CNCc4cccc(c4)OC)O,COc1cccc(CNC[C@@H](O)[C@H](Cc2ccccc2)NC(=O)c2cc(C(=O)N[C@H](C)c3ccccc3)cc(N(C)S(C)(=O)=O)c2)c1,False,COc1cccc(CNC[C@@H](O)[C@H](Cc2ccccc2)NC(=O)c2cc(C(=O)N[C@H](C)c3ccccc3)cc(N(C)S(C)(=O)=O)c2)c1,"InChI=1S/C36H42N4O6S/c1-25(28-15-9-6-10-16-28)38-35(42)29-20-30(22-31(21-29)40(2)47(4,44)45)36(43)39-33(19-26-12-7-5-8-13-26)34(41)24-37-23-27-14-11-17-32(18-27)46-3/h5-18,20-22,25,33-34,37,41H,19,23-24H2,1-4H3,(H,38,42)(H,39,43)/t25-,33+,34-/m1/s1",HIQWWDCRULXYDF-SWROZOJRSA-N,658.8210000000001,4.073800000000004,137.07000000000002,7,4,15,4,4,0.2777777777777778,47,0,0,0.15120206867770453,1752.0294072604775,-4.709999999999999,35.149796056336434,16.216329720809092,10.138462632029011,0,0,0,4,0,11,184.11969999999957,nan,True,False,False,False,False,None,None
VG7,"N-[(1S,2R)-1-benzyl-3-(cyclohexylamino)-2-hydroxypropyl]-3-(ethylamino)-5-(2-oxopyrrolidin-1-yl)benzamide",C29 H40 N4 O3,non-polymer,CCNc1cc(cc(c1)N2CCCC2=O)C(=O)N[C@@H](Cc3ccccc3)[C@@H](CNC4CCCCC4)O,CCNc1cc(C(=O)N[C@@H](Cc2ccccc2)[C@H](O)CNC2CCCCC2)cc(N2CCCC2=O)c1,False,CCNc1cc(C(=O)N[C@@H](Cc2ccccc2)[C@H](O)CNC2CCCCC2)cc(N2CCCC2=O)c1,"InChI=1S/C29H40N4O3/c1-2-30-24-17-22(18-25(19-24)33-15-9-14-28(33)35)29(36)32-26(16-21-10-5-3-6-11-21)27(34)20-31-23-12-7-4-8-13-23/h3,5-6,10-11,17-19,23,26-27,30-31,34H,2,4,7-9,12-16,20H2,1H3,(H,32,36)/t26-,27+/m0/s1",PVDHVIVUNLQJLY-RRPNLBNLSA-N,492.66400000000027,3.8695000000000026,93.7,5,4,11,4,2,0.5172413793103449,36,0,0,0.38215903826681585,1006.8337965298847,-2.8999999999999995,26.171201111102587,12.878427167632458,7.076763168667951,0,0,2,2,2,7,144.47539999999987,nan,True,False,True,False,True,None,None
CM8,"N-[(1S,2R)-1-benzyl-2-hydroxy-3-{[3-(trifluoromethyl)benzyl]amino}propyl]-3-(1,1-dioxido-1,2-thiazinan-2-yl)-5-(ethylamino)benzamide",C31 H37 F3 N4 O4 S,non-polymer,CCNc1cc(cc(c1)[N@@]2CCCCS2(=O)=O)C(=O)N[C@@H](Cc3ccccc3)[C@@H](CNCc4cccc(c4)C(F)(F)F)O,CCNc1cc(C(=O)N[C@@H](Cc2ccccc2)[C@H](O)CNCc2cccc(C(F)(F)F)c2)cc(N2CCCCS2(=O)=O)c1,False,CCNc1cc(C(=O)N[C@@H](Cc2ccccc2)[C@H](O)CNCc2cccc(C(F)(F)F)c2)cc(N2CCCCS2(=O)=O)c1,"InChI=1S/C31H37F3N4O4S/c1-2-36-26-17-24(18-27(19-26)38-13-6-7-14-43(38,41)42)30(40)37-28(16-22-9-4-3-5-10-22)29(39)21-35-20-23-11-8-12-25(15-23)31(32,33)34/h3-5,8-12,15,17-19,28-29,35-36,39H,2,6-7,13-14,16,20-21H2,1H3,(H,37,40)/t28-,29+/m0/s1",GPMRAYXRPZKTFK-URLMMPGGSA-N,618.7220000000003,4.559000000000004,110.77000000000001,6,4,12,4,3,0.3870967741935484,43,0,0,0.23707596518436608,1485.8481838718321,-3.6099999999999985,32.30690628606708,14.240779947983036,8.944472572309625,0,0,1,3,1,12,161.53019999999967,nan,True,False,True,False,False,None,None
ZYE,"N-{(1S,2R)-1-BENZYL-2-HYDROXY-3-[(3-METHOXYBENZYL)AMINO]PROPYL}-1-ETHYL-4-(2-OXOPYRROLIDIN-1-YL)-1H-INDOLE-6-CARBOXAMIDE",C33 H38 N4 O4,non-polymer,CCn1ccc2c1cc(cc2N3CCCC3=O)C(=O)N[C@@H](Cc4ccccc4)[C@@H](CNCc5cccc(c5)OC)O,CCn1ccc2c(N3CCCC3=O)cc(C(=O)N[C@@H](Cc3ccccc3)[C@H](O)CNCc3cccc(OC)c3)cc21,False,CCn1ccc2c(N3CCCC3=O)cc(C(=O)N[C@@H](Cc3ccccc3)[C@H](O)CNCc3cccc(OC)c3)cc21,"InChI=1S/C33H38N4O4/c1-3-36-16-14-27-29(36)19-25(20-30(27)37-15-8-13-32(37)39)33(40)35-28(18-23-9-5-4-6-10-23)31(38)22-34-21-24-11-7-12-26(17-24)41-2/h4-7,9-12,14,16-17,19-20,28,31,34,38H,3,8,13,15,18,21-22H2,1-2H3,(H,35,40)/t28-,31+/m0/s1",BARAICYUEPEIRD-QCENPCRXSA-N,554.6910000000001,4.288400000000004,95.83000000000001,6,3,12,5,4,0.3333333333333333,41,0,0,0.2429382658003822,1499.9075858904896,-4.14,28.390901093930328,13.016918693213857,6.61105312843449,0,0,1,4,1,8,161.30669999999967,nan,True,False,True,False,True,None,None
CM7,"N-[(1S,2R)-1-benzyl-2-hydroxy-3-{[3-(trifluoromethyl)benzyl]amino}propyl]-7-ethyl-1-methyl-3,4-dihydro-1H-[1,2,5]thiadiazepino[3,4,5-hi]indole-9-carboxamide 2,2-dioxide",C32 H35 F3 N4 O4 S,non-polymer,CCc1cn2c3c1cc(cc3[N@@](S(=O)(=O)CC2)C)C(=O)N[C@@H](Cc4ccccc4)[C@@H](CNCc5cccc(c5)C(F)(F)F)O,CCc1cn2c3c(cc(C(=O)N[C@@H](Cc4ccccc4)[C@H](O)CNCc4cccc(C(F)(F)F)c4)cc13)N(C)S(=O)(=O)CC2,False,CCc1cn2c3c(cc(C(=O)N[C@@H](Cc4ccccc4)[C@H](O)CNCc4cccc(C(F)(F)F)c4)cc13)N(C)S(=O)(=O)CC2,"InChI=1S/C32H35F3N4O4S/c1-3-23-20-39-12-13-44(42,43)38(2)28-17-24(16-26(23)30(28)39)31(41)37-27(15-21-8-5-4-6-9-21)29(40)19-36-18-22-10-7-11-25(14-22)32(33,34)35/h4-11,14,16-17,20,27,29,36,40H,3,12-13,15,18-19H2,1-2H3,(H,37,41)/t27-,29+/m0/s1",MSHYGGHZTGSTOG-LMSSTIIKSA-N,628.7170000000004,4.4939000000000044,103.67,6,3,10,5,4,0.34375,44,0,0,0.2402553944304906,1756.635240747144,-3.8699999999999983,31.551571897175236,12.62438306791781,6.768137349293259,0,0,1,4,0,12,164.06349999999964,nan,True,True,True,False,False,None,None
ZY0,"N-[(1S,2R)-1-BENZYL-2-HYDROXY-3-{[3-(TRIFLUOROMETHYL)BENZYL]AMINO}PROPYL]-4-ETHYL-8-(2-OXOPYRROLIDIN-1-YL)QUINOLINE-6-CARBOXAMIDE",C34 H35 F3 N4 O3,non-polymer,CCc1ccnc2c1cc(cc2N3CCCC3=O)C(=O)N[C@@H](Cc4ccccc4)[C@@H](CNCc5cccc(c5)C(F)(F)F)O,CCc1ccnc2c(N3CCCC3=O)cc(C(=O)N[C@@H](Cc3ccccc3)[C@H](O)CNCc3cccc(C(F)(F)F)c3)cc12,False,CCc1ccnc2c(N3CCCC3=O)cc(C(=O)N[C@@H](Cc3ccccc3)[C@H](O)CNCc3cccc(C(F)(F)F)c3)cc12,"InChI=1S/C34H35F3N4O3/c1-2-24-13-14-39-32-27(24)18-25(19-29(32)41-15-7-12-31(41)43)33(44)40-28(17-22-8-4-3-5-9-22)30(42)21-38-20-23-10-6-11-26(16-23)34(35,36)37/h3-6,8-11,13-14,16,18-19,28,30,38,42H,2,7,12,15,17,20-21H2,1H3,(H,40,44)/t28-,30+/m0/s1",YDNCUOPJVVQEMT-MFMCTBQISA-N,604.6730000000003,5.434600000000006,94.56,5,3,11,5,4,0.3235294117647059,44,0,0,0.21225268919954426,1627.6619446671023,-4.28,31.154417138423085,13.568354520266594,7.25635614266288,0,0,1,4,1,10,163.26569999999964,nan,False,False,True,False,False,None,None
ZY2,"N-{(1S,2R)-1-BENZYL-2-HYDROXY-3-[(3-METHOXYBENZYL)AMINO]PROPYL}-8-ETHYL-1-METHYL-3,4,7,8-TETRAHYDRO-1H,6H-[1,2,5]THIADIAZEPINO[5,4,3-DE]QUINOXALINE-10-CARBOXAMIDE 2,2-DIOXIDE",C32 H41 N5 O5 S,non-polymer,CCN1CCN2CCS(=O)(=O)[N@](c3c2c1cc(c3)C(=O)N[C@@H](Cc4ccccc4)[C@@H](CNCc5cccc(c5)OC)O)C,CCN1CCN2CCS(=O)(=O)N(C)c3cc(C(=O)N[C@@H](Cc4ccccc4)[C@H](O)CNCc4cccc(OC)c4)cc1c32,False,CCN1CCN2CCS(=O)(=O)N(C)c3cc(C(=O)N[C@@H](Cc4ccccc4)[C@H](O)CNCc4cccc(OC)c4)cc1c32,"InChI=1S/C32H41N5O5S/c1-4-36-13-14-37-15-16-43(40,41)35(2)28-19-25(20-29(36)31(28)37)32(39)34-27(18-23-9-6-5-7-10-23)30(38)22-33-21-24-11-8-12-26(17-24)42-3/h5-12,17,19-20,27,30,33,38H,4,13-16,18,21-22H2,1-3H3,(H,34,39)/t27-,30+/m0/s1",UKAHVQYVCSVAKY-BHBYDHKZSA-N,607.7770000000003,2.612899999999999,114.45000000000002,8,3,11,5,3,0.40625,43,0,0,0.3050278394743103,1534.3530193188535,-3.7999999999999985,30.65104595336077,13.234730011216152,6.896064493376535,0,0,2,3,0,11,170.83949999999953,nan,True,False,True,False,False,None,None
ZY1,"N-{(1S,2R)-1-benzyl-2-hydroxy-3-[(3-methoxybenzyl)amino]propyl}-7-ethyl-1-methyl-3,4-dihydro-1H-[1,2,5]thiadiazepino[3,4,5-hi]indole-9-carboxamide 2,2-dioxide",C32 H38 N4 O5 S,non-polymer,CCc1cn2c3c1cc(cc3[N@](S(=O)(=O)CC2)C)C(=O)N[C@@H](Cc4ccccc4)[C@@H](CNCc5cccc(c5)OC)O,CCc1cn2c3c(cc(C(=O)N[C@@H](Cc4ccccc4)[C@H](O)CNCc4cccc(OC)c4)cc13)N(C)S(=O)(=O)CC2,False,CCc1cn2c3c(cc(C(=O)N[C@@H](Cc4ccccc4)[C@H](O)CNCc4cccc(OC)c4)cc13)N(C)S(=O)(=O)CC2,"InChI=1S/C32H38N4O5S/c1-4-24-21-36-13-14-42(39,40)35(2)29-18-25(17-27(24)31(29)36)32(38)34-28(16-22-9-6-5-7-10-22)30(37)20-33-19-23-11-8-12-26(15-23)41-3/h5-12,15,17-18,21,28,30,33,37H,4,13-14,16,19-20H2,1-3H3,(H,34,38)/t28-,30+/m0/s1",MNGUVHPNHVMEDL-MFMCTBQISA-N,590.7460000000003,3.483700000000002,112.9,7,3,11,5,4,0.34375,42,0,0,0.2466605796317568,1669.239737889999,-3.859999999999999,29.62616416136327,12.562489102081546,6.303570975717122,0,0,1,4,0,10,165.6134999999996,nan,True,False,True,False,True,None,None
ZY3,"N-{(1S,2R)-1-BENZYL-2-HYDROXY-3-[(3-METHOXYBENZYL)AMINO]PROPYL}-6-(ETHYLAMINO)-1-METHYL-1,3,4,5-TETRAHYDRO-2,1-BENZOTHIAZEPINE-8-CARBOXAMIDE 2,2-DIOXIDE",C31 H40 N4 O5 S,non-polymer,CCNc1cc(cc2c1CCCS(=O)(=O)N2C)C(=O)N[C@@H](Cc3ccccc3)[C@@H](CNCc4cccc(c4)OC)O,CCNc1cc(C(=O)N[C@@H](Cc2ccccc2)[C@H](O)CNCc2cccc(OC)c2)cc2c1CCCS(=O)(=O)N2C,False,CCNc1cc(C(=O)N[C@@H](Cc2ccccc2)[C@H](O)CNCc2cccc(OC)c2)cc2c1CCCS(=O)(=O)N2C,"InChI=1S/C31H40N4O5S/c1-4-33-27-18-24(19-29-26(27)14-9-15-41(38,39)35(29)2)31(37)34-28(17-22-10-6-5-7-11-22)30(36)21-32-20-23-12-8-13-25(16-23)40-3/h5-8,10-13,16,18-19,28,30,32-33,36H,4,9,14-15,17,20-21H2,1-3H3,(H,34,37)/t28-,30+/m0/s1",JAQQVYMOVUUAHB-MFMCTBQISA-N,580.7510000000002,3.3310000000000017,120.00000000000001,7,4,12,4,3,0.3870967741935484,41,0,0,0.25947793627733606,1431.6756832253664,-3.5999999999999988,30.36069012841878,13.844718279935412,7.781662619956063,0,0,1,3,0,10,163.22419999999963,nan,True,False,True,False,True,None,None
ZY4,"N-[(1S)-1-BENZYL-2,2-DIHYDROXY-3-(TETRAHYDRO-2H-PYRAN-4-YLAMINO)PROPYL]-6-ETHYL-1-METHYL-1,3,4,6-TETRAHYDRO[1,2]THIAZEPINO[5,4,3-CD]INDOLE-8-CARBOXAMIDE 2,2-DIOXIDE",C29 H38 N4 O6 S,non-polymer,CCn1cc2c3c1cc(cc3N(S(=O)(=O)CC2)C)C(=O)N[C@@H](Cc4ccccc4)C(CNC5CCOCC5)(O)O,CCn1cc2c3c(cc(C(=O)N[C@@H](Cc4ccccc4)C(O)(O)CNC4CCOCC4)cc31)N(C)S(=O)(=O)CC2,False,CCn1cc2c3c(cc(C(=O)N[C@@H](Cc4ccccc4)C(O)(O)CNC4CCOCC4)cc31)N(C)S(=O)(=O)CC2,"InChI=1S/C29H38N4O6S/c1-3-33-18-21-11-14-40(37,38)32(2)24-16-22(17-25(33)27(21)24)28(34)31-26(15-20-7-5-4-6-8-20)29(35,36)19-30-23-9-12-39-13-10-23/h4-8,16-18,23,26,30,35-36H,3,9-15,19H2,1-2H3,(H,31,34)/t26-/m0/s1",LMEDJLLRHRUTJN-SANMLTNESA-N,570.7120000000003,1.7739000000000003,133.13,8,4,9,5,3,0.4827586206896552,40,0,0,0.2883780248030993,1464.6606768401364,-2.9599999999999995,28.564448168287296,11.496599411124288,5.8880097341485955,0,0,2,3,1,11,153.9182999999998,nan,True,True,False,False,True,None,het-C-het_not_in_ring
XFI,"N-((1S,2R)-3-(((1S)-2-(CYCLOHEXYLAMINO)-1-METHYL-2-OXOETHYL)AMINO)-2-HYDROXY-1-( PHENYLMETHYL)PROPYL)-3-((METHYLSULFONYL)(PHENYL)AMINO) BENZAMIDE",C33 H42 N4 O5 S,non-polymer,C[C@@H](C(=O)NC1CCCCC1)NC[C@H]([C@H](Cc2ccccc2)NC(=O)c3cccc(c3)N(c4ccccc4)S(=O)(=O)C)O,C[C@H](NC[C@@H](O)[C@H](Cc1ccccc1)NC(=O)c1cccc(N(c2ccccc2)S(C)(=O)=O)c1)C(=O)NC1CCCCC1,False,C[C@H](NC[C@@H](O)[C@H](Cc1ccccc1)NC(=O)c1cccc(N(c2ccccc2)S(C)(=O)=O)c1)C(=O)NC1CCCCC1,"InChI=1S/C33H42N4O5S/c1-24(32(39)35-27-16-8-4-9-17-27)34-23-31(38)30(21-25-13-6-3-7-14-25)36-33(40)26-15-12-20-29(22-26)37(43(2,41)42)28-18-10-5-11-19-28/h3,5-7,10-15,18-20,22,24,27,30-31,34,38H,4,8-9,16-17,21,23H2,1-2H3,(H,35,39)(H,36,40)/t24-,30-,31+/m0/s1",PSSKPAZTPVDDNS-RJSONGRPSA-N,606.7890000000002,3.9133000000000018,127.83999999999999,6,4,13,4,3,0.3939393939393939,43,0,0,0.23370329522161506,1446.3844180944504,-3.7299999999999995,32.189433235563804,15.1323853874351,9.377804836623705,0,0,1,3,1,10,169.75419999999957,nan,True,False,True,False,False,None,None
QUD,2-AMINO-3-{(1R)-1-CYCLOHEXYL-2-[(CYCLOHEXYLCARBONYL)AMINO]ETHYL}-6-PHENOXYQUINAZOLIN-3-IUM,C29 H37 N4 O2,non-polymer,c1ccc(cc1)Oc2ccc3c(c2)c[n+](c(n3)N)[C@@H](CNC(=O)C4CCCCC4)C5CCCCC5,Nc1nc2ccc(Oc3ccccc3)cc2c[n+]1[C@@H](CNC(=O)C1CCCCC1)C1CCCCC1,False,Nc1nc2ccc(Oc3ccccc3)cc2c[n+]1[C@@H](CNC(=O)C1CCCCC1)C1CCCCC1,"InChI=1S/C29H36N4O2/c30-29-32-26-17-16-25(35-24-14-8-3-9-15-24)18-23(26)20-33(29)27(21-10-4-1-5-11-21)19-31-28(34)22-12-6-2-7-13-22/h3,8-9,14-18,20-22,27,30H,1-2,4-7,10-13,19H2,(H,31,34)/p+1/t27-/m0/s1",JJSGXQVHJOYNEC-MHZLTWQESA-O,473.6410000000005,5.714700000000005,81.12,4,2,7,5,3,0.4827586206896552,35,0,1,0.43047679689226687,1138.1318638790267,-3.15,23.585302642149514,11.061487018729208,5.745713675947615,0,0,2,3,2,6,138.06309999999993,nan,True,True,True,False,False,None,quaternary_nitrogen_1
AA9,"N-((1S,2R)-3-(((1S)-2-(CYCLOHEXYLAMINO)-1--METHYL-2-OXOETHYL)AMINO)-2-HYDROXY-1-(PHENYLMETHYL)PROPYL)-3-(ETHYLAMINO)-5-((METHYLSULFONYL)(PHENYL)AMINO)BENZAMIDE",C35 H47 N5 O5 S,non-polymer,CCNc1cc(cc(c1)N(c2ccccc2)S(=O)(=O)C)C(=O)N[C@@H](Cc3ccccc3)[C@@H](CN[C@@H](C)C(=O)NC4CCCCC4)O,CCNc1cc(C(=O)N[C@@H](Cc2ccccc2)[C@H](O)CN[C@@H](C)C(=O)NC2CCCCC2)cc(N(c2ccccc2)S(C)(=O)=O)c1,False,CCNc1cc(C(=O)N[C@@H](Cc2ccccc2)[C@H](O)CN[C@@H](C)C(=O)NC2CCCCC2)cc(N(c2ccccc2)S(C)(=O)=O)c1,"InChI=1S/C35H47N5O5S/c1-4-36-29-21-27(22-31(23-29)40(46(3,44)45)30-18-12-7-13-19-30)35(43)39-32(20-26-14-8-5-9-15-26)33(41)24-37-25(2)34(42)38-28-16-10-6-11-17-28/h5,7-9,12-15,18-19,21-23,25,28,32-33,36-37,41H,4,6,10-11,16-17,20,24H2,1-3H3,(H,38,42)(H,39,43)/t25-,32-,33+/m0/s1",SMMANAWVXZZNER-DZMJNENTSA-N,649.858,4.345100000000003,139.87,7,5,15,4,3,0.42857142857142855,46,0,0,0.16505395052137695,1531.4374721315055,-3.9299999999999993,34.93387818982764,16.577449963420964,10.035472060205368,0,0,1,3,1,11,183.9178999999995,nan,True,False,False,False,False,None,None
310,N-carbamimidoyl-2-[2-(2-chlorophenyl)-5-[4-(4-ethanoylphenoxy)phenyl]pyrrol-1-yl]ethanamide,C27 H23 Cl N4 O3,non-polymer,[H]/N=C(\N)/NC(=O)Cn1c(ccc1c2ccccc2Cl)c3ccc(cc3)Oc4ccc(cc4)C(=O)C,[H]/N=C(\N)NC(=O)Cn1c(-c2ccc(Oc3ccc(C(C)=O)cc3)cc2)ccc1-c1ccccc1Cl,False,[H]/N=C(\N)NC(=O)Cn1c(-c2ccc(Oc3ccc(C(C)=O)cc3)cc2)ccc1-c1ccccc1Cl,"InChI=1S/C27H23ClN4O3/c1-17(33)18-6-10-20(11-7-18)35-21-12-8-19(9-13-21)24-14-15-25(22-4-2-3-5-23(22)28)32(24)16-26(34)31-27(29)30/h2-15H,16H2,1H3,(H4,29,30,31,34)",MIEKBLPHNQZVQQ-UHFFFAOYSA-N,486.9590000000003,5.480070000000004,110.20000000000002,5,3,7,4,4,0.07407407407407407,35,0,0,0.18232224163519214,1430.4165623819147,-4.3599999999999985,22.433105195504808,10.276307565789475,5.591057191990933,0,0,0,4,0,8,136.89129999999986,nan,True,True,True,False,False,None,imine_1; imine_2
411,3-bromo-N-[4-[1-(2-carbamimidamido-2-oxo-ethyl)-5-phenyl-pyrrol-2-yl]phenyl]benzamide,C26 H22 Br N5 O2,non-polymer,[H]/N=C(\N)/NC(=O)Cn1c(ccc1c2ccc(cc2)NC(=O)c3cccc(c3)Br)c4ccccc4,[H]/N=C(\N)NC(=O)Cn1c(-c2ccccc2)ccc1-c1ccc(NC(=O)c2cccc(Br)c2)cc1,False,[H]/N=C(\N)NC(=O)Cn1c(-c2ccccc2)ccc1-c1ccc(NC(=O)c2cccc(Br)c2)cc1,"InChI=1S/C26H22BrN5O2/c27-20-8-4-7-19(15-20)25(34)30-21-11-9-18(10-12-21)23-14-13-22(17-5-2-1-3-6-17)32(23)16-24(33)31-26(28)29/h1-15H,16H2,(H,30,34)(H4,28,29,31,33)",XWWAMKGNSKOVNS-UHFFFAOYSA-N,516.3990000000002,4.846570000000003,113.0,4,4,6,4,4,0.038461538461538464,34,0,0,0.21719773044157448,1384.6397625007864,-4.169999999999998,21.663994790072504,10.18175727271745,5.414008318918019,0,0,0,4,0,8,137.45599999999985,nan,True,True,True,False,True,None,imine_1; imine_2
F1H,N-(1-benzylpiperidin-4-yl)-4-sulfanylbutanamide,C16 H24 N2 O S,non-polymer,c1ccc(cc1)CN2CCC(CC2)NC(=O)CCCS,O=C(CCCS)NC1CCN(Cc2ccccc2)CC1,False,O=C(CCCS)NC1CCN(Cc2ccccc2)CC1,"InChI=1S/C16H24N2OS/c19-16(7-4-12-20)17-15-8-10-18(11-9-15)13-14-5-2-1-3-6-14/h1-3,5-6,15,20H,4,7-13H2,(H,17,19)",XNIXPLIQGKQSIE-UHFFFAOYSA-N,292.448,2.477200000000001,32.34,3,2,6,2,1,0.5625,20,0,0,0.789617999631817,402.1977161945962,-0.9999999999999999,15.39,8.3232,5.174791914387634,0,0,1,1,1,4,85.97070000000004,nan,True,True,True,True,True,None,thiol_2
F1K,(2S)-4-(4-fluorobenzyl)-N-(3-sulfanylpropyl)piperazine-2-carboxamide,C15 H22 F N3 O S,non-polymer,c1cc(ccc1C[N@@]2CCN[C@@H](C2)C(=O)NCCCS)F,O=C(NCCCS)[C@@H]1CN(Cc2ccc(F)cc2)CCN1,False,O=C(NCCCS)[C@@H]1CN(Cc2ccc(F)cc2)CCN1,"InChI=1S/C15H22FN3OS/c16-13-4-2-12(3-5-13)10-19-8-7-17-14(11-19)15(20)18-6-1-9-21/h2-5,14,17,21H,1,6-11H2,(H,18,20)/t14-/m0/s1",OYTFYWWLBPDTNS-AWEZNQCLSA-N,311.426,1.0356,44.370000000000005,4,3,6,2,1,0.5333333333333333,21,0,0,0.5431768162634096,454.73688131438627,-1.11,16.263792284507442,8.361246643315377,5.298857234136512,0,0,1,1,1,6,84.94740000000003,nan,True,True,True,True,True,None,Aliphatic_long_chain; thiol_2
F1I,"N-[1-(2,6-dimethoxybenzyl)piperidin-4-yl]-4-sulfanylbutanamide",C18 H28 N2 O3 S,non-polymer,COc1cccc(c1CN2CCC(CC2)NC(=O)CCCS)OC,COc1cccc(OC)c1CN1CCC(NC(=O)CCCS)CC1,False,COc1cccc(OC)c1CN1CCC(NC(=O)CCCS)CC1,"InChI=1S/C18H28N2O3S/c1-22-16-5-3-6-17(23-2)15(16)13-20-10-8-14(9-11-20)19-18(21)7-4-12-24/h3,5-6,14,24H,4,7-13H2,1-2H3,(H,19,21)",MUDVORCZGBAHNA-UHFFFAOYSA-N,352.5000000000001,2.4944000000000006,50.8,5,2,8,2,1,0.6111111111111112,24,0,0,0.7060205479652815,508.74519991401235,-1.4000000000000001,18.931801206549846,9.789158016147635,5.3113479556498175,0,0,1,1,1,6,99.07470000000005,nan,True,True,True,True,True,None,thiol_2
F1J,(2S)-4-(4-fluorobenzyl)-N-(2-sulfanylethyl)piperazine-2-carboxamide,C14 H20 F N3 O S,non-polymer,c1cc(ccc1C[N@@]2CCN[C@@H](C2)C(=O)NCCS)F,O=C(NCCS)[C@@H]1CN(Cc2ccc(F)cc2)CCN1,False,O=C(NCCS)[C@@H]1CN(Cc2ccc(F)cc2)CCN1,"InChI=1S/C14H20FN3OS/c15-12-3-1-11(2-4-12)9-18-7-5-16-13(10-18)14(19)17-6-8-20/h1-4,13,16,20H,5-10H2,(H,17,19)/t13-/m0/s1",CEXXKSSFAKABEN-ZDUSSCGKSA-N,297.39899999999994,0.6455000000000002,44.370000000000005,4,3,5,2,1,0.5,20,0,0,0.6992287992874588,440.55008575793994,-1.11,15.282101252716993,7.613871428590611,4.469321815806273,0,0,1,1,1,6,80.33040000000003,nan,True,True,True,True,True,None,thiol_2
F1L,"N-[1-(5-bromo-2,3-dimethoxybenzyl)piperidin-4-yl]-4-sulfanylbutanamide",C18 H27 Br N2 O3 S,non-polymer,COc1cc(cc(c1OC)CN2CCC(CC2)NC(=O)CCCS)Br,COc1cc(Br)cc(CN2CCC(NC(=O)CCCS)CC2)c1OC,False,COc1cc(Br)cc(CN2CCC(NC(=O)CCCS)CC2)c1OC,"InChI=1S/C18H27BrN2O3S/c1-23-16-11-14(19)10-13(18(16)24-2)12-21-7-5-15(6-8-21)20-17(22)4-3-9-25/h10-11,15,25H,3-9,12H2,1-2H3,(H,20,22)",HESMISSJMKCCAV-UHFFFAOYSA-N,431.3960000000001,3.2569000000000012,50.800000000000004,5,2,8,2,1,0.6111111111111112,25,0,0,0.6209170528023511,577.684759655791,-0.9200000000000004,20.39262003057521,10.282599977483041,6.077376577300898,0,0,1,1,1,7,106.77470000000004,nan,True,True,True,True,True,None,thiol_2
F1N,N-{1-[5-chloro-3-methoxy-2-(1-methylethoxy)benzyl]piperidin-4-yl}-2-(2-methyl-4-sulfamoylphenoxy)acetamide,C25 H34 Cl N3 O6 S,non-polymer,Cc1cc(ccc1OCC(=O)NC2CCN(CC2)Cc3cc(cc(c3OC(C)C)OC)Cl)S(=O)(=O)N,COc1cc(Cl)cc(CN2CCC(NC(=O)COc3ccc(S(N)(=O)=O)cc3C)CC2)c1OC(C)C,False,COc1cc(Cl)cc(CN2CCC(NC(=O)COc3ccc(S(N)(=O)=O)cc3C)CC2)c1OC(C)C,"InChI=1S/C25H34ClN3O6S/c1-16(2)35-25-18(12-19(26)13-23(25)33-4)14-29-9-7-20(8-10-29)28-24(30)15-34-22-6-5-21(11-17(22)3)36(27,31)32/h5-6,11-13,16,20H,7-10,14-15H2,1-4H3,(H,28,30)(H2,27,31,32)",IWMCULWPLNDDNK-UHFFFAOYSA-N,540.0820000000002,3.251220000000001,120.18999999999998,7,2,10,3,2,0.48,36,0,0,0.4751942568415873,1180.5572841892506,-2.53,28.047742568301665,12.138567507545503,7.732416254823363,0,0,1,2,1,11,138.25689999999997,nan,True,True,True,False,True,None,None
F1M,N-{1-[5-chloro-3-methoxy-2-(1-methylethoxy)benzyl]piperidin-4-yl}-2-(4-sulfamoylphenoxy)acetamide,C24 H32 Cl N3 O6 S,non-polymer,CC(C)Oc1c(cc(cc1OC)Cl)CN2CCC(CC2)NC(=O)COc3ccc(cc3)S(=O)(=O)N,COc1cc(Cl)cc(CN2CCC(NC(=O)COc3ccc(S(N)(=O)=O)cc3)CC2)c1OC(C)C,False,COc1cc(Cl)cc(CN2CCC(NC(=O)COc3ccc(S(N)(=O)=O)cc3)CC2)c1OC(C)C,"InChI=1S/C24H32ClN3O6S/c1-16(2)34-24-17(12-18(25)13-22(24)32-3)14-28-10-8-19(9-11-28)27-23(29)15-33-20-4-6-21(7-5-20)35(26,30)31/h4-7,12-13,16,19H,8-11,14-15H2,1-3H3,(H,27,29)(H2,26,30,31)",QVZLZLJHCAPQQC-UHFFFAOYSA-N,526.0550000000002,2.942800000000001,120.18999999999998,7,2,10,3,2,0.4583333333333333,35,0,0,0.48895859983037415,1116.8245358944093,-2.53,27.064076205062715,11.93872175564317,7.9944911657388245,0,0,1,2,1,11,133.5199,nan,True,True,True,False,True,None,None
AEF,4-(2-aminoethyl)phenol,C8 H11 N O,non-polymer,c1cc(ccc1CCN)O,NCCc1ccc(O)cc1,False,NCCc1ccc(O)cc1,"InChI=1S/C8H11NO/c9-6-5-7-1-3-8(10)4-2-7/h1-4,10H,5-6,9H2",DZGWFCGJZKJUFP-UHFFFAOYSA-N,137.18200000000002,0.8933999999999995,46.25,2,2,2,1,1,0.25,10,0,0,0.6356000391866201,192.91749419417292,-1.02,7.091358574610246,3.2248465665342856,1.739178486124621,0,0,0,1,0,2,40.86520000000001,nan,True,True,True,False,False,None,None
AEG,4-[(2R)-2-aminopropyl]phenol,C9 H13 N O,non-polymer,C[C@H](Cc1ccc(cc1)O)N,C[C@@H](N)Cc1ccc(O)cc1,False,C[C@@H](N)Cc1ccc(O)cc1,"InChI=1S/C9H13NO/c1-7(10)6-8-2-4-9(11)5-3-8/h2-5,7,11H,6,10H2,1H3/t7-/m1/s1",GIKNHHRFLCDOEU-SSDOTTSWSA-N,151.20899999999997,1.2818999999999998,46.25,2,2,2,1,1,0.3333333333333333,11,0,0,0.6684959137911127,215.50927179154448,-1.02,8.080200400801603,3.39416330920392,2.5967957815864637,0,0,0,1,0,2,45.46020000000002,nan,True,True,True,False,False,None,None
AED,4-(2-aminoethyl)-2-cyclohexylphenol,C14 H21 N O,non-polymer,c1cc(c(cc1CCN)C2CCCCC2)O,NCCc1ccc(O)c(C2CCCCC2)c1,False,NCCc1ccc(O)c(C2CCCCC2)c1,"InChI=1S/C14H21NO/c15-9-8-11-6-7-14(16)13(10-11)12-4-2-1-3-5-12/h6-7,10,12,16H,1-5,8-9,15H2",DOCCSEDGBYCYLS-UHFFFAOYSA-N,219.32799999999995,2.941100000000002,46.25,2,2,3,2,1,0.5714285714285714,16,0,0,0.820685116025652,342.5886199928931,-1.02,11.464961646363335,5.35113106949194,2.55920124233364,0,0,1,1,1,2,66.69120000000002,nan,True,True,True,False,True,None,None
AEH,4-(2-aminoethyl)-2-ethylphenol,C10 H15 N O,non-polymer,CCc1cc(ccc1O)CCN,CCc1cc(CCN)ccc1O,False,CCc1cc(CCN)ccc1O,"InChI=1S/C10H15NO/c1-2-9-7-8(5-6-11)3-4-10(9)12/h3-4,7,12H,2,5-6,11H2,1H3",LDAFQVRTSOETPE-UHFFFAOYSA-N,165.23599999999993,1.4557999999999998,46.25,2,2,3,1,1,0.4,12,0,0,0.7118240080958844,258.01553398962693,-1.02,9.071074681238617,4.117834347453239,1.983383735594152,0,0,0,1,0,2,50.24320000000002,nan,True,True,True,False,False,None,None
316,"N'-[(1S,2S)-2-[(2S)-4-benzyl-3-oxopiperazin-2-yl]-1-(3,5-difluorobenzyl)-2-hydroxyethyl]-5-methyl-N,N-dipropylbenzene-1,3-dicarboxamide",C35 H42 F2 N4 O4,non-polymer,CCCN(CCC)C(=O)c1cc(cc(c1)C(=O)N[C@@H](Cc2cc(cc(c2)F)F)[C@@H]([C@H]3C(=O)N(CCN3)Cc4ccccc4)O)C,CCCN(CCC)C(=O)c1cc(C)cc(C(=O)N[C@@H](Cc2cc(F)cc(F)c2)[C@H](O)[C@@H]2NCCN(Cc3ccccc3)C2=O)c1,False,CCCN(CCC)C(=O)c1cc(C)cc(C(=O)N[C@@H](Cc2cc(F)cc(F)c2)[C@H](O)[C@@H]2NCCN(Cc3ccccc3)C2=O)c1,"InChI=1S/C35H42F2N4O4/c1-4-12-40(13-5-2)34(44)27-16-23(3)15-26(20-27)33(43)39-30(19-25-17-28(36)21-29(37)18-25)32(42)31-35(45)41(14-11-38-31)22-24-9-7-6-8-10-24/h6-10,15-18,20-21,30-32,38,42H,4-5,11-14,19,22H2,1-3H3,(H,39,43)/t30-,31-,32-/m0/s1",XKXGRRZAMDHVGR-CPCREDONSA-N,620.7410000000003,4.238020000000003,101.98,5,3,13,4,3,0.4,45,0,0,0.2655689399842317,1459.4735012907972,-4.149999999999999,33.73723738150557,15.722838882502522,8.953859028100986,0,0,1,3,1,10,168.63719999999958,nan,True,False,True,False,False,None,None
314,"N'-[(1S,2R)-2-[(2R,4S)-4-benzylpiperidin-2-yl]-1-(3,5-difluorobenzyl)-2-hydroxyethyl]-5-methyl-N,N-dipropylbenzene-1,3-dicarboxamide",C36 H45 F2 N3 O3,non-polymer,CCCN(CCC)C(=O)c1cc(cc(c1)C(=O)N[C@@H](Cc2cc(cc(c2)F)F)[C@@H]([C@H]3C[C@H](CCN3)Cc4ccccc4)O)C,CCCN(CCC)C(=O)c1cc(C)cc(C(=O)N[C@@H](Cc2cc(F)cc(F)c2)[C@H](O)[C@H]2C[C@@H](Cc3ccccc3)CCN2)c1,False,CCCN(CCC)C(=O)c1cc(C)cc(C(=O)N[C@@H](Cc2cc(F)cc(F)c2)[C@H](O)[C@H]2C[C@@H](Cc3ccccc3)CCN2)c1,"InChI=1S/C36H45F2N3O3/c1-4-13-41(14-5-2)36(44)29-16-24(3)15-28(22-29)35(43)40-33(21-27-18-30(37)23-31(38)19-27)34(42)32-20-26(11-12-39-32)17-25-9-7-6-8-10-25/h6-10,15-16,18-19,22-23,26,32-34,39,42H,4-5,11-14,17,20-21H2,1-3H3,(H,40,43)/t26-,32-,33+,34-/m1/s1",UKXYKYZOSFWZIM-FLQGXGFZSA-N,605.7700000000004,5.848320000000006,81.67,4,3,13,4,3,0.4444444444444444,44,0,0,0.22849665695164584,1374.3785383031916,-3.6199999999999983,33.2765767475435,15.911071788795725,9.192301415155177,0,0,1,3,1,8,169.64819999999958,nan,False,False,True,False,False,None,None
318,"N'-[(1S,2S)-2-[(4S)-1-benzyl-5-oxoimidazolidin-4-yl]-1-(3,5-difluorobenzyl)-2-hydroxyethyl]-5-methyl-N,N-dipropylbenzene-1,3-dicarboxamide",C34 H40 F2 N4 O4,non-polymer,CCCN(CCC)C(=O)c1cc(cc(c1)C(=O)N[C@@H](Cc2cc(cc(c2)F)F)[C@@H]([C@H]3C(=O)N(CN3)Cc4ccccc4)O)C,CCCN(CCC)C(=O)c1cc(C)cc(C(=O)N[C@@H](Cc2cc(F)cc(F)c2)[C@H](O)[C@@H]2NCN(Cc3ccccc3)C2=O)c1,False,CCCN(CCC)C(=O)c1cc(C)cc(C(=O)N[C@@H](Cc2cc(F)cc(F)c2)[C@H](O)[C@@H]2NCN(Cc3ccccc3)C2=O)c1,"InChI=1S/C34H40F2N4O4/c1-4-11-39(12-5-2)33(43)26-14-22(3)13-25(18-26)32(42)38-29(17-24-15-27(35)19-28(36)16-24)31(41)30-34(44)40(21-37-30)20-23-9-7-6-8-10-23/h6-10,13-16,18-19,29-31,37,41H,4-5,11-12,17,20-21H2,1-3H3,(H,38,42)/t29-,30-,31-/m0/s1",HZWNNIVRFLRAQW-CHQNGUEUSA-N,606.7140000000004,4.195520000000003,101.98,5,3,13,4,3,0.38235294117647056,44,0,0,0.27095349718857437,1442.6385661095374,-4.149999999999999,32.75734686819643,15.031475927510096,8.266800801309568,0,0,1,3,1,10,163.77019999999965,nan,True,False,True,False,False,None,None
012,"(4S)-N-[(1S,2R)-1-benzyl-3-{[3-(dimethylamino)benzyl]amino}-2-hydroxypropyl]-1-(3-methoxybenzyl)-2-oxoimidazolidine-4-carboxamide",C31 H39 N5 O4,non-polymer,CN(C)c1cccc(c1)CNC[C@H]([C@H](Cc2ccccc2)NC(=O)[C@@H]3CN(C(=O)N3)Cc4cccc(c4)OC)O,COc1cccc(CN2C[C@@H](C(=O)N[C@@H](Cc3ccccc3)[C@H](O)CNCc3cccc(N(C)C)c3)NC2=O)c1,False,COc1cccc(CN2C[C@@H](C(=O)N[C@@H](Cc3ccccc3)[C@H](O)CNCc3cccc(N(C)C)c3)NC2=O)c1,"InChI=1S/C31H39N5O4/c1-35(2)25-13-7-11-23(15-25)18-32-19-29(37)27(17-22-9-5-4-6-10-22)33-30(38)28-21-36(31(39)34-28)20-24-12-8-14-26(16-24)40-3/h4-16,27-29,32,37H,17-21H2,1-3H3,(H,33,38)(H,34,39)/t27-,28-,29+/m0/s1",MCBWJRZWLSXSBN-YTCPBCGMSA-N,545.6840000000002,2.5332000000000012,106.17000000000002,6,4,13,4,3,0.3548387096774194,40,0,0,0.2631610700101807,1269.3452519437822,-4.079999999999999,28.91606117484518,13.819303507119024,7.96856541541979,0,0,1,3,1,9,156.28289999999978,nan,True,False,True,False,True,None,None
009,"(4S)-1,4-dibenzyl-N-[(1S,2R)-1-benzyl-3-{[3-(dimethylamino)benzyl]amino}-2-hydroxypropyl]-2-oxoimidazolidine-4-carboxamide",C37 H43 N5 O3,non-polymer,CN(C)c1cccc(c1)CNC[C@H]([C@H](Cc2ccccc2)NC(=O)[C@@]3(CN(C(=O)N3)Cc4ccccc4)Cc5ccccc5)O,CN(C)c1cccc(CNC[C@@H](O)[C@H](Cc2ccccc2)NC(=O)[C@]2(Cc3ccccc3)CN(Cc3ccccc3)C(=O)N2)c1,False,CN(C)c1cccc(CNC[C@@H](O)[C@H](Cc2ccccc2)NC(=O)[C@]2(Cc3ccccc3)CN(Cc3ccccc3)C(=O)N2)c1,"InChI=1S/C37H43N5O3/c1-41(2)32-20-12-19-31(21-32)24-38-25-34(43)33(22-28-13-6-3-7-14-28)39-35(44)37(23-29-15-8-4-9-16-29)27-42(36(45)40-37)26-30-17-10-5-11-18-30/h3-21,33-34,38,43H,22-27H2,1-2H3,(H,39,44)(H,40,45)/t33-,34+,37-/m0/s1",DCJGHBWTJFHQCR-UEHMVRIRSA-N,605.7830000000004,4.137500000000003,96.94000000000001,5,4,14,5,4,0.2972972972972973,45,0,0,0.17339115360147667,1533.7193811172888,-4.659999999999999,31.755081191815652,14.880070086640282,8.498050900055151,0,0,1,4,1,8,178.81989999999954,nan,True,False,True,False,False,None,None
757,"5-[[(2S)-2-[[(3R,4S)-5-(3,5-difluorophenoxy)-3-hydroxy-4-[[3-(methyl-methylsulfonyl-amino)-5-[[(1R)-1-phenylethyl]carbamoyl]phenyl]carbonylamino]pentanoyl]amino]-3-methyl-butanoyl]amino]benzene-1,3-dicarboxylic acid",C42 H45 F2 N5 O12 S,non-polymer,CC(C)[C@@H](C(=O)Nc1cc(cc(c1)C(=O)O)C(=O)O)NC(=O)C[C@H]([C@H](COc2cc(cc(c2)F)F)NC(=O)c3cc(cc(c3)N(C)S(=O)(=O)C)C(=O)N[C@H](C)c4ccccc4)O,CC(C)[C@H](NC(=O)C[C@@H](O)[C@H](COc1cc(F)cc(F)c1)NC(=O)c1cc(C(=O)N[C@H](C)c2ccccc2)cc(N(C)S(C)(=O)=O)c1)C(=O)Nc1cc(C(=O)O)cc(C(=O)O)c1,False,CC(C)[C@H](NC(=O)C[C@@H](O)[C@H](COc1cc(F)cc(F)c1)NC(=O)c1cc(C(=O)N[C@H](C)c2ccccc2)cc(N(C)S(C)(=O)=O)c1)C(=O)Nc1cc(C(=O)O)cc(C(=O)O)c1,"InChI=1S/C42H45F2N5O12S/c1-22(2)37(40(54)46-31-13-27(41(55)56)12-28(14-31)42(57)58)48-36(51)20-35(50)34(21-61-33-18-29(43)17-30(44)19-33)47-39(53)26-11-25(15-32(16-26)49(4)62(5,59)60)38(52)45-23(3)24-9-7-6-8-10-24/h6-19,22-23,34-35,37,50H,20-21H2,1-5H3,(H,45,52)(H,46,54)(H,47,53)(H,48,51)(H,55,56)(H,57,58)/t23-,34+,35-,37+/m1/s1",XYKCBRCSBVZGIL-WRXYKUNKSA-N,881.908,3.955900000000002,257.84,10,7,19,4,4,0.2857142857142857,62,0,0,0.07067907841166177,2400.811410861557,-6.93,47.74458948510477,20.556583605885006,13.285354085547285,0,0,0,4,0,20,221.50199999999958,nan,False,False,False,False,False,None,None
AFJ,"(2R,4S,5S)-N-butyl-4-hydroxy-2,7-dimethyl-5-{[N-(4-methylpentanoyl)-L-methionyl]amino}octanamide",C25 H49 N3 O4 S,non-polymer,CCCCNC(=O)[C@H](C)C[C@@H]([C@H](CC(C)C)NC(=O)[C@H](CCSC)NC(=O)CCC(C)C)O,CCCCNC(=O)[C@H](C)C[C@H](O)[C@H](CC(C)C)NC(=O)[C@H](CCSC)NC(=O)CCC(C)C,False,CCCCNC(=O)[C@H](C)C[C@H](O)[C@H](CC(C)C)NC(=O)[C@H](CCSC)NC(=O)CCC(C)C,"InChI=1S/C25H49N3O4S/c1-8-9-13-26-24(31)19(6)16-22(29)21(15-18(4)5)28-25(32)20(12-14-33-7)27-23(30)11-10-17(2)3/h17-22,29H,8-16H2,1-7H3,(H,26,31)(H,27,30)(H,28,32)/t19-,20+,21+,22+/m1/s1",XTRMRNMVFXWTCC-MLNNCEHLSA-N,487.75100000000026,3.494800000000002,107.53000000000002,5,4,18,0,0,0.88,33,0,0,0.22141787625547563,571.8552784155881,-1.28,31.72,18.09873096099993,15.281801135552202,0,0,0,0,0,8,138.09290000000001,nan,True,False,True,False,True,None,Aliphatic_long_chain
AR9,"(2R,4S)-N-butyl-4-[(2S,5S,7R)-2,7-dimethyl-3,15-dioxo-1,4-diazacyclopentadecan-5-yl]-4-hydroxy-2-methylbutanamide",C24 H45 N3 O4,non-polymer,CCCCNC(=O)[C@H](C)C[C@@H]([C@@H]1C[C@@H](CCCCCCCC(=O)N[C@H](C(=O)N1)C)C)O,CCCCNC(=O)[C@H](C)C[C@H](O)[C@@H]1C[C@H](C)CCCCCCCC(=O)N[C@@H](C)C(=O)N1,False,CCCCNC(=O)[C@H](C)C[C@H](O)[C@@H]1C[C@H](C)CCCCCCCC(=O)N[C@@H](C)C(=O)N1,"InChI=1S/C24H45N3O4/c1-5-6-14-25-23(30)18(3)16-21(28)20-15-17(2)12-10-8-7-9-11-13-22(29)26-19(4)24(31)27-20/h17-21,28H,5-16H2,1-4H3,(H,25,30)(H,26,29)(H,27,31)/t17-,18-,19+,20+,21+/m1/s1",ZUIGWVKXPZANDI-MJCUULBUSA-N,439.64100000000013,3.0498000000000016,107.53000000000002,4,4,7,1,0,0.875,31,0,0,0.4573325858010994,554.9424981717532,-1.63,27.404048348655095,15.218180641422961,11.526794578997826,0,0,1,0,1,7,123.34090000000009,nan,True,True,True,True,True,None,Aliphatic_long_chain
BAV,"(3S,14R,16S)-16-[(1R)-1-hydroxy-2-{[3-(1-methylethyl)benzyl]amino}ethyl]-3,4,14-trimethyl-1,4-diazacyclohexadecane-2,5-
dione",C29 H49 N3 O3,non-polymer,C[C@@H]1CCCCCCCCC(=O)N([C@H](C(=O)N[C@@H](C1)[C@@H](CNCc2cccc(c2)C(C)C)O)C)C,CC(C)c1cccc(CNC[C@@H](O)[C@@H]2C[C@H](C)CCCCCCCCC(=O)N(C)[C@@H](C)C(=O)N2)c1,False,CC(C)c1cccc(CNC[C@@H](O)[C@@H]2C[C@H](C)CCCCCCCCC(=O)N(C)[C@@H](C)C(=O)N2)c1,"InChI=1S/C29H49N3O3/c1-21(2)25-15-12-14-24(18-25)19-30-20-27(33)26-17-22(3)13-10-8-6-7-9-11-16-28(34)32(5)23(4)29(35)31-26/h12,14-15,18,21-23,26-27,30,33H,6-11,13,16-17,19-20H2,1-5H3,(H,31,35)/t22-,23+,26+,27-/m1/s1",LHBBUGLYVFZUTH-GXVHRJHYSA-N,487.7290000000003,4.752800000000005,81.67,4,3,6,2,1,0.7241379310344828,35,0,0,0.5407040881651196,782.1904268350355,-1.9199999999999995,29.311297802464235,15.248550596041818,10.302157736058636,0,0,1,1,1,6,143.12419999999992,nan,True,True,True,False,True,None,None
5MS,N-{2-methyl-5-[(6-phenylpyrimidin-4-yl)amino]phenyl}methanesulfonamide,C18 H18 N4 O2 S,non-polymer,Cc1ccc(cc1NS(=O)(=O)C)Nc2cc(ncn2)c3ccccc3,Cc1ccc(Nc2cc(-c3ccccc3)ncn2)cc1NS(C)(=O)=O,False,Cc1ccc(Nc2cc(-c3ccccc3)ncn2)cc1NS(C)(=O)=O,"InChI=1S/C18H18N4O2S/c1-13-8-9-15(10-16(13)22-25(2,23)24)21-18-11-17(19-12-20-18)14-6-4-3-5-7-14/h3-12,22H,1-2H3,(H,19,20,21)",CXQRKICWSCAUGW-UHFFFAOYSA-N,354.43500000000006,3.567120000000002,83.98,5,2,5,3,3,0.1111111111111111,25,0,0,0.7316818416541786,988.9677210465915,-2.9299999999999993,16.911386835826608,6.900614220660476,4.542725721595483,0,0,0,3,0,7,100.39620000000001,nan,True,True,True,True,True,None,None
SII,"N-(4-{[4-(cyclohexylamino)-1-(3-fluorophenyl)-2-oxo-1,3,8-triazaspiro[4.5]dec-3-en-8-yl]methyl}phenyl)acetamide",C28 H34 F N5 O2,non-polymer,CC(=O)Nc1ccc(cc1)CN2CCC3(CC2)C(=NC(=O)N3c4cccc(c4)F)NC5CCCCC5,CC(=O)Nc1ccc(CN2CCC3(CC2)C(NC2CCCCC2)=NC(=O)N3c2cccc(F)c2)cc1,False,CC(=O)Nc1ccc(CN2CCC3(CC2)C(NC2CCCCC2)=NC(=O)N3c2cccc(F)c2)cc1,"InChI=1S/C28H34FN5O2/c1-20(35)30-24-12-10-21(11-13-24)19-33-16-14-28(15-17-33)26(31-23-7-3-2-4-8-23)32-27(36)34(28)25-9-5-6-22(29)18-25/h5-6,9-13,18,23H,2-4,7-8,14-17,19H2,1H3,(H,30,35)(H,31,32,36)",VXIOVOURIXSOTD-UHFFFAOYSA-N,491.6110000000002,5.079700000000004,77.04,4,2,5,5,2,0.4642857142857143,36,0,0,0.6116428307621073,1134.883971021092,-3.26,24.43510536012155,10.385306648823562,5.138533569795483,1,0,3,2,2,8,139.7063999999999,nan,True,True,True,False,False,None,None
EV0,2-amino-6-propylpyrimidin-4(3H)-one,C7 H11 N3 O,non-polymer,CCCC1=CC(=O)NC(=N1)N,CCCc1cc(=O)[nH]c(N)n1,False,CCCc1cc(=O)[nH]c(N)n1,"InChI=1S/C7H11N3O/c1-2-3-5-4-6(11)10-7(8)9-5/h4H,2-3H2,1H3,(H3,8,9,10,11)",FSYKBAWAYYELHH-UHFFFAOYSA-N,153.18499999999997,0.30460000000000015,71.77,3,2,2,1,1,0.42857142857142855,11,0,0,0.6416564622866165,291.98231477205917,-1.32,7.783305785123966,3.184224342962911,2.0696669060565647,0,0,0,1,0,4,43.265100000000004,nan,True,True,True,False,False,None,None
EV2,3-pyrrolidin-1-ylquinoxalin-2-amine,C12 H14 N4,non-polymer,c1ccc2c(c1)nc(c(n2)N3CCCC3)N,Nc1nc2ccccc2nc1N1CCCC1,False,Nc1nc2ccccc2nc1N1CCCC1,"InChI=1S/C12H14N4/c13-11-12(16-7-3-4-8-16)15-10-6-2-1-5-9(10)14-11/h1-2,5-6H,3-4,7-8H2,(H2,13,14)",LWWDIFFPFOZSSB-UHFFFAOYSA-N,214.27199999999993,1.8121999999999996,55.040000000000006,4,1,1,3,2,0.3333333333333333,16,0,0,0.786234945707818,517.4077291760188,-1.8399999999999996,9.390577884521125,3.627821656658941,1.4642993985297392,0,0,1,2,1,4,65.39740000000003,nan,True,True,True,False,True,None,None
B35,4-[(1S)-1-(3-fluoro-4-methoxyphenyl)-2-(2-methoxy-5-nitrophenyl)ethyl]-1H-imidazol-2-amine,C19 H19 F N4 O4,non-polymer,COc1ccc(cc1C[C@@H](c2ccc(c(c2)F)OC)c3c[nH]c(n3)N)[N+](=O)[O-],COc1ccc([C@H](Cc2cc([N+](=O)[O-])ccc2OC)c2c[nH]c(N)n2)cc1F,False,COc1ccc([C@H](Cc2cc([N+](=O)[O-])ccc2OC)c2c[nH]c(N)n2)cc1F,"InChI=1S/C19H19FN4O4/c1-27-17-6-4-13(24(25)26)7-12(17)8-14(16-10-22-19(21)23-16)11-3-5-18(28-2)15(20)9-11/h3-7,9-10,14H,8H2,1-2H3,(H3,21,22,23)/t14-/m0/s1",RFLOFHKRBGKCOB-AWEZNQCLSA-N,386.3830000000001,3.431000000000001,116.30000000000001,6,2,7,3,3,0.21052631578947367,28,0,0,0.4746025319011257,1005.3487480351984,-3.6200000000000006,19.15019199763646,7.949773046529301,3.8751389906392055,0,0,0,3,0,9,101.14750000000005,nan,True,True,True,True,True,None,nitro_group; Oxygen-nitrogen_single_bond
MV7,"N-[(2S,3S,5R)-1-(3,5-difluorophenoxy)-3-hydroxy-5-(2-methoxyethoxy)-6-[[(2S)-3-methyl-1-oxo-1-(phenylmethylamino)butan-2-yl]amino]-6-oxo-hexan-2-yl]-5-(methyl-methylsulfonyl-amino)-N'-[(1R)-1-phenylethyl]benzene-1,3-dicarboxamide",C45 H55 F2 N5 O10 S,non-polymer,C[C@H](c1ccccc1)NC(=O)c2cc(cc(c2)N(C)S(=O)(=O)C)C(=O)N[C@@H](COc3cc(cc(c3)F)F)[C@H](C[C@H](C(=O)N[C@@H](C(C)C)C(=O)NCc4ccccc4)OCCOC)O,COCCO[C@H](C[C@H](O)[C@H](COc1cc(F)cc(F)c1)NC(=O)c1cc(C(=O)N[C@H](C)c2ccccc2)cc(N(C)S(C)(=O)=O)c1)C(=O)N[C@H](C(=O)NCc1ccccc1)C(C)C,False,COCCO[C@H](C[C@H](O)[C@H](COc1cc(F)cc(F)c1)NC(=O)c1cc(C(=O)N[C@H](C)c2ccccc2)cc(N(C)S(C)(=O)=O)c1)C(=O)N[C@H](C(=O)NCc1ccccc1)C(C)C,"InChI=1S/C45H55F2N5O10S/c1-28(2)41(45(57)48-26-30-13-9-7-10-14-30)51-44(56)40(61-18-17-60-5)25-39(53)38(27-62-37-23-34(46)22-35(47)24-37)50-43(55)33-19-32(20-36(21-33)52(4)63(6,58)59)42(54)49-29(3)31-15-11-8-12-16-31/h7-16,19-24,28-29,38-41,53H,17-18,25-27H2,1-6H3,(H,48,57)(H,49,54)(H,50,55)(H,51,56)/t29-,38+,39+,40-,41+/m1/s1",RSTFVOGBJGGSOD-NDKACYJFSA-N,896.0229999999999,4.268800000000004,201.7,10,5,23,4,4,0.37777777777777777,63,0,0,0.0670338883742844,2250.87339160109,-5.949999999999999,49.702800434830536,23.482353828591332,15.41952591754496,0,0,0,4,0,18,232.41639999999947,nan,True,False,False,False,False,None,Aliphatic_long_chain
454,"8,8-diphenyl-2,3,4,8-tetrahydroimidazo[1,5-a]pyrimidin-6-amine",C18 H18 N4,non-polymer,c1ccc(cc1)C2(C3=NCCCN3C(=N2)N)c4ccccc4,NC1=NC(c2ccccc2)(c2ccccc2)C2=NCCCN12,False,NC1=NC(c2ccccc2)(c2ccccc2)C2=NCCCN12,"InChI=1S/C18H18N4/c19-17-21-18(14-8-3-1-4-9-14,15-10-5-2-6-11-15)16-20-12-7-13-22(16)17/h1-6,8-11H,7,12-13H2,(H2,19,21)",UFWSJOVQEPTPNE-UHFFFAOYSA-N,290.36999999999995,2.3627000000000002,53.980000000000004,4,1,2,4,2,0.2222222222222222,22,0,0,0.9228439214880798,694.6971774889504,-2.619999999999999,13.071475776677282,4.9827877328839705,1.7664012651367231,0,0,2,2,0,4,88.91140000000003,nan,True,True,True,True,True,None,None
472,"(5S)-2-amino-3-methyl-5-pyridin-4-yl-5-(3-pyridin-3-ylphenyl)-3,5-dihydro-4H-imidazol-4-one",C20 H17 N5 O,non-polymer,CN1C(=O)[C@@](N=C1N)(c2ccncc2)c3cccc(c3)c4cccnc4,CN1C(=O)[C@@](c2ccncc2)(c2cccc(-c3cccnc3)c2)N=C1N,False,CN1C(=O)[C@@](c2ccncc2)(c2cccc(-c3cccnc3)c2)N=C1N,"InChI=1S/C20H17N5O/c1-25-18(26)20(24-19(25)21,16-7-10-22-11-8-16)17-6-2-4-14(12-17)15-5-3-9-23-13-15/h2-13H,1H3,(H2,21,24)/t20-/m1/s1",AIKOTXHNUIYVMD-HXUWFJFHSA-N,343.3900000000001,2.1738999999999997,84.47,5,1,3,4,3,0.1,26,0,0,0.7897788771182912,987.3529716319964,-3.5399999999999987,15.957042015292538,6.073267588425846,2.3467134254868083,0,0,1,3,0,6,99.08240000000002,nan,True,True,True,True,True,None,None
BX2,"(5S)-2-amino-5-(2,6-diethylpyridin-4-yl)-3-methyl-5-(3-pyrimidin-5-ylphenyl)-3,5-dihydro-4H-imidazol-4-one",C23 H24 N6 O,non-polymer,CCc1cc(cc(n1)CC)[C@]2(C(=O)N(C(=N2)N)C)c3cccc(c3)c4cncnc4,CCc1cc([C@]2(c3cccc(-c4cncnc4)c3)N=C(N)N(C)C2=O)cc(CC)n1,False,CCc1cc([C@]2(c3cccc(-c4cncnc4)c3)N=C(N)N(C)C2=O)cc(CC)n1,"InChI=1S/C23H24N6O/c1-4-19-10-18(11-20(5-2)27-19)23(21(30)29(3)22(24)28-23)17-8-6-7-15(9-17)16-12-25-14-26-13-16/h6-14H,4-5H2,1-3H3,(H2,24,28)/t23-/m0/s1",QQPRKWVAAAEILV-QHCPKHFHSA-N,400.4860000000001,2.6937000000000006,97.36,6,1,5,4,3,0.2608695652173913,30,0,0,0.7101173233568815,1105.2970657764895,-3.6099999999999994,19.695436931801805,7.665067990051726,3.120682382582878,0,0,1,3,0,7,115.63340000000001,nan,True,True,True,True,True,None,None
593,"(5S)-2-amino-3-methyl-5-phenyl-5-[(3S,5S,7S)-tricyclo[3.3.1.1~3,7~]dec-1-yl]-3,5-dihydro-4H-imidazol-4-one",C20 H25 N3 O,non-polymer,CN1C(=O)[C@@](N=C1N)(c2ccccc2)C34CC5CC(C3)CC(C5)C4,CN1C(=O)[C@@](c2ccccc2)(C23CC4CC(CC(C4)C2)C3)N=C1N,False,CN1C(=O)[C@@](c2ccccc2)(C23CC4CC(CC(C4)C2)C3)N=C1N,"InChI=1S/C20H25N3O/c1-23-17(24)20(22-18(23)21,16-5-3-2-4-6-16)19-10-13-7-14(11-19)9-15(8-13)12-19/h2-6,13-15H,7-12H2,1H3,(H2,21,22)/t13?,14?,15?,19?,20-/m0/s1",BEDDENNXVBITIQ-ZYUPVANMSA-N,323.44000000000017,2.8850000000000016,58.69,3,1,2,6,1,0.6,24,0,0,0.9095698658381929,690.3751134748173,-1.8399999999999994,14.498584481291324,4.616723307287751,1.6408170579995114,0,4,5,1,4,4,93.11740000000006,nan,True,True,True,True,True,None,None
X17,"(5S)-2-amino-5-(4-methoxy-3-methylphenyl)-3-methyl-5-[(3S,5S,7S)-tricyclo[3.3.1.1~3,7~]dec-1-yl]-3,5-dihydro-4H-imidazol-4-one",C22 H29 N3 O2,non-polymer,Cc1cc(ccc1OC)[C@]2(C(=O)N(C(=N2)N)C)C34CC5CC(C3)CC(C5)C4,COc1ccc([C@]2(C34CC5CC(CC(C5)C3)C4)N=C(N)N(C)C2=O)cc1C,False,COc1ccc([C@]2(C34CC5CC(CC(C5)C3)C4)N=C(N)N(C)C2=O)cc1C,"InChI=1S/C22H29N3O2/c1-13-6-17(4-5-18(13)27-3)22(19(26)25(2)20(23)24-22)21-10-14-7-15(11-21)9-16(8-14)12-21/h4-6,14-16H,7-12H2,1-3H3,(H2,23,24)/t14?,15?,16?,21?,22-/m0/s1",HZIOSWLCMNAEBB-RCRNZYILSA-N,367.4930000000002,3.202020000000002,67.92,4,1,3,6,1,0.6363636363636364,27,0,0,0.8919373874278332,810.6754742786726,-2.0399999999999996,17.085240377277863,5.491262846923452,2.1123101227594123,0,4,5,1,4,5,104.40640000000006,nan,True,True,True,True,True,None,None
X45,"(5S)-2-amino-5-(4-methoxy-3-methylphenyl)-3-methyl-5-(3-pyridin-3-ylphenyl)-3,5-dihydro-4H-imidazol-4-one",C23 H22 N4 O2,non-polymer,Cc1cc(ccc1OC)[C@]2(C(=O)N(C(=N2)N)C)c3cccc(c3)c4cccnc4,COc1ccc([C@]2(c3cccc(-c4cccnc4)c3)N=C(N)N(C)C2=O)cc1C,False,COc1ccc([C@]2(c3cccc(-c4cccnc4)c3)N=C(N)N(C)C2=O)cc1C,"InChI=1S/C23H22N4O2/c1-15-12-19(9-10-20(15)29-3)23(21(28)27(2)22(24)26-23)18-8-4-6-16(13-18)17-7-5-11-25-14-17/h4-14H,1-3H3,(H2,24,26)/t23-/m0/s1",TWVGNKMRZLBNOD-QHCPKHFHSA-N,386.45500000000004,3.0959200000000013,80.81,5,1,4,4,3,0.17391304347826086,29,0,0,0.7471135749313862,1110.8705165473207,-3.6699999999999986,18.68212435656661,7.053330082004747,2.9315172379496577,0,0,1,3,0,6,112.5764,nan,True,True,True,True,True,None,None
2LI,"N-[(1S,2R)-3-{[(5S)-5-(3-tert-butylphenyl)-4,5,6,7-tetrahydro-1H-indazol-5-yl]amino}-1-(3,5-difluorobenzyl)-2-hydroxypropyl]acetamide",C29 H36 F2 N4 O2,non-polymer,CC(=O)N[C@@H](Cc1cc(cc(c1)F)F)[C@@H](CN[C@]2(CCc3c(cn[nH]3)C2)c4cccc(c4)C(C)(C)C)O,CC(=O)N[C@@H](Cc1cc(F)cc(F)c1)[C@H](O)CN[C@@]1(c2cccc(C(C)(C)C)c2)CCc2[nH]ncc2C1,False,CC(=O)N[C@@H](Cc1cc(F)cc(F)c1)[C@H](O)CN[C@@]1(c2cccc(C(C)(C)C)c2)CCc2[nH]ncc2C1,"InChI=1S/C29H36F2N4O2/c1-18(36)34-26(12-19-10-23(30)14-24(31)11-19)27(37)17-32-29(9-8-25-20(15-29)16-33-35-25)22-7-5-6-21(13-22)28(2,3)4/h5-7,10-11,13-14,16,26-27,32,37H,8-9,12,15,17H2,1-4H3,(H,33,35)(H,34,36)/t26-,27+,29-/m0/s1",BAILJXDQIBWAPX-GKRYNVPLSA-N,510.6290000000003,4.067500000000004,90.04,4,4,8,4,3,0.4482758620689655,37,0,0,0.36791127702260873,1232.448800611312,-3.0999999999999996,26.948758455064223,10.714049494209247,6.4292232312254765,0,0,1,3,0,8,139.10889999999992,nan,True,True,True,False,True,None,None
569,"(5R)-2-amino-5-(4-fluoro-3-pyrimidin-5-ylphenyl)-3-methyl-5-[4-(trifluoromethoxy)phenyl]-3,5-dihydro-4H-imidazol-4-one",C21 H15 F4 N5 O2,non-polymer,CN1C(=O)[C@@](N=C1N)(c2ccc(cc2)OC(F)(F)F)c3ccc(c(c3)c4cncnc4)F,CN1C(=O)[C@@](c2ccc(OC(F)(F)F)cc2)(c2ccc(F)c(-c3cncnc3)c2)N=C1N,False,CN1C(=O)[C@@](c2ccc(OC(F)(F)F)cc2)(c2ccc(F)c(-c3cncnc3)c2)N=C1N,"InChI=1S/C21H15F4N5O2/c1-30-18(31)20(29-19(30)26,13-2-5-15(6-3-13)32-21(23,24)25)14-4-7-17(22)16(8-14)12-9-27-11-28-10-12/h2-11H,1H3,(H2,26,29)/t20-/m1/s1",RNJTYVPMRSKRKE-HXUWFJFHSA-N,445.37600000000015,3.2116000000000016,93.7,6,1,4,4,3,0.14285714285714285,32,0,0,0.622844889759314,1199.0619234090977,-4.019999999999999,21.221143101965865,7.590714850821186,3.613547171530593,0,0,1,3,0,11,105.7234,nan,True,True,True,True,True,None,None
1LI,"N-[(1S,2R)-3-{[1-(3-tert-butylphenyl)cyclohexyl]amino}-1-(3,5-difluorobenzyl)-2-hydroxypropyl]acetamide",C28 H38 F2 N2 O2,non-polymer,CC(=O)N[C@@H](Cc1cc(cc(c1)F)F)[C@@H](CNC2(CCCCC2)c3cccc(c3)C(C)(C)C)O,CC(=O)N[C@@H](Cc1cc(F)cc(F)c1)[C@H](O)CNC1(c2cccc(C(C)(C)C)c2)CCCCC1,False,CC(=O)N[C@@H](Cc1cc(F)cc(F)c1)[C@H](O)CNC1(c2cccc(C(C)(C)C)c2)CCCCC1,"InChI=1S/C28H38F2N2O2/c1-19(33)32-25(15-20-13-23(29)17-24(30)14-20)26(34)18-31-28(11-6-5-7-12-28)22-10-8-9-21(16-22)27(2,3)4/h8-10,13-14,16-17,25-26,31,34H,5-7,11-12,15,18H2,1-4H3,(H,32,33)/t25-,26+/m0/s1",RJXIEHBFRZLGTH-IZZNHLLZSA-N,472.62000000000035,5.1196000000000055,61.36,3,3,8,3,2,0.5357142857142857,34,0,0,0.4998207511095945,960.3616698677789,-2.3099999999999996,26.297471559214014,10.95668787820774,6.859115821255637,0,0,1,2,1,6,131.58120000000002,nan,True,True,True,True,False,None,None
586,"N-[4-(1-BENZYLCARBAMOYL-2-METHYL-PROPYLCARBAMOYL)-1-(3,5-DIFLUORO-PHENOXYMETHYL)-2-HYDROXY-4-METHOXY-BUTYL]-5-(METHANES
ULFONYL-METHYL-AMINO)-N'-(1-PHENYLETHYL)-ISOPHTHALAMIDE",C43 H51 F2 N5 O9 S,non-polymer,CC(C)[C@@H](C(=O)NCc1ccccc1)NC(=O)[C@@H](C[C@@H]([C@H](COc2cc(cc(c2)F)F)NC(=O)c3cc(cc(c3)N(C)S(=O)(=O)C)C(=O)N[C@H](C)c4ccccc4)O)OC,CO[C@H](C[C@H](O)[C@H](COc1cc(F)cc(F)c1)NC(=O)c1cc(C(=O)N[C@H](C)c2ccccc2)cc(N(C)S(C)(=O)=O)c1)C(=O)N[C@H](C(=O)NCc1ccccc1)C(C)C,False,CO[C@H](C[C@H](O)[C@H](COc1cc(F)cc(F)c1)NC(=O)c1cc(C(=O)N[C@H](C)c2ccccc2)cc(N(C)S(C)(=O)=O)c1)C(=O)N[C@H](C(=O)NCc1ccccc1)C(C)C,"InChI=1S/C43H51F2N5O9S/c1-26(2)39(43(55)46-24-28-13-9-7-10-14-28)49-42(54)38(58-5)23-37(51)36(25-59-35-21-32(44)20-33(45)22-35)48-41(53)31-17-30(18-34(19-31)50(4)60(6,56)57)40(52)47-27(3)29-15-11-8-12-16-29/h7-22,26-27,36-39,51H,23-25H2,1-6H3,(H,46,55)(H,47,52)(H,48,53)(H,49,54)/t27-,36+,37+,38-,39+/m1/s1",IEIHXPJWOSDLBU-VWMOWEEZSA-N,851.9700000000003,4.252200000000002,192.46999999999997,9,5,20,4,4,0.3488372093023256,60,0,0,0.08653655109595819,2194.7608654802416,-5.909999999999999,46.77592086671239,21.376713116007068,13.572029167055677,0,0,0,4,0,17,221.5973999999995,nan,True,False,False,False,False,None,None
929,"N-[(2S,3S,5R)-1-[(3,5-difluorophenyl)methoxy]-3-hydroxy-5-methyl-6-[[(2S)-3-methyl-1-oxo-1-(phenylmethylamino)butan-2-yl]amino]-6-oxo-hexan-2-yl]-5-(methyl-methylsulfonyl-amino)-N'-[(1R)-1-phenylethyl]benzene-1,3-dicarboxamide",C44 H53 F2 N5 O8 S,non-polymer,CC(C)[C@@H](C(=O)NCc1ccccc1)NC(=O)[C@H](C)C[C@@H]([C@H](COCc2cc(cc(c2)F)F)NC(=O)c3cc(cc(c3)N(C)S(=O)(=O)C)C(=O)N[C@H](C)c4ccccc4)O,CC(C)[C@H](NC(=O)[C@H](C)C[C@H](O)[C@H](COCc1cc(F)cc(F)c1)NC(=O)c1cc(C(=O)N[C@H](C)c2ccccc2)cc(N(C)S(C)(=O)=O)c1)C(=O)NCc1ccccc1,False,CC(C)[C@H](NC(=O)[C@H](C)C[C@H](O)[C@H](COCc1cc(F)cc(F)c1)NC(=O)c1cc(C(=O)N[C@H](C)c2ccccc2)cc(N(C)S(C)(=O)=O)c1)C(=O)NCc1ccccc1,"InChI=1S/C44H53F2N5O8S/c1-27(2)40(44(56)47-24-30-13-9-7-10-14-30)50-41(53)28(3)17-39(52)38(26-59-25-31-18-35(45)23-36(46)19-31)49-43(55)34-20-33(21-37(22-34)51(5)60(6,57)58)42(54)48-29(4)32-15-11-8-12-16-32/h7-16,18-23,27-29,38-40,52H,17,24-26H2,1-6H3,(H,47,56)(H,48,54)(H,49,55)(H,50,53)/t28-,29-,38+,39+,40+/m1/s1",SQCCLROLILAOBD-MLLWAOEYSA-N,849.9980000000002,5.011100000000004,183.23999999999998,8,5,20,4,4,0.36363636363636365,60,0,0,0.08228201411860525,2192.4045837253716,-5.709999999999999,46.97357754310665,21.517354712868027,13.95317427407673,0,0,0,4,0,16,224.12539999999942,nan,False,False,False,False,False,None,None
0BI,"(4S)-4-[(1R)-1-hydroxy-2-({1-[3-(1-methylethyl)phenyl]cyclopropyl}amino)ethyl]-19-(methoxymethyl)-11-oxa-3,16-diazatric
yclo[15.3.1.1~6,10~]docosa-1(21),6(22),7,9,17,19-hexaen-2-one",C35 H45 N3 O4,non-polymer,CC(C)c1cccc(c1)C2(CC2)NC[C@H]([C@@H]3Cc4cccc(c4)OCCCCNc5cc(cc(c5)C(=O)N3)COC)O,COCc1cc2cc(c1)C(=O)N[C@H]([C@H](O)CNC1(c3cccc(C(C)C)c3)CC1)Cc1cccc(c1)OCCCCN2,False,COCc1cc2cc(c1)C(=O)N[C@H]([C@H](O)CNC1(c3cccc(C(C)C)c3)CC1)Cc1cccc(c1)OCCCCN2,"InChI=1S/C35H45N3O4/c1-24(2)27-9-7-10-29(20-27)35(12-13-35)37-22-33(39)32-19-25-8-6-11-31(18-25)42-15-5-4-14-36-30-17-26(23-41-3)16-28(21-30)34(40)38-32/h6-11,16-18,20-21,24,32-33,36-37,39H,4-5,12-15,19,22-23H2,1-3H3,(H,38,40)/t32-,33+/m0/s1",GCZHKZTYTMTFGU-JHOUSYSJSA-N,571.7620000000003,5.521800000000005,91.85000000000001,6,4,8,5,3,0.45714285714285713,42,0,0,0.2846306827295202,1353.5674478061596,-3.3899999999999992,30.080385662223776,13.721899151237567,7.707407288591272,0,4,2,3,1,7,167.22639999999967,nan,False,True,True,False,False,None,None
XLI,"N-acetyl-L-leucyl-N-[(4S,5S,7R)-8-(butylamino)-5-hydroxy-2,7-dimethyl-8-oxooctan-4-yl]-L-methioninamide",C27 H52 N4 O5 S,peptide-like,CCCCNC(=O)[C@H](C)C[C@@H]([C@H](CC(C)C)NC(=O)[C@H](CCSC)NC(=O)[C@H](CC(C)C)NC(=O)C)O,CCCCNC(=O)[C@H](C)C[C@H](O)[C@H](CC(C)C)NC(=O)[C@H](CCSC)NC(=O)[C@H](CC(C)C)NC(C)=O,False,CCCCNC(=O)[C@H](C)C[C@H](O)[C@H](CC(C)C)NC(=O)[C@H](CCSC)NC(=O)[C@H](CC(C)C)NC(C)=O,"InChI=1S/C27H52N4O5S/c1-9-10-12-28-25(34)19(6)16-24(33)22(14-17(2)3)31-26(35)21(11-13-37-8)30-27(36)23(15-18(4)5)29-20(7)32/h17-19,21-24,33H,9-16H2,1-8H3,(H,28,34)(H,29,32)(H,30,36)(H,31,35)/t19-,21+,22+,23+,24+/m1/s1",PEWRQHFGBBTOMS-FFYZIMEISA-N,544.8030000000002,2.609400000000002,136.63,6,5,19,0,0,0.8518518518518519,37,0,0,0.15862475648379915,704.2839669302189,-1.8099999999999998,35.190000000000005,19.28704094638342,15.908934709167614,0,0,0,0,0,10,151.0805999999999,nan,True,False,False,False,True,None,Aliphatic_long_chain
AYH,"(1R,3S)-3-[1-(acetylamino)-1-methylethyl]-N-[(1S,2S,4R)-1-benzyl-5-(butylamino)-2-hydroxy-4-methyl-5-oxopentyl]cyclohexanecarboxamide",C29 H47 N3 O4,non-polymer,CCCCNC(=O)[C@H](C)C[C@@H]([C@H](Cc1ccccc1)NC(=O)[C@@H]2CCC[C@@H](C2)C(C)(C)NC(=O)C)O,CCCCNC(=O)[C@H](C)C[C@H](O)[C@H](Cc1ccccc1)NC(=O)[C@@H]1CCC[C@H](C(C)(C)NC(C)=O)C1,False,CCCCNC(=O)[C@H](C)C[C@H](O)[C@H](Cc1ccccc1)NC(=O)[C@@H]1CCC[C@H](C(C)(C)NC(C)=O)C1,"InChI=1S/C29H47N3O4/c1-6-7-16-30-27(35)20(2)17-26(34)25(18-22-12-9-8-10-13-22)31-28(36)23-14-11-15-24(19-23)29(4,5)32-21(3)33/h8-10,12-13,20,23-26,34H,6-7,11,14-19H2,1-5H3,(H,30,35)(H,31,36)(H,32,33)/t20-,23-,24+,25+,26+/m1/s1",NGUMIHCAWWHVPZ-MTKOPPBXSA-N,501.71200000000033,3.7384000000000026,107.53000000000002,4,4,13,2,1,0.6896551724137931,36,0,0,0.30892262191973346,842.1808460429745,-2.41,29.817937543842586,14.359926025962203,9.565666419793287,0,0,1,1,1,7,143.12589999999994,nan,True,False,True,False,True,None,Aliphatic_long_chain
BJC,"(1R,3S)-N-[(1S,2R)-1-benzyl-2-hydroxy-3-{[3-(1-methylethyl)benzyl]amino}propyl]-3-[1-methyl-1-(2-oxopiperidin-1-yl)ethy
l]cyclohexanecarboxamide",C35 H51 N3 O3,non-polymer,CC(C)c1cccc(c1)CNC[C@H]([C@H](Cc2ccccc2)NC(=O)[C@@H]3CCC[C@@H](C3)C(C)(C)N4CCCCC4=O)O,CC(C)c1cccc(CNC[C@@H](O)[C@H](Cc2ccccc2)NC(=O)[C@@H]2CCC[C@H](C(C)(C)N3CCCCC3=O)C2)c1,False,CC(C)c1cccc(CNC[C@@H](O)[C@H](Cc2ccccc2)NC(=O)[C@@H]2CCC[C@H](C(C)(C)N3CCCCC3=O)C2)c1,"InChI=1S/C35H51N3O3/c1-25(2)28-15-10-14-27(20-28)23-36-24-32(39)31(21-26-12-6-5-7-13-26)37-34(41)29-16-11-17-30(22-29)35(3,4)38-19-9-8-18-33(38)40/h5-7,10,12-15,20,25,29-32,36,39H,8-9,11,16-19,21-24H2,1-4H3,(H,37,41)/t29-,30+,31+,32-/m1/s1",MFPZDLDVZIAMTN-OKDNLZPVSA-N,561.8110000000004,5.585500000000006,81.67,4,3,12,4,2,0.6,41,0,0,0.31581376887428,1132.493006923565,-2.7,31.240381898234727,14.460555357778565,8.4193897643144,0,0,2,2,2,6,165.41219999999967,nan,False,False,True,False,False,None,None
G00,4-butoxy-3-chlorobenzyl imidothiocarbamate,C12 H17 Cl N2 O S,non-polymer,[H]/N=C(/N)\SCc1ccc(c(c1)Cl)OCCCC,[H]/N=C(/N)SCc1ccc(OCCCC)c(Cl)c1,False,[H]/N=C(/N)SCc1ccc(OCCCC)c(Cl)c1,"InChI=1S/C12H17ClN2OS/c1-2-3-6-16-11-5-4-9(7-10(11)13)8-17-12(14)15/h4-5,7H,2-3,6,8H2,1H3,(H3,14,15)",IONZMLSFEITLRK-UHFFFAOYSA-N,272.801,3.645570000000003,59.10000000000001,3,2,6,1,1,0.4166666666666667,17,0,0,0.47211102416265205,415.0639257734769,-0.8700000000000001,12.583385378594171,7.454794943152667,5.3260538403375355,0,0,0,1,0,5,75.06410000000002,nan,True,True,True,False,True,None,Aliphatic_long_chain; imine_1; imine_2
D8Y,3-[2-(3-chlorophenyl)ethyl]pyridin-2-amine,C13 H13 Cl N2,non-polymer,c1cc(cc(c1)Cl)CCc2cccnc2N,Nc1ncccc1CCc1cccc(Cl)c1,False,Nc1ncccc1CCc1cccc(Cl)c1,"InChI=1S/C13H13ClN2/c14-12-5-1-3-10(9-12)6-7-11-4-2-8-16-13(11)15/h1-5,8-9H,6-7H2,(H2,15,16)",XJCJGDOLNLEZIY-UHFFFAOYSA-N,232.714,3.1024000000000003,38.91,2,1,3,2,2,0.15384615384615385,16,0,0,0.8833804593120178,482.8637396214058,-1.5400000000000003,10.960728834918472,4.991946080806169,2.735107322248883,0,0,0,2,0,3,67.50940000000001,nan,True,True,True,False,True,None,None
3TO,3-[2-(3-{[(furan-2-ylmethyl)(methyl)amino]methyl}phenyl)ethyl]pyridin-2-amine,C20 H23 N3 O,non-polymer,C[N@@](Cc1cccc(c1)CCc2cccnc2N)Cc3ccco3,CN(Cc1cccc(CCc2cccnc2N)c1)Cc1ccco1,False,CN(Cc1cccc(CCc2cccnc2N)c1)Cc1ccco1,"InChI=1S/C20H23N3O/c1-23(15-19-8-4-12-24-19)14-17-6-2-5-16(13-17)9-10-18-7-3-11-22-20(18)21/h2-8,11-13H,9-10,14-15H2,1H3,(H2,21,22)",PGBSGPMEMSPFFE-UHFFFAOYSA-N,321.424,3.674000000000002,55.290000000000006,4,1,7,3,3,0.25,24,0,0,0.7211314628570511,768.0698429169739,-2.59,16.274207510527287,7.793960540371407,4.459072135208434,0,0,0,3,0,4,96.37840000000003,nan,True,True,True,True,True,None,None
625,4-(4-{1-[(6-aminopyridin-2-yl)methyl]-5-(2-chlorophenyl)-1H-pyrrol-2-yl}phenoxy)butanenitrile,C26 H23 Cl N4 O,non-polymer,c1ccc(c(c1)c2ccc(n2Cc3cccc(n3)N)c4ccc(cc4)OCCCC#N)Cl,N#CCCCOc1ccc(-c2ccc(-c3ccccc3Cl)n2Cc2cccc(N)n2)cc1,False,N#CCCCOc1ccc(-c2ccc(-c3ccccc3Cl)n2Cc2cccc(N)n2)cc1,"InChI=1S/C26H23ClN4O/c27-23-8-2-1-7-22(23)25-15-14-24(31(25)18-20-6-5-9-26(29)30-20)19-10-12-21(13-11-19)32-17-4-3-16-28/h1-2,5-15H,3-4,17-18H2,(H2,29,30)",CERJQPWNRISSQS-UHFFFAOYSA-N,442.95000000000016,6.1835800000000045,76.86000000000001,5,1,8,4,4,0.15384615384615385,32,0,0,0.3301653960274601,1241.4241350797718,-3.749999999999999,21.480848,10.038131912192188,4.9324218534141355,0,0,0,4,0,6,128.4074,nan,True,True,False,False,False,None,Aliphatic_long_chain
038,"3-[[(2S)-2-[[[(2S)-2-[[(2S)-2-[[(2S)-2-azanyl-3-(1H-1,2,3,4-tetrazol-5-ylcarbonylamino)propanoyl]amino]-3-methyl-butanoyl]amino]-4-methyl-pentanoyl]amino]methyl]-2-hydroxy-4-phenyl-butanoyl]amino]benzoic acid",C34 H46 N10 O8,peptide-like,CC(C)C[C@@H](C(=O)NC[C@](CCc1ccccc1)(C(=O)Nc2cccc(c2)C(=O)O)O)NC(=O)[C@H](C(C)C)NC(=O)[C@H](CNC(=O)c3[nH]nnn3)N,CC(C)C[C@H](NC(=O)[C@@H](NC(=O)[C@@H](N)CNC(=O)c1nnn[nH]1)C(C)C)C(=O)NC[C@](O)(CCc1ccccc1)C(=O)Nc1cccc(C(=O)O)c1,False,CC(C)C[C@H](NC(=O)[C@@H](NC(=O)[C@@H](N)CNC(=O)c1nnn[nH]1)C(C)C)C(=O)NC[C@](O)(CCc1ccccc1)C(=O)Nc1cccc(C(=O)O)c1,"InChI=1S/C34H46N10O8/c1-19(2)15-25(39-30(47)26(20(3)4)40-28(45)24(35)17-36-31(48)27-41-43-44-42-27)29(46)37-18-34(52,14-13-21-9-6-5-7-10-21)33(51)38-23-12-8-11-22(16-23)32(49)50/h5-12,16,19-20,24-26,52H,13-15,17-18,35H2,1-4H3,(H,36,48)(H,37,46)(H,38,51)(H,39,47)(H,40,45)(H,49,50)(H,41,42,43,44)/t24-,25-,26-,34+/m0/s1",FZZOBXKGDCMGAL-NAJARDBOSA-N,722.8039999999997,-0.2544999999999943,283.50999999999993,11,9,19,3,3,0.4411764705882353,52,0,0,0.07743524401034521,1686.076184771223,-5.750000000000001,40.67750140943381,19.02128366139355,12.23527360242422,0,0,0,3,0,18,187.39419999999973,nan,False,False,False,False,False,None,None
879,6-({2-(2-chlorophenyl)-5-[4-(pyrimidin-5-yloxy)phenyl]-1H-pyrrol-1-yl}methyl)pyridin-2-amine,C26 H20 Cl N5 O,non-polymer,c1ccc(c(c1)c2ccc(n2Cc3cccc(n3)N)c4ccc(cc4)Oc5cncnc5)Cl,Nc1cccc(Cn2c(-c3ccc(Oc4cncnc4)cc3)ccc2-c2ccccc2Cl)n1,False,Nc1cccc(Cn2c(-c3ccc(Oc4cncnc4)cc3)ccc2-c2ccccc2Cl)n1,"InChI=1S/C26H20ClN5O/c27-23-6-2-1-5-22(23)25-13-12-24(32(25)16-19-4-3-7-26(28)31-19)18-8-10-20(11-9-18)33-21-14-29-17-30-15-21/h1-15,17H,16H2,(H2,28,31)",MNZJYJDKCYJKMU-UHFFFAOYSA-N,453.9330000000001,6.083300000000004,78.85000000000001,6,1,6,5,5,0.038461538461538464,33,0,0,0.3365939669233094,1383.7512889774691,-4.159999999999999,20.726569214632338,9.141142541683042,4.561088435374149,0,0,0,5,0,7,130.17139999999995,nan,True,True,False,False,False,None,None
BDJ,"(2Z)-3-(3-chlorobenzyl)-2-imino-5,5-dimethylimidazolidin-4-one",C12 H14 Cl N3 O,non-polymer,[H]/N=C\1/NC(C(=O)N1Cc2cccc(c2)Cl)(C)C,[H]/N=C1/NC(C)(C)C(=O)N1Cc1cccc(Cl)c1,False,[H]/N=C1/NC(C)(C)C(=O)N1Cc1cccc(Cl)c1,"InChI=1S/C12H14ClN3O/c1-12(2)10(17)16(11(14)15-12)7-8-4-3-5-9(13)6-8/h3-6H,7H2,1-2H3,(H2,14,15)",NFQQEWLVDJRZJJ-UHFFFAOYSA-N,251.717,1.9851699999999997,56.190000000000005,2,2,2,2,1,0.3333333333333333,17,0,0,0.8446262968563344,515.7989163642175,-1.5499999999999994,10.594325580249754,4.035866968245453,2.2644631117604095,0,0,1,1,1,5,66.94340000000003,nan,True,True,True,False,True,None,imine_1
BDO,"(2Z,5R)-3-(3-chlorobenzyl)-2-imino-5-methyl-5-(2-methylpropyl)imidazolidin-4-one",C15 H20 Cl N3 O,non-polymer,[H]/N=C\1/N[C@](C(=O)N1Cc2cccc(c2)Cl)(C)CC(C)C,[H]/N=C1/N[C@](C)(CC(C)C)C(=O)N1Cc1cccc(Cl)c1,False,[H]/N=C1/N[C@](C)(CC(C)C)C(=O)N1Cc1cccc(Cl)c1,"InChI=1S/C15H20ClN3O/c1-10(2)8-15(3)13(20)19(14(17)18-15)9-11-5-4-6-12(16)7-11/h4-7,10H,8-9H2,1-3H3,(H2,17,18)/t15-/m1/s1",SMHLWQCDIJPLEC-OAHLLOKOSA-N,293.79800000000006,3.011370000000001,56.190000000000005,2,2,4,2,1,0.4666666666666667,20,0,0,0.8964106758019872,575.7920868859374,-1.5499999999999994,13.433853515940244,5.444482893800028,2.9554785009060263,0,0,1,1,1,5,80.72440000000003,nan,True,True,True,True,True,None,imine_1
BDQ,"1-(4-cyanophenyl)-3-(4-{[(2Z,4R)-2-imino-4-methyl-4-(2-methylpropyl)-5-oxoimidazolidin-1-yl]methyl}benzyl)urea",C24 H28 N6 O2,non-polymer,[H]/N=C\1/N[C@](C(=O)N1Cc2ccc(cc2)CNC(=O)Nc3ccc(cc3)C#N)(C)CC(C)C,[H]/N=C1/N[C@](C)(CC(C)C)C(=O)N1Cc1ccc(CNC(=O)Nc2ccc(C#N)cc2)cc1,False,[H]/N=C1/N[C@](C)(CC(C)C)C(=O)N1Cc1ccc(CNC(=O)Nc2ccc(C#N)cc2)cc1,"InChI=1S/C24H28N6O2/c1-16(2)12-24(3)21(31)30(22(26)29-24)15-19-6-4-18(5-7-19)14-27-23(32)28-20-10-8-17(13-25)9-11-20/h4-11,16H,12,14-15H2,1-3H3,(H2,26,29)(H2,27,28,32)/t24-/m1/s1",CTKHUQYUPSHMQE-XMMPIXPASA-N,432.5280000000002,3.551350000000002,121.10999999999999,4,4,7,3,2,0.3333333333333333,32,0,0,0.5344577096074814,1075.6284441826836,-3.8599999999999994,21.375021650003774,9.518233445545121,5.43378694966971,0,0,1,2,1,8,122.72980000000003,nan,True,True,True,True,True,None,imine_1
BDV,"1-butyl-3-(4-{[(2Z,4R)-2-imino-4-methyl-4-(2-methylpropyl)-5-oxoimidazolidin-1-yl]methyl}benzyl)urea",C21 H33 N5 O2,non-polymer,[H]/N=C\1/N[C@](C(=O)N1Cc2ccc(cc2)CNC(=O)NCCCC)(C)CC(C)C,[H]/N=C1/N[C@](C)(CC(C)C)C(=O)N1Cc1ccc(CNC(=O)NCCCC)cc1,False,[H]/N=C1/N[C@](C)(CC(C)C)C(=O)N1Cc1ccc(CNC(=O)NCCCC)cc1,"InChI=1S/C21H33N5O2/c1-5-6-11-23-20(28)24-13-16-7-9-17(10-8-16)14-26-18(27)21(4,12-15(2)3)25-19(26)22/h7-10,15H,5-6,11-14H2,1-4H3,(H2,22,25)(H2,23,24,28)/t21-/m1/s1",VPGRKPRUHRVZER-OAQYLSRUSA-N,387.52800000000025,2.9572700000000003,97.32,3,4,9,2,1,0.5714285714285714,28,0,0,0.4904746831618713,735.0919303763102,-2.57,20.171661836598886,9.572566453550591,5.711436624687743,0,0,1,1,1,7,110.86080000000007,nan,True,True,True,True,True,None,Aliphatic_long_chain; imine_1
BDW,"(4S)-1-(4-{[(2Z,4R)-4-(2-cyclohexylethyl)-4-(cyclohexylmethyl)-2-imino-5-oxoimidazolidin-1-yl]methyl}benzyl)-4-propylimidazolidin-2-one",C32 H49 N5 O2,non-polymer,[H]/N=C\1/N[C@](C(=O)N1Cc2ccc(cc2)CN3C[C@@H](NC3=O)CCC)(CCC4CCCCC4)CC5CCCCC5,[H]/N=C1/N[C@](CCC2CCCCC2)(CC2CCCCC2)C(=O)N1Cc1ccc(CN2C[C@H](CCC)NC2=O)cc1,False,[H]/N=C1/N[C@](CCC2CCCCC2)(CC2CCCCC2)C(=O)N1Cc1ccc(CN2C[C@H](CCC)NC2=O)cc1,"InChI=1S/C32H49N5O2/c1-2-9-28-23-36(31(39)34-28)21-26-14-16-27(17-15-26)22-37-29(38)32(35-30(37)33,20-25-12-7-4-8-13-25)19-18-24-10-5-3-6-11-24/h14-17,24-25,28H,2-13,18-23H2,1H3,(H2,33,35)(H,34,39)/t28-,32+/m0/s1",SILGEXOUELDSRZ-GMCHKSTQSA-N,535.7770000000005,6.316770000000006,88.53,3,3,11,5,1,0.71875,39,0,0,0.30991407203508325,1034.2463209972318,-2.57,26.64229356095264,12.73407974349926,6.778228205863828,0,0,4,1,4,7,155.22409999999974,nan,False,False,False,False,False,None,imine_1
BDX,"(2E,5R)-5-(2-cyclohexylethyl)-5-(cyclohexylmethyl)-2-imino-3-methylimidazolidin-4-one",C19 H33 N3 O,non-polymer,[H]/N=C/1\N[C@](C(=O)N1C)(CCC2CCCCC2)CC3CCCCC3,[H]/N=C1\N[C@](CCC2CCCCC2)(CC2CCCCC2)C(=O)N1C,False,[H]/N=C1\N[C@](CCC2CCCCC2)(CC2CCCCC2)C(=O)N1C,"InChI=1S/C19H33N3O/c1-22-17(23)19(21-18(22)20,14-16-10-6-3-7-11-16)13-12-15-8-4-2-5-9-15/h15-16H,2-14H2,1H3,(H2,20,21)/t19-/m1/s1",SVQNYPQKWMFQJJ-LJQANCHMSA-N,319.4930000000001,4.052470000000003,56.190000000000005,2,2,5,3,0,0.8947368421052632,23,0,0,0.8028566581711531,469.23235866409664,-1.06,15.466679266808102,7.227753111404264,3.7193794782302834,0,0,3,0,3,4,93.36440000000006,nan,True,True,True,True,True,None,imine_1
Z81,"(5S)-2-amino-5-(2',5'-difluorobiphenyl-3-yl)-3-methyl-5-pyridin-4-yl-3,5-dihydro-4H-imidazol-4-one",C21 H16 F2 N4 O,non-polymer,CN1C(=O)[C@@](N=C1N)(c2ccncc2)c3cccc(c3)c4cc(ccc4F)F,CN1C(=O)[C@@](c2ccncc2)(c2cccc(-c3cc(F)ccc3F)c2)N=C1N,False,CN1C(=O)[C@@](c2ccncc2)(c2cccc(-c3cc(F)ccc3F)c2)N=C1N,"InChI=1S/C21H16F2N4O/c1-27-19(28)21(26-20(27)24,14-7-9-25-10-8-14)15-4-2-3-13(11-15)17-12-16(22)5-6-18(17)23/h2-12H,1H3,(H2,24,26)/t21-/m1/s1",RKYFABJLGJZOBA-OAQYLSRUSA-N,378.3820000000001,3.057100000000001,71.58,4,1,3,4,3,0.09523809523809523,28,0,0,0.7614634761206894,1100.569539370359,-3.609999999999998,17.78640509663867,6.525466670851624,2.6317564225426557,0,0,1,3,0,7,101.20340000000004,nan,True,True,True,True,True,None,None
74A,"N'-{(1S,2S)-1-(3,5-difluorobenzyl)-2-hydroxy-2-[(2R)-4-(phenylcarbonyl)piperazin-2-yl]ethyl}-5-methyl-N,N-dipropylbenzene-1,3-dicarboxamide",C35 H42 F2 N4 O4,non-polymer,CCCN(CCC)C(=O)c1cc(cc(c1)C(=O)N[C@@H](Cc2cc(cc(c2)F)F)[C@@H]([C@H]3CN(CCN3)C(=O)c4ccccc4)O)C,CCCN(CCC)C(=O)c1cc(C)cc(C(=O)N[C@@H](Cc2cc(F)cc(F)c2)[C@H](O)[C@H]2CN(C(=O)c3ccccc3)CCN2)c1,False,CCCN(CCC)C(=O)c1cc(C)cc(C(=O)N[C@@H](Cc2cc(F)cc(F)c2)[C@H](O)[C@H]2CN(C(=O)c3ccccc3)CCN2)c1,"InChI=1S/C35H42F2N4O4/c1-4-12-40(13-5-2)35(45)27-16-23(3)15-26(20-27)33(43)39-30(19-24-17-28(36)21-29(37)18-24)32(42)31-22-41(14-11-38-31)34(44)25-9-7-6-8-10-25/h6-10,15-18,20-21,30-32,38,42H,4-5,11-14,19,22H2,1-3H3,(H,39,43)/t30-,31+,32-/m0/s1",ZJLWDMHHAMNWRK-QAXCHELISA-N,620.7410000000003,4.351620000000004,101.98,5,3,12,4,3,0.4,45,0,0,0.27964734663834745,1459.4735012907972,-4.149999999999999,33.73723738150557,15.722838882502522,8.953859028100986,0,0,1,3,1,10,169.1236999999996,nan,True,False,True,False,False,None,None
EV3,3-(2-amino-5-chloro-1H-benzimidazol-1-yl)propan-1-ol,C10 H12 Cl N3 O,non-polymer,c1cc2c(cc1Cl)nc(n2CCCO)N,Nc1nc2cc(Cl)ccc2n1CCCO,False,Nc1nc2cc(Cl)ccc2n1CCCO,"InChI=1S/C10H12ClN3O/c11-7-2-3-9-8(6-7)13-10(12)14(9)4-1-5-15/h2-3,6,15H,1,4-5H2,(H2,12,13)",NSMVCZCLMLZSOB-UHFFFAOYSA-N,225.67899999999997,1.6542999999999992,64.07,4,2,3,2,2,0.3,15,0,0,0.835128180755186,480.71739097637897,-1.26,10.26433036495087,4.082142092621231,1.909699688476112,0,0,0,2,0,5,60.85820000000001,nan,True,True,True,False,True,None,None
EV4,4-(2-amino-5-chloro-1H-benzimidazol-1-yl)-N-cyclohexyl-N-methylbutanamide,C18 H25 Cl N4 O,non-polymer,CN(C1CCCCC1)C(=O)CCCn2c3ccc(cc3nc2N)Cl,CN(C(=O)CCCn1c(N)nc2cc(Cl)ccc21)C1CCCCC1,False,CN(C(=O)CCCn1c(N)nc2cc(Cl)ccc21)C1CCCCC1,"InChI=1S/C18H25ClN4O/c1-22(14-6-3-2-4-7-14)17(24)8-5-11-23-16-10-9-13(19)12-15(16)21-18(23)20/h9-10,12,14H,2-8,11H2,1H3,(H2,20,21)",UIWHCBCBZBYNDS-UHFFFAOYSA-N,348.87800000000004,3.843200000000002,64.15,4,1,5,3,2,0.5555555555555556,24,0,0,0.8922598039202221,721.1222143029362,-1.75,17.085370390052077,7.428272683680537,3.664791978266842,0,0,1,2,1,6,98.03240000000005,nan,True,True,True,True,True,None,None
EV5,(3S)-3-(2-amino-5-chloro-1H-benzimidazol-1-yl)-N-(cyclohexylmethyl)pentanamide,C19 H27 Cl N4 O,non-polymer,CC[C@@H](CC(=O)NCC1CCCCC1)n2c3ccc(cc3nc2N)Cl,CC[C@@H](CC(=O)NCC1CCCCC1)n1c(N)nc2cc(Cl)ccc21,False,CC[C@@H](CC(=O)NCC1CCCCC1)n1c(N)nc2cc(Cl)ccc21,"InChI=1S/C19H27ClN4O/c1-2-15(11-18(25)22-12-13-6-4-3-5-7-13)24-17-9-8-14(20)10-16(17)23-19(24)21/h8-10,13,15H,2-7,11-12H2,1H3,(H2,21,23)(H,22,25)/t15-/m0/s1",UKACQFCXAAAWAE-HNNXBMFYSA-N,362.9050000000001,4.309600000000003,72.94,4,2,6,3,2,0.5789473684210527,25,0,0,0.8036650210421886,736.3444741735473,-1.75,18.053450642093914,8.085923746290428,4.26536888239591,0,0,1,2,1,6,102.68510000000003,nan,True,True,True,True,True,None,None
842,"N-[(1S,2R)-1-(3,5-difluorobenzyl)-2-hydroxy-3-({1-[3-(1H-pyrazol-1-yl)phenyl]cyclohexyl}amino)propyl]acetamide",C27 H32 F2 N4 O2,non-polymer,CC(=O)N[C@@H](Cc1cc(cc(c1)F)F)[C@@H](CNC2(CCCCC2)c3cccc(c3)n4cccn4)O,CC(=O)N[C@@H](Cc1cc(F)cc(F)c1)[C@H](O)CNC1(c2cccc(-n3cccn3)c2)CCCCC1,False,CC(=O)N[C@@H](Cc1cc(F)cc(F)c1)[C@H](O)CNC1(c2cccc(-n3cccn3)c2)CCCCC1,"InChI=1S/C27H32F2N4O2/c1-19(34)32-25(15-20-13-22(28)17-23(29)14-20)26(35)18-30-27(9-3-2-4-10-27)21-7-5-8-24(16-21)33-12-6-11-31-33/h5-8,11-14,16-17,25-26,30,35H,2-4,9-10,15,18H2,1H3,(H,32,34)/t25-,26+/m0/s1",QXNFPOMRKODYSK-IZZNHLLZSA-N,482.5750000000003,4.007800000000004,79.18,5,3,9,4,3,0.4074074074074074,35,0,0,0.43074098826287405,1109.71975435923,-3.0999999999999996,25.006723261713773,11.094296408448159,6.320514742077923,0,0,1,3,1,8,130.00320000000002,nan,True,True,True,False,True,None,None
957,"N-[(1S,2R)-1-(3,5-difluorobenzyl)-3-({1-[4-(2,2-dimethylpropyl)thiophen-2-yl]cyclopropyl}amino)-2-hydroxypropyl]acetamide",C24 H32 F2 N2 O2 S,non-polymer,CC(=O)N[C@@H](Cc1cc(cc(c1)F)F)[C@@H](CNC2(CC2)c3cc(cs3)CC(C)(C)C)O,CC(=O)N[C@@H](Cc1cc(F)cc(F)c1)[C@H](O)CNC1(c2cc(CC(C)(C)C)cs2)CC1,False,CC(=O)N[C@@H](Cc1cc(F)cc(F)c1)[C@H](O)CNC1(c2cc(CC(C)(C)C)cs2)CC1,"InChI=1S/C24H32F2N2O2S/c1-15(29)28-20(9-16-7-18(25)11-19(26)8-16)21(30)13-27-24(5-6-24)22-10-17(14-31-22)12-23(2,3)4/h7-8,10-11,14,20-21,27,30H,5-6,9,12-13H2,1-4H3,(H,28,29)/t20-,21+/m0/s1",YEGCCSKZPHGALE-LEWJYISDSA-N,450.59500000000025,4.301900000000004,61.36,4,3,9,3,2,0.5416666666666666,31,0,0,0.5338148380333636,898.2933848584897,-1.8299999999999998,23.825197999853643,9.346184958181516,6.824344960216289,0,0,1,2,1,7,120.06620000000005,nan,True,True,True,True,True,None,None
ZOO,"(5R)-2-amino-5-[4-(difluoromethoxy)phenyl]-5-[4-fluoro-3-(5-fluoropent-1-yn-1-yl)phenyl]-3-methyl-3,5-dihydro-4H-imidazol-4-one",C22 H19 F4 N3 O2,non-polymer,CN1C(=O)[C@@](N=C1N)(c2ccc(cc2)OC(F)F)c3ccc(c(c3)C#CCCCF)F,CN1C(=O)[C@@](c2ccc(OC(F)F)cc2)(c2ccc(F)c(C#CCCCF)c2)N=C1N,False,CN1C(=O)[C@@](c2ccc(OC(F)F)cc2)(c2ccc(F)c(C#CCCCF)c2)N=C1N,"InChI=1S/C22H19F4N3O2/c1-29-19(30)22(28-21(29)27,15-6-9-17(10-7-15)31-20(25)26)16-8-11-18(24)14(13-16)5-3-2-4-12-23/h6-11,13,20H,2,4,12H2,1H3,(H2,27,28)/t22-/m1/s1",ZSIZOKHLIKKQIV-JOCHJYFZSA-N,433.40500000000026,3.558600000000003,67.92,4,1,6,3,2,0.2727272727272727,31,0,0,0.4304551686487377,1060.6610762458026,-3.5399999999999987,22.152091039940935,9.080864481443918,4.330783361304648,0,0,1,2,0,9,106.73340000000005,nan,True,True,True,True,True,None,Aliphatic_long_chain; triple_bond
3P5,"(3S,4S,5R)-3-(3-bromo-4-hydroxybenzyl)-5-[(3-cyclopropylbenzyl)amino]tetrahydro-2H-thiopyran-4-ol 1,1-dioxide",C22 H26 Br N O4 S,non-polymer,c1cc(cc(c1)C2CC2)CN[C@H]3CS(=O)(=O)C[C@H]([C@@H]3O)Cc4ccc(c(c4)Br)O,O=S1(=O)C[C@@H](Cc2ccc(O)c(Br)c2)[C@H](O)[C@@H](NCc2cccc(C3CC3)c2)C1,False,O=S1(=O)C[C@@H](Cc2ccc(O)c(Br)c2)[C@H](O)[C@@H](NCc2cccc(C3CC3)c2)C1,"InChI=1S/C22H26BrNO4S/c23-19-10-14(4-7-21(19)25)8-18-12-29(27,28)13-20(22(18)26)24-11-15-2-1-3-17(9-15)16-5-6-16/h1-4,7,9-10,16,18,20,22,24-26H,5-6,8,11-13H2/t18-,20+,22+/m1/s1",NDEIDRFQAYLHLT-CBQOVEMMSA-N,480.4240000000001,3.138500000000002,86.63000000000001,5,3,6,4,2,0.45454545454545453,29,0,0,0.5917349256476996,990.0568268221277,-1.4099999999999995,20.846321012033048,8.377602009403072,5.202858883401627,0,0,2,2,2,7,116.70610000000005,nan,True,True,True,False,True,None,None
QBH,"(4S)-4-(2-hydroxy-5-{[(3S,4S,5R)-4-hydroxy-1,1-dioxido-5-{[3-(propan-2-yl)benzyl]amino}tetrahydro-2H-thiopyran-3-yl]methyl}benzyl)-3-propyl-1,3-oxazolidin-2-one",C29 H40 N2 O6 S,non-polymer,CCCN1[C@H](COC1=O)Cc2cc(ccc2O)C[C@@H]3CS(=O)(=O)C[C@@H]([C@H]3O)NCc4cccc(c4)C(C)C,CCCN1C(=O)OC[C@@H]1Cc1cc(C[C@@H]2CS(=O)(=O)C[C@H](NCc3cccc(C(C)C)c3)[C@H]2O)ccc1O,False,CCCN1C(=O)OC[C@@H]1Cc1cc(C[C@@H]2CS(=O)(=O)C[C@H](NCc3cccc(C(C)C)c3)[C@H]2O)ccc1O,"InChI=1S/C29H40N2O6S/c1-4-10-31-25(16-37-29(31)34)14-23-11-20(8-9-27(23)32)12-24-17-38(35,36)18-26(28(24)33)30-15-21-6-5-7-22(13-21)19(2)3/h5-9,11,13,19,24-26,28,30,32-33H,4,10,12,14-18H2,1-3H3/t24-,25+,26+,28+/m1/s1",JYNDAPHZRSRSGI-KAHNYGAISA-N,544.7140000000002,3.3953000000000015,116.17,7,3,10,4,2,0.5517241379310345,38,0,0,0.41987040173986656,1231.3241839996526,-2.619999999999999,28.389623465843474,12.051147276229903,6.868895889944869,0,0,2,2,2,9,146.95709999999985,nan,True,True,True,False,True,None,None
C6A,"N-[(2S,3R)-4-{[(2R,4S)-2-cyclopropyl-6-(2,2-dimethylpropyl)-3,4-dihydro-2H-chromen-4-yl]amino}-1-(3,5-difluorophenyl)-3-hydroxybutan-2-yl]acetamide",C29 H38 F2 N2 O3,non-polymer,CC(=O)N[C@@H](Cc1cc(cc(c1)F)F)[C@@H](CN[C@H]2C[C@@H](Oc3c2cc(cc3)CC(C)(C)C)C4CC4)O,CC(=O)N[C@@H](Cc1cc(F)cc(F)c1)[C@H](O)CN[C@H]1C[C@H](C2CC2)Oc2ccc(CC(C)(C)C)cc21,False,CC(=O)N[C@@H](Cc1cc(F)cc(F)c1)[C@H](O)CN[C@H]1C[C@H](C2CC2)Oc2ccc(CC(C)(C)C)cc21,"InChI=1S/C29H38F2N2O3/c1-17(34)33-25(12-19-9-21(30)13-22(31)10-19)26(35)16-32-24-14-28(20-6-7-20)36-27-8-5-18(11-23(24)27)15-29(2,3)4/h5,8-11,13,20,24-26,28,32,35H,6-7,12,14-16H2,1-4H3,(H,33,34)/t24-,25-,26+,28+/m0/s1",IBLLHMQPQAMFLM-WDTRASESSA-N,500.6300000000004,4.853500000000005,70.59,4,3,9,4,2,0.5517241379310345,36,0,0,0.46030513691368846,1060.4243374270536,-2.51,26.55014171321935,10.85079145748995,7.262344646404978,0,0,2,2,1,7,135.77519999999998,nan,True,True,True,False,True,None,None
3RS,"(2R)-3-[2-amino-6-(2-methylphenyl)quinolin-3-yl]-N-[(4R)-2,2-dimethyltetrahydro-2H-pyran-4-yl]-2-methylpropanamide",C27 H33 N3 O2,non-polymer,Cc1ccccc1c2ccc3c(c2)cc(c(n3)N)C[C@@H](C)C(=O)N[C@@H]4CCOC(C4)(C)C,Cc1ccccc1-c1ccc2nc(N)c(C[C@@H](C)C(=O)N[C@@H]3CCOC(C)(C)C3)cc2c1,False,Cc1ccccc1-c1ccc2nc(N)c(C[C@@H](C)C(=O)N[C@@H]3CCOC(C)(C)C3)cc2c1,"InChI=1S/C27H33N3O2/c1-17-7-5-6-8-23(17)19-9-10-24-20(14-19)15-21(25(28)30-24)13-18(2)26(31)29-22-11-12-32-27(3,4)16-22/h5-10,14-15,18,22H,11-13,16H2,1-4H3,(H2,28,30)(H,29,31)/t18-,22-/m1/s1",QMSHBBGXSXAGOO-XMSQKQJNSA-N,431.58000000000027,5.044820000000004,77.24,4,2,5,4,3,0.4074074074074074,32,0,0,0.5929347334781221,1138.9496709505192,-2.92,22.280241292031764,8.907698428298923,4.937030126571312,0,0,1,3,1,5,130.39210000000003,nan,True,True,True,True,False,None,None
RSV,6-(thiophen-3-yl)quinolin-2-amine,C13 H10 N2 S,non-polymer,c1cc(nc2c1cc(cc2)c3ccsc3)N,Nc1ccc2cc(-c3ccsc3)ccc2n1,False,Nc1ccc2cc(-c3ccsc3)ccc2n1,"InChI=1S/C13H10N2S/c14-13-4-2-10-7-9(1-3-12(10)15-13)11-5-6-16-8-11/h1-8H,(H2,14,15)",SKHMHSCEONTQTF-UHFFFAOYSA-N,226.30399999999997,3.5455000000000014,38.91,3,1,1,3,3,0.0,16,0,0,0.6888591990300466,629.4825666252442,-1.8699999999999999,9.362738186979707,3.6110629743835907,1.5505753949970333,0,0,0,3,0,3,69.46840000000002,nan,True,True,True,False,True,None,None
RTH,"6-[2-(3,3-dimethylbut-1-yn-1-yl)phenyl]quinolin-2-amine",C21 H20 N2,non-polymer,CC(C)(C)C#Cc1ccccc1c2ccc3c(c2)ccc(n3)N,CC(C)(C)C#Cc1ccccc1-c1ccc2nc(N)ccc2c1,False,CC(C)(C)C#Cc1ccccc1-c1ccc2nc(N)ccc2c1,"InChI=1S/C21H20N2/c1-21(2,3)13-12-15-6-4-5-7-18(15)16-8-10-19-17(14-16)9-11-20(22)23-19/h4-11,14H,1-3H3,(H2,22,23)",IFUYBWIZKMAADM-UHFFFAOYSA-N,300.40500000000003,4.881600000000004,38.91,2,1,1,3,3,0.19047619047619047,23,0,0,0.6503543116238805,921.7049265262041,-2.7899999999999996,15.119029907917161,5.775764874752031,3.5190137138144615,0,0,0,3,0,2,97.92440000000005,nan,True,True,True,True,True,None,triple_bond
RTM,3-(2-aminoquinolin-3-yl)-N-cyclohexyl-N-methylpropanamide,C19 H25 N3 O,non-polymer,CN(C1CCCCC1)C(=O)CCc2cc3ccccc3nc2N,CN(C(=O)CCc1cc2ccccc2nc1N)C1CCCCC1,False,CN(C(=O)CCc1cc2ccccc2nc1N)C1CCCCC1,"InChI=1S/C19H25N3O/c1-22(16-8-3-2-4-9-16)18(23)12-11-15-13-14-7-5-6-10-17(14)21-19(15)20/h5-7,10,13,16H,2-4,8-9,11-12H2,1H3,(H2,20,21)",GRFOHUBBUMAJMM-UHFFFAOYSA-N,311.4290000000001,3.540700000000002,59.22,3,1,4,3,2,0.47368421052631576,23,0,0,0.9392174082655584,692.0742454867668,-2.1,15.782706279437843,6.985464962018847,3.631876669647586,0,0,1,2,1,4,94.11940000000006,nan,True,True,True,True,True,None,None
RTN,3-[2-amino-6-(2-methylphenyl)quinolin-3-yl]-N-cyclohexylpropanamide,C25 H29 N3 O,non-polymer,Cc1ccccc1c2ccc3c(c2)cc(c(n3)N)CCC(=O)NC4CCCCC4,Cc1ccccc1-c1ccc2nc(N)c(CCC(=O)NC3CCCCC3)cc2c1,False,Cc1ccccc1-c1ccc2nc(N)c(CCC(=O)NC3CCCCC3)cc2c1,"InChI=1S/C25H29N3O/c1-17-7-5-6-10-22(17)18-11-13-23-20(15-18)16-19(25(26)28-23)12-14-24(29)27-21-8-3-2-4-9-21/h5-7,10-11,13,15-16,21H,2-4,8-9,12,14H2,1H3,(H2,26,28)(H,27,29)",JBOWUKRDBGMOJZ-UHFFFAOYSA-N,387.52700000000027,5.173920000000004,68.00999999999999,3,2,5,4,3,0.36,29,0,0,0.6341762561113202,1021.7522452043788,-2.88,19.437020891196717,8.643069993489684,4.584370600166394,0,0,1,3,1,4,119.66510000000007,nan,True,True,True,True,False,None,None
RVI,(2R)-2-{[2-amino-6-(2-methylphenyl)quinolin-3-yl]methyl}-N-(cyclohexylmethyl)pentanamide,C29 H37 N3 O,non-polymer,CCC[C@H](Cc1cc2cc(ccc2nc1N)c3ccccc3C)C(=O)NCC4CCCCC4,CCC[C@H](Cc1cc2cc(-c3ccccc3C)ccc2nc1N)C(=O)NCC1CCCCC1,False,CCC[C@H](Cc1cc2cc(-c3ccccc3C)ccc2nc1N)C(=O)NCC1CCCCC1,"InChI=1S/C29H37N3O/c1-3-9-23(29(33)31-19-21-11-5-4-6-12-21)17-25-18-24-16-22(14-15-27(24)32-28(25)30)26-13-8-7-10-20(26)2/h7-8,10,13-16,18,21,23H,3-6,9,11-12,17,19H2,1-2H3,(H2,30,32)(H,31,33)/t23-/m1/s1",KSRGIPYZQZCBMH-HSZRJFAPSA-N,443.63500000000033,6.447720000000006,68.00999999999999,3,2,8,4,3,0.4482758620689655,33,0,0,0.42037988976854207,1101.2173331102088,-2.88,23.283971154519364,10.825386378458399,5.733291850552344,0,0,1,3,1,4,138.01509999999993,nan,True,True,False,False,False,None,None
3RU,3-(2-aminoquinolin-3-yl)-N-(cyclohexylmethyl)propanamide,C19 H25 N3 O,non-polymer,c1ccc2c(c1)cc(c(n2)N)CCC(=O)NCC3CCCCC3,Nc1nc2ccccc2cc1CCC(=O)NCC1CCCCC1,False,Nc1nc2ccccc2cc1CCC(=O)NCC1CCCCC1,"InChI=1S/C19H25N3O/c20-19-16(12-15-8-4-5-9-17(15)22-19)10-11-18(23)21-13-14-6-2-1-3-7-14/h4-5,8-9,12,14H,1-3,6-7,10-11,13H2,(H2,20,22)(H,21,23)",YOUIXYWUUXULRM-UHFFFAOYSA-N,311.4290000000001,3.446100000000002,68.00999999999999,3,2,5,3,2,0.47368421052631576,23,0,0,0.888433555551154,677.3691024951423,-2.0999999999999996,15.782706279437843,7.4449146950702225,4.213664329471785,0,0,1,2,1,4,94.06110000000004,nan,True,True,True,True,True,None,None
EV6,"(3S)-3-(2-amino-5-chloro-1H-benzimidazol-1-yl)-N-[(1R,3S,5R,7R)-tricyclo[3.3.1.1~3,7~]dec-2-yl]pentanamide",C22 H29 Cl N4 O,non-polymer,CC[C@@H](CC(=O)NC1C2CC3CC(C2)CC1C3)n4c5ccc(cc5nc4N)Cl,CC[C@@H](CC(=O)NC1C2CC3CC(C2)CC1C3)n1c(N)nc2cc(Cl)ccc21,False,CC[C@@H](CC(=O)NC1C2CC3CC(C2)CC1C3)n1c(N)nc2cc(Cl)ccc21,"InChI=1S/C22H29ClN4O/c1-2-17(27-19-4-3-16(23)10-18(19)25-22(27)24)11-20(28)26-21-14-6-12-5-13(8-14)9-15(21)7-12/h3-4,10,12-15,17,21H,2,5-9,11H2,1H3,(H2,24,25)(H,26,28)/t12?,13?,14?,15?,17-,21?/m0/s1",KMAKOMVKNWTGPE-AKUVNNTDSA-N,400.95400000000006,4.554000000000004,72.94,4,2,5,6,2,0.6363636363636364,28,0,0,0.7724540318376114,879.3189621442949,-1.75,18.289478177720103,6.941628926223521,3.0789073853877658,0,4,4,2,4,6,112.07610000000005,nan,True,True,True,True,True,None,None
591,"(5S)-2-amino-5-(1-ethyl-1H-pyrazol-4-yl)-3-methyl-5-[3-(pyrimidin-5-yl)phenyl]-3,5-dihydro-4H-imidazol-4-one",C19 H19 N7 O,non-polymer,CCn1cc(cn1)[C@]2(C(=O)N(C(=N2)N)C)c3cccc(c3)c4cncnc4,CCn1cc([C@]2(c3cccc(-c4cncnc4)c3)N=C(N)N(C)C2=O)cn1,False,CCn1cc([C@]2(c3cccc(-c4cncnc4)c3)N=C(N)N(C)C2=O)cn1,"InChI=1S/C19H19N7O/c1-3-26-11-16(10-23-26)19(17(27)25(2)18(20)24-19)15-6-4-5-13(7-15)14-8-21-12-22-9-14/h4-12H,3H2,1-2H3,(H2,20,24)/t19-/m0/s1",DNDFMOOQRXKYQL-IBGZPJMESA-N,361.40900000000005,1.3902999999999996,102.29,7,1,4,4,3,0.21052631578947367,27,0,0,0.7564325458942192,1027.3021370977838,-3.5499999999999994,16.893676945122408,6.312972339915136,2.5692736308401076,0,0,1,3,0,8,100.54140000000001,nan,True,True,True,True,True,None,None
532,"(5S)-2-amino-3-methyl-5-[3-(pyridin-3-yl)phenyl]-5-(thiophen-3-yl)-3,5-dihydro-4H-imidazol-4-one",C19 H16 N4 O S,non-polymer,CN1C(=O)[C@](N=C1N)(c2cccc(c2)c3cccnc3)c4ccsc4,CN1C(=O)[C@@](c2ccsc2)(c2cccc(-c3cccnc3)c2)N=C1N,False,CN1C(=O)[C@@](c2ccsc2)(c2cccc(-c3cccnc3)c2)N=C1N,"InChI=1S/C19H16N4OS/c1-23-17(24)19(22-18(23)20,16-7-9-25-12-16)15-6-2-4-13(10-15)14-5-3-8-21-11-14/h2-12H,1H3,(H2,20,22)/t19-/m0/s1",AOGBXAFIKRFUPJ-IBGZPJMESA-N,348.4310000000001,2.8404000000000007,71.58,5,1,3,4,3,0.10526315789473684,25,0,0,0.791009902397442,952.5750325223363,-2.9899999999999984,15.532621659053293,5.822701015206608,2.3360826510217207,0,0,1,3,0,6,99.16440000000003,nan,True,True,True,True,True,None,None
18P,"N-{3-[(2R)-6-amino-2,4-dimethyl-3-oxo-2,3,4,5-tetrahydropyrazin-2-yl]phenyl}-5-chloropyridine-2-carboxamide",C18 H18 Cl N5 O2,non-polymer,C[C@]1(C(=O)N(CC(=N1)N)C)c2cccc(c2)NC(=O)c3ccc(cn3)Cl,CN1CC(N)=N[C@](C)(c2cccc(NC(=O)c3ccc(Cl)cn3)c2)C1=O,False,CN1CC(N)=N[C@](C)(c2cccc(NC(=O)c3ccc(Cl)cn3)c2)C1=O,"InChI=1S/C18H18ClN5O2/c1-18(17(26)24(2)10-15(20)23-18)11-4-3-5-13(8-11)22-16(25)14-7-6-12(19)9-21-14/h3-9H,10H2,1-2H3,(H2,20,23)(H,22,25)/t18-/m1/s1",MRYFMHAPTQCQLE-GOSISDBHSA-N,371.8280000000001,2.0316999999999994,100.67999999999999,5,2,3,3,2,0.2222222222222222,26,0,0,0.8614722796772688,896.7093954192906,-2.9299999999999993,17.879015172355857,6.760295047024997,3.385354070508598,0,0,1,2,0,8,100.25360000000002,nan,True,True,True,True,True,None,None
091,"(3S)-spiro[indole-3,3'-pyrrolidin]-2(1H)-one",C11 H12 N2 O,non-polymer,c1ccc2c(c1)[C@]3(CCNC3)C(=O)N2,O=C1Nc2ccccc2[C@]12CCNC2,False,O=C1Nc2ccccc2[C@]12CCNC2,"InChI=1S/C11H12N2O/c14-10-11(5-6-12-7-11)8-3-1-2-4-9(8)13-10/h1-4,12H,5-7H2,(H,13,14)/t11-/m1/s1",FQSHLSLQUHZOMV-LLVKDONJSA-N,188.23,0.8697999999999997,41.13,2,2,0,3,1,0.36363636363636365,14,0,0,0.6339738222399509,394.0289343621288,-1.35,7.999578911810271,2.575661155212491,0.8260336825271892,1,0,2,1,1,3,54.23640000000002,nan,True,True,True,False,False,None,None
092,"methyl (3S,5'R)-2-oxo-1,2-dihydrospiro[indole-3,3'-pyrrolidine]-5'-carboxylate",C13 H14 N2 O3,non-polymer,COC(=O)[C@H]1C[C@@]2(CN1)c3ccccc3NC2=O,COC(=O)[C@H]1C[C@]2(CN1)C(=O)Nc1ccccc12,False,COC(=O)[C@H]1C[C@]2(CN1)C(=O)Nc1ccccc12,"InChI=1S/C13H14N2O3/c1-18-11(16)10-6-13(7-14-10)8-4-2-3-5-9(8)15-12(13)17/h2-5,10,14H,6-7H2,1H3,(H,15,17)/t10-,13-/m1/s1",WBRZAMFFUKWSQR-ZWNOBZJWSA-N,246.26600000000002,0.41139999999999943,67.43,4,2,1,3,1,0.38461538461538464,18,0,0,0.7043281136544743,528.7225711149572,-1.8800000000000001,11.224118240428053,3.81233057269293,1.3700160081673225,1,0,2,1,1,5,65.17340000000002,nan,True,True,True,False,True,None,None
095,"tetrahydro-2H-pyran-4-yl (3S,5'R)-2-oxo-1,2-dihydrospiro[indole-3,3'-pyrrolidine]-5'-carboxylate",C17 H20 N2 O4,non-polymer,c1ccc2c(c1)[C@]3(C[C@@H](NC3)C(=O)OC4CCOCC4)C(=O)N2,O=C(OC1CCOCC1)[C@H]1C[C@]2(CN1)C(=O)Nc1ccccc12,False,O=C(OC1CCOCC1)[C@H]1C[C@]2(CN1)C(=O)Nc1ccccc12,"InChI=1S/C17H20N2O4/c20-15(23-11-5-7-22-8-6-11)14-9-17(10-18-14)12-3-1-2-4-13(12)19-16(17)21/h1-4,11,14,18H,5-10H2,(H,19,21)/t14-,17-/m1/s1",HIOAPSYSJQPIRC-RHSMWYFYSA-N,316.357,0.9605999999999995,76.66,5,2,2,4,1,0.5294117647058824,23,0,0,0.794937956399988,641.235467378749,-1.92,14.658349024845199,5.615486551196895,2.420018074520824,1,0,3,1,2,6,83.09040000000003,nan,True,True,True,True,True,None,None
09A,"benzyl (3S,5'R)-2-oxo-1,2-dihydrospiro[indole-3,3'-pyrrolidine]-5'-carboxylate",C19 H18 N2 O3,non-polymer,c1ccc(cc1)COC(=O)[C@H]2C[C@@]3(CN2)c4ccccc4NC3=O,O=C(OCc1ccccc1)[C@H]1C[C@]2(CN1)C(=O)Nc1ccccc12,False,O=C(OCc1ccccc1)[C@H]1C[C@]2(CN1)C(=O)Nc1ccccc12,"InChI=1S/C19H18N2O3/c22-17(24-11-13-6-2-1-3-7-13)16-10-19(12-20-16)14-8-4-5-9-15(14)21-18(19)23/h1-9,16,20H,10-12H2,(H,21,23)/t16-,19-/m1/s1",WDDNNMQSTPFSMZ-VQIMIIECSA-N,322.36400000000003,1.9817999999999998,67.43,4,2,3,4,2,0.2631578947368421,24,0,0,0.8481554610695766,790.2087265629004,-2.6599999999999997,14.902363909258659,5.760949153548595,2.3745848672643772,1,0,2,2,1,5,89.39540000000005,nan,True,True,True,True,True,None,None
09B,"4-cyanobenzyl (3S,5'R)-2-oxo-1,2-dihydrospiro[indole-3,3'-pyrrolidine]-5'-carboxylate",C20 H17 N3 O3,non-polymer,c1ccc2c(c1)[C@]3(C[C@@H](NC3)C(=O)OCc4ccc(cc4)C#N)C(=O)N2,N#Cc1ccc(COC(=O)[C@H]2C[C@]3(CN2)C(=O)Nc2ccccc23)cc1,False,N#Cc1ccc(COC(=O)[C@H]2C[C@]3(CN2)C(=O)Nc2ccccc23)cc1,"InChI=1S/C20H17N3O3/c21-10-13-5-7-14(8-6-13)11-26-18(24)17-9-20(12-22-17)15-3-1-2-4-16(15)23-19(20)25/h1-8,17,22H,9,11-12H2,(H,23,25)/t17-,20-/m1/s1",QVGGPTMZUCXDDT-YLJYHZDGSA-N,347.374,1.8534799999999996,91.22,5,2,3,4,2,0.25,26,0,0,0.8271071447851798,916.6438043964015,-3.17,16.306643271493275,6.28199367091336,2.627843168450166,1,0,2,2,1,6,94.11040000000004,nan,True,True,True,True,True,None,None
09E,"(4S)-6-bromo-1,1-dioxido-3,4-dihydro-2H-thiochromen-4-yl (3S,5'R)-2-oxo-1,2-dihydrospiro[indole-3,3'-pyrrolidine]-5'-carboxylate",C21 H19 Br N2 O5 S,non-polymer,c1ccc2c(c1)[C@]3(C[C@@H](NC3)C(=O)O[C@H]4CCS(=O)(=O)c5c4cc(cc5)Br)C(=O)N2,O=C(O[C@H]1CCS(=O)(=O)c2ccc(Br)cc21)[C@H]1C[C@]2(CN1)C(=O)Nc1ccccc12,False,O=C(O[C@H]1CCS(=O)(=O)c2ccc(Br)cc21)[C@H]1C[C@]2(CN1)C(=O)Nc1ccccc12,"InChI=1S/C21H19BrN2O5S/c22-12-5-6-18-13(9-12)17(7-8-30(18,27)28)29-19(25)16-10-21(11-23-16)14-3-1-2-4-15(14)24-20(21)26/h1-6,9,16-17,23H,7-8,10-11H2,(H,24,26)/t16-,17+,21-/m1/s1",AENVIUXFIDGFED-LLGFUMIMSA-N,491.3630000000001,2.4628000000000005,101.57,6,2,2,5,2,0.3333333333333333,30,0,0,0.6265082801322187,1181.6692379079775,-2.2299999999999995,19.71687996398413,6.897042171787484,2.9858066562855985,1,0,3,2,1,9,112.80220000000004,nan,True,True,True,False,True,None,None
09D,"(4S)-6-bromo-3,4-dihydro-2H-thiochromen-4-yl (3S,5'R)-2-oxo-1,2-dihydrospiro[indole-3,3'-pyrrolidine]-5'-carboxylate",C21 H19 Br N2 O3 S,non-polymer,c1ccc2c(c1)[C@]3(C[C@@H](NC3)C(=O)O[C@H]4CCSc5c4cc(cc5)Br)C(=O)N2,O=C(O[C@H]1CCSc2ccc(Br)cc21)[C@H]1C[C@]2(CN1)C(=O)Nc1ccccc12,False,O=C(O[C@H]1CCSc2ccc(Br)cc21)[C@H]1C[C@]2(CN1)C(=O)Nc1ccccc12,"InChI=1S/C21H19BrN2O3S/c22-12-5-6-18-13(9-12)17(7-8-28-18)27-19(25)16-10-21(11-23-16)14-3-1-2-4-15(14)24-20(21)26/h1-6,9,16-17,23H,7-8,10-11H2,(H,24,26)/t16-,17+,21-/m1/s1",OPUJSFZMYKHRTH-LLGFUMIMSA-N,459.36500000000007,3.781200000000002,67.42999999999999,5,2,2,5,2,0.3333333333333333,28,0,0,0.6696836433163037,981.8730982100764,-1.8299999999999992,18.214595595679288,6.897897986408679,2.875928081306813,1,0,3,2,1,7,111.47340000000004,nan,True,True,True,True,True,None,None
09F,"1-cyanocyclohexyl (3S,5'R)-2-oxo-1,2-dihydrospiro[indole-3,3'-pyrrolidine]-5'-carboxylate",C19 H21 N3 O3,non-polymer,c1ccc2c(c1)[C@]3(C[C@@H](NC3)C(=O)OC4(CCCCC4)C#N)C(=O)N2,N#CC1(OC(=O)[C@H]2C[C@]3(CN2)C(=O)Nc2ccccc23)CCCCC1,False,N#CC1(OC(=O)[C@H]2C[C@]3(CN2)C(=O)Nc2ccccc23)CCCCC1,"InChI=1S/C19H21N3O3/c20-11-18(8-4-1-5-9-18)25-16(23)15-10-19(12-21-15)13-6-2-3-7-14(13)22-17(19)24/h2-3,6-7,15,21H,1,4-5,8-10,12H2,(H,22,24)/t15-,19-/m1/s1",VRCMTLQTPNLTIN-DNVCBOLYSA-N,339.39500000000004,2.0080799999999996,91.22,5,2,2,4,1,0.5263157894736842,25,0,0,0.8044036044545699,763.422977085274,-2.3900000000000006,16.09870488621181,5.850608875184908,2.5038839928903203,1,0,3,1,2,6,90.67840000000004,nan,True,True,True,True,True,None,None
09G,"3-bromo-4-cyanobenzyl (3S,5'R)-2-oxo-1,2-dihydrospiro[indole-3,3'-pyrrolidine]-5'-carboxylate",C20 H16 Br N3 O3,non-polymer,c1ccc2c(c1)[C@]3(C[C@@H](NC3)C(=O)OCc4ccc(c(c4)Br)C#N)C(=O)N2,N#Cc1ccc(COC(=O)[C@H]2C[C@]3(CN2)C(=O)Nc2ccccc23)cc1Br,False,N#Cc1ccc(COC(=O)[C@H]2C[C@]3(CN2)C(=O)Nc2ccccc23)cc1Br,"InChI=1S/C20H16BrN3O3/c21-15-7-12(5-6-13(15)9-22)10-27-18(25)17-8-20(11-23-17)14-3-1-2-4-16(14)24-19(20)26/h1-7,17,23H,8,10-11H2,(H,24,26)/t17-,20-/m1/s1",DJYALAFSFGHFLN-YLJYHZDGSA-N,426.27000000000004,2.6159800000000004,91.22,5,2,3,4,2,0.25,27,0,0,0.7369171728603034,984.6774967392197,-2.6899999999999995,17.71030765472468,6.7987805629258355,3.009215740755666,1,0,2,2,1,7,101.81040000000004,nan,True,True,True,True,True,None,None
508,"(1R,4'S)-3,4-dihydro-2H-spiro[naphthalene-1,3'-pyrrolidin]-4'-yl[(2S,4R)-2,4-diphenylpiperidin-1-yl]methanone",C31 H34 N2 O,non-polymer,c1ccc(cc1)[C@@H]2CCN([C@@H](C2)c3ccccc3)C(=O)[C@@H]4CNC[C@]45CCCc6c5cccc6,O=C([C@@H]1CNC[C@]12CCCc1ccccc12)N1CC[C@@H](c2ccccc2)C[C@H]1c1ccccc1,False,O=C([C@@H]1CNC[C@]12CCCc1ccccc12)N1CC[C@@H](c2ccccc2)C[C@H]1c1ccccc1,"InChI=1S/C31H34N2O/c34-30(28-21-32-22-31(28)18-9-15-24-12-7-8-16-27(24)31)33-19-17-26(23-10-3-1-4-11-23)20-29(33)25-13-5-2-6-14-25/h1-8,10-14,16,26,28-29,32H,9,15,17-22H2/t26-,28+,29+,31+/m1/s1",MXPUWFOJTXJTTA-RNWXARPHSA-N,450.6260000000003,5.6276000000000055,32.34,2,1,3,6,3,0.3870967741935484,34,0,0,0.5610672169167782,1144.3631491517258,-2.909999999999999,21.6118195851463,9.034085147952592,3.6694759746650965,1,0,3,3,2,3,136.73069999999993,nan,True,True,True,False,False,None,None
ZPX,"N-[(1R)-1-(4-fluorophenyl)ethyl]-N'-[(2S,3S)-3-hydroxy-1-phenyl-4-(1H-pyrazol-1-yl)butan-2-yl]-5-[methyl(methylsulfonyl)amino]benzene-1,3-dicarboxamide",C31 H34 F N5 O5 S,non-polymer,C[C@H](c1ccc(cc1)F)NC(=O)c2cc(cc(c2)N(C)S(=O)(=O)C)C(=O)N[C@@H](Cc3ccccc3)[C@H](Cn4cccn4)O,C[C@@H](NC(=O)c1cc(C(=O)N[C@@H](Cc2ccccc2)[C@@H](O)Cn2cccn2)cc(N(C)S(C)(=O)=O)c1)c1ccc(F)cc1,False,C[C@@H](NC(=O)c1cc(C(=O)N[C@@H](Cc2ccccc2)[C@@H](O)Cn2cccn2)cc(N(C)S(C)(=O)=O)c1)c1ccc(F)cc1,"InChI=1S/C31H34FN5O5S/c1-21(23-10-12-26(32)13-11-23)34-30(39)24-17-25(19-27(18-24)36(2)43(3,41)42)31(40)35-28(16-22-8-5-4-6-9-22)29(38)20-37-15-7-14-33-37/h4-15,17-19,21,28-29,38H,16,20H2,1-3H3,(H,34,39)(H,35,40)/t21-,28+,29+/m1/s1",YTBFVFURRJQMRL-AUDJAPFVSA-N,607.7080000000002,3.3112000000000017,133.63000000000002,7,3,12,4,4,0.25806451612903225,43,0,0,0.22639948796127965,1647.8468729362837,-4.55,31.38708029643168,13.616148427734919,8.490922890541382,0,0,0,4,0,12,161.60399999999967,nan,True,False,False,False,False,None,None
ZPY,"ethyl 1-{(2S,3S)-3-[(3-{[(1R)-1-(4-fluorophenyl)ethyl]carbamoyl}-5-[methyl(methylsulfonyl)amino]benzoyl)amino]-2-hydroxy-4-phenylbutyl}-1H-pyrazole-4-carboxylate",C34 H38 F N5 O7 S,non-polymer,CCOC(=O)c1cnn(c1)C[C@@H]([C@H](Cc2ccccc2)NC(=O)c3cc(cc(c3)N(C)S(=O)(=O)C)C(=O)N[C@H](C)c4ccc(cc4)F)O,CCOC(=O)c1cnn(C[C@H](O)[C@H](Cc2ccccc2)NC(=O)c2cc(C(=O)N[C@H](C)c3ccc(F)cc3)cc(N(C)S(C)(=O)=O)c2)c1,False,CCOC(=O)c1cnn(C[C@H](O)[C@H](Cc2ccccc2)NC(=O)c2cc(C(=O)N[C@H](C)c3ccc(F)cc3)cc(N(C)S(C)(=O)=O)c2)c1,"InChI=1S/C34H38FN5O7S/c1-5-47-34(44)27-19-36-40(20-27)21-31(41)30(15-23-9-7-6-8-10-23)38-33(43)26-16-25(17-29(18-26)39(3)48(4,45)46)32(42)37-22(2)24-11-13-28(35)14-12-24/h6-14,16-20,22,30-31,41H,5,15,21H2,1-4H3,(H,37,42)(H,38,43)/t22-,30+,31+/m1/s1",MTFQLBNDNYIGHD-OJXBSAKDSA-N,679.7710000000003,3.487900000000002,159.92999999999998,9,3,14,4,4,0.29411764705882354,48,0,0,0.17093733132951983,1849.096663692551,-5.079999999999999,35.76831672109653,15.674029487707621,9.48414321547175,0,0,0,4,0,14,177.5604999999996,nan,True,False,False,False,False,None,None
ZPZ,"N-[(1R)-1-(4-fluorophenyl)ethyl]-N'-[(2S,3S)-3-hydroxy-4-{4-[(1S)-1-hydroxyethyl]-1H-1,2,3-triazol-1-yl}-1-phenylbutan-2-yl]-5-[methyl(methylsulfonyl)amino]benzene-1,3-dicarboxamide",C32 H37 F N6 O6 S,non-polymer,C[C@H](c1ccc(cc1)F)NC(=O)c2cc(cc(c2)N(C)S(=O)(=O)C)C(=O)N[C@@H](Cc3ccccc3)[C@H](Cn4cc(nn4)[C@H](C)O)O,C[C@H](O)c1cn(C[C@H](O)[C@H](Cc2ccccc2)NC(=O)c2cc(C(=O)N[C@H](C)c3ccc(F)cc3)cc(N(C)S(C)(=O)=O)c2)nn1,False,C[C@H](O)c1cn(C[C@H](O)[C@H](Cc2ccccc2)NC(=O)c2cc(C(=O)N[C@H](C)c3ccc(F)cc3)cc(N(C)S(C)(=O)=O)c2)nn1,"InChI=1S/C32H37FN6O6S/c1-20(23-10-12-26(33)13-11-23)34-31(42)24-15-25(17-27(16-24)38(3)46(4,44)45)32(43)35-28(14-22-8-6-5-7-9-22)30(41)19-39-18-29(21(2)40)36-37-39/h5-13,15-18,20-21,28,30,40-41H,14,19H2,1-4H3,(H,34,42)(H,35,43)/t20-,21+,28+,30+/m1/s1",CUYAHRWSXUTTQB-PELBXYKSSA-N,652.7490000000001,2.759500000000002,166.75,9,4,13,4,4,0.3125,46,0,0,0.1711515991591604,1765.3522671963303,-4.66,34.21770536810218,14.623332157500842,8.959317303997222,0,0,0,4,0,14,170.03279999999964,nan,True,False,False,False,False,None,None
0GO,"(2S)-N-[(2S,3R)-3-hydroxy-1-phenyl-4-{[3-(propan-2-yl)benzyl]amino}butan-2-yl]-2-[(5S)-6-oxo-1-propyl-1,7-diazaspiro[4.4]non-7-yl]propanamide",C33 H48 N4 O3,non-polymer,CCCN1CCC[C@@]12CCN(C2=O)[C@@H](C)C(=O)N[C@@H](Cc3ccccc3)[C@@H](CNCc4cccc(c4)C(C)C)O,CCCN1CCC[C@@]12CCN([C@@H](C)C(=O)N[C@@H](Cc1ccccc1)[C@H](O)CNCc1cccc(C(C)C)c1)C2=O,False,CCCN1CCC[C@@]12CCN([C@@H](C)C(=O)N[C@@H](Cc1ccccc1)[C@H](O)CNCc1cccc(C(C)C)c1)C2=O,"InChI=1S/C33H48N4O3/c1-5-17-36-18-10-15-33(36)16-19-37(32(33)40)25(4)31(39)35-29(21-26-11-7-6-8-12-26)30(38)23-34-22-27-13-9-14-28(20-27)24(2)3/h6-9,11-14,20,24-25,29-30,34,38H,5,10,15-19,21-23H2,1-4H3,(H,35,39)/t25-,29-,30+,33-/m0/s1",MOXAMLWWFJKUEH-XGZLTPBASA-N,548.7720000000003,3.8534000000000037,84.91000000000001,5,3,13,4,2,0.5757575757575758,40,0,0,0.3541702936027272,1123.6884439205144,-2.739999999999999,30.22392820733785,13.749589373569025,6.933421735604161,1,0,2,2,2,7,159.9421999999997,nan,True,False,True,False,True,None,None
0GS,"(3S,4S,5R)-3-(4-amino-3-bromo-5-fluorobenzyl)-5-{[3-(1,1-difluoroethyl)benzyl]amino}tetrahydro-2H-thiopyran-4-ol 1,1-dioxide",C21 H24 Br F3 N2 O3 S,non-polymer,CC(c1cccc(c1)CN[C@H]2CS(=O)(=O)C[C@H]([C@@H]2O)Cc3cc(c(c(c3)Br)N)F)(F)F,CC(F)(F)c1cccc(CN[C@H]2CS(=O)(=O)C[C@@H](Cc3cc(F)c(N)c(Br)c3)[C@@H]2O)c1,False,CC(F)(F)c1cccc(CN[C@H]2CS(=O)(=O)C[C@@H](Cc3cc(F)c(N)c(Br)c3)[C@@H]2O)c1,"InChI=1S/C21H24BrF3N2O3S/c1-21(24,25)15-4-2-3-12(6-15)9-27-18-11-31(29,30)10-14(20(18)28)5-13-7-16(22)19(26)17(23)8-13/h2-4,6-8,14,18,20,27-28H,5,9-11,26H2,1H3/t14-,18+,20+/m1/s1",QBRKIXCNLLQOPH-WNYOCNMUSA-N,521.3990000000001,3.3885000000000014,92.42,5,3,6,3,2,0.42857142857142855,31,0,0,0.5074244691162432,1037.070863161506,-1.6199999999999997,24.030936463775323,9.089658157883,5.998475449575096,0,0,1,2,1,10,117.00470000000004,nan,True,True,True,False,True,None,aniline
0GT,"(3R,4S,5S)-3-[(3-tert-butylbenzyl)amino]-5-{[3-(2,2-difluoroethyl)-1H-indol-5-yl]methyl}tetrahydro-2H-thiopyran-4-ol 1,1-dioxide",C27 H34 F2 N2 O3 S,non-polymer,CC(C)(C)c1cccc(c1)CN[C@H]2CS(=O)(=O)C[C@H]([C@@H]2O)Cc3ccc4c(c3)c(c[nH]4)CC(F)F,CC(C)(C)c1cccc(CN[C@H]2CS(=O)(=O)C[C@@H](Cc3ccc4[nH]cc(CC(F)F)c4c3)[C@@H]2O)c1,False,CC(C)(C)c1cccc(CN[C@H]2CS(=O)(=O)C[C@@H](Cc3ccc4[nH]cc(CC(F)F)c4c3)[C@@H]2O)c1,"InChI=1S/C27H34F2N2O3S/c1-27(2,3)21-6-4-5-18(10-21)13-30-24-16-35(33,34)15-20(26(24)32)9-17-7-8-23-22(11-17)19(14-31-23)12-25(28)29/h4-8,10-11,14,20,24-26,30-32H,9,12-13,15-16H2,1-3H3/t20-,24+,26+/m1/s1",OOZZVYSXZBAROL-PSUQPPDWSA-N,504.6430000000002,4.379400000000003,82.19,4,3,7,4,3,0.48148148148148145,35,0,0,0.44611399229314214,1281.0635264798877,-2.289999999999999,25.792493382823974,9.99131026086902,6.2895513084386,0,0,1,3,1,8,135.63099999999997,nan,True,True,True,False,True,None,None
B00,"2-amino-3-methyl-6-[(1S,2R)-2-phenylcyclopropyl]pyrimidin-4(3H)-one",C14 H15 N3 O,non-polymer,CN1C(=O)C=C(N=C1N)[C@H]2C[C@H]2c3ccccc3,Cn1c(N)nc([C@H]2C[C@H]2c2ccccc2)cc1=O,False,Cn1c(N)nc([C@H]2C[C@H]2c2ccccc2)cc1=O,"InChI=1S/C14H15N3O/c1-17-13(18)8-12(16-14(17)15)11-7-10(11)9-5-3-2-4-6-9/h2-6,8,10-11H,7H2,1H3,(H2,15,16)/t10-,11-/m0/s1",VTVXXFGROBMFAL-QWRGUYRKSA-N,241.29400000000004,1.6336000000000002,60.91,4,1,2,3,2,0.2857142857142857,18,0,0,0.8689510463229972,633.2325181684265,-2.0999999999999996,11.017006335632473,3.9784262240709785,1.7947556272840839,0,0,1,2,1,4,70.43140000000002,nan,True,True,True,False,True,None,None
0B1,"2-amino-6-[(1S,2R)-2-(3'-methoxybiphenyl-3-yl)cyclopropyl]-3-methylpyrimidin-4(3H)-one",C21 H21 N3 O2,non-polymer,CN1C(=O)C=C(N=C1N)[C@H]2C[C@H]2c3cccc(c3)c4cccc(c4)OC,COc1cccc(-c2cccc([C@@H]3C[C@@H]3c3cc(=O)n(C)c(N)n3)c2)c1,False,COc1cccc(-c2cccc([C@@H]3C[C@@H]3c3cc(=O)n(C)c(N)n3)c2)c1,"InChI=1S/C21H21N3O2/c1-24-20(25)12-19(23-21(24)22)18-11-17(18)15-7-3-5-13(9-15)14-6-4-8-16(10-14)26-2/h3-10,12,17-18H,11H2,1-2H3,(H2,22,23)/t17-,18-/m0/s1",QECXNBWGUGUPSI-ROUUACIJSA-N,347.4180000000001,3.3092000000000015,70.14,5,1,4,4,3,0.23809523809523808,26,0,0,0.7859599845970014,1025.759930450764,-3.079999999999999,16.391764974851394,6.333127727153178,2.9641534134439875,0,0,1,3,1,5,102.41940000000004,nan,True,True,True,True,True,None,None
0B3,"(6R)-2-amino-3,6-dimethyl-6-(2-phenylethyl)-5,6-dihydropyrimidin-4(3H)-one",C14 H19 N3 O,non-polymer,C[C@]1(CC(=O)N(C(=N1)N)C)CCc2ccccc2,CN1C(=O)C[C@@](C)(CCc2ccccc2)N=C1N,False,CN1C(=O)C[C@@](C)(CCc2ccccc2)N=C1N,"InChI=1S/C14H19N3O/c1-14(9-8-11-6-4-3-5-7-11)10-12(18)17(2)13(15)16-14/h3-7H,8-10H2,1-2H3,(H2,15,16)/t14-/m1/s1",NHJCZSSEYRWDOJ-CQSZACIVSA-N,245.32600000000002,1.5546999999999997,58.69,3,1,3,2,1,0.42857142857142855,18,0,0,0.8780795492620049,469.1872650318854,-1.8399999999999994,12.612616536532622,4.801804059741028,2.6959532537342836,0,0,1,1,0,4,72.17740000000003,nan,True,True,True,False,True,None,None
0B4,"(6S)-2-amino-3,6-dimethyl-6-[(1R,2R)-2-phenylcyclopropyl]-5,6-dihydropyrimidin-4(3H)-one",C15 H19 N3 O,non-polymer,C[C@]1(CC(=O)N(C(=N1)N)C)[C@@H]2C[C@H]2c3ccccc3,CN1C(=O)C[C@@](C)([C@@H]2C[C@H]2c2ccccc2)N=C1N,False,CN1C(=O)C[C@@](C)([C@@H]2C[C@H]2c2ccccc2)N=C1N,"InChI=1S/C15H19N3O/c1-15(9-13(19)18(2)14(16)17-15)12-8-11(12)10-6-4-3-5-7-10/h3-7,11-12H,8-9H2,1-2H3,(H2,16,17)/t11-,12+,15-/m0/s1",YBXYDJCRBQOXMI-ZOWXZIJZSA-N,257.33700000000005,1.7255999999999998,58.69,3,1,2,3,1,0.4666666666666667,19,0,0,0.8767373088350258,539.5814854149727,-1.8399999999999994,12.207001189848372,4.082978421011898,2.009002396787352,0,0,2,1,1,4,74.70440000000004,nan,True,True,True,False,True,None,None
B02,"2-amino-3-methyl-6-[(1S,2R)-2-(3'-methylbiphenyl-4-yl)cyclopropyl]pyrimidin-4(3H)-one",C21 H21 N3 O,non-polymer,Cc1cccc(c1)c2ccc(cc2)[C@@H]3C[C@@H]3C4=CC(=O)N(C(=N4)N)C,Cc1cccc(-c2ccc([C@@H]3C[C@@H]3c3cc(=O)n(C)c(N)n3)cc2)c1,False,Cc1cccc(-c2ccc([C@@H]3C[C@@H]3c3cc(=O)n(C)c(N)n3)cc2)c1,"InChI=1S/C21H21N3O/c1-13-4-3-5-16(10-13)14-6-8-15(9-7-14)17-11-18(17)19-12-20(25)24(2)21(22)23-19/h3-10,12,17-18H,11H2,1-2H3,(H2,22,23)/t17-,18-/m0/s1",STUBOTPNCNDBOA-ROUUACIJSA-N,331.4190000000001,3.609020000000002,60.91,4,1,3,4,3,0.23809523809523808,25,0,0,0.7973551632189633,988.7681551855451,-2.88,15.63628869325328,5.883612780758615,2.954527246945419,0,0,1,3,1,4,100.60440000000004,nan,True,True,True,True,True,None,None
6Z0,"N-[3-[(4R)-2-azanylidene-5,5-bis(fluoranyl)-4-methyl-1,3-oxazinan-4-yl]-4-fluoranyl-phenyl]-5-cyano-pyridine-2-carboxamide",C18 H14 F3 N5 O2,non-polymer,[H]/N=C\1/N[C@](C(CO1)(F)F)(C)c2cc(ccc2F)NC(=O)c3ccc(cn3)C#N,[H]/N=C1/N[C@](C)(c2cc(NC(=O)c3ccc(C#N)cn3)ccc2F)C(F)(F)CO1,False,[H]/N=C1/N[C@](C)(c2cc(NC(=O)c3ccc(C#N)cn3)ccc2F)C(F)(F)CO1,"InChI=1S/C18H14F3N5O2/c1-17(18(20,21)9-28-16(23)26-17)12-6-11(3-4-13(12)19)25-15(27)14-5-2-10(7-22)8-24-14/h2-6,8H,9H2,1H3,(H2,23,26)(H,25,27)/t17-/m1/s1",DVMUZHLUMHPCGZ-QGZVFWFLSA-N,389.3370000000001,2.7497500000000006,110.89000000000001,5,3,3,3,2,0.2222222222222222,28,0,0,0.747601414800348,1023.1469173993653,-3.6099999999999994,17.78640509663867,6.844591855467538,3.3389731937733393,0,0,1,2,1,10,92.41860000000001,nan,True,True,True,True,True,None,imine_1
S8Z,"(8R)-8-[4-(DIFLUOROMETHOXY)PHENYL]-3,3-DIFLUORO-8-[3-(3-METHOXYPROP-1-YN-1-YL)PHENYL]-2,3,4,8-TETRAHYDROIMIDAZO[1,5-A]PYRIMIDIN-6-AMINE",C23 H20 F4 N4 O2,non-polymer,COCC#Cc1cccc(c1)[C@@]2(C3=NCC(CN3C(=N2)N)(F)F)c4ccc(cc4)OC(F)F,COCC#Cc1cccc([C@@]2(c3ccc(OC(F)F)cc3)N=C(N)N3CC(F)(F)CN=C32)c1,False,COCC#Cc1cccc([C@@]2(c3ccc(OC(F)F)cc3)N=C(N)N3CC(F)(F)CN=C32)c1,"InChI=1S/C23H20F4N4O2/c1-32-11-3-5-15-4-2-6-17(12-15)23(16-7-9-18(10-8-16)33-20(24)25)19-29-13-22(26,27)14-31(19)21(28)30-23/h2,4,6-10,12,20H,11,13-14H2,1H3,(H2,28,30)/t23-/m1/s1",DOQWIXXNZSOWDD-HSZRJFAPSA-N,460.43100000000004,3.207200000000001,72.44,6,1,5,4,2,0.30434782608695654,33,0,0,0.5496439728005371,1155.0416325481658,-3.5799999999999987,22.60813795339622,8.748900801707743,4.364275958735409,0,0,2,2,0,10,114.62740000000001,nan,True,True,True,True,True,None,triple_bond
WZV,"5-(2,2,2-Trifluoro-ethoxy)-pyridine-2-carboxylic acid [3-((S)-2-amino-1,4-dimethyl-6-oxo-1,4,5,6-tetrahydro-pyrimidin-4-yl)-phenyl]-amide",C20 H20 F3 N5 O3,non-polymer,C[C@]1(CC(=O)N(C(=N1)N)C)c2cccc(c2)NC(=O)c3ccc(cn3)OCC(F)(F)F,CN1C(=O)C[C@@](C)(c2cccc(NC(=O)c3ccc(OCC(F)(F)F)cn3)c2)N=C1N,False,CN1C(=O)C[C@@](C)(c2cccc(NC(=O)c3ccc(OCC(F)(F)F)cn3)c2)N=C1N,"InChI=1S/C20H20F3N5O3/c1-19(9-16(29)28(2)18(24)27-19)12-4-3-5-13(8-12)26-17(30)15-7-6-14(10-25-15)31-11-20(21,22)23/h3-8,10H,9,11H2,1-2H3,(H2,24,27)(H,26,30)/t19-/m0/s1",ZJFIBYCNZHIVEL-IBGZPJMESA-N,435.4060000000002,2.6670000000000007,109.91,6,2,5,3,2,0.3,31,0,0,0.7505056449739586,1023.4656422908733,-3.629999999999999,22.064148100926406,8.245433733237096,5.297884941796056,0,0,1,2,0,11,106.54360000000003,nan,True,True,True,True,True,None,None
QN7,"(8S)-3,3-DIFLUORO-8-(2'-FLUORO-3'-METHOXYBIPHENYL-3-YL)-8-PYRIDIN-4-YL-2,3,4,8-TETRAHYDROIMIDAZO[1,5-A]PYRIMIDIN-6-AMINE",C24 H20 F3 N5 O,non-polymer,COc1cccc(c1F)c2cccc(c2)[C@@]3(C4=NCC(CN4C(=N3)N)(F)F)c5ccncc5,COc1cccc(-c2cccc([C@@]3(c4ccncc4)N=C(N)N4CC(F)(F)CN=C43)c2)c1F,False,COc1cccc(-c2cccc([C@@]3(c4ccncc4)N=C(N)N4CC(F)(F)CN=C43)c2)c1F,"InChI=1S/C24H20F3N5O/c1-33-19-7-3-6-18(20(19)25)15-4-2-5-17(12-15)24(16-8-10-29-11-9-16)21-30-13-23(26,27)14-32(21)22(28)31-24/h2-12H,13-14H2,1H3,(H2,28,31)/t24-/m1/s1",RECVUKARQVUVBY-XMMPIXPASA-N,451.4520000000001,3.8176000000000023,76.1,6,1,4,5,3,0.20833333333333334,33,0,0,0.6545567701739834,1278.1011401265364,-3.8799999999999994,20.99139723214078,7.613526657003234,3.31103752158345,0,0,2,3,0,9,118.98240000000003,nan,True,True,True,True,True,None,None
7F3,(1S)-4-fluoro-1-(4-fluoro-3-pyrimidin-5-ylphenyl)-1-[2-(trifluoromethyl)pyridin-4-yl]-1H-isoindol-3-amine,C24 H14 F5 N5,non-polymer,c1cc2c(c(c1)F)C(=N[C@@]2(c3ccc(c(c3)c4cncnc4)F)c5ccnc(c5)C(F)(F)F)N,NC1=N[C@](c2ccnc(C(F)(F)F)c2)(c2ccc(F)c(-c3cncnc3)c2)c2cccc(F)c21,False,NC1=N[C@](c2ccnc(C(F)(F)F)c2)(c2ccc(F)c(-c3cncnc3)c2)c2cccc(F)c21,"InChI=1S/C24H14F5N5/c25-18-5-4-14(8-16(18)13-10-31-12-32-11-13)23(15-6-7-33-20(9-15)24(27,28)29)17-2-1-3-19(26)21(17)22(30)34-23/h1-12H,(H2,30,34)/t23-/m0/s1",UDQUVXUVXUGJFO-QHCPKHFHSA-N,467.40100000000007,4.846400000000003,77.05,5,1,3,5,4,0.08333333333333333,34,0,0,0.43745903431313765,1435.6201175035822,-4.209999999999999,21.626062282918163,7.684500972069157,3.295994140979102,0,0,1,4,0,10,113.67140000000002,nan,True,True,True,True,True,None,None
I6X,5-{(1R)-3-amino-4-fluoro-1-[3-(5-prop-1-yn-1-ylpyridin-3-yl)phenyl]-1H-isoindol-1-yl}-1-ethyl-3-methylpyridin-2(1H)-one,C30 H25 F N4 O,non-polymer,CCN1C=C(C=C(C1=O)C)[C@]2(c3cccc(c3C(=N2)N)F)c4cccc(c4)c5cc(cnc5)C#CC,CC#Cc1cncc(-c2cccc([C@@]3(c4cc(C)c(=O)n(CC)c4)N=C(N)c4c(F)cccc43)c2)c1,False,CC#Cc1cncc(-c2cccc([C@@]3(c4cc(C)c(=O)n(CC)c4)N=C(N)c4c(F)cccc43)c2)c1,"InChI=1S/C30H25FN4O/c1-4-8-20-14-22(17-33-16-20)21-9-6-10-23(15-21)30(24-13-19(3)29(36)35(5-2)18-24)25-11-7-12-26(31)27(25)28(32)34-30/h6-7,9-18H,5H2,1-3H3,(H2,32,34)/t30-/m0/s1",TUGLMYZSOPKJOA-PMERELPUSA-N,476.5550000000002,4.759920000000004,73.27,5,1,4,5,4,0.16666666666666666,36,0,0,0.43182910264536145,1657.7873420427852,-4.499999999999998,23.25163658004364,8.936158572510731,3.607418419963115,0,0,1,4,0,6,140.34439999999987,nan,True,True,True,True,True,None,triple_bond
32D,(1S)-1-[2-(difluoromethyl)pyridin-4-yl]-4-fluoro-1-(3-pyrimidin-5-ylphenyl)-1H-isoindol-3-amine,C24 H16 F3 N5,non-polymer,c1cc(cc(c1)[C@@]2(c3cccc(c3C(=N2)N)F)c4ccnc(c4)C(F)F)c5cncnc5,NC1=N[C@@](c2cccc(-c3cncnc3)c2)(c2ccnc(C(F)F)c2)c2cccc(F)c21,False,NC1=N[C@@](c2cccc(-c3cncnc3)c2)(c2ccnc(C(F)F)c2)c2cccc(F)c21,"InChI=1S/C24H16F3N5/c25-19-6-2-5-18-21(19)23(28)32-24(18,17-7-8-31-20(10-17)22(26)27)16-4-1-3-14(9-16)15-11-29-13-30-12-15/h1-13,22H,(H2,28,32)/t24-/m0/s1",MRXBCEQZNKUUIP-DEOSSOPVSA-N,431.421,4.626100000000002,77.05,5,1,4,5,4,0.08333333333333333,32,0,0,0.5113480155698317,1340.5581207777561,-4.0699999999999985,19.86761819843733,7.562945232345795,3.0299443124688117,0,0,1,4,0,8,113.66839999999999,nan,True,True,True,True,True,None,None
GMF,2-[[3-(3-methoxyphenyl)phenyl]-(4-pyridyl)methyl]guanidine,C20 H20 N4 O,non-polymer,[H]/N=C(\N)/N[C@H](c1ccncc1)c2cccc(c2)c3cccc(c3)OC,[H]/N=C(\N)N[C@H](c1ccncc1)c1cccc(-c2cccc(OC)c2)c1,False,[H]/N=C(\N)N[C@H](c1ccncc1)c1cccc(-c2cccc(OC)c2)c1,"InChI=1S/C20H20N4O/c1-25-18-7-3-5-16(13-18)15-4-2-6-17(12-15)19(24-20(21)22)14-8-10-23-11-9-14/h2-13,19H,1H3,(H4,21,22,24)/t19-/m1/s1",LSPQISZRKHVJOD-LJQANCHMSA-N,332.4070000000001,3.329670000000002,84.02000000000001,3,3,5,3,3,0.1,25,0,0,0.49414950257717244,899.0777351771579,-3.339999999999999,15.203127655333953,7.486261330061359,3.952864193574549,0,0,0,3,0,5,99.55980000000004,nan,True,True,True,True,True,None,imine_1; imine_2
6TG,"(2S)-2-(4-methoxy-3,5-dimethylphenyl)-5-methyl-2-(3-pyrimidin-5-ylphenyl)-2H-imidazol-4-amine",C23 H23 N5 O,non-polymer,Cc1cc(cc(c1OC)C)[C@]2(N=C(C(=N2)N)C)c3cccc(c3)c4cncnc4,COc1c(C)cc([C@@]2(c3cccc(-c4cncnc4)c3)N=C(C)C(N)=N2)cc1C,False,COc1c(C)cc([C@@]2(c3cccc(-c4cncnc4)c3)N=C(C)C(N)=N2)cc1C,"InChI=1S/C23H23N5O/c1-14-8-20(9-15(2)21(14)29-4)23(27-16(3)22(24)28-23)19-7-5-6-17(10-19)18-11-25-13-26-12-18/h5-13H,1-4H3,(H2,24,28)/t23-/m0/s1",PZSMDBYYYKPYFV-QHCPKHFHSA-N,385.47100000000006,3.801840000000002,85.75,6,1,4,4,3,0.21739130434782608,29,0,0,0.7400397016060075,1094.0100707540726,-3.539999999999999,18.806220040307586,7.1274310435417405,3.1628019418178517,0,0,1,3,0,6,115.4474,nan,True,True,True,True,True,None,None
1B1,(2R)-2-cyclopropyl-5-methyl-2-[3-(5-prop-1-yn-1-ylpyridin-3-yl)phenyl]-2H-imidazol-4-amine,C21 H20 N4,non-polymer,CC#Cc1cc(cnc1)c2cccc(c2)[C@@]3(N=C(C(=N3)N)C)C4CC4,CC#Cc1cncc(-c2cccc([C@]3(C4CC4)N=C(C)C(N)=N3)c2)c1,False,CC#Cc1cncc(-c2cccc([C@]3(C4CC4)N=C(C)C(N)=N3)c2)c1,"InChI=1S/C21H20N4/c1-3-5-15-10-17(13-23-12-15)16-6-4-7-19(11-16)21(18-8-9-18)24-14(2)20(22)25-21/h4,6-7,10-13,18H,8-9H2,1-2H3,(H2,22,25)/t21-/m1/s1",TWHSRVVFCICXII-OAQYLSRUSA-N,328.4190000000001,3.514500000000001,63.629999999999995,4,1,3,4,2,0.2857142857142857,25,0,0,0.8763386757061219,937.1016099488947,-2.9299999999999997,15.589160789359001,5.855898317209619,2.7206191235562507,0,0,2,2,1,4,101.35840000000005,nan,True,True,True,True,True,None,triple_bond
2FB,"(6R)-6-(4-methoxyphenyl)-2-methyl-6-(3-pyrimidin-5-ylphenyl)pyrrolo[3,4-d][1,3]thiazol-4-amine",C23 H19 N5 O S,non-polymer,Cc1nc2c(s1)[C@@](N=C2N)(c3ccc(cc3)OC)c4cccc(c4)c5cncnc5,COc1ccc([C@]2(c3cccc(-c4cncnc4)c3)N=C(N)c3nc(C)sc32)cc1,False,COc1ccc([C@]2(c3cccc(-c4cncnc4)c3)N=C(N)c3nc(C)sc32)cc1,"InChI=1S/C23H19N5OS/c1-14-27-20-21(30-14)23(28-22(20)24,17-6-8-19(29-2)9-7-17)18-5-3-4-15(10-18)16-11-25-13-26-12-16/h3-13H,1-2H3,(H2,24,28)/t23-/m1/s1",YQFNSFOVYAQJAF-HSZRJFAPSA-N,413.5060000000001,3.927920000000002,86.28,7,1,4,5,4,0.13043478260869565,30,0,0,0.5478323510910682,1250.3458282154693,-3.579999999999999,18.448688001984927,7.034878372004224,2.779394683246567,0,0,1,4,0,7,117.9194,nan,True,True,True,True,True,None,None
WM9,"(2S)-2-[3-(3-chlorophenyl)phenyl]-2-methyl-5,6-dihydro-1,3-oxazin-4-amine",C17 H17 Cl N2 O,non-polymer,C[C@@]1(N=C(CCO1)N)c2cccc(c2)c3cccc(c3)Cl,C[C@]1(c2cccc(-c3cccc(Cl)c3)c2)N=C(N)CCO1,False,C[C@]1(c2cccc(-c3cccc(Cl)c3)c2)N=C(N)CCO1,"InChI=1S/C17H17ClN2O/c1-17(20-16(19)8-9-21-17)14-6-2-4-12(10-14)13-5-3-7-15(18)11-13/h2-7,10-11H,8-9H2,1H3,(H2,19,20)/t17-/m0/s1",DAWFJSNCVYTRMO-KRWDZBQOSA-N,300.789,3.957200000000003,47.61,3,1,2,3,2,0.23529411764705882,21,0,0,0.912373520952483,698.6943929864825,-1.8399999999999994,14.112237163246272,5.507512775175046,2.940432056634021,0,0,1,2,0,4,86.43140000000004,nan,True,True,True,True,True,None,None
6T6,"(2R)-2-methyl-5-phenyl-2-(3-pyridin-3-ylphenyl)-2,3-dihydro-1H-imidazol-4-amine",C21 H20 N4,non-polymer,C[C@]1(NC(=C(N1)N)c2ccccc2)c3cccc(c3)c4cccnc4,C[C@]1(c2cccc(-c3cccnc3)c2)NC(N)=C(c2ccccc2)N1,False,C[C@]1(c2cccc(-c3cccnc3)c2)NC(N)=C(c2ccccc2)N1,"InChI=1S/C21H20N4/c1-21(24-19(20(22)25-21)15-7-3-2-4-8-15)18-11-5-9-16(13-18)17-10-6-12-23-14-17/h2-14,24-25H,22H2,1H3/t21-/m1/s1",BLSGQDNQCUBPGO-OAQYLSRUSA-N,328.4190000000001,3.3991000000000025,62.97,4,3,3,4,3,0.09523809523809523,25,0,0,0.6894430149542721,918.895678964034,-3.2699999999999987,15.26898251541231,5.981520781111515,2.8258241489743527,0,0,1,3,0,4,100.84580000000003,nan,True,True,True,True,True,None,None
XK0,"(4S)-4-(4-methoxyphenyl)-4-methyl-5,6-dihydro-1,3-thiazin-2-amine",C12 H16 N2 O S,non-polymer,C[C@]1(CCSC(=N1)N)c2ccc(cc2)OC,COc1ccc([C@]2(C)CCSC(N)=N2)cc1,False,COc1ccc([C@]2(C)CCSC(N)=N2)cc1,"InChI=1S/C12H16N2OS/c1-12(7-8-16-11(13)14-12)9-3-5-10(15-2)6-4-9/h3-6H,7-8H2,1-2H3,(H2,13,14)/t12-/m0/s1",VKHSIJFRPDEMHV-LBPRGKRZSA-N,236.34,2.362,47.61,4,1,2,2,1,0.4166666666666667,16,0,0,0.857181130070126,401.9847167860316,-1.1600000000000001,11.329108254259769,4.373951251529715,2.1641029468625983,0,0,1,1,0,4,69.04340000000003,nan,True,True,True,False,True,None,None
54M,"(5R)-5-(4-methoxyphenyl)-5-(3-pyrimidin-5-ylphenyl)-3,4-dihydropyrrol-2-amine",C21 H20 N4 O,non-polymer,COc1ccc(cc1)[C@]2(CCC(=N2)N)c3cccc(c3)c4cncnc4,COc1ccc([C@@]2(c3cccc(-c4cncnc4)c3)CCC(N)=N2)cc1,False,COc1ccc([C@@]2(c3cccc(-c4cncnc4)c3)CCC(N)=N2)cc1,"InChI=1S/C21H20N4O/c1-26-19-7-5-17(6-8-19)21(10-9-20(22)25-21)18-4-2-3-15(11-18)16-12-23-14-24-13-16/h2-8,11-14H,9-10H2,1H3,(H2,22,25)/t21-/m1/s1",MLDNPVIFXVSEGX-OAQYLSRUSA-N,344.418,3.546800000000001,73.39,5,1,4,4,3,0.19047619047619047,26,0,0,0.785406070122007,937.7396061213119,-3.2099999999999995,16.268821771756578,6.594963937347946,2.8141224393431847,0,0,1,3,0,5,102.09840000000003,nan,True,True,True,True,True,None,None
KGG,"(3R,5R)-3-methoxy-5-(4-methoxyphenyl)-5-(3-pyridin-3-ylphenyl)-3,4-dihydropyrrol-2-amine",C23 H23 N3 O2,non-polymer,COc1ccc(cc1)[C@]2(C[C@H](C(=N2)N)OC)c3cccc(c3)c4cccnc4,COc1ccc([C@@]2(c3cccc(-c4cccnc4)c3)C[C@@H](OC)C(N)=N2)cc1,False,COc1ccc([C@@]2(c3cccc(-c4cccnc4)c3)C[C@@H](OC)C(N)=N2)cc1,"InChI=1S/C23H23N3O2/c1-27-20-10-8-18(9-11-20)23(14-21(28-2)22(24)26-23)19-7-3-5-16(13-19)17-6-4-12-25-15-17/h3-13,15,21H,14H2,1-2H3,(H2,24,26)/t21-,23-/m1/s1",XBWQSEBJKSPBBV-FYYLOGMGSA-N,373.456,3.7767000000000017,69.73,5,1,5,4,3,0.21739130434782608,28,0,0,0.7389339022576817,986.2439791564867,-3.1799999999999993,18.195795203942776,7.4443543372620224,3.1403285838768826,0,0,1,3,0,5,110.48340000000002,nan,True,True,True,True,True,None,None
8T3,"N-[3-[(1S,3S,6S)-5-azanyl-3-methyl-4-azabicyclo[4.1.0]hept-4-en-3-yl]-4-fluoranyl-phenyl]-5-chloranyl-pyridine-2-carbox
amide",C19 H18 Cl F N4 O,non-polymer,C[C@]1(C[C@@H]2C[C@@H]2C(=N1)N)c3cc(ccc3F)NC(=O)c4ccc(cn4)Cl,C[C@@]1(c2cc(NC(=O)c3ccc(Cl)cn3)ccc2F)C[C@@H]2C[C@@H]2C(N)=N1,False,C[C@@]1(c2cc(NC(=O)c3ccc(Cl)cn3)ccc2F)C[C@@H]2C[C@@H]2C(N)=N1,"InChI=1S/C19H18ClFN4O/c1-19(8-10-6-13(10)17(22)25-19)14-7-12(3-4-15(14)21)24-18(26)16-5-2-11(20)9-23-16/h2-5,7,9-10,13H,6,8H2,1H3,(H2,22,25)(H,24,26)/t10-,13-,19-/m0/s1",MELPDVINWCDKRF-JXBWDGJFSA-N,372.83100000000013,3.7386000000000017,80.36999999999999,4,2,3,4,2,0.3157894736842105,26,0,0,0.8607620914254542,914.2551817513222,-2.4699999999999998,16.96952987102625,6.055156735136276,3.0517639129423983,0,0,2,2,1,7,98.78860000000002,nan,True,True,True,True,True,None,None
BXQ,"(3S,4S,5R)-3-{4-amino-3-fluoro-5-[(2S)-3,3,3-trifluoro-2-hydroxypropyl]benzyl}-5-[(3-tert-butylbenzyl)amino]tetrahydro-2H-thiopyran-4-ol 1,1-dioxide",C26 H34 F4 N2 O4 S,non-polymer,CC(C)(C)c1cccc(c1)CN[C@H]2CS(=O)(=O)C[C@H]([C@@H]2O)Cc3cc(c(c(c3)F)N)C[C@@H](C(F)(F)F)O,CC(C)(C)c1cccc(CN[C@H]2CS(=O)(=O)C[C@@H](Cc3cc(F)c(N)c(C[C@H](O)C(F)(F)F)c3)[C@@H]2O)c1,False,CC(C)(C)c1cccc(CN[C@H]2CS(=O)(=O)C[C@@H](Cc3cc(F)c(N)c(C[C@H](O)C(F)(F)F)c3)[C@@H]2O)c1,"InChI=1S/C26H34F4N2O4S/c1-25(2,3)19-6-4-5-15(9-19)12-32-21-14-37(35,36)13-18(24(21)34)8-16-7-17(23(31)20(27)10-16)11-22(33)26(28,29)30/h4-7,9-10,18,21-22,24,32-34H,8,11-14,31H2,1-3H3/t18-,21+,22+,24+/m1/s1",GCVKLIOGBJALOK-VPJOFFEXSA-N,546.6270000000003,3.277500000000001,112.65,6,4,7,3,2,0.5384615384615384,37,0,0,0.31336631150071137,1212.0329787205628,-2.209999999999999,29.34750847005192,10.878415338444734,7.655020545947176,0,0,1,2,1,11,134.20250000000007,nan,True,True,True,False,True,None,aniline
0GU,"(3R,4S,5S)-3-[(3-tert-butylbenzyl)amino]-5-[(4,4,7'-trifluoro-1',2'-dihydrospiro[cyclohexane-1,3'-indol]-5'-yl)methyl]tetrahydro-2H-thiopyran-4-ol 1,1-dioxide",C30 H39 F3 N2 O3 S,non-polymer,CC(C)(C)c1cccc(c1)CN[C@H]2CS(=O)(=O)C[C@H]([C@@H]2O)Cc3cc4c(c(c3)F)NCC45CCC(CC5)(F)F,CC(C)(C)c1cccc(CN[C@H]2CS(=O)(=O)C[C@@H](Cc3cc(F)c4c(c3)C3(CCC(F)(F)CC3)CN4)[C@@H]2O)c1,False,CC(C)(C)c1cccc(CN[C@H]2CS(=O)(=O)C[C@@H](Cc3cc(F)c4c(c3)C3(CCC(F)(F)CC3)CN4)[C@@H]2O)c1,"InChI=1S/C30H39F3N2O3S/c1-28(2,3)22-6-4-5-19(12-22)15-34-25-17-39(37,38)16-21(27(25)36)11-20-13-23-26(24(31)14-20)35-18-29(23)7-9-30(32,33)10-8-29/h4-6,12-14,21,25,27,34-36H,7-11,15-18H2,1-3H3/t21-,25+,27+/m1/s1",YSVPVGYQIWTLEZ-UDZXTKBFSA-N,564.7140000000004,5.102200000000004,78.43,5,3,5,5,2,0.6,39,0,0,0.47108522946263165,1329.4482077521661,-2.099999999999999,28.429462401587745,10.06872485786852,6.003227252157539,1,0,3,2,2,9,147.60699999999989,nan,False,True,True,False,False,None,None
BXD,"(3S,4S,5R)-3-(4-amino-3-{[(2R)-3-ethoxy-1,1,1-trifluoropropan-2-yl]oxy}-5-fluorobenzyl)-5-[(3-tert-butylbenzyl)amino]tetrahydro-2H-thiopyran-4-ol 1,1-dioxide",C28 H38 F4 N2 O5 S,non-polymer,CCOC[C@H](C(F)(F)F)Oc1cc(cc(c1N)F)C[C@@H]2CS(=O)(=O)C[C@@H]([C@H]2O)NCc3cccc(c3)C(C)(C)C,CCOC[C@@H](Oc1cc(C[C@@H]2CS(=O)(=O)C[C@H](NCc3cccc(C(C)(C)C)c3)[C@H]2O)cc(F)c1N)C(F)(F)F,False,CCOC[C@@H](Oc1cc(C[C@@H]2CS(=O)(=O)C[C@H](NCc3cccc(C(C)(C)C)c3)[C@H]2O)cc(F)c1N)C(F)(F)F,"InChI=1S/C28H38F4N2O5S/c1-5-38-14-24(28(30,31)32)39-23-12-18(11-21(29)25(23)33)9-19-15-40(36,37)16-22(26(19)35)34-13-17-7-6-8-20(10-17)27(2,3)4/h6-8,10-12,19,22,24,26,34-35H,5,9,13-16,33H2,1-4H3/t19-,22+,24-,26+/m1/s1",UJZFSYZNJMWXJO-NJONLQHESA-N,590.6800000000002,4.158000000000003,110.88000000000001,7,3,10,3,2,0.5714285714285714,40,0,0,0.2816494930703145,1264.3217753707966,-2.4099999999999993,32.10895275908704,12.624566679562726,8.545603691718163,0,0,1,2,1,12,145.40069999999983,nan,True,True,True,False,True,None,aniline
0K9,"(2R)-N-{(2S,3R)-4-{[(4'S)-6'-(2,2-dimethylpropyl)-3',4'-dihydrospiro[cyclobutane-1,2'-pyrano[2,3-b]pyridin]-4'-yl]amino}-3-hydroxy-1-[3-(1,3-thiazol-2-yl)phenyl]butan-2-yl}-2-methoxypropanamide",C33 H44 N4 O4 S,non-polymer,C[C@H](C(=O)N[C@@H](Cc1cccc(c1)c2nccs2)[C@@H](CN[C@H]3CC4(CCC4)Oc5c3cc(cn5)CC(C)(C)C)O)OC,CO[C@H](C)C(=O)N[C@@H](Cc1cccc(-c2nccs2)c1)[C@H](O)CN[C@H]1CC2(CCC2)Oc2ncc(CC(C)(C)C)cc21,False,CO[C@H](C)C(=O)N[C@@H](Cc1cccc(-c2nccs2)c1)[C@H](O)CN[C@H]1CC2(CCC2)Oc2ncc(CC(C)(C)C)cc21,"InChI=1S/C33H44N4O4S/c1-21(40-5)29(39)37-26(16-22-8-6-9-24(14-22)31-34-12-13-42-31)28(38)20-35-27-18-33(10-7-11-33)41-30-25(27)15-23(19-36-30)17-32(2,3)4/h6,8-9,12-15,19,21,26-28,35,38H,7,10-11,16-18,20H2,1-5H3,(H,37,39)/t21-,26+,27+,28-/m1/s1",IUSARDYWEPUTPN-OZBXUNDUSA-N,592.8060000000004,5.252900000000006,105.60000000000001,8,3,11,5,3,0.5454545454545454,42,0,0,0.27923975895128317,1352.3305219658002,-2.8499999999999996,30.60266518880351,12.794368560873679,7.372221462957962,1,0,2,3,1,9,165.62919999999963,nan,False,False,True,False,False,None,None
0KN,"(2R)-N-[(2S,3R)-1-(1,3-benzodioxol-5-yl)-4-{[(4'S)-6'-(2,2-dimethylpropyl)-3',4'-dihydrospiro[cyclobutane-1,2'-pyrano[2,3-b]pyridin]-4'-yl]amino}-3-hydroxybutan-2-yl]-2-methoxypropanamide",C31 H43 N3 O6,non-polymer,C[C@H](C(=O)N[C@@H](Cc1ccc2c(c1)OCO2)[C@@H](CN[C@H]3CC4(CCC4)Oc5c3cc(cn5)CC(C)(C)C)O)OC,CO[C@H](C)C(=O)N[C@@H](Cc1ccc2c(c1)OCO2)[C@H](O)CN[C@H]1CC2(CCC2)Oc2ncc(CC(C)(C)C)cc21,False,CO[C@H](C)C(=O)N[C@@H](Cc1ccc2c(c1)OCO2)[C@H](O)CN[C@H]1CC2(CCC2)Oc2ncc(CC(C)(C)C)cc21,"InChI=1S/C31H43N3O6/c1-19(37-5)28(36)34-23(12-20-7-8-26-27(13-20)39-18-38-26)25(35)17-32-24-15-31(9-6-10-31)40-29-22(24)11-21(16-33-29)14-30(2,3)4/h7-8,11,13,16,19,23-25,32,35H,6,9-10,12,14-15,17-18H2,1-5H3,(H,34,36)/t19-,23+,24+,25-/m1/s1",OMMVFRZSBCRMQD-LJYZBVLISA-N,553.7000000000004,3.858100000000002,111.17000000000002,8,3,10,5,2,0.6129032258064516,40,0,0,0.4069323702487772,1208.0422333565034,-2.88,28.641597601780493,11.544997999426984,6.531305451983955,1,0,3,2,1,9,150.64419999999978,nan,True,True,True,False,True,None,None
0KK,"(2E)-2-imino-3-methyl-5,5-diphenylimidazolidin-4-one",C16 H15 N3 O,non-polymer,[H]/N=C/1\NC(C(=O)N1C)(c2ccccc2)c3ccccc3,[H]/N=C1\NC(c2ccccc2)(c2ccccc2)C(=O)N1C,False,[H]/N=C1\NC(c2ccccc2)(c2ccccc2)C(=O)N1C,"InChI=1S/C16H15N3O/c1-19-14(20)16(18-15(19)17,12-8-4-2-5-9-12)13-10-6-3-7-11-13/h2-11H,1H3,(H2,17,18)",RNWLAFWLSSMCLN-UHFFFAOYSA-N,265.31600000000003,1.92657,56.190000000000005,2,2,2,3,2,0.125,20,0,0,0.8713681205487463,645.6829812364025,-2.6199999999999988,11.227141793653654,4.488724856473311,1.6147285041453423,0,0,1,2,1,4,77.29640000000003,nan,True,True,True,True,True,None,imine_1
0KM,"(2E,5R)-2-imino-5-(3'-methoxybiphenyl-3-yl)-3-methyl-5-phenylimidazolidin-4-one",C23 H21 N3 O2,non-polymer,[H]/N=C/1\N[C@](C(=O)N1C)(c2ccccc2)c3cccc(c3)c4cccc(c4)OC,[H]/N=C1\N[C@](c2ccccc2)(c2cccc(-c3cccc(OC)c3)c2)C(=O)N1C,False,[H]/N=C1\N[C@](c2ccccc2)(c2cccc(-c3cccc(OC)c3)c2)C(=O)N1C,"InChI=1S/C23H21N3O2/c1-26-21(27)23(25-22(26)24,18-10-4-3-5-11-18)19-12-6-8-16(14-19)17-9-7-13-20(15-17)28-2/h3-15H,1-2H3,(H2,24,25)/t23-/m1/s1",LRYKHTDVFXMHEH-HSZRJFAPSA-N,371.44000000000017,3.6021700000000028,65.42,3,2,4,4,3,0.13043478260869565,28,0,0,0.7364204444352918,1084.2457623917103,-3.5999999999999983,16.564749057726644,6.850325561856756,2.7210644144765466,0,0,1,3,1,5,109.28440000000003,nan,True,True,True,True,True,None,imine_1
0KP,"(2E,5R)-2-imino-3-methyl-5-phenyl-5-[3-(pyridin-3-yl)phenyl]imidazolidin-4-one",C21 H18 N4 O,non-polymer,[H]/N=C/1\N[C@](C(=O)N1C)(c2ccccc2)c3cccc(c3)c4cccnc4,[H]/N=C1\N[C@](c2ccccc2)(c2cccc(-c3cccnc3)c2)C(=O)N1C,False,[H]/N=C1\N[C@](c2ccccc2)(c2cccc(-c3cccnc3)c2)C(=O)N1C,"InChI=1S/C21H18N4O/c1-25-19(26)21(24-20(25)22,17-9-3-2-4-10-17)18-11-5-7-15(13-18)16-8-6-12-23-14-16/h2-14H,1H3,(H2,22,24)/t21-/m1/s1",PNSQCPQDRVOKMA-OAQYLSRUSA-N,342.4020000000001,2.988570000000002,69.08000000000001,3,2,3,4,3,0.09523809523809523,26,0,0,0.7687250830628293,1006.9597853504899,-3.4699999999999984,14.83797897649881,6.11257091372944,2.365945236018155,0,0,1,3,1,5,100.52740000000003,nan,True,True,True,True,True,None,imine_1
0KQ,"(2E,5R)-5-[3-(5-chloropyridin-3-yl)phenyl]-5-cyclopropyl-2-imino-3-methylimidazolidin-4-one",C18 H17 Cl N4 O,non-polymer,[H]/N=C/1\N[C@@](C(=O)N1C)(c2cccc(c2)c3cc(cnc3)Cl)C4CC4,[H]/N=C1\N[C@@](c2cccc(-c3cncc(Cl)c3)c2)(C2CC2)C(=O)N1C,False,[H]/N=C1\N[C@@](c2cccc(-c3cncc(Cl)c3)c2)(C2CC2)C(=O)N1C,"InChI=1S/C18H17ClN4O/c1-23-16(24)18(13-5-6-13,22-17(23)20)14-4-2-3-11(7-14)12-8-15(19)10-21-9-12/h2-4,7-10,13H,5-6H2,1H3,(H2,20,22)/t18-/m1/s1",SZDQNTKTWBPIBH-GOSISDBHSA-N,340.8140000000001,3.0036700000000014,69.08000000000001,3,2,3,4,2,0.2777777777777778,24,0,0,0.9020399910231043,882.8847164697306,-2.399999999999999,13.986474609375,5.3113479556498175,2.1934734227006887,0,0,2,2,2,6,92.71740000000003,nan,True,True,True,True,True,None,imine_1
0KR,"(2E,5R)-5-cyclopropyl-2-imino-3-methyl-5-{3-[5-(prop-1-yn-1-yl)pyridin-3-yl]phenyl}imidazolidin-4-one",C21 H20 N4 O,non-polymer,[H]/N=C/1\N[C@@](C(=O)N1C)(c2cccc(c2)c3cc(cnc3)C#CC)C4CC4,[H]/N=C1\N[C@@](c2cccc(-c3cncc(C#CC)c3)c2)(C2CC2)C(=O)N1C,False,[H]/N=C1\N[C@@](c2cccc(-c3cncc(C#CC)c3)c2)(C2CC2)C(=O)N1C,"InChI=1S/C21H20N4O/c1-3-5-14-10-16(13-23-12-14)15-6-4-7-18(11-15)21(17-8-9-17)19(26)25(2)20(22)24-21/h4,6-7,10-13,17H,8-9H2,1-2H3,(H2,22,24)/t21-/m1/s1",HORHMTMHXZJNQJ-OAQYLSRUSA-N,344.4180000000002,2.7216700000000005,69.08000000000001,3,2,3,4,2,0.2857142857142857,26,0,0,0.8413920649545058,1002.4814670123938,-3.1299999999999994,15.150549958039987,5.992405719264813,2.46043116040795,0,0,2,2,2,5,100.25940000000004,nan,True,True,True,True,True,None,imine_1; triple_bond
0LG,"N-[(4S,8E,11S)-4-[(1R)-1-hydroxy-2-{[3-(propan-2-yl)benzyl]amino}ethyl]-2,13-dioxo-11-phenyl-6-oxa-3,12-diazabicyclo[12.3.1]octadeca-1(18),8,14,16-tetraen-16-yl]-N-methylmethanesulfonamide",C35 H44 N4 O6 S,non-polymer,CC(C)c1cccc(c1)CNC[C@H]([C@@H]2COC/C=C/C[C@H](NC(=O)c3cc(cc(c3)N(C)S(=O)(=O)C)C(=O)N2)c4ccccc4)O,CC(C)c1cccc(CNC[C@@H](O)[C@@H]2COC/C=C/C[C@@H](c3ccccc3)NC(=O)c3cc(cc(N(C)S(C)(=O)=O)c3)C(=O)N2)c1,False,CC(C)c1cccc(CNC[C@@H](O)[C@@H]2COC/C=C/C[C@@H](c3ccccc3)NC(=O)c3cc(cc(N(C)S(C)(=O)=O)c3)C(=O)N2)c1,"InChI=1S/C35H44N4O6S/c1-24(2)27-14-10-11-25(17-27)21-36-22-33(40)32-23-45-16-9-8-15-31(26-12-6-5-7-13-26)37-34(41)28-18-29(35(42)38-32)20-30(19-28)39(3)46(4,43)44/h5-14,17-20,24,31-33,36,40H,15-16,21-23H2,1-4H3,(H,37,41)(H,38,42)/b9-8+/t31-,32-,33+/m0/s1",XYJDOUBLYLOJJL-YNYOQIOBSA-N,648.8260000000002,3.902500000000002,137.07,7,4,9,4,3,0.37142857142857144,46,0,0,0.2585156129492302,1626.9858121705233,-4.029999999999999,34.83574653653173,15.994901098097095,9.733536993777793,0,2,1,3,0,11,180.41269999999955,nan,True,True,False,False,False,None,isolated_alkene
0N1,"(4S,8E,11R)-4-[(1R)-1-hydroxy-2-{[3-(propan-2-yl)benzyl]amino}ethyl]-16-methyl-11-phenyl-6-oxa-3,12-diazabicyclo[12.3.1]octadeca-1(18),8,14,16-tetraene-2,13-dione",C34 H41 N3 O4,non-polymer,Cc1cc2cc(c1)C(=O)N[C@@H](COC/C=C/C[C@@H](NC2=O)c3ccccc3)[C@@H](CNCc4cccc(c4)C(C)C)O,Cc1cc2cc(c1)C(=O)N[C@@H](c1ccccc1)C/C=C/COC[C@@H]([C@H](O)CNCc1cccc(C(C)C)c1)NC2=O,False,Cc1cc2cc(c1)C(=O)N[C@@H](c1ccccc1)C/C=C/COC[C@@H]([C@H](O)CNCc1cccc(C(C)C)c1)NC2=O,"InChI=1S/C34H41N3O4/c1-23(2)27-13-9-10-25(18-27)20-35-21-32(38)31-22-41-15-8-7-14-30(26-11-5-4-6-12-26)36-33(39)28-16-24(3)17-29(19-28)34(40)37-31/h4-13,16-19,23,30-32,35,38H,14-15,20-22H2,1-3H3,(H,36,39)(H,37,40)/b8-7+/t30-,31+,32-/m1/s1",BEGCWPHKTGGGNN-HOQOQLLYSA-N,555.7190000000002,4.815120000000005,99.69000000000001,5,4,7,4,3,0.35294117647058826,41,0,0,0.3136291469305794,1338.8058047315194,-3.779999999999999,30.184857381863697,14.73446408892106,8.852078701535856,0,2,1,3,0,7,161.90289999999965,nan,True,True,True,False,True,None,isolated_alkene
0MP,"N-((2S,3R)-1-(4-fluorophenyl)-3-hydroxy-4-((6'-neopentyl-3',4'-dihydrospiro[cyclobutane-1,2'-pyrano[2,3-b]pyridin]-4'-yl)amino)butan-2-yl)acetamide",C28 H38 F N3 O3,non-polymer,CC(=O)N[C@@H](Cc1ccc(cc1)F)[C@@H](CN[C@H]2CC3(CCC3)Oc4c2cc(cn4)CC(C)(C)C)O,CC(=O)N[C@@H](Cc1ccc(F)cc1)[C@H](O)CN[C@H]1CC2(CCC2)Oc2ncc(CC(C)(C)C)cc21,False,CC(=O)N[C@@H](Cc1ccc(F)cc1)[C@H](O)CN[C@H]1CC2(CCC2)Oc2ncc(CC(C)(C)C)cc21,"InChI=1S/C28H38FN3O3/c1-18(33)32-23(13-19-6-8-21(29)9-7-19)25(34)17-30-24-15-28(10-5-11-28)35-26-22(24)12-20(16-31-26)14-27(2,3)4/h6-9,12,16,23-25,30,34H,5,10-11,13-15,17H2,1-4H3,(H,32,33)/t23-,24-,25+/m0/s1",FBJQDUYQPYABBR-CCDWMCETSA-N,483.6280000000004,4.253500000000004,83.48,5,3,8,4,2,0.5714285714285714,35,0,0,0.5228174523744549,1030.7332908069686,-2.51,25.57896890222074,10.231570794512377,6.584722115751966,1,0,2,2,1,7,133.68220000000002,nan,True,True,True,False,True,None,None
996,"N-[(2S,3R)-4-{[(4S)-2-(2,2-dimethylpropyl)-6,6-dimethyl-4,5,6,7-tetrahydro-2H-indazol-4-yl]amino}-3-hydroxy-1-phenylbutan-2-yl]acetamide",C26 H40 N4 O2,non-polymer,CC(=O)N[C@@H](Cc1ccccc1)[C@@H](CN[C@H]2CC(Cc3c2cn(n3)CC(C)(C)C)(C)C)O,CC(=O)N[C@@H](Cc1ccccc1)[C@H](O)CN[C@H]1CC(C)(C)Cc2nn(CC(C)(C)C)cc21,False,CC(=O)N[C@@H](Cc1ccccc1)[C@H](O)CN[C@H]1CC(C)(C)Cc2nn(CC(C)(C)C)cc21,"InChI=1S/C26H40N4O2/c1-18(31)28-21(12-19-10-8-7-9-11-19)24(32)15-27-22-13-26(5,6)14-23-20(22)16-30(29-23)17-25(2,3)4/h7-11,16,21-22,24,27,32H,12-15,17H2,1-6H3,(H,28,31)/t21-,22-,24+/m0/s1",RUVGZLLBYDXKFE-WPFOTENUSA-N,440.63200000000023,3.6406000000000023,79.18,5,3,8,3,2,0.6153846153846154,32,0,0,0.5855501707256071,898.2958540842994,-2.1799999999999997,24.462184727811728,9.75414223594999,6.90855605641995,0,0,1,2,0,6,128.2852000000001,nan,True,True,True,True,True,None,None
916,"N-[(2S,3R)-4-{[(4S)-6-(2,2-dimethylpropyl)-2,2-dimethyl-3,4-dihydro-2H-thieno[2,3-b]pyran-4-yl]amino}-3-hydroxy-1-phenylbutan-2-yl]acetamide",C26 H38 N2 O3 S,non-polymer,CC(=O)N[C@@H](Cc1ccccc1)[C@@H](CN[C@H]2CC(Oc3c2cc(s3)CC(C)(C)C)(C)C)O,CC(=O)N[C@@H](Cc1ccccc1)[C@H](O)CN[C@H]1CC(C)(C)Oc2sc(CC(C)(C)C)cc21,False,CC(=O)N[C@@H](Cc1ccccc1)[C@H](O)CN[C@H]1CC(C)(C)Oc2sc(CC(C)(C)C)cc21,"InChI=1S/C26H38N2O3S/c1-17(29)28-21(12-18-10-8-7-9-11-18)23(30)16-27-22-15-26(5,6)31-24-20(22)13-19(32-24)14-25(2,3)4/h7-11,13,21-23,27,30H,12,14-16H2,1-6H3,(H,28,29)/t21-,22-,23+/m0/s1",YLIBYDKWVPKMKX-RJGXRXQPSA-N,458.6680000000003,4.6368000000000045,70.59,5,3,8,3,2,0.5769230769230769,32,0,0,0.5390950818874608,901.540966582136,-1.89,24.746543972899136,9.937867060179288,7.0561013949250375,0,0,1,2,0,6,131.30320000000006,nan,True,True,True,True,True,None,None
0U4,"N-[(2S,3R)-4-{[2-(1-benzylpiperidin-4-yl)ethyl]amino}-3-hydroxy-1-phenylbutan-2-yl]-5-[methyl(methylsulfonyl)amino]-N'-[(1R)-1-phenylethyl]benzene-1,3-dicarboxamide",C42 H53 N5 O5 S,non-polymer,C[C@H](c1ccccc1)NC(=O)c2cc(cc(c2)N(C)S(=O)(=O)C)C(=O)N[C@@H](Cc3ccccc3)[C@@H](CNCCC4CCN(CC4)Cc5ccccc5)O,C[C@@H](NC(=O)c1cc(C(=O)N[C@@H](Cc2ccccc2)[C@H](O)CNCCC2CCN(Cc3ccccc3)CC2)cc(N(C)S(C)(=O)=O)c1)c1ccccc1,False,C[C@@H](NC(=O)c1cc(C(=O)N[C@@H](Cc2ccccc2)[C@H](O)CNCCC2CCN(Cc3ccccc3)CC2)cc(N(C)S(C)(=O)=O)c1)c1ccccc1,"InChI=1S/C42H53N5O5S/c1-31(35-17-11-6-12-18-35)44-41(49)36-26-37(28-38(27-36)46(2)53(3,51)52)42(50)45-39(25-33-13-7-4-8-14-33)40(48)29-43-22-19-32-20-23-47(24-21-32)30-34-15-9-5-10-16-34/h4-18,26-28,31-32,39-40,43,48H,19-25,29-30H2,1-3H3,(H,44,49)(H,45,50)/t31-,39+,40-/m1/s1",IMNAYTZSJCRZIO-RLRCJDGOSA-N,739.9829999999997,5.167300000000005,131.08,7,4,17,5,4,0.38095238095238093,53,0,0,0.11009091244087196,1870.1159838596875,-4.549999999999999,39.65292511548063,18.976846870726582,11.980828444840478,0,0,1,4,1,11,211.3486999999994,nan,False,False,False,False,False,None,Aliphatic_long_chain
0UQ,"(5R,7S)-1-(3-fluorophenyl)-3,7-dimethyl-8-[3-(propan-2-yloxy)benzyl]-2-thia-1,3,8-triazaspiro[4.5]decane 2,2-dioxide",C24 H32 F N3 O3 S,non-polymer,C[C@H]1C[C@]2(CCN1Cc3cccc(c3)OC(C)C)CN(S(=O)(=O)N2c4cccc(c4)F)C,CC(C)Oc1cccc(CN2CC[C@@]3(C[C@@H]2C)CN(C)S(=O)(=O)N3c2cccc(F)c2)c1,False,CC(C)Oc1cccc(CN2CC[C@@]3(C[C@@H]2C)CN(C)S(=O)(=O)N3c2cccc(F)c2)c1,"InChI=1S/C24H32FN3O3S/c1-18(2)31-23-10-5-7-20(13-23)16-27-12-11-24(15-19(27)3)17-26(4)32(29,30)28(24)22-9-6-8-21(25)14-22/h5-10,13-14,18-19H,11-12,15-17H2,1-4H3/t19-,24+/m0/s1",CVPXZTQJPHYLAQ-YADARESESA-N,461.6030000000002,4.0328000000000035,53.09,4,0,5,4,2,0.5,32,0,0,0.674679023278943,1077.6640487230125,-2.1599999999999993,23.013519118273216,8.648138458786175,4.357752647739408,1,0,2,2,2,8,124.47180000000007,nan,True,True,True,True,True,None,None
0UP,"4-{[(5R,7S)-1-(3-fluorophenyl)-3,7-dimethyl-2,2-dioxido-2-thia-1,3,8-triazaspiro[4.5]dec-8-yl]methyl}-2-(propan-2-yloxy)phenol",C24 H32 F N3 O4 S,non-polymer,C[C@H]1C[C@]2(CCN1Cc3ccc(c(c3)OC(C)C)O)CN(S(=O)(=O)N2c4cccc(c4)F)C,CC(C)Oc1cc(CN2CC[C@@]3(C[C@@H]2C)CN(C)S(=O)(=O)N3c2cccc(F)c2)ccc1O,False,CC(C)Oc1cc(CN2CC[C@@]3(C[C@@H]2C)CN(C)S(=O)(=O)N3c2cccc(F)c2)ccc1O,"InChI=1S/C24H32FN3O4S/c1-17(2)32-23-12-19(8-9-22(23)29)15-27-11-10-24(14-18(27)3)16-26(4)33(30,31)28(24)21-7-5-6-20(25)13-21/h5-9,12-13,17-18,29H,10-11,14-16H2,1-4H3/t18-,24+/m0/s1",UICGCQDWRACUBV-MHECFPHRSA-N,477.6020000000002,3.738400000000003,73.32000000000001,5,1,5,4,2,0.5,33,0,0,0.7103922377918904,1126.4424569810435,-2.3599999999999994,23.78664468577553,8.773895658761468,4.537878833740119,1,0,2,2,2,9,126.13660000000006,nan,True,True,True,True,True,None,None
DWA,"(4R)-4-[3-(2-fluoropyridin-3-yl)phenyl]-4-(4-methoxyphenyl)-4,5-dihydro-1,3-oxazol-2-amine",C21 H18 F N3 O2,non-polymer,COc1ccc(cc1)[C@]2(COC(=N2)N)c3cccc(c3)c4cccnc4F,COc1ccc([C@@]2(c3cccc(-c4cccnc4F)c3)COC(N)=N2)cc1,False,COc1ccc([C@@]2(c3cccc(-c4cccnc4F)c3)COC(N)=N2)cc1,"InChI=1S/C21H18FN3O2/c1-26-17-9-7-15(8-10-17)21(13-27-20(23)25-21)16-5-2-4-14(12-16)18-6-3-11-24-19(18)22/h2-12H,13H2,1H3,(H2,23,25)/t21-/m1/s1",WCJQDRXUNINKDD-OAQYLSRUSA-N,363.392,3.4848000000000017,69.73,5,1,4,4,3,0.14285714285714285,27,0,0,0.7206715607152762,1004.3183755060811,-3.409999999999999,17.02643512895739,6.718162618596103,2.9905394531730467,0,0,1,3,0,6,100.97940000000003,nan,True,True,True,True,True,None,2-halo_pyridine
DWB,"(4S)-2'-(5-chloro-2-fluorophenyl)-7'-methoxyspiro[1,3-oxazole-4,9'-xanthen]-2-amine",C22 H16 Cl F N2 O3,non-polymer,COc1ccc2c(c1)[C@]3(COC(=N3)N)c4cc(ccc4O2)c5cc(ccc5F)Cl,COc1ccc2c(c1)[C@]1(COC(N)=N1)c1cc(-c3cc(Cl)ccc3F)ccc1O2,False,COc1ccc2c(c1)[C@]1(COC(N)=N1)c1cc(-c3cc(Cl)ccc3F)ccc1O2,"InChI=1S/C22H16ClFN2O3/c1-27-14-4-7-20-17(10-14)22(11-28-21(25)26-22)16-8-12(2-6-19(16)29-20)15-9-13(23)3-5-18(15)24/h2-10H,11H2,1H3,(H2,25,26)/t22-/m0/s1",WIRKEQRUHLXVOQ-QFIPXVFZSA-N,410.8320000000001,4.848900000000003,66.07000000000001,5,1,2,5,3,0.13636363636363635,29,0,0,0.6555257865194508,1180.714126406906,-3.2499999999999987,17.821887578560837,6.387621893677257,2.7101454545454544,1,0,2,3,0,7,108.26840000000003,nan,True,True,True,True,True,None,None
DWD,"(4S)-2'-(2-methylpropoxy)-7'-(pyrimidin-5-yl)spiro[1,3-oxazole-4,9'-xanthen]-2-amine",C23 H22 N4 O3,non-polymer,CC(C)COc1ccc2c(c1)[C@]3(COC(=N3)N)c4cc(ccc4O2)c5cncnc5,CC(C)COc1ccc2c(c1)[C@]1(COC(N)=N1)c1cc(-c3cncnc3)ccc1O2,False,CC(C)COc1ccc2c(c1)[C@]1(COC(N)=N1)c1cc(-c3cncnc3)ccc1O2,"InChI=1S/C23H22N4O3/c1-14(2)11-28-17-4-6-21-19(8-17)23(12-29-22(24)27-23)18-7-15(3-5-20(18)30-21)16-9-25-13-26-10-16/h3-10,13-14H,11-12H2,1-2H3,(H2,24,27)/t23-/m0/s1",JWSHQJYDXNPIKG-QHCPKHFHSA-N,402.45400000000006,3.872600000000002,91.85000000000001,7,1,4,5,3,0.2608695652173913,30,0,0,0.71218457655439,1130.5470657764897,-3.6099999999999994,18.42058387285352,7.018390951975113,3.02737978494167,1,0,2,3,0,7,112.67140000000002,nan,True,True,True,True,True,None,None
0V6,"(2Z,6S)-6-{3-chloro-5-[5-(prop-1-yn-1-yl)pyridin-3-yl]thiophen-2-yl}-2-imino-3,6-dimethyltetrahydropyrimidin-4(1H)-one",C18 H17 Cl N4 O S,non-polymer,[H]/N=C\1/NC(CC(=O)N1C)(C)c2c(cc(s2)c3cc(cnc3)C#CC)Cl,[H]/N=C1/NC(C)(c2sc(-c3cncc(C#CC)c3)cc2Cl)CC(=O)N1C,False,[H]/N=C1/NC(C)(c2sc(-c3cncc(C#CC)c3)cc2Cl)CC(=O)N1C,"InChI=1S/C18H17ClN4OS/c1-4-5-11-6-12(10-21-9-11)14-7-13(19)16(25-14)18(2)8-15(24)23(3)17(20)22-18/h6-7,9-10H,8H2,1-3H3,(H2,20,22)",IJYPXSRDUPWKPB-UHFFFAOYSA-N,372.8810000000001,3.4365700000000023,69.08000000000001,4,2,2,3,2,0.2777777777777778,25,0,0,0.7932567193247168,961.5860795107154,-2.36,16.127048561505642,6.506949149671196,3.255013763791869,0,0,1,2,1,7,100.71340000000004,nan,True,True,True,True,True,None,imine_1; triple_bond
H24,"(6S)-2-amino-6-(3'-methoxybiphenyl-3-yl)-3,6-dimethyl-5,6-dihydropyrimidin-4(3H)-one",C19 H21 N3 O2,non-polymer,C[C@]1(CC(=O)N(C(=N1)N)C)c2cccc(c2)c3cccc(c3)OC,COc1cccc(-c2cccc([C@]3(C)CC(=O)N(C)C(N)=N3)c2)c1,False,COc1cccc(-c2cccc([C@]3(C)CC(=O)N(C)C(N)=N3)c2)c1,"InChI=1S/C19H21N3O2/c1-19(12-17(23)22(2)18(20)21-19)15-8-4-6-13(10-15)14-7-5-9-16(11-14)24-3/h4-11H,12H2,1-3H3,(H2,20,21)/t19-/m0/s1",LQOCXPOKEPYGTJ-IBGZPJMESA-N,323.39600000000013,2.754200000000001,67.92,4,1,3,3,2,0.2631578947368421,24,0,0,0.9441509213852509,815.7641288244665,-2.819999999999999,16.052453343715868,5.998279482663834,2.847872143177904,0,0,1,2,0,5,94.79140000000005,nan,True,True,True,True,True,None,None
0VB,"N-{N-[4-(acetylamino)-3-chloro-5-methylbenzyl]carbamimidoyl}-3-(4-methoxyphenyl)-5-methyl-1,2-thiazole-4-carboxamide",C23 H24 Cl N5 O3 S,non-polymer,[H]/N=C(\NCc1cc(c(c(c1)Cl)NC(=O)C)C)/NC(=O)c2c(snc2c3ccc(cc3)OC)C,[H]/N=C(\NCc1cc(C)c(NC(C)=O)c(Cl)c1)NC(=O)c1c(-c2ccc(OC)cc2)nsc1C,False,[H]/N=C(\NCc1cc(C)c(NC(C)=O)c(Cl)c1)NC(=O)c1c(-c2ccc(OC)cc2)nsc1C,"InChI=1S/C23H24ClN5O3S/c1-12-9-15(10-18(24)20(12)27-14(3)30)11-26-23(25)28-22(31)19-13(2)33-29-21(19)16-5-7-17(32-4)8-6-16/h5-10H,11H2,1-4H3,(H,27,30)(H3,25,26,28,31)",MQPJKTGBSCCWTI-UHFFFAOYSA-N,485.9970000000003,4.501710000000003,116.20000000000002,6,4,6,3,3,0.21739130434782608,33,0,0,0.3027540681027525,1220.8977585783402,-3.4299999999999993,22.7528753807604,10.45744804129046,5.879533932464562,0,0,0,3,0,10,131.36429999999996,nan,True,True,True,False,True,None,imine_1; imine_2
0GH,"N-[(2S)-1-({(2S,3R)-3-hydroxy-1-[(2-methylpropyl)amino]-1-oxobutan-2-yl}amino)-3-phenylpropan-2-yl]-5-[methyl(methylsulfonyl)amino]-N'-[(1R)-1-phenylethyl]benzene-1,3-dicarboxamide",C35 H47 N5 O6 S,non-polymer,C[C@H](c1ccccc1)NC(=O)c2cc(cc(c2)N(C)S(=O)(=O)C)C(=O)N[C@@H](Cc3ccccc3)CN[C@@H]([C@@H](C)O)C(=O)NCC(C)C,CC(C)CNC(=O)[C@@H](NC[C@H](Cc1ccccc1)NC(=O)c1cc(C(=O)N[C@H](C)c2ccccc2)cc(N(C)S(C)(=O)=O)c1)[C@@H](C)O,False,CC(C)CNC(=O)[C@@H](NC[C@H](Cc1ccccc1)NC(=O)c1cc(C(=O)N[C@H](C)c2ccccc2)cc(N(C)S(C)(=O)=O)c1)[C@@H](C)O,"InChI=1S/C35H47N5O6S/c1-23(2)21-37-35(44)32(25(4)41)36-22-30(17-26-13-9-7-10-14-26)39-34(43)29-18-28(19-31(20-29)40(5)47(6,45)46)33(42)38-24(3)27-15-11-8-12-16-27/h7-16,18-20,23-25,30,32,36,41H,17,21-22H2,1-6H3,(H,37,44)(H,38,42)(H,39,43)/t24-,25-,30+,32+/m1/s1",UZFAOTIMARRSKT-TYUOOWEOSA-N,665.8570000000001,3.0257000000000023,156.94000000000003,7,5,16,3,3,0.4,47,0,0,0.1575030038697034,1599.1457446546078,-4.26,37.20038613004477,17.051805716843283,11.49099322805236,0,0,0,3,0,12,184.73139999999952,nan,True,False,False,False,False,None,None
LPD,L-PROLINAMIDE,C5 H10 N2 O,L-peptide linking,C1C[C@H](NC1)C(=O)N,NC(=O)[C@@H]1CCCN1,False,NC(=O)[C@@H]1CCCN1,"InChI=1S/C5H10N2O/c6-5(8)4-2-1-3-7-4/h4,7H,1-3H2,(H2,6,8)/t4-/m0/s1",VLJNHYLEOZPXFW-BYPYZUCNSA-N,114.14800000000001,-0.7763000000000002,55.120000000000005,2,2,1,1,0,0.8,8,0,0,0.4697403824241704,96.60179219723159,-0.5700000000000001,5.564589502018842,2.1320002271579725,0.9795771931582414,0,0,1,0,1,3,30.219099999999997,nan,True,True,True,False,False,None,None
0XA,"(4S,8E)-4-[(1R)-2-{[2-(5-tert-butyl-1,3-oxazol-2-yl)propan-2-yl]amino}-1-hydroxyethyl]-16-methyl-6-oxa-3-azabicyclo[12.3.1]octadeca-1(18),8,14,16-tetraene-2,13-dione",C29 H41 N3 O5,non-polymer,Cc1cc2cc(c1)C(=O)N[C@@H](COC/C=C/CCCC2=O)[C@@H](CNC(C)(C)c3ncc(o3)C(C)(C)C)O,Cc1cc2cc(c1)C(=O)N[C@H]([C@H](O)CNC(C)(C)c1ncc(C(C)(C)C)o1)COC/C=C/CCCC2=O,False,Cc1cc2cc(c1)C(=O)N[C@H]([C@H](O)CNC(C)(C)c1ncc(C(C)(C)C)o1)COC/C=C/CCCC2=O,"InChI=1S/C29H41N3O5/c1-19-13-20-15-21(14-19)26(35)32-22(18-36-12-10-8-7-9-11-23(20)33)24(34)16-31-29(5,6)27-30-17-25(37-27)28(2,3)4/h8,10,13-15,17,22,24,31,34H,7,9,11-12,16,18H2,1-6H3,(H,32,35)/b10-8+/t22-,24+/m0/s1",PYRAVCNCGMDZRY-BDCWSOESSA-N,511.6630000000003,4.204120000000004,113.69,7,3,5,3,2,0.5517241379310345,37,0,0,0.5155949915238921,1112.9856605736531,-2.81,28.7565273565775,12.155958958864385,8.0861406505789,0,2,1,2,0,8,142.8121999999999,nan,True,True,True,False,True,None,isolated_alkene
10J,"3-{5-[(2E,4aR,7aR)-6-benzoyl-2-imino-3-methyl-4-oxooctahydro-7aH-pyrrolo[3,4-d]pyrimidin-7a-yl]thiophen-3-yl}benzonitrile",C25 H21 N5 O2 S,non-polymer,[H]/N=C/1\N[C@]2(CN(C[C@H]2C(=O)N1C)C(=O)c3ccccc3)c4cc(cs4)c5cccc(c5)C#N,[H]/N=C1\N[C@@]2(c3cc(-c4cccc(C#N)c4)cs3)CN(C(=O)c3ccccc3)C[C@H]2C(=O)N1C,False,[H]/N=C1\N[C@@]2(c3cc(-c4cccc(C#N)c4)cs3)CN(C(=O)c3ccccc3)C[C@H]2C(=O)N1C,"InChI=1S/C25H21N5O2S/c1-29-23(32)20-13-30(22(31)17-7-3-2-4-8-17)15-25(20,28-24(29)27)21-11-19(14-33-21)18-9-5-6-16(10-18)12-26/h2-11,14,20H,13,15H2,1H3,(H2,27,28)/t20-,25-/m0/s1",POOXGNGZUXTIQE-CPJSRVTESA-N,455.5430000000002,3.250650000000003,100.28999999999999,5,2,3,5,3,0.2,33,0,0,0.6331452448594909,1348.5907750337906,-3.9599999999999986,19.70486790269553,7.869915193443463,3.3765588104254856,0,0,2,3,2,8,125.61590000000001,nan,True,True,True,True,True,None,imine_1
10O,"3-{5-[(2E,4aR,7aR)-2-imino-6-(6-methoxypyridin-2-yl)-3-methyl-4-oxooctahydro-7aH-pyrrolo[3,4-d]pyrimidin-7a-yl]thiophen-3-yl}benzonitrile",C24 H22 N6 O2 S,non-polymer,[H]/N=C/1\N[C@]2(CN(C[C@H]2C(=O)N1C)c3cccc(n3)OC)c4cc(cs4)c5cccc(c5)C#N,[H]/N=C1\N[C@@]2(c3cc(-c4cccc(C#N)c4)cs3)CN(c3cccc(OC)n3)C[C@H]2C(=O)N1C,False,[H]/N=C1\N[C@@]2(c3cc(-c4cccc(C#N)c4)cs3)CN(c3cccc(OC)n3)C[C@H]2C(=O)N1C,"InChI=1S/C24H22N6O2S/c1-29-22(31)18-12-30(20-7-4-8-21(27-20)32-2)14-24(18,28-23(29)26)19-10-17(13-33-19)16-6-3-5-15(9-16)11-25/h3-10,13,18H,12,14H2,1-2H3,(H2,26,28)/t18-,24-/m0/s1",DHDYCYIAHXOSEU-UUOWRZLLSA-N,458.5470000000002,3.0184500000000014,105.34,7,2,4,5,3,0.25,33,0,0,0.6227177786449785,1334.7474152430534,-3.899999999999999,19.760451836499513,7.90320234680474,3.3939657908407974,0,0,2,3,2,9,126.27240000000002,nan,True,True,True,True,True,None,imine_1
10Q,"2-{(2E,4aR,7aR)-7a-[4-(3-cyanophenyl)thiophen-2-yl]-2-imino-3-methyl-4-oxooctahydro-6H-pyrrolo[3,4-d]pyrimidin-6-yl}pyridine-3-carbonitrile",C24 H19 N7 O S,non-polymer,[H]/N=C/1\N[C@]2(CN(C[C@H]2C(=O)N1C)c3c(cccn3)C#N)c4cc(cs4)c5cccc(c5)C#N,[H]/N=C1\N[C@@]2(c3cc(-c4cccc(C#N)c4)cs3)CN(c3ncccc3C#N)C[C@H]2C(=O)N1C,False,[H]/N=C1\N[C@@]2(c3cc(-c4cccc(C#N)c4)cs3)CN(c3ncccc3C#N)C[C@H]2C(=O)N1C,"InChI=1S/C24H19N7OS/c1-30-22(32)19-12-31(21-17(11-26)6-3-7-28-21)14-24(19,29-23(30)27)20-9-18(13-33-20)16-5-2-4-15(8-16)10-25/h2-9,13,19H,12,14H2,1H3,(H2,27,29)/t19-,24-/m0/s1",LWVMTILRDSZVMA-CYFREDJKSA-N,453.5310000000002,2.8815300000000006,119.9,7,2,3,5,3,0.20833333333333334,33,0,0,0.6292410907714187,1404.543221715525,-4.209999999999999,19.473426462611673,7.731745465938235,3.217862012939448,0,0,2,3,2,9,124.4354,nan,True,True,True,True,True,None,imine_1
10V,"3-{5-[(2E,4aR,7aR)-2-imino-6-(3-methoxypyridin-2-yl)-3-methyl-4-oxooctahydro-7aH-pyrrolo[3,4-d]pyrimidin-7a-yl]thiophen-3-yl}benzonitrile",C24 H22 N6 O2 S,non-polymer,[H]/N=C/1\N[C@]2(CN(C[C@H]2C(=O)N1C)c3c(cccn3)OC)c4cc(cs4)c5cccc(c5)C#N,[H]/N=C1\N[C@@]2(c3cc(-c4cccc(C#N)c4)cs3)CN(c3ncccc3OC)C[C@H]2C(=O)N1C,False,[H]/N=C1\N[C@@]2(c3cc(-c4cccc(C#N)c4)cs3)CN(c3ncccc3OC)C[C@H]2C(=O)N1C,"InChI=1S/C24H22N6O2S/c1-29-22(31)18-12-30(21-19(32-2)7-4-8-27-21)14-24(18,28-23(29)26)20-10-17(13-33-20)16-6-3-5-15(9-16)11-25/h3-10,13,18H,12,14H2,1-2H3,(H2,26,28)/t18-,24-/m0/s1",OVZBZLASXPSCEA-UUOWRZLLSA-N,458.5470000000002,3.0184500000000005,105.34,7,2,4,5,3,0.25,33,0,0,0.6227177786449785,1334.7474152430536,-3.899999999999999,19.760451836499513,7.90320234680474,3.305354321463046,0,0,2,3,2,9,126.27240000000002,nan,True,True,True,True,True,None,imine_1
10W,"2-fluoro-5-{5-[(2E,4aR,7aR)-2-imino-3-methyl-4-oxo-6-phenyloctahydro-7aH-pyrrolo[3,4-d]pyrimidin-7a-yl]thiophen-2-yl}benzonitrile",C24 H20 F N5 O S,non-polymer,[H]/N=C/1\N[C@]2(CN(C[C@H]2C(=O)N1C)c3ccccc3)c4ccc(s4)c5ccc(c(c5)C#N)F,[H]/N=C1\N[C@@]2(c3ccc(-c4ccc(F)c(C#N)c4)s3)CN(c3ccccc3)C[C@H]2C(=O)N1C,False,[H]/N=C1\N[C@@]2(c3ccc(-c4ccc(F)c(C#N)c4)s3)CN(c3ccccc3)C[C@H]2C(=O)N1C,"InChI=1S/C24H20FN5OS/c1-29-22(31)18-13-30(17-5-3-2-4-6-17)14-24(18,28-23(29)27)21-10-9-20(32-21)15-7-8-19(25)16(11-15)12-26/h2-11,18H,13-14H2,1H3,(H2,27,28)/t18-,24-/m0/s1",DWVJKKOFIHHAKC-UUOWRZLLSA-N,445.52300000000014,3.7539500000000023,83.22,5,2,3,5,3,0.20833333333333334,32,0,0,0.6432404463171877,1303.6834489991597,-3.6999999999999984,19.02055839623407,7.463425016501389,3.049433474202471,0,0,2,3,2,8,121.88340000000004,nan,True,True,True,True,True,None,imine_1
13W,"3-{5-[(2E,4S)-2-imino-1,4-dimethyl-6-oxohexahydropyrimidin-4-yl]thiophen-3-yl}benzonitrile",C17 H16 N4 O S,non-polymer,[H]/N=C/1\N[C@](CC(=O)N1C)(C)c2cc(cs2)c3cccc(c3)C#N,[H]/N=C1\N[C@](C)(c2cc(-c3cccc(C#N)c3)cs2)CC(=O)N1C,False,[H]/N=C1\N[C@](C)(c2cc(-c3cccc(C#N)c3)cs2)CC(=O)N1C,"InChI=1S/C17H16N4OS/c1-17(8-15(22)21(2)16(19)20-17)14-7-13(10-23-14)12-5-3-4-11(6-12)9-18/h3-7,10H,8H2,1-2H3,(H2,19,20)/t17-/m0/s1",MLNWGLXMDFUREO-KRWDZBQOSA-N,324.40900000000005,2.8884500000000015,79.98,4,2,2,3,2,0.23529411764705882,23,0,0,0.8911396693660198,869.4706510652118,-2.6499999999999995,13.975024645901444,5.52204096031731,2.711317958546727,0,0,1,2,1,6,90.07140000000003,nan,True,True,True,True,True,None,imine_1
0ZA,"3-{(1S)-1-[(6-chloro-3,3-dimethyl-3,4-dihydroisoquinolin-1-yl)amino]-2-phenylethyl}-1,2,4-oxadiazol-5(2H)-one",C21 H21 Cl N4 O2,non-polymer,CC1(Cc2cc(ccc2C(=N1)N[C@@H](Cc3ccccc3)C4=NC(=O)ON4)Cl)C,CC1(C)Cc2cc(Cl)ccc2C(N[C@@H](Cc2ccccc2)c2nc(=O)o[nH]2)=N1,False,CC1(C)Cc2cc(Cl)ccc2C(N[C@@H](Cc2ccccc2)c2nc(=O)o[nH]2)=N1,"InChI=1S/C21H21ClN4O2/c1-21(2)12-14-11-15(22)8-9-16(14)18(25-21)23-17(19-24-20(27)28-26-19)10-13-6-4-3-5-7-13/h3-9,11,17H,10,12H2,1-2H3,(H,23,25)(H,24,26,27)/t17-/m0/s1",XREOSEVJCQGCHE-KRWDZBQOSA-N,396.8780000000001,3.6712000000000025,83.28,5,2,4,4,3,0.2857142857142857,28,0,0,0.7043363054618065,1069.2645668521207,-2.86,18.50084730171864,7.279053517677531,4.01675633731932,0,0,1,3,0,7,108.91840000000005,nan,True,True,True,True,True,None,None
1B7,"N-(6-chloro-3,3-dimethyl-3,4-dihydroisoquinolin-1-yl)-3-(4-propylthiophen-3-yl)-L-alanine",C21 H25 Cl N2 O2 S,non-polymer,CCCc1cscc1C[C@@H](C(=O)O)NC2=NC(Cc3c2ccc(c3)Cl)(C)C,CCCc1cscc1C[C@H](NC1=NC(C)(C)Cc2cc(Cl)ccc21)C(=O)O,False,CCCc1cscc1C[C@H](NC1=NC(C)(C)Cc2cc(Cl)ccc21)C(=O)O,"InChI=1S/C21H25ClN2O2S/c1-4-5-13-11-27-12-15(13)9-18(20(25)26)23-19-17-7-6-16(22)8-14(17)10-21(2,3)24-19/h6-8,11-12,18H,4-5,9-10H2,1-3H3,(H,23,24)(H,25,26)/t18-/m0/s1",SFUUSYIYAKSHRW-SFHVURJKSA-N,404.9630000000002,4.720800000000003,61.69,4,2,6,3,2,0.42857142857142855,27,0,0,0.7316769590445713,872.8166035313828,-1.8499999999999996,19.899061383962636,8.028751692361613,4.711104324116383,0,0,1,2,0,6,112.34950000000002,nan,True,True,True,True,True,None,None
1B8,"3-[2-bromo-4-(1H-pyrazol-4-yl)thiophen-3-yl]-N-(6-chloro-3,3-dimethyl-3,4-dihydroisoquinolin-1-yl)-L-alanine",C21 H20 Br Cl N4 O2 S,non-polymer,CC1(Cc2cc(ccc2C(=N1)N[C@@H](Cc3c(csc3Br)c4c[nH]nc4)C(=O)O)Cl)C,CC1(C)Cc2cc(Cl)ccc2C(N[C@@H](Cc2c(-c3cn[nH]c3)csc2Br)C(=O)O)=N1,False,CC1(C)Cc2cc(Cl)ccc2C(N[C@@H](Cc2c(-c3cn[nH]c3)csc2Br)C(=O)O)=N1,"InChI=1S/C21H20BrClN4O2S/c1-21(2)7-11-5-13(23)3-4-14(11)19(27-21)26-17(20(28)29)6-15-16(10-30-18(15)22)12-8-24-25-9-12/h3-5,8-10,17H,6-7H2,1-2H3,(H,24,25)(H,26,27)(H,28,29)/t17-/m0/s1",DZVYKFXCGGLAAX-KRWDZBQOSA-N,507.84100000000007,4.920900000000004,90.37,5,3,5,4,3,0.2857142857142857,30,0,0,0.4570748570698094,1124.237315130526,-2.1599999999999997,21.08654927907059,8.168339073875416,4.30742060852211,0,0,1,3,0,9,123.63620000000004,nan,True,True,True,False,True,None,None
1BF,"N-(6-chloro-3,3-dimethyl-3,4-dihydroisoquinolin-1-yl)-3-[4-(1H-pyrazol-4-yl)thiophen-3-yl]-L-alanine",C21 H21 Cl N4 O2 S,non-polymer,CC1(Cc2cc(ccc2C(=N1)N[C@@H](Cc3cscc3c4c[nH]nc4)C(=O)O)Cl)C,CC1(C)Cc2cc(Cl)ccc2C(N[C@@H](Cc2cscc2-c2cn[nH]c2)C(=O)O)=N1,False,CC1(C)Cc2cc(Cl)ccc2C(N[C@@H](Cc2cscc2-c2cn[nH]c2)C(=O)O)=N1,"InChI=1S/C21H21ClN4O2S/c1-21(2)7-12-5-15(22)3-4-16(12)19(26-21)25-18(20(27)28)6-13-10-29-11-17(13)14-8-23-24-9-14/h3-5,8-11,18H,6-7H2,1-2H3,(H,23,24)(H,25,26)(H,27,28)/t18-/m0/s1",ASNJXTHXWLJRAC-SFHVURJKSA-N,428.9450000000001,4.158400000000002,90.37,5,3,5,4,3,0.2857142857142857,29,0,0,0.568747409293821,1072.3039207198756,-2.64,19.6667139855519,7.647522126124397,4.2060714000883115,0,0,1,3,0,8,115.93620000000004,nan,True,True,True,True,True,None,None
1B9,"3-(4-bromothiophen-3-yl)-N-(6-chloro-3,3-dimethyl-3,4-dihydroisoquinolin-1-yl)-L-alanine",C18 H18 Br Cl N2 O2 S,non-polymer,CC1(Cc2cc(ccc2C(=N1)N[C@@H](Cc3cscc3Br)C(=O)O)Cl)C,CC1(C)Cc2cc(Cl)ccc2C(N[C@@H](Cc2cscc2Br)C(=O)O)=N1,False,CC1(C)Cc2cc(Cl)ccc2C(N[C@@H](Cc2cscc2Br)C(=O)O)=N1,"InChI=1S/C18H18BrClN2O2S/c1-18(2)7-10-5-12(20)3-4-13(10)16(22-18)21-15(17(23)24)6-11-8-25-9-14(11)19/h3-5,8-9,15H,6-7H2,1-2H3,(H,21,22)(H,23,24)/t15-/m0/s1",LZMNPXMCRBRYAN-HNNXBMFYSA-N,441.7780000000001,4.530800000000004,61.69,4,2,4,3,2,0.3333333333333333,25,0,0,0.7325285890785429,847.3516531862531,-1.3699999999999997,18.421950761222956,7.094931005767091,4.245431587413457,0,0,1,2,0,7,106.05450000000006,nan,True,True,True,True,True,None,None
1BB,"2-{(1S)-1-[(6-chloro-3,3-dimethyl-3,4-dihydroisoquinolin-1-yl)amino]-2-phenylethyl}-4-oxo-1,4-dihydropyrimidine-5-carbonitrile",C24 H22 Cl N5 O,non-polymer,CC1(Cc2cc(ccc2C(=N1)N[C@@H](Cc3ccccc3)C4=NC(=O)C(=CN4)C#N)Cl)C,CC1(C)Cc2cc(Cl)ccc2C(N[C@@H](Cc2ccccc2)c2nc(=O)c(C#N)c[nH]2)=N1,False,CC1(C)Cc2cc(Cl)ccc2C(N[C@@H](Cc2ccccc2)c2nc(=O)c(C#N)c[nH]2)=N1,"InChI=1S/C24H22ClN5O/c1-24(2)12-16-11-18(25)8-9-19(16)21(30-24)28-20(10-15-6-4-3-5-7-15)22-27-14-17(13-26)23(31)29-22/h3-9,11,14,20H,10,12H2,1-2H3,(H,28,30)(H,27,29,31)/t20-/m0/s1",SSQLUPVACAMCTQ-FQEVSTJZSA-N,431.9270000000002,3.949880000000002,93.93,5,2,4,4,3,0.25,31,0,0,0.6535116575435393,1240.8147618641485,-3.4299999999999997,20.827109361130987,8.365558745346837,4.675751472644263,0,0,1,3,0,7,121.36740000000005,nan,True,True,True,True,True,None,None
1BL,"(2R)-5-{[(2S,3R)-4-{[1-(3-tert-butylphenyl)cyclohexyl]amino}-1-(3,5-difluorophenyl)-3-hydroxybutan-2-yl]amino}-2-hydroxy-5-oxopentanoic acid",C31 H42 F2 N2 O5,non-polymer,CC(C)(C)c1cccc(c1)C2(CCCCC2)NC[C@H]([C@H](Cc3cc(cc(c3)F)F)NC(=O)CC[C@H](C(=O)O)O)O,CC(C)(C)c1cccc(C2(NC[C@@H](O)[C@H](Cc3cc(F)cc(F)c3)NC(=O)CC[C@@H](O)C(=O)O)CCCCC2)c1,False,CC(C)(C)c1cccc(C2(NC[C@@H](O)[C@H](Cc3cc(F)cc(F)c3)NC(=O)CC[C@@H](O)C(=O)O)CCCCC2)c1,"InChI=1S/C31H42F2N2O5/c1-30(2,3)21-8-7-9-22(17-21)31(12-5-4-6-13-31)34-19-27(37)25(16-20-14-23(32)18-24(33)15-20)35-28(38)11-10-26(36)29(39)40/h7-9,14-15,17-18,25-27,34,36-37H,4-6,10-13,16,19H2,1-3H3,(H,35,38)(H,39,40)/t25-,26+,27+/m0/s1",ZQBAKJWCBZPMKW-OYUWMTPXSA-N,560.6820000000004,4.325400000000004,118.89,5,5,12,3,2,0.5483870967741935,40,0,0,0.26384791347733555,1140.404984453793,-2.8800000000000003,31.64504798825699,13.654643269072333,8.81096089281841,0,0,1,2,1,9,148.78379999999996,nan,True,False,True,False,True,None,None
1BS,"2-{(1S)-1-[(6-chloro-3,3-dimethyl-3,4-dihydroisoquinolin-1-yl)amino]-2-phenylethyl}pyrido[4,3-d]pyrimidin-4(1H)-one",C26 H24 Cl N5 O,non-polymer,CC1(Cc2cc(ccc2C(=N1)N[C@@H](Cc3ccccc3)C4=NC(=O)c5cnccc5N4)Cl)C,CC1(C)Cc2cc(Cl)ccc2C(N[C@@H](Cc2ccccc2)c2nc(=O)c3cnccc3[nH]2)=N1,False,CC1(C)Cc2cc(Cl)ccc2C(N[C@@H](Cc2ccccc2)c2nc(=O)c3cnccc3[nH]2)=N1,"InChI=1S/C26H24ClN5O/c1-26(2)14-17-13-18(27)8-9-19(17)23(32-26)30-22(12-16-6-4-3-5-7-16)24-29-21-10-11-28-15-20(21)25(33)31-24/h3-11,13,15,22H,12,14H2,1-2H3,(H,30,32)(H,29,31,33)/t22-/m0/s1",DQYKHJYAOKSEPD-QFIPXVFZSA-N,457.9650000000002,4.626400000000004,83.03,5,2,4,5,4,0.23076923076923078,33,0,0,0.4678330362687992,1411.3909154966095,-3.5099999999999993,21.341717946850167,8.445613204107374,4.522136839568761,0,0,1,4,0,7,131.95340000000002,nan,True,True,True,True,True,None,None
1BC,"2-{(1S)-1-{[(1Z)-6-chloro-3,3-dimethyl-3,4-dihydroisoquinolin-1(2H)-ylidene]amino}-2-[2-propyl-4-(1H-pyrazol-4-yl)thiophen-3-yl]ethyl}pyrimidin-4(5H)-one",C27 H29 Cl N6 O S,non-polymer,CCCc1c(c(cs1)c2c[nH]nc2)C[C@@H](C3=NC(=O)CC=N3)/N=C\4/c5ccc(cc5CC(N4)(C)C)Cl,CCCc1scc(-c2cn[nH]c2)c1C[C@H](/N=C1\NC(C)(C)Cc2cc(Cl)ccc21)C1=NC(=O)CC=N1,False,CCCc1scc(-c2cn[nH]c2)c1C[C@H](/N=C1\NC(C)(C)Cc2cc(Cl)ccc21)C1=NC(=O)CC=N1,"InChI=1S/C27H29ClN6OS/c1-4-5-23-20(21(15-36-23)17-13-30-31-14-17)11-22(26-29-9-8-24(35)33-26)32-25-19-7-6-18(28)10-16(19)12-27(2,3)34-25/h6-7,9-10,13-15,22H,4-5,8,11-12H2,1-3H3,(H,30,31)(H,32,34)/t22-/m0/s1",SHQGADSMADPNBQ-QFIPXVFZSA-N,521.0900000000003,5.425900000000004,94.86,5,2,7,5,3,0.37037037037037035,36,0,0,0.4347869927331983,1368.8058336276747,-3.0999999999999996,24.58807514633412,10.10561975574069,5.198113995721067,0,0,2,3,0,9,147.8463999999998,nan,False,True,True,False,False,None,imine_1
1CH,"N-(3,3-dimethyl-3,4-dihydroisoquinolin-1-yl)-L-phenylalanine",C20 H22 N2 O2,non-polymer,CC1(Cc2ccccc2C(=N1)N[C@@H](Cc3ccccc3)C(=O)O)C,CC1(C)Cc2ccccc2C(N[C@@H](Cc2ccccc2)C(=O)O)=N1,False,CC1(C)Cc2ccccc2C(N[C@@H](Cc2ccccc2)C(=O)O)=N1,"InChI=1S/C20H22N2O2/c1-20(2)13-15-10-6-7-11-16(15)18(22-20)21-17(19(23)24)12-14-8-4-3-5-9-14/h3-11,17H,12-13H2,1-2H3,(H,21,22)(H,23,24)/t17-/m0/s1",SKZOZLFDNIMQMW-KRWDZBQOSA-N,322.4080000000001,3.0534000000000017,61.69,3,2,4,3,2,0.3,24,0,0,0.9092674307906045,766.2181332425407,-2.6199999999999997,16.24527421754316,6.475897712355592,3.6452127618586494,0,0,1,2,0,4,95.46750000000007,nan,True,True,True,True,True,None,None
VSI,"N-{N-[4-(acetylamino)-3,5-dichlorobenzyl]carbamimidoyl}-2-(6-cyano-1H-indol-1-yl)acetamide",C21 H18 Cl2 N6 O2,non-polymer,[H]/N=C(\NCc1cc(c(c(c1)Cl)NC(=O)C)Cl)/NC(=O)Cn2ccc3c2cc(cc3)C#N,[H]/N=C(\NCc1cc(Cl)c(NC(C)=O)c(Cl)c1)NC(=O)Cn1ccc2ccc(C#N)cc21,False,[H]/N=C(\NCc1cc(Cl)c(NC(C)=O)c(Cl)c1)NC(=O)Cn1ccc2ccc(C#N)cc21,"InChI=1S/C21H18Cl2N6O2/c1-12(30)27-20-16(22)6-14(7-17(20)23)10-26-21(25)28-19(31)11-29-5-4-15-3-2-13(9-24)8-18(15)29/h2-8H,10-11H2,1H3,(H,27,30)(H3,25,26,28,31)",QNSBKNRQYCQXMO-UHFFFAOYSA-N,457.3210000000002,3.6189500000000017,122.80000000000001,5,4,5,3,3,0.14285714285714285,31,0,0,0.3452902295338776,1241.8937381576127,-3.539999999999999,20.721462995289134,9.513638801995683,5.539171815423218,0,0,0,3,0,10,120.12780000000001,nan,True,True,True,True,True,None,imine_1; imine_2
VTI,"N-{N-[4-(acetylamino)-3,5-dichlorobenzyl]carbamimidoyl}-2-(1H-indol-1-yl)acetamide",C20 H19 Cl2 N5 O2,non-polymer,[H]/N=C(\NCc1cc(c(c(c1)Cl)NC(=O)C)Cl)/NC(=O)Cn2ccc3c2cccc3,[H]/N=C(\NCc1cc(Cl)c(NC(C)=O)c(Cl)c1)NC(=O)Cn1ccc2ccccc21,False,[H]/N=C(\NCc1cc(Cl)c(NC(C)=O)c(Cl)c1)NC(=O)Cn1ccc2ccccc21,"InChI=1S/C20H19Cl2N5O2/c1-12(28)25-19-15(21)8-13(9-16(19)22)10-24-20(23)26-18(29)11-27-7-6-14-4-2-3-5-17(14)27/h2-9H,10-11H2,1H3,(H,25,28)(H3,23,24,26,29)",PTYGSLKLIDGJBA-UHFFFAOYSA-N,432.31100000000015,3.747270000000002,99.01000000000002,4,4,5,3,3,0.15,29,0,0,0.36516387119317417,1106.3323597238564,-3.029999999999999,19.2935455148691,8.980206303714528,5.276207098283385,0,0,0,3,0,9,115.4128,nan,True,True,True,True,True,None,imine_1; imine_2
1BE,"N-(6-chloro-3,3-dimethyl-3,4-dihydroisoquinolin-1-yl)-3-[2-propyl-4-(1H-pyrazol-4-yl)thiophen-3-yl]-L-alanine",C24 H27 Cl N4 O2 S,non-polymer,CCCc1c(c(cs1)c2c[nH]nc2)C[C@@H](C(=O)O)NC3=NC(Cc4c3ccc(c4)Cl)(C)C,CCCc1scc(-c2cn[nH]c2)c1C[C@H](NC1=NC(C)(C)Cc2cc(Cl)ccc21)C(=O)O,False,CCCc1scc(-c2cn[nH]c2)c1C[C@H](NC1=NC(C)(C)Cc2cc(Cl)ccc21)C(=O)O,"InChI=1S/C24H27ClN4O2S/c1-4-5-21-18(19(13-32-21)15-11-26-27-12-15)9-20(23(30)31)28-22-17-7-6-16(25)8-14(17)10-24(2,3)29-22/h6-8,11-13,20H,4-5,9-10H2,1-3H3,(H,26,27)(H,28,29)(H,30,31)/t20-/m0/s1",GZLUSHWHRPZJDJ-FQEVSTJZSA-N,471.0260000000002,5.1109000000000036,90.37,5,3,7,4,3,0.375,32,0,0,0.44712551089760905,1150.96823692746,-2.6399999999999992,22.55025609605168,9.077491025743646,4.735616965105602,0,0,1,3,0,8,129.93120000000002,nan,True,True,True,True,False,None,None
1H8,"N-{3-[(4S)-2-amino-4-methyl-5,6-dihydro-4H-1,3-oxazin-4-yl]-4-fluorophenyl}-5-cyanopyridine-2-carboxamide",C18 H16 F N5 O2,non-polymer,C[C@]1(CCOC(=N1)N)c2cc(ccc2F)NC(=O)c3ccc(cn3)C#N,C[C@@]1(c2cc(NC(=O)c3ccc(C#N)cn3)ccc2F)CCOC(N)=N1,False,C[C@@]1(c2cc(NC(=O)c3ccc(C#N)cn3)ccc2F)CCOC(N)=N1,"InChI=1S/C18H16FN5O2/c1-18(6-7-26-17(21)24-18)13-8-12(3-4-14(13)19)23-16(25)15-5-2-11(9-20)10-22-15/h2-5,8,10H,6-7H2,1H3,(H2,21,24)(H,23,25)/t18-/m0/s1",ZTXUJRWOHXVUAT-SFHVURJKSA-N,353.3570000000001,2.29488,113.39000000000001,6,2,3,3,2,0.2222222222222222,26,0,0,0.8787574533791516,920.1689632959138,-3.4699999999999998,17.35618037698209,6.800214064931613,3.4662334369394485,0,0,1,2,0,8,92.84860000000002,nan,True,True,True,True,True,None,None
1H6,"N-{3-[(4R,5S)-2-amino-5-fluoro-4-methyl-5,6-dihydro-4H-1,3-oxazin-4-yl]-4-fluorophenyl}-5-cyanopyridine-2-carboxamide",C18 H15 F2 N5 O2,non-polymer,C[C@]1([C@@H](COC(=N1)N)F)c2cc(ccc2F)NC(=O)c3ccc(cn3)C#N,C[C@]1(c2cc(NC(=O)c3ccc(C#N)cn3)ccc2F)N=C(N)OC[C@H]1F,False,C[C@]1(c2cc(NC(=O)c3ccc(C#N)cn3)ccc2F)N=C(N)OC[C@H]1F,"InChI=1S/C18H15F2N5O2/c1-18(15(20)9-27-17(22)25-18)12-6-11(3-4-13(12)19)24-16(26)14-5-2-10(7-21)8-23-14/h2-6,8,15H,9H2,1H3,(H2,22,25)(H,24,26)/t15-,18-/m1/s1",ALKHFUPBQSAGMS-CRAIPNDOSA-N,371.34700000000015,2.2428799999999995,113.39000000000001,6,2,3,3,2,0.2222222222222222,27,0,0,0.858976133591975,955.2146108266691,-3.5399999999999996,18.2570545420662,6.992792273729432,3.5504340252576574,0,0,1,2,0,9,93.12760000000002,nan,True,True,True,True,True,None,None
1H7,"N-{3-[(4R,5R)-2-amino-5-fluoro-4-methyl-5,6-dihydro-4H-1,3-oxazin-4-yl]-4-fluorophenyl}-5-cyanopyridine-2-carboxamide",C18 H15 F2 N5 O2,non-polymer,C[C@]1([C@H](COC(=N1)N)F)c2cc(ccc2F)NC(=O)c3ccc(cn3)C#N,C[C@]1(c2cc(NC(=O)c3ccc(C#N)cn3)ccc2F)N=C(N)OC[C@@H]1F,False,C[C@]1(c2cc(NC(=O)c3ccc(C#N)cn3)ccc2F)N=C(N)OC[C@@H]1F,"InChI=1S/C18H15F2N5O2/c1-18(15(20)9-27-17(22)25-18)12-6-11(3-4-13(12)19)24-16(26)14-5-2-10(7-21)8-23-14/h2-6,8,15H,9H2,1H3,(H2,22,25)(H,24,26)/t15-,18+/m0/s1",ALKHFUPBQSAGMS-MAUKXSAKSA-N,371.34700000000015,2.2428799999999995,113.39000000000001,6,2,3,3,2,0.2222222222222222,27,0,0,0.858976133591975,955.2146108266691,-3.5399999999999996,18.2570545420662,6.992792273729432,3.5504340252576574,0,0,1,2,0,9,93.12760000000002,nan,True,True,True,True,True,None,None
1H5,"N-{3-[(4S,5R)-2-amino-5-fluoro-4-(fluoromethyl)-5,6-dihydro-4H-1,3-oxazin-4-yl]-4-fluorophenyl}-5-cyanopyridine-2-carboxamide",C18 H14 F3 N5 O2,non-polymer,c1cc(c(cc1NC(=O)c2ccc(cn2)C#N)[C@@]3([C@H](COC(=N3)N)F)CF)F,N#Cc1ccc(C(=O)Nc2ccc(F)c([C@@]3(CF)N=C(N)OC[C@@H]3F)c2)nc1,False,N#Cc1ccc(C(=O)Nc2ccc(F)c([C@@]3(CF)N=C(N)OC[C@@H]3F)c2)nc1,"InChI=1S/C18H14F3N5O2/c19-9-18(15(21)8-28-17(23)26-18)12-5-11(2-3-13(12)20)25-16(27)14-4-1-10(6-22)7-24-14/h1-5,7,15H,8-9H2,(H2,23,26)(H,25,27)/t15-,18+/m0/s1",MMPPCMJOPZGPPA-MAUKXSAKSA-N,389.3370000000001,2.1924799999999998,113.39,6,2,4,3,2,0.2222222222222222,28,0,0,0.8322366821929105,974.1766308979313,-3.61,19.15990994527679,7.55729625390918,3.462880821206406,0,0,1,2,0,10,93.42860000000003,nan,True,True,True,True,True,None,None
6T9,"5-Ethoxy-pyridine-2-carboxylic acid [3-((R)-2-amino-5,5-difluoro-4-methyl-5,6-dihydro-4H-[1,3]oxazin-4-yl)-4-fluoro-phenyl]-amide",C19 H19 F3 N4 O3,non-polymer,CCOc1ccc(nc1)C(=O)Nc2ccc(c(c2)[C@@]3(C(COC(=N3)N)(F)F)C)F,CCOc1ccc(C(=O)Nc2ccc(F)c([C@@]3(C)N=C(N)OCC3(F)F)c2)nc1,False,CCOc1ccc(C(=O)Nc2ccc(F)c([C@@]3(C)N=C(N)OCC3(F)F)c2)nc1,"InChI=1S/C19H19F3N4O3/c1-3-28-12-5-7-15(24-9-12)16(27)25-11-4-6-14(20)13(8-11)18(2)19(21,22)10-29-17(23)26-18/h4-9H,3,10H2,1-2H3,(H2,23,26)(H,25,27)/t18-/m1/s1",DWKGLYKXNUIYDM-GOSISDBHSA-N,408.3800000000001,3.067100000000001,98.83,6,2,5,3,2,0.3157894736842105,29,0,0,0.7923613349948282,950.2155901134464,-3.2999999999999994,20.43466355615217,7.6091806569443134,3.9589730908367,0,0,1,2,0,10,99.63260000000004,nan,True,True,True,True,True,None,None
1HM,"N-{3-[(4S,6S)-2-amino-4-(fluoromethyl)-6-(trifluoromethyl)-5,6-dihydro-4H-1,3-oxazin-4-yl]-4-fluorophenyl}-5-cyanopyridine-2-carboxamide",C19 H14 F5 N5 O2,non-polymer,c1cc(c(cc1NC(=O)c2ccc(cn2)C#N)[C@@]3(C[C@H](OC(=N3)N)C(F)(F)F)CF)F,N#Cc1ccc(C(=O)Nc2ccc(F)c([C@]3(CF)C[C@@H](C(F)(F)F)OC(N)=N3)c2)nc1,False,N#Cc1ccc(C(=O)Nc2ccc(F)c([C@]3(CF)C[C@@H](C(F)(F)F)OC(N)=N3)c2)nc1,"InChI=1S/C19H14F5N5O2/c20-9-18(6-15(19(22,23)24)31-17(26)29-18)12-5-11(2-3-13(12)21)28-16(30)14-4-1-10(7-25)8-27-14/h1-5,8,15H,6,9H2,(H2,26,29)(H,28,30)/t15-,18+/m0/s1",QCMXWFUAVCHHIA-MAUKXSAKSA-N,439.34400000000005,3.1753800000000014,113.39,6,2,4,3,2,0.2631578947368421,31,0,0,0.7108447181318606,1064.838668151521,-3.7499999999999996,21.946909927679158,8.17362870486249,4.549471347786844,0,0,1,2,0,12,98.12560000000003,nan,True,True,True,True,True,None,None
1HO,"N-{3-[(4S)-2-amino-5,5-difluoro-4-(fluoromethyl)-5,6-dihydro-4H-1,3-oxazin-4-yl]-4-fluorophenyl}-5-cyanopyridine-2-carboxamide",C18 H13 F4 N5 O2,non-polymer,c1cc(c(cc1NC(=O)c2ccc(cn2)C#N)[C@@]3(C(COC(=N3)N)(F)F)CF)F,N#Cc1ccc(C(=O)Nc2ccc(F)c([C@@]3(CF)N=C(N)OCC3(F)F)c2)nc1,False,N#Cc1ccc(C(=O)Nc2ccc(F)c([C@@]3(CF)N=C(N)OCC3(F)F)c2)nc1,"InChI=1S/C18H13F4N5O2/c19-8-17(18(21,22)9-29-16(24)27-17)12-5-11(2-3-13(12)20)26-15(28)14-4-1-10(6-23)7-25-14/h1-5,7H,8-9H2,(H2,24,27)(H,26,28)/t17-/m1/s1",OIFTUNMTFHXWBX-QGZVFWFLSA-N,407.3270000000001,2.48968,113.39,6,2,4,3,2,0.2222222222222222,29,0,0,0.756369319680191,1019.901804901529,-3.6799999999999997,20.064551318466247,7.384640277872078,3.5621886907483615,0,0,1,2,0,11,93.47960000000003,nan,True,True,True,True,True,None,None
1HQ,"N-{3-[(4S)-2-amino-4-(difluoromethyl)-5,6-dihydro-4H-1,3-oxazin-4-yl]-4-fluorophenyl}-5-cyanopyridine-2-carboxamide",C18 H14 F3 N5 O2,non-polymer,c1cc(c(cc1NC(=O)c2ccc(cn2)C#N)[C@@]3(CCOC(=N3)N)C(F)F)F,N#Cc1ccc(C(=O)Nc2ccc(F)c([C@]3(C(F)F)CCOC(N)=N3)c2)nc1,False,N#Cc1ccc(C(=O)Nc2ccc(F)c([C@]3(C(F)F)CCOC(N)=N3)c2)nc1,"InChI=1S/C18H14F3N5O2/c19-13-3-2-11(25-15(27)14-4-1-10(8-22)9-24-14)7-12(13)18(16(20)21)5-6-28-17(23)26-18/h1-4,7,9,16H,5-6H2,(H2,23,26)(H,25,27)/t18-/m0/s1",ZQBDXEARYNLKKR-SFHVURJKSA-N,389.33700000000005,2.5400800000000006,113.39,6,2,4,3,2,0.2222222222222222,28,0,0,0.8342870818196124,972.1766308979314,-3.61,19.15990994527679,7.55729625390918,3.5938158604263455,0,0,1,2,0,10,93.17860000000003,nan,True,True,True,True,True,None,None
1HL,"N-{3-[(4S,6S)-2-amino-4-methyl-6-(trifluoromethyl)-5,6-dihydro-4H-1,3-oxazin-4-yl]-4-fluorophenyl}-5-cyanopyridine-2-carboxamide",C19 H15 F4 N5 O2,non-polymer,C[C@]1(C[C@H](OC(=N1)N)C(F)(F)F)c2cc(ccc2F)NC(=O)c3ccc(cn3)C#N,C[C@@]1(c2cc(NC(=O)c3ccc(C#N)cn3)ccc2F)C[C@@H](C(F)(F)F)OC(N)=N1,False,C[C@@]1(c2cc(NC(=O)c3ccc(C#N)cn3)ccc2F)C[C@@H](C(F)(F)F)OC(N)=N1,"InChI=1S/C19H15F4N5O2/c1-18(7-15(19(21,22)23)30-17(25)28-18)12-6-11(3-4-13(12)20)27-16(29)14-5-2-10(8-24)9-26-14/h2-6,9,15H,7H2,1H3,(H2,25,28)(H,27,29)/t15-,18-/m0/s1",MELQHVBGGSKVJQ-YJBOKZPZSA-N,421.35400000000016,3.225780000000001,113.39000000000001,6,2,3,3,2,0.2631578947368421,30,0,0,0.7391112583582181,1046.3707855584207,-3.6799999999999997,21.039082160298765,7.624148366328247,4.321716954507503,0,0,1,2,0,11,97.8246,nan,True,True,True,True,True,None,None
1HH,"N-{3-[(4R,5R,6R)-2-amino-5-fluoro-4-methyl-6-(trifluoromethyl)-5,6-dihydro-4H-1,3-oxazin-4-yl]-4-fluorophenyl}-5-cyanopyridine-2-carboxamide",C19 H14 F5 N5 O2,non-polymer,C[C@]1([C@H]([C@@H](OC(=N1)N)C(F)(F)F)F)c2cc(ccc2F)NC(=O)c3ccc(cn3)C#N,C[C@]1(c2cc(NC(=O)c3ccc(C#N)cn3)ccc2F)N=C(N)O[C@@H](C(F)(F)F)[C@@H]1F,False,C[C@]1(c2cc(NC(=O)c3ccc(C#N)cn3)ccc2F)N=C(N)O[C@@H](C(F)(F)F)[C@@H]1F,"InChI=1S/C19H14F5N5O2/c1-18(14(21)15(19(22,23)24)31-17(26)29-18)11-6-10(3-4-12(11)20)28-16(30)13-5-2-9(7-25)8-27-13/h2-6,8,14-15H,1H3,(H2,26,29)(H,28,30)/t14-,15+,18+/m0/s1",UMHIFKHNODSZCU-HDMKZQKVSA-N,439.3440000000001,3.1737800000000007,113.39000000000001,6,2,3,3,2,0.2631578947368421,31,0,0,0.7136204470448443,1080.576571487186,-3.7499999999999996,21.946909927679158,7.82399561723886,4.252444861486545,0,0,1,2,0,12,98.1036,nan,True,True,True,True,True,None,None
1HJ,"N-{3-[(4S,6R)-2-amino-4-methyl-6-(trifluoromethyl)-5,6-dihydro-4H-1,3-oxazin-4-yl]-4-fluorophenyl}-5-cyanopyridine-2-carboxamide",C19 H15 F4 N5 O2,non-polymer,C[C@]1(C[C@@H](OC(=N1)N)C(F)(F)F)c2cc(ccc2F)NC(=O)c3ccc(cn3)C#N,C[C@@]1(c2cc(NC(=O)c3ccc(C#N)cn3)ccc2F)C[C@H](C(F)(F)F)OC(N)=N1,False,C[C@@]1(c2cc(NC(=O)c3ccc(C#N)cn3)ccc2F)C[C@H](C(F)(F)F)OC(N)=N1,"InChI=1S/C19H15F4N5O2/c1-18(7-15(19(21,22)23)30-17(25)28-18)12-6-11(3-4-13(12)20)27-16(29)14-5-2-10(8-24)9-26-14/h2-6,9,15H,7H2,1H3,(H2,25,28)(H,27,29)/t15-,18+/m1/s1",MELQHVBGGSKVJQ-QAPCUYQASA-N,421.35400000000016,3.225780000000001,113.39000000000001,6,2,3,3,2,0.2631578947368421,30,0,0,0.7391112583582181,1046.3707855584207,-3.6799999999999997,21.039082160298765,7.624148366328247,4.321716954507503,0,0,1,2,0,11,97.8246,nan,True,True,True,True,True,None,None
1HG,"N-{3-[(4R,5R,6S)-2-amino-5-fluoro-4-methyl-6-(trifluoromethyl)-5,6-dihydro-4H-1,3-oxazin-4-yl]-4-fluorophenyl}-5-cyanopyridine-2-carboxamide",C19 H14 F5 N5 O2,non-polymer,C[C@]1([C@H]([C@H](OC(=N1)N)C(F)(F)F)F)c2cc(ccc2F)NC(=O)c3ccc(cn3)C#N,C[C@]1(c2cc(NC(=O)c3ccc(C#N)cn3)ccc2F)N=C(N)O[C@H](C(F)(F)F)[C@@H]1F,False,C[C@]1(c2cc(NC(=O)c3ccc(C#N)cn3)ccc2F)N=C(N)O[C@H](C(F)(F)F)[C@@H]1F,"InChI=1S/C19H14F5N5O2/c1-18(14(21)15(19(22,23)24)31-17(26)29-18)11-6-10(3-4-12(11)20)28-16(30)13-5-2-9(7-25)8-27-13/h2-6,8,14-15H,1H3,(H2,26,29)(H,28,30)/t14-,15-,18+/m0/s1",UMHIFKHNODSZCU-RLFYNMQTSA-N,439.3440000000001,3.1737800000000007,113.39000000000001,6,2,3,3,2,0.2631578947368421,31,0,0,0.7136204470448443,1080.576571487186,-3.7499999999999996,21.946909927679158,7.82399561723886,4.252444861486545,0,0,1,2,0,12,98.1036,nan,True,True,True,True,True,None,None
1M5,"(4R)-2'-amino-6-(3-chlorophenyl)-1',2,2-trimethyl-2,3-dihydrospiro[chromene-4,4'-imidazol]-5'(1'H)-one",C20 H20 Cl N3 O2,non-polymer,CC1(C[C@@]2(c3cc(ccc3O1)c4cccc(c4)Cl)C(=O)N(C(=N2)N)C)C,CN1C(=O)[C@]2(CC(C)(C)Oc3ccc(-c4cccc(Cl)c4)cc32)N=C1N,False,CN1C(=O)[C@]2(CC(C)(C)Oc3ccc(-c4cccc(Cl)c4)cc32)N=C1N,"InChI=1S/C20H20ClN3O2/c1-19(2)11-20(17(25)24(3)18(22)23-20)15-10-13(7-8-16(15)26-19)12-5-4-6-14(21)9-12/h4-10H,11H2,1-3H3,(H2,22,23)/t20-/m1/s1",MPQDZTDGJUCWQL-HXUWFJFHSA-N,369.85200000000015,3.5501000000000014,67.92,4,1,1,4,2,0.3,26,0,0,0.8353444481824641,953.8225222862593,-2.5299999999999994,16.91263794369002,5.481354379554337,2.4602984473998926,1,0,2,2,0,6,102.28240000000005,nan,True,True,True,True,True,None,None
1M4,"(4R)-2'-amino-6-bromo-1',2,2-trimethyl-2,3-dihydrospiro[chromene-4,4'-imidazol]-5'(1'H)-one",C14 H16 Br N3 O2,non-polymer,CC1(C[C@@]2(c3cc(ccc3O1)Br)C(=O)N(C(=N2)N)C)C,CN1C(=O)[C@]2(CC(C)(C)Oc3ccc(Br)cc32)N=C1N,False,CN1C(=O)[C@]2(CC(C)(C)Oc3ccc(Br)cc32)N=C1N,"InChI=1S/C14H16BrN3O2/c1-13(2)7-14(11(19)18(3)12(16)17-14)9-6-8(15)4-5-10(9)20-13/h4-6H,7H2,1-3H3,(H2,16,17)/t14-/m1/s1",GCJNGEZDKLVQNN-CQSZACIVSA-N,338.20500000000004,1.9922,67.92,4,1,0,3,1,0.42857142857142855,20,0,0,0.7866630126552874,641.3062286753071,-1.56,13.424313785563017,3.973963020068231,1.741434100480878,1,0,2,1,0,6,79.53640000000001,nan,True,True,True,True,True,None,None
1M6,"3-[(4R)-2'-amino-1',2,2-trimethyl-5'-oxo-1',2,3,5'-tetrahydrospiro[chromene-4,4'-imidazol]-6-yl]benzonitrile",C21 H20 N4 O2,non-polymer,CC1(C[C@@]2(c3cc(ccc3O1)c4cccc(c4)C#N)C(=O)N(C(=N2)N)C)C,CN1C(=O)[C@]2(CC(C)(C)Oc3ccc(-c4cccc(C#N)c4)cc32)N=C1N,False,CN1C(=O)[C@]2(CC(C)(C)Oc3ccc(-c4cccc(C#N)c4)cc32)N=C1N,"InChI=1S/C21H20N4O2/c1-20(2)12-21(18(26)25(3)19(23)24-21)16-10-15(7-8-17(16)27-20)14-6-4-5-13(9-14)11-22/h4-10H,12H2,1-3H3,(H2,23,24)/t21-/m1/s1",LASIJFPKQNWUQE-OAQYLSRUSA-N,360.41700000000014,2.7683800000000014,91.71,5,1,1,4,2,0.2857142857142857,27,0,0,0.8463160547216566,1034.7173947158942,-3.3299999999999996,17.10232939527104,5.582168721329366,2.5467398064292843,1,0,2,2,0,6,101.98740000000005,nan,True,True,True,True,True,None,None
1QT,"(3S)-3-[(1R)-2-{[(4S)-6-ethyl-3,4-dihydrospiro[chromene-2,1'-cyclobutan]-4-yl]amino}-1-hydroxyethyl]-4-azabicyclo[11.3.1]heptadeca-1(17),13,15-trien-5-one",C32 H44 N2 O3,non-polymer,CCc1ccc2c(c1)[C@H](CC3(O2)CCC3)NC[C@H]([C@@H]4Cc5cccc(c5)CCCCCCCC(=O)N4)O,CCc1ccc2c(c1)[C@@H](NC[C@@H](O)[C@@H]1Cc3cccc(c3)CCCCCCCC(=O)N1)CC1(CCC1)O2,False,CCc1ccc2c(c1)[C@@H](NC[C@@H](O)[C@@H]1Cc3cccc(c3)CCCCCCCC(=O)N1)CC1(CCC1)O2,"InChI=1S/C32H44N2O3/c1-2-23-14-15-30-26(19-23)28(21-32(37-30)16-9-17-32)33-22-29(35)27-20-25-12-8-11-24(18-25)10-6-4-3-5-7-13-31(36)34-27/h8,11-12,14-15,18-19,27-29,33,35H,2-7,9-10,13,16-17,20-22H2,1H3,(H,34,36)/t27-,28-,29+/m0/s1",QPAQZVPVDCXNCF-YTCPBCGMSA-N,504.7150000000004,5.570000000000005,70.59,4,3,5,5,2,0.59375,37,0,0,0.49789752930234926,1063.7487679547914,-2.3699999999999997,26.24561838824953,11.997717005509484,6.55745545095986,1,2,3,2,1,5,147.8801999999999,nan,False,True,True,False,False,None,None
1M7,"(4R)-2-amino-1,3',3'-trimethyl-7'-(pyrimidin-5-yl)-3',4'-dihydro-2'H-spiro[imidazole-4,1'-naphthalen]-5(1H)-one",C19 H21 N5 O,non-polymer,CC1(Cc2ccc(cc2[C@]3(C1)C(=O)N(C(=N3)N)C)c4cncnc4)C,CN1C(=O)[C@]2(CC(C)(C)Cc3ccc(-c4cncnc4)cc32)N=C1N,False,CN1C(=O)[C@]2(CC(C)(C)Cc3ccc(-c4cncnc4)cc32)N=C1N,"InChI=1S/C19H21N5O/c1-18(2)7-13-5-4-12(14-8-21-11-22-9-14)6-15(13)19(10-18)16(25)24(3)17(20)23-19/h4-6,8-9,11H,7,10H2,1-3H3,(H2,20,23)/t19-/m1/s1",UPOMBIAVTOFWMY-LJQANCHMSA-N,335.411,2.098,84.47,5,1,1,4,2,0.3684210526315789,25,0,0,0.8647166036667947,889.9423947625235,-2.76,15.749439648785291,5.116090468041632,2.3180452806122456,1,0,2,2,0,6,95.64040000000003,nan,True,True,True,True,True,None,None
1QU,"1-cyclopentyl-N-[(2S,3R)-3-hydroxy-1-phenyl-4-{[3-(trifluoromethyl)benzyl]amino}butan-2-yl]-6-oxo-5-(2-oxopyrrolidin-1-yl)-1,6-dihydropyridine-3-carboxamide",C33 H37 F3 N4 O4,non-polymer,c1ccc(cc1)C[C@@H]([C@@H](CNCc2cccc(c2)C(F)(F)F)O)NC(=O)C3=CN(C(=O)C(=C3)N4CCCC4=O)C5CCCC5,O=C(N[C@@H](Cc1ccccc1)[C@H](O)CNCc1cccc(C(F)(F)F)c1)c1cc(N2CCCC2=O)c(=O)n(C2CCCC2)c1,False,O=C(N[C@@H](Cc1ccccc1)[C@H](O)CNCc1cccc(C(F)(F)F)c1)c1cc(N2CCCC2=O)c(=O)n(C2CCCC2)c1,"InChI=1S/C33H37F3N4O4/c34-33(35,36)25-11-6-10-23(16-25)19-37-20-29(41)27(17-22-8-2-1-3-9-22)38-31(43)24-18-28(39-15-7-14-30(39)42)32(44)40(21-24)26-12-4-5-13-26/h1-3,6,8-11,16,18,21,26-27,29,37,41H,4-5,7,12-15,17,19-20H2,(H,38,43)/t27-,29+/m0/s1",QKLJNYJRYSKKKP-LMSSTIIKSA-N,610.6769999999999,4.600800000000004,103.66999999999999,6,3,11,5,3,0.42424242424242425,44,0,0,0.29463548439865034,1519.4032694499015,-3.96,31.464371865721937,13.774891255114209,7.568464588414802,0,0,2,3,2,11,160.3516999999997,nan,True,False,True,False,False,None,None
1R8,"(3S)-3-[(1R)-2-{[(4S)-6-ethyl-3,4-dihydrospiro[chromene-2,1'-cyclobutan]-4-yl]amino}-1-hydroxyethyl]-4-azabicyclo[10.3.1]hexadeca-1(16),12,14-trien-5-one",C31 H42 N2 O3,non-polymer,CCc1ccc2c(c1)[C@H](CC3(O2)CCC3)NC[C@H]([C@@H]4Cc5cccc(c5)CCCCCCC(=O)N4)O,CCc1ccc2c(c1)[C@@H](NC[C@@H](O)[C@@H]1Cc3cccc(c3)CCCCCCC(=O)N1)CC1(CCC1)O2,False,CCc1ccc2c(c1)[C@@H](NC[C@@H](O)[C@@H]1Cc3cccc(c3)CCCCCCC(=O)N1)CC1(CCC1)O2,"InChI=1S/C31H42N2O3/c1-2-22-13-14-29-25(18-22)27(20-31(36-29)15-8-16-31)32-21-28(34)26-19-24-11-7-10-23(17-24)9-5-3-4-6-12-30(35)33-26/h7,10-11,13-14,17-18,26-28,32,34H,2-6,8-9,12,15-16,19-21H2,1H3,(H,33,35)/t26-,27-,28+/m0/s1",NUISAGYICVEVAE-HZFUHODCSA-N,490.68800000000033,5.179900000000004,70.59,4,3,5,5,2,0.5806451612903226,36,0,0,0.5401636925513037,1047.8661999679282,-2.3699999999999997,25.286724577227858,11.350104594400994,5.948600085727514,1,2,3,2,1,5,143.26319999999993,nan,True,True,True,False,False,None,None
1W0,"(3aS,7aR)-7a-[3-(pyrimidin-5-yl)phenyl]-3a,6,7,7a-tetrahydro-4H-pyrano[4,3-d][1,3]oxazol-2-amine",C16 H16 N4 O2,non-polymer,c1cc(cc(c1)[C@]23CCOC[C@H]2OC(=N3)N)c4cncnc4,NC1=N[C@@]2(c3cccc(-c4cncnc4)c3)CCOC[C@H]2O1,False,NC1=N[C@@]2(c3cccc(-c4cncnc4)c3)CCOC[C@H]2O1,"InChI=1S/C16H16N4O2/c17-15-20-16(4-5-21-9-14(16)22-15)13-3-1-2-11(6-13)12-7-18-10-19-8-12/h1-3,6-8,10,14H,4-5,9H2,(H2,17,20)/t14-,16-/m1/s1",QBOAOWFKBWILHE-GDBMZVCRSA-N,296.33,1.4727000000000001,82.62,6,1,2,4,2,0.3125,22,0,0,0.9071522905626753,719.0955623941035,-2.4699999999999998,13.21084808360269,5.064914804917613,2.0337943692084903,0,0,2,2,1,6,81.07740000000003,nan,True,True,True,True,True,None,None
1R6,"(12S)-12-[(1R)-2-{[(4S)-6-ethyl-3,4-dihydrospiro[chromene-2,1'-cyclobutan]-4-yl]amino}-1-hydroxyethyl]-1,13-diazatricyclo[13.3.1.1~6,10~]icosa-6(20),7,9,15(19),16-pentaene-14,18-dione",C34 H41 N3 O4,non-polymer,CCc1ccc2c(c1)[C@H](CC3(O2)CCC3)NC[C@H]([C@@H]4Cc5cccc(c5)CCCCN6C=C(C=CC6=O)C(=O)N4)O,CCc1ccc2c(c1)[C@@H](NC[C@@H](O)[C@@H]1Cc3cccc(c3)CCCCn3cc(ccc3=O)C(=O)N1)CC1(CCC1)O2,False,CCc1ccc2c(c1)[C@@H](NC[C@@H](O)[C@@H]1Cc3cccc(c3)CCCCn3cc(ccc3=O)C(=O)N1)CC1(CCC1)O2,"InChI=1S/C34H41N3O4/c1-2-23-10-12-31-27(18-23)29(20-34(41-31)14-6-15-34)35-21-30(38)28-19-25-9-5-8-24(17-25)7-3-4-16-37-22-26(33(40)36-28)11-13-32(37)39/h5,8-13,17-18,22,28-30,35,38H,2-4,6-7,14-16,19-21H2,1H3,(H,36,40)/t28-,29-,30+/m0/s1",LCSGKLXXIKDHLA-OIFRRMEBSA-N,555.7190000000004,4.485100000000004,92.59,6,3,5,6,3,0.47058823529411764,41,0,0,0.4317396750855441,1460.3185445723468,-3.4199999999999995,27.735299746880457,11.824545888262067,6.114462944634388,1,4,3,3,1,7,159.43769999999975,nan,True,True,True,False,True,None,None
1W1,"2-[(3aR,7aR)-2-amino-7a-(2,4-difluorophenyl)-3a,6,7,7a-tetrahydro[1,3]oxazolo[5,4-c]pyridin-5(4H)-yl]pyridine-3-carbonitrile",C18 H15 F2 N5 O,non-polymer,c1cc(c(nc1)N2CC[C@]3([C@@H](C2)OC(=N3)N)c4ccc(cc4F)F)C#N,N#Cc1cccnc1N1CC[C@]2(c3ccc(F)cc3F)N=C(N)O[C@@H]2C1,False,N#Cc1cccnc1N1CC[C@]2(c3ccc(F)cc3F)N=C(N)O[C@@H]2C1,"InChI=1S/C18H15F2N5O/c19-12-3-4-13(14(20)8-12)18-5-7-25(10-15(18)26-17(22)24-18)16-11(9-21)2-1-6-23-16/h1-4,6,8,15H,5,7,10H2,(H2,22,24)/t15-,18-/m1/s1",RDCJBIHDYIOWEV-CRAIPNDOSA-N,355.348,2.05058,87.53,6,1,2,4,2,0.2777777777777778,26,0,0,0.8908107140155145,941.4189632959138,-3.209999999999999,16.268821771756578,5.948648814797415,2.438039226225019,0,0,2,2,1,8,90.31340000000003,nan,True,True,True,True,True,None,None
1W2,"2-[(3aS,7aR)-2-amino-3a-(2,4-difluorophenyl)-3a,6,7,7a-tetrahydro[1,3]oxazolo[4,5-c]pyridin-5(4H)-yl]pyridine-3-carbonitrile",C18 H15 F2 N5 O,non-polymer,c1cc(c(nc1)N2CC[C@@H]3[C@](C2)(N=C(O3)N)c4ccc(cc4F)F)C#N,N#Cc1cccnc1N1CC[C@H]2OC(N)=N[C@@]2(c2ccc(F)cc2F)C1,False,N#Cc1cccnc1N1CC[C@H]2OC(N)=N[C@@]2(c2ccc(F)cc2F)C1,"InChI=1S/C18H15F2N5O/c19-12-3-4-13(14(20)8-12)18-10-25(7-5-15(18)26-17(22)24-18)16-11(9-21)2-1-6-23-16/h1-4,6,8,15H,5,7,10H2,(H2,22,24)/t15-,18-/m1/s1",UKQSZNNDBLMQNX-CRAIPNDOSA-N,355.348,2.05058,87.53,6,1,2,4,2,0.2777777777777778,26,0,0,0.8908107140155145,941.4189632959138,-3.209999999999999,16.268821771756578,5.948648814797415,2.438039226225019,0,0,2,2,1,8,90.31340000000003,nan,True,True,True,True,True,None,None
1WP,"(3aR,7aR)-3a-[3-(5-chloropyridin-3-yl)phenyl]-3a,4,5,6,7,7a-hexahydro-1,3-benzoxazol-2-amine",C18 H18 Cl N3 O,non-polymer,c1cc(cc(c1)[C@]23CCCC[C@H]2OC(=N3)N)c4cc(cnc4)Cl,NC1=N[C@@]2(c3cccc(-c4cncc(Cl)c4)c3)CCCC[C@H]2O1,False,NC1=N[C@@]2(c3cccc(-c4cncc(Cl)c4)c3)CCCC[C@H]2O1,"InChI=1S/C18H18ClN3O/c19-15-9-13(10-21-11-15)12-4-3-5-14(8-12)18-7-2-1-6-16(18)23-17(20)22-18/h3-5,8-11,16H,1-2,6-7H2,(H2,20,22)/t16-,18-/m1/s1",NVRCQOQFKIFZLP-SJLPKXTDSA-N,327.81499999999994,3.884800000000002,60.5,4,1,2,4,2,0.3333333333333333,23,0,0,0.9100027339952065,776.3669443617505,-2.0699999999999994,14.517720418011233,5.532151847815538,2.470134067892279,0,0,2,2,1,5,91.32440000000003,nan,True,True,True,True,True,None,None
1YS,"(1R,3S,4S,5R)-3-{4-amino-3-fluoro-5-[(1,1,1,3,3,3-hexafluoropropan-2-yl)oxy]benzyl}-5-[(3-tert-butylbenzyl)amino]tetrahydro-2H-thiopyran-4-ol 1-oxide",C26 H31 F7 N2 O3 S,non-polymer,CC(C)(C)c1cccc(c1)CN[C@H]2C[S@](=O)C[C@H]([C@@H]2O)Cc3cc(c(c(c3)F)N)OC(C(F)(F)F)C(F)(F)F,CC(C)(C)c1cccc(CN[C@H]2C[S@](=O)C[C@@H](Cc3cc(F)c(N)c(OC(C(F)(F)F)C(F)(F)F)c3)[C@@H]2O)c1,False,CC(C)(C)c1cccc(CN[C@H]2C[S@](=O)C[C@@H](Cc3cc(F)c(N)c(OC(C(F)(F)F)C(F)(F)F)c3)[C@@H]2O)c1,"InChI=1S/C26H31F7N2O3S/c1-24(2,3)17-6-4-5-14(8-17)11-35-19-13-39(37)12-16(22(19)36)7-15-9-18(27)21(34)20(10-15)38-23(25(28,29)30)26(31,32)33/h4-6,8-10,16,19,22-23,35-36H,7,11-13,34H2,1-3H3/t16-,19+,22+,39-/m1/s1",SVZBUJIOBQPGEC-UDLQCLCKSA-N,584.5980000000003,5.017700000000004,84.58,5,3,7,3,2,0.5384615384615384,39,0,0,0.31471050663457656,1167.6069959952233,-2.379999999999999,31.15169135806774,11.617593545896192,8.072980563542027,0,0,1,2,1,13,134.18530000000004,nan,False,True,True,False,False,None,aniline
1YT,"(1R,3S,4S,5R)-3-(4-amino-3-fluoro-5-{[(2R)-1,1,1-trifluoro-3-methoxypropan-2-yl]oxy}benzyl)-5-[(3-tert-butylbenzyl)amino]tetrahydro-2H-thiopyran-4-ol 1-oxide",C27 H36 F4 N2 O4 S,non-polymer,CC(C)(C)c1cccc(c1)CN[C@H]2C[S@](=O)C[C@H]([C@@H]2O)Cc3cc(c(c(c3)F)N)O[C@H](COC)C(F)(F)F,COC[C@@H](Oc1cc(C[C@@H]2C[S@@](=O)C[C@H](NCc3cccc(C(C)(C)C)c3)[C@H]2O)cc(F)c1N)C(F)(F)F,False,COC[C@@H](Oc1cc(C[C@@H]2C[S@@](=O)C[C@H](NCc3cccc(C(C)(C)C)c3)[C@H]2O)cc(F)c1N)C(F)(F)F,"InChI=1S/C27H36F4N2O4S/c1-26(2,3)19-7-5-6-16(9-19)12-33-21-15-38(35)14-18(25(21)34)8-17-10-20(28)24(32)22(11-17)37-23(13-36-4)27(29,30)31/h5-7,9-11,18,21,23,25,33-34H,8,12-15,32H2,1-4H3/t18-,21+,23-,25+,38-/m1/s1",FIUDDEQHPBHZBI-XPLIUGCLSA-N,560.6540000000003,4.1018000000000026,93.81,6,3,9,3,2,0.5555555555555556,38,0,0,0.3159918731076783,1123.2320462092782,-2.2099999999999995,30.33309826711186,12.316493299859683,7.905689574467245,0,0,1,2,1,11,140.00629999999995,nan,True,True,True,False,True,None,aniline
1YU,"(1S,3S,4S,5R)-3-{4-amino-3-fluoro-5-[(1,1,1,3,3,3-hexafluoropropan-2-yl)oxy]benzyl}-5-[(3-tert-butylbenzyl)amino]tetrahydro-2H-thiopyran-4-ol 1-oxide",C26 H31 F7 N2 O3 S,non-polymer,CC(C)(C)c1cccc(c1)CN[C@H]2C[S@@](=O)C[C@H]([C@@H]2O)Cc3cc(c(c(c3)F)N)OC(C(F)(F)F)C(F)(F)F,CC(C)(C)c1cccc(CN[C@H]2C[S@@](=O)C[C@@H](Cc3cc(F)c(N)c(OC(C(F)(F)F)C(F)(F)F)c3)[C@@H]2O)c1,False,CC(C)(C)c1cccc(CN[C@H]2C[S@@](=O)C[C@@H](Cc3cc(F)c(N)c(OC(C(F)(F)F)C(F)(F)F)c3)[C@@H]2O)c1,"InChI=1S/C26H31F7N2O3S/c1-24(2,3)17-6-4-5-14(8-17)11-35-19-13-39(37)12-16(22(19)36)7-15-9-18(27)21(34)20(10-15)38-23(25(28,29)30)26(31,32)33/h4-6,8-10,16,19,22-23,35-36H,7,11-13,34H2,1-3H3/t16-,19+,22+,39+/m1/s1",SVZBUJIOBQPGEC-DAMLKHMOSA-N,584.5980000000003,5.017700000000004,84.58,5,3,7,3,2,0.5384615384615384,39,0,0,0.31471050663457656,1167.6069959952233,-2.379999999999999,31.15169135806774,11.617593545896192,8.072980563542027,0,0,1,2,1,13,134.18530000000004,nan,False,True,True,False,False,None,aniline
2EX,"(4R,4a'S,10a'S)-2-amino-8'-(2-fluoropyridin-3-yl)-1-methyl-3',4',4a',10a'-tetrahydro-1'H-spiro[imidazole-4,10'-pyrano[4,3-b]chromen]-5(1H)-one",C20 H19 F N4 O3,non-polymer,CN1C(=O)[C@@]2(c3cc(ccc3O[C@@H]4[C@@H]2COCC4)c5cccnc5F)N=C1N,CN1C(=O)[C@]2(N=C1N)c1cc(-c3cccnc3F)ccc1O[C@H]1CCOC[C@@H]12,False,CN1C(=O)[C@]2(N=C1N)c1cc(-c3cccnc3F)ccc1O[C@H]1CCOC[C@@H]12,"InChI=1S/C20H19FN4O3/c1-25-18(26)20(24-19(25)22)13-9-11(12-3-2-7-23-17(12)21)4-5-15(13)28-16-6-8-27-10-14(16)20/h2-5,7,9,14,16H,6,8,10H2,1H3,(H2,22,24)/t14-,16-,20-/m0/s1",DWEUDIDNAOSEBW-UVFQYZLESA-N,382.39500000000004,1.6672,90.04,6,1,1,5,2,0.35,28,0,0,0.7580268157997854,1010.6953619911507,-3.0,17.122473246135552,6.0,2.2082920055544535,1,0,3,2,1,8,99.04340000000006,nan,True,True,True,True,True,None,2-halo_pyridine
2X4,"(4R,4a'S,10a'S)-7'-(5-chloropyridin-3-yl)-3',4',4a',10a'-tetrahydro-1'H-spiro[1,3-oxazole-4,5'-pyrano[3,4-b]chromen]-2-amine",C19 H18 Cl N3 O3,non-polymer,c1cc2c(cc1c3cc(cnc3)Cl)[C@@]4(COC(=N4)N)[C@@H]5CCOC[C@H]5O2,NC1=N[C@@]2(CO1)c1cc(-c3cncc(Cl)c3)ccc1O[C@@H]1COCC[C@H]12,False,NC1=N[C@@]2(CO1)c1cc(-c3cncc(Cl)c3)ccc1O[C@@H]1COCC[C@H]12,"InChI=1S/C19H18ClN3O3/c20-13-5-12(7-22-8-13)11-1-2-16-15(6-11)19(10-25-18(21)23-19)14-3-4-24-9-17(14)26-16/h1-2,5-8,14,17H,3-4,9-10H2,(H2,21,23)/t14-,17-,19-/m1/s1",BGRWOLNAPSRJIS-LSBZLQRGSA-N,371.8240000000001,2.739700000000002,78.96000000000001,6,1,1,5,2,0.3684210526315789,26,0,0,0.8333993506145995,903.3481257998535,-2.31,15.906994869551598,5.857351546646822,2.3625662392770392,1,0,3,2,1,7,97.27740000000001,nan,True,True,True,True,True,None,None
2X5,"(4R,4a'R,10a'R)-7'-(5-chloropyridin-3-yl)-3',4',4a',10a'-tetrahydro-1'H-spiro[1,3-oxazole-4,5'-pyrano[3,4-b]chromen]-2-amine",C19 H18 Cl N3 O3,non-polymer,c1cc2c(cc1c3cc(cnc3)Cl)[C@@]4(COC(=N4)N)[C@H]5CCOC[C@@H]5O2,NC1=N[C@@]2(CO1)c1cc(-c3cncc(Cl)c3)ccc1O[C@H]1COCC[C@@H]12,False,NC1=N[C@@]2(CO1)c1cc(-c3cncc(Cl)c3)ccc1O[C@H]1COCC[C@@H]12,"InChI=1S/C19H18ClN3O3/c20-13-5-12(7-22-8-13)11-1-2-16-15(6-11)19(10-25-18(21)23-19)14-3-4-24-9-17(14)26-16/h1-2,5-8,14,17H,3-4,9-10H2,(H2,21,23)/t14-,17-,19+/m0/s1",BGRWOLNAPSRJIS-UCLAIMLFSA-N,371.8240000000001,2.739700000000002,78.96000000000001,6,1,1,5,2,0.3684210526315789,26,0,0,0.8333993506145995,903.3481257998535,-2.31,15.906994869551598,5.857351546646822,2.3625662392770392,1,0,3,2,1,7,97.27740000000001,nan,True,True,True,True,True,None,None
3J9,"(4R,4a'S,10a'R)-8'-(2-fluoropyridin-3-yl)-4a'-methyl-3',4',4a',10a'-tetrahydro-2'H-spiro[1,3-oxazole-4,10'-pyrano[3,2-b]chromen]-2-amine",C20 H20 F N3 O3,non-polymer,C[C@]12CCCO[C@@H]1[C@]3(COC(=N3)N)c4cc(ccc4O2)c5cccnc5F,C[C@]12CCCO[C@@H]1[C@]1(COC(N)=N1)c1cc(-c3cccnc3F)ccc1O2,False,C[C@]12CCCO[C@@H]1[C@]1(COC(N)=N1)c1cc(-c3cccnc3F)ccc1O2,"InChI=1S/C20H20FN3O3/c1-19-7-3-9-25-17(19)20(11-26-18(22)24-20)14-10-12(5-6-15(14)27-19)13-4-2-8-23-16(13)21/h2,4-6,8,10,17H,3,7,9,11H2,1H3,(H2,22,24)/t17-,19-,20-/m0/s1",DMNHLGOPJBTFQJ-IHPCNDPISA-N,369.3960000000001,2.758000000000001,78.96000000000001,6,1,1,5,2,0.4,27,0,0,0.7822387054285099,949.8192217853102,-2.6699999999999995,16.499790785793326,5.661359670478361,2.3414194449910757,1,0,3,2,1,7,96.89040000000004,nan,True,True,True,True,True,None,2-halo_pyridine
3KO,"(2E,5R)-5-(2-cyclohexylethyl)-5-{[(3R)-1-(cyclopentylacetyl)pyrrolidin-3-yl]methyl}-2-imino-3-methylimidazolidin-4-one",C24 H40 N4 O2,non-polymer,[H]/N=C/1\N[C@](C(=O)N1C)(CCC2CCCCC2)C[C@H]3CCN(C3)C(=O)CC4CCCC4,[H]/N=C1\N[C@](CCC2CCCCC2)(C[C@H]2CCN(C(=O)CC3CCCC3)C2)C(=O)N1C,False,[H]/N=C1\N[C@](CCC2CCCCC2)(C[C@H]2CCN(C(=O)CC3CCCC3)C2)C(=O)N1C,"InChI=1S/C24H40N4O2/c1-27-22(30)24(26-23(27)25,13-11-18-7-3-2-4-8-18)16-20-12-14-28(17-20)21(29)15-19-9-5-6-10-19/h18-20H,2-17H2,1H3,(H2,25,26)/t20-,24-/m1/s1",ZROUWOKUKKGJPH-HYBUGGRVSA-N,416.6100000000003,3.900970000000002,76.5,3,2,7,4,0,0.875,30,0,0,0.6607235678225828,687.0667810394834,-1.59,20.32035274766065,9.271346965214196,4.672615656666699,0,0,4,0,4,6,118.05140000000007,nan,True,True,True,True,True,None,imine_1
3KT,"(2E,5R)-5-(2-cyclohexylethyl)-5-{[(1S,3R)-3-(cyclopentylamino)cyclohexyl]methyl}-2-imino-3-methylimidazolidin-4-one",C24 H42 N4 O,non-polymer,[H]/N=C/1\N[C@](C(=O)N1C)(CCC2CCCCC2)C[C@H]3CCC[C@H](C3)NC4CCCC4,[H]/N=C1\N[C@](CCC2CCCCC2)(C[C@H]2CCC[C@@H](NC3CCCC3)C2)C(=O)N1C,False,[H]/N=C1\N[C@](CCC2CCCCC2)(C[C@H]2CCC[C@@H](NC3CCCC3)C2)C(=O)N1C,"InChI=1S/C24H42N4O/c1-28-22(29)24(27-23(28)25,15-14-18-8-3-2-4-9-18)17-19-10-7-13-21(16-19)26-20-11-5-6-12-20/h18-21,26H,2-17H2,1H3,(H2,25,27)/t19-,21+,24+/m0/s1",NOZCXTAZEGFFAQ-XZDHIHRUSA-N,402.62700000000024,4.563170000000003,68.22,3,3,7,4,0,0.9166666666666666,29,0,0,0.5844776118961134,614.327186034647,-1.1,19.839348080305815,9.3631669615662,4.975008725066444,0,0,4,0,4,5,117.92710000000008,nan,True,True,True,True,True,None,imine_1
3KU,"N-[(1R,3S)-3-{[(2E,4R)-4-(2-cyclohexylethyl)-2-imino-1-methyl-5-oxoimidazolidin-4-yl]methyl}cyclohexyl]pyridine-4-carboxamide",C25 H37 N5 O2,non-polymer,[H]/N=C/1\N[C@](C(=O)N1C)(CCC2CCCCC2)C[C@H]3CCC[C@H](C3)NC(=O)c4ccncc4,[H]/N=C1\N[C@](CCC2CCCCC2)(C[C@H]2CCC[C@@H](NC(=O)c3ccncc3)C2)C(=O)N1C,False,[H]/N=C1\N[C@](CCC2CCCCC2)(C[C@H]2CCC[C@@H](NC(=O)c3ccncc3)C2)C(=O)N1C,"InChI=1S/C25H37N5O2/c1-30-23(32)25(29-24(30)26,13-10-18-6-3-2-4-7-18)17-19-8-5-9-21(16-19)28-22(31)20-11-14-27-15-12-20/h11-12,14-15,18-19,21H,2-10,13,16-17H2,1H3,(H2,26,29)(H,28,31)/t19-,21+,25+/m0/s1",NAGJGYNUXJYJOV-PIBDYAPNSA-N,439.60400000000016,3.855970000000002,98.17999999999999,4,3,7,4,1,0.68,32,0,0,0.6008327959810789,857.613061432478,-2.44,21.40804118643995,10.006695539731458,5.130245313425551,0,0,3,1,3,7,124.23860000000006,nan,True,True,True,True,True,None,imine_1
779,"1-[(1R,3S)-3-{[(2E,4R)-4-(2-cyclohexylethyl)-2-imino-1-methyl-5-oxoimidazolidin-4-yl]methyl}cyclohexyl]-3-phenylurea",C26 H39 N5 O2,non-polymer,[H]/N=C/1\N[C@](C(=O)N1C)(CCC2CCCCC2)C[C@H]3CCC[C@H](C3)NC(=O)Nc4ccccc4,[H]/N=C1\N[C@](CCC2CCCCC2)(C[C@H]2CCC[C@@H](NC(=O)Nc3ccccc3)C2)C(=O)N1C,False,[H]/N=C1\N[C@](CCC2CCCCC2)(C[C@H]2CCC[C@@H](NC(=O)Nc3ccccc3)C2)C(=O)N1C,"InChI=1S/C26H39N5O2/c1-31-23(32)26(30-24(31)27,16-15-19-9-4-2-5-10-19)18-20-11-8-14-22(17-20)29-25(33)28-21-12-6-3-7-13-21/h3,6-7,12-13,19-20,22H,2,4-5,8-11,14-18H2,1H3,(H2,27,30)(H2,28,29,33)/t20-,22+,26+/m0/s1",CVMRAJSOLFSMNH-UNIVCBNLSA-N,453.63100000000014,4.852670000000003,97.32,3,4,7,4,1,0.6538461538461539,33,0,0,0.4748703364347939,873.20176678611,-2.5699999999999994,22.2335305315419,10.573961679670951,5.867874904445832,0,0,3,1,3,7,131.13180000000003,nan,True,True,True,True,True,None,imine_1
3KW,"(2E,5R)-5-(2-cyclohexylethyl)-2-imino-3-methyl-5-{[(1S,3R)-3-(quinolin-2-ylamino)cyclohexyl]methyl}imidazolidin-4-one",C28 H39 N5 O,non-polymer,[H]/N=C/1\N[C@](C(=O)N1C)(CCC2CCCCC2)C[C@H]3CCC[C@H](C3)Nc4ccc5ccccc5n4,[H]/N=C1\N[C@](CCC2CCCCC2)(C[C@H]2CCC[C@@H](Nc3ccc4ccccc4n3)C2)C(=O)N1C,False,[H]/N=C1\N[C@](CCC2CCCCC2)(C[C@H]2CCC[C@@H](Nc3ccc4ccccc4n3)C2)C(=O)N1C,"InChI=1S/C28H39N5O/c1-33-26(34)28(32-27(33)29,17-16-20-8-3-2-4-9-20)19-21-10-7-12-23(18-21)30-25-15-14-22-11-5-6-13-24(22)31-25/h5-6,11,13-15,20-21,23H,2-4,7-10,12,16-19H2,1H3,(H2,29,32)(H,30,31)/t21-,23+,28+/m0/s1",XBQKWFZOPAEITA-TWLCBMPQSA-N,461.65400000000017,5.691270000000005,81.11,4,3,7,5,2,0.6071428571428571,34,0,0,0.49461358226996427,1068.2486169280214,-2.6299999999999994,21.87346071208229,9.927355024783461,4.9122360627014245,0,0,3,2,3,6,137.90109999999993,nan,True,True,True,False,False,None,imine_1
3LL,"(5S)-7-(2-fluoropyridin-3-yl)-3-[(3-methyloxetan-3-yl)ethynyl]spiro[chromeno[2,3-b]pyridine-5,4'-[1,3]oxazol]-2'-amine",C25 H19 F N4 O3,non-polymer,CC1(COC1)C#Cc2cc3c(nc2)Oc4ccc(cc4[C@@]35COC(=N5)N)c6cccnc6F,CC1(C#Cc2cnc3c(c2)[C@]2(COC(N)=N2)c2cc(-c4cccnc4F)ccc2O3)COC1,False,CC1(C#Cc2cnc3c(c2)[C@]2(COC(N)=N2)c2cc(-c4cccnc4F)ccc2O3)COC1,"InChI=1S/C25H19FN4O3/c1-24(12-31-13-24)7-6-15-9-19-22(29-11-15)33-20-5-4-16(17-3-2-8-28-21(17)26)10-18(20)25(19)14-32-23(27)30-25/h2-5,8-11H,12-14H2,1H3,(H2,27,30)/t25-/m0/s1",GKKFBOARESVMBW-VWLOTQADSA-N,442.4500000000002,3.3649000000000013,91.85,7,1,1,6,3,0.24,33,0,0,0.45904449669733,1389.8847858230442,-3.9599999999999995,19.704867902695522,7.02038133882241,3.121946437067454,1,0,3,3,1,8,118.10040000000002,nan,True,True,True,True,True,None,2-halo_pyridine; triple_bond
3LN,"(4S)-2'-(2,2-dimethylpropoxy)-7'-(pyrimidin-5-yl)spiro[1,3-oxazole-4,9'-xanthen]-2-amine",C24 H24 N4 O3,non-polymer,CC(C)(C)COc1ccc2c(c1)[C@]3(COC(=N3)N)c4cc(ccc4O2)c5cncnc5,CC(C)(C)COc1ccc2c(c1)[C@]1(COC(N)=N1)c1cc(-c3cncnc3)ccc1O2,False,CC(C)(C)COc1ccc2c(c1)[C@]1(COC(N)=N1)c1cc(-c3cncnc3)ccc1O2,"InChI=1S/C24H24N4O3/c1-23(2,3)12-29-17-5-7-21-19(9-17)24(13-30-22(25)28-24)18-8-15(4-6-20(18)31-21)16-10-26-14-27-11-16/h4-11,14H,12-13H2,1-3H3,(H2,25,28)/t24-/m0/s1",CHZHWZAKWGFQNL-DEOSSOPVSA-N,416.4810000000001,4.262700000000002,91.85000000000001,7,1,3,5,3,0.2916666666666667,31,0,0,0.6857934911984014,1171.1870856223713,-3.6099999999999994,19.359234535239437,6.974077025395182,3.4567826863807403,1,0,2,3,0,7,117.28840000000001,nan,True,True,True,True,True,None,None
3LO,"(4S)-2'-(3,6-dihydro-2H-pyran-4-yl)-4'-fluoro-7'-(2-fluoropyridin-3-yl)spiro[1,3-oxazole-4,9'-xanthen]-2-amine",C25 H19 F2 N3 O3,non-polymer,c1cc(c(nc1)F)c2ccc3c(c2)[C@@]4(COC(=N4)N)c5cc(cc(c5O3)F)C6=CCOCC6,NC1=N[C@@]2(CO1)c1cc(-c3cccnc3F)ccc1Oc1c(F)cc(C3=CCOCC3)cc12,False,NC1=N[C@@]2(CO1)c1cc(-c3cccnc3F)ccc1Oc1c(F)cc(C3=CCOCC3)cc12,"InChI=1S/C25H19F2N3O3/c26-20-12-16(14-5-8-31-9-6-14)11-19-22(20)33-21-4-3-15(17-2-1-7-29-23(17)27)10-18(21)25(19)13-32-24(28)30-25/h1-5,7,10-12H,6,8-9,13H2,(H2,28,30)/t25-/m0/s1",UBJVRJGPVXTXQB-VWLOTQADSA-N,447.44100000000026,4.524700000000004,78.96000000000001,6,1,2,6,3,0.2,33,0,0,0.5844951230754141,1354.7189603304962,-3.779999999999999,19.871663301475895,7.382160967478668,3.0913822429633133,1,0,3,3,0,8,117.87240000000004,nan,True,True,True,True,True,None,2-halo_pyridine
3UX,"(4S,4a'R,10a'S)-2-amino-8'-(2-fluoropyridin-3-yl)-1,4a'-dimethyl-3',4',4a',10a'-tetrahydro-2'H-spiro[imidazole-4,10'-pyrano[3,2-b]chromen]-5(1H)-one",C21 H21 F N4 O3,non-polymer,C[C@@]12CCCO[C@H]1[C@@]3(c4cc(ccc4O2)c5cccnc5F)C(=O)N(C(=N3)N)C,CN1C(=O)[C@]2(N=C1N)c1cc(-c3cccnc3F)ccc1O[C@]1(C)CCCO[C@H]12,False,CN1C(=O)[C@]2(N=C1N)c1cc(-c3cccnc3F)ccc1O[C@]1(C)CCCO[C@H]12,"InChI=1S/C21H21FN4O3/c1-20-8-4-10-28-17(20)21(18(27)26(2)19(23)25-21)14-11-12(6-7-15(14)29-20)13-5-3-9-24-16(13)22/h3,5-7,9,11,17H,4,8,10H2,1-2H3,(H2,23,25)/t17-,20-,21+/m1/s1",RYCBSDWTFORSET-UIFIKXQLSA-N,396.42200000000014,2.1997999999999998,90.04,6,1,1,5,2,0.38095238095238093,29,0,0,0.7466816004721873,1057.9717685183437,-3.0000000000000004,18.055555555555557,5.99750104123282,2.351111111111111,1,0,3,2,1,8,103.70840000000004,nan,True,True,True,True,True,None,2-halo_pyridine
3UY,"(4R,4a'R,10a'S)-8'-(2-fluoropyridin-3-yl)-4a'-methyl-3',4',4a',10a'-tetrahydro-2'H-spiro[1,3-oxazole-4,10'-pyrano[3,2-b]chromen]-2-amine",C20 H20 F N3 O3,non-polymer,C[C@@]12CCCO[C@H]1[C@]3(COC(=N3)N)c4cc(ccc4O2)c5cccnc5F,C[C@@]12CCCO[C@H]1[C@]1(COC(N)=N1)c1cc(-c3cccnc3F)ccc1O2,False,C[C@@]12CCCO[C@H]1[C@]1(COC(N)=N1)c1cc(-c3cccnc3F)ccc1O2,"InChI=1S/C20H20FN3O3/c1-19-7-3-9-25-17(19)20(11-26-18(22)24-20)14-10-12(5-6-15(14)27-19)13-4-2-8-23-16(13)21/h2,4-6,8,10,17H,3,7,9,11H2,1H3,(H2,22,24)/t17-,19-,20+/m1/s1",DMNHLGOPJBTFQJ-RLLQIKCJSA-N,369.3960000000001,2.758000000000001,78.96000000000001,6,1,1,5,2,0.4,27,0,0,0.7822387054285099,949.8192217853102,-2.6699999999999995,16.499790785793326,5.661359670478361,2.3414194449910757,1,0,3,2,1,7,96.89040000000004,nan,True,True,True,True,True,None,2-halo_pyridine
3VO,"(4aR,8aS)-8a-(2,4-difluorophenyl)-4,4a,5,6,8,8a-hexahydropyrano[3,4-d][1,3]thiazin-2-amine",C13 H14 F2 N2 O S,non-polymer,c1cc(c(cc1F)F)[C@]23COCC[C@H]2CSC(=N3)N,NC1=N[C@@]2(c3ccc(F)cc3F)COCC[C@H]2CS1,False,NC1=N[C@@]2(c3ccc(F)cc3F)COCC[C@H]2CS1,"InChI=1S/C13H14F2N2OS/c14-9-1-2-10(11(15)5-9)13-7-18-4-3-8(13)6-19-12(16)17-13/h1-2,5,8H,3-4,6-7H2,(H2,16,17)/t8-,13-/m0/s1",CUNQNADGWRXYCV-SDBXPKJASA-N,284.33099999999996,2.2581,47.61,4,1,1,3,1,0.46153846153846156,19,0,0,0.8602197939738593,537.3745438444236,-1.1400000000000001,12.871765135404022,4.756465263886079,2.1246957106127424,0,0,2,1,1,6,71.04240000000001,nan,True,True,True,False,True,None,None
3UW,"(4S,4a'S,10a'R)-2-amino-8'-(2-fluoropyridin-3-yl)-1-methyl-3',4',4a',10a'-tetrahydro-2'H-spiro[imidazole-4,10'-pyrano[3,2-b]chromen]-5(1H)-one",C20 H19 F N4 O3,non-polymer,CN1C(=O)[C@@]2(c3cc(ccc3O[C@@H]4[C@@H]2OCCC4)c5cccnc5F)N=C1N,CN1C(=O)[C@]2(N=C1N)c1cc(-c3cccnc3F)ccc1O[C@H]1CCCO[C@@H]12,False,CN1C(=O)[C@]2(N=C1N)c1cc(-c3cccnc3F)ccc1O[C@H]1CCCO[C@@H]12,"InChI=1S/C20H19FN4O3/c1-25-18(26)20(24-19(25)22)13-10-11(12-4-2-8-23-17(12)21)6-7-14(13)28-15-5-3-9-27-16(15)20/h2,4,6-8,10,15-16H,3,5,9H2,1H3,(H2,22,24)/t15-,16-,20-/m0/s1",GZRDWAATBYKNGI-FTRWYGJKSA-N,382.39500000000004,1.8096999999999999,90.04,6,1,1,5,2,0.35,28,0,0,0.7600291060778406,1010.6953619911507,-3.0,17.122473246135552,6.0,2.2082920055544535,1,0,3,2,1,8,99.09140000000006,nan,True,True,True,True,True,None,2-halo_pyridine
3UT,"(5S)-3-(5,6-dihydro-2H-pyran-3-yl)-1-fluoro-7-(2-fluoropyridin-3-yl)spiro[chromeno[2,3-c]pyridine-5,4'-[1,3]oxazol]-2'-amine",C24 H18 F2 N4 O3,non-polymer,c1cc(c(nc1)F)c2ccc3c(c2)[C@@]4(COC(=N4)N)c5cc(nc(c5O3)F)C6=CCCOC6,NC1=N[C@@]2(CO1)c1cc(-c3cccnc3F)ccc1Oc1c2cc(C2=CCCOC2)nc1F,False,NC1=N[C@@]2(CO1)c1cc(-c3cccnc3F)ccc1Oc1c2cc(C2=CCCOC2)nc1F,"InChI=1S/C24H18F2N4O3/c25-21-15(4-1-7-28-21)13-5-6-19-16(9-13)24(12-32-23(27)30-24)17-10-18(14-3-2-8-31-11-14)29-22(26)20(17)33-19/h1,3-7,9-10H,2,8,11-12H2,(H2,27,30)/t24-/m0/s1",JAZOCUNZCUBRJX-DEOSSOPVSA-N,448.42900000000026,3.9197000000000024,91.85000000000001,7,1,2,6,3,0.20833333333333334,33,0,0,0.5978239449119426,1357.53115255972,-3.849999999999999,19.80678290377694,7.345333677295575,3.072698491433579,1,0,3,3,0,9,115.66740000000004,nan,True,True,True,True,True,None,2-halo_pyridine
3VP,"(4aR,6R,8aS)-8a-(2,4-difluorophenyl)-6-(fluoromethyl)-4,4a,5,6,8,8a-hexahydropyrano[3,4-d][1,3]thiazin-2-amine",C14 H15 F3 N2 O S,non-polymer,c1cc(c(cc1F)F)[C@]23CO[C@H](C[C@H]2CSC(=N3)N)CF,NC1=N[C@@]2(c3ccc(F)cc3F)CO[C@@H](CF)C[C@H]2CS1,False,NC1=N[C@@]2(c3ccc(F)cc3F)CO[C@@H](CF)C[C@H]2CS1,"InChI=1S/C14H15F3N2OS/c15-5-10-3-8-6-21-13(18)19-14(8,7-20-10)11-2-1-9(16)4-12(11)17/h1-2,4,8,10H,3,5-7H2,(H2,18,19)/t8-,10+,14-/m0/s1",HUZWRILIHNBINL-HNXYLICVSA-N,316.348,2.5962000000000005,47.61,4,1,2,3,1,0.5,21,0,0,0.9121690679662889,583.3375894090955,-1.2100000000000002,14.715834465203647,5.530900465324961,2.5263114202769925,0,0,2,1,1,7,75.93840000000002,nan,True,True,True,True,True,None,None
3WP,"(4S)-4-(2,4-difluorophenyl)-4-methyl-5,6-dihydro-4H-1,3-thiazin-2-amine",C11 H12 F2 N2 S,non-polymer,C[C@]1(CCSC(=N1)N)c2ccc(cc2F)F,C[C@@]1(c2ccc(F)cc2F)CCSC(N)=N1,False,C[C@@]1(c2ccc(F)cc2F)CCSC(N)=N1,"InChI=1S/C11H12F2N2S/c1-11(4-5-16-10(14)15-11)8-3-2-7(12)6-9(8)13/h2-3,6H,4-5H2,1H3,(H2,14,15)/t11-/m0/s1",JRYNZJXSUKTLGF-NSHDSACASA-N,242.29399999999998,2.6316000000000006,38.379999999999995,3,1,1,2,1,0.36363636363636365,16,0,0,0.8217664850389208,447.610744963989,-1.1,11.387322495154464,4.0494721731062135,2.0433429156273424,0,0,1,1,0,5,62.40740000000001,nan,True,True,True,False,True,None,None
3YS,"N-{3-[(4aS,7aS)-2-amino-4a,5-dihydro-4H-furo[3,4-d][1,3]thiazin-7a(7H)-yl]-4-fluorophenyl}-5-fluoropyridine-2-carboxamide",C18 H16 F2 N4 O2 S,non-polymer,c1cc(c(cc1NC(=O)c2ccc(cn2)F)[C@]34COC[C@H]3CSC(=N4)N)F,NC1=N[C@@]2(c3cc(NC(=O)c4ccc(F)cn4)ccc3F)COC[C@H]2CS1,False,NC1=N[C@@]2(c3cc(NC(=O)c4ccc(F)cn4)ccc3F)COC[C@H]2CS1,"InChI=1S/C18H16F2N4O2S/c19-11-1-4-15(22-6-11)16(25)23-12-2-3-14(20)13(5-12)18-9-26-7-10(18)8-27-17(21)24-18/h1-6,10H,7-9H2,(H2,21,24)(H,23,25)/t10-,18-/m0/s1",NIDRNVHMMDAAIK-YPMLDQLKSA-N,390.41500000000013,2.5153,89.6,6,2,3,4,2,0.2777777777777778,27,0,0,0.8406613354951707,922.0776843675336,-2.5199999999999996,17.87204057893633,6.8962533976709395,3.2789374174624406,0,0,2,2,1,9,98.61560000000003,nan,True,True,True,True,True,None,None
SI5,"(4aR,6R,8aS)-8a-(2,4-difluorophenyl)-6-(1-methyl-1H-pyrazol-4-yl)-4,4a,5,6,8,8a-hexahydropyrano[3,4-d][1,3]thiazin-2-amine",C17 H18 F2 N4 O S,non-polymer,Cn1cc(cn1)[C@H]2C[C@H]3CSC(=N[C@]3(CO2)c4ccc(cc4F)F)N,Cn1cc([C@H]2C[C@H]3CSC(N)=N[C@@]3(c3ccc(F)cc3F)CO2)cn1,False,Cn1cc([C@H]2C[C@H]3CSC(N)=N[C@@]3(c3ccc(F)cc3F)CO2)cn1,"InChI=1S/C17H18F2N4OS/c1-23-7-10(6-21-23)15-4-11-8-25-16(20)22-17(11,9-24-15)13-3-2-12(18)5-14(13)19/h2-3,5-7,11,15H,4,8-9H2,1H3,(H2,20,22)/t11-,15+,17-/m0/s1",JYDYMWJEZLKIBS-CXMBCZLWSA-N,364.421,2.7329000000000008,65.42999999999999,6,1,2,4,2,0.4117647058823529,25,0,0,0.889908745021431,839.8053818868002,-1.93,16.533705532109487,6.102288267182044,2.8277171507411194,0,0,2,2,1,8,92.12440000000004,nan,True,True,True,True,True,None,None
43K,"(5S)-7-(2-fluoropyridin-3-yl)-3-(2-fluoropyridin-4-yl)spiro[chromeno[2,3-c]pyridine-5,4'-[1,3]oxazol]-2'-amine",C24 H15 F2 N5 O2,non-polymer,c1cc(c(nc1)F)c2ccc3c(c2)[C@@]4(COC(=N4)N)c5cc(ncc5O3)c6ccnc(c6)F,NC1=N[C@@]2(CO1)c1cc(-c3cccnc3F)ccc1Oc1cnc(-c3ccnc(F)c3)cc12,False,NC1=N[C@@]2(CO1)c1cc(-c3cccnc3F)ccc1Oc1cnc(-c3ccnc(F)c3)cc12,"InChI=1S/C24H15F2N5O2/c25-21-9-14(5-7-28-21)18-10-17-20(11-30-18)33-19-4-3-13(15-2-1-6-29-22(15)26)8-16(19)24(17)12-32-23(27)31-24/h1-11H,12H2,(H2,27,31)/t24-/m0/s1",LEFDLEYZSDTVMO-DEOSSOPVSA-N,443.4130000000001,4.178000000000003,95.51,7,1,2,6,4,0.08333333333333333,33,0,0,0.46727174567494856,1458.7259148165,-4.3999999999999995,19.297704081632656,7.058312249707239,3.003762355191838,1,0,2,4,0,9,115.4854,nan,True,True,True,True,True,None,2-halo_pyridine
4B2,"(4S)-4-[2,4-difluoro-5-(pyrimidin-5-yl)phenyl]-4-methyl-5,6-dihydro-4H-1,3-thiazin-2-amine",C15 H14 F2 N4 S,non-polymer,C[C@]1(CCSC(=N1)N)c2cc(c(cc2F)F)c3cncnc3,C[C@@]1(c2cc(-c3cncnc3)c(F)cc2F)CCSC(N)=N1,False,C[C@@]1(c2cc(-c3cncnc3)c(F)cc2F)CCSC(N)=N1,"InChI=1S/C15H14F2N4S/c1-15(2-3-22-14(18)21-15)11-4-10(12(16)5-13(11)17)9-6-19-8-20-7-9/h4-8H,2-3H2,1H3,(H2,18,21)/t15-/m0/s1",MJQMRGWYPNIERM-HNNXBMFYSA-N,320.368,3.0886000000000005,64.16,5,1,2,3,2,0.26666666666666666,22,0,0,0.9233400368507458,735.822348092953,-2.02,14.898156219443436,5.641236149883736,2.6801222805603695,0,0,1,2,0,7,83.4334,nan,True,True,True,True,True,None,None
4QA,"4-(cyclohexylamino)-1-(3-fluorophenyl)-8-[3-(propan-2-yloxy)benzyl]-1,3,8-triazaspiro[4.5]dec-3-en-2-one",C29 H37 F N4 O2,non-polymer,CC(C)Oc1cccc(c1)CN2CCC3(CC2)C(=NC(=O)N3c4cccc(c4)F)NC5CCCCC5,CC(C)Oc1cccc(CN2CCC3(CC2)C(NC2CCCCC2)=NC(=O)N3c2cccc(F)c2)c1,False,CC(C)Oc1cccc(CN2CCC3(CC2)C(NC2CCCCC2)=NC(=O)N3c2cccc(F)c2)c1,"InChI=1S/C29H37FN4O2/c1-21(2)36-26-13-6-8-22(18-26)20-33-16-14-29(15-17-33)27(31-24-10-4-3-5-11-24)32-28(35)34(29)25-12-7-9-23(30)19-25/h6-9,12-13,18-19,21,24H,3-5,10-11,14-17,20H2,1-2H3,(H,31,32,35)",KZMSAJWZLCSCQP-UHFFFAOYSA-N,492.63900000000024,5.908500000000006,57.17,4,1,6,5,2,0.5172413793103449,36,0,0,0.5448252855436818,1103.95793946304,-2.9299999999999993,24.75066902787245,10.589335965485152,5.261746183982622,1,0,3,2,2,7,141.1666999999999,nan,True,True,False,False,False,None,None
4QF,"(5R,7S)-8-benzyl-4-(cyclohexylamino)-1-(3-fluorophenyl)-7-methyl-1,3,8-triazaspiro[4.5]dec-3-en-2-one",C27 H33 F N4 O,non-polymer,C[C@H]1C[C@]2(CCN1Cc3ccccc3)C(=NC(=O)N2c4cccc(c4)F)NC5CCCCC5,C[C@H]1C[C@]2(CCN1Cc1ccccc1)C(NC1CCCCC1)=NC(=O)N2c1cccc(F)c1,False,C[C@H]1C[C@]2(CCN1Cc1ccccc1)C(NC1CCCCC1)=NC(=O)N2c1cccc(F)c1,"InChI=1S/C27H33FN4O/c1-20-18-27(15-16-31(20)19-21-9-4-2-5-10-21)25(29-23-12-6-3-7-13-23)30-26(33)32(27)24-14-8-11-22(28)17-24/h2,4-5,8-11,14,17,20,23H,3,6-7,12-13,15-16,18-19H2,1H3,(H,29,30,33)/t20-,27+/m0/s1",YNODVOARUZZRMG-CCLHPLFOSA-N,448.5860000000003,5.509800000000006,47.940000000000005,3,1,4,5,2,0.48148148148148145,33,0,0,0.6709560136181565,1019.7912399322971,-2.7299999999999995,22.081555176970937,9.256708100110606,4.408116778987973,1,0,3,2,2,6,129.99770000000004,nan,True,True,True,True,False,None,None
4QD,"8-(3-{[(2S)-1-aminopropan-2-yl]oxy}benzyl)-4-(cyclohexylamino)-1-(3-fluorophenyl)-1,3,8-triazaspiro[4.5]dec-3-en-2-one",C29 H38 F N5 O2,non-polymer,C[C@@H](CN)Oc1cccc(c1)CN2CCC3(CC2)C(=NC(=O)N3c4cccc(c4)F)NC5CCCCC5,C[C@@H](CN)Oc1cccc(CN2CCC3(CC2)C(NC2CCCCC2)=NC(=O)N3c2cccc(F)c2)c1,False,C[C@@H](CN)Oc1cccc(CN2CCC3(CC2)C(NC2CCCCC2)=NC(=O)N3c2cccc(F)c2)c1,"InChI=1S/C29H38FN5O2/c1-21(19-31)37-26-12-5-7-22(17-26)20-34-15-13-29(14-16-34)27(32-24-9-3-2-4-10-24)33-28(36)35(29)25-11-6-8-23(30)18-25/h5-8,11-12,17-18,21,24H,2-4,9-10,13-16,19-20,31H2,1H3,(H,32,33,36)/t21-/m0/s1",GJCCGBZILLQLCV-NRFANRHFSA-N,507.6540000000002,4.847300000000005,83.19,5,2,7,5,2,0.5172413793103449,37,0,0,0.5600383894628793,1124.785011258984,-2.9699999999999993,25.670034104025024,11.18982837108426,5.6493987818706985,1,0,3,2,2,8,144.54709999999986,nan,True,True,True,False,True,None,None
4RW,"(4aS,8aR)-4a,5,6,7,8,8a-hexahydro-4H-3,1-benzothiazin-2-amine",C8 H14 N2 S,non-polymer,C1CC[C@@H]2[C@H](C1)CSC(=N2)N,NC1=N[C@@H]2CCCC[C@@H]2CS1,False,NC1=N[C@@H]2CCCC[C@@H]2CS1,"InChI=1S/C8H14N2S/c9-8-10-7-4-2-1-3-6(7)5-11-8/h6-7H,1-5H2,(H2,9,10)/t6-,7-/m1/s1",SZAFVQHJBWFBIQ-RNFRBKRXSA-N,170.281,1.6067,38.379999999999995,3,1,0,2,0,0.875,11,0,0,0.5995063780517171,178.93087160050476,-0.18000000000000005,7.46818870765945,3.052359620957006,1.5286839069282472,0,0,2,0,1,3,49.82640000000002,nan,True,True,True,False,False,None,None
4RZ,"N-[(4aS,6S,8aR)-2-amino-4a,5,6,7,8,8a-hexahydro-4H-3,1-benzothiazin-6-yl]-3-chlorobenzamide",C15 H18 Cl N3 O S,non-polymer,c1cc(cc(c1)Cl)C(=O)N[C@H]2CC[C@@H]3[C@H](C2)CSC(=N3)N,NC1=N[C@@H]2CC[C@H](NC(=O)c3cccc(Cl)c3)C[C@@H]2CS1,False,NC1=N[C@@H]2CC[C@H](NC(=O)c3cccc(Cl)c3)C[C@@H]2CS1,"InChI=1S/C15H18ClN3OS/c16-11-3-1-2-9(6-11)14(20)18-12-4-5-13-10(7-12)8-21-15(17)19-13/h1-3,6,10,12-13H,4-5,7-8H2,(H2,17,19)(H,18,20)/t10-,12+,13-/m1/s1",TUSBLKXHGGIFCU-KGYLQXTDSA-N,323.849,2.6685999999999996,67.48,4,2,2,3,1,0.4666666666666667,21,0,0,0.8789244133351821,577.7920868859376,-1.2,14.725427152596582,6.279085849215719,3.5246253586991187,0,0,2,1,1,6,87.91560000000003,nan,True,True,True,True,True,None,None
4RX,"N-[(4S,4aS,6S,8aR)-10-aminohexahydro-3H-4,8a-(epithiomethenoazeno)isochromen-6(1H)-yl]-3-chlorobenzamide",C17 H20 Cl N3 O2 S,non-polymer,c1cc(cc(c1)Cl)C(=O)N[C@H]2CC[C@]34COC[C@H]([C@H]3C2)SC(=N4)N,NC1=N[C@]23CC[C@H](NC(=O)c4cccc(Cl)c4)C[C@@H]2[C@@H](COC3)S1,False,NC1=N[C@]23CC[C@H](NC(=O)c4cccc(Cl)c4)C[C@@H]2[C@@H](COC3)S1,"InChI=1S/C17H20ClN3O2S/c18-11-3-1-2-10(6-11)15(22)20-12-4-5-17-9-23-8-14(13(17)7-12)24-16(19)21-17/h1-3,6,12-14H,4-5,7-9H2,(H2,19,21)(H,20,22)/t12-,13+,14+,17-/m0/s1",SLYXQQNGVHPIRQ-CFAJVAMVSA-N,365.886,2.4375999999999998,76.71,5,2,2,4,1,0.5294117647058824,24,0,0,0.8434818316370317,698.1681572848549,-1.24,16.240459858801746,6.242320351963502,2.912001912906429,0,2,3,1,2,7,96.59860000000003,nan,True,True,True,True,True,None,None
4RY,"N-[(4aS,6S,8aR)-2-amino-5,6,7,8-tetrahydro-4a,8a-(methanooxymethano)-3,1-benzothiazin-6(4H)-yl]-3-chlorobenzamide",C17 H20 Cl N3 O2 S,non-polymer,c1cc(cc(c1)Cl)C(=O)N[C@H]2CC[C@]34COC[C@@]3(C2)CSC(=N4)N,NC1=N[C@]23CC[C@H](NC(=O)c4cccc(Cl)c4)C[C@]2(COC3)CS1,False,NC1=N[C@]23CC[C@H](NC(=O)c4cccc(Cl)c4)C[C@]2(COC3)CS1,"InChI=1S/C17H20ClN3O2S/c18-12-3-1-2-11(6-12)14(22)20-13-4-5-17-9-23-8-16(17,7-13)10-24-15(19)21-17/h1-3,6,13H,4-5,7-10H2,(H2,19,21)(H,20,22)/t13-,16-,17-/m0/s1",XDMHBNONUZHFDP-JQFCIGGWSA-N,365.8860000000001,2.4391999999999996,76.71,5,2,2,4,1,0.5294117647058824,24,0,0,0.8434898373065656,712.8309996171675,-1.24,16.240459858801746,5.93226902663466,2.6070880531237592,0,0,3,1,2,7,96.62060000000004,nan,True,True,True,True,True,None,None
52K,"N-{3-[(3R)-5-amino-3-methyl-3,6-dihydro-2H-1,4-oxazin-3-yl]phenyl}-5-chloropyridine-2-carboxamide",C17 H17 Cl N4 O2,non-polymer,C[C@]1(COCC(=N1)N)c2cccc(c2)NC(=O)c3ccc(cn3)Cl,C[C@@]1(c2cccc(NC(=O)c3ccc(Cl)cn3)c2)COCC(N)=N1,False,C[C@@]1(c2cccc(NC(=O)c3ccc(Cl)cn3)c2)COCC(N)=N1,"InChI=1S/C17H17ClN4O2/c1-17(10-24-9-15(19)22-17)11-3-2-4-13(7-11)21-16(23)14-6-5-12(18)8-20-14/h2-8H,9-10H2,1H3,(H2,19,22)(H,21,23)/t17-/m0/s1",ZZUPAAPYPBQGKS-KRWDZBQOSA-N,344.802,2.5899,89.60000000000001,5,2,3,3,2,0.23529411764705882,24,0,0,0.8951021569995936,791.4324810170726,-2.44,16.418913124313605,6.585872878086417,3.5509867520686442,0,0,1,2,0,7,93.43560000000002,nan,True,True,True,True,True,None,None
5E7,"N-[(2S,3R)-3-hydroxy-4-({(2S,3S)-3-hydroxy-1-[(2-methylpropyl)amino]-1-oxobutan-2-yl}amino)-1-phenylbutan-2-yl]-5-[methyl(methylsulfonyl)amino]-N'-[(1R)-1-phenylethyl]benzene-1,3-dicarboxamide",C36 H49 N5 O7 S,non-polymer,C[C@H](c1ccccc1)NC(=O)c2cc(cc(c2)N(C)S(=O)(=O)C)C(=O)N[C@@H](Cc3ccccc3)[C@@H](CN[C@@H]([C@H](C)O)C(=O)NCC(C)C)O,CC(C)CNC(=O)[C@@H](NC[C@@H](O)[C@H](Cc1ccccc1)NC(=O)c1cc(C(=O)N[C@H](C)c2ccccc2)cc(N(C)S(C)(=O)=O)c1)[C@H](C)O,False,CC(C)CNC(=O)[C@@H](NC[C@@H](O)[C@H](Cc1ccccc1)NC(=O)c1cc(C(=O)N[C@H](C)c2ccccc2)cc(N(C)S(C)(=O)=O)c1)[C@H](C)O,"InChI=1S/C36H49N5O7S/c1-23(2)21-38-36(46)33(25(4)42)37-22-32(43)31(17-26-13-9-7-10-14-26)40-35(45)29-18-28(19-30(20-29)41(5)49(6,47)48)34(44)39-24(3)27-15-11-8-12-16-27/h7-16,18-20,23-25,31-33,37,42-43H,17,21-22H2,1-6H3,(H,38,46)(H,39,44)(H,40,45)/t24-,25+,31+,32-,33+/m1/s1",ZIEVAMMZKBNDFB-AAZBAGLXSA-N,695.8830000000002,2.386600000000002,177.17000000000002,8,6,17,3,3,0.4166666666666667,49,0,0,0.12476184584388401,1652.6893660989388,-4.3,39.14142528967532,17.909584862741045,11.962911891991457,0,0,0,3,0,13,190.73819999999952,nan,False,False,False,False,False,None,None
5T5,"[(1~{R},2~{R})-2-[(4~{S})-2-azanyl-4-[4-[bis(fluoranyl)methoxy]phenyl]-5~{H}-1,3-oxazol-4-yl]cyclopropyl]-(5-chloranylpyridin-3-yl)methanone",C19 H16 Cl F2 N3 O3,non-polymer,c1cc(ccc1[C@]2(COC(=N2)N)[C@@H]3C[C@H]3C(=O)c4cc(cnc4)Cl)OC(F)F,NC1=N[C@](c2ccc(OC(F)F)cc2)([C@@H]2C[C@H]2C(=O)c2cncc(Cl)c2)CO1,False,NC1=N[C@](c2ccc(OC(F)F)cc2)([C@@H]2C[C@H]2C(=O)c2cncc(Cl)c2)CO1,"InChI=1S/C19H16ClF2N3O3/c20-12-5-10(7-24-8-12)16(26)14-6-15(14)19(9-27-18(23)25-19)11-1-3-13(4-2-11)28-17(21)22/h1-5,7-8,14-15,17H,6,9H2,(H2,23,25)/t14-,15-,19-/m1/s1",AVRZQFKBYKMVDH-SPYBWZPUSA-N,407.804,3.395600000000001,86.80000000000001,6,1,6,4,2,0.3157894736842105,28,0,0,0.741499233997812,938.2760236889922,-2.7399999999999993,18.615325060140673,7.013538528554354,3.3956198977346137,0,0,2,2,1,9,97.50090000000002,nan,True,True,True,True,True,None,None
5T6,"(4~{S})-4-[4-[bis(fluoranyl)methoxy]-3-methyl-phenyl]-4-[3-(5-chloranylpyridin-3-yl)phenyl]-5~{H}-1,3-oxazol-2-amine",C22 H18 Cl F2 N3 O2,non-polymer,Cc1cc(ccc1OC(F)F)[C@]2(COC(=N2)N)c3cccc(c3)c4cc(cnc4)Cl,Cc1cc([C@@]2(c3cccc(-c4cncc(Cl)c4)c3)COC(N)=N2)ccc1OC(F)F,False,Cc1cc([C@@]2(c3cccc(-c4cncc(Cl)c4)c3)COC(N)=N2)ccc1OC(F)F,"InChI=1S/C22H18ClF2N3O2/c1-13-7-17(5-6-19(13)30-20(24)25)22(12-29-21(26)28-22)16-4-2-3-14(8-16)15-9-18(23)11-27-10-15/h2-11,20H,12H2,1H3,(H2,26,28)/t22-/m0/s1",UQLVXWKMSVKVGL-QFIPXVFZSA-N,429.85400000000004,4.9003200000000025,69.73,5,1,5,4,3,0.18181818181818182,30,0,0,0.6258763829534975,1123.0417146850082,-3.189999999999999,20.097816238840622,7.912097770940023,3.8036062141520333,0,0,1,3,0,8,110.84840000000001,nan,True,True,True,True,True,None,None
5T8,"(5~{R})-5-[3-[(3-chloranylquinolin-8-yl)amino]phenyl]-5-methyl-2,6-dihydro-1,4-oxazin-3-amine",C20 H19 Cl N4 O,non-polymer,C[C@]1(COCC(=N1)N)c2cccc(c2)Nc3cccc4c3ncc(c4)Cl,C[C@@]1(c2cccc(Nc3cccc4cc(Cl)cnc34)c2)COCC(N)=N1,False,C[C@@]1(c2cccc(Nc3cccc4cc(Cl)cnc34)c2)COCC(N)=N1,"InChI=1S/C20H19ClN4O/c1-20(12-26-11-18(22)25-20)14-5-3-6-16(9-14)24-17-7-2-4-13-8-15(21)10-23-19(13)17/h2-10,24H,11-12H2,1H3,(H2,22,25)/t20-/m0/s1",MISZEAYFRRVHET-FQEVSTJZSA-N,366.8520000000001,4.234400000000002,72.53,5,2,3,4,3,0.2,26,0,0,0.7269692020573099,1004.0226698309731,-2.6299999999999994,16.817847922471973,6.590892054687337,3.233117083541636,0,0,1,3,0,6,106.27110000000002,nan,True,True,True,True,True,None,None
5T7,"(1~{R},2~{R})-2-[(4~{R})-2-azanyl-5,5-bis(fluoranyl)-4-methyl-6~{H}-1,3-oxazin-4-yl]-~{N}-(3-chloranylquinolin-8-yl)cyclopropane-1-carboxamide",C18 H17 Cl F2 N4 O2,non-polymer,C[C@]1(C(COC(=N1)N)(F)F)[C@@H]2C[C@H]2C(=O)Nc3cccc4c3ncc(c4)Cl,C[C@]1([C@@H]2C[C@H]2C(=O)Nc2cccc3cc(Cl)cnc23)N=C(N)OCC1(F)F,False,C[C@]1([C@@H]2C[C@H]2C(=O)Nc2cccc3cc(Cl)cnc23)N=C(N)OCC1(F)F,"InChI=1S/C18H17ClF2N4O2/c1-17(18(20,21)8-27-16(22)25-17)12-6-11(12)15(26)24-13-4-2-3-9-5-10(19)7-23-14(9)13/h2-5,7,11-12H,6,8H2,1H3,(H2,22,25)(H,24,26)/t11-,12-,17-/m1/s1",FPQSTKSVKJAHKE-PSTGCABASA-N,394.8090000000001,3.2017000000000015,89.60000000000001,5,2,3,4,2,0.3888888888888889,27,0,0,0.8360912606875567,967.5272080559473,-2.479999999999999,17.910109518658732,6.018160674023969,2.973883920322178,0,0,2,2,1,9,97.90610000000001,nan,True,True,True,True,True,None,None
60Y,"3-{5-[(2E,4aR,7aR)-6-(5-fluoropyrimidin-2-yl)-2-imino-3-methyl-4-oxooctahydro-7aH-pyrrolo[3,4-d]pyrimidin-7a-yl]thiophen-3-yl}benzonitrile",C22 H18 F N7 O S,non-polymer,[H]/N=C/1\N[C@]2(CN(C[C@H]2C(=O)N1C)c3ncc(cn3)F)c4cc(cs4)c5cccc(c5)C#N,[H]/N=C1\N[C@@]2(c3cc(-c4cccc(C#N)c4)cs3)CN(c3ncc(F)cn3)C[C@H]2C(=O)N1C,False,[H]/N=C1\N[C@@]2(c3cc(-c4cccc(C#N)c4)cs3)CN(c3ncc(F)cn3)C[C@H]2C(=O)N1C,"InChI=1S/C22H18FN7OS/c1-29-19(31)17-10-30(21-26-8-16(23)9-27-21)12-22(17,28-20(29)25)18-6-15(11-32-18)14-4-2-3-13(5-14)7-24/h2-6,8-9,11,17H,10,12H2,1H3,(H2,25,28)/t17-,22-/m0/s1",PTLJUNIICOHEHE-JTSKRJEESA-N,447.4990000000002,2.5439500000000006,109.0,7,2,3,5,3,0.22727272727272727,32,0,0,0.6387717084665276,1304.5732094264804,-3.839999999999999,18.89135624911784,7.387375746892239,3.093938092950553,0,0,2,3,2,10,117.4734,nan,True,True,True,True,True,None,imine_1
60V,"5-[(2E,4aR,7aR)-6-(5-fluoro-4-methoxy-6-methylpyrimidin-2-yl)-2-imino-3-methyl-4-oxooctahydro-7aH-pyrrolo[3,4-d]pyrimidin-7a-yl]thiophene-2-carbonitrile",C18 H18 F N7 O2 S,non-polymer,[H]/N=C/1\N[C@]2(CN(C[C@H]2C(=O)N1C)c3nc(c(c(n3)OC)F)C)c4ccc(s4)C#N,[H]/N=C1\N[C@@]2(c3ccc(C#N)s3)CN(c3nc(C)c(F)c(OC)n3)C[C@H]2C(=O)N1C,False,[H]/N=C1\N[C@@]2(c3ccc(C#N)s3)CN(c3nc(C)c(F)c(OC)n3)C[C@H]2C(=O)N1C,"InChI=1S/C18H18FN7O2S/c1-9-13(19)14(28-3)23-17(22-9)26-7-11-15(27)25(2)16(21)24-18(11,8-26)12-5-4-10(6-20)29-12/h4-5,11H,7-8H2,1-3H3,(H2,21,24)/t11-,18-/m0/s1",ZPAVWCJTQRQRQL-VOJFVSQTSA-N,415.4540000000001,1.1939699999999995,118.23000000000002,8,2,3,4,2,0.3888888888888889,29,0,0,0.7730682801946123,1100.6894293739194,-3.26,17.812546241377298,6.664518901056503,2.7879837067848916,0,0,2,2,2,11,103.32640000000002,nan,True,True,True,True,True,None,imine_1
60W,"3-{5-[(2E,4aR,7aR)-6-(5-fluoro-4-methoxypyrimidin-2-yl)-2-imino-3-methyl-4-oxooctahydro-7aH-pyrrolo[3,4-d]pyrimidin-7a-yl]thiophen-3-yl}benzonitrile",C23 H20 F N7 O2 S,non-polymer,[H]/N=C/1\N[C@]2(CN(C[C@H]2C(=O)N1C)c3ncc(c(n3)OC)F)c4cc(cs4)c5cccc(c5)C#N,[H]/N=C1\N[C@@]2(c3cc(-c4cccc(C#N)c4)cs3)CN(c3ncc(F)c(OC)n3)C[C@H]2C(=O)N1C,False,[H]/N=C1\N[C@@]2(c3cc(-c4cccc(C#N)c4)cs3)CN(c3ncc(F)c(OC)n3)C[C@H]2C(=O)N1C,"InChI=1S/C23H20FN7O2S/c1-30-20(32)16-10-31(22-27-9-17(24)19(28-22)33-2)12-23(16,29-21(30)26)18-7-15(11-34-18)14-5-3-4-13(6-14)8-25/h3-7,9,11,16H,10,12H2,1-2H3,(H2,26,29)/t16-,23-/m0/s1",UKGROMSNWKWCLS-HJPURHCSSA-N,477.5250000000002,2.55255,118.23000000000002,8,2,4,5,3,0.2608695652173913,34,0,0,0.592871749451505,1390.1845291587813,-4.039999999999999,20.558720211133746,8.071921669207109,3.3437460159674566,0,0,2,3,2,11,124.0254,nan,True,True,True,True,True,None,imine_1
60U,"5-[(2E,4aR,7aR)-6-(4-ethoxy-5-fluoro-6-methylpyrimidin-2-yl)-2-imino-3-methyl-4-oxooctahydro-7aH-pyrrolo[3,4-d]pyrimidin-7a-yl]thiophene-2-carbonitrile",C19 H20 F N7 O2 S,non-polymer,[H]/N=C/1\N[C@]2(CN(C[C@H]2C(=O)N1C)c3nc(c(c(n3)OCC)F)C)c4ccc(s4)C#N,[H]/N=C1\N[C@@]2(c3ccc(C#N)s3)CN(c3nc(C)c(F)c(OCC)n3)C[C@H]2C(=O)N1C,False,[H]/N=C1\N[C@@]2(c3ccc(C#N)s3)CN(c3nc(C)c(F)c(OCC)n3)C[C@H]2C(=O)N1C,"InChI=1S/C19H20FN7O2S/c1-4-29-15-14(20)10(2)23-18(24-15)27-8-12-16(28)26(3)17(22)25-19(12,9-27)13-6-5-11(7-21)30-13/h5-6,12H,4,8-9H2,1-3H3,(H2,22,25)/t12-,19-/m0/s1",NAIWJSDALLQSJO-BUXKBTBVSA-N,429.48100000000017,1.5840699999999996,118.23000000000002,8,2,4,4,2,0.42105263157894735,30,0,0,0.7575272414178736,1117.1612821660708,-3.26,18.74868280950182,7.211581518058273,2.950815587512336,0,0,2,2,2,11,107.94340000000001,nan,True,True,True,True,True,None,imine_1
954,"5-{(2E,4aR,7aR)-6-[5-fluoro-4-methyl-6-(methylsulfanyl)pyrimidin-2-yl]-2-imino-3-methyl-4-oxooctahydro-7aH-pyrrolo[3,4-d]pyrimidin-7a-yl}thiophene-2-carbonitrile",C18 H18 F N7 O S2,non-polymer,[H]/N=C/1\N[C@]2(CN(C[C@H]2C(=O)N1C)c3nc(c(c(n3)SC)F)C)c4ccc(s4)C#N,[H]/N=C1\N[C@@]2(c3ccc(C#N)s3)CN(c3nc(C)c(F)c(SC)n3)C[C@H]2C(=O)N1C,False,[H]/N=C1\N[C@@]2(c3ccc(C#N)s3)CN(c3nc(C)c(F)c(SC)n3)C[C@H]2C(=O)N1C,"InChI=1S/C18H18FN7OS2/c1-9-13(19)14(28-3)23-17(22-9)26-7-11-15(27)25(2)16(21)24-18(11,8-26)12-5-4-10(6-20)29-12/h4-5,11H,7-8H2,1-3H3,(H2,21,24)/t11-,18-/m0/s1",RVOBSBJZKQOYEK-VOJFVSQTSA-N,431.5220000000001,1.9072699999999994,109.0,8,2,3,4,2,0.3888888888888889,29,0,0,0.5643231810796097,1100.6894293739194,-2.71,18.32692903233964,6.963530744704935,2.9415320248907895,0,0,2,2,2,11,108.55540000000002,nan,True,True,True,True,True,None,imine_1
60T,"(2E,4aR,7aS)-7a-(2,6-difluorophenyl)-6-(5-fluoro-4-methoxy-6-methylpyrimidin-2-yl)-2-imino-3-methyloctahydro-4H-pyrrolo[3,4-d]pyrimidin-4-one",C19 H19 F3 N6 O2,non-polymer,[H]/N=C/1\N[C@]2(CN(C[C@H]2C(=O)N1C)c3nc(c(c(n3)OC)F)C)c4c(cccc4F)F,[H]/N=C1\N[C@@]2(c3c(F)cccc3F)CN(c3nc(C)c(F)c(OC)n3)C[C@H]2C(=O)N1C,False,[H]/N=C1\N[C@@]2(c3c(F)cccc3F)CN(c3nc(C)c(F)c(OC)n3)C[C@H]2C(=O)N1C,"InChI=1S/C19H19F3N6O2/c1-9-14(22)15(30-3)25-18(24-9)28-7-10-16(29)27(2)17(23)26-19(10,8-28)13-11(20)5-4-6-12(13)21/h4-6,10H,7-8H2,1-3H3,(H2,23,26)/t10-,19-/m0/s1",NAXGDHGFSCZYGN-OVWNDWIMSA-N,420.3950000000001,1.5389899999999996,94.44000000000001,6,2,3,4,2,0.3684210526315789,30,0,0,0.7825285729424467,1080.3030615982311,-3.369999999999999,18.645515080043435,6.853560751927749,2.756851941073853,0,0,2,2,2,11,100.65040000000002,nan,True,True,True,True,True,None,imine_1
60S,"5-{(2E,4aR,7aR)-6-[5-fluoro-4-methyl-6-(methylamino)pyrimidin-2-yl]-2-imino-3-methyl-4-oxooctahydro-7aH-pyrrolo[3,4-d]pyrimidin-7a-yl}thiophene-2-carbonitrile",C18 H19 F N8 O S,non-polymer,[H]/N=C/1\N[C@]2(CN(C[C@H]2C(=O)N1C)c3nc(c(c(n3)NC)F)C)c4ccc(s4)C#N,[H]/N=C1\N[C@@]2(c3ccc(C#N)s3)CN(c3nc(C)c(F)c(NC)n3)C[C@H]2C(=O)N1C,False,[H]/N=C1\N[C@@]2(c3ccc(C#N)s3)CN(c3nc(C)c(F)c(NC)n3)C[C@H]2C(=O)N1C,"InChI=1S/C18H19FN8OS/c1-9-13(19)14(22-2)24-17(23-9)27-7-11-15(28)26(3)16(21)25-18(11,8-27)12-5-4-10(6-20)29-12/h4-5,11H,7-8H2,1-3H3,(H2,21,25)(H,22,23,24)/t11-,18-/m0/s1",ZGUINBOSNMEMBB-VOJFVSQTSA-N,414.4700000000001,1.2270699999999992,121.03,8,3,3,4,2,0.3888888888888889,29,0,0,0.690578544587108,1098.3409138283228,-3.26,17.812546241377298,6.664518901056503,2.7879837067848916,0,0,2,2,2,11,106.3211,nan,True,True,True,True,True,None,imine_1
60X,"(2E,4aR,7aS)-7a-(2,4-difluorophenyl)-6-(5-fluoro-4-methoxy-6-methylpyrimidin-2-yl)-2-imino-3-methyloctahydro-4H-pyrrolo[3,4-d]pyrimidin-4-one",C19 H19 F3 N6 O2,non-polymer,[H]/N=C/1\N[C@]2(CN(C[C@H]2C(=O)N1C)c3nc(c(c(n3)OC)F)C)c4ccc(cc4F)F,[H]/N=C1\N[C@@]2(c3ccc(F)cc3F)CN(c3nc(C)c(F)c(OC)n3)C[C@H]2C(=O)N1C,False,[H]/N=C1\N[C@@]2(c3ccc(F)cc3F)CN(c3nc(C)c(F)c(OC)n3)C[C@H]2C(=O)N1C,"InChI=1S/C19H19F3N6O2/c1-9-14(22)15(30-3)25-18(24-9)28-7-12-16(29)27(2)17(23)26-19(12,8-28)11-5-4-10(20)6-13(11)21/h4-6,12H,7-8H2,1-3H3,(H2,23,26)/t12-,19+/m0/s1",FNMJFZYRSQTKIH-HXPMCKFVSA-N,420.3950000000001,1.5389899999999996,94.44000000000001,6,2,3,4,2,0.3684210526315789,30,0,0,0.7825285729424467,1100.5530615982316,-3.369999999999999,18.645515080043435,6.853560751927749,2.8366063107124435,0,0,2,2,2,11,100.65040000000003,nan,True,True,True,True,True,None,imine_1
66J,"(3E,5S)-5-{3-chloro-5-[5-(prop-1-yn-1-yl)pyridin-3-yl]thiophen-2-yl}-2,5-dimethyl-1,2,4-thiadiazinan-3-imine 1,1-dioxide",C17 H17 Cl N4 O2 S2,non-polymer,[H]/N=C/1\N[C@](CS(=O)(=O)N1C)(C)c2c(cc(s2)c3cc(cnc3)C#CC)Cl,[H]/N=C1\N[C@](C)(c2sc(-c3cncc(C#CC)c3)cc2Cl)CS(=O)(=O)N1C,False,[H]/N=C1\N[C@](C)(c2sc(-c3cncc(C#CC)c3)cc2Cl)CS(=O)(=O)N1C,"InChI=1S/C17H17ClN4O2S2/c1-4-5-11-6-12(9-20-8-11)14-7-13(18)15(25-14)17(2)10-26(23,24)22(3)16(19)21-17/h6-9H,10H2,1-3H3,(H2,19,21)/t17-/m0/s1",VKVMIZCLMUKTTA-KRWDZBQOSA-N,408.93600000000015,2.8496700000000015,86.15,5,2,2,3,2,0.29411764705882354,26,0,0,0.7478946941416896,1087.8383980110666,-2.08,17.339648554188408,6.576948827982791,3.2996216397080196,0,0,1,2,1,9,104.87620000000003,nan,True,True,True,True,True,None,imine_1; triple_bond
66H,"N-{3-[(2E,4R)-2-imino-1-methyl-5-oxo-4-phenylimidazolidin-4-yl]phenyl}furan-2-carboxamide",C21 H18 N4 O3,non-polymer,[H]/N=C/1\N[C@](C(=O)N1C)(c2ccccc2)c3cccc(c3)NC(=O)c4ccco4,[H]/N=C1\N[C@](c2ccccc2)(c2cccc(NC(=O)c3ccco3)c2)C(=O)N1C,False,[H]/N=C1\N[C@](c2ccccc2)(c2cccc(NC(=O)c3ccco3)c2)C(=O)N1C,"InChI=1S/C21H18N4O3/c1-25-19(27)21(24-20(25)22,14-7-3-2-4-8-14)15-9-5-10-16(13-15)23-18(26)17-11-6-12-28-17/h2-13H,1H3,(H2,22,24)(H,23,26)/t21-/m1/s1",SOHROZVXKZYZIE-OAQYLSRUSA-N,374.40000000000015,2.7718700000000007,98.42999999999999,4,3,4,4,3,0.09523809523809523,28,0,0,0.6539199715900506,1082.325256832624,-3.8699999999999988,16.31432550411862,6.696086289881952,2.732738027914407,0,0,1,3,1,7,103.95760000000004,nan,True,True,True,True,True,None,imine_1
68M,"(2R)-3-[2-amino-6-(3-methylpyridin-2-yl)quinolin-3-yl]-N-(3,3-dimethylbutyl)-2-methylpropanamide",C25 H32 N4 O,non-polymer,Cc1cccnc1c2ccc3c(c2)cc(c(n3)N)C[C@@H](C)C(=O)NCCC(C)(C)C,Cc1cccnc1-c1ccc2nc(N)c(C[C@@H](C)C(=O)NCCC(C)(C)C)cc2c1,False,Cc1cccnc1-c1ccc2nc(N)c(C[C@@H](C)C(=O)NCCC(C)(C)C)cc2c1,"InChI=1S/C25H32N4O/c1-16-7-6-11-27-22(16)18-8-9-21-19(14-18)15-20(23(26)29-21)13-17(2)24(30)28-12-10-25(3,4)5/h6-9,11,14-15,17H,10,12-13H2,1-5H3,(H2,26,29)(H,28,30)/t17-/m1/s1",ZVOWIRUWKAUSAB-QGZVFWFLSA-N,404.5580000000002,4.918420000000004,80.9,4,2,6,3,3,0.4,30,0,0,0.6110192208777201,1052.688246537275,-2.9499999999999997,21.75156208803742,8.820168388592798,5.348061883524765,0,0,0,3,0,5,124.07310000000008,nan,True,True,True,True,True,None,None
66F,"N-{3-[(5R)-3-amino-2,5-dimethyl-1,1-dioxido-5,6-dihydro-2H-1,2,4-thiadiazin-5-yl]-4-fluorophenyl}-5-fluoropyridine-2-carboxamide",C17 H17 F2 N5 O3 S,non-polymer,C[C@]1(CS(=O)(=O)N(C(=N1)N)C)c2cc(ccc2F)NC(=O)c3ccc(cn3)F,CN1C(N)=N[C@](C)(c2cc(NC(=O)c3ccc(F)cn3)ccc2F)CS1(=O)=O,False,CN1C(N)=N[C@](C)(c2cc(NC(=O)c3ccc(F)cn3)ccc2F)CS1(=O)=O,"InChI=1S/C17H17F2N5O3S/c1-17(9-28(26,27)24(2)16(20)23-17)12-7-11(4-5-13(12)19)22-15(25)14-6-3-10(18)8-21-14/h3-8H,9H2,1-2H3,(H2,20,23)(H,22,25)/t17-/m0/s1",YHYKUSGACIYRML-KRWDZBQOSA-N,409.4180000000001,1.4171999999999993,117.75000000000001,6,2,3,3,2,0.23529411764705882,28,0,0,0.7949558196328441,1072.7004811179054,-3.079999999999999,19.675250822976675,6.821360080394051,3.6511918706889563,0,0,1,2,0,11,99.0724,nan,True,True,True,True,True,None,None
68L,"N-[(5S)-2'-amino-3-(5,6-dihydro-2H-pyran-3-yl)-5'H-spiro[1-benzopyrano[2,3-c]pyridine-5,4'-[1,3]oxazol]-7-yl]-5-chloropyridine-2-carboxamide",C25 H20 Cl N5 O4,non-polymer,c1cc2c(cc1NC(=O)c3ccc(cn3)Cl)[C@@]4(COC(=N4)N)c5cc(ncc5O2)C6=CCCOC6,NC1=N[C@@]2(CO1)c1cc(NC(=O)c3ccc(Cl)cn3)ccc1Oc1cnc(C3=CCCOC3)cc12,False,NC1=N[C@@]2(CO1)c1cc(NC(=O)c3ccc(Cl)cn3)ccc1Oc1cnc(C3=CCCOC3)cc12,"InChI=1S/C25H20ClN5O4/c26-15-3-5-19(28-10-15)23(32)30-16-4-6-21-17(8-16)25(13-34-24(27)31-25)18-9-20(29-11-22(18)35-21)14-2-1-7-33-12-14/h2-6,8-11H,1,7,12-13H2,(H2,27,31)(H,30,32)/t25-/m0/s1",ZXMNKHTXDORUCR-VWLOTQADSA-N,489.9190000000004,3.880200000000002,120.95,8,2,3,6,3,0.2,35,0,0,0.5722176167869337,1405.4661590623323,-3.9499999999999997,21.574464211172266,8.368008317102527,3.783610822060355,1,0,3,3,0,10,129.7206,nan,True,True,True,False,True,None,None
68J,"N-(1-{3-[2-(2-amino-3-{3-[(3,3-dimethylbutyl)amino]-3-oxopropyl}quinolin-6-yl)phenyl]prop-2-yn-1-yl}cyclopropyl)-4-fluorobenzamide",C37 H39 F N4 O2,non-polymer,CC(C)(C)CCNC(=O)CCc1cc2cc(ccc2nc1N)c3ccccc3C#CCC4(CC4)NC(=O)c5ccc(cc5)F,CC(C)(C)CCNC(=O)CCc1cc2cc(-c3ccccc3C#CCC3(NC(=O)c4ccc(F)cc4)CC3)ccc2nc1N,False,CC(C)(C)CCNC(=O)CCc1cc2cc(-c3ccccc3C#CCC3(NC(=O)c4ccc(F)cc4)CC3)ccc2nc1N,"InChI=1S/C37H39FN4O2/c1-36(2,3)21-22-40-33(43)17-13-28-24-29-23-27(12-16-32(29)41-34(28)39)31-9-5-4-7-25(31)8-6-18-37(19-20-37)42-35(44)26-10-14-30(38)15-11-26/h4-5,7,9-12,14-16,23-24H,13,17-22H2,1-3H3,(H2,39,41)(H,40,43)(H,42,44)",QLQWEADMFLXRFH-UHFFFAOYSA-N,590.7430000000004,6.812300000000007,97.11000000000001,4,3,9,5,4,0.32432432432432434,44,0,0,0.18661347733293498,1741.8527229588863,-4.7,30.74781827200529,12.88826602555575,8.016754011244695,0,0,1,4,1,7,174.32029999999963,nan,False,True,False,False,False,None,triple_bond
68K,"N-(6-{2-[2-(2-amino-3-{3-[(3,3-dimethylbutyl)amino]-3-oxopropyl}quinolin-6-yl)phenyl]ethyl}pyridin-3-yl)-4-fluorobenzamide",C38 H40 F N5 O2,non-polymer,CC(C)(C)CCNC(=O)CCc1cc2cc(ccc2nc1N)c3ccccc3CCc4ccc(cn4)NC(=O)c5ccc(cc5)F,CC(C)(C)CCNC(=O)CCc1cc2cc(-c3ccccc3CCc3ccc(NC(=O)c4ccc(F)cc4)cn3)ccc2nc1N,False,CC(C)(C)CCNC(=O)CCc1cc2cc(-c3ccccc3CCc3ccc(NC(=O)c4ccc(F)cc4)cn3)ccc2nc1N,"InChI=1S/C38H40FN5O2/c1-38(2,3)20-21-41-35(45)19-12-28-23-29-22-27(11-18-34(29)44-36(28)40)33-7-5-4-6-25(33)10-15-31-16-17-32(24-42-31)43-37(46)26-8-13-30(39)14-9-26/h4-9,11,13-14,16-18,22-24H,10,12,15,19-21H2,1-3H3,(H2,40,44)(H,41,45)(H,43,46)",RTOUKFMBOVMEOT-UHFFFAOYSA-N,617.7690000000002,7.540600000000007,110.0,5,3,11,5,5,0.2631578947368421,46,0,0,0.14186795498590749,1830.0606533215137,-5.109999999999999,32.28835893000692,14.327960458042241,8.747869816961522,0,0,0,5,0,8,182.99229999999957,nan,False,False,False,False,False,None,None
6BS,"3-[2-amino-6-(2-methylphenyl)quinolin-3-yl]-N-(3,3-dimethylbutyl)propanamide",C25 H31 N3 O,non-polymer,Cc1ccccc1c2ccc3c(c2)cc(c(n3)N)CCC(=O)NCCC(C)(C)C,Cc1ccccc1-c1ccc2nc(N)c(CCC(=O)NCCC(C)(C)C)cc2c1,False,Cc1ccccc1-c1ccc2nc(N)c(CCC(=O)NCCC(C)(C)C)cc2c1,"InChI=1S/C25H31N3O/c1-17-7-5-6-8-21(17)18-9-11-22-20(15-18)16-19(24(26)28-22)10-12-23(29)27-14-13-25(2,3)4/h5-9,11,15-16H,10,12-14H2,1-4H3,(H2,26,28)(H,27,29)",XKCSLMBNFSFIEK-UHFFFAOYSA-N,389.54300000000023,5.277420000000005,68.00999999999999,3,2,6,3,3,0.36,29,0,0,0.6027377523830226,1018.2424702000517,-2.88,20.84403578243213,8.643069993489684,5.565171832061879,0,0,0,3,0,4,121.73110000000008,nan,True,True,True,True,False,None,None
III,"~{N},~{N}-dimethyl-2-pyrrolidin-1-yl-quinazolin-4-amine",C14 H18 N4,non-polymer,CN(C)c1c2ccccc2nc(n1)N3CCCC3,CN(C)c1nc(N2CCCC2)nc2ccccc12,False,CN(C)c1nc(N2CCCC2)nc2ccccc12,"InChI=1S/C14H18N4/c1-17(2)13-11-7-3-4-8-12(11)15-14(16-13)18-9-5-6-10-18/h3-4,7-8H,5-6,9-10H2,1-2H3",VONNLDQOEHSECV-UHFFFAOYSA-N,242.3259999999999,2.2960000000000003,32.260000000000005,4,0,2,3,2,0.42857142857142855,18,0,0,0.8085495128546907,558.7225888009784,-1.8399999999999999,11.261806749597316,4.441710293746318,1.87550483593077,0,0,1,2,1,4,75.31200000000004,nan,True,True,True,False,True,None,None
E4A,"(4S)-19-acetyl-4-[(1R)-1-hydroxy-2-({1-[3-(propan-2-yl)phenyl]cyclopropyl}amino)ethyl]-11-oxa-3,16-diazatricyclo[15.3.1.1~6,10~]docosa-1(21),6(22),7,9,17,19-hexaen-2-one",C35 H43 N3 O4,non-polymer,CC(C)c1cccc(c1)C2(CC2)NC[C@H]([C@@H]3Cc4cccc(c4)OCCCCNc5cc(cc(c5)C(=O)C)C(=O)N3)O,CC(=O)c1cc2cc(c1)C(=O)N[C@H]([C@H](O)CNC1(c3cccc(C(C)C)c3)CC1)Cc1cccc(c1)OCCCCN2,False,CC(=O)c1cc2cc(c1)C(=O)N[C@H]([C@H](O)CNC1(c3cccc(C(C)C)c3)CC1)Cc1cccc(c1)OCCCCN2,"InChI=1S/C35H43N3O4/c1-23(2)26-9-7-10-29(19-26)35(12-13-35)37-22-33(40)32-17-25-8-6-11-31(16-25)42-15-5-4-14-36-30-20-27(24(3)39)18-28(21-30)34(41)38-32/h6-11,16,18-21,23,32-33,36-37,40H,4-5,12-15,17,22H2,1-3H3,(H,38,41)/t32-,33+/m0/s1",LUJWXMKDHHFLOK-JHOUSYSJSA-N,569.7460000000003,5.578000000000005,99.69000000000001,6,4,7,5,3,0.42857142857142855,42,0,0,0.27750735084214667,1414.8497248516974,-3.6799999999999993,29.80008154630665,13.092694140519784,7.386553914116779,0,4,2,3,1,7,166.5178999999997,nan,False,True,True,False,False,None,None
E4G,"(4S)-4-[(1R)-1-hydroxy-2-({[3-(propan-2-yl)phenyl]methyl}amino)ethyl]-19-(2-oxopropoxy)-11,16-dioxa-3-azatricyclo[15.3.1.1~6,10~]docosa-1(21),6(22),7,9,17,19-hexaen-2-one",C34 H42 N2 O6,non-polymer,CC(C)c1cccc(c1)CNC[C@H]([C@@H]2Cc3cccc(c3)OCCCCOc4cc(cc(c4)OCC(=O)C)C(=O)N2)O,CC(=O)COc1cc2cc(c1)C(=O)N[C@H]([C@H](O)CNCc1cccc(C(C)C)c1)Cc1cccc(c1)OCCCCO2,False,CC(=O)COc1cc2cc(c1)C(=O)N[C@H]([C@H](O)CNCc1cccc(C(C)C)c1)Cc1cccc(c1)OCCCCO2,"InChI=1S/C34H42N2O6/c1-23(2)27-10-6-9-26(14-27)20-35-21-33(38)32-16-25-8-7-11-29(15-25)40-12-4-5-13-41-30-17-28(34(39)36-32)18-31(19-30)42-22-24(3)37/h6-11,14-15,17-19,23,32-33,35,38H,4-5,12-13,16,20-22H2,1-3H3,(H,36,39)/t32-,33+/m0/s1",MKUSLLRHQBCOIB-JHOUSYSJSA-N,574.7180000000004,4.821000000000005,106.12,7,3,9,4,3,0.4117647058823529,42,0,0,0.3365049093598261,1341.112361433031,-3.8799999999999994,31.064374630955808,15.376876492639486,9.60080121122305,0,4,1,3,0,8,162.4866999999997,nan,True,True,True,False,True,None,None
E4J,"2-(butylamino)-N-[(2S,3S,5R)-6-(butylamino)-3-hydroxy-5-methyl-6-oxo-1-phenylhexan-2-yl]-6-methoxypyridine-4-carboxamide",C28 H42 N4 O4,non-polymer,CCCCNc1cc(cc(n1)OC)C(=O)N[C@@H](Cc2ccccc2)[C@H](C[C@@H](C)C(=O)NCCCC)O,CCCCNC(=O)[C@H](C)C[C@H](O)[C@H](Cc1ccccc1)NC(=O)c1cc(NCCCC)nc(OC)c1,False,CCCCNC(=O)[C@H](C)C[C@H](O)[C@H](Cc1ccccc1)NC(=O)c1cc(NCCCC)nc(OC)c1,"InChI=1S/C28H42N4O4/c1-5-7-14-29-25-18-22(19-26(32-25)36-4)28(35)31-23(17-21-12-10-9-11-13-21)24(33)16-20(3)27(34)30-15-8-6-2/h9-13,18-20,23-24,33H,5-8,14-17H2,1-4H3,(H,29,32)(H,30,34)(H,31,35)/t20-,23+,24+/m1/s1",XXAQWIHKXZOYLW-QDSKXPNFSA-N,498.6680000000003,3.946700000000003,112.58000000000001,6,4,16,2,2,0.5357142857142857,36,0,0,0.2608366841683129,938.4018458654448,-3.1299999999999994,29.10271040412337,15.780474348933522,9.853453101953539,0,0,0,2,0,8,143.29239999999993,nan,True,False,True,False,True,None,Aliphatic_long_chain
E4Y,"(2R,4S)-N-butyl-4-[(4S,6R)-16-ethoxy-12-ethyl-6-methyl-2,13-dioxo-3,12-diazabicyclo[12.3.1]octadeca-1(18),14,16-trien-4-yl]-4-hydroxy-2-methylbutanamide",C30 H49 N3 O5,non-polymer,CCCCNC(=O)[C@H](C)C[C@@H]([C@@H]1C[C@@H](CCCCCN(C(=O)c2cc(cc(c2)OCC)C(=O)N1)CC)C)O,CCCCNC(=O)[C@H](C)C[C@H](O)[C@@H]1C[C@H](C)CCCCCN(CC)C(=O)c2cc(OCC)cc(c2)C(=O)N1,False,CCCCNC(=O)[C@H](C)C[C@H](O)[C@@H]1C[C@H](C)CCCCCN(CC)C(=O)c2cc(OCC)cc(c2)C(=O)N1,"InChI=1S/C30H49N3O5/c1-6-9-14-31-28(35)22(5)17-27(34)26-16-21(4)13-11-10-12-15-33(7-2)30(37)24-18-23(29(36)32-26)19-25(20-24)38-8-3/h18-22,26-27,34H,6-17H2,1-5H3,(H,31,35)(H,32,36)/t21-,22-,26+,27+/m1/s1",SQQOMEGTQPPAAA-SZUBIPLGSA-N,531.7380000000003,4.549400000000005,107.97000000000001,5,3,10,2,1,0.7,38,0,0,0.38407895245604196,905.8745464065714,-2.61,31.60681999703829,16.373961681455967,9.931427224376149,0,2,1,1,0,8,150.39719999999986,nan,True,True,True,False,True,None,Aliphatic_long_chain
E51,"(2R,4S)-N-butyl-4-[(5S,8S,10R)-5,10-dimethyl-3,3,6-trioxo-3lambda~6~-thia-7-azabicyclo[11.3.1]heptadeca-1(17),13,15-trien-8-yl]-4-hydroxy-2-methylbutanamide",C26 H42 N2 O5 S,non-polymer,CCCCNC(=O)[C@H](C)C[C@@H]([C@@H]1C[C@@H](CCc2cccc(c2)CS(=O)(=O)C[C@H](C(=O)N1)C)C)O,CCCCNC(=O)[C@H](C)C[C@H](O)[C@@H]1C[C@H](C)CCc2cccc(c2)CS(=O)(=O)C[C@@H](C)C(=O)N1,False,CCCCNC(=O)[C@H](C)C[C@H](O)[C@@H]1C[C@H](C)CCc2cccc(c2)CS(=O)(=O)C[C@@H](C)C(=O)N1,"InChI=1S/C26H42N2O5S/c1-5-6-12-27-25(30)19(3)14-24(29)23-13-18(2)10-11-21-8-7-9-22(15-21)17-34(32,33)16-20(4)26(31)28-23/h7-9,15,18-20,23-24,29H,5-6,10-14,16-17H2,1-4H3,(H,27,30)(H,28,31)/t18-,19-,20-,23+,24+/m1/s1",RYVHNXNTYFQKLT-FSQPGOEKSA-N,494.6980000000002,2.9981000000000013,112.57000000000001,5,3,7,2,1,0.6923076923076923,34,0,0,0.5045977918616493,917.5209855986024,-1.9300000000000002,28.308253536473064,13.236454921868644,9.372346499993416,0,2,1,1,0,8,134.83500000000004,nan,True,True,True,False,True,None,Aliphatic_long_chain
E5A,"(10S,13S)-13-[(1R)-1-hydroxy-2-({[3-(propan-2-yl)phenyl]methyl}amino)ethyl]-9,10-dimethyl-2-oxa-9,12-diazabicyclo[13.3.1]nonadeca-1(19),15,17-triene-8,11-dione",C30 H43 N3 O4,non-polymer,C[C@H]1C(=O)N[C@@H](Cc2cccc(c2)OCCCCCC(=O)N1C)[C@@H](CNCc3cccc(c3)C(C)C)O,CC(C)c1cccc(CNC[C@@H](O)[C@@H]2Cc3cccc(c3)OCCCCCC(=O)N(C)[C@@H](C)C(=O)N2)c1,False,CC(C)c1cccc(CNC[C@@H](O)[C@@H]2Cc3cccc(c3)OCCCCCC(=O)N(C)[C@@H](C)C(=O)N2)c1,"InChI=1S/C30H43N3O4/c1-21(2)25-12-8-11-24(16-25)19-31-20-28(34)27-18-23-10-9-13-26(17-23)37-15-7-5-6-14-29(35)33(4)22(3)30(36)32-27/h8-13,16-17,21-22,27-28,31,34H,5-7,14-15,18-20H2,1-4H3,(H,32,36)/t22-,27-,28+/m0/s1",FUURZWWGPRBEOS-QLCOJLISSA-N,509.69100000000026,3.7877000000000023,90.9,5,3,6,3,2,0.5333333333333333,37,0,0,0.5513277086169721,1025.3910019966766,-2.8999999999999995,28.66790540281305,14.147349231171267,8.863389359387156,0,2,1,2,0,7,146.51619999999986,nan,True,True,True,False,True,None,None
E5D,"(9R,11S)-3-ethyl-11-[(1R)-1-hydroxy-2-({[3-(propan-2-yl)phenyl]methyl}amino)ethyl]-9-methyl-3,12-diazabicyclo[12.3.1]octadeca-1(18),14,16-triene-2,13-dione",C31 H45 N3 O3,non-polymer,CCN1CCCCC[C@H](C[C@H](NC(=O)c2cccc(c2)C1=O)[C@@H](CNCc3cccc(c3)C(C)C)O)C,CCN1CCCCC[C@@H](C)C[C@@H]([C@H](O)CNCc2cccc(C(C)C)c2)NC(=O)c2cccc(c2)C1=O,False,CCN1CCCCC[C@@H](C)C[C@@H]([C@H](O)CNCc2cccc(C(C)C)c2)NC(=O)c2cccc(c2)C1=O,"InChI=1S/C31H45N3O3/c1-5-34-16-8-6-7-11-23(4)17-28(33-30(36)26-14-10-15-27(19-26)31(34)37)29(35)21-32-20-24-12-9-13-25(18-24)22(2)3/h9-10,12-15,18-19,22-23,28-29,32,35H,5-8,11,16-17,20-21H2,1-4H3,(H,33,36)/t23-,28+,29-/m1/s1",MYMHIVTZLXPTIU-LDVROUIZSA-N,507.71900000000034,5.121400000000006,81.67,4,3,7,3,2,0.5483870967741935,37,0,0,0.4858067377498358,1022.2627467407756,-2.6999999999999993,28.864852127586907,14.294054696789535,8.681843632657296,0,2,1,2,0,6,149.76719999999983,nan,False,True,True,False,False,None,None
E5P,"(9R,11S)-11-[(1R)-1-hydroxy-2-({[3-(propan-2-yl)phenyl]methyl}amino)ethyl]-9-methyl-16-(1,3-oxazol-2-yl)-3-[(1R)-1-phenylethyl]-3,12-diazabicyclo[12.3.1]octadeca-1(18),14,16-triene-2,13-dione",C40 H50 N4 O4,non-polymer,C[C@@H]1CCCCCN(C(=O)c2cc(cc(c2)C(=O)N[C@@H](C1)[C@@H](CNCc3cccc(c3)C(C)C)O)c4ncco4)[C@H](C)c5ccccc5,CC(C)c1cccc(CNC[C@@H](O)[C@@H]2C[C@H](C)CCCCCN([C@H](C)c3ccccc3)C(=O)c3cc(cc(-c4ncco4)c3)C(=O)N2)c1,False,CC(C)c1cccc(CNC[C@@H](O)[C@@H]2C[C@H](C)CCCCCN([C@H](C)c3ccccc3)C(=O)c3cc(cc(-c4ncco4)c3)C(=O)N2)c1,"InChI=1S/C40H50N4O4/c1-27(2)32-16-11-13-30(21-32)25-41-26-37(45)36-20-28(3)12-7-6-10-18-44(29(4)31-14-8-5-9-15-31)40(47)35-23-33(38(46)43-36)22-34(24-35)39-42-17-19-48-39/h5,8-9,11,13-17,19,21-24,27-29,36-37,41,45H,6-7,10,12,18,20,25-26H2,1-4H3,(H,43,46)/t28-,29-,36+,37-/m1/s1",WTVYZBOJEASHJM-PMKGPLEQSA-N,650.8640000000003,7.517700000000009,107.7,6,3,9,5,4,0.425,48,0,0,0.17304617405944833,1621.4656904161259,-4.269999999999999,35.04793173320368,16.71042180623747,9.20319262701475,0,2,1,4,0,8,189.5801999999994,nan,False,True,False,False,False,None,None
E5V,"(4S)-4-{(S)-hydroxy[(3R,6R)-6-(methoxymethyl)morpholin-3-yl]methyl}-19-(methoxymethyl)-11-oxa-3,16-diazatricyclo[15.3.1.1~6,10~]docosa-1(21),6(22),7,9,17,19-hexaen-2-one",C28 H39 N3 O6,non-polymer,COCc1cc2cc(c1)NCCCCOc3cccc(c3)C[C@H](NC2=O)[C@@H]([C@H]4CO[C@H](CN4)COC)O,COCc1cc2cc(c1)C(=O)N[C@H]([C@H](O)[C@H]1CO[C@@H](COC)CN1)Cc1cccc(c1)OCCCCN2,False,COCc1cc2cc(c1)C(=O)N[C@H]([C@H](O)[C@H]1CO[C@@H](COC)CN1)Cc1cccc(c1)OCCCCN2,"InChI=1S/C28H39N3O6/c1-34-16-20-10-21-14-22(11-20)29-8-3-4-9-36-23-7-5-6-19(12-23)13-25(31-28(21)33)27(32)26-18-37-24(15-30-26)17-35-2/h5-7,10-12,14,24-27,29-30,32H,3-4,8-9,13,15-18H2,1-2H3,(H,31,33)/t24-,25+,26-,27+/m1/s1",ZMVXRCDFLHBKCX-RAVGUYNFSA-N,513.6350000000002,2.122900000000001,110.31,8,4,6,4,2,0.5357142857142857,37,0,0,0.46517896275015147,1011.1620477776161,-2.69,27.347616768703055,13.73851885394632,7.895574736504717,0,4,2,2,1,9,141.18739999999994,nan,True,True,True,False,True,None,None
E5Y,"(5S,8S,10R)-8-[(1R)-1-hydroxy-2-{[(5-propyl-1H-pyrazol-3-yl)methyl]amino}ethyl]-4,5,10-trimethyl-1-oxa-4,7-diazacyclohexadecane-3,6-dione",C25 H45 N5 O4,non-polymer,CCCc1cc(n[nH]1)CNC[C@H]([C@@H]2C[C@@H](CCCCCCOCC(=O)N([C@H](C(=O)N2)C)C)C)O,CCCc1cc(CNC[C@@H](O)[C@@H]2C[C@H](C)CCCCCCOCC(=O)N(C)[C@@H](C)C(=O)N2)n[nH]1,False,CCCc1cc(CNC[C@@H](O)[C@@H]2C[C@H](C)CCCCCCOCC(=O)N(C)[C@@H](C)C(=O)N2)n[nH]1,"InChI=1S/C25H45N5O4/c1-5-10-20-14-21(29-28-20)15-26-16-23(31)22-13-18(2)11-8-6-7-9-12-34-17-24(32)30(4)19(3)25(33)27-22/h14,18-19,22-23,26,31H,5-13,15-17H2,1-4H3,(H,27,33)(H,28,29)/t18-,19+,22+,23-/m1/s1",NLWPKRWRLRUIHJ-CQIJRDABSA-N,479.6660000000003,2.1513000000000013,119.58,6,4,7,2,1,0.8,34,0,0,0.47576220954983156,740.6431379922121,-1.9699999999999998,28.268537631593738,15.112967479303768,9.718478253331174,0,0,1,1,1,9,132.14390000000006,nan,True,True,True,True,True,None,None
E61,"(10S,12S)-12-[(1R)-1-hydroxy-2-({[3-(propan-2-yl)phenyl]methyl}amino)ethyl]-17-(methoxymethyl)-10-methyl-7-oxa-2,13-diazabicyclo[13.3.1]nonadeca-1(19),15,17-trien-14-one",C31 H47 N3 O4,non-polymer,C[C@@H]1CCOCCCCNc2cc(cc(c2)C(=O)N[C@@H](C1)[C@@H](CNCc3cccc(c3)C(C)C)O)COC,COCc1cc2cc(c1)C(=O)N[C@H]([C@H](O)CNCc1cccc(C(C)C)c1)C[C@H](C)CCOCCCCN2,False,COCc1cc2cc(c1)C(=O)N[C@H]([C@H](O)CNCc1cccc(C(C)C)c1)C[C@H](C)CCOCCCCN2,"InChI=1S/C31H47N3O4/c1-22(2)26-9-7-8-24(15-26)19-32-20-30(35)29-14-23(3)10-13-38-12-6-5-11-33-28-17-25(21-37-4)16-27(18-28)31(36)34-29/h7-9,15-18,22-23,29-30,32-33,35H,5-6,10-14,19-21H2,1-4H3,(H,34,36)/t23-,29+,30-/m1/s1",IFMINNXVEWATNC-GOQOSDJISA-N,525.7340000000003,4.8441000000000045,91.85000000000001,6,4,8,3,2,0.5806451612903226,38,0,0,0.394137022379695,996.839918473907,-2.4499999999999993,30.096488392751073,15.839657370420564,10.023767361000955,0,2,1,2,0,7,153.59439999999978,nan,True,True,True,False,True,None,None
E6J,"(4S)-4-[(1R)-1-hydroxy-2-({[3-(propan-2-yl)phenyl]methyl}amino)ethyl]-19-(methoxymethyl)-11,16-dioxa-3-azatricyclo[15.3.1.1~6,10~]docosa-1(21),6(22),7,9,17,19-hexaen-2-one",C33 H42 N2 O5,non-polymer,CC(C)c1cccc(c1)CNC[C@H]([C@@H]2Cc3cccc(c3)OCCCCOc4cc(cc(c4)C(=O)N2)COC)O,COCc1cc2cc(c1)C(=O)N[C@H]([C@H](O)CNCc1cccc(C(C)C)c1)Cc1cccc(c1)OCCCCO2,False,COCc1cc2cc(c1)C(=O)N[C@H]([C@H](O)CNCc1cccc(C(C)C)c1)Cc1cccc(c1)OCCCCO2,"InChI=1S/C33H42N2O5/c1-23(2)27-10-6-9-25(14-27)20-34-21-32(36)31-18-24-8-7-11-29(16-24)39-12-4-5-13-40-30-17-26(22-38-3)15-28(19-30)33(37)35-31/h6-11,14-17,19,23,31-32,34,36H,4-5,12-13,18,20-22H2,1-3H3,(H,35,37)/t31-,32+/m0/s1",NGMBHSPURAEOBG-AJQTZOPKSA-N,546.7080000000004,4.9996000000000045,89.05000000000001,6,3,8,4,3,0.42424242424242425,40,0,0,0.3686211298585596,1245.0153727783884,-3.3899999999999992,29.58925233026553,14.841696890233063,8.811701096134385,0,4,1,3,0,7,157.02369999999974,nan,True,True,True,False,True,None,None
E6M,"(10R,12S)-12-[(1R)-1-hydroxy-2-({[3-(propan-2-yl)phenyl]methyl}amino)ethyl]-17-(methoxymethyl)-10-methyl-2,13-diazabicyclo[13.3.1]nonadeca-1(19),15,17-trien-14-one",C32 H49 N3 O3,non-polymer,C[C@@H]1CCCCCCCNc2cc(cc(c2)C(=O)N[C@@H](C1)[C@@H](CNCc3cccc(c3)C(C)C)O)COC,COCc1cc2cc(c1)C(=O)N[C@H]([C@H](O)CNCc1cccc(C(C)C)c1)C[C@H](C)CCCCCCCN2,False,COCc1cc2cc(c1)C(=O)N[C@H]([C@H](O)CNCc1cccc(C(C)C)c1)C[C@H](C)CCCCCCCN2,"InChI=1S/C32H49N3O3/c1-23(2)27-13-10-12-25(16-27)20-33-21-31(36)30-15-24(3)11-8-6-5-7-9-14-34-29-18-26(22-38-4)17-28(19-29)32(37)35-30/h10,12-13,16-19,23-24,30-31,33-34,36H,5-9,11,14-15,20-22H2,1-4H3,(H,35,37)/t24-,30+,31-/m1/s1",UGCIUWIDOWOQSA-XGJRVREISA-N,523.7620000000003,5.997800000000006,82.62,5,4,8,3,2,0.59375,38,0,0,0.3412728453247441,993.6651165937367,-2.4099999999999997,30.13592043739877,15.870198291446608,10.046897092373207,0,2,1,2,0,6,156.62639999999976,nan,False,True,False,False,False,None,None
E6P,"(10S,12S)-17-chloro-12-[(1R)-1-hydroxy-2-({[3-(propan-2-yl)phenyl]methyl}amino)ethyl]-10-methyl-7-oxa-2,13,18-triazabicyclo[13.3.1]nonadeca-1(19),15,17-trien-14-one",C28 H41 Cl N4 O3,non-polymer,C[C@@H]1CCOCCCCNc2cc(cc(n2)Cl)C(=O)N[C@@H](C1)[C@@H](CNCc3cccc(c3)C(C)C)O,CC(C)c1cccc(CNC[C@@H](O)[C@@H]2C[C@H](C)CCOCCCCNc3cc(cc(Cl)n3)C(=O)N2)c1,False,CC(C)c1cccc(CNC[C@@H](O)[C@@H]2C[C@H](C)CCOCCCCNc3cc(cc(Cl)n3)C(=O)N2)c1,"InChI=1S/C28H41ClN4O3/c1-19(2)22-8-6-7-21(14-22)17-30-18-25(34)24-13-20(3)9-12-36-11-5-4-10-31-27-16-23(28(35)32-24)15-26(29)33-27/h6-8,14-16,19-20,24-25,30,34H,4-5,9-13,17-18H2,1-3H3,(H,31,33)(H,32,35)/t20-,24+,25-/m1/s1",MHXXUEKCLLRUIA-DCEDVJGZSA-N,517.1140000000004,4.746100000000005,95.51,6,4,6,3,2,0.5714285714285714,36,0,0,0.41390922100322936,971.5610137466487,-2.1899999999999995,28.382391709291987,14.524329112732323,9.35615670606224,0,2,1,2,0,8,145.68639999999988,nan,True,True,True,False,True,None,2-halo_pyridine
E6S,"(3S,14R,16S)-16-[1,1-dihydroxy-2-({[3-(propan-2-yl)phenyl]methyl}amino)ethyl]-3,4,14-trimethyl-1,4-diazacyclohexadecane-2,5-dione",C29 H49 N3 O4,non-polymer,C[C@@H]1CCCCCCCCC(=O)N([C@H](C(=O)N[C@@H](C1)C(CNCc2cccc(c2)C(C)C)(O)O)C)C,CC(C)c1cccc(CNCC(O)(O)[C@@H]2C[C@H](C)CCCCCCCCC(=O)N(C)[C@@H](C)C(=O)N2)c1,False,CC(C)c1cccc(CNCC(O)(O)[C@@H]2C[C@H](C)CCCCCCCCC(=O)N(C)[C@@H](C)C(=O)N2)c1,"InChI=1S/C29H49N3O4/c1-21(2)25-15-12-14-24(18-25)19-30-20-29(35,36)26-17-22(3)13-10-8-6-7-9-11-16-27(33)32(5)23(4)28(34)31-26/h12,14-15,18,21-23,26,30,35-36H,6-11,13,16-17,19-20H2,1-5H3,(H,31,34)/t22-,23+,26+/m1/s1",PVWMLHVFMZYBAR-UMFSSWHCSA-N,503.72800000000035,4.0728000000000035,101.9,5,4,6,2,1,0.7241379310344828,36,0,0,0.4384695098072426,826.4922306440889,-1.9599999999999995,30.265052646942305,14.696673837580533,9.829686779250672,0,0,1,1,1,7,144.28599999999994,nan,True,True,True,False,True,None,het-C-het_not_in_ring
E6Y,"(5S,8S,10R)-8-[(1R)-2-{[1-(3-tert-butylphenyl)cyclopropyl]amino}-1-hydroxyethyl]-4,5,10-trimethyl-1-oxa-4,7-diazacyclohexadecane-3,6-dione",C31 H51 N3 O4,non-polymer,C[C@@H]1CCCCCCOCC(=O)N([C@H](C(=O)N[C@@H](C1)[C@@H](CNC2(CC2)c3cccc(c3)C(C)(C)C)O)C)C,C[C@@H]1CCCCCCOCC(=O)N(C)[C@@H](C)C(=O)N[C@H]([C@H](O)CNC2(c3cccc(C(C)(C)C)c3)CC2)C1,False,C[C@@H]1CCCCCCOCC(=O)N(C)[C@@H](C)C(=O)N[C@H]([C@H](O)CNC2(c3cccc(C(C)(C)C)c3)CC2)C1,"InChI=1S/C31H51N3O4/c1-22-12-9-7-8-10-17-38-21-28(36)34(6)23(2)29(37)33-26(18-22)27(35)20-32-31(15-16-31)25-14-11-13-24(19-25)30(3,4)5/h11,13-14,19,22-23,26-27,32,35H,7-10,12,15-18,20-21H2,1-6H3,(H,33,37)/t22-,23+,26+,27-/m1/s1",DTTFGMDFRQRNPI-GXVHRJHYSA-N,529.7660000000003,4.262300000000004,90.9,5,3,5,3,1,0.7419354838709677,38,0,0,0.5302427756420973,923.9448195245686,-1.9599999999999995,30.57961130073938,13.402516478501894,8.520312025712805,0,0,2,1,2,7,151.91119999999978,nan,True,True,True,False,True,None,None
E6V,"(3S,14R,16S)-16-[(1R)-2-{[(4S)-2,2-dimethyl-6-(propan-2-yl)-3,4-dihydro-2H-1-benzopyran-4-yl]amino}-1-hydroxyethyl]-3,4,14-trimethyl-1,4-diazacyclohexadecane-2,5-dione",C33 H55 N3 O4,non-polymer,C[C@@H]1CCCCCCCCC(=O)N([C@H](C(=O)N[C@@H](C1)[C@@H](CN[C@H]2CC(Oc3c2cc(cc3)C(C)C)(C)C)O)C)C,CC(C)c1ccc2c(c1)[C@@H](NC[C@@H](O)[C@@H]1C[C@H](C)CCCCCCCCC(=O)N(C)[C@@H](C)C(=O)N1)CC(C)(C)O2,False,CC(C)c1ccc2c(c1)[C@@H](NC[C@@H](O)[C@@H]1C[C@H](C)CCCCCCCCC(=O)N(C)[C@@H](C)C(=O)N1)CC(C)(C)O2,"InChI=1S/C33H55N3O4/c1-22(2)25-16-17-30-26(19-25)28(20-33(5,6)40-30)34-21-29(37)27-18-23(3)14-12-10-8-9-11-13-15-31(38)36(7)24(4)32(39)35-27/h16-17,19,22-24,27-29,34,37H,8-15,18,20-21H2,1-7H3,(H,35,39)/t23-,24+,27+,28+,29-/m1/s1",MNENNUUKHSBOKZ-BEOVBFIISA-N,557.8200000000004,5.855000000000007,90.9,5,3,5,3,1,0.7575757575757576,40,0,0,0.42221845105153016,978.4422694572263,-2.1199999999999997,32.39526193424808,14.674949171251049,9.200662708867013,0,0,2,1,1,7,161.4851999999997,nan,False,True,True,False,False,None,None
E74,"(4S)-4-[(1R)-1-hydroxy-2-({[3-(propan-2-yl)phenyl]methyl}amino)ethyl]-18-methoxy-3,15,17-triazatricyclo[14.3.1.1~6,10~]henicosa-1(20),6(21),7,9,16,18-hexaen-2-one",C31 H40 N4 O3,non-polymer,CC(C)c1cccc(c1)CNC[C@H]([C@@H]2Cc3cccc(c3)CCCCNc4cc(cc(n4)OC)C(=O)N2)O,COc1cc2cc(n1)NCCCCc1cccc(c1)C[C@@H]([C@H](O)CNCc1cccc(C(C)C)c1)NC2=O,False,COc1cc2cc(n1)NCCCCc1cccc(c1)C[C@@H]([C@H](O)CNCc1cccc(C(C)C)c1)NC2=O,"InChI=1S/C31H40N4O3/c1-21(2)25-12-7-11-24(15-25)19-32-20-28(36)27-16-23-10-6-9-22(14-23)8-4-5-13-33-29-17-26(31(37)34-27)18-30(35-29)38-3/h6-7,9-12,14-15,17-18,21,27-28,32,36H,4-5,8,13,16,19-20H2,1-3H3,(H,33,35)(H,34,37)/t27-,28+/m0/s1",LKVVVVQQVFSHRO-WUFINQPMSA-N,516.6860000000004,4.453600000000004,95.51,6,4,7,4,3,0.41935483870967744,38,0,0,0.37060276705423306,1213.2339048844167,-3.42,27.61040779280589,13.397389266153489,7.790749669997652,0,4,1,3,0,7,151.86139999999983,nan,True,True,True,False,True,None,None
E77,"(4S)-4-[(1R)-1,2-dihydroxyethyl]-N,N-dimethyl-2-oxo-11,16-dioxa-3-azatricyclo[15.3.1.1~6,10~]docosa-1(21),6(22),7,9,17,19-hexaene-19-carboxamide",C24 H30 N2 O6,non-polymer,CN(C)C(=O)c1cc2cc(c1)OCCCCOc3cccc(c3)C[C@H](NC2=O)[C@H](CO)O,CN(C)C(=O)c1cc2cc(c1)C(=O)N[C@H]([C@@H](O)CO)Cc1cccc(c1)OCCCCO2,False,CN(C)C(=O)c1cc2cc(c1)C(=O)N[C@H]([C@@H](O)CO)Cc1cccc(c1)OCCCCO2,"InChI=1S/C24H30N2O6/c1-26(2)24(30)18-12-17-13-20(14-18)32-9-4-3-8-31-19-7-5-6-16(10-19)11-21(22(28)15-27)25-23(17)29/h5-7,10,12-14,21-22,27-28H,3-4,8-9,11,15H2,1-2H3,(H,25,29)/t21-,22-/m0/s1",YKCXDIPNOWOCAE-VXKWHMMOSA-N,442.51200000000006,1.6341,108.33000000000001,6,3,3,3,2,0.4166666666666667,32,0,0,0.6669779425192852,945.8367211073364,-3.0999999999999996,23.560759732302763,10.969685559196048,6.211182324169336,0,4,1,2,0,8,119.17630000000007,nan,True,True,True,True,True,None,None
E7A,"(10R,12S)-12-[(1R)-1,2-dihydroxyethyl]-N,N,10-trimethyl-14-oxo-2-oxa-13-azabicyclo[13.3.1]nonadeca-1(19),15,17-triene-17-carboxamide",C23 H36 N2 O5,non-polymer,C[C@@H]1CCCCCCCOc2cc(cc(c2)C(=O)N(C)C)C(=O)N[C@@H](C1)[C@H](CO)O,C[C@@H]1CCCCCCCOc2cc(cc(C(=O)N(C)C)c2)C(=O)N[C@H]([C@@H](O)CO)C1,False,C[C@@H]1CCCCCCCOc2cc(cc(C(=O)N(C)C)c2)C(=O)N[C@H]([C@@H](O)CO)C1,"InChI=1S/C23H36N2O5/c1-16-9-7-5-4-6-8-10-30-19-13-17(12-18(14-19)23(29)25(2)3)22(28)24-20(11-16)21(27)15-26/h12-14,16,20-21,26-27H,4-11,15H2,1-3H3,(H,24,28)/t16-,20+,21+/m1/s1",FIDGRIKGIUHGAW-CZAAIQMYSA-N,420.5500000000002,2.5992000000000006,99.10000000000001,5,3,3,2,1,0.6521739130434783,30,0,0,0.6981009635847578,706.8339203056228,-2.12,24.15221246000261,11.909822689630643,7.289367028154082,0,2,1,1,0,7,115.78430000000006,nan,True,True,True,True,True,None,None
74B,"(4aR,6R,8aS)-8a-(2,4-difluoro-5-{[(2,2,2-trifluoroethyl)amino]methyl}phenyl)-6-(fluoromethyl)-4,4a,5,6,8,8a-hexahydropyrano[3,4-d][1,3]thiazin-2-amine",C17 H19 F6 N3 O S,non-polymer,c1c(c(cc(c1[C@]23CO[C@H](C[C@H]2CSC(=N3)N)CF)F)F)CNCC(F)(F)F,NC1=N[C@@]2(c3cc(CNCC(F)(F)F)c(F)cc3F)CO[C@@H](CF)C[C@H]2CS1,False,NC1=N[C@@]2(c3cc(CNCC(F)(F)F)c(F)cc3F)CO[C@@H](CF)C[C@H]2CS1,"InChI=1S/C17H19F6N3OS/c18-4-11-2-10-6-28-15(24)26-16(10,8-27-11)12-1-9(13(19)3-14(12)20)5-25-7-17(21,22)23/h1,3,10-11,25H,2,4-8H2,(H2,24,26)/t10-,11+,16-/m0/s1",KXRWMDHPUURSND-USBNGQNGSA-N,427.41400000000004,3.2481000000000018,59.64,5,2,5,3,1,0.5882352941176471,28,0,0,0.7087952875604852,759.1436448716141,-1.4600000000000004,21.253710800170307,8.113218276258095,4.408346514769904,0,0,2,1,1,11,93.70010000000002,nan,True,True,True,True,True,None,None
P6U,"(4S)-4-[2,4-difluoro-5-({[1-(trifluoromethyl)cyclopropyl]amino}methyl)phenyl]-4-methyl-5,6-dihydro-4H-1,3-thiazin-2-amine",C16 H18 F5 N3 S,non-polymer,C[C@]1(CCSC(=N1)N)c2cc(c(cc2F)F)CNC3(CC3)C(F)(F)F,C[C@@]1(c2cc(CNC3(C(F)(F)F)CC3)c(F)cc2F)CCSC(N)=N1,False,C[C@@]1(c2cc(CNC3(C(F)(F)F)CC3)c(F)cc2F)CCSC(N)=N1,"InChI=1S/C16H18F5N3S/c1-14(4-5-25-13(22)24-14)10-6-9(11(17)7-12(10)18)8-23-15(2-3-15)16(19,20)21/h6-7,23H,2-5,8H2,1H3,(H2,22,24)/t14-/m0/s1",XKONRMXLBXCJAM-AWEZNQCLSA-N,379.398,3.8161000000000023,50.41,4,2,4,3,1,0.5625,25,0,0,0.782415499779578,714.4571177967956,-1.3500000000000003,18.441354604835674,6.120036273813246,3.4842681201180716,0,0,2,1,1,9,87.26710000000003,nan,True,True,True,True,True,None,None
7H3,"N-{3-[(4aR,7aR)-2-amino-4,4a,5,6-tetrahydro-7aH-furo[2,3-d][1,3]thiazin-7a-yl]-4-fluorophenyl}-5-bromopyridine-2-carboxamide",C18 H16 Br F N4 O2 S,non-polymer,c1cc(c(cc1NC(=O)c2ccc(cn2)Br)[C@@]34[C@@H](CCO3)CSC(=N4)N)F,NC1=N[C@@]2(c3cc(NC(=O)c4ccc(Br)cn4)ccc3F)OCC[C@H]2CS1,False,NC1=N[C@@]2(c3cc(NC(=O)c4ccc(Br)cn4)ccc3F)OCC[C@H]2CS1,"InChI=1S/C18H16BrFN4O2S/c19-11-1-4-15(22-8-11)16(25)23-12-2-3-14(20)13(7-12)18-10(5-6-26-18)9-27-17(21)24-18/h1-4,7-8,10H,5-6,9H2,(H2,21,24)(H,23,25)/t10-,18+/m0/s1",DACRJCISVSMZQT-XTZNXHDOSA-N,451.32100000000025,3.4863000000000017,89.6,6,2,3,4,2,0.2777777777777778,27,0,0,0.7461506206321515,924.0776843675336,-1.9699999999999995,18.395948949503545,7.21477624578345,3.463200408055767,0,0,2,2,1,9,106.10760000000002,nan,True,True,True,True,True,None,None
8QV,"(5S)-3-(3,6-dihydro-2H-pyran-4-yl)-7-[5-(prop-1-yn-1-yl)pyridin-3-yl]-5'H-spiro[1-benzopyrano[2,3-c]pyridine-5,4'-[1,3]oxazol]-2'-amine",C27 H22 N4 O3,non-polymer,CC#Cc1cc(cnc1)c2ccc3c(c2)[C@@]4(COC(=N4)N)c5cc(ncc5O3)C6=CCOCC6,CC#Cc1cncc(-c2ccc3c(c2)[C@@]2(COC(N)=N2)c2cc(C4=CCOCC4)ncc2O3)c1,False,CC#Cc1cncc(-c2ccc3c(c2)[C@@]2(COC(N)=N2)c2cc(C4=CCOCC4)ncc2O3)c1,"InChI=1S/C27H22N4O3/c1-2-3-17-10-20(14-29-13-17)19-4-5-24-21(11-19)27(16-33-26(28)31-27)22-12-23(30-15-25(22)34-24)18-6-8-32-9-7-18/h4-6,10-15H,7-9,16H2,1H3,(H2,28,31)/t27-/m0/s1",PAMPHNBKOPBUKU-MHZLTWQESA-N,450.4980000000003,4.012900000000003,91.85000000000001,7,1,2,6,3,0.2222222222222222,34,0,0,0.5933600215759254,1433.2731136657358,-4.1499999999999995,20.456456446875215,8.01135973270059,3.312810132127517,1,0,3,3,0,7,128.30340000000004,nan,True,True,True,True,True,None,triple_bond
8W4,"N-{(1S,2S)-1-[(2S)-4-benzyl-3-oxopiperazin-2-yl]-1-hydroxy-3-phenylpropan-2-yl}-7-ethyl-1,3,3-trimethyl-2,2-dioxo-1,2,3,4-tetrahydro-2lambda~6~-[1,2,5]thiadiazepino[3,4,5-hi]indole-9-carboxamide",C36 H43 N5 O5 S,non-polymer,CCc1cn2c3c1cc(cc3N(S(=O)(=O)C(C2)(C)C)C)C(=O)N[C@@H](Cc4ccccc4)[C@@H]([C@H]5C(=O)N(CCN5)Cc6ccccc6)O,CCc1cn2c3c(cc(C(=O)N[C@@H](Cc4ccccc4)[C@H](O)[C@@H]4NCCN(Cc5ccccc5)C4=O)cc13)N(C)S(=O)(=O)C(C)(C)C2,False,CCc1cn2c3c(cc(C(=O)N[C@@H](Cc4ccccc4)[C@H](O)[C@@H]4NCCN(Cc5ccccc5)C4=O)cc13)N(C)S(=O)(=O)C(C)(C)C2,"InChI=1S/C36H43N5O5S/c1-5-26-22-41-23-36(2,3)47(45,46)39(4)30-20-27(19-28(26)32(30)41)34(43)38-29(18-24-12-8-6-9-13-24)33(42)31-35(44)40(17-16-37-31)21-25-14-10-7-11-15-25/h6-15,19-20,22,29,31,33,37,42H,5,16-18,21,23H2,1-4H3,(H,38,43)/t29-,31-,33-/m0/s1",WBWSVNAKBNLSOJ-WXWREJFYSA-N,657.8370000000001,3.4645000000000015,123.97999999999999,7,3,9,6,4,0.3888888888888889,47,0,0,0.2534984063825901,1891.072128048618,-4.1899999999999995,32.73920094666362,12.781533023425235,6.148740161117562,0,0,2,4,1,11,183.7744999999995,nan,True,True,True,False,False,None,None
0B6,"~{N}-[3-[(4~{S})-2-azanyl-6-(fluoranylmethyl)-4-methyl-1,3-oxazin-4-yl]-4-fluoranyl-phenyl]-5-cyano-pyridine-2-carboxamide",C19 H15 F2 N5 O2,non-polymer,C[C@]1(C=C(OC(=N1)N)CF)c2cc(ccc2F)NC(=O)c3ccc(cn3)C#N,C[C@@]1(c2cc(NC(=O)c3ccc(C#N)cn3)ccc2F)C=C(CF)OC(N)=N1,False,C[C@@]1(c2cc(NC(=O)c3ccc(C#N)cn3)ccc2F)C=C(CF)OC(N)=N1,"InChI=1S/C19H15F2N5O2/c1-19(7-13(8-20)28-18(23)26-19)14-6-12(3-4-15(14)21)25-17(27)16-5-2-11(9-22)10-24-16/h2-7,10H,8H2,1H3,(H2,23,26)(H,25,27)/t19-/m0/s1",ORHZQSYKGHHDOP-IBGZPJMESA-N,383.3580000000002,2.758180000000001,113.39000000000001,6,2,4,3,2,0.15789473684210525,28,0,0,0.8427693428924303,1027.609772623583,-3.7999999999999994,18.975304469436512,7.4408371511870035,3.806140136718749,0,0,1,2,0,9,97.42260000000002,nan,True,True,True,True,True,None,None
0B5,"~{N}-[3-[(4~{R},5~{R},6~{S})-2-azanyl-6-[1,1-bis(fluoranyl)ethyl]-5-fluoranyl-4-methyl-5,6-dihydro-1,3-oxazin-4-yl]-4-fluoranyl-phenyl]-5-(fluoranylmethoxy)pyrazine-2-carboxamide",C19 H18 F5 N5 O3,non-polymer,C[C@]1([C@H]([C@H](OC(=N1)N)C(C)(F)F)F)c2cc(ccc2F)NC(=O)c3cnc(cn3)OCF,CC(F)(F)[C@H]1OC(N)=N[C@](C)(c2cc(NC(=O)c3cnc(OCF)cn3)ccc2F)[C@H]1F,False,CC(F)(F)[C@H]1OC(N)=N[C@](C)(c2cc(NC(=O)c3cnc(OCF)cn3)ccc2F)[C@H]1F,"InChI=1S/C19H18F5N5O3/c1-18(14(22)15(19(2,23)24)32-17(25)29-18)10-5-9(3-4-11(10)21)28-16(30)12-6-27-13(7-26-12)31-8-20/h3-7,14-15H,8H2,1-2H3,(H2,25,29)(H,28,30)/t14-,15-,18+/m0/s1",DKIWJWSKVCKJPV-RLFYNMQTSA-N,459.37500000000017,3.0958000000000006,111.72000000000001,7,2,6,3,2,0.3684210526315789,32,0,0,0.6425581856822494,1031.0038553367624,-3.51,23.15938807824663,8.553312062106501,4.552108900188075,0,0,1,2,0,13,102.35260000000001,nan,True,True,True,True,True,None,None
DJS,"2-{[(2S)-butan-2-yl]amino}-N-{(1R,2S)-1-hydroxy-3-phenyl-1-[(2R)-pyrrolidin-2-yl]propan-2-yl}-6-(methylsulfonyl)pyridine-4-carboxamide",C24 H34 N4 O4 S,non-polymer,CC[C@H](C)Nc1cc(cc(n1)S(=O)(=O)C)C(=O)N[C@@H](Cc2ccccc2)[C@@H]([C@H]3CCCN3)O,CC[C@H](C)Nc1cc(C(=O)N[C@@H](Cc2ccccc2)[C@H](O)[C@H]2CCCN2)cc(S(C)(=O)=O)n1,False,CC[C@H](C)Nc1cc(C(=O)N[C@@H](Cc2ccccc2)[C@H](O)[C@H]2CCCN2)cc(S(C)(=O)=O)n1,"InChI=1S/C24H34N4O4S/c1-4-16(2)26-21-14-18(15-22(28-21)33(3,31)32)24(30)27-20(13-17-9-6-5-7-10-17)23(29)19-11-8-12-25-19/h5-7,9-10,14-16,19-20,23,25,29H,4,8,11-13H2,1-3H3,(H,26,28)(H,27,30)/t16-,19+,20-,23+/m0/s1",CNZLAHITQXPOEJ-YLTWVVNKSA-N,474.6270000000002,2.1494999999999993,120.42,7,4,10,3,2,0.5,33,0,0,0.41637889276081747,1039.6846743523688,-2.4899999999999993,25.13892415281256,11.08845313018551,6.993583679875754,0,0,1,2,1,9,129.15420000000006,nan,True,True,True,True,True,None,None
DJV,"N-[(1R,2S)-1-[(2R,4R)-4-(cyclohexylmethoxy)pyrrolidin-2-yl]-3-(3,5-difluorophenyl)-1-hydroxypropan-2-yl]acetamide",C22 H32 F2 N2 O3,non-polymer,CC(=O)N[C@@H](Cc1cc(cc(c1)F)F)[C@@H]([C@H]2C[C@H](CN2)OCC3CCCCC3)O,CC(=O)N[C@@H](Cc1cc(F)cc(F)c1)[C@H](O)[C@H]1C[C@@H](OCC2CCCCC2)CN1,False,CC(=O)N[C@@H](Cc1cc(F)cc(F)c1)[C@H](O)[C@H]1C[C@@H](OCC2CCCCC2)CN1,"InChI=1S/C22H32F2N2O3/c1-14(27)26-21(9-16-7-17(23)10-18(24)8-16)22(28)20-11-19(12-25-20)29-13-15-5-3-2-4-6-15/h7-8,10,15,19-22,25,28H,2-6,9,11-13H2,1H3,(H,26,27)/t19-,20-,21+,22-/m1/s1",MSAOCNJMXAZEEN-YUMYIRISSA-N,410.5050000000003,2.700300000000001,70.59,4,3,8,3,1,0.6818181818181818,29,0,0,0.6163877836856809,661.7712643774861,-1.5700000000000003,22.122775372235573,10.456405113616306,6.725354153455888,0,0,2,1,2,7,106.39620000000006,nan,True,True,True,True,True,None,None
DK7,"N-[(1S,2S)-1-[(3R,6R)-6-(cyclohexylmethoxy)morpholin-3-yl]-3-(3,5-difluorophenyl)-1-hydroxypropan-2-yl]acetamide",C22 H32 F2 N2 O4,non-polymer,CC(=O)N[C@@H](Cc1cc(cc(c1)F)F)[C@@H]([C@H]2CO[C@H](CN2)OCC3CCCCC3)O,CC(=O)N[C@@H](Cc1cc(F)cc(F)c1)[C@H](O)[C@H]1CO[C@@H](OCC2CCCCC2)CN1,False,CC(=O)N[C@@H](Cc1cc(F)cc(F)c1)[C@H](O)[C@H]1CO[C@@H](OCC2CCCCC2)CN1,"InChI=1S/C22H32F2N2O4/c1-14(27)26-19(9-16-7-17(23)10-18(24)8-16)22(28)20-13-30-21(11-25-20)29-12-15-5-3-2-4-6-15/h7-8,10,15,19-22,25,28H,2-6,9,11-13H2,1H3,(H,26,27)/t19-,20+,21+,22-/m0/s1",XQHQHHREHKYCIG-CBPXPLCBSA-N,426.5040000000003,2.2843000000000004,79.82000000000001,5,3,8,3,1,0.6818181818181818,30,0,0,0.59448730632887,671.4651478270381,-1.6100000000000003,23.06152681478392,11.134736906161526,6.974077025395182,0,0,2,1,2,8,107.73120000000007,nan,True,True,True,True,True,None,None
DKJ,"N-{(1S,2S)-3-(3,5-difluorophenyl)-1-[(3R,5S,6R)-6-(2,2-dimethylpropoxy)-5-methylmorpholin-3-yl]-1-hydroxypropan-2-yl}acetamide",C21 H32 F2 N2 O4,non-polymer,C[C@H]1[C@@H](OC[C@@H](N1)[C@H]([C@H](Cc2cc(cc(c2)F)F)NC(=O)C)O)OCC(C)(C)C,CC(=O)N[C@@H](Cc1cc(F)cc(F)c1)[C@H](O)[C@H]1CO[C@@H](OCC(C)(C)C)[C@H](C)N1,False,CC(=O)N[C@@H](Cc1cc(F)cc(F)c1)[C@H](O)[C@H]1CO[C@@H](OCC(C)(C)C)[C@H](C)N1,"InChI=1S/C21H32F2N2O4/c1-12-20(29-11-21(3,4)5)28-10-18(24-12)19(27)17(25-13(2)26)8-14-6-15(22)9-16(23)7-14/h6-7,9,12,17-20,24,27H,8,10-11H2,1-5H3,(H,25,26)/t12-,17-,18+,19-,20-/m0/s1",MTSIVXGKWLWPKB-VVEMMYRFSA-N,414.49300000000017,2.1385999999999994,79.82000000000001,5,3,7,2,1,0.6666666666666666,29,0,0,0.6371627306873491,675.4989335448217,-1.61,23.666826534652134,9.93056456008267,7.619783384276128,0,0,1,1,1,8,105.20620000000005,nan,True,True,True,True,True,None,None
EJ7,"N-{3-[(1R,5S,6R)-3-amino-5-methyl-2-oxa-4-azabicyclo[4.1.0]hept-3-en-5-yl]-4-fluorophenyl}-5-methoxypyrazine-2-carboxamide",C18 H18 F N5 O3,non-polymer,C[C@]1([C@H]2C[C@H]2OC(=N1)N)c3cc(ccc3F)NC(=O)c4cnc(cn4)OC,COc1cnc(C(=O)Nc2ccc(F)c([C@@]3(C)N=C(N)O[C@@H]4C[C@@H]43)c2)cn1,False,COc1cnc(C(=O)Nc2ccc(F)c([C@@]3(C)N=C(N)O[C@@H]4C[C@@H]43)c2)cn1,"InChI=1S/C18H18FN5O3/c1-18(11-6-14(11)27-17(20)24-18)10-5-9(3-4-12(10)19)23-16(25)13-7-22-15(26-2)8-21-13/h3-5,7-8,11,14H,6H2,1-2H3,(H2,20,24)(H,23,25)/t11-,14+,18+/m0/s1",LUOFRFUNXXGHFC-UCMVZMLTSA-N,371.3720000000001,1.8252000000000002,111.72000000000001,7,2,4,4,2,0.3333333333333333,27,0,0,0.8479686202184569,933.0943806848225,-3.23,17.19723003646637,6.185159993830574,3.0478826044626754,0,0,2,2,1,9,94.89160000000003,nan,True,True,True,True,True,None,None
GHJ,"(3R,3aR,6aS)-N-[(4R,7S,8S,10R,13S)-8-hydroxy-10,17-dimethyl-7-(2-methylpropyl)-5,11,14-trioxo-13-(propan-2-yl)-2-thia-6,12,15-triazaoctadecan-4-yl]hexahydrofuro[3,2-d][1,2]oxazole-3-carboxamide",C29 H53 N5 O7 S,non-polymer,C[C@H](C[C@@H]([C@H](CC(C)C)NC(=O)[C@H](CSC)NC(=O)[C@H]1[C@H]2CCO[C@H]2ON1)O)C(=O)N[C@@H](C(C)C)C(=O)NCC(C)C,CSC[C@H](NC(=O)[C@@H]1NO[C@@H]2OCC[C@@H]21)C(=O)N[C@@H](CC(C)C)[C@@H](O)C[C@@H](C)C(=O)N[C@H](C(=O)NCC(C)C)C(C)C,False,CSC[C@H](NC(=O)[C@@H]1NO[C@@H]2OCC[C@@H]21)C(=O)N[C@@H](CC(C)C)[C@@H](O)C[C@@H](C)C(=O)N[C@H](C(=O)NCC(C)C)C(C)C,"InChI=1S/C29H53N5O7S/c1-15(2)11-20(22(35)12-18(7)25(36)33-23(17(5)6)27(38)30-13-16(3)4)31-26(37)21(14-42-8)32-28(39)24-19-9-10-40-29(19)41-34-24/h15-24,29,34-35H,9-14H2,1-8H3,(H,30,38)(H,31,37)(H,32,39)(H,33,36)/t18-,19-,20+,21+,22+,23+,24-,29+/m1/s1",FHZUZMVZKPPWHG-VRUQXOILSA-N,615.8380000000001,0.9312000000000051,167.12,9,6,17,2,0,0.8620689655172413,42,0,0,0.13953549006744786,905.5988489388334,-1.9299999999999997,36.26241795247166,17.385749575627447,10.966022606827828,0,0,2,0,2,13,161.95829999999978,nan,False,False,False,False,False,None,None
HRV,"N-{3-[(2R,3R)-5-amino-3-methyl-2-(trifluoromethyl)-3,6-dihydro-2H-1,4-oxazin-3-yl]-4-fluorophenyl}-3,5-dichloropyridine-2-carboxamide",C18 H14 Cl2 F4 N4 O2,non-polymer,C[C@]1([C@@H](OCC(=N1)N)C(F)(F)F)c2cc(ccc2F)NC(=O)c3c(cc(cn3)Cl)Cl,C[C@]1(c2cc(NC(=O)c3ncc(Cl)cc3Cl)ccc2F)N=C(N)CO[C@H]1C(F)(F)F,False,C[C@]1(c2cc(NC(=O)c3ncc(Cl)cc3Cl)ccc2F)N=C(N)CO[C@H]1C(F)(F)F,"InChI=1S/C18H14Cl2F4N4O2/c1-17(16(18(22,23)24)30-7-13(25)28-17)10-5-9(2-3-12(10)21)27-15(29)14-11(20)4-8(19)6-26-14/h2-6,16H,7H2,1H3,(H2,25,28)(H,27,29)/t16-,17-/m1/s1",VLILPGWCHAEKPY-IAGOWNOFSA-N,465.23400000000015,4.313300000000003,89.60000000000001,5,2,3,3,2,0.2777777777777778,30,0,0,0.6616530904840371,1031.7313506724645,-2.4299999999999997,22.259593335841,8.010147892470963,4.3499657829801395,0,0,1,2,0,12,103.37959999999998,nan,True,True,True,True,True,None,None
BUH,"~{N}-[6-[(3~{R},6~{R})-5-azanyl-3,6-dimethyl-6-(trifluoromethyl)-2~{H}-1,4-oxazin-3-yl]-5-fluoranyl-pyridin-2-yl]-3-chloranyl-5-(trifluoromethyl)pyridine-2-carboxamide",C19 H15 Cl F7 N5 O2,non-polymer,C[C@]1(CO[C@@](C(=N1)N)(C)C(F)(F)F)c2c(ccc(n2)NC(=O)c3c(cc(cn3)C(F)(F)F)Cl)F,C[C@@]1(c2nc(NC(=O)c3ncc(C(F)(F)F)cc3Cl)ccc2F)CO[C@@](C)(C(F)(F)F)C(N)=N1,False,C[C@@]1(c2nc(NC(=O)c3ncc(C(F)(F)F)cc3Cl)ccc2F)CO[C@@](C)(C(F)(F)F)C(N)=N1,"InChI=1S/C19H15ClF7N5O2/c1-16(7-34-17(2,15(28)32-16)19(25,26)27)13-10(21)3-4-11(30-13)31-14(33)12-9(20)5-8(6-29-12)18(22,23)24/h3-6H,7H2,1-2H3,(H2,28,32)(H,30,31,33)/t16-,17+/m0/s1",PSBBWFNMHDUTRH-DLBZAZTESA-N,513.8010000000002,4.463800000000003,102.49,6,2,3,3,2,0.3684210526315789,34,0,0,0.5899074262129201,1170.704913166481,-2.999999999999999,25.619834710743802,8.340495867768595,4.64,0,0,1,2,0,15,105.7836,nan,True,True,True,False,True,None,None
C7X,"N-[3-[(4S,5S)-2-azanyl-4-methyl-5-phenyl-5,6-dihydro-1,3-thiazin-4-yl]-4-fluoranyl-phenyl]-5-(fluoranylmethoxy)pyrazine-2-carboxamide",C23 H21 F2 N5 O2 S,non-polymer,C[C@]1([C@@H](CSC(=N1)N)c2ccccc2)c3cc(ccc3F)NC(=O)c4cnc(cn4)OCF,C[C@]1(c2cc(NC(=O)c3cnc(OCF)cn3)ccc2F)N=C(N)SC[C@H]1c1ccccc1,False,C[C@]1(c2cc(NC(=O)c3cnc(OCF)cn3)ccc2F)N=C(N)SC[C@H]1c1ccccc1,"InChI=1S/C23H21F2N5O2S/c1-23(17(12-33-22(26)30-23)14-5-3-2-4-6-14)16-9-15(7-8-18(16)25)29-21(31)19-10-28-20(11-27-19)32-13-24/h2-11,17H,12-13H2,1H3,(H2,26,30)(H,29,31)/t17-,23+/m0/s1",BCDWEYSMCDBNJS-GAJHUEQPSA-N,469.5170000000002,4.234300000000002,102.49,7,2,6,4,3,0.21739130434782608,33,0,0,0.5600775569624475,1177.2290905014204,-3.53,22.656378575603984,9.533806267229235,4.799323330304015,0,0,1,3,0,10,123.60360000000004,nan,True,True,True,True,True,None,None
D9W,"~{N}-[3-[(3~{R})-5-azanyl-3-methyl-2,6-dihydro-1,4-oxazin-3-yl]phenyl]-5-bromanyl-pyridine-2-carboxamide",C17 H17 Br N4 O2,non-polymer,C[C@]1(COCC(=N1)N)c2cccc(c2)NC(=O)c3ccc(cn3)Br,C[C@@]1(c2cccc(NC(=O)c3ccc(Br)cn3)c2)COCC(N)=N1,False,C[C@@]1(c2cccc(NC(=O)c3ccc(Br)cn3)c2)COCC(N)=N1,"InChI=1S/C17H17BrN4O2/c1-17(10-24-9-15(19)22-17)11-3-2-4-13(7-11)21-16(23)14-6-5-12(18)8-20-14/h2-8H,9-10H2,1H3,(H2,19,22)(H,21,23)/t17-/m0/s1",HALWMQVNBCAXRZ-KRWDZBQOSA-N,389.25300000000004,2.699,89.60000000000001,5,2,3,3,2,0.23529411764705882,24,0,0,0.8449222162832984,791.4324810170726,-2.25,16.60229916897507,6.7025904456291086,3.627551020408163,0,0,1,2,0,7,96.12560000000003,nan,True,True,True,True,True,None,None
C6R,"N-[3-[(4S,5R)-2-azanyl-4-methyl-5-phenyl-5,6-dihydro-1,3-thiazin-4-yl]-4-fluoranyl-phenyl]-5-(fluoranylmethoxy)pyrazine-2-carboxamide",C23 H21 F2 N5 O2 S,non-polymer,C[C@]1([C@H](CSC(=N1)N)c2ccccc2)c3cc(ccc3F)NC(=O)c4cnc(cn4)OCF,C[C@]1(c2cc(NC(=O)c3cnc(OCF)cn3)ccc2F)N=C(N)SC[C@@H]1c1ccccc1,False,C[C@]1(c2cc(NC(=O)c3cnc(OCF)cn3)ccc2F)N=C(N)SC[C@@H]1c1ccccc1,"InChI=1S/C23H21F2N5O2S/c1-23(17(12-33-22(26)30-23)14-5-3-2-4-6-14)16-9-15(7-8-18(16)25)29-21(31)19-10-28-20(11-27-19)32-13-24/h2-11,17H,12-13H2,1H3,(H2,26,30)(H,29,31)/t17-,23-/m1/s1",BCDWEYSMCDBNJS-UZUQRXQVSA-N,469.5170000000002,4.234300000000002,102.49,7,2,6,4,3,0.21739130434782608,33,0,0,0.5600775569624475,1177.2290905014204,-3.53,22.656378575603984,9.533806267229235,4.799323330304015,0,0,1,3,0,10,123.60360000000004,nan,True,True,True,True,True,None,None
C6U,"N-[3-[(4S)-2-azanyl-4-methyl-5,6-dihydro-1,3-thiazin-4-yl]-4-fluoranyl-phenyl]-5-chloranyl-pyridine-2-carboxamide",C17 H16 Cl F N4 O S,non-polymer,C[C@]1(CCSC(=N1)N)c2cc(ccc2F)NC(=O)c3ccc(cn3)Cl,C[C@@]1(c2cc(NC(=O)c3ccc(Cl)cn3)ccc2F)CCSC(N)=N1,False,C[C@@]1(c2cc(NC(=O)c3ccc(Cl)cn3)ccc2F)CCSC(N)=N1,"InChI=1S/C17H16ClFN4OS/c1-17(6-7-25-16(20)23-17)12-8-11(3-4-13(12)19)22-15(24)14-5-2-10(18)9-21-14/h2-5,8-9H,6-7H2,1H3,(H2,20,23)(H,22,24)/t17-/m0/s1",VVZZZUNCWSTIOI-KRWDZBQOSA-N,378.8600000000001,3.7932000000000015,80.36999999999999,5,2,3,3,2,0.23529411764705882,25,0,0,0.8509242462085475,843.0415333283373,-2.1199999999999997,17.694972963472257,7.0133656438657805,3.9346388134981174,0,0,1,2,0,8,99.6496,nan,True,True,True,True,True,None,None
C7O,"N-[3-[(5R)-3-azanyl-5-methyl-9,9-bis(oxidanylidene)-2,9$l^{6}-dithia-4-azaspiro[5.5]undec-3-en-5-yl]-4-fluoranyl-phenyl]-5-(fluoranylmethoxy)pyrazine-2-carboxamide",C21 H23 F2 N5 O4 S2,non-polymer,C[C@]1(C2(CCS(=O)(=O)CC2)CSC(=N1)N)c3cc(ccc3F)NC(=O)c4cnc(cn4)OCF,C[C@]1(c2cc(NC(=O)c3cnc(OCF)cn3)ccc2F)N=C(N)SCC12CCS(=O)(=O)CC2,False,C[C@]1(c2cc(NC(=O)c3cnc(OCF)cn3)ccc2F)N=C(N)SCC12CCS(=O)(=O)CC2,"InChI=1S/C21H23F2N5O4S2/c1-20(21(11-33-19(24)28-20)4-6-34(30,31)7-5-21)14-8-13(2-3-15(14)23)27-18(29)16-9-26-17(10-25-16)32-12-22/h2-3,8-10H,4-7,11-12H2,1H3,(H2,24,28)(H,27,29)/t20-/m1/s1",DZTJZUAOGBUBNK-HXUWFJFHSA-N,511.5760000000002,2.6455,136.63,9,2,5,4,2,0.42857142857142855,34,0,0,0.6252276742818563,1226.2248946394554,-2.8000000000000003,24.32855237508977,9.098072248289895,4.580586415856583,1,0,2,2,1,13,124.74140000000004,nan,True,True,False,False,True,None,None
C83,"N-[3-[(4R,5R,6R)-2-azanyl-5-fluoranyl-4,6-dimethyl-5,6-dihydro-1,3-thiazin-4-yl]-4-fluoranyl-phenyl]-5-(fluoranylmethoxy)pyrazine-2-carboxamide",C18 H18 F3 N5 O2 S,non-polymer,C[C@@H]1[C@@H]([C@@](N=C(S1)N)(C)c2cc(ccc2F)NC(=O)c3cnc(cn3)OCF)F,C[C@H]1SC(N)=N[C@](C)(c2cc(NC(=O)c3cnc(OCF)cn3)ccc2F)[C@H]1F,False,C[C@H]1SC(N)=N[C@](C)(c2cc(NC(=O)c3cnc(OCF)cn3)ccc2F)[C@H]1F,"InChI=1S/C18H18F3N5O2S/c1-9-15(21)18(2,26-17(22)29-9)11-5-10(3-4-12(11)20)25-16(27)13-6-24-14(7-23-13)28-8-19/h3-7,9,15H,8H2,1-2H3,(H2,22,26)(H,25,27)/t9-,15+,18-/m1/s1",JWJQXZNLFNMIHE-AHRODOEDSA-N,425.4360000000002,3.177100000000001,102.49,7,2,5,3,2,0.3333333333333333,29,0,0,0.7629276583291751,943.5938669851084,-2.82,20.902542551910788,8.274755457711212,4.286660797991909,0,0,1,2,0,11,103.9116,nan,True,True,True,True,True,None,None
C86,"N-[3-[(4S,6S)-2-azanyl-4-methyl-6-(trifluoromethyl)-5,6-dihydro-1,3-thiazin-4-yl]-4-fluoranyl-phenyl]-5-(fluoranylmethoxy)pyrazine-2-carboxamide",C18 H16 F5 N5 O2 S,non-polymer,C[C@]1(C[C@H](SC(=N1)N)C(F)(F)F)c2cc(ccc2F)NC(=O)c3cnc(cn3)OCF,C[C@@]1(c2cc(NC(=O)c3cnc(OCF)cn3)ccc2F)C[C@@H](C(F)(F)F)SC(N)=N1,False,C[C@@]1(c2cc(NC(=O)c3cnc(OCF)cn3)ccc2F)C[C@@H](C(F)(F)F)SC(N)=N1,"InChI=1S/C18H16F5N5O2S/c1-17(5-13(18(21,22)23)31-16(24)28-17)10-4-9(2-3-11(10)20)27-15(29)12-6-26-14(7-25-12)30-8-19/h2-4,6-7,13H,5,8H2,1H3,(H2,24,28)(H,27,29)/t13-,17-/m0/s1",JRPAQOLQALFUAQ-GUYCJALGSA-N,461.41600000000017,3.7715000000000014,102.49,7,2,5,3,2,0.3333333333333333,31,0,0,0.657587103293206,1001.8252532162794,-2.96,22.719121136310044,8.65003803590124,5.210942760081751,0,0,1,2,0,13,104.0136,nan,True,True,True,True,True,None,None
L3J,"(E)-N-(2-methylpropylidene)-N~2~-{[(4S)-17-[(methylsulfonyl)(propyl)amino]-2-oxo-3-azatricyclo[13.3.1.1~6,10~]icosa-1(19),6(20),7,9,15,17-hexaen-4-yl]methyl}-D-threoninamide",C32 H46 N4 O5 S,non-polymer,CCCN(c1cc2cc(c1)C(=O)N[C@@H](Cc3cccc(c3)CCCC2)CN[C@H]([C@H](C)O)C(=O)/N=C/C(C)C)S(=O)(=O)C,CCCN(c1cc2cc(c1)C(=O)N[C@H](CN[C@@H](C(=O)/N=C/C(C)C)[C@H](C)O)Cc1cccc(c1)CCCC2)S(C)(=O)=O,False,CCCN(c1cc2cc(c1)C(=O)N[C@H](CN[C@@H](C(=O)/N=C/C(C)C)[C@H](C)O)Cc1cccc(c1)CCCC2)S(C)(=O)=O,"InChI=1S/C32H46N4O5S/c1-6-14-36(42(5,40)41)29-18-26-11-8-7-10-24-12-9-13-25(15-24)17-28(35-31(38)27(16-26)19-29)21-33-30(23(4)37)32(39)34-20-22(2)3/h9,12-13,15-16,18-20,22-23,28,30,33,37H,6-8,10-11,14,17,21H2,1-5H3,(H,35,38)/b34-20+/t23-,28-,30+/m0/s1",DQMUZJCEBNKYBU-PQJSMVLXSA-N,598.8100000000004,3.6749000000000027,128.17000000000002,6,3,10,3,2,0.53125,42,0,0,0.358259337743325,1356.4247476816267,-3.08,33.42244665938546,15.407586230579044,10.02868085298456,0,4,1,2,0,10,168.77349999999964,nan,True,True,True,False,True,None,imine_1
L3M,"(3S)-3-hydroxy-N-(2-methylpropyl)-N~2~-{[(4S)-17-[(methylsulfonyl)(propyl)amino]-2-oxo-3-azatricyclo[13.3.1.1~6,10~]icosa-1(19),6(20),7,9,15,17-hexaen-4-yl]methyl}-L-norleucinamide",C34 H52 N4 O5 S,non-polymer,CCC[C@@H]([C@@H](C(=O)NCC(C)C)NC[C@@H]1Cc2cccc(c2)CCCCc3cc(cc(c3)N(CCC)S(=O)(=O)C)C(=O)N1)O,CCC[C@H](O)[C@H](NC[C@@H]1Cc2cccc(c2)CCCCc2cc(cc(N(CCC)S(C)(=O)=O)c2)C(=O)N1)C(=O)NCC(C)C,False,CCC[C@H](O)[C@H](NC[C@@H]1Cc2cccc(c2)CCCCc2cc(cc(N(CCC)S(C)(=O)=O)c2)C(=O)N1)C(=O)NCC(C)C,"InChI=1S/C34H52N4O5S/c1-6-11-31(39)32(34(41)36-22-24(3)4)35-23-29-19-26-15-10-14-25(17-26)12-8-9-13-27-18-28(33(40)37-29)21-30(20-27)38(16-7-2)44(5,42)43/h10,14-15,17-18,20-21,24,29,31-32,35,39H,6-9,11-13,16,19,22-23H2,1-5H3,(H,36,41)(H,37,40)/t29-,31-,32-/m0/s1",BUVUUWHTEARFCT-GOBOWQCMSA-N,628.8800000000005,3.9739000000000027,127.84000000000002,6,4,13,3,2,0.5882352941176471,44,0,0,0.2659273731461172,1346.9302907387046,-2.95,35.52809248625089,16.936301382209248,10.89086538716222,0,4,1,2,0,10,177.51819999999955,nan,True,False,True,False,False,None,None
M7D,"N-{3-[(3R)-1-amino-3-methyl-3,4-dihydropyrrolo[1,2-a]pyrazin-3-yl]-4-fluorophenyl}-5-cyanopyridine-2-carboxamide",C21 H17 F N6 O,non-polymer,C[C@]1(Cn2cccc2C(=N1)N)c3cc(ccc3F)NC(=O)c4ccc(cn4)C#N,C[C@@]1(c2cc(NC(=O)c3ccc(C#N)cn3)ccc2F)Cn2cccc2C(N)=N1,False,C[C@@]1(c2cc(NC(=O)c3ccc(C#N)cn3)ccc2F)Cn2cccc2C(N)=N1,"InChI=1S/C21H17FN6O/c1-21(12-28-8-2-3-18(28)19(24)27-21)15-9-14(5-6-16(15)22)26-20(29)17-7-4-13(10-23)11-25-17/h2-9,11H,12H2,1H3,(H2,24,27)(H,26,29)/t21-/m0/s1",FZFJUKOAGOAQFB-NRFANRHFSA-N,388.40600000000006,2.7804800000000007,109.09,6,2,3,4,3,0.14285714285714285,29,0,0,0.7188763442620041,1174.6271555681828,-3.9899999999999993,18.376880625206407,6.872053189860144,3.3402657148606427,0,0,1,3,0,8,105.8136,nan,True,True,True,True,True,None,None
L4J,"N-(2-methylpropyl)-N~2~-{[(4S)-17-[(methylsulfonyl)(propyl)amino]-2-oxo-3-azatricyclo[13.3.1.1~6,10~]icosa-1(19),6(20),7,9,15,17-hexaen-4-yl]methyl}-L-norleucinamide",C34 H52 N4 O4 S,non-polymer,CCCC[C@@H](C(=O)NCC(C)C)NC[C@@H]1Cc2cccc(c2)CCCCc3cc(cc(c3)N(CCC)S(=O)(=O)C)C(=O)N1,CCCC[C@H](NC[C@@H]1Cc2cccc(c2)CCCCc2cc(cc(N(CCC)S(C)(=O)=O)c2)C(=O)N1)C(=O)NCC(C)C,False,CCCC[C@H](NC[C@@H]1Cc2cccc(c2)CCCCc2cc(cc(N(CCC)S(C)(=O)=O)c2)C(=O)N1)C(=O)NCC(C)C,"InChI=1S/C34H52N4O4S/c1-6-8-16-32(34(40)36-23-25(3)4)35-24-30-20-27-15-11-14-26(18-27)12-9-10-13-28-19-29(33(39)37-30)22-31(21-28)38(17-7-2)43(5,41)42/h11,14-15,18-19,21-22,25,30,32,35H,6-10,12-13,16-17,20,23-24H2,1-5H3,(H,36,40)(H,37,39)/t30-,32-/m0/s1",JRTACURQOKVHSE-CDZUIXILSA-N,612.8810000000003,5.003100000000004,107.61000000000001,5,3,13,3,2,0.5882352941176471,43,0,0,0.29512836438272977,1311.222293973638,-2.91,34.57877037241753,16.80679345134987,11.265460566798945,0,4,1,2,0,9,176.12839999999954,nan,False,False,True,False,False,None,None
QJJ,"N-{(1S,2S)-2-[(4aS,7aR)-2-amino-4a,5-dihydro-4H-furo[3,4-d][1,3]thiazin-7a(7H)-yl]cyclopropyl}-5-fluoropyridine-2-carboxamide",C15 H17 F N4 O2 S,non-polymer,c1cc(ncc1F)C(=O)N[C@H]2C[C@@H]2[C@]34COC[C@H]3CSC(=N4)N,NC1=N[C@@]2([C@H]3C[C@@H]3NC(=O)c3ccc(F)cn3)COC[C@H]2CS1,False,NC1=N[C@@]2([C@H]3C[C@@H]3NC(=O)c3ccc(F)cn3)COC[C@H]2CS1,"InChI=1S/C15H17FN4O2S/c16-9-1-2-11(18-4-9)13(21)19-12-3-10(12)15-7-22-5-8(15)6-23-14(17)20-15/h1-2,4,8,10,12H,3,5-7H2,(H2,17,20)(H,19,21)/t8-,10-,12-,15-/m0/s1",OWWIYTVWTQBRDL-FGAILIKWSA-N,336.39200000000005,0.7856999999999998,89.6,6,2,3,4,1,0.5333333333333333,23,0,0,0.8515617803701991,667.9456521883172,-1.67,14.892972749843779,5.451112019994705,2.5925060588805335,0,0,3,1,2,8,84.67660000000004,nan,True,True,True,True,True,None,None
P6J,"N-{3-[(1S,5S,6S)-3-amino-1-(methoxymethyl)-5-methyl-2-thia-4-azabicyclo[4.1.0]hept-3-en-5-yl]-4,5-difluorophenyl}-5-[(prop-2-yn-1-yl)oxy]pyrazine-2-carboxamide",C22 H21 F2 N5 O3 S,non-polymer,C[C@]1([C@@H]2C[C@@]2(SC(=N1)N)COC)c3cc(cc(c3F)F)NC(=O)c4cnc(cn4)OCC#C,C#CCOc1cnc(C(=O)Nc2cc(F)c(F)c([C@@]3(C)N=C(N)S[C@@]4(COC)C[C@H]43)c2)cn1,False,C#CCOc1cnc(C(=O)Nc2cc(F)c(F)c([C@@]3(C)N=C(N)S[C@@]4(COC)C[C@H]43)c2)cn1,"InChI=1S/C22H21F2N5O3S/c1-4-5-32-17-10-26-15(9-27-17)19(30)28-12-6-13(18(24)14(23)7-12)21(2)16-8-22(16,11-31-3)33-20(25)29-21/h1,6-7,9-10,16H,5,8,11H2,2-3H3,(H2,25,29)(H,28,30)/t16-,21+,22+/m0/s1",IPUJINDWAGRAHN-KNXBSLHKSA-N,473.50500000000017,2.7009000000000007,111.72000000000001,8,2,7,4,2,0.36363636363636365,33,0,0,0.5949350180326274,1169.8566464486926,-3.230000000000001,22.945930596628337,8.607505216591807,4.2354460902053965,0,0,2,2,1,11,119.95060000000004,nan,True,True,True,True,True,None,triple_bond
QJM,"N-{(1R,2R)-2-[(4aS,7aR)-2-amino-4a,5-dihydro-4H-furo[3,4-d][1,3]thiazin-7a(7H)-yl]cyclopropyl}-5-fluoropyridine-2-carboxamide",C15 H17 F N4 O2 S,non-polymer,c1cc(ncc1F)C(=O)N[C@@H]2C[C@H]2[C@]34COC[C@H]3CSC(=N4)N,NC1=N[C@@]2([C@@H]3C[C@H]3NC(=O)c3ccc(F)cn3)COC[C@H]2CS1,False,NC1=N[C@@]2([C@@H]3C[C@H]3NC(=O)c3ccc(F)cn3)COC[C@H]2CS1,"InChI=1S/C15H17FN4O2S/c16-9-1-2-11(18-4-9)13(21)19-12-3-10(12)15-7-22-5-8(15)6-23-14(17)20-15/h1-2,4,8,10,12H,3,5-7H2,(H2,17,20)(H,19,21)/t8-,10+,12+,15-/m0/s1",OWWIYTVWTQBRDL-RAAPYIGPSA-N,336.39200000000005,0.7856999999999998,89.6,6,2,3,4,1,0.5333333333333333,23,0,0,0.8515617803701991,667.9456521883172,-1.67,14.892972749843779,5.451112019994705,2.5925060588805335,0,0,3,1,2,8,84.67660000000004,nan,True,True,True,True,True,None,None
QJP,"(1R,2R)-2-[(4aS,7aR)-2-amino-4a,5-dihydro-4H-furo[3,4-d][1,3]thiazin-7a(7H)-yl]-N-{[(1R,2R)-2-methylcyclopropyl]methyl}cyclopropane-1-carboxamide",C15 H23 N3 O2 S,non-polymer,C[C@@H]1C[C@H]1CNC(=O)[C@@H]2C[C@H]2[C@]34COC[C@H]3CSC(=N4)N,C[C@@H]1C[C@H]1CNC(=O)[C@@H]1C[C@H]1[C@]12COC[C@H]1CSC(N)=N2,False,C[C@@H]1C[C@H]1CNC(=O)[C@@H]1C[C@H]1[C@]12COC[C@H]1CSC(N)=N2,"InChI=1S/C15H23N3O2S/c1-8-2-9(8)4-17-13(19)11-3-12(11)15-7-20-5-10(15)6-21-14(16)18-15/h8-12H,2-7H2,1H3,(H2,16,18)(H,17,19)/t8-,9+,10+,11-,12-,15+/m1/s1",FKPBYKKZZCOMKI-MIDHOLSSSA-N,309.435,0.8414000000000006,76.71,5,2,4,4,0,0.8666666666666667,21,0,0,0.8067083008127653,497.3104018821451,-0.75,13.881633714880333,4.87910820451843,2.361546290808833,0,0,4,0,3,6,82.99810000000004,nan,True,True,True,True,True,None,None
QJV,"(1R,2R)-2-[(4aS,7aR)-2-amino-4a,5-dihydro-4H-furo[3,4-d][1,3]thiazin-7a(7H)-yl]-N-butylcyclopropane-1-carboxamide",C14 H23 N3 O2 S,non-polymer,CCCCNC(=O)[C@@H]1C[C@H]1[C@]23COC[C@H]2CSC(=N3)N,CCCCNC(=O)[C@@H]1C[C@H]1[C@]12COC[C@H]1CSC(N)=N2,False,CCCCNC(=O)[C@@H]1C[C@H]1[C@]12COC[C@H]1CSC(N)=N2,"InChI=1S/C14H23N3O2S/c1-2-3-4-16-12(18)10-5-11(10)14-8-19-6-9(14)7-20-13(15)17-14/h9-11H,2-8H2,1H3,(H2,15,17)(H,16,18)/t9-,10+,11+,14-/m0/s1",WVAFMFLAAGBATC-OXIWPEFWSA-N,297.424,0.9855,76.71,5,2,5,3,0,0.8571428571428571,20,0,0,0.7418761575629095,428.64207855803267,-0.75,14.198373702422145,5.560848,2.43513816031274,0,0,3,0,2,6,80.63510000000004,nan,True,True,True,True,True,None,Aliphatic_long_chain
QKA,"(1R,2R)-2-[(4aR,7aR)-2-amino-6-(pyrimidin-2-yl)-4a,5,6,7-tetrahydropyrrolo[3,4-d][1,3]thiazin-7a(4H)-yl]-N-{[(1R,2R)-2-methylcyclopropyl]methyl}cyclopropane-1-carboxamide",C19 H26 N6 O S,non-polymer,C[C@@H]1C[C@H]1CNC(=O)[C@@H]2C[C@H]2[C@]34CN(C[C@H]3CSC(=N4)N)c5ncccn5,C[C@@H]1C[C@H]1CNC(=O)[C@@H]1C[C@H]1[C@]12CN(c3ncccn3)C[C@H]1CSC(N)=N2,False,C[C@@H]1C[C@H]1CNC(=O)[C@@H]1C[C@H]1[C@]12CN(c3ncccn3)C[C@H]1CSC(N)=N2,"InChI=1S/C19H26N6OS/c1-11-5-12(11)7-23-16(26)14-6-15(14)19-10-25(18-21-3-2-4-22-18)8-13(19)9-27-17(20)24-19/h2-4,11-15H,5-10H2,1H3,(H2,20,24)(H,23,26)/t11-,12+,13+,14-,15-,19+/m1/s1",UKXLLHCQBVONES-MPDRSUQMSA-N,386.52500000000003,1.121400000000001,96.5,7,2,5,5,1,0.6842105263157895,27,0,0,0.7872421426401108,772.7231974058102,-1.8299999999999998,17.280792607589547,6.359581493454316,3.0735925999394227,0,0,4,1,3,8,106.42410000000002,nan,True,True,True,True,True,None,None
QK7,"(4aR,7aR)-7a-[(1R,2R)-2-(2-{[(1R,2R)-2-methylcyclopropyl]methoxy}propan-2-yl)cyclopropyl]-6-(pyrimidin-2-yl)-4,4a,5,6,7,7a-hexahydropyrrolo[3,4-d][1,3]thiazin-2-amine",C21 H31 N5 O S,non-polymer,C[C@@H]1C[C@H]1COC(C)(C)[C@@H]2C[C@H]2[C@]34CN(C[C@H]3CSC(=N4)N)c5ncccn5,C[C@@H]1C[C@H]1COC(C)(C)[C@@H]1C[C@H]1[C@]12CN(c3ncccn3)C[C@H]1CSC(N)=N2,False,C[C@@H]1C[C@H]1COC(C)(C)[C@@H]1C[C@H]1[C@]12CN(c3ncccn3)C[C@H]1CSC(N)=N2,"InChI=1S/C21H31N5OS/c1-13-7-14(13)10-27-20(2,3)16-8-17(16)21-12-26(19-23-5-4-6-24-19)9-15(21)11-28-18(22)25-21/h4-6,13-17H,7-12H2,1-3H3,(H2,22,25)/t13-,14+,15+,16-,17-,21+/m1/s1",BFGQEVKVRRYAQC-IFEDNLKFSA-N,401.58000000000004,2.8004000000000007,76.63,7,1,6,5,1,0.7619047619047619,28,0,0,0.7898468885947061,771.3192640719737,-1.34,18.673647142725233,6.59019988718621,3.201996081123472,0,0,4,1,3,7,113.44540000000005,nan,True,True,True,True,True,None,None
U64,"6-[(Z)-2-{3-[(1S,5S,6S)-3-amino-5-methyl-1-(morpholine-4-carbonyl)-2-thia-4-azabicyclo[4.1.0]hept-3-en-5-yl]-4-fluorophenyl}-1-fluoroethenyl]pyridine-3-carbonitrile",C25 H23 F2 N5 O2 S,non-polymer,C[C@]1([C@@H]2C[C@@]2(SC(=N1)N)C(=O)N3CCOCC3)c4cc(ccc4F)/C=C(/c5ccc(cn5)C#N)\F,C[C@]1(c2cc(/C=C(\F)c3ccc(C#N)cn3)ccc2F)N=C(N)S[C@@]2(C(=O)N3CCOCC3)C[C@H]21,False,C[C@]1(c2cc(/C=C(\F)c3ccc(C#N)cn3)ccc2F)N=C(N)S[C@@]2(C(=O)N3CCOCC3)C[C@H]21,"InChI=1S/C25H23F2N5O2S/c1-24(21-12-25(21,35-23(29)31-24)22(33)32-6-8-34-9-7-32)17-10-15(2-4-18(17)26)11-19(27)20-5-3-16(13-28)14-30-20/h2-5,10-11,14,21H,6-9,12H2,1H3,(H2,29,31)/b19-11-/t21-,24+,25-/m0/s1",VZHFJCNPAIRJSA-MYMUPAQMSA-N,495.5550000000001,3.454180000000002,104.6,7,1,4,5,2,0.36,35,0,0,0.6967809703353102,1285.7526410551234,-3.2899999999999996,23.451799606823723,8.734112933734043,4.085887236187398,0,0,3,2,2,10,129.13340000000002,nan,True,True,True,False,True,None,None
SL8,"~{N}-[3-[(3~{R},6~{R})-5-azanyl-3,6-dimethyl-6-(trifluoromethyl)-2~{H}-1,4-oxazin-3-yl]phenyl]-5-bromanyl-pyridine-2-carboxamide",C19 H18 Br F3 N4 O2,non-polymer,C[C@]1(CO[C@@](C(=N1)N)(C)C(F)(F)F)c2cccc(c2)NC(=O)c3ccc(cn3)Br,C[C@@]1(c2cccc(NC(=O)c3ccc(Br)cn3)c2)CO[C@@](C)(C(F)(F)F)C(N)=N1,False,C[C@@]1(c2cccc(NC(=O)c3ccc(Br)cn3)c2)CO[C@@](C)(C(F)(F)F)C(N)=N1,"InChI=1S/C19H18BrF3N4O2/c1-17(10-29-18(2,16(24)27-17)19(21,22)23)11-4-3-5-13(8-11)26-15(28)14-7-6-12(20)9-25-14/h3-9H,10H2,1-2H3,(H2,24,27)(H,26,28)/t17-,18+/m0/s1",YGNDEESWZOXXLA-ZWKOTPCHSA-N,471.2770000000001,4.020000000000002,89.60000000000001,5,2,3,3,2,0.3157894736842105,29,0,0,0.7081068532169263,964.6717648719253,-2.46,21.253710800170307,7.416243097758822,4.129793855237729,0,0,1,2,0,10,105.71860000000001,nan,True,True,True,True,True,None,None
SLK,"~{N}-[3-[(3~{R},6~{R})-5-azanyl-3,6-dimethyl-6-(trifluoromethyl)-2~{H}-1,4-oxazin-3-yl]-4-fluoranyl-phenyl]-5-cyano-3-methyl-pyridine-2-carboxamide",C21 H19 F4 N5 O2,non-polymer,Cc1cc(cnc1C(=O)Nc2ccc(c(c2)[C@@]3(CO[C@@](C(=N3)N)(C)C(F)(F)F)C)F)C#N,Cc1cc(C#N)cnc1C(=O)Nc1ccc(F)c([C@]2(C)CO[C@@](C)(C(F)(F)F)C(N)=N2)c1,False,Cc1cc(C#N)cnc1C(=O)Nc1ccc(F)c([C@]2(C)CO[C@@](C)(C(F)(F)F)C(N)=N2)c1,"InChI=1S/C21H19F4N5O2/c1-11-6-12(8-26)9-28-16(11)17(31)29-13-4-5-15(22)14(7-13)19(2)10-32-20(3,18(27)30-19)21(23,24)25/h4-7,9H,10H2,1-3H3,(H2,27,30)(H,29,31)/t19-,20+/m0/s1",BQFHTVUWPJXLOW-VQTJNVASSA-N,449.40800000000013,3.5767000000000015,113.38999999999999,6,2,3,3,2,0.3333333333333333,32,0,0,0.6957860601734448,1157.8546178954473,-3.519999999999999,23.14960133920268,7.870336622948183,4.009585572487777,0,0,1,2,0,11,107.42860000000005,nan,True,True,True,True,True,None,None
SKW,"~{N}-[3-[(4~{S})-2-azanyl-4-methyl-5,6-dihydro-1,3-thiazin-4-yl]phenyl]-5-bromanyl-pyridine-2-carboxamide",C17 H17 Br N4 O S,non-polymer,C[C@]1(CCSC(=N1)N)c2cccc(c2)NC(=O)c3ccc(cn3)Br,C[C@@]1(c2cccc(NC(=O)c3ccc(Br)cn3)c2)CCSC(N)=N1,False,C[C@@]1(c2cccc(NC(=O)c3ccc(Br)cn3)c2)CCSC(N)=N1,"InChI=1S/C17H17BrN4OS/c1-17(7-8-24-16(19)22-17)11-3-2-4-13(9-11)21-15(23)14-6-5-12(18)10-20-14/h2-6,9-10H,7-8H2,1H3,(H2,19,22)(H,21,23)/t17-/m0/s1",FSIYTVBWWROBPT-KRWDZBQOSA-N,405.3210000000001,3.763200000000002,80.36999999999999,5,2,3,3,2,0.23529411764705882,24,0,0,0.8150245958009853,793.4324810170726,-1.8599999999999999,16.97903685282414,6.944170908851787,3.7868549938624665,0,0,1,2,0,7,102.38160000000003,nan,True,True,True,True,True,None,None
GUC,"N-[3-[(3S)-1-azanyl-5-fluoranyl-3-methyl-4H-2,6-naphthyridin-3-yl]-4-fluoranyl-phenyl]-5-cyano-3-methyl-pyridine-2-carboxamide",C23 H18 F2 N6 O,non-polymer,Cc1cc(cnc1C(=O)Nc2ccc(c(c2)[C@@]3(Cc4c(ccnc4F)C(=N3)N)C)F)C#N,Cc1cc(C#N)cnc1C(=O)Nc1ccc(F)c([C@]2(C)Cc3c(ccnc3F)C(N)=N2)c1,False,Cc1cc(C#N)cnc1C(=O)Nc1ccc(F)c([C@]2(C)Cc3c(ccnc3F)C(N)=N2)c1,"InChI=1S/C23H18F2N6O/c1-12-7-13(10-26)11-29-19(12)22(32)30-14-3-4-18(24)17(8-14)23(2)9-16-15(21(27)31-23)5-6-28-20(16)25/h3-8,11H,9H2,1-2H3,(H2,27,31)(H,30,32)/t23-/m0/s1",UOHLPZVSOSMODJ-QHCPKHFHSA-N,432.43400000000014,3.3640000000000017,117.05000000000001,6,2,3,4,3,0.17391304347826086,32,0,0,0.6156828586300007,1330.5472912808696,-4.189999999999999,21.057713867732847,7.813315037592375,3.668240077750962,0,0,1,3,0,9,114.01760000000003,nan,True,True,True,True,True,None,2-halo_pyridine
GTU,"N-[3-[(4R)-2-azanyl-4-prop-1-ynyl-5,6-dihydro-1,3-oxazin-4-yl]-4-fluoranyl-phenyl]-5-cyano-pyridine-2-carboxamide",C20 H16 F N5 O2,non-polymer,CC#C[C@]1(CCOC(=N1)N)c2cc(ccc2F)NC(=O)c3ccc(cn3)C#N,CC#C[C@@]1(c2cc(NC(=O)c3ccc(C#N)cn3)ccc2F)CCOC(N)=N1,False,CC#C[C@@]1(c2cc(NC(=O)c3ccc(C#N)cn3)ccc2F)CCOC(N)=N1,"InChI=1S/C20H16FN5O2/c1-2-7-20(8-9-28-19(23)26-20)15-10-14(4-5-16(15)21)25-18(27)17-6-3-13(11-22)12-24-17/h3-6,10,12H,8-9H2,1H3,(H2,23,26)(H,25,27)/t20-/m0/s1",DWCWSXLKLMTBSD-FQEVSTJZSA-N,377.37900000000013,2.29828,113.39000000000001,6,2,3,3,2,0.2,28,0,0,0.7969993595388121,1046.991334177095,-3.9099999999999993,18.868462264875795,7.765929065213649,3.7642379600918416,0,0,1,2,0,8,100.6246,nan,True,True,True,True,True,None,triple_bond
GX6,"N-[3-[(9S)-7-azanyl-2,2-bis(fluoranyl)-9-prop-1-ynyl-6-oxa-8-azaspiro[3.5]non-7-en-9-yl]-4-fluoranyl-phenyl]-5-cyano-pyridine-2-carboxamide",C23 H18 F3 N5 O2,non-polymer,CC#C[C@]1(C2(CC(C2)(F)F)COC(=N1)N)c3cc(ccc3F)NC(=O)c4ccc(cn4)C#N,CC#C[C@]1(c2cc(NC(=O)c3ccc(C#N)cn3)ccc2F)N=C(N)OCC12CC(F)(F)C2,False,CC#C[C@]1(c2cc(NC(=O)c3ccc(C#N)cn3)ccc2F)N=C(N)OCC12CC(F)(F)C2,"InChI=1S/C23H18F3N5O2/c1-2-7-23(21(11-22(25,26)12-21)13-33-20(28)31-23)16-8-15(4-5-17(16)24)30-19(32)18-6-3-14(9-27)10-29-18/h3-6,8,10H,11-13H2,1H3,(H2,28,31)(H,30,32)/t23-/m1/s1",GBDJTQDCHCBNSY-HSZRJFAPSA-N,453.4240000000001,3.3236800000000013,113.39000000000001,6,2,3,4,2,0.30434782608695654,33,0,0,0.6925221843012233,1249.5835800920013,-4.049999999999999,22.154934353119238,7.820076014025953,3.7389679031328087,1,0,2,2,1,10,112.62160000000002,nan,True,True,True,True,True,None,triple_bond
0QQ,"N-[3-[(4R,5R,6R)-2-azanyl-5-fluoranyl-4,6-dimethyl-5,6-dihydro-1,3-thiazin-4-yl]-4-fluoranyl-phenyl]-2,3-dihydro-[1,4]dioxino[2,3-c]pyridine-7-carboxamide",C20 H20 F2 N4 O3 S,non-polymer,C[C@@H]1[C@@H]([C@@](N=C(S1)N)(C)c2cc(ccc2F)NC(=O)c3cc4c(cn3)OCCO4)F,C[C@H]1SC(N)=N[C@](C)(c2cc(NC(=O)c3cc4c(cn3)OCCO4)ccc2F)[C@H]1F,False,C[C@H]1SC(N)=N[C@](C)(c2cc(NC(=O)c3cc4c(cn3)OCCO4)ccc2F)[C@H]1F,"InChI=1S/C20H20F2N4O3S/c1-10-17(22)20(2,26-19(23)30-10)12-7-11(3-4-13(12)21)25-18(27)14-8-15-16(9-24-14)29-6-5-28-15/h3-4,7-10,17H,5-6H2,1-2H3,(H2,23,26)(H,25,27)/t10-,17+,20-/m1/s1",LQVIUEMPEFSVOL-CPRIZNHFSA-N,434.4680000000003,3.2475000000000014,98.83,7,2,3,4,2,0.35,30,0,0,0.7695959406959518,1035.1063263028425,-2.88,20.395112035258702,7.748789183765117,3.668092353510967,0,0,2,2,0,10,110.5036,nan,True,True,True,True,True,None,None
H3C,"N-[3-[(4S)-2-azanyl-4-methyl-1,3-thiazin-4-yl]-4-fluoranyl-phenyl]-5-cyano-pyridine-2-carboxamide",C18 H14 F N5 O S,non-polymer,C[C@]1(C=CSC(=N1)N)c2cc(ccc2F)NC(=O)c3ccc(cn3)C#N,C[C@@]1(c2cc(NC(=O)c3ccc(C#N)cn3)ccc2F)C=CSC(N)=N1,False,C[C@@]1(c2cc(NC(=O)c3ccc(C#N)cn3)ccc2F)C=CSC(N)=N1,"InChI=1S/C18H14FN5OS/c1-18(6-7-26-17(21)24-18)13-8-12(3-4-14(13)19)23-16(25)15-5-2-11(9-20)10-22-15/h2-8,10H,1H3,(H2,21,24)(H,23,25)/t18-/m0/s1",VLLFGVHGKLDDLW-SFHVURJKSA-N,367.40900000000016,3.135080000000001,104.16,6,2,3,3,2,0.1111111111111111,26,0,0,0.8671619904066762,964.5370132541506,-3.18,17.636872619037568,6.9766771831547745,3.576587726769195,0,0,1,2,0,8,99.0106,nan,True,True,True,True,True,None,None
ZQS,"(4aR,7aR)-6-(pyrimidin-2-yl)-7a-(thiophen-2-yl)-4,4a,5,6,7,7a-hexahydropyrrolo[3,4-d][1,3]thiazin-2-amine",C14 H15 N5 S2,non-polymer,c1cc(sc1)[C@]23CN(C[C@H]2CSC(=N3)N)c4ncccn4,NC1=N[C@@]2(c3cccs3)CN(c3ncccn3)C[C@H]2CS1,False,NC1=N[C@@]2(c3cccs3)CN(c3ncccn3)C[C@H]2CS1,"InChI=1S/C14H15N5S2/c15-12-18-14(11-3-1-6-20-11)9-19(7-10(14)8-21-12)13-16-4-2-5-17-13/h1-6,10H,7-9H2,(H2,15,18)/t10-,14-/m0/s1",GFWNXZDRVLVYFN-HZMBPMFUSA-N,317.443,1.9312999999999998,67.4,7,1,2,4,2,0.35714285714285715,21,0,0,0.9165277596078425,657.2685950315172,-1.5999999999999999,13.090051020408161,4.993710782028756,2.1125879379823775,0,0,2,2,1,7,87.81240000000001,nan,True,True,True,True,True,None,None
ZRD,"(4aR,7aR)-6-(5-fluoropyrimidin-2-yl)-7a-(1,2-thiazol-5-yl)-4,4a,5,6,7,7a-hexahydropyrrolo[3,4-d][1,3]thiazin-2-amine",C13 H13 F N6 S2,non-polymer,c1cnsc1[C@]23CN(C[C@H]2CSC(=N3)N)c4ncc(cn4)F,NC1=N[C@@]2(c3ccns3)CN(c3ncc(F)cn3)C[C@H]2CS1,False,NC1=N[C@@]2(c3ccns3)CN(c3ncc(F)cn3)C[C@H]2CS1,"InChI=1S/C13H13FN6S2/c14-9-3-16-12(17-4-9)20-5-8-6-21-11(15)19-13(8,7-20)10-1-2-18-22-10/h1-4,8H,5-7H2,(H2,15,19)/t8-,13-/m0/s1",JTNSTOMSFFQQFP-SDBXPKJASA-N,336.421,1.4654,80.29,8,1,2,4,2,0.38461538461538464,22,0,0,0.8943353798009074,703.8302111393598,-1.7399999999999998,13.890970397813346,5.165272203667176,2.153462866947821,0,0,2,2,1,9,85.56540000000001,nan,True,True,True,True,True,None,None
ZR7,"N-{3-[(4aR,7aS)-2-amino-6-(5-fluoropyrimidin-2-yl)-4a,5,6,7-tetrahydropyrrolo[3,4-d][1,3]thiazin-7a(4H)-yl]-4-fluorophenyl}-5-methoxypyrazine-2-carboxamide",C22 H20 F2 N8 O2 S,non-polymer,COc1cnc(cn1)C(=O)Nc2ccc(c(c2)[C@]34CN(C[C@H]3CSC(=N4)N)c5ncc(cn5)F)F,COc1cnc(C(=O)Nc2ccc(F)c([C@]34CN(c5ncc(F)cn5)C[C@H]3CSC(N)=N4)c2)cn1,False,COc1cnc(C(=O)Nc2ccc(F)c([C@]34CN(c5ncc(F)cn5)C[C@H]3CSC(N)=N4)c2)cn1,"InChI=1S/C22H20F2N8O2S/c1-34-18-8-26-17(7-27-18)19(33)30-14-2-3-16(24)15(4-14)22-11-32(21-28-5-13(23)6-29-21)9-12(22)10-35-20(25)31-22/h2-8,12H,9-11H2,1H3,(H2,25,31)(H,30,33)/t12-,22-/m0/s1",VQSRKMNBWMHJKY-YTEVENLXSA-N,498.5190000000002,2.1989,131.51,10,2,5,5,3,0.2727272727272727,35,0,0,0.543348953748751,1291.6181525338388,-3.869999999999999,22.899240823134342,9.057335792383789,4.338609828596004,0,0,2,3,1,13,126.38860000000003,nan,True,True,False,False,True,None,None
0EW,"N-{3-[(2S,5R)-6-amino-5-(ethanesulfonyl)-2-(fluoromethyl)-5-methyl-2,3,4,5-tetrahydropyridin-2-yl]-4-fluorophenyl}-2,2-difluoro-2H-[1,3]dioxolo[4,5-c]pyridine-6-carboxamide",C22 H22 F4 N4 O5 S,non-polymer,CCS(=O)(=O)[C@@]1(CC[C@@](N=C1N)(CF)c2cc(ccc2F)NC(=O)c3cc4c(cn3)OC(O4)(F)F)C,CCS(=O)(=O)[C@]1(C)CC[C@@](CF)(c2cc(NC(=O)c3cc4c(cn3)OC(F)(F)O4)ccc2F)N=C1N,False,CCS(=O)(=O)[C@]1(C)CC[C@@](CF)(c2cc(NC(=O)c3cc4c(cn3)OC(F)(F)O4)ccc2F)N=C1N,"InChI=1S/C22H22F4N4O5S/c1-3-36(32,33)20(2)6-7-21(11-23,30-19(20)27)13-8-12(4-5-14(13)24)29-18(31)15-9-16-17(10-28-15)35-22(25,26)34-16/h4-5,8-10H,3,6-7,11H2,1-2H3,(H2,27,30)(H,29,31)/t20-,21-/m1/s1",NDIQAOIHFVWZJQ-NHCUHLMSSA-N,530.5000000000001,3.303700000000002,132.97,8,2,6,4,2,0.4090909090909091,36,0,0,0.5477808529839153,1370.2023328646576,-3.4199999999999995,25.66631049711502,8.605742620882683,4.224992582002989,0,0,2,2,0,14,121.16840000000002,nan,True,True,False,False,True,None,None
