Target,pdb_id,Warhead,Residue_ID,Total_atoms,Exposed_atoms,SASA_in_complex_A2,%Exposed,%Buried,Chain,LigandX_Source,Ligand5_Source,Ligand_Resolved,Warhead_5,SMILES,Ion_Dropped,Ion_Drop_Reason,Parent_SMILES,Salt_Stripped
BACE1,1tqf,32P,401,40,17,123.946,0.425,0.575,A,32P,32P,32P,,C[C@H](c1ccc(cc1)F)NC(=O)c2cc(cc(c2)OS(=O)(=O)Cc3ccccc3)OCC(=O)NCCCCCN,False,,C[C@@H](NC(=O)c1cc(OCC(=O)NCCCCCN)cc(OS(=O)(=O)Cc2ccccc2)c1)c1ccc(F)cc1,False
BACE1,1xs7,MMI,386,52,25,326.555,0.481,0.519,D,MMI,MMI,MMI,,CC(C)C[C@@H]([C@H](C[C@@H](C)C(=O)N[C@@H](C(C)C)C(=O)NCc1ccccc1)O)NC(=O)[C@@H]2CC(=O)NCCCCCCOC(=O)N[C@H](C(=O)N2)C(C)C,False,,CC(C)C[C@H](NC(=O)[C@@H]1CC(=O)NCCCCCCOC(=O)N[C@@H](C(C)C)C(=O)N1)[C@@H](O)C[C@@H](C)C(=O)N[C@H](C(=O)NCc1ccccc1)C(C)C,False
BACE1,2b8l,5HA,386,41,9,86.777,0.22,0.78,A,5HA,5HA,5HA,,C[C@H](c1ccccc1)NC(=O)c2cc(cc(c2)N(C)S(=O)(=O)C)C(=O)N[C@@H](Cc3ccccc3)[C@@H](CNC4CC4)O,False,,C[C@@H](NC(=O)c1cc(C(=O)N[C@@H](Cc2ccccc2)[C@H](O)CNC2CC2)cc(N(C)S(C)(=O)=O)c1)c1ccccc1,False
BACE1,1w51,L01,1506,39,15,85.061,0.385,0.615,A,L01,L01,L01,,CCCN(CCC)C(=O)c1cccc(c1)C(=O)N[C@@H](Cc2ccccc2)[C@@H](CNCc3cccc(c3)OC)O,False,,CCCN(CCC)C(=O)c1cccc(C(=O)N[C@@H](Cc2ccccc2)[C@H](O)CNCc2cccc(OC)c2)c1,False
BACE1,2b8v,3BN,1001,38,10,91.472,0.263,0.737,A,3BN,3BN,3BN,,CN(c1cc(cc(c1)C(=O)N[C@@H](Cc2ccccc2)[C@@H](CNC3CC3)O)C(=O)c4ccccc4)S(=O)(=O)C,False,,CN(c1cc(C(=O)N[C@@H](Cc2ccccc2)[C@H](O)CNC2CC2)cc(C(=O)c2ccccc2)c1)S(C)(=O)=O,False
BACE1,2f3e,AXQ,602,45,24,211.327,0.533,0.467,A,AXQ,AXQ,AXQ,,CCCCNC(=O)[C@H](C(C)C)NC(=O)[C@H](C)C[C@@H]([C@@H]1CSC\C=C\CSC[C@@H](C(=O)N[C@H](C(=O)N1)C)NC(=O)OC(C)(C)C)O,False,,CCCCNC(=O)[C@@H](NC(=O)[C@H](C)C[C@H](O)[C@@H]1CSC/C=C/CSC[C@H](NC(=O)OC(C)(C)C)C(=O)N[C@@H](C)C(=O)N1)C(C)C,False
BACE1,2f3e,AXQ,601,45,24,202.873,0.533,0.467,B,AXQ,AXQ,AXQ,,CCCCNC(=O)[C@H](C(C)C)NC(=O)[C@H](C)C[C@@H]([C@@H]1CSC\C=C\CSC[C@@H](C(=O)N[C@H](C(=O)N1)C)NC(=O)OC(C)(C)C)O,False,,CCCCNC(=O)[C@@H](NC(=O)[C@H](C)C[C@H](O)[C@@H]1CSC/C=C/CSC[C@H](NC(=O)OC(C)(C)C)C(=O)N[C@@H](C)C(=O)N1)C(C)C,False
BACE1,2f3f,AXF,601,34,12,64.519,0.353,0.647,A,AXF,AXF,AXF,,CCCCNC(=O)[C@H](C)C[C@@H]([C@@H]1CSC\C=C\CS[C@H]2CCCN[C@H]2C(=O)N[C@H](C(=O)N1)C)O,False,,CCCCNC(=O)[C@H](C)C[C@H](O)[C@@H]1CSC/C=C/CS[C@H]2CCCN[C@H]2C(=O)N[C@@H](C)C(=O)N1,False
BACE1,2f3f,AXF,602,34,13,61.261,0.382,0.618,B,AXF,AXF,AXF,,CCCCNC(=O)[C@H](C)C[C@@H]([C@@H]1CSC\C=C\CS[C@H]2CCCN[C@H]2C(=O)N[C@H](C(=O)N1)C)O,False,,CCCCNC(=O)[C@H](C)C[C@H](O)[C@@H]1CSC/C=C/CS[C@H]2CCCN[C@H]2C(=O)N[C@@H](C)C(=O)N1,False
BACE1,2f3e,AXQ,603,45,23,212.477,0.511,0.489,C,AXQ,AXQ,AXQ,,CCCCNC(=O)[C@H](C(C)C)NC(=O)[C@H](C)C[C@@H]([C@@H]1CSC\C=C\CSC[C@@H](C(=O)N[C@H](C(=O)N1)C)NC(=O)OC(C)(C)C)O,False,,CCCCNC(=O)[C@@H](NC(=O)[C@H](C)C[C@H](O)[C@@H]1CSC/C=C/CSC[C@H](NC(=O)OC(C)(C)C)C(=O)N[C@@H](C)C(=O)N1)C(C)C,False
BACE1,2f3f,AXF,603,34,11,61.033,0.324,0.676,C,AXF,AXF,AXF,,CCCCNC(=O)[C@H](C)C[C@@H]([C@@H]1CSC\C=C\CS[C@H]2CCCN[C@H]2C(=O)N[C@H](C(=O)N1)C)O,False,,CCCCNC(=O)[C@H](C)C[C@H](O)[C@@H]1CSC/C=C/CS[C@H]2CCCN[C@H]2C(=O)N[C@@H](C)C(=O)N1,False
BACE1,2fdp,FRP,386,41,15,94.649,0.366,0.634,A,FRP,FRP,FRP,,CCCN(CCC)C(=O)c1cccc(c1)C(=O)N[C@@H](Cc2ccccc2)[C@H](C[C@@H](C)C(=O)Nc3ccc(cc3)F)N,False,,CCCN(CCC)C(=O)c1cccc(C(=O)N[C@@H](Cc2ccccc2)[C@@H](N)C[C@@H](C)C(=O)Nc2ccc(F)cc2)c1,False
BACE1,2fdp,FRP,386,41,14,86.995,0.341,0.659,B,FRP,FRP,FRP,,CCCN(CCC)C(=O)c1cccc(c1)C(=O)N[C@@H](Cc2ccccc2)[C@H](C[C@@H](C)C(=O)Nc3ccc(cc3)F)N,False,,CCCN(CCC)C(=O)c1cccc(C(=O)N[C@@H](Cc2ccccc2)[C@@H](N)C[C@@H](C)C(=O)Nc2ccc(F)cc2)c1,False
BACE1,2fdp,FRP,386,41,16,99.48,0.39,0.61,C,FRP,FRP,FRP,,CCCN(CCC)C(=O)c1cccc(c1)C(=O)N[C@@H](Cc2ccccc2)[C@H](C[C@@H](C)C(=O)Nc3ccc(cc3)F)N,False,,CCCN(CCC)C(=O)c1cccc(C(=O)N[C@@H](Cc2ccccc2)[C@@H](N)C[C@@H](C)C(=O)Nc2ccc(F)cc2)c1,False
BACE1,2g94,ZPQ,2001,45,17,137.463,0.378,0.622,A,ZPQ,ZPQ,ZPQ,,Cc1cc(n(n1)COC(=O)N[C@@H](CS(=O)(=O)C)C(=O)N[C@@H](CC(C)C)[C@H](C[C@@H](C)C(=O)N[C@@H](C(C)C)C(=O)NCC(C)C)O)C,False,,Cc1cc(C)n(COC(=O)N[C@@H](CS(C)(=O)=O)C(=O)N[C@@H](CC(C)C)[C@@H](O)C[C@@H](C)C(=O)N[C@H](C(=O)NCC(C)C)C(C)C)n1,False
BACE1,2g94,ZPQ,1001,45,17,143.035,0.378,0.622,B,ZPQ,ZPQ,ZPQ,,Cc1cc(n(n1)COC(=O)N[C@@H](CS(=O)(=O)C)C(=O)N[C@@H](CC(C)C)[C@H](C[C@@H](C)C(=O)N[C@@H](C(C)C)C(=O)NCC(C)C)O)C,False,,Cc1cc(C)n(COC(=O)N[C@@H](CS(C)(=O)=O)C(=O)N[C@@H](CC(C)C)[C@@H](O)C[C@@H](C)C(=O)N[C@H](C(=O)NCC(C)C)C(C)C)n1,False
BACE1,2g94,ZPQ,3001,45,17,157.856,0.378,0.622,C,ZPQ,ZPQ,ZPQ,,Cc1cc(n(n1)COC(=O)N[C@@H](CS(=O)(=O)C)C(=O)N[C@@H](CC(C)C)[C@H](C[C@@H](C)C(=O)N[C@@H](C(C)C)C(=O)NCC(C)C)O)C,False,,Cc1cc(C)n(COC(=O)N[C@@H](CS(C)(=O)=O)C(=O)N[C@@H](CC(C)C)[C@@H](O)C[C@@H](C)C(=O)N[C@H](C(=O)NCC(C)C)C(C)C)n1,False
BACE1,2g94,ZPQ,4001,45,16,141.165,0.356,0.644,D,ZPQ,ZPQ,ZPQ,,Cc1cc(n(n1)COC(=O)N[C@@H](CS(=O)(=O)C)C(=O)N[C@@H](CC(C)C)[C@H](C[C@@H](C)C(=O)N[C@@H](C(C)C)C(=O)NCC(C)C)O)C,False,,Cc1cc(C)n(COC(=O)N[C@@H](CS(C)(=O)=O)C(=O)N[C@@H](CC(C)C)[C@@H](O)C[C@@H](C)C(=O)N[C@H](C(=O)NCC(C)C)C(C)C)n1,False
BACE1,2iqg,F2I,801,41,13,131.954,0.317,0.683,A,F2I,F2I,F2I,,CCCN(CCC)C(=O)c1cc(cc(c1)C(=O)N[C@@H](Cc2cc(cc(c2)F)F)[C@@H](CNCc3cccc(c3)I)O)C,False,,CCCN(CCC)C(=O)c1cc(C)cc(C(=O)N[C@@H](Cc2cc(F)cc(F)c2)[C@H](O)CNCc2cccc(I)c2)c1,False
BACE1,2hm1,LIQ,801,45,21,176.077,0.467,0.533,A,LIQ,LIQ,LIQ,,CCCCCS(=O)(=O)C[C@H](C(=O)N[C@@H](Cc1cc(cc(c1)F)F)[C@@H](CNCc2cccc(c2)CC)O)NC(=O)c3cccnc3,False,,CCCCCS(=O)(=O)C[C@@H](NC(=O)c1cccnc1)C(=O)N[C@@H](Cc1cc(F)cc(F)c1)[C@H](O)CNCc1cccc(CC)c1,False
BACE1,2is0,I03,386,39,9,73.965,0.231,0.769,A,I03,I03,I03,,C[C@H](c1ccc(cc1)F)NC(=O)c2cc(cc(c2)N(C)S(=O)(=O)C)C(=O)OC[C@](Cc3ccccc3)(CO)N,False,,C[C@@H](NC(=O)c1cc(C(=O)OC[C@@](N)(CO)Cc2ccccc2)cc(N(C)S(C)(=O)=O)c1)c1ccc(F)cc1,False
BACE1,2ntr,L00,401,38,8,113.293,0.211,0.789,A,L00,L00,L00,,C[C@H]1C[C@@H]1CN(CCOC)c2cc(c(c(n2)[N@](C)S(=O)(=O)C)Cl)c3nnc(o3)[C@@](C)(Cc4ccccc4)N,False,,COCCN(C[C@H]1C[C@@H]1C)c1cc(-c2nnc([C@](C)(N)Cc3ccccc3)o2)c(Cl)c(N(C)S(C)(=O)=O)n1,False
BACE1,2irz,I02,386,39,7,71.874,0.179,0.821,A,I02,I02,I02,,C[C@H](c1ccc(cc1)F)NC(=O)c2cc(cc(c2)N(C)S(=O)(=O)C)c3nnc(o3)[C@@](C)(Cc4ccccc4)N,False,,C[C@@H](NC(=O)c1cc(-c2nnc([C@](C)(N)Cc3ccccc3)o2)cc(N(C)S(C)(=O)=O)c1)c1ccc(F)cc1,False
BACE1,2ohk,1SQ,390,19,14,88.075,0.737,0.263,A,1SQ,1SQ,1SQ,,c1ccc2c(c1)ccnc2N,False,,Nc1nccc2ccccc12,False
BACE1,2oah,QIN,902,34,7,89.777,0.206,0.794,A,QIN,QIN,QIN,,CCCC[C@@H]([C@H](Cc1ccsc1)NC(=O)c2cc(nc(c2)N(C)S(=O)(=O)C)NC[C@H]3C[C@@H]3C)N,False,,CCCC[C@H](N)[C@H](Cc1ccsc1)NC(=O)c1cc(NC[C@H]2C[C@@H]2C)nc(N(C)S(C)(=O)=O)c1,False
BACE1,2of0,CMZ,390,19,17,114.571,0.895,0.105,A,CMZ,CMZ,CMZ,,Cc1ccc(c(c1)OC[C@H](CN2CCOCC2)O)C,False,,Cc1ccc(C)c(OC[C@@H](O)CN2CCOCC2)c1,False
BACE1,2ohl,2AQ,390,19,13,92.703,0.684,0.316,A,2AQ,2AQ,2AQ,,c1ccc2c(c1)ccc(n2)N,False,,Nc1ccc2ccccc2n1,False
BACE1,2ohm,8AP,389,15,10,93.853,0.667,0.333,A,8AP,8AP,8AP,,c1ccc(cc1)CNc2cccnc2N,False,,Nc1ncccc1NCc1ccccc1,False
BACE1,2ohn,4FP,405,31,14,85.687,0.452,0.548,A,4FP,4FP,4FP,,c1cc(ccc1CC2CCNCC2)F,False,,Fc1ccc(CC2CCNCC2)cc1,False
BACE1,2ohq,7IP,404,44,20,116.889,0.455,0.545,A,7IP,7IP,7IP,,COc1cccc(c1)c2cccc(c2)CCc3cccc(n3)N,False,,COc1cccc(-c2cccc(CCc3cccc(N)n3)c2)c1,False
BACE1,2ohp,6IP,389,34,20,117.472,0.588,0.412,A,6IP,6IP,6IP,,c1cc(nc(c1)N)CCc2ccc3cc[nH]c3c2,False,,Nc1cccc(CCc2ccc3cc[nH]c3c2)n1,False
BACE1,2ohs,9IP,389,42,20,134.439,0.476,0.524,A,9IP,9IP,9IP,,COc1cc(cnc1)c2cccc(c2)CNc3cccnc3N,False,,COc1cncc(-c2cccc(CNc3cccnc3N)c2)c1,False
BACE1,2ohr,8IP,504,37,23,135.301,0.622,0.378,A,8IP,8IP,8IP,,c1cc(cc(c1)c2cccnc2)CNc3cccnc3N,False,,Nc1ncccc1NCc1cccc(-c2cccnc2)c1,False
BACE1,2oht,IP6,601,24,21,149.404,0.875,0.125,A,IP6,IP6,IP6,,c1cc(cc(c1)c2ccc3cc[nH]c3c2)CNc4cccnc4N,False,,Nc1ncccc1NCc1cccc(-c2ccc3cc[nH]c3c2)c1,False
BACE1,2ohu,IP7,390,32,20,126.142,0.625,0.375,A,IP7,IP7,IP7,,c1ccnc(c1)COc2ccc(cc2CNc3cccnc3N)c4ccc5cc[nH]c5c4,False,,Nc1ncccc1NCc1cc(-c2ccc3cc[nH]c3c2)ccc1OCc1ccccn1,False
BACE1,2p4j,23I,501,49,17,162.976,0.347,0.653,A,23I,23I,23I,,CC(C)C[C@@H]([C@H](C[C@@H](C)C(=O)N[C@@H](C(C)C)C(=O)NC(C)C)O)NC(=O)c1cc(cc(c1)[N@@](C)S(=O)(=O)C)C(=O)N[C@H](C)c2ccccc2,False,,CC(C)C[C@H](NC(=O)c1cc(C(=O)N[C@H](C)c2ccccc2)cc(N(C)S(C)(=O)=O)c1)[C@@H](O)C[C@@H](C)C(=O)N[C@H](C(=O)NC(C)C)C(C)C,False
BACE1,2p4j,23I,503,49,13,154.268,0.265,0.735,B,23I,23I,23I,,CC(C)C[C@@H]([C@H](C[C@@H](C)C(=O)N[C@@H](C(C)C)C(=O)NC(C)C)O)NC(=O)c1cc(cc(c1)[N@@](C)S(=O)(=O)C)C(=O)N[C@H](C)c2ccccc2,False,,CC(C)C[C@H](NC(=O)c1cc(C(=O)N[C@H](C)c2ccccc2)cc(N(C)S(C)(=O)=O)c1)[C@@H](O)C[C@@H](C)C(=O)N[C@H](C(=O)NC(C)C)C(C)C,False
BACE1,2p4j,23I,502,49,15,145.288,0.306,0.694,C,23I,23I,23I,,CC(C)C[C@@H]([C@H](C[C@@H](C)C(=O)N[C@@H](C(C)C)C(=O)NC(C)C)O)NC(=O)c1cc(cc(c1)[N@@](C)S(=O)(=O)C)C(=O)N[C@H](C)c2ccccc2,False,,CC(C)C[C@H](NC(=O)c1cc(C(=O)N[C@H](C)c2ccccc2)cc(N(C)S(C)(=O)=O)c1)[C@@H](O)C[C@@H](C)C(=O)N[C@H](C(=O)NC(C)C)C(C)C,False
BACE1,2p8h,MY9,386,46,10,106.099,0.217,0.783,A,MY9,MY9,MY9,,C[C@H](c1ccc(cc1)F)NC(=O)c2cc(cc(c2)N(C)S(=O)(=O)C)C(=O)N[C@@H](Cc3ccccc3)[C@@H]([C@H]4C(=O)N(C(N4)(C)C)C)O,False,,C[C@@H](NC(=O)c1cc(C(=O)N[C@@H](Cc2ccccc2)[C@H](O)[C@@H]2NC(C)(C)N(C)C2=O)cc(N(C)S(C)(=O)=O)c1)c1ccc(F)cc1,False
BACE1,2p4j,23I,504,49,18,156.547,0.367,0.633,D,23I,23I,23I,,CC(C)C[C@@H]([C@H](C[C@@H](C)C(=O)N[C@@H](C(C)C)C(=O)NC(C)C)O)NC(=O)c1cc(cc(c1)[N@@](C)S(=O)(=O)C)C(=O)N[C@H](C)c2ccccc2,False,,CC(C)C[C@H](NC(=O)c1cc(C(=O)N[C@H](C)c2ccccc2)cc(N(C)S(C)(=O)=O)c1)[C@@H](O)C[C@@H](C)C(=O)N[C@H](C(=O)NC(C)C)C(C)C,False
BACE1,2ph6,712,401,38,10,77.879,0.263,0.737,A,712,712,712,,C[C@H](c1ccc(cc1)F)NC(=O)c2cc(cc(c2)N(C)S(=O)(=O)C)COC(=O)[C@@](C)(Cc3ccccc3)N,False,,C[C@@H](NC(=O)c1cc(COC(=O)[C@](C)(N)Cc2ccccc2)cc(N(C)S(C)(=O)=O)c1)c1ccc(F)cc1,False
BACE1,2q11,XX4,501,31,19,124.821,0.613,0.387,A,XX4,XX4,XX4,,CN(C1CCCCC1)C(=O)CCN2Cc3cc(ccc3N=C2N)C(=O)c4ccccc4,False,,CN(C(=O)CCN1Cc2cc(C(=O)c3ccccc3)ccc2N=C1N)C1CCCCC1,False
BACE1,2ph8,35A,388,32,9,77.565,0.281,0.719,A,35A,35A,35A,,C[C@@H]1CCc2cccc(c2)C[C@@](C(=O)OCc3cc(nc(c3)[N@](C)S(=O)(=O)C)CC1)(C)N,False,,C[C@@H]1CCc2cccc(c2)C[C@@](C)(N)C(=O)OCc2cc(nc(N(C)S(C)(=O)=O)c2)CC1,False
BACE1,2q15,3MR,386,37,14,114.671,0.378,0.622,A,3MR,3MR,3MR,,CN(C1CCCCC1)C(=O)CC[C@@H](C2CCCCC2)N3Cc4cc(ccc4N=C3N)Oc5ccccc5,False,,CN(C(=O)CC[C@@H](C1CCCCC1)N1Cc2cc(Oc3ccccc3)ccc2N=C1N)C1CCCCC1,False
BACE1,2q11,XX4,503,31,16,121.953,0.516,0.484,B,XX4,XX4,XX4,,CN(C1CCCCC1)C(=O)CCN2Cc3cc(ccc3N=C2N)C(=O)c4ccccc4,False,,CN(C(=O)CCN1Cc2cc(C(=O)c3ccccc3)ccc2N=C1N)C1CCCCC1,False
BACE1,2q11,XX4,502,31,18,116.231,0.581,0.419,C,XX4,XX4,XX4,,CN(C1CCCCC1)C(=O)CCN2Cc3cc(ccc3N=C2N)C(=O)c4ccccc4,False,,CN(C(=O)CCN1Cc2cc(C(=O)c3ccccc3)ccc2N=C1N)C1CCCCC1,False
BACE1,2qk5,CS5,1,42,15,133.62,0.357,0.643,A,CS5,CS5,CS5,,CCCN(CCC)C(=O)c1cc(cc(c1)C(=O)N[C@@H](Cc2cc(cc(c2)F)F)[C@@H](CNCc3cccc(c3)OC)O)C,False,,CCCN(CCC)C(=O)c1cc(C)cc(C(=O)N[C@@H](Cc2cc(F)cc(F)c2)[C@H](O)CNCc2cccc(OC)c2)c1,False
BACE1,2qmd,CS7,1,44,17,127.055,0.386,0.614,A,CS7,CS7,CS7,,CCCN(CCC)C(=O)c1cc(cc(c1)C(=O)N[C@@H](Cc2cc(cc(c2)F)F)[C@@H]([C@H]3C[C@H](CN3)OCc4ccccc4)O)C,False,,CCCN(CCC)C(=O)c1cc(C)cc(C(=O)N[C@@H](Cc2cc(F)cc(F)c2)[C@H](O)[C@H]2C[C@@H](OCc3ccccc3)CN2)c1,False
BACE1,2qk5,CS5,1,42,14,120.473,0.333,0.667,B,CS5,CS5,CS5,,CCCN(CCC)C(=O)c1cc(cc(c1)C(=O)N[C@@H](Cc2cc(cc(c2)F)F)[C@@H](CNCc3cccc(c3)OC)O)C,False,,CCCN(CCC)C(=O)c1cc(C)cc(C(=O)N[C@@H](Cc2cc(F)cc(F)c2)[C@H](O)CNCc2cccc(OC)c2)c1,False
BACE1,2qmd,CS7,1,44,16,116.187,0.364,0.636,B,CS7,CS7,CS7,,CCCN(CCC)C(=O)c1cc(cc(c1)C(=O)N[C@@H](Cc2cc(cc(c2)F)F)[C@@H]([C@H]3C[C@H](CN3)OCc4ccccc4)O)C,False,,CCCN(CCC)C(=O)c1cc(C)cc(C(=O)N[C@@H](Cc2cc(F)cc(F)c2)[C@H](O)[C@H]2C[C@@H](OCc3ccccc3)CN2)c1,False
BACE1,2qmf,CS9,1,43,12,112.836,0.279,0.721,A,CS9,CS9,CS9,,CCCN(CCC)C(=O)c1cc(cc(c1)C(=O)N[C@@H](Cc2cc(cc(c2)F)F)[C@@H]([C@H]3C[C@H](CN3)Oc4ccccc4)O)C,False,,CCCN(CCC)C(=O)c1cc(C)cc(C(=O)N[C@@H](Cc2cc(F)cc(F)c2)[C@H](O)[C@H]2C[C@@H](Oc3ccccc3)CN2)c1,False
BACE1,2qmf,CS9,1,43,15,116.459,0.349,0.651,B,CS9,CS9,CS9,,CCCN(CCC)C(=O)c1cc(cc(c1)C(=O)N[C@@H](Cc2cc(cc(c2)F)F)[C@@H]([C@H]3C[C@H](CN3)Oc4ccccc4)O)C,False,,CCCN(CCC)C(=O)c1cc(C)cc(C(=O)N[C@@H](Cc2cc(F)cc(F)c2)[C@H](O)[C@H]2C[C@@H](Oc3ccccc3)CN2)c1,False
BACE1,2qmg,SC6,1,44,14,86.132,0.318,0.682,A,SC6,SC6,SC6,,Cc1cc(cc(c1)C(=O)N2CCC[C@@H]2COC)C(=O)N[C@@H](Cc3cc(cc(c3)F)F)[C@@H]([C@H]4C[C@H](CN4)Oc5ccccc5)O,False,,COC[C@H]1CCCN1C(=O)c1cc(C)cc(C(=O)N[C@@H](Cc2cc(F)cc(F)c2)[C@H](O)[C@H]2C[C@@H](Oc3ccccc3)CN2)c1,False
BACE1,2qmg,SC6,1,44,17,95.521,0.386,0.614,B,SC6,SC6,SC6,,Cc1cc(cc(c1)C(=O)N2CCC[C@@H]2COC)C(=O)N[C@@H](Cc3cc(cc(c3)F)F)[C@@H]([C@H]4C[C@H](CN4)Oc5ccccc5)O,False,,COC[C@H]1CCCN1C(=O)c1cc(C)cc(C(=O)N[C@@H](Cc2cc(F)cc(F)c2)[C@H](O)[C@H]2C[C@@H](Oc3ccccc3)CN2)c1,False
BACE1,2qp8,SC7,1,40,15,160.46,0.375,0.625,A,SC7,SC7,SC7,,CCCN(CCC)C(=O)c1cc(cc(c1)C(=O)N[C@@H](Cc2cc(cc(c2)F)F)[C@@H]([C@H]3C[C@H](CCN3)OCC)O)C,False,,CCCN(CCC)C(=O)c1cc(C)cc(C(=O)N[C@@H](Cc2cc(F)cc(F)c2)[C@H](O)[C@H]2C[C@@H](OCC)CCN2)c1,False
BACE1,2qp8,SC7,1,40,14,152.143,0.35,0.65,B,SC7,SC7,SC7,,CCCN(CCC)C(=O)c1cc(cc(c1)C(=O)N[C@@H](Cc2cc(cc(c2)F)F)[C@@H]([C@H]3C[C@H](CCN3)OCC)O)C,False,,CCCN(CCC)C(=O)c1cc(C)cc(C(=O)N[C@@H](Cc2cc(F)cc(F)c2)[C@H](O)[C@H]2C[C@@H](OCC)CCN2)c1,False
BACE1,2qu3,462,1,29,17,122.944,0.586,0.414,A,462,462,462,,[H]/N=C(\N)/NC(=O)Cc1c(csc1c2ccccc2Cl)c3ccc(cc3)OCCC,False,,[H]/N=C(\N)NC(=O)Cc1c(-c2ccc(OCCC)cc2)csc1-c1ccccc1Cl,False
BACE1,2qzk,I21,400,40,14,103.82,0.35,0.65,A,I21,I21,I21,,C[C@]1(Cc2cccc(c2)C=CC(=NC(=O)c3cc(cc(c3)c4ccccc4C#N)COC1=O)c5ccccc5)N,False,,C[C@@]1(N)Cc2cccc(c2)C=CC(c2ccccc2)=NC(=O)c2cc(cc(-c3ccccc3C#N)c2)COC1=O,False
BACE1,2qu2,251,1,24,15,118.285,0.625,0.375,A,251,251,251,,[H]/N=C(\N)/NC(=O)Cn1c(ccc1c2ccccc2)c3ccccc3,False,,[H]/N=C(\N)NC(=O)Cn1c(-c2ccccc2)ccc1-c1ccccc1,False
BACE1,2qzl,IXS,449,46,11,83.254,0.239,0.761,A,IXS,IXS,IXS,,CC(C)CNC(=O)[C@H](C)NC[C@H](Cc1ccccc1)NC(=O)c2cc(cc(c2)N(C)S(=O)(=O)C)C(=O)N[C@H](C)c3ccc(cc3)F,False,,CC(C)CNC(=O)[C@H](C)NC[C@H](Cc1ccccc1)NC(=O)c1cc(C(=O)N[C@H](C)c2ccc(F)cc2)cc(N(C)S(C)(=O)=O)c1,False
BACE1,2vie,VG0,1448,39,15,86.699,0.385,0.615,A,VG0,VG0,VG0,,CCNc1cc(cc(c1)N2CCCC2=O)C(=O)N[C@@H](Cc3ccccc3)[C@@H](CNC(C)(C)CCCC(C)C)O,False,,CCNc1cc(C(=O)N[C@@H](Cc2ccccc2)[C@H](O)CNC(C)(C)CCCC(C)C)cc(N2CCCC2=O)c1,False
BACE1,2vij,C44,3001,84,44,504.01,0.524,0.476,A,C44,C44,C44,,CCNc1cc(cc(c1)[N@@]2CCCCS2(=O)=O)C(=O)N[C@@H](Cc3ccccc3)[C@@H](CN[C@H]4CCCc5c4cccc5)O,False,,CCNc1cc(C(=O)N[C@@H](Cc2ccccc2)[C@H](O)CN[C@H]2CCCc3ccccc32)cc(N2CCCCS2(=O)=O)c1,False
BACE1,2viy,VG3,1448,40,15,144.897,0.375,0.625,A,VG3,VG3,VG3,,CCCCCS(=O)(=O)c1cccc(c1)C(=O)N[C@@H](Cc2ccccc2)[C@@H](CN[C@@H](C)C(=O)NC3CCCCC3)O,False,,CCCCCS(=O)(=O)c1cccc(C(=O)N[C@@H](Cc2ccccc2)[C@H](O)CN[C@@H](C)C(=O)NC2CCCCC2)c1,False
BACE1,2viz,VG4,1448,42,13,83.308,0.31,0.69,A,VG4,VG4,VG4,,CCCOc1cc(cc(c1)N2C=CCC2=O)C(=O)N[C@@H](Cc3ccccc3)[C@@H](CN[C@@H](C)C(=O)NC4CCCCC4)O,False,,CCCOc1cc(C(=O)N[C@@H](Cc2ccccc2)[C@H](O)CN[C@@H](C)C(=O)NC2CCCCC2)cc(N2C=CCC2=O)c1,False
BACE1,2vj6,VG5,1447,41,12,83.194,0.293,0.707,A,VG5,VG5,VG5,,CCNc1cc(cc(c1)N2CCCC2=O)C(=O)N[C@@H](Cc3ccccc3)[C@@H](CN[C@@H](C)C(=O)NC4CCCCC4)O,False,,CCNc1cc(C(=O)N[C@@H](Cc2ccccc2)[C@H](O)CN[C@@H](C)C(=O)NC2CCCCC2)cc(N2CCCC2=O)c1,False
BACE1,2vj7,VG6,1448,41,14,94.231,0.341,0.659,A,VG6,VG6,VG6,,CCNc1cc(cc(c1)N2CCCC2=O)C(=O)N[C@@H](Cc3ccccc3)[C@@H](CNCc4cccc(c4)C(F)(F)F)O,False,,CCNc1cc(C(=O)N[C@@H](Cc2ccccc2)[C@H](O)CNCc2cccc(C(F)(F)F)c2)cc(N2CCCC2=O)c1,False
BACE1,2vkm,BSD,1386,47,14,114.461,0.298,0.702,A,BSD,BSD,BSD,,C[C@H](c1ccccc1)NC(=O)c2cc(cc(c2)[N@@](C)S(=O)(=O)C)C(=O)N[C@@H](Cc3ccccc3)[C@@H](CNCc4cccc(c4)OC)O,False,,COc1cccc(CNC[C@@H](O)[C@H](Cc2ccccc2)NC(=O)c2cc(C(=O)N[C@H](C)c3ccccc3)cc(N(C)S(C)(=O)=O)c2)c1,False
BACE1,2vj9,VG7,1452,36,12,73.393,0.333,0.667,A,VG7,VG7,VG7,,CCNc1cc(cc(c1)N2CCCC2=O)C(=O)N[C@@H](Cc3ccccc3)[C@@H](CNC4CCCCC4)O,False,,CCNc1cc(C(=O)N[C@@H](Cc2ccccc2)[C@H](O)CNC2CCCCC2)cc(N2CCCC2=O)c1,False
BACE1,2vkm,BSD,1386,47,12,108.809,0.255,0.745,B,BSD,BSD,BSD,,C[C@H](c1ccccc1)NC(=O)c2cc(cc(c2)[N@@](C)S(=O)(=O)C)C(=O)N[C@@H](Cc3ccccc3)[C@@H](CNCc4cccc(c4)OC)O,False,,COc1cccc(CNC[C@@H](O)[C@H](Cc2ccccc2)NC(=O)c2cc(C(=O)N[C@H](C)c3ccccc3)cc(N(C)S(C)(=O)=O)c2)c1,False
BACE1,2vkm,BSD,1386,47,10,103.043,0.213,0.787,C,BSD,BSD,BSD,,C[C@H](c1ccccc1)NC(=O)c2cc(cc(c2)[N@@](C)S(=O)(=O)C)C(=O)N[C@@H](Cc3ccccc3)[C@@H](CNCc4cccc(c4)OC)O,False,,COc1cccc(CNC[C@@H](O)[C@H](Cc2ccccc2)NC(=O)c2cc(C(=O)N[C@H](C)c3ccccc3)cc(N(C)S(C)(=O)=O)c2)c1,False
BACE1,2vkm,BSD,1386,47,10,105.208,0.213,0.787,D,BSD,BSD,BSD,,C[C@H](c1ccccc1)NC(=O)c2cc(cc(c2)[N@@](C)S(=O)(=O)C)C(=O)N[C@@H](Cc3ccccc3)[C@@H](CNCc4cccc(c4)OC)O,False,,COc1cccc(CNC[C@@H](O)[C@H](Cc2ccccc2)NC(=O)c2cc(C(=O)N[C@H](C)c3ccccc3)cc(N(C)S(C)(=O)=O)c2)c1,False
BACE1,2vnm,CM8,2001,86,50,701.111,0.581,0.419,A,CM8,CM8,CM8,,CCNc1cc(cc(c1)[N@@]2CCCCS2(=O)=O)C(=O)N[C@@H](Cc3ccccc3)[C@@H](CNCc4cccc(c4)C(F)(F)F)O,False,,CCNc1cc(C(=O)N[C@@H](Cc2ccccc2)[C@H](O)CNCc2cccc(C(F)(F)F)c2)cc(N2CCCCS2(=O)=O)c1,False
BACE1,2vnn,CM7,2000,44,12,103.693,0.273,0.727,A,CM7,CM7,CM7,,CCc1cn2c3c1cc(cc3[N@@](S(=O)(=O)CC2)C)C(=O)N[C@@H](Cc4ccccc4)[C@@H](CNCc5cccc(c5)C(F)(F)F)O,False,,CCc1cn2c3c(cc(C(=O)N[C@@H](Cc4ccccc4)[C@H](O)CNCc4cccc(C(F)(F)F)c4)cc13)N(C)S(=O)(=O)CC2,False
BACE1,2wez,ZYE,2000,41,13,115.388,0.317,0.683,A,ZYE,ZYE,ZYE,,CCn1ccc2c1cc(cc2N3CCCC3=O)C(=O)N[C@@H](Cc4ccccc4)[C@@H](CNCc5cccc(c5)OC)O,False,,CCn1ccc2c(N3CCCC3=O)cc(C(=O)N[C@@H](Cc3ccccc3)[C@H](O)CNCc3cccc(OC)c3)cc21,False
BACE1,2wf0,ZY0,2000,44,14,120.365,0.318,0.682,A,ZY0,ZY0,ZY0,,CCc1ccnc2c1cc(cc2N3CCCC3=O)C(=O)N[C@@H](Cc4ccccc4)[C@@H](CNCc5cccc(c5)C(F)(F)F)O,False,,CCc1ccnc2c(N3CCCC3=O)cc(C(=O)N[C@@H](Cc3ccccc3)[C@H](O)CNCc3cccc(C(F)(F)F)c3)cc12,False
BACE1,2wf1,ZY1,2000,42,12,108.669,0.286,0.714,A,ZY1,ZY1,ZY1,,CCc1cn2c3c1cc(cc3[N@](S(=O)(=O)CC2)C)C(=O)N[C@@H](Cc4ccccc4)[C@@H](CNCc5cccc(c5)OC)O,False,,CCc1cn2c3c(cc(C(=O)N[C@@H](Cc4ccccc4)[C@H](O)CNCc4cccc(OC)c4)cc13)N(C)S(=O)(=O)CC2,False
BACE1,2wf2,ZY2,2000,43,13,117.803,0.302,0.698,A,ZY2,ZY2,ZY2,,CCN1CCN2CCS(=O)(=O)[N@](c3c2c1cc(c3)C(=O)N[C@@H](Cc4ccccc4)[C@@H](CNCc5cccc(c5)OC)O)C,False,,CCN1CCN2CCS(=O)(=O)N(C)c3cc(C(=O)N[C@@H](Cc4ccccc4)[C@H](O)CNCc4cccc(OC)c4)cc1c32,False
BACE1,2wf3,ZY3,2000,41,12,111.22,0.293,0.707,A,ZY3,ZY3,ZY3,,CCNc1cc(cc2c1CCCS(=O)(=O)N2C)C(=O)N[C@@H](Cc3ccccc3)[C@@H](CNCc4cccc(c4)OC)O,False,,CCNc1cc(C(=O)N[C@@H](Cc2ccccc2)[C@H](O)CNCc2cccc(OC)c2)cc2c1CCCS(=O)(=O)N2C,False
BACE1,2wf4,ZY4,2000,40,12,84.811,0.3,0.7,A,ZY4,ZY4,ZY4,,CCn1cc2c3c1cc(cc3N(S(=O)(=O)CC2)C)C(=O)N[C@@H](Cc4ccccc4)C(CNC5CCOCC5)(O)O,False,,CCn1cc2c3c(cc(C(=O)N[C@@H](Cc4ccccc4)C(O)(O)CNC4CCOCC4)cc31)N(C)S(=O)(=O)CC2,False
BACE1,2xfi,XFI,1448,43,13,131.75,0.302,0.698,A,XFI,XFI,XFI,,C[C@@H](C(=O)NC1CCCCC1)NC[C@H]([C@H](Cc2ccccc2)NC(=O)c3cccc(c3)N(c4ccccc4)S(=O)(=O)C)O,False,,C[C@H](NC[C@@H](O)[C@H](Cc1ccccc1)NC(=O)c1cccc(N(c2ccccc2)S(C)(=O)=O)c1)C(=O)NC1CCCCC1,False
BACE1,2xfj,VG5,500,41,14,86.567,0.341,0.659,A,VG5,VG5,VG5,,CCNc1cc(cc(c1)N2CCCC2=O)C(=O)N[C@@H](Cc3ccccc3)[C@@H](CN[C@@H](C)C(=O)NC4CCCCC4)O,False,,CCNc1cc(C(=O)N[C@@H](Cc2ccccc2)[C@H](O)CN[C@@H](C)C(=O)NC2CCCCC2)cc(N2CCCC2=O)c1,False
BACE1,2wjo,QUD,1389,35,19,91.828,0.543,0.457,A,QUD,QUD,QUD,,c1ccc(cc1)Oc2ccc3c(c2)c[n+](c(n3)N)[C@@H](CNC(=O)C4CCCCC4)C5CCCCC5,False,,Nc1nc2ccc(Oc3ccccc3)cc2c[n+]1[C@@H](CNC(=O)C1CCCCC1)C1CCCCC1,False
BACE1,2xfk,AA9,500,46,13,132.751,0.283,0.717,A,AA9,AA9,AA9,,CCNc1cc(cc(c1)N(c2ccccc2)S(=O)(=O)C)C(=O)N[C@@H](Cc3ccccc3)[C@@H](CN[C@@H](C)C(=O)NC4CCCCC4)O,False,,CCNc1cc(C(=O)N[C@@H](Cc2ccccc2)[C@H](O)CN[C@@H](C)C(=O)NC2CCCCC2)cc(N(c2ccccc2)S(C)(=O)=O)c1,False
BACE1,2zdz,310,1,35,19,134.871,0.543,0.457,A,310,310,310,,[H]/N=C(\N)/NC(=O)Cn1c(ccc1c2ccccc2Cl)c3ccc(cc3)Oc4ccc(cc4)C(=O)C,False,,[H]/N=C(\N)NC(=O)Cn1c(-c2ccc(Oc3ccc(C(C)=O)cc3)cc2)ccc1-c1ccccc1Cl,False
BACE1,2ze1,411,1,34,22,160.263,0.647,0.353,A,411,411,411,,[H]/N=C(\N)/NC(=O)Cn1c(ccc1c2ccc(cc2)NC(=O)c3cccc(c3)Br)c4ccccc4,False,,[H]/N=C(\N)NC(=O)Cn1c(-c2ccccc2)ccc1-c1ccc(NC(=O)c2cccc(Br)c2)cc1,False
BACE1,2zjh,F1H,449,20,12,114.743,0.6,0.4,A,F1H,F1H,F1H,,c1ccc(cc1)CN2CCC(CC2)NC(=O)CCCS,False,,O=C(CCCS)NC1CCN(Cc2ccccc2)CC1,False
BACE1,2zjk,F1K,449,21,13,130.958,0.619,0.381,A,F1K,F1K,F1K,,c1cc(ccc1C[N@@]2CCN[C@@H](C2)C(=O)NCCCS)F,False,,O=C(NCCCS)[C@@H]1CN(Cc2ccc(F)cc2)CCN1,False
BACE1,2zji,F1I,449,24,16,132.785,0.667,0.333,A,F1I,F1I,F1I,,COc1cccc(c1CN2CCC(CC2)NC(=O)CCCS)OC,False,,COc1cccc(OC)c1CN1CCC(NC(=O)CCCS)CC1,False
BACE1,2zjj,F1J,449,20,10,35.247,0.5,0.5,A,F1J,F1J,F1J,,c1cc(ccc1C[N@@]2CCN[C@@H](C2)C(=O)NCCS)F,False,,O=C(NCCS)[C@@H]1CN(Cc2ccc(F)cc2)CCN1,False
BACE1,2zjl,F1L,449,25,14,105.383,0.56,0.44,A,F1L,F1L,F1L,,COc1cc(cc(c1OC)CN2CCC(CC2)NC(=O)CCCS)Br,False,,COc1cc(Br)cc(CN2CCC(NC(=O)CCCS)CC2)c1OC,False
BACE1,2zjk,F1K,449,21,13,130.15,0.619,0.381,B,F1K,F1K,F1K,,c1cc(ccc1C[N@@]2CCN[C@@H](C2)C(=O)NCCCS)F,False,,O=C(NCCCS)[C@@H]1CN(Cc2ccc(F)cc2)CCN1,False
BACE1,2zjk,F1K,449,21,12,132.598,0.571,0.429,C,F1K,F1K,F1K,,c1cc(ccc1C[N@@]2CCN[C@@H](C2)C(=O)NCCCS)F,False,,O=C(NCCCS)[C@@H]1CN(Cc2ccc(F)cc2)CCN1,False
BACE1,2zjn,F1N,449,36,19,161.978,0.528,0.472,A,F1N,F1N,F1N,,Cc1cc(ccc1OCC(=O)NC2CCN(CC2)Cc3cc(cc(c3OC(C)C)OC)Cl)S(=O)(=O)N,False,,COc1cc(Cl)cc(CN2CCC(NC(=O)COc3ccc(S(N)(=O)=O)cc3C)CC2)c1OC(C)C,False
BACE1,2zjm,F1M,395,35,15,99.475,0.429,0.571,A,F1M,F1M,F1M,,CC(C)Oc1c(cc(cc1OC)Cl)CN2CCC(CC2)NC(=O)COc3ccc(cc3)S(=O)(=O)N,False,,COc1cc(Cl)cc(CN2CCC(NC(=O)COc3ccc(S(N)(=O)=O)cc3)CC2)c1OC(C)C,False
BACE1,3bra,AEF,394,10,10,89.252,1.0,0.0,A,AEF,AEF,AEF,,c1cc(ccc1CCN)O,False,,NCCc1ccc(O)cc1,False
BACE1,3buf,AEG,394,11,9,86.016,0.818,0.182,A,AEG,AEG,AEG,,C[C@H](Cc1ccc(cc1)O)N,False,,C[C@@H](N)Cc1ccc(O)cc1,False
BACE1,3buh,AED,394,16,12,103.766,0.75,0.25,A,AED,AED,AED,,c1cc(c(cc1CCN)C2CCCCC2)O,False,,NCCc1ccc(O)c(C2CCCCC2)c1,False
BACE1,3bug,AEH,394,12,10,73.052,0.833,0.167,A,AEH,AEH,AEH,,CCc1cc(ccc1O)CCN,False,,CCc1cc(CCN)ccc1O,False
BACE1,3cic,316,501,45,14,124.912,0.311,0.689,A,316,316,316,,CCCN(CCC)C(=O)c1cc(cc(c1)C(=O)N[C@@H](Cc2cc(cc(c2)F)F)[C@@H]([C@H]3C(=O)N(CCN3)Cc4ccccc4)O)C,False,,CCCN(CCC)C(=O)c1cc(C)cc(C(=O)N[C@@H](Cc2cc(F)cc(F)c2)[C@H](O)[C@@H]2NCCN(Cc3ccccc3)C2=O)c1,False
BACE1,3cib,314,501,44,15,134.437,0.341,0.659,A,314,314,314,,CCCN(CCC)C(=O)c1cc(cc(c1)C(=O)N[C@@H](Cc2cc(cc(c2)F)F)[C@@H]([C@H]3C[C@H](CCN3)Cc4ccccc4)O)C,False,,CCCN(CCC)C(=O)c1cc(C)cc(C(=O)N[C@@H](Cc2cc(F)cc(F)c2)[C@H](O)[C@H]2C[C@@H](Cc3ccccc3)CCN2)c1,False
BACE1,3cib,314,501,44,17,134.301,0.386,0.614,B,314,314,314,,CCCN(CCC)C(=O)c1cc(cc(c1)C(=O)N[C@@H](Cc2cc(cc(c2)F)F)[C@@H]([C@H]3C[C@H](CCN3)Cc4ccccc4)O)C,False,,CCCN(CCC)C(=O)c1cc(C)cc(C(=O)N[C@@H](Cc2cc(F)cc(F)c2)[C@H](O)[C@H]2C[C@@H](Cc3ccccc3)CCN2)c1,False
BACE1,3cic,316,501,45,15,130.951,0.333,0.667,B,316,316,316,,CCCN(CCC)C(=O)c1cc(cc(c1)C(=O)N[C@@H](Cc2cc(cc(c2)F)F)[C@@H]([C@H]3C(=O)N(CCN3)Cc4ccccc4)O)C,False,,CCCN(CCC)C(=O)c1cc(C)cc(C(=O)N[C@@H](Cc2cc(F)cc(F)c2)[C@H](O)[C@@H]2NCCN(Cc3ccccc3)C2=O)c1,False
BACE1,3cid,318,501,44,15,119.946,0.341,0.659,A,318,318,318,,CCCN(CCC)C(=O)c1cc(cc(c1)C(=O)N[C@@H](Cc2cc(cc(c2)F)F)[C@@H]([C@H]3C(=O)N(CN3)Cc4ccccc4)O)C,False,,CCCN(CCC)C(=O)c1cc(C)cc(C(=O)N[C@@H](Cc2cc(F)cc(F)c2)[C@H](O)[C@@H]2NCN(Cc3ccccc3)C2=O)c1,False
BACE1,3cid,318,501,44,14,120.082,0.318,0.682,B,318,318,318,,CCCN(CCC)C(=O)c1cc(cc(c1)C(=O)N[C@@H](Cc2cc(cc(c2)F)F)[C@@H]([C@H]3C(=O)N(CN3)Cc4ccccc4)O)C,False,,CCCN(CCC)C(=O)c1cc(C)cc(C(=O)N[C@@H](Cc2cc(F)cc(F)c2)[C@H](O)[C@@H]2NCN(Cc3ccccc3)C2=O)c1,False
BACE1,3ckp,012,502,40,19,128.146,0.475,0.525,A,012,012,012,,CN(C)c1cccc(c1)CNC[C@H]([C@H](Cc2ccccc2)NC(=O)[C@@H]3CN(C(=O)N3)Cc4cccc(c4)OC)O,False,,COc1cccc(CN2C[C@@H](C(=O)N[C@@H](Cc3ccccc3)[C@H](O)CNCc3cccc(N(C)C)c3)NC2=O)c1,False
BACE1,3ckp,012,501,40,19,134.395,0.475,0.525,B,012,012,012,,CN(C)c1cccc(c1)CNC[C@H]([C@H](Cc2ccccc2)NC(=O)[C@@H]3CN(C(=O)N3)Cc4cccc(c4)OC)O,False,,COc1cccc(CN2C[C@@H](C(=O)N[C@@H](Cc3ccccc3)[C@H](O)CNCc3cccc(N(C)C)c3)NC2=O)c1,False
BACE1,3ckp,012,503,40,18,136.467,0.45,0.55,C,012,012,012,,CN(C)c1cccc(c1)CNC[C@H]([C@H](Cc2ccccc2)NC(=O)[C@@H]3CN(C(=O)N3)Cc4cccc(c4)OC)O,False,,COc1cccc(CN2C[C@@H](C(=O)N[C@@H](Cc3ccccc3)[C@H](O)CNCc3cccc(N(C)C)c3)NC2=O)c1,False
BACE1,3ckr,009,501,45,21,180.486,0.467,0.533,A,009,009,009,,CN(C)c1cccc(c1)CNC[C@H]([C@H](Cc2ccccc2)NC(=O)[C@@]3(CN(C(=O)N3)Cc4ccccc4)Cc5ccccc5)O,False,,CN(C)c1cccc(CNC[C@@H](O)[C@H](Cc2ccccc2)NC(=O)[C@]2(Cc3ccccc3)CN(Cc3ccccc3)C(=O)N2)c1,False
BACE1,3ckr,009,502,45,19,175.769,0.422,0.578,B,009,009,009,,CN(C)c1cccc(c1)CNC[C@H]([C@H](Cc2ccccc2)NC(=O)[C@@]3(CN(C(=O)N3)Cc4ccccc4)Cc5ccccc5)O,False,,CN(C)c1cccc(CNC[C@@H](O)[C@H](Cc2ccccc2)NC(=O)[C@]2(Cc3ccccc3)CN(Cc3ccccc3)C(=O)N2)c1,False
BACE1,3ckr,009,503,45,19,202.974,0.422,0.578,C,009,009,009,,CN(C)c1cccc(c1)CNC[C@H]([C@H](Cc2ccccc2)NC(=O)[C@@]3(CN(C(=O)N3)Cc4ccccc4)Cc5ccccc5)O,False,,CN(C)c1cccc(CNC[C@@H](O)[C@H](Cc2ccccc2)NC(=O)[C@]2(Cc3ccccc3)CN(Cc3ccccc3)C(=O)N2)c1,False
BACE1,3dm6,757,1000,62,24,246.033,0.387,0.613,A,757,757,757,,CC(C)[C@@H](C(=O)Nc1cc(cc(c1)C(=O)O)C(=O)O)NC(=O)C[C@H]([C@H](COc2cc(cc(c2)F)F)NC(=O)c3cc(cc(c3)N(C)S(=O)(=O)C)C(=O)N[C@H](C)c4ccccc4)O,False,,CC(C)[C@H](NC(=O)C[C@@H](O)[C@H](COc1cc(F)cc(F)c1)NC(=O)c1cc(C(=O)N[C@H](C)c2ccccc2)cc(N(C)S(C)(=O)=O)c1)C(=O)Nc1cc(C(=O)O)cc(C(=O)O)c1,False
BACE1,3dm6,757,1000,62,24,222.924,0.387,0.613,B,757,757,757,,CC(C)[C@@H](C(=O)Nc1cc(cc(c1)C(=O)O)C(=O)O)NC(=O)C[C@H]([C@H](COc2cc(cc(c2)F)F)NC(=O)c3cc(cc(c3)N(C)S(=O)(=O)C)C(=O)N[C@H](C)c4ccccc4)O,False,,CC(C)[C@H](NC(=O)C[C@@H](O)[C@H](COc1cc(F)cc(F)c1)NC(=O)c1cc(C(=O)N[C@H](C)c2ccccc2)cc(N(C)S(C)(=O)=O)c1)C(=O)Nc1cc(C(=O)O)cc(C(=O)O)c1,False
BACE1,3dm6,757,1000,62,21,225.658,0.339,0.661,C,757,757,757,,CC(C)[C@@H](C(=O)Nc1cc(cc(c1)C(=O)O)C(=O)O)NC(=O)C[C@H]([C@H](COc2cc(cc(c2)F)F)NC(=O)c3cc(cc(c3)N(C)S(=O)(=O)C)C(=O)N[C@H](C)c4ccccc4)O,False,,CC(C)[C@H](NC(=O)C[C@@H](O)[C@H](COc1cc(F)cc(F)c1)NC(=O)c1cc(C(=O)N[C@H](C)c2ccccc2)cc(N(C)S(C)(=O)=O)c1)C(=O)Nc1cc(C(=O)O)cc(C(=O)O)c1,False
BACE1,3duy,AFJ,501,33,14,89.628,0.424,0.576,A,AFJ,AFJ,AFJ,,CCCCNC(=O)[C@H](C)C[C@@H]([C@H](CC(C)C)NC(=O)[C@H](CCSC)NC(=O)CCC(C)C)O,False,,CCCCNC(=O)[C@H](C)C[C@H](O)[C@H](CC(C)C)NC(=O)[C@H](CCSC)NC(=O)CCC(C)C,False
BACE1,3dv1,AR9,501,31,14,64.83,0.452,0.548,A,AR9,AR9,AR9,,CCCCNC(=O)[C@H](C)C[C@@H]([C@@H]1C[C@@H](CCCCCCCC(=O)N[C@H](C(=O)N1)C)C)O,False,,CCCCNC(=O)[C@H](C)C[C@H](O)[C@@H]1C[C@H](C)CCCCCCCC(=O)N[C@@H](C)C(=O)N1,False
BACE1,3duy,AFJ,501,33,15,100.576,0.455,0.545,B,AFJ,AFJ,AFJ,,CCCCNC(=O)[C@H](C)C[C@@H]([C@H](CC(C)C)NC(=O)[C@H](CCSC)NC(=O)CCC(C)C)O,False,,CCCCNC(=O)[C@H](C)C[C@H](O)[C@H](CC(C)C)NC(=O)[C@H](CCSC)NC(=O)CCC(C)C,False
BACE1,3duy,AFJ,501,33,15,100.282,0.455,0.545,C,AFJ,AFJ,AFJ,,CCCCNC(=O)[C@H](C)C[C@@H]([C@H](CC(C)C)NC(=O)[C@H](CCSC)NC(=O)CCC(C)C)O,False,,CCCCNC(=O)[C@H](C)C[C@H](O)[C@H](CC(C)C)NC(=O)[C@H](CCSC)NC(=O)CCC(C)C,False
BACE1,3dv1,AR9,501,31,13,63.486,0.419,0.581,B,AR9,AR9,AR9,,CCCCNC(=O)[C@H](C)C[C@@H]([C@@H]1C[C@@H](CCCCCCCC(=O)N[C@H](C(=O)N1)C)C)O,False,,CCCCNC(=O)[C@H](C)C[C@H](O)[C@@H]1C[C@H](C)CCCCCCCC(=O)N[C@@H](C)C(=O)N1,False
BACE1,3dv1,AR9,501,31,13,71.118,0.419,0.581,C,AR9,AR9,AR9,,CCCCNC(=O)[C@H](C)C[C@@H]([C@@H]1C[C@@H](CCCCCCCC(=O)N[C@H](C(=O)N1)C)C)O,False,,CCCCNC(=O)[C@H](C)C[C@H](O)[C@@H]1C[C@H](C)CCCCCCCC(=O)N[C@@H](C)C(=O)N1,False
BACE1,3dv5,BAV,501,35,17,88.82,0.486,0.514,A,BAV,BAV,BAV,,C[C@@H]1CCCCCCCCC(=O)N([C@H](C(=O)N[C@@H](C1)[C@@H](CNCc2cccc(c2)C(C)C)O)C)C,False,,CC(C)c1cccc(CNC[C@@H](O)[C@@H]2C[C@H](C)CCCCCCCCC(=O)N(C)[C@@H](C)C(=O)N2)c1,False
BACE1,3dv5,BAV,501,35,13,84.925,0.371,0.629,B,BAV,BAV,BAV,,C[C@@H]1CCCCCCCCC(=O)N([C@H](C(=O)N[C@@H](C1)[C@@H](CNCc2cccc(c2)C(C)C)O)C)C,False,,CC(C)c1cccc(CNC[C@@H](O)[C@@H]2C[C@H](C)CCCCCCCCC(=O)N(C)[C@@H](C)C(=O)N2)c1,False
BACE1,3dv5,BAV,501,35,17,90.963,0.486,0.514,C,BAV,BAV,BAV,,C[C@@H]1CCCCCCCCC(=O)N([C@H](C(=O)N[C@@H](C1)[C@@H](CNCc2cccc(c2)C(C)C)O)C)C,False,,CC(C)c1cccc(CNC[C@@H](O)[C@@H]2C[C@H](C)CCCCCCCCC(=O)N(C)[C@@H](C)C(=O)N2)c1,False
BACE1,3exo,5MS,453,25,16,143.183,0.64,0.36,A,5MS,5MS,5MS,,Cc1ccc(cc1NS(=O)(=O)C)Nc2cc(ncn2)c3ccccc3,False,,Cc1ccc(Nc2cc(-c3ccccc3)ncn2)cc1NS(C)(=O)=O,False
BACE1,3fkt,SII,406,36,15,108.036,0.417,0.583,A,SII,SII,SII,,CC(=O)Nc1ccc(cc1)CN2CCC3(CC2)C(=NC(=O)N3c4cccc(c4)F)NC5CCCCC5,False,,CC(=O)Nc1ccc(CN2CCC3(CC2)C(NC2CCCCC2)=NC(=O)N3c2cccc(F)c2)cc1,False
BACE1,3h0b,B35,449,28,17,71.798,0.607,0.393,A,B35,B35,B35,,COc1ccc(cc1C[C@@H](c2ccc(c(c2)F)OC)c3c[nH]c(n3)N)[N+](=O)[O-],False,,COc1ccc([C@H](Cc2cc([N+](=O)[O-])ccc2OC)c2c[nH]c(N)n2)cc1F,False
BACE1,3h0b,B35,449,28,18,79.202,0.643,0.357,B,B35,B35,B35,,COc1ccc(cc1C[C@@H](c2ccc(c(c2)F)OC)c3c[nH]c(n3)N)[N+](=O)[O-],False,,COc1ccc([C@H](Cc2cc([N+](=O)[O-])ccc2OC)c2c[nH]c(N)n2)cc1F,False
BACE1,3h0b,B35,449,28,17,78.624,0.607,0.393,C,B35,B35,B35,,COc1ccc(cc1C[C@@H](c2ccc(c(c2)F)OC)c3c[nH]c(n3)N)[N+](=O)[O-],False,,COc1ccc([C@H](Cc2cc([N+](=O)[O-])ccc2OC)c2c[nH]c(N)n2)cc1F,False
BACE1,3hvg,EV0,441,11,6,22.265,0.545,0.455,A,EV0,EV0,EV0,,CCCC1=CC(=O)NC(=N1)N,False,,CCCc1cc(=O)[nH]c(N)n1,False
BACE1,3hvg,EV0,442,22,18,230.406,0.818,0.182,B,EV0,EV0,EV0,,CCCC1=CC(=O)NC(=N1)N,False,,CCCc1cc(=O)[nH]c(N)n1,False
BACE1,3hw1,EV2,393,16,13,93.055,0.812,0.188,A,EV2,EV2,EV2,,c1ccc2c(c1)nc(c(n2)N3CCCC3)N,False,,Nc1nc2ccccc2nc1N1CCCC1,False
BACE1,3hw1,EV2,393,16,15,114.973,0.938,0.062,B,EV2,EV2,EV2,,c1ccc2c(c1)nc(c(n2)N3CCCC3)N,False,,Nc1nc2ccccc2nc1N1CCCC1,False
BACE1,3hw1,EV2,393,16,15,117.731,0.938,0.062,C,EV2,EV2,EV2,,c1ccc2c(c1)nc(c(n2)N3CCCC3)N,False,,Nc1nc2ccccc2nc1N1CCCC1,False
BACE1,3i25,MV7,531,63,17,160.324,0.27,0.73,A,MV7,MV7,MV7,,C[C@H](c1ccccc1)NC(=O)c2cc(cc(c2)N(C)S(=O)(=O)C)C(=O)N[C@@H](COc3cc(cc(c3)F)F)[C@H](C[C@H](C(=O)N[C@@H](C(C)C)C(=O)NCc4ccccc4)OCCOC)O,False,,COCCO[C@H](C[C@H](O)[C@H](COc1cc(F)cc(F)c1)NC(=O)c1cc(C(=O)N[C@H](C)c2ccccc2)cc(N(C)S(C)(=O)=O)c1)C(=O)N[C@H](C(=O)NCc1ccccc1)C(C)C,False
BACE1,3i25,MV7,531,63,15,178.303,0.238,0.762,B,MV7,MV7,MV7,,C[C@H](c1ccccc1)NC(=O)c2cc(cc(c2)N(C)S(=O)(=O)C)C(=O)N[C@@H](COc3cc(cc(c3)F)F)[C@H](C[C@H](C(=O)N[C@@H](C(C)C)C(=O)NCc4ccccc4)OCCOC)O,False,,COCCO[C@H](C[C@H](O)[C@H](COc1cc(F)cc(F)c1)NC(=O)c1cc(C(=O)N[C@H](C)c2ccccc2)cc(N(C)S(C)(=O)=O)c1)C(=O)N[C@H](C(=O)NCc1ccccc1)C(C)C,False
BACE1,3i25,MV7,531,63,16,172.401,0.254,0.746,C,MV7,MV7,MV7,,C[C@H](c1ccccc1)NC(=O)c2cc(cc(c2)N(C)S(=O)(=O)C)C(=O)N[C@@H](COc3cc(cc(c3)F)F)[C@H](C[C@H](C(=O)N[C@@H](C(C)C)C(=O)NCc4ccccc4)OCCOC)O,False,,COCCO[C@H](C[C@H](O)[C@H](COc1cc(F)cc(F)c1)NC(=O)c1cc(C(=O)N[C@H](C)c2ccccc2)cc(N(C)S(C)(=O)=O)c1)C(=O)N[C@H](C(=O)NCc1ccccc1)C(C)C,False
BACE1,3igb,454,1,22,13,143.366,0.591,0.409,A,454,454,454,,c1ccc(cc1)C2(C3=NCCCN3C(=N2)N)c4ccccc4,False,,NC1=NC(c2ccccc2)(c2ccccc2)C2=NCCCN12,False
BACE1,3in3,472,1,26,20,115.274,0.769,0.231,A,472,472,472,,CN1C(=O)[C@@](N=C1N)(c2ccncc2)c3cccc(c3)c4cccnc4,False,,CN1C(=O)[C@@](c2ccncc2)(c2cccc(-c3cccnc3)c2)N=C1N,False
BACE1,3in4,BX2,1,30,21,175.691,0.7,0.3,A,BX2,BX2,BX2,,CCc1cc(cc(n1)CC)[C@]2(C(=O)N(C(=N2)N)C)c3cccc(c3)c4cncnc4,False,,CCc1cc([C@]2(c3cccc(-c4cncnc4)c3)N=C(N)N(C)C2=O)cc(CC)n1,False
BACE1,3ind,593,1,24,12,107.053,0.5,0.5,A,593,593,593,,CN1C(=O)[C@@](N=C1N)(c2ccccc2)C34CC5CC(C3)CC(C5)C4,False,,CN1C(=O)[C@@](c2ccccc2)(C23CC4CC(CC(C4)C2)C3)N=C1N,False
BACE1,3ine,X17,1,27,16,133.194,0.593,0.407,A,X17,X17,X17,,Cc1cc(ccc1OC)[C@]2(C(=O)N(C(=N2)N)C)C34CC5CC(C3)CC(C5)C4,False,,COc1ccc([C@]2(C34CC5CC(CC(C5)C3)C4)N=C(N)N(C)C2=O)cc1C,False
BACE1,3inf,X45,1,29,20,147.027,0.69,0.31,A,X45,X45,X45,,Cc1cc(ccc1OC)[C@]2(C(=O)N(C(=N2)N)C)c3cccc(c3)c4cccnc4,False,,COc1ccc([C@]2(c3cccc(-c4cccnc4)c3)N=C(N)N(C)C2=O)cc1C,False
BACE1,3ivi,2LI,1,37,17,117.546,0.459,0.541,A,2LI,2LI,2LI,,CC(=O)N[C@@H](Cc1cc(cc(c1)F)F)[C@@H](CN[C@]2(CCc3c(cn[nH]3)C2)c4cccc(c4)C(C)(C)C)O,False,,CC(=O)N[C@@H](Cc1cc(F)cc(F)c1)[C@H](O)CN[C@@]1(c2cccc(C(C)(C)C)c2)CCc2[nH]ncc2C1,False
BACE1,3inh,569,1,32,20,124.971,0.625,0.375,A,569,569,569,,CN1C(=O)[C@@](N=C1N)(c2ccc(cc2)OC(F)(F)F)c3ccc(c(c3)c4cncnc4)F,False,,CN1C(=O)[C@@](c2ccc(OC(F)(F)F)cc2)(c2ccc(F)c(-c3cncnc3)c2)N=C1N,False
BACE1,3ivh,1LI,1,34,14,104.41,0.412,0.588,A,1LI,1LI,1LI,,CC(=O)N[C@@H](Cc1cc(cc(c1)F)F)[C@@H](CNC2(CCCCC2)c3cccc(c3)C(C)(C)C)O,False,,CC(=O)N[C@@H](Cc1cc(F)cc(F)c1)[C@H](O)CNC1(c2cccc(C(C)(C)C)c2)CCCCC1,False
BACE1,3ivi,2LI,2,37,17,94.465,0.459,0.541,B,2LI,2LI,2LI,,CC(=O)N[C@@H](Cc1cc(cc(c1)F)F)[C@@H](CN[C@]2(CCc3c(cn[nH]3)C2)c4cccc(c4)C(C)(C)C)O,False,,CC(=O)N[C@@H](Cc1cc(F)cc(F)c1)[C@H](O)CN[C@@]1(c2cccc(C(C)(C)C)c2)CCc2[nH]ncc2C1,False
BACE1,3ivi,2LI,3,37,16,100.562,0.432,0.568,C,2LI,2LI,2LI,,CC(=O)N[C@@H](Cc1cc(cc(c1)F)F)[C@@H](CN[C@]2(CCc3c(cn[nH]3)C2)c4cccc(c4)C(C)(C)C)O,False,,CC(=O)N[C@@H](Cc1cc(F)cc(F)c1)[C@H](O)CN[C@@]1(c2cccc(C(C)(C)C)c2)CCc2[nH]ncc2C1,False
BACE1,3ixj,586,500,60,17,183.524,0.283,0.717,A,586,586,586,,CC(C)[C@@H](C(=O)NCc1ccccc1)NC(=O)[C@@H](C[C@@H]([C@H](COc2cc(cc(c2)F)F)NC(=O)c3cc(cc(c3)N(C)S(=O)(=O)C)C(=O)N[C@H](C)c4ccccc4)O)OC,False,,CO[C@H](C[C@H](O)[C@H](COc1cc(F)cc(F)c1)NC(=O)c1cc(C(=O)N[C@H](C)c2ccccc2)cc(N(C)S(C)(=O)=O)c1)C(=O)N[C@H](C(=O)NCc1ccccc1)C(C)C,False
BACE1,3ixj,586,500,60,17,182.144,0.283,0.717,B,586,586,586,,CC(C)[C@@H](C(=O)NCc1ccccc1)NC(=O)[C@@H](C[C@@H]([C@H](COc2cc(cc(c2)F)F)NC(=O)c3cc(cc(c3)N(C)S(=O)(=O)C)C(=O)N[C@H](C)c4ccccc4)O)OC,False,,CO[C@H](C[C@H](O)[C@H](COc1cc(F)cc(F)c1)NC(=O)c1cc(C(=O)N[C@H](C)c2ccccc2)cc(N(C)S(C)(=O)=O)c1)C(=O)N[C@H](C(=O)NCc1ccccc1)C(C)C,False
BACE1,3ixj,586,500,60,19,184.967,0.317,0.683,C,586,586,586,,CC(C)[C@@H](C(=O)NCc1ccccc1)NC(=O)[C@@H](C[C@@H]([C@H](COc2cc(cc(c2)F)F)NC(=O)c3cc(cc(c3)N(C)S(=O)(=O)C)C(=O)N[C@H](C)c4ccccc4)O)OC,False,,CO[C@H](C[C@H](O)[C@H](COc1cc(F)cc(F)c1)NC(=O)c1cc(C(=O)N[C@H](C)c2ccccc2)cc(N(C)S(C)(=O)=O)c1)C(=O)N[C@H](C(=O)NCc1ccccc1)C(C)C,False
BACE1,3ixk,929,500,60,16,172.927,0.267,0.733,A,929,929,929,,CC(C)[C@@H](C(=O)NCc1ccccc1)NC(=O)[C@H](C)C[C@@H]([C@H](COCc2cc(cc(c2)F)F)NC(=O)c3cc(cc(c3)N(C)S(=O)(=O)C)C(=O)N[C@H](C)c4ccccc4)O,False,,CC(C)[C@H](NC(=O)[C@H](C)C[C@H](O)[C@H](COCc1cc(F)cc(F)c1)NC(=O)c1cc(C(=O)N[C@H](C)c2ccccc2)cc(N(C)S(C)(=O)=O)c1)C(=O)NCc1ccccc1,False
BACE1,3ixk,929,500,60,18,171.72,0.3,0.7,B,929,929,929,,CC(C)[C@@H](C(=O)NCc1ccccc1)NC(=O)[C@H](C)C[C@@H]([C@H](COCc2cc(cc(c2)F)F)NC(=O)c3cc(cc(c3)N(C)S(=O)(=O)C)C(=O)N[C@H](C)c4ccccc4)O,False,,CC(C)[C@H](NC(=O)[C@H](C)C[C@H](O)[C@H](COCc1cc(F)cc(F)c1)NC(=O)c1cc(C(=O)N[C@H](C)c2ccccc2)cc(N(C)S(C)(=O)=O)c1)C(=O)NCc1ccccc1,False
BACE1,3ixk,929,500,60,19,202.71,0.317,0.683,C,929,929,929,,CC(C)[C@@H](C(=O)NCc1ccccc1)NC(=O)[C@H](C)C[C@@H]([C@H](COCc2cc(cc(c2)F)F)NC(=O)c3cc(cc(c3)N(C)S(=O)(=O)C)C(=O)N[C@H](C)c4ccccc4)O,False,,CC(C)[C@H](NC(=O)[C@H](C)C[C@H](O)[C@H](COCc1cc(F)cc(F)c1)NC(=O)c1cc(C(=O)N[C@H](C)c2ccccc2)cc(N(C)S(C)(=O)=O)c1)C(=O)NCc1ccccc1,False
BACE1,3k5c,0BI,387,42,20,117.597,0.476,0.524,A,0BI,0BI,0BI,,CC(C)c1cccc(c1)C2(CC2)NC[C@H]([C@@H]3Cc4cccc(c4)OCCCCNc5cc(cc(c5)C(=O)N3)COC)O,False,,COCc1cc2cc(c1)C(=O)N[C@H]([C@H](O)CNC1(c3cccc(C(C)C)c3)CC1)Cc1cccc(c1)OCCCCN2,False
BACE1,3k5c,0BI,387,42,23,129.581,0.548,0.452,B,0BI,0BI,0BI,,CC(C)c1cccc(c1)C2(CC2)NC[C@H]([C@@H]3Cc4cccc(c4)OCCCCNc5cc(cc(c5)C(=O)N3)COC)O,False,,COCc1cc2cc(c1)C(=O)N[C@H]([C@H](O)CNC1(c3cccc(C(C)C)c3)CC1)Cc1cccc(c1)OCCCCN2,False
BACE1,3k5c,0BI,387,42,25,133.046,0.595,0.405,C,0BI,0BI,0BI,,CC(C)c1cccc(c1)C2(CC2)NC[C@H]([C@@H]3Cc4cccc(c4)OCCCCNc5cc(cc(c5)C(=O)N3)COC)O,False,,COCc1cc2cc(c1)C(=O)N[C@H]([C@H](O)CNC1(c3cccc(C(C)C)c3)CC1)Cc1cccc(c1)OCCCCN2,False
BACE1,3k5d,XLI,393,37,18,147.875,0.486,0.514,A,XLI,XLI,XLI,,CCCCNC(=O)[C@H](C)C[C@@H]([C@H](CC(C)C)NC(=O)[C@H](CCSC)NC(=O)[C@H](CC(C)C)NC(=O)C)O,False,,CCCCNC(=O)[C@H](C)C[C@H](O)[C@H](CC(C)C)NC(=O)[C@H](CCSC)NC(=O)[C@H](CC(C)C)NC(C)=O,False
BACE1,3k5d,XLI,393,37,20,156.645,0.541,0.459,B,XLI,XLI,XLI,,CCCCNC(=O)[C@H](C)C[C@@H]([C@H](CC(C)C)NC(=O)[C@H](CCSC)NC(=O)[C@H](CC(C)C)NC(=O)C)O,False,,CCCCNC(=O)[C@H](C)C[C@H](O)[C@H](CC(C)C)NC(=O)[C@H](CCSC)NC(=O)[C@H](CC(C)C)NC(C)=O,False
BACE1,3k5f,AYH,387,36,10,82.782,0.278,0.722,A,AYH,AYH,AYH,,CCCCNC(=O)[C@H](C)C[C@@H]([C@H](Cc1ccccc1)NC(=O)[C@@H]2CCC[C@@H](C2)C(C)(C)NC(=O)C)O,False,,CCCCNC(=O)[C@H](C)C[C@H](O)[C@H](Cc1ccccc1)NC(=O)[C@@H]1CCC[C@H](C(C)(C)NC(C)=O)C1,False
BACE1,3k5f,AYH,387,36,11,80.503,0.306,0.694,B,AYH,AYH,AYH,,CCCCNC(=O)[C@H](C)C[C@@H]([C@H](Cc1ccccc1)NC(=O)[C@@H]2CCC[C@@H](C2)C(C)(C)NC(=O)C)O,False,,CCCCNC(=O)[C@H](C)C[C@H](O)[C@H](Cc1ccccc1)NC(=O)[C@@H]1CCC[C@H](C(C)(C)NC(C)=O)C1,False
BACE1,3k5d,XLI,393,37,18,130.701,0.486,0.514,C,XLI,XLI,XLI,,CCCCNC(=O)[C@H](C)C[C@@H]([C@H](CC(C)C)NC(=O)[C@H](CCSC)NC(=O)[C@H](CC(C)C)NC(=O)C)O,False,,CCCCNC(=O)[C@H](C)C[C@H](O)[C@H](CC(C)C)NC(=O)[C@H](CCSC)NC(=O)[C@H](CC(C)C)NC(C)=O,False
BACE1,3k5g,BJC,387,41,17,108.55,0.415,0.585,A,BJC,BJC,BJC,,CC(C)c1cccc(c1)CNC[C@H]([C@H](Cc2ccccc2)NC(=O)[C@@H]3CCC[C@@H](C3)C(C)(C)N4CCCCC4=O)O,False,,CC(C)c1cccc(CNC[C@@H](O)[C@H](Cc2ccccc2)NC(=O)[C@@H]2CCC[C@H](C(C)(C)N3CCCCC3=O)C2)c1,False
BACE1,3k5f,AYH,387,36,9,79.295,0.25,0.75,C,AYH,AYH,AYH,,CCCCNC(=O)[C@H](C)C[C@@H]([C@H](Cc1ccccc1)NC(=O)[C@@H]2CCC[C@@H](C2)C(C)(C)NC(=O)C)O,False,,CCCCNC(=O)[C@H](C)C[C@H](O)[C@H](Cc1ccccc1)NC(=O)[C@@H]1CCC[C@H](C(C)(C)NC(C)=O)C1,False
BACE1,3k5g,BJC,387,41,16,124.25,0.39,0.61,B,BJC,BJC,BJC,,CC(C)c1cccc(c1)CNC[C@H]([C@H](Cc2ccccc2)NC(=O)[C@@H]3CCC[C@@H](C3)C(C)(C)N4CCCCC4=O)O,False,,CC(C)c1cccc(CNC[C@@H](O)[C@H](Cc2ccccc2)NC(=O)[C@@H]2CCC[C@H](C(C)(C)N3CCCCC3=O)C2)c1,False
BACE1,3k5g,BJC,387,41,15,108.55,0.366,0.634,C,BJC,BJC,BJC,,CC(C)c1cccc(c1)CNC[C@H]([C@H](Cc2ccccc2)NC(=O)[C@@H]3CCC[C@@H](C3)C(C)(C)N4CCCCC4=O)O,False,,CC(C)c1cccc(CNC[C@@H](O)[C@H](Cc2ccccc2)NC(=O)[C@@H]2CCC[C@H](C(C)(C)N3CCCCC3=O)C2)c1,False
BACE1,3kmx,G00,501,17,7,56.397,0.412,0.588,A,G00,G00,G00,,[H]/N=C(/N)\SCc1ccc(c(c1)Cl)OCCCC,False,,[H]/N=C(/N)SCc1ccc(OCCCC)c(Cl)c1,False
BACE1,3kmx,G00,501,17,5,39.371,0.294,0.706,B,G00,G00,G00,,[H]/N=C(/N)\SCc1ccc(c(c1)Cl)OCCCC,False,,[H]/N=C(/N)SCc1ccc(OCCCC)c(Cl)c1,False
BACE1,3kmy,D8Y,501,16,6,75.967,0.375,0.625,A,D8Y,D8Y,D8Y,,c1cc(cc(c1)Cl)CCc2cccnc2N,False,,Nc1ncccc1CCc1cccc(Cl)c1,False
BACE1,3kmy,D8Y,501,16,7,66.42,0.438,0.562,B,D8Y,D8Y,D8Y,,c1cc(cc(c1)Cl)CCc2cccnc2N,False,,Nc1ncccc1CCc1cccc(Cl)c1,False
BACE1,3kn0,3TO,501,24,11,123.064,0.458,0.542,A,3TO,3TO,3TO,,C[N@@](Cc1cccc(c1)CCc2cccnc2N)Cc3ccco3,False,,CN(Cc1cccc(CCc2cccnc2N)c1)Cc1ccco1,False
BACE1,3kn0,3TO,501,24,11,59.06,0.458,0.542,B,3TO,3TO,3TO,,C[N@@](Cc1cccc(c1)CCc2cccnc2N)Cc3ccco3,False,,CN(Cc1cccc(CCc2cccnc2N)c1)Cc1ccco1,False
BACE1,3kyr,038,500,52,32,441.774,0.615,0.385,A,038,038,038,,CC(C)C[C@@H](C(=O)NC[C@](CCc1ccccc1)(C(=O)Nc2cccc(c2)C(=O)O)O)NC(=O)[C@H](C(C)C)NC(=O)[C@H](CNC(=O)c3[nH]nnn3)N,False,,CC(C)C[C@H](NC(=O)[C@@H](NC(=O)[C@@H](N)CNC(=O)c1nnn[nH]1)C(C)C)C(=O)NC[C@](O)(CCc1ccccc1)C(=O)Nc1cccc(C(=O)O)c1,False
BACE1,3kyr,038,500,52,31,430.949,0.596,0.404,B,038,038,038,,CC(C)C[C@@H](C(=O)NC[C@](CCc1ccccc1)(C(=O)Nc2cccc(c2)C(=O)O)O)NC(=O)[C@H](C(C)C)NC(=O)[C@H](CNC(=O)c3[nH]nnn3)N,False,,CC(C)C[C@H](NC(=O)[C@@H](NC(=O)[C@@H](N)CNC(=O)c1nnn[nH]1)C(C)C)C(=O)NC[C@](O)(CCc1ccccc1)C(=O)Nc1cccc(C(=O)O)c1,False
BACE1,3kyr,038,500,52,33,441.725,0.635,0.365,C,038,038,038,,CC(C)C[C@@H](C(=O)NC[C@](CCc1ccccc1)(C(=O)Nc2cccc(c2)C(=O)O)O)NC(=O)[C@H](C(C)C)NC(=O)[C@H](CNC(=O)c3[nH]nnn3)N,False,,CC(C)C[C@H](NC(=O)[C@@H](NC(=O)[C@@H](N)CNC(=O)c1nnn[nH]1)C(C)C)C(=O)NC[C@](O)(CCc1ccccc1)C(=O)Nc1cccc(C(=O)O)c1,False
BACE1,3l3a,625,1,32,18,116.912,0.562,0.438,A,625,625,625,,c1ccc(c(c1)c2ccc(n2Cc3cccc(n3)N)c4ccc(cc4)OCCCC#N)Cl,False,,N#CCCCOc1ccc(-c2ccc(-c3ccccc3Cl)n2Cc2cccc(N)n2)cc1,False
BACE1,3l38,879,1,33,15,126.412,0.455,0.545,A,879,879,879,,c1ccc(c(c1)c2ccc(n2Cc3cccc(n3)N)c4ccc(cc4)Oc5cncnc5)Cl,False,,Nc1cccc(Cn2c(-c3ccc(Oc4cncnc4)cc3)ccc2-c2ccccc2Cl)n1,False
BACE1,3l58,CS5,1,42,13,137.516,0.31,0.69,A,CS5,CS5,CS5,,CCCN(CCC)C(=O)c1cc(cc(c1)C(=O)N[C@@H](Cc2cc(cc(c2)F)F)[C@@H](CNCc3cccc(c3)OC)O)C,False,,CCCN(CCC)C(=O)c1cc(C)cc(C(=O)N[C@@H](Cc2cc(F)cc(F)c2)[C@H](O)CNCc2cccc(OC)c2)c1,False
BACE1,3l59,BDJ,1,17,8,116.307,0.471,0.529,A,BDJ,BDJ,BDJ,,[H]/N=C\1/NC(C(=O)N1Cc2cccc(c2)Cl)(C)C,False,,[H]/N=C1/NC(C)(C)C(=O)N1Cc1cccc(Cl)c1,False
BACE1,3l58,CS5,1,42,14,138.179,0.333,0.667,B,CS5,CS5,CS5,,CCCN(CCC)C(=O)c1cc(cc(c1)C(=O)N[C@@H](Cc2cc(cc(c2)F)F)[C@@H](CNCc3cccc(c3)OC)O)C,False,,CCCN(CCC)C(=O)c1cc(C)cc(C(=O)N[C@@H](Cc2cc(F)cc(F)c2)[C@H](O)CNCc2cccc(OC)c2)c1,False
BACE1,3l5b,BDO,1,20,14,173.817,0.7,0.3,A,BDO,BDO,BDO,,[H]/N=C\1/N[C@](C(=O)N1Cc2cccc(c2)Cl)(C)CC(C)C,False,,[H]/N=C1/N[C@](C)(CC(C)C)C(=O)N1Cc1cccc(Cl)c1,False
BACE1,3l5b,BDO,455,20,14,180.929,0.7,0.3,B,BDO,BDO,BDO,,[H]/N=C\1/N[C@](C(=O)N1Cc2cccc(c2)Cl)(C)CC(C)C,False,,[H]/N=C1/N[C@](C)(CC(C)C)C(=O)N1Cc1cccc(Cl)c1,False
BACE1,3l5c,BDQ,1,32,20,309.454,0.625,0.375,A,BDQ,BDQ,BDQ,,[H]/N=C\1/N[C@](C(=O)N1Cc2ccc(cc2)CNC(=O)Nc3ccc(cc3)C#N)(C)CC(C)C,False,,[H]/N=C1/N[C@](C)(CC(C)C)C(=O)N1Cc1ccc(CNC(=O)Nc2ccc(C#N)cc2)cc1,False
BACE1,3l5d,BDV,1,28,18,222.335,0.643,0.357,A,BDV,BDV,BDV,,[H]/N=C\1/N[C@](C(=O)N1Cc2ccc(cc2)CNC(=O)NCCCC)(C)CC(C)C,False,,[H]/N=C1/N[C@](C)(CC(C)C)C(=O)N1Cc1ccc(CNC(=O)NCCCC)cc1,False
BACE1,3l5c,BDQ,1,32,16,281.204,0.5,0.5,B,BDQ,BDQ,BDQ,,[H]/N=C\1/N[C@](C(=O)N1Cc2ccc(cc2)CNC(=O)Nc3ccc(cc3)C#N)(C)CC(C)C,False,,[H]/N=C1/N[C@](C)(CC(C)C)C(=O)N1Cc1ccc(CNC(=O)Nc2ccc(C#N)cc2)cc1,False
BACE1,3l5d,BDV,455,28,16,182.067,0.571,0.429,B,BDV,BDV,BDV,,[H]/N=C\1/N[C@](C(=O)N1Cc2ccc(cc2)CNC(=O)NCCCC)(C)CC(C)C,False,,[H]/N=C1/N[C@](C)(CC(C)C)C(=O)N1Cc1ccc(CNC(=O)NCCCC)cc1,False
BACE1,3l5e,BDW,1,39,19,142.803,0.487,0.513,A,BDW,BDW,BDW,,[H]/N=C\1/N[C@](C(=O)N1Cc2ccc(cc2)CN3C[C@@H](NC3=O)CCC)(CCC4CCCCC4)CC5CCCCC5,False,,[H]/N=C1/N[C@](CCC2CCCCC2)(CC2CCCCC2)C(=O)N1Cc1ccc(CN2C[C@H](CCC)NC2=O)cc1,False
BACE1,3l5e,BDW,455,39,20,180.722,0.513,0.487,B,BDW,BDW,BDW,,[H]/N=C\1/N[C@](C(=O)N1Cc2ccc(cc2)CN3C[C@@H](NC3=O)CCC)(CCC4CCCCC4)CC5CCCCC5,False,,[H]/N=C1/N[C@](CCC2CCCCC2)(CC2CCCCC2)C(=O)N1Cc1ccc(CN2C[C@H](CCC)NC2=O)cc1,False
BACE1,3l5f,BDX,1,23,12,93.514,0.522,0.478,A,BDX,BDX,BDX,,[H]/N=C/1\N[C@](C(=O)N1C)(CCC2CCCCC2)CC3CCCCC3,False,,[H]/N=C1\N[C@](CCC2CCCCC2)(CC2CCCCC2)C(=O)N1C,False
BACE1,3l5f,BDX,1,23,12,86.132,0.522,0.478,B,BDX,BDX,BDX,,[H]/N=C/1\N[C@](C(=O)N1C)(CCC2CCCCC2)CC3CCCCC3,False,,[H]/N=C1\N[C@](CCC2CCCCC2)(CC2CCCCC2)C(=O)N1C,False
BACE1,3lhg,Z81,1,28,20,142.637,0.714,0.286,A,Z81,Z81,Z81,,CN1C(=O)[C@@](N=C1N)(c2ccncc2)c3cccc(c3)c4cc(ccc4F)F,False,,CN1C(=O)[C@@](c2ccncc2)(c2cccc(-c3cc(F)ccc3F)c2)N=C1N,False
BACE1,3lnk,74A,1,45,24,218.203,0.533,0.467,A,74A,74A,74A,,CCCN(CCC)C(=O)c1cc(cc(c1)C(=O)N[C@@H](Cc2cc(cc(c2)F)F)[C@@H]([C@H]3CN(CCN3)C(=O)c4ccccc4)O)C,False,,CCCN(CCC)C(=O)c1cc(C)cc(C(=O)N[C@@H](Cc2cc(F)cc(F)c2)[C@H](O)[C@H]2CN(C(=O)c3ccccc3)CCN2)c1,False
BACE1,3lnk,74A,2,45,24,210.799,0.533,0.467,B,74A,74A,74A,,CCCN(CCC)C(=O)c1cc(cc(c1)C(=O)N[C@@H](Cc2cc(cc(c2)F)F)[C@@H]([C@H]3CN(CCN3)C(=O)c4ccccc4)O)C,False,,CCCN(CCC)C(=O)c1cc(C)cc(C(=O)N[C@@H](Cc2cc(F)cc(F)c2)[C@H](O)[C@H]2CN(C(=O)c3ccccc3)CCN2)c1,False
BACE1,3msj,EV3,393,15,12,104.781,0.8,0.2,A,EV3,EV3,EV3,,c1cc2c(cc1Cl)nc(n2CCCO)N,False,,Nc1nc2cc(Cl)ccc2n1CCCO,False
BACE1,3msj,EV3,393,15,12,90.694,0.8,0.2,B,EV3,EV3,EV3,,c1cc2c(cc1Cl)nc(n2CCCO)N,False,,Nc1nc2cc(Cl)ccc2n1CCCO,False
BACE1,3msj,EV3,393,15,13,92.474,0.867,0.133,C,EV3,EV3,EV3,,c1cc2c(cc1Cl)nc(n2CCCO)N,False,,Nc1nc2cc(Cl)ccc2n1CCCO,False
BACE1,3msk,EV4,396,24,17,145.896,0.708,0.292,A,EV4,EV4,EV4,,CN(C1CCCCC1)C(=O)CCCn2c3ccc(cc3nc2N)Cl,False,,CN(C(=O)CCCn1c(N)nc2cc(Cl)ccc21)C1CCCCC1,False
BACE1,3msl,EV5,395,25,18,158.109,0.72,0.28,A,EV5,EV5,EV5,,CC[C@@H](CC(=O)NCC1CCCCC1)n2c3ccc(cc3nc2N)Cl,False,,CC[C@@H](CC(=O)NCC1CCCCC1)n1c(N)nc2cc(Cl)ccc21,False
BACE1,3n4l,842,407,35,15,87.33,0.429,0.571,A,842,842,842,,CC(=O)N[C@@H](Cc1cc(cc(c1)F)F)[C@@H](CNC2(CCCCC2)c3cccc(c3)n4cccn4)O,False,,CC(=O)N[C@@H](Cc1cc(F)cc(F)c1)[C@H](O)CNC1(c2cccc(-n3cccn3)c2)CCCCC1,False
BACE1,3n4l,842,407,35,15,96.877,0.429,0.571,B,842,842,842,,CC(=O)N[C@@H](Cc1cc(cc(c1)F)F)[C@@H](CNC2(CCCCC2)c3cccc(c3)n4cccn4)O,False,,CC(=O)N[C@@H](Cc1cc(F)cc(F)c1)[C@H](O)CNC1(c2cccc(-n3cccn3)c2)CCCCC1,False
BACE1,3n4l,842,407,35,14,88.883,0.4,0.6,C,842,842,842,,CC(=O)N[C@@H](Cc1cc(cc(c1)F)F)[C@@H](CNC2(CCCCC2)c3cccc(c3)n4cccn4)O,False,,CC(=O)N[C@@H](Cc1cc(F)cc(F)c1)[C@H](O)CNC1(c2cccc(-n3cccn3)c2)CCCCC1,False
BACE1,3nsh,957,407,31,13,110.385,0.419,0.581,A,957,957,957,,CC(=O)N[C@@H](Cc1cc(cc(c1)F)F)[C@@H](CNC2(CC2)c3cc(cs3)CC(C)(C)C)O,False,,CC(=O)N[C@@H](Cc1cc(F)cc(F)c1)[C@H](O)CNC1(c2cc(CC(C)(C)C)cs2)CC1,False
BACE1,3nsh,957,407,31,13,100.45,0.419,0.581,B,957,957,957,,CC(=O)N[C@@H](Cc1cc(cc(c1)F)F)[C@@H](CNC2(CC2)c3cc(cs3)CC(C)(C)C)O,False,,CC(=O)N[C@@H](Cc1cc(F)cc(F)c1)[C@H](O)CNC1(c2cc(CC(C)(C)C)cs2)CC1,False
BACE1,3nsh,957,407,31,12,109.119,0.387,0.613,C,957,957,957,,CC(=O)N[C@@H](Cc1cc(cc(c1)F)F)[C@@H](CNC2(CC2)c3cc(cs3)CC(C)(C)C)O,False,,CC(=O)N[C@@H](Cc1cc(F)cc(F)c1)[C@H](O)CNC1(c2cc(CC(C)(C)C)cs2)CC1,False
BACE1,3ooz,ZOO,1,31,18,96.342,0.581,0.419,A,ZOO,ZOO,ZOO,,CN1C(=O)[C@@](N=C1N)(c2ccc(cc2)OC(F)F)c3ccc(c(c3)C#CCCCF)F,False,,CN1C(=O)[C@@](c2ccc(OC(F)F)cc2)(c2ccc(F)c(C#CCCCF)c2)N=C1N,False
BACE1,3pi5,3P5,387,29,13,79.658,0.448,0.552,A,3P5,3P5,3P5,,c1cc(cc(c1)C2CC2)CN[C@H]3CS(=O)(=O)C[C@H]([C@@H]3O)Cc4ccc(c(c4)Br)O,False,,O=S1(=O)C[C@@H](Cc2ccc(O)c(Br)c2)[C@H](O)[C@@H](NCc2cccc(C3CC3)c2)C1,False
BACE1,3pi5,3P5,387,29,13,68.703,0.448,0.552,B,3P5,3P5,3P5,,c1cc(cc(c1)C2CC2)CN[C@H]3CS(=O)(=O)C[C@H]([C@@H]3O)Cc4ccc(c(c4)Br)O,False,,O=S1(=O)C[C@@H](Cc2ccc(O)c(Br)c2)[C@H](O)[C@@H](NCc2cccc(C3CC3)c2)C1,False
BACE1,3pi5,3P5,387,29,14,79.283,0.483,0.517,C,3P5,3P5,3P5,,c1cc(cc(c1)C2CC2)CN[C@H]3CS(=O)(=O)C[C@H]([C@@H]3O)Cc4ccc(c(c4)Br)O,False,,O=S1(=O)C[C@@H](Cc2ccc(O)c(Br)c2)[C@H](O)[C@@H](NCc2cccc(C3CC3)c2)C1,False
BACE1,3qbh,QBH,387,38,12,79.532,0.316,0.684,A,QBH,QBH,QBH,,CCCN1[C@H](COC1=O)Cc2cc(ccc2O)C[C@@H]3CS(=O)(=O)C[C@@H]([C@H]3O)NCc4cccc(c4)C(C)C,False,,CCCN1C(=O)OC[C@@H]1Cc1cc(C[C@@H]2CS(=O)(=O)C[C@H](NCc3cccc(C(C)C)c3)[C@H]2O)ccc1O,False
BACE1,3qbh,QBH,387,38,11,80.603,0.289,0.711,B,QBH,QBH,QBH,,CCCN1[C@H](COC1=O)Cc2cc(ccc2O)C[C@@H]3CS(=O)(=O)C[C@@H]([C@H]3O)NCc4cccc(c4)C(C)C,False,,CCCN1C(=O)OC[C@@H]1Cc1cc(C[C@@H]2CS(=O)(=O)C[C@H](NCc3cccc(C(C)C)c3)[C@H]2O)ccc1O,False
BACE1,3qi1,C6A,401,36,12,97.927,0.333,0.667,A,C6A,C6A,C6A,,CC(=O)N[C@@H](Cc1cc(cc(c1)F)F)[C@@H](CN[C@H]2C[C@@H](Oc3c2cc(cc3)CC(C)(C)C)C4CC4)O,False,,CC(=O)N[C@@H](Cc1cc(F)cc(F)c1)[C@H](O)CN[C@H]1C[C@H](C2CC2)Oc2ccc(CC(C)(C)C)cc21,False
BACE1,3qbh,QBH,387,38,12,85.96,0.316,0.684,C,QBH,QBH,QBH,,CCCN1[C@H](COC1=O)Cc2cc(ccc2O)C[C@@H]3CS(=O)(=O)C[C@@H]([C@H]3O)NCc4cccc(c4)C(C)C,False,,CCCN1C(=O)OC[C@@H]1Cc1cc(C[C@@H]2CS(=O)(=O)C[C@H](NCc3cccc(C(C)C)c3)[C@H]2O)ccc1O,False
BACE1,3rsv,3RS,400,32,15,107.465,0.469,0.531,A,3RS,3RS,3RS,,Cc1ccccc1c2ccc3c(c2)cc(c(n3)N)C[C@@H](C)C(=O)N[C@@H]4CCOC(C4)(C)C,False,,Cc1ccccc1-c1ccc2nc(N)c(C[C@@H](C)C(=O)N[C@@H]3CCOC(C)(C)C3)cc2c1,False
BACE1,3rsx,RSV,397,16,13,68.607,0.812,0.188,A,RSV,RSV,RSV,,c1cc(nc2c1cc(cc2)c3ccsc3)N,False,,Nc1ccc2cc(-c3ccsc3)ccc2n1,False
BACE1,3rth,RTH,397,23,17,97.704,0.739,0.261,A,RTH,RTH,RTH,,CC(C)(C)C#Cc1ccccc1c2ccc3c(c2)ccc(n3)N,False,,CC(C)(C)C#Cc1ccccc1-c1ccc2nc(N)ccc2c1,False
BACE1,3rtm,RTM,395,23,16,141.156,0.696,0.304,A,RTM,RTM,RTM,,CN(C1CCCCC1)C(=O)CCc2cc3ccccc3nc2N,False,,CN(C(=O)CCc1cc2ccccc2nc1N)C1CCCCC1,False
BACE1,3rtn,RTN,401,29,14,94.704,0.483,0.517,A,RTN,RTN,RTN,,Cc1ccccc1c2ccc3c(c2)cc(c(n3)N)CCC(=O)NC4CCCCC4,False,,Cc1ccccc1-c1ccc2nc(N)c(CCC(=O)NC3CCCCC3)cc2c1,False
BACE1,3rvi,RVI,402,33,16,79.822,0.485,0.515,A,RVI,RVI,RVI,,CCC[C@H](Cc1cc2cc(ccc2nc1N)c3ccccc3C)C(=O)NCC4CCCCC4,False,,CCC[C@H](Cc1cc2cc(-c3ccccc3C)ccc2nc1N)C(=O)NCC1CCCCC1,False
BACE1,3ru1,3RU,398,23,17,116.994,0.739,0.261,A,3RU,3RU,3RU,,c1ccc2c(c1)cc(c(n2)N)CCC(=O)NCC3CCCCC3,False,,Nc1nc2ccccc2cc1CCC(=O)NCC1CCCCC1,False
BACE1,3s2o,EV6,393,28,18,150.258,0.643,0.357,A,EV6,EV6,EV6,,CC[C@@H](CC(=O)NC1C2CC3CC(C2)CC1C3)n4c5ccc(cc5nc4N)Cl,False,,CC[C@@H](CC(=O)NC1C2CC3CC(C2)CC1C3)n1c(N)nc2cc(Cl)ccc21,False
BACE1,3s7l,591,1,27,17,121.217,0.63,0.37,A,591,591,591,,CCn1cc(cn1)[C@]2(C(=O)N(C(=N2)N)C)c3cccc(c3)c4cncnc4,False,,CCn1cc([C@]2(c3cccc(-c4cncnc4)c3)N=C(N)N(C)C2=O)cn1,False
BACE1,3s7m,532,1,25,16,99.334,0.64,0.36,A,532,532,532,,CN1C(=O)[C@](N=C1N)(c2cccc(c2)c3cccnc3)c4ccsc4,False,,CN1C(=O)[C@@](c2ccsc2)(c2cccc(-c3cccnc3)c2)N=C1N,False
BACE1,3tpp,5HA,999,41,10,96.438,0.244,0.756,A,5HA,5HA,5HA,,C[C@H](c1ccccc1)NC(=O)c2cc(cc(c2)N(C)S(=O)(=O)C)C(=O)N[C@@H](Cc3ccccc3)[C@@H](CNC4CC4)O,False,,C[C@@H](NC(=O)c1cc(C(=O)N[C@@H](Cc2ccccc2)[C@H](O)CNC2CC2)cc(N(C)S(C)(=O)=O)c1)c1ccccc1,False
BACE1,3tpr,5HA,400,41,23,182.571,0.561,0.439,A,5HA,5HA,5HA,,C[C@H](c1ccccc1)NC(=O)c2cc(cc(c2)N(C)S(=O)(=O)C)C(=O)N[C@@H](Cc3ccccc3)[C@@H](CNC4CC4)O,False,,C[C@@H](NC(=O)c1cc(C(=O)N[C@@H](Cc2ccccc2)[C@H](O)CNC2CC2)cc(N(C)S(C)(=O)=O)c1)c1ccccc1,False
BACE1,3u6a,18P,386,26,17,107.268,0.654,0.346,A,18P,18P,18P,,C[C@]1(C(=O)N(CC(=N1)N)C)c2cccc(c2)NC(=O)c3ccc(cn3)Cl,False,,CN1CC(N)=N[C@](C)(c2cccc(NC(=O)c3ccc(Cl)cn3)c2)C1=O,False
BACE1,3u6a,18P,386,26,9,85.451,0.346,0.654,B,18P,18P,18P,,C[C@]1(C(=O)N(CC(=N1)N)C)c2cccc(c2)NC(=O)c3ccc(cn3)Cl,False,,CN1CC(N)=N[C@](C)(c2cccc(NC(=O)c3ccc(Cl)cn3)c2)C1=O,False
BACE1,3udh,091,501,14,10,53.785,0.714,0.286,A,091,091,091,,c1ccc2c(c1)[C@]3(CCNC3)C(=O)N2,False,,O=C1Nc2ccccc2[C@]12CCNC2,False
BACE1,3u6a,18P,386,26,10,52.547,0.385,0.615,C,18P,18P,18P,,C[C@]1(C(=O)N(CC(=N1)N)C)c2cccc(c2)NC(=O)c3ccc(cn3)Cl,False,,CN1CC(N)=N[C@](C)(c2cccc(NC(=O)c3ccc(Cl)cn3)c2)C1=O,False
BACE1,3udj,092,401,18,11,83.361,0.611,0.389,A,092,092,092,,COC(=O)[C@H]1C[C@@]2(CN1)c3ccccc3NC2=O,False,,COC(=O)[C@H]1C[C@]2(CN1)C(=O)Nc1ccccc12,False
BACE1,3udk,095,501,23,14,93.883,0.609,0.391,A,095,095,095,,c1ccc2c(c1)[C@]3(C[C@@H](NC3)C(=O)OC4CCOCC4)C(=O)N2,False,,O=C(OC1CCOCC1)[C@H]1C[C@]2(CN1)C(=O)Nc1ccccc12,False
BACE1,3udm,09A,501,24,14,83.589,0.583,0.417,A,09A,09A,09A,,c1ccc(cc1)COC(=O)[C@H]2C[C@@]3(CN2)c4ccccc4NC3=O,False,,O=C(OCc1ccccc1)[C@H]1C[C@]2(CN1)C(=O)Nc1ccccc12,False
BACE1,3udn,09B,401,26,17,108.538,0.654,0.346,A,09B,09B,09B,,c1ccc2c(c1)[C@]3(C[C@@H](NC3)C(=O)OCc4ccc(cc4)C#N)C(=O)N2,False,,N#Cc1ccc(COC(=O)[C@H]2C[C@]3(CN2)C(=O)Nc2ccccc23)cc1,False
BACE1,3udq,09E,4000,30,15,88.792,0.5,0.5,A,09E,09E,09E,,c1ccc2c(c1)[C@]3(C[C@@H](NC3)C(=O)O[C@H]4CCS(=O)(=O)c5c4cc(cc5)Br)C(=O)N2,False,,O=C(O[C@H]1CCS(=O)(=O)c2ccc(Br)cc21)[C@H]1C[C@]2(CN1)C(=O)Nc1ccccc12,False
BACE1,3udp,09D,501,28,16,87.171,0.571,0.429,A,09D,09D,09D,,c1ccc2c(c1)[C@]3(C[C@@H](NC3)C(=O)O[C@H]4CCSc5c4cc(cc5)Br)C(=O)N2,False,,O=C(O[C@H]1CCSc2ccc(Br)cc21)[C@H]1C[C@]2(CN1)C(=O)Nc1ccccc12,False
BACE1,3udr,09F,501,25,13,53.185,0.52,0.48,A,09F,09F,09F,,c1ccc2c(c1)[C@]3(C[C@@H](NC3)C(=O)OC4(CCCCC4)C#N)C(=O)N2,False,,N#CC1(OC(=O)[C@H]2C[C@]3(CN2)C(=O)Nc2ccccc23)CCCCC1,False
BACE1,3udy,09G,501,27,17,109.648,0.63,0.37,A,09G,09G,09G,,c1ccc2c(c1)[C@]3(C[C@@H](NC3)C(=O)OCc4ccc(c(c4)Br)C#N)C(=O)N2,False,,N#Cc1ccc(COC(=O)[C@H]2C[C@]3(CN2)C(=O)Nc2ccccc23)cc1Br,False
BACE1,3ufl,508,449,34,16,89.21,0.471,0.529,A,508,508,508,,c1ccc(cc1)[C@@H]2CCN([C@@H](C2)c3ccccc3)C(=O)[C@@H]4CNC[C@]45CCCc6c5cccc6,False,,O=C([C@@H]1CNC[C@]12CCCc1ccccc12)N1CC[C@@H](c2ccccc2)C[C@H]1c1ccccc1,False
BACE1,3uqu,ZPX,394,43,12,107.087,0.279,0.721,A,ZPX,ZPX,ZPX,,C[C@H](c1ccc(cc1)F)NC(=O)c2cc(cc(c2)N(C)S(=O)(=O)C)C(=O)N[C@@H](Cc3ccccc3)[C@H](Cn4cccn4)O,False,,C[C@@H](NC(=O)c1cc(C(=O)N[C@@H](Cc2ccccc2)[C@@H](O)Cn2cccn2)cc(N(C)S(C)(=O)=O)c1)c1ccc(F)cc1,False
BACE1,3uqw,ZPY,394,48,18,139.226,0.375,0.625,A,ZPY,ZPY,ZPY,,CCOC(=O)c1cnn(c1)C[C@@H]([C@H](Cc2ccccc2)NC(=O)c3cc(cc(c3)N(C)S(=O)(=O)C)C(=O)N[C@H](C)c4ccc(cc4)F)O,False,,CCOC(=O)c1cnn(C[C@H](O)[C@H](Cc2ccccc2)NC(=O)c2cc(C(=O)N[C@H](C)c3ccc(F)cc3)cc(N(C)S(C)(=O)=O)c2)c1,False
BACE1,3uqx,ZPZ,401,46,12,105.778,0.261,0.739,A,ZPZ,ZPZ,ZPZ,,C[C@H](c1ccc(cc1)F)NC(=O)c2cc(cc(c2)N(C)S(=O)(=O)C)C(=O)N[C@@H](Cc3ccccc3)[C@H](Cn4cc(nn4)[C@H](C)O)O,False,,C[C@H](O)c1cn(C[C@H](O)[C@H](Cc2ccccc2)NC(=O)c2cc(C(=O)N[C@H](C)c3ccc(F)cc3)cc(N(C)S(C)(=O)=O)c2)nn1,False
BACE1,3veu,0GO,378,40,12,103.584,0.3,0.7,A,0GO,0GO,0GO,,CCCN1CCC[C@@]12CCN(C2=O)[C@@H](C)C(=O)N[C@@H](Cc3ccccc3)[C@@H](CNCc4cccc(c4)C(C)C)O,False,,CCCN1CCC[C@@]12CCN([C@@H](C)C(=O)N[C@@H](Cc1ccccc1)[C@H](O)CNCc1cccc(C(C)C)c1)C2=O,False
BACE1,3vf3,0GS,401,31,15,91.29,0.484,0.516,A,0GS,0GS,0GS,,CC(c1cccc(c1)CN[C@H]2CS(=O)(=O)C[C@H]([C@@H]2O)Cc3cc(c(c(c3)Br)N)F)(F)F,False,,CC(F)(F)c1cccc(CN[C@H]2CS(=O)(=O)C[C@@H](Cc3cc(F)c(N)c(Br)c3)[C@@H]2O)c1,False
BACE1,3vg1,0GT,401,35,17,93.861,0.486,0.514,A,0GT,0GT,0GT,,CC(C)(C)c1cccc(c1)CN[C@H]2CS(=O)(=O)C[C@H]([C@@H]2O)Cc3ccc4c(c3)c(c[nH]4)CC(F)F,False,,CC(C)(C)c1cccc(CN[C@H]2CS(=O)(=O)C[C@@H](Cc3ccc4[nH]cc(CC(F)F)c4c3)[C@@H]2O)c1,False
BACE1,3vv6,B00,510,18,12,101.682,0.667,0.333,A,B00,B00,B00,,CN1C(=O)C=C(N=C1N)[C@H]2C[C@H]2c3ccccc3,False,,Cn1c(N)nc([C@H]2C[C@H]2c2ccccc2)cc1=O,False
BACE1,3vv7,0B1,509,26,15,136.703,0.577,0.423,A,0B1,0B1,0B1,,CN1C(=O)C=C(N=C1N)[C@H]2C[C@H]2c3cccc(c3)c4cccc(c4)OC,False,,COc1cccc(-c2cccc([C@@H]3C[C@@H]3c3cc(=O)n(C)c(N)n3)c2)c1,False
BACE1,3wb4,0B3,507,18,11,112.12,0.611,0.389,A,0B3,0B3,0B3,,C[C@]1(CC(=O)N(C(=N1)N)C)CCc2ccccc2,False,,CN1C(=O)C[C@@](C)(CCc2ccccc2)N=C1N,False
BACE1,3vv8,B02,502,25,19,107.329,0.76,0.24,A,B02,B02,B02,,Cc1cccc(c1)c2ccc(cc2)[C@@H]3C[C@@H]3C4=CC(=O)N(C(=N4)N)C,False,,Cc1cccc(-c2ccc([C@@H]3C[C@@H]3c3cc(=O)n(C)c(N)n3)cc2)c1,False
BACE1,3wb5,0B4,507,19,14,120.753,0.737,0.263,A,0B4,0B4,0B4,,C[C@]1(CC(=O)N(C(=N1)N)C)[C@@H]2C[C@H]2c3ccccc3,False,,CN1C(=O)C[C@@](C)([C@@H]2C[C@H]2c2ccccc2)N=C1N,False
BACE1,3zmg,6Z0,1448,28,15,105.057,0.536,0.464,A,6Z0,6Z0,6Z0,,[H]/N=C\1/N[C@](C(CO1)(F)F)(C)c2cc(ccc2F)NC(=O)c3ccc(cn3)C#N,False,,[H]/N=C1/N[C@](C)(c2cc(NC(=O)c3ccc(C#N)cn3)ccc2F)C(F)(F)CO1,False
BACE1,3zov,WZV,1447,31,17,123.087,0.548,0.452,A,WZV,WZV,WZV,,C[C@]1(CC(=O)N(C(=N1)N)C)c2cccc(c2)NC(=O)c3ccc(cn3)OCC(F)(F)F,False,,CN1C(=O)C[C@@](C)(c2cccc(NC(=O)c3ccc(OCC(F)(F)F)cn3)c2)N=C1N,False
BACE1,4acx,S8Z,1504,33,20,105.016,0.606,0.394,A,S8Z,S8Z,S8Z,,COCC#Cc1cccc(c1)[C@@]2(C3=NCC(CN3C(=N2)N)(F)F)c4ccc(cc4)OC(F)F,False,,COCC#Cc1cccc([C@@]2(c3ccc(OC(F)F)cc3)N=C(N)N3CC(F)(F)CN=C32)c1,False
BACE1,4acu,QN7,1506,33,19,123.817,0.576,0.424,A,QN7,QN7,QN7,,COc1cccc(c1F)c2cccc(c2)[C@@]3(C4=NCC(CN4C(=N3)N)(F)F)c5ccncc5,False,,COc1cccc(-c2cccc([C@@]3(c4ccncc4)N=C(N)N4CC(F)(F)CN=C43)c2)c1F,False
BACE1,4azy,7F3,1507,34,20,105.589,0.588,0.412,A,7F3,7F3,7F3,,c1cc2c(c(c1)F)C(=N[C@@]2(c3ccc(c(c3)c4cncnc4)F)c5ccnc(c5)C(F)(F)F)N,False,,NC1=N[C@](c2ccnc(C(F)(F)F)c2)(c2ccc(F)c(-c3cncnc3)c2)c2cccc(F)c21,False
BACE1,4b00,I6X,1507,36,18,108.097,0.5,0.5,A,I6X,I6X,I6X,,CCN1C=C(C=C(C1=O)C)[C@]2(c3cccc(c3C(=N2)N)F)c4cccc(c4)c5cc(cnc5)C#CC,False,,CC#Cc1cncc(-c2cccc([C@@]3(c4cc(C)c(=O)n(CC)c4)N=C(N)c4c(F)cccc43)c2)c1,False
BACE1,4b05,32D,1391,32,18,111.806,0.562,0.438,A,32D,32D,32D,,c1cc(cc(c1)[C@@]2(c3cccc(c3C(=N2)N)F)c4ccnc(c4)C(F)F)c5cncnc5,False,,NC1=N[C@@](c2cccc(-c3cncnc3)c2)(c2ccnc(C(F)F)c2)c2cccc(F)c21,False
BACE1,4b0q,GMF,1385,25,17,107.338,0.68,0.32,A,GMF,GMF,GMF,,[H]/N=C(\N)/N[C@H](c1ccncc1)c2cccc(c2)c3cccc(c3)OC,False,,[H]/N=C(\N)N[C@H](c1ccncc1)c1cccc(-c2cccc(OC)c2)c1,False
BACE1,4b1d,6TG,1505,29,17,132.974,0.586,0.414,A,6TG,6TG,6TG,,Cc1cc(cc(c1OC)C)[C@]2(N=C(C(=N2)N)C)c3cccc(c3)c4cncnc4,False,,COc1c(C)cc([C@@]2(c3cccc(-c4cncnc4)c3)N=C(C)C(N)=N2)cc1C,False
BACE1,4b1c,1B1,1504,25,15,109.801,0.6,0.4,A,1B1,1B1,1B1,,CC#Cc1cc(cnc1)c2cccc(c2)[C@@]3(N=C(C(=N3)N)C)C4CC4,False,,CC#Cc1cncc(-c2cccc([C@]3(C4CC4)N=C(C)C(N)=N3)c2)c1,False
BACE1,4b72,2FB,1503,30,20,115.835,0.667,0.333,A,2FB,2FB,2FB,,Cc1nc2c(s1)[C@@](N=C2N)(c3ccc(cc3)OC)c4cccc(c4)c5cncnc5,False,,COc1ccc([C@]2(c3cccc(-c4cncnc4)c3)N=C(N)c3nc(C)sc32)cc1,False
BACE1,4b70,WM9,1503,21,14,83.19,0.667,0.333,A,WM9,WM9,WM9,,C[C@@]1(N=C(CCO1)N)c2cccc(c2)c3cccc(c3)Cl,False,,C[C@]1(c2cccc(-c3cccc(Cl)c3)c2)N=C(N)CCO1,False
BACE1,4b1e,6T6,1503,25,15,124.909,0.6,0.4,A,6T6,6T6,6T6,,C[C@]1(NC(=C(N1)N)c2ccccc2)c3cccc(c3)c4cccnc4,False,,C[C@]1(c2cccc(-c3cccnc3)c2)NC(N)=C(c2ccccc2)N1,False
BACE1,4bek,XK0,1447,16,11,109.782,0.688,0.312,A,XK0,XK0,XK0,,C[C@]1(CCSC(=N1)N)c2ccc(cc2)OC,False,,COc1ccc([C@]2(C)CCSC(N)=N2)cc1,False
BACE1,4b77,54M,1504,26,16,95.426,0.615,0.385,A,54M,54M,54M,,COc1ccc(cc1)[C@]2(CCC(=N2)N)c3cccc(c3)c4cncnc4,False,,COc1ccc([C@@]2(c3cccc(-c4cncnc4)c3)CCC(N)=N2)cc1,False
BACE1,4b78,KGG,1385,28,19,125.734,0.679,0.321,A,KGG,KGG,KGG,,COc1ccc(cc1)[C@]2(C[C@H](C(=N2)N)OC)c3cccc(c3)c4cccnc4,False,,COc1ccc([C@@]2(c3cccc(-c4cccnc4)c3)C[C@@H](OC)C(N)=N2)cc1,False
BACE1,4bfd,8T3,1447,26,16,105.642,0.615,0.385,A,8T3,8T3,8T3,,C[C@]1(C[C@@H]2C[C@@H]2C(=N1)N)c3cc(ccc3F)NC(=O)c4ccc(cn4)Cl,False,,C[C@@]1(c2cc(NC(=O)c3ccc(Cl)cn3)ccc2F)C[C@@H]2C[C@@H]2C(N)=N1,False
BACE1,4d83,0GT,501,35,15,84.852,0.429,0.571,A,0GT,0GT,0GT,,CC(C)(C)c1cccc(c1)CN[C@H]2CS(=O)(=O)C[C@H]([C@@H]2O)Cc3ccc4c(c3)c(c[nH]4)CC(F)F,False,,CC(C)(C)c1cccc(CN[C@H]2CS(=O)(=O)C[C@@H](Cc3ccc4[nH]cc(CC(F)F)c4c3)[C@@H]2O)c1,False
BACE1,4d83,0GT,401,35,16,77.915,0.457,0.543,B,0GT,0GT,0GT,,CC(C)(C)c1cccc(c1)CN[C@H]2CS(=O)(=O)C[C@H]([C@@H]2O)Cc3ccc4c(c3)c(c[nH]4)CC(F)F,False,,CC(C)(C)c1cccc(CN[C@H]2CS(=O)(=O)C[C@@H](Cc3ccc4[nH]cc(CC(F)F)c4c3)[C@@H]2O)c1,False
BACE1,4d83,0GT,501,35,15,82.631,0.429,0.571,C,0GT,0GT,0GT,,CC(C)(C)c1cccc(c1)CN[C@H]2CS(=O)(=O)C[C@H]([C@@H]2O)Cc3ccc4c(c3)c(c[nH]4)CC(F)F,False,,CC(C)(C)c1cccc(CN[C@H]2CS(=O)(=O)C[C@@H](Cc3ccc4[nH]cc(CC(F)F)c4c3)[C@@H]2O)c1,False
BACE1,4d88,BXQ,401,37,13,84.673,0.351,0.649,A,BXQ,BXQ,BXQ,,CC(C)(C)c1cccc(c1)CN[C@H]2CS(=O)(=O)C[C@H]([C@@H]2O)Cc3cc(c(c(c3)F)N)C[C@@H](C(F)(F)F)O,False,,CC(C)(C)c1cccc(CN[C@H]2CS(=O)(=O)C[C@@H](Cc3cc(F)c(N)c(C[C@H](O)C(F)(F)F)c3)[C@@H]2O)c1,False
BACE1,4d85,0GU,401,39,14,76.579,0.359,0.641,A,0GU,0GU,0GU,,CC(C)(C)c1cccc(c1)CN[C@H]2CS(=O)(=O)C[C@H]([C@@H]2O)Cc3cc4c(c(c3)F)NCC45CCC(CC5)(F)F,False,,CC(C)(C)c1cccc(CN[C@H]2CS(=O)(=O)C[C@@H](Cc3cc(F)c4c(c3)C3(CCC(F)(F)CC3)CN4)[C@@H]2O)c1,False
BACE1,4d8c,BXD,501,40,15,144.148,0.375,0.625,A,BXD,BXD,BXD,,CCOC[C@H](C(F)(F)F)Oc1cc(cc(c1N)F)C[C@@H]2CS(=O)(=O)C[C@@H]([C@H]2O)NCc3cccc(c3)C(C)(C)C,False,,CCOC[C@@H](Oc1cc(C[C@@H]2CS(=O)(=O)C[C@H](NCc3cccc(C(C)(C)C)c3)[C@H]2O)cc(F)c1N)C(F)(F)F,False
BACE1,4d89,BXD,501,40,13,108.696,0.325,0.675,A,BXD,BXD,BXD,,CCOC[C@H](C(F)(F)F)Oc1cc(cc(c1N)F)C[C@@H]2CS(=O)(=O)C[C@@H]([C@H]2O)NCc3cccc(c3)C(C)(C)C,False,,CCOC[C@@H](Oc1cc(C[C@@H]2CS(=O)(=O)C[C@H](NCc3cccc(C(C)(C)C)c3)[C@H]2O)cc(F)c1N)C(F)(F)F,False
BACE1,4d8c,BXD,501,40,16,144.593,0.4,0.6,B,BXD,BXD,BXD,,CCOC[C@H](C(F)(F)F)Oc1cc(cc(c1N)F)C[C@@H]2CS(=O)(=O)C[C@@H]([C@H]2O)NCc3cccc(c3)C(C)(C)C,False,,CCOC[C@@H](Oc1cc(C[C@@H]2CS(=O)(=O)C[C@H](NCc3cccc(C(C)(C)C)c3)[C@H]2O)cc(F)c1N)C(F)(F)F,False
BACE1,4d8c,BXD,401,40,16,147.944,0.4,0.6,C,BXD,BXD,BXD,,CCOC[C@H](C(F)(F)F)Oc1cc(cc(c1N)F)C[C@@H]2CS(=O)(=O)C[C@@H]([C@H]2O)NCc3cccc(c3)C(C)(C)C,False,,CCOC[C@@H](Oc1cc(C[C@@H]2CS(=O)(=O)C[C@H](NCc3cccc(C(C)(C)C)c3)[C@H]2O)cc(F)c1N)C(F)(F)F,False
BACE1,4di2,0K9,501,42,18,121.529,0.429,0.571,A,0K9,0K9,0K9,,C[C@H](C(=O)N[C@@H](Cc1cccc(c1)c2nccs2)[C@@H](CN[C@H]3CC4(CCC4)Oc5c3cc(cn5)CC(C)(C)C)O)OC,False,,CO[C@H](C)C(=O)N[C@@H](Cc1cccc(-c2nccs2)c1)[C@H](O)CN[C@H]1CC2(CCC2)Oc2ncc(CC(C)(C)C)cc21,False
BACE1,4dh6,0KN,411,40,16,101.24,0.4,0.6,A,0KN,0KN,0KN,,C[C@H](C(=O)N[C@@H](Cc1ccc2c(c1)OCO2)[C@@H](CN[C@H]3CC4(CCC4)Oc5c3cc(cn5)CC(C)(C)C)O)OC,False,,CO[C@H](C)C(=O)N[C@@H](Cc1ccc2c(c1)OCO2)[C@H](O)CN[C@H]1CC2(CCC2)Oc2ncc(CC(C)(C)C)cc21,False
BACE1,4di2,0K9,501,42,18,128.195,0.429,0.571,B,0K9,0K9,0K9,,C[C@H](C(=O)N[C@@H](Cc1cccc(c1)c2nccs2)[C@@H](CN[C@H]3CC4(CCC4)Oc5c3cc(cn5)CC(C)(C)C)O)OC,False,,CO[C@H](C)C(=O)N[C@@H](Cc1cccc(-c2nccs2)c1)[C@H](O)CN[C@H]1CC2(CCC2)Oc2ncc(CC(C)(C)C)cc21,False
BACE1,4di2,0K9,501,42,17,112.197,0.405,0.595,C,0K9,0K9,0K9,,C[C@H](C(=O)N[C@@H](Cc1cccc(c1)c2nccs2)[C@@H](CN[C@H]3CC4(CCC4)Oc5c3cc(cn5)CC(C)(C)C)O)OC,False,,CO[C@H](C)C(=O)N[C@@H](Cc1cccc(-c2nccs2)c1)[C@H](O)CN[C@H]1CC2(CCC2)Oc2ncc(CC(C)(C)C)cc21,False
BACE1,4dju,0KK,501,20,14,99.557,0.7,0.3,A,0KK,0KK,0KK,,[H]/N=C/1\NC(C(=O)N1C)(c2ccccc2)c3ccccc3,False,,[H]/N=C1\NC(c2ccccc2)(c2ccccc2)C(=O)N1C,False
BACE1,4dju,0KK,501,20,12,104.229,0.6,0.4,B,0KK,0KK,0KK,,[H]/N=C/1\NC(C(=O)N1C)(c2ccccc2)c3ccccc3,False,,[H]/N=C1\NC(c2ccccc2)(c2ccccc2)C(=O)N1C,False
BACE1,4djv,0KM,501,28,17,118.294,0.607,0.393,A,0KM,0KM,0KM,,[H]/N=C/1\N[C@](C(=O)N1C)(c2ccccc2)c3cccc(c3)c4cccc(c4)OC,False,,[H]/N=C1\N[C@](c2ccccc2)(c2cccc(-c3cccc(OC)c3)c2)C(=O)N1C,False
BACE1,4djv,0KM,501,28,17,109.722,0.607,0.393,B,0KM,0KM,0KM,,[H]/N=C/1\N[C@](C(=O)N1C)(c2ccccc2)c3cccc(c3)c4cccc(c4)OC,False,,[H]/N=C1\N[C@](c2ccccc2)(c2cccc(-c3cccc(OC)c3)c2)C(=O)N1C,False
BACE1,4djw,0KP,501,26,17,129.866,0.654,0.346,A,0KP,0KP,0KP,,[H]/N=C/1\N[C@](C(=O)N1C)(c2ccccc2)c3cccc(c3)c4cccnc4,False,,[H]/N=C1\N[C@](c2ccccc2)(c2cccc(-c3cccnc3)c2)C(=O)N1C,False
BACE1,4djw,0KP,501,26,18,122.874,0.692,0.308,B,0KP,0KP,0KP,,[H]/N=C/1\N[C@](C(=O)N1C)(c2ccccc2)c3cccc(c3)c4cccnc4,False,,[H]/N=C1\N[C@](c2ccccc2)(c2cccc(-c3cccnc3)c2)C(=O)N1C,False
BACE1,4djx,0KQ,501,24,12,96.049,0.5,0.5,A,0KQ,0KQ,0KQ,,[H]/N=C/1\N[C@@](C(=O)N1C)(c2cccc(c2)c3cc(cnc3)Cl)C4CC4,False,,[H]/N=C1\N[C@@](c2cccc(-c3cncc(Cl)c3)c2)(C2CC2)C(=O)N1C,False
BACE1,4djx,0KQ,501,24,13,104.388,0.542,0.458,B,0KQ,0KQ,0KQ,,[H]/N=C/1\N[C@@](C(=O)N1C)(c2cccc(c2)c3cc(cnc3)Cl)C4CC4,False,,[H]/N=C1\N[C@@](c2cccc(-c3cncc(Cl)c3)c2)(C2CC2)C(=O)N1C,False
BACE1,4djy,0KR,501,26,14,85.606,0.538,0.462,A,0KR,0KR,0KR,,[H]/N=C/1\N[C@@](C(=O)N1C)(c2cccc(c2)c3cc(cnc3)C#CC)C4CC4,False,,[H]/N=C1\N[C@@](c2cccc(-c3cncc(C#CC)c3)c2)(C2CC2)C(=O)N1C,False
BACE1,4djy,0KR,501,26,15,117.632,0.577,0.423,B,0KR,0KR,0KR,,[H]/N=C/1\N[C@@](C(=O)N1C)(c2cccc(c2)c3cc(cnc3)C#CC)C4CC4,False,,[H]/N=C1\N[C@@](c2cccc(-c3cncc(C#CC)c3)c2)(C2CC2)C(=O)N1C,False
BACE1,4dpf,0LG,500,46,21,164.378,0.457,0.543,A,0LG,0LG,0LG,,CC(C)c1cccc(c1)CNC[C@H]([C@@H]2COC/C=C/C[C@H](NC(=O)c3cc(cc(c3)N(C)S(=O)(=O)C)C(=O)N2)c4ccccc4)O,False,,CC(C)c1cccc(CNC[C@@H](O)[C@@H]2COC/C=C/C[C@@H](c3ccccc3)NC(=O)c3cc(cc(N(C)S(C)(=O)=O)c3)C(=O)N2)c1,False
BACE1,4dpi,0N1,501,41,12,85.179,0.293,0.707,A,0N1,0N1,0N1,,Cc1cc2cc(c1)C(=O)N[C@@H](COC/C=C/C[C@@H](NC2=O)c3ccccc3)[C@@H](CNCc4cccc(c4)C(C)C)O,False,,Cc1cc2cc(c1)C(=O)N[C@@H](c1ccccc1)C/C=C/COC[C@@H]([C@H](O)CNCc1cccc(C(C)C)c1)NC2=O,False
BACE1,4dus,0MP,410,35,14,101.598,0.4,0.6,A,0MP,0MP,0MP,,CC(=O)N[C@@H](Cc1ccc(cc1)F)[C@@H](CN[C@H]2CC3(CCC3)Oc4c2cc(cn4)CC(C)(C)C)O,False,,CC(=O)N[C@@H](Cc1ccc(F)cc1)[C@H](O)CN[C@H]1CC2(CCC2)Oc2ncc(CC(C)(C)C)cc21,False
BACE1,4ewo,996,501,32,10,95.79,0.312,0.688,A,996,996,996,,CC(=O)N[C@@H](Cc1ccccc1)[C@@H](CN[C@H]2CC(Cc3c2cn(n3)CC(C)(C)C)(C)C)O,False,,CC(=O)N[C@@H](Cc1ccccc1)[C@H](O)CN[C@H]1CC(C)(C)Cc2nn(CC(C)(C)C)cc21,False
BACE1,4exg,916,500,32,12,96.449,0.375,0.625,A,916,916,916,,CC(=O)N[C@@H](Cc1ccccc1)[C@@H](CN[C@H]2CC(Oc3c2cc(s3)CC(C)(C)C)(C)C)O,False,,CC(=O)N[C@@H](Cc1ccccc1)[C@H](O)CN[C@H]1CC(C)(C)Oc2sc(CC(C)(C)C)cc21,False
BACE1,4fco,0U4,504,53,17,230.094,0.321,0.679,A,0U4,0U4,0U4,,C[C@H](c1ccccc1)NC(=O)c2cc(cc(c2)N(C)S(=O)(=O)C)C(=O)N[C@@H](Cc3ccccc3)[C@@H](CNCCC4CCN(CC4)Cc5ccccc5)O,False,,C[C@@H](NC(=O)c1cc(C(=O)N[C@@H](Cc2ccccc2)[C@H](O)CNCCC2CCN(Cc3ccccc3)CC2)cc(N(C)S(C)(=O)=O)c1)c1ccccc1,False
BACE1,4fm7,0UP,501,33,14,121.548,0.424,0.576,A,0UP,0UP,0UP,,C[C@H]1C[C@]2(CCN1Cc3ccc(c(c3)OC(C)C)O)CN(S(=O)(=O)N2c4cccc(c4)F)C,False,,CC(C)Oc1cc(CN2CC[C@@]3(C[C@@H]2C)CN(C)S(=O)(=O)N3c2cccc(F)c2)ccc1O,False
BACE1,4fm8,0UQ,501,32,16,124.864,0.5,0.5,A,0UQ,0UQ,0UQ,,C[C@H]1C[C@]2(CCN1Cc3cccc(c3)OC(C)C)CN(S(=O)(=O)N2c4cccc(c4)F)C,False,,CC(C)Oc1cccc(CN2CC[C@@]3(C[C@@H]2C)CN(C)S(=O)(=O)N3c2cccc(F)c2)c1,False
BACE1,4fri,DWA,404,27,18,102.112,0.667,0.333,A,DWA,DWA,DWA,,COc1ccc(cc1)[C@]2(COC(=N2)N)c3cccc(c3)c4cccnc4F,False,,COc1ccc([C@@]2(c3cccc(-c4cccnc4F)c3)COC(N)=N2)cc1,False
BACE1,4frj,DWB,403,29,15,95.385,0.517,0.483,A,DWB,DWB,DWB,,COc1ccc2c(c1)[C@]3(COC(=N3)N)c4cc(ccc4O2)c5cc(ccc5F)Cl,False,,COc1ccc2c(c1)[C@]1(COC(N)=N1)c1cc(-c3cc(Cl)ccc3F)ccc1O2,False
BACE1,4frk,DWD,405,30,19,109.513,0.633,0.367,A,DWD,DWD,DWD,,CC(C)COc1ccc2c(c1)[C@]3(COC(=N3)N)c4cc(ccc4O2)c5cncnc5,False,,CC(C)COc1ccc2c(c1)[C@]1(COC(N)=N1)c1cc(-c3cncnc3)ccc1O2,False
BACE1,4frs,0V6,501,25,11,57.677,0.44,0.56,A,0V6,0V6,0V6,,[H]/N=C\1/NC(CC(=O)N1C)(C)c2c(cc(s2)c3cc(cnc3)C#CC)Cl,False,,[H]/N=C1/NC(C)(c2sc(-c3cncc(C#CC)c3)cc2Cl)CC(=O)N1C,False
BACE1,4frs,0V6,501,25,11,64.628,0.44,0.56,B,0V6,0V6,0V6,,[H]/N=C\1/NC(CC(=O)N1C)(C)c2c(cc(s2)c3cc(cnc3)C#CC)Cl,False,,[H]/N=C1/NC(C)(c2sc(-c3cncc(C#CC)c3)cc2Cl)CC(=O)N1C,False
BACE1,4fs4,H24,501,24,12,102.595,0.5,0.5,A,H24,H24,H24,,C[C@]1(CC(=O)N(C(=N1)N)C)c2cccc(c2)c3cccc(c3)OC,False,,COc1cccc(-c2cccc([C@]3(C)CC(=O)N(C)C(N)=N3)c2)c1,False
BACE1,4fs4,H24,501,24,15,102.208,0.625,0.375,B,H24,H24,H24,,C[C@]1(CC(=O)N(C(=N1)N)C)c2cccc(c2)c3cccc(c3)OC,False,,COc1cccc(-c2cccc([C@]3(C)CC(=O)N(C)C(N)=N3)c2)c1,False
BACE1,4fsl,0VB,501,33,14,134.639,0.424,0.576,A,0VB,0VB,0VB,,[H]/N=C(\NCc1cc(c(c(c1)Cl)NC(=O)C)C)/NC(=O)c2c(snc2c3ccc(cc3)OC)C,False,,[H]/N=C(\NCc1cc(C)c(NC(C)=O)c(Cl)c1)NC(=O)c1c(-c2ccc(OC)cc2)nsc1C,False
BACE1,4fsl,0VB,501,33,14,146.443,0.424,0.576,B,0VB,0VB,0VB,,[H]/N=C(\NCc1cc(c(c(c1)Cl)NC(=O)C)C)/NC(=O)c2c(snc2c3ccc(cc3)OC)C,False,,[H]/N=C(\NCc1cc(C)c(NC(C)=O)c(Cl)c1)NC(=O)c1c(-c2ccc(OC)cc2)nsc1C,False
BACE1,4fsl,0VB,501,33,14,142.548,0.424,0.576,D,0VB,0VB,0VB,,[H]/N=C(\NCc1cc(c(c(c1)Cl)NC(=O)C)C)/NC(=O)c2c(snc2c3ccc(cc3)OC)C,False,,[H]/N=C(\NCc1cc(C)c(NC(C)=O)c(Cl)c1)NC(=O)c1c(-c2ccc(OC)cc2)nsc1C,False
BACE1,4fsl,0VB,501,33,14,145.626,0.424,0.576,E,0VB,0VB,0VB,,[H]/N=C(\NCc1cc(c(c(c1)Cl)NC(=O)C)C)/NC(=O)c2c(snc2c3ccc(cc3)OC)C,False,,[H]/N=C(\NCc1cc(C)c(NC(C)=O)c(Cl)c1)NC(=O)c1c(-c2ccc(OC)cc2)nsc1C,False
BACE1,4gid,0GH,501,47,10,76.045,0.213,0.787,A,0GH,0GH,0GH,,C[C@H](c1ccccc1)NC(=O)c2cc(cc(c2)N(C)S(=O)(=O)C)C(=O)N[C@@H](Cc3ccccc3)CN[C@@H]([C@@H](C)O)C(=O)NCC(C)C,False,,CC(C)CNC(=O)[C@@H](NC[C@H](Cc1ccccc1)NC(=O)c1cc(C(=O)N[C@H](C)c2ccccc2)cc(N(C)S(C)(=O)=O)c1)[C@@H](C)O,False
BACE1,4gid,LPD,502,8,5,58.604,0.625,0.375,A,LPD,LPD,LPD,,C1C[C@H](NC1)C(=O)N,False,,NC(=O)[C@@H]1CCCN1,False
BACE1,4gid,0GH,501,47,13,86.277,0.277,0.723,B,0GH,0GH,0GH,,C[C@H](c1ccccc1)NC(=O)c2cc(cc(c2)N(C)S(=O)(=O)C)C(=O)N[C@@H](Cc3ccccc3)CN[C@@H]([C@@H](C)O)C(=O)NCC(C)C,False,,CC(C)CNC(=O)[C@@H](NC[C@H](Cc1ccccc1)NC(=O)c1cc(C(=O)N[C@H](C)c2ccccc2)cc(N(C)S(C)(=O)=O)c1)[C@@H](C)O,False
BACE1,4gid,LPD,502,8,5,49.171,0.625,0.375,B,LPD,LPD,LPD,,C1C[C@H](NC1)C(=O)N,False,,NC(=O)[C@@H]1CCCN1,False
BACE1,4gid,LPD,502,8,5,49.057,0.625,0.375,C,LPD,LPD,LPD,,C1C[C@H](NC1)C(=O)N,False,,NC(=O)[C@@H]1CCCN1,False
BACE1,4gid,0GH,501,47,9,86.527,0.191,0.809,C,0GH,0GH,0GH,,C[C@H](c1ccccc1)NC(=O)c2cc(cc(c2)N(C)S(=O)(=O)C)C(=O)N[C@@H](Cc3ccccc3)CN[C@@H]([C@@H](C)O)C(=O)NCC(C)C,False,,CC(C)CNC(=O)[C@@H](NC[C@H](Cc1ccccc1)NC(=O)c1cc(C(=O)N[C@H](C)c2ccccc2)cc(N(C)S(C)(=O)=O)c1)[C@@H](C)O,False
BACE1,4gid,0GH,501,47,11,88.007,0.234,0.766,D,0GH,0GH,0GH,,C[C@H](c1ccccc1)NC(=O)c2cc(cc(c2)N(C)S(=O)(=O)C)C(=O)N[C@@H](Cc3ccccc3)CN[C@@H]([C@@H](C)O)C(=O)NCC(C)C,False,,CC(C)CNC(=O)[C@@H](NC[C@H](Cc1ccccc1)NC(=O)c1cc(C(=O)N[C@H](C)c2ccccc2)cc(N(C)S(C)(=O)=O)c1)[C@@H](C)O,False
BACE1,4gid,LPD,502,8,5,52.657,0.625,0.375,D,LPD,LPD,LPD,,C1C[C@H](NC1)C(=O)N,False,,NC(=O)[C@@H]1CCCN1,False
BACE1,4gmi,0XA,401,37,15,88.029,0.405,0.595,A,0XA,0XA,0XA,,Cc1cc2cc(c1)C(=O)N[C@@H](COC/C=C/CCCC2=O)[C@@H](CNC(C)(C)c3ncc(o3)C(C)(C)C)O,False,,Cc1cc2cc(c1)C(=O)N[C@H]([C@H](O)CNC(C)(C)c1ncc(C(C)(C)C)o1)COC/C=C/CCCC2=O,False
BACE1,4h1e,10J,501,33,20,118.702,0.606,0.394,A,10J,10J,10J,,[H]/N=C/1\N[C@]2(CN(C[C@H]2C(=O)N1C)C(=O)c3ccccc3)c4cc(cs4)c5cccc(c5)C#N,False,,[H]/N=C1\N[C@@]2(c3cc(-c4cccc(C#N)c4)cs3)CN(C(=O)c3ccccc3)C[C@H]2C(=O)N1C,False
BACE1,4h1e,10J,501,33,22,116.445,0.667,0.333,B,10J,10J,10J,,[H]/N=C/1\N[C@]2(CN(C[C@H]2C(=O)N1C)C(=O)c3ccccc3)c4cc(cs4)c5cccc(c5)C#N,False,,[H]/N=C1\N[C@@]2(c3cc(-c4cccc(C#N)c4)cs3)CN(C(=O)c3ccccc3)C[C@H]2C(=O)N1C,False
BACE1,4h3f,10O,502,33,15,102.476,0.455,0.545,A,10O,10O,10O,,[H]/N=C/1\N[C@]2(CN(C[C@H]2C(=O)N1C)c3cccc(n3)OC)c4cc(cs4)c5cccc(c5)C#N,False,,[H]/N=C1\N[C@@]2(c3cc(-c4cccc(C#N)c4)cs3)CN(c3cccc(OC)n3)C[C@H]2C(=O)N1C,False
BACE1,4h3g,10Q,502,33,17,112.138,0.515,0.485,A,10Q,10Q,10Q,,[H]/N=C/1\N[C@]2(CN(C[C@H]2C(=O)N1C)c3c(cccn3)C#N)c4cc(cs4)c5cccc(c5)C#N,False,,[H]/N=C1\N[C@@]2(c3cc(-c4cccc(C#N)c4)cs3)CN(c3ncccc3C#N)C[C@H]2C(=O)N1C,False
BACE1,4h3f,10O,503,33,17,84.402,0.515,0.485,B,10O,10O,10O,,[H]/N=C/1\N[C@]2(CN(C[C@H]2C(=O)N1C)c3cccc(n3)OC)c4cc(cs4)c5cccc(c5)C#N,False,,[H]/N=C1\N[C@@]2(c3cc(-c4cccc(C#N)c4)cs3)CN(c3cccc(OC)n3)C[C@H]2C(=O)N1C,False
BACE1,4h3g,10Q,503,33,21,105.947,0.636,0.364,B,10Q,10Q,10Q,,[H]/N=C/1\N[C@]2(CN(C[C@H]2C(=O)N1C)c3c(cccn3)C#N)c4cc(cs4)c5cccc(c5)C#N,False,,[H]/N=C1\N[C@@]2(c3cc(-c4cccc(C#N)c4)cs3)CN(c3ncccc3C#N)C[C@H]2C(=O)N1C,False
BACE1,4h3i,10V,502,33,23,175.726,0.697,0.303,A,10V,10V,10V,,[H]/N=C/1\N[C@]2(CN(C[C@H]2C(=O)N1C)c3c(cccn3)OC)c4cc(cs4)c5cccc(c5)C#N,False,,[H]/N=C1\N[C@@]2(c3cc(-c4cccc(C#N)c4)cs3)CN(c3ncccc3OC)C[C@H]2C(=O)N1C,False
BACE1,4h3i,10V,503,33,21,127.499,0.636,0.364,B,10V,10V,10V,,[H]/N=C/1\N[C@]2(CN(C[C@H]2C(=O)N1C)c3c(cccn3)OC)c4cc(cs4)c5cccc(c5)C#N,False,,[H]/N=C1\N[C@@]2(c3cc(-c4cccc(C#N)c4)cs3)CN(c3ncccc3OC)C[C@H]2C(=O)N1C,False
BACE1,4h3j,10W,503,32,19,109.736,0.594,0.406,A,10W,10W,10W,,[H]/N=C/1\N[C@]2(CN(C[C@H]2C(=O)N1C)c3ccccc3)c4ccc(s4)c5ccc(c(c5)C#N)F,False,,[H]/N=C1\N[C@@]2(c3ccc(-c4ccc(F)c(C#N)c4)s3)CN(c3ccccc3)C[C@H]2C(=O)N1C,False
BACE1,4h3j,10W,502,32,18,80.85,0.562,0.438,B,10W,10W,10W,,[H]/N=C/1\N[C@]2(CN(C[C@H]2C(=O)N1C)c3ccccc3)c4ccc(s4)c5ccc(c(c5)C#N)F,False,,[H]/N=C1\N[C@@]2(c3ccc(-c4ccc(F)c(C#N)c4)s3)CN(c3ccccc3)C[C@H]2C(=O)N1C,False
BACE1,4ha5,13W,503,23,16,120.459,0.696,0.304,A,13W,13W,13W,,[H]/N=C/1\N[C@](CC(=O)N1C)(C)c2cc(cs2)c3cccc(c3)C#N,False,,[H]/N=C1\N[C@](C)(c2cc(-c3cccc(C#N)c3)cs2)CC(=O)N1C,False
BACE1,4ha5,13W,502,23,17,115.844,0.739,0.261,B,13W,13W,13W,,[H]/N=C/1\N[C@](CC(=O)N1C)(C)c2cc(cs2)c3cccc(c3)C#N,False,,[H]/N=C1\N[C@](C)(c2cc(-c3cccc(C#N)c3)cs2)CC(=O)N1C,False
BACE1,4hzt,0ZA,504,28,14,82.883,0.5,0.5,A,0ZA,0ZA,0ZA,,CC1(Cc2cc(ccc2C(=N1)N[C@@H](Cc3ccccc3)C4=NC(=O)ON4)Cl)C,False,,CC1(C)Cc2cc(Cl)ccc2C(N[C@@H](Cc2ccccc2)c2nc(=O)o[nH]2)=N1,False
BACE1,4i0d,1B7,504,27,12,72.29,0.444,0.556,A,1B7,1B7,1B7,,CCCc1cscc1C[C@@H](C(=O)O)NC2=NC(Cc3c2ccc(c3)Cl)(C)C,False,,CCCc1cscc1C[C@H](NC1=NC(C)(C)Cc2cc(Cl)ccc21)C(=O)O,False
BACE1,4i0e,1B8,504,30,15,117.179,0.5,0.5,A,1B8,1B8,1B8,,CC1(Cc2cc(ccc2C(=N1)N[C@@H](Cc3c(csc3Br)c4c[nH]nc4)C(=O)O)Cl)C,False,,CC1(C)Cc2cc(Cl)ccc2C(N[C@@H](Cc2c(-c3cn[nH]c3)csc2Br)C(=O)O)=N1,False
BACE1,4i0f,1BF,504,29,13,100.045,0.448,0.552,A,1BF,1BF,1BF,,CC1(Cc2cc(ccc2C(=N1)N[C@@H](Cc3cscc3c4c[nH]nc4)C(=O)O)Cl)C,False,,CC1(C)Cc2cc(Cl)ccc2C(N[C@@H](Cc2cscc2-c2cn[nH]c2)C(=O)O)=N1,False
BACE1,4i0g,1B9,504,25,13,81.955,0.52,0.48,A,1B9,1B9,1B9,,CC1(Cc2cc(ccc2C(=N1)N[C@@H](Cc3cscc3Br)C(=O)O)Cl)C,False,,CC1(C)Cc2cc(Cl)ccc2C(N[C@@H](Cc2cscc2Br)C(=O)O)=N1,False
BACE1,4i0h,1BL,501,40,21,126.884,0.525,0.475,A,1BL,1BL,1BL,,CC(C)(C)c1cccc(c1)C2(CCCCC2)NC[C@H]([C@H](Cc3cc(cc(c3)F)F)NC(=O)CC[C@H](C(=O)O)O)O,False,,CC(C)(C)c1cccc(C2(NC[C@@H](O)[C@H](Cc3cc(F)cc(F)c3)NC(=O)CC[C@@H](O)C(=O)O)CCCCC2)c1,False
BACE1,4i0h,1BL,501,40,17,125.367,0.425,0.575,B,1BL,1BL,1BL,,CC(C)(C)c1cccc(c1)C2(CCCCC2)NC[C@H]([C@H](Cc3cc(cc(c3)F)F)NC(=O)CC[C@H](C(=O)O)O)O,False,,CC(C)(C)c1cccc(C2(NC[C@@H](O)[C@H](Cc3cc(F)cc(F)c3)NC(=O)CC[C@@H](O)C(=O)O)CCCCC2)c1,False
BACE1,4i0h,1BL,501,40,17,122.598,0.425,0.575,C,1BL,1BL,1BL,,CC(C)(C)c1cccc(c1)C2(CCCCC2)NC[C@H]([C@H](Cc3cc(cc(c3)F)F)NC(=O)CC[C@H](C(=O)O)O)O,False,,CC(C)(C)c1cccc(C2(NC[C@@H](O)[C@H](Cc3cc(F)cc(F)c3)NC(=O)CC[C@@H](O)C(=O)O)CCCCC2)c1,False
BACE1,4i0i,957,501,31,13,110.385,0.419,0.581,A,957,957,957,,CC(=O)N[C@@H](Cc1cc(cc(c1)F)F)[C@@H](CNC2(CC2)c3cc(cs3)CC(C)(C)C)O,False,,CC(=O)N[C@@H](Cc1cc(F)cc(F)c1)[C@H](O)CNC1(c2cc(CC(C)(C)C)cs2)CC1,False
BACE1,4i0i,957,501,31,12,109.119,0.387,0.613,B,957,957,957,,CC(=O)N[C@@H](Cc1cc(cc(c1)F)F)[C@@H](CNC2(CC2)c3cc(cs3)CC(C)(C)C)O,False,,CC(=O)N[C@@H](Cc1cc(F)cc(F)c1)[C@H](O)CNC1(c2cc(CC(C)(C)C)cs2)CC1,False
BACE1,4i0i,957,501,31,13,100.45,0.419,0.581,C,957,957,957,,CC(=O)N[C@@H](Cc1cc(cc(c1)F)F)[C@@H](CNC2(CC2)c3cc(cs3)CC(C)(C)C)O,False,,CC(=O)N[C@@H](Cc1cc(F)cc(F)c1)[C@H](O)CNC1(c2cc(CC(C)(C)C)cs2)CC1,False
BACE1,4i0j,842,505,35,13,92.506,0.371,0.629,A,842,842,842,,CC(=O)N[C@@H](Cc1cc(cc(c1)F)F)[C@@H](CNC2(CCCCC2)c3cccc(c3)n4cccn4)O,False,,CC(=O)N[C@@H](Cc1cc(F)cc(F)c1)[C@H](O)CNC1(c2cccc(-n3cccn3)c2)CCCCC1,False
BACE1,4i0z,1BB,501,31,20,134.134,0.645,0.355,A,1BB,1BB,1BB,,CC1(Cc2cc(ccc2C(=N1)N[C@@H](Cc3ccccc3)C4=NC(=O)C(=CN4)C#N)Cl)C,False,,CC1(C)Cc2cc(Cl)ccc2C(N[C@@H](Cc2ccccc2)c2nc(=O)c(C#N)c[nH]2)=N1,False
BACE1,4i10,1BS,504,33,22,117.046,0.667,0.333,A,1BS,1BS,1BS,,CC1(Cc2cc(ccc2C(=N1)N[C@@H](Cc3ccccc3)C4=NC(=O)c5cnccc5N4)Cl)C,False,,CC1(C)Cc2cc(Cl)ccc2C(N[C@@H](Cc2ccccc2)c2nc(=O)c3cnccc3[nH]2)=N1,False
BACE1,4i11,1CH,504,24,16,117.231,0.667,0.333,A,1CH,1CH,1CH,,CC1(Cc2ccccc2C(=N1)N[C@@H](Cc3ccccc3)C(=O)O)C,False,,CC1(C)Cc2ccccc2C(N[C@@H](Cc2ccccc2)C(=O)O)=N1,False
BACE1,4i12,1BC,501,36,16,126.093,0.444,0.556,A,1BC,1BC,1BC,,CCCc1c(c(cs1)c2c[nH]nc2)C[C@@H](C3=NC(=O)CC=N3)/N=C\4/c5ccc(cc5CC(N4)(C)C)Cl,False,,CCCc1scc(-c2cn[nH]c2)c1C[C@H](/N=C1\NC(C)(C)Cc2cc(Cl)ccc21)C1=NC(=O)CC=N1,False
BACE1,4ivs,VSI,401,31,21,194.168,0.677,0.323,A,VSI,VSI,VSI,,[H]/N=C(\NCc1cc(c(c(c1)Cl)NC(=O)C)Cl)/NC(=O)Cn2ccc3c2cc(cc3)C#N,False,,[H]/N=C(\NCc1cc(Cl)c(NC(C)=O)c(Cl)c1)NC(=O)Cn1ccc2ccc(C#N)cc21,False
BACE1,4ivt,VTI,401,29,16,126.478,0.552,0.448,A,VTI,VTI,VTI,,[H]/N=C(\NCc1cc(c(c(c1)Cl)NC(=O)C)Cl)/NC(=O)Cn2ccc3c2cccc3,False,,[H]/N=C(\NCc1cc(Cl)c(NC(C)=O)c(Cl)c1)NC(=O)Cn1ccc2ccccc21,False
BACE1,4i1c,1BE,504,32,13,82.085,0.406,0.594,A,1BE,1BE,1BE,,CCCc1c(c(cs1)c2c[nH]nc2)C[C@@H](C(=O)O)NC3=NC(Cc4c3ccc(c4)Cl)(C)C,False,,CCCc1scc(-c2cn[nH]c2)c1C[C@H](NC1=NC(C)(C)Cc2cc(Cl)ccc21)C(=O)O,False
BACE1,4j0p,1H8,504,26,14,100.409,0.538,0.462,A,1H8,1H8,1H8,,C[C@]1(CCOC(=N1)N)c2cc(ccc2F)NC(=O)c3ccc(cn3)C#N,False,,C[C@@]1(c2cc(NC(=O)c3ccc(C#N)cn3)ccc2F)CCOC(N)=N1,False
BACE1,4j0v,1H7,504,27,15,108.18,0.556,0.444,A,1H7,1H7,1H7,,C[C@]1([C@H](COC(=N1)N)F)c2cc(ccc2F)NC(=O)c3ccc(cn3)C#N,False,,C[C@]1(c2cc(NC(=O)c3ccc(C#N)cn3)ccc2F)N=C(N)OC[C@@H]1F,False
BACE1,4j0y,1H6,504,27,15,100.481,0.556,0.444,A,1H6,1H6,1H6,,C[C@]1([C@@H](COC(=N1)N)F)c2cc(ccc2F)NC(=O)c3ccc(cn3)C#N,False,,C[C@]1(c2cc(NC(=O)c3ccc(C#N)cn3)ccc2F)N=C(N)OC[C@H]1F,False
BACE1,4j0z,1H5,504,28,16,105.75,0.571,0.429,A,1H5,1H5,1H5,,c1cc(c(cc1NC(=O)c2ccc(cn2)C#N)[C@@]3([C@H](COC(=N3)N)F)CF)F,False,,N#Cc1ccc(C(=O)Nc2ccc(F)c([C@@]3(CF)N=C(N)OC[C@@H]3F)c2)nc1,False
BACE1,4j0t,6T9,504,29,17,106.869,0.586,0.414,A,6T9,6T9,6T9,,CCOc1ccc(nc1)C(=O)Nc2ccc(c(c2)[C@@]3(C(COC(=N3)N)(F)F)C)F,False,,CCOc1ccc(C(=O)Nc2ccc(F)c([C@@]3(C)N=C(N)OCC3(F)F)c2)nc1,False
BACE1,4j1e,1HM,504,31,19,133.048,0.613,0.387,A,1HM,1HM,1HM,,c1cc(c(cc1NC(=O)c2ccc(cn2)C#N)[C@@]3(C[C@H](OC(=N3)N)C(F)(F)F)CF)F,False,,N#Cc1ccc(C(=O)Nc2ccc(F)c([C@]3(CF)C[C@@H](C(F)(F)F)OC(N)=N3)c2)nc1,False
BACE1,4j1c,1HO,504,29,16,105.973,0.552,0.448,A,1HO,1HO,1HO,,c1cc(c(cc1NC(=O)c2ccc(cn2)C#N)[C@@]3(C(COC(=N3)N)(F)F)CF)F,False,,N#Cc1ccc(C(=O)Nc2ccc(F)c([C@@]3(CF)N=C(N)OCC3(F)F)c2)nc1,False
BACE1,4j17,1HQ,504,28,16,104.494,0.571,0.429,A,1HQ,1HQ,1HQ,,c1cc(c(cc1NC(=O)c2ccc(cn2)C#N)[C@@]3(CCOC(=N3)N)C(F)F)F,False,,N#Cc1ccc(C(=O)Nc2ccc(F)c([C@]3(C(F)F)CCOC(N)=N3)c2)nc1,False
BACE1,4j1f,1HL,504,30,18,124.923,0.6,0.4,A,1HL,1HL,1HL,,C[C@]1(C[C@H](OC(=N1)N)C(F)(F)F)c2cc(ccc2F)NC(=O)c3ccc(cn3)C#N,False,,C[C@@]1(c2cc(NC(=O)c3ccc(C#N)cn3)ccc2F)C[C@@H](C(F)(F)F)OC(N)=N1,False
BACE1,4j1i,1HH,504,31,16,133.24,0.516,0.484,A,1HH,1HH,1HH,,C[C@]1([C@H]([C@@H](OC(=N1)N)C(F)(F)F)F)c2cc(ccc2F)NC(=O)c3ccc(cn3)C#N,False,,C[C@]1(c2cc(NC(=O)c3ccc(C#N)cn3)ccc2F)N=C(N)O[C@@H](C(F)(F)F)[C@@H]1F,False
BACE1,4j1h,1HJ,504,30,18,133.495,0.6,0.4,A,1HJ,1HJ,1HJ,,C[C@]1(C[C@@H](OC(=N1)N)C(F)(F)F)c2cc(ccc2F)NC(=O)c3ccc(cn3)C#N,False,,C[C@@]1(c2cc(NC(=O)c3ccc(C#N)cn3)ccc2F)C[C@H](C(F)(F)F)OC(N)=N1,False
BACE1,4j1k,1HG,504,31,16,131.269,0.516,0.484,A,1HG,1HG,1HG,,C[C@]1([C@H]([C@H](OC(=N1)N)C(F)(F)F)F)c2cc(ccc2F)NC(=O)c3ccc(cn3)C#N,False,,C[C@]1(c2cc(NC(=O)c3ccc(C#N)cn3)ccc2F)N=C(N)O[C@H](C(F)(F)F)[C@@H]1F,False
BACE1,4jp9,1M5,503,26,19,128.27,0.731,0.269,A,1M5,1M5,1M5,,CC1(C[C@@]2(c3cc(ccc3O1)c4cccc(c4)Cl)C(=O)N(C(=N2)N)C)C,False,,CN1C(=O)[C@]2(CC(C)(C)Oc3ccc(-c4cccc(Cl)c4)cc32)N=C1N,False
BACE1,4joo,1M4,503,20,14,113.187,0.7,0.3,A,1M4,1M4,1M4,,CC1(C[C@@]2(c3cc(ccc3O1)Br)C(=O)N(C(=N2)N)C)C,False,,CN1C(=O)[C@]2(CC(C)(C)Oc3ccc(Br)cc32)N=C1N,False
BACE1,4jpc,1M6,502,27,19,122.8,0.704,0.296,A,1M6,1M6,1M6,,CC1(C[C@@]2(c3cc(ccc3O1)c4cccc(c4)C#N)C(=O)N(C(=N2)N)C)C,False,,CN1C(=O)[C@]2(CC(C)(C)Oc3ccc(-c4cccc(C#N)c4)cc32)N=C1N,False
BACE1,4k8s,1QT,401,37,15,97.137,0.405,0.595,A,1QT,1QT,1QT,,CCc1ccc2c(c1)[C@H](CC3(O2)CCC3)NC[C@H]([C@@H]4Cc5cccc(c5)CCCCCCCC(=O)N4)O,False,,CCc1ccc2c(c1)[C@@H](NC[C@@H](O)[C@@H]1Cc3cccc(c3)CCCCCCCC(=O)N1)CC1(CCC1)O2,False
BACE1,4jpe,1M7,502,25,17,119.406,0.68,0.32,A,1M7,1M7,1M7,,CC1(Cc2ccc(cc2[C@]3(C1)C(=O)N(C(=N3)N)C)c4cncnc4)C,False,,CN1C(=O)[C@]2(CC(C)(C)Cc3ccc(-c4cncnc4)cc32)N=C1N,False
BACE1,4k8s,1QT,401,37,16,81.846,0.432,0.568,B,1QT,1QT,1QT,,CCc1ccc2c(c1)[C@H](CC3(O2)CCC3)NC[C@H]([C@@H]4Cc5cccc(c5)CCCCCCCC(=O)N4)O,False,,CCc1ccc2c(c1)[C@@H](NC[C@@H](O)[C@@H]1Cc3cccc(c3)CCCCCCCC(=O)N1)CC1(CCC1)O2,False
BACE1,4k9h,1QU,401,44,14,96.456,0.318,0.682,A,1QU,1QU,1QU,,c1ccc(cc1)C[C@@H]([C@@H](CNCc2cccc(c2)C(F)(F)F)O)NC(=O)C3=CN(C(=O)C(=C3)N4CCCC4=O)C5CCCC5,False,,O=C(N[C@@H](Cc1ccccc1)[C@H](O)CNCc1cccc(C(F)(F)F)c1)c1cc(N2CCCC2=O)c(=O)n(C2CCCC2)c1,False
BACE1,4k8s,1QT,401,37,14,66.946,0.378,0.622,C,1QT,1QT,1QT,,CCc1ccc2c(c1)[C@H](CC3(O2)CCC3)NC[C@H]([C@@H]4Cc5cccc(c5)CCCCCCCC(=O)N4)O,False,,CCc1ccc2c(c1)[C@@H](NC[C@@H](O)[C@@H]1Cc3cccc(c3)CCCCCCCC(=O)N1)CC1(CCC1)O2,False
BACE1,4k9h,1QU,401,44,15,99.589,0.341,0.659,B,1QU,1QU,1QU,,c1ccc(cc1)C[C@@H]([C@@H](CNCc2cccc(c2)C(F)(F)F)O)NC(=O)C3=CN(C(=O)C(=C3)N4CCCC4=O)C5CCCC5,False,,O=C(N[C@@H](Cc1ccccc1)[C@H](O)CNCc1cccc(C(F)(F)F)c1)c1cc(N2CCCC2=O)c(=O)n(C2CCCC2)c1,False
BACE1,4ke0,1R8,501,36,15,84.652,0.417,0.583,A,1R8,1R8,1R8,,CCc1ccc2c(c1)[C@H](CC3(O2)CCC3)NC[C@H]([C@@H]4Cc5cccc(c5)CCCCCCC(=O)N4)O,False,,CCc1ccc2c(c1)[C@@H](NC[C@@H](O)[C@@H]1Cc3cccc(c3)CCCCCCC(=O)N1)CC1(CCC1)O2,False
BACE1,4k9h,1QU,401,44,17,108.151,0.386,0.614,C,1QU,1QU,1QU,,c1ccc(cc1)C[C@@H]([C@@H](CNCc2cccc(c2)C(F)(F)F)O)NC(=O)C3=CN(C(=O)C(=C3)N4CCCC4=O)C5CCCC5,False,,O=C(N[C@@H](Cc1ccccc1)[C@H](O)CNCc1cccc(C(F)(F)F)c1)c1cc(N2CCCC2=O)c(=O)n(C2CCCC2)c1,False
BACE1,4ke0,1R8,501,36,16,87.34,0.444,0.556,B,1R8,1R8,1R8,,CCc1ccc2c(c1)[C@H](CC3(O2)CCC3)NC[C@H]([C@@H]4Cc5cccc(c5)CCCCCCC(=O)N4)O,False,,CCc1ccc2c(c1)[C@@H](NC[C@@H](O)[C@@H]1Cc3cccc(c3)CCCCCCC(=O)N1)CC1(CCC1)O2,False
BACE1,4ke0,1R8,501,36,12,87.476,0.333,0.667,C,1R8,1R8,1R8,,CCc1ccc2c(c1)[C@H](CC3(O2)CCC3)NC[C@H]([C@@H]4Cc5cccc(c5)CCCCCCC(=O)N4)O,False,,CCc1ccc2c(c1)[C@@H](NC[C@@H](O)[C@@H]1Cc3cccc(c3)CCCCCCC(=O)N1)CC1(CCC1)O2,False
BACE1,4l7g,1W0,501,22,14,102.864,0.636,0.364,A,1W0,1W0,1W0,,c1cc(cc(c1)[C@]23CCOC[C@H]2OC(=N3)N)c4cncnc4,False,,NC1=N[C@@]2(c3cccc(-c4cncnc4)c3)CCOC[C@H]2O1,False
BACE1,4ke1,1R6,404,41,19,102.072,0.463,0.537,A,1R6,1R6,1R6,,CCc1ccc2c(c1)[C@H](CC3(O2)CCC3)NC[C@H]([C@@H]4Cc5cccc(c5)CCCCN6C=C(C=CC6=O)C(=O)N4)O,False,,CCc1ccc2c(c1)[C@@H](NC[C@@H](O)[C@@H]1Cc3cccc(c3)CCCCn3cc(ccc3=O)C(=O)N1)CC1(CCC1)O2,False
BACE1,4l7h,1W1,501,26,17,123.269,0.654,0.346,A,1W1,1W1,1W1,,c1cc(c(nc1)N2CC[C@]3([C@@H](C2)OC(=N3)N)c4ccc(cc4F)F)C#N,False,,N#Cc1cccnc1N1CC[C@]2(c3ccc(F)cc3F)N=C(N)O[C@@H]2C1,False
BACE1,4l7j,1W2,501,26,16,91.486,0.615,0.385,A,1W2,1W2,1W2,,c1cc(c(nc1)N2CC[C@@H]3[C@](C2)(N=C(O3)N)c4ccc(cc4F)F)C#N,False,,N#Cc1cccnc1N1CC[C@H]2OC(N)=N[C@@]2(c2ccc(F)cc2F)C1,False
BACE1,4lc7,1WP,502,23,17,115.546,0.739,0.261,A,1WP,1WP,1WP,,c1cc(cc(c1)[C@]23CCCC[C@H]2OC(=N3)N)c4cc(cnc4)Cl,False,,NC1=N[C@@]2(c3cccc(-c4cncc(Cl)c4)c3)CCCC[C@H]2O1,False
BACE1,4lxa,1YS,501,39,18,107.129,0.462,0.538,A,1YS,1YS,1YS,,CC(C)(C)c1cccc(c1)CN[C@H]2C[S@](=O)C[C@H]([C@@H]2O)Cc3cc(c(c(c3)F)N)OC(C(F)(F)F)C(F)(F)F,False,,CC(C)(C)c1cccc(CN[C@H]2C[S@](=O)C[C@@H](Cc3cc(F)c(N)c(OC(C(F)(F)F)C(F)(F)F)c3)[C@@H]2O)c1,False
BACE1,4lxa,1YS,502,39,18,113.807,0.462,0.538,B,1YS,1YS,1YS,,CC(C)(C)c1cccc(c1)CN[C@H]2C[S@](=O)C[C@H]([C@@H]2O)Cc3cc(c(c(c3)F)N)OC(C(F)(F)F)C(F)(F)F,False,,CC(C)(C)c1cccc(CN[C@H]2C[S@](=O)C[C@@H](Cc3cc(F)c(N)c(OC(C(F)(F)F)C(F)(F)F)c3)[C@@H]2O)c1,False
BACE1,4lxa,1YS,501,39,15,119.196,0.385,0.615,C,1YS,1YS,1YS,,CC(C)(C)c1cccc(c1)CN[C@H]2C[S@](=O)C[C@H]([C@@H]2O)Cc3cc(c(c(c3)F)N)OC(C(F)(F)F)C(F)(F)F,False,,CC(C)(C)c1cccc(CN[C@H]2C[S@](=O)C[C@@H](Cc3cc(F)c(N)c(OC(C(F)(F)F)C(F)(F)F)c3)[C@@H]2O)c1,False
BACE1,4lxk,1YT,501,38,15,132.261,0.395,0.605,A,1YT,1YT,1YT,,CC(C)(C)c1cccc(c1)CN[C@H]2C[S@](=O)C[C@H]([C@@H]2O)Cc3cc(c(c(c3)F)N)O[C@H](COC)C(F)(F)F,False,,COC[C@@H](Oc1cc(C[C@@H]2C[S@@](=O)C[C@H](NCc3cccc(C(C)(C)C)c3)[C@H]2O)cc(F)c1N)C(F)(F)F,False
BACE1,4lxk,1YT,502,38,18,135.569,0.474,0.526,B,1YT,1YT,1YT,,CC(C)(C)c1cccc(c1)CN[C@H]2C[S@](=O)C[C@H]([C@@H]2O)Cc3cc(c(c(c3)F)N)O[C@H](COC)C(F)(F)F,False,,COC[C@@H](Oc1cc(C[C@@H]2C[S@@](=O)C[C@H](NCc3cccc(C(C)(C)C)c3)[C@H]2O)cc(F)c1N)C(F)(F)F,False
BACE1,4lxk,1YT,501,38,14,124.539,0.368,0.632,C,1YT,1YT,1YT,,CC(C)(C)c1cccc(c1)CN[C@H]2C[S@](=O)C[C@H]([C@@H]2O)Cc3cc(c(c(c3)F)N)O[C@H](COC)C(F)(F)F,False,,COC[C@@H](Oc1cc(C[C@@H]2C[S@@](=O)C[C@H](NCc3cccc(C(C)(C)C)c3)[C@H]2O)cc(F)c1N)C(F)(F)F,False
BACE1,4lxm,1YU,501,39,16,137.999,0.41,0.59,A,1YU,1YU,1YU,,CC(C)(C)c1cccc(c1)CN[C@H]2C[S@@](=O)C[C@H]([C@@H]2O)Cc3cc(c(c(c3)F)N)OC(C(F)(F)F)C(F)(F)F,False,,CC(C)(C)c1cccc(CN[C@H]2C[S@@](=O)C[C@@H](Cc3cc(F)c(N)c(OC(C(F)(F)F)C(F)(F)F)c3)[C@@H]2O)c1,False
BACE1,4lxm,1YU,501,39,15,134.585,0.385,0.615,B,1YU,1YU,1YU,,CC(C)(C)c1cccc(c1)CN[C@H]2C[S@@](=O)C[C@H]([C@@H]2O)Cc3cc(c(c(c3)F)N)OC(C(F)(F)F)C(F)(F)F,False,,CC(C)(C)c1cccc(CN[C@H]2C[S@@](=O)C[C@@H](Cc3cc(F)c(N)c(OC(C(F)(F)F)C(F)(F)F)c3)[C@@H]2O)c1,False
BACE1,4lxm,1YU,501,39,15,130.236,0.385,0.615,C,1YU,1YU,1YU,,CC(C)(C)c1cccc(c1)CN[C@H]2C[S@@](=O)C[C@H]([C@@H]2O)Cc3cc(c(c(c3)F)N)OC(C(F)(F)F)C(F)(F)F,False,,CC(C)(C)c1cccc(CN[C@H]2C[S@@](=O)C[C@@H](Cc3cc(F)c(N)c(OC(C(F)(F)F)C(F)(F)F)c3)[C@@H]2O)c1,False
BACE1,4n00,2EX,502,28,13,119.273,0.464,0.536,A,2EX,2EX,2EX,,CN1C(=O)[C@@]2(c3cc(ccc3O[C@@H]4[C@@H]2COCC4)c5cccnc5F)N=C1N,False,,CN1C(=O)[C@]2(N=C1N)c1cc(-c3cccnc3F)ccc1O[C@H]1CCOC[C@@H]12,False
BACE1,4pzw,2X4,502,26,17,104.756,0.654,0.346,A,2X4,2X4,2X4,,c1cc2c(cc1c3cc(cnc3)Cl)[C@@]4(COC(=N4)N)[C@@H]5CCOC[C@H]5O2,False,,NC1=N[C@@]2(CO1)c1cc(-c3cncc(Cl)c3)ccc1O[C@@H]1COCC[C@H]12,False
BACE1,4pzx,2X5,502,26,17,108.629,0.654,0.346,A,2X5,2X5,2X5,,c1cc2c(cc1c3cc(cnc3)Cl)[C@@]4(COC(=N4)N)[C@H]5CCOC[C@@H]5O2,False,,NC1=N[C@@]2(CO1)c1cc(-c3cncc(Cl)c3)ccc1O[C@H]1COCC[C@@H]12,False
BACE1,4r5n,3J9,502,27,15,118.084,0.556,0.444,A,3J9,3J9,3J9,,C[C@]12CCCO[C@@H]1[C@]3(COC(=N3)N)c4cc(ccc4O2)c5cccnc5F,False,,C[C@]12CCCO[C@@H]1[C@]1(COC(N)=N1)c1cc(-c3cccnc3F)ccc1O2,False
BACE1,4r8y,3KO,502,30,13,119.211,0.433,0.567,A,3KO,3KO,3KO,,[H]/N=C/1\N[C@](C(=O)N1C)(CCC2CCCCC2)C[C@H]3CCN(C3)C(=O)CC4CCCC4,False,,[H]/N=C1\N[C@](CCC2CCCCC2)(C[C@H]2CCN(C(=O)CC3CCCC3)C2)C(=O)N1C,False
BACE1,4r91,3KT,502,29,13,107.984,0.448,0.552,A,3KT,3KT,3KT,,[H]/N=C/1\N[C@](C(=O)N1C)(CCC2CCCCC2)C[C@H]3CCC[C@H](C3)NC4CCCC4,False,,[H]/N=C1\N[C@](CCC2CCCCC2)(C[C@H]2CCC[C@@H](NC3CCCC3)C2)C(=O)N1C,False
BACE1,4r92,3KU,501,32,19,153.181,0.594,0.406,A,3KU,3KU,3KU,,[H]/N=C/1\N[C@](C(=O)N1C)(CCC2CCCCC2)C[C@H]3CCC[C@H](C3)NC(=O)c4ccncc4,False,,[H]/N=C1\N[C@](CCC2CCCCC2)(C[C@H]2CCC[C@@H](NC(=O)c3ccncc3)C2)C(=O)N1C,False
BACE1,4r8y,3KO,501,30,15,124.977,0.5,0.5,B,3KO,3KO,3KO,,[H]/N=C/1\N[C@](C(=O)N1C)(CCC2CCCCC2)C[C@H]3CCN(C3)C(=O)CC4CCCC4,False,,[H]/N=C1\N[C@](CCC2CCCCC2)(C[C@H]2CCN(C(=O)CC3CCCC3)C2)C(=O)N1C,False
BACE1,4r92,3KU,503,32,18,167.172,0.562,0.438,B,3KU,3KU,3KU,,[H]/N=C/1\N[C@](C(=O)N1C)(CCC2CCCCC2)C[C@H]3CCC[C@H](C3)NC(=O)c4ccncc4,False,,[H]/N=C1\N[C@](CCC2CCCCC2)(C[C@H]2CCC[C@@H](NC(=O)c3ccncc3)C2)C(=O)N1C,False
BACE1,4r91,3KT,502,29,15,91.895,0.517,0.483,B,3KT,3KT,3KT,,[H]/N=C/1\N[C@](C(=O)N1C)(CCC2CCCCC2)C[C@H]3CCC[C@H](C3)NC4CCCC4,False,,[H]/N=C1\N[C@](CCC2CCCCC2)(C[C@H]2CCC[C@@H](NC3CCCC3)C2)C(=O)N1C,False
BACE1,4r93,779,503,33,20,185.649,0.606,0.394,A,779,779,779,,[H]/N=C/1\N[C@](C(=O)N1C)(CCC2CCCCC2)C[C@H]3CCC[C@H](C3)NC(=O)Nc4ccccc4,False,,[H]/N=C1\N[C@](CCC2CCCCC2)(C[C@H]2CCC[C@@H](NC(=O)Nc3ccccc3)C2)C(=O)N1C,False
BACE1,4r95,3KW,503,34,19,189.444,0.559,0.441,A,3KW,3KW,3KW,,[H]/N=C/1\N[C@](C(=O)N1C)(CCC2CCCCC2)C[C@H]3CCC[C@H](C3)Nc4ccc5ccccc5n4,False,,[H]/N=C1\N[C@](CCC2CCCCC2)(C[C@H]2CCC[C@@H](Nc3ccc4ccccc4n3)C2)C(=O)N1C,False
BACE1,4r95,3KW,502,34,21,199.241,0.618,0.382,B,3KW,3KW,3KW,,[H]/N=C/1\N[C@](C(=O)N1C)(CCC2CCCCC2)C[C@H]3CCC[C@H](C3)Nc4ccc5ccccc5n4,False,,[H]/N=C1\N[C@](CCC2CCCCC2)(C[C@H]2CCC[C@@H](Nc3ccc4ccccc4n3)C2)C(=O)N1C,False
BACE1,4r93,779,502,33,21,186.039,0.636,0.364,B,779,779,779,,[H]/N=C/1\N[C@](C(=O)N1C)(CCC2CCCCC2)C[C@H]3CCC[C@H](C3)NC(=O)Nc4ccccc4,False,,[H]/N=C1\N[C@](CCC2CCCCC2)(C[C@H]2CCC[C@@H](NC(=O)Nc3ccccc3)C2)C(=O)N1C,False
BACE1,4rcd,3LL,501,33,18,99.192,0.545,0.455,A,3LL,3LL,3LL,,CC1(COC1)C#Cc2cc3c(nc2)Oc4ccc(cc4[C@@]35COC(=N5)N)c6cccnc6F,False,,CC1(C#Cc2cnc3c(c2)[C@]2(COC(N)=N2)c2cc(-c4cccnc4F)ccc2O3)COC1,False
BACE1,4rce,3LN,501,31,16,106.004,0.516,0.484,A,3LN,3LN,3LN,,CC(C)(C)COc1ccc2c(c1)[C@]3(COC(=N3)N)c4cc(ccc4O2)c5cncnc5,False,,CC(C)(C)COc1ccc2c(c1)[C@]1(COC(N)=N1)c1cc(-c3cncnc3)ccc1O2,False
BACE1,4rcf,3LO,404,33,16,93.246,0.485,0.515,A,3LO,3LO,3LO,,c1cc(c(nc1)F)c2ccc3c(c2)[C@@]4(COC(=N4)N)c5cc(cc(c5O3)F)C6=CCOCC6,False,,NC1=N[C@@]2(CO1)c1cc(-c3cccnc3F)ccc1Oc1c(F)cc(C3=CCOCC3)cc12,False
BACE1,4rro,3UX,502,29,15,130.12,0.517,0.483,A,3UX,3UX,3UX,,C[C@@]12CCCO[C@H]1[C@@]3(c4cc(ccc4O2)c5cccnc5F)C(=O)N(C(=N3)N)C,False,,CN1C(=O)[C@]2(N=C1N)c1cc(-c3cccnc3F)ccc1O[C@]1(C)CCCO[C@H]12,False
BACE1,4rrs,3UY,502,27,16,116.599,0.593,0.407,A,3UY,3UY,3UY,,C[C@@]12CCCO[C@H]1[C@]3(COC(=N3)N)c4cc(ccc4O2)c5cccnc5F,False,,C[C@@]12CCCO[C@H]1[C@]1(COC(N)=N1)c1cc(-c3cccnc3F)ccc1O2,False
BACE1,4rrn,3UW,502,28,14,123.555,0.5,0.5,A,3UW,3UW,3UW,,CN1C(=O)[C@@]2(c3cc(ccc3O[C@@H]4[C@@H]2OCCC4)c5cccnc5F)N=C1N,False,,CN1C(=O)[C@]2(N=C1N)c1cc(-c3cccnc3F)ccc1O[C@H]1CCCO[C@@H]12,False
BACE1,4wy1,3VO,4000,19,10,78.362,0.526,0.474,A,3VO,3VO,3VO,,c1cc(c(cc1F)F)[C@]23COCC[C@H]2CSC(=N3)N,False,,NC1=N[C@@]2(c3ccc(F)cc3F)COCC[C@H]2CS1,False
BACE1,4wtu,3UT,407,33,18,96.082,0.545,0.455,A,3UT,3UT,3UT,,c1cc(c(nc1)F)c2ccc3c(c2)[C@@]4(COC(=N4)N)c5cc(nc(c5O3)F)C6=CCCOC6,False,,NC1=N[C@@]2(CO1)c1cc(-c3cccnc3F)ccc1Oc1c2cc(C2=CCCOC2)nc1F,False
BACE1,4x2l,3WP,401,28,17,103.386,0.607,0.393,A,3WP,3WP,3WP,,C[C@]1(CCSC(=N1)N)c2ccc(cc2F)F,False,,C[C@@]1(c2ccc(F)cc2F)CCSC(N)=N1,False
BACE1,4wy6,3VP,401,36,18,99.915,0.5,0.5,A,3VP,3VP,3VP,,c1cc(c(cc1F)F)[C@]23CO[C@H](C[C@H]2CSC(=N3)N)CF,False,,NC1=N[C@@]2(c3ccc(F)cc3F)CO[C@@H](CF)C[C@H]2CS1,False
BACE1,4x7i,3YS,401,27,12,85.282,0.444,0.556,A,3YS,3YS,3YS,,c1cc(c(cc1NC(=O)c2ccc(cn2)F)[C@]34COC[C@H]3CSC(=N4)N)F,False,,NC1=N[C@@]2(c3cc(NC(=O)c4ccc(F)cn4)ccc3F)COC[C@H]2CS1,False
BACE1,4x7i,3YS,401,27,12,87.131,0.444,0.556,B,3YS,3YS,3YS,,c1cc(c(cc1NC(=O)c2ccc(cn2)F)[C@]34COC[C@H]3CSC(=N4)N)F,False,,NC1=N[C@@]2(c3cc(NC(=O)c4ccc(F)cn4)ccc3F)COC[C@H]2CS1,False
BACE1,4xkx,43K,405,33,18,103.78,0.545,0.455,A,43K,43K,43K,,c1cc(c(nc1)F)c2ccc3c(c2)[C@@]4(COC(=N4)N)c5cc(ncc5O3)c6ccnc(c6)F,False,,NC1=N[C@@]2(CO1)c1cc(-c3cccnc3F)ccc1Oc1cnc(-c3ccnc(F)c3)cc12,False
BACE1,4xxs,SI5,401,25,13,74.067,0.52,0.48,A,SI5,SI5,SI5,,Cn1cc(cn1)[C@H]2C[C@H]3CSC(=N[C@]3(CO2)c4ccc(cc4F)F)N,False,,Cn1cc([C@H]2C[C@H]3CSC(N)=N[C@@]3(c3ccc(F)cc3F)CO2)cn1,False
BACE1,4ybi,4B2,401,22,12,93.014,0.545,0.455,A,4B2,4B2,4B2,,C[C@]1(CCSC(=N1)N)c2cc(c(cc2F)F)c3cncnc3,False,,C[C@@]1(c2cc(-c3cncnc3)c(F)cc2F)CCSC(N)=N1,False
BACE1,4ybi,4B2,401,22,12,85.848,0.545,0.455,B,4B2,4B2,4B2,,C[C@]1(CCSC(=N1)N)c2cc(c(cc2F)F)c3cncnc3,False,,C[C@@]1(c2cc(-c3cncnc3)c(F)cc2F)CCSC(N)=N1,False
BACE1,4zpe,4QA,501,36,14,81.39,0.389,0.611,A,4QA,4QA,4QA,,CC(C)Oc1cccc(c1)CN2CCC3(CC2)C(=NC(=O)N3c4cccc(c4)F)NC5CCCCC5,False,,CC(C)Oc1cccc(CN2CCC3(CC2)C(NC2CCCCC2)=NC(=O)N3c2cccc(F)c2)c1,False
BACE1,4zpg,4QF,501,33,12,73.209,0.364,0.636,A,4QF,4QF,4QF,,C[C@H]1C[C@]2(CCN1Cc3ccccc3)C(=NC(=O)N2c4cccc(c4)F)NC5CCCCC5,False,,C[C@H]1C[C@]2(CCN1Cc1ccccc1)C(NC1CCCCC1)=NC(=O)N2c1cccc(F)c1,False
BACE1,4zpf,4QD,501,37,14,100.436,0.378,0.622,A,4QD,4QD,4QD,,C[C@@H](CN)Oc1cccc(c1)CN2CCC3(CC2)C(=NC(=O)N3c4cccc(c4)F)NC5CCCCC5,False,,C[C@@H](CN)Oc1cccc(CN2CCC3(CC2)C(NC2CCCCC2)=NC(=O)N3c2cccc(F)c2)c1,False
BACE1,4zsm,4RW,401,11,7,77.471,0.636,0.364,A,4RW,4RW,4RW,,C1CC[C@@H]2[C@H](C1)CSC(=N2)N,False,,NC1=N[C@@H]2CCCC[C@@H]2CS1,False
BACE1,4zsm,4RW,401,11,6,76.298,0.545,0.455,B,4RW,4RW,4RW,,C1CC[C@@H]2[C@H](C1)CSC(=N2)N,False,,NC1=N[C@@H]2CCCC[C@@H]2CS1,False
BACE1,4zsp,4RZ,401,21,12,98.448,0.571,0.429,A,4RZ,4RZ,4RZ,,c1cc(cc(c1)Cl)C(=O)N[C@H]2CC[C@@H]3[C@H](C2)CSC(=N3)N,False,,NC1=N[C@@H]2CC[C@H](NC(=O)c3cccc(Cl)c3)C[C@@H]2CS1,False
BACE1,4zsq,4RX,401,24,13,96.576,0.542,0.458,A,4RX,4RX,4RX,,c1cc(cc(c1)Cl)C(=O)N[C@H]2CC[C@]34COC[C@H]([C@H]3C2)SC(=N4)N,False,,NC1=N[C@]23CC[C@H](NC(=O)c4cccc(Cl)c4)C[C@@H]2[C@@H](COC3)S1,False
BACE1,4zsp,4RZ,401,21,11,84.15,0.524,0.476,B,4RZ,4RZ,4RZ,,c1cc(cc(c1)Cl)C(=O)N[C@H]2CC[C@@H]3[C@H](C2)CSC(=N3)N,False,,NC1=N[C@@H]2CC[C@H](NC(=O)c3cccc(Cl)c3)C[C@@H]2CS1,False
BACE1,4zsq,4RX,401,24,15,116.285,0.625,0.375,B,4RX,4RX,4RX,,c1cc(cc(c1)Cl)C(=O)N[C@H]2CC[C@]34COC[C@H]([C@H]3C2)SC(=N4)N,False,,NC1=N[C@]23CC[C@H](NC(=O)c4cccc(Cl)c4)C[C@@H]2[C@@H](COC3)S1,False
BACE1,4zsr,4RY,401,24,13,105.206,0.542,0.458,A,4RY,4RY,4RY,,c1cc(cc(c1)Cl)C(=O)N[C@H]2CC[C@]34COC[C@@]3(C2)CSC(=N4)N,False,,NC1=N[C@]23CC[C@H](NC(=O)c4cccc(Cl)c4)C[C@]2(COC3)CS1,False
BACE1,4zsr,4RY,401,24,13,116.369,0.542,0.458,B,4RY,4RY,4RY,,c1cc(cc(c1)Cl)C(=O)N[C@H]2CC[C@]34COC[C@@]3(C2)CSC(=N4)N,False,,NC1=N[C@]23CC[C@H](NC(=O)c4cccc(Cl)c4)C[C@]2(COC3)CS1,False
BACE1,5clm,52K,401,24,15,93.074,0.625,0.375,A,52K,52K,52K,,C[C@]1(COCC(=N1)N)c2cccc(c2)NC(=O)c3ccc(cn3)Cl,False,,C[C@@]1(c2cccc(NC(=O)c3ccc(Cl)cn3)c2)COCC(N)=N1,False
BACE1,5dqc,5E7,401,49,10,85.96,0.204,0.796,A,5E7,5E7,5E7,,C[C@H](c1ccccc1)NC(=O)c2cc(cc(c2)N(C)S(=O)(=O)C)C(=O)N[C@@H](Cc3ccccc3)[C@@H](CN[C@@H]([C@H](C)O)C(=O)NCC(C)C)O,False,,CC(C)CNC(=O)[C@@H](NC[C@@H](O)[C@H](Cc1ccccc1)NC(=O)c1cc(C(=O)N[C@H](C)c2ccccc2)cc(N(C)S(C)(=O)=O)c1)[C@H](C)O,False
BACE1,5dqc,5E7,401,49,9,75.855,0.184,0.816,B,5E7,5E7,5E7,,C[C@H](c1ccccc1)NC(=O)c2cc(cc(c2)N(C)S(=O)(=O)C)C(=O)N[C@@H](Cc3ccccc3)[C@@H](CN[C@@H]([C@H](C)O)C(=O)NCC(C)C)O,False,,CC(C)CNC(=O)[C@@H](NC[C@@H](O)[C@H](Cc1ccccc1)NC(=O)c1cc(C(=O)N[C@H](C)c2ccccc2)cc(N(C)S(C)(=O)=O)c1)[C@H](C)O,False
BACE1,5dqc,5E7,401,49,11,74.973,0.224,0.776,C,5E7,5E7,5E7,,C[C@H](c1ccccc1)NC(=O)c2cc(cc(c2)N(C)S(=O)(=O)C)C(=O)N[C@@H](Cc3ccccc3)[C@@H](CN[C@@H]([C@H](C)O)C(=O)NCC(C)C)O,False,,CC(C)CNC(=O)[C@@H](NC[C@@H](O)[C@H](Cc1ccccc1)NC(=O)c1cc(C(=O)N[C@H](C)c2ccccc2)cc(N(C)S(C)(=O)=O)c1)[C@H](C)O,False
BACE1,5ezx,5T5,501,28,19,119.727,0.679,0.321,A,5T5,5T5,5T5,,c1cc(ccc1[C@]2(COC(=N2)N)[C@@H]3C[C@H]3C(=O)c4cc(cnc4)Cl)OC(F)F,False,,NC1=N[C@](c2ccc(OC(F)F)cc2)([C@@H]2C[C@H]2C(=O)c2cncc(Cl)c2)CO1,False
BACE1,5ezz,5T6,501,30,19,126.832,0.633,0.367,A,5T6,5T6,5T6,,Cc1cc(ccc1OC(F)F)[C@]2(COC(=N2)N)c3cccc(c3)c4cc(cnc4)Cl,False,,Cc1cc([C@@]2(c3cccc(-c4cncc(Cl)c4)c3)COC(N)=N2)ccc1OC(F)F,False
BACE1,5f00,5T8,504,26,16,110.015,0.615,0.385,A,5T8,5T8,5T8,,C[C@]1(COCC(=N1)N)c2cccc(c2)Nc3cccc4c3ncc(c4)Cl,False,,C[C@@]1(c2cccc(Nc3cccc4cc(Cl)cnc34)c2)COCC(N)=N1,False
BACE1,5f01,5T7,504,27,15,121.656,0.556,0.444,A,5T7,5T7,5T7,,C[C@]1(C(COC(=N1)N)(F)F)[C@@H]2C[C@H]2C(=O)Nc3cccc4c3ncc(c4)Cl,False,,C[C@]1([C@@H]2C[C@H]2C(=O)Nc2cccc3cc(Cl)cnc23)N=C(N)OCC1(F)F,False
BACE1,5hd0,60Y,502,32,19,128.984,0.594,0.406,A,60Y,60Y,60Y,,[H]/N=C/1\N[C@]2(CN(C[C@H]2C(=O)N1C)c3ncc(cn3)F)c4cc(cs4)c5cccc(c5)C#N,False,,[H]/N=C1\N[C@@]2(c3cc(-c4cccc(C#N)c4)cs3)CN(c3ncc(F)cn3)C[C@H]2C(=O)N1C,False
BACE1,5hd0,60Y,502,32,21,106.807,0.656,0.344,B,60Y,60Y,60Y,,[H]/N=C/1\N[C@]2(CN(C[C@H]2C(=O)N1C)c3ncc(cn3)F)c4cc(cs4)c5cccc(c5)C#N,False,,[H]/N=C1\N[C@@]2(c3cc(-c4cccc(C#N)c4)cs3)CN(c3ncc(F)cn3)C[C@H]2C(=O)N1C,False
BACE1,5hdu,60W,502,34,13,68.12,0.382,0.618,A,60W,60W,60W,,[H]/N=C/1\N[C@]2(CN(C[C@H]2C(=O)N1C)c3ncc(c(n3)OC)F)c4cc(cs4)c5cccc(c5)C#N,False,,[H]/N=C1\N[C@@]2(c3cc(-c4cccc(C#N)c4)cs3)CN(c3ncc(F)c(OC)n3)C[C@H]2C(=O)N1C,False
BACE1,5hdv,60V,501,29,14,149.776,0.483,0.517,A,60V,60V,60V,,[H]/N=C/1\N[C@]2(CN(C[C@H]2C(=O)N1C)c3nc(c(c(n3)OC)F)C)c4ccc(s4)C#N,False,,[H]/N=C1\N[C@@]2(c3ccc(C#N)s3)CN(c3nc(C)c(F)c(OC)n3)C[C@H]2C(=O)N1C,False
BACE1,5hdu,60W,502,34,16,76.024,0.471,0.529,B,60W,60W,60W,,[H]/N=C/1\N[C@]2(CN(C[C@H]2C(=O)N1C)c3ncc(c(n3)OC)F)c4cc(cs4)c5cccc(c5)C#N,False,,[H]/N=C1\N[C@@]2(c3cc(-c4cccc(C#N)c4)cs3)CN(c3ncc(F)c(OC)n3)C[C@H]2C(=O)N1C,False
BACE1,5hdv,60V,502,29,14,98.499,0.483,0.517,B,60V,60V,60V,,[H]/N=C/1\N[C@]2(CN(C[C@H]2C(=O)N1C)c3nc(c(c(n3)OC)F)C)c4ccc(s4)C#N,False,,[H]/N=C1\N[C@@]2(c3ccc(C#N)s3)CN(c3nc(C)c(F)c(OC)n3)C[C@H]2C(=O)N1C,False
BACE1,5hdx,60U,501,30,19,147.674,0.633,0.367,A,60U,60U,60U,,[H]/N=C/1\N[C@]2(CN(C[C@H]2C(=O)N1C)c3nc(c(c(n3)OCC)F)C)c4ccc(s4)C#N,False,,[H]/N=C1\N[C@@]2(c3ccc(C#N)s3)CN(c3nc(C)c(F)c(OCC)n3)C[C@H]2C(=O)N1C,False
BACE1,5hdx,60U,501,30,17,133.547,0.567,0.433,B,60U,60U,60U,,[H]/N=C/1\N[C@]2(CN(C[C@H]2C(=O)N1C)c3nc(c(c(n3)OCC)F)C)c4ccc(s4)C#N,False,,[H]/N=C1\N[C@@]2(c3ccc(C#N)s3)CN(c3nc(C)c(F)c(OCC)n3)C[C@H]2C(=O)N1C,False
BACE1,5hdz,954,501,29,17,120.848,0.586,0.414,A,954,954,954,,[H]/N=C/1\N[C@]2(CN(C[C@H]2C(=O)N1C)c3nc(c(c(n3)SC)F)C)c4ccc(s4)C#N,False,,[H]/N=C1\N[C@@]2(c3ccc(C#N)s3)CN(c3nc(C)c(F)c(SC)n3)C[C@H]2C(=O)N1C,False
BACE1,5hdz,954,501,29,17,131.067,0.586,0.414,B,954,954,954,,[H]/N=C/1\N[C@]2(CN(C[C@H]2C(=O)N1C)c3nc(c(c(n3)SC)F)C)c4ccc(s4)C#N,False,,[H]/N=C1\N[C@@]2(c3ccc(C#N)s3)CN(c3nc(C)c(F)c(SC)n3)C[C@H]2C(=O)N1C,False
BACE1,5he4,60T,501,30,10,95.003,0.333,0.667,A,60T,60T,60T,,[H]/N=C/1\N[C@]2(CN(C[C@H]2C(=O)N1C)c3nc(c(c(n3)OC)F)C)c4c(cccc4F)F,False,,[H]/N=C1\N[C@@]2(c3c(F)cccc3F)CN(c3nc(C)c(F)c(OC)n3)C[C@H]2C(=O)N1C,False
BACE1,5he4,60T,502,30,13,90.581,0.433,0.567,B,60T,60T,60T,,[H]/N=C/1\N[C@]2(CN(C[C@H]2C(=O)N1C)c3nc(c(c(n3)OC)F)C)c4c(cccc4F)F,False,,[H]/N=C1\N[C@@]2(c3c(F)cccc3F)CN(c3nc(C)c(F)c(OC)n3)C[C@H]2C(=O)N1C,False
BACE1,5he5,60S,502,29,15,115.965,0.517,0.483,A,60S,60S,60S,,[H]/N=C/1\N[C@]2(CN(C[C@H]2C(=O)N1C)c3nc(c(c(n3)NC)F)C)c4ccc(s4)C#N,False,,[H]/N=C1\N[C@@]2(c3ccc(C#N)s3)CN(c3nc(C)c(F)c(NC)n3)C[C@H]2C(=O)N1C,False
BACE1,5he7,60X,501,30,12,103.084,0.4,0.6,A,60X,60X,60X,,[H]/N=C/1\N[C@]2(CN(C[C@H]2C(=O)N1C)c3nc(c(c(n3)OC)F)C)c4ccc(cc4F)F,False,,[H]/N=C1\N[C@@]2(c3ccc(F)cc3F)CN(c3nc(C)c(F)c(OC)n3)C[C@H]2C(=O)N1C,False
BACE1,5he5,60S,502,29,15,117.616,0.517,0.483,B,60S,60S,60S,,[H]/N=C/1\N[C@]2(CN(C[C@H]2C(=O)N1C)c3nc(c(c(n3)NC)F)C)c4ccc(s4)C#N,False,,[H]/N=C1\N[C@@]2(c3ccc(C#N)s3)CN(c3nc(C)c(F)c(NC)n3)C[C@H]2C(=O)N1C,False
BACE1,5he7,60X,501,30,15,96.427,0.5,0.5,B,60X,60X,60X,,[H]/N=C/1\N[C@]2(CN(C[C@H]2C(=O)N1C)c3nc(c(c(n3)OC)F)C)c4ccc(cc4F)F,False,,[H]/N=C1\N[C@@]2(c3ccc(F)cc3F)CN(c3nc(C)c(F)c(OC)n3)C[C@H]2C(=O)N1C,False
BACE1,5htz,66J,501,26,11,66.771,0.423,0.577,A,66J,66J,66J,,[H]/N=C/1\N[C@](CS(=O)(=O)N1C)(C)c2c(cc(s2)c3cc(cnc3)C#CC)Cl,False,,[H]/N=C1\N[C@](C)(c2sc(-c3cncc(C#CC)c3)cc2Cl)CS(=O)(=O)N1C,False
BACE1,5htz,66J,501,26,13,67.865,0.5,0.5,B,66J,66J,66J,,[H]/N=C/1\N[C@](CS(=O)(=O)N1C)(C)c2c(cc(s2)c3cc(cnc3)C#CC)Cl,False,,[H]/N=C1\N[C@](C)(c2sc(-c3cncc(C#CC)c3)cc2Cl)CS(=O)(=O)N1C,False
BACE1,5hu0,66H,502,28,20,114.166,0.714,0.286,A,66H,66H,66H,,[H]/N=C/1\N[C@](C(=O)N1C)(c2ccccc2)c3cccc(c3)NC(=O)c4ccco4,False,,[H]/N=C1\N[C@](c2ccccc2)(c2cccc(NC(=O)c3ccco3)c2)C(=O)N1C,False
BACE1,5hu1,66F,501,28,12,67.328,0.429,0.571,A,66F,66F,66F,,C[C@]1(CS(=O)(=O)N(C(=N1)N)C)c2cc(ccc2F)NC(=O)c3ccc(cn3)F,False,,CN1C(N)=N[C@](C)(c2cc(NC(=O)c3ccc(F)cn3)ccc2F)CS1(=O)=O,False
BACE1,5hu1,66F,501,28,12,61.944,0.429,0.571,B,66F,66F,66F,,C[C@]1(CS(=O)(=O)N(C(=N1)N)C)c2cc(ccc2F)NC(=O)c3ccc(cn3)F,False,,CN1C(N)=N[C@](C)(c2cc(NC(=O)c3ccc(F)cn3)ccc2F)CS1(=O)=O,False
BACE1,5hu0,66H,502,28,16,81.6,0.571,0.429,B,66H,66H,66H,,[H]/N=C/1\N[C@](C(=O)N1C)(c2ccccc2)c3cccc(c3)NC(=O)c4ccco4,False,,[H]/N=C1\N[C@](c2ccccc2)(c2cccc(NC(=O)c3ccco3)c2)C(=O)N1C,False
BACE1,5i3v,68M,404,30,17,72.441,0.567,0.433,A,68M,68M,68M,,Cc1cccnc1c2ccc3c(c2)cc(c(n3)N)C[C@@H](C)C(=O)NCCC(C)(C)C,False,,Cc1cccnc1-c1ccc2nc(N)c(C[C@@H](C)C(=O)NCCC(C)(C)C)cc2c1,False
BACE1,5i3w,68L,406,35,19,76.054,0.543,0.457,A,68L,68L,68L,,c1cc2c(cc1NC(=O)c3ccc(cn3)Cl)[C@@]4(COC(=N4)N)c5cc(ncc5O2)C6=CCCOC6,False,,NC1=N[C@@]2(CO1)c1cc(NC(=O)c3ccc(Cl)cn3)ccc1Oc1cnc(C3=CCCOC3)cc12,False
BACE1,5i3x,68J,401,44,18,119.206,0.409,0.591,A,68J,68J,68J,,CC(C)(C)CCNC(=O)CCc1cc2cc(ccc2nc1N)c3ccccc3C#CCC4(CC4)NC(=O)c5ccc(cc5)F,False,,CC(C)(C)CCNC(=O)CCc1cc2cc(-c3ccccc3C#CCC3(NC(=O)c4ccc(F)cc4)CC3)ccc2nc1N,False
BACE1,5i3y,68K,401,46,24,115.416,0.522,0.478,A,68K,68K,68K,,CC(C)(C)CCNC(=O)CCc1cc2cc(ccc2nc1N)c3ccccc3CCc4ccc(cn4)NC(=O)c5ccc(cc5)F,False,,CC(C)(C)CCNC(=O)CCc1cc2cc(-c3ccccc3CCc3ccc(NC(=O)c4ccc(F)cc4)cn3)ccc2nc1N,False
BACE1,5mco,BSD,501,47,9,98.327,0.191,0.809,A,BSD,BSD,BSD,,C[C@H](c1ccccc1)NC(=O)c2cc(cc(c2)[N@@](C)S(=O)(=O)C)C(=O)N[C@@H](Cc3ccccc3)[C@@H](CNCc4cccc(c4)OC)O,False,,COc1cccc(CNC[C@@H](O)[C@H](Cc2ccccc2)NC(=O)c2cc(C(=O)N[C@H](C)c3ccccc3)cc(N(C)S(C)(=O)=O)c2)c1,False
BACE1,5ie1,6BS,407,29,19,99.557,0.655,0.345,A,6BS,6BS,6BS,,Cc1ccccc1c2ccc3c(c2)cc(c(n3)N)CCC(=O)NCCC(C)(C)C,False,,Cc1ccccc1-c1ccc2nc(N)c(CCC(=O)NCCC(C)(C)C)cc2c1,False
BACE1,5mxd,III,701,18,7,101.327,0.389,0.611,A,III,III,III,,CN(C)c1c2ccccc2nc(n1)N3CCCC3,False,,CN(C)c1nc(N2CCCC2)nc2ccccc12,False
BACE1,5mxd,III,701,18,13,121.856,0.722,0.278,B,III,III,III,,CN(C)c1c2ccccc2nc(n1)N3CCCC3,False,,CN(C)c1nc(N2CCCC2)nc2ccccc12,False
BACE1,5mxd,III,701,18,15,143.138,0.833,0.167,C,III,III,III,,CN(C)c1c2ccccc2nc(n1)N3CCCC3,False,,CN(C)c1nc(N2CCCC2)nc2ccccc12,False
BACE1,5qco,E4A,401,42,20,156.311,0.476,0.524,A,E4A,E4A,E4A,,CC(C)c1cccc(c1)C2(CC2)NC[C@H]([C@@H]3Cc4cccc(c4)OCCCCNc5cc(cc(c5)C(=O)C)C(=O)N3)O,False,,CC(=O)c1cc2cc(c1)C(=O)N[C@H]([C@H](O)CNC1(c3cccc(C(C)C)c3)CC1)Cc1cccc(c1)OCCCCN2,False
BACE1,5qco,E4A,401,42,25,146.672,0.595,0.405,B,E4A,E4A,E4A,,CC(C)c1cccc(c1)C2(CC2)NC[C@H]([C@@H]3Cc4cccc(c4)OCCCCNc5cc(cc(c5)C(=O)C)C(=O)N3)O,False,,CC(=O)c1cc2cc(c1)C(=O)N[C@H]([C@H](O)CNC1(c3cccc(C(C)C)c3)CC1)Cc1cccc(c1)OCCCCN2,False
BACE1,5qco,E4A,401,42,20,143.44,0.476,0.524,C,E4A,E4A,E4A,,CC(C)c1cccc(c1)C2(CC2)NC[C@H]([C@@H]3Cc4cccc(c4)OCCCCNc5cc(cc(c5)C(=O)C)C(=O)N3)O,False,,CC(=O)c1cc2cc(c1)C(=O)N[C@H]([C@H](O)CNC1(c3cccc(C(C)C)c3)CC1)Cc1cccc(c1)OCCCCN2,False
BACE1,5qcp,E4G,401,42,14,116.323,0.333,0.667,A,E4G,E4G,E4G,,CC(C)c1cccc(c1)CNC[C@H]([C@@H]2Cc3cccc(c3)OCCCCOc4cc(cc(c4)OCC(=O)C)C(=O)N2)O,False,,CC(=O)COc1cc2cc(c1)C(=O)N[C@H]([C@H](O)CNCc1cccc(C(C)C)c1)Cc1cccc(c1)OCCCCO2,False
BACE1,5qcp,E4G,401,42,12,109.349,0.286,0.714,B,E4G,E4G,E4G,,CC(C)c1cccc(c1)CNC[C@H]([C@@H]2Cc3cccc(c3)OCCCCOc4cc(cc(c4)OCC(=O)C)C(=O)N2)O,False,,CC(=O)COc1cc2cc(c1)C(=O)N[C@H]([C@H](O)CNCc1cccc(C(C)C)c1)Cc1cccc(c1)OCCCCO2,False
BACE1,5qcp,E4G,401,42,17,118.738,0.405,0.595,C,E4G,E4G,E4G,,CC(C)c1cccc(c1)CNC[C@H]([C@@H]2Cc3cccc(c3)OCCCCOc4cc(cc(c4)OCC(=O)C)C(=O)N2)O,False,,CC(=O)COc1cc2cc(c1)C(=O)N[C@H]([C@H](O)CNCc1cccc(C(C)C)c1)Cc1cccc(c1)OCCCCO2,False
BACE1,5qcq,AFJ,401,33,12,88.557,0.364,0.636,A,AFJ,AFJ,AFJ,,CCCCNC(=O)[C@H](C)C[C@@H]([C@H](CC(C)C)NC(=O)[C@H](CCSC)NC(=O)CCC(C)C)O,False,,CCCCNC(=O)[C@H](C)C[C@H](O)[C@H](CC(C)C)NC(=O)[C@H](CCSC)NC(=O)CCC(C)C,False
BACE1,5qcq,AFJ,401,33,14,94.358,0.424,0.576,B,AFJ,AFJ,AFJ,,CCCCNC(=O)[C@H](C)C[C@@H]([C@H](CC(C)C)NC(=O)[C@H](CCSC)NC(=O)CCC(C)C)O,False,,CCCCNC(=O)[C@H](C)C[C@H](O)[C@H](CC(C)C)NC(=O)[C@H](CCSC)NC(=O)CCC(C)C,False
BACE1,5qcq,AFJ,401,33,14,99.21,0.424,0.576,C,AFJ,AFJ,AFJ,,CCCCNC(=O)[C@H](C)C[C@@H]([C@H](CC(C)C)NC(=O)[C@H](CCSC)NC(=O)CCC(C)C)O,False,,CCCCNC(=O)[C@H](C)C[C@H](O)[C@H](CC(C)C)NC(=O)[C@H](CCSC)NC(=O)CCC(C)C,False
BACE1,5qcr,E4J,401,36,9,80.556,0.25,0.75,A,E4J,E4J,E4J,,CCCCNc1cc(cc(n1)OC)C(=O)N[C@@H](Cc2ccccc2)[C@H](C[C@@H](C)C(=O)NCCCC)O,False,,CCCCNC(=O)[C@H](C)C[C@H](O)[C@H](Cc1ccccc1)NC(=O)c1cc(NCCCC)nc(OC)c1,False
BACE1,5qcr,E4J,401,36,10,75.884,0.278,0.722,B,E4J,E4J,E4J,,CCCCNc1cc(cc(n1)OC)C(=O)N[C@@H](Cc2ccccc2)[C@H](C[C@@H](C)C(=O)NCCCC)O,False,,CCCCNC(=O)[C@H](C)C[C@H](O)[C@H](Cc1ccccc1)NC(=O)c1cc(NCCCC)nc(OC)c1,False
BACE1,5qcr,E4J,401,36,11,79.463,0.306,0.694,C,E4J,E4J,E4J,,CCCCNc1cc(cc(n1)OC)C(=O)N[C@@H](Cc2ccccc2)[C@H](C[C@@H](C)C(=O)NCCCC)O,False,,CCCCNC(=O)[C@H](C)C[C@H](O)[C@H](Cc1ccccc1)NC(=O)c1cc(NCCCC)nc(OC)c1,False
BACE1,5qcs,AXF,401,34,14,70.5,0.412,0.588,A,AXF,AXF,AXF,,CCCCNC(=O)[C@H](C)C[C@@H]([C@@H]1CSC\C=C\CS[C@H]2CCCN[C@H]2C(=O)N[C@H](C(=O)N1)C)O,False,,CCCCNC(=O)[C@H](C)C[C@H](O)[C@@H]1CSC/C=C/CS[C@H]2CCCN[C@H]2C(=O)N[C@@H](C)C(=O)N1,False
BACE1,5qcs,AXF,401,34,13,66.798,0.382,0.618,B,AXF,AXF,AXF,,CCCCNC(=O)[C@H](C)C[C@@H]([C@@H]1CSC\C=C\CS[C@H]2CCCN[C@H]2C(=O)N[C@H](C(=O)N1)C)O,False,,CCCCNC(=O)[C@H](C)C[C@H](O)[C@@H]1CSC/C=C/CS[C@H]2CCCN[C@H]2C(=O)N[C@@H](C)C(=O)N1,False
BACE1,5qcs,AXF,401,34,10,60.839,0.294,0.706,C,AXF,AXF,AXF,,CCCCNC(=O)[C@H](C)C[C@@H]([C@@H]1CSC\C=C\CS[C@H]2CCCN[C@H]2C(=O)N[C@H](C(=O)N1)C)O,False,,CCCCNC(=O)[C@H](C)C[C@H](O)[C@@H]1CSC/C=C/CS[C@H]2CCCN[C@H]2C(=O)N[C@@H](C)C(=O)N1,False
BACE1,5qct,E4Y,401,38,15,119.129,0.395,0.605,A,E4Y,E4Y,E4Y,,CCCCNC(=O)[C@H](C)C[C@@H]([C@@H]1C[C@@H](CCCCCN(C(=O)c2cc(cc(c2)OCC)C(=O)N1)CC)C)O,False,,CCCCNC(=O)[C@H](C)C[C@H](O)[C@@H]1C[C@H](C)CCCCCN(CC)C(=O)c2cc(OCC)cc(c2)C(=O)N1,False
BACE1,5qct,E4Y,401,38,15,114.707,0.395,0.605,B,E4Y,E4Y,E4Y,,CCCCNC(=O)[C@H](C)C[C@@H]([C@@H]1C[C@@H](CCCCCN(C(=O)c2cc(cc(c2)OCC)C(=O)N1)CC)C)O,False,,CCCCNC(=O)[C@H](C)C[C@H](O)[C@@H]1C[C@H](C)CCCCCN(CC)C(=O)c2cc(OCC)cc(c2)C(=O)N1,False
BACE1,5qct,E4Y,401,38,15,128.948,0.395,0.605,C,E4Y,E4Y,E4Y,,CCCCNC(=O)[C@H](C)C[C@@H]([C@@H]1C[C@@H](CCCCCN(C(=O)c2cc(cc(c2)OCC)C(=O)N1)CC)C)O,False,,CCCCNC(=O)[C@H](C)C[C@H](O)[C@@H]1C[C@H](C)CCCCCN(CC)C(=O)c2cc(OCC)cc(c2)C(=O)N1,False
BACE1,5qcu,E51,401,34,13,76.572,0.382,0.618,A,E51,E51,E51,,CCCCNC(=O)[C@H](C)C[C@@H]([C@@H]1C[C@@H](CCc2cccc(c2)CS(=O)(=O)C[C@H](C(=O)N1)C)C)O,False,,CCCCNC(=O)[C@H](C)C[C@H](O)[C@@H]1C[C@H](C)CCc2cccc(c2)CS(=O)(=O)C[C@@H](C)C(=O)N1,False
BACE1,5qcu,E51,401,34,12,74.955,0.353,0.647,B,E51,E51,E51,,CCCCNC(=O)[C@H](C)C[C@@H]([C@@H]1C[C@@H](CCc2cccc(c2)CS(=O)(=O)C[C@H](C(=O)N1)C)C)O,False,,CCCCNC(=O)[C@H](C)C[C@H](O)[C@@H]1C[C@H](C)CCc2cccc(c2)CS(=O)(=O)C[C@@H](C)C(=O)N1,False
BACE1,5qcu,E51,401,34,12,81.266,0.353,0.647,C,E51,E51,E51,,CCCCNC(=O)[C@H](C)C[C@@H]([C@@H]1C[C@@H](CCc2cccc(c2)CS(=O)(=O)C[C@H](C(=O)N1)C)C)O,False,,CCCCNC(=O)[C@H](C)C[C@H](O)[C@@H]1C[C@H](C)CCc2cccc(c2)CS(=O)(=O)C[C@@H](C)C(=O)N1,False
BACE1,5qcv,E5A,401,37,16,81.574,0.432,0.568,A,E5A,E5A,E5A,,C[C@H]1C(=O)N[C@@H](Cc2cccc(c2)OCCCCCC(=O)N1C)[C@@H](CNCc3cccc(c3)C(C)C)O,False,,CC(C)c1cccc(CNC[C@@H](O)[C@@H]2Cc3cccc(c3)OCCCCCC(=O)N(C)[C@@H](C)C(=O)N2)c1,False
BACE1,5qcv,E5A,401,37,16,81.302,0.432,0.568,B,E5A,E5A,E5A,,C[C@H]1C(=O)N[C@@H](Cc2cccc(c2)OCCCCCC(=O)N1C)[C@@H](CNCc3cccc(c3)C(C)C)O,False,,CC(C)c1cccc(CNC[C@@H](O)[C@@H]2Cc3cccc(c3)OCCCCCC(=O)N(C)[C@@H](C)C(=O)N2)c1,False
BACE1,5qcv,E5A,401,37,17,90.827,0.459,0.541,C,E5A,E5A,E5A,,C[C@H]1C(=O)N[C@@H](Cc2cccc(c2)OCCCCCC(=O)N1C)[C@@H](CNCc3cccc(c3)C(C)C)O,False,,CC(C)c1cccc(CNC[C@@H](O)[C@@H]2Cc3cccc(c3)OCCCCCC(=O)N(C)[C@@H](C)C(=O)N2)c1,False
BACE1,5qcw,AR9,401,31,15,67.109,0.484,0.516,A,AR9,AR9,AR9,,CCCCNC(=O)[C@H](C)C[C@@H]([C@@H]1C[C@@H](CCCCCCCC(=O)N[C@H](C(=O)N1)C)C)O,False,,CCCCNC(=O)[C@H](C)C[C@H](O)[C@@H]1C[C@H](C)CCCCCCCC(=O)N[C@@H](C)C(=O)N1,False
BACE1,5qcw,AR9,401,31,14,77.705,0.452,0.548,B,AR9,AR9,AR9,,CCCCNC(=O)[C@H](C)C[C@@H]([C@@H]1C[C@@H](CCCCCCCC(=O)N[C@H](C(=O)N1)C)C)O,False,,CCCCNC(=O)[C@H](C)C[C@H](O)[C@@H]1C[C@H](C)CCCCCCCC(=O)N[C@@H](C)C(=O)N1,False
BACE1,5qcx,E5D,401,37,15,83.603,0.405,0.595,A,E5D,E5D,E5D,,CCN1CCCCC[C@H](C[C@H](NC(=O)c2cccc(c2)C1=O)[C@@H](CNCc3cccc(c3)C(C)C)O)C,False,,CCN1CCCCC[C@@H](C)C[C@@H]([C@H](O)CNCc2cccc(C(C)C)c2)NC(=O)c2cccc(c2)C1=O,False
BACE1,5qcw,AR9,401,31,14,68.044,0.452,0.548,C,AR9,AR9,AR9,,CCCCNC(=O)[C@H](C)C[C@@H]([C@@H]1C[C@@H](CCCCCCCC(=O)N[C@H](C(=O)N1)C)C)O,False,,CCCCNC(=O)[C@H](C)C[C@H](O)[C@@H]1C[C@H](C)CCCCCCCC(=O)N[C@@H](C)C(=O)N1,False
BACE1,5qcx,E5D,401,37,13,75.4,0.351,0.649,B,E5D,E5D,E5D,,CCN1CCCCC[C@H](C[C@H](NC(=O)c2cccc(c2)C1=O)[C@@H](CNCc3cccc(c3)C(C)C)O)C,False,,CCN1CCCCC[C@@H](C)C[C@@H]([C@H](O)CNCc2cccc(C(C)C)c2)NC(=O)c2cccc(c2)C1=O,False
BACE1,5qcx,E5D,401,37,15,86.018,0.405,0.595,C,E5D,E5D,E5D,,CCN1CCCCC[C@H](C[C@H](NC(=O)c2cccc(c2)C1=O)[C@@H](CNCc3cccc(c3)C(C)C)O)C,False,,CCN1CCCCC[C@@H](C)C[C@@H]([C@H](O)CNCc2cccc(C(C)C)c2)NC(=O)c2cccc(c2)C1=O,False
BACE1,5qcy,E5P,401,48,21,122.542,0.438,0.562,A,E5P,E5P,E5P,,C[C@@H]1CCCCCN(C(=O)c2cc(cc(c2)C(=O)N[C@@H](C1)[C@@H](CNCc3cccc(c3)C(C)C)O)c4ncco4)[C@H](C)c5ccccc5,False,,CC(C)c1cccc(CNC[C@@H](O)[C@@H]2C[C@H](C)CCCCCN([C@H](C)c3ccccc3)C(=O)c3cc(cc(-c4ncco4)c3)C(=O)N2)c1,False
BACE1,5qcy,E5P,401,48,19,126.279,0.396,0.604,B,E5P,E5P,E5P,,C[C@@H]1CCCCCN(C(=O)c2cc(cc(c2)C(=O)N[C@@H](C1)[C@@H](CNCc3cccc(c3)C(C)C)O)c4ncco4)[C@H](C)c5ccccc5,False,,CC(C)c1cccc(CNC[C@@H](O)[C@@H]2C[C@H](C)CCCCCN([C@H](C)c3ccccc3)C(=O)c3cc(cc(-c4ncco4)c3)C(=O)N2)c1,False
BACE1,5qcy,E5P,401,48,20,127.487,0.417,0.583,C,E5P,E5P,E5P,,C[C@@H]1CCCCCN(C(=O)c2cc(cc(c2)C(=O)N[C@@H](C1)[C@@H](CNCc3cccc(c3)C(C)C)O)c4ncco4)[C@H](C)c5ccccc5,False,,CC(C)c1cccc(CNC[C@@H](O)[C@@H]2C[C@H](C)CCCCCN([C@H](C)c3ccccc3)C(=O)c3cc(cc(-c4ncco4)c3)C(=O)N2)c1,False
BACE1,5qcz,E5V,401,37,19,123.073,0.514,0.486,A,E5V,E5V,E5V,,COCc1cc2cc(c1)NCCCCOc3cccc(c3)C[C@H](NC2=O)[C@@H]([C@H]4CO[C@H](CN4)COC)O,False,,COCc1cc2cc(c1)C(=O)N[C@H]([C@H](O)[C@H]1CO[C@@H](COC)CN1)Cc1cccc(c1)OCCCCN2,False
BACE1,5qcz,E5V,401,37,20,138.544,0.541,0.459,B,E5V,E5V,E5V,,COCc1cc2cc(c1)NCCCCOc3cccc(c3)C[C@H](NC2=O)[C@@H]([C@H]4CO[C@H](CN4)COC)O,False,,COCc1cc2cc(c1)C(=O)N[C@H]([C@H](O)[C@H]1CO[C@@H](COC)CN1)Cc1cccc(c1)OCCCCN2,False
BACE1,5qcz,E5V,401,37,19,125.896,0.514,0.486,C,E5V,E5V,E5V,,COCc1cc2cc(c1)NCCCCOc3cccc(c3)C[C@H](NC2=O)[C@@H]([C@H]4CO[C@H](CN4)COC)O,False,,COCc1cc2cc(c1)C(=O)N[C@H]([C@H](O)[C@H]1CO[C@@H](COC)CN1)Cc1cccc(c1)OCCCCN2,False
BACE1,5qd0,E5Y,401,34,13,71.458,0.382,0.618,A,E5Y,E5Y,E5Y,,CCCc1cc(n[nH]1)CNC[C@H]([C@@H]2C[C@@H](CCCCCCOCC(=O)N([C@H](C(=O)N2)C)C)C)O,False,,CCCc1cc(CNC[C@@H](O)[C@@H]2C[C@H](C)CCCCCCOCC(=O)N(C)[C@@H](C)C(=O)N2)n[nH]1,False
BACE1,5qd0,E5Y,401,34,15,76.174,0.441,0.559,B,E5Y,E5Y,E5Y,,CCCc1cc(n[nH]1)CNC[C@H]([C@@H]2C[C@@H](CCCCCCOCC(=O)N([C@H](C(=O)N2)C)C)C)O,False,,CCCc1cc(CNC[C@@H](O)[C@@H]2C[C@H](C)CCCCCCOCC(=O)N(C)[C@@H](C)C(=O)N2)n[nH]1,False
BACE1,5qd1,E61,401,38,18,119.876,0.474,0.526,A,E61,E61,E61,,C[C@@H]1CCOCCCCNc2cc(cc(c2)C(=O)N[C@@H](C1)[C@@H](CNCc3cccc(c3)C(C)C)O)COC,False,,COCc1cc2cc(c1)C(=O)N[C@H]([C@H](O)CNCc1cccc(C(C)C)c1)C[C@H](C)CCOCCCCN2,False
BACE1,5qd0,E5Y,401,34,15,83.42,0.441,0.559,C,E5Y,E5Y,E5Y,,CCCc1cc(n[nH]1)CNC[C@H]([C@@H]2C[C@@H](CCCCCCOCC(=O)N([C@H](C(=O)N2)C)C)C)O,False,,CCCc1cc(CNC[C@@H](O)[C@@H]2C[C@H](C)CCCCCCOCC(=O)N(C)[C@@H](C)C(=O)N2)n[nH]1,False
BACE1,5qd1,E61,401,38,16,112.903,0.421,0.579,B,E61,E61,E61,,C[C@@H]1CCOCCCCNc2cc(cc(c2)C(=O)N[C@@H](C1)[C@@H](CNCc3cccc(c3)C(C)C)O)COC,False,,COCc1cc2cc(c1)C(=O)N[C@H]([C@H](O)CNCc1cccc(C(C)C)c1)C[C@H](C)CCOCCCCN2,False
BACE1,5qd2,E6J,401,40,15,101.559,0.375,0.625,A,E6J,E6J,E6J,,CC(C)c1cccc(c1)CNC[C@H]([C@@H]2Cc3cccc(c3)OCCCCOc4cc(cc(c4)C(=O)N2)COC)O,False,,COCc1cc2cc(c1)C(=O)N[C@H]([C@H](O)CNCc1cccc(C(C)C)c1)Cc1cccc(c1)OCCCCO2,False
BACE1,5qd2,E6J,401,40,14,99.144,0.35,0.65,B,E6J,E6J,E6J,,CC(C)c1cccc(c1)CNC[C@H]([C@@H]2Cc3cccc(c3)OCCCCOc4cc(cc(c4)C(=O)N2)COC)O,False,,COCc1cc2cc(c1)C(=O)N[C@H]([C@H](O)CNCc1cccc(C(C)C)c1)Cc1cccc(c1)OCCCCO2,False
BACE1,5qd1,E61,401,38,18,121.106,0.474,0.526,C,E61,E61,E61,,C[C@@H]1CCOCCCCNc2cc(cc(c2)C(=O)N[C@@H](C1)[C@@H](CNCc3cccc(c3)C(C)C)O)COC,False,,COCc1cc2cc(c1)C(=O)N[C@H]([C@H](O)CNCc1cccc(C(C)C)c1)C[C@H](C)CCOCCCCN2,False
BACE1,5qd2,E6J,401,40,14,107.597,0.35,0.65,C,E6J,E6J,E6J,,CC(C)c1cccc(c1)CNC[C@H]([C@@H]2Cc3cccc(c3)OCCCCOc4cc(cc(c4)C(=O)N2)COC)O,False,,COCc1cc2cc(c1)C(=O)N[C@H]([C@H](O)CNCc1cccc(C(C)C)c1)Cc1cccc(c1)OCCCCO2,False
BACE1,5qd3,E6M,401,38,19,113.039,0.5,0.5,A,E6M,E6M,E6M,,C[C@@H]1CCCCCCCNc2cc(cc(c2)C(=O)N[C@@H](C1)[C@@H](CNCc3cccc(c3)C(C)C)O)COC,False,,COCc1cc2cc(c1)C(=O)N[C@H]([C@H](O)CNCc1cccc(C(C)C)c1)C[C@H](C)CCCCCCCN2,False
BACE1,5qd3,E6M,401,38,17,111.467,0.447,0.553,B,E6M,E6M,E6M,,C[C@@H]1CCCCCCCNc2cc(cc(c2)C(=O)N[C@@H](C1)[C@@H](CNCc3cccc(c3)C(C)C)O)COC,False,,COCc1cc2cc(c1)C(=O)N[C@H]([C@H](O)CNCc1cccc(C(C)C)c1)C[C@H](C)CCCCCCCN2,False
BACE1,5qd4,AXQ,401,45,22,212.284,0.489,0.511,A,AXQ,AXQ,AXQ,,CCCCNC(=O)[C@H](C(C)C)NC(=O)[C@H](C)C[C@@H]([C@@H]1CSC\C=C\CSC[C@@H](C(=O)N[C@H](C(=O)N1)C)NC(=O)OC(C)(C)C)O,False,,CCCCNC(=O)[C@@H](NC(=O)[C@H](C)C[C@H](O)[C@@H]1CSC/C=C/CSC[C@H](NC(=O)OC(C)(C)C)C(=O)N[C@@H](C)C(=O)N1)C(C)C,False
BACE1,5qd3,E6M,401,38,16,111.695,0.421,0.579,C,E6M,E6M,E6M,,C[C@@H]1CCCCCCCNc2cc(cc(c2)C(=O)N[C@@H](C1)[C@@H](CNCc3cccc(c3)C(C)C)O)COC,False,,COCc1cc2cc(c1)C(=O)N[C@H]([C@H](O)CNCc1cccc(C(C)C)c1)C[C@H](C)CCCCCCCN2,False
BACE1,5qd4,AXQ,401,45,24,226.824,0.533,0.467,B,AXQ,AXQ,AXQ,,CCCCNC(=O)[C@H](C(C)C)NC(=O)[C@H](C)C[C@@H]([C@@H]1CSC\C=C\CSC[C@@H](C(=O)N[C@H](C(=O)N1)C)NC(=O)OC(C)(C)C)O,False,,CCCCNC(=O)[C@@H](NC(=O)[C@H](C)C[C@H](O)[C@@H]1CSC/C=C/CSC[C@H](NC(=O)OC(C)(C)C)C(=O)N[C@@H](C)C(=O)N1)C(C)C,False
BACE1,5qd5,E6P,401,36,16,88.173,0.444,0.556,A,E6P,E6P,E6P,,C[C@@H]1CCOCCCCNc2cc(cc(n2)Cl)C(=O)N[C@@H](C1)[C@@H](CNCc3cccc(c3)C(C)C)O,False,,CC(C)c1cccc(CNC[C@@H](O)[C@@H]2C[C@H](C)CCOCCCCNc3cc(cc(Cl)n3)C(=O)N2)c1,False
BACE1,5qd4,AXQ,401,45,25,211.235,0.556,0.444,C,AXQ,AXQ,AXQ,,CCCCNC(=O)[C@H](C(C)C)NC(=O)[C@H](C)C[C@@H]([C@@H]1CSC\C=C\CSC[C@@H](C(=O)N[C@H](C(=O)N1)C)NC(=O)OC(C)(C)C)O,False,,CCCCNC(=O)[C@@H](NC(=O)[C@H](C)C[C@H](O)[C@@H]1CSC/C=C/CSC[C@H](NC(=O)OC(C)(C)C)C(=O)N[C@@H](C)C(=O)N1)C(C)C,False
BACE1,5qd5,E6P,401,36,17,94.25,0.472,0.528,B,E6P,E6P,E6P,,C[C@@H]1CCOCCCCNc2cc(cc(n2)Cl)C(=O)N[C@@H](C1)[C@@H](CNCc3cccc(c3)C(C)C)O,False,,CC(C)c1cccc(CNC[C@@H](O)[C@@H]2C[C@H](C)CCOCCCCNc3cc(cc(Cl)n3)C(=O)N2)c1,False
BACE1,5qd5,E6P,401,36,16,96.499,0.444,0.556,C,E6P,E6P,E6P,,C[C@@H]1CCOCCCCNc2cc(cc(n2)Cl)C(=O)N[C@@H](C1)[C@@H](CNCc3cccc(c3)C(C)C)O,False,,CC(C)c1cccc(CNC[C@@H](O)[C@@H]2C[C@H](C)CCOCCCCNc3cc(cc(Cl)n3)C(=O)N2)c1,False
BACE1,5qd6,E6S,401,36,16,81.574,0.444,0.556,A,E6S,E6S,E6S,,C[C@@H]1CCCCCCCCC(=O)N([C@H](C(=O)N[C@@H](C1)C(CNCc2cccc(c2)C(C)C)(O)O)C)C,False,,CC(C)c1cccc(CNCC(O)(O)[C@@H]2C[C@H](C)CCCCCCCCC(=O)N(C)[C@@H](C)C(=O)N2)c1,False
BACE1,5qd6,E6S,401,36,16,83.989,0.444,0.556,B,E6S,E6S,E6S,,C[C@@H]1CCCCCCCCC(=O)N([C@H](C(=O)N[C@@H](C1)C(CNCc2cccc(c2)C(C)C)(O)O)C)C,False,,CC(C)c1cccc(CNCC(O)(O)[C@@H]2C[C@H](C)CCCCCCCCC(=O)N(C)[C@@H](C)C(=O)N2)c1,False
BACE1,5qd6,E6S,401,36,15,80.23,0.417,0.583,C,E6S,E6S,E6S,,C[C@@H]1CCCCCCCCC(=O)N([C@H](C(=O)N[C@@H](C1)C(CNCc2cccc(c2)C(C)C)(O)O)C)C,False,,CC(C)c1cccc(CNCC(O)(O)[C@@H]2C[C@H](C)CCCCCCCCC(=O)N(C)[C@@H](C)C(=O)N2)c1,False
BACE1,5qd7,0BI,401,42,23,127.144,0.548,0.452,A,0BI,0BI,0BI,,CC(C)c1cccc(c1)C2(CC2)NC[C@H]([C@@H]3Cc4cccc(c4)OCCCCNc5cc(cc(c5)C(=O)N3)COC)O,False,,COCc1cc2cc(c1)C(=O)N[C@H]([C@H](O)CNC1(c3cccc(C(C)C)c3)CC1)Cc1cccc(c1)OCCCCN2,False
BACE1,5qd7,0BI,401,42,23,124.684,0.548,0.452,B,0BI,0BI,0BI,,CC(C)c1cccc(c1)C2(CC2)NC[C@H]([C@@H]3Cc4cccc(c4)OCCCCNc5cc(cc(c5)C(=O)N3)COC)O,False,,COCc1cc2cc(c1)C(=O)N[C@H]([C@H](O)CNC1(c3cccc(C(C)C)c3)CC1)Cc1cccc(c1)OCCCCN2,False
BACE1,5qd7,0BI,401,42,24,141.658,0.571,0.429,C,0BI,0BI,0BI,,CC(C)c1cccc(c1)C2(CC2)NC[C@H]([C@@H]3Cc4cccc(c4)OCCCCNc5cc(cc(c5)C(=O)N3)COC)O,False,,COCc1cc2cc(c1)C(=O)N[C@H]([C@H](O)CNC1(c3cccc(C(C)C)c3)CC1)Cc1cccc(c1)OCCCCN2,False
BACE1,5qd8,E6V,401,40,17,82.237,0.425,0.575,A,E6V,E6V,E6V,,C[C@@H]1CCCCCCCCC(=O)N([C@H](C(=O)N[C@@H](C1)[C@@H](CN[C@H]2CC(Oc3c2cc(cc3)C(C)C)(C)C)O)C)C,False,,CC(C)c1ccc2c(c1)[C@@H](NC[C@@H](O)[C@@H]1C[C@H](C)CCCCCCCCC(=O)N(C)[C@@H](C)C(=O)N1)CC(C)(C)O2,False
BACE1,5qd8,E6V,401,40,15,81.965,0.375,0.625,B,E6V,E6V,E6V,,C[C@@H]1CCCCCCCCC(=O)N([C@H](C(=O)N[C@@H](C1)[C@@H](CN[C@H]2CC(Oc3c2cc(cc3)C(C)C)(C)C)O)C)C,False,,CC(C)c1ccc2c(c1)[C@@H](NC[C@@H](O)[C@@H]1C[C@H](C)CCCCCCCCC(=O)N(C)[C@@H](C)C(=O)N1)CC(C)(C)O2,False
BACE1,5qd8,E6V,401,40,16,90.418,0.4,0.6,C,E6V,E6V,E6V,,C[C@@H]1CCCCCCCCC(=O)N([C@H](C(=O)N[C@@H](C1)[C@@H](CN[C@H]2CC(Oc3c2cc(cc3)C(C)C)(C)C)O)C)C,False,,CC(C)c1ccc2c(c1)[C@@H](NC[C@@H](O)[C@@H]1C[C@H](C)CCCCCCCCC(=O)N(C)[C@@H](C)C(=O)N1)CC(C)(C)O2,False
BACE1,5qd9,E6Y,401,38,16,90.827,0.421,0.579,A,E6Y,E6Y,E6Y,,C[C@@H]1CCCCCCOCC(=O)N([C@H](C(=O)N[C@@H](C1)[C@@H](CNC2(CC2)c3cccc(c3)C(C)(C)C)O)C)C,False,,C[C@@H]1CCCCCCOCC(=O)N(C)[C@@H](C)C(=O)N[C@H]([C@H](O)CNC2(c3cccc(C(C)(C)C)c3)CC2)C1,False
BACE1,5qd9,E6Y,401,38,15,101.831,0.395,0.605,B,E6Y,E6Y,E6Y,,C[C@@H]1CCCCCCOCC(=O)N([C@H](C(=O)N[C@@H](C1)[C@@H](CNC2(CC2)c3cccc(c3)C(C)(C)C)O)C)C,False,,C[C@@H]1CCCCCCOCC(=O)N(C)[C@@H](C)C(=O)N[C@H]([C@H](O)CNC2(c3cccc(C(C)(C)C)c3)CC2)C1,False
BACE1,5qd9,E6Y,401,38,17,95.929,0.447,0.553,C,E6Y,E6Y,E6Y,,C[C@@H]1CCCCCCOCC(=O)N([C@H](C(=O)N[C@@H](C1)[C@@H](CNC2(CC2)c3cccc(c3)C(C)(C)C)O)C)C,False,,C[C@@H]1CCCCCCOCC(=O)N(C)[C@@H](C)C(=O)N[C@H]([C@H](O)CNC2(c3cccc(C(C)(C)C)c3)CC2)C1,False
BACE1,5qda,E74,401,38,19,118.762,0.5,0.5,A,E74,E74,E74,,CC(C)c1cccc(c1)CNC[C@H]([C@@H]2Cc3cccc(c3)CCCCNc4cc(cc(n4)OC)C(=O)N2)O,False,,COc1cc2cc(n1)NCCCCc1cccc(c1)C[C@@H]([C@H](O)CNCc1cccc(C(C)C)c1)NC2=O,False
BACE1,5qda,E74,401,38,21,117.146,0.553,0.447,B,E74,E74,E74,,CC(C)c1cccc(c1)CNC[C@H]([C@@H]2Cc3cccc(c3)CCCCNc4cc(cc(n4)OC)C(=O)N2)O,False,,COc1cc2cc(n1)NCCCCc1cccc(c1)C[C@@H]([C@H](O)CNCc1cccc(C(C)C)c1)NC2=O,False
BACE1,5qda,E74,401,38,19,114.889,0.5,0.5,C,E74,E74,E74,,CC(C)c1cccc(c1)CNC[C@H]([C@@H]2Cc3cccc(c3)CCCCNc4cc(cc(n4)OC)C(=O)N2)O,False,,COc1cc2cc(n1)NCCCCc1cccc(c1)C[C@@H]([C@H](O)CNCc1cccc(C(C)C)c1)NC2=O,False
BACE1,5qdb,BAV,401,35,13,82.509,0.371,0.629,A,BAV,BAV,BAV,,C[C@@H]1CCCCCCCCC(=O)N([C@H](C(=O)N[C@@H](C1)[C@@H](CNCc2cccc(c2)C(C)C)O)C)C,False,,CC(C)c1cccc(CNC[C@@H](O)[C@@H]2C[C@H](C)CCCCCCCCC(=O)N(C)[C@@H](C)C(=O)N2)c1,False
BACE1,5qdb,BAV,401,35,17,91.235,0.486,0.514,B,BAV,BAV,BAV,,C[C@@H]1CCCCCCCCC(=O)N([C@H](C(=O)N[C@@H](C1)[C@@H](CNCc2cccc(c2)C(C)C)O)C)C,False,,CC(C)c1cccc(CNC[C@@H](O)[C@@H]2C[C@H](C)CCCCCCCCC(=O)N(C)[C@@H](C)C(=O)N2)c1,False
BACE1,5qdb,BAV,401,35,18,93.378,0.514,0.486,C,BAV,BAV,BAV,,C[C@@H]1CCCCCCCCC(=O)N([C@H](C(=O)N[C@@H](C1)[C@@H](CNCc2cccc(c2)C(C)C)O)C)C,False,,CC(C)c1cccc(CNC[C@@H](O)[C@@H]2C[C@H](C)CCCCCCCCC(=O)N(C)[C@@H](C)C(=O)N2)c1,False
BACE1,5qdc,E77,402,32,10,104.229,0.312,0.688,A,E77,E77,E77,,CN(C)C(=O)c1cc2cc(c1)OCCCCOc3cccc(c3)C[C@H](NC2=O)[C@H](CO)O,False,,CN(C)C(=O)c1cc2cc(c1)C(=O)N[C@H]([C@@H](O)CO)Cc1cccc(c1)OCCCCO2,False
BACE1,5qdc,E77,402,32,10,93.769,0.312,0.688,B,E77,E77,E77,,CN(C)C(=O)c1cc2cc(c1)OCCCCOc3cccc(c3)C[C@H](NC2=O)[C@H](CO)O,False,,CN(C)C(=O)c1cc2cc(c1)C(=O)N[C@H]([C@@H](O)CO)Cc1cccc(c1)OCCCCO2,False
BACE1,5qdc,E77,402,32,11,98.349,0.344,0.656,C,E77,E77,E77,,CN(C)C(=O)c1cc2cc(c1)OCCCCOc3cccc(c3)C[C@H](NC2=O)[C@H](CO)O,False,,CN(C)C(=O)c1cc2cc(c1)C(=O)N[C@H]([C@@H](O)CO)Cc1cccc(c1)OCCCCO2,False
BACE1,5qdd,E7A,402,30,11,101.541,0.367,0.633,A,E7A,E7A,E7A,,C[C@@H]1CCCCCCCOc2cc(cc(c2)C(=O)N(C)C)C(=O)N[C@@H](C1)[C@H](CO)O,False,,C[C@@H]1CCCCCCCOc2cc(cc(C(=O)N(C)C)c2)C(=O)N[C@H]([C@@H](O)CO)C1,False
BACE1,5qdd,E7A,402,30,11,101.427,0.367,0.633,B,E7A,E7A,E7A,,C[C@@H]1CCCCCCCOc2cc(cc(c2)C(=O)N(C)C)C(=O)N[C@@H](C1)[C@H](CO)O,False,,C[C@@H]1CCCCCCCOc2cc(cc(C(=O)N(C)C)c2)C(=O)N[C@H]([C@@H](O)CO)C1,False
BACE1,5qdd,E7A,402,30,11,109.608,0.367,0.633,C,E7A,E7A,E7A,,C[C@@H]1CCCCCCCOc2cc(cc(c2)C(=O)N(C)C)C(=O)N[C@@H](C1)[C@H](CO)O,False,,C[C@@H]1CCCCCCCOc2cc(cc(C(=O)N(C)C)c2)C(=O)N[C@H]([C@@H](O)CO)C1,False
BACE1,5t1w,74B,401,28,15,105.051,0.536,0.464,A,74B,74B,74B,,c1c(c(cc(c1[C@]23CO[C@H](C[C@H]2CSC(=N3)N)CF)F)F)CNCC(F)(F)F,False,,NC1=N[C@@]2(c3cc(CNCC(F)(F)F)c(F)cc3F)CO[C@@H](CF)C[C@H]2CS1,False
BACE1,5t1u,P6U,401,25,15,114.836,0.6,0.4,A,P6U,P6U,P6U,,C[C@]1(CCSC(=N1)N)c2cc(c(cc2F)F)CNC3(CC3)C(F)(F)F,False,,C[C@@]1(c2cc(CNC3(C(F)(F)F)CC3)c(F)cc2F)CCSC(N)=N1,False
BACE1,5tol,7H3,501,27,15,103.395,0.556,0.444,A,7H3,7H3,7H3,,c1cc(c(cc1NC(=O)c2ccc(cn2)Br)[C@@]34[C@@H](CCO3)CSC(=N4)N)F,False,,NC1=N[C@@]2(c3cc(NC(=O)c4ccc(Br)cn4)ccc3F)OCC[C@H]2CS1,False
BACE1,5uyu,8QV,406,34,21,101.336,0.618,0.382,A,8QV,8QV,8QV,,CC#Cc1cc(cnc1)c2ccc3c(c2)[C@@]4(COC(=N4)N)c5cc(ncc5O3)C6=CCOCC6,False,,CC#Cc1cncc(-c2ccc3c(c2)[C@@]2(COC(N)=N2)c2cc(C4=CCOCC4)ncc2O3)c1,False
BACE1,5v0n,8W4,404,47,14,125.457,0.298,0.702,A,8W4,8W4,8W4,,CCc1cn2c3c1cc(cc3N(S(=O)(=O)C(C2)(C)C)C)C(=O)N[C@@H](Cc4ccccc4)[C@@H]([C@H]5C(=O)N(CCN5)Cc6ccccc6)O,False,,CCc1cn2c3c(cc(C(=O)N[C@@H](Cc4ccccc4)[C@H](O)[C@@H]4NCCN(Cc5ccccc5)C4=O)cc13)N(C)S(=O)(=O)C(C)(C)C2,False
BACE1,5v0n,8W4,405,47,13,133.638,0.277,0.723,B,8W4,8W4,8W4,,CCc1cn2c3c1cc(cc3N(S(=O)(=O)C(C2)(C)C)C)C(=O)N[C@@H](Cc4ccccc4)[C@@H]([C@H]5C(=O)N(CCN5)Cc6ccccc6)O,False,,CCc1cn2c3c(cc(C(=O)N[C@@H](Cc4ccccc4)[C@H](O)[C@@H]4NCCN(Cc5ccccc5)C4=O)cc13)N(C)S(=O)(=O)C(C)(C)C2,False
BACE1,5v0n,8W4,406,47,16,131.495,0.34,0.66,C,8W4,8W4,8W4,,CCc1cn2c3c1cc(cc3N(S(=O)(=O)C(C2)(C)C)C)C(=O)N[C@@H](Cc4ccccc4)[C@@H]([C@H]5C(=O)N(CCN5)Cc6ccccc6)O,False,,CCc1cn2c3c(cc(C(=O)N[C@@H](Cc4ccccc4)[C@H](O)[C@@H]4NCCN(Cc5ccccc5)C4=O)cc13)N(C)S(=O)(=O)C(C)(C)C2,False
BACE1,5ygy,0B6,509,28,18,132.56,0.643,0.357,A,0B6,0B6,0B6,,C[C@]1(C=C(OC(=N1)N)CF)c2cc(ccc2F)NC(=O)c3ccc(cn3)C#N,False,,C[C@@]1(c2cc(NC(=O)c3ccc(C#N)cn3)ccc2F)C=C(CF)OC(N)=N1,False
BACE1,5ygx,0B5,509,32,15,122.532,0.469,0.531,A,0B5,0B5,0B5,,C[C@]1([C@H]([C@H](OC(=N1)N)C(C)(F)F)F)c2cc(ccc2F)NC(=O)c3cnc(cn3)OCF,False,,CC(F)(F)[C@H]1OC(N)=N[C@](C)(c2cc(NC(=O)c3cnc(OCF)cn3)ccc2F)[C@H]1F,False
BACE1,6bfd,DJS,401,33,6,65.453,0.182,0.818,A,DJS,DJS,DJS,,CC[C@H](C)Nc1cc(cc(n1)S(=O)(=O)C)C(=O)N[C@@H](Cc2ccccc2)[C@@H]([C@H]3CCCN3)O,False,,CC[C@H](C)Nc1cc(C(=O)N[C@@H](Cc2ccccc2)[C@H](O)[C@H]2CCCN2)cc(S(C)(=O)=O)n1,False
BACE1,6bfd,DJS,401,33,7,61.58,0.212,0.788,B,DJS,DJS,DJS,,CC[C@H](C)Nc1cc(cc(n1)S(=O)(=O)C)C(=O)N[C@@H](Cc2ccccc2)[C@@H]([C@H]3CCCN3)O,False,,CC[C@H](C)Nc1cc(C(=O)N[C@@H](Cc2ccccc2)[C@H](O)[C@H]2CCCN2)cc(S(C)(=O)=O)n1,False
BACE1,6bfe,DJV,401,61,15,69.284,0.246,0.754,A,DJV,DJV,DJV,,CC(=O)N[C@@H](Cc1cc(cc(c1)F)F)[C@@H]([C@H]2C[C@H](CN2)OCC3CCCCC3)O,False,,CC(=O)N[C@@H](Cc1cc(F)cc(F)c1)[C@H](O)[C@H]1C[C@@H](OCC2CCCCC2)CN1,False
BACE1,6bfe,DJV,401,61,14,67.598,0.23,0.77,B,DJV,DJV,DJV,,CC(=O)N[C@@H](Cc1cc(cc(c1)F)F)[C@@H]([C@H]2C[C@H](CN2)OCC3CCCCC3)O,False,,CC(=O)N[C@@H](Cc1cc(F)cc(F)c1)[C@H](O)[C@H]1C[C@@H](OCC2CCCCC2)CN1,False
BACE1,6bfw,DK7,401,30,12,103.238,0.4,0.6,A,DK7,DK7,DK7,,CC(=O)N[C@@H](Cc1cc(cc(c1)F)F)[C@@H]([C@H]2CO[C@H](CN2)OCC3CCCCC3)O,False,,CC(=O)N[C@@H](Cc1cc(F)cc(F)c1)[C@H](O)[C@H]1CO[C@@H](OCC2CCCCC2)CN1,False
BACE1,6bfw,DK7,401,30,13,105.381,0.433,0.567,B,DK7,DK7,DK7,,CC(=O)N[C@@H](Cc1cc(cc(c1)F)F)[C@@H]([C@H]2CO[C@H](CN2)OCC3CCCCC3)O,False,,CC(=O)N[C@@H](Cc1cc(F)cc(F)c1)[C@H](O)[C@H]1CO[C@@H](OCC2CCCCC2)CN1,False
BACE1,6bfx,DKJ,401,61,20,98.201,0.328,0.672,A,DKJ,DKJ,DKJ,,C[C@H]1[C@@H](OC[C@@H](N1)[C@H]([C@H](Cc2cc(cc(c2)F)F)NC(=O)C)O)OCC(C)(C)C,False,,CC(=O)N[C@@H](Cc1cc(F)cc(F)c1)[C@H](O)[C@H]1CO[C@@H](OCC(C)(C)C)[C@H](C)N1,False
BACE1,6bfx,DKJ,401,61,21,97.524,0.344,0.656,B,DKJ,DKJ,DKJ,,C[C@H]1[C@@H](OC[C@@H](N1)[C@H]([C@H](Cc2cc(cc(c2)F)F)NC(=O)C)O)OCC(C)(C)C,False,,CC(=O)N[C@@H](Cc1cc(F)cc(F)c1)[C@H](O)[C@H]1CO[C@@H](OCC(C)(C)C)[C@H](C)N1,False
BACE1,6dhc,GHJ,401,93,28,161.942,0.301,0.699,A,GHJ,GHJ,GHJ,,C[C@H](C[C@@H]([C@H](CC(C)C)NC(=O)[C@H](CSC)NC(=O)[C@H]1[C@H]2CCO[C@H]2ON1)O)C(=O)N[C@@H](C(C)C)C(=O)NCC(C)C,False,,CSC[C@H](NC(=O)[C@@H]1NO[C@@H]2OCC[C@@H]21)C(=O)N[C@@H](CC(C)C)[C@@H](O)C[C@@H](C)C(=O)N[C@H](C(=O)NCC(C)C)C(C)C,False
BACE1,6c2i,EJ7,407,45,21,96.227,0.467,0.533,A,EJ7,EJ7,EJ7,,C[C@]1([C@H]2C[C@H]2OC(=N1)N)c3cc(ccc3F)NC(=O)c4cnc(cn4)OC,False,,COc1cnc(C(=O)Nc2ccc(F)c([C@@]3(C)N=C(N)O[C@@H]4C[C@@H]43)c2)cn1,False
BACE1,6dhc,GHJ,401,93,30,183.354,0.323,0.677,B,GHJ,GHJ,GHJ,,C[C@H](C[C@@H]([C@H](CC(C)C)NC(=O)[C@H](CSC)NC(=O)[C@H]1[C@H]2CCO[C@H]2ON1)O)C(=O)N[C@@H](C(C)C)C(=O)NCC(C)C,False,,CSC[C@H](NC(=O)[C@@H]1NO[C@@H]2OCC[C@@H]21)C(=O)N[C@@H](CC(C)C)[C@@H](O)C[C@@H](C)C(=O)N[C@H](C(=O)NCC(C)C)C(C)C,False
BACE1,6dhc,GHJ,401,93,25,172.935,0.269,0.731,C,GHJ,GHJ,GHJ,,C[C@H](C[C@@H]([C@H](CC(C)C)NC(=O)[C@H](CSC)NC(=O)[C@H]1[C@H]2CCO[C@H]2ON1)O)C(=O)N[C@@H](C(C)C)C(=O)NCC(C)C,False,,CSC[C@H](NC(=O)[C@@H]1NO[C@@H]2OCC[C@@H]21)C(=O)N[C@@H](CC(C)C)[C@@H](O)C[C@@H](C)C(=O)N[C@H](C(=O)NCC(C)C)C(C)C,False
BACE1,6dmi,5T5,504,28,16,117.552,0.571,0.429,A,5T5,5T5,5T5,,c1cc(ccc1[C@]2(COC(=N2)N)[C@@H]3C[C@H]3C(=O)c4cc(cnc4)Cl)OC(F)F,False,,NC1=N[C@](c2ccc(OC(F)F)cc2)([C@@H]2C[C@H]2C(=O)c2cncc(Cl)c2)CO1,False
BACE1,6e3z,HRV,401,30,19,113.768,0.633,0.367,A,HRV,HRV,HRV,,C[C@]1([C@@H](OCC(=N1)N)C(F)(F)F)c2cc(ccc2F)NC(=O)c3c(cc(cn3)Cl)Cl,False,,C[C@]1(c2cc(NC(=O)c3ncc(Cl)cc3Cl)ccc2F)N=C(N)CO[C@H]1C(F)(F)F,False
BACE1,6e3z,HRV,402,60,43,586.638,0.717,0.283,B,HRV,HRV,HRV,,C[C@]1([C@@H](OCC(=N1)N)C(F)(F)F)c2cc(ccc2F)NC(=O)c3c(cc(cn3)Cl)Cl,False,,C[C@]1(c2cc(NC(=O)c3ncc(Cl)cc3Cl)ccc2F)N=C(N)CO[C@H]1C(F)(F)F,False
BACE1,6e3z,HRV,401,30,17,114.321,0.567,0.433,C,HRV,HRV,HRV,,C[C@]1([C@@H](OCC(=N1)N)C(F)(F)F)c2cc(ccc2F)NC(=O)c3c(cc(cn3)Cl)Cl,False,,C[C@]1(c2cc(NC(=O)c3ncc(Cl)cc3Cl)ccc2F)N=C(N)CO[C@H]1C(F)(F)F,False
BACE1,6eqm,BUH,401,34,19,129.798,0.559,0.441,A,BUH,BUH,BUH,,C[C@]1(CO[C@@](C(=N1)N)(C)C(F)(F)F)c2c(ccc(n2)NC(=O)c3c(cc(cn3)C(F)(F)F)Cl)F,False,,C[C@@]1(c2nc(NC(=O)c3ncc(C(F)(F)F)cc3Cl)ccc2F)CO[C@@](C)(C(F)(F)F)C(N)=N1,False
BACE1,6jsf,C7X,510,33,14,57.835,0.424,0.576,A,C7X,C7X,C7X,,C[C@]1([C@@H](CSC(=N1)N)c2ccccc2)c3cc(ccc3F)NC(=O)c4cnc(cn4)OCF,False,,C[C@]1(c2cc(NC(=O)c3cnc(OCF)cn3)ccc2F)N=C(N)SC[C@H]1c1ccccc1,False
BACE1,6fgy,D9W,501,24,13,81.402,0.542,0.458,A,D9W,D9W,D9W,,C[C@]1(COCC(=N1)N)c2cccc(c2)NC(=O)c3ccc(cn3)Br,False,,C[C@@]1(c2cccc(NC(=O)c3ccc(Br)cn3)c2)COCC(N)=N1,False
BACE1,6jse,C6R,508,33,15,73.388,0.455,0.545,A,C6R,C6R,C6R,,C[C@]1([C@H](CSC(=N1)N)c2ccccc2)c3cc(ccc3F)NC(=O)c4cnc(cn4)OCF,False,,C[C@]1(c2cc(NC(=O)c3cnc(OCF)cn3)ccc2F)N=C(N)SC[C@@H]1c1ccccc1,False
BACE1,6jsg,C6U,507,25,16,104.126,0.64,0.36,A,C6U,C6U,C6U,,C[C@]1(CCSC(=N1)N)c2cc(ccc2F)NC(=O)c3ccc(cn3)Cl,False,,C[C@@]1(c2cc(NC(=O)c3ccc(Cl)cn3)ccc2F)CCSC(N)=N1,False
BACE1,6jsn,C7O,508,34,20,179.746,0.588,0.412,A,C7O,C7O,C7O,,C[C@]1(C2(CCS(=O)(=O)CC2)CSC(=N1)N)c3cc(ccc3F)NC(=O)c4cnc(cn4)OCF,False,,C[C@]1(c2cc(NC(=O)c3cnc(OCF)cn3)ccc2F)N=C(N)SCC12CCS(=O)(=O)CC2,False
BACE1,6jt3,C83,505,29,15,104.198,0.517,0.483,A,C83,C83,C83,,C[C@@H]1[C@@H]([C@@](N=C(S1)N)(C)c2cc(ccc2F)NC(=O)c3cnc(cn3)OCF)F,False,,C[C@H]1SC(N)=N[C@](C)(c2cc(NC(=O)c3cnc(OCF)cn3)ccc2F)[C@H]1F,False
BACE1,6jt4,C86,506,31,19,119.903,0.613,0.387,A,C86,C86,C86,,C[C@]1(C[C@H](SC(=N1)N)C(F)(F)F)c2cc(ccc2F)NC(=O)c3cnc(cn3)OCF,False,,C[C@@]1(c2cc(NC(=O)c3cnc(OCF)cn3)ccc2F)C[C@@H](C(F)(F)F)SC(N)=N1,False
BACE1,6nv7,L3J,401,42,12,112.972,0.286,0.714,A,L3J,L3J,L3J,,CCCN(c1cc2cc(c1)C(=O)N[C@@H](Cc3cccc(c3)CCCC2)CN[C@H]([C@H](C)O)C(=O)/N=C/C(C)C)S(=O)(=O)C,False,,CCCN(c1cc2cc(c1)C(=O)N[C@H](CN[C@@H](C(=O)/N=C/C(C)C)[C@H](C)O)Cc1cccc(c1)CCCC2)S(C)(=O)=O,False
BACE1,6nv7,L3J,401,42,12,119.283,0.286,0.714,B,L3J,L3J,L3J,,CCCN(c1cc2cc(c1)C(=O)N[C@@H](Cc3cccc(c3)CCCC2)CN[C@H]([C@H](C)O)C(=O)/N=C/C(C)C)S(=O)(=O)C,False,,CCCN(c1cc2cc(c1)C(=O)N[C@H](CN[C@@H](C(=O)/N=C/C(C)C)[C@H](C)O)Cc1cccc(c1)CCCC2)S(C)(=O)=O,False
BACE1,6nv9,L3M,401,96,19,122.166,0.198,0.802,A,L3M,L3M,L3M,,CCC[C@@H]([C@@H](C(=O)NCC(C)C)NC[C@@H]1Cc2cccc(c2)CCCCc3cc(cc(c3)N(CCC)S(=O)(=O)C)C(=O)N1)O,False,,CCC[C@H](O)[C@H](NC[C@@H]1Cc2cccc(c2)CCCCc2cc(cc(N(CCC)S(C)(=O)=O)c2)C(=O)N1)C(=O)NCC(C)C,False
BACE1,6nv9,L3M,401,96,19,128.325,0.198,0.802,B,L3M,L3M,L3M,,CCC[C@@H]([C@@H](C(=O)NCC(C)C)NC[C@@H]1Cc2cccc(c2)CCCCc3cc(cc(c3)N(CCC)S(=O)(=O)C)C(=O)N1)O,False,,CCC[C@H](O)[C@H](NC[C@@H]1Cc2cccc(c2)CCCCc2cc(cc(N(CCC)S(C)(=O)=O)c2)C(=O)N1)C(=O)NCC(C)C,False
BACE1,6nv7,L3J,401,42,16,125.984,0.381,0.619,C,L3J,L3J,L3J,,CCCN(c1cc2cc(c1)C(=O)N[C@@H](Cc3cccc(c3)CCCC2)CN[C@H]([C@H](C)O)C(=O)/N=C/C(C)C)S(=O)(=O)C,False,,CCCN(c1cc2cc(c1)C(=O)N[C@H](CN[C@@H](C(=O)/N=C/C(C)C)[C@H](C)O)Cc1cccc(c1)CCCC2)S(C)(=O)=O,False
BACE1,6nw3,L4J,401,43,13,97.137,0.302,0.698,A,L4J,L4J,L4J,,CCCC[C@@H](C(=O)NCC(C)C)NC[C@@H]1Cc2cccc(c2)CCCCc3cc(cc(c3)N(CCC)S(=O)(=O)C)C(=O)N1,False,,CCCC[C@H](NC[C@@H]1Cc2cccc(c2)CCCCc2cc(cc(N(CCC)S(C)(=O)=O)c2)C(=O)N1)C(=O)NCC(C)C,False
BACE1,6nw3,L4J,401,43,12,100.76,0.279,0.721,B,L4J,L4J,L4J,,CCCC[C@@H](C(=O)NCC(C)C)NC[C@@H]1Cc2cccc(c2)CCCCc3cc(cc(c3)N(CCC)S(=O)(=O)C)C(=O)N1,False,,CCCC[C@H](NC[C@@H]1Cc2cccc(c2)CCCCc2cc(cc(N(CCC)S(C)(=O)=O)c2)C(=O)N1)C(=O)NCC(C)C,False
BACE1,6nv9,L3M,401,96,18,127.165,0.188,0.812,C,L3M,L3M,L3M,,CCC[C@@H]([C@@H](C(=O)NCC(C)C)NC[C@@H]1Cc2cccc(c2)CCCCc3cc(cc(c3)N(CCC)S(=O)(=O)C)C(=O)N1)O,False,,CCC[C@H](O)[C@H](NC[C@@H]1Cc2cccc(c2)CCCCc2cc(cc(N(CCC)S(C)(=O)=O)c2)C(=O)N1)C(=O)NCC(C)C,False
BACE1,6nw3,L4J,401,43,13,106.798,0.302,0.698,C,L4J,L4J,L4J,,CCCC[C@@H](C(=O)NCC(C)C)NC[C@@H]1Cc2cccc(c2)CCCCc3cc(cc(c3)N(CCC)S(=O)(=O)C)C(=O)N1,False,,CCCC[C@H](NC[C@@H]1Cc2cccc(c2)CCCCc2cc(cc(N(CCC)S(C)(=O)=O)c2)C(=O)N1)C(=O)NCC(C)C,False
BACE1,6od6,M7D,401,29,16,136.7,0.552,0.448,A,M7D,M7D,M7D,,C[C@]1(Cn2cccc2C(=N1)N)c3cc(ccc3F)NC(=O)c4ccc(cn4)C#N,False,,C[C@@]1(c2cc(NC(=O)c3ccc(C#N)cn3)ccc2F)Cn2cccc2C(N)=N1,False
BACE1,6od6,M7D,401,29,16,123.639,0.552,0.448,B,M7D,M7D,M7D,,C[C@]1(Cn2cccc2C(=N1)N)c3cc(ccc3F)NC(=O)c4ccc(cn4)C#N,False,,C[C@@]1(c2cc(NC(=O)c3ccc(C#N)cn3)ccc2F)Cn2cccc2C(N)=N1,False
BACE1,6uvp,QJJ,401,23,9,98.9,0.391,0.609,A,QJJ,QJJ,QJJ,,c1cc(ncc1F)C(=O)N[C@H]2C[C@@H]2[C@]34COC[C@H]3CSC(=N4)N,False,,NC1=N[C@@]2([C@H]3C[C@@H]3NC(=O)c3ccc(F)cn3)COC[C@H]2CS1,False
BACE1,6pz4,P6J,506,33,14,120.024,0.424,0.576,A,P6J,P6J,P6J,,C[C@]1([C@@H]2C[C@@]2(SC(=N1)N)COC)c3cc(cc(c3F)F)NC(=O)c4cnc(cn4)OCC#C,False,,C#CCOc1cnc(C(=O)Nc2cc(F)c(F)c([C@@]3(C)N=C(N)S[C@@]4(COC)C[C@H]43)c2)cn1,False
BACE1,6od6,M7D,401,29,17,128.791,0.586,0.414,C,M7D,M7D,M7D,,C[C@]1(Cn2cccc2C(=N1)N)c3cc(ccc3F)NC(=O)c4ccc(cn4)C#N,False,,C[C@@]1(c2cc(NC(=O)c3ccc(C#N)cn3)ccc2F)Cn2cccc2C(N)=N1,False
BACE1,6uvp,QJM,402,23,19,339.22,0.826,0.174,A,QJM,QJM,QJM,,c1cc(ncc1F)C(=O)N[C@@H]2C[C@H]2[C@]34COC[C@H]3CSC(=N4)N,False,,NC1=N[C@@]2([C@@H]3C[C@H]3NC(=O)c3ccc(F)cn3)COC[C@H]2CS1,False
BACE1,6uvp,QJM,404,23,18,343.438,0.783,0.217,B,QJM,QJM,QJM,,c1cc(ncc1F)C(=O)N[C@@H]2C[C@H]2[C@]34COC[C@H]3CSC(=N4)N,False,,NC1=N[C@@]2([C@@H]3C[C@H]3NC(=O)c3ccc(F)cn3)COC[C@H]2CS1,False
BACE1,6uvp,QJJ,403,69,49,703.329,0.71,0.29,B,QJJ,QJJ,QJJ,,c1cc(ncc1F)C(=O)N[C@H]2C[C@@H]2[C@]34COC[C@H]3CSC(=N4)N,False,,NC1=N[C@@]2([C@H]3C[C@@H]3NC(=O)c3ccc(F)cn3)COC[C@H]2CS1,False
BACE1,6uvy,QJP,401,21,11,99.796,0.524,0.476,A,QJP,QJP,QJP,,C[C@@H]1C[C@H]1CNC(=O)[C@@H]2C[C@H]2[C@]34COC[C@H]3CSC(=N4)N,False,,C[C@@H]1C[C@H]1CNC(=O)[C@@H]1C[C@H]1[C@]12COC[C@H]1CSC(N)=N2,False
BACE1,6uvv,QJV,401,20,10,105.72,0.5,0.5,A,QJV,QJV,QJV,,CCCCNC(=O)[C@@H]1C[C@H]1[C@]23COC[C@H]2CSC(=N3)N,False,,CCCCNC(=O)[C@@H]1C[C@H]1[C@]12COC[C@H]1CSC(N)=N2,False
BACE1,6uvv,QJV,401,20,9,75.178,0.45,0.55,B,QJV,QJV,QJV,,CCCCNC(=O)[C@@H]1C[C@H]1[C@]23COC[C@H]2CSC(=N3)N,False,,CCCCNC(=O)[C@@H]1C[C@H]1[C@]12COC[C@H]1CSC(N)=N2,False
BACE1,6uwp,QKA,401,27,12,100.236,0.444,0.556,A,QKA,QKA,QKA,,C[C@@H]1C[C@H]1CNC(=O)[C@@H]2C[C@H]2[C@]34CN(C[C@H]3CSC(=N4)N)c5ncccn5,False,,C[C@@H]1C[C@H]1CNC(=O)[C@@H]1C[C@H]1[C@]12CN(c3ncccn3)C[C@H]1CSC(N)=N2,False
BACE1,6uwp,QKA,401,27,12,97.298,0.444,0.556,B,QKA,QKA,QKA,,C[C@@H]1C[C@H]1CNC(=O)[C@@H]2C[C@H]2[C@]34CN(C[C@H]3CSC(=N4)N)c5ncccn5,False,,C[C@@H]1C[C@H]1CNC(=O)[C@@H]1C[C@H]1[C@]12CN(c3ncccn3)C[C@H]1CSC(N)=N2,False
BACE1,6uvy,QJP,401,21,10,88.655,0.476,0.524,B,QJP,QJP,QJP,,C[C@@H]1C[C@H]1CNC(=O)[C@@H]2C[C@H]2[C@]34COC[C@H]3CSC(=N4)N,False,,C[C@@H]1C[C@H]1CNC(=O)[C@@H]1C[C@H]1[C@]12COC[C@H]1CSC(N)=N2,False
BACE1,6uwv,QK7,401,28,13,105.853,0.464,0.536,A,QK7,QK7,QK7,,C[C@@H]1C[C@H]1COC(C)(C)[C@@H]2C[C@H]2[C@]34CN(C[C@H]3CSC(=N4)N)c5ncccn5,False,,C[C@@H]1C[C@H]1COC(C)(C)[C@@H]1C[C@H]1[C@]12CN(c3ncccn3)C[C@H]1CSC(N)=N2,False
BACE1,6uwv,QK7,401,28,12,92.525,0.429,0.571,B,QK7,QK7,QK7,,C[C@@H]1C[C@H]1COC(C)(C)[C@@H]2C[C@H]2[C@]34CN(C[C@H]3CSC(=N4)N)c5ncccn5,False,,C[C@@H]1C[C@H]1COC(C)(C)[C@@H]1C[C@H]1[C@]12CN(c3ncccn3)C[C@H]1CSC(N)=N2,False
BACE1,6wny,U64,501,35,17,115.502,0.486,0.514,A,U64,U64,U64,,C[C@]1([C@@H]2C[C@@]2(SC(=N1)N)C(=O)N3CCOCC3)c4cc(ccc4F)/C=C(/c5ccc(cn5)C#N)\F,False,,C[C@]1(c2cc(/C=C(\F)c3ccc(C#N)cn3)ccc2F)N=C(N)S[C@@]2(C(=O)N3CCOCC3)C[C@H]21,False
BACE1,7b1p,SL8,501,29,16,138.307,0.552,0.448,A,SL8,SL8,SL8,,C[C@]1(CO[C@@](C(=N1)N)(C)C(F)(F)F)c2cccc(c2)NC(=O)c3ccc(cn3)Br,False,,C[C@@]1(c2cccc(NC(=O)c3ccc(Br)cn3)c2)CO[C@@](C)(C(F)(F)F)C(N)=N1,False
BACE1,7b1q,SLK,501,32,18,127.75,0.562,0.438,A,SLK,SLK,SLK,,Cc1cc(cnc1C(=O)Nc2ccc(c(c2)[C@@]3(CO[C@@](C(=N3)N)(C)C(F)(F)F)C)F)C#N,False,,Cc1cc(C#N)cnc1C(=O)Nc1ccc(F)c([C@]2(C)CO[C@@](C)(C(F)(F)F)C(N)=N2)c1,False
BACE1,7b1e,SKW,501,24,14,99.873,0.583,0.417,A,SKW,SKW,SKW,,C[C@]1(CCSC(=N1)N)c2cccc(c2)NC(=O)c3ccc(cn3)Br,False,,C[C@@]1(c2cccc(NC(=O)c3ccc(Br)cn3)c2)CCSC(N)=N1,False
BACE1,7d2v,66F,506,28,16,129.167,0.571,0.429,A,66F,66F,66F,,C[C@]1(CS(=O)(=O)N(C(=N1)N)C)c2cc(ccc2F)NC(=O)c3ccc(cn3)F,False,,CN1C(N)=N[C@](C)(c2cc(NC(=O)c3ccc(F)cn3)ccc2F)CS1(=O)=O,False
BACE1,7d36,GUC,508,32,17,132.025,0.531,0.469,A,GUC,GUC,GUC,,Cc1cc(cnc1C(=O)Nc2ccc(c(c2)[C@@]3(Cc4c(ccnc4F)C(=N3)N)C)F)C#N,False,,Cc1cc(C#N)cnc1C(=O)Nc1ccc(F)c([C@]2(C)Cc3c(ccnc3F)C(N)=N2)c1,False
BACE1,7d2x,GTU,505,28,17,133.329,0.607,0.393,A,GTU,GTU,GTU,,CC#C[C@]1(CCOC(=N1)N)c2cc(ccc2F)NC(=O)c3ccc(cn3)C#N,False,,CC#C[C@@]1(c2cc(NC(=O)c3ccc(C#N)cn3)ccc2F)CCOC(N)=N1,False
BACE1,7d5a,GX6,504,33,16,135.751,0.485,0.515,A,GX6,GX6,GX6,,CC#C[C@]1(C2(CC(C2)(F)F)COC(=N1)N)c3cc(ccc3F)NC(=O)c4ccc(cn4)C#N,False,,CC#C[C@]1(c2cc(NC(=O)c3ccc(C#N)cn3)ccc2F)N=C(N)OCC12CC(F)(F)C2,False
BACE1,7dcz,H3C,406,26,14,99.56,0.538,0.462,A,H3C,H3C,H3C,,C[C@]1(C=CSC(=N1)N)c2cc(ccc2F)NC(=O)c3ccc(cn3)C#N,False,,C[C@@]1(c2cc(NC(=O)c3ccc(C#N)cn3)ccc2F)C=CSC(N)=N1,False
BACE1,7f1d,0QQ,505,30,17,113.521,0.567,0.433,A,0QQ,0QQ,0QQ,,C[C@@H]1[C@@H]([C@@](N=C(S1)N)(C)c2cc(ccc2F)NC(=O)c3cc4c(cn3)OCCO4)F,False,,C[C@H]1SC(N)=N[C@](C)(c2cc(NC(=O)c3cc4c(cn3)OCCO4)ccc2F)[C@H]1F,False
BACE1,7myi,ZQS,401,21,10,77.687,0.476,0.524,A,ZQS,ZQS,ZQS,,c1cc(sc1)[C@]23CN(C[C@H]2CSC(=N3)N)c4ncccn4,False,,NC1=N[C@@]2(c3cccs3)CN(c3ncccn3)C[C@H]2CS1,False
BACE1,7myi,ZQS,401,21,13,78.613,0.619,0.381,B,ZQS,ZQS,ZQS,,c1cc(sc1)[C@]23CN(C[C@H]2CSC(=N3)N)c4ncccn4,False,,NC1=N[C@@]2(c3cccs3)CN(c3ncccn3)C[C@H]2CS1,False
BACE1,7myr,ZRD,401,22,12,101.018,0.545,0.455,A,ZRD,ZRD,ZRD,,c1cnsc1[C@]23CN(C[C@H]2CSC(=N3)N)c4ncc(cn4)F,False,,NC1=N[C@@]2(c3ccns3)CN(c3ncc(F)cn3)C[C@H]2CS1,False
BACE1,7myr,ZRD,401,22,12,96.474,0.545,0.455,B,ZRD,ZRD,ZRD,,c1cnsc1[C@]23CN(C[C@H]2CSC(=N3)N)c4ncc(cn4)F,False,,NC1=N[C@@]2(c3ccns3)CN(c3ncc(F)cn3)C[C@H]2CS1,False
BACE1,7myu,ZR7,401,35,15,105.817,0.429,0.571,A,ZR7,ZR7,ZR7,,COc1cnc(cn1)C(=O)Nc2ccc(c(c2)[C@]34CN(C[C@H]3CSC(=N4)N)c5ncc(cn5)F)F,False,,COc1cnc(C(=O)Nc2ccc(F)c([C@]34CN(c5ncc(F)cn5)C[C@H]3CSC(N)=N4)c2)cn1,False
BACE1,7n66,0EW,510,36,17,118.303,0.472,0.528,A,0EW,0EW,0EW,,CCS(=O)(=O)[C@@]1(CC[C@@](N=C1N)(CF)c2cc(ccc2F)NC(=O)c3cc4c(cn3)OC(O4)(F)F)C,False,,CCS(=O)(=O)[C@]1(C)CC[C@@](CF)(c2cc(NC(=O)c3cc4c(cn3)OC(F)(F)O4)ccc2F)N=C1N,False
BACE1,7myu,ZR7,401,35,18,104.544,0.514,0.486,B,ZR7,ZR7,ZR7,,COc1cnc(cn1)C(=O)Nc2ccc(c(c2)[C@]34CN(C[C@H]3CSC(=N4)N)c5ncc(cn5)F)F,False,,COc1cnc(C(=O)Nc2ccc(F)c([C@]34CN(c5ncc(F)cn5)C[C@H]3CSC(N)=N4)c2)cn1,False
