Target,pdb_id,Warhead,Residue_ID,Variant,Chain,atom_id,exact_atom,x,y,z,Exposure_A2
HER2,1d7w,CYN,1603,1,A,845,C,21.28,-14.177,-6.313,44.682
HER2,1d7w,CYN,1603,1,A,846,N,21.583,-14.577,-5.285,28.433
HER2,1d5l,CYN,2602,1,B,840,C,27.753,8.781,39.112,51.928
HER2,1d5l,CYN,2602,1,B,841,N,26.657,8.512,39.258,21.872
HER2,1d5l,CYN,1603,1,A,845,C,21.346,-14.083,-5.957,48.305
HER2,1d5l,CYN,1603,1,A,846,N,21.688,-14.858,-5.175,21.872
HER2,1d7w,CYN,205,1,B,853,C,27.789,8.905,39.468,48.305
HER2,1d7w,CYN,205,1,B,854,N,26.86,8.363,39.111,25.153
HER2,1g4u,AF3,1002,1,R,1428,AL,-58.862,50.447,-42.976,7.263
HER2,1g4u,AF3,1002,1,R,1429,F1,-58.495,48.745,-42.887,9.316
HER2,1g4u,AF3,1002,1,R,1431,F3,-58.342,51.162,-41.606,11.386
HER2,2prl,DDQ,700,1,A,2906,O1,61.041,54.4,-0.297,11.786
HER2,2prl,DDQ,700,1,A,2907,CM1,63.052,54.371,-0.994,51.928
HER2,2prl,DDQ,700,1,A,2908,CM2,62.064,52.405,-0.102,9.661
HER2,2prl,DDQ,700,1,A,2909,C1,61.213,53.218,-2.111,6.038
HER2,2prl,DDQ,700,1,A,2911,C3,60.438,50.994,-2.812,1.208
HER2,2prl,DDQ,700,1,A,2912,C4,59.162,50.66,-3.556,1.208
HER2,2prl,DDQ,700,1,A,2913,C5,59.333,49.328,-4.229,1.208
HER2,2prl,DDQ,700,1,A,2914,C6,58.62,49.269,-5.545,6.038
HER2,2prl,DDQ,700,1,A,2915,C7,57.608,48.154,-5.487,4.831
HER2,2prl,DDQ,700,1,A,2916,C8,58.22,46.78,-5.501,16.907
HER2,2prl,DDQ,700,1,A,2917,C9,57.194,45.75,-5.07,2.415
HER2,2prl,DDQ,700,1,A,2918,C10,57.229,45.562,-3.586,15.699
HER2,2prl,FMN,398,1,A,2842,C4,43.95,34.43,8.421,2.415
HER2,2prl,FMN,398,1,A,2844,C4A,43.554,35.138,7.287,3.623
HER2,2prl,FMN,398,1,A,2845,N5,44.215,34.983,6.078,2.187
HER2,2prl,FMN,398,1,A,2849,C7M,44.957,36.269,1.394,3.623
HER2,2prl,FMN,398,1,A,2851,C8M,42.641,38.148,1.638,2.415
HER2,2prl,FMN,398,1,A,2853,C9A,42.74,36.579,5.062,1.208
HER2,2prl,FMN,398,1,A,2855,C10,42.468,36.004,7.382,1.208
HER2,2prl,FMN,398,1,A,2867,O2P,39.869,44.184,3.843,1.071
HER2,2prl,ORO,399,1,A,2869,N1,41.636,32.561,4.767,3.281
HER2,2prl,ORO,399,1,A,2870,C2,40.687,33.425,5.153,4.831
HER2,2prl,ORO,399,1,A,2871,O2,40.104,34.094,4.283,1.071
HER2,2prl,ORO,399,1,A,2872,N3,40.378,33.577,6.451,2.187
HER2,2prl,ORO,399,1,A,2873,C4,41.009,32.849,7.391,6.038
HER2,2prl,ORO,399,1,A,2874,O4,40.72,32.976,8.603,3.214
HER2,2prl,ORO,399,1,A,2875,C5,41.994,31.939,7.019,2.415
HER2,2prl,ORO,399,1,A,2876,C6,42.299,31.823,5.67,3.623
HER2,2prl,ORO,399,1,A,2877,C7,43.317,30.836,5.197,1.208
HER2,4b95,UCK,1206,1,C,1014,N06,-6.263,35.104,3.847,1.094
HER2,4b95,UCK,1206,1,C,1015,C07,-5.239,35.555,4.792,22.945
HER2,4b95,UCK,1206,1,C,1016,C08,-4.944,34.594,5.934,1.208
HER2,4b95,UCK,1206,1,C,1017,C09,-3.726,34.659,6.702,26.568
HER2,4b95,UCK,1206,1,C,1018,C10,-3.471,33.723,7.691,12.076
HER2,4b95,UCK,1206,1,C,1023,O15,-4.902,34.096,2.139,10.715
HER2,4b95,UCK,1206,1,C,1026,C18,-6.684,34.025,-2.154,1.208
HER2,4b95,UCK,1206,1,C,1027,C19,-5.505,33.282,-2.502,3.623
HER2,4b95,UCK,1206,1,C,1028,CL2,-4.282,32.967,-1.329,23.691
HER2,4b95,UCK,1206,1,C,1029,C21,-5.345,32.859,-3.778,19.322
HER2,4b95,UCK,1206,1,C,1030,C22,-6.334,33.147,-4.751,19.322
HER2,4b95,UCK,1206,1,C,1031,C23,-7.479,33.867,-4.406,14.492
HER2,4b95,UCK,1206,1,C,1032,C24,-7.653,34.303,-3.101,8.453
HER2,4b95,UCK,1206,1,C,1033,O25,-6.787,35.685,-0.451,19.286
HER2,4b95,UCK,1206,1,F,1055,C05,40.411,30.103,2.546,1.208
HER2,4b95,UCK,1206,1,F,1056,N06,40.337,30.761,3.888,1.094
HER2,4b95,UCK,1206,1,F,1057,C07,41.496,31.09,4.714,25.36
HER2,4b95,UCK,1206,1,F,1058,C08,41.818,30.188,5.893,2.415
HER2,4b95,UCK,1206,1,F,1059,C09,43.066,30.323,6.591,25.36
HER2,4b95,UCK,1206,1,F,1060,C10,43.374,29.5,7.659,10.869
HER2,4b95,UCK,1206,1,F,1065,O15,41.494,29.839,2.02,9.643
HER2,4b95,UCK,1206,1,F,1068,C18,39.53,29.754,-2.137,2.415
HER2,4b95,UCK,1206,1,F,1069,C19,40.759,29.185,-2.61,1.208
HER2,4b95,UCK,1206,1,F,1070,CL2,42.151,29.122,-1.617,32.419
HER2,4b95,UCK,1206,1,F,1071,C21,40.845,28.717,-3.874,21.737
HER2,4b95,UCK,1206,1,F,1072,C22,39.706,28.792,-4.715,15.699
HER2,4b95,UCK,1206,1,F,1073,C23,38.506,29.33,-4.237,12.076
HER2,4b95,UCK,1206,1,F,1074,C24,38.41,29.789,-2.94,7.246
HER2,4b95,UCK,1206,1,F,1075,O25,39.617,31.49,-0.507,21.429
HER2,4b95,UCK,1206,1,I,1084,C05,40.004,77.417,2.965,2.415
HER2,4b95,UCK,1206,1,I,1085,N06,39.817,77.863,4.384,1.094
HER2,4b95,UCK,1206,1,I,1086,C07,40.87,78.216,5.313,22.945
HER2,4b95,UCK,1206,1,I,1088,C09,42.245,77.357,7.27,25.36
HER2,4b95,UCK,1206,1,I,1089,C10,42.501,76.412,8.242,8.453
HER2,4b95,UCK,1206,1,I,1094,O15,41.112,77.377,2.42,15.0
HER2,4b95,UCK,1206,1,I,1097,C18,38.794,77.348,-1.809,2.415
HER2,4b95,UCK,1206,1,I,1098,C19,39.975,76.712,-2.353,3.623
HER2,4b95,UCK,1206,1,I,1099,CL2,41.348,76.432,-1.374,33.666
HER2,4b95,UCK,1206,1,I,1100,C21,40.029,76.325,-3.649,20.53
HER2,4b95,UCK,1206,1,I,1101,C22,38.905,76.57,-4.477,19.322
HER2,4b95,UCK,1206,1,I,1102,C23,37.756,77.18,-3.953,16.907
HER2,4b95,UCK,1206,1,I,1103,C24,37.692,77.568,-2.622,8.453
HER2,4b95,UCK,1206,1,I,1104,O25,38.925,78.995,-0.06,23.572
HER2,4b95,UCK,1206,1,L,1115,C05,-6.484,81.513,2.847,1.208
HER2,4b95,UCK,1206,1,L,1116,N06,-6.635,82.037,4.228,1.094
HER2,4b95,UCK,1206,1,L,1117,C07,-5.524,82.468,5.047,24.153
HER2,4b95,UCK,1206,1,L,1118,C08,-5.264,81.497,6.164,1.208
HER2,4b95,UCK,1206,1,L,1119,C09,-4.092,81.575,6.985,27.775
HER2,4b95,UCK,1206,1,L,1120,C10,-3.883,80.63,7.971,9.661
HER2,4b95,UCK,1206,1,L,1125,O15,-5.387,81.517,2.292,9.643
HER2,4b95,UCK,1206,1,L,1128,C18,-7.213,81.412,-1.824,3.623
HER2,4b95,UCK,1206,1,L,1129,C19,-6.046,80.754,-2.323,3.623
HER2,4b95,UCK,1206,1,L,1130,CL2,-4.739,80.392,-1.281,23.691
HER2,4b95,UCK,1206,1,L,1131,C21,-5.945,80.454,-3.631,22.945
HER2,4b95,UCK,1206,1,L,1132,C22,-7.029,80.741,-4.485,16.907
HER2,4b95,UCK,1206,1,L,1133,C23,-8.189,81.33,-3.985,15.699
HER2,4b95,UCK,1206,1,L,1134,C24,-8.277,81.692,-2.653,7.246
HER2,4b95,UCK,1206,1,L,1135,O25,-6.958,82.9,0.019,20.358
HER2,2prl,R2C,400,1,A,2887,O8,47.449,40.427,-5.444,1.071
HER2,2prl,R2C,400,1,A,2890,C11,47.067,37.619,-1.337,4.831
HER2,2prl,R2C,400,1,A,2896,C17,53.252,45.214,-3.06,3.623
HER2,2prl,R2C,400,1,A,2897,C18,52.354,44.256,-3.605,1.208
HER2,2prl,R2C,400,1,A,2901,C22,55.311,49.251,-3.733,1.208
HER2,2prl,R2C,400,1,A,2902,C23,56.646,49.375,-3.248,9.661
HER2,2prl,R2C,400,1,A,2903,C24,57.047,48.628,-2.096,4.831
HER2,2prl,R2C,400,1,A,2904,C25,56.129,47.759,-1.426,2.415
HER2,4b9k,TG0,1203,1,C,1120,N01,-4.361,32.901,-4.307,33.901
HER2,4b9k,TG0,1203,1,C,1121,C02,-5.5,33.622,-3.789,1.208
HER2,4b9k,TG0,1203,1,C,1122,C03,-5.626,33.98,-2.421,3.623
HER2,4b9k,TG0,1203,1,C,1123,C04,-4.544,33.659,-1.425,18.114
HER2,4b9k,TG0,1203,1,C,1124,C05,-6.791,34.697,-2.038,2.415
HER2,4b9k,TG0,1203,1,C,1129,N10,-6.659,35.847,3.549,1.094
HER2,4b9k,TG0,1203,1,C,1130,C11,-5.472,36.308,4.246,26.568
HER2,4b9k,TG0,1203,1,C,1131,C12,-5.233,35.392,5.445,2.415
HER2,4b9k,TG0,1203,1,C,1132,C13,-3.981,35.437,6.088,25.36
HER2,4b9k,TG0,1203,1,C,1133,C14,-3.769,34.618,7.206,9.661
HER2,4b9k,TG0,1203,1,C,1137,C18,-3.51,34.791,10.449,37.436
HER2,4b9k,TG0,1203,1,C,1138,N19,-4.042,32.335,11.146,1.094
HER2,4b9k,TG0,1203,1,C,1143,O24,-5.317,34.545,2.171,7.5
HER2,4b9k,TG0,1203,1,C,1148,O29,-6.835,36.295,-0.26,18.215
HER2,4b9k,TG0,1203,1,C,1149,C30,-7.817,34.977,-2.949,7.246
HER2,4b9k,TG0,1203,1,C,1150,C31,-7.659,34.627,-4.292,18.114
HER2,4b9k,TG0,1203,1,C,1151,C32,-6.525,33.911,-4.687,14.492
HER2,4b9k,TG0,1210,1,I,1177,N01,41.249,74.873,-4.359,39.369
HER2,4b9k,TG0,1210,1,I,1178,C02,40.066,75.413,-3.724,4.831
HER2,4b9k,TG0,1210,1,I,1179,C03,40.023,75.792,-2.352,1.208
HER2,4b9k,TG0,1210,1,I,1180,C04,41.203,75.63,-1.444,20.53
HER2,4b9k,TG0,1210,1,I,1181,C05,38.829,76.362,-1.872,3.623
HER2,4b9k,TG0,1210,1,I,1186,N10,39.39,77.545,3.697,3.281
HER2,4b9k,TG0,1210,1,I,1187,C11,40.589,78.039,4.363,28.983
HER2,4b9k,TG0,1210,1,I,1188,C12,40.886,77.098,5.555,4.831
HER2,4b9k,TG0,1210,1,I,1194,C18,43.001,76.282,10.423,31.398
HER2,4b9k,TG0,1210,1,I,1198,C22,42.432,76.246,7.214,6.038
HER2,4b9k,TG0,1210,1,I,1199,C23,42.164,77.073,6.117,25.36
HER2,4b9k,TG0,1210,1,I,1200,O24,40.615,76.358,2.089,7.5
HER2,4b9k,TG0,1210,1,I,1205,O29,38.964,77.965,-0.098,22.501
HER2,4b9k,TG0,1210,1,I,1206,C30,37.715,76.527,-2.693,6.038
HER2,4b9k,TG0,1210,1,I,1207,C31,37.778,76.174,-4.045,18.114
HER2,4b9k,TG0,1210,1,I,1208,C32,38.956,75.612,-4.526,15.699
HER2,4b9k,TG0,1206,1,F,1162,N01,41.567,28.471,-4.327,36.088
HER2,4b9k,TG0,1206,1,F,1163,C02,40.45,29.173,-3.726,4.831
HER2,4b9k,TG0,1206,1,F,1164,C03,40.395,29.535,-2.358,3.623
HER2,4b9k,TG0,1206,1,F,1165,C04,41.541,29.248,-1.436,20.53
HER2,4b9k,TG0,1206,1,F,1166,C05,39.242,30.217,-1.891,3.623
HER2,4b9k,TG0,1206,1,F,1171,N10,39.671,31.41,3.702,1.094
HER2,4b9k,TG0,1206,1,F,1172,C11,40.854,31.903,4.384,26.568
HER2,4b9k,TG0,1206,1,F,1173,C12,41.115,30.978,5.582,2.415
HER2,4b9k,TG0,1206,1,F,1179,C18,42.966,30.296,10.601,36.229
HER2,4b9k,TG0,1206,1,F,1180,N19,42.445,27.804,11.234,1.094
HER2,4b9k,TG0,1206,1,F,1183,C22,42.581,30.261,7.368,9.661
HER2,4b9k,TG0,1206,1,F,1184,C23,42.332,31.095,6.273,26.568
HER2,4b9k,TG0,1206,1,F,1185,O24,40.996,30.166,2.254,9.643
HER2,4b9k,TG0,1206,1,F,1190,O29,39.258,31.784,-0.054,18.215
HER2,4b9k,TG0,1206,1,F,1191,C30,38.153,30.463,-2.725,7.246
HER2,4b9k,TG0,1206,1,F,1192,C31,38.225,30.113,-4.074,16.907
HER2,4b9k,TG0,1206,1,F,1193,C32,39.36,29.454,-4.553,13.284
HER2,4b9k,TG0,1209,1,L,1169,N01,-5.323,79.627,-4.483,37.182
HER2,4b9k,TG0,1209,1,L,1170,C02,-6.465,80.205,-3.832,4.831
HER2,4b9k,TG0,1209,1,L,1171,C03,-6.519,80.491,-2.449,3.623
HER2,4b9k,TG0,1209,1,L,1172,C04,-5.324,80.293,-1.533,20.53
HER2,4b9k,TG0,1209,1,L,1173,C05,-7.72,81.08,-1.98,3.623
HER2,4b9k,TG0,1209,1,L,1178,N10,-7.16,82.178,3.621,3.281
HER2,4b9k,TG0,1209,1,L,1179,C11,-5.963,82.685,4.292,27.775
HER2,4b9k,TG0,1209,1,L,1180,C12,-5.714,81.763,5.492,2.415
HER2,4b9k,TG0,1209,1,L,1181,C13,-4.468,81.825,6.135,24.153
HER2,4b9k,TG0,1209,1,L,1182,C14,-4.216,81.02,7.263,8.453
HER2,4b9k,TG0,1209,1,L,1186,C18,-3.848,81.014,10.509,31.398
HER2,4b9k,TG0,1209,1,L,1192,O24,-5.914,81.029,2.058,8.572
HER2,4b9k,TG0,1209,1,L,1197,O29,-7.769,82.609,-0.155,19.286
HER2,4b9k,TG0,1209,1,L,1198,C30,-8.838,81.275,-2.778,6.038
HER2,4b9k,TG0,1209,1,L,1199,C31,-8.762,80.961,-4.136,13.284
HER2,4b9k,TG0,1209,1,L,1200,C32,-7.578,80.43,-4.634,14.492
HER2,4d1o,ARG,70,1,A,19,N,32.764,218.876,34.184,5.468
HER2,4d1o,ARG,70,1,A,22,O,32.939,219.99,31.626,20.358
HER2,4d1o,ARG,70,1,A,23,CB,34.878,218.207,33.17,10.869
HER2,4d1o,ARG,70,1,A,25,CD,36.713,217.287,31.8,18.114
HER2,4d1o,ARG,70,1,A,26,NE,37.836,217.522,30.897,13.123
HER2,4d1o,ARG,70,1,A,27,CZ,37.723,217.95,29.641,6.038
HER2,4d1o,ARG,70,1,A,28,NH1,36.53,218.22,29.115,22.965
HER2,4d1o,ARG,70,1,A,29,NH2,38.815,218.12,28.908,24.059
HER2,4d1o,ARG,97,1,A,227,CA,16.293,212.09,27.704,1.208
HER2,4d1o,ARG,97,1,A,228,C,16.284,213.184,26.636,1.208
HER2,4d1o,ARG,97,1,A,229,O,16.423,212.895,25.445,34.287
HER2,4d1o,ARG,97,1,A,230,CB,14.877,211.536,27.887,10.869
HER2,4d1o,ARG,97,1,A,231,CG,14.837,210.161,28.549,28.983
HER2,4d1o,ARG,97,1,A,232,CD,15.144,209.043,27.555,20.53
HER2,4d1o,ARG,97,1,A,233,NE,16.474,208.461,27.733,4.374
HER2,4d1o,ARG,97,1,A,234,CZ,16.766,207.186,27.482,10.869
HER2,4d1o,ARG,97,1,A,235,NH1,15.822,206.358,27.051,45.931
HER2,4d1o,ARG,97,1,A,236,NH2,17.999,206.731,27.671,56.867
HER2,4d1o,ARG,98,1,A,238,CA,16.165,215.522,26.059,6.038
HER2,4d1o,ARG,98,1,A,239,C,16.513,216.873,26.68,1.208
HER2,4d1o,ARG,98,1,A,241,CB,14.873,215.644,25.232,22.945
HER2,4d1o,ARG,98,1,A,242,CG,13.712,216.361,25.932,13.284
HER2,4d1o,ARG,98,1,A,243,CD,13.146,215.547,27.114,9.661
HER2,4d1o,ARG,98,1,A,244,NE,11.977,216.191,27.722,19.685
HER2,4d1o,ARG,98,1,A,247,NH2,10.928,217.715,29.09,34.995
HER2,4d1o,ARG,128,1,A,371,N,16.231,230.916,55.944,1.094
HER2,4d1o,ARG,128,1,A,375,CB,17.249,229.142,57.348,6.038
HER2,4d1o,ARG,128,1,A,376,CG,16.489,229.275,58.641,4.831
HER2,4d1o,ARG,128,1,A,377,CD,16.693,228.023,59.482,22.945
HER2,4d1o,ARG,128,1,A,378,NE,15.598,227.807,60.42,8.749
HER2,4d1o,ARG,128,1,A,379,CZ,14.477,227.159,60.118,4.831
HER2,4d1o,ARG,128,1,A,380,NH1,14.3,226.668,58.897,21.872
HER2,4d1o,ARG,128,1,A,381,NH2,13.532,227.004,61.035,22.965
HER2,4d1o,ARG,140,1,A,483,CA,30.279,236.385,60.07,1.208
HER2,4d1o,ARG,140,1,A,487,CG,30.374,238.959,60.214,8.453
HER2,4d1o,ARG,140,1,A,488,CD,31.057,239.328,61.534,26.568
HER2,4d1o,ARG,140,1,A,489,NE,32.046,238.335,61.947,3.281
HER2,4d1o,ARG,140,1,A,490,CZ,32.404,238.114,63.208,4.831
HER2,4d1o,ARG,140,1,A,491,NH1,31.849,238.814,64.192,38.276
HER2,4d1o,ARG,140,1,A,492,NH2,33.311,237.187,63.487,48.118
HER2,4d1o,ARG,149,1,A,560,NH1,15.54,239.907,60.491,3.281
HER2,4d1o,ARG,149,1,A,561,NH2,15.74,240.352,58.24,1.094
HER2,4d1o,ARG,166,1,A,682,N,16.252,243.32,56.289,1.094
HER2,4d1o,ARG,166,1,A,683,CA,16.981,244.53,56.659,7.246
HER2,4d1o,ARG,166,1,A,686,CB,18.187,244.201,57.526,6.038
HER2,4d1o,ARG,166,1,A,687,CG,17.824,243.661,58.901,15.699
HER2,4d1o,ARG,166,1,A,688,CD,19.067,243.444,59.735,13.284
HER2,4d1o,ARG,166,1,A,689,NE,18.731,242.976,61.074,8.749
HER2,4d1o,ARG,166,1,A,690,CZ,19.605,242.419,61.903,7.246
HER2,4d1o,ARG,166,1,A,691,NH1,20.868,242.265,61.526,20.778
HER2,4d1o,ARG,166,1,A,692,NH2,19.22,242.014,63.109,12.029
HER2,4d1o,ARG,179,1,A,798,NH1,28.793,236.277,45.156,17.497
HER2,4d1o,ARG,179,1,A,799,NH2,30.666,235.581,44.008,9.842
HER2,4d1o,ARG,183,1,A,822,C,21.919,236.537,30.508,2.415
HER2,4d1o,ARG,183,1,A,823,O,21.861,237.147,29.426,15.0
HER2,4d1o,ARG,183,1,A,824,CB,19.797,235.207,30.233,13.284
HER2,4d1o,ARG,183,1,A,825,CG,19.247,233.807,29.978,3.623
HER2,4d1o,ARG,183,1,A,826,CD,17.8,233.776,29.494,8.453
HER2,4d1o,ARG,183,1,A,827,NE,17.504,232.432,28.989,2.187
HER2,4d1o,ARG,183,1,A,828,CZ,16.29,231.979,28.693,3.623
HER2,4d1o,ARG,183,1,A,829,NH1,15.222,232.762,28.842,3.281
HER2,4d1o,ARG,183,1,A,830,NH2,16.145,230.732,28.252,9.842
HER2,4d1o,ARG,199,1,A,954,O,7.065,249.037,51.359,16.072
HER2,4d1o,ARG,199,1,A,955,CB,9.879,248.052,50.922,12.076
HER2,4d1o,ARG,199,1,A,956,CG,10.732,247.075,50.097,1.208
HER2,4d1o,ARG,199,1,A,957,CD,11.622,246.233,51.007,1.208
HER2,4d1o,ARG,199,1,A,959,CZ,13.27,246.655,52.794,6.038
HER2,4d1o,ARG,199,1,A,960,NH1,13.073,245.435,53.281,1.094
HER2,4d1o,ARG,199,1,A,961,NH2,14.141,247.468,53.386,10.936
HER2,4d1o,ARG,202,1,A,977,CA,1.412,252.943,48.802,1.208
HER2,4d1o,ARG,202,1,A,979,O,-0.595,252.482,47.559,26.786
HER2,4d1o,ARG,202,1,A,980,CB,0.92,253.807,49.966,12.076
HER2,4d1o,ARG,202,1,A,981,CG,1.339,253.314,51.334,24.153
HER2,4d1o,ARG,202,1,A,982,CD,1.784,254.478,52.205,28.983
HER2,4d1o,ARG,202,1,A,983,NE,2.978,255.123,51.664,2.187
HER2,4d1o,ARG,202,1,A,984,CZ,3.129,256.437,51.526,6.038
HER2,4d1o,ARG,202,1,A,985,NH1,2.159,257.265,51.891,44.837
HER2,4d1o,ARG,202,1,A,986,NH2,4.255,256.925,51.026,22.965
HER2,4d1o,ARG,221,1,A,1135,N,22.268,261.919,32.603,4.374
HER2,4d1o,ARG,221,1,A,1136,CA,22.681,262.718,31.444,8.453
HER2,4d1o,ARG,221,1,A,1137,C,23.51,261.95,30.412,1.208
HER2,4d1o,ARG,221,1,A,1138,O,24.272,262.548,29.649,25.715
HER2,4d1o,ARG,221,1,A,1139,CB,23.448,263.965,31.902,14.492
HER2,4d1o,ARG,221,1,A,1140,CG,22.812,264.663,33.095,14.492
HER2,4d1o,ARG,221,1,A,1141,CD,22.158,265.97,32.698,26.568
HER2,4d1o,ARG,221,1,A,1142,NE,23.141,267.036,32.54,15.31
HER2,4d1o,ARG,221,1,A,1143,CZ,23.279,268.057,33.379,8.453
HER2,4d1o,ARG,221,1,A,1144,NH1,22.488,268.162,34.44,48.118
HER2,4d1o,ARG,221,1,A,1145,NH2,24.204,268.98,33.151,56.867
HER2,4d1o,ARG,225,1,A,1167,CA,24.495,253.965,36.285,3.623
HER2,4d1o,ARG,225,1,A,1170,CB,24.495,254.948,37.464,4.831
HER2,4d1o,ARG,225,1,A,1171,CG,25.529,256.076,37.343,14.492
HER2,4d1o,ARG,225,1,A,1172,CD,25.469,257.053,38.549,15.699
HER2,4d1o,ARG,225,1,A,1175,NH1,25.172,259.483,39.933,36.088
HER2,4d1o,ARG,225,1,A,1176,NH2,23.089,259.819,39.037,16.404
HER2,4d1o,ARG,234,1,A,1238,CA,3.972,240.109,47.713,1.208
HER2,4d1o,ARG,234,1,A,1240,O,4.412,239.296,49.917,13.929
HER2,4d1o,ARG,234,1,A,1242,CG,2.96,237.864,46.935,10.869
HER2,4d1o,ARG,234,1,A,1243,CD,3.091,236.812,45.844,19.322
HER2,4d1o,ARG,234,1,A,1244,NE,2.985,237.435,44.525,1.094
HER2,4d1o,ARG,234,1,A,1245,CZ,3.452,236.888,43.406,4.831
HER2,4d1o,ARG,234,1,A,1246,NH1,4.075,235.715,43.449,19.685
HER2,4d1o,ARG,234,1,A,1247,NH2,3.304,237.517,42.247,10.936
HER2,4d1o,ARG,238,1,A,1265,N,-3.514,240.548,49.882,2.187
HER2,4d1o,ARG,238,1,A,1267,C,-2.801,241.564,47.76,3.623
HER2,4d1o,ARG,238,1,A,1268,O,-1.989,240.667,47.52,11.786
HER2,4d1o,ARG,238,1,A,1269,CB,-2.345,242.72,49.959,1.208
HER2,4d1o,ARG,238,1,A,1270,CG,-2.373,244.172,49.498,8.453
HER2,4d1o,ARG,238,1,A,1271,CD,-1.309,245.021,50.181,21.737
HER2,4d1o,ARG,238,1,A,1273,CZ,1.155,245.118,50.282,2.415
HER2,4d1o,ARG,238,1,A,1274,NH1,1.112,246.381,50.688,31.714
HER2,4d1o,ARG,238,1,A,1275,NH2,2.326,244.52,50.118,10.936
HER2,4d1o,ARG,242,1,A,1304,CG,1.889,243.1,39.074,3.623
HER2,4d1o,ARG,242,1,A,1308,NH1,2.54,240.106,37.498,12.029
HER2,4d1o,ARG,242,1,A,1309,NH2,3.831,240.823,35.737,1.094
HER2,4d1o,ARG,250,1,A,1375,CG,8.864,249.141,26.557,2.415
HER2,4d1o,ARG,250,1,A,1379,NH1,10.318,245.862,24.252,13.123
HER2,4d1o,ARG,250,1,A,1380,NH2,12.052,247.25,23.647,1.094
HER2,4d1o,ARG,255,1,A,1414,N,-1.215,248.367,15.323,6.562
HER2,4d1o,ARG,255,1,A,1417,O,-3.302,248.999,13.396,27.858
HER2,4d1o,ARG,255,1,A,1418,CB,-2.678,246.443,14.956,7.246
HER2,4d1o,ARG,255,1,A,1419,CG,-3.125,245.328,14.032,21.737
HER2,4d1o,ARG,255,1,A,1420,CD,-1.998,244.349,13.781,3.623
HER2,4d1o,ARG,255,1,A,1421,NE,-1.721,243.549,14.97,5.468
HER2,4d1o,ARG,255,1,A,1422,CZ,-0.807,242.587,15.023,6.038
HER2,4d1o,ARG,255,1,A,1423,NH1,-0.074,242.306,13.951,20.778
HER2,4d1o,ARG,255,1,A,1424,NH2,-0.625,241.907,16.147,37.182
HER2,4d1o,ARG,262,1,A,1469,CA,3.735,250.639,12.568,3.623
HER2,4d1o,ARG,262,1,A,1472,CB,2.866,251.848,12.207,4.831
HER2,4d1o,ARG,262,1,A,1474,CD,2.834,254.222,11.429,14.492
HER2,4d1o,ARG,262,1,A,1475,NE,3.535,255.499,11.354,3.281
HER2,4d1o,ARG,262,1,A,1476,CZ,4.511,255.762,10.491,4.831
HER2,4d1o,ARG,262,1,A,1477,NH1,4.909,254.829,9.635,32.808
HER2,4d1o,ARG,262,1,A,1478,NH2,5.094,256.956,10.486,34.995
HER2,4d1o,ARG,285,1,A,1640,N,6.675,256.022,14.463,5.468
HER2,4d1o,ARG,285,1,A,1645,CG,7.795,254.618,11.956,1.208
HER2,4d1o,ARG,285,1,A,1646,CD,8.91,254.424,10.939,18.114
HER2,4d1o,ARG,285,1,A,1647,NE,9.754,255.612,10.835,8.749
HER2,4d1o,ARG,285,1,A,1648,CZ,10.991,255.619,10.342,3.623
HER2,4d1o,ARG,285,1,A,1649,NH1,11.55,254.49,9.924,27.34
HER2,4d1o,ARG,285,1,A,1650,NH2,11.672,256.757,10.278,21.872
HER2,4d1o,ARG,329,1,A,2006,CD,13.595,258.882,17.216,10.869
HER2,4d1o,ARG,329,1,A,2007,NE,13.332,259.606,18.461,5.468
HER2,4d1o,ARG,329,1,A,2008,CZ,13.926,260.743,18.822,3.623
HER2,4d1o,ARG,329,1,A,2009,NH1,14.832,261.309,18.036,26.246
HER2,4d1o,ARG,329,1,A,2010,NH2,13.612,261.324,19.975,25.153
HER2,4d1o,ARG,365,1,A,2284,CB,17.897,241.906,18.97,6.038
HER2,4d1o,ARG,365,1,A,2285,CG,18.98,240.868,19.269,8.453
HER2,4d1o,ARG,365,1,A,2286,CD,18.91,239.644,18.309,3.623
HER2,4d1o,ARG,365,1,A,2287,NE,17.55,239.109,18.245,3.281
HER2,4d1o,ARG,365,1,A,2288,CZ,16.967,238.426,19.225,4.831
HER2,4d1o,ARG,365,1,A,2289,NH1,17.627,238.169,20.353,42.65
HER2,4d1o,ARG,365,1,A,2290,NH2,15.718,238.006,19.078,28.433
HER2,4d1o,ARG,372,1,A,2341,O,9.924,244.646,13.219,8.572
HER2,4d1o,ARG,372,1,A,2344,CD,11.062,242.932,18.25,3.623
HER2,4d1o,ARG,372,1,A,2347,NH1,13.083,243.581,20.083,20.778
HER2,4d1o,ARG,388,1,A,2467,CA,19.172,238.88,-5.24,6.038
HER2,4d1o,ARG,388,1,A,2468,C,19.919,237.55,-5.149,3.623
HER2,4d1o,ARG,388,1,A,2469,O,19.568,236.581,-5.812,32.144
HER2,4d1o,ARG,388,1,A,2470,CB,19.003,239.312,-6.702,26.568
HER2,4d1o,ARG,388,1,A,2471,CG,20.246,239.164,-7.567,10.869
HER2,4d1o,ARG,388,1,A,2472,CD,20.309,240.253,-8.635,24.153
HER2,4d1o,ARG,388,1,A,2473,NE,21.483,240.116,-9.496,17.497
HER2,4d1o,ARG,388,1,A,2474,CZ,22.453,241.021,-9.599,3.623
HER2,4d1o,ARG,388,1,A,2475,NH1,22.393,242.148,-8.901,30.62
HER2,4d1o,ARG,388,1,A,2476,NH2,23.481,240.803,-10.409,47.024
HER2,4d1o,ARG,438,1,A,2863,CA,32.298,230.414,44.159,6.038
HER2,4d1o,ARG,438,1,A,2864,C,32.428,229.027,43.542,3.623
HER2,4d1o,ARG,438,1,A,2865,O,31.586,228.161,43.783,11.786
HER2,4d1o,ARG,438,1,A,2866,CB,30.97,231.011,43.68,1.208
HER2,4d1o,ARG,438,1,A,2867,CG,30.551,232.283,44.369,8.453
HER2,4d1o,ARG,438,1,A,2868,CD,29.034,232.435,44.341,13.284
HER2,4d1o,ARG,438,1,A,2871,NH1,26.364,232.911,43.809,8.749
HER2,4d1o,ARG,474,1,A,3145,CA,12.312,235.155,37.459,4.831
HER2,4d1o,ARG,474,1,A,3148,CB,11.477,234.354,38.492,3.623
HER2,4d1o,ARG,474,1,A,3149,CG,12.214,233.725,39.659,2.415
HER2,4d1o,ARG,474,1,A,3150,CD,11.372,232.592,40.279,6.038
HER2,4d1o,ARG,474,1,A,3151,NE,9.934,232.888,40.298,8.749
HER2,4d1o,ARG,474,1,A,3152,CZ,9.195,233.013,41.401,3.623
HER2,4d1o,ARG,474,1,A,3153,NH1,9.742,232.868,42.602,8.749
HER2,4d1o,ARG,474,1,A,3154,NH2,7.899,233.281,41.304,24.059
HER2,4d1o,ARG,700,1,A,3213,N,17.292,243.574,25.046,24.059
HER2,4d1o,ARG,700,1,A,3214,CA,16.394,244.521,25.673,7.246
HER2,4d1o,ARG,700,1,A,3215,C,16.234,245.65,24.696,2.415
HER2,4d1o,ARG,700,1,A,3218,CG,17.305,243.956,27.998,16.907
HER2,4d1o,ARG,700,1,A,3219,CD,18.167,244.446,29.175,9.661
HER2,4d1o,ARG,700,1,A,3220,NE,19.476,244.816,28.631,2.187
HER2,4d1o,ARG,700,1,A,3221,CZ,20.529,245.316,29.289,3.623
HER2,4d1o,ARG,700,1,A,3222,NH1,20.492,245.561,30.603,18.591
HER2,4d1o,ARG,700,1,A,3223,NH2,21.639,245.58,28.615,10.936
HER2,4d1o,GD,1482,1,A,3330,GD,21.563,255.788,-5.666,120.572
HER2,4d1o,H4B,1481,1,A,3313,N1,19.981,235.522,23.253,3.281
HER2,4d1o,H4B,1481,1,A,3314,C2,19.71,236.734,23.77,2.415
HER2,4d1o,H4B,1481,1,A,3315,N2,20.681,237.441,24.404,25.153
HER2,4d1o,H4B,1481,1,A,3316,N3,18.467,237.245,23.672,6.562
HER2,4d1o,H4B,1481,1,A,3318,O4,16.335,237.1,22.971,21.429
HER2,4d1o,H4B,1481,1,A,3320,C8A,19.018,234.795,22.632,2.415
HER2,4d1o,H4B,1481,1,A,3321,N5,16.775,234.568,21.882,2.187
HER2,4d1o,H4B,1481,1,A,3322,N8,19.342,233.575,22.122,3.281
HER2,4d1o,H4B,1481,1,A,3324,C7,18.379,232.758,21.369,16.907
HER2,4d1o,H4B,1481,1,A,3326,O9,15.825,232.91,19.715,34.287
HER2,4d1o,H4B,1481,1,A,3327,C10,16.205,230.891,20.986,6.038
HER2,4d1o,H4B,1481,1,A,3328,C11,15.057,230.164,20.28,43.475
HER2,4d1o,H4B,1481,1,A,3329,O10,16.41,230.341,22.301,3.214
HER2,4d1o,GD,1482,1,B,3346,GD,39.987,246.739,-4.914,76.992
HER2,4d1o,ARG,70,1,B,28,N,6.843,221.665,24.216,6.562
HER2,4d1o,ARG,70,1,B,31,O,8.103,224.083,23.534,23.572
HER2,4d1o,ARG,70,1,B,32,CB,5.229,223.49,24.162,8.453
HER2,4d1o,ARG,70,1,B,33,CG,4.466,224.526,23.369,1.208
HER2,4d1o,ARG,70,1,B,34,CD,3.494,225.284,24.266,3.623
HER2,4d1o,ARG,70,1,B,35,NE,4.195,226.065,25.281,10.936
HER2,4d1o,ARG,70,1,B,36,CZ,3.705,226.342,26.484,8.453
HER2,4d1o,ARG,70,1,B,37,NH1,2.506,225.894,26.834,45.931
HER2,4d1o,ARG,70,1,B,38,NH2,4.418,227.062,27.342,55.773
HER2,4d1o,ARG,97,1,B,236,CA,19.454,220.396,38.161,2.415
HER2,4d1o,ARG,97,1,B,238,O,20.627,222.449,37.761,36.43
HER2,4d1o,ARG,97,1,B,239,CB,20.254,219.613,39.195,4.831
HER2,4d1o,ARG,97,1,B,240,CG,19.395,219.097,40.333,24.153
HER2,4d1o,ARG,97,1,B,241,CD,20.223,218.283,41.297,27.775
HER2,4d1o,ARG,97,1,B,242,NE,21.197,219.107,42.004,9.842
HER2,4d1o,ARG,97,1,B,243,CZ,22.267,218.621,42.619,10.869
HER2,4d1o,ARG,97,1,B,244,NH1,22.507,217.317,42.603,48.118
HER2,4d1o,ARG,97,1,B,245,NH2,23.099,219.436,43.245,55.773
HER2,4d1o,ARG,98,1,B,247,CA,21.763,221.68,35.408,6.038
HER2,4d1o,ARG,98,1,B,250,CB,23.183,221.831,35.984,21.737
HER2,4d1o,ARG,98,1,B,251,CG,24.15,220.681,35.67,12.076
HER2,4d1o,ARG,98,1,B,252,CD,23.766,219.425,36.451,10.869
HER2,4d1o,ARG,98,1,B,253,NE,24.711,218.331,36.25,19.685
HER2,4d1o,ARG,98,1,B,256,NH2,25.56,216.51,35.134,34.995
HER2,4d1o,ARG,128,1,B,384,CB,13.433,193.97,17.687,8.453
HER2,4d1o,ARG,128,1,B,385,CG,13.713,192.507,17.854,4.831
HER2,4d1o,ARG,128,1,B,386,CD,12.733,191.882,18.824,24.153
HER2,4d1o,ARG,128,1,B,387,NE,13.25,190.618,19.326,5.468
HER2,4d1o,ARG,128,1,B,388,CZ,13.74,190.447,20.548,4.831
HER2,4d1o,ARG,128,1,B,389,NH1,13.76,191.459,21.409,25.153
HER2,4d1o,ARG,128,1,B,390,NH2,14.197,189.257,20.914,14.217
HER2,4d1o,ARG,140,1,B,492,CA,5.667,196.837,4.651,4.831
HER2,4d1o,ARG,140,1,B,496,CG,7.08,196.607,2.475,2.415
HER2,4d1o,ARG,140,1,B,497,CD,6.174,196.227,1.311,20.53
HER2,4d1o,ARG,140,1,B,498,NE,5.71,194.841,1.364,10.936
HER2,4d1o,ARG,140,1,B,499,CZ,6.336,193.799,0.82,6.038
HER2,4d1o,ARG,140,1,B,500,NH1,7.488,193.952,0.175,41.556
HER2,4d1o,ARG,140,1,B,501,NH2,5.805,192.59,0.931,38.276
HER2,4d1o,ARG,149,1,B,572,NH1,18.739,189.394,8.644,3.281
HER2,4d1o,ARG,166,1,B,695,CA,21.091,193.138,4.425,6.038
HER2,4d1o,ARG,166,1,B,698,CB,19.641,192.836,4.073,7.246
HER2,4d1o,ARG,166,1,B,699,CG,19.217,191.445,4.546,16.907
HER2,4d1o,ARG,166,1,B,700,CD,17.743,191.186,4.309,15.699
HER2,4d1o,ARG,166,1,B,701,NE,17.398,189.811,4.667,10.936
HER2,4d1o,ARG,166,1,B,702,CZ,16.151,189.37,4.795,6.038
HER2,4d1o,ARG,166,1,B,703,NH1,15.136,190.203,4.588,19.685
HER2,4d1o,ARG,166,1,B,704,NH2,15.918,188.104,5.137,13.123
HER2,4d1o,ARG,179,1,B,813,NH1,12.892,209.132,8.589,17.497
HER2,4d1o,ARG,179,1,B,814,NH2,11.564,211.003,8.432,12.029
HER2,4d1o,ARG,183,1,B,835,N,23.597,217.671,15.219,2.187
HER2,4d1o,ARG,183,1,B,837,C,24.667,219.151,13.47,2.415
HER2,4d1o,ARG,183,1,B,838,O,25.414,220.078,13.124,12.858
HER2,4d1o,ARG,183,1,B,839,CB,25.881,218.509,15.6,13.284
HER2,4d1o,ARG,183,1,B,840,CG,25.807,218.585,17.112,3.623
HER2,4d1o,ARG,183,1,B,841,CD,27.137,218.311,17.842,9.661
HER2,4d1o,ARG,183,1,B,842,NE,26.973,218.683,19.251,2.187
HER2,4d1o,ARG,183,1,B,843,CZ,27.871,218.464,20.209,4.831
HER2,4d1o,ARG,183,1,B,845,NH2,27.606,218.837,21.453,9.842
HER2,4d1o,ARG,199,1,B,968,C,32.871,194.017,4.397,3.623
HER2,4d1o,ARG,199,1,B,969,O,33.033,193.173,5.278,23.572
HER2,4d1o,ARG,199,1,B,970,CB,30.621,194.957,5.119,12.076
HER2,4d1o,ARG,199,1,B,974,CZ,26.576,194.801,4.79,6.038
HER2,4d1o,ARG,199,1,B,975,NH1,26.011,194.266,5.875,2.187
HER2,4d1o,ARG,199,1,B,976,NH2,26.017,194.623,3.594,10.936
HER2,4d1o,ARG,202,1,B,997,CA,40.316,192.678,4.486,1.208
HER2,4d1o,ARG,202,1,B,999,O,42.358,192.582,5.756,27.858
HER2,4d1o,ARG,202,1,B,1000,CB,40.526,191.355,3.736,16.907
HER2,4d1o,ARG,202,1,B,1001,CG,39.257,190.543,3.565,12.076
HER2,4d1o,ARG,202,1,B,1002,CD,39.502,189.373,2.629,21.737
HER2,4d1o,ARG,202,1,B,1003,NE,38.286,188.608,2.382,10.936
HER2,4d1o,ARG,202,1,B,1004,CZ,38.229,187.517,1.624,10.869
HER2,4d1o,ARG,202,1,B,1005,NH1,39.325,187.056,1.03,47.024
HER2,4d1o,ARG,202,1,B,1006,NH2,37.074,186.887,1.457,53.586
HER2,4d1o,ARG,221,1,B,1155,N,34.812,216.033,-9.665,3.281
HER2,4d1o,ARG,221,1,B,1156,CA,35.371,217.205,-10.34,9.661
HER2,4d1o,ARG,221,1,B,1158,O,34.814,219.533,-10.556,27.858
HER2,4d1o,ARG,221,1,B,1159,CB,35.27,217.076,-11.873,10.869
HER2,4d1o,ARG,221,1,B,1160,CG,35.982,215.831,-12.416,22.945
HER2,4d1o,ARG,221,1,B,1161,CD,35.855,215.665,-13.929,33.814
HER2,4d1o,ARG,221,1,B,1162,NE,34.484,215.828,-14.412,16.404
HER2,4d1o,ARG,221,1,B,1163,CZ,33.495,214.964,-14.197,6.038
HER2,4d1o,ARG,221,1,B,1164,NH1,33.707,213.861,-13.49,27.34
HER2,4d1o,ARG,221,1,B,1165,NH2,32.286,215.21,-14.685,47.024
HER2,4d1o,ARG,225,1,B,1187,CA,27.936,214.246,-4.091,2.415
HER2,4d1o,ARG,225,1,B,1190,CB,27.89,213.1,-5.117,6.038
HER2,4d1o,ARG,225,1,B,1191,CG,27.676,213.575,-6.566,10.869
HER2,4d1o,ARG,225,1,B,1192,CD,27.669,212.394,-7.564,14.492
HER2,4d1o,ARG,225,1,B,1195,NH1,28.453,210.96,-9.858,36.088
HER2,4d1o,ARG,225,1,B,1196,NH2,30.625,210.853,-9.121,16.404
HER2,4d1o,ARG,234,1,B,1260,O,31.309,193.817,15.343,11.786
HER2,4d1o,ARG,234,1,B,1261,CB,32.683,196.411,16.406,2.415
HER2,4d1o,ARG,234,1,B,1262,CG,33.268,195.934,17.725,14.492
HER2,4d1o,ARG,234,1,B,1263,CD,33.223,197.057,18.767,19.322
HER2,4d1o,ARG,234,1,B,1264,NE,34.2,198.11,18.48,3.281
HER2,4d1o,ARG,234,1,B,1265,CZ,34.052,199.384,18.832,4.831
HER2,4d1o,ARG,234,1,B,1266,NH1,32.947,199.776,19.46,18.591
HER2,4d1o,ARG,234,1,B,1267,NH2,34.998,200.275,18.543,14.217
HER2,4d1o,ARG,238,1,B,1291,N,38.303,189.95,17.128,1.094
HER2,4d1o,ARG,238,1,B,1293,C,38.991,192.121,16.436,1.208
HER2,4d1o,ARG,238,1,B,1294,O,38.03,192.643,16.999,13.929
HER2,4d1o,ARG,238,1,B,1295,CB,38.058,190.471,14.779,4.831
HER2,4d1o,ARG,238,1,B,1296,CG,38.735,190.635,13.442,22.945
HER2,4d1o,ARG,238,1,B,1297,CD,38.185,191.843,12.697,3.623
HER2,4d1o,ARG,238,1,B,1298,NE,36.918,191.63,11.998,12.029
HER2,4d1o,ARG,238,1,B,1300,NH1,36.105,193.715,12.543,1.094
HER2,4d1o,ARG,238,1,B,1301,NH2,34.828,192.295,11.26,18.591
HER2,4d1o,ARG,242,1,B,1330,CG,39.726,202.053,14.769,3.623
HER2,4d1o,ARG,242,1,B,1332,NE,38.402,204.142,15.208,2.187
HER2,4d1o,ARG,242,1,B,1334,NH1,38.605,203.814,17.474,12.029
HER2,4d1o,ARG,242,1,B,1335,NH2,38.524,205.952,16.642,3.281
HER2,4d1o,ARG,250,1,B,1401,CG,42.116,216.306,8.348,1.208
HER2,4d1o,ARG,250,1,B,1405,NH1,40.453,219.288,10.853,15.31
HER2,4d1o,ARG,250,1,B,1406,NH2,39.855,220.43,8.943,2.187
HER2,4d1o,ARG,255,1,B,1440,N,54.299,221.844,14.987,6.562
HER2,4d1o,ARG,255,1,B,1443,O,56.993,222.398,15.763,28.929
HER2,4d1o,ARG,255,1,B,1444,CB,54.383,222.008,17.459,7.246
HER2,4d1o,ARG,255,1,B,1445,CG,54.545,222.954,18.642,2.415
HER2,4d1o,ARG,255,1,B,1446,CD,53.745,222.488,19.839,28.983
HER2,4d1o,ARG,255,1,B,1447,NE,52.335,222.304,19.507,5.468
HER2,4d1o,ARG,255,1,B,1448,CZ,51.391,223.22,19.698,3.623
HER2,4d1o,ARG,255,1,B,1449,NH1,51.701,224.397,20.227,21.872
HER2,4d1o,ARG,255,1,B,1450,NH2,50.134,222.958,19.363,25.153
HER2,4d1o,ARG,262,1,B,1495,CA,52.846,226.314,11.109,4.831
HER2,4d1o,ARG,262,1,B,1498,CB,54.227,226.123,10.475,4.831
HER2,4d1o,ARG,262,1,B,1500,CD,55.568,226.944,8.512,16.907
HER2,4d1o,ARG,262,1,B,1501,NE,55.594,227.17,7.068,2.187
HER2,4d1o,ARG,262,1,B,1502,CZ,55.276,228.319,6.478,3.623
HER2,4d1o,ARG,262,1,B,1503,NH1,54.906,229.367,7.205,34.995
HER2,4d1o,H4B,1481,1,B,3329,N1,28.803,224.834,16.343,3.281
HER2,4d1o,H4B,1481,1,B,3330,C2,29.328,224.173,15.294,2.415
HER2,4d1o,H4B,1481,1,B,3331,N2,28.6,224.001,14.159,27.34
HER2,4d1o,H4B,1481,1,B,3332,N3,30.585,223.686,15.362,6.562
HER2,4d1o,H4B,1481,1,B,3334,O4,32.496,223.38,16.486,23.572
HER2,4d1o,H4B,1481,1,B,3336,C8A,29.513,225.001,17.478,1.208
HER2,4d1o,H4B,1481,1,B,3337,N5,31.528,224.676,18.711,3.281
HER2,4d1o,H4B,1481,1,B,3338,N8,28.935,225.658,18.507,4.374
HER2,4d1o,H4B,1481,1,B,3340,C7,29.654,225.909,19.76,18.114
HER2,4d1o,H4B,1481,1,B,3341,C9,31.638,225.194,21.145,2.415
HER2,4d1o,H4B,1481,1,B,3342,O9,32.46,226.329,20.868,33.215
HER2,4d1o,H4B,1481,1,B,3343,C10,30.784,225.498,22.377,9.661
HER2,4d1o,H4B,1481,1,B,3344,C11,31.67,225.592,23.625,44.682
HER2,4d1o,H4B,1481,1,B,3345,O10,29.853,224.412,22.543,1.071
HER2,4d1o,ARG,262,1,B,1504,NH2,55.33,228.423,5.155,36.088
HER2,4d1o,ARG,285,1,B,1666,N,52.066,225.643,5.073,4.374
HER2,4d1o,ARG,285,1,B,1670,CB,50.485,227.372,5.819,1.208
HER2,4d1o,ARG,285,1,B,1671,CG,51.586,228.346,6.175,2.415
HER2,4d1o,ARG,285,1,B,1672,CD,51.183,229.757,5.778,15.699
HER2,4d1o,ARG,285,1,B,1673,NE,50.084,230.274,6.591,9.842
HER2,4d1o,ARG,285,1,B,1674,CZ,49.273,231.252,6.199,4.831
HER2,4d1o,ARG,285,1,B,1675,NH1,49.425,231.795,4.995,16.404
HER2,4d1o,ARG,285,1,B,1676,NH2,48.303,231.68,6.999,17.497
HER2,4d1o,ARG,329,1,B,2032,CD,46.816,226.08,-1.059,9.661
HER2,4d1o,ARG,329,1,B,2033,NE,46.907,224.845,-1.827,4.374
HER2,4d1o,ARG,329,1,B,2034,CZ,46.938,224.78,-3.155,4.831
HER2,4d1o,ARG,329,1,B,2035,NH1,46.891,225.89,-3.881,33.901
HER2,4d1o,ARG,329,1,B,2036,NH2,47.025,223.599,-3.76,28.433
HER2,4d1o,ARG,365,1,B,2310,CB,35.127,227.486,12.204,3.623
HER2,4d1o,ARG,365,1,B,2311,CG,33.663,227.732,12.645,7.246
HER2,4d1o,ARG,365,1,B,2312,CD,33.597,228.582,13.944,3.623
HER2,4d1o,ARG,365,1,B,2313,NE,34.507,228.046,14.964,2.187
HER2,4d1o,ARG,365,1,B,2314,CZ,34.271,226.946,15.677,7.246
HER2,4d1o,ARG,365,1,B,2315,NH1,33.146,226.254,15.503,43.744
HER2,4d1o,ARG,365,1,B,2316,NH2,35.169,226.524,16.556,32.808
HER2,4d1o,ARG,372,1,B,2367,O,45.149,229.037,13.722,9.643
HER2,4d1o,ARG,372,1,B,2370,CD,41.337,225.103,14.15,4.831
HER2,4d1o,ARG,372,1,B,2373,NH1,39.174,224.27,12.525,18.591
HER2,4d1o,ARG,388,1,B,2493,CA,42.978,249.951,17.833,6.038
HER2,4d1o,ARG,388,1,B,2495,O,42.11,249.76,20.064,41.787
HER2,4d1o,ARG,388,1,B,2496,CB,43.396,251.425,17.696,9.661
HER2,4d1o,ARG,388,1,B,2497,CG,44.76,251.648,17.05,27.775
HER2,4d1o,ARG,388,1,B,2498,CD,44.699,252.616,15.862,21.737
HER2,4d1o,ARG,388,1,B,2499,NE,44.93,254.015,16.223,20.778
HER2,4d1o,ARG,388,1,B,2500,CZ,43.985,254.95,16.284,9.661
HER2,4d1o,ARG,388,1,B,2501,NH1,42.723,254.647,16.014,17.497
HER2,4d1o,ARG,388,1,B,2502,NH2,44.305,256.195,16.616,56.867
HER2,4d1o,ARG,438,1,B,2886,CA,7.939,211.875,12.491,6.038
HER2,4d1o,ARG,438,1,B,2887,C,7.488,212.588,13.76,3.623
HER2,4d1o,ARG,438,1,B,2888,O,7.631,212.052,14.852,11.786
HER2,4d1o,ARG,438,1,B,2889,CB,9.458,211.671,12.574,1.208
HER2,4d1o,ARG,438,1,B,2890,CG,10.032,210.741,11.524,8.453
HER2,4d1o,ARG,438,1,B,2891,CD,11.329,210.084,12.013,10.869
HER2,4d1o,ARG,438,1,B,2894,NH1,13.951,209.422,12.776,6.562
HER2,4d1o,ARG,474,1,B,3168,CA,28.643,208.87,17.564,4.831
HER2,4d1o,ARG,474,1,B,3171,CB,28.385,207.611,18.415,2.415
HER2,4d1o,ARG,474,1,B,3172,CG,26.916,207.258,18.61,8.453
HER2,4d1o,ARG,474,1,B,3173,CD,26.771,205.848,19.181,2.415
HER2,4d1o,ARG,474,1,B,3174,NE,27.928,205.473,19.996,9.842
HER2,4d1o,ARG,474,1,B,3175,CZ,28.253,204.224,20.325,3.623
HER2,4d1o,ARG,474,1,B,3176,NH1,27.511,203.194,19.916,5.468
HER2,4d1o,ARG,474,1,B,3177,NH2,29.33,204.002,21.065,34.995
HER2,4d1o,ARG,700,1,B,3236,N,33.712,221.702,9.956,24.059
HER2,4d1o,ARG,700,1,B,3237,CA,34.616,220.706,9.374,7.246
HER2,4d1o,ARG,700,1,B,3238,C,35.699,221.415,8.587,2.415
HER2,4d1o,ARG,700,1,B,3239,O,35.734,222.668,8.616,1.071
HER2,4d1o,ARG,700,1,B,3241,CG,32.755,218.935,9.176,14.492
HER2,4d1o,ARG,700,1,B,3242,CD,31.793,218.257,8.188,9.661
HER2,4d1o,ARG,700,1,B,3243,NE,31.164,219.335,7.415,3.281
HER2,4d1o,ARG,700,1,B,3244,CZ,30.275,219.193,6.426,4.831
HER2,4d1o,ARG,700,1,B,3245,NH1,29.876,217.978,6.044,21.872
HER2,4d1o,ARG,700,1,B,3246,NH2,29.793,220.267,5.803,10.936
HER2,5b8d,6T4,1306,1,A,874,C1,-2.509,0.131,14.417,33.814
HER2,5b8d,6T4,1306,1,A,875,C2,-1.388,1.095,14.117,4.831
HER2,5b8d,6T4,1306,1,A,876,C3,1.028,1.359,14.242,1.208
HER2,5b8d,6T4,1306,1,A,878,C5,2.798,2.937,13.772,4.831
HER2,5b8d,6T4,1306,1,A,880,O,-1.58,2.195,13.607,26.786
HER2,5b8d,6T4,1306,1,A,881,N,-0.138,0.641,14.456,1.094
HER2,5b8d,6T4,1306,1,A,882,S,1.067,2.985,13.633,16.728
HER2,4g5j,0WN,1101,1,A,2481,C1,53.179,-1.616,-21.729,1.208
HER2,4g5j,0WN,1101,1,A,2487,C7,50.245,1.523,-19.135,1.208
HER2,4g5j,0WN,1101,1,A,2488,C8,50.709,1.535,-20.453,3.623
HER2,4g5j,0WN,1101,1,A,2491,N11,51.626,1.325,-23.267,4.374
HER2,4g5j,0WN,1101,1,A,2497,C17,51.543,2.03,-25.551,7.246
HER2,4g5j,0WN,1101,1,A,2500,O20,50.214,0.487,-16.992,1.071
HER2,4g5j,0WN,1101,1,A,2502,C22,50.327,-1.827,-16.047,1.208
HER2,4g5j,0WN,1101,1,A,2503,O23,49.723,-2.243,-14.826,5.357
HER2,4g5j,0WN,1101,1,A,2504,C24,49.197,-1.053,-14.252,27.775
HER2,4g5j,0WN,1101,1,A,2505,C25,50.146,0.072,-14.615,18.114
HER2,4g5j,0WN,1101,1,A,2506,N26,49.457,2.563,-18.547,9.842
HER2,4g5j,0WN,1101,1,A,2507,C27,49.568,3.957,-18.748,3.623
HER2,4g5j,0WN,1101,1,A,2508,C28,48.675,4.884,-17.968,20.53
HER2,4g5j,0WN,1101,1,A,2509,O29,50.361,4.417,-19.549,6.429
HER2,4g5j,0WN,1101,1,A,2511,C31,47.902,7.464,-18.167,7.246
HER2,4g5j,0WN,1101,1,A,2513,C33,47.478,7.801,-20.584,43.475
HER2,4g5j,0WN,1101,1,A,2514,C34,47.187,9.659,-19.029,35.021
HER2,5kh9,6T5,1305,1,A,843,O,-2.552,5.217,6.263,48.216
HER2,5kh9,6T5,1305,1,A,845,N1,-0.881,3.896,6.961,6.562
HER2,5kh9,6T5,1305,1,A,846,N2,-0.348,2.881,7.718,5.468
HER2,5kh9,6T5,1305,1,A,849,N,-3.05,3.553,7.778,4.374
HER2,5kh9,6T5,1305,1,A,852,C4,-4.854,2.124,9.49,2.415
HER2,5kh9,6T5,1305,1,A,853,C9,-5.434,1.806,10.717,10.869
HER2,5kh9,6T5,1305,1,A,854,C8,-6.805,1.898,10.883,26.568
HER2,5kh9,6T5,1305,1,A,855,C7,-7.636,2.258,9.824,3.623
HER2,5kh9,6T5,1305,1,A,856,C10,-9.141,2.352,10.053,10.869
HER2,5kh9,6T5,1305,1,A,857,C12,-9.59,3.786,10.369,57.966
HER2,5kh9,6T5,1305,1,A,858,C11,-9.969,1.728,8.924,56.759
HER2,5kh9,6T5,1305,1,A,859,C6,-7.053,2.507,8.583,21.737
HER2,5kh9,6T5,1305,1,A,860,C5,-5.682,2.429,8.407,8.453
HER2,4g5j,0WM,1102,1,A,2515,C1,59.274,-5.56,-5.435,47.098
HER2,4g5j,0WM,1102,1,A,2516,N2,60.565,-5.101,-5.454,6.562
HER2,4g5j,0WM,1102,1,A,2517,N3,58.253,-4.642,-5.372,20.778
HER2,4g5j,0WM,1102,1,A,2518,C4,60.864,-3.758,-5.41,7.246
HER2,4g5j,0WM,1102,1,A,2519,C5,58.523,-3.29,-5.328,3.623
HER2,4g5j,0WM,1102,1,A,2520,C6,59.833,-2.818,-5.347,6.038
HER2,4g5j,0WM,1102,1,A,2521,C7,58.96,-0.565,-5.249,4.831
HER2,4g5j,0WM,1102,1,A,2522,C8,60.046,-1.435,-5.306,8.453
HER2,4g5j,0WM,1102,1,A,2523,C9,57.661,-1.051,-5.228,2.415
HER2,4g5j,0WM,1102,1,A,2524,C10,57.447,-2.422,-5.268,14.492
HER2,4g5j,0WM,1102,1,A,2525,N11,62.228,-3.389,-5.458,9.842
HER2,4g5j,0WM,1102,1,A,2526,C12,64.374,-6.441,-5.959,7.246
HER2,4g5j,0WM,1102,1,A,2527,C13,65.605,-5.827,-6.046,7.246
HER2,4g5j,0WM,1102,1,A,2528,C14,63.233,-5.681,-5.766,10.869
HER2,4g5j,0WM,1102,1,A,2529,C15,65.708,-4.456,-5.938,33.814
HER2,4g5j,0WM,1102,1,A,2530,C16,63.319,-4.288,-5.656,7.246
HER2,4g5j,0WM,1102,1,A,2531,C17,64.571,-3.695,-5.748,31.398
HER2,4g5j,0WM,1102,1,A,2532,F18,66.692,-6.551,-6.23,40.368
HER2,4g5j,0WM,1102,1,A,2533,CL1,64.27,-8.154,-6.093,67.332
HER2,4g5j,0WM,1102,1,A,2534,O20,56.652,-0.123,-5.169,3.214
HER2,4g5j,0WM,1102,1,A,2535,C21,55.249,-0.347,-5.324,6.038
HER2,4g5j,0WM,1102,1,A,2536,C22,54.51,0.958,-5.642,14.492
HER2,4g5j,0WM,1102,1,A,2537,O23,54.205,1.592,-4.398,9.643
HER2,4g5j,0WM,1102,1,A,2538,C24,53.979,0.527,-3.479,41.059
HER2,4g5j,0WM,1102,1,A,2539,C25,54.585,-0.752,-4.038,28.983
HER2,4g5j,0WM,1102,1,A,2540,N26,59.056,0.847,-5.211,4.374
HER2,4g5j,0WM,1102,1,A,2541,C27,60.117,1.741,-5.255,2.415
HER2,4g5j,0WM,1102,1,A,2542,C28,59.635,3.139,-5.177,6.038
HER2,4g5j,0WM,1102,1,A,2543,O29,61.294,1.444,-5.324,12.858
HER2,4g5j,0WM,1102,1,A,2544,C30,60.413,4.225,-5.132,1.208
HER2,4g5j,0WM,1102,1,A,2545,C31,59.642,5.536,-5.033,7.246
HER2,4g5j,0WM,1103,1,A,2549,C1,56.887,2.459,1.378,42.267
HER2,4g5j,0WM,1103,1,A,2550,N2,57.963,1.602,1.382,5.468
HER2,4g5j,0WM,1103,1,A,2551,N3,57.115,3.813,1.496,19.685
HER2,4g5j,0WM,1103,1,A,2552,C4,59.264,2.068,1.514,8.453
HER2,4g5j,0WM,1103,1,A,2553,C5,58.4,4.299,1.624,7.246
HER2,4g5j,0WM,1103,1,A,2554,C6,59.507,3.442,1.629,4.831
HER2,4g5j,0WM,1103,1,A,2555,C7,60.953,5.394,1.862,1.208
HER2,4g5j,0WM,1103,1,A,2556,C8,60.789,4.006,1.754,8.453
HER2,4g5j,0WM,1103,1,A,2557,C9,59.836,6.23,1.867,3.623
HER2,4g5j,0WM,1103,1,A,2558,C10,58.558,5.67,1.743,8.453
HER2,4g5j,0WM,1103,1,A,2559,N11,60.306,1.112,1.571,10.936
HER2,4g5j,0WM,1103,1,A,2560,C12,58.883,-2.359,2.013,3.623
HER2,4g5j,0WM,1103,1,A,2561,C13,60.038,-3.107,1.841,8.453
HER2,4g5j,0WM,1103,1,A,2562,C14,58.922,-0.972,1.951,12.076
HER2,4g5j,0WM,1103,1,A,2563,C15,61.232,-2.453,1.612,33.814
HER2,4g5j,0WM,1103,1,A,2564,C16,60.132,-0.304,1.714,4.831
HER2,4g5j,0WM,1103,1,A,2565,C17,61.28,-1.07,1.548,28.983
HER2,4g5j,0WM,1103,1,A,2566,F18,60.018,-4.438,1.894,39.333
HER2,4g5j,0WM,1103,1,A,2567,CL1,57.39,-3.157,2.318,66.086
HER2,4g5j,0WM,1103,1,A,2571,O23,59.457,10.537,3.371,1.071
HER2,4g5j,0WM,1103,1,A,2572,C24,58.826,9.536,4.161,27.775
HER2,4g5j,0WM,1103,1,A,2573,C25,58.131,8.584,3.212,20.53
HER2,4g5j,0WM,1103,1,A,2574,N26,62.208,6.053,2.014,2.187
HER2,4g5j,0WM,1103,1,A,2575,C27,63.512,5.566,2.038,3.623
HER2,4g5j,0WM,1103,1,A,2576,C28,64.589,6.573,2.273,3.623
HER2,4g5j,0WM,1103,1,A,2577,O29,63.763,4.386,1.908,18.215
HER2,4g5j,0WM,1103,1,A,2578,C30,65.877,6.228,2.467,12.076
HER2,4g5j,0WM,1103,1,A,2579,C31,66.893,7.343,2.738,15.699
HER2,4g5j,0WM,1103,1,A,2580,N32,68.28,7.173,2.221,7.655
HER2,4g5j,0WM,1103,1,A,2581,C33,68.471,6.074,1.226,33.814
HER2,4g5j,0WM,1103,1,A,2582,C34,68.809,8.455,1.675,24.153
HER2,5v61,FRZ,801,1,I,134,C1,-12.937,16.297,-17.896,36.229
HER2,5v61,FRZ,801,1,I,135,C2,-12.101,15.635,-16.967,31.398
HER2,5v61,FRZ,801,1,I,136,N3,-11.932,16.184,-15.75,2.187
HER2,5v61,FRZ,801,1,I,137,C4,-12.518,17.339,-15.437,4.831
HER2,5v61,FRZ,801,1,I,138,C5,-13.341,18.059,-16.29,25.36
HER2,5v61,FRZ,801,1,I,139,C6,-13.57,17.51,-17.565,36.229
HER2,5v61,FRZ,801,1,I,140,N7,-11.111,15.633,-14.781,19.685
HER2,5v61,FRZ,801,1,I,141,C8,-11.181,16.489,-13.733,3.623
HER2,5v61,FRZ,801,1,I,142,C9,-12.085,17.616,-14.072,3.623
HER2,5v61,FRZ,801,1,I,144,C11,-10.488,16.344,-12.455,2.415
HER2,5v61,FRZ,801,1,I,145,C12,-11.071,16.686,-11.219,13.284
HER2,5v61,FRZ,801,1,I,146,C13,-10.326,16.524,-10.029,31.398
HER2,5v61,FRZ,801,1,I,147,C14,-9.035,16.056,-10.078,36.229
HER2,5v61,FRZ,801,1,I,148,C15,-8.463,15.757,-11.32,36.229
HER2,5v61,FRZ,801,1,I,149,C16,-9.165,15.891,-12.505,26.568
HER2,5v61,FRZ,801,1,I,150,C22,-11.588,19.554,-12.619,13.284
HER2,5v61,FRZ,801,1,I,151,C23,-12.066,20.615,-11.9,3.623
HER2,5v61,FRZ,801,1,I,152,C24,-13.491,20.895,-11.82,8.453
HER2,5v61,FRZ,801,1,I,153,N25,-14.359,20.085,-12.45,26.246
HER2,5v61,FRZ,801,1,I,154,N26,-13.801,19.005,-13.159,12.029
HER2,5v61,FRZ,801,1,I,155,C27,-11.501,21.696,-11.115,9.661
HER2,5v61,FRZ,801,1,I,156,N28,-12.392,22.52,-10.615,32.808
HER2,5v61,FRZ,801,1,I,157,N29,-13.587,21.995,-11.092,27.34
HER2,5v61,FRZ,801,1,I,158,N30,-10.216,21.847,-10.877,50.305
HER2,5wbn,9ZV,1304,1,A,837,C17,-3.341,3.56,13.225,31.398
HER2,5wbn,9ZV,1304,1,A,838,C11,-3.515,2.714,7.786,2.415
HER2,5wbn,9ZV,1304,1,A,840,C8,-0.155,5.495,3.156,19.322
HER2,5wbn,9ZV,1304,1,A,841,N1,-3.089,3.41,6.717,4.374
HER2,5wbn,9ZV,1304,1,A,843,O2,-4.72,2.687,8.11,28.929
HER2,5wbn,9ZV,1304,1,A,846,C3,0.545,2.904,7.027,1.208
HER2,5wbn,9ZV,1304,1,A,849,C6,-2.082,4.746,4.374,8.453
HER2,5wbn,9ZV,1304,1,A,850,C7,-1.528,5.431,3.303,20.53
HER2,5wbn,9ZV,1304,1,A,854,C19,-4.313,2.149,11.549,8.453
HER2,5wbn,9ZV,1304,1,A,855,C18,-4.444,2.943,12.684,31.398
HER2,5wbn,9ZV,1304,1,A,856,C16,-2.099,3.381,12.649,18.114
HER2,5wbn,9ZV,1304,1,A,857,C15,-1.96,2.59,11.516,7.246
HER2,5wbn,9ZV,1304,1,A,858,N3,-0.819,2.812,7.287,1.094
HER2,5wbn,9ZV,1304,1,A,860,O,3.021,4.327,8.743,4.286
HER2,5vyy,9QY,301,1,A,3193,CAA,-3.922,-35.117,7.424,3.623
HER2,5vyy,9QY,301,1,A,3197,CAI,1.593,-36.317,5.631,10.869
HER2,5vyy,9QY,301,1,A,3200,CAL,2.169,-35.458,4.778,7.246
HER2,5vyy,9QY,301,1,A,3210,CAX,0.038,-35.404,4.46,2.415
HER2,5vyy,9QY,301,1,A,3213,NAQ,0.267,-36.292,5.431,14.217
HER2,5vyy,9QY,301,1,A,3218,OAR,-3.947,-35.055,5.984,3.214
HER2,5vyy,9QY,301,1,A,3220,HAB,-3.532,-36.075,7.664,14.441
HER2,5vyy,9QY,301,1,A,3226,HAI,2.114,-36.925,6.37,16.14
HER2,5vyy,9QY,301,1,A,3229,HAL,3.235,-35.242,4.709,2.548
HER2,5vyy,9QY,301,1,A,3232,HAN,-1.905,-35.895,4.268,6.796
HER2,5vyy,9QY,301,1,A,3235,HAR,2.4,-34.175,2.506,4.247
HER2,5li9,MRD,610,1,A,2778,O2,-21.434,11.655,-11.345,1.071
HER2,5li9,MRD,610,1,A,2779,CM,-23.671,11.645,-10.438,32.606
HER2,5li9,MRD,610,1,A,2781,C4,-22.625,14.442,-10.754,1.208
HER2,5li9,MRD,610,1,A,2782,O4,-21.558,13.95,-9.971,9.643
HER2,5li9,MRD,610,1,A,2783,C5,-23.869,14.626,-9.888,45.89
HER2,6ehj,COA,513,1,A,3188,N1A,23.466,56.36,22.118,4.374
HER2,6ehj,COA,513,1,A,3189,C2A,24.06,55.873,23.216,4.831
HER2,6ehj,COA,513,1,A,3194,N6A,22.252,58.036,20.993,4.374
HER2,6ehj,COA,513,1,A,3195,N7A,22.357,59.515,23.774,7.655
HER2,6ehj,COA,513,1,A,3196,C8A,22.69,59.658,25.08,10.869
HER2,6ehj,COA,513,1,A,3199,C2B,24.695,59.631,27.294,7.246
HER2,6ehj,COA,513,1,A,3200,O2B,26.055,59.5,26.871,4.286
HER2,6ehj,COA,513,1,A,3201,C3B,24.558,59.645,28.798,6.038
HER2,6ehj,COA,513,1,A,3204,O7A,26.745,59.705,31.326,16.072
HER2,6ehj,COA,513,1,A,3206,O9A,27.372,60.435,29.061,5.357
HER2,6ehj,COA,513,1,A,3207,C4B,23.177,59.051,29.024,2.415
HER2,6ehj,COA,513,1,A,3209,C5B,22.126,60.12,29.29,15.699
HER2,6ehj,COA,513,1,A,3212,O1A,19.438,61.25,30.82,12.858
HER2,6ehj,COA,513,1,A,3214,O3A,19.467,61.053,28.288,5.357
HER2,6ehj,COA,513,1,A,3217,O5A,18.199,62.612,26.772,18.215
HER2,6ehj,COA,513,1,A,3221,CDP,18.791,59.671,22.945,3.623
HER2,6ehj,COA,513,1,A,3224,OAP,17.341,61.957,24.193,9.643
HER2,6ehj,COA,513,1,A,3227,N8P,16.776,61.295,21.699,3.281
HER2,6ehj,COA,513,1,A,3228,C7P,16.137,61.662,20.457,9.661
HER2,6ehj,COA,513,1,A,3231,O5P,18.667,60.86,19.353,19.286
HER2,6ehj,COA,513,1,A,3234,C2P,19.701,57.656,18.087,4.831
HER2,6ehj,COA,513,1,A,3235,S1P,21.446,57.229,18.278,21.876
HER2,6ehj,MYA,503,1,A,2992,S1,21.158,56.566,18.139,10.294
HER2,6ehj,MYA,503,1,A,2993,C2,19.54,57.255,18.163,2.415
HER2,6ehj,MYA,503,1,A,2994,C3,19.514,58.361,19.205,1.208
HER2,6ehj,MYA,503,1,A,2997,O5,18.699,60.909,19.178,20.358
HER2,6ehj,MYA,503,1,A,2999,C7,16.13,61.629,20.333,7.246
HER2,6ehj,MYA,503,1,A,3000,N8,16.698,61.494,21.653,3.281
HER2,6ehj,MYA,503,1,A,3004,O10,17.455,62.03,24.055,11.786
HER2,6ehj,MYA,503,1,A,3007,C13,18.924,59.594,22.906,3.623
HER2,6ehj,MYA,503,1,A,3010,O1A,19.424,61.254,30.895,11.786
HER2,6ehj,MYA,503,1,A,3016,C2M,20.889,54.942,17.928,2.415
HER2,6ehj,MYA,503,1,A,3018,C2X,24.649,59.702,27.292,7.246
HER2,6ehj,MYA,503,1,A,3019,O2X,26.004,59.597,26.828,4.286
HER2,6ehj,MYA,503,1,A,3021,O3A,19.442,61.093,28.328,4.286
HER2,6ehj,MYA,503,1,A,3023,C3X,24.555,59.678,28.8,4.831
HER2,6ehj,MYA,503,1,A,3029,C4X,23.168,59.089,29.041,1.208
HER2,6ehj,MYA,503,1,A,3032,O5A,18.251,62.525,26.615,17.143
HER2,6ehj,MYA,503,1,A,3034,C5X,22.122,60.171,29.286,15.699
HER2,6ehj,MYA,503,1,A,3037,N6A,22.201,58.103,20.985,5.468
HER2,6ehj,MYA,503,1,A,3040,N7A,22.284,59.625,23.779,8.749
HER2,6ehj,MYA,503,1,A,3043,C8A,22.618,59.764,25.091,12.076
HER2,6ehj,MYA,503,1,A,3044,O8A,26.691,59.777,31.339,17.143
HER2,6ehj,MYA,503,1,A,3047,O9A,27.429,60.471,29.055,5.357
HER2,6ehj,PRO,124,1,A,89,CA,32.955,47.277,28.223,1.208
HER2,6ehj,PRO,124,1,A,94,CD,30.591,47.058,28.825,7.246
HER2,6ehj,PRO,126,1,A,103,CA,37.555,51.532,25.322,1.208
HER2,6ehj,PRO,126,1,A,107,CG,37.483,50.531,23.1,6.038
HER2,6ehj,PRO,126,1,A,108,CD,36.084,50.607,23.622,2.415
HER2,6ehj,PRO,137,1,A,185,O,38.288,41.974,25.169,22.501
HER2,6ehj,PRO,137,1,A,186,CB,35.882,40.116,24.153,2.415
HER2,6ehj,PRO,137,1,A,187,CG,36.899,39.087,23.911,31.398
HER2,6ehj,PRO,137,1,A,188,CD,37.63,39.49,22.646,18.114
HER2,6ehj,PRO,140,1,A,205,N,34.741,38.832,29.257,1.094
HER2,6ehj,PRO,140,1,A,206,CA,34.376,37.504,28.745,7.246
HER2,6ehj,PRO,140,1,A,208,O,32.049,38.044,29.124,1.071
HER2,6ehj,PRO,140,1,A,209,CB,34.877,36.551,29.834,27.775
HER2,6ehj,PRO,140,1,A,210,CG,34.918,37.373,31.064,35.021
HER2,6ehj,PRO,140,1,A,211,CD,35.295,38.755,30.621,28.983
HER2,6ehj,PRO,149,1,A,285,O,14.855,44.109,36.448,12.858
HER2,6ehj,PRO,149,1,A,286,CB,13.211,43.424,33.774,4.831
HER2,6ehj,PRO,149,1,A,287,CG,12.476,42.1,33.772,26.568
HER2,6ehj,PRO,149,1,A,288,CD,13.045,41.349,34.942,20.53
HER2,6ehj,PRO,153,1,A,317,CA,11.547,54.611,37.566,10.869
HER2,6ehj,PRO,153,1,A,319,O,9.418,53.552,37.183,1.071
HER2,6ehj,PRO,153,1,A,320,CB,11.609,55.943,36.813,8.453
HER2,6ehj,PRO,153,1,A,321,CG,12.715,55.767,35.838,10.869
HER2,6ehj,PRO,153,1,A,322,CD,12.712,54.317,35.448,1.208
HER2,6ehj,PRO,194,1,A,622,C,5.632,50.375,8.939,1.208
HER2,6ehj,PRO,194,1,A,624,CB,3.401,51.222,9.759,8.453
HER2,6ehj,PRO,194,1,A,625,CG,2.833,52.399,9.014,16.907
HER2,6ehj,PRO,194,1,A,626,CD,3.801,53.513,9.246,10.869
HER2,6ehj,PRO,203,1,A,703,C,14.95,39.525,9.906,1.208
HER2,6ehj,PRO,203,1,A,705,CB,16.22,41.648,9.472,1.208
HER2,6ehj,PRO,203,1,A,706,CG,16.293,42.063,10.941,1.208
HER2,6ehj,PRO,204,1,A,709,CA,15.689,37.234,9.608,7.246
HER2,6ehj,PRO,204,1,A,710,C,16.318,37.196,10.997,1.208
HER2,6ehj,PRO,204,1,A,711,O,17.293,37.891,11.28,3.214
HER2,6ehj,PRO,204,1,A,712,CB,16.617,36.619,8.562,18.114
HER2,6ehj,PRO,204,1,A,713,CG,16.238,37.312,7.308,9.661
HER2,6ehj,PRO,204,1,A,714,CD,15.837,38.721,7.691,3.623
HER2,6ehj,PRO,208,1,A,745,CB,8.766,39.227,20.235,21.737
HER2,6ehj,PRO,208,1,A,746,CG,9.245,37.864,20.424,27.775
HER2,6ehj,PRO,208,1,A,747,CD,10.422,37.686,19.494,12.076
HER2,6ehj,PRO,230,1,A,915,O,20.952,40.381,12.481,5.357
HER2,6ehj,PRO,230,1,A,916,CB,20.443,38.542,14.97,4.831
HER2,6ehj,PRO,230,1,A,917,CG,19.055,38.556,14.347,4.831
HER2,6ehj,PRO,261,1,A,1173,CB,21.747,54.629,31.572,3.623
HER2,6ehj,PRO,261,1,A,1174,CG,21.631,56.074,31.314,20.53
HER2,6ehj,PRO,261,1,A,1175,CD,20.275,56.261,30.733,4.831
HER2,6ehj,PRO,288,1,A,1388,CB,33.799,55.871,25.78,2.415
HER2,6ehj,PRO,288,1,A,1389,CG,33.168,57.074,26.459,2.415
HER2,6ehj,PRO,290,1,A,1403,O,36.436,54.861,17.245,9.643
HER2,6ehj,PRO,290,1,A,1404,CB,34.209,56.927,17.261,4.831
HER2,6ehj,PRO,290,1,A,1405,CG,33.966,57.859,18.428,7.246
HER2,6ehj,PRO,290,1,A,1406,CD,34.708,57.235,19.571,4.831
HER2,6ehj,PRO,303,1,A,1514,O,15.602,74.068,-4.013,4.286
HER2,6ehj,PRO,303,1,A,1515,CB,17.429,72.939,-6.478,1.208
HER2,6ehj,PRO,303,1,A,1517,CD,16.238,71.226,-7.617,10.869
HER2,6ehj,PRO,330,1,A,1690,N,19.571,64.07,-16.249,1.094
HER2,6ehj,PRO,330,1,A,1691,CA,18.849,63.35,-17.308,9.661
HER2,6ehj,PRO,330,1,A,1693,O,17.268,62.658,-15.648,4.286
HER2,6ehj,PRO,330,1,A,1694,CB,19.794,62.19,-17.649,12.076
HER2,6ehj,PRO,330,1,A,1695,CG,21.145,62.641,-17.229,32.606
HER2,6ehj,PRO,330,1,A,1696,CD,20.978,63.639,-16.128,14.492
HER2,6ehj,PRO,333,1,A,1716,O,19.895,55.84,-18.97,21.429
HER2,6ehj,PRO,333,1,A,1717,CB,19.542,55.222,-15.798,2.415
HER2,6ehj,PRO,333,1,A,1718,CG,18.201,55.364,-15.169,3.623
HER2,6ehj,PRO,333,1,A,1719,CD,17.342,56.052,-16.19,10.869
HER2,6ehj,PRO,340,1,A,1768,CB,13.189,46.751,-10.85,20.53
HER2,6ehj,PRO,340,1,A,1769,CG,12.822,47.769,-11.896,27.775
HER2,6ehj,PRO,340,1,A,1770,CD,13.751,47.445,-13.039,24.153
HER2,6ehj,PRO,347,1,A,1822,C,22.773,35.648,-5.993,1.208
HER2,6ehj,PRO,347,1,A,1823,O,23.759,35.807,-5.258,3.214
HER2,6ehj,PRO,347,1,A,1824,CB,21.483,33.513,-6.384,24.153
HER2,6ehj,PRO,347,1,A,1825,CG,20.039,33.243,-6.453,25.36
HER2,6ehj,PRO,347,1,A,1826,CD,19.361,34.586,-6.449,3.623
HER2,6ehj,PRO,364,1,A,1971,O,28.71,41.65,5.509,4.286
HER2,6ehj,PRO,364,1,A,1972,CB,26.492,43.274,7.07,7.246
HER2,6ehj,PRO,377,1,A,2088,C,10.98,46.088,-2.954,1.208
HER2,6ehj,PRO,377,1,A,2089,O,10.208,45.144,-3.108,16.072
HER2,6ehj,PRO,377,1,A,2090,CB,12.243,46.474,-5.11,21.737
HER2,6ehj,PRO,377,1,A,2091,CG,13.34,45.676,-5.766,2.415
HER2,6ehj,PRO,377,1,A,2092,CD,13.375,44.377,-4.991,1.208
HER2,6ehj,PRO,404,1,A,2303,CB,9.43,61.032,4.297,2.415
HER2,6ehj,PRO,404,1,A,2304,CG,9.111,59.571,4.059,20.53
HER2,6ehj,PRO,404,1,A,2305,CD,10.207,58.772,4.689,7.246
HER2,6ehj,PRO,430,1,A,2455,CA,32.038,52.596,-13.196,7.246
HER2,6ehj,PRO,430,1,A,2458,CB,32.495,53.718,-14.134,20.53
HER2,6ehj,PRO,430,1,A,2459,CG,32.568,53.034,-15.519,35.021
HER2,6ehj,PRO,430,1,A,2460,CD,31.436,52.042,-15.51,7.246
HER2,6ehj,PRO,484,1,A,2892,CB,43.103,49.601,15.213,18.114
HER2,6ehj,PRO,484,1,A,2893,CG,43.554,48.235,15.568,13.284
HER2,6ehj,PRO,510,1,A,3140,N,22.569,70.148,4.532,6.562
HER2,6ehj,PRO,510,1,A,3144,C,24.321,71.873,4.81,14.492
HER2,6ehj,PRO,510,1,A,3146,O,23.548,72.687,5.27,24.644
HER2,6ehj,PRO,510,1,A,3148,CB,23.298,71.268,2.594,15.699
HER2,6ehj,PRO,510,1,A,3150,CG,22.065,70.451,2.285,4.831
HER2,6ehj,PRO,510,1,A,3152,CD,21.422,70.192,3.631,1.208
HER2,6ehj,SER,116,1,A,12,N,33.541,63.673,31.214,3.281
HER2,6ehj,SER,116,1,A,13,CA,33.031,62.707,32.183,1.208
HER2,6ehj,SER,116,1,A,15,O,30.838,62.584,31.215,9.643
HER2,6ehj,SER,116,1,A,16,CB,32.625,63.417,33.477,32.606
HER2,6ehj,SER,116,1,A,17,OG,32.18,62.496,34.456,39.644
HER2,6ehj,SER,193,1,A,615,CA,6.416,54.651,8.367,3.623
HER2,6ehj,SER,193,1,A,618,CB,6.221,54.542,6.856,27.775
HER2,6ehj,SER,193,1,A,619,OG,7.032,53.503,6.318,6.429
HER2,6ehj,SER,218,1,A,823,N,0.06,53.24,34.446,1.094
HER2,6ehj,SER,218,1,A,824,CA,-1.377,53.46,34.614,8.453
HER2,6ehj,SER,218,1,A,826,O,-3.15,53.048,33.06,36.43
HER2,6ehj,SER,218,1,A,827,CB,-1.634,54.689,35.487,37.436
HER2,6ehj,SER,218,1,A,828,OG,-1.258,55.867,34.788,30.001
HER2,6ehj,SER,219,1,A,830,CA,-2.083,54.642,31.049,7.246
HER2,6ehj,SER,219,1,A,832,O,-2.264,53.697,28.868,28.929
HER2,6ehj,SER,219,1,A,833,CB,-1.778,56.079,30.605,30.191
HER2,6ehj,SER,219,1,A,834,OG,-0.419,56.232,30.234,5.357
HER2,6ehj,SER,227,1,A,898,OG,15.854,48.378,17.295,2.143
HER2,6ehj,SER,256,1,A,1131,N,16.428,63.393,30.281,8.749
HER2,6ehj,SER,256,1,A,1132,CA,17.344,63.639,31.393,12.076
HER2,6ehj,SER,256,1,A,1133,C,16.796,63.13,32.723,2.415
HER2,6ehj,SER,256,1,A,1134,O,16.871,63.825,33.742,33.215
HER2,6ehj,SER,256,1,A,1135,CB,17.681,65.128,31.49,27.775
HER2,6ehj,SER,256,1,A,1136,OG,17.927,65.685,30.21,45.001
HER2,6ehj,SER,300,1,A,1494,OG,20.129,70.379,-3.111,11.786
HER2,6ehj,SER,312,1,A,1578,CA,19.268,74.133,1.647,2.415
HER2,6ehj,SER,312,1,A,1579,C,19.091,75.637,1.44,1.208
HER2,6ehj,SER,312,1,A,1580,O,17.971,76.152,1.496,4.286
HER2,6ehj,SER,312,1,A,1581,CB,19.499,73.396,0.301,4.831
HER2,6ehj,SER,312,1,A,1582,OG,20.871,73.316,-0.072,34.287
HER2,6ehj,SER,315,1,A,1601,N,23.51,80.159,-2.836,2.187
HER2,6ehj,SER,315,1,A,1602,CA,24.934,80.481,-2.773,6.038
HER2,6ehj,SER,315,1,A,1603,C,25.277,81.643,-3.704,15.699
HER2,6ehj,SER,315,1,A,1604,O,24.722,82.739,-3.584,24.644
HER2,6ehj,SER,315,1,A,1605,CB,25.778,79.252,-3.124,56.759
HER2,6ehj,SER,367,1,A,1990,N,23.444,36.291,4.996,1.094
HER2,6ehj,SER,367,1,A,1991,CA,22.924,35.094,4.353,6.038
HER2,6ehj,SER,367,1,A,1994,CB,22.037,34.287,5.316,32.606
HER2,6ehj,SER,367,1,A,1995,OG,20.801,34.949,5.545,8.572
HER2,6ehj,SER,399,1,A,2258,O,21.226,52.3,-2.474,1.071
HER2,6ehj,SER,405,1,A,2310,CB,12.601,64.52,7.346,10.869
HER2,6ehj,SER,405,1,A,2311,OG,12.764,65.55,6.389,7.5
HER2,6ehj,SER,415,1,A,2332,N,6.091,67.444,3.875,2.187
HER2,6ehj,SER,415,1,A,2334,C,8.203,66.509,3.038,1.208
HER2,6ehj,SER,415,1,A,2335,O,8.04,67.07,1.95,3.214
HER2,6ehj,SER,415,1,A,2336,CB,6.406,64.989,3.874,30.191
HER2,6ehj,SER,415,1,A,2337,OG,7.265,63.972,4.357,5.357
HER2,6ehj,SER,421,1,A,2380,O,22.722,54.394,1.843,10.715
HER2,6ehj,SER,421,1,A,2381,CB,23.76,56.075,-0.489,1.208
HER2,6ehj,SER,421,1,A,2382,OG,24.59,55.212,-1.243,2.143
HER2,6ehj,SER,436,1,A,2505,CB,25.512,59.258,-12.722,2.415
HER2,6ehj,SER,436,1,A,2506,OG,25.006,60.329,-13.492,25.715
HER2,6ehj,SER,485,1,A,2895,N,40.731,51.88,15.453,5.468
HER2,6ehj,SER,485,1,A,2898,O,41.123,51.94,12.799,15.0
HER2,6ehj,SER,485,1,A,2899,CB,39.643,54.05,15.165,7.246
HER2,6ehj,SER,485,1,A,2900,OG,40.911,54.686,15.118,39.644
HER2,6ehj,SER,505,1,A,3064,N,20.317,56.461,13.663,7.655
HER2,6ehj,SER,505,1,A,3068,C,20.787,58.82,13.085,10.869
HER2,6ehj,SER,505,1,A,3070,O,20.043,59.117,14.034,9.643
HER2,6ehj,SER,505,1,A,3072,CB,20.055,57.189,11.315,2.415
HER2,6ehj,SER,505,1,A,3074,OG,20.366,55.942,10.715,5.357
HER2,6ehj,SER,508,1,A,3110,N,20.845,65.069,9.351,41.556
HER2,6ehj,SER,508,1,A,3112,CA,21.836,66.016,8.782,4.831
HER2,6ehj,SER,508,1,A,3114,C,21.207,66.866,7.675,14.492
HER2,6ehj,SER,508,1,A,3116,O,20.179,66.457,7.115,20.358
HER2,6ehj,SER,508,1,A,3118,CB,23.055,65.292,8.28,2.415
HER2,6ehj,COA,503,1,B,3016,N1A,61.71,79.942,50.399,3.281
HER2,6ehj,COA,503,1,B,3017,C2A,62.302,79.418,51.48,3.623
HER2,6ehj,COA,503,1,B,3022,N6A,60.473,81.638,49.337,5.468
HER2,6ehj,COA,503,1,B,3023,N7A,60.479,82.986,52.184,6.562
HER2,6ehj,COA,503,1,B,3024,C8A,60.78,83.068,53.5,13.284
HER2,6ehj,COA,503,1,B,3027,C2B,62.709,83.009,55.686,7.246
HER2,6ehj,COA,503,1,B,3028,O2B,64.09,83.008,55.296,2.143
HER2,6ehj,COA,503,1,B,3029,C3B,62.523,82.959,57.179,6.038
HER2,6ehj,COA,503,1,B,3032,O7A,64.592,83.284,59.593,16.072
HER2,6ehj,COA,503,1,B,3034,O9A,65.136,83.92,57.284,1.071
HER2,6ehj,COA,503,1,B,3035,C4B,61.176,82.296,57.355,1.208
HER2,6ehj,COA,503,1,B,3037,C5B,60.083,83.332,57.53,13.284
HER2,6ehj,COA,503,1,B,3038,O5B,58.916,82.659,57.957,2.143
HER2,6ehj,COA,503,1,B,3040,O1A,57.491,84.669,58.559,19.286
HER2,6ehj,COA,503,1,B,3042,O3A,57.17,83.598,56.292,3.214
HER2,6ehj,COA,503,1,B,3045,O5A,55.337,85.206,55.554,9.643
HER2,6ehj,COA,503,1,B,3048,CCP,56.624,82.962,53.458,2.415
HER2,6ehj,COA,503,1,B,3049,CDP,57.028,83.067,51.019,4.831
HER2,6ehj,COA,503,1,B,3052,OAP,55.174,84.981,52.074,16.072
HER2,6ehj,COA,503,1,B,3055,N8P,54.484,84.116,49.629,3.281
HER2,6ehj,COA,503,1,B,3056,C7P,53.803,84.087,48.354,7.246
HER2,6ehj,COA,503,1,B,3059,O5P,56.434,83.681,47.559,17.143
HER2,6ehj,COA,503,1,B,3062,C2P,58.406,80.718,46.71,14.492
HER2,6ehj,COA,503,1,B,3063,S1P,59.999,80.124,47.336,11.581
HER2,6ehj,PRO,124,1,B,89,CA,71.732,71.287,56.471,6.038
HER2,6ehj,PRO,124,1,B,94,CD,69.374,70.821,56.972,6.038
HER2,6ehj,PRO,126,1,B,103,CA,75.979,75.91,53.555,3.623
HER2,6ehj,PRO,126,1,B,107,CG,76.256,74.667,51.503,7.246
HER2,6ehj,PRO,126,1,B,108,CD,74.822,74.565,51.883,2.415
HER2,6ehj,PRO,137,1,B,176,O,77.628,66.459,53.253,25.715
HER2,6ehj,PRO,137,1,B,178,CG,76.517,63.475,51.924,30.191
HER2,6ehj,PRO,137,1,B,179,CD,77.367,63.937,50.773,19.322
HER2,6ehj,PRO,140,1,B,196,N,74.65,63.101,57.006,1.094
HER2,6ehj,PRO,140,1,B,197,CA,74.337,61.771,56.477,6.038
HER2,6ehj,PRO,140,1,B,199,O,72.09,62.077,57.306,4.286
HER2,6ehj,PRO,140,1,B,200,CB,75.111,60.836,57.408,31.398
HER2,6ehj,PRO,140,1,B,201,CG,75.095,61.565,58.721,32.606
HER2,6ehj,PRO,140,1,B,202,CD,75.212,63.032,58.369,25.36
HER2,6ehj,PRO,149,1,B,276,O,53.842,66.721,64.36,12.858
HER2,6ehj,PRO,149,1,B,277,CB,52.395,65.813,61.671,1.208
HER2,6ehj,PRO,149,1,B,278,CG,51.771,64.446,61.767,27.775
HER2,6ehj,PRO,149,1,B,279,CD,52.417,63.795,62.946,22.945
HER2,6ehj,PRO,153,1,B,307,N,50.224,75.937,64.775,1.094
HER2,6ehj,PRO,153,1,B,308,CA,49.529,76.79,65.747,10.869
HER2,6ehj,PRO,153,1,B,310,O,47.504,75.703,65.054,1.071
HER2,6ehj,PRO,153,1,B,311,CB,49.569,78.179,65.099,6.038
HER2,6ehj,PRO,153,1,B,312,CG,50.732,78.139,64.19,13.284
HER2,6ehj,PRO,153,1,B,313,CD,50.77,76.726,63.657,8.453
HER2,6ehj,PRO,194,1,B,645,CB,42.399,73.401,38.004,6.038
HER2,6ehj,PRO,194,1,B,646,CG,41.784,74.5,37.237,22.945
HER2,6ehj,PRO,194,1,B,647,CD,42.765,75.618,37.233,7.246
HER2,6ehj,PRO,203,1,B,726,CB,55.651,64.338,37.511,1.208
HER2,6ehj,PRO,203,1,B,727,CG,55.68,64.781,38.953,1.208
HER2,6ehj,PRO,204,1,B,730,CA,55.459,59.858,37.661,8.453
HER2,6ehj,PRO,204,1,B,731,C,56.13,59.871,39.033,2.415
HER2,6ehj,PRO,204,1,B,732,O,57.026,60.674,39.303,4.286
HER2,6ehj,PRO,204,1,B,733,CB,56.365,59.261,36.577,20.53
HER2,6ehj,PRO,204,1,B,734,CG,55.918,59.986,35.306,8.453
HER2,6ehj,PRO,204,1,B,735,CD,55.662,61.4,35.778,1.208
HER2,6ehj,PRO,208,1,B,763,CA,49.579,62.168,48.056,1.208
HER2,6ehj,PRO,208,1,B,766,CB,48.398,61.227,48.354,22.945
HER2,6ehj,PRO,208,1,B,767,CG,48.937,59.845,48.239,31.398
HER2,6ehj,PRO,208,1,B,768,CD,50.076,59.908,47.268,14.492
HER2,6ehj,PRO,230,1,B,935,C,61.129,63.366,41.729,1.208
HER2,6ehj,PRO,230,1,B,936,O,60.45,63.509,40.711,2.143
HER2,6ehj,PRO,230,1,B,937,CB,60.169,61.582,43.247,2.415
HER2,6ehj,PRO,230,1,B,938,CG,58.792,61.438,42.65,7.246
HER2,6ehj,PRO,261,1,B,1188,CB,59.893,77.701,59.655,4.831
HER2,6ehj,PRO,261,1,B,1189,CG,59.771,79.138,59.289,21.737
HER2,6ehj,PRO,261,1,B,1190,CD,58.417,79.246,58.655,7.246
HER2,6ehj,PRO,288,1,B,1403,CB,72.123,79.923,53.842,2.415
HER2,6ehj,PRO,288,1,B,1404,CG,71.203,80.854,54.592,2.415
HER2,6ehj,PRO,290,1,B,1418,O,74.732,79.109,45.507,8.572
HER2,6ehj,PRO,290,1,B,1419,CB,72.279,80.989,45.463,1.208
HER2,6ehj,PRO,290,1,B,1420,CG,72.159,81.925,46.615,6.038
HER2,6ehj,PRO,290,1,B,1421,CD,72.987,81.318,47.711,4.831
HER2,6ehj,PRO,303,1,B,1530,CB,54.24,95.792,22.298,1.208
HER2,6ehj,PRO,303,1,B,1532,CD,53.214,94.035,21.066,13.284
HER2,6ehj,PRO,330,1,B,1676,CA,56.452,86.433,11.034,10.869
HER2,6ehj,PRO,330,1,B,1678,O,54.897,85.406,12.553,7.5
HER2,6ehj,PRO,330,1,B,1679,CB,57.569,85.443,10.675,14.492
HER2,6ehj,PRO,330,1,B,1680,CG,58.825,86.145,11.069,36.229
HER2,6ehj,PRO,330,1,B,1681,CD,58.485,86.99,12.28,15.699
HER2,6ehj,PRO,333,1,B,1697,O,58.025,78.739,9.304,20.358
HER2,6ehj,PRO,333,1,B,1698,CB,57.659,78.262,12.453,1.208
HER2,6ehj,PRO,333,1,B,1699,CG,56.261,78.255,12.968,3.623
HER2,6ehj,PRO,333,1,B,1700,CD,55.428,78.88,11.907,13.284
HER2,6ehj,PRO,340,1,B,1745,CB,52.211,69.367,17.368,19.322
HER2,6ehj,PRO,340,1,B,1746,CG,51.733,70.266,16.258,30.191
HER2,6ehj,PRO,340,1,B,1747,CD,52.681,70.023,15.119,24.153
HER2,6ehj,PRO,347,1,B,1799,C,62.836,58.956,22.028,1.208
HER2,6ehj,PRO,347,1,B,1800,O,63.85,59.186,22.704,4.286
HER2,6ehj,PRO,347,1,B,1801,CB,61.737,56.698,21.708,25.36
HER2,6ehj,PRO,347,1,B,1802,CG,60.319,56.28,21.758,25.36
HER2,6ehj,PRO,347,1,B,1803,CD,59.564,57.555,21.634,3.623
HER2,6ehj,PRO,364,1,B,1948,O,68.213,65.301,33.633,4.286
HER2,6ehj,PRO,364,1,B,1949,CB,65.812,66.721,35.258,7.246
HER2,6ehj,PRO,377,1,B,2065,C,50.168,68.366,25.007,2.415
HER2,6ehj,PRO,377,1,B,2066,O,49.481,67.351,24.878,16.072
HER2,6ehj,PRO,377,1,B,2067,CB,51.338,68.845,22.813,20.53
HER2,6ehj,PRO,377,1,B,2068,CG,52.544,68.191,22.149,2.415
HER2,6ehj,PRO,404,1,B,2280,CB,47.548,83.124,32.76,1.208
HER2,6ehj,PRO,404,1,B,2281,CG,47.3,81.676,32.457,22.945
HER2,6ehj,PRO,404,1,B,2282,CD,48.471,80.907,32.988,4.831
HER2,6ehj,PRO,411,1,B,2328,CA,39.338,97.518,35.456,6.038
HER2,6ehj,PRO,411,1,B,2330,O,37.926,96.243,34.003,24.644
HER2,6ehj,PRO,411,1,B,2331,CB,38.916,98.996,35.363,27.775
HER2,6ehj,PRO,411,1,B,2332,CG,39.989,99.761,36.095,41.059
HER2,6ehj,PRO,411,1,B,2333,CD,41.246,98.994,35.878,13.284
HER2,6ehj,PRO,430,1,B,2483,CA,70.468,76.679,15.065,7.246
HER2,6ehj,PRO,430,1,B,2486,CB,70.784,77.888,14.177,18.114
HER2,6ehj,PRO,430,1,B,2487,CG,70.869,77.345,12.796,32.606
HER2,6ehj,PRO,430,1,B,2488,CD,69.885,76.212,12.746,10.869
HER2,6ehj,PRO,484,1,B,2916,CB,81.9,74.408,43.413,18.114
HER2,6ehj,PRO,484,1,B,2917,CG,82.433,73.052,43.821,13.284
HER2,6ehj,PRO,511,1,B,3121,N,59.615,93.322,32.984,7.655
HER2,6ehj,PRO,511,1,B,3123,C,61.347,95.073,33.298,14.492
HER2,6ehj,PRO,511,1,B,3124,O,60.619,95.889,33.882,33.215
HER2,6ehj,PRO,511,1,B,3125,CB,60.175,94.627,31.108,20.53
HER2,6ehj,PRO,511,1,B,3126,CG,59.036,93.739,30.754,8.453
HER2,6ehj,PRO,511,1,B,3127,CD,58.456,93.302,32.07,2.415
HER2,6p0i,NL7,405,1,B,2873,C15,26.36,-0.71,11.113,1.208
HER2,6p0i,NL7,405,1,B,2874,C20,26.616,-1.136,9.803,6.038
HER2,6p0i,NL7,405,1,B,2875,C21,26.138,-0.464,8.682,2.415
HER2,6p0i,NL7,405,1,B,2879,C04,19.602,0.45,7.804,1.208
HER2,6p0i,NL7,405,1,B,2880,C06,21.296,0.146,6.301,1.208
HER2,6p0i,NL7,405,1,B,2883,C14,25.6,0.444,11.208,1.208
HER2,6p0i,NL7,405,1,B,2884,N05,20.022,0.061,6.588,8.749
HER2,6p0i,NL7,405,1,B,2888,O11,25.782,1.755,6.549,1.071
HER2,6p0i,NL7,405,1,B,2889,O17,26.864,-0.581,13.618,30.001
HER2,6p0i,NL7,405,1,B,2890,O18,28.115,-2.174,12.408,41.787
HER2,6p0i,NL7,405,1,B,2892,S16,26.9,-1.512,12.571,1.287
HER2,6p0i,NL7,405,1,B,2894,H201,27.128,-1.902,9.682,10.194
HER2,6p0i,NL7,405,1,B,2895,H211,26.336,-0.784,7.833,3.398
HER2,6p0i,NL7,405,1,B,2901,H061,21.499,-0.134,5.438,1.699
HER2,6ehj,SER,116,1,B,12,N,71.112,87.627,59.587,4.374
HER2,6ehj,SER,116,1,B,13,CA,70.893,86.388,60.324,1.208
HER2,6ehj,SER,116,1,B,15,O,68.594,86.32,59.635,11.786
HER2,6ehj,SER,116,1,B,16,CB,70.748,86.669,61.822,31.398
HER2,6ehj,SER,116,1,B,17,OG,71.227,85.586,62.599,36.43
HER2,6ehj,SER,193,1,B,639,CB,45.081,76.572,34.777,22.945
HER2,6ehj,SER,193,1,B,640,OG,45.634,75.358,34.308,4.286
HER2,6ehj,SER,218,1,B,844,N,38.213,74.914,62.296,3.281
HER2,6ehj,SER,218,1,B,845,CA,36.797,75.269,62.35,9.661
HER2,6ehj,SER,218,1,B,847,O,35.25,74.509,60.672,31.072
HER2,6ehj,SER,218,1,B,848,CB,36.612,76.623,63.047,35.021
HER2,6ehj,SER,218,1,B,849,OG,37.675,77.529,62.78,35.358
HER2,6ehj,SER,219,1,B,851,CA,36.03,76.337,58.776,6.038
HER2,6ehj,SER,219,1,B,853,O,35.903,75.383,56.596,28.929
HER2,6ehj,SER,219,1,B,854,CB,36.223,77.784,58.331,32.606
HER2,6ehj,SER,219,1,B,855,OG,37.472,77.936,57.696,6.429
HER2,6ehj,SER,227,1,B,919,OG,54.608,71.336,45.43,1.071
HER2,6ehj,SER,256,1,B,1152,N,53.827,85.839,58.432,9.842
HER2,6ehj,SER,256,1,B,1153,CA,54.667,86.294,59.54,12.076
HER2,6ehj,SER,256,1,B,1154,C,54.193,85.715,60.875,2.415
HER2,6ehj,SER,256,1,B,1155,O,54.236,86.375,61.912,32.144
HER2,6ehj,SER,256,1,B,1156,CB,54.727,87.822,59.583,22.945
HER2,6ehj,SER,256,1,B,1157,OG,55.227,88.334,58.362,43.93
HER2,6ehj,SER,300,1,B,1509,OG,57.899,93.273,24.767,15.0
HER2,6ehj,SER,312,1,B,1592,CA,56.209,97.141,30.168,6.038
HER2,6ehj,SER,312,1,B,1593,C,55.806,98.575,29.863,26.568
HER2,6ehj,SER,312,1,B,1594,O,54.786,99.052,30.369,15.0
HER2,6ehj,SER,312,1,B,1595,CB,56.7,96.428,28.903,27.775
HER2,6ehj,SER,312,1,B,1596,OG,55.633,96.142,28.021,4.286
HER2,6ehj,SER,367,1,B,1967,N,63.348,59.618,33.097,1.094
HER2,6ehj,SER,367,1,B,1968,CA,62.962,58.381,32.459,7.246
HER2,6ehj,SER,367,1,B,1971,CB,62.173,57.523,33.432,32.606
HER2,6ehj,SER,367,1,B,1972,OG,60.871,58.091,33.585,6.429
HER2,6ehj,SER,399,1,B,2235,O,59.754,75.383,25.511,1.071
HER2,6ehj,SER,405,1,B,2287,CB,50.562,86.785,35.656,8.453
HER2,6ehj,SER,405,1,B,2288,OG,50.648,87.655,34.548,9.643
HER2,6ehj,SER,415,1,B,2360,N,43.948,89.435,32.878,2.187
HER2,6ehj,SER,415,1,B,2363,O,45.651,89.191,30.679,3.214
HER2,6ehj,SER,415,1,B,2364,CB,44.142,87.019,32.445,31.398
HER2,6ehj,SER,415,1,B,2365,OG,44.817,85.894,32.987,11.786
HER2,6ehj,SER,421,1,B,2408,O,61.227,77.651,29.89,9.643
HER2,6ehj,SER,436,1,B,2533,CB,63.411,82.856,15.631,10.869
HER2,6ehj,SER,436,1,B,2534,OG,62.538,83.077,14.544,32.144
HER2,6ehj,SER,485,1,B,2919,N,79.341,76.508,43.563,6.562
HER2,6ehj,SER,485,1,B,2922,O,79.781,76.751,40.891,17.143
HER2,6ehj,SER,485,1,B,2923,CB,78.19,78.64,43.303,10.869
HER2,6ehj,SER,485,1,B,2924,OG,79.204,79.469,42.766,40.715
HER2,6ehj,SER,506,1,B,3083,N,58.704,79.459,41.865,5.468
HER2,6ehj,SER,506,1,B,3085,C,59.027,81.846,41.37,8.453
HER2,6ehj,SER,506,1,B,3086,O,58.606,82.108,42.501,11.786
HER2,6ehj,SER,506,1,B,3087,CB,58.178,80.258,39.61,1.208
HER2,6ehj,SER,506,1,B,3088,OG,58.243,78.928,39.125,5.357
HER2,6ehj,SER,509,1,B,3106,N,58.378,88.0,37.529,29.527
HER2,6ehj,SER,509,1,B,3107,CA,59.204,89.111,37.09,3.623
HER2,6ehj,SER,509,1,B,3108,C,58.484,89.892,36.0,10.869
HER2,6ehj,SER,509,1,B,3109,O,57.547,89.397,35.363,13.929
HER2,6ehj,SER,509,1,B,3110,CB,60.573,88.613,36.578,3.623
HER2,6ehj,SER,509,1,B,3111,OG,61.2,89.559,35.721,1.071
HER2,6p0k,NLV,503,1,B,2672,C15,20.066,0.744,6.504,2.415
HER2,6p0k,NLV,503,1,B,2674,C20,26.22,-0.413,8.57,3.623
HER2,6p0k,NLV,503,1,B,2675,C21,26.605,-1.156,9.641,4.831
HER2,6p0k,NLV,503,1,B,2676,C05,26.284,-0.799,10.949,1.208
HER2,6p0k,NLV,503,1,B,2677,C06,25.556,0.367,11.009,1.208
HER2,6p0k,NLV,503,1,B,2680,C14,21.31,0.738,6.011,1.208
HER2,6p0k,NLV,503,1,B,2683,O01,26.804,-0.915,13.482,33.215
HER2,6p0k,NLV,503,1,B,2684,O03,27.761,-2.619,12.068,36.43
HER2,6p0k,NLV,503,1,B,2685,O10,26.092,1.751,6.399,1.071
HER2,6p0k,NLV,503,1,B,2687,S1,26.726,-1.704,12.329,2.574
HER2,6p0k,NLV,503,1,B,2691,H151,19.32,0.624,5.964,5.946
HER2,6p0k,NLV,503,1,B,2692,H201,26.484,-0.711,7.73,3.398
HER2,6p0k,NLV,503,1,B,2693,H211,27.101,-1.934,9.539,7.645
HER2,6p0k,NLV,503,1,B,2694,H061,25.313,0.678,11.85,0.849
HER2,6p0k,NLV,503,1,B,2696,H141,21.464,0.592,5.107,3.398
HER2,6p0l,NLJ,502,1,B,2670,C15,26.724,-1.526,9.634,6.038
HER2,6p0l,NLJ,502,1,B,2671,C21,26.109,0.124,11.266,2.415
HER2,6p0l,NLJ,502,1,B,2673,C01,20.613,0.369,4.52,4.831
HER2,6p0l,NLJ,502,1,B,2679,C14,26.311,-0.663,8.59,4.831
HER2,6p0l,NLJ,502,1,B,2680,C16,26.623,-1.147,10.99,3.623
HER2,6p0l,NLJ,502,1,B,2681,N04,20.32,0.706,7.248,1.094
HER2,6p0l,NLJ,502,1,B,2684,O11,26.274,1.953,6.625,1.071
HER2,6p0l,NLJ,502,1,B,2686,O18,28.264,-2.987,12.034,46.073
HER2,6p0l,NLJ,502,1,B,2687,O19,27.309,-1.483,13.527,33.215
HER2,6p0l,NLJ,502,1,B,2689,S17,27.104,-2.202,12.31,2.574
HER2,6p0l,NLJ,502,1,B,2690,H151,27.068,-2.361,9.415,8.495
HER2,6p0l,NLJ,502,1,B,2691,H211,26.039,0.406,12.148,5.097
HER2,6p0l,NLJ,502,1,B,2693,H012,20.793,0.495,3.607,9.344
HER2,6p0l,NLJ,502,1,B,2694,H013,19.854,0.888,4.713,4.247
HER2,6p0l,NLJ,502,1,B,2695,H011,20.351,-0.528,4.616,1.699
HER2,6p0l,NLJ,502,1,B,2699,H141,26.381,-0.941,7.706,2.548
HER2,6u65,Q0A,401,1,A,1180,C1,16.939,-18.074,1.189,3.623
HER2,6u65,Q0A,401,1,A,1181,C2,17.734,-17.043,1.728,4.831
HER2,6u65,Q0A,401,1,A,1183,O1,15.102,-16.609,0.683,7.5
HER2,6u65,Q0A,401,1,A,1192,S1,19.117,-21.385,1.746,41.177
HER2,6u65,Q0A,401,1,A,1195,C14,19.005,-17.346,2.235,9.661
HER2,6u65,Q0A,401,1,A,1196,C15,19.476,-18.649,2.215,13.284
HER2,6u65,Q0A,401,1,A,1197,O2,19.236,-14.27,2.19,3.214
HER2,6u65,Q0A,401,1,A,1199,C16,18.682,-19.671,1.701,2.415
HER2,6u65,Q0A,401,1,A,1201,C17,20.836,-21.394,1.179,20.53
HER2,6u65,Q0A,401,1,A,1202,C18,20.994,-21.09,-0.31,6.038
HER2,6u65,Q0A,401,1,A,1207,O3,17.176,-13.392,1.153,4.286
HER2,6u65,Q0A,401,1,A,1210,N,17.245,-15.707,1.741,9.842
HER2,6u65,Q0A,401,1,A,1211,C25,17.433,-19.379,1.182,13.284
HER2,6u65,Q0A,401,1,A,1212,C,15.571,-17.827,0.618,6.038
HER2,6u65,Q0A,401,1,A,1213,O,14.948,-18.74,0.104,12.858
HER2,6u65,Q0A,401,1,A,1214,C24,23.484,-21.424,-0.568,24.153
HER2,6u65,Q0A,401,1,A,1215,C23,24.753,-20.961,-0.883,13.284
HER2,6p0m,NLM,501,1,B,2704,C20,26.087,-0.531,8.814,4.831
HER2,6p0m,NLM,501,1,B,2705,C21,26.525,-1.166,9.954,6.038
HER2,6p0m,NLM,501,1,B,2706,C05,26.288,-0.685,11.224,1.208
HER2,6p0m,NLM,501,1,B,2707,C06,25.578,0.478,11.261,2.415
HER2,6p0m,NLM,501,1,B,2713,O03,27.961,-2.248,12.472,41.787
HER2,6p0m,NLM,501,1,B,2714,O10,25.815,1.583,6.488,1.071
HER2,6p0m,NLM,501,1,B,2716,S02,26.793,-1.458,12.657,1.287
HER2,6p0m,NLM,501,1,B,2718,CL1,21.219,1.221,5.303,9.975
HER2,6p0m,NLM,501,1,B,2719,O1,26.749,-0.595,13.774,32.144
HER2,6p0m,NLM,501,1,B,2722,H171,19.124,1.081,7.127,1.699
HER2,6p0m,NLM,501,1,B,2723,H201,26.29,-0.916,7.994,3.398
HER2,6p0m,NLM,501,1,B,2724,H211,27.004,-1.958,9.872,8.495
HER2,6u65,Q0A,401,1,B,1181,C1,27.311,-20.173,6.116,2.415
HER2,6u65,Q0A,401,1,B,1182,C2,26.313,-19.432,6.786,2.415
HER2,6u65,Q0A,401,1,B,1184,O1,28.991,-19.705,7.781,9.643
HER2,6u65,Q0A,401,1,B,1193,S1,25.492,-21.304,2.729,42.464
HER2,6u65,Q0A,401,1,B,1196,C14,25.031,-19.337,6.235,8.453
HER2,6u65,Q0A,401,1,B,1197,C15,24.748,-19.939,5.023,12.076
HER2,6u65,Q0A,401,1,B,1198,O2,24.476,-18.091,9.074,5.357
HER2,6u65,Q0A,401,1,B,1200,C16,25.736,-20.642,4.344,2.415
HER2,6u65,Q0A,401,1,B,1202,C17,24.041,-22.32,2.893,16.907
HER2,6u65,Q0A,401,1,B,1203,C18,24.193,-23.509,3.828,7.246
HER2,6u65,Q0A,401,1,B,1205,C20,21.847,-24.344,3.476,20.53
HER2,6u65,Q0A,401,1,B,1206,C21,20.555,-24.559,3.928,13.284
HER2,6u65,Q0A,401,1,B,1208,O3,26.58,-18.316,10.323,4.286
HER2,6u65,Q0A,401,1,B,1211,N,26.623,-18.776,8.003,9.842
HER2,6u65,Q0A,401,1,B,1212,C25,26.999,-20.783,4.898,8.453
HER2,6u65,Q0A,401,1,B,1213,C,28.721,-20.304,6.651,3.623
HER2,6u65,Q0A,401,1,B,1214,O,29.563,-20.931,6.037,15.0
HER2,6p0n,NLS,504,1,B,2673,C15,20.006,0.575,7.044,2.415
HER2,6p0n,NLS,504,1,B,2676,C21,25.584,0.347,11.074,1.208
HER2,6p0n,NLS,504,1,B,2677,C05,26.306,-0.844,10.884,1.208
HER2,6p0n,NLS,504,1,B,2678,C06,26.624,-1.227,9.561,4.831
HER2,6p0n,NLS,504,1,B,2679,C07,26.22,-0.437,8.459,3.623
HER2,6p0n,NLS,504,1,B,2685,O01,27.971,-2.563,12.001,41.787
HER2,6p0n,NLS,504,1,B,2686,O03,26.9,-0.979,13.412,32.144
HER2,6p0n,NLS,504,1,B,2687,O10,26.058,1.841,6.435,1.071
HER2,6p0n,NLS,504,1,B,2689,S02,26.787,-1.813,12.268,2.574
HER2,6p0n,NLS,504,1,B,2692,H151,19.227,0.406,6.567,2.548
HER2,6p0n,NLS,504,1,B,2694,H211,25.385,0.63,11.936,0.849
HER2,6p0n,NLS,504,1,B,2695,H061,27.104,-2.007,9.409,10.194
HER2,6p0n,NLS,504,1,B,2696,H071,26.459,-0.692,7.598,3.398
HER2,6p0n,NLS,504,1,B,2697,H141,21.286,0.564,5.442,4.247
HER2,6u65,Q0A,401,1,D,1160,C1,63.254,0.599,6.792,3.623
HER2,6u65,Q0A,401,1,D,1161,C2,62.519,1.33,7.753,3.623
HER2,6u65,Q0A,401,1,D,1163,O1,65.315,-0.011,5.743,16.072
HER2,6u65,Q0A,401,1,D,1165,C5,62.963,-3.383,12.191,2.415
HER2,6u65,Q0A,401,1,D,1167,C7,61.377,-4.636,13.688,1.208
HER2,6u65,Q0A,401,1,D,1172,S1,60.352,-1.323,4.725,39.891
HER2,6u65,Q0A,401,1,D,1175,C14,61.123,1.251,7.761,10.869
HER2,6u65,Q0A,401,1,D,1176,C15,60.459,0.451,6.847,12.076
HER2,6u65,Q0A,401,1,D,1177,O2,61.68,2.848,10.525,5.357
HER2,6u65,Q0A,401,1,D,1179,C16,61.175,-0.288,5.909,4.831
HER2,6u65,Q0A,401,1,D,1180,N2,62.769,-2.054,11.581,2.187
HER2,6u65,Q0A,401,1,D,1181,C17,58.997,-2.06,5.654,21.737
HER2,6u65,Q0A,401,1,D,1182,C18,59.439,-3.077,6.696,3.623
HER2,6u65,Q0A,401,1,D,1183,C19,58.301,-3.75,7.428,1.208
HER2,6u65,Q0A,401,1,D,1184,C20,57.452,-4.633,6.769,24.153
HER2,6u65,Q0A,401,1,D,1185,C21,56.395,-5.234,7.435,28.983
HER2,6u65,Q0A,401,1,D,1186,C22,56.174,-4.965,8.772,1.208
HER2,6u65,Q0A,401,1,D,1187,O3,64.13,2.77,10.844,3.214
HER2,6u65,Q0A,401,1,D,1190,N,63.212,2.118,8.72,7.655
HER2,6u65,Q0A,401,1,D,1191,C25,62.563,-0.209,5.883,10.869
HER2,6u65,Q0A,401,1,D,1192,C,64.756,0.672,6.713,4.831
HER2,6u65,Q0A,401,1,D,1193,O,65.41,1.34,7.51,5.357
HER2,6u65,Q0A,401,1,D,1194,C24,58.072,-3.494,8.774,2.415
HER2,6u65,Q0A,401,1,D,1195,C23,57.018,-4.097,9.442,1.208
HER2,6u65,Q0A,401,1,C,1208,C1,51.334,1.139,7.349,2.415
HER2,6u65,Q0A,401,1,C,1209,C2,52.186,2.265,7.287,2.415
HER2,6u65,Q0A,401,1,C,1211,O1,49.197,0.15,7.608,16.072
HER2,6u65,Q0A,401,1,C,1220,S1,53.881,-1.966,7.012,39.891
HER2,6u65,Q0A,401,1,C,1223,C14,53.556,2.081,7.063,9.661
HER2,6u65,Q0A,401,1,C,1224,C15,54.086,0.805,6.951,9.661
HER2,6u65,Q0A,401,1,C,1225,O2,53.308,5.243,6.824,4.286
HER2,6u65,Q0A,401,1,C,1227,C16,53.257,-0.309,7.054,1.208
HER2,6u65,Q0A,401,1,C,1228,N2,51.738,3.213,2.423,1.094
HER2,6u65,Q0A,401,1,C,1229,C17,55.126,-1.91,5.715,20.53
HER2,6u65,Q0A,401,1,C,1230,C18,54.515,-1.667,4.341,7.246
HER2,6u65,Q0A,401,1,C,1231,C19,55.511,-1.231,3.296,1.208
HER2,6u65,Q0A,401,1,C,1232,C20,56.595,-2.037,2.964,21.737
HER2,6u65,Q0A,401,1,C,1233,C21,57.525,-1.626,2.024,20.53
HER2,6u65,Q0A,401,1,C,1235,O3,50.897,5.774,6.766,4.286
HER2,6u65,Q0A,401,1,C,1238,N,51.642,3.569,7.499,7.655
HER2,6u65,Q0A,401,1,C,1239,C25,51.889,-0.139,7.231,8.453
HER2,6u65,Q0A,401,1,C,1240,C,49.853,1.274,7.558,4.831
HER2,6u65,Q0A,401,1,C,1241,O,49.306,2.369,7.705,6.429
HER2,6vcu,R27,203,1,A,861,N2,6.384,-5.521,3.98,1.094
HER2,6vcu,R27,203,1,A,862,C3,12.782,-3.496,11.228,4.831
HER2,6vcu,R27,203,1,A,873,C22,5.312,-4.781,1.02,2.415
HER2,6vcu,R27,203,1,A,874,C23,5.098,-3.694,0.243,2.415
HER2,6vcu,R27,203,1,A,875,C24,6.005,-3.488,-1.039,2.415
HER2,6vcu,R27,203,1,A,880,C29,9.058,-5.222,-3.179,8.453
HER2,6vcu,R27,203,1,A,883,C32,8.866,-6.831,1.832,3.623
HER2,6vcu,R27,203,1,A,889,C38,3.999,-2.616,0.562,9.661
HER2,6vcu,R27,203,1,A,890,C39,4.086,-6.544,2.308,2.415
HER2,6vcu,R27,203,1,A,891,C40,3.564,-6.907,3.691,1.208
HER2,6vcu,R27,203,1,A,892,C41,2.374,-7.414,3.845,30.191
HER2,6vcu,R27,203,1,A,893,C42,7.455,-7.819,4.438,1.208
HER2,6vcu,R27,203,1,A,894,C43,8.158,-7.437,5.75,4.831
HER2,6vcu,R27,203,1,A,895,C44,7.256,-1.073,2.894,1.208
HER2,6vcu,R27,203,1,A,896,C45,8.465,-4.429,8.334,1.208
HER2,6vcu,R27,203,1,A,897,C46,8.471,-5.167,9.677,1.208
HER2,6vcu,R27,203,1,A,898,O1,9.313,-5.109,11.916,28.929
HER2,6vcu,R27,203,1,A,901,O12,7.597,-8.932,4.05,32.144
HER2,6vcu,R27,203,1,A,902,O2,11.357,-3.339,11.242,11.786
HER2,6vcu,R27,203,1,A,906,O6,6.354,-1.792,5.618,4.286
HER2,6vcu,R27,203,1,A,907,O7,8.509,-4.869,-1.905,2.143
HER2,6vcu,R27,203,1,A,908,O8,9.446,-6.344,0.64,6.429
HER2,6vcu,R27,203,1,A,911,H8,10.285,-2.344,9.168,3.398
HER2,6vcu,R27,203,1,A,914,H9,10.377,-4.57,7.495,0.849
HER2,6vcu,R27,203,1,A,924,H4,13.013,-4.383,11.545,15.291
HER2,6vcu,R27,203,1,A,925,H5,13.187,-2.83,11.806,13.592
HER2,6vcu,R27,203,1,A,927,H2,8.779,-3.541,10.906,13.592
HER2,6vcu,R27,203,1,A,934,H27,5.23,-2.669,3.262,0.849
HER2,6vcu,R27,203,1,A,935,H28,4.665,-3.219,4.635,14.441
HER2,6vcu,R27,203,1,A,936,H3,11.122,-4.908,10.087,5.946
HER2,6vcu,R27,203,1,A,937,H29,3.717,-4.599,2.365,5.097
HER2,6vcu,R27,203,1,A,938,H30,5.979,-5.374,0.758,2.548
HER2,6vcu,R27,203,1,A,939,H31,5.462,-3.162,-1.773,16.14
HER2,6vcu,R27,203,1,A,940,H32,6.404,-4.334,-1.295,3.398
HER2,6vcu,R27,203,1,A,942,H36,7.511,-2.33,-2.721,1.699
HER2,6vcu,R27,203,1,A,944,H35,6.845,-1.018,-2.134,5.097
HER2,6vcu,R27,203,1,A,948,H40,9.718,-5.923,-3.064,15.291
HER2,6vcu,R27,203,1,A,950,H41,8.349,-5.538,-3.761,19.538
HER2,6vcu,R27,203,1,A,951,H43,10.647,-5.279,-1.034,1.699
HER2,6vcu,R27,203,1,A,953,H45,8.006,-7.232,1.632,5.097
HER2,6vcu,R27,203,1,A,955,H46,9.45,-7.497,2.226,1.699
HER2,6vcu,R27,203,1,A,957,H49,11.931,-6.236,0.798,4.247
HER2,6vcu,R27,203,1,A,962,H57,4.159,-1.823,0.027,6.796
HER2,6vcu,R27,203,1,A,963,H55,4.036,-2.384,1.503,7.645
HER2,6vcu,R27,203,1,A,964,H56,3.122,-2.975,0.352,20.388
HER2,6vcu,R27,203,1,A,965,H59,3.382,-6.669,1.653,12.742
HER2,6vcu,R27,203,1,A,966,H58,4.832,-7.122,2.082,8.495
HER2,6vcu,R27,203,1,A,967,H60,4.103,-6.766,4.436,6.796
HER2,6vcu,R27,203,1,A,968,H62,2.074,-7.63,4.699,22.936
HER2,6vcu,R27,203,1,A,969,H61,1.825,-7.559,3.109,18.689
HER2,6vcu,R27,203,1,A,970,H65,8.671,-8.193,6.075,12.742
HER2,6vcu,R27,203,1,A,971,H64,7.494,-7.189,6.413,10.194
HER2,6vcu,R27,203,1,A,975,H67,6.41,-1.282,2.469,0.849
HER2,6vcu,R27,203,1,A,977,H71,7.844,-3.688,8.405,4.247
HER2,6vcu,R27,203,1,A,978,H72,7.557,-5.287,9.98,18.689
HER2,6vcu,R27,203,1,A,979,H73,8.887,-6.035,9.563,12.742
HER2,6vcu,R27,203,1,A,980,H1,10.129,-5.25,12.114,14.441
HER2,6vcu,R27,203,1,A,981,H54,12.931,-5.034,-1.038,4.247
HER2,6vcu,R27,203,1,A,982,H26,5.653,-1.402,5.342,4.247
HER2,6vcu,R27,201,1,C,862,C3,14.179,-7.195,11.876,7.246
HER2,6vcu,R27,201,1,C,863,N3,7.661,-11.919,9.265,1.094
HER2,6vcu,R27,201,1,C,869,C19,8.598,-15.06,9.304,1.208
HER2,6vcu,R27,201,1,C,873,C22,5.222,-15.623,9.833,1.208
HER2,6vcu,R27,201,1,C,874,C23,5.299,-16.808,10.503,2.415
HER2,6vcu,R27,201,1,C,875,C24,4.444,-17.008,11.819,2.415
HER2,6vcu,R27,201,1,C,877,C26,4.709,-17.507,14.202,1.208
HER2,6vcu,R27,201,1,C,880,C29,1.838,-14.707,14.2,8.453
HER2,6vcu,R27,201,1,C,883,C32,4.812,-11.633,11.265,2.415
HER2,6vcu,R27,201,1,C,889,C38,6.241,-17.975,10.038,6.038
HER2,6vcu,R27,201,1,C,890,C39,5.145,-14.68,7.549,4.831
HER2,6vcu,R27,201,1,C,891,C40,5.921,-14.135,6.36,3.623
HER2,6vcu,R27,201,1,C,892,C41,5.7,-14.612,5.164,28.983
HER2,6vcu,R27,201,1,C,893,C42,7.077,-10.664,8.752,3.623
HER2,6vcu,R27,201,1,C,894,C43,7.762,-9.299,8.956,9.661
HER2,6vcu,R27,201,1,C,896,C45,11.303,-10.634,9.283,2.415
HER2,6vcu,R27,201,1,C,897,C46,11.861,-9.55,8.345,3.623
HER2,6vcu,R27,201,1,C,898,O1,13.577,-7.912,8.029,31.072
HER2,6vcu,R27,201,1,C,899,O10,4.497,-11.75,17.053,3.214
HER2,6vcu,R27,201,1,C,901,O12,6.042,-10.687,8.163,24.644
HER2,6vcu,R27,201,1,C,902,O2,14.292,-8.067,10.742,11.786
HER2,6vcu,R27,201,1,C,906,O6,10.753,-14.741,10.161,2.143
HER2,6vcu,R27,201,1,C,907,O7,3.02,-14.731,13.393,2.143
HER2,6vcu,R27,201,1,C,908,O8,4.173,-12.043,12.462,7.5
HER2,6vcu,R27,201,1,C,911,H8,13.342,-10.383,11.177,3.398
HER2,6vcu,R27,201,1,C,914,H9,10.638,-9.686,11.057,1.699
HER2,6vcu,R27,201,1,C,923,H6,13.375,-6.659,11.793,6.796
HER2,6vcu,R27,201,1,C,924,H4,14.953,-6.613,11.915,21.237
HER2,6vcu,R27,201,1,C,925,H5,14.132,-7.725,12.688,0.849
HER2,6vcu,R27,201,1,C,927,H2,13.898,-9.67,8.756,15.291
HER2,6vcu,R27,201,1,C,934,H27,9.09,-15.166,8.474,16.99
HER2,6vcu,R27,201,1,C,935,H28,8.419,-15.933,9.687,0.849
HER2,6vcu,R27,201,1,C,936,H3,12.393,-7.84,10.299,5.097
HER2,6vcu,R27,201,1,C,937,H29,6.389,-16.153,8.212,5.097
HER2,6vcu,R27,201,1,C,938,H30,4.647,-14.966,10.154,2.548
HER2,6vcu,R27,201,1,C,939,H31,4.11,-17.918,11.851,12.742
HER2,6vcu,R27,201,1,C,940,H32,3.69,-16.397,11.81,5.946
HER2,6vcu,R27,201,1,C,942,H36,4.837,-18.457,14.051,3.398
HER2,6vcu,R27,201,1,C,943,H34,3.761,-17.312,14.261,0.849
HER2,6vcu,R27,201,1,C,948,H40,1.068,-14.516,13.641,25.485
HER2,6vcu,R27,201,1,C,949,H42,1.72,-15.569,14.628,1.699
HER2,6vcu,R27,201,1,C,950,H41,1.923,-14.018,14.878,5.946
HER2,6vcu,R27,201,1,C,951,H43,3.606,-12.826,14.6,1.699
HER2,6vcu,R27,201,1,C,954,H47,4.786,-12.356,10.62,0.849
HER2,6vcu,R27,201,1,C,955,H46,4.353,-10.859,10.903,9.344
HER2,6vcu,R27,201,1,C,956,H48,4.506,-10.599,14.491,5.097
HER2,6vcu,R27,201,1,C,962,H57,6.325,-18.627,10.752,3.398
HER2,6vcu,R27,201,1,C,963,H55,7.117,-17.618,9.823,5.097
HER2,6vcu,R27,201,1,C,964,H56,5.864,-18.402,9.253,22.087
HER2,6vcu,R27,201,1,C,965,H59,4.506,-15.335,7.23,14.441
HER2,6vcu,R27,201,1,C,966,H58,4.664,-13.948,7.968,7.645
HER2,6vcu,R27,201,1,C,967,H60,6.552,-13.463,6.484,6.796
HER2,6vcu,R27,201,1,C,968,H62,6.174,-14.278,4.438,24.635
HER2,6vcu,R27,201,1,C,969,H61,5.075,-15.289,5.038,19.538
HER2,6vcu,R27,201,1,C,971,H64,7.17,-8.709,9.447,4.247
HER2,6vcu,R27,201,1,C,972,H66,7.965,-8.907,8.092,17.839
HER2,6vcu,R27,201,1,C,975,H67,8.554,-16.424,11.638,0.849
HER2,6vcu,R27,201,1,C,976,H70,10.38,-10.797,9.031,1.699
HER2,6vcu,R27,201,1,C,977,H71,11.82,-11.443,9.142,5.097
HER2,6vcu,R27,201,1,C,978,H72,11.983,-9.932,7.462,19.538
HER2,6vcu,R27,201,1,C,979,H73,11.223,-8.822,8.294,6.796
HER2,6vcu,R27,201,1,C,980,H1,13.264,-7.198,8.366,15.291
HER2,6vcu,R27,203,1,B,870,C3,-3.426,-12.796,0.225,2.415
HER2,6vcu,R27,203,1,B,881,C22,1.481,-6.947,10.382,2.415
HER2,6vcu,R27,203,1,B,882,C23,0.6,-6.215,11.109,3.623
HER2,6vcu,R27,203,1,B,883,C24,-0.03,-6.88,12.402,2.415
HER2,6vcu,R27,203,1,B,888,C29,0.062,-10.38,14.515,8.453
HER2,6vcu,R27,203,1,B,891,C32,1.477,-11.095,9.546,4.831
HER2,6vcu,R27,203,1,B,897,C38,0.167,-4.748,10.722,9.661
HER2,6vcu,R27,203,1,B,898,C39,3.602,-6.854,9.068,1.208
HER2,6vcu,R27,203,1,B,899,C40,4.166,-6.553,7.688,3.623
HER2,6vcu,R27,203,1,B,900,C41,5.222,-5.808,7.548,28.983
HER2,6vcu,R27,203,1,B,901,C42,2.65,-10.362,6.659,2.415
HER2,6vcu,R27,203,1,B,902,C43,1.72,-10.503,5.452,1.208
HER2,6vcu,R27,203,1,B,904,C45,-0.419,-9.594,3.083,1.208
HER2,6vcu,R27,203,1,B,905,C46,0.225,-9.958,1.735,1.208
HER2,6vcu,R27,203,1,B,906,O1,-0.25,-10.601,-0.538,28.929
HER2,6vcu,R27,203,1,B,907,O10,-2.832,-13.745,12.153,3.214
HER2,6vcu,R27,203,1,B,909,O12,3.473,-11.2,6.796,31.072
HER2,6vcu,R27,203,1,B,910,O2,-2.777,-11.517,0.118,12.858
HER2,6vcu,R27,203,1,B,915,O7,0.01,-9.823,13.198,2.143
HER2,6vcu,R27,203,1,B,916,O8,0.758,-11.316,10.742,6.429
HER2,6vcu,R27,203,1,B,919,H8,-3.111,-10.027,2.18,4.247
HER2,6vcu,R27,203,1,B,922,H9,-1.326,-11.322,3.879,0.849
HER2,6vcu,R27,203,1,B,931,H6,-4.344,-12.719,-0.077,11.893
HER2,6vcu,R27,203,1,B,933,H5,-2.957,-13.443,-0.325,19.538
HER2,6vcu,R27,203,1,B,934,H63,3.065,-9.179,8.275,0.849
HER2,6vcu,R27,203,1,B,935,H2,-1.314,-9.361,0.493,14.441
HER2,6vcu,R27,203,1,B,942,H27,-0.366,-5.866,8.146,0.849
HER2,6vcu,R27,203,1,B,943,H28,0.401,-5.61,6.784,14.441
HER2,6vcu,R27,203,1,B,944,H3,-1.333,-12.083,1.311,5.946
HER2,6vcu,R27,203,1,B,945,H29,2.15,-5.502,9.034,5.946
HER2,6vcu,R27,203,1,B,946,H30,1.69,-7.8,10.686,2.548
HER2,6vcu,R27,203,1,B,947,H31,-0.056,-6.228,13.119,15.291
HER2,6vcu,R27,203,1,B,948,H32,0.52,-7.63,12.678,4.247
HER2,6vcu,R27,203,1,B,950,H36,-1.708,-7.713,14.103,2.548
HER2,6vcu,R27,203,1,B,952,H35,-2.507,-6.445,13.588,5.946
HER2,6vcu,R27,203,1,B,956,H40,0.906,-10.843,14.638,23.786
HER2,6vcu,R27,203,1,B,957,H42,-0.669,-11.006,14.631,1.699
HER2,6vcu,R27,203,1,B,958,H41,-0.014,-9.669,15.171,8.495
HER2,6vcu,R27,203,1,B,959,H43,-0.828,-11.858,12.43,2.548
HER2,6vcu,R27,203,1,B,961,H45,2.285,-10.595,9.742,7.645
HER2,6vcu,R27,203,1,B,963,H46,1.713,-11.948,9.149,0.849
HER2,6vcu,R27,203,1,B,965,H49,-0.545,-13.431,10.546,3.398
HER2,6vcu,R27,203,1,B,970,H57,0.165,-4.655,9.757,5.946
HER2,6vcu,R27,203,1,B,971,H55,0.792,-4.114,11.107,22.087
HER2,6vcu,R27,203,1,B,972,H56,-0.723,-4.572,11.065,3.398
HER2,6vcu,R27,203,1,B,973,H59,4.091,-6.35,9.737,14.441
HER2,6vcu,R27,203,1,B,974,H58,3.693,-7.801,9.258,6.796
HER2,6vcu,R27,203,1,B,975,H60,3.75,-6.907,6.935,7.645
HER2,6vcu,R27,203,1,B,976,H62,5.643,-5.446,8.293,17.839
HER2,6vcu,R27,203,1,B,977,H61,5.554,-5.635,6.696,23.786
HER2,6vcu,R27,203,1,B,978,H65,1.609,-11.443,5.236,5.097
HER2,6vcu,R27,203,1,B,979,H64,2.105,-10.041,4.691,11.043
HER2,6vcu,R27,203,1,B,981,H68,-3.06,-6.192,7.888,0.849
HER2,6vcu,R27,203,1,B,984,H70,-0.725,-8.676,3.027,4.247
HER2,6vcu,R27,203,1,B,986,H72,0.804,-9.234,1.451,19.538
HER2,6vcu,R27,203,1,B,987,H73,0.752,-10.766,1.84,9.344
HER2,6vcu,R27,203,1,B,988,H1,0.413,-11.106,-0.362,16.99
HER2,6vcu,R27,203,1,B,990,H26,-1.304,-5.683,5.671,6.796
HER2,6vcu,R27,202,1,D,866,C3,-0.875,-15.856,-0.5,3.623
HER2,6vcu,R27,202,1,D,867,N3,6.46,-12.616,2.125,2.187
HER2,6vcu,R27,202,1,D,873,C19,8.728,-14.97,2.084,1.208
HER2,6vcu,R27,202,1,D,877,C22,10.912,-12.327,1.527,2.415
HER2,6vcu,R27,202,1,D,878,C23,11.892,-12.994,0.859,2.415
HER2,6vcu,R27,202,1,D,879,C24,12.511,-12.35,-0.451,2.415
HER2,6vcu,R27,202,1,D,884,C29,11.693,-8.857,-2.887,6.038
HER2,6vcu,R27,202,1,D,887,C32,7.662,-10.101,0.147,3.623
HER2,6vcu,R27,202,1,D,893,C38,12.412,-14.403,1.329,9.661
HER2,6vcu,R27,202,1,D,894,C39,10.15,-11.811,3.827,3.623
HER2,6vcu,R27,202,1,D,895,C40,9.257,-12.203,4.995,3.623
HER2,6vcu,R27,202,1,D,896,C41,9.689,-12.069,6.222,28.983
HER2,6vcu,R27,202,1,D,897,C42,5.641,-11.476,2.59,3.623
HER2,6vcu,R27,202,1,D,898,C43,4.114,-11.399,2.398,6.038
HER2,6vcu,R27,202,1,D,900,C45,3.54,-14.97,2.045,2.415
HER2,6vcu,R27,202,1,D,901,C46,2.333,-14.96,2.996,2.415
HER2,6vcu,R27,202,1,D,902,O1,0.078,-15.657,3.3,32.144
HER2,6vcu,R27,202,1,D,905,O12,6.159,-10.562,3.139,23.572
HER2,6vcu,R27,202,1,D,906,O2,-0.173,-16.38,0.636,9.643
HER2,6vcu,R27,202,1,D,910,O6,7.382,-16.681,1.246,1.071
HER2,6vcu,R27,202,1,D,911,O7,11.278,-9.963,-2.072,2.143
HER2,6vcu,R27,202,1,D,912,O8,8.293,-9.705,-1.059,7.5
HER2,6vcu,R27,202,1,D,915,H8,2.336,-16.759,0.245,4.247
HER2,6vcu,R27,202,1,D,927,H6,-0.989,-16.556,-1.161,9.344
HER2,6vcu,R27,202,1,D,929,H5,-1.746,-15.531,-0.22,20.388
HER2,6vcu,R27,202,1,D,931,H2,1.477,-16.801,2.605,14.441
HER2,6vcu,R27,202,1,D,938,H27,9.575,-15.256,1.707,1.699
HER2,6vcu,R27,202,1,D,939,H28,8.57,-15.439,2.918,16.99
HER2,6vcu,R27,202,1,D,940,H3,0.602,-14.623,1.014,6.796
HER2,6vcu,R27,202,1,D,941,H29,10.786,-13.619,3.125,5.097
HER2,6vcu,R27,202,1,D,942,H30,10.636,-11.498,1.209,2.548
HER2,6vcu,R27,202,1,D,943,H31,13.466,-12.52,-0.47,14.441
HER2,6vcu,R27,202,1,D,944,H32,12.362,-11.392,-0.437,5.946
HER2,6vcu,R27,202,1,D,946,H36,13.212,-11.876,-2.807,2.548
HER2,6vcu,R27,202,1,D,948,H35,13.516,-13.431,-2.808,3.398
HER2,6vcu,R27,202,1,D,952,H40,11.003,-8.176,-2.886,16.99
HER2,6vcu,R27,202,1,D,954,H41,12.516,-8.484,-2.533,19.538
HER2,6vcu,R27,202,1,D,957,H45,8.314,-10.108,0.865,4.247
HER2,6vcu,R27,202,1,D,959,H46,6.952,-9.477,0.361,5.097
HER2,6vcu,R27,202,1,D,961,H49,6.871,-9.291,-3.039,2.548
HER2,6vcu,R27,202,1,D,966,H57,11.657,-14.967,1.559,4.247
HER2,6vcu,R27,202,1,D,967,H55,12.982,-14.296,2.106,21.237
HER2,6vcu,R27,202,1,D,968,H56,12.918,-14.818,0.612,5.946
HER2,6vcu,R27,202,1,D,969,H59,11.039,-11.621,4.166,13.592
HER2,6vcu,R27,202,1,D,970,H58,9.792,-11.008,3.417,7.645
HER2,6vcu,R27,202,1,D,971,H60,8.404,-12.538,4.836,8.495
HER2,6vcu,R27,202,1,D,972,H62,10.543,-11.738,6.382,19.538
HER2,6vcu,R27,202,1,D,973,H61,9.145,-12.309,6.936,24.635
HER2,6vcu,R27,202,1,D,974,H65,3.672,-11.863,3.126,11.043
HER2,6vcu,R27,202,1,D,975,H64,3.872,-11.816,1.556,0.849
HER2,6vcu,R27,202,1,D,976,H66,3.835,-10.47,2.39,11.893
HER2,6vcu,R27,202,1,D,977,H68,9.147,-16.683,-0.602,0.849
HER2,6vcu,R27,202,1,D,980,H70,4.049,-15.775,2.229,4.247
HER2,6vcu,R27,202,1,D,982,H72,2.623,-15.255,3.874,18.689
HER2,6vcu,R27,202,1,D,983,H73,1.993,-14.053,3.06,6.796
HER2,6vcu,R27,202,1,D,984,H1,-0.575,-16.073,2.951,16.99
HER2,6vcu,R27,202,1,D,985,H54,7.89,-9.147,-5.096,5.097
HER2,6vcu,R27,202,1,D,986,H26,6.591,-16.832,1.517,1.699
HER2,7bia,GSH,402,1,A,1659,N1,14.218,-1.637,22.969,24.059
HER2,7bia,GSH,402,1,A,1660,CA1,14.153,-2.476,24.193,3.623
HER2,7bia,GSH,402,1,A,1663,O12,15.662,-3.992,25.337,1.071
HER2,7bia,GSH,402,1,A,1664,CB1,12.794,-3.179,24.27,7.246
HER2,7bia,GSH,402,1,A,1665,CG1,12.527,-3.816,25.637,2.415
HER2,7bia,GSH,402,1,A,1667,OE1,10.33,-4.293,24.809,20.358
HER2,7bia,GSH,402,1,A,1669,CA2,9.56,-5.637,27.135,3.623
HER2,7bia,GSH,402,1,A,1672,CB2,9.748,-7.146,27.261,15.699
HER2,7bia,GSH,402,1,A,1673,SG2,11.06,-7.816,26.204,14.155
HER2,7bia,GSH,402,1,A,1674,N3,7.651,-4.962,28.499,10.936
HER2,7bia,GSH,402,1,A,1675,CA3,6.995,-4.562,29.727,10.869
HER2,7bia,GSH,402,1,A,1676,C3,6.476,-3.145,29.709,6.038
HER2,7bia,GSH,402,1,A,1677,O31,6.789,-2.498,28.617,13.929
HER2,7bia,GSH,402,1,A,1678,O32,5.837,-2.652,30.619,13.929
HER2,7bia,TVQ,403,1,A,1680,C4,10.03,-6.711,22.875,4.831
HER2,7bia,TVQ,403,1,A,1681,C3,8.556,-8.421,24.026,12.076
HER2,7bia,TVQ,403,1,A,1682,C2,7.348,-7.556,24.299,16.907
HER2,7bia,TVQ,403,1,A,1683,N,9.615,-7.645,23.439,4.374
HER2,7bia,TVQ,403,1,A,1684,C,4.785,-5.744,21.669,28.983
HER2,7bia,TVQ,403,1,A,1685,O,4.484,-6.447,24.215,34.287
HER2,7bia,TVQ,403,1,A,1686,S,5.498,-5.779,23.324,20.589
HER2,7bia,TVQ,403,1,A,1687,S1,10.501,-5.38,22.083,33.457
HER2,7bia,GSH,402,1,B,1641,N1,16.429,0.532,9.938,26.246
HER2,7bia,GSH,402,1,B,1642,CA1,16.627,1.377,8.738,3.623
HER2,7bia,GSH,402,1,B,1644,O11,18.176,3.172,8.212,2.143
HER2,7bia,GSH,402,1,B,1645,O12,17.443,2.926,10.302,1.071
HER2,7bia,GSH,402,1,B,1646,CB1,15.273,1.8,8.16,4.831
HER2,7bia,GSH,402,1,B,1649,OE1,13.02,2.874,6.943,19.286
HER2,7bia,GSH,402,1,B,1651,CA2,12.913,3.969,4.377,1.208
HER2,7bia,GSH,402,1,B,1654,CB2,12.821,5.49,4.28,12.076
HER2,7bia,GSH,402,1,B,1655,SG2,13.115,6.349,5.849,15.442
HER2,7bia,GSH,402,1,B,1656,N3,11.728,3.134,2.416,14.217
HER2,7bia,GSH,402,1,B,1657,CA3,11.605,2.804,1.01,10.869
HER2,7bia,GSH,402,1,B,1658,C3,11.577,1.323,0.731,4.831
HER2,7bia,GSH,402,1,B,1659,O31,11.525,0.849,-0.388,10.715
HER2,7bia,GSH,402,1,B,1660,O32,11.607,0.601,1.819,15.0
HER2,8ouu,W49,1404,1,A,2296,N3,-14.882,6.959,-35.606,1.094
HER2,8ouu,W49,1405,1,B,2308,C14,-5.561,-8.423,-13.207,2.415
HER2,8ouu,W49,1405,1,B,2314,N3,-4.436,-12.512,-15.178,1.094
HER2,7nzn,VJH,1101,1,A,4507,C11,28.12,12.259,10.056,2.415
HER2,7nzn,VJH,1101,1,A,4508,C12,28.279,11.769,8.77,3.623
HER2,7nzn,VJH,1101,1,A,4513,C19,32.618,6.926,7.548,1.208
HER2,7nzn,VJH,1101,1,A,4521,C36,28.484,23.2,14.097,8.453
HER2,7nzn,VJH,1101,1,A,4522,C37,26.203,23.815,13.915,8.453
HER2,7nzn,VJH,1101,1,A,4523,N35,27.154,22.728,13.749,4.374
HER2,7nzn,VJH,1101,1,A,4530,C20,33.925,6.549,7.278,2.415
HER2,7nzn,VJH,1101,1,A,4531,C21,34.376,5.296,7.658,1.208
HER2,7nzn,VJH,1101,1,A,4533,C27,28.123,11.397,11.14,1.208
HER2,7nzn,VJH,1101,1,A,4534,C39,27.687,18.004,12.751,9.661
HER2,7nzn,VJH,1101,1,A,4537,F23,33.965,3.182,8.685,3.105
HER2,7nzn,VJH,1101,1,A,4542,N10,27.957,13.683,10.256,1.094
HER2,7nzn,VJH,1101,1,A,4544,N28,27.034,15.44,11.526,1.094
HER2,7nzn,VJH,1101,1,A,4546,N38,27.58,19.255,13.192,10.936
HER2,7nzn,VJH,1101,1,A,4547,O25,30.946,8.451,9.426,8.572
HER2,7nzn,VJH,1101,1,A,4552,H191,32.264,7.905,7.25,2.548
HER2,7nzn,VJH,1101,1,A,4555,H332,24.942,20.528,14.679,9.344
HER2,7nzn,VJH,1101,1,A,4556,H331,25.283,21.291,13.119,5.946
HER2,7nzn,VJH,1101,1,A,4557,H341,26.406,22.0,15.548,15.291
HER2,7nzn,VJH,1101,1,A,4558,H342,27.668,21.011,14.803,5.946
HER2,7nzn,VJH,1101,1,A,4559,H362,28.61,24.22,13.744,22.087
HER2,7nzn,VJH,1101,1,A,4560,H363,29.228,22.561,13.631,15.291
HER2,7nzn,VJH,1101,1,A,4561,H361,28.607,23.173,15.175,12.742
HER2,7nzn,VJH,1101,1,A,4562,H372,26.442,24.614,13.22,24.635
HER2,7nzn,VJH,1101,1,A,4563,H371,26.256,24.191,14.932,19.538
HER2,7nzn,VJH,1101,1,A,4564,H373,25.199,23.451,13.716,16.99
HER2,7nzn,VJH,1101,1,A,4568,H201,34.593,7.235,6.769,24.635
HER2,7nzn,VJH,1101,1,A,4569,H211,35.396,5.001,7.445,19.538
HER2,7nzn,VJH,1101,1,A,4572,H391,28.604,17.508,12.458,20.388
HER2,7nzn,VJH,1101,1,A,4577,H101,28.593,14.315,9.81,10.194
HER2,7nzn,VJH,1101,1,A,4578,H171,29.647,5.802,8.249,0.849
HER2,9cw7,GD3,510,1,A,3333,GD,67.416,-5.116,-199.293,119.119
HER2,9cw7,H4B,502,1,A,3244,N1,66.488,22.94,-177.861,3.281
HER2,9cw7,H4B,502,1,A,3245,C2,66.279,23.457,-179.096,2.415
HER2,9cw7,H4B,502,1,A,3246,N2,67.329,24.015,-179.748,24.059
HER2,9cw7,H4B,502,1,A,3247,N3,65.049,23.416,-179.667,6.562
HER2,9cw7,H4B,502,1,A,3249,O4,62.869,22.809,-179.532,24.644
HER2,9cw7,H4B,502,1,A,3251,C8A,65.476,22.373,-177.178,2.415
HER2,9cw7,H4B,502,1,A,3252,N5,63.21,21.757,-177.047,1.094
HER2,9cw7,H4B,502,1,A,3253,N8,65.707,21.87,-175.938,3.281
HER2,9cw7,H4B,502,1,A,3255,C7,64.661,21.214,-175.163,15.699
HER2,9cw7,H4B,502,1,A,3256,C9,62.146,21.023,-174.966,2.415
HER2,9cw7,H4B,502,1,A,3257,O9,62.028,19.727,-175.557,33.215
HER2,9cw7,H4B,502,1,A,3258,C10,62.359,20.841,-173.469,7.246
HER2,9cw7,H4B,502,1,A,3259,C11,61.129,20.23,-172.807,47.098
HER2,9cw7,H4B,502,1,A,3260,O10,62.671,22.099,-172.856,4.286
HER2,9cw7,H4B,502,1,B,3250,N1,74.293,15.159,-167.0,4.374
HER2,9cw7,H4B,502,1,B,3251,C2,74.739,14.054,-166.356,2.415
HER2,9cw7,H4B,502,1,B,3252,N2,73.917,12.975,-166.251,26.246
HER2,9cw7,H4B,502,1,B,3253,N3,75.994,14.024,-165.838,9.842
HER2,9cw7,H4B,502,1,B,3255,O4,77.961,15.06,-165.482,21.429
HER2,9cw7,H4B,502,1,B,3257,C8A,75.083,16.25,-167.136,2.415
HER2,9cw7,H4B,502,1,B,3258,N5,77.151,17.306,-166.731,1.094
HER2,9cw7,H4B,502,1,B,3259,N8,74.612,17.36,-167.781,4.374
HER2,9cw7,H4B,502,1,B,3261,C7,75.457,18.529,-168.019,16.907
HER2,9cw7,H4B,502,1,B,3262,C9,77.568,19.684,-167.107,1.208
HER2,9cw7,H4B,502,1,B,3263,O9,78.532,19.322,-168.097,31.072
HER2,9cw7,H4B,502,1,B,3264,C10,76.916,20.984,-167.535,8.453
HER2,9cw7,H4B,502,1,B,3265,C11,77.94,22.11,-167.534,45.89
HER2,9cw7,H4B,502,1,B,3266,O10,75.839,21.273,-166.641,2.143
HER2,9cw7,GD3,509,1,B,3323,GD,84.642,-7.13,-188.461,78.444
HER2,9cw7,GD3,511,1,B,3338,GD,97.412,2.603,-180.533,116.214
HER2,9cw7,H4B,502,1,C,3256,N1,95.866,-24.867,-202.187,5.468
HER2,9cw7,H4B,502,1,C,3257,C2,95.655,-25.423,-200.967,2.415
HER2,9cw7,H4B,502,1,C,3258,N2,96.705,-25.954,-200.287,26.246
HER2,9cw7,H4B,502,1,C,3259,N3,94.411,-25.456,-200.431,6.562
HER2,9cw7,H4B,502,1,C,3261,O4,92.201,-24.952,-200.617,20.358
HER2,9cw7,H4B,502,1,C,3263,C8A,94.84,-24.342,-202.887,3.623
HER2,9cw7,H4B,502,1,C,3264,N5,92.528,-23.853,-203.024,2.187
HER2,9cw7,H4B,502,1,C,3265,N8,95.068,-23.8,-204.11,5.468
HER2,9cw7,H4B,502,1,C,3267,C7,93.988,-23.17,-204.872,16.907
HER2,9cw7,H4B,502,1,C,3269,O9,91.246,-21.695,-204.386,33.215
HER2,9cw7,H4B,502,1,C,3270,C10,91.603,-22.795,-206.481,7.246
HER2,9cw7,H4B,502,1,C,3271,C11,90.373,-22.111,-207.059,44.682
HER2,9cw7,H4B,502,1,C,3272,O10,91.771,-24.11,-207.004,1.071
HER2,9cw7,GD3,509,1,D,3328,GD,114.591,4.756,-191.357,74.086
HER2,9cw7,H4B,502,1,D,3255,N1,103.675,-17.341,-213.081,3.281
HER2,9cw7,H4B,502,1,D,3256,C2,104.152,-16.244,-213.698,3.623
HER2,9cw7,H4B,502,1,D,3257,N2,103.381,-15.133,-213.823,25.153
HER2,9cw7,H4B,502,1,D,3258,N3,105.398,-16.247,-214.215,6.562
HER2,9cw7,H4B,502,1,D,3260,O4,107.346,-17.285,-214.624,23.572
HER2,9cw7,H4B,502,1,D,3262,C8A,104.433,-18.458,-212.98,1.208
HER2,9cw7,H4B,502,1,D,3263,N5,106.481,-19.58,-213.421,2.187
HER2,9cw7,H4B,502,1,D,3264,N8,103.921,-19.558,-212.365,3.281
HER2,9cw7,H4B,502,1,D,3266,C7,104.706,-20.78,-212.174,14.492
HER2,9cw7,H4B,502,1,D,3267,C9,106.796,-21.987,-213.006,1.208
HER2,9cw7,H4B,502,1,D,3268,O9,107.745,-21.629,-211.99,32.144
HER2,9cw7,H4B,502,1,D,3269,C10,106.046,-23.261,-212.64,7.246
HER2,9cw7,H4B,502,1,D,3270,C11,106.994,-24.459,-212.538,47.098
HER2,9cw7,H4B,502,1,D,3271,O10,105.051,-23.502,-213.646,2.143
HER2,9cwk,GD3,511,1,A,3332,GD,-36.528,1.201,-199.032,116.214
HER2,9cwk,H4B,502,1,A,3244,N1,-35.05,-27.49,-178.878,4.374
HER2,9cwk,H4B,502,1,A,3245,C2,-34.775,-28.053,-180.08,4.831
HER2,9cwk,H4B,502,1,A,3246,N2,-35.756,-28.689,-180.782,26.246
HER2,9cwk,H4B,502,1,A,3247,N3,-33.519,-27.976,-180.584,7.655
HER2,9cwk,H4B,502,1,A,3249,O4,-31.365,-27.281,-180.414,23.572
HER2,9cwk,H4B,502,1,A,3251,C8A,-34.071,-26.865,-178.175,2.415
HER2,9cwk,H4B,502,1,A,3252,N5,-31.807,-26.143,-178.01,2.187
HER2,9cwk,H4B,502,1,A,3253,N8,-34.368,-26.312,-176.972,3.281
HER2,9cwk,H4B,502,1,A,3255,C7,-33.38,-25.502,-176.26,19.322
HER2,9cwk,H4B,502,1,A,3256,C9,-30.896,-25.211,-175.909,1.208
HER2,9cwk,H4B,502,1,A,3257,O9,-30.779,-23.894,-176.472,32.144
HER2,9cwk,H4B,502,1,A,3258,C10,-31.201,-25.162,-174.416,6.038
HER2,9cwk,H4B,502,1,A,3259,C11,-30.049,-24.5,-173.661,44.682
HER2,9cwk,H4B,502,1,A,3260,O10,-31.418,-26.516,-173.972,1.071
HER2,9cwk,GD3,509,1,B,3345,GD,-54.776,0.553,-190.094,76.992
HER2,9cwk,H4B,502,1,B,3269,N1,-43.747,-20.583,-168.375,2.187
HER2,9cwk,H4B,502,1,B,3270,C2,-44.266,-19.522,-167.728,3.623
HER2,9cwk,H4B,502,1,B,3271,N2,-43.528,-18.378,-167.636,25.153
HER2,9cwk,H4B,502,1,B,3272,N3,-45.519,-19.6,-167.206,7.655
HER2,9cwk,H4B,502,1,B,3274,O4,-47.411,-20.778,-166.843,23.572
HER2,9cwk,H4B,502,1,B,3276,C8A,-44.449,-21.729,-168.504,2.415
HER2,9cwk,H4B,502,1,B,3277,N5,-46.43,-22.963,-168.104,2.187
HER2,9cwk,H4B,502,1,B,3278,N8,-43.877,-22.769,-169.143,3.281
HER2,9cwk,H4B,502,1,B,3280,C7,-44.615,-23.983,-169.462,16.907
HER2,9cwk,H4B,502,1,B,3281,C9,-46.683,-25.313,-168.811,2.415
HER2,9cwk,H4B,502,1,B,3282,O9,-47.501,-25.017,-169.95,33.215
HER2,9cwk,H4B,502,1,B,3283,C10,-45.853,-26.551,-169.077,9.661
HER2,9cwk,H4B,502,1,B,3284,C11,-46.743,-27.791,-169.122,47.098
HER2,9cwk,H4B,502,1,B,3285,O10,-44.944,-26.621,-167.979,1.071
HER2,9cwk,GD3,509,1,C,3323,GD,-5.683,-9.825,-183.121,116.214
HER2,9cwk,H4B,502,1,C,3247,N1,-4.157,18.846,-203.222,2.187
HER2,9cwk,H4B,502,1,C,3248,C2,-3.895,19.367,-202.0,3.623
HER2,9cwk,H4B,502,1,C,3249,N2,-4.894,19.965,-201.282,25.153
HER2,9cwk,H4B,502,1,C,3250,N3,-2.634,19.301,-201.508,8.749
HER2,9cwk,H4B,502,1,C,3252,O4,-0.472,18.658,-201.712,21.429
HER2,9cwk,H4B,502,1,C,3254,C8A,-3.179,18.262,-203.955,2.415
HER2,9cwk,H4B,502,1,C,3255,N5,-0.921,17.587,-204.162,1.094
HER2,9cwk,H4B,502,1,C,3256,N8,-3.474,17.751,-205.175,4.374
HER2,9cwk,H4B,502,1,C,3258,C7,-2.494,16.974,-205.925,15.699
HER2,9cwk,H4B,502,1,C,3259,C9,-0.004,16.593,-206.201,3.623
HER2,9cwk,H4B,502,1,C,3260,O9,0.035,15.282,-205.604,31.072
HER2,9cwk,H4B,502,1,C,3261,C10,-0.264,16.508,-207.699,8.453
HER2,9cwk,H4B,502,1,C,3262,C11,0.941,15.891,-208.403,48.305
HER2,9cwk,GD3,509,1,D,3335,GD,-23.907,-9.199,-192.042,74.086
HER2,9cwk,H4B,502,1,D,3259,N1,-12.867,11.951,-213.703,3.281
HER2,9cwk,H4B,502,1,D,3260,C2,-13.391,10.885,-214.351,3.623
HER2,9cwk,H4B,502,1,D,3261,N2,-12.66,9.742,-214.442,22.965
HER2,9cwk,H4B,502,1,D,3262,N3,-14.636,10.964,-214.895,7.655
HER2,9cwk,H4B,502,1,D,3264,O4,-16.537,12.137,-215.293,24.644
HER2,9cwk,H4B,502,1,D,3266,C8A,-13.574,13.09,-213.584,3.623
HER2,9cwk,H4B,502,1,D,3267,N5,-15.553,14.329,-214.004,3.281
HER2,9cwk,H4B,502,1,D,3268,N8,-13.011,14.126,-212.928,3.281
HER2,9cwk,H4B,502,1,D,3270,C7,-13.72,15.381,-212.714,16.907
HER2,9cwk,H4B,502,1,D,3271,C9,-15.765,16.711,-213.406,2.415
HER2,9cwk,H4B,502,1,D,3272,O9,-16.565,16.404,-212.258,34.287
HER2,9cwk,H4B,502,1,D,3273,C10,-14.938,17.954,-213.126,6.038
HER2,9cwk,H4B,502,1,D,3274,C11,-15.833,19.186,-213.007,43.475
HER2,9cwk,H4B,502,1,D,3275,O10,-14.005,18.102,-214.201,2.143
HER2,9mwn,GD,509,1,A,3331,GD,-33.396,-2.043,-90.36,114.761
HER2,9mwn,H44,503,1,A,3260,N26,-20.294,-33.647,-72.688,24.059
HER2,9mwn,H44,503,1,A,3261,C26,-20.307,-32.559,-72.048,1.208
HER2,9mwn,H44,503,1,A,3262,C25,-19.127,-31.65,-72.094,3.623
HER2,9mwn,H44,503,1,A,3263,S21,-17.604,-32.343,-71.672,33.457
HER2,9mwn,H44,503,1,A,3264,C22,-16.707,-30.877,-71.898,38.644
HER2,9mwn,H44,503,1,A,3265,C23,-17.618,-29.895,-72.287,37.436
HER2,9mwn,H44,503,1,A,3266,C24,-18.954,-30.304,-72.397,31.398
HER2,9mwn,H44,503,1,A,3267,N27,-21.383,-32.197,-71.356,6.562
HER2,9mwn,H44,503,1,A,3269,C36,-23.343,-31.855,-72.611,25.36
HER2,9mwn,H44,503,1,A,3270,C35,-24.599,-32.275,-73.019,22.945
HER2,9mwn,H44,503,1,A,3272,C33,-24.371,-34.255,-71.648,2.415
HER2,9mwn,H44,503,1,A,3273,C32,-23.111,-33.835,-71.242,2.415
HER2,9mwn,H44,503,1,A,3274,C37,-26.465,-33.911,-72.993,7.246
HER2,9mwn,H44,503,1,A,3275,C38,-26.228,-34.798,-74.203,9.661
HER2,9mwn,H44,503,1,A,3276,N18,-26.418,-34.08,-75.45,15.31
HER2,9mwn,H44,503,1,A,3277,C17,-26.721,-34.762,-76.705,9.661
HER2,9mwn,H44,503,1,A,3278,C15,-28.13,-35.327,-76.685,1.208
HER2,9mwn,H44,503,1,A,3279,C14,-28.443,-36.352,-75.804,3.623
HER2,9mwn,H44,503,1,A,3280,C13,-29.706,-36.893,-75.754,20.53
HER2,9mwn,H44,503,1,A,3281,C12,-30.682,-36.388,-76.59,14.492
HER2,9mwn,H44,503,1,A,3283,C16,-29.108,-34.832,-77.55,6.038
HER2,9mwn,H44,503,1,A,3285,C06,-32.267,-35.684,-78.857,1.208
HER2,9mwn,H44,503,1,A,3286,N06,-33.493,-35.215,-79.095,6.562
HER2,9mwn,H44,503,1,A,3288,S01,-33.251,-38.177,-79.284,16.728
HER2,9mwn,H44,503,1,A,3289,C02,-32.255,-39.552,-79.645,8.453
HER2,9mwn,H4B,502,1,A,3243,N1,-31.736,-29.84,-69.224,4.374
HER2,9mwn,H4B,502,1,A,3244,C2,-31.544,-30.385,-70.471,2.415
HER2,9mwn,H4B,502,1,A,3245,N2,-32.592,-30.923,-71.15,26.246
HER2,9mwn,H4B,502,1,A,3246,N3,-30.319,-30.375,-71.046,8.749
HER2,9mwn,H4B,502,1,A,3248,O4,-28.11,-29.826,-70.936,19.286
HER2,9mwn,H4B,502,1,A,3250,C8A,-30.689,-29.313,-68.555,1.208
HER2,9mwn,H4B,502,1,A,3251,N5,-28.401,-28.772,-68.488,1.094
HER2,9mwn,H4B,502,1,A,3252,N8,-30.876,-28.799,-67.315,4.374
HER2,9mwn,H4B,502,1,A,3254,C7,-29.78,-28.191,-66.565,18.114
HER2,9mwn,H4B,502,1,A,3255,C9,-27.235,-28.021,-66.503,1.208
HER2,9mwn,H4B,502,1,A,3256,O9,-27.138,-26.719,-67.076,32.144
HER2,9mwn,H4B,502,1,A,3257,C10,-27.372,-27.876,-65.001,6.038
HER2,9mwn,H4B,502,1,A,3258,C11,-26.159,-27.183,-64.385,42.267
HER2,9mwn,H4B,502,1,B,3268,N1,-39.3,-22.212,-58.383,2.187
HER2,9mwn,H4B,502,1,B,3269,C2,-39.771,-21.1,-57.767,4.831
HER2,9mwn,H4B,502,1,B,3270,N2,-39.007,-19.996,-57.662,25.153
HER2,9mwn,H4B,502,1,B,3271,N3,-41.009,-21.077,-57.243,5.468
HER2,9mwn,H4B,502,1,B,3273,O4,-42.959,-22.093,-56.82,22.501
HER2,9mwn,H4B,502,1,B,3275,C8A,-40.073,-23.31,-58.486,2.415
HER2,9mwn,H4B,502,1,B,3276,N5,-42.13,-24.39,-58.042,2.187
HER2,9mwn,H4B,502,1,B,3277,N8,-39.577,-24.414,-59.113,2.187
HER2,9mwn,H4B,502,1,B,3279,C7,-40.387,-25.618,-59.294,16.907
HER2,9mwn,H4B,502,1,B,3280,C9,-42.472,-26.789,-58.377,2.415
HER2,9mwn,H4B,502,1,B,3281,O9,-43.404,-26.472,-59.416,32.144
HER2,9mwn,H4B,502,1,B,3282,C10,-41.711,-28.068,-58.676,7.246
HER2,9mwn,H4B,502,1,B,3283,C11,-42.624,-29.281,-58.874,45.89
HER2,9mwn,H4B,502,1,B,3284,O10,-40.846,-28.271,-57.557,1.071
HER2,9mwn,H44,503,1,B,3285,N26,-49.487,-22.816,-50.53,36.088
HER2,9mwn,H44,503,1,B,3286,C26,-49.246,-24.0,-50.882,3.623
HER2,9mwn,H44,503,1,B,3287,C25,-50.092,-25.102,-50.328,2.415
HER2,9mwn,H44,503,1,B,3288,S21,-49.643,-25.743,-48.785,16.728
HER2,9mwn,H44,503,1,B,3289,C22,-50.93,-26.902,-48.71,21.737
HER2,9mwn,H44,503,1,B,3290,C23,-51.67,-26.758,-49.885,31.398
HER2,9mwn,H44,503,1,B,3291,C24,-51.223,-25.775,-50.78,32.606
HER2,9mwn,H44,503,1,B,3292,N27,-48.272,-24.228,-51.768,12.029
HER2,9mwn,H44,503,1,B,3293,C31,-47.206,-23.392,-51.854,3.623
HER2,9mwn,H44,503,1,B,3294,C36,-47.177,-22.405,-52.834,27.775
HER2,9mwn,H44,503,1,B,3295,C35,-46.089,-21.544,-52.932,22.945
HER2,9mwn,H44,503,1,B,3297,C33,-45.032,-22.672,-51.084,3.623
HER2,9mwn,H44,503,1,B,3298,C32,-46.126,-23.529,-50.983,3.623
HER2,9mwn,H44,503,1,B,3299,C37,-43.839,-20.733,-52.174,2.415
HER2,9mwn,H44,503,1,B,3300,C38,-44.113,-19.507,-51.301,20.53
HER2,9mwn,H44,503,1,B,3301,N18,-43.538,-18.297,-51.855,5.468
HER2,9mwn,H44,503,1,B,3302,C17,-44.07,-16.966,-51.576,15.699
HER2,9mwn,H44,503,1,B,3304,C14,-41.778,-16.609,-50.9,6.038
HER2,9mwn,H44,503,1,B,3305,C13,-40.582,-15.942,-50.92,18.114
HER2,9mwn,H44,503,1,B,3306,C12,-40.418,-14.844,-51.756,14.492
HER2,9mwn,H44,503,1,B,3307,C11,-41.448,-14.369,-52.565,1.208
HER2,9mwn,H44,503,1,B,3308,C16,-42.671,-15.039,-52.522,7.246
HER2,9mwn,H44,503,1,B,3310,C06,-40.503,-12.242,-53.075,1.208
HER2,9mwn,H44,503,1,B,3311,N06,-39.842,-11.558,-54.017,7.655
HER2,9mwn,H44,503,1,B,3313,S01,-38.851,-11.176,-51.229,16.728
HER2,9mwn,H44,503,1,B,3314,C02,-39.213,-11.053,-49.535,7.246
HER2,9mwn,GD,508,1,B,3350,GD,-50.128,-0.23,-80.158,76.992
HER2,9mwn,H44,503,1,C,3260,N26,9.073,21.037,-89.206,37.182
HER2,9mwn,H44,503,1,C,3261,C26,9.161,20.49,-90.338,2.415
HER2,9mwn,H44,503,1,C,3263,S21,11.741,20.721,-91.234,33.457
HER2,9mwn,H44,503,1,C,3264,C22,12.801,19.378,-91.516,33.814
HER2,9mwn,H44,503,1,C,3265,C23,12.084,18.222,-91.204,37.436
HER2,9mwn,H44,503,1,C,3266,C24,10.768,18.415,-90.764,35.021
HER2,9mwn,H44,503,1,C,3267,N27,8.132,20.53,-91.187,4.374
HER2,9mwn,H44,503,1,C,3269,C36,5.989,19.92,-90.388,25.36
HER2,9mwn,H44,503,1,C,3270,C35,4.711,20.276,-89.972,25.36
HER2,9mwn,H44,503,1,C,3272,C33,5.236,22.596,-90.362,7.246
HER2,9mwn,H44,503,1,C,3273,C32,6.516,22.24,-90.777,8.453
HER2,9mwn,H44,503,1,C,3274,C37,2.945,21.992,-89.505,6.038
HER2,9mwn,H44,503,1,C,3275,C38,3.032,22.86,-88.252,10.869
HER2,9mwn,H44,503,1,C,3276,N18,2.614,22.136,-87.06,16.404
HER2,9mwn,H44,503,1,C,3277,C17,2.249,22.812,-85.82,8.453
HER2,9mwn,H44,503,1,C,3279,C14,0.492,24.367,-86.753,1.208
HER2,9mwn,H44,503,1,C,3280,C13,-0.8,24.867,-86.789,20.53
HER2,9mwn,H44,503,1,C,3281,C12,-1.771,24.339,-85.948,14.492
HER2,9mwn,H44,503,1,C,3282,C11,-1.447,23.33,-85.045,1.208
HER2,9mwn,H44,503,1,C,3283,C16,-0.142,22.829,-85.009,4.831
HER2,9mwn,H44,503,1,C,3285,C06,-3.287,23.55,-83.589,1.208
HER2,9mwn,H44,503,1,C,3286,N06,-4.499,23.067,-83.32,8.749
HER2,9mwn,H44,503,1,C,3288,S01,-4.176,26.079,-83.239,15.442
HER2,9mwn,H44,503,1,C,3289,C02,-3.18,27.415,-82.76,6.038
HER2,9mwn,GD,509,1,D,3346,GD,-20.334,-12.021,-82.882,74.086
HER2,9mwn,H4B,502,1,C,3243,N1,-2.492,17.987,-93.366,3.281
HER2,9mwn,H4B,502,1,C,3244,C2,-2.292,18.515,-92.131,2.415
HER2,9mwn,H4B,502,1,C,3245,N2,-3.334,19.083,-91.485,22.965
HER2,9mwn,H4B,502,1,C,3246,N3,-1.066,18.48,-91.558,8.749
HER2,9mwn,H4B,502,1,C,3248,O4,1.131,17.875,-91.684,22.501
HER2,9mwn,H4B,502,1,C,3249,C4A,-0.206,17.373,-93.464,1.208
HER2,9mwn,H4B,502,1,C,3250,C8A,-1.466,17.417,-94.039,2.415
HER2,9mwn,H4B,502,1,C,3251,N5,0.818,16.801,-94.134,2.187
HER2,9mwn,H4B,502,1,C,3252,N8,-1.67,16.892,-95.275,3.281
HER2,9mwn,H4B,502,1,C,3254,C7,-0.591,16.278,-96.05,16.907
HER2,9mwn,H4B,502,1,C,3255,C9,1.957,16.121,-96.216,2.415
HER2,9mwn,H4B,502,1,C,3256,O9,2.157,14.821,-95.661,33.215
HER2,9mwn,H4B,502,1,C,3257,C10,1.766,15.962,-97.714,7.246
HER2,9mwn,H4B,502,1,C,3258,C11,2.911,15.173,-98.357,45.89
HER2,9mwn,H4B,502,1,C,3259,O10,1.649,17.267,-98.29,1.071
HER2,9mwn,H44,503,1,D,3275,N26,-19.986,10.821,-113.254,27.34
HER2,9mwn,H44,503,1,D,3276,C26,-20.117,11.812,-112.481,2.415
HER2,9mwn,H44,503,1,D,3277,C25,-21.449,12.482,-112.461,2.415
HER2,9mwn,H44,503,1,D,3278,S21,-21.897,13.351,-113.887,23.162
HER2,9mwn,H44,503,1,D,3279,C22,-23.443,13.854,-113.282,25.36
HER2,9mwn,H44,503,1,D,3280,C23,-23.563,13.331,-111.993,32.606
HER2,9mwn,H44,503,1,D,3281,C24,-22.477,12.573,-111.529,26.568
HER2,9mwn,H44,503,1,D,3282,N27,-19.121,12.232,-111.681,5.468
HER2,9mwn,H44,503,1,D,3283,C31,-18.036,11.46,-111.4,1.208
HER2,9mwn,H44,503,1,D,3284,C36,-17.727,11.143,-110.077,26.568
HER2,9mwn,H44,503,1,D,3285,C35,-16.615,10.353,-109.788,24.153
HER2,9mwn,H44,503,1,D,3286,C34,-15.806,9.89,-110.825,1.208
HER2,9mwn,H44,503,1,D,3287,C33,-16.103,10.21,-112.141,7.246
HER2,9mwn,H44,503,1,D,3288,C32,-17.206,11.0,-112.423,6.038
HER2,9mwn,H44,503,1,D,3289,C37,-14.602,9.024,-110.556,2.415
HER2,9mwn,H44,503,1,D,3290,C38,-14.714,7.8,-111.465,13.284
HER2,9mwn,H44,503,1,D,3291,N18,-14.315,6.58,-110.792,8.749
HER2,9mwn,H44,503,1,D,3292,C17,-14.84,5.26,-111.132,16.907
HER2,9mwn,H44,503,1,D,3293,C15,-13.602,4.411,-111.072,1.208
HER2,9mwn,H44,503,1,D,3294,C14,-12.561,4.888,-111.839,4.831
HER2,9mwn,H44,503,1,D,3295,C13,-11.363,4.207,-111.862,19.322
HER2,9mwn,H44,503,1,D,3296,C12,-11.199,3.082,-111.071,12.076
HER2,9mwn,H44,503,1,D,3297,C11,-12.235,2.578,-110.281,1.208
HER2,9mwn,H44,503,1,D,3298,C16,-13.456,3.264,-110.278,6.038
HER2,9mwn,H44,503,1,D,3299,N07,-12.039,1.468,-109.506,1.094
HER2,9mwn,H44,503,1,D,3301,N06,-10.488,-0.184,-108.903,6.562
HER2,9mwn,H44,503,1,D,3303,S01,-9.508,-0.503,-111.708,19.302
HER2,9mwn,H44,503,1,D,3304,C02,-9.912,-0.646,-113.403,4.831
HER2,9mwn,H4B,502,1,D,3258,N1,-10.115,10.202,-104.255,3.281
HER2,9mwn,H4B,502,1,D,3259,C2,-10.538,9.08,-104.898,1.208
HER2,9mwn,H4B,502,1,D,3260,N2,-9.754,7.979,-105.006,26.246
HER2,9mwn,H4B,502,1,D,3261,N3,-11.772,9.053,-105.436,8.749
HER2,9mwn,H4B,502,1,D,3263,O4,-13.732,10.04,-105.852,20.358
HER2,9mwn,H4B,502,1,D,3265,C8A,-10.909,11.3,-104.146,3.623
HER2,9mwn,H4B,502,1,D,3266,N5,-12.993,12.342,-104.612,2.187
HER2,9mwn,H4B,502,1,D,3267,N8,-10.452,12.42,-103.509,3.281
HER2,9mwn,H4B,502,1,D,3269,C7,-11.302,13.6,-103.321,16.907
HER2,9mwn,H4B,502,1,D,3271,O9,-14.359,14.381,-103.127,32.144
HER2,9mwn,H4B,502,1,D,3272,C10,-12.8,16.059,-103.787,7.246
HER2,9mwn,H4B,502,1,D,3273,C11,-13.872,17.127,-103.617,43.475
HER2,9mwn,H4B,502,1,D,3274,O10,-11.894,16.445,-104.824,2.143
HER2,9mwp,GD,511,1,A,3410,GD,21.061,254.062,-5.62,117.666
HER2,9mwp,H4B,502,1,A,3299,N1,19.43,233.99,23.252,3.281
HER2,9mwp,H4B,502,1,A,3300,C2,19.139,235.213,23.743,2.415
HER2,9mwp,H4B,502,1,A,3301,N2,20.097,235.964,24.36,25.153
HER2,9mwp,H4B,502,1,A,3302,N3,17.889,235.698,23.622,8.749
HER2,9mwp,H4B,502,1,A,3304,O4,15.775,235.5,22.921,22.501
HER2,9mwp,H4B,502,1,A,3306,C8A,18.488,233.234,22.645,2.415
HER2,9mwp,H4B,502,1,A,3307,N5,16.257,232.984,21.922,2.187
HER2,9mwp,H4B,502,1,A,3308,N8,18.803,231.996,22.168,3.281
HER2,9mwp,H4B,502,1,A,3310,C7,17.846,231.184,21.409,16.907
HER2,9mwp,H4B,502,1,A,3312,O9,15.265,231.43,19.763,32.144
HER2,9mwp,H4B,502,1,A,3313,C10,15.585,229.415,20.996,8.453
HER2,9mwp,H4B,502,1,A,3314,C11,14.36,228.779,20.341,42.267
HER2,9mwp,H4B,502,1,A,3315,O10,15.831,228.898,22.315,2.143
HER2,9mwp,GD,511,1,B,3393,GD,39.196,245.25,-4.816,74.086
HER2,9mwp,H4B,502,1,B,3290,N1,28.17,223.44,16.339,3.281
HER2,9mwp,H4B,502,1,B,3291,C2,28.766,222.815,15.302,2.415
HER2,9mwp,H4B,502,1,B,3292,N2,28.091,222.658,14.136,27.34
HER2,9mwp,H4B,502,1,B,3293,N3,30.032,222.347,15.409,8.749
HER2,9mwp,H4B,502,1,B,3295,O4,31.903,222.013,16.632,24.644
HER2,9mwp,H4B,502,1,B,3297,C8A,28.849,223.591,17.501,1.208
HER2,9mwp,H4B,502,1,B,3298,N5,30.82,223.231,18.755,1.094
HER2,9mwp,H4B,502,1,B,3299,N8,28.251,224.206,18.548,2.187
HER2,9mwp,H4B,502,1,B,3301,C7,28.961,224.48,19.795,19.322
HER2,9mwp,H4B,502,1,B,3303,O9,31.946,224.842,20.837,34.287
HER2,9mwp,H4B,502,1,B,3304,C10,30.203,224.114,22.361,9.661
HER2,9mwp,H4B,502,1,B,3305,C11,31.092,224.255,23.588,42.267
HER2,9mwp,H4B,502,1,B,3306,O10,29.287,223.034,22.544,2.143
HER2,9mwr,GD,511,1,A,3367,GD,-32.869,-2.315,-90.281,117.666
HER2,9mwr,H4B,502,1,A,3267,N1,-31.133,-29.936,-68.82,4.374
HER2,9mwr,H4B,502,1,A,3268,C2,-30.961,-30.475,-70.059,1.208
HER2,9mwr,H4B,502,1,A,3269,N2,-32.023,-30.974,-70.752,27.34
HER2,9mwr,H4B,502,1,A,3270,N3,-29.733,-30.515,-70.614,8.749
HER2,9mwr,H4B,502,1,A,3272,O4,-27.519,-30.068,-70.516,21.429
HER2,9mwr,H4B,502,1,A,3274,C8A,-30.08,-29.437,-68.144,1.208
HER2,9mwr,H4B,502,1,A,3275,N5,-27.765,-28.996,-68.057,2.187
HER2,9mwr,H4B,502,1,A,3276,N8,-30.26,-28.921,-66.909,4.374
HER2,9mwr,H4B,502,1,A,3278,C7,-29.165,-28.281,-66.192,19.322
HER2,9mwr,H4B,502,1,A,3280,O9,-26.509,-26.924,-66.784,31.072
HER2,9mwr,H4B,502,1,A,3281,C10,-26.813,-27.95,-64.615,7.246
HER2,9mwr,H4B,502,1,A,3282,C11,-25.559,-27.322,-64.026,43.475
HER2,9mwr,H4B,502,1,A,3283,O10,-27.056,-29.221,-64.004,1.071
HER2,9mwr,GD,509,1,B,3363,GD,-49.356,-0.383,-79.821,74.086
HER2,9mwr,H4B,502,1,B,3273,N1,-38.58,-22.142,-58.072,2.187
HER2,9mwr,H4B,502,1,B,3274,C2,-39.06,-21.041,-57.468,2.415
HER2,9mwr,H4B,502,1,B,3275,N2,-38.282,-19.936,-57.423,25.153
HER2,9mwr,H4B,502,1,B,3276,N3,-40.295,-21.036,-56.92,6.562
HER2,9mwr,H4B,502,1,B,3278,O4,-42.235,-22.135,-56.473,21.429
HER2,9mwr,H4B,502,1,B,3280,C8A,-39.326,-23.258,-58.142,3.623
HER2,9mwr,H4B,502,1,B,3281,N5,-41.355,-24.358,-57.638,3.281
HER2,9mwr,H4B,502,1,B,3282,N8,-38.82,-24.363,-58.748,2.187
HER2,9mwr,H4B,502,1,B,3284,C7,-39.631,-25.567,-58.894,16.907
HER2,9mwr,H4B,502,1,B,3285,C9,-41.673,-26.76,-57.854,1.208
HER2,9mwr,H4B,502,1,B,3286,O9,-42.701,-26.522,-58.833,33.215
HER2,9mwr,H4B,502,1,B,3287,C10,-40.902,-28.007,-58.189,7.246
HER2,9mwr,H4B,502,1,B,3288,C11,-41.819,-29.227,-58.25,44.682
HER2,9mwr,H4B,502,1,B,3289,O10,-39.923,-28.143,-57.157,1.071
HER2,9mwr,GD,510,1,C,3345,GD,-3.195,-10.463,-72.042,120.572
HER2,9mwr,H4B,502,1,C,3251,N1,-2.418,17.954,-92.68,2.187
HER2,9mwr,H4B,502,1,C,3252,C2,-2.231,18.421,-91.423,2.415
HER2,9mwr,H4B,502,1,C,3253,N2,-3.284,18.915,-90.715,22.965
HER2,9mwr,H4B,502,1,C,3254,N3,-0.994,18.393,-90.874,8.749
HER2,9mwr,H4B,502,1,C,3256,O4,1.213,17.889,-91.013,22.501
HER2,9mwr,H4B,502,1,C,3258,C8A,-1.378,17.467,-93.388,2.415
HER2,9mwr,H4B,502,1,C,3259,N5,0.924,16.948,-93.522,1.094
HER2,9mwr,H4B,502,1,C,3260,N8,-1.573,17.004,-94.649,2.187
HER2,9mwr,H4B,502,1,C,3262,C7,-0.495,16.434,-95.453,15.699
HER2,9mwr,H4B,502,1,C,3263,C9,2.046,16.25,-95.582,1.208
HER2,9mwr,H4B,502,1,C,3264,O9,2.218,14.955,-94.994,32.144
HER2,9mwr,H4B,502,1,C,3265,C10,1.85,16.103,-97.08,8.453
HER2,9mwr,H4B,502,1,C,3266,C11,3.094,15.518,-97.741,45.89
HER2,9mwr,GD,509,1,D,3374,GD,-19.878,-12.204,-82.582,75.539
HER2,9mwr,H4B,502,1,D,3284,N1,-9.854,10.361,-103.637,3.281
HER2,9mwr,H4B,502,1,D,3285,C2,-10.274,9.237,-104.287,3.623
HER2,9mwr,H4B,502,1,D,3286,N2,-9.448,8.171,-104.429,24.059
HER2,9mwr,H4B,502,1,D,3287,N3,-11.522,9.175,-104.797,8.749
HER2,9mwr,H4B,502,1,D,3289,O4,-13.526,10.155,-105.139,20.358
HER2,9mwr,H4B,502,1,D,3291,C8A,-10.673,11.429,-103.496,3.623
HER2,9mwr,H4B,502,1,D,3292,N5,-12.777,12.413,-103.894,2.187
HER2,9mwr,H4B,502,1,D,3293,N8,-10.258,12.556,-102.852,3.281
HER2,9mwr,H4B,502,1,D,3295,C7,-11.121,13.725,-102.67,16.907
HER2,9mwr,H4B,502,1,D,3297,O9,-14.181,14.391,-102.544,32.144
HER2,9mwr,H4B,502,1,D,3298,C10,-12.632,16.118,-103.272,7.246
HER2,9mwr,H4B,502,1,D,3299,C11,-13.686,17.214,-103.209,43.475
HER2,9mwt,GD,508,1,A,3349,GD,-31.924,-1.832,-200.303,119.119
HER2,9mwt,GD,511,1,A,3357,GD,-21.195,-4.44,-184.989,122.024
HER2,9mwt,H4B,502,1,A,3267,N1,-30.216,-29.415,-178.702,3.281
HER2,9mwt,H4B,502,1,A,3268,C2,-30.057,-29.97,-179.935,2.415
HER2,9mwt,H4B,502,1,A,3269,N2,-31.137,-30.478,-180.587,28.433
HER2,9mwt,H4B,502,1,A,3270,N3,-28.83,-30.021,-180.509,8.749
HER2,9mwt,H4B,502,1,A,3272,O4,-26.619,-29.576,-180.42,21.429
HER2,9mwt,H4B,502,1,A,3274,C8A,-29.157,-28.926,-178.026,1.208
HER2,9mwt,H4B,502,1,A,3275,N5,-26.85,-28.475,-177.914,4.374
HER2,9mwt,H4B,502,1,A,3276,N8,-29.35,-28.417,-176.787,4.374
HER2,9mwt,H4B,502,1,A,3278,C7,-28.272,-27.774,-176.038,18.114
HER2,9mwt,H4B,502,1,A,3279,C9,-25.768,-27.624,-175.856,1.208
HER2,9mwt,H4B,502,1,A,3280,O9,-25.651,-26.282,-176.339,33.215
HER2,9mwt,H4B,502,1,A,3281,C10,-25.967,-27.556,-174.355,6.038
HER2,9mwt,H4B,502,1,A,3282,C11,-24.767,-26.902,-173.689,41.059
HER2,9mwt,H4B,502,1,B,3273,N1,-37.96,-21.834,-167.825,2.187
HER2,9mwt,H4B,502,1,B,3274,C2,-38.473,-20.733,-167.248,3.623
HER2,9mwt,H4B,502,1,B,3275,N2,-37.695,-19.629,-167.19,26.246
HER2,9mwt,H4B,502,1,B,3276,N3,-39.727,-20.734,-166.74,6.562
HER2,9mwt,H4B,502,1,B,3278,O4,-41.651,-21.851,-166.323,23.572
HER2,9mwt,H4B,502,1,B,3280,C8A,-38.682,-22.963,-167.92,3.623
HER2,9mwt,H4B,502,1,B,3281,N5,-40.676,-24.125,-167.499,2.187
HER2,9mwt,H4B,502,1,B,3282,N8,-38.129,-24.059,-168.506,1.094
HER2,9mwt,H4B,502,1,B,3284,C7,-38.885,-25.298,-168.696,13.284
HER2,9mwt,H4B,502,1,B,3286,O9,-41.899,-26.249,-168.859,32.144
HER2,9mwt,H4B,502,1,B,3287,C10,-40.177,-27.815,-168.147,7.246
HER2,9mwt,H4B,502,1,B,3288,C11,-41.088,-29.044,-168.244,43.475
HER2,9mwt,H4B,502,1,B,3289,O10,-39.184,-27.975,-167.131,2.143
HER2,9mwt,GD,508,1,B,3355,GD,-48.735,0.181,-189.711,68.276
HER2,9mwt,GD,509,1,C,3344,GD,-2.122,-9.885,-182.102,116.214
HER2,9mwt,H4B,502,1,C,3256,N1,-1.098,18.416,-203.149,2.187
HER2,9mwt,H4B,502,1,C,3257,C2,-0.908,18.943,-201.91,2.415
HER2,9mwt,H4B,502,1,C,3258,N2,-1.965,19.438,-201.216,22.965
HER2,9mwt,H4B,502,1,C,3259,N3,0.329,18.969,-201.361,7.655
HER2,9mwt,H4B,502,1,C,3261,O4,2.539,18.503,-201.501,22.501
HER2,9mwt,H4B,502,1,C,3262,C4A,1.209,17.946,-203.3,1.208
HER2,9mwt,H4B,502,1,C,3263,C8A,-0.056,17.92,-203.856,3.623
HER2,9mwt,H4B,502,1,C,3264,N5,2.248,17.447,-203.995,1.094
HER2,9mwt,H4B,502,1,C,3265,N8,-0.254,17.411,-205.106,2.187
HER2,9mwt,H4B,502,1,C,3267,C7,0.824,16.829,-205.899,15.699
HER2,9mwt,H4B,502,1,C,3268,C9,3.366,16.653,-206.026,2.415
HER2,9mwt,H4B,502,1,C,3269,O9,3.521,15.364,-205.425,32.144
HER2,9mwt,H4B,502,1,C,3270,C10,3.239,16.466,-207.529,8.453
HER2,9mwt,H4B,502,1,C,3271,C11,4.532,15.893,-208.1,45.89
HER2,9mwt,GD,510,1,D,3355,GD,-18.905,-11.556,-192.512,76.992
HER2,9mwt,H4B,502,1,D,3261,N1,-8.802,10.795,-214.019,4.374
HER2,9mwt,H4B,502,1,D,3262,C2,-9.239,9.678,-214.665,3.623
HER2,9mwt,H4B,502,1,D,3263,N2,-8.438,8.58,-214.758,27.34
HER2,9mwt,H4B,502,1,D,3264,N3,-10.481,9.654,-215.205,8.749
HER2,9mwt,H4B,502,1,D,3266,O4,-12.42,10.676,-215.618,22.501
HER2,9mwt,H4B,502,1,D,3268,C8A,-9.577,11.901,-213.911,3.623
HER2,9mwt,H4B,502,1,D,3269,N5,-11.635,12.964,-214.378,2.187
HER2,9mwt,H4B,502,1,D,3270,N8,-9.111,13.017,-213.273,3.281
HER2,9mwt,H4B,502,1,D,3272,C7,-9.959,14.181,-213.048,18.114
HER2,9mwt,H4B,502,1,D,3274,O9,-13.083,15.108,-213.075,36.43
HER2,9mwt,H4B,502,1,D,3275,C10,-11.331,16.678,-213.64,6.038
HER2,9mwt,H4B,502,1,D,3276,C11,-12.311,17.849,-213.596,42.267
HER2,9mwt,H4B,502,1,D,3277,O10,-10.3,16.928,-214.603,2.143
HER2,9mwu,GD,511,1,A,3364,GD,21.229,253.928,-5.648,117.666
HER2,9mwu,GD,510,1,B,3400,GD,39.449,245.036,-4.797,76.992
HER2,9mwu,H4B,502,1,A,3258,N1,19.658,233.915,23.163,3.281
HER2,9mwu,H4B,502,1,A,3259,C2,19.357,235.112,23.699,1.208
HER2,9mwu,H4B,502,1,A,3260,N2,20.326,235.843,24.29,24.059
HER2,9mwu,H4B,502,1,A,3261,N3,18.098,235.59,23.627,7.655
HER2,9mwu,H4B,502,1,A,3263,O4,15.948,235.364,22.981,21.429
HER2,9mwu,H4B,502,1,A,3265,C8A,18.695,233.168,22.578,1.208
HER2,9mwu,H4B,502,1,A,3266,N5,16.422,232.933,21.901,2.187
HER2,9mwu,H4B,502,1,A,3267,N8,19.017,231.957,22.049,3.281
HER2,9mwu,H4B,502,1,A,3269,C7,18.042,231.137,21.321,14.492
HER2,9mwu,H4B,502,1,A,3271,O9,15.473,231.437,19.53,32.144
HER2,9mwu,H4B,502,1,A,3272,C10,15.788,229.403,20.768,7.246
HER2,9mwu,H4B,502,1,A,3273,C11,14.606,228.714,20.072,45.89
HER2,9mwu,H4B,502,1,A,3274,O10,15.992,228.931,22.108,3.214
HER2,9mwu,H4B,502,1,B,3306,N1,28.393,223.293,16.253,3.281
HER2,9mwu,H4B,502,1,B,3307,C2,28.933,222.621,15.219,2.415
HER2,9mwu,H4B,502,1,B,3308,N2,28.224,222.482,14.07,27.34
HER2,9mwu,H4B,502,1,B,3309,N3,30.184,222.118,15.318,7.655
HER2,9mwu,H4B,502,1,B,3311,O4,32.07,221.75,16.502,24.644
HER2,9mwu,H4B,502,1,B,3313,C8A,29.073,223.42,17.399,1.208
HER2,9mwu,H4B,502,1,B,3314,N5,31.054,223.031,18.654,2.187
HER2,9mwu,H4B,502,1,B,3315,N8,28.491,224.071,18.427,3.281
HER2,9mwu,H4B,502,1,B,3317,C7,29.21,224.33,19.677,16.907
HER2,9mwu,H4B,502,1,B,3318,C9,31.302,223.686,21.018,2.415
HER2,9mwu,H4B,502,1,B,3319,O9,32.1,224.846,20.754,33.215
HER2,9mwu,H4B,502,1,B,3320,C10,30.482,223.949,22.262,9.661
HER2,9mwu,H4B,502,1,B,3321,C11,31.403,224.117,23.475,44.682
HER2,9mwu,H4B,502,1,B,3322,O10,29.632,222.808,22.418,1.071
HER2,9mwv,GD,511,1,A,3342,GD,-33.83,-2.181,-91.169,117.666
HER2,9mwv,H4B,502,1,A,3242,N1,-31.717,-29.978,-69.659,3.281
HER2,9mwv,H4B,502,1,A,3243,C2,-31.55,-30.459,-70.915,1.208
HER2,9mwv,H4B,502,1,A,3244,N2,-32.611,-30.989,-71.582,29.527
HER2,9mwv,H4B,502,1,A,3245,N3,-30.333,-30.407,-71.502,8.749
HER2,9mwv,H4B,502,1,A,3247,O4,-28.146,-29.841,-71.417,22.501
HER2,9mwv,H4B,502,1,A,3249,C8A,-30.679,-29.448,-68.978,2.415
HER2,9mwv,H4B,502,1,A,3250,N5,-28.389,-28.873,-68.917,1.094
HER2,9mwv,H4B,502,1,A,3251,N8,-30.862,-28.982,-67.721,3.281
HER2,9mwv,H4B,502,1,A,3253,C7,-29.781,-28.36,-66.959,18.114
HER2,9mwv,H4B,502,1,A,3255,O9,-27.171,-26.78,-67.525,31.072
HER2,9mwv,H4B,502,1,A,3256,C10,-27.438,-27.952,-65.405,4.831
HER2,9mwv,H4B,502,1,A,3257,C11,-26.334,-27.123,-64.751,43.475
HER2,9mwv,H4B,502,1,A,3258,O10,-27.491,-29.276,-64.85,2.143
HER2,9mwv,H4B,503,1,B,3274,N1,-39.545,-22.269,-58.729,3.281
HER2,9mwv,H4B,503,1,B,3275,C2,-39.957,-21.16,-58.076,3.623
HER2,9mwv,H4B,503,1,B,3276,N2,-39.166,-20.056,-58.023,25.153
HER2,9mwv,H4B,503,1,B,3277,N3,-41.16,-21.135,-57.469,6.562
HER2,9mwv,H4B,503,1,B,3279,O4,-43.101,-22.119,-56.924,23.572
HER2,9mwv,H4B,503,1,B,3281,C8A,-40.326,-23.364,-58.776,2.415
HER2,9mwv,H4B,503,1,B,3282,N5,-42.362,-24.442,-58.212,2.187
HER2,9mwv,H4B,503,1,B,3283,N8,-39.881,-24.466,-59.439,3.281
HER2,9mwv,H4B,503,1,B,3285,C7,-40.674,-25.686,-59.56,15.699
HER2,9mwv,H4B,503,1,B,3286,C9,-42.768,-26.834,-58.665,2.415
HER2,9mwv,H4B,503,1,B,3287,O9,-43.657,-26.514,-59.751,31.072
HER2,9mwv,H4B,503,1,B,3288,C10,-42.038,-28.128,-58.966,8.453
HER2,9mwv,H4B,503,1,B,3289,C11,-42.993,-29.317,-59.129,48.305
HER2,9mwv,H4B,503,1,B,3290,O10,-41.112,-28.346,-57.897,2.143
HER2,9mwv,GD,511,1,B,3368,GD,-50.613,-0.284,-80.521,72.634
HER2,9mwv,H4B,502,1,C,3251,N1,-2.472,17.916,-93.557,4.374
HER2,9mwv,H4B,502,1,C,3252,C2,-2.312,18.426,-92.317,1.208
HER2,9mwv,H4B,502,1,C,3253,N2,-3.403,18.87,-91.651,26.246
HER2,9mwv,H4B,502,1,C,3254,N3,-1.082,18.481,-91.755,7.655
HER2,9mwv,H4B,502,1,C,3256,O4,1.138,18.089,-91.882,24.644
HER2,9mwv,H4B,502,1,C,3258,C8A,-1.416,17.457,-94.257,1.208
HER2,9mwv,H4B,502,1,C,3259,N5,0.899,17.04,-94.414,2.187
HER2,9mwv,H4B,502,1,C,3260,N8,-1.619,16.964,-95.502,4.374
HER2,9mwv,H4B,502,1,C,3262,C7,-0.551,16.395,-96.316,16.907
HER2,9mwv,H4B,502,1,C,3263,C9,1.956,16.171,-96.464,2.415
HER2,9mwv,H4B,502,1,C,3264,O9,2.061,14.891,-95.845,31.072
HER2,9mwv,H4B,502,1,C,3265,C10,1.75,15.941,-97.952,9.661
HER2,9mwv,H4B,502,1,C,3266,C11,2.965,15.258,-98.576,48.305
HER2,9mwv,H4B,502,1,C,3267,O10,1.486,17.209,-98.566,1.071
HER2,9mwv,GD,510,1,D,3349,GD,-20.641,-12.109,-83.393,74.086
HER2,9mwv,H4B,502,1,D,3255,N1,-10.295,10.351,-104.73,4.374
HER2,9mwv,H4B,502,1,D,3256,C2,-10.725,9.23,-105.373,2.415
HER2,9mwv,H4B,502,1,D,3257,N2,-9.946,8.129,-105.438,26.246
HER2,9mwv,H4B,502,1,D,3258,N3,-11.946,9.197,-105.95,7.655
HER2,9mwv,H4B,502,1,D,3260,O4,-13.881,10.217,-106.452,24.644
HER2,9mwv,H4B,502,1,D,3262,C8A,-11.085,11.454,-104.661,3.623
HER2,9mwv,H4B,502,1,D,3263,N5,-13.146,12.493,-105.208,2.187
HER2,9mwv,H4B,502,1,D,3264,N8,-10.649,12.581,-104.015,3.281
HER2,9mwv,H4B,502,1,D,3266,C7,-11.498,13.757,-103.824,16.907
HER2,9mwv,H4B,502,1,D,3267,C9,-13.682,14.819,-104.643,1.208
HER2,9mwv,H4B,502,1,D,3268,O9,-14.58,14.404,-103.606,30.001
HER2,9mwv,H4B,502,1,D,3269,C10,-13.084,16.163,-104.281,8.453
HER2,9mwv,H4B,502,1,D,3270,C11,-14.162,17.227,-104.362,44.682
HER2,9mwv,H4B,502,1,D,3271,O10,-12.031,16.467,-105.198,3.214
HER2,9mww,H4B,502,1,A,3251,N1,-31.453,-29.859,-69.571,4.374
HER2,9mww,H4B,502,1,A,3252,C2,-31.254,-30.431,-70.788,2.415
HER2,9mww,H4B,502,1,A,3253,N2,-32.303,-30.966,-71.456,28.433
HER2,9mww,H4B,502,1,A,3254,N3,-30.028,-30.452,-71.351,8.749
HER2,9mww,H4B,502,1,A,3256,O4,-27.846,-29.929,-71.23,21.429
HER2,9mww,H4B,502,1,A,3258,C8A,-30.421,-29.317,-68.894,1.208
HER2,9mww,H4B,502,1,A,3260,N8,-30.625,-28.776,-67.668,4.374
HER2,9mww,H4B,502,1,A,3262,C7,-29.555,-28.151,-66.889,16.907
HER2,9mww,H4B,502,1,A,3263,C9,-27.024,-27.882,-66.826,2.415
HER2,9mww,H4B,502,1,A,3264,O9,-27.013,-26.57,-67.384,32.144
HER2,9mww,H4B,502,1,A,3265,C10,-27.157,-27.778,-65.316,7.246
HER2,9mww,H4B,502,1,A,3266,C11,-25.93,-27.153,-64.66,43.475
HER2,9mww,H4B,502,1,A,3267,O10,-27.347,-29.1,-64.814,1.071
HER2,9mww,GD,510,1,B,3341,GD,-49.711,0.003,-80.289,75.539
HER2,9mww,GD,511,1,C,3351,GD,-3.125,-10.005,-72.61,117.666
HER2,9mww,H4B,502,1,B,3247,N1,-39.186,-22.25,-58.685,3.281
HER2,9mww,H4B,502,1,B,3248,C2,-39.642,-21.153,-58.047,2.415
HER2,9mww,H4B,502,1,B,3249,N2,-38.876,-20.038,-57.985,25.153
HER2,9mww,H4B,502,1,B,3250,N3,-40.872,-21.147,-57.493,5.468
HER2,9mww,H4B,502,1,B,3252,O4,-42.804,-22.173,-57.012,22.501
HER2,9mww,H4B,502,1,B,3254,C8A,-39.945,-23.356,-58.757,3.623
HER2,9mww,H4B,502,1,B,3255,N5,-41.959,-24.495,-58.256,2.187
HER2,9mww,H4B,502,1,B,3256,N8,-39.431,-24.442,-59.389,3.281
HER2,9mww,H4B,502,1,B,3258,C7,-40.185,-25.677,-59.555,13.284
HER2,9mww,H4B,502,1,B,3259,C9,-42.329,-26.878,-58.817,1.208
HER2,9mww,H4B,502,1,B,3260,O9,-43.23,-26.505,-59.871,32.144
HER2,9mww,H4B,502,1,B,3261,C10,-41.603,-28.171,-59.154,7.246
HER2,9mww,H4B,502,1,B,3262,C11,-42.52,-29.399,-59.275,45.89
HER2,9mww,H4B,502,1,B,3263,O10,-40.663,-28.37,-58.102,3.214
HER2,9mww,H4B,502,1,C,3251,N1,-2.385,18.138,-93.878,2.187
HER2,9mww,H4B,502,1,C,3252,C2,-2.196,18.685,-92.652,2.415
HER2,9mww,H4B,502,1,C,3253,N2,-3.232,19.225,-91.964,24.059
HER2,9mww,H4B,502,1,C,3254,N3,-0.973,18.688,-92.096,7.655
HER2,9mww,H4B,502,1,C,3256,O4,1.212,18.167,-92.194,22.501
HER2,9mww,H4B,502,1,C,3257,C4A,-0.087,17.601,-93.992,1.208
HER2,9mww,H4B,502,1,C,3258,C8A,-1.348,17.6,-94.56,3.623
HER2,9mww,H4B,502,1,C,3259,N5,0.961,17.059,-94.648,2.187
HER2,9mww,H4B,502,1,C,3260,N8,-1.548,17.061,-95.796,2.187
HER2,9mww,H4B,502,1,C,3262,C7,-0.48,16.366,-96.51,15.699
HER2,9mww,H4B,502,1,C,3263,C9,2.042,16.124,-96.649,2.415
HER2,9mww,H4B,502,1,C,3264,O9,2.08,14.781,-96.147,32.144
HER2,9mww,H4B,502,1,C,3265,C10,1.949,16.049,-98.159,7.246
HER2,9mww,H4B,502,1,C,3266,C11,3.255,15.487,-98.71,44.682
HER2,9mww,H4B,502,1,C,3267,O10,1.689,17.355,-98.688,1.071
HER2,9mww,GD,501,1,D,3218,GD,-32.997,-2.303,-91.042,117.666
HER2,9mww,GD,512,1,D,3362,GD,-20.085,-11.969,-83.25,76.992
HER2,9mww,H4B,503,1,D,3262,N1,-10.09,10.336,-104.769,3.281
HER2,9mww,H4B,503,1,D,3263,C2,-10.521,9.225,-105.419,3.623
HER2,9mww,H4B,503,1,D,3264,N2,-9.703,8.15,-105.497,24.059
HER2,9mww,H4B,503,1,D,3265,N3,-11.76,9.197,-105.96,7.655
HER2,9mww,H4B,503,1,D,3267,O4,-13.72,10.259,-106.339,24.644
HER2,9mww,H4B,503,1,D,3269,C8A,-10.879,11.431,-104.671,3.623
HER2,9mww,H4B,503,1,D,3270,N5,-12.954,12.49,-105.128,1.094
HER2,9mww,H4B,503,1,D,3271,N8,-10.425,12.535,-104.029,3.281
HER2,9mww,H4B,503,1,D,3273,C7,-11.227,13.738,-103.827,16.907
HER2,9mww,H4B,503,1,D,3274,C9,-13.405,14.866,-104.543,2.415
HER2,9mww,H4B,503,1,D,3275,O9,-14.261,14.54,-103.446,33.215
HER2,9mww,H4B,503,1,D,3276,C10,-12.687,16.191,-104.317,7.246
HER2,9mww,H4B,503,1,D,3277,C11,-13.678,17.348,-104.277,41.059
HER2,9mww,H4B,503,1,D,3278,O10,-11.807,16.375,-105.435,1.071
HER2,9mz3,GD,512,1,A,3346,GD,-33.135,-2.221,-90.355,117.666
HER2,9mz3,H4B,502,1,A,3251,N1,-31.467,-29.517,-69.029,3.281
HER2,9mz3,H4B,502,1,A,3252,C2,-31.306,-30.078,-70.262,2.415
HER2,9mz3,H4B,502,1,A,3253,N2,-32.373,-30.587,-70.92,26.246
HER2,9mz3,H4B,502,1,A,3254,N3,-30.093,-30.121,-70.834,8.749
HER2,9mz3,H4B,502,1,A,3256,O4,-27.886,-29.652,-70.741,21.429
HER2,9mz3,H4B,502,1,A,3258,C8A,-30.41,-29.017,-68.36,1.208
HER2,9mz3,H4B,502,1,A,3259,N5,-28.086,-28.566,-68.307,2.187
HER2,9mz3,H4B,502,1,A,3260,N8,-30.585,-28.494,-67.135,4.374
HER2,9mz3,H4B,502,1,A,3262,C7,-29.513,-27.793,-66.445,18.114
HER2,9mz3,H4B,502,1,A,3263,C9,-27.013,-27.529,-66.311,2.415
HER2,9mz3,H4B,502,1,A,3264,O9,-26.977,-26.198,-66.834,34.287
HER2,9mz3,H4B,502,1,A,3265,C10,-27.211,-27.425,-64.805,6.038
HER2,9mz3,H4B,502,1,A,3266,C11,-26.045,-26.719,-64.127,45.89
HER2,9mz3,H4B,502,1,A,3267,O10,-27.38,-28.744,-64.28,1.071
HER2,9mz3,GD,510,1,B,3344,GD,-49.872,-0.197,-79.868,76.992
HER2,9mz3,H4B,502,1,B,3261,N1,-39.045,-22.145,-58.295,1.094
HER2,9mz3,H4B,502,1,B,3262,C2,-39.484,-21.002,-57.723,3.623
HER2,9mz3,H4B,502,1,B,3263,N2,-38.661,-19.937,-57.634,21.872
HER2,9mz3,H4B,502,1,B,3264,N3,-40.742,-20.929,-57.24,6.562
HER2,9mz3,H4B,502,1,B,3266,O4,-42.742,-21.862,-56.846,19.286
HER2,9mz3,H4B,502,1,B,3268,C8A,-39.851,-23.225,-58.404,4.831
HER2,9mz3,H4B,502,1,B,3269,N5,-41.942,-24.241,-58.004,2.187
HER2,9mz3,H4B,502,1,B,3270,N8,-39.37,-24.347,-58.971,2.187
HER2,9mz3,H4B,502,1,B,3272,C7,-40.168,-25.552,-59.111,13.284
HER2,9mz3,H4B,502,1,B,3273,C9,-42.267,-26.673,-58.273,2.415
HER2,9mz3,H4B,502,1,B,3274,O9,-43.165,-26.338,-59.329,32.144
HER2,9mz3,H4B,502,1,B,3275,C10,-41.507,-27.935,-58.628,6.038
HER2,9mz3,H4B,502,1,B,3276,C11,-42.435,-29.141,-58.78,45.89
HER2,9mz3,H4B,502,1,B,3277,O10,-40.534,-28.164,-57.612,1.071
HER2,9mz3,GD,511,1,C,3340,GD,-3.588,-10.235,-72.162,119.119
HER2,9mz3,H4B,502,1,C,3251,N1,-2.539,17.732,-93.11,2.187
HER2,9mz3,H4B,502,1,C,3252,C2,-2.346,18.244,-91.866,2.415
HER2,9mz3,H4B,502,1,C,3253,N2,-3.393,18.753,-91.179,22.965
HER2,9mz3,H4B,502,1,C,3254,N3,-1.122,18.239,-91.311,6.562
HER2,9mz3,H4B,502,1,C,3256,O4,1.064,17.736,-91.405,22.501
HER2,9mz3,H4B,502,1,C,3257,C4A,-0.23,17.205,-93.243,1.208
HER2,9mz3,H4B,502,1,C,3258,C8A,-1.503,17.216,-93.809,3.623
HER2,9mz3,H4B,502,1,C,3259,N5,0.81,16.688,-93.938,1.094
HER2,9mz3,H4B,502,1,C,3260,N8,-1.727,16.736,-95.059,2.187
HER2,9mz3,H4B,502,1,C,3262,C7,-0.652,16.158,-95.853,15.699
HER2,9mz3,H4B,502,1,C,3263,C9,1.841,15.906,-96.024,1.208
HER2,9mz3,H4B,502,1,C,3264,O9,1.903,14.617,-95.42,31.072
HER2,9mz3,H4B,502,1,C,3265,C10,1.63,15.703,-97.512,9.661
HER2,9mz3,H4B,502,1,C,3266,C11,2.852,15.055,-98.152,48.305
HER2,9mz3,GD,511,1,D,3350,GD,-20.332,-11.911,-82.648,75.539
HER2,9mz3,H4B,502,1,D,3261,N1,-10.228,10.247,-103.924,3.281
HER2,9mz3,H4B,502,1,D,3262,C2,-10.644,9.119,-104.557,3.623
HER2,9mz3,H4B,502,1,D,3263,N2,-9.822,8.04,-104.676,21.872
HER2,9mz3,H4B,502,1,D,3264,N3,-11.893,9.072,-105.068,7.655
HER2,9mz3,H4B,502,1,D,3266,O4,-13.887,9.973,-105.45,20.358
HER2,9mz3,H4B,502,1,D,3268,C8A,-11.045,11.323,-103.795,3.623
HER2,9mz3,H4B,502,1,D,3269,N5,-13.138,12.347,-104.186,2.187
HER2,9mz3,H4B,502,1,D,3270,N8,-10.584,12.435,-103.17,3.281
HER2,9mz3,H4B,502,1,D,3272,C7,-11.405,13.628,-102.956,16.907
HER2,9mz3,H4B,502,1,D,3274,O9,-14.484,14.315,-102.708,31.072
HER2,9mz3,H4B,502,1,D,3275,C10,-12.966,16.048,-103.361,9.661
HER2,9mz3,H4B,502,1,D,3276,C11,-14.067,17.078,-103.517,41.059
HER2,9mz3,H4B,502,1,D,3277,O10,-11.895,16.33,-104.264,2.143
