Target,pdb_id,Warhead,Residue_ID,Variant,Chain,atom_id,exact_atom,x,y,z,Exposure_A2,AtomIndex,AtomSymbol,SMILES
PRMT4,3b3f,SAH,481,1,A,2706,SD,50.986,34.122,132.493,2.574,15.0,S,c1nc(c2c(n1)n(cn2)[C@H]3[C@@H]([C@@H]([C@H](O3)CSCC[C@@H](C(=O)O)N)O)O)N
PRMT4,3b3f,SAH,481,1,A,2710,C5',51.224,35.448,131.283,1.208,14.0,C,c1nc(c2c(n1)n(cn2)[C@H]3[C@@H]([C@@H]([C@H](O3)CSCC[C@@H](C(=O)O)N)O)O)N
PRMT4,3b3f,SAH,481,1,A,2720,N7,50.281,38.887,126.707,2.187,8.0,N,c1nc(c2c(n1)n(cn2)[C@H]3[C@@H]([C@@H]([C@H](O3)CSCC[C@@H](C(=O)O)N)O)O)N
PRMT4,3b3f,SAH,481,1,A,2723,N6,50.82,41.409,125.197,5.468,25.0,N,c1nc(c2c(n1)n(cn2)[C@H]3[C@@H]([C@@H]([C@H](O3)CSCC[C@@H](C(=O)O)N)O)O)N
PRMT4,3b3f,SAH,481,1,B,2706,SD,24.3,19.106,118.975,2.574,15.0,S,c1nc(c2c(n1)n(cn2)[C@H]3[C@@H]([C@@H]([C@H](O3)CSCC[C@@H](C(=O)O)N)O)O)N
PRMT4,3b3f,SAH,481,1,B,2710,C5',23.579,20.649,118.334,1.208,14.0,C,c1nc(c2c(n1)n(cn2)[C@H]3[C@@H]([C@@H]([C@H](O3)CSCC[C@@H](C(=O)O)N)O)O)N
PRMT4,3b3f,SAH,481,1,B,2720,N7,22.682,26.22,116.74,4.374,8.0,N,c1nc(c2c(n1)n(cn2)[C@H]3[C@@H]([C@@H]([C@H](O3)CSCC[C@@H](C(=O)O)N)O)O)N
PRMT4,3b3f,SAH,481,1,B,2723,N6,21.245,28.195,115.043,3.281,25.0,N,c1nc(c2c(n1)n(cn2)[C@H]3[C@@H]([C@@H]([C@H](O3)CSCC[C@@H](C(=O)O)N)O)O)N
PRMT4,3b3f,SAH,481,1,C,2706,SD,11.914,-14.25,28.992,2.574,15.0,S,c1nc(c2c(n1)n(cn2)[C@H]3[C@@H]([C@@H]([C@H](O3)CSCC[C@@H](C(=O)O)N)O)O)N
PRMT4,3b3f,SAH,481,1,C,2710,C5',11.984,-13.017,27.671,1.208,14.0,C,c1nc(c2c(n1)n(cn2)[C@H]3[C@@H]([C@@H]([C@H](O3)CSCC[C@@H](C(=O)O)N)O)O)N
PRMT4,3b3f,SAH,481,1,C,2720,N7,11.117,-9.426,23.179,2.187,8.0,N,c1nc(c2c(n1)n(cn2)[C@H]3[C@@H]([C@@H]([C@H](O3)CSCC[C@@H](C(=O)O)N)O)O)N
PRMT4,3b3f,SAH,481,1,C,2723,N6,11.607,-6.849,21.766,4.374,25.0,N,c1nc(c2c(n1)n(cn2)[C@H]3[C@@H]([C@@H]([C@H](O3)CSCC[C@@H](C(=O)O)N)O)O)N
PRMT4,3b3f,SAH,481,1,D,2706,SD,-14.137,-31.015,15.429,1.287,15.0,S,c1nc(c2c(n1)n(cn2)[C@H]3[C@@H]([C@@H]([C@H](O3)CSCC[C@@H](C(=O)O)N)O)O)N
PRMT4,3b3f,SAH,481,1,D,2710,C5',-15.006,-29.596,14.718,1.208,14.0,C,c1nc(c2c(n1)n(cn2)[C@H]3[C@@H]([C@@H]([C@H](O3)CSCC[C@@H](C(=O)O)N)O)O)N
PRMT4,3b3f,SAH,481,1,D,2720,N7,-16.214,-24.135,13.162,4.374,8.0,N,c1nc(c2c(n1)n(cn2)[C@H]3[C@@H]([C@@H]([C@H](O3)CSCC[C@@H](C(=O)O)N)O)O)N
PRMT4,3b3f,SAH,481,1,D,2723,N6,-17.868,-22.196,11.507,2.187,25.0,N,c1nc(c2c(n1)n(cn2)[C@H]3[C@@H]([C@@H]([C@H](O3)CSCC[C@@H](C(=O)O)N)O)O)N
PRMT4,4ikp,4IK,501,1,A,2724,O,14.701,35.047,14.114,1.071,20.0,O,c1nc(c2c(n1)n(cn2)[C@H]3[C@@H]([C@@H]([C@H](O3)C[C@H](CC[C@@H](C(=O)O)N)CN)O)O)N
PRMT4,4ikp,4IK,501,1,A,2731,N6,16.481,21.307,11.815,2.187,27.0,N,c1nc(c2c(n1)n(cn2)[C@H]3[C@@H]([C@@H]([C@H](O3)C[C@H](CC[C@@H](C(=O)O)N)CN)O)O)N
PRMT4,4ikp,4IK,501,1,A,2732,N7,15.129,23.222,13.398,4.374,8.0,N,c1nc(c2c(n1)n(cn2)[C@H]3[C@@H]([C@@H]([C@H](O3)C[C@H](CC[C@@H](C(=O)O)N)CN)O)O)N
PRMT4,4ikp,4IK,501,1,A,2737,NZ,13.379,29.779,18.065,5.468,24.0,N,c1nc(c2c(n1)n(cn2)[C@H]3[C@@H]([C@@H]([C@H](O3)C[C@H](CC[C@@H](C(=O)O)N)CN)O)O)N
PRMT4,4ikp,4IK,501,1,B,2682,N6,-13.266,7.602,21.838,4.374,27.0,N,c1nc(c2c(n1)n(cn2)[C@H]3[C@@H]([C@@H]([C@H](O3)C[C@H](CC[C@@H](C(=O)O)N)CN)O)O)N
PRMT4,4ikp,4IK,501,1,B,2683,N7,-12.796,10.071,23.234,4.374,8.0,N,c1nc(c2c(n1)n(cn2)[C@H]3[C@@H]([C@@H]([C@H](O3)C[C@H](CC[C@@H](C(=O)O)N)CN)O)O)N
PRMT4,4ikp,4IK,501,1,B,2688,NZ,-14.76,16.206,27.262,2.187,24.0,N,c1nc(c2c(n1)n(cn2)[C@H]3[C@@H]([C@@H]([C@H](O3)C[C@H](CC[C@@H](C(=O)O)N)CN)O)O)N
PRMT4,4ikp,4IK,501,1,C,2718,N6,-17.921,22.301,91.685,2.187,27.0,N,c1nc(c2c(n1)n(cn2)[C@H]3[C@@H]([C@@H]([C@H](O3)C[C@H](CC[C@@H](C(=O)O)N)CN)O)O)N
PRMT4,4ikp,4IK,501,1,C,2719,N7,-16.308,24.108,90.195,4.374,8.0,N,c1nc(c2c(n1)n(cn2)[C@H]3[C@@H]([C@@H]([C@H](O3)C[C@H](CC[C@@H](C(=O)O)N)CN)O)O)N
PRMT4,4ikp,4IK,501,1,C,2724,NZ,-15.63,30.929,85.946,1.094,24.0,N,c1nc(c2c(n1)n(cn2)[C@H]3[C@@H]([C@@H]([C@H](O3)C[C@H](CC[C@@H](C(=O)O)N)CN)O)O)N
PRMT4,4ikp,4IK,501,1,C,2727,CE,-14.303,31.136,86.535,1.208,23.0,C,c1nc(c2c(n1)n(cn2)[C@H]3[C@@H]([C@@H]([C@H](O3)C[C@H](CC[C@@H](C(=O)O)N)CN)O)O)N
PRMT4,4ikp,4IK,501,1,D,2679,N6,11.236,6.863,81.382,2.187,27.0,N,c1nc(c2c(n1)n(cn2)[C@H]3[C@@H]([C@@H]([C@H](O3)C[C@H](CC[C@@H](C(=O)O)N)CN)O)O)N
PRMT4,4ikp,4IK,501,1,D,2680,N7,10.848,9.3,79.98,3.281,8.0,N,c1nc(c2c(n1)n(cn2)[C@H]3[C@@H]([C@@H]([C@H](O3)C[C@H](CC[C@@H](C(=O)O)N)CN)O)O)N
PRMT4,4ikp,4IK,501,1,D,2685,NZ,13.357,15.326,75.71,2.187,24.0,N,c1nc(c2c(n1)n(cn2)[C@H]3[C@@H]([C@@H]([C@H](O3)C[C@H](CC[C@@H](C(=O)O)N)CN)O)O)N
PRMT4,5dwq,SFG,501,1,A,2753,NE,14.973,18.01,87.265,4.374,23.0,N,c1nc(c2c(n1)n(cn2)[C@H]3[C@@H]([C@@H]([C@H](O3)C[C@H](CC[C@@H](C(=O)O)N)N)O)O)N
PRMT4,5dwq,SFG,501,1,A,2764,N7,16.11,25.21,90.486,1.094,8.0,N,c1nc(c2c(n1)n(cn2)[C@H]3[C@@H]([C@@H]([C@H](O3)C[C@H](CC[C@@H](C(=O)O)N)N)O)O)N
PRMT4,5dwq,SFG,501,1,B,2770,NE,-13.197,33.859,75.355,4.374,23.0,N,c1nc(c2c(n1)n(cn2)[C@H]3[C@@H]([C@@H]([C@H](O3)C[C@H](CC[C@@H](C(=O)O)N)N)O)O)N
PRMT4,5dwq,SFG,501,1,B,2781,N7,-10.997,39.316,80.761,2.187,8.0,N,c1nc(c2c(n1)n(cn2)[C@H]3[C@@H]([C@@H]([C@H](O3)C[C@H](CC[C@@H](C(=O)O)N)N)O)O)N
PRMT4,5dwq,SFG,501,1,C,2759,NE,-13.563,18.738,17.065,4.374,23.0,N,c1nc(c2c(n1)n(cn2)[C@H]3[C@@H]([C@@H]([C@H](O3)C[C@H](CC[C@@H](C(=O)O)N)N)O)O)N
PRMT4,5dwq,SFG,501,1,C,2770,N7,-14.534,26.192,13.976,3.281,8.0,N,c1nc(c2c(n1)n(cn2)[C@H]3[C@@H]([C@@H]([C@H](O3)C[C@H](CC[C@@H](C(=O)O)N)N)O)O)N
PRMT4,5dwq,SFG,501,1,D,2765,NE,14.539,33.236,29.002,3.281,23.0,N,c1nc(c2c(n1)n(cn2)[C@H]3[C@@H]([C@@H]([C@H](O3)C[C@H](CC[C@@H](C(=O)O)N)N)O)O)N
PRMT4,5dwq,SFG,501,1,D,2776,N7,12.821,38.569,23.543,3.281,8.0,N,c1nc(c2c(n1)n(cn2)[C@H]3[C@@H]([C@@H]([C@H](O3)C[C@H](CC[C@@H](C(=O)O)N)N)O)O)N
PRMT4,5dx0,SFG,501,1,A,2765,NE,-14.109,18.833,16.958,3.281,23.0,N,c1nc(c2c(n1)n(cn2)[C@H]3[C@@H]([C@@H]([C@H](O3)C[C@H](CC[C@@H](C(=O)O)N)N)O)O)N
PRMT4,5dx0,SFG,501,1,A,2776,N7,-15.117,25.918,13.63,2.187,8.0,N,c1nc(c2c(n1)n(cn2)[C@H]3[C@@H]([C@@H]([C@H](O3)C[C@H](CC[C@@H](C(=O)O)N)N)O)O)N
PRMT4,5dx0,SFG,501,1,B,2770,NE,14.488,33.576,28.917,1.094,23.0,N,c1nc(c2c(n1)n(cn2)[C@H]3[C@@H]([C@@H]([C@H](O3)C[C@H](CC[C@@H](C(=O)O)N)N)O)O)N
PRMT4,5dx0,SFG,501,1,B,2781,N7,12.698,39.058,23.68,3.281,8.0,N,c1nc(c2c(n1)n(cn2)[C@H]3[C@@H]([C@@H]([C@H](O3)C[C@H](CC[C@@H](C(=O)O)N)N)O)O)N
PRMT4,5dx0,SFG,501,1,C,2760,NE,14.938,18.263,87.444,2.187,23.0,N,c1nc(c2c(n1)n(cn2)[C@H]3[C@@H]([C@@H]([C@H](O3)C[C@H](CC[C@@H](C(=O)O)N)N)O)O)N
PRMT4,5dx0,SFG,501,1,C,2771,N7,16.133,25.296,90.878,1.094,8.0,N,c1nc(c2c(n1)n(cn2)[C@H]3[C@@H]([C@@H]([C@H](O3)C[C@H](CC[C@@H](C(=O)O)N)N)O)O)N
PRMT4,5dx0,SFG,501,1,D,2765,NE,-13.583,33.909,75.536,3.281,23.0,N,c1nc(c2c(n1)n(cn2)[C@H]3[C@@H]([C@@H]([C@H](O3)C[C@H](CC[C@@H](C(=O)O)N)N)O)O)N
PRMT4,5dx0,SFG,501,1,D,2776,N7,-11.467,39.384,80.758,2.187,8.0,N,c1nc(c2c(n1)n(cn2)[C@H]3[C@@H]([C@@H]([C@H](O3)C[C@H](CC[C@@H](C(=O)O)N)N)O)O)N
PRMT4,5dx1,SFG,501,1,A,2853,NE,-13.522,19.433,17.384,2.187,23.0,N,c1nc(c2c(n1)n(cn2)[C@H]3[C@@H]([C@@H]([C@H](O3)C[C@H](CC[C@@H](C(=O)O)N)N)O)O)N
PRMT4,5dx1,SFG,501,1,A,2864,N7,-13.878,26.453,14.184,2.187,8.0,N,c1nc(c2c(n1)n(cn2)[C@H]3[C@@H]([C@@H]([C@H](O3)C[C@H](CC[C@@H](C(=O)O)N)N)O)O)N
PRMT4,5dx1,SFG,501,1,B,2852,NE,15.098,32.955,28.514,3.281,23.0,N,c1nc(c2c(n1)n(cn2)[C@H]3[C@@H]([C@@H]([C@H](O3)C[C@H](CC[C@@H](C(=O)O)N)N)O)O)N
PRMT4,5dx1,SFG,501,1,B,2863,N7,13.121,38.439,23.218,3.281,8.0,N,c1nc(c2c(n1)n(cn2)[C@H]3[C@@H]([C@@H]([C@H](O3)C[C@H](CC[C@@H](C(=O)O)N)N)O)O)N
PRMT4,5dx1,SFG,501,1,D,2845,NE,-12.694,34.123,75.645,3.281,23.0,N,c1nc(c2c(n1)n(cn2)[C@H]3[C@@H]([C@@H]([C@H](O3)C[C@H](CC[C@@H](C(=O)O)N)N)O)O)N
PRMT4,5dx1,SFG,501,1,D,2856,N7,-10.509,39.502,81.032,2.187,8.0,N,c1nc(c2c(n1)n(cn2)[C@H]3[C@@H]([C@@H]([C@H](O3)C[C@H](CC[C@@H](C(=O)O)N)N)O)O)N
PRMT4,5dx1,SFG,501,1,C,2830,NE,14.965,18.273,86.933,4.374,23.0,N,c1nc(c2c(n1)n(cn2)[C@H]3[C@@H]([C@@H]([C@H](O3)C[C@H](CC[C@@H](C(=O)O)N)N)O)O)N
PRMT4,5dx1,SFG,501,1,C,2841,N7,15.867,25.337,90.297,1.094,8.0,N,c1nc(c2c(n1)n(cn2)[C@H]3[C@@H]([C@@H]([C@H](O3)C[C@H](CC[C@@H](C(=O)O)N)N)O)O)N
PRMT4,5dx8,SFG,501,1,A,2832,NE,-13.433,19.319,17.339,4.374,23.0,N,c1nc(c2c(n1)n(cn2)[C@H]3[C@@H]([C@@H]([C@H](O3)C[C@H](CC[C@@H](C(=O)O)N)N)O)O)N
PRMT4,5dx8,SFG,501,1,A,2843,N7,-13.839,26.565,14.148,3.281,8.0,N,c1nc(c2c(n1)n(cn2)[C@H]3[C@@H]([C@@H]([C@H](O3)C[C@H](CC[C@@H](C(=O)O)N)N)O)O)N
PRMT4,5dx8,SFG,501,1,B,2811,NE,15.097,32.856,28.805,3.281,23.0,N,c1nc(c2c(n1)n(cn2)[C@H]3[C@@H]([C@@H]([C@H](O3)C[C@H](CC[C@@H](C(=O)O)N)N)O)O)N
PRMT4,5dx8,SFG,501,1,B,2822,N7,13.054,38.28,23.144,3.281,8.0,N,c1nc(c2c(n1)n(cn2)[C@H]3[C@@H]([C@@H]([C@H](O3)C[C@H](CC[C@@H](C(=O)O)N)N)O)O)N
PRMT4,5dx8,SFG,501,1,C,2791,NE,14.828,18.148,86.645,4.374,23.0,N,c1nc(c2c(n1)n(cn2)[C@H]3[C@@H]([C@@H]([C@H](O3)C[C@H](CC[C@@H](C(=O)O)N)N)O)O)N
PRMT4,5dx8,SFG,501,1,C,2802,N7,15.764,25.376,89.898,1.094,8.0,N,c1nc(c2c(n1)n(cn2)[C@H]3[C@@H]([C@@H]([C@H](O3)C[C@H](CC[C@@H](C(=O)O)N)N)O)O)N
PRMT4,5dx8,SFG,501,1,D,2796,NE,-12.591,34.031,75.167,2.187,23.0,N,c1nc(c2c(n1)n(cn2)[C@H]3[C@@H]([C@@H]([C@H](O3)C[C@H](CC[C@@H](C(=O)O)N)N)O)O)N
PRMT4,5dx8,SFG,501,1,D,2807,N7,-10.452,39.346,80.817,2.187,8.0,N,c1nc(c2c(n1)n(cn2)[C@H]3[C@@H]([C@@H]([C@H](O3)C[C@H](CC[C@@H](C(=O)O)N)N)O)O)N
PRMT4,5dxa,SFG,501,1,A,2874,NE,15.174,33.159,28.665,3.281,23.0,N,c1nc(c2c(n1)n(cn2)[C@H]3[C@@H]([C@@H]([C@H](O3)C[C@H](CC[C@@H](C(=O)O)N)N)O)O)N
PRMT4,5dxa,SFG,501,1,A,2885,N7,12.978,38.451,23.181,3.281,8.0,N,c1nc(c2c(n1)n(cn2)[C@H]3[C@@H]([C@@H]([C@H](O3)C[C@H](CC[C@@H](C(=O)O)N)N)O)O)N
PRMT4,5dxa,SFG,501,1,B,2829,NE,-13.463,19.225,17.195,3.281,23.0,N,c1nc(c2c(n1)n(cn2)[C@H]3[C@@H]([C@@H]([C@H](O3)C[C@H](CC[C@@H](C(=O)O)N)N)O)O)N
PRMT4,5dxa,SFG,501,1,B,2840,N7,-13.996,26.421,14.051,2.187,8.0,N,c1nc(c2c(n1)n(cn2)[C@H]3[C@@H]([C@@H]([C@H](O3)C[C@H](CC[C@@H](C(=O)O)N)N)O)O)N
PRMT4,5dxa,SFG,501,1,C,2810,NE,14.863,18.098,86.852,4.374,23.0,N,c1nc(c2c(n1)n(cn2)[C@H]3[C@@H]([C@@H]([C@H](O3)C[C@H](CC[C@@H](C(=O)O)N)N)O)O)N
PRMT4,5dxa,SFG,501,1,C,2821,N7,16.098,25.192,90.101,1.094,8.0,N,c1nc(c2c(n1)n(cn2)[C@H]3[C@@H]([C@@H]([C@H](O3)C[C@H](CC[C@@H](C(=O)O)N)N)O)O)N
PRMT4,5dxa,SFG,501,1,D,2833,NE,-12.94,34.079,75.259,4.374,23.0,N,c1nc(c2c(n1)n(cn2)[C@H]3[C@@H]([C@@H]([C@H](O3)C[C@H](CC[C@@H](C(=O)O)N)N)O)O)N
PRMT4,5dxa,SFG,501,1,D,2844,N7,-10.666,39.36,80.637,2.187,8.0,N,c1nc(c2c(n1)n(cn2)[C@H]3[C@@H]([C@@H]([C@H](O3)C[C@H](CC[C@@H](C(=O)O)N)N)O)O)N
PRMT4,5dxj,SFG,501,1,A,2878,NE,-13.628,19.266,17.362,2.187,23.0,N,c1nc(c2c(n1)n(cn2)[C@H]3[C@@H]([C@@H]([C@H](O3)C[C@H](CC[C@@H](C(=O)O)N)N)O)O)N
PRMT4,5dxj,SFG,501,1,A,2889,N7,-13.983,26.408,14.155,3.281,8.0,N,c1nc(c2c(n1)n(cn2)[C@H]3[C@@H]([C@@H]([C@H](O3)C[C@H](CC[C@@H](C(=O)O)N)N)O)O)N
PRMT4,5dxj,SFG,501,1,B,2926,NE,14.717,32.897,28.478,3.281,23.0,N,c1nc(c2c(n1)n(cn2)[C@H]3[C@@H]([C@@H]([C@H](O3)C[C@H](CC[C@@H](C(=O)O)N)N)O)O)N
PRMT4,5dxj,SFG,501,1,B,2937,N7,13.046,38.321,23.095,3.281,8.0,N,c1nc(c2c(n1)n(cn2)[C@H]3[C@@H]([C@@H]([C@H](O3)C[C@H](CC[C@@H](C(=O)O)N)N)O)O)N
PRMT4,5dxj,SFG,501,1,C,2823,NE,14.705,18.21,86.705,4.374,23.0,N,c1nc(c2c(n1)n(cn2)[C@H]3[C@@H]([C@@H]([C@H](O3)C[C@H](CC[C@@H](C(=O)O)N)N)O)O)N
PRMT4,5dxj,SFG,501,1,C,2834,N7,16.011,25.286,90.072,1.094,8.0,N,c1nc(c2c(n1)n(cn2)[C@H]3[C@@H]([C@@H]([C@H](O3)C[C@H](CC[C@@H](C(=O)O)N)N)O)O)N
PRMT4,5dxj,SFG,501,1,D,2818,NE,-12.456,34.145,75.183,3.281,23.0,N,c1nc(c2c(n1)n(cn2)[C@H]3[C@@H]([C@@H]([C@H](O3)C[C@H](CC[C@@H](C(=O)O)N)N)O)O)N
PRMT4,5dxj,SFG,501,1,D,2829,N7,-10.666,39.461,80.774,2.187,8.0,N,c1nc(c2c(n1)n(cn2)[C@H]3[C@@H]([C@@H]([C@H](O3)C[C@H](CC[C@@H](C(=O)O)N)N)O)O)N
PRMT4,5ih3,SAH,501,1,A,5504,SD,51.256,34.119,131.144,2.574,15.0,S,c1nc(c2c(n1)n(cn2)[C@H]3[C@@H]([C@@H]([C@H](O3)CSCC[C@@H](C(=O)O)N)O)O)N
PRMT4,5ih3,SAH,501,1,A,5518,N7,50.402,38.52,125.099,1.094,8.0,N,c1nc(c2c(n1)n(cn2)[C@H]3[C@@H]([C@@H]([C@H](O3)CSCC[C@@H](C(=O)O)N)O)O)N
PRMT4,5ih3,SAH,501,1,A,5535,H5'2,50.911,34.874,128.892,0.849,,,c1nc(c2c(n1)n(cn2)[C@H]3[C@@H]([C@@H]([C@H](O3)CSCC[C@@H](C(=O)O)N)O)O)N
PRMT4,5ih3,DXE,507,1,B,5641,C4,28.168,8.506,131.117,7.246,5.0,C,COCCOC
PRMT4,5ih3,DXE,507,1,B,5642,O2,28.639,9.336,130.098,4.286,4.0,O,COCCOC
PRMT4,5ih3,DXE,507,1,B,5643,C3,27.935,9.201,128.898,1.208,3.0,C,COCCOC
PRMT4,5ih3,DXE,507,1,B,5645,O1,28.634,9.75,126.637,4.286,1.0,O,COCCOC
PRMT4,5ih3,DXE,507,1,B,5646,C1,29.263,10.669,125.773,3.623,0.0,C,COCCOC
PRMT4,5ih3,DXE,507,1,B,5647,H41,28.145,7.589,130.802,19.538,,,COCCOC
PRMT4,5ih3,DXE,507,1,B,5648,H42,28.757,8.571,131.884,0.849,,,COCCOC
PRMT4,5ih3,DXE,507,1,B,5650,H31,28.083,8.317,128.527,14.441,,,COCCOC
PRMT4,5ih3,DXE,507,1,B,5652,H21,29.304,10.596,128.258,5.946,,,COCCOC
PRMT4,5ih3,DXE,507,1,B,5654,H11,30.105,10.954,126.162,3.398,,,COCCOC
PRMT4,5ih3,DXE,507,1,B,5655,H12,29.429,10.247,124.916,1.699,,,COCCOC
PRMT4,5ih3,DXE,508,1,B,5657,C4,5.074,29.797,114.158,8.453,5.0,C,COCCOC
PRMT4,5ih3,DXE,508,1,B,5658,O2,4.361,28.584,114.208,2.143,4.0,O,COCCOC
PRMT4,5ih3,DXE,508,1,B,5661,O1,2.441,26.291,116.327,1.071,1.0,O,COCCOC
PRMT4,5ih3,DXE,508,1,B,5662,C1,2.334,26.983,117.546,7.246,0.0,C,COCCOC
PRMT4,5ih3,DXE,508,1,B,5663,H41,5.295,30.005,113.237,8.495,,,COCCOC
PRMT4,5ih3,DXE,508,1,B,5664,H42,4.527,30.508,114.528,21.237,,,COCCOC
PRMT4,5ih3,DXE,508,1,B,5665,H43,5.89,29.714,114.676,1.699,,,COCCOC
PRMT4,5ih3,DXE,508,1,B,5667,H32,3.666,28.689,116.049,6.796,,,COCCOC
PRMT4,5ih3,DXE,508,1,B,5668,H21,2.334,27.259,114.642,3.398,,,COCCOC
PRMT4,5ih3,DXE,508,1,B,5670,H11,1.836,26.446,118.181,14.441,,,COCCOC
PRMT4,5ih3,DXE,508,1,B,5672,H13,1.872,27.824,117.401,16.99,,,COCCOC
PRMT4,5ih3,PE8,506,1,B,5582,O1,8.458,31.663,105.424,12.858,24.0,O,C(COCCOCCOCCOCCOCCOCCOCCO)O
PRMT4,5ih3,PE8,506,1,B,5583,C2,9.56,32.507,105.211,1.208,0.0,C,C(COCCOCCOCCOCCOCCOCCOCCO)O
PRMT4,5ih3,PE8,506,1,B,5584,C3,9.851,33.273,106.502,1.208,1.0,C,C(COCCOCCOCCOCCOCCOCCOCCO)O
PRMT4,5ih3,PE8,506,1,B,5586,C5,11.862,34.364,105.771,2.415,3.0,C,C(COCCOCCOCCOCCOCCOCCOCCO)O
PRMT4,5ih3,PE8,506,1,B,5588,O7,13.947,34.491,104.559,9.643,5.0,O,C(COCCOCCOCCOCCOCCOCCOCCO)O
PRMT4,5ih3,PE8,506,1,B,5590,C9,16.203,35.107,104.067,4.831,7.0,C,C(COCCOCCOCCOCCOCCOCCOCCO)O
PRMT4,5ih3,PE8,506,1,B,5591,O10,17.3,35.258,104.951,8.572,8.0,O,C(COCCOCCOCCOCCOCCOCCOCCO)O
PRMT4,5ih3,PE8,506,1,B,5593,C12,17.483,36.372,107.092,2.415,10.0,C,C(COCCOCCOCCOCCOCCOCCOCCO)O
PRMT4,5ih3,PE8,506,1,B,5594,O13,18.841,36.683,106.949,3.214,11.0,O,C(COCCOCCOCCOCCOCCOCCOCCO)O
PRMT4,5ih3,PE8,506,1,B,5598,C17,22.875,38.037,107.326,1.208,15.0,C,C(COCCOCCOCCOCCOCCOCCOCCO)O
PRMT4,5ih3,PE8,506,1,B,5599,C18,23.976,37.012,107.058,2.415,16.0,C,C(COCCOCCOCCOCCOCCOCCOCCO)O
PRMT4,5ih3,PE8,506,1,B,5600,O19,23.633,36.208,105.964,6.429,17.0,O,C(COCCOCCOCCOCCOCCOCCOCCO)O
PRMT4,5ih3,PE8,506,1,B,5602,C21,24.141,34.556,104.353,4.831,19.0,C,C(COCCOCCOCCOCCOCCOCCOCCO)O
PRMT4,5ih3,PE8,506,1,B,5603,O22,23.127,33.651,104.723,2.143,20.0,O,C(COCCOCCOCCOCCOCCOCCOCCO)O
PRMT4,5ih3,PE8,506,1,B,5604,C23,23.182,32.36,104.14,3.623,21.0,C,C(COCCOCCOCCOCCOCCOCCOCCO)O
PRMT4,5ih3,PE8,506,1,B,5606,O25,24.96,30.827,104.737,21.429,23.0,O,C(COCCOCCOCCOCCOCCOCCOCCO)O
PRMT4,5ih3,PE8,506,1,B,5607,HO1,8.438,31.065,104.82,11.893,,,C(COCCOCCOCCOCCOCCOCCOCCO)O
PRMT4,5ih3,PE8,506,1,B,5608,H21,9.356,33.134,104.5,16.99,,,C(COCCOCCOCCOCCOCCOCCOCCO)O
PRMT4,5ih3,PE8,506,1,B,5609,H22,10.334,31.977,104.966,1.699,,,C(COCCOCCOCCOCCOCCOCCOCCO)O
PRMT4,5ih3,PE8,506,1,B,5610,H31,9.514,32.769,107.259,1.699,,,C(COCCOCCOCCOCCOCCOCCOCCO)O
PRMT4,5ih3,PE8,506,1,B,5611,H32,9.412,34.138,106.47,18.689,,,C(COCCOCCOCCOCCOCCOCCOCCO)O
PRMT4,5ih3,PE8,506,1,B,5612,H51,12.214,35.118,106.27,16.14,,,C(COCCOCCOCCOCCOCCOCCOCCO)O
PRMT4,5ih3,PE8,506,1,B,5613,H52,11.23,34.672,105.104,9.344,,,C(COCCOCCOCCOCCOCCOCCOCCO)O
PRMT4,5ih3,PE8,506,1,B,5615,H62,12.645,33.05,104.386,5.946,,,C(COCCOCCOCCOCCOCCOCCOCCO)O
PRMT4,5ih3,PE8,506,1,B,5618,H91,15.699,35.936,104.063,16.14,,,C(COCCOCCOCCOCCOCCOCCOCCO)O
PRMT4,5ih3,PE8,506,1,B,5619,H92,16.55,34.956,103.174,15.291,,,C(COCCOCCOCCOCCOCCOCCOCCO)O
PRMT4,5ih3,PE8,506,1,B,5622,H121,16.951,37.104,106.743,18.689,,,C(COCCOCCOCCOCCOCCOCCOCCO)O
PRMT4,5ih3,PE8,506,1,B,5623,H122,17.281,36.253,108.033,6.796,,,C(COCCOCCOCCOCCOCCOCCOCCO)O
PRMT4,5ih3,PE8,506,1,B,5625,H142,18.622,38.125,108.243,6.796,,,C(COCCOCCOCCOCCOCCOCCOCCO)O
PRMT4,5ih3,PE8,506,1,B,5626,H151,20.396,38.66,106.662,13.592,,,C(COCCOCCOCCOCCOCCOCCOCCO)O
PRMT4,5ih3,PE8,506,1,B,5628,H171,23.073,38.515,108.146,4.247,,,C(COCCOCCOCCOCCOCCOCCOCCO)O
PRMT4,5ih3,PE8,506,1,B,5629,H172,22.834,38.666,106.588,14.441,,,C(COCCOCCOCCOCCOCCOCCOCCO)O
PRMT4,5ih3,PE8,506,1,B,5630,H181,24.806,37.476,106.867,17.839,,,C(COCCOCCOCCOCCOCCOCCOCCO)O
PRMT4,5ih3,PE8,506,1,B,5631,H182,24.093,36.454,107.843,1.699,,,C(COCCOCCOCCOCCOCCOCCOCCO)O
PRMT4,5ih3,PE8,506,1,B,5632,H201,25.452,35.755,105.412,18.689,,,C(COCCOCCOCCOCCOCCOCCOCCO)O
PRMT4,5ih3,PE8,506,1,B,5633,H202,24.762,34.654,106.323,2.548,,,C(COCCOCCOCCOCCOCCOCCOCCO)O
PRMT4,5ih3,PE8,506,1,B,5634,H211,24.88,34.072,103.953,13.592,,,C(COCCOCCOCCOCCOCCOCCOCCO)O
PRMT4,5ih3,PE8,506,1,B,5635,H212,23.788,35.197,103.716,20.388,,,C(COCCOCCOCCOCCOCCOCCOCCO)O
PRMT4,5ih3,PE8,506,1,B,5636,H231,22.291,32.093,103.864,8.495,,,C(COCCOCCOCCOCCOCCOCCOCCO)O
PRMT4,5ih3,PE8,506,1,B,5637,H232,23.767,32.38,103.366,11.893,,,C(COCCOCCOCCOCCOCCOCCOCCO)O
PRMT4,5ih3,PE8,506,1,B,5640,H25,24.836,30.076,104.358,12.742,,,C(COCCOCCOCCOCCOCCOCCOCCO)O
PRMT4,5ih3,SAH,501,1,B,5493,SD,24.76,19.373,118.567,1.287,15.0,S,c1nc(c2c(n1)n(cn2)[C@H]3[C@@H]([C@@H]([C@H](O3)CSCC[C@@H](C(=O)O)N)O)O)N
PRMT4,5ih3,SAH,501,1,B,5507,N7,23.347,26.548,116.534,1.094,8.0,N,c1nc(c2c(n1)n(cn2)[C@H]3[C@@H]([C@@H]([C@H](O3)CSCC[C@@H](C(=O)O)N)O)O)N
PRMT4,5ih3,SAH,501,1,B,5524,H5'2,24.531,21.767,118.652,0.849,,,c1nc(c2c(n1)n(cn2)[C@H]3[C@@H]([C@@H]([C@H](O3)CSCC[C@@H](C(=O)O)N)O)O)N
PRMT4,5ih3,DXE,507,1,C,5590,C4,9.915,36.457,159.732,8.453,5.0,C,COCCOC
PRMT4,5ih3,DXE,507,1,C,5591,O2,11.311,36.311,159.599,12.858,4.0,O,COCCOC
PRMT4,5ih3,DXE,507,1,C,5593,C2,13.452,37.121,158.893,3.623,2.0,C,COCCOC
PRMT4,5ih3,DXE,507,1,C,5594,O1,14.307,38.156,159.317,1.071,1.0,O,COCCOC
PRMT4,5ih3,DXE,507,1,C,5595,C1,14.636,39.096,158.327,9.661,0.0,C,COCCOC
PRMT4,5ih3,DXE,507,1,C,5596,H41,9.547,36.81,158.907,22.087,,,COCCOC
PRMT4,5ih3,DXE,507,1,C,5597,H42,9.516,35.593,159.92,27.184,,,COCCOC
PRMT4,5ih3,DXE,507,1,C,5598,H43,9.721,37.068,160.46,7.645,,,COCCOC
PRMT4,5ih3,DXE,507,1,C,5599,H31,11.96,38.139,159.884,2.548,,,COCCOC
PRMT4,5ih3,DXE,507,1,C,5600,H32,11.584,37.82,158.378,15.291,,,COCCOC
PRMT4,5ih3,DXE,507,1,C,5601,H21,13.565,36.985,157.939,15.291,,,COCCOC
PRMT4,5ih3,DXE,507,1,C,5602,H22,13.684,36.303,159.361,8.495,,,COCCOC
PRMT4,5ih3,DXE,507,1,C,5603,H11,15.165,39.808,158.719,5.946,,,COCCOC
PRMT4,5ih3,DXE,507,1,C,5604,H12,15.147,38.662,157.626,21.237,,,COCCOC
PRMT4,5ih3,DXE,507,1,C,5605,H13,13.822,39.468,157.951,18.689,,,COCCOC
PRMT4,5ih3,DXE,508,1,C,5606,C4,28.762,28.398,180.388,12.076,5.0,C,COCCOC
PRMT4,5ih3,DXE,508,1,C,5607,O2,29.315,28.892,181.586,5.357,4.0,O,COCCOC
PRMT4,5ih3,DXE,508,1,C,5609,C2,31.012,30.095,182.724,1.208,2.0,C,COCCOC
PRMT4,5ih3,DXE,508,1,C,5612,H41,29.464,28.294,179.727,5.097,,,COCCOC
PRMT4,5ih3,DXE,508,1,C,5613,H42,28.345,27.538,180.555,3.398,,,COCCOC
PRMT4,5ih3,DXE,508,1,C,5614,H43,28.097,29.022,180.058,5.946,,,COCCOC
PRMT4,5ih3,DXE,508,1,C,5617,H21,31.289,29.188,182.923,11.893,,,COCCOC
PRMT4,5ih3,DXE,508,1,C,5618,H22,30.522,30.448,183.483,1.699,,,COCCOC
PRMT4,5ih3,DXE,508,1,C,5619,H11,33.469,29.472,182.834,15.291,,,COCCOC
PRMT4,5ih3,DXE,508,1,C,5621,H13,33.202,30.397,184.092,1.699,,,COCCOC
PRMT4,5ih3,SAH,501,1,C,5484,SD,25.671,35.319,176.568,1.287,15.0,S,c1nc(c2c(n1)n(cn2)[C@H]3[C@@H]([C@@H]([C@H](O3)CSCC[C@@H](C(=O)O)N)O)O)N
PRMT4,5ih3,SAH,501,1,C,5515,H5'2,26.009,35.952,178.864,0.849,,,c1nc(c2c(n1)n(cn2)[C@H]3[C@@H]([C@@H]([C@H](O3)CSCC[C@@H](C(=O)O)N)O)O)N
PRMT4,5ih3,SAH,501,1,D,5466,SD,51.284,18.348,189.355,2.574,15.0,S,c1nc(c2c(n1)n(cn2)[C@H]3[C@@H]([C@@H]([C@H](O3)CSCC[C@@H](C(=O)O)N)O)O)N
PRMT4,5ih3,SAH,501,1,D,5480,N7,53.292,25.333,191.42,1.094,8.0,N,c1nc(c2c(n1)n(cn2)[C@H]3[C@@H]([C@@H]([C@H](O3)CSCC[C@@H](C(=O)O)N)O)O)N
PRMT4,5is6,DXE,505,1,A,5537,C4,73.959,22.01,131.137,15.699,5.0,C,COCCOC
PRMT4,5is6,DXE,505,1,A,5538,O2,73.139,22.747,130.25,9.643,4.0,O,COCCOC
PRMT4,5is6,DXE,505,1,A,5539,C3,71.876,22.204,129.944,6.038,3.0,C,COCCOC
PRMT4,5is6,DXE,505,1,A,5541,O1,69.77,21.547,130.895,4.286,1.0,O,COCCOC
PRMT4,5is6,DXE,505,1,A,5542,C1,69.124,21.022,132.023,7.246,0.0,C,COCCOC
PRMT4,5is6,DXE,505,1,A,5543,H41,74.053,21.101,130.811,18.689,,,COCCOC
PRMT4,5is6,DXE,505,1,A,5544,H42,74.834,22.426,131.19,24.635,,,COCCOC
PRMT4,5is6,DXE,505,1,A,5545,H43,73.553,21.997,132.018,12.742,,,COCCOC
PRMT4,5is6,DXE,505,1,A,5546,H31,71.467,22.726,129.236,6.796,,,COCCOC
PRMT4,5is6,DXE,505,1,A,5547,H32,71.987,21.288,129.643,15.291,,,COCCOC
PRMT4,5is6,DXE,505,1,A,5548,H21,71.421,21.789,131.913,6.796,,,COCCOC
PRMT4,5is6,DXE,505,1,A,5550,H11,68.275,20.636,131.758,4.247,,,COCCOC
PRMT4,5is6,DXE,505,1,A,5551,H12,68.97,21.731,132.667,5.946,,,COCCOC
PRMT4,5is6,DXE,505,1,A,5552,H13,69.68,20.336,132.424,17.839,,,COCCOC
PRMT4,5is6,DXE,506,1,A,5553,C4,50.943,22.511,138.275,2.415,5.0,C,COCCOC
PRMT4,5is6,DXE,506,1,A,5555,C3,52.549,20.717,138.219,2.415,3.0,C,COCCOC
PRMT4,5is6,DXE,506,1,A,5557,O1,52.62,18.459,137.502,1.071,1.0,O,COCCOC
PRMT4,5is6,DXE,506,1,A,5558,C1,51.804,17.36,137.828,6.038,0.0,C,COCCOC
PRMT4,5is6,DXE,506,1,A,5560,H42,50.879,22.412,139.237,11.043,,,COCCOC
PRMT4,5is6,DXE,506,1,A,5561,H43,50.234,22.004,137.849,10.194,,,COCCOC
PRMT4,5is6,DXE,506,1,A,5562,H31,53.516,20.637,138.2,5.097,,,COCCOC
PRMT4,5is6,DXE,506,1,A,5563,H32,52.238,20.557,139.124,11.043,,,COCCOC
PRMT4,5is6,DXE,506,1,A,5565,H22,51.006,19.548,137.499,5.097,,,COCCOC
PRMT4,5is6,DXE,506,1,A,5566,H11,51.126,17.245,137.143,0.849,,,COCCOC
PRMT4,5is6,DXE,506,1,A,5567,H12,52.347,16.558,137.882,8.495,,,COCCOC
PRMT4,5is6,DXE,506,1,A,5568,H13,51.375,17.518,138.684,19.538,,,COCCOC
PRMT4,5is6,SFG,507,1,A,5577,NE,52.519,33.113,131.335,2.187,23.0,N,c1nc(c2c(n1)n(cn2)[C@H]3[C@@H]([C@@H]([C@H](O3)C[C@H](CC[C@@H](C(=O)O)N)N)O)O)N
PRMT4,5is6,SFG,507,1,A,5588,N7,50.467,38.394,126.013,1.094,8.0,N,c1nc(c2c(n1)n(cn2)[C@H]3[C@@H]([C@@H]([C@H](O3)C[C@H](CC[C@@H](C(=O)O)N)N)O)O)N
PRMT4,5is6,SFG,507,1,A,5604,HNE1,52.42,32.25,131.86,1.699,,,c1nc(c2c(n1)n(cn2)[C@H]3[C@@H]([C@@H]([C@H](O3)C[C@H](CC[C@@H](C(=O)O)N)N)O)O)N
PRMT4,5is6,DXE,2004,1,B,5512,C4,29.098,21.872,126.13,8.453,5.0,C,COCCOC
PRMT4,5is6,DXE,2004,1,B,5513,O2,29.415,23.223,125.878,6.429,4.0,O,COCCOC
PRMT4,5is6,DXE,2004,1,B,5517,C1,32.186,26.071,124.086,2.415,0.0,C,COCCOC
PRMT4,5is6,DXE,2004,1,B,5518,H41,29.762,21.301,125.712,6.796,,,COCCOC
PRMT4,5is6,DXE,2004,1,B,5520,H43,28.223,21.672,125.763,5.946,,,COCCOC
PRMT4,5is6,DXE,2004,1,B,5523,H21,30.146,25.421,125.174,2.548,,,COCCOC
PRMT4,5is6,DXE,2004,1,B,5524,H22,29.414,25.463,123.775,0.849,,,COCCOC
PRMT4,5is6,DXE,2004,1,B,5525,H11,32.321,26.008,125.045,15.291,,,COCCOC
PRMT4,5is6,DXE,2004,1,B,5526,H12,33.039,25.978,123.633,3.398,,,COCCOC
PRMT4,5is6,DXE,2005,1,B,5528,C4,11.591,10.476,134.447,8.453,5.0,C,COCCOC
PRMT4,5is6,DXE,2005,1,B,5529,O2,10.722,11.452,134.972,12.858,4.0,O,COCCOC
PRMT4,5is6,DXE,2005,1,B,5531,C2,8.728,12.708,134.427,2.415,2.0,C,COCCOC
PRMT4,5is6,DXE,2005,1,B,5532,O1,7.898,11.613,134.177,9.643,1.0,O,COCCOC
PRMT4,5is6,DXE,2005,1,B,5533,C1,6.528,11.839,134.408,13.284,0.0,C,COCCOC
PRMT4,5is6,DXE,2005,1,B,5534,H41,12.024,10.003,135.175,9.344,,,COCCOC
PRMT4,5is6,DXE,2005,1,B,5535,H42,11.085,9.848,133.909,15.291,,,COCCOC
PRMT4,5is6,DXE,2005,1,B,5536,H43,12.264,10.905,133.896,0.849,,,COCCOC
PRMT4,5is6,DXE,2005,1,B,5539,H21,8.441,13.468,133.896,1.699,,,COCCOC
PRMT4,5is6,DXE,2005,1,B,5540,H22,8.7,12.935,135.37,17.839,,,COCCOC
PRMT4,5is6,DXE,2005,1,B,5541,H11,6.235,12.604,133.889,7.645,,,COCCOC
PRMT4,5is6,DXE,2005,1,B,5542,H12,6.022,11.055,134.142,22.936,,,COCCOC
PRMT4,5is6,DXE,2005,1,B,5543,H13,6.383,12.013,135.351,20.388,,,COCCOC
PRMT4,5is6,SFG,2006,1,B,5563,N7,23.44,26.586,117.367,1.094,8.0,N,c1nc(c2c(n1)n(cn2)[C@H]3[C@@H]([C@@H]([C@H](O3)C[C@H](CC[C@@H](C(=O)O)N)N)O)O)N
PRMT4,5is6,SFG,2006,1,B,5579,HNE1,24.42,20.128,121.267,2.548,,,c1nc(c2c(n1)n(cn2)[C@H]3[C@@H]([C@@H]([C@H](O3)C[C@H](CC[C@@H](C(=O)O)N)N)O)O)N
PRMT4,5is6,DXE,506,1,C,5566,C4,27.477,5.972,202.647,7.246,5.0,C,COCCOC
PRMT4,5is6,DXE,506,1,C,5568,C3,28.176,8.073,201.861,2.415,3.0,C,COCCOC
PRMT4,5is6,DXE,506,1,C,5570,O1,28.978,10.122,201.016,4.286,1.0,O,COCCOC
PRMT4,5is6,DXE,506,1,C,5571,C1,28.535,11.415,200.716,1.208,0.0,C,COCCOC
PRMT4,5is6,DXE,506,1,C,5572,H41,28.375,5.608,202.688,16.14,,,COCCOC
PRMT4,5is6,DXE,506,1,C,5573,H42,26.847,5.258,202.466,18.689,,,COCCOC
PRMT4,5is6,DXE,506,1,C,5574,H43,27.259,6.391,203.494,17.839,,,COCCOC
PRMT4,5is6,DXE,506,1,C,5575,H31,27.857,8.504,202.67,12.742,,,COCCOC
PRMT4,5is6,DXE,506,1,C,5576,H32,29.101,7.81,201.988,9.344,,,COCCOC
PRMT4,5is6,DXE,506,1,C,5579,H11,29.184,12.061,201.035,2.548,,,COCCOC
PRMT4,5is6,SFG,507,1,C,5618,HNE2,24.856,34.111,179.27,2.548,,,c1nc(c2c(n1)n(cn2)[C@H]3[C@@H]([C@@H]([C@H](O3)C[C@H](CC[C@@H](C(=O)O)N)N)O)O)N
PRMT4,5is6,DXE,503,1,D,5469,C4,68.52,9.951,174.993,7.246,5.0,C,COCCOC
PRMT4,5is6,DXE,503,1,D,5470,O2,67.23,10.473,175.212,7.5,4.0,O,COCCOC
PRMT4,5is6,DXE,503,1,D,5471,C3,66.267,9.469,175.293,1.208,3.0,C,COCCOC
PRMT4,5is6,DXE,503,1,D,5473,O1,63.998,9.087,174.749,12.858,1.0,O,COCCOC
PRMT4,5is6,DXE,503,1,D,5474,C1,63.783,7.992,175.609,8.453,0.0,C,COCCOC
PRMT4,5is6,DXE,503,1,D,5475,H41,69.142,10.68,174.84,22.087,,,COCCOC
PRMT4,5is6,DXE,503,1,D,5476,H42,68.8,9.444,175.771,9.344,,,COCCOC
PRMT4,5is6,DXE,503,1,D,5477,H43,68.506,9.37,174.216,18.689,,,COCCOC
PRMT4,5is6,DXE,503,1,D,5478,H31,66.39,8.846,174.56,10.194,,,COCCOC
PRMT4,5is6,DXE,503,1,D,5479,H32,66.365,8.997,176.135,0.849,,,COCCOC
PRMT4,5is6,DXE,503,1,D,5480,H21,64.882,10.82,174.602,6.796,,,COCCOC
PRMT4,5is6,DXE,503,1,D,5482,H11,63.107,7.409,175.228,5.097,,,COCCOC
PRMT4,5is6,DXE,503,1,D,5483,H12,64.611,7.498,175.717,12.742,,,COCCOC
PRMT4,5is6,DXE,503,1,D,5484,H13,63.482,8.313,176.473,0.849,,,COCCOC
PRMT4,5is6,SFG,504,1,D,5504,N7,53.345,25.305,192.727,1.094,8.0,N,c1nc(c2c(n1)n(cn2)[C@H]3[C@@H]([C@@H]([C@H](O3)C[C@H](CC[C@@H](C(=O)O)N)N)O)O)N
PRMT4,5is6,SFG,504,1,D,5521,HNE2,51.645,18.926,188.755,2.548,,,c1nc(c2c(n1)n(cn2)[C@H]3[C@@H]([C@@H]([C@H](O3)C[C@H](CC[C@@H](C(=O)O)N)N)O)O)N
PRMT4,5is7,DSH,504,1,A,5583,N7,49.657,39.116,126.141,1.094,8.0,N,c1nc(c2c(n1)n(cn2)[C@H]3[C@@H]([C@@H]([C@H](O3)CSCCCN)O)O)N
PRMT4,5is7,DSH,504,1,A,5588,SD,50.817,34.428,131.908,1.287,15.0,S,c1nc(c2c(n1)n(cn2)[C@H]3[C@@H]([C@@H]([C@H](O3)CSCCCN)O)O)N
PRMT4,5is7,DSH,504,1,A,5616,HAA,51.706,29.852,130.269,3.398,,,c1nc(c2c(n1)n(cn2)[C@H]3[C@@H]([C@@H]([C@H](O3)CSCCCN)O)O)N
PRMT4,5is7,DSH,503,1,B,5503,N7,22.849,26.731,117.476,1.094,8.0,N,c1nc(c2c(n1)n(cn2)[C@H]3[C@@H]([C@@H]([C@H](O3)CSCCCN)O)O)N
PRMT4,5is7,DSH,503,1,B,5508,SD,24.054,20.054,119.842,2.574,15.0,S,c1nc(c2c(n1)n(cn2)[C@H]3[C@@H]([C@@H]([C@H](O3)CSCCCN)O)O)N
PRMT4,5is7,DSH,503,1,B,5534,H5',22.945,22.107,119.368,0.849,,,c1nc(c2c(n1)n(cn2)[C@H]3[C@@H]([C@@H]([C@H](O3)CSCCCN)O)O)N
PRMT4,5is7,DSH,503,1,B,5538,H21,24.849,18.871,124.91,8.495,,,c1nc(c2c(n1)n(cn2)[C@H]3[C@@H]([C@@H]([C@H](O3)CSCCCN)O)O)N
PRMT4,5is7,DSH,502,1,C,5444,N7,25.967,39.232,184.331,1.094,8.0,N,c1nc(c2c(n1)n(cn2)[C@H]3[C@@H]([C@@H]([C@H](O3)CSCCCN)O)O)N
PRMT4,5is7,DSH,502,1,C,5449,SD,24.794,34.558,178.799,2.574,15.0,S,c1nc(c2c(n1)n(cn2)[C@H]3[C@@H]([C@@H]([C@H](O3)CSCCCN)O)O)N
PRMT4,5is7,DSH,502,1,C,5460,HNA,23.392,29.59,179.408,4.247,,,c1nc(c2c(n1)n(cn2)[C@H]3[C@@H]([C@@H]([C@H](O3)CSCCCN)O)O)N
PRMT4,5is7,DSH,502,1,D,5424,N7,52.395,26.557,193.096,2.187,8.0,N,c1nc(c2c(n1)n(cn2)[C@H]3[C@@H]([C@@H]([C@H](O3)CSCCCN)O)O)N
PRMT4,5is7,DSH,502,1,D,5440,HNA,50.667,17.554,186.773,0.849,,,c1nc(c2c(n1)n(cn2)[C@H]3[C@@H]([C@@H]([C@H](O3)CSCCCN)O)O)N
PRMT4,5is7,DSH,502,1,D,5445,HA,50.198,19.81,187.059,4.247,,,c1nc(c2c(n1)n(cn2)[C@H]3[C@@H]([C@@H]([C@H](O3)CSCCCN)O)O)N
PRMT4,5is7,DSH,502,1,D,5459,H21,51.226,18.215,185.377,2.548,,,c1nc(c2c(n1)n(cn2)[C@H]3[C@@H]([C@@H]([C@H](O3)CSCCCN)O)O)N
PRMT4,5is8,6D1,601,1,A,5555,C5,51.678,32.555,130.737,1.208,24.0,C,c1nc(c2c(n1)n(cn2)[C@H]3[C@@H]([C@@H]([C@H](O3)CN(CC[C@@H](C(=O)O)N)CCCl)O)O)N
PRMT4,5is8,6D1,601,1,A,5556,CL1,51.823,30.804,130.61,6.234,25.0,Cl,c1nc(c2c(n1)n(cn2)[C@H]3[C@@H]([C@@H]([C@H](O3)CN(CC[C@@H](C(=O)O)N)CCCl)O)O)N
PRMT4,5is8,6D1,601,1,A,5567,N4,50.024,38.605,126.957,3.281,8.0,N,c1nc(c2c(n1)n(cn2)[C@H]3[C@@H]([C@@H]([C@H](O3)CN(CC[C@@H](C(=O)O)N)CCCl)O)O)N
PRMT4,5is8,6D1,601,1,A,5570,N5,50.333,41.193,125.377,1.094,28.0,N,c1nc(c2c(n1)n(cn2)[C@H]3[C@@H]([C@@H]([C@H](O3)CN(CC[C@@H](C(=O)O)N)CCCl)O)O)N
PRMT4,5is8,6D1,601,1,A,5588,H13,52.403,32.977,130.232,0.849,,,c1nc(c2c(n1)n(cn2)[C@H]3[C@@H]([C@@H]([C@H](O3)CN(CC[C@@H](C(=O)O)N)CCCl)O)O)N
PRMT4,5is8,6D1,601,1,A,5598,H23,49.672,41.518,124.844,3.398,,,c1nc(c2c(n1)n(cn2)[C@H]3[C@@H]([C@@H]([C@H](O3)CN(CC[C@@H](C(=O)O)N)CCCl)O)O)N
PRMT4,5is8,6D1,601,1,B,5304,C5,23.887,20.511,122.303,1.208,24.0,C,c1nc(c2c(n1)n(cn2)[C@H]3[C@@H]([C@@H]([C@H](O3)CN(CC[C@@H](C(=O)O)N)CCCl)O)O)N
PRMT4,5is8,6D1,601,1,B,5305,CL1,24.376,20.135,123.948,4.988,25.0,Cl,c1nc(c2c(n1)n(cn2)[C@H]3[C@@H]([C@@H]([C@H](O3)CN(CC[C@@H](C(=O)O)N)CCCl)O)O)N
PRMT4,5is8,6D1,601,1,B,5348,H24,22.172,28.881,117.052,5.097,,,c1nc(c2c(n1)n(cn2)[C@H]3[C@@H]([C@@H]([C@H](O3)CN(CC[C@@H](C(=O)O)N)CCCl)O)O)N
PRMT4,5is8,6D1,601,1,C,5556,CL1,23.921,31.825,180.548,4.988,25.0,Cl,c1nc(c2c(n1)n(cn2)[C@H]3[C@@H]([C@@H]([C@H](O3)CN(CC[C@@H](C(=O)O)N)CCCl)O)O)N
PRMT4,5is8,6D1,601,1,C,5567,N4,26.828,39.3,184.12,4.374,8.0,N,c1nc(c2c(n1)n(cn2)[C@H]3[C@@H]([C@@H]([C@H](O3)CN(CC[C@@H](C(=O)O)N)CCCl)O)O)N
PRMT4,5is8,6D1,601,1,C,5570,N5,26.612,41.962,185.715,1.094,28.0,N,c1nc(c2c(n1)n(cn2)[C@H]3[C@@H]([C@@H]([C@H](O3)CN(CC[C@@H](C(=O)O)N)CCCl)O)O)N
PRMT4,5is8,6D1,601,1,C,5598,H23,27.252,42.489,186.087,0.849,,,c1nc(c2c(n1)n(cn2)[C@H]3[C@@H]([C@@H]([C@H](O3)CN(CC[C@@H](C(=O)O)N)CCCl)O)O)N
PRMT4,5is8,6D1,601,1,C,5599,H24,26.021,41.5,186.257,5.097,,,c1nc(c2c(n1)n(cn2)[C@H]3[C@@H]([C@@H]([C@H](O3)CN(CC[C@@H](C(=O)O)N)CCCl)O)O)N
PRMT4,5is8,SAH,601,1,D,5268,SD,51.134,18.529,191.529,3.86,15.0,S,c1nc(c2c(n1)n(cn2)[C@H]3[C@@H]([C@@H]([C@H](O3)CSCC[C@@H](C(=O)O)N)O)O)N
PRMT4,5is8,SAH,601,1,D,5272,C5',51.483,20.207,192.116,1.208,14.0,C,c1nc(c2c(n1)n(cn2)[C@H]3[C@@H]([C@@H]([C@H](O3)CSCC[C@@H](C(=O)O)N)O)O)N
PRMT4,5is8,SAH,601,1,D,5282,N7,52.614,25.6,193.547,2.187,8.0,N,c1nc(c2c(n1)n(cn2)[C@H]3[C@@H]([C@@H]([C@H](O3)CSCC[C@@H](C(=O)O)N)O)O)N
PRMT4,5is8,SAH,601,1,D,5299,H5'2,50.96,20.919,191.48,1.699,,,c1nc(c2c(n1)n(cn2)[C@H]3[C@@H]([C@@H]([C@H](O3)CSCC[C@@H](C(=O)O)N)O)O)N
PRMT4,5is8,SAH,601,1,D,5307,HN61,54.195,27.831,194.252,6.796,,,c1nc(c2c(n1)n(cn2)[C@H]3[C@@H]([C@@H]([C@H](O3)CSCC[C@@H](C(=O)O)N)O)O)N
PRMT4,5is9,6D3,501,1,A,5548,N4,50.616,38.56,126.385,1.094,24.0,N,c1c(nnn1CCCN(CC[C@@H](C(=O)O)N)C[C@@H]2[C@H]([C@H]([C@@H](O2)n3cnc4c3ncnc4N)O)O)C[C@@H](C(=O)O)N
PRMT4,5is9,6D3,501,1,A,5563,N9,51.307,28.073,130.819,1.094,2.0,N,c1c(nnn1CCCN(CC[C@@H](C(=O)O)N)C[C@@H]2[C@H]([C@H]([C@@H](O2)n3cnc4c3ncnc4N)O)O)C[C@@H](C(=O)O)N
PRMT4,5is9,6D3,501,1,A,5569,O6,48.237,27.4,128.376,18.215,37.0,O,c1c(nnn1CCCN(CC[C@@H](C(=O)O)N)C[C@@H]2[C@H]([C@H]([C@@H](O2)n3cnc4c3ncnc4N)O)O)C[C@@H](C(=O)O)N
PRMT4,5is9,6D3,501,1,A,5570,O7,49.267,26.398,130.127,15.0,38.0,O,c1c(nnn1CCCN(CC[C@@H](C(=O)O)N)C[C@@H]2[C@H]([C@H]([C@@H](O2)n3cnc4c3ncnc4N)O)O)C[C@@H](C(=O)O)N
PRMT4,5is9,6D3,501,1,A,5601,H34,49.645,26.607,126.207,1.699,,,c1c(nnn1CCCN(CC[C@@H](C(=O)O)N)C[C@@H]2[C@H]([C@H]([C@@H](O2)n3cnc4c3ncnc4N)O)O)C[C@@H](C(=O)O)N
PRMT4,5is9,DXE,509,1,A,5674,C4,76.7,38.304,132.146,12.076,5.0,C,COCCOC
PRMT4,5is9,DXE,509,1,A,5675,O2,76.055,39.546,132.051,4.286,4.0,O,COCCOC
PRMT4,5is9,DXE,509,1,A,5676,C3,75.61,39.853,130.759,1.208,3.0,C,COCCOC
PRMT4,5is9,DXE,509,1,A,5679,C1,74.59,41.284,128.36,4.831,0.0,C,COCCOC
PRMT4,5is9,DXE,509,1,A,5681,H42,77.414,38.26,131.491,19.538,,,COCCOC
PRMT4,5is9,DXE,509,1,A,5682,H43,77.071,38.2,133.036,6.796,,,COCCOC
PRMT4,5is9,DXE,509,1,A,5683,H31,76.359,39.806,130.144,11.893,,,COCCOC
PRMT4,5is9,DXE,509,1,A,5684,H32,74.937,39.207,130.492,3.398,,,COCCOC
PRMT4,5is9,DXE,509,1,A,5685,H21,75.713,41.907,130.565,17.839,,,COCCOC
PRMT4,5is9,DXE,509,1,A,5686,H22,74.565,41.448,131.554,7.645,,,COCCOC
PRMT4,5is9,DXE,509,1,A,5687,H11,75.153,42.058,128.201,15.291,,,COCCOC
PRMT4,5is9,DXE,509,1,A,5688,H12,75.116,40.475,128.258,11.043,,,COCCOC
PRMT4,5is9,DXE,509,1,A,5689,H13,73.861,41.278,127.721,3.398,,,COCCOC
PRMT4,5is9,DXE,510,1,A,5690,C4,45.836,16.827,100.287,15.699,5.0,C,COCCOC
PRMT4,5is9,DXE,510,1,A,5691,O2,46.935,16.165,99.721,18.215,4.0,O,COCCOC
PRMT4,5is9,DXE,510,1,A,5692,C3,48.123,16.318,100.448,2.415,3.0,C,COCCOC
PRMT4,5is9,DXE,510,1,A,5693,C2,49.163,15.278,100.019,3.623,2.0,C,COCCOC
PRMT4,5is9,DXE,510,1,A,5694,O1,49.947,14.932,101.132,19.286,1.0,O,COCCOC
PRMT4,5is9,DXE,510,1,A,5695,C1,51.326,14.838,100.896,14.492,0.0,C,COCCOC
PRMT4,5is9,DXE,510,1,A,5696,H41,45.61,16.412,101.134,22.087,,,COCCOC
PRMT4,5is9,DXE,510,1,A,5697,H42,46.06,17.759,100.432,21.237,,,COCCOC
PRMT4,5is9,DXE,510,1,A,5698,H43,45.077,16.766,99.685,23.786,,,COCCOC
PRMT4,5is9,DXE,510,1,A,5699,H31,48.479,17.207,100.294,18.689,,,COCCOC
PRMT4,5is9,DXE,510,1,A,5700,H32,47.935,16.209,101.393,12.742,,,COCCOC
PRMT4,5is9,DXE,510,1,A,5701,H21,49.73,15.651,99.326,16.99,,,COCCOC
PRMT4,5is9,DXE,510,1,A,5702,H22,48.713,14.488,99.68,18.689,,,COCCOC
PRMT4,5is9,DXE,510,1,A,5703,H11,51.786,14.667,101.733,12.742,,,COCCOC
PRMT4,5is9,DXE,510,1,A,5704,H12,51.499,14.112,100.277,21.237,,,COCCOC
PRMT4,5is9,DXE,510,1,A,5705,H13,51.647,15.671,100.515,20.388,,,COCCOC
PRMT4,5is9,6D3,501,1,B,5543,N4,23.371,26.737,117.688,1.094,24.0,N,c1c(nnn1CCCN(CC[C@@H](C(=O)O)N)C[C@@H]2[C@H]([C@H]([C@@H](O2)n3cnc4c3ncnc4N)O)O)C[C@@H](C(=O)O)N
PRMT4,5is9,6D3,501,1,B,5564,O6,28.675,23.017,126.226,19.286,37.0,O,c1c(nnn1CCCN(CC[C@@H](C(=O)O)N)C[C@@H]2[C@H]([C@H]([C@@H](O2)n3cnc4c3ncnc4N)O)O)C[C@@H](C(=O)O)N
PRMT4,5is9,6D3,501,1,B,5565,O7,28.994,20.779,126.151,6.429,38.0,O,c1c(nnn1CCCN(CC[C@@H](C(=O)O)N)C[C@@H]2[C@H]([C@H]([C@@H](O2)n3cnc4c3ncnc4N)O)O)C[C@@H](C(=O)O)N
PRMT4,5is9,M2M,506,1,B,5633,O1,23.601,38.403,144.977,3.214,1.0,O,COCCOCCOC
PRMT4,5is9,M2M,506,1,B,5635,C3,25.614,39.665,145.552,7.246,3.0,C,COCCOCCOC
PRMT4,5is9,M2M,506,1,B,5636,O2,26.38,38.914,146.48,7.5,4.0,O,COCCOCCOC
PRMT4,5is9,M2M,506,1,B,5637,C4,27.759,38.775,146.19,1.208,5.0,C,COCCOCCOC
PRMT4,5is9,M2M,506,1,B,5640,C6,30.156,37.476,144.98,1.208,8.0,C,COCCOCCOC
PRMT4,5is9,M2M,506,1,B,5641,H11,22.195,38.709,143.897,13.592,,,COCCOCCOC
PRMT4,5is9,M2M,506,1,B,5645,H22,24.894,39.107,143.691,1.699,,,COCCOCCOC
PRMT4,5is9,M2M,506,1,B,5646,H31,24.945,40.183,146.027,16.99,,,COCCOCCOC
PRMT4,5is9,M2M,506,1,B,5647,H32,26.197,40.264,145.059,12.742,,,COCCOCCOC
PRMT4,5is9,M2M,506,1,B,5648,H41,27.948,39.16,145.32,2.548,,,COCCOCCOC
PRMT4,5is9,M2M,506,1,B,5649,H42,28.281,39.232,146.867,21.237,,,COCCOCCOC
PRMT4,5is9,M2M,506,1,B,5650,H51,28.676,37.071,146.951,5.097,,,COCCOCCOC
PRMT4,5is9,M2M,506,1,B,5652,H61,30.138,38.434,145.127,6.796,,,COCCOCCOC
PRMT4,5is9,M2M,506,1,B,5653,H62,30.674,37.05,145.681,1.699,,,COCCOCCOC
PRMT4,5is9,6D3,501,1,D,5557,N4,53.584,25.448,193.233,1.094,24.0,N,c1c(nnn1CCCN(CC[C@@H](C(=O)O)N)C[C@@H]2[C@H]([C@H]([C@@H](O2)n3cnc4c3ncnc4N)O)O)C[C@@H](C(=O)O)N
PRMT4,5is9,6D3,501,1,D,5572,N9,49.87,18.083,185.52,1.094,2.0,N,c1c(nnn1CCCN(CC[C@@H](C(=O)O)N)C[C@@H]2[C@H]([C@H]([C@@H](O2)n3cnc4c3ncnc4N)O)O)C[C@@H](C(=O)O)N
PRMT4,5is9,6D3,501,1,D,5577,C22,47.965,21.281,184.425,2.415,36.0,C,c1c(nnn1CCCN(CC[C@@H](C(=O)O)N)C[C@@H]2[C@H]([C@H]([C@@H](O2)n3cnc4c3ncnc4N)O)O)C[C@@H](C(=O)O)N
PRMT4,5is9,6D3,501,1,D,5578,O6,47.4,22.427,184.411,24.644,37.0,O,c1c(nnn1CCCN(CC[C@@H](C(=O)O)N)C[C@@H]2[C@H]([C@H]([C@@H](O2)n3cnc4c3ncnc4N)O)O)C[C@@H](C(=O)O)N
PRMT4,5is9,6D3,501,1,D,5579,O7,47.729,20.407,185.352,4.286,38.0,O,c1c(nnn1CCCN(CC[C@@H](C(=O)O)N)C[C@@H]2[C@H]([C@H]([C@@H](O2)n3cnc4c3ncnc4N)O)O)C[C@@H](C(=O)O)N
PRMT4,5is9,6D3,501,1,D,5607,H31,48.741,18.894,183.273,1.699,,,c1c(nnn1CCCN(CC[C@@H](C(=O)O)N)C[C@@H]2[C@H]([C@H]([C@@H](O2)n3cnc4c3ncnc4N)O)O)C[C@@H](C(=O)O)N
PRMT4,5is9,6D3,501,1,C,5502,N4,26.779,39.682,184.378,1.094,24.0,N,c1c(nnn1CCCN(CC[C@@H](C(=O)O)N)C[C@@H]2[C@H]([C@H]([C@@H](O2)n3cnc4c3ncnc4N)O)O)C[C@@H](C(=O)O)N
PRMT4,5is9,6D3,501,1,C,5517,N9,25.31,29.376,179.604,2.187,2.0,N,c1c(nnn1CCCN(CC[C@@H](C(=O)O)N)C[C@@H]2[C@H]([C@H]([C@@H](O2)n3cnc4c3ncnc4N)O)O)C[C@@H](C(=O)O)N
PRMT4,5is9,6D3,501,1,C,5522,C22,27.621,27.691,181.751,2.415,36.0,C,c1c(nnn1CCCN(CC[C@@H](C(=O)O)N)C[C@@H]2[C@H]([C@H]([C@@H](O2)n3cnc4c3ncnc4N)O)O)C[C@@H](C(=O)O)N
PRMT4,5is9,6D3,501,1,C,5523,O6,28.097,28.873,181.732,7.5,37.0,O,c1c(nnn1CCCN(CC[C@@H](C(=O)O)N)C[C@@H]2[C@H]([C@H]([C@@H](O2)n3cnc4c3ncnc4N)O)O)C[C@@H](C(=O)O)N
PRMT4,5is9,6D3,501,1,C,5524,O7,28.194,26.684,181.167,19.286,38.0,O,c1c(nnn1CCCN(CC[C@@H](C(=O)O)N)C[C@@H]2[C@H]([C@H]([C@@H](O2)n3cnc4c3ncnc4N)O)O)C[C@@H](C(=O)O)N
PRMT4,5is9,6D3,501,1,C,5555,H34,27.033,28.001,184.201,3.398,,,c1c(nnn1CCCN(CC[C@@H](C(=O)O)N)C[C@@H]2[C@H]([C@H]([C@@H](O2)n3cnc4c3ncnc4N)O)O)C[C@@H](C(=O)O)N
PRMT4,5isa,6D5,501,1,A,5512,N6,50.288,38.864,125.641,1.094,8.0,N,c1nc(c2c(n1)n(cn2)[C@H]3[C@@H]([C@@H]([C@H](O3)CN(CCCN=[N+]=[N-])CC[C@@H](C(=O)O)N)O)O)N
PRMT4,5isa,6D5,501,1,A,5516,N10,51.458,27.794,129.536,13.123,21.0,N,c1nc(c2c(n1)n(cn2)[C@H]3[C@@H]([C@@H]([C@H](O3)CN(CCCN=[N+]=[N-])CC[C@@H](C(=O)O)N)O)O)N
PRMT4,5isa,DXE,504,1,A,5550,C4,47.248,27.528,127.591,9.661,5.0,C,COCCOC
PRMT4,5isa,DXE,504,1,A,5551,O2,46.736,28.321,126.548,3.214,4.0,O,COCCOC
PRMT4,5isa,DXE,504,1,A,5553,C2,44.56,29.32,126.607,1.208,2.0,C,COCCOC
PRMT4,5isa,DXE,504,1,A,5555,C1,42.841,30.14,125.212,2.415,0.0,C,COCCOC
PRMT4,5isa,DXE,504,1,A,5556,H41,46.536,27.314,128.214,8.495,,,COCCOC
PRMT4,5isa,DXE,504,1,A,5557,H42,47.614,26.707,127.224,1.699,,,COCCOC
PRMT4,5isa,DXE,504,1,A,5558,H43,47.948,28.014,128.054,7.645,,,COCCOC
PRMT4,5isa,DXE,504,1,A,5561,H21,44.419,28.461,126.179,12.742,,,COCCOC
PRMT4,5isa,DXE,504,1,A,5564,H12,42.847,29.354,124.643,11.043,,,COCCOC
PRMT4,5isa,DXE,504,1,A,5565,H13,42.206,30.012,125.934,5.946,,,COCCOC
PRMT4,5isa,6D5,501,1,B,5478,N6,23.231,26.878,117.042,1.094,8.0,N,c1nc(c2c(n1)n(cn2)[C@H]3[C@@H]([C@@H]([C@H](O3)CN(CCCN=[N+]=[N-])CC[C@@H](C(=O)O)N)O)O)N
PRMT4,5isa,6D5,501,1,B,5482,N10,26.158,19.714,126.002,10.936,21.0,N,c1nc(c2c(n1)n(cn2)[C@H]3[C@@H]([C@@H]([C@H](O3)CN(CCCN=[N+]=[N-])CC[C@@H](C(=O)O)N)O)O)N
PRMT4,5isa,M2M,506,1,A,5583,C1,78.027,37.005,131.687,10.869,0.0,C,COCCOCCOC
PRMT4,5isa,M2M,506,1,A,5584,O1,77.703,38.315,131.258,15.0,1.0,O,COCCOCCOC
PRMT4,5isa,M2M,506,1,A,5585,C2,76.585,38.447,130.393,3.623,2.0,C,COCCOCCOC
PRMT4,5isa,M2M,506,1,A,5586,C3,75.627,39.537,130.936,1.208,3.0,C,COCCOCCOC
PRMT4,5isa,M2M,506,1,A,5587,O2,75.423,40.495,129.918,5.357,4.0,O,COCCOCCOC
PRMT4,5isa,M2M,506,1,A,5588,C4,74.404,41.457,130.148,1.208,5.0,C,COCCOCCOC
PRMT4,5isa,M2M,506,1,A,5589,C5,73.741,41.832,128.794,1.208,6.0,C,COCCOCCOC
PRMT4,5isa,M2M,506,1,A,5590,O3,74.438,41.245,127.703,10.715,7.0,O,COCCOCCOC
PRMT4,5isa,M2M,506,1,A,5591,C6,73.858,41.448,126.425,9.661,8.0,C,COCCOCCOC
PRMT4,5isa,M2M,506,1,A,5593,H12,78.787,36.425,131.848,26.334,,,COCCOCCOC
PRMT4,5isa,M2M,506,1,A,5594,H13,77.717,36.553,130.887,11.893,,,COCCOCCOC
PRMT4,5isa,M2M,506,1,A,5595,H21,76.114,37.6,130.343,0.849,,,COCCOCCOC
PRMT4,5isa,M2M,506,1,A,5596,H22,76.89,38.698,129.507,17.839,,,COCCOCCOC
PRMT4,5isa,M2M,506,1,A,5597,H31,76.024,39.963,131.711,4.247,,,COCCOCCOC
PRMT4,5isa,M2M,506,1,A,5599,H41,74.792,42.25,130.55,17.839,,,COCCOCCOC
PRMT4,5isa,M2M,506,1,A,5601,H51,73.747,42.797,128.693,4.247,,,COCCOCCOC
PRMT4,5isa,M2M,506,1,A,5603,H61,73.87,42.394,126.212,11.043,,,COCCOCCOC
PRMT4,5isa,M2M,506,1,A,5605,H63,74.365,40.959,125.758,18.689,,,COCCOCCOC
PRMT4,5isa,6D5,501,1,C,5478,N6,26.761,39.812,183.378,1.094,8.0,N,c1nc(c2c(n1)n(cn2)[C@H]3[C@@H]([C@@H]([C@H](O3)CN(CCCN=[N+]=[N-])CC[C@@H](C(=O)O)N)O)O)N
PRMT4,5isa,6D5,501,1,C,5480,N8,24.84,31.686,178.962,2.187,19.0,N,c1nc(c2c(n1)n(cn2)[C@H]3[C@@H]([C@@H]([C@H](O3)CN(CCCN=[N+]=[N-])CC[C@@H](C(=O)O)N)O)O)N
PRMT4,5isa,DXE,504,1,C,5528,C4,28.884,10.484,200.671,1.208,5.0,C,COCCOC
PRMT4,5isa,DXE,504,1,C,5531,C2,27.739,7.754,201.308,2.415,2.0,C,COCCOC
PRMT4,5isa,DXE,504,1,C,5532,O1,27.606,6.357,201.221,6.429,1.0,O,COCCOC
PRMT4,5isa,DXE,504,1,C,5533,C1,26.854,5.762,202.25,12.076,0.0,C,COCCOC
PRMT4,5isa,DXE,504,1,C,5535,H42,28.81,10.278,201.616,8.495,,,COCCOC
PRMT4,5isa,DXE,504,1,C,5536,H43,29.768,10.24,200.356,0.849,,,COCCOC
PRMT4,5isa,DXE,504,1,C,5539,H21,26.907,8.134,201.631,2.548,,,COCCOC
PRMT4,5isa,DXE,504,1,C,5540,H22,28.451,7.968,201.931,12.742,,,COCCOC
PRMT4,5isa,DXE,504,1,C,5541,H11,25.978,6.176,202.291,1.699,,,COCCOC
PRMT4,5isa,DXE,504,1,C,5542,H12,26.755,4.814,202.071,24.635,,,COCCOC
PRMT4,5isa,DXE,504,1,C,5543,H13,27.31,5.886,203.097,22.087,,,COCCOC
PRMT4,5isa,DXE,505,1,C,5544,C4,29.687,28.907,182.127,3.623,5.0,C,COCCOC
PRMT4,5isa,DXE,505,1,C,5549,C1,34.187,29.871,184.114,4.831,0.0,C,COCCOC
PRMT4,5isa,DXE,505,1,C,5550,H41,29.178,28.702,181.327,11.893,,,COCCOC
PRMT4,5isa,DXE,505,1,C,5551,H42,30.364,28.227,182.263,12.742,,,COCCOC
PRMT4,5isa,DXE,505,1,C,5554,H32,30.848,30.036,183.851,5.097,,,COCCOC
PRMT4,5isa,DXE,505,1,C,5556,H22,32.769,30.093,182.285,0.849,,,COCCOC
PRMT4,5isa,DXE,505,1,C,5557,H11,34.777,29.932,183.347,5.097,,,COCCOC
PRMT4,5isa,DXE,505,1,C,5558,H12,34.7,29.997,184.927,1.699,,,COCCOC
PRMT4,5isa,DXE,505,1,C,5559,H13,33.766,28.996,184.13,17.839,,,COCCOC
PRMT4,5isa,6D5,501,1,D,5478,N6,53.287,25.539,192.067,1.094,8.0,N,c1nc(c2c(n1)n(cn2)[C@H]3[C@@H]([C@@H]([C@H](O3)CN(CCCN=[N+]=[N-])CC[C@@H](C(=O)O)N)O)O)N
PRMT4,5isa,6D5,501,1,D,5481,N9,50.773,18.838,183.919,3.281,20.0,N,c1nc(c2c(n1)n(cn2)[C@H]3[C@@H]([C@@H]([C@H](O3)CN(CCCN=[N+]=[N-])CC[C@@H](C(=O)O)N)O)O)N
PRMT4,5isa,6D5,501,1,D,5482,N10,50.231,19.397,182.781,7.655,21.0,N,c1nc(c2c(n1)n(cn2)[C@H]3[C@@H]([C@@H]([C@H](O3)CN(CCCN=[N+]=[N-])CC[C@@H](C(=O)O)N)O)O)N
PRMT4,5isa,6D5,501,1,D,5490,H7,51.822,19.938,185.987,0.849,,,c1nc(c2c(n1)n(cn2)[C@H]3[C@@H]([C@@H]([C@H](O3)CN(CCCN=[N+]=[N-])CC[C@@H](C(=O)O)N)O)O)N
PRMT4,5isb,6CX,501,1,A,5540,N7,50.19,38.354,125.511,1.094,22.0,N,c1c(nc[nH]1)CN(CC[C@@H](C(=O)O)N)C[C@@H]2[C@H]([C@H]([C@@H](O2)n3cnc4c3ncnc4N)O)O
PRMT4,5isb,6CX,501,1,A,5544,C52,50.907,31.985,129.463,1.208,0.0,C,c1c(nc[nH]1)CN(CC[C@@H](C(=O)O)N)C[C@@H]2[C@H]([C@H]([C@@H](O2)n3cnc4c3ncnc4N)O)O
PRMT4,5isb,6CX,501,1,A,5545,N53,51.098,31.262,128.298,2.187,4.0,N,c1c(nc[nH]1)CN(CC[C@@H](C(=O)O)N)C[C@@H]2[C@H]([C@H]([C@@H](O2)n3cnc4c3ncnc4N)O)O
PRMT4,5isb,M2M,508,1,A,5635,C1,74.677,40.653,125.3,8.453,0.0,C,COCCOCCOC
PRMT4,5isb,M2M,508,1,A,5636,O1,73.765,41.413,126.073,1.071,1.0,O,COCCOCCOC
PRMT4,5isb,M2M,508,1,A,5639,O2,74.422,40.939,129.639,6.429,4.0,O,COCCOCCOC
PRMT4,5isb,M2M,508,1,A,5640,C4,75.394,40.339,130.494,2.415,5.0,C,COCCOCCOC
PRMT4,5isb,M2M,508,1,A,5642,O3,76.476,38.248,131.167,1.071,7.0,O,COCCOCCOC
PRMT4,5isb,M2M,508,1,A,5643,C6,77.411,37.272,130.755,14.492,8.0,C,COCCOCCOC
PRMT4,5isb,M2M,508,1,A,5644,H11,74.833,41.331,124.624,20.388,,,COCCOCCOC
PRMT4,5isb,M2M,508,1,A,5645,H12,75.585,40.31,125.316,21.237,,,COCCOCCOC
PRMT4,5isb,M2M,508,1,A,5646,H13,74.24,39.797,125.431,5.946,,,COCCOCCOC
PRMT4,5isb,M2M,508,1,A,5647,H21,75.07,42.256,127.273,13.592,,,COCCOCCOC
PRMT4,5isb,M2M,508,1,A,5648,H22,73.571,42.404,127.757,1.699,,,COCCOCCOC
PRMT4,5isb,M2M,508,1,A,5649,H31,75.216,40.111,128.037,4.247,,,COCCOCCOC
PRMT4,5isb,M2M,508,1,A,5650,H32,73.645,39.955,128.119,2.548,,,COCCOCCOC
PRMT4,5isb,M2M,508,1,A,5651,H41,76.215,40.853,130.437,17.839,,,COCCOCCOC
PRMT4,5isb,M2M,508,1,A,5653,H51,74.88,38.372,130.029,0.849,,,COCCOCCOC
PRMT4,5isb,M2M,508,1,A,5654,H52,76.212,38.83,129.31,7.645,,,COCCOCCOC
PRMT4,5isb,M2M,508,1,A,5655,H61,77.829,36.876,131.535,11.893,,,COCCOCCOC
PRMT4,5isb,M2M,508,1,A,5656,H62,76.956,36.583,130.246,8.495,,,COCCOCCOC
PRMT4,5isb,M2M,508,1,A,5657,H63,78.09,37.688,130.201,21.237,,,COCCOCCOC
PRMT4,5isb,6CX,501,1,B,5527,N7,23.445,26.787,116.966,1.094,22.0,N,c1c(nc[nH]1)CN(CC[C@@H](C(=O)O)N)C[C@@H]2[C@H]([C@H]([C@@H](O2)n3cnc4c3ncnc4N)O)O
PRMT4,5isb,6CX,501,1,B,5531,C52,25.438,20.952,121.704,3.623,0.0,C,c1c(nc[nH]1)CN(CC[C@@H](C(=O)O)N)C[C@@H]2[C@H]([C@H]([C@@H](O2)n3cnc4c3ncnc4N)O)O
PRMT4,5isb,6CX,501,1,B,5532,N53,25.243,21.845,122.746,2.187,4.0,N,c1c(nc[nH]1)CN(CC[C@@H](C(=O)O)N)C[C@@H]2[C@H]([C@H]([C@@H](O2)n3cnc4c3ncnc4N)O)O
PRMT4,5isb,6CX,501,1,C,5523,N7,26.652,39.73,183.165,1.094,22.0,N,c1c(nc[nH]1)CN(CC[C@@H](C(=O)O)N)C[C@@H]2[C@H]([C@H]([C@@H](O2)n3cnc4c3ncnc4N)O)O
PRMT4,5isb,6CX,501,1,C,5527,C52,25.723,33.228,179.108,4.831,0.0,C,c1c(nc[nH]1)CN(CC[C@@H](C(=O)O)N)C[C@@H]2[C@H]([C@H]([C@@H](O2)n3cnc4c3ncnc4N)O)O
PRMT4,5isb,6CX,501,1,C,5528,N53,25.468,32.594,180.311,1.094,4.0,N,c1c(nc[nH]1)CN(CC[C@@H](C(=O)O)N)C[C@@H]2[C@H]([C@H]([C@@H](O2)n3cnc4c3ncnc4N)O)O
PRMT4,5isb,6CX,501,1,D,5489,N7,53.306,25.347,192.12,1.094,22.0,N,c1c(nc[nH]1)CN(CC[C@@H](C(=O)O)N)C[C@@H]2[C@H]([C@H]([C@@H](O2)n3cnc4c3ncnc4N)O)O
PRMT4,5isb,6CX,501,1,D,5492,C51,51.904,19.313,187.807,1.208,1.0,C,c1c(nc[nH]1)CN(CC[C@@H](C(=O)O)N)C[C@@H]2[C@H]([C@H]([C@@H](O2)n3cnc4c3ncnc4N)O)O
PRMT4,5isb,6CX,501,1,D,5493,C52,50.955,20.253,187.588,1.208,0.0,C,c1c(nc[nH]1)CN(CC[C@@H](C(=O)O)N)C[C@@H]2[C@H]([C@H]([C@@H](O2)n3cnc4c3ncnc4N)O)O
PRMT4,5isb,6CX,501,1,D,5495,C54,52.616,20.558,186.256,1.208,3.0,C,c1c(nc[nH]1)CN(CC[C@@H](C(=O)O)N)C[C@@H]2[C@H]([C@H]([C@@H](O2)n3cnc4c3ncnc4N)O)O
PRMT4,5isc,SAO,501,1,A,5445,SD,52.27,36.445,134.909,3.86,15.0,S,c1nc(c2c(n1)n(cn2)[C@H]3[C@@H]([C@@H]([C@H](O3)CSCC[C@@H](C(=O)O)[NH3+])O)O)N
PRMT4,5isc,SAO,501,1,A,5459,N7,50.862,40.866,128.722,2.187,8.0,N,c1nc(c2c(n1)n(cn2)[C@H]3[C@@H]([C@@H]([C@H](O3)CSCC[C@@H](C(=O)O)[NH3+])O)O)N
PRMT4,5isc,SAO,501,1,A,5468,H3,55.202,39.107,137.762,0.849,,,c1nc(c2c(n1)n(cn2)[C@H]3[C@@H]([C@@H]([C@H](O3)CSCC[C@@H](C(=O)O)[NH3+])O)O)N
PRMT4,5isc,SAO,501,1,A,5475,H5'2,51.744,36.984,132.627,1.699,,,c1nc(c2c(n1)n(cn2)[C@H]3[C@@H]([C@@H]([C@H](O3)CSCC[C@@H](C(=O)O)[NH3+])O)O)N
PRMT4,5isc,6D0,501,1,B,5454,N4,22.879,26.081,119.744,2.187,8.0,N,c1nc(c2c(n1)n(cn2)[C@H]3[C@@H]([C@@H]([C@H](O3)CN(CC[C@@H](C(=O)O)N)CC(=O)CBr)O)O)N
PRMT4,5isc,6D0,501,1,B,5466,BR1,24.892,19.085,126.704,6.637,27.0,Br,c1nc(c2c(n1)n(cn2)[C@H]3[C@@H]([C@@H]([C@H](O3)CN(CC[C@@H](C(=O)O)N)CC(=O)CBr)O)O)N
PRMT4,5isc,DXE,503,1,C,5501,C4,1.33,23.168,182.567,12.076,5.0,C,COCCOC
PRMT4,5isc,DXE,503,1,C,5502,O2,2.292,23.571,183.507,8.572,4.0,O,COCCOC
PRMT4,5isc,DXE,503,1,C,5503,C3,3.38,22.693,183.64,3.623,3.0,C,COCCOC
PRMT4,5isc,DXE,503,1,C,5505,O1,5.436,22.265,182.47,8.572,1.0,O,COCCOC
PRMT4,5isc,DXE,503,1,C,5506,C1,5.26,22.009,181.1,13.284,0.0,C,COCCOC
PRMT4,5isc,DXE,503,1,C,5507,H41,1.716,23.194,181.678,11.893,,,COCCOC
PRMT4,5isc,DXE,503,1,C,5508,H42,1.041,22.264,182.768,17.839,,,COCCOC
PRMT4,5isc,DXE,503,1,C,5509,H43,0.568,23.767,182.607,21.237,,,COCCOC
PRMT4,5isc,DXE,503,1,C,5510,H31,3.545,22.531,184.582,22.936,,,COCCOC
PRMT4,5isc,DXE,503,1,C,5511,H32,3.167,21.853,183.204,9.344,,,COCCOC
PRMT4,5isc,DXE,503,1,C,5512,H21,5.14,23.772,183.677,0.849,,,COCCOC
PRMT4,5isc,DXE,503,1,C,5514,H11,5.398,22.827,180.598,10.194,,,COCCOC
PRMT4,5isc,DXE,503,1,C,5515,H12,5.902,21.341,180.811,10.194,,,COCCOC
PRMT4,5isc,DXE,503,1,C,5516,H13,4.361,21.681,180.945,12.742,,,COCCOC
PRMT4,5isc,M2M,504,1,C,5517,C1,0.584,42.835,187.74,8.453,0.0,C,COCCOCCOC
PRMT4,5isc,M2M,504,1,C,5519,C2,0.033,42.534,185.477,1.208,2.0,C,COCCOCCOC
PRMT4,5isc,M2M,504,1,C,5520,C3,0.57,42.586,184.023,1.208,3.0,C,COCCOCCOC
PRMT4,5isc,M2M,504,1,C,5521,O2,-0.376,42.044,183.109,6.429,4.0,O,COCCOCCOC
PRMT4,5isc,M2M,504,1,C,5522,C4,-0.62,40.649,183.189,1.208,5.0,C,COCCOCCOC
PRMT4,5isc,M2M,504,1,C,5524,O3,-2.438,39.087,183.023,12.858,7.0,O,COCCOCCOC
PRMT4,5isc,M2M,504,1,C,5525,C6,-3.363,38.409,182.198,8.453,8.0,C,COCCOCCOC
PRMT4,5isc,M2M,504,1,C,5526,H11,0.597,43.79,187.914,5.946,,,COCCOCCOC
PRMT4,5isc,M2M,504,1,C,5527,H12,-0.209,42.644,188.265,23.786,,,COCCOCCOC
PRMT4,5isc,M2M,504,1,C,5528,H13,1.056,42.017,187.961,3.398,,,COCCOCCOC
PRMT4,5isc,M2M,504,1,C,5529,H21,-0.257,41.63,185.678,9.344,,,COCCOCCOC
PRMT4,5isc,M2M,504,1,C,5530,H22,-0.723,43.136,185.559,17.839,,,COCCOCCOC
PRMT4,5isc,M2M,504,1,C,5531,H31,1.393,42.075,183.969,0.849,,,COCCOCCOC
PRMT4,5isc,M2M,504,1,C,5532,H32,0.752,43.508,183.784,11.893,,,COCCOCCOC
PRMT4,5isc,M2M,504,1,C,5534,H42,-0.667,40.384,184.12,7.645,,,COCCOCCOC
PRMT4,5isc,M2M,504,1,C,5535,H51,-2.599,41.01,182.652,17.839,,,COCCOCCOC
PRMT4,5isc,M2M,504,1,C,5536,H52,-1.807,40.207,181.537,0.849,,,COCCOCCOC
PRMT4,5isc,M2M,504,1,C,5537,H61,-2.926,38.14,181.375,3.398,,,COCCOCCOC
PRMT4,5isc,M2M,504,1,C,5538,H62,-4.105,38.999,181.993,21.237,,,COCCOCCOC
PRMT4,5isc,M2M,504,1,C,5539,H63,-3.694,37.623,182.661,25.485,,,COCCOCCOC
PRMT4,5isc,DXE,503,1,D,5522,C4,70.481,9.423,180.701,10.869,5.0,C,COCCOC
PRMT4,5isc,DXE,503,1,D,5523,O2,70.379,10.382,179.683,9.643,4.0,O,COCCOC
PRMT4,5isc,DXE,503,1,D,5524,C3,70.809,11.676,180.016,1.208,3.0,C,COCCOC
PRMT4,5isc,DXE,503,1,D,5525,C2,70.026,12.706,179.2,4.831,2.0,C,COCCOC
PRMT4,5isc,DXE,503,1,D,5526,O1,68.708,12.78,179.66,1.071,1.0,O,COCCOC
PRMT4,5isc,DXE,503,1,D,5527,C1,67.82,11.857,179.095,6.038,0.0,C,COCCOC
PRMT4,5isc,DXE,503,1,D,5528,H41,70.029,9.747,181.496,1.699,,,COCCOC
PRMT4,5isc,DXE,503,1,D,5529,H42,70.067,8.596,180.408,24.635,,,COCCOC
PRMT4,5isc,DXE,503,1,D,5530,H43,71.416,9.264,180.903,19.538,,,COCCOC
PRMT4,5isc,DXE,503,1,D,5531,H31,71.755,11.761,179.821,17.839,,,COCCOC
PRMT4,5isc,DXE,503,1,D,5533,H21,70.448,13.575,179.291,13.592,,,COCCOC
PRMT4,5isc,DXE,503,1,D,5534,H22,70.027,12.444,178.266,16.14,,,COCCOC
PRMT4,5isc,DXE,503,1,D,5535,H11,68.163,10.958,179.224,9.344,,,COCCOC
PRMT4,5isc,DXE,503,1,D,5536,H12,66.954,11.936,179.524,4.247,,,COCCOC
PRMT4,5isc,DXE,503,1,D,5537,H13,67.728,12.035,178.146,19.538,,,COCCOC
PRMT4,5isc,6D0,501,1,D,5467,N1,55.957,17.634,196.682,1.094,22.0,N,c1nc(c2c(n1)n(cn2)[C@H]3[C@@H]([C@@H]([C@H](O3)CN(CC[C@@H](C(=O)O)N)CC(=O)CBr)O)O)N
PRMT4,5isc,6D0,501,1,D,5481,N4,54.426,27.46,197.021,4.374,8.0,N,c1nc(c2c(n1)n(cn2)[C@H]3[C@@H]([C@@H]([C@H](O3)CN(CC[C@@H](C(=O)O)N)CC(=O)CBr)O)O)N
PRMT4,5isc,6D0,501,1,D,5493,BR1,53.082,20.279,190.198,10.619,27.0,Br,c1nc(c2c(n1)n(cn2)[C@H]3[C@@H]([C@@H]([C@H](O3)CN(CC[C@@H](C(=O)O)N)CC(=O)CBr)O)O)N
PRMT4,5isc,SAO,501,1,C,5455,SD,24.972,35.282,182.078,3.86,15.0,S,c1nc(c2c(n1)n(cn2)[C@H]3[C@@H]([C@@H]([C@H](O3)CSCC[C@@H](C(=O)O)[NH3+])O)O)N
PRMT4,5isc,SAO,501,1,C,5469,N7,25.916,39.645,188.082,2.187,8.0,N,c1nc(c2c(n1)n(cn2)[C@H]3[C@@H]([C@@H]([C@H](O3)CSCC[C@@H](C(=O)O)[NH3+])O)O)N
PRMT4,5isc,SAO,501,1,C,5485,H5'2,25.112,36.116,184.33,2.548,,,c1nc(c2c(n1)n(cn2)[C@H]3[C@@H]([C@@H]([C@H](O3)CSCC[C@@H](C(=O)O)[NH3+])O)O)N
PRMT4,5isc,SAO,501,1,C,5494,HN61,25.323,41.348,190.238,0.849,,,c1nc(c2c(n1)n(cn2)[C@H]3[C@@H]([C@@H]([C@H](O3)CSCC[C@@H](C(=O)O)[NH3+])O)O)N
PRMT4,5isd,M2M,506,1,A,5521,C1,47.567,27.145,127.292,4.831,0.0,C,COCCOCCOC
PRMT4,5isd,M2M,506,1,A,5522,O1,48.43,26.995,128.402,3.214,1.0,O,COCCOCCOC
PRMT4,5isd,M2M,506,1,A,5530,H11,47.766,28.08,127.13,2.548,,,COCCOCCOC
PRMT4,5isd,M2M,506,1,A,5531,H12,47.478,26.893,126.36,7.645,,,COCCOCCOC
PRMT4,5isd,M2M,506,1,A,5532,H13,46.865,26.564,127.625,12.742,,,COCCOCCOC
PRMT4,5isd,M2M,506,1,A,5536,H32,50.054,26.597,130.133,1.699,,,COCCOCCOC
PRMT4,5isd,M2M,506,1,A,5543,H63,52.669,32.057,129.24,4.247,,,COCCOCCOC
PRMT4,5isd,SAO,507,1,A,5548,SD,51.257,34.053,131.541,1.287,15.0,S,c1nc(c2c(n1)n(cn2)[C@H]3[C@@H]([C@@H]([C@H](O3)CSCC[C@@H](C(=O)O)[NH3+])O)O)N
PRMT4,5isd,SAO,507,1,A,5552,C5',50.902,35.233,130.206,1.208,14.0,C,c1nc(c2c(n1)n(cn2)[C@H]3[C@@H]([C@@H]([C@H](O3)CSCC[C@@H](C(=O)O)[NH3+])O)O)N
PRMT4,5isd,SAO,507,1,A,5562,N7,50.211,38.577,125.613,1.094,8.0,N,c1nc(c2c(n1)n(cn2)[C@H]3[C@@H]([C@@H]([C@H](O3)CSCC[C@@H](C(=O)O)[NH3+])O)O)N
PRMT4,5isd,6CZ,504,1,B,5395,N6,23.422,26.776,116.847,3.281,24.0,N,CCOC(=O)C(=O)CN(CC[C@@H](C(=O)O)N)C[C@@H]1[C@H]([C@H]([C@@H](O1)n2cnc3c2ncnc3N)O)O
PRMT4,5isd,6CZ,504,1,B,5396,N7,21.975,29.016,115.248,1.094,31.0,N,CCOC(=O)C(=O)CN(CC[C@@H](C(=O)O)N)C[C@@H]1[C@H]([C@H]([C@@H](O1)n2cnc3c2ncnc3N)O)O
PRMT4,5isd,6CZ,504,1,B,5405,C19,26.11,19.807,126.138,2.415,0.0,C,CCOC(=O)C(=O)CN(CC[C@@H](C(=O)O)N)C[C@@H]1[C@H]([C@H]([C@@H](O1)n2cnc3c2ncnc3N)O)O
PRMT4,5isd,6CZ,504,1,B,5424,H21,22.153,29.225,116.175,6.796,,,CCOC(=O)C(=O)CN(CC[C@@H](C(=O)O)N)C[C@@H]1[C@H]([C@H]([C@@H](O1)n2cnc3c2ncnc3N)O)O
PRMT4,5isd,6CZ,504,1,B,5428,H26,26.642,19.207,124.181,1.699,,,CCOC(=O)C(=O)CN(CC[C@@H](C(=O)O)N)C[C@@H]1[C@H]([C@H]([C@@H](O1)n2cnc3c2ncnc3N)O)O
PRMT4,5isd,6CZ,504,1,B,5429,H27,26.812,19.245,126.462,2.548,,,CCOC(=O)C(=O)CN(CC[C@@H](C(=O)O)N)C[C@@H]1[C@H]([C@H]([C@@H](O1)n2cnc3c2ncnc3N)O)O
PRMT4,5isd,6CZ,504,1,B,5430,H28,26.403,20.759,126.172,1.699,,,CCOC(=O)C(=O)CN(CC[C@@H](C(=O)O)N)C[C@@H]1[C@H]([C@H]([C@@H](O1)n2cnc3c2ncnc3N)O)O
PRMT4,5isd,SAO,504,1,C,5467,SD,25.396,35.474,177.204,1.287,15.0,S,c1nc(c2c(n1)n(cn2)[C@H]3[C@@H]([C@@H]([C@H](O3)CSCC[C@@H](C(=O)O)[NH3+])O)O)N
PRMT4,5isd,SAO,504,1,C,5481,N7,26.608,39.788,183.334,1.094,8.0,N,c1nc(c2c(n1)n(cn2)[C@H]3[C@@H]([C@@H]([C@H](O3)CSCC[C@@H](C(=O)O)[NH3+])O)O)N
PRMT4,5isd,SAO,504,1,C,5497,H5'2,25.806,36.088,179.492,0.849,,,c1nc(c2c(n1)n(cn2)[C@H]3[C@@H]([C@@H]([C@H](O3)CSCC[C@@H](C(=O)O)[NH3+])O)O)N
PRMT4,5isd,SAO,502,1,D,5459,SD,51.39,18.363,190.136,1.287,15.0,S,c1nc(c2c(n1)n(cn2)[C@H]3[C@@H]([C@@H]([C@H](O3)CSCC[C@@H](C(=O)O)[NH3+])O)O)N
PRMT4,5isd,SAO,502,1,D,5473,N7,53.102,25.371,192.071,1.094,8.0,N,c1nc(c2c(n1)n(cn2)[C@H]3[C@@H]([C@@H]([C@H](O3)CSCC[C@@H](C(=O)O)[NH3+])O)O)N
PRMT4,5isd,SAO,502,1,D,5489,H5'2,51.453,20.767,190.028,0.849,,,c1nc(c2c(n1)n(cn2)[C@H]3[C@@H]([C@@H]([C@H](O3)CSCC[C@@H](C(=O)O)[NH3+])O)O)N
PRMT4,5ise,6D2,501,1,A,5531,N7,50.51,38.713,125.824,1.094,24.0,N,[H]/N=C(/N)\NCCCN(CC[C@@H](C(=O)O)N)C[C@@H]1[C@H]([C@H]([C@@H](O1)n2cnc3c2ncnc3N)O)O
PRMT4,5ise,6D2,501,1,A,5535,N11,51.93,28.487,129.277,7.655,3.0,N,[H]/N=C(/N)\NCCCN(CC[C@@H](C(=O)O)N)C[C@@H]1[C@H]([C@H]([C@@H](O1)n2cnc3c2ncnc3N)O)O
PRMT4,5ise,6D2,501,1,A,5564,H113,51.892,27.676,129.725,6.796,,,[H]/N=C(/N)\NCCCN(CC[C@@H](C(=O)O)N)C[C@@H]1[C@H]([C@H]([C@@H](O1)n2cnc3c2ncnc3N)O)O
PRMT4,5ise,DXE,505,1,A,5610,C4,69.189,21.372,132.393,2.415,5.0,C,COCCOC
PRMT4,5ise,DXE,505,1,A,5612,C3,70.85,21.721,130.752,1.208,3.0,C,COCCOC
PRMT4,5ise,DXE,505,1,A,5614,O1,72.979,22.786,130.652,13.929,1.0,O,COCCOC
PRMT4,5ise,DXE,505,1,A,5615,C1,73.931,23.0,129.642,10.869,0.0,C,COCCOC
PRMT4,5ise,DXE,505,1,A,5616,H41,68.95,20.487,132.076,11.893,,,COCCOC
PRMT4,5ise,DXE,505,1,A,5617,H42,69.889,21.297,133.061,20.388,,,COCCOC
PRMT4,5ise,DXE,505,1,A,5618,H43,68.411,21.795,132.787,4.247,,,COCCOC
PRMT4,5ise,DXE,505,1,A,5619,H31,70.664,21.128,130.007,16.99,,,COCCOC
PRMT4,5ise,DXE,505,1,A,5620,H32,71.371,21.247,131.419,11.893,,,COCCOC
PRMT4,5ise,DXE,505,1,A,5622,H22,71.589,22.969,129.288,5.946,,,COCCOC
PRMT4,5ise,DXE,505,1,A,5623,H11,73.792,23.875,129.248,7.645,,,COCCOC
PRMT4,5ise,DXE,505,1,A,5624,H12,74.822,22.953,130.022,27.184,,,COCCOC
PRMT4,5ise,DXE,505,1,A,5625,H13,73.835,22.318,128.958,20.388,,,COCCOC
PRMT4,5ise,6D2,501,1,B,5536,N7,23.326,26.716,117.261,1.094,24.0,N,[H]/N=C(/N)\NCCCN(CC[C@@H](C(=O)O)N)C[C@@H]1[C@H]([C@H]([C@@H](O1)n2cnc3c2ncnc3N)O)O
PRMT4,5ise,6D2,501,1,B,5539,N10,24.799,18.418,124.478,1.094,1.0,N,[H]/N=C(/N)\NCCCN(CC[C@@H](C(=O)O)N)C[C@@H]1[C@H]([C@H]([C@@H](O1)n2cnc3c2ncnc3N)O)O
PRMT4,5ise,6D2,501,1,B,5540,N11,25.697,20.171,125.944,5.468,3.0,N,[H]/N=C(/N)\NCCCN(CC[C@@H](C(=O)O)N)C[C@@H]1[C@H]([C@H]([C@@H](O1)n2cnc3c2ncnc3N)O)O
PRMT4,5ise,6D2,501,1,B,5569,H113,26.141,19.517,126.427,5.946,,,[H]/N=C(/N)\NCCCN(CC[C@@H](C(=O)O)N)C[C@@H]1[C@H]([C@H]([C@@H](O1)n2cnc3c2ncnc3N)O)O
PRMT4,5ise,DXE,503,1,B,5630,C4,29.923,23.742,125.676,3.623,5.0,C,COCCOC
PRMT4,5ise,DXE,503,1,B,5631,O2,29.76,24.714,124.67,1.071,4.0,O,COCCOC
PRMT4,5ise,DXE,503,1,B,5635,C1,33.345,25.957,125.101,9.661,0.0,C,COCCOC
PRMT4,5ise,DXE,503,1,B,5636,H41,29.178,23.791,126.297,1.699,,,COCCOC
PRMT4,5ise,DXE,503,1,B,5637,H42,29.95,22.86,125.273,5.946,,,COCCOC
PRMT4,5ise,DXE,503,1,B,5638,H43,30.752,23.905,126.153,9.344,,,COCCOC
PRMT4,5ise,DXE,503,1,B,5641,H21,31.087,26.735,124.633,1.699,,,COCCOC
PRMT4,5ise,DXE,503,1,B,5643,H11,33.135,26.677,125.715,10.194,,,COCCOC
PRMT4,5ise,DXE,503,1,B,5644,H12,32.967,25.128,125.432,4.247,,,COCCOC
PRMT4,5ise,DXE,503,1,B,5645,H13,34.308,25.866,125.027,16.14,,,COCCOC
PRMT4,5ise,PE8,502,1,B,5571,O1,7.362,32.288,105.377,25.715,24.0,O,C(COCCOCCOCCOCCOCCOCCOCCO)O
PRMT4,5ise,PE8,502,1,B,5573,C3,9.566,32.167,106.257,1.208,1.0,C,C(COCCOCCOCCOCCOCCOCCOCCO)O
PRMT4,5ise,PE8,502,1,B,5574,O4,10.021,33.312,106.922,7.5,2.0,O,C(COCCOCCOCCOCCOCCOCCOCCO)O
PRMT4,5ise,PE8,502,1,B,5576,C6,11.96,34.452,106.174,2.415,4.0,C,C(COCCOCCOCCOCCOCCOCCOCCO)O
PRMT4,5ise,PE8,502,1,B,5578,C8,13.91,35.202,105.154,2.415,6.0,C,C(COCCOCCOCCOCCOCCOCCOCCO)O
PRMT4,5ise,PE8,502,1,B,5579,C9,15.425,35.014,105.059,3.623,7.0,C,C(COCCOCCOCCOCCOCCOCCOCCO)O
PRMT4,5ise,PE8,502,1,B,5581,C11,16.247,35.593,107.2,1.208,9.0,C,C(COCCOCCOCCOCCOCCOCCOCCO)O
PRMT4,5ise,PE8,502,1,B,5582,C12,17.666,36.09,106.924,1.208,10.0,C,C(COCCOCCOCCOCCOCCOCCOCCO)O
PRMT4,5ise,PE8,502,1,B,5583,O13,18.22,36.659,108.096,3.214,11.0,O,C(COCCOCCOCCOCCOCCOCCOCCO)O
PRMT4,5ise,PE8,502,1,B,5584,C14,19.185,37.685,107.919,2.415,12.0,C,C(COCCOCCOCCOCCOCCOCCOCCO)O
PRMT4,5ise,PE8,502,1,B,5586,O16,21.598,38.133,108.094,10.715,14.0,O,C(COCCOCCOCCOCCOCCOCCOCCO)O
PRMT4,5ise,PE8,502,1,B,5587,C17,22.946,37.679,108.149,6.038,15.0,C,C(COCCOCCOCCOCCOCCOCCOCCO)O
PRMT4,5ise,PE8,502,1,B,5589,O19,24.219,36.299,106.544,17.143,17.0,O,C(COCCOCCOCCOCCOCCOCCOCCO)O
PRMT4,5ise,PE8,502,1,B,5591,C21,23.881,34.421,105.037,3.623,19.0,C,C(COCCOCCOCCOCCOCCOCCOCCO)O
PRMT4,5ise,PE8,502,1,B,5592,O22,23.368,33.127,105.323,6.429,20.0,O,C(COCCOCCOCCOCCOCCOCCOCCO)O
PRMT4,5ise,PE8,502,1,B,5593,C23,24.292,32.118,105.711,3.623,21.0,C,C(COCCOCCOCCOCCOCCOCCOCCO)O
PRMT4,5ise,PE8,502,1,B,5594,C24,23.745,31.339,106.92,1.208,22.0,C,C(COCCOCCOCCOCCOCCOCCOCCO)O
PRMT4,5ise,PE8,502,1,B,5595,O25,24.45,31.527,108.154,7.5,23.0,O,C(COCCOCCOCCOCCOCCOCCOCCO)O
PRMT4,5ise,PE8,502,1,B,5596,HO1,6.532,32.172,105.518,20.388,,,C(COCCOCCOCCOCCOCCOCCOCCO)O
PRMT4,5ise,PE8,502,1,B,5598,H22,7.815,32.665,107.232,13.592,,,C(COCCOCCOCCOCCOCCOCCOCCO)O
PRMT4,5ise,PE8,502,1,B,5600,H32,9.709,32.261,105.302,11.893,,,C(COCCOCCOCCOCCOCCOCCOCCO)O
PRMT4,5ise,PE8,502,1,B,5602,H52,11.571,33.69,108.055,2.548,,,C(COCCOCCOCCOCCOCCOCCOCCO)O
PRMT4,5ise,PE8,502,1,B,5603,H61,11.586,34.304,105.292,9.344,,,C(COCCOCCOCCOCCOCCOCCOCCO)O
PRMT4,5ise,PE8,502,1,B,5604,H62,11.718,35.34,106.482,18.689,,,C(COCCOCCOCCOCCOCCOCCOCCO)O
PRMT4,5ise,PE8,502,1,B,5605,H81,13.511,35.014,104.29,12.742,,,C(COCCOCCOCCOCCOCCOCCOCCO)O
PRMT4,5ise,PE8,502,1,B,5606,H82,13.718,36.121,105.4,14.441,,,C(COCCOCCOCCOCCOCCOCCOCCO)O
PRMT4,5ise,PE8,502,1,B,5607,H91,15.84,35.858,104.822,12.742,,,C(COCCOCCOCCOCCOCCOCCOCCO)O
PRMT4,5ise,PE8,502,1,B,5608,H92,15.625,34.355,104.376,2.548,,,C(COCCOCCOCCOCCOCCOCCOCCO)O
PRMT4,5ise,PE8,502,1,B,5609,H111,15.621,36.327,107.098,11.893,,,C(COCCOCCOCCOCCOCCOCCOCCO)O
PRMT4,5ise,PE8,502,1,B,5610,H112,16.195,35.245,108.104,1.699,,,C(COCCOCCOCCOCCOCCOCCOCCO)O
PRMT4,5ise,PE8,502,1,B,5611,H121,18.217,35.345,106.638,0.849,,,C(COCCOCCOCCOCCOCCOCCOCCO)O
PRMT4,5ise,PE8,502,1,B,5612,H122,17.641,36.76,106.223,9.344,,,C(COCCOCCOCCOCCOCCOCCOCCO)O
PRMT4,5ise,PE8,502,1,B,5613,H141,18.849,38.505,108.313,18.689,,,C(COCCOCCOCCOCCOCCOCCOCCO)O
PRMT4,5ise,PE8,502,1,B,5614,H142,19.326,37.825,106.97,11.893,,,C(COCCOCCOCCOCCOCCOCCOCCO)O
PRMT4,5ise,PE8,502,1,B,5617,H171,23.201,37.543,109.075,3.398,,,C(COCCOCCOCCOCCOCCOCCOCCO)O
PRMT4,5ise,PE8,502,1,B,5618,H172,23.526,38.347,107.752,20.388,,,C(COCCOCCOCCOCCOCCOCCOCCO)O
PRMT4,5ise,PE8,502,1,B,5620,H182,22.302,36.222,106.839,2.548,,,C(COCCOCCOCCOCCOCCOCCOCCO)O
PRMT4,5ise,PE8,502,1,B,5621,H201,25.61,35.045,105.99,20.388,,,C(COCCOCCOCCOCCOCCOCCOCCO)O
PRMT4,5ise,PE8,502,1,B,5623,H211,24.468,34.364,104.267,17.839,,,C(COCCOCCOCCOCCOCCOCCOCCO)O
PRMT4,5ise,PE8,502,1,B,5624,H212,23.142,35.014,104.828,12.742,,,C(COCCOCCOCCOCCOCCOCCOCCO)O
PRMT4,5ise,PE8,502,1,B,5625,H231,24.43,31.507,104.97,18.689,,,C(COCCOCCOCCOCCOCCOCCOCCO)O
PRMT4,5ise,PE8,502,1,B,5626,H232,25.137,32.53,105.95,8.495,,,C(COCCOCCOCCOCCOCCOCCOCCO)O
PRMT4,5ise,6D2,501,1,C,5492,C14,24.699,30.675,179.916,1.208,2.0,C,[H]/N=C(/N)\NCCCN(CC[C@@H](C(=O)O)N)C[C@@H]1[C@H]([C@H]([C@@H](O1)n2cnc3c2ncnc3N)O)O
PRMT4,5ise,6D2,501,1,C,5516,N11,25.298,29.747,180.709,1.094,3.0,N,[H]/N=C(/N)\NCCCN(CC[C@@H](C(=O)O)N)C[C@@H]1[C@H]([C@H]([C@@H](O1)n2cnc3c2ncnc3N)O)O
PRMT4,5ise,6D2,501,1,C,5545,H113,25.539,28.924,180.356,13.592,,,[H]/N=C(/N)\NCCCN(CC[C@@H](C(=O)O)N)C[C@@H]1[C@H]([C@H]([C@@H](O1)n2cnc3c2ncnc3N)O)O
PRMT4,5ise,DXE,503,1,C,5557,C4,24.881,19.573,172.322,3.623,5.0,C,COCCOC
PRMT4,5ise,DXE,503,1,C,5559,C3,23.576,21.378,171.466,2.415,3.0,C,COCCOC
PRMT4,5ise,DXE,503,1,C,5560,C2,24.332,22.677,171.16,1.208,2.0,C,COCCOC
PRMT4,5ise,DXE,503,1,C,5561,O1,24.03,23.105,169.848,4.286,1.0,O,COCCOC
PRMT4,5ise,DXE,503,1,C,5562,C1,24.933,22.737,168.831,10.869,0.0,C,COCCOC
PRMT4,5ise,DXE,503,1,C,5563,H41,25.562,19.768,171.66,14.441,,,COCCOC
PRMT4,5ise,DXE,503,1,C,5565,H43,24.292,18.879,171.986,8.495,,,COCCOC
PRMT4,5ise,DXE,503,1,C,5566,H31,23.627,20.789,170.697,10.194,,,COCCOC
PRMT4,5ise,DXE,503,1,C,5567,H32,22.646,21.584,171.65,1.699,,,COCCOC
PRMT4,5ise,DXE,503,1,C,5568,H21,25.286,22.521,171.237,8.495,,,COCCOC
PRMT4,5ise,DXE,503,1,C,5570,H11,25.043,21.773,168.83,13.592,,,COCCOC
PRMT4,5ise,DXE,503,1,C,5571,H12,24.586,23.023,167.972,15.291,,,COCCOC
PRMT4,5ise,DXE,503,1,C,5572,H13,25.791,23.16,168.991,12.742,,,COCCOC
PRMT4,5ise,DXE,504,1,C,5573,C4,14.273,38.37,160.317,8.453,5.0,C,COCCOC
PRMT4,5ise,DXE,504,1,C,5574,O2,13.321,37.345,160.437,8.572,4.0,O,COCCOC
PRMT4,5ise,DXE,504,1,C,5575,C3,12.006,37.708,160.103,2.415,3.0,C,COCCOC
PRMT4,5ise,DXE,504,1,C,5576,C2,11.04,36.569,160.465,2.415,2.0,C,COCCOC
PRMT4,5ise,DXE,504,1,C,5577,O1,9.74,37.068,160.692,15.0,1.0,O,COCCOC
PRMT4,5ise,DXE,504,1,C,5578,C1,8.875,36.222,161.404,6.038,0.0,C,COCCOC
PRMT4,5ise,DXE,504,1,C,5579,H41,14.372,38.612,159.383,21.237,,,COCCOC
PRMT4,5ise,DXE,504,1,C,5580,H42,13.981,39.144,160.823,2.548,,,COCCOC
PRMT4,5ise,DXE,504,1,C,5581,H43,15.125,38.061,160.663,5.097,,,COCCOC
PRMT4,5ise,DXE,504,1,C,5582,H31,11.952,37.884,159.151,17.839,,,COCCOC
PRMT4,5ise,DXE,504,1,C,5583,H32,11.758,38.507,160.593,7.645,,,COCCOC
PRMT4,5ise,DXE,504,1,C,5584,H21,11.356,36.125,161.267,6.796,,,COCCOC
PRMT4,5ise,DXE,504,1,C,5585,H22,11.013,35.929,159.736,20.388,,,COCCOC
PRMT4,5ise,DXE,504,1,C,5586,H11,8.707,35.42,160.886,22.936,,,COCCOC
PRMT4,5ise,DXE,504,1,C,5587,H12,9.283,35.981,162.251,4.247,,,COCCOC
PRMT4,5ise,DXE,504,1,C,5588,H13,8.036,36.682,161.569,20.388,,,COCCOC
PRMT4,5isf,6D4,501,1,A,5524,N10,52.354,29.889,131.694,2.187,27.0,N,c1nc(c2c(n1)n(cn2)[C@H]3[C@@H]([C@@H]([C@H](O3)CN(CC[C@@H](C(=O)O)N)CCNNN)O)O)N
PRMT4,5isf,6D4,501,1,A,5535,N04,50.463,38.426,126.11,1.094,8.0,N,c1nc(c2c(n1)n(cn2)[C@H]3[C@@H]([C@@H]([C@H](O3)CN(CC[C@@H](C(=O)O)N)CCNNN)O)O)N
PRMT4,5isf,6D4,501,1,A,5556,H1,52.491,29.058,131.469,3.398,,,c1nc(c2c(n1)n(cn2)[C@H]3[C@@H]([C@@H]([C@H](O3)CN(CC[C@@H](C(=O)O)N)CCNNN)O)O)N
PRMT4,5ise,6D2,501,1,D,5440,C14,51.201,18.906,185.08,1.208,2.0,C,[H]/N=C(/N)\NCCCN(CC[C@@H](C(=O)O)N)C[C@@H]1[C@H]([C@H]([C@@H](O1)n2cnc3c2ncnc3N)O)O
PRMT4,5ise,6D2,501,1,D,5460,N7,53.497,25.496,192.593,1.094,24.0,N,[H]/N=C(/N)\NCCCN(CC[C@@H](C(=O)O)N)C[C@@H]1[C@H]([C@H]([C@@H](O1)n2cnc3c2ncnc3N)O)O
PRMT4,5ise,6D2,501,1,D,5463,N10,50.952,17.477,185.285,1.094,1.0,N,[H]/N=C(/N)\NCCCN(CC[C@@H](C(=O)O)N)C[C@@H]1[C@H]([C@H]([C@@H](O1)n2cnc3c2ncnc3N)O)O
PRMT4,5ise,6D2,501,1,D,5464,N11,50.562,19.513,184.057,2.187,3.0,N,[H]/N=C(/N)\NCCCN(CC[C@@H](C(=O)O)N)C[C@@H]1[C@H]([C@H]([C@@H](O1)n2cnc3c2ncnc3N)O)O
PRMT4,5ise,6D2,501,1,D,5493,H113,49.987,19.027,183.517,6.796,,,[H]/N=C(/N)\NCCCN(CC[C@@H](C(=O)O)N)C[C@@H]1[C@H]([C@H]([C@@H](O1)n2cnc3c2ncnc3N)O)O
PRMT4,5isf,DXE,507,1,A,5688,C4,69.293,21.342,132.674,2.415,5.0,C,COCCOC
PRMT4,5isf,DXE,507,1,A,5690,C3,70.748,21.426,130.829,2.415,3.0,C,COCCOC
PRMT4,5isf,DXE,507,1,A,5691,C2,71.514,22.449,129.995,1.208,2.0,C,COCCOC
PRMT4,5isf,DXE,507,1,A,5692,O1,72.592,22.945,130.74,2.143,1.0,O,COCCOC
PRMT4,5isf,DXE,507,1,A,5693,C1,73.819,22.327,130.452,12.076,0.0,C,COCCOC
PRMT4,5isf,DXE,507,1,A,5694,H41,68.817,20.56,132.355,7.645,,,COCCOC
PRMT4,5isf,DXE,507,1,A,5695,H42,70.044,21.062,133.221,19.538,,,COCCOC
PRMT4,5isf,DXE,507,1,A,5696,H43,68.695,21.891,133.204,5.097,,,COCCOC
PRMT4,5isf,DXE,507,1,A,5697,H31,71.362,20.972,131.428,7.645,,,COCCOC
PRMT4,5isf,DXE,507,1,A,5698,H32,70.329,20.777,130.242,15.291,,,COCCOC
PRMT4,5isf,DXE,507,1,A,5700,H22,71.846,22.024,129.188,13.592,,,COCCOC
PRMT4,5isf,DXE,507,1,A,5701,H11,74.527,22.767,130.949,23.786,,,COCCOC
PRMT4,5isf,DXE,507,1,A,5702,H12,73.777,21.393,130.708,16.99,,,COCCOC
PRMT4,5isf,DXE,507,1,A,5703,H13,74.0,22.395,129.502,19.538,,,COCCOC
PRMT4,5isf,6D4,501,1,B,5482,N04,23.309,26.719,117.745,1.094,8.0,N,c1nc(c2c(n1)n(cn2)[C@H]3[C@@H]([C@@H]([C@H](O3)CN(CC[C@@H](C(=O)O)N)CCNNN)O)O)N
PRMT4,5isf,6D4,501,1,B,5503,H1,25.113,18.877,124.86,8.495,,,c1nc(c2c(n1)n(cn2)[C@H]3[C@@H]([C@@H]([C@H](O3)CN(CC[C@@H](C(=O)O)N)CCNNN)O)O)N
PRMT4,5isf,M2M,506,1,A,5665,C1,74.292,41.101,126.736,8.453,0.0,C,COCCOCCOC
PRMT4,5isf,M2M,506,1,A,5669,O2,75.424,40.797,131.391,10.715,4.0,O,COCCOCCOC
PRMT4,5isf,M2M,506,1,A,5673,C6,78.403,37.434,132.134,12.076,8.0,C,COCCOCCOC
PRMT4,5isf,M2M,506,1,A,5674,H11,75.076,40.56,126.919,12.742,,,COCCOCCOC
PRMT4,5isf,M2M,506,1,A,5675,H12,74.641,41.524,125.936,25.485,,,COCCOCCOC
PRMT4,5isf,M2M,506,1,A,5676,H13,73.376,41.029,126.425,0.849,,,COCCOCCOC
PRMT4,5isf,M2M,506,1,A,5677,H21,75.071,39.99,128.941,3.398,,,COCCOCCOC
PRMT4,5isf,M2M,506,1,A,5678,H22,75.778,41.403,128.862,15.291,,,COCCOCCOC
PRMT4,5isf,M2M,506,1,A,5679,H31,74.355,42.225,130.564,10.194,,,COCCOCCOC
PRMT4,5isf,M2M,506,1,A,5682,H42,74.633,39.01,131.183,0.849,,,COCCOCCOC
PRMT4,5isf,M2M,506,1,A,5683,H51,77.417,39.387,131.146,11.893,,,COCCOCCOC
PRMT4,5isf,M2M,506,1,A,5684,H52,76.562,38.435,130.212,10.194,,,COCCOCCOC
PRMT4,5isf,M2M,506,1,A,5685,H61,78.543,36.628,132.656,17.839,,,COCCOCCOC
PRMT4,5isf,M2M,506,1,A,5686,H62,78.783,38.193,132.604,14.441,,,COCCOCCOC
PRMT4,5isf,M2M,506,1,A,5687,H63,78.834,37.34,131.271,20.388,,,COCCOCCOC
PRMT4,5isf,DXE,504,1,B,5543,C4,14.335,38.569,160.602,12.076,5.0,C,COCCOC
PRMT4,5isf,DXE,504,1,B,5544,O2,13.641,37.362,160.465,2.143,4.0,O,COCCOC
PRMT4,5isf,DXE,504,1,B,5545,C3,12.249,37.478,160.566,2.415,3.0,C,COCCOC
PRMT4,5isf,DXE,504,1,B,5546,C2,11.617,36.087,160.52,1.208,2.0,C,COCCOC
PRMT4,5isf,DXE,504,1,B,5547,O1,10.58,35.993,161.459,13.929,1.0,O,COCCOC
PRMT4,5isf,DXE,504,1,B,5548,C1,9.373,36.584,161.064,13.284,0.0,C,COCCOC
PRMT4,5isf,DXE,504,1,B,5549,H41,14.13,39.147,159.851,22.087,,,COCCOC
PRMT4,5isf,DXE,504,1,B,5550,H42,14.068,39.004,161.427,19.538,,,COCCOC
PRMT4,5isf,DXE,504,1,B,5551,H43,15.289,38.393,160.624,14.441,,,COCCOC
PRMT4,5isf,DXE,504,1,B,5552,H31,12.021,37.91,161.404,11.043,,,COCCOC
PRMT4,5isf,DXE,504,1,B,5553,H32,11.915,38.01,159.827,15.291,,,COCCOC
PRMT4,5isf,DXE,504,1,B,5554,H21,11.261,35.925,159.632,5.946,,,COCCOC
PRMT4,5isf,DXE,504,1,B,5556,H11,9.091,36.208,160.216,16.99,,,COCCOC
PRMT4,5isf,DXE,504,1,B,5557,H12,8.694,36.413,161.735,23.786,,,COCCOC
PRMT4,5isf,DXE,504,1,B,5558,H13,9.498,37.541,160.968,16.14,,,COCCOC
PRMT4,5isf,DXE,505,1,B,5559,C4,28.87,8.578,132.242,8.453,5.0,C,COCCOC
PRMT4,5isf,DXE,505,1,B,5560,O2,28.247,8.674,130.994,11.786,4.0,O,COCCOC
PRMT4,5isf,DXE,505,1,B,5563,O1,28.73,10.608,128.027,2.143,1.0,O,COCCOC
PRMT4,5isf,DXE,505,1,B,5564,C1,29.325,9.96,126.939,1.208,0.0,C,COCCOC
PRMT4,5isf,DXE,505,1,B,5566,H42,29.826,8.474,132.119,18.689,,,COCCOC
PRMT4,5isf,DXE,505,1,B,5567,H43,28.52,7.809,132.719,15.291,,,COCCOC
PRMT4,5isf,DXE,505,1,B,5569,H32,29.548,9.916,130.239,5.946,,,COCCOC
PRMT4,5isf,DXE,505,1,B,5571,H22,28.057,8.854,128.551,6.796,,,COCCOC
PRMT4,5isf,DXE,505,1,B,5572,H11,29.994,9.335,127.26,18.689,,,COCCOC
PRMT4,5isf,DXE,504,1,C,5534,C4,3.04,43.436,179.389,3.623,5.0,C,COCCOC
PRMT4,5isf,DXE,504,1,C,5535,O2,1.99,42.976,178.587,8.572,4.0,O,COCCOC
PRMT4,5isf,DXE,504,1,C,5537,C2,0.34,41.296,178.225,2.415,2.0,C,COCCOC
PRMT4,5isf,DXE,504,1,C,5538,O1,0.031,39.959,178.498,5.357,1.0,O,COCCOC
PRMT4,5isf,DXE,504,1,C,5539,C1,-1.263,39.594,178.108,13.284,0.0,C,COCCOC
PRMT4,5isf,DXE,504,1,C,5541,H42,3.188,44.379,179.218,12.742,,,COCCOC
PRMT4,5isf,DXE,504,1,C,5542,H43,2.813,43.31,180.324,16.14,,,COCCOC
PRMT4,5isf,DXE,504,1,C,5544,H32,1.925,41.28,179.55,11.043,,,COCCOC
PRMT4,5isf,DXE,504,1,C,5545,H21,0.241,41.461,177.275,3.398,,,COCCOC
PRMT4,5isf,DXE,504,1,C,5546,H22,-0.264,41.873,178.717,15.291,,,COCCOC
PRMT4,5isf,DXE,504,1,C,5547,H11,-1.385,39.792,177.167,9.344,,,COCCOC
PRMT4,5isf,DXE,504,1,C,5548,H12,-1.389,38.644,178.258,22.087,,,COCCOC
PRMT4,5isf,DXE,504,1,C,5549,H13,-1.911,40.092,178.63,22.087,,,COCCOC
PRMT4,5isf,SAO,501,1,C,5472,SD,25.509,35.407,178.006,1.287,15.0,S,c1nc(c2c(n1)n(cn2)[C@H]3[C@@H]([C@@H]([C@H](O3)CSCC[C@@H](C(=O)O)[NH3+])O)O)N
PRMT4,5isf,SAO,501,1,C,5486,N7,26.771,39.635,184.288,1.094,8.0,N,c1nc(c2c(n1)n(cn2)[C@H]3[C@@H]([C@@H]([C@H](O3)CSCC[C@@H](C(=O)O)[NH3+])O)O)N
PRMT4,5isf,SAO,501,1,C,5502,H5'2,25.951,35.876,180.324,0.849,,,c1nc(c2c(n1)n(cn2)[C@H]3[C@@H]([C@@H]([C@H](O3)CSCC[C@@H](C(=O)O)[NH3+])O)O)N
PRMT4,5isf,M2M,505,1,C,5551,O1,27.929,27.502,181.895,2.143,1.0,O,COCCOCCOC
PRMT4,5isf,M2M,505,1,C,5555,C4,31.138,29.983,184.383,1.208,5.0,C,COCCOCCOC
PRMT4,5isf,M2M,505,1,C,5557,O3,33.556,30.139,184.159,3.214,7.0,O,COCCOCCOC
PRMT4,5isf,M2M,505,1,C,5558,C6,33.915,29.561,185.4,6.038,8.0,C,COCCOCCOC
PRMT4,5isf,M2M,505,1,C,5560,H12,26.064,28.171,180.821,5.097,,,COCCOCCOC
PRMT4,5isf,M2M,505,1,C,5561,H13,27.033,27.202,180.365,9.344,,,COCCOCCOC
PRMT4,5isf,M2M,505,1,C,5562,H21,28.965,29.027,181.223,0.849,,,COCCOCCOC
PRMT4,5isf,M2M,505,1,C,5564,H31,30.203,27.939,182.993,11.043,,,COCCOCCOC
PRMT4,5isf,M2M,505,1,C,5565,H32,29.168,28.548,184.025,0.849,,,COCCOCCOC
PRMT4,5isf,M2M,505,1,C,5566,H41,30.598,30.351,185.099,1.699,,,COCCOCCOC
PRMT4,5isf,M2M,505,1,C,5567,H42,31.446,29.099,184.636,4.247,,,COCCOCCOC
PRMT4,5isf,M2M,505,1,C,5570,H61,33.243,28.913,185.662,8.495,,,COCCOCCOC
PRMT4,5isf,M2M,505,1,C,5571,H62,34.774,29.119,185.315,10.194,,,COCCOCCOC
PRMT4,5isf,M2M,505,1,C,5572,H63,33.975,30.256,186.074,0.849,,,COCCOCCOC
PRMT4,5isf,6D4,501,1,D,5483,N10,51.896,18.112,186.185,1.094,27.0,N,c1nc(c2c(n1)n(cn2)[C@H]3[C@@H]([C@@H]([C@H](O3)CN(CC[C@@H](C(=O)O)N)CCNNN)O)O)N
PRMT4,5isf,6D4,501,1,D,5494,N04,53.52,25.46,192.706,1.094,8.0,N,c1nc(c2c(n1)n(cn2)[C@H]3[C@@H]([C@@H]([C@H](O3)CN(CC[C@@H](C(=O)O)N)CCNNN)O)O)N
PRMT4,5isf,6D4,501,1,D,5515,H1,51.04,18.04,186.036,5.946,,,c1nc(c2c(n1)n(cn2)[C@H]3[C@@H]([C@@H]([C@H](O3)CN(CC[C@@H](C(=O)O)N)CCNNN)O)O)N
PRMT4,5isg,DXE,501,1,A,5467,C4,42.524,30.354,124.812,2.415,5.0,C,COCCOC
PRMT4,5isg,DXE,501,1,A,5468,O2,43.901,30.41,125.052,1.071,4.0,O,COCCOC
PRMT4,5isg,DXE,501,1,A,5469,C3,44.437,29.221,125.553,1.208,3.0,C,COCCOC
PRMT4,5isg,DXE,501,1,A,5471,O1,46.656,28.359,125.666,2.143,1.0,O,COCCOC
PRMT4,5isg,DXE,501,1,A,5472,C1,46.934,27.525,126.753,8.453,0.0,C,COCCOC
PRMT4,5isg,DXE,501,1,A,5473,H41,42.067,30.056,125.614,4.247,,,COCCOC
PRMT4,5isg,DXE,501,1,A,5475,H43,42.346,29.732,124.089,2.548,,,COCCOC
PRMT4,5isg,DXE,501,1,A,5476,H31,43.913,28.922,126.313,3.398,,,COCCOC
PRMT4,5isg,DXE,501,1,A,5477,H32,44.423,28.541,124.862,12.742,,,COCCOC
PRMT4,5isg,DXE,501,1,A,5479,H22,46.222,30.256,125.538,0.849,,,COCCOC
PRMT4,5isg,DXE,501,1,A,5480,H11,46.103,27.25,127.171,10.194,,,COCCOC
PRMT4,5isg,DXE,501,1,A,5481,H12,47.415,26.741,126.444,1.699,,,COCCOC
PRMT4,5isg,DXE,501,1,A,5482,H13,47.477,28.004,127.398,8.495,,,COCCOC
PRMT4,5isg,DXE,502,1,A,5483,C4,69.245,20.922,130.873,7.246,5.0,C,COCCOC
PRMT4,5isg,DXE,502,1,A,5484,O2,70.012,21.676,129.977,5.357,4.0,O,COCCOC
PRMT4,5isg,DXE,502,1,A,5485,C3,71.053,22.388,130.582,1.208,3.0,C,COCCOC
PRMT4,5isg,DXE,502,1,A,5486,C2,72.108,22.747,129.536,2.415,2.0,C,COCCOC
PRMT4,5isg,DXE,502,1,A,5487,O1,73.27,21.998,129.759,20.358,1.0,O,COCCOC
PRMT4,5isg,DXE,502,1,A,5488,C1,74.084,22.476,130.795,12.076,0.0,C,COCCOC
PRMT4,5isg,DXE,502,1,A,5489,H41,69.789,20.21,131.244,16.99,,,COCCOC
PRMT4,5isg,DXE,502,1,A,5490,H42,68.929,21.495,131.59,7.645,,,COCCOC
PRMT4,5isg,DXE,502,1,A,5491,H43,68.486,20.539,130.407,5.097,,,COCCOC
PRMT4,5isg,DXE,502,1,A,5492,H31,71.458,21.843,131.274,6.796,,,COCCOC
PRMT4,5isg,DXE,502,1,A,5494,H21,71.764,22.552,128.651,12.742,,,COCCOC
PRMT4,5isg,DXE,502,1,A,5496,H11,74.426,23.352,130.559,14.441,,,COCCOC
PRMT4,5isg,DXE,502,1,A,5497,H12,73.564,22.54,131.611,11.043,,,COCCOC
PRMT4,5isg,DXE,502,1,A,5498,H13,74.825,21.865,130.931,25.485,,,COCCOC
PRMT4,5isg,6D6,509,1,A,5605,N5,50.453,38.572,125.28,1.094,8.0,N,c1nc(c2c(n1)n(cn2)[C@H]3[C@@H]([C@@H]([C@H](O3)CN(CCCN)CC[C@@H](C(=O)O)N)O)O)N
PRMT4,5isg,6D6,509,1,A,5612,H1,51.777,30.746,129.186,2.548,,,c1nc(c2c(n1)n(cn2)[C@H]3[C@@H]([C@@H]([C@H](O3)CN(CCCN)CC[C@@H](C(=O)O)N)O)O)N
PRMT4,5isg,M2M,510,1,A,5639,C1,43.12,9.083,106.51,1.208,0.0,C,COCCOCCOC
PRMT4,5isg,M2M,510,1,A,5641,C2,45.091,10.376,106.764,1.208,2.0,C,COCCOCCOC
PRMT4,5isg,M2M,510,1,A,5645,C5,47.05,7.589,107.555,1.208,6.0,C,COCCOCCOC
PRMT4,5isg,M2M,510,1,A,5646,O3,47.099,6.283,108.093,1.071,7.0,O,COCCOCCOC
PRMT4,5isg,M2M,510,1,A,5647,C6,47.454,5.292,107.152,9.661,8.0,C,COCCOCCOC
PRMT4,5isg,M2M,510,1,A,5648,H11,42.594,9.494,105.806,13.592,,,COCCOCCOC
PRMT4,5isg,M2M,510,1,A,5649,H12,43.34,8.275,106.019,19.538,,,COCCOCCOC
PRMT4,5isg,M2M,510,1,A,5651,H21,45.419,9.536,106.407,4.247,,,COCCOCCOC
PRMT4,5isg,M2M,510,1,A,5652,H22,45.267,11.087,106.128,14.441,,,COCCOCCOC
PRMT4,5isg,M2M,510,1,A,5657,H51,46.294,7.66,106.951,2.548,,,COCCOCCOC
PRMT4,5isg,M2M,510,1,A,5658,H52,47.87,7.768,107.069,4.247,,,COCCOCCOC
PRMT4,5isg,M2M,510,1,A,5659,H61,47.406,4.418,107.57,16.14,,,COCCOCCOC
PRMT4,5isg,M2M,510,1,A,5660,H62,46.842,5.325,106.401,21.237,,,COCCOCCOC
PRMT4,5isg,M2M,510,1,A,5661,H63,48.359,5.452,106.84,3.398,,,COCCOCCOC
PRMT4,5isg,PG6,507,1,A,5521,C1,60.834,17.227,100.571,12.076,0.0,C,COCCOCCOCCOCCOCCOC
PRMT4,5isg,PG6,507,1,A,5522,O1,61.173,15.976,101.103,11.786,1.0,O,COCCOCCOCCOCCOCCOC
PRMT4,5isg,PG6,507,1,A,5524,C3,61.6,13.908,99.982,1.208,3.0,C,COCCOCCOCCOCCOCCOC
PRMT4,5isg,PG6,507,1,A,5525,O2,61.079,13.251,98.858,8.572,4.0,O,COCCOCCOCCOCCOCCOC
PRMT4,5isg,PG6,507,1,A,5526,C4,61.288,11.865,98.818,1.208,5.0,C,COCCOCCOCCOCCOCCOC
PRMT4,5isg,PG6,507,1,A,5527,C5,60.41,11.25,97.722,3.623,6.0,C,COCCOCCOCCOCCOCCOC
PRMT4,5isg,PG6,507,1,A,5528,O3,59.094,11.724,97.842,3.214,7.0,O,COCCOCCOCCOCCOCCOC
PRMT4,5isg,PG6,507,1,A,5529,C6,58.096,10.746,97.714,3.623,8.0,C,COCCOCCOCCOCCOCCOC
PRMT4,5isg,PG6,507,1,A,5530,C7,56.817,11.364,97.142,4.831,9.0,C,COCCOCCOCCOCCOCCOC
PRMT4,5isg,PG6,507,1,A,5532,C8,54.849,11.976,98.364,3.623,11.0,C,COCCOCCOCCOCCOCCOC
PRMT4,5isg,PG6,507,1,A,5533,C9,54.094,13.305,98.293,4.831,12.0,C,COCCOCCOCCOCCOCCOC
PRMT4,5isg,PG6,507,1,A,5534,O5,53.913,13.797,99.594,6.429,13.0,O,COCCOCCOCCOCCOCCOC
PRMT4,5isg,PG6,507,1,A,5535,C10,52.607,13.711,100.101,2.415,14.0,C,COCCOCCOCCOCCOCCOC
PRMT4,5isg,PG6,507,1,A,5536,C11,51.703,14.734,99.408,1.208,15.0,C,COCCOCCOCCOCCOCCOC
PRMT4,5isg,PG6,507,1,A,5537,O6,50.471,14.758,100.075,18.215,16.0,O,COCCOCCOCCOCCOCCOC
PRMT4,5isg,PG6,507,1,A,5538,C12,49.399,15.192,99.285,13.284,17.0,C,COCCOCCOCCOCCOCCOC
PRMT4,5isg,PG6,507,1,A,5539,H11,61.099,17.264,99.639,19.538,,,COCCOCCOCCOCCOCCOC
PRMT4,5isg,PG6,507,1,A,5540,H12,59.875,17.358,100.64,17.839,,,COCCOCCOCCOCCOCCOC
PRMT4,5isg,PG6,507,1,A,5541,H13,61.292,17.924,101.066,25.485,,,COCCOCCOCCOCCOCCOC
PRMT4,5isg,PG6,507,1,A,5543,H22,60.035,15.227,99.708,5.946,,,COCCOCCOCCOCCOCCOC
PRMT4,5isg,PG6,507,1,A,5544,H31,62.411,14.383,99.739,17.839,,,COCCOCCOCCOCCOCCOC
PRMT4,5isg,PG6,507,1,A,5545,H32,61.792,13.264,100.681,2.548,,,COCCOCCOCCOCCOCCOC
PRMT4,5isg,PG6,507,1,A,5546,H41,62.221,11.684,98.625,14.441,,,COCCOCCOCCOCCOCCOC
PRMT4,5isg,PG6,507,1,A,5548,H51,60.763,11.495,96.852,21.237,,,COCCOCCOCCOCCOCCOC
PRMT4,5isg,PG6,507,1,A,5549,H52,60.414,10.284,97.81,13.592,,,COCCOCCOCCOCCOCCOC
PRMT4,5isg,PG6,507,1,A,5550,H61,57.906,10.365,98.586,5.097,,,COCCOCCOCCOCCOCCOC
PRMT4,5isg,PG6,507,1,A,5551,H62,58.407,10.045,97.12,15.291,,,COCCOCCOCCOCCOCCOC
PRMT4,5isg,PG6,507,1,A,5552,H71,57.036,11.895,96.361,21.237,,,COCCOCCOCCOCCOCCOC
PRMT4,5isg,PG6,507,1,A,5553,H72,56.201,10.658,96.891,15.291,,,COCCOCCOCCOCCOCCOC
PRMT4,5isg,PG6,507,1,A,5554,H81,54.49,11.366,97.701,13.592,,,COCCOCCOCCOCCOCCOC
PRMT4,5isg,PG6,507,1,A,5555,H82,54.74,11.591,99.248,10.194,,,COCCOCCOCCOCCOCCOC
PRMT4,5isg,PG6,507,1,A,5556,H91,53.23,13.165,97.875,10.194,,,COCCOCCOCCOCCOCCOC
PRMT4,5isg,PG6,507,1,A,5557,H92,54.608,13.942,97.772,18.689,,,COCCOCCOCCOCCOCCOC
PRMT4,5isg,PG6,507,1,A,5558,H101,52.261,12.819,99.946,16.14,,,COCCOCCOCCOCCOCCOC
PRMT4,5isg,PG6,507,1,A,5559,H102,52.621,13.889,101.055,5.097,,,COCCOCCOCCOCCOCCOC
PRMT4,5isg,PG6,507,1,A,5560,H111,51.569,14.477,98.482,8.495,,,COCCOCCOCCOCCOCCOC
PRMT4,5isg,PG6,507,1,A,5561,H112,52.113,15.612,99.447,20.388,,,COCCOCCOCCOCCOCCOC
PRMT4,5isg,PG6,507,1,A,5562,H121,49.629,16.035,98.863,21.237,,,COCCOCCOCCOCCOCCOC
PRMT4,5isg,PG6,507,1,A,5563,H122,48.614,15.313,99.842,24.635,,,COCCOCCOCCOCCOCCOC
PRMT4,5isg,PG6,507,1,A,5564,H123,49.211,14.53,98.602,22.087,,,COCCOCCOCCOCCOCCOC
PRMT4,5isg,6D6,506,1,B,5525,N1,25.036,19.648,123.735,3.281,19.0,N,c1nc(c2c(n1)n(cn2)[C@H]3[C@@H]([C@@H]([C@H](O3)CN(CCCN)CC[C@@H](C(=O)O)N)O)O)N
PRMT4,5isg,6D6,506,1,B,5539,N5,23.418,26.773,116.601,2.187,8.0,N,c1nc(c2c(n1)n(cn2)[C@H]3[C@@H]([C@@H]([C@H](O3)CN(CCCN)CC[C@@H](C(=O)O)N)O)O)N
PRMT4,5isg,6D6,506,1,B,5559,H14,25.293,18.836,123.435,1.699,,,c1nc(c2c(n1)n(cn2)[C@H]3[C@@H]([C@@H]([C@H](O3)CN(CCCN)CC[C@@H](C(=O)O)N)O)O)N
PRMT4,5isg,6D6,506,1,B,5560,H15,24.602,19.554,124.554,1.699,,,c1nc(c2c(n1)n(cn2)[C@H]3[C@@H]([C@@H]([C@H](O3)CN(CCCN)CC[C@@H](C(=O)O)N)O)O)N
PRMT4,5isg,DXE,501,1,B,5478,C4,28.569,9.012,130.617,8.453,5.0,C,COCCOC
PRMT4,5isg,DXE,501,1,B,5479,O2,28.735,10.003,129.644,1.071,4.0,O,COCCOC
PRMT4,5isg,DXE,501,1,B,5480,C3,28.184,9.683,128.397,1.208,3.0,C,COCCOC
PRMT4,5isg,DXE,501,1,B,5482,O1,29.713,10.08,126.607,6.429,1.0,O,COCCOC
PRMT4,5isg,DXE,501,1,B,5483,C1,30.803,10.92,126.356,6.038,0.0,C,COCCOC
PRMT4,5isg,DXE,501,1,B,5484,H41,28.904,8.167,130.278,19.538,,,COCCOC
PRMT4,5isg,DXE,501,1,B,5485,H42,29.062,9.258,131.416,2.548,,,COCCOC
PRMT4,5isg,DXE,501,1,B,5486,H43,27.627,8.924,130.832,2.548,,,COCCOC
PRMT4,5isg,DXE,501,1,B,5487,H31,28.45,8.784,128.147,8.495,,,COCCOC
PRMT4,5isg,DXE,501,1,B,5488,H32,27.216,9.729,128.45,0.849,,,COCCOC
PRMT4,5isg,DXE,501,1,B,5491,H11,31.5,10.419,125.905,14.441,,,COCCOC
PRMT4,5isg,DXE,501,1,B,5493,H13,31.145,11.265,127.196,12.742,,,COCCOC
PRMT4,5isg,6D6,507,1,C,5507,N1,24.169,31.501,178.143,4.374,19.0,N,c1nc(c2c(n1)n(cn2)[C@H]3[C@@H]([C@@H]([C@H](O3)CN(CCCN)CC[C@@H](C(=O)O)N)O)O)N
PRMT4,5isg,6D6,507,1,C,5542,H15,23.711,30.885,178.672,0.849,,,c1nc(c2c(n1)n(cn2)[C@H]3[C@@H]([C@@H]([C@H](O3)CN(CCCN)CC[C@@H](C(=O)O)N)O)O)N
PRMT4,5isg,6D6,506,1,D,5530,N1,52.629,19.008,184.957,1.094,19.0,N,c1nc(c2c(n1)n(cn2)[C@H]3[C@@H]([C@@H]([C@H](O3)CN(CCCN)CC[C@@H](C(=O)O)N)O)O)N
PRMT4,5isg,6D6,506,1,D,5544,N5,53.326,25.462,191.384,1.094,8.0,N,c1nc(c2c(n1)n(cn2)[C@H]3[C@@H]([C@@H]([C@H](O3)CN(CCCN)CC[C@@H](C(=O)O)N)O)O)N
PRMT4,5isg,6D6,506,1,D,5553,H3,50.711,18.913,186.464,2.548,,,c1nc(c2c(n1)n(cn2)[C@H]3[C@@H]([C@@H]([C@H](O3)CN(CCCN)CC[C@@H](C(=O)O)N)O)O)N
PRMT4,5isg,6D6,506,1,D,5564,H14,52.244,18.206,185.113,0.849,,,c1nc(c2c(n1)n(cn2)[C@H]3[C@@H]([C@@H]([C@H](O3)CN(CCCN)CC[C@@H](C(=O)O)N)O)O)N
PRMT4,5ish,DXE,506,1,A,5580,C4,69.225,21.323,133.078,6.038,5.0,C,COCCOC
PRMT4,5ish,DXE,506,1,A,5582,C3,70.243,21.732,130.986,3.623,3.0,C,COCCOC
PRMT4,5ish,DXE,506,1,A,5584,O1,72.398,22.624,130.433,13.929,1.0,O,COCCOC
PRMT4,5ish,DXE,506,1,A,5585,C1,73.66,22.581,131.039,10.869,0.0,C,COCCOC
PRMT4,5ish,DXE,506,1,A,5586,H41,70.053,21.584,133.51,11.893,,,COCCOC
PRMT4,5ish,DXE,506,1,A,5587,H42,68.474,21.598,133.627,7.645,,,COCCOC
PRMT4,5ish,DXE,506,1,A,5588,H43,69.207,20.359,132.968,11.893,,,COCCOC
PRMT4,5ish,DXE,506,1,A,5589,H31,70.578,20.83,131.111,15.291,,,COCCOC
PRMT4,5ish,DXE,506,1,A,5590,H32,69.977,21.853,130.061,7.645,,,COCCOC
PRMT4,5ish,DXE,506,1,A,5592,H22,71.662,22.557,132.235,3.398,,,COCCOC
PRMT4,5ish,DXE,506,1,A,5593,H11,73.684,21.858,131.685,19.538,,,COCCOC
PRMT4,5ish,DXE,506,1,A,5594,H12,74.339,22.432,130.362,26.334,,,COCCOC
PRMT4,5ish,DXE,506,1,A,5595,H13,73.831,23.423,131.489,11.893,,,COCCOC
PRMT4,5ish,765,501,765,A,5485,N3,50.337,38.675,126.305,1.094,8.0,N,c1nc(c2c(n1)n(cn2)[C@H]3[C@@H]([C@@H]([C@H](O3)C[N+]4(CC4)CC[C@@H](C(=O)O)N)O)O)N
PRMT4,5ish,765,501,765,A,5515,H21,51.63,32.988,130.99,3.398,,,c1nc(c2c(n1)n(cn2)[C@H]3[C@@H]([C@@H]([C@H](O3)C[N+]4(CC4)CC[C@@H](C(=O)O)N)O)O)N
PRMT4,5ish,M2M,507,1,A,5596,C1,46.545,11.184,109.577,1.208,0.0,C,COCCOCCOC
PRMT4,5ish,M2M,507,1,A,5600,O2,47.689,7.115,108.8,1.071,4.0,O,COCCOCCOC
PRMT4,5ish,M2M,507,1,A,5601,C4,46.901,5.958,108.582,1.208,5.0,C,COCCOCCOC
PRMT4,5ish,M2M,507,1,A,5602,C5,47.717,4.92,107.77,1.208,6.0,C,COCCOCCOC
PRMT4,5ish,M2M,507,1,A,5604,C6,49.602,3.647,108.534,7.246,8.0,C,COCCOCCOC
PRMT4,5ish,M2M,507,1,A,5606,H12,46.687,12.121,109.371,1.699,,,COCCOCCOC
PRMT4,5ish,M2M,507,1,A,5608,H21,45.466,8.463,108.258,9.344,,,COCCOCCOC
PRMT4,5ish,M2M,507,1,A,5609,H22,46.742,9.316,107.872,8.495,,,COCCOCCOC
PRMT4,5ish,M2M,507,1,A,5612,H41,46.103,6.199,108.087,11.043,,,COCCOCCOC
PRMT4,5ish,M2M,507,1,A,5614,H51,47.683,5.149,106.828,22.087,,,COCCOCCOC
PRMT4,5ish,M2M,507,1,A,5615,H52,47.336,4.038,107.901,14.441,,,COCCOCCOC
PRMT4,5ish,M2M,507,1,A,5616,H61,49.625,3.089,107.741,21.237,,,COCCOCCOC
PRMT4,5ish,M2M,507,1,A,5617,H62,49.047,3.227,109.209,8.495,,,COCCOCCOC
PRMT4,5ish,M2M,507,1,A,5618,H63,50.503,3.757,108.878,0.849,,,COCCOCCOC
PRMT4,5ish,765,501,765,B,5506,N3,23.321,26.756,117.457,1.094,8.0,N,c1nc(c2c(n1)n(cn2)[C@H]3[C@@H]([C@@H]([C@H](O3)C[N+]4(CC4)CC[C@@H](C(=O)O)N)O)O)N
PRMT4,5ish,765,501,765,B,5514,C15,24.544,19.456,120.516,1.208,16.0,C,c1nc(c2c(n1)n(cn2)[C@H]3[C@@H]([C@@H]([C@H](O3)C[N+]4(CC4)CC[C@@H](C(=O)O)N)O)O)N
PRMT4,5ish,765,501,765,B,5536,H21,24.62,20.251,121.074,2.548,,,c1nc(c2c(n1)n(cn2)[C@H]3[C@@H]([C@@H]([C@H](O3)C[N+]4(CC4)CC[C@@H](C(=O)O)N)O)O)N
PRMT4,5ish,765,501,765,B,5537,H22,24.253,18.591,120.918,0.849,,,c1nc(c2c(n1)n(cn2)[C@H]3[C@@H]([C@@H]([C@H](O3)C[N+]4(CC4)CC[C@@H](C(=O)O)N)O)O)N
PRMT4,5ish,765,501,765,C,5468,N3,26.716,39.883,184.25,1.094,8.0,N,c1nc(c2c(n1)n(cn2)[C@H]3[C@@H]([C@@H]([C@H](O3)C[N+]4(CC4)CC[C@@H](C(=O)O)N)O)O)N
PRMT4,5ish,765,501,765,C,5498,H21,25.198,34.257,179.39,3.398,,,c1nc(c2c(n1)n(cn2)[C@H]3[C@@H]([C@@H]([C@H](O3)C[N+]4(CC4)CC[C@@H](C(=O)O)N)O)O)N
PRMT4,5ish,DXE,506,1,C,5542,C4,2.535,24.614,178.921,13.284,5.0,C,COCCOC
PRMT4,5ish,DXE,506,1,C,5543,O2,3.689,24.741,179.708,15.0,4.0,O,COCCOC
PRMT4,5ish,DXE,506,1,C,5545,C2,5.939,24.044,179.274,3.623,2.0,C,COCCOC
PRMT4,5ish,DXE,506,1,C,5547,C1,6.971,23.508,177.231,8.453,0.0,C,COCCOC
PRMT4,5ish,DXE,506,1,C,5548,H41,2.704,23.989,178.198,19.538,,,COCCOC
PRMT4,5ish,DXE,506,1,C,5549,H42,1.805,24.285,179.468,26.334,,,COCCOC
PRMT4,5ish,DXE,506,1,C,5550,H43,2.298,25.479,178.552,14.441,,,COCCOC
PRMT4,5ish,DXE,506,1,C,5551,H31,4.65,25.083,178.045,2.548,,,COCCOC
PRMT4,5ish,DXE,506,1,C,5553,H21,5.587,23.152,179.13,11.893,,,COCCOC
PRMT4,5ish,DXE,506,1,C,5554,H22,6.237,24.13,180.193,6.796,,,COCCOC
PRMT4,5ish,DXE,506,1,C,5555,H11,6.13,23.671,176.776,13.592,,,COCCOC
PRMT4,5ish,DXE,506,1,C,5556,H12,7.707,23.764,176.653,6.796,,,COCCOC
PRMT4,5ish,DXE,506,1,C,5557,H13,7.044,22.566,177.449,12.742,,,COCCOC
PRMT4,5ish,DXE,507,1,C,5558,C4,27.284,5.774,203.722,15.699,5.0,C,COCCOC
PRMT4,5ish,DXE,507,1,C,5559,O2,26.842,6.52,202.62,1.071,4.0,O,COCCOC
PRMT4,5ish,DXE,507,1,C,5561,C2,27.972,8.597,202.21,2.415,2.0,C,COCCOC
PRMT4,5ish,DXE,507,1,C,5563,C1,28.945,10.554,201.338,1.208,0.0,C,COCCOC
PRMT4,5ish,DXE,507,1,C,5564,H41,27.773,4.996,203.411,20.388,,,COCCOC
PRMT4,5ish,DXE,507,1,C,5565,H42,27.864,6.323,204.272,16.99,,,COCCOC
PRMT4,5ish,DXE,507,1,C,5566,H43,26.519,5.487,204.245,21.237,,,COCCOC
PRMT4,5ish,DXE,507,1,C,5567,H31,28.711,6.672,202.075,4.247,,,COCCOC
PRMT4,5ish,DXE,507,1,C,5569,H21,28.641,8.724,202.9,11.893,,,COCCOC
PRMT4,5ish,DXE,507,1,C,5570,H22,27.113,8.914,202.53,2.548,,,COCCOC
PRMT4,5ish,DXE,507,1,C,5571,H11,29.712,10.418,201.916,3.398,,,COCCOC
PRMT4,5ish,DXE,507,1,C,5573,H13,28.307,11.137,201.779,0.849,,,COCCOC
PRMT4,5ish,DXE,508,1,C,5574,C4,6.396,45.629,189.101,9.661,5.0,C,COCCOC
PRMT4,5ish,DXE,508,1,C,5575,O2,6.497,46.064,187.77,8.572,4.0,O,COCCOC
PRMT4,5ish,DXE,508,1,C,5578,O1,9.698,47.608,187.734,1.071,1.0,O,COCCOC
PRMT4,5ish,DXE,508,1,C,5579,C1,10.226,48.728,188.396,9.661,0.0,C,COCCOC
PRMT4,5ish,DXE,508,1,C,5580,H41,6.73,44.721,189.17,0.849,,,COCCOC
PRMT4,5ish,DXE,508,1,C,5581,H42,6.923,46.211,189.672,13.592,,,COCCOC
PRMT4,5ish,DXE,508,1,C,5582,H43,5.468,45.655,189.381,25.485,,,COCCOC
PRMT4,5ish,DXE,508,1,C,5585,H21,7.877,47.991,188.331,5.097,,,COCCOC
PRMT4,5ish,DXE,508,1,C,5587,H11,10.095,49.518,187.848,4.247,,,COCCOC
PRMT4,5ish,DXE,508,1,C,5588,H12,9.772,48.845,189.245,16.99,,,COCCOC
PRMT4,5ish,DXE,508,1,C,5589,H13,11.174,48.595,188.551,4.247,,,COCCOC
PRMT4,5ish,DXE,509,1,C,5590,C4,8.996,36.843,161.696,12.076,5.0,C,COCCOC
PRMT4,5ish,DXE,509,1,C,5591,O2,9.826,36.818,160.565,18.215,4.0,O,COCCOC
PRMT4,5ish,DXE,509,1,C,5592,C3,11.138,36.381,160.809,2.415,3.0,C,COCCOC
PRMT4,5ish,DXE,509,1,C,5593,C2,12.108,37.531,160.532,1.208,2.0,C,COCCOC
PRMT4,5ish,DXE,509,1,C,5594,O1,13.417,37.133,160.841,9.643,1.0,O,COCCOC
PRMT4,5ish,DXE,509,1,C,5595,C1,14.363,38.155,160.674,9.661,0.0,C,COCCOC
PRMT4,5ish,DXE,509,1,C,5596,H41,9.422,37.36,162.398,0.849,,,COCCOC
PRMT4,5ish,DXE,509,1,C,5597,H42,8.147,37.25,161.464,23.786,,,COCCOC
PRMT4,5ish,DXE,509,1,C,5598,H43,8.846,35.937,162.007,16.14,,,COCCOC
PRMT4,5ish,DXE,509,1,C,5599,H31,11.22,36.103,161.734,5.946,,,COCCOC
PRMT4,5ish,DXE,509,1,C,5600,H32,11.345,35.634,160.226,23.786,,,COCCOC
PRMT4,5ish,DXE,509,1,C,5601,H21,11.867,38.296,161.078,6.796,,,COCCOC
PRMT4,5ish,DXE,509,1,C,5602,H22,12.059,37.776,159.594,16.99,,,COCCOC
PRMT4,5ish,DXE,509,1,C,5603,H11,15.232,37.842,160.97,5.097,,,COCCOC
PRMT4,5ish,DXE,509,1,C,5604,H12,14.41,38.403,159.737,21.237,,,COCCOC
PRMT4,5ish,DXE,509,1,C,5605,H13,14.101,38.927,161.2,2.548,,,COCCOC
PRMT4,5isi,5N5,501,1,A,5462,N7,50.526,38.681,126.354,1.094,8.0,N,c1nc(c2c(n1)n(cn2)[C@H]3[C@@H]([C@@H]([C@H](O3)CN)O)O)N
PRMT4,5isi,5N5,501,1,A,5475,H6,51.123,34.854,130.467,0.849,,,c1nc(c2c(n1)n(cn2)[C@H]3[C@@H]([C@@H]([C@H](O3)CN)O)O)N
PRMT4,5isi,5N5,501,1,A,5478,H9,52.157,35.489,132.788,4.247,,,c1nc(c2c(n1)n(cn2)[C@H]3[C@@H]([C@@H]([C@H](O3)CN)O)O)N
PRMT4,5ish,765,501,765,D,5433,N3,53.441,25.476,193.361,1.094,8.0,N,c1nc(c2c(n1)n(cn2)[C@H]3[C@@H]([C@@H]([C@H](O3)C[N+]4(CC4)CC[C@@H](C(=O)O)N)O)O)N
PRMT4,5ish,765,501,765,D,5441,C15,51.396,18.374,190.342,1.208,16.0,C,c1nc(c2c(n1)n(cn2)[C@H]3[C@@H]([C@@H]([C@H](O3)C[N+]4(CC4)CC[C@@H](C(=O)O)N)O)O)N
PRMT4,5ish,765,501,765,D,5463,H21,51.308,19.184,189.807,4.247,,,c1nc(c2c(n1)n(cn2)[C@H]3[C@@H]([C@@H]([C@H](O3)C[N+]4(CC4)CC[C@@H](C(=O)O)N)O)O)N
PRMT4,5ish,DXE,503,1,D,5477,C4,43.859,26.082,187.258,1.208,5.0,C,COCCOC
PRMT4,5ish,DXE,503,1,D,5478,O2,44.387,25.188,186.313,10.715,4.0,O,COCCOC
PRMT4,5ish,DXE,503,1,D,5481,O1,45.565,23.25,184.677,3.214,1.0,O,COCCOC
PRMT4,5ish,DXE,503,1,D,5482,C1,46.049,23.06,183.373,4.831,0.0,C,COCCOC
PRMT4,5ish,DXE,503,1,D,5484,H42,43.103,26.551,186.873,1.699,,,COCCOC
PRMT4,5ish,DXE,503,1,D,5489,H22,46.615,24.872,184.95,4.247,,,COCCOC
PRMT4,5ish,DXE,503,1,D,5490,H11,46.962,22.734,183.411,2.548,,,COCCOC
PRMT4,5ish,DXE,503,1,D,5491,H12,45.494,22.412,182.913,8.495,,,COCCOC
PRMT4,5ish,DXE,503,1,D,5492,H13,46.027,23.903,182.894,9.344,,,COCCOC
PRMT4,5isi,DXE,503,1,A,5494,C4,46.662,28.793,127.835,7.246,5.0,C,COCCOC
PRMT4,5isi,DXE,503,1,A,5495,O2,45.691,28.767,126.827,5.357,4.0,O,COCCOC
PRMT4,5isi,DXE,503,1,A,5498,O1,43.236,28.133,126.517,10.715,1.0,O,COCCOC
PRMT4,5isi,DXE,503,1,A,5499,C1,41.896,27.749,126.384,6.038,0.0,C,COCCOC
PRMT4,5isi,DXE,503,1,A,5500,H41,47.133,27.945,127.853,11.893,,,COCCOC
PRMT4,5isi,DXE,503,1,A,5505,H21,43.489,29.608,125.262,1.699,,,COCCOC
PRMT4,5isi,DXE,503,1,A,5507,H11,41.586,27.964,125.49,5.946,,,COCCOC
PRMT4,5isi,DXE,503,1,A,5508,H12,41.358,28.224,127.036,7.645,,,COCCOC
PRMT4,5isi,DXE,503,1,A,5509,H13,41.817,26.794,126.533,26.334,,,COCCOC
PRMT4,5isi,5N5,501,1,B,5443,N5',23.717,20.842,120.097,1.094,15.0,N,c1nc(c2c(n1)n(cn2)[C@H]3[C@@H]([C@@H]([C@H](O3)CN)O)O)N
PRMT4,5isi,5N5,501,1,B,5448,N7,23.48,27.023,117.707,1.094,8.0,N,c1nc(c2c(n1)n(cn2)[C@H]3[C@@H]([C@@H]([C@H](O3)CN)O)O)N
PRMT4,5isi,5N5,501,1,B,5463,H8,24.08,20.335,120.742,3.398,,,c1nc(c2c(n1)n(cn2)[C@H]3[C@@H]([C@@H]([C@H](O3)CN)O)O)N
PRMT4,5isi,5N5,501,1,B,5464,H9,23.405,20.3,119.419,4.247,,,c1nc(c2c(n1)n(cn2)[C@H]3[C@@H]([C@@H]([C@H](O3)CN)O)O)N
PRMT4,5isi,5N5,501,1,C,5477,H8,24.226,35.902,179.635,1.699,,,c1nc(c2c(n1)n(cn2)[C@H]3[C@@H]([C@@H]([C@H](O3)CN)O)O)N
PRMT4,5isi,5N5,501,1,C,5478,H9,24.791,35.329,178.387,0.849,,,c1nc(c2c(n1)n(cn2)[C@H]3[C@@H]([C@@H]([C@H](O3)CN)O)O)N
PRMT4,5isi,DXE,503,1,C,5494,C4,33.6,29.828,184.799,6.038,5.0,C,COCCOC
PRMT4,5isi,DXE,503,1,C,5497,C2,30.42,29.632,184.154,1.208,2.0,C,COCCOC
PRMT4,5isi,DXE,503,1,C,5499,C1,29.113,28.12,182.916,1.208,0.0,C,COCCOC
PRMT4,5isi,DXE,503,1,C,5500,H41,33.347,28.892,184.763,16.99,,,COCCOC
PRMT4,5isi,DXE,503,1,C,5501,H42,34.044,30.075,183.972,0.849,,,COCCOC
PRMT4,5isi,DXE,503,1,C,5502,H43,34.203,29.972,185.545,1.699,,,COCCOC
PRMT4,5isi,DXE,503,1,C,5505,H21,29.814,30.02,184.804,1.699,,,COCCOC
PRMT4,5isi,DXE,503,1,C,5506,H22,30.778,28.8,184.502,8.495,,,COCCOC
PRMT4,5isi,DXE,503,1,C,5508,H12,28.595,28.044,182.099,11.893,,,COCCOC
PRMT4,5isi,DXE,503,1,C,5509,H13,29.792,27.429,182.934,10.194,,,COCCOC
PRMT4,5k8v,6RE,501,1,A,5458,N7,50.706,38.495,125.795,1.094,8.0,N,c1nc(c2c(n1)n(cn2)[C@H]3[C@@H]([C@@H]([C@H](O3)CCNC(=[NH2+])N)O)O)N
PRMT4,5k8v,6RE,501,1,A,5471,C8',52.635,31.86,129.34,1.208,17.0,C,c1nc(c2c(n1)n(cn2)[C@H]3[C@@H]([C@@H]([C@H](O3)CCNC(=[NH2+])N)O)O)N
PRMT4,5k8v,6RE,501,1,A,5472,N9',52.641,30.796,128.558,4.374,19.0,N,c1nc(c2c(n1)n(cn2)[C@H]3[C@@H]([C@@H]([C@H](O3)CCNC(=[NH2+])N)O)O)N
PRMT4,5k8v,6RE,501,1,A,5483,H4',51.257,36.054,131.399,3.398,,,c1nc(c2c(n1)n(cn2)[C@H]3[C@@H]([C@@H]([C@H](O3)CCNC(=[NH2+])N)O)O)N
PRMT4,5k8v,6RE,501,1,A,5486,H6'A,52.265,33.87,130.947,4.247,,,c1nc(c2c(n1)n(cn2)[C@H]3[C@@H]([C@@H]([C@H](O3)CCNC(=[NH2+])N)O)O)N
PRMT4,5k8v,6RE,501,1,A,5489,HN9',51.805,30.423,128.12,0.849,,,c1nc(c2c(n1)n(cn2)[C@H]3[C@@H]([C@@H]([C@H](O3)CCNC(=[NH2+])N)O)O)N
PRMT4,5isi,5N5,501,1,D,5457,N5',53.118,19.937,191.106,2.187,15.0,N,c1nc(c2c(n1)n(cn2)[C@H]3[C@@H]([C@@H]([C@H](O3)CN)O)O)N
PRMT4,5isi,5N5,501,1,D,5462,N7,53.219,25.667,193.207,2.187,8.0,N,c1nc(c2c(n1)n(cn2)[C@H]3[C@@H]([C@@H]([C@H](O3)CN)O)O)N
PRMT4,5isi,5N5,501,1,D,5474,H5,51.796,19.623,193.212,3.398,,,c1nc(c2c(n1)n(cn2)[C@H]3[C@@H]([C@@H]([C@H](O3)CN)O)O)N
PRMT4,5isi,5N5,501,1,D,5478,H9,52.92,19.467,190.339,5.097,,,c1nc(c2c(n1)n(cn2)[C@H]3[C@@H]([C@@H]([C@H](O3)CN)O)O)N
PRMT4,5k8v,DXE,502,1,A,5493,C4,46.8,28.512,126.664,6.038,5.0,C,COCCOC
PRMT4,5k8v,DXE,502,1,A,5494,O2,45.563,29.149,126.819,1.071,4.0,O,COCCOC
PRMT4,5k8v,DXE,502,1,A,5497,O1,42.816,29.205,125.141,5.357,1.0,O,COCCOC
PRMT4,5k8v,DXE,502,1,A,5498,C1,42.522,28.037,125.854,15.699,0.0,C,COCCOC
PRMT4,5k8v,DXE,502,1,A,5499,H41,46.7,27.755,126.065,9.344,,,COCCOC
PRMT4,5k8v,DXE,502,1,A,5501,H43,47.114,28.202,127.527,13.592,,,COCCOC
PRMT4,5k8v,DXE,502,1,A,5503,H32,45.182,29.148,124.907,3.398,,,COCCOC
PRMT4,5k8v,DXE,502,1,A,5504,H21,43.459,31.015,125.479,0.849,,,COCCOC
PRMT4,5k8v,DXE,502,1,A,5506,H11,41.909,27.489,125.338,26.334,,,COCCOC
PRMT4,5k8v,DXE,502,1,A,5507,H12,43.34,27.542,126.016,11.043,,,COCCOC
PRMT4,5k8v,DXE,502,1,A,5508,H13,42.112,28.27,126.701,6.796,,,COCCOC
PRMT4,5k8v,PG6,502,1,B,5503,C1,24.598,30.683,105.322,4.831,0.0,C,COCCOCCOCCOCCOCCOC
PRMT4,5k8v,PG6,502,1,B,5504,O1,24.692,32.069,105.161,12.858,1.0,O,COCCOCCOCCOCCOCCOC
PRMT4,5k8v,PG6,502,1,B,5506,C3,23.738,34.238,105.089,3.623,3.0,C,COCCOCCOCCOCCOCCOC
PRMT4,5k8v,PG6,502,1,B,5508,C4,24.298,36.176,106.293,3.623,5.0,C,COCCOCCOCCOCCOCCOC
PRMT4,5k8v,PG6,502,1,B,5509,C5,23.758,36.982,107.476,4.831,6.0,C,COCCOCCOCCOCCOCCOC
PRMT4,5k8v,PG6,502,1,B,5510,O3,22.358,36.947,107.445,1.071,7.0,O,COCCOCCOCCOCCOCCOC
PRMT4,5k8v,PG6,502,1,B,5513,O4,19.572,37.233,107.46,10.715,10.0,O,COCCOCCOCCOCCOCCOC
PRMT4,5k8v,PG6,502,1,B,5515,C9,17.729,36.063,106.532,2.415,12.0,C,COCCOCCOCCOCCOCCOC
PRMT4,5k8v,PG6,502,1,B,5516,O5,16.605,35.305,106.876,2.143,13.0,O,COCCOCCOCCOCCOCCOC
PRMT4,5k8v,PG6,502,1,B,5517,C10,15.776,35.008,105.787,1.208,14.0,C,COCCOCCOCCOCCOCCOC
PRMT4,5k8v,PG6,502,1,B,5518,C11,14.783,33.927,106.212,1.208,15.0,C,COCCOCCOCCOCCOCCOC
PRMT4,5k8v,PG6,502,1,B,5519,O6,13.541,34.217,105.634,10.715,16.0,O,COCCOCCOCCOCCOCCOC
PRMT4,5k8v,PG6,502,1,B,5520,C12,12.499,33.396,106.079,8.453,17.0,C,COCCOCCOCCOCCOCCOC
PRMT4,5k8v,PG6,502,1,B,5521,H11,25.468,30.281,105.174,17.839,,,COCCOCCOCCOCCOCCOC
PRMT4,5k8v,PG6,502,1,B,5522,H12,23.963,30.325,104.682,11.893,,,COCCOCCOCCOCCOCCOC
PRMT4,5k8v,PG6,502,1,B,5524,H21,22.828,32.423,104.696,8.495,,,COCCOCCOCCOCCOCCOC
PRMT4,5k8v,PG6,502,1,B,5526,H31,23.04,34.601,104.521,16.14,,,COCCOCCOCCOCCOCCOC
PRMT4,5k8v,PG6,502,1,B,5527,H32,24.601,34.356,104.662,12.742,,,COCCOCCOCCOCCOCCOC
PRMT4,5k8v,PG6,502,1,B,5528,H41,25.263,36.106,106.36,18.689,,,COCCOCCOCCOCCOCCOC
PRMT4,5k8v,PG6,502,1,B,5529,H42,24.06,36.618,105.463,14.441,,,COCCOCCOCCOCCOCCOC
PRMT4,5k8v,PG6,502,1,B,5530,H51,24.075,36.593,108.306,4.247,,,COCCOCCOCCOCCOCCOC
PRMT4,5k8v,PG6,502,1,B,5531,H52,24.062,37.9,107.41,14.441,,,COCCOCCOCCOCCOCCOC
PRMT4,5k8v,PG6,502,1,B,5532,H61,22.274,38.374,108.776,2.548,,,COCCOCCOCCOCCOCCOC
PRMT4,5k8v,PG6,502,1,B,5533,H62,21.635,38.761,107.378,17.839,,,COCCOCCOCCOCCOCCOC
PRMT4,5k8v,PG6,502,1,B,5535,H72,19.935,38.376,109.0,3.398,,,COCCOCCOCCOCCOCCOC
PRMT4,5k8v,PG6,502,1,B,5536,H81,17.77,37.26,108.219,19.538,,,COCCOCCOCCOCCOCCOC
PRMT4,5k8v,PG6,502,1,B,5538,H91,17.463,36.799,105.959,16.14,,,COCCOCCOCCOCCOCCOC
PRMT4,5k8v,PG6,502,1,B,5539,H92,18.369,35.503,106.066,5.946,,,COCCOCCOCCOCCOCCOC
PRMT4,5k8v,PG6,502,1,B,5540,H101,15.294,35.805,105.517,16.14,,,COCCOCCOCCOCCOCCOC
PRMT4,5k8v,PG6,502,1,B,5541,H102,16.313,34.685,105.047,5.946,,,COCCOCCOCCOCCOCCOC
PRMT4,5k8v,PG6,502,1,B,5543,H112,14.7,33.92,107.178,0.849,,,COCCOCCOCCOCCOCCOC
PRMT4,5k8v,PG6,502,1,B,5544,H121,11.708,33.56,105.542,24.635,,,COCCOCCOCCOCCOCCOC
PRMT4,5k8v,PG6,502,1,B,5546,H123,12.307,33.593,107.009,8.495,,,COCCOCCOCCOCCOCCOC
PRMT4,5k8v,6RE,501,1,B,5468,N7,23.588,26.895,117.367,2.187,8.0,N,c1nc(c2c(n1)n(cn2)[C@H]3[C@@H]([C@@H]([C@H](O3)CCNC(=[NH2+])N)O)O)N
PRMT4,5k8v,6RE,501,1,B,5481,C8',24.125,21.021,122.457,2.415,17.0,C,c1nc(c2c(n1)n(cn2)[C@H]3[C@@H]([C@@H]([C@H](O3)CCNC(=[NH2+])N)O)O)N
PRMT4,5k8v,6RE,501,1,B,5483,N10,24.204,21.433,123.708,4.374,18.0,N,c1nc(c2c(n1)n(cn2)[C@H]3[C@@H]([C@@H]([C@H](O3)CCNC(=[NH2+])N)O)O)N
PRMT4,5k8v,6RE,501,1,B,5493,H4',24.691,20.891,117.629,3.398,,,c1nc(c2c(n1)n(cn2)[C@H]3[C@@H]([C@@H]([C@H](O3)CCNC(=[NH2+])N)O)O)N
PRMT4,5k8v,6RE,501,1,B,5496,H6'A,24.201,20.429,119.934,2.548,,,c1nc(c2c(n1)n(cn2)[C@H]3[C@@H]([C@@H]([C@H](O3)CCNC(=[NH2+])N)O)O)N
PRMT4,5k8v,6RE,501,1,B,5499,HN9',23.059,19.817,121.165,0.849,,,c1nc(c2c(n1)n(cn2)[C@H]3[C@@H]([C@@H]([C@H](O3)CCNC(=[NH2+])N)O)O)N
PRMT4,5k8v,6RE,501,1,C,5458,N7,26.931,39.64,184.182,2.187,8.0,N,c1nc(c2c(n1)n(cn2)[C@H]3[C@@H]([C@@H]([C@H](O3)CCNC(=[NH2+])N)O)O)N
PRMT4,5k8v,6RE,501,1,C,5473,N10,24.452,31.87,181.29,4.374,18.0,N,c1nc(c2c(n1)n(cn2)[C@H]3[C@@H]([C@@H]([C@H](O3)CCNC(=[NH2+])N)O)O)N
PRMT4,5k8v,6RE,501,1,C,5483,H4',26.329,37.059,178.658,2.548,,,c1nc(c2c(n1)n(cn2)[C@H]3[C@@H]([C@@H]([C@H](O3)CCNC(=[NH2+])N)O)O)N
PRMT4,5k8v,6RE,501,1,C,5486,H6'A,24.809,35.393,179.628,0.849,,,c1nc(c2c(n1)n(cn2)[C@H]3[C@@H]([C@@H]([C@H](O3)CCNC(=[NH2+])N)O)O)N
PRMT4,5k8v,6RE,501,1,C,5487,H6',26.144,34.723,178.747,2.548,,,c1nc(c2c(n1)n(cn2)[C@H]3[C@@H]([C@@H]([C@H](O3)CCNC(=[NH2+])N)O)O)N
PRMT4,5k8v,6RE,501,1,C,5489,HN9',23.379,34.194,179.322,0.849,,,c1nc(c2c(n1)n(cn2)[C@H]3[C@@H]([C@@H]([C@H](O3)CCNC(=[NH2+])N)O)O)N
PRMT4,5k8v,6RE,501,1,D,5423,N7,53.421,25.636,192.416,2.187,8.0,N,c1nc(c2c(n1)n(cn2)[C@H]3[C@@H]([C@@H]([C@H](O3)CCNC(=[NH2+])N)O)O)N
PRMT4,5k8v,6RE,501,1,D,5437,N9',52.064,20.286,185.935,4.374,19.0,N,c1nc(c2c(n1)n(cn2)[C@H]3[C@@H]([C@@H]([C@H](O3)CCNC(=[NH2+])N)O)O)N
PRMT4,5k8v,6RE,501,1,D,5448,H4',52.096,19.713,192.088,3.398,,,c1nc(c2c(n1)n(cn2)[C@H]3[C@@H]([C@@H]([C@H](O3)CCNC(=[NH2+])N)O)O)N
PRMT4,5k8v,6RE,501,1,D,5451,H6'A,53.23,19.762,189.638,0.849,,,c1nc(c2c(n1)n(cn2)[C@H]3[C@@H]([C@@H]([C@H](O3)CCNC(=[NH2+])N)O)O)N
PRMT4,5k8v,6RE,501,1,D,5452,H6',51.617,19.204,189.951,1.699,,,c1nc(c2c(n1)n(cn2)[C@H]3[C@@H]([C@@H]([C@H](O3)CCNC(=[NH2+])N)O)O)N
PRMT4,5k8v,6RE,501,1,D,5454,HN9',52.503,19.967,185.077,1.699,,,c1nc(c2c(n1)n(cn2)[C@H]3[C@@H]([C@@H]([C@H](O3)CCNC(=[NH2+])N)O)O)N
PRMT4,5k8v,6RE,501,1,D,5457,HN9C,51.277,20.907,185.776,0.849,,,c1nc(c2c(n1)n(cn2)[C@H]3[C@@H]([C@@H]([C@H](O3)CCNC(=[NH2+])N)O)O)N
PRMT4,5k8w,DXE,502,1,A,5628,C3,45.793,28.971,127.014,3.623,3.0,C,COCCOC
PRMT4,5k8w,DXE,502,1,A,5631,C1,42.934,29.943,126.651,2.415,0.0,C,COCCOC
PRMT4,5k8w,DXE,502,1,A,5632,H41,46.723,26.896,128.286,13.592,,,COCCOC
PRMT4,5k8w,DXE,502,1,A,5633,H42,48.073,27.595,128.732,14.441,,,COCCOC
PRMT4,5k8w,DXE,502,1,A,5634,H43,47.752,27.403,127.193,2.548,,,COCCOC
PRMT4,5k8w,DXE,502,1,A,5635,H31,45.079,28.325,127.134,5.946,,,COCCOC
PRMT4,5k8w,DXE,502,1,A,5636,H32,46.224,28.824,126.158,5.097,,,COCCOC
PRMT4,5k8w,DXE,502,1,A,5640,H12,43.029,28.987,126.786,11.043,,,COCCOC
PRMT4,5k8w,DXE,503,1,A,5642,C4,64.26,35.086,150.313,9.661,5.0,C,COCCOC
PRMT4,5k8w,DXE,503,1,A,5643,O2,65.638,35.318,150.226,7.5,4.0,O,COCCOC
PRMT4,5k8w,DXE,503,1,A,5644,C3,66.422,34.159,150.131,3.623,3.0,C,COCCOC
PRMT4,5k8w,DXE,503,1,A,5645,C2,67.906,34.53,150.217,1.208,2.0,C,COCCOC
PRMT4,5k8w,DXE,503,1,A,5646,O1,68.26,35.374,149.153,4.286,1.0,O,COCCOC
PRMT4,5k8w,DXE,503,1,A,5647,C1,69.158,36.396,149.494,12.076,0.0,C,COCCOC
PRMT4,5k8w,DXE,503,1,A,5648,H41,64.081,34.471,151.041,20.388,,,COCCOC
PRMT4,5k8w,DXE,503,1,A,5649,H42,63.801,35.925,150.477,17.839,,,COCCOC
PRMT4,5k8w,DXE,503,1,A,5650,H43,63.944,34.703,149.48,1.699,,,COCCOC
PRMT4,5k8w,DXE,503,1,A,5651,H31,66.197,33.558,150.858,18.689,,,COCCOC
PRMT4,5k8w,DXE,503,1,A,5652,H32,66.248,33.72,149.284,11.043,,,COCCOC
PRMT4,5k8w,DXE,503,1,A,5653,H21,68.075,34.984,151.057,16.14,,,COCCOC
PRMT4,5k8w,DXE,503,1,A,5654,H22,68.441,33.721,150.176,22.087,,,COCCOC
PRMT4,5k8w,DXE,503,1,A,5655,H11,68.737,36.999,150.127,19.538,,,COCCOC
PRMT4,5k8w,DXE,503,1,A,5656,H12,69.406,36.887,148.696,7.645,,,COCCOC
PRMT4,5k8w,DXE,503,1,A,5657,H13,69.951,36.009,149.895,22.087,,,COCCOC
PRMT4,5k8w,GJV,501,1,A,5588,N7,50.278,38.863,126.488,1.094,8.0,N,c1nc(c2c(n1)n(cn2)[C@H]3[C@@H]([C@@H]([C@H](O3)CCCNC(=[NH2+])N)O)O)N
PRMT4,5k8w,GJV,501,1,A,5592,N11,52.196,30.461,129.24,4.374,20.0,N,c1nc(c2c(n1)n(cn2)[C@H]3[C@@H]([C@@H]([C@H](O3)CCCNC(=[NH2+])N)O)O)N
PRMT4,5k8w,GJV,501,1,A,5612,H21,52.691,29.587,129.392,3.398,,,c1nc(c2c(n1)n(cn2)[C@H]3[C@@H]([C@@H]([C@H](O3)CCCNC(=[NH2+])N)O)O)N
PRMT4,5k8w,GJV,501,1,A,5619,H15',52.389,35.968,131.607,0.849,,,c1nc(c2c(n1)n(cn2)[C@H]3[C@@H]([C@@H]([C@H](O3)CCCNC(=[NH2+])N)O)O)N
PRMT4,5k8w,GJV,501,1,A,5620,H25',51.128,35.211,132.489,3.398,,,c1nc(c2c(n1)n(cn2)[C@H]3[C@@H]([C@@H]([C@H](O3)CCCNC(=[NH2+])N)O)O)N
PRMT4,5k8w,GJV,501,1,B,5574,N7,23.476,27.032,117.913,2.187,8.0,N,c1nc(c2c(n1)n(cn2)[C@H]3[C@@H]([C@@H]([C@H](O3)CCCNC(=[NH2+])N)O)O)N
PRMT4,5k8w,GJV,501,1,B,5595,H10,25.175,21.452,125.035,1.699,,,c1nc(c2c(n1)n(cn2)[C@H]3[C@@H]([C@@H]([C@H](O3)CCCNC(=[NH2+])N)O)O)N
PRMT4,5k8w,GJV,501,1,B,5596,H20',24.623,19.859,125.222,8.495,,,c1nc(c2c(n1)n(cn2)[C@H]3[C@@H]([C@@H]([C@H](O3)CCCNC(=[NH2+])N)O)O)N
PRMT4,5k8w,GJV,501,1,B,5604,H4',24.205,20.881,118.188,0.849,,,c1nc(c2c(n1)n(cn2)[C@H]3[C@@H]([C@@H]([C@H](O3)CCCNC(=[NH2+])N)O)O)N
PRMT4,5k8w,GJV,501,1,B,5607,H16',23.328,20.506,120.741,0.849,,,c1nc(c2c(n1)n(cn2)[C@H]3[C@@H]([C@@H]([C@H](O3)CCCNC(=[NH2+])N)O)O)N
PRMT4,5k8w,DXE,502,1,C,5539,C4,34.28,29.718,185.105,6.038,5.0,C,COCCOC
PRMT4,5k8w,DXE,502,1,C,5540,O2,33.307,30.39,185.858,5.357,4.0,O,COCCOC
PRMT4,5k8w,DXE,502,1,C,5543,O1,30.882,29.544,184.747,8.572,1.0,O,COCCOC
PRMT4,5k8w,DXE,502,1,C,5544,C1,29.988,28.883,183.891,10.869,0.0,C,COCCOC
PRMT4,5k8w,DXE,502,1,C,5545,H41,34.819,30.364,184.622,0.849,,,COCCOC
PRMT4,5k8w,DXE,502,1,C,5546,H42,34.849,29.202,185.699,13.592,,,COCCOC
PRMT4,5k8w,DXE,502,1,C,5547,H43,33.846,29.122,184.475,6.796,,,COCCOC
PRMT4,5k8w,DXE,502,1,C,5549,H32,31.93,31.767,185.778,0.849,,,COCCOC
PRMT4,5k8w,DXE,502,1,C,5552,H11,29.306,29.504,183.593,0.849,,,COCCOC
PRMT4,5k8w,DXE,502,1,C,5553,H12,29.57,28.147,184.365,3.398,,,COCCOC
PRMT4,5k8w,DXE,502,1,C,5554,H13,30.471,28.539,183.122,9.344,,,COCCOC
PRMT4,5k8w,DXE,503,1,C,5555,C4,2.385,24.775,179.657,10.869,5.0,C,COCCOC
PRMT4,5k8w,DXE,503,1,C,5556,O2,3.726,25.141,179.839,5.357,4.0,O,COCCOC
PRMT4,5k8w,DXE,503,1,C,5557,C3,4.649,24.183,179.395,1.208,3.0,C,COCCOC
PRMT4,5k8w,DXE,503,1,C,5559,O1,6.95,23.851,178.846,6.429,1.0,O,COCCOC
PRMT4,5k8w,DXE,503,1,C,5560,C1,7.045,23.759,177.449,9.661,0.0,C,COCCOC
PRMT4,5k8w,DXE,503,1,C,5561,H41,1.81,25.434,180.077,22.087,,,COCCOC
PRMT4,5k8w,DXE,503,1,C,5562,H42,2.187,24.732,178.708,20.388,,,COCCOC
PRMT4,5k8w,DXE,503,1,C,5563,H43,2.229,23.906,180.06,20.388,,,COCCOC
PRMT4,5k8w,DXE,503,1,C,5564,H31,4.67,23.442,180.019,18.689,,,COCCOC
PRMT4,5k8w,DXE,503,1,C,5565,H32,4.383,23.861,178.519,7.645,,,COCCOC
PRMT4,5k8w,DXE,503,1,C,5566,H21,6.312,25.122,180.182,4.247,,,COCCOC
PRMT4,5k8w,DXE,503,1,C,5568,H11,7.743,23.129,177.214,4.247,,,COCCOC
PRMT4,5k8w,DXE,503,1,C,5569,H12,6.199,23.455,177.087,16.14,,,COCCOC
PRMT4,5k8w,DXE,503,1,C,5570,H13,7.259,24.631,177.082,3.398,,,COCCOC
PRMT4,5k8w,DXE,507,1,C,5601,C4,2.253,42.873,179.874,9.661,5.0,C,COCCOC
PRMT4,5k8w,DXE,507,1,C,5602,O2,1.684,42.228,178.765,2.143,4.0,O,COCCOC
PRMT4,5k8w,DXE,507,1,C,5604,C2,-0.086,40.628,178.58,1.208,2.0,C,COCCOC
PRMT4,5k8w,DXE,507,1,C,5605,O1,-0.456,39.319,178.932,3.214,1.0,O,COCCOC
PRMT4,5k8w,DXE,507,1,C,5606,C1,-1.766,38.957,178.58,14.492,0.0,C,COCCOC
PRMT4,5k8w,DXE,507,1,C,5607,H41,2.533,43.766,179.62,19.538,,,COCCOC
PRMT4,5k8w,DXE,507,1,C,5608,H42,1.598,42.929,180.587,20.388,,,COCCOC
PRMT4,5k8w,DXE,507,1,C,5609,H43,3.023,42.368,180.181,4.247,,,COCCOC
PRMT4,5k8w,DXE,507,1,C,5611,H32,1.497,40.656,179.91,7.645,,,COCCOC
PRMT4,5k8w,DXE,507,1,C,5612,H21,-0.185,40.745,177.622,2.548,,,COCCOC
PRMT4,5k8w,DXE,507,1,C,5613,H22,-0.657,41.261,179.043,15.291,,,COCCOC
PRMT4,5k8w,DXE,507,1,C,5614,H11,-1.912,38.022,178.794,22.936,,,COCCOC
PRMT4,5k8w,DXE,507,1,C,5615,H12,-1.895,39.095,177.628,14.441,,,COCCOC
PRMT4,5k8w,DXE,507,1,C,5616,H13,-2.397,39.504,179.074,21.237,,,COCCOC
PRMT4,5k8w,GJV,501,1,C,5501,N7,26.981,39.914,185.031,2.187,8.0,N,c1nc(c2c(n1)n(cn2)[C@H]3[C@@H]([C@@H]([C@H](O3)CCCNC(=[NH2+])N)O)O)N
PRMT4,5k8w,GJV,501,1,C,5504,N10,24.768,31.693,182.522,4.374,19.0,N,c1nc(c2c(n1)n(cn2)[C@H]3[C@@H]([C@@H]([C@H](O3)CCCNC(=[NH2+])N)O)O)N
PRMT4,5k8w,GJV,501,1,C,5505,N11,23.225,32.831,181.277,1.094,20.0,N,c1nc(c2c(n1)n(cn2)[C@H]3[C@@H]([C@@H]([C@H](O3)CCCNC(=[NH2+])N)O)O)N
PRMT4,5k8w,GJV,501,1,C,5523,H20',24.167,30.883,182.638,1.699,,,c1nc(c2c(n1)n(cn2)[C@H]3[C@@H]([C@@H]([C@H](O3)CCCNC(=[NH2+])N)O)O)N
PRMT4,5k8w,GJV,501,1,C,5532,H15',24.874,37.199,179.706,0.849,,,c1nc(c2c(n1)n(cn2)[C@H]3[C@@H]([C@@H]([C@H](O3)CCCNC(=[NH2+])N)O)O)N
PRMT4,5k8w,GJV,501,1,C,5533,H25',26.096,36.5,178.728,0.849,,,c1nc(c2c(n1)n(cn2)[C@H]3[C@@H]([C@@H]([C@H](O3)CCCNC(=[NH2+])N)O)O)N
PRMT4,5k8w,DXE,502,1,D,5525,C4,64.267,7.514,176.72,7.246,5.0,C,COCCOC
PRMT4,5k8w,DXE,502,1,D,5527,C3,64.705,9.764,176.198,1.208,3.0,C,COCCOC
PRMT4,5k8w,DXE,502,1,D,5528,C2,65.869,10.756,176.144,2.415,2.0,C,COCCOC
PRMT4,5k8w,DXE,502,1,D,5530,C1,67.937,9.648,176.442,8.453,0.0,C,COCCOC
PRMT4,5k8w,DXE,502,1,D,5531,H41,64.641,6.749,177.184,22.936,,,COCCOC
PRMT4,5k8w,DXE,502,1,D,5532,H42,63.373,7.689,177.052,5.946,,,COCCOC
PRMT4,5k8w,DXE,502,1,D,5533,H43,64.228,7.327,175.769,9.344,,,COCCOC
PRMT4,5k8w,DXE,502,1,D,5534,H31,64.471,9.493,175.296,12.742,,,COCCOC
PRMT4,5k8w,DXE,502,1,D,5536,H21,66.225,10.786,175.242,16.99,,,COCCOC
PRMT4,5k8w,DXE,502,1,D,5537,H22,65.552,11.638,176.395,1.699,,,COCCOC
PRMT4,5k8w,DXE,502,1,D,5538,H11,68.619,9.475,177.11,10.194,,,COCCOC
PRMT4,5k8w,DXE,502,1,D,5539,H12,68.317,10.175,175.721,21.237,,,COCCOC
PRMT4,5k8w,DXE,502,1,D,5540,H13,67.609,8.807,176.089,15.291,,,COCCOC
PRMT4,5k8w,GJV,501,1,D,5487,N7,53.317,25.974,193.852,1.094,8.0,N,c1nc(c2c(n1)n(cn2)[C@H]3[C@@H]([C@@H]([C@H](O3)CCCNC(=[NH2+])N)O)O)N
PRMT4,5k8w,GJV,501,1,D,5491,N11,51.71,20.265,187.05,1.094,20.0,N,c1nc(c2c(n1)n(cn2)[C@H]3[C@@H]([C@@H]([C@H](O3)CCCNC(=[NH2+])N)O)O)N
PRMT4,5k8w,GJV,501,1,D,5510,H11,51.559,19.638,186.266,8.495,,,c1nc(c2c(n1)n(cn2)[C@H]3[C@@H]([C@@H]([C@H](O3)CCCNC(=[NH2+])N)O)O)N
PRMT4,5k8w,GJV,501,1,D,5517,H4',52.118,19.952,193.511,4.247,,,c1nc(c2c(n1)n(cn2)[C@H]3[C@@H]([C@@H]([C@H](O3)CCCNC(=[NH2+])N)O)O)N
PRMT4,5k8w,GJV,501,1,D,5522,H17',53.368,19.584,190.577,1.699,,,c1nc(c2c(n1)n(cn2)[C@H]3[C@@H]([C@@H]([C@H](O3)CCCNC(=[NH2+])N)O)O)N
PRMT4,5k8x,6ZH,501,1,A,5511,N7,50.344,38.781,125.146,1.094,8.0,N,c1nc(c2c(n1)n(cn2)[C@H]3[C@@H]([C@@H]([C@H](O3)/C=C/CNC(=[NH2+])N)O)O)N
PRMT4,5k8x,6ZH,501,1,A,5524,H1,52.621,34.401,130.203,2.548,,,c1nc(c2c(n1)n(cn2)[C@H]3[C@@H]([C@@H]([C@H](O3)/C=C/CNC(=[NH2+])N)O)O)N
PRMT4,5k8x,6ZH,501,1,A,5526,H3,51.476,36.427,130.75,3.398,,,c1nc(c2c(n1)n(cn2)[C@H]3[C@@H]([C@@H]([C@H](O3)/C=C/CNC(=[NH2+])N)O)O)N
PRMT4,5k8x,6ZH,501,1,A,5540,H18,51.394,29.817,130.367,5.946,,,c1nc(c2c(n1)n(cn2)[C@H]3[C@@H]([C@@H]([C@H](O3)/C=C/CNC(=[NH2+])N)O)O)N
PRMT4,5k8x,PE8,509,1,A,5648,O1,45.46,17.261,99.712,31.072,24.0,O,C(COCCOCCOCCOCCOCCOCCOCCO)O
PRMT4,5k8x,PE8,509,1,A,5649,C2,46.152,16.304,98.949,4.831,0.0,C,C(COCCOCCOCCOCCOCCOCCOCCO)O
PRMT4,5k8x,PE8,509,1,A,5650,C3,47.648,16.548,99.134,2.415,1.0,C,C(COCCOCCOCCOCCOCCOCCOCCO)O
PRMT4,5k8x,PE8,509,1,A,5651,O4,48.382,15.607,98.396,16.072,2.0,O,C(COCCOCCOCCOCCOCCOCCOCCO)O
PRMT4,5k8x,PE8,509,1,A,5652,C5,49.183,14.756,99.173,6.038,3.0,C,C(COCCOCCOCCOCCOCCOCCOCCO)O
PRMT4,5k8x,PE8,509,1,A,5653,C6,50.257,15.585,99.878,2.415,4.0,C,C(COCCOCCOCCOCCOCCOCCOCCO)O
PRMT4,5k8x,PE8,509,1,A,5654,O7,51.368,14.765,100.098,3.214,5.0,O,C(COCCOCCOCCOCCOCCOCCOCCO)O
PRMT4,5k8x,PE8,509,1,A,5655,C8,52.269,15.257,101.052,3.623,6.0,C,C(COCCOCCOCCOCCOCCOCCOCCO)O
PRMT4,5k8x,PE8,509,1,A,5656,C9,53.311,14.172,101.324,2.415,7.0,C,C(COCCOCCOCCOCCOCCOCCOCCO)O
PRMT4,5k8x,PE8,509,1,A,5657,O10,54.279,14.226,100.309,5.357,8.0,O,C(COCCOCCOCCOCCOCCOCCOCCO)O
PRMT4,5k8x,PE8,509,1,A,5658,C11,54.144,13.295,99.27,2.415,9.0,C,C(COCCOCCOCCOCCOCCOCCOCCO)O
PRMT4,5k8x,PE8,509,1,A,5660,O13,55.684,12.139,97.792,10.715,11.0,O,C(COCCOCCOCCOCCOCCOCCOCCO)O
PRMT4,5k8x,PE8,509,1,A,5661,C14,56.521,11.123,98.282,2.415,12.0,C,C(COCCOCCOCCOCCOCCOCCOCCO)O
PRMT4,5k8x,PE8,509,1,A,5662,C15,57.653,10.914,97.279,4.831,13.0,C,C(COCCOCCOCCOCCOCCOCCOCCO)O
PRMT4,5k8x,PE8,509,1,A,5663,O16,58.777,11.645,97.7,4.286,14.0,O,C(COCCOCCOCCOCCOCCOCCOCCO)O
PRMT4,5k8x,PE8,509,1,A,5664,C17,59.918,10.906,98.022,2.415,15.0,C,C(COCCOCCOCCOCCOCCOCCOCCO)O
PRMT4,5k8x,PE8,509,1,A,5665,C18,61.141,11.821,97.939,3.623,16.0,C,C(COCCOCCOCCOCCOCCOCCOCCO)O
PRMT4,5k8x,PE8,509,1,A,5666,O19,60.966,12.922,98.801,3.214,17.0,O,C(COCCOCCOCCOCCOCCOCCOCCO)O
PRMT4,5k8x,PE8,509,1,A,5668,C21,62.049,14.529,100.141,4.831,19.0,C,C(COCCOCCOCCOCCOCCOCCOCCO)O
PRMT4,5k8x,PE8,509,1,A,5669,O22,61.124,14.918,101.12,4.286,20.0,O,C(COCCOCCOCCOCCOCCOCCOCCO)O
PRMT4,5k8x,PE8,509,1,A,5670,C23,60.387,16.083,100.84,2.415,21.0,C,C(COCCOCCOCCOCCOCCOCCOCCO)O
PRMT4,5k8x,PE8,509,1,A,5671,C24,61.105,17.302,101.429,1.208,22.0,C,C(COCCOCCOCCOCCOCCOCCOCCO)O
PRMT4,5k8x,PE8,509,1,A,5672,O25,61.68,18.044,100.376,25.715,23.0,O,C(COCCOCCOCCOCCOCCOCCOCCO)O
PRMT4,5k8x,PE8,509,1,A,5673,HO1,44.728,16.928,99.989,26.334,,,C(COCCOCCOCCOCCOCCOCCOCCO)O
PRMT4,5k8x,PE8,509,1,A,5674,H21,45.918,16.399,98.012,22.087,,,C(COCCOCCOCCOCCOCCOCCOCCO)O
PRMT4,5k8x,PE8,509,1,A,5675,H22,45.925,15.413,99.255,16.14,,,C(COCCOCCOCCOCCOCCOCCOCCO)O
PRMT4,5k8x,PE8,509,1,A,5676,H31,47.873,16.467,100.074,9.344,,,C(COCCOCCOCCOCCOCCOCCOCCO)O
PRMT4,5k8x,PE8,509,1,A,5677,H32,47.869,17.441,98.826,18.689,,,C(COCCOCCOCCOCCOCCOCCOCCO)O
PRMT4,5k8x,PE8,509,1,A,5678,H51,49.605,14.096,98.602,18.689,,,C(COCCOCCOCCOCCOCCOCCOCCO)O
PRMT4,5k8x,PE8,509,1,A,5679,H52,48.633,14.308,99.835,14.441,,,C(COCCOCCOCCOCCOCCOCCOCCO)O
PRMT4,5k8x,PE8,509,1,A,5680,H61,49.916,15.91,100.726,10.194,,,C(COCCOCCOCCOCCOCCOCCOCCO)O
PRMT4,5k8x,PE8,509,1,A,5681,H62,50.51,16.336,99.318,14.441,,,C(COCCOCCOCCOCCOCCOCCOCCO)O
PRMT4,5k8x,PE8,509,1,A,5682,H81,51.796,15.47,101.872,16.14,,,C(COCCOCCOCCOCCOCCOCCOCCO)O
PRMT4,5k8x,PE8,509,1,A,5683,H82,52.706,16.053,100.71,16.99,,,C(COCCOCCOCCOCCOCCOCCOCCO)O
PRMT4,5k8x,PE8,509,1,A,5684,H91,52.884,13.301,101.323,11.893,,,C(COCCOCCOCCOCCOCCOCCOCCO)O
PRMT4,5k8x,PE8,509,1,A,5685,H92,53.731,14.329,102.184,3.398,,,C(COCCOCCOCCOCCOCCOCCOCCO)O
PRMT4,5k8x,PE8,509,1,A,5686,H111,53.473,13.591,98.635,11.043,,,C(COCCOCCOCCOCCOCCOCCOCCO)O
PRMT4,5k8x,PE8,509,1,A,5687,H112,53.915,12.422,99.625,11.893,,,C(COCCOCCOCCOCCOCCOCCOCCO)O
PRMT4,5k8x,PE8,509,1,A,5689,H122,55.631,14.061,98.082,20.388,,,C(COCCOCCOCCOCCOCCOCCOCCO)O
PRMT4,5k8x,PE8,509,1,A,5690,H141,56.015,10.301,98.381,20.388,,,C(COCCOCCOCCOCCOCCOCCOCCO)O
PRMT4,5k8x,PE8,509,1,A,5692,H151,57.374,11.224,96.404,18.689,,,C(COCCOCCOCCOCCOCCOCCOCCO)O
PRMT4,5k8x,PE8,509,1,A,5693,H152,57.877,9.971,97.234,13.592,,,C(COCCOCCOCCOCCOCCOCCOCCO)O
PRMT4,5k8x,PE8,509,1,A,5694,H171,60.017,10.172,97.395,17.839,,,C(COCCOCCOCCOCCOCCOCCOCCO)O
PRMT4,5k8x,PE8,509,1,A,5695,H172,59.835,10.555,98.922,2.548,,,C(COCCOCCOCCOCCOCCOCCOCCO)O
PRMT4,5k8x,PE8,509,1,A,5696,H181,61.247,12.138,97.028,21.237,,,C(COCCOCCOCCOCCOCCOCCOCCO)O
PRMT4,5k8x,PE8,509,1,A,5697,H182,61.933,11.327,98.203,13.592,,,C(COCCOCCOCCOCCOCCOCCOCCO)O
PRMT4,5k8x,PE8,509,1,A,5698,H201,62.712,12.645,99.623,5.097,,,C(COCCOCCOCCOCCOCCOCCOCCO)O
PRMT4,5k8x,PE8,509,1,A,5700,H211,61.897,15.036,99.328,10.194,,,C(COCCOCCOCCOCCOCCOCCOCCO)O
PRMT4,5k8x,PE8,509,1,A,5701,H212,62.951,14.689,100.462,16.99,,,C(COCCOCCOCCOCCOCCOCCOCCO)O
PRMT4,5k8x,PE8,509,1,A,5702,H231,59.503,16.008,101.233,3.398,,,C(COCCOCCOCCOCCOCCOCCOCCO)O
PRMT4,5k8x,PE8,509,1,A,5703,H232,60.305,16.19,99.88,10.194,,,C(COCCOCCOCCOCCOCCOCCOCCO)O
PRMT4,5k8x,PE8,509,1,A,5704,H241,61.801,17.008,102.037,11.043,,,C(COCCOCCOCCOCCOCCOCCOCCO)O
PRMT4,5k8x,PE8,509,1,A,5705,H242,60.468,17.856,101.907,11.893,,,C(COCCOCCOCCOCCOCCOCCOCCO)O
PRMT4,5k8x,PE8,509,1,A,5706,H25,62.117,18.699,100.696,27.184,,,C(COCCOCCOCCOCCOCCOCCOCCO)O
PRMT4,5k8x,6ZH,501,1,B,5482,N7,23.431,27.017,116.988,2.187,8.0,N,c1nc(c2c(n1)n(cn2)[C@H]3[C@@H]([C@@H]([C@H](O3)/C=C/CNC(=[NH2+])N)O)O)N
PRMT4,5k8x,6ZH,501,1,B,5494,N11,25.153,19.62,123.023,1.094,20.0,N,c1nc(c2c(n1)n(cn2)[C@H]3[C@@H]([C@@H]([C@H](O3)/C=C/CNC(=[NH2+])N)O)O)N
PRMT4,5k8x,6ZH,501,1,B,5495,H1,23.08,20.928,119.457,1.699,,,c1nc(c2c(n1)n(cn2)[C@H]3[C@@H]([C@@H]([C@H](O3)/C=C/CNC(=[NH2+])N)O)O)N
PRMT4,5k8x,6ZH,501,1,B,5497,H3,24.178,20.946,117.385,3.398,,,c1nc(c2c(n1)n(cn2)[C@H]3[C@@H]([C@@H]([C@H](O3)/C=C/CNC(=[NH2+])N)O)O)N
PRMT4,5k8x,6ZH,501,1,B,5511,H18,25.991,20.066,123.379,8.495,,,c1nc(c2c(n1)n(cn2)[C@H]3[C@@H]([C@@H]([C@H](O3)/C=C/CNC(=[NH2+])N)O)O)N
PRMT4,5k8x,DXE,505,1,B,5544,C4,5.713,11.502,134.13,15.699,5.0,C,COCCOC
PRMT4,5k8x,DXE,505,1,B,5545,O2,6.838,12.333,134.202,10.715,4.0,O,COCCOC
PRMT4,5k8x,DXE,505,1,B,5547,C2,9.225,12.573,134.27,1.208,2.0,C,COCCOC
PRMT4,5k8x,DXE,505,1,B,5549,C1,10.831,10.849,134.607,3.623,0.0,C,COCCOC
PRMT4,5k8x,DXE,505,1,B,5550,H41,4.945,11.964,134.502,23.786,,,COCCOC
PRMT4,5k8x,DXE,505,1,B,5551,H42,5.877,10.69,134.634,19.538,,,COCCOC
PRMT4,5k8x,DXE,505,1,B,5552,H43,5.536,11.277,133.203,10.194,,,COCCOC
PRMT4,5k8x,DXE,505,1,B,5554,H32,8.1,10.844,134.24,8.495,,,COCCOC
PRMT4,5k8x,DXE,505,1,B,5555,H21,9.218,12.656,135.236,14.441,,,COCCOC
PRMT4,5k8x,DXE,505,1,B,5556,H22,9.157,13.454,133.869,3.398,,,COCCOC
PRMT4,5k8x,DXE,505,1,B,5557,H11,11.624,10.464,134.201,5.946,,,COCCOC
PRMT4,5k8x,DXE,505,1,B,5558,H12,10.121,10.188,134.619,12.742,,,COCCOC
PRMT4,5k8x,DXE,505,1,B,5559,H13,11.034,11.123,135.515,16.14,,,COCCOC
PRMT4,5k8x,DXE,506,1,B,5560,C4,29.747,23.04,125.581,3.623,5.0,C,COCCOC
PRMT4,5k8x,DXE,506,1,B,5561,O2,30.562,24.062,125.073,8.572,4.0,O,COCCOC
PRMT4,5k8x,DXE,506,1,B,5565,C1,33.125,26.608,123.578,7.246,0.0,C,COCCOC
PRMT4,5k8x,DXE,506,1,B,5566,H41,30.199,22.603,126.319,8.495,,,COCCOC
PRMT4,5k8x,DXE,506,1,B,5567,H42,29.568,22.392,124.882,3.398,,,COCCOC
PRMT4,5k8x,DXE,506,1,B,5571,H21,30.909,26.47,124.536,2.548,,,COCCOC
PRMT4,5k8x,DXE,506,1,B,5573,H11,32.942,27.489,123.217,1.699,,,COCCOC
PRMT4,5k8x,DXE,506,1,B,5574,H12,33.977,26.29,123.238,5.946,,,COCCOC
PRMT4,5k8x,DXE,506,1,B,5575,H13,33.161,26.655,124.546,16.14,,,COCCOC
PRMT4,5k8x,6ZH,501,1,C,5514,N7,26.926,39.78,183.551,2.187,8.0,N,c1nc(c2c(n1)n(cn2)[C@H]3[C@@H]([C@@H]([C@H](O3)/C=C/CNC(=[NH2+])N)O)O)N
PRMT4,5k8x,6ZH,501,1,C,5527,H1,24.616,35.662,178.718,1.699,,,c1nc(c2c(n1)n(cn2)[C@H]3[C@@H]([C@@H]([C@H](O3)/C=C/CNC(=[NH2+])N)O)O)N
PRMT4,5k8x,6ZH,501,1,C,5529,H3,26.009,37.415,177.967,4.247,,,c1nc(c2c(n1)n(cn2)[C@H]3[C@@H]([C@@H]([C@H](O3)/C=C/CNC(=[NH2+])N)O)O)N
PRMT4,5k8x,6ZH,501,1,C,5543,H18,25.431,30.759,179.004,8.495,,,c1nc(c2c(n1)n(cn2)[C@H]3[C@@H]([C@@H]([C@H](O3)/C=C/CNC(=[NH2+])N)O)O)N
PRMT4,5k8x,DXE,507,1,C,5617,C4,10.433,48.939,187.97,9.661,5.0,C,COCCOC
PRMT4,5k8x,DXE,507,1,C,5618,O2,9.468,48.678,186.981,1.071,4.0,O,COCCOC
PRMT4,5k8x,DXE,507,1,C,5621,O1,6.98,46.077,186.447,2.143,1.0,O,COCCOC
PRMT4,5k8x,DXE,507,1,C,5622,C1,6.298,45.954,187.674,13.284,0.0,C,COCCOC
PRMT4,5k8x,DXE,507,1,C,5623,H41,10.965,49.707,187.708,7.645,,,COCCOC
PRMT4,5k8x,DXE,507,1,C,5624,H42,11.009,48.165,188.072,5.097,,,COCCOC
PRMT4,5k8x,DXE,507,1,C,5625,H43,9.99,49.125,188.813,22.087,,,COCCOC
PRMT4,5k8x,DXE,507,1,C,5626,H31,8.374,47.54,188.117,5.946,,,COCCOC
PRMT4,5k8x,DXE,507,1,C,5629,H22,7.03,48.028,186.257,0.849,,,COCCOC
PRMT4,5k8x,DXE,507,1,C,5630,H11,5.816,45.112,187.694,11.043,,,COCCOC
PRMT4,5k8x,DXE,507,1,C,5631,H12,5.671,46.688,187.77,17.839,,,COCCOC
PRMT4,5k8x,DXE,507,1,C,5632,H13,6.938,45.978,188.403,3.398,,,COCCOC
PRMT4,5k8x,DXE,508,1,C,5633,C4,23.871,25.495,163.584,7.246,5.0,C,COCCOC
PRMT4,5k8x,DXE,508,1,C,5634,O2,24.293,26.463,162.66,8.572,4.0,O,COCCOC
PRMT4,5k8x,DXE,508,1,C,5635,C3,23.632,27.7,162.762,1.208,3.0,C,COCCOC
PRMT4,5k8x,DXE,508,1,C,5636,C2,23.881,28.54,161.504,1.208,2.0,C,COCCOC
PRMT4,5k8x,DXE,508,1,C,5637,O1,25.22,28.429,161.105,7.5,1.0,O,COCCOC
PRMT4,5k8x,DXE,508,1,C,5638,C1,25.451,28.771,159.765,13.284,0.0,C,COCCOC
PRMT4,5k8x,DXE,508,1,C,5640,H42,22.908,25.394,163.528,8.495,,,COCCOC
PRMT4,5k8x,DXE,508,1,C,5641,H43,24.298,24.648,163.382,24.635,,,COCCOC
PRMT4,5k8x,DXE,508,1,C,5642,H31,23.964,28.178,163.538,0.849,,,COCCOC
PRMT4,5k8x,DXE,508,1,C,5643,H32,22.679,27.547,162.862,0.849,,,COCCOC
PRMT4,5k8x,DXE,508,1,C,5644,H21,23.678,29.47,161.694,21.237,,,COCCOC
PRMT4,5k8x,DXE,508,1,C,5645,H22,23.306,28.226,160.789,15.291,,,COCCOC
PRMT4,5k8x,DXE,508,1,C,5646,H11,26.403,28.739,159.583,24.635,,,COCCOC
PRMT4,5k8x,DXE,508,1,C,5647,H12,25.119,29.667,159.598,20.388,,,COCCOC
PRMT4,5k8x,DXE,508,1,C,5648,H13,24.99,28.143,159.187,20.388,,,COCCOC
PRMT4,5k8x,DXE,509,1,C,5649,C4,38.749,29.651,178.201,9.661,5.0,C,COCCOC
PRMT4,5k8x,DXE,509,1,C,5651,C3,37.267,28.895,176.509,3.623,3.0,C,COCCOC
PRMT4,5k8x,DXE,509,1,C,5653,O1,35.275,28.278,175.296,15.0,1.0,O,COCCOC
PRMT4,5k8x,DXE,509,1,C,5654,C1,33.964,28.594,174.923,2.415,0.0,C,COCCOC
PRMT4,5k8x,DXE,509,1,C,5655,H41,38.873,30.379,178.83,14.441,,,COCCOC
PRMT4,5k8x,DXE,509,1,C,5656,H42,39.464,29.664,177.546,10.194,,,COCCOC
PRMT4,5k8x,DXE,509,1,C,5657,H43,38.763,28.806,178.678,20.388,,,COCCOC
PRMT4,5k8x,DXE,509,1,C,5658,H31,37.087,28.016,176.879,12.742,,,COCCOC
PRMT4,5k8x,DXE,509,1,C,5659,H32,38.041,28.849,175.926,13.592,,,COCCOC
PRMT4,5k8x,DXE,509,1,C,5663,H12,33.523,27.799,174.586,8.495,,,COCCOC
PRMT4,5k8x,M2M,510,1,C,5666,O1,27.227,27.449,180.045,2.143,1.0,O,COCCOCCOC
PRMT4,5k8x,M2M,510,1,C,5673,C6,33.635,30.313,183.74,8.453,8.0,C,COCCOCCOC
PRMT4,5k8x,M2M,510,1,C,5675,H12,25.403,28.384,179.091,6.796,,,COCCOCCOC
PRMT4,5k8x,M2M,510,1,C,5676,H13,26.314,27.438,178.489,4.247,,,COCCOCCOC
PRMT4,5k8x,M2M,510,1,C,5678,H22,28.369,28.987,179.607,0.849,,,COCCOCCOC
PRMT4,5k8x,M2M,510,1,C,5679,H31,29.705,27.838,181.129,6.796,,,COCCOCCOC
PRMT4,5k8x,M2M,510,1,C,5681,H41,30.328,29.439,183.782,4.247,,,COCCOCCOC
PRMT4,5k8x,M2M,510,1,C,5682,H42,31.136,28.704,182.636,9.344,,,COCCOCCOC
PRMT4,5k8x,M2M,510,1,C,5685,H61,33.505,29.362,183.6,15.291,,,COCCOCCOC
PRMT4,5k8x,M2M,510,1,C,5686,H62,34.146,30.682,183.003,1.699,,,COCCOCCOC
PRMT4,5k8x,M2M,510,1,C,5687,H63,34.117,30.454,184.571,9.344,,,COCCOCCOC
PRMT4,5k8x,6ZH,501,1,D,5544,C6',52.42,20.566,188.946,1.208,15.0,C,c1nc(c2c(n1)n(cn2)[C@H]3[C@@H]([C@@H]([C@H](O3)/C=C/CNC(=[NH2+])N)O)O)N
PRMT4,5k8x,6ZH,501,1,D,5555,N7,53.348,25.92,191.77,2.187,8.0,N,c1nc(c2c(n1)n(cn2)[C@H]3[C@@H]([C@@H]([C@H](O3)/C=C/CNC(=[NH2+])N)O)O)N
PRMT4,5k8x,6ZH,501,1,D,5568,H1,52.399,19.485,189.07,3.398,,,c1nc(c2c(n1)n(cn2)[C@H]3[C@@H]([C@@H]([C@H](O3)/C=C/CNC(=[NH2+])N)O)O)N
PRMT4,5k8x,6ZH,501,1,D,5570,H3,52.216,19.926,191.477,2.548,,,c1nc(c2c(n1)n(cn2)[C@H]3[C@@H]([C@@H]([C@H](O3)/C=C/CNC(=[NH2+])N)O)O)N
PRMT4,5k8x,6ZH,501,1,D,5583,H16,50.929,19.203,184.434,9.344,,,c1nc(c2c(n1)n(cn2)[C@H]3[C@@H]([C@@H]([C@H](O3)/C=C/CNC(=[NH2+])N)O)O)N
PRMT4,5k8x,DXE,507,1,D,5637,C4,46.142,10.584,182.054,4.831,5.0,C,COCCOC
PRMT4,5k8x,DXE,507,1,D,5638,O2,46.095,9.436,181.25,11.786,4.0,O,COCCOC
PRMT4,5k8x,DXE,507,1,D,5640,C2,46.782,8.292,179.233,1.208,2.0,C,COCCOC
PRMT4,5k8x,DXE,507,1,D,5642,C1,45.85,8.296,177.064,6.038,0.0,C,COCCOC
PRMT4,5k8x,DXE,507,1,D,5643,H41,45.369,10.599,182.641,7.645,,,COCCOC
PRMT4,5k8x,DXE,507,1,D,5644,H42,46.135,11.374,181.491,5.946,,,COCCOC
PRMT4,5k8x,DXE,507,1,D,5648,H21,45.9,7.927,179.407,11.043,,,COCCOC
PRMT4,5k8x,DXE,507,1,D,5649,H22,47.442,7.585,179.308,11.893,,,COCCOC
PRMT4,5k8x,DXE,507,1,D,5650,H11,45.892,8.762,176.215,2.548,,,COCCOC
PRMT4,5k8x,DXE,507,1,D,5651,H12,44.968,8.41,177.453,14.441,,,COCCOC
PRMT4,5k8x,DXE,507,1,D,5652,H13,46.022,7.351,176.924,22.087,,,COCCOC
PRMT4,5lgq,DXE,504,1,A,5606,C4,41.83,6.171,107.664,3.623,5.0,C,COCCOC
PRMT4,5lgq,DXE,504,1,A,5608,C3,40.007,5.672,106.259,1.208,3.0,C,COCCOC
PRMT4,5lgq,DXE,504,1,A,5609,C2,39.165,4.459,105.872,2.415,2.0,C,COCCOC
PRMT4,5lgq,DXE,504,1,A,5610,O1,38.52,3.948,107.004,4.286,1.0,O,COCCOC
PRMT4,5lgq,DXE,504,1,A,5611,C1,37.143,3.757,106.835,1.208,0.0,C,COCCOC
PRMT4,5lgq,DXE,504,1,A,5613,H42,42.499,5.886,107.022,21.237,,,COCCOC
PRMT4,5lgq,DXE,504,1,A,5614,H43,41.641,7.114,107.536,5.946,,,COCCOC
PRMT4,5lgq,DXE,504,1,A,5615,H31,39.432,6.449,106.349,3.398,,,COCCOC
PRMT4,5lgq,DXE,504,1,A,5616,H32,40.668,5.839,105.569,14.441,,,COCCOC
PRMT4,5lgq,DXE,504,1,A,5617,H21,38.501,4.724,105.216,14.441,,,COCCOC
PRMT4,5lgq,DXE,504,1,A,5618,H22,39.739,3.776,105.493,21.237,,,COCCOC
PRMT4,5lgq,DXE,504,1,A,5620,H12,36.713,4.616,106.694,2.548,,,COCCOC
PRMT4,5lgq,DXE,504,1,A,5621,H13,36.988,3.188,106.065,13.592,,,COCCOC
PRMT4,5lgq,8ZB,101,1,E,117,C24,52.294,32.421,130.288,1.208,0.0,C,CCC[C@@H]1[C@H]([C@H]([C@@H](O1)n2cnc3c2ncnc3N)O)O
PRMT4,5lgq,8ZB,101,1,E,122,C39,48.939,36.811,130.004,1.208,5.0,C,CCC[C@@H]1[C@H]([C@H]([C@@H](O1)n2cnc3c2ncnc3N)O)O
PRMT4,5lgq,8ZB,101,1,E,124,C49,50.066,37.722,127.304,10.869,9.0,C,CCC[C@@H]1[C@H]([C@H]([C@@H](O1)n2cnc3c2ncnc3N)O)O
PRMT4,5lgq,8ZB,101,1,E,125,C50,50.379,39.741,126.738,6.038,11.0,C,CCC[C@@H]1[C@H]([C@H]([C@@H](O1)n2cnc3c2ncnc3N)O)O
PRMT4,5lgq,8ZB,101,1,E,126,C51,50.302,39.738,128.12,4.831,12.0,C,CCC[C@@H]1[C@H]([C@H]([C@@H](O1)n2cnc3c2ncnc3N)O)O
PRMT4,5lgq,8ZB,101,1,E,127,C53,50.614,41.916,128.234,14.492,14.0,C,CCC[C@@H]1[C@H]([C@H]([C@@H](O1)n2cnc3c2ncnc3N)O)O
PRMT4,5lgq,8ZB,101,1,E,128,C55,50.604,40.986,126.117,7.246,16.0,C,CCC[C@@H]1[C@H]([C@H]([C@@H](O1)n2cnc3c2ncnc3N)O)O
PRMT4,5lgq,8ZB,101,1,E,130,N48,50.224,38.46,126.231,24.059,10.0,N,CCC[C@@H]1[C@H]([C@H]([C@@H](O1)n2cnc3c2ncnc3N)O)O
PRMT4,5lgq,8ZB,101,1,E,131,N52,50.409,40.796,128.933,16.404,13.0,N,CCC[C@@H]1[C@H]([C@H]([C@@H](O1)n2cnc3c2ncnc3N)O)O
PRMT4,5lgq,8ZB,101,1,E,132,N54,50.717,42.073,126.911,18.591,15.0,N,CCC[C@@H]1[C@H]([C@H]([C@@H](O1)n2cnc3c2ncnc3N)O)O
PRMT4,5lgq,8ZB,101,1,E,133,N57,50.727,41.145,124.797,13.123,17.0,N,CCC[C@@H]1[C@H]([C@H]([C@@H](O1)n2cnc3c2ncnc3N)O)O
PRMT4,5lgq,8ZB,101,1,E,134,O37,51.246,37.256,130.143,10.715,7.0,O,CCC[C@@H]1[C@H]([C@H]([C@@H](O1)n2cnc3c2ncnc3N)O)O
PRMT4,5lgq,8ZB,101,1,E,135,O41,47.677,37.41,130.281,30.001,18.0,O,CCC[C@@H]1[C@H]([C@H]([C@@H](O1)n2cnc3c2ncnc3N)O)O
PRMT4,5lgq,8ZB,101,1,E,136,O42,49.253,36.663,132.428,27.858,19.0,O,CCC[C@@H]1[C@H]([C@H]([C@@H](O1)n2cnc3c2ncnc3N)O)O
PRMT4,5lgq,8ZB,101,1,E,137,H1,51.523,31.953,129.677,7.645,,,CCC[C@@H]1[C@H]([C@H]([C@@H](O1)n2cnc3c2ncnc3N)O)O
PRMT4,5lgq,8ZB,101,1,E,138,H29,53.04,32.793,129.586,18.689,,,CCC[C@@H]1[C@H]([C@H]([C@@H](O1)n2cnc3c2ncnc3N)O)O
PRMT4,5lgq,8ZB,101,1,E,139,H28,50.768,33.341,131.519,10.194,,,CCC[C@@H]1[C@H]([C@H]([C@@H](O1)n2cnc3c2ncnc3N)O)O
PRMT4,5lgq,8ZB,101,1,E,140,H33,52.367,33.851,131.895,15.291,,,CCC[C@@H]1[C@H]([C@H]([C@@H](O1)n2cnc3c2ncnc3N)O)O
PRMT4,5lgq,8ZB,101,1,E,141,H35,50.883,34.543,129.328,7.645,,,CCC[C@@H]1[C@H]([C@H]([C@@H](O1)n2cnc3c2ncnc3N)O)O
PRMT4,5lgq,8ZB,101,1,E,142,H31,52.472,35.091,129.663,15.291,,,CCC[C@@H]1[C@H]([C@H]([C@@H](O1)n2cnc3c2ncnc3N)O)O
PRMT4,5lgq,8ZB,101,1,E,143,H61,51.589,36.15,131.786,13.592,,,CCC[C@@H]1[C@H]([C@H]([C@@H](O1)n2cnc3c2ncnc3N)O)O
PRMT4,5lgq,8ZB,101,1,E,144,H62,49.906,38.715,130.519,6.796,,,CCC[C@@H]1[C@H]([C@H]([C@@H](O1)n2cnc3c2ncnc3N)O)O
PRMT4,5lgq,8ZB,101,1,E,145,H44,48.835,36.154,129.142,8.495,,,CCC[C@@H]1[C@H]([C@H]([C@@H](O1)n2cnc3c2ncnc3N)O)O
PRMT4,5lgq,8ZB,101,1,E,146,H43,49.072,35.037,131.279,12.742,,,CCC[C@@H]1[C@H]([C@H]([C@@H](O1)n2cnc3c2ncnc3N)O)O
PRMT4,5lgq,8ZB,101,1,E,147,H58,49.916,36.644,127.256,13.592,,,CCC[C@@H]1[C@H]([C@H]([C@@H](O1)n2cnc3c2ncnc3N)O)O
PRMT4,5lgq,8ZB,101,1,E,148,H56,50.711,42.827,128.822,30.582,,,CCC[C@@H]1[C@H]([C@H]([C@@H](O1)n2cnc3c2ncnc3N)O)O
PRMT4,5lgq,8ZB,101,1,E,149,H60,50.66,40.343,124.177,22.936,,,CCC[C@@H]1[C@H]([C@H]([C@@H](O1)n2cnc3c2ncnc3N)O)O
PRMT4,5lgq,8ZB,101,1,E,150,H59,50.889,42.058,124.385,29.732,,,CCC[C@@H]1[C@H]([C@H]([C@@H](O1)n2cnc3c2ncnc3N)O)O
PRMT4,5lgq,8ZB,101,1,E,151,H46,47.775,37.881,131.149,15.291,,,CCC[C@@H]1[C@H]([C@H]([C@@H](O1)n2cnc3c2ncnc3N)O)O
PRMT4,5lgq,8ZB,101,1,E,152,H45,49.695,37.552,132.444,14.441,,,CCC[C@@H]1[C@H]([C@H]([C@@H](O1)n2cnc3c2ncnc3N)O)O
PRMT4,5lgq,8ZB,101,1,F,124,C49,23.999,25.88,118.155,10.869,9.0,C,CCC[C@@H]1[C@H]([C@H]([C@@H](O1)n2cnc3c2ncnc3N)O)O
PRMT4,5lgq,8ZB,101,1,F,125,C50,23.058,26.956,116.585,7.246,11.0,C,CCC[C@@H]1[C@H]([C@H]([C@@H](O1)n2cnc3c2ncnc3N)O)O
PRMT4,5lgq,8ZB,101,1,F,126,C51,23.33,25.695,116.083,6.038,12.0,C,CCC[C@@H]1[C@H]([C@H]([C@@H](O1)n2cnc3c2ncnc3N)O)O
PRMT4,5lgq,8ZB,101,1,F,127,C53,22.429,26.185,114.13,15.699,14.0,C,CCC[C@@H]1[C@H]([C@H]([C@@H](O1)n2cnc3c2ncnc3N)O)O
PRMT4,5lgq,8ZB,101,1,F,128,C55,22.408,27.86,115.725,7.246,16.0,C,CCC[C@@H]1[C@H]([C@H]([C@@H](O1)n2cnc3c2ncnc3N)O)O
PRMT4,5lgq,8ZB,101,1,F,130,N48,23.49,27.061,117.9,22.965,10.0,N,CCC[C@@H]1[C@H]([C@H]([C@@H](O1)n2cnc3c2ncnc3N)O)O
PRMT4,5lgq,8ZB,101,1,F,131,N52,23.042,25.246,114.853,16.404,13.0,N,CCC[C@@H]1[C@H]([C@H]([C@@H](O1)n2cnc3c2ncnc3N)O)O
PRMT4,5lgq,8ZB,101,1,F,132,N54,22.101,27.432,114.48,17.497,15.0,N,CCC[C@@H]1[C@H]([C@H]([C@@H](O1)n2cnc3c2ncnc3N)O)O
PRMT4,5lgq,8ZB,101,1,F,133,N57,22.08,29.11,116.068,14.217,17.0,N,CCC[C@@H]1[C@H]([C@H]([C@@H](O1)n2cnc3c2ncnc3N)O)O
PRMT4,5lgq,8ZB,101,1,F,134,O37,23.42,22.824,117.743,12.858,7.0,O,CCC[C@@H]1[C@H]([C@H]([C@@H](O1)n2cnc3c2ncnc3N)O)O
PRMT4,5lgq,8ZB,101,1,F,135,O41,26.799,23.591,116.899,31.072,18.0,O,CCC[C@@H]1[C@H]([C@H]([C@@H](O1)n2cnc3c2ncnc3N)O)O
PRMT4,5lgq,8ZB,101,1,F,136,O42,25.899,21.032,117.079,25.715,19.0,O,CCC[C@@H]1[C@H]([C@H]([C@@H](O1)n2cnc3c2ncnc3N)O)O
PRMT4,5lgq,8ZB,101,1,F,137,H1,22.784,21.247,122.323,19.538,,,CCC[C@@H]1[C@H]([C@H]([C@@H](O1)n2cnc3c2ncnc3N)O)O
PRMT4,5lgq,8ZB,101,1,F,138,H29,24.472,21.375,122.702,8.495,,,CCC[C@@H]1[C@H]([C@H]([C@@H](O1)n2cnc3c2ncnc3N)O)O
PRMT4,5lgq,8ZB,101,1,F,139,H28,25.17,20.394,120.626,9.344,,,CCC[C@@H]1[C@H]([C@H]([C@@H](O1)n2cnc3c2ncnc3N)O)O
PRMT4,5lgq,8ZB,101,1,F,140,H33,23.618,19.713,120.324,15.291,,,CCC[C@@H]1[C@H]([C@H]([C@@H](O1)n2cnc3c2ncnc3N)O)O
PRMT4,5lgq,8ZB,101,1,F,141,H35,22.645,22.005,120.088,15.291,,,CCC[C@@H]1[C@H]([C@H]([C@@H](O1)n2cnc3c2ncnc3N)O)O
PRMT4,5lgq,8ZB,101,1,F,142,H31,24.166,22.734,120.389,8.495,,,CCC[C@@H]1[C@H]([C@H]([C@@H](O1)n2cnc3c2ncnc3N)O)O
PRMT4,5lgq,8ZB,101,1,F,143,H61,23.653,20.86,118.097,11.893,,,CCC[C@@H]1[C@H]([C@H]([C@@H](O1)n2cnc3c2ncnc3N)O)O
PRMT4,5lgq,8ZB,101,1,F,144,H62,24.386,23.287,116.038,6.796,,,CCC[C@@H]1[C@H]([C@H]([C@@H](O1)n2cnc3c2ncnc3N)O)O
PRMT4,5lgq,8ZB,101,1,F,145,H44,25.849,23.964,118.686,8.495,,,CCC[C@@H]1[C@H]([C@H]([C@@H](O1)n2cnc3c2ncnc3N)O)O
PRMT4,5lgq,8ZB,101,1,F,146,H43,26.23,21.593,118.966,13.592,,,CCC[C@@H]1[C@H]([C@H]([C@@H](O1)n2cnc3c2ncnc3N)O)O
PRMT4,5lgq,8ZB,101,1,F,147,H58,24.433,25.625,119.12,15.291,,,CCC[C@@H]1[C@H]([C@H]([C@@H](O1)n2cnc3c2ncnc3N)O)O
PRMT4,5lgq,8ZB,101,1,F,148,H56,22.157,25.896,113.116,27.184,,,CCC[C@@H]1[C@H]([C@H]([C@@H](O1)n2cnc3c2ncnc3N)O)O
PRMT4,5lgq,8ZB,101,1,F,149,H60,22.297,29.459,116.996,24.635,,,CCC[C@@H]1[C@H]([C@H]([C@@H](O1)n2cnc3c2ncnc3N)O)O
PRMT4,5lgq,8ZB,101,1,F,150,H59,21.611,29.733,115.418,29.732,,,CCC[C@@H]1[C@H]([C@H]([C@@H](O1)n2cnc3c2ncnc3N)O)O
PRMT4,5lgq,8ZB,101,1,F,151,H46,26.665,22.979,116.129,14.441,,,CCC[C@@H]1[C@H]([C@H]([C@@H](O1)n2cnc3c2ncnc3N)O)O
PRMT4,5lgq,8ZB,101,1,F,152,H45,25.286,21.205,116.317,15.291,,,CCC[C@@H]1[C@H]([C@H]([C@@H](O1)n2cnc3c2ncnc3N)O)O
PRMT4,5lgq,PG6,505,1,A,5622,C1,60.62,17.573,102.047,12.076,0.0,C,COCCOCCOCCOCCOCCOC
PRMT4,5lgq,PG6,505,1,A,5623,O1,60.946,16.229,102.273,3.214,1.0,O,COCCOCCOCCOCCOCCOC
PRMT4,5lgq,PG6,505,1,A,5624,C2,61.709,15.65,101.253,2.415,2.0,C,COCCOCCOCCOCCOCCOC
PRMT4,5lgq,PG6,505,1,A,5625,C3,61.626,14.13,101.374,1.208,3.0,C,COCCOCCOCCOCCOCCOC
PRMT4,5lgq,PG6,505,1,A,5626,O2,61.435,13.603,100.091,4.286,4.0,O,COCCOCCOCCOCCOCCOC
PRMT4,5lgq,PG6,505,1,A,5627,C4,61.735,12.24,99.965,2.415,5.0,C,COCCOCCOCCOCCOCCOC
PRMT4,5lgq,PG6,505,1,A,5628,C5,61.141,11.737,98.651,3.623,6.0,C,COCCOCCOCCOCCOCCOC
PRMT4,5lgq,PG6,505,1,A,5629,O3,59.867,11.204,98.901,10.715,7.0,O,COCCOCCOCCOCCOCCOC
PRMT4,5lgq,PG6,505,1,A,5630,C6,58.82,12.112,98.718,1.208,8.0,C,COCCOCCOCCOCCOCCOC
PRMT4,5lgq,PG6,505,1,A,5631,C7,57.49,11.382,98.552,3.623,9.0,C,COCCOCCOCCOCCOCCOC
PRMT4,5lgq,PG6,505,1,A,5633,C8,55.39,12.396,98.087,2.415,11.0,C,COCCOCCOCCOCCOCCOC
PRMT4,5lgq,PG6,505,1,A,5634,C9,54.15,12.734,98.911,3.623,12.0,C,COCCOCCOCCOCCOCCOC
PRMT4,5lgq,PG6,505,1,A,5635,O5,54.225,14.072,99.324,11.786,13.0,O,COCCOCCOCCOCCOCCOC
PRMT4,5lgq,PG6,505,1,A,5637,C11,52.574,15.227,100.627,4.831,15.0,C,COCCOCCOCCOCCOCCOC
PRMT4,5lgq,PG6,505,1,A,5638,O6,51.771,14.888,101.727,20.358,16.0,O,COCCOCCOCCOCCOCCOC
PRMT4,5lgq,PG6,505,1,A,5639,C12,52.333,15.053,103.001,6.038,17.0,C,COCCOCCOCCOCCOCCOC
PRMT4,5lgq,PG6,505,1,A,5640,H11,61.434,18.096,101.982,21.237,,,COCCOCCOCCOCCOCCOC
PRMT4,5lgq,PG6,505,1,A,5641,H12,60.081,17.903,102.783,10.194,,,COCCOCCOCCOCCOCCOC
PRMT4,5lgq,PG6,505,1,A,5642,H13,60.119,17.649,101.22,16.99,,,COCCOCCOCCOCCOCCOC
PRMT4,5lgq,PG6,505,1,A,5643,H21,62.633,15.933,101.338,16.14,,,COCCOCCOCCOCCOCCOC
PRMT4,5lgq,PG6,505,1,A,5644,H22,61.363,15.927,100.39,10.194,,,COCCOCCOCCOCCOCCOC
PRMT4,5lgq,PG6,505,1,A,5646,H32,62.451,13.785,101.751,0.849,,,COCCOCCOCCOCCOCCOC
PRMT4,5lgq,PG6,505,1,A,5648,H42,62.697,12.116,99.958,11.043,,,COCCOCCOCCOCCOCCOC
PRMT4,5lgq,PG6,505,1,A,5649,H51,61.068,12.474,98.024,12.742,,,COCCOCCOCCOCCOCCOC
PRMT4,5lgq,PG6,505,1,A,5650,H52,61.714,11.049,98.278,22.087,,,COCCOCCOCCOCCOCCOC
PRMT4,5lgq,PG6,505,1,A,5651,H61,58.994,12.643,97.925,11.893,,,COCCOCCOCCOCCOCCOC
PRMT4,5lgq,PG6,505,1,A,5653,H71,57.36,11.14,97.622,16.99,,,COCCOCCOCCOCCOCCOC
PRMT4,5lgq,PG6,505,1,A,5654,H72,57.48,10.585,99.105,13.592,,,COCCOCCOCCOCCOCCOC
PRMT4,5lgq,PG6,505,1,A,5655,H81,55.249,11.564,97.61,16.14,,,COCCOCCOCCOCCOCCOC
PRMT4,5lgq,PG6,505,1,A,5656,H82,55.567,13.11,97.455,19.538,,,COCCOCCOCCOCCOCCOC
PRMT4,5lgq,PG6,505,1,A,5657,H91,53.356,12.606,98.369,20.388,,,COCCOCCOCCOCCOCCOC
PRMT4,5lgq,PG6,505,1,A,5658,H92,54.11,12.156,99.689,13.592,,,COCCOCCOCCOCCOCCOC
PRMT4,5lgq,PG6,505,1,A,5659,H101,54.534,14.796,101.108,5.097,,,COCCOCCOCCOCCOCCOC
PRMT4,5lgq,PG6,505,1,A,5660,H102,53.615,13.506,101.088,5.946,,,COCCOCCOCCOCCOCCOC
PRMT4,5lgq,PG6,505,1,A,5661,H111,52.079,15.084,99.806,17.839,,,COCCOCCOCCOCCOCCOC
PRMT4,5lgq,PG6,505,1,A,5662,H112,52.837,16.158,100.691,19.538,,,COCCOCCOCCOCCOCCOC
PRMT4,5lgq,PG6,505,1,A,5663,H121,53.196,14.612,103.034,1.699,,,COCCOCCOCCOCCOCCOC
PRMT4,5lgq,PG6,505,1,A,5664,H122,52.446,15.999,103.185,16.14,,,COCCOCCOCCOCCOCCOC
PRMT4,5lgq,PG6,505,1,A,5665,H123,51.745,14.663,103.667,13.592,,,COCCOCCOCCOCCOCCOC
PRMT4,5lgq,8ZB,101,1,G,117,C24,24.423,33.457,181.074,2.415,0.0,C,CCC[C@@H]1[C@H]([C@H]([C@@H](O1)n2cnc3c2ncnc3N)O)O
PRMT4,5lgq,8ZB,101,1,G,124,C49,27.144,38.473,183.93,10.869,9.0,C,CCC[C@@H]1[C@H]([C@H]([C@@H](O1)n2cnc3c2ncnc3N)O)O
PRMT4,5lgq,8ZB,101,1,G,125,C50,26.891,40.5,184.499,7.246,11.0,C,CCC[C@@H]1[C@H]([C@H]([C@@H](O1)n2cnc3c2ncnc3N)O)O
PRMT4,5lgq,8ZB,101,1,G,126,C51,26.946,40.493,183.115,7.246,12.0,C,CCC[C@@H]1[C@H]([C@H]([C@@H](O1)n2cnc3c2ncnc3N)O)O
PRMT4,5lgq,8ZB,101,1,G,127,C53,26.704,42.68,183.003,18.114,14.0,C,CCC[C@@H]1[C@H]([C@H]([C@@H](O1)n2cnc3c2ncnc3N)O)O
PRMT4,5lgq,8ZB,101,1,G,128,C55,26.72,41.753,185.122,7.246,16.0,C,CCC[C@@H]1[C@H]([C@H]([C@@H](O1)n2cnc3c2ncnc3N)O)O
PRMT4,5lgq,8ZB,101,1,G,130,N48,27.018,39.216,185.004,21.872,10.0,N,CCC[C@@H]1[C@H]([C@H]([C@@H](O1)n2cnc3c2ncnc3N)O)O
PRMT4,5lgq,8ZB,101,1,G,131,N52,26.86,41.554,182.303,15.31,13.0,N,CCC[C@@H]1[C@H]([C@H]([C@@H](O1)n2cnc3c2ncnc3N)O)O
PRMT4,5lgq,8ZB,101,1,G,132,N54,26.629,42.842,184.328,18.591,15.0,N,CCC[C@@H]1[C@H]([C@H]([C@@H](O1)n2cnc3c2ncnc3N)O)O
PRMT4,5lgq,8ZB,101,1,G,133,N57,26.635,41.919,186.446,14.217,17.0,N,CCC[C@@H]1[C@H]([C@H]([C@@H](O1)n2cnc3c2ncnc3N)O)O
PRMT4,5lgq,8ZB,101,1,G,134,O37,25.924,38.156,181.023,11.786,7.0,O,CCC[C@@H]1[C@H]([C@H]([C@@H](O1)n2cnc3c2ncnc3N)O)O
PRMT4,5lgq,8ZB,101,1,G,135,O41,29.485,37.925,180.993,30.001,18.0,O,CCC[C@@H]1[C@H]([C@H]([C@@H](O1)n2cnc3c2ncnc3N)O)O
PRMT4,5lgq,8ZB,101,1,G,136,O42,27.909,37.307,178.822,25.715,19.0,O,CCC[C@@H]1[C@H]([C@H]([C@@H](O1)n2cnc3c2ncnc3N)O)O
PRMT4,5lgq,8ZB,101,1,G,137,H1,23.674,33.893,181.733,20.388,,,CCC[C@@H]1[C@H]([C@H]([C@@H](O1)n2cnc3c2ncnc3N)O)O
PRMT4,5lgq,8ZB,101,1,G,138,H29,25.166,33.005,181.729,8.495,,,CCC[C@@H]1[C@H]([C@H]([C@@H](O1)n2cnc3c2ncnc3N)O)O
PRMT4,5lgq,8ZB,101,1,G,139,H28,24.483,34.819,179.39,15.291,,,CCC[C@@H]1[C@H]([C@H]([C@@H](O1)n2cnc3c2ncnc3N)O)O
PRMT4,5lgq,8ZB,101,1,G,140,H33,26.017,34.159,179.809,10.194,,,CCC[C@@H]1[C@H]([C@H]([C@@H](O1)n2cnc3c2ncnc3N)O)O
PRMT4,5lgq,8ZB,101,1,G,141,H35,25.999,35.466,181.946,5.097,,,CCC[C@@H]1[C@H]([C@H]([C@@H](O1)n2cnc3c2ncnc3N)O)O
PRMT4,5lgq,8ZB,101,1,G,142,H31,24.481,36.16,181.557,14.441,,,CCC[C@@H]1[C@H]([C@H]([C@@H](O1)n2cnc3c2ncnc3N)O)O
PRMT4,5lgq,8ZB,101,1,G,143,H61,25.504,37.03,179.408,12.742,,,CCC[C@@H]1[C@H]([C@H]([C@@H](O1)n2cnc3c2ncnc3N)O)O
PRMT4,5lgq,8ZB,101,1,G,144,H62,27.43,39.461,180.731,5.097,,,CCC[C@@H]1[C@H]([C@H]([C@@H](O1)n2cnc3c2ncnc3N)O)O
PRMT4,5lgq,8ZB,101,1,G,145,H44,28.19,36.803,182.124,7.645,,,CCC[C@@H]1[C@H]([C@H]([C@@H](O1)n2cnc3c2ncnc3N)O)O
PRMT4,5lgq,8ZB,101,1,G,146,H43,27.88,35.691,179.998,13.592,,,CCC[C@@H]1[C@H]([C@H]([C@@H](O1)n2cnc3c2ncnc3N)O)O
PRMT4,5lgq,8ZB,101,1,G,147,H58,27.266,37.392,183.977,13.592,,,CCC[C@@H]1[C@H]([C@H]([C@@H](O1)n2cnc3c2ncnc3N)O)O
PRMT4,5lgq,8ZB,101,1,G,148,H56,26.627,43.593,182.415,30.582,,,CCC[C@@H]1[C@H]([C@H]([C@@H](O1)n2cnc3c2ncnc3N)O)O
PRMT4,5lgq,8ZB,101,1,G,149,H60,26.693,41.118,187.066,23.786,,,CCC[C@@H]1[C@H]([C@H]([C@@H](O1)n2cnc3c2ncnc3N)O)O
PRMT4,5lgq,8ZB,101,1,G,150,H59,26.512,42.838,186.858,28.033,,,CCC[C@@H]1[C@H]([C@H]([C@@H](O1)n2cnc3c2ncnc3N)O)O
PRMT4,5lgq,8ZB,101,1,G,151,H46,29.443,38.416,180.131,13.592,,,CCC[C@@H]1[C@H]([C@H]([C@@H](O1)n2cnc3c2ncnc3N)O)O
PRMT4,5lgq,8ZB,101,1,G,152,H45,27.562,38.237,178.779,14.441,,,CCC[C@@H]1[C@H]([C@H]([C@@H](O1)n2cnc3c2ncnc3N)O)O
PRMT4,5lgq,8ZB,101,1,H,133,C24,52.519,19.717,189.033,1.208,0.0,C,CCC[C@@H]1[C@H]([C@H]([C@@H](O1)n2cnc3c2ncnc3N)O)O
PRMT4,5lgq,8ZB,101,1,H,134,C28,52.034,19.644,190.466,1.208,1.0,C,CCC[C@@H]1[C@H]([C@H]([C@@H](O1)n2cnc3c2ncnc3N)O)O
PRMT4,5lgq,8ZB,101,1,H,140,C49,52.462,24.814,193.12,9.661,9.0,C,CCC[C@@H]1[C@H]([C@H]([C@@H](O1)n2cnc3c2ncnc3N)O)O
PRMT4,5lgq,8ZB,101,1,H,141,C50,53.53,25.824,194.65,8.453,11.0,C,CCC[C@@H]1[C@H]([C@H]([C@@H](O1)n2cnc3c2ncnc3N)O)O
PRMT4,5lgq,8ZB,101,1,H,142,C51,53.195,24.585,195.167,6.038,12.0,C,CCC[C@@H]1[C@H]([C@H]([C@@H](O1)n2cnc3c2ncnc3N)O)O
PRMT4,5lgq,8ZB,101,1,H,143,C53,54.184,25.021,197.089,16.907,14.0,C,CCC[C@@H]1[C@H]([C@H]([C@@H](O1)n2cnc3c2ncnc3N)O)O
PRMT4,5lgq,8ZB,101,1,H,144,C55,54.265,26.687,195.487,7.246,16.0,C,CCC[C@@H]1[C@H]([C@H]([C@@H](O1)n2cnc3c2ncnc3N)O)O
PRMT4,5lgq,8ZB,101,1,H,146,N48,53.058,25.959,193.353,21.872,10.0,N,CCC[C@@H]1[C@H]([C@H]([C@@H](O1)n2cnc3c2ncnc3N)O)O
PRMT4,5lgq,8ZB,101,1,H,147,N52,53.493,24.119,196.388,16.404,13.0,N,CCC[C@@H]1[C@H]([C@H]([C@@H](O1)n2cnc3c2ncnc3N)O)O
PRMT4,5lgq,8ZB,101,1,H,148,N54,54.579,26.244,196.725,17.497,15.0,N,CCC[C@@H]1[C@H]([C@H]([C@@H](O1)n2cnc3c2ncnc3N)O)O
PRMT4,5lgq,8ZB,101,1,H,149,N57,54.678,27.904,195.123,10.936,17.0,N,CCC[C@@H]1[C@H]([C@H]([C@@H](O1)n2cnc3c2ncnc3N)O)O
PRMT4,5lgq,8ZB,101,1,H,150,O37,52.897,21.728,193.535,12.858,7.0,O,CCC[C@@H]1[C@H]([C@H]([C@@H](O1)n2cnc3c2ncnc3N)O)O
PRMT4,5lgq,8ZB,101,1,H,151,O41,49.569,22.641,194.444,30.001,18.0,O,CCC[C@@H]1[C@H]([C@H]([C@@H](O1)n2cnc3c2ncnc3N)O)O
PRMT4,5lgq,8ZB,101,1,H,152,O42,50.373,20.031,194.205,25.715,19.0,O,CCC[C@@H]1[C@H]([C@H]([C@@H](O1)n2cnc3c2ncnc3N)O)O
PRMT4,5lgq,8ZB,101,1,H,153,H1,51.947,20.456,188.474,7.645,,,CCC[C@@H]1[C@H]([C@H]([C@@H](O1)n2cnc3c2ncnc3N)O)O
PRMT4,5lgq,8ZB,101,1,H,154,H29,53.548,20.075,189.028,17.839,,,CCC[C@@H]1[C@H]([C@H]([C@@H](O1)n2cnc3c2ncnc3N)O)O
PRMT4,5lgq,8ZB,101,1,H,155,H28,50.949,19.558,190.515,8.495,,,CCC[C@@H]1[C@H]([C@H]([C@@H](O1)n2cnc3c2ncnc3N)O)O
PRMT4,5lgq,8ZB,101,1,H,156,H33,52.398,18.735,190.943,15.291,,,CCC[C@@H]1[C@H]([C@H]([C@@H](O1)n2cnc3c2ncnc3N)O)O
PRMT4,5lgq,8ZB,101,1,H,157,H35,53.553,21.012,191.113,16.99,,,CCC[C@@H]1[C@H]([C@H]([C@@H](O1)n2cnc3c2ncnc3N)O)O
PRMT4,5lgq,8ZB,101,1,H,158,H31,52.035,21.781,190.897,8.495,,,CCC[C@@H]1[C@H]([C@H]([C@@H](O1)n2cnc3c2ncnc3N)O)O
PRMT4,5lgq,8ZB,101,1,H,159,H61,52.57,19.797,193.089,12.742,,,CCC[C@@H]1[C@H]([C@H]([C@@H](O1)n2cnc3c2ncnc3N)O)O
PRMT4,5lgq,8ZB,101,1,H,160,H62,51.988,22.251,195.253,5.097,,,CCC[C@@H]1[C@H]([C@H]([C@@H](O1)n2cnc3c2ncnc3N)O)O
PRMT4,5lgq,8ZB,101,1,H,161,H44,50.496,22.998,192.644,10.194,,,CCC[C@@H]1[C@H]([C@H]([C@@H](O1)n2cnc3c2ncnc3N)O)O
PRMT4,5lgq,8ZB,101,1,H,162,H43,50.008,20.654,192.346,11.043,,,CCC[C@@H]1[C@H]([C@H]([C@@H](O1)n2cnc3c2ncnc3N)O)O
PRMT4,5lgq,8ZB,101,1,H,163,H58,51.974,24.589,192.173,12.742,,,CCC[C@@H]1[C@H]([C@H]([C@@H](O1)n2cnc3c2ncnc3N)O)O
PRMT4,5lgq,8ZB,101,1,H,164,H56,54.464,24.718,198.097,29.732,,,CCC[C@@H]1[C@H]([C@H]([C@@H](O1)n2cnc3c2ncnc3N)O)O
PRMT4,5lgq,8ZB,101,1,H,165,H60,54.468,28.259,194.195,24.635,,,CCC[C@@H]1[C@H]([C@H]([C@@H](O1)n2cnc3c2ncnc3N)O)O
PRMT4,5lgq,8ZB,101,1,H,166,H59,55.206,28.497,195.755,29.732,,,CCC[C@@H]1[C@H]([C@H]([C@@H](O1)n2cnc3c2ncnc3N)O)O
PRMT4,5lgq,8ZB,101,1,H,167,H46,49.683,22.002,195.195,13.592,,,CCC[C@@H]1[C@H]([C@H]([C@@H](O1)n2cnc3c2ncnc3N)O)O
PRMT4,5lgq,8ZB,101,1,H,168,H45,51.013,20.16,194.953,13.592,,,CCC[C@@H]1[C@H]([C@H]([C@@H](O1)n2cnc3c2ncnc3N)O)O
PRMT4,5lgr,LPD,102,1,E,190,O,51.042,18.861,141.002,28.929,6.0,O,C1C[C@H](NC1)C(=O)N
PRMT4,5lgr,LPD,102,1,E,191,C,50.747,17.843,140.37,1.208,5.0,C,C1C[C@H](NC1)C(=O)N
PRMT4,5lgr,LPD,102,1,E,192,N2,50.563,16.663,140.94,9.842,7.0,N,C1C[C@H](NC1)C(=O)N
PRMT4,5lgr,LPD,102,1,E,195,CD,51.939,19.514,137.744,2.415,4.0,C,C1C[C@H](NC1)C(=O)N
PRMT4,5lgr,LPD,102,1,E,196,CG,52.773,18.273,138.022,2.415,0.0,C,C1C[C@H](NC1)C(=O)N
PRMT4,5lgr,LPD,102,1,E,197,CB,51.744,17.184,138.145,1.208,1.0,C,C1C[C@H](NC1)C(=O)N
PRMT4,5lgr,LPD,102,1,E,198,HN21,50.651,16.534,141.943,29.732,,,C1C[C@H](NC1)C(=O)N
PRMT4,5lgr,LPD,102,1,E,199,HN22,50.327,15.826,140.417,22.936,,,C1C[C@H](NC1)C(=O)N
PRMT4,5lgr,LPD,102,1,E,200,HA,49.658,17.386,138.608,12.742,,,C1C[C@H](NC1)C(=O)N
PRMT4,5lgr,LPD,102,1,E,201,HD3,52.348,20.408,138.213,11.043,,,C1C[C@H](NC1)C(=O)N
PRMT4,5lgr,LPD,102,1,E,202,HD2,51.934,19.746,136.68,15.291,,,C1C[C@H](NC1)C(=O)N
PRMT4,5lgr,LPD,102,1,E,203,HG3,53.518,18.075,137.253,24.635,,,C1C[C@H](NC1)C(=O)N
PRMT4,5lgr,LPD,102,1,E,204,HG2,53.383,18.402,138.916,17.839,,,C1C[C@H](NC1)C(=O)N
PRMT4,5lgr,LPD,102,1,E,205,HB2,52.126,16.332,138.706,16.14,,,C1C[C@H](NC1)C(=O)N
PRMT4,5lgr,LPD,102,1,E,206,HB3,51.421,16.785,137.185,22.936,,,C1C[C@H](NC1)C(=O)N
PRMT4,5lgr,DXE,504,1,A,5511,C4,63.193,36.026,151.077,6.038,5.0,C,COCCOC
PRMT4,5lgr,DXE,504,1,A,5512,O2,63.905,34.838,150.861,7.5,4.0,O,COCCOC
PRMT4,5lgr,DXE,504,1,A,5513,C3,65.274,34.946,151.126,1.208,3.0,C,COCCOC
PRMT4,5lgr,DXE,504,1,A,5514,C2,66.015,33.73,150.563,6.038,2.0,C,COCCOC
PRMT4,5lgr,DXE,504,1,A,5515,O1,67.387,33.858,150.818,21.429,1.0,O,COCCOC
PRMT4,5lgr,DXE,504,1,A,5516,C1,68.074,34.725,149.958,9.661,0.0,C,COCCOC
PRMT4,5lgr,DXE,504,1,A,5517,H41,63.202,36.241,152.023,22.936,,,COCCOC
PRMT4,5lgr,DXE,504,1,A,5518,H42,62.277,35.912,150.779,5.946,,,COCCOC
PRMT4,5lgr,DXE,504,1,A,5519,H43,63.609,36.747,150.578,3.398,,,COCCOC
PRMT4,5lgr,DXE,504,1,A,5520,H31,65.414,34.992,152.085,18.689,,,COCCOC
PRMT4,5lgr,DXE,504,1,A,5521,H32,65.619,35.753,150.712,4.247,,,COCCOC
PRMT4,5lgr,DXE,504,1,A,5522,H21,65.681,32.924,150.986,22.936,,,COCCOC
PRMT4,5lgr,DXE,504,1,A,5523,H22,65.868,33.677,149.605,4.247,,,COCCOC
PRMT4,5lgr,DXE,504,1,A,5524,H11,67.651,35.598,149.972,7.645,,,COCCOC
PRMT4,5lgr,DXE,504,1,A,5525,H12,68.995,34.808,150.25,26.334,,,COCCOC
PRMT4,5lgr,DXE,504,1,A,5526,H13,68.052,34.37,149.055,4.247,,,COCCOC
PRMT4,5lgr,QVR,101,1,E,157,C28,51.916,33.682,131.615,7.246,1.0,C,C/C=C/[C@@H]1[C@H]([C@H]([C@@H](O1)n2cnc3c2ncnc3N)O)O
PRMT4,5lgr,QVR,101,1,E,158,C31,51.207,34.647,131.064,3.623,2.0,C,C/C=C/[C@@H]1[C@H]([C@H]([C@@H](O1)n2cnc3c2ncnc3N)O)O
PRMT4,5lgr,QVR,101,1,E,159,C36,50.895,35.866,131.869,1.208,3.0,C,C/C=C/[C@@H]1[C@H]([C@H]([C@@H](O1)n2cnc3c2ncnc3N)O)O
PRMT4,5lgr,QVR,101,1,E,161,C39,48.924,36.805,130.962,1.208,5.0,C,C/C=C/[C@@H]1[C@H]([C@H]([C@@H](O1)n2cnc3c2ncnc3N)O)O
PRMT4,5lgr,QVR,101,1,E,162,C40,49.41,36.033,132.189,1.208,4.0,C,C/C=C/[C@@H]1[C@H]([C@H]([C@@H](O1)n2cnc3c2ncnc3N)O)O
PRMT4,5lgr,QVR,101,1,E,163,C49,50.271,37.59,128.259,12.076,9.0,C,C/C=C/[C@@H]1[C@H]([C@H]([C@@H](O1)n2cnc3c2ncnc3N)O)O
PRMT4,5lgr,QVR,101,1,E,164,C50,50.603,39.611,127.7,7.246,11.0,C,C/C=C/[C@@H]1[C@H]([C@H]([C@@H](O1)n2cnc3c2ncnc3N)O)O
PRMT4,5lgr,QVR,101,1,E,165,C51,50.459,39.608,129.078,6.038,12.0,C,C/C=C/[C@@H]1[C@H]([C@H]([C@@H](O1)n2cnc3c2ncnc3N)O)O
PRMT4,5lgr,QVR,101,1,E,166,C53,50.76,41.788,129.201,13.284,14.0,C,C/C=C/[C@@H]1[C@H]([C@H]([C@@H](O1)n2cnc3c2ncnc3N)O)O
PRMT4,5lgr,QVR,101,1,E,167,C55,50.849,40.854,127.087,7.246,16.0,C,C/C=C/[C@@H]1[C@H]([C@H]([C@@H](O1)n2cnc3c2ncnc3N)O)O
PRMT4,5lgr,QVR,101,1,E,169,N48,50.479,38.326,127.194,21.872,10.0,N,C/C=C/[C@@H]1[C@H]([C@H]([C@@H](O1)n2cnc3c2ncnc3N)O)O
PRMT4,5lgr,QVR,101,1,E,170,N52,50.524,40.671,129.891,17.497,13.0,N,C/C=C/[C@@H]1[C@H]([C@H]([C@@H](O1)n2cnc3c2ncnc3N)O)O
PRMT4,5lgr,QVR,101,1,E,171,N54,50.925,41.942,127.884,19.685,15.0,N,C/C=C/[C@@H]1[C@H]([C@H]([C@@H](O1)n2cnc3c2ncnc3N)O)O
PRMT4,5lgr,QVR,101,1,E,172,N57,51.016,41.014,125.772,14.217,17.0,N,C/C=C/[C@@H]1[C@H]([C@H]([C@@H](O1)n2cnc3c2ncnc3N)O)O
PRMT4,5lgr,QVR,101,1,E,173,O37,51.256,37.047,131.127,13.929,7.0,O,C/C=C/[C@@H]1[C@H]([C@H]([C@@H](O1)n2cnc3c2ncnc3N)O)O
PRMT4,5lgr,QVR,101,1,E,174,O41,47.707,37.506,131.188,32.144,18.0,O,C/C=C/[C@@H]1[C@H]([C@H]([C@@H](O1)n2cnc3c2ncnc3N)O)O
PRMT4,5lgr,QVR,101,1,E,175,O42,49.212,36.758,133.399,26.786,19.0,O,C/C=C/[C@@H]1[C@H]([C@H]([C@@H](O1)n2cnc3c2ncnc3N)O)O
PRMT4,5lgr,QVR,101,1,E,176,H1,51.421,31.952,130.459,5.946,,,C/C=C/[C@@H]1[C@H]([C@H]([C@@H](O1)n2cnc3c2ncnc3N)O)O
PRMT4,5lgr,QVR,101,1,E,177,H29,52.977,32.666,130.126,24.635,,,C/C=C/[C@@H]1[C@H]([C@H]([C@@H](O1)n2cnc3c2ncnc3N)O)O
PRMT4,5lgr,QVR,101,1,E,178,H28,52.273,33.782,132.639,14.441,,,C/C=C/[C@@H]1[C@H]([C@H]([C@@H](O1)n2cnc3c2ncnc3N)O)O
PRMT4,5lgr,QVR,101,1,E,179,H31,50.832,34.603,130.043,7.645,,,C/C=C/[C@@H]1[C@H]([C@H]([C@@H](O1)n2cnc3c2ncnc3N)O)O
PRMT4,5lgr,QVR,101,1,E,180,H61,51.511,35.873,132.767,13.592,,,C/C=C/[C@@H]1[C@H]([C@H]([C@@H](O1)n2cnc3c2ncnc3N)O)O
PRMT4,5lgr,QVR,101,1,E,181,H62,50.033,38.621,131.461,5.946,,,C/C=C/[C@@H]1[C@H]([C@H]([C@@H](O1)n2cnc3c2ncnc3N)O)O
PRMT4,5lgr,QVR,101,1,E,182,H44,48.825,36.121,130.121,8.495,,,C/C=C/[C@@H]1[C@H]([C@H]([C@@H](O1)n2cnc3c2ncnc3N)O)O
PRMT4,5lgr,QVR,101,1,E,183,H43,48.881,35.097,132.361,18.689,,,C/C=C/[C@@H]1[C@H]([C@H]([C@@H](O1)n2cnc3c2ncnc3N)O)O
PRMT4,5lgr,QVR,101,1,E,184,H58,50.125,36.511,128.236,13.592,,,C/C=C/[C@@H]1[C@H]([C@H]([C@@H](O1)n2cnc3c2ncnc3N)O)O
PRMT4,5lgr,QVR,101,1,E,185,H56,50.83,42.706,129.783,30.582,,,C/C=C/[C@@H]1[C@H]([C@H]([C@@H](O1)n2cnc3c2ncnc3N)O)O
PRMT4,5lgr,QVR,101,1,E,186,H59,50.975,40.24,125.117,25.485,,,C/C=C/[C@@H]1[C@H]([C@H]([C@@H](O1)n2cnc3c2ncnc3N)O)O
PRMT4,5lgr,QVR,101,1,E,187,H60,51.191,41.93,125.373,29.732,,,C/C=C/[C@@H]1[C@H]([C@H]([C@@H](O1)n2cnc3c2ncnc3N)O)O
PRMT4,5lgr,QVR,101,1,E,188,H46,47.839,38.004,132.037,14.441,,,C/C=C/[C@@H]1[C@H]([C@H]([C@@H](O1)n2cnc3c2ncnc3N)O)O
PRMT4,5lgr,QVR,101,1,E,189,H45,49.745,37.595,133.361,15.291,,,C/C=C/[C@@H]1[C@H]([C@H]([C@@H](O1)n2cnc3c2ncnc3N)O)O
PRMT4,5lgr,PG6,502,1,B,5471,C1,24.066,33.951,106.22,14.492,0.0,C,COCCOCCOCCOCCOCCOC
PRMT4,5lgr,PG6,502,1,B,5472,O1,24.27,35.3,106.543,16.072,1.0,O,COCCOCCOCCOCCOCCOC
PRMT4,5lgr,PG6,502,1,B,5474,C3,23.906,37.164,107.985,3.623,3.0,C,COCCOCCOCCOCCOCCOC
PRMT4,5lgr,PG6,502,1,B,5475,O2,23.227,37.513,109.161,6.429,4.0,O,COCCOCCOCCOCCOCCOC
PRMT4,5lgr,PG6,502,1,B,5476,C4,22.044,38.258,109.032,1.208,5.0,C,COCCOCCOCCOCCOCCOC
PRMT4,5lgr,PG6,502,1,B,5478,O3,19.665,38.016,109.158,4.286,7.0,O,COCCOCCOCCOCCOCCOC
PRMT4,5lgr,PG6,502,1,B,5479,C6,18.523,37.232,109.382,1.208,8.0,C,COCCOCCOCCOCCOCCOC
PRMT4,5lgr,PG6,502,1,B,5480,C7,18.254,36.391,108.134,1.208,9.0,C,COCCOCCOCCOCCOCCOC
PRMT4,5lgr,PG6,502,1,B,5481,O4,16.984,35.813,108.225,5.357,10.0,O,COCCOCCOCCOCCOCCOC
PRMT4,5lgr,PG6,502,1,B,5482,C8,16.599,35.148,107.053,1.208,11.0,C,COCCOCCOCCOCCOCCOC
PRMT4,5lgr,PG6,502,1,B,5483,C9,15.306,34.385,107.333,1.208,12.0,C,COCCOCCOCCOCCOCCOC
PRMT4,5lgr,PG6,502,1,B,5484,O5,14.479,34.475,106.207,10.715,13.0,O,COCCOCCOCCOCCOCCOC
PRMT4,5lgr,PG6,502,1,B,5486,C11,12.359,34.085,107.248,1.208,15.0,C,COCCOCCOCCOCCOCCOC
PRMT4,5lgr,PG6,502,1,B,5487,O6,11.28,33.194,107.249,10.715,16.0,O,COCCOCCOCCOCCOCCOC
PRMT4,5lgr,PG6,502,1,B,5488,C12,10.403,33.361,108.327,7.246,17.0,C,COCCOCCOCCOCCOCCOC
PRMT4,5lgr,PG6,502,1,B,5489,H11,24.353,33.79,105.308,27.184,,,COCCOCCOCCOCCOCCOC
PRMT4,5lgr,PG6,502,1,B,5490,H12,24.58,33.393,106.824,16.99,,,COCCOCCOCCOCCOCCOC
PRMT4,5lgr,PG6,502,1,B,5491,H13,23.124,33.737,106.305,5.946,,,COCCOCCOCCOCCOCCOC
PRMT4,5lgr,PG6,502,1,B,5492,H21,24.469,35.243,108.483,5.097,,,COCCOCCOCCOCCOCCOC
PRMT4,5lgr,PG6,502,1,B,5494,H31,23.472,37.577,107.222,11.893,,,COCCOCCOCCOCCOCCOC
PRMT4,5lgr,PG6,502,1,B,5495,H32,24.827,37.464,108.038,22.087,,,COCCOCCOCCOCCOCCOC
PRMT4,5lgr,PG6,502,1,B,5496,H41,22.003,38.933,109.728,0.849,,,COCCOCCOCCOCCOCCOC
PRMT4,5lgr,PG6,502,1,B,5497,H42,22.017,38.683,108.161,11.043,,,COCCOCCOCCOCCOCCOC
PRMT4,5lgr,PG6,502,1,B,5499,H52,20.875,36.666,108.438,1.699,,,COCCOCCOCCOCCOCCOC
PRMT4,5lgr,PG6,502,1,B,5500,H61,18.672,36.648,110.142,0.849,,,COCCOCCOCCOCCOCCOC
PRMT4,5lgr,PG6,502,1,B,5501,H62,17.762,37.807,109.557,17.839,,,COCCOCCOCCOCCOCCOC
PRMT4,5lgr,PG6,502,1,B,5502,H71,18.296,36.957,107.348,14.441,,,COCCOCCOCCOCCOCCOC
PRMT4,5lgr,PG6,502,1,B,5503,H72,18.923,35.692,108.066,0.849,,,COCCOCCOCCOCCOCCOC
PRMT4,5lgr,PG6,502,1,B,5504,H81,17.294,34.526,106.786,2.548,,,COCCOCCOCCOCCOCCOC
PRMT4,5lgr,PG6,502,1,B,5505,H82,16.449,35.795,106.345,15.291,,,COCCOCCOCCOCCOCCOC
PRMT4,5lgr,PG6,502,1,B,5506,H91,14.857,34.776,108.099,2.548,,,COCCOCCOCCOCCOCCOC
PRMT4,5lgr,PG6,502,1,B,5509,H102,12.965,33.606,105.33,18.689,,,COCCOCCOCCOCCOCCOC
PRMT4,5lgr,PG6,502,1,B,5510,H111,12.772,34.099,108.126,0.849,,,COCCOCCOCCOCCOCCOC
PRMT4,5lgr,PG6,502,1,B,5511,H112,12.049,34.975,107.018,16.99,,,COCCOCCOCCOCCOCCOC
PRMT4,5lgr,PG6,502,1,B,5512,H121,9.763,32.632,108.34,5.097,,,COCCOCCOCCOCCOCCOC
PRMT4,5lgr,PG6,502,1,B,5513,H122,10.906,33.364,109.156,0.849,,,COCCOCCOCCOCCOCCOC
PRMT4,5lgr,PG6,502,1,B,5514,H123,9.931,34.203,108.233,22.087,,,COCCOCCOCCOCCOCCOC
PRMT4,5lgr,LPD,103,1,F,213,O,30.341,7.556,130.65,27.858,6.0,O,C1C[C@H](NC1)C(=O)N
PRMT4,5lgr,LPD,103,1,F,215,N2,31.967,7.376,132.196,7.655,7.0,N,C1C[C@H](NC1)C(=O)N
PRMT4,5lgr,LPD,103,1,F,218,CD,28.537,10.194,131.245,2.415,4.0,C,C1C[C@H](NC1)C(=O)N
PRMT4,5lgr,LPD,103,1,F,219,CG,28.208,9.268,132.403,2.415,0.0,C,C1C[C@H](NC1)C(=O)N
PRMT4,5lgr,LPD,103,1,F,220,CB,29.47,9.264,133.214,2.415,1.0,C,C1C[C@H](NC1)C(=O)N
PRMT4,5lgr,LPD,103,1,F,221,HN21,32.274,6.461,131.882,30.582,,,C1C[C@H](NC1)C(=O)N
PRMT4,5lgr,LPD,103,1,F,222,HN22,32.482,7.757,132.983,24.635,,,C1C[C@H](NC1)C(=O)N
PRMT4,5lgr,LPD,103,1,F,223,HA,31.488,9.804,132.653,11.043,,,C1C[C@H](NC1)C(=O)N
PRMT4,5lgr,LPD,103,1,F,224,HD3,28.178,9.815,130.289,9.344,,,C1C[C@H](NC1)C(=O)N
PRMT4,5lgr,LPD,103,1,F,225,HD2,28.034,11.153,131.361,16.99,,,C1C[C@H](NC1)C(=O)N
PRMT4,5lgr,LPD,103,1,F,226,HG3,27.334,9.584,132.972,22.087,,,C1C[C@H](NC1)C(=O)N
PRMT4,5lgr,LPD,103,1,F,227,HG2,27.915,8.281,132.046,16.14,,,C1C[C@H](NC1)C(=O)N
PRMT4,5lgr,LPD,103,1,F,228,HB2,29.547,8.36,133.815,17.839,,,C1C[C@H](NC1)C(=O)N
PRMT4,5lgr,LPD,103,1,F,229,HB3,29.52,10.087,133.925,22.936,,,C1C[C@H](NC1)C(=O)N
PRMT4,5lgr,QVR,102,1,F,180,C28,23.799,20.989,121.3,7.246,1.0,C,C/C=C/[C@@H]1[C@H]([C@H]([C@@H](O1)n2cnc3c2ncnc3N)O)O
PRMT4,5lgr,QVR,102,1,F,181,C31,24.267,21.928,120.501,2.415,2.0,C,C/C=C/[C@@H]1[C@H]([C@H]([C@@H](O1)n2cnc3c2ncnc3N)O)O
PRMT4,5lgr,QVR,102,1,F,185,C40,25.753,21.819,118.451,1.208,4.0,C,C/C=C/[C@@H]1[C@H]([C@H]([C@@H](O1)n2cnc3c2ncnc3N)O)O
PRMT4,5lgr,QVR,102,1,F,186,C49,23.868,25.671,118.76,12.076,9.0,C,C/C=C/[C@@H]1[C@H]([C@H]([C@@H](O1)n2cnc3c2ncnc3N)O)O
PRMT4,5lgr,QVR,102,1,F,187,C50,22.927,26.804,117.231,6.038,11.0,C,C/C=C/[C@@H]1[C@H]([C@H]([C@@H](O1)n2cnc3c2ncnc3N)O)O
PRMT4,5lgr,QVR,102,1,F,188,C51,23.253,25.584,116.664,6.038,12.0,C,C/C=C/[C@@H]1[C@H]([C@H]([C@@H](O1)n2cnc3c2ncnc3N)O)O
PRMT4,5lgr,QVR,102,1,F,189,C53,22.386,26.157,114.72,15.699,14.0,C,C/C=C/[C@@H]1[C@H]([C@H]([C@@H](O1)n2cnc3c2ncnc3N)O)O
PRMT4,5lgr,QVR,102,1,F,190,C55,22.274,27.738,116.405,8.453,16.0,C,C/C=C/[C@@H]1[C@H]([C@H]([C@@H](O1)n2cnc3c2ncnc3N)O)O
PRMT4,5lgr,QVR,102,1,F,192,N48,23.324,26.847,118.56,22.965,10.0,N,C/C=C/[C@@H]1[C@H]([C@H]([C@@H](O1)n2cnc3c2ncnc3N)O)O
PRMT4,5lgr,QVR,102,1,F,193,N52,23.011,25.196,115.405,19.685,13.0,N,C/C=C/[C@@H]1[C@H]([C@H]([C@@H](O1)n2cnc3c2ncnc3N)O)O
PRMT4,5lgr,QVR,102,1,F,194,N54,22.013,27.372,115.131,17.497,15.0,N,C/C=C/[C@@H]1[C@H]([C@H]([C@@H](O1)n2cnc3c2ncnc3N)O)O
PRMT4,5lgr,QVR,102,1,F,195,N57,21.904,28.958,116.806,14.217,17.0,N,C/C=C/[C@@H]1[C@H]([C@H]([C@@H](O1)n2cnc3c2ncnc3N)O)O
PRMT4,5lgr,QVR,102,1,F,196,O37,23.544,22.641,118.322,13.929,7.0,O,C/C=C/[C@@H]1[C@H]([C@H]([C@@H](O1)n2cnc3c2ncnc3N)O)O
PRMT4,5lgr,QVR,102,1,F,197,O41,26.774,23.615,117.131,30.001,18.0,O,C/C=C/[C@@H]1[C@H]([C@H]([C@@H](O1)n2cnc3c2ncnc3N)O)O
PRMT4,5lgr,QVR,102,1,F,198,O42,25.948,21.006,117.298,24.644,19.0,O,C/C=C/[C@@H]1[C@H]([C@H]([C@@H](O1)n2cnc3c2ncnc3N)O)O
PRMT4,5lgr,QVR,102,1,F,199,H1,22.806,21.718,123.049,22.936,,,C/C=C/[C@@H]1[C@H]([C@H]([C@@H](O1)n2cnc3c2ncnc3N)O)O
PRMT4,5lgr,QVR,102,1,F,200,H29,24.546,21.677,123.131,5.097,,,C/C=C/[C@@H]1[C@H]([C@H]([C@@H](O1)n2cnc3c2ncnc3N)O)O
PRMT4,5lgr,QVR,102,1,F,201,H28,23.468,20.037,120.888,14.441,,,C/C=C/[C@@H]1[C@H]([C@H]([C@@H](O1)n2cnc3c2ncnc3N)O)O
PRMT4,5lgr,QVR,102,1,F,202,H31,24.606,22.898,120.862,7.645,,,C/C=C/[C@@H]1[C@H]([C@H]([C@@H](O1)n2cnc3c2ncnc3N)O)O
PRMT4,5lgr,QVR,102,1,F,203,H61,23.908,20.701,118.809,11.043,,,C/C=C/[C@@H]1[C@H]([C@H]([C@@H](O1)n2cnc3c2ncnc3N)O)O
PRMT4,5lgr,QVR,102,1,F,204,H62,24.29,23.181,116.522,5.097,,,C/C=C/[C@@H]1[C@H]([C@H]([C@@H](O1)n2cnc3c2ncnc3N)O)O
PRMT4,5lgr,QVR,102,1,F,205,H44,25.957,23.884,119.021,9.344,,,C/C=C/[C@@H]1[C@H]([C@H]([C@@H](O1)n2cnc3c2ncnc3N)O)O
PRMT4,5lgr,QVR,102,1,F,206,H43,26.547,21.501,119.125,17.839,,,C/C=C/[C@@H]1[C@H]([C@H]([C@@H](O1)n2cnc3c2ncnc3N)O)O
PRMT4,5lgr,QVR,102,1,F,207,H58,24.294,25.35,119.709,11.043,,,C/C=C/[C@@H]1[C@H]([C@H]([C@@H](O1)n2cnc3c2ncnc3N)O)O
PRMT4,5lgr,QVR,102,1,F,208,H56,22.145,25.928,113.684,27.184,,,C/C=C/[C@@H]1[C@H]([C@H]([C@@H](O1)n2cnc3c2ncnc3N)O)O
PRMT4,5lgr,QVR,102,1,F,209,H59,22.071,29.299,117.747,24.635,,,C/C=C/[C@@H]1[C@H]([C@H]([C@@H](O1)n2cnc3c2ncnc3N)O)O
PRMT4,5lgr,QVR,102,1,F,210,H60,21.435,29.598,116.174,28.883,,,C/C=C/[C@@H]1[C@H]([C@H]([C@@H](O1)n2cnc3c2ncnc3N)O)O
PRMT4,5lgr,QVR,102,1,F,211,H46,26.569,23.032,116.354,14.441,,,C/C=C/[C@@H]1[C@H]([C@H]([C@@H](O1)n2cnc3c2ncnc3N)O)O
PRMT4,5lgr,QVR,102,1,F,212,H45,25.241,21.217,116.634,13.592,,,C/C=C/[C@@H]1[C@H]([C@H]([C@@H](O1)n2cnc3c2ncnc3N)O)O
PRMT4,5lgr,LPD,101,1,G,108,O,25.173,19.779,171.778,27.858,6.0,O,C1C[C@H](NC1)C(=O)N
PRMT4,5lgr,LPD,101,1,G,109,C,25.483,18.72,172.33,2.415,5.0,C,C1C[C@H](NC1)C(=O)N
PRMT4,5lgr,LPD,101,1,G,110,N2,25.616,17.575,171.681,8.749,7.0,N,C1C[C@H](NC1)C(=O)N
PRMT4,5lgr,LPD,101,1,G,114,CG,23.558,19.134,174.83,3.623,0.0,C,C1C[C@H](NC1)C(=O)N
PRMT4,5lgr,LPD,101,1,G,115,CB,24.528,18.021,174.552,1.208,1.0,C,C1C[C@H](NC1)C(=O)N
PRMT4,5lgr,LPD,101,1,G,116,HN21,25.477,17.51,170.678,29.732,,,C1C[C@H](NC1)C(=O)N
PRMT4,5lgr,LPD,101,1,G,117,HN22,25.861,16.703,172.139,22.087,,,C1C[C@H](NC1)C(=O)N
PRMT4,5lgr,LPD,101,1,G,118,HA,26.626,18.108,174.029,13.592,,,C1C[C@H](NC1)C(=O)N
PRMT4,5lgr,LPD,101,1,G,119,HD3,24.071,21.244,174.628,11.893,,,C1C[C@H](NC1)C(=O)N
PRMT4,5lgr,LPD,101,1,G,120,HD2,24.513,20.556,176.143,16.99,,,C1C[C@H](NC1)C(=O)N
PRMT4,5lgr,LPD,101,1,G,121,HG3,22.888,18.919,175.661,24.635,,,C1C[C@H](NC1)C(=O)N
PRMT4,5lgr,LPD,101,1,G,122,HG2,22.868,19.325,174.01,18.689,,,C1C[C@H](NC1)C(=O)N
PRMT4,5lgr,LPD,101,1,G,123,HB2,24.064,17.242,173.949,16.99,,,C1C[C@H](NC1)C(=O)N
PRMT4,5lgr,LPD,101,1,G,124,HB3,24.865,17.517,175.457,22.936,,,C1C[C@H](NC1)C(=O)N
PRMT4,5lgr,QVR,102,1,G,125,C24,24.683,33.43,181.972,1.208,0.0,C,C/C=C/[C@@H]1[C@H]([C@H]([C@@H](O1)n2cnc3c2ncnc3N)O)O
PRMT4,5lgr,QVR,102,1,G,126,C28,25.106,34.689,181.279,8.453,1.0,C,C/C=C/[C@@H]1[C@H]([C@H]([C@@H](O1)n2cnc3c2ncnc3N)O)O
PRMT4,5lgr,QVR,102,1,G,127,C31,26.066,35.49,181.699,2.415,2.0,C,C/C=C/[C@@H]1[C@H]([C@H]([C@@H](O1)n2cnc3c2ncnc3N)O)O
PRMT4,5lgr,QVR,102,1,G,132,C49,26.952,38.4,184.557,13.284,9.0,C,C/C=C/[C@@H]1[C@H]([C@H]([C@@H](O1)n2cnc3c2ncnc3N)O)O
PRMT4,5lgr,QVR,102,1,G,133,C50,26.764,40.433,185.142,7.246,11.0,C,C/C=C/[C@@H]1[C@H]([C@H]([C@@H](O1)n2cnc3c2ncnc3N)O)O
PRMT4,5lgr,QVR,102,1,G,134,C51,26.91,40.436,183.764,6.038,12.0,C,C/C=C/[C@@H]1[C@H]([C@H]([C@@H](O1)n2cnc3c2ncnc3N)O)O
PRMT4,5lgr,QVR,102,1,G,135,C53,26.778,42.634,183.671,15.699,14.0,C,C/C=C/[C@@H]1[C@H]([C@H]([C@@H](O1)n2cnc3c2ncnc3N)O)O
PRMT4,5lgr,QVR,102,1,G,136,C55,26.613,41.681,185.772,8.453,16.0,C,C/C=C/[C@@H]1[C@H]([C@H]([C@@H](O1)n2cnc3c2ncnc3N)O)O
PRMT4,5lgr,QVR,102,1,G,138,N48,26.793,39.134,185.631,21.872,10.0,N,C/C=C/[C@@H]1[C@H]([C@H]([C@@H](O1)n2cnc3c2ncnc3N)O)O
PRMT4,5lgr,QVR,102,1,G,139,N52,26.927,41.511,182.966,15.31,13.0,N,C/C=C/[C@@H]1[C@H]([C@H]([C@@H](O1)n2cnc3c2ncnc3N)O)O
PRMT4,5lgr,QVR,102,1,G,140,N54,26.625,42.783,184.99,18.591,15.0,N,C/C=C/[C@@H]1[C@H]([C@H]([C@@H](O1)n2cnc3c2ncnc3N)O)O
PRMT4,5lgr,QVR,102,1,G,141,N57,26.46,41.838,187.09,14.217,17.0,N,C/C=C/[C@@H]1[C@H]([C@H]([C@@H](O1)n2cnc3c2ncnc3N)O)O
PRMT4,5lgr,QVR,102,1,G,142,O37,26.041,37.891,181.667,16.072,7.0,O,C/C=C/[C@@H]1[C@H]([C@H]([C@@H](O1)n2cnc3c2ncnc3N)O)O
PRMT4,5lgr,QVR,102,1,G,143,O41,29.596,38.314,181.685,30.001,18.0,O,C/C=C/[C@@H]1[C@H]([C@H]([C@@H](O1)n2cnc3c2ncnc3N)O)O
PRMT4,5lgr,QVR,102,1,G,144,O42,28.146,37.603,179.437,25.715,19.0,O,C/C=C/[C@@H]1[C@H]([C@H]([C@@H](O1)n2cnc3c2ncnc3N)O)O
PRMT4,5lgr,QVR,102,1,G,145,H1,25.565,33.034,182.473,7.645,,,C/C=C/[C@@H]1[C@H]([C@H]([C@@H](O1)n2cnc3c2ncnc3N)O)O
PRMT4,5lgr,QVR,102,1,G,146,H29,23.96,33.65,182.756,25.485,,,C/C=C/[C@@H]1[C@H]([C@H]([C@@H](O1)n2cnc3c2ncnc3N)O)O
PRMT4,5lgr,QVR,102,1,G,147,H28,24.557,34.925,180.368,15.291,,,C/C=C/[C@@H]1[C@H]([C@H]([C@@H](O1)n2cnc3c2ncnc3N)O)O
PRMT4,5lgr,QVR,102,1,G,148,H31,26.638,35.3,182.606,9.344,,,C/C=C/[C@@H]1[C@H]([C@H]([C@@H](O1)n2cnc3c2ncnc3N)O)O
PRMT4,5lgr,QVR,102,1,G,149,H61,25.809,36.741,180.006,11.893,,,C/C=C/[C@@H]1[C@H]([C@H]([C@@H](O1)n2cnc3c2ncnc3N)O)O
PRMT4,5lgr,QVR,102,1,G,150,H62,27.285,39.456,181.369,3.398,,,C/C=C/[C@@H]1[C@H]([C@H]([C@@H](O1)n2cnc3c2ncnc3N)O)O
PRMT4,5lgr,QVR,102,1,G,151,H44,28.439,36.932,182.714,8.495,,,C/C=C/[C@@H]1[C@H]([C@H]([C@@H](O1)n2cnc3c2ncnc3N)O)O
PRMT4,5lgr,QVR,102,1,G,152,H43,28.424,35.929,180.467,19.538,,,C/C=C/[C@@H]1[C@H]([C@H]([C@@H](O1)n2cnc3c2ncnc3N)O)O
PRMT4,5lgr,QVR,102,1,G,153,H58,27.019,37.313,184.566,14.441,,,C/C=C/[C@@H]1[C@H]([C@H]([C@@H](O1)n2cnc3c2ncnc3N)O)O
PRMT4,5lgr,QVR,102,1,G,154,H56,26.781,43.563,183.102,29.732,,,C/C=C/[C@@H]1[C@H]([C@H]([C@@H](O1)n2cnc3c2ncnc3N)O)O
PRMT4,5lgr,QVR,102,1,G,155,H59,26.441,41.055,187.736,24.635,,,C/C=C/[C@@H]1[C@H]([C@H]([C@@H](O1)n2cnc3c2ncnc3N)O)O
PRMT4,5lgr,QVR,102,1,G,156,H60,26.355,42.76,187.501,28.883,,,C/C=C/[C@@H]1[C@H]([C@H]([C@@H](O1)n2cnc3c2ncnc3N)O)O
PRMT4,5lgr,QVR,102,1,G,157,H46,29.469,38.864,180.868,13.592,,,C/C=C/[C@@H]1[C@H]([C@H]([C@@H](O1)n2cnc3c2ncnc3N)O)O
PRMT4,5lgr,QVR,102,1,G,158,H45,27.605,38.436,179.456,13.592,,,C/C=C/[C@@H]1[C@H]([C@H]([C@@H](O1)n2cnc3c2ncnc3N)O)O
PRMT4,5lgr,LPD,103,1,H,213,O,44.913,7.029,182.088,26.786,6.0,O,C1C[C@H](NC1)C(=O)N
PRMT4,5lgr,LPD,103,1,H,214,C,44.321,7.499,181.113,1.208,5.0,C,C1C[C@H](NC1)C(=O)N
PRMT4,5lgr,LPD,103,1,H,215,N2,43.363,6.855,180.465,8.749,7.0,N,C1C[C@H](NC1)C(=O)N
PRMT4,5lgr,LPD,103,1,H,219,CG,47.039,8.672,180.302,2.415,0.0,C,C1C[C@H](NC1)C(=O)N
PRMT4,5lgr,LPD,103,1,H,220,CB,45.77,8.807,179.518,2.415,1.0,C,C1C[C@H](NC1)C(=O)N
PRMT4,5lgr,LPD,103,1,H,221,HN21,43.062,5.926,180.742,28.883,,,C1C[C@H](NC1)C(=O)N
PRMT4,5lgr,LPD,103,1,H,222,HN22,42.876,7.245,179.664,23.786,,,C1C[C@H](NC1)C(=O)N
PRMT4,5lgr,LPD,103,1,H,223,HA,43.781,9.346,180.178,12.742,,,C1C[C@H](NC1)C(=O)N
PRMT4,5lgr,LPD,103,1,H,224,HD3,47.15,9.116,182.438,8.495,,,C1C[C@H](NC1)C(=O)N
PRMT4,5lgr,LPD,103,1,H,225,HD2,47.354,10.493,181.425,17.839,,,C1C[C@H](NC1)C(=O)N
PRMT4,5lgr,LPD,103,1,H,226,HG3,47.926,8.95,179.734,25.485,,,C1C[C@H](NC1)C(=O)N
PRMT4,5lgr,LPD,103,1,H,227,HG2,47.26,7.649,180.605,16.99,,,C1C[C@H](NC1)C(=O)N
PRMT4,5lgr,LPD,103,1,H,228,HB2,45.632,7.964,178.842,16.99,,,C1C[C@H](NC1)C(=O)N
PRMT4,5lgr,LPD,103,1,H,229,HB3,45.75,9.693,178.885,21.237,,,C1C[C@H](NC1)C(=O)N
PRMT4,5lgr,QVR,102,1,H,180,C28,52.481,19.781,191.58,8.453,1.0,C,C/C=C/[C@@H]1[C@H]([C@H]([C@@H](O1)n2cnc3c2ncnc3N)O)O
PRMT4,5lgr,QVR,102,1,H,181,C31,52.267,20.821,192.361,6.038,2.0,C,C/C=C/[C@@H]1[C@H]([C@H]([C@@H](O1)n2cnc3c2ncnc3N)O)O
PRMT4,5lgr,QVR,102,1,H,184,C39,50.775,22.298,194.728,1.208,5.0,C,C/C=C/[C@@H]1[C@H]([C@H]([C@@H](O1)n2cnc3c2ncnc3N)O)O
PRMT4,5lgr,QVR,102,1,H,186,C49,52.784,24.611,194.166,12.076,9.0,C,C/C=C/[C@@H]1[C@H]([C@H]([C@@H](O1)n2cnc3c2ncnc3N)O)O
PRMT4,5lgr,QVR,102,1,H,187,C50,53.824,25.629,195.711,7.246,11.0,C,C/C=C/[C@@H]1[C@H]([C@H]([C@@H](O1)n2cnc3c2ncnc3N)O)O
PRMT4,5lgr,QVR,102,1,H,188,C51,53.428,24.414,196.246,6.038,12.0,C,C/C=C/[C@@H]1[C@H]([C@H]([C@@H](O1)n2cnc3c2ncnc3N)O)O
PRMT4,5lgr,QVR,102,1,H,189,C53,54.35,24.872,198.195,16.907,14.0,C,C/C=C/[C@@H]1[C@H]([C@H]([C@@H](O1)n2cnc3c2ncnc3N)O)O
PRMT4,5lgr,QVR,102,1,H,190,C55,54.551,26.49,196.554,9.661,16.0,C,C/C=C/[C@@H]1[C@H]([C@H]([C@@H](O1)n2cnc3c2ncnc3N)O)O
PRMT4,5lgr,QVR,102,1,H,192,N48,53.408,25.742,194.393,22.965,10.0,N,C/C=C/[C@@H]1[C@H]([C@H]([C@@H](O1)n2cnc3c2ncnc3N)O)O
PRMT4,5lgr,QVR,102,1,H,193,N52,53.66,23.973,197.489,14.217,13.0,N,C/C=C/[C@@H]1[C@H]([C@H]([C@@H](O1)n2cnc3c2ncnc3N)O)O
PRMT4,5lgr,QVR,102,1,H,194,N54,54.798,26.072,197.815,18.591,15.0,N,C/C=C/[C@@H]1[C@H]([C@H]([C@@H](O1)n2cnc3c2ncnc3N)O)O
PRMT4,5lgr,QVR,102,1,H,195,N57,55.021,27.682,196.175,12.029,17.0,N,C/C=C/[C@@H]1[C@H]([C@H]([C@@H](O1)n2cnc3c2ncnc3N)O)O
PRMT4,5lgr,QVR,102,1,H,196,O37,52.992,21.548,194.535,16.072,7.0,O,C/C=C/[C@@H]1[C@H]([C@H]([C@@H](O1)n2cnc3c2ncnc3N)O)O
PRMT4,5lgr,QVR,102,1,H,197,O41,49.793,22.654,195.695,31.072,18.0,O,C/C=C/[C@@H]1[C@H]([C@H]([C@@H](O1)n2cnc3c2ncnc3N)O)O
PRMT4,5lgr,QVR,102,1,H,198,O42,50.518,20.004,195.546,26.786,19.0,O,C/C=C/[C@@H]1[C@H]([C@H]([C@@H](O1)n2cnc3c2ncnc3N)O)O
PRMT4,5lgr,QVR,102,1,H,199,H1,53.567,20.232,189.79,25.485,,,C/C=C/[C@@H]1[C@H]([C@H]([C@@H](O1)n2cnc3c2ncnc3N)O)O
PRMT4,5lgr,QVR,102,1,H,200,H29,51.851,20.55,189.736,7.645,,,C/C=C/[C@@H]1[C@H]([C@H]([C@@H](O1)n2cnc3c2ncnc3N)O)O
PRMT4,5lgr,QVR,102,1,H,201,H28,52.586,18.787,192.014,13.592,,,C/C=C/[C@@H]1[C@H]([C@H]([C@@H](O1)n2cnc3c2ncnc3N)O)O
PRMT4,5lgr,QVR,102,1,H,202,H31,52.162,21.839,191.987,8.495,,,C/C=C/[C@@H]1[C@H]([C@H]([C@@H](O1)n2cnc3c2ncnc3N)O)O
PRMT4,5lgr,QVR,102,1,H,203,H61,52.559,19.616,194.079,12.742,,,C/C=C/[C@@H]1[C@H]([C@H]([C@@H](O1)n2cnc3c2ncnc3N)O)O
PRMT4,5lgr,QVR,102,1,H,204,H62,52.243,22.084,196.334,2.548,,,C/C=C/[C@@H]1[C@H]([C@H]([C@@H](O1)n2cnc3c2ncnc3N)O)O
PRMT4,5lgr,QVR,102,1,H,205,H44,50.648,22.878,193.815,10.194,,,C/C=C/[C@@H]1[C@H]([C@H]([C@@H](O1)n2cnc3c2ncnc3N)O)O
PRMT4,5lgr,QVR,102,1,H,206,H43,49.955,20.519,193.712,17.839,,,C/C=C/[C@@H]1[C@H]([C@H]([C@@H](O1)n2cnc3c2ncnc3N)O)O
PRMT4,5lgr,QVR,102,1,H,207,H58,52.318,24.351,193.216,11.893,,,C/C=C/[C@@H]1[C@H]([C@H]([C@@H](O1)n2cnc3c2ncnc3N)O)O
PRMT4,5lgr,QVR,102,1,H,208,H56,54.583,24.599,199.223,28.033,,,C/C=C/[C@@H]1[C@H]([C@H]([C@@H](O1)n2cnc3c2ncnc3N)O)O
PRMT4,5lgr,QVR,102,1,H,209,H59,54.883,28.053,195.24,23.786,,,C/C=C/[C@@H]1[C@H]([C@H]([C@@H](O1)n2cnc3c2ncnc3N)O)O
PRMT4,5lgr,QVR,102,1,H,210,H60,55.541,28.271,196.818,29.732,,,C/C=C/[C@@H]1[C@H]([C@H]([C@@H](O1)n2cnc3c2ncnc3N)O)O
PRMT4,5lgr,QVR,102,1,H,211,H46,49.923,22.025,196.452,13.592,,,C/C=C/[C@@H]1[C@H]([C@H]([C@@H](O1)n2cnc3c2ncnc3N)O)O
PRMT4,5lgr,QVR,102,1,H,212,H45,51.233,20.181,196.212,14.441,,,C/C=C/[C@@H]1[C@H]([C@H]([C@@H](O1)n2cnc3c2ncnc3N)O)O
PRMT4,5lgs,DXE,502,1,A,5504,C4,76.974,37.221,132.931,8.453,5.0,C,COCCOC
PRMT4,5lgs,DXE,502,1,A,5505,O2,76.717,38.56,133.251,7.5,4.0,O,COCCOC
PRMT4,5lgs,DXE,502,1,A,5506,C3,75.696,39.137,132.485,1.208,3.0,C,COCCOC
PRMT4,5lgs,DXE,502,1,A,5507,C2,75.74,40.66,132.627,4.831,2.0,C,COCCOC
PRMT4,5lgs,DXE,502,1,A,5508,O1,74.551,41.229,132.146,7.5,1.0,O,COCCOC
PRMT4,5lgs,DXE,502,1,A,5509,C1,74.331,41.114,130.765,2.415,0.0,C,COCCOC
PRMT4,5lgs,DXE,502,1,A,5511,H42,77.14,37.142,131.979,16.99,,,COCCOC
PRMT4,5lgs,DXE,502,1,A,5512,H43,77.753,36.915,133.422,19.538,,,COCCOC
PRMT4,5lgs,DXE,502,1,A,5513,H31,75.818,38.897,131.553,7.645,,,COCCOC
PRMT4,5lgs,DXE,502,1,A,5515,H21,76.49,41.008,132.119,16.99,,,COCCOC
PRMT4,5lgs,DXE,502,1,A,5516,H22,75.851,40.892,133.562,5.097,,,COCCOC
PRMT4,5lgs,DXE,502,1,A,5518,H12,75.014,41.611,130.287,19.538,,,COCCOC
PRMT4,5lgs,DXE,502,1,A,5519,H13,74.372,40.18,130.508,5.097,,,COCCOC
PRMT4,5lgs,DXE,501,1,B,5501,C4,6.73,11.925,135.033,12.076,5.0,C,COCCOC
PRMT4,5lgs,DXE,501,1,B,5502,O2,8.059,11.592,134.75,4.286,4.0,O,COCCOC
PRMT4,5lgs,DXE,501,1,B,5503,C3,9.007,12.464,135.299,1.208,3.0,C,COCCOC
PRMT4,5lgs,DXE,501,1,B,5505,O1,10.473,10.584,135.206,13.929,1.0,O,COCCOC
PRMT4,5lgs,DXE,501,1,B,5506,C1,11.581,9.946,134.637,7.246,0.0,C,COCCOC
PRMT4,5lgs,DXE,501,1,B,5507,H41,6.137,11.338,134.538,19.538,,,COCCOC
PRMT4,5lgs,DXE,501,1,B,5508,H42,6.565,12.845,134.775,9.344,,,COCCOC
PRMT4,5lgs,DXE,501,1,B,5509,H43,6.567,11.822,135.984,22.087,,,COCCOC
PRMT4,5lgs,DXE,501,1,B,5510,H31,8.882,13.352,134.929,2.548,,,COCCOC
PRMT4,5lgs,DXE,501,1,B,5511,H32,8.899,12.496,136.262,17.839,,,COCCOC
PRMT4,5lgs,DXE,501,1,B,5512,H21,11.061,12.42,135.508,5.946,,,COCCOC
PRMT4,5lgs,DXE,501,1,B,5514,H11,11.594,9.015,134.911,16.14,,,COCCOC
PRMT4,5lgs,DXE,501,1,B,5515,H12,11.523,9.997,133.67,3.398,,,COCCOC
PRMT4,5lgs,DXE,501,1,B,5516,H13,12.394,10.382,134.935,1.699,,,COCCOC
PRMT4,5lgs,DXE,502,1,D,5510,C4,68.014,34.75,149.918,13.284,5.0,C,COCCOC
PRMT4,5lgs,DXE,502,1,D,5511,O2,67.319,33.794,150.675,17.143,4.0,O,COCCOC
PRMT4,5lgs,DXE,502,1,D,5513,C2,65.287,35.027,151.035,1.208,2.0,C,COCCOC
PRMT4,5lgs,DXE,502,1,D,5514,O1,63.894,34.901,151.051,3.214,1.0,O,COCCOC
PRMT4,5lgs,DXE,502,1,D,5515,C1,63.229,36.119,151.247,12.076,0.0,C,COCCOC
PRMT4,5lgs,DXE,502,1,D,5516,H41,68.944,34.767,150.193,26.334,,,COCCOC
PRMT4,5lgs,DXE,502,1,D,5517,H42,67.959,34.521,148.977,22.087,,,COCCOC
PRMT4,5lgs,DXE,502,1,D,5518,H43,67.619,35.625,150.061,13.592,,,COCCOC
PRMT4,5lgs,DXE,502,1,D,5519,H31,65.727,33.658,149.552,12.742,,,COCCOC
PRMT4,5lgs,DXE,502,1,D,5521,H21,65.604,35.19,151.937,16.14,,,COCCOC
PRMT4,5lgs,DXE,502,1,D,5522,H22,65.536,35.773,150.468,7.645,,,COCCOC
PRMT4,5lgs,DXE,502,1,D,5523,H11,63.441,36.465,152.128,12.742,,,COCCOC
PRMT4,5lgs,DXE,502,1,D,5524,H12,63.513,36.755,150.572,22.087,,,COCCOC
PRMT4,5lgs,DXE,502,1,D,5525,H13,62.271,35.979,151.176,10.194,,,COCCOC
PRMT4,5lgs,QVR,1001,1,E,117,C24,52.466,32.456,130.678,1.208,0.0,C,C/C=C/[C@@H]1[C@H]([C@H]([C@@H](O1)n2cnc3c2ncnc3N)O)O
PRMT4,5lgs,QVR,1001,1,E,118,C28,52.075,33.727,131.368,7.246,1.0,C,C/C=C/[C@@H]1[C@H]([C@H]([C@@H](O1)n2cnc3c2ncnc3N)O)O
PRMT4,5lgs,QVR,1001,1,E,119,C31,51.3,34.658,130.846,3.623,2.0,C,C/C=C/[C@@H]1[C@H]([C@H]([C@@H](O1)n2cnc3c2ncnc3N)O)O
PRMT4,5lgs,QVR,1001,1,E,122,C39,49.017,36.821,130.727,1.208,5.0,C,C/C=C/[C@@H]1[C@H]([C@H]([C@@H](O1)n2cnc3c2ncnc3N)O)O
PRMT4,5lgs,QVR,1001,1,E,123,C40,49.496,36.048,131.955,1.208,4.0,C,C/C=C/[C@@H]1[C@H]([C@H]([C@@H](O1)n2cnc3c2ncnc3N)O)O
PRMT4,5lgs,QVR,1001,1,E,124,C49,50.376,37.598,128.029,12.076,9.0,C,C/C=C/[C@@H]1[C@H]([C@H]([C@@H](O1)n2cnc3c2ncnc3N)O)O
PRMT4,5lgs,QVR,1001,1,E,125,C50,50.645,39.624,127.458,6.038,11.0,C,C/C=C/[C@@H]1[C@H]([C@H]([C@@H](O1)n2cnc3c2ncnc3N)O)O
PRMT4,5lgs,QVR,1001,1,E,126,C51,50.525,39.626,128.838,7.246,12.0,C,C/C=C/[C@@H]1[C@H]([C@H]([C@@H](O1)n2cnc3c2ncnc3N)O)O
PRMT4,5lgs,QVR,1001,1,E,127,C53,50.785,41.81,128.95,15.699,14.0,C,C/C=C/[C@@H]1[C@H]([C@H]([C@@H](O1)n2cnc3c2ncnc3N)O)O
PRMT4,5lgs,QVR,1001,1,E,128,C55,50.853,40.872,126.837,7.246,16.0,C,C/C=C/[C@@H]1[C@H]([C@H]([C@@H](O1)n2cnc3c2ncnc3N)O)O
PRMT4,5lgs,QVR,1001,1,E,130,N48,50.548,38.336,126.957,22.965,10.0,N,C/C=C/[C@@H]1[C@H]([C@H]([C@@H](O1)n2cnc3c2ncnc3N)O)O
PRMT4,5lgs,QVR,1001,1,E,131,N52,50.582,40.689,129.647,15.31,13.0,N,C/C=C/[C@@H]1[C@H]([C@H]([C@@H](O1)n2cnc3c2ncnc3N)O)O
PRMT4,5lgs,QVR,1001,1,E,132,N54,50.92,41.964,127.631,19.685,15.0,N,C/C=C/[C@@H]1[C@H]([C@H]([C@@H](O1)n2cnc3c2ncnc3N)O)O
PRMT4,5lgs,QVR,1001,1,E,133,N57,50.991,41.034,125.519,12.029,17.0,N,C/C=C/[C@@H]1[C@H]([C@H]([C@@H](O1)n2cnc3c2ncnc3N)O)O
PRMT4,5lgs,QVR,1001,1,E,134,O37,51.349,37.058,130.899,13.929,7.0,O,C/C=C/[C@@H]1[C@H]([C@H]([C@@H](O1)n2cnc3c2ncnc3N)O)O
PRMT4,5lgs,QVR,1001,1,E,135,O41,47.795,37.512,130.957,30.001,18.0,O,C/C=C/[C@@H]1[C@H]([C@H]([C@@H](O1)n2cnc3c2ncnc3N)O)O
PRMT4,5lgs,QVR,1001,1,E,136,O42,49.29,36.776,133.161,27.858,19.0,O,C/C=C/[C@@H]1[C@H]([C@H]([C@@H](O1)n2cnc3c2ncnc3N)O)O
PRMT4,5lgs,QVR,1001,1,E,137,H30,53.182,32.657,129.882,24.635,,,C/C=C/[C@@H]1[C@H]([C@H]([C@@H](O1)n2cnc3c2ncnc3N)O)O
PRMT4,5lgs,QVR,1001,1,E,138,H29,51.57,32.07,130.194,8.495,,,C/C=C/[C@@H]1[C@H]([C@H]([C@@H](O1)n2cnc3c2ncnc3N)O)O
PRMT4,5lgs,QVR,1001,1,E,139,H28,52.48,33.854,132.371,14.441,,,C/C=C/[C@@H]1[C@H]([C@H]([C@@H](O1)n2cnc3c2ncnc3N)O)O
PRMT4,5lgs,QVR,1001,1,E,140,H31,50.872,34.583,129.848,8.495,,,C/C=C/[C@@H]1[C@H]([C@H]([C@@H](O1)n2cnc3c2ncnc3N)O)O
PRMT4,5lgs,QVR,1001,1,E,141,H61,51.595,35.891,132.546,13.592,,,C/C=C/[C@@H]1[C@H]([C@H]([C@@H](O1)n2cnc3c2ncnc3N)O)O
PRMT4,5lgs,QVR,1001,1,E,142,H62,50.129,38.636,131.229,5.946,,,C/C=C/[C@@H]1[C@H]([C@H]([C@@H](O1)n2cnc3c2ncnc3N)O)O
PRMT4,5lgs,QVR,1001,1,E,143,H44,48.92,36.137,129.885,8.495,,,C/C=C/[C@@H]1[C@H]([C@H]([C@@H](O1)n2cnc3c2ncnc3N)O)O
PRMT4,5lgs,QVR,1001,1,E,144,H43,48.965,35.113,132.125,18.689,,,C/C=C/[C@@H]1[C@H]([C@H]([C@@H](O1)n2cnc3c2ncnc3N)O)O
PRMT4,5lgs,QVR,1001,1,E,145,H58,50.261,36.516,128.012,13.592,,,C/C=C/[C@@H]1[C@H]([C@H]([C@@H](O1)n2cnc3c2ncnc3N)O)O
PRMT4,5lgs,QVR,1001,1,E,146,H56,50.849,42.73,129.529,30.582,,,C/C=C/[C@@H]1[C@H]([C@H]([C@@H](O1)n2cnc3c2ncnc3N)O)O
PRMT4,5lgs,QVR,1001,1,E,147,H59,50.955,40.258,124.865,24.635,,,C/C=C/[C@@H]1[C@H]([C@H]([C@@H](O1)n2cnc3c2ncnc3N)O)O
PRMT4,5lgs,QVR,1001,1,E,148,H60,51.139,41.953,125.115,28.033,,,C/C=C/[C@@H]1[C@H]([C@H]([C@@H](O1)n2cnc3c2ncnc3N)O)O
PRMT4,5lgs,QVR,1001,1,E,149,H46,48.026,38.478,130.939,14.441,,,C/C=C/[C@@H]1[C@H]([C@H]([C@@H](O1)n2cnc3c2ncnc3N)O)O
PRMT4,5lgs,QVR,1001,1,E,150,H45,49.828,37.61,133.127,16.99,,,C/C=C/[C@@H]1[C@H]([C@H]([C@@H](O1)n2cnc3c2ncnc3N)O)O
PRMT4,5lgs,QVR,1001,1,F,134,C28,23.929,20.901,121.351,6.038,1.0,C,C/C=C/[C@@H]1[C@H]([C@H]([C@@H](O1)n2cnc3c2ncnc3N)O)O
PRMT4,5lgs,QVR,1001,1,F,135,C31,24.273,21.908,120.572,2.415,2.0,C,C/C=C/[C@@H]1[C@H]([C@H]([C@@H](O1)n2cnc3c2ncnc3N)O)O
PRMT4,5lgs,QVR,1001,1,F,139,C40,25.86,21.83,118.598,1.208,4.0,C,C/C=C/[C@@H]1[C@H]([C@H]([C@@H](O1)n2cnc3c2ncnc3N)O)O
PRMT4,5lgs,QVR,1001,1,F,140,C49,24.031,25.721,118.797,12.076,9.0,C,C/C=C/[C@@H]1[C@H]([C@H]([C@@H](O1)n2cnc3c2ncnc3N)O)O
PRMT4,5lgs,QVR,1001,1,F,141,C50,23.11,26.826,117.236,6.038,11.0,C,C/C=C/[C@@H]1[C@H]([C@H]([C@@H](O1)n2cnc3c2ncnc3N)O)O
PRMT4,5lgs,QVR,1001,1,F,142,C51,23.44,25.595,116.696,6.038,12.0,C,C/C=C/[C@@H]1[C@H]([C@H]([C@@H](O1)n2cnc3c2ncnc3N)O)O
PRMT4,5lgs,QVR,1001,1,F,143,C53,22.593,26.132,114.734,15.699,14.0,C,C/C=C/[C@@H]1[C@H]([C@H]([C@@H](O1)n2cnc3c2ncnc3N)O)O
PRMT4,5lgs,QVR,1001,1,F,144,C55,22.468,27.745,116.385,8.453,16.0,C,C/C=C/[C@@H]1[C@H]([C@H]([C@@H](O1)n2cnc3c2ncnc3N)O)O
PRMT4,5lgs,QVR,1001,1,F,146,N48,23.49,26.893,118.569,21.872,10.0,N,C/C=C/[C@@H]1[C@H]([C@H]([C@@H](O1)n2cnc3c2ncnc3N)O)O
PRMT4,5lgs,QVR,1001,1,F,147,N52,23.209,25.184,115.443,16.404,13.0,N,C/C=C/[C@@H]1[C@H]([C@H]([C@@H](O1)n2cnc3c2ncnc3N)O)O
PRMT4,5lgs,QVR,1001,1,F,148,N54,22.217,27.355,115.117,17.497,15.0,N,C/C=C/[C@@H]1[C@H]([C@H]([C@@H](O1)n2cnc3c2ncnc3N)O)O
PRMT4,5lgs,QVR,1001,1,F,149,N57,22.107,28.977,116.755,14.217,17.0,N,C/C=C/[C@@H]1[C@H]([C@H]([C@@H](O1)n2cnc3c2ncnc3N)O)O
PRMT4,5lgs,QVR,1001,1,F,150,O37,23.666,22.681,118.384,15.0,7.0,O,C/C=C/[C@@H]1[C@H]([C@H]([C@@H](O1)n2cnc3c2ncnc3N)O)O
PRMT4,5lgs,QVR,1001,1,F,151,O41,26.948,23.61,117.31,31.072,18.0,O,C/C=C/[C@@H]1[C@H]([C@H]([C@@H](O1)n2cnc3c2ncnc3N)O)O
PRMT4,5lgs,QVR,1001,1,F,152,O42,26.115,21.019,117.457,24.644,19.0,O,C/C=C/[C@@H]1[C@H]([C@H]([C@@H](O1)n2cnc3c2ncnc3N)O)O
PRMT4,5lgs,QVR,1001,1,F,153,H30,24.624,21.475,123.29,6.796,,,C/C=C/[C@@H]1[C@H]([C@H]([C@@H](O1)n2cnc3c2ncnc3N)O)O
PRMT4,5lgs,QVR,1001,1,F,154,H29,22.915,21.669,123.011,22.936,,,C/C=C/[C@@H]1[C@H]([C@H]([C@@H](O1)n2cnc3c2ncnc3N)O)O
PRMT4,5lgs,QVR,1001,1,F,155,H28,23.751,19.915,120.925,15.291,,,C/C=C/[C@@H]1[C@H]([C@H]([C@@H](O1)n2cnc3c2ncnc3N)O)O
PRMT4,5lgs,QVR,1001,1,F,156,H31,24.457,22.912,120.951,8.495,,,C/C=C/[C@@H]1[C@H]([C@H]([C@@H](O1)n2cnc3c2ncnc3N)O)O
PRMT4,5lgs,QVR,1001,1,F,157,H61,23.987,20.726,118.836,12.742,,,C/C=C/[C@@H]1[C@H]([C@H]([C@@H](O1)n2cnc3c2ncnc3N)O)O
PRMT4,5lgs,QVR,1001,1,F,158,H62,24.488,23.193,116.609,5.946,,,C/C=C/[C@@H]1[C@H]([C@H]([C@@H](O1)n2cnc3c2ncnc3N)O)O
PRMT4,5lgs,QVR,1001,1,F,159,H44,26.061,23.898,119.167,9.344,,,C/C=C/[C@@H]1[C@H]([C@H]([C@@H](O1)n2cnc3c2ncnc3N)O)O
PRMT4,5lgs,QVR,1001,1,F,160,H43,26.617,21.511,119.312,18.689,,,C/C=C/[C@@H]1[C@H]([C@H]([C@@H](O1)n2cnc3c2ncnc3N)O)O
PRMT4,5lgs,QVR,1001,1,F,161,H58,24.448,25.418,119.756,12.742,,,C/C=C/[C@@H]1[C@H]([C@H]([C@@H](O1)n2cnc3c2ncnc3N)O)O
PRMT4,5lgs,QVR,1001,1,F,162,H56,22.361,25.883,113.699,28.033,,,C/C=C/[C@@H]1[C@H]([C@H]([C@@H](O1)n2cnc3c2ncnc3N)O)O
PRMT4,5lgs,QVR,1001,1,F,163,H59,21.644,29.625,116.126,28.883,,,C/C=C/[C@@H]1[C@H]([C@H]([C@@H](O1)n2cnc3c2ncnc3N)O)O
PRMT4,5lgs,QVR,1001,1,F,164,H60,22.284,29.316,117.695,24.635,,,C/C=C/[C@@H]1[C@H]([C@H]([C@@H](O1)n2cnc3c2ncnc3N)O)O
PRMT4,5lgs,QVR,1001,1,F,165,H46,26.531,23.482,116.417,13.592,,,C/C=C/[C@@H]1[C@H]([C@H]([C@@H](O1)n2cnc3c2ncnc3N)O)O
PRMT4,5lgs,QVR,1001,1,F,166,H45,25.307,21.015,116.88,16.14,,,C/C=C/[C@@H]1[C@H]([C@H]([C@@H](O1)n2cnc3c2ncnc3N)O)O
PRMT4,5lgs,QVR,101,1,G,117,C24,24.556,33.466,181.959,2.415,0.0,C,C/C=C/[C@@H]1[C@H]([C@H]([C@@H](O1)n2cnc3c2ncnc3N)O)O
PRMT4,5lgs,QVR,101,1,G,118,C28,25.021,34.7,181.248,8.453,1.0,C,C/C=C/[C@@H]1[C@H]([C@H]([C@@H](O1)n2cnc3c2ncnc3N)O)O
PRMT4,5lgs,QVR,101,1,G,119,C31,25.925,35.538,181.716,3.623,2.0,C,C/C=C/[C@@H]1[C@H]([C@H]([C@@H](O1)n2cnc3c2ncnc3N)O)O
PRMT4,5lgs,QVR,101,1,G,124,C49,26.955,38.395,184.53,13.284,9.0,C,C/C=C/[C@@H]1[C@H]([C@H]([C@@H](O1)n2cnc3c2ncnc3N)O)O
PRMT4,5lgs,QVR,101,1,G,125,C50,26.797,40.424,185.131,8.453,11.0,C,C/C=C/[C@@H]1[C@H]([C@H]([C@@H](O1)n2cnc3c2ncnc3N)O)O
PRMT4,5lgs,QVR,101,1,G,126,C51,26.931,40.438,183.752,6.038,12.0,C,C/C=C/[C@@H]1[C@H]([C@H]([C@@H](O1)n2cnc3c2ncnc3N)O)O
PRMT4,5lgs,QVR,101,1,G,127,C53,26.82,42.638,183.678,18.114,14.0,C,C/C=C/[C@@H]1[C@H]([C@H]([C@@H](O1)n2cnc3c2ncnc3N)O)O
PRMT4,5lgs,QVR,101,1,G,128,C55,26.667,41.671,185.773,9.661,16.0,C,C/C=C/[C@@H]1[C@H]([C@H]([C@@H](O1)n2cnc3c2ncnc3N)O)O
PRMT4,5lgs,QVR,101,1,G,130,N48,26.814,39.123,185.611,21.872,10.0,N,C/C=C/[C@@H]1[C@H]([C@H]([C@@H](O1)n2cnc3c2ncnc3N)O)O
PRMT4,5lgs,QVR,101,1,G,131,N52,26.952,41.519,182.962,15.31,13.0,N,C/C=C/[C@@H]1[C@H]([C@H]([C@@H](O1)n2cnc3c2ncnc3N)O)O
PRMT4,5lgs,QVR,101,1,G,132,N54,26.681,42.778,184.999,17.497,15.0,N,C/C=C/[C@@H]1[C@H]([C@H]([C@@H](O1)n2cnc3c2ncnc3N)O)O
PRMT4,5lgs,QVR,101,1,G,133,N57,26.536,41.817,187.094,13.123,17.0,N,C/C=C/[C@@H]1[C@H]([C@H]([C@@H](O1)n2cnc3c2ncnc3N)O)O
PRMT4,5lgs,QVR,101,1,G,134,O37,25.993,37.934,181.647,17.143,7.0,O,C/C=C/[C@@H]1[C@H]([C@H]([C@@H](O1)n2cnc3c2ncnc3N)O)O
PRMT4,5lgs,QVR,101,1,G,135,O41,29.558,38.246,181.61,28.929,18.0,O,C/C=C/[C@@H]1[C@H]([C@H]([C@@H](O1)n2cnc3c2ncnc3N)O)O
PRMT4,5lgs,QVR,101,1,G,136,O42,28.069,37.533,179.406,26.786,19.0,O,C/C=C/[C@@H]1[C@H]([C@H]([C@@H](O1)n2cnc3c2ncnc3N)O)O
PRMT4,5lgs,QVR,101,1,G,137,H30,23.841,33.723,182.739,26.334,,,C/C=C/[C@@H]1[C@H]([C@H]([C@@H](O1)n2cnc3c2ncnc3N)O)O
PRMT4,5lgs,QVR,101,1,G,138,H29,25.424,33.049,182.467,7.645,,,C/C=C/[C@@H]1[C@H]([C@H]([C@@H](O1)n2cnc3c2ncnc3N)O)O
PRMT4,5lgs,QVR,101,1,G,139,H28,24.556,34.882,180.28,16.99,,,C/C=C/[C@@H]1[C@H]([C@H]([C@@H](O1)n2cnc3c2ncnc3N)O)O
PRMT4,5lgs,QVR,101,1,G,140,H31,26.416,35.401,182.678,8.495,,,C/C=C/[C@@H]1[C@H]([C@H]([C@@H](O1)n2cnc3c2ncnc3N)O)O
PRMT4,5lgs,QVR,101,1,G,141,H61,25.71,36.771,180.004,12.742,,,C/C=C/[C@@H]1[C@H]([C@H]([C@@H](O1)n2cnc3c2ncnc3N)O)O
PRMT4,5lgs,QVR,101,1,G,142,H62,27.282,39.462,181.346,3.398,,,C/C=C/[C@@H]1[C@H]([C@H]([C@@H](O1)n2cnc3c2ncnc3N)O)O
PRMT4,5lgs,QVR,101,1,G,143,H44,28.385,36.915,182.687,9.344,,,C/C=C/[C@@H]1[C@H]([C@H]([C@@H](O1)n2cnc3c2ncnc3N)O)O
PRMT4,5lgs,QVR,101,1,G,144,H43,28.297,35.869,180.466,18.689,,,C/C=C/[C@@H]1[C@H]([C@H]([C@@H](O1)n2cnc3c2ncnc3N)O)O
PRMT4,5lgs,QVR,101,1,G,145,H58,27.009,37.307,184.529,13.592,,,C/C=C/[C@@H]1[C@H]([C@H]([C@@H](O1)n2cnc3c2ncnc3N)O)O
PRMT4,5lgs,QVR,101,1,G,146,H56,26.825,43.571,183.115,29.732,,,C/C=C/[C@@H]1[C@H]([C@H]([C@@H](O1)n2cnc3c2ncnc3N)O)O
PRMT4,5lgs,QVR,101,1,G,147,H59,26.521,41.03,187.734,24.635,,,C/C=C/[C@@H]1[C@H]([C@H]([C@@H](O1)n2cnc3c2ncnc3N)O)O
PRMT4,5lgs,QVR,101,1,G,148,H60,26.446,42.737,187.514,28.033,,,C/C=C/[C@@H]1[C@H]([C@H]([C@@H](O1)n2cnc3c2ncnc3N)O)O
PRMT4,5lgs,QVR,101,1,G,149,H46,29.33,39.182,181.371,12.742,,,C/C=C/[C@@H]1[C@H]([C@H]([C@@H](O1)n2cnc3c2ncnc3N)O)O
PRMT4,5lgs,QVR,101,1,G,150,H45,27.557,38.383,179.413,16.14,,,C/C=C/[C@@H]1[C@H]([C@H]([C@@H](O1)n2cnc3c2ncnc3N)O)O
PRMT4,5lgs,QVR,101,1,H,118,C28,52.473,19.833,191.275,7.246,1.0,C,C/C=C/[C@@H]1[C@H]([C@H]([C@@H](O1)n2cnc3c2ncnc3N)O)O
PRMT4,5lgs,QVR,101,1,H,119,C31,52.254,20.839,192.098,6.038,2.0,C,C/C=C/[C@@H]1[C@H]([C@H]([C@@H](O1)n2cnc3c2ncnc3N)O)O
PRMT4,5lgs,QVR,101,1,H,122,C39,50.732,22.267,194.448,1.208,5.0,C,C/C=C/[C@@H]1[C@H]([C@H]([C@@H](O1)n2cnc3c2ncnc3N)O)O
PRMT4,5lgs,QVR,101,1,H,124,C49,52.748,24.536,193.839,12.076,9.0,C,C/C=C/[C@@H]1[C@H]([C@H]([C@@H](O1)n2cnc3c2ncnc3N)O)O
PRMT4,5lgs,QVR,101,1,H,125,C50,53.799,25.591,195.351,7.246,11.0,C,C/C=C/[C@@H]1[C@H]([C@H]([C@@H](O1)n2cnc3c2ncnc3N)O)O
PRMT4,5lgs,QVR,101,1,H,126,C51,53.415,24.386,195.916,6.038,12.0,C,C/C=C/[C@@H]1[C@H]([C@H]([C@@H](O1)n2cnc3c2ncnc3N)O)O
PRMT4,5lgs,QVR,101,1,H,127,C53,54.351,24.892,197.846,16.907,14.0,C,C/C=C/[C@@H]1[C@H]([C@H]([C@@H](O1)n2cnc3c2ncnc3N)O)O
PRMT4,5lgs,QVR,101,1,H,128,C55,54.525,26.476,196.171,8.453,16.0,C,C/C=C/[C@@H]1[C@H]([C@H]([C@@H](O1)n2cnc3c2ncnc3N)O)O
PRMT4,5lgs,QVR,101,1,H,130,N48,53.37,25.673,194.035,21.872,10.0,N,C/C=C/[C@@H]1[C@H]([C@H]([C@@H](O1)n2cnc3c2ncnc3N)O)O
PRMT4,5lgs,QVR,101,1,H,131,N52,53.661,23.973,197.166,14.217,13.0,N,C/C=C/[C@@H]1[C@H]([C@H]([C@@H](O1)n2cnc3c2ncnc3N)O)O
PRMT4,5lgs,QVR,101,1,H,132,N54,54.788,26.086,197.437,19.685,15.0,N,C/C=C/[C@@H]1[C@H]([C@H]([C@@H](O1)n2cnc3c2ncnc3N)O)O
PRMT4,5lgs,QVR,101,1,H,133,N57,54.966,27.671,195.767,13.123,17.0,N,C/C=C/[C@@H]1[C@H]([C@H]([C@@H](O1)n2cnc3c2ncnc3N)O)O
PRMT4,5lgs,QVR,101,1,H,134,O37,52.945,21.469,194.307,15.0,7.0,O,C/C=C/[C@@H]1[C@H]([C@H]([C@@H](O1)n2cnc3c2ncnc3N)O)O
PRMT4,5lgs,QVR,101,1,H,135,O41,49.744,22.623,195.409,32.144,18.0,O,C/C=C/[C@@H]1[C@H]([C@H]([C@@H](O1)n2cnc3c2ncnc3N)O)O
PRMT4,5lgs,QVR,101,1,H,136,O42,50.433,19.97,195.236,26.786,19.0,O,C/C=C/[C@@H]1[C@H]([C@H]([C@@H](O1)n2cnc3c2ncnc3N)O)O
PRMT4,5lgs,QVR,101,1,H,137,H30,51.805,20.52,189.361,9.344,,,C/C=C/[C@@H]1[C@H]([C@H]([C@@H](O1)n2cnc3c2ncnc3N)O)O
PRMT4,5lgs,QVR,101,1,H,138,H29,53.53,20.552,189.617,22.936,,,C/C=C/[C@@H]1[C@H]([C@H]([C@@H](O1)n2cnc3c2ncnc3N)O)O
PRMT4,5lgs,QVR,101,1,H,139,H28,52.55,18.818,191.663,14.441,,,C/C=C/[C@@H]1[C@H]([C@H]([C@@H](O1)n2cnc3c2ncnc3N)O)O
PRMT4,5lgs,QVR,101,1,H,140,H31,52.17,21.873,191.766,6.796,,,C/C=C/[C@@H]1[C@H]([C@H]([C@@H](O1)n2cnc3c2ncnc3N)O)O
PRMT4,5lgs,QVR,101,1,H,141,H61,52.484,19.562,193.775,11.043,,,C/C=C/[C@@H]1[C@H]([C@H]([C@@H](O1)n2cnc3c2ncnc3N)O)O
PRMT4,5lgs,QVR,101,1,H,142,H62,52.183,22.078,196.077,4.247,,,C/C=C/[C@@H]1[C@H]([C@H]([C@@H](O1)n2cnc3c2ncnc3N)O)O
PRMT4,5lgs,QVR,101,1,H,143,H44,50.616,22.857,193.54,9.344,,,C/C=C/[C@@H]1[C@H]([C@H]([C@@H](O1)n2cnc3c2ncnc3N)O)O
PRMT4,5lgs,QVR,101,1,H,144,H43,49.907,20.509,193.399,16.99,,,C/C=C/[C@@H]1[C@H]([C@H]([C@@H](O1)n2cnc3c2ncnc3N)O)O
PRMT4,5lgs,QVR,101,1,H,145,H58,52.275,24.253,192.9,11.893,,,C/C=C/[C@@H]1[C@H]([C@H]([C@@H](O1)n2cnc3c2ncnc3N)O)O
PRMT4,5lgs,QVR,101,1,H,146,H56,54.596,24.642,198.877,29.732,,,C/C=C/[C@@H]1[C@H]([C@H]([C@@H](O1)n2cnc3c2ncnc3N)O)O
PRMT4,5lgs,QVR,101,1,H,147,H59,55.488,28.295,196.373,30.582,,,C/C=C/[C@@H]1[C@H]([C@H]([C@@H](O1)n2cnc3c2ncnc3N)O)O
PRMT4,5lgs,QVR,101,1,H,148,H60,54.792,28.003,194.824,23.786,,,C/C=C/[C@@H]1[C@H]([C@H]([C@@H](O1)n2cnc3c2ncnc3N)O)O
PRMT4,5lgs,QVR,101,1,H,149,H46,50.182,22.517,196.294,16.14,,,C/C=C/[C@@H]1[C@H]([C@H]([C@@H](O1)n2cnc3c2ncnc3N)O)O
PRMT4,5lgs,QVR,101,1,H,150,H45,51.297,19.683,195.632,16.14,,,C/C=C/[C@@H]1[C@H]([C@H]([C@@H](O1)n2cnc3c2ncnc3N)O)O
PRMT4,5lkj,6YB,501,1,A,5704,N7,50.485,38.36,126.235,1.094,23.0,N,[H]/N=C(\N)/NCCN(CC[C@@H](C(=O)O)N)C[C@@H]1[C@H]([C@H]([C@@H](O1)n2cnc3c2ncnc3N)O)O
PRMT4,5lkj,6YB,501,1,A,5717,N12,51.524,28.709,129.54,4.374,3.0,N,[H]/N=C(\N)/NCCN(CC[C@@H](C(=O)O)N)C[C@@H]1[C@H]([C@H]([C@@H](O1)n2cnc3c2ncnc3N)O)O
PRMT4,5lkj,6YB,501,1,A,5744,H121,51.659,27.874,129.771,5.946,,,[H]/N=C(\N)/NCCN(CC[C@@H](C(=O)O)N)C[C@@H]1[C@H]([C@H]([C@@H](O1)n2cnc3c2ncnc3N)O)O
PRMT4,5lkj,DXE,506,1,A,5781,C4,47.091,27.103,127.257,2.415,5.0,C,COCCOC
PRMT4,5lkj,DXE,506,1,A,5782,O2,46.785,28.392,126.801,1.071,4.0,O,COCCOC
PRMT4,5lkj,DXE,506,1,A,5784,C2,44.468,28.828,126.377,1.208,2.0,C,COCCOC
PRMT4,5lkj,DXE,506,1,A,5787,H41,47.839,26.75,126.75,1.699,,,COCCOC
PRMT4,5lkj,DXE,506,1,A,5788,H42,47.328,27.14,128.197,13.592,,,COCCOC
PRMT4,5lkj,DXE,506,1,A,5789,H43,46.32,26.526,127.14,16.14,,,COCCOC
PRMT4,5lkj,DXE,506,1,A,5790,H31,45.409,28.485,128.182,0.849,,,COCCOC
PRMT4,5lkj,DXE,506,1,A,5792,H21,43.813,28.204,126.727,9.344,,,COCCOC
PRMT4,5lkj,DXE,506,1,A,5793,H22,44.8,28.505,125.525,9.344,,,COCCOC
PRMT4,5lkj,DXE,506,1,A,5794,H11,42.066,29.431,125.847,6.796,,,COCCOC
PRMT4,5lkj,DXE,506,1,A,5796,H13,42.895,29.769,124.54,4.247,,,COCCOC
PRMT4,5lkj,DXE,507,1,A,5797,C4,51.03,22.26,137.96,3.623,5.0,C,COCCOC
PRMT4,5lkj,DXE,507,1,A,5798,O2,51.989,21.462,138.597,10.715,4.0,O,COCCOC
PRMT4,5lkj,DXE,507,1,A,5801,O1,52.911,18.352,137.485,1.071,1.0,O,COCCOC
PRMT4,5lkj,DXE,507,1,A,5802,C1,52.228,17.172,137.809,4.831,0.0,C,COCCOC
PRMT4,5lkj,DXE,507,1,A,5803,H41,50.442,22.652,138.625,11.043,,,COCCOC
PRMT4,5lkj,DXE,507,1,A,5805,H43,50.51,21.716,137.349,10.194,,,COCCOC
PRMT4,5lkj,DXE,507,1,A,5807,H32,53.63,20.488,138.184,7.645,,,COCCOC
PRMT4,5lkj,DXE,507,1,A,5809,H22,51.27,19.357,137.804,7.645,,,COCCOC
PRMT4,5lkj,DXE,507,1,A,5811,H12,51.785,17.28,138.665,22.087,,,COCCOC
PRMT4,5lkj,DXE,507,1,A,5812,H13,52.859,16.437,137.862,7.645,,,COCCOC
PRMT4,5lkj,DXE,508,1,A,5813,C4,69.224,21.194,132.967,8.453,5.0,C,COCCOC
PRMT4,5lkj,DXE,508,1,A,5814,O2,69.485,20.761,131.659,17.143,4.0,O,COCCOC
PRMT4,5lkj,DXE,508,1,A,5815,C3,69.455,21.772,130.69,1.208,3.0,C,COCCOC
PRMT4,5lkj,DXE,508,1,A,5816,C2,70.879,22.189,130.322,1.208,2.0,C,COCCOC
PRMT4,5lkj,DXE,508,1,A,5817,O1,71.72,22.043,131.431,3.214,1.0,O,COCCOC
PRMT4,5lkj,DXE,508,1,A,5818,C1,73.083,22.017,131.111,12.076,0.0,C,COCCOC
PRMT4,5lkj,DXE,508,1,A,5819,H41,69.943,21.772,133.266,7.645,,,COCCOC
PRMT4,5lkj,DXE,508,1,A,5820,H42,68.387,21.683,132.985,0.849,,,COCCOC
PRMT4,5lkj,DXE,508,1,A,5821,H43,69.162,20.425,133.555,9.344,,,COCCOC
PRMT4,5lkj,DXE,508,1,A,5822,H31,69.002,21.445,129.898,2.548,,,COCCOC
PRMT4,5lkj,DXE,508,1,A,5825,H22,71.201,21.63,129.598,16.14,,,COCCOC
PRMT4,5lkj,DXE,508,1,A,5826,H11,73.607,21.987,131.927,23.786,,,COCCOC
PRMT4,5lkj,DXE,508,1,A,5827,H12,73.275,21.232,130.575,22.087,,,COCCOC
PRMT4,5lkj,DXE,508,1,A,5828,H13,73.313,22.815,130.609,9.344,,,COCCOC
PRMT4,5lkj,6YB,501,1,B,5485,N7,23.376,26.643,117.325,1.094,23.0,N,[H]/N=C(\N)/NCCN(CC[C@@H](C(=O)O)N)C[C@@H]1[C@H]([C@H]([C@@H](O1)n2cnc3c2ncnc3N)O)O
PRMT4,5lkj,6YB,501,1,B,5498,N12,25.045,20.031,124.98,5.468,3.0,N,[H]/N=C(\N)/NCCN(CC[C@@H](C(=O)O)N)C[C@@H]1[C@H]([C@H]([C@@H](O1)n2cnc3c2ncnc3N)O)O
PRMT4,5lkj,6YB,501,1,B,5525,H121,25.239,19.428,125.586,4.247,,,[H]/N=C(\N)/NCCN(CC[C@@H](C(=O)O)N)C[C@@H]1[C@H]([C@H]([C@@H](O1)n2cnc3c2ncnc3N)O)O
PRMT4,5lkj,DXE,506,1,B,5610,C4,39.006,28.952,133.267,12.076,5.0,C,COCCOC
PRMT4,5lkj,DXE,506,1,B,5611,O2,38.626,28.399,132.038,18.215,4.0,O,COCCOC
PRMT4,5lkj,DXE,506,1,B,5612,C3,37.826,29.233,131.247,2.415,3.0,C,COCCOC
PRMT4,5lkj,DXE,506,1,B,5614,O1,37.99,31.134,129.799,17.143,1.0,O,COCCOC
PRMT4,5lkj,DXE,506,1,B,5615,C1,38.165,31.367,128.429,14.492,0.0,C,COCCOC
PRMT4,5lkj,DXE,506,1,B,5616,H41,39.468,28.281,133.794,23.786,,,COCCOC
PRMT4,5lkj,DXE,506,1,B,5617,H42,38.217,29.252,133.744,5.097,,,COCCOC
PRMT4,5lkj,DXE,506,1,B,5618,H43,39.597,29.705,133.113,15.291,,,COCCOC
PRMT4,5lkj,DXE,506,1,B,5619,H31,37.326,29.837,131.818,4.247,,,COCCOC
PRMT4,5lkj,DXE,506,1,B,5620,H32,37.208,28.692,130.73,16.99,,,COCCOC
PRMT4,5lkj,DXE,506,1,B,5621,H21,38.994,29.478,129.564,15.291,,,COCCOC
PRMT4,5lkj,DXE,506,1,B,5622,H22,39.488,30.362,130.781,14.441,,,COCCOC
PRMT4,5lkj,DXE,506,1,B,5623,H11,37.582,32.09,128.148,25.485,,,COCCOC
PRMT4,5lkj,DXE,506,1,B,5624,H12,39.088,31.611,128.258,21.237,,,COCCOC
PRMT4,5lkj,DXE,506,1,B,5625,H13,37.945,30.563,127.933,8.495,,,COCCOC
PRMT4,5lkj,DXE,507,1,B,5626,C4,29.557,23.091,126.98,3.623,5.0,C,COCCOC
PRMT4,5lkj,DXE,507,1,B,5627,O2,29.593,23.29,125.594,1.071,4.0,O,COCCOC
PRMT4,5lkj,DXE,507,1,B,5628,C3,29.938,24.59,125.203,1.208,3.0,C,COCCOC
PRMT4,5lkj,DXE,507,1,B,5631,C1,32.424,26.27,124.156,1.208,0.0,C,COCCOC
PRMT4,5lkj,DXE,507,1,B,5632,H41,30.453,23.175,127.342,12.742,,,COCCOC
PRMT4,5lkj,DXE,507,1,B,5633,H42,29.213,22.203,127.17,8.495,,,COCCOC
PRMT4,5lkj,DXE,507,1,B,5635,H31,30.413,25.029,125.926,4.247,,,COCCOC
PRMT4,5lkj,DXE,507,1,B,5638,H22,31.625,24.009,124.164,0.849,,,COCCOC
PRMT4,5lkj,DXE,507,1,B,5639,H11,33.13,25.638,123.947,5.946,,,COCCOC
PRMT4,5lkj,DXE,507,1,B,5641,H13,32.325,26.337,125.119,12.742,,,COCCOC
PRMT4,5lkj,P33,505,1,B,5558,O22,23.764,33.014,105.258,9.643,20.0,O,C(COCCOCCOCCOCCOCCOCCO)O
PRMT4,5lkj,P33,505,1,B,5559,C21,23.762,34.406,105.081,6.038,19.0,C,C(COCCOCCOCCOCCOCCOCCO)O
PRMT4,5lkj,P33,505,1,B,5560,C20,24.299,35.074,106.348,2.415,18.0,C,C(COCCOCCOCCOCCOCCOCCO)O
PRMT4,5lkj,P33,505,1,B,5561,O19,23.502,36.185,106.664,6.429,17.0,O,C(COCCOCCOCCOCCOCCOCCO)O
PRMT4,5lkj,P33,505,1,B,5562,C18,24.106,37.053,107.586,2.415,16.0,C,C(COCCOCCOCCOCCOCCOCCO)O
PRMT4,5lkj,P33,505,1,B,5563,C17,23.051,37.886,108.324,3.623,15.0,C,C(COCCOCCOCCOCCOCCOCCO)O
PRMT4,5lkj,P33,505,1,B,5565,C15,20.754,38.334,108.259,2.415,13.0,C,C(COCCOCCOCCOCCOCCOCCO)O
PRMT4,5lkj,P33,505,1,B,5567,O13,18.898,37.01,107.576,4.286,11.0,O,C(COCCOCCOCCOCCOCCOCCO)O
PRMT4,5lkj,P33,505,1,B,5568,C12,17.617,36.497,107.805,1.208,10.0,C,C(COCCOCCOCCOCCOCCOCCO)O
PRMT4,5lkj,P33,505,1,B,5569,C11,17.146,35.767,106.549,1.208,9.0,C,C(COCCOCCOCCOCCOCCOCCO)O
PRMT4,5lkj,P33,505,1,B,5572,C8,13.914,34.687,105.71,2.415,6.0,C,C(COCCOCCOCCOCCOCCOCCO)O
PRMT4,5lkj,P33,505,1,B,5574,C6,11.81,33.693,105.969,3.623,4.0,C,C(COCCOCCOCCOCCOCCOCCO)O
PRMT4,5lkj,P33,505,1,B,5575,C5,11.395,34.22,107.343,1.208,3.0,C,C(COCCOCCOCCOCCOCCOCCO)O
PRMT4,5lkj,P33,505,1,B,5576,O4,10.023,33.989,107.509,15.0,2.0,O,C(COCCOCCOCCOCCOCCOCCO)O
PRMT4,5lkj,P33,505,1,B,5578,C2,8.84,32.115,106.65,3.623,0.0,C,C(COCCOCCOCCOCCOCCOCCO)O
PRMT4,5lkj,P33,505,1,B,5579,O1,7.513,32.54,106.805,21.429,21.0,O,C(COCCOCCOCCOCCOCCOCCO)O
PRMT4,5lkj,P33,505,1,B,5580,H22,24.377,32.669,104.78,24.635,,,C(COCCOCCOCCOCCOCCOCCO)O
PRMT4,5lkj,P33,505,1,B,5581,H211,22.857,34.711,104.913,11.893,,,C(COCCOCCOCCOCCOCCOCCO)O
PRMT4,5lkj,P33,505,1,B,5582,H212,24.328,34.638,104.328,21.237,,,C(COCCOCCOCCOCCOCCOCCO)O
PRMT4,5lkj,P33,505,1,B,5583,H201,25.213,35.363,106.199,17.839,,,C(COCCOCCOCCOCCOCCOCCO)O
PRMT4,5lkj,P33,505,1,B,5584,H202,24.276,34.441,107.083,0.849,,,C(COCCOCCOCCOCCOCCOCCO)O
PRMT4,5lkj,P33,505,1,B,5585,H181,24.71,37.648,107.116,21.237,,,C(COCCOCCOCCOCCOCCOCCO)O
PRMT4,5lkj,P33,505,1,B,5586,H182,24.609,36.532,108.231,8.495,,,C(COCCOCCOCCOCCOCCOCCO)O
PRMT4,5lkj,P33,505,1,B,5587,H171,23.234,37.861,109.276,3.398,,,C(COCCOCCOCCOCCOCCOCCO)O
PRMT4,5lkj,P33,505,1,B,5588,H172,23.095,38.804,108.013,16.14,,,C(COCCOCCOCCOCCOCCOCCO)O
PRMT4,5lkj,P33,505,1,B,5589,H151,21.022,38.97,108.94,4.247,,,C(COCCOCCOCCOCCOCCOCCO)O
PRMT4,5lkj,P33,505,1,B,5590,H152,20.604,38.8,107.422,20.388,,,C(COCCOCCOCCOCCOCCOCCO)O
PRMT4,5lkj,P33,505,1,B,5592,H142,18.844,38.291,109.048,11.893,,,C(COCCOCCOCCOCCOCCOCCO)O
PRMT4,5lkj,P33,505,1,B,5594,H122,17.007,37.223,108.008,18.689,,,C(COCCOCCOCCOCCOCCOCCO)O
PRMT4,5lkj,P33,505,1,B,5595,H111,17.045,36.398,105.819,18.689,,,C(COCCOCCOCCOCCOCCOCCO)O
PRMT4,5lkj,P33,505,1,B,5598,H92,15.853,34.54,105.01,5.946,,,C(COCCOCCOCCOCCOCCOCCO)O
PRMT4,5lkj,P33,505,1,B,5599,H81,13.727,34.997,104.81,15.291,,,C(COCCOCCOCCOCCOCCOCCO)O
PRMT4,5lkj,P33,505,1,B,5600,H82,13.666,35.371,106.351,6.796,,,C(COCCOCCOCCOCCOCCOCCO)O
PRMT4,5lkj,P33,505,1,B,5601,H61,11.372,32.844,105.799,3.398,,,C(COCCOCCOCCOCCOCCOCCO)O
PRMT4,5lkj,P33,505,1,B,5602,H62,11.561,34.333,105.285,15.291,,,C(COCCOCCOCCOCCOCCOCCO)O
PRMT4,5lkj,P33,505,1,B,5603,H51,11.575,35.171,107.396,15.291,,,C(COCCOCCOCCOCCOCCOCCO)O
PRMT4,5lkj,P33,505,1,B,5605,H31,9.131,32.655,108.626,3.398,,,C(COCCOCCOCCOCCOCCOCCO)O
PRMT4,5lkj,P33,505,1,B,5607,H21,8.875,31.146,106.657,0.849,,,C(COCCOCCOCCOCCOCCOCCO)O
PRMT4,5lkj,P33,505,1,B,5608,H22A,9.194,32.45,105.812,11.043,,,C(COCCOCCOCCOCCOCCOCCO)O
PRMT4,5lkj,P33,505,1,B,5609,HO1,7.055,32.289,106.135,20.388,,,C(COCCOCCOCCOCCOCCOCCO)O
PRMT4,5lkj,6YB,501,1,C,5704,N7,26.798,39.657,183.824,3.281,23.0,N,[H]/N=C(\N)/NCCN(CC[C@@H](C(=O)O)N)C[C@@H]1[C@H]([C@H]([C@@H](O1)n2cnc3c2ncnc3N)O)O
PRMT4,5lkj,6YB,501,1,C,5717,N12,25.448,30.799,180.986,5.468,3.0,N,[H]/N=C(\N)/NCCN(CC[C@@H](C(=O)O)N)C[C@@H]1[C@H]([C@H]([C@@H](O1)n2cnc3c2ncnc3N)O)O
PRMT4,5lkj,6YB,501,1,C,5744,H121,25.02,30.147,181.385,2.548,,,[H]/N=C(\N)/NCCN(CC[C@@H](C(=O)O)N)C[C@@H]1[C@H]([C@H]([C@@H](O1)n2cnc3c2ncnc3N)O)O
PRMT4,5lkj,6YB,501,1,D,5467,N7,53.301,25.322,192.884,2.187,23.0,N,[H]/N=C(\N)/NCCN(CC[C@@H](C(=O)O)N)C[C@@H]1[C@H]([C@H]([C@@H](O1)n2cnc3c2ncnc3N)O)O
PRMT4,5lkj,6YB,501,1,D,5479,C12,51.942,18.991,186.441,1.208,2.0,C,[H]/N=C(\N)/NCCN(CC[C@@H](C(=O)O)N)C[C@@H]1[C@H]([C@H]([C@@H](O1)n2cnc3c2ncnc3N)O)O
PRMT4,5lkj,6YB,501,1,D,5480,N12,51.746,19.777,185.415,3.281,3.0,N,[H]/N=C(\N)/NCCN(CC[C@@H](C(=O)O)N)C[C@@H]1[C@H]([C@H]([C@@H](O1)n2cnc3c2ncnc3N)O)O
PRMT4,5lv2,SAO,501,1,A,5455,SD,10.418,-13.555,28.637,2.574,15.0,S,c1nc(c2c(n1)n(cn2)[C@H]3[C@@H]([C@@H]([C@H](O3)CSCC[C@@H](C(=O)O)[NH3+])O)O)N
PRMT4,5lv2,SAO,501,1,A,5469,N7,14.836,-12.445,22.57,1.094,8.0,N,c1nc(c2c(n1)n(cn2)[C@H]3[C@@H]([C@@H]([C@H](O3)CSCC[C@@H](C(=O)O)[NH3+])O)O)N
PRMT4,5lv2,SAO,501,1,A,5485,H5'2,11.007,-13.085,26.348,0.849,,,c1nc(c2c(n1)n(cn2)[C@H]3[C@@H]([C@@H]([C@H](O3)CSCC[C@@H](C(=O)O)[NH3+])O)O)N
PRMT4,5lv2,LHB,501,1,B,5508,O4,-5.558,10.395,22.198,3.214,1.0,O,COCN1C=C(C(=NC1=O)N)CNC[C@@H]2[C@H]([C@H]([C@@H](O2)n3cnc4c3ncnc4N)O)O
PRMT4,5lv2,LHB,501,1,B,5509,C17,-5.694,10.214,23.596,2.415,0.0,C,COCN1C=C(C(=NC1=O)N)CNC[C@@H]2[C@H]([C@H]([C@@H](O2)n3cnc4c3ncnc4N)O)O
PRMT4,5lv2,LHB,501,1,B,5510,O5,-7.852,11.198,21.026,3.214,9.0,O,COCN1C=C(C(=NC1=O)N)CNC[C@@H]2[C@H]([C@H]([C@@H](O2)n3cnc4c3ncnc4N)O)O
PRMT4,5lv2,LHB,501,1,B,5520,H9,-5.866,12.271,15.25,1.699,,,COCN1C=C(C(=NC1=O)N)CNC[C@@H]2[C@H]([C@H]([C@@H](O2)n3cnc4c3ncnc4N)O)O
PRMT4,5lv2,LHB,501,1,B,5527,H18,-6.862,13.685,16.24,0.849,,,COCN1C=C(C(=NC1=O)N)CNC[C@@H]2[C@H]([C@H]([C@@H](O2)n3cnc4c3ncnc4N)O)O
PRMT4,5lv2,LHB,501,1,B,5528,H17,-8.372,13.027,16.754,4.247,,,COCN1C=C(C(=NC1=O)N)CNC[C@@H]2[C@H]([C@H]([C@@H](O2)n3cnc4c3ncnc4N)O)O
PRMT4,5lv2,LHB,501,1,B,5531,H22,-5.413,9.173,23.748,6.796,,,COCN1C=C(C(=NC1=O)N)CNC[C@@H]2[C@H]([C@H]([C@@H](O2)n3cnc4c3ncnc4N)O)O
PRMT4,5lv2,LHB,501,1,B,5532,H23,-6.701,10.367,23.98,0.849,,,COCN1C=C(C(=NC1=O)N)CNC[C@@H]2[C@H]([C@H]([C@@H](O2)n3cnc4c3ncnc4N)O)O
PRMT4,5lv2,DXE,505,1,C,5575,O2,5.728,13.268,75.913,2.143,4.0,O,COCCOC
PRMT4,5lv2,DXE,505,1,C,5579,C1,1.717,11.287,77.2,2.415,0.0,C,COCCOC
PRMT4,5lv2,DXE,505,1,C,5582,H43,6.999,13.953,77.229,1.699,,,COCCOC
PRMT4,5lv2,DXE,505,1,C,5585,H21,3.444,11.271,75.582,2.548,,,COCCOC
PRMT4,5lv2,DXE,505,1,C,5588,H12,2.013,10.37,77.312,11.893,,,COCCOC
PRMT4,5lv2,M2M,504,1,C,5551,C1,0.544,7.029,77.918,10.869,0.0,C,COCCOCCOC
PRMT4,5lv2,M2M,504,1,C,5552,O1,1.261,8.151,78.387,12.858,1.0,O,COCCOCCOC
PRMT4,5lv2,M2M,504,1,C,5559,C6,3.781,3.238,81.017,2.415,8.0,C,COCCOCCOC
PRMT4,5lv2,M2M,504,1,C,5561,H12,0.122,6.213,78.228,18.689,,,COCCOCCOC
PRMT4,5lv2,M2M,504,1,C,5562,H13,-0.278,7.504,77.72,5.097,,,COCCOCCOC
PRMT4,5lv2,M2M,504,1,C,5563,H21,1.166,9.09,80.105,0.849,,,COCCOCCOC
PRMT4,5lv2,M2M,504,1,C,5564,H22,0.79,7.556,80.195,8.495,,,COCCOCCOC
PRMT4,5lv2,M2M,504,1,C,5566,H32,2.851,7.566,81.131,1.699,,,COCCOCCOC
PRMT4,5lv2,M2M,504,1,C,5569,H51,3.636,5.553,81.37,2.548,,,COCCOCCOC
PRMT4,5lv2,M2M,504,1,C,5571,H61,3.649,3.296,81.977,3.398,,,COCCOCCOC
PRMT4,5lv2,M2M,504,1,C,5572,H62,2.952,3.456,80.563,12.742,,,COCCOCCOC
PRMT4,5lv2,M2M,504,1,C,5573,H63,4.052,2.337,80.781,2.548,,,COCCOCCOC
PRMT4,5lv2,SAO,501,1,C,5468,SD,8.817,11.996,74.602,2.574,15.0,S,c1nc(c2c(n1)n(cn2)[C@H]3[C@@H]([C@@H]([C@H](O3)CSCC[C@@H](C(=O)O)[NH3+])O)O)N
PRMT4,5lv2,SAO,501,1,C,5482,N7,13.22,11.238,80.688,1.094,8.0,N,c1nc(c2c(n1)n(cn2)[C@H]3[C@@H]([C@@H]([C@H](O3)CSCC[C@@H](C(=O)O)[NH3+])O)O)N
PRMT4,5lv2,SAO,501,1,C,5498,H5'2,9.494,11.869,76.912,0.849,,,c1nc(c2c(n1)n(cn2)[C@H]3[C@@H]([C@@H]([C@H](O3)CSCC[C@@H](C(=O)O)[NH3+])O)O)N
PRMT4,5lv2,LHB,501,1,D,5470,N4,1.315,-15.923,88.763,3.281,21.0,N,COCN1C=C(C(=NC1=O)N)CNC[C@@H]2[C@H]([C@H]([C@@H](O2)n3cnc4c3ncnc4N)O)O
PRMT4,5lv2,LHB,501,1,D,5488,N9,-6.707,-16.653,84.768,2.187,10.0,N,COCN1C=C(C(=NC1=O)N)CNC[C@@H]2[C@H]([C@H]([C@@H](O2)n3cnc4c3ncnc4N)O)O
PRMT4,5lv2,LHB,501,1,D,5490,O4,-5.758,-13.202,79.838,1.071,1.0,O,COCN1C=C(C(=NC1=O)N)CNC[C@@H]2[C@H]([C@H]([C@@H](O2)n3cnc4c3ncnc4N)O)O
PRMT4,5lv2,LHB,501,1,D,5491,C17,-4.892,-12.78,78.812,1.208,0.0,C,COCN1C=C(C(=NC1=O)N)CNC[C@@H]2[C@H]([C@H]([C@@H](O2)n3cnc4c3ncnc4N)O)O
PRMT4,5lv2,LHB,501,1,D,5492,O5,-7.944,-13.529,81.683,1.071,9.0,O,COCN1C=C(C(=NC1=O)N)CNC[C@@H]2[C@H]([C@H]([C@@H](O2)n3cnc4c3ncnc4N)O)O
PRMT4,5lv2,LHB,501,1,D,5496,H4,-4.795,-15.229,88.409,3.398,,,COCN1C=C(C(=NC1=O)N)CNC[C@@H]2[C@H]([C@H]([C@@H](O2)n3cnc4c3ncnc4N)O)O
PRMT4,5lv2,LHB,501,1,D,5509,H18,-7.667,-16.945,84.923,0.849,,,COCN1C=C(C(=NC1=O)N)CNC[C@@H]2[C@H]([C@H]([C@@H](O2)n3cnc4c3ncnc4N)O)O
PRMT4,5lv2,LHB,501,1,D,5511,H20,-5.805,-11.807,81.395,5.946,,,COCN1C=C(C(=NC1=O)N)CNC[C@@H]2[C@H]([C@H]([C@@H](O2)n3cnc4c3ncnc4N)O)O
PRMT4,5lv2,LHB,501,1,D,5512,H19,-4.299,-12.631,81.114,0.849,,,COCN1C=C(C(=NC1=O)N)CNC[C@@H]2[C@H]([C@H]([C@@H](O2)n3cnc4c3ncnc4N)O)O
PRMT4,5lv2,LHB,501,1,D,5513,H22,-5.372,-11.883,78.424,1.699,,,COCN1C=C(C(=NC1=O)N)CNC[C@@H]2[C@H]([C@H]([C@@H](O2)n3cnc4c3ncnc4N)O)O
PRMT4,5lv2,LHB,501,1,D,5514,H23,-3.885,-12.526,79.141,1.699,,,COCN1C=C(C(=NC1=O)N)CNC[C@@H]2[C@H]([C@H]([C@@H](O2)n3cnc4c3ncnc4N)O)O
PRMT4,5lv2,M2M,504,1,E,5535,C1,-54.107,-7.025,80.945,4.831,0.0,C,COCCOCCOC
PRMT4,5lv2,M2M,504,1,E,5540,C4,-53.645,-11.215,80.051,2.415,5.0,C,COCCOCCOC
PRMT4,5lv2,M2M,504,1,E,5541,C5,-53.25,-11.941,78.745,1.208,6.0,C,COCCOCCOC
PRMT4,5lv2,M2M,504,1,E,5542,O3,-51.844,-11.914,78.595,4.286,7.0,O,COCCOCCOC
PRMT4,5lv2,M2M,504,1,E,5543,C6,-51.364,-11.002,77.626,9.661,8.0,C,COCCOCCOC
PRMT4,5lv2,M2M,504,1,E,5544,H11,-53.725,-7.914,80.875,4.247,,,COCCOCCOC
PRMT4,5lv2,M2M,504,1,E,5545,H12,-53.412,-6.657,81.513,14.441,,,COCCOCCOC
PRMT4,5lv2,M2M,504,1,E,5546,H13,-54.256,-6.22,80.425,5.097,,,COCCOCCOC
PRMT4,5lv2,M2M,504,1,E,5547,H21,-55.172,-9.203,81.788,3.398,,,COCCOCCOC
PRMT4,5lv2,M2M,504,1,E,5551,H41,-53.129,-10.398,80.136,5.946,,,COCCOCCOC
PRMT4,5lv2,M2M,504,1,E,5553,H51,-53.553,-12.862,78.783,3.398,,,COCCOCCOC
PRMT4,5lv2,M2M,504,1,E,5555,H61,-50.402,-11.095,77.543,7.645,,,COCCOCCOC
PRMT4,5lv2,M2M,504,1,E,5556,H62,-51.579,-10.097,77.9,6.796,,,COCCOCCOC
PRMT4,5lv2,M2M,504,1,E,5557,H63,-51.782,-11.189,76.771,10.194,,,COCCOCCOC
PRMT4,5lv2,SAO,501,1,E,5473,SD,-59.656,-15.884,74.458,2.574,15.0,S,c1nc(c2c(n1)n(cn2)[C@H]3[C@@H]([C@@H]([C@H](O3)CSCC[C@@H](C(=O)O)[NH3+])O)O)N
PRMT4,5lv2,SAO,501,1,E,5477,C5',-60.761,-16.019,75.89,1.208,14.0,C,c1nc(c2c(n1)n(cn2)[C@H]3[C@@H]([C@@H]([C@H](O3)CSCC[C@@H](C(=O)O)[NH3+])O)O)N
PRMT4,5lv2,SAO,501,1,E,5487,N7,-64.088,-15.075,80.531,1.094,8.0,N,c1nc(c2c(n1)n(cn2)[C@H]3[C@@H]([C@@H]([C@H](O3)CSCC[C@@H](C(=O)O)[NH3+])O)O)N
PRMT4,5lv2,LHB,501,1,F,5487,N4,-52.353,12.196,88.807,2.187,21.0,N,COCN1C=C(C(=NC1=O)N)CNC[C@@H]2[C@H]([C@H]([C@@H](O2)n3cnc4c3ncnc4N)O)O
PRMT4,5lv2,LHB,501,1,F,5509,O5,-43.006,9.717,81.614,1.071,9.0,O,COCN1C=C(C(=NC1=O)N)CNC[C@@H]2[C@H]([C@H]([C@@H](O2)n3cnc4c3ncnc4N)O)O
PRMT4,5lv2,LHB,501,1,F,5513,H4,-46.265,11.422,88.347,0.849,,,COCN1C=C(C(=NC1=O)N)CNC[C@@H]2[C@H]([C@H]([C@@H](O2)n3cnc4c3ncnc4N)O)O
PRMT4,5lv2,LHB,501,1,F,5520,H11,-45.909,12.195,86.238,0.849,,,COCN1C=C(C(=NC1=O)N)CNC[C@@H]2[C@H]([C@H]([C@@H](O2)n3cnc4c3ncnc4N)O)O
PRMT4,5lv2,LHB,501,1,F,5528,H20,-46.505,8.442,81.416,4.247,,,COCN1C=C(C(=NC1=O)N)CNC[C@@H]2[C@H]([C@H]([C@@H](O2)n3cnc4c3ncnc4N)O)O
PRMT4,5lv2,LHB,501,1,F,5529,H19,-44.835,8.184,81.015,4.247,,,COCN1C=C(C(=NC1=O)N)CNC[C@@H]2[C@H]([C@H]([C@@H](O2)n3cnc4c3ncnc4N)O)O
PRMT4,5lv2,LHB,501,1,F,5530,H22,-44.841,8.082,78.734,2.548,,,COCN1C=C(C(=NC1=O)N)CNC[C@@H]2[C@H]([C@H]([C@@H](O2)n3cnc4c3ncnc4N)O)O
PRMT4,5lv2,SAO,501,1,G,5480,SD,-60.227,9.801,28.546,1.287,15.0,S,c1nc(c2c(n1)n(cn2)[C@H]3[C@@H]([C@@H]([C@H](O3)CSCC[C@@H](C(=O)O)[NH3+])O)O)N
PRMT4,5lv2,SAO,501,1,G,5494,N7,-64.595,8.584,22.371,1.094,8.0,N,c1nc(c2c(n1)n(cn2)[C@H]3[C@@H]([C@@H]([C@H](O3)CSCC[C@@H](C(=O)O)[NH3+])O)O)N
PRMT4,5lv2,SAO,501,1,G,5510,H5'2,-60.772,9.356,26.244,0.849,,,c1nc(c2c(n1)n(cn2)[C@H]3[C@@H]([C@@H]([C@H](O3)CSCC[C@@H](C(=O)O)[NH3+])O)O)N
PRMT4,5lv2,LHB,501,1,H,5424,N4,-50.379,-17.997,13.917,1.094,21.0,N,COCN1C=C(C(=NC1=O)N)CNC[C@@H]2[C@H]([C@H]([C@@H](O2)n3cnc4c3ncnc4N)O)O
PRMT4,5lv2,LHB,501,1,H,5442,N9,-42.543,-17.864,17.709,2.187,10.0,N,COCN1C=C(C(=NC1=O)N)CNC[C@@H]2[C@H]([C@H]([C@@H](O2)n3cnc4c3ncnc4N)O)O
PRMT4,5lv2,LHB,501,1,H,5446,O5,-41.562,-14.726,20.877,1.071,9.0,O,COCN1C=C(C(=NC1=O)N)CNC[C@@H]2[C@H]([C@H]([C@@H](O2)n3cnc4c3ncnc4N)O)O
PRMT4,5lv2,LHB,501,1,H,5450,H4,-44.366,-16.785,14.264,3.398,,,COCN1C=C(C(=NC1=O)N)CNC[C@@H]2[C@H]([C@H]([C@@H](O2)n3cnc4c3ncnc4N)O)O
PRMT4,5lv2,LHB,501,1,H,5464,H17,-41.555,-18.003,17.522,4.247,,,COCN1C=C(C(=NC1=O)N)CNC[C@@H]2[C@H]([C@H]([C@@H](O2)n3cnc4c3ncnc4N)O)O
PRMT4,5lv2,LHB,501,1,H,5465,H20,-43.514,-13.341,21.439,5.097,,,COCN1C=C(C(=NC1=O)N)CNC[C@@H]2[C@H]([C@H]([C@@H](O2)n3cnc4c3ncnc4N)O)O
PRMT4,5lv2,LHB,501,1,H,5466,H19,-45.164,-13.841,21.227,2.548,,,COCN1C=C(C(=NC1=O)N)CNC[C@@H]2[C@H]([C@H]([C@@H](O2)n3cnc4c3ncnc4N)O)O
PRMT4,5lv2,LHB,501,1,H,5468,H23,-42.445,-14.1,23.662,1.699,,,COCN1C=C(C(=NC1=O)N)CNC[C@@H]2[C@H]([C@H]([C@@H](O2)n3cnc4c3ncnc4N)O)O
PRMT4,5lv2,LHB,501,1,H,5469,H21,-43.811,-12.98,23.766,4.247,,,COCN1C=C(C(=NC1=O)N)CNC[C@@H]2[C@H]([C@H]([C@@H](O2)n3cnc4c3ncnc4N)O)O
PRMT4,5lv3,SAH,501,1,A,5455,SD,51.79,34.137,133.053,2.574,15.0,S,c1nc(c2c(n1)n(cn2)[C@H]3[C@@H]([C@@H]([C@H](O3)CSCC[C@@H](C(=O)O)N)O)O)N
PRMT4,5lv3,SAH,501,1,A,5469,N7,50.756,38.71,126.989,1.094,8.0,N,c1nc(c2c(n1)n(cn2)[C@H]3[C@@H]([C@@H]([C@H](O3)CSCC[C@@H](C(=O)O)N)O)O)N
PRMT4,5lv3,SAH,501,1,A,5484,H5'1,51.555,34.869,130.778,0.849,,,c1nc(c2c(n1)n(cn2)[C@H]3[C@@H]([C@@H]([C@H](O3)CSCC[C@@H](C(=O)O)N)O)O)N
PRMT4,5lv3,LHF,501,1,B,5476,C54,31.069,25.316,125.56,1.208,2.0,C,c1cc(ccc1OCCN2C=C(C(=NC2=O)N)CNCC[C@@H]3[C@H]([C@H]([C@@H](O3)n4cnc5c4ncnc5N)O)O)Br
PRMT4,5lv3,LHF,501,1,B,5480,C58,31.138,23.275,126.783,1.208,4.0,C,c1cc(ccc1OCCN2C=C(C(=NC2=O)N)CNCC[C@@H]3[C@H]([C@H]([C@@H](O3)n4cnc5c4ncnc5N)O)O)Br
PRMT4,5lv3,LHF,501,1,B,5481,C59,31.771,24.417,126.332,4.831,3.0,C,c1cc(ccc1OCCN2C=C(C(=NC2=O)N)CNCC[C@@H]3[C@H]([C@H]([C@@H](O3)n4cnc5c4ncnc5N)O)O)Br
PRMT4,5lv3,LHF,501,1,B,5489,N41,25.288,17.927,125.363,2.187,13.0,N,c1cc(ccc1OCCN2C=C(C(=NC2=O)N)CNCC[C@@H]3[C@H]([C@H]([C@@H](O3)n4cnc5c4ncnc5N)O)O)Br
PRMT4,5lv3,LHF,501,1,B,5492,N7,23.507,26.937,118.542,1.094,28.0,N,c1cc(ccc1OCCN2C=C(C(=NC2=O)N)CNCC[C@@H]3[C@H]([C@H]([C@@H](O3)n4cnc5c4ncnc5N)O)O)Br
PRMT4,5lv3,LHF,501,1,B,5497,O42,26.879,17.794,126.975,2.143,15.0,O,c1cc(ccc1OCCN2C=C(C(=NC2=O)N)CNCC[C@@H]3[C@H]([C@H]([C@@H](O3)n4cnc5c4ncnc5N)O)O)Br
PRMT4,5lv3,LHF,501,1,B,5499,BR1,31.911,26.931,125.021,6.637,38.0,Br,c1cc(ccc1OCCN2C=C(C(=NC2=O)N)CNCC[C@@H]3[C@H]([C@H]([C@@H](O3)n4cnc5c4ncnc5N)O)O)Br
PRMT4,5lv3,LHF,501,1,B,5507,H4',24.324,20.89,118.941,3.398,,,c1cc(ccc1OCCN2C=C(C(=NC2=O)N)CNCC[C@@H]3[C@H]([C@H]([C@@H](O3)n4cnc5c4ncnc5N)O)O)Br
PRMT4,5lv3,LHF,501,1,B,5508,H48,27.999,19.801,127.48,1.699,,,c1cc(ccc1OCCN2C=C(C(=NC2=O)N)CNCC[C@@H]3[C@H]([C@H]([C@@H](O3)n4cnc5c4ncnc5N)O)O)Br
PRMT4,5lv3,LHF,501,1,B,5516,H63,31.736,22.6,127.394,8.495,,,c1cc(ccc1OCCN2C=C(C(=NC2=O)N)CNCC[C@@H]3[C@H]([C@H]([C@@H](O3)n4cnc5c4ncnc5N)O)O)Br
PRMT4,5lv3,LHF,501,1,B,5517,H64,32.814,24.603,126.585,17.839,,,c1cc(ccc1OCCN2C=C(C(=NC2=O)N)CNCC[C@@H]3[C@H]([C@H]([C@@H](O3)n4cnc5c4ncnc5N)O)O)Br
PRMT4,5lv3,LHF,501,1,B,5519,H66,24.533,20.242,121.268,1.699,,,c1cc(ccc1OCCN2C=C(C(=NC2=O)N)CNCC[C@@H]3[C@H]([C@H]([C@@H](O3)n4cnc5c4ncnc5N)O)O)Br
PRMT4,5lv3,SAH,501,1,D,5424,SD,51.472,18.481,192.101,1.287,15.0,S,c1nc(c2c(n1)n(cn2)[C@H]3[C@@H]([C@@H]([C@H](O3)CSCC[C@@H](C(=O)O)N)O)O)N
PRMT4,5lv3,SAH,501,1,D,5438,N7,53.599,25.691,194.202,1.094,8.0,N,c1nc(c2c(n1)n(cn2)[C@H]3[C@@H]([C@@H]([C@H](O3)CSCC[C@@H](C(=O)O)N)O)O)N
PRMT4,5lv3,SAH,501,1,D,5453,H5'1,51.991,20.826,191.899,1.699,,,c1nc(c2c(n1)n(cn2)[C@H]3[C@@H]([C@@H]([C@H](O3)CSCC[C@@H](C(=O)O)N)O)O)N
PRMT4,5lv3,LHF,501,1,C,5442,C36,26.12,29.8,179.973,1.208,14.0,C,c1cc(ccc1OCCN2C=C(C(=NC2=O)N)CNCC[C@@H]3[C@H]([C@H]([C@@H](O3)n4cnc5c4ncnc5N)O)O)Br
PRMT4,5lv3,LHF,501,1,C,5452,C54,31.206,30.24,186.255,2.415,2.0,C,c1cc(ccc1OCCN2C=C(C(=NC2=O)N)CNCC[C@@H]3[C@H]([C@H]([C@@H](O3)n4cnc5c4ncnc5N)O)O)Br
PRMT4,5lv3,LHF,501,1,C,5453,C55,30.942,30.787,185.018,2.415,1.0,C,c1cc(ccc1OCCN2C=C(C(=NC2=O)N)CNCC[C@@H]3[C@H]([C@H]([C@@H](O3)n4cnc5c4ncnc5N)O)O)Br
PRMT4,5lv3,LHF,501,1,C,5454,C56,29.885,30.298,184.277,1.208,0.0,C,c1cc(ccc1OCCN2C=C(C(=NC2=O)N)CNCC[C@@H]3[C@H]([C@H]([C@@H](O3)n4cnc5c4ncnc5N)O)O)Br
PRMT4,5lv3,LHF,501,1,C,5455,C57,29.099,29.276,184.786,4.831,5.0,C,c1cc(ccc1OCCN2C=C(C(=NC2=O)N)CNCC[C@@H]3[C@H]([C@H]([C@@H](O3)n4cnc5c4ncnc5N)O)O)Br
PRMT4,5lv3,LHF,501,1,C,5456,C58,29.392,28.715,186.018,2.415,4.0,C,c1cc(ccc1OCCN2C=C(C(=NC2=O)N)CNCC[C@@H]3[C@H]([C@H]([C@@H](O3)n4cnc5c4ncnc5N)O)O)Br
PRMT4,5lv3,LHF,501,1,C,5457,C59,30.451,29.202,186.761,7.246,3.0,C,c1cc(ccc1OCCN2C=C(C(=NC2=O)N)CNCC[C@@H]3[C@H]([C@H]([C@@H](O3)n4cnc5c4ncnc5N)O)O)Br
PRMT4,5lv3,LHF,501,1,C,5465,N41,25.567,30.648,179.073,3.281,13.0,N,c1cc(ccc1OCCN2C=C(C(=NC2=O)N)CNCC[C@@H]3[C@H]([C@H]([C@@H](O3)n4cnc5c4ncnc5N)O)O)Br
PRMT4,5lv3,LHF,501,1,C,5473,O42,26.944,28.944,179.65,6.429,15.0,O,c1cc(ccc1OCCN2C=C(C(=NC2=O)N)CNCC[C@@H]3[C@H]([C@H]([C@@H](O3)n4cnc5c4ncnc5N)O)O)Br
PRMT4,5lv3,LHF,501,1,C,5475,BR1,32.615,30.96,187.305,9.291,38.0,Br,c1cc(ccc1OCCN2C=C(C(=NC2=O)N)CNCC[C@@H]3[C@H]([C@H]([C@@H](O3)n4cnc5c4ncnc5N)O)O)Br
PRMT4,5lv3,LHF,501,1,C,5483,H4',25.867,37.652,179.704,2.548,,,c1cc(ccc1OCCN2C=C(C(=NC2=O)N)CNCC[C@@H]3[C@H]([C@H]([C@@H](O3)n4cnc5c4ncnc5N)O)O)Br
PRMT4,5lv3,LHF,501,1,C,5488,H52,28.492,29.452,182.163,0.849,,,c1cc(ccc1OCCN2C=C(C(=NC2=O)N)CNCC[C@@H]3[C@H]([C@H]([C@@H](O3)n4cnc5c4ncnc5N)O)O)Br
PRMT4,5lv3,LHF,501,1,C,5492,H63,28.831,27.891,186.458,1.699,,,c1cc(ccc1OCCN2C=C(C(=NC2=O)N)CNCC[C@@H]3[C@H]([C@H]([C@@H](O3)n4cnc5c4ncnc5N)O)O)Br
PRMT4,5lv3,LHF,501,1,C,5493,H64,30.686,28.771,187.733,2.548,,,c1cc(ccc1OCCN2C=C(C(=NC2=O)N)CNCC[C@@H]3[C@H]([C@H]([C@@H](O3)n4cnc5c4ncnc5N)O)O)Br
PRMT4,5lv3,LHF,501,1,C,5494,H67,24.795,35.015,179.716,3.398,,,c1cc(ccc1OCCN2C=C(C(=NC2=O)N)CNCC[C@@H]3[C@H]([C@H]([C@@H](O3)n4cnc5c4ncnc5N)O)O)Br
PRMT4,5ntc,DXE,505,1,A,5575,C4,69.509,21.253,132.96,3.623,5.0,C,COCCOC
PRMT4,5ntc,DXE,505,1,A,5576,O2,70.448,22.145,132.429,5.357,4.0,O,COCCOC
PRMT4,5ntc,DXE,505,1,A,5578,C2,72.21,22.366,130.834,7.246,2.0,C,COCCOC
PRMT4,5ntc,DXE,505,1,A,5579,O1,72.313,22.98,129.579,6.429,1.0,O,COCCOC
PRMT4,5ntc,DXE,505,1,A,5580,C1,72.153,22.131,128.475,4.831,0.0,C,COCCOC
PRMT4,5ntc,DXE,505,1,A,5581,H41,69.802,20.342,132.801,16.99,,,COCCOC
PRMT4,5ntc,DXE,505,1,A,5582,H42,69.424,21.403,133.915,16.14,,,COCCOC
PRMT4,5ntc,DXE,505,1,A,5583,H43,68.65,21.395,132.532,0.849,,,COCCOC
PRMT4,5ntc,DXE,505,1,A,5584,H31,70.669,20.991,130.872,10.194,,,COCCOC
PRMT4,5ntc,DXE,505,1,A,5586,H21,72.481,22.993,131.523,8.495,,,COCCOC
PRMT4,5ntc,DXE,505,1,A,5587,H22,72.788,21.588,130.861,17.839,,,COCCOC
PRMT4,5ntc,DXE,505,1,A,5588,H11,72.17,22.655,127.659,2.548,,,COCCOC
PRMT4,5ntc,DXE,505,1,A,5589,H12,72.876,21.484,128.458,21.237,,,COCCOC
PRMT4,5ntc,DXE,505,1,A,5590,H13,71.305,21.667,128.545,3.398,,,COCCOC
PRMT4,5ntc,6L7,508,1,A,5666,N1,50.83,38.661,126.567,5.468,8.0,N,c1nc(c2c(n1)n(cn2)[C@H]3[C@@H]([C@@H]([C@H](O3)C[NH+](CC[C@@H](C(=O)O)[NH3+])CC[NH3+])O)O)N
PRMT4,5ntc,6L7,508,1,A,5680,N7,51.564,31.155,130.55,1.094,25.0,N,c1nc(c2c(n1)n(cn2)[C@H]3[C@@H]([C@@H]([C@H](O3)C[NH+](CC[C@@H](C(=O)O)[NH3+])CC[NH3+])O)O)N
PRMT4,5ntc,6L7,508,1,A,5693,HN5A,51.574,40.406,124.487,3.398,,,c1nc(c2c(n1)n(cn2)[C@H]3[C@@H]([C@@H]([C@H](O3)C[NH+](CC[C@@H](C(=O)O)[NH3+])CC[NH3+])O)O)N
PRMT4,5ntc,6L7,508,1,A,5705,HN7C,51.892,30.584,131.322,0.849,,,c1nc(c2c(n1)n(cn2)[C@H]3[C@@H]([C@@H]([C@H](O3)C[NH+](CC[C@@H](C(=O)O)[NH3+])CC[NH3+])O)O)N
PRMT4,5ntc,6L7,508,1,A,5706,HN7B,52.342,31.236,129.903,1.699,,,c1nc(c2c(n1)n(cn2)[C@H]3[C@@H]([C@@H]([C@H](O3)C[NH+](CC[C@@H](C(=O)O)[NH3+])CC[NH3+])O)O)N
PRMT4,5ntc,6L7,508,1,A,5707,HN7A,50.828,30.619,130.102,2.548,,,c1nc(c2c(n1)n(cn2)[C@H]3[C@@H]([C@@H]([C@H](O3)C[NH+](CC[C@@H](C(=O)O)[NH3+])CC[NH3+])O)O)N
PRMT4,5ntc,M2M,506,1,A,5591,C1,51.833,21.832,140.779,2.415,0.0,C,COCCOCCOC
PRMT4,5ntc,M2M,506,1,A,5592,O1,52.466,21.793,139.517,1.071,1.0,O,COCCOCCOC
PRMT4,5ntc,M2M,506,1,A,5597,C5,53.343,17.202,138.792,2.415,6.0,C,COCCOCCOC
PRMT4,5ntc,M2M,506,1,A,5598,O3,53.353,15.79,138.765,4.286,7.0,O,COCCOCCOC
PRMT4,5ntc,M2M,506,1,A,5599,C6,54.426,15.241,139.509,13.284,8.0,C,COCCOCCOC
PRMT4,5ntc,M2M,506,1,A,5600,H11,52.648,21.852,141.305,9.344,,,COCCOCCOC
PRMT4,5ntc,M2M,506,1,A,5601,H12,51.326,21.276,141.392,23.786,,,COCCOCCOC
PRMT4,5ntc,M2M,506,1,A,5602,H13,51.09,22.393,140.507,3.398,,,COCCOCCOC
PRMT4,5ntc,M2M,506,1,A,5604,H22,51.509,20.108,139.206,5.097,,,COCCOCCOC
PRMT4,5ntc,M2M,506,1,A,5606,H32,53.786,19.645,138.773,5.097,,,COCCOCCOC
PRMT4,5ntc,M2M,506,1,A,5608,H42,51.49,17.956,138.232,9.344,,,COCCOCCOC
PRMT4,5ntc,M2M,506,1,A,5609,H51,54.229,17.53,138.574,1.699,,,COCCOCCOC
PRMT4,5ntc,M2M,506,1,A,5610,H52,53.104,17.5,139.683,11.043,,,COCCOCCOC
PRMT4,5ntc,M2M,506,1,A,5611,H61,55.265,15.603,139.183,6.796,,,COCCOCCOC
PRMT4,5ntc,M2M,506,1,A,5612,H62,54.319,15.468,140.446,21.237,,,COCCOCCOC
PRMT4,5ntc,M2M,506,1,A,5613,H63,54.429,14.276,139.408,17.839,,,COCCOCCOC
PRMT4,5ntc,6L7,507,1,B,5415,N1,23.097,26.338,117.331,3.281,8.0,N,c1nc(c2c(n1)n(cn2)[C@H]3[C@@H]([C@@H]([C@H](O3)C[NH+](CC[C@@H](C(=O)O)[NH3+])CC[NH3+])O)O)N
PRMT4,5ntc,6L7,507,1,B,5442,HN5A,21.665,28.688,116.716,4.247,,,c1nc(c2c(n1)n(cn2)[C@H]3[C@@H]([C@@H]([C@H](O3)C[NH+](CC[C@@H](C(=O)O)[NH3+])CC[NH3+])O)O)N
PRMT4,5ntc,6L7,507,1,B,5454,HN7C,25.199,19.233,123.059,1.699,,,c1nc(c2c(n1)n(cn2)[C@H]3[C@@H]([C@@H]([C@H](O3)C[NH+](CC[C@@H](C(=O)O)[NH3+])CC[NH3+])O)O)N
PRMT4,5ntc,6L7,507,1,B,5455,HN7B,24.335,20.61,123.075,0.849,,,c1nc(c2c(n1)n(cn2)[C@H]3[C@@H]([C@@H]([C@H](O3)C[NH+](CC[C@@H](C(=O)O)[NH3+])CC[NH3+])O)O)N
PRMT4,5ntc,6L7,507,1,B,5456,HN7A,25.97,20.64,123.275,3.398,,,c1nc(c2c(n1)n(cn2)[C@H]3[C@@H]([C@@H]([C@H](O3)C[NH+](CC[C@@H](C(=O)O)[NH3+])CC[NH3+])O)O)N
PRMT4,5ntc,DXE,505,1,C,5542,C4,14.572,37.885,160.382,4.831,5.0,C,COCCOC
PRMT4,5ntc,DXE,505,1,C,5543,O2,13.373,37.424,159.822,16.072,4.0,O,COCCOC
PRMT4,5ntc,DXE,505,1,C,5544,C3,12.77,36.369,160.517,2.415,3.0,C,COCCOC
PRMT4,5ntc,DXE,505,1,C,5545,C2,11.254,36.417,160.308,2.415,2.0,C,COCCOC
PRMT4,5ntc,DXE,505,1,C,5546,O1,10.726,35.129,160.458,17.143,1.0,O,COCCOC
PRMT4,5ntc,DXE,505,1,C,5547,C1,9.337,35.045,160.31,15.699,0.0,C,COCCOC
PRMT4,5ntc,DXE,505,1,C,5548,H41,15.181,37.139,160.502,6.796,,,COCCOC
PRMT4,5ntc,DXE,505,1,C,5549,H42,14.976,38.539,159.79,18.689,,,COCCOC
PRMT4,5ntc,DXE,505,1,C,5551,H31,13.114,35.525,160.185,16.14,,,COCCOC
PRMT4,5ntc,DXE,505,1,C,5553,H21,11.06,36.745,159.416,16.14,,,COCCOC
PRMT4,5ntc,DXE,505,1,C,5554,H22,10.856,37.009,160.965,6.796,,,COCCOC
PRMT4,5ntc,DXE,505,1,C,5555,H11,9.081,35.415,159.451,19.538,,,COCCOC
PRMT4,5ntc,DXE,505,1,C,5556,H12,9.062,34.116,160.357,25.485,,,COCCOC
PRMT4,5ntc,DXE,505,1,C,5557,H13,8.906,35.546,161.02,17.839,,,COCCOC
PRMT4,5ntc,6L7,506,1,C,5565,N1,26.735,39.545,183.814,4.374,8.0,N,c1nc(c2c(n1)n(cn2)[C@H]3[C@@H]([C@@H]([C@H](O3)C[NH+](CC[C@@H](C(=O)O)[NH3+])CC[NH3+])O)O)N
PRMT4,5ntc,6L7,506,1,C,5570,N5,26.226,42.224,185.254,1.094,28.0,N,c1nc(c2c(n1)n(cn2)[C@H]3[C@@H]([C@@H]([C@H](O3)C[NH+](CC[C@@H](C(=O)O)[NH3+])CC[NH3+])O)O)N
PRMT4,5ntc,6L7,506,1,C,5592,HN5A,26.109,41.403,185.839,3.398,,,c1nc(c2c(n1)n(cn2)[C@H]3[C@@H]([C@@H]([C@H](O3)C[NH+](CC[C@@H](C(=O)O)[NH3+])CC[NH3+])O)O)N
PRMT4,5ntc,6L7,506,1,C,5604,HN7C,24.906,31.393,179.561,2.548,,,c1nc(c2c(n1)n(cn2)[C@H]3[C@@H]([C@@H]([C@H](O3)C[NH+](CC[C@@H](C(=O)O)[NH3+])CC[NH3+])O)O)N
PRMT4,5ntc,6L7,506,1,C,5605,HN7B,26.107,31.694,180.613,0.849,,,c1nc(c2c(n1)n(cn2)[C@H]3[C@@H]([C@@H]([C@H](O3)C[NH+](CC[C@@H](C(=O)O)[NH3+])CC[NH3+])O)O)N
PRMT4,5ntc,6L7,506,1,C,5606,HN7A,24.7,32.548,180.676,0.849,,,c1nc(c2c(n1)n(cn2)[C@H]3[C@@H]([C@@H]([C@H](O3)C[NH+](CC[C@@H](C(=O)O)[NH3+])CC[NH3+])O)O)N
PRMT4,5ntc,6L7,504,1,D,5400,N1,53.756,25.212,193.229,4.374,8.0,N,c1nc(c2c(n1)n(cn2)[C@H]3[C@@H]([C@@H]([C@H](O3)C[NH+](CC[C@@H](C(=O)O)[NH3+])CC[NH3+])O)O)N
PRMT4,5ntc,6L7,504,1,D,5427,HN5A,55.421,27.405,193.844,2.548,,,c1nc(c2c(n1)n(cn2)[C@H]3[C@@H]([C@@H]([C@H](O3)C[NH+](CC[C@@H](C(=O)O)[NH3+])CC[NH3+])O)O)N
PRMT4,5ntc,6L7,504,1,D,5440,HN7B,50.837,18.38,187.595,2.548,,,c1nc(c2c(n1)n(cn2)[C@H]3[C@@H]([C@@H]([C@H](O3)C[NH+](CC[C@@H](C(=O)O)[NH3+])CC[NH3+])O)O)N
PRMT4,5ntc,6L7,504,1,D,5441,HN7A,51.741,19.725,187.893,1.699,,,c1nc(c2c(n1)n(cn2)[C@H]3[C@@H]([C@@H]([C@H](O3)C[NH+](CC[C@@H](C(=O)O)[NH3+])CC[NH3+])O)O)N
PRMT4,5tbh,M2M,501,1,A,5451,C1,41.973,29.182,125.246,12.076,0.0,C,COCCOCCOC
PRMT4,5tbh,M2M,501,1,A,5455,O2,46.15,28.927,126.526,5.357,4.0,O,COCCOCCOC
PRMT4,5tbh,M2M,501,1,A,5458,O3,48.735,27.279,128.502,6.429,7.0,O,COCCOCCOC
PRMT4,5tbh,M2M,501,1,A,5459,C6,49.595,26.158,128.475,4.831,8.0,C,COCCOCCOC
PRMT4,5tbh,M2M,501,1,A,5460,H11,41.47,29.897,124.825,3.398,,,COCCOCCOC
PRMT4,5tbh,M2M,501,1,A,5461,H12,41.952,28.578,124.487,15.291,,,COCCOCCOC
PRMT4,5tbh,M2M,501,1,A,5462,H13,41.894,28.496,125.928,17.839,,,COCCOCCOC
PRMT4,5tbh,M2M,501,1,A,5464,H22,44.331,29.197,124.975,6.796,,,COCCOCCOC
PRMT4,5tbh,M2M,501,1,A,5465,H31,44.596,29.565,127.546,0.849,,,COCCOCCOC
PRMT4,5tbh,M2M,501,1,A,5468,H42,46.393,28.508,128.426,0.849,,,COCCOCCOC
PRMT4,5tbh,M2M,501,1,A,5469,H51,47.266,26.61,127.374,12.742,,,COCCOCCOC
PRMT4,5tbh,M2M,501,1,A,5472,H62,50.123,26.136,129.288,1.699,,,COCCOCCOC
PRMT4,5tbh,SAO,507,1,A,5549,SD,51.252,34.279,131.931,2.574,15.0,S,c1nc(c2c(n1)n(cn2)[C@H]3[C@@H]([C@@H]([C@H](O3)CSCC[C@@H](C(=O)O)[NH3+])O)O)N
PRMT4,5tbh,SAO,507,1,A,5563,N7,50.458,38.796,125.977,1.094,8.0,N,c1nc(c2c(n1)n(cn2)[C@H]3[C@@H]([C@@H]([C@H](O3)CSCC[C@@H](C(=O)O)[NH3+])O)O)N
PRMT4,5tbh,SAO,507,1,A,5579,H5'2,51.049,35.067,129.668,0.849,,,c1nc(c2c(n1)n(cn2)[C@H]3[C@@H]([C@@H]([C@H](O3)CSCC[C@@H](C(=O)O)[NH3+])O)O)N
PRMT4,5tbh,78K,506,1,B,5527,N4,23.294,26.898,117.481,1.094,28.0,N,COCN1C=C(C(=NC1=O)N)CN(CC[C@H](C(=O)O)N)C[C@@H]2[C@H]([C@H]([C@@H](O2)n3cnc4c3ncnc4N)O)O
PRMT4,5tbh,78K,506,1,B,5554,H21,29.007,18.839,124.862,7.645,,,COCN1C=C(C(=NC1=O)N)CN(CC[C@H](C(=O)O)N)C[C@@H]2[C@H]([C@H]([C@@H](O2)n3cnc4c3ncnc4N)O)O
PRMT4,5tbh,78K,506,1,B,5556,H20,28.027,20.265,124.455,5.097,,,COCN1C=C(C(=NC1=O)N)CN(CC[C@H](C(=O)O)N)C[C@@H]2[C@H]([C@H]([C@@H](O2)n3cnc4c3ncnc4N)O)O
PRMT4,5tbh,SAO,506,1,C,5506,SD,25.622,35.568,177.856,1.287,15.0,S,c1nc(c2c(n1)n(cn2)[C@H]3[C@@H]([C@@H]([C@H](O3)CSCC[C@@H](C(=O)O)[NH3+])O)O)N
PRMT4,5tbh,SAO,506,1,C,5520,N7,26.791,39.908,184.019,2.187,8.0,N,c1nc(c2c(n1)n(cn2)[C@H]3[C@@H]([C@@H]([C@H](O3)CSCC[C@@H](C(=O)O)[NH3+])O)O)N
PRMT4,5tbh,SAO,506,1,C,5536,H5'2,25.998,36.196,180.145,0.849,,,c1nc(c2c(n1)n(cn2)[C@H]3[C@@H]([C@@H]([C@H](O3)CSCC[C@@H](C(=O)O)[NH3+])O)O)N
PRMT4,5tbh,78K,504,1,D,5453,C17,48.279,19.233,183.52,1.208,0.0,C,COCN1C=C(C(=NC1=O)N)CN(CC[C@H](C(=O)O)N)C[C@@H]2[C@H]([C@H]([C@@H](O2)n3cnc4c3ncnc4N)O)O
PRMT4,5tbh,78K,504,1,D,5462,N4,53.445,25.53,192.62,1.094,28.0,N,COCN1C=C(C(=NC1=O)N)CN(CC[C@H](C(=O)O)N)C[C@@H]2[C@H]([C@H]([C@@H](O2)n3cnc4c3ncnc4N)O)O
PRMT4,5tbh,78K,504,1,D,5489,H21,47.257,18.858,183.555,9.344,,,COCN1C=C(C(=NC1=O)N)CN(CC[C@H](C(=O)O)N)C[C@@H]2[C@H]([C@H]([C@@H](O2)n3cnc4c3ncnc4N)O)O
PRMT4,5tbh,78K,504,1,D,5490,H22,48.331,20.154,184.098,4.247,,,COCN1C=C(C(=NC1=O)N)CN(CC[C@H](C(=O)O)N)C[C@@H]2[C@H]([C@H]([C@@H](O2)n3cnc4c3ncnc4N)O)O
PRMT4,5tbi,SAO,507,1,A,5509,SD,51.27,34.148,131.644,1.287,15.0,S,c1nc(c2c(n1)n(cn2)[C@H]3[C@@H]([C@@H]([C@H](O3)CSCC[C@@H](C(=O)O)[NH3+])O)O)N
PRMT4,5tbi,SAO,507,1,A,5523,N7,50.28,38.536,125.491,1.094,8.0,N,c1nc(c2c(n1)n(cn2)[C@H]3[C@@H]([C@@H]([C@H](O3)CSCC[C@@H](C(=O)O)[NH3+])O)O)N
PRMT4,5tbi,SAO,507,1,A,5539,H5'2,51.006,34.772,129.334,0.849,,,c1nc(c2c(n1)n(cn2)[C@H]3[C@@H]([C@@H]([C@H](O3)CSCC[C@@H](C(=O)O)[NH3+])O)O)N
PRMT4,5tbi,78V,504,1,B,5572,H8,24.201,19.393,121.344,0.849,,,COCN1C=CC(=NC1=O)NCCNC[C@@H]2[C@H]([C@H]([C@@H](O2)n3cnc4c3ncnc4N)O)O
PRMT4,5tbi,78V,504,1,B,5577,H,29.662,19.581,125.611,5.946,,,COCN1C=CC(=NC1=O)NCCNC[C@@H]2[C@H]([C@H]([C@@H](O2)n3cnc4c3ncnc4N)O)O
PRMT4,5tbi,78V,504,1,B,5578,H2,28.915,21.163,125.93,10.194,,,COCN1C=CC(=NC1=O)NCCNC[C@@H]2[C@H]([C@H]([C@@H](O2)n3cnc4c3ncnc4N)O)O
PRMT4,5tbi,78V,504,1,B,5579,H4,27.685,17.65,125.867,0.849,,,COCN1C=CC(=NC1=O)NCCNC[C@@H]2[C@H]([C@H]([C@@H](O2)n3cnc4c3ncnc4N)O)O
PRMT4,5tbi,78V,504,1,B,5585,H13,23.424,19.594,117.624,8.495,,,COCN1C=CC(=NC1=O)NCCNC[C@@H]2[C@H]([C@H]([C@@H](O2)n3cnc4c3ncnc4N)O)O
PRMT4,5tbi,PE8,501,1,B,5461,O1,8.389,31.833,105.727,9.643,24.0,O,C(COCCOCCOCCOCCOCCOCCOCCO)O
PRMT4,5tbi,PE8,501,1,B,5462,C2,9.144,32.769,106.448,3.623,0.0,C,C(COCCOCCOCCOCCOCCOCCOCCO)O
PRMT4,5tbi,PE8,501,1,B,5463,C3,10.574,32.734,105.914,1.208,1.0,C,C(COCCOCCOCCOCCOCCOCCOCCO)O
PRMT4,5tbi,PE8,501,1,B,5464,O4,11.399,33.462,106.781,1.071,2.0,O,C(COCCOCCOCCOCCOCCOCCOCCO)O
PRMT4,5tbi,PE8,501,1,B,5465,C5,12.252,34.377,106.15,3.623,3.0,C,C(COCCOCCOCCOCCOCCOCCOCCO)O
PRMT4,5tbi,PE8,501,1,B,5467,O7,14.099,34.43,104.679,12.858,5.0,O,C(COCCOCCOCCOCCOCCOCCOCCO)O
PRMT4,5tbi,PE8,501,1,B,5468,C8,15.492,34.525,104.773,1.208,6.0,C,C(COCCOCCOCCOCCOCCOCCOCCO)O
PRMT4,5tbi,PE8,501,1,B,5470,O10,17.179,35.653,106.032,5.357,8.0,O,C(COCCOCCOCCOCCOCCOCCOCCO)O
PRMT4,5tbi,PE8,501,1,B,5472,C12,18.194,37.115,107.611,1.208,10.0,C,C(COCCOCCOCCOCCOCCOCCOCCO)O
PRMT4,5tbi,PE8,501,1,B,5475,C15,21.681,38.141,108.183,1.208,13.0,C,C(COCCOCCOCCOCCOCCOCCOCCO)O
PRMT4,5tbi,PE8,501,1,B,5476,O16,22.355,37.488,107.15,8.572,14.0,O,C(COCCOCCOCCOCCOCCOCCOCCO)O
PRMT4,5tbi,PE8,501,1,B,5477,C17,23.699,37.256,107.475,3.623,15.0,C,C(COCCOCCOCCOCCOCCOCCOCCO)O
PRMT4,5tbi,PE8,501,1,B,5478,C18,24.368,36.508,106.325,3.623,16.0,C,C(COCCOCCOCCOCCOCCOCCOCCO)O
PRMT4,5tbi,PE8,501,1,B,5480,C20,24.015,34.548,105.065,2.415,18.0,C,C(COCCOCCOCCOCCOCCOCCOCCO)O
PRMT4,5tbi,PE8,501,1,B,5482,O22,23.767,32.251,104.501,11.786,20.0,O,C(COCCOCCOCCOCCOCCOCCOCCO)O
PRMT4,5tbi,PE8,501,1,B,5484,C24,25.315,30.511,105.017,1.208,22.0,C,C(COCCOCCOCCOCCOCCOCCOCCO)O
PRMT4,5tbi,PE8,501,1,B,5485,O25,26.37,31.15,105.684,17.143,23.0,O,C(COCCOCCOCCOCCOCCOCCOCCO)O
PRMT4,5tbi,PE8,501,1,B,5486,HO1,7.616,32.15,105.572,21.237,,,C(COCCOCCOCCOCCOCCOCCOCCO)O
PRMT4,5tbi,PE8,501,1,B,5487,H21,8.77,33.655,106.325,19.538,,,C(COCCOCCOCCOCCOCCOCCOCCO)O
PRMT4,5tbi,PE8,501,1,B,5488,H22,9.14,32.538,107.39,2.548,,,C(COCCOCCOCCOCCOCCOCCOCCO)O
PRMT4,5tbi,PE8,501,1,B,5489,H31,10.6,33.132,105.029,12.742,,,C(COCCOCCOCCOCCOCCOCCOCCO)O
PRMT4,5tbi,PE8,501,1,B,5490,H32,10.881,31.815,105.867,2.548,,,C(COCCOCCOCCOCCOCCOCCOCCO)O
PRMT4,5tbi,PE8,501,1,B,5491,H51,11.791,34.795,105.407,12.742,,,C(COCCOCCOCCOCCOCCOCCOCCO)O
PRMT4,5tbi,PE8,501,1,B,5492,H52,12.531,35.055,106.785,11.893,,,C(COCCOCCOCCOCCOCCOCCOCCO)O
PRMT4,5tbi,PE8,501,1,B,5494,H62,13.198,32.782,105.231,1.699,,,C(COCCOCCOCCOCCOCCOCCOCCO)O
PRMT4,5tbi,PE8,501,1,B,5495,H81,15.848,34.954,103.979,17.839,,,C(COCCOCCOCCOCCOCCOCCOCCO)O
PRMT4,5tbi,PE8,501,1,B,5497,H91,15.31,36.197,105.97,16.14,,,C(COCCOCCOCCOCCOCCOCCOCCO)O
PRMT4,5tbi,PE8,501,1,B,5498,H92,15.569,34.876,106.806,0.849,,,C(COCCOCCOCCOCCOCCOCCOCCO)O
PRMT4,5tbi,PE8,501,1,B,5500,H112,17.095,35.406,107.967,0.849,,,C(COCCOCCOCCOCCOCCOCCOCCO)O
PRMT4,5tbi,PE8,501,1,B,5501,H121,17.629,37.491,108.304,14.441,,,C(COCCOCCOCCOCCOCCOCCOCCO)O
PRMT4,5tbi,PE8,501,1,B,5502,H122,18.125,37.653,106.808,10.194,,,C(COCCOCCOCCOCCOCCOCCOCCO)O
PRMT4,5tbi,PE8,501,1,B,5503,H141,20.105,38.576,106.923,13.592,,,C(COCCOCCOCCOCCOCCOCCOCCO)O
PRMT4,5tbi,PE8,501,1,B,5506,H152,22.076,39.016,108.319,2.548,,,C(COCCOCCOCCOCCOCCOCCOCCO)O
PRMT4,5tbi,PE8,501,1,B,5507,H171,24.15,38.103,107.617,17.839,,,C(COCCOCCOCCOCCOCCOCCOCCO)O
PRMT4,5tbi,PE8,501,1,B,5509,H181,25.325,36.465,106.475,20.388,,,C(COCCOCCOCCOCCOCCOCCOCCO)O
PRMT4,5tbi,PE8,501,1,B,5510,H182,24.187,36.963,105.488,16.14,,,C(COCCOCCOCCOCCOCCOCCOCCO)O
PRMT4,5tbi,PE8,501,1,B,5511,H201,24.934,34.247,104.986,10.194,,,C(COCCOCCOCCOCCOCCOCCOCCO)O
PRMT4,5tbi,PE8,501,1,B,5512,H202,23.802,35.145,104.33,16.99,,,C(COCCOCCOCCOCCOCCOCCOCCO)O
PRMT4,5tbi,PE8,501,1,B,5514,H212,22.301,33.545,104.49,11.043,,,C(COCCOCCOCCOCCOCCOCCOCCO)O
PRMT4,5tbi,PE8,501,1,B,5516,H232,23.281,30.57,105.368,0.849,,,C(COCCOCCOCCOCCOCCOCCOCCO)O
PRMT4,5tbi,PE8,501,1,B,5517,H241,25.278,29.578,105.282,1.699,,,C(COCCOCCOCCOCCOCCOCCOCCO)O
PRMT4,5tbi,PE8,501,1,B,5518,H242,25.449,30.573,104.058,20.388,,,C(COCCOCCOCCOCCOCCOCCOCCO)O
PRMT4,5tbi,PE8,501,1,B,5519,H25,27.083,30.696,105.587,26.334,,,C(COCCOCCOCCOCCOCCOCCOCCO)O
PRMT4,5tbi,SAO,507,1,C,5515,SD,25.568,35.436,177.22,1.287,15.0,S,c1nc(c2c(n1)n(cn2)[C@H]3[C@@H]([C@@H]([C@H](O3)CSCC[C@@H](C(=O)O)[NH3+])O)O)N
PRMT4,5tbi,SAO,507,1,C,5529,N7,26.681,39.741,183.549,1.094,8.0,N,c1nc(c2c(n1)n(cn2)[C@H]3[C@@H]([C@@H]([C@H](O3)CSCC[C@@H](C(=O)O)[NH3+])O)O)N
PRMT4,5tbi,SAO,507,1,C,5545,H5'2,25.761,35.896,179.575,0.849,,,c1nc(c2c(n1)n(cn2)[C@H]3[C@@H]([C@@H]([C@H](O3)CSCC[C@@H](C(=O)O)[NH3+])O)O)N
PRMT4,5tbi,78V,504,1,D,5453,N3,52.214,19.644,189.632,1.094,13.0,N,COCN1C=CC(=NC1=O)NCCNC[C@@H]2[C@H]([C@H]([C@@H](O2)n3cnc4c3ncnc4N)O)O
PRMT4,5tbi,78V,504,1,D,5456,C,46.87,19.261,182.435,4.831,0.0,C,COCN1C=CC(=NC1=O)NCCNC[C@@H]2[C@H]([C@H]([C@@H](O2)n3cnc4c3ncnc4N)O)O
PRMT4,5tbi,78V,504,1,D,5459,C1,48.261,17.58,183.282,1.208,2.0,C,COCN1C=CC(=NC1=O)NCCNC[C@@H]2[C@H]([C@H]([C@@H](O2)n3cnc4c3ncnc4N)O)O
PRMT4,5tbi,78V,504,1,D,5477,N5,53.12,25.459,191.958,1.094,22.0,N,COCN1C=CC(=NC1=O)NCCNC[C@@H]2[C@H]([C@H]([C@@H](O2)n3cnc4c3ncnc4N)O)O
PRMT4,5tbi,78V,504,1,D,5481,H12,51.626,18.825,189.513,4.247,,,COCN1C=CC(=NC1=O)NCCNC[C@@H]2[C@H]([C@H]([C@@H](O2)n3cnc4c3ncnc4N)O)O
PRMT4,5tbi,78V,504,1,D,5483,H1,45.903,18.808,182.648,8.495,,,COCN1C=CC(=NC1=O)NCCNC[C@@H]2[C@H]([C@H]([C@@H](O2)n3cnc4c3ncnc4N)O)O
PRMT4,5tbi,78V,504,1,D,5484,H,47.212,19.784,183.327,1.699,,,COCN1C=CC(=NC1=O)NCCNC[C@@H]2[C@H]([C@H]([C@@H](O2)n3cnc4c3ncnc4N)O)O
PRMT4,5tbi,78V,504,1,D,5485,H2,46.759,19.973,181.619,3.398,,,COCN1C=CC(=NC1=O)NCCNC[C@@H]2[C@H]([C@H]([C@@H](O2)n3cnc4c3ncnc4N)O)O
PRMT4,5tbi,78V,504,1,D,5494,H15,51.799,19.452,192.053,3.398,,,COCN1C=CC(=NC1=O)NCCNC[C@@H]2[C@H]([C@H]([C@@H](O2)n3cnc4c3ncnc4N)O)O
PRMT4,5tbj,DXE,505,1,A,5546,C4,73.587,22.559,131.578,13.284,5.0,C,COCCOC
PRMT4,5tbj,DXE,505,1,A,5547,O2,72.719,23.251,130.724,7.5,4.0,O,COCCOC
PRMT4,5tbj,DXE,505,1,A,5548,C3,71.52,22.582,130.443,1.208,3.0,C,COCCOC
PRMT4,5tbj,DXE,505,1,A,5550,O1,69.976,21.495,131.912,11.786,1.0,O,COCCOC
PRMT4,5tbj,DXE,505,1,A,5551,C1,68.995,21.558,132.907,6.038,0.0,C,COCCOC
PRMT4,5tbj,DXE,505,1,A,5552,H41,73.746,21.669,131.226,20.388,,,COCCOC
PRMT4,5tbj,DXE,505,1,A,5553,H42,74.429,23.037,131.64,24.635,,,COCCOC
PRMT4,5tbj,DXE,505,1,A,5554,H43,73.188,22.491,132.459,13.592,,,COCCOC
PRMT4,5tbj,DXE,505,1,A,5555,H31,71.119,22.961,129.646,7.645,,,COCCOC
PRMT4,5tbj,DXE,505,1,A,5556,H32,71.704,21.641,130.296,15.291,,,COCCOC
PRMT4,5tbj,DXE,505,1,A,5557,H21,71.042,23.055,132.394,1.699,,,COCCOC
PRMT4,5tbj,DXE,505,1,A,5559,H11,69.402,21.828,133.745,15.291,,,COCCOC
PRMT4,5tbj,DXE,505,1,A,5560,H12,68.584,20.686,133.012,8.495,,,COCCOC
PRMT4,5tbj,LHD,501,1,A,5459,N4,50.649,38.73,126.352,1.094,22.0,N,COCN1C=C(C(=NC1=O)N)C[NH2+]CC[C@@H]2[C@H]([C@H]([C@@H](O2)n3cnc4c3ncnc4N)O)O
PRMT4,5tbj,LHD,501,1,A,5478,O4,50.728,26.751,130.011,1.071,1.0,O,COCN1C=C(C(=NC1=O)N)C[NH2+]CC[C@@H]2[C@H]([C@H]([C@@H](O2)n3cnc4c3ncnc4N)O)O
PRMT4,5tbj,LHD,501,1,A,5480,O5,49.158,28.258,131.901,6.429,9.0,O,COCN1C=C(C(=NC1=O)N)C[NH2+]CC[C@@H]2[C@H]([C@H]([C@@H](O2)n3cnc4c3ncnc4N)O)O
PRMT4,5tbj,LHD,501,1,A,5486,H4,51.681,36.574,132.047,1.699,,,COCN1C=C(C(=NC1=O)N)C[NH2+]CC[C@@H]2[C@H]([C@H]([C@@H](O2)n3cnc4c3ncnc4N)O)O
PRMT4,5tbj,LHD,501,1,A,5499,H15,50.946,32.606,133.694,2.548,,,COCN1C=C(C(=NC1=O)N)C[NH2+]CC[C@@H]2[C@H]([C@H]([C@@H](O2)n3cnc4c3ncnc4N)O)O
PRMT4,5tbj,LHD,501,1,A,5500,H18,49.831,28.366,129.033,6.796,,,COCN1C=C(C(=NC1=O)N)C[NH2+]CC[C@@H]2[C@H]([C@H]([C@@H](O2)n3cnc4c3ncnc4N)O)O
PRMT4,5tbj,LHD,501,1,A,5503,H19,51.433,26.203,131.866,0.849,,,COCN1C=C(C(=NC1=O)N)C[NH2+]CC[C@@H]2[C@H]([C@H]([C@@H](O2)n3cnc4c3ncnc4N)O)O
PRMT4,5tbj,LHD,501,1,A,5508,H24,52.969,34.459,131.943,1.699,,,COCN1C=C(C(=NC1=O)N)C[NH2+]CC[C@@H]2[C@H]([C@H]([C@@H](O2)n3cnc4c3ncnc4N)O)O
PRMT4,5tbj,PG6,505,1,B,5567,C1,24.053,34.577,105.406,10.869,0.0,C,COCCOCCOCCOCCOCCOC
PRMT4,5tbj,PG6,505,1,B,5568,O1,24.68,34.701,106.655,10.715,1.0,O,COCCOCCOCCOCCOCCOC
PRMT4,5tbj,PG6,505,1,B,5569,C2,24.802,36.004,107.16,6.038,2.0,C,COCCOCCOCCOCCOCCOC
PRMT4,5tbj,PG6,505,1,B,5571,O2,23.392,37.608,108.232,13.929,4.0,O,COCCOCCOCCOCCOCCOC
PRMT4,5tbj,PG6,505,1,B,5572,C4,22.312,37.649,109.113,1.208,5.0,C,COCCOCCOCCOCCOCCOC
PRMT4,5tbj,PG6,505,1,B,5573,C5,21.341,38.767,108.741,2.415,6.0,C,COCCOCCOCCOCCOCCOC
PRMT4,5tbj,PG6,505,1,B,5574,O3,20.181,38.175,108.226,10.715,7.0,O,COCCOCCOCCOCCOCCOC
PRMT4,5tbj,PG6,505,1,B,5576,C7,17.96,37.391,108.511,2.415,9.0,C,COCCOCCOCCOCCOCCOC
PRMT4,5tbj,PG6,505,1,B,5577,O4,18.003,36.122,107.921,2.143,10.0,O,COCCOCCOCCOCCOCCOC
PRMT4,5tbj,PG6,505,1,B,5579,C9,16.582,34.983,106.393,2.415,12.0,C,COCCOCCOCCOCCOCCOC
PRMT4,5tbj,PG6,505,1,B,5581,C10,14.522,34.7,105.221,2.415,14.0,C,COCCOCCOCCOCCOCCOC
PRMT4,5tbj,PG6,505,1,B,5582,C11,13.063,34.741,105.675,2.415,15.0,C,COCCOCCOCCOCCOCCOC
PRMT4,5tbj,PG6,505,1,B,5584,C12,11.645,33.954,107.377,4.831,17.0,C,COCCOCCOCCOCCOCCOC
PRMT4,5tbj,PG6,505,1,B,5585,H11,23.146,34.916,105.464,6.796,,,COCCOCCOCCOCCOCCOC
PRMT4,5tbj,PG6,505,1,B,5586,H12,24.033,33.643,105.145,22.936,,,COCCOCCOCCOCCOCCOC
PRMT4,5tbj,PG6,505,1,B,5587,H13,24.546,35.087,104.745,17.839,,,COCCOCCOCCOCCOCCOC
PRMT4,5tbj,PG6,505,1,B,5588,H21,25.279,36.562,106.526,17.839,,,COCCOCCOCCOCCOCCOC
PRMT4,5tbj,PG6,505,1,B,5589,H22,25.272,35.988,108.009,11.893,,,COCCOCCOCCOCCOCCOC
PRMT4,5tbj,PG6,505,1,B,5590,H31,23.032,36.812,106.501,11.893,,,COCCOCCOCCOCCOCCOC
PRMT4,5tbj,PG6,505,1,B,5592,H41,22.641,37.8,110.013,0.849,,,COCCOCCOCCOCCOCCOC
PRMT4,5tbj,PG6,505,1,B,5595,H52,21.743,39.341,108.07,16.99,,,COCCOCCOCCOCCOCCOC
PRMT4,5tbj,PG6,505,1,B,5597,H62,19.199,38.261,109.914,0.849,,,COCCOCCOCCOCCOCCOC
PRMT4,5tbj,PG6,505,1,B,5598,H71,17.252,37.42,109.174,12.742,,,COCCOCCOCCOCCOCCOC
PRMT4,5tbj,PG6,505,1,B,5599,H72,17.802,38.064,107.831,16.99,,,COCCOCCOCCOCCOCCOC
PRMT4,5tbj,PG6,505,1,B,5601,H82,16.058,36.081,108.061,6.796,,,COCCOCCOCCOCCOCCOC
PRMT4,5tbj,PG6,505,1,B,5602,H91,17.267,34.333,106.169,0.849,,,COCCOCCOCCOCCOCCOC
PRMT4,5tbj,PG6,505,1,B,5603,H92,16.623,35.734,105.781,11.893,,,COCCOCCOCCOCCOCCOC
PRMT4,5tbj,PG6,505,1,B,5604,H101,14.78,35.566,104.87,15.291,,,COCCOCCOCCOCCOCCOC
PRMT4,5tbj,PG6,505,1,B,5605,H102,14.632,34.022,104.537,1.699,,,COCCOCCOCCOCCOCCOC
PRMT4,5tbj,PG6,505,1,B,5606,H111,12.486,34.487,104.938,17.839,,,COCCOCCOCCOCCOCCOC
PRMT4,5tbj,PG6,505,1,B,5607,H112,12.839,35.639,105.967,15.291,,,COCCOCCOCCOCCOCCOC
PRMT4,5tbj,PG6,505,1,B,5608,H121,10.946,33.65,106.779,21.237,,,COCCOCCOCCOCCOCCOC
PRMT4,5tbj,PG6,505,1,B,5609,H122,11.485,34.88,107.618,17.839,,,COCCOCCOCCOCCOCCOC
PRMT4,5tbj,LHD,501,1,B,5487,N4,23.405,27.218,118.11,2.187,22.0,N,COCN1C=C(C(=NC1=O)N)C[NH2+]CC[C@@H]2[C@H]([C@H]([C@@H](O2)n3cnc4c3ncnc4N)O)O
PRMT4,5tbj,LHD,501,1,B,5506,O4,26.948,20.091,127.68,2.143,1.0,O,COCN1C=C(C(=NC1=O)N)C[NH2+]CC[C@@H]2[C@H]([C@H]([C@@H](O2)n3cnc4c3ncnc4N)O)O
PRMT4,5tbj,LHD,501,1,B,5507,C16,27.265,21.234,128.431,3.623,0.0,C,COCN1C=C(C(=NC1=O)N)C[NH2+]CC[C@@H]2[C@H]([C@H]([C@@H](O2)n3cnc4c3ncnc4N)O)O
PRMT4,5tbj,LHD,501,1,B,5508,O5,28.162,19.203,125.645,10.715,9.0,O,COCN1C=C(C(=NC1=O)N)C[NH2+]CC[C@@H]2[C@H]([C@H]([C@@H](O2)n3cnc4c3ncnc4N)O)O
PRMT4,5tbj,LHD,501,1,B,5514,H4,24.249,21.141,118.3,0.849,,,COCN1C=C(C(=NC1=O)N)C[NH2+]CC[C@@H]2[C@H]([C@H]([C@@H](O2)n3cnc4c3ncnc4N)O)O
PRMT4,5tbj,LHD,501,1,B,5527,H15,25.036,17.536,121.602,4.247,,,COCN1C=C(C(=NC1=O)N)C[NH2+]CC[C@@H]2[C@H]([C@H]([C@@H](O2)n3cnc4c3ncnc4N)O)O
PRMT4,5tbj,LHD,501,1,B,5529,H17,25.001,19.661,127.378,0.849,,,COCN1C=C(C(=NC1=O)N)C[NH2+]CC[C@@H]2[C@H]([C@H]([C@@H](O2)n3cnc4c3ncnc4N)O)O
PRMT4,5tbj,LHD,501,1,B,5532,H21,28.312,21.335,128.71,5.946,,,COCN1C=C(C(=NC1=O)N)C[NH2+]CC[C@@H]2[C@H]([C@H]([C@@H](O2)n3cnc4c3ncnc4N)O)O
PRMT4,5tbj,LHD,501,1,B,5535,H25,24.532,20.135,120.444,1.699,,,COCN1C=C(C(=NC1=O)N)C[NH2+]CC[C@@H]2[C@H]([C@H]([C@@H](O2)n3cnc4c3ncnc4N)O)O
PRMT4,5tbj,LHD,501,1,B,5536,H24,22.912,20.708,120.285,0.849,,,COCN1C=C(C(=NC1=O)N)C[NH2+]CC[C@@H]2[C@H]([C@H]([C@@H](O2)n3cnc4c3ncnc4N)O)O
PRMT4,5tbj,LHD,501,1,C,5459,N4,26.67,39.853,185.089,3.281,22.0,N,COCN1C=C(C(=NC1=O)N)C[NH2+]CC[C@@H]2[C@H]([C@H]([C@@H](O2)n3cnc4c3ncnc4N)O)O
PRMT4,5tbj,LHD,501,1,C,5480,O5,27.818,29.52,179.09,3.214,9.0,O,COCN1C=C(C(=NC1=O)N)C[NH2+]CC[C@@H]2[C@H]([C@H]([C@@H](O2)n3cnc4c3ncnc4N)O)O
PRMT4,5tbj,LHD,501,1,C,5486,H4,25.526,37.711,179.415,1.699,,,COCN1C=C(C(=NC1=O)N)C[NH2+]CC[C@@H]2[C@H]([C@H]([C@@H](O2)n3cnc4c3ncnc4N)O)O
PRMT4,5tbj,LHD,501,1,C,5498,H16,26.115,33.897,177.55,4.247,,,COCN1C=C(C(=NC1=O)N)C[NH2+]CC[C@@H]2[C@H]([C@H]([C@@H](O2)n3cnc4c3ncnc4N)O)O
PRMT4,5tbj,LHD,501,1,C,5500,H18,27.276,28.712,181.27,5.946,,,COCN1C=C(C(=NC1=O)N)C[NH2+]CC[C@@H]2[C@H]([C@H]([C@@H](O2)n3cnc4c3ncnc4N)O)O
PRMT4,5tbj,LHD,501,1,C,5504,H21,26.166,27.269,179.67,3.398,,,COCN1C=C(C(=NC1=O)N)C[NH2+]CC[C@@H]2[C@H]([C@H]([C@@H](O2)n3cnc4c3ncnc4N)O)O
PRMT4,5tbj,LHD,501,1,C,5508,H24,23.94,35.878,179.715,0.849,,,COCN1C=C(C(=NC1=O)N)C[NH2+]CC[C@@H]2[C@H]([C@H]([C@@H](O2)n3cnc4c3ncnc4N)O)O
PRMT4,5u4x,7VM,502,1,A,2753,C5,8.41,29.251,21.945,3.623,7.0,C,CNCCN1CCC(CC1)c2cc(ccn2)CN(C)C(=O)c3cccc(c3)Oc4ccccc4
PRMT4,5u4x,7VM,502,1,A,2756,C7,5.542,26.978,21.952,9.661,14.0,C,CNCCN1CCC(CC1)c2cc(ccn2)CN(C)C(=O)c3cccc(c3)Oc4ccccc4
PRMT4,5u4x,7VM,502,1,A,2757,C8,5.975,25.856,21.265,6.038,13.0,C,CNCCN1CCC(CC1)c2cc(ccn2)CN(C)C(=O)c3cccc(c3)Oc4ccccc4
PRMT4,5u4x,7VM,502,1,A,2758,N2,6.311,28.056,22.186,7.655,15.0,N,CNCCN1CCC(CC1)c2cc(ccn2)CN(C)C(=O)c3cccc(c3)Oc4ccccc4
PRMT4,5u4x,7VM,502,1,A,2761,C11,5.993,24.141,18.455,4.831,18.0,C,CNCCN1CCC(CC1)c2cc(ccn2)CN(C)C(=O)c3cccc(c3)Oc4ccccc4
PRMT4,5u4x,7VM,502,1,A,2762,C12,6.81,22.378,19.918,1.208,19.0,C,CNCCN1CCC(CC1)c2cc(ccn2)CN(C)C(=O)c3cccc(c3)Oc4ccccc4
PRMT4,5u4x,7VM,502,1,A,2767,O1,6.152,21.535,19.332,10.715,20.0,O,CNCCN1CCC(CC1)c2cc(ccn2)CN(C)C(=O)c3cccc(c3)Oc4ccccc4
PRMT4,5u4x,7VM,502,1,A,2768,C24,7.479,22.519,22.325,2.415,26.0,C,CNCCN1CCC(CC1)c2cc(ccn2)CN(C)C(=O)c3cccc(c3)Oc4ccccc4
PRMT4,5u4x,7VM,502,1,A,2772,C23,5.913,23.222,25.408,4.831,33.0,C,CNCCN1CCC(CC1)c2cc(ccn2)CN(C)C(=O)c3cccc(c3)Oc4ccccc4
PRMT4,5u4x,7VM,502,1,A,2773,C22,4.936,24.177,25.632,21.737,32.0,C,CNCCN1CCC(CC1)c2cc(ccn2)CN(C)C(=O)c3cccc(c3)Oc4ccccc4
PRMT4,5u4x,7VM,502,1,A,2774,C21,5.183,25.509,25.353,7.246,31.0,C,CNCCN1CCC(CC1)c2cc(ccn2)CN(C)C(=O)c3cccc(c3)Oc4ccccc4
PRMT4,5u4x,7VM,502,1,A,2785,C,13.882,29.46,18.331,7.246,0.0,C,CNCCN1CCC(CC1)c2cc(ccn2)CN(C)C(=O)c3cccc(c3)Oc4ccccc4
PRMT4,5tbj,LHD,501,1,D,5448,N4,53.426,25.931,193.2,2.187,22.0,N,COCN1C=C(C(=NC1=O)N)C[NH2+]CC[C@@H]2[C@H]([C@H]([C@@H](O2)n3cnc4c3ncnc4N)O)O
PRMT4,5tbj,LHD,501,1,D,5469,O5,47.312,18.45,185.928,6.429,9.0,O,COCN1C=C(C(=NC1=O)N)C[NH2+]CC[C@@H]2[C@H]([C@H]([C@@H](O2)n3cnc4c3ncnc4N)O)O
PRMT4,5tbj,LHD,501,1,D,5475,H4,52.177,19.907,193.01,1.699,,,COCN1C=C(C(=NC1=O)N)C[NH2+]CC[C@@H]2[C@H]([C@H]([C@@H](O2)n3cnc4c3ncnc4N)O)O
PRMT4,5tbj,LHD,501,1,D,5487,H16,49.496,17.116,189.898,3.398,,,COCN1C=C(C(=NC1=O)N)C[NH2+]CC[C@@H]2[C@H]([C@H]([C@@H](O2)n3cnc4c3ncnc4N)O)O
PRMT4,5tbj,LHD,501,1,D,5488,H15,51.159,17.411,189.694,1.699,,,COCN1C=C(C(=NC1=O)N)C[NH2+]CC[C@@H]2[C@H]([C@H]([C@@H](O2)n3cnc4c3ncnc4N)O)O
PRMT4,5tbj,LHD,501,1,D,5489,H18,48.109,20.254,184.465,6.796,,,COCN1C=C(C(=NC1=O)N)C[NH2+]CC[C@@H]2[C@H]([C@H]([C@@H](O2)n3cnc4c3ncnc4N)O)O
PRMT4,5tbj,LHD,501,1,D,5491,H20,48.124,17.933,183.669,2.548,,,COCN1C=C(C(=NC1=O)N)C[NH2+]CC[C@@H]2[C@H]([C@H]([C@@H](O2)n3cnc4c3ncnc4N)O)O
PRMT4,5tbj,LHD,501,1,D,5496,H25,51.558,19.162,190.626,0.849,,,COCN1C=C(C(=NC1=O)N)C[NH2+]CC[C@@H]2[C@H]([C@H]([C@@H](O2)n3cnc4c3ncnc4N)O)O
PRMT4,5u4x,SAH,501,1,A,2730,SD,12.846,30.311,15.3,3.86,15.0,S,c1nc(c2c(n1)n(cn2)[C@H]3[C@@H]([C@@H]([C@H](O3)CSCC[C@@H](C(=O)O)N)O)O)N
PRMT4,5u4x,SAH,501,1,A,2734,C5',13.645,28.817,14.74,1.208,14.0,C,c1nc(c2c(n1)n(cn2)[C@H]3[C@@H]([C@@H]([C@H](O3)CSCC[C@@H](C(=O)O)N)O)O)N
PRMT4,5u4x,SAH,501,1,A,2744,N7,14.58,23.219,13.223,3.281,8.0,N,c1nc(c2c(n1)n(cn2)[C@H]3[C@@H]([C@@H]([C@H](O3)CSCC[C@@H](C(=O)O)N)O)O)N
PRMT4,5u4x,SAH,501,1,A,2747,N6,16.183,21.185,11.607,4.374,25.0,N,c1nc(c2c(n1)n(cn2)[C@H]3[C@@H]([C@@H]([C@H](O3)CSCC[C@@H](C(=O)O)N)O)O)N
PRMT4,5u4x,7VM,502,1,B,2702,C5,-10.352,21.972,26.415,4.831,7.0,C,CNCCN1CCC(CC1)c2cc(ccn2)CN(C)C(=O)c3cccc(c3)Oc4ccccc4
PRMT4,5u4x,7VM,502,1,B,2705,C7,-7.026,22.143,24.907,12.076,14.0,C,CNCCN1CCC(CC1)c2cc(ccn2)CN(C)C(=O)c3cccc(c3)Oc4ccccc4
PRMT4,5u4x,7VM,502,1,B,2706,C8,-6.969,21.057,24.049,6.038,13.0,C,CNCCN1CCC(CC1)c2cc(ccn2)CN(C)C(=O)c3cccc(c3)Oc4ccccc4
PRMT4,5u4x,7VM,502,1,B,2707,N2,-8.095,22.442,25.665,8.749,15.0,N,CNCCN1CCC(CC1)c2cc(ccn2)CN(C)C(=O)c3cccc(c3)Oc4ccccc4
PRMT4,5u4x,7VM,502,1,B,2710,C11,-5.826,18.033,23.507,7.246,18.0,C,CNCCN1CCC(CC1)c2cc(ccn2)CN(C)C(=O)c3cccc(c3)Oc4ccccc4
PRMT4,5u4x,7VM,502,1,B,2711,C12,-6.541,18.461,21.227,3.623,19.0,C,CNCCN1CCC(CC1)c2cc(ccn2)CN(C)C(=O)c3cccc(c3)Oc4ccccc4
PRMT4,5u4x,7VM,502,1,B,2716,O1,-5.647,17.775,20.775,10.715,20.0,O,CNCCN1CCC(CC1)c2cc(ccn2)CN(C)C(=O)c3cccc(c3)Oc4ccccc4
PRMT4,5u4x,7VM,502,1,B,2717,C24,-7.776,20.454,20.367,1.208,26.0,C,CNCCN1CCC(CC1)c2cc(ccn2)CN(C)C(=O)c3cccc(c3)Oc4ccccc4
PRMT4,5u4x,7VM,502,1,B,2721,C23,-7.214,23.904,20.216,4.831,33.0,C,CNCCN1CCC(CC1)c2cc(ccn2)CN(C)C(=O)c3cccc(c3)Oc4ccccc4
PRMT4,5u4x,7VM,502,1,B,2722,C22,-6.712,24.776,21.168,20.53,32.0,C,CNCCN1CCC(CC1)c2cc(ccn2)CN(C)C(=O)c3cccc(c3)Oc4ccccc4
PRMT4,5u4x,7VM,502,1,B,2723,C21,-7.333,24.907,22.395,6.038,31.0,C,CNCCN1CCC(CC1)c2cc(ccn2)CN(C)C(=O)c3cccc(c3)Oc4ccccc4
PRMT4,5u4x,7VM,502,1,B,2734,C,-14.555,17.267,27.116,8.453,0.0,C,CNCCN1CCC(CC1)c2cc(ccn2)CN(C)C(=O)c3cccc(c3)Oc4ccccc4
PRMT4,5u4x,SAH,501,1,B,2679,SD,-13.381,15.031,29.267,1.287,15.0,S,c1nc(c2c(n1)n(cn2)[C@H]3[C@@H]([C@@H]([C@H](O3)CSCC[C@@H](C(=O)O)N)O)O)N
PRMT4,5u4x,SAH,501,1,B,2683,C5',-13.605,13.856,27.933,1.208,14.0,C,c1nc(c2c(n1)n(cn2)[C@H]3[C@@H]([C@@H]([C@H](O3)CSCC[C@@H](C(=O)O)N)O)O)N
PRMT4,5u4x,SAH,501,1,B,2693,N7,-12.754,10.378,23.32,2.187,8.0,N,c1nc(c2c(n1)n(cn2)[C@H]3[C@@H]([C@@H]([C@H](O3)CSCC[C@@H](C(=O)O)N)O)O)N
PRMT4,5u4x,SAH,501,1,B,2696,N6,-13.366,7.737,21.802,1.094,25.0,N,c1nc(c2c(n1)n(cn2)[C@H]3[C@@H]([C@@H]([C@H](O3)CSCC[C@@H](C(=O)O)N)O)O)N
PRMT4,5u4x,7VM,502,1,C,2730,C4,-9.919,30.462,83.391,1.208,8.0,C,CNCCN1CCC(CC1)c2cc(ccn2)CN(C)C(=O)c3cccc(c3)Oc4ccccc4
PRMT4,5u4x,7VM,502,1,C,2731,C5,-9.569,29.774,82.073,3.623,7.0,C,CNCCN1CCC(CC1)c2cc(ccn2)CN(C)C(=O)c3cccc(c3)Oc4ccccc4
PRMT4,5u4x,7VM,502,1,C,2734,C7,-6.763,27.421,82.038,10.869,14.0,C,CNCCN1CCC(CC1)c2cc(ccn2)CN(C)C(=O)c3cccc(c3)Oc4ccccc4
PRMT4,5u4x,7VM,502,1,C,2735,C8,-7.227,26.312,82.733,7.246,13.0,C,CNCCN1CCC(CC1)c2cc(ccn2)CN(C)C(=O)c3cccc(c3)Oc4ccccc4
PRMT4,5u4x,7VM,502,1,C,2736,N2,-7.498,28.528,81.817,7.655,15.0,N,CNCCN1CCC(CC1)c2cc(ccn2)CN(C)C(=O)c3cccc(c3)Oc4ccccc4
PRMT4,5u4x,7VM,502,1,C,2739,C11,-7.315,24.444,85.511,4.831,18.0,C,CNCCN1CCC(CC1)c2cc(ccn2)CN(C)C(=O)c3cccc(c3)Oc4ccccc4
PRMT4,5u4x,7VM,502,1,C,2740,C12,-8.333,22.809,84.025,4.831,19.0,C,CNCCN1CCC(CC1)c2cc(ccn2)CN(C)C(=O)c3cccc(c3)Oc4ccccc4
PRMT4,5u4x,7VM,502,1,C,2745,O1,-7.888,21.877,84.68,8.572,20.0,O,CNCCN1CCC(CC1)c2cc(ccn2)CN(C)C(=O)c3cccc(c3)Oc4ccccc4
PRMT4,5u4x,7VM,502,1,C,2746,C24,-8.978,23.058,81.612,2.415,26.0,C,CNCCN1CCC(CC1)c2cc(ccn2)CN(C)C(=O)c3cccc(c3)Oc4ccccc4
PRMT4,5u4x,7VM,502,1,C,2750,C23,-7.34,23.742,78.458,3.623,33.0,C,CNCCN1CCC(CC1)c2cc(ccn2)CN(C)C(=O)c3cccc(c3)Oc4ccccc4
PRMT4,5u4x,7VM,502,1,C,2751,C22,-6.345,24.675,78.218,21.737,32.0,C,CNCCN1CCC(CC1)c2cc(ccn2)CN(C)C(=O)c3cccc(c3)Oc4ccccc4
PRMT4,5u4x,7VM,502,1,C,2752,C21,-6.541,26.006,78.538,8.453,31.0,C,CNCCN1CCC(CC1)c2cc(ccn2)CN(C)C(=O)c3cccc(c3)Oc4ccccc4
PRMT4,5u4x,7VM,502,1,C,2757,C3,-10.769,31.713,83.154,1.208,9.0,C,CNCCN1CCC(CC1)c2cc(ccn2)CN(C)C(=O)c3cccc(c3)Oc4ccccc4
PRMT4,5u4x,7VM,502,1,C,2763,C,-15.061,30.553,85.596,6.038,0.0,C,CNCCN1CCC(CC1)c2cc(ccn2)CN(C)C(=O)c3cccc(c3)Oc4ccccc4
PRMT4,5u4x,SAH,501,1,C,2708,SD,-13.917,31.22,88.662,1.287,15.0,S,c1nc(c2c(n1)n(cn2)[C@H]3[C@@H]([C@@H]([C@H](O3)CSCC[C@@H](C(=O)O)N)O)O)N
PRMT4,5u4x,SAH,501,1,C,2712,C5',-14.786,29.745,89.154,1.208,14.0,C,c1nc(c2c(n1)n(cn2)[C@H]3[C@@H]([C@@H]([C@H](O3)CSCC[C@@H](C(=O)O)N)O)O)N
PRMT4,5u4x,SAH,501,1,C,2722,N7,-16.194,24.226,90.674,5.468,8.0,N,c1nc(c2c(n1)n(cn2)[C@H]3[C@@H]([C@@H]([C@H](O3)CSCC[C@@H](C(=O)O)N)O)O)N
PRMT4,5u4x,SAH,501,1,C,2725,N6,-17.831,22.274,92.198,5.468,25.0,N,c1nc(c2c(n1)n(cn2)[C@H]3[C@@H]([C@@H]([C@H](O3)CSCC[C@@H](C(=O)O)N)O)O)N
PRMT4,5u4x,7VM,502,1,D,2718,C5,8.9,21.28,77.373,3.623,7.0,C,CNCCN1CCC(CC1)c2cc(ccn2)CN(C)C(=O)c3cccc(c3)Oc4ccccc4
PRMT4,5u4x,7VM,502,1,D,2721,C7,5.606,21.501,78.969,12.076,14.0,C,CNCCN1CCC(CC1)c2cc(ccn2)CN(C)C(=O)c3cccc(c3)Oc4ccccc4
PRMT4,5u4x,7VM,502,1,D,2722,C8,5.523,20.369,79.763,7.246,13.0,C,CNCCN1CCC(CC1)c2cc(ccn2)CN(C)C(=O)c3cccc(c3)Oc4ccccc4
PRMT4,5u4x,7VM,502,1,D,2723,N2,6.684,21.817,78.226,7.655,15.0,N,CNCCN1CCC(CC1)c2cc(ccn2)CN(C)C(=O)c3cccc(c3)Oc4ccccc4
PRMT4,5u4x,7VM,502,1,D,2726,C11,4.371,17.293,80.319,6.038,18.0,C,CNCCN1CCC(CC1)c2cc(ccn2)CN(C)C(=O)c3cccc(c3)Oc4ccccc4
PRMT4,5u4x,7VM,502,1,D,2727,C12,5.109,17.753,82.579,2.415,19.0,C,CNCCN1CCC(CC1)c2cc(ccn2)CN(C)C(=O)c3cccc(c3)Oc4ccccc4
PRMT4,5u4x,7VM,502,1,D,2732,O1,4.148,17.159,83.035,12.858,20.0,O,CNCCN1CCC(CC1)c2cc(ccn2)CN(C)C(=O)c3cccc(c3)Oc4ccccc4
PRMT4,5u4x,7VM,502,1,D,2733,C24,6.4,19.708,83.476,1.208,26.0,C,CNCCN1CCC(CC1)c2cc(ccn2)CN(C)C(=O)c3cccc(c3)Oc4ccccc4
PRMT4,5u4x,7VM,502,1,D,2737,C23,5.921,23.235,83.847,2.415,33.0,C,CNCCN1CCC(CC1)c2cc(ccn2)CN(C)C(=O)c3cccc(c3)Oc4ccccc4
PRMT4,5u4x,7VM,502,1,D,2738,C22,5.375,24.105,82.913,18.114,32.0,C,CNCCN1CCC(CC1)c2cc(ccn2)CN(C)C(=O)c3cccc(c3)Oc4ccccc4
PRMT4,5u4x,7VM,502,1,D,2739,C21,5.916,24.198,81.645,7.246,31.0,C,CNCCN1CCC(CC1)c2cc(ccn2)CN(C)C(=O)c3cccc(c3)Oc4ccccc4
PRMT4,5u4x,7VM,502,1,D,2750,C,13.023,16.364,76.597,6.038,0.0,C,CNCCN1CCC(CC1)c2cc(ccn2)CN(C)C(=O)c3cccc(c3)Oc4ccccc4
PRMT4,5u4x,SAH,501,1,D,2695,SD,11.617,14.173,74.478,1.287,15.0,S,c1nc(c2c(n1)n(cn2)[C@H]3[C@@H]([C@@H]([C@H](O3)CSCC[C@@H](C(=O)O)N)O)O)N
PRMT4,5u4x,SAH,501,1,D,2699,C5',11.81,13.01,75.804,1.208,14.0,C,c1nc(c2c(n1)n(cn2)[C@H]3[C@@H]([C@@H]([C@H](O3)CSCC[C@@H](C(=O)O)N)O)O)N
PRMT4,5u4x,SAH,501,1,D,2709,N7,10.938,9.494,80.368,4.374,8.0,N,c1nc(c2c(n1)n(cn2)[C@H]3[C@@H]([C@@H]([C@H](O3)CSCC[C@@H](C(=O)O)N)O)O)N
PRMT4,5u4x,SAH,501,1,D,2712,N6,11.384,6.841,81.855,3.281,25.0,N,c1nc(c2c(n1)n(cn2)[C@H]3[C@@H]([C@@H]([C@H](O3)CSCC[C@@H](C(=O)O)N)O)O)N
PRMT4,6arj,BW4,502,1,A,2854,CBD,0.714,16.763,23.641,49.513,,,Cc1c(nc(nc1N2CC3(C2)CCN(CC3)C(=O)OC)c4cc(ccc4Cl)OC[C@@H](CNC)O)c5c(noc5C)C
PRMT4,6arj,BW4,502,1,A,2856,OBC,0.827,16.065,24.898,23.572,,,Cc1c(nc(nc1N2CC3(C2)CCN(CC3)C(=O)OC)c4cc(ccc4Cl)OC[C@@H](CNC)O)c5c(noc5C)C
PRMT4,6arj,BW4,502,1,A,2858,CBA,0.214,16.724,25.923,7.246,16.0,C,Cc1c(nc(nc1N2CC3(C2)CCN(CC3)C(=O)OC)c4cc(ccc4Cl)OC[C@@H](CNC)O)c5c(noc5C)C
PRMT4,6arj,BW4,502,1,A,2860,OBB,0.606,16.541,27.076,22.501,17.0,O,Cc1c(nc(nc1N2CC3(C2)CCN(CC3)C(=O)OC)c4cc(ccc4Cl)OC[C@@H](CNC)O)c5c(noc5C)C
PRMT4,6arj,BW4,502,1,A,2864,CAY,-1.481,18.297,26.775,2.415,,,Cc1c(nc(nc1N2CC3(C2)CCN(CC3)C(=O)OC)c4cc(ccc4Cl)OC[C@@H](CNC)O)c5c(noc5C)C
PRMT4,6arj,BW4,502,1,A,2866,CAZ,-1.751,19.75,26.41,13.284,,,Cc1c(nc(nc1N2CC3(C2)CCN(CC3)C(=O)OC)c4cc(ccc4Cl)OC[C@@H](CNC)O)c5c(noc5C)C
PRMT4,6arj,BW4,502,1,A,2868,CAW,-1.248,17.758,24.264,12.076,14.0,C,Cc1c(nc(nc1N2CC3(C2)CCN(CC3)C(=O)OC)c4cc(ccc4Cl)OC[C@@H](CNC)O)c5c(noc5C)C
PRMT4,6arj,BW4,502,1,A,2870,CAV,-1.527,19.228,23.928,18.114,15.0,C,Cc1c(nc(nc1N2CC3(C2)CCN(CC3)C(=O)OC)c4cc(ccc4Cl)OC[C@@H](CNC)O)c5c(noc5C)C
PRMT4,6arj,BW4,502,1,A,2874,CAU,-2.817,21.273,24.664,10.869,,,Cc1c(nc(nc1N2CC3(C2)CCN(CC3)C(=O)OC)c4cc(ccc4Cl)OC[C@@H](CNC)O)c5c(noc5C)C
PRMT4,6arj,BW4,502,1,A,2876,CAS,-3.826,19.421,24.942,4.831,8.0,C,Cc1c(nc(nc1N2CC3(C2)CCN(CC3)C(=O)OC)c4cc(ccc4Cl)OC[C@@H](CNC)O)c5c(noc5C)C
PRMT4,6arj,BW4,502,1,A,2880,N1,-6.488,20.519,24.555,3.281,,,Cc1c(nc(nc1N2CC3(C2)CCN(CC3)C(=O)OC)c4cc(ccc4Cl)OC[C@@H](CNC)O)c5c(noc5C)C
PRMT4,6arj,BW4,502,1,A,2882,CBF,-4.613,23.524,23.579,18.114,,,Cc1c(nc(nc1N2CC3(C2)CCN(CC3)C(=O)OC)c4cc(ccc4Cl)OC[C@@H](CNC)O)c5c(noc5C)C
PRMT4,6arj,BW4,502,1,A,2888,CBK,-6.343,25.697,25.281,8.453,,,Cc1c(nc(nc1N2CC3(C2)CCN(CC3)C(=O)OC)c4cc(ccc4Cl)OC[C@@H](CNC)O)c5c(noc5C)C
PRMT4,6arj,BW4,502,1,A,2890,OBL,-7.694,26.515,23.317,2.143,,,Cc1c(nc(nc1N2CC3(C2)CCN(CC3)C(=O)OC)c4cc(ccc4Cl)OC[C@@H](CNC)O)c5c(noc5C)C
PRMT4,6arj,BW4,502,1,A,2892,NBM,-8.345,25.915,22.158,3.281,36.0,N,Cc1c(nc(nc1N2CC3(C2)CCN(CC3)C(=O)OC)c4cc(ccc4Cl)OC[C@@H](CNC)O)c5c(noc5C)C
PRMT4,6arj,BW4,502,1,A,2894,CBN,-8.125,24.603,22.264,3.623,38.0,C,Cc1c(nc(nc1N2CC3(C2)CCN(CC3)C(=O)OC)c4cc(ccc4Cl)OC[C@@H](CNC)O)c5c(noc5C)C
PRMT4,6arj,BW4,502,1,A,2900,CAM,-8.781,19.982,24.72,1.208,,,Cc1c(nc(nc1N2CC3(C2)CCN(CC3)C(=O)OC)c4cc(ccc4Cl)OC[C@@H](CNC)O)c5c(noc5C)C
PRMT4,6arj,BW4,502,1,A,2902,CAN,-9.748,19.729,23.748,1.208,,,Cc1c(nc(nc1N2CC3(C2)CCN(CC3)C(=O)OC)c4cc(ccc4Cl)OC[C@@H](CNC)O)c5c(noc5C)C
PRMT4,6arj,BW4,502,1,A,2904,CAK,-8.843,19.261,25.92,2.415,,,Cc1c(nc(nc1N2CC3(C2)CCN(CC3)C(=O)OC)c4cc(ccc4Cl)OC[C@@H](CNC)O)c5c(noc5C)C
PRMT4,6arj,BW4,502,1,A,2908,CAJ,-9.853,18.329,26.154,1.208,,,Cc1c(nc(nc1N2CC3(C2)CCN(CC3)C(=O)OC)c4cc(ccc4Cl)OC[C@@H](CNC)O)c5c(noc5C)C
PRMT4,6arj,BW4,502,1,A,2922,CAC,-13.219,19.59,19.83,2.415,30.0,C,Cc1c(nc(nc1N2CC3(C2)CCN(CC3)C(=O)OC)c4cc(ccc4Cl)OC[C@@H](CNC)O)c5c(noc5C)C
PRMT4,6arj,BW4,502,1,A,2926,CAA,-14.19,21.645,19.029,1.208,,,Cc1c(nc(nc1N2CC3(C2)CCN(CC3)C(=O)OC)c4cc(ccc4Cl)OC[C@@H](CNC)O)c5c(noc5C)C
PRMT4,6arj,SAH,501,1,A,2824,SD,-12.644,19.27,16.196,1.287,15.0,S,c1nc(c2c(n1)n(cn2)[C@H]3[C@@H]([C@@H]([C@H](O3)CSCC[C@@H](C(=O)O)N)O)O)N
PRMT4,6arj,SAH,501,1,A,2828,C5',-13.341,20.806,15.609,1.208,14.0,C,c1nc(c2c(n1)n(cn2)[C@H]3[C@@H]([C@@H]([C@H](O3)CSCC[C@@H](C(=O)O)N)O)O)N
PRMT4,6arj,SAH,501,1,A,2838,N7,-13.976,26.417,14.267,3.281,8.0,N,c1nc(c2c(n1)n(cn2)[C@H]3[C@@H]([C@@H]([C@H](O3)CSCC[C@@H](C(=O)O)N)O)O)N
PRMT4,6arj,BW4,502,1,B,2847,CBD,0.888,20.205,28.82,67.627,,,Cc1c(nc(nc1N2CC3(C2)CCN(CC3)C(=O)OC)c4cc(ccc4Cl)OC[C@@H](CNC)O)c5c(noc5C)C
PRMT4,6arj,BW4,502,1,B,2849,OBC,1.886,21.222,28.679,17.143,,,Cc1c(nc(nc1N2CC3(C2)CCN(CC3)C(=O)OC)c4cc(ccc4Cl)OC[C@@H](CNC)O)c5c(noc5C)C
PRMT4,6arj,BW4,502,1,B,2851,CBA,2.817,20.819,27.769,8.453,19.0,C,Cc1c(nc(nc1N2CC3(C2)CCN(CC3)C(=O)OC)c4cc(ccc4Cl)OC[C@@H](CNC)O)c5c(noc5C)C
PRMT4,6arj,BW4,502,1,B,2853,OBB,3.022,19.616,27.607,12.858,17.0,O,Cc1c(nc(nc1N2CC3(C2)CCN(CC3)C(=O)OC)c4cc(ccc4Cl)OC[C@@H](CNC)O)c5c(noc5C)C
PRMT4,6arj,BW4,502,1,B,2855,NAX,3.509,21.727,27.049,1.094,13.0,N,Cc1c(nc(nc1N2CC3(C2)CCN(CC3)C(=O)OC)c4cc(ccc4Cl)OC[C@@H](CNC)O)c5c(noc5C)C
PRMT4,6arj,BW4,502,1,B,2857,CAY,4.52,21.298,26.063,12.076,,,Cc1c(nc(nc1N2CC3(C2)CCN(CC3)C(=O)OC)c4cc(ccc4Cl)OC[C@@H](CNC)O)c5c(noc5C)C
PRMT4,6arj,BW4,502,1,B,2859,CAZ,5.873,21.927,26.366,1.208,,,Cc1c(nc(nc1N2CC3(C2)CCN(CC3)C(=O)OC)c4cc(ccc4Cl)OC[C@@H](CNC)O)c5c(noc5C)C
PRMT4,6arj,BW4,502,1,B,2861,CAW,3.324,23.183,27.256,26.568,12.0,C,Cc1c(nc(nc1N2CC3(C2)CCN(CC3)C(=O)OC)c4cc(ccc4Cl)OC[C@@H](CNC)O)c5c(noc5C)C
PRMT4,6arj,BW4,502,1,B,2863,CAV,4.649,23.759,27.737,21.737,11.0,C,Cc1c(nc(nc1N2CC3(C2)CCN(CC3)C(=O)OC)c4cc(ccc4Cl)OC[C@@H](CNC)O)c5c(noc5C)C
PRMT4,6arj,BW4,502,1,B,2867,CAU,7.108,23.966,27.143,10.869,,,Cc1c(nc(nc1N2CC3(C2)CCN(CC3)C(=O)OC)c4cc(ccc4Cl)OC[C@@H](CNC)O)c5c(noc5C)C
PRMT4,6arj,BW4,502,1,B,2869,CAS,5.775,24.375,25.528,8.453,8.0,C,Cc1c(nc(nc1N2CC3(C2)CCN(CC3)C(=O)OC)c4cc(ccc4Cl)OC[C@@H](CNC)O)c5c(noc5C)C
PRMT4,6arj,BW4,502,1,B,2873,N1,9.382,25.262,25.836,2.187,,,Cc1c(nc(nc1N2CC3(C2)CCN(CC3)C(=O)OC)c4cc(ccc4Cl)OC[C@@H](CNC)O)c5c(noc5C)C
PRMT4,6arj,BW4,502,1,B,2875,CBF,6.701,26.58,23.739,19.322,,,Cc1c(nc(nc1N2CC3(C2)CCN(CC3)C(=O)OC)c4cc(ccc4Cl)OC[C@@H](CNC)O)c5c(noc5C)C
PRMT4,6arj,BW4,502,1,B,2879,CBJ,8.715,27.659,21.402,2.415,35.0,C,Cc1c(nc(nc1N2CC3(C2)CCN(CC3)C(=O)OC)c4cc(ccc4Cl)OC[C@@H](CNC)O)c5c(noc5C)C
PRMT4,6arj,BW4,502,1,B,2881,CBK,8.18,26.376,20.791,7.246,40.0,C,Cc1c(nc(nc1N2CC3(C2)CCN(CC3)C(=O)OC)c4cc(ccc4Cl)OC[C@@H](CNC)O)c5c(noc5C)C
PRMT4,6arj,BW4,502,1,B,2883,OBL,8.864,28.757,20.684,1.071,37.0,O,Cc1c(nc(nc1N2CC3(C2)CCN(CC3)C(=O)OC)c4cc(ccc4Cl)OC[C@@H](CNC)O)c5c(noc5C)C
PRMT4,6arj,BW4,502,1,B,2885,NBM,9.37,29.745,21.56,2.187,,,Cc1c(nc(nc1N2CC3(C2)CCN(CC3)C(=O)OC)c4cc(ccc4Cl)OC[C@@H](CNC)O)c5c(noc5C)C
PRMT4,6arj,BW4,502,1,B,2887,CBN,9.494,29.141,22.743,2.415,,,Cc1c(nc(nc1N2CC3(C2)CCN(CC3)C(=O)OC)c4cc(ccc4Cl)OC[C@@H](CNC)O)c5c(noc5C)C
PRMT4,6arj,BW4,502,1,B,2893,CAM,11.709,25.601,25.914,1.208,,,Cc1c(nc(nc1N2CC3(C2)CCN(CC3)C(=O)OC)c4cc(ccc4Cl)OC[C@@H](CNC)O)c5c(noc5C)C
PRMT4,6arj,BW4,502,1,B,2895,CAN,12.525,26.653,26.366,2.415,,,Cc1c(nc(nc1N2CC3(C2)CCN(CC3)C(=O)OC)c4cc(ccc4Cl)OC[C@@H](CNC)O)c5c(noc5C)C
PRMT4,6arj,BW4,502,1,B,2897,CAK,12.16,24.291,26.091,2.415,,,Cc1c(nc(nc1N2CC3(C2)CCN(CC3)C(=O)OC)c4cc(ccc4Cl)OC[C@@H](CNC)O)c5c(noc5C)C
PRMT4,6arj,BW4,502,1,B,2901,CAJ,13.387,24.034,26.671,1.208,,,Cc1c(nc(nc1N2CC3(C2)CCN(CC3)C(=O)OC)c4cc(ccc4Cl)OC[C@@H](CNC)O)c5c(noc5C)C
PRMT4,6arj,BW4,502,1,B,2919,CAA,15.321,32.728,25.809,3.623,32.0,C,Cc1c(nc(nc1N2CC3(C2)CCN(CC3)C(=O)OC)c4cc(ccc4Cl)OC[C@@H](CNC)O)c5c(noc5C)C
PRMT4,6arj,SAH,501,1,B,2817,SD,13.96,34.088,29.263,1.287,15.0,S,c1nc(c2c(n1)n(cn2)[C@H]3[C@@H]([C@@H]([C@H](O3)CSCC[C@@H](C(=O)O)N)O)O)N
PRMT4,6arj,SAH,501,1,B,2821,C5',14.101,35.327,27.989,1.208,14.0,C,c1nc(c2c(n1)n(cn2)[C@H]3[C@@H]([C@@H]([C@H](O3)CSCC[C@@H](C(=O)O)N)O)O)N
PRMT4,6arj,SAH,501,1,B,2831,N7,13.077,38.545,23.222,3.281,8.0,N,c1nc(c2c(n1)n(cn2)[C@H]3[C@@H]([C@@H]([C@H](O3)CSCC[C@@H](C(=O)O)N)O)O)N
PRMT4,6arj,BW4,502,1,C,2813,CBD,0.441,14.642,78.704,64.004,,,Cc1c(nc(nc1N2CC3(C2)CCN(CC3)C(=O)OC)c4cc(ccc4Cl)OC[C@@H](CNC)O)c5c(noc5C)C
PRMT4,6arj,BW4,502,1,C,2815,OBC,0.658,15.948,79.264,16.072,,,Cc1c(nc(nc1N2CC3(C2)CCN(CC3)C(=O)OC)c4cc(ccc4Cl)OC[C@@H](CNC)O)c5c(noc5C)C
PRMT4,6arj,BW4,502,1,C,2817,CBA,1.121,16.811,78.313,4.831,16.0,C,Cc1c(nc(nc1N2CC3(C2)CCN(CC3)C(=O)OC)c4cc(ccc4Cl)OC[C@@H](CNC)O)c5c(noc5C)C
PRMT4,6arj,BW4,502,1,C,2819,OBB,0.602,16.825,77.197,19.286,17.0,O,Cc1c(nc(nc1N2CC3(C2)CCN(CC3)C(=O)OC)c4cc(ccc4Cl)OC[C@@H](CNC)O)c5c(noc5C)C
PRMT4,6arj,BW4,502,1,C,2823,CAY,2.652,18.59,77.57,3.623,,,Cc1c(nc(nc1N2CC3(C2)CCN(CC3)C(=O)OC)c4cc(ccc4Cl)OC[C@@H](CNC)O)c5c(noc5C)C
PRMT4,6arj,BW4,502,1,C,2825,CAZ,3.056,19.954,78.153,12.076,,,Cc1c(nc(nc1N2CC3(C2)CCN(CC3)C(=O)OC)c4cc(ccc4Cl)OC[C@@H](CNC)O)c5c(noc5C)C
PRMT4,6arj,BW4,502,1,C,2827,CAW,2.737,17.612,79.957,20.53,12.0,C,Cc1c(nc(nc1N2CC3(C2)CCN(CC3)C(=O)OC)c4cc(ccc4Cl)OC[C@@H](CNC)O)c5c(noc5C)C
PRMT4,6arj,BW4,502,1,C,2829,CAV,2.92,19.018,80.498,25.36,11.0,C,Cc1c(nc(nc1N2CC3(C2)CCN(CC3)C(=O)OC)c4cc(ccc4Cl)OC[C@@H](CNC)O)c5c(noc5C)C
PRMT4,6arj,BW4,502,1,C,2833,CAU,4.345,21.06,80.07,13.284,,,Cc1c(nc(nc1N2CC3(C2)CCN(CC3)C(=O)OC)c4cc(ccc4Cl)OC[C@@H](CNC)O)c5c(noc5C)C
PRMT4,6arj,BW4,502,1,C,2835,CAS,5.153,19.208,79.379,4.831,10.0,C,Cc1c(nc(nc1N2CC3(C2)CCN(CC3)C(=O)OC)c4cc(ccc4Cl)OC[C@@H](CNC)O)c5c(noc5C)C
PRMT4,6arj,BW4,502,1,C,2839,N1,7.94,19.959,79.892,2.187,,,Cc1c(nc(nc1N2CC3(C2)CCN(CC3)C(=O)OC)c4cc(ccc4Cl)OC[C@@H](CNC)O)c5c(noc5C)C
PRMT4,6arj,BW4,502,1,C,2841,CBF,6.355,23.129,80.834,18.114,,,Cc1c(nc(nc1N2CC3(C2)CCN(CC3)C(=O)OC)c4cc(ccc4Cl)OC[C@@H](CNC)O)c5c(noc5C)C
PRMT4,6arj,BW4,502,1,C,2845,CBJ,8.936,24.824,80.497,2.415,35.0,C,Cc1c(nc(nc1N2CC3(C2)CCN(CC3)C(=O)OC)c4cc(ccc4Cl)OC[C@@H](CNC)O)c5c(noc5C)C
PRMT4,6arj,BW4,502,1,C,2847,CBK,8.12,25.076,79.234,7.246,40.0,C,Cc1c(nc(nc1N2CC3(C2)CCN(CC3)C(=O)OC)c4cc(ccc4Cl)OC[C@@H](CNC)O)c5c(noc5C)C
PRMT4,6arj,BW4,502,1,C,2849,OBL,9.585,25.82,81.221,2.143,37.0,O,Cc1c(nc(nc1N2CC3(C2)CCN(CC3)C(=O)OC)c4cc(ccc4Cl)OC[C@@H](CNC)O)c5c(noc5C)C
PRMT4,6arj,BW4,502,1,C,2851,NBM,10.198,25.15,82.302,3.281,,,Cc1c(nc(nc1N2CC3(C2)CCN(CC3)C(=O)OC)c4cc(ccc4Cl)OC[C@@H](CNC)O)c5c(noc5C)C
PRMT4,6arj,BW4,502,1,C,2853,CBN,9.9,23.856,82.165,1.208,,,Cc1c(nc(nc1N2CC3(C2)CCN(CC3)C(=O)OC)c4cc(ccc4Cl)OC[C@@H](CNC)O)c5c(noc5C)C
PRMT4,6arj,BW4,502,1,C,2859,CAM,10.199,19.254,79.758,1.208,20.0,C,Cc1c(nc(nc1N2CC3(C2)CCN(CC3)C(=O)OC)c4cc(ccc4Cl)OC[C@@H](CNC)O)c5c(noc5C)C
PRMT4,6arj,BW4,502,1,C,2861,CAN,11.146,18.923,80.725,2.415,,,Cc1c(nc(nc1N2CC3(C2)CCN(CC3)C(=O)OC)c4cc(ccc4Cl)OC[C@@H](CNC)O)c5c(noc5C)C
PRMT4,6arj,BW4,502,1,C,2863,CAK,10.236,18.573,78.53,2.415,25.0,C,Cc1c(nc(nc1N2CC3(C2)CCN(CC3)C(=O)OC)c4cc(ccc4Cl)OC[C@@H](CNC)O)c5c(noc5C)C
PRMT4,6arj,BW4,502,1,C,2867,CAJ,11.198,17.606,78.27,1.208,,,Cc1c(nc(nc1N2CC3(C2)CCN(CC3)C(=O)OC)c4cc(ccc4Cl)OC[C@@H](CNC)O)c5c(noc5C)C
PRMT4,6arj,BW4,502,1,C,2881,CAC,14.604,18.47,84.629,1.208,30.0,C,Cc1c(nc(nc1N2CC3(C2)CCN(CC3)C(=O)OC)c4cc(ccc4Cl)OC[C@@H](CNC)O)c5c(noc5C)C
PRMT4,6arj,BW4,502,1,C,2885,CAA,15.748,20.437,85.414,2.415,32.0,C,Cc1c(nc(nc1N2CC3(C2)CCN(CC3)C(=O)OC)c4cc(ccc4Cl)OC[C@@H](CNC)O)c5c(noc5C)C
PRMT4,6arj,SAH,501,1,C,2783,SD,14.067,18.251,88.292,1.287,15.0,S,c1nc(c2c(n1)n(cn2)[C@H]3[C@@H]([C@@H]([C@H](O3)CSCC[C@@H](C(=O)O)N)O)O)N
PRMT4,6arj,SAH,501,1,C,2797,N7,15.915,25.323,90.277,1.094,8.0,N,c1nc(c2c(n1)n(cn2)[C@H]3[C@@H]([C@@H]([C@H](O3)CSCC[C@@H](C(=O)O)N)O)O)N
PRMT4,6arj,BW4,502,1,D,2800,CBD,0.048,20.091,75.268,64.004,,,Cc1c(nc(nc1N2CC3(C2)CCN(CC3)C(=O)OC)c4cc(ccc4Cl)OC[C@@H](CNC)O)c5c(noc5C)C
PRMT4,6arj,BW4,502,1,D,2802,OBC,-0.35,21.286,75.96,15.0,,,Cc1c(nc(nc1N2CC3(C2)CCN(CC3)C(=O)OC)c4cc(ccc4Cl)OC[C@@H](CNC)O)c5c(noc5C)C
PRMT4,6arj,BW4,502,1,D,2804,CBA,-1.206,21.013,76.99,7.246,16.0,C,Cc1c(nc(nc1N2CC3(C2)CCN(CC3)C(=O)OC)c4cc(ccc4Cl)OC[C@@H](CNC)O)c5c(noc5C)C
PRMT4,6arj,BW4,502,1,D,2806,OBB,-1.341,19.855,77.383,19.286,18.0,O,Cc1c(nc(nc1N2CC3(C2)CCN(CC3)C(=O)OC)c4cc(ccc4Cl)OC[C@@H](CNC)O)c5c(noc5C)C
PRMT4,6arj,BW4,502,1,D,2808,NAX,-1.904,22.007,77.572,1.094,13.0,N,Cc1c(nc(nc1N2CC3(C2)CCN(CC3)C(=O)OC)c4cc(ccc4Cl)OC[C@@H](CNC)O)c5c(noc5C)C
PRMT4,6arj,BW4,502,1,D,2810,CAY,-1.708,23.401,77.133,25.36,,,Cc1c(nc(nc1N2CC3(C2)CCN(CC3)C(=O)OC)c4cc(ccc4Cl)OC[C@@H](CNC)O)c5c(noc5C)C
PRMT4,6arj,BW4,502,1,D,2812,CAZ,-3.02,24.067,76.814,22.945,,,Cc1c(nc(nc1N2CC3(C2)CCN(CC3)C(=O)OC)c4cc(ccc4Cl)OC[C@@H](CNC)O)c5c(noc5C)C
PRMT4,6arj,BW4,502,1,D,2814,CAW,-2.829,21.737,78.696,13.284,14.0,C,Cc1c(nc(nc1N2CC3(C2)CCN(CC3)C(=O)OC)c4cc(ccc4Cl)OC[C@@H](CNC)O)c5c(noc5C)C
PRMT4,6arj,BW4,502,1,D,2816,CAV,-4.178,22.428,78.474,1.208,15.0,C,Cc1c(nc(nc1N2CC3(C2)CCN(CC3)C(=O)OC)c4cc(ccc4Cl)OC[C@@H](CNC)O)c5c(noc5C)C
PRMT4,6arj,BW4,502,1,D,2820,CAU,-5.352,24.431,77.528,9.661,,,Cc1c(nc(nc1N2CC3(C2)CCN(CC3)C(=O)OC)c4cc(ccc4Cl)OC[C@@H](CNC)O)c5c(noc5C)C
PRMT4,6arj,BW4,502,1,D,2822,CAS,-3.938,24.952,79.03,7.246,8.0,C,Cc1c(nc(nc1N2CC3(C2)CCN(CC3)C(=O)OC)c4cc(ccc4Cl)OC[C@@H](CNC)O)c5c(noc5C)C
PRMT4,6arj,BW4,502,1,D,2826,N1,-7.507,25.953,78.702,3.281,5.0,N,Cc1c(nc(nc1N2CC3(C2)CCN(CC3)C(=O)OC)c4cc(ccc4Cl)OC[C@@H](CNC)O)c5c(noc5C)C
PRMT4,6arj,BW4,502,1,D,2828,CBF,-4.818,27.188,80.836,19.322,,,Cc1c(nc(nc1N2CC3(C2)CCN(CC3)C(=O)OC)c4cc(ccc4Cl)OC[C@@H](CNC)O)c5c(noc5C)C
PRMT4,6arj,BW4,502,1,D,2832,CBJ,-6.79,28.361,83.079,1.208,,,Cc1c(nc(nc1N2CC3(C2)CCN(CC3)C(=O)OC)c4cc(ccc4Cl)OC[C@@H](CNC)O)c5c(noc5C)C
PRMT4,6arj,BW4,502,1,D,2834,CBK,-6.301,27.042,83.674,7.246,,,Cc1c(nc(nc1N2CC3(C2)CCN(CC3)C(=O)OC)c4cc(ccc4Cl)OC[C@@H](CNC)O)c5c(noc5C)C
PRMT4,6arj,BW4,502,1,D,2836,OBL,-6.891,29.51,83.823,3.214,,,Cc1c(nc(nc1N2CC3(C2)CCN(CC3)C(=O)OC)c4cc(ccc4Cl)OC[C@@H](CNC)O)c5c(noc5C)C
PRMT4,6arj,BW4,502,1,D,2838,NBM,-7.366,30.507,82.898,5.468,36.0,N,Cc1c(nc(nc1N2CC3(C2)CCN(CC3)C(=O)OC)c4cc(ccc4Cl)OC[C@@H](CNC)O)c5c(noc5C)C
PRMT4,6arj,BW4,502,1,D,2846,CAM,-9.811,26.393,78.558,2.415,20.0,C,Cc1c(nc(nc1N2CC3(C2)CCN(CC3)C(=O)OC)c4cc(ccc4Cl)OC[C@@H](CNC)O)c5c(noc5C)C
PRMT4,6arj,BW4,502,1,D,2848,CAN,-10.568,27.472,78.109,1.208,21.0,C,Cc1c(nc(nc1N2CC3(C2)CCN(CC3)C(=O)OC)c4cc(ccc4Cl)OC[C@@H](CNC)O)c5c(noc5C)C
PRMT4,6arj,BW4,502,1,D,2850,CAK,-10.306,25.1,78.376,3.623,,,Cc1c(nc(nc1N2CC3(C2)CCN(CC3)C(=O)OC)c4cc(ccc4Cl)OC[C@@H](CNC)O)c5c(noc5C)C
PRMT4,6arj,BW4,502,1,D,2854,CAJ,-11.54,24.882,77.775,1.208,24.0,C,Cc1c(nc(nc1N2CC3(C2)CCN(CC3)C(=O)OC)c4cc(ccc4Cl)OC[C@@H](CNC)O)c5c(noc5C)C
PRMT4,6arj,BW4,502,1,D,2872,CAA,-13.159,33.697,78.596,3.623,32.0,C,Cc1c(nc(nc1N2CC3(C2)CCN(CC3)C(=O)OC)c4cc(ccc4Cl)OC[C@@H](CNC)O)c5c(noc5C)C
PRMT4,6arj,SAH,501,1,D,2770,SD,-11.652,35.056,75.112,2.574,15.0,S,c1nc(c2c(n1)n(cn2)[C@H]3[C@@H]([C@@H]([C@H](O3)CSCC[C@@H](C(=O)O)N)O)O)N
PRMT4,6arj,SAH,501,1,D,2784,N7,-10.562,39.449,81.162,2.187,8.0,N,c1nc(c2c(n1)n(cn2)[C@H]3[C@@H]([C@@H]([C@H](O3)CSCC[C@@H](C(=O)O)N)O)O)N
PRMT4,6arv,BW7,502,1,A,2837,CAZ,-3.453,19.873,25.504,9.661,25.0,C,CC(C)n1c2c(cn1)c(cc(n2)c3cccc(c3)OC[C@@H](CN)O)N4CCOCC4
PRMT4,6arv,BW7,502,1,A,2838,CBA,-2.132,19.786,26.253,9.661,26.0,C,CC(C)n1c2c(cn1)c(cc(n2)c3cccc(c3)OC[C@@H](CN)O)N4CCOCC4
PRMT4,6arv,BW7,502,1,A,2839,OBB,-1.106,20.355,25.411,24.644,27.0,O,CC(C)n1c2c(cn1)c(cc(n2)c3cccc(c3)OC[C@@H](CN)O)N4CCOCC4
PRMT4,6arv,BW7,502,1,A,2840,CBC,-1.259,21.81,25.3,35.021,28.0,C,CC(C)n1c2c(cn1)c(cc(n2)c3cccc(c3)OC[C@@H](CN)O)N4CCOCC4
PRMT4,6arv,BW7,502,1,A,2841,CBD,-2.564,22.141,24.558,8.453,29.0,C,CC(C)n1c2c(cn1)c(cc(n2)c3cccc(c3)OC[C@@H](CN)O)N4CCOCC4
PRMT4,6arv,BW7,502,1,A,2844,CAI,-6.01,20.646,24.782,3.623,9.0,C,CC(C)n1c2c(cn1)c(cc(n2)c3cccc(c3)OC[C@@H](CN)O)N4CCOCC4
PRMT4,6arv,BW7,502,1,A,2846,CAF,-4.503,23.642,23.309,14.492,6.0,C,CC(C)n1c2c(cn1)c(cc(n2)c3cccc(c3)OC[C@@H](CN)O)N4CCOCC4
PRMT4,6arv,BW7,502,1,A,2847,NAE,-5.334,24.488,22.69,14.217,7.0,N,CC(C)n1c2c(cn1)c(cc(n2)c3cccc(c3)OC[C@@H](CN)O)N4CCOCC4
PRMT4,6arv,BW7,502,1,A,2848,NAD,-6.498,24.068,22.743,1.094,3.0,N,CC(C)n1c2c(cn1)c(cc(n2)c3cccc(c3)OC[C@@H](CN)O)N4CCOCC4
PRMT4,6arv,BW7,502,1,A,2850,CAC,-7.591,26.308,22.192,7.246,2.0,C,CC(C)n1c2c(cn1)c(cc(n2)c3cccc(c3)OC[C@@H](CN)O)N4CCOCC4
PRMT4,6arv,BW7,502,1,A,2855,CAM,-8.406,20.111,24.679,2.415,12.0,C,CC(C)n1c2c(cn1)c(cc(n2)c3cccc(c3)OC[C@@H](CN)O)N4CCOCC4
PRMT4,6arv,BW7,502,1,A,2856,CAX,-9.456,20.0,23.763,6.038,17.0,C,CC(C)n1c2c(cn1)c(cc(n2)c3cccc(c3)OC[C@@H](CN)O)N4CCOCC4
PRMT4,6arv,BW7,502,1,A,2857,CAN,-8.436,19.398,25.868,3.623,13.0,C,CC(C)n1c2c(cn1)c(cc(n2)c3cccc(c3)OC[C@@H](CN)O)N4CCOCC4
PRMT4,6arv,BW7,502,1,A,2862,CAS,-11.552,19.508,21.91,1.208,19.0,C,CC(C)n1c2c(cn1)c(cc(n2)c3cccc(c3)OC[C@@H](CN)O)N4CCOCC4
PRMT4,6arv,BW7,502,1,A,2865,CAV,-12.98,20.095,19.952,2.415,21.0,C,CC(C)n1c2c(cn1)c(cc(n2)c3cccc(c3)OC[C@@H](CN)O)N4CCOCC4
PRMT4,6arv,BW7,502,1,A,2866,NAW,-14.374,20.166,19.509,3.281,22.0,N,CC(C)n1c2c(cn1)c(cc(n2)c3cccc(c3)OC[C@@H](CN)O)N4CCOCC4
PRMT4,6arv,SAH,501,1,A,2815,SD,-12.777,19.42,16.303,2.574,15.0,S,c1nc(c2c(n1)n(cn2)[C@H]3[C@@H]([C@@H]([C@H](O3)CSCC[C@@H](C(=O)O)N)O)O)N
PRMT4,6arv,SAH,501,1,A,2819,C5',-13.511,20.933,15.735,1.208,14.0,C,c1nc(c2c(n1)n(cn2)[C@H]3[C@@H]([C@@H]([C@H](O3)CSCC[C@@H](C(=O)O)N)O)O)N
PRMT4,6arv,SAH,501,1,A,2829,N7,-14.057,26.574,14.234,4.374,8.0,N,c1nc(c2c(n1)n(cn2)[C@H]3[C@@H]([C@@H]([C@H](O3)CSCC[C@@H](C(=O)O)N)O)O)N
PRMT4,6arv,BW7,502,1,B,2833,CAZ,5.186,25.057,25.355,13.284,25.0,C,CC(C)n1c2c(cn1)c(cc(n2)c3cccc(c3)OC[C@@H](CN)O)N4CCOCC4
PRMT4,6arv,BW7,502,1,B,2834,CBA,4.423,23.709,25.243,31.398,26.0,C,CC(C)n1c2c(cn1)c(cc(n2)c3cccc(c3)OC[C@@H](CN)O)N4CCOCC4
PRMT4,6arv,BW7,502,1,B,2835,OBB,4.696,22.824,26.387,24.644,27.0,O,CC(C)n1c2c(cn1)c(cc(n2)c3cccc(c3)OC[C@@H](CN)O)N4CCOCC4
PRMT4,6arv,BW7,502,1,B,2836,CBC,6.103,22.533,26.607,7.246,28.0,C,CC(C)n1c2c(cn1)c(cc(n2)c3cccc(c3)OC[C@@H](CN)O)N4CCOCC4
PRMT4,6arv,BW7,502,1,B,2837,CBD,6.838,23.84,26.916,13.284,29.0,C,CC(C)n1c2c(cn1)c(cc(n2)c3cccc(c3)OC[C@@H](CN)O)N4CCOCC4
PRMT4,6arv,BW7,502,1,B,2840,CAI,8.866,25.392,25.906,3.623,9.0,C,CC(C)n1c2c(cn1)c(cc(n2)c3cccc(c3)OC[C@@H](CN)O)N4CCOCC4
PRMT4,6arv,BW7,502,1,B,2842,CAF,6.342,27.302,24.058,14.492,6.0,C,CC(C)n1c2c(cn1)c(cc(n2)c3cccc(c3)OC[C@@H](CN)O)N4CCOCC4
PRMT4,6arv,BW7,502,1,B,2843,NAE,6.781,28.367,23.349,6.562,7.0,N,CC(C)n1c2c(cn1)c(cc(n2)c3cccc(c3)OC[C@@H](CN)O)N4CCOCC4
PRMT4,6arv,BW7,502,1,B,2844,NAD,7.962,28.479,23.449,1.094,3.0,N,CC(C)n1c2c(cn1)c(cc(n2)c3cccc(c3)OC[C@@H](CN)O)N4CCOCC4
PRMT4,6arv,BW7,502,1,B,2846,CAC,7.87,30.262,21.648,8.453,2.0,C,CC(C)n1c2c(cn1)c(cc(n2)c3cccc(c3)OC[C@@H](CN)O)N4CCOCC4
PRMT4,6arv,BW7,502,1,B,2848,CAL,8.442,27.507,24.248,1.208,4.0,C,CC(C)n1c2c(cn1)c(cc(n2)c3cccc(c3)OC[C@@H](CN)O)N4CCOCC4
PRMT4,6arv,BW7,502,1,B,2852,CAX,12.121,26.905,26.288,4.831,17.0,C,CC(C)n1c2c(cn1)c(cc(n2)c3cccc(c3)OC[C@@H](CN)O)N4CCOCC4
PRMT4,6arv,BW7,502,1,B,2853,CAN,11.653,24.567,26.028,2.415,13.0,C,CC(C)n1c2c(cn1)c(cc(n2)c3cccc(c3)OC[C@@H](CN)O)N4CCOCC4
PRMT4,6arv,BW7,502,1,B,2854,CAO,12.933,24.27,26.472,1.208,14.0,C,CC(C)n1c2c(cn1)c(cc(n2)c3cccc(c3)OC[C@@H](CN)O)N4CCOCC4
PRMT4,6arv,BW7,502,1,B,2858,CAS,13.855,28.912,27.07,2.415,19.0,C,CC(C)n1c2c(cn1)c(cc(n2)c3cccc(c3)OC[C@@H](CN)O)N4CCOCC4
PRMT4,6arv,BW7,502,1,B,2861,CAV,14.767,31.277,27.243,2.415,21.0,C,CC(C)n1c2c(cn1)c(cc(n2)c3cccc(c3)OC[C@@H](CN)O)N4CCOCC4
PRMT4,6arv,BW7,502,1,B,2862,NAW,16.039,32.076,27.153,4.374,22.0,N,CC(C)n1c2c(cn1)c(cc(n2)c3cccc(c3)OC[C@@H](CN)O)N4CCOCC4
PRMT4,6arv,SAH,501,1,B,2811,SD,14.156,34.235,29.234,3.86,15.0,S,c1nc(c2c(n1)n(cn2)[C@H]3[C@@H]([C@@H]([C@H](O3)CSCC[C@@H](C(=O)O)N)O)O)N
PRMT4,6arv,SAH,501,1,B,2815,C5',14.236,35.445,27.937,1.208,14.0,C,c1nc(c2c(n1)n(cn2)[C@H]3[C@@H]([C@@H]([C@H](O3)CSCC[C@@H](C(=O)O)N)O)O)N
PRMT4,6arv,SAH,501,1,B,2825,N7,13.041,38.757,23.377,3.281,8.0,N,c1nc(c2c(n1)n(cn2)[C@H]3[C@@H]([C@@H]([C@H](O3)CSCC[C@@H](C(=O)O)N)O)O)N
PRMT4,6arv,BW7,502,1,C,2803,CAZ,4.785,19.825,78.979,4.831,25.0,C,CC(C)n1c2c(cn1)c(cc(n2)c3cccc(c3)OC[C@@H](CN)O)N4CCOCC4
PRMT4,6arv,BW7,502,1,C,2804,CBA,3.339,19.833,78.449,7.246,26.0,C,CC(C)n1c2c(cn1)c(cc(n2)c3cccc(c3)OC[C@@H](CN)O)N4CCOCC4
PRMT4,6arv,BW7,502,1,C,2805,OBB,2.435,20.243,79.497,25.715,27.0,O,CC(C)n1c2c(cn1)c(cc(n2)c3cccc(c3)OC[C@@H](CN)O)N4CCOCC4
PRMT4,6arv,BW7,502,1,C,2806,CBC,2.673,21.621,79.82,33.814,28.0,C,CC(C)n1c2c(cn1)c(cc(n2)c3cccc(c3)OC[C@@H](CN)O)N4CCOCC4
PRMT4,6arv,BW7,502,1,C,2807,CBD,3.988,21.705,80.596,6.038,29.0,C,CC(C)n1c2c(cn1)c(cc(n2)c3cccc(c3)OC[C@@H](CN)O)N4CCOCC4
PRMT4,6arv,BW7,502,1,C,2810,CAI,7.371,20.165,80.016,2.415,9.0,C,CC(C)n1c2c(cn1)c(cc(n2)c3cccc(c3)OC[C@@H](CN)O)N4CCOCC4
PRMT4,6arv,BW7,502,1,C,2812,CAF,6.086,23.287,81.45,14.492,6.0,C,CC(C)n1c2c(cn1)c(cc(n2)c3cccc(c3)OC[C@@H](CN)O)N4CCOCC4
PRMT4,6arv,BW7,502,1,C,2813,NAE,6.957,24.094,82.06,12.029,7.0,N,CC(C)n1c2c(cn1)c(cc(n2)c3cccc(c3)OC[C@@H](CN)O)N4CCOCC4
PRMT4,6arv,BW7,502,1,C,2814,NAD,8.094,23.609,82.007,1.094,3.0,N,CC(C)n1c2c(cn1)c(cc(n2)c3cccc(c3)OC[C@@H](CN)O)N4CCOCC4
PRMT4,6arv,BW7,502,1,C,2816,CAC,9.589,25.64,81.974,7.246,2.0,C,CC(C)n1c2c(cn1)c(cc(n2)c3cccc(c3)OC[C@@H](CN)O)N4CCOCC4
PRMT4,6arv,BW7,502,1,C,2817,CAA,9.108,24.45,84.11,2.415,0.0,C,CC(C)n1c2c(cn1)c(cc(n2)c3cccc(c3)OC[C@@H](CN)O)N4CCOCC4
PRMT4,6arv,BW7,502,1,C,2821,CAM,9.738,19.498,80.086,3.623,12.0,C,CC(C)n1c2c(cn1)c(cc(n2)c3cccc(c3)OC[C@@H](CN)O)N4CCOCC4
PRMT4,6arv,BW7,502,1,C,2822,CAX,10.769,19.218,80.999,7.246,17.0,C,CC(C)n1c2c(cn1)c(cc(n2)c3cccc(c3)OC[C@@H](CN)O)N4CCOCC4
PRMT4,6arv,BW7,502,1,C,2823,CAN,9.766,18.911,78.816,1.208,13.0,C,CC(C)n1c2c(cn1)c(cc(n2)c3cccc(c3)OC[C@@H](CN)O)N4CCOCC4
PRMT4,6arv,BW7,502,1,C,2824,CAO,10.796,18.036,78.455,1.208,14.0,C,CC(C)n1c2c(cn1)c(cc(n2)c3cccc(c3)OC[C@@H](CN)O)N4CCOCC4
PRMT4,6arv,BW7,502,1,C,2828,CAS,12.998,18.75,82.699,1.208,19.0,C,CC(C)n1c2c(cn1)c(cc(n2)c3cccc(c3)OC[C@@H](CN)O)N4CCOCC4
PRMT4,6arv,BW7,502,1,C,2831,CAV,14.469,19.015,84.726,2.415,21.0,C,CC(C)n1c2c(cn1)c(cc(n2)c3cccc(c3)OC[C@@H](CN)O)N4CCOCC4
PRMT4,6arv,BW7,502,1,C,2832,NAW,15.849,18.881,85.22,3.281,22.0,N,CC(C)n1c2c(cn1)c(cc(n2)c3cccc(c3)OC[C@@H](CN)O)N4CCOCC4
PRMT4,6arv,SAH,501,1,C,2781,SD,14.202,18.319,88.449,2.574,15.0,S,c1nc(c2c(n1)n(cn2)[C@H]3[C@@H]([C@@H]([C@H](O3)CSCC[C@@H](C(=O)O)N)O)O)N
PRMT4,6arv,SAH,501,1,C,2795,N7,15.848,25.458,90.54,1.094,8.0,N,c1nc(c2c(n1)n(cn2)[C@H]3[C@@H]([C@@H]([C@H](O3)CSCC[C@@H](C(=O)O)N)O)O)N
PRMT4,6arv,BW7,502,1,D,2811,CAZ,-3.471,25.577,79.803,13.284,25.0,C,CC(C)n1c2c(cn1)c(cc(n2)c3cccc(c3)OC[C@@H](CN)O)N4CCOCC4
PRMT4,6arv,BW7,502,1,D,2812,CBA,-2.949,24.143,80.05,25.36,26.0,C,CC(C)n1c2c(cn1)c(cc(n2)c3cccc(c3)OC[C@@H](CN)O)N4CCOCC4
PRMT4,6arv,BW7,502,1,D,2813,OBB,-3.094,23.311,78.836,25.715,27.0,O,CC(C)n1c2c(cn1)c(cc(n2)c3cccc(c3)OC[C@@H](CN)O)N4CCOCC4
PRMT4,6arv,BW7,502,1,D,2814,CBC,-4.487,23.218,78.424,4.831,28.0,C,CC(C)n1c2c(cn1)c(cc(n2)c3cccc(c3)OC[C@@H](CN)O)N4CCOCC4
PRMT4,6arv,BW7,502,1,D,2815,CBD,-4.965,24.602,77.991,15.699,29.0,C,CC(C)n1c2c(cn1)c(cc(n2)c3cccc(c3)OC[C@@H](CN)O)N4CCOCC4
PRMT4,6arv,BW7,502,1,D,2818,CAI,-7.083,26.123,78.956,2.415,9.0,C,CC(C)n1c2c(cn1)c(cc(n2)c3cccc(c3)OC[C@@H](CN)O)N4CCOCC4
PRMT4,6arv,BW7,502,1,D,2820,CAF,-4.564,27.943,80.888,16.907,6.0,C,CC(C)n1c2c(cn1)c(cc(n2)c3cccc(c3)OC[C@@H](CN)O)N4CCOCC4
PRMT4,6arv,BW7,502,1,D,2821,NAE,-4.957,29.031,81.569,10.936,7.0,N,CC(C)n1c2c(cn1)c(cc(n2)c3cccc(c3)OC[C@@H](CN)O)N4CCOCC4
PRMT4,6arv,BW7,502,1,D,2822,NAD,-6.165,29.208,81.412,1.094,3.0,N,CC(C)n1c2c(cn1)c(cc(n2)c3cccc(c3)OC[C@@H](CN)O)N4CCOCC4
PRMT4,6arv,BW7,502,1,D,2824,CAC,-6.218,30.831,83.335,9.661,2.0,C,CC(C)n1c2c(cn1)c(cc(n2)c3cccc(c3)OC[C@@H](CN)O)N4CCOCC4
PRMT4,6arv,BW7,502,1,D,2829,CAM,-9.427,26.733,78.806,3.623,12.0,C,CC(C)n1c2c(cn1)c(cc(n2)c3cccc(c3)OC[C@@H](CN)O)N4CCOCC4
PRMT4,6arv,BW7,502,1,D,2830,CAX,-10.256,27.801,78.442,1.208,17.0,C,CC(C)n1c2c(cn1)c(cc(n2)c3cccc(c3)OC[C@@H](CN)O)N4CCOCC4
PRMT4,6arv,BW7,502,1,D,2831,CAN,-9.891,25.424,78.658,2.415,13.0,C,CC(C)n1c2c(cn1)c(cc(n2)c3cccc(c3)OC[C@@H](CN)O)N4CCOCC4
PRMT4,6arv,BW7,502,1,D,2839,CAV,-12.627,32.241,77.39,1.208,21.0,C,CC(C)n1c2c(cn1)c(cc(n2)c3cccc(c3)OC[C@@H](CN)O)N4CCOCC4
PRMT4,6arv,BW7,502,1,D,2840,NAW,-13.786,33.168,77.43,3.281,22.0,N,CC(C)n1c2c(cn1)c(cc(n2)c3cccc(c3)OC[C@@H](CN)O)N4CCOCC4
PRMT4,6arv,SAH,501,1,D,2789,SD,-11.879,35.269,75.427,3.86,15.0,S,c1nc(c2c(n1)n(cn2)[C@H]3[C@@H]([C@@H]([C@H](O3)CSCC[C@@H](C(=O)O)N)O)O)N
PRMT4,6arv,SAH,501,1,D,2803,N7,-10.585,39.827,81.315,3.281,8.0,N,c1nc(c2c(n1)n(cn2)[C@H]3[C@@H]([C@@H]([C@H](O3)CSCC[C@@H](C(=O)O)N)O)O)N
PRMT4,6d2l,FTG,501,1,A,2674,C10,13.795,-30.573,31.394,4.831,17.0,C,c1ccc(cc1)CNC[C@@H](CC[C@@H](C(=O)NCCc2ccc(cc2)O)N)C[C@@H]3[C@H]([C@H]([C@@H](O3)n4cnc5c4ncnc5N)O)O
PRMT4,6d2l,FTG,501,1,A,2675,C11,12.845,-30.985,32.491,2.415,18.0,C,c1ccc(cc1)CNC[C@@H](CC[C@@H](C(=O)NCCc2ccc(cc2)O)N)C[C@@H]3[C@H]([C@H]([C@@H](O3)n4cnc5c4ncnc5N)O)O
PRMT4,6d2l,FTG,501,1,A,2676,C12,12.2,-30.032,33.263,7.246,19.0,C,c1ccc(cc1)CNC[C@@H](CC[C@@H](C(=O)NCCc2ccc(cc2)O)N)C[C@@H]3[C@H]([C@H]([C@@H](O3)n4cnc5c4ncnc5N)O)O
PRMT4,6d2l,FTG,501,1,A,2678,C13,11.437,-30.395,34.359,14.492,20.0,C,c1ccc(cc1)CNC[C@@H](CC[C@@H](C(=O)NCCc2ccc(cc2)O)N)C[C@@H]3[C@H]([C@H]([C@@H](O3)n4cnc5c4ncnc5N)O)O
PRMT4,6d2l,FTG,501,1,A,2684,O2,10.607,-32.075,35.822,27.858,24.0,O,c1ccc(cc1)CNC[C@@H](CC[C@@H](C(=O)NCCc2ccc(cc2)O)N)C[C@@H]3[C@H]([C@H]([C@@H](O3)n4cnc5c4ncnc5N)O)O
PRMT4,6d2l,FTG,501,1,A,2686,C19,18.47,-37.474,26.315,1.208,6.0,C,c1ccc(cc1)CNC[C@@H](CC[C@@H](C(=O)NCCc2ccc(cc2)O)N)C[C@@H]3[C@H]([C@H]([C@@H](O3)n4cnc5c4ncnc5N)O)O
PRMT4,6d2l,FTG,501,1,A,2690,C23,17.302,-34.687,23.259,1.208,0.0,C,c1ccc(cc1)CNC[C@@H](CC[C@@H](C(=O)NCCc2ccc(cc2)O)N)C[C@@H]3[C@H]([C@H]([C@@H](O3)n4cnc5c4ncnc5N)O)O
PRMT4,6d2l,FTG,501,1,A,2691,C22,18.607,-34.716,23.713,1.208,1.0,C,c1ccc(cc1)CNC[C@@H](CC[C@@H](C(=O)NCCc2ccc(cc2)O)N)C[C@@H]3[C@H]([C@H]([C@@H](O3)n4cnc5c4ncnc5N)O)O
PRMT4,6d2l,FTG,501,1,A,2700,C31,15.625,-40.542,33.705,2.415,33.0,C,c1ccc(cc1)CNC[C@@H](CC[C@@H](C(=O)NCCc2ccc(cc2)O)N)C[C@@H]3[C@H]([C@H]([C@@H](O3)n4cnc5c4ncnc5N)O)O
PRMT4,6d2l,FTG,501,1,A,2701,N7,16.103,-41.157,34.761,3.281,34.0,N,c1ccc(cc1)CNC[C@@H](CC[C@@H](C(=O)NCCc2ccc(cc2)O)N)C[C@@H]3[C@H]([C@H]([C@@H](O3)n4cnc5c4ncnc5N)O)O
PRMT4,6d2l,FTG,501,1,A,2705,N6,17.233,-43.628,36.221,3.281,41.0,N,c1ccc(cc1)CNC[C@@H](CC[C@@H](C(=O)NCCc2ccc(cc2)O)N)C[C@@H]3[C@H]([C@H]([C@@H](O3)n4cnc5c4ncnc5N)O)O
PRMT4,6d2l,FTG,2000,1,B,2677,C10,-10.943,-27.879,35.716,7.246,17.0,C,c1ccc(cc1)CNC[C@@H](CC[C@@H](C(=O)NCCc2ccc(cc2)O)N)C[C@@H]3[C@H]([C@H]([C@@H](O3)n4cnc5c4ncnc5N)O)O
PRMT4,6d2l,FTG,2000,1,B,2678,C11,-10.042,-29.082,35.611,2.415,18.0,C,c1ccc(cc1)CNC[C@@H](CC[C@@H](C(=O)NCCc2ccc(cc2)O)N)C[C@@H]3[C@H]([C@H]([C@@H](O3)n4cnc5c4ncnc5N)O)O
PRMT4,6d2l,FTG,2000,1,B,2679,C12,-9.433,-29.41,34.408,7.246,19.0,C,c1ccc(cc1)CNC[C@@H](CC[C@@H](C(=O)NCCc2ccc(cc2)O)N)C[C@@H]3[C@H]([C@H]([C@@H](O3)n4cnc5c4ncnc5N)O)O
PRMT4,6d2l,FTG,2000,1,B,2681,C13,-8.716,-30.588,34.264,12.076,20.0,C,c1ccc(cc1)CNC[C@@H](CC[C@@H](C(=O)NCCc2ccc(cc2)O)N)C[C@@H]3[C@H]([C@H]([C@@H](O3)n4cnc5c4ncnc5N)O)O
PRMT4,6d2l,FTG,2000,1,B,2682,C14,-8.597,-31.455,35.337,1.208,21.0,C,c1ccc(cc1)CNC[C@@H](CC[C@@H](C(=O)NCCc2ccc(cc2)O)N)C[C@@H]3[C@H]([C@H]([C@@H](O3)n4cnc5c4ncnc5N)O)O
PRMT4,6d2l,FTG,2000,1,B,2685,C17,-9.886,-29.946,36.685,1.208,23.0,C,c1ccc(cc1)CNC[C@@H](CC[C@@H](C(=O)NCCc2ccc(cc2)O)N)C[C@@H]3[C@H]([C@H]([C@@H](O3)n4cnc5c4ncnc5N)O)O
PRMT4,6d2l,FTG,2000,1,B,2686,C16,-9.171,-31.127,36.557,2.415,22.0,C,c1ccc(cc1)CNC[C@@H](CC[C@@H](C(=O)NCCc2ccc(cc2)O)N)C[C@@H]3[C@H]([C@H]([C@@H](O3)n4cnc5c4ncnc5N)O)O
PRMT4,6d2l,FTG,2000,1,B,2687,O2,-7.944,-32.642,35.154,33.215,24.0,O,c1ccc(cc1)CNC[C@@H](CC[C@@H](C(=O)NCCc2ccc(cc2)O)N)C[C@@H]3[C@H]([C@H]([C@@H](O3)n4cnc5c4ncnc5N)O)O
PRMT4,6d2l,FTG,2000,1,B,2693,C23,-14.169,-21.568,42.857,1.208,0.0,C,c1ccc(cc1)CNC[C@@H](CC[C@@H](C(=O)NCCc2ccc(cc2)O)N)C[C@@H]3[C@H]([C@H]([C@@H](O3)n4cnc5c4ncnc5N)O)O
PRMT4,6d2l,FTG,2000,1,B,2703,C31,-12.691,-33.347,44.14,6.038,33.0,C,c1ccc(cc1)CNC[C@@H](CC[C@@H](C(=O)NCCc2ccc(cc2)O)N)C[C@@H]3[C@H]([C@H]([C@@H](O3)n4cnc5c4ncnc5N)O)O
PRMT4,6d2l,FTG,2000,1,B,2704,N7,-13.183,-34.546,44.345,5.468,34.0,N,c1ccc(cc1)CNC[C@@H](CC[C@@H](C(=O)NCCc2ccc(cc2)O)N)C[C@@H]3[C@H]([C@H]([C@@H](O3)n4cnc5c4ncnc5N)O)O
PRMT4,6d2l,FTG,2000,1,B,2708,N6,-14.209,-36.829,46.176,1.094,41.0,N,c1ccc(cc1)CNC[C@@H](CC[C@@H](C(=O)NCCc2ccc(cc2)O)N)C[C@@H]3[C@H]([C@H]([C@@H](O3)n4cnc5c4ncnc5N)O)O
PRMT4,6d2l,FTG,501,1,C,2641,O3,7.384,-7.584,83.326,4.286,14.0,O,c1ccc(cc1)CNC[C@@H](CC[C@@H](C(=O)NCCc2ccc(cc2)O)N)C[C@@H]3[C@H]([C@H]([C@@H](O3)n4cnc5c4ncnc5N)O)O
PRMT4,6d2l,FTG,501,1,C,2651,C10,4.921,-9.616,84.327,10.869,17.0,C,c1ccc(cc1)CNC[C@@H](CC[C@@H](C(=O)NCCc2ccc(cc2)O)N)C[C@@H]3[C@H]([C@H]([C@@H](O3)n4cnc5c4ncnc5N)O)O
PRMT4,6d2l,FTG,501,1,C,2652,C11,3.794,-10.449,83.756,8.453,18.0,C,c1ccc(cc1)CNC[C@@H](CC[C@@H](C(=O)NCCc2ccc(cc2)O)N)C[C@@H]3[C@H]([C@H]([C@@H](O3)n4cnc5c4ncnc5N)O)O
PRMT4,6d2l,FTG,501,1,C,2653,C12,3.482,-10.409,82.405,19.322,19.0,C,c1ccc(cc1)CNC[C@@H](CC[C@@H](C(=O)NCCc2ccc(cc2)O)N)C[C@@H]3[C@H]([C@H]([C@@H](O3)n4cnc5c4ncnc5N)O)O
PRMT4,6d2l,FTG,501,1,C,2658,C19,9.378,-2.349,79.251,1.208,6.0,C,c1ccc(cc1)CNC[C@@H](CC[C@@H](C(=O)NCCc2ccc(cc2)O)N)C[C@@H]3[C@H]([C@H]([C@@H](O3)n4cnc5c4ncnc5N)O)O
PRMT4,6d2l,FTG,501,1,C,2662,C23,7.834,-0.043,82.524,1.208,0.0,C,c1ccc(cc1)CNC[C@@H](CC[C@@H](C(=O)NCCc2ccc(cc2)O)N)C[C@@H]3[C@H]([C@H]([C@@H](O3)n4cnc5c4ncnc5N)O)O
PRMT4,6d2l,FTG,501,1,C,2663,C22,9.032,-0.718,82.652,2.415,1.0,C,c1ccc(cc1)CNC[C@@H](CC[C@@H](C(=O)NCCc2ccc(cc2)O)N)C[C@@H]3[C@H]([C@H]([C@@H](O3)n4cnc5c4ncnc5N)O)O
PRMT4,6d2l,FTG,501,1,C,2664,C21,9.54,-1.443,81.588,1.208,2.0,C,c1ccc(cc1)CNC[C@@H](CC[C@@H](C(=O)NCCc2ccc(cc2)O)N)C[C@@H]3[C@H]([C@H]([C@@H](O3)n4cnc5c4ncnc5N)O)O
PRMT4,6d2l,FTG,501,1,C,2673,N7,6.361,-8.643,73.081,4.374,34.0,N,c1ccc(cc1)CNC[C@@H](CC[C@@H](C(=O)NCCc2ccc(cc2)O)N)C[C@@H]3[C@H]([C@H]([C@@H](O3)n4cnc5c4ncnc5N)O)O
PRMT4,6d2l,FTG,501,1,C,2677,N6,7.122,-9.134,70.135,4.374,41.0,N,c1ccc(cc1)CNC[C@@H](CC[C@@H](C(=O)NCCc2ccc(cc2)O)N)C[C@@H]3[C@H]([C@H]([C@@H](O3)n4cnc5c4ncnc5N)O)O
PRMT4,6d2l,FTG,2000,1,D,2635,O3,-22.596,-16.29,85.191,1.071,14.0,O,c1ccc(cc1)CNC[C@@H](CC[C@@H](C(=O)NCCc2ccc(cc2)O)N)C[C@@H]3[C@H]([C@H]([C@@H](O3)n4cnc5c4ncnc5N)O)O
PRMT4,6d2l,FTG,2000,1,D,2645,C10,-19.924,-14.276,84.999,7.246,17.0,C,c1ccc(cc1)CNC[C@@H](CC[C@@H](C(=O)NCCc2ccc(cc2)O)N)C[C@@H]3[C@H]([C@H]([C@@H](O3)n4cnc5c4ncnc5N)O)O
PRMT4,6d2l,FTG,2000,1,D,2646,C11,-18.971,-13.669,83.999,3.623,18.0,C,c1ccc(cc1)CNC[C@@H](CC[C@@H](C(=O)NCCc2ccc(cc2)O)N)C[C@@H]3[C@H]([C@H]([C@@H](O3)n4cnc5c4ncnc5N)O)O
PRMT4,6d2l,FTG,2000,1,D,2647,C12,-18.577,-12.342,84.109,3.623,19.0,C,c1ccc(cc1)CNC[C@@H](CC[C@@H](C(=O)NCCc2ccc(cc2)O)N)C[C@@H]3[C@H]([C@H]([C@@H](O3)n4cnc5c4ncnc5N)O)O
PRMT4,6d2l,FTG,2000,1,D,2649,C13,-17.832,-11.73,83.115,8.453,20.0,C,c1ccc(cc1)CNC[C@@H](CC[C@@H](C(=O)NCCc2ccc(cc2)O)N)C[C@@H]3[C@H]([C@H]([C@@H](O3)n4cnc5c4ncnc5N)O)O
PRMT4,6d2l,FTG,2000,1,D,2650,C14,-17.461,-12.45,81.993,2.415,21.0,C,c1ccc(cc1)CNC[C@@H](CC[C@@H](C(=O)NCCc2ccc(cc2)O)N)C[C@@H]3[C@H]([C@H]([C@@H](O3)n4cnc5c4ncnc5N)O)O
PRMT4,6d2l,FTG,2000,1,D,2654,C16,-17.81,-13.788,81.885,2.415,22.0,C,c1ccc(cc1)CNC[C@@H](CC[C@@H](C(=O)NCCc2ccc(cc2)O)N)C[C@@H]3[C@H]([C@H]([C@@H](O3)n4cnc5c4ncnc5N)O)O
PRMT4,6d2l,FTG,2000,1,D,2655,O2,-16.791,-11.811,80.987,32.144,24.0,O,c1ccc(cc1)CNC[C@@H](CC[C@@H](C(=O)NCCc2ccc(cc2)O)N)C[C@@H]3[C@H]([C@H]([C@@H](O3)n4cnc5c4ncnc5N)O)O
PRMT4,6d2l,FTG,2000,1,D,2661,C23,-23.455,-23.182,88.244,1.208,0.0,C,c1ccc(cc1)CNC[C@@H](CC[C@@H](C(=O)NCCc2ccc(cc2)O)N)C[C@@H]3[C@H]([C@H]([C@@H](O3)n4cnc5c4ncnc5N)O)O
PRMT4,6d2l,FTG,2000,1,D,2662,C22,-24.639,-22.726,87.704,1.208,1.0,C,c1ccc(cc1)CNC[C@@H](CC[C@@H](C(=O)NCCc2ccc(cc2)O)N)C[C@@H]3[C@H]([C@H]([C@@H](O3)n4cnc5c4ncnc5N)O)O
PRMT4,6d2l,FTG,2000,1,D,2663,C21,-24.823,-22.728,86.332,1.208,2.0,C,c1ccc(cc1)CNC[C@@H](CC[C@@H](C(=O)NCCc2ccc(cc2)O)N)C[C@@H]3[C@H]([C@H]([C@@H](O3)n4cnc5c4ncnc5N)O)O
PRMT4,6d2l,FTG,2000,1,D,2671,C31,-21.389,-19.761,76.759,3.623,33.0,C,c1ccc(cc1)CNC[C@@H](CC[C@@H](C(=O)NCCc2ccc(cc2)O)N)C[C@@H]3[C@H]([C@H]([C@@H](O3)n4cnc5c4ncnc5N)O)O
PRMT4,6d2l,FTG,2000,1,D,2672,N7,-21.853,-19.461,75.569,7.655,34.0,N,c1ccc(cc1)CNC[C@@H](CC[C@@H](C(=O)NCCc2ccc(cc2)O)N)C[C@@H]3[C@H]([C@H]([C@@H](O3)n4cnc5c4ncnc5N)O)O
PRMT4,6d2l,FTG,2000,1,D,2676,N6,-22.896,-20.188,72.758,1.094,41.0,N,c1ccc(cc1)CNC[C@@H](CC[C@@H](C(=O)NCCc2ccc(cc2)O)N)C[C@@H]3[C@H]([C@H]([C@@H](O3)n4cnc5c4ncnc5N)O)O
PRMT4,6d2l,FTG,2000,1,E,2603,O3,-22.949,18.95,28.286,2.143,14.0,O,c1ccc(cc1)CNC[C@@H](CC[C@@H](C(=O)NCCc2ccc(cc2)O)N)C[C@@H]3[C@H]([C@H]([C@@H](O3)n4cnc5c4ncnc5N)O)O
PRMT4,6d2l,FTG,2000,1,E,2610,C8,-22.888,19.558,29.344,1.208,13.0,C,c1ccc(cc1)CNC[C@@H](CC[C@@H](C(=O)NCCc2ccc(cc2)O)N)C[C@@H]3[C@H]([C@H]([C@@H](O3)n4cnc5c4ncnc5N)O)O
PRMT4,6d2l,FTG,2000,1,E,2613,C10,-20.24,17.711,29.967,12.076,17.0,C,c1ccc(cc1)CNC[C@@H](CC[C@@H](C(=O)NCCc2ccc(cc2)O)N)C[C@@H]3[C@H]([C@H]([C@@H](O3)n4cnc5c4ncnc5N)O)O
PRMT4,6d2l,FTG,2000,1,E,2614,C11,-19.255,18.335,30.93,25.36,18.0,C,c1ccc(cc1)CNC[C@@H](CC[C@@H](C(=O)NCCc2ccc(cc2)O)N)C[C@@H]3[C@H]([C@H]([C@@H](O3)n4cnc5c4ncnc5N)O)O
PRMT4,6d2l,FTG,2000,1,E,2623,C23,-23.898,21.584,21.314,1.208,0.0,C,c1ccc(cc1)CNC[C@@H](CC[C@@H](C(=O)NCCc2ccc(cc2)O)N)C[C@@H]3[C@H]([C@H]([C@@H](O3)n4cnc5c4ncnc5N)O)O
PRMT4,6d2l,FTG,2000,1,E,2624,C22,-25.092,21.55,22.005,1.208,1.0,C,c1ccc(cc1)CNC[C@@H](CC[C@@H](C(=O)NCCc2ccc(cc2)O)N)C[C@@H]3[C@H]([C@H]([C@@H](O3)n4cnc5c4ncnc5N)O)O
PRMT4,6d2l,FTG,2000,1,E,2626,C3,-21.458,24.635,27.747,1.208,26.0,C,c1ccc(cc1)CNC[C@@H](CC[C@@H](C(=O)NCCc2ccc(cc2)O)N)C[C@@H]3[C@H]([C@H]([C@@H](O3)n4cnc5c4ncnc5N)O)O
PRMT4,6d2l,FTG,2000,1,E,2633,C31,-21.829,27.831,31.161,6.038,33.0,C,c1ccc(cc1)CNC[C@@H](CC[C@@H](C(=O)NCCc2ccc(cc2)O)N)C[C@@H]3[C@H]([C@H]([C@@H](O3)n4cnc5c4ncnc5N)O)O
PRMT4,6d2l,FTG,2000,1,E,2634,N7,-22.229,28.562,32.175,5.468,34.0,N,c1ccc(cc1)CNC[C@@H](CC[C@@H](C(=O)NCCc2ccc(cc2)O)N)C[C@@H]3[C@H]([C@H]([C@@H](O3)n4cnc5c4ncnc5N)O)O
PRMT4,6d2l,FTG,2000,1,E,2638,N6,-23.057,31.233,33.481,3.281,41.0,N,c1ccc(cc1)CNC[C@@H](CC[C@@H](C(=O)NCCc2ccc(cc2)O)N)C[C@@H]3[C@H]([C@H]([C@@H](O3)n4cnc5c4ncnc5N)O)O
PRMT4,6d2l,FTG,501,1,F,2625,C10,4.234,14.995,34.079,9.661,17.0,C,c1ccc(cc1)CNC[C@@H](CC[C@@H](C(=O)NCCc2ccc(cc2)O)N)C[C@@H]3[C@H]([C@H]([C@@H](O3)n4cnc5c4ncnc5N)O)O
PRMT4,6d2l,FTG,501,1,F,2626,C11,3.279,16.147,33.875,1.208,18.0,C,c1ccc(cc1)CNC[C@@H](CC[C@@H](C(=O)NCCc2ccc(cc2)O)N)C[C@@H]3[C@H]([C@H]([C@@H](O3)n4cnc5c4ncnc5N)O)O
PRMT4,6d2l,FTG,501,1,F,2627,C12,2.677,16.367,32.644,7.246,19.0,C,c1ccc(cc1)CNC[C@@H](CC[C@@H](C(=O)NCCc2ccc(cc2)O)N)C[C@@H]3[C@H]([C@H]([C@@H](O3)n4cnc5c4ncnc5N)O)O
PRMT4,6d2l,FTG,501,1,F,2629,C13,1.926,17.508,32.404,14.492,20.0,C,c1ccc(cc1)CNC[C@@H](CC[C@@H](C(=O)NCCc2ccc(cc2)O)N)C[C@@H]3[C@H]([C@H]([C@@H](O3)n4cnc5c4ncnc5N)O)O
PRMT4,6d2l,FTG,501,1,F,2630,C14,1.765,18.446,33.407,2.415,21.0,C,c1ccc(cc1)CNC[C@@H](CC[C@@H](C(=O)NCCc2ccc(cc2)O)N)C[C@@H]3[C@H]([C@H]([C@@H](O3)n4cnc5c4ncnc5N)O)O
PRMT4,6d2l,FTG,501,1,F,2634,C16,2.311,18.217,34.659,2.415,22.0,C,c1ccc(cc1)CNC[C@@H](CC[C@@H](C(=O)NCCc2ccc(cc2)O)N)C[C@@H]3[C@H]([C@H]([C@@H](O3)n4cnc5c4ncnc5N)O)O
PRMT4,6d2l,FTG,501,1,F,2635,O2,1.134,19.633,33.16,36.43,24.0,O,c1ccc(cc1)CNC[C@@H](CC[C@@H](C(=O)NCCc2ccc(cc2)O)N)C[C@@H]3[C@H]([C@H]([C@@H](O3)n4cnc5c4ncnc5N)O)O
PRMT4,6d2l,FTG,501,1,F,2639,C25,7.305,11.315,42.617,1.208,4.0,C,c1ccc(cc1)CNC[C@@H](CC[C@@H](C(=O)NCCc2ccc(cc2)O)N)C[C@@H]3[C@H]([C@H]([C@@H](O3)n4cnc5c4ncnc5N)O)O
PRMT4,6d2l,FTG,501,1,F,2640,C24,7.003,9.993,42.336,1.208,5.0,C,c1ccc(cc1)CNC[C@@H](CC[C@@H](C(=O)NCCc2ccc(cc2)O)N)C[C@@H]3[C@H]([C@H]([C@@H](O3)n4cnc5c4ncnc5N)O)O
PRMT4,6d2l,FTG,501,1,F,2642,C22,9.084,9.762,41.19,1.208,1.0,C,c1ccc(cc1)CNC[C@@H](CC[C@@H](C(=O)NCCc2ccc(cc2)O)N)C[C@@H]3[C@H]([C@H]([C@@H](O3)n4cnc5c4ncnc5N)O)O
PRMT4,6d2l,FTG,501,1,F,2644,C3,5.602,16.59,40.863,1.208,26.0,C,c1ccc(cc1)CNC[C@@H](CC[C@@H](C(=O)NCCc2ccc(cc2)O)N)C[C@@H]3[C@H]([C@H]([C@@H](O3)n4cnc5c4ncnc5N)O)O
PRMT4,6d2l,FTG,501,1,F,2651,C31,5.968,21.281,41.749,4.831,33.0,C,c1ccc(cc1)CNC[C@@H](CC[C@@H](C(=O)NCCc2ccc(cc2)O)N)C[C@@H]3[C@H]([C@H]([C@@H](O3)n4cnc5c4ncnc5N)O)O
PRMT4,6d2l,FTG,501,1,F,2652,N7,6.444,22.496,41.858,6.562,34.0,N,c1ccc(cc1)CNC[C@@H](CC[C@@H](C(=O)NCCc2ccc(cc2)O)N)C[C@@H]3[C@H]([C@H]([C@@H](O3)n4cnc5c4ncnc5N)O)O
PRMT4,6d2l,FTG,501,1,F,2656,N6,7.357,24.945,43.493,2.187,41.0,N,c1ccc(cc1)CNC[C@@H](CC[C@@H](C(=O)NCCc2ccc(cc2)O)N)C[C@@H]3[C@H]([C@H]([C@@H](O3)n4cnc5c4ncnc5N)O)O
PRMT4,6dvr,HDG,501,1,A,2820,C8,-50.664,-30.644,-24.651,1.208,11.0,C,COc1ccc(cc1)CCNC(=O)[C@@H](CC[C@@H](C[C@@H]2[C@H]([C@H]([C@@H](O2)n3cnc4c3ncnc4N)O)O)CNCc5ccccc5)N
PRMT4,6dvr,HDG,501,1,A,2821,N1,-49.407,-30.385,-24.975,1.094,10.0,N,COc1ccc(cc1)CCNC(=O)[C@@H](CC[C@@H](C[C@@H]2[C@H]([C@H]([C@@H](O2)n3cnc4c3ncnc4N)O)O)CNCc5ccccc5)N
PRMT4,6dvr,HDG,501,1,A,2822,C9,-48.622,-29.473,-24.162,9.661,9.0,C,COc1ccc(cc1)CCNC(=O)[C@@H](CC[C@@H](C[C@@H]2[C@H]([C@H]([C@@H](O2)n3cnc4c3ncnc4N)O)O)CNCc5ccccc5)N
PRMT4,6dvr,HDG,501,1,A,2823,C10,-47.141,-29.671,-24.305,7.246,8.0,C,COc1ccc(cc1)CCNC(=O)[C@@H](CC[C@@H](C[C@@H]2[C@H]([C@H]([C@@H](O2)n3cnc4c3ncnc4N)O)O)CNCc5ccccc5)N
PRMT4,6dvr,HDG,501,1,A,2826,C16,-45.615,-28.752,-20.949,1.208,7.0,C,COc1ccc(cc1)CCNC(=O)[C@@H](CC[C@@H](C[C@@H]2[C@H]([C@H]([C@@H](O2)n3cnc4c3ncnc4N)O)O)CNCc5ccccc5)N
PRMT4,6dvr,HDG,501,1,A,2827,C14,-45.076,-27.502,-21.214,2.415,2.0,C,COc1ccc(cc1)CCNC(=O)[C@@H](CC[C@@H](C[C@@H]2[C@H]([C@H]([C@@H](O2)n3cnc4c3ncnc4N)O)O)CNCc5ccccc5)N
PRMT4,6dvr,HDG,501,1,A,2828,O2,-44.524,-26.875,-20.125,1.071,1.0,O,COc1ccc(cc1)CCNC(=O)[C@@H](CC[C@@H](C[C@@H]2[C@H]([C@H]([C@@H](O2)n3cnc4c3ncnc4N)O)O)CNCc5ccccc5)N
PRMT4,6dvr,HDG,501,1,A,2829,C15,-44.027,-25.543,-20.297,53.136,0.0,C,COc1ccc(cc1)CCNC(=O)[C@@H](CC[C@@H](C[C@@H]2[C@H]([C@H]([C@@H](O2)n3cnc4c3ncnc4N)O)O)CNCc5ccccc5)N
PRMT4,6dvr,HDG,501,1,A,2830,C13,-45.179,-26.962,-22.492,19.322,3.0,C,COc1ccc(cc1)CCNC(=O)[C@@H](CC[C@@H](C[C@@H]2[C@H]([C@H]([C@@H](O2)n3cnc4c3ncnc4N)O)O)CNCc5ccccc5)N
PRMT4,6dvr,HDG,501,1,A,2831,C12,-45.846,-27.665,-23.482,25.36,4.0,C,COc1ccc(cc1)CCNC(=O)[C@@H](CC[C@@H](C[C@@H]2[C@H]([C@H]([C@@H](O2)n3cnc4c3ncnc4N)O)O)CNCc5ccccc5)N
PRMT4,6dvr,HDG,501,1,A,2832,C7,-51.476,-31.617,-25.489,1.208,13.0,C,COc1ccc(cc1)CCNC(=O)[C@@H](CC[C@@H](C[C@@H]2[C@H]([C@H]([C@@H](O2)n3cnc4c3ncnc4N)O)O)CNCc5ccccc5)N
PRMT4,6dvr,HDG,501,1,A,2835,N2,-52.303,-35.161,-21.427,1.094,36.0,N,COc1ccc(cc1)CCNC(=O)[C@@H](CC[C@@H](C[C@@H]2[C@H]([C@H]([C@@H](O2)n3cnc4c3ncnc4N)O)O)CNCc5ccccc5)N
PRMT4,6dvr,HDG,501,1,A,2836,C19,-52.133,-35.547,-20.007,1.208,37.0,C,COc1ccc(cc1)CCNC(=O)[C@@H](CC[C@@H](C[C@@H]2[C@H]([C@H]([C@@H](O2)n3cnc4c3ncnc4N)O)O)CNCc5ccccc5)N
PRMT4,6dvr,HDG,501,1,A,2838,C25,-52.618,-34.021,-18.058,1.208,43.0,C,COc1ccc(cc1)CCNC(=O)[C@@H](CC[C@@H](C[C@@H]2[C@H]([C@H]([C@@H](O2)n3cnc4c3ncnc4N)O)O)CNCc5ccccc5)N
PRMT4,6dvr,HDG,501,1,A,2842,C21,-54.459,-34.992,-19.223,1.208,39.0,C,COc1ccc(cc1)CCNC(=O)[C@@H](CC[C@@H](C[C@@H]2[C@H]([C@H]([C@@H](O2)n3cnc4c3ncnc4N)O)O)CNCc5ccccc5)N
PRMT4,6dvr,HDG,501,1,A,2850,N7,-49.495,-38.883,-29.053,4.374,25.0,N,COc1ccc(cc1)CCNC(=O)[C@@H](CC[C@@H](C[C@@H]2[C@H]([C@H]([C@@H](O2)n3cnc4c3ncnc4N)O)O)CNCc5ccccc5)N
PRMT4,6dvr,HDG,501,1,A,2854,N6,-50.127,-41.414,-30.704,6.562,32.0,N,COc1ccc(cc1)CCNC(=O)[C@@H](CC[C@@H](C[C@@H]2[C@H]([C@H]([C@@H](O2)n3cnc4c3ncnc4N)O)O)CNCc5ccccc5)N
PRMT4,6dvr,P15,502,1,A,2858,O6,-43.198,-30.85,-28.221,23.572,19.0,O,COCCOCCOCCOCCOCCOCCO
PRMT4,6dvr,P15,502,1,A,2859,C12,-44.402,-30.514,-27.525,2.415,18.0,C,COCCOCCOCCOCCOCCOCCO
PRMT4,6dvr,P15,502,1,A,2860,C11,-45.465,-29.998,-28.494,7.246,17.0,C,COCCOCCOCCOCCOCCOCCO
PRMT4,6dvr,P15,502,1,A,2861,O5,-45.895,-28.688,-28.095,9.643,16.0,O,COCCOCCOCCOCCOCCOCCO
PRMT4,6dvr,P15,502,1,A,2862,C10,-46.461,-27.902,-29.153,13.284,15.0,C,COCCOCCOCCOCCOCCOCCO
PRMT4,6dvr,P15,502,1,A,2863,C9,-46.505,-26.426,-28.755,22.945,14.0,C,COCCOCCOCCOCCOCCOCCO
PRMT4,6dvr,P15,502,1,A,2864,O4,-47.759,-26.125,-28.131,1.071,13.0,O,COCCOCCOCCOCCOCCOCCO
PRMT4,6dvr,P15,502,1,A,2865,C8,-47.65,-25.417,-26.894,15.699,12.0,C,COCCOCCOCCOCCOCCOCCO
PRMT4,6dvr,P15,502,1,A,2867,O3,-49.467,-26.513,-25.776,6.429,10.0,O,COCCOCCOCCOCCOCCOCCO
PRMT4,6dvr,P15,502,1,A,2868,C6,-50.841,-26.531,-25.382,2.415,9.0,C,COCCOCCOCCOCCOCCOCCO
PRMT4,6dvr,P15,502,1,A,2870,O2,-50.34,-26.298,-23.014,1.071,7.0,O,COCCOCCOCCOCCOCCOCCO
PRMT4,6dvr,P15,502,1,A,2871,C4,-49.077,-25.719,-22.732,12.076,6.0,C,COCCOCCOCCOCCOCCOCCO
PRMT4,6dvr,P15,502,1,A,2872,C3,-48.526,-26.393,-21.478,21.737,5.0,C,COCCOCCOCCOCCOCCOCCO
PRMT4,6dvr,P15,502,1,A,2875,C1,-48.368,-24.926,-18.484,1.208,2.0,C,COCCOCCOCCOCCOCCOCCO
PRMT4,6dvr,P15,502,1,A,2876,OXT,-47.009,-24.89,-18.067,25.715,1.0,O,COCCOCCOCCOCCOCCOCCO
PRMT4,6dvr,HDG,501,1,B,2709,O3,-25.226,-18.713,-31.233,1.071,12.0,O,COc1ccc(cc1)CCNC(=O)[C@@H](CC[C@@H](C[C@@H]2[C@H]([C@H]([C@@H](O2)n3cnc4c3ncnc4N)O)O)CNCc5ccccc5)N
PRMT4,6dvr,HDG,501,1,B,2710,C8,-25.468,-19.875,-31.526,1.208,11.0,C,COc1ccc(cc1)CCNC(=O)[C@@H](CC[C@@H](C[C@@H]2[C@H]([C@H]([C@@H](O2)n3cnc4c3ncnc4N)O)O)CNCc5ccccc5)N
PRMT4,6dvr,HDG,501,1,B,2711,N1,-26.703,-20.377,-31.443,3.281,10.0,N,COc1ccc(cc1)CCNC(=O)[C@@H](CC[C@@H](C[C@@H]2[C@H]([C@H]([C@@H](O2)n3cnc4c3ncnc4N)O)O)CNCc5ccccc5)N
PRMT4,6dvr,HDG,501,1,B,2712,C9,-27.839,-19.499,-31.176,12.076,9.0,C,COc1ccc(cc1)CCNC(=O)[C@@H](CC[C@@H](C[C@@H]2[C@H]([C@H]([C@@H](O2)n3cnc4c3ncnc4N)O)O)CNCc5ccccc5)N
PRMT4,6dvr,HDG,501,1,B,2713,C10,-29.189,-20.117,-31.484,9.661,8.0,C,COc1ccc(cc1)CCNC(=O)[C@@H](CC[C@@H](C[C@@H]2[C@H]([C@H]([C@@H](O2)n3cnc4c3ncnc4N)O)O)CNCc5ccccc5)N
PRMT4,6dvr,HDG,501,1,B,2714,C11,-30.282,-19.085,-31.32,1.208,5.0,C,COc1ccc(cc1)CCNC(=O)[C@@H](CC[C@@H](C[C@@H]2[C@H]([C@H]([C@@H](O2)n3cnc4c3ncnc4N)O)O)CNCc5ccccc5)N
PRMT4,6dvr,HDG,501,1,B,2715,C17,-30.476,-18.091,-32.273,1.208,6.0,C,COc1ccc(cc1)CCNC(=O)[C@@H](CC[C@@H](C[C@@H]2[C@H]([C@H]([C@@H](O2)n3cnc4c3ncnc4N)O)O)CNCc5ccccc5)N
PRMT4,6dvr,HDG,501,1,B,2716,C16,-31.462,-17.131,-32.115,2.415,7.0,C,COc1ccc(cc1)CCNC(=O)[C@@H](CC[C@@H](C[C@@H]2[C@H]([C@H]([C@@H](O2)n3cnc4c3ncnc4N)O)O)CNCc5ccccc5)N
PRMT4,6dvr,HDG,501,1,B,2717,C14,-32.294,-17.173,-31.007,4.831,2.0,C,COc1ccc(cc1)CCNC(=O)[C@@H](CC[C@@H](C[C@@H]2[C@H]([C@H]([C@@H](O2)n3cnc4c3ncnc4N)O)O)CNCc5ccccc5)N
PRMT4,6dvr,HDG,501,1,B,2719,C15,-34.176,-16.244,-29.843,48.305,0.0,C,COc1ccc(cc1)CCNC(=O)[C@@H](CC[C@@H](C[C@@H]2[C@H]([C@H]([C@@H](O2)n3cnc4c3ncnc4N)O)O)CNCc5ccccc5)N
PRMT4,6dvr,HDG,501,1,B,2720,C13,-32.099,-18.145,-30.036,16.907,3.0,C,COc1ccc(cc1)CCNC(=O)[C@@H](CC[C@@H](C[C@@H]2[C@H]([C@H]([C@@H](O2)n3cnc4c3ncnc4N)O)O)CNCc5ccccc5)N
PRMT4,6dvr,HDG,501,1,B,2721,C12,-31.101,-19.09,-30.199,21.737,4.0,C,COc1ccc(cc1)CCNC(=O)[C@@H](CC[C@@H](C[C@@H]2[C@H]([C@H]([C@@H](O2)n3cnc4c3ncnc4N)O)O)CNCc5ccccc5)N
PRMT4,6dvr,HDG,501,1,B,2728,C25,-23.779,-14.3,-36.416,2.415,43.0,C,COc1ccc(cc1)CCNC(=O)[C@@H](CC[C@@H](C[C@@H]2[C@H]([C@H]([C@@H](O2)n3cnc4c3ncnc4N)O)O)CNCc5ccccc5)N
PRMT4,6dvr,HDG,501,1,B,2740,N7,-23.419,-26.529,-37.877,4.374,25.0,N,COc1ccc(cc1)CCNC(=O)[C@@H](CC[C@@H](C[C@@H]2[C@H]([C@H]([C@@H](O2)n3cnc4c3ncnc4N)O)O)CNCc5ccccc5)N
PRMT4,6dvr,HDG,501,1,B,2744,N6,-21.852,-28.617,-39.529,4.374,32.0,N,COc1ccc(cc1)CCNC(=O)[C@@H](CC[C@@H](C[C@@H]2[C@H]([C@H]([C@@H](O2)n3cnc4c3ncnc4N)O)O)CNCc5ccccc5)N
PRMT4,6dvr,P15,502,1,B,2748,C9,-29.684,-24.225,-26.9,39.852,14.0,C,COCCOCCOCCOCCOCCOCCO
PRMT4,6dvr,P15,502,1,B,2749,O4,-29.952,-22.819,-26.867,12.858,13.0,O,COCCOCCOCCOCCOCCOCCO
PRMT4,6dvr,P15,502,1,B,2750,C8,-28.744,-22.06,-26.947,4.831,12.0,C,COCCOCCOCCOCCOCCOCCO
PRMT4,6dvr,P15,502,1,B,2751,C7,-28.985,-20.555,-26.872,15.699,11.0,C,COCCOCCOCCOCCOCCOCCO
PRMT4,6dvr,P15,502,1,B,2753,C6,-26.861,-19.526,-27.517,9.661,9.0,C,COCCOCCOCCOCCOCCOCCO
PRMT4,6dvr,P15,502,1,B,2754,C5,-26.407,-18.056,-27.43,1.208,8.0,C,COCCOCCOCCOCCOCCOCCO
PRMT4,6dvr,P15,502,1,B,2755,O2,-27.022,-17.171,-28.393,2.143,7.0,O,COCCOCCOCCOCCOCCOCCO
PRMT4,6dvr,P15,502,1,B,2756,C4,-28.417,-16.943,-28.148,8.453,6.0,C,COCCOCCOCCOCCOCCOCCO
PRMT4,6dvr,P15,502,1,B,2757,C3,-29.017,-16.055,-29.24,15.699,5.0,C,COCCOCCOCCOCCOCCOCCO
PRMT4,6dvr,P15,502,1,B,2759,C2,-29.861,-13.832,-29.584,1.208,3.0,C,COCCOCCOCCOCCOCCOCCO
PRMT4,6dvr,P15,502,1,B,2760,C1,-31.211,-13.773,-28.874,20.53,2.0,C,COCCOCCOCCOCCOCCOCCO
PRMT4,6dvr,P15,502,1,B,2761,OXT,-31.975,-12.652,-29.337,18.215,1.0,O,COCCOCCOCCOCCOCCOCCO
PRMT4,6izq,XJ2,501,1,A,2662,C5,15.098,15.516,74.337,13.284,0.0,C,CNC[C@H](CN1CCCc2ccccc2C1)O
PRMT4,6izq,XJ2,501,1,A,2664,C8,12.662,20.782,76.733,2.415,15.0,C,CNC[C@H](CN1CCCc2ccccc2C1)O
PRMT4,6izq,XJ2,501,1,A,2665,C9,11.816,21.437,75.578,2.415,14.0,C,CNC[C@H](CN1CCCc2ccccc2C1)O
PRMT4,6izq,XJ2,501,1,A,2668,C12,10.239,22.547,73.455,4.831,11.0,C,CNC[C@H](CN1CCCc2ccccc2C1)O
PRMT4,6izq,XJ2,501,1,A,2669,C13,10.893,23.385,74.385,19.322,10.0,C,CNC[C@H](CN1CCCc2ccccc2C1)O
PRMT4,6izq,XJ2,501,1,A,2670,C14,11.697,22.834,75.465,1.208,9.0,C,CNC[C@H](CN1CCCc2ccccc2C1)O
PRMT4,6izq,XJ2,501,1,A,2671,C15,12.394,23.827,76.47,4.831,8.0,C,CNC[C@H](CN1CCCc2ccccc2C1)O
PRMT4,6s70,KYB,501,1,A,2758,C21,14.764,14.307,72.369,2.415,12.0,C,[H]/N=C(/N)\NCCCCCN(CCCN)C[C@@H]1[C@H]([C@H]([C@@H](O1)n2cnc3c2ncnc3N)O)O
PRMT4,6s70,KYB,501,1,A,2761,N32,13.209,22.487,74.983,3.281,3.0,N,[H]/N=C(/N)\NCCCCCN(CCCN)C[C@@H]1[C@H]([C@H]([C@@H](O1)n2cnc3c2ncnc3N)O)O
PRMT4,6s70,KYB,501,1,A,2770,C26,15.518,17.864,76.459,1.208,7.0,C,[H]/N=C(/N)\NCCCCCN(CCCN)C[C@@H]1[C@H]([C@H]([C@@H](O1)n2cnc3c2ncnc3N)O)O
PRMT4,6s70,KYB,501,1,A,2772,C30,13.283,22.299,76.348,2.415,2.0,C,[H]/N=C(/N)\NCCCCCN(CCCN)C[C@@H]1[C@H]([C@H]([C@@H](O1)n2cnc3c2ncnc3N)O)O
PRMT4,6s70,KYB,501,1,A,2777,N14,12.976,10.665,80.583,3.281,23.0,N,[H]/N=C(/N)\NCCCCCN(CCCN)C[C@@H]1[C@H]([C@H]([C@@H](O1)n2cnc3c2ncnc3N)O)O
PRMT4,6s70,KYB,501,1,A,2781,N31,12.681,23.22,77.177,8.749,1.0,N,[H]/N=C(/N)\NCCCCCN(CCCN)C[C@@H]1[C@H]([C@H]([C@@H](O1)n2cnc3c2ncnc3N)O)O
PRMT4,6s70,KYB,501,1,B,2776,N32,-11.0,21.39,26.374,5.468,3.0,N,[H]/N=C(/N)\NCCCCCN(CCCN)C[C@@H]1[C@H]([C@H]([C@@H](O1)n2cnc3c2ncnc3N)O)O
PRMT4,6s70,KYB,501,1,B,2785,C26,-12.745,16.549,26.425,1.208,7.0,C,[H]/N=C(/N)\NCCCCCN(CCCN)C[C@@H]1[C@H]([C@H]([C@@H](O1)n2cnc3c2ncnc3N)O)O
PRMT4,6s70,KYB,501,1,B,2792,N14,-10.546,9.571,22.888,3.281,23.0,N,[H]/N=C(/N)\NCCCCCN(CCCN)C[C@@H]1[C@H]([C@H]([C@@H](O1)n2cnc3c2ncnc3N)O)O
PRMT4,6s70,KYB,501,1,B,2795,N29,-11.595,19.72,27.983,3.281,4.0,N,[H]/N=C(/N)\NCCCCCN(CCCN)C[C@@H]1[C@H]([C@H]([C@@H](O1)n2cnc3c2ncnc3N)O)O
PRMT4,6s70,KYB,501,1,B,2796,N31,-10.321,21.531,28.567,10.936,1.0,N,[H]/N=C(/N)\NCCCCCN(CCCN)C[C@@H]1[C@H]([C@H]([C@@H](O1)n2cnc3c2ncnc3N)O)O
PRMT4,6s70,KYB,501,1,C,2751,C22,-14.703,32.053,88.979,4.831,13.0,C,[H]/N=C(/N)\NCCCCCN(CCCN)C[C@@H]1[C@H]([C@H]([C@@H](O1)n2cnc3c2ncnc3N)O)O
PRMT4,6s70,KYB,501,1,C,2753,N32,-9.919,28.948,79.435,12.029,3.0,N,[H]/N=C(/N)\NCCCCCN(CCCN)C[C@@H]1[C@H]([C@H]([C@@H](O1)n2cnc3c2ncnc3N)O)O
PRMT4,6s70,KYB,501,1,C,2769,N14,-13.95,22.737,89.591,3.281,23.0,N,[H]/N=C(/N)\NCCCCCN(CCCN)C[C@@H]1[C@H]([C@H]([C@@H](O1)n2cnc3c2ncnc3N)O)O
PRMT4,6s70,KYB,501,1,C,2771,N23,-14.796,32.843,90.216,3.281,14.0,N,[H]/N=C(/N)\NCCCCCN(CCCN)C[C@@H]1[C@H]([C@H]([C@@H](O1)n2cnc3c2ncnc3N)O)O
PRMT4,6s70,KYB,501,1,C,2773,N31,-10.413,30.997,80.421,6.562,1.0,N,[H]/N=C(/N)\NCCCCCN(CCCN)C[C@@H]1[C@H]([C@H]([C@@H](O1)n2cnc3c2ncnc3N)O)O
PRMT4,6s70,KYB,501,1,D,2775,C22,15.46,33.661,13.844,1.208,13.0,C,[H]/N=C(/N)\NCCCCCN(CCCN)C[C@@H]1[C@H]([C@H]([C@@H](O1)n2cnc3c2ncnc3N)O)O
PRMT4,6s70,KYB,501,1,D,2777,N32,12.259,29.734,23.132,4.374,3.0,N,[H]/N=C(/N)\NCCCCCN(CCCN)C[C@@H]1[C@H]([C@H]([C@@H](O1)n2cnc3c2ncnc3N)O)O
PRMT4,6s70,KYB,501,1,D,2786,C26,14.923,30.142,19.379,1.208,7.0,C,[H]/N=C(/N)\NCCCCCN(CCCN)C[C@@H]1[C@H]([C@H]([C@@H](O1)n2cnc3c2ncnc3N)O)O
PRMT4,6s70,KYB,501,1,D,2788,C30,12.061,31.056,22.83,7.246,2.0,C,[H]/N=C(/N)\NCCCCCN(CCCN)C[C@@H]1[C@H]([C@H]([C@@H](O1)n2cnc3c2ncnc3N)O)O
PRMT4,6s70,KYB,501,1,D,2793,N14,15.919,23.887,13.629,2.187,23.0,N,[H]/N=C(/N)\NCCCCCN(CCCN)C[C@@H]1[C@H]([C@H]([C@@H](O1)n2cnc3c2ncnc3N)O)O
PRMT4,6s70,KYB,501,1,D,2796,N29,12.278,31.66,21.675,4.374,4.0,N,[H]/N=C(/N)\NCCCCCN(CCCN)C[C@@H]1[C@H]([C@H]([C@@H](O1)n2cnc3c2ncnc3N)O)O
PRMT4,6s70,KYB,501,1,D,2797,N31,11.611,31.868,23.807,13.123,1.0,N,[H]/N=C(/N)\NCCCCCN(CCCN)C[C@@H]1[C@H]([C@H]([C@@H](O1)n2cnc3c2ncnc3N)O)O
PRMT4,6s71,KYE,501,1,A,2782,N14,-10.539,9.629,-80.674,2.187,26.0,N,[H]/N=C(/N)\NCCCCCN(CC[C@@H](C(=O)O)N)C[C@@H]1[C@H]([C@H]([C@@H](O1)n2cnc3c2ncnc3N)O)O
PRMT4,6s71,KYE,501,1,A,2786,N34,-11.789,21.581,-76.907,1.094,1.0,N,[H]/N=C(/N)\NCCCCCN(CC[C@@H](C(=O)O)N)C[C@@H]1[C@H]([C@H]([C@@H](O1)n2cnc3c2ncnc3N)O)O
PRMT4,6s71,KYE,501,1,A,2787,N35,-9.782,20.652,-77.406,13.123,3.0,N,[H]/N=C(/N)\NCCCCCN(CC[C@@H](C(=O)O)N)C[C@@H]1[C@H]([C@H]([C@@H](O1)n2cnc3c2ncnc3N)O)O
PRMT4,6s71,KYE,501,1,B,2771,C29,15.822,18.085,-27.051,1.208,7.0,C,[H]/N=C(/N)\NCCCCCN(CC[C@@H](C(=O)O)N)C[C@@H]1[C@H]([C@H]([C@@H](O1)n2cnc3c2ncnc3N)O)O
PRMT4,6s71,KYE,501,1,B,2779,N14,13.195,10.812,-22.797,2.187,26.0,N,[H]/N=C(/N)\NCCCCCN(CC[C@@H](C(=O)O)N)C[C@@H]1[C@H]([C@H]([C@@H](O1)n2cnc3c2ncnc3N)O)O
PRMT4,6s71,KYE,501,1,B,2783,N34,13.656,23.686,-26.898,4.374,1.0,N,[H]/N=C(/N)\NCCCCCN(CC[C@@H](C(=O)O)N)C[C@@H]1[C@H]([C@H]([C@@H](O1)n2cnc3c2ncnc3N)O)O
PRMT4,6s71,KYE,501,1,B,2784,N35,12.612,22.138,-25.737,12.029,3.0,N,[H]/N=C(/N)\NCCCCCN(CC[C@@H](C(=O)O)N)C[C@@H]1[C@H]([C@H]([C@@H](O1)n2cnc3c2ncnc3N)O)O
PRMT4,6s71,KYE,501,1,C,2798,C29,14.751,30.535,-83.956,1.208,7.0,C,[H]/N=C(/N)\NCCCCCN(CC[C@@H](C(=O)O)N)C[C@@H]1[C@H]([C@H]([C@@H](O1)n2cnc3c2ncnc3N)O)O
PRMT4,6s71,KYE,501,1,C,2799,C30,13.996,31.47,-83.01,1.208,6.0,C,[H]/N=C(/N)\NCCCCCN(CC[C@@H](C(=O)O)N)C[C@@H]1[C@H]([C@H]([C@@H](O1)n2cnc3c2ncnc3N)O)O
PRMT4,6s71,KYE,501,1,C,2806,N14,16.117,23.889,-89.383,3.281,26.0,N,[H]/N=C(/N)\NCCCCCN(CC[C@@H](C(=O)O)N)C[C@@H]1[C@H]([C@H]([C@@H](O1)n2cnc3c2ncnc3N)O)O
PRMT4,6s71,KYE,501,1,C,2809,N32,12.262,31.284,-81.269,4.374,4.0,N,[H]/N=C(/N)\NCCCCCN(CC[C@@H](C(=O)O)N)C[C@@H]1[C@H]([C@H]([C@@H](O1)n2cnc3c2ncnc3N)O)O
PRMT4,6s71,KYE,501,1,C,2810,N34,12.234,30.015,-79.297,1.094,1.0,N,[H]/N=C(/N)\NCCCCCN(CC[C@@H](C(=O)O)N)C[C@@H]1[C@H]([C@H]([C@@H](O1)n2cnc3c2ncnc3N)O)O
PRMT4,6s71,KYE,501,1,C,2811,N35,10.517,31.399,-79.829,21.872,3.0,N,[H]/N=C(/N)\NCCCCCN(CC[C@@H](C(=O)O)N)C[C@@H]1[C@H]([C@H]([C@@H](O1)n2cnc3c2ncnc3N)O)O
PRMT4,6s71,KYE,501,1,D,2765,C30,-12.326,29.698,-20.348,4.831,6.0,C,[H]/N=C(/N)\NCCCCCN(CC[C@@H](C(=O)O)N)C[C@@H]1[C@H]([C@H]([C@@H](O1)n2cnc3c2ncnc3N)O)O
PRMT4,6s71,KYE,501,1,D,2772,N14,-14.107,22.675,-13.908,3.281,26.0,N,[H]/N=C(/N)\NCCCCCN(CC[C@@H](C(=O)O)N)C[C@@H]1[C@H]([C@H]([C@@H](O1)n2cnc3c2ncnc3N)O)O
PRMT4,6s71,KYE,501,1,D,2775,N32,-11.711,31.585,-21.894,9.842,4.0,N,[H]/N=C(/N)\NCCCCCN(CC[C@@H](C(=O)O)N)C[C@@H]1[C@H]([C@H]([C@@H](O1)n2cnc3c2ncnc3N)O)O
PRMT4,6s71,KYE,501,1,D,2777,N35,-10.818,33.54,-22.654,6.562,3.0,N,[H]/N=C(/N)\NCCCCCN(CC[C@@H](C(=O)O)N)C[C@@H]1[C@H]([C@H]([C@@H](O1)n2cnc3c2ncnc3N)O)O
PRMT4,6s74,KY8,501,1,A,2789,C21,14.655,14.354,72.933,2.415,12.0,C,c1cnc(nc1)NCCCN(CCCN)C[C@@H]2[C@H]([C@H]([C@@H](O2)n3cnc4c3ncnc4N)O)O
PRMT4,6s74,KY8,501,1,A,2791,C22,15.745,13.629,71.971,2.415,13.0,C,c1cnc(nc1)NCCCN(CCCN)C[C@@H]2[C@H]([C@H]([C@@H](O2)n3cnc4c3ncnc4N)O)O
PRMT4,6s74,KY8,501,1,A,2799,C28,14.566,20.652,76.688,1.208,3.0,C,c1cnc(nc1)NCCCN(CCCN)C[C@@H]2[C@H]([C@H]([C@@H](O2)n3cnc4c3ncnc4N)O)O
PRMT4,6s74,KY8,501,1,A,2801,C30,14.083,23.032,75.905,4.831,1.0,C,c1cnc(nc1)NCCCN(CCCN)C[C@@H]2[C@H]([C@H]([C@@H](O2)n3cnc4c3ncnc4N)O)O
PRMT4,6s74,KY8,501,1,A,2803,C31,13.731,23.37,77.27,3.623,0.0,C,c1cnc(nc1)NCCCN(CCCN)C[C@@H]2[C@H]([C@H]([C@@H](O2)n3cnc4c3ncnc4N)O)O
PRMT4,6s74,KY8,501,1,A,2805,C32,13.81,22.368,78.312,3.623,5.0,C,c1cnc(nc1)NCCCN(CCCN)C[C@@H]2[C@H]([C@H]([C@@H](O2)n3cnc4c3ncnc4N)O)O
PRMT4,6s74,KY8,501,1,A,2813,N14,12.952,10.958,80.708,3.281,23.0,N,c1cnc(nc1)NCCCN(CCCN)C[C@@H]2[C@H]([C@H]([C@@H](O2)n3cnc4c3ncnc4N)O)O
PRMT4,6s74,KY8,501,1,A,2817,N23,16.951,14.457,71.759,8.749,14.0,N,c1cnc(nc1)NCCCN(CCCN)C[C@@H]2[C@H]([C@H]([C@@H](O2)n3cnc4c3ncnc4N)O)O
PRMT4,6s74,KY8,501,1,B,2793,N14,-10.555,10.117,23.093,1.094,23.0,N,c1cnc(nc1)NCCCN(CCCN)C[C@@H]2[C@H]([C@H]([C@@H](O2)n3cnc4c3ncnc4N)O)O
PRMT4,6s74,KY8,501,1,B,2797,N23,-13.431,18.746,27.168,5.468,14.0,N,c1cnc(nc1)NCCCN(CCCN)C[C@@H]2[C@H]([C@H]([C@@H](O2)n3cnc4c3ncnc4N)O)O
PRMT4,6s74,KY8,501,1,B,2799,N27,-14.54,13.085,32.13,1.094,6.0,N,c1cnc(nc1)NCCCN(CCCN)C[C@@H]2[C@H]([C@H]([C@@H](O2)n3cnc4c3ncnc4N)O)O
PRMT4,6s74,KY8,501,1,C,2789,C22,-14.989,33.078,89.986,2.415,13.0,C,c1cnc(nc1)NCCCN(CCCN)C[C@@H]2[C@H]([C@H]([C@@H](O2)n3cnc4c3ncnc4N)O)O
PRMT4,6s74,KY8,501,1,C,2791,C25,-13.407,29.462,85.621,1.208,8.0,C,c1cnc(nc1)NCCCN(CCCN)C[C@@H]2[C@H]([C@H]([C@@H](O2)n3cnc4c3ncnc4N)O)O
PRMT4,6s74,KY8,501,1,C,2793,C28,-12.412,30.032,82.137,1.208,3.0,C,c1cnc(nc1)NCCCN(CCCN)C[C@@H]2[C@H]([C@H]([C@@H](O2)n3cnc4c3ncnc4N)O)O
PRMT4,6s74,KY8,501,1,C,2794,C30,-11.155,30.052,79.951,6.038,1.0,C,c1cnc(nc1)NCCCN(CCCN)C[C@@H]2[C@H]([C@H]([C@@H](O2)n3cnc4c3ncnc4N)O)O
PRMT4,6s74,KY8,501,1,C,2795,C31,-11.159,31.524,79.945,7.246,0.0,C,c1cnc(nc1)NCCCN(CCCN)C[C@@H]2[C@H]([C@H]([C@@H](O2)n3cnc4c3ncnc4N)O)O
PRMT4,6s74,KY8,501,1,C,2796,C32,-11.792,32.221,81.047,3.623,5.0,C,c1cnc(nc1)NCCCN(CCCN)C[C@@H]2[C@H]([C@H]([C@@H](O2)n3cnc4c3ncnc4N)O)O
PRMT4,6s74,KY8,501,1,C,2800,N14,-14.236,23.099,89.818,2.187,23.0,N,c1cnc(nc1)NCCCN(CCCN)C[C@@H]2[C@H]([C@H]([C@@H](O2)n3cnc4c3ncnc4N)O)O
PRMT4,6s74,KY8,501,1,C,2802,N23,-15.166,34.103,88.873,12.029,14.0,N,c1cnc(nc1)NCCCN(CCCN)C[C@@H]2[C@H]([C@H]([C@@H](O2)n3cnc4c3ncnc4N)O)O
PRMT4,6s74,KY8,501,1,D,2766,C21,14.48,32.933,14.602,1.208,12.0,C,c1cnc(nc1)NCCCN(CCCN)C[C@@H]2[C@H]([C@H]([C@@H](O2)n3cnc4c3ncnc4N)O)O
PRMT4,6s74,KY8,501,1,D,2767,C22,15.179,33.846,13.501,2.415,13.0,C,c1cnc(nc1)NCCCN(CCCN)C[C@@H]2[C@H]([C@H]([C@@H](O2)n3cnc4c3ncnc4N)O)O
PRMT4,6s74,KY8,501,1,D,2770,C26,14.994,31.078,19.528,1.208,7.0,C,c1cnc(nc1)NCCCN(CCCN)C[C@@H]2[C@H]([C@H]([C@@H](O2)n3cnc4c3ncnc4N)O)O
PRMT4,6s74,KY8,501,1,D,2772,C30,12.428,30.846,23.744,3.623,1.0,C,c1cnc(nc1)NCCCN(CCCN)C[C@@H]2[C@H]([C@H]([C@@H](O2)n3cnc4c3ncnc4N)O)O
PRMT4,6s74,KY8,501,1,D,2773,C31,12.011,32.241,23.617,9.661,0.0,C,c1cnc(nc1)NCCCN(CCCN)C[C@@H]2[C@H]([C@H]([C@@H](O2)n3cnc4c3ncnc4N)O)O
PRMT4,6s74,KY8,501,1,D,2774,C32,12.427,33.022,22.479,3.623,5.0,C,c1cnc(nc1)NCCCN(CCCN)C[C@@H]2[C@H]([C@H]([C@@H](O2)n3cnc4c3ncnc4N)O)O
PRMT4,6s74,KY8,501,1,D,2778,N14,16.186,24.152,13.923,2.187,23.0,N,c1cnc(nc1)NCCCN(CCCN)C[C@@H]2[C@H]([C@H]([C@@H](O2)n3cnc4c3ncnc4N)O)O
PRMT4,6s77,KXW,501,1,A,2767,C32,-12.814,19.893,-76.715,1.208,5.0,C,c1ccnc(c1)NCCCN(CC[C@@H](C(=O)O)N)C[C@@H]2[C@H]([C@H]([C@@H](O2)n3cnc4c3ncnc4N)O)O
PRMT4,6s77,KXW,501,1,A,2768,C33,-12.764,21.274,-76.812,3.623,0.0,C,c1ccnc(c1)NCCCN(CC[C@@H](C(=O)O)N)C[C@@H]2[C@H]([C@H]([C@@H](O2)n3cnc4c3ncnc4N)O)O
PRMT4,6s77,KXW,501,1,A,2769,C34,-12.13,21.825,-77.909,3.623,1.0,C,c1ccnc(c1)NCCCN(CC[C@@H](C(=O)O)N)C[C@@H]2[C@H]([C@H]([C@@H](O2)n3cnc4c3ncnc4N)O)O
PRMT4,6s77,KXW,501,1,A,2770,C35,-11.555,21.014,-78.896,6.038,2.0,C,c1ccnc(c1)NCCCN(CC[C@@H](C(=O)O)N)C[C@@H]2[C@H]([C@H]([C@@H](O2)n3cnc4c3ncnc4N)O)O
PRMT4,6s77,KXW,501,1,A,2775,N14,-10.525,9.838,-80.99,2.187,26.0,N,c1ccnc(c1)NCCCN(CC[C@@H](C(=O)O)N)C[C@@H]2[C@H]([C@H]([C@@H](O2)n3cnc4c3ncnc4N)O)O
PRMT4,6s77,KXW,501,1,A,2778,N30,-12.259,17.706,-77.627,2.187,6.0,N,c1ccnc(c1)NCCCN(CC[C@@H](C(=O)O)N)C[C@@H]2[C@H]([C@H]([C@@H](O2)n3cnc4c3ncnc4N)O)O
PRMT4,6s77,KXW,501,1,B,2767,C32,14.948,20.94,-27.173,1.208,5.0,C,c1ccnc(c1)NCCCN(CC[C@@H](C(=O)O)N)C[C@@H]2[C@H]([C@H]([C@@H](O2)n3cnc4c3ncnc4N)O)O
PRMT4,6s77,KXW,501,1,B,2768,C33,14.759,22.313,-27.079,2.415,0.0,C,c1ccnc(c1)NCCCN(CC[C@@H](C(=O)O)N)C[C@@H]2[C@H]([C@H]([C@@H](O2)n3cnc4c3ncnc4N)O)O
PRMT4,6s77,KXW,501,1,B,2769,C34,14.004,22.838,-26.029,3.623,1.0,C,c1ccnc(c1)NCCCN(CC[C@@H](C(=O)O)N)C[C@@H]2[C@H]([C@H]([C@@H](O2)n3cnc4c3ncnc4N)O)O
PRMT4,6s77,KXW,501,1,B,2770,C35,13.448,21.972,-25.091,2.415,2.0,C,c1ccnc(c1)NCCCN(CC[C@@H](C(=O)O)N)C[C@@H]2[C@H]([C@H]([C@@H](O2)n3cnc4c3ncnc4N)O)O
PRMT4,6s77,KXW,501,1,B,2775,N14,13.042,10.79,-22.773,2.187,26.0,N,c1ccnc(c1)NCCCN(CC[C@@H](C(=O)O)N)C[C@@H]2[C@H]([C@H]([C@@H](O2)n3cnc4c3ncnc4N)O)O
PRMT4,6s77,KXW,501,1,B,2778,N30,14.517,18.667,-26.273,3.281,6.0,N,c1ccnc(c1)NCCCN(CC[C@@H](C(=O)O)N)C[C@@H]2[C@H]([C@H]([C@@H](O2)n3cnc4c3ncnc4N)O)O
PRMT4,6s77,KXW,501,1,D,2772,C29,-13.555,28.727,-19.815,1.208,7.0,C,c1ccnc(c1)NCCCN(CC[C@@H](C(=O)O)N)C[C@@H]2[C@H]([C@H]([C@@H](O2)n3cnc4c3ncnc4N)O)O
PRMT4,6s77,KXW,501,1,D,2773,C31,-12.621,29.88,-21.85,1.208,4.0,C,c1ccnc(c1)NCCCN(CC[C@@H](C(=O)O)N)C[C@@H]2[C@H]([C@H]([C@@H](O2)n3cnc4c3ncnc4N)O)O
PRMT4,6s77,KXW,501,1,D,2775,C33,-11.719,30.95,-23.8,2.415,0.0,C,c1ccnc(c1)NCCCN(CC[C@@H](C(=O)O)N)C[C@@H]2[C@H]([C@H]([C@@H](O2)n3cnc4c3ncnc4N)O)O
PRMT4,6s77,KXW,501,1,D,2776,C34,-11.097,29.749,-24.095,3.623,1.0,C,c1ccnc(c1)NCCCN(CC[C@@H](C(=O)O)N)C[C@@H]2[C@H]([C@H]([C@@H](O2)n3cnc4c3ncnc4N)O)O
PRMT4,6s77,KXW,501,1,D,2777,C35,-11.263,28.657,-23.235,4.831,2.0,C,c1ccnc(c1)NCCCN(CC[C@@H](C(=O)O)N)C[C@@H]2[C@H]([C@H]([C@@H](O2)n3cnc4c3ncnc4N)O)O
PRMT4,6s77,KXW,501,1,D,2782,N14,-14.196,23.002,-14.267,3.281,26.0,N,c1ccnc(c1)NCCCN(CC[C@@H](C(=O)O)N)C[C@@H]2[C@H]([C@H]([C@@H](O2)n3cnc4c3ncnc4N)O)O
PRMT4,6s77,KXW,501,1,C,2773,C31,13.954,30.243,-82.231,1.208,4.0,C,c1ccnc(c1)NCCCN(CC[C@@H](C(=O)O)N)C[C@@H]2[C@H]([C@H]([C@@H](O2)n3cnc4c3ncnc4N)O)O
PRMT4,6s77,KXW,501,1,C,2774,C32,13.958,31.551,-81.746,2.415,5.0,C,c1ccnc(c1)NCCCN(CC[C@@H](C(=O)O)N)C[C@@H]2[C@H]([C@H]([C@@H](O2)n3cnc4c3ncnc4N)O)O
PRMT4,6s77,KXW,501,1,C,2775,C33,13.271,31.844,-80.572,9.661,0.0,C,c1ccnc(c1)NCCCN(CC[C@@H](C(=O)O)N)C[C@@H]2[C@H]([C@H]([C@@H](O2)n3cnc4c3ncnc4N)O)O
PRMT4,6s77,KXW,501,1,C,2776,C34,12.599,30.815,-79.939,4.831,1.0,C,c1ccnc(c1)NCCCN(CC[C@@H](C(=O)O)N)C[C@@H]2[C@H]([C@H]([C@@H](O2)n3cnc4c3ncnc4N)O)O
PRMT4,6s77,KXW,501,1,C,2777,C35,12.647,29.52,-80.477,4.831,2.0,C,c1ccnc(c1)NCCCN(CC[C@@H](C(=O)O)N)C[C@@H]2[C@H]([C@H]([C@@H](O2)n3cnc4c3ncnc4N)O)O
PRMT4,6s77,KXW,501,1,C,2782,N14,16.135,24.098,-89.641,2.187,26.0,N,c1ccnc(c1)NCCCN(CC[C@@H](C(=O)O)N)C[C@@H]2[C@H]([C@H]([C@@H](O2)n3cnc4c3ncnc4N)O)O
PRMT4,6s77,KXW,501,1,C,2785,N30,14.682,29.931,-83.477,2.187,6.0,N,c1ccnc(c1)NCCCN(CC[C@@H](C(=O)O)N)C[C@@H]2[C@H]([C@H]([C@@H](O2)n3cnc4c3ncnc4N)O)O
PRMT4,6s79,KXW,501,1,A,2755,C20,-21.948,18.077,-14.828,1.208,11.0,C,c1ccnc(c1)NCCCN(CC[C@@H](C(=O)O)N)C[C@@H]2[C@H]([C@H]([C@@H](O2)n3cnc4c3ncnc4N)O)O
PRMT4,6s79,KXW,501,1,A,2762,C31,-24.091,18.434,-21.897,1.208,4.0,C,c1ccnc(c1)NCCCN(CC[C@@H](C(=O)O)N)C[C@@H]2[C@H]([C@H]([C@@H](O2)n3cnc4c3ncnc4N)O)O
PRMT4,6s79,KXW,501,1,A,2763,C32,-23.836,17.068,-22.038,3.623,5.0,C,c1ccnc(c1)NCCCN(CC[C@@H](C(=O)O)N)C[C@@H]2[C@H]([C@H]([C@@H](O2)n3cnc4c3ncnc4N)O)O
PRMT4,6s79,KXW,501,1,A,2764,C33,-24.232,16.45,-23.223,3.623,0.0,C,c1ccnc(c1)NCCCN(CC[C@@H](C(=O)O)N)C[C@@H]2[C@H]([C@H]([C@@H](O2)n3cnc4c3ncnc4N)O)O
PRMT4,6s79,KXW,501,1,A,2765,C34,-24.864,17.222,-24.195,3.623,1.0,C,c1ccnc(c1)NCCCN(CC[C@@H](C(=O)O)N)C[C@@H]2[C@H]([C@H]([C@@H](O2)n3cnc4c3ncnc4N)O)O
PRMT4,6s79,KXW,501,1,A,2766,C35,-25.085,18.585,-23.972,4.831,2.0,C,c1ccnc(c1)NCCCN(CC[C@@H](C(=O)O)N)C[C@@H]2[C@H]([C@H]([C@@H](O2)n3cnc4c3ncnc4N)O)O
PRMT4,6s79,KXW,501,1,A,2771,N14,-21.668,25.504,-13.91,1.094,26.0,N,c1ccnc(c1)NCCCN(CC[C@@H](C(=O)O)N)C[C@@H]2[C@H]([C@H]([C@@H](O2)n3cnc4c3ncnc4N)O)O
PRMT4,6s79,KXW,501,1,A,2775,N36,-24.685,19.144,-22.843,2.187,3.0,N,c1ccnc(c1)NCCCN(CC[C@@H](C(=O)O)N)C[C@@H]2[C@H]([C@H]([C@@H](O2)n3cnc4c3ncnc4N)O)O
PRMT4,6s79,KXW,501,1,A,2776,O01,-25.215,20.323,-12.561,1.071,35.0,O,c1ccnc(c1)NCCCN(CC[C@@H](C(=O)O)N)C[C@@H]2[C@H]([C@H]([C@@H](O2)n3cnc4c3ncnc4N)O)O
PRMT4,6s79,KXW,501,1,B,2782,C31,-50.452,19.129,-82.208,1.208,4.0,C,c1ccnc(c1)NCCCN(CC[C@@H](C(=O)O)N)C[C@@H]2[C@H]([C@H]([C@@H](O2)n3cnc4c3ncnc4N)O)O
PRMT4,6s79,KXW,501,1,B,2783,C32,-50.474,17.873,-81.58,8.453,5.0,C,c1ccnc(c1)NCCCN(CC[C@@H](C(=O)O)N)C[C@@H]2[C@H]([C@H]([C@@H](O2)n3cnc4c3ncnc4N)O)O
PRMT4,6s79,KXW,501,1,B,2784,C33,-49.879,17.76,-80.328,4.831,0.0,C,c1ccnc(c1)NCCCN(CC[C@@H](C(=O)O)N)C[C@@H]2[C@H]([C@H]([C@@H](O2)n3cnc4c3ncnc4N)O)O
PRMT4,6s79,KXW,501,1,B,2785,C34,-49.292,18.888,-79.769,3.623,1.0,C,c1ccnc(c1)NCCCN(CC[C@@H](C(=O)O)N)C[C@@H]2[C@H]([C@H]([C@@H](O2)n3cnc4c3ncnc4N)O)O
PRMT4,6s79,KXW,501,1,B,2786,C35,-49.314,20.099,-80.456,7.246,2.0,C,c1ccnc(c1)NCCCN(CC[C@@H](C(=O)O)N)C[C@@H]2[C@H]([C@H]([C@@H](O2)n3cnc4c3ncnc4N)O)O
PRMT4,6s79,KXW,501,1,B,2791,N14,-51.941,26.636,-89.88,5.468,26.0,N,c1ccnc(c1)NCCCN(CC[C@@H](C(=O)O)N)C[C@@H]2[C@H]([C@H]([C@@H](O2)n3cnc4c3ncnc4N)O)O
PRMT4,6s79,KXW,501,1,C,2798,C28,-22.387,32.251,-76.487,1.208,,,c1ccnc(c1)NCCCN(CC[C@@H](C(=O)O)N)C[C@@H]2[C@H]([C@H]([C@@H](O2)n3cnc4c3ncnc4N)O)O
PRMT4,6s79,KXW,501,1,C,2802,C31,-23.15,28.51,-77.174,1.208,0.0,C,c1ccnc(c1)NCCCN(CC[C@@H](C(=O)O)N)C[C@@H]2[C@H]([C@H]([C@@H](O2)n3cnc4c3ncnc4N)O)O
PRMT4,6s79,KXW,501,1,C,2804,C32,-23.811,27.841,-78.222,2.415,1.0,C,c1ccnc(c1)NCCCN(CC[C@@H](C(=O)O)N)C[C@@H]2[C@H]([C@H]([C@@H](O2)n3cnc4c3ncnc4N)O)O
PRMT4,6s79,KXW,501,1,C,2806,C33,-23.918,26.446,-78.172,6.038,2.0,C,c1ccnc(c1)NCCCN(CC[C@@H](C(=O)O)N)C[C@@H]2[C@H]([C@H]([C@@H](O2)n3cnc4c3ncnc4N)O)O
PRMT4,6s79,KXW,501,1,C,2808,C34,-23.355,25.786,-77.076,6.038,,,c1ccnc(c1)NCCCN(CC[C@@H](C(=O)O)N)C[C@@H]2[C@H]([C@H]([C@@H](O2)n3cnc4c3ncnc4N)O)O
PRMT4,6s79,KXW,501,1,C,2810,C35,-22.709,26.527,-76.069,9.661,,,c1ccnc(c1)NCCCN(CC[C@@H](C(=O)O)N)C[C@@H]2[C@H]([C@H]([C@@H](O2)n3cnc4c3ncnc4N)O)O
PRMT4,6s79,KXW,501,1,C,2820,N14,-24.586,38.562,-81.234,1.094,,,c1ccnc(c1)NCCCN(CC[C@@H](C(=O)O)N)C[C@@H]2[C@H]([C@H]([C@@H](O2)n3cnc4c3ncnc4N)O)O
PRMT4,6s79,KXW,501,1,C,2828,N36,-22.622,27.855,-76.148,1.094,,,c1ccnc(c1)NCCCN(CC[C@@H](C(=O)O)N)C[C@@H]2[C@H]([C@H]([C@@H](O2)n3cnc4c3ncnc4N)O)O
PRMT4,6s79,KXW,501,1,D,2786,C31,-50.303,29.618,-27.125,1.208,0.0,C,c1ccnc(c1)NCCCN(CC[C@@H](C(=O)O)N)C[C@@H]2[C@H]([C@H]([C@@H](O2)n3cnc4c3ncnc4N)O)O
PRMT4,6s79,KXW,501,1,D,2788,C32,-50.745,28.473,-27.817,8.453,1.0,C,c1ccnc(c1)NCCCN(CC[C@@H](C(=O)O)N)C[C@@H]2[C@H]([C@H]([C@@H](O2)n3cnc4c3ncnc4N)O)O
PRMT4,6s79,KXW,501,1,D,2790,C33,-50.46,27.212,-27.267,4.831,2.0,C,c1ccnc(c1)NCCCN(CC[C@@H](C(=O)O)N)C[C@@H]2[C@H]([C@H]([C@@H](O2)n3cnc4c3ncnc4N)O)O
PRMT4,6s79,KXW,501,1,D,2792,C34,-49.751,27.161,-26.06,3.623,,,c1ccnc(c1)NCCCN(CC[C@@H](C(=O)O)N)C[C@@H]2[C@H]([C@H]([C@@H](O2)n3cnc4c3ncnc4N)O)O
PRMT4,6s79,KXW,501,1,D,2794,C35,-49.342,28.356,-25.436,8.453,,,c1ccnc(c1)NCCCN(CC[C@@H](C(=O)O)N)C[C@@H]2[C@H]([C@H]([C@@H](O2)n3cnc4c3ncnc4N)O)O
PRMT4,6s79,KXW,501,1,D,2804,N14,-48.372,39.591,-22.806,3.281,26.0,N,c1ccnc(c1)NCCCN(CC[C@@H](C(=O)O)N)C[C@@H]2[C@H]([C@H]([C@@H](O2)n3cnc4c3ncnc4N)O)O
PRMT4,6s7a,KY5,501,1,A,2757,C22,-13.382,16.547,-76.831,1.208,13.0,C,c1ccnc(c1)NCCCN(CCCN)C[C@@H]2[C@H]([C@H]([C@@H](O2)n3cnc4c3ncnc4N)O)O
PRMT4,6s7a,KY5,501,1,A,2763,C30,-16.37,16.009,-69.54,1.208,0.0,C,c1ccnc(c1)NCCCN(CCCN)C[C@@H]2[C@H]([C@H]([C@@H](O2)n3cnc4c3ncnc4N)O)O
PRMT4,6s7a,KY5,501,1,A,2770,N14,-10.669,9.753,-80.885,3.281,23.0,N,c1ccnc(c1)NCCCN(CCCN)C[C@@H]2[C@H]([C@H]([C@@H](O2)n3cnc4c3ncnc4N)O)O
PRMT4,6s7a,KY5,501,1,A,2772,N23,-13.167,17.932,-76.453,5.468,14.0,N,c1ccnc(c1)NCCCN(CCCN)C[C@@H]2[C@H]([C@H]([C@@H](O2)n3cnc4c3ncnc4N)O)O
PRMT4,6s7a,KY5,501,1,B,2783,C22,14.583,18.28,-27.461,4.831,13.0,C,c1ccnc(c1)NCCCN(CCCN)C[C@@H]2[C@H]([C@H]([C@@H](O2)n3cnc4c3ncnc4N)O)O
PRMT4,6s7a,KY5,501,1,B,2796,N14,13.12,10.818,-22.942,2.187,23.0,N,c1ccnc(c1)NCCCN(CCCN)C[C@@H]2[C@H]([C@H]([C@@H](O2)n3cnc4c3ncnc4N)O)O
PRMT4,6s7a,KY5,501,1,C,2763,C22,14.021,30.305,-84.459,3.623,13.0,C,c1ccnc(c1)NCCCN(CCCN)C[C@@H]2[C@H]([C@H]([C@@H](O2)n3cnc4c3ncnc4N)O)O
PRMT4,6s7a,KY5,501,1,C,2776,N14,15.983,23.721,-89.823,2.187,23.0,N,c1ccnc(c1)NCCCN(CCCN)C[C@@H]2[C@H]([C@H]([C@@H](O2)n3cnc4c3ncnc4N)O)O
PRMT4,6s7a,KY5,501,1,C,2778,N23,15.097,30.226,-83.493,1.094,14.0,N,c1ccnc(c1)NCCCN(CCCN)C[C@@H]2[C@H]([C@H]([C@@H](O2)n3cnc4c3ncnc4N)O)O
PRMT4,6s7a,KY5,501,1,D,2762,C21,-14.101,31.193,-14.892,1.208,12.0,C,c1ccnc(c1)NCCCN(CCCN)C[C@@H]2[C@H]([C@H]([C@@H](O2)n3cnc4c3ncnc4N)O)O
PRMT4,6s7a,KY5,501,1,D,2763,C22,-14.179,32.373,-13.872,4.831,13.0,C,c1ccnc(c1)NCCCN(CCCN)C[C@@H]2[C@H]([C@H]([C@@H](O2)n3cnc4c3ncnc4N)O)O
PRMT4,6s7a,KY5,501,1,D,2768,C29,-11.463,28.688,-23.097,1.208,5.0,C,c1ccnc(c1)NCCCN(CCCN)C[C@@H]2[C@H]([C@H]([C@@H](O2)n3cnc4c3ncnc4N)O)O
PRMT4,6s7a,KY5,501,1,D,2769,C30,-10.693,29.278,-24.205,4.831,0.0,C,c1ccnc(c1)NCCCN(CCCN)C[C@@H]2[C@H]([C@H]([C@@H](O2)n3cnc4c3ncnc4N)O)O
PRMT4,6s7a,KY5,501,1,D,2770,C31,-10.402,30.731,-24.214,6.038,1.0,C,c1ccnc(c1)NCCCN(CCCN)C[C@@H]2[C@H]([C@H]([C@@H](O2)n3cnc4c3ncnc4N)O)O
PRMT4,6s7a,KY5,501,1,D,2771,C32,-10.902,31.564,-23.067,3.623,2.0,C,c1ccnc(c1)NCCCN(CCCN)C[C@@H]2[C@H]([C@H]([C@@H](O2)n3cnc4c3ncnc4N)O)O
PRMT4,6s7a,KY5,501,1,D,2776,N14,-14.076,22.642,-14.006,2.187,23.0,N,c1ccnc(c1)NCCCN(CCCN)C[C@@H]2[C@H]([C@H]([C@@H](O2)n3cnc4c3ncnc4N)O)O
PRMT4,6s7a,KY5,501,1,D,2778,N23,-15.532,32.903,-13.834,4.374,14.0,N,c1ccnc(c1)NCCCN(CCCN)C[C@@H]2[C@H]([C@H]([C@@H](O2)n3cnc4c3ncnc4N)O)O
PRMT4,6s7a,KY5,501,1,D,2779,N27,-12.65,28.821,-21.03,1.094,6.0,N,c1ccnc(c1)NCCCN(CCCN)C[C@@H]2[C@H]([C@H]([C@@H](O2)n3cnc4c3ncnc4N)O)O
PRMT4,6s7b,KYH,501,1,A,2772,C27,-23.079,19.462,-26.143,2.415,5.0,C,[H]/N=C(\N)/NCCCCN(CCCN)C[C@@H]1[C@H]([C@H]([C@@H](O1)n2cnc3c2ncnc3N)O)O
PRMT4,6s7b,KYH,501,1,A,2781,C29,-23.974,21.643,-27.078,1.208,2.0,C,[H]/N=C(\N)/NCCCCN(CCCN)C[C@@H]1[C@H]([C@H]([C@@H](O1)n2cnc3c2ncnc3N)O)O
PRMT4,6s7b,KYH,501,1,A,2786,N14,-24.763,10.839,-23.327,1.094,22.0,N,[H]/N=C(\N)/NCCCCN(CCCN)C[C@@H]1[C@H]([C@H]([C@@H](O1)n2cnc3c2ncnc3N)O)O
PRMT4,6s7b,KYH,501,1,A,2788,N23,-21.076,13.679,-31.994,1.094,13.0,N,[H]/N=C(\N)/NCCCCN(CCCN)C[C@@H]1[C@H]([C@H]([C@@H](O1)n2cnc3c2ncnc3N)O)O
PRMT4,6s7b,KYH,501,1,A,2789,N30,-23.929,22.99,-27.045,6.562,1.0,N,[H]/N=C(\N)/NCCCCN(CCCN)C[C@@H]1[C@H]([C@H]([C@@H](O1)n2cnc3c2ncnc3N)O)O
PRMT4,6s7b,KYH,501,1,A,2790,N31,-24.802,21.03,-27.913,4.374,3.0,N,[H]/N=C(\N)/NCCCCN(CCCN)C[C@@H]1[C@H]([C@H]([C@@H](O1)n2cnc3c2ncnc3N)O)O
PRMT4,6s7b,KYH,501,1,B,2754,C22,-50.113,13.326,-72.687,2.415,12.0,C,[H]/N=C(\N)/NCCCCN(CCCN)C[C@@H]1[C@H]([C@H]([C@@H](O1)n2cnc3c2ncnc3N)O)O
PRMT4,6s7b,KYH,501,1,B,2767,C26,-50.528,17.721,-77.643,1.208,6.0,C,[H]/N=C(\N)/NCCCCN(CCCN)C[C@@H]1[C@H]([C@H]([C@@H](O1)n2cnc3c2ncnc3N)O)O
PRMT4,6s7b,KYH,501,1,B,2773,N14,-48.266,10.047,-81.007,1.094,22.0,N,[H]/N=C(\N)/NCCCCN(CCCN)C[C@@H]1[C@H]([C@H]([C@@H](O1)n2cnc3c2ncnc3N)O)O
PRMT4,6s7b,KYH,501,1,B,2775,N23,-51.291,14.216,-72.484,1.094,13.0,N,[H]/N=C(\N)/NCCCCN(CCCN)C[C@@H]1[C@H]([C@H]([C@@H](O1)n2cnc3c2ncnc3N)O)O
PRMT4,6s7b,KYH,501,1,B,2776,N30,-48.592,21.018,-76.389,6.562,1.0,N,[H]/N=C(\N)/NCCCCN(CCCN)C[C@@H]1[C@H]([C@H]([C@@H](O1)n2cnc3c2ncnc3N)O)O
PRMT4,6s7b,KYH,501,1,B,2777,N31,-49.246,22.259,-78.222,4.374,3.0,N,[H]/N=C(\N)/NCCCCN(CCCN)C[C@@H]1[C@H]([C@H]([C@@H](O1)n2cnc3c2ncnc3N)O)O
PRMT4,6s7b,KYH,501,1,C,2746,C17,-50.558,28.189,-14.202,1.208,15.0,C,[H]/N=C(\N)/NCCCCN(CCCN)C[C@@H]1[C@H]([C@H]([C@@H](O1)n2cnc3c2ncnc3N)O)O
PRMT4,6s7b,KYH,501,1,C,2755,N28,-50.214,31.209,-21.756,2.187,4.0,N,[H]/N=C(\N)/NCCCCN(CCCN)C[C@@H]1[C@H]([C@H]([C@@H](O1)n2cnc3c2ncnc3N)O)O
PRMT4,6s7b,KYH,501,1,C,2762,C26,-50.961,29.453,-20.026,1.208,6.0,C,[H]/N=C(\N)/NCCCCN(CCCN)C[C@@H]1[C@H]([C@H]([C@@H](O1)n2cnc3c2ncnc3N)O)O
PRMT4,6s7b,KYH,501,1,C,2768,N14,-51.861,23.109,-14.07,3.281,22.0,N,[H]/N=C(\N)/NCCCCN(CCCN)C[C@@H]1[C@H]([C@H]([C@@H](O1)n2cnc3c2ncnc3N)O)O
PRMT4,6s7b,KYH,501,1,C,2770,N23,-53.227,33.561,-14.846,5.468,13.0,N,[H]/N=C(\N)/NCCCCN(CCCN)C[C@@H]1[C@H]([C@H]([C@@H](O1)n2cnc3c2ncnc3N)O)O
PRMT4,6s7b,KYH,501,1,C,2771,N30,-49.149,29.396,-22.839,3.281,1.0,N,[H]/N=C(\N)/NCCCCN(CCCN)C[C@@H]1[C@H]([C@H]([C@@H](O1)n2cnc3c2ncnc3N)O)O
PRMT4,6s7b,KYH,501,1,C,2772,N31,-48.27,31.479,-22.988,14.217,3.0,N,[H]/N=C(\N)/NCCCCN(CCCN)C[C@@H]1[C@H]([C@H]([C@@H](O1)n2cnc3c2ncnc3N)O)O
PRMT4,6s7b,KYH,501,1,D,2749,C22,-22.378,33.993,-89.594,1.208,12.0,C,[H]/N=C(\N)/NCCCCN(CCCN)C[C@@H]1[C@H]([C@H]([C@@H](O1)n2cnc3c2ncnc3N)O)O
PRMT4,6s7b,KYH,501,1,D,2762,C26,-22.684,30.661,-84.569,1.208,6.0,C,[H]/N=C(\N)/NCCCCN(CCCN)C[C@@H]1[C@H]([C@H]([C@@H](O1)n2cnc3c2ncnc3N)O)O
PRMT4,6s7b,KYH,501,1,D,2763,C29,-24.916,31.417,-81.553,1.208,2.0,C,[H]/N=C(\N)/NCCCCN(CCCN)C[C@@H]1[C@H]([C@H]([C@@H](O1)n2cnc3c2ncnc3N)O)O
PRMT4,6s7b,KYH,501,1,D,2768,N14,-21.62,24.225,-90.611,2.187,22.0,N,[H]/N=C(\N)/NCCCCN(CCCN)C[C@@H]1[C@H]([C@H]([C@@H](O1)n2cnc3c2ncnc3N)O)O
PRMT4,6s7b,KYH,501,1,D,2770,N23,-21.11,34.223,-90.358,1.094,13.0,N,[H]/N=C(\N)/NCCCCN(CCCN)C[C@@H]1[C@H]([C@H]([C@@H](O1)n2cnc3c2ncnc3N)O)O
PRMT4,6s7b,KYH,501,1,D,2771,N30,-25.233,32.734,-81.638,15.31,1.0,N,[H]/N=C(\N)/NCCCCN(CCCN)C[C@@H]1[C@H]([C@H]([C@@H](O1)n2cnc3c2ncnc3N)O)O
PRMT4,6s7b,KYH,501,1,D,2772,N31,-25.469,30.686,-80.606,8.749,3.0,N,[H]/N=C(\N)/NCCCCN(CCCN)C[C@@H]1[C@H]([C@H]([C@@H](O1)n2cnc3c2ncnc3N)O)O
PRMT4,6s7c,KY2,501,1,A,2790,C21,14.873,112.226,73.19,1.208,10.0,C,[H]/N=C(\N)/NCCCN(CCCN)C[C@@H]1[C@H]([C@H]([C@@H](O1)n2cnc3c2ncnc3N)O)O
PRMT4,6s7c,KY2,501,1,A,2800,N14,12.968,109.424,80.665,2.187,21.0,N,[H]/N=C(\N)/NCCCN(CCCN)C[C@@H]1[C@H]([C@H]([C@@H](O1)n2cnc3c2ncnc3N)O)O
PRMT4,6s7c,KY2,501,1,A,2804,N29,13.784,120.059,75.554,6.562,1.0,N,[H]/N=C(\N)/NCCCN(CCCN)C[C@@H]1[C@H]([C@H]([C@@H](O1)n2cnc3c2ncnc3N)O)O
PRMT4,6s7c,KY2,501,1,A,2805,N30,14.063,120.473,77.756,3.281,3.0,N,[H]/N=C(\N)/NCCCN(CCCN)C[C@@H]1[C@H]([C@H]([C@@H](O1)n2cnc3c2ncnc3N)O)O
PRMT4,6s7c,KY2,501,1,B,2792,N14,-10.414,108.56,22.878,1.094,21.0,N,[H]/N=C(\N)/NCCCN(CCCN)C[C@@H]1[C@H]([C@H]([C@@H](O1)n2cnc3c2ncnc3N)O)O
PRMT4,6s7c,KY2,501,1,B,2797,N30,-11.56,119.62,27.287,13.123,3.0,N,[H]/N=C(\N)/NCCCN(CCCN)C[C@@H]1[C@H]([C@H]([C@@H](O1)n2cnc3c2ncnc3N)O)O
PRMT4,6s7c,KY2,501,1,C,2767,C28,-11.935,128.969,81.762,1.208,2.0,C,[H]/N=C(\N)/NCCCN(CCCN)C[C@@H]1[C@H]([C@H]([C@@H](O1)n2cnc3c2ncnc3N)O)O
PRMT4,6s7c,KY2,501,1,C,2786,N14,-14.128,121.498,89.626,2.187,21.0,N,[H]/N=C(\N)/NCCCN(CCCN)C[C@@H]1[C@H]([C@H]([C@@H](O1)n2cnc3c2ncnc3N)O)O
PRMT4,6s7c,KY2,501,1,C,2788,N23,-15.188,131.635,89.486,1.094,12.0,N,[H]/N=C(\N)/NCCCN(CCCN)C[C@@H]1[C@H]([C@H]([C@@H](O1)n2cnc3c2ncnc3N)O)O
PRMT4,6s7c,KY2,501,1,C,2790,N29,-11.872,127.891,80.986,5.468,1.0,N,[H]/N=C(\N)/NCCCN(CCCN)C[C@@H]1[C@H]([C@H]([C@@H](O1)n2cnc3c2ncnc3N)O)O
PRMT4,6s7c,KY2,501,1,C,2791,N30,-11.242,130.013,81.349,17.497,3.0,N,[H]/N=C(\N)/NCCCN(CCCN)C[C@@H]1[C@H]([C@H]([C@@H](O1)n2cnc3c2ncnc3N)O)O
PRMT4,6s7c,KY2,501,1,D,2793,N14,15.879,122.476,13.807,2.187,21.0,N,[H]/N=C(\N)/NCCCN(CCCN)C[C@@H]1[C@H]([C@H]([C@@H](O1)n2cnc3c2ncnc3N)O)O
PRMT4,6s7c,KY2,501,1,D,2795,N23,16.289,132.735,13.735,1.094,12.0,N,[H]/N=C(\N)/NCCCN(CCCN)C[C@@H]1[C@H]([C@H]([C@@H](O1)n2cnc3c2ncnc3N)O)O
PRMT4,6s7c,KY2,501,1,D,2797,N29,12.71,130.694,21.814,17.497,1.0,N,[H]/N=C(\N)/NCCCN(CCCN)C[C@@H]1[C@H]([C@H]([C@@H](O1)n2cnc3c2ncnc3N)O)O
PRMT4,6s7c,KY2,501,1,D,2798,N30,12.824,128.67,22.73,6.562,3.0,N,[H]/N=C(\N)/NCCCN(CCCN)C[C@@H]1[C@H]([C@H]([C@@H](O1)n2cnc3c2ncnc3N)O)O
PRMT4,7fai,XJ3,501,1,A,2671,C1,15.549,16.976,283.34,3.623,25.0,C,Cc1c(nc(nc1NC2CCOCC2)c3cccc(c3)CNCCNC)c4c(noc4C)C
PRMT4,7fai,XJ3,501,1,A,2676,C8,12.254,22.863,283.05,2.415,19.0,C,Cc1c(nc(nc1NC2CCOCC2)c3cccc(c3)CNCCNC)c4c(noc4C)C
PRMT4,7fai,XJ3,501,1,A,2677,C9,11.329,23.896,283.034,3.623,14.0,C,Cc1c(nc(nc1NC2CCOCC2)c3cccc(c3)CNCCNC)c4c(noc4C)C
PRMT4,7fai,XJ3,501,1,A,2680,C14,6.602,25.448,281.976,3.623,8.0,C,Cc1c(nc(nc1NC2CCOCC2)c3cccc(c3)CNCCNC)c4c(noc4C)C
PRMT4,7fai,XJ3,501,1,A,2681,C15,6.882,26.758,282.549,2.415,9.0,C,Cc1c(nc(nc1NC2CCOCC2)c3cccc(c3)CNCCNC)c4c(noc4C)C
PRMT4,7fai,XJ3,501,1,A,2682,C16,6.667,27.929,281.583,2.415,10.0,C,Cc1c(nc(nc1NC2CCOCC2)c3cccc(c3)CNCCNC)c4c(noc4C)C
PRMT4,7fai,XJ3,501,1,A,2683,C18,5.179,26.577,280.234,39.852,12.0,C,Cc1c(nc(nc1NC2CCOCC2)c3cccc(c3)CNCCNC)c4c(noc4C)C
PRMT4,7fai,XJ3,501,1,A,2684,C19,5.337,25.415,281.218,15.699,13.0,C,Cc1c(nc(nc1NC2CCOCC2)c3cccc(c3)CNCCNC)c4c(noc4C)C
PRMT4,7fai,XJ3,501,1,A,2686,C21,6.211,22.766,285.433,25.36,0.0,C,Cc1c(nc(nc1NC2CCOCC2)c3cccc(c3)CNCCNC)c4c(noc4C)C
PRMT4,7fai,XJ3,501,1,A,2689,C24,8.47,21.892,287.879,1.208,30.0,C,Cc1c(nc(nc1NC2CCOCC2)c3cccc(c3)CNCCNC)c4c(noc4C)C
PRMT4,7fai,XJ3,501,1,A,2690,C25,7.927,23.213,288.444,8.453,31.0,C,Cc1c(nc(nc1NC2CCOCC2)c3cccc(c3)CNCCNC)c4c(noc4C)C
PRMT4,7fai,XJ3,501,1,A,2691,C28,9.255,20.237,286.543,3.623,27.0,C,Cc1c(nc(nc1NC2CCOCC2)c3cccc(c3)CNCCNC)c4c(noc4C)C
PRMT4,7fai,XJ3,501,1,A,2693,C31,11.666,25.148,282.513,2.415,15.0,C,Cc1c(nc(nc1NC2CCOCC2)c3cccc(c3)CNCCNC)c4c(noc4C)C
PRMT4,7fai,XJ3,501,1,A,2694,C32,12.943,25.365,281.992,1.208,16.0,C,Cc1c(nc(nc1NC2CCOCC2)c3cccc(c3)CNCCNC)c4c(noc4C)C
PRMT4,7fai,XJ3,501,1,A,2696,N2,15.85,17.844,282.187,2.187,24.0,N,Cc1c(nc(nc1NC2CCOCC2)c3cccc(c3)CNCCNC)c4c(noc4C)C
PRMT4,7fai,XJ3,501,1,A,2697,N05,14.353,21.157,281.269,2.187,21.0,N,Cc1c(nc(nc1NC2CCOCC2)c3cccc(c3)CNCCNC)c4c(noc4C)C
PRMT4,7fai,XJ3,501,1,A,2698,N11,8.847,24.148,283.12,1.094,5.0,N,Cc1c(nc(nc1NC2CCOCC2)c3cccc(c3)CNCCNC)c4c(noc4C)C
PRMT4,7fai,XJ3,501,1,A,2699,N13,6.442,24.506,283.083,4.374,7.0,N,Cc1c(nc(nc1NC2CCOCC2)c3cccc(c3)CNCCNC)c4c(noc4C)C
PRMT4,7fai,XJ3,501,1,A,2700,N27,9.154,19.765,287.789,4.374,28.0,N,Cc1c(nc(nc1NC2CCOCC2)c3cccc(c3)CNCCNC)c4c(noc4C)C
PRMT4,7fai,XJ3,501,1,A,2702,O17,5.381,27.871,280.879,18.215,11.0,O,Cc1c(nc(nc1NC2CCOCC2)c3cccc(c3)CNCCNC)c4c(noc4C)C
PRMT4,7fai,XJ3,501,1,A,2703,O26,8.678,20.798,288.573,1.071,29.0,O,Cc1c(nc(nc1NC2CCOCC2)c3cccc(c3)CNCCNC)c4c(noc4C)C
PRMT4,7fai,XJ3,501,1,B,2677,C1,-13.301,15.614,231.489,2.415,25.0,C,Cc1c(nc(nc1NC2CCOCC2)c3cccc(c3)CNCCNC)c4c(noc4C)C
PRMT4,7fai,XJ3,501,1,B,2682,C8,-10.146,21.763,231.608,1.208,19.0,C,Cc1c(nc(nc1NC2CCOCC2)c3cccc(c3)CNCCNC)c4c(noc4C)C
PRMT4,7fai,XJ3,501,1,B,2686,C14,-4.616,24.689,232.357,4.831,8.0,C,Cc1c(nc(nc1NC2CCOCC2)c3cccc(c3)CNCCNC)c4c(noc4C)C
PRMT4,7fai,XJ3,501,1,B,2687,C15,-4.963,26.032,231.876,1.208,9.0,C,Cc1c(nc(nc1NC2CCOCC2)c3cccc(c3)CNCCNC)c4c(noc4C)C
PRMT4,7fai,XJ3,501,1,B,2688,C16,-4.625,27.183,232.821,6.038,10.0,C,Cc1c(nc(nc1NC2CCOCC2)c3cccc(c3)CNCCNC)c4c(noc4C)C
PRMT4,7fai,XJ3,501,1,B,2689,C18,-3.184,25.758,234.148,38.644,12.0,C,Cc1c(nc(nc1NC2CCOCC2)c3cccc(c3)CNCCNC)c4c(noc4C)C
PRMT4,7fai,XJ3,501,1,B,2690,C19,-3.409,24.578,233.202,20.53,13.0,C,Cc1c(nc(nc1NC2CCOCC2)c3cccc(c3)CNCCNC)c4c(noc4C)C
PRMT4,7fai,XJ3,501,1,B,2692,C21,-4.136,22.066,228.931,27.775,0.0,C,Cc1c(nc(nc1NC2CCOCC2)c3cccc(c3)CNCCNC)c4c(noc4C)C
PRMT4,7fai,XJ3,501,1,B,2695,C24,-6.316,20.873,226.621,2.415,30.0,C,Cc1c(nc(nc1NC2CCOCC2)c3cccc(c3)CNCCNC)c4c(noc4C)C
PRMT4,7fai,XJ3,501,1,B,2696,C25,-5.918,22.232,226.03,7.246,31.0,C,Cc1c(nc(nc1NC2CCOCC2)c3cccc(c3)CNCCNC)c4c(noc4C)C
PRMT4,7fai,XJ3,501,1,B,2697,C28,-6.939,19.199,228.011,1.208,27.0,C,Cc1c(nc(nc1NC2CCOCC2)c3cccc(c3)CNCCNC)c4c(noc4C)C
PRMT4,7fai,XJ3,501,1,B,2699,C31,-9.612,24.067,232.042,2.415,15.0,C,Cc1c(nc(nc1NC2CCOCC2)c3cccc(c3)CNCCNC)c4c(noc4C)C
PRMT4,7fai,XJ3,501,1,B,2705,N13,-4.426,23.856,231.17,4.374,7.0,N,Cc1c(nc(nc1NC2CCOCC2)c3cccc(c3)CNCCNC)c4c(noc4C)C
PRMT4,7fai,XJ3,501,1,B,2706,N27,-6.796,18.697,226.767,3.281,28.0,N,Cc1c(nc(nc1NC2CCOCC2)c3cccc(c3)CNCCNC)c4c(noc4C)C
PRMT4,7fai,XJ3,501,1,B,2708,O17,-3.321,27.036,233.461,19.286,11.0,O,Cc1c(nc(nc1NC2CCOCC2)c3cccc(c3)CNCCNC)c4c(noc4C)C
PRMT4,7fai,XJ3,501,1,B,2709,O26,-6.425,19.74,225.946,1.071,29.0,O,Cc1c(nc(nc1NC2CCOCC2)c3cccc(c3)CNCCNC)c4c(noc4C)C
PRMT4,7fai,XJ3,501,1,C,2695,C1,15.668,29.143,224.782,4.831,25.0,C,Cc1c(nc(nc1NC2CCOCC2)c3cccc(c3)CNCCNC)c4c(noc4C)C
PRMT4,7fai,XJ3,501,1,C,2700,C8,10.707,30.006,229.353,3.623,19.0,C,Cc1c(nc(nc1NC2CCOCC2)c3cccc(c3)CNCCNC)c4c(noc4C)C
PRMT4,7fai,XJ3,501,1,C,2701,C9,9.569,29.984,230.151,1.208,14.0,C,Cc1c(nc(nc1NC2CCOCC2)c3cccc(c3)CNCCNC)c4c(noc4C)C
PRMT4,7fai,XJ3,501,1,C,2704,C14,4.373,29.864,230.089,3.623,8.0,C,Cc1c(nc(nc1NC2CCOCC2)c3cccc(c3)CNCCNC)c4c(noc4C)C
PRMT4,7fai,XJ3,501,1,C,2705,C15,2.93,29.892,229.839,28.983,9.0,C,Cc1c(nc(nc1NC2CCOCC2)c3cccc(c3)CNCCNC)c4c(noc4C)C
PRMT4,7fai,XJ3,501,1,C,2706,C16,2.259,31.133,230.431,39.852,10.0,C,Cc1c(nc(nc1NC2CCOCC2)c3cccc(c3)CNCCNC)c4c(noc4C)C
PRMT4,7fai,XJ3,501,1,C,2707,C18,4.082,31.415,231.998,7.246,12.0,C,Cc1c(nc(nc1NC2CCOCC2)c3cccc(c3)CNCCNC)c4c(noc4C)C
PRMT4,7fai,XJ3,501,1,C,2710,C21,5.705,25.885,228.983,28.983,0.0,C,Cc1c(nc(nc1NC2CCOCC2)c3cccc(c3)CNCCNC)c4c(noc4C)C
PRMT4,7fai,XJ3,501,1,C,2713,C24,8.576,24.106,229.543,1.208,30.0,C,Cc1c(nc(nc1NC2CCOCC2)c3cccc(c3)CNCCNC)c4c(noc4C)C
PRMT4,7fai,XJ3,501,1,C,2714,C25,7.784,23.881,230.844,7.246,31.0,C,Cc1c(nc(nc1NC2CCOCC2)c3cccc(c3)CNCCNC)c4c(noc4C)C
PRMT4,7fai,XJ3,501,1,C,2715,C28,9.533,25.024,227.712,3.623,27.0,C,Cc1c(nc(nc1NC2CCOCC2)c3cccc(c3)CNCCNC)c4c(noc4C)C
PRMT4,7fai,XJ3,501,1,C,2717,C31,9.4,30.871,231.223,1.208,15.0,C,Cc1c(nc(nc1NC2CCOCC2)c3cccc(c3)CNCCNC)c4c(noc4C)C
PRMT4,7fai,XJ3,501,1,C,2720,N2,15.5,30.515,225.304,1.094,24.0,N,Cc1c(nc(nc1NC2CCOCC2)c3cccc(c3)CNCCNC)c4c(noc4C)C
PRMT4,7fai,XJ3,501,1,C,2721,N05,12.76,31.788,227.529,2.187,21.0,N,Cc1c(nc(nc1NC2CCOCC2)c3cccc(c3)CNCCNC)c4c(noc4C)C
PRMT4,7fai,XJ3,501,1,C,2722,N11,7.203,29.201,229.91,1.094,5.0,N,Cc1c(nc(nc1NC2CCOCC2)c3cccc(c3)CNCCNC)c4c(noc4C)C
PRMT4,7fai,XJ3,501,1,C,2723,N13,4.839,28.532,229.722,2.187,7.0,N,Cc1c(nc(nc1NC2CCOCC2)c3cccc(c3)CNCCNC)c4c(noc4C)C
PRMT4,7fai,XJ3,501,1,C,2724,N27,9.83,23.712,227.74,2.187,28.0,N,Cc1c(nc(nc1NC2CCOCC2)c3cccc(c3)CNCCNC)c4c(noc4C)C
PRMT4,7fai,XJ3,501,1,C,2726,O17,2.634,31.361,231.835,11.786,11.0,O,Cc1c(nc(nc1NC2CCOCC2)c3cccc(c3)CNCCNC)c4c(noc4C)C
PRMT4,7fai,XJ3,501,1,C,2727,O26,9.235,23.182,228.859,1.071,29.0,O,Cc1c(nc(nc1NC2CCOCC2)c3cccc(c3)CNCCNC)c4c(noc4C)C
PRMT4,7fai,XJ3,501,1,D,2687,C1,-14.014,28.057,290.01,2.415,25.0,C,Cc1c(nc(nc1NC2CCOCC2)c3cccc(c3)CNCCNC)c4c(noc4C)C
PRMT4,7fai,XJ3,501,1,D,2692,C8,-9.19,29.141,285.373,3.623,19.0,C,Cc1c(nc(nc1NC2CCOCC2)c3cccc(c3)CNCCNC)c4c(noc4C)C
PRMT4,7fai,XJ3,501,1,D,2693,C9,-8.009,29.226,284.628,2.415,14.0,C,Cc1c(nc(nc1NC2CCOCC2)c3cccc(c3)CNCCNC)c4c(noc4C)C
PRMT4,7fai,XJ3,501,1,D,2696,C14,-3.202,29.658,284.516,2.415,8.0,C,Cc1c(nc(nc1NC2CCOCC2)c3cccc(c3)CNCCNC)c4c(noc4C)C
PRMT4,7fai,XJ3,501,1,D,2697,C15,-3.178,29.727,283.056,1.208,9.0,C,Cc1c(nc(nc1NC2CCOCC2)c3cccc(c3)CNCCNC)c4c(noc4C)C
PRMT4,7fai,XJ3,501,1,D,2698,C16,-2.47,30.975,282.513,10.869,10.0,C,Cc1c(nc(nc1NC2CCOCC2)c3cccc(c3)CNCCNC)c4c(noc4C)C
PRMT4,7fai,XJ3,501,1,D,2699,C18,-0.849,30.331,284.24,36.229,12.0,C,Cc1c(nc(nc1NC2CCOCC2)c3cccc(c3)CNCCNC)c4c(noc4C)C
PRMT4,7fai,XJ3,501,1,D,2700,C19,-2.068,30.331,285.161,15.699,13.0,C,Cc1c(nc(nc1NC2CCOCC2)c3cccc(c3)CNCCNC)c4c(noc4C)C
PRMT4,7fai,XJ3,501,1,D,2702,C21,-3.84,25.415,285.846,27.775,0.0,C,Cc1c(nc(nc1NC2CCOCC2)c3cccc(c3)CNCCNC)c4c(noc4C)C
PRMT4,7fai,XJ3,501,1,D,2705,C24,-6.618,23.504,285.296,1.208,30.0,C,Cc1c(nc(nc1NC2CCOCC2)c3cccc(c3)CNCCNC)c4c(noc4C)C
PRMT4,7fai,XJ3,501,1,D,2706,C25,-5.859,23.296,283.974,8.453,31.0,C,Cc1c(nc(nc1NC2CCOCC2)c3cccc(c3)CNCCNC)c4c(noc4C)C
PRMT4,7fai,XJ3,501,1,D,2707,C28,-7.549,24.399,287.163,1.208,27.0,C,Cc1c(nc(nc1NC2CCOCC2)c3cccc(c3)CNCCNC)c4c(noc4C)C
PRMT4,7fai,XJ3,501,1,D,2709,C31,-7.843,30.168,283.601,4.831,15.0,C,Cc1c(nc(nc1NC2CCOCC2)c3cccc(c3)CNCCNC)c4c(noc4C)C
PRMT4,7fai,XJ3,501,1,D,2710,C32,-8.89,31.057,283.325,1.208,16.0,C,Cc1c(nc(nc1NC2CCOCC2)c3cccc(c3)CNCCNC)c4c(noc4C)C
PRMT4,7fai,XJ3,501,1,D,2712,N2,-13.671,29.472,289.733,1.094,24.0,N,Cc1c(nc(nc1NC2CCOCC2)c3cccc(c3)CNCCNC)c4c(noc4C)C
PRMT4,7fai,XJ3,501,1,D,2713,N05,-11.364,30.812,287.14,2.187,21.0,N,Cc1c(nc(nc1NC2CCOCC2)c3cccc(c3)CNCCNC)c4c(noc4C)C
PRMT4,7fai,XJ3,501,1,D,2715,N13,-3.239,28.25,284.947,5.468,7.0,N,Cc1c(nc(nc1NC2CCOCC2)c3cccc(c3)CNCCNC)c4c(noc4C)C
PRMT4,7fai,XJ3,501,1,D,2716,N27,-7.796,23.068,287.14,5.468,28.0,N,Cc1c(nc(nc1NC2CCOCC2)c3cccc(c3)CNCCNC)c4c(noc4C)C
PRMT4,7fai,XJ3,501,1,D,2718,O17,-1.075,31.049,282.994,9.643,11.0,O,Cc1c(nc(nc1NC2CCOCC2)c3cccc(c3)CNCCNC)c4c(noc4C)C
PRMT4,7faj,XJ4,501,1,A,2670,C1,15.711,17.496,284.846,3.623,25.0,C,Cc1c(nc(nc1Nc2ccccc2)c3cccc(c3)CNCCNC)c4c(noc4C)C
PRMT4,7faj,XJ4,501,1,A,2675,C8,12.23,23.423,284.866,1.208,19.0,C,Cc1c(nc(nc1Nc2ccccc2)c3cccc(c3)CNCCNC)c4c(noc4C)C
PRMT4,7faj,XJ4,501,1,A,2676,C9,11.346,24.485,284.912,4.831,14.0,C,Cc1c(nc(nc1Nc2ccccc2)c3cccc(c3)CNCCNC)c4c(noc4C)C
PRMT4,7faj,XJ4,501,1,A,2679,C14,6.415,26.259,284.138,3.623,8.0,C,Cc1c(nc(nc1Nc2ccccc2)c3cccc(c3)CNCCNC)c4c(noc4C)C
PRMT4,7faj,XJ4,501,1,A,2680,C15,7.419,27.219,284.16,1.208,9.0,C,Cc1c(nc(nc1Nc2ccccc2)c3cccc(c3)CNCCNC)c4c(noc4C)C
PRMT4,7faj,XJ4,501,1,A,2681,C16,7.338,28.32,283.318,3.623,10.0,C,Cc1c(nc(nc1Nc2ccccc2)c3cccc(c3)CNCCNC)c4c(noc4C)C
PRMT4,7faj,XJ4,501,1,A,2682,C17,6.242,28.46,282.467,28.983,11.0,C,Cc1c(nc(nc1Nc2ccccc2)c3cccc(c3)CNCCNC)c4c(noc4C)C
PRMT4,7faj,XJ4,501,1,A,2683,C18,5.233,27.507,282.458,35.021,12.0,C,Cc1c(nc(nc1Nc2ccccc2)c3cccc(c3)CNCCNC)c4c(noc4C)C
PRMT4,7faj,XJ4,501,1,A,2684,C19,5.317,26.407,283.297,30.191,13.0,C,Cc1c(nc(nc1Nc2ccccc2)c3cccc(c3)CNCCNC)c4c(noc4C)C
PRMT4,7faj,XJ4,501,1,A,2686,C21,6.237,23.381,287.182,28.983,0.0,C,Cc1c(nc(nc1Nc2ccccc2)c3cccc(c3)CNCCNC)c4c(noc4C)C
PRMT4,7faj,XJ4,501,1,A,2689,C24,8.571,22.427,289.623,1.208,30.0,C,Cc1c(nc(nc1Nc2ccccc2)c3cccc(c3)CNCCNC)c4c(noc4C)C
PRMT4,7faj,XJ4,501,1,A,2690,C25,8.091,23.765,290.169,8.453,31.0,C,Cc1c(nc(nc1Nc2ccccc2)c3cccc(c3)CNCCNC)c4c(noc4C)C
PRMT4,7faj,XJ4,501,1,A,2691,C28,9.246,20.786,288.25,3.623,27.0,C,Cc1c(nc(nc1Nc2ccccc2)c3cccc(c3)CNCCNC)c4c(noc4C)C
PRMT4,7faj,XJ4,501,1,A,2693,C31,11.706,25.744,284.455,2.415,15.0,C,Cc1c(nc(nc1Nc2ccccc2)c3cccc(c3)CNCCNC)c4c(noc4C)C
PRMT4,7faj,XJ4,501,1,A,2696,N2,15.932,18.464,283.78,1.094,24.0,N,Cc1c(nc(nc1Nc2ccccc2)c3cccc(c3)CNCCNC)c4c(noc4C)C
PRMT4,7faj,XJ4,501,1,A,2698,N11,8.887,24.77,284.999,1.094,5.0,N,Cc1c(nc(nc1Nc2ccccc2)c3cccc(c3)CNCCNC)c4c(noc4C)C
PRMT4,7faj,XJ4,501,1,A,2699,N13,6.469,25.097,285.007,4.374,7.0,N,Cc1c(nc(nc1Nc2ccccc2)c3cccc(c3)CNCCNC)c4c(noc4C)C
PRMT4,7faj,XJ4,501,1,A,2700,N27,9.181,20.306,289.504,2.187,28.0,N,Cc1c(nc(nc1Nc2ccccc2)c3cccc(c3)CNCCNC)c4c(noc4C)C
PRMT4,7faj,XJ4,501,1,A,2702,O26,8.772,21.328,290.322,1.071,29.0,O,Cc1c(nc(nc1Nc2ccccc2)c3cccc(c3)CNCCNC)c4c(noc4C)C
PRMT4,7faj,XJ4,501,1,B,2670,C1,-13.42,16.37,232.985,2.415,25.0,C,Cc1c(nc(nc1Nc2ccccc2)c3cccc(c3)CNCCNC)c4c(noc4C)C
PRMT4,7faj,XJ4,501,1,B,2679,C14,-4.441,25.707,233.315,1.208,8.0,C,Cc1c(nc(nc1Nc2ccccc2)c3cccc(c3)CNCCNC)c4c(noc4C)C
PRMT4,7faj,XJ4,501,1,B,2681,C16,-5.452,27.644,234.323,3.623,10.0,C,Cc1c(nc(nc1Nc2ccccc2)c3cccc(c3)CNCCNC)c4c(noc4C)C
PRMT4,7faj,XJ4,501,1,B,2682,C17,-4.361,27.753,235.181,30.191,11.0,C,Cc1c(nc(nc1Nc2ccccc2)c3cccc(c3)CNCCNC)c4c(noc4C)C
PRMT4,7faj,XJ4,501,1,B,2683,C18,-3.311,26.846,235.108,33.814,12.0,C,Cc1c(nc(nc1Nc2ccccc2)c3cccc(c3)CNCCNC)c4c(noc4C)C
PRMT4,7faj,XJ4,501,1,B,2684,C19,-3.351,25.823,234.17,28.983,13.0,C,Cc1c(nc(nc1Nc2ccccc2)c3cccc(c3)CNCCNC)c4c(noc4C)C
PRMT4,7faj,XJ4,501,1,B,2686,C21,-4.133,22.885,230.211,27.775,0.0,C,Cc1c(nc(nc1Nc2ccccc2)c3cccc(c3)CNCCNC)c4c(noc4C)C
PRMT4,7faj,XJ4,501,1,B,2689,C24,-6.342,21.629,227.899,2.415,30.0,C,Cc1c(nc(nc1Nc2ccccc2)c3cccc(c3)CNCCNC)c4c(noc4C)C
PRMT4,7faj,XJ4,501,1,B,2690,C25,-5.849,22.938,227.278,10.869,31.0,C,Cc1c(nc(nc1Nc2ccccc2)c3cccc(c3)CNCCNC)c4c(noc4C)C
PRMT4,7faj,XJ4,501,1,B,2691,C28,-7.08,20.041,229.314,1.208,27.0,C,Cc1c(nc(nc1Nc2ccccc2)c3cccc(c3)CNCCNC)c4c(noc4C)C
PRMT4,7faj,XJ4,501,1,B,2692,C29,-7.551,19.323,230.575,1.208,32.0,C,Cc1c(nc(nc1Nc2ccccc2)c3cccc(c3)CNCCNC)c4c(noc4C)C
PRMT4,7faj,XJ4,501,1,B,2693,C31,-9.67,24.844,233.157,4.831,15.0,C,Cc1c(nc(nc1Nc2ccccc2)c3cccc(c3)CNCCNC)c4c(noc4C)C
PRMT4,7faj,XJ4,501,1,B,2694,C32,-10.923,24.958,233.739,1.208,16.0,C,Cc1c(nc(nc1Nc2ccccc2)c3cccc(c3)CNCCNC)c4c(noc4C)C
PRMT4,7faj,XJ4,501,1,B,2696,N2,-13.667,17.411,233.972,1.094,24.0,N,Cc1c(nc(nc1Nc2ccccc2)c3cccc(c3)CNCCNC)c4c(noc4C)C
PRMT4,7faj,XJ4,501,1,B,2697,N5,-12.092,20.736,234.556,1.094,21.0,N,Cc1c(nc(nc1Nc2ccccc2)c3cccc(c3)CNCCNC)c4c(noc4C)C
PRMT4,7faj,XJ4,501,1,B,2698,N11,-6.836,24.12,232.449,2.187,5.0,N,Cc1c(nc(nc1Nc2ccccc2)c3cccc(c3)CNCCNC)c4c(noc4C)C
PRMT4,7faj,XJ4,501,1,B,2699,N13,-4.445,24.634,232.333,3.281,7.0,N,Cc1c(nc(nc1Nc2ccccc2)c3cccc(c3)CNCCNC)c4c(noc4C)C
PRMT4,7faj,XJ4,501,1,B,2700,N27,-6.975,19.509,228.089,3.281,28.0,N,Cc1c(nc(nc1Nc2ccccc2)c3cccc(c3)CNCCNC)c4c(noc4C)C
PRMT4,7faj,XJ4,501,1,B,2702,O26,-6.526,20.492,227.253,1.071,29.0,O,Cc1c(nc(nc1Nc2ccccc2)c3cccc(c3)CNCCNC)c4c(noc4C)C
PRMT4,7faj,XJ4,501,1,C,2689,C1,-14.322,29.118,291.449,3.623,25.0,C,Cc1c(nc(nc1Nc2ccccc2)c3cccc(c3)CNCCNC)c4c(noc4C)C
PRMT4,7faj,XJ4,501,1,C,2695,C9,-8.116,29.76,286.507,1.208,14.0,C,Cc1c(nc(nc1Nc2ccccc2)c3cccc(c3)CNCCNC)c4c(noc4C)C
PRMT4,7faj,XJ4,501,1,C,2698,C14,-2.91,29.843,286.284,2.415,8.0,C,Cc1c(nc(nc1Nc2ccccc2)c3cccc(c3)CNCCNC)c4c(noc4C)C
PRMT4,7faj,XJ4,501,1,C,2699,C15,-3.493,30.326,285.124,1.208,9.0,C,Cc1c(nc(nc1Nc2ccccc2)c3cccc(c3)CNCCNC)c4c(noc4C)C
PRMT4,7faj,XJ4,501,1,C,2700,C16,-2.984,31.468,284.527,2.415,10.0,C,Cc1c(nc(nc1Nc2ccccc2)c3cccc(c3)CNCCNC)c4c(noc4C)C
PRMT4,7faj,XJ4,501,1,C,2701,C17,-1.889,32.112,285.084,20.53,11.0,C,Cc1c(nc(nc1Nc2ccccc2)c3cccc(c3)CNCCNC)c4c(noc4C)C
PRMT4,7faj,XJ4,501,1,C,2702,C18,-1.304,31.625,286.25,35.021,12.0,C,Cc1c(nc(nc1Nc2ccccc2)c3cccc(c3)CNCCNC)c4c(noc4C)C
PRMT4,7faj,XJ4,501,1,C,2703,C19,-1.809,30.479,286.848,22.945,13.0,C,Cc1c(nc(nc1Nc2ccccc2)c3cccc(c3)CNCCNC)c4c(noc4C)C
PRMT4,7faj,XJ4,501,1,C,2705,C21,-3.992,25.995,287.633,30.191,0.0,C,Cc1c(nc(nc1Nc2ccccc2)c3cccc(c3)CNCCNC)c4c(noc4C)C
PRMT4,7faj,XJ4,501,1,C,2708,C24,-6.769,24.092,287.04,1.208,30.0,C,Cc1c(nc(nc1Nc2ccccc2)c3cccc(c3)CNCCNC)c4c(noc4C)C
PRMT4,7faj,XJ4,501,1,C,2709,C25,-5.986,23.942,285.732,9.661,31.0,C,Cc1c(nc(nc1Nc2ccccc2)c3cccc(c3)CNCCNC)c4c(noc4C)C
PRMT4,7faj,XJ4,501,1,C,2710,C28,-7.75,24.904,288.9,1.208,27.0,C,Cc1c(nc(nc1Nc2ccccc2)c3cccc(c3)CNCCNC)c4c(noc4C)C
PRMT4,7faj,XJ4,501,1,C,2711,C29,-8.252,25.83,290.013,1.208,32.0,C,Cc1c(nc(nc1Nc2ccccc2)c3cccc(c3)CNCCNC)c4c(noc4C)C
PRMT4,7faj,XJ4,501,1,C,2712,C31,-8.031,30.738,285.521,1.208,15.0,C,Cc1c(nc(nc1Nc2ccccc2)c3cccc(c3)CNCCNC)c4c(noc4C)C
PRMT4,7faj,XJ4,501,1,C,2717,N11,-5.733,29.156,286.716,1.094,5.0,N,Cc1c(nc(nc1Nc2ccccc2)c3cccc(c3)CNCCNC)c4c(noc4C)C
PRMT4,7faj,XJ4,501,1,C,2718,N13,-3.39,28.632,286.905,3.281,7.0,N,Cc1c(nc(nc1Nc2ccccc2)c3cccc(c3)CNCCNC)c4c(noc4C)C
PRMT4,7faj,XJ4,501,1,C,2719,N27,-7.969,23.584,288.827,5.468,28.0,N,Cc1c(nc(nc1Nc2ccccc2)c3cccc(c3)CNCCNC)c4c(noc4C)C
PRMT4,7faj,XJ4,501,1,D,2688,C1,15.955,30.182,226.123,3.623,25.0,C,Cc1c(nc(nc1Nc2ccccc2)c3cccc(c3)CNCCNC)c4c(noc4C)C
PRMT4,7faj,XJ4,501,1,D,2693,C8,10.77,30.338,230.492,1.208,19.0,C,Cc1c(nc(nc1Nc2ccccc2)c3cccc(c3)CNCCNC)c4c(noc4C)C
PRMT4,7faj,XJ4,501,1,D,2694,C9,9.593,30.429,231.204,1.208,14.0,C,Cc1c(nc(nc1Nc2ccccc2)c3cccc(c3)CNCCNC)c4c(noc4C)C
PRMT4,7faj,XJ4,501,1,D,2697,C14,4.45,30.175,231.502,1.208,8.0,C,Cc1c(nc(nc1Nc2ccccc2)c3cccc(c3)CNCCNC)c4c(noc4C)C
PRMT4,7faj,XJ4,501,1,D,2698,C15,5.043,30.714,232.638,1.208,9.0,C,Cc1c(nc(nc1Nc2ccccc2)c3cccc(c3)CNCCNC)c4c(noc4C)C
PRMT4,7faj,XJ4,501,1,D,2699,C16,4.515,31.861,233.215,1.208,10.0,C,Cc1c(nc(nc1Nc2ccccc2)c3cccc(c3)CNCCNC)c4c(noc4C)C
PRMT4,7faj,XJ4,501,1,D,2700,C17,3.386,32.462,232.673,16.907,11.0,C,Cc1c(nc(nc1Nc2ccccc2)c3cccc(c3)CNCCNC)c4c(noc4C)C
PRMT4,7faj,XJ4,501,1,D,2701,C18,2.79,31.917,231.545,35.021,12.0,C,Cc1c(nc(nc1Nc2ccccc2)c3cccc(c3)CNCCNC)c4c(noc4C)C
PRMT4,7faj,XJ4,501,1,D,2702,C19,3.319,30.774,230.961,25.36,13.0,C,Cc1c(nc(nc1Nc2ccccc2)c3cccc(c3)CNCCNC)c4c(noc4C)C
PRMT4,7faj,XJ4,501,1,D,2704,C21,5.786,26.336,230.152,28.983,0.0,C,Cc1c(nc(nc1Nc2ccccc2)c3cccc(c3)CNCCNC)c4c(noc4C)C
PRMT4,7faj,XJ4,501,1,D,2707,C24,8.691,24.632,230.692,1.208,30.0,C,Cc1c(nc(nc1Nc2ccccc2)c3cccc(c3)CNCCNC)c4c(noc4C)C
PRMT4,7faj,XJ4,501,1,D,2708,C25,7.924,24.398,231.999,8.453,31.0,C,Cc1c(nc(nc1Nc2ccccc2)c3cccc(c3)CNCCNC)c4c(noc4C)C
PRMT4,7faj,XJ4,501,1,D,2709,C28,9.599,25.544,228.839,3.623,27.0,C,Cc1c(nc(nc1Nc2ccccc2)c3cccc(c3)CNCCNC)c4c(noc4C)C
PRMT4,7faj,XJ4,501,1,D,2710,C29,10.032,26.533,227.755,1.208,32.0,C,Cc1c(nc(nc1Nc2ccccc2)c3cccc(c3)CNCCNC)c4c(noc4C)C
PRMT4,7faj,XJ4,501,1,D,2711,C31,9.382,31.427,232.149,4.831,15.0,C,Cc1c(nc(nc1Nc2ccccc2)c3cccc(c3)CNCCNC)c4c(noc4C)C
PRMT4,7faj,XJ4,501,1,D,2716,N11,7.292,29.626,231.013,2.187,5.0,N,Cc1c(nc(nc1Nc2ccccc2)c3cccc(c3)CNCCNC)c4c(noc4C)C
PRMT4,7faj,XJ4,501,1,D,2717,N13,4.967,28.97,230.876,5.468,7.0,N,Cc1c(nc(nc1Nc2ccccc2)c3cccc(c3)CNCCNC)c4c(noc4C)C
PRMT4,7faj,XJ4,501,1,D,2718,N27,9.922,24.241,228.878,2.187,28.0,N,Cc1c(nc(nc1Nc2ccccc2)c3cccc(c3)CNCCNC)c4c(noc4C)C
PRMT4,7faj,XJ4,501,1,D,2720,O26,9.358,23.722,230.014,1.071,29.0,O,Cc1c(nc(nc1Nc2ccccc2)c3cccc(c3)CNCCNC)c4c(noc4C)C
PRMT4,7okp,QVR,101,1,E,170,C28,52.224,33.521,131.495,6.038,1.0,C,C/C=C/[C@@H]1[C@H]([C@H]([C@@H](O1)n2cnc3c2ncnc3N)O)O
PRMT4,7okp,QVR,101,1,E,171,C31,51.463,34.475,130.997,2.415,2.0,C,C/C=C/[C@@H]1[C@H]([C@H]([C@@H](O1)n2cnc3c2ncnc3N)O)O
PRMT4,7okp,QVR,101,1,E,174,C39,49.176,36.636,130.919,1.208,5.0,C,C/C=C/[C@@H]1[C@H]([C@H]([C@@H](O1)n2cnc3c2ncnc3N)O)O
PRMT4,7okp,QVR,101,1,E,176,C49,50.471,37.419,128.203,10.869,9.0,C,C/C=C/[C@@H]1[C@H]([C@H]([C@@H](O1)n2cnc3c2ncnc3N)O)O
PRMT4,7okp,QVR,101,1,E,177,C50,50.832,39.433,127.642,6.038,11.0,C,C/C=C/[C@@H]1[C@H]([C@H]([C@@H](O1)n2cnc3c2ncnc3N)O)O
PRMT4,7okp,QVR,101,1,E,178,C51,50.743,39.427,129.024,3.623,12.0,C,C/C=C/[C@@H]1[C@H]([C@H]([C@@H](O1)n2cnc3c2ncnc3N)O)O
PRMT4,7okp,QVR,101,1,E,179,C53,51.109,41.596,129.147,13.284,14.0,C,C/C=C/[C@@H]1[C@H]([C@H]([C@@H](O1)n2cnc3c2ncnc3N)O)O
PRMT4,7okp,QVR,101,1,E,180,C55,51.08,40.674,127.023,7.246,16.0,C,C/C=C/[C@@H]1[C@H]([C@H]([C@@H](O1)n2cnc3c2ncnc3N)O)O
PRMT4,7okp,QVR,101,1,E,182,N48,50.656,38.155,127.133,22.965,10.0,N,C/C=C/[C@@H]1[C@H]([C@H]([C@@H](O1)n2cnc3c2ncnc3N)O)O
PRMT4,7okp,QVR,101,1,E,183,N52,50.87,40.48,129.841,16.404,13.0,N,C/C=C/[C@@H]1[C@H]([C@H]([C@@H](O1)n2cnc3c2ncnc3N)O)O
PRMT4,7okp,QVR,101,1,E,184,N54,51.22,41.754,127.823,20.778,15.0,N,C/C=C/[C@@H]1[C@H]([C@H]([C@@H](O1)n2cnc3c2ncnc3N)O)O
PRMT4,7okp,QVR,101,1,E,185,N57,51.175,40.842,125.7,13.123,17.0,N,C/C=C/[C@@H]1[C@H]([C@H]([C@@H](O1)n2cnc3c2ncnc3N)O)O
PRMT4,7okp,QVR,101,1,E,186,O37,51.512,36.867,131.079,15.0,7.0,O,C/C=C/[C@@H]1[C@H]([C@H]([C@@H](O1)n2cnc3c2ncnc3N)O)O
PRMT4,7okp,QVR,101,1,E,187,O41,47.962,37.333,131.185,27.858,18.0,O,C/C=C/[C@@H]1[C@H]([C@H]([C@@H](O1)n2cnc3c2ncnc3N)O)O
PRMT4,7okp,QVR,101,1,E,188,O42,49.478,36.568,133.348,26.786,19.0,O,C/C=C/[C@@H]1[C@H]([C@H]([C@@H](O1)n2cnc3c2ncnc3N)O)O
PRMT4,7okp,QVR,101,1,E,189,H1,51.668,31.923,130.286,5.946,,,C/C=C/[C@@H]1[C@H]([C@H]([C@@H](O1)n2cnc3c2ncnc3N)O)O
PRMT4,7okp,QVR,101,1,E,190,H29,53.24,32.596,129.933,23.786,,,C/C=C/[C@@H]1[C@H]([C@H]([C@@H](O1)n2cnc3c2ncnc3N)O)O
PRMT4,7okp,QVR,101,1,E,191,H28,52.63,33.606,132.502,16.14,,,C/C=C/[C@@H]1[C@H]([C@H]([C@@H](O1)n2cnc3c2ncnc3N)O)O
PRMT4,7okp,QVR,101,1,E,192,H31,51.038,34.428,129.996,7.645,,,C/C=C/[C@@H]1[C@H]([C@H]([C@@H](O1)n2cnc3c2ncnc3N)O)O
PRMT4,7okp,QVR,101,1,E,193,H61,51.766,35.687,132.712,12.742,,,C/C=C/[C@@H]1[C@H]([C@H]([C@@H](O1)n2cnc3c2ncnc3N)O)O
PRMT4,7okp,QVR,101,1,E,194,H62,50.295,38.457,131.399,5.097,,,C/C=C/[C@@H]1[C@H]([C@H]([C@@H](O1)n2cnc3c2ncnc3N)O)O
PRMT4,7okp,QVR,101,1,E,195,H44,49.041,35.977,130.062,10.194,,,C/C=C/[C@@H]1[C@H]([C@H]([C@@H](O1)n2cnc3c2ncnc3N)O)O
PRMT4,7okp,QVR,101,1,E,196,H43,49.13,34.916,132.3,18.689,,,C/C=C/[C@@H]1[C@H]([C@H]([C@@H](O1)n2cnc3c2ncnc3N)O)O
PRMT4,7okp,QVR,101,1,E,197,H58,50.3,36.344,128.181,13.592,,,C/C=C/[C@@H]1[C@H]([C@H]([C@@H](O1)n2cnc3c2ncnc3N)O)O
PRMT4,7okp,QVR,101,1,E,198,H56,51.232,42.507,129.73,29.732,,,C/C=C/[C@@H]1[C@H]([C@H]([C@@H](O1)n2cnc3c2ncnc3N)O)O
PRMT4,7okp,QVR,101,1,E,199,H59,51.073,40.075,125.043,22.936,,,C/C=C/[C@@H]1[C@H]([C@H]([C@@H](O1)n2cnc3c2ncnc3N)O)O
PRMT4,7okp,QVR,101,1,E,200,H60,51.355,41.746,125.275,31.431,,,C/C=C/[C@@H]1[C@H]([C@H]([C@@H](O1)n2cnc3c2ncnc3N)O)O
PRMT4,7okp,QVR,101,1,E,201,H46,48.13,38.274,130.918,17.839,,,C/C=C/[C@@H]1[C@H]([C@H]([C@@H](O1)n2cnc3c2ncnc3N)O)O
PRMT4,7okp,QVR,101,1,E,202,H45,50.275,37.138,133.51,16.14,,,C/C=C/[C@@H]1[C@H]([C@H]([C@@H](O1)n2cnc3c2ncnc3N)O)O
PRMT4,7okp,QVR,101,1,F,170,C28,24.096,20.796,121.015,4.831,1.0,C,C/C=C/[C@@H]1[C@H]([C@H]([C@@H](O1)n2cnc3c2ncnc3N)O)O
PRMT4,7okp,QVR,101,1,F,171,C31,24.342,21.809,120.208,2.415,2.0,C,C/C=C/[C@@H]1[C@H]([C@H]([C@@H](O1)n2cnc3c2ncnc3N)O)O
PRMT4,7okp,QVR,101,1,F,175,C40,25.868,21.727,118.188,1.208,4.0,C,C/C=C/[C@@H]1[C@H]([C@H]([C@@H](O1)n2cnc3c2ncnc3N)O)O
PRMT4,7okp,QVR,101,1,F,176,C49,23.982,25.564,118.499,12.076,9.0,C,C/C=C/[C@@H]1[C@H]([C@H]([C@@H](O1)n2cnc3c2ncnc3N)O)O
PRMT4,7okp,QVR,101,1,F,177,C50,23.079,26.733,116.976,7.246,11.0,C,C/C=C/[C@@H]1[C@H]([C@H]([C@@H](O1)n2cnc3c2ncnc3N)O)O
PRMT4,7okp,QVR,101,1,F,178,C51,23.383,25.51,116.396,3.623,12.0,C,C/C=C/[C@@H]1[C@H]([C@H]([C@@H](O1)n2cnc3c2ncnc3N)O)O
PRMT4,7okp,QVR,101,1,F,179,C53,22.55,26.124,114.451,14.492,14.0,C,C/C=C/[C@@H]1[C@H]([C@H]([C@@H](O1)n2cnc3c2ncnc3N)O)O
PRMT4,7okp,QVR,101,1,F,180,C55,22.451,27.688,116.153,8.453,16.0,C,C/C=C/[C@@H]1[C@H]([C@H]([C@@H](O1)n2cnc3c2ncnc3N)O)O
PRMT4,7okp,QVR,101,1,F,182,N48,23.462,26.753,118.308,21.872,10.0,N,C/C=C/[C@@H]1[C@H]([C@H]([C@@H](O1)n2cnc3c2ncnc3N)O)O
PRMT4,7okp,QVR,101,1,F,183,N52,23.146,25.14,115.13,16.404,13.0,N,C/C=C/[C@@H]1[C@H]([C@H]([C@@H](O1)n2cnc3c2ncnc3N)O)O
PRMT4,7okp,QVR,101,1,F,184,N54,22.198,27.343,114.872,17.497,15.0,N,C/C=C/[C@@H]1[C@H]([C@H]([C@@H](O1)n2cnc3c2ncnc3N)O)O
PRMT4,7okp,QVR,101,1,F,185,N57,22.1,28.909,116.567,13.123,17.0,N,C/C=C/[C@@H]1[C@H]([C@H]([C@@H](O1)n2cnc3c2ncnc3N)O)O
PRMT4,7okp,QVR,101,1,F,186,O37,23.655,22.532,118.025,13.929,7.0,O,C/C=C/[C@@H]1[C@H]([C@H]([C@@H](O1)n2cnc3c2ncnc3N)O)O
PRMT4,7okp,QVR,101,1,F,187,O41,26.891,23.509,116.853,30.001,18.0,O,C/C=C/[C@@H]1[C@H]([C@H]([C@@H](O1)n2cnc3c2ncnc3N)O)O
PRMT4,7okp,QVR,101,1,F,188,O42,26.09,20.898,117.053,25.715,19.0,O,C/C=C/[C@@H]1[C@H]([C@H]([C@@H](O1)n2cnc3c2ncnc3N)O)O
PRMT4,7okp,QVR,101,1,F,189,H1,24.876,21.418,122.844,8.495,,,C/C=C/[C@@H]1[C@H]([C@H]([C@@H](O1)n2cnc3c2ncnc3N)O)O
PRMT4,7okp,QVR,101,1,F,190,H29,23.151,21.632,122.673,22.936,,,C/C=C/[C@@H]1[C@H]([C@H]([C@@H](O1)n2cnc3c2ncnc3N)O)O
PRMT4,7okp,QVR,101,1,F,191,H28,23.974,19.79,120.616,14.441,,,C/C=C/[C@@H]1[C@H]([C@H]([C@@H](O1)n2cnc3c2ncnc3N)O)O
PRMT4,7okp,QVR,101,1,F,192,H31,24.472,22.831,120.561,6.796,,,C/C=C/[C@@H]1[C@H]([C@H]([C@@H](O1)n2cnc3c2ncnc3N)O)O
PRMT4,7okp,QVR,101,1,F,193,H61,24.023,20.596,118.497,11.893,,,C/C=C/[C@@H]1[C@H]([C@H]([C@@H](O1)n2cnc3c2ncnc3N)O)O
PRMT4,7okp,QVR,101,1,F,194,H62,24.403,23.106,116.234,6.796,,,C/C=C/[C@@H]1[C@H]([C@H]([C@@H](O1)n2cnc3c2ncnc3N)O)O
PRMT4,7okp,QVR,101,1,F,195,H44,26.072,23.812,118.728,10.194,,,C/C=C/[C@@H]1[C@H]([C@H]([C@@H](O1)n2cnc3c2ncnc3N)O)O
PRMT4,7okp,QVR,101,1,F,196,H43,26.654,21.423,118.879,18.689,,,C/C=C/[C@@H]1[C@H]([C@H]([C@@H](O1)n2cnc3c2ncnc3N)O)O
PRMT4,7okp,QVR,101,1,F,197,H58,24.394,25.225,119.448,11.043,,,C/C=C/[C@@H]1[C@H]([C@H]([C@@H](O1)n2cnc3c2ncnc3N)O)O
PRMT4,7okp,QVR,101,1,F,198,H56,22.315,25.913,113.408,28.033,,,C/C=C/[C@@H]1[C@H]([C@H]([C@@H](O1)n2cnc3c2ncnc3N)O)O
PRMT4,7okp,QVR,101,1,F,199,H59,22.264,29.234,117.514,24.635,,,C/C=C/[C@@H]1[C@H]([C@H]([C@@H](O1)n2cnc3c2ncnc3N)O)O
PRMT4,7okp,QVR,101,1,F,200,H60,21.648,29.584,115.958,28.033,,,C/C=C/[C@@H]1[C@H]([C@H]([C@@H](O1)n2cnc3c2ncnc3N)O)O
PRMT4,7okp,QVR,101,1,F,201,H46,26.514,24.248,116.307,15.291,,,C/C=C/[C@@H]1[C@H]([C@H]([C@@H](O1)n2cnc3c2ncnc3N)O)O
PRMT4,7okp,QVR,101,1,F,202,H45,25.225,20.757,116.586,16.14,,,C/C=C/[C@@H]1[C@H]([C@H]([C@@H](O1)n2cnc3c2ncnc3N)O)O
PRMT4,7okp,QVR,101,1,G,170,C28,25.378,34.604,180.864,7.246,1.0,C,C/C=C/[C@@H]1[C@H]([C@H]([C@@H](O1)n2cnc3c2ncnc3N)O)O
PRMT4,7okp,QVR,101,1,G,171,C31,26.236,35.485,181.346,3.623,2.0,C,C/C=C/[C@@H]1[C@H]([C@H]([C@@H](O1)n2cnc3c2ncnc3N)O)O
PRMT4,7okp,QVR,101,1,G,176,C49,27.445,38.278,184.181,13.284,9.0,C,C/C=C/[C@@H]1[C@H]([C@H]([C@@H](O1)n2cnc3c2ncnc3N)O)O
PRMT4,7okp,QVR,101,1,G,177,C50,27.128,40.288,184.784,8.453,11.0,C,C/C=C/[C@@H]1[C@H]([C@H]([C@@H](O1)n2cnc3c2ncnc3N)O)O
PRMT4,7okp,QVR,101,1,G,178,C51,27.204,40.308,183.401,6.038,12.0,C,C/C=C/[C@@H]1[C@H]([C@H]([C@@H](O1)n2cnc3c2ncnc3N)O)O
PRMT4,7okp,QVR,101,1,G,179,C53,26.882,42.487,183.326,18.114,14.0,C,C/C=C/[C@@H]1[C@H]([C@H]([C@@H](O1)n2cnc3c2ncnc3N)O)O
PRMT4,7okp,QVR,101,1,G,180,C55,26.915,41.522,185.429,8.453,16.0,C,C/C=C/[C@@H]1[C@H]([C@H]([C@@H](O1)n2cnc3c2ncnc3N)O)O
PRMT4,7okp,QVR,101,1,G,182,N48,27.282,38.998,185.266,21.872,10.0,N,C/C=C/[C@@H]1[C@H]([C@H]([C@@H](O1)n2cnc3c2ncnc3N)O)O
PRMT4,7okp,QVR,101,1,G,183,N52,27.09,41.381,182.609,15.31,13.0,N,C/C=C/[C@@H]1[C@H]([C@H]([C@@H](O1)n2cnc3c2ncnc3N)O)O
PRMT4,7okp,QVR,101,1,G,184,N54,26.79,42.621,184.653,17.497,15.0,N,C/C=C/[C@@H]1[C@H]([C@H]([C@@H](O1)n2cnc3c2ncnc3N)O)O
PRMT4,7okp,QVR,101,1,G,185,N57,26.847,41.666,186.758,13.123,17.0,N,C/C=C/[C@@H]1[C@H]([C@H]([C@@H](O1)n2cnc3c2ncnc3N)O)O
PRMT4,7okp,QVR,101,1,G,186,O37,26.359,37.896,181.233,13.929,7.0,O,C/C=C/[C@@H]1[C@H]([C@H]([C@@H](O1)n2cnc3c2ncnc3N)O)O
PRMT4,7okp,QVR,101,1,G,187,O41,29.919,38.049,181.251,32.144,18.0,O,C/C=C/[C@@H]1[C@H]([C@H]([C@@H](O1)n2cnc3c2ncnc3N)O)O
PRMT4,7okp,QVR,101,1,G,188,O42,28.368,37.506,179.057,24.644,19.0,O,C/C=C/[C@@H]1[C@H]([C@H]([C@@H](O1)n2cnc3c2ncnc3N)O)O
PRMT4,7okp,QVR,101,1,G,189,H1,25.819,32.917,182.001,8.495,,,C/C=C/[C@@H]1[C@H]([C@H]([C@@H](O1)n2cnc3c2ncnc3N)O)O
PRMT4,7okp,QVR,101,1,G,190,H29,24.354,33.749,182.461,24.635,,,C/C=C/[C@@H]1[C@H]([C@H]([C@@H](O1)n2cnc3c2ncnc3N)O)O
PRMT4,7okp,QVR,101,1,G,191,H28,24.956,34.737,179.869,15.291,,,C/C=C/[C@@H]1[C@H]([C@H]([C@@H](O1)n2cnc3c2ncnc3N)O)O
PRMT4,7okp,QVR,101,1,G,192,H31,26.678,35.393,182.337,6.796,,,C/C=C/[C@@H]1[C@H]([C@H]([C@@H](O1)n2cnc3c2ncnc3N)O)O
PRMT4,7okp,QVR,101,1,G,193,H61,26.025,36.707,179.633,11.043,,,C/C=C/[C@@H]1[C@H]([C@H]([C@@H](O1)n2cnc3c2ncnc3N)O)O
PRMT4,7okp,QVR,101,1,G,194,H62,27.736,39.371,181.018,4.247,,,C/C=C/[C@@H]1[C@H]([C@H]([C@@H](O1)n2cnc3c2ncnc3N)O)O
PRMT4,7okp,QVR,101,1,G,195,H44,28.717,36.723,182.288,7.645,,,C/C=C/[C@@H]1[C@H]([C@H]([C@@H](O1)n2cnc3c2ncnc3N)O)O
PRMT4,7okp,QVR,101,1,G,196,H43,28.603,35.765,180.015,21.237,,,C/C=C/[C@@H]1[C@H]([C@H]([C@@H](O1)n2cnc3c2ncnc3N)O)O
PRMT4,7okp,QVR,101,1,G,197,H58,27.595,37.2,184.182,12.742,,,C/C=C/[C@@H]1[C@H]([C@H]([C@@H](O1)n2cnc3c2ncnc3N)O)O
PRMT4,7okp,QVR,101,1,G,198,H56,26.772,43.412,182.762,30.582,,,C/C=C/[C@@H]1[C@H]([C@H]([C@@H](O1)n2cnc3c2ncnc3N)O)O
PRMT4,7okp,QVR,101,1,G,199,H59,26.946,40.885,187.399,23.786,,,C/C=C/[C@@H]1[C@H]([C@H]([C@@H](O1)n2cnc3c2ncnc3N)O)O
PRMT4,7okp,QVR,101,1,G,200,H60,26.692,42.565,187.204,27.184,,,C/C=C/[C@@H]1[C@H]([C@H]([C@@H](O1)n2cnc3c2ncnc3N)O)O
PRMT4,7okp,QVR,101,1,G,201,H46,29.718,38.948,180.882,14.441,,,C/C=C/[C@@H]1[C@H]([C@H]([C@@H](O1)n2cnc3c2ncnc3N)O)O
PRMT4,7okp,QVR,101,1,G,202,H45,27.535,37.996,178.829,16.14,,,C/C=C/[C@@H]1[C@H]([C@H]([C@@H](O1)n2cnc3c2ncnc3N)O)O
PRMT4,7okp,QVR,101,1,H,169,C24,52.671,19.738,190.029,1.208,0.0,C,C/C=C/[C@@H]1[C@H]([C@H]([C@@H](O1)n2cnc3c2ncnc3N)O)O
PRMT4,7okp,QVR,101,1,H,170,C28,52.461,19.61,191.51,7.246,1.0,C,C/C=C/[C@@H]1[C@H]([C@H]([C@@H](O1)n2cnc3c2ncnc3N)O)O
PRMT4,7okp,QVR,101,1,H,171,C31,52.359,20.636,192.332,3.623,2.0,C,C/C=C/[C@@H]1[C@H]([C@H]([C@@H](O1)n2cnc3c2ncnc3N)O)O
PRMT4,7okp,QVR,101,1,H,176,C49,52.702,24.43,194.032,12.076,9.0,C,C/C=C/[C@@H]1[C@H]([C@H]([C@@H](O1)n2cnc3c2ncnc3N)O)O
PRMT4,7okp,QVR,101,1,H,177,C50,53.93,25.387,195.473,9.661,11.0,C,C/C=C/[C@@H]1[C@H]([C@H]([C@@H](O1)n2cnc3c2ncnc3N)O)O
PRMT4,7okp,QVR,101,1,H,178,C51,53.544,24.179,196.035,6.038,12.0,C,C/C=C/[C@@H]1[C@H]([C@H]([C@@H](O1)n2cnc3c2ncnc3N)O)O
PRMT4,7okp,QVR,101,1,H,179,C53,54.675,24.577,197.883,18.114,14.0,C,C/C=C/[C@@H]1[C@H]([C@H]([C@@H](O1)n2cnc3c2ncnc3N)O)O
PRMT4,7okp,QVR,101,1,H,180,C55,54.773,26.209,196.247,9.661,16.0,C,C/C=C/[C@@H]1[C@H]([C@H]([C@@H](O1)n2cnc3c2ncnc3N)O)O
PRMT4,7okp,QVR,101,1,H,182,N48,53.39,25.534,194.205,20.778,10.0,N,C/C=C/[C@@H]1[C@H]([C@H]([C@@H](O1)n2cnc3c2ncnc3N)O)O
PRMT4,7okp,QVR,101,1,H,183,N52,53.881,23.714,197.243,15.31,13.0,N,C/C=C/[C@@H]1[C@H]([C@H]([C@@H](O1)n2cnc3c2ncnc3N)O)O
PRMT4,7okp,QVR,101,1,H,184,N54,55.13,25.765,197.472,19.685,15.0,N,C/C=C/[C@@H]1[C@H]([C@H]([C@@H](O1)n2cnc3c2ncnc3N)O)O
PRMT4,7okp,QVR,101,1,H,185,N57,55.247,27.39,195.832,10.936,17.0,N,C/C=C/[C@@H]1[C@H]([C@H]([C@@H](O1)n2cnc3c2ncnc3N)O)O
PRMT4,7okp,QVR,101,1,H,186,O37,52.948,21.295,194.568,13.929,7.0,O,C/C=C/[C@@H]1[C@H]([C@H]([C@@H](O1)n2cnc3c2ncnc3N)O)O
PRMT4,7okp,QVR,101,1,H,187,O41,49.707,22.533,195.431,32.144,18.0,O,C/C=C/[C@@H]1[C@H]([C@H]([C@@H](O1)n2cnc3c2ncnc3N)O)O
PRMT4,7okp,QVR,101,1,H,188,O42,50.434,19.872,195.426,26.786,19.0,O,C/C=C/[C@@H]1[C@H]([C@H]([C@@H](O1)n2cnc3c2ncnc3N)O)O
PRMT4,7okp,QVR,101,1,H,189,H1,51.856,20.363,189.668,7.645,,,C/C=C/[C@@H]1[C@H]([C@H]([C@@H](O1)n2cnc3c2ncnc3N)O)O
PRMT4,7okp,QVR,101,1,H,190,H29,53.585,20.318,189.909,21.237,,,C/C=C/[C@@H]1[C@H]([C@H]([C@@H](O1)n2cnc3c2ncnc3N)O)O
PRMT4,7okp,QVR,101,1,H,191,H28,52.395,18.592,191.89,14.441,,,C/C=C/[C@@H]1[C@H]([C@H]([C@@H](O1)n2cnc3c2ncnc3N)O)O
PRMT4,7okp,QVR,101,1,H,192,H31,52.424,21.672,192.001,5.097,,,C/C=C/[C@@H]1[C@H]([C@H]([C@@H](O1)n2cnc3c2ncnc3N)O)O
PRMT4,7okp,QVR,101,1,H,193,H61,52.5,19.392,194.038,11.893,,,C/C=C/[C@@H]1[C@H]([C@H]([C@@H](O1)n2cnc3c2ncnc3N)O)O
PRMT4,7okp,QVR,101,1,H,194,H62,52.093,22.005,196.265,4.247,,,C/C=C/[C@@H]1[C@H]([C@H]([C@@H](O1)n2cnc3c2ncnc3N)O)O
PRMT4,7okp,QVR,101,1,H,195,H44,50.679,22.696,193.617,9.344,,,C/C=C/[C@@H]1[C@H]([C@H]([C@@H](O1)n2cnc3c2ncnc3N)O)O
PRMT4,7okp,QVR,101,1,H,196,H43,49.943,20.332,193.55,16.99,,,C/C=C/[C@@H]1[C@H]([C@H]([C@@H](O1)n2cnc3c2ncnc3N)O)O
PRMT4,7okp,QVR,101,1,H,197,H58,52.133,24.201,193.131,12.742,,,C/C=C/[C@@H]1[C@H]([C@H]([C@@H](O1)n2cnc3c2ncnc3N)O)O
PRMT4,7okp,QVR,101,1,H,198,H56,55.001,24.28,198.879,28.883,,,C/C=C/[C@@H]1[C@H]([C@H]([C@@H](O1)n2cnc3c2ncnc3N)O)O
PRMT4,7okp,QVR,101,1,H,199,H59,55.028,27.777,194.919,24.635,,,C/C=C/[C@@H]1[C@H]([C@H]([C@@H](O1)n2cnc3c2ncnc3N)O)O
PRMT4,7okp,QVR,101,1,H,200,H60,55.854,27.968,196.404,30.582,,,C/C=C/[C@@H]1[C@H]([C@H]([C@@H](O1)n2cnc3c2ncnc3N)O)O
PRMT4,7okp,QVR,101,1,H,201,H46,50.053,22.357,196.345,16.14,,,C/C=C/[C@@H]1[C@H]([C@H]([C@@H](O1)n2cnc3c2ncnc3N)O)O
PRMT4,7okp,QVR,101,1,H,202,H45,51.288,19.669,195.89,15.291,,,C/C=C/[C@@H]1[C@H]([C@H]([C@@H](O1)n2cnc3c2ncnc3N)O)O
PRMT4,7os4,QVR,101,1,E,78,C24,51.925,32.342,129.771,27.775,0.0,C,C/C=C/[C@@H]1[C@H]([C@H]([C@@H](O1)n2cnc3c2ncnc3N)O)O
PRMT4,7os4,QVR,101,1,E,79,C28,51.554,33.611,130.48,25.36,1.0,C,C/C=C/[C@@H]1[C@H]([C@H]([C@@H](O1)n2cnc3c2ncnc3N)O)O
PRMT4,7os4,QVR,101,1,E,80,C31,50.7,34.507,130.025,14.492,2.0,C,C/C=C/[C@@H]1[C@H]([C@H]([C@@H](O1)n2cnc3c2ncnc3N)O)O
PRMT4,7os4,QVR,101,1,E,81,C36,50.401,35.74,130.811,8.453,3.0,C,C/C=C/[C@@H]1[C@H]([C@H]([C@@H](O1)n2cnc3c2ncnc3N)O)O
PRMT4,7os4,QVR,101,1,E,82,C38,49.653,37.662,129.708,1.208,6.0,C,C/C=C/[C@@H]1[C@H]([C@H]([C@@H](O1)n2cnc3c2ncnc3N)O)O
PRMT4,7os4,QVR,101,1,E,83,C39,48.459,36.734,129.881,7.246,5.0,C,C/C=C/[C@@H]1[C@H]([C@H]([C@@H](O1)n2cnc3c2ncnc3N)O)O
PRMT4,7os4,QVR,101,1,E,84,C40,48.91,35.937,131.104,14.492,4.0,C,C/C=C/[C@@H]1[C@H]([C@H]([C@@H](O1)n2cnc3c2ncnc3N)O)O
PRMT4,7os4,QVR,101,1,E,85,C49,49.815,37.426,127.19,24.153,9.0,C,C/C=C/[C@@H]1[C@H]([C@H]([C@@H](O1)n2cnc3c2ncnc3N)O)O
PRMT4,7os4,QVR,101,1,E,86,C50,50.143,39.432,126.589,6.038,11.0,C,C/C=C/[C@@H]1[C@H]([C@H]([C@@H](O1)n2cnc3c2ncnc3N)O)O
PRMT4,7os4,QVR,101,1,E,87,C51,50.044,39.458,127.968,6.038,12.0,C,C/C=C/[C@@H]1[C@H]([C@H]([C@@H](O1)n2cnc3c2ncnc3N)O)O
PRMT4,7os4,QVR,101,1,E,88,C53,50.32,41.64,128.043,38.644,14.0,C,C/C=C/[C@@H]1[C@H]([C@H]([C@@H](O1)n2cnc3c2ncnc3N)O)O
PRMT4,7os4,QVR,101,1,E,89,C55,50.345,40.669,125.944,7.246,16.0,C,C/C=C/[C@@H]1[C@H]([C@H]([C@@H](O1)n2cnc3c2ncnc3N)O)O
PRMT4,7os4,QVR,101,1,E,91,N48,50.002,38.141,126.103,28.433,10.0,N,C/C=C/[C@@H]1[C@H]([C@H]([C@@H](O1)n2cnc3c2ncnc3N)O)O
PRMT4,7os4,QVR,101,1,E,92,N52,50.125,40.531,128.761,18.591,13.0,N,C/C=C/[C@@H]1[C@H]([C@H]([C@@H](O1)n2cnc3c2ncnc3N)O)O
PRMT4,7os4,QVR,101,1,E,93,N54,50.432,41.773,126.719,21.872,15.0,N,C/C=C/[C@@H]1[C@H]([C@H]([C@@H](O1)n2cnc3c2ncnc3N)O)O
PRMT4,7os4,QVR,101,1,E,94,N57,50.436,40.811,124.619,52.492,17.0,N,C/C=C/[C@@H]1[C@H]([C@H]([C@@H](O1)n2cnc3c2ncnc3N)O)O
PRMT4,7os4,QVR,101,1,E,95,O37,50.796,36.904,130.06,16.072,7.0,O,C/C=C/[C@@H]1[C@H]([C@H]([C@@H](O1)n2cnc3c2ncnc3N)O)O
PRMT4,7os4,QVR,101,1,E,96,O41,47.256,37.463,130.105,41.787,18.0,O,C/C=C/[C@@H]1[C@H]([C@H]([C@@H](O1)n2cnc3c2ncnc3N)O)O
PRMT4,7os4,QVR,101,1,E,97,O42,48.683,36.652,132.313,41.787,19.0,O,C/C=C/[C@@H]1[C@H]([C@H]([C@@H](O1)n2cnc3c2ncnc3N)O)O
PRMT4,7os4,QVR,101,1,F,78,C24,23.643,20.833,121.772,27.775,0.0,C,C/C=C/[C@@H]1[C@H]([C@H]([C@@H](O1)n2cnc3c2ncnc3N)O)O
PRMT4,7os4,QVR,101,1,F,79,C28,23.734,20.707,120.28,22.945,1.0,C,C/C=C/[C@@H]1[C@H]([C@H]([C@@H](O1)n2cnc3c2ncnc3N)O)O
PRMT4,7os4,QVR,101,1,F,80,C31,24.243,21.616,119.471,13.284,2.0,C,C/C=C/[C@@H]1[C@H]([C@H]([C@@H](O1)n2cnc3c2ncnc3N)O)O
PRMT4,7os4,QVR,101,1,F,81,C36,24.275,21.373,117.998,9.661,3.0,C,C/C=C/[C@@H]1[C@H]([C@H]([C@@H](O1)n2cnc3c2ncnc3N)O)O
PRMT4,7os4,QVR,101,1,F,82,C38,24.26,23.188,116.519,2.415,6.0,C,C/C=C/[C@@H]1[C@H]([C@H]([C@@H](O1)n2cnc3c2ncnc3N)O)O
PRMT4,7os4,QVR,101,1,F,83,C39,25.688,23.003,117.018,7.246,5.0,C,C/C=C/[C@@H]1[C@H]([C@H]([C@@H](O1)n2cnc3c2ncnc3N)O)O
PRMT4,7os4,QVR,101,1,F,84,C40,25.663,21.517,117.37,13.284,4.0,C,C/C=C/[C@@H]1[C@H]([C@H]([C@@H](O1)n2cnc3c2ncnc3N)O)O
PRMT4,7os4,QVR,101,1,F,85,C49,23.837,25.372,117.728,22.945,9.0,C,C/C=C/[C@@H]1[C@H]([C@H]([C@@H](O1)n2cnc3c2ncnc3N)O)O
PRMT4,7os4,QVR,101,1,F,86,C50,22.848,26.514,116.239,4.831,11.0,C,C/C=C/[C@@H]1[C@H]([C@H]([C@@H](O1)n2cnc3c2ncnc3N)O)O
PRMT4,7os4,QVR,101,1,F,87,C51,23.118,25.282,115.664,7.246,12.0,C,C/C=C/[C@@H]1[C@H]([C@H]([C@@H](O1)n2cnc3c2ncnc3N)O)O
PRMT4,7os4,QVR,101,1,F,88,C53,22.195,25.87,113.753,36.229,14.0,C,C/C=C/[C@@H]1[C@H]([C@H]([C@@H](O1)n2cnc3c2ncnc3N)O)O
PRMT4,7os4,QVR,101,1,F,89,C55,22.186,27.463,115.432,8.453,16.0,C,C/C=C/[C@@H]1[C@H]([C@H]([C@@H](O1)n2cnc3c2ncnc3N)O)O
PRMT4,7os4,QVR,101,1,F,91,N48,23.306,26.565,117.548,25.153,10.0,N,C/C=C/[C@@H]1[C@H]([C@H]([C@@H](O1)n2cnc3c2ncnc3N)O)O
PRMT4,7os4,QVR,101,1,F,92,N52,22.817,24.896,114.422,21.872,13.0,N,C/C=C/[C@@H]1[C@H]([C@H]([C@@H](O1)n2cnc3c2ncnc3N)O)O
PRMT4,7os4,QVR,101,1,F,93,N54,21.869,27.097,114.169,21.872,15.0,N,C/C=C/[C@@H]1[C@H]([C@H]([C@@H](O1)n2cnc3c2ncnc3N)O)O
PRMT4,7os4,QVR,101,1,F,94,N57,21.857,28.69,115.841,52.492,17.0,N,C/C=C/[C@@H]1[C@H]([C@H]([C@@H](O1)n2cnc3c2ncnc3N)O)O
PRMT4,7os4,QVR,101,1,F,95,O37,23.451,22.34,117.316,19.286,7.0,O,C/C=C/[C@@H]1[C@H]([C@H]([C@@H](O1)n2cnc3c2ncnc3N)O)O
PRMT4,7os4,QVR,101,1,F,96,O41,26.632,23.314,116.0,42.858,18.0,O,C/C=C/[C@@H]1[C@H]([C@H]([C@@H](O1)n2cnc3c2ncnc3N)O)O
PRMT4,7os4,QVR,101,1,F,97,O42,25.806,20.704,116.211,43.93,19.0,O,C/C=C/[C@@H]1[C@H]([C@H]([C@@H](O1)n2cnc3c2ncnc3N)O)O
PRMT4,7os4,QVR,101,1,G,78,C24,24.633,33.322,180.36,27.775,0.0,C,C/C=C/[C@@H]1[C@H]([C@H]([C@@H](O1)n2cnc3c2ncnc3N)O)O
PRMT4,7os4,QVR,101,1,G,79,C28,25.115,34.564,179.67,21.737,1.0,C,C/C=C/[C@@H]1[C@H]([C@H]([C@@H](O1)n2cnc3c2ncnc3N)O)O
PRMT4,7os4,QVR,101,1,G,80,C31,26.157,35.282,180.041,15.699,2.0,C,C/C=C/[C@@H]1[C@H]([C@H]([C@@H](O1)n2cnc3c2ncnc3N)O)O
PRMT4,7os4,QVR,101,1,G,81,C36,26.529,36.502,179.263,10.869,3.0,C,C/C=C/[C@@H]1[C@H]([C@H]([C@@H](O1)n2cnc3c2ncnc3N)O)O
PRMT4,7os4,QVR,101,1,G,82,C38,27.326,38.4,180.38,3.623,6.0,C,C/C=C/[C@@H]1[C@H]([C@H]([C@@H](O1)n2cnc3c2ncnc3N)O)O
PRMT4,7os4,QVR,101,1,G,83,C39,28.492,37.433,180.216,7.246,5.0,C,C/C=C/[C@@H]1[C@H]([C@H]([C@@H](O1)n2cnc3c2ncnc3N)O)O
PRMT4,7os4,QVR,101,1,G,84,C40,28.029,36.642,178.992,13.284,4.0,C,C/C=C/[C@@H]1[C@H]([C@H]([C@@H](O1)n2cnc3c2ncnc3N)O)O
PRMT4,7os4,QVR,101,1,G,85,C49,27.146,38.143,182.895,22.945,9.0,C,C/C=C/[C@@H]1[C@H]([C@H]([C@@H](O1)n2cnc3c2ncnc3N)O)O
PRMT4,7os4,QVR,101,1,G,86,C50,26.837,40.149,183.516,6.038,11.0,C,C/C=C/[C@@H]1[C@H]([C@H]([C@@H](O1)n2cnc3c2ncnc3N)O)O
PRMT4,7os4,QVR,101,1,G,87,C51,26.935,40.18,182.136,6.038,12.0,C,C/C=C/[C@@H]1[C@H]([C@H]([C@@H](O1)n2cnc3c2ncnc3N)O)O
PRMT4,7os4,QVR,101,1,G,88,C53,26.653,42.366,182.081,41.059,14.0,C,C/C=C/[C@@H]1[C@H]([C@H]([C@@H](O1)n2cnc3c2ncnc3N)O)O
PRMT4,7os4,QVR,101,1,G,89,C55,26.63,41.376,184.172,8.453,16.0,C,C/C=C/[C@@H]1[C@H]([C@H]([C@@H](O1)n2cnc3c2ncnc3N)O)O
PRMT4,7os4,QVR,101,1,G,91,N48,26.972,38.849,183.987,25.153,10.0,N,C/C=C/[C@@H]1[C@H]([C@H]([C@@H](O1)n2cnc3c2ncnc3N)O)O
PRMT4,7os4,QVR,101,1,G,92,N52,26.85,41.264,181.353,17.497,13.0,N,C/C=C/[C@@H]1[C@H]([C@H]([C@@H](O1)n2cnc3c2ncnc3N)O)O
PRMT4,7os4,QVR,101,1,G,93,N54,26.541,42.487,183.407,19.685,15.0,N,C/C=C/[C@@H]1[C@H]([C@H]([C@@H](O1)n2cnc3c2ncnc3N)O)O
PRMT4,7os4,QVR,101,1,G,94,N57,26.521,41.504,185.496,52.492,17.0,N,C/C=C/[C@@H]1[C@H]([C@H]([C@@H](O1)n2cnc3c2ncnc3N)O)O
PRMT4,7os4,QVR,101,1,G,95,O37,26.164,37.69,179.992,15.0,7.0,O,C/C=C/[C@@H]1[C@H]([C@H]([C@@H](O1)n2cnc3c2ncnc3N)O)O
PRMT4,7os4,QVR,101,1,G,96,O41,29.712,38.132,179.996,41.787,18.0,O,C/C=C/[C@@H]1[C@H]([C@H]([C@@H](O1)n2cnc3c2ncnc3N)O)O
PRMT4,7os4,QVR,101,1,G,97,O42,28.288,37.331,177.775,43.93,19.0,O,C/C=C/[C@@H]1[C@H]([C@H]([C@@H](O1)n2cnc3c2ncnc3N)O)O
PRMT4,7os4,QVR,101,1,H,78,C24,52.203,19.85,188.474,26.568,0.0,C,C/C=C/[C@@H]1[C@H]([C@H]([C@@H](O1)n2cnc3c2ncnc3N)O)O
PRMT4,7os4,QVR,101,1,H,79,C28,52.085,19.668,189.959,24.153,1.0,C,C/C=C/[C@@H]1[C@H]([C@H]([C@@H](O1)n2cnc3c2ncnc3N)O)O
PRMT4,7os4,QVR,101,1,H,80,C31,51.704,20.612,190.797,13.284,2.0,C,C/C=C/[C@@H]1[C@H]([C@H]([C@@H](O1)n2cnc3c2ncnc3N)O)O
PRMT4,7os4,QVR,101,1,H,81,C36,51.617,20.359,192.265,9.661,3.0,C,C/C=C/[C@@H]1[C@H]([C@H]([C@@H](O1)n2cnc3c2ncnc3N)O)O
PRMT4,7os4,QVR,101,1,H,82,C38,51.743,22.174,193.741,3.623,6.0,C,C/C=C/[C@@H]1[C@H]([C@H]([C@@H](O1)n2cnc3c2ncnc3N)O)O
PRMT4,7os4,QVR,101,1,H,83,C39,50.314,22.098,193.216,8.453,5.0,C,C/C=C/[C@@H]1[C@H]([C@H]([C@@H](O1)n2cnc3c2ncnc3N)O)O
PRMT4,7os4,QVR,101,1,H,84,C40,50.228,20.615,192.858,12.076,4.0,C,C/C=C/[C@@H]1[C@H]([C@H]([C@@H](O1)n2cnc3c2ncnc3N)O)O
PRMT4,7os4,QVR,101,1,H,85,C49,52.295,24.33,192.538,22.945,9.0,C,C/C=C/[C@@H]1[C@H]([C@H]([C@@H](O1)n2cnc3c2ncnc3N)O)O
PRMT4,7os4,QVR,101,1,H,86,C50,53.406,25.38,193.998,7.246,11.0,C,C/C=C/[C@@H]1[C@H]([C@H]([C@@H](O1)n2cnc3c2ncnc3N)O)O
PRMT4,7os4,QVR,101,1,H,87,C51,53.072,24.169,194.584,6.038,12.0,C,C/C=C/[C@@H]1[C@H]([C@H]([C@@H](O1)n2cnc3c2ncnc3N)O)O
PRMT4,7os4,QVR,101,1,H,88,C53,54.086,24.669,196.466,38.644,14.0,C,C/C=C/[C@@H]1[C@H]([C@H]([C@@H](O1)n2cnc3c2ncnc3N)O)O
PRMT4,7os4,QVR,101,1,H,89,C55,54.162,26.272,194.801,7.246,16.0,C,C/C=C/[C@@H]1[C@H]([C@H]([C@@H](O1)n2cnc3c2ncnc3N)O)O
PRMT4,7os4,QVR,101,1,H,91,N48,52.919,25.478,192.714,22.965,10.0,N,C/C=C/[C@@H]1[C@H]([C@H]([C@@H](O1)n2cnc3c2ncnc3N)O)O
PRMT4,7os4,QVR,101,1,H,92,N52,53.377,23.747,195.808,18.591,13.0,N,C/C=C/[C@@H]1[C@H]([C@H]([C@@H](O1)n2cnc3c2ncnc3N)O)O
PRMT4,7os4,QVR,101,1,H,93,N54,54.486,25.874,196.049,20.778,15.0,N,C/C=C/[C@@H]1[C@H]([C@H]([C@@H](O1)n2cnc3c2ncnc3N)O)O
PRMT4,7os4,QVR,101,1,H,94,N57,54.563,27.477,194.39,50.305,17.0,N,C/C=C/[C@@H]1[C@H]([C@H]([C@@H](O1)n2cnc3c2ncnc3N)O)O
PRMT4,7os4,QVR,101,1,H,95,O37,52.497,21.265,192.959,17.143,7.0,O,C/C=C/[C@@H]1[C@H]([C@H]([C@@H](O1)n2cnc3c2ncnc3N)O)O
PRMT4,7os4,QVR,101,1,H,96,O41,49.375,22.488,194.212,43.93,18.0,O,C/C=C/[C@@H]1[C@H]([C@H]([C@@H](O1)n2cnc3c2ncnc3N)O)O
PRMT4,7os4,QVR,101,1,H,97,O42,49.974,19.804,193.998,43.93,19.0,O,C/C=C/[C@@H]1[C@H]([C@H]([C@@H](O1)n2cnc3c2ncnc3N)O)O
PRMT4,7ppq,LSK,501,1,B,5467,C4,31.653,24.071,128.358,2.415,21.0,C,[H]/N=C(/NCCCCCNC(=O)Nc1ccc2cc(cc(c2c1)O)C(=O)OC)\NC[C@@H]3[C@H]([C@H]([C@@H](O3)n4cnc5c4ncnc5N)O)O
PRMT4,7ppq,LSK,501,1,B,5470,C3,31.568,25.376,128.944,1.208,20.0,C,[H]/N=C(/NCCCCCNC(=O)Nc1ccc2cc(cc(c2c1)O)C(=O)OC)\NC[C@@H]3[C@H]([C@H]([C@@H](O3)n4cnc5c4ncnc5N)O)O
PRMT4,7ppq,LSK,501,1,B,5473,C2,32.631,25.912,129.633,3.623,19.0,C,[H]/N=C(/NCCCCCNC(=O)Nc1ccc2cc(cc(c2c1)O)C(=O)OC)\NC[C@@H]3[C@H]([C@H]([C@@H](O3)n4cnc5c4ncnc5N)O)O
PRMT4,7ppq,LSK,501,1,B,5474,N7,23.457,27.013,117.486,1.094,37.0,N,[H]/N=C(/NCCCCCNC(=O)Nc1ccc2cc(cc(c2c1)O)C(=O)OC)\NC[C@@H]3[C@H]([C@H]([C@@H](O3)n4cnc5c4ncnc5N)O)O
PRMT4,7ppq,LSK,501,1,B,5475,C5,32.866,23.346,128.512,1.208,16.0,C,[H]/N=C(/NCCCCCNC(=O)Nc1ccc2cc(cc(c2c1)O)C(=O)OC)\NC[C@@H]3[C@H]([C@H]([C@@H](O3)n4cnc5c4ncnc5N)O)O
PRMT4,7ppq,LSK,501,1,B,5476,C10,32.968,22.054,127.936,2.415,15.0,C,[H]/N=C(/NCCCCCNC(=O)Nc1ccc2cc(cc(c2c1)O)C(=O)OC)\NC[C@@H]3[C@H]([C@H]([C@@H](O3)n4cnc5c4ncnc5N)O)O
PRMT4,7ppq,LSK,501,1,B,5478,C6,33.936,23.942,129.219,6.038,17.0,C,[H]/N=C(/NCCCCCNC(=O)Nc1ccc2cc(cc(c2c1)O)C(=O)OC)\NC[C@@H]3[C@H]([C@H]([C@@H](O3)n4cnc5c4ncnc5N)O)O
PRMT4,7ppq,LSK,501,1,B,5479,O1,30.384,26.043,128.768,3.214,23.0,O,[H]/N=C(/NCCCCCNC(=O)Nc1ccc2cc(cc(c2c1)O)C(=O)OC)\NC[C@@H]3[C@H]([C@H]([C@@H](O3)n4cnc5c4ncnc5N)O)O
PRMT4,7ppq,LSK,501,1,B,5480,C1,33.811,25.186,129.786,1.208,18.0,C,[H]/N=C(/NCCCCCNC(=O)Nc1ccc2cc(cc(c2c1)O)C(=O)OC)\NC[C@@H]3[C@H]([C@H]([C@@H](O3)n4cnc5c4ncnc5N)O)O
PRMT4,7ppq,LSK,501,1,B,5482,C12,36.096,24.351,132.035,6.038,27.0,C,[H]/N=C(/NCCCCCNC(=O)Nc1ccc2cc(cc(c2c1)O)C(=O)OC)\NC[C@@H]3[C@H]([C@H]([C@@H](O3)n4cnc5c4ncnc5N)O)O
PRMT4,7ppq,LSK,501,1,B,5491,C7,30.59,23.464,127.629,3.623,22.0,C,[H]/N=C(/NCCCCCNC(=O)Nc1ccc2cc(cc(c2c1)O)C(=O)OC)\NC[C@@H]3[C@H]([C@H]([C@@H](O3)n4cnc5c4ncnc5N)O)O
PRMT4,7ppq,LSK,501,1,B,5492,C9,31.926,21.51,127.244,1.208,14.0,C,[H]/N=C(/NCCCCCNC(=O)Nc1ccc2cc(cc(c2c1)O)C(=O)OC)\NC[C@@H]3[C@H]([C@H]([C@@H](O3)n4cnc5c4ncnc5N)O)O
PRMT4,7ppq,LSK,501,1,B,5502,O3,35.705,26.602,130.073,35.358,25.0,O,[H]/N=C(/NCCCCCNC(=O)Nc1ccc2cc(cc(c2c1)O)C(=O)OC)\NC[C@@H]3[C@H]([C@H]([C@@H](O3)n4cnc5c4ncnc5N)O)O
PRMT4,7ppq,LSK,501,1,B,5503,O4,29.093,19.44,126.038,4.286,11.0,O,[H]/N=C(/NCCCCCNC(=O)Nc1ccc2cc(cc(c2c1)O)C(=O)OC)\NC[C@@H]3[C@H]([C@H]([C@@H](O3)n4cnc5c4ncnc5N)O)O
PRMT4,7ppq,LSK,501,1,B,5508,H2,24.182,20.981,118.187,5.097,,,[H]/N=C(/NCCCCCNC(=O)Nc1ccc2cc(cc(c2c1)O)C(=O)OC)\NC[C@@H]3[C@H]([C@H]([C@@H](O3)n4cnc5c4ncnc5N)O)O
PRMT4,7ppq,LSK,501,1,B,5519,H13,33.907,21.502,128.059,15.291,,,[H]/N=C(/NCCCCCNC(=O)Nc1ccc2cc(cc(c2c1)O)C(=O)OC)\NC[C@@H]3[C@H]([C@H]([C@@H](O3)n4cnc5c4ncnc5N)O)O
PRMT4,7ppq,LSK,501,1,B,5520,H14,34.853,23.359,129.338,7.645,,,[H]/N=C(/NCCCCCNC(=O)Nc1ccc2cc(cc(c2c1)O)C(=O)OC)\NC[C@@H]3[C@H]([C@H]([C@@H](O3)n4cnc5c4ncnc5N)O)O
PRMT4,7ppq,LSK,501,1,B,5522,H16,36.136,23.532,131.313,8.495,,,[H]/N=C(/NCCCCCNC(=O)Nc1ccc2cc(cc(c2c1)O)C(=O)OC)\NC[C@@H]3[C@H]([C@H]([C@@H](O3)n4cnc5c4ncnc5N)O)O
PRMT4,7ppq,LSK,501,1,B,5523,H17,35.971,23.911,133.021,5.946,,,[H]/N=C(/NCCCCCNC(=O)Nc1ccc2cc(cc(c2c1)O)C(=O)OC)\NC[C@@H]3[C@H]([C@H]([C@@H](O3)n4cnc5c4ncnc5N)O)O
PRMT4,7ppq,LSK,501,1,B,5524,H18,37.026,24.924,132.023,22.087,,,[H]/N=C(/NCCCCCNC(=O)Nc1ccc2cc(cc(c2c1)O)C(=O)OC)\NC[C@@H]3[C@H]([C@H]([C@@H](O3)n4cnc5c4ncnc5N)O)O
PRMT4,7ppq,LSK,501,1,B,5532,H26,29.647,23.999,127.486,0.849,,,[H]/N=C(/NCCCCCNC(=O)Nc1ccc2cc(cc(c2c1)O)C(=O)OC)\NC[C@@H]3[C@H]([C@H]([C@@H](O3)n4cnc5c4ncnc5N)O)O
PRMT4,7ppq,LSK,501,1,B,5533,H27,32.041,20.509,126.81,7.645,,,[H]/N=C(/NCCCCCNC(=O)Nc1ccc2cc(cc(c2c1)O)C(=O)OC)\NC[C@@H]3[C@H]([C@H]([C@@H](O3)n4cnc5c4ncnc5N)O)O
PRMT4,7ppq,LSK,501,1,B,5534,H28,29.556,22.113,125.439,0.849,,,[H]/N=C(/NCCCCCNC(=O)Nc1ccc2cc(cc(c2c1)O)C(=O)OC)\NC[C@@H]3[C@H]([C@H]([C@@H](O3)n4cnc5c4ncnc5N)O)O
PRMT4,7ppq,LSK,501,1,B,5536,H30,24.736,19.095,121.693,0.849,,,[H]/N=C(/NCCCCCNC(=O)Nc1ccc2cc(cc(c2c1)O)C(=O)OC)\NC[C@@H]3[C@H]([C@H]([C@@H](O3)n4cnc5c4ncnc5N)O)O
PRMT4,7ppq,LSK,501,1,B,5541,H35,25.895,20.364,116.683,0.849,,,[H]/N=C(/NCCCCCNC(=O)Nc1ccc2cc(cc(c2c1)O)C(=O)OC)\NC[C@@H]3[C@H]([C@H]([C@@H](O3)n4cnc5c4ncnc5N)O)O
PRMT4,7ppq,LSK,501,1,A,5457,C4,45.835,25.972,126.116,2.415,21.0,C,[H]/N=C(/NCCCCCNC(=O)Nc1ccc2cc(cc(c2c1)O)C(=O)OC)\NC[C@@H]3[C@H]([C@H]([C@@H](O3)n4cnc5c4ncnc5N)O)O
PRMT4,7ppq,LSK,501,1,A,5460,C3,45.744,26.061,124.671,3.623,20.0,C,[H]/N=C(/NCCCCCNC(=O)Nc1ccc2cc(cc(c2c1)O)C(=O)OC)\NC[C@@H]3[C@H]([C@H]([C@@H](O3)n4cnc5c4ncnc5N)O)O
PRMT4,7ppq,LSK,501,1,A,5461,C8,46.89,26.446,128.274,1.208,13.0,C,[H]/N=C(/NCCCCCNC(=O)Nc1ccc2cc(cc(c2c1)O)C(=O)OC)\NC[C@@H]3[C@H]([C@H]([C@@H](O3)n4cnc5c4ncnc5N)O)O
PRMT4,7ppq,LSK,501,1,A,5465,C5,44.825,25.232,126.793,2.415,16.0,C,[H]/N=C(/NCCCCCNC(=O)Nc1ccc2cc(cc(c2c1)O)C(=O)OC)\NC[C@@H]3[C@H]([C@H]([C@@H](O3)n4cnc5c4ncnc5N)O)O
PRMT4,7ppq,LSK,501,1,A,5466,C10,44.887,25.125,128.205,2.415,15.0,C,[H]/N=C(/NCCCCCNC(=O)Nc1ccc2cc(cc(c2c1)O)C(=O)OC)\NC[C@@H]3[C@H]([C@H]([C@@H](O3)n4cnc5c4ncnc5N)O)O
PRMT4,7ppq,LSK,501,1,A,5468,C6,43.794,24.623,126.039,4.831,17.0,C,[H]/N=C(/NCCCCCNC(=O)Nc1ccc2cc(cc(c2c1)O)C(=O)OC)\NC[C@@H]3[C@H]([C@H]([C@@H](O3)n4cnc5c4ncnc5N)O)O
PRMT4,7ppq,LSK,501,1,A,5469,O1,46.695,26.786,123.992,4.286,23.0,O,[H]/N=C(/NCCCCCNC(=O)Nc1ccc2cc(cc(c2c1)O)C(=O)OC)\NC[C@@H]3[C@H]([C@H]([C@@H](O3)n4cnc5c4ncnc5N)O)O
PRMT4,7ppq,LSK,501,1,A,5472,C12,41.69,25.988,122.874,6.038,27.0,C,[H]/N=C(/NCCCCCNC(=O)Nc1ccc2cc(cc(c2c1)O)C(=O)OC)\NC[C@@H]3[C@H]([C@H]([C@@H](O3)n4cnc5c4ncnc5N)O)O
PRMT4,7ppq,LSK,501,1,A,5481,C7,46.866,26.57,126.902,2.415,22.0,C,[H]/N=C(/NCCCCCNC(=O)Nc1ccc2cc(cc(c2c1)O)C(=O)OC)\NC[C@@H]3[C@H]([C@H]([C@@H](O3)n4cnc5c4ncnc5N)O)O
PRMT4,7ppq,LSK,501,1,A,5491,O2,41.579,24.877,123.804,17.143,26.0,O,[H]/N=C(/NCCCCCNC(=O)Nc1ccc2cc(cc(c2c1)O)C(=O)OC)\NC[C@@H]3[C@H]([C@H]([C@@H](O3)n4cnc5c4ncnc5N)O)O
PRMT4,7ppq,LSK,501,1,A,5492,O3,42.671,22.957,123.486,11.786,25.0,O,[H]/N=C(/NCCCCCNC(=O)Nc1ccc2cc(cc(c2c1)O)C(=O)OC)\NC[C@@H]3[C@H]([C@H]([C@@H](O3)n4cnc5c4ncnc5N)O)O
PRMT4,7ppq,LSK,501,1,A,5493,O4,48.558,25.625,130.671,8.572,11.0,O,[H]/N=C(/NCCCCCNC(=O)Nc1ccc2cc(cc(c2c1)O)C(=O)OC)\NC[C@@H]3[C@H]([C@H]([C@@H](O3)n4cnc5c4ncnc5N)O)O
PRMT4,7ppq,LSK,501,1,A,5498,H2,51.637,36.23,131.5,2.548,,,[H]/N=C(/NCCCCCNC(=O)Nc1ccc2cc(cc(c2c1)O)C(=O)OC)\NC[C@@H]3[C@H]([C@H]([C@@H](O3)n4cnc5c4ncnc5N)O)O
PRMT4,7ppq,LSK,501,1,A,5509,H13,44.107,24.547,128.715,16.14,,,[H]/N=C(/NCCCCCNC(=O)Nc1ccc2cc(cc(c2c1)O)C(=O)OC)\NC[C@@H]3[C@H]([C@H]([C@@H](O3)n4cnc5c4ncnc5N)O)O
PRMT4,7ppq,LSK,501,1,A,5510,H14,43.037,24.05,126.58,10.194,,,[H]/N=C(/NCCCCCNC(=O)Nc1ccc2cc(cc(c2c1)O)C(=O)OC)\NC[C@@H]3[C@H]([C@H]([C@@H](O3)n4cnc5c4ncnc5N)O)O
PRMT4,7ppq,LSK,501,1,A,5511,H15,47.44,27.243,124.442,0.849,,,[H]/N=C(/NCCCCCNC(=O)Nc1ccc2cc(cc(c2c1)O)C(=O)OC)\NC[C@@H]3[C@H]([C@H]([C@@H](O3)n4cnc5c4ncnc5N)O)O
PRMT4,7ppq,LSK,501,1,A,5512,H16,42.144,25.739,121.913,5.097,,,[H]/N=C(/NCCCCCNC(=O)Nc1ccc2cc(cc(c2c1)O)C(=O)OC)\NC[C@@H]3[C@H]([C@H]([C@@H](O3)n4cnc5c4ncnc5N)O)O
PRMT4,7ppq,LSK,501,1,A,5513,H17,42.213,26.846,123.298,11.043,,,[H]/N=C(/NCCCCCNC(=O)Nc1ccc2cc(cc(c2c1)O)C(=O)OC)\NC[C@@H]3[C@H]([C@H]([C@@H](O3)n4cnc5c4ncnc5N)O)O
PRMT4,7ppq,LSK,501,1,A,5514,H18,40.648,26.261,122.717,28.033,,,[H]/N=C(/NCCCCCNC(=O)Nc1ccc2cc(cc(c2c1)O)C(=O)OC)\NC[C@@H]3[C@H]([C@H]([C@@H](O3)n4cnc5c4ncnc5N)O)O
PRMT4,7ppq,LSK,501,1,A,5521,H25,52.913,32.108,131.979,0.849,,,[H]/N=C(/NCCCCCNC(=O)Nc1ccc2cc(cc(c2c1)O)C(=O)OC)\NC[C@@H]3[C@H]([C@H]([C@@H](O3)n4cnc5c4ncnc5N)O)O
PRMT4,7ppq,LSK,501,1,A,5523,H27,45.893,25.615,130.005,7.645,,,[H]/N=C(/NCCCCCNC(=O)Nc1ccc2cc(cc(c2c1)O)C(=O)OC)\NC[C@@H]3[C@H]([C@H]([C@@H](O3)n4cnc5c4ncnc5N)O)O
PRMT4,7ppq,LSK,501,1,A,5527,H31,50.821,33.521,130.87,0.849,,,[H]/N=C(/NCCCCCNC(=O)Nc1ccc2cc(cc(c2c1)O)C(=O)OC)\NC[C@@H]3[C@H]([C@H]([C@@H](O3)n4cnc5c4ncnc5N)O)O
PRMT4,7ppq,LSK,501,1,A,5531,H35,49.697,36.577,132.833,1.699,,,[H]/N=C(/NCCCCCNC(=O)Nc1ccc2cc(cc(c2c1)O)C(=O)OC)\NC[C@@H]3[C@H]([C@H]([C@@H](O3)n4cnc5c4ncnc5N)O)O
PRMT4,7ppq,LSK,501,1,C,5457,C4,30.826,27.296,184.6,2.415,21.0,C,[H]/N=C(/NCCCCCNC(=O)Nc1ccc2cc(cc(c2c1)O)C(=O)OC)\NC[C@@H]3[C@H]([C@H]([C@@H](O3)n4cnc5c4ncnc5N)O)O
PRMT4,7ppq,LSK,501,1,C,5465,C5,31.635,26.32,183.953,1.208,16.0,C,[H]/N=C(/NCCCCCNC(=O)Nc1ccc2cc(cc(c2c1)O)C(=O)OC)\NC[C@@H]3[C@H]([C@H]([C@@H](O3)n4cnc5c4ncnc5N)O)O
PRMT4,7ppq,LSK,501,1,C,5466,C10,31.473,26.111,182.561,1.208,15.0,C,[H]/N=C(/NCCCCCNC(=O)Nc1ccc2cc(cc(c2c1)O)C(=O)OC)\NC[C@@H]3[C@H]([C@H]([C@@H](O3)n4cnc5c4ncnc5N)O)O
PRMT4,7ppq,LSK,501,1,C,5468,C6,32.575,25.588,184.718,4.831,17.0,C,[H]/N=C(/NCCCCCNC(=O)Nc1ccc2cc(cc(c2c1)O)C(=O)OC)\NC[C@@H]3[C@H]([C@H]([C@@H](O3)n4cnc5c4ncnc5N)O)O
PRMT4,7ppq,LSK,501,1,C,5469,O1,30.251,28.45,186.656,3.214,23.0,O,[H]/N=C(/NCCCCCNC(=O)Nc1ccc2cc(cc(c2c1)O)C(=O)OC)\NC[C@@H]3[C@H]([C@H]([C@@H](O3)n4cnc5c4ncnc5N)O)O
PRMT4,7ppq,LSK,501,1,C,5471,C11,33.727,25.004,186.823,1.208,24.0,C,[H]/N=C(/NCCCCCNC(=O)Nc1ccc2cc(cc(c2c1)O)C(=O)OC)\NC[C@@H]3[C@H]([C@H]([C@@H](O3)n4cnc5c4ncnc5N)O)O
PRMT4,7ppq,LSK,501,1,C,5472,C12,34.857,25.991,188.665,7.246,27.0,C,[H]/N=C(/NCCCCCNC(=O)Nc1ccc2cc(cc(c2c1)O)C(=O)OC)\NC[C@@H]3[C@H]([C@H]([C@@H](O3)n4cnc5c4ncnc5N)O)O
PRMT4,7ppq,LSK,501,1,C,5481,C7,29.891,28.022,183.807,3.623,22.0,C,[H]/N=C(/NCCCCCNC(=O)Nc1ccc2cc(cc(c2c1)O)C(=O)OC)\NC[C@@H]3[C@H]([C@H]([C@@H](O3)n4cnc5c4ncnc5N)O)O
PRMT4,7ppq,LSK,501,1,C,5491,O2,34.749,25.759,187.235,13.929,26.0,O,[H]/N=C(/NCCCCCNC(=O)Nc1ccc2cc(cc(c2c1)O)C(=O)OC)\NC[C@@H]3[C@H]([C@H]([C@@H](O3)n4cnc5c4ncnc5N)O)O
PRMT4,7ppq,LSK,501,1,C,5492,O3,33.673,23.813,186.997,8.572,25.0,O,[H]/N=C(/NCCCCCNC(=O)Nc1ccc2cc(cc(c2c1)O)C(=O)OC)\NC[C@@H]3[C@H]([C@H]([C@@H](O3)n4cnc5c4ncnc5N)O)O
PRMT4,7ppq,LSK,501,1,C,5498,H2,25.639,37.46,178.968,3.398,,,[H]/N=C(/NCCCCCNC(=O)Nc1ccc2cc(cc(c2c1)O)C(=O)OC)\NC[C@@H]3[C@H]([C@H]([C@@H](O3)n4cnc5c4ncnc5N)O)O
PRMT4,7ppq,LSK,501,1,C,5504,H8,26.528,26.524,179.178,2.548,,,[H]/N=C(/NCCCCCNC(=O)Nc1ccc2cc(cc(c2c1)O)C(=O)OC)\NC[C@@H]3[C@H]([C@H]([C@@H](O3)n4cnc5c4ncnc5N)O)O
PRMT4,7ppq,LSK,501,1,C,5509,H13,32.097,25.353,182.073,15.291,,,[H]/N=C(/NCCCCCNC(=O)Nc1ccc2cc(cc(c2c1)O)C(=O)OC)\NC[C@@H]3[C@H]([C@H]([C@@H](O3)n4cnc5c4ncnc5N)O)O
PRMT4,7ppq,LSK,501,1,C,5510,H14,33.178,24.838,184.198,9.344,,,[H]/N=C(/NCCCCCNC(=O)Nc1ccc2cc(cc(c2c1)O)C(=O)OC)\NC[C@@H]3[C@H]([C@H]([C@@H](O3)n4cnc5c4ncnc5N)O)O
PRMT4,7ppq,LSK,501,1,C,5512,H16,35.855,26.351,188.906,26.334,,,[H]/N=C(/NCCCCCNC(=O)Nc1ccc2cc(cc(c2c1)O)C(=O)OC)\NC[C@@H]3[C@H]([C@H]([C@@H](O3)n4cnc5c4ncnc5N)O)O
PRMT4,7ppq,LSK,501,1,C,5513,H17,34.665,25.117,189.295,1.699,,,[H]/N=C(/NCCCCCNC(=O)Nc1ccc2cc(cc(c2c1)O)C(=O)OC)\NC[C@@H]3[C@H]([C@H]([C@@H](O3)n4cnc5c4ncnc5N)O)O
PRMT4,7ppq,LSK,501,1,C,5522,H26,29.257,28.785,184.243,0.849,,,[H]/N=C(/NCCCCCNC(=O)Nc1ccc2cc(cc(c2c1)O)C(=O)OC)\NC[C@@H]3[C@H]([C@H]([C@@H](O3)n4cnc5c4ncnc5N)O)O
PRMT4,7ppq,LSK,501,1,C,5523,H27,30.465,26.643,180.767,6.796,,,[H]/N=C(/NCCCCCNC(=O)Nc1ccc2cc(cc(c2c1)O)C(=O)OC)\NC[C@@H]3[C@H]([C@H]([C@@H](O3)n4cnc5c4ncnc5N)O)O
PRMT4,7ppq,LSK,501,1,C,5527,H31,26.054,34.702,179.154,1.699,,,[H]/N=C(/NCCCCCNC(=O)Nc1ccc2cc(cc(c2c1)O)C(=O)OC)\NC[C@@H]3[C@H]([C@H]([C@@H](O3)n4cnc5c4ncnc5N)O)O
PRMT4,7ppq,LSK,501,1,D,5443,C4,44.708,24.168,181.993,2.415,21.0,C,[H]/N=C(/NCCCCCNC(=O)Nc1ccc2cc(cc(c2c1)O)C(=O)OC)\NC[C@@H]3[C@H]([C@H]([C@@H](O3)n4cnc5c4ncnc5N)O)O
PRMT4,7ppq,LSK,501,1,D,5446,C3,44.766,25.433,181.279,2.415,20.0,C,[H]/N=C(/NCCCCCNC(=O)Nc1ccc2cc(cc(c2c1)O)C(=O)OC)\NC[C@@H]3[C@H]([C@H]([C@@H](O3)n4cnc5c4ncnc5N)O)O
PRMT4,7ppq,LSK,501,1,D,5447,C8,45.724,22.217,183.083,3.623,13.0,C,[H]/N=C(/NCCCCCNC(=O)Nc1ccc2cc(cc(c2c1)O)C(=O)OC)\NC[C@@H]3[C@H]([C@H]([C@@H](O3)n4cnc5c4ncnc5N)O)O
PRMT4,7ppq,LSK,501,1,D,5450,N7,53.493,25.743,193.211,1.094,37.0,N,[H]/N=C(/NCCCCCNC(=O)Nc1ccc2cc(cc(c2c1)O)C(=O)OC)\NC[C@@H]3[C@H]([C@H]([C@@H](O3)n4cnc5c4ncnc5N)O)O
PRMT4,7ppq,LSK,501,1,D,5451,C5,43.42,23.651,182.308,3.623,16.0,C,[H]/N=C(/NCCCCCNC(=O)Nc1ccc2cc(cc(c2c1)O)C(=O)OC)\NC[C@@H]3[C@H]([C@H]([C@@H](O3)n4cnc5c4ncnc5N)O)O
PRMT4,7ppq,LSK,501,1,D,5452,C10,43.329,22.417,182.997,3.623,15.0,C,[H]/N=C(/NCCCCCNC(=O)Nc1ccc2cc(cc(c2c1)O)C(=O)OC)\NC[C@@H]3[C@H]([C@H]([C@@H](O3)n4cnc5c4ncnc5N)O)O
PRMT4,7ppq,LSK,501,1,D,5454,C6,42.268,24.378,181.909,6.038,17.0,C,[H]/N=C(/NCCCCCNC(=O)Nc1ccc2cc(cc(c2c1)O)C(=O)OC)\NC[C@@H]3[C@H]([C@H]([C@@H](O3)n4cnc5c4ncnc5N)O)O
PRMT4,7ppq,LSK,501,1,D,5456,C1,42.373,25.568,181.231,1.208,18.0,C,[H]/N=C(/NCCCCCNC(=O)Nc1ccc2cc(cc(c2c1)O)C(=O)OC)\NC[C@@H]3[C@H]([C@H]([C@@H](O3)n4cnc5c4ncnc5N)O)O
PRMT4,7ppq,LSK,501,1,D,5457,C11,41.161,26.333,180.827,1.208,24.0,C,[H]/N=C(/NCCCCCNC(=O)Nc1ccc2cc(cc(c2c1)O)C(=O)OC)\NC[C@@H]3[C@H]([C@H]([C@@H](O3)n4cnc5c4ncnc5N)O)O
PRMT4,7ppq,LSK,501,1,D,5467,C7,45.851,23.413,182.404,4.831,22.0,C,[H]/N=C(/NCCCCCNC(=O)Nc1ccc2cc(cc(c2c1)O)C(=O)OC)\NC[C@@H]3[C@H]([C@H]([C@@H](O3)n4cnc5c4ncnc5N)O)O
PRMT4,7ppq,LSK,501,1,D,5468,C9,44.447,21.731,183.371,1.208,14.0,C,[H]/N=C(/NCCCCCNC(=O)Nc1ccc2cc(cc(c2c1)O)C(=O)OC)\NC[C@@H]3[C@H]([C@H]([C@@H](O3)n4cnc5c4ncnc5N)O)O
PRMT4,7ppq,LSK,501,1,D,5469,N1,46.87,21.467,183.482,1.094,12.0,N,[H]/N=C(/NCCCCCNC(=O)Nc1ccc2cc(cc(c2c1)O)C(=O)OC)\NC[C@@H]3[C@H]([C@H]([C@@H](O3)n4cnc5c4ncnc5N)O)O
PRMT4,7ppq,LSK,501,1,D,5477,O2,40.493,25.74,179.836,12.858,26.0,O,[H]/N=C(/NCCCCCNC(=O)Nc1ccc2cc(cc(c2c1)O)C(=O)OC)\NC[C@@H]3[C@H]([C@H]([C@@H](O3)n4cnc5c4ncnc5N)O)O
PRMT4,7ppq,LSK,501,1,D,5478,O3,40.828,27.38,181.317,37.501,25.0,O,[H]/N=C(/NCCCCCNC(=O)Nc1ccc2cc(cc(c2c1)O)C(=O)OC)\NC[C@@H]3[C@H]([C@H]([C@@H](O3)n4cnc5c4ncnc5N)O)O
PRMT4,7ppq,LSK,501,1,D,5479,O4,46.364,19.277,183.078,8.572,11.0,O,[H]/N=C(/NCCCCCNC(=O)Nc1ccc2cc(cc(c2c1)O)C(=O)OC)\NC[C@@H]3[C@H]([C@H]([C@@H](O3)n4cnc5c4ncnc5N)O)O
PRMT4,7ppq,LSK,501,1,D,5484,H2,52.257,19.794,192.479,1.699,,,[H]/N=C(/NCCCCCNC(=O)Nc1ccc2cc(cc(c2c1)O)C(=O)OC)\NC[C@@H]3[C@H]([C@H]([C@@H](O3)n4cnc5c4ncnc5N)O)O
PRMT4,7ppq,LSK,501,1,D,5490,H8,46.612,17.938,185.27,2.548,,,[H]/N=C(/NCCCCCNC(=O)Nc1ccc2cc(cc(c2c1)O)C(=O)OC)\NC[C@@H]3[C@H]([C@H]([C@@H](O3)n4cnc5c4ncnc5N)O)O
PRMT4,7ppq,LSK,501,1,D,5495,H13,42.328,22.033,183.232,14.441,,,[H]/N=C(/NCCCCCNC(=O)Nc1ccc2cc(cc(c2c1)O)C(=O)OC)\NC[C@@H]3[C@H]([C@H]([C@@H](O3)n4cnc5c4ncnc5N)O)O
PRMT4,7ppq,LSK,501,1,D,5496,H14,41.289,23.961,182.158,14.441,,,[H]/N=C(/NCCCCCNC(=O)Nc1ccc2cc(cc(c2c1)O)C(=O)OC)\NC[C@@H]3[C@H]([C@H]([C@@H](O3)n4cnc5c4ncnc5N)O)O
PRMT4,7ppq,LSK,501,1,D,5497,H15,46.825,25.519,181.197,0.849,,,[H]/N=C(/NCCCCCNC(=O)Nc1ccc2cc(cc(c2c1)O)C(=O)OC)\NC[C@@H]3[C@H]([C@H]([C@@H](O3)n4cnc5c4ncnc5N)O)O
PRMT4,7ppq,LSK,501,1,D,5499,H17,41.313,27.102,178.352,0.849,,,[H]/N=C(/NCCCCCNC(=O)Nc1ccc2cc(cc(c2c1)O)C(=O)OC)\NC[C@@H]3[C@H]([C@H]([C@@H](O3)n4cnc5c4ncnc5N)O)O
PRMT4,7ppq,LSK,501,1,D,5500,H18,39.938,26.055,177.944,18.689,,,[H]/N=C(/NCCCCCNC(=O)Nc1ccc2cc(cc(c2c1)O)C(=O)OC)\NC[C@@H]3[C@H]([C@H]([C@@H](O3)n4cnc5c4ncnc5N)O)O
PRMT4,7ppq,LSK,501,1,D,5509,H27,44.295,20.789,183.91,3.398,,,[H]/N=C(/NCCCCCNC(=O)Nc1ccc2cc(cc(c2c1)O)C(=O)OC)\NC[C@@H]3[C@H]([C@H]([C@@H](O3)n4cnc5c4ncnc5N)O)O
PRMT4,7ppq,LSK,501,1,D,5513,H31,50.943,19.159,190.293,0.849,,,[H]/N=C(/NCCCCCNC(=O)Nc1ccc2cc(cc(c2c1)O)C(=O)OC)\NC[C@@H]3[C@H]([C@H]([C@@H](O3)n4cnc5c4ncnc5N)O)O
PRMT4,7ppy,7ZH,501,1,A,5438,C10,44.811,25.728,128.495,3.623,14.0,C,[H]/N=C(/NCCCCNC(=O)Nc1ccc2cc(cc(c2c1)O)C(=O)OC)\NC[C@@H]3[C@H]([C@H]([C@@H](O3)n4cnc5c4ncnc5N)O)O
PRMT4,7ppy,7ZH,501,1,A,5446,C18,40.364,25.518,124.309,13.284,26.0,C,[H]/N=C(/NCCCCNC(=O)Nc1ccc2cc(cc(c2c1)O)C(=O)OC)\NC[C@@H]3[C@H]([C@H]([C@@H](O3)n4cnc5c4ncnc5N)O)O
PRMT4,7ppy,7ZH,501,1,A,5458,C3,45.752,25.582,124.889,3.623,19.0,C,[H]/N=C(/NCCCCNC(=O)Nc1ccc2cc(cc(c2c1)O)C(=O)OC)\NC[C@@H]3[C@H]([C@H]([C@@H](O3)n4cnc5c4ncnc5N)O)O
PRMT4,7ppy,7ZH,501,1,A,5459,C4,45.843,25.819,126.284,2.415,20.0,C,[H]/N=C(/NCCCCNC(=O)Nc1ccc2cc(cc(c2c1)O)C(=O)OC)\NC[C@@H]3[C@H]([C@H]([C@@H](O3)n4cnc5c4ncnc5N)O)O
PRMT4,7ppy,7ZH,501,1,A,5460,C5,44.726,25.49,127.101,2.415,15.0,C,[H]/N=C(/NCCCCNC(=O)Nc1ccc2cc(cc(c2c1)O)C(=O)OC)\NC[C@@H]3[C@H]([C@H]([C@@H](O3)n4cnc5c4ncnc5N)O)O
PRMT4,7ppy,7ZH,501,1,A,5461,C6,43.573,24.944,126.493,3.623,16.0,C,[H]/N=C(/NCCCCNC(=O)Nc1ccc2cc(cc(c2c1)O)C(=O)OC)\NC[C@@H]3[C@H]([C@H]([C@@H](O3)n4cnc5c4ncnc5N)O)O
PRMT4,7ppy,7ZH,501,1,A,5462,C7,46.997,26.373,126.897,2.415,21.0,C,[H]/N=C(/NCCCCNC(=O)Nc1ccc2cc(cc(c2c1)O)C(=O)OC)\NC[C@@H]3[C@H]([C@H]([C@@H](O3)n4cnc5c4ncnc5N)O)O
PRMT4,7ppy,7ZH,501,1,A,5463,C8,47.048,26.577,128.258,1.208,12.0,C,[H]/N=C(/NCCCCNC(=O)Nc1ccc2cc(cc(c2c1)O)C(=O)OC)\NC[C@@H]3[C@H]([C@H]([C@@H](O3)n4cnc5c4ncnc5N)O)O
PRMT4,7ppy,7ZH,501,1,A,5464,C9,45.941,26.261,129.046,2.415,13.0,C,[H]/N=C(/NCCCCNC(=O)Nc1ccc2cc(cc(c2c1)O)C(=O)OC)\NC[C@@H]3[C@H]([C@H]([C@@H](O3)n4cnc5c4ncnc5N)O)O
PRMT4,7ppy,7ZH,501,1,A,5475,O1,46.847,25.912,124.159,4.286,22.0,O,[H]/N=C(/NCCCCNC(=O)Nc1ccc2cc(cc(c2c1)O)C(=O)OC)\NC[C@@H]3[C@H]([C@H]([C@@H](O3)n4cnc5c4ncnc5N)O)O
PRMT4,7ppy,7ZH,501,1,A,5476,O2,48.669,25.685,130.532,8.572,10.0,O,[H]/N=C(/NCCCCNC(=O)Nc1ccc2cc(cc(c2c1)O)C(=O)OC)\NC[C@@H]3[C@H]([C@H]([C@@H](O3)n4cnc5c4ncnc5N)O)O
PRMT4,7ppy,7ZH,501,1,A,5477,O3,41.177,24.611,125.092,11.786,25.0,O,[H]/N=C(/NCCCCNC(=O)Nc1ccc2cc(cc(c2c1)O)C(=O)OC)\NC[C@@H]3[C@H]([C@H]([C@@H](O3)n4cnc5c4ncnc5N)O)O
PRMT4,7ppy,7ZH,501,1,A,5478,O4,42.293,23.42,123.565,9.643,24.0,O,[H]/N=C(/NCCCCNC(=O)Nc1ccc2cc(cc(c2c1)O)C(=O)OC)\NC[C@@H]3[C@H]([C@H]([C@@H](O3)n4cnc5c4ncnc5N)O)O
PRMT4,7ppy,7ZH,501,1,A,5482,H5,43.957,25.482,129.124,12.742,,,[H]/N=C(/NCCCCNC(=O)Nc1ccc2cc(cc(c2c1)O)C(=O)OC)\NC[C@@H]3[C@H]([C@H]([C@@H](O3)n4cnc5c4ncnc5N)O)O
PRMT4,7ppy,7ZH,501,1,A,5491,H22,40.959,26.33,123.894,11.043,,,[H]/N=C(/NCCCCNC(=O)Nc1ccc2cc(cc(c2c1)O)C(=O)OC)\NC[C@@H]3[C@H]([C@H]([C@@H](O3)n4cnc5c4ncnc5N)O)O
PRMT4,7ppy,7ZH,501,1,A,5492,H21,39.978,24.888,123.509,21.237,,,[H]/N=C(/NCCCCNC(=O)Nc1ccc2cc(cc(c2c1)O)C(=O)OC)\NC[C@@H]3[C@H]([C@H]([C@@H](O3)n4cnc5c4ncnc5N)O)O
PRMT4,7ppy,7ZH,501,1,A,5493,H20,39.541,25.931,124.891,22.087,,,[H]/N=C(/NCCCCNC(=O)Nc1ccc2cc(cc(c2c1)O)C(=O)OC)\NC[C@@H]3[C@H]([C@H]([C@@H](O3)n4cnc5c4ncnc5N)O)O
PRMT4,7ppy,7ZH,501,1,A,5497,H25,51.314,36.465,131.86,2.548,,,[H]/N=C(/NCCCCNC(=O)Nc1ccc2cc(cc(c2c1)O)C(=O)OC)\NC[C@@H]3[C@H]([C@H]([C@@H](O3)n4cnc5c4ncnc5N)O)O
PRMT4,7ppy,7ZH,501,1,A,5503,H2,42.726,24.702,127.133,11.893,,,[H]/N=C(/NCCCCNC(=O)Nc1ccc2cc(cc(c2c1)O)C(=O)OC)\NC[C@@H]3[C@H]([C@H]([C@@H](O3)n4cnc5c4ncnc5N)O)O
PRMT4,7ppy,7ZH,501,1,A,5505,H4,45.966,26.428,130.122,3.398,,,[H]/N=C(/NCCCCNC(=O)Nc1ccc2cc(cc(c2c1)O)C(=O)OC)\NC[C@@H]3[C@H]([C@H]([C@@H](O3)n4cnc5c4ncnc5N)O)O
PRMT4,7ppy,7ZH,501,1,A,5509,H18,52.342,34.48,131.675,1.699,,,[H]/N=C(/NCCCCNC(=O)Nc1ccc2cc(cc(c2c1)O)C(=O)OC)\NC[C@@H]3[C@H]([C@H]([C@@H](O3)n4cnc5c4ncnc5N)O)O
PRMT4,7ppy,7ZH,501,1,A,5510,H19,51.811,31.597,129.001,0.849,0.0,H,[H]/N=C(/NCCCCNC(=O)Nc1ccc2cc(cc(c2c1)O)C(=O)OC)\NC[C@@H]3[C@H]([C@H]([C@@H](O3)n4cnc5c4ncnc5N)O)O
PRMT4,7ppy,7ZH,501,1,A,5513,H6,46.67,25.707,123.204,0.849,,,[H]/N=C(/NCCCCNC(=O)Nc1ccc2cc(cc(c2c1)O)C(=O)OC)\NC[C@@H]3[C@H]([C@H]([C@@H](O3)n4cnc5c4ncnc5N)O)O
PRMT4,7ppy,7ZH,501,1,B,5437,C1,33.389,25.261,129.396,1.208,17.0,C,[H]/N=C(/NCCCCNC(=O)Nc1ccc2cc(cc(c2c1)O)C(=O)OC)\NC[C@@H]3[C@H]([C@H]([C@@H](O3)n4cnc5c4ncnc5N)O)O
PRMT4,7ppy,7ZH,501,1,B,5438,C10,32.359,22.053,127.784,1.208,14.0,C,[H]/N=C(/NCCCCNC(=O)Nc1ccc2cc(cc(c2c1)O)C(=O)OC)\NC[C@@H]3[C@H]([C@H]([C@@H](O3)n4cnc5c4ncnc5N)O)O
PRMT4,7ppy,7ZH,501,1,B,5439,C11,34.602,25.916,129.958,3.623,23.0,C,[H]/N=C(/NCCCCNC(=O)Nc1ccc2cc(cc(c2c1)O)C(=O)OC)\NC[C@@H]3[C@H]([C@H]([C@@H](O3)n4cnc5c4ncnc5N)O)O
PRMT4,7ppy,7ZH,501,1,B,5446,C18,36.436,25.219,131.279,8.453,26.0,C,[H]/N=C(/NCCCCNC(=O)Nc1ccc2cc(cc(c2c1)O)C(=O)OC)\NC[C@@H]3[C@H]([C@H]([C@@H](O3)n4cnc5c4ncnc5N)O)O
PRMT4,7ppy,7ZH,501,1,B,5448,C2,32.18,25.956,129.389,4.831,18.0,C,[H]/N=C(/NCCCCNC(=O)Nc1ccc2cc(cc(c2c1)O)C(=O)OC)\NC[C@@H]3[C@H]([C@H]([C@@H](O3)n4cnc5c4ncnc5N)O)O
PRMT4,7ppy,7ZH,501,1,B,5458,C3,31.047,25.375,128.873,3.623,19.0,C,[H]/N=C(/NCCCCNC(=O)Nc1ccc2cc(cc(c2c1)O)C(=O)OC)\NC[C@@H]3[C@H]([C@H]([C@@H](O3)n4cnc5c4ncnc5N)O)O
PRMT4,7ppy,7ZH,501,1,B,5459,C4,31.081,24.064,128.325,2.415,20.0,C,[H]/N=C(/NCCCCNC(=O)Nc1ccc2cc(cc(c2c1)O)C(=O)OC)\NC[C@@H]3[C@H]([C@H]([C@@H](O3)n4cnc5c4ncnc5N)O)O
PRMT4,7ppy,7ZH,501,1,B,5460,C5,32.318,23.36,128.329,1.208,15.0,C,[H]/N=C(/NCCCCNC(=O)Nc1ccc2cc(cc(c2c1)O)C(=O)OC)\NC[C@@H]3[C@H]([C@H]([C@@H](O3)n4cnc5c4ncnc5N)O)O
PRMT4,7ppy,7ZH,501,1,B,5461,C6,33.459,23.99,128.873,4.831,16.0,C,[H]/N=C(/NCCCCNC(=O)Nc1ccc2cc(cc(c2c1)O)C(=O)OC)\NC[C@@H]3[C@H]([C@H]([C@@H](O3)n4cnc5c4ncnc5N)O)O
PRMT4,7ppy,7ZH,501,1,B,5462,C7,29.939,23.43,127.775,2.415,21.0,C,[H]/N=C(/NCCCCNC(=O)Nc1ccc2cc(cc(c2c1)O)C(=O)OC)\NC[C@@H]3[C@H]([C@H]([C@@H](O3)n4cnc5c4ncnc5N)O)O
PRMT4,7ppy,7ZH,501,1,B,5464,C9,31.235,21.478,127.264,1.208,13.0,C,[H]/N=C(/NCCCCNC(=O)Nc1ccc2cc(cc(c2c1)O)C(=O)OC)\NC[C@@H]3[C@H]([C@H]([C@@H](O3)n4cnc5c4ncnc5N)O)O
PRMT4,7ppy,7ZH,501,1,B,5475,O1,29.842,26.003,128.848,3.214,22.0,O,[H]/N=C(/NCCCCNC(=O)Nc1ccc2cc(cc(c2c1)O)C(=O)OC)\NC[C@@H]3[C@H]([C@H]([C@@H](O3)n4cnc5c4ncnc5N)O)O
PRMT4,7ppy,7ZH,501,1,B,5476,O2,29.271,19.354,126.701,7.5,10.0,O,[H]/N=C(/NCCCCNC(=O)Nc1ccc2cc(cc(c2c1)O)C(=O)OC)\NC[C@@H]3[C@H]([C@H]([C@@H](O3)n4cnc5c4ncnc5N)O)O
PRMT4,7ppy,7ZH,501,1,B,5477,O3,35.624,25.064,130.089,10.715,25.0,O,[H]/N=C(/NCCCCNC(=O)Nc1ccc2cc(cc(c2c1)O)C(=O)OC)\NC[C@@H]3[C@H]([C@H]([C@@H](O3)n4cnc5c4ncnc5N)O)O
PRMT4,7ppy,7ZH,501,1,B,5478,O4,34.671,27.092,130.229,15.0,24.0,O,[H]/N=C(/NCCCCNC(=O)Nc1ccc2cc(cc(c2c1)O)C(=O)OC)\NC[C@@H]3[C@H]([C@H]([C@@H](O3)n4cnc5c4ncnc5N)O)O
PRMT4,7ppy,7ZH,501,1,B,5482,H5,33.304,21.512,127.783,13.592,,,[H]/N=C(/NCCCCNC(=O)Nc1ccc2cc(cc(c2c1)O)C(=O)OC)\NC[C@@H]3[C@H]([C@H]([C@@H](O3)n4cnc5c4ncnc5N)O)O
PRMT4,7ppy,7ZH,501,1,B,5491,H22,36.911,26.198,131.313,18.689,,,[H]/N=C(/NCCCCNC(=O)Nc1ccc2cc(cc(c2c1)O)C(=O)OC)\NC[C@@H]3[C@H]([C@H]([C@@H](O3)n4cnc5c4ncnc5N)O)O
PRMT4,7ppy,7ZH,501,1,B,5493,H20,37.196,24.443,131.356,22.087,,,[H]/N=C(/NCCCCNC(=O)Nc1ccc2cc(cc(c2c1)O)C(=O)OC)\NC[C@@H]3[C@H]([C@H]([C@@H](O3)n4cnc5c4ncnc5N)O)O
PRMT4,7ppy,7ZH,501,1,B,5496,H1,32.153,26.959,129.812,2.548,,,[H]/N=C(/NCCCCNC(=O)Nc1ccc2cc(cc(c2c1)O)C(=O)OC)\NC[C@@H]3[C@H]([C@H]([C@@H](O3)n4cnc5c4ncnc5N)O)O
PRMT4,7ppy,7ZH,501,1,B,5497,H25,24.18,20.876,117.541,1.699,,,[H]/N=C(/NCCCCNC(=O)Nc1ccc2cc(cc(c2c1)O)C(=O)OC)\NC[C@@H]3[C@H]([C@H]([C@@H](O3)n4cnc5c4ncnc5N)O)O
PRMT4,7ppy,7ZH,501,1,B,5503,H2,34.395,23.434,128.865,9.344,,,[H]/N=C(/NCCCCNC(=O)Nc1ccc2cc(cc(c2c1)O)C(=O)OC)\NC[C@@H]3[C@H]([C@H]([C@@H](O3)n4cnc5c4ncnc5N)O)O
PRMT4,7ppy,7ZH,501,1,B,5505,H4,31.315,20.472,126.856,5.097,,,[H]/N=C(/NCCCCNC(=O)Nc1ccc2cc(cc(c2c1)O)C(=O)OC)\NC[C@@H]3[C@H]([C@H]([C@@H](O3)n4cnc5c4ncnc5N)O)O
PRMT4,7ppy,7ZH,501,1,B,5509,H18,24.987,20.37,119.843,0.849,,,[H]/N=C(/NCCCCNC(=O)Nc1ccc2cc(cc(c2c1)O)C(=O)OC)\NC[C@@H]3[C@H]([C@H]([C@@H](O3)n4cnc5c4ncnc5N)O)O
PRMT4,7ppy,7ZH,501,1,B,5513,H6,29.959,26.896,129.248,5.097,,,[H]/N=C(/NCCCCNC(=O)Nc1ccc2cc(cc(c2c1)O)C(=O)OC)\NC[C@@H]3[C@H]([C@H]([C@@H](O3)n4cnc5c4ncnc5N)O)O
PRMT4,7ppy,7ZH,501,1,D,5416,C1,43.092,25.05,181.498,1.208,17.0,C,[H]/N=C(/NCCCCNC(=O)Nc1ccc2cc(cc(c2c1)O)C(=O)OC)\NC[C@@H]3[C@H]([C@H]([C@@H](O3)n4cnc5c4ncnc5N)O)O
PRMT4,7ppy,7ZH,501,1,D,5417,C10,44.002,21.891,183.265,3.623,14.0,C,[H]/N=C(/NCCCCNC(=O)Nc1ccc2cc(cc(c2c1)O)C(=O)OC)\NC[C@@H]3[C@H]([C@H]([C@@H](O3)n4cnc5c4ncnc5N)O)O
PRMT4,7ppy,7ZH,501,1,D,5418,C11,41.879,25.759,180.996,3.623,23.0,C,[H]/N=C(/NCCCCNC(=O)Nc1ccc2cc(cc(c2c1)O)C(=O)OC)\NC[C@@H]3[C@H]([C@H]([C@@H](O3)n4cnc5c4ncnc5N)O)O
PRMT4,7ppy,7ZH,501,1,D,5425,C18,39.533,25.601,180.681,12.076,26.0,C,[H]/N=C(/NCCCCNC(=O)Nc1ccc2cc(cc(c2c1)O)C(=O)OC)\NC[C@@H]3[C@H]([C@H]([C@@H](O3)n4cnc5c4ncnc5N)O)O
PRMT4,7ppy,7ZH,501,1,D,5427,C2,44.348,25.644,181.36,6.038,18.0,C,[H]/N=C(/NCCCCNC(=O)Nc1ccc2cc(cc(c2c1)O)C(=O)OC)\NC[C@@H]3[C@H]([C@H]([C@@H](O3)n4cnc5c4ncnc5N)O)O
PRMT4,7ppy,7ZH,501,1,D,5437,C3,45.471,25.013,181.838,3.623,19.0,C,[H]/N=C(/NCCCCNC(=O)Nc1ccc2cc(cc(c2c1)O)C(=O)OC)\NC[C@@H]3[C@H]([C@H]([C@@H](O3)n4cnc5c4ncnc5N)O)O
PRMT4,7ppy,7ZH,501,1,D,5438,C4,45.384,23.75,182.489,4.831,20.0,C,[H]/N=C(/NCCCCNC(=O)Nc1ccc2cc(cc(c2c1)O)C(=O)OC)\NC[C@@H]3[C@H]([C@H]([C@@H](O3)n4cnc5c4ncnc5N)O)O
PRMT4,7ppy,7ZH,501,1,D,5439,C5,44.101,23.149,182.625,1.208,15.0,C,[H]/N=C(/NCCCCNC(=O)Nc1ccc2cc(cc(c2c1)O)C(=O)OC)\NC[C@@H]3[C@H]([C@H]([C@@H](O3)n4cnc5c4ncnc5N)O)O
PRMT4,7ppy,7ZH,501,1,D,5440,C6,42.97,23.828,182.119,7.246,16.0,C,[H]/N=C(/NCCCCNC(=O)Nc1ccc2cc(cc(c2c1)O)C(=O)OC)\NC[C@@H]3[C@H]([C@H]([C@@H](O3)n4cnc5c4ncnc5N)O)O
PRMT4,7ppy,7ZH,501,1,D,5441,C7,46.515,23.06,183.003,2.415,21.0,C,[H]/N=C(/NCCCCNC(=O)Nc1ccc2cc(cc(c2c1)O)C(=O)OC)\NC[C@@H]3[C@H]([C@H]([C@@H](O3)n4cnc5c4ncnc5N)O)O
PRMT4,7ppy,7ZH,501,1,D,5442,C8,46.382,21.822,183.597,2.415,12.0,C,[H]/N=C(/NCCCCNC(=O)Nc1ccc2cc(cc(c2c1)O)C(=O)OC)\NC[C@@H]3[C@H]([C@H]([C@@H](O3)n4cnc5c4ncnc5N)O)O
PRMT4,7ppy,7ZH,501,1,D,5443,C9,45.112,21.26,183.741,1.208,13.0,C,[H]/N=C(/NCCCCNC(=O)Nc1ccc2cc(cc(c2c1)O)C(=O)OC)\NC[C@@H]3[C@H]([C@H]([C@@H](O3)n4cnc5c4ncnc5N)O)O
PRMT4,7ppy,7ZH,501,1,D,5454,O1,46.718,25.547,181.728,4.286,22.0,O,[H]/N=C(/NCCCCNC(=O)Nc1ccc2cc(cc(c2c1)O)C(=O)OC)\NC[C@@H]3[C@H]([C@H]([C@@H](O3)n4cnc5c4ncnc5N)O)O
PRMT4,7ppy,7ZH,501,1,D,5455,O2,46.873,18.972,184.132,8.572,10.0,O,[H]/N=C(/NCCCCNC(=O)Nc1ccc2cc(cc(c2c1)O)C(=O)OC)\NC[C@@H]3[C@H]([C@H]([C@@H](O3)n4cnc5c4ncnc5N)O)O
PRMT4,7ppy,7ZH,501,1,D,5456,O3,40.808,24.955,180.933,3.214,25.0,O,[H]/N=C(/NCCCCNC(=O)Nc1ccc2cc(cc(c2c1)O)C(=O)OC)\NC[C@@H]3[C@H]([C@H]([C@@H](O3)n4cnc5c4ncnc5N)O)O
PRMT4,7ppy,7ZH,501,1,D,5457,O4,41.85,26.935,180.719,13.929,24.0,O,[H]/N=C(/NCCCCNC(=O)Nc1ccc2cc(cc(c2c1)O)C(=O)OC)\NC[C@@H]3[C@H]([C@H]([C@@H](O3)n4cnc5c4ncnc5N)O)O
PRMT4,7ppy,7ZH,501,1,D,5461,H5,43.02,21.433,183.375,13.592,,,[H]/N=C(/NCCCCNC(=O)Nc1ccc2cc(cc(c2c1)O)C(=O)OC)\NC[C@@H]3[C@H]([C@H]([C@@H](O3)n4cnc5c4ncnc5N)O)O
PRMT4,7ppy,7ZH,501,1,D,5470,H22,38.706,24.897,180.762,28.033,,,[H]/N=C(/NCCCCNC(=O)Nc1ccc2cc(cc(c2c1)O)C(=O)OC)\NC[C@@H]3[C@H]([C@H]([C@@H](O3)n4cnc5c4ncnc5N)O)O
PRMT4,7ppy,7ZH,501,1,D,5471,H21,39.626,25.956,179.656,12.742,,,[H]/N=C(/NCCCCNC(=O)Nc1ccc2cc(cc(c2c1)O)C(=O)OC)\NC[C@@H]3[C@H]([C@H]([C@@H](O3)n4cnc5c4ncnc5N)O)O
PRMT4,7ppy,7ZH,501,1,D,5472,H20,39.363,26.44,181.354,21.237,,,[H]/N=C(/NCCCCNC(=O)Nc1ccc2cc(cc(c2c1)O)C(=O)OC)\NC[C@@H]3[C@H]([C@H]([C@@H](O3)n4cnc5c4ncnc5N)O)O
PRMT4,7ppy,7ZH,501,1,D,5475,H1,44.415,26.614,180.87,0.849,,,[H]/N=C(/NCCCCNC(=O)Nc1ccc2cc(cc(c2c1)O)C(=O)OC)\NC[C@@H]3[C@H]([C@H]([C@@H](O3)n4cnc5c4ncnc5N)O)O
PRMT4,7ppy,7ZH,501,1,D,5476,H25,52.115,19.652,192.813,0.849,,,[H]/N=C(/NCCCCNC(=O)Nc1ccc2cc(cc(c2c1)O)C(=O)OC)\NC[C@@H]3[C@H]([C@H]([C@@H](O3)n4cnc5c4ncnc5N)O)O
PRMT4,7ppy,7ZH,501,1,D,5482,H2,41.998,23.352,182.241,9.344,,,[H]/N=C(/NCCCCNC(=O)Nc1ccc2cc(cc(c2c1)O)C(=O)OC)\NC[C@@H]3[C@H]([C@H]([C@@H](O3)n4cnc5c4ncnc5N)O)O
PRMT4,7ppy,7ZH,501,1,D,5484,H4,44.982,20.296,184.228,3.398,,,[H]/N=C(/NCCCCNC(=O)Nc1ccc2cc(cc(c2c1)O)C(=O)OC)\NC[C@@H]3[C@H]([C@H]([C@@H](O3)n4cnc5c4ncnc5N)O)O
PRMT4,7ppy,7ZH,501,1,D,5488,H18,52.459,19.22,190.643,0.849,,,[H]/N=C(/NCCCCNC(=O)Nc1ccc2cc(cc(c2c1)O)C(=O)OC)\NC[C@@H]3[C@H]([C@H]([C@@H](O3)n4cnc5c4ncnc5N)O)O
PRMT4,7ppy,7ZH,501,1,D,5492,H6,46.653,26.424,181.267,5.097,,,[H]/N=C(/NCCCCNC(=O)Nc1ccc2cc(cc(c2c1)O)C(=O)OC)\NC[C@@H]3[C@H]([C@H]([C@@H](O3)n4cnc5c4ncnc5N)O)O
PRMT4,7ppy,7ZH,501,1,C,5451,C1,32.632,25.298,185.534,2.415,17.0,C,[H]/N=C(/NCCCCNC(=O)Nc1ccc2cc(cc(c2c1)O)C(=O)OC)\NC[C@@H]3[C@H]([C@H]([C@@H](O3)n4cnc5c4ncnc5N)O)O
PRMT4,7ppy,7ZH,501,1,C,5452,C10,31.58,26.53,182.176,4.831,14.0,C,[H]/N=C(/NCCCCNC(=O)Nc1ccc2cc(cc(c2c1)O)C(=O)OC)\NC[C@@H]3[C@H]([C@H]([C@@H](O3)n4cnc5c4ncnc5N)O)O
PRMT4,7ppy,7ZH,501,1,C,5453,C11,33.746,24.545,186.17,2.415,23.0,C,[H]/N=C(/NCCCCNC(=O)Nc1ccc2cc(cc(c2c1)O)C(=O)OC)\NC[C@@H]3[C@H]([C@H]([C@@H](O3)n4cnc5c4ncnc5N)O)O
PRMT4,7ppy,7ZH,501,1,C,5460,C18,36.097,24.371,186.282,13.284,26.0,C,[H]/N=C(/NCCCCNC(=O)Nc1ccc2cc(cc(c2c1)O)C(=O)OC)\NC[C@@H]3[C@H]([C@H]([C@@H](O3)n4cnc5c4ncnc5N)O)O
PRMT4,7ppy,7ZH,501,1,C,5462,C2,31.571,25.749,186.319,2.415,18.0,C,[H]/N=C(/NCCCCNC(=O)Nc1ccc2cc(cc(c2c1)O)C(=O)OC)\NC[C@@H]3[C@H]([C@H]([C@@H](O3)n4cnc5c4ncnc5N)O)O
PRMT4,7ppy,7ZH,501,1,C,5472,C3,30.534,26.447,185.752,1.208,19.0,C,[H]/N=C(/NCCCCNC(=O)Nc1ccc2cc(cc(c2c1)O)C(=O)OC)\NC[C@@H]3[C@H]([C@H]([C@@H](O3)n4cnc5c4ncnc5N)O)O
PRMT4,7ppy,7ZH,501,1,C,5473,C4,30.512,26.725,184.362,3.623,20.0,C,[H]/N=C(/NCCCCNC(=O)Nc1ccc2cc(cc(c2c1)O)C(=O)OC)\NC[C@@H]3[C@H]([C@H]([C@@H](O3)n4cnc5c4ncnc5N)O)O
PRMT4,7ppy,7ZH,501,1,C,5474,C5,31.594,26.259,183.563,2.415,15.0,C,[H]/N=C(/NCCCCNC(=O)Nc1ccc2cc(cc(c2c1)O)C(=O)OC)\NC[C@@H]3[C@H]([C@H]([C@@H](O3)n4cnc5c4ncnc5N)O)O
PRMT4,7ppy,7ZH,501,1,C,5475,C6,32.643,25.547,184.183,7.246,16.0,C,[H]/N=C(/NCCCCNC(=O)Nc1ccc2cc(cc(c2c1)O)C(=O)OC)\NC[C@@H]3[C@H]([C@H]([C@@H](O3)n4cnc5c4ncnc5N)O)O
PRMT4,7ppy,7ZH,501,1,C,5476,C7,29.461,27.441,183.734,2.415,21.0,C,[H]/N=C(/NCCCCNC(=O)Nc1ccc2cc(cc(c2c1)O)C(=O)OC)\NC[C@@H]3[C@H]([C@H]([C@@H](O3)n4cnc5c4ncnc5N)O)O
PRMT4,7ppy,7ZH,501,1,C,5477,C8,29.477,27.672,182.377,1.208,12.0,C,[H]/N=C(/NCCCCNC(=O)Nc1ccc2cc(cc(c2c1)O)C(=O)OC)\NC[C@@H]3[C@H]([C@H]([C@@H](O3)n4cnc5c4ncnc5N)O)O
PRMT4,7ppy,7ZH,501,1,C,5478,C9,30.551,27.222,181.611,2.415,13.0,C,[H]/N=C(/NCCCCNC(=O)Nc1ccc2cc(cc(c2c1)O)C(=O)OC)\NC[C@@H]3[C@H]([C@H]([C@@H](O3)n4cnc5c4ncnc5N)O)O
PRMT4,7ppy,7ZH,501,1,C,5489,O1,29.476,26.908,186.469,1.071,22.0,O,[H]/N=C(/NCCCCNC(=O)Nc1ccc2cc(cc(c2c1)O)C(=O)OC)\NC[C@@H]3[C@H]([C@H]([C@@H](O3)n4cnc5c4ncnc5N)O)O
PRMT4,7ppy,7ZH,501,1,C,5490,O2,27.519,26.856,180.347,8.572,10.0,O,[H]/N=C(/NCCCCNC(=O)Nc1ccc2cc(cc(c2c1)O)C(=O)OC)\NC[C@@H]3[C@H]([C@H]([C@@H](O3)n4cnc5c4ncnc5N)O)O
PRMT4,7ppy,7ZH,501,1,C,5491,O3,34.907,24.731,185.538,8.572,25.0,O,[H]/N=C(/NCCCCNC(=O)Nc1ccc2cc(cc(c2c1)O)C(=O)OC)\NC[C@@H]3[C@H]([C@H]([C@@H](O3)n4cnc5c4ncnc5N)O)O
PRMT4,7ppy,7ZH,501,1,C,5496,H5,32.407,26.177,181.562,13.592,,,[H]/N=C(/NCCCCNC(=O)Nc1ccc2cc(cc(c2c1)O)C(=O)OC)\NC[C@@H]3[C@H]([C@H]([C@@H](O3)n4cnc5c4ncnc5N)O)O
PRMT4,7ppy,7ZH,501,1,C,5505,H22,37.0,24.726,185.787,29.732,,,[H]/N=C(/NCCCCNC(=O)Nc1ccc2cc(cc(c2c1)O)C(=O)OC)\NC[C@@H]3[C@H]([C@H]([C@@H](O3)n4cnc5c4ncnc5N)O)O
PRMT4,7ppy,7ZH,501,1,C,5506,H21,36.074,23.282,186.287,19.538,,,[H]/N=C(/NCCCCNC(=O)Nc1ccc2cc(cc(c2c1)O)C(=O)OC)\NC[C@@H]3[C@H]([C@H]([C@@H](O3)n4cnc5c4ncnc5N)O)O
PRMT4,7ppy,7ZH,501,1,C,5507,H20,36.069,24.751,187.302,17.839,,,[H]/N=C(/NCCCCNC(=O)Nc1ccc2cc(cc(c2c1)O)C(=O)OC)\NC[C@@H]3[C@H]([C@H]([C@@H](O3)n4cnc5c4ncnc5N)O)O
PRMT4,7ppy,7ZH,501,1,C,5511,H25,25.864,38.081,178.703,0.849,,,[H]/N=C(/NCCCCNC(=O)Nc1ccc2cc(cc(c2c1)O)C(=O)OC)\NC[C@@H]3[C@H]([C@H]([C@@H](O3)n4cnc5c4ncnc5N)O)O
PRMT4,7ppy,7ZH,501,1,C,5517,H2,33.462,25.199,183.555,11.043,,,[H]/N=C(/NCCCCNC(=O)Nc1ccc2cc(cc(c2c1)O)C(=O)OC)\NC[C@@H]3[C@H]([C@H]([C@@H](O3)n4cnc5c4ncnc5N)O)O
PRMT4,7ppy,7ZH,501,1,C,5519,H4,30.577,27.409,180.54,4.247,,,[H]/N=C(/NCCCCNC(=O)Nc1ccc2cc(cc(c2c1)O)C(=O)OC)\NC[C@@H]3[C@H]([C@H]([C@@H](O3)n4cnc5c4ncnc5N)O)O
PRMT4,7ppy,7ZH,501,1,C,5523,H18,25.341,35.623,178.516,2.548,,,[H]/N=C(/NCCCCNC(=O)Nc1ccc2cc(cc(c2c1)O)C(=O)OC)\NC[C@@H]3[C@H]([C@H]([C@@H](O3)n4cnc5c4ncnc5N)O)O
PRMT4,7pu8,4R7,501,1,A,5451,C1,42.687,25.137,126.016,1.208,17.0,C,[H]/N=C(\NCCCCNC(=O)Nc1ccc2cc(cc(c2c1)O)C(=O)OC)/NCC[C@@H]3[C@H]([C@H]([C@@H](O3)n4cnc5c4ncnc5N)O)O
PRMT4,7pu8,4R7,501,1,A,5452,C2,43.904,25.235,125.341,2.415,18.0,C,[H]/N=C(\NCCCCNC(=O)Nc1ccc2cc(cc(c2c1)O)C(=O)OC)/NCC[C@@H]3[C@H]([C@H]([C@@H](O3)n4cnc5c4ncnc5N)O)O
PRMT4,7pu8,4R7,501,1,A,5453,C3,45.075,25.388,126.039,1.208,19.0,C,[H]/N=C(\NCCCCNC(=O)Nc1ccc2cc(cc(c2c1)O)C(=O)OC)/NCC[C@@H]3[C@H]([C@H]([C@@H](O3)n4cnc5c4ncnc5N)O)O
PRMT4,7pu8,4R7,501,1,A,5454,C5,43.839,25.345,128.152,1.208,15.0,C,[H]/N=C(\NCCCCNC(=O)Nc1ccc2cc(cc(c2c1)O)C(=O)OC)/NCC[C@@H]3[C@H]([C@H]([C@@H](O3)n4cnc5c4ncnc5N)O)O
PRMT4,7pu8,4R7,501,1,A,5455,C6,42.654,25.185,127.392,3.623,16.0,C,[H]/N=C(\NCCCCNC(=O)Nc1ccc2cc(cc(c2c1)O)C(=O)OC)/NCC[C@@H]3[C@H]([C@H]([C@@H](O3)n4cnc5c4ncnc5N)O)O
PRMT4,7pu8,4R7,501,1,A,5456,N7,50.485,38.791,127.087,1.094,37.0,N,[H]/N=C(\NCCCCNC(=O)Nc1ccc2cc(cc(c2c1)O)C(=O)OC)/NCC[C@@H]3[C@H]([C@H]([C@@H](O3)n4cnc5c4ncnc5N)O)O
PRMT4,7pu8,4R7,501,1,A,5459,C10,43.834,25.404,129.569,2.415,14.0,C,[H]/N=C(\NCCCCNC(=O)Nc1ccc2cc(cc(c2c1)O)C(=O)OC)/NCC[C@@H]3[C@H]([C@H]([C@@H](O3)n4cnc5c4ncnc5N)O)O
PRMT4,7pu8,4R7,501,1,A,5460,C12,40.011,26.847,125.277,2.415,26.0,C,[H]/N=C(\NCCCCNC(=O)Nc1ccc2cc(cc(c2c1)O)C(=O)OC)/NCC[C@@H]3[C@H]([C@H]([C@@H](O3)n4cnc5c4ncnc5N)O)O
PRMT4,7pu8,4R7,501,1,A,5472,C11,41.445,24.955,125.209,3.623,23.0,C,[H]/N=C(\NCCCCNC(=O)Nc1ccc2cc(cc(c2c1)O)C(=O)OC)/NCC[C@@H]3[C@H]([C@H]([C@@H](O3)n4cnc5c4ncnc5N)O)O
PRMT4,7pu8,4R7,501,1,A,5479,C4,45.078,25.466,127.471,3.623,20.0,C,[H]/N=C(\NCCCCNC(=O)Nc1ccc2cc(cc(c2c1)O)C(=O)OC)/NCC[C@@H]3[C@H]([C@H]([C@@H](O3)n4cnc5c4ncnc5N)O)O
PRMT4,7pu8,4R7,501,1,A,5480,C7,46.259,25.619,128.243,2.415,21.0,C,[H]/N=C(\NCCCCNC(=O)Nc1ccc2cc(cc(c2c1)O)C(=O)OC)/NCC[C@@H]3[C@H]([C@H]([C@@H](O3)n4cnc5c4ncnc5N)O)O
PRMT4,7pu8,4R7,501,1,A,5481,C9,44.997,25.562,130.271,4.831,13.0,C,[H]/N=C(\NCCCCNC(=O)Nc1ccc2cc(cc(c2c1)O)C(=O)OC)/NCC[C@@H]3[C@H]([C@H]([C@@H](O3)n4cnc5c4ncnc5N)O)O
PRMT4,7pu8,4R7,501,1,A,5487,N5,52.159,32.365,132.813,1.094,1.0,N,[H]/N=C(\NCCCCNC(=O)Nc1ccc2cc(cc(c2c1)O)C(=O)OC)/NCC[C@@H]3[C@H]([C@H]([C@@H](O3)n4cnc5c4ncnc5N)O)O
PRMT4,7pu8,4R7,501,1,A,5490,O1,46.286,25.504,125.413,2.143,22.0,O,[H]/N=C(\NCCCCNC(=O)Nc1ccc2cc(cc(c2c1)O)C(=O)OC)/NCC[C@@H]3[C@H]([C@H]([C@@H](O3)n4cnc5c4ncnc5N)O)O
PRMT4,7pu8,4R7,501,1,A,5491,O2,40.378,25.533,125.772,11.786,25.0,O,[H]/N=C(\NCCCCNC(=O)Nc1ccc2cc(cc(c2c1)O)C(=O)OC)/NCC[C@@H]3[C@H]([C@H]([C@@H](O3)n4cnc5c4ncnc5N)O)O
PRMT4,7pu8,4R7,501,1,A,5492,O3,41.394,24.337,124.175,22.501,24.0,O,[H]/N=C(\NCCCCNC(=O)Nc1ccc2cc(cc(c2c1)O)C(=O)OC)/NCC[C@@H]3[C@H]([C@H]([C@@H](O3)n4cnc5c4ncnc5N)O)O
PRMT4,7pu8,4R7,501,1,A,5493,O4,48.898,26.808,128.949,4.286,10.0,O,[H]/N=C(\NCCCCNC(=O)Nc1ccc2cc(cc(c2c1)O)C(=O)OC)/NCC[C@@H]3[C@H]([C@H]([C@@H](O3)n4cnc5c4ncnc5N)O)O
PRMT4,7pu8,4R7,501,1,A,5498,H2,41.709,25.107,127.928,12.742,,,[H]/N=C(\NCCCCNC(=O)Nc1ccc2cc(cc(c2c1)O)C(=O)OC)/NCC[C@@H]3[C@H]([C@H]([C@@H](O3)n4cnc5c4ncnc5N)O)O
PRMT4,7pu8,4R7,501,1,A,5499,H3,42.885,25.324,130.098,13.592,,,[H]/N=C(\NCCCCNC(=O)Nc1ccc2cc(cc(c2c1)O)C(=O)OC)/NCC[C@@H]3[C@H]([C@H]([C@@H](O3)n4cnc5c4ncnc5N)O)O
PRMT4,7pu8,4R7,501,1,A,5500,H4,40.668,27.165,124.469,4.247,,,[H]/N=C(\NCCCCNC(=O)Nc1ccc2cc(cc(c2c1)O)C(=O)OC)/NCC[C@@H]3[C@H]([C@H]([C@@H](O3)n4cnc5c4ncnc5N)O)O
PRMT4,7pu8,4R7,501,1,A,5501,H5,40.02,27.596,126.067,15.291,,,[H]/N=C(\NCCCCNC(=O)Nc1ccc2cc(cc(c2c1)O)C(=O)OC)/NCC[C@@H]3[C@H]([C@H]([C@@H](O3)n4cnc5c4ncnc5N)O)O
PRMT4,7pu8,4R7,501,1,A,5502,H6,38.997,26.707,124.906,22.087,,,[H]/N=C(\NCCCCNC(=O)Nc1ccc2cc(cc(c2c1)O)C(=O)OC)/NCC[C@@H]3[C@H]([C@H]([C@@H](O3)n4cnc5c4ncnc5N)O)O
PRMT4,7pu8,4R7,501,1,A,5516,H20,51.607,35.828,132.283,1.699,,,[H]/N=C(\NCCCCNC(=O)Nc1ccc2cc(cc(c2c1)O)C(=O)OC)/NCC[C@@H]3[C@H]([C@H]([C@@H](O3)n4cnc5c4ncnc5N)O)O
PRMT4,7pu8,4R7,501,1,A,5522,H26,44.948,25.6,131.358,9.344,,,[H]/N=C(\NCCCCNC(=O)Nc1ccc2cc(cc(c2c1)O)C(=O)OC)/NCC[C@@H]3[C@H]([C@H]([C@@H](O3)n4cnc5c4ncnc5N)O)O
PRMT4,7pu8,4R7,501,1,A,5523,H27,47.342,25.257,131.245,7.645,,,[H]/N=C(\NCCCCNC(=O)Nc1ccc2cc(cc(c2c1)O)C(=O)OC)/NCC[C@@H]3[C@H]([C@H]([C@@H](O3)n4cnc5c4ncnc5N)O)O
PRMT4,7pu8,4R7,501,1,A,5524,H28,49.535,25.525,131.785,5.097,,,[H]/N=C(\NCCCCNC(=O)Nc1ccc2cc(cc(c2c1)O)C(=O)OC)/NCC[C@@H]3[C@H]([C@H]([C@@H](O3)n4cnc5c4ncnc5N)O)O
PRMT4,7pu8,4R7,501,1,A,5527,H31,51.593,33.205,132.869,0.849,0.0,H,[H]/N=C(\NCCCCNC(=O)Nc1ccc2cc(cc(c2c1)O)C(=O)OC)/NCC[C@@H]3[C@H]([C@H]([C@@H](O3)n4cnc5c4ncnc5N)O)O
PRMT4,7pu8,4R7,501,1,B,5461,C1,33.904,26.063,129.904,1.208,17.0,C,[H]/N=C(\NCCCCNC(=O)Nc1ccc2cc(cc(c2c1)O)C(=O)OC)/NCC[C@@H]3[C@H]([C@H]([C@@H](O3)n4cnc5c4ncnc5N)O)O
PRMT4,7pu8,4R7,501,1,B,5462,C2,32.542,26.238,130.136,3.623,18.0,C,[H]/N=C(\NCCCCNC(=O)Nc1ccc2cc(cc(c2c1)O)C(=O)OC)/NCC[C@@H]3[C@H]([C@H]([C@@H](O3)n4cnc5c4ncnc5N)O)O
PRMT4,7pu8,4R7,501,1,B,5463,C3,31.648,25.261,129.788,3.623,19.0,C,[H]/N=C(\NCCCCNC(=O)Nc1ccc2cc(cc(c2c1)O)C(=O)OC)/NCC[C@@H]3[C@H]([C@H]([C@@H](O3)n4cnc5c4ncnc5N)O)O
PRMT4,7pu8,4R7,501,1,B,5464,C5,33.474,23.873,128.941,1.208,15.0,C,[H]/N=C(\NCCCCNC(=O)Nc1ccc2cc(cc(c2c1)O)C(=O)OC)/NCC[C@@H]3[C@H]([C@H]([C@@H](O3)n4cnc5c4ncnc5N)O)O
PRMT4,7pu8,4R7,501,1,B,5465,C6,34.363,24.906,129.323,4.831,16.0,C,[H]/N=C(\NCCCCNC(=O)Nc1ccc2cc(cc(c2c1)O)C(=O)OC)/NCC[C@@H]3[C@H]([C@H]([C@@H](O3)n4cnc5c4ncnc5N)O)O
PRMT4,7pu8,4R7,501,1,B,5466,N7,23.665,26.969,118.47,2.187,37.0,N,[H]/N=C(\NCCCCNC(=O)Nc1ccc2cc(cc(c2c1)O)C(=O)OC)/NCC[C@@H]3[C@H]([C@H]([C@@H](O3)n4cnc5c4ncnc5N)O)O
PRMT4,7pu8,4R7,501,1,B,5467,C8,31.659,21.845,128.18,1.208,12.0,C,[H]/N=C(\NCCCCNC(=O)Nc1ccc2cc(cc(c2c1)O)C(=O)OC)/NCC[C@@H]3[C@H]([C@H]([C@@H](O3)n4cnc5c4ncnc5N)O)O
PRMT4,7pu8,4R7,501,1,B,5469,C10,33.92,22.673,128.341,4.831,14.0,C,[H]/N=C(\NCCCCNC(=O)Nc1ccc2cc(cc(c2c1)O)C(=O)OC)/NCC[C@@H]3[C@H]([C@H]([C@@H](O3)n4cnc5c4ncnc5N)O)O
PRMT4,7pu8,4R7,501,1,B,5470,C12,35.416,26.456,132.504,1.208,26.0,C,[H]/N=C(\NCCCCNC(=O)Nc1ccc2cc(cc(c2c1)O)C(=O)OC)/NCC[C@@H]3[C@H]([C@H]([C@@H](O3)n4cnc5c4ncnc5N)O)O
PRMT4,7pu8,4R7,501,1,B,5482,C11,34.844,27.144,130.306,2.415,23.0,C,[H]/N=C(\NCCCCNC(=O)Nc1ccc2cc(cc(c2c1)O)C(=O)OC)/NCC[C@@H]3[C@H]([C@H]([C@@H](O3)n4cnc5c4ncnc5N)O)O
PRMT4,7pu8,4R7,501,1,B,5489,C4,32.082,24.049,129.162,3.623,20.0,C,[H]/N=C(\NCCCCNC(=O)Nc1ccc2cc(cc(c2c1)O)C(=O)OC)/NCC[C@@H]3[C@H]([C@H]([C@@H](O3)n4cnc5c4ncnc5N)O)O
PRMT4,7pu8,4R7,501,1,B,5490,C7,31.201,22.999,128.786,3.623,21.0,C,[H]/N=C(\NCCCCNC(=O)Nc1ccc2cc(cc(c2c1)O)C(=O)OC)/NCC[C@@H]3[C@H]([C@H]([C@@H](O3)n4cnc5c4ncnc5N)O)O
PRMT4,7pu8,4R7,501,1,B,5491,C9,33.038,21.694,127.986,3.623,13.0,C,[H]/N=C(\NCCCCNC(=O)Nc1ccc2cc(cc(c2c1)O)C(=O)OC)/NCC[C@@H]3[C@H]([C@H]([C@@H](O3)n4cnc5c4ncnc5N)O)O
PRMT4,7pu8,4R7,501,1,B,5497,N5,23.775,19.613,122.493,1.094,1.0,N,[H]/N=C(\NCCCCNC(=O)Nc1ccc2cc(cc(c2c1)O)C(=O)OC)/NCC[C@@H]3[C@H]([C@H]([C@@H](O3)n4cnc5c4ncnc5N)O)O
PRMT4,7pu8,4R7,501,1,B,5500,O1,30.31,25.401,129.996,4.286,22.0,O,[H]/N=C(\NCCCCNC(=O)Nc1ccc2cc(cc(c2c1)O)C(=O)OC)/NCC[C@@H]3[C@H]([C@H]([C@@H](O3)n4cnc5c4ncnc5N)O)O
PRMT4,7pu8,4R7,501,1,B,5501,O2,35.802,26.704,131.124,16.072,25.0,O,[H]/N=C(\NCCCCNC(=O)Nc1ccc2cc(cc(c2c1)O)C(=O)OC)/NCC[C@@H]3[C@H]([C@H]([C@@H](O3)n4cnc5c4ncnc5N)O)O
PRMT4,7pu8,4R7,501,1,B,5502,O3,34.742,28.292,129.967,24.644,24.0,O,[H]/N=C(\NCCCCNC(=O)Nc1ccc2cc(cc(c2c1)O)C(=O)OC)/NCC[C@@H]3[C@H]([C@H]([C@@H](O3)n4cnc5c4ncnc5N)O)O
PRMT4,7pu8,4R7,501,1,B,5503,O4,28.754,21.33,128.558,1.071,10.0,O,[H]/N=C(\NCCCCNC(=O)Nc1ccc2cc(cc(c2c1)O)C(=O)OC)/NCC[C@@H]3[C@H]([C@H]([C@@H](O3)n4cnc5c4ncnc5N)O)O
PRMT4,7pu8,4R7,501,1,B,5507,H1,32.186,27.157,130.598,1.699,,,[H]/N=C(\NCCCCNC(=O)Nc1ccc2cc(cc(c2c1)O)C(=O)OC)/NCC[C@@H]3[C@H]([C@H]([C@@H](O3)n4cnc5c4ncnc5N)O)O
PRMT4,7pu8,4R7,501,1,B,5508,H2,35.426,24.761,129.137,16.14,,,[H]/N=C(\NCCCCNC(=O)Nc1ccc2cc(cc(c2c1)O)C(=O)OC)/NCC[C@@H]3[C@H]([C@H]([C@@H](O3)n4cnc5c4ncnc5N)O)O
PRMT4,7pu8,4R7,501,1,B,5509,H3,34.985,22.538,128.16,18.689,,,[H]/N=C(\NCCCCNC(=O)Nc1ccc2cc(cc(c2c1)O)C(=O)OC)/NCC[C@@H]3[C@H]([C@H]([C@@H](O3)n4cnc5c4ncnc5N)O)O
PRMT4,7pu8,4R7,501,1,B,5510,H4,36.286,26.279,133.134,16.99,,,[H]/N=C(\NCCCCNC(=O)Nc1ccc2cc(cc(c2c1)O)C(=O)OC)/NCC[C@@H]3[C@H]([C@H]([C@@H](O3)n4cnc5c4ncnc5N)O)O
PRMT4,7pu8,4R7,501,1,B,5512,H6,34.916,27.377,132.8,0.849,,,[H]/N=C(\NCCCCNC(=O)Nc1ccc2cc(cc(c2c1)O)C(=O)OC)/NCC[C@@H]3[C@H]([C@H]([C@@H](O3)n4cnc5c4ncnc5N)O)O
PRMT4,7pu8,4R7,501,1,B,5526,H20,24.404,20.84,119.108,2.548,,,[H]/N=C(\NCCCCNC(=O)Nc1ccc2cc(cc(c2c1)O)C(=O)OC)/NCC[C@@H]3[C@H]([C@H]([C@@H](O3)n4cnc5c4ncnc5N)O)O
PRMT4,7pu8,4R7,501,1,B,5531,H25,30.138,23.139,128.97,1.699,,,[H]/N=C(\NCCCCNC(=O)Nc1ccc2cc(cc(c2c1)O)C(=O)OC)/NCC[C@@H]3[C@H]([C@H]([C@@H](O3)n4cnc5c4ncnc5N)O)O
PRMT4,7pu8,4R7,501,1,B,5532,H26,33.427,20.787,127.524,9.344,,,[H]/N=C(\NCCCCNC(=O)Nc1ccc2cc(cc(c2c1)O)C(=O)OC)/NCC[C@@H]3[C@H]([C@H]([C@@H](O3)n4cnc5c4ncnc5N)O)O
PRMT4,7pu8,4R7,501,1,B,5533,H27,31.386,19.984,127.387,4.247,,,[H]/N=C(\NCCCCNC(=O)Nc1ccc2cc(cc(c2c1)O)C(=O)OC)/NCC[C@@H]3[C@H]([C@H]([C@@H](O3)n4cnc5c4ncnc5N)O)O
PRMT4,7pu8,4R7,501,1,B,5534,H28,29.542,18.588,127.191,2.548,,,[H]/N=C(\NCCCCNC(=O)Nc1ccc2cc(cc(c2c1)O)C(=O)OC)/NCC[C@@H]3[C@H]([C@H]([C@@H](O3)n4cnc5c4ncnc5N)O)O
PRMT4,7pu8,4R7,501,1,C,5449,C1,33.349,25.955,187.441,1.208,17.0,C,[H]/N=C(\NCCCCNC(=O)Nc1ccc2cc(cc(c2c1)O)C(=O)OC)/NCC[C@@H]3[C@H]([C@H]([C@@H](O3)n4cnc5c4ncnc5N)O)O
PRMT4,7pu8,4R7,501,1,C,5450,C2,32.03,26.038,187.879,1.208,18.0,C,[H]/N=C(\NCCCCNC(=O)Nc1ccc2cc(cc(c2c1)O)C(=O)OC)/NCC[C@@H]3[C@H]([C@H]([C@@H](O3)n4cnc5c4ncnc5N)O)O
PRMT4,7pu8,4R7,501,1,C,5451,C3,31.008,26.18,186.98,1.208,19.0,C,[H]/N=C(\NCCCCNC(=O)Nc1ccc2cc(cc(c2c1)O)C(=O)OC)/NCC[C@@H]3[C@H]([C@H]([C@@H](O3)n4cnc5c4ncnc5N)O)O
PRMT4,7pu8,4R7,501,1,C,5452,C5,32.612,26.156,185.133,1.208,15.0,C,[H]/N=C(\NCCCCNC(=O)Nc1ccc2cc(cc(c2c1)O)C(=O)OC)/NCC[C@@H]3[C@H]([C@H]([C@@H](O3)n4cnc5c4ncnc5N)O)O
PRMT4,7pu8,4R7,501,1,C,5453,C6,33.638,26.012,186.097,6.038,16.0,C,[H]/N=C(\NCCCCNC(=O)Nc1ccc2cc(cc(c2c1)O)C(=O)OC)/NCC[C@@H]3[C@H]([C@H]([C@@H](O3)n4cnc5c4ncnc5N)O)O
PRMT4,7pu8,4R7,501,1,C,5454,N7,26.92,39.718,185.865,2.187,37.0,N,[H]/N=C(\NCCCCNC(=O)Nc1ccc2cc(cc(c2c1)O)C(=O)OC)/NCC[C@@H]3[C@H]([C@H]([C@@H](O3)n4cnc5c4ncnc5N)O)O
PRMT4,7pu8,4R7,501,1,C,5455,C8,30.527,26.477,183.258,1.208,12.0,C,[H]/N=C(\NCCCCNC(=O)Nc1ccc2cc(cc(c2c1)O)C(=O)OC)/NCC[C@@H]3[C@H]([C@H]([C@@H](O3)n4cnc5c4ncnc5N)O)O
PRMT4,7pu8,4R7,501,1,C,5457,C10,32.873,26.214,183.741,4.831,14.0,C,[H]/N=C(\NCCCCNC(=O)Nc1ccc2cc(cc(c2c1)O)C(=O)OC)/NCC[C@@H]3[C@H]([C@H]([C@@H](O3)n4cnc5c4ncnc5N)O)O
PRMT4,7pu8,4R7,501,1,C,5458,C12,36.379,24.598,187.918,9.661,26.0,C,[H]/N=C(\NCCCCNC(=O)Nc1ccc2cc(cc(c2c1)O)C(=O)OC)/NCC[C@@H]3[C@H]([C@H]([C@@H](O3)n4cnc5c4ncnc5N)O)O
PRMT4,7pu8,4R7,501,1,C,5477,C4,31.266,26.252,185.576,2.415,20.0,C,[H]/N=C(\NCCCCNC(=O)Nc1ccc2cc(cc(c2c1)O)C(=O)OC)/NCC[C@@H]3[C@H]([C@H]([C@@H](O3)n4cnc5c4ncnc5N)O)O
PRMT4,7pu8,4R7,501,1,C,5478,C7,30.247,26.388,184.604,2.415,21.0,C,[H]/N=C(\NCCCCNC(=O)Nc1ccc2cc(cc(c2c1)O)C(=O)OC)/NCC[C@@H]3[C@H]([C@H]([C@@H](O3)n4cnc5c4ncnc5N)O)O
PRMT4,7pu8,4R7,501,1,C,5479,C9,31.855,26.356,182.84,4.831,13.0,C,[H]/N=C(\NCCCCNC(=O)Nc1ccc2cc(cc(c2c1)O)C(=O)OC)/NCC[C@@H]3[C@H]([C@H]([C@@H](O3)n4cnc5c4ncnc5N)O)O
PRMT4,7pu8,4R7,501,1,C,5485,N5,24.15,33.792,180.434,1.094,1.0,N,[H]/N=C(\NCCCCNC(=O)Nc1ccc2cc(cc(c2c1)O)C(=O)OC)/NCC[C@@H]3[C@H]([C@H]([C@@H](O3)n4cnc5c4ncnc5N)O)O
PRMT4,7pu8,4R7,501,1,C,5489,O2,35.012,24.611,188.403,3.214,25.0,O,[H]/N=C(\NCCCCNC(=O)Nc1ccc2cc(cc(c2c1)O)C(=O)OC)/NCC[C@@H]3[C@H]([C@H]([C@@H](O3)n4cnc5c4ncnc5N)O)O
PRMT4,7pu8,4R7,501,1,C,5490,O3,34.691,26.642,189.286,13.929,24.0,O,[H]/N=C(\NCCCCNC(=O)Nc1ccc2cc(cc(c2c1)O)C(=O)OC)/NCC[C@@H]3[C@H]([C@H]([C@@H](O3)n4cnc5c4ncnc5N)O)O
PRMT4,7pu8,4R7,501,1,C,5491,O4,27.768,27.592,183.433,2.143,10.0,O,[H]/N=C(\NCCCCNC(=O)Nc1ccc2cc(cc(c2c1)O)C(=O)OC)/NCC[C@@H]3[C@H]([C@H]([C@@H](O3)n4cnc5c4ncnc5N)O)O
PRMT4,7pu8,4R7,501,1,C,5496,H2,34.667,25.948,185.745,5.946,,,[H]/N=C(\NCCCCNC(=O)Nc1ccc2cc(cc(c2c1)O)C(=O)OC)/NCC[C@@H]3[C@H]([C@H]([C@@H](O3)n4cnc5c4ncnc5N)O)O
PRMT4,7pu8,4R7,501,1,C,5497,H3,33.903,26.152,183.394,15.291,,,[H]/N=C(\NCCCCNC(=O)Nc1ccc2cc(cc(c2c1)O)C(=O)OC)/NCC[C@@H]3[C@H]([C@H]([C@@H](O3)n4cnc5c4ncnc5N)O)O
PRMT4,7pu8,4R7,501,1,C,5498,H4,36.881,25.543,188.118,11.043,,,[H]/N=C(\NCCCCNC(=O)Nc1ccc2cc(cc(c2c1)O)C(=O)OC)/NCC[C@@H]3[C@H]([C@H]([C@@H](O3)n4cnc5c4ncnc5N)O)O
PRMT4,7pu8,4R7,501,1,C,5499,H5,36.43,24.38,186.852,18.689,,,[H]/N=C(\NCCCCNC(=O)Nc1ccc2cc(cc(c2c1)O)C(=O)OC)/NCC[C@@H]3[C@H]([C@H]([C@@H](O3)n4cnc5c4ncnc5N)O)O
PRMT4,7pu8,4R7,501,1,C,5500,H6,36.845,23.795,188.487,25.485,,,[H]/N=C(\NCCCCNC(=O)Nc1ccc2cc(cc(c2c1)O)C(=O)OC)/NCC[C@@H]3[C@H]([C@H]([C@@H](O3)n4cnc5c4ncnc5N)O)O
PRMT4,7pu8,4R7,501,1,C,5514,H20,25.764,36.874,180.472,0.849,,,[H]/N=C(\NCCCCNC(=O)Nc1ccc2cc(cc(c2c1)O)C(=O)OC)/NCC[C@@H]3[C@H]([C@H]([C@@H](O3)n4cnc5c4ncnc5N)O)O
PRMT4,7pu8,4R7,501,1,C,5520,H26,32.1,26.398,181.78,8.495,,,[H]/N=C(\NCCCCNC(=O)Nc1ccc2cc(cc(c2c1)O)C(=O)OC)/NCC[C@@H]3[C@H]([C@H]([C@@H](O3)n4cnc5c4ncnc5N)O)O
PRMT4,7pu8,4R7,501,1,C,5521,H27,29.737,26.088,181.425,7.645,,,[H]/N=C(\NCCCCNC(=O)Nc1ccc2cc(cc(c2c1)O)C(=O)OC)/NCC[C@@H]3[C@H]([C@H]([C@@H](O3)n4cnc5c4ncnc5N)O)O
PRMT4,7pu8,4R7,501,1,C,5522,H28,27.693,26.452,180.467,4.247,,,[H]/N=C(\NCCCCNC(=O)Nc1ccc2cc(cc(c2c1)O)C(=O)OC)/NCC[C@@H]3[C@H]([C@H]([C@@H](O3)n4cnc5c4ncnc5N)O)O
PRMT4,7pu8,4R7,501,1,C,5528,H34,29.515,27.234,187.474,5.097,,,[H]/N=C(\NCCCCNC(=O)Nc1ccc2cc(cc(c2c1)O)C(=O)OC)/NCC[C@@H]3[C@H]([C@H]([C@@H](O3)n4cnc5c4ncnc5N)O)O
PRMT4,7pu8,4R7,501,1,C,5529,H35,27.457,37.549,179.071,0.849,,,[H]/N=C(\NCCCCNC(=O)Nc1ccc2cc(cc(c2c1)O)C(=O)OC)/NCC[C@@H]3[C@H]([C@H]([C@@H](O3)n4cnc5c4ncnc5N)O)O
PRMT4,7pu8,4R7,501,1,D,5440,C1,43.004,25.793,183.023,1.208,17.0,C,[H]/N=C(\NCCCCNC(=O)Nc1ccc2cc(cc(c2c1)O)C(=O)OC)/NCC[C@@H]3[C@H]([C@H]([C@@H](O3)n4cnc5c4ncnc5N)O)O
PRMT4,7pu8,4R7,501,1,D,5441,C2,44.351,25.8,182.665,4.831,18.0,C,[H]/N=C(\NCCCCNC(=O)Nc1ccc2cc(cc(c2c1)O)C(=O)OC)/NCC[C@@H]3[C@H]([C@H]([C@@H](O3)n4cnc5c4ncnc5N)O)O
PRMT4,7pu8,4R7,501,1,D,5442,C3,45.147,24.718,182.94,3.623,19.0,C,[H]/N=C(\NCCCCNC(=O)Nc1ccc2cc(cc(c2c1)O)C(=O)OC)/NCC[C@@H]3[C@H]([C@H]([C@@H](O3)n4cnc5c4ncnc5N)O)O
PRMT4,7pu8,4R7,501,1,D,5443,C5,43.249,23.568,183.973,2.415,15.0,C,[H]/N=C(\NCCCCNC(=O)Nc1ccc2cc(cc(c2c1)O)C(=O)OC)/NCC[C@@H]3[C@H]([C@H]([C@@H](O3)n4cnc5c4ncnc5N)O)O
PRMT4,7pu8,4R7,501,1,D,5444,C6,42.463,24.703,183.662,6.038,16.0,C,[H]/N=C(\NCCCCNC(=O)Nc1ccc2cc(cc(c2c1)O)C(=O)OC)/NCC[C@@H]3[C@H]([C@H]([C@@H](O3)n4cnc5c4ncnc5N)O)O
PRMT4,7pu8,4R7,501,1,D,5445,N7,53.326,25.85,194.481,2.187,37.0,N,[H]/N=C(\NCCCCNC(=O)Nc1ccc2cc(cc(c2c1)O)C(=O)OC)/NCC[C@@H]3[C@H]([C@H]([C@@H](O3)n4cnc5c4ncnc5N)O)O
PRMT4,7pu8,4R7,501,1,D,5446,C8,44.864,21.336,184.596,1.208,12.0,C,[H]/N=C(\NCCCCNC(=O)Nc1ccc2cc(cc(c2c1)O)C(=O)OC)/NCC[C@@H]3[C@H]([C@H]([C@@H](O3)n4cnc5c4ncnc5N)O)O
PRMT4,7pu8,4R7,501,1,D,5448,C10,42.717,22.432,184.627,4.831,14.0,C,[H]/N=C(\NCCCCNC(=O)Nc1ccc2cc(cc(c2c1)O)C(=O)OC)/NCC[C@@H]3[C@H]([C@H]([C@@H](O3)n4cnc5c4ncnc5N)O)O
PRMT4,7pu8,4R7,501,1,D,5449,C12,39.882,26.637,182.184,7.246,26.0,C,[H]/N=C(\NCCCCNC(=O)Nc1ccc2cc(cc(c2c1)O)C(=O)OC)/NCC[C@@H]3[C@H]([C@H]([C@@H](O3)n4cnc5c4ncnc5N)O)O
PRMT4,7pu8,4R7,501,1,D,5461,C11,42.165,26.979,182.699,1.208,23.0,C,[H]/N=C(\NCCCCNC(=O)Nc1ccc2cc(cc(c2c1)O)C(=O)OC)/NCC[C@@H]3[C@H]([C@H]([C@@H](O3)n4cnc5c4ncnc5N)O)O
PRMT4,7pu8,4R7,501,1,D,5468,C4,44.623,23.565,183.612,2.415,20.0,C,[H]/N=C(\NCCCCNC(=O)Nc1ccc2cc(cc(c2c1)O)C(=O)OC)/NCC[C@@H]3[C@H]([C@H]([C@@H](O3)n4cnc5c4ncnc5N)O)O
PRMT4,7pu8,4R7,501,1,D,5469,C7,45.399,22.419,183.925,4.831,21.0,C,[H]/N=C(\NCCCCNC(=O)Nc1ccc2cc(cc(c2c1)O)C(=O)OC)/NCC[C@@H]3[C@H]([C@H]([C@@H](O3)n4cnc5c4ncnc5N)O)O
PRMT4,7pu8,4R7,501,1,D,5470,C9,43.502,21.353,184.915,4.831,13.0,C,[H]/N=C(\NCCCCNC(=O)Nc1ccc2cc(cc(c2c1)O)C(=O)OC)/NCC[C@@H]3[C@H]([C@H]([C@@H](O3)n4cnc5c4ncnc5N)O)O
PRMT4,7pu8,4R7,501,1,D,5476,N5,52.767,18.556,190.469,1.094,1.0,N,[H]/N=C(\NCCCCNC(=O)Nc1ccc2cc(cc(c2c1)O)C(=O)OC)/NCC[C@@H]3[C@H]([C@H]([C@@H](O3)n4cnc5c4ncnc5N)O)O
PRMT4,7pu8,4R7,501,1,D,5479,O1,46.471,24.69,182.616,3.214,22.0,O,[H]/N=C(\NCCCCNC(=O)Nc1ccc2cc(cc(c2c1)O)C(=O)OC)/NCC[C@@H]3[C@H]([C@H]([C@@H](O3)n4cnc5c4ncnc5N)O)O
PRMT4,7pu8,4R7,501,1,D,5481,O3,42.289,28.059,183.211,30.001,24.0,O,[H]/N=C(\NCCCCNC(=O)Nc1ccc2cc(cc(c2c1)O)C(=O)OC)/NCC[C@@H]3[C@H]([C@H]([C@@H](O3)n4cnc5c4ncnc5N)O)O
PRMT4,7pu8,4R7,501,1,D,5482,O4,47.789,20.794,184.695,2.143,10.0,O,[H]/N=C(\NCCCCNC(=O)Nc1ccc2cc(cc(c2c1)O)C(=O)OC)/NCC[C@@H]3[C@H]([C@H]([C@@H](O3)n4cnc5c4ncnc5N)O)O
PRMT4,7pu8,4R7,501,1,D,5487,H2,41.412,24.69,183.946,8.495,,,[H]/N=C(\NCCCCNC(=O)Nc1ccc2cc(cc(c2c1)O)C(=O)OC)/NCC[C@@H]3[C@H]([C@H]([C@@H](O3)n4cnc5c4ncnc5N)O)O
PRMT4,7pu8,4R7,501,1,D,5488,H3,41.665,22.429,184.907,16.14,,,[H]/N=C(\NCCCCNC(=O)Nc1ccc2cc(cc(c2c1)O)C(=O)OC)/NCC[C@@H]3[C@H]([C@H]([C@@H](O3)n4cnc5c4ncnc5N)O)O
PRMT4,7pu8,4R7,501,1,D,5489,H4,39.641,25.645,182.564,13.592,,,[H]/N=C(\NCCCCNC(=O)Nc1ccc2cc(cc(c2c1)O)C(=O)OC)/NCC[C@@H]3[C@H]([C@H]([C@@H](O3)n4cnc5c4ncnc5N)O)O
PRMT4,7pu8,4R7,501,1,D,5490,H5,39.65,27.382,182.944,21.237,,,[H]/N=C(\NCCCCNC(=O)Nc1ccc2cc(cc(c2c1)O)C(=O)OC)/NCC[C@@H]3[C@H]([C@H]([C@@H](O3)n4cnc5c4ncnc5N)O)O
PRMT4,7pu8,4R7,501,1,D,5491,H6,39.318,26.841,181.275,23.786,,,[H]/N=C(\NCCCCNC(=O)Nc1ccc2cc(cc(c2c1)O)C(=O)OC)/NCC[C@@H]3[C@H]([C@H]([C@@H](O3)n4cnc5c4ncnc5N)O)O
PRMT4,7pu8,4R7,501,1,D,5505,H20,52.213,19.804,193.794,1.699,,,[H]/N=C(\NCCCCNC(=O)Nc1ccc2cc(cc(c2c1)O)C(=O)OC)/NCC[C@@H]3[C@H]([C@H]([C@@H](O3)n4cnc5c4ncnc5N)O)O
PRMT4,7pu8,4R7,501,1,D,5510,H25,46.451,22.424,183.644,0.849,,,[H]/N=C(\NCCCCNC(=O)Nc1ccc2cc(cc(c2c1)O)C(=O)OC)/NCC[C@@H]3[C@H]([C@H]([C@@H](O3)n4cnc5c4ncnc5N)O)O
PRMT4,7pu8,4R7,501,1,D,5511,H26,43.049,20.5,185.418,7.645,,,[H]/N=C(\NCCCCNC(=O)Nc1ccc2cc(cc(c2c1)O)C(=O)OC)/NCC[C@@H]3[C@H]([C@H]([C@@H](O3)n4cnc5c4ncnc5N)O)O
PRMT4,7pu8,4R7,501,1,D,5512,H27,44.975,19.347,185.008,6.796,,,[H]/N=C(\NCCCCNC(=O)Nc1ccc2cc(cc(c2c1)O)C(=O)OC)/NCC[C@@H]3[C@H]([C@H]([C@@H](O3)n4cnc5c4ncnc5N)O)O
PRMT4,7pu8,4R7,501,1,D,5513,H28,46.716,17.866,185.259,3.398,,,[H]/N=C(\NCCCCNC(=O)Nc1ccc2cc(cc(c2c1)O)C(=O)OC)/NCC[C@@H]3[C@H]([C@H]([C@@H](O3)n4cnc5c4ncnc5N)O)O
PRMT4,7puc,85U,501,1,A,5451,C1,42.359,24.847,126.567,4.831,17.0,C,[H]/N=C(\NCCCCNC(=O)Nc1ccc2cc(cc(c2c1)O)C(=O)OC)/NC/C=C/[C@@H]3[C@H]([C@H]([C@@H](O3)n4cnc5c4ncnc5N)O)O
PRMT4,7puc,85U,501,1,A,5452,C10,43.79,24.874,130.021,6.038,14.0,C,[H]/N=C(\NCCCCNC(=O)Nc1ccc2cc(cc(c2c1)O)C(=O)OC)/NC/C=C/[C@@H]3[C@H]([C@H]([C@@H](O3)n4cnc5c4ncnc5N)O)O
PRMT4,7puc,85U,501,1,A,5453,C11,41.082,24.602,125.839,3.623,23.0,C,[H]/N=C(\NCCCCNC(=O)Nc1ccc2cc(cc(c2c1)O)C(=O)OC)/NC/C=C/[C@@H]3[C@H]([C@H]([C@@H](O3)n4cnc5c4ncnc5N)O)O
PRMT4,7puc,85U,501,1,A,5454,C12,38.844,25.011,126.465,13.284,26.0,C,[H]/N=C(\NCCCCNC(=O)Nc1ccc2cc(cc(c2c1)O)C(=O)OC)/NC/C=C/[C@@H]3[C@H]([C@H]([C@@H](O3)n4cnc5c4ncnc5N)O)O
PRMT4,7puc,85U,501,1,A,5462,C2,43.484,25.194,125.818,6.038,18.0,C,[H]/N=C(\NCCCCNC(=O)Nc1ccc2cc(cc(c2c1)O)C(=O)OC)/NC/C=C/[C@@H]3[C@H]([C@H]([C@@H](O3)n4cnc5c4ncnc5N)O)O
PRMT4,7puc,85U,501,1,A,5473,C3,44.686,25.432,126.437,3.623,19.0,C,[H]/N=C(\NCCCCNC(=O)Nc1ccc2cc(cc(c2c1)O)C(=O)OC)/NC/C=C/[C@@H]3[C@H]([C@H]([C@@H](O3)n4cnc5c4ncnc5N)O)O
PRMT4,7puc,85U,501,1,A,5475,C4,44.817,25.331,127.852,6.038,20.0,C,[H]/N=C(\NCCCCNC(=O)Nc1ccc2cc(cc(c2c1)O)C(=O)OC)/NC/C=C/[C@@H]3[C@H]([C@H]([C@@H](O3)n4cnc5c4ncnc5N)O)O
PRMT4,7puc,85U,501,1,A,5476,C5,43.667,24.978,128.614,3.623,15.0,C,[H]/N=C(\NCCCCNC(=O)Nc1ccc2cc(cc(c2c1)O)C(=O)OC)/NC/C=C/[C@@H]3[C@H]([C@H]([C@@H](O3)n4cnc5c4ncnc5N)O)O
PRMT4,7puc,85U,501,1,A,5477,C6,42.447,24.742,127.938,10.869,16.0,C,[H]/N=C(\NCCCCNC(=O)Nc1ccc2cc(cc(c2c1)O)C(=O)OC)/NC/C=C/[C@@H]3[C@H]([C@H]([C@@H](O3)n4cnc5c4ncnc5N)O)O
PRMT4,7puc,85U,501,1,A,5478,C7,46.037,25.568,128.534,2.415,21.0,C,[H]/N=C(\NCCCCNC(=O)Nc1ccc2cc(cc(c2c1)O)C(=O)OC)/NC/C=C/[C@@H]3[C@H]([C@H]([C@@H](O3)n4cnc5c4ncnc5N)O)O
PRMT4,7puc,85U,501,1,A,5480,C9,44.986,25.107,130.639,4.831,13.0,C,[H]/N=C(\NCCCCNC(=O)Nc1ccc2cc(cc(c2c1)O)C(=O)OC)/NC/C=C/[C@@H]3[C@H]([C@H]([C@@H](O3)n4cnc5c4ncnc5N)O)O
PRMT4,7puc,85U,501,1,A,5486,N5,53.635,31.676,132.063,1.094,1.0,N,[H]/N=C(\NCCCCNC(=O)Nc1ccc2cc(cc(c2c1)O)C(=O)OC)/NC/C=C/[C@@H]3[C@H]([C@H]([C@@H](O3)n4cnc5c4ncnc5N)O)O
PRMT4,7puc,85U,501,1,A,5488,N7,50.64,38.557,126.917,1.094,38.0,N,[H]/N=C(\NCCCCNC(=O)Nc1ccc2cc(cc(c2c1)O)C(=O)OC)/NC/C=C/[C@@H]3[C@H]([C@H]([C@@H](O3)n4cnc5c4ncnc5N)O)O
PRMT4,7puc,85U,501,1,A,5491,O1,45.811,25.773,125.748,6.429,22.0,O,[H]/N=C(\NCCCCNC(=O)Nc1ccc2cc(cc(c2c1)O)C(=O)OC)/NC/C=C/[C@@H]3[C@H]([C@H]([C@@H](O3)n4cnc5c4ncnc5N)O)O
PRMT4,7puc,85U,501,1,A,5492,O2,40.08,24.281,126.659,11.786,25.0,O,[H]/N=C(\NCCCCNC(=O)Nc1ccc2cc(cc(c2c1)O)C(=O)OC)/NC/C=C/[C@@H]3[C@H]([C@H]([C@@H](O3)n4cnc5c4ncnc5N)O)O
PRMT4,7puc,85U,501,1,A,5493,O3,40.958,24.681,124.642,22.501,24.0,O,[H]/N=C(\NCCCCNC(=O)Nc1ccc2cc(cc(c2c1)O)C(=O)OC)/NC/C=C/[C@@H]3[C@H]([C@H]([C@@H](O3)n4cnc5c4ncnc5N)O)O
PRMT4,7puc,85U,501,1,A,5494,O4,48.569,26.887,129.055,3.214,10.0,O,[H]/N=C(\NCCCCNC(=O)Nc1ccc2cc(cc(c2c1)O)C(=O)OC)/NC/C=C/[C@@H]3[C@H]([C@H]([C@@H](O3)n4cnc5c4ncnc5N)O)O
PRMT4,7puc,85U,501,1,A,5495,O5,49.385,37.126,133.16,1.071,47.0,O,[H]/N=C(\NCCCCNC(=O)Nc1ccc2cc(cc(c2c1)O)C(=O)OC)/NC/C=C/[C@@H]3[C@H]([C@H]([C@@H](O3)n4cnc5c4ncnc5N)O)O
PRMT4,7puc,85U,501,1,A,5498,H5,42.914,24.605,130.609,16.99,,,[H]/N=C(\NCCCCNC(=O)Nc1ccc2cc(cc(c2c1)O)C(=O)OC)/NC/C=C/[C@@H]3[C@H]([C@H]([C@@H](O3)n4cnc5c4ncnc5N)O)O
PRMT4,7puc,85U,501,1,A,5499,H9,38.149,24.519,127.144,28.033,,,[H]/N=C(\NCCCCNC(=O)Nc1ccc2cc(cc(c2c1)O)C(=O)OC)/NC/C=C/[C@@H]3[C@H]([C@H]([C@@H](O3)n4cnc5c4ncnc5N)O)O
PRMT4,7puc,85U,501,1,A,5500,H10,38.483,24.927,125.441,20.388,,,[H]/N=C(\NCCCCNC(=O)Nc1ccc2cc(cc(c2c1)O)C(=O)OC)/NC/C=C/[C@@H]3[C@H]([C@H]([C@@H](O3)n4cnc5c4ncnc5N)O)O
PRMT4,7puc,85U,501,1,A,5501,H8,38.945,26.062,126.73,13.592,,,[H]/N=C(\NCCCCNC(=O)Nc1ccc2cc(cc(c2c1)O)C(=O)OC)/NC/C=C/[C@@H]3[C@H]([C@H]([C@@H](O3)n4cnc5c4ncnc5N)O)O
PRMT4,7puc,85U,501,1,A,5509,H22,51.636,36.141,132.523,5.946,,,[H]/N=C(\NCCCCNC(=O)Nc1ccc2cc(cc(c2c1)O)C(=O)OC)/NC/C=C/[C@@H]3[C@H]([C@H]([C@@H](O3)n4cnc5c4ncnc5N)O)O
PRMT4,7puc,85U,501,1,A,5510,H1,43.384,25.271,124.736,1.699,,,[H]/N=C(\NCCCCNC(=O)Nc1ccc2cc(cc(c2c1)O)C(=O)OC)/NC/C=C/[C@@H]3[C@H]([C@H]([C@@H](O3)n4cnc5c4ncnc5N)O)O
PRMT4,7puc,85U,501,1,A,5521,H2,41.588,24.472,128.55,12.742,,,[H]/N=C(\NCCCCNC(=O)Nc1ccc2cc(cc(c2c1)O)C(=O)OC)/NC/C=C/[C@@H]3[C@H]([C@H]([C@@H](O3)n4cnc5c4ncnc5N)O)O
PRMT4,7puc,85U,501,1,A,5523,H4,45.046,25.024,131.723,14.441,,,[H]/N=C(\NCCCCNC(=O)Nc1ccc2cc(cc(c2c1)O)C(=O)OC)/NC/C=C/[C@@H]3[C@H]([C@H]([C@@H](O3)n4cnc5c4ncnc5N)O)O
PRMT4,7puc,85U,501,1,A,5524,H7,47.337,25.511,131.584,5.946,,,[H]/N=C(\NCCCCNC(=O)Nc1ccc2cc(cc(c2c1)O)C(=O)OC)/NC/C=C/[C@@H]3[C@H]([C@H]([C@@H](O3)n4cnc5c4ncnc5N)O)O
PRMT4,7puc,85U,501,1,A,5525,H11,49.572,25.117,131.494,2.548,,,[H]/N=C(\NCCCCNC(=O)Nc1ccc2cc(cc(c2c1)O)C(=O)OC)/NC/C=C/[C@@H]3[C@H]([C@H]([C@@H](O3)n4cnc5c4ncnc5N)O)O
PRMT4,7puc,85U,501,1,C,5437,C1,34.483,26.722,188.456,1.208,17.0,C,[H]/N=C(\NCCCCNC(=O)Nc1ccc2cc(cc(c2c1)O)C(=O)OC)/NC/C=C/[C@@H]3[C@H]([C@H]([C@@H](O3)n4cnc5c4ncnc5N)O)O
PRMT4,7puc,85U,501,1,C,5438,C10,31.929,25.114,186.256,6.038,14.0,C,[H]/N=C(\NCCCCNC(=O)Nc1ccc2cc(cc(c2c1)O)C(=O)OC)/NC/C=C/[C@@H]3[C@H]([C@H]([C@@H](O3)n4cnc5c4ncnc5N)O)O
PRMT4,7puc,85U,501,1,C,5439,C11,35.143,26.483,189.771,3.623,23.0,C,[H]/N=C(\NCCCCNC(=O)Nc1ccc2cc(cc(c2c1)O)C(=O)OC)/NC/C=C/[C@@H]3[C@H]([C@H]([C@@H](O3)n4cnc5c4ncnc5N)O)O
PRMT4,7puc,85U,501,1,C,5440,C12,35.959,27.96,191.428,3.623,26.0,C,[H]/N=C(\NCCCCNC(=O)Nc1ccc2cc(cc(c2c1)O)C(=O)OC)/NC/C=C/[C@@H]3[C@H]([C@H]([C@@H](O3)n4cnc5c4ncnc5N)O)O
PRMT4,7puc,85U,501,1,C,5448,C2,34.808,27.848,187.697,6.038,18.0,C,[H]/N=C(\NCCCCNC(=O)Nc1ccc2cc(cc(c2c1)O)C(=O)OC)/NC/C=C/[C@@H]3[C@H]([C@H]([C@@H](O3)n4cnc5c4ncnc5N)O)O
PRMT4,7puc,85U,501,1,C,5459,C3,34.197,28.072,186.487,6.038,19.0,C,[H]/N=C(\NCCCCNC(=O)Nc1ccc2cc(cc(c2c1)O)C(=O)OC)/NC/C=C/[C@@H]3[C@H]([C@H]([C@@H](O3)n4cnc5c4ncnc5N)O)O
PRMT4,7puc,85U,501,1,C,5461,C4,33.223,27.166,185.977,7.246,20.0,C,[H]/N=C(\NCCCCNC(=O)Nc1ccc2cc(cc(c2c1)O)C(=O)OC)/NC/C=C/[C@@H]3[C@H]([C@H]([C@@H](O3)n4cnc5c4ncnc5N)O)O
PRMT4,7puc,85U,501,1,C,5462,C5,32.896,26.02,186.755,2.415,15.0,C,[H]/N=C(\NCCCCNC(=O)Nc1ccc2cc(cc(c2c1)O)C(=O)OC)/NC/C=C/[C@@H]3[C@H]([C@H]([C@@H](O3)n4cnc5c4ncnc5N)O)O
PRMT4,7puc,85U,501,1,C,5463,C6,33.547,25.826,187.995,6.038,16.0,C,[H]/N=C(\NCCCCNC(=O)Nc1ccc2cc(cc(c2c1)O)C(=O)OC)/NC/C=C/[C@@H]3[C@H]([C@H]([C@@H](O3)n4cnc5c4ncnc5N)O)O
PRMT4,7puc,85U,501,1,C,5464,C7,32.565,27.353,184.735,8.453,21.0,C,[H]/N=C(\NCCCCNC(=O)Nc1ccc2cc(cc(c2c1)O)C(=O)OC)/NC/C=C/[C@@H]3[C@H]([C@H]([C@@H](O3)n4cnc5c4ncnc5N)O)O
PRMT4,7puc,85U,501,1,C,5465,C8,31.622,26.454,184.285,4.831,12.0,C,[H]/N=C(\NCCCCNC(=O)Nc1ccc2cc(cc(c2c1)O)C(=O)OC)/NC/C=C/[C@@H]3[C@H]([C@H]([C@@H](O3)n4cnc5c4ncnc5N)O)O
PRMT4,7puc,85U,501,1,C,5466,C9,31.32,25.331,185.054,4.831,13.0,C,[H]/N=C(\NCCCCNC(=O)Nc1ccc2cc(cc(c2c1)O)C(=O)OC)/NC/C=C/[C@@H]3[C@H]([C@H]([C@@H](O3)n4cnc5c4ncnc5N)O)O
PRMT4,7puc,85U,501,1,C,5467,N1,31.012,26.697,183.03,2.187,11.0,N,[H]/N=C(\NCCCCNC(=O)Nc1ccc2cc(cc(c2c1)O)C(=O)OC)/NC/C=C/[C@@H]3[C@H]([C@H]([C@@H](O3)n4cnc5c4ncnc5N)O)O
PRMT4,7puc,85U,501,1,C,5474,N7,26.897,39.517,185.62,2.187,38.0,N,[H]/N=C(\NCCCCNC(=O)Nc1ccc2cc(cc(c2c1)O)C(=O)OC)/NC/C=C/[C@@H]3[C@H]([C@H]([C@@H](O3)n4cnc5c4ncnc5N)O)O
PRMT4,7puc,85U,501,1,C,5477,O1,34.479,29.157,185.708,11.786,22.0,O,[H]/N=C(\NCCCCNC(=O)Nc1ccc2cc(cc(c2c1)O)C(=O)OC)/NC/C=C/[C@@H]3[C@H]([C@H]([C@@H](O3)n4cnc5c4ncnc5N)O)O
PRMT4,7puc,85U,501,1,C,5478,O2,36.027,27.436,190.078,9.643,25.0,O,[H]/N=C(\NCCCCNC(=O)Nc1ccc2cc(cc(c2c1)O)C(=O)OC)/NC/C=C/[C@@H]3[C@H]([C@H]([C@@H](O3)n4cnc5c4ncnc5N)O)O
PRMT4,7puc,85U,501,1,C,5479,O3,34.918,25.532,190.479,13.929,24.0,O,[H]/N=C(\NCCCCNC(=O)Nc1ccc2cc(cc(c2c1)O)C(=O)OC)/NC/C=C/[C@@H]3[C@H]([C@H]([C@@H](O3)n4cnc5c4ncnc5N)O)O
PRMT4,7puc,85U,501,1,C,5480,O4,29.546,25.321,181.939,18.215,10.0,O,[H]/N=C(\NCCCCNC(=O)Nc1ccc2cc(cc(c2c1)O)C(=O)OC)/NC/C=C/[C@@H]3[C@H]([C@H]([C@@H](O3)n4cnc5c4ncnc5N)O)O
PRMT4,7puc,85U,501,1,C,5484,H5,31.674,24.236,186.848,1.699,,,[H]/N=C(\NCCCCNC(=O)Nc1ccc2cc(cc(c2c1)O)C(=O)OC)/NC/C=C/[C@@H]3[C@H]([C@H]([C@@H](O3)n4cnc5c4ncnc5N)O)O
PRMT4,7puc,85U,501,1,C,5485,H9,35.916,29.038,191.28,10.194,,,[H]/N=C(\NCCCCNC(=O)Nc1ccc2cc(cc(c2c1)O)C(=O)OC)/NC/C=C/[C@@H]3[C@H]([C@H]([C@@H](O3)n4cnc5c4ncnc5N)O)O
PRMT4,7puc,85U,501,1,C,5486,H10,36.844,27.7,192.006,28.883,,,[H]/N=C(\NCCCCNC(=O)Nc1ccc2cc(cc(c2c1)O)C(=O)OC)/NC/C=C/[C@@H]3[C@H]([C@H]([C@@H](O3)n4cnc5c4ncnc5N)O)O
PRMT4,7puc,85U,501,1,C,5487,H8,35.068,27.619,191.954,1.699,,,[H]/N=C(\NCCCCNC(=O)Nc1ccc2cc(cc(c2c1)O)C(=O)OC)/NC/C=C/[C@@H]3[C@H]([C@H]([C@@H](O3)n4cnc5c4ncnc5N)O)O
PRMT4,7puc,85U,501,1,C,5489,H13,27.317,26.222,181.783,1.699,,,[H]/N=C(\NCCCCNC(=O)Nc1ccc2cc(cc(c2c1)O)C(=O)OC)/NC/C=C/[C@@H]3[C@H]([C@H]([C@@H](O3)n4cnc5c4ncnc5N)O)O
PRMT4,7puc,85U,501,1,C,5495,H22,25.743,37.04,180.064,3.398,,,[H]/N=C(\NCCCCNC(=O)Nc1ccc2cc(cc(c2c1)O)C(=O)OC)/NC/C=C/[C@@H]3[C@H]([C@H]([C@@H](O3)n4cnc5c4ncnc5N)O)O
PRMT4,7puc,85U,501,1,C,5496,H1,35.551,28.545,188.082,5.097,,,[H]/N=C(\NCCCCNC(=O)Nc1ccc2cc(cc(c2c1)O)C(=O)OC)/NC/C=C/[C@@H]3[C@H]([C@H]([C@@H](O3)n4cnc5c4ncnc5N)O)O
PRMT4,7puc,85U,501,1,C,5506,H36,24.285,35.199,180.687,1.699,,,[H]/N=C(\NCCCCNC(=O)Nc1ccc2cc(cc(c2c1)O)C(=O)OC)/NC/C=C/[C@@H]3[C@H]([C@H]([C@@H](O3)n4cnc5c4ncnc5N)O)O
PRMT4,7puc,85U,501,1,C,5507,H2,33.273,24.939,188.565,3.398,,,[H]/N=C(\NCCCCNC(=O)Nc1ccc2cc(cc(c2c1)O)C(=O)OC)/NC/C=C/[C@@H]3[C@H]([C@H]([C@@H](O3)n4cnc5c4ncnc5N)O)O
PRMT4,7puc,85U,501,1,C,5509,H4,30.579,24.616,184.7,5.097,,,[H]/N=C(\NCCCCNC(=O)Nc1ccc2cc(cc(c2c1)O)C(=O)OC)/NC/C=C/[C@@H]3[C@H]([C@H]([C@@H](O3)n4cnc5c4ncnc5N)O)O
PRMT4,7puc,85U,501,1,C,5510,H7,31.588,27.203,182.367,0.849,,,[H]/N=C(\NCCCCNC(=O)Nc1ccc2cc(cc(c2c1)O)C(=O)OC)/NC/C=C/[C@@H]3[C@H]([C@H]([C@@H](O3)n4cnc5c4ncnc5N)O)O
PRMT4,7puc,85U,501,1,C,5511,H11,28.983,28.066,183.43,5.097,,,[H]/N=C(\NCCCCNC(=O)Nc1ccc2cc(cc(c2c1)O)C(=O)OC)/NC/C=C/[C@@H]3[C@H]([C@H]([C@@H](O3)n4cnc5c4ncnc5N)O)O
PRMT4,7puc,85U,501,1,C,5517,H6,35.166,29.709,186.165,5.946,,,[H]/N=C(\NCCCCNC(=O)Nc1ccc2cc(cc(c2c1)O)C(=O)OC)/NC/C=C/[C@@H]3[C@H]([C@H]([C@@H](O3)n4cnc5c4ncnc5N)O)O
PRMT4,7puc,85U,501,1,B,5461,C1,34.3,25.211,129.659,1.208,17.0,C,[H]/N=C(\NCCCCNC(=O)Nc1ccc2cc(cc(c2c1)O)C(=O)OC)/NC/C=C/[C@@H]3[C@H]([C@H]([C@@H](O3)n4cnc5c4ncnc5N)O)O
PRMT4,7puc,85U,501,1,B,5462,C10,34.06,21.632,128.617,1.208,14.0,C,[H]/N=C(\NCCCCNC(=O)Nc1ccc2cc(cc(c2c1)O)C(=O)OC)/NC/C=C/[C@@H]3[C@H]([C@H]([C@@H](O3)n4cnc5c4ncnc5N)O)O
PRMT4,7puc,85U,501,1,B,5463,C11,35.31,26.231,130.053,1.208,23.0,C,[H]/N=C(\NCCCCNC(=O)Nc1ccc2cc(cc(c2c1)O)C(=O)OC)/NC/C=C/[C@@H]3[C@H]([C@H]([C@@H](O3)n4cnc5c4ncnc5N)O)O
PRMT4,7puc,85U,501,1,B,5464,C12,37.5,26.438,129.195,7.246,26.0,C,[H]/N=C(\NCCCCNC(=O)Nc1ccc2cc(cc(c2c1)O)C(=O)OC)/NC/C=C/[C@@H]3[C@H]([C@H]([C@@H](O3)n4cnc5c4ncnc5N)O)O
PRMT4,7puc,85U,501,1,B,5472,C2,32.956,25.584,129.626,3.623,18.0,C,[H]/N=C(\NCCCCNC(=O)Nc1ccc2cc(cc(c2c1)O)C(=O)OC)/NC/C=C/[C@@H]3[C@H]([C@H]([C@@H](O3)n4cnc5c4ncnc5N)O)O
PRMT4,7puc,85U,501,1,B,5483,C3,31.991,24.675,129.268,3.623,19.0,C,[H]/N=C(\NCCCCNC(=O)Nc1ccc2cc(cc(c2c1)O)C(=O)OC)/NC/C=C/[C@@H]3[C@H]([C@H]([C@@H](O3)n4cnc5c4ncnc5N)O)O
PRMT4,7puc,85U,501,1,B,5485,C4,32.336,23.337,128.919,2.415,20.0,C,[H]/N=C(\NCCCCNC(=O)Nc1ccc2cc(cc(c2c1)O)C(=O)OC)/NC/C=C/[C@@H]3[C@H]([C@H]([C@@H](O3)n4cnc5c4ncnc5N)O)O
PRMT4,7puc,85U,501,1,B,5486,C5,33.709,22.961,128.955,1.208,15.0,C,[H]/N=C(\NCCCCNC(=O)Nc1ccc2cc(cc(c2c1)O)C(=O)OC)/NC/C=C/[C@@H]3[C@H]([C@H]([C@@H](O3)n4cnc5c4ncnc5N)O)O
PRMT4,7puc,85U,501,1,B,5487,C6,34.671,23.927,129.331,3.623,16.0,C,[H]/N=C(\NCCCCNC(=O)Nc1ccc2cc(cc(c2c1)O)C(=O)OC)/NC/C=C/[C@@H]3[C@H]([C@H]([C@@H](O3)n4cnc5c4ncnc5N)O)O
PRMT4,7puc,85U,501,1,B,5488,C7,31.374,22.363,128.544,2.415,21.0,C,[H]/N=C(\NCCCCNC(=O)Nc1ccc2cc(cc(c2c1)O)C(=O)OC)/NC/C=C/[C@@H]3[C@H]([C@H]([C@@H](O3)n4cnc5c4ncnc5N)O)O
PRMT4,7puc,85U,501,1,B,5490,C9,33.103,20.725,128.263,2.415,13.0,C,[H]/N=C(\NCCCCNC(=O)Nc1ccc2cc(cc(c2c1)O)C(=O)OC)/NC/C=C/[C@@H]3[C@H]([C@H]([C@@H](O3)n4cnc5c4ncnc5N)O)O
PRMT4,7puc,85U,501,1,B,5498,N7,23.424,26.72,118.531,2.187,38.0,N,[H]/N=C(\NCCCCNC(=O)Nc1ccc2cc(cc(c2c1)O)C(=O)OC)/NC/C=C/[C@@H]3[C@H]([C@H]([C@@H](O3)n4cnc5c4ncnc5N)O)O
PRMT4,7puc,85U,501,1,B,5501,O1,30.668,24.991,129.218,6.429,22.0,O,[H]/N=C(\NCCCCNC(=O)Nc1ccc2cc(cc(c2c1)O)C(=O)OC)/NC/C=C/[C@@H]3[C@H]([C@H]([C@@H](O3)n4cnc5c4ncnc5N)O)O
PRMT4,7puc,85U,501,1,B,5502,O2,36.554,25.745,130.045,11.786,25.0,O,[H]/N=C(\NCCCCNC(=O)Nc1ccc2cc(cc(c2c1)O)C(=O)OC)/NC/C=C/[C@@H]3[C@H]([C@H]([C@@H](O3)n4cnc5c4ncnc5N)O)O
PRMT4,7puc,85U,501,1,B,5503,O3,35.042,27.37,130.351,9.643,24.0,O,[H]/N=C(\NCCCCNC(=O)Nc1ccc2cc(cc(c2c1)O)C(=O)OC)/NC/C=C/[C@@H]3[C@H]([C@H]([C@@H](O3)n4cnc5c4ncnc5N)O)O
PRMT4,7puc,85U,501,1,B,5508,H5,35.109,21.34,128.643,17.839,,,[H]/N=C(\NCCCCNC(=O)Nc1ccc2cc(cc(c2c1)O)C(=O)OC)/NC/C=C/[C@@H]3[C@H]([C@H]([C@@H](O3)n4cnc5c4ncnc5N)O)O
PRMT4,7puc,85U,501,1,B,5509,H9,37.031,26.406,128.213,10.194,,,[H]/N=C(\NCCCCNC(=O)Nc1ccc2cc(cc(c2c1)O)C(=O)OC)/NC/C=C/[C@@H]3[C@H]([C@H]([C@@H](O3)n4cnc5c4ncnc5N)O)O
PRMT4,7puc,85U,501,1,B,5510,H10,37.638,27.473,129.506,19.538,,,[H]/N=C(\NCCCCNC(=O)Nc1ccc2cc(cc(c2c1)O)C(=O)OC)/NC/C=C/[C@@H]3[C@H]([C@H]([C@@H](O3)n4cnc5c4ncnc5N)O)O
PRMT4,7puc,85U,501,1,B,5511,H8,38.466,25.936,129.165,29.732,,,[H]/N=C(\NCCCCNC(=O)Nc1ccc2cc(cc(c2c1)O)C(=O)OC)/NC/C=C/[C@@H]3[C@H]([C@H]([C@@H](O3)n4cnc5c4ncnc5N)O)O
PRMT4,7puc,85U,501,1,B,5519,H22,24.09,20.593,118.861,5.097,,,[H]/N=C(\NCCCCNC(=O)Nc1ccc2cc(cc(c2c1)O)C(=O)OC)/NC/C=C/[C@@H]3[C@H]([C@H]([C@@H](O3)n4cnc5c4ncnc5N)O)O
PRMT4,7puc,85U,501,1,B,5530,H36,23.136,20.453,121.136,0.849,,,[H]/N=C(\NCCCCNC(=O)Nc1ccc2cc(cc(c2c1)O)C(=O)OC)/NC/C=C/[C@@H]3[C@H]([C@H]([C@@H](O3)n4cnc5c4ncnc5N)O)O
PRMT4,7puc,85U,501,1,B,5531,H2,35.711,23.605,129.35,8.495,,,[H]/N=C(\NCCCCNC(=O)Nc1ccc2cc(cc(c2c1)O)C(=O)OC)/NC/C=C/[C@@H]3[C@H]([C@H]([C@@H](O3)n4cnc5c4ncnc5N)O)O
PRMT4,7puc,85U,501,1,B,5532,H3,30.33,22.669,128.522,0.849,,,[H]/N=C(\NCCCCNC(=O)Nc1ccc2cc(cc(c2c1)O)C(=O)OC)/NC/C=C/[C@@H]3[C@H]([C@H]([C@@H](O3)n4cnc5c4ncnc5N)O)O
PRMT4,7puc,85U,501,1,B,5533,H4,33.406,19.712,128.002,16.99,,,[H]/N=C(\NCCCCNC(=O)Nc1ccc2cc(cc(c2c1)O)C(=O)OC)/NC/C=C/[C@@H]3[C@H]([C@H]([C@@H](O3)n4cnc5c4ncnc5N)O)O
PRMT4,7puc,85U,501,1,B,5534,H7,31.218,19.287,127.341,2.548,,,[H]/N=C(\NCCCCNC(=O)Nc1ccc2cc(cc(c2c1)O)C(=O)OC)/NC/C=C/[C@@H]3[C@H]([C@H]([C@@H](O3)n4cnc5c4ncnc5N)O)O
PRMT4,7puc,85U,501,1,B,5535,H11,29.582,18.01,128.17,5.097,,,[H]/N=C(\NCCCCNC(=O)Nc1ccc2cc(cc(c2c1)O)C(=O)OC)/NC/C=C/[C@@H]3[C@H]([C@H]([C@@H](O3)n4cnc5c4ncnc5N)O)O
PRMT4,7puc,85U,501,1,B,5541,H6,30.556,25.943,129.477,0.849,,,[H]/N=C(\NCCCCNC(=O)Nc1ccc2cc(cc(c2c1)O)C(=O)OC)/NC/C=C/[C@@H]3[C@H]([C@H]([C@@H](O3)n4cnc5c4ncnc5N)O)O
PRMT4,7puc,85U,501,1,D,5440,C1,42.007,24.831,182.798,2.415,17.0,C,[H]/N=C(\NCCCCNC(=O)Nc1ccc2cc(cc(c2c1)O)C(=O)OC)/NC/C=C/[C@@H]3[C@H]([C@H]([C@@H](O3)n4cnc5c4ncnc5N)O)O
PRMT4,7puc,85U,501,1,D,5441,C10,42.4,21.312,184.001,1.208,14.0,C,[H]/N=C(\NCCCCNC(=O)Nc1ccc2cc(cc(c2c1)O)C(=O)OC)/NC/C=C/[C@@H]3[C@H]([C@H]([C@@H](O3)n4cnc5c4ncnc5N)O)O
PRMT4,7puc,85U,501,1,D,5442,C11,40.952,25.808,182.401,4.831,23.0,C,[H]/N=C(\NCCCCNC(=O)Nc1ccc2cc(cc(c2c1)O)C(=O)OC)/NC/C=C/[C@@H]3[C@H]([C@H]([C@@H](O3)n4cnc5c4ncnc5N)O)O
PRMT4,7puc,85U,501,1,D,5443,C12,39.083,24.938,181.244,8.453,26.0,C,[H]/N=C(\NCCCCNC(=O)Nc1ccc2cc(cc(c2c1)O)C(=O)OC)/NC/C=C/[C@@H]3[C@H]([C@H]([C@@H](O3)n4cnc5c4ncnc5N)O)O
PRMT4,7puc,85U,501,1,D,5451,C2,43.341,25.237,182.747,6.038,18.0,C,[H]/N=C(\NCCCCNC(=O)Nc1ccc2cc(cc(c2c1)O)C(=O)OC)/NC/C=C/[C@@H]3[C@H]([C@H]([C@@H](O3)n4cnc5c4ncnc5N)O)O
PRMT4,7puc,85U,501,1,D,5462,C3,44.347,24.37,183.098,4.831,19.0,C,[H]/N=C(\NCCCCNC(=O)Nc1ccc2cc(cc(c2c1)O)C(=O)OC)/NC/C=C/[C@@H]3[C@H]([C@H]([C@@H](O3)n4cnc5c4ncnc5N)O)O
PRMT4,7puc,85U,501,1,D,5464,C4,44.058,23.044,183.531,3.623,20.0,C,[H]/N=C(\NCCCCNC(=O)Nc1ccc2cc(cc(c2c1)O)C(=O)OC)/NC/C=C/[C@@H]3[C@H]([C@H]([C@@H](O3)n4cnc5c4ncnc5N)O)O
PRMT4,7puc,85U,501,1,D,5465,C5,42.696,22.632,183.58,1.208,15.0,C,[H]/N=C(\NCCCCNC(=O)Nc1ccc2cc(cc(c2c1)O)C(=O)OC)/NC/C=C/[C@@H]3[C@H]([C@H]([C@@H](O3)n4cnc5c4ncnc5N)O)O
PRMT4,7puc,85U,501,1,D,5466,C6,41.689,23.554,183.205,6.038,16.0,C,[H]/N=C(\NCCCCNC(=O)Nc1ccc2cc(cc(c2c1)O)C(=O)OC)/NC/C=C/[C@@H]3[C@H]([C@H]([C@@H](O3)n4cnc5c4ncnc5N)O)O
PRMT4,7puc,85U,501,1,D,5467,C7,45.063,22.115,183.904,3.623,21.0,C,[H]/N=C(\NCCCCNC(=O)Nc1ccc2cc(cc(c2c1)O)C(=O)OC)/NC/C=C/[C@@H]3[C@H]([C@H]([C@@H](O3)n4cnc5c4ncnc5N)O)O
PRMT4,7puc,85U,501,1,D,5469,C9,43.398,20.449,184.353,1.208,13.0,C,[H]/N=C(\NCCCCNC(=O)Nc1ccc2cc(cc(c2c1)O)C(=O)OC)/NC/C=C/[C@@H]3[C@H]([C@H]([C@@H](O3)n4cnc5c4ncnc5N)O)O
PRMT4,7puc,85U,501,1,D,5475,N5,53.155,18.219,189.052,1.094,1.0,N,[H]/N=C(\NCCCCNC(=O)Nc1ccc2cc(cc(c2c1)O)C(=O)OC)/NC/C=C/[C@@H]3[C@H]([C@H]([C@@H](O3)n4cnc5c4ncnc5N)O)O
PRMT4,7puc,85U,501,1,D,5477,N7,53.544,25.716,194.07,2.187,38.0,N,[H]/N=C(\NCCCCNC(=O)Nc1ccc2cc(cc(c2c1)O)C(=O)OC)/NC/C=C/[C@@H]3[C@H]([C@H]([C@@H](O3)n4cnc5c4ncnc5N)O)O
PRMT4,7puc,85U,501,1,D,5480,O1,45.663,24.718,183.065,6.429,22.0,O,[H]/N=C(\NCCCCNC(=O)Nc1ccc2cc(cc(c2c1)O)C(=O)OC)/NC/C=C/[C@@H]3[C@H]([C@H]([C@@H](O3)n4cnc5c4ncnc5N)O)O
PRMT4,7puc,85U,501,1,D,5481,O2,39.721,25.296,182.495,15.0,25.0,O,[H]/N=C(\NCCCCNC(=O)Nc1ccc2cc(cc(c2c1)O)C(=O)OC)/NC/C=C/[C@@H]3[C@H]([C@H]([C@@H](O3)n4cnc5c4ncnc5N)O)O
PRMT4,7puc,85U,501,1,D,5482,O3,41.174,26.938,182.039,22.501,24.0,O,[H]/N=C(\NCCCCNC(=O)Nc1ccc2cc(cc(c2c1)O)C(=O)OC)/NC/C=C/[C@@H]3[C@H]([C@H]([C@@H](O3)n4cnc5c4ncnc5N)O)O
PRMT4,7puc,85U,501,1,D,5483,O4,47.695,21.079,184.72,3.214,10.0,O,[H]/N=C(\NCCCCNC(=O)Nc1ccc2cc(cc(c2c1)O)C(=O)OC)/NC/C=C/[C@@H]3[C@H]([C@H]([C@@H](O3)n4cnc5c4ncnc5N)O)O
PRMT4,7puc,85U,501,1,D,5487,H5,41.36,20.993,184.043,19.538,,,[H]/N=C(\NCCCCNC(=O)Nc1ccc2cc(cc(c2c1)O)C(=O)OC)/NC/C=C/[C@@H]3[C@H]([C@H]([C@@H](O3)n4cnc5c4ncnc5N)O)O
PRMT4,7puc,85U,501,1,D,5488,H9,38.355,25.734,181.093,25.485,,,[H]/N=C(\NCCCCNC(=O)Nc1ccc2cc(cc(c2c1)O)C(=O)OC)/NC/C=C/[C@@H]3[C@H]([C@H]([C@@H](O3)n4cnc5c4ncnc5N)O)O
PRMT4,7puc,85U,501,1,D,5489,H10,38.574,23.978,181.312,23.786,,,[H]/N=C(\NCCCCNC(=O)Nc1ccc2cc(cc(c2c1)O)C(=O)OC)/NC/C=C/[C@@H]3[C@H]([C@H]([C@@H](O3)n4cnc5c4ncnc5N)O)O
PRMT4,7puc,85U,501,1,D,5490,H8,39.791,24.917,180.417,5.097,,,[H]/N=C(\NCCCCNC(=O)Nc1ccc2cc(cc(c2c1)O)C(=O)OC)/NC/C=C/[C@@H]3[C@H]([C@H]([C@@H](O3)n4cnc5c4ncnc5N)O)O
PRMT4,7puc,85U,501,1,D,5498,H22,52.578,19.642,193.828,4.247,,,[H]/N=C(\NCCCCNC(=O)Nc1ccc2cc(cc(c2c1)O)C(=O)OC)/NC/C=C/[C@@H]3[C@H]([C@H]([C@@H](O3)n4cnc5c4ncnc5N)O)O
PRMT4,7puc,85U,501,1,D,5509,H36,53.501,19.442,191.563,1.699,,,[H]/N=C(\NCCCCNC(=O)Nc1ccc2cc(cc(c2c1)O)C(=O)OC)/NC/C=C/[C@@H]3[C@H]([C@H]([C@@H](O3)n4cnc5c4ncnc5N)O)O
PRMT4,7puc,85U,501,1,D,5510,H2,40.658,23.206,183.256,8.495,,,[H]/N=C(\NCCCCNC(=O)Nc1ccc2cc(cc(c2c1)O)C(=O)OC)/NC/C=C/[C@@H]3[C@H]([C@H]([C@@H](O3)n4cnc5c4ncnc5N)O)O
PRMT4,7puc,85U,501,1,D,5511,H3,46.096,22.451,183.855,0.849,,,[H]/N=C(\NCCCCNC(=O)Nc1ccc2cc(cc(c2c1)O)C(=O)OC)/NC/C=C/[C@@H]3[C@H]([C@H]([C@@H](O3)n4cnc5c4ncnc5N)O)O
PRMT4,7puc,85U,501,1,D,5512,H4,43.137,19.442,184.676,13.592,,,[H]/N=C(\NCCCCNC(=O)Nc1ccc2cc(cc(c2c1)O)C(=O)OC)/NC/C=C/[C@@H]3[C@H]([C@H]([C@@H](O3)n4cnc5c4ncnc5N)O)O
PRMT4,7puc,85U,501,1,D,5513,H7,45.379,19.035,185.101,1.699,,,[H]/N=C(\NCCCCNC(=O)Nc1ccc2cc(cc(c2c1)O)C(=O)OC)/NC/C=C/[C@@H]3[C@H]([C@H]([C@@H](O3)n4cnc5c4ncnc5N)O)O
PRMT4,7puc,85U,501,1,D,5514,H11,47.219,17.988,184.169,1.699,,,[H]/N=C(\NCCCCNC(=O)Nc1ccc2cc(cc(c2c1)O)C(=O)OC)/NC/C=C/[C@@H]3[C@H]([C@H]([C@@H](O3)n4cnc5c4ncnc5N)O)O
PRMT4,7puq,867,501,867,A,5451,C1,42.178,25.246,126.422,3.623,17.0,C,[H]/N=C(\NCCCCNC(=O)Nc1ccc2cc(cc(c2c1)O)C(=O)OC)/NCCC[C@@H]3[C@H]([C@H]([C@@H](O3)n4cnc5c4ncnc5N)O)O
PRMT4,7puq,867,501,867,A,5452,C2,43.289,25.217,125.578,10.869,18.0,C,[H]/N=C(\NCCCCNC(=O)Nc1ccc2cc(cc(c2c1)O)C(=O)OC)/NCCC[C@@H]3[C@H]([C@H]([C@@H](O3)n4cnc5c4ncnc5N)O)O
PRMT4,7puq,867,501,867,A,5453,C3,44.564,25.232,126.096,4.831,19.0,C,[H]/N=C(\NCCCCNC(=O)Nc1ccc2cc(cc(c2c1)O)C(=O)OC)/NCCC[C@@H]3[C@H]([C@H]([C@@H](O3)n4cnc5c4ncnc5N)O)O
PRMT4,7puq,867,501,867,A,5455,C5,43.647,25.31,128.363,3.623,15.0,C,[H]/N=C(\NCCCCNC(=O)Nc1ccc2cc(cc(c2c1)O)C(=O)OC)/NCCC[C@@H]3[C@H]([C@H]([C@@H](O3)n4cnc5c4ncnc5N)O)O
PRMT4,7puq,867,501,867,A,5456,C6,42.354,25.296,127.788,2.415,16.0,C,[H]/N=C(\NCCCCNC(=O)Nc1ccc2cc(cc(c2c1)O)C(=O)OC)/NCCC[C@@H]3[C@H]([C@H]([C@@H](O3)n4cnc5c4ncnc5N)O)O
PRMT4,7puq,867,501,867,A,5457,C11,40.812,25.232,125.81,6.038,23.0,C,[H]/N=C(\NCCCCNC(=O)Nc1ccc2cc(cc(c2c1)O)C(=O)OC)/NCCC[C@@H]3[C@H]([C@H]([C@@H](O3)n4cnc5c4ncnc5N)O)O
PRMT4,7puq,867,501,867,A,5458,C12,39.567,23.445,126.745,9.661,26.0,C,[H]/N=C(\NCCCCNC(=O)Nc1ccc2cc(cc(c2c1)O)C(=O)OC)/NCCC[C@@H]3[C@H]([C@H]([C@@H](O3)n4cnc5c4ncnc5N)O)O
PRMT4,7puq,867,501,867,A,5462,C10,43.851,25.355,129.765,7.246,14.0,C,[H]/N=C(\NCCCCNC(=O)Nc1ccc2cc(cc(c2c1)O)C(=O)OC)/NCCC[C@@H]3[C@H]([C@H]([C@@H](O3)n4cnc5c4ncnc5N)O)O
PRMT4,7puq,867,501,867,A,5478,C4,44.782,25.28,127.508,4.831,20.0,C,[H]/N=C(\NCCCCNC(=O)Nc1ccc2cc(cc(c2c1)O)C(=O)OC)/NCCC[C@@H]3[C@H]([C@H]([C@@H](O3)n4cnc5c4ncnc5N)O)O
PRMT4,7puq,867,501,867,A,5479,C7,46.075,25.297,128.101,2.415,21.0,C,[H]/N=C(\NCCCCNC(=O)Nc1ccc2cc(cc(c2c1)O)C(=O)OC)/NCCC[C@@H]3[C@H]([C@H]([C@@H](O3)n4cnc5c4ncnc5N)O)O
PRMT4,7puq,867,501,867,A,5481,C9,45.11,25.369,130.291,6.038,13.0,C,[H]/N=C(\NCCCCNC(=O)Nc1ccc2cc(cc(c2c1)O)C(=O)OC)/NCCC[C@@H]3[C@H]([C@H]([C@@H](O3)n4cnc5c4ncnc5N)O)O
PRMT4,7puq,867,501,867,A,5488,N7,50.3,38.736,126.647,3.281,38.0,N,[H]/N=C(\NCCCCNC(=O)Nc1ccc2cc(cc(c2c1)O)C(=O)OC)/NCCC[C@@H]3[C@H]([C@H]([C@@H](O3)n4cnc5c4ncnc5N)O)O
PRMT4,7puq,867,501,867,A,5491,O1,45.694,25.207,125.312,4.286,22.0,O,[H]/N=C(\NCCCCNC(=O)Nc1ccc2cc(cc(c2c1)O)C(=O)OC)/NCCC[C@@H]3[C@H]([C@H]([C@@H](O3)n4cnc5c4ncnc5N)O)O
PRMT4,7puq,867,501,867,A,5492,O2,39.863,24.863,126.675,10.715,25.0,O,[H]/N=C(\NCCCCNC(=O)Nc1ccc2cc(cc(c2c1)O)C(=O)OC)/NCCC[C@@H]3[C@H]([C@H]([C@@H](O3)n4cnc5c4ncnc5N)O)O
PRMT4,7puq,867,501,867,A,5493,O3,40.574,25.515,124.663,36.43,24.0,O,[H]/N=C(\NCCCCNC(=O)Nc1ccc2cc(cc(c2c1)O)C(=O)OC)/NCCC[C@@H]3[C@H]([C@H]([C@@H](O3)n4cnc5c4ncnc5N)O)O
PRMT4,7puq,867,501,867,A,5494,O4,48.66,26.886,128.804,3.214,10.0,O,[H]/N=C(\NCCCCNC(=O)Nc1ccc2cc(cc(c2c1)O)C(=O)OC)/NCCC[C@@H]3[C@H]([C@H]([C@@H](O3)n4cnc5c4ncnc5N)O)O
PRMT4,7puq,867,501,867,A,5499,H7,47.602,24.619,130.774,8.495,,,[H]/N=C(\NCCCCNC(=O)Nc1ccc2cc(cc(c2c1)O)C(=O)OC)/NCCC[C@@H]3[C@H]([C@H]([C@@H](O3)n4cnc5c4ncnc5N)O)O
PRMT4,7puq,867,501,867,A,5500,H2,41.499,25.32,128.462,8.495,,,[H]/N=C(\NCCCCNC(=O)Nc1ccc2cc(cc(c2c1)O)C(=O)OC)/NCCC[C@@H]3[C@H]([C@H]([C@@H](O3)n4cnc5c4ncnc5N)O)O
PRMT4,7puq,867,501,867,A,5501,H9,38.614,23.408,127.27,26.334,,,[H]/N=C(\NCCCCNC(=O)Nc1ccc2cc(cc(c2c1)O)C(=O)OC)/NCCC[C@@H]3[C@H]([C@H]([C@@H](O3)n4cnc5c4ncnc5N)O)O
PRMT4,7puq,867,501,867,A,5502,H10,40.326,22.904,127.308,20.388,,,[H]/N=C(\NCCCCNC(=O)Nc1ccc2cc(cc(c2c1)O)C(=O)OC)/NCCC[C@@H]3[C@H]([C@H]([C@@H](O3)n4cnc5c4ncnc5N)O)O
PRMT4,7puq,867,501,867,A,5503,H8,39.465,23.0,125.756,22.087,,,[H]/N=C(\NCCCCNC(=O)Nc1ccc2cc(cc(c2c1)O)C(=O)OC)/NCCC[C@@H]3[C@H]([C@H]([C@@H](O3)n4cnc5c4ncnc5N)O)O
PRMT4,7puq,867,501,867,A,5506,H5,42.985,25.38,130.424,11.043,,,[H]/N=C(\NCCCCNC(=O)Nc1ccc2cc(cc(c2c1)O)C(=O)OC)/NCCC[C@@H]3[C@H]([C@H]([C@@H](O3)n4cnc5c4ncnc5N)O)O
PRMT4,7puq,867,501,867,A,5513,H23,51.596,35.91,132.002,1.699,,,[H]/N=C(\NCCCCNC(=O)Nc1ccc2cc(cc(c2c1)O)C(=O)OC)/NCCC[C@@H]3[C@H]([C@H]([C@@H](O3)n4cnc5c4ncnc5N)O)O
PRMT4,7puq,867,501,867,A,5523,H38,53.232,35.27,129.662,0.849,,,[H]/N=C(\NCCCCNC(=O)Nc1ccc2cc(cc(c2c1)O)C(=O)OC)/NCCC[C@@H]3[C@H]([C@H]([C@@H](O3)n4cnc5c4ncnc5N)O)O
PRMT4,7puq,867,501,867,A,5526,H4,45.223,25.405,131.374,10.194,,,[H]/N=C(\NCCCCNC(=O)Nc1ccc2cc(cc(c2c1)O)C(=O)OC)/NCCC[C@@H]3[C@H]([C@H]([C@@H](O3)n4cnc5c4ncnc5N)O)O
PRMT4,7puq,867,501,867,A,5527,H11,49.809,25.039,131.137,1.699,,,[H]/N=C(\NCCCCNC(=O)Nc1ccc2cc(cc(c2c1)O)C(=O)OC)/NCCC[C@@H]3[C@H]([C@H]([C@@H](O3)n4cnc5c4ncnc5N)O)O
PRMT4,7puq,867,501,867,B,5461,C1,34.765,24.791,128.991,2.415,17.0,C,[H]/N=C(\NCCCCNC(=O)Nc1ccc2cc(cc(c2c1)O)C(=O)OC)/NCCC[C@@H]3[C@H]([C@H]([C@@H](O3)n4cnc5c4ncnc5N)O)O
PRMT4,7puq,867,501,867,B,5462,C2,33.53,25.268,129.435,8.453,18.0,C,[H]/N=C(\NCCCCNC(=O)Nc1ccc2cc(cc(c2c1)O)C(=O)OC)/NCCC[C@@H]3[C@H]([C@H]([C@@H](O3)n4cnc5c4ncnc5N)O)O
PRMT4,7puq,867,501,867,B,5463,C3,32.412,24.474,129.371,4.831,19.0,C,[H]/N=C(\NCCCCNC(=O)Nc1ccc2cc(cc(c2c1)O)C(=O)OC)/NCCC[C@@H]3[C@H]([C@H]([C@@H](O3)n4cnc5c4ncnc5N)O)O
PRMT4,7puq,867,501,867,B,5465,C5,33.745,22.657,128.385,3.623,15.0,C,[H]/N=C(\NCCCCNC(=O)Nc1ccc2cc(cc(c2c1)O)C(=O)OC)/NCCC[C@@H]3[C@H]([C@H]([C@@H](O3)n4cnc5c4ncnc5N)O)O
PRMT4,7puq,867,501,867,B,5466,C6,34.871,23.515,128.476,9.661,16.0,C,[H]/N=C(\NCCCCNC(=O)Nc1ccc2cc(cc(c2c1)O)C(=O)OC)/NCCC[C@@H]3[C@H]([C@H]([C@@H](O3)n4cnc5c4ncnc5N)O)O
PRMT4,7puq,867,501,867,B,5467,C11,35.954,25.697,129.082,6.038,23.0,C,[H]/N=C(\NCCCCNC(=O)Nc1ccc2cc(cc(c2c1)O)C(=O)OC)/NCCC[C@@H]3[C@H]([C@H]([C@@H](O3)n4cnc5c4ncnc5N)O)O
PRMT4,7puq,867,501,867,B,5468,C12,38.009,24.926,129.988,7.246,26.0,C,[H]/N=C(\NCCCCNC(=O)Nc1ccc2cc(cc(c2c1)O)C(=O)OC)/NCCC[C@@H]3[C@H]([C@H]([C@@H](O3)n4cnc5c4ncnc5N)O)O
PRMT4,7puq,867,501,867,B,5472,C10,33.84,21.341,127.861,7.246,14.0,C,[H]/N=C(\NCCCCNC(=O)Nc1ccc2cc(cc(c2c1)O)C(=O)OC)/NCCC[C@@H]3[C@H]([C@H]([C@@H](O3)n4cnc5c4ncnc5N)O)O
PRMT4,7puq,867,501,867,B,5488,C4,32.48,23.125,128.836,7.246,20.0,C,[H]/N=C(\NCCCCNC(=O)Nc1ccc2cc(cc(c2c1)O)C(=O)OC)/NCCC[C@@H]3[C@H]([C@H]([C@@H](O3)n4cnc5c4ncnc5N)O)O
PRMT4,7puq,867,501,867,B,5489,C7,31.369,22.239,128.728,4.831,21.0,C,[H]/N=C(\NCCCCNC(=O)Nc1ccc2cc(cc(c2c1)O)C(=O)OC)/NCCC[C@@H]3[C@H]([C@H]([C@@H](O3)n4cnc5c4ncnc5N)O)O
PRMT4,7puq,867,501,867,B,5490,C8,31.482,20.979,128.172,1.208,12.0,C,[H]/N=C(\NCCCCNC(=O)Nc1ccc2cc(cc(c2c1)O)C(=O)OC)/NCCC[C@@H]3[C@H]([C@H]([C@@H](O3)n4cnc5c4ncnc5N)O)O
PRMT4,7puq,867,501,867,B,5491,C9,32.744,20.53,127.783,7.246,13.0,C,[H]/N=C(\NCCCCNC(=O)Nc1ccc2cc(cc(c2c1)O)C(=O)OC)/NCCC[C@@H]3[C@H]([C@H]([C@@H](O3)n4cnc5c4ncnc5N)O)O
PRMT4,7puq,867,501,867,B,5498,N7,23.425,26.784,118.179,1.094,38.0,N,[H]/N=C(\NCCCCNC(=O)Nc1ccc2cc(cc(c2c1)O)C(=O)OC)/NCCC[C@@H]3[C@H]([C@H]([C@@H](O3)n4cnc5c4ncnc5N)O)O
PRMT4,7puq,867,501,867,B,5501,O1,31.191,24.954,129.812,5.357,22.0,O,[H]/N=C(\NCCCCNC(=O)Nc1ccc2cc(cc(c2c1)O)C(=O)OC)/NCCC[C@@H]3[C@H]([C@H]([C@@H](O3)n4cnc5c4ncnc5N)O)O
PRMT4,7puq,867,501,867,B,5502,O2,37.106,25.057,128.859,12.858,25.0,O,[H]/N=C(\NCCCCNC(=O)Nc1ccc2cc(cc(c2c1)O)C(=O)OC)/NCCC[C@@H]3[C@H]([C@H]([C@@H](O3)n4cnc5c4ncnc5N)O)O
PRMT4,7puq,867,501,867,B,5503,O3,35.899,26.876,129.331,16.072,24.0,O,[H]/N=C(\NCCCCNC(=O)Nc1ccc2cc(cc(c2c1)O)C(=O)OC)/NCCC[C@@H]3[C@H]([C@H]([C@@H](O3)n4cnc5c4ncnc5N)O)O
PRMT4,7puq,867,501,867,B,5504,O4,28.549,21.422,127.871,3.214,10.0,O,[H]/N=C(\NCCCCNC(=O)Nc1ccc2cc(cc(c2c1)O)C(=O)OC)/NCCC[C@@H]3[C@H]([C@H]([C@@H](O3)n4cnc5c4ncnc5N)O)O
PRMT4,7puq,867,501,867,B,5509,H7,30.69,19.125,128.381,5.946,,,[H]/N=C(\NCCCCNC(=O)Nc1ccc2cc(cc(c2c1)O)C(=O)OC)/NCCC[C@@H]3[C@H]([C@H]([C@@H](O3)n4cnc5c4ncnc5N)O)O
PRMT4,7puq,867,501,867,B,5510,H2,35.827,23.132,128.121,10.194,,,[H]/N=C(\NCCCCNC(=O)Nc1ccc2cc(cc(c2c1)O)C(=O)OC)/NCCC[C@@H]3[C@H]([C@H]([C@@H](O3)n4cnc5c4ncnc5N)O)O
PRMT4,7puq,867,501,867,B,5511,H9,38.525,25.884,130.016,22.936,,,[H]/N=C(\NCCCCNC(=O)Nc1ccc2cc(cc(c2c1)O)C(=O)OC)/NCCC[C@@H]3[C@H]([C@H]([C@@H](O3)n4cnc5c4ncnc5N)O)O
PRMT4,7puq,867,501,867,B,5512,H10,38.725,24.119,129.837,28.033,,,[H]/N=C(\NCCCCNC(=O)Nc1ccc2cc(cc(c2c1)O)C(=O)OC)/NCCC[C@@H]3[C@H]([C@H]([C@@H](O3)n4cnc5c4ncnc5N)O)O
PRMT4,7puq,867,501,867,B,5513,H8,37.473,24.765,130.922,22.936,,,[H]/N=C(\NCCCCNC(=O)Nc1ccc2cc(cc(c2c1)O)C(=O)OC)/NCCC[C@@H]3[C@H]([C@H]([C@@H](O3)n4cnc5c4ncnc5N)O)O
PRMT4,7puq,867,501,867,B,5516,H5,34.808,20.981,127.514,12.742,,,[H]/N=C(\NCCCCNC(=O)Nc1ccc2cc(cc(c2c1)O)C(=O)OC)/NCCC[C@@H]3[C@H]([C@H]([C@@H](O3)n4cnc5c4ncnc5N)O)O
PRMT4,7puq,867,501,867,B,5523,H23,24.074,20.671,118.846,5.097,,,[H]/N=C(\NCCCCNC(=O)Nc1ccc2cc(cc(c2c1)O)C(=O)OC)/NCCC[C@@H]3[C@H]([C@H]([C@@H](O3)n4cnc5c4ncnc5N)O)O
PRMT4,7puq,867,501,867,B,5534,H37,22.857,20.626,121.163,0.849,,,[H]/N=C(\NCCCCNC(=O)Nc1ccc2cc(cc(c2c1)O)C(=O)OC)/NCCC[C@@H]3[C@H]([C@H]([C@@H](O3)n4cnc5c4ncnc5N)O)O
PRMT4,7puq,867,501,867,B,5536,H4,32.865,19.528,127.374,11.043,,,[H]/N=C(\NCCCCNC(=O)Nc1ccc2cc(cc(c2c1)O)C(=O)OC)/NCCC[C@@H]3[C@H]([C@H]([C@@H](O3)n4cnc5c4ncnc5N)O)O
PRMT4,7puq,867,501,867,B,5537,H11,28.606,18.286,128.404,2.548,,,[H]/N=C(\NCCCCNC(=O)Nc1ccc2cc(cc(c2c1)O)C(=O)OC)/NCCC[C@@H]3[C@H]([C@H]([C@@H](O3)n4cnc5c4ncnc5N)O)O
PRMT4,7puq,867,501,867,B,5538,H18,25.417,19.223,122.501,1.699,,,[H]/N=C(\NCCCCNC(=O)Nc1ccc2cc(cc(c2c1)O)C(=O)OC)/NCCC[C@@H]3[C@H]([C@H]([C@@H](O3)n4cnc5c4ncnc5N)O)O
PRMT4,7puq,867,501,867,B,5543,H6,30.479,24.278,129.708,0.849,,,[H]/N=C(\NCCCCNC(=O)Nc1ccc2cc(cc(c2c1)O)C(=O)OC)/NCCC[C@@H]3[C@H]([C@H]([C@@H](O3)n4cnc5c4ncnc5N)O)O
PRMT4,7puq,867,501,867,C,5453,C3,31.434,27.004,187.069,3.623,19.0,C,[H]/N=C(\NCCCCNC(=O)Nc1ccc2cc(cc(c2c1)O)C(=O)OC)/NCCC[C@@H]3[C@H]([C@H]([C@@H](O3)n4cnc5c4ncnc5N)O)O
PRMT4,7puq,867,501,867,C,5455,C5,32.931,26.978,185.126,3.623,15.0,C,[H]/N=C(\NCCCCNC(=O)Nc1ccc2cc(cc(c2c1)O)C(=O)OC)/NCCC[C@@H]3[C@H]([C@H]([C@@H](O3)n4cnc5c4ncnc5N)O)O
PRMT4,7puq,867,501,867,C,5456,C6,34.011,27.163,186.026,4.831,16.0,C,[H]/N=C(\NCCCCNC(=O)Nc1ccc2cc(cc(c2c1)O)C(=O)OC)/NCCC[C@@H]3[C@H]([C@H]([C@@H](O3)n4cnc5c4ncnc5N)O)O
PRMT4,7puq,867,501,867,C,5457,C11,34.934,27.443,188.329,1.208,23.0,C,[H]/N=C(\NCCCCNC(=O)Nc1ccc2cc(cc(c2c1)O)C(=O)OC)/NCCC[C@@H]3[C@H]([C@H]([C@@H](O3)n4cnc5c4ncnc5N)O)O
PRMT4,7puq,867,501,867,C,5458,C12,34.91,25.445,189.603,4.831,26.0,C,[H]/N=C(\NCCCCNC(=O)Nc1ccc2cc(cc(c2c1)O)C(=O)OC)/NCCC[C@@H]3[C@H]([C@H]([C@@H](O3)n4cnc5c4ncnc5N)O)O
PRMT4,7puq,867,501,867,C,5462,C10,33.116,26.871,183.723,6.038,14.0,C,[H]/N=C(\NCCCCNC(=O)Nc1ccc2cc(cc(c2c1)O)C(=O)OC)/NCCC[C@@H]3[C@H]([C@H]([C@@H](O3)n4cnc5c4ncnc5N)O)O
PRMT4,7puq,867,501,867,C,5478,C4,31.61,26.895,185.647,3.623,20.0,C,[H]/N=C(\NCCCCNC(=O)Nc1ccc2cc(cc(c2c1)O)C(=O)OC)/NCCC[C@@H]3[C@H]([C@H]([C@@H](O3)n4cnc5c4ncnc5N)O)O
PRMT4,7puq,867,501,867,C,5479,C7,30.537,26.711,184.734,4.831,21.0,C,[H]/N=C(\NCCCCNC(=O)Nc1ccc2cc(cc(c2c1)O)C(=O)OC)/NCCC[C@@H]3[C@H]([C@H]([C@@H](O3)n4cnc5c4ncnc5N)O)O
PRMT4,7puq,867,501,867,C,5480,C8,30.745,26.653,183.368,1.208,12.0,C,[H]/N=C(\NCCCCNC(=O)Nc1ccc2cc(cc(c2c1)O)C(=O)OC)/NCCC[C@@H]3[C@H]([C@H]([C@@H](O3)n4cnc5c4ncnc5N)O)O
PRMT4,7puq,867,501,867,C,5481,C9,32.051,26.692,182.883,6.038,13.0,C,[H]/N=C(\NCCCCNC(=O)Nc1ccc2cc(cc(c2c1)O)C(=O)OC)/NCCC[C@@H]3[C@H]([C@H]([C@@H](O3)n4cnc5c4ncnc5N)O)O
PRMT4,7puq,867,501,867,C,5488,N7,27.017,39.699,185.375,1.094,38.0,N,[H]/N=C(\NCCCCNC(=O)Nc1ccc2cc(cc(c2c1)O)C(=O)OC)/NCCC[C@@H]3[C@H]([C@H]([C@@H](O3)n4cnc5c4ncnc5N)O)O
PRMT4,7puq,867,501,867,C,5492,O2,35.545,26.289,188.607,17.143,25.0,O,[H]/N=C(\NCCCCNC(=O)Nc1ccc2cc(cc(c2c1)O)C(=O)OC)/NCCC[C@@H]3[C@H]([C@H]([C@@H](O3)n4cnc5c4ncnc5N)O)O
PRMT4,7puq,867,501,867,C,5493,O3,35.252,28.493,188.82,10.715,24.0,O,[H]/N=C(\NCCCCNC(=O)Nc1ccc2cc(cc(c2c1)O)C(=O)OC)/NCCC[C@@H]3[C@H]([C@H]([C@@H](O3)n4cnc5c4ncnc5N)O)O
PRMT4,7puq,867,501,867,C,5494,O4,28.058,27.774,183.406,1.071,10.0,O,[H]/N=C(\NCCCCNC(=O)Nc1ccc2cc(cc(c2c1)O)C(=O)OC)/NCCC[C@@H]3[C@H]([C@H]([C@@H](O3)n4cnc5c4ncnc5N)O)O
PRMT4,7puq,867,501,867,C,5499,H7,29.854,25.704,181.795,8.495,,,[H]/N=C(\NCCCCNC(=O)Nc1ccc2cc(cc(c2c1)O)C(=O)OC)/NCCC[C@@H]3[C@H]([C@H]([C@@H](O3)n4cnc5c4ncnc5N)O)O
PRMT4,7puq,867,501,867,C,5500,H2,35.015,27.221,185.609,14.441,,,[H]/N=C(\NCCCCNC(=O)Nc1ccc2cc(cc(c2c1)O)C(=O)OC)/NCCC[C@@H]3[C@H]([C@H]([C@@H](O3)n4cnc5c4ncnc5N)O)O
PRMT4,7puq,867,501,867,C,5501,H9,35.679,24.713,189.846,18.689,,,[H]/N=C(\NCCCCNC(=O)Nc1ccc2cc(cc(c2c1)O)C(=O)OC)/NCCC[C@@H]3[C@H]([C@H]([C@@H](O3)n4cnc5c4ncnc5N)O)O
PRMT4,7puq,867,501,867,C,5502,H10,34.03,24.945,189.202,2.548,,,[H]/N=C(\NCCCCNC(=O)Nc1ccc2cc(cc(c2c1)O)C(=O)OC)/NCCC[C@@H]3[C@H]([C@H]([C@@H](O3)n4cnc5c4ncnc5N)O)O
PRMT4,7puq,867,501,867,C,5503,H8,34.633,26.005,190.495,7.645,,,[H]/N=C(\NCCCCNC(=O)Nc1ccc2cc(cc(c2c1)O)C(=O)OC)/NCCC[C@@H]3[C@H]([C@H]([C@@H](O3)n4cnc5c4ncnc5N)O)O
PRMT4,7puq,867,501,867,C,5506,H5,34.124,26.936,183.317,9.344,,,[H]/N=C(\NCCCCNC(=O)Nc1ccc2cc(cc(c2c1)O)C(=O)OC)/NCCC[C@@H]3[C@H]([C@H]([C@@H](O3)n4cnc5c4ncnc5N)O)O
PRMT4,7puq,867,501,867,C,5513,H23,25.846,36.895,179.952,4.247,,,[H]/N=C(\NCCCCNC(=O)Nc1ccc2cc(cc(c2c1)O)C(=O)OC)/NCCC[C@@H]3[C@H]([C@H]([C@@H](O3)n4cnc5c4ncnc5N)O)O
PRMT4,7puq,867,501,867,C,5526,H4,32.236,26.622,181.813,7.645,,,[H]/N=C(\NCCCCNC(=O)Nc1ccc2cc(cc(c2c1)O)C(=O)OC)/NCCC[C@@H]3[C@H]([C@H]([C@@H](O3)n4cnc5c4ncnc5N)O)O
PRMT4,7puq,867,501,867,C,5527,H11,27.703,25.782,180.958,5.097,,,[H]/N=C(\NCCCCNC(=O)Nc1ccc2cc(cc(c2c1)O)C(=O)OC)/NCCC[C@@H]3[C@H]([C@H]([C@@H](O3)n4cnc5c4ncnc5N)O)O
PRMT4,7puq,867,501,867,D,5437,C1,42.308,24.925,183.21,2.415,17.0,C,[H]/N=C(\NCCCCNC(=O)Nc1ccc2cc(cc(c2c1)O)C(=O)OC)/NCCC[C@@H]3[C@H]([C@H]([C@@H](O3)n4cnc5c4ncnc5N)O)O
PRMT4,7puq,867,501,867,D,5438,C2,43.601,25.208,182.774,4.831,18.0,C,[H]/N=C(\NCCCCNC(=O)Nc1ccc2cc(cc(c2c1)O)C(=O)OC)/NCCC[C@@H]3[C@H]([C@H]([C@@H](O3)n4cnc5c4ncnc5N)O)O
PRMT4,7puq,867,501,867,D,5439,C3,44.58,24.254,182.845,2.415,19.0,C,[H]/N=C(\NCCCCNC(=O)Nc1ccc2cc(cc(c2c1)O)C(=O)OC)/NCCC[C@@H]3[C@H]([C@H]([C@@H](O3)n4cnc5c4ncnc5N)O)O
PRMT4,7puq,867,501,867,D,5441,C5,42.976,22.666,183.831,4.831,15.0,C,[H]/N=C(\NCCCCNC(=O)Nc1ccc2cc(cc(c2c1)O)C(=O)OC)/NCCC[C@@H]3[C@H]([C@H]([C@@H](O3)n4cnc5c4ncnc5N)O)O
PRMT4,7puq,867,501,867,D,5442,C6,42.0,23.69,183.733,7.246,16.0,C,[H]/N=C(\NCCCCNC(=O)Nc1ccc2cc(cc(c2c1)O)C(=O)OC)/NCCC[C@@H]3[C@H]([C@H]([C@@H](O3)n4cnc5c4ncnc5N)O)O
PRMT4,7puq,867,501,867,D,5443,C11,41.265,25.985,183.131,1.208,23.0,C,[H]/N=C(\NCCCCNC(=O)Nc1ccc2cc(cc(c2c1)O)C(=O)OC)/NCCC[C@@H]3[C@H]([C@H]([C@@H](O3)n4cnc5c4ncnc5N)O)O
PRMT4,7puq,867,501,867,D,5444,C12,41.422,27.369,181.2,4.831,26.0,C,[H]/N=C(\NCCCCNC(=O)Nc1ccc2cc(cc(c2c1)O)C(=O)OC)/NCCC[C@@H]3[C@H]([C@H]([C@@H](O3)n4cnc5c4ncnc5N)O)O
PRMT4,7puq,867,501,867,D,5448,C10,42.679,21.38,184.362,6.038,14.0,C,[H]/N=C(\NCCCCNC(=O)Nc1ccc2cc(cc(c2c1)O)C(=O)OC)/NCCC[C@@H]3[C@H]([C@H]([C@@H](O3)n4cnc5c4ncnc5N)O)O
PRMT4,7puq,867,501,867,D,5464,C4,44.299,22.931,183.384,3.623,20.0,C,[H]/N=C(\NCCCCNC(=O)Nc1ccc2cc(cc(c2c1)O)C(=O)OC)/NCCC[C@@H]3[C@H]([C@H]([C@@H](O3)n4cnc5c4ncnc5N)O)O
PRMT4,7puq,867,501,867,D,5465,C7,45.254,21.893,183.511,2.415,21.0,C,[H]/N=C(\NCCCCNC(=O)Nc1ccc2cc(cc(c2c1)O)C(=O)OC)/NCCC[C@@H]3[C@H]([C@H]([C@@H](O3)n4cnc5c4ncnc5N)O)O
PRMT4,7puq,867,501,867,D,5467,C9,43.641,20.409,184.448,6.038,13.0,C,[H]/N=C(\NCCCCNC(=O)Nc1ccc2cc(cc(c2c1)O)C(=O)OC)/NCCC[C@@H]3[C@H]([C@H]([C@@H](O3)n4cnc5c4ncnc5N)O)O
PRMT4,7puq,867,501,867,D,5474,N7,53.43,25.783,193.934,2.187,38.0,N,[H]/N=C(\NCCCCNC(=O)Nc1ccc2cc(cc(c2c1)O)C(=O)OC)/NCCC[C@@H]3[C@H]([C@H]([C@@H](O3)n4cnc5c4ncnc5N)O)O
PRMT4,7puq,867,501,867,D,5477,O1,45.86,24.54,182.406,2.143,22.0,O,[H]/N=C(\NCCCCNC(=O)Nc1ccc2cc(cc(c2c1)O)C(=O)OC)/NCCC[C@@H]3[C@H]([C@H]([C@@H](O3)n4cnc5c4ncnc5N)O)O
PRMT4,7puq,867,501,867,D,5478,O2,40.861,26.209,181.875,20.358,25.0,O,[H]/N=C(\NCCCCNC(=O)Nc1ccc2cc(cc(c2c1)O)C(=O)OC)/NCCC[C@@H]3[C@H]([C@H]([C@@H](O3)n4cnc5c4ncnc5N)O)O
PRMT4,7puq,867,501,867,D,5479,O3,40.824,26.574,184.085,28.929,24.0,O,[H]/N=C(\NCCCCNC(=O)Nc1ccc2cc(cc(c2c1)O)C(=O)OC)/NCCC[C@@H]3[C@H]([C@H]([C@@H](O3)n4cnc5c4ncnc5N)O)O
PRMT4,7puq,867,501,867,D,5480,O4,47.902,20.762,184.35,1.071,10.0,O,[H]/N=C(\NCCCCNC(=O)Nc1ccc2cc(cc(c2c1)O)C(=O)OC)/NCCC[C@@H]3[C@H]([C@H]([C@@H](O3)n4cnc5c4ncnc5N)O)O
PRMT4,7puq,867,501,867,D,5485,H7,45.522,18.733,183.804,5.946,,,[H]/N=C(\NCCCCNC(=O)Nc1ccc2cc(cc(c2c1)O)C(=O)OC)/NCCC[C@@H]3[C@H]([C@H]([C@@H](O3)n4cnc5c4ncnc5N)O)O
PRMT4,7puq,867,501,867,D,5486,H2,40.994,23.467,184.084,16.14,,,[H]/N=C(\NCCCCNC(=O)Nc1ccc2cc(cc(c2c1)O)C(=O)OC)/NCCC[C@@H]3[C@H]([C@H]([C@@H](O3)n4cnc5c4ncnc5N)O)O
PRMT4,7puq,867,501,867,D,5487,H9,41.608,28.072,182.011,11.893,,,[H]/N=C(\NCCCCNC(=O)Nc1ccc2cc(cc(c2c1)O)C(=O)OC)/NCCC[C@@H]3[C@H]([C@H]([C@@H](O3)n4cnc5c4ncnc5N)O)O
PRMT4,7puq,867,501,867,D,5488,H10,40.719,27.797,180.488,14.441,,,[H]/N=C(\NCCCCNC(=O)Nc1ccc2cc(cc(c2c1)O)C(=O)OC)/NCCC[C@@H]3[C@H]([C@H]([C@@H](O3)n4cnc5c4ncnc5N)O)O
PRMT4,7puq,867,501,867,D,5492,H5,41.667,21.174,184.708,11.893,,,[H]/N=C(\NCCCCNC(=O)Nc1ccc2cc(cc(c2c1)O)C(=O)OC)/NCCC[C@@H]3[C@H]([C@H]([C@@H](O3)n4cnc5c4ncnc5N)O)O
PRMT4,7puq,867,501,867,D,5499,H23,52.422,19.715,193.334,3.398,,,[H]/N=C(\NCCCCNC(=O)Nc1ccc2cc(cc(c2c1)O)C(=O)OC)/NCCC[C@@H]3[C@H]([C@H]([C@@H](O3)n4cnc5c4ncnc5N)O)O
PRMT4,7puq,867,501,867,D,5512,H4,43.369,19.439,184.861,9.344,,,[H]/N=C(\NCCCCNC(=O)Nc1ccc2cc(cc(c2c1)O)C(=O)OC)/NCCC[C@@H]3[C@H]([C@H]([C@@H](O3)n4cnc5c4ncnc5N)O)O
PRMT4,7puq,867,501,867,D,5513,H11,47.543,17.671,183.724,2.548,,,[H]/N=C(\NCCCCNC(=O)Nc1ccc2cc(cc(c2c1)O)C(=O)OC)/NCCC[C@@H]3[C@H]([C@H]([C@@H](O3)n4cnc5c4ncnc5N)O)O
PRMT4,7puq,867,501,867,D,5514,H18,51.093,18.152,189.548,0.849,,,[H]/N=C(\NCCCCNC(=O)Nc1ccc2cc(cc(c2c1)O)C(=O)OC)/NCCC[C@@H]3[C@H]([C@H]([C@@H](O3)n4cnc5c4ncnc5N)O)O
PRMT4,7pv6,LRZ,501,1,A,5707,C3,45.964,25.087,126.066,3.623,18.0,C,[H]/N=C(\NCCCNC(=O)Nc1ccc2cc(cc(c2c1)O)C(=O)OC)/NC[C@@H]3[C@H]([C@H]([C@@H](O3)n4cnc5c4ncnc5N)O)O
PRMT4,7pv6,LRZ,501,1,A,5708,C4,46.199,25.435,127.427,2.415,19.0,C,[H]/N=C(\NCCCNC(=O)Nc1ccc2cc(cc(c2c1)O)C(=O)OC)/NC[C@@H]3[C@H]([C@H]([C@@H](O3)n4cnc5c4ncnc5N)O)O
PRMT4,7pv6,LRZ,501,1,A,5709,C5,45.369,24.848,128.423,1.208,14.0,C,[H]/N=C(\NCCCNC(=O)Nc1ccc2cc(cc(c2c1)O)C(=O)OC)/NC[C@@H]3[C@H]([C@H]([C@@H](O3)n4cnc5c4ncnc5N)O)O
PRMT4,7pv6,LRZ,501,1,A,5710,C6,44.355,23.947,128.024,4.831,15.0,C,[H]/N=C(\NCCCNC(=O)Nc1ccc2cc(cc(c2c1)O)C(=O)OC)/NC[C@@H]3[C@H]([C@H]([C@@H](O3)n4cnc5c4ncnc5N)O)O
PRMT4,7pv6,LRZ,501,1,A,5712,O2,41.87,23.167,126.593,16.072,24.0,O,[H]/N=C(\NCCCNC(=O)Nc1ccc2cc(cc(c2c1)O)C(=O)OC)/NC[C@@H]3[C@H]([C@H]([C@@H](O3)n4cnc5c4ncnc5N)O)O
PRMT4,7pv6,LRZ,501,1,A,5713,O3,43.27,21.637,125.753,12.858,23.0,O,[H]/N=C(\NCCCNC(=O)Nc1ccc2cc(cc(c2c1)O)C(=O)OC)/NC[C@@H]3[C@H]([C@H]([C@@H](O3)n4cnc5c4ncnc5N)O)O
PRMT4,7pv6,LRZ,501,1,A,5715,C10,45.592,25.183,129.78,1.208,13.0,C,[H]/N=C(\NCCCNC(=O)Nc1ccc2cc(cc(c2c1)O)C(=O)OC)/NC[C@@H]3[C@H]([C@H]([C@@H](O3)n4cnc5c4ncnc5N)O)O
PRMT4,7pv6,LRZ,501,1,A,5716,C11,43.084,22.694,126.298,2.415,22.0,C,[H]/N=C(\NCCCNC(=O)Nc1ccc2cc(cc(c2c1)O)C(=O)OC)/NC[C@@H]3[C@H]([C@H]([C@@H](O3)n4cnc5c4ncnc5N)O)O
PRMT4,7pv6,LRZ,501,1,A,5717,C12,41.452,24.37,125.892,12.076,25.0,C,[H]/N=C(\NCCCNC(=O)Nc1ccc2cc(cc(c2c1)O)C(=O)OC)/NC[C@@H]3[C@H]([C@H]([C@@H](O3)n4cnc5c4ncnc5N)O)O
PRMT4,7pv6,LRZ,501,1,A,5733,C7,47.22,26.332,127.838,4.831,20.0,C,[H]/N=C(\NCCCNC(=O)Nc1ccc2cc(cc(c2c1)O)C(=O)OC)/NC[C@@H]3[C@H]([C@H]([C@@H](O3)n4cnc5c4ncnc5N)O)O
PRMT4,7pv6,LRZ,501,1,A,5734,C8,47.401,26.633,129.17,1.208,11.0,C,[H]/N=C(\NCCCNC(=O)Nc1ccc2cc(cc(c2c1)O)C(=O)OC)/NC[C@@H]3[C@H]([C@H]([C@@H](O3)n4cnc5c4ncnc5N)O)O
PRMT4,7pv6,LRZ,501,1,A,5735,C9,46.581,26.05,130.133,1.208,12.0,C,[H]/N=C(\NCCCNC(=O)Nc1ccc2cc(cc(c2c1)O)C(=O)OC)/NC[C@@H]3[C@H]([C@H]([C@@H](O3)n4cnc5c4ncnc5N)O)O
PRMT4,7pv6,LRZ,501,1,A,5746,O4,50.218,26.298,130.147,1.071,9.0,O,[H]/N=C(\NCCCNC(=O)Nc1ccc2cc(cc(c2c1)O)C(=O)OC)/NC[C@@H]3[C@H]([C@H]([C@@H](O3)n4cnc5c4ncnc5N)O)O
PRMT4,7pv6,LRZ,501,1,A,5750,H2,43.728,23.502,128.795,15.291,,,[H]/N=C(\NCCCNC(=O)Nc1ccc2cc(cc(c2c1)O)C(=O)OC)/NC[C@@H]3[C@H]([C@H]([C@@H](O3)n4cnc5c4ncnc5N)O)O
PRMT4,7pv6,LRZ,501,1,A,5753,H5,44.959,24.733,130.543,14.441,,,[H]/N=C(\NCCCNC(=O)Nc1ccc2cc(cc(c2c1)O)C(=O)OC)/NC[C@@H]3[C@H]([C@H]([C@@H](O3)n4cnc5c4ncnc5N)O)O
PRMT4,7pv6,LRZ,501,1,A,5754,H8,40.384,24.366,125.681,29.732,,,[H]/N=C(\NCCCNC(=O)Nc1ccc2cc(cc(c2c1)O)C(=O)OC)/NC[C@@H]3[C@H]([C@H]([C@@H](O3)n4cnc5c4ncnc5N)O)O
PRMT4,7pv6,LRZ,501,1,A,5755,H10,42.003,24.494,124.961,10.194,,,[H]/N=C(\NCCCNC(=O)Nc1ccc2cc(cc(c2c1)O)C(=O)OC)/NC[C@@H]3[C@H]([C@H]([C@@H](O3)n4cnc5c4ncnc5N)O)O
PRMT4,7pv6,LRZ,501,1,A,5756,H9,41.701,25.172,126.585,17.839,,,[H]/N=C(\NCCCNC(=O)Nc1ccc2cc(cc(c2c1)O)C(=O)OC)/NC[C@@H]3[C@H]([C@H]([C@@H](O3)n4cnc5c4ncnc5N)O)O
PRMT4,7pv6,LRZ,501,1,A,5765,H23,51.55,35.719,133.062,3.398,,,[H]/N=C(\NCCCNC(=O)Nc1ccc2cc(cc(c2c1)O)C(=O)OC)/NC[C@@H]3[C@H]([C@H]([C@@H](O3)n4cnc5c4ncnc5N)O)O
PRMT4,7pv6,LRZ,501,1,A,5772,H4,46.726,26.293,131.184,4.247,,,[H]/N=C(\NCCCNC(=O)Nc1ccc2cc(cc(c2c1)O)C(=O)OC)/NC[C@@H]3[C@H]([C@H]([C@@H](O3)n4cnc5c4ncnc5N)O)O
PRMT4,7pv6,LRZ,501,1,A,5773,H7,48.239,28.488,129.243,2.548,,,[H]/N=C(\NCCCNC(=O)Nc1ccc2cc(cc(c2c1)O)C(=O)OC)/NC[C@@H]3[C@H]([C@H]([C@@H](O3)n4cnc5c4ncnc5N)O)O
PRMT4,7pv6,LRZ,501,1,B,5462,C2,32.483,24.614,130.131,1.208,17.0,C,[H]/N=C(\NCCCNC(=O)Nc1ccc2cc(cc(c2c1)O)C(=O)OC)/NC[C@@H]3[C@H]([C@H]([C@@H](O3)n4cnc5c4ncnc5N)O)O
PRMT4,7pv6,LRZ,501,1,B,5463,C3,31.264,24.214,129.652,3.623,18.0,C,[H]/N=C(\NCCCNC(=O)Nc1ccc2cc(cc(c2c1)O)C(=O)OC)/NC[C@@H]3[C@H]([C@H]([C@@H](O3)n4cnc5c4ncnc5N)O)O
PRMT4,7pv6,LRZ,501,1,B,5464,C4,31.123,23.002,128.909,2.415,19.0,C,[H]/N=C(\NCCCNC(=O)Nc1ccc2cc(cc(c2c1)O)C(=O)OC)/NC[C@@H]3[C@H]([C@H]([C@@H](O3)n4cnc5c4ncnc5N)O)O
PRMT4,7pv6,LRZ,501,1,B,5465,C5,32.283,22.214,128.683,3.623,14.0,C,[H]/N=C(\NCCCNC(=O)Nc1ccc2cc(cc(c2c1)O)C(=O)OC)/NC[C@@H]3[C@H]([C@H]([C@@H](O3)n4cnc5c4ncnc5N)O)O
PRMT4,7pv6,LRZ,501,1,B,5467,O1,30.135,24.942,129.851,6.429,21.0,O,[H]/N=C(\NCCCNC(=O)Nc1ccc2cc(cc(c2c1)O)C(=O)OC)/NC[C@@H]3[C@H]([C@H]([C@@H](O3)n4cnc5c4ncnc5N)O)O
PRMT4,7pv6,LRZ,501,1,B,5468,O2,35.752,24.684,129.455,18.215,24.0,O,[H]/N=C(\NCCCNC(=O)Nc1ccc2cc(cc(c2c1)O)C(=O)OC)/NC[C@@H]3[C@H]([C@H]([C@@H](O3)n4cnc5c4ncnc5N)O)O
PRMT4,7pv6,LRZ,501,1,B,5469,O3,35.198,24.4,131.6,17.143,23.0,O,[H]/N=C(\NCCCNC(=O)Nc1ccc2cc(cc(c2c1)O)C(=O)OC)/NC[C@@H]3[C@H]([C@H]([C@@H](O3)n4cnc5c4ncnc5N)O)O
PRMT4,7pv6,LRZ,501,1,B,5471,C10,32.154,21.009,127.948,2.415,13.0,C,[H]/N=C(\NCCCNC(=O)Nc1ccc2cc(cc(c2c1)O)C(=O)OC)/NC[C@@H]3[C@H]([C@H]([C@@H](O3)n4cnc5c4ncnc5N)O)O
PRMT4,7pv6,LRZ,501,1,B,5472,C11,34.923,24.315,130.433,1.208,22.0,C,[H]/N=C(\NCCCNC(=O)Nc1ccc2cc(cc(c2c1)O)C(=O)OC)/NC[C@@H]3[C@H]([C@H]([C@@H](O3)n4cnc5c4ncnc5N)O)O
PRMT4,7pv6,LRZ,501,1,B,5473,C12,35.462,25.953,128.81,6.038,25.0,C,[H]/N=C(\NCCCNC(=O)Nc1ccc2cc(cc(c2c1)O)C(=O)OC)/NC[C@@H]3[C@H]([C@H]([C@@H](O3)n4cnc5c4ncnc5N)O)O
PRMT4,7pv6,LRZ,501,1,B,5489,C7,29.889,22.548,128.382,4.831,20.0,C,[H]/N=C(\NCCCNC(=O)Nc1ccc2cc(cc(c2c1)O)C(=O)OC)/NC[C@@H]3[C@H]([C@H]([C@@H](O3)n4cnc5c4ncnc5N)O)O
PRMT4,7pv6,LRZ,501,1,B,5490,C8,29.79,21.367,127.673,1.208,11.0,C,[H]/N=C(\NCCCNC(=O)Nc1ccc2cc(cc(c2c1)O)C(=O)OC)/NC[C@@H]3[C@H]([C@H]([C@@H](O3)n4cnc5c4ncnc5N)O)O
PRMT4,7pv6,LRZ,501,1,B,5497,N5,23.99,18.773,120.29,2.187,1.0,N,[H]/N=C(\NCCCNC(=O)Nc1ccc2cc(cc(c2c1)O)C(=O)OC)/NC[C@@H]3[C@H]([C@H]([C@@H](O3)n4cnc5c4ncnc5N)O)O
PRMT4,7pv6,LRZ,501,1,B,5502,O4,28.449,18.668,127.226,2.143,9.0,O,[H]/N=C(\NCCCNC(=O)Nc1ccc2cc(cc(c2c1)O)C(=O)OC)/NC[C@@H]3[C@H]([C@H]([C@@H](O3)n4cnc5c4ncnc5N)O)O
PRMT4,7pv6,LRZ,501,1,B,5506,H2,34.407,22.056,129.014,13.592,,,[H]/N=C(\NCCCNC(=O)Nc1ccc2cc(cc(c2c1)O)C(=O)OC)/NC[C@@H]3[C@H]([C@H]([C@@H](O3)n4cnc5c4ncnc5N)O)O
PRMT4,7pv6,LRZ,501,1,B,5509,H5,33.043,20.406,127.769,11.043,,,[H]/N=C(\NCCCNC(=O)Nc1ccc2cc(cc(c2c1)O)C(=O)OC)/NC[C@@H]3[C@H]([C@H]([C@@H](O3)n4cnc5c4ncnc5N)O)O
PRMT4,7pv6,LRZ,501,1,B,5510,H8,35.183,26.72,129.531,13.592,,,[H]/N=C(\NCCCNC(=O)Nc1ccc2cc(cc(c2c1)O)C(=O)OC)/NC[C@@H]3[C@H]([C@H]([C@@H](O3)n4cnc5c4ncnc5N)O)O
PRMT4,7pv6,LRZ,501,1,B,5511,H10,34.668,25.847,128.072,11.043,,,[H]/N=C(\NCCCNC(=O)Nc1ccc2cc(cc(c2c1)O)C(=O)OC)/NC[C@@H]3[C@H]([C@H]([C@@H](O3)n4cnc5c4ncnc5N)O)O
PRMT4,7pv6,LRZ,501,1,B,5512,H9,36.399,26.213,128.32,15.291,,,[H]/N=C(\NCCCNC(=O)Nc1ccc2cc(cc(c2c1)O)C(=O)OC)/NC[C@@H]3[C@H]([C@H]([C@@H](O3)n4cnc5c4ncnc5N)O)O
PRMT4,7pv6,LRZ,501,1,B,5518,H17,24.936,20.608,124.0,1.699,,,[H]/N=C(\NCCCNC(=O)Nc1ccc2cc(cc(c2c1)O)C(=O)OC)/NC[C@@H]3[C@H]([C@H]([C@@H](O3)n4cnc5c4ncnc5N)O)O
PRMT4,7pv6,LRZ,501,1,B,5528,H4,30.877,19.674,126.903,3.398,,,[H]/N=C(\NCCCNC(=O)Nc1ccc2cc(cc(c2c1)O)C(=O)OC)/NC[C@@H]3[C@H]([C@H]([C@@H](O3)n4cnc5c4ncnc5N)O)O
PRMT4,7pv6,LRZ,501,1,B,5533,H20,24.315,17.813,120.355,3.398,0.0,H,[H]/N=C(\NCCCNC(=O)Nc1ccc2cc(cc(c2c1)O)C(=O)OC)/NC[C@@H]3[C@H]([C@H]([C@@H](O3)n4cnc5c4ncnc5N)O)O
PRMT4,7qph,QVR,101,1,E,70,C28,51.821,34.197,131.717,7.246,1.0,C,C/C=C/[C@@H]1[C@H]([C@H]([C@@H](O1)n2cnc3c2ncnc3N)O)O
PRMT4,7qph,QVR,101,1,E,71,C31,51.418,35.257,131.053,6.038,2.0,C,C/C=C/[C@@H]1[C@H]([C@H]([C@@H](O1)n2cnc3c2ncnc3N)O)O
PRMT4,7qph,QVR,101,1,E,74,C39,48.957,37.283,130.915,1.208,5.0,C,C/C=C/[C@@H]1[C@H]([C@H]([C@@H](O1)n2cnc3c2ncnc3N)O)O
PRMT4,7qph,QVR,101,1,E,76,C49,50.231,38.235,128.24,13.284,9.0,C,C/C=C/[C@@H]1[C@H]([C@H]([C@@H](O1)n2cnc3c2ncnc3N)O)O
PRMT4,7qph,QVR,101,1,E,77,C50,50.57,40.279,127.761,6.038,11.0,C,C/C=C/[C@@H]1[C@H]([C@H]([C@@H](O1)n2cnc3c2ncnc3N)O)O
PRMT4,7qph,QVR,101,1,E,78,C51,50.45,40.21,129.143,3.623,12.0,C,C/C=C/[C@@H]1[C@H]([C@H]([C@@H](O1)n2cnc3c2ncnc3N)O)O
PRMT4,7qph,QVR,101,1,E,79,C53,50.75,42.384,129.35,13.284,14.0,C,C/C=C/[C@@H]1[C@H]([C@H]([C@@H](O1)n2cnc3c2ncnc3N)O)O
PRMT4,7qph,QVR,101,1,E,80,C55,50.796,41.54,127.189,7.246,16.0,C,C/C=C/[C@@H]1[C@H]([C@H]([C@@H](O1)n2cnc3c2ncnc3N)O)O
PRMT4,7qph,QVR,101,1,E,82,N48,50.428,39.012,127.203,22.965,10.0,N,C/C=C/[C@@H]1[C@H]([C@H]([C@@H](O1)n2cnc3c2ncnc3N)O)O
PRMT4,7qph,QVR,101,1,E,83,N52,50.539,41.239,130.003,16.404,13.0,N,C/C=C/[C@@H]1[C@H]([C@H]([C@@H](O1)n2cnc3c2ncnc3N)O)O
PRMT4,7qph,QVR,101,1,E,84,N54,50.875,42.595,128.034,20.778,15.0,N,C/C=C/[C@@H]1[C@H]([C@H]([C@@H](O1)n2cnc3c2ncnc3N)O)O
PRMT4,7qph,QVR,101,1,E,85,N57,50.937,41.753,125.863,12.029,17.0,N,C/C=C/[C@@H]1[C@H]([C@H]([C@@H](O1)n2cnc3c2ncnc3N)O)O
PRMT4,7qph,QVR,101,1,E,86,O37,51.266,37.628,131.096,12.858,7.0,O,C/C=C/[C@@H]1[C@H]([C@H]([C@@H](O1)n2cnc3c2ncnc3N)O)O
PRMT4,7qph,QVR,101,1,E,87,O41,47.711,37.91,131.188,24.644,18.0,O,C/C=C/[C@@H]1[C@H]([C@H]([C@@H](O1)n2cnc3c2ncnc3N)O)O
PRMT4,7qph,QVR,101,1,E,88,O42,49.182,37.149,133.328,25.715,19.0,O,C/C=C/[C@@H]1[C@H]([C@H]([C@@H](O1)n2cnc3c2ncnc3N)O)O
PRMT4,7qph,QVR,101,1,E,89,H1,51.462,32.538,130.506,11.043,,,C/C=C/[C@@H]1[C@H]([C@H]([C@@H](O1)n2cnc3c2ncnc3N)O)O
PRMT4,7qph,QVR,101,1,E,90,H29,53.046,33.25,130.32,22.087,,,C/C=C/[C@@H]1[C@H]([C@H]([C@@H](O1)n2cnc3c2ncnc3N)O)O
PRMT4,7qph,QVR,101,1,E,91,H28,51.817,34.19,132.806,14.441,,,C/C=C/[C@@H]1[C@H]([C@H]([C@@H](O1)n2cnc3c2ncnc3N)O)O
PRMT4,7qph,QVR,101,1,E,92,H31,51.393,35.321,129.966,10.194,,,C/C=C/[C@@H]1[C@H]([C@H]([C@@H](O1)n2cnc3c2ncnc3N)O)O
PRMT4,7qph,QVR,101,1,E,93,H61,51.539,36.503,132.773,15.291,,,C/C=C/[C@@H]1[C@H]([C@H]([C@@H](O1)n2cnc3c2ncnc3N)O)O
PRMT4,7qph,QVR,101,1,E,94,H62,49.958,39.146,131.469,9.344,,,C/C=C/[C@@H]1[C@H]([C@H]([C@@H](O1)n2cnc3c2ncnc3N)O)O
PRMT4,7qph,QVR,101,1,E,95,H44,48.872,36.644,130.037,9.344,,,C/C=C/[C@@H]1[C@H]([C@H]([C@@H](O1)n2cnc3c2ncnc3N)O)O
PRMT4,7qph,QVR,101,1,E,96,H43,49.005,35.493,132.214,16.99,,,C/C=C/[C@@H]1[C@H]([C@H]([C@@H](O1)n2cnc3c2ncnc3N)O)O
PRMT4,7qph,QVR,101,1,E,97,H58,50.078,37.159,128.174,12.742,,,C/C=C/[C@@H]1[C@H]([C@H]([C@@H](O1)n2cnc3c2ncnc3N)O)O
PRMT4,7qph,QVR,101,1,E,98,H56,50.835,43.278,129.967,30.582,,,C/C=C/[C@@H]1[C@H]([C@H]([C@@H](O1)n2cnc3c2ncnc3N)O)O
PRMT4,7qph,QVR,101,1,E,99,H59,51.1,42.675,125.472,30.582,,,C/C=C/[C@@H]1[C@H]([C@H]([C@@H](O1)n2cnc3c2ncnc3N)O)O
PRMT4,7qph,QVR,101,1,E,100,H60,50.887,41.003,125.181,24.635,,,C/C=C/[C@@H]1[C@H]([C@H]([C@@H](O1)n2cnc3c2ncnc3N)O)O
PRMT4,7qph,QVR,101,1,E,101,H46,47.767,38.809,130.771,15.291,,,C/C=C/[C@@H]1[C@H]([C@H]([C@@H](O1)n2cnc3c2ncnc3N)O)O
PRMT4,7qph,QVR,101,1,E,102,H45,48.258,37.512,133.285,19.538,,,C/C=C/[C@@H]1[C@H]([C@H]([C@@H](O1)n2cnc3c2ncnc3N)O)O
PRMT4,7pv6,LRZ,501,1,C,5705,C1,31.829,24.236,186.067,1.208,16.0,C,[H]/N=C(\NCCCNC(=O)Nc1ccc2cc(cc(c2c1)O)C(=O)OC)/NC[C@@H]3[C@H]([C@H]([C@@H](O3)n4cnc5c4ncnc5N)O)O
PRMT4,7pv6,LRZ,501,1,C,5706,C2,31.159,25.05,186.978,2.415,17.0,C,[H]/N=C(\NCCCNC(=O)Nc1ccc2cc(cc(c2c1)O)C(=O)OC)/NC[C@@H]3[C@H]([C@H]([C@@H](O3)n4cnc5c4ncnc5N)O)O
PRMT4,7pv6,LRZ,501,1,C,5707,C3,30.306,26.028,186.537,2.415,18.0,C,[H]/N=C(\NCCCNC(=O)Nc1ccc2cc(cc(c2c1)O)C(=O)OC)/NC[C@@H]3[C@H]([C@H]([C@@H](O3)n4cnc5c4ncnc5N)O)O
PRMT4,7pv6,LRZ,501,1,C,5708,C4,30.084,26.241,185.143,1.208,19.0,C,[H]/N=C(\NCCCNC(=O)Nc1ccc2cc(cc(c2c1)O)C(=O)OC)/NC[C@@H]3[C@H]([C@H]([C@@H](O3)n4cnc5c4ncnc5N)O)O
PRMT4,7pv6,LRZ,501,1,C,5709,C5,30.769,25.404,184.22,2.415,14.0,C,[H]/N=C(\NCCCNC(=O)Nc1ccc2cc(cc(c2c1)O)C(=O)OC)/NC[C@@H]3[C@H]([C@H]([C@@H](O3)n4cnc5c4ncnc5N)O)O
PRMT4,7pv6,LRZ,501,1,C,5710,C6,31.639,24.406,184.717,3.623,15.0,C,[H]/N=C(\NCCCNC(=O)Nc1ccc2cc(cc(c2c1)O)C(=O)OC)/NC[C@@H]3[C@H]([C@H]([C@@H](O3)n4cnc5c4ncnc5N)O)O
PRMT4,7pv6,LRZ,501,1,C,5712,O2,33.922,23.685,186.972,19.286,24.0,O,[H]/N=C(\NCCCNC(=O)Nc1ccc2cc(cc(c2c1)O)C(=O)OC)/NC[C@@H]3[C@H]([C@H]([C@@H](O3)n4cnc5c4ncnc5N)O)O
PRMT4,7pv6,LRZ,501,1,C,5713,O3,32.503,22.003,186.563,8.572,23.0,O,[H]/N=C(\NCCCNC(=O)Nc1ccc2cc(cc(c2c1)O)C(=O)OC)/NC[C@@H]3[C@H]([C@H]([C@@H](O3)n4cnc5c4ncnc5N)O)O
PRMT4,7pv6,LRZ,501,1,C,5716,C11,32.757,23.181,186.558,1.208,22.0,C,[H]/N=C(\NCCCNC(=O)Nc1ccc2cc(cc(c2c1)O)C(=O)OC)/NC[C@@H]3[C@H]([C@H]([C@@H](O3)n4cnc5c4ncnc5N)O)O
PRMT4,7pv6,LRZ,501,1,C,5717,C12,34.118,23.764,188.408,6.038,25.0,C,[H]/N=C(\NCCCNC(=O)Nc1ccc2cc(cc(c2c1)O)C(=O)OC)/NC[C@@H]3[C@H]([C@H]([C@@H](O3)n4cnc5c4ncnc5N)O)O
PRMT4,7pv6,LRZ,501,1,C,5733,C7,29.204,27.233,184.634,4.831,20.0,C,[H]/N=C(\NCCCNC(=O)Nc1ccc2cc(cc(c2c1)O)C(=O)OC)/NC[C@@H]3[C@H]([C@H]([C@@H](O3)n4cnc5c4ncnc5N)O)O
PRMT4,7pv6,LRZ,501,1,C,5741,N5,24.499,34.801,178.919,3.281,1.0,N,[H]/N=C(\NCCCNC(=O)Nc1ccc2cc(cc(c2c1)O)C(=O)OC)/NC[C@@H]3[C@H]([C@H]([C@@H](O3)n4cnc5c4ncnc5N)O)O
PRMT4,7pv6,LRZ,501,1,C,5746,O4,26.438,27.089,182.03,1.071,9.0,O,[H]/N=C(\NCCCNC(=O)Nc1ccc2cc(cc(c2c1)O)C(=O)OC)/NC[C@@H]3[C@H]([C@H]([C@@H](O3)n4cnc5c4ncnc5N)O)O
PRMT4,7pv6,LRZ,501,1,C,5750,H2,32.16,23.773,184.0,15.291,,,[H]/N=C(\NCCCNC(=O)Nc1ccc2cc(cc(c2c1)O)C(=O)OC)/NC[C@@H]3[C@H]([C@H]([C@@H](O3)n4cnc5c4ncnc5N)O)O
PRMT4,7pv6,LRZ,501,1,C,5751,H6,30.203,27.646,187.564,12.742,,,[H]/N=C(\NCCCNC(=O)Nc1ccc2cc(cc(c2c1)O)C(=O)OC)/NC[C@@H]3[C@H]([C@H]([C@@H](O3)n4cnc5c4ncnc5N)O)O
PRMT4,7pv6,LRZ,501,1,C,5753,H5,31.078,24.961,182.126,16.99,,,[H]/N=C(\NCCCNC(=O)Nc1ccc2cc(cc(c2c1)O)C(=O)OC)/NC[C@@H]3[C@H]([C@H]([C@@H](O3)n4cnc5c4ncnc5N)O)O
PRMT4,7pv6,LRZ,501,1,C,5754,H8,33.6,24.618,188.842,6.796,,,[H]/N=C(\NCCCNC(=O)Nc1ccc2cc(cc(c2c1)O)C(=O)OC)/NC[C@@H]3[C@H]([C@H]([C@@H](O3)n4cnc5c4ncnc5N)O)O
PRMT4,7pv6,LRZ,501,1,C,5755,H10,33.785,22.852,188.901,4.247,,,[H]/N=C(\NCCCNC(=O)Nc1ccc2cc(cc(c2c1)O)C(=O)OC)/NC[C@@H]3[C@H]([C@H]([C@@H](O3)n4cnc5c4ncnc5N)O)O
PRMT4,7pv6,LRZ,501,1,C,5756,H9,35.196,23.878,188.515,22.936,,,[H]/N=C(\NCCCNC(=O)Nc1ccc2cc(cc(c2c1)O)C(=O)OC)/NC[C@@H]3[C@H]([C@H]([C@@H](O3)n4cnc5c4ncnc5N)O)O
PRMT4,7pv6,LRZ,501,1,C,5762,H17,25.359,31.866,181.946,0.849,,,[H]/N=C(\NCCCNC(=O)Nc1ccc2cc(cc(c2c1)O)C(=O)OC)/NC[C@@H]3[C@H]([C@H]([C@@H](O3)n4cnc5c4ncnc5N)O)O
PRMT4,7pv6,LRZ,501,1,C,5772,H4,29.561,26.697,181.315,5.097,,,[H]/N=C(\NCCCNC(=O)Nc1ccc2cc(cc(c2c1)O)C(=O)OC)/NC[C@@H]3[C@H]([C@H]([C@@H](O3)n4cnc5c4ncnc5N)O)O
PRMT4,7pv6,LRZ,501,1,C,5773,H7,28.447,29.339,183.009,1.699,,,[H]/N=C(\NCCCNC(=O)Nc1ccc2cc(cc(c2c1)O)C(=O)OC)/NC[C@@H]3[C@H]([C@H]([C@@H](O3)n4cnc5c4ncnc5N)O)O
PRMT4,7pv6,LRZ,501,1,C,5777,H20,23.677,34.479,178.419,0.849,0.0,H,[H]/N=C(\NCCCNC(=O)Nc1ccc2cc(cc(c2c1)O)C(=O)OC)/NC[C@@H]3[C@H]([C@H]([C@@H](O3)n4cnc5c4ncnc5N)O)O
PRMT4,7pv6,LRZ,501,1,D,5461,C1,43.142,23.863,183.212,2.415,16.0,C,[H]/N=C(\NCCCNC(=O)Nc1ccc2cc(cc(c2c1)O)C(=O)OC)/NC[C@@H]3[C@H]([C@H]([C@@H](O3)n4cnc5c4ncnc5N)O)O
PRMT4,7pv6,LRZ,501,1,D,5462,C2,44.355,24.382,182.764,2.415,17.0,C,[H]/N=C(\NCCCNC(=O)Nc1ccc2cc(cc(c2c1)O)C(=O)OC)/NC[C@@H]3[C@H]([C@H]([C@@H](O3)n4cnc5c4ncnc5N)O)O
PRMT4,7pv6,LRZ,501,1,D,5463,C3,45.54,23.802,183.137,2.415,18.0,C,[H]/N=C(\NCCCNC(=O)Nc1ccc2cc(cc(c2c1)O)C(=O)OC)/NC[C@@H]3[C@H]([C@H]([C@@H](O3)n4cnc5c4ncnc5N)O)O
PRMT4,7pv6,LRZ,501,1,D,5464,C4,45.565,22.654,183.988,2.415,19.0,C,[H]/N=C(\NCCCNC(=O)Nc1ccc2cc(cc(c2c1)O)C(=O)OC)/NC[C@@H]3[C@H]([C@H]([C@@H](O3)n4cnc5c4ncnc5N)O)O
PRMT4,7pv6,LRZ,501,1,D,5465,C5,44.326,22.129,184.442,3.623,14.0,C,[H]/N=C(\NCCCNC(=O)Nc1ccc2cc(cc(c2c1)O)C(=O)OC)/NC[C@@H]3[C@H]([C@H]([C@@H](O3)n4cnc5c4ncnc5N)O)O
PRMT4,7pv6,LRZ,501,1,D,5466,C6,43.125,22.764,184.039,6.038,15.0,C,[H]/N=C(\NCCCNC(=O)Nc1ccc2cc(cc(c2c1)O)C(=O)OC)/NC[C@@H]3[C@H]([C@H]([C@@H](O3)n4cnc5c4ncnc5N)O)O
PRMT4,7pv6,LRZ,501,1,D,5468,O2,40.956,23.707,182.36,10.715,24.0,O,[H]/N=C(\NCCCNC(=O)Nc1ccc2cc(cc(c2c1)O)C(=O)OC)/NC[C@@H]3[C@H]([C@H]([C@@H](O3)n4cnc5c4ncnc5N)O)O
PRMT4,7pv6,LRZ,501,1,D,5469,O3,41.731,25.749,182.851,26.786,23.0,O,[H]/N=C(\NCCCNC(=O)Nc1ccc2cc(cc(c2c1)O)C(=O)OC)/NC[C@@H]3[C@H]([C@H]([C@@H](O3)n4cnc5c4ncnc5N)O)O
PRMT4,7pv6,LRZ,501,1,D,5471,C10,44.339,20.987,185.285,4.831,13.0,C,[H]/N=C(\NCCCNC(=O)Nc1ccc2cc(cc(c2c1)O)C(=O)OC)/NC[C@@H]3[C@H]([C@H]([C@@H](O3)n4cnc5c4ncnc5N)O)O
PRMT4,7pv6,LRZ,501,1,D,5472,C11,41.89,24.556,182.797,4.831,22.0,C,[H]/N=C(\NCCCNC(=O)Nc1ccc2cc(cc(c2c1)O)C(=O)OC)/NC[C@@H]3[C@H]([C@H]([C@@H](O3)n4cnc5c4ncnc5N)O)O
PRMT4,7pv6,LRZ,501,1,D,5473,C12,40.284,24.063,181.122,4.831,25.0,C,[H]/N=C(\NCCCNC(=O)Nc1ccc2cc(cc(c2c1)O)C(=O)OC)/NC[C@@H]3[C@H]([C@H]([C@@H](O3)n4cnc5c4ncnc5N)O)O
PRMT4,7pv6,LRZ,501,1,D,5489,C7,46.764,22.015,184.406,3.623,20.0,C,[H]/N=C(\NCCCNC(=O)Nc1ccc2cc(cc(c2c1)O)C(=O)OC)/NC[C@@H]3[C@H]([C@H]([C@@H](O3)n4cnc5c4ncnc5N)O)O
PRMT4,7pv6,LRZ,501,1,D,5490,C8,46.745,20.898,185.219,1.208,11.0,C,[H]/N=C(\NCCCNC(=O)Nc1ccc2cc(cc(c2c1)O)C(=O)OC)/NC[C@@H]3[C@H]([C@H]([C@@H](O3)n4cnc5c4ncnc5N)O)O
PRMT4,7pv6,LRZ,501,1,D,5491,C9,45.516,20.399,185.656,2.415,12.0,C,[H]/N=C(\NCCCNC(=O)Nc1ccc2cc(cc(c2c1)O)C(=O)OC)/NC[C@@H]3[C@H]([C@H]([C@@H](O3)n4cnc5c4ncnc5N)O)O
PRMT4,7pv6,LRZ,501,1,D,5497,N5,52.148,17.645,192.679,3.281,1.0,N,[H]/N=C(\NCCCNC(=O)Nc1ccc2cc(cc(c2c1)O)C(=O)OC)/NC[C@@H]3[C@H]([C@H]([C@@H](O3)n4cnc5c4ncnc5N)O)O
PRMT4,7pv6,LRZ,501,1,D,5499,N7,53.622,25.392,194.67,1.094,35.0,N,[H]/N=C(\NCCCNC(=O)Nc1ccc2cc(cc(c2c1)O)C(=O)OC)/NC[C@@H]3[C@H]([C@H]([C@@H](O3)n4cnc5c4ncnc5N)O)O
PRMT4,7pv6,LRZ,501,1,D,5502,O4,47.638,18.04,185.819,5.357,9.0,O,[H]/N=C(\NCCCNC(=O)Nc1ccc2cc(cc(c2c1)O)C(=O)OC)/NC[C@@H]3[C@H]([C@H]([C@@H](O3)n4cnc5c4ncnc5N)O)O
PRMT4,7pv6,LRZ,501,1,D,5506,H2,42.181,22.355,184.396,11.893,,,[H]/N=C(\NCCCNC(=O)Nc1ccc2cc(cc(c2c1)O)C(=O)OC)/NC[C@@H]3[C@H]([C@H]([C@@H](O3)n4cnc5c4ncnc5N)O)O
PRMT4,7pv6,LRZ,501,1,D,5507,H6,46.911,25.149,183.151,5.097,,,[H]/N=C(\NCCCNC(=O)Nc1ccc2cc(cc(c2c1)O)C(=O)OC)/NC[C@@H]3[C@H]([C@H]([C@@H](O3)n4cnc5c4ncnc5N)O)O
PRMT4,7pv6,LRZ,501,1,D,5509,H5,43.391,20.585,185.639,8.495,,,[H]/N=C(\NCCCNC(=O)Nc1ccc2cc(cc(c2c1)O)C(=O)OC)/NC[C@@H]3[C@H]([C@H]([C@@H](O3)n4cnc5c4ncnc5N)O)O
PRMT4,7pv6,LRZ,501,1,D,5511,H10,39.789,23.199,180.68,15.291,,,[H]/N=C(\NCCCNC(=O)Nc1ccc2cc(cc(c2c1)O)C(=O)OC)/NC[C@@H]3[C@H]([C@H]([C@@H](O3)n4cnc5c4ncnc5N)O)O
PRMT4,7pv6,LRZ,501,1,D,5512,H9,39.546,24.801,181.432,23.786,,,[H]/N=C(\NCCCNC(=O)Nc1ccc2cc(cc(c2c1)O)C(=O)OC)/NC[C@@H]3[C@H]([C@H]([C@@H](O3)n4cnc5c4ncnc5N)O)O
PRMT4,7pv6,LRZ,501,1,D,5517,H16,51.504,19.679,188.976,1.699,,,[H]/N=C(\NCCCNC(=O)Nc1ccc2cc(cc(c2c1)O)C(=O)OC)/NC[C@@H]3[C@H]([C@H]([C@@H](O3)n4cnc5c4ncnc5N)O)O
PRMT4,7pv6,LRZ,501,1,D,5528,H4,45.489,19.526,186.306,2.548,,,[H]/N=C(\NCCCNC(=O)Nc1ccc2cc(cc(c2c1)O)C(=O)OC)/NC[C@@H]3[C@H]([C@H]([C@@H](O3)n4cnc5c4ncnc5N)O)O
PRMT4,7pv6,LRZ,501,1,D,5533,H20,51.695,16.743,192.577,0.849,0.0,H,[H]/N=C(\NCCCNC(=O)Nc1ccc2cc(cc(c2c1)O)C(=O)OC)/NC[C@@H]3[C@H]([C@H]([C@@H](O3)n4cnc5c4ncnc5N)O)O
PRMT4,7qph,QVR,101,1,F,70,C28,23.968,20.691,121.051,7.246,1.0,C,C/C=C/[C@@H]1[C@H]([C@H]([C@@H](O1)n2cnc3c2ncnc3N)O)O
PRMT4,7qph,QVR,101,1,F,71,C31,24.135,21.772,120.321,4.831,2.0,C,C/C=C/[C@@H]1[C@H]([C@H]([C@@H](O1)n2cnc3c2ncnc3N)O)O
PRMT4,7qph,QVR,101,1,F,76,C49,23.733,25.609,118.571,12.076,9.0,C,C/C=C/[C@@H]1[C@H]([C@H]([C@@H](O1)n2cnc3c2ncnc3N)O)O
PRMT4,7qph,QVR,101,1,F,77,C50,22.801,26.734,117.016,6.038,11.0,C,C/C=C/[C@@H]1[C@H]([C@H]([C@@H](O1)n2cnc3c2ncnc3N)O)O
PRMT4,7qph,QVR,101,1,F,78,C51,23.156,25.508,116.474,6.038,12.0,C,C/C=C/[C@@H]1[C@H]([C@H]([C@@H](O1)n2cnc3c2ncnc3N)O)O
PRMT4,7qph,QVR,101,1,F,79,C53,22.293,26.063,114.514,15.699,14.0,C,C/C=C/[C@@H]1[C@H]([C@H]([C@@H](O1)n2cnc3c2ncnc3N)O)O
PRMT4,7qph,QVR,101,1,F,80,C55,22.149,27.656,116.191,8.453,16.0,C,C/C=C/[C@@H]1[C@H]([C@H]([C@@H](O1)n2cnc3c2ncnc3N)O)O
PRMT4,7qph,QVR,101,1,F,82,N48,23.186,26.778,118.364,22.965,10.0,N,C/C=C/[C@@H]1[C@H]([C@H]([C@@H](O1)n2cnc3c2ncnc3N)O)O
PRMT4,7qph,QVR,101,1,F,83,N52,22.934,25.118,115.202,19.685,13.0,N,C/C=C/[C@@H]1[C@H]([C@H]([C@@H](O1)n2cnc3c2ncnc3N)O)O
PRMT4,7qph,QVR,101,1,F,84,N54,21.9,27.275,114.916,18.591,15.0,N,C/C=C/[C@@H]1[C@H]([C@H]([C@@H](O1)n2cnc3c2ncnc3N)O)O
PRMT4,7qph,QVR,101,1,F,85,N57,21.771,28.885,116.572,14.217,17.0,N,C/C=C/[C@@H]1[C@H]([C@H]([C@@H](O1)n2cnc3c2ncnc3N)O)O
PRMT4,7qph,QVR,101,1,F,86,O37,23.437,22.593,118.189,13.929,7.0,O,C/C=C/[C@@H]1[C@H]([C@H]([C@@H](O1)n2cnc3c2ncnc3N)O)O
PRMT4,7qph,QVR,101,1,F,87,O41,26.641,23.569,116.93,18.215,18.0,O,C/C=C/[C@@H]1[C@H]([C@H]([C@@H](O1)n2cnc3c2ncnc3N)O)O
PRMT4,7qph,QVR,101,1,F,88,O42,25.864,20.92,117.149,23.572,19.0,O,C/C=C/[C@@H]1[C@H]([C@H]([C@@H](O1)n2cnc3c2ncnc3N)O)O
PRMT4,7qph,QVR,101,1,F,89,H1,22.971,21.301,122.779,21.237,,,C/C=C/[C@@H]1[C@H]([C@H]([C@@H](O1)n2cnc3c2ncnc3N)O)O
PRMT4,7qph,QVR,101,1,F,90,H29,24.71,21.247,122.92,12.742,,,C/C=C/[C@@H]1[C@H]([C@H]([C@@H](O1)n2cnc3c2ncnc3N)O)O
PRMT4,7qph,QVR,101,1,F,91,H28,23.91,19.711,120.58,13.592,,,C/C=C/[C@@H]1[C@H]([C@H]([C@@H](O1)n2cnc3c2ncnc3N)O)O
PRMT4,7qph,QVR,101,1,F,92,H31,24.204,22.779,120.73,9.344,,,C/C=C/[C@@H]1[C@H]([C@H]([C@@H](O1)n2cnc3c2ncnc3N)O)O
PRMT4,7qph,QVR,101,1,F,93,H61,23.805,20.628,118.564,12.742,,,C/C=C/[C@@H]1[C@H]([C@H]([C@@H](O1)n2cnc3c2ncnc3N)O)O
PRMT4,7qph,QVR,101,1,F,94,H62,24.149,23.102,116.361,9.344,,,C/C=C/[C@@H]1[C@H]([C@H]([C@@H](O1)n2cnc3c2ncnc3N)O)O
PRMT4,7qph,QVR,101,1,F,95,H44,25.868,23.834,118.824,8.495,,,C/C=C/[C@@H]1[C@H]([C@H]([C@@H](O1)n2cnc3c2ncnc3N)O)O
PRMT4,7qph,QVR,101,1,F,96,H43,26.448,21.465,118.963,17.839,,,C/C=C/[C@@H]1[C@H]([C@H]([C@@H](O1)n2cnc3c2ncnc3N)O)O
PRMT4,7qph,QVR,101,1,F,97,H58,24.15,25.292,119.526,11.893,,,C/C=C/[C@@H]1[C@H]([C@H]([C@@H](O1)n2cnc3c2ncnc3N)O)O
PRMT4,7qph,QVR,101,1,F,98,H56,22.053,25.822,113.479,27.184,,,C/C=C/[C@@H]1[C@H]([C@H]([C@@H](O1)n2cnc3c2ncnc3N)O)O
PRMT4,7qph,QVR,101,1,F,99,H59,21.299,29.53,115.946,28.883,,,C/C=C/[C@@H]1[C@H]([C@H]([C@@H](O1)n2cnc3c2ncnc3N)O)O
PRMT4,7qph,QVR,101,1,F,100,H60,21.934,29.242,117.508,24.635,,,C/C=C/[C@@H]1[C@H]([C@H]([C@@H](O1)n2cnc3c2ncnc3N)O)O
PRMT4,7qph,QVR,101,1,F,101,H46,27.474,23.785,117.426,27.184,,,C/C=C/[C@@H]1[C@H]([C@H]([C@@H](O1)n2cnc3c2ncnc3N)O)O
PRMT4,7qph,QVR,101,1,F,102,H45,26.736,21.156,116.736,21.237,,,C/C=C/[C@@H]1[C@H]([C@H]([C@@H](O1)n2cnc3c2ncnc3N)O)O
PRMT4,7qph,QVR,101,1,G,69,C28,25.369,34.887,180.734,4.831,1.0,C,C/C=C/[C@@H]1[C@H]([C@H]([C@@H](O1)n2cnc3c2ncnc3N)O)O
PRMT4,7qph,QVR,101,1,G,70,C31,25.681,35.966,181.42,6.038,2.0,C,C/C=C/[C@@H]1[C@H]([C@H]([C@@H](O1)n2cnc3c2ncnc3N)O)O
PRMT4,7qph,QVR,101,1,G,75,C49,26.935,38.849,184.346,9.661,9.0,C,C/C=C/[C@@H]1[C@H]([C@H]([C@@H](O1)n2cnc3c2ncnc3N)O)O
PRMT4,7qph,QVR,101,1,G,76,C50,26.792,40.912,184.84,7.246,11.0,C,C/C=C/[C@@H]1[C@H]([C@H]([C@@H](O1)n2cnc3c2ncnc3N)O)O
PRMT4,7qph,QVR,101,1,G,77,C51,26.967,40.85,183.46,7.246,12.0,C,C/C=C/[C@@H]1[C@H]([C@H]([C@@H](O1)n2cnc3c2ncnc3N)O)O
PRMT4,7qph,QVR,101,1,G,78,C53,26.925,43.047,183.27,18.114,14.0,C,C/C=C/[C@@H]1[C@H]([C@H]([C@@H](O1)n2cnc3c2ncnc3N)O)O
PRMT4,7qph,QVR,101,1,G,79,C55,26.667,42.194,185.408,8.453,16.0,C,C/C=C/[C@@H]1[C@H]([C@H]([C@@H](O1)n2cnc3c2ncnc3N)O)O
PRMT4,7qph,QVR,101,1,G,81,N48,26.782,39.638,185.38,21.872,10.0,N,C/C=C/[C@@H]1[C@H]([C@H]([C@@H](O1)n2cnc3c2ncnc3N)O)O
PRMT4,7qph,QVR,101,1,G,82,N52,27.046,41.89,182.617,16.404,13.0,N,C/C=C/[C@@H]1[C@H]([C@H]([C@@H](O1)n2cnc3c2ncnc3N)O)O
PRMT4,7qph,QVR,101,1,G,83,N54,26.742,43.257,184.577,20.778,15.0,N,C/C=C/[C@@H]1[C@H]([C@H]([C@@H](O1)n2cnc3c2ncnc3N)O)O
PRMT4,7qph,QVR,101,1,G,84,N57,26.481,42.421,186.718,14.217,17.0,N,C/C=C/[C@@H]1[C@H]([C@H]([C@@H](O1)n2cnc3c2ncnc3N)O)O
PRMT4,7qph,QVR,101,1,G,85,O37,25.96,38.331,181.452,13.929,7.0,O,C/C=C/[C@@H]1[C@H]([C@H]([C@@H](O1)n2cnc3c2ncnc3N)O)O
PRMT4,7qph,QVR,101,1,G,86,O41,29.519,38.458,181.586,18.215,18.0,O,C/C=C/[C@@H]1[C@H]([C@H]([C@@H](O1)n2cnc3c2ncnc3N)O)O
PRMT4,7qph,QVR,101,1,G,87,O42,28.124,37.856,179.318,24.644,19.0,O,C/C=C/[C@@H]1[C@H]([C@H]([C@@H](O1)n2cnc3c2ncnc3N)O)O
PRMT4,7qph,QVR,101,1,G,88,H1,23.998,33.92,181.985,21.237,,,C/C=C/[C@@H]1[C@H]([C@H]([C@@H](O1)n2cnc3c2ncnc3N)O)O
PRMT4,7qph,QVR,101,1,G,89,H29,25.608,33.244,182.008,10.194,,,C/C=C/[C@@H]1[C@H]([C@H]([C@@H](O1)n2cnc3c2ncnc3N)O)O
PRMT4,7qph,QVR,101,1,G,90,H28,25.494,34.867,179.652,13.592,,,C/C=C/[C@@H]1[C@H]([C@H]([C@@H](O1)n2cnc3c2ncnc3N)O)O
PRMT4,7qph,QVR,101,1,G,91,H31,25.572,36.046,182.501,8.495,,,C/C=C/[C@@H]1[C@H]([C@H]([C@@H](O1)n2cnc3c2ncnc3N)O)O
PRMT4,7qph,QVR,101,1,G,92,H61,25.68,37.268,179.735,16.14,,,C/C=C/[C@@H]1[C@H]([C@H]([C@@H](O1)n2cnc3c2ncnc3N)O)O
PRMT4,7qph,QVR,101,1,G,93,H62,27.357,39.763,181.134,7.645,,,C/C=C/[C@@H]1[C@H]([C@H]([C@@H](O1)n2cnc3c2ncnc3N)O)O
PRMT4,7qph,QVR,101,1,G,94,H44,28.264,37.115,182.517,8.495,,,C/C=C/[C@@H]1[C@H]([C@H]([C@@H](O1)n2cnc3c2ncnc3N)O)O
PRMT4,7qph,QVR,101,1,G,95,H43,28.111,36.107,180.308,16.14,,,C/C=C/[C@@H]1[C@H]([C@H]([C@@H](O1)n2cnc3c2ncnc3N)O)O
PRMT4,7qph,QVR,101,1,G,96,H58,26.974,37.762,184.405,13.592,,,C/C=C/[C@@H]1[C@H]([C@H]([C@@H](O1)n2cnc3c2ncnc3N)O)O
PRMT4,7qph,QVR,101,1,G,97,H56,26.981,43.949,182.663,28.883,,,C/C=C/[C@@H]1[C@H]([C@H]([C@@H](O1)n2cnc3c2ncnc3N)O)O
PRMT4,7qph,QVR,101,1,G,98,H59,26.394,43.355,187.105,29.732,,,C/C=C/[C@@H]1[C@H]([C@H]([C@@H](O1)n2cnc3c2ncnc3N)O)O
PRMT4,7qph,QVR,101,1,G,99,H60,26.418,41.671,187.399,25.485,,,C/C=C/[C@@H]1[C@H]([C@H]([C@@H](O1)n2cnc3c2ncnc3N)O)O
PRMT4,7qph,QVR,101,1,G,100,H46,30.167,37.803,181.957,27.184,,,C/C=C/[C@@H]1[C@H]([C@H]([C@@H](O1)n2cnc3c2ncnc3N)O)O
PRMT4,7qph,QVR,101,1,G,101,H45,29.115,37.852,179.259,19.538,,,C/C=C/[C@@H]1[C@H]([C@H]([C@@H](O1)n2cnc3c2ncnc3N)O)O
PRMT4,7qph,QVR,101,1,H,70,C28,52.62,19.789,191.776,7.246,1.0,C,C/C=C/[C@@H]1[C@H]([C@H]([C@@H](O1)n2cnc3c2ncnc3N)O)O
PRMT4,7qph,QVR,101,1,H,71,C31,52.684,20.846,192.557,3.623,2.0,C,C/C=C/[C@@H]1[C@H]([C@H]([C@@H](O1)n2cnc3c2ncnc3N)O)O
PRMT4,7qph,QVR,101,1,H,74,C39,51.101,22.35,194.891,1.208,5.0,C,C/C=C/[C@@H]1[C@H]([C@H]([C@@H](O1)n2cnc3c2ncnc3N)O)O
PRMT4,7qph,QVR,101,1,H,76,C49,53.129,24.616,194.301,12.076,9.0,C,C/C=C/[C@@H]1[C@H]([C@H]([C@@H](O1)n2cnc3c2ncnc3N)O)O
PRMT4,7qph,QVR,101,1,H,77,C50,54.202,25.646,195.822,6.038,11.0,C,C/C=C/[C@@H]1[C@H]([C@H]([C@@H](O1)n2cnc3c2ncnc3N)O)O
PRMT4,7qph,QVR,101,1,H,78,C51,53.786,24.433,196.391,3.623,12.0,C,C/C=C/[C@@H]1[C@H]([C@H]([C@@H](O1)n2cnc3c2ncnc3N)O)O
PRMT4,7qph,QVR,101,1,H,79,C53,54.732,24.908,198.323,16.907,14.0,C,C/C=C/[C@@H]1[C@H]([C@H]([C@@H](O1)n2cnc3c2ncnc3N)O)O
PRMT4,7qph,QVR,101,1,H,80,C55,54.955,26.496,196.661,9.661,16.0,C,C/C=C/[C@@H]1[C@H]([C@H]([C@@H](O1)n2cnc3c2ncnc3N)O)O
PRMT4,7qph,QVR,101,1,H,82,N48,53.78,25.737,194.521,22.965,10.0,N,C/C=C/[C@@H]1[C@H]([C@H]([C@@H](O1)n2cnc3c2ncnc3N)O)O
PRMT4,7qph,QVR,101,1,H,83,N52,54.01,24.017,197.642,14.217,13.0,N,C/C=C/[C@@H]1[C@H]([C@H]([C@@H](O1)n2cnc3c2ncnc3N)O)O
PRMT4,7qph,QVR,101,1,H,84,N54,55.215,26.083,197.915,18.591,15.0,N,C/C=C/[C@@H]1[C@H]([C@H]([C@@H](O1)n2cnc3c2ncnc3N)O)O
PRMT4,7qph,QVR,101,1,H,85,N57,55.474,27.662,196.27,13.123,17.0,N,C/C=C/[C@@H]1[C@H]([C@H]([C@@H](O1)n2cnc3c2ncnc3N)O)O
PRMT4,7qph,QVR,101,1,H,86,O37,53.316,21.572,194.738,15.0,7.0,O,C/C=C/[C@@H]1[C@H]([C@H]([C@@H](O1)n2cnc3c2ncnc3N)O)O
PRMT4,7qph,QVR,101,1,H,87,O41,50.117,22.722,195.853,23.572,18.0,O,C/C=C/[C@@H]1[C@H]([C@H]([C@@H](O1)n2cnc3c2ncnc3N)O)O
PRMT4,7qph,QVR,101,1,H,88,O42,50.791,20.056,195.668,25.715,19.0,O,C/C=C/[C@@H]1[C@H]([C@H]([C@@H](O1)n2cnc3c2ncnc3N)O)O
PRMT4,7qph,QVR,101,1,H,89,H1,53.623,20.489,190.08,21.237,,,C/C=C/[C@@H]1[C@H]([C@H]([C@@H](O1)n2cnc3c2ncnc3N)O)O
PRMT4,7qph,QVR,101,1,H,90,H29,51.895,20.324,189.889,12.742,,,C/C=C/[C@@H]1[C@H]([C@H]([C@@H](O1)n2cnc3c2ncnc3N)O)O
PRMT4,7qph,QVR,101,1,H,91,H28,52.442,18.802,192.201,12.742,,,C/C=C/[C@@H]1[C@H]([C@H]([C@@H](O1)n2cnc3c2ncnc3N)O)O
PRMT4,7qph,QVR,101,1,H,92,H31,52.863,21.858,192.197,7.645,,,C/C=C/[C@@H]1[C@H]([C@H]([C@@H](O1)n2cnc3c2ncnc3N)O)O
PRMT4,7qph,QVR,101,1,H,93,H61,52.854,19.638,194.293,14.441,,,C/C=C/[C@@H]1[C@H]([C@H]([C@@H](O1)n2cnc3c2ncnc3N)O)O
PRMT4,7qph,QVR,101,1,H,94,H62,52.536,22.146,196.524,7.645,,,C/C=C/[C@@H]1[C@H]([C@H]([C@@H](O1)n2cnc3c2ncnc3N)O)O
PRMT4,7qph,QVR,101,1,H,95,H44,50.968,22.944,193.988,11.043,,,C/C=C/[C@@H]1[C@H]([C@H]([C@@H](O1)n2cnc3c2ncnc3N)O)O
PRMT4,7qph,QVR,101,1,H,96,H43,50.289,20.601,193.816,15.291,,,C/C=C/[C@@H]1[C@H]([C@H]([C@@H](O1)n2cnc3c2ncnc3N)O)O
PRMT4,7qph,QVR,101,1,H,97,H58,52.653,24.35,193.359,11.043,,,C/C=C/[C@@H]1[C@H]([C@H]([C@@H](O1)n2cnc3c2ncnc3N)O)O
PRMT4,7qph,QVR,101,1,H,98,H56,54.965,24.649,199.354,28.033,,,C/C=C/[C@@H]1[C@H]([C@H]([C@@H](O1)n2cnc3c2ncnc3N)O)O
PRMT4,7qph,QVR,101,1,H,99,H59,56.012,28.257,196.891,29.732,,,C/C=C/[C@@H]1[C@H]([C@H]([C@@H](O1)n2cnc3c2ncnc3N)O)O
PRMT4,7qph,QVR,101,1,H,100,H60,55.36,28.023,195.328,24.635,,,C/C=C/[C@@H]1[C@H]([C@H]([C@@H](O1)n2cnc3c2ncnc3N)O)O
PRMT4,7qph,QVR,101,1,H,101,H46,50.506,23.489,196.35,16.14,,,C/C=C/[C@@H]1[C@H]([C@H]([C@@H](O1)n2cnc3c2ncnc3N)O)O
PRMT4,7qph,QVR,101,1,H,102,H45,50.025,20.451,196.162,17.839,,,C/C=C/[C@@H]1[C@H]([C@H]([C@@H](O1)n2cnc3c2ncnc3N)O)O
PRMT4,7qrd,QVR,102,1,L,185,C24,24.982,33.288,181.884,2.415,0.0,C,C/C=C/[C@@H]1[C@H]([C@H]([C@@H](O1)n2cnc3c2ncnc3N)O)O
PRMT4,7qrd,QVR,102,1,L,186,C28,25.474,34.478,181.12,7.246,1.0,C,C/C=C/[C@@H]1[C@H]([C@H]([C@@H](O1)n2cnc3c2ncnc3N)O)O
PRMT4,7qrd,QVR,102,1,L,187,C31,25.997,35.56,181.663,4.831,2.0,C,C/C=C/[C@@H]1[C@H]([C@H]([C@@H](O1)n2cnc3c2ncnc3N)O)O
PRMT4,7qrd,QVR,102,1,L,188,C36,26.459,36.678,180.786,1.208,3.0,C,C/C=C/[C@@H]1[C@H]([C@H]([C@@H](O1)n2cnc3c2ncnc3N)O)O
PRMT4,7qrd,QVR,102,1,L,192,C49,27.472,38.491,184.305,12.076,9.0,C,C/C=C/[C@@H]1[C@H]([C@H]([C@@H](O1)n2cnc3c2ncnc3N)O)O
PRMT4,7qrd,QVR,102,1,L,193,C50,27.221,40.547,184.759,7.246,11.0,C,C/C=C/[C@@H]1[C@H]([C@H]([C@@H](O1)n2cnc3c2ncnc3N)O)O
PRMT4,7qrd,QVR,102,1,L,194,C51,27.29,40.465,183.379,7.246,12.0,C,C/C=C/[C@@H]1[C@H]([C@H]([C@@H](O1)n2cnc3c2ncnc3N)O)O
PRMT4,7qrd,QVR,102,1,L,195,C53,27.097,42.644,183.144,16.907,14.0,C,C/C=C/[C@@H]1[C@H]([C@H]([C@@H](O1)n2cnc3c2ncnc3N)O)O
PRMT4,7qrd,QVR,102,1,L,196,C55,27.06,41.835,185.31,8.453,16.0,C,C/C=C/[C@@H]1[C@H]([C@H]([C@@H](O1)n2cnc3c2ncnc3N)O)O
PRMT4,7qrd,QVR,102,1,L,198,N48,27.341,39.293,185.334,18.591,10.0,N,C/C=C/[C@@H]1[C@H]([C@H]([C@@H](O1)n2cnc3c2ncnc3N)O)O
PRMT4,7qrd,QVR,102,1,L,199,N52,27.235,41.479,182.51,17.497,13.0,N,C/C=C/[C@@H]1[C@H]([C@H]([C@@H](O1)n2cnc3c2ncnc3N)O)O
PRMT4,7qrd,QVR,102,1,L,200,N54,27.004,42.879,184.456,19.685,15.0,N,C/C=C/[C@@H]1[C@H]([C@H]([C@@H](O1)n2cnc3c2ncnc3N)O)O
PRMT4,7qrd,QVR,102,1,L,201,N57,26.951,42.078,186.623,13.123,17.0,N,C/C=C/[C@@H]1[C@H]([C@H]([C@@H](O1)n2cnc3c2ncnc3N)O)O
PRMT4,7qrd,QVR,102,1,L,202,O37,26.263,37.936,181.46,13.929,7.0,O,C/C=C/[C@@H]1[C@H]([C@H]([C@@H](O1)n2cnc3c2ncnc3N)O)O
PRMT4,7qrd,QVR,102,1,L,203,O41,29.832,37.958,181.336,31.072,18.0,O,C/C=C/[C@@H]1[C@H]([C@H]([C@@H](O1)n2cnc3c2ncnc3N)O)O
PRMT4,7qrd,QVR,102,1,L,204,O42,28.234,37.272,179.211,22.501,19.0,O,C/C=C/[C@@H]1[C@H]([C@H]([C@@H](O1)n2cnc3c2ncnc3N)O)O
PRMT4,7qrd,QVR,102,1,L,205,H1,24.302,33.673,182.643,20.388,,,C/C=C/[C@@H]1[C@H]([C@H]([C@@H](O1)n2cnc3c2ncnc3N)O)O
PRMT4,7qrd,QVR,102,1,L,206,H29,25.845,32.888,182.415,10.194,,,C/C=C/[C@@H]1[C@H]([C@H]([C@@H](O1)n2cnc3c2ncnc3N)O)O
PRMT4,7qrd,QVR,102,1,L,207,H28,25.375,34.406,180.038,13.592,,,C/C=C/[C@@H]1[C@H]([C@H]([C@@H](O1)n2cnc3c2ncnc3N)O)O
PRMT4,7qrd,QVR,102,1,L,208,H31,26.113,35.687,182.739,7.645,,,C/C=C/[C@@H]1[C@H]([C@H]([C@@H](O1)n2cnc3c2ncnc3N)O)O
PRMT4,7qrd,QVR,102,1,L,209,H61,25.84,36.718,179.891,14.441,,,C/C=C/[C@@H]1[C@H]([C@H]([C@@H](O1)n2cnc3c2ncnc3N)O)O
PRMT4,7qrd,QVR,102,1,L,210,H62,27.672,39.335,181.058,4.247,,,C/C=C/[C@@H]1[C@H]([C@H]([C@@H](O1)n2cnc3c2ncnc3N)O)O
PRMT4,7qrd,QVR,102,1,L,211,H44,28.613,36.763,182.499,10.194,,,C/C=C/[C@@H]1[C@H]([C@H]([C@@H](O1)n2cnc3c2ncnc3N)O)O
PRMT4,7qrd,QVR,102,1,L,212,H43,28.351,35.629,180.323,17.839,,,C/C=C/[C@@H]1[C@H]([C@H]([C@@H](O1)n2cnc3c2ncnc3N)O)O
PRMT4,7qrd,QVR,102,1,L,213,H58,27.598,37.412,184.385,12.742,,,C/C=C/[C@@H]1[C@H]([C@H]([C@@H](O1)n2cnc3c2ncnc3N)O)O
PRMT4,7qrd,QVR,102,1,L,214,H56,27.053,43.532,182.514,28.883,,,C/C=C/[C@@H]1[C@H]([C@H]([C@@H](O1)n2cnc3c2ncnc3N)O)O
PRMT4,7qrd,QVR,102,1,L,215,H59,26.836,43.015,186.997,29.732,,,C/C=C/[C@@H]1[C@H]([C@H]([C@@H](O1)n2cnc3c2ncnc3N)O)O
PRMT4,7qrd,QVR,102,1,L,216,H60,26.977,41.341,187.32,25.485,,,C/C=C/[C@@H]1[C@H]([C@H]([C@@H](O1)n2cnc3c2ncnc3N)O)O
PRMT4,7qrd,QVR,102,1,L,217,H46,29.823,38.159,180.364,13.592,,,C/C=C/[C@@H]1[C@H]([C@H]([C@@H](O1)n2cnc3c2ncnc3N)O)O
PRMT4,7qrd,QVR,102,1,L,218,H45,27.592,38.019,179.082,14.441,,,C/C=C/[C@@H]1[C@H]([C@H]([C@@H](O1)n2cnc3c2ncnc3N)O)O
PRMT4,7qrd,QVR,101,1,M,176,C24,51.948,32.677,130.817,3.623,0.0,C,C/C=C/[C@@H]1[C@H]([C@H]([C@@H](O1)n2cnc3c2ncnc3N)O)O
PRMT4,7qrd,QVR,101,1,M,177,C28,51.219,33.94,131.171,1.208,1.0,C,C/C=C/[C@@H]1[C@H]([C@H]([C@@H](O1)n2cnc3c2ncnc3N)O)O
PRMT4,7qrd,QVR,101,1,M,178,C31,51.745,34.965,131.812,2.415,2.0,C,C/C=C/[C@@H]1[C@H]([C@H]([C@@H](O1)n2cnc3c2ncnc3N)O)O
PRMT4,7qrd,QVR,101,1,M,181,C39,48.952,36.818,130.991,1.208,5.0,C,C/C=C/[C@@H]1[C@H]([C@H]([C@@H](O1)n2cnc3c2ncnc3N)O)O
PRMT4,7qrd,QVR,101,1,M,182,C40,49.445,36.067,132.231,1.208,4.0,C,C/C=C/[C@@H]1[C@H]([C@H]([C@@H](O1)n2cnc3c2ncnc3N)O)O
PRMT4,7qrd,QVR,101,1,M,183,C49,50.158,37.874,128.345,15.699,9.0,C,C/C=C/[C@@H]1[C@H]([C@H]([C@@H](O1)n2cnc3c2ncnc3N)O)O
PRMT4,7qrd,QVR,101,1,M,184,C50,50.369,39.945,127.904,7.246,11.0,C,C/C=C/[C@@H]1[C@H]([C@H]([C@@H](O1)n2cnc3c2ncnc3N)O)O
PRMT4,7qrd,QVR,101,1,M,185,C51,50.254,39.846,129.285,7.246,12.0,C,C/C=C/[C@@H]1[C@H]([C@H]([C@@H](O1)n2cnc3c2ncnc3N)O)O
PRMT4,7qrd,QVR,101,1,M,186,C53,50.438,42.031,129.534,15.699,14.0,C,C/C=C/[C@@H]1[C@H]([C@H]([C@@H](O1)n2cnc3c2ncnc3N)O)O
PRMT4,7qrd,QVR,101,1,M,187,C55,50.535,41.231,127.366,7.246,16.0,C,C/C=C/[C@@H]1[C@H]([C@H]([C@@H](O1)n2cnc3c2ncnc3N)O)O
PRMT4,7qrd,QVR,101,1,M,189,N48,50.304,38.686,127.327,22.965,10.0,N,C/C=C/[C@@H]1[C@H]([C@H]([C@@H](O1)n2cnc3c2ncnc3N)O)O
PRMT4,7qrd,QVR,101,1,M,190,N52,50.278,40.863,130.157,16.404,13.0,N,C/C=C/[C@@H]1[C@H]([C@H]([C@@H](O1)n2cnc3c2ncnc3N)O)O
PRMT4,7qrd,QVR,101,1,M,191,N54,50.567,42.273,128.226,20.778,15.0,N,C/C=C/[C@@H]1[C@H]([C@H]([C@@H](O1)n2cnc3c2ncnc3N)O)O
PRMT4,7qrd,QVR,101,1,M,192,N57,50.667,41.483,126.058,12.029,17.0,N,C/C=C/[C@@H]1[C@H]([C@H]([C@@H](O1)n2cnc3c2ncnc3N)O)O
PRMT4,7qrd,QVR,101,1,M,193,O37,51.229,37.235,131.167,10.715,7.0,O,C/C=C/[C@@H]1[C@H]([C@H]([C@@H](O1)n2cnc3c2ncnc3N)O)O
PRMT4,7qrd,QVR,101,1,M,194,O41,47.676,37.415,131.189,30.001,18.0,O,C/C=C/[C@@H]1[C@H]([C@H]([C@@H](O1)n2cnc3c2ncnc3N)O)O
PRMT4,7qrd,QVR,101,1,M,195,O42,48.926,36.679,133.409,25.715,19.0,O,C/C=C/[C@@H]1[C@H]([C@H]([C@@H](O1)n2cnc3c2ncnc3N)O)O
PRMT4,7qrd,QVR,101,1,M,196,H1,52.919,32.984,130.433,22.087,,,C/C=C/[C@@H]1[C@H]([C@H]([C@@H](O1)n2cnc3c2ncnc3N)O)O
PRMT4,7qrd,QVR,101,1,M,197,H29,51.407,32.239,129.98,14.441,,,C/C=C/[C@@H]1[C@H]([C@H]([C@@H](O1)n2cnc3c2ncnc3N)O)O
PRMT4,7qrd,QVR,101,1,M,198,H28,50.177,33.974,130.857,7.645,,,C/C=C/[C@@H]1[C@H]([C@H]([C@@H](O1)n2cnc3c2ncnc3N)O)O
PRMT4,7qrd,QVR,101,1,M,199,H31,52.784,34.956,132.137,19.538,,,C/C=C/[C@@H]1[C@H]([C@H]([C@@H](O1)n2cnc3c2ncnc3N)O)O
PRMT4,7qrd,QVR,101,1,M,200,H61,51.379,36.603,133.081,16.99,,,C/C=C/[C@@H]1[C@H]([C@H]([C@@H](O1)n2cnc3c2ncnc3N)O)O
PRMT4,7qrd,QVR,101,1,M,201,H62,49.889,38.707,131.589,5.097,,,C/C=C/[C@@H]1[C@H]([C@H]([C@@H](O1)n2cnc3c2ncnc3N)O)O
PRMT4,7qrd,QVR,101,1,M,202,H44,48.93,36.142,130.138,6.796,,,C/C=C/[C@@H]1[C@H]([C@H]([C@@H](O1)n2cnc3c2ncnc3N)O)O
PRMT4,7qrd,QVR,101,1,M,203,H43,49.123,35.027,132.279,14.441,,,C/C=C/[C@@H]1[C@H]([C@H]([C@@H](O1)n2cnc3c2ncnc3N)O)O
PRMT4,7qrd,QVR,101,1,M,204,H58,50.068,36.792,128.258,16.14,,,C/C=C/[C@@H]1[C@H]([C@H]([C@@H](O1)n2cnc3c2ncnc3N)O)O
PRMT4,7qrd,QVR,101,1,M,205,H56,50.468,42.914,130.17,30.582,,,C/C=C/[C@@H]1[C@H]([C@H]([C@@H](O1)n2cnc3c2ncnc3N)O)O
PRMT4,7qrd,QVR,101,1,M,206,H59,50.786,42.421,125.691,30.582,,,C/C=C/[C@@H]1[C@H]([C@H]([C@@H](O1)n2cnc3c2ncnc3N)O)O
PRMT4,7qrd,QVR,101,1,M,207,H60,50.656,40.749,125.356,24.635,,,C/C=C/[C@@H]1[C@H]([C@H]([C@@H](O1)n2cnc3c2ncnc3N)O)O
PRMT4,7qrd,QVR,101,1,M,208,H46,47.723,37.857,132.077,13.592,,,C/C=C/[C@@H]1[C@H]([C@H]([C@@H](O1)n2cnc3c2ncnc3N)O)O
PRMT4,7qrd,QVR,101,1,M,209,H45,49.355,37.567,133.523,13.592,,,C/C=C/[C@@H]1[C@H]([C@H]([C@@H](O1)n2cnc3c2ncnc3N)O)O
PRMT4,7qrd,SAH,604,1,B,5484,SD,24.525,19.062,120.018,2.574,15.0,S,c1nc(c2c(n1)n(cn2)[C@H]3[C@@H]([C@@H]([C@H](O3)CSCC[C@@H](C(=O)O)N)O)O)N
PRMT4,7qrd,SAH,604,1,B,5498,N7,23.278,26.42,118.027,2.187,8.0,N,c1nc(c2c(n1)n(cn2)[C@H]3[C@@H]([C@@H]([C@H](O3)CSCC[C@@H](C(=O)O)N)O)O)N
PRMT4,7qrd,SAH,604,1,B,5513,H5'1,24.159,21.428,120.158,0.849,,,c1nc(c2c(n1)n(cn2)[C@H]3[C@@H]([C@@H]([C@H](O3)CSCC[C@@H](C(=O)O)N)O)O)N
PRMT4,7qrd,SAH,603,1,D,5461,SD,51.574,18.392,192.563,2.574,15.0,S,c1nc(c2c(n1)n(cn2)[C@H]3[C@@H]([C@@H]([C@H](O3)CSCC[C@@H](C(=O)O)N)O)O)N
PRMT4,7qrd,SAH,603,1,D,5475,N7,53.486,25.595,194.465,1.094,8.0,N,c1nc(c2c(n1)n(cn2)[C@H]3[C@@H]([C@@H]([C@H](O3)CSCC[C@@H](C(=O)O)N)O)O)N
PRMT4,7qrd,SAH,603,1,D,5490,H5'1,52.529,20.585,192.505,0.849,,,c1nc(c2c(n1)n(cn2)[C@H]3[C@@H]([C@@H]([C@H](O3)CSCC[C@@H](C(=O)O)N)O)O)N
PRMT4,7u9i,44T,501,1,A,2613,C8,-13.813,-28.746,-32.336,1.208,10.0,C,CCc1ccncc1CNCCCCSC[C@@H]2[C@H]([C@H]([C@@H](O2)n3ccc4c3ncnc4N)O)O
PRMT4,7u9i,44T,501,1,A,2618,C5,-11.339,-29.047,-28.833,3.623,6.0,C,CCc1ccncc1CNCCCCSC[C@@H]2[C@H]([C@H]([C@@H](O2)n3ccc4c3ncnc4N)O)O
PRMT4,7u9i,44T,501,1,A,2619,C6,-11.764,-30.109,-29.604,1.208,7.0,C,CCc1ccncc1CNCCCCSC[C@@H]2[C@H]([C@H]([C@@H](O2)n3ccc4c3ncnc4N)O)O
PRMT4,7u9i,44T,501,1,A,2621,C4,-11.124,-30.328,-26.969,1.208,4.0,C,CCc1ccncc1CNCCCCSC[C@@H]2[C@H]([C@H]([C@@H](O2)n3ccc4c3ncnc4N)O)O
PRMT4,7u9i,44T,501,1,A,2622,C3,-11.543,-31.456,-27.639,1.208,3.0,C,CCc1ccncc1CNCCCCSC[C@@H]2[C@H]([C@H]([C@@H](O2)n3ccc4c3ncnc4N)O)O
PRMT4,7u9i,44T,501,1,A,2623,C2,-11.872,-31.356,-28.983,1.208,2.0,C,CCc1ccncc1CNCCCCSC[C@@H]2[C@H]([C@H]([C@@H](O2)n3ccc4c3ncnc4N)O)O
PRMT4,7u9i,44T,501,1,A,2625,O2,-11.161,-27.706,-39.356,2.143,32.0,O,CCc1ccncc1CNCCCCSC[C@@H]2[C@H]([C@H]([C@@H](O2)n3ccc4c3ncnc4N)O)O
PRMT4,7u9i,44T,501,1,A,2632,N5,-15.314,-19.75,-40.333,4.374,30.0,N,CCc1ccncc1CNCCCCSC[C@@H]2[C@H]([C@H]([C@@H](O2)n3ccc4c3ncnc4N)O)O
PRMT4,7u9i,44T,501,1,A,2634,C18,-13.182,-21.432,-38.636,14.492,23.0,C,CCc1ccncc1CNCCCCSC[C@@H]2[C@H]([C@H]([C@@H](O2)n3ccc4c3ncnc4N)O)O
PRMT4,7u9i,44T,501,1,A,2638,C12,-13.342,-26.826,-36.435,4.831,15.0,C,CCc1ccncc1CNCCCCSC[C@@H]2[C@H]([C@H]([C@@H](O2)n3ccc4c3ncnc4N)O)O
PRMT4,7u9i,44T,501,1,A,2642,C,-11.273,-33.212,-30.435,4.831,0.0,C,CCc1ccncc1CNCCCCSC[C@@H]2[C@H]([C@H]([C@@H](O2)n3ccc4c3ncnc4N)O)O
PRMT4,7u9i,44T,501,1,A,2643,N,-11.012,-29.128,-27.544,3.281,5.0,N,CCc1ccncc1CNCCCCSC[C@@H]2[C@H]([C@H]([C@@H](O2)n3ccc4c3ncnc4N)O)O
PRMT4,8g2h,YVU,501,1,A,2787,C7,23.171,9.281,-4.875,3.623,,,c1ccc(cc1)CNC(=O)NCCSC[C@@H]2[C@H]([C@H]([C@@H](O2)n3cnc4c3ncnc4N)O)O
PRMT4,8g2h,YVU,501,1,A,2798,N3,20.25,4.351,-3.452,5.468,22.0,N,c1ccc(cc1)CNC(=O)NCCSC[C@@H]2[C@H]([C@H]([C@@H](O2)n3cnc4c3ncnc4N)O)O
PRMT4,8g2h,YVU,501,1,A,2815,S,23.555,10.898,-5.634,1.287,13.0,S,c1ccc(cc1)CNC(=O)NCCSC[C@@H]2[C@H]([C@H]([C@@H](O2)n3cnc4c3ncnc4N)O)O
PRMT4,8g2h,YVU,501,1,A,2822,N,19.598,1.343,-3.617,3.281,29.0,N,c1ccc(cc1)CNC(=O)NCCSC[C@@H]2[C@H]([C@H]([C@@H](O2)n3cnc4c3ncnc4N)O)O
PRMT4,7u9i,44T,501,1,B,2601,C8,14.908,-17.483,-25.099,2.415,10.0,C,CCc1ccncc1CNCCCCSC[C@@H]2[C@H]([C@H]([C@@H](O2)n3ccc4c3ncnc4N)O)O
PRMT4,7u9i,44T,501,1,B,2604,O1,9.113,-11.113,-25.226,6.429,31.0,O,CCc1ccncc1CNCCCCSC[C@@H]2[C@H]([C@H]([C@@H](O2)n3ccc4c3ncnc4N)O)O
PRMT4,7u9i,44T,501,1,B,2606,C5,14.678,-20.869,-22.255,1.208,6.0,C,CCc1ccncc1CNCCCCSC[C@@H]2[C@H]([C@H]([C@@H](O2)n3ccc4c3ncnc4N)O)O
PRMT4,7u9i,44T,501,1,B,2607,C6,14.291,-20.92,-23.588,1.208,7.0,C,CCc1ccncc1CNCCCCSC[C@@H]2[C@H]([C@H]([C@@H](O2)n3ccc4c3ncnc4N)O)O
PRMT4,7u9i,44T,501,1,B,2609,C4,15.058,-23.106,-22.149,1.208,4.0,C,CCc1ccncc1CNCCCCSC[C@@H]2[C@H]([C@H]([C@@H](O2)n3ccc4c3ncnc4N)O)O
PRMT4,7u9i,44T,501,1,B,2610,C3,14.665,-23.279,-23.464,2.415,3.0,C,CCc1ccncc1CNCCCCSC[C@@H]2[C@H]([C@H]([C@@H](O2)n3ccc4c3ncnc4N)O)O
PRMT4,7u9i,44T,501,1,B,2613,O2,10.859,-11.722,-23.204,2.143,32.0,O,CCc1ccncc1CNCCCCSC[C@@H]2[C@H]([C@H]([C@@H](O2)n3ccc4c3ncnc4N)O)O
PRMT4,7u9i,44T,501,1,B,2620,N5,12.375,-7.364,-30.958,4.374,30.0,N,CCc1ccncc1CNCCCCSC[C@@H]2[C@H]([C@H]([C@@H](O2)n3ccc4c3ncnc4N)O)O
PRMT4,7u9i,44T,501,1,B,2622,C18,11.015,-9.854,-29.517,24.153,23.0,C,CCc1ccncc1CNCCCCSC[C@@H]2[C@H]([C@H]([C@@H](O2)n3ccc4c3ncnc4N)O)O
PRMT4,7u9i,44T,501,1,B,2623,C17,10.721,-10.582,-28.417,15.699,22.0,C,CCc1ccncc1CNCCCCSC[C@@H]2[C@H]([C@H]([C@@H](O2)n3ccc4c3ncnc4N)O)O
PRMT4,7u9i,44T,501,1,B,2626,C12,13.22,-13.501,-25.433,4.831,15.0,C,CCc1ccncc1CNCCCCSC[C@@H]2[C@H]([C@H]([C@@H](O2)n3ccc4c3ncnc4N)O)O
PRMT4,7u9i,44T,501,1,B,2627,S,12.416,-14.002,-26.981,7.721,14.0,S,CCc1ccncc1CNCCCCSC[C@@H]2[C@H]([C@H]([C@@H](O2)n3ccc4c3ncnc4N)O)O
PRMT4,7u9i,44T,501,1,B,2630,C,12.341,-22.772,-25.695,19.322,0.0,C,CCc1ccncc1CNCCCCSC[C@@H]2[C@H]([C@H]([C@@H](O2)n3ccc4c3ncnc4N)O)O
PRMT4,7u9i,44T,501,1,B,2631,N,15.057,-21.921,-21.528,3.281,5.0,N,CCc1ccncc1CNCCCCSC[C@@H]2[C@H]([C@H]([C@@H](O2)n3ccc4c3ncnc4N)O)O
PRMT4,8g2i,I0B,501,1,A,2606,C7,2.348,26.001,-28.338,1.208,21.0,C,[H]/N=C(/NCCCN(CCNC(=O)NCc1ccccc1)C[C@@H]2[C@H]([C@H]([C@@H](O2)n3cnc4c3ncnc4N)O)O)\Nc5cccc(c5)Br
PRMT4,8g2i,I0B,501,1,A,2614,N3,3.877,20.571,-27.556,16.404,29.0,N,[H]/N=C(/NCCCN(CCNC(=O)NCc1ccccc1)C[C@@H]2[C@H]([C@H]([C@@H](O2)n3cnc4c3ncnc4N)O)O)\Nc5cccc(c5)Br
PRMT4,8g2i,I0B,501,1,A,2615,C4,3.022,21.392,-28.121,12.076,28.0,C,[H]/N=C(/NCCCN(CCNC(=O)NCc1ccccc1)C[C@@H]2[C@H]([C@H]([C@@H](O2)n3cnc4c3ncnc4N)O)O)\Nc5cccc(c5)Br
PRMT4,8g2i,I0B,501,1,A,2620,BR,-3.067,35.377,-26.0,1.327,46.0,Br,[H]/N=C(/NCCCN(CCNC(=O)NCc1ccccc1)C[C@@H]2[C@H]([C@H]([C@@H](O2)n3cnc4c3ncnc4N)O)O)\Nc5cccc(c5)Br
PRMT4,8g2i,I0B,501,1,A,2623,C25,-3.485,33.53,-23.856,4.831,43.0,C,[H]/N=C(/NCCCN(CCNC(=O)NCc1ccccc1)C[C@@H]2[C@H]([C@H]([C@@H](O2)n3cnc4c3ncnc4N)O)O)\Nc5cccc(c5)Br
PRMT4,8g2i,I0B,501,1,A,2624,C26,-3.306,32.284,-23.256,9.661,42.0,C,[H]/N=C(/NCCCN(CCNC(=O)NCc1ccccc1)C[C@@H]2[C@H]([C@H]([C@@H](O2)n3cnc4c3ncnc4N)O)O)\Nc5cccc(c5)Br
PRMT4,8g2i,I0B,501,1,A,2625,C27,-2.304,31.443,-23.713,6.038,41.0,C,[H]/N=C(/NCCCN(CCNC(=O)NCc1ccccc1)C[C@@H]2[C@H]([C@H]([C@@H](O2)n3cnc4c3ncnc4N)O)O)\Nc5cccc(c5)Br
PRMT4,8g2i,I0B,501,1,A,2629,N10,-1.227,29.569,-24.319,1.094,1.0,N,[H]/N=C(/NCCCN(CCNC(=O)NCc1ccccc1)C[C@@H]2[C@H]([C@H]([C@@H](O2)n3cnc4c3ncnc4N)O)O)\Nc5cccc(c5)Br
PRMT4,8g2i,I0B,501,1,A,2637,O2,1.174,25.014,-31.617,1.071,38.0,O,[H]/N=C(/NCCCN(CCNC(=O)NCc1ccccc1)C[C@@H]2[C@H]([C@H]([C@@H](O2)n3cnc4c3ncnc4N)O)O)\Nc5cccc(c5)Br
PRMT4,8g2i,I0B,501,1,A,2640,N,6.56,19.005,-27.454,5.468,36.0,N,[H]/N=C(/NCCCN(CCNC(=O)NCc1ccccc1)C[C@@H]2[C@H]([C@H]([C@@H](O2)n3cnc4c3ncnc4N)O)O)\Nc5cccc(c5)Br
PRMT4,8g2i,I0B,501,1,A,2641,N6,2.901,29.233,-31.297,1.094,10.0,N,[H]/N=C(/NCCCN(CCNC(=O)NCc1ccccc1)C[C@@H]2[C@H]([C@H]([C@@H](O2)n3cnc4c3ncnc4N)O)O)\Nc5cccc(c5)Br
PRMT4,8g2i,I0B,501,1,A,2643,N7,3.398,31.016,-32.603,1.094,13.0,N,[H]/N=C(/NCCCN(CCNC(=O)NCc1ccccc1)C[C@@H]2[C@H]([C@H]([C@@H](O2)n3cnc4c3ncnc4N)O)O)\Nc5cccc(c5)Br
PRMT4,8sig,GWU,501,1,A,2789,N3,5.615,19.417,-25.406,1.094,26.0,N,c1ccc(cc1)CNC(=O)NCCN(CCCN)C[C@@H]2[C@H]([C@H]([C@@H](O2)n3cnc4c3ncnc4N)O)O
PRMT4,8sig,GWU,501,1,A,2796,N8,5.165,29.664,-30.127,1.094,7.0,N,c1ccc(cc1)CNC(=O)NCCN(CCCN)C[C@@H]2[C@H]([C@H]([C@@H](O2)n3cnc4c3ncnc4N)O)O
PRMT4,8sig,GWU,501,1,A,2808,C10,2.299,27.381,-22.93,1.208,16.0,C,c1ccc(cc1)CNC(=O)NCCN(CCCN)C[C@@H]2[C@H]([C@H]([C@@H](O2)n3cnc4c3ncnc4N)O)O
PRMT4,8sig,GWU,501,1,A,2809,N6,1.962,28.688,-22.601,9.842,17.0,N,c1ccc(cc1)CNC(=O)NCCN(CCCN)C[C@@H]2[C@H]([C@H]([C@@H](O2)n3cnc4c3ncnc4N)O)O
PRMT4,8sig,GWU,501,1,A,2815,N,8.066,17.555,-25.511,5.468,33.0,N,c1ccc(cc1)CNC(=O)NCCN(CCCN)C[C@@H]2[C@H]([C@H]([C@@H](O2)n3cnc4c3ncnc4N)O)O
PRMT4,8sih,I1K,501,1,A,2648,N3,4.403,20.679,-26.945,6.562,29.0,N,[H]/N=C(\NCCCN(CCNC(=O)NCc1ccccc1)C[C@@H]2[C@H]([C@H]([C@@H](O2)n3cnc4c3ncnc4N)O)O)/NC5CCCC5
PRMT4,8sih,I1K,501,1,A,2667,C20,1.255,29.137,-24.619,1.208,4.0,C,[H]/N=C(\NCCCN(CCNC(=O)NCc1ccccc1)C[C@@H]2[C@H]([C@H]([C@@H](O2)n3cnc4c3ncnc4N)O)O)/NC5CCCC5
PRMT4,8sih,I1K,501,1,A,2671,N9,-2.049,30.766,-24.414,5.468,39.0,N,[H]/N=C(\NCCCN(CCNC(=O)NCc1ccccc1)C[C@@H]2[C@H]([C@H]([C@@H](O2)n3cnc4c3ncnc4N)O)O)/NC5CCCC5
PRMT4,8sih,I1K,501,1,A,2672,C22,-2.8,32.012,-24.642,10.869,40.0,C,[H]/N=C(\NCCCN(CCNC(=O)NCc1ccccc1)C[C@@H]2[C@H]([C@H]([C@@H](O2)n3cnc4c3ncnc4N)O)O)/NC5CCCC5
PRMT4,8sih,I1K,501,1,A,2673,C26,-2.673,32.975,-23.488,1.208,44.0,C,[H]/N=C(\NCCCN(CCNC(=O)NCc1ccccc1)C[C@@H]2[C@H]([C@H]([C@@H](O2)n3cnc4c3ncnc4N)O)O)/NC5CCCC5
PRMT4,8sih,I1K,501,1,A,2676,C23,-2.314,32.884,-25.899,1.208,41.0,C,[H]/N=C(\NCCCN(CCNC(=O)NCc1ccccc1)C[C@@H]2[C@H]([C@H]([C@@H](O2)n3cnc4c3ncnc4N)O)O)/NC5CCCC5
PRMT4,8sih,I1K,501,1,A,2682,N,6.859,18.82,-27.181,4.374,36.0,N,[H]/N=C(\NCCCN(CCNC(=O)NCc1ccccc1)C[C@@H]2[C@H]([C@H]([C@@H](O2)n3cnc4c3ncnc4N)O)O)/NC5CCCC5
PRMT4,8uqh,X9L,501,1,A,2727,C13,-10.746,11.826,-76.286,1.208,13.0,C,c1cc(cc(c1)Br)CNCCSC[C@@H]2[C@H]([C@H]([C@@H](O2)n3cnc4c3ncnc4N)O)O
PRMT4,8uqh,X9L,501,1,A,2737,C24,-12.886,22.267,-75.06,2.415,,,c1cc(cc(c1)Br)CNCCSC[C@@H]2[C@H]([C@H]([C@@H](O2)n3cnc4c3ncnc4N)O)O
PRMT4,8uqh,X9L,501,1,A,2739,C26,-12.164,20.811,-76.829,7.246,,,c1cc(cc(c1)Br)CNCCSC[C@@H]2[C@H]([C@H]([C@@H](O2)n3cnc4c3ncnc4N)O)O
PRMT4,8uqh,X9L,501,1,A,2755,C16,-12.635,15.135,-75.702,2.415,10.0,C,c1cc(cc(c1)Br)CNCCSC[C@@H]2[C@H]([C@H]([C@@H](O2)n3cnc4c3ncnc4N)O)O
PRMT4,8uqh,X9L,501,1,A,2759,C25,-12.402,22.088,-76.348,6.038,,,c1cc(cc(c1)Br)CNCCSC[C@@H]2[C@H]([C@H]([C@@H](O2)n3cnc4c3ncnc4N)O)O
PRMT4,8uqh,X9L,501,1,A,2765,N01,-10.666,6.657,-82.395,4.374,27.0,N,c1cc(cc(c1)Br)CNCCSC[C@@H]2[C@H]([C@H]([C@@H](O2)n3cnc4c3ncnc4N)O)O
PRMT4,8uqh,X9L,501,1,A,2771,N08,-10.154,9.347,-80.839,5.468,20.0,N,c1cc(cc(c1)Br)CNCCSC[C@@H]2[C@H]([C@H]([C@@H](O2)n3cnc4c3ncnc4N)O)O
PRMT4,8uqh,X9L,501,1,A,2783,S15,-10.979,14.434,-75.966,1.287,11.0,S,c1cc(cc(c1)Br)CNCCSC[C@@H]2[C@H]([C@H]([C@@H](O2)n3cnc4c3ncnc4N)O)O
PRMT4,8uqh,X9L,501,1,B,2712,C13,12.944,13.218,-26.93,3.623,,,c1cc(cc(c1)Br)CNCCSC[C@@H]2[C@H]([C@H]([C@@H](O2)n3cnc4c3ncnc4N)O)O
PRMT4,8uqh,X9L,501,1,B,2716,C20,14.435,21.142,-27.15,1.208,0.0,C,c1cc(cc(c1)Br)CNCCSC[C@@H]2[C@H]([C@H]([C@@H](O2)n3cnc4c3ncnc4N)O)O
PRMT4,8uqh,X9L,501,1,B,2722,C24,14.814,23.697,-28.118,3.623,,,c1cc(cc(c1)Br)CNCCSC[C@@H]2[C@H]([C@H]([C@@H](O2)n3cnc4c3ncnc4N)O)O
PRMT4,8uqh,X9L,501,1,B,2724,C26,14.103,22.228,-26.362,6.038,5.0,C,c1cc(cc(c1)Br)CNCCSC[C@@H]2[C@H]([C@H]([C@@H](O2)n3cnc4c3ncnc4N)O)O
PRMT4,8uqh,X9L,501,1,B,2740,C16,14.559,16.589,-27.08,1.208,10.0,C,c1cc(cc(c1)Br)CNCCSC[C@@H]2[C@H]([C@H]([C@@H](O2)n3cnc4c3ncnc4N)O)O
PRMT4,8uqh,X9L,501,1,B,2744,C25,14.291,23.511,-26.848,3.623,,,c1cc(cc(c1)Br)CNCCSC[C@@H]2[C@H]([C@H]([C@@H](O2)n3cnc4c3ncnc4N)O)O
PRMT4,8uqh,X9L,501,1,B,2750,N01,13.448,7.908,-20.983,4.374,27.0,N,c1cc(cc(c1)Br)CNCCSC[C@@H]2[C@H]([C@H]([C@@H](O2)n3cnc4c3ncnc4N)O)O
PRMT4,8uqh,X9L,501,1,B,2756,N08,12.952,10.594,-22.531,5.468,,,c1cc(cc(c1)Br)CNCCSC[C@@H]2[C@H]([C@H]([C@@H](O2)n3cnc4c3ncnc4N)O)O
PRMT4,8uqh,X9L,501,1,B,2768,S15,14.683,15.045,-26.133,1.287,11.0,S,c1cc(cc(c1)Br)CNCCSC[C@@H]2[C@H]([C@H]([C@@H](O2)n3cnc4c3ncnc4N)O)O
PRMT4,8uqh,X9L,501,1,B,2770,BR23,15.876,22.874,-30.685,1.327,,,c1cc(cc(c1)Br)CNCCSC[C@@H]2[C@H]([C@H]([C@@H](O2)n3cnc4c3ncnc4N)O)O
PRMT4,8uqh,X9L,501,1,C,2728,C13,-12.573,27.181,-14.6,1.208,,,c1cc(cc(c1)Br)CNCCSC[C@@H]2[C@H]([C@H]([C@@H](O2)n3cnc4c3ncnc4N)O)O
PRMT4,8uqh,X9L,501,1,C,2732,C20,-11.612,30.3,-21.902,2.415,2.0,C,c1cc(cc(c1)Br)CNCCSC[C@@H]2[C@H]([C@H]([C@@H](O2)n3cnc4c3ncnc4N)O)O
PRMT4,8uqh,X9L,501,1,C,2736,C22,-11.545,32.562,-22.705,2.415,,,c1cc(cc(c1)Br)CNCCSC[C@@H]2[C@H]([C@H]([C@@H](O2)n3cnc4c3ncnc4N)O)O
PRMT4,8uqh,X9L,501,1,C,2738,C24,-11.064,32.107,-23.923,4.831,,,c1cc(cc(c1)Br)CNCCSC[C@@H]2[C@H]([C@H]([C@@H](O2)n3cnc4c3ncnc4N)O)O
PRMT4,8uqh,X9L,501,1,C,2740,C26,-11.132,29.846,-23.119,7.246,4.0,C,c1cc(cc(c1)Br)CNCCSC[C@@H]2[C@H]([C@H]([C@@H](O2)n3cnc4c3ncnc4N)O)O
PRMT4,8uqh,X9L,501,1,C,2756,C16,-13.235,28.692,-17.887,4.831,,,c1cc(cc(c1)Br)CNCCSC[C@@H]2[C@H]([C@H]([C@@H](O2)n3cnc4c3ncnc4N)O)O
PRMT4,8uqh,X9L,501,1,C,2760,C25,-10.858,30.751,-24.131,4.831,,,c1cc(cc(c1)Br)CNCCSC[C@@H]2[C@H]([C@H]([C@@H](O2)n3cnc4c3ncnc4N)O)O
PRMT4,8uqh,X9L,501,1,C,2766,N01,-15.046,20.124,-11.861,6.562,27.0,N,c1cc(cc(c1)Br)CNCCSC[C@@H]2[C@H]([C@H]([C@@H](O2)n3cnc4c3ncnc4N)O)O
PRMT4,8uqh,X9L,501,1,C,2772,N08,-13.591,22.241,-13.684,4.374,20.0,N,c1cc(cc(c1)Br)CNCCSC[C@@H]2[C@H]([C@H]([C@@H](O2)n3cnc4c3ncnc4N)O)O
PRMT4,8uqh,X9L,501,1,C,2780,O28,-11.092,27.949,-12.714,1.071,29.0,O,c1cc(cc(c1)Br)CNCCSC[C@@H]2[C@H]([C@H]([C@@H](O2)n3cnc4c3ncnc4N)O)O
PRMT4,8uqh,X9L,501,1,D,2725,C13,14.108,28.366,-88.895,4.831,,,c1cc(cc(c1)Br)CNCCSC[C@@H]2[C@H]([C@H]([C@@H](O2)n3cnc4c3ncnc4N)O)O
PRMT4,8uqh,X9L,501,1,D,2727,C17,15.065,29.781,-84.127,1.208,9.0,C,c1cc(cc(c1)Br)CNCCSC[C@@H]2[C@H]([C@H]([C@@H](O2)n3cnc4c3ncnc4N)O)O
PRMT4,8uqh,X9L,501,1,D,2729,C20,12.921,31.201,-81.449,1.208,0.0,C,c1cc(cc(c1)Br)CNCCSC[C@@H]2[C@H]([C@H]([C@@H](O2)n3cnc4c3ncnc4N)O)O
PRMT4,8uqh,X9L,501,1,D,2735,C24,12.18,32.879,-79.375,3.623,,,c1cc(cc(c1)Br)CNCCSC[C@@H]2[C@H]([C@H]([C@@H](O2)n3cnc4c3ncnc4N)O)O
PRMT4,8uqh,X9L,501,1,D,2737,C26,12.446,30.666,-80.264,8.453,5.0,C,c1cc(cc(c1)Br)CNCCSC[C@@H]2[C@H]([C@H]([C@@H](O2)n3cnc4c3ncnc4N)O)O
PRMT4,8uqh,X9L,501,1,D,2753,C16,14.661,29.949,-85.591,1.208,10.0,C,c1cc(cc(c1)Br)CNCCSC[C@@H]2[C@H]([C@H]([C@@H](O2)n3cnc4c3ncnc4N)O)O
PRMT4,8uqh,X9L,501,1,D,2757,C25,12.075,31.505,-79.225,4.831,,,c1cc(cc(c1)Br)CNCCSC[C@@H]2[C@H]([C@H]([C@@H](O2)n3cnc4c3ncnc4N)O)O
PRMT4,8uqh,X9L,501,1,D,2763,N01,17.531,21.641,-91.419,4.374,,,c1cc(cc(c1)Br)CNCCSC[C@@H]2[C@H]([C@H]([C@@H](O2)n3cnc4c3ncnc4N)O)O
PRMT4,8uqh,X9L,501,1,D,2769,N08,15.871,23.655,-89.67,5.468,,,c1cc(cc(c1)Br)CNCCSC[C@@H]2[C@H]([C@H]([C@@H](O2)n3cnc4c3ncnc4N)O)O
PRMT4,8uqh,X9L,501,1,D,2777,O28,12.611,28.896,-90.847,2.143,,,c1cc(cc(c1)Br)CNCCSC[C@@H]2[C@H]([C@H]([C@@H](O2)n3cnc4c3ncnc4N)O)O
PRMT4,8uqh,X9L,501,1,D,2783,BR23,12.801,35.34,-80.768,1.327,,,c1cc(cc(c1)Br)CNCCSC[C@@H]2[C@H]([C@H]([C@@H](O2)n3cnc4c3ncnc4N)O)O
PRMT4,9i0a,A00,501,1,A,5452,C1,46.263,25.146,132.905,2.415,11.0,C,[H]/N=C(/NCCC[C@@H](C(=O)OCc1ccccc1)NC(=O)OCc2ccccc2)\N(C)CCC[C@@H]3[C@H]([C@H]([C@@H](O3)n4cnc5c4ncnc5N)O)O
PRMT4,9i0a,A00,501,1,A,5453,C21,47.029,24.457,134.0,3.623,12.0,C,[H]/N=C(/NCCC[C@@H](C(=O)OCc1ccccc1)NC(=O)OCc2ccccc2)\N(C)CCC[C@@H]3[C@H]([C@H]([C@@H](O3)n4cnc5c4ncnc5N)O)O
PRMT4,9i0a,A00,501,1,A,5454,C22,46.716,24.659,135.34,4.831,13.0,C,[H]/N=C(/NCCC[C@@H](C(=O)OCc1ccccc1)NC(=O)OCc2ccccc2)\N(C)CCC[C@@H]3[C@H]([C@H]([C@@H](O3)n4cnc5c4ncnc5N)O)O
PRMT4,9i0a,A00,501,1,A,5455,C23,47.427,24.01,136.337,8.453,14.0,C,[H]/N=C(/NCCC[C@@H](C(=O)OCc1ccccc1)NC(=O)OCc2ccccc2)\N(C)CCC[C@@H]3[C@H]([C@H]([C@@H](O3)n4cnc5c4ncnc5N)O)O
PRMT4,9i0a,A00,501,1,A,5456,C24,48.459,23.156,136.014,4.831,15.0,C,[H]/N=C(/NCCC[C@@H](C(=O)OCc1ccccc1)NC(=O)OCc2ccccc2)\N(C)CCC[C@@H]3[C@H]([C@H]([C@@H](O3)n4cnc5c4ncnc5N)O)O
PRMT4,9i0a,A00,501,1,A,5457,C25,48.779,22.947,134.69,4.831,16.0,C,[H]/N=C(/NCCC[C@@H](C(=O)OCc1ccccc1)NC(=O)OCc2ccccc2)\N(C)CCC[C@@H]3[C@H]([C@H]([C@@H](O3)n4cnc5c4ncnc5N)O)O
PRMT4,9i0a,A00,501,1,A,5458,C26,48.073,23.594,133.688,4.831,17.0,C,[H]/N=C(/NCCC[C@@H](C(=O)OCc1ccccc1)NC(=O)OCc2ccccc2)\N(C)CCC[C@@H]3[C@H]([C@H]([C@@H](O3)n4cnc5c4ncnc5N)O)O
PRMT4,9i0a,A00,501,1,A,5462,C12,45.058,28.801,125.739,3.623,24.0,C,[H]/N=C(/NCCC[C@@H](C(=O)OCc1ccccc1)NC(=O)OCc2ccccc2)\N(C)CCC[C@@H]3[C@H]([C@H]([C@@H](O3)n4cnc5c4ncnc5N)O)O
PRMT4,9i0a,A00,501,1,A,5463,C15,43.423,30.424,127.253,1.208,27.0,C,[H]/N=C(/NCCC[C@@H](C(=O)OCc1ccccc1)NC(=O)OCc2ccccc2)\N(C)CCC[C@@H]3[C@H]([C@H]([C@@H](O3)n4cnc5c4ncnc5N)O)O
PRMT4,9i0a,A00,501,1,A,5474,C13,43.738,28.995,125.372,6.038,25.0,C,[H]/N=C(/NCCC[C@@H](C(=O)OCc1ccccc1)NC(=O)OCc2ccccc2)\N(C)CCC[C@@H]3[C@H]([C@H]([C@@H](O3)n4cnc5c4ncnc5N)O)O
PRMT4,9i0a,A00,501,1,A,5475,C14,42.919,29.807,126.128,7.246,26.0,C,[H]/N=C(/NCCC[C@@H](C(=O)OCc1ccccc1)NC(=O)OCc2ccccc2)\N(C)CCC[C@@H]3[C@H]([C@H]([C@@H](O3)n4cnc5c4ncnc5N)O)O
PRMT4,9i0a,A00,501,1,A,5492,N7,50.7,38.303,127.223,1.094,41.0,N,[H]/N=C(/NCCC[C@@H](C(=O)OCc1ccccc1)NC(=O)OCc2ccccc2)\N(C)CCC[C@@H]3[C@H]([C@H]([C@@H](O3)n4cnc5c4ncnc5N)O)O
PRMT4,9i0a,A00,501,1,A,5497,O2,47.222,26.811,128.731,8.572,20.0,O,[H]/N=C(/NCCC[C@@H](C(=O)OCc1ccccc1)NC(=O)OCc2ccccc2)\N(C)CCC[C@@H]3[C@H]([C@H]([C@@H](O3)n4cnc5c4ncnc5N)O)O
PRMT4,9i0a,A00,501,1,A,5502,H5,45.557,24.519,132.364,20.388,,,[H]/N=C(/NCCC[C@@H](C(=O)OCc1ccccc1)NC(=O)OCc2ccccc2)\N(C)CCC[C@@H]3[C@H]([C@H]([C@@H](O3)n4cnc5c4ncnc5N)O)O
PRMT4,9i0a,A00,501,1,A,5504,H6,45.906,25.332,135.616,1.699,,,[H]/N=C(/NCCC[C@@H](C(=O)OCc1ccccc1)NC(=O)OCc2ccccc2)\N(C)CCC[C@@H]3[C@H]([C@H]([C@@H](O3)n4cnc5c4ncnc5N)O)O
PRMT4,9i0a,A00,501,1,A,5505,H7,47.166,24.18,137.381,4.247,,,[H]/N=C(/NCCC[C@@H](C(=O)OCc1ccccc1)NC(=O)OCc2ccccc2)\N(C)CCC[C@@H]3[C@H]([C@H]([C@@H](O3)n4cnc5c4ncnc5N)O)O
PRMT4,9i0a,A00,501,1,A,5506,H1,49.019,22.648,136.798,14.441,,,[H]/N=C(/NCCC[C@@H](C(=O)OCc1ccccc1)NC(=O)OCc2ccccc2)\N(C)CCC[C@@H]3[C@H]([C@H]([C@@H](O3)n4cnc5c4ncnc5N)O)O
PRMT4,9i0a,A00,501,1,A,5512,H14,45.696,28.16,125.133,3.398,,,[H]/N=C(/NCCC[C@@H](C(=O)OCc1ccccc1)NC(=O)OCc2ccccc2)\N(C)CCC[C@@H]3[C@H]([C@H]([C@@H](O3)n4cnc5c4ncnc5N)O)O
PRMT4,9i0a,A00,501,1,A,5521,H32,53.02,34.628,133.061,2.548,,,[H]/N=C(/NCCC[C@@H](C(=O)OCc1ccccc1)NC(=O)OCc2ccccc2)\N(C)CCC[C@@H]3[C@H]([C@H]([C@@H](O3)n4cnc5c4ncnc5N)O)O
PRMT4,9i0a,A00,501,1,A,5524,H15,43.348,28.504,124.482,8.495,,,[H]/N=C(/NCCC[C@@H](C(=O)OCc1ccccc1)NC(=O)OCc2ccccc2)\N(C)CCC[C@@H]3[C@H]([C@H]([C@@H](O3)n4cnc5c4ncnc5N)O)O
PRMT4,9i0a,A00,501,1,A,5525,H16,41.881,29.961,125.84,13.592,,,[H]/N=C(/NCCC[C@@H](C(=O)OCc1ccccc1)NC(=O)OCc2ccccc2)\N(C)CCC[C@@H]3[C@H]([C@H]([C@@H](O3)n4cnc5c4ncnc5N)O)O
PRMT4,9i0a,A00,501,1,A,5533,H4',51.551,36.185,133.015,0.849,,,[H]/N=C(/NCCC[C@@H](C(=O)OCc1ccccc1)NC(=O)OCc2ccccc2)\N(C)CCC[C@@H]3[C@H]([C@H]([C@@H](O3)n4cnc5c4ncnc5N)O)O
PRMT4,9i0a,A00,501,1,B,5452,C1,31.507,17.345,127.976,3.623,11.0,C,[H]/N=C(/NCCC[C@@H](C(=O)OCc1ccccc1)NC(=O)OCc2ccccc2)\N(C)CCC[C@@H]3[C@H]([C@H]([C@@H](O3)n4cnc5c4ncnc5N)O)O
PRMT4,9i0a,A00,501,1,B,5456,C24,30.419,13.191,128.124,1.208,15.0,C,[H]/N=C(/NCCC[C@@H](C(=O)OCc1ccccc1)NC(=O)OCc2ccccc2)\N(C)CCC[C@@H]3[C@H]([C@H]([C@@H](O3)n4cnc5c4ncnc5N)O)O
PRMT4,9i0a,A00,501,1,B,5457,C25,31.287,13.715,129.058,2.415,16.0,C,[H]/N=C(/NCCC[C@@H](C(=O)OCc1ccccc1)NC(=O)OCc2ccccc2)\N(C)CCC[C@@H]3[C@H]([C@H]([C@@H](O3)n4cnc5c4ncnc5N)O)O
PRMT4,9i0a,A00,501,1,B,5458,C26,31.643,15.054,129.009,3.623,17.0,C,[H]/N=C(/NCCC[C@@H](C(=O)OCc1ccccc1)NC(=O)OCc2ccccc2)\N(C)CCC[C@@H]3[C@H]([C@H]([C@@H](O3)n4cnc5c4ncnc5N)O)O
PRMT4,9i0a,A00,501,1,B,5462,C12,31.296,24.95,125.003,1.208,24.0,C,[H]/N=C(/NCCC[C@@H](C(=O)OCc1ccccc1)NC(=O)OCc2ccccc2)\N(C)CCC[C@@H]3[C@H]([C@H]([C@@H](O3)n4cnc5c4ncnc5N)O)O
PRMT4,9i0a,A00,501,1,B,5463,C15,31.97,27.121,126.564,4.831,27.0,C,[H]/N=C(/NCCC[C@@H](C(=O)OCc1ccccc1)NC(=O)OCc2ccccc2)\N(C)CCC[C@@H]3[C@H]([C@H]([C@@H](O3)n4cnc5c4ncnc5N)O)O
PRMT4,9i0a,A00,501,1,B,5468,C16,30.805,26.418,126.82,3.623,28.0,C,[H]/N=C(/NCCC[C@@H](C(=O)OCc1ccccc1)NC(=O)OCc2ccccc2)\N(C)CCC[C@@H]3[C@H]([C@H]([C@@H](O3)n4cnc5c4ncnc5N)O)O
PRMT4,9i0a,A00,501,1,B,5474,C13,32.46,25.655,124.75,3.623,25.0,C,[H]/N=C(/NCCC[C@@H](C(=O)OCc1ccccc1)NC(=O)OCc2ccccc2)\N(C)CCC[C@@H]3[C@H]([C@H]([C@@H](O3)n4cnc5c4ncnc5N)O)O
PRMT4,9i0a,A00,501,1,B,5475,C14,32.799,26.74,125.53,4.831,26.0,C,[H]/N=C(/NCCC[C@@H](C(=O)OCc1ccccc1)NC(=O)OCc2ccccc2)\N(C)CCC[C@@H]3[C@H]([C@H]([C@@H](O3)n4cnc5c4ncnc5N)O)O
PRMT4,9i0a,A00,501,1,B,5492,N7,23.483,26.741,118.966,2.187,41.0,N,[H]/N=C(/NCCC[C@@H](C(=O)OCc1ccccc1)NC(=O)OCc2ccccc2)\N(C)CCC[C@@H]3[C@H]([C@H]([C@@H](O3)n4cnc5c4ncnc5N)O)O
PRMT4,9i0a,A00,501,1,B,5497,O2,29.693,22.473,128.027,9.643,20.0,O,[H]/N=C(/NCCC[C@@H](C(=O)OCc1ccccc1)NC(=O)OCc2ccccc2)\N(C)CCC[C@@H]3[C@H]([C@H]([C@@H](O3)n4cnc5c4ncnc5N)O)O
PRMT4,9i0a,A00,501,1,B,5502,H5,32.091,17.704,128.822,10.194,,,[H]/N=C(/NCCC[C@@H](C(=O)OCc1ccccc1)NC(=O)OCc2ccccc2)\N(C)CCC[C@@H]3[C@H]([C@H]([C@@H](O3)n4cnc5c4ncnc5N)O)O
PRMT4,9i0a,A00,501,1,B,5503,H4,31.995,17.677,127.061,1.699,,,[H]/N=C(/NCCC[C@@H](C(=O)OCc1ccccc1)NC(=O)OCc2ccccc2)\N(C)CCC[C@@H]3[C@H]([C@H]([C@@H](O3)n4cnc5c4ncnc5N)O)O
PRMT4,9i0a,A00,501,1,B,5506,H1,30.144,12.138,128.164,11.893,,,[H]/N=C(/NCCC[C@@H](C(=O)OCc1ccccc1)NC(=O)OCc2ccccc2)\N(C)CCC[C@@H]3[C@H]([C@H]([C@@H](O3)n4cnc5c4ncnc5N)O)O
PRMT4,9i0a,A00,501,1,B,5507,H9,31.698,13.078,129.84,11.893,,,[H]/N=C(/NCCC[C@@H](C(=O)OCc1ccccc1)NC(=O)OCc2ccccc2)\N(C)CCC[C@@H]3[C@H]([C@H]([C@@H](O3)n4cnc5c4ncnc5N)O)O
PRMT4,9i0a,A00,501,1,B,5508,H10,32.327,15.465,129.75,5.946,,,[H]/N=C(/NCCC[C@@H](C(=O)OCc1ccccc1)NC(=O)OCc2ccccc2)\N(C)CCC[C@@H]3[C@H]([C@H]([C@@H](O3)n4cnc5c4ncnc5N)O)O
PRMT4,9i0a,A00,501,1,B,5513,H17,32.228,27.978,127.185,4.247,,,[H]/N=C(/NCCC[C@@H](C(=O)OCc1ccccc1)NC(=O)OCc2ccccc2)\N(C)CCC[C@@H]3[C@H]([C@H]([C@@H](O3)n4cnc5c4ncnc5N)O)O
PRMT4,9i0a,A00,501,1,B,5520,H18,30.164,26.737,127.64,0.849,,,[H]/N=C(/NCCC[C@@H](C(=O)OCc1ccccc1)NC(=O)OCc2ccccc2)\N(C)CCC[C@@H]3[C@H]([C@H]([C@@H](O3)n4cnc5c4ncnc5N)O)O
PRMT4,9i0a,A00,501,1,B,5522,H33,24.674,19.262,120.734,2.548,,,[H]/N=C(/NCCC[C@@H](C(=O)OCc1ccccc1)NC(=O)OCc2ccccc2)\N(C)CCC[C@@H]3[C@H]([C@H]([C@@H](O3)n4cnc5c4ncnc5N)O)O
PRMT4,9i0a,A00,501,1,B,5524,H15,33.109,25.348,123.932,0.849,,,[H]/N=C(/NCCC[C@@H](C(=O)OCc1ccccc1)NC(=O)OCc2ccccc2)\N(C)CCC[C@@H]3[C@H]([C@H]([C@@H](O3)n4cnc5c4ncnc5N)O)O
PRMT4,9i0a,A00,501,1,B,5525,H16,33.715,27.294,125.332,3.398,,,[H]/N=C(/NCCC[C@@H](C(=O)OCc1ccccc1)NC(=O)OCc2ccccc2)\N(C)CCC[C@@H]3[C@H]([C@H]([C@@H](O3)n4cnc5c4ncnc5N)O)O
PRMT4,9i0a,A00,501,1,C,5438,C1,30.184,25.999,179.961,1.208,11.0,C,[H]/N=C(/NCCC[C@@H](C(=O)OCc1ccccc1)NC(=O)OCc2ccccc2)\N(C)CCC[C@@H]3[C@H]([C@H]([C@@H](O3)n4cnc5c4ncnc5N)O)O
PRMT4,9i0a,A00,501,1,C,5439,C21,29.383,25.253,178.929,2.415,12.0,C,[H]/N=C(/NCCC[C@@H](C(=O)OCc1ccccc1)NC(=O)OCc2ccccc2)\N(C)CCC[C@@H]3[C@H]([C@H]([C@@H](O3)n4cnc5c4ncnc5N)O)O
PRMT4,9i0a,A00,501,1,C,5440,C22,29.301,25.699,177.614,3.623,13.0,C,[H]/N=C(/NCCC[C@@H](C(=O)OCc1ccccc1)NC(=O)OCc2ccccc2)\N(C)CCC[C@@H]3[C@H]([C@H]([C@@H](O3)n4cnc5c4ncnc5N)O)O
PRMT4,9i0a,A00,501,1,C,5441,C23,28.563,24.997,176.673,1.208,14.0,C,[H]/N=C(/NCCC[C@@H](C(=O)OCc1ccccc1)NC(=O)OCc2ccccc2)\N(C)CCC[C@@H]3[C@H]([C@H]([C@@H](O3)n4cnc5c4ncnc5N)O)O
PRMT4,9i0a,A00,501,1,C,5442,C24,27.904,23.84,177.029,6.038,15.0,C,[H]/N=C(/NCCC[C@@H](C(=O)OCc1ccccc1)NC(=O)OCc2ccccc2)\N(C)CCC[C@@H]3[C@H]([C@H]([C@@H](O3)n4cnc5c4ncnc5N)O)O
PRMT4,9i0a,A00,501,1,C,5443,C25,27.973,23.391,178.33,3.623,16.0,C,[H]/N=C(/NCCC[C@@H](C(=O)OCc1ccccc1)NC(=O)OCc2ccccc2)\N(C)CCC[C@@H]3[C@H]([C@H]([C@@H](O3)n4cnc5c4ncnc5N)O)O
PRMT4,9i0a,A00,501,1,C,5444,C26,28.708,24.089,179.274,3.623,17.0,C,[H]/N=C(/NCCC[C@@H](C(=O)OCc1ccccc1)NC(=O)OCc2ccccc2)\N(C)CCC[C@@H]3[C@H]([C@H]([C@@H](O3)n4cnc5c4ncnc5N)O)O
PRMT4,9i0a,A00,501,1,C,5448,C12,31.853,29.147,187.51,2.415,24.0,C,[H]/N=C(/NCCC[C@@H](C(=O)OCc1ccccc1)NC(=O)OCc2ccccc2)\N(C)CCC[C@@H]3[C@H]([C@H]([C@@H](O3)n4cnc5c4ncnc5N)O)O
PRMT4,9i0a,A00,501,1,C,5449,C15,33.643,30.768,186.179,1.208,27.0,C,[H]/N=C(/NCCC[C@@H](C(=O)OCc1ccccc1)NC(=O)OCc2ccccc2)\N(C)CCC[C@@H]3[C@H]([C@H]([C@@H](O3)n4cnc5c4ncnc5N)O)O
PRMT4,9i0a,A00,501,1,C,5460,C13,33.183,29.176,187.892,8.453,25.0,C,[H]/N=C(/NCCC[C@@H](C(=O)OCc1ccccc1)NC(=O)OCc2ccccc2)\N(C)CCC[C@@H]3[C@H]([C@H]([C@@H](O3)n4cnc5c4ncnc5N)O)O
PRMT4,9i0a,A00,501,1,C,5461,C14,34.079,29.986,187.228,4.831,26.0,C,[H]/N=C(/NCCC[C@@H](C(=O)OCc1ccccc1)NC(=O)OCc2ccccc2)\N(C)CCC[C@@H]3[C@H]([C@H]([C@@H](O3)n4cnc5c4ncnc5N)O)O
PRMT4,9i0a,A00,501,1,C,5483,O2,30.15,27.518,184.483,12.858,20.0,O,[H]/N=C(/NCCC[C@@H](C(=O)OCc1ccccc1)NC(=O)OCc2ccccc2)\N(C)CCC[C@@H]3[C@H]([C@H]([C@@H](O3)n4cnc5c4ncnc5N)O)O
PRMT4,9i0a,A00,501,1,C,5488,H5,31.088,25.496,180.303,16.99,,,[H]/N=C(/NCCC[C@@H](C(=O)OCc1ccccc1)NC(=O)OCc2ccccc2)\N(C)CCC[C@@H]3[C@H]([C@H]([C@@H](O3)n4cnc5c4ncnc5N)O)O
PRMT4,9i0a,A00,501,1,C,5492,H1,27.333,23.284,176.288,11.893,,,[H]/N=C(/NCCC[C@@H](C(=O)OCc1ccccc1)NC(=O)OCc2ccccc2)\N(C)CCC[C@@H]3[C@H]([C@H]([C@@H](O3)n4cnc5c4ncnc5N)O)O
PRMT4,9i0a,A00,501,1,C,5494,H10,28.762,23.728,180.3,1.699,,,[H]/N=C(/NCCC[C@@H](C(=O)OCc1ccccc1)NC(=O)OCc2ccccc2)\N(C)CCC[C@@H]3[C@H]([C@H]([C@@H](O3)n4cnc5c4ncnc5N)O)O
PRMT4,9i0a,A00,501,1,C,5497,H13,29.43,29.086,186.501,0.849,,,[H]/N=C(/NCCC[C@@H](C(=O)OCc1ccccc1)NC(=O)OCc2ccccc2)\N(C)CCC[C@@H]3[C@H]([C@H]([C@@H](O3)n4cnc5c4ncnc5N)O)O
PRMT4,9i0a,A00,501,1,C,5498,H14,31.153,28.506,188.044,4.247,,,[H]/N=C(/NCCC[C@@H](C(=O)OCc1ccccc1)NC(=O)OCc2ccccc2)\N(C)CCC[C@@H]3[C@H]([C@H]([C@@H](O3)n4cnc5c4ncnc5N)O)O
PRMT4,9i0a,A00,501,1,C,5507,H32,24.575,35.853,179.894,2.548,,,[H]/N=C(/NCCC[C@@H](C(=O)OCc1ccccc1)NC(=O)OCc2ccccc2)\N(C)CCC[C@@H]3[C@H]([C@H]([C@@H](O3)n4cnc5c4ncnc5N)O)O
PRMT4,9i0a,A00,501,1,C,5510,H15,33.519,28.556,188.722,11.893,,,[H]/N=C(/NCCC[C@@H](C(=O)OCc1ccccc1)NC(=O)OCc2ccccc2)\N(C)CCC[C@@H]3[C@H]([C@H]([C@@H](O3)n4cnc5c4ncnc5N)O)O
PRMT4,9i0a,A00,501,1,C,5511,H16,35.125,30.009,187.528,4.247,,,[H]/N=C(/NCCC[C@@H](C(=O)OCc1ccccc1)NC(=O)OCc2ccccc2)\N(C)CCC[C@@H]3[C@H]([C@H]([C@@H](O3)n4cnc5c4ncnc5N)O)O
PRMT4,9i0a,A00,501,1,D,5438,C1,44.788,17.014,184.804,3.623,11.0,C,[H]/N=C(/NCCC[C@@H](C(=O)OCc1ccccc1)NC(=O)OCc2ccccc2)\N(C)CCC[C@@H]3[C@H]([C@H]([C@@H](O3)n4cnc5c4ncnc5N)O)O
PRMT4,9i0a,A00,501,1,D,5440,C22,44.435,14.618,184.114,3.623,13.0,C,[H]/N=C(/NCCC[C@@H](C(=O)OCc1ccccc1)NC(=O)OCc2ccccc2)\N(C)CCC[C@@H]3[C@H]([C@H]([C@@H](O3)n4cnc5c4ncnc5N)O)O
PRMT4,9i0a,A00,501,1,D,5441,C23,44.66,13.259,184.269,2.415,14.0,C,[H]/N=C(/NCCC[C@@H](C(=O)OCc1ccccc1)NC(=O)OCc2ccccc2)\N(C)CCC[C@@H]3[C@H]([C@H]([C@@H](O3)n4cnc5c4ncnc5N)O)O
PRMT4,9i0a,A00,501,1,D,5447,C10,47.181,24.009,186.084,1.208,22.0,C,[H]/N=C(/NCCC[C@@H](C(=O)OCc1ccccc1)NC(=O)OCc2ccccc2)\N(C)CCC[C@@H]3[C@H]([C@H]([C@@H](O3)n4cnc5c4ncnc5N)O)O
PRMT4,9i0a,A00,501,1,D,5448,C12,46.453,25.789,187.684,1.208,24.0,C,[H]/N=C(/NCCC[C@@H](C(=O)OCc1ccccc1)NC(=O)OCc2ccccc2)\N(C)CCC[C@@H]3[C@H]([C@H]([C@@H](O3)n4cnc5c4ncnc5N)O)O
PRMT4,9i0a,A00,501,1,D,5449,C15,43.827,24.955,187.573,7.246,27.0,C,[H]/N=C(/NCCC[C@@H](C(=O)OCc1ccccc1)NC(=O)OCc2ccccc2)\N(C)CCC[C@@H]3[C@H]([C@H]([C@@H](O3)n4cnc5c4ncnc5N)O)O
PRMT4,9i0a,A00,501,1,D,5454,C16,44.795,24.299,186.833,7.246,28.0,C,[H]/N=C(/NCCC[C@@H](C(=O)OCc1ccccc1)NC(=O)OCc2ccccc2)\N(C)CCC[C@@H]3[C@H]([C@H]([C@@H](O3)n4cnc5c4ncnc5N)O)O
PRMT4,9i0a,A00,501,1,D,5459,C11,46.121,24.708,186.881,2.415,23.0,C,[H]/N=C(/NCCC[C@@H](C(=O)OCc1ccccc1)NC(=O)OCc2ccccc2)\N(C)CCC[C@@H]3[C@H]([C@H]([C@@H](O3)n4cnc5c4ncnc5N)O)O
PRMT4,9i0a,A00,501,1,D,5461,C14,44.171,26.028,188.368,1.208,26.0,C,[H]/N=C(/NCCC[C@@H](C(=O)OCc1ccccc1)NC(=O)OCc2ccccc2)\N(C)CCC[C@@H]3[C@H]([C@H]([C@@H](O3)n4cnc5c4ncnc5N)O)O
PRMT4,9i0a,A00,501,1,D,5463,C7',52.688,18.489,190.791,1.208,31.0,C,[H]/N=C(/NCCC[C@@H](C(=O)OCc1ccccc1)NC(=O)OCc2ccccc2)\N(C)CCC[C@@H]3[C@H]([C@H]([C@@H](O3)n4cnc5c4ncnc5N)O)O
PRMT4,9i0a,A00,501,1,D,5478,N7,53.548,25.74,194.328,2.187,41.0,N,[H]/N=C(/NCCC[C@@H](C(=O)OCc1ccccc1)NC(=O)OCc2ccccc2)\N(C)CCC[C@@H]3[C@H]([C@H]([C@@H](O3)n4cnc5c4ncnc5N)O)O
PRMT4,9i0a,A00,501,1,D,5483,O2,46.055,21.691,185.17,4.286,20.0,O,[H]/N=C(/NCCC[C@@H](C(=O)OCc1ccccc1)NC(=O)OCc2ccccc2)\N(C)CCC[C@@H]3[C@H]([C@H]([C@@H](O3)n4cnc5c4ncnc5N)O)O
PRMT4,9i0a,A00,501,1,D,5488,H5,44.356,17.309,183.849,11.043,,,[H]/N=C(/NCCC[C@@H](C(=O)OCc1ccccc1)NC(=O)OCc2ccccc2)\N(C)CCC[C@@H]3[C@H]([C@H]([C@@H](O3)n4cnc5c4ncnc5N)O)O
PRMT4,9i0a,A00,501,1,D,5489,H4,44.219,17.496,185.598,5.097,,,[H]/N=C(/NCCC[C@@H](C(=O)OCc1ccccc1)NC(=O)OCc2ccccc2)\N(C)CCC[C@@H]3[C@H]([C@H]([C@@H](O3)n4cnc5c4ncnc5N)O)O
PRMT4,9i0a,A00,501,1,D,5490,H6,43.793,14.962,183.305,15.291,,,[H]/N=C(/NCCC[C@@H](C(=O)OCc1ccccc1)NC(=O)OCc2ccccc2)\N(C)CCC[C@@H]3[C@H]([C@H]([C@@H](O3)n4cnc5c4ncnc5N)O)O
PRMT4,9i0a,A00,501,1,D,5491,H7,44.191,12.555,183.583,18.689,,,[H]/N=C(/NCCC[C@@H](C(=O)OCc1ccccc1)NC(=O)OCc2ccccc2)\N(C)CCC[C@@H]3[C@H]([C@H]([C@@H](O3)n4cnc5c4ncnc5N)O)O
PRMT4,9i0a,A00,501,1,D,5492,H1,45.649,11.731,185.404,10.194,,,[H]/N=C(/NCCC[C@@H](C(=O)OCc1ccccc1)NC(=O)OCc2ccccc2)\N(C)CCC[C@@H]3[C@H]([C@H]([C@@H](O3)n4cnc5c4ncnc5N)O)O
PRMT4,9i0a,A00,501,1,D,5497,H13,46.866,23.871,185.05,7.645,,,[H]/N=C(/NCCC[C@@H](C(=O)OCc1ccccc1)NC(=O)OCc2ccccc2)\N(C)CCC[C@@H]3[C@H]([C@H]([C@@H](O3)n4cnc5c4ncnc5N)O)O
PRMT4,9i0a,A00,501,1,D,5498,H14,47.487,26.126,187.736,0.849,,,[H]/N=C(/NCCC[C@@H](C(=O)OCc1ccccc1)NC(=O)OCc2ccccc2)\N(C)CCC[C@@H]3[C@H]([C@H]([C@@H](O3)n4cnc5c4ncnc5N)O)O
PRMT4,9i0a,A00,501,1,D,5499,H17,42.793,24.619,187.523,12.742,,,[H]/N=C(/NCCC[C@@H](C(=O)OCc1ccccc1)NC(=O)OCc2ccccc2)\N(C)CCC[C@@H]3[C@H]([C@H]([C@@H](O3)n4cnc5c4ncnc5N)O)O
PRMT4,9i0a,A00,501,1,D,5506,H18,44.504,23.454,186.21,6.796,,,[H]/N=C(/NCCC[C@@H](C(=O)OCc1ccccc1)NC(=O)OCc2ccccc2)\N(C)CCC[C@@H]3[C@H]([C@H]([C@@H](O3)n4cnc5c4ncnc5N)O)O
PRMT4,9i0a,A00,501,1,D,5507,H32,53.4,18.736,192.82,3.398,,,[H]/N=C(/NCCC[C@@H](C(=O)OCc1ccccc1)NC(=O)OCc2ccccc2)\N(C)CCC[C@@H]3[C@H]([C@H]([C@@H](O3)n4cnc5c4ncnc5N)O)O
PRMT4,9i0a,A00,501,1,D,5519,H4',52.37,19.629,194.403,1.699,,,[H]/N=C(/NCCC[C@@H](C(=O)OCc1ccccc1)NC(=O)OCc2ccccc2)\N(C)CCC[C@@H]3[C@H]([C@H]([C@@H](O3)n4cnc5c4ncnc5N)O)O
PRMT4,9i0a,A00,501,1,D,5530,HO3',50.271,19.206,195.369,0.849,,,[H]/N=C(/NCCC[C@@H](C(=O)OCc1ccccc1)NC(=O)OCc2ccccc2)\N(C)CCC[C@@H]3[C@H]([C@H]([C@@H](O3)n4cnc5c4ncnc5N)O)O
PRMT4,9i1t,A01,501,1,A,5452,C1,46.897,25.149,133.95,1.208,32.0,C,[H]/N=C(\NCCC[C@@H]1[C@H]([C@H]([C@@H](O1)n2cnc3c2ncnc3N)O)O)/NCCC[C@@H](C(=O)OCc4ccccc4)NC(=O)OCc5ccccc5
PRMT4,9i1t,A01,501,1,A,5453,C21,47.239,23.868,134.651,1.208,33.0,C,[H]/N=C(\NCCC[C@@H]1[C@H]([C@H]([C@@H](O1)n2cnc3c2ncnc3N)O)O)/NCCC[C@@H](C(=O)OCc4ccccc4)NC(=O)OCc5ccccc5
PRMT4,9i1t,A01,501,1,A,5455,C25,48.846,22.188,135.286,2.415,37.0,C,[H]/N=C(\NCCC[C@@H]1[C@H]([C@H]([C@@H](O1)n2cnc3c2ncnc3N)O)O)/NCCC[C@@H](C(=O)OCc4ccccc4)NC(=O)OCc5ccccc5
PRMT4,9i1t,A01,501,1,A,5457,C24,47.879,21.514,136.001,4.831,36.0,C,[H]/N=C(\NCCC[C@@H]1[C@H]([C@H]([C@@H](O1)n2cnc3c2ncnc3N)O)O)/NCCC[C@@H](C(=O)OCc4ccccc4)NC(=O)OCc5ccccc5
PRMT4,9i1t,A01,501,1,A,5458,C23,46.593,22.008,136.041,7.246,35.0,C,[H]/N=C(\NCCC[C@@H]1[C@H]([C@H]([C@@H](O1)n2cnc3c2ncnc3N)O)O)/NCCC[C@@H](C(=O)OCc4ccccc4)NC(=O)OCc5ccccc5
PRMT4,9i1t,A01,501,1,A,5459,C22,46.273,23.177,135.371,7.246,34.0,C,[H]/N=C(\NCCC[C@@H]1[C@H]([C@H]([C@@H](O1)n2cnc3c2ncnc3N)O)O)/NCCC[C@@H](C(=O)OCc4ccccc4)NC(=O)OCc5ccccc5
PRMT4,9i1t,A01,501,1,A,5461,C9,47.655,27.475,128.809,2.415,40.0,C,[H]/N=C(\NCCC[C@@H]1[C@H]([C@H]([C@@H](O1)n2cnc3c2ncnc3N)O)O)/NCCC[C@@H](C(=O)OCc4ccccc4)NC(=O)OCc5ccccc5
PRMT4,9i1t,A01,501,1,A,5462,OXT,47.506,25.169,132.628,5.357,31.0,O,[H]/N=C(\NCCC[C@@H]1[C@H]([C@H]([C@@H](O1)n2cnc3c2ncnc3N)O)O)/NCCC[C@@H](C(=O)OCc4ccccc4)NC(=O)OCc5ccccc5
PRMT4,9i1t,A01,501,1,A,5463,O2,48.101,26.66,128.029,1.071,41.0,O,[H]/N=C(\NCCC[C@@H]1[C@H]([C@H]([C@@H](O1)n2cnc3c2ncnc3N)O)O)/NCCC[C@@H](C(=O)OCc4ccccc4)NC(=O)OCc5ccccc5
PRMT4,9i1t,A01,501,1,A,5464,C10,46.792,28.815,127.035,1.208,43.0,C,[H]/N=C(\NCCC[C@@H]1[C@H]([C@H]([C@@H](O1)n2cnc3c2ncnc3N)O)O)/NCCC[C@@H](C(=O)OCc4ccccc4)NC(=O)OCc5ccccc5
PRMT4,9i1t,A01,501,1,A,5465,C11,45.364,29.215,126.792,1.208,44.0,C,[H]/N=C(\NCCC[C@@H]1[C@H]([C@H]([C@@H](O1)n2cnc3c2ncnc3N)O)O)/NCCC[C@@H](C(=O)OCc4ccccc4)NC(=O)OCc5ccccc5
PRMT4,9i1t,A01,501,1,A,5466,C12,44.328,28.581,127.466,6.038,45.0,C,[H]/N=C(\NCCC[C@@H]1[C@H]([C@H]([C@@H](O1)n2cnc3c2ncnc3N)O)O)/NCCC[C@@H](C(=O)OCc4ccccc4)NC(=O)OCc5ccccc5
PRMT4,9i1t,A01,501,1,A,5468,C13,43.011,28.95,127.244,6.038,46.0,C,[H]/N=C(\NCCC[C@@H]1[C@H]([C@H]([C@@H](O1)n2cnc3c2ncnc3N)O)O)/NCCC[C@@H](C(=O)OCc4ccccc4)NC(=O)OCc5ccccc5
PRMT4,9i1t,A01,501,1,A,5492,N7,50.392,38.687,127.102,1.094,14.0,N,[H]/N=C(\NCCC[C@@H]1[C@H]([C@H]([C@@H](O1)n2cnc3c2ncnc3N)O)O)/NCCC[C@@H](C(=O)OCc4ccccc4)NC(=O)OCc5ccccc5
PRMT4,9i1t,A01,501,1,A,5499,O3',49.334,36.855,133.298,1.071,23.0,O,[H]/N=C(\NCCC[C@@H]1[C@H]([C@H]([C@@H](O1)n2cnc3c2ncnc3N)O)O)/NCCC[C@@H](C(=O)OCc4ccccc4)NC(=O)OCc5ccccc5
PRMT4,9i1t,A01,501,1,A,5500,H4,45.815,25.242,133.864,9.344,,,[H]/N=C(\NCCC[C@@H]1[C@H]([C@H]([C@@H](O1)n2cnc3c2ncnc3N)O)O)/NCCC[C@@H](C(=O)OCc4ccccc4)NC(=O)OCc5ccccc5
PRMT4,9i1t,A01,501,1,A,5503,H7,49.864,21.802,135.249,0.849,,,[H]/N=C(\NCCC[C@@H]1[C@H]([C@H]([C@@H](O1)n2cnc3c2ncnc3N)O)O)/NCCC[C@@H](C(=O)OCc4ccccc4)NC(=O)OCc5ccccc5
PRMT4,9i1t,A01,501,1,A,5504,H1,48.126,20.596,136.532,14.441,,,[H]/N=C(\NCCC[C@@H]1[C@H]([C@H]([C@@H](O1)n2cnc3c2ncnc3N)O)O)/NCCC[C@@H](C(=O)OCc4ccccc4)NC(=O)OCc5ccccc5
PRMT4,9i1t,A01,501,1,A,5505,H9,45.822,21.482,136.601,25.485,,,[H]/N=C(\NCCC[C@@H]1[C@H]([C@H]([C@@H](O1)n2cnc3c2ncnc3N)O)O)/NCCC[C@@H](C(=O)OCc4ccccc4)NC(=O)OCc5ccccc5
PRMT4,9i1t,A01,501,1,A,5506,H10,45.251,23.551,135.414,11.893,,,[H]/N=C(\NCCC[C@@H]1[C@H]([C@H]([C@@H](O1)n2cnc3c2ncnc3N)O)O)/NCCC[C@@H](C(=O)OCc4ccccc4)NC(=O)OCc5ccccc5
PRMT4,9i1t,A01,501,1,A,5507,HA,48.122,25.346,130.383,1.699,,,[H]/N=C(\NCCC[C@@H]1[C@H]([C@H]([C@@H](O1)n2cnc3c2ncnc3N)O)O)/NCCC[C@@H](C(=O)OCc4ccccc4)NC(=O)OCc5ccccc5
PRMT4,9i1t,A01,501,1,A,5509,H12,47.05,27.907,126.492,4.247,,,[H]/N=C(\NCCC[C@@H]1[C@H]([C@H]([C@@H](O1)n2cnc3c2ncnc3N)O)O)/NCCC[C@@H](C(=O)OCc4ccccc4)NC(=O)OCc5ccccc5
PRMT4,9i1t,A01,501,1,A,5510,H14,44.555,27.787,128.175,7.645,,,[H]/N=C(\NCCC[C@@H]1[C@H]([C@H]([C@@H](O1)n2cnc3c2ncnc3N)O)O)/NCCC[C@@H](C(=O)OCc4ccccc4)NC(=O)OCc5ccccc5
PRMT4,9i1t,A01,501,1,A,5512,H15,42.212,28.442,127.781,12.742,,,[H]/N=C(\NCCC[C@@H]1[C@H]([C@H]([C@@H](O1)n2cnc3c2ncnc3N)O)O)/NCCC[C@@H](C(=O)OCc4ccccc4)NC(=O)OCc5ccccc5
PRMT4,9i1t,A01,501,1,A,5524,H30,52.435,34.102,132.362,0.849,,,[H]/N=C(\NCCC[C@@H]1[C@H]([C@H]([C@@H](O1)n2cnc3c2ncnc3N)O)O)/NCCC[C@@H](C(=O)OCc4ccccc4)NC(=O)OCc5ccccc5
PRMT4,9i1t,A01,501,1,A,5528,H4',51.56,36.033,132.519,2.548,,,[H]/N=C(\NCCC[C@@H]1[C@H]([C@H]([C@@H](O1)n2cnc3c2ncnc3N)O)O)/NCCC[C@@H](C(=O)OCc4ccccc4)NC(=O)OCc5ccccc5
PRMT4,9i1t,A01,501,1,B,5466,O,30.538,19.167,126.204,4.286,30.0,O,[H]/N=C(\NCCC[C@@H]1[C@H]([C@H]([C@@H](O1)n2cnc3c2ncnc3N)O)O)/NCCC[C@@H](C(=O)OCc4ccccc4)NC(=O)OCc5ccccc5
PRMT4,9i1t,A01,501,1,B,5467,C24,30.085,12.837,128.652,1.208,36.0,C,[H]/N=C(\NCCC[C@@H]1[C@H]([C@H]([C@@H](O1)n2cnc3c2ncnc3N)O)O)/NCCC[C@@H](C(=O)OCc4ccccc4)NC(=O)OCc5ccccc5
PRMT4,9i1t,A01,501,1,B,5468,C23,30.491,13.633,129.702,4.831,35.0,C,[H]/N=C(\NCCC[C@@H]1[C@H]([C@H]([C@@H](O1)n2cnc3c2ncnc3N)O)O)/NCCC[C@@H](C(=O)OCc4ccccc4)NC(=O)OCc5ccccc5
PRMT4,9i1t,A01,501,1,B,5469,C22,30.345,15.008,129.632,4.831,34.0,C,[H]/N=C(\NCCC[C@@H]1[C@H]([C@H]([C@@H](O1)n2cnc3c2ncnc3N)O)O)/NCCC[C@@H](C(=O)OCc4ccccc4)NC(=O)OCc5ccccc5
PRMT4,9i1t,A01,501,1,B,5471,C9,28.819,22.103,127.432,1.208,40.0,C,[H]/N=C(\NCCC[C@@H]1[C@H]([C@H]([C@@H](O1)n2cnc3c2ncnc3N)O)O)/NCCC[C@@H](C(=O)OCc4ccccc4)NC(=O)OCc5ccccc5
PRMT4,9i1t,A01,501,1,B,5473,O2,29.21,22.201,128.577,3.214,41.0,O,[H]/N=C(\NCCC[C@@H]1[C@H]([C@H]([C@@H](O1)n2cnc3c2ncnc3N)O)O)/NCCC[C@@H](C(=O)OCc4ccccc4)NC(=O)OCc5ccccc5
PRMT4,9i1t,A01,501,1,B,5475,C11,30.008,25.073,126.196,1.208,44.0,C,[H]/N=C(\NCCC[C@@H]1[C@H]([C@H]([C@@H](O1)n2cnc3c2ncnc3N)O)O)/NCCC[C@@H](C(=O)OCc4ccccc4)NC(=O)OCc5ccccc5
PRMT4,9i1t,A01,501,1,B,5478,C13,31.087,25.222,124.046,1.208,46.0,C,[H]/N=C(\NCCC[C@@H]1[C@H]([C@H]([C@@H](O1)n2cnc3c2ncnc3N)O)O)/NCCC[C@@H](C(=O)OCc4ccccc4)NC(=O)OCc5ccccc5
PRMT4,9i1t,A01,501,1,B,5479,C14,31.984,26.142,124.545,2.415,47.0,C,[H]/N=C(\NCCC[C@@H]1[C@H]([C@H]([C@@H](O1)n2cnc3c2ncnc3N)O)O)/NCCC[C@@H](C(=O)OCc4ccccc4)NC(=O)OCc5ccccc5
PRMT4,9i1t,A01,501,1,B,5480,C15,31.893,26.538,125.862,7.246,48.0,C,[H]/N=C(\NCCC[C@@H]1[C@H]([C@H]([C@@H](O1)n2cnc3c2ncnc3N)O)O)/NCCC[C@@H](C(=O)OCc4ccccc4)NC(=O)OCc5ccccc5
PRMT4,9i1t,A01,501,1,B,5481,C16,30.91,26.011,126.683,6.038,49.0,C,[H]/N=C(\NCCC[C@@H]1[C@H]([C@H]([C@@H](O1)n2cnc3c2ncnc3N)O)O)/NCCC[C@@H](C(=O)OCc4ccccc4)NC(=O)OCc5ccccc5
PRMT4,9i1t,A01,501,1,B,5502,N7,23.416,26.97,118.482,3.281,14.0,N,[H]/N=C(\NCCC[C@@H]1[C@H]([C@H]([C@@H](O1)n2cnc3c2ncnc3N)O)O)/NCCC[C@@H](C(=O)OCc4ccccc4)NC(=O)OCc5ccccc5
PRMT4,9i1t,A01,501,1,B,5510,H4,30.54,17.572,128.79,8.495,,,[H]/N=C(\NCCC[C@@H]1[C@H]([C@H]([C@@H](O1)n2cnc3c2ncnc3N)O)O)/NCCC[C@@H](C(=O)OCc4ccccc4)NC(=O)OCc5ccccc5
PRMT4,9i1t,A01,501,1,B,5514,H1,30.204,11.756,128.711,19.538,,,[H]/N=C(\NCCC[C@@H]1[C@H]([C@H]([C@@H](O1)n2cnc3c2ncnc3N)O)O)/NCCC[C@@H](C(=O)OCc4ccccc4)NC(=O)OCc5ccccc5
PRMT4,9i1t,A01,501,1,B,5515,H9,30.929,13.184,130.592,6.796,,,[H]/N=C(\NCCC[C@@H]1[C@H]([C@H]([C@@H](O1)n2cnc3c2ncnc3N)O)O)/NCCC[C@@H](C(=O)OCc4ccccc4)NC(=O)OCc5ccccc5
PRMT4,9i1t,A01,501,1,B,5516,H10,30.672,15.62,130.471,7.645,,,[H]/N=C(\NCCC[C@@H]1[C@H]([C@H]([C@@H](O1)n2cnc3c2ncnc3N)O)O)/NCCC[C@@H](C(=O)OCc4ccccc4)NC(=O)OCc5ccccc5
PRMT4,9i1t,A01,501,1,B,5518,H13,28.063,25.06,127.123,0.849,,,[H]/N=C(\NCCC[C@@H]1[C@H]([C@H]([C@@H](O1)n2cnc3c2ncnc3N)O)O)/NCCC[C@@H](C(=O)OCc4ccccc4)NC(=O)OCc5ccccc5
PRMT4,9i1t,A01,501,1,B,5519,H12,29.33,24.372,128.118,3.398,,,[H]/N=C(\NCCC[C@@H]1[C@H]([C@H]([C@@H](O1)n2cnc3c2ncnc3N)O)O)/NCCC[C@@H](C(=O)OCc4ccccc4)NC(=O)OCc5ccccc5
PRMT4,9i1t,A01,501,1,B,5524,H17,32.594,27.268,126.264,5.946,,,[H]/N=C(\NCCC[C@@H]1[C@H]([C@H]([C@@H](O1)n2cnc3c2ncnc3N)O)O)/NCCC[C@@H](C(=O)OCc4ccccc4)NC(=O)OCc5ccccc5
PRMT4,9i1t,A01,501,1,B,5525,H18,30.851,26.341,127.719,5.097,,,[H]/N=C(\NCCC[C@@H]1[C@H]([C@H]([C@@H](O1)n2cnc3c2ncnc3N)O)O)/NCCC[C@@H](C(=O)OCc4ccccc4)NC(=O)OCc5ccccc5
PRMT4,9i1t,A01,501,1,B,5538,H4',23.839,20.872,119.254,2.548,,,[H]/N=C(\NCCC[C@@H]1[C@H]([C@H]([C@@H](O1)n2cnc3c2ncnc3N)O)O)/NCCC[C@@H](C(=O)OCc4ccccc4)NC(=O)OCc5ccccc5
PRMT4,9i1t,A01,501,1,C,5452,C1,28.485,24.484,179.729,1.208,32.0,C,[H]/N=C(\NCCC[C@@H]1[C@H]([C@H]([C@@H](O1)n2cnc3c2ncnc3N)O)O)/NCCC[C@@H](C(=O)OCc4ccccc4)NC(=O)OCc5ccccc5
PRMT4,9i1t,A01,501,1,C,5453,C21,28.192,24.638,178.267,1.208,33.0,C,[H]/N=C(\NCCC[C@@H]1[C@H]([C@H]([C@@H](O1)n2cnc3c2ncnc3N)O)O)/NCCC[C@@H](C(=O)OCc4ccccc4)NC(=O)OCc5ccccc5
PRMT4,9i1t,A01,501,1,C,5454,C26,28.122,23.522,177.443,7.246,38.0,C,[H]/N=C(\NCCC[C@@H]1[C@H]([C@H]([C@@H](O1)n2cnc3c2ncnc3N)O)O)/NCCC[C@@H](C(=O)OCc4ccccc4)NC(=O)OCc5ccccc5
PRMT4,9i1t,A01,501,1,C,5455,C25,27.797,23.652,176.103,6.038,37.0,C,[H]/N=C(\NCCC[C@@H]1[C@H]([C@H]([C@@H](O1)n2cnc3c2ncnc3N)O)O)/NCCC[C@@H](C(=O)OCc4ccccc4)NC(=O)OCc5ccccc5
PRMT4,9i1t,A01,501,1,C,5463,O2,29.415,26.416,183.191,4.286,41.0,O,[H]/N=C(\NCCC[C@@H]1[C@H]([C@H]([C@@H](O1)n2cnc3c2ncnc3N)O)O)/NCCC[C@@H](C(=O)OCc4ccccc4)NC(=O)OCc5ccccc5
PRMT4,9i1t,A01,501,1,C,5464,C10,30.833,28.136,184.633,1.208,43.0,C,[H]/N=C(\NCCC[C@@H]1[C@H]([C@H]([C@@H](O1)n2cnc3c2ncnc3N)O)O)/NCCC[C@@H](C(=O)OCc4ccccc4)NC(=O)OCc5ccccc5
PRMT4,9i1t,A01,501,1,C,5465,C11,31.417,29.257,185.443,1.208,44.0,C,[H]/N=C(\NCCC[C@@H]1[C@H]([C@H]([C@@H](O1)n2cnc3c2ncnc3N)O)O)/NCCC[C@@H](C(=O)OCc4ccccc4)NC(=O)OCc5ccccc5
PRMT4,9i1t,A01,501,1,C,5470,C15,32.57,30.014,187.419,3.623,48.0,C,[H]/N=C(\NCCC[C@@H]1[C@H]([C@H]([C@@H](O1)n2cnc3c2ncnc3N)O)O)/NCCC[C@@H](C(=O)OCc4ccccc4)NC(=O)OCc5ccccc5
PRMT4,9i1t,A01,501,1,C,5471,C16,31.949,29.005,186.701,6.038,49.0,C,[H]/N=C(\NCCC[C@@H]1[C@H]([C@H]([C@@H](O1)n2cnc3c2ncnc3N)O)O)/NCCC[C@@H](C(=O)OCc4ccccc4)NC(=O)OCc5ccccc5
PRMT4,9i1t,A01,501,1,C,5492,N7,27.0,39.647,185.818,2.187,14.0,N,[H]/N=C(\NCCC[C@@H]1[C@H]([C@H]([C@@H](O1)n2cnc3c2ncnc3N)O)O)/NCCC[C@@H](C(=O)OCc4ccccc4)NC(=O)OCc5ccccc5
PRMT4,9i1t,A01,501,1,C,5500,H4,29.501,24.82,179.933,15.291,,,[H]/N=C(\NCCC[C@@H]1[C@H]([C@H]([C@@H](O1)n2cnc3c2ncnc3N)O)O)/NCCC[C@@H](C(=O)OCc4ccccc4)NC(=O)OCc5ccccc5
PRMT4,9i1t,A01,501,1,C,5501,H5,28.429,23.432,180.003,0.849,,,[H]/N=C(\NCCC[C@@H]1[C@H]([C@H]([C@@H](O1)n2cnc3c2ncnc3N)O)O)/NCCC[C@@H](C(=O)OCc4ccccc4)NC(=O)OCc5ccccc5
PRMT4,9i1t,A01,501,1,C,5502,H6,28.323,22.532,177.851,5.097,,,[H]/N=C(\NCCC[C@@H]1[C@H]([C@H]([C@@H](O1)n2cnc3c2ncnc3N)O)O)/NCCC[C@@H](C(=O)OCc4ccccc4)NC(=O)OCc5ccccc5
PRMT4,9i1t,A01,501,1,C,5503,H7,27.747,22.766,175.471,22.936,,,[H]/N=C(\NCCC[C@@H]1[C@H]([C@H]([C@@H](O1)n2cnc3c2ncnc3N)O)O)/NCCC[C@@H](C(=O)OCc4ccccc4)NC(=O)OCc5ccccc5
PRMT4,9i1t,A01,501,1,C,5504,H1,27.276,24.999,174.517,7.645,,,[H]/N=C(\NCCC[C@@H]1[C@H]([C@H]([C@@H](O1)n2cnc3c2ncnc3N)O)O)/NCCC[C@@H](C(=O)OCc4ccccc4)NC(=O)OCc5ccccc5
PRMT4,9i1t,A01,501,1,C,5508,H13,30.659,27.26,185.256,5.946,,,[H]/N=C(\NCCC[C@@H]1[C@H]([C@H]([C@@H](O1)n2cnc3c2ncnc3N)O)O)/NCCC[C@@H](C(=O)OCc4ccccc4)NC(=O)OCc5ccccc5
PRMT4,9i1t,A01,501,1,C,5509,H12,31.517,27.835,183.842,4.247,,,[H]/N=C(\NCCC[C@@H]1[C@H]([C@H]([C@@H](O1)n2cnc3c2ncnc3N)O)O)/NCCC[C@@H](C(=O)OCc4ccccc4)NC(=O)OCc5ccccc5
PRMT4,9i1t,A01,501,1,C,5514,H17,32.985,29.795,188.402,1.699,,,[H]/N=C(\NCCC[C@@H]1[C@H]([C@H]([C@@H](O1)n2cnc3c2ncnc3N)O)O)/NCCC[C@@H](C(=O)OCc4ccccc4)NC(=O)OCc5ccccc5
PRMT4,9i1t,A01,501,1,C,5515,H18,31.883,28.009,187.135,15.291,,,[H]/N=C(\NCCC[C@@H]1[C@H]([C@H]([C@@H](O1)n2cnc3c2ncnc3N)O)O)/NCCC[C@@H](C(=O)OCc4ccccc4)NC(=O)OCc5ccccc5
PRMT4,9i1t,A01,501,1,C,5528,H4',26.182,36.692,180.445,1.699,,,[H]/N=C(\NCCC[C@@H]1[C@H]([C@H]([C@@H](O1)n2cnc3c2ncnc3N)O)O)/NCCC[C@@H](C(=O)OCc4ccccc4)NC(=O)OCc5ccccc5
PRMT4,9i1t,A01,501,1,D,5463,C21,45.656,15.157,184.554,1.208,33.0,C,[H]/N=C(\NCCC[C@@H]1[C@H]([C@H]([C@@H](O1)n2cnc3c2ncnc3N)O)O)/NCCC[C@@H](C(=O)OCc4ccccc4)NC(=O)OCc5ccccc5
PRMT4,9i1t,A01,501,1,D,5464,C26,44.828,14.515,183.643,6.038,38.0,C,[H]/N=C(\NCCC[C@@H]1[C@H]([C@H]([C@@H](O1)n2cnc3c2ncnc3N)O)O)/NCCC[C@@H](C(=O)OCc4ccccc4)NC(=O)OCc5ccccc5
PRMT4,9i1t,A01,501,1,D,5465,C25,44.49,13.183,183.812,3.623,37.0,C,[H]/N=C(\NCCC[C@@H]1[C@H]([C@H]([C@@H](O1)n2cnc3c2ncnc3N)O)O)/NCCC[C@@H](C(=O)OCc4ccccc4)NC(=O)OCc5ccccc5
PRMT4,9i1t,A01,501,1,D,5467,C24,44.97,12.477,184.894,1.208,36.0,C,[H]/N=C(\NCCC[C@@H]1[C@H]([C@H]([C@@H](O1)n2cnc3c2ncnc3N)O)O)/NCCC[C@@H](C(=O)OCc4ccccc4)NC(=O)OCc5ccccc5
PRMT4,9i1t,A01,501,1,D,5472,OXT,45.903,17.438,185.441,5.357,31.0,O,[H]/N=C(\NCCC[C@@H]1[C@H]([C@H]([C@@H](O1)n2cnc3c2ncnc3N)O)O)/NCCC[C@@H](C(=O)OCc4ccccc4)NC(=O)OCc5ccccc5
PRMT4,9i1t,A01,501,1,D,5473,O2,46.804,21.248,184.298,3.214,41.0,O,[H]/N=C(\NCCC[C@@H]1[C@H]([C@H]([C@@H](O1)n2cnc3c2ncnc3N)O)O)/NCCC[C@@H](C(=O)OCc4ccccc4)NC(=O)OCc5ccccc5
PRMT4,9i1t,A01,501,1,D,5474,C10,46.576,23.538,185.624,2.415,43.0,C,[H]/N=C(\NCCC[C@@H]1[C@H]([C@H]([C@@H](O1)n2cnc3c2ncnc3N)O)O)/NCCC[C@@H](C(=O)OCc4ccccc4)NC(=O)OCc5ccccc5
PRMT4,9i1t,A01,501,1,D,5475,C11,46.126,24.55,186.636,1.208,44.0,C,[H]/N=C(\NCCC[C@@H]1[C@H]([C@H]([C@@H](O1)n2cnc3c2ncnc3N)O)O)/NCCC[C@@H](C(=O)OCc4ccccc4)NC(=O)OCc5ccccc5
PRMT4,9i1t,A01,501,1,D,5480,C15,44.449,25.394,188.147,3.623,48.0,C,[H]/N=C(\NCCC[C@@H]1[C@H]([C@H]([C@@H](O1)n2cnc3c2ncnc3N)O)O)/NCCC[C@@H](C(=O)OCc4ccccc4)NC(=O)OCc5ccccc5
PRMT4,9i1t,A01,501,1,D,5481,C16,44.891,24.427,187.26,4.831,49.0,C,[H]/N=C(\NCCC[C@@H]1[C@H]([C@H]([C@@H](O1)n2cnc3c2ncnc3N)O)O)/NCCC[C@@H](C(=O)OCc4ccccc4)NC(=O)OCc5ccccc5
PRMT4,9i1t,A01,501,1,D,5502,N7,53.481,25.887,194.472,1.094,14.0,N,[H]/N=C(\NCCC[C@@H]1[C@H]([C@H]([C@@H](O1)n2cnc3c2ncnc3N)O)O)/NCCC[C@@H](C(=O)OCc4ccccc4)NC(=O)OCc5ccccc5
PRMT4,9i1t,A01,501,1,D,5511,H5,45.572,16.955,183.438,3.398,,,[H]/N=C(\NCCC[C@@H]1[C@H]([C@H]([C@@H](O1)n2cnc3c2ncnc3N)O)O)/NCCC[C@@H](C(=O)OCc4ccccc4)NC(=O)OCc5ccccc5
PRMT4,9i1t,A01,501,1,D,5512,H6,44.437,15.061,182.786,11.893,,,[H]/N=C(\NCCC[C@@H]1[C@H]([C@H]([C@@H](O1)n2cnc3c2ncnc3N)O)O)/NCCC[C@@H](C(=O)OCc4ccccc4)NC(=O)OCc5ccccc5
PRMT4,9i1t,A01,501,1,D,5513,H7,43.843,12.694,183.086,16.14,,,[H]/N=C(\NCCC[C@@H]1[C@H]([C@H]([C@@H](O1)n2cnc3c2ncnc3N)O)O)/NCCC[C@@H](C(=O)OCc4ccccc4)NC(=O)OCc5ccccc5
PRMT4,9i1t,A01,501,1,D,5514,H1,44.712,11.427,185.026,14.441,,,[H]/N=C(\NCCC[C@@H]1[C@H]([C@H]([C@@H](O1)n2cnc3c2ncnc3N)O)O)/NCCC[C@@H](C(=O)OCc4ccccc4)NC(=O)OCc5ccccc5
PRMT4,9i1t,A01,501,1,D,5518,H13,45.759,23.267,184.957,10.194,,,[H]/N=C(\NCCC[C@@H]1[C@H]([C@H]([C@@H](O1)n2cnc3c2ncnc3N)O)O)/NCCC[C@@H](C(=O)OCc4ccccc4)NC(=O)OCc5ccccc5
PRMT4,9i1t,A01,501,1,D,5519,H12,47.376,23.939,185.004,2.548,,,[H]/N=C(\NCCC[C@@H]1[C@H]([C@H]([C@@H](O1)n2cnc3c2ncnc3N)O)O)/NCCC[C@@H](C(=O)OCc4ccccc4)NC(=O)OCc5ccccc5
PRMT4,9i1t,A01,501,1,D,5524,H17,43.476,25.28,188.624,5.946,,,[H]/N=C(\NCCC[C@@H]1[C@H]([C@H]([C@@H](O1)n2cnc3c2ncnc3N)O)O)/NCCC[C@@H](C(=O)OCc4ccccc4)NC(=O)OCc5ccccc5
PRMT4,9i1t,A01,501,1,D,5525,H18,44.258,23.565,187.056,8.495,,,[H]/N=C(\NCCC[C@@H]1[C@H]([C@H]([C@@H](O1)n2cnc3c2ncnc3N)O)O)/NCCC[C@@H](C(=O)OCc4ccccc4)NC(=O)OCc5ccccc5
PRMT4,9i1t,A01,501,1,D,5538,H4',52.716,19.79,193.956,1.699,,,[H]/N=C(\NCCC[C@@H]1[C@H]([C@H]([C@@H](O1)n2cnc3c2ncnc3N)O)O)/NCCC[C@@H](C(=O)OCc4ccccc4)NC(=O)OCc5ccccc5
PRMT4,9i9u,A02,501,1,A,5730,C11,45.792,28.016,127.959,2.415,,,
PRMT4,9i9u,A02,501,1,A,5731,C13,44.089,29.782,127.588,2.415,,,
PRMT4,9i9u,A02,501,1,A,5745,C12,44.344,28.495,127.772,3.623,,,
PRMT4,9i9u,A02,501,1,A,5760,C5,46.071,21.007,129.086,7.246,,,
PRMT4,9i9u,A02,501,1,A,5761,C6,46.481,21.241,130.553,4.831,,,
PRMT4,9i9u,A02,501,1,A,5769,N5,50.391,38.205,127.238,1.094,,,
PRMT4,9i9u,A02,501,1,A,5774,O2,47.64,25.559,131.172,9.643,,,
PRMT4,9i9u,A02,501,1,A,5775,O3,46.227,26.233,129.576,5.357,,,
PRMT4,9i9u,A02,501,1,A,5780,H13,45.287,25.911,127.774,17.839,,,
PRMT4,9i9u,A02,501,1,A,5794,H14,43.534,27.782,127.791,16.14,,,
PRMT4,9i9u,A02,501,1,A,5804,H33,51.702,34.657,133.939,1.699,,,
PRMT4,9i9u,A02,501,1,A,5812,H8,45.095,20.584,128.853,15.291,,,
PRMT4,9i9u,A02,501,1,A,5813,H9,45.795,20.993,131.354,16.14,,,
PRMT4,9i9u,A02,501,1,A,5814,H10,47.984,21.914,131.866,8.495,,,
PRMT4,9i9u,A02,501,1,B,5475,C10,30.957,21.651,127.015,1.208,,,
PRMT4,9i9u,A02,501,1,B,5476,C11,30.307,23.024,126.675,1.208,,,
PRMT4,9i9u,A02,501,1,B,5477,C13,29.917,25.374,127.337,6.038,,,
PRMT4,9i9u,A02,501,1,B,5478,C14,29.138,25.534,126.042,3.623,,,
PRMT4,9i9u,A02,501,1,B,5491,C12,30.466,24.205,127.637,6.038,,,
PRMT4,9i9u,A02,501,1,B,5492,C15,29.009,24.513,125.212,1.208,,,
PRMT4,9i9u,A02,501,1,B,5506,C5,32.219,21.424,132.786,2.415,,,
PRMT4,9i9u,A02,501,1,B,5507,C6,32.904,20.222,132.136,4.831,,,
PRMT4,9i9u,A02,501,1,B,5508,C7,32.186,19.183,131.712,2.415,,,
PRMT4,9i9u,A02,501,1,B,5515,N5,23.321,26.541,118.809,2.187,,,
PRMT4,9i9u,A02,501,1,B,5519,O1,29.232,18.339,130.174,4.286,,,
PRMT4,9i9u,A02,501,1,B,5521,O3,30.685,21.31,128.355,3.214,,,
PRMT4,9i9u,A02,501,1,B,5525,H12,32.028,21.715,126.871,11.893,,,
PRMT4,9i9u,A02,501,1,B,5527,H15,30.023,26.211,128.012,2.548,,,
PRMT4,9i9u,A02,501,1,B,5528,H16,28.686,26.489,125.798,0.849,,,
PRMT4,9i9u,A02,501,1,B,5537,H11,28.667,19.727,127.222,0.849,,,
PRMT4,9i9u,A02,501,1,B,5538,H4,30.471,17.135,131.267,6.796,,,
PRMT4,9i9u,A02,501,1,B,5540,H14,31.021,24.087,128.555,11.893,,,
PRMT4,9i9u,A02,501,1,B,5550,H33,23.915,18.93,119.743,3.398,,,
PRMT4,9i9u,A02,501,1,B,5558,H8,32.813,22.267,133.137,8.495,,,
PRMT4,9i9u,A02,501,1,B,5559,H9,33.981,20.214,132.02,19.538,,,
PRMT4,9i9u,A02,501,1,B,5560,H10,32.675,18.333,131.251,14.441,,,
PRMT4,9i9u,A02,501,1,C,5706,C11,31.012,29.217,184.952,1.208,,,
PRMT4,9i9u,A02,501,1,C,5721,C12,30.035,29.948,185.862,1.208,,,
PRMT4,9i9u,A02,501,1,C,5722,C15,32.81,30.627,185.899,1.208,,,
PRMT4,9i9u,A02,501,1,C,5723,C16,32.301,29.526,184.972,4.831,,,
PRMT4,9i9u,A02,501,1,C,5733,C3,28.631,22.28,182.239,1.208,,,
PRMT4,9i9u,A02,501,1,C,5735,C4,29.999,21.64,182.517,7.246,,,
PRMT4,9i9u,A02,501,1,C,5736,C5,30.403,21.444,183.764,7.246,,,
PRMT4,9i9u,A02,501,1,C,5737,C6,29.498,21.857,184.93,4.831,,,
PRMT4,9i9u,A02,501,1,C,5751,O3,29.745,27.176,184.793,8.572,,,
PRMT4,9i9u,A02,501,1,C,5755,H12,31.341,27.581,183.559,7.645,,,
PRMT4,9i9u,A02,501,1,C,5757,H15,29.792,31.427,187.313,0.849,,,
PRMT4,9i9u,A02,501,1,C,5759,H19,26.863,26.818,180.535,1.699,,,
PRMT4,9i9u,A02,501,1,C,5767,H11,28.677,26.449,182.442,4.247,,,
PRMT4,9i9u,A02,501,1,C,5772,H18,32.993,28.996,184.332,5.097,,,
PRMT4,9i9u,A02,501,1,C,5778,H30,23.964,34.679,179.324,0.849,,,
PRMT4,9i9u,A02,501,1,C,5785,H6,28.302,22.436,181.218,6.796,,,
PRMT4,9i9u,A02,501,1,C,5787,H7,30.637,21.347,181.688,16.14,,,
PRMT4,9i9u,A02,501,1,C,5788,H8,31.374,20.991,183.959,14.441,,,
PRMT4,9i9u,A02,501,1,C,5789,H9,29.821,21.694,185.951,0.849,,,
PRMT4,9i9u,A02,501,1,D,5462,C11,45.787,23.134,185.506,2.415,,,
PRMT4,9i9u,A02,501,1,D,5463,C13,45.266,24.442,187.544,6.038,,,
PRMT4,9i9u,A02,501,1,D,5464,C14,46.156,25.545,186.989,3.623,,,
PRMT4,9i9u,A02,501,1,D,5477,C12,45.099,23.323,186.857,4.831,,,
PRMT4,9i9u,A02,501,1,D,5478,C15,46.757,25.384,185.822,7.246,,,
PRMT4,9i9u,A02,501,1,D,5479,C16,46.561,24.095,185.028,3.623,,,
PRMT4,9i9u,A02,501,1,D,5492,C5,44.632,21.046,179.959,2.415,,,
PRMT4,9i9u,A02,501,1,D,5493,C6,43.784,19.917,180.547,3.623,,,
PRMT4,9i9u,A02,501,1,D,5494,C7,44.371,18.832,181.044,1.208,,,
PRMT4,9i9u,A02,501,1,D,5505,O1,47.093,17.779,182.875,6.429,,,
PRMT4,9i9u,A02,501,1,D,5507,O3,46.13,20.726,185.446,3.214,,,
PRMT4,9i9u,A02,501,1,D,5512,H13,44.533,21.652,184.534,15.291,,,
PRMT4,9i9u,A02,501,1,D,5513,H15,44.772,24.572,188.496,0.849,,,
PRMT4,9i9u,A02,501,1,D,5514,H16,46.297,26.463,187.55,7.645,,,
PRMT4,9i9u,A02,501,1,D,5515,H19,49.173,16.839,185.493,0.849,,,
PRMT4,9i9u,A02,501,1,D,5523,H11,47.504,18.361,185.712,6.796,,,
PRMT4,9i9u,A02,501,1,D,5525,H5,45.893,16.644,181.673,4.247,,,
PRMT4,9i9u,A02,501,1,D,5526,H14,44.472,22.54,187.253,0.849,,,
PRMT4,9i9u,A02,501,1,D,5527,H17,47.388,26.167,185.43,8.495,,,
PRMT4,9i9u,A02,501,1,D,5533,H31,53.135,17.5,191.538,1.699,,,
PRMT4,9i9u,A02,501,1,D,5536,H33,51.413,18.039,193.119,1.699,,,
PRMT4,9i9u,A02,501,1,D,5544,H8,44.149,21.935,179.555,4.247,,,
PRMT4,9i9u,A02,501,1,D,5545,H9,42.705,20.001,180.558,16.14,,,
PRMT4,9i9u,A02,501,1,D,5546,H10,43.769,18.033,181.462,14.441,,,
PRMT4,9o37,A03,501,1,A,2713,C36,-1.35,31.209,-21.772,2.415,,,
PRMT4,9o37,A03,501,1,A,2714,C37,-2.336,30.874,-20.835,6.038,,,
PRMT4,9o37,A03,501,1,A,2715,C38,-2.441,29.591,-20.346,2.415,,,
PRMT4,9o37,A03,501,1,A,2716,C39,-3.542,29.214,-19.308,2.415,,,
PRMT4,9o37,A03,501,1,A,2717,C40,-3.742,27.85,-19.014,19.322,,,
PRMT4,9o37,A03,501,1,A,2718,C41,-4.748,27.516,-18.074,19.322,,,
PRMT4,9o37,A03,501,1,A,2719,C42,-5.492,28.538,-17.49,3.623,,,
PRMT4,9o37,A03,501,1,A,2720,C44,-5.293,29.897,-17.786,4.831,,,
PRMT4,9o37,A03,501,1,A,2721,C45,-4.289,30.232,-18.722,3.623,,,
PRMT4,9o37,A03,501,1,A,2722,C46,-1.594,28.547,-20.752,8.453,,,
PRMT4,9o37,A03,501,1,A,2725,N01,7.987,17.31,-25.306,2.187,,,
PRMT4,9o37,A03,501,1,A,2728,N08,5.458,19.293,-25.332,1.094,,,
PRMT4,9o37,A03,501,1,A,2731,N18,5.003,27.909,-27.842,1.094,,,
PRMT4,9o37,A03,501,1,A,2738,CL43,-6.788,28.16,-16.289,16.21,,,
PRMT4,9o6h,A04,501,1,A,2691,C20,-24.238,18.002,-20.611,1.208,,,
PRMT4,9o6h,A04,501,1,A,2695,C26,-29.147,22.709,-22.369,14.492,,,
PRMT4,9o6h,A04,501,1,A,2704,C18,-22.856,20.015,-19.948,1.208,,,
PRMT4,9o6h,A04,501,1,A,2705,C23,-27.02,19.47,-23.03,1.208,,,
PRMT4,9o6h,A04,501,1,A,2707,C27,-30.334,22.429,-23.03,2.415,,,
PRMT4,9o6h,A04,501,1,A,2708,C29,-30.503,21.224,-23.698,12.076,,,
PRMT4,9o6h,A04,501,1,A,2709,C30,-29.444,20.283,-23.696,12.076,,,
PRMT4,9o6h,A04,501,1,A,2710,C31,-26.681,18.722,-24.174,4.831,,,
PRMT4,9o6h,A04,501,1,A,2711,C32,-25.624,17.795,-24.197,1.208,,,
PRMT4,9o6h,A04,501,1,A,2712,C33,-24.844,17.572,-23.059,6.038,,,
PRMT4,9o6h,A04,501,1,A,2715,N01,-19.872,27.703,-11.706,4.374,,,
PRMT4,9o6h,A04,501,1,A,2718,N08,-21.492,25.551,-13.45,3.281,,,
PRMT4,9o6h,A04,501,1,A,2724,S15,-23.625,18.931,-15.86,5.147,,,
PRMT4,9o6h,A04,501,1,A,2725,CL28,-31.649,23.628,-23.018,48.305,,,
PRMT4,9o6h,A04,501,1,B,2706,C20,-49.118,18.843,-82.223,2.415,,,
PRMT4,9o6h,A04,501,1,B,2707,C21,-48.234,19.169,-80.991,1.208,,,
PRMT4,9o6h,A04,501,1,B,2708,C22,-47.118,20.063,-81.036,2.415,,,
PRMT4,9o6h,A04,501,1,B,2710,C26,-44.075,23.593,-80.439,10.869,,,
PRMT4,9o6h,A04,501,1,B,2719,C18,-50.01,21.121,-82.696,1.208,,,
PRMT4,9o6h,A04,501,1,B,2720,C23,-46.285,20.385,-79.92,2.415,,,
PRMT4,9o6h,A04,501,1,B,2722,C27,-42.839,23.187,-79.955,1.208,,,
PRMT4,9o6h,A04,501,1,B,2723,C29,-42.664,21.903,-79.456,10.869,,,
PRMT4,9o6h,A04,501,1,B,2724,C30,-43.769,21.018,-79.45,9.661,,,
PRMT4,9o6h,A04,501,1,B,2725,C31,-46.667,19.732,-78.736,2.415,,,
PRMT4,9o6h,A04,501,1,B,2726,C32,-47.753,18.852,-78.644,1.208,,,
PRMT4,9o6h,A04,501,1,B,2727,C33,-48.532,18.578,-79.764,4.831,,,
PRMT4,9o6h,A04,501,1,B,2730,N01,-52.294,29.526,-91.219,4.374,,,
PRMT4,9o6h,A04,501,1,B,2733,N08,-50.591,27.392,-89.51,5.468,,,
PRMT4,9o6h,A04,501,1,B,2737,O35,-48.041,21.397,-90.888,1.071,,,
PRMT4,9o6h,A04,501,1,B,2739,S15,-50.17,20.668,-86.935,7.721,,,
PRMT4,9o6h,A04,501,1,B,2740,CL28,-41.466,24.322,-79.975,59.851,,,
PRMT4,9o6h,A04,501,1,C,2696,C17,-49.685,33.678,-26.321,1.208,,,
PRMT4,9o6h,A04,501,1,C,2697,C20,-49.693,30.673,-27.662,1.208,,,
PRMT4,9o6h,A04,501,1,C,2698,C21,-49.302,29.305,-27.054,2.415,,,
PRMT4,9o6h,A04,501,1,C,2699,C22,-48.056,29.065,-26.405,2.415,,,
PRMT4,9o6h,A04,501,1,C,2701,C26,-44.661,27.996,-23.314,14.492,,,
PRMT4,9o6h,A04,501,1,C,2711,C23,-47.657,27.819,-25.836,1.208,,,
PRMT4,9o6h,A04,501,1,C,2712,C25,-45.881,28.233,-23.976,1.208,,,
PRMT4,9o6h,A04,501,1,C,2714,C29,-44.148,26.294,-24.946,12.076,,,
PRMT4,9o6h,A04,501,1,C,2715,C30,-45.38,26.563,-25.576,10.869,,,
PRMT4,9o6h,A04,501,1,C,2716,C31,-48.618,26.802,-25.971,2.415,,,
PRMT4,9o6h,A04,501,1,C,2717,C32,-49.855,26.995,-26.603,1.208,,,
PRMT4,9o6h,A04,501,1,C,2718,C33,-50.191,28.236,-27.139,6.038,,,
PRMT4,9o6h,A04,501,1,C,2721,N01,-47.735,42.791,-20.838,5.468,,,
PRMT4,9o6h,A04,501,1,C,2724,N08,-47.205,40.086,-22.474,5.468,,,
PRMT4,9o6h,A04,501,1,C,2730,S15,-49.09,35.531,-28.377,5.147,,,
PRMT4,9o6h,A04,501,1,C,2731,CL28,-42.258,26.701,-23.0,53.617,,,
PRMT4,9o6h,A04,501,1,D,2697,C20,-22.499,28.956,-75.46,1.208,,,
PRMT4,9o6h,A04,501,1,D,2698,C21,-23.23,27.775,-76.148,2.415,,,
PRMT4,9o6h,A04,501,1,D,2699,C22,-24.549,27.86,-76.701,2.415,,,
PRMT4,9o6h,A04,501,1,D,2700,C24,-26.671,26.828,-77.955,1.208,,,
PRMT4,9o6h,A04,501,1,D,2701,C26,-28.38,27.886,-79.444,12.076,,,
PRMT4,9o6h,A04,501,1,D,2711,C23,-25.246,26.783,-77.336,1.208,,,
PRMT4,9o6h,A04,501,1,D,2713,C27,-29.303,26.897,-79.13,1.208,,,
PRMT4,9o6h,A04,501,1,D,2714,C29,-28.97,25.871,-78.257,10.869,,,
PRMT4,9o6h,A04,501,1,D,2715,C30,-27.674,25.852,-77.694,12.076,,,
PRMT4,9o6h,A04,501,1,D,2716,C31,-24.507,25.594,-77.378,3.623,,,
PRMT4,9o6h,A04,501,1,D,2717,C32,-23.215,25.468,-76.849,1.208,,,
PRMT4,9o6h,A04,501,1,D,2718,C33,-22.583,26.548,-76.241,3.623,,,
PRMT4,9o6h,A04,501,1,D,2721,N01,-23.924,41.37,-82.189,7.655,,,
PRMT4,9o6h,A04,501,1,D,2724,N08,-24.222,38.578,-80.609,4.374,,,
PRMT4,9o6h,A04,501,1,D,2730,S15,-22.822,34.106,-74.803,5.147,,,
PRMT4,9o6h,A04,501,1,D,2731,CL28,-30.936,26.942,-79.853,54.864,,,
