pdb_id,requested_pdb_id,target,source,query,download_url,status,intended_path,actual_path,exists,size_bytes,error,downloaded_at
1b41,1B41,Acetylcholinesterase,rcsb,"Acetylcholinesterase 6-[4-[(7-chloranyl-1,2,3,4-tetrahydroacridin-9-yl)amino]butyl]-2-[(oxidanylamino)methyl]pyridin-3-ol E2W 2-acetamido-2-deoxy-beta-D-glucopyranose NAG bound inhibitor Tetronarce californica",https://files.rcsb.org/download/1B41.cif,verified,WAR/Acetylcholinesterase/1b41.cif,WAR/Acetylcholinesterase/1b41.cif,true,564220,,2026-06-05T09:52:42Z
1c7j,1C7J,Acetylcholinesterase,rcsb,"Acetylcholinesterase 6-[4-[(7-chloranyl-1,2,3,4-tetrahydroacridin-9-yl)amino]butyl]-2-[(oxidanylamino)methyl]pyridin-3-ol E2W 2-acetamido-2-deoxy-beta-D-glucopyranose NAG bound inhibitor Tetronarce californica",https://files.rcsb.org/download/1C7J.cif,verified,WAR/Acetylcholinesterase/1c7j.cif,WAR/Acetylcholinesterase/1c7j.cif,true,446520,,2026-06-05T09:52:42Z
1akn,1AKN,Acetylcholinesterase,rcsb,"Acetylcholinesterase 6-[4-[(7-chloranyl-1,2,3,4-tetrahydroacridin-9-yl)amino]butyl]-2-[(oxidanylamino)methyl]pyridin-3-ol E2W 2-acetamido-2-deoxy-beta-D-glucopyranose NAG bound inhibitor Tetronarce californica",https://files.rcsb.org/download/1AKN.cif,verified,WAR/Acetylcholinesterase/1akn.cif,WAR/Acetylcholinesterase/1akn.cif,true,460077,,2026-06-05T09:52:42Z
1acj,1ACJ,Acetylcholinesterase,rcsb,"Acetylcholinesterase 6-[4-[(7-chloranyl-1,2,3,4-tetrahydroacridin-9-yl)amino]butyl]-2-[(oxidanylamino)methyl]pyridin-3-ol E2W 2-acetamido-2-deoxy-beta-D-glucopyranose NAG bound inhibitor Tetronarce californica",https://files.rcsb.org/download/1ACJ.cif,verified,WAR/Acetylcholinesterase/1acj.cif,WAR/Acetylcholinesterase/1acj.cif,true,458058,,2026-06-05T09:52:42Z
1ax9,1AX9,Acetylcholinesterase,rcsb,"Acetylcholinesterase 6-[4-[(7-chloranyl-1,2,3,4-tetrahydroacridin-9-yl)amino]butyl]-2-[(oxidanylamino)methyl]pyridin-3-ol E2W 2-acetamido-2-deoxy-beta-D-glucopyranose NAG bound inhibitor Tetronarce californica",https://files.rcsb.org/download/1AX9.cif,verified,WAR/Acetylcholinesterase/1ax9.cif,WAR/Acetylcholinesterase/1ax9.cif,true,464810,,2026-06-05T09:52:42Z
1e66,1E66,Acetylcholinesterase,rcsb,"Acetylcholinesterase 6-[4-[(7-chloranyl-1,2,3,4-tetrahydroacridin-9-yl)amino]butyl]-2-[(oxidanylamino)methyl]pyridin-3-ol E2W 2-acetamido-2-deoxy-beta-D-glucopyranose NAG bound inhibitor Tetronarce californica",https://files.rcsb.org/download/1E66.cif,verified,WAR/Acetylcholinesterase/1e66.cif,WAR/Acetylcholinesterase/1e66.cif,true,555126,,2026-06-05T09:52:42Z
1ea5,1EA5,Acetylcholinesterase,rcsb,"Acetylcholinesterase 6-[4-[(7-chloranyl-1,2,3,4-tetrahydroacridin-9-yl)amino]butyl]-2-[(oxidanylamino)methyl]pyridin-3-ol E2W 2-acetamido-2-deoxy-beta-D-glucopyranose NAG bound inhibitor Tetronarce californica",https://files.rcsb.org/download/1EA5.cif,verified,WAR/Acetylcholinesterase/1ea5.cif,WAR/Acetylcholinesterase/1ea5.cif,true,581615,,2026-06-05T09:52:42Z
1c2b,1C2B,Acetylcholinesterase,rcsb,"Acetylcholinesterase 6-[4-[(7-chloranyl-1,2,3,4-tetrahydroacridin-9-yl)amino]butyl]-2-[(oxidanylamino)methyl]pyridin-3-ol E2W 2-acetamido-2-deoxy-beta-D-glucopyranose NAG bound inhibitor Tetronarce californica",https://files.rcsb.org/download/1C2B.cif,verified,WAR/Acetylcholinesterase/1c2b.cif,WAR/Acetylcholinesterase/1c2b.cif,true,440528,,2026-06-05T09:52:42Z
1acl,1ACL,Acetylcholinesterase,rcsb,"Acetylcholinesterase 6-[4-[(7-chloranyl-1,2,3,4-tetrahydroacridin-9-yl)amino]butyl]-2-[(oxidanylamino)methyl]pyridin-3-ol E2W 2-acetamido-2-deoxy-beta-D-glucopyranose NAG bound inhibitor Tetronarce californica",https://files.rcsb.org/download/1ACL.cif,verified,WAR/Acetylcholinesterase/1acl.cif,WAR/Acetylcholinesterase/1acl.cif,true,457968,,2026-06-05T09:52:42Z
1eve,1EVE,Acetylcholinesterase,rcsb,"Acetylcholinesterase 6-[4-[(7-chloranyl-1,2,3,4-tetrahydroacridin-9-yl)amino]butyl]-2-[(oxidanylamino)methyl]pyridin-3-ol E2W 2-acetamido-2-deoxy-beta-D-glucopyranose NAG bound inhibitor Tetronarce californica",https://files.rcsb.org/download/1EVE.cif,verified,WAR/Acetylcholinesterase/1eve.cif,WAR/Acetylcholinesterase/1eve.cif,true,530862,,2026-06-05T09:52:42Z
1c7i,1C7I,Acetylcholinesterase,rcsb,"Acetylcholinesterase 6-[4-[(7-chloranyl-1,2,3,4-tetrahydroacridin-9-yl)amino]butyl]-2-[(oxidanylamino)methyl]pyridin-3-ol E2W 2-acetamido-2-deoxy-beta-D-glucopyranose NAG bound inhibitor Tetronarce californica",https://files.rcsb.org/download/1C7I.cif,verified,WAR/Acetylcholinesterase/1c7i.cif,WAR/Acetylcholinesterase/1c7i.cif,true,444720,,2026-06-05T09:52:42Z
1f8u,1F8U,Acetylcholinesterase,rcsb,"Acetylcholinesterase 6-[4-[(7-chloranyl-1,2,3,4-tetrahydroacridin-9-yl)amino]butyl]-2-[(oxidanylamino)methyl]pyridin-3-ol E2W 2-acetamido-2-deoxy-beta-D-glucopyranose NAG bound inhibitor Tetronarce californica",https://files.rcsb.org/download/1F8U.cif,verified,WAR/Acetylcholinesterase/1f8u.cif,WAR/Acetylcholinesterase/1f8u.cif,true,539171,,2026-06-05T09:52:42Z
1c2o,1C2O,Acetylcholinesterase,rcsb,"Acetylcholinesterase 6-[4-[(7-chloranyl-1,2,3,4-tetrahydroacridin-9-yl)amino]butyl]-2-[(oxidanylamino)methyl]pyridin-3-ol E2W 2-acetamido-2-deoxy-beta-D-glucopyranose NAG bound inhibitor Tetronarce californica",https://files.rcsb.org/download/1C2O.cif,verified,WAR/Acetylcholinesterase/1c2o.cif,WAR/Acetylcholinesterase/1c2o.cif,true,1648160,,2026-06-05T09:52:42Z
1cfj,1CFJ,Acetylcholinesterase,rcsb,"Acetylcholinesterase 6-[4-[(7-chloranyl-1,2,3,4-tetrahydroacridin-9-yl)amino]butyl]-2-[(oxidanylamino)methyl]pyridin-3-ol E2W 2-acetamido-2-deoxy-beta-D-glucopyranose NAG bound inhibitor Tetronarce californica",https://files.rcsb.org/download/1CFJ.cif,verified,WAR/Acetylcholinesterase/1cfj.cif,WAR/Acetylcholinesterase/1cfj.cif,true,496414,,2026-06-05T09:52:42Z
1gpk,1GPK,Acetylcholinesterase,rcsb,"Acetylcholinesterase 6-[4-[(7-chloranyl-1,2,3,4-tetrahydroacridin-9-yl)amino]butyl]-2-[(oxidanylamino)methyl]pyridin-3-ol E2W 2-acetamido-2-deoxy-beta-D-glucopyranose NAG bound inhibitor Tetronarce californica",https://files.rcsb.org/download/1GPK.cif,verified,WAR/Acetylcholinesterase/1gpk.cif,WAR/Acetylcholinesterase/1gpk.cif,true,548998,,2026-06-05T09:52:42Z
1gpn,1GPN,Acetylcholinesterase,rcsb,"Acetylcholinesterase 6-[4-[(7-chloranyl-1,2,3,4-tetrahydroacridin-9-yl)amino]butyl]-2-[(oxidanylamino)methyl]pyridin-3-ol E2W 2-acetamido-2-deoxy-beta-D-glucopyranose NAG bound inhibitor Tetronarce californica",https://files.rcsb.org/download/1GPN.cif,verified,WAR/Acetylcholinesterase/1gpn.cif,WAR/Acetylcholinesterase/1gpn.cif,true,510620,,2026-06-05T09:52:42Z
1gqr,1GQR,Acetylcholinesterase,rcsb,"Acetylcholinesterase 6-[4-[(7-chloranyl-1,2,3,4-tetrahydroacridin-9-yl)amino]butyl]-2-[(oxidanylamino)methyl]pyridin-3-ol E2W 2-acetamido-2-deoxy-beta-D-glucopyranose NAG bound inhibitor Tetronarce californica",https://files.rcsb.org/download/1GQR.cif,verified,WAR/Acetylcholinesterase/1gqr.cif,WAR/Acetylcholinesterase/1gqr.cif,true,522544,,2026-06-05T09:52:42Z
1gqs,1GQS,Acetylcholinesterase,rcsb,"Acetylcholinesterase 6-[4-[(7-chloranyl-1,2,3,4-tetrahydroacridin-9-yl)amino]butyl]-2-[(oxidanylamino)methyl]pyridin-3-ol E2W 2-acetamido-2-deoxy-beta-D-glucopyranose NAG bound inhibitor Tetronarce californica",https://files.rcsb.org/download/1GQS.cif,verified,WAR/Acetylcholinesterase/1gqs.cif,WAR/Acetylcholinesterase/1gqs.cif,true,487077,,2026-06-05T09:52:42Z
1h22,1H22,Acetylcholinesterase,rcsb,"Acetylcholinesterase 6-[4-[(7-chloranyl-1,2,3,4-tetrahydroacridin-9-yl)amino]butyl]-2-[(oxidanylamino)methyl]pyridin-3-ol E2W 2-acetamido-2-deoxy-beta-D-glucopyranose NAG bound inhibitor Tetronarce californica",https://files.rcsb.org/download/1H22.cif,verified,WAR/Acetylcholinesterase/1h22.cif,WAR/Acetylcholinesterase/1h22.cif,true,507132,,2026-06-05T09:52:42Z
1h23,1H23,Acetylcholinesterase,rcsb,"Acetylcholinesterase 6-[4-[(7-chloranyl-1,2,3,4-tetrahydroacridin-9-yl)amino]butyl]-2-[(oxidanylamino)methyl]pyridin-3-ol E2W 2-acetamido-2-deoxy-beta-D-glucopyranose NAG bound inhibitor Tetronarce californica",https://files.rcsb.org/download/1H23.cif,verified,WAR/Acetylcholinesterase/1h23.cif,WAR/Acetylcholinesterase/1h23.cif,true,514267,,2026-06-05T09:52:42Z
1hbj,1HBJ,Acetylcholinesterase,rcsb,"Acetylcholinesterase 6-[4-[(7-chloranyl-1,2,3,4-tetrahydroacridin-9-yl)amino]butyl]-2-[(oxidanylamino)methyl]pyridin-3-ol E2W 2-acetamido-2-deoxy-beta-D-glucopyranose NAG bound inhibitor Tetronarce californica",https://files.rcsb.org/download/1HBJ.cif,verified,WAR/Acetylcholinesterase/1hbj.cif,WAR/Acetylcholinesterase/1hbj.cif,true,506903,,2026-06-05T09:52:42Z
1aql,1AQL,Acetylcholinesterase,rcsb,"Acetylcholinesterase 6-[4-[(7-chloranyl-1,2,3,4-tetrahydroacridin-9-yl)amino]butyl]-2-[(oxidanylamino)methyl]pyridin-3-ol E2W 2-acetamido-2-deoxy-beta-D-glucopyranose NAG bound inhibitor Tetronarce californica",https://files.rcsb.org/download/1AQL.cif,verified,WAR/Acetylcholinesterase/1aql.cif,WAR/Acetylcholinesterase/1aql.cif,true,854766,,2026-06-05T09:52:42Z
1fas,1FAS,Acetylcholinesterase,rcsb,"Acetylcholinesterase 6-[4-[(7-chloranyl-1,2,3,4-tetrahydroacridin-9-yl)amino]butyl]-2-[(oxidanylamino)methyl]pyridin-3-ol E2W 2-acetamido-2-deoxy-beta-D-glucopyranose NAG bound inhibitor Tetronarce californica",https://files.rcsb.org/download/1FAS.cif,verified,WAR/Acetylcholinesterase/1fas.cif,WAR/Acetylcholinesterase/1fas.cif,true,102742,,2026-06-05T09:52:42Z
1fsc,1FSC,Acetylcholinesterase,rcsb,"Acetylcholinesterase 6-[4-[(7-chloranyl-1,2,3,4-tetrahydroacridin-9-yl)amino]butyl]-2-[(oxidanylamino)methyl]pyridin-3-ol E2W 2-acetamido-2-deoxy-beta-D-glucopyranose NAG bound inhibitor Tetronarce californica",https://files.rcsb.org/download/1FSC.cif,verified,WAR/Acetylcholinesterase/1fsc.cif,WAR/Acetylcholinesterase/1fsc.cif,true,99361,,2026-06-05T09:52:42Z
1esd,1ESD,Acetylcholinesterase,rcsb,"Acetylcholinesterase 6-[4-[(7-chloranyl-1,2,3,4-tetrahydroacridin-9-yl)amino]butyl]-2-[(oxidanylamino)methyl]pyridin-3-ol E2W 2-acetamido-2-deoxy-beta-D-glucopyranose NAG bound inhibitor Tetronarce californica",https://files.rcsb.org/download/1ESD.cif,verified,WAR/Acetylcholinesterase/1esd.cif,WAR/Acetylcholinesterase/1esd.cif,true,300920,,2026-06-05T09:52:42Z
1eea,1EEA,Acetylcholinesterase,rcsb,"Acetylcholinesterase 6-[4-[(7-chloranyl-1,2,3,4-tetrahydroacridin-9-yl)amino]butyl]-2-[(oxidanylamino)methyl]pyridin-3-ol E2W 2-acetamido-2-deoxy-beta-D-glucopyranose NAG bound inhibitor Tetronarce californica",https://files.rcsb.org/download/1EEA.cif,verified,WAR/Acetylcholinesterase/1eea.cif,WAR/Acetylcholinesterase/1eea.cif,true,446454,,2026-06-05T09:52:42Z
1dx6,1DX6,Acetylcholinesterase,rcsb,"Acetylcholinesterase 6-[4-[(7-chloranyl-1,2,3,4-tetrahydroacridin-9-yl)amino]butyl]-2-[(oxidanylamino)methyl]pyridin-3-ol E2W 2-acetamido-2-deoxy-beta-D-glucopyranose NAG bound inhibitor Tetronarce californica",https://files.rcsb.org/download/1DX6.cif,verified,WAR/Acetylcholinesterase/1dx6.cif,WAR/Acetylcholinesterase/1dx6.cif,true,504849,,2026-06-05T09:52:42Z
1ku6,1KU6,Acetylcholinesterase,rcsb,"Acetylcholinesterase 6-[4-[(7-chloranyl-1,2,3,4-tetrahydroacridin-9-yl)amino]butyl]-2-[(oxidanylamino)methyl]pyridin-3-ol E2W 2-acetamido-2-deoxy-beta-D-glucopyranose NAG bound inhibitor Tetronarce californica",https://files.rcsb.org/download/1KU6.cif,verified,WAR/Acetylcholinesterase/1ku6.cif,WAR/Acetylcholinesterase/1ku6.cif,true,537021,,2026-06-05T09:52:42Z
1f6w,1F6W,Acetylcholinesterase,rcsb,"Acetylcholinesterase 6-[4-[(7-chloranyl-1,2,3,4-tetrahydroacridin-9-yl)amino]butyl]-2-[(oxidanylamino)methyl]pyridin-3-ol E2W 2-acetamido-2-deoxy-beta-D-glucopyranose NAG bound inhibitor Tetronarce californica",https://files.rcsb.org/download/1F6W.cif,verified,WAR/Acetylcholinesterase/1f6w.cif,WAR/Acetylcholinesterase/1f6w.cif,true,474770,,2026-06-05T09:52:42Z
1mah,1MAH,Acetylcholinesterase,rcsb,"Acetylcholinesterase 6-[4-[(7-chloranyl-1,2,3,4-tetrahydroacridin-9-yl)amino]butyl]-2-[(oxidanylamino)methyl]pyridin-3-ol E2W 2-acetamido-2-deoxy-beta-D-glucopyranose NAG bound inhibitor Tetronarce californica",https://files.rcsb.org/download/1MAH.cif,verified,WAR/Acetylcholinesterase/1mah.cif,WAR/Acetylcholinesterase/1mah.cif,true,508006,,2026-06-05T09:52:42Z
1maa,1MAA,Acetylcholinesterase,rcsb,"Acetylcholinesterase 6-[4-[(7-chloranyl-1,2,3,4-tetrahydroacridin-9-yl)amino]butyl]-2-[(oxidanylamino)methyl]pyridin-3-ol E2W 2-acetamido-2-deoxy-beta-D-glucopyranose NAG bound inhibitor Tetronarce californica",https://files.rcsb.org/download/1MAA.cif,verified,WAR/Acetylcholinesterase/1maa.cif,WAR/Acetylcholinesterase/1maa.cif,true,1737517,,2026-06-05T09:52:42Z
1e3q,1E3Q,Acetylcholinesterase,rcsb,"Acetylcholinesterase 6-[4-[(7-chloranyl-1,2,3,4-tetrahydroacridin-9-yl)amino]butyl]-2-[(oxidanylamino)methyl]pyridin-3-ol E2W 2-acetamido-2-deoxy-beta-D-glucopyranose NAG bound inhibitor Tetronarce californica",https://files.rcsb.org/download/1E3Q.cif,verified,WAR/Acetylcholinesterase/1e3q.cif,WAR/Acetylcholinesterase/1e3q.cif,true,491443,,2026-06-05T09:52:42Z
1fss,1FSS,Acetylcholinesterase,rcsb,"Acetylcholinesterase 6-[4-[(7-chloranyl-1,2,3,4-tetrahydroacridin-9-yl)amino]butyl]-2-[(oxidanylamino)methyl]pyridin-3-ol E2W 2-acetamido-2-deoxy-beta-D-glucopyranose NAG bound inhibitor Tetronarce californica",https://files.rcsb.org/download/1FSS.cif,verified,WAR/Acetylcholinesterase/1fss.cif,WAR/Acetylcholinesterase/1fss.cif,true,528385,,2026-06-05T09:52:42Z
1n5m,1N5M,Acetylcholinesterase,rcsb,"Acetylcholinesterase 6-[4-[(7-chloranyl-1,2,3,4-tetrahydroacridin-9-yl)amino]butyl]-2-[(oxidanylamino)methyl]pyridin-3-ol E2W 2-acetamido-2-deoxy-beta-D-glucopyranose NAG bound inhibitor Tetronarce californica",https://files.rcsb.org/download/1N5M.cif,verified,WAR/Acetylcholinesterase/1n5m.cif,WAR/Acetylcholinesterase/1n5m.cif,true,959369,,2026-06-05T09:52:42Z
1j06,1J06,Acetylcholinesterase,rcsb,"Acetylcholinesterase 6-[4-[(7-chloranyl-1,2,3,4-tetrahydroacridin-9-yl)amino]butyl]-2-[(oxidanylamino)methyl]pyridin-3-ol E2W 2-acetamido-2-deoxy-beta-D-glucopyranose NAG bound inhibitor Tetronarce californica",https://files.rcsb.org/download/1J06.cif,verified,WAR/Acetylcholinesterase/1j06.cif,WAR/Acetylcholinesterase/1j06.cif,true,927254,,2026-06-05T09:52:42Z
1aba,1ABA,Acetylcholinesterase,rcsb,"Acetylcholinesterase 6-[4-[(7-chloranyl-1,2,3,4-tetrahydroacridin-9-yl)amino]butyl]-2-[(oxidanylamino)methyl]pyridin-3-ol E2W 2-acetamido-2-deoxy-beta-D-glucopyranose NAG bound inhibitor Tetronarce californica",https://files.rcsb.org/download/1ABA.cif,verified,WAR/Acetylcholinesterase/1aba.cif,WAR/Acetylcholinesterase/1aba.cif,true,137770,,2026-06-05T09:52:42Z
1odc,1ODC,Acetylcholinesterase,rcsb,"Acetylcholinesterase 6-[4-[(7-chloranyl-1,2,3,4-tetrahydroacridin-9-yl)amino]butyl]-2-[(oxidanylamino)methyl]pyridin-3-ol E2W 2-acetamido-2-deoxy-beta-D-glucopyranose NAG bound inhibitor Tetronarce californica",https://files.rcsb.org/download/1ODC.cif,verified,WAR/Acetylcholinesterase/1odc.cif,WAR/Acetylcholinesterase/1odc.cif,true,504434,,2026-06-05T09:52:43Z
1k4y,1K4Y,Acetylcholinesterase,rcsb,"Acetylcholinesterase 6-[4-[(7-chloranyl-1,2,3,4-tetrahydroacridin-9-yl)amino]butyl]-2-[(oxidanylamino)methyl]pyridin-3-ol E2W 2-acetamido-2-deoxy-beta-D-glucopyranose NAG bound inhibitor Tetronarce californica",https://files.rcsb.org/download/1K4Y.cif,verified,WAR/Acetylcholinesterase/1k4y.cif,WAR/Acetylcholinesterase/1k4y.cif,true,509587,,2026-06-05T09:52:42Z
1j07,1J07,Acetylcholinesterase,rcsb,"Acetylcholinesterase 6-[4-[(7-chloranyl-1,2,3,4-tetrahydroacridin-9-yl)amino]butyl]-2-[(oxidanylamino)methyl]pyridin-3-ol E2W 2-acetamido-2-deoxy-beta-D-glucopyranose NAG bound inhibitor Tetronarce californica",https://files.rcsb.org/download/1J07.cif,verified,WAR/Acetylcholinesterase/1j07.cif,WAR/Acetylcholinesterase/1j07.cif,true,955437,,2026-06-05T09:52:42Z
1jmy,1JMY,Acetylcholinesterase,rcsb,"Acetylcholinesterase 6-[4-[(7-chloranyl-1,2,3,4-tetrahydroacridin-9-yl)amino]butyl]-2-[(oxidanylamino)methyl]pyridin-3-ol E2W 2-acetamido-2-deoxy-beta-D-glucopyranose NAG bound inhibitor Tetronarce californica",https://files.rcsb.org/download/1JMY.cif,verified,WAR/Acetylcholinesterase/1jmy.cif,WAR/Acetylcholinesterase/1jmy.cif,true,444301,,2026-06-05T09:52:42Z
1q83,1Q83,Acetylcholinesterase,rcsb,"Acetylcholinesterase 6-[4-[(7-chloranyl-1,2,3,4-tetrahydroacridin-9-yl)amino]butyl]-2-[(oxidanylamino)methyl]pyridin-3-ol E2W 2-acetamido-2-deoxy-beta-D-glucopyranose NAG bound inhibitor Tetronarce californica",https://files.rcsb.org/download/1Q83.cif,verified,WAR/Acetylcholinesterase/1q83.cif,WAR/Acetylcholinesterase/1q83.cif,true,947060,,2026-06-05T09:52:43Z
1q84,1Q84,Acetylcholinesterase,rcsb,"Acetylcholinesterase 6-[4-[(7-chloranyl-1,2,3,4-tetrahydroacridin-9-yl)amino]butyl]-2-[(oxidanylamino)methyl]pyridin-3-ol E2W 2-acetamido-2-deoxy-beta-D-glucopyranose NAG bound inhibitor Tetronarce californica",https://files.rcsb.org/download/1Q84.cif,verified,WAR/Acetylcholinesterase/1q84.cif,WAR/Acetylcholinesterase/1q84.cif,true,944589,,2026-06-05T09:52:43Z
1n5r,1N5R,Acetylcholinesterase,rcsb,"Acetylcholinesterase 6-[4-[(7-chloranyl-1,2,3,4-tetrahydroacridin-9-yl)amino]butyl]-2-[(oxidanylamino)methyl]pyridin-3-ol E2W 2-acetamido-2-deoxy-beta-D-glucopyranose NAG bound inhibitor Tetronarce californica",https://files.rcsb.org/download/1N5R.cif,verified,WAR/Acetylcholinesterase/1n5r.cif,WAR/Acetylcholinesterase/1n5r.cif,true,943270,,2026-06-05T09:52:42Z
1oce,1OCE,Acetylcholinesterase,rcsb,"Acetylcholinesterase 6-[4-[(7-chloranyl-1,2,3,4-tetrahydroacridin-9-yl)amino]butyl]-2-[(oxidanylamino)methyl]pyridin-3-ol E2W 2-acetamido-2-deoxy-beta-D-glucopyranose NAG bound inhibitor Tetronarce californica",https://files.rcsb.org/download/1OCE.cif,verified,WAR/Acetylcholinesterase/1oce.cif,WAR/Acetylcholinesterase/1oce.cif,true,479749,,2026-06-05T09:52:42Z
1p0m,1P0M,Acetylcholinesterase,rcsb,"Acetylcholinesterase 6-[4-[(7-chloranyl-1,2,3,4-tetrahydroacridin-9-yl)amino]butyl]-2-[(oxidanylamino)methyl]pyridin-3-ol E2W 2-acetamido-2-deoxy-beta-D-glucopyranose NAG bound inhibitor Tetronarce californica",https://files.rcsb.org/download/1P0M.cif,verified,WAR/Acetylcholinesterase/1p0m.cif,WAR/Acetylcholinesterase/1p0m.cif,true,529244,,2026-06-05T09:52:43Z
1p0i,1P0I,Acetylcholinesterase,rcsb,"Acetylcholinesterase 6-[4-[(7-chloranyl-1,2,3,4-tetrahydroacridin-9-yl)amino]butyl]-2-[(oxidanylamino)methyl]pyridin-3-ol E2W 2-acetamido-2-deoxy-beta-D-glucopyranose NAG bound inhibitor Tetronarce californica",https://files.rcsb.org/download/1P0I.cif,verified,WAR/Acetylcholinesterase/1p0i.cif,WAR/Acetylcholinesterase/1p0i.cif,true,559423,,2026-06-05T09:52:43Z
1mx1,1MX1,Acetylcholinesterase,rcsb,"Acetylcholinesterase 6-[4-[(7-chloranyl-1,2,3,4-tetrahydroacridin-9-yl)amino]butyl]-2-[(oxidanylamino)methyl]pyridin-3-ol E2W 2-acetamido-2-deoxy-beta-D-glucopyranose NAG bound inhibitor Tetronarce californica",https://files.rcsb.org/download/1MX1.cif,verified,WAR/Acetylcholinesterase/1mx1.cif,WAR/Acetylcholinesterase/1mx1.cif,true,2827760,,2026-06-05T09:52:42Z
1mx5,1MX5,Acetylcholinesterase,rcsb,"Acetylcholinesterase 6-[4-[(7-chloranyl-1,2,3,4-tetrahydroacridin-9-yl)amino]butyl]-2-[(oxidanylamino)methyl]pyridin-3-ol E2W 2-acetamido-2-deoxy-beta-D-glucopyranose NAG bound inhibitor Tetronarce californica",https://files.rcsb.org/download/1MX5.cif,verified,WAR/Acetylcholinesterase/1mx5.cif,WAR/Acetylcholinesterase/1mx5.cif,true,2814215,,2026-06-05T09:52:42Z
1jjb,1JJB,Acetylcholinesterase,rcsb,"Acetylcholinesterase 6-[4-[(7-chloranyl-1,2,3,4-tetrahydroacridin-9-yl)amino]butyl]-2-[(oxidanylamino)methyl]pyridin-3-ol E2W 2-acetamido-2-deoxy-beta-D-glucopyranose NAG bound inhibitor Tetronarce californica",https://files.rcsb.org/download/1JJB.cif,verified,WAR/Acetylcholinesterase/1jjb.cif,WAR/Acetylcholinesterase/1jjb.cif,true,543097,,2026-06-05T09:52:42Z
1p0p,1P0P,Acetylcholinesterase,rcsb,"Acetylcholinesterase 6-[4-[(7-chloranyl-1,2,3,4-tetrahydroacridin-9-yl)amino]butyl]-2-[(oxidanylamino)methyl]pyridin-3-ol E2W 2-acetamido-2-deoxy-beta-D-glucopyranose NAG bound inhibitor Tetronarce californica",https://files.rcsb.org/download/1P0P.cif,verified,WAR/Acetylcholinesterase/1p0p.cif,WAR/Acetylcholinesterase/1p0p.cif,true,541495,,2026-06-05T09:52:43Z
1qid,1QID,Acetylcholinesterase,rcsb,"Acetylcholinesterase 6-[4-[(7-chloranyl-1,2,3,4-tetrahydroacridin-9-yl)amino]butyl]-2-[(oxidanylamino)methyl]pyridin-3-ol E2W 2-acetamido-2-deoxy-beta-D-glucopyranose NAG bound inhibitor Tetronarce californica",https://files.rcsb.org/download/1QID.cif,verified,WAR/Acetylcholinesterase/1qid.cif,WAR/Acetylcholinesterase/1qid.cif,true,493596,,2026-06-05T09:52:43Z
1mx9,1MX9,Acetylcholinesterase,rcsb,"Acetylcholinesterase 6-[4-[(7-chloranyl-1,2,3,4-tetrahydroacridin-9-yl)amino]butyl]-2-[(oxidanylamino)methyl]pyridin-3-ol E2W 2-acetamido-2-deoxy-beta-D-glucopyranose NAG bound inhibitor Tetronarce californica",https://files.rcsb.org/download/1MX9.cif,verified,WAR/Acetylcholinesterase/1mx9.cif,WAR/Acetylcholinesterase/1mx9.cif,true,5161314,,2026-06-05T09:52:42Z
1p0q,1P0Q,Acetylcholinesterase,rcsb,"Acetylcholinesterase 6-[4-[(7-chloranyl-1,2,3,4-tetrahydroacridin-9-yl)amino]butyl]-2-[(oxidanylamino)methyl]pyridin-3-ol E2W 2-acetamido-2-deoxy-beta-D-glucopyranose NAG bound inhibitor Tetronarce californica",https://files.rcsb.org/download/1P0Q.cif,verified,WAR/Acetylcholinesterase/1p0q.cif,WAR/Acetylcholinesterase/1p0q.cif,true,523739,,2026-06-05T09:52:43Z
1qif,1QIF,Acetylcholinesterase,rcsb,"Acetylcholinesterase 6-[4-[(7-chloranyl-1,2,3,4-tetrahydroacridin-9-yl)amino]butyl]-2-[(oxidanylamino)methyl]pyridin-3-ol E2W 2-acetamido-2-deoxy-beta-D-glucopyranose NAG bound inhibitor Tetronarce californica",https://files.rcsb.org/download/1QIF.cif,verified,WAR/Acetylcholinesterase/1qif.cif,WAR/Acetylcholinesterase/1qif.cif,true,495868,,2026-06-05T09:52:43Z
1qig,1QIG,Acetylcholinesterase,rcsb,"Acetylcholinesterase 6-[4-[(7-chloranyl-1,2,3,4-tetrahydroacridin-9-yl)amino]butyl]-2-[(oxidanylamino)methyl]pyridin-3-ol E2W 2-acetamido-2-deoxy-beta-D-glucopyranose NAG bound inhibitor Tetronarce californica",https://files.rcsb.org/download/1QIG.cif,verified,WAR/Acetylcholinesterase/1qig.cif,WAR/Acetylcholinesterase/1qig.cif,true,498449,,2026-06-05T09:52:43Z
1u65,1U65,Acetylcholinesterase,rcsb,"Acetylcholinesterase 6-[4-[(7-chloranyl-1,2,3,4-tetrahydroacridin-9-yl)amino]butyl]-2-[(oxidanylamino)methyl]pyridin-3-ol E2W 2-acetamido-2-deoxy-beta-D-glucopyranose NAG bound inhibitor Tetronarce californica",https://files.rcsb.org/download/1U65.cif,verified,WAR/Acetylcholinesterase/1u65.cif,WAR/Acetylcholinesterase/1u65.cif,true,532586,,2026-06-05T09:52:43Z
1ut6,1UT6,Acetylcholinesterase,rcsb,"Acetylcholinesterase 6-[4-[(7-chloranyl-1,2,3,4-tetrahydroacridin-9-yl)amino]butyl]-2-[(oxidanylamino)methyl]pyridin-3-ol E2W 2-acetamido-2-deoxy-beta-D-glucopyranose NAG bound inhibitor Tetronarce californica",https://files.rcsb.org/download/1UT6.cif,verified,WAR/Acetylcholinesterase/1ut6.cif,WAR/Acetylcholinesterase/1ut6.cif,true,495969,,2026-06-05T09:52:43Z
1qii,1QII,Acetylcholinesterase,rcsb,"Acetylcholinesterase 6-[4-[(7-chloranyl-1,2,3,4-tetrahydroacridin-9-yl)amino]butyl]-2-[(oxidanylamino)methyl]pyridin-3-ol E2W 2-acetamido-2-deoxy-beta-D-glucopyranose NAG bound inhibitor Tetronarce californica",https://files.rcsb.org/download/1QII.cif,verified,WAR/Acetylcholinesterase/1qii.cif,WAR/Acetylcholinesterase/1qii.cif,true,493989,,2026-06-05T09:52:43Z
1qij,1QIJ,Acetylcholinesterase,rcsb,"Acetylcholinesterase 6-[4-[(7-chloranyl-1,2,3,4-tetrahydroacridin-9-yl)amino]butyl]-2-[(oxidanylamino)methyl]pyridin-3-ol E2W 2-acetamido-2-deoxy-beta-D-glucopyranose NAG bound inhibitor Tetronarce californica",https://files.rcsb.org/download/1QIJ.cif,verified,WAR/Acetylcholinesterase/1qij.cif,WAR/Acetylcholinesterase/1qij.cif,true,493667,,2026-06-05T09:52:43Z
1qik,1QIK,Acetylcholinesterase,rcsb,"Acetylcholinesterase 6-[4-[(7-chloranyl-1,2,3,4-tetrahydroacridin-9-yl)amino]butyl]-2-[(oxidanylamino)methyl]pyridin-3-ol E2W 2-acetamido-2-deoxy-beta-D-glucopyranose NAG bound inhibitor Tetronarce californica",https://files.rcsb.org/download/1QIK.cif,verified,WAR/Acetylcholinesterase/1qik.cif,WAR/Acetylcholinesterase/1qik.cif,true,492748,,2026-06-05T09:52:43Z
1qim,1QIM,Acetylcholinesterase,rcsb,"Acetylcholinesterase 6-[4-[(7-chloranyl-1,2,3,4-tetrahydroacridin-9-yl)amino]butyl]-2-[(oxidanylamino)methyl]pyridin-3-ol E2W 2-acetamido-2-deoxy-beta-D-glucopyranose NAG bound inhibitor Tetronarce californica",https://files.rcsb.org/download/1QIM.cif,verified,WAR/Acetylcholinesterase/1qim.cif,WAR/Acetylcholinesterase/1qim.cif,true,489757,,2026-06-05T09:52:43Z
1w4l,1W4L,Acetylcholinesterase,rcsb,"Acetylcholinesterase 6-[4-[(7-chloranyl-1,2,3,4-tetrahydroacridin-9-yl)amino]butyl]-2-[(oxidanylamino)methyl]pyridin-3-ol E2W 2-acetamido-2-deoxy-beta-D-glucopyranose NAG bound inhibitor Tetronarce californica",https://files.rcsb.org/download/1W4L.cif,verified,WAR/Acetylcholinesterase/1w4l.cif,WAR/Acetylcholinesterase/1w4l.cif,true,523082,,2026-06-05T09:52:43Z
1vzj,1VZJ,Acetylcholinesterase,rcsb,"Acetylcholinesterase 6-[4-[(7-chloranyl-1,2,3,4-tetrahydroacridin-9-yl)amino]butyl]-2-[(oxidanylamino)methyl]pyridin-3-ol E2W 2-acetamido-2-deoxy-beta-D-glucopyranose NAG bound inhibitor Tetronarce californica",https://files.rcsb.org/download/1VZJ.cif,verified,WAR/Acetylcholinesterase/1vzj.cif,WAR/Acetylcholinesterase/1vzj.cif,true,300122,,2026-06-05T09:52:43Z
1w6r,1W6R,Acetylcholinesterase,rcsb,"Acetylcholinesterase 6-[4-[(7-chloranyl-1,2,3,4-tetrahydroacridin-9-yl)amino]butyl]-2-[(oxidanylamino)methyl]pyridin-3-ol E2W 2-acetamido-2-deoxy-beta-D-glucopyranose NAG bound inhibitor Tetronarce californica",https://files.rcsb.org/download/1W6R.cif,verified,WAR/Acetylcholinesterase/1w6r.cif,WAR/Acetylcholinesterase/1w6r.cif,true,513789,,2026-06-05T09:52:43Z
1qih,1QIH,Acetylcholinesterase,rcsb,"Acetylcholinesterase 6-[4-[(7-chloranyl-1,2,3,4-tetrahydroacridin-9-yl)amino]butyl]-2-[(oxidanylamino)methyl]pyridin-3-ol E2W 2-acetamido-2-deoxy-beta-D-glucopyranose NAG bound inhibitor Tetronarce californica",https://files.rcsb.org/download/1QIH.cif,verified,WAR/Acetylcholinesterase/1qih.cif,WAR/Acetylcholinesterase/1qih.cif,true,498341,,2026-06-05T09:52:43Z
1w75,1W75,Acetylcholinesterase,rcsb,"Acetylcholinesterase 6-[4-[(7-chloranyl-1,2,3,4-tetrahydroacridin-9-yl)amino]butyl]-2-[(oxidanylamino)methyl]pyridin-3-ol E2W 2-acetamido-2-deoxy-beta-D-glucopyranose NAG bound inhibitor Tetronarce californica",https://files.rcsb.org/download/1W75.cif,verified,WAR/Acetylcholinesterase/1w75.cif,WAR/Acetylcholinesterase/1w75.cif,true,901819,,2026-06-05T09:52:43Z
1w76,1W76,Acetylcholinesterase,rcsb,"Acetylcholinesterase 6-[4-[(7-chloranyl-1,2,3,4-tetrahydroacridin-9-yl)amino]butyl]-2-[(oxidanylamino)methyl]pyridin-3-ol E2W 2-acetamido-2-deoxy-beta-D-glucopyranose NAG bound inhibitor Tetronarce californica",https://files.rcsb.org/download/1W76.cif,verified,WAR/Acetylcholinesterase/1w76.cif,WAR/Acetylcholinesterase/1w76.cif,true,877373,,2026-06-05T09:52:43Z
1xlv,1XLV,Acetylcholinesterase,rcsb,"Acetylcholinesterase 6-[4-[(7-chloranyl-1,2,3,4-tetrahydroacridin-9-yl)amino]butyl]-2-[(oxidanylamino)methyl]pyridin-3-ol E2W 2-acetamido-2-deoxy-beta-D-glucopyranose NAG bound inhibitor Tetronarce californica",https://files.rcsb.org/download/1XLV.cif,verified,WAR/Acetylcholinesterase/1xlv.cif,WAR/Acetylcholinesterase/1xlv.cif,true,535500,,2026-06-05T09:52:43Z
1qti,1QTI,Acetylcholinesterase,rcsb,"Acetylcholinesterase 6-[4-[(7-chloranyl-1,2,3,4-tetrahydroacridin-9-yl)amino]butyl]-2-[(oxidanylamino)methyl]pyridin-3-ol E2W 2-acetamido-2-deoxy-beta-D-glucopyranose NAG bound inhibitor Tetronarce californica",https://files.rcsb.org/download/1QTI.cif,verified,WAR/Acetylcholinesterase/1qti.cif,WAR/Acetylcholinesterase/1qti.cif,true,480372,,2026-06-05T09:52:43Z
1thg,1THG,Acetylcholinesterase,rcsb,"Acetylcholinesterase 6-[4-[(7-chloranyl-1,2,3,4-tetrahydroacridin-9-yl)amino]butyl]-2-[(oxidanylamino)methyl]pyridin-3-ol E2W 2-acetamido-2-deoxy-beta-D-glucopyranose NAG bound inhibitor Tetronarce californica",https://files.rcsb.org/download/1THG.cif,verified,WAR/Acetylcholinesterase/1thg.cif,WAR/Acetylcholinesterase/1thg.cif,true,522971,,2026-06-05T09:52:43Z
1zgb,1ZGB,Acetylcholinesterase,rcsb,"Acetylcholinesterase 6-[4-[(7-chloranyl-1,2,3,4-tetrahydroacridin-9-yl)amino]butyl]-2-[(oxidanylamino)methyl]pyridin-3-ol E2W 2-acetamido-2-deoxy-beta-D-glucopyranose NAG bound inhibitor Tetronarce californica",https://files.rcsb.org/download/1ZGB.cif,verified,WAR/Acetylcholinesterase/1zgb.cif,WAR/Acetylcholinesterase/1zgb.cif,true,495862,,2026-06-05T09:52:43Z
1zgc,1ZGC,Acetylcholinesterase,rcsb,"Acetylcholinesterase 6-[4-[(7-chloranyl-1,2,3,4-tetrahydroacridin-9-yl)amino]butyl]-2-[(oxidanylamino)methyl]pyridin-3-ol E2W 2-acetamido-2-deoxy-beta-D-glucopyranose NAG bound inhibitor Tetronarce californica",https://files.rcsb.org/download/1ZGC.cif,verified,WAR/Acetylcholinesterase/1zgc.cif,WAR/Acetylcholinesterase/1zgc.cif,true,931997,,2026-06-05T09:52:43Z
1vot,1VOT,Acetylcholinesterase,rcsb,"Acetylcholinesterase 6-[4-[(7-chloranyl-1,2,3,4-tetrahydroacridin-9-yl)amino]butyl]-2-[(oxidanylamino)methyl]pyridin-3-ol E2W 2-acetamido-2-deoxy-beta-D-glucopyranose NAG bound inhibitor Tetronarce californica",https://files.rcsb.org/download/1VOT.cif,verified,WAR/Acetylcholinesterase/1vot.cif,WAR/Acetylcholinesterase/1vot.cif,true,477822,,2026-06-05T09:52:43Z
1vxr,1VXR,Acetylcholinesterase,rcsb,"Acetylcholinesterase 6-[4-[(7-chloranyl-1,2,3,4-tetrahydroacridin-9-yl)amino]butyl]-2-[(oxidanylamino)methyl]pyridin-3-ol E2W 2-acetamido-2-deoxy-beta-D-glucopyranose NAG bound inhibitor Tetronarce californica",https://files.rcsb.org/download/1VXR.cif,verified,WAR/Acetylcholinesterase/1vxr.cif,WAR/Acetylcholinesterase/1vxr.cif,true,520236,,2026-06-05T09:52:43Z
1vxo,1VXO,Acetylcholinesterase,rcsb,"Acetylcholinesterase 6-[4-[(7-chloranyl-1,2,3,4-tetrahydroacridin-9-yl)amino]butyl]-2-[(oxidanylamino)methyl]pyridin-3-ol E2W 2-acetamido-2-deoxy-beta-D-glucopyranose NAG bound inhibitor Tetronarce californica",https://files.rcsb.org/download/1VXO.cif,verified,WAR/Acetylcholinesterase/1vxo.cif,WAR/Acetylcholinesterase/1vxo.cif,true,496114,,2026-06-05T09:52:43Z
2bag,2BAG,Acetylcholinesterase,rcsb,"Acetylcholinesterase 6-[4-[(7-chloranyl-1,2,3,4-tetrahydroacridin-9-yl)amino]butyl]-2-[(oxidanylamino)methyl]pyridin-3-ol E2W 2-acetamido-2-deoxy-beta-D-glucopyranose NAG bound inhibitor Tetronarce californica",https://files.rcsb.org/download/2BAG.cif,verified,WAR/Acetylcholinesterase/2bag.cif,WAR/Acetylcholinesterase/2bag.cif,true,518145,,2026-06-05T09:52:44Z
1xlu,1XLU,Acetylcholinesterase,rcsb,"Acetylcholinesterase 6-[4-[(7-chloranyl-1,2,3,4-tetrahydroacridin-9-yl)amino]butyl]-2-[(oxidanylamino)methyl]pyridin-3-ol E2W 2-acetamido-2-deoxy-beta-D-glucopyranose NAG bound inhibitor Tetronarce californica",https://files.rcsb.org/download/1XLU.cif,verified,WAR/Acetylcholinesterase/1xlu.cif,WAR/Acetylcholinesterase/1xlu.cif,true,537375,,2026-06-05T09:52:43Z
1xlw,1XLW,Acetylcholinesterase,rcsb,"Acetylcholinesterase 6-[4-[(7-chloranyl-1,2,3,4-tetrahydroacridin-9-yl)amino]butyl]-2-[(oxidanylamino)methyl]pyridin-3-ol E2W 2-acetamido-2-deoxy-beta-D-glucopyranose NAG bound inhibitor Tetronarce californica",https://files.rcsb.org/download/1XLW.cif,verified,WAR/Acetylcholinesterase/1xlw.cif,WAR/Acetylcholinesterase/1xlw.cif,true,550783,,2026-06-05T09:52:43Z
2ack,2ACK,Acetylcholinesterase,rcsb,"Acetylcholinesterase 6-[4-[(7-chloranyl-1,2,3,4-tetrahydroacridin-9-yl)amino]butyl]-2-[(oxidanylamino)methyl]pyridin-3-ol E2W 2-acetamido-2-deoxy-beta-D-glucopyranose NAG bound inhibitor Tetronarce californica",https://files.rcsb.org/download/2ACK.cif,verified,WAR/Acetylcholinesterase/2ack.cif,WAR/Acetylcholinesterase/2ack.cif,true,478151,,2026-06-05T09:52:43Z
2ace,2ACE,Acetylcholinesterase,rcsb,"Acetylcholinesterase 6-[4-[(7-chloranyl-1,2,3,4-tetrahydroacridin-9-yl)amino]butyl]-2-[(oxidanylamino)methyl]pyridin-3-ol E2W 2-acetamido-2-deoxy-beta-D-glucopyranose NAG bound inhibitor Tetronarce californica",https://files.rcsb.org/download/2ACE.cif,verified,WAR/Acetylcholinesterase/2ace.cif,WAR/Acetylcholinesterase/2ace.cif,true,490442,,2026-06-05T09:52:43Z
2c4h,2C4H,Acetylcholinesterase,rcsb,"Acetylcholinesterase 6-[4-[(7-chloranyl-1,2,3,4-tetrahydroacridin-9-yl)amino]butyl]-2-[(oxidanylamino)methyl]pyridin-3-ol E2W 2-acetamido-2-deoxy-beta-D-glucopyranose NAG bound inhibitor Tetronarce californica",https://files.rcsb.org/download/2C4H.cif,verified,WAR/Acetylcholinesterase/2c4h.cif,WAR/Acetylcholinesterase/2c4h.cif,true,640791,,2026-06-05T09:52:44Z
2c58,2C58,Acetylcholinesterase,rcsb,"Acetylcholinesterase 6-[4-[(7-chloranyl-1,2,3,4-tetrahydroacridin-9-yl)amino]butyl]-2-[(oxidanylamino)methyl]pyridin-3-ol E2W 2-acetamido-2-deoxy-beta-D-glucopyranose NAG bound inhibitor Tetronarce californica",https://files.rcsb.org/download/2C58.cif,verified,WAR/Acetylcholinesterase/2c58.cif,WAR/Acetylcholinesterase/2c58.cif,true,616868,,2026-06-05T09:52:44Z
2c5f,2C5F,Acetylcholinesterase,rcsb,"Acetylcholinesterase 6-[4-[(7-chloranyl-1,2,3,4-tetrahydroacridin-9-yl)amino]butyl]-2-[(oxidanylamino)methyl]pyridin-3-ol E2W 2-acetamido-2-deoxy-beta-D-glucopyranose NAG bound inhibitor Tetronarce californica",https://files.rcsb.org/download/2C5F.cif,verified,WAR/Acetylcholinesterase/2c5f.cif,WAR/Acetylcholinesterase/2c5f.cif,true,600526,,2026-06-05T09:52:44Z
2c5g,2C5G,Acetylcholinesterase,rcsb,"Acetylcholinesterase 6-[4-[(7-chloranyl-1,2,3,4-tetrahydroacridin-9-yl)amino]butyl]-2-[(oxidanylamino)methyl]pyridin-3-ol E2W 2-acetamido-2-deoxy-beta-D-glucopyranose NAG bound inhibitor Tetronarce californica",https://files.rcsb.org/download/2C5G.cif,verified,WAR/Acetylcholinesterase/2c5g.cif,WAR/Acetylcholinesterase/2c5g.cif,true,693012,,2026-06-05T09:52:44Z
2cek,2CEK,Acetylcholinesterase,rcsb,"Acetylcholinesterase 6-[4-[(7-chloranyl-1,2,3,4-tetrahydroacridin-9-yl)amino]butyl]-2-[(oxidanylamino)methyl]pyridin-3-ol E2W 2-acetamido-2-deoxy-beta-D-glucopyranose NAG bound inhibitor Tetronarce californica",https://files.rcsb.org/download/2CEK.cif,verified,WAR/Acetylcholinesterase/2cek.cif,WAR/Acetylcholinesterase/2cek.cif,true,593812,,2026-06-05T09:52:44Z
2ckm,2CKM,Acetylcholinesterase,rcsb,"Acetylcholinesterase 6-[4-[(7-chloranyl-1,2,3,4-tetrahydroacridin-9-yl)amino]butyl]-2-[(oxidanylamino)methyl]pyridin-3-ol E2W 2-acetamido-2-deoxy-beta-D-glucopyranose NAG bound inhibitor Tetronarce californica",https://files.rcsb.org/download/2CKM.cif,verified,WAR/Acetylcholinesterase/2ckm.cif,WAR/Acetylcholinesterase/2ckm.cif,true,502655,,2026-06-05T09:52:44Z
2cmf,2CMF,Acetylcholinesterase,rcsb,"Acetylcholinesterase 6-[4-[(7-chloranyl-1,2,3,4-tetrahydroacridin-9-yl)amino]butyl]-2-[(oxidanylamino)methyl]pyridin-3-ol E2W 2-acetamido-2-deoxy-beta-D-glucopyranose NAG bound inhibitor Tetronarce californica",https://files.rcsb.org/download/2CMF.cif,verified,WAR/Acetylcholinesterase/2cmf.cif,WAR/Acetylcholinesterase/2cmf.cif,true,501210,,2026-06-05T09:52:44Z
2aow,2AOW,Acetylcholinesterase,rcsb,"Acetylcholinesterase 6-[4-[(7-chloranyl-1,2,3,4-tetrahydroacridin-9-yl)amino]butyl]-2-[(oxidanylamino)methyl]pyridin-3-ol E2W 2-acetamido-2-deoxy-beta-D-glucopyranose NAG bound inhibitor Tetronarce californica",https://files.rcsb.org/download/2AOW.cif,verified,WAR/Acetylcholinesterase/2aow.cif,WAR/Acetylcholinesterase/2aow.cif,true,487089,,2026-06-05T09:52:44Z
2gyu,2GYU,Acetylcholinesterase,rcsb,"Acetylcholinesterase 6-[4-[(7-chloranyl-1,2,3,4-tetrahydroacridin-9-yl)amino]butyl]-2-[(oxidanylamino)methyl]pyridin-3-ol E2W 2-acetamido-2-deoxy-beta-D-glucopyranose NAG bound inhibitor Tetronarce californica",https://files.rcsb.org/download/2GYU.cif,verified,WAR/Acetylcholinesterase/2gyu.cif,WAR/Acetylcholinesterase/2gyu.cif,true,943834,,2026-06-05T09:52:44Z
2gyv,2GYV,Acetylcholinesterase,rcsb,"Acetylcholinesterase 6-[4-[(7-chloranyl-1,2,3,4-tetrahydroacridin-9-yl)amino]butyl]-2-[(oxidanylamino)methyl]pyridin-3-ol E2W 2-acetamido-2-deoxy-beta-D-glucopyranose NAG bound inhibitor Tetronarce californica",https://files.rcsb.org/download/2GYV.cif,verified,WAR/Acetylcholinesterase/2gyv.cif,WAR/Acetylcholinesterase/2gyv.cif,true,923762,,2026-06-05T09:52:44Z
2gyw,2GYW,Acetylcholinesterase,rcsb,"Acetylcholinesterase 6-[4-[(7-chloranyl-1,2,3,4-tetrahydroacridin-9-yl)amino]butyl]-2-[(oxidanylamino)methyl]pyridin-3-ol E2W 2-acetamido-2-deoxy-beta-D-glucopyranose NAG bound inhibitor Tetronarce californica",https://files.rcsb.org/download/2GYW.cif,verified,WAR/Acetylcholinesterase/2gyw.cif,WAR/Acetylcholinesterase/2gyw.cif,true,933332,,2026-06-05T09:52:44Z
2bce,2BCE,Acetylcholinesterase,rcsb,"Acetylcholinesterase 6-[4-[(7-chloranyl-1,2,3,4-tetrahydroacridin-9-yl)amino]butyl]-2-[(oxidanylamino)methyl]pyridin-3-ol E2W 2-acetamido-2-deoxy-beta-D-glucopyranose NAG bound inhibitor Tetronarce californica",https://files.rcsb.org/download/2BCE.cif,verified,WAR/Acetylcholinesterase/2bce.cif,WAR/Acetylcholinesterase/2bce.cif,true,477933,,2026-06-05T09:52:44Z
2aox,2AOX,Acetylcholinesterase,rcsb,"Acetylcholinesterase 6-[4-[(7-chloranyl-1,2,3,4-tetrahydroacridin-9-yl)amino]butyl]-2-[(oxidanylamino)methyl]pyridin-3-ol E2W 2-acetamido-2-deoxy-beta-D-glucopyranose NAG bound inhibitor Tetronarce californica",https://files.rcsb.org/download/2AOX.cif,verified,WAR/Acetylcholinesterase/2aox.cif,WAR/Acetylcholinesterase/2aox.cif,true,486454,,2026-06-05T09:52:44Z
2h9y,2H9Y,Acetylcholinesterase,rcsb,"Acetylcholinesterase 6-[4-[(7-chloranyl-1,2,3,4-tetrahydroacridin-9-yl)amino]butyl]-2-[(oxidanylamino)methyl]pyridin-3-ol E2W 2-acetamido-2-deoxy-beta-D-glucopyranose NAG bound inhibitor Tetronarce californica",https://files.rcsb.org/download/2H9Y.cif,verified,WAR/Acetylcholinesterase/2h9y.cif,WAR/Acetylcholinesterase/2h9y.cif,true,996745,,2026-06-05T09:52:44Z
2ha0,2HA0,Acetylcholinesterase,rcsb,"Acetylcholinesterase 6-[4-[(7-chloranyl-1,2,3,4-tetrahydroacridin-9-yl)amino]butyl]-2-[(oxidanylamino)methyl]pyridin-3-ol E2W 2-acetamido-2-deoxy-beta-D-glucopyranose NAG bound inhibitor Tetronarce californica",https://files.rcsb.org/download/2HA0.cif,verified,WAR/Acetylcholinesterase/2ha0.cif,WAR/Acetylcholinesterase/2ha0.cif,true,989579,,2026-06-05T09:52:44Z
2ha2,2HA2,Acetylcholinesterase,rcsb,"Acetylcholinesterase 6-[4-[(7-chloranyl-1,2,3,4-tetrahydroacridin-9-yl)amino]butyl]-2-[(oxidanylamino)methyl]pyridin-3-ol E2W 2-acetamido-2-deoxy-beta-D-glucopyranose NAG bound inhibitor Tetronarce californica",https://files.rcsb.org/download/2HA2.cif,verified,WAR/Acetylcholinesterase/2ha2.cif,WAR/Acetylcholinesterase/2ha2.cif,true,1007484,,2026-06-05T09:52:44Z
2ha3,2HA3,Acetylcholinesterase,rcsb,"Acetylcholinesterase 6-[4-[(7-chloranyl-1,2,3,4-tetrahydroacridin-9-yl)amino]butyl]-2-[(oxidanylamino)methyl]pyridin-3-ol E2W 2-acetamido-2-deoxy-beta-D-glucopyranose NAG bound inhibitor Tetronarce californica",https://files.rcsb.org/download/2HA3.cif,verified,WAR/Acetylcholinesterase/2ha3.cif,WAR/Acetylcholinesterase/2ha3.cif,true,980207,,2026-06-05T09:52:44Z
1yaj,1YAJ,Acetylcholinesterase,rcsb,"Acetylcholinesterase 6-[4-[(7-chloranyl-1,2,3,4-tetrahydroacridin-9-yl)amino]butyl]-2-[(oxidanylamino)methyl]pyridin-3-ol E2W 2-acetamido-2-deoxy-beta-D-glucopyranose NAG bound inhibitor Tetronarce californica",https://files.rcsb.org/download/1YAJ.cif,verified,WAR/Acetylcholinesterase/1yaj.cif,WAR/Acetylcholinesterase/1yaj.cif,true,5090491,,2026-06-05T09:52:43Z
2ha4,2HA4,Acetylcholinesterase,rcsb,"Acetylcholinesterase 6-[4-[(7-chloranyl-1,2,3,4-tetrahydroacridin-9-yl)amino]butyl]-2-[(oxidanylamino)methyl]pyridin-3-ol E2W 2-acetamido-2-deoxy-beta-D-glucopyranose NAG bound inhibitor Tetronarce californica",https://files.rcsb.org/download/2HA4.cif,verified,WAR/Acetylcholinesterase/2ha4.cif,WAR/Acetylcholinesterase/2ha4.cif,true,932229,,2026-06-05T09:52:44Z
2ha5,2HA5,Acetylcholinesterase,rcsb,"Acetylcholinesterase 6-[4-[(7-chloranyl-1,2,3,4-tetrahydroacridin-9-yl)amino]butyl]-2-[(oxidanylamino)methyl]pyridin-3-ol E2W 2-acetamido-2-deoxy-beta-D-glucopyranose NAG bound inhibitor Tetronarce californica",https://files.rcsb.org/download/2HA5.cif,verified,WAR/Acetylcholinesterase/2ha5.cif,WAR/Acetylcholinesterase/2ha5.cif,true,1017261,,2026-06-05T09:52:44Z
2ha6,2HA6,Acetylcholinesterase,rcsb,"Acetylcholinesterase 6-[4-[(7-chloranyl-1,2,3,4-tetrahydroacridin-9-yl)amino]butyl]-2-[(oxidanylamino)methyl]pyridin-3-ol E2W 2-acetamido-2-deoxy-beta-D-glucopyranose NAG bound inhibitor Tetronarce californica",https://files.rcsb.org/download/2HA6.cif,verified,WAR/Acetylcholinesterase/2ha6.cif,WAR/Acetylcholinesterase/2ha6.cif,true,972694,,2026-06-05T09:52:44Z
2c0p,2C0P,Acetylcholinesterase,rcsb,"Acetylcholinesterase 6-[4-[(7-chloranyl-1,2,3,4-tetrahydroacridin-9-yl)amino]butyl]-2-[(oxidanylamino)methyl]pyridin-3-ol E2W 2-acetamido-2-deoxy-beta-D-glucopyranose NAG bound inhibitor Tetronarce californica",https://files.rcsb.org/download/2C0P.cif,verified,WAR/Acetylcholinesterase/2c0p.cif,WAR/Acetylcholinesterase/2c0p.cif,true,926823,,2026-06-05T09:52:44Z
2ha7,2HA7,Acetylcholinesterase,rcsb,"Acetylcholinesterase 6-[4-[(7-chloranyl-1,2,3,4-tetrahydroacridin-9-yl)amino]butyl]-2-[(oxidanylamino)methyl]pyridin-3-ol E2W 2-acetamido-2-deoxy-beta-D-glucopyranose NAG bound inhibitor Tetronarce californica",https://files.rcsb.org/download/2HA7.cif,verified,WAR/Acetylcholinesterase/2ha7.cif,WAR/Acetylcholinesterase/2ha7.cif,true,912098,,2026-06-05T09:52:44Z
2j3d,2J3D,Acetylcholinesterase,rcsb,"Acetylcholinesterase 6-[4-[(7-chloranyl-1,2,3,4-tetrahydroacridin-9-yl)amino]butyl]-2-[(oxidanylamino)methyl]pyridin-3-ol E2W 2-acetamido-2-deoxy-beta-D-glucopyranose NAG bound inhibitor Tetronarce californica",https://files.rcsb.org/download/2J3D.cif,verified,WAR/Acetylcholinesterase/2j3d.cif,WAR/Acetylcholinesterase/2j3d.cif,true,497443,,2026-06-05T09:52:44Z
2j3q,2J3Q,Acetylcholinesterase,rcsb,"Acetylcholinesterase 6-[4-[(7-chloranyl-1,2,3,4-tetrahydroacridin-9-yl)amino]butyl]-2-[(oxidanylamino)methyl]pyridin-3-ol E2W 2-acetamido-2-deoxy-beta-D-glucopyranose NAG bound inhibitor Tetronarce californica",https://files.rcsb.org/download/2J3Q.cif,verified,WAR/Acetylcholinesterase/2j3q.cif,WAR/Acetylcholinesterase/2j3q.cif,true,508235,,2026-06-05T09:52:44Z
2dfp,2DFP,Acetylcholinesterase,rcsb,"Acetylcholinesterase 6-[4-[(7-chloranyl-1,2,3,4-tetrahydroacridin-9-yl)amino]butyl]-2-[(oxidanylamino)methyl]pyridin-3-ol E2W 2-acetamido-2-deoxy-beta-D-glucopyranose NAG bound inhibitor Tetronarce californica",https://files.rcsb.org/download/2DFP.cif,verified,WAR/Acetylcholinesterase/2dfp.cif,WAR/Acetylcholinesterase/2dfp.cif,true,529215,,2026-06-05T09:52:44Z
2c0q,2C0Q,Acetylcholinesterase,rcsb,"Acetylcholinesterase 6-[4-[(7-chloranyl-1,2,3,4-tetrahydroacridin-9-yl)amino]butyl]-2-[(oxidanylamino)methyl]pyridin-3-ol E2W 2-acetamido-2-deoxy-beta-D-glucopyranose NAG bound inhibitor Tetronarce californica",https://files.rcsb.org/download/2C0Q.cif,verified,WAR/Acetylcholinesterase/2c0q.cif,WAR/Acetylcholinesterase/2c0q.cif,true,901244,,2026-06-05T09:52:44Z
2j4f,2J4F,Acetylcholinesterase,rcsb,"Acetylcholinesterase 6-[4-[(7-chloranyl-1,2,3,4-tetrahydroacridin-9-yl)amino]butyl]-2-[(oxidanylamino)methyl]pyridin-3-ol E2W 2-acetamido-2-deoxy-beta-D-glucopyranose NAG bound inhibitor Tetronarce californica",https://files.rcsb.org/download/2J4F.cif,verified,WAR/Acetylcholinesterase/2j4f.cif,WAR/Acetylcholinesterase/2j4f.cif,true,479234,,2026-06-05T09:52:44Z
2jey,2JEY,Acetylcholinesterase,rcsb,"Acetylcholinesterase 6-[4-[(7-chloranyl-1,2,3,4-tetrahydroacridin-9-yl)amino]butyl]-2-[(oxidanylamino)methyl]pyridin-3-ol E2W 2-acetamido-2-deoxy-beta-D-glucopyranose NAG bound inhibitor Tetronarce californica",https://files.rcsb.org/download/2JEY.cif,verified,WAR/Acetylcholinesterase/2jey.cif,WAR/Acetylcholinesterase/2jey.cif,true,899413,,2026-06-05T09:52:44Z
2jez,2JEZ,Acetylcholinesterase,rcsb,"Acetylcholinesterase 6-[4-[(7-chloranyl-1,2,3,4-tetrahydroacridin-9-yl)amino]butyl]-2-[(oxidanylamino)methyl]pyridin-3-ol E2W 2-acetamido-2-deoxy-beta-D-glucopyranose NAG bound inhibitor Tetronarce californica",https://files.rcsb.org/download/2JEZ.cif,verified,WAR/Acetylcholinesterase/2jez.cif,WAR/Acetylcholinesterase/2jez.cif,true,918519,,2026-06-05T09:52:44Z
2jf0,2JF0,Acetylcholinesterase,rcsb,"Acetylcholinesterase 6-[4-[(7-chloranyl-1,2,3,4-tetrahydroacridin-9-yl)amino]butyl]-2-[(oxidanylamino)methyl]pyridin-3-ol E2W 2-acetamido-2-deoxy-beta-D-glucopyranose NAG bound inhibitor Tetronarce californica",https://files.rcsb.org/download/2JF0.cif,verified,WAR/Acetylcholinesterase/2jf0.cif,WAR/Acetylcholinesterase/2jf0.cif,true,907539,,2026-06-05T09:52:44Z
2gcv,2GCV,Acetylcholinesterase,rcsb,"Acetylcholinesterase 6-[4-[(7-chloranyl-1,2,3,4-tetrahydroacridin-9-yl)amino]butyl]-2-[(oxidanylamino)methyl]pyridin-3-ol E2W 2-acetamido-2-deoxy-beta-D-glucopyranose NAG bound inhibitor Tetronarce californica",https://files.rcsb.org/download/2GCV.cif,verified,WAR/Acetylcholinesterase/2gcv.cif,WAR/Acetylcholinesterase/2gcv.cif,true,407163,,2026-06-05T09:52:44Z
2jge,2JGE,Acetylcholinesterase,rcsb,"Acetylcholinesterase 6-[4-[(7-chloranyl-1,2,3,4-tetrahydroacridin-9-yl)amino]butyl]-2-[(oxidanylamino)methyl]pyridin-3-ol E2W 2-acetamido-2-deoxy-beta-D-glucopyranose NAG bound inhibitor Tetronarce californica",https://files.rcsb.org/download/2JGE.cif,verified,WAR/Acetylcholinesterase/2jge.cif,WAR/Acetylcholinesterase/2jge.cif,true,910133,,2026-06-05T09:52:44Z
2jgf,2JGF,Acetylcholinesterase,rcsb,"Acetylcholinesterase 6-[4-[(7-chloranyl-1,2,3,4-tetrahydroacridin-9-yl)amino]butyl]-2-[(oxidanylamino)methyl]pyridin-3-ol E2W 2-acetamido-2-deoxy-beta-D-glucopyranose NAG bound inhibitor Tetronarce californica",https://files.rcsb.org/download/2JGF.cif,verified,WAR/Acetylcholinesterase/2jgf.cif,WAR/Acetylcholinesterase/2jgf.cif,true,901198,,2026-06-05T09:52:44Z
2jgi,2JGI,Acetylcholinesterase,rcsb,"Acetylcholinesterase 6-[4-[(7-chloranyl-1,2,3,4-tetrahydroacridin-9-yl)amino]butyl]-2-[(oxidanylamino)methyl]pyridin-3-ol E2W 2-acetamido-2-deoxy-beta-D-glucopyranose NAG bound inhibitor Tetronarce californica",https://files.rcsb.org/download/2JGI.cif,verified,WAR/Acetylcholinesterase/2jgi.cif,WAR/Acetylcholinesterase/2jgi.cif,true,916446,,2026-06-05T09:52:44Z
2jgj,2JGJ,Acetylcholinesterase,rcsb,"Acetylcholinesterase 6-[4-[(7-chloranyl-1,2,3,4-tetrahydroacridin-9-yl)amino]butyl]-2-[(oxidanylamino)methyl]pyridin-3-ol E2W 2-acetamido-2-deoxy-beta-D-glucopyranose NAG bound inhibitor Tetronarce californica",https://files.rcsb.org/download/2JGJ.cif,verified,WAR/Acetylcholinesterase/2jgj.cif,WAR/Acetylcholinesterase/2jgj.cif,true,903081,,2026-06-05T09:52:44Z
2jgk,2JGK,Acetylcholinesterase,rcsb,"Acetylcholinesterase 6-[4-[(7-chloranyl-1,2,3,4-tetrahydroacridin-9-yl)amino]butyl]-2-[(oxidanylamino)methyl]pyridin-3-ol E2W 2-acetamido-2-deoxy-beta-D-glucopyranose NAG bound inhibitor Tetronarce californica",https://files.rcsb.org/download/2JGK.cif,verified,WAR/Acetylcholinesterase/2jgk.cif,WAR/Acetylcholinesterase/2jgk.cif,true,890119,,2026-06-05T09:52:44Z
2jgl,2JGL,Acetylcholinesterase,rcsb,"Acetylcholinesterase 6-[4-[(7-chloranyl-1,2,3,4-tetrahydroacridin-9-yl)amino]butyl]-2-[(oxidanylamino)methyl]pyridin-3-ol E2W 2-acetamido-2-deoxy-beta-D-glucopyranose NAG bound inhibitor Tetronarce californica",https://files.rcsb.org/download/2JGL.cif,verified,WAR/Acetylcholinesterase/2jgl.cif,WAR/Acetylcholinesterase/2jgl.cif,true,917137,,2026-06-05T09:52:44Z
2jgm,2JGM,Acetylcholinesterase,rcsb,"Acetylcholinesterase 6-[4-[(7-chloranyl-1,2,3,4-tetrahydroacridin-9-yl)amino]butyl]-2-[(oxidanylamino)methyl]pyridin-3-ol E2W 2-acetamido-2-deoxy-beta-D-glucopyranose NAG bound inhibitor Tetronarce californica",https://files.rcsb.org/download/2JGM.cif,verified,WAR/Acetylcholinesterase/2jgm.cif,WAR/Acetylcholinesterase/2jgm.cif,true,881391,,2026-06-05T09:52:44Z
2v96,2V96,Acetylcholinesterase,rcsb,"Acetylcholinesterase 6-[4-[(7-chloranyl-1,2,3,4-tetrahydroacridin-9-yl)amino]butyl]-2-[(oxidanylamino)methyl]pyridin-3-ol E2W 2-acetamido-2-deoxy-beta-D-glucopyranose NAG bound inhibitor Tetronarce californica",https://files.rcsb.org/download/2V96.cif,verified,WAR/Acetylcholinesterase/2v96.cif,WAR/Acetylcholinesterase/2v96.cif,true,1032572,,2026-06-05T09:52:44Z
2h0w,2H0W,Acetylcholinesterase,rcsb,"Acetylcholinesterase 6-[4-[(7-chloranyl-1,2,3,4-tetrahydroacridin-9-yl)amino]butyl]-2-[(oxidanylamino)methyl]pyridin-3-ol E2W 2-acetamido-2-deoxy-beta-D-glucopyranose NAG bound inhibitor Tetronarce californica",https://files.rcsb.org/download/2H0W.cif,verified,WAR/Acetylcholinesterase/2h0w.cif,WAR/Acetylcholinesterase/2h0w.cif,true,405581,,2026-06-05T09:52:44Z
2v97,2V97,Acetylcholinesterase,rcsb,"Acetylcholinesterase 6-[4-[(7-chloranyl-1,2,3,4-tetrahydroacridin-9-yl)amino]butyl]-2-[(oxidanylamino)methyl]pyridin-3-ol E2W 2-acetamido-2-deoxy-beta-D-glucopyranose NAG bound inhibitor Tetronarce californica",https://files.rcsb.org/download/2V97.cif,verified,WAR/Acetylcholinesterase/2v97.cif,WAR/Acetylcholinesterase/2v97.cif,true,1939493,,2026-06-05T09:52:44Z
2v98,2V98,Acetylcholinesterase,rcsb,"Acetylcholinesterase 6-[4-[(7-chloranyl-1,2,3,4-tetrahydroacridin-9-yl)amino]butyl]-2-[(oxidanylamino)methyl]pyridin-3-ol E2W 2-acetamido-2-deoxy-beta-D-glucopyranose NAG bound inhibitor Tetronarce californica",https://files.rcsb.org/download/2V98.cif,verified,WAR/Acetylcholinesterase/2v98.cif,WAR/Acetylcholinesterase/2v98.cif,true,1939578,,2026-06-05T09:52:44Z
2va9,2VA9,Acetylcholinesterase,rcsb,"Acetylcholinesterase 6-[4-[(7-chloranyl-1,2,3,4-tetrahydroacridin-9-yl)amino]butyl]-2-[(oxidanylamino)methyl]pyridin-3-ol E2W 2-acetamido-2-deoxy-beta-D-glucopyranose NAG bound inhibitor Tetronarce californica",https://files.rcsb.org/download/2VA9.cif,verified,WAR/Acetylcholinesterase/2va9.cif,WAR/Acetylcholinesterase/2va9.cif,true,982581,,2026-06-05T09:52:44Z
1qie,1QIE,Acetylcholinesterase,rcsb,"Acetylcholinesterase 6-[4-[(7-chloranyl-1,2,3,4-tetrahydroacridin-9-yl)amino]butyl]-2-[(oxidanylamino)methyl]pyridin-3-ol E2W 2-acetamido-2-deoxy-beta-D-glucopyranose NAG bound inhibitor Tetronarce californica",https://files.rcsb.org/download/1QIE.cif,verified,WAR/Acetylcholinesterase/1qie.cif,WAR/Acetylcholinesterase/1qie.cif,true,492899,,2026-06-05T09:52:43Z
2vja,2VJA,Acetylcholinesterase,rcsb,"Acetylcholinesterase 6-[4-[(7-chloranyl-1,2,3,4-tetrahydroacridin-9-yl)amino]butyl]-2-[(oxidanylamino)methyl]pyridin-3-ol E2W 2-acetamido-2-deoxy-beta-D-glucopyranose NAG bound inhibitor Tetronarce californica",https://files.rcsb.org/download/2VJA.cif,verified,WAR/Acetylcholinesterase/2vja.cif,WAR/Acetylcholinesterase/2vja.cif,true,1118317,,2026-06-05T09:52:44Z
2vjb,2VJB,Acetylcholinesterase,rcsb,"Acetylcholinesterase 6-[4-[(7-chloranyl-1,2,3,4-tetrahydroacridin-9-yl)amino]butyl]-2-[(oxidanylamino)methyl]pyridin-3-ol E2W 2-acetamido-2-deoxy-beta-D-glucopyranose NAG bound inhibitor Tetronarce californica",https://files.rcsb.org/download/2VJB.cif,verified,WAR/Acetylcholinesterase/2vjb.cif,WAR/Acetylcholinesterase/2vjb.cif,true,1118770,,2026-06-05T09:52:44Z
2vjc,2VJC,Acetylcholinesterase,rcsb,"Acetylcholinesterase 6-[4-[(7-chloranyl-1,2,3,4-tetrahydroacridin-9-yl)amino]butyl]-2-[(oxidanylamino)methyl]pyridin-3-ol E2W 2-acetamido-2-deoxy-beta-D-glucopyranose NAG bound inhibitor Tetronarce californica",https://files.rcsb.org/download/2VJC.cif,verified,WAR/Acetylcholinesterase/2vjc.cif,WAR/Acetylcholinesterase/2vjc.cif,true,1109111,,2026-06-05T09:52:44Z
2vq6,2VQ6,Acetylcholinesterase,rcsb,"Acetylcholinesterase 6-[4-[(7-chloranyl-1,2,3,4-tetrahydroacridin-9-yl)amino]butyl]-2-[(oxidanylamino)methyl]pyridin-3-ol E2W 2-acetamido-2-deoxy-beta-D-glucopyranose NAG bound inhibitor Tetronarce californica",https://files.rcsb.org/download/2VQ6.cif,verified,WAR/Acetylcholinesterase/2vq6.cif,WAR/Acetylcholinesterase/2vq6.cif,true,499346,,2026-06-05T09:52:44Z
2vjd,2VJD,Acetylcholinesterase,rcsb,"Acetylcholinesterase 6-[4-[(7-chloranyl-1,2,3,4-tetrahydroacridin-9-yl)amino]butyl]-2-[(oxidanylamino)methyl]pyridin-3-ol E2W 2-acetamido-2-deoxy-beta-D-glucopyranose NAG bound inhibitor Tetronarce californica",https://files.rcsb.org/download/2VJD.cif,verified,WAR/Acetylcholinesterase/2vjd.cif,WAR/Acetylcholinesterase/2vjd.cif,true,1119177,,2026-06-05T09:52:44Z
2vt6,2VT6,Acetylcholinesterase,rcsb,"Acetylcholinesterase 6-[4-[(7-chloranyl-1,2,3,4-tetrahydroacridin-9-yl)amino]butyl]-2-[(oxidanylamino)methyl]pyridin-3-ol E2W 2-acetamido-2-deoxy-beta-D-glucopyranose NAG bound inhibitor Tetronarce californica",https://files.rcsb.org/download/2VT6.cif,verified,WAR/Acetylcholinesterase/2vt6.cif,WAR/Acetylcholinesterase/2vt6.cif,true,1026477,,2026-06-05T09:52:44Z
2h7c,2H7C,Acetylcholinesterase,rcsb,"Acetylcholinesterase 6-[4-[(7-chloranyl-1,2,3,4-tetrahydroacridin-9-yl)amino]butyl]-2-[(oxidanylamino)methyl]pyridin-3-ol E2W 2-acetamido-2-deoxy-beta-D-glucopyranose NAG bound inhibitor Tetronarce californica",https://files.rcsb.org/download/2H7C.cif,verified,WAR/Acetylcholinesterase/2h7c.cif,WAR/Acetylcholinesterase/2h7c.cif,true,2927063,,2026-06-05T09:52:44Z
2w6c,2W6C,Acetylcholinesterase,rcsb,"Acetylcholinesterase 6-[4-[(7-chloranyl-1,2,3,4-tetrahydroacridin-9-yl)amino]butyl]-2-[(oxidanylamino)methyl]pyridin-3-ol E2W 2-acetamido-2-deoxy-beta-D-glucopyranose NAG bound inhibitor Tetronarce californica",https://files.rcsb.org/download/2W6C.cif,verified,WAR/Acetylcholinesterase/2w6c.cif,WAR/Acetylcholinesterase/2w6c.cif,true,503332,,2026-06-05T09:52:44Z
2vt7,2VT7,Acetylcholinesterase,rcsb,"Acetylcholinesterase 6-[4-[(7-chloranyl-1,2,3,4-tetrahydroacridin-9-yl)amino]butyl]-2-[(oxidanylamino)methyl]pyridin-3-ol E2W 2-acetamido-2-deoxy-beta-D-glucopyranose NAG bound inhibitor Tetronarce californica",https://files.rcsb.org/download/2VT7.cif,verified,WAR/Acetylcholinesterase/2vt7.cif,WAR/Acetylcholinesterase/2vt7.cif,true,1017568,,2026-06-05T09:52:44Z
2wfz,2WFZ,Acetylcholinesterase,rcsb,"Acetylcholinesterase 6-[4-[(7-chloranyl-1,2,3,4-tetrahydroacridin-9-yl)amino]butyl]-2-[(oxidanylamino)methyl]pyridin-3-ol E2W 2-acetamido-2-deoxy-beta-D-glucopyranose NAG bound inhibitor Tetronarce californica",https://files.rcsb.org/download/2WFZ.cif,verified,WAR/Acetylcholinesterase/2wfz.cif,WAR/Acetylcholinesterase/2wfz.cif,true,599569,,2026-06-05T09:52:44Z
2ho6,2HO6,Acetylcholinesterase,rcsb,"Acetylcholinesterase 6-[4-[(7-chloranyl-1,2,3,4-tetrahydroacridin-9-yl)amino]butyl]-2-[(oxidanylamino)methyl]pyridin-3-ol E2W 2-acetamido-2-deoxy-beta-D-glucopyranose NAG bound inhibitor Tetronarce californica",https://files.rcsb.org/download/2HO6.cif,verified,WAR/Acetylcholinesterase/2ho6.cif,WAR/Acetylcholinesterase/2ho6.cif,true,386307,,2026-06-05T09:52:44Z
2wg0,2WG0,Acetylcholinesterase,rcsb,"Acetylcholinesterase 6-[4-[(7-chloranyl-1,2,3,4-tetrahydroacridin-9-yl)amino]butyl]-2-[(oxidanylamino)methyl]pyridin-3-ol E2W 2-acetamido-2-deoxy-beta-D-glucopyranose NAG bound inhibitor Tetronarce californica",https://files.rcsb.org/download/2WG0.cif,verified,WAR/Acetylcholinesterase/2wg0.cif,WAR/Acetylcholinesterase/2wg0.cif,true,594953,,2026-06-05T09:52:44Z
2wg1,2WG1,Acetylcholinesterase,rcsb,"Acetylcholinesterase 6-[4-[(7-chloranyl-1,2,3,4-tetrahydroacridin-9-yl)amino]butyl]-2-[(oxidanylamino)methyl]pyridin-3-ol E2W 2-acetamido-2-deoxy-beta-D-glucopyranose NAG bound inhibitor Tetronarce californica",https://files.rcsb.org/download/2WG1.cif,verified,WAR/Acetylcholinesterase/2wg1.cif,WAR/Acetylcholinesterase/2wg1.cif,true,596570,,2026-06-05T09:52:44Z
2wg2,2WG2,Acetylcholinesterase,rcsb,"Acetylcholinesterase 6-[4-[(7-chloranyl-1,2,3,4-tetrahydroacridin-9-yl)amino]butyl]-2-[(oxidanylamino)methyl]pyridin-3-ol E2W 2-acetamido-2-deoxy-beta-D-glucopyranose NAG bound inhibitor Tetronarce californica",https://files.rcsb.org/download/2WG2.cif,verified,WAR/Acetylcholinesterase/2wg2.cif,WAR/Acetylcholinesterase/2wg2.cif,true,599293,,2026-06-05T09:52:44Z
2whp,2WHP,Acetylcholinesterase,rcsb,"Acetylcholinesterase 6-[4-[(7-chloranyl-1,2,3,4-tetrahydroacridin-9-yl)amino]butyl]-2-[(oxidanylamino)methyl]pyridin-3-ol E2W 2-acetamido-2-deoxy-beta-D-glucopyranose NAG bound inhibitor Tetronarce californica",https://files.rcsb.org/download/2WHP.cif,verified,WAR/Acetylcholinesterase/2whp.cif,WAR/Acetylcholinesterase/2whp.cif,true,1791883,,2026-06-05T09:52:44Z
2whr,2WHR,Acetylcholinesterase,rcsb,"Acetylcholinesterase 6-[4-[(7-chloranyl-1,2,3,4-tetrahydroacridin-9-yl)amino]butyl]-2-[(oxidanylamino)methyl]pyridin-3-ol E2W 2-acetamido-2-deoxy-beta-D-glucopyranose NAG bound inhibitor Tetronarce californica",https://files.rcsb.org/download/2WHR.cif,verified,WAR/Acetylcholinesterase/2whr.cif,WAR/Acetylcholinesterase/2whr.cif,true,993378,,2026-06-05T09:52:44Z
2whq,2WHQ,Acetylcholinesterase,rcsb,"Acetylcholinesterase 6-[4-[(7-chloranyl-1,2,3,4-tetrahydroacridin-9-yl)amino]butyl]-2-[(oxidanylamino)methyl]pyridin-3-ol E2W 2-acetamido-2-deoxy-beta-D-glucopyranose NAG bound inhibitor Tetronarce californica",https://files.rcsb.org/download/2WHQ.cif,verified,WAR/Acetylcholinesterase/2whq.cif,WAR/Acetylcholinesterase/2whq.cif,true,1761861,,2026-06-05T09:52:44Z
2j4c,2J4C,Acetylcholinesterase,rcsb,"Acetylcholinesterase 6-[4-[(7-chloranyl-1,2,3,4-tetrahydroacridin-9-yl)amino]butyl]-2-[(oxidanylamino)methyl]pyridin-3-ol E2W 2-acetamido-2-deoxy-beta-D-glucopyranose NAG bound inhibitor Tetronarce californica",https://files.rcsb.org/download/2J4C.cif,verified,WAR/Acetylcholinesterase/2j4c.cif,WAR/Acetylcholinesterase/2j4c.cif,true,556261,,2026-06-05T09:52:44Z
2pm8,2PM8,Acetylcholinesterase,rcsb,"Acetylcholinesterase 6-[4-[(7-chloranyl-1,2,3,4-tetrahydroacridin-9-yl)amino]butyl]-2-[(oxidanylamino)methyl]pyridin-3-ol E2W 2-acetamido-2-deoxy-beta-D-glucopyranose NAG bound inhibitor Tetronarce californica",https://files.rcsb.org/download/2PM8.cif,verified,WAR/Acetylcholinesterase/2pm8.cif,WAR/Acetylcholinesterase/2pm8.cif,true,913663,,2026-06-05T09:52:44Z
2ogs,2OGS,Acetylcholinesterase,rcsb,"Acetylcholinesterase 6-[4-[(7-chloranyl-1,2,3,4-tetrahydroacridin-9-yl)amino]butyl]-2-[(oxidanylamino)methyl]pyridin-3-ol E2W 2-acetamido-2-deoxy-beta-D-glucopyranose NAG bound inhibitor Tetronarce californica",https://files.rcsb.org/download/2OGS.cif,verified,WAR/Acetylcholinesterase/2ogs.cif,WAR/Acetylcholinesterase/2ogs.cif,true,448651,,2026-06-05T09:52:44Z
2wij,2WIJ,Acetylcholinesterase,rcsb,"Acetylcholinesterase 6-[4-[(7-chloranyl-1,2,3,4-tetrahydroacridin-9-yl)amino]butyl]-2-[(oxidanylamino)methyl]pyridin-3-ol E2W 2-acetamido-2-deoxy-beta-D-glucopyranose NAG bound inhibitor Tetronarce californica",https://files.rcsb.org/download/2WIJ.cif,verified,WAR/Acetylcholinesterase/2wij.cif,WAR/Acetylcholinesterase/2wij.cif,true,556672,,2026-06-05T09:52:45Z
2wig,2WIG,Acetylcholinesterase,rcsb,"Acetylcholinesterase 6-[4-[(7-chloranyl-1,2,3,4-tetrahydroacridin-9-yl)amino]butyl]-2-[(oxidanylamino)methyl]pyridin-3-ol E2W 2-acetamido-2-deoxy-beta-D-glucopyranose NAG bound inhibitor Tetronarce californica",https://files.rcsb.org/download/2WIG.cif,verified,WAR/Acetylcholinesterase/2wig.cif,WAR/Acetylcholinesterase/2wig.cif,true,562584,,2026-06-05T09:52:45Z
2wif,2WIF,Acetylcholinesterase,rcsb,"Acetylcholinesterase 6-[4-[(7-chloranyl-1,2,3,4-tetrahydroacridin-9-yl)amino]butyl]-2-[(oxidanylamino)methyl]pyridin-3-ol E2W 2-acetamido-2-deoxy-beta-D-glucopyranose NAG bound inhibitor Tetronarce californica",https://files.rcsb.org/download/2WIF.cif,verified,WAR/Acetylcholinesterase/2wif.cif,WAR/Acetylcholinesterase/2wif.cif,true,566173,,2026-06-05T09:52:44Z
2wik,2WIK,Acetylcholinesterase,rcsb,"Acetylcholinesterase 6-[4-[(7-chloranyl-1,2,3,4-tetrahydroacridin-9-yl)amino]butyl]-2-[(oxidanylamino)methyl]pyridin-3-ol E2W 2-acetamido-2-deoxy-beta-D-glucopyranose NAG bound inhibitor Tetronarce californica",https://files.rcsb.org/download/2WIK.cif,verified,WAR/Acetylcholinesterase/2wik.cif,WAR/Acetylcholinesterase/2wik.cif,true,566361,,2026-06-05T09:52:45Z
2wid,2WID,Acetylcholinesterase,rcsb,"Acetylcholinesterase 6-[4-[(7-chloranyl-1,2,3,4-tetrahydroacridin-9-yl)amino]butyl]-2-[(oxidanylamino)methyl]pyridin-3-ol E2W 2-acetamido-2-deoxy-beta-D-glucopyranose NAG bound inhibitor Tetronarce californica",https://files.rcsb.org/download/2WID.cif,verified,WAR/Acetylcholinesterase/2wid.cif,WAR/Acetylcholinesterase/2wid.cif,true,562303,,2026-06-05T09:52:44Z
2wil,2WIL,Acetylcholinesterase,rcsb,"Acetylcholinesterase 6-[4-[(7-chloranyl-1,2,3,4-tetrahydroacridin-9-yl)amino]butyl]-2-[(oxidanylamino)methyl]pyridin-3-ol E2W 2-acetamido-2-deoxy-beta-D-glucopyranose NAG bound inhibitor Tetronarce californica",https://files.rcsb.org/download/2WIL.cif,verified,WAR/Acetylcholinesterase/2wil.cif,WAR/Acetylcholinesterase/2wil.cif,true,957828,,2026-06-05T09:52:45Z
2x8b,2X8B,Acetylcholinesterase,rcsb,"Acetylcholinesterase 6-[4-[(7-chloranyl-1,2,3,4-tetrahydroacridin-9-yl)amino]butyl]-2-[(oxidanylamino)methyl]pyridin-3-ol E2W 2-acetamido-2-deoxy-beta-D-glucopyranose NAG bound inhibitor Tetronarce californica",https://files.rcsb.org/download/2X8B.cif,verified,WAR/Acetylcholinesterase/2x8b.cif,WAR/Acetylcholinesterase/2x8b.cif,true,962860,,2026-06-05T09:52:45Z
2xi4,2XI4,Acetylcholinesterase,rcsb,"Acetylcholinesterase 6-[4-[(7-chloranyl-1,2,3,4-tetrahydroacridin-9-yl)amino]butyl]-2-[(oxidanylamino)methyl]pyridin-3-ol E2W 2-acetamido-2-deoxy-beta-D-glucopyranose NAG bound inhibitor Tetronarce californica",https://files.rcsb.org/download/2XI4.cif,verified,WAR/Acetylcholinesterase/2xi4.cif,WAR/Acetylcholinesterase/2xi4.cif,true,1747364,,2026-06-05T09:52:45Z
2wsl,2WSL,Acetylcholinesterase,rcsb,"Acetylcholinesterase 6-[4-[(7-chloranyl-1,2,3,4-tetrahydroacridin-9-yl)amino]butyl]-2-[(oxidanylamino)methyl]pyridin-3-ol E2W 2-acetamido-2-deoxy-beta-D-glucopyranose NAG bound inhibitor Tetronarce californica",https://files.rcsb.org/download/2WSL.cif,verified,WAR/Acetylcholinesterase/2wsl.cif,WAR/Acetylcholinesterase/2wsl.cif,true,564544,,2026-06-05T09:52:45Z
2xmc,2XMC,Acetylcholinesterase,rcsb,"Acetylcholinesterase 6-[4-[(7-chloranyl-1,2,3,4-tetrahydroacridin-9-yl)amino]butyl]-2-[(oxidanylamino)methyl]pyridin-3-ol E2W 2-acetamido-2-deoxy-beta-D-glucopyranose NAG bound inhibitor Tetronarce californica",https://files.rcsb.org/download/2XMC.cif,verified,WAR/Acetylcholinesterase/2xmc.cif,WAR/Acetylcholinesterase/2xmc.cif,true,910014,,2026-06-05T09:52:45Z
2xmb,2XMB,Acetylcholinesterase,rcsb,"Acetylcholinesterase 6-[4-[(7-chloranyl-1,2,3,4-tetrahydroacridin-9-yl)amino]butyl]-2-[(oxidanylamino)methyl]pyridin-3-ol E2W 2-acetamido-2-deoxy-beta-D-glucopyranose NAG bound inhibitor Tetronarce californica",https://files.rcsb.org/download/2XMB.cif,verified,WAR/Acetylcholinesterase/2xmb.cif,WAR/Acetylcholinesterase/2xmb.cif,true,935095,,2026-06-05T09:52:45Z
2wu3,2WU3,Acetylcholinesterase,rcsb,"Acetylcholinesterase 6-[4-[(7-chloranyl-1,2,3,4-tetrahydroacridin-9-yl)amino]butyl]-2-[(oxidanylamino)methyl]pyridin-3-ol E2W 2-acetamido-2-deoxy-beta-D-glucopyranose NAG bound inhibitor Tetronarce californica",https://files.rcsb.org/download/2WU3.cif,verified,WAR/Acetylcholinesterase/2wu3.cif,WAR/Acetylcholinesterase/2wu3.cif,true,1662029,,2026-06-05T09:52:45Z
2xmg,2XMG,Acetylcholinesterase,rcsb,"Acetylcholinesterase 6-[4-[(7-chloranyl-1,2,3,4-tetrahydroacridin-9-yl)amino]butyl]-2-[(oxidanylamino)methyl]pyridin-3-ol E2W 2-acetamido-2-deoxy-beta-D-glucopyranose NAG bound inhibitor Tetronarce californica",https://files.rcsb.org/download/2XMG.cif,verified,WAR/Acetylcholinesterase/2xmg.cif,WAR/Acetylcholinesterase/2xmg.cif,true,895182,,2026-06-05T09:52:45Z
2wu4,2WU4,Acetylcholinesterase,rcsb,"Acetylcholinesterase 6-[4-[(7-chloranyl-1,2,3,4-tetrahydroacridin-9-yl)amino]butyl]-2-[(oxidanylamino)methyl]pyridin-3-ol E2W 2-acetamido-2-deoxy-beta-D-glucopyranose NAG bound inhibitor Tetronarce californica",https://files.rcsb.org/download/2WU4.cif,verified,WAR/Acetylcholinesterase/2wu4.cif,WAR/Acetylcholinesterase/2wu4.cif,true,1646028,,2026-06-05T09:52:45Z
2xmd,2XMD,Acetylcholinesterase,rcsb,"Acetylcholinesterase 6-[4-[(7-chloranyl-1,2,3,4-tetrahydroacridin-9-yl)amino]butyl]-2-[(oxidanylamino)methyl]pyridin-3-ol E2W 2-acetamido-2-deoxy-beta-D-glucopyranose NAG bound inhibitor Tetronarce californica",https://files.rcsb.org/download/2XMD.cif,verified,WAR/Acetylcholinesterase/2xmd.cif,WAR/Acetylcholinesterase/2xmd.cif,true,922683,,2026-06-05T09:52:45Z
1som,1SOM,Acetylcholinesterase,rcsb,"Acetylcholinesterase 6-[4-[(7-chloranyl-1,2,3,4-tetrahydroacridin-9-yl)amino]butyl]-2-[(oxidanylamino)methyl]pyridin-3-ol E2W 2-acetamido-2-deoxy-beta-D-glucopyranose NAG bound inhibitor Tetronarce californica",https://files.rcsb.org/download/1SOM.cif,verified,WAR/Acetylcholinesterase/1som.cif,WAR/Acetylcholinesterase/1som.cif,true,490241,,2026-06-05T09:52:43Z
2xud,2XUD,Acetylcholinesterase,rcsb,"Acetylcholinesterase 6-[4-[(7-chloranyl-1,2,3,4-tetrahydroacridin-9-yl)amino]butyl]-2-[(oxidanylamino)methyl]pyridin-3-ol E2W 2-acetamido-2-deoxy-beta-D-glucopyranose NAG bound inhibitor Tetronarce californica",https://files.rcsb.org/download/2XUD.cif,verified,WAR/Acetylcholinesterase/2xud.cif,WAR/Acetylcholinesterase/2xud.cif,true,1617669,,2026-06-05T09:52:45Z
2xug,2XUG,Acetylcholinesterase,rcsb,"Acetylcholinesterase 6-[4-[(7-chloranyl-1,2,3,4-tetrahydroacridin-9-yl)amino]butyl]-2-[(oxidanylamino)methyl]pyridin-3-ol E2W 2-acetamido-2-deoxy-beta-D-glucopyranose NAG bound inhibitor Tetronarce californica",https://files.rcsb.org/download/2XUG.cif,verified,WAR/Acetylcholinesterase/2xug.cif,WAR/Acetylcholinesterase/2xug.cif,true,1658131,,2026-06-05T09:52:45Z
2xuh,2XUH,Acetylcholinesterase,rcsb,"Acetylcholinesterase 6-[4-[(7-chloranyl-1,2,3,4-tetrahydroacridin-9-yl)amino]butyl]-2-[(oxidanylamino)methyl]pyridin-3-ol E2W 2-acetamido-2-deoxy-beta-D-glucopyranose NAG bound inhibitor Tetronarce californica",https://files.rcsb.org/download/2XUH.cif,verified,WAR/Acetylcholinesterase/2xuh.cif,WAR/Acetylcholinesterase/2xuh.cif,true,1617054,,2026-06-05T09:52:45Z
2xui,2XUI,Acetylcholinesterase,rcsb,"Acetylcholinesterase 6-[4-[(7-chloranyl-1,2,3,4-tetrahydroacridin-9-yl)amino]butyl]-2-[(oxidanylamino)methyl]pyridin-3-ol E2W 2-acetamido-2-deoxy-beta-D-glucopyranose NAG bound inhibitor Tetronarce californica",https://files.rcsb.org/download/2XUI.cif,verified,WAR/Acetylcholinesterase/2xui.cif,WAR/Acetylcholinesterase/2xui.cif,true,1640487,,2026-06-05T09:52:45Z
2xuj,2XUJ,Acetylcholinesterase,rcsb,"Acetylcholinesterase 6-[4-[(7-chloranyl-1,2,3,4-tetrahydroacridin-9-yl)amino]butyl]-2-[(oxidanylamino)methyl]pyridin-3-ol E2W 2-acetamido-2-deoxy-beta-D-glucopyranose NAG bound inhibitor Tetronarce californica",https://files.rcsb.org/download/2XUJ.cif,verified,WAR/Acetylcholinesterase/2xuj.cif,WAR/Acetylcholinesterase/2xuj.cif,true,1639100,,2026-06-05T09:52:45Z
2xuk,2XUK,Acetylcholinesterase,rcsb,"Acetylcholinesterase 6-[4-[(7-chloranyl-1,2,3,4-tetrahydroacridin-9-yl)amino]butyl]-2-[(oxidanylamino)methyl]pyridin-3-ol E2W 2-acetamido-2-deoxy-beta-D-glucopyranose NAG bound inhibitor Tetronarce californica",https://files.rcsb.org/download/2XUK.cif,verified,WAR/Acetylcholinesterase/2xuk.cif,WAR/Acetylcholinesterase/2xuk.cif,true,1622154,,2026-06-05T09:52:45Z
2xuo,2XUO,Acetylcholinesterase,rcsb,"Acetylcholinesterase 6-[4-[(7-chloranyl-1,2,3,4-tetrahydroacridin-9-yl)amino]butyl]-2-[(oxidanylamino)methyl]pyridin-3-ol E2W 2-acetamido-2-deoxy-beta-D-glucopyranose NAG bound inhibitor Tetronarce californica",https://files.rcsb.org/download/2XUO.cif,verified,WAR/Acetylcholinesterase/2xuo.cif,WAR/Acetylcholinesterase/2xuo.cif,true,1618998,,2026-06-05T09:52:45Z
2xqf,2XQF,Acetylcholinesterase,rcsb,"Acetylcholinesterase 6-[4-[(7-chloranyl-1,2,3,4-tetrahydroacridin-9-yl)amino]butyl]-2-[(oxidanylamino)methyl]pyridin-3-ol E2W 2-acetamido-2-deoxy-beta-D-glucopyranose NAG bound inhibitor Tetronarce californica",https://files.rcsb.org/download/2XQF.cif,verified,WAR/Acetylcholinesterase/2xqf.cif,WAR/Acetylcholinesterase/2xqf.cif,true,962412,,2026-06-05T09:52:45Z
2xup,2XUP,Acetylcholinesterase,rcsb,"Acetylcholinesterase 6-[4-[(7-chloranyl-1,2,3,4-tetrahydroacridin-9-yl)amino]butyl]-2-[(oxidanylamino)methyl]pyridin-3-ol E2W 2-acetamido-2-deoxy-beta-D-glucopyranose NAG bound inhibitor Tetronarce californica",https://files.rcsb.org/download/2XUP.cif,verified,WAR/Acetylcholinesterase/2xup.cif,WAR/Acetylcholinesterase/2xup.cif,true,1641361,,2026-06-05T09:52:45Z
2xuq,2XUQ,Acetylcholinesterase,rcsb,"Acetylcholinesterase 6-[4-[(7-chloranyl-1,2,3,4-tetrahydroacridin-9-yl)amino]butyl]-2-[(oxidanylamino)methyl]pyridin-3-ol E2W 2-acetamido-2-deoxy-beta-D-glucopyranose NAG bound inhibitor Tetronarce californica",https://files.rcsb.org/download/2XUQ.cif,verified,WAR/Acetylcholinesterase/2xuq.cif,WAR/Acetylcholinesterase/2xuq.cif,true,1617825,,2026-06-05T09:52:45Z
2y2u,2Y2U,Acetylcholinesterase,rcsb,"Acetylcholinesterase 6-[4-[(7-chloranyl-1,2,3,4-tetrahydroacridin-9-yl)amino]butyl]-2-[(oxidanylamino)methyl]pyridin-3-ol E2W 2-acetamido-2-deoxy-beta-D-glucopyranose NAG bound inhibitor Tetronarce californica",https://files.rcsb.org/download/2Y2U.cif,verified,WAR/Acetylcholinesterase/2y2u.cif,WAR/Acetylcholinesterase/2y2u.cif,true,941456,,2026-06-05T09:52:45Z
2y2v,2Y2V,Acetylcholinesterase,rcsb,"Acetylcholinesterase 6-[4-[(7-chloranyl-1,2,3,4-tetrahydroacridin-9-yl)amino]butyl]-2-[(oxidanylamino)methyl]pyridin-3-ol E2W 2-acetamido-2-deoxy-beta-D-glucopyranose NAG bound inhibitor Tetronarce californica",https://files.rcsb.org/download/2Y2V.cif,verified,WAR/Acetylcholinesterase/2y2v.cif,WAR/Acetylcholinesterase/2y2v.cif,true,1003884,,2026-06-05T09:52:45Z
2ymx,2YMX,Acetylcholinesterase,rcsb,"Acetylcholinesterase 6-[4-[(7-chloranyl-1,2,3,4-tetrahydroacridin-9-yl)amino]butyl]-2-[(oxidanylamino)methyl]pyridin-3-ol E2W 2-acetamido-2-deoxy-beta-D-glucopyranose NAG bound inhibitor Tetronarce californica",https://files.rcsb.org/download/2YMX.cif,verified,WAR/Acetylcholinesterase/2ymx.cif,WAR/Acetylcholinesterase/2ymx.cif,true,415558,,2026-06-05T09:52:45Z
2xqi,2XQI,Acetylcholinesterase,rcsb,"Acetylcholinesterase 6-[4-[(7-chloranyl-1,2,3,4-tetrahydroacridin-9-yl)amino]butyl]-2-[(oxidanylamino)methyl]pyridin-3-ol E2W 2-acetamido-2-deoxy-beta-D-glucopyranose NAG bound inhibitor Tetronarce californica",https://files.rcsb.org/download/2XQI.cif,verified,WAR/Acetylcholinesterase/2xqi.cif,WAR/Acetylcholinesterase/2xqi.cif,true,930575,,2026-06-05T09:52:45Z
2xqj,2XQJ,Acetylcholinesterase,rcsb,"Acetylcholinesterase 6-[4-[(7-chloranyl-1,2,3,4-tetrahydroacridin-9-yl)amino]butyl]-2-[(oxidanylamino)methyl]pyridin-3-ol E2W 2-acetamido-2-deoxy-beta-D-glucopyranose NAG bound inhibitor Tetronarce californica",https://files.rcsb.org/download/2XQJ.cif,verified,WAR/Acetylcholinesterase/2xqj.cif,WAR/Acetylcholinesterase/2xqj.cif,true,935157,,2026-06-05T09:52:45Z
2xqk,2XQK,Acetylcholinesterase,rcsb,"Acetylcholinesterase 6-[4-[(7-chloranyl-1,2,3,4-tetrahydroacridin-9-yl)amino]butyl]-2-[(oxidanylamino)methyl]pyridin-3-ol E2W 2-acetamido-2-deoxy-beta-D-glucopyranose NAG bound inhibitor Tetronarce californica",https://files.rcsb.org/download/2XQK.cif,verified,WAR/Acetylcholinesterase/2xqk.cif,WAR/Acetylcholinesterase/2xqk.cif,true,943361,,2026-06-05T09:52:45Z
3dl4,3DL4,Acetylcholinesterase,rcsb,"Acetylcholinesterase 6-[4-[(7-chloranyl-1,2,3,4-tetrahydroacridin-9-yl)amino]butyl]-2-[(oxidanylamino)methyl]pyridin-3-ol E2W 2-acetamido-2-deoxy-beta-D-glucopyranose NAG bound inhibitor Tetronarce californica",https://files.rcsb.org/download/3DL4.cif,verified,WAR/Acetylcholinesterase/3dl4.cif,WAR/Acetylcholinesterase/3dl4.cif,true,900822,,2026-06-05T09:52:46Z
2xqg,2XQG,Acetylcholinesterase,rcsb,"Acetylcholinesterase 6-[4-[(7-chloranyl-1,2,3,4-tetrahydroacridin-9-yl)amino]butyl]-2-[(oxidanylamino)methyl]pyridin-3-ol E2W 2-acetamido-2-deoxy-beta-D-glucopyranose NAG bound inhibitor Tetronarce californica",https://files.rcsb.org/download/2XQG.cif,verified,WAR/Acetylcholinesterase/2xqg.cif,WAR/Acetylcholinesterase/2xqg.cif,true,955542,,2026-06-05T09:52:45Z
3dl7,3DL7,Acetylcholinesterase,rcsb,"Acetylcholinesterase 6-[4-[(7-chloranyl-1,2,3,4-tetrahydroacridin-9-yl)amino]butyl]-2-[(oxidanylamino)methyl]pyridin-3-ol E2W 2-acetamido-2-deoxy-beta-D-glucopyranose NAG bound inhibitor Tetronarce californica",https://files.rcsb.org/download/3DL7.cif,verified,WAR/Acetylcholinesterase/3dl7.cif,WAR/Acetylcholinesterase/3dl7.cif,true,952309,,2026-06-05T09:52:46Z
3i6m,3I6M,Acetylcholinesterase,rcsb,"Acetylcholinesterase 6-[4-[(7-chloranyl-1,2,3,4-tetrahydroacridin-9-yl)amino]butyl]-2-[(oxidanylamino)methyl]pyridin-3-ol E2W 2-acetamido-2-deoxy-beta-D-glucopyranose NAG bound inhibitor Tetronarce californica",https://files.rcsb.org/download/3I6M.cif,verified,WAR/Acetylcholinesterase/3i6m.cif,WAR/Acetylcholinesterase/3i6m.cif,true,522548,,2026-06-05T09:52:46Z
3gel,3GEL,Acetylcholinesterase,rcsb,"Acetylcholinesterase 6-[4-[(7-chloranyl-1,2,3,4-tetrahydroacridin-9-yl)amino]butyl]-2-[(oxidanylamino)methyl]pyridin-3-ol E2W 2-acetamido-2-deoxy-beta-D-glucopyranose NAG bound inhibitor Tetronarce californica",https://files.rcsb.org/download/3GEL.cif,verified,WAR/Acetylcholinesterase/3gel.cif,WAR/Acetylcholinesterase/3gel.cif,true,497803,,2026-06-05T09:52:46Z
3i6z,3I6Z,Acetylcholinesterase,rcsb,"Acetylcholinesterase 6-[4-[(7-chloranyl-1,2,3,4-tetrahydroacridin-9-yl)amino]butyl]-2-[(oxidanylamino)methyl]pyridin-3-ol E2W 2-acetamido-2-deoxy-beta-D-glucopyranose NAG bound inhibitor Tetronarce californica",https://files.rcsb.org/download/3I6Z.cif,verified,WAR/Acetylcholinesterase/3i6z.cif,WAR/Acetylcholinesterase/3i6z.cif,true,518742,,2026-06-05T09:52:46Z
3lii,3LII,Acetylcholinesterase,rcsb,"Acetylcholinesterase 6-[4-[(7-chloranyl-1,2,3,4-tetrahydroacridin-9-yl)amino]butyl]-2-[(oxidanylamino)methyl]pyridin-3-ol E2W 2-acetamido-2-deoxy-beta-D-glucopyranose NAG bound inhibitor Tetronarce californica",https://files.rcsb.org/download/3LII.cif,verified,WAR/Acetylcholinesterase/3lii.cif,WAR/Acetylcholinesterase/3lii.cif,true,896174,,2026-06-05T09:52:46Z
3m3d,3M3D,Acetylcholinesterase,rcsb,"Acetylcholinesterase 6-[4-[(7-chloranyl-1,2,3,4-tetrahydroacridin-9-yl)amino]butyl]-2-[(oxidanylamino)methyl]pyridin-3-ol E2W 2-acetamido-2-deoxy-beta-D-glucopyranose NAG bound inhibitor Tetronarce californica",https://files.rcsb.org/download/3M3D.cif,verified,WAR/Acetylcholinesterase/3m3d.cif,WAR/Acetylcholinesterase/3m3d.cif,true,510144,,2026-06-05T09:52:46Z
2xuf,2XUF,Acetylcholinesterase,rcsb,"Acetylcholinesterase 6-[4-[(7-chloranyl-1,2,3,4-tetrahydroacridin-9-yl)amino]butyl]-2-[(oxidanylamino)methyl]pyridin-3-ol E2W 2-acetamido-2-deoxy-beta-D-glucopyranose NAG bound inhibitor Tetronarce californica",https://files.rcsb.org/download/2XUF.cif,verified,WAR/Acetylcholinesterase/2xuf.cif,WAR/Acetylcholinesterase/2xuf.cif,true,1651901,,2026-06-05T09:52:45Z
2zfh,2ZFH,Acetylcholinesterase,rcsb,"Acetylcholinesterase 6-[4-[(7-chloranyl-1,2,3,4-tetrahydroacridin-9-yl)amino]butyl]-2-[(oxidanylamino)methyl]pyridin-3-ol E2W 2-acetamido-2-deoxy-beta-D-glucopyranose NAG bound inhibitor Tetronarce californica",https://files.rcsb.org/download/2ZFH.cif,verified,WAR/Acetylcholinesterase/2zfh.cif,WAR/Acetylcholinesterase/2zfh.cif,true,592630,,2026-06-05T09:52:46Z
3zlv,3ZLV,Acetylcholinesterase,rcsb,"Acetylcholinesterase 6-[4-[(7-chloranyl-1,2,3,4-tetrahydroacridin-9-yl)amino]butyl]-2-[(oxidanylamino)methyl]pyridin-3-ol E2W 2-acetamido-2-deoxy-beta-D-glucopyranose NAG bound inhibitor Tetronarce californica",https://files.rcsb.org/download/3ZLV.cif,verified,WAR/Acetylcholinesterase/3zlv.cif,WAR/Acetylcholinesterase/3zlv.cif,true,984128,,2026-06-05T09:52:46Z
3zv7,3ZV7,Acetylcholinesterase,rcsb,"Acetylcholinesterase 6-[4-[(7-chloranyl-1,2,3,4-tetrahydroacridin-9-yl)amino]butyl]-2-[(oxidanylamino)methyl]pyridin-3-ol E2W 2-acetamido-2-deoxy-beta-D-glucopyranose NAG bound inhibitor Tetronarce californica",https://files.rcsb.org/download/3ZV7.cif,verified,WAR/Acetylcholinesterase/3zv7.cif,WAR/Acetylcholinesterase/3zv7.cif,true,553466,,2026-06-05T09:52:46Z
4a16,4A16,Acetylcholinesterase,rcsb,"Acetylcholinesterase 6-[4-[(7-chloranyl-1,2,3,4-tetrahydroacridin-9-yl)amino]butyl]-2-[(oxidanylamino)methyl]pyridin-3-ol E2W 2-acetamido-2-deoxy-beta-D-glucopyranose NAG bound inhibitor Tetronarce californica",https://files.rcsb.org/download/4A16.cif,verified,WAR/Acetylcholinesterase/4a16.cif,WAR/Acetylcholinesterase/4a16.cif,true,3539757,,2026-06-05T09:52:46Z
3djy,3DJY,Acetylcholinesterase,rcsb,"Acetylcholinesterase 6-[4-[(7-chloranyl-1,2,3,4-tetrahydroacridin-9-yl)amino]butyl]-2-[(oxidanylamino)methyl]pyridin-3-ol E2W 2-acetamido-2-deoxy-beta-D-glucopyranose NAG bound inhibitor Tetronarce californica",https://files.rcsb.org/download/3DJY.cif,verified,WAR/Acetylcholinesterase/3djy.cif,WAR/Acetylcholinesterase/3djy.cif,true,505495,,2026-06-05T09:52:46Z
4a23,4A23,Acetylcholinesterase,rcsb,"Acetylcholinesterase 6-[4-[(7-chloranyl-1,2,3,4-tetrahydroacridin-9-yl)amino]butyl]-2-[(oxidanylamino)methyl]pyridin-3-ol E2W 2-acetamido-2-deoxy-beta-D-glucopyranose NAG bound inhibitor Tetronarce californica",https://files.rcsb.org/download/4A23.cif,verified,WAR/Acetylcholinesterase/4a23.cif,WAR/Acetylcholinesterase/4a23.cif,true,1016096,,2026-06-05T09:52:46Z
4ara,4ARA,Acetylcholinesterase,rcsb,"Acetylcholinesterase 6-[4-[(7-chloranyl-1,2,3,4-tetrahydroacridin-9-yl)amino]butyl]-2-[(oxidanylamino)methyl]pyridin-3-ol E2W 2-acetamido-2-deoxy-beta-D-glucopyranose NAG bound inhibitor Tetronarce californica",https://files.rcsb.org/download/4ARA.cif,verified,WAR/Acetylcholinesterase/4ara.cif,WAR/Acetylcholinesterase/4ara.cif,true,1728043,,2026-06-05T09:52:46Z
3dkk,3DKK,Acetylcholinesterase,rcsb,"Acetylcholinesterase 6-[4-[(7-chloranyl-1,2,3,4-tetrahydroacridin-9-yl)amino]butyl]-2-[(oxidanylamino)methyl]pyridin-3-ol E2W 2-acetamido-2-deoxy-beta-D-glucopyranose NAG bound inhibitor Tetronarce californica",https://files.rcsb.org/download/3DKK.cif,verified,WAR/Acetylcholinesterase/3dkk.cif,WAR/Acetylcholinesterase/3dkk.cif,true,507142,,2026-06-05T09:52:46Z
4arb,4ARB,Acetylcholinesterase,rcsb,"Acetylcholinesterase 6-[4-[(7-chloranyl-1,2,3,4-tetrahydroacridin-9-yl)amino]butyl]-2-[(oxidanylamino)methyl]pyridin-3-ol E2W 2-acetamido-2-deoxy-beta-D-glucopyranose NAG bound inhibitor Tetronarce californica",https://files.rcsb.org/download/4ARB.cif,verified,WAR/Acetylcholinesterase/4arb.cif,WAR/Acetylcholinesterase/4arb.cif,true,1746594,,2026-06-05T09:52:46Z
3o9m,3O9M,Acetylcholinesterase,rcsb,"Acetylcholinesterase 6-[4-[(7-chloranyl-1,2,3,4-tetrahydroacridin-9-yl)amino]butyl]-2-[(oxidanylamino)methyl]pyridin-3-ol E2W 2-acetamido-2-deoxy-beta-D-glucopyranose NAG bound inhibitor Tetronarce californica",https://files.rcsb.org/download/3O9M.cif,verified,WAR/Acetylcholinesterase/3o9m.cif,WAR/Acetylcholinesterase/3o9m.cif,true,866491,,2026-06-05T09:52:46Z
3zlu,3ZLU,Acetylcholinesterase,rcsb,"Acetylcholinesterase 6-[4-[(7-chloranyl-1,2,3,4-tetrahydroacridin-9-yl)amino]butyl]-2-[(oxidanylamino)methyl]pyridin-3-ol E2W 2-acetamido-2-deoxy-beta-D-glucopyranose NAG bound inhibitor Tetronarce californica",https://files.rcsb.org/download/3ZLU.cif,verified,WAR/Acetylcholinesterase/3zlu.cif,WAR/Acetylcholinesterase/3zlu.cif,true,944626,,2026-06-05T09:52:46Z
3zlt,3ZLT,Acetylcholinesterase,rcsb,"Acetylcholinesterase 6-[4-[(7-chloranyl-1,2,3,4-tetrahydroacridin-9-yl)amino]butyl]-2-[(oxidanylamino)methyl]pyridin-3-ol E2W 2-acetamido-2-deoxy-beta-D-glucopyranose NAG bound inhibitor Tetronarce californica",https://files.rcsb.org/download/3ZLT.cif,verified,WAR/Acetylcholinesterase/3zlt.cif,WAR/Acetylcholinesterase/3zlt.cif,true,968485,,2026-06-05T09:52:46Z
4b7z,4B7Z,Acetylcholinesterase,rcsb,"Acetylcholinesterase 6-[4-[(7-chloranyl-1,2,3,4-tetrahydroacridin-9-yl)amino]butyl]-2-[(oxidanylamino)methyl]pyridin-3-ol E2W 2-acetamido-2-deoxy-beta-D-glucopyranose NAG bound inhibitor Tetronarce californica",https://files.rcsb.org/download/4B7Z.cif,verified,WAR/Acetylcholinesterase/4b7z.cif,WAR/Acetylcholinesterase/4b7z.cif,true,1714517,,2026-06-05T09:52:46Z
4b80,4B80,Acetylcholinesterase,rcsb,"Acetylcholinesterase 6-[4-[(7-chloranyl-1,2,3,4-tetrahydroacridin-9-yl)amino]butyl]-2-[(oxidanylamino)methyl]pyridin-3-ol E2W 2-acetamido-2-deoxy-beta-D-glucopyranose NAG bound inhibitor Tetronarce californica",https://files.rcsb.org/download/4B80.cif,verified,WAR/Acetylcholinesterase/4b80.cif,WAR/Acetylcholinesterase/4b80.cif,true,1670196,,2026-06-05T09:52:46Z
4b81,4B81,Acetylcholinesterase,rcsb,"Acetylcholinesterase 6-[4-[(7-chloranyl-1,2,3,4-tetrahydroacridin-9-yl)amino]butyl]-2-[(oxidanylamino)methyl]pyridin-3-ol E2W 2-acetamido-2-deoxy-beta-D-glucopyranose NAG bound inhibitor Tetronarce californica",https://files.rcsb.org/download/4B81.cif,verified,WAR/Acetylcholinesterase/4b81.cif,WAR/Acetylcholinesterase/4b81.cif,true,1648558,,2026-06-05T09:52:46Z
4b82,4B82,Acetylcholinesterase,rcsb,"Acetylcholinesterase 6-[4-[(7-chloranyl-1,2,3,4-tetrahydroacridin-9-yl)amino]butyl]-2-[(oxidanylamino)methyl]pyridin-3-ol E2W 2-acetamido-2-deoxy-beta-D-glucopyranose NAG bound inhibitor Tetronarce californica",https://files.rcsb.org/download/4B82.cif,verified,WAR/Acetylcholinesterase/4b82.cif,WAR/Acetylcholinesterase/4b82.cif,true,1739946,,2026-06-05T09:52:46Z
4b83,4B83,Acetylcholinesterase,rcsb,"Acetylcholinesterase 6-[4-[(7-chloranyl-1,2,3,4-tetrahydroacridin-9-yl)amino]butyl]-2-[(oxidanylamino)methyl]pyridin-3-ol E2W 2-acetamido-2-deoxy-beta-D-glucopyranose NAG bound inhibitor Tetronarce californica",https://files.rcsb.org/download/4B83.cif,verified,WAR/Acetylcholinesterase/4b83.cif,WAR/Acetylcholinesterase/4b83.cif,true,1690107,,2026-06-05T09:52:46Z
4b84,4B84,Acetylcholinesterase,rcsb,"Acetylcholinesterase 6-[4-[(7-chloranyl-1,2,3,4-tetrahydroacridin-9-yl)amino]butyl]-2-[(oxidanylamino)methyl]pyridin-3-ol E2W 2-acetamido-2-deoxy-beta-D-glucopyranose NAG bound inhibitor Tetronarce californica",https://files.rcsb.org/download/4B84.cif,verified,WAR/Acetylcholinesterase/4b84.cif,WAR/Acetylcholinesterase/4b84.cif,true,1669222,,2026-06-05T09:52:46Z
4b85,4B85,Acetylcholinesterase,rcsb,"Acetylcholinesterase 6-[4-[(7-chloranyl-1,2,3,4-tetrahydroacridin-9-yl)amino]butyl]-2-[(oxidanylamino)methyl]pyridin-3-ol E2W 2-acetamido-2-deoxy-beta-D-glucopyranose NAG bound inhibitor Tetronarce californica",https://files.rcsb.org/download/4B85.cif,verified,WAR/Acetylcholinesterase/4b85.cif,WAR/Acetylcholinesterase/4b85.cif,true,1725776,,2026-06-05T09:52:46Z
4b0o,4B0O,Acetylcholinesterase,rcsb,"Acetylcholinesterase 6-[4-[(7-chloranyl-1,2,3,4-tetrahydroacridin-9-yl)amino]butyl]-2-[(oxidanylamino)methyl]pyridin-3-ol E2W 2-acetamido-2-deoxy-beta-D-glucopyranose NAG bound inhibitor Tetronarce californica",https://files.rcsb.org/download/4B0O.cif,verified,WAR/Acetylcholinesterase/4b0o.cif,WAR/Acetylcholinesterase/4b0o.cif,true,966975,,2026-06-05T09:52:46Z
4axb,4AXB,Acetylcholinesterase,rcsb,"Acetylcholinesterase 6-[4-[(7-chloranyl-1,2,3,4-tetrahydroacridin-9-yl)amino]butyl]-2-[(oxidanylamino)methyl]pyridin-3-ol E2W 2-acetamido-2-deoxy-beta-D-glucopyranose NAG bound inhibitor Tetronarce californica",https://files.rcsb.org/download/4AXB.cif,verified,WAR/Acetylcholinesterase/4axb.cif,WAR/Acetylcholinesterase/4axb.cif,true,962373,,2026-06-05T09:52:46Z
4bc1,4BC1,Acetylcholinesterase,rcsb,"Acetylcholinesterase 6-[4-[(7-chloranyl-1,2,3,4-tetrahydroacridin-9-yl)amino]butyl]-2-[(oxidanylamino)methyl]pyridin-3-ol E2W 2-acetamido-2-deoxy-beta-D-glucopyranose NAG bound inhibitor Tetronarce californica",https://files.rcsb.org/download/4BC1.cif,verified,WAR/Acetylcholinesterase/4bc1.cif,WAR/Acetylcholinesterase/4bc1.cif,true,3385393,,2026-06-05T09:52:46Z
4aqd,4AQD,Acetylcholinesterase,rcsb,"Acetylcholinesterase 6-[4-[(7-chloranyl-1,2,3,4-tetrahydroacridin-9-yl)amino]butyl]-2-[(oxidanylamino)methyl]pyridin-3-ol E2W 2-acetamido-2-deoxy-beta-D-glucopyranose NAG bound inhibitor Tetronarce californica",https://files.rcsb.org/download/4AQD.cif,verified,WAR/Acetylcholinesterase/4aqd.cif,WAR/Acetylcholinesterase/4aqd.cif,true,1757872,,2026-06-05T09:52:46Z
4bdt,4BDT,Acetylcholinesterase,rcsb,"Acetylcholinesterase 6-[4-[(7-chloranyl-1,2,3,4-tetrahydroacridin-9-yl)amino]butyl]-2-[(oxidanylamino)methyl]pyridin-3-ol E2W 2-acetamido-2-deoxy-beta-D-glucopyranose NAG bound inhibitor Tetronarce californica",https://files.rcsb.org/download/4BDT.cif,verified,WAR/Acetylcholinesterase/4bdt.cif,WAR/Acetylcholinesterase/4bdt.cif,true,1016944,,2026-06-05T09:52:46Z
4btl,4BTL,Acetylcholinesterase,rcsb,"Acetylcholinesterase 6-[4-[(7-chloranyl-1,2,3,4-tetrahydroacridin-9-yl)amino]butyl]-2-[(oxidanylamino)methyl]pyridin-3-ol E2W 2-acetamido-2-deoxy-beta-D-glucopyranose NAG bound inhibitor Tetronarce californica",https://files.rcsb.org/download/4BTL.cif,verified,WAR/Acetylcholinesterase/4btl.cif,WAR/Acetylcholinesterase/4btl.cif,true,1715567,,2026-06-05T09:52:46Z
4ey4,4EY4,Acetylcholinesterase,rcsb,"Acetylcholinesterase 6-[4-[(7-chloranyl-1,2,3,4-tetrahydroacridin-9-yl)amino]butyl]-2-[(oxidanylamino)methyl]pyridin-3-ol E2W 2-acetamido-2-deoxy-beta-D-glucopyranose NAG bound inhibitor Tetronarce californica",https://files.rcsb.org/download/4EY4.cif,verified,WAR/Acetylcholinesterase/4ey4.cif,WAR/Acetylcholinesterase/4ey4.cif,true,938399,,2026-06-05T09:52:46Z
4b0p,4B0P,Acetylcholinesterase,rcsb,"Acetylcholinesterase 6-[4-[(7-chloranyl-1,2,3,4-tetrahydroacridin-9-yl)amino]butyl]-2-[(oxidanylamino)methyl]pyridin-3-ol E2W 2-acetamido-2-deoxy-beta-D-glucopyranose NAG bound inhibitor Tetronarce californica",https://files.rcsb.org/download/4B0P.cif,verified,WAR/Acetylcholinesterase/4b0p.cif,WAR/Acetylcholinesterase/4b0p.cif,true,913998,,2026-06-05T09:52:46Z
4ey5,4EY5,Acetylcholinesterase,rcsb,"Acetylcholinesterase 6-[4-[(7-chloranyl-1,2,3,4-tetrahydroacridin-9-yl)amino]butyl]-2-[(oxidanylamino)methyl]pyridin-3-ol E2W 2-acetamido-2-deoxy-beta-D-glucopyranose NAG bound inhibitor Tetronarce californica",https://files.rcsb.org/download/4EY5.cif,verified,WAR/Acetylcholinesterase/4ey5.cif,WAR/Acetylcholinesterase/4ey5.cif,true,934765,,2026-06-05T09:52:46Z
4ey6,4EY6,Acetylcholinesterase,rcsb,"Acetylcholinesterase 6-[4-[(7-chloranyl-1,2,3,4-tetrahydroacridin-9-yl)amino]butyl]-2-[(oxidanylamino)methyl]pyridin-3-ol E2W 2-acetamido-2-deoxy-beta-D-glucopyranose NAG bound inhibitor Tetronarce californica",https://files.rcsb.org/download/4EY6.cif,verified,WAR/Acetylcholinesterase/4ey6.cif,WAR/Acetylcholinesterase/4ey6.cif,true,942875,,2026-06-05T09:52:46Z
4ey7,4EY7,Acetylcholinesterase,rcsb,"Acetylcholinesterase 6-[4-[(7-chloranyl-1,2,3,4-tetrahydroacridin-9-yl)amino]butyl]-2-[(oxidanylamino)methyl]pyridin-3-ol E2W 2-acetamido-2-deoxy-beta-D-glucopyranose NAG bound inhibitor Tetronarce californica",https://files.rcsb.org/download/4EY7.cif,verified,WAR/Acetylcholinesterase/4ey7.cif,WAR/Acetylcholinesterase/4ey7.cif,true,959527,,2026-06-05T09:52:46Z
4ey8,4EY8,Acetylcholinesterase,rcsb,"Acetylcholinesterase 6-[4-[(7-chloranyl-1,2,3,4-tetrahydroacridin-9-yl)amino]butyl]-2-[(oxidanylamino)methyl]pyridin-3-ol E2W 2-acetamido-2-deoxy-beta-D-glucopyranose NAG bound inhibitor Tetronarce californica",https://files.rcsb.org/download/4EY8.cif,verified,WAR/Acetylcholinesterase/4ey8.cif,WAR/Acetylcholinesterase/4ey8.cif,true,527409,,2026-06-05T09:52:46Z
4m0e,4M0E,Acetylcholinesterase,rcsb,"Acetylcholinesterase 6-[4-[(7-chloranyl-1,2,3,4-tetrahydroacridin-9-yl)amino]butyl]-2-[(oxidanylamino)methyl]pyridin-3-ol E2W 2-acetamido-2-deoxy-beta-D-glucopyranose NAG bound inhibitor Tetronarce californica",https://files.rcsb.org/download/4M0E.cif,verified,WAR/Acetylcholinesterase/4m0e.cif,WAR/Acetylcholinesterase/4m0e.cif,true,1068155,,2026-06-05T09:52:46Z
4m0f,4M0F,Acetylcholinesterase,rcsb,"Acetylcholinesterase 6-[4-[(7-chloranyl-1,2,3,4-tetrahydroacridin-9-yl)amino]butyl]-2-[(oxidanylamino)methyl]pyridin-3-ol E2W 2-acetamido-2-deoxy-beta-D-glucopyranose NAG bound inhibitor Tetronarce californica",https://files.rcsb.org/download/4M0F.cif,verified,WAR/Acetylcholinesterase/4m0f.cif,WAR/Acetylcholinesterase/4m0f.cif,true,944621,,2026-06-05T09:52:46Z
4pqe,4PQE,Acetylcholinesterase,rcsb,"Acetylcholinesterase 6-[4-[(7-chloranyl-1,2,3,4-tetrahydroacridin-9-yl)amino]butyl]-2-[(oxidanylamino)methyl]pyridin-3-ol E2W 2-acetamido-2-deoxy-beta-D-glucopyranose NAG bound inhibitor Tetronarce californica",https://files.rcsb.org/download/4PQE.cif,verified,WAR/Acetylcholinesterase/4pqe.cif,WAR/Acetylcholinesterase/4pqe.cif,true,459608,,2026-06-05T09:52:47Z
4qww,4QWW,Acetylcholinesterase,rcsb,"Acetylcholinesterase 6-[4-[(7-chloranyl-1,2,3,4-tetrahydroacridin-9-yl)amino]butyl]-2-[(oxidanylamino)methyl]pyridin-3-ol E2W 2-acetamido-2-deoxy-beta-D-glucopyranose NAG bound inhibitor Tetronarce californica",https://files.rcsb.org/download/4QWW.cif,verified,WAR/Acetylcholinesterase/4qww.cif,WAR/Acetylcholinesterase/4qww.cif,true,2910057,,2026-06-05T09:52:47Z
4tvk,4TVK,Acetylcholinesterase,rcsb,"Acetylcholinesterase 6-[4-[(7-chloranyl-1,2,3,4-tetrahydroacridin-9-yl)amino]butyl]-2-[(oxidanylamino)methyl]pyridin-3-ol E2W 2-acetamido-2-deoxy-beta-D-glucopyranose NAG bound inhibitor Tetronarce californica",https://files.rcsb.org/download/4TVK.cif,verified,WAR/Acetylcholinesterase/4tvk.cif,WAR/Acetylcholinesterase/4tvk.cif,true,533268,,2026-06-05T09:52:47Z
4w63,4W63,Acetylcholinesterase,rcsb,"Acetylcholinesterase 6-[4-[(7-chloranyl-1,2,3,4-tetrahydroacridin-9-yl)amino]butyl]-2-[(oxidanylamino)methyl]pyridin-3-ol E2W 2-acetamido-2-deoxy-beta-D-glucopyranose NAG bound inhibitor Tetronarce californica",https://files.rcsb.org/download/4W63.cif,verified,WAR/Acetylcholinesterase/4w63.cif,WAR/Acetylcholinesterase/4w63.cif,true,505880,,2026-06-05T09:52:47Z
4bbz,4BBZ,Acetylcholinesterase,rcsb,"Acetylcholinesterase 6-[4-[(7-chloranyl-1,2,3,4-tetrahydroacridin-9-yl)amino]butyl]-2-[(oxidanylamino)methyl]pyridin-3-ol E2W 2-acetamido-2-deoxy-beta-D-glucopyranose NAG bound inhibitor Tetronarce californica",https://files.rcsb.org/download/4BBZ.cif,verified,WAR/Acetylcholinesterase/4bbz.cif,WAR/Acetylcholinesterase/4bbz.cif,true,900452,,2026-06-05T09:52:46Z
4x3c,4X3C,Acetylcholinesterase,rcsb,"Acetylcholinesterase 6-[4-[(7-chloranyl-1,2,3,4-tetrahydroacridin-9-yl)amino]butyl]-2-[(oxidanylamino)methyl]pyridin-3-ol E2W 2-acetamido-2-deoxy-beta-D-glucopyranose NAG bound inhibitor Tetronarce californica",https://files.rcsb.org/download/4X3C.cif,verified,WAR/Acetylcholinesterase/4x3c.cif,WAR/Acetylcholinesterase/4x3c.cif,true,507454,,2026-06-05T09:52:47Z
4bds,4BDS,Acetylcholinesterase,rcsb,"Acetylcholinesterase 6-[4-[(7-chloranyl-1,2,3,4-tetrahydroacridin-9-yl)amino]butyl]-2-[(oxidanylamino)methyl]pyridin-3-ol E2W 2-acetamido-2-deoxy-beta-D-glucopyranose NAG bound inhibitor Tetronarce californica",https://files.rcsb.org/download/4BDS.cif,verified,WAR/Acetylcholinesterase/4bds.cif,WAR/Acetylcholinesterase/4bds.cif,true,913314,,2026-06-05T09:52:46Z
4be4,4BE4,Acetylcholinesterase,rcsb,"Acetylcholinesterase 6-[4-[(7-chloranyl-1,2,3,4-tetrahydroacridin-9-yl)amino]butyl]-2-[(oxidanylamino)methyl]pyridin-3-ol E2W 2-acetamido-2-deoxy-beta-D-glucopyranose NAG bound inhibitor Tetronarce californica",https://files.rcsb.org/download/4BE4.cif,verified,WAR/Acetylcholinesterase/4be4.cif,WAR/Acetylcholinesterase/4be4.cif,true,884056,,2026-06-05T09:52:46Z
5bwb,5BWB,Acetylcholinesterase,rcsb,"Acetylcholinesterase 6-[4-[(7-chloranyl-1,2,3,4-tetrahydroacridin-9-yl)amino]butyl]-2-[(oxidanylamino)methyl]pyridin-3-ol E2W 2-acetamido-2-deoxy-beta-D-glucopyranose NAG bound inhibitor Tetronarce californica",https://files.rcsb.org/download/5BWB.cif,verified,WAR/Acetylcholinesterase/5bwb.cif,WAR/Acetylcholinesterase/5bwb.cif,true,504832,,2026-06-05T09:52:47Z
5bwc,5BWC,Acetylcholinesterase,rcsb,"Acetylcholinesterase 6-[4-[(7-chloranyl-1,2,3,4-tetrahydroacridin-9-yl)amino]butyl]-2-[(oxidanylamino)methyl]pyridin-3-ol E2W 2-acetamido-2-deoxy-beta-D-glucopyranose NAG bound inhibitor Tetronarce californica",https://files.rcsb.org/download/5BWC.cif,verified,WAR/Acetylcholinesterase/5bwc.cif,WAR/Acetylcholinesterase/5bwc.cif,true,493760,,2026-06-05T09:52:47Z
5dlp,5DLP,Acetylcholinesterase,rcsb,"Acetylcholinesterase 6-[4-[(7-chloranyl-1,2,3,4-tetrahydroacridin-9-yl)amino]butyl]-2-[(oxidanylamino)methyl]pyridin-3-ol E2W 2-acetamido-2-deoxy-beta-D-glucopyranose NAG bound inhibitor Tetronarce californica",https://files.rcsb.org/download/5DLP.cif,verified,WAR/Acetylcholinesterase/5dlp.cif,WAR/Acetylcholinesterase/5dlp.cif,true,860726,,2026-06-05T09:52:47Z
4bc0,4BC0,Acetylcholinesterase,rcsb,"Acetylcholinesterase 6-[4-[(7-chloranyl-1,2,3,4-tetrahydroacridin-9-yl)amino]butyl]-2-[(oxidanylamino)methyl]pyridin-3-ol E2W 2-acetamido-2-deoxy-beta-D-glucopyranose NAG bound inhibitor Tetronarce californica",https://files.rcsb.org/download/4BC0.cif,verified,WAR/Acetylcholinesterase/4bc0.cif,WAR/Acetylcholinesterase/4bc0.cif,true,3305401,,2026-06-05T09:52:46Z
5dti,5DTI,Acetylcholinesterase,rcsb,"Acetylcholinesterase 6-[4-[(7-chloranyl-1,2,3,4-tetrahydroacridin-9-yl)amino]butyl]-2-[(oxidanylamino)methyl]pyridin-3-ol E2W 2-acetamido-2-deoxy-beta-D-glucopyranose NAG bound inhibitor Tetronarce californica",https://files.rcsb.org/download/5DTI.cif,verified,WAR/Acetylcholinesterase/5dti.cif,WAR/Acetylcholinesterase/5dti.cif,true,925748,,2026-06-05T09:52:47Z
5dtj,5DTJ,Acetylcholinesterase,rcsb,"Acetylcholinesterase 6-[4-[(7-chloranyl-1,2,3,4-tetrahydroacridin-9-yl)amino]butyl]-2-[(oxidanylamino)methyl]pyridin-3-ol E2W 2-acetamido-2-deoxy-beta-D-glucopyranose NAG bound inhibitor Tetronarce californica",https://files.rcsb.org/download/5DTJ.cif,verified,WAR/Acetylcholinesterase/5dtj.cif,WAR/Acetylcholinesterase/5dtj.cif,true,1615475,,2026-06-05T09:52:47Z
4xyp,4XYP,Acetylcholinesterase,rcsb,"Acetylcholinesterase 6-[4-[(7-chloranyl-1,2,3,4-tetrahydroacridin-9-yl)amino]butyl]-2-[(oxidanylamino)methyl]pyridin-3-ol E2W 2-acetamido-2-deoxy-beta-D-glucopyranose NAG bound inhibitor Tetronarce californica",https://files.rcsb.org/download/4XYP.cif,verified,WAR/Acetylcholinesterase/4xyp.cif,WAR/Acetylcholinesterase/4xyp.cif,true,163074,,2026-06-05T09:52:47Z
5c8v,5C8V,Acetylcholinesterase,rcsb,"Acetylcholinesterase 6-[4-[(7-chloranyl-1,2,3,4-tetrahydroacridin-9-yl)amino]butyl]-2-[(oxidanylamino)methyl]pyridin-3-ol E2W 2-acetamido-2-deoxy-beta-D-glucopyranose NAG bound inhibitor Tetronarce californica",https://files.rcsb.org/download/5C8V.cif,verified,WAR/Acetylcholinesterase/5c8v.cif,WAR/Acetylcholinesterase/5c8v.cif,true,524569,,2026-06-05T09:52:47Z
5e2i,5E2I,Acetylcholinesterase,rcsb,"Acetylcholinesterase 6-[4-[(7-chloranyl-1,2,3,4-tetrahydroacridin-9-yl)amino]butyl]-2-[(oxidanylamino)methyl]pyridin-3-ol E2W 2-acetamido-2-deoxy-beta-D-glucopyranose NAG bound inhibitor Tetronarce californica",https://files.rcsb.org/download/5E2I.cif,verified,WAR/Acetylcholinesterase/5e2i.cif,WAR/Acetylcholinesterase/5e2i.cif,true,845451,,2026-06-05T09:52:47Z
5e4j,5E4J,Acetylcholinesterase,rcsb,"Acetylcholinesterase 6-[4-[(7-chloranyl-1,2,3,4-tetrahydroacridin-9-yl)amino]butyl]-2-[(oxidanylamino)methyl]pyridin-3-ol E2W 2-acetamido-2-deoxy-beta-D-glucopyranose NAG bound inhibitor Tetronarce californica",https://files.rcsb.org/download/5E4J.cif,verified,WAR/Acetylcholinesterase/5e4j.cif,WAR/Acetylcholinesterase/5e4j.cif,true,848356,,2026-06-05T09:52:47Z
5e4t,5E4T,Acetylcholinesterase,rcsb,"Acetylcholinesterase 6-[4-[(7-chloranyl-1,2,3,4-tetrahydroacridin-9-yl)amino]butyl]-2-[(oxidanylamino)methyl]pyridin-3-ol E2W 2-acetamido-2-deoxy-beta-D-glucopyranose NAG bound inhibitor Tetronarce californica",https://files.rcsb.org/download/5E4T.cif,verified,WAR/Acetylcholinesterase/5e4t.cif,WAR/Acetylcholinesterase/5e4t.cif,true,900040,,2026-06-05T09:52:47Z
5ehn,5EHN,Acetylcholinesterase,rcsb,"Acetylcholinesterase 6-[4-[(7-chloranyl-1,2,3,4-tetrahydroacridin-9-yl)amino]butyl]-2-[(oxidanylamino)methyl]pyridin-3-ol E2W 2-acetamido-2-deoxy-beta-D-glucopyranose NAG bound inhibitor Tetronarce californica",https://files.rcsb.org/download/5EHN.cif,verified,WAR/Acetylcholinesterase/5ehn.cif,WAR/Acetylcholinesterase/5ehn.cif,true,1638618,,2026-06-05T09:52:47Z
5dyw,5DYW,Acetylcholinesterase,rcsb,"Acetylcholinesterase 6-[4-[(7-chloranyl-1,2,3,4-tetrahydroacridin-9-yl)amino]butyl]-2-[(oxidanylamino)methyl]pyridin-3-ol E2W 2-acetamido-2-deoxy-beta-D-glucopyranose NAG bound inhibitor Tetronarce californica",https://files.rcsb.org/download/5DYW.cif,verified,WAR/Acetylcholinesterase/5dyw.cif,WAR/Acetylcholinesterase/5dyw.cif,true,1018883,,2026-06-05T09:52:47Z
5ehx,5EHX,Acetylcholinesterase,rcsb,"Acetylcholinesterase 6-[4-[(7-chloranyl-1,2,3,4-tetrahydroacridin-9-yl)amino]butyl]-2-[(oxidanylamino)methyl]pyridin-3-ol E2W 2-acetamido-2-deoxy-beta-D-glucopyranose NAG bound inhibitor Tetronarce californica",https://files.rcsb.org/download/5EHX.cif,verified,WAR/Acetylcholinesterase/5ehx.cif,WAR/Acetylcholinesterase/5ehx.cif,true,522493,,2026-06-05T09:52:47Z
5ehq,5EHQ,Acetylcholinesterase,rcsb,"Acetylcholinesterase 6-[4-[(7-chloranyl-1,2,3,4-tetrahydroacridin-9-yl)amino]butyl]-2-[(oxidanylamino)methyl]pyridin-3-ol E2W 2-acetamido-2-deoxy-beta-D-glucopyranose NAG bound inhibitor Tetronarce californica",https://files.rcsb.org/download/5EHQ.cif,verified,WAR/Acetylcholinesterase/5ehq.cif,WAR/Acetylcholinesterase/5ehq.cif,true,1651196,,2026-06-05T09:52:47Z
5ei5,5EI5,Acetylcholinesterase,rcsb,"Acetylcholinesterase 6-[4-[(7-chloranyl-1,2,3,4-tetrahydroacridin-9-yl)amino]butyl]-2-[(oxidanylamino)methyl]pyridin-3-ol E2W 2-acetamido-2-deoxy-beta-D-glucopyranose NAG bound inhibitor Tetronarce californica",https://files.rcsb.org/download/5EI5.cif,verified,WAR/Acetylcholinesterase/5ei5.cif,WAR/Acetylcholinesterase/5ei5.cif,true,535459,,2026-06-05T09:52:47Z
5ehz,5EHZ,Acetylcholinesterase,rcsb,"Acetylcholinesterase 6-[4-[(7-chloranyl-1,2,3,4-tetrahydroacridin-9-yl)amino]butyl]-2-[(oxidanylamino)methyl]pyridin-3-ol E2W 2-acetamido-2-deoxy-beta-D-glucopyranose NAG bound inhibitor Tetronarce californica",https://files.rcsb.org/download/5EHZ.cif,verified,WAR/Acetylcholinesterase/5ehz.cif,WAR/Acetylcholinesterase/5ehz.cif,true,1659709,,2026-06-05T09:52:47Z
5dyt,5DYT,Acetylcholinesterase,rcsb,"Acetylcholinesterase 6-[4-[(7-chloranyl-1,2,3,4-tetrahydroacridin-9-yl)amino]butyl]-2-[(oxidanylamino)methyl]pyridin-3-ol E2W 2-acetamido-2-deoxy-beta-D-glucopyranose NAG bound inhibitor Tetronarce californica",https://files.rcsb.org/download/5DYT.cif,verified,WAR/Acetylcholinesterase/5dyt.cif,WAR/Acetylcholinesterase/5dyt.cif,true,1705572,,2026-06-05T09:52:47Z
5eia,5EIA,Acetylcholinesterase,rcsb,"Acetylcholinesterase 6-[4-[(7-chloranyl-1,2,3,4-tetrahydroacridin-9-yl)amino]butyl]-2-[(oxidanylamino)methyl]pyridin-3-ol E2W 2-acetamido-2-deoxy-beta-D-glucopyranose NAG bound inhibitor Tetronarce californica",https://files.rcsb.org/download/5EIA.cif,verified,WAR/Acetylcholinesterase/5eia.cif,WAR/Acetylcholinesterase/5eia.cif,true,1633679,,2026-06-05T09:52:47Z
5dyy,5DYY,Acetylcholinesterase,rcsb,"Acetylcholinesterase 6-[4-[(7-chloranyl-1,2,3,4-tetrahydroacridin-9-yl)amino]butyl]-2-[(oxidanylamino)methyl]pyridin-3-ol E2W 2-acetamido-2-deoxy-beta-D-glucopyranose NAG bound inhibitor Tetronarce californica",https://files.rcsb.org/download/5DYY.cif,verified,WAR/Acetylcholinesterase/5dyy.cif,WAR/Acetylcholinesterase/5dyy.cif,true,994372,,2026-06-05T09:52:47Z
5eie,5EIE,Acetylcholinesterase,rcsb,"Acetylcholinesterase 6-[4-[(7-chloranyl-1,2,3,4-tetrahydroacridin-9-yl)amino]butyl]-2-[(oxidanylamino)methyl]pyridin-3-ol E2W 2-acetamido-2-deoxy-beta-D-glucopyranose NAG bound inhibitor Tetronarce californica",https://files.rcsb.org/download/5EIE.cif,verified,WAR/Acetylcholinesterase/5eie.cif,WAR/Acetylcholinesterase/5eie.cif,true,1746239,,2026-06-05T09:52:47Z
5eih,5EIH,Acetylcholinesterase,rcsb,"Acetylcholinesterase 6-[4-[(7-chloranyl-1,2,3,4-tetrahydroacridin-9-yl)amino]butyl]-2-[(oxidanylamino)methyl]pyridin-3-ol E2W 2-acetamido-2-deoxy-beta-D-glucopyranose NAG bound inhibitor Tetronarce californica",https://files.rcsb.org/download/5EIH.cif,verified,WAR/Acetylcholinesterase/5eih.cif,WAR/Acetylcholinesterase/5eih.cif,true,1651987,,2026-06-05T09:52:47Z
1amn,1AMN,Acetylcholinesterase,rcsb,"Acetylcholinesterase 6-[4-[(7-chloranyl-1,2,3,4-tetrahydroacridin-9-yl)amino]butyl]-2-[(oxidanylamino)methyl]pyridin-3-ol E2W 2-acetamido-2-deoxy-beta-D-glucopyranose NAG bound inhibitor Tetronarce californica",https://files.rcsb.org/download/1AMN.cif,verified,WAR/Acetylcholinesterase/1amn.cif,WAR/Acetylcholinesterase/1amn.cif,true,585178,,2026-06-05T09:52:42Z
5fpp,5FPP,Acetylcholinesterase,rcsb,"Acetylcholinesterase 6-[4-[(7-chloranyl-1,2,3,4-tetrahydroacridin-9-yl)amino]butyl]-2-[(oxidanylamino)methyl]pyridin-3-ol E2W 2-acetamido-2-deoxy-beta-D-glucopyranose NAG bound inhibitor Tetronarce californica",https://files.rcsb.org/download/5FPP.cif,verified,WAR/Acetylcholinesterase/5fpp.cif,WAR/Acetylcholinesterase/5fpp.cif,true,1688438,,2026-06-05T09:52:47Z
5fpq,5FPQ,Acetylcholinesterase,rcsb,"Acetylcholinesterase 6-[4-[(7-chloranyl-1,2,3,4-tetrahydroacridin-9-yl)amino]butyl]-2-[(oxidanylamino)methyl]pyridin-3-ol E2W 2-acetamido-2-deoxy-beta-D-glucopyranose NAG bound inhibitor Tetronarce californica",https://files.rcsb.org/download/5FPQ.cif,verified,WAR/Acetylcholinesterase/5fpq.cif,WAR/Acetylcholinesterase/5fpq.cif,true,1623923,,2026-06-05T09:52:47Z
5hcu,5HCU,Acetylcholinesterase,rcsb,"Acetylcholinesterase 6-[4-[(7-chloranyl-1,2,3,4-tetrahydroacridin-9-yl)amino]butyl]-2-[(oxidanylamino)methyl]pyridin-3-ol E2W 2-acetamido-2-deoxy-beta-D-glucopyranose NAG bound inhibitor Tetronarce californica",https://files.rcsb.org/download/5HCU.cif,verified,WAR/Acetylcholinesterase/5hcu.cif,WAR/Acetylcholinesterase/5hcu.cif,true,1619442,,2026-06-05T09:52:47Z
5hf5,5HF5,Acetylcholinesterase,rcsb,"Acetylcholinesterase 6-[4-[(7-chloranyl-1,2,3,4-tetrahydroacridin-9-yl)amino]butyl]-2-[(oxidanylamino)methyl]pyridin-3-ol E2W 2-acetamido-2-deoxy-beta-D-glucopyranose NAG bound inhibitor Tetronarce californica",https://files.rcsb.org/download/5HF5.cif,verified,WAR/Acetylcholinesterase/5hf5.cif,WAR/Acetylcholinesterase/5hf5.cif,true,1005424,,2026-06-05T09:52:47Z
5hf6,5HF6,Acetylcholinesterase,rcsb,"Acetylcholinesterase 6-[4-[(7-chloranyl-1,2,3,4-tetrahydroacridin-9-yl)amino]butyl]-2-[(oxidanylamino)methyl]pyridin-3-ol E2W 2-acetamido-2-deoxy-beta-D-glucopyranose NAG bound inhibitor Tetronarce californica",https://files.rcsb.org/download/5HF6.cif,verified,WAR/Acetylcholinesterase/5hf6.cif,WAR/Acetylcholinesterase/5hf6.cif,true,967204,,2026-06-05T09:52:47Z
5hf8,5HF8,Acetylcholinesterase,rcsb,"Acetylcholinesterase 6-[4-[(7-chloranyl-1,2,3,4-tetrahydroacridin-9-yl)amino]butyl]-2-[(oxidanylamino)methyl]pyridin-3-ol E2W 2-acetamido-2-deoxy-beta-D-glucopyranose NAG bound inhibitor Tetronarce californica",https://files.rcsb.org/download/5HF8.cif,verified,WAR/Acetylcholinesterase/5hf8.cif,WAR/Acetylcholinesterase/5hf8.cif,true,931681,,2026-06-05T09:52:47Z
5hf9,5HF9,Acetylcholinesterase,rcsb,"Acetylcholinesterase 6-[4-[(7-chloranyl-1,2,3,4-tetrahydroacridin-9-yl)amino]butyl]-2-[(oxidanylamino)methyl]pyridin-3-ol E2W 2-acetamido-2-deoxy-beta-D-glucopyranose NAG bound inhibitor Tetronarce californica",https://files.rcsb.org/download/5HF9.cif,verified,WAR/Acetylcholinesterase/5hf9.cif,WAR/Acetylcholinesterase/5hf9.cif,true,994581,,2026-06-05T09:52:47Z
4xii,4XII,Acetylcholinesterase,rcsb,"Acetylcholinesterase 6-[4-[(7-chloranyl-1,2,3,4-tetrahydroacridin-9-yl)amino]butyl]-2-[(oxidanylamino)methyl]pyridin-3-ol E2W 2-acetamido-2-deoxy-beta-D-glucopyranose NAG bound inhibitor Tetronarce californica",https://files.rcsb.org/download/4XII.cif,verified,WAR/Acetylcholinesterase/4xii.cif,WAR/Acetylcholinesterase/4xii.cif,true,977534,,2026-06-05T09:52:47Z
5hfa,5HFA,Acetylcholinesterase,rcsb,"Acetylcholinesterase 6-[4-[(7-chloranyl-1,2,3,4-tetrahydroacridin-9-yl)amino]butyl]-2-[(oxidanylamino)methyl]pyridin-3-ol E2W 2-acetamido-2-deoxy-beta-D-glucopyranose NAG bound inhibitor Tetronarce californica",https://files.rcsb.org/download/5HFA.cif,verified,WAR/Acetylcholinesterase/5hfa.cif,WAR/Acetylcholinesterase/5hfa.cif,true,993809,,2026-06-05T09:52:47Z
5hq3,5HQ3,Acetylcholinesterase,rcsb,"Acetylcholinesterase 6-[4-[(7-chloranyl-1,2,3,4-tetrahydroacridin-9-yl)amino]butyl]-2-[(oxidanylamino)methyl]pyridin-3-ol E2W 2-acetamido-2-deoxy-beta-D-glucopyranose NAG bound inhibitor Tetronarce californica",https://files.rcsb.org/download/5HQ3.cif,verified,WAR/Acetylcholinesterase/5hq3.cif,WAR/Acetylcholinesterase/5hq3.cif,true,901525,,2026-06-05T09:52:47Z
5ih7,5IH7,Acetylcholinesterase,rcsb,"Acetylcholinesterase 6-[4-[(7-chloranyl-1,2,3,4-tetrahydroacridin-9-yl)amino]butyl]-2-[(oxidanylamino)methyl]pyridin-3-ol E2W 2-acetamido-2-deoxy-beta-D-glucopyranose NAG bound inhibitor Tetronarce californica",https://files.rcsb.org/download/5IH7.cif,verified,WAR/Acetylcholinesterase/5ih7.cif,WAR/Acetylcholinesterase/5ih7.cif,true,531295,,2026-06-05T09:52:47Z
5foq,5FOQ,Acetylcholinesterase,rcsb,"Acetylcholinesterase 6-[4-[(7-chloranyl-1,2,3,4-tetrahydroacridin-9-yl)amino]butyl]-2-[(oxidanylamino)methyl]pyridin-3-ol E2W 2-acetamido-2-deoxy-beta-D-glucopyranose NAG bound inhibitor Tetronarce californica",https://files.rcsb.org/download/5FOQ.cif,verified,WAR/Acetylcholinesterase/5foq.cif,WAR/Acetylcholinesterase/5foq.cif,true,1679601,,2026-06-05T09:52:47Z
5fum,5FUM,Acetylcholinesterase,rcsb,"Acetylcholinesterase 6-[4-[(7-chloranyl-1,2,3,4-tetrahydroacridin-9-yl)amino]butyl]-2-[(oxidanylamino)methyl]pyridin-3-ol E2W 2-acetamido-2-deoxy-beta-D-glucopyranose NAG bound inhibitor Tetronarce californica",https://files.rcsb.org/download/5FUM.cif,verified,WAR/Acetylcholinesterase/5fum.cif,WAR/Acetylcholinesterase/5fum.cif,true,1700984,,2026-06-05T09:52:47Z
5fkj,5FKJ,Acetylcholinesterase,rcsb,"Acetylcholinesterase 6-[4-[(7-chloranyl-1,2,3,4-tetrahydroacridin-9-yl)amino]butyl]-2-[(oxidanylamino)methyl]pyridin-3-ol E2W 2-acetamido-2-deoxy-beta-D-glucopyranose NAG bound inhibitor Tetronarce californica",https://files.rcsb.org/download/5FKJ.cif,verified,WAR/Acetylcholinesterase/5fkj.cif,WAR/Acetylcholinesterase/5fkj.cif,true,3323725,,2026-06-05T09:52:47Z
5ivd,5IVD,Acetylcholinesterase,rcsb,"Acetylcholinesterase 6-[4-[(7-chloranyl-1,2,3,4-tetrahydroacridin-9-yl)amino]butyl]-2-[(oxidanylamino)methyl]pyridin-3-ol E2W 2-acetamido-2-deoxy-beta-D-glucopyranose NAG bound inhibitor Tetronarce californica",https://files.rcsb.org/download/5IVD.cif,verified,WAR/Acetylcholinesterase/5ivd.cif,WAR/Acetylcholinesterase/5ivd.cif,true,707660,,2026-06-05T09:52:47Z
5fv4,5FV4,Acetylcholinesterase,rcsb,"Acetylcholinesterase 6-[4-[(7-chloranyl-1,2,3,4-tetrahydroacridin-9-yl)amino]butyl]-2-[(oxidanylamino)methyl]pyridin-3-ol E2W 2-acetamido-2-deoxy-beta-D-glucopyranose NAG bound inhibitor Tetronarce californica",https://files.rcsb.org/download/5FV4.cif,verified,WAR/Acetylcholinesterase/5fv4.cif,WAR/Acetylcholinesterase/5fv4.cif,true,4720268,,2026-06-05T09:52:47Z
5nap,5NAP,Acetylcholinesterase,rcsb,"Acetylcholinesterase 6-[4-[(7-chloranyl-1,2,3,4-tetrahydroacridin-9-yl)amino]butyl]-2-[(oxidanylamino)methyl]pyridin-3-ol E2W 2-acetamido-2-deoxy-beta-D-glucopyranose NAG bound inhibitor Tetronarce californica",https://files.rcsb.org/download/5NAP.cif,verified,WAR/Acetylcholinesterase/5nap.cif,WAR/Acetylcholinesterase/5nap.cif,true,558556,,2026-06-05T09:52:48Z
5nau,5NAU,Acetylcholinesterase,rcsb,"Acetylcholinesterase 6-[4-[(7-chloranyl-1,2,3,4-tetrahydroacridin-9-yl)amino]butyl]-2-[(oxidanylamino)methyl]pyridin-3-ol E2W 2-acetamido-2-deoxy-beta-D-glucopyranose NAG bound inhibitor Tetronarce californica",https://files.rcsb.org/download/5NAU.cif,verified,WAR/Acetylcholinesterase/5nau.cif,WAR/Acetylcholinesterase/5nau.cif,true,537078,,2026-06-05T09:52:48Z
5ivi,5IVI,Acetylcholinesterase,rcsb,"Acetylcholinesterase 6-[4-[(7-chloranyl-1,2,3,4-tetrahydroacridin-9-yl)amino]butyl]-2-[(oxidanylamino)methyl]pyridin-3-ol E2W 2-acetamido-2-deoxy-beta-D-glucopyranose NAG bound inhibitor Tetronarce californica",https://files.rcsb.org/download/5IVI.cif,verified,WAR/Acetylcholinesterase/5ivi.cif,WAR/Acetylcholinesterase/5ivi.cif,true,759853,,2026-06-05T09:52:48Z
5nuu,5NUU,Acetylcholinesterase,rcsb,"Acetylcholinesterase 6-[4-[(7-chloranyl-1,2,3,4-tetrahydroacridin-9-yl)amino]butyl]-2-[(oxidanylamino)methyl]pyridin-3-ol E2W 2-acetamido-2-deoxy-beta-D-glucopyranose NAG bound inhibitor Tetronarce californica",https://files.rcsb.org/download/5NUU.cif,verified,WAR/Acetylcholinesterase/5nuu.cif,WAR/Acetylcholinesterase/5nuu.cif,true,531455,,2026-06-05T09:52:48Z
5ov9,5OV9,Acetylcholinesterase,rcsb,"Acetylcholinesterase 6-[4-[(7-chloranyl-1,2,3,4-tetrahydroacridin-9-yl)amino]butyl]-2-[(oxidanylamino)methyl]pyridin-3-ol E2W 2-acetamido-2-deoxy-beta-D-glucopyranose NAG bound inhibitor Tetronarce californica",https://files.rcsb.org/download/5OV9.cif,verified,WAR/Acetylcholinesterase/5ov9.cif,WAR/Acetylcholinesterase/5ov9.cif,true,1720653,,2026-06-05T09:52:48Z
5x61,5X61,Acetylcholinesterase,rcsb,"Acetylcholinesterase 6-[4-[(7-chloranyl-1,2,3,4-tetrahydroacridin-9-yl)amino]butyl]-2-[(oxidanylamino)methyl]pyridin-3-ol E2W 2-acetamido-2-deoxy-beta-D-glucopyranose NAG bound inhibitor Tetronarce californica",https://files.rcsb.org/download/5X61.cif,verified,WAR/Acetylcholinesterase/5x61.cif,WAR/Acetylcholinesterase/5x61.cif,true,920977,,2026-06-05T09:52:48Z
5ydh,5YDH,Acetylcholinesterase,rcsb,"Acetylcholinesterase 6-[4-[(7-chloranyl-1,2,3,4-tetrahydroacridin-9-yl)amino]butyl]-2-[(oxidanylamino)methyl]pyridin-3-ol E2W 2-acetamido-2-deoxy-beta-D-glucopyranose NAG bound inhibitor Tetronarce californica",https://files.rcsb.org/download/5YDH.cif,verified,WAR/Acetylcholinesterase/5ydh.cif,WAR/Acetylcholinesterase/5ydh.cif,true,963507,,2026-06-05T09:52:48Z
5ydi,5YDI,Acetylcholinesterase,rcsb,"Acetylcholinesterase 6-[4-[(7-chloranyl-1,2,3,4-tetrahydroacridin-9-yl)amino]butyl]-2-[(oxidanylamino)methyl]pyridin-3-ol E2W 2-acetamido-2-deoxy-beta-D-glucopyranose NAG bound inhibitor Tetronarce californica",https://files.rcsb.org/download/5YDI.cif,verified,WAR/Acetylcholinesterase/5ydi.cif,WAR/Acetylcholinesterase/5ydi.cif,true,1364071,,2026-06-05T09:52:48Z
5ydj,5YDJ,Acetylcholinesterase,rcsb,"Acetylcholinesterase 6-[4-[(7-chloranyl-1,2,3,4-tetrahydroacridin-9-yl)amino]butyl]-2-[(oxidanylamino)methyl]pyridin-3-ol E2W 2-acetamido-2-deoxy-beta-D-glucopyranose NAG bound inhibitor Tetronarce californica",https://files.rcsb.org/download/5YDJ.cif,verified,WAR/Acetylcholinesterase/5ydj.cif,WAR/Acetylcholinesterase/5ydj.cif,true,978134,,2026-06-05T09:52:48Z
6arx,6ARX,Acetylcholinesterase,rcsb,"Acetylcholinesterase 6-[4-[(7-chloranyl-1,2,3,4-tetrahydroacridin-9-yl)amino]butyl]-2-[(oxidanylamino)methyl]pyridin-3-ol E2W 2-acetamido-2-deoxy-beta-D-glucopyranose NAG bound inhibitor Tetronarce californica",https://files.rcsb.org/download/6ARX.cif,verified,WAR/Acetylcholinesterase/6arx.cif,WAR/Acetylcholinesterase/6arx.cif,true,985736,,2026-06-05T09:52:48Z
5k5e,5K5E,Acetylcholinesterase,rcsb,"Acetylcholinesterase 6-[4-[(7-chloranyl-1,2,3,4-tetrahydroacridin-9-yl)amino]butyl]-2-[(oxidanylamino)methyl]pyridin-3-ol E2W 2-acetamido-2-deoxy-beta-D-glucopyranose NAG bound inhibitor Tetronarce californica",https://files.rcsb.org/download/5K5E.cif,verified,WAR/Acetylcholinesterase/5k5e.cif,WAR/Acetylcholinesterase/5k5e.cif,true,1661825,,2026-06-05T09:52:48Z
6ary,6ARY,Acetylcholinesterase,rcsb,"Acetylcholinesterase 6-[4-[(7-chloranyl-1,2,3,4-tetrahydroacridin-9-yl)amino]butyl]-2-[(oxidanylamino)methyl]pyridin-3-ol E2W 2-acetamido-2-deoxy-beta-D-glucopyranose NAG bound inhibitor Tetronarce californica",https://files.rcsb.org/download/6ARY.cif,verified,WAR/Acetylcholinesterase/6ary.cif,WAR/Acetylcholinesterase/6ary.cif,true,994319,,2026-06-05T09:52:48Z
6cqt,6CQT,Acetylcholinesterase,rcsb,"Acetylcholinesterase 6-[4-[(7-chloranyl-1,2,3,4-tetrahydroacridin-9-yl)amino]butyl]-2-[(oxidanylamino)methyl]pyridin-3-ol E2W 2-acetamido-2-deoxy-beta-D-glucopyranose NAG bound inhibitor Tetronarce californica",https://files.rcsb.org/download/6CQT.cif,verified,WAR/Acetylcholinesterase/6cqt.cif,WAR/Acetylcholinesterase/6cqt.cif,true,1764821,,2026-06-05T09:52:48Z
6cqu,6CQU,Acetylcholinesterase,rcsb,"Acetylcholinesterase 6-[4-[(7-chloranyl-1,2,3,4-tetrahydroacridin-9-yl)amino]butyl]-2-[(oxidanylamino)methyl]pyridin-3-ol E2W 2-acetamido-2-deoxy-beta-D-glucopyranose NAG bound inhibitor Tetronarce californica",https://files.rcsb.org/download/6CQU.cif,verified,WAR/Acetylcholinesterase/6cqu.cif,WAR/Acetylcholinesterase/6cqu.cif,true,1015282,,2026-06-05T09:52:48Z
6cqv,6CQV,Acetylcholinesterase,rcsb,"Acetylcholinesterase 6-[4-[(7-chloranyl-1,2,3,4-tetrahydroacridin-9-yl)amino]butyl]-2-[(oxidanylamino)methyl]pyridin-3-ol E2W 2-acetamido-2-deoxy-beta-D-glucopyranose NAG bound inhibitor Tetronarce californica",https://files.rcsb.org/download/6CQV.cif,verified,WAR/Acetylcholinesterase/6cqv.cif,WAR/Acetylcholinesterase/6cqv.cif,true,998371,,2026-06-05T09:52:48Z
6cqw,6CQW,Acetylcholinesterase,rcsb,"Acetylcholinesterase 6-[4-[(7-chloranyl-1,2,3,4-tetrahydroacridin-9-yl)amino]butyl]-2-[(oxidanylamino)methyl]pyridin-3-ol E2W 2-acetamido-2-deoxy-beta-D-glucopyranose NAG bound inhibitor Tetronarce californica",https://files.rcsb.org/download/6CQW.cif,verified,WAR/Acetylcholinesterase/6cqw.cif,WAR/Acetylcholinesterase/6cqw.cif,true,1704219,,2026-06-05T09:52:48Z
5lkr,5LKR,Acetylcholinesterase,rcsb,"Acetylcholinesterase 6-[4-[(7-chloranyl-1,2,3,4-tetrahydroacridin-9-yl)amino]butyl]-2-[(oxidanylamino)methyl]pyridin-3-ol E2W 2-acetamido-2-deoxy-beta-D-glucopyranose NAG bound inhibitor Tetronarce californica",https://files.rcsb.org/download/5LKR.cif,verified,WAR/Acetylcholinesterase/5lkr.cif,WAR/Acetylcholinesterase/5lkr.cif,true,957487,,2026-06-05T09:52:48Z
6cqx,6CQX,Acetylcholinesterase,rcsb,"Acetylcholinesterase 6-[4-[(7-chloranyl-1,2,3,4-tetrahydroacridin-9-yl)amino]butyl]-2-[(oxidanylamino)methyl]pyridin-3-ol E2W 2-acetamido-2-deoxy-beta-D-glucopyranose NAG bound inhibitor Tetronarce californica",https://files.rcsb.org/download/6CQX.cif,verified,WAR/Acetylcholinesterase/6cqx.cif,WAR/Acetylcholinesterase/6cqx.cif,true,1739071,,2026-06-05T09:52:48Z
6cqz,6CQZ,Acetylcholinesterase,rcsb,"Acetylcholinesterase 6-[4-[(7-chloranyl-1,2,3,4-tetrahydroacridin-9-yl)amino]butyl]-2-[(oxidanylamino)methyl]pyridin-3-ol E2W 2-acetamido-2-deoxy-beta-D-glucopyranose NAG bound inhibitor Tetronarce californica",https://files.rcsb.org/download/6CQZ.cif,verified,WAR/Acetylcholinesterase/6cqz.cif,WAR/Acetylcholinesterase/6cqz.cif,true,1747427,,2026-06-05T09:52:48Z
6cqy,6CQY,Acetylcholinesterase,rcsb,"Acetylcholinesterase 6-[4-[(7-chloranyl-1,2,3,4-tetrahydroacridin-9-yl)amino]butyl]-2-[(oxidanylamino)methyl]pyridin-3-ol E2W 2-acetamido-2-deoxy-beta-D-glucopyranose NAG bound inhibitor Tetronarce californica",https://files.rcsb.org/download/6CQY.cif,verified,WAR/Acetylcholinesterase/6cqy.cif,WAR/Acetylcholinesterase/6cqy.cif,true,1683936,,2026-06-05T09:52:48Z
5nn0,5NN0,Acetylcholinesterase,rcsb,"Acetylcholinesterase 6-[4-[(7-chloranyl-1,2,3,4-tetrahydroacridin-9-yl)amino]butyl]-2-[(oxidanylamino)methyl]pyridin-3-ol E2W 2-acetamido-2-deoxy-beta-D-glucopyranose NAG bound inhibitor Tetronarce californica",https://files.rcsb.org/download/5NN0.cif,verified,WAR/Acetylcholinesterase/5nn0.cif,WAR/Acetylcholinesterase/5nn0.cif,true,577345,,2026-06-05T09:52:48Z
6e1t,6E1T,Acetylcholinesterase,rcsb,"Acetylcholinesterase 6-[4-[(7-chloranyl-1,2,3,4-tetrahydroacridin-9-yl)amino]butyl]-2-[(oxidanylamino)methyl]pyridin-3-ol E2W 2-acetamido-2-deoxy-beta-D-glucopyranose NAG bound inhibitor Tetronarce californica",https://files.rcsb.org/download/6E1T.cif,verified,WAR/Acetylcholinesterase/6e1t.cif,WAR/Acetylcholinesterase/6e1t.cif,true,199777,,2026-06-05T09:52:48Z
6ep4,6EP4,Acetylcholinesterase,rcsb,"Acetylcholinesterase 6-[4-[(7-chloranyl-1,2,3,4-tetrahydroacridin-9-yl)amino]butyl]-2-[(oxidanylamino)methyl]pyridin-3-ol E2W 2-acetamido-2-deoxy-beta-D-glucopyranose NAG bound inhibitor Tetronarce californica",https://files.rcsb.org/download/6EP4.cif,verified,WAR/Acetylcholinesterase/6ep4.cif,WAR/Acetylcholinesterase/6ep4.cif,true,987999,,2026-06-05T09:52:48Z
6emi,6EMI,Acetylcholinesterase,rcsb,"Acetylcholinesterase 6-[4-[(7-chloranyl-1,2,3,4-tetrahydroacridin-9-yl)amino]butyl]-2-[(oxidanylamino)methyl]pyridin-3-ol E2W 2-acetamido-2-deoxy-beta-D-glucopyranose NAG bound inhibitor Tetronarce californica",https://files.rcsb.org/download/6EMI.cif,verified,WAR/Acetylcholinesterase/6emi.cif,WAR/Acetylcholinesterase/6emi.cif,true,971164,,2026-06-05T09:52:48Z
6eqp,6EQP,Acetylcholinesterase,rcsb,"Acetylcholinesterase 6-[4-[(7-chloranyl-1,2,3,4-tetrahydroacridin-9-yl)amino]butyl]-2-[(oxidanylamino)methyl]pyridin-3-ol E2W 2-acetamido-2-deoxy-beta-D-glucopyranose NAG bound inhibitor Tetronarce californica",https://files.rcsb.org/download/6EQP.cif,verified,WAR/Acetylcholinesterase/6eqp.cif,WAR/Acetylcholinesterase/6eqp.cif,true,973463,,2026-06-05T09:52:48Z
6euc,6EUC,Acetylcholinesterase,rcsb,"Acetylcholinesterase 6-[4-[(7-chloranyl-1,2,3,4-tetrahydroacridin-9-yl)amino]butyl]-2-[(oxidanylamino)methyl]pyridin-3-ol E2W 2-acetamido-2-deoxy-beta-D-glucopyranose NAG bound inhibitor Tetronarce californica",https://files.rcsb.org/download/6EUC.cif,verified,WAR/Acetylcholinesterase/6euc.cif,WAR/Acetylcholinesterase/6euc.cif,true,592246,,2026-06-05T09:52:49Z
6eue,6EUE,Acetylcholinesterase,rcsb,"Acetylcholinesterase 6-[4-[(7-chloranyl-1,2,3,4-tetrahydroacridin-9-yl)amino]butyl]-2-[(oxidanylamino)methyl]pyridin-3-ol E2W 2-acetamido-2-deoxy-beta-D-glucopyranose NAG bound inhibitor Tetronarce californica",https://files.rcsb.org/download/6EUE.cif,verified,WAR/Acetylcholinesterase/6eue.cif,WAR/Acetylcholinesterase/6eue.cif,true,546560,,2026-06-05T09:52:49Z
6ewk,6EWK,Acetylcholinesterase,rcsb,"Acetylcholinesterase 6-[4-[(7-chloranyl-1,2,3,4-tetrahydroacridin-9-yl)amino]butyl]-2-[(oxidanylamino)methyl]pyridin-3-ol E2W 2-acetamido-2-deoxy-beta-D-glucopyranose NAG bound inhibitor Tetronarce californica",https://files.rcsb.org/download/6EWK.cif,verified,WAR/Acetylcholinesterase/6ewk.cif,WAR/Acetylcholinesterase/6ewk.cif,true,544962,,2026-06-05T09:52:49Z
6eqq,6EQQ,Acetylcholinesterase,rcsb,"Acetylcholinesterase 6-[4-[(7-chloranyl-1,2,3,4-tetrahydroacridin-9-yl)amino]butyl]-2-[(oxidanylamino)methyl]pyridin-3-ol E2W 2-acetamido-2-deoxy-beta-D-glucopyranose NAG bound inhibitor Tetronarce californica",https://files.rcsb.org/download/6EQQ.cif,verified,WAR/Acetylcholinesterase/6eqq.cif,WAR/Acetylcholinesterase/6eqq.cif,true,981484,,2026-06-05T09:52:49Z
6eyf,6EYF,Acetylcholinesterase,rcsb,"Acetylcholinesterase 6-[4-[(7-chloranyl-1,2,3,4-tetrahydroacridin-9-yl)amino]butyl]-2-[(oxidanylamino)methyl]pyridin-3-ol E2W 2-acetamido-2-deoxy-beta-D-glucopyranose NAG bound inhibitor Tetronarce californica",https://files.rcsb.org/download/6EYF.cif,verified,WAR/Acetylcholinesterase/6eyf.cif,WAR/Acetylcholinesterase/6eyf.cif,true,502202,,2026-06-05T09:52:49Z
6ezg,6EZG,Acetylcholinesterase,rcsb,"Acetylcholinesterase 6-[4-[(7-chloranyl-1,2,3,4-tetrahydroacridin-9-yl)amino]butyl]-2-[(oxidanylamino)methyl]pyridin-3-ol E2W 2-acetamido-2-deoxy-beta-D-glucopyranose NAG bound inhibitor Tetronarce californica",https://files.rcsb.org/download/6EZG.cif,verified,WAR/Acetylcholinesterase/6ezg.cif,WAR/Acetylcholinesterase/6ezg.cif,true,974905,,2026-06-05T09:52:49Z
6esy,6ESY,Acetylcholinesterase,rcsb,"Acetylcholinesterase 6-[4-[(7-chloranyl-1,2,3,4-tetrahydroacridin-9-yl)amino]butyl]-2-[(oxidanylamino)methyl]pyridin-3-ol E2W 2-acetamido-2-deoxy-beta-D-glucopyranose NAG bound inhibitor Tetronarce californica",https://files.rcsb.org/download/6ESY.cif,verified,WAR/Acetylcholinesterase/6esy.cif,WAR/Acetylcholinesterase/6esy.cif,true,1692680,,2026-06-05T09:52:49Z
6ezh,6EZH,Acetylcholinesterase,rcsb,"Acetylcholinesterase 6-[4-[(7-chloranyl-1,2,3,4-tetrahydroacridin-9-yl)amino]butyl]-2-[(oxidanylamino)methyl]pyridin-3-ol E2W 2-acetamido-2-deoxy-beta-D-glucopyranose NAG bound inhibitor Tetronarce californica",https://files.rcsb.org/download/6EZH.cif,verified,WAR/Acetylcholinesterase/6ezh.cif,WAR/Acetylcholinesterase/6ezh.cif,true,974126,,2026-06-05T09:52:49Z
6f25,6F25,Acetylcholinesterase,rcsb,"Acetylcholinesterase 6-[4-[(7-chloranyl-1,2,3,4-tetrahydroacridin-9-yl)amino]butyl]-2-[(oxidanylamino)methyl]pyridin-3-ol E2W 2-acetamido-2-deoxy-beta-D-glucopyranose NAG bound inhibitor Tetronarce californica",https://files.rcsb.org/download/6F25.cif,verified,WAR/Acetylcholinesterase/6f25.cif,WAR/Acetylcholinesterase/6f25.cif,true,1042968,,2026-06-05T09:52:49Z
6fld,6FLD,Acetylcholinesterase,rcsb,"Acetylcholinesterase 6-[4-[(7-chloranyl-1,2,3,4-tetrahydroacridin-9-yl)amino]butyl]-2-[(oxidanylamino)methyl]pyridin-3-ol E2W 2-acetamido-2-deoxy-beta-D-glucopyranose NAG bound inhibitor Tetronarce californica",https://files.rcsb.org/download/6FLD.cif,verified,WAR/Acetylcholinesterase/6fld.cif,WAR/Acetylcholinesterase/6fld.cif,true,528586,,2026-06-05T09:52:49Z
6esj,6ESJ,Acetylcholinesterase,rcsb,"Acetylcholinesterase 6-[4-[(7-chloranyl-1,2,3,4-tetrahydroacridin-9-yl)amino]butyl]-2-[(oxidanylamino)methyl]pyridin-3-ol E2W 2-acetamido-2-deoxy-beta-D-glucopyranose NAG bound inhibitor Tetronarce californica",https://files.rcsb.org/download/6ESJ.cif,verified,WAR/Acetylcholinesterase/6esj.cif,WAR/Acetylcholinesterase/6esj.cif,true,1832827,,2026-06-05T09:52:49Z
6fqn,6FQN,Acetylcholinesterase,rcsb,"Acetylcholinesterase 6-[4-[(7-chloranyl-1,2,3,4-tetrahydroacridin-9-yl)amino]butyl]-2-[(oxidanylamino)methyl]pyridin-3-ol E2W 2-acetamido-2-deoxy-beta-D-glucopyranose NAG bound inhibitor Tetronarce californica",https://files.rcsb.org/download/6FQN.cif,verified,WAR/Acetylcholinesterase/6fqn.cif,WAR/Acetylcholinesterase/6fqn.cif,true,566659,,2026-06-05T09:52:49Z
6fsd,6FSD,Acetylcholinesterase,rcsb,"Acetylcholinesterase 6-[4-[(7-chloranyl-1,2,3,4-tetrahydroacridin-9-yl)amino]butyl]-2-[(oxidanylamino)methyl]pyridin-3-ol E2W 2-acetamido-2-deoxy-beta-D-glucopyranose NAG bound inhibitor Tetronarce californica",https://files.rcsb.org/download/6FSD.cif,verified,WAR/Acetylcholinesterase/6fsd.cif,WAR/Acetylcholinesterase/6fsd.cif,true,947961,,2026-06-05T09:52:49Z
6fse,6FSE,Acetylcholinesterase,rcsb,"Acetylcholinesterase 6-[4-[(7-chloranyl-1,2,3,4-tetrahydroacridin-9-yl)amino]butyl]-2-[(oxidanylamino)methyl]pyridin-3-ol E2W 2-acetamido-2-deoxy-beta-D-glucopyranose NAG bound inhibitor Tetronarce californica",https://files.rcsb.org/download/6FSE.cif,verified,WAR/Acetylcholinesterase/6fse.cif,WAR/Acetylcholinesterase/6fse.cif,true,910501,,2026-06-05T09:52:49Z
6g17,6G17,Acetylcholinesterase,rcsb,"Acetylcholinesterase 6-[4-[(7-chloranyl-1,2,3,4-tetrahydroacridin-9-yl)amino]butyl]-2-[(oxidanylamino)methyl]pyridin-3-ol E2W 2-acetamido-2-deoxy-beta-D-glucopyranose NAG bound inhibitor Tetronarce californica",https://files.rcsb.org/download/6G17.cif,verified,WAR/Acetylcholinesterase/6g17.cif,WAR/Acetylcholinesterase/6g17.cif,true,964499,,2026-06-05T09:52:49Z
6g1u,6G1U,Acetylcholinesterase,rcsb,"Acetylcholinesterase 6-[4-[(7-chloranyl-1,2,3,4-tetrahydroacridin-9-yl)amino]butyl]-2-[(oxidanylamino)methyl]pyridin-3-ol E2W 2-acetamido-2-deoxy-beta-D-glucopyranose NAG bound inhibitor Tetronarce californica",https://files.rcsb.org/download/6G1U.cif,verified,WAR/Acetylcholinesterase/6g1u.cif,WAR/Acetylcholinesterase/6g1u.cif,true,1082717,,2026-06-05T09:52:49Z
6g1v,6G1V,Acetylcholinesterase,rcsb,"Acetylcholinesterase 6-[4-[(7-chloranyl-1,2,3,4-tetrahydroacridin-9-yl)amino]butyl]-2-[(oxidanylamino)methyl]pyridin-3-ol E2W 2-acetamido-2-deoxy-beta-D-glucopyranose NAG bound inhibitor Tetronarce californica",https://files.rcsb.org/download/6G1V.cif,verified,WAR/Acetylcholinesterase/6g1v.cif,WAR/Acetylcholinesterase/6g1v.cif,true,1076279,,2026-06-05T09:52:49Z
6g1w,6G1W,Acetylcholinesterase,rcsb,"Acetylcholinesterase 6-[4-[(7-chloranyl-1,2,3,4-tetrahydroacridin-9-yl)amino]butyl]-2-[(oxidanylamino)methyl]pyridin-3-ol E2W 2-acetamido-2-deoxy-beta-D-glucopyranose NAG bound inhibitor Tetronarce californica",https://files.rcsb.org/download/6G1W.cif,verified,WAR/Acetylcholinesterase/6g1w.cif,WAR/Acetylcholinesterase/6g1w.cif,true,1044220,,2026-06-05T09:52:49Z
6g4m,6G4M,Acetylcholinesterase,rcsb,"Acetylcholinesterase 6-[4-[(7-chloranyl-1,2,3,4-tetrahydroacridin-9-yl)amino]butyl]-2-[(oxidanylamino)methyl]pyridin-3-ol E2W 2-acetamido-2-deoxy-beta-D-glucopyranose NAG bound inhibitor Tetronarce californica",https://files.rcsb.org/download/6G4M.cif,verified,WAR/Acetylcholinesterase/6g4m.cif,WAR/Acetylcholinesterase/6g4m.cif,true,986194,,2026-06-05T09:52:49Z
6g4n,6G4N,Acetylcholinesterase,rcsb,"Acetylcholinesterase 6-[4-[(7-chloranyl-1,2,3,4-tetrahydroacridin-9-yl)amino]butyl]-2-[(oxidanylamino)methyl]pyridin-3-ol E2W 2-acetamido-2-deoxy-beta-D-glucopyranose NAG bound inhibitor Tetronarce californica",https://files.rcsb.org/download/6G4N.cif,verified,WAR/Acetylcholinesterase/6g4n.cif,WAR/Acetylcholinesterase/6g4n.cif,true,1697636,,2026-06-05T09:52:49Z
6g4o,6G4O,Acetylcholinesterase,rcsb,"Acetylcholinesterase 6-[4-[(7-chloranyl-1,2,3,4-tetrahydroacridin-9-yl)amino]butyl]-2-[(oxidanylamino)methyl]pyridin-3-ol E2W 2-acetamido-2-deoxy-beta-D-glucopyranose NAG bound inhibitor Tetronarce californica",https://files.rcsb.org/download/6G4O.cif,verified,WAR/Acetylcholinesterase/6g4o.cif,WAR/Acetylcholinesterase/6g4o.cif,true,1686167,,2026-06-05T09:52:49Z
6g4p,6G4P,Acetylcholinesterase,rcsb,"Acetylcholinesterase 6-[4-[(7-chloranyl-1,2,3,4-tetrahydroacridin-9-yl)amino]butyl]-2-[(oxidanylamino)methyl]pyridin-3-ol E2W 2-acetamido-2-deoxy-beta-D-glucopyranose NAG bound inhibitor Tetronarce californica",https://files.rcsb.org/download/6G4P.cif,verified,WAR/Acetylcholinesterase/6g4p.cif,WAR/Acetylcholinesterase/6g4p.cif,true,1675673,,2026-06-05T09:52:49Z
6f7q,6F7Q,Acetylcholinesterase,rcsb,"Acetylcholinesterase 6-[4-[(7-chloranyl-1,2,3,4-tetrahydroacridin-9-yl)amino]butyl]-2-[(oxidanylamino)methyl]pyridin-3-ol E2W 2-acetamido-2-deoxy-beta-D-glucopyranose NAG bound inhibitor Tetronarce californica",https://files.rcsb.org/download/6F7Q.cif,verified,WAR/Acetylcholinesterase/6f7q.cif,WAR/Acetylcholinesterase/6f7q.cif,true,981315,,2026-06-05T09:52:49Z
6ez2,6EZ2,Acetylcholinesterase,rcsb,"Acetylcholinesterase 6-[4-[(7-chloranyl-1,2,3,4-tetrahydroacridin-9-yl)amino]butyl]-2-[(oxidanylamino)methyl]pyridin-3-ol E2W 2-acetamido-2-deoxy-beta-D-glucopyranose NAG bound inhibitor Tetronarce californica",https://files.rcsb.org/download/6EZ2.cif,verified,WAR/Acetylcholinesterase/6ez2.cif,WAR/Acetylcholinesterase/6ez2.cif,true,1656375,,2026-06-05T09:52:49Z
6g7z,6G7Z,Acetylcholinesterase,rcsb,"Acetylcholinesterase 6-[4-[(7-chloranyl-1,2,3,4-tetrahydroacridin-9-yl)amino]butyl]-2-[(oxidanylamino)methyl]pyridin-3-ol E2W 2-acetamido-2-deoxy-beta-D-glucopyranose NAG bound inhibitor Tetronarce californica",https://files.rcsb.org/download/6G7Z.cif,verified,WAR/Acetylcholinesterase/6g7z.cif,WAR/Acetylcholinesterase/6g7z.cif,true,920774,,2026-06-05T09:52:49Z
6h12,6H12,Acetylcholinesterase,rcsb,"Acetylcholinesterase 6-[4-[(7-chloranyl-1,2,3,4-tetrahydroacridin-9-yl)amino]butyl]-2-[(oxidanylamino)methyl]pyridin-3-ol E2W 2-acetamido-2-deoxy-beta-D-glucopyranose NAG bound inhibitor Tetronarce californica",https://files.rcsb.org/download/6H12.cif,verified,WAR/Acetylcholinesterase/6h12.cif,WAR/Acetylcholinesterase/6h12.cif,true,1073489,,2026-06-05T09:52:50Z
6h13,6H13,Acetylcholinesterase,rcsb,"Acetylcholinesterase 6-[4-[(7-chloranyl-1,2,3,4-tetrahydroacridin-9-yl)amino]butyl]-2-[(oxidanylamino)methyl]pyridin-3-ol E2W 2-acetamido-2-deoxy-beta-D-glucopyranose NAG bound inhibitor Tetronarce californica",https://files.rcsb.org/download/6H13.cif,verified,WAR/Acetylcholinesterase/6h13.cif,WAR/Acetylcholinesterase/6h13.cif,true,978406,,2026-06-05T09:52:50Z
6h14,6H14,Acetylcholinesterase,rcsb,"Acetylcholinesterase 6-[4-[(7-chloranyl-1,2,3,4-tetrahydroacridin-9-yl)amino]butyl]-2-[(oxidanylamino)methyl]pyridin-3-ol E2W 2-acetamido-2-deoxy-beta-D-glucopyranose NAG bound inhibitor Tetronarce californica",https://files.rcsb.org/download/6H14.cif,verified,WAR/Acetylcholinesterase/6h14.cif,WAR/Acetylcholinesterase/6h14.cif,true,1136050,,2026-06-05T09:52:50Z
6h0t,6H0T,Acetylcholinesterase,rcsb,"Acetylcholinesterase 6-[4-[(7-chloranyl-1,2,3,4-tetrahydroacridin-9-yl)amino]butyl]-2-[(oxidanylamino)methyl]pyridin-3-ol E2W 2-acetamido-2-deoxy-beta-D-glucopyranose NAG bound inhibitor Tetronarce californica",https://files.rcsb.org/download/6H0T.cif,verified,WAR/Acetylcholinesterase/6h0t.cif,WAR/Acetylcholinesterase/6h0t.cif,true,539340,,2026-06-05T09:52:49Z
2wls,2WLS,Acetylcholinesterase,rcsb,"Acetylcholinesterase 6-[4-[(7-chloranyl-1,2,3,4-tetrahydroacridin-9-yl)amino]butyl]-2-[(oxidanylamino)methyl]pyridin-3-ol E2W 2-acetamido-2-deoxy-beta-D-glucopyranose NAG bound inhibitor Tetronarce californica",https://files.rcsb.org/download/2WLS.cif,verified,WAR/Acetylcholinesterase/2wls.cif,WAR/Acetylcholinesterase/2wls.cif,true,935995,,2026-06-05T09:52:45Z
6h0v,6H0V,Acetylcholinesterase,rcsb,"Acetylcholinesterase 6-[4-[(7-chloranyl-1,2,3,4-tetrahydroacridin-9-yl)amino]butyl]-2-[(oxidanylamino)methyl]pyridin-3-ol E2W 2-acetamido-2-deoxy-beta-D-glucopyranose NAG bound inhibitor Tetronarce californica",https://files.rcsb.org/download/6H0V.cif,verified,WAR/Acetylcholinesterase/6h0v.cif,WAR/Acetylcholinesterase/6h0v.cif,true,536475,,2026-06-05T09:52:50Z
6h1a,6H1A,Acetylcholinesterase,rcsb,"Acetylcholinesterase 6-[4-[(7-chloranyl-1,2,3,4-tetrahydroacridin-9-yl)amino]butyl]-2-[(oxidanylamino)methyl]pyridin-3-ol E2W 2-acetamido-2-deoxy-beta-D-glucopyranose NAG bound inhibitor Tetronarce californica",https://files.rcsb.org/download/6H1A.cif,verified,WAR/Acetylcholinesterase/6h1a.cif,WAR/Acetylcholinesterase/6h1a.cif,true,556539,,2026-06-05T09:52:50Z
6nea,6NEA,Acetylcholinesterase,rcsb,"Acetylcholinesterase 6-[4-[(7-chloranyl-1,2,3,4-tetrahydroacridin-9-yl)amino]butyl]-2-[(oxidanylamino)methyl]pyridin-3-ol E2W 2-acetamido-2-deoxy-beta-D-glucopyranose NAG bound inhibitor Tetronarce californica",https://files.rcsb.org/download/6NEA.cif,verified,WAR/Acetylcholinesterase/6nea.cif,WAR/Acetylcholinesterase/6nea.cif,true,976545,,2026-06-05T09:52:50Z
6ntg,6NTG,Acetylcholinesterase,rcsb,"Acetylcholinesterase 6-[4-[(7-chloranyl-1,2,3,4-tetrahydroacridin-9-yl)amino]butyl]-2-[(oxidanylamino)methyl]pyridin-3-ol E2W 2-acetamido-2-deoxy-beta-D-glucopyranose NAG bound inhibitor Tetronarce californica",https://files.rcsb.org/download/6NTG.cif,verified,WAR/Acetylcholinesterase/6ntg.cif,WAR/Acetylcholinesterase/6ntg.cif,true,956458,,2026-06-05T09:52:50Z
6nth,6NTH,Acetylcholinesterase,rcsb,"Acetylcholinesterase 6-[4-[(7-chloranyl-1,2,3,4-tetrahydroacridin-9-yl)amino]butyl]-2-[(oxidanylamino)methyl]pyridin-3-ol E2W 2-acetamido-2-deoxy-beta-D-glucopyranose NAG bound inhibitor Tetronarce californica",https://files.rcsb.org/download/6NTH.cif,verified,WAR/Acetylcholinesterase/6nth.cif,WAR/Acetylcholinesterase/6nth.cif,true,1687405,,2026-06-05T09:52:50Z
6ntk,6NTK,Acetylcholinesterase,rcsb,"Acetylcholinesterase 6-[4-[(7-chloranyl-1,2,3,4-tetrahydroacridin-9-yl)amino]butyl]-2-[(oxidanylamino)methyl]pyridin-3-ol E2W 2-acetamido-2-deoxy-beta-D-glucopyranose NAG bound inhibitor Tetronarce californica",https://files.rcsb.org/download/6NTK.cif,verified,WAR/Acetylcholinesterase/6ntk.cif,WAR/Acetylcholinesterase/6ntk.cif,true,1706663,,2026-06-05T09:52:50Z
6ntl,6NTL,Acetylcholinesterase,rcsb,"Acetylcholinesterase 6-[4-[(7-chloranyl-1,2,3,4-tetrahydroacridin-9-yl)amino]butyl]-2-[(oxidanylamino)methyl]pyridin-3-ol E2W 2-acetamido-2-deoxy-beta-D-glucopyranose NAG bound inhibitor Tetronarce californica",https://files.rcsb.org/download/6NTL.cif,verified,WAR/Acetylcholinesterase/6ntl.cif,WAR/Acetylcholinesterase/6ntl.cif,true,1734893,,2026-06-05T09:52:50Z
6i0c,6I0C,Acetylcholinesterase,rcsb,"Acetylcholinesterase 6-[4-[(7-chloranyl-1,2,3,4-tetrahydroacridin-9-yl)amino]butyl]-2-[(oxidanylamino)methyl]pyridin-3-ol E2W 2-acetamido-2-deoxy-beta-D-glucopyranose NAG bound inhibitor Tetronarce californica",https://files.rcsb.org/download/6I0C.cif,verified,WAR/Acetylcholinesterase/6i0c.cif,WAR/Acetylcholinesterase/6i0c.cif,true,533253,,2026-06-05T09:52:50Z
6i0b,6I0B,Acetylcholinesterase,rcsb,"Acetylcholinesterase 6-[4-[(7-chloranyl-1,2,3,4-tetrahydroacridin-9-yl)amino]butyl]-2-[(oxidanylamino)methyl]pyridin-3-ol E2W 2-acetamido-2-deoxy-beta-D-glucopyranose NAG bound inhibitor Tetronarce californica",https://files.rcsb.org/download/6I0B.cif,verified,WAR/Acetylcholinesterase/6i0b.cif,WAR/Acetylcholinesterase/6i0b.cif,true,545798,,2026-06-05T09:52:50Z
6ntm,6NTM,Acetylcholinesterase,rcsb,"Acetylcholinesterase 6-[4-[(7-chloranyl-1,2,3,4-tetrahydroacridin-9-yl)amino]butyl]-2-[(oxidanylamino)methyl]pyridin-3-ol E2W 2-acetamido-2-deoxy-beta-D-glucopyranose NAG bound inhibitor Tetronarce californica",https://files.rcsb.org/download/6NTM.cif,verified,WAR/Acetylcholinesterase/6ntm.cif,WAR/Acetylcholinesterase/6ntm.cif,true,1650889,,2026-06-05T09:52:50Z
6ntn,6NTN,Acetylcholinesterase,rcsb,"Acetylcholinesterase 6-[4-[(7-chloranyl-1,2,3,4-tetrahydroacridin-9-yl)amino]butyl]-2-[(oxidanylamino)methyl]pyridin-3-ol E2W 2-acetamido-2-deoxy-beta-D-glucopyranose NAG bound inhibitor Tetronarce californica",https://files.rcsb.org/download/6NTN.cif,verified,WAR/Acetylcholinesterase/6ntn.cif,WAR/Acetylcholinesterase/6ntn.cif,true,1656894,,2026-06-05T09:52:50Z
6nto,6NTO,Acetylcholinesterase,rcsb,"Acetylcholinesterase 6-[4-[(7-chloranyl-1,2,3,4-tetrahydroacridin-9-yl)amino]butyl]-2-[(oxidanylamino)methyl]pyridin-3-ol E2W 2-acetamido-2-deoxy-beta-D-glucopyranose NAG bound inhibitor Tetronarce californica",https://files.rcsb.org/download/6NTO.cif,verified,WAR/Acetylcholinesterase/6nto.cif,WAR/Acetylcholinesterase/6nto.cif,true,1071729,,2026-06-05T09:52:50Z
6o4x,6O4X,Acetylcholinesterase,rcsb,"Acetylcholinesterase 6-[4-[(7-chloranyl-1,2,3,4-tetrahydroacridin-9-yl)amino]butyl]-2-[(oxidanylamino)methyl]pyridin-3-ol E2W 2-acetamido-2-deoxy-beta-D-glucopyranose NAG bound inhibitor Tetronarce californica",https://files.rcsb.org/download/6O4X.cif,verified,WAR/Acetylcholinesterase/6o4x.cif,WAR/Acetylcholinesterase/6o4x.cif,true,945644,,2026-06-05T09:52:50Z
6o4w,6O4W,Acetylcholinesterase,rcsb,"Acetylcholinesterase 6-[4-[(7-chloranyl-1,2,3,4-tetrahydroacridin-9-yl)amino]butyl]-2-[(oxidanylamino)methyl]pyridin-3-ol E2W 2-acetamido-2-deoxy-beta-D-glucopyranose NAG bound inhibitor Tetronarce californica",https://files.rcsb.org/download/6O4W.cif,verified,WAR/Acetylcholinesterase/6o4w.cif,WAR/Acetylcholinesterase/6o4w.cif,true,940147,,2026-06-05T09:52:50Z
6o50,6O50,Acetylcholinesterase,rcsb,"Acetylcholinesterase 6-[4-[(7-chloranyl-1,2,3,4-tetrahydroacridin-9-yl)amino]butyl]-2-[(oxidanylamino)methyl]pyridin-3-ol E2W 2-acetamido-2-deoxy-beta-D-glucopyranose NAG bound inhibitor Tetronarce californica",https://files.rcsb.org/download/6O50.cif,verified,WAR/Acetylcholinesterase/6o50.cif,WAR/Acetylcholinesterase/6o50.cif,true,910210,,2026-06-05T09:52:50Z
6o52,6O52,Acetylcholinesterase,rcsb,"Acetylcholinesterase 6-[4-[(7-chloranyl-1,2,3,4-tetrahydroacridin-9-yl)amino]butyl]-2-[(oxidanylamino)methyl]pyridin-3-ol E2W 2-acetamido-2-deoxy-beta-D-glucopyranose NAG bound inhibitor Tetronarce californica",https://files.rcsb.org/download/6O52.cif,verified,WAR/Acetylcholinesterase/6o52.cif,WAR/Acetylcholinesterase/6o52.cif,true,881348,,2026-06-05T09:52:50Z
6o5r,6O5R,Acetylcholinesterase,rcsb,"Acetylcholinesterase 6-[4-[(7-chloranyl-1,2,3,4-tetrahydroacridin-9-yl)amino]butyl]-2-[(oxidanylamino)methyl]pyridin-3-ol E2W 2-acetamido-2-deoxy-beta-D-glucopyranose NAG bound inhibitor Tetronarce californica",https://files.rcsb.org/download/6O5R.cif,verified,WAR/Acetylcholinesterase/6o5r.cif,WAR/Acetylcholinesterase/6o5r.cif,true,914169,,2026-06-05T09:52:50Z
6o5s,6O5S,Acetylcholinesterase,rcsb,"Acetylcholinesterase 6-[4-[(7-chloranyl-1,2,3,4-tetrahydroacridin-9-yl)amino]butyl]-2-[(oxidanylamino)methyl]pyridin-3-ol E2W 2-acetamido-2-deoxy-beta-D-glucopyranose NAG bound inhibitor Tetronarce californica",https://files.rcsb.org/download/6O5S.cif,verified,WAR/Acetylcholinesterase/6o5s.cif,WAR/Acetylcholinesterase/6o5s.cif,true,902207,,2026-06-05T09:52:50Z
6o5v,6O5V,Acetylcholinesterase,rcsb,"Acetylcholinesterase 6-[4-[(7-chloranyl-1,2,3,4-tetrahydroacridin-9-yl)amino]butyl]-2-[(oxidanylamino)methyl]pyridin-3-ol E2W 2-acetamido-2-deoxy-beta-D-glucopyranose NAG bound inhibitor Tetronarce californica",https://files.rcsb.org/download/6O5V.cif,verified,WAR/Acetylcholinesterase/6o5v.cif,WAR/Acetylcholinesterase/6o5v.cif,true,1012295,,2026-06-05T09:52:50Z
6o66,6O66,Acetylcholinesterase,rcsb,"Acetylcholinesterase 6-[4-[(7-chloranyl-1,2,3,4-tetrahydroacridin-9-yl)amino]butyl]-2-[(oxidanylamino)methyl]pyridin-3-ol E2W 2-acetamido-2-deoxy-beta-D-glucopyranose NAG bound inhibitor Tetronarce californica",https://files.rcsb.org/download/6O66.cif,verified,WAR/Acetylcholinesterase/6o66.cif,WAR/Acetylcholinesterase/6o66.cif,true,914725,,2026-06-05T09:52:50Z
6o69,6O69,Acetylcholinesterase,rcsb,"Acetylcholinesterase 6-[4-[(7-chloranyl-1,2,3,4-tetrahydroacridin-9-yl)amino]butyl]-2-[(oxidanylamino)methyl]pyridin-3-ol E2W 2-acetamido-2-deoxy-beta-D-glucopyranose NAG bound inhibitor Tetronarce californica",https://files.rcsb.org/download/6O69.cif,verified,WAR/Acetylcholinesterase/6o69.cif,WAR/Acetylcholinesterase/6o69.cif,true,514291,,2026-06-05T09:52:50Z
6q5l,6Q5L,Acetylcholinesterase,rcsb,"Acetylcholinesterase 6-[4-[(7-chloranyl-1,2,3,4-tetrahydroacridin-9-yl)amino]butyl]-2-[(oxidanylamino)methyl]pyridin-3-ol E2W 2-acetamido-2-deoxy-beta-D-glucopyranose NAG bound inhibitor Tetronarce californica",https://files.rcsb.org/download/6Q5L.cif,verified,WAR/Acetylcholinesterase/6q5l.cif,WAR/Acetylcholinesterase/6q5l.cif,true,132120,,2026-06-05T09:52:50Z
6q5j,6Q5J,Acetylcholinesterase,rcsb,"Acetylcholinesterase 6-[4-[(7-chloranyl-1,2,3,4-tetrahydroacridin-9-yl)amino]butyl]-2-[(oxidanylamino)methyl]pyridin-3-ol E2W 2-acetamido-2-deoxy-beta-D-glucopyranose NAG bound inhibitor Tetronarce californica",https://files.rcsb.org/download/6Q5J.cif,verified,WAR/Acetylcholinesterase/6q5j.cif,WAR/Acetylcholinesterase/6q5j.cif,true,334284,,2026-06-05T09:52:50Z
6qaa,6QAA,Acetylcholinesterase,rcsb,"Acetylcholinesterase 6-[4-[(7-chloranyl-1,2,3,4-tetrahydroacridin-9-yl)amino]butyl]-2-[(oxidanylamino)methyl]pyridin-3-ol E2W 2-acetamido-2-deoxy-beta-D-glucopyranose NAG bound inhibitor Tetronarce californica",https://files.rcsb.org/download/6QAA.cif,verified,WAR/Acetylcholinesterase/6qaa.cif,WAR/Acetylcholinesterase/6qaa.cif,true,560822,,2026-06-05T09:52:50Z
6i2t,6I2T,Acetylcholinesterase,rcsb,"Acetylcholinesterase 6-[4-[(7-chloranyl-1,2,3,4-tetrahydroacridin-9-yl)amino]butyl]-2-[(oxidanylamino)methyl]pyridin-3-ol E2W 2-acetamido-2-deoxy-beta-D-glucopyranose NAG bound inhibitor Tetronarce californica",https://files.rcsb.org/download/6I2T.cif,verified,WAR/Acetylcholinesterase/6i2t.cif,WAR/Acetylcholinesterase/6i2t.cif,true,1821785,,2026-06-05T09:52:50Z
6qab,6QAB,Acetylcholinesterase,rcsb,"Acetylcholinesterase 6-[4-[(7-chloranyl-1,2,3,4-tetrahydroacridin-9-yl)amino]butyl]-2-[(oxidanylamino)methyl]pyridin-3-ol E2W 2-acetamido-2-deoxy-beta-D-glucopyranose NAG bound inhibitor Tetronarce californica",https://files.rcsb.org/download/6QAB.cif,verified,WAR/Acetylcholinesterase/6qab.cif,WAR/Acetylcholinesterase/6qab.cif,true,536172,,2026-06-05T09:52:51Z
6qac,6QAC,Acetylcholinesterase,rcsb,"Acetylcholinesterase 6-[4-[(7-chloranyl-1,2,3,4-tetrahydroacridin-9-yl)amino]butyl]-2-[(oxidanylamino)methyl]pyridin-3-ol E2W 2-acetamido-2-deoxy-beta-D-glucopyranose NAG bound inhibitor Tetronarce californica",https://files.rcsb.org/download/6QAC.cif,verified,WAR/Acetylcholinesterase/6qac.cif,WAR/Acetylcholinesterase/6qac.cif,true,524017,,2026-06-05T09:52:51Z
6qad,6QAD,Acetylcholinesterase,rcsb,"Acetylcholinesterase 6-[4-[(7-chloranyl-1,2,3,4-tetrahydroacridin-9-yl)amino]butyl]-2-[(oxidanylamino)methyl]pyridin-3-ol E2W 2-acetamido-2-deoxy-beta-D-glucopyranose NAG bound inhibitor Tetronarce californica",https://files.rcsb.org/download/6QAD.cif,verified,WAR/Acetylcholinesterase/6qad.cif,WAR/Acetylcholinesterase/6qad.cif,true,531777,,2026-06-05T09:52:51Z
6qae,6QAE,Acetylcholinesterase,rcsb,"Acetylcholinesterase 6-[4-[(7-chloranyl-1,2,3,4-tetrahydroacridin-9-yl)amino]butyl]-2-[(oxidanylamino)methyl]pyridin-3-ol E2W 2-acetamido-2-deoxy-beta-D-glucopyranose NAG bound inhibitor Tetronarce californica",https://files.rcsb.org/download/6QAE.cif,verified,WAR/Acetylcholinesterase/6qae.cif,WAR/Acetylcholinesterase/6qae.cif,true,529232,,2026-06-05T09:52:51Z
6r6v,6R6V,Acetylcholinesterase,rcsb,"Acetylcholinesterase 6-[4-[(7-chloranyl-1,2,3,4-tetrahydroacridin-9-yl)amino]butyl]-2-[(oxidanylamino)methyl]pyridin-3-ol E2W 2-acetamido-2-deoxy-beta-D-glucopyranose NAG bound inhibitor Tetronarce californica",https://files.rcsb.org/download/6R6V.cif,verified,WAR/Acetylcholinesterase/6r6v.cif,WAR/Acetylcholinesterase/6r6v.cif,true,533305,,2026-06-05T09:52:51Z
6r6w,6R6W,Acetylcholinesterase,rcsb,"Acetylcholinesterase 6-[4-[(7-chloranyl-1,2,3,4-tetrahydroacridin-9-yl)amino]butyl]-2-[(oxidanylamino)methyl]pyridin-3-ol E2W 2-acetamido-2-deoxy-beta-D-glucopyranose NAG bound inhibitor Tetronarce californica",https://files.rcsb.org/download/6R6W.cif,verified,WAR/Acetylcholinesterase/6r6w.cif,WAR/Acetylcholinesterase/6r6w.cif,true,528588,,2026-06-05T09:52:51Z
6rua,6RUA,Acetylcholinesterase,rcsb,"Acetylcholinesterase 6-[4-[(7-chloranyl-1,2,3,4-tetrahydroacridin-9-yl)amino]butyl]-2-[(oxidanylamino)methyl]pyridin-3-ol E2W 2-acetamido-2-deoxy-beta-D-glucopyranose NAG bound inhibitor Tetronarce californica",https://files.rcsb.org/download/6RUA.cif,verified,WAR/Acetylcholinesterase/6rua.cif,WAR/Acetylcholinesterase/6rua.cif,true,1007058,,2026-06-05T09:52:51Z
6td2,6TD2,Acetylcholinesterase,rcsb,"Acetylcholinesterase 6-[4-[(7-chloranyl-1,2,3,4-tetrahydroacridin-9-yl)amino]butyl]-2-[(oxidanylamino)methyl]pyridin-3-ol E2W 2-acetamido-2-deoxy-beta-D-glucopyranose NAG bound inhibitor Tetronarce californica",https://files.rcsb.org/download/6TD2.cif,verified,WAR/Acetylcholinesterase/6td2.cif,WAR/Acetylcholinesterase/6td2.cif,true,1791984,,2026-06-05T09:52:51Z
6tt0,6TT0,Acetylcholinesterase,rcsb,"Acetylcholinesterase 6-[4-[(7-chloranyl-1,2,3,4-tetrahydroacridin-9-yl)amino]butyl]-2-[(oxidanylamino)methyl]pyridin-3-ol E2W 2-acetamido-2-deoxy-beta-D-glucopyranose NAG bound inhibitor Tetronarce californica",https://files.rcsb.org/download/6TT0.cif,verified,WAR/Acetylcholinesterase/6tt0.cif,WAR/Acetylcholinesterase/6tt0.cif,true,548535,,2026-06-05T09:52:51Z
6u34,6U34,Acetylcholinesterase,rcsb,"Acetylcholinesterase 6-[4-[(7-chloranyl-1,2,3,4-tetrahydroacridin-9-yl)amino]butyl]-2-[(oxidanylamino)methyl]pyridin-3-ol E2W 2-acetamido-2-deoxy-beta-D-glucopyranose NAG bound inhibitor Tetronarce californica",https://files.rcsb.org/download/6U34.cif,verified,WAR/Acetylcholinesterase/6u34.cif,WAR/Acetylcholinesterase/6u34.cif,true,908562,,2026-06-05T09:52:51Z
6u37,6U37,Acetylcholinesterase,rcsb,"Acetylcholinesterase 6-[4-[(7-chloranyl-1,2,3,4-tetrahydroacridin-9-yl)amino]butyl]-2-[(oxidanylamino)methyl]pyridin-3-ol E2W 2-acetamido-2-deoxy-beta-D-glucopyranose NAG bound inhibitor Tetronarce californica",https://files.rcsb.org/download/6U37.cif,verified,WAR/Acetylcholinesterase/6u37.cif,WAR/Acetylcholinesterase/6u37.cif,true,936160,,2026-06-05T09:52:51Z
6u3p,6U3P,Acetylcholinesterase,rcsb,"Acetylcholinesterase 6-[4-[(7-chloranyl-1,2,3,4-tetrahydroacridin-9-yl)amino]butyl]-2-[(oxidanylamino)methyl]pyridin-3-ol E2W 2-acetamido-2-deoxy-beta-D-glucopyranose NAG bound inhibitor Tetronarce californica",https://files.rcsb.org/download/6U3P.cif,verified,WAR/Acetylcholinesterase/6u3p.cif,WAR/Acetylcholinesterase/6u3p.cif,true,880837,,2026-06-05T09:52:52Z
6sam,6SAM,Acetylcholinesterase,rcsb,"Acetylcholinesterase 6-[4-[(7-chloranyl-1,2,3,4-tetrahydroacridin-9-yl)amino]butyl]-2-[(oxidanylamino)methyl]pyridin-3-ol E2W 2-acetamido-2-deoxy-beta-D-glucopyranose NAG bound inhibitor Tetronarce californica",https://files.rcsb.org/download/6SAM.cif,verified,WAR/Acetylcholinesterase/6sam.cif,WAR/Acetylcholinesterase/6sam.cif,true,567118,,2026-06-05T09:52:51Z
2y1k,2Y1K,Acetylcholinesterase,rcsb,"Acetylcholinesterase 6-[4-[(7-chloranyl-1,2,3,4-tetrahydroacridin-9-yl)amino]butyl]-2-[(oxidanylamino)methyl]pyridin-3-ol E2W 2-acetamido-2-deoxy-beta-D-glucopyranose NAG bound inhibitor Tetronarce californica",https://files.rcsb.org/download/2Y1K.cif,verified,WAR/Acetylcholinesterase/2y1k.cif,WAR/Acetylcholinesterase/2y1k.cif,true,890483,,2026-06-05T09:52:45Z
6t9p,6T9P,Acetylcholinesterase,rcsb,"Acetylcholinesterase 6-[4-[(7-chloranyl-1,2,3,4-tetrahydroacridin-9-yl)amino]butyl]-2-[(oxidanylamino)methyl]pyridin-3-ol E2W 2-acetamido-2-deoxy-beta-D-glucopyranose NAG bound inhibitor Tetronarce californica",https://files.rcsb.org/download/6T9P.cif,verified,WAR/Acetylcholinesterase/6t9p.cif,WAR/Acetylcholinesterase/6t9p.cif,true,973303,,2026-06-05T09:52:51Z
6t9s,6T9S,Acetylcholinesterase,rcsb,"Acetylcholinesterase 6-[4-[(7-chloranyl-1,2,3,4-tetrahydroacridin-9-yl)amino]butyl]-2-[(oxidanylamino)methyl]pyridin-3-ol E2W 2-acetamido-2-deoxy-beta-D-glucopyranose NAG bound inhibitor Tetronarce californica",https://files.rcsb.org/download/6T9S.cif,verified,WAR/Acetylcholinesterase/6t9s.cif,WAR/Acetylcholinesterase/6t9s.cif,true,554241,,2026-06-05T09:52:51Z
6uqv,6UQV,Acetylcholinesterase,rcsb,"Acetylcholinesterase 6-[4-[(7-chloranyl-1,2,3,4-tetrahydroacridin-9-yl)amino]butyl]-2-[(oxidanylamino)methyl]pyridin-3-ol E2W 2-acetamido-2-deoxy-beta-D-glucopyranose NAG bound inhibitor Tetronarce californica",https://files.rcsb.org/download/6UQV.cif,verified,WAR/Acetylcholinesterase/6uqv.cif,WAR/Acetylcholinesterase/6uqv.cif,true,356631,,2026-06-05T09:52:52Z
6uqw,6UQW,Acetylcholinesterase,rcsb,"Acetylcholinesterase 6-[4-[(7-chloranyl-1,2,3,4-tetrahydroacridin-9-yl)amino]butyl]-2-[(oxidanylamino)methyl]pyridin-3-ol E2W 2-acetamido-2-deoxy-beta-D-glucopyranose NAG bound inhibitor Tetronarce californica",https://files.rcsb.org/download/6UQW.cif,verified,WAR/Acetylcholinesterase/6uqw.cif,WAR/Acetylcholinesterase/6uqw.cif,true,573301,,2026-06-05T09:52:52Z
6uqx,6UQX,Acetylcholinesterase,rcsb,"Acetylcholinesterase 6-[4-[(7-chloranyl-1,2,3,4-tetrahydroacridin-9-yl)amino]butyl]-2-[(oxidanylamino)methyl]pyridin-3-ol E2W 2-acetamido-2-deoxy-beta-D-glucopyranose NAG bound inhibitor Tetronarce californica",https://files.rcsb.org/download/6UQX.cif,verified,WAR/Acetylcholinesterase/6uqx.cif,WAR/Acetylcholinesterase/6uqx.cif,true,929416,,2026-06-05T09:52:52Z
6uqy,6UQY,Acetylcholinesterase,rcsb,"Acetylcholinesterase 6-[4-[(7-chloranyl-1,2,3,4-tetrahydroacridin-9-yl)amino]butyl]-2-[(oxidanylamino)methyl]pyridin-3-ol E2W 2-acetamido-2-deoxy-beta-D-glucopyranose NAG bound inhibitor Tetronarce californica",https://files.rcsb.org/download/6UQY.cif,verified,WAR/Acetylcholinesterase/6uqy.cif,WAR/Acetylcholinesterase/6uqy.cif,true,579456,,2026-06-05T09:52:52Z
6wuv,6WUV,Acetylcholinesterase,rcsb,"Acetylcholinesterase 6-[4-[(7-chloranyl-1,2,3,4-tetrahydroacridin-9-yl)amino]butyl]-2-[(oxidanylamino)methyl]pyridin-3-ol E2W 2-acetamido-2-deoxy-beta-D-glucopyranose NAG bound inhibitor Tetronarce californica",https://files.rcsb.org/download/6WUV.cif,verified,WAR/Acetylcholinesterase/6wuv.cif,WAR/Acetylcholinesterase/6wuv.cif,true,926262,,2026-06-05T09:52:52Z
6uqz,6UQZ,Acetylcholinesterase,rcsb,"Acetylcholinesterase 6-[4-[(7-chloranyl-1,2,3,4-tetrahydroacridin-9-yl)amino]butyl]-2-[(oxidanylamino)methyl]pyridin-3-ol E2W 2-acetamido-2-deoxy-beta-D-glucopyranose NAG bound inhibitor Tetronarce californica",https://files.rcsb.org/download/6UQZ.cif,verified,WAR/Acetylcholinesterase/6uqz.cif,WAR/Acetylcholinesterase/6uqz.cif,true,583116,,2026-06-05T09:52:52Z
6wuy,6WUY,Acetylcholinesterase,rcsb,"Acetylcholinesterase 6-[4-[(7-chloranyl-1,2,3,4-tetrahydroacridin-9-yl)amino]butyl]-2-[(oxidanylamino)methyl]pyridin-3-ol E2W 2-acetamido-2-deoxy-beta-D-glucopyranose NAG bound inhibitor Tetronarce californica",https://files.rcsb.org/download/6WUY.cif,verified,WAR/Acetylcholinesterase/6wuy.cif,WAR/Acetylcholinesterase/6wuy.cif,true,929608,,2026-06-05T09:52:52Z
6wuz,6WUZ,Acetylcholinesterase,rcsb,"Acetylcholinesterase 6-[4-[(7-chloranyl-1,2,3,4-tetrahydroacridin-9-yl)amino]butyl]-2-[(oxidanylamino)methyl]pyridin-3-ol E2W 2-acetamido-2-deoxy-beta-D-glucopyranose NAG bound inhibitor Tetronarce californica",https://files.rcsb.org/download/6WUZ.cif,verified,WAR/Acetylcholinesterase/6wuz.cif,WAR/Acetylcholinesterase/6wuz.cif,true,1721024,,2026-06-05T09:52:52Z
6wv1,6WV1,Acetylcholinesterase,rcsb,"Acetylcholinesterase 6-[4-[(7-chloranyl-1,2,3,4-tetrahydroacridin-9-yl)amino]butyl]-2-[(oxidanylamino)methyl]pyridin-3-ol E2W 2-acetamido-2-deoxy-beta-D-glucopyranose NAG bound inhibitor Tetronarce californica",https://files.rcsb.org/download/6WV1.cif,verified,WAR/Acetylcholinesterase/6wv1.cif,WAR/Acetylcholinesterase/6wv1.cif,true,1675339,,2026-06-05T09:52:52Z
6wvc,6WVC,Acetylcholinesterase,rcsb,"Acetylcholinesterase 6-[4-[(7-chloranyl-1,2,3,4-tetrahydroacridin-9-yl)amino]butyl]-2-[(oxidanylamino)methyl]pyridin-3-ol E2W 2-acetamido-2-deoxy-beta-D-glucopyranose NAG bound inhibitor Tetronarce californica",https://files.rcsb.org/download/6WVC.cif,verified,WAR/Acetylcholinesterase/6wvc.cif,WAR/Acetylcholinesterase/6wvc.cif,true,986761,,2026-06-05T09:52:52Z
6wvp,6WVP,Acetylcholinesterase,rcsb,"Acetylcholinesterase 6-[4-[(7-chloranyl-1,2,3,4-tetrahydroacridin-9-yl)amino]butyl]-2-[(oxidanylamino)methyl]pyridin-3-ol E2W 2-acetamido-2-deoxy-beta-D-glucopyranose NAG bound inhibitor Tetronarce californica",https://files.rcsb.org/download/6WVP.cif,verified,WAR/Acetylcholinesterase/6wvp.cif,WAR/Acetylcholinesterase/6wvp.cif,true,1783535,,2026-06-05T09:52:52Z
6wvo,6WVO,Acetylcholinesterase,rcsb,"Acetylcholinesterase 6-[4-[(7-chloranyl-1,2,3,4-tetrahydroacridin-9-yl)amino]butyl]-2-[(oxidanylamino)methyl]pyridin-3-ol E2W 2-acetamido-2-deoxy-beta-D-glucopyranose NAG bound inhibitor Tetronarce californica",https://files.rcsb.org/download/6WVO.cif,verified,WAR/Acetylcholinesterase/6wvo.cif,WAR/Acetylcholinesterase/6wvo.cif,true,1077367,,2026-06-05T09:52:52Z
6wvq,6WVQ,Acetylcholinesterase,rcsb,"Acetylcholinesterase 6-[4-[(7-chloranyl-1,2,3,4-tetrahydroacridin-9-yl)amino]butyl]-2-[(oxidanylamino)methyl]pyridin-3-ol E2W 2-acetamido-2-deoxy-beta-D-glucopyranose NAG bound inhibitor Tetronarce californica",https://files.rcsb.org/download/6WVQ.cif,verified,WAR/Acetylcholinesterase/6wvq.cif,WAR/Acetylcholinesterase/6wvq.cif,true,1003711,,2026-06-05T09:52:52Z
6xys,6XYS,Acetylcholinesterase,rcsb,"Acetylcholinesterase 6-[4-[(7-chloranyl-1,2,3,4-tetrahydroacridin-9-yl)amino]butyl]-2-[(oxidanylamino)methyl]pyridin-3-ol E2W 2-acetamido-2-deoxy-beta-D-glucopyranose NAG bound inhibitor Tetronarce californica",https://files.rcsb.org/download/6XYS.cif,verified,WAR/Acetylcholinesterase/6xys.cif,WAR/Acetylcholinesterase/6xys.cif,true,947108,,2026-06-05T09:52:52Z
6xyu,6XYU,Acetylcholinesterase,rcsb,"Acetylcholinesterase 6-[4-[(7-chloranyl-1,2,3,4-tetrahydroacridin-9-yl)amino]butyl]-2-[(oxidanylamino)methyl]pyridin-3-ol E2W 2-acetamido-2-deoxy-beta-D-glucopyranose NAG bound inhibitor Tetronarce californica",https://files.rcsb.org/download/6XYU.cif,verified,WAR/Acetylcholinesterase/6xyu.cif,WAR/Acetylcholinesterase/6xyu.cif,true,944052,,2026-06-05T09:52:52Z
6xyy,6XYY,Acetylcholinesterase,rcsb,"Acetylcholinesterase 6-[4-[(7-chloranyl-1,2,3,4-tetrahydroacridin-9-yl)amino]butyl]-2-[(oxidanylamino)methyl]pyridin-3-ol E2W 2-acetamido-2-deoxy-beta-D-glucopyranose NAG bound inhibitor Tetronarce californica",https://files.rcsb.org/download/6XYY.cif,verified,WAR/Acetylcholinesterase/6xyy.cif,WAR/Acetylcholinesterase/6xyy.cif,true,960259,,2026-06-05T09:52:52Z
6zwe,6ZWE,Acetylcholinesterase,rcsb,"Acetylcholinesterase 6-[4-[(7-chloranyl-1,2,3,4-tetrahydroacridin-9-yl)amino]butyl]-2-[(oxidanylamino)methyl]pyridin-3-ol E2W 2-acetamido-2-deoxy-beta-D-glucopyranose NAG bound inhibitor Tetronarce californica",https://files.rcsb.org/download/6ZWE.cif,verified,WAR/Acetylcholinesterase/6zwe.cif,WAR/Acetylcholinesterase/6zwe.cif,true,1050731,,2026-06-05T09:52:52Z
7ais,7AIS,Acetylcholinesterase,rcsb,"Acetylcholinesterase 6-[4-[(7-chloranyl-1,2,3,4-tetrahydroacridin-9-yl)amino]butyl]-2-[(oxidanylamino)methyl]pyridin-3-ol E2W 2-acetamido-2-deoxy-beta-D-glucopyranose NAG bound inhibitor Tetronarce californica",https://files.rcsb.org/download/7AIS.cif,verified,WAR/Acetylcholinesterase/7ais.cif,WAR/Acetylcholinesterase/7ais.cif,true,1086749,,2026-06-05T09:52:52Z
7ait,7AIT,Acetylcholinesterase,rcsb,"Acetylcholinesterase 6-[4-[(7-chloranyl-1,2,3,4-tetrahydroacridin-9-yl)amino]butyl]-2-[(oxidanylamino)methyl]pyridin-3-ol E2W 2-acetamido-2-deoxy-beta-D-glucopyranose NAG bound inhibitor Tetronarce californica",https://files.rcsb.org/download/7AIT.cif,verified,WAR/Acetylcholinesterase/7ait.cif,WAR/Acetylcholinesterase/7ait.cif,true,1022596,,2026-06-05T09:52:52Z
7aiu,7AIU,Acetylcholinesterase,rcsb,"Acetylcholinesterase 6-[4-[(7-chloranyl-1,2,3,4-tetrahydroacridin-9-yl)amino]butyl]-2-[(oxidanylamino)methyl]pyridin-3-ol E2W 2-acetamido-2-deoxy-beta-D-glucopyranose NAG bound inhibitor Tetronarce californica",https://files.rcsb.org/download/7AIU.cif,verified,WAR/Acetylcholinesterase/7aiu.cif,WAR/Acetylcholinesterase/7aiu.cif,true,1014408,,2026-06-05T09:52:52Z
7aiv,7AIV,Acetylcholinesterase,rcsb,"Acetylcholinesterase 6-[4-[(7-chloranyl-1,2,3,4-tetrahydroacridin-9-yl)amino]butyl]-2-[(oxidanylamino)methyl]pyridin-3-ol E2W 2-acetamido-2-deoxy-beta-D-glucopyranose NAG bound inhibitor Tetronarce californica",https://files.rcsb.org/download/7AIV.cif,verified,WAR/Acetylcholinesterase/7aiv.cif,WAR/Acetylcholinesterase/7aiv.cif,true,948659,,2026-06-05T09:52:52Z
7aiw,7AIW,Acetylcholinesterase,rcsb,"Acetylcholinesterase 6-[4-[(7-chloranyl-1,2,3,4-tetrahydroacridin-9-yl)amino]butyl]-2-[(oxidanylamino)methyl]pyridin-3-ol E2W 2-acetamido-2-deoxy-beta-D-glucopyranose NAG bound inhibitor Tetronarce californica",https://files.rcsb.org/download/7AIW.cif,verified,WAR/Acetylcholinesterase/7aiw.cif,WAR/Acetylcholinesterase/7aiw.cif,true,1070594,,2026-06-05T09:52:52Z
6ur1,6UR1,Acetylcholinesterase,rcsb,"Acetylcholinesterase 6-[4-[(7-chloranyl-1,2,3,4-tetrahydroacridin-9-yl)amino]butyl]-2-[(oxidanylamino)methyl]pyridin-3-ol E2W 2-acetamido-2-deoxy-beta-D-glucopyranose NAG bound inhibitor Tetronarce californica",https://files.rcsb.org/download/6UR1.cif,verified,WAR/Acetylcholinesterase/6ur1.cif,WAR/Acetylcholinesterase/6ur1.cif,true,592487,,2026-06-05T09:52:52Z
7aix,7AIX,Acetylcholinesterase,rcsb,"Acetylcholinesterase 6-[4-[(7-chloranyl-1,2,3,4-tetrahydroacridin-9-yl)amino]butyl]-2-[(oxidanylamino)methyl]pyridin-3-ol E2W 2-acetamido-2-deoxy-beta-D-glucopyranose NAG bound inhibitor Tetronarce californica",https://files.rcsb.org/download/7AIX.cif,verified,WAR/Acetylcholinesterase/7aix.cif,WAR/Acetylcholinesterase/7aix.cif,true,559156,,2026-06-05T09:52:52Z
6xta,6XTA,Acetylcholinesterase,rcsb,"Acetylcholinesterase 6-[4-[(7-chloranyl-1,2,3,4-tetrahydroacridin-9-yl)amino]butyl]-2-[(oxidanylamino)methyl]pyridin-3-ol E2W 2-acetamido-2-deoxy-beta-D-glucopyranose NAG bound inhibitor Tetronarce californica",https://files.rcsb.org/download/6XTA.cif,verified,WAR/Acetylcholinesterase/6xta.cif,WAR/Acetylcholinesterase/6xta.cif,true,563684,,2026-06-05T09:52:52Z
6zwi,6ZWI,Acetylcholinesterase,rcsb,"Acetylcholinesterase 6-[4-[(7-chloranyl-1,2,3,4-tetrahydroacridin-9-yl)amino]butyl]-2-[(oxidanylamino)methyl]pyridin-3-ol E2W 2-acetamido-2-deoxy-beta-D-glucopyranose NAG bound inhibitor Tetronarce californica",https://files.rcsb.org/download/6ZWI.cif,verified,WAR/Acetylcholinesterase/6zwi.cif,WAR/Acetylcholinesterase/6zwi.cif,true,620977,,2026-06-05T09:52:52Z
7aiy,7AIY,Acetylcholinesterase,rcsb,"Acetylcholinesterase 6-[4-[(7-chloranyl-1,2,3,4-tetrahydroacridin-9-yl)amino]butyl]-2-[(oxidanylamino)methyl]pyridin-3-ol E2W 2-acetamido-2-deoxy-beta-D-glucopyranose NAG bound inhibitor Tetronarce californica",https://files.rcsb.org/download/7AIY.cif,verified,WAR/Acetylcholinesterase/7aiy.cif,WAR/Acetylcholinesterase/7aiy.cif,true,917728,,2026-06-05T09:52:52Z
7amz,7AMZ,Acetylcholinesterase,rcsb,"Acetylcholinesterase 6-[4-[(7-chloranyl-1,2,3,4-tetrahydroacridin-9-yl)amino]butyl]-2-[(oxidanylamino)methyl]pyridin-3-ol E2W 2-acetamido-2-deoxy-beta-D-glucopyranose NAG bound inhibitor Tetronarce californica",https://files.rcsb.org/download/7AMZ.cif,verified,WAR/Acetylcholinesterase/7amz.cif,WAR/Acetylcholinesterase/7amz.cif,true,581711,,2026-06-05T09:52:52Z
7b2w,7B2W,Acetylcholinesterase,rcsb,"Acetylcholinesterase 6-[4-[(7-chloranyl-1,2,3,4-tetrahydroacridin-9-yl)amino]butyl]-2-[(oxidanylamino)methyl]pyridin-3-ol E2W 2-acetamido-2-deoxy-beta-D-glucopyranose NAG bound inhibitor Tetronarce californica",https://files.rcsb.org/download/7B2W.cif,verified,WAR/Acetylcholinesterase/7b2w.cif,WAR/Acetylcholinesterase/7b2w.cif,true,527023,,2026-06-05T09:52:53Z
7b38,7B38,Acetylcholinesterase,rcsb,"Acetylcholinesterase 6-[4-[(7-chloranyl-1,2,3,4-tetrahydroacridin-9-yl)amino]butyl]-2-[(oxidanylamino)methyl]pyridin-3-ol E2W 2-acetamido-2-deoxy-beta-D-glucopyranose NAG bound inhibitor Tetronarce californica",https://files.rcsb.org/download/7B38.cif,verified,WAR/Acetylcholinesterase/7b38.cif,WAR/Acetylcholinesterase/7b38.cif,true,613473,,2026-06-05T09:52:53Z
7b8e,7B8E,Acetylcholinesterase,rcsb,"Acetylcholinesterase 6-[4-[(7-chloranyl-1,2,3,4-tetrahydroacridin-9-yl)amino]butyl]-2-[(oxidanylamino)methyl]pyridin-3-ol E2W 2-acetamido-2-deoxy-beta-D-glucopyranose NAG bound inhibitor Tetronarce californica",https://files.rcsb.org/download/7B8E.cif,verified,WAR/Acetylcholinesterase/7b8e.cif,WAR/Acetylcholinesterase/7b8e.cif,true,577225,,2026-06-05T09:52:53Z
7awg,7AWG,Acetylcholinesterase,rcsb,"Acetylcholinesterase 6-[4-[(7-chloranyl-1,2,3,4-tetrahydroacridin-9-yl)amino]butyl]-2-[(oxidanylamino)methyl]pyridin-3-ol E2W 2-acetamido-2-deoxy-beta-D-glucopyranose NAG bound inhibitor Tetronarce californica",https://files.rcsb.org/download/7AWG.cif,verified,WAR/Acetylcholinesterase/7awg.cif,WAR/Acetylcholinesterase/7awg.cif,true,1000778,,2026-06-05T09:52:52Z
7awh,7AWH,Acetylcholinesterase,rcsb,"Acetylcholinesterase 6-[4-[(7-chloranyl-1,2,3,4-tetrahydroacridin-9-yl)amino]butyl]-2-[(oxidanylamino)methyl]pyridin-3-ol E2W 2-acetamido-2-deoxy-beta-D-glucopyranose NAG bound inhibitor Tetronarce californica",https://files.rcsb.org/download/7AWH.cif,verified,WAR/Acetylcholinesterase/7awh.cif,WAR/Acetylcholinesterase/7awh.cif,true,971337,,2026-06-05T09:52:53Z
6gyv,6GYV,Acetylcholinesterase,rcsb,"Acetylcholinesterase 6-[4-[(7-chloranyl-1,2,3,4-tetrahydroacridin-9-yl)amino]butyl]-2-[(oxidanylamino)methyl]pyridin-3-ol E2W 2-acetamido-2-deoxy-beta-D-glucopyranose NAG bound inhibitor Tetronarce californica",https://files.rcsb.org/download/6GYV.cif,verified,WAR/Acetylcholinesterase/6gyv.cif,WAR/Acetylcholinesterase/6gyv.cif,true,566084,,2026-06-05T09:52:49Z
7d9o,7D9O,Acetylcholinesterase,rcsb,"Acetylcholinesterase 6-[4-[(7-chloranyl-1,2,3,4-tetrahydroacridin-9-yl)amino]butyl]-2-[(oxidanylamino)methyl]pyridin-3-ol E2W 2-acetamido-2-deoxy-beta-D-glucopyranose NAG bound inhibitor Tetronarce californica",https://files.rcsb.org/download/7D9O.cif,verified,WAR/Acetylcholinesterase/7d9o.cif,WAR/Acetylcholinesterase/7d9o.cif,true,1012889,,2026-06-05T09:52:53Z
7d9p,7D9P,Acetylcholinesterase,rcsb,"Acetylcholinesterase 6-[4-[(7-chloranyl-1,2,3,4-tetrahydroacridin-9-yl)amino]butyl]-2-[(oxidanylamino)methyl]pyridin-3-ol E2W 2-acetamido-2-deoxy-beta-D-glucopyranose NAG bound inhibitor Tetronarce californica",https://files.rcsb.org/download/7D9P.cif,verified,WAR/Acetylcholinesterase/7d9p.cif,WAR/Acetylcholinesterase/7d9p.cif,true,881357,,2026-06-05T09:52:53Z
7d9q,7D9Q,Acetylcholinesterase,rcsb,"Acetylcholinesterase 6-[4-[(7-chloranyl-1,2,3,4-tetrahydroacridin-9-yl)amino]butyl]-2-[(oxidanylamino)methyl]pyridin-3-ol E2W 2-acetamido-2-deoxy-beta-D-glucopyranose NAG bound inhibitor Tetronarce californica",https://files.rcsb.org/download/7D9Q.cif,verified,WAR/Acetylcholinesterase/7d9q.cif,WAR/Acetylcholinesterase/7d9q.cif,true,899742,,2026-06-05T09:52:53Z
7e3d,7E3D,Acetylcholinesterase,rcsb,"Acetylcholinesterase 6-[4-[(7-chloranyl-1,2,3,4-tetrahydroacridin-9-yl)amino]butyl]-2-[(oxidanylamino)methyl]pyridin-3-ol E2W 2-acetamido-2-deoxy-beta-D-glucopyranose NAG bound inhibitor Tetronarce californica",https://files.rcsb.org/download/7E3D.cif,verified,WAR/Acetylcholinesterase/7e3d.cif,WAR/Acetylcholinesterase/7e3d.cif,true,912556,,2026-06-05T09:52:53Z
7e3h,7E3H,Acetylcholinesterase,rcsb,"Acetylcholinesterase 6-[4-[(7-chloranyl-1,2,3,4-tetrahydroacridin-9-yl)amino]butyl]-2-[(oxidanylamino)methyl]pyridin-3-ol E2W 2-acetamido-2-deoxy-beta-D-glucopyranose NAG bound inhibitor Tetronarce californica",https://files.rcsb.org/download/7E3H.cif,verified,WAR/Acetylcholinesterase/7e3h.cif,WAR/Acetylcholinesterase/7e3h.cif,true,903040,,2026-06-05T09:52:53Z
7bgc,7BGC,Acetylcholinesterase,rcsb,"Acetylcholinesterase 6-[4-[(7-chloranyl-1,2,3,4-tetrahydroacridin-9-yl)amino]butyl]-2-[(oxidanylamino)methyl]pyridin-3-ol E2W 2-acetamido-2-deoxy-beta-D-glucopyranose NAG bound inhibitor Tetronarce californica",https://files.rcsb.org/download/7BGC.cif,verified,WAR/Acetylcholinesterase/7bgc.cif,WAR/Acetylcholinesterase/7bgc.cif,true,1014298,,2026-06-05T09:52:53Z
7p1n,7P1N,Acetylcholinesterase,rcsb,"Acetylcholinesterase 6-[4-[(7-chloranyl-1,2,3,4-tetrahydroacridin-9-yl)amino]butyl]-2-[(oxidanylamino)methyl]pyridin-3-ol E2W 2-acetamido-2-deoxy-beta-D-glucopyranose NAG bound inhibitor Tetronarce californica",https://files.rcsb.org/download/7P1N.cif,verified,WAR/Acetylcholinesterase/7p1n.cif,WAR/Acetylcholinesterase/7p1n.cif,true,1875374,,2026-06-05T09:52:53Z
7bo3,7BO3,Acetylcholinesterase,rcsb,"Acetylcholinesterase 6-[4-[(7-chloranyl-1,2,3,4-tetrahydroacridin-9-yl)amino]butyl]-2-[(oxidanylamino)methyl]pyridin-3-ol E2W 2-acetamido-2-deoxy-beta-D-glucopyranose NAG bound inhibitor Tetronarce californica",https://files.rcsb.org/download/7BO3.cif,verified,WAR/Acetylcholinesterase/7bo3.cif,WAR/Acetylcholinesterase/7bo3.cif,true,963502,,2026-06-05T09:52:53Z
7p1p,7P1P,Acetylcholinesterase,rcsb,"Acetylcholinesterase 6-[4-[(7-chloranyl-1,2,3,4-tetrahydroacridin-9-yl)amino]butyl]-2-[(oxidanylamino)methyl]pyridin-3-ol E2W 2-acetamido-2-deoxy-beta-D-glucopyranose NAG bound inhibitor Tetronarce californica",https://files.rcsb.org/download/7P1P.cif,verified,WAR/Acetylcholinesterase/7p1p.cif,WAR/Acetylcholinesterase/7p1p.cif,true,1868037,,2026-06-05T09:52:53Z
7q1m,7Q1M,Acetylcholinesterase,rcsb,"Acetylcholinesterase 6-[4-[(7-chloranyl-1,2,3,4-tetrahydroacridin-9-yl)amino]butyl]-2-[(oxidanylamino)methyl]pyridin-3-ol E2W 2-acetamido-2-deoxy-beta-D-glucopyranose NAG bound inhibitor Tetronarce californica",https://files.rcsb.org/download/7Q1M.cif,verified,WAR/Acetylcholinesterase/7q1m.cif,WAR/Acetylcholinesterase/7q1m.cif,true,981730,,2026-06-05T09:52:53Z
7q1n,7Q1N,Acetylcholinesterase,rcsb,"Acetylcholinesterase 6-[4-[(7-chloranyl-1,2,3,4-tetrahydroacridin-9-yl)amino]butyl]-2-[(oxidanylamino)methyl]pyridin-3-ol E2W 2-acetamido-2-deoxy-beta-D-glucopyranose NAG bound inhibitor Tetronarce californica",https://files.rcsb.org/download/7Q1N.cif,verified,WAR/Acetylcholinesterase/7q1n.cif,WAR/Acetylcholinesterase/7q1n.cif,true,1006771,,2026-06-05T09:52:53Z
7awi,7AWI,Acetylcholinesterase,rcsb,"Acetylcholinesterase 6-[4-[(7-chloranyl-1,2,3,4-tetrahydroacridin-9-yl)amino]butyl]-2-[(oxidanylamino)methyl]pyridin-3-ol E2W 2-acetamido-2-deoxy-beta-D-glucopyranose NAG bound inhibitor Tetronarce californica",https://files.rcsb.org/download/7AWI.cif,verified,WAR/Acetylcholinesterase/7awi.cif,WAR/Acetylcholinesterase/7awi.cif,true,955607,,2026-06-05T09:52:53Z
7qak,7QAK,Acetylcholinesterase,rcsb,"Acetylcholinesterase 6-[4-[(7-chloranyl-1,2,3,4-tetrahydroacridin-9-yl)amino]butyl]-2-[(oxidanylamino)methyl]pyridin-3-ol E2W 2-acetamido-2-deoxy-beta-D-glucopyranose NAG bound inhibitor Tetronarce californica",https://files.rcsb.org/download/7QAK.cif,verified,WAR/Acetylcholinesterase/7qak.cif,WAR/Acetylcholinesterase/7qak.cif,true,1833640,,2026-06-05T09:52:54Z
7nfh,7NFH,Acetylcholinesterase,rcsb,"Acetylcholinesterase 6-[4-[(7-chloranyl-1,2,3,4-tetrahydroacridin-9-yl)amino]butyl]-2-[(oxidanylamino)methyl]pyridin-3-ol E2W 2-acetamido-2-deoxy-beta-D-glucopyranose NAG bound inhibitor Tetronarce californica",https://files.rcsb.org/download/7NFH.cif,verified,WAR/Acetylcholinesterase/7nfh.cif,WAR/Acetylcholinesterase/7nfh.cif,true,399172,,2026-06-05T09:52:53Z
7qb4,7QB4,Acetylcholinesterase,rcsb,"Acetylcholinesterase 6-[4-[(7-chloranyl-1,2,3,4-tetrahydroacridin-9-yl)amino]butyl]-2-[(oxidanylamino)methyl]pyridin-3-ol E2W 2-acetamido-2-deoxy-beta-D-glucopyranose NAG bound inhibitor Tetronarce californica",https://files.rcsb.org/download/7QB4.cif,verified,WAR/Acetylcholinesterase/7qb4.cif,WAR/Acetylcholinesterase/7qb4.cif,true,1847790,,2026-06-05T09:52:54Z
7q1o,7Q1O,Acetylcholinesterase,rcsb,"Acetylcholinesterase 6-[4-[(7-chloranyl-1,2,3,4-tetrahydroacridin-9-yl)amino]butyl]-2-[(oxidanylamino)methyl]pyridin-3-ol E2W 2-acetamido-2-deoxy-beta-D-glucopyranose NAG bound inhibitor Tetronarce californica",https://files.rcsb.org/download/7Q1O.cif,verified,WAR/Acetylcholinesterase/7q1o.cif,WAR/Acetylcholinesterase/7q1o.cif,true,992761,,2026-06-05T09:52:54Z
5ivh,5IVH,Acetylcholinesterase,rcsb,"Acetylcholinesterase 6-[4-[(7-chloranyl-1,2,3,4-tetrahydroacridin-9-yl)amino]butyl]-2-[(oxidanylamino)methyl]pyridin-3-ol E2W 2-acetamido-2-deoxy-beta-D-glucopyranose NAG bound inhibitor Tetronarce californica",https://files.rcsb.org/download/5IVH.cif,verified,WAR/Acetylcholinesterase/5ivh.cif,WAR/Acetylcholinesterase/5ivh.cif,true,74402915,,2026-06-05T09:52:47Z
7q1p,7Q1P,Acetylcholinesterase,rcsb,"Acetylcholinesterase 6-[4-[(7-chloranyl-1,2,3,4-tetrahydroacridin-9-yl)amino]butyl]-2-[(oxidanylamino)methyl]pyridin-3-ol E2W 2-acetamido-2-deoxy-beta-D-glucopyranose NAG bound inhibitor Tetronarce californica",https://files.rcsb.org/download/7Q1P.cif,verified,WAR/Acetylcholinesterase/7q1p.cif,WAR/Acetylcholinesterase/7q1p.cif,true,990439,,2026-06-05T09:52:54Z
3k9b,3K9B,Acetylcholinesterase,rcsb,"Acetylcholinesterase 6-[4-[(7-chloranyl-1,2,3,4-tetrahydroacridin-9-yl)amino]butyl]-2-[(oxidanylamino)methyl]pyridin-3-ol E2W 2-acetamido-2-deoxy-beta-D-glucopyranose NAG bound inhibitor Tetronarce californica",https://files.rcsb.org/download/3K9B.cif,verified,WAR/Acetylcholinesterase/3k9b.cif,WAR/Acetylcholinesterase/3k9b.cif,true,1217872,,2026-06-05T09:52:46Z
7qyn,7QYN,Acetylcholinesterase,rcsb,"Acetylcholinesterase 6-[4-[(7-chloranyl-1,2,3,4-tetrahydroacridin-9-yl)amino]butyl]-2-[(oxidanylamino)methyl]pyridin-3-ol E2W 2-acetamido-2-deoxy-beta-D-glucopyranose NAG bound inhibitor Tetronarce californica",https://files.rcsb.org/download/7QYN.cif,verified,WAR/Acetylcholinesterase/7qyn.cif,WAR/Acetylcholinesterase/7qyn.cif,true,1715483,,2026-06-05T09:52:54Z
7r02,7R02,Acetylcholinesterase,rcsb,"Acetylcholinesterase 6-[4-[(7-chloranyl-1,2,3,4-tetrahydroacridin-9-yl)amino]butyl]-2-[(oxidanylamino)methyl]pyridin-3-ol E2W 2-acetamido-2-deoxy-beta-D-glucopyranose NAG bound inhibitor Tetronarce californica",https://files.rcsb.org/download/7R02.cif,verified,WAR/Acetylcholinesterase/7r02.cif,WAR/Acetylcholinesterase/7r02.cif,true,1691737,,2026-06-05T09:52:54Z
7r0a,7R0A,Acetylcholinesterase,rcsb,"Acetylcholinesterase 6-[4-[(7-chloranyl-1,2,3,4-tetrahydroacridin-9-yl)amino]butyl]-2-[(oxidanylamino)methyl]pyridin-3-ol E2W 2-acetamido-2-deoxy-beta-D-glucopyranose NAG bound inhibitor Tetronarce californica",https://files.rcsb.org/download/7R0A.cif,verified,WAR/Acetylcholinesterase/7r0a.cif,WAR/Acetylcholinesterase/7r0a.cif,true,1718701,,2026-06-05T09:52:54Z
7r2f,7R2F,Acetylcholinesterase,rcsb,"Acetylcholinesterase 6-[4-[(7-chloranyl-1,2,3,4-tetrahydroacridin-9-yl)amino]butyl]-2-[(oxidanylamino)methyl]pyridin-3-ol E2W 2-acetamido-2-deoxy-beta-D-glucopyranose NAG bound inhibitor Tetronarce californica",https://files.rcsb.org/download/7R2F.cif,verified,WAR/Acetylcholinesterase/7r2f.cif,WAR/Acetylcholinesterase/7r2f.cif,true,1774742,,2026-06-05T09:52:54Z
7qbq,7QBQ,Acetylcholinesterase,rcsb,"Acetylcholinesterase 6-[4-[(7-chloranyl-1,2,3,4-tetrahydroacridin-9-yl)amino]butyl]-2-[(oxidanylamino)methyl]pyridin-3-ol E2W 2-acetamido-2-deoxy-beta-D-glucopyranose NAG bound inhibitor Tetronarce californica",https://files.rcsb.org/download/7QBQ.cif,verified,WAR/Acetylcholinesterase/7qbq.cif,WAR/Acetylcholinesterase/7qbq.cif,true,979237,,2026-06-05T09:52:54Z
7rb5,7RB5,Acetylcholinesterase,rcsb,"Acetylcholinesterase 6-[4-[(7-chloranyl-1,2,3,4-tetrahydroacridin-9-yl)amino]butyl]-2-[(oxidanylamino)methyl]pyridin-3-ol E2W 2-acetamido-2-deoxy-beta-D-glucopyranose NAG bound inhibitor Tetronarce californica",https://files.rcsb.org/download/7RB5.cif,verified,WAR/Acetylcholinesterase/7rb5.cif,WAR/Acetylcholinesterase/7rb5.cif,true,483399,,2026-06-05T09:52:54Z
7rb6,7RB6,Acetylcholinesterase,rcsb,"Acetylcholinesterase 6-[4-[(7-chloranyl-1,2,3,4-tetrahydroacridin-9-yl)amino]butyl]-2-[(oxidanylamino)methyl]pyridin-3-ol E2W 2-acetamido-2-deoxy-beta-D-glucopyranose NAG bound inhibitor Tetronarce californica",https://files.rcsb.org/download/7RB6.cif,verified,WAR/Acetylcholinesterase/7rb6.cif,WAR/Acetylcholinesterase/7rb6.cif,true,963248,,2026-06-05T09:52:54Z
7qhd,7QHD,Acetylcholinesterase,rcsb,"Acetylcholinesterase 6-[4-[(7-chloranyl-1,2,3,4-tetrahydroacridin-9-yl)amino]butyl]-2-[(oxidanylamino)methyl]pyridin-3-ol E2W 2-acetamido-2-deoxy-beta-D-glucopyranose NAG bound inhibitor Tetronarce californica",https://files.rcsb.org/download/7QHD.cif,verified,WAR/Acetylcholinesterase/7qhd.cif,WAR/Acetylcholinesterase/7qhd.cif,true,1033516,,2026-06-05T09:52:54Z
7r3c,7R3C,Acetylcholinesterase,rcsb,"Acetylcholinesterase 6-[4-[(7-chloranyl-1,2,3,4-tetrahydroacridin-9-yl)amino]butyl]-2-[(oxidanylamino)methyl]pyridin-3-ol E2W 2-acetamido-2-deoxy-beta-D-glucopyranose NAG bound inhibitor Tetronarce californica",https://files.rcsb.org/download/7R3C.cif,verified,WAR/Acetylcholinesterase/7r3c.cif,WAR/Acetylcholinesterase/7r3c.cif,true,1847986,,2026-06-05T09:52:54Z
7r4e,7R4E,Acetylcholinesterase,rcsb,"Acetylcholinesterase 6-[4-[(7-chloranyl-1,2,3,4-tetrahydroacridin-9-yl)amino]butyl]-2-[(oxidanylamino)methyl]pyridin-3-ol E2W 2-acetamido-2-deoxy-beta-D-glucopyranose NAG bound inhibitor Tetronarce californica",https://files.rcsb.org/download/7R4E.cif,verified,WAR/Acetylcholinesterase/7r4e.cif,WAR/Acetylcholinesterase/7r4e.cif,true,1830604,,2026-06-05T09:52:54Z
7qhe,7QHE,Acetylcholinesterase,rcsb,"Acetylcholinesterase 6-[4-[(7-chloranyl-1,2,3,4-tetrahydroacridin-9-yl)amino]butyl]-2-[(oxidanylamino)methyl]pyridin-3-ol E2W 2-acetamido-2-deoxy-beta-D-glucopyranose NAG bound inhibitor Tetronarce californica",https://files.rcsb.org/download/7QHE.cif,verified,WAR/Acetylcholinesterase/7qhe.cif,WAR/Acetylcholinesterase/7qhe.cif,true,987277,,2026-06-05T09:52:54Z
7rb7,7RB7,Acetylcholinesterase,rcsb,"Acetylcholinesterase 6-[4-[(7-chloranyl-1,2,3,4-tetrahydroacridin-9-yl)amino]butyl]-2-[(oxidanylamino)methyl]pyridin-3-ol E2W 2-acetamido-2-deoxy-beta-D-glucopyranose NAG bound inhibitor Tetronarce californica",https://files.rcsb.org/download/7RB7.cif,verified,WAR/Acetylcholinesterase/7rb7.cif,WAR/Acetylcholinesterase/7rb7.cif,true,903054,,2026-06-05T09:52:54Z
5ivk,5IVK,Acetylcholinesterase,rcsb,"Acetylcholinesterase 6-[4-[(7-chloranyl-1,2,3,4-tetrahydroacridin-9-yl)amino]butyl]-2-[(oxidanylamino)methyl]pyridin-3-ol E2W 2-acetamido-2-deoxy-beta-D-glucopyranose NAG bound inhibitor Tetronarce californica",https://files.rcsb.org/download/5IVK.cif,verified,WAR/Acetylcholinesterase/5ivk.cif,WAR/Acetylcholinesterase/5ivk.cif,true,75224141,,2026-06-05T09:52:48Z
8aen,8AEN,Acetylcholinesterase,rcsb,"Acetylcholinesterase 6-[4-[(7-chloranyl-1,2,3,4-tetrahydroacridin-9-yl)amino]butyl]-2-[(oxidanylamino)methyl]pyridin-3-ol E2W 2-acetamido-2-deoxy-beta-D-glucopyranose NAG bound inhibitor Tetronarce californica",https://files.rcsb.org/download/8AEN.cif,verified,WAR/Acetylcholinesterase/8aen.cif,WAR/Acetylcholinesterase/8aen.cif,true,1877634,,2026-06-05T09:52:55Z
7xn1,7XN1,Acetylcholinesterase,rcsb,"Acetylcholinesterase 6-[4-[(7-chloranyl-1,2,3,4-tetrahydroacridin-9-yl)amino]butyl]-2-[(oxidanylamino)methyl]pyridin-3-ol E2W 2-acetamido-2-deoxy-beta-D-glucopyranose NAG bound inhibitor Tetronarce californica",https://files.rcsb.org/download/7XN1.cif,verified,WAR/Acetylcholinesterase/7xn1.cif,WAR/Acetylcholinesterase/7xn1.cif,true,895602,,2026-06-05T09:52:55Z
8aev,8AEV,Acetylcholinesterase,rcsb,"Acetylcholinesterase 6-[4-[(7-chloranyl-1,2,3,4-tetrahydroacridin-9-yl)amino]butyl]-2-[(oxidanylamino)methyl]pyridin-3-ol E2W 2-acetamido-2-deoxy-beta-D-glucopyranose NAG bound inhibitor Tetronarce californica",https://files.rcsb.org/download/8AEV.cif,verified,WAR/Acetylcholinesterase/8aev.cif,WAR/Acetylcholinesterase/8aev.cif,true,1844306,,2026-06-05T09:52:55Z
7v4o,7V4O,Acetylcholinesterase,rcsb,"Acetylcholinesterase 6-[4-[(7-chloranyl-1,2,3,4-tetrahydroacridin-9-yl)amino]butyl]-2-[(oxidanylamino)methyl]pyridin-3-ol E2W 2-acetamido-2-deoxy-beta-D-glucopyranose NAG bound inhibitor Tetronarce californica",https://files.rcsb.org/download/7V4O.cif,verified,WAR/Acetylcholinesterase/7v4o.cif,WAR/Acetylcholinesterase/7v4o.cif,true,399661,,2026-06-05T09:52:55Z
7zpb,7ZPB,Acetylcholinesterase,rcsb,"Acetylcholinesterase 6-[4-[(7-chloranyl-1,2,3,4-tetrahydroacridin-9-yl)amino]butyl]-2-[(oxidanylamino)methyl]pyridin-3-ol E2W 2-acetamido-2-deoxy-beta-D-glucopyranose NAG bound inhibitor Tetronarce californica",https://files.rcsb.org/download/7ZPB.cif,verified,WAR/Acetylcholinesterase/7zpb.cif,WAR/Acetylcholinesterase/7zpb.cif,true,974720,,2026-06-05T09:52:55Z
8am1,8AM1,Acetylcholinesterase,rcsb,"Acetylcholinesterase 6-[4-[(7-chloranyl-1,2,3,4-tetrahydroacridin-9-yl)amino]butyl]-2-[(oxidanylamino)methyl]pyridin-3-ol E2W 2-acetamido-2-deoxy-beta-D-glucopyranose NAG bound inhibitor Tetronarce californica",https://files.rcsb.org/download/8AM1.cif,verified,WAR/Acetylcholinesterase/8am1.cif,WAR/Acetylcholinesterase/8am1.cif,true,982244,,2026-06-05T09:52:55Z
8amy,8AMY,Acetylcholinesterase,rcsb,"Acetylcholinesterase 6-[4-[(7-chloranyl-1,2,3,4-tetrahydroacridin-9-yl)amino]butyl]-2-[(oxidanylamino)methyl]pyridin-3-ol E2W 2-acetamido-2-deoxy-beta-D-glucopyranose NAG bound inhibitor Tetronarce californica",https://files.rcsb.org/download/8AMY.cif,verified,WAR/Acetylcholinesterase/8amy.cif,WAR/Acetylcholinesterase/8amy.cif,true,302875,,2026-06-05T09:52:55Z
8am2,8AM2,Acetylcholinesterase,rcsb,"Acetylcholinesterase 6-[4-[(7-chloranyl-1,2,3,4-tetrahydroacridin-9-yl)amino]butyl]-2-[(oxidanylamino)methyl]pyridin-3-ol E2W 2-acetamido-2-deoxy-beta-D-glucopyranose NAG bound inhibitor Tetronarce californica",https://files.rcsb.org/download/8AM2.cif,verified,WAR/Acetylcholinesterase/8am2.cif,WAR/Acetylcholinesterase/8am2.cif,true,976959,,2026-06-05T09:52:55Z
8ai7,8AI7,Acetylcholinesterase,rcsb,"Acetylcholinesterase 6-[4-[(7-chloranyl-1,2,3,4-tetrahydroacridin-9-yl)amino]butyl]-2-[(oxidanylamino)methyl]pyridin-3-ol E2W 2-acetamido-2-deoxy-beta-D-glucopyranose NAG bound inhibitor Tetronarce californica",https://files.rcsb.org/download/8AI7.cif,verified,WAR/Acetylcholinesterase/8ai7.cif,WAR/Acetylcholinesterase/8ai7.cif,true,999810,,2026-06-05T09:52:55Z
8cgo,8CGO,Acetylcholinesterase,rcsb,"Acetylcholinesterase 6-[4-[(7-chloranyl-1,2,3,4-tetrahydroacridin-9-yl)amino]butyl]-2-[(oxidanylamino)methyl]pyridin-3-ol E2W 2-acetamido-2-deoxy-beta-D-glucopyranose NAG bound inhibitor Tetronarce californica",https://files.rcsb.org/download/8CGO.cif,verified,WAR/Acetylcholinesterase/8cgo.cif,WAR/Acetylcholinesterase/8cgo.cif,true,978668,,2026-06-05T09:52:55Z
8d8w,8D8W,Acetylcholinesterase,rcsb,"Acetylcholinesterase 6-[4-[(7-chloranyl-1,2,3,4-tetrahydroacridin-9-yl)amino]butyl]-2-[(oxidanylamino)methyl]pyridin-3-ol E2W 2-acetamido-2-deoxy-beta-D-glucopyranose NAG bound inhibitor Tetronarce californica",https://files.rcsb.org/download/8D8W.cif,verified,WAR/Acetylcholinesterase/8d8w.cif,WAR/Acetylcholinesterase/8d8w.cif,true,982921,,2026-06-05T09:52:55Z
8dt2,8DT2,Acetylcholinesterase,rcsb,"Acetylcholinesterase 6-[4-[(7-chloranyl-1,2,3,4-tetrahydroacridin-9-yl)amino]butyl]-2-[(oxidanylamino)methyl]pyridin-3-ol E2W 2-acetamido-2-deoxy-beta-D-glucopyranose NAG bound inhibitor Tetronarce californica",https://files.rcsb.org/download/8DT2.cif,verified,WAR/Acetylcholinesterase/8dt2.cif,WAR/Acetylcholinesterase/8dt2.cif,true,897962,,2026-06-05T09:52:56Z
8d8x,8D8X,Acetylcholinesterase,rcsb,"Acetylcholinesterase 6-[4-[(7-chloranyl-1,2,3,4-tetrahydroacridin-9-yl)amino]butyl]-2-[(oxidanylamino)methyl]pyridin-3-ol E2W 2-acetamido-2-deoxy-beta-D-glucopyranose NAG bound inhibitor Tetronarce californica",https://files.rcsb.org/download/8D8X.cif,verified,WAR/Acetylcholinesterase/8d8x.cif,WAR/Acetylcholinesterase/8d8x.cif,true,352481,,2026-06-05T09:52:55Z
8dt4,8DT4,Acetylcholinesterase,rcsb,"Acetylcholinesterase 6-[4-[(7-chloranyl-1,2,3,4-tetrahydroacridin-9-yl)amino]butyl]-2-[(oxidanylamino)methyl]pyridin-3-ol E2W 2-acetamido-2-deoxy-beta-D-glucopyranose NAG bound inhibitor Tetronarce californica",https://files.rcsb.org/download/8DT4.cif,verified,WAR/Acetylcholinesterase/8dt4.cif,WAR/Acetylcholinesterase/8dt4.cif,true,903779,,2026-06-05T09:52:56Z
8dt5,8DT5,Acetylcholinesterase,rcsb,"Acetylcholinesterase 6-[4-[(7-chloranyl-1,2,3,4-tetrahydroacridin-9-yl)amino]butyl]-2-[(oxidanylamino)methyl]pyridin-3-ol E2W 2-acetamido-2-deoxy-beta-D-glucopyranose NAG bound inhibitor Tetronarce californica",https://files.rcsb.org/download/8DT5.cif,verified,WAR/Acetylcholinesterase/8dt5.cif,WAR/Acetylcholinesterase/8dt5.cif,true,927423,,2026-06-05T09:52:56Z
8dt7,8DT7,Acetylcholinesterase,rcsb,"Acetylcholinesterase 6-[4-[(7-chloranyl-1,2,3,4-tetrahydroacridin-9-yl)amino]butyl]-2-[(oxidanylamino)methyl]pyridin-3-ol E2W 2-acetamido-2-deoxy-beta-D-glucopyranose NAG bound inhibitor Tetronarce californica",https://files.rcsb.org/download/8DT7.cif,verified,WAR/Acetylcholinesterase/8dt7.cif,WAR/Acetylcholinesterase/8dt7.cif,true,992607,,2026-06-05T09:52:56Z
8d8z,8D8Z,Acetylcholinesterase,rcsb,"Acetylcholinesterase 6-[4-[(7-chloranyl-1,2,3,4-tetrahydroacridin-9-yl)amino]butyl]-2-[(oxidanylamino)methyl]pyridin-3-ol E2W 2-acetamido-2-deoxy-beta-D-glucopyranose NAG bound inhibitor Tetronarce californica",https://files.rcsb.org/download/8D8Z.cif,verified,WAR/Acetylcholinesterase/8d8z.cif,WAR/Acetylcholinesterase/8d8z.cif,true,591475,,2026-06-05T09:52:55Z
8d91,8D91,Acetylcholinesterase,rcsb,"Acetylcholinesterase 6-[4-[(7-chloranyl-1,2,3,4-tetrahydroacridin-9-yl)amino]butyl]-2-[(oxidanylamino)methyl]pyridin-3-ol E2W 2-acetamido-2-deoxy-beta-D-glucopyranose NAG bound inhibitor Tetronarce californica",https://files.rcsb.org/download/8D91.cif,verified,WAR/Acetylcholinesterase/8d91.cif,WAR/Acetylcholinesterase/8d91.cif,true,945452,,2026-06-05T09:52:55Z
8orc,8ORC,Acetylcholinesterase,rcsb,"Acetylcholinesterase 6-[4-[(7-chloranyl-1,2,3,4-tetrahydroacridin-9-yl)amino]butyl]-2-[(oxidanylamino)methyl]pyridin-3-ol E2W 2-acetamido-2-deoxy-beta-D-glucopyranose NAG bound inhibitor Tetronarce californica",https://files.rcsb.org/download/8ORC.cif,verified,WAR/Acetylcholinesterase/8orc.cif,WAR/Acetylcholinesterase/8orc.cif,true,2760919,,2026-06-05T09:52:56Z
8ofo,8OFO,Acetylcholinesterase,rcsb,"Acetylcholinesterase 6-[4-[(7-chloranyl-1,2,3,4-tetrahydroacridin-9-yl)amino]butyl]-2-[(oxidanylamino)methyl]pyridin-3-ol E2W 2-acetamido-2-deoxy-beta-D-glucopyranose NAG bound inhibitor Tetronarce californica",https://files.rcsb.org/download/8OFO.cif,verified,WAR/Acetylcholinesterase/8ofo.cif,WAR/Acetylcholinesterase/8ofo.cif,true,305289,,2026-06-05T09:52:56Z
8d90,8D90,Acetylcholinesterase,rcsb,"Acetylcholinesterase 6-[4-[(7-chloranyl-1,2,3,4-tetrahydroacridin-9-yl)amino]butyl]-2-[(oxidanylamino)methyl]pyridin-3-ol E2W 2-acetamido-2-deoxy-beta-D-glucopyranose NAG bound inhibitor Tetronarce californica",https://files.rcsb.org/download/8D90.cif,verified,WAR/Acetylcholinesterase/8d90.cif,WAR/Acetylcholinesterase/8d90.cif,true,576450,,2026-06-05T09:52:55Z
8qtw,8QTW,Acetylcholinesterase,rcsb,"Acetylcholinesterase 6-[4-[(7-chloranyl-1,2,3,4-tetrahydroacridin-9-yl)amino]butyl]-2-[(oxidanylamino)methyl]pyridin-3-ol E2W 2-acetamido-2-deoxy-beta-D-glucopyranose NAG bound inhibitor Tetronarce californica",https://files.rcsb.org/download/8QTW.cif,verified,WAR/Acetylcholinesterase/8qtw.cif,WAR/Acetylcholinesterase/8qtw.cif,true,986144,,2026-06-05T09:52:56Z
9f6r,9F6R,Acetylcholinesterase,rcsb,"Acetylcholinesterase 6-[4-[(7-chloranyl-1,2,3,4-tetrahydroacridin-9-yl)amino]butyl]-2-[(oxidanylamino)methyl]pyridin-3-ol E2W 2-acetamido-2-deoxy-beta-D-glucopyranose NAG bound inhibitor Tetronarce californica",https://files.rcsb.org/download/9F6R.cif,verified,WAR/Acetylcholinesterase/9f6r.cif,WAR/Acetylcholinesterase/9f6r.cif,true,1217851,,2026-06-05T09:52:56Z
6ur0,6UR0,Acetylcholinesterase,rcsb,"Acetylcholinesterase 6-[4-[(7-chloranyl-1,2,3,4-tetrahydroacridin-9-yl)amino]butyl]-2-[(oxidanylamino)methyl]pyridin-3-ol E2W 2-acetamido-2-deoxy-beta-D-glucopyranose NAG bound inhibitor Tetronarce californica",https://files.rcsb.org/download/6UR0.cif,verified,WAR/Acetylcholinesterase/6ur0.cif,WAR/Acetylcholinesterase/6ur0.cif,true,585226,,2026-06-05T09:52:52Z
9ciy,9CIY,Acetylcholinesterase,rcsb,"Acetylcholinesterase 6-[4-[(7-chloranyl-1,2,3,4-tetrahydroacridin-9-yl)amino]butyl]-2-[(oxidanylamino)methyl]pyridin-3-ol E2W 2-acetamido-2-deoxy-beta-D-glucopyranose NAG bound inhibitor Tetronarce californica",https://files.rcsb.org/download/9CIY.cif,verified,WAR/Acetylcholinesterase/9ciy.cif,WAR/Acetylcholinesterase/9ciy.cif,true,186555,,2026-06-05T09:52:56Z
8qtx,8QTX,Acetylcholinesterase,rcsb,"Acetylcholinesterase 6-[4-[(7-chloranyl-1,2,3,4-tetrahydroacridin-9-yl)amino]butyl]-2-[(oxidanylamino)methyl]pyridin-3-ol E2W 2-acetamido-2-deoxy-beta-D-glucopyranose NAG bound inhibitor Tetronarce californica",https://files.rcsb.org/download/8QTX.cif,verified,WAR/Acetylcholinesterase/8qtx.cif,WAR/Acetylcholinesterase/8qtx.cif,true,976058,,2026-06-05T09:52:56Z
1ukc,1UKC,Acetylcholinesterase,rcsb,"Acetylcholinesterase 6-[4-[(7-chloranyl-1,2,3,4-tetrahydroacridin-9-yl)amino]butyl]-2-[(oxidanylamino)methyl]pyridin-3-ol E2W 2-acetamido-2-deoxy-beta-D-glucopyranose NAG bound inhibitor Tetronarce californica",https://files.rcsb.org/download/1UKC.cif,verified,WAR/Acetylcholinesterase/1ukc.cif,WAR/Acetylcholinesterase/1ukc.cif,true,1020757,,2026-06-05T09:52:43Z
9gcq,9GCQ,Acetylcholinesterase,rcsb,"Acetylcholinesterase 6-[4-[(7-chloranyl-1,2,3,4-tetrahydroacridin-9-yl)amino]butyl]-2-[(oxidanylamino)methyl]pyridin-3-ol E2W 2-acetamido-2-deoxy-beta-D-glucopyranose NAG bound inhibitor Tetronarce californica",https://files.rcsb.org/download/9GCQ.cif,verified,WAR/Acetylcholinesterase/9gcq.cif,WAR/Acetylcholinesterase/9gcq.cif,true,975248,,2026-06-05T09:52:56Z
9i02,9I02,Acetylcholinesterase,rcsb,"Acetylcholinesterase 6-[4-[(7-chloranyl-1,2,3,4-tetrahydroacridin-9-yl)amino]butyl]-2-[(oxidanylamino)methyl]pyridin-3-ol E2W 2-acetamido-2-deoxy-beta-D-glucopyranose NAG bound inhibitor Tetronarce californica",https://files.rcsb.org/download/9I02.cif,verified,WAR/Acetylcholinesterase/9i02.cif,WAR/Acetylcholinesterase/9i02.cif,true,1041288,,2026-06-05T09:52:56Z
9gcr,9GCR,Acetylcholinesterase,rcsb,"Acetylcholinesterase 6-[4-[(7-chloranyl-1,2,3,4-tetrahydroacridin-9-yl)amino]butyl]-2-[(oxidanylamino)methyl]pyridin-3-ol E2W 2-acetamido-2-deoxy-beta-D-glucopyranose NAG bound inhibitor Tetronarce californica",https://files.rcsb.org/download/9GCR.cif,verified,WAR/Acetylcholinesterase/9gcr.cif,WAR/Acetylcholinesterase/9gcr.cif,true,637593,,2026-06-05T09:52:56Z
9i03,9I03,Acetylcholinesterase,rcsb,"Acetylcholinesterase 6-[4-[(7-chloranyl-1,2,3,4-tetrahydroacridin-9-yl)amino]butyl]-2-[(oxidanylamino)methyl]pyridin-3-ol E2W 2-acetamido-2-deoxy-beta-D-glucopyranose NAG bound inhibitor Tetronarce californica",https://files.rcsb.org/download/9I03.cif,verified,WAR/Acetylcholinesterase/9i03.cif,WAR/Acetylcholinesterase/9i03.cif,true,1049129,,2026-06-05T09:52:56Z
9i4w,9I4W,Acetylcholinesterase,rcsb,"Acetylcholinesterase 6-[4-[(7-chloranyl-1,2,3,4-tetrahydroacridin-9-yl)amino]butyl]-2-[(oxidanylamino)methyl]pyridin-3-ol E2W 2-acetamido-2-deoxy-beta-D-glucopyranose NAG bound inhibitor Tetronarce californica",https://files.rcsb.org/download/9I4W.cif,verified,WAR/Acetylcholinesterase/9i4w.cif,WAR/Acetylcholinesterase/9i4w.cif,true,993717,,2026-06-05T09:52:56Z
9i5o,9I5O,Acetylcholinesterase,rcsb,"Acetylcholinesterase 6-[4-[(7-chloranyl-1,2,3,4-tetrahydroacridin-9-yl)amino]butyl]-2-[(oxidanylamino)methyl]pyridin-3-ol E2W 2-acetamido-2-deoxy-beta-D-glucopyranose NAG bound inhibitor Tetronarce californica",https://files.rcsb.org/download/9I5O.cif,verified,WAR/Acetylcholinesterase/9i5o.cif,WAR/Acetylcholinesterase/9i5o.cif,true,984934,,2026-06-05T09:52:57Z
9i5p,9I5P,Acetylcholinesterase,rcsb,"Acetylcholinesterase 6-[4-[(7-chloranyl-1,2,3,4-tetrahydroacridin-9-yl)amino]butyl]-2-[(oxidanylamino)methyl]pyridin-3-ol E2W 2-acetamido-2-deoxy-beta-D-glucopyranose NAG bound inhibitor Tetronarce californica",https://files.rcsb.org/download/9I5P.cif,verified,WAR/Acetylcholinesterase/9i5p.cif,WAR/Acetylcholinesterase/9i5p.cif,true,996970,,2026-06-05T09:52:57Z
9i5q,9I5Q,Acetylcholinesterase,rcsb,"Acetylcholinesterase 6-[4-[(7-chloranyl-1,2,3,4-tetrahydroacridin-9-yl)amino]butyl]-2-[(oxidanylamino)methyl]pyridin-3-ol E2W 2-acetamido-2-deoxy-beta-D-glucopyranose NAG bound inhibitor Tetronarce californica",https://files.rcsb.org/download/9I5Q.cif,verified,WAR/Acetylcholinesterase/9i5q.cif,WAR/Acetylcholinesterase/9i5q.cif,true,1000989,,2026-06-05T09:52:57Z
9l1r,9L1R,Acetylcholinesterase,rcsb,"Acetylcholinesterase 6-[4-[(7-chloranyl-1,2,3,4-tetrahydroacridin-9-yl)amino]butyl]-2-[(oxidanylamino)methyl]pyridin-3-ol E2W 2-acetamido-2-deoxy-beta-D-glucopyranose NAG bound inhibitor Tetronarce californica",https://files.rcsb.org/download/9L1R.cif,verified,WAR/Acetylcholinesterase/9l1r.cif,WAR/Acetylcholinesterase/9l1r.cif,true,308204,,2026-06-05T09:52:57Z
9l1t,9L1T,Acetylcholinesterase,rcsb,"Acetylcholinesterase 6-[4-[(7-chloranyl-1,2,3,4-tetrahydroacridin-9-yl)amino]butyl]-2-[(oxidanylamino)methyl]pyridin-3-ol E2W 2-acetamido-2-deoxy-beta-D-glucopyranose NAG bound inhibitor Tetronarce californica",https://files.rcsb.org/download/9L1T.cif,verified,WAR/Acetylcholinesterase/9l1t.cif,WAR/Acetylcholinesterase/9l1t.cif,true,507424,,2026-06-05T09:52:57Z
9l27,9L27,Acetylcholinesterase,rcsb,"Acetylcholinesterase 6-[4-[(7-chloranyl-1,2,3,4-tetrahydroacridin-9-yl)amino]butyl]-2-[(oxidanylamino)methyl]pyridin-3-ol E2W 2-acetamido-2-deoxy-beta-D-glucopyranose NAG bound inhibitor Tetronarce californica",https://files.rcsb.org/download/9L27.cif,verified,WAR/Acetylcholinesterase/9l27.cif,WAR/Acetylcholinesterase/9l27.cif,true,530368,,2026-06-05T09:52:57Z
9l2a,9L2A,Acetylcholinesterase,rcsb,"Acetylcholinesterase 6-[4-[(7-chloranyl-1,2,3,4-tetrahydroacridin-9-yl)amino]butyl]-2-[(oxidanylamino)methyl]pyridin-3-ol E2W 2-acetamido-2-deoxy-beta-D-glucopyranose NAG bound inhibitor Tetronarce californica",https://files.rcsb.org/download/9L2A.cif,verified,WAR/Acetylcholinesterase/9l2a.cif,WAR/Acetylcholinesterase/9l2a.cif,true,335436,,2026-06-05T09:52:57Z
9l2b,9L2B,Acetylcholinesterase,rcsb,"Acetylcholinesterase 6-[4-[(7-chloranyl-1,2,3,4-tetrahydroacridin-9-yl)amino]butyl]-2-[(oxidanylamino)methyl]pyridin-3-ol E2W 2-acetamido-2-deoxy-beta-D-glucopyranose NAG bound inhibitor Tetronarce californica",https://files.rcsb.org/download/9L2B.cif,verified,WAR/Acetylcholinesterase/9l2b.cif,WAR/Acetylcholinesterase/9l2b.cif,true,540955,,2026-06-05T09:52:57Z
9l2c,9L2C,Acetylcholinesterase,rcsb,"Acetylcholinesterase 6-[4-[(7-chloranyl-1,2,3,4-tetrahydroacridin-9-yl)amino]butyl]-2-[(oxidanylamino)methyl]pyridin-3-ol E2W 2-acetamido-2-deoxy-beta-D-glucopyranose NAG bound inhibitor Tetronarce californica",https://files.rcsb.org/download/9L2C.cif,verified,WAR/Acetylcholinesterase/9l2c.cif,WAR/Acetylcholinesterase/9l2c.cif,true,516832,,2026-06-05T09:52:57Z
9l2h,9L2H,Acetylcholinesterase,rcsb,"Acetylcholinesterase 6-[4-[(7-chloranyl-1,2,3,4-tetrahydroacridin-9-yl)amino]butyl]-2-[(oxidanylamino)methyl]pyridin-3-ol E2W 2-acetamido-2-deoxy-beta-D-glucopyranose NAG bound inhibitor Tetronarce californica",https://files.rcsb.org/download/9L2H.cif,verified,WAR/Acetylcholinesterase/9l2h.cif,WAR/Acetylcholinesterase/9l2h.cif,true,515679,,2026-06-05T09:52:57Z
9l2j,9L2J,Acetylcholinesterase,rcsb,"Acetylcholinesterase 6-[4-[(7-chloranyl-1,2,3,4-tetrahydroacridin-9-yl)amino]butyl]-2-[(oxidanylamino)methyl]pyridin-3-ol E2W 2-acetamido-2-deoxy-beta-D-glucopyranose NAG bound inhibitor Tetronarce californica",https://files.rcsb.org/download/9L2J.cif,verified,WAR/Acetylcholinesterase/9l2j.cif,WAR/Acetylcholinesterase/9l2j.cif,true,523996,,2026-06-05T09:52:57Z
9l2p,9L2P,Acetylcholinesterase,rcsb,"Acetylcholinesterase 6-[4-[(7-chloranyl-1,2,3,4-tetrahydroacridin-9-yl)amino]butyl]-2-[(oxidanylamino)methyl]pyridin-3-ol E2W 2-acetamido-2-deoxy-beta-D-glucopyranose NAG bound inhibitor Tetronarce californica",https://files.rcsb.org/download/9L2P.cif,verified,WAR/Acetylcholinesterase/9l2p.cif,WAR/Acetylcholinesterase/9l2p.cif,true,511785,,2026-06-05T09:52:58Z
9l34,9L34,Acetylcholinesterase,rcsb,"Acetylcholinesterase 6-[4-[(7-chloranyl-1,2,3,4-tetrahydroacridin-9-yl)amino]butyl]-2-[(oxidanylamino)methyl]pyridin-3-ol E2W 2-acetamido-2-deoxy-beta-D-glucopyranose NAG bound inhibitor Tetronarce californica",https://files.rcsb.org/download/9L34.cif,verified,WAR/Acetylcholinesterase/9l34.cif,WAR/Acetylcholinesterase/9l34.cif,true,538716,,2026-06-05T09:52:58Z
9l37,9L37,Acetylcholinesterase,rcsb,"Acetylcholinesterase 6-[4-[(7-chloranyl-1,2,3,4-tetrahydroacridin-9-yl)amino]butyl]-2-[(oxidanylamino)methyl]pyridin-3-ol E2W 2-acetamido-2-deoxy-beta-D-glucopyranose NAG bound inhibitor Tetronarce californica",https://files.rcsb.org/download/9L37.cif,verified,WAR/Acetylcholinesterase/9l37.cif,WAR/Acetylcholinesterase/9l37.cif,true,522520,,2026-06-05T09:52:58Z
9l39,9L39,Acetylcholinesterase,rcsb,"Acetylcholinesterase 6-[4-[(7-chloranyl-1,2,3,4-tetrahydroacridin-9-yl)amino]butyl]-2-[(oxidanylamino)methyl]pyridin-3-ol E2W 2-acetamido-2-deoxy-beta-D-glucopyranose NAG bound inhibitor Tetronarce californica",https://files.rcsb.org/download/9L39.cif,verified,WAR/Acetylcholinesterase/9l39.cif,WAR/Acetylcholinesterase/9l39.cif,true,516802,,2026-06-05T09:52:58Z
9l3a,9L3A,Acetylcholinesterase,rcsb,"Acetylcholinesterase 6-[4-[(7-chloranyl-1,2,3,4-tetrahydroacridin-9-yl)amino]butyl]-2-[(oxidanylamino)methyl]pyridin-3-ol E2W 2-acetamido-2-deoxy-beta-D-glucopyranose NAG bound inhibitor Tetronarce californica",https://files.rcsb.org/download/9L3A.cif,verified,WAR/Acetylcholinesterase/9l3a.cif,WAR/Acetylcholinesterase/9l3a.cif,true,489562,,2026-06-05T09:52:58Z
9omt,9OMT,Acetylcholinesterase,rcsb,"Acetylcholinesterase 6-[4-[(7-chloranyl-1,2,3,4-tetrahydroacridin-9-yl)amino]butyl]-2-[(oxidanylamino)methyl]pyridin-3-ol E2W 2-acetamido-2-deoxy-beta-D-glucopyranose NAG bound inhibitor Tetronarce californica",https://files.rcsb.org/download/9OMT.cif,verified,WAR/Acetylcholinesterase/9omt.cif,WAR/Acetylcholinesterase/9omt.cif,true,940704,,2026-06-05T09:52:58Z
9oms,9OMS,Acetylcholinesterase,rcsb,"Acetylcholinesterase 6-[4-[(7-chloranyl-1,2,3,4-tetrahydroacridin-9-yl)amino]butyl]-2-[(oxidanylamino)methyl]pyridin-3-ol E2W 2-acetamido-2-deoxy-beta-D-glucopyranose NAG bound inhibitor Tetronarce californica",https://files.rcsb.org/download/9OMS.cif,verified,WAR/Acetylcholinesterase/9oms.cif,WAR/Acetylcholinesterase/9oms.cif,true,985850,,2026-06-05T09:52:58Z
4tpk,4TPK,Acetylcholinesterase,rcsb,"Acetylcholinesterase 6-[4-[(7-chloranyl-1,2,3,4-tetrahydroacridin-9-yl)amino]butyl]-2-[(oxidanylamino)methyl]pyridin-3-ol E2W 2-acetamido-2-deoxy-beta-D-glucopyranose NAG bound inhibitor Tetronarce californica",https://files.rcsb.org/download/4TPK.cif,verified,WAR/Acetylcholinesterase/4tpk.cif,WAR/Acetylcholinesterase/4tpk.cif,true,981109,,2026-06-05T09:52:47Z
9r3b,9R3B,Acetylcholinesterase,rcsb,"Acetylcholinesterase 6-[4-[(7-chloranyl-1,2,3,4-tetrahydroacridin-9-yl)amino]butyl]-2-[(oxidanylamino)methyl]pyridin-3-ol E2W 2-acetamido-2-deoxy-beta-D-glucopyranose NAG bound inhibitor Tetronarce californica",https://files.rcsb.org/download/9R3B.cif,verified,WAR/Acetylcholinesterase/9r3b.cif,WAR/Acetylcholinesterase/9r3b.cif,true,1010648,,2026-06-05T09:52:58Z
9qpu,9QPU,Acetylcholinesterase,rcsb,"Acetylcholinesterase 6-[4-[(7-chloranyl-1,2,3,4-tetrahydroacridin-9-yl)amino]butyl]-2-[(oxidanylamino)methyl]pyridin-3-ol E2W 2-acetamido-2-deoxy-beta-D-glucopyranose NAG bound inhibitor Tetronarce californica",https://files.rcsb.org/download/9QPU.cif,verified,WAR/Acetylcholinesterase/9qpu.cif,WAR/Acetylcholinesterase/9qpu.cif,true,1007798,,2026-06-05T09:52:58Z
9r3c,9R3C,Acetylcholinesterase,rcsb,"Acetylcholinesterase 6-[4-[(7-chloranyl-1,2,3,4-tetrahydroacridin-9-yl)amino]butyl]-2-[(oxidanylamino)methyl]pyridin-3-ol E2W 2-acetamido-2-deoxy-beta-D-glucopyranose NAG bound inhibitor Tetronarce californica",https://files.rcsb.org/download/9R3C.cif,verified,WAR/Acetylcholinesterase/9r3c.cif,WAR/Acetylcholinesterase/9r3c.cif,true,962728,,2026-06-05T09:52:58Z
8d8y,8D8Y,Acetylcholinesterase,rcsb,"Acetylcholinesterase 6-[4-[(7-chloranyl-1,2,3,4-tetrahydroacridin-9-yl)amino]butyl]-2-[(oxidanylamino)methyl]pyridin-3-ol E2W 2-acetamido-2-deoxy-beta-D-glucopyranose NAG bound inhibitor Tetronarce californica",https://files.rcsb.org/download/8D8Y.cif,verified,WAR/Acetylcholinesterase/8d8y.cif,WAR/Acetylcholinesterase/8d8y.cif,true,588839,,2026-06-05T09:52:55Z
9r9d,9R9D,Acetylcholinesterase,rcsb,"Acetylcholinesterase 6-[4-[(7-chloranyl-1,2,3,4-tetrahydroacridin-9-yl)amino]butyl]-2-[(oxidanylamino)methyl]pyridin-3-ol E2W 2-acetamido-2-deoxy-beta-D-glucopyranose NAG bound inhibitor Tetronarce californica",https://files.rcsb.org/download/9R9D.cif,verified,WAR/Acetylcholinesterase/9r9d.cif,WAR/Acetylcholinesterase/9r9d.cif,true,996688,,2026-06-05T09:52:59Z
9r9e,9R9E,Acetylcholinesterase,rcsb,"Acetylcholinesterase 6-[4-[(7-chloranyl-1,2,3,4-tetrahydroacridin-9-yl)amino]butyl]-2-[(oxidanylamino)methyl]pyridin-3-ol E2W 2-acetamido-2-deoxy-beta-D-glucopyranose NAG bound inhibitor Tetronarce californica",https://files.rcsb.org/download/9R9E.cif,verified,WAR/Acetylcholinesterase/9r9e.cif,WAR/Acetylcholinesterase/9r9e.cif,true,998224,,2026-06-05T09:52:59Z
9rg2,9RG2,Acetylcholinesterase,rcsb,"Acetylcholinesterase 6-[4-[(7-chloranyl-1,2,3,4-tetrahydroacridin-9-yl)amino]butyl]-2-[(oxidanylamino)methyl]pyridin-3-ol E2W 2-acetamido-2-deoxy-beta-D-glucopyranose NAG bound inhibitor Tetronarce californica",https://files.rcsb.org/download/9RG2.cif,verified,WAR/Acetylcholinesterase/9rg2.cif,WAR/Acetylcholinesterase/9rg2.cif,true,808039,,2026-06-05T09:52:59Z
9snd,9SND,Acetylcholinesterase,rcsb,"Acetylcholinesterase 6-[4-[(7-chloranyl-1,2,3,4-tetrahydroacridin-9-yl)amino]butyl]-2-[(oxidanylamino)methyl]pyridin-3-ol E2W 2-acetamido-2-deoxy-beta-D-glucopyranose NAG bound inhibitor Tetronarce californica",https://files.rcsb.org/download/9SND.cif,verified,WAR/Acetylcholinesterase/9snd.cif,WAR/Acetylcholinesterase/9snd.cif,true,2782264,,2026-06-05T09:52:59Z
9snj,9SNJ,Acetylcholinesterase,rcsb,"Acetylcholinesterase 6-[4-[(7-chloranyl-1,2,3,4-tetrahydroacridin-9-yl)amino]butyl]-2-[(oxidanylamino)methyl]pyridin-3-ol E2W 2-acetamido-2-deoxy-beta-D-glucopyranose NAG bound inhibitor Tetronarce californica",https://files.rcsb.org/download/9SNJ.cif,verified,WAR/Acetylcholinesterase/9snj.cif,WAR/Acetylcholinesterase/9snj.cif,true,2752978,,2026-06-05T09:52:59Z
9rgc,9RGC,Acetylcholinesterase,rcsb,"Acetylcholinesterase 6-[4-[(7-chloranyl-1,2,3,4-tetrahydroacridin-9-yl)amino]butyl]-2-[(oxidanylamino)methyl]pyridin-3-ol E2W 2-acetamido-2-deoxy-beta-D-glucopyranose NAG bound inhibitor Tetronarce californica",https://files.rcsb.org/download/9RGC.cif,verified,WAR/Acetylcholinesterase/9rgc.cif,WAR/Acetylcholinesterase/9rgc.cif,true,1009588,,2026-06-05T09:52:59Z
9sl9,9SL9,Acetylcholinesterase,rcsb,"Acetylcholinesterase 6-[4-[(7-chloranyl-1,2,3,4-tetrahydroacridin-9-yl)amino]butyl]-2-[(oxidanylamino)methyl]pyridin-3-ol E2W 2-acetamido-2-deoxy-beta-D-glucopyranose NAG bound inhibitor Tetronarce californica",https://files.rcsb.org/download/9SL9.cif,verified,WAR/Acetylcholinesterase/9sl9.cif,WAR/Acetylcholinesterase/9sl9.cif,true,991492,,2026-06-05T09:52:59Z
9spc,9SPC,Acetylcholinesterase,rcsb,"Acetylcholinesterase 6-[4-[(7-chloranyl-1,2,3,4-tetrahydroacridin-9-yl)amino]butyl]-2-[(oxidanylamino)methyl]pyridin-3-ol E2W 2-acetamido-2-deoxy-beta-D-glucopyranose NAG bound inhibitor Tetronarce californica",https://files.rcsb.org/download/9SPC.cif,verified,WAR/Acetylcholinesterase/9spc.cif,WAR/Acetylcholinesterase/9spc.cif,true,597372,,2026-06-05T09:52:59Z
2hrq,2HRQ,Acetylcholinesterase,rcsb,"Acetylcholinesterase 6-[4-[(7-chloranyl-1,2,3,4-tetrahydroacridin-9-yl)amino]butyl]-2-[(oxidanylamino)methyl]pyridin-3-ol E2W 2-acetamido-2-deoxy-beta-D-glucopyranose NAG bound inhibitor Tetronarce californica",https://files.rcsb.org/download/2HRQ.cif,verified,WAR/Acetylcholinesterase/2hrq.cif,WAR/Acetylcholinesterase/2hrq.cif,true,2738641,,2026-06-05T09:52:44Z
7bo4,7BO4,Acetylcholinesterase,rcsb,"Acetylcholinesterase 6-[4-[(7-chloranyl-1,2,3,4-tetrahydroacridin-9-yl)amino]butyl]-2-[(oxidanylamino)methyl]pyridin-3-ol E2W 2-acetamido-2-deoxy-beta-D-glucopyranose NAG bound inhibitor Tetronarce californica",https://files.rcsb.org/download/7BO4.cif,verified,WAR/Acetylcholinesterase/7bo4.cif,WAR/Acetylcholinesterase/7bo4.cif,true,970835,,2026-06-05T09:52:53Z
9l2m,9L2M,Acetylcholinesterase,rcsb,"Acetylcholinesterase 6-[4-[(7-chloranyl-1,2,3,4-tetrahydroacridin-9-yl)amino]butyl]-2-[(oxidanylamino)methyl]pyridin-3-ol E2W 2-acetamido-2-deoxy-beta-D-glucopyranose NAG bound inhibitor Tetronarce californica",https://files.rcsb.org/download/9L2M.cif,verified,WAR/Acetylcholinesterase/9l2m.cif,WAR/Acetylcholinesterase/9l2m.cif,true,514834,,2026-06-05T09:52:58Z
9l3b,9L3B,Acetylcholinesterase,rcsb,"Acetylcholinesterase 6-[4-[(7-chloranyl-1,2,3,4-tetrahydroacridin-9-yl)amino]butyl]-2-[(oxidanylamino)methyl]pyridin-3-ol E2W 2-acetamido-2-deoxy-beta-D-glucopyranose NAG bound inhibitor Tetronarce californica",https://files.rcsb.org/download/9L3B.cif,verified,WAR/Acetylcholinesterase/9l3b.cif,WAR/Acetylcholinesterase/9l3b.cif,true,505319,,2026-06-05T09:52:58Z
9sl8,9SL8,Acetylcholinesterase,rcsb,"Acetylcholinesterase 6-[4-[(7-chloranyl-1,2,3,4-tetrahydroacridin-9-yl)amino]butyl]-2-[(oxidanylamino)methyl]pyridin-3-ol E2W 2-acetamido-2-deoxy-beta-D-glucopyranose NAG bound inhibitor Tetronarce californica",https://files.rcsb.org/download/9SL8.cif,verified,WAR/Acetylcholinesterase/9sl8.cif,WAR/Acetylcholinesterase/9sl8.cif,true,597268,,2026-06-05T09:52:59Z
9ewu,9EWU,Acetylcholinesterase,rcsb,"Acetylcholinesterase 6-[4-[(7-chloranyl-1,2,3,4-tetrahydroacridin-9-yl)amino]butyl]-2-[(oxidanylamino)methyl]pyridin-3-ol E2W 2-acetamido-2-deoxy-beta-D-glucopyranose NAG bound inhibitor Tetronarce californica",https://files.rcsb.org/download/9EWU.cif,verified,WAR/Acetylcholinesterase/9ewu.cif,WAR/Acetylcholinesterase/9ewu.cif,true,990275,,2026-06-05T09:52:56Z
7qbr,7QBR,Acetylcholinesterase,rcsb,"Acetylcholinesterase 6-[4-[(7-chloranyl-1,2,3,4-tetrahydroacridin-9-yl)amino]butyl]-2-[(oxidanylamino)methyl]pyridin-3-ol E2W 2-acetamido-2-deoxy-beta-D-glucopyranose NAG bound inhibitor Tetronarce californica",https://files.rcsb.org/download/7QBR.cif,verified,WAR/Acetylcholinesterase/7qbr.cif,WAR/Acetylcholinesterase/7qbr.cif,true,1021345,,2026-06-05T09:52:54Z
9hgz,9HGZ,Acetylcholinesterase,rcsb,"Acetylcholinesterase 6-[4-[(7-chloranyl-1,2,3,4-tetrahydroacridin-9-yl)amino]butyl]-2-[(oxidanylamino)methyl]pyridin-3-ol E2W 2-acetamido-2-deoxy-beta-D-glucopyranose NAG bound inhibitor Tetronarce californica",https://files.rcsb.org/download/9HGZ.cif,verified,WAR/Acetylcholinesterase/9hgz.cif,WAR/Acetylcholinesterase/9hgz.cif,true,3582938,,2026-06-05T09:52:56Z
9hh0,9HH0,Acetylcholinesterase,rcsb,"Acetylcholinesterase 6-[4-[(7-chloranyl-1,2,3,4-tetrahydroacridin-9-yl)amino]butyl]-2-[(oxidanylamino)methyl]pyridin-3-ol E2W 2-acetamido-2-deoxy-beta-D-glucopyranose NAG bound inhibitor Tetronarce californica",https://files.rcsb.org/download/9HH0.cif,verified,WAR/Acetylcholinesterase/9hh0.cif,WAR/Acetylcholinesterase/9hh0.cif,true,3599438,,2026-06-05T09:52:56Z
