[08:10:28] Job 01c4029c created for target: PRMT4
[08:10:28] Initializing workspace for PRMT4...
[08:10:28] Job 01c4029c started: 2026-06-05 08:10:28
[08:10:28] 📦 Copying assets from pipeline_assets → jobs/01c4029c ...
[08:10:28] 🧾 Wrote input.csv and Protein_Data.csv
[08:10:28] 🚀 Running 1_GRABBER.py...
[08:10:28] 🐍 Pipeline Python: /app/.heroku/python/bin/python
[08:10:28] [mem] before 1_GRABBER.py parent=94.2MB combined=94.2MB
[08:10:28] 🧵 Worker caps for 1_GRABBER.py: pipeline_max=1 WARHEAD_SQCHK_MAX_WORKERS=1 WARHEAD_PDBMKR_MAX_WORKERS=1 WARHEAD_SASA_MAX_WORKERS=3 WARHEAD_METADATA_MAX_WORKERS=3 WARHEAD_MCS_MAX_WORKERS=3
[08:10:28] ⏱ No-output watchdog for 1_GRABBER.py: 180s
[08:10:28] [mem] running 1_GRABBER.py parent=94.2MB child_tree=0.5MB combined=94.7MB
🤖 AUTOMATED MODE: Processing input.csv
=== Processing PRMT4 ===
    🔄 Switching to EBI Backup Search for 'Histone-arginine methyltransferase CARM1 5'-{[2-(benzylcarbamamido)ethyl][3-(N'-cyclopentylcarbamimidamido)propyl]amino}-5'-deoxyadenosine I1K CALCIUM ION CA bound inhibitor Homo sapiens'...
  → Found 77 candidates
  → Candidates=77 attempted=77 verified=77 failed=0
  → CIF output directory: /app/jobs/01c4029c/WAR/PRMT4
  → Sample verified CIFs: ['WAR/PRMT4/2oqb.cif', 'WAR/PRMT4/3b3g.cif', 'WAR/PRMT4/3b3j.cif', 'WAR/PRMT4/5dwq.cif', 'WAR/PRMT4/5dxa.cif']
=== DONE ===
✅ Wrote queries.csv with MW_min=250.0, MW_max=700.0, MinID=90.0
✅ CIF manifest rows=77 verified=77 failed=0 root=/app/jobs/01c4029c/WAR
✅ Sample manifest CIF paths: ['WAR/PRMT4/2oqb.cif', 'WAR/PRMT4/3b3g.cif', 'WAR/PRMT4/3b3j.cif', 'WAR/PRMT4/5dwq.cif', 'WAR/PRMT4/5dxa.cif', 'WAR/PRMT4/5dxj.cif', 'WAR/PRMT4/5dx1.cif', 'WAR/PRMT4/5dx0.cif', 'WAR/PRMT4/3b3f.cif', 'WAR/PRMT4/5dx8.cif']
[08:10:30] [mem] after 1_GRABBER.py parent=94.3MB delta=+0.1MB combined_peak=259.5MB child_peak=165.2MB
[08:10:30] 🚀 Running 2_SQchk.py...
[08:10:30] 🐍 Pipeline Python: /app/.heroku/python/bin/python
[08:10:30] [mem] before 2_SQchk.py parent=94.3MB combined=94.3MB
[08:10:30] 🧵 Worker caps for 2_SQchk.py: pipeline_max=1 WARHEAD_SQCHK_MAX_WORKERS=1 WARHEAD_PDBMKR_MAX_WORKERS=1 WARHEAD_SASA_MAX_WORKERS=3 WARHEAD_METADATA_MAX_WORKERS=3 WARHEAD_MCS_MAX_WORKERS=3
[08:10:30] ⏱ No-output watchdog for 2_SQchk.py: 180s
[08:10:30] [mem] running 2_SQchk.py parent=94.3MB child_tree=0.6MB combined=94.9MB
🚀 Running Sequence Identity Analysis...
   Proteins missing fasta/name rows skipped: 0
   MW_min=250.0  MW_max=700.0  (MW filters currently ignored for ligand debug)
   Total PDB jobs to process: 77
   Worker mode=threadpool max_workers=1
  0%|          | 0/77 [00:00<?, ?it/s]DEBUG: 2oqb Chain(s) ['A', 'B'] -> Match: 59.0%
  1%|▏         | 1/77 [00:00<00:23,  3.19it/s]DEBUG: 3b3f Chain(s) ['A', 'B', 'C', 'D'] -> Match: 100.0%
  3%|▎         | 2/77 [00:00<00:23,  3.15it/s]DEBUG: 3b3g Chain(s) ['A', 'B'] -> Match: 100.0%
  4%|▍         | 3/77 [00:00<00:23,  3.17it/s]DEBUG: 3b3j Chain(s) ['A'] -> Match: 73.1%
  5%|▌         | 4/77 [00:01<00:23,  3.15it/s]DEBUG: 4ikp Chain(s) ['A', 'B', 'C', 'D'] -> Match: 100.0%
  6%|▋         | 5/77 [00:01<00:22,  3.14it/s]DEBUG: 5dwq Chain(s) ['A', 'B', 'C', 'D'] -> Match: 98.3%
DEBUG: 5dwq Chain(s) ['F', 'G'] -> Match: 90.0%
  8%|▊         | 6/77 [00:01<00:22,  3.14it/s]DEBUG: 5dx0 Chain(s) ['A', 'B', 'C', 'D'] -> Match: 98.3%
DEBUG: 5dx0 Chain(s) ['F', 'G', 'H', 'I'] -> Match: 90.0%
  9%|▉         | 7/77 [00:02<00:22,  3.14it/s]DEBUG: 5dx1 Chain(s) ['A', 'B', 'C', 'D'] -> Match: 98.3%
DEBUG: 5dx1 Chain(s) ['F', 'G', 'H', 'I'] -> Match: 84.2%
 10%|█         | 8/77 [00:02<00:21,  3.14it/s]DEBUG: 5dx8 Chain(s) ['A', 'B', 'C', 'D'] -> Match: 98.3%
DEBUG: 5dx8 Chain(s) ['E', 'F', 'G', 'H'] -> Match: 84.2%
 12%|█▏        | 9/77 [00:02<00:21,  3.14it/s]DEBUG: 5dxa Chain(s) ['A', 'B', 'C', 'D'] -> Match: 98.3%
DEBUG: 5dxa Chain(s) ['F', 'G', 'I'] -> Match: 84.2%
 13%|█▎        | 10/77 [00:03<00:21,  3.14it/s]DEBUG: 5dxj Chain(s) ['A', 'B', 'C', 'D'] -> Match: 98.3%
 14%|█▍        | 11/77 [00:03<00:21,  3.14it/s]DEBUG: 5ih3 Chain(s) ['A', 'B', 'C', 'D'] -> Match: 95.8%
 16%|█▌        | 12/77 [00:03<00:20,  3.13it/s]DEBUG: 5is6 Chain(s) ['A', 'B', 'C', 'D'] -> Match: 95.8%
 17%|█▋        | 13/77 [00:04<00:20,  3.13it/s]DEBUG: 5is7 Chain(s) ['A', 'B', 'C', 'D'] -> Match: 95.8%
 18%|█▊        | 14/77 [00:04<00:20,  3.11it/s]DEBUG: 5is8 Chain(s) ['A', 'B', 'C', 'D'] -> Match: 90.8%
[08:10:36] [mem] running 2_SQchk.py parent=94.3MB child_tree=86.4MB combined=180.7MB
 19%|█▉        | 15/77 [00:04<00:19,  3.14it/s]DEBUG: 5is9 Chain(s) ['A', 'B', 'C', 'D'] -> Match: 95.8%
 21%|██        | 16/77 [00:05<00:19,  3.15it/s]DEBUG: 5isa Chain(s) ['A', 'B', 'C', 'D'] -> Match: 95.1%
 22%|██▏       | 17/77 [00:05<00:19,  3.14it/s]DEBUG: 5isb Chain(s) ['A', 'B', 'C', 'D'] -> Match: 95.8%
 23%|██▎       | 18/77 [00:05<00:18,  3.15it/s]DEBUG: 5isc Chain(s) ['A', 'B', 'C', 'D'] -> Match: 95.8%
 25%|██▍       | 19/77 [00:06<00:18,  3.14it/s]DEBUG: 5isd Chain(s) ['A', 'B', 'C', 'D'] -> Match: 95.8%
 26%|██▌       | 20/77 [00:06<00:18,  3.13it/s]DEBUG: 5ise Chain(s) ['A', 'B', 'C', 'D'] -> Match: 95.8%
 27%|██▋       | 21/77 [00:06<00:17,  3.12it/s]DEBUG: 5isf Chain(s) ['A', 'B', 'C', 'D'] -> Match: 95.8%
 29%|██▊       | 22/77 [00:07<00:17,  3.13it/s]DEBUG: 5isg Chain(s) ['A', 'B', 'C', 'D'] -> Match: 95.8%
 30%|██▉       | 23/77 [00:07<00:17,  3.13it/s]DEBUG: 5ish Chain(s) ['A', 'B', 'C', 'D'] -> Match: 95.8%
 31%|███       | 24/77 [00:07<00:16,  3.12it/s]DEBUG: 5isi Chain(s) ['A', 'B', 'C', 'D'] -> Match: 95.8%
 32%|███▏      | 25/77 [00:07<00:16,  3.10it/s]DEBUG: 5k8v Chain(s) ['A', 'B', 'C', 'D'] -> Match: 95.8%
 34%|███▍      | 26/77 [00:08<00:16,  3.11it/s]DEBUG: 5k8w Chain(s) ['A', 'B', 'C', 'D'] -> Match: 95.8%
 35%|███▌      | 27/77 [00:08<00:16,  3.12it/s]DEBUG: 5k8x Chain(s) ['A', 'B', 'C', 'D'] -> Match: 95.8%
 36%|███▋      | 28/77 [00:08<00:15,  3.12it/s]DEBUG: 5lgp Chain(s) ['A', 'B', 'C', 'D'] -> Match: 95.8%
DEBUG: 5lgp Chain(s) ['E', 'F', 'G', 'H'] -> Match: 86.7%
 38%|███▊      | 29/77 [00:09<00:15,  3.14it/s]DEBUG: 5lgq Chain(s) ['A', 'B', 'C', 'D'] -> Match: 95.8%
DEBUG: 5lgq Chain(s) ['E', 'F', 'G', 'H'] -> Match: 90.9%
 39%|███▉      | 30/77 [00:09<00:14,  3.15it/s]DEBUG: 5lgr Chain(s) ['A', 'B', 'C', 'D'] -> Match: 95.8%
[08:10:41] [mem] running 2_SQchk.py parent=94.3MB child_tree=86.5MB combined=180.8MB
DEBUG: 5lgr Chain(s) ['E', 'F', 'G', 'H'] -> Match: 100.0%
 40%|████      | 31/77 [00:09<00:14,  3.13it/s]DEBUG: 5lgs Chain(s) ['A', 'B', 'C', 'D'] -> Match: 95.8%
DEBUG: 5lgs Chain(s) ['E', 'F', 'G', 'H'] -> Match: 100.0%
 42%|████▏     | 32/77 [00:10<00:14,  3.12it/s]DEBUG: 5lkj Chain(s) ['A', 'B', 'C', 'D'] -> Match: 93.3%
 43%|████▎     | 33/77 [00:10<00:14,  3.12it/s]DEBUG: 5lv2 Chain(s) ['A', 'B', 'C', 'D', 'E', 'F', 'G', 'H'] -> Match: 95.8%
 44%|████▍     | 34/77 [00:10<00:13,  3.12it/s]DEBUG: 5lv3 Chain(s) ['A', 'B', 'C', 'D'] -> Match: 95.8%
 45%|████▌     | 35/77 [00:11<00:13,  3.14it/s]DEBUG: 5ntc Chain(s) ['A', 'B', 'C', 'D'] -> Match: 93.3%
 47%|████▋     | 36/77 [00:11<00:13,  3.13it/s]DEBUG: 5tbh Chain(s) ['A', 'B', 'C', 'D'] -> Match: 95.8%
 48%|████▊     | 37/77 [00:11<00:12,  3.13it/s]DEBUG: 5tbi Chain(s) ['A', 'B', 'C', 'D'] -> Match: 95.8%
 49%|████▉     | 38/77 [00:12<00:12,  3.12it/s]DEBUG: 5tbj Chain(s) ['A', 'B', 'C', 'D'] -> Match: 95.8%
 51%|█████     | 39/77 [00:12<00:12,  3.13it/s]DEBUG: 5u4x Chain(s) ['A', 'B', 'C', 'D'] -> Match: 100.0%
 52%|█████▏    | 40/77 [00:12<00:11,  3.12it/s]DEBUG: 6arj Chain(s) ['A', 'B', 'C', 'D'] -> Match: 98.3%
 53%|█████▎    | 41/77 [00:13<00:11,  3.12it/s]DEBUG: 6arv Chain(s) ['A', 'B', 'C', 'D'] -> Match: 98.3%
 55%|█████▍    | 42/77 [00:13<00:11,  3.13it/s]DEBUG: 6d2l Chain(s) ['A', 'B', 'C', 'D', 'E', 'F'] -> Match: 97.4%
 56%|█████▌    | 43/77 [00:13<00:10,  3.13it/s]DEBUG: 6dvr Chain(s) ['A', 'B'] -> Match: 97.4%
 57%|█████▋    | 44/77 [00:14<00:10,  3.13it/s]DEBUG: 6izq Chain(s) ['A', 'B', 'C', 'D'] -> Match: 100.0%
 58%|█████▊    | 45/77 [00:14<00:10,  3.13it/s]DEBUG: 6s70 Chain(s) ['A', 'B', 'C', 'D'] -> Match: 97.7%
 60%|█████▉    | 46/77 [00:14<00:09,  3.13it/s]DEBUG: 6s71 Chain(s) ['A', 'B', 'C', 'D'] -> Match: 97.7%
[08:10:46] [mem] running 2_SQchk.py parent=94.3MB child_tree=86.5MB combined=180.8MB
 61%|██████    | 47/77 [00:15<00:09,  3.13it/s]DEBUG: 6s74 Chain(s) ['A', 'B', 'C', 'D'] -> Match: 97.7%
 62%|██████▏   | 48/77 [00:15<00:09,  3.12it/s]DEBUG: 6s77 Chain(s) ['A', 'B', 'C', 'D'] -> Match: 97.4%
 64%|██████▎   | 49/77 [00:15<00:08,  3.11it/s]DEBUG: 6s79 Chain(s) ['A', 'B', 'C', 'D'] -> Match: 97.7%
 65%|██████▍   | 50/77 [00:15<00:08,  3.13it/s]DEBUG: 6s7a Chain(s) ['A', 'B', 'C', 'D'] -> Match: 97.7%
 66%|██████▌   | 51/77 [00:16<00:08,  3.13it/s]DEBUG: 6s7b Chain(s) ['A', 'B', 'C', 'D'] -> Match: 97.7%
 68%|██████▊   | 52/77 [00:16<00:07,  3.14it/s]DEBUG: 6s7c Chain(s) ['A', 'B', 'C', 'D'] -> Match: 97.7%
 69%|██████▉   | 53/77 [00:16<00:07,  3.14it/s]DEBUG: 7fai Chain(s) ['A', 'B', 'C', 'D'] -> Match: 100.0%
 70%|███████   | 54/77 [00:17<00:07,  3.14it/s]DEBUG: 7faj Chain(s) ['A', 'B', 'C', 'D'] -> Match: 100.0%
 71%|███████▏  | 55/77 [00:17<00:06,  3.14it/s]DEBUG: 7nr4 Chain(s) ['A', 'B', 'C', 'D'] -> Match: 44.7%
 73%|███████▎  | 56/77 [00:17<00:06,  3.15it/s]DEBUG: 7okp Chain(s) ['A', 'B', 'C', 'D'] -> Match: 93.3%
DEBUG: 7okp Chain(s) ['E', 'F', 'G', 'H'] -> Match: 90.9%
 74%|███████▍  | 57/77 [00:18<00:06,  3.09it/s]DEBUG: 7os4 Chain(s) ['A', 'B', 'C', 'D'] -> Match: 93.3%
DEBUG: 7os4 Chain(s) ['E', 'F', 'G', 'H'] -> Match: 90.0%
 75%|███████▌  | 58/77 [00:18<00:06,  3.11it/s]DEBUG: 7ppq Chain(s) ['A', 'B', 'C', 'D'] -> Match: 95.8%
 77%|███████▋  | 59/77 [00:18<00:05,  3.11it/s]DEBUG: 7ppy Chain(s) ['A', 'B', 'C', 'D'] -> Match: 95.8%
 78%|███████▊  | 60/77 [00:19<00:05,  3.13it/s]DEBUG: 7pu8 Chain(s) ['A', 'B', 'C', 'D'] -> Match: 95.8%
 79%|███████▉  | 61/77 [00:19<00:05,  3.14it/s]DEBUG: 7puc Chain(s) ['A', 'B', 'C', 'D'] -> Match: 95.8%
 81%|████████  | 62/77 [00:19<00:04,  3.14it/s]DEBUG: 7puq Chain(s) ['A', 'B', 'C', 'D'] -> Match: 96.1%
[08:10:51] [mem] running 2_SQchk.py parent=94.3MB child_tree=86.5MB combined=180.8MB
 82%|████████▏ | 63/77 [00:20<00:04,  3.14it/s]DEBUG: 7pv6 Chain(s) ['A', 'B', 'C', 'D'] -> Match: 93.8%
 83%|████████▎ | 64/77 [00:20<00:04,  3.14it/s]DEBUG: 7qph Chain(s) ['A', 'B', 'C', 'D'] -> Match: 95.8%
DEBUG: 7qph Chain(s) ['E', 'F', 'G', 'H'] -> Match: 100.0%
 84%|████████▍ | 65/77 [00:20<00:03,  3.16it/s]DEBUG: 7qrd Chain(s) ['A', 'B', 'C', 'D'] -> Match: 91.3%
DEBUG: 7qrd Chain(s) ['L', 'M'] -> Match: 100.0%
 86%|████████▌ | 66/77 [00:21<00:03,  3.16it/s]DEBUG: 7u9i Chain(s) ['A', 'B'] -> Match: 97.4%
 87%|████████▋ | 67/77 [00:21<00:03,  3.17it/s]DEBUG: 8g2h Chain(s) ['A'] -> Match: 100.0%
 88%|████████▊ | 68/77 [00:21<00:02,  3.16it/s]DEBUG: 8g2i Chain(s) ['A'] -> Match: 100.0%
 90%|████████▉ | 69/77 [00:22<00:02,  3.15it/s]DEBUG: 8sig Chain(s) ['A'] -> Match: 100.0%
 91%|█████████ | 70/77 [00:22<00:02,  3.16it/s]DEBUG: 8sih Chain(s) ['A'] -> Match: 100.0%
 92%|█████████▏| 71/77 [00:22<00:01,  3.17it/s]DEBUG: 8uqh Chain(s) ['A', 'B', 'C', 'D'] -> Match: 100.0%
 94%|█████████▎| 72/77 [00:22<00:01,  3.15it/s]DEBUG: 9i0a Chain(s) ['A', 'B', 'C', 'D'] -> Match: 95.8%
 95%|█████████▍| 73/77 [00:23<00:01,  3.14it/s]DEBUG: 9i1t Chain(s) ['A', 'B', 'C', 'D'] -> Match: 95.8%
 96%|█████████▌| 74/77 [00:23<00:00,  3.14it/s]DEBUG: 9i9u Chain(s) ['A', 'B', 'C', 'D'] -> Match: 93.3%
 97%|█████████▋| 75/77 [00:23<00:00,  3.14it/s]DEBUG: 9o37 Chain(s) ['A'] -> Match: 100.0%
 99%|█████████▊| 76/77 [00:24<00:00,  3.15it/s]DEBUG: 9o6h Chain(s) ['A', 'B', 'C', 'D'] -> Match: 100.0%
100%|██████████| 77/77 [00:24<00:00,  3.16it/s]
100%|██████████| 77/77 [00:24<00:00,  3.14it/s]
DONE
✅ PDBs processed OK: 77
❌ PDBs failed: 0
[08:10:55] [mem] after 2_SQchk.py parent=94.3MB delta=+0.0MB combined_peak=180.8MB child_peak=86.5MB
[08:10:55] 🚀 Running 3_PDBmkr.py...
[08:10:55] 🐍 Pipeline Python: /app/.heroku/python/bin/python
[08:10:55] [mem] before 3_PDBmkr.py parent=94.3MB combined=94.3MB
[08:10:55] 🧵 Worker caps for 3_PDBmkr.py: pipeline_max=1 WARHEAD_SQCHK_MAX_WORKERS=1 WARHEAD_PDBMKR_MAX_WORKERS=1 WARHEAD_SASA_MAX_WORKERS=3 WARHEAD_METADATA_MAX_WORKERS=3 WARHEAD_MCS_MAX_WORKERS=3
[08:10:55] ⏱ No-output watchdog for 3_PDBmkr.py: 180s
[08:10:55] [mem] running 3_PDBmkr.py parent=94.3MB child_tree=0.5MB combined=94.8MB
📁 Step 3 output root: /app/jobs/01c4029c/WAR_PDB
🧾 CIF sources: manifest_rows=77 verified_manifest=77 indexed_cifs=77
📊 Similarity Stats: Max found = 100.00% (Threshold: 90.0%)
🚀 BUILDING 356 PDB CHAINS...
🧾 Step 3 selected build rows=356 resolvable_cifs=356 missing_cifs=0
🧵 Worker mode=threadpool max_workers=1
🧾 Step 3 sample CIF resolutions: ['3b3f:manifest_path:WAR/PRMT4/3b3f.cif', '3b3f:manifest_path:WAR/PRMT4/3b3f.cif', '3b3f:manifest_path:WAR/PRMT4/3b3f.cif', '3b3f:manifest_path:WAR/PRMT4/3b3f.cif', '4ikp:manifest_path:WAR/PRMT4/4ikp.cif', '4ikp:manifest_path:WAR/PRMT4/4ikp.cif', '4ikp:manifest_path:WAR/PRMT4/4ikp.cif', '4ikp:manifest_path:WAR/PRMT4/4ikp.cif', '5dwq:manifest_path:WAR/PRMT4/5dwq.cif', '5dwq:manifest_path:WAR/PRMT4/5dwq.cif']
  0%|          | 0/356 [00:00<?, ?it/s]
  1%|          | 3/356 [00:00<00:47,  7.42it/s]
  1%|          | 4/356 [00:00<01:14,  4.74it/s]
  1%|▏         | 5/356 [00:01<01:32,  3.78it/s]
  2%|▏         | 6/356 [00:01<01:41,  3.43it/s]
  2%|▏         | 7/356 [00:01<01:52,  3.11it/s]
  2%|▏         | 8/356 [00:02<01:58,  2.93it/s]
  3%|▎         | 9/356 [00:02<02:14,  2.58it/s]
  3%|▎         | 10/356 [00:03<02:12,  2.62it/s]
  3%|▎         | 11/356 [00:03<02:13,  2.59it/s]
[08:11:01] [mem] running 3_PDBmkr.py parent=94.3MB child_tree=126.0MB combined=220.3MB
  3%|▎         | 12/356 [00:03<02:14,  2.56it/s]
  4%|▎         | 13/356 [00:04<02:18,  2.48it/s]
  4%|▍         | 14/356 [00:04<02:18,  2.46it/s]
  4%|▍         | 15/356 [00:05<02:25,  2.34it/s]
  4%|▍         | 16/356 [00:05<02:23,  2.37it/s]
  5%|▍         | 17/356 [00:06<02:29,  2.26it/s]
  5%|▌         | 18/356 [00:06<02:28,  2.28it/s]
  5%|▌         | 19/356 [00:06<02:22,  2.37it/s]
  6%|▌         | 20/356 [00:07<02:25,  2.30it/s]
  6%|▌         | 21/356 [00:07<02:32,  2.20it/s]
  6%|▌         | 22/356 [00:08<02:35,  2.15it/s]
  6%|▋         | 23/356 [00:08<02:30,  2.21it/s]
  7%|▋         | 24/356 [00:09<02:33,  2.16it/s]
[08:11:06] [mem] running 3_PDBmkr.py parent=94.3MB child_tree=133.2MB combined=227.5MB
  7%|▋         | 25/356 [00:09<02:30,  2.20it/s]
  7%|▋         | 26/356 [00:10<02:25,  2.26it/s]
  8%|▊         | 27/356 [00:10<02:33,  2.14it/s]
  8%|▊         | 28/356 [00:11<02:34,  2.13it/s]
  8%|▊         | 29/356 [00:11<02:36,  2.09it/s]
  8%|▊         | 30/356 [00:12<02:30,  2.16it/s]
  9%|▊         | 31/356 [00:12<02:38,  2.05it/s]
  9%|▉         | 32/356 [00:13<02:42,  1.99it/s]
  9%|▉         | 33/356 [00:14<03:55,  1.37it/s]
[08:11:12] [mem] running 3_PDBmkr.py parent=94.3MB child_tree=155.8MB combined=250.1MB
 10%|▉         | 34/356 [00:15<04:19,  1.24it/s]
 10%|▉         | 35/356 [00:16<04:40,  1.15it/s]
 10%|█         | 36/356 [00:17<04:51,  1.10it/s]
 10%|█         | 37/356 [00:18<05:03,  1.05it/s]
[08:11:17] [mem] running 3_PDBmkr.py parent=94.3MB child_tree=157.6MB combined=251.9MB
 11%|█         | 38/356 [00:19<05:02,  1.05it/s]
 11%|█         | 39/356 [00:20<05:07,  1.03it/s]
 11%|█         | 40/356 [00:21<05:05,  1.03it/s]
 12%|█▏        | 41/356 [00:22<05:06,  1.03it/s]
 12%|█▏        | 42/356 [00:23<05:12,  1.00it/s]
[08:11:22] [mem] running 3_PDBmkr.py parent=94.4MB child_tree=165.3MB combined=259.7MB
 12%|█▏        | 43/356 [00:24<05:14,  1.00s/it]
 12%|█▏        | 44/356 [00:25<05:32,  1.07s/it]
 13%|█▎        | 45/356 [00:26<05:27,  1.05s/it]
 13%|█▎        | 46/356 [00:27<05:31,  1.07s/it]
 13%|█▎        | 47/356 [00:29<05:46,  1.12s/it]
 13%|█▎        | 48/356 [00:30<05:32,  1.08s/it]
[08:11:28] [mem] running 3_PDBmkr.py parent=94.4MB child_tree=170.3MB combined=264.7MB
 14%|█▍        | 49/356 [00:30<05:15,  1.03s/it]
 14%|█▍        | 50/356 [00:31<05:13,  1.02s/it]
 14%|█▍        | 51/356 [00:32<05:04,  1.00it/s]
 15%|█▍        | 52/356 [00:33<04:59,  1.01it/s]
 15%|█▍        | 53/356 [00:34<04:53,  1.03it/s]
 15%|█▌        | 54/356 [00:35<04:46,  1.05it/s]
[08:11:33] [mem] running 3_PDBmkr.py parent=94.4MB child_tree=174.1MB combined=268.5MB
 15%|█▌        | 55/356 [00:36<04:38,  1.08it/s]
 16%|█▌        | 56/356 [00:37<04:37,  1.08it/s]
 16%|█▌        | 57/356 [00:38<04:39,  1.07it/s]
 16%|█▋        | 58/356 [00:39<04:39,  1.07it/s]
 17%|█▋        | 59/356 [00:40<04:41,  1.05it/s]
 17%|█▋        | 60/356 [00:41<04:39,  1.06it/s]
[08:11:39] [mem] running 3_PDBmkr.py parent=94.4MB child_tree=180.7MB combined=275.1MB
 17%|█▋        | 61/356 [00:42<04:36,  1.07it/s]
 17%|█▋        | 62/356 [00:43<04:38,  1.06it/s]
 18%|█▊        | 63/356 [00:44<04:35,  1.06it/s]
 18%|█▊        | 64/356 [00:45<04:36,  1.06it/s]
 18%|█▊        | 65/356 [00:46<04:39,  1.04it/s]
 19%|█▊        | 66/356 [00:47<04:41,  1.03it/s]
[08:11:45] [mem] running 3_PDBmkr.py parent=94.4MB child_tree=184.2MB combined=278.6MB
 19%|█▉        | 67/356 [00:48<04:40,  1.03it/s]
 19%|█▉        | 68/356 [00:49<04:39,  1.03it/s]
 19%|█▉        | 69/356 [00:50<04:39,  1.03it/s]
 20%|█▉        | 70/356 [00:51<04:43,  1.01it/s]
[08:11:50] [mem] running 3_PDBmkr.py parent=94.4MB child_tree=187.3MB combined=281.7MB
 20%|█▉        | 71/356 [00:52<04:44,  1.00it/s]
 20%|██        | 72/356 [00:53<04:45,  1.01s/it]
 21%|██        | 73/356 [00:54<04:45,  1.01s/it]
 21%|██        | 74/356 [00:55<04:47,  1.02s/it]
 21%|██        | 75/356 [00:56<04:48,  1.03s/it]
 21%|██▏       | 76/356 [00:57<04:42,  1.01s/it]
[08:11:55] [mem] running 3_PDBmkr.py parent=94.4MB child_tree=191.1MB combined=285.5MB
 22%|██▏       | 77/356 [00:58<04:33,  1.02it/s]
 22%|██▏       | 78/356 [00:58<04:25,  1.05it/s]
 22%|██▏       | 79/356 [00:59<04:20,  1.06it/s]
 22%|██▏       | 80/356 [01:00<04:20,  1.06it/s]
 23%|██▎       | 81/356 [01:01<04:19,  1.06it/s]
[08:12:00] [mem] running 3_PDBmkr.py parent=94.4MB child_tree=190.2MB combined=284.6MB
 23%|██▎       | 82/356 [01:02<04:19,  1.06it/s]
 23%|██▎       | 83/356 [01:03<04:23,  1.04it/s]
 24%|██▎       | 84/356 [01:04<04:36,  1.02s/it]
 24%|██▍       | 85/356 [01:05<04:32,  1.00s/it]
 24%|██▍       | 86/356 [01:06<04:28,  1.00it/s]
 24%|██▍       | 87/356 [01:07<04:26,  1.01it/s]
[08:12:05] [mem] running 3_PDBmkr.py parent=94.4MB child_tree=192.3MB combined=286.7MB
 25%|██▍       | 88/356 [01:08<04:24,  1.01it/s]
 25%|██▌       | 89/356 [01:09<04:27,  1.00s/it]
 25%|██▌       | 90/356 [01:10<04:30,  1.02s/it]
 26%|██▌       | 91/356 [01:11<04:28,  1.01s/it]
[08:12:10] [mem] running 3_PDBmkr.py parent=94.4MB child_tree=196.6MB combined=291.0MB
 26%|██▌       | 92/356 [01:12<04:25,  1.00s/it]
 26%|██▌       | 93/356 [01:13<04:23,  1.00s/it]
 26%|██▋       | 94/356 [01:14<04:19,  1.01it/s]
 27%|██▋       | 95/356 [01:15<04:20,  1.00it/s]
 27%|██▋       | 96/356 [01:16<04:13,  1.02it/s]
 27%|██▋       | 97/356 [01:17<04:15,  1.01it/s]
 28%|██▊       | 98/356 [01:18<04:09,  1.04it/s]
[08:12:16] [mem] running 3_PDBmkr.py parent=94.4MB child_tree=199.6MB combined=294.0MB
 28%|██▊       | 99/356 [01:19<04:06,  1.04it/s]
 28%|██▊       | 100/356 [01:20<04:09,  1.03it/s]
 28%|██▊       | 101/356 [01:21<04:04,  1.05it/s]
 29%|██▊       | 102/356 [01:22<03:59,  1.06it/s]
 29%|██▉       | 103/356 [01:23<03:58,  1.06it/s]
 29%|██▉       | 104/356 [01:24<03:54,  1.08it/s]
[08:12:22] [mem] running 3_PDBmkr.py parent=94.4MB child_tree=202.2MB combined=296.6MB
 29%|██▉       | 105/356 [01:25<03:58,  1.05it/s]
 30%|██▉       | 106/356 [01:26<03:59,  1.05it/s]
 30%|███       | 107/356 [01:27<03:56,  1.05it/s]
 30%|███       | 108/356 [01:28<03:55,  1.05it/s]
 31%|███       | 109/356 [01:29<03:55,  1.05it/s]
 31%|███       | 110/356 [01:30<03:54,  1.05it/s]
[08:12:28] [mem] running 3_PDBmkr.py parent=94.4MB child_tree=204.8MB combined=299.2MB
 31%|███       | 111/356 [01:31<03:54,  1.05it/s]
 31%|███▏      | 112/356 [01:31<03:53,  1.05it/s]
 32%|███▏      | 113/356 [01:32<03:50,  1.05it/s]
 32%|███▏      | 114/356 [01:33<03:53,  1.04it/s]
 32%|███▏      | 115/356 [01:34<03:50,  1.05it/s]
 33%|███▎      | 116/356 [01:35<03:46,  1.06it/s]
[08:12:33] [mem] running 3_PDBmkr.py parent=94.4MB child_tree=197.5MB combined=291.9MB
 33%|███▎      | 117/356 [01:36<03:45,  1.06it/s]
 33%|███▎      | 118/356 [01:37<03:42,  1.07it/s]
 33%|███▎      | 119/356 [01:38<03:40,  1.08it/s]
 34%|███▎      | 120/356 [01:39<03:36,  1.09it/s]
 34%|███▍      | 121/356 [01:40<03:40,  1.07it/s]
 34%|███▍      | 122/356 [01:41<03:36,  1.08it/s]
[08:12:39] [mem] running 3_PDBmkr.py parent=94.4MB child_tree=203.3MB combined=297.7MB
 35%|███▍      | 123/356 [01:42<03:39,  1.06it/s]
 35%|███▍      | 124/356 [01:43<03:36,  1.07it/s]
 35%|███▌      | 125/356 [01:44<03:35,  1.07it/s]
 35%|███▌      | 126/356 [01:45<03:33,  1.08it/s]
 36%|███▌      | 127/356 [01:46<03:34,  1.07it/s]
 36%|███▌      | 128/356 [01:46<03:32,  1.07it/s]
[08:12:44] [mem] running 3_PDBmkr.py parent=94.4MB child_tree=202.2MB combined=296.6MB
 36%|███▌      | 129/356 [01:47<03:33,  1.06it/s]
 37%|███▋      | 130/356 [01:48<03:33,  1.06it/s]
 37%|███▋      | 131/356 [01:49<03:35,  1.04it/s]
 37%|███▋      | 132/356 [01:50<03:39,  1.02it/s]
 37%|███▋      | 133/356 [01:51<03:40,  1.01it/s]
 38%|███▊      | 134/356 [01:52<03:41,  1.00it/s]
[08:12:50] [mem] running 3_PDBmkr.py parent=94.4MB child_tree=216.4MB combined=310.8MB
 38%|███▊      | 135/356 [01:53<03:39,  1.01it/s]
 38%|███▊      | 136/356 [01:54<03:40,  1.00s/it]
 38%|███▊      | 137/356 [01:55<03:37,  1.01it/s]
 39%|███▉      | 138/356 [01:56<03:37,  1.00it/s]
 39%|███▉      | 139/356 [01:57<03:32,  1.02it/s]
 39%|███▉      | 140/356 [01:58<03:27,  1.04it/s]
[08:12:56] [mem] running 3_PDBmkr.py parent=94.4MB child_tree=216.5MB combined=310.9MB
 40%|███▉      | 141/356 [01:59<03:27,  1.04it/s]
 40%|███▉      | 142/356 [02:00<03:25,  1.04it/s]
 40%|████      | 143/356 [02:01<03:23,  1.05it/s]
 40%|████      | 144/356 [02:02<03:22,  1.04it/s]
 41%|████      | 145/356 [02:03<03:21,  1.05it/s]
 41%|████      | 146/356 [02:04<03:22,  1.04it/s]
[08:13:02] [mem] running 3_PDBmkr.py parent=94.4MB child_tree=222.1MB combined=316.5MB
 41%|████▏     | 147/356 [02:05<03:21,  1.04it/s]
 42%|████▏     | 148/356 [02:06<03:24,  1.02it/s]
 42%|████▏     | 149/356 [02:07<03:23,  1.02it/s]
 42%|████▏     | 150/356 [02:08<03:20,  1.03it/s]
[08:13:07] [mem] running 3_PDBmkr.py parent=94.4MB child_tree=221.0MB combined=315.4MB
 42%|████▏     | 151/356 [02:09<03:24,  1.00it/s]
 43%|████▎     | 152/356 [02:10<03:25,  1.01s/it]
 43%|████▎     | 153/356 [02:11<03:27,  1.02s/it]
 43%|████▎     | 154/356 [02:12<03:26,  1.02s/it]
 44%|████▎     | 155/356 [02:13<03:32,  1.06s/it]
 44%|████▍     | 156/356 [02:14<03:23,  1.02s/it]
[08:13:12] [mem] running 3_PDBmkr.py parent=94.4MB child_tree=224.8MB combined=319.2MB
 44%|████▍     | 157/356 [02:15<03:16,  1.01it/s]
 44%|████▍     | 158/356 [02:16<03:15,  1.01it/s]
 45%|████▍     | 159/356 [02:17<03:11,  1.03it/s]
 45%|████▍     | 160/356 [02:18<03:10,  1.03it/s]
 45%|████▌     | 161/356 [02:19<03:05,  1.05it/s]
 46%|████▌     | 162/356 [02:20<03:05,  1.04it/s]
[08:13:18] [mem] running 3_PDBmkr.py parent=94.4MB child_tree=228.2MB combined=322.6MB
 46%|████▌     | 163/356 [02:21<03:03,  1.05it/s]
 46%|████▌     | 164/356 [02:22<03:01,  1.06it/s]
 46%|████▋     | 165/356 [02:23<03:02,  1.05it/s]
 47%|████▋     | 166/356 [02:24<02:58,  1.06it/s]
 47%|████▋     | 167/356 [02:25<03:02,  1.04it/s]
 47%|████▋     | 168/356 [02:26<03:02,  1.03it/s]
[08:13:24] [mem] running 3_PDBmkr.py parent=94.4MB child_tree=228.1MB combined=322.5MB
 47%|████▋     | 169/356 [02:27<03:01,  1.03it/s]
 48%|████▊     | 170/356 [02:28<02:58,  1.04it/s]
 48%|████▊     | 171/356 [02:28<02:57,  1.04it/s]
 48%|████▊     | 172/356 [02:29<02:55,  1.05it/s]
 49%|████▊     | 173/356 [02:30<02:57,  1.03it/s]
 49%|████▉     | 174/356 [02:31<02:55,  1.04it/s]
[08:13:29] [mem] running 3_PDBmkr.py parent=94.4MB child_tree=222.8MB combined=317.2MB
 49%|████▉     | 175/356 [02:32<02:52,  1.05it/s]
 49%|████▉     | 176/356 [02:33<02:51,  1.05it/s]
 50%|████▉     | 177/356 [02:35<03:40,  1.23s/it]
[08:13:35] [mem] running 3_PDBmkr.py parent=94.4MB child_tree=259.3MB combined=353.7MB
 50%|█████     | 178/356 [02:37<04:13,  1.42s/it]
 50%|█████     | 179/356 [02:39<04:41,  1.59s/it]
 51%|█████     | 180/356 [02:41<05:07,  1.75s/it]
[08:13:40] [mem] running 3_PDBmkr.py parent=94.4MB child_tree=280.7MB combined=375.1MB
 51%|█████     | 181/356 [02:43<05:18,  1.82s/it]
 51%|█████     | 182/356 [02:45<05:26,  1.88s/it]
[08:13:45] [mem] running 3_PDBmkr.py parent=94.4MB child_tree=277.9MB combined=372.3MB
 51%|█████▏    | 183/356 [02:47<05:35,  1.94s/it]
 52%|█████▏    | 184/356 [02:49<05:32,  1.93s/it]
 52%|█████▏    | 185/356 [02:51<05:30,  1.93s/it]
[08:13:51] [mem] running 3_PDBmkr.py parent=94.4MB child_tree=278.9MB combined=373.3MB
 52%|█████▏    | 186/356 [02:53<05:31,  1.95s/it]
 53%|█████▎    | 187/356 [02:55<05:26,  1.93s/it]
 53%|█████▎    | 188/356 [02:56<04:37,  1.65s/it]
 53%|█████▎    | 189/356 [02:57<04:02,  1.45s/it]
 53%|█████▎    | 190/356 [02:58<03:35,  1.30s/it]
 54%|█████▎    | 191/356 [02:59<03:19,  1.21s/it]
[08:13:57] [mem] running 3_PDBmkr.py parent=94.4MB child_tree=270.9MB combined=365.3MB
 54%|█████▍    | 192/356 [03:00<03:05,  1.13s/it]
 54%|█████▍    | 193/356 [03:01<02:53,  1.06s/it]
 54%|█████▍    | 194/356 [03:02<02:47,  1.03s/it]
 55%|█████▍    | 195/356 [03:03<02:39,  1.01it/s]
 55%|█████▌    | 196/356 [03:03<02:34,  1.04it/s]
 55%|█████▌    | 197/356 [03:04<02:33,  1.03it/s]
[08:14:02] [mem] running 3_PDBmkr.py parent=94.4MB child_tree=270.9MB combined=365.3MB
 56%|█████▌    | 198/356 [03:05<02:31,  1.04it/s]
 56%|█████▌    | 199/356 [03:06<02:32,  1.03it/s]
 56%|█████▌    | 200/356 [03:07<02:30,  1.03it/s]
 56%|█████▋    | 201/356 [03:08<02:30,  1.03it/s]
 57%|█████▋    | 202/356 [03:10<02:40,  1.04s/it]
[08:14:08] [mem] running 3_PDBmkr.py parent=94.4MB child_tree=269.9MB combined=364.3MB
 57%|█████▋    | 203/356 [03:10<02:37,  1.03s/it]
 57%|█████▋    | 204/356 [03:11<02:33,  1.01s/it]
 58%|█████▊    | 205/356 [03:13<02:33,  1.02s/it]
 58%|█████▊    | 206/356 [03:13<02:28,  1.01it/s]
 58%|█████▊    | 207/356 [03:14<02:25,  1.03it/s]
 58%|█████▊    | 208/356 [03:15<02:23,  1.03it/s]
[08:14:13] [mem] running 3_PDBmkr.py parent=94.4MB child_tree=271.1MB combined=365.5MB
 59%|█████▊    | 209/356 [03:16<02:20,  1.05it/s]
 59%|█████▉    | 210/356 [03:17<02:17,  1.06it/s]
 59%|█████▉    | 211/356 [03:18<02:19,  1.04it/s]
 60%|█████▉    | 212/356 [03:19<02:17,  1.05it/s]
 60%|█████▉    | 213/356 [03:20<02:18,  1.03it/s]
 60%|██████    | 214/356 [03:21<02:16,  1.04it/s]
 60%|██████    | 215/356 [03:21<01:51,  1.27it/s]
[08:14:19] [mem] running 3_PDBmkr.py parent=94.4MB child_tree=259.3MB combined=353.7MB
 61%|██████    | 216/356 [03:22<01:33,  1.50it/s]
 61%|██████    | 217/356 [03:22<01:19,  1.76it/s]
 61%|██████    | 218/356 [03:23<01:11,  1.92it/s]
 62%|██████▏   | 219/356 [03:23<01:05,  2.08it/s]
 62%|██████▏   | 220/356 [03:23<01:01,  2.23it/s]
 62%|██████▏   | 221/356 [03:24<00:56,  2.41it/s]
 62%|██████▏   | 222/356 [03:24<00:56,  2.37it/s]
 63%|██████▎   | 223/356 [03:25<00:56,  2.35it/s]
 63%|██████▎   | 224/356 [03:25<00:55,  2.37it/s]
 63%|██████▎   | 225/356 [03:25<00:54,  2.38it/s]
 63%|██████▎   | 226/356 [03:26<00:54,  2.40it/s]
 64%|██████▍   | 227/356 [03:26<00:51,  2.50it/s]
 64%|██████▍   | 228/356 [03:27<00:52,  2.42it/s]
 64%|██████▍   | 229/356 [03:27<00:53,  2.37it/s]
[08:14:25] [mem] running 3_PDBmkr.py parent=94.4MB child_tree=254.3MB combined=348.7MB
 65%|██████▍   | 230/356 [03:27<00:52,  2.38it/s]
 65%|██████▍   | 231/356 [03:28<00:52,  2.39it/s]
 65%|██████▌   | 232/356 [03:28<00:51,  2.41it/s]
 65%|██████▌   | 233/356 [03:29<00:51,  2.39it/s]
 66%|██████▌   | 234/356 [03:29<00:50,  2.41it/s]
 66%|██████▌   | 235/356 [03:30<00:50,  2.42it/s]
 66%|██████▋   | 236/356 [03:30<00:49,  2.43it/s]
 67%|██████▋   | 237/356 [03:30<00:46,  2.54it/s]
 67%|██████▋   | 238/356 [03:31<00:46,  2.52it/s]
 67%|██████▋   | 239/356 [03:31<00:52,  2.24it/s]
 67%|██████▋   | 240/356 [03:32<00:54,  2.12it/s]
 68%|██████▊   | 241/356 [03:32<00:56,  2.05it/s]
[08:14:30] [mem] running 3_PDBmkr.py parent=94.4MB child_tree=252.5MB combined=346.9MB
 68%|██████▊   | 242/356 [03:33<00:58,  1.95it/s]
 68%|██████▊   | 243/356 [03:33<00:58,  1.92it/s]
 69%|██████▊   | 244/356 [03:34<00:59,  1.87it/s]
 69%|██████▉   | 245/356 [03:34<00:48,  2.29it/s]
 69%|██████▉   | 246/356 [03:34<00:42,  2.59it/s]
 69%|██████▉   | 247/356 [03:35<00:35,  3.03it/s]
 70%|██████▉   | 248/356 [03:35<00:31,  3.47it/s]
 70%|██████▉   | 249/356 [03:35<00:32,  3.27it/s]
 70%|███████   | 250/356 [03:36<00:42,  2.51it/s]
 71%|███████   | 251/356 [03:36<00:48,  2.16it/s]
 71%|███████   | 252/356 [03:37<00:51,  2.03it/s]
 71%|███████   | 253/356 [03:38<00:55,  1.86it/s]
[08:14:35] [mem] running 3_PDBmkr.py parent=94.4MB child_tree=253.9MB combined=348.3MB
 71%|███████▏  | 254/356 [03:38<00:57,  1.79it/s]
 72%|███████▏  | 255/356 [03:39<00:59,  1.71it/s]
 72%|███████▏  | 256/356 [03:39<00:58,  1.70it/s]
 72%|███████▏  | 257/356 [03:40<01:05,  1.52it/s]
 72%|███████▏  | 258/356 [03:41<01:02,  1.57it/s]
 73%|███████▎  | 259/356 [03:41<01:00,  1.59it/s]
 73%|███████▎  | 260/356 [03:42<00:58,  1.64it/s]
 73%|███████▎  | 261/356 [03:43<00:57,  1.64it/s]
[08:14:40] [mem] running 3_PDBmkr.py parent=94.4MB child_tree=255.8MB combined=350.2MB
 74%|███████▎  | 262/356 [03:43<00:57,  1.64it/s]
 74%|███████▍  | 263/356 [03:44<00:56,  1.65it/s]
 74%|███████▍  | 264/356 [03:44<00:56,  1.64it/s]
 74%|███████▍  | 265/356 [03:45<00:56,  1.60it/s]
 75%|███████▍  | 266/356 [03:46<00:57,  1.55it/s]
 75%|███████▌  | 267/356 [03:47<00:58,  1.52it/s]
 75%|███████▌  | 268/356 [03:47<00:57,  1.53it/s]
 76%|███████▌  | 269/356 [03:48<00:56,  1.54it/s]
[08:14:46] [mem] running 3_PDBmkr.py parent=94.4MB child_tree=257.5MB combined=351.9MB
 76%|███████▌  | 270/356 [03:48<00:55,  1.54it/s]
 76%|███████▌  | 271/356 [03:49<00:54,  1.56it/s]
 76%|███████▋  | 272/356 [03:50<00:52,  1.59it/s]
 77%|███████▋  | 273/356 [03:50<00:52,  1.58it/s]
 77%|███████▋  | 274/356 [03:51<00:51,  1.60it/s]
 77%|███████▋  | 275/356 [03:52<00:49,  1.62it/s]
 78%|███████▊  | 276/356 [03:52<00:47,  1.67it/s]
 78%|███████▊  | 277/356 [03:53<00:47,  1.67it/s]
 78%|███████▊  | 278/356 [03:53<00:46,  1.67it/s]
[08:14:51] [mem] running 3_PDBmkr.py parent=94.4MB child_tree=258.5MB combined=352.9MB
 78%|███████▊  | 279/356 [03:54<00:44,  1.72it/s]
 79%|███████▊  | 280/356 [03:54<00:45,  1.68it/s]
 79%|███████▉  | 281/356 [03:55<00:44,  1.69it/s]
 79%|███████▉  | 282/356 [03:55<00:38,  1.91it/s]
 79%|███████▉  | 283/356 [03:56<00:34,  2.12it/s]
 80%|███████▉  | 284/356 [03:56<00:32,  2.22it/s]
 80%|████████  | 285/356 [03:57<00:30,  2.36it/s]
 80%|████████  | 286/356 [03:57<00:27,  2.54it/s]
 81%|████████  | 287/356 [03:57<00:26,  2.61it/s]
 81%|████████  | 288/356 [03:58<00:25,  2.67it/s]
 81%|████████  | 289/356 [03:58<00:24,  2.79it/s]
 81%|████████▏ | 290/356 [03:59<00:35,  1.87it/s]
[08:14:57] [mem] running 3_PDBmkr.py parent=94.4MB child_tree=262.7MB combined=357.1MB
 82%|████████▏ | 291/356 [04:00<00:42,  1.52it/s]
 82%|████████▏ | 292/356 [04:01<00:47,  1.34it/s]
 82%|████████▏ | 293/356 [04:02<00:50,  1.24it/s]
 83%|████████▎ | 294/356 [04:02<00:46,  1.33it/s]
 83%|████████▎ | 295/356 [04:03<00:43,  1.41it/s]
 83%|████████▎ | 296/356 [04:03<00:39,  1.51it/s]
 83%|████████▎ | 297/356 [04:04<00:39,  1.50it/s]
[08:15:02] [mem] running 3_PDBmkr.py parent=94.4MB child_tree=265.2MB combined=359.6MB
 84%|████████▎ | 298/356 [04:05<00:43,  1.33it/s]
 84%|████████▍ | 299/356 [04:06<00:47,  1.19it/s]
 84%|████████▍ | 300/356 [04:07<00:49,  1.14it/s]
 85%|████████▍ | 301/356 [04:08<00:50,  1.09it/s]
 85%|████████▍ | 302/356 [04:09<00:50,  1.07it/s]
 85%|████████▌ | 303/356 [04:10<00:49,  1.08it/s]
[08:15:08] [mem] running 3_PDBmkr.py parent=94.4MB child_tree=267.5MB combined=361.9MB
 85%|████████▌ | 304/356 [04:11<00:48,  1.08it/s]
 86%|████████▌ | 305/356 [04:12<00:47,  1.07it/s]
 86%|████████▌ | 306/356 [04:13<00:46,  1.08it/s]
 86%|████████▌ | 307/356 [04:14<00:45,  1.08it/s]
 87%|████████▋ | 308/356 [04:15<00:44,  1.07it/s]
 87%|████████▋ | 309/356 [04:16<00:43,  1.07it/s]
[08:15:14] [mem] running 3_PDBmkr.py parent=94.5MB child_tree=269.4MB combined=363.9MB
 87%|████████▋ | 310/356 [04:17<00:43,  1.06it/s]
 87%|████████▋ | 311/356 [04:18<00:43,  1.04it/s]
 88%|████████▊ | 312/356 [04:19<00:42,  1.04it/s]
 88%|████████▊ | 313/356 [04:19<00:40,  1.06it/s]
 88%|████████▊ | 314/356 [04:20<00:39,  1.06it/s]
 88%|████████▊ | 315/356 [04:21<00:38,  1.06it/s]
[08:15:19] [mem] running 3_PDBmkr.py parent=94.5MB child_tree=272.0MB combined=366.5MB
 89%|████████▉ | 316/356 [04:22<00:37,  1.06it/s]
 89%|████████▉ | 317/356 [04:23<00:36,  1.06it/s]
 89%|████████▉ | 318/356 [04:24<00:37,  1.01it/s]
 90%|████████▉ | 319/356 [04:25<00:37,  1.00s/it]
 90%|████████▉ | 320/356 [04:26<00:35,  1.02it/s]
 90%|█████████ | 321/356 [04:27<00:34,  1.02it/s]
[08:15:25] [mem] running 3_PDBmkr.py parent=94.5MB child_tree=275.7MB combined=370.2MB
 90%|█████████ | 322/356 [04:28<00:32,  1.04it/s]
 91%|█████████ | 323/356 [04:29<00:31,  1.04it/s]
 91%|█████████ | 324/356 [04:30<00:30,  1.06it/s]
 91%|█████████▏| 325/356 [04:31<00:28,  1.08it/s]
 92%|█████████▏| 326/356 [04:32<00:28,  1.05it/s]
 92%|█████████▏| 327/356 [04:33<00:28,  1.03it/s]
[08:15:31] [mem] running 3_PDBmkr.py parent=94.5MB child_tree=277.6MB combined=372.1MB
 92%|█████████▏| 328/356 [04:34<00:26,  1.04it/s]
 92%|█████████▏| 329/356 [04:35<00:26,  1.03it/s]
 93%|█████████▎| 330/356 [04:35<00:19,  1.36it/s]
 93%|█████████▎| 331/356 [04:35<00:14,  1.77it/s]
 93%|█████████▎| 332/356 [04:35<00:10,  2.24it/s]
 94%|█████████▍| 334/356 [04:36<00:06,  3.49it/s]
 94%|█████████▍| 336/356 [04:36<00:05,  3.73it/s]
 95%|█████████▍| 337/356 [04:36<00:05,  3.40it/s]
 95%|█████████▍| 338/356 [04:37<00:05,  3.15it/s]
 95%|█████████▌| 339/356 [04:37<00:05,  2.98it/s]
 96%|█████████▌| 340/356 [04:38<00:07,  2.08it/s]
[08:15:36] [mem] running 3_PDBmkr.py parent=94.5MB child_tree=277.0MB combined=371.5MB
 96%|█████████▌| 341/356 [04:39<00:08,  1.67it/s]
 96%|█████████▌| 342/356 [04:40<00:09,  1.47it/s]
 96%|█████████▋| 343/356 [04:41<00:09,  1.34it/s]
 97%|█████████▋| 344/356 [04:42<00:09,  1.26it/s]
 97%|█████████▋| 345/356 [04:43<00:09,  1.22it/s]
 97%|█████████▋| 346/356 [04:44<00:08,  1.17it/s]
[08:15:42] [mem] running 3_PDBmkr.py parent=94.5MB child_tree=280.0MB combined=374.5MB
 97%|█████████▋| 347/356 [04:45<00:08,  1.12it/s]
 98%|█████████▊| 348/356 [04:46<00:07,  1.07it/s]
 98%|█████████▊| 349/356 [04:47<00:06,  1.05it/s]
 98%|█████████▊| 350/356 [04:48<00:05,  1.05it/s]
 99%|█████████▊| 351/356 [04:48<00:04,  1.06it/s]
 99%|█████████▉| 352/356 [04:49<00:02,  1.41it/s]
 99%|█████████▉| 353/356 [04:49<00:01,  1.67it/s]
 99%|█████████▉| 354/356 [04:49<00:01,  1.85it/s]
[08:15:47] [mem] running 3_PDBmkr.py parent=94.5MB child_tree=282.0MB combined=376.5MB
100%|█████████▉| 355/356 [04:50<00:00,  2.05it/s]
100%|██████████| 356/356 [04:50<00:00,  2.21it/s]
100%|██████████| 356/356 [04:50<00:00,  1.23it/s]
📁 Step 3 output root resolved: /app/jobs/01c4029c/WAR_PDB
📊 Step 3 requested=356 built=356 on_disk=356
🧾 Step 3 sample PDBs: ['PRMT4/3b3f_A_SAH.pdb', 'PRMT4/3b3f_B_SAH.pdb', 'PRMT4/3b3f_C_SAH.pdb', 'PRMT4/3b3f_D_SAH.pdb', 'PRMT4/4ikp_A_4IK.pdb', 'PRMT4/4ikp_B_4IK.pdb', 'PRMT4/4ikp_C_4IK.pdb', 'PRMT4/4ikp_D_4IK.pdb', 'PRMT4/5dwq_A_SFG.pdb', 'PRMT4/5dwq_B_SFG.pdb']
✅ All PDBs built successfully.
✅ Wrote 5CharMAP.csv with mapping rows (5-letter ligands detected).
[08:15:48] [mem] after 3_PDBmkr.py parent=60.2MB delta=-34.1MB combined_peak=387.7MB child_peak=293.3MB
[08:15:48] 🚀 Running 4_PDBfxr.py...
[08:15:48] 🐍 Pipeline Python: /app/.heroku/python/bin/python
[08:15:48] [mem] before 4_PDBfxr.py parent=60.2MB combined=60.2MB
[08:15:48] 🧵 Worker caps for 4_PDBfxr.py: pipeline_max=1 WARHEAD_SQCHK_MAX_WORKERS=1 WARHEAD_PDBMKR_MAX_WORKERS=1 WARHEAD_SASA_MAX_WORKERS=3 WARHEAD_METADATA_MAX_WORKERS=3 WARHEAD_MCS_MAX_WORKERS=3
[08:15:48] ⏱ No-output watchdog for 4_PDBfxr.py: 180s
[08:15:48] [mem] running 4_PDBfxr.py parent=60.2MB child_tree=0.7MB combined=60.9MB
============================================
🔥 STEP 4: LIGAND5 → LIGANDX (TOKEN PARSE + STRICT REFORMAT)
============================================
🔬 Loaded 5 ligand5→ligandX mappings
🔧 Fixing 9i9u_A_A1I1H.pdb | A1I1H → A02
   → 9i9u_A_A02.pdb | atoms updated: 0
🔧 Fixing 9o6h_D_A1B9W.pdb | A1B9W → A04
   → 9o6h_D_A04.pdb | atoms updated: 0
🔧 Fixing 9i0a_A_A1IZI.pdb | A1IZI → A00
   → 9i0a_A_A00.pdb | atoms updated: 0
🔧 Fixing 9o37_A_A1B7X.pdb | A1B7X → A03
   → 9o37_A_A03.pdb | atoms updated: 0
🔧 Fixing 9i0a_D_A1IZI.pdb | A1IZI → A00
   → 9i0a_D_A00.pdb | atoms updated: 0
🔧 Fixing 9i0a_C_A1IZI.pdb | A1IZI → A00
   → 9i0a_C_A00.pdb | atoms updated: 0
🔧 Fixing 9o6h_B_A1B9W.pdb | A1B9W → A04
   → 9o6h_B_A04.pdb | atoms updated: 0
🔧 Fixing 9o6h_A_A1B9W.pdb | A1B9W → A04
   → 9o6h_A_A04.pdb | atoms updated: 0
🔧 Fixing 9i9u_D_A1I1H.pdb | A1I1H → A02
   → 9i9u_D_A02.pdb | atoms updated: 0
🔧 Fixing 9o6h_C_A1B9W.pdb | A1B9W → A04
   → 9o6h_C_A04.pdb | atoms updated: 0
🔧 Fixing 9i1t_C_A1IZ2.pdb | A1IZ2 → A01
   → 9i1t_C_A01.pdb | atoms updated: 0
🔧 Fixing 9i1t_B_A1IZ2.pdb | A1IZ2 → A01
   → 9i1t_B_A01.pdb | atoms updated: 0
🔧 Fixing 9i0a_B_A1IZI.pdb | A1IZI → A00
   → 9i0a_B_A00.pdb | atoms updated: 0
🔧 Fixing 9i9u_B_A1I1H.pdb | A1I1H → A02
   → 9i9u_B_A02.pdb | atoms updated: 0
🔧 Fixing 9i9u_C_A1I1H.pdb | A1I1H → A02
   → 9i9u_C_A02.pdb | atoms updated: 0
🔧 Fixing 9i1t_D_A1IZ2.pdb | A1IZ2 → A01
   → 9i1t_D_A01.pdb | atoms updated: 0
🔧 Fixing 9i1t_A_A1IZ2.pdb | A1IZ2 → A01
   → 9i1t_A_A01.pdb | atoms updated: 0
============================================
🎉 DONE — 17 files fixed
✅ Total ligand atoms renamed: 0
============================================
[08:15:48] [mem] after 4_PDBfxr.py parent=60.2MB delta=+0.0MB combined_peak=60.9MB child_peak=0.7MB
[08:15:48] 🚀 Running 5_PDBcln.py...
[08:15:48] 🐍 Pipeline Python: /app/.heroku/python/bin/python
[08:15:48] [mem] before 5_PDBcln.py parent=60.2MB combined=60.2MB
[08:15:48] 🧵 Worker caps for 5_PDBcln.py: pipeline_max=1 WARHEAD_SQCHK_MAX_WORKERS=1 WARHEAD_PDBMKR_MAX_WORKERS=1 WARHEAD_SASA_MAX_WORKERS=3 WARHEAD_METADATA_MAX_WORKERS=3 WARHEAD_MCS_MAX_WORKERS=3
[08:15:48] ⏱ No-output watchdog for 5_PDBcln.py: 180s
[08:15:48] [mem] running 5_PDBcln.py parent=60.2MB child_tree=0.7MB combined=60.9MB
📁 ROOT DIRECTORY: WAR_PDB
📁 Step 5 input root resolved: /app/jobs/01c4029c/WAR_PDB
📊 Step 5 input PDB count before cleaning: 356
=============================
🔬 Processing Protein: PRMT4
📂 Folder: WAR_PDB/PRMT4
=============================
🧪 Cleaning 6arj_A_SAH.pdb  | Keeping ligand: SAH
✔ Cleaned: 6arj_A_SAH.pdb
🧪 Cleaning 6s70_C_KYB.pdb  | Keeping ligand: KYB
✔ Cleaned: 6s70_C_KYB.pdb
🧪 Cleaning 9i0a_C_A00.pdb  | Keeping ligand: A00
✔ Cleaned: 9i0a_C_A00.pdb
🧪 Cleaning 8sig_A_GWU.pdb  | Keeping ligand: GWU
✔ Cleaned: 8sig_A_GWU.pdb
🧪 Cleaning 5k8x_C_DXE.pdb  | Keeping ligand: DXE
✔ Cleaned: 5k8x_C_DXE.pdb
🧪 Cleaning 5isf_A_M2M.pdb  | Keeping ligand: M2M
✔ Cleaned: 5isf_A_M2M.pdb
🧪 Cleaning 5lkj_B_DXE.pdb  | Keeping ligand: DXE
✔ Cleaned: 5lkj_B_DXE.pdb
🧪 Cleaning 5is8_C_6D1.pdb  | Keeping ligand: 6D1
✔ Cleaned: 5is8_C_6D1.pdb
🧪 Cleaning 5is6_B_SFG.pdb  | Keeping ligand: SFG
✔ Cleaned: 5is6_B_SFG.pdb
🧪 Cleaning 5isi_D_5N5.pdb  | Keeping ligand: 5N5
✔ Cleaned: 5isi_D_5N5.pdb
🧪 Cleaning 5isc_A_SAO.pdb  | Keeping ligand: SAO
✔ Cleaned: 5isc_A_SAO.pdb
🧪 Cleaning 4ikp_B_4IK.pdb  | Keeping ligand: 4IK
✔ Cleaned: 4ikp_B_4IK.pdb
🧪 Cleaning 5tbi_D_78V.pdb  | Keeping ligand: 78V
✔ Cleaned: 5tbi_D_78V.pdb
🧪 Cleaning 5isa_A_M2M.pdb  | Keeping ligand: M2M
✔ Cleaned: 5isa_A_M2M.pdb
🧪 Cleaning 8sih_A_I1K.pdb  | Keeping ligand: I1K
✔ Cleaned: 8sih_A_I1K.pdb
🧪 Cleaning 5tbh_A_M2M.pdb  | Keeping ligand: M2M
✔ Cleaned: 5tbh_A_M2M.pdb
🧪 Cleaning 5dx1_B_SFG.pdb  | Keeping ligand: SFG
✔ Cleaned: 5dx1_B_SFG.pdb
🧪 Cleaning 7qph_E_QVR.pdb  | Keeping ligand: QVR
✔ Cleaned: 7qph_E_QVR.pdb
🧪 Cleaning 6izq_A_XJ2.pdb  | Keeping ligand: XJ2
✔ Cleaned: 6izq_A_XJ2.pdb
🧪 Cleaning 5lgs_G_QVR.pdb  | Keeping ligand: QVR
✔ Cleaned: 5lgs_G_QVR.pdb
🧪 Cleaning 5lgs_B_DXE.pdb  | Keeping ligand: DXE
✔ Cleaned: 5lgs_B_DXE.pdb
🧪 Cleaning 6d2l_F_FTG.pdb  | Keeping ligand: FTG
✔ Cleaned: 6d2l_F_FTG.pdb
🧪 Cleaning 7ppy_D_7ZH.pdb  | Keeping ligand: 7ZH
✔ Cleaned: 7ppy_D_7ZH.pdb
🧪 Cleaning 5k8w_A_GJV.pdb  | Keeping ligand: GJV
✔ Cleaned: 5k8w_A_GJV.pdb
🧪 Cleaning 5dxa_D_SFG.pdb  | Keeping ligand: SFG
✔ Cleaned: 5dxa_D_SFG.pdb
🧪 Cleaning 9i1t_A_A01.pdb  | Keeping ligand: A01
✔ Cleaned: 9i1t_A_A01.pdb
🧪 Cleaning 5lv2_C_M2M.pdb  | Keeping ligand: M2M
✔ Cleaned: 5lv2_C_M2M.pdb
🧪 Cleaning 6dvr_A_P15.pdb  | Keeping ligand: P15
✔ Cleaned: 6dvr_A_P15.pdb
🧪 Cleaning 5is8_B_6D1.pdb  | Keeping ligand: 6D1
✔ Cleaned: 5is8_B_6D1.pdb
🧪 Cleaning 6d2l_D_FTG.pdb  | Keeping ligand: FTG
✔ Cleaned: 6d2l_D_FTG.pdb
🧪 Cleaning 6s7b_D_KYH.pdb  | Keeping ligand: KYH
✔ Cleaned: 6s7b_D_KYH.pdb
🧪 Cleaning 5isc_B_6D0.pdb  | Keeping ligand: 6D0
✔ Cleaned: 5isc_B_6D0.pdb
🧪 Cleaning 6s74_B_KY8.pdb  | Keeping ligand: KY8
✔ Cleaned: 6s74_B_KY8.pdb
🧪 Cleaning 5lv3_A_SAH.pdb  | Keeping ligand: SAH
✔ Cleaned: 5lv3_A_SAH.pdb
🧪 Cleaning 9o6h_D_A04.pdb  | Keeping ligand: A04
✔ Cleaned: 9o6h_D_A04.pdb
🧪 Cleaning 5lgr_E_LPD.pdb  | Keeping ligand: LPD
✔ Cleaned: 5lgr_E_LPD.pdb
🧪 Cleaning 6s7a_B_KY5.pdb  | Keeping ligand: KY5
✔ Cleaned: 6s7a_B_KY5.pdb
🧪 Cleaning 5lgr_H_QVR.pdb  | Keeping ligand: QVR
✔ Cleaned: 5lgr_H_QVR.pdb
🧪 Cleaning 6arv_C_SAH.pdb  | Keeping ligand: SAH
✔ Cleaned: 6arv_C_SAH.pdb
🧪 Cleaning 3b3f_C_SAH.pdb  | Keeping ligand: SAH
✔ Cleaned: 3b3f_C_SAH.pdb
🧪 Cleaning 5lkj_D_6YB.pdb  | Keeping ligand: 6YB
✔ Cleaned: 5lkj_D_6YB.pdb
🧪 Cleaning 5k8x_D_DXE.pdb  | Keeping ligand: DXE
✔ Cleaned: 5k8x_D_DXE.pdb
🧪 Cleaning 7puc_B_85U.pdb  | Keeping ligand: 85U
✔ Cleaned: 7puc_B_85U.pdb
🧪 Cleaning 5u4x_C_7VM.pdb  | Keeping ligand: 7VM
✔ Cleaned: 5u4x_C_7VM.pdb
🧪 Cleaning 4ikp_A_4IK.pdb  | Keeping ligand: 4IK
✔ Cleaned: 4ikp_A_4IK.pdb
🧪 Cleaning 5is6_D_DXE.pdb  | Keeping ligand: DXE
✔ Cleaned: 5is6_D_DXE.pdb
🧪 Cleaning 5lv2_E_M2M.pdb  | Keeping ligand: M2M
✔ Cleaned: 5lv2_E_M2M.pdb
🧪 Cleaning 5isf_D_6D4.pdb  | Keeping ligand: 6D4
✔ Cleaned: 5isf_D_6D4.pdb
🧪 Cleaning 5dxa_A_SFG.pdb  | Keeping ligand: SFG
✔ Cleaned: 5dxa_A_SFG.pdb
🧪 Cleaning 5ish_C_765.pdb  | Keeping ligand: 765
✔ Cleaned: 5ish_C_765.pdb
🧪 Cleaning 5k8v_D_6RE.pdb  | Keeping ligand: 6RE
✔ Cleaned: 5k8v_D_6RE.pdb
🧪 Cleaning 7ppq_D_LSK.pdb  | Keeping ligand: LSK
✔ Cleaned: 7ppq_D_LSK.pdb
🧪 Cleaning 5ntc_A_6L7.pdb  | Keeping ligand: 6L7
✔ Cleaned: 5ntc_A_6L7.pdb
🧪 Cleaning 5lgq_A_PG6.pdb  | Keeping ligand: PG6
✔ Cleaned: 5lgq_A_PG6.pdb
🧪 Cleaning 7pu8_A_4R7.pdb  | Keeping ligand: 4R7
✔ Cleaned: 7pu8_A_4R7.pdb
🧪 Cleaning 6s79_C_KXW.pdb  | Keeping ligand: KXW
✔ Cleaned: 6s79_C_KXW.pdb
🧪 Cleaning 5is9_C_6D3.pdb  | Keeping ligand: 6D3
✔ Cleaned: 5is9_C_6D3.pdb
🧪 Cleaning 5isa_C_6D5.pdb  | Keeping ligand: 6D5
✔ Cleaned: 5isa_C_6D5.pdb
🧪 Cleaning 5ntc_D_6L7.pdb  | Keeping ligand: 6L7
✔ Cleaned: 5ntc_D_6L7.pdb
🧪 Cleaning 5lv2_E_SAO.pdb  | Keeping ligand: SAO
✔ Cleaned: 5lv2_E_SAO.pdb
🧪 Cleaning 6dvr_B_P15.pdb  | Keeping ligand: P15
✔ Cleaned: 6dvr_B_P15.pdb
🧪 Cleaning 6s7b_B_KYH.pdb  | Keeping ligand: KYH
✔ Cleaned: 6s7b_B_KYH.pdb
🧪 Cleaning 5lgr_H_LPD.pdb  | Keeping ligand: LPD
✔ Cleaned: 5lgr_H_LPD.pdb
🧪 Cleaning 7fai_A_XJ3.pdb  | Keeping ligand: XJ3
✔ Cleaned: 7fai_A_XJ3.pdb
🧪 Cleaning 7faj_C_XJ4.pdb  | Keeping ligand: XJ4
✔ Cleaned: 7faj_C_XJ4.pdb
🧪 Cleaning 5dx8_C_SFG.pdb  | Keeping ligand: SFG
✔ Cleaned: 5dx8_C_SFG.pdb
🧪 Cleaning 7fai_D_XJ3.pdb  | Keeping ligand: XJ3
✔ Cleaned: 7fai_D_XJ3.pdb
🧪 Cleaning 5is6_D_SFG.pdb  | Keeping ligand: SFG
✔ Cleaned: 5is6_D_SFG.pdb
🧪 Cleaning 5k8x_C_M2M.pdb  | Keeping ligand: M2M
✔ Cleaned: 5k8x_C_M2M.pdb
🧪 Cleaning 3b3f_B_SAH.pdb  | Keeping ligand: SAH
✔ Cleaned: 3b3f_B_SAH.pdb
🧪 Cleaning 5ih3_A_SAH.pdb  | Keeping ligand: SAH
✔ Cleaned: 5ih3_A_SAH.pdb
🧪 Cleaning 5ntc_B_6L7.pdb  | Keeping ligand: 6L7
✔ Cleaned: 5ntc_B_6L7.pdb
🧪 Cleaning 5isa_C_DXE.pdb  | Keeping ligand: DXE
✔ Cleaned: 5isa_C_DXE.pdb
🧪 Cleaning 5lv2_D_LHB.pdb  | Keeping ligand: LHB
✔ Cleaned: 5lv2_D_LHB.pdb
🧪 Cleaning 6s74_C_KY8.pdb  | Keeping ligand: KY8
✔ Cleaned: 6s74_C_KY8.pdb
🧪 Cleaning 7pv6_A_LRZ.pdb  | Keeping ligand: LRZ
✔ Cleaned: 7pv6_A_LRZ.pdb
🧪 Cleaning 5isi_A_5N5.pdb  | Keeping ligand: 5N5
✔ Cleaned: 5isi_A_5N5.pdb
🧪 Cleaning 5ise_B_PE8.pdb  | Keeping ligand: PE8
✔ Cleaned: 5ise_B_PE8.pdb
🧪 Cleaning 6arv_D_SAH.pdb  | Keeping ligand: SAH
✔ Cleaned: 6arv_D_SAH.pdb
🧪 Cleaning 5is9_B_6D3.pdb  | Keeping ligand: 6D3
✔ Cleaned: 5is9_B_6D3.pdb
🧪 Cleaning 7faj_D_XJ4.pdb  | Keeping ligand: XJ4
✔ Cleaned: 7faj_D_XJ4.pdb
🧪 Cleaning 5lgr_E_QVR.pdb  | Keeping ligand: QVR
✔ Cleaned: 5lgr_E_QVR.pdb
🧪 Cleaning 6s79_A_KXW.pdb  | Keeping ligand: KXW
✔ Cleaned: 6s79_A_KXW.pdb
🧪 Cleaning 7faj_B_XJ4.pdb  | Keeping ligand: XJ4
✔ Cleaned: 7faj_B_XJ4.pdb
🧪 Cleaning 7puq_A_867.pdb  | Keeping ligand: 867
✔ Cleaned: 7puq_A_867.pdb
🧪 Cleaning 5ntc_C_6L7.pdb  | Keeping ligand: 6L7
✔ Cleaned: 5ntc_C_6L7.pdb
🧪 Cleaning 5tbi_C_SAO.pdb  | Keeping ligand: SAO
✔ Cleaned: 5tbi_C_SAO.pdb
🧪 Cleaning 5ise_B_DXE.pdb  | Keeping ligand: DXE
✔ Cleaned: 5ise_B_DXE.pdb
🧪 Cleaning 6s7a_D_KY5.pdb  | Keeping ligand: KY5
✔ Cleaned: 6s7a_D_KY5.pdb
🧪 Cleaning 5lgs_A_DXE.pdb  | Keeping ligand: DXE
✔ Cleaned: 5lgs_A_DXE.pdb
🧪 Cleaning 5k8v_A_6RE.pdb  | Keeping ligand: 6RE
✔ Cleaned: 5k8v_A_6RE.pdb
🧪 Cleaning 9o37_A_A03.pdb  | Keeping ligand: A03
✔ Cleaned: 9o37_A_A03.pdb
🧪 Cleaning 5isd_C_SAO.pdb  | Keeping ligand: SAO
✔ Cleaned: 5isd_C_SAO.pdb
🧪 Cleaning 5ih3_C_DXE.pdb  | Keeping ligand: DXE
✔ Cleaned: 5ih3_C_DXE.pdb
🧪 Cleaning 6arv_A_SAH.pdb  | Keeping ligand: SAH
✔ Cleaned: 6arv_A_SAH.pdb
🧪 Cleaning 5dx1_D_SFG.pdb  | Keeping ligand: SFG
✔ Cleaned: 5dx1_D_SFG.pdb
🧪 Cleaning 7okp_H_QVR.pdb  | Keeping ligand: QVR
✔ Cleaned: 7okp_H_QVR.pdb
🧪 Cleaning 5isg_A_DXE.pdb  | Keeping ligand: DXE
✔ Cleaned: 5isg_A_DXE.pdb
🧪 Cleaning 5dx1_C_SFG.pdb  | Keeping ligand: SFG
✔ Cleaned: 5dx1_C_SFG.pdb
🧪 Cleaning 5k8w_D_GJV.pdb  | Keeping ligand: GJV
✔ Cleaned: 5k8w_D_GJV.pdb
🧪 Cleaning 5is6_B_DXE.pdb  | Keeping ligand: DXE
✔ Cleaned: 5is6_B_DXE.pdb
🧪 Cleaning 6s77_B_KXW.pdb  | Keeping ligand: KXW
✔ Cleaned: 6s77_B_KXW.pdb
🧪 Cleaning 5isc_C_DXE.pdb  | Keeping ligand: DXE
✔ Cleaned: 5isc_C_DXE.pdb
🧪 Cleaning 8uqh_D_X9L.pdb  | Keeping ligand: X9L
✔ Cleaned: 8uqh_D_X9L.pdb
🧪 Cleaning 6s7c_D_KY2.pdb  | Keeping ligand: KY2
✔ Cleaned: 6s7c_D_KY2.pdb
🧪 Cleaning 7qrd_D_SAH.pdb  | Keeping ligand: SAH
✔ Cleaned: 7qrd_D_SAH.pdb
🧪 Cleaning 7pv6_D_LRZ.pdb  | Keeping ligand: LRZ
✔ Cleaned: 7pv6_D_LRZ.pdb
🧪 Cleaning 5k8w_A_DXE.pdb  | Keeping ligand: DXE
✔ Cleaned: 5k8w_A_DXE.pdb
🧪 Cleaning 9i0a_A_A00.pdb  | Keeping ligand: A00
✔ Cleaned: 9i0a_A_A00.pdb
🧪 Cleaning 6s74_A_KY8.pdb  | Keeping ligand: KY8
✔ Cleaned: 6s74_A_KY8.pdb
🧪 Cleaning 6s77_A_KXW.pdb  | Keeping ligand: KXW
✔ Cleaned: 6s77_A_KXW.pdb
🧪 Cleaning 6arj_A_BW4.pdb  | Keeping ligand: BW4
✔ Cleaned: 6arj_A_BW4.pdb
🧪 Cleaning 5dx0_D_SFG.pdb  | Keeping ligand: SFG
✔ Cleaned: 5dx0_D_SFG.pdb
🧪 Cleaning 7os4_E_QVR.pdb  | Keeping ligand: QVR
✔ Cleaned: 7os4_E_QVR.pdb
🧪 Cleaning 5tbh_C_SAO.pdb  | Keeping ligand: SAO
✔ Cleaned: 5tbh_C_SAO.pdb
🧪 Cleaning 6s7b_C_KYH.pdb  | Keeping ligand: KYH
✔ Cleaned: 6s7b_C_KYH.pdb
🧪 Cleaning 7puc_D_85U.pdb  | Keeping ligand: 85U
✔ Cleaned: 7puc_D_85U.pdb
🧪 Cleaning 5isa_A_6D5.pdb  | Keeping ligand: 6D5
✔ Cleaned: 5isa_A_6D5.pdb
🧪 Cleaning 5tbj_D_LHD.pdb  | Keeping ligand: LHD
✔ Cleaned: 5tbj_D_LHD.pdb
🧪 Cleaning 5lgq_H_8ZB.pdb  | Keeping ligand: 8ZB
✔ Cleaned: 5lgq_H_8ZB.pdb
🧪 Cleaning 5lkj_A_6YB.pdb  | Keeping ligand: 6YB
✔ Cleaned: 5lkj_A_6YB.pdb
🧪 Cleaning 7pv6_C_LRZ.pdb  | Keeping ligand: LRZ
✔ Cleaned: 7pv6_C_LRZ.pdb
🧪 Cleaning 5is6_C_SFG.pdb  | Keeping ligand: SFG
✔ Cleaned: 5is6_C_SFG.pdb
🧪 Cleaning 6s70_B_KYB.pdb  | Keeping ligand: KYB
✔ Cleaned: 6s70_B_KYB.pdb
🧪 Cleaning 5tbi_A_SAO.pdb  | Keeping ligand: SAO
✔ Cleaned: 5tbi_A_SAO.pdb
🧪 Cleaning 6s77_C_KXW.pdb  | Keeping ligand: KXW
✔ Cleaned: 6s77_C_KXW.pdb
🧪 Cleaning 5lgr_G_LPD.pdb  | Keeping ligand: LPD
✔ Cleaned: 5lgr_G_LPD.pdb
🧪 Cleaning 5isc_D_6D0.pdb  | Keeping ligand: 6D0
✔ Cleaned: 5isc_D_6D0.pdb
🧪 Cleaning 6d2l_A_FTG.pdb  | Keeping ligand: FTG
✔ Cleaned: 6d2l_A_FTG.pdb
🧪 Cleaning 9i0a_D_A00.pdb  | Keeping ligand: A00
✔ Cleaned: 9i0a_D_A00.pdb
🧪 Cleaning 5isg_A_6D6.pdb  | Keeping ligand: 6D6
✔ Cleaned: 5isg_A_6D6.pdb
🧪 Cleaning 5isg_C_6D6.pdb  | Keeping ligand: 6D6
✔ Cleaned: 5isg_C_6D6.pdb
🧪 Cleaning 5lv2_C_DXE.pdb  | Keeping ligand: DXE
✔ Cleaned: 5lv2_C_DXE.pdb
🧪 Cleaning 7fai_B_XJ3.pdb  | Keeping ligand: XJ3
✔ Cleaned: 7fai_B_XJ3.pdb
🧪 Cleaning 5tbj_B_PG6.pdb  | Keeping ligand: PG6
✔ Cleaned: 5tbj_B_PG6.pdb
🧪 Cleaning 5k8x_A_PE8.pdb  | Keeping ligand: PE8
✔ Cleaned: 5k8x_A_PE8.pdb
🧪 Cleaning 5isb_D_6CX.pdb  | Keeping ligand: 6CX
✔ Cleaned: 5isb_D_6CX.pdb
🧪 Cleaning 7ppq_C_LSK.pdb  | Keeping ligand: LSK
✔ Cleaned: 7ppq_C_LSK.pdb
🧪 Cleaning 9i0a_B_A00.pdb  | Keeping ligand: A00
✔ Cleaned: 9i0a_B_A00.pdb
🧪 Cleaning 5u4x_A_7VM.pdb  | Keeping ligand: 7VM
✔ Cleaned: 5u4x_A_7VM.pdb
🧪 Cleaning 5dxj_C_SFG.pdb  | Keeping ligand: SFG
✔ Cleaned: 5dxj_C_SFG.pdb
🧪 Cleaning 5ise_A_DXE.pdb  | Keeping ligand: DXE
✔ Cleaned: 5ise_A_DXE.pdb
🧪 Cleaning 5is6_A_DXE.pdb  | Keeping ligand: DXE
✔ Cleaned: 5is6_A_DXE.pdb
🧪 Cleaning 5ise_C_6D2.pdb  | Keeping ligand: 6D2
✔ Cleaned: 5ise_C_6D2.pdb
🧪 Cleaning 5isf_C_DXE.pdb  | Keeping ligand: DXE
✔ Cleaned: 5isf_C_DXE.pdb
🧪 Cleaning 5isi_B_5N5.pdb  | Keeping ligand: 5N5
✔ Cleaned: 5isi_B_5N5.pdb
🧪 Cleaning 5isc_C_SAO.pdb  | Keeping ligand: SAO
✔ Cleaned: 5isc_C_SAO.pdb
🧪 Cleaning 7puc_A_85U.pdb  | Keeping ligand: 85U
✔ Cleaned: 7puc_A_85U.pdb
🧪 Cleaning 5dwq_B_SFG.pdb  | Keeping ligand: SFG
✔ Cleaned: 5dwq_B_SFG.pdb
🧪 Cleaning 6arv_B_BW7.pdb  | Keeping ligand: BW7
✔ Cleaned: 6arv_B_BW7.pdb
🧪 Cleaning 5ise_D_6D2.pdb  | Keeping ligand: 6D2
✔ Cleaned: 5ise_D_6D2.pdb
🧪 Cleaning 6arv_D_BW7.pdb  | Keeping ligand: BW7
✔ Cleaned: 6arv_D_BW7.pdb
🧪 Cleaning 5lv2_G_SAO.pdb  | Keeping ligand: SAO
✔ Cleaned: 5lv2_G_SAO.pdb
🧪 Cleaning 5dx0_C_SFG.pdb  | Keeping ligand: SFG
✔ Cleaned: 5dx0_C_SFG.pdb
🧪 Cleaning 5is7_C_DSH.pdb  | Keeping ligand: DSH
✔ Cleaned: 5is7_C_DSH.pdb
🧪 Cleaning 5ih3_D_SAH.pdb  | Keeping ligand: SAH
✔ Cleaned: 5ih3_D_SAH.pdb
🧪 Cleaning 7u9i_A_44T.pdb  | Keeping ligand: 44T
✔ Cleaned: 7u9i_A_44T.pdb
🧪 Cleaning 7os4_H_QVR.pdb  | Keeping ligand: QVR
✔ Cleaned: 7os4_H_QVR.pdb
🧪 Cleaning 5isf_B_6D4.pdb  | Keeping ligand: 6D4
✔ Cleaned: 5isf_B_6D4.pdb
🧪 Cleaning 5lv2_F_LHB.pdb  | Keeping ligand: LHB
✔ Cleaned: 5lv2_F_LHB.pdb
🧪 Cleaning 8uqh_B_X9L.pdb  | Keeping ligand: X9L
✔ Cleaned: 8uqh_B_X9L.pdb
🧪 Cleaning 5tbj_A_LHD.pdb  | Keeping ligand: LHD
✔ Cleaned: 5tbj_A_LHD.pdb
🧪 Cleaning 5tbj_B_LHD.pdb  | Keeping ligand: LHD
✔ Cleaned: 5tbj_B_LHD.pdb
🧪 Cleaning 5isg_B_DXE.pdb  | Keeping ligand: DXE
✔ Cleaned: 5isg_B_DXE.pdb
🧪 Cleaning 5isi_C_5N5.pdb  | Keeping ligand: 5N5
✔ Cleaned: 5isi_C_5N5.pdb
🧪 Cleaning 6s70_D_KYB.pdb  | Keeping ligand: KYB
✔ Cleaned: 6s70_D_KYB.pdb
🧪 Cleaning 7faj_A_XJ4.pdb  | Keeping ligand: XJ4
✔ Cleaned: 7faj_A_XJ4.pdb
🧪 Cleaning 5u4x_B_SAH.pdb  | Keeping ligand: SAH
✔ Cleaned: 5u4x_B_SAH.pdb
🧪 Cleaning 9i9u_D_A02.pdb  | Keeping ligand: A02
✔ Cleaned: 9i9u_D_A02.pdb
🧪 Cleaning 6d2l_E_FTG.pdb  | Keeping ligand: FTG
✔ Cleaned: 6d2l_E_FTG.pdb
🧪 Cleaning 6d2l_C_FTG.pdb  | Keeping ligand: FTG
✔ Cleaned: 6d2l_C_FTG.pdb
🧪 Cleaning 6s7c_C_KY2.pdb  | Keeping ligand: KY2
✔ Cleaned: 6s7c_C_KY2.pdb
🧪 Cleaning 5dxj_D_SFG.pdb  | Keeping ligand: SFG
✔ Cleaned: 5dxj_D_SFG.pdb
🧪 Cleaning 7pu8_D_4R7.pdb  | Keeping ligand: 4R7
✔ Cleaned: 7pu8_D_4R7.pdb
🧪 Cleaning 7u9i_B_44T.pdb  | Keeping ligand: 44T
✔ Cleaned: 7u9i_B_44T.pdb
🧪 Cleaning 5u4x_B_7VM.pdb  | Keeping ligand: 7VM
✔ Cleaned: 5u4x_B_7VM.pdb
🧪 Cleaning 5ntc_A_M2M.pdb  | Keeping ligand: M2M
✔ Cleaned: 5ntc_A_M2M.pdb
🧪 Cleaning 7okp_E_QVR.pdb  | Keeping ligand: QVR
✔ Cleaned: 7okp_E_QVR.pdb
🧪 Cleaning 5lgs_D_DXE.pdb  | Keeping ligand: DXE
✔ Cleaned: 5lgs_D_DXE.pdb
🧪 Cleaning 6s7a_C_KY5.pdb  | Keeping ligand: KY5
✔ Cleaned: 6s7a_C_KY5.pdb
🧪 Cleaning 4ikp_D_4IK.pdb  | Keeping ligand: 4IK
✔ Cleaned: 4ikp_D_4IK.pdb
🧪 Cleaning 5dx8_A_SFG.pdb  | Keeping ligand: SFG
✔ Cleaned: 5dx8_A_SFG.pdb
🧪 Cleaning 6arj_D_SAH.pdb  | Keeping ligand: SAH
✔ Cleaned: 6arj_D_SAH.pdb
🧪 Cleaning 9o6h_B_A04.pdb  | Keeping ligand: A04
✔ Cleaned: 9o6h_B_A04.pdb
🧪 Cleaning 9i1t_C_A01.pdb  | Keeping ligand: A01
✔ Cleaned: 9i1t_C_A01.pdb
🧪 Cleaning 5isa_D_6D5.pdb  | Keeping ligand: 6D5
✔ Cleaned: 5isa_D_6D5.pdb
🧪 Cleaning 5dxa_C_SFG.pdb  | Keeping ligand: SFG
✔ Cleaned: 5dxa_C_SFG.pdb
🧪 Cleaning 5dwq_C_SFG.pdb  | Keeping ligand: SFG
✔ Cleaned: 5dwq_C_SFG.pdb
🧪 Cleaning 3b3f_A_SAH.pdb  | Keeping ligand: SAH
✔ Cleaned: 3b3f_A_SAH.pdb
🧪 Cleaning 5lgs_F_QVR.pdb  | Keeping ligand: QVR
✔ Cleaned: 5lgs_F_QVR.pdb
🧪 Cleaning 5is7_A_DSH.pdb  | Keeping ligand: DSH
✔ Cleaned: 5is7_A_DSH.pdb
🧪 Cleaning 5lgr_B_PG6.pdb  | Keeping ligand: PG6
✔ Cleaned: 5lgr_B_PG6.pdb
🧪 Cleaning 5isi_A_DXE.pdb  | Keeping ligand: DXE
✔ Cleaned: 5isi_A_DXE.pdb
🧪 Cleaning 5isb_B_6CX.pdb  | Keeping ligand: 6CX
✔ Cleaned: 5isb_B_6CX.pdb
🧪 Cleaning 5lv2_H_LHB.pdb  | Keeping ligand: LHB
✔ Cleaned: 5lv2_H_LHB.pdb
🧪 Cleaning 5lkj_A_DXE.pdb  | Keeping ligand: DXE
✔ Cleaned: 5lkj_A_DXE.pdb
🧪 Cleaning 8uqh_C_X9L.pdb  | Keeping ligand: X9L
✔ Cleaned: 8uqh_C_X9L.pdb
🧪 Cleaning 7qrd_M_QVR.pdb  | Keeping ligand: QVR
✔ Cleaned: 7qrd_M_QVR.pdb
🧪 Cleaning 5dx0_A_SFG.pdb  | Keeping ligand: SFG
✔ Cleaned: 5dx0_A_SFG.pdb
🧪 Cleaning 6s71_D_KYE.pdb  | Keeping ligand: KYE
✔ Cleaned: 6s71_D_KYE.pdb
🧪 Cleaning 5isf_C_M2M.pdb  | Keeping ligand: M2M
✔ Cleaned: 5isf_C_M2M.pdb
🧪 Cleaning 7ppq_A_LSK.pdb  | Keeping ligand: LSK
✔ Cleaned: 7ppq_A_LSK.pdb
🧪 Cleaning 5is6_C_DXE.pdb  | Keeping ligand: DXE
✔ Cleaned: 5is6_C_DXE.pdb
🧪 Cleaning 5isa_B_6D5.pdb  | Keeping ligand: 6D5
✔ Cleaned: 5isa_B_6D5.pdb
🧪 Cleaning 7ppy_A_7ZH.pdb  | Keeping ligand: 7ZH
✔ Cleaned: 7ppy_A_7ZH.pdb
🧪 Cleaning 5ntc_C_DXE.pdb  | Keeping ligand: DXE
✔ Cleaned: 5ntc_C_DXE.pdb
🧪 Cleaning 9i1t_B_A01.pdb  | Keeping ligand: A01
✔ Cleaned: 9i1t_B_A01.pdb
🧪 Cleaning 9o6h_C_A04.pdb  | Keeping ligand: A04
✔ Cleaned: 9o6h_C_A04.pdb
🧪 Cleaning 5is8_D_SAH.pdb  | Keeping ligand: SAH
✔ Cleaned: 5is8_D_SAH.pdb
🧪 Cleaning 6s79_B_KXW.pdb  | Keeping ligand: KXW
✔ Cleaned: 6s79_B_KXW.pdb
🧪 Cleaning 5lgq_F_8ZB.pdb  | Keeping ligand: 8ZB
✔ Cleaned: 5lgq_F_8ZB.pdb
🧪 Cleaning 6s7c_B_KY2.pdb  | Keeping ligand: KY2
✔ Cleaned: 6s7c_B_KY2.pdb
🧪 Cleaning 7pu8_B_4R7.pdb  | Keeping ligand: 4R7
✔ Cleaned: 7pu8_B_4R7.pdb
🧪 Cleaning 5k8w_C_GJV.pdb  | Keeping ligand: GJV
✔ Cleaned: 5k8w_C_GJV.pdb
🧪 Cleaning 6s71_C_KYE.pdb  | Keeping ligand: KYE
✔ Cleaned: 6s71_C_KYE.pdb
🧪 Cleaning 5isb_A_M2M.pdb  | Keeping ligand: M2M
✔ Cleaned: 5isb_A_M2M.pdb
🧪 Cleaning 7qph_G_QVR.pdb  | Keeping ligand: QVR
✔ Cleaned: 7qph_G_QVR.pdb
🧪 Cleaning 5lv2_B_LHB.pdb  | Keeping ligand: LHB
✔ Cleaned: 5lv2_B_LHB.pdb
🧪 Cleaning 5lgr_F_LPD.pdb  | Keeping ligand: LPD
✔ Cleaned: 5lgr_F_LPD.pdb
🧪 Cleaning 6arv_C_BW7.pdb  | Keeping ligand: BW7
✔ Cleaned: 6arv_C_BW7.pdb
🧪 Cleaning 5tbi_B_78V.pdb  | Keeping ligand: 78V
✔ Cleaned: 5tbi_B_78V.pdb
🧪 Cleaning 6s7c_A_KY2.pdb  | Keeping ligand: KY2
✔ Cleaned: 6s7c_A_KY2.pdb
🧪 Cleaning 5isf_A_6D4.pdb  | Keeping ligand: 6D4
✔ Cleaned: 5isf_A_6D4.pdb
🧪 Cleaning 7os4_G_QVR.pdb  | Keeping ligand: QVR
✔ Cleaned: 7os4_G_QVR.pdb
🧪 Cleaning 5lkj_B_P33.pdb  | Keeping ligand: P33
✔ Cleaned: 5lkj_B_P33.pdb
🧪 Cleaning 6s7a_A_KY5.pdb  | Keeping ligand: KY5
✔ Cleaned: 6s7a_A_KY5.pdb
🧪 Cleaning 6s79_D_KXW.pdb  | Keeping ligand: KXW
✔ Cleaned: 6s79_D_KXW.pdb
🧪 Cleaning 5k8v_B_6RE.pdb  | Keeping ligand: 6RE
✔ Cleaned: 5k8v_B_6RE.pdb
🧪 Cleaning 7puq_D_867.pdb  | Keeping ligand: 867
✔ Cleaned: 7puq_D_867.pdb
🧪 Cleaning 7puc_C_85U.pdb  | Keeping ligand: 85U
✔ Cleaned: 7puc_C_85U.pdb
🧪 Cleaning 5k8x_A_6ZH.pdb  | Keeping ligand: 6ZH
✔ Cleaned: 5k8x_A_6ZH.pdb
🧪 Cleaning 5lgs_H_QVR.pdb  | Keeping ligand: QVR
✔ Cleaned: 5lgs_H_QVR.pdb
🧪 Cleaning 7ppy_B_7ZH.pdb  | Keeping ligand: 7ZH
✔ Cleaned: 7ppy_B_7ZH.pdb
🧪 Cleaning 5lgr_G_QVR.pdb  | Keeping ligand: QVR
✔ Cleaned: 5lgr_G_QVR.pdb
🧪 Cleaning 5isa_A_DXE.pdb  | Keeping ligand: DXE
✔ Cleaned: 5isa_A_DXE.pdb
🧪 Cleaning 5tbj_A_DXE.pdb  | Keeping ligand: DXE
✔ Cleaned: 5tbj_A_DXE.pdb
🧪 Cleaning 5is9_B_M2M.pdb  | Keeping ligand: M2M
✔ Cleaned: 5is9_B_M2M.pdb
🧪 Cleaning 7qph_H_QVR.pdb  | Keeping ligand: QVR
✔ Cleaned: 7qph_H_QVR.pdb
🧪 Cleaning 5ish_B_765.pdb  | Keeping ligand: 765
✔ Cleaned: 5ish_B_765.pdb
🧪 Cleaning 6arj_C_SAH.pdb  | Keeping ligand: SAH
✔ Cleaned: 6arj_C_SAH.pdb
🧪 Cleaning 5tbh_B_78K.pdb  | Keeping ligand: 78K
✔ Cleaned: 5tbh_B_78K.pdb
🧪 Cleaning 5lgs_E_QVR.pdb  | Keeping ligand: QVR
✔ Cleaned: 5lgs_E_QVR.pdb
🧪 Cleaning 5u4x_D_SAH.pdb  | Keeping ligand: SAH
✔ Cleaned: 5u4x_D_SAH.pdb
🧪 Cleaning 5is6_A_SFG.pdb  | Keeping ligand: SFG
✔ Cleaned: 5is6_A_SFG.pdb
🧪 Cleaning 5isd_A_M2M.pdb  | Keeping ligand: M2M
✔ Cleaned: 5isd_A_M2M.pdb
🧪 Cleaning 5ish_D_DXE.pdb  | Keeping ligand: DXE
✔ Cleaned: 5ish_D_DXE.pdb
🧪 Cleaning 5ish_D_765.pdb  | Keeping ligand: 765
✔ Cleaned: 5ish_D_765.pdb
🧪 Cleaning 5is7_D_DSH.pdb  | Keeping ligand: DSH
✔ Cleaned: 5is7_D_DSH.pdb
🧪 Cleaning 7fai_C_XJ3.pdb  | Keeping ligand: XJ3
✔ Cleaned: 7fai_C_XJ3.pdb
🧪 Cleaning 6arj_B_BW4.pdb  | Keeping ligand: BW4
✔ Cleaned: 6arj_B_BW4.pdb
🧪 Cleaning 5is9_A_DXE.pdb  | Keeping ligand: DXE
✔ Cleaned: 5is9_A_DXE.pdb
🧪 Cleaning 6arv_A_BW7.pdb  | Keeping ligand: BW7
✔ Cleaned: 6arv_A_BW7.pdb
🧪 Cleaning 5dxa_B_SFG.pdb  | Keeping ligand: SFG
✔ Cleaned: 5dxa_B_SFG.pdb
🧪 Cleaning 5k8x_C_6ZH.pdb  | Keeping ligand: 6ZH
✔ Cleaned: 5k8x_C_6ZH.pdb
🧪 Cleaning 5isg_A_PG6.pdb  | Keeping ligand: PG6
✔ Cleaned: 5isg_A_PG6.pdb
🧪 Cleaning 5ish_A_DXE.pdb  | Keeping ligand: DXE
✔ Cleaned: 5ish_A_DXE.pdb
🧪 Cleaning 5ish_C_DXE.pdb  | Keeping ligand: DXE
✔ Cleaned: 5ish_C_DXE.pdb
🧪 Cleaning 5ih3_C_SAH.pdb  | Keeping ligand: SAH
✔ Cleaned: 5ih3_C_SAH.pdb
🧪 Cleaning 5k8v_A_DXE.pdb  | Keeping ligand: DXE
✔ Cleaned: 5k8v_A_DXE.pdb
🧪 Cleaning 9i1t_D_A01.pdb  | Keeping ligand: A01
✔ Cleaned: 9i1t_D_A01.pdb
🧪 Cleaning 5u4x_C_SAH.pdb  | Keeping ligand: SAH
✔ Cleaned: 5u4x_C_SAH.pdb
🧪 Cleaning 5tbi_B_PE8.pdb  | Keeping ligand: PE8
✔ Cleaned: 5tbi_B_PE8.pdb
🧪 Cleaning 5ise_C_DXE.pdb  | Keeping ligand: DXE
✔ Cleaned: 5ise_C_DXE.pdb
🧪 Cleaning 5lv3_C_LHF.pdb  | Keeping ligand: LHF
✔ Cleaned: 5lv3_C_LHF.pdb
🧪 Cleaning 7ppq_B_LSK.pdb  | Keeping ligand: LSK
✔ Cleaned: 7ppq_B_LSK.pdb
🧪 Cleaning 5dwq_D_SFG.pdb  | Keeping ligand: SFG
✔ Cleaned: 5dwq_D_SFG.pdb
🧪 Cleaning 5isc_D_DXE.pdb  | Keeping ligand: DXE
✔ Cleaned: 5isc_D_DXE.pdb
🧪 Cleaning 7qph_F_QVR.pdb  | Keeping ligand: QVR
✔ Cleaned: 7qph_F_QVR.pdb
🧪 Cleaning 4ikp_C_4IK.pdb  | Keeping ligand: 4IK
✔ Cleaned: 4ikp_C_4IK.pdb
🧪 Cleaning 5tbh_A_SAO.pdb  | Keeping ligand: SAO
✔ Cleaned: 5tbh_A_SAO.pdb
🧪 Cleaning 6dvr_A_HDG.pdb  | Keeping ligand: HDG
✔ Cleaned: 6dvr_A_HDG.pdb
🧪 Cleaning 5isf_A_DXE.pdb  | Keeping ligand: DXE
✔ Cleaned: 5isf_A_DXE.pdb
🧪 Cleaning 9o6h_A_A04.pdb  | Keeping ligand: A04
✔ Cleaned: 9o6h_A_A04.pdb
🧪 Cleaning 5isd_B_6CZ.pdb  | Keeping ligand: 6CZ
✔ Cleaned: 5isd_B_6CZ.pdb
🧪 Cleaning 9i9u_A_A02.pdb  | Keeping ligand: A02
✔ Cleaned: 9i9u_A_A02.pdb
🧪 Cleaning 5isb_A_6CX.pdb  | Keeping ligand: 6CX
✔ Cleaned: 5isb_A_6CX.pdb
🧪 Cleaning 5lv2_A_SAO.pdb  | Keeping ligand: SAO
✔ Cleaned: 5lv2_A_SAO.pdb
🧪 Cleaning 5u4x_D_7VM.pdb  | Keeping ligand: 7VM
✔ Cleaned: 5u4x_D_7VM.pdb
🧪 Cleaning 5is8_A_6D1.pdb  | Keeping ligand: 6D1
✔ Cleaned: 5is8_A_6D1.pdb
🧪 Cleaning 5dx8_D_SFG.pdb  | Keeping ligand: SFG
✔ Cleaned: 5dx8_D_SFG.pdb
🧪 Cleaning 5isc_C_M2M.pdb  | Keeping ligand: M2M
✔ Cleaned: 5isc_C_M2M.pdb
🧪 Cleaning 5lgr_A_DXE.pdb  | Keeping ligand: DXE
✔ Cleaned: 5lgr_A_DXE.pdb
🧪 Cleaning 7pv6_B_LRZ.pdb  | Keeping ligand: LRZ
✔ Cleaned: 7pv6_B_LRZ.pdb
🧪 Cleaning 5ise_A_6D2.pdb  | Keeping ligand: 6D2
✔ Cleaned: 5ise_A_6D2.pdb
🧪 Cleaning 5dx1_A_SFG.pdb  | Keeping ligand: SFG
✔ Cleaned: 5dx1_A_SFG.pdb
🧪 Cleaning 5isd_A_SAO.pdb  | Keeping ligand: SAO
✔ Cleaned: 5isd_A_SAO.pdb
🧪 Cleaning 5ise_B_6D2.pdb  | Keeping ligand: 6D2
✔ Cleaned: 5ise_B_6D2.pdb
🧪 Cleaning 5lgr_F_QVR.pdb  | Keeping ligand: QVR
✔ Cleaned: 5lgr_F_QVR.pdb
🧪 Cleaning 6s70_A_KYB.pdb  | Keeping ligand: KYB
✔ Cleaned: 6s70_A_KYB.pdb
🧪 Cleaning 5lv3_B_LHF.pdb  | Keeping ligand: LHF
✔ Cleaned: 5lv3_B_LHF.pdb
🧪 Cleaning 6dvr_B_HDG.pdb  | Keeping ligand: HDG
✔ Cleaned: 6dvr_B_HDG.pdb
🧪 Cleaning 5k8v_C_6RE.pdb  | Keeping ligand: 6RE
✔ Cleaned: 5k8v_C_6RE.pdb
🧪 Cleaning 7ppy_C_7ZH.pdb  | Keeping ligand: 7ZH
✔ Cleaned: 7ppy_C_7ZH.pdb
🧪 Cleaning 5lkj_B_6YB.pdb  | Keeping ligand: 6YB
✔ Cleaned: 5lkj_B_6YB.pdb
🧪 Cleaning 5dxj_A_SFG.pdb  | Keeping ligand: SFG
✔ Cleaned: 5dxj_A_SFG.pdb
🧪 Cleaning 6arv_B_SAH.pdb  | Keeping ligand: SAH
✔ Cleaned: 6arv_B_SAH.pdb
🧪 Cleaning 8g2h_A_YVU.pdb  | Keeping ligand: YVU
✔ Cleaned: 8g2h_A_YVU.pdb
🧪 Cleaning 7puq_B_867.pdb  | Keeping ligand: 867
✔ Cleaned: 7puq_B_867.pdb
🧪 Cleaning 5isf_B_DXE.pdb  | Keeping ligand: DXE
✔ Cleaned: 5isf_B_DXE.pdb
🧪 Cleaning 8uqh_A_X9L.pdb  | Keeping ligand: X9L
✔ Cleaned: 8uqh_A_X9L.pdb
🧪 Cleaning 5lv3_D_SAH.pdb  | Keeping ligand: SAH
✔ Cleaned: 5lv3_D_SAH.pdb
🧪 Cleaning 5lgq_E_8ZB.pdb  | Keeping ligand: 8ZB
✔ Cleaned: 5lgq_E_8ZB.pdb
🧪 Cleaning 5lv2_C_SAO.pdb  | Keeping ligand: SAO
✔ Cleaned: 5lv2_C_SAO.pdb
🧪 Cleaning 5k8v_B_PG6.pdb  | Keeping ligand: PG6
✔ Cleaned: 5k8v_B_PG6.pdb
🧪 Cleaning 7os4_F_QVR.pdb  | Keeping ligand: QVR
✔ Cleaned: 7os4_F_QVR.pdb
🧪 Cleaning 5ih3_B_DXE.pdb  | Keeping ligand: DXE
✔ Cleaned: 5ih3_B_DXE.pdb
🧪 Cleaning 5lgq_G_8ZB.pdb  | Keeping ligand: 8ZB
✔ Cleaned: 5lgq_G_8ZB.pdb
🧪 Cleaning 7okp_F_QVR.pdb  | Keeping ligand: QVR
✔ Cleaned: 7okp_F_QVR.pdb
🧪 Cleaning 5lgq_A_DXE.pdb  | Keeping ligand: DXE
✔ Cleaned: 5lgq_A_DXE.pdb
🧪 Cleaning 6s71_A_KYE.pdb  | Keeping ligand: KYE
✔ Cleaned: 6s71_A_KYE.pdb
🧪 Cleaning 5ih3_B_SAH.pdb  | Keeping ligand: SAH
✔ Cleaned: 5ih3_B_SAH.pdb
🧪 Cleaning 5lkj_C_6YB.pdb  | Keeping ligand: 6YB
✔ Cleaned: 5lkj_C_6YB.pdb
🧪 Cleaning 5isb_C_6CX.pdb  | Keeping ligand: 6CX
✔ Cleaned: 5isb_C_6CX.pdb
🧪 Cleaning 5ih3_B_PE8.pdb  | Keeping ligand: PE8
✔ Cleaned: 5ih3_B_PE8.pdb
🧪 Cleaning 5k8w_B_GJV.pdb  | Keeping ligand: GJV
✔ Cleaned: 5k8w_B_GJV.pdb
🧪 Cleaning 6arj_C_BW4.pdb  | Keeping ligand: BW4
✔ Cleaned: 6arj_C_BW4.pdb
🧪 Cleaning 5u4x_A_SAH.pdb  | Keeping ligand: SAH
✔ Cleaned: 5u4x_A_SAH.pdb
🧪 Cleaning 5k8w_D_DXE.pdb  | Keeping ligand: DXE
✔ Cleaned: 5k8w_D_DXE.pdb
🧪 Cleaning 5tbj_C_LHD.pdb  | Keeping ligand: LHD
✔ Cleaned: 5tbj_C_LHD.pdb
🧪 Cleaning 5k8x_B_DXE.pdb  | Keeping ligand: DXE
✔ Cleaned: 5k8x_B_DXE.pdb
🧪 Cleaning 9i9u_B_A02.pdb  | Keeping ligand: A02
✔ Cleaned: 9i9u_B_A02.pdb
🧪 Cleaning 3b3f_D_SAH.pdb  | Keeping ligand: SAH
✔ Cleaned: 3b3f_D_SAH.pdb
🧪 Cleaning 5dxj_B_SFG.pdb  | Keeping ligand: SFG
✔ Cleaned: 5dxj_B_SFG.pdb
🧪 Cleaning 5k8w_C_DXE.pdb  | Keeping ligand: DXE
✔ Cleaned: 5k8w_C_DXE.pdb
🧪 Cleaning 7qrd_B_SAH.pdb  | Keeping ligand: SAH
✔ Cleaned: 7qrd_B_SAH.pdb
🧪 Cleaning 5isf_C_SAO.pdb  | Keeping ligand: SAO
✔ Cleaned: 5isf_C_SAO.pdb
🧪 Cleaning 5dx8_B_SFG.pdb  | Keeping ligand: SFG
✔ Cleaned: 5dx8_B_SFG.pdb
🧪 Cleaning 6s74_D_KY8.pdb  | Keeping ligand: KY8
✔ Cleaned: 6s74_D_KY8.pdb
🧪 Cleaning 5isi_C_DXE.pdb  | Keeping ligand: DXE
✔ Cleaned: 5isi_C_DXE.pdb
🧪 Cleaning 5ntc_A_DXE.pdb  | Keeping ligand: DXE
✔ Cleaned: 5ntc_A_DXE.pdb
🧪 Cleaning 5isg_A_M2M.pdb  | Keeping ligand: M2M
✔ Cleaned: 5isg_A_M2M.pdb
🧪 Cleaning 6arj_D_BW4.pdb  | Keeping ligand: BW4
✔ Cleaned: 6arj_D_BW4.pdb
🧪 Cleaning 6s71_B_KYE.pdb  | Keeping ligand: KYE
✔ Cleaned: 6s71_B_KYE.pdb
🧪 Cleaning 5ish_A_M2M.pdb  | Keeping ligand: M2M
✔ Cleaned: 5ish_A_M2M.pdb
🧪 Cleaning 5dx0_B_SFG.pdb  | Keeping ligand: SFG
✔ Cleaned: 5dx0_B_SFG.pdb
🧪 Cleaning 6s77_D_KXW.pdb  | Keeping ligand: KXW
✔ Cleaned: 6s77_D_KXW.pdb
🧪 Cleaning 6s7b_A_KYH.pdb  | Keeping ligand: KYH
✔ Cleaned: 6s7b_A_KYH.pdb
🧪 Cleaning 5k8x_D_6ZH.pdb  | Keeping ligand: 6ZH
✔ Cleaned: 5k8x_D_6ZH.pdb
🧪 Cleaning 9i9u_C_A02.pdb  | Keeping ligand: A02
✔ Cleaned: 9i9u_C_A02.pdb
🧪 Cleaning 6arj_B_SAH.pdb  | Keeping ligand: SAH
✔ Cleaned: 6arj_B_SAH.pdb
🧪 Cleaning 7puq_C_867.pdb  | Keeping ligand: 867
✔ Cleaned: 7puq_C_867.pdb
🧪 Cleaning 8g2i_A_I0B.pdb  | Keeping ligand: I0B
✔ Cleaned: 8g2i_A_I0B.pdb
🧪 Cleaning 7pu8_C_4R7.pdb  | Keeping ligand: 4R7
✔ Cleaned: 7pu8_C_4R7.pdb
🧪 Cleaning 5is9_D_6D3.pdb  | Keeping ligand: 6D3
✔ Cleaned: 5is9_D_6D3.pdb
🧪 Cleaning 5isg_D_6D6.pdb  | Keeping ligand: 6D6
✔ Cleaned: 5isg_D_6D6.pdb
🧪 Cleaning 5k8x_B_6ZH.pdb  | Keeping ligand: 6ZH
✔ Cleaned: 5k8x_B_6ZH.pdb
🧪 Cleaning 6d2l_B_FTG.pdb  | Keeping ligand: FTG
✔ Cleaned: 6d2l_B_FTG.pdb
🧪 Cleaning 5dwq_A_SFG.pdb  | Keeping ligand: SFG
✔ Cleaned: 5dwq_A_SFG.pdb
🧪 Cleaning 5is7_B_DSH.pdb  | Keeping ligand: DSH
✔ Cleaned: 5is7_B_DSH.pdb
🧪 Cleaning 5is9_A_6D3.pdb  | Keeping ligand: 6D3
✔ Cleaned: 5is9_A_6D3.pdb
🧪 Cleaning 7okp_G_QVR.pdb  | Keeping ligand: QVR
✔ Cleaned: 7okp_G_QVR.pdb
🧪 Cleaning 5isg_B_6D6.pdb  | Keeping ligand: 6D6
✔ Cleaned: 5isg_B_6D6.pdb
🧪 Cleaning 7qrd_L_QVR.pdb  | Keeping ligand: QVR
✔ Cleaned: 7qrd_L_QVR.pdb
🧪 Cleaning 5isd_D_SAO.pdb  | Keeping ligand: SAO
✔ Cleaned: 5isd_D_SAO.pdb
🧪 Cleaning 5tbh_D_78K.pdb  | Keeping ligand: 78K
✔ Cleaned: 5tbh_D_78K.pdb
🧪 Cleaning 5ish_A_765.pdb  | Keeping ligand: 765
✔ Cleaned: 5ish_A_765.pdb
📊 Step 5 remaining PDB count after cleaning: 356
🎉 DONE — cleaned=356, dropped=0
[08:15:50] [mem] after 5_PDBcln.py parent=60.2MB delta=+0.0MB combined_peak=132.0MB child_peak=71.8MB
[08:15:50] 🚀 Running 6_SASA.py...
[08:15:50] 🐍 Pipeline Python: /app/.heroku/python/bin/python
[08:15:50] [mem] before 6_SASA.py parent=60.2MB combined=60.2MB
[08:15:50] 🧵 Worker caps for 6_SASA.py: pipeline_max=1 WARHEAD_SQCHK_MAX_WORKERS=1 WARHEAD_PDBMKR_MAX_WORKERS=1 WARHEAD_SASA_MAX_WORKERS=3 WARHEAD_METADATA_MAX_WORKERS=3 WARHEAD_MCS_MAX_WORKERS=3
[08:15:50] ⏱ No-output watchdog for 6_SASA.py: 180s
[08:15:50] [mem] running 6_SASA.py parent=60.2MB child_tree=0.7MB combined=60.9MB
📁 Scanning WARHEAD PDB ROOT: WAR_PDB
📁 Step 6 input root resolved: /app/jobs/01c4029c/WAR_PDB
🔎 Found 356 PDB files
🧾 Step 6 sample PDBs: ['PRMT4/3b3f_A_SAH.pdb', 'PRMT4/3b3f_B_SAH.pdb', 'PRMT4/3b3f_C_SAH.pdb', 'PRMT4/3b3f_D_SAH.pdb', 'PRMT4/4ikp_A_4IK.pdb', 'PRMT4/4ikp_B_4IK.pdb', 'PRMT4/4ikp_C_4IK.pdb', 'PRMT4/4ikp_D_4IK.pdb', 'PRMT4/5dwq_A_SFG.pdb', 'PRMT4/5dwq_B_SFG.pdb']
🧠 Using max_workers=3 stream_output=True
✅ 3b3f_B_SAH.pdb: 4/26 exposed (0.15)
✅ 3b3f_A_SAH.pdb: 4/26 exposed (0.15)
✅ 3b3f_C_SAH.pdb: 4/26 exposed (0.15)
✅ 3b3f_D_SAH.pdb: 4/26 exposed (0.15)
✅ 4ikp_B_4IK.pdb: 3/28 exposed (0.11)
✅ 4ikp_C_4IK.pdb: 4/28 exposed (0.14)
✅ 4ikp_A_4IK.pdb: 4/28 exposed (0.14)
✅ 5dwq_A_SFG.pdb: 2/27 exposed (0.07)
[08:15:55] [mem] running 6_SASA.py parent=60.2MB child_tree=94.4MB combined=154.6MB
✅ 4ikp_D_4IK.pdb: 3/28 exposed (0.11)
✅ 5dwq_C_SFG.pdb: 2/27 exposed (0.07)
✅ 5dwq_B_SFG.pdb: 2/27 exposed (0.07)
✅ 5dx0_B_SFG.pdb: 2/27 exposed (0.07)
✅ 5dx0_A_SFG.pdb: 2/27 exposed (0.07)
✅ 5dwq_D_SFG.pdb: 2/27 exposed (0.07)
✅ 5dx0_D_SFG.pdb: 2/27 exposed (0.07)
✅ 5dx0_C_SFG.pdb: 2/27 exposed (0.07)
✅ 5dx1_B_SFG.pdb: 2/27 exposed (0.07)
✅ 5dx1_A_SFG.pdb: 2/27 exposed (0.07)
✅ 5dx1_C_SFG.pdb: 2/27 exposed (0.07)
✅ 5dx8_A_SFG.pdb: 2/27 exposed (0.07)
[08:16:01] [mem] running 6_SASA.py parent=60.2MB child_tree=95.6MB combined=155.8MB
✅ 5dx1_D_SFG.pdb: 2/27 exposed (0.07)
✅ 5dx8_D_SFG.pdb: 2/27 exposed (0.07)
✅ 5dx8_C_SFG.pdb: 2/27 exposed (0.07)
✅ 5dx8_B_SFG.pdb: 2/27 exposed (0.07)
✅ 5dxa_A_SFG.pdb: 2/27 exposed (0.07)
📊 Progress: 25/356
✅ 5dxa_B_SFG.pdb: 2/27 exposed (0.07)
✅ 5dxa_C_SFG.pdb: 2/27 exposed (0.07)
✅ 5dxa_D_SFG.pdb: 2/27 exposed (0.07)
✅ 5dxj_B_SFG.pdb: 2/27 exposed (0.07)
✅ 5dxj_A_SFG.pdb: 2/27 exposed (0.07)
✅ 5dxj_C_SFG.pdb: 2/27 exposed (0.07)
[08:16:06] [mem] running 6_SASA.py parent=60.2MB child_tree=98.1MB combined=158.3MB
✅ 5ih3_A_SAH.pdb: 3/46 exposed (0.07)
✅ 5dxj_D_SFG.pdb: 2/27 exposed (0.07)
[08:16:11] [mem] running 6_SASA.py parent=60.2MB child_tree=105.3MB combined=165.5MB
✅ 5ih3_B_DXE.pdb: 22/32 exposed (0.69)
✅ 5ih3_B_PE8.pdb: 41/59 exposed (0.69)
✅ 5ih3_B_SAH.pdb: 3/46 exposed (0.07)
✅ 5ih3_D_SAH.pdb: 2/46 exposed (0.04)
✅ 5ih3_C_DXE.pdb: 25/32 exposed (0.78)
[08:16:17] [mem] running 6_SASA.py parent=60.4MB child_tree=108.5MB combined=168.9MB
✅ 5ih3_C_SAH.pdb: 2/46 exposed (0.04)
✅ 5is6_A_DXE.pdb: 26/32 exposed (0.81)
✅ 5is6_A_SFG.pdb: 3/50 exposed (0.06)
✅ 5is6_B_DXE.pdb: 22/32 exposed (0.69)
[08:16:23] [mem] running 6_SASA.py parent=60.4MB child_tree=108.5MB combined=168.9MB
✅ 5is6_B_SFG.pdb: 2/50 exposed (0.04)
✅ 5is6_C_SFG.pdb: 1/50 exposed (0.02)
✅ 5is6_C_DXE.pdb: 10/16 exposed (0.62)
✅ 5is6_D_SFG.pdb: 2/50 exposed (0.04)
[08:16:29] [mem] running 6_SASA.py parent=60.4MB child_tree=108.7MB combined=169.1MB
✅ 5is7_A_DSH.pdb: 3/44 exposed (0.07)
✅ 5is6_D_DXE.pdb: 14/16 exposed (0.88)
✅ 5is7_C_DSH.pdb: 3/44 exposed (0.07)
[08:16:34] [mem] running 6_SASA.py parent=60.4MB child_tree=108.7MB combined=169.1MB
✅ 5is7_D_DSH.pdb: 4/44 exposed (0.09)
📊 Progress: 50/356
✅ 5is7_B_DSH.pdb: 4/44 exposed (0.09)
✅ 5is8_A_6D1.pdb: 6/52 exposed (0.12)
✅ 5is8_C_6D1.pdb: 5/52 exposed (0.10)
✅ 5is8_B_6D1.pdb: 3/52 exposed (0.06)
[08:16:40] [mem] running 6_SASA.py parent=60.4MB child_tree=108.8MB combined=169.2MB
✅ 5is8_D_SAH.pdb: 5/46 exposed (0.11)
✅ 5is9_A_6D3.pdb: 5/71 exposed (0.07)
[08:16:45] [mem] running 6_SASA.py parent=60.4MB child_tree=108.9MB combined=169.3MB
✅ 5is9_A_DXE.pdb: 29/32 exposed (0.91)
✅ 5is9_B_6D3.pdb: 3/71 exposed (0.04)
✅ 5is9_B_M2M.pdb: 14/23 exposed (0.61)
✅ 5is9_C_6D3.pdb: 6/71 exposed (0.09)
✅ 5is9_D_6D3.pdb: 6/71 exposed (0.09)
[08:16:51] [mem] running 6_SASA.py parent=60.4MB child_tree=109.0MB combined=169.4MB
✅ 5isa_A_DXE.pdb: 10/16 exposed (0.62)
✅ 5isa_A_M2M.pdb: 18/23 exposed (0.78)
✅ 5isa_A_6D5.pdb: 2/57 exposed (0.04)
✅ 5isa_B_6D5.pdb: 2/57 exposed (0.04)
[08:16:57] [mem] running 6_SASA.py parent=60.4MB child_tree=109.0MB combined=169.4MB
✅ 5isa_C_6D5.pdb: 2/57 exposed (0.04)
✅ 5isa_C_DXE.pdb: 20/32 exposed (0.62)
✅ 5isb_A_M2M.pdb: 19/23 exposed (0.83)
[08:17:02] [mem] running 6_SASA.py parent=60.4MB child_tree=109.0MB combined=169.4MB
✅ 5isb_A_6CX.pdb: 3/56 exposed (0.05)
✅ 5isa_D_6D5.pdb: 4/57 exposed (0.07)
✅ 5isb_B_6CX.pdb: 3/56 exposed (0.05)
✅ 5isb_C_6CX.pdb: 3/56 exposed (0.05)
[08:17:07] [mem] running 6_SASA.py parent=60.4MB child_tree=109.0MB combined=169.4MB
✅ 5isb_D_6CX.pdb: 4/56 exposed (0.07)
✅ 5isc_A_SAO.pdb: 4/46 exposed (0.09)
✅ 5isc_B_6D0.pdb: 2/54 exposed (0.04)
📊 Progress: 75/356
✅ 5isc_C_DXE.pdb: 14/16 exposed (0.88)
[08:17:13] [mem] running 6_SASA.py parent=60.4MB child_tree=109.0MB combined=169.4MB
✅ 5isc_C_SAO.pdb: 4/46 exposed (0.09)
✅ 5isc_C_M2M.pdb: 20/23 exposed (0.87)
✅ 5isc_D_6D0.pdb: 3/54 exposed (0.06)
✅ 5isd_A_M2M.pdb: 7/23 exposed (0.30)
[08:17:18] [mem] running 6_SASA.py parent=60.4MB child_tree=109.1MB combined=169.5MB
✅ 5isc_D_DXE.pdb: 15/16 exposed (0.94)
✅ 5isd_A_SAO.pdb: 3/46 exposed (0.07)
✅ 5isd_B_6CZ.pdb: 7/60 exposed (0.12)
✅ 5isd_C_SAO.pdb: 3/46 exposed (0.07)
[08:17:24] [mem] running 6_SASA.py parent=60.4MB child_tree=109.1MB combined=169.5MB
✅ 5isd_D_SAO.pdb: 3/46 exposed (0.07)
✅ 5ise_A_6D2.pdb: 3/61 exposed (0.05)
✅ 5ise_A_DXE.pdb: 13/16 exposed (0.81)
[08:17:30] [mem] running 6_SASA.py parent=60.4MB child_tree=109.2MB combined=169.6MB
✅ 5ise_B_6D2.pdb: 4/61 exposed (0.07)
✅ 5ise_B_DXE.pdb: 10/16 exposed (0.62)
✅ 5ise_B_PE8.pdb: 42/59 exposed (0.71)
✅ 5ise_C_DXE.pdb: 29/32 exposed (0.91)
[08:17:35] [mem] running 6_SASA.py parent=60.4MB child_tree=109.2MB combined=169.6MB
✅ 5ise_C_6D2.pdb: 3/61 exposed (0.05)
✅ 5isf_A_6D4.pdb: 3/55 exposed (0.06)
✅ 5ise_D_6D2.pdb: 5/61 exposed (0.08)
✅ 5isf_B_6D4.pdb: 2/55 exposed (0.04)
[08:17:41] [mem] running 6_SASA.py parent=60.4MB child_tree=109.2MB combined=169.6MB
✅ 5isf_A_DXE.pdb: 14/16 exposed (0.88)
✅ 5isf_A_M2M.pdb: 15/23 exposed (0.65)
✅ 5isf_C_M2M.pdb: 14/23 exposed (0.61)
✅ 5isf_B_DXE.pdb: 24/32 exposed (0.75)
[08:17:47] [mem] running 6_SASA.py parent=60.4MB child_tree=109.2MB combined=169.6MB
✅ 5isf_C_DXE.pdb: 13/16 exposed (0.81)
📊 Progress: 100/356
✅ 5isf_C_SAO.pdb: 3/46 exposed (0.07)
✅ 5isf_D_6D4.pdb: 3/55 exposed (0.06)
✅ 5isg_A_6D6.pdb: 2/57 exposed (0.04)
[08:17:53] [mem] running 6_SASA.py parent=60.4MB child_tree=109.2MB combined=169.6MB
✅ 5isg_A_DXE.pdb: 27/32 exposed (0.84)
✅ 5isg_A_M2M.pdb: 14/23 exposed (0.61)
✅ 5isg_A_PG6.pdb: 40/44 exposed (0.91)
[08:17:59] [mem] running 6_SASA.py parent=60.4MB child_tree=109.2MB combined=169.6MB
✅ 5isg_C_6D6.pdb: 2/57 exposed (0.04)
✅ 5isg_B_DXE.pdb: 12/16 exposed (0.75)
✅ 5isg_B_6D6.pdb: 4/57 exposed (0.07)
[08:18:05] [mem] running 6_SASA.py parent=60.4MB child_tree=109.2MB combined=169.6MB
✅ 5ish_A_765.pdb: 2/51 exposed (0.04)
✅ 5isg_D_6D6.pdb: 4/57 exposed (0.07)
✅ 5ish_B_765.pdb: 4/51 exposed (0.08)
✅ 5ish_A_DXE.pdb: 13/16 exposed (0.81)
✅ 5ish_A_M2M.pdb: 14/23 exposed (0.61)
[08:18:10] [mem] running 6_SASA.py parent=60.4MB child_tree=110.2MB combined=170.6MB
✅ 5ish_C_DXE.pdb: 52/64 exposed (0.81)
✅ 5ish_D_765.pdb: 3/51 exposed (0.06)
✅ 5ish_C_765.pdb: 2/51 exposed (0.04)
[08:18:16] [mem] running 6_SASA.py parent=60.4MB child_tree=110.2MB combined=170.6MB
✅ 5isi_A_5N5.pdb: 3/33 exposed (0.09)
✅ 5isi_A_DXE.pdb: 9/16 exposed (0.56)
✅ 5ish_D_DXE.pdb: 9/16 exposed (0.56)
✅ 5isi_B_5N5.pdb: 4/33 exposed (0.12)
[08:18:22] [mem] running 6_SASA.py parent=60.4MB child_tree=110.2MB combined=170.6MB
✅ 5isi_C_DXE.pdb: 10/16 exposed (0.62)
✅ 5isi_C_5N5.pdb: 2/33 exposed (0.06)
✅ 5isi_D_5N5.pdb: 4/33 exposed (0.12)
✅ 5k8v_A_6RE.pdb: 6/42 exposed (0.14)
📊 Progress: 125/356
[08:18:27] [mem] running 6_SASA.py parent=60.4MB child_tree=110.3MB combined=170.7MB
✅ 5k8v_B_6RE.pdb: 6/42 exposed (0.14)
✅ 5k8v_A_DXE.pdb: 11/16 exposed (0.69)
✅ 5k8v_B_PG6.pdb: 33/44 exposed (0.75)
✅ 5k8v_C_6RE.pdb: 6/42 exposed (0.14)
[08:18:33] [mem] running 6_SASA.py parent=60.4MB child_tree=110.3MB combined=170.7MB
✅ 5k8v_D_6RE.pdb: 7/42 exposed (0.17)
✅ 5k8w_A_DXE.pdb: 24/32 exposed (0.75)
✅ 5k8w_A_GJV.pdb: 5/45 exposed (0.11)
✅ 5k8w_B_GJV.pdb: 5/45 exposed (0.11)
[08:18:39] [mem] running 6_SASA.py parent=60.4MB child_tree=110.3MB combined=170.7MB
✅ 5k8w_C_GJV.pdb: 6/45 exposed (0.13)
✅ 5k8w_D_DXE.pdb: 13/16 exposed (0.81)
✅ 5k8w_D_GJV.pdb: 5/45 exposed (0.11)
✅ 5k8w_C_DXE.pdb: 39/48 exposed (0.81)
[08:18:45] [mem] running 6_SASA.py parent=65.6MB child_tree=110.3MB combined=175.9MB
✅ 5k8x_B_6ZH.pdb: 5/43 exposed (0.12)
✅ 5k8x_A_6ZH.pdb: 4/43 exposed (0.09)
✅ 5k8x_A_PE8.pdb: 54/59 exposed (0.92)
✅ 5k8x_B_DXE.pdb: 22/32 exposed (0.69)
[08:18:50] [mem] running 6_SASA.py parent=65.6MB child_tree=110.3MB combined=175.9MB
✅ 5k8x_C_6ZH.pdb: 4/43 exposed (0.09)
✅ 5k8x_C_DXE.pdb: 37/48 exposed (0.77)
✅ 5k8x_C_M2M.pdb: 11/23 exposed (0.48)
✅ 5k8x_D_6ZH.pdb: 5/43 exposed (0.12)
[08:18:56] [mem] running 6_SASA.py parent=65.6MB child_tree=110.4MB combined=176.0MB
✅ 5k8x_D_DXE.pdb: 11/16 exposed (0.69)
✅ 5lgq_E_8ZB.pdb: 30/36 exposed (0.83)
✅ 5lgq_F_8ZB.pdb: 28/36 exposed (0.78)
✅ 5lgq_G_8ZB.pdb: 29/36 exposed (0.81)
✅ 5lgq_H_8ZB.pdb: 30/36 exposed (0.83)
📊 Progress: 150/356
✅ 5lgq_A_DXE.pdb: 13/16 exposed (0.81)
✅ 5lgq_A_PG6.pdb: 39/44 exposed (0.89)
✅ 5lgr_E_LPD.pdb: 15/17 exposed (0.88)
✅ 5lgr_E_QVR.pdb: 31/34 exposed (0.91)
✅ 5lgr_F_LPD.pdb: 14/17 exposed (0.82)
[08:19:01] [mem] running 6_SASA.py parent=65.6MB child_tree=110.4MB combined=176.0MB
✅ 5lgr_B_PG6.pdb: 37/44 exposed (0.84)
✅ 5lgr_G_LPD.pdb: 14/17 exposed (0.82)
✅ 5lgr_F_QVR.pdb: 29/34 exposed (0.85)
✅ 5lgr_G_QVR.pdb: 29/34 exposed (0.85)
✅ 5lgr_H_QVR.pdb: 29/34 exposed (0.85)
✅ 5lgr_H_LPD.pdb: 14/17 exposed (0.82)
✅ 5lgr_A_DXE.pdb: 16/16 exposed (1.00)
✅ 5lgs_B_DXE.pdb: 14/16 exposed (0.88)
✅ 5lgs_E_QVR.pdb: 31/34 exposed (0.91)
✅ 5lgs_F_QVR.pdb: 29/34 exposed (0.85)
✅ 5lgs_G_QVR.pdb: 29/34 exposed (0.85)
✅ 5lgs_D_DXE.pdb: 14/16 exposed (0.88)
✅ 5lgs_H_QVR.pdb: 29/34 exposed (0.85)
[08:19:07] [mem] running 6_SASA.py parent=65.6MB child_tree=110.4MB combined=176.0MB
✅ 5lgs_A_DXE.pdb: 13/16 exposed (0.81)
✅ 5lkj_A_DXE.pdb: 35/48 exposed (0.73)
✅ 5lkj_A_6YB.pdb: 3/59 exposed (0.05)
✅ 5lkj_B_6YB.pdb: 3/59 exposed (0.05)
[08:19:13] [mem] running 6_SASA.py parent=65.6MB child_tree=110.4MB combined=176.0MB
✅ 5lkj_B_DXE.pdb: 25/32 exposed (0.78)
✅ 5lkj_B_P33.pdb: 40/52 exposed (0.77)
✅ 5lkj_C_6YB.pdb: 3/59 exposed (0.05)
📊 Progress: 175/356
✅ 5lkj_D_6YB.pdb: 3/59 exposed (0.05)
[08:19:19] [mem] running 6_SASA.py parent=65.6MB child_tree=110.4MB combined=176.0MB
✅ 5lv2_B_LHB.pdb: 8/54 exposed (0.15)
✅ 5lv2_A_SAO.pdb: 3/46 exposed (0.07)
✅ 5lv2_C_SAO.pdb: 3/46 exposed (0.07)
✅ 5lv2_C_DXE.pdb: 5/16 exposed (0.31)
[08:19:24] [mem] running 6_SASA.py parent=65.6MB child_tree=110.5MB combined=176.1MB
✅ 5lv2_C_M2M.pdb: 12/23 exposed (0.52)
✅ 5lv2_D_LHB.pdb: 11/54 exposed (0.20)
✅ 5lv2_E_SAO.pdb: 3/46 exposed (0.07)
[08:19:30] [mem] running 6_SASA.py parent=65.6MB child_tree=110.5MB combined=176.1MB
✅ 5lv2_E_M2M.pdb: 14/23 exposed (0.61)
✅ 5lv2_G_SAO.pdb: 3/46 exposed (0.07)
✅ 5lv2_F_LHB.pdb: 7/54 exposed (0.13)
✅ 5lv2_H_LHB.pdb: 9/54 exposed (0.17)
[08:19:35] [mem] running 6_SASA.py parent=65.6MB child_tree=110.5MB combined=176.1MB
✅ 5lv3_C_LHF.pdb: 15/67 exposed (0.22)
✅ 5lv3_B_LHF.pdb: 12/66 exposed (0.18)
✅ 5lv3_A_SAH.pdb: 3/45 exposed (0.07)
[08:19:40] [mem] running 6_SASA.py parent=65.6MB child_tree=110.5MB combined=176.1MB
✅ 5ntc_A_6L7.pdb: 6/57 exposed (0.10)
✅ 5ntc_A_DXE.pdb: 14/16 exposed (0.88)
✅ 5lv3_D_SAH.pdb: 3/45 exposed (0.07)
✅ 5ntc_B_6L7.pdb: 5/57 exposed (0.09)
[08:19:46] [mem] running 6_SASA.py parent=65.6MB child_tree=110.5MB combined=176.1MB
✅ 5ntc_A_M2M.pdb: 16/23 exposed (0.70)
✅ 5ntc_C_6L7.pdb: 6/57 exposed (0.10)
✅ 5ntc_C_DXE.pdb: 14/16 exposed (0.88)
✅ 5tbh_A_M2M.pdb: 12/23 exposed (0.52)
[08:19:52] [mem] running 6_SASA.py parent=65.6MB child_tree=110.5MB combined=176.1MB
✅ 5tbh_B_78K.pdb: 3/68 exposed (0.04)
✅ 5ntc_D_6L7.pdb: 4/57 exposed (0.07)
📊 Progress: 200/356
✅ 5tbh_A_SAO.pdb: 3/46 exposed (0.07)
✅ 5tbh_C_SAO.pdb: 3/46 exposed (0.07)
[08:19:58] [mem] running 6_SASA.py parent=65.6MB child_tree=110.5MB combined=176.1MB
✅ 5tbh_D_78K.pdb: 4/68 exposed (0.06)
✅ 5tbi_A_SAO.pdb: 3/46 exposed (0.07)
[08:20:04] [mem] running 6_SASA.py parent=65.6MB child_tree=110.6MB combined=176.2MB
✅ 5tbi_B_78V.pdb: 5/57 exposed (0.09)
✅ 5tbi_C_SAO.pdb: 3/46 exposed (0.07)
✅ 5tbi_B_PE8.pdb: 43/59 exposed (0.73)
✅ 5tbj_A_DXE.pdb: 13/16 exposed (0.81)
✅ 5tbi_D_78V.pdb: 9/57 exposed (0.16)
✅ 5tbj_A_LHD.pdb: 8/58 exposed (0.14)
[08:20:09] [mem] running 6_SASA.py parent=65.6MB child_tree=110.6MB combined=176.2MB
✅ 5tbj_B_PG6.pdb: 33/44 exposed (0.75)
✅ 5tbj_C_LHD.pdb: 7/58 exposed (0.12)
✅ 5tbj_B_LHD.pdb: 10/58 exposed (0.17)
[08:20:15] [mem] running 6_SASA.py parent=65.6MB child_tree=110.6MB combined=176.2MB
✅ 5u4x_A_SAH.pdb: 4/26 exposed (0.15)
✅ 5u4x_A_7VM.pdb: 12/34 exposed (0.35)
✅ 5tbj_D_LHD.pdb: 8/58 exposed (0.14)
✅ 5u4x_B_7VM.pdb: 12/34 exposed (0.35)
✅ 5u4x_B_SAH.pdb: 4/26 exposed (0.15)
✅ 5u4x_C_7VM.pdb: 14/34 exposed (0.41)
✅ 5u4x_C_SAH.pdb: 4/26 exposed (0.15)
✅ 5u4x_D_SAH.pdb: 4/26 exposed (0.15)
✅ 5u4x_D_7VM.pdb: 12/34 exposed (0.35)
✅ 6arj_A_BW4.pdb: 22/41 exposed (0.54)
[08:20:20] [mem] running 6_SASA.py parent=65.6MB child_tree=110.6MB combined=176.2MB
✅ 6arj_A_SAH.pdb: 3/26 exposed (0.12)
✅ 6arj_B_BW4.pdb: 23/41 exposed (0.56)
📊 Progress: 225/356
✅ 6arj_B_SAH.pdb: 3/26 exposed (0.12)
✅ 6arj_C_SAH.pdb: 2/26 exposed (0.08)
✅ 6arj_C_BW4.pdb: 23/41 exposed (0.56)
✅ 6arv_A_BW7.pdb: 16/30 exposed (0.53)
✅ 6arj_D_SAH.pdb: 2/26 exposed (0.08)
✅ 6arj_D_BW4.pdb: 22/41 exposed (0.54)
✅ 6arv_B_BW7.pdb: 17/30 exposed (0.57)
[08:20:26] [mem] running 6_SASA.py parent=65.6MB child_tree=110.6MB combined=176.2MB
✅ 6arv_B_SAH.pdb: 3/26 exposed (0.12)
✅ 6arv_A_SAH.pdb: 3/26 exposed (0.12)
✅ 6arv_C_SAH.pdb: 2/26 exposed (0.08)
✅ 6arv_C_BW7.pdb: 18/30 exposed (0.60)
✅ 6arv_D_BW7.pdb: 15/30 exposed (0.50)
✅ 6d2l_A_FTG.pdb: 11/44 exposed (0.25)
✅ 6arv_D_SAH.pdb: 2/26 exposed (0.08)
✅ 6d2l_C_FTG.pdb: 10/39 exposed (0.26)
✅ 6d2l_D_FTG.pdb: 14/44 exposed (0.32)
✅ 6d2l_B_FTG.pdb: 12/44 exposed (0.27)
✅ 6d2l_E_FTG.pdb: 10/38 exposed (0.26)
[08:20:31] [mem] running 6_SASA.py parent=65.6MB child_tree=110.6MB combined=176.2MB
✅ 6dvr_A_HDG.pdb: 17/45 exposed (0.38)
✅ 6d2l_F_FTG.pdb: 14/44 exposed (0.32)
✅ 6dvr_A_P15.pdb: 15/19 exposed (0.79)
✅ 6dvr_B_HDG.pdb: 15/45 exposed (0.33)
✅ 6dvr_B_P15.pdb: 12/14 exposed (0.86)
✅ 6s70_A_KYB.pdb: 6/32 exposed (0.19)
✅ 6izq_A_XJ2.pdb: 7/17 exposed (0.41)
📊 Progress: 250/356
✅ 6s70_B_KYB.pdb: 5/32 exposed (0.16)
✅ 6s70_C_KYB.pdb: 5/32 exposed (0.16)
✅ 6s70_D_KYB.pdb: 7/32 exposed (0.22)
✅ 6s71_B_KYE.pdb: 4/35 exposed (0.11)
[08:20:37] [mem] running 6_SASA.py parent=65.6MB child_tree=110.6MB combined=176.2MB
✅ 6s71_A_KYE.pdb: 3/35 exposed (0.09)
✅ 6s71_C_KYE.pdb: 6/35 exposed (0.17)
✅ 6s74_A_KY8.pdb: 8/33 exposed (0.24)
✅ 6s71_D_KYE.pdb: 4/35 exposed (0.11)
✅ 6s74_B_KY8.pdb: 3/33 exposed (0.09)
✅ 6s74_D_KY8.pdb: 7/33 exposed (0.21)
✅ 6s77_A_KXW.pdb: 6/36 exposed (0.17)
✅ 6s74_C_KY8.pdb: 8/33 exposed (0.24)
[08:20:42] [mem] running 6_SASA.py parent=65.6MB child_tree=110.6MB combined=176.2MB
✅ 6s77_C_KXW.pdb: 7/36 exposed (0.19)
✅ 6s77_B_KXW.pdb: 6/36 exposed (0.17)
✅ 6s79_A_KXW.pdb: 9/36 exposed (0.25)
✅ 6s77_D_KXW.pdb: 6/36 exposed (0.17)
✅ 6s79_B_KXW.pdb: 6/36 exposed (0.17)
✅ 6s79_C_KXW.pdb: 8/36 exposed (0.22)
✅ 6s79_D_KXW.pdb: 6/36 exposed (0.17)
[08:20:47] [mem] running 6_SASA.py parent=65.6MB child_tree=110.6MB combined=176.2MB
✅ 6s7a_A_KY5.pdb: 4/33 exposed (0.12)
✅ 6s7a_B_KY5.pdb: 2/33 exposed (0.06)
✅ 6s7a_C_KY5.pdb: 3/33 exposed (0.09)
✅ 6s7b_A_KYH.pdb: 6/31 exposed (0.19)
✅ 6s7a_D_KY5.pdb: 9/33 exposed (0.27)
✅ 6s7b_B_KYH.pdb: 6/31 exposed (0.19)
📊 Progress: 275/356
✅ 6s7b_C_KYH.pdb: 7/31 exposed (0.23)
✅ 6s7b_D_KYH.pdb: 7/31 exposed (0.23)
✅ 6s7c_A_KY2.pdb: 4/30 exposed (0.13)
[08:20:53] [mem] running 6_SASA.py parent=65.6MB child_tree=110.6MB combined=176.2MB
✅ 6s7c_C_KY2.pdb: 5/30 exposed (0.17)
✅ 6s7c_B_KY2.pdb: 2/30 exposed (0.07)
✅ 7fai_A_XJ3.pdb: 21/33 exposed (0.64)
✅ 7fai_B_XJ3.pdb: 16/33 exposed (0.48)
✅ 6s7c_D_KY2.pdb: 4/30 exposed (0.13)
✅ 7fai_D_XJ3.pdb: 19/33 exposed (0.58)
✅ 7fai_C_XJ3.pdb: 19/33 exposed (0.58)
✅ 7faj_A_XJ4.pdb: 19/33 exposed (0.58)
✅ 7faj_B_XJ4.pdb: 19/33 exposed (0.58)
✅ 7okp_E_QVR.pdb: 29/34 exposed (0.85)
✅ 7faj_D_XJ4.pdb: 19/33 exposed (0.58)
✅ 7okp_F_QVR.pdb: 29/34 exposed (0.85)
✅ 7okp_G_QVR.pdb: 28/34 exposed (0.82)
✅ 7faj_C_XJ4.pdb: 17/33 exposed (0.52)
✅ 7okp_H_QVR.pdb: 29/34 exposed (0.85)
✅ 7os4_E_QVR.pdb: 19/20 exposed (0.95)
✅ 7os4_G_QVR.pdb: 19/20 exposed (0.95)
✅ 7os4_F_QVR.pdb: 19/20 exposed (0.95)
✅ 7os4_H_QVR.pdb: 19/20 exposed (0.95)
[08:20:59] [mem] running 6_SASA.py parent=65.6MB child_tree=110.6MB combined=176.2MB
✅ 7ppq_A_LSK.pdb: 23/82 exposed (0.28)
✅ 7ppq_C_LSK.pdb: 19/82 exposed (0.23)
✅ 7ppq_B_LSK.pdb: 25/82 exposed (0.30)
📊 Progress: 300/356
[08:21:05] [mem] running 6_SASA.py parent=65.6MB child_tree=110.6MB combined=176.2MB
✅ 7ppq_D_LSK.pdb: 24/82 exposed (0.29)
✅ 7ppy_B_7ZH.pdb: 24/79 exposed (0.30)
✅ 7ppy_A_7ZH.pdb: 23/79 exposed (0.29)
[08:21:10] [mem] running 6_SASA.py parent=65.6MB child_tree=110.6MB combined=176.2MB
✅ 7ppy_C_7ZH.pdb: 23/79 exposed (0.29)
✅ 7pu8_A_4R7.pdb: 27/82 exposed (0.33)
✅ 7ppy_D_7ZH.pdb: 26/79 exposed (0.33)
✅ 7pu8_B_4R7.pdb: 28/82 exposed (0.34)
[08:21:16] [mem] running 6_SASA.py parent=65.6MB child_tree=110.6MB combined=176.2MB
✅ 7pu8_C_4R7.pdb: 27/82 exposed (0.33)
✅ 7pu8_D_4R7.pdb: 27/82 exposed (0.33)
✅ 7puc_B_85U.pdb: 27/83 exposed (0.33)
[08:21:22] [mem] running 6_SASA.py parent=65.6MB child_tree=110.7MB combined=176.3MB
✅ 7puc_A_85U.pdb: 28/83 exposed (0.34)
✅ 7puc_C_85U.pdb: 31/83 exposed (0.37)
✅ 7puc_D_85U.pdb: 28/83 exposed (0.34)
[08:21:27] [mem] running 6_SASA.py parent=65.6MB child_tree=110.7MB combined=176.3MB
✅ 7puq_C_867.pdb: 23/85 exposed (0.27)
✅ 7puq_B_867.pdb: 29/85 exposed (0.34)
✅ 7puq_A_867.pdb: 26/85 exposed (0.31)
✅ 7pv6_A_LRZ.pdb: 21/76 exposed (0.28)
[08:21:32] [mem] running 6_SASA.py parent=65.6MB child_tree=110.8MB combined=176.4MB
✅ 7pv6_B_LRZ.pdb: 22/76 exposed (0.29)
✅ 7puq_D_867.pdb: 25/85 exposed (0.29)
✅ 7qph_E_QVR.pdb: 29/34 exposed (0.85)
✅ 7qph_F_QVR.pdb: 28/34 exposed (0.82)
✅ 7qph_G_QVR.pdb: 28/34 exposed (0.82)
✅ 7pv6_D_LRZ.pdb: 25/76 exposed (0.33)
[08:21:38] [mem] running 6_SASA.py parent=65.6MB child_tree=110.8MB combined=176.4MB
✅ 7pv6_C_LRZ.pdb: 23/76 exposed (0.30)
✅ 7qph_H_QVR.pdb: 29/34 exposed (0.85)
📊 Progress: 325/356
✅ 7qrd_B_SAH.pdb: 3/45 exposed (0.07)
✅ 7qrd_L_QVR.pdb: 30/34 exposed (0.88)
✅ 7qrd_M_QVR.pdb: 31/34 exposed (0.91)
✅ 7u9i_A_44T.pdb: 12/33 exposed (0.36)
✅ 7u9i_B_44T.pdb: 14/33 exposed (0.42)
✅ 7qrd_D_SAH.pdb: 3/45 exposed (0.07)
✅ 8g2h_A_YVU.pdb: 4/32 exposed (0.12)
✅ 8g2i_A_I0B.pdb: 12/46 exposed (0.26)
[08:21:43] [mem] running 6_SASA.py parent=65.6MB child_tree=110.8MB combined=176.4MB
✅ 8sig_A_GWU.pdb: 5/36 exposed (0.14)
✅ 8uqh_A_X9L.pdb: 8/30 exposed (0.27)
✅ 8sih_A_I1K.pdb: 7/44 exposed (0.16)
✅ 8uqh_B_X9L.pdb: 10/30 exposed (0.33)
✅ 8uqh_D_X9L.pdb: 11/30 exposed (0.37)
✅ 8uqh_C_X9L.pdb: 10/30 exposed (0.33)
✅ 9i0a_A_A00.pdb: 0/0 exposed (0.00)
[08:21:49] [mem] running 6_SASA.py parent=65.6MB child_tree=110.8MB combined=176.4MB
✅ 9i0a_B_A00.pdb: 0/0 exposed (0.00)
✅ 9i0a_C_A00.pdb: 0/0 exposed (0.00)
✅ 9i0a_D_A00.pdb: 0/0 exposed (0.00)
✅ 9i1t_A_A01.pdb: 0/0 exposed (0.00)
[08:21:54] [mem] running 6_SASA.py parent=65.6MB child_tree=115.1MB combined=180.7MB
✅ 9i1t_B_A01.pdb: 0/0 exposed (0.00)
✅ 9i1t_C_A01.pdb: 0/0 exposed (0.00)
✅ 9i1t_D_A01.pdb: 0/0 exposed (0.00)
[08:22:00] [mem] running 6_SASA.py parent=65.6MB child_tree=113.1MB combined=178.7MB
✅ 9i9u_C_A02.pdb: 0/0 exposed (0.00)
✅ 9i9u_A_A02.pdb: 0/0 exposed (0.00)
✅ 9i9u_B_A02.pdb: 0/0 exposed (0.00)
📊 Progress: 350/356
✅ 9o37_A_A03.pdb: 0/0 exposed (0.00)
✅ 9o6h_A_A04.pdb: 0/0 exposed (0.00)
✅ 9o6h_C_A04.pdb: 0/0 exposed (0.00)
[08:22:06] [mem] running 6_SASA.py parent=65.6MB child_tree=113.1MB combined=178.7MB
✅ 9i9u_D_A02.pdb: 0/0 exposed (0.00)
✅ 9o6h_B_A04.pdb: 0/0 exposed (0.00)
✅ 9o6h_D_A04.pdb: 0/0 exposed (0.00)
🎉 WARHEAD SASA COMPLETE
[08:22:06] [mem] after 6_SASA.py parent=65.6MB delta=+5.4MB combined_peak=180.7MB child_peak=115.1MB
[08:22:06] 🚀 Running 7_metadata.py...
[08:22:06] 🐍 Pipeline Python: /app/.heroku/python/bin/python
[08:22:06] [mem] before 7_metadata.py parent=65.6MB combined=65.6MB
[08:22:06] 🧵 Worker caps for 7_metadata.py: pipeline_max=1 WARHEAD_SQCHK_MAX_WORKERS=1 WARHEAD_PDBMKR_MAX_WORKERS=1 WARHEAD_SASA_MAX_WORKERS=3 WARHEAD_METADATA_MAX_WORKERS=3 WARHEAD_MCS_MAX_WORKERS=3
[08:22:06] ⏱ No-output watchdog for 7_metadata.py: 180s
[08:22:06] [mem] running 7_metadata.py parent=65.6MB child_tree=0.6MB combined=66.2MB
📂 Using SMILES file: components-smiles-stereo-oe.smi
🧬 Loaded 49558 SMILES entries.
🔎 Sample SMILES keys: ['000', '001', '002', '003', '004', '005', '006', '007', '008', '009', '00A', '00B', '00C', '00D', '00E']
🤖 AUTO MODE: Warhead_SASA_summary.csv
📥 Loaded SASA table.
📊 Step 7 input row count: 356
🧾 Step 7 input columns: ['Target', 'pdb_id', 'Warhead', 'Residue_ID', 'Variant', 'Total_atoms', 'Exposed_atoms', 'SASA_in_complex_A2', '%Exposed', '%Buried']
🧭 5CharMAP loaded: 5 (pdb,ligX)->lig5 mappings
🧭 5CharMAP loaded: 5 (pdb,lig3)->lig5 mappings
🔗 WAR_PDB chain map built: 128 (pdb,ligX) groups
🔬 BEGIN RESOLUTION TRACE
--------------------------------------------------
Row 0
  PDB: 3b3f
  Warhead (input): SAH
  Warhead_5 (if mapped): (blank)
  SMILES lookup key: SAH
  SMILES found? YES
--------------------------------------------------
Row 1
  PDB: 3b3f
  Warhead (input): SAH
  Warhead_5 (if mapped): (blank)
  SMILES lookup key: SAH
  SMILES found? YES
--------------------------------------------------
Row 2
  PDB: 3b3f
  Warhead (input): SAH
  Warhead_5 (if mapped): (blank)
  SMILES lookup key: SAH
  SMILES found? YES
--------------------------------------------------
Row 3
  PDB: 3b3f
  Warhead (input): SAH
  Warhead_5 (if mapped): (blank)
  SMILES lookup key: SAH
  SMILES found? YES
--------------------------------------------------
Row 4
  PDB: 4ikp
  Warhead (input): 4IK
  Warhead_5 (if mapped): (blank)
  SMILES lookup key: 4IK
  SMILES found? YES
--------------------------------------------------
Row 5
  PDB: 4ikp
  Warhead (input): 4IK
  Warhead_5 (if mapped): (blank)
  SMILES lookup key: 4IK
  SMILES found? YES
--------------------------------------------------
Row 6
  PDB: 4ikp
  Warhead (input): 4IK
  Warhead_5 (if mapped): (blank)
  SMILES lookup key: 4IK
  SMILES found? YES
--------------------------------------------------
Row 7
  PDB: 5dwq
  Warhead (input): SFG
  Warhead_5 (if mapped): (blank)
  SMILES lookup key: SFG
  SMILES found? YES
--------------------------------------------------
Row 8
  PDB: 4ikp
  Warhead (input): 4IK
  Warhead_5 (if mapped): (blank)
  SMILES lookup key: 4IK
  SMILES found? YES
--------------------------------------------------
Row 9
  PDB: 5dwq
  Warhead (input): SFG
  Warhead_5 (if mapped): (blank)
  SMILES lookup key: SFG
  SMILES found? YES
--------------------------------------------------
Row 10
  PDB: 5dwq
  Warhead (input): SFG
  Warhead_5 (if mapped): (blank)
  SMILES lookup key: SFG
  SMILES found? YES
--------------------------------------------------
Row 11
  PDB: 5dx0
  Warhead (input): SFG
  Warhead_5 (if mapped): (blank)
  SMILES lookup key: SFG
  SMILES found? YES
--------------------------------------------------
Row 12
  PDB: 5dx0
  Warhead (input): SFG
  Warhead_5 (if mapped): (blank)
  SMILES lookup key: SFG
  SMILES found? YES
--------------------------------------------------
Row 13
  PDB: 5dwq
  Warhead (input): SFG
  Warhead_5 (if mapped): (blank)
  SMILES lookup key: SFG
  SMILES found? YES
--------------------------------------------------
Row 14
  PDB: 5dx0
  Warhead (input): SFG
  Warhead_5 (if mapped): (blank)
  SMILES lookup key: SFG
  SMILES found? YES
--------------------------------------------------
Row 15
  PDB: 5dx0
  Warhead (input): SFG
  Warhead_5 (if mapped): (blank)
  SMILES lookup key: SFG
  SMILES found? YES
--------------------------------------------------
Row 16
  PDB: 5dx1
  Warhead (input): SFG
  Warhead_5 (if mapped): (blank)
  SMILES lookup key: SFG
  SMILES found? YES
--------------------------------------------------
Row 17
  PDB: 5dx1
  Warhead (input): SFG
  Warhead_5 (if mapped): (blank)
  SMILES lookup key: SFG
  SMILES found? YES
--------------------------------------------------
Row 18
  PDB: 5dx1
  Warhead (input): SFG
  Warhead_5 (if mapped): (blank)
  SMILES lookup key: SFG
  SMILES found? YES
--------------------------------------------------
Row 19
  PDB: 5dx8
  Warhead (input): SFG
  Warhead_5 (if mapped): (blank)
  SMILES lookup key: SFG
  SMILES found? YES
--------------------------------------------------
Row 20
  PDB: 5dx1
  Warhead (input): SFG
  Warhead_5 (if mapped): (blank)
  SMILES lookup key: SFG
  SMILES found? YES
--------------------------------------------------
Row 21
  PDB: 5dx8
  Warhead (input): SFG
  Warhead_5 (if mapped): (blank)
  SMILES lookup key: SFG
  SMILES found? YES
--------------------------------------------------
Row 22
  PDB: 5dx8
  Warhead (input): SFG
  Warhead_5 (if mapped): (blank)
  SMILES lookup key: SFG
  SMILES found? YES
--------------------------------------------------
Row 23
  PDB: 5dx8
  Warhead (input): SFG
  Warhead_5 (if mapped): (blank)
  SMILES lookup key: SFG
  SMILES found? YES
--------------------------------------------------
Row 24
  PDB: 5dxa
  Warhead (input): SFG
  Warhead_5 (if mapped): (blank)
  SMILES lookup key: SFG
  SMILES found? YES
--------------------------------------------------
Row 25
  PDB: 5dxa
  Warhead (input): SFG
  Warhead_5 (if mapped): (blank)
  SMILES lookup key: SFG
  SMILES found? YES
--------------------------------------------------
Row 26
  PDB: 5dxa
  Warhead (input): SFG
  Warhead_5 (if mapped): (blank)
  SMILES lookup key: SFG
  SMILES found? YES
--------------------------------------------------
Row 27
  PDB: 5dxa
  Warhead (input): SFG
  Warhead_5 (if mapped): (blank)
  SMILES lookup key: SFG
  SMILES found? YES
--------------------------------------------------
Row 28
  PDB: 5dxj
  Warhead (input): SFG
  Warhead_5 (if mapped): (blank)
  SMILES lookup key: SFG
  SMILES found? YES
--------------------------------------------------
Row 29
  PDB: 5dxj
  Warhead (input): SFG
  Warhead_5 (if mapped): (blank)
  SMILES lookup key: SFG
  SMILES found? YES
--------------------------------------------------
Row 30
  PDB: 5dxj
  Warhead (input): SFG
  Warhead_5 (if mapped): (blank)
  SMILES lookup key: SFG
  SMILES found? YES
--------------------------------------------------
Row 31
  PDB: 5ih3
  Warhead (input): SAH
  Warhead_5 (if mapped): (blank)
  SMILES lookup key: SAH
  SMILES found? YES
--------------------------------------------------
Row 32
  PDB: 5dxj
  Warhead (input): SFG
  Warhead_5 (if mapped): (blank)
  SMILES lookup key: SFG
  SMILES found? YES
--------------------------------------------------
Row 33
  PDB: 5ih3
  Warhead (input): DXE
  Warhead_5 (if mapped): (blank)
  SMILES lookup key: DXE
  SMILES found? YES
--------------------------------------------------
Row 34
  PDB: 5ih3
  Warhead (input): PE8
  Warhead_5 (if mapped): (blank)
  SMILES lookup key: PE8
  SMILES found? YES
--------------------------------------------------
Row 35
  PDB: 5ih3
  Warhead (input): SAH
  Warhead_5 (if mapped): (blank)
  SMILES lookup key: SAH
  SMILES found? YES
--------------------------------------------------
Row 36
  PDB: 5ih3
  Warhead (input): SAH
  Warhead_5 (if mapped): (blank)
  SMILES lookup key: SAH
  SMILES found? YES
--------------------------------------------------
Row 37
  PDB: 5ih3
  Warhead (input): DXE
  Warhead_5 (if mapped): (blank)
  SMILES lookup key: DXE
  SMILES found? YES
--------------------------------------------------
Row 38
  PDB: 5ih3
  Warhead (input): SAH
  Warhead_5 (if mapped): (blank)
  SMILES lookup key: SAH
  SMILES found? YES
--------------------------------------------------
Row 39
  PDB: 5is6
  Warhead (input): DXE
  Warhead_5 (if mapped): (blank)
  SMILES lookup key: DXE
  SMILES found? YES
--------------------------------------------------
Row 40
  PDB: 5is6
  Warhead (input): SFG
  Warhead_5 (if mapped): (blank)
  SMILES lookup key: SFG
  SMILES found? YES
--------------------------------------------------
Row 41
  PDB: 5is6
  Warhead (input): DXE
  Warhead_5 (if mapped): (blank)
  SMILES lookup key: DXE
  SMILES found? YES
--------------------------------------------------
Row 42
  PDB: 5is6
  Warhead (input): SFG
  Warhead_5 (if mapped): (blank)
  SMILES lookup key: SFG
  SMILES found? YES
--------------------------------------------------
Row 43
  PDB: 5is6
  Warhead (input): SFG
  Warhead_5 (if mapped): (blank)
  SMILES lookup key: SFG
  SMILES found? YES
--------------------------------------------------
Row 44
  PDB: 5is6
  Warhead (input): DXE
  Warhead_5 (if mapped): (blank)
  SMILES lookup key: DXE
  SMILES found? YES
--------------------------------------------------
Row 45
  PDB: 5is6
  Warhead (input): SFG
  Warhead_5 (if mapped): (blank)
  SMILES lookup key: SFG
  SMILES found? YES
--------------------------------------------------
Row 46
  PDB: 5is7
  Warhead (input): DSH
  Warhead_5 (if mapped): (blank)
  SMILES lookup key: DSH
  SMILES found? YES
--------------------------------------------------
Row 47
  PDB: 5is6
  Warhead (input): DXE
  Warhead_5 (if mapped): (blank)
  SMILES lookup key: DXE
  SMILES found? YES
--------------------------------------------------
Row 48
  PDB: 5is7
  Warhead (input): DSH
  Warhead_5 (if mapped): (blank)
  SMILES lookup key: DSH
  SMILES found? YES
--------------------------------------------------
Row 49
  PDB: 5is7
  Warhead (input): DSH
  Warhead_5 (if mapped): (blank)
  SMILES lookup key: DSH
  SMILES found? YES
--------------------------------------------------
Row 50
  PDB: 5is7
  Warhead (input): DSH
  Warhead_5 (if mapped): (blank)
  SMILES lookup key: DSH
  SMILES found? YES
--------------------------------------------------
Row 51
  PDB: 5is8
  Warhead (input): 6D1
  Warhead_5 (if mapped): (blank)
  SMILES lookup key: 6D1
  SMILES found? YES
--------------------------------------------------
Row 52
  PDB: 5is8
  Warhead (input): 6D1
  Warhead_5 (if mapped): (blank)
  SMILES lookup key: 6D1
  SMILES found? YES
--------------------------------------------------
Row 53
  PDB: 5is8
  Warhead (input): 6D1
  Warhead_5 (if mapped): (blank)
  SMILES lookup key: 6D1
  SMILES found? YES
--------------------------------------------------
Row 54
  PDB: 5is8
  Warhead (input): SAH
  Warhead_5 (if mapped): (blank)
  SMILES lookup key: SAH
  SMILES found? YES
--------------------------------------------------
Row 55
  PDB: 5is9
  Warhead (input): 6D3
  Warhead_5 (if mapped): (blank)
  SMILES lookup key: 6D3
  SMILES found? YES
--------------------------------------------------
Row 56
  PDB: 5is9
  Warhead (input): DXE
  Warhead_5 (if mapped): (blank)
  SMILES lookup key: DXE
  SMILES found? YES
--------------------------------------------------
Row 57
  PDB: 5is9
  Warhead (input): 6D3
  Warhead_5 (if mapped): (blank)
  SMILES lookup key: 6D3
  SMILES found? YES
--------------------------------------------------
Row 58
  PDB: 5is9
  Warhead (input): M2M
  Warhead_5 (if mapped): (blank)
  SMILES lookup key: M2M
  SMILES found? YES
--------------------------------------------------
Row 59
  PDB: 5is9
  Warhead (input): 6D3
  Warhead_5 (if mapped): (blank)
  SMILES lookup key: 6D3
  SMILES found? YES
--------------------------------------------------
Row 60
  PDB: 5is9
  Warhead (input): 6D3
  Warhead_5 (if mapped): (blank)
  SMILES lookup key: 6D3
  SMILES found? YES
--------------------------------------------------
Row 61
  PDB: 5isa
  Warhead (input): DXE
  Warhead_5 (if mapped): (blank)
  SMILES lookup key: DXE
  SMILES found? YES
--------------------------------------------------
Row 62
  PDB: 5isa
  Warhead (input): M2M
  Warhead_5 (if mapped): (blank)
  SMILES lookup key: M2M
  SMILES found? YES
--------------------------------------------------
Row 63
  PDB: 5isa
  Warhead (input): 6D5
  Warhead_5 (if mapped): (blank)
  SMILES lookup key: 6D5
  SMILES found? YES
--------------------------------------------------
Row 64
  PDB: 5isa
  Warhead (input): 6D5
  Warhead_5 (if mapped): (blank)
  SMILES lookup key: 6D5
  SMILES found? YES
--------------------------------------------------
Row 65
  PDB: 5isa
  Warhead (input): 6D5
  Warhead_5 (if mapped): (blank)
  SMILES lookup key: 6D5
  SMILES found? YES
--------------------------------------------------
Row 66
  PDB: 5isa
  Warhead (input): DXE
  Warhead_5 (if mapped): (blank)
  SMILES lookup key: DXE
  SMILES found? YES
--------------------------------------------------
Row 67
  PDB: 5isb
  Warhead (input): M2M
  Warhead_5 (if mapped): (blank)
  SMILES lookup key: M2M
  SMILES found? YES
--------------------------------------------------
Row 68
  PDB: 5isb
  Warhead (input): 6CX
  Warhead_5 (if mapped): (blank)
  SMILES lookup key: 6CX
  SMILES found? YES
--------------------------------------------------
Row 69
  PDB: 5isa
  Warhead (input): 6D5
  Warhead_5 (if mapped): (blank)
  SMILES lookup key: 6D5
  SMILES found? YES
--------------------------------------------------
Row 70
  PDB: 5isb
  Warhead (input): 6CX
  Warhead_5 (if mapped): (blank)
  SMILES lookup key: 6CX
  SMILES found? YES
--------------------------------------------------
Row 71
  PDB: 5isb
  Warhead (input): 6CX
  Warhead_5 (if mapped): (blank)
  SMILES lookup key: 6CX
  SMILES found? YES
--------------------------------------------------
Row 72
  PDB: 5isb
  Warhead (input): 6CX
  Warhead_5 (if mapped): (blank)
  SMILES lookup key: 6CX
  SMILES found? YES
--------------------------------------------------
Row 73
  PDB: 5isc
  Warhead (input): SAO
  Warhead_5 (if mapped): (blank)
  SMILES lookup key: SAO
  SMILES found? YES
--------------------------------------------------
Row 74
  PDB: 5isc
  Warhead (input): 6D0
  Warhead_5 (if mapped): (blank)
  SMILES lookup key: 6D0
  SMILES found? YES
--------------------------------------------------
Row 75
  PDB: 5isc
  Warhead (input): DXE
  Warhead_5 (if mapped): (blank)
  SMILES lookup key: DXE
  SMILES found? YES
--------------------------------------------------
Row 76
  PDB: 5isc
  Warhead (input): SAO
  Warhead_5 (if mapped): (blank)
  SMILES lookup key: SAO
  SMILES found? YES
--------------------------------------------------
Row 77
  PDB: 5isc
  Warhead (input): M2M
  Warhead_5 (if mapped): (blank)
  SMILES lookup key: M2M
  SMILES found? YES
--------------------------------------------------
Row 78
  PDB: 5isc
  Warhead (input): 6D0
  Warhead_5 (if mapped): (blank)
  SMILES lookup key: 6D0
  SMILES found? YES
--------------------------------------------------
Row 79
  PDB: 5isd
  Warhead (input): M2M
  Warhead_5 (if mapped): (blank)
  SMILES lookup key: M2M
  SMILES found? YES
--------------------------------------------------
Row 80
  PDB: 5isc
  Warhead (input): DXE
  Warhead_5 (if mapped): (blank)
  SMILES lookup key: DXE
  SMILES found? YES
--------------------------------------------------
Row 81
  PDB: 5isd
  Warhead (input): SAO
  Warhead_5 (if mapped): (blank)
  SMILES lookup key: SAO
  SMILES found? YES
--------------------------------------------------
Row 82
  PDB: 5isd
  Warhead (input): 6CZ
  Warhead_5 (if mapped): (blank)
  SMILES lookup key: 6CZ
  SMILES found? YES
--------------------------------------------------
Row 83
  PDB: 5isd
  Warhead (input): SAO
  Warhead_5 (if mapped): (blank)
  SMILES lookup key: SAO
  SMILES found? YES
--------------------------------------------------
Row 84
  PDB: 5isd
  Warhead (input): SAO
  Warhead_5 (if mapped): (blank)
  SMILES lookup key: SAO
  SMILES found? YES
--------------------------------------------------
Row 85
  PDB: 5ise
  Warhead (input): 6D2
  Warhead_5 (if mapped): (blank)
  SMILES lookup key: 6D2
  SMILES found? YES
--------------------------------------------------
Row 86
  PDB: 5ise
  Warhead (input): DXE
  Warhead_5 (if mapped): (blank)
  SMILES lookup key: DXE
  SMILES found? YES
--------------------------------------------------
Row 87
  PDB: 5ise
  Warhead (input): 6D2
  Warhead_5 (if mapped): (blank)
  SMILES lookup key: 6D2
  SMILES found? YES
--------------------------------------------------
Row 88
  PDB: 5ise
  Warhead (input): DXE
  Warhead_5 (if mapped): (blank)
  SMILES lookup key: DXE
  SMILES found? YES
--------------------------------------------------
Row 89
  PDB: 5ise
  Warhead (input): PE8
  Warhead_5 (if mapped): (blank)
  SMILES lookup key: PE8
  SMILES found? YES
--------------------------------------------------
Row 90
  PDB: 5ise
  Warhead (input): DXE
  Warhead_5 (if mapped): (blank)
  SMILES lookup key: DXE
  SMILES found? YES
--------------------------------------------------
Row 91
  PDB: 5ise
  Warhead (input): 6D2
  Warhead_5 (if mapped): (blank)
  SMILES lookup key: 6D2
  SMILES found? YES
--------------------------------------------------
Row 92
  PDB: 5isf
  Warhead (input): 6D4
  Warhead_5 (if mapped): (blank)
  SMILES lookup key: 6D4
  SMILES found? YES
--------------------------------------------------
Row 93
  PDB: 5ise
  Warhead (input): 6D2
  Warhead_5 (if mapped): (blank)
  SMILES lookup key: 6D2
  SMILES found? YES
--------------------------------------------------
Row 94
  PDB: 5isf
  Warhead (input): 6D4
  Warhead_5 (if mapped): (blank)
  SMILES lookup key: 6D4
  SMILES found? YES
--------------------------------------------------
Row 95
  PDB: 5isf
  Warhead (input): DXE
  Warhead_5 (if mapped): (blank)
  SMILES lookup key: DXE
  SMILES found? YES
--------------------------------------------------
Row 96
  PDB: 5isf
  Warhead (input): M2M
  Warhead_5 (if mapped): (blank)
  SMILES lookup key: M2M
  SMILES found? YES
--------------------------------------------------
Row 97
  PDB: 5isf
  Warhead (input): M2M
  Warhead_5 (if mapped): (blank)
  SMILES lookup key: M2M
  SMILES found? YES
--------------------------------------------------
Row 98
  PDB: 5isf
  Warhead (input): DXE
  Warhead_5 (if mapped): (blank)
  SMILES lookup key: DXE
  SMILES found? YES
--------------------------------------------------
Row 99
  PDB: 5isf
  Warhead (input): DXE
  Warhead_5 (if mapped): (blank)
  SMILES lookup key: DXE
  SMILES found? YES
--------------------------------------------------
Row 100
  PDB: 5isf
  Warhead (input): SAO
  Warhead_5 (if mapped): (blank)
  SMILES lookup key: SAO
  SMILES found? YES
--------------------------------------------------
Row 101
  PDB: 5isf
  Warhead (input): 6D4
  Warhead_5 (if mapped): (blank)
  SMILES lookup key: 6D4
  SMILES found? YES
--------------------------------------------------
Row 102
  PDB: 5isg
  Warhead (input): 6D6
  Warhead_5 (if mapped): (blank)
  SMILES lookup key: 6D6
  SMILES found? YES
--------------------------------------------------
Row 103
  PDB: 5isg
  Warhead (input): DXE
  Warhead_5 (if mapped): (blank)
  SMILES lookup key: DXE
  SMILES found? YES
--------------------------------------------------
Row 104
  PDB: 5isg
  Warhead (input): M2M
  Warhead_5 (if mapped): (blank)
  SMILES lookup key: M2M
  SMILES found? YES
--------------------------------------------------
Row 105
  PDB: 5isg
  Warhead (input): PG6
  Warhead_5 (if mapped): (blank)
  SMILES lookup key: PG6
  SMILES found? YES
--------------------------------------------------
Row 106
  PDB: 5isg
  Warhead (input): 6D6
  Warhead_5 (if mapped): (blank)
  SMILES lookup key: 6D6
  SMILES found? YES
--------------------------------------------------
Row 107
  PDB: 5isg
  Warhead (input): DXE
  Warhead_5 (if mapped): (blank)
  SMILES lookup key: DXE
  SMILES found? YES
--------------------------------------------------
Row 108
  PDB: 5isg
  Warhead (input): 6D6
  Warhead_5 (if mapped): (blank)
  SMILES lookup key: 6D6
  SMILES found? YES
--------------------------------------------------
Row 109
  PDB: 5ish
  Warhead (input): 765
  Warhead_5 (if mapped): (blank)
  SMILES lookup key: 765
  SMILES found? YES
--------------------------------------------------
Row 110
  PDB: 5isg
  Warhead (input): 6D6
  Warhead_5 (if mapped): (blank)
  SMILES lookup key: 6D6
  SMILES found? YES
--------------------------------------------------
Row 111
  PDB: 5ish
  Warhead (input): 765
  Warhead_5 (if mapped): (blank)
  SMILES lookup key: 765
  SMILES found? YES
--------------------------------------------------
Row 112
  PDB: 5ish
  Warhead (input): DXE
  Warhead_5 (if mapped): (blank)
  SMILES lookup key: DXE
  SMILES found? YES
--------------------------------------------------
Row 113
  PDB: 5ish
  Warhead (input): M2M
  Warhead_5 (if mapped): (blank)
  SMILES lookup key: M2M
  SMILES found? YES
--------------------------------------------------
Row 114
  PDB: 5ish
  Warhead (input): DXE
  Warhead_5 (if mapped): (blank)
  SMILES lookup key: DXE
  SMILES found? YES
--------------------------------------------------
Row 115
  PDB: 5ish
  Warhead (input): 765
  Warhead_5 (if mapped): (blank)
  SMILES lookup key: 765
  SMILES found? YES
--------------------------------------------------
Row 116
  PDB: 5ish
  Warhead (input): 765
  Warhead_5 (if mapped): (blank)
  SMILES lookup key: 765
  SMILES found? YES
--------------------------------------------------
Row 117
  PDB: 5isi
  Warhead (input): 5N5
  Warhead_5 (if mapped): (blank)
  SMILES lookup key: 5N5
  SMILES found? YES
--------------------------------------------------
Row 118
  PDB: 5isi
  Warhead (input): DXE
  Warhead_5 (if mapped): (blank)
  SMILES lookup key: DXE
  SMILES found? YES
--------------------------------------------------
Row 119
  PDB: 5ish
  Warhead (input): DXE
  Warhead_5 (if mapped): (blank)
  SMILES lookup key: DXE
  SMILES found? YES
--------------------------------------------------
Row 120
  PDB: 5isi
  Warhead (input): 5N5
  Warhead_5 (if mapped): (blank)
  SMILES lookup key: 5N5
  SMILES found? YES
--------------------------------------------------
Row 121
  PDB: 5isi
  Warhead (input): DXE
  Warhead_5 (if mapped): (blank)
  SMILES lookup key: DXE
  SMILES found? YES
--------------------------------------------------
Row 122
  PDB: 5isi
  Warhead (input): 5N5
  Warhead_5 (if mapped): (blank)
  SMILES lookup key: 5N5
  SMILES found? YES
--------------------------------------------------
Row 123
  PDB: 5isi
  Warhead (input): 5N5
  Warhead_5 (if mapped): (blank)
  SMILES lookup key: 5N5
  SMILES found? YES
--------------------------------------------------
Row 124
  PDB: 5k8v
  Warhead (input): 6RE
  Warhead_5 (if mapped): (blank)
  SMILES lookup key: 6RE
  SMILES found? YES
--------------------------------------------------
Row 125
  PDB: 5k8v
  Warhead (input): 6RE
  Warhead_5 (if mapped): (blank)
  SMILES lookup key: 6RE
  SMILES found? YES
--------------------------------------------------
Row 126
  PDB: 5k8v
  Warhead (input): DXE
  Warhead_5 (if mapped): (blank)
  SMILES lookup key: DXE
  SMILES found? YES
--------------------------------------------------
Row 127
  PDB: 5k8v
  Warhead (input): PG6
  Warhead_5 (if mapped): (blank)
  SMILES lookup key: PG6
  SMILES found? YES
--------------------------------------------------
Row 128
  PDB: 5k8v
  Warhead (input): 6RE
  Warhead_5 (if mapped): (blank)
  SMILES lookup key: 6RE
  SMILES found? YES
--------------------------------------------------
Row 129
  PDB: 5k8v
  Warhead (input): 6RE
  Warhead_5 (if mapped): (blank)
  SMILES lookup key: 6RE
  SMILES found? YES
--------------------------------------------------
Row 130
  PDB: 5k8w
  Warhead (input): DXE
  Warhead_5 (if mapped): (blank)
  SMILES lookup key: DXE
  SMILES found? YES
--------------------------------------------------
Row 131
  PDB: 5k8w
  Warhead (input): GJV
  Warhead_5 (if mapped): (blank)
  SMILES lookup key: GJV
  SMILES found? YES
--------------------------------------------------
Row 132
  PDB: 5k8w
  Warhead (input): GJV
  Warhead_5 (if mapped): (blank)
  SMILES lookup key: GJV
  SMILES found? YES
--------------------------------------------------
Row 133
  PDB: 5k8w
  Warhead (input): GJV
  Warhead_5 (if mapped): (blank)
  SMILES lookup key: GJV
  SMILES found? YES
--------------------------------------------------
Row 134
  PDB: 5k8w
  Warhead (input): DXE
  Warhead_5 (if mapped): (blank)
  SMILES lookup key: DXE
  SMILES found? YES
--------------------------------------------------
Row 135
  PDB: 5k8w
  Warhead (input): GJV
  Warhead_5 (if mapped): (blank)
  SMILES lookup key: GJV
  SMILES found? YES
--------------------------------------------------
Row 136
  PDB: 5k8w
  Warhead (input): DXE
  Warhead_5 (if mapped): (blank)
  SMILES lookup key: DXE
  SMILES found? YES
--------------------------------------------------
Row 137
  PDB: 5k8x
  Warhead (input): 6ZH
  Warhead_5 (if mapped): (blank)
  SMILES lookup key: 6ZH
  SMILES found? YES
--------------------------------------------------
Row 138
  PDB: 5k8x
  Warhead (input): 6ZH
  Warhead_5 (if mapped): (blank)
  SMILES lookup key: 6ZH
  SMILES found? YES
--------------------------------------------------
Row 139
  PDB: 5k8x
  Warhead (input): PE8
  Warhead_5 (if mapped): (blank)
  SMILES lookup key: PE8
  SMILES found? YES
--------------------------------------------------
Row 140
  PDB: 5k8x
  Warhead (input): DXE
  Warhead_5 (if mapped): (blank)
  SMILES lookup key: DXE
  SMILES found? YES
--------------------------------------------------
Row 141
  PDB: 5k8x
  Warhead (input): 6ZH
  Warhead_5 (if mapped): (blank)
  SMILES lookup key: 6ZH
  SMILES found? YES
--------------------------------------------------
Row 142
  PDB: 5k8x
  Warhead (input): DXE
  Warhead_5 (if mapped): (blank)
  SMILES lookup key: DXE
  SMILES found? YES
--------------------------------------------------
Row 143
  PDB: 5k8x
  Warhead (input): M2M
  Warhead_5 (if mapped): (blank)
  SMILES lookup key: M2M
  SMILES found? YES
--------------------------------------------------
Row 144
  PDB: 5k8x
  Warhead (input): 6ZH
  Warhead_5 (if mapped): (blank)
  SMILES lookup key: 6ZH
  SMILES found? YES
--------------------------------------------------
Row 145
  PDB: 5k8x
  Warhead (input): DXE
  Warhead_5 (if mapped): (blank)
  SMILES lookup key: DXE
  SMILES found? YES
--------------------------------------------------
Row 146
  PDB: 5lgq
  Warhead (input): 8ZB
  Warhead_5 (if mapped): (blank)
  SMILES lookup key: 8ZB
  SMILES found? YES
--------------------------------------------------
Row 147
  PDB: 5lgq
  Warhead (input): 8ZB
  Warhead_5 (if mapped): (blank)
  SMILES lookup key: 8ZB
  SMILES found? YES
--------------------------------------------------
Row 148
  PDB: 5lgq
  Warhead (input): 8ZB
  Warhead_5 (if mapped): (blank)
  SMILES lookup key: 8ZB
  SMILES found? YES
--------------------------------------------------
Row 149
  PDB: 5lgq
  Warhead (input): 8ZB
  Warhead_5 (if mapped): (blank)
  SMILES lookup key: 8ZB
  SMILES found? YES
--------------------------------------------------
Row 150
  PDB: 5lgq
  Warhead (input): DXE
  Warhead_5 (if mapped): (blank)
  SMILES lookup key: DXE
  SMILES found? YES
--------------------------------------------------
Row 151
  PDB: 5lgq
  Warhead (input): PG6
  Warhead_5 (if mapped): (blank)
  SMILES lookup key: PG6
  SMILES found? YES
--------------------------------------------------
Row 152
  PDB: 5lgr
  Warhead (input): LPD
  Warhead_5 (if mapped): (blank)
  SMILES lookup key: LPD
  SMILES found? YES
--------------------------------------------------
Row 153
  PDB: 5lgr
  Warhead (input): QVR
  Warhead_5 (if mapped): (blank)
  SMILES lookup key: QVR
  SMILES found? YES
--------------------------------------------------
Row 154
  PDB: 5lgr
  Warhead (input): LPD
  Warhead_5 (if mapped): (blank)
  SMILES lookup key: LPD
  SMILES found? YES
--------------------------------------------------
Row 155
  PDB: 5lgr
  Warhead (input): PG6
  Warhead_5 (if mapped): (blank)
  SMILES lookup key: PG6
  SMILES found? YES
--------------------------------------------------
Row 156
  PDB: 5lgr
  Warhead (input): LPD
  Warhead_5 (if mapped): (blank)
  SMILES lookup key: LPD
  SMILES found? YES
--------------------------------------------------
Row 157
  PDB: 5lgr
  Warhead (input): QVR
  Warhead_5 (if mapped): (blank)
  SMILES lookup key: QVR
  SMILES found? YES
--------------------------------------------------
Row 158
  PDB: 5lgr
  Warhead (input): QVR
  Warhead_5 (if mapped): (blank)
  SMILES lookup key: QVR
  SMILES found? YES
--------------------------------------------------
Row 159
  PDB: 5lgr
  Warhead (input): QVR
  Warhead_5 (if mapped): (blank)
  SMILES lookup key: QVR
  SMILES found? YES
--------------------------------------------------
Row 160
  PDB: 5lgr
  Warhead (input): LPD
  Warhead_5 (if mapped): (blank)
  SMILES lookup key: LPD
  SMILES found? YES
--------------------------------------------------
Row 161
  PDB: 5lgr
  Warhead (input): DXE
  Warhead_5 (if mapped): (blank)
  SMILES lookup key: DXE
  SMILES found? YES
--------------------------------------------------
Row 162
  PDB: 5lgs
  Warhead (input): DXE
  Warhead_5 (if mapped): (blank)
  SMILES lookup key: DXE
  SMILES found? YES
--------------------------------------------------
Row 163
  PDB: 5lgs
  Warhead (input): QVR
  Warhead_5 (if mapped): (blank)
  SMILES lookup key: QVR
  SMILES found? YES
--------------------------------------------------
Row 164
  PDB: 5lgs
  Warhead (input): QVR
  Warhead_5 (if mapped): (blank)
  SMILES lookup key: QVR
  SMILES found? YES
--------------------------------------------------
Row 165
  PDB: 5lgs
  Warhead (input): QVR
  Warhead_5 (if mapped): (blank)
  SMILES lookup key: QVR
  SMILES found? YES
--------------------------------------------------
Row 166
  PDB: 5lgs
  Warhead (input): DXE
  Warhead_5 (if mapped): (blank)
  SMILES lookup key: DXE
  SMILES found? YES
--------------------------------------------------
Row 167
  PDB: 5lgs
  Warhead (input): QVR
  Warhead_5 (if mapped): (blank)
  SMILES lookup key: QVR
  SMILES found? YES
--------------------------------------------------
Row 168
  PDB: 5lgs
  Warhead (input): DXE
  Warhead_5 (if mapped): (blank)
  SMILES lookup key: DXE
  SMILES found? YES
--------------------------------------------------
Row 169
  PDB: 5lkj
  Warhead (input): DXE
  Warhead_5 (if mapped): (blank)
  SMILES lookup key: DXE
  SMILES found? YES
--------------------------------------------------
Row 170
  PDB: 5lkj
  Warhead (input): 6YB
  Warhead_5 (if mapped): (blank)
  SMILES lookup key: 6YB
  SMILES found? YES
--------------------------------------------------
Row 171
  PDB: 5lkj
  Warhead (input): 6YB
  Warhead_5 (if mapped): (blank)
  SMILES lookup key: 6YB
  SMILES found? YES
--------------------------------------------------
Row 172
  PDB: 5lkj
  Warhead (input): DXE
  Warhead_5 (if mapped): (blank)
  SMILES lookup key: DXE
  SMILES found? YES
--------------------------------------------------
Row 173
  PDB: 5lkj
  Warhead (input): P33
  Warhead_5 (if mapped): (blank)
  SMILES lookup key: P33
  SMILES found? YES
--------------------------------------------------
Row 174
  PDB: 5lkj
  Warhead (input): 6YB
  Warhead_5 (if mapped): (blank)
  SMILES lookup key: 6YB
  SMILES found? YES
--------------------------------------------------
Row 175
  PDB: 5lkj
  Warhead (input): 6YB
  Warhead_5 (if mapped): (blank)
  SMILES lookup key: 6YB
  SMILES found? YES
--------------------------------------------------
Row 176
  PDB: 5lv2
  Warhead (input): LHB
  Warhead_5 (if mapped): (blank)
  SMILES lookup key: LHB
  SMILES found? YES
--------------------------------------------------
Row 177
  PDB: 5lv2
  Warhead (input): SAO
  Warhead_5 (if mapped): (blank)
  SMILES lookup key: SAO
  SMILES found? YES
--------------------------------------------------
Row 178
  PDB: 5lv2
  Warhead (input): SAO
  Warhead_5 (if mapped): (blank)
  SMILES lookup key: SAO
  SMILES found? YES
--------------------------------------------------
Row 179
  PDB: 5lv2
  Warhead (input): DXE
  Warhead_5 (if mapped): (blank)
  SMILES lookup key: DXE
  SMILES found? YES
--------------------------------------------------
Row 180
  PDB: 5lv2
  Warhead (input): M2M
  Warhead_5 (if mapped): (blank)
  SMILES lookup key: M2M
  SMILES found? YES
--------------------------------------------------
Row 181
  PDB: 5lv2
  Warhead (input): LHB
  Warhead_5 (if mapped): (blank)
  SMILES lookup key: LHB
  SMILES found? YES
--------------------------------------------------
Row 182
  PDB: 5lv2
  Warhead (input): SAO
  Warhead_5 (if mapped): (blank)
  SMILES lookup key: SAO
  SMILES found? YES
--------------------------------------------------
Row 183
  PDB: 5lv2
  Warhead (input): M2M
  Warhead_5 (if mapped): (blank)
  SMILES lookup key: M2M
  SMILES found? YES
--------------------------------------------------
Row 184
  PDB: 5lv2
  Warhead (input): SAO
  Warhead_5 (if mapped): (blank)
  SMILES lookup key: SAO
  SMILES found? YES
--------------------------------------------------
Row 185
  PDB: 5lv2
  Warhead (input): LHB
  Warhead_5 (if mapped): (blank)
  SMILES lookup key: LHB
  SMILES found? YES
--------------------------------------------------
Row 186
  PDB: 5lv2
  Warhead (input): LHB
  Warhead_5 (if mapped): (blank)
  SMILES lookup key: LHB
  SMILES found? YES
--------------------------------------------------
Row 187
  PDB: 5lv3
  Warhead (input): LHF
  Warhead_5 (if mapped): (blank)
  SMILES lookup key: LHF
  SMILES found? YES
--------------------------------------------------
Row 188
  PDB: 5lv3
  Warhead (input): LHF
  Warhead_5 (if mapped): (blank)
  SMILES lookup key: LHF
  SMILES found? YES
--------------------------------------------------
Row 189
  PDB: 5lv3
  Warhead (input): SAH
  Warhead_5 (if mapped): (blank)
  SMILES lookup key: SAH
  SMILES found? YES
--------------------------------------------------
Row 190
  PDB: 5ntc
  Warhead (input): 6L7
  Warhead_5 (if mapped): (blank)
  SMILES lookup key: 6L7
  SMILES found? YES
--------------------------------------------------
Row 191
  PDB: 5ntc
  Warhead (input): DXE
  Warhead_5 (if mapped): (blank)
  SMILES lookup key: DXE
  SMILES found? YES
--------------------------------------------------
Row 192
  PDB: 5lv3
  Warhead (input): SAH
  Warhead_5 (if mapped): (blank)
  SMILES lookup key: SAH
  SMILES found? YES
--------------------------------------------------
Row 193
  PDB: 5ntc
  Warhead (input): 6L7
  Warhead_5 (if mapped): (blank)
  SMILES lookup key: 6L7
  SMILES found? YES
--------------------------------------------------
Row 194
  PDB: 5ntc
  Warhead (input): M2M
  Warhead_5 (if mapped): (blank)
  SMILES lookup key: M2M
  SMILES found? YES
--------------------------------------------------
Row 195
  PDB: 5ntc
  Warhead (input): 6L7
  Warhead_5 (if mapped): (blank)
  SMILES lookup key: 6L7
  SMILES found? YES
--------------------------------------------------
Row 196
  PDB: 5ntc
  Warhead (input): DXE
  Warhead_5 (if mapped): (blank)
  SMILES lookup key: DXE
  SMILES found? YES
--------------------------------------------------
Row 197
  PDB: 5tbh
  Warhead (input): M2M
  Warhead_5 (if mapped): (blank)
  SMILES lookup key: M2M
  SMILES found? YES
--------------------------------------------------
Row 198
  PDB: 5tbh
  Warhead (input): 78K
  Warhead_5 (if mapped): (blank)
  SMILES lookup key: 78K
  SMILES found? YES
--------------------------------------------------
Row 199
  PDB: 5ntc
  Warhead (input): 6L7
  Warhead_5 (if mapped): (blank)
  SMILES lookup key: 6L7
  SMILES found? YES
--------------------------------------------------
Row 200
  PDB: 5tbh
  Warhead (input): SAO
  Warhead_5 (if mapped): (blank)
  SMILES lookup key: SAO
  SMILES found? YES
--------------------------------------------------
Row 201
  PDB: 5tbh
  Warhead (input): SAO
  Warhead_5 (if mapped): (blank)
  SMILES lookup key: SAO
  SMILES found? YES
--------------------------------------------------
Row 202
  PDB: 5tbh
  Warhead (input): 78K
  Warhead_5 (if mapped): (blank)
  SMILES lookup key: 78K
  SMILES found? YES
--------------------------------------------------
Row 203
  PDB: 5tbi
  Warhead (input): SAO
  Warhead_5 (if mapped): (blank)
  SMILES lookup key: SAO
  SMILES found? YES
--------------------------------------------------
Row 204
  PDB: 5tbi
  Warhead (input): 78V
  Warhead_5 (if mapped): (blank)
  SMILES lookup key: 78V
  SMILES found? YES
--------------------------------------------------
Row 205
  PDB: 5tbi
  Warhead (input): SAO
  Warhead_5 (if mapped): (blank)
  SMILES lookup key: SAO
  SMILES found? YES
--------------------------------------------------
Row 206
  PDB: 5tbi
  Warhead (input): PE8
  Warhead_5 (if mapped): (blank)
  SMILES lookup key: PE8
  SMILES found? YES
--------------------------------------------------
Row 207
  PDB: 5tbj
  Warhead (input): DXE
  Warhead_5 (if mapped): (blank)
  SMILES lookup key: DXE
  SMILES found? YES
--------------------------------------------------
Row 208
  PDB: 5tbi
  Warhead (input): 78V
  Warhead_5 (if mapped): (blank)
  SMILES lookup key: 78V
  SMILES found? YES
--------------------------------------------------
Row 209
  PDB: 5tbj
  Warhead (input): LHD
  Warhead_5 (if mapped): (blank)
  SMILES lookup key: LHD
  SMILES found? YES
--------------------------------------------------
Row 210
  PDB: 5tbj
  Warhead (input): PG6
  Warhead_5 (if mapped): (blank)
  SMILES lookup key: PG6
  SMILES found? YES
--------------------------------------------------
Row 211
  PDB: 5tbj
  Warhead (input): LHD
  Warhead_5 (if mapped): (blank)
  SMILES lookup key: LHD
  SMILES found? YES
--------------------------------------------------
Row 212
  PDB: 5tbj
  Warhead (input): LHD
  Warhead_5 (if mapped): (blank)
  SMILES lookup key: LHD
  SMILES found? YES
--------------------------------------------------
Row 213
  PDB: 5u4x
  Warhead (input): SAH
  Warhead_5 (if mapped): (blank)
  SMILES lookup key: SAH
  SMILES found? YES
--------------------------------------------------
Row 214
  PDB: 5u4x
  Warhead (input): 7VM
  Warhead_5 (if mapped): (blank)
  SMILES lookup key: 7VM
  SMILES found? YES
--------------------------------------------------
Row 215
  PDB: 5tbj
  Warhead (input): LHD
  Warhead_5 (if mapped): (blank)
  SMILES lookup key: LHD
  SMILES found? YES
--------------------------------------------------
Row 216
  PDB: 5u4x
  Warhead (input): 7VM
  Warhead_5 (if mapped): (blank)
  SMILES lookup key: 7VM
  SMILES found? YES
--------------------------------------------------
Row 217
  PDB: 5u4x
  Warhead (input): SAH
  Warhead_5 (if mapped): (blank)
  SMILES lookup key: SAH
  SMILES found? YES
--------------------------------------------------
Row 218
  PDB: 5u4x
  Warhead (input): 7VM
  Warhead_5 (if mapped): (blank)
  SMILES lookup key: 7VM
  SMILES found? YES
--------------------------------------------------
Row 219
  PDB: 5u4x
  Warhead (input): SAH
  Warhead_5 (if mapped): (blank)
  SMILES lookup key: SAH
  SMILES found? YES
--------------------------------------------------
Row 220
  PDB: 5u4x
  Warhead (input): SAH
  Warhead_5 (if mapped): (blank)
  SMILES lookup key: SAH
  SMILES found? YES
--------------------------------------------------
Row 221
  PDB: 5u4x
  Warhead (input): 7VM
  Warhead_5 (if mapped): (blank)
  SMILES lookup key: 7VM
  SMILES found? YES
--------------------------------------------------
Row 222
  PDB: 6arj
  Warhead (input): BW4
  Warhead_5 (if mapped): (blank)
  SMILES lookup key: BW4
  SMILES found? YES
--------------------------------------------------
Row 223
  PDB: 6arj
  Warhead (input): SAH
  Warhead_5 (if mapped): (blank)
  SMILES lookup key: SAH
  SMILES found? YES
--------------------------------------------------
Row 224
  PDB: 6arj
  Warhead (input): BW4
  Warhead_5 (if mapped): (blank)
  SMILES lookup key: BW4
  SMILES found? YES
--------------------------------------------------
Row 225
  PDB: 6arj
  Warhead (input): SAH
  Warhead_5 (if mapped): (blank)
  SMILES lookup key: SAH
  SMILES found? YES
--------------------------------------------------
Row 226
  PDB: 6arj
  Warhead (input): SAH
  Warhead_5 (if mapped): (blank)
  SMILES lookup key: SAH
  SMILES found? YES
--------------------------------------------------
Row 227
  PDB: 6arj
  Warhead (input): BW4
  Warhead_5 (if mapped): (blank)
  SMILES lookup key: BW4
  SMILES found? YES
--------------------------------------------------
Row 228
  PDB: 6arv
  Warhead (input): BW7
  Warhead_5 (if mapped): (blank)
  SMILES lookup key: BW7
  SMILES found? YES
--------------------------------------------------
Row 229
  PDB: 6arj
  Warhead (input): SAH
  Warhead_5 (if mapped): (blank)
  SMILES lookup key: SAH
  SMILES found? YES
--------------------------------------------------
Row 230
  PDB: 6arj
  Warhead (input): BW4
  Warhead_5 (if mapped): (blank)
  SMILES lookup key: BW4
  SMILES found? YES
--------------------------------------------------
Row 231
  PDB: 6arv
  Warhead (input): BW7
  Warhead_5 (if mapped): (blank)
  SMILES lookup key: BW7
  SMILES found? YES
--------------------------------------------------
Row 232
  PDB: 6arv
  Warhead (input): SAH
  Warhead_5 (if mapped): (blank)
  SMILES lookup key: SAH
  SMILES found? YES
--------------------------------------------------
Row 233
  PDB: 6arv
  Warhead (input): SAH
  Warhead_5 (if mapped): (blank)
  SMILES lookup key: SAH
  SMILES found? YES
--------------------------------------------------
Row 234
  PDB: 6arv
  Warhead (input): SAH
  Warhead_5 (if mapped): (blank)
  SMILES lookup key: SAH
  SMILES found? YES
--------------------------------------------------
Row 235
  PDB: 6arv
  Warhead (input): BW7
  Warhead_5 (if mapped): (blank)
  SMILES lookup key: BW7
  SMILES found? YES
--------------------------------------------------
Row 236
  PDB: 6arv
  Warhead (input): BW7
  Warhead_5 (if mapped): (blank)
  SMILES lookup key: BW7
  SMILES found? YES
--------------------------------------------------
Row 237
  PDB: 6d2l
  Warhead (input): FTG
  Warhead_5 (if mapped): (blank)
  SMILES lookup key: FTG
  SMILES found? YES
--------------------------------------------------
Row 238
  PDB: 6arv
  Warhead (input): SAH
  Warhead_5 (if mapped): (blank)
  SMILES lookup key: SAH
  SMILES found? YES
--------------------------------------------------
Row 239
  PDB: 6d2l
  Warhead (input): FTG
  Warhead_5 (if mapped): (blank)
  SMILES lookup key: FTG
  SMILES found? YES
--------------------------------------------------
Row 240
  PDB: 6d2l
  Warhead (input): FTG
  Warhead_5 (if mapped): (blank)
  SMILES lookup key: FTG
  SMILES found? YES
--------------------------------------------------
Row 241
  PDB: 6d2l
  Warhead (input): FTG
  Warhead_5 (if mapped): (blank)
  SMILES lookup key: FTG
  SMILES found? YES
--------------------------------------------------
Row 242
  PDB: 6d2l
  Warhead (input): FTG
  Warhead_5 (if mapped): (blank)
  SMILES lookup key: FTG
  SMILES found? YES
--------------------------------------------------
Row 243
  PDB: 6dvr
  Warhead (input): HDG
  Warhead_5 (if mapped): (blank)
  SMILES lookup key: HDG
  SMILES found? YES
--------------------------------------------------
Row 244
  PDB: 6d2l
  Warhead (input): FTG
  Warhead_5 (if mapped): (blank)
  SMILES lookup key: FTG
  SMILES found? YES
--------------------------------------------------
Row 245
  PDB: 6dvr
  Warhead (input): P15
  Warhead_5 (if mapped): (blank)
  SMILES lookup key: P15
  SMILES found? YES
--------------------------------------------------
Row 246
  PDB: 6dvr
  Warhead (input): HDG
  Warhead_5 (if mapped): (blank)
  SMILES lookup key: HDG
  SMILES found? YES
--------------------------------------------------
Row 247
  PDB: 6dvr
  Warhead (input): P15
  Warhead_5 (if mapped): (blank)
  SMILES lookup key: P15
  SMILES found? YES
--------------------------------------------------
Row 248
  PDB: 6s70
  Warhead (input): KYB
  Warhead_5 (if mapped): (blank)
  SMILES lookup key: KYB
  SMILES found? YES
--------------------------------------------------
Row 249
  PDB: 6izq
  Warhead (input): XJ2
  Warhead_5 (if mapped): (blank)
  SMILES lookup key: XJ2
  SMILES found? YES
--------------------------------------------------
Row 250
  PDB: 6s70
  Warhead (input): KYB
  Warhead_5 (if mapped): (blank)
  SMILES lookup key: KYB
  SMILES found? YES
--------------------------------------------------
Row 251
  PDB: 6s70
  Warhead (input): KYB
  Warhead_5 (if mapped): (blank)
  SMILES lookup key: KYB
  SMILES found? YES
--------------------------------------------------
Row 252
  PDB: 6s70
  Warhead (input): KYB
  Warhead_5 (if mapped): (blank)
  SMILES lookup key: KYB
  SMILES found? YES
--------------------------------------------------
Row 253
  PDB: 6s71
  Warhead (input): KYE
  Warhead_5 (if mapped): (blank)
  SMILES lookup key: KYE
  SMILES found? YES
--------------------------------------------------
Row 254
  PDB: 6s71
  Warhead (input): KYE
  Warhead_5 (if mapped): (blank)
  SMILES lookup key: KYE
  SMILES found? YES
--------------------------------------------------
Row 255
  PDB: 6s71
  Warhead (input): KYE
  Warhead_5 (if mapped): (blank)
  SMILES lookup key: KYE
  SMILES found? YES
--------------------------------------------------
Row 256
  PDB: 6s74
  Warhead (input): KY8
  Warhead_5 (if mapped): (blank)
  SMILES lookup key: KY8
  SMILES found? YES
--------------------------------------------------
Row 257
  PDB: 6s71
  Warhead (input): KYE
  Warhead_5 (if mapped): (blank)
  SMILES lookup key: KYE
  SMILES found? YES
--------------------------------------------------
Row 258
  PDB: 6s74
  Warhead (input): KY8
  Warhead_5 (if mapped): (blank)
  SMILES lookup key: KY8
  SMILES found? YES
--------------------------------------------------
Row 259
  PDB: 6s74
  Warhead (input): KY8
  Warhead_5 (if mapped): (blank)
  SMILES lookup key: KY8
  SMILES found? YES
--------------------------------------------------
Row 260
  PDB: 6s77
  Warhead (input): KXW
  Warhead_5 (if mapped): (blank)
  SMILES lookup key: KXW
  SMILES found? YES
--------------------------------------------------
Row 261
  PDB: 6s74
  Warhead (input): KY8
  Warhead_5 (if mapped): (blank)
  SMILES lookup key: KY8
  SMILES found? YES
--------------------------------------------------
Row 262
  PDB: 6s77
  Warhead (input): KXW
  Warhead_5 (if mapped): (blank)
  SMILES lookup key: KXW
  SMILES found? YES
--------------------------------------------------
Row 263
  PDB: 6s77
  Warhead (input): KXW
  Warhead_5 (if mapped): (blank)
  SMILES lookup key: KXW
  SMILES found? YES
--------------------------------------------------
Row 264
  PDB: 6s79
  Warhead (input): KXW
  Warhead_5 (if mapped): (blank)
  SMILES lookup key: KXW
  SMILES found? YES
--------------------------------------------------
Row 265
  PDB: 6s77
  Warhead (input): KXW
  Warhead_5 (if mapped): (blank)
  SMILES lookup key: KXW
  SMILES found? YES
--------------------------------------------------
Row 266
  PDB: 6s79
  Warhead (input): KXW
  Warhead_5 (if mapped): (blank)
  SMILES lookup key: KXW
  SMILES found? YES
--------------------------------------------------
Row 267
  PDB: 6s79
  Warhead (input): KXW
  Warhead_5 (if mapped): (blank)
  SMILES lookup key: KXW
  SMILES found? YES
--------------------------------------------------
Row 268
  PDB: 6s79
  Warhead (input): KXW
  Warhead_5 (if mapped): (blank)
  SMILES lookup key: KXW
  SMILES found? YES
--------------------------------------------------
Row 269
  PDB: 6s7a
  Warhead (input): KY5
  Warhead_5 (if mapped): (blank)
  SMILES lookup key: KY5
  SMILES found? YES
--------------------------------------------------
Row 270
  PDB: 6s7a
  Warhead (input): KY5
  Warhead_5 (if mapped): (blank)
  SMILES lookup key: KY5
  SMILES found? YES
--------------------------------------------------
Row 271
  PDB: 6s7a
  Warhead (input): KY5
  Warhead_5 (if mapped): (blank)
  SMILES lookup key: KY5
  SMILES found? YES
--------------------------------------------------
Row 272
  PDB: 6s7b
  Warhead (input): KYH
  Warhead_5 (if mapped): (blank)
  SMILES lookup key: KYH
  SMILES found? YES
--------------------------------------------------
Row 273
  PDB: 6s7a
  Warhead (input): KY5
  Warhead_5 (if mapped): (blank)
  SMILES lookup key: KY5
  SMILES found? YES
--------------------------------------------------
Row 274
  PDB: 6s7b
  Warhead (input): KYH
  Warhead_5 (if mapped): (blank)
  SMILES lookup key: KYH
  SMILES found? YES
--------------------------------------------------
Row 275
  PDB: 6s7b
  Warhead (input): KYH
  Warhead_5 (if mapped): (blank)
  SMILES lookup key: KYH
  SMILES found? YES
--------------------------------------------------
Row 276
  PDB: 6s7b
  Warhead (input): KYH
  Warhead_5 (if mapped): (blank)
  SMILES lookup key: KYH
  SMILES found? YES
--------------------------------------------------
Row 277
  PDB: 6s7c
  Warhead (input): KY2
  Warhead_5 (if mapped): (blank)
  SMILES lookup key: KY2
  SMILES found? YES
--------------------------------------------------
Row 278
  PDB: 6s7c
  Warhead (input): KY2
  Warhead_5 (if mapped): (blank)
  SMILES lookup key: KY2
  SMILES found? YES
--------------------------------------------------
Row 279
  PDB: 6s7c
  Warhead (input): KY2
  Warhead_5 (if mapped): (blank)
  SMILES lookup key: KY2
  SMILES found? YES
--------------------------------------------------
Row 280
  PDB: 7fai
  Warhead (input): XJ3
  Warhead_5 (if mapped): (blank)
  SMILES lookup key: XJ3
  SMILES found? YES
--------------------------------------------------
Row 281
  PDB: 7fai
  Warhead (input): XJ3
  Warhead_5 (if mapped): (blank)
  SMILES lookup key: XJ3
  SMILES found? YES
--------------------------------------------------
Row 282
  PDB: 6s7c
  Warhead (input): KY2
  Warhead_5 (if mapped): (blank)
  SMILES lookup key: KY2
  SMILES found? YES
--------------------------------------------------
Row 283
  PDB: 7fai
  Warhead (input): XJ3
  Warhead_5 (if mapped): (blank)
  SMILES lookup key: XJ3
  SMILES found? YES
--------------------------------------------------
Row 284
  PDB: 7fai
  Warhead (input): XJ3
  Warhead_5 (if mapped): (blank)
  SMILES lookup key: XJ3
  SMILES found? YES
--------------------------------------------------
Row 285
  PDB: 7faj
  Warhead (input): XJ4
  Warhead_5 (if mapped): (blank)
  SMILES lookup key: XJ4
  SMILES found? YES
--------------------------------------------------
Row 286
  PDB: 7faj
  Warhead (input): XJ4
  Warhead_5 (if mapped): (blank)
  SMILES lookup key: XJ4
  SMILES found? YES
--------------------------------------------------
Row 287
  PDB: 7okp
  Warhead (input): QVR
  Warhead_5 (if mapped): (blank)
  SMILES lookup key: QVR
  SMILES found? YES
--------------------------------------------------
Row 288
  PDB: 7faj
  Warhead (input): XJ4
  Warhead_5 (if mapped): (blank)
  SMILES lookup key: XJ4
  SMILES found? YES
--------------------------------------------------
Row 289
  PDB: 7okp
  Warhead (input): QVR
  Warhead_5 (if mapped): (blank)
  SMILES lookup key: QVR
  SMILES found? YES
--------------------------------------------------
Row 290
  PDB: 7okp
  Warhead (input): QVR
  Warhead_5 (if mapped): (blank)
  SMILES lookup key: QVR
  SMILES found? YES
--------------------------------------------------
Row 291
  PDB: 7faj
  Warhead (input): XJ4
  Warhead_5 (if mapped): (blank)
  SMILES lookup key: XJ4
  SMILES found? YES
--------------------------------------------------
Row 292
  PDB: 7okp
  Warhead (input): QVR
  Warhead_5 (if mapped): (blank)
  SMILES lookup key: QVR
  SMILES found? YES
--------------------------------------------------
Row 293
  PDB: 7os4
  Warhead (input): QVR
  Warhead_5 (if mapped): (blank)
  SMILES lookup key: QVR
  SMILES found? YES
--------------------------------------------------
Row 294
  PDB: 7os4
  Warhead (input): QVR
  Warhead_5 (if mapped): (blank)
  SMILES lookup key: QVR
  SMILES found? YES
--------------------------------------------------
Row 295
  PDB: 7os4
  Warhead (input): QVR
  Warhead_5 (if mapped): (blank)
  SMILES lookup key: QVR
  SMILES found? YES
--------------------------------------------------
Row 296
  PDB: 7os4
  Warhead (input): QVR
  Warhead_5 (if mapped): (blank)
  SMILES lookup key: QVR
  SMILES found? YES
--------------------------------------------------
Row 297
  PDB: 7ppq
  Warhead (input): LSK
  Warhead_5 (if mapped): (blank)
  SMILES lookup key: LSK
  SMILES found? YES
--------------------------------------------------
Row 298
  PDB: 7ppq
  Warhead (input): LSK
  Warhead_5 (if mapped): (blank)
  SMILES lookup key: LSK
  SMILES found? YES
--------------------------------------------------
Row 299
  PDB: 7ppq
  Warhead (input): LSK
  Warhead_5 (if mapped): (blank)
  SMILES lookup key: LSK
  SMILES found? YES
--------------------------------------------------
Row 300
  PDB: 7ppq
  Warhead (input): LSK
  Warhead_5 (if mapped): (blank)
  SMILES lookup key: LSK
  SMILES found? YES
--------------------------------------------------
Row 301
  PDB: 7ppy
  Warhead (input): 7ZH
  Warhead_5 (if mapped): (blank)
  SMILES lookup key: 7ZH
  SMILES found? YES
--------------------------------------------------
Row 302
  PDB: 7ppy
  Warhead (input): 7ZH
  Warhead_5 (if mapped): (blank)
  SMILES lookup key: 7ZH
  SMILES found? YES
--------------------------------------------------
Row 303
  PDB: 7ppy
  Warhead (input): 7ZH
  Warhead_5 (if mapped): (blank)
  SMILES lookup key: 7ZH
  SMILES found? YES
--------------------------------------------------
Row 304
  PDB: 7pu8
  Warhead (input): 4R7
  Warhead_5 (if mapped): (blank)
  SMILES lookup key: 4R7
  SMILES found? YES
--------------------------------------------------
Row 305
  PDB: 7ppy
  Warhead (input): 7ZH
  Warhead_5 (if mapped): (blank)
  SMILES lookup key: 7ZH
  SMILES found? YES
--------------------------------------------------
Row 306
  PDB: 7pu8
  Warhead (input): 4R7
  Warhead_5 (if mapped): (blank)
  SMILES lookup key: 4R7
  SMILES found? YES
--------------------------------------------------
Row 307
  PDB: 7pu8
  Warhead (input): 4R7
  Warhead_5 (if mapped): (blank)
  SMILES lookup key: 4R7
  SMILES found? YES
--------------------------------------------------
Row 308
  PDB: 7pu8
  Warhead (input): 4R7
  Warhead_5 (if mapped): (blank)
  SMILES lookup key: 4R7
  SMILES found? YES
--------------------------------------------------
Row 309
  PDB: 7puc
  Warhead (input): 85U
  Warhead_5 (if mapped): (blank)
  SMILES lookup key: 85U
  SMILES found? YES
--------------------------------------------------
Row 310
  PDB: 7puc
  Warhead (input): 85U
  Warhead_5 (if mapped): (blank)
  SMILES lookup key: 85U
  SMILES found? YES
--------------------------------------------------
Row 311
  PDB: 7puc
  Warhead (input): 85U
  Warhead_5 (if mapped): (blank)
  SMILES lookup key: 85U
  SMILES found? YES
--------------------------------------------------
Row 312
  PDB: 7puc
  Warhead (input): 85U
  Warhead_5 (if mapped): (blank)
  SMILES lookup key: 85U
  SMILES found? YES
--------------------------------------------------
Row 313
  PDB: 7puq
  Warhead (input): 867
  Warhead_5 (if mapped): (blank)
  SMILES lookup key: 867
  SMILES found? YES
--------------------------------------------------
Row 314
  PDB: 7puq
  Warhead (input): 867
  Warhead_5 (if mapped): (blank)
  SMILES lookup key: 867
  SMILES found? YES
--------------------------------------------------
Row 315
  PDB: 7puq
  Warhead (input): 867
  Warhead_5 (if mapped): (blank)
  SMILES lookup key: 867
  SMILES found? YES
--------------------------------------------------
Row 316
  PDB: 7pv6
  Warhead (input): LRZ
  Warhead_5 (if mapped): (blank)
  SMILES lookup key: LRZ
  SMILES found? YES
--------------------------------------------------
Row 317
  PDB: 7pv6
  Warhead (input): LRZ
  Warhead_5 (if mapped): (blank)
  SMILES lookup key: LRZ
  SMILES found? YES
--------------------------------------------------
Row 318
  PDB: 7puq
  Warhead (input): 867
  Warhead_5 (if mapped): (blank)
  SMILES lookup key: 867
  SMILES found? YES
--------------------------------------------------
Row 319
  PDB: 7qph
  Warhead (input): QVR
  Warhead_5 (if mapped): (blank)
  SMILES lookup key: QVR
  SMILES found? YES
--------------------------------------------------
Row 320
  PDB: 7qph
  Warhead (input): QVR
  Warhead_5 (if mapped): (blank)
  SMILES lookup key: QVR
  SMILES found? YES
--------------------------------------------------
Row 321
  PDB: 7qph
  Warhead (input): QVR
  Warhead_5 (if mapped): (blank)
  SMILES lookup key: QVR
  SMILES found? YES
--------------------------------------------------
Row 322
  PDB: 7pv6
  Warhead (input): LRZ
  Warhead_5 (if mapped): (blank)
  SMILES lookup key: LRZ
  SMILES found? YES
--------------------------------------------------
Row 323
  PDB: 7pv6
  Warhead (input): LRZ
  Warhead_5 (if mapped): (blank)
  SMILES lookup key: LRZ
  SMILES found? YES
--------------------------------------------------
Row 324
  PDB: 7qph
  Warhead (input): QVR
  Warhead_5 (if mapped): (blank)
  SMILES lookup key: QVR
  SMILES found? YES
--------------------------------------------------
Row 325
  PDB: 7qrd
  Warhead (input): SAH
  Warhead_5 (if mapped): (blank)
  SMILES lookup key: SAH
  SMILES found? YES
--------------------------------------------------
Row 326
  PDB: 7qrd
  Warhead (input): QVR
  Warhead_5 (if mapped): (blank)
  SMILES lookup key: QVR
  SMILES found? YES
--------------------------------------------------
Row 327
  PDB: 7qrd
  Warhead (input): QVR
  Warhead_5 (if mapped): (blank)
  SMILES lookup key: QVR
  SMILES found? YES
--------------------------------------------------
Row 328
  PDB: 7u9i
  Warhead (input): 44T
  Warhead_5 (if mapped): (blank)
  SMILES lookup key: 44T
  SMILES found? YES
--------------------------------------------------
Row 329
  PDB: 7u9i
  Warhead (input): 44T
  Warhead_5 (if mapped): (blank)
  SMILES lookup key: 44T
  SMILES found? YES
--------------------------------------------------
Row 330
  PDB: 7qrd
  Warhead (input): SAH
  Warhead_5 (if mapped): (blank)
  SMILES lookup key: SAH
  SMILES found? YES
--------------------------------------------------
Row 331
  PDB: 8g2h
  Warhead (input): YVU
  Warhead_5 (if mapped): (blank)
  SMILES lookup key: YVU
  SMILES found? YES
--------------------------------------------------
Row 332
  PDB: 8g2i
  Warhead (input): I0B
  Warhead_5 (if mapped): (blank)
  SMILES lookup key: I0B
  SMILES found? YES
--------------------------------------------------
Row 333
  PDB: 8sig
  Warhead (input): GWU
  Warhead_5 (if mapped): (blank)
  SMILES lookup key: GWU
  SMILES found? YES
--------------------------------------------------
Row 334
  PDB: 8uqh
  Warhead (input): X9L
  Warhead_5 (if mapped): (blank)
  SMILES lookup key: X9L
  SMILES found? YES
--------------------------------------------------
Row 335
  PDB: 8sih
  Warhead (input): I1K
  Warhead_5 (if mapped): (blank)
  SMILES lookup key: I1K
  SMILES found? YES
--------------------------------------------------
Row 336
  PDB: 8uqh
  Warhead (input): X9L
  Warhead_5 (if mapped): (blank)
  SMILES lookup key: X9L
  SMILES found? YES
--------------------------------------------------
Row 337
  PDB: 8uqh
  Warhead (input): X9L
  Warhead_5 (if mapped): (blank)
  SMILES lookup key: X9L
  SMILES found? YES
--------------------------------------------------
Row 338
  PDB: 8uqh
  Warhead (input): X9L
  Warhead_5 (if mapped): (blank)
  SMILES lookup key: X9L
  SMILES found? YES
--------------------------------------------------
Row 339
  PDB: 9i0a
  Warhead (input): A00
  Warhead_5 (if mapped): A1IZI
  SMILES lookup key: A1IZI
  SMILES found? YES
--------------------------------------------------
Row 340
  PDB: 9i0a
  Warhead (input): A00
  Warhead_5 (if mapped): A1IZI
  SMILES lookup key: A1IZI
  SMILES found? YES
--------------------------------------------------
Row 341
  PDB: 9i0a
  Warhead (input): A00
  Warhead_5 (if mapped): A1IZI
  SMILES lookup key: A1IZI
  SMILES found? YES
--------------------------------------------------
Row 342
  PDB: 9i0a
  Warhead (input): A00
  Warhead_5 (if mapped): A1IZI
  SMILES lookup key: A1IZI
  SMILES found? YES
--------------------------------------------------
Row 343
  PDB: 9i1t
  Warhead (input): A01
  Warhead_5 (if mapped): A1IZ2
  SMILES lookup key: A1IZ2
  SMILES found? YES
--------------------------------------------------
Row 344
  PDB: 9i1t
  Warhead (input): A01
  Warhead_5 (if mapped): A1IZ2
  SMILES lookup key: A1IZ2
  SMILES found? YES
--------------------------------------------------
Row 345
  PDB: 9i1t
  Warhead (input): A01
  Warhead_5 (if mapped): A1IZ2
  SMILES lookup key: A1IZ2
  SMILES found? YES
--------------------------------------------------
Row 346
  PDB: 9i1t
  Warhead (input): A01
  Warhead_5 (if mapped): A1IZ2
  SMILES lookup key: A1IZ2
  SMILES found? YES
--------------------------------------------------
Row 347
  PDB: 9i9u
  Warhead (input): A02
  Warhead_5 (if mapped): A1I1H
  SMILES lookup key: A1I1H
  SMILES found? NO
  ❌ No SMILES for lookup key in smiles_map.
--------------------------------------------------
Row 348
  PDB: 9i9u
  Warhead (input): A02
  Warhead_5 (if mapped): A1I1H
  SMILES lookup key: A1I1H
  SMILES found? NO
  ❌ No SMILES for lookup key in smiles_map.
--------------------------------------------------
Row 349
  PDB: 9i9u
  Warhead (input): A02
  Warhead_5 (if mapped): A1I1H
  SMILES lookup key: A1I1H
  SMILES found? NO
  ❌ No SMILES for lookup key in smiles_map.
--------------------------------------------------
Row 350
  PDB: 9o37
  Warhead (input): A03
  Warhead_5 (if mapped): A1B7X
  SMILES lookup key: A1B7X
  SMILES found? NO
  ❌ No SMILES for lookup key in smiles_map.
--------------------------------------------------
Row 351
  PDB: 9o6h
  Warhead (input): A04
  Warhead_5 (if mapped): A1B9W
  SMILES lookup key: A1B9W
  SMILES found? NO
  ❌ No SMILES for lookup key in smiles_map.
--------------------------------------------------
Row 352
  PDB: 9o6h
  Warhead (input): A04
  Warhead_5 (if mapped): A1B9W
  SMILES lookup key: A1B9W
  SMILES found? NO
  ❌ No SMILES for lookup key in smiles_map.
--------------------------------------------------
Row 353
  PDB: 9i9u
  Warhead (input): A02
  Warhead_5 (if mapped): A1I1H
  SMILES lookup key: A1I1H
  SMILES found? NO
  ❌ No SMILES for lookup key in smiles_map.
--------------------------------------------------
Row 354
  PDB: 9o6h
  Warhead (input): A04
  Warhead_5 (if mapped): A1B9W
  SMILES lookup key: A1B9W
  SMILES found? NO
  ❌ No SMILES for lookup key in smiles_map.
--------------------------------------------------
Row 355
  PDB: 9o6h
  Warhead (input): A04
  Warhead_5 (if mapped): A1B9W
  SMILES lookup key: A1B9W
  SMILES found? NO
  ❌ No SMILES for lookup key in smiles_map.
🔬 END RESOLUTION TRACE
✅ Filtered SASA table: removed 0 ion-only rows; remaining 356 rows
💾 Saved Resolved_SASA_Summary.csv
💾 Saved Ligand_PDB_Index.csv
🚀 Launching metadata engine mode=threads max_workers=3
🧪 Computing descriptors:   0%|          | 0/67 [00:00<?, ?it/s]
🧪 Computing descriptors:   1%|▏         | 1/67 [00:00<00:09,  6.62it/s]
🧪 Computing descriptors:   6%|▌         | 4/67 [00:00<00:04, 15.01it/s]
🧪 Computing descriptors:  10%|█         | 7/67 [00:00<00:03, 19.84it/s]
🧪 Computing descriptors:  15%|█▍        | 10/67 [00:00<00:02, 22.84it/s]
🧪 Computing descriptors:  19%|█▉        | 13/67 [00:00<00:02, 22.38it/s]
🧪 Computing descriptors:  24%|██▍       | 16/67 [00:00<00:02, 21.72it/s]
🧪 Computing descriptors:  28%|██▊       | 19/67 [00:00<00:02, 22.83it/s]
🧪 Computing descriptors:  33%|███▎      | 22/67 [00:01<00:01, 23.52it/s]
🧪 Computing descriptors:  37%|███▋      | 25/67 [00:01<00:01, 25.03it/s]
🧪 Computing descriptors:  42%|████▏     | 28/67 [00:01<00:01, 25.85it/s]
🧪 Computing descriptors:  46%|████▋     | 31/67 [00:01<00:01, 26.37it/s]
🧪 Computing descriptors:  51%|█████     | 34/67 [00:01<00:01, 25.20it/s]
🧪 Computing descriptors:  55%|█████▌    | 37/67 [00:01<00:01, 25.64it/s]
🧪 Computing descriptors:  60%|█████▉    | 40/67 [00:01<00:01, 25.88it/s]
🧪 Computing descriptors:  64%|██████▍   | 43/67 [00:01<00:00, 26.41it/s]
🧪 Computing descriptors:  69%|██████▊   | 46/67 [00:01<00:00, 27.20it/s]
🧪 Computing descriptors:  73%|███████▎  | 49/67 [00:02<00:00, 27.27it/s]
🧪 Computing descriptors:  78%|███████▊  | 52/67 [00:02<00:00, 27.02it/s]
🧪 Computing descriptors:  82%|████████▏ | 55/67 [00:02<00:00, 26.87it/s]
🧪 Computing descriptors:  87%|████████▋ | 58/67 [00:02<00:00, 26.24it/s]
🧪 Computing descriptors:  91%|█████████ | 61/67 [00:02<00:00, 25.69it/s]
🧪 Computing descriptors: 100%|██████████| 67/67 [00:02<00:00, 34.05it/s]
🧪 Computing descriptors: 100%|██████████| 67/67 [00:02<00:00, 25.73it/s]
📊 Ligand metadata rows: total=64 success=64 failures=0
🎉 COMPLETE → Ligand_Metadata.csv
===================================================================
[08:22:10] [mem] after 7_metadata.py parent=65.6MB delta=+0.0MB combined_peak=220.3MB child_peak=154.7MB
[08:22:10] 🚀 Running 8_scaffold.py...
[08:22:10] 🐍 Pipeline Python: /app/.heroku/python/bin/python
[08:22:10] [mem] before 8_scaffold.py parent=65.8MB combined=65.8MB
[08:22:10] 🧵 Worker caps for 8_scaffold.py: pipeline_max=1 WARHEAD_SQCHK_MAX_WORKERS=1 WARHEAD_PDBMKR_MAX_WORKERS=1 WARHEAD_SASA_MAX_WORKERS=3 WARHEAD_METADATA_MAX_WORKERS=3 WARHEAD_MCS_MAX_WORKERS=3
[08:22:10] ⏱ No-output watchdog for 8_scaffold.py: 180s
[08:22:10] [mem] running 8_scaffold.py parent=65.8MB child_tree=1.2MB combined=67.0MB
📥 Loaded 356 rows from Resolved_SASA_Summary.csv
🔬 Found 1 protein targets.
✅ Stage 1 complete — base scaffold mapping and diversity scores saved.
🎉 Stage 2 complete — advanced scaffold data saved.
📦 All tables written to Target_Table/
[08:22:13] [mem] after 8_scaffold.py parent=65.8MB delta=+0.0MB combined_peak=192.3MB child_peak=126.5MB
[08:22:13] 🚀 Running 9_2Dmapping.py...
[08:22:13] 🐍 Pipeline Python: /app/.heroku/python/bin/python
[08:22:13] [mem] before 9_2Dmapping.py parent=65.8MB combined=65.8MB
[08:22:13] 🧵 Worker caps for 9_2Dmapping.py: pipeline_max=1 WARHEAD_SQCHK_MAX_WORKERS=1 WARHEAD_PDBMKR_MAX_WORKERS=1 WARHEAD_SASA_MAX_WORKERS=3 WARHEAD_METADATA_MAX_WORKERS=3 WARHEAD_MCS_MAX_WORKERS=3
[08:22:13] ⏱ No-output watchdog for 9_2Dmapping.py: 180s
[08:22:13] [mem] running 9_2Dmapping.py parent=65.8MB child_tree=0.6MB combined=66.4MB
📥 Loading: Resolved_SASA_Summary.csv
✅ Using: Target=Target, Ligand=Warhead, SMILES=SMILES
🧬 Generating atom-level mapping...
🎉 SUCCESS: All maps saved to Target_Table
[08:22:13] [mem] after 9_2Dmapping.py parent=65.8MB delta=+0.0MB combined_peak=66.4MB child_peak=0.6MB
[08:22:13] 🚀 Running 10_2DmappingExtraction.py...
[08:22:13] 🐍 Pipeline Python: /app/.heroku/python/bin/python
[08:22:13] [mem] before 10_2DmappingExtraction.py parent=65.8MB combined=65.8MB
[08:22:13] 🧵 Worker caps for 10_2DmappingExtraction.py: pipeline_max=1 WARHEAD_SQCHK_MAX_WORKERS=1 WARHEAD_PDBMKR_MAX_WORKERS=1 WARHEAD_SASA_MAX_WORKERS=3 WARHEAD_METADATA_MAX_WORKERS=3 WARHEAD_MCS_MAX_WORKERS=3
[08:22:13] ⏱ No-output watchdog for 10_2DmappingExtraction.py: 180s
[08:22:13] [mem] running 10_2DmappingExtraction.py parent=65.8MB child_tree=1.2MB combined=67.0MB
✅ Extracted ligand atom coordinates for 14061 atoms
💾 Saved → Ligand_3D_Atoms.csv
[08:22:13] [mem] after 10_2DmappingExtraction.py parent=65.8MB delta=+0.0MB combined_peak=67.0MB child_peak=1.2MB
[08:22:13] 🚀 Running 11_mcsMatcher.py...
[08:22:13] 🐍 Pipeline Python: /app/.heroku/python/bin/python
[08:22:13] [mem] before 11_mcsMatcher.py parent=65.8MB combined=65.8MB
[08:22:13] 🧵 Worker caps for 11_mcsMatcher.py: pipeline_max=1 WARHEAD_SQCHK_MAX_WORKERS=1 WARHEAD_PDBMKR_MAX_WORKERS=1 WARHEAD_SASA_MAX_WORKERS=3 WARHEAD_METADATA_MAX_WORKERS=3 WARHEAD_MCS_MAX_WORKERS=3
[08:22:13] ⏱ No-output watchdog for 11_mcsMatcher.py: 300s
[08:22:13] [mem] running 11_mcsMatcher.py parent=65.8MB child_tree=0.7MB combined=66.5MB
ℹ️ No ligand alias resolution required (all ligands resolved in SMILES map).
🚀 Running MCS on 360 ligand occurrences mode=isolated-sequential max_workers=1
⚙️ Using hard timeout (60s per ligand) via SIGALRM
⚙️ Step 11 heartbeat enabled=1 interval=20s progress_every=1
⚙️ Step 11 skip policy skip_bad_items=1 skip_stuck_items=1 item_isolation=1 max_item_failures=0
🔬 Step 11 item 1/360 start 7u9i_A_44T_501
🖼️ Step 11 SVG ready 7u9i_A_44T_501
🔬 Step 11 item 1/360 done 7u9i_A_44T_501 sdf=written mapped=33 all_atoms=33 dt=0.1s
⏳ Step 11 progress: 1/360
🔬 Step 11 item 2/360 start 7u9i_B_44T_501
🖼️ Step 11 SVG ready 7u9i_B_44T_501
🔬 Step 11 item 2/360 done 7u9i_B_44T_501 sdf=written mapped=33 all_atoms=33 dt=0.1s
⏳ Step 11 progress: 2/360
🔬 Step 11 item 3/360 start 4ikp_A_4IK_501
⚠️ Step 11 item skipped: 3/360 4ikp_A_4IK_501 stage=BUILD_ROWS reason=ITEM_FAILED
🖼️ Step 11 SVG ready 4ikp_A_4IK_501
🔬 Step 11 item 3/360 done 4ikp_A_4IK_501 sdf=written mapped=28 all_atoms=33 dt=0.1s
⏳ Step 11 progress: 3/360
🔬 Step 11 item 4/360 start 4ikp_B_4IK_501
🖼️ Step 11 SVG ready 4ikp_B_4IK_501
🔬 Step 11 item 4/360 done 4ikp_B_4IK_501 sdf=written mapped=28 all_atoms=28 dt=0.1s
⏳ Step 11 progress: 4/360
🔬 Step 11 item 5/360 start 4ikp_C_4IK_501
🖼️ Step 11 SVG ready 4ikp_C_4IK_501
🔬 Step 11 item 5/360 done 4ikp_C_4IK_501 sdf=written mapped=28 all_atoms=28 dt=0.1s
⏳ Step 11 progress: 5/360
🔬 Step 11 item 6/360 start 4ikp_D_4IK_501
🖼️ Step 11 SVG ready 4ikp_D_4IK_501
🔬 Step 11 item 6/360 done 4ikp_D_4IK_501 sdf=written mapped=28 all_atoms=28 dt=0.1s
⏳ Step 11 progress: 6/360
🔬 Step 11 item 7/360 start 7pu8_A_4R7_501
⚠️ Step 11 item skipped: 7/360 7pu8_A_4R7_501 stage=BUILD_ROWS reason=ITEM_FAILED
🖼️ Step 11 SVG ready 7pu8_A_4R7_501
🔬 Step 11 item 7/360 done 7pu8_A_4R7_501 sdf=written mapped=47 all_atoms=82 dt=0.1s
⏳ Step 11 progress: 7/360
🔬 Step 11 item 8/360 start 7pu8_B_4R7_501
⚠️ Step 11 item skipped: 8/360 7pu8_B_4R7_501 stage=BUILD_ROWS reason=ITEM_FAILED
🖼️ Step 11 SVG ready 7pu8_B_4R7_501
🔬 Step 11 item 8/360 done 7pu8_B_4R7_501 sdf=written mapped=47 all_atoms=82 dt=0.1s
⏳ Step 11 progress: 8/360
🔬 Step 11 item 9/360 start 7pu8_C_4R7_501
⚠️ Step 11 item skipped: 9/360 7pu8_C_4R7_501 stage=BUILD_ROWS reason=ITEM_FAILED
🖼️ Step 11 SVG ready 7pu8_C_4R7_501
🔬 Step 11 item 9/360 done 7pu8_C_4R7_501 sdf=written mapped=47 all_atoms=82 dt=0.1s
⏳ Step 11 progress: 9/360
🔬 Step 11 item 10/360 start 7pu8_D_4R7_501
⚠️ Step 11 item skipped: 10/360 7pu8_D_4R7_501 stage=BUILD_ROWS reason=ITEM_FAILED
🖼️ Step 11 SVG ready 7pu8_D_4R7_501
🔬 Step 11 item 10/360 done 7pu8_D_4R7_501 sdf=written mapped=47 all_atoms=82 dt=0.1s
⏳ Step 11 progress: 10/360
🔬 Step 11 item 11/360 start 5isi_A_5N5_501
⚠️ Step 11 item skipped: 11/360 5isi_A_5N5_501 stage=BUILD_ROWS reason=ITEM_FAILED
🖼️ Step 11 SVG ready 5isi_A_5N5_501
🔬 Step 11 item 11/360 done 5isi_A_5N5_501 sdf=written mapped=19 all_atoms=33 dt=0.1s
⏳ Step 11 progress: 11/360
🔬 Step 11 item 12/360 start 5isi_B_5N5_501
⚠️ Step 11 item skipped: 12/360 5isi_B_5N5_501 stage=BUILD_ROWS reason=ITEM_FAILED
🖼️ Step 11 SVG ready 5isi_B_5N5_501
🔬 Step 11 item 12/360 done 5isi_B_5N5_501 sdf=written mapped=19 all_atoms=33 dt=0.1s
⏳ Step 11 progress: 12/360
🔬 Step 11 item 13/360 start 5isi_C_5N5_501
⚠️ Step 11 item skipped: 13/360 5isi_C_5N5_501 stage=BUILD_ROWS reason=ITEM_FAILED
🖼️ Step 11 SVG ready 5isi_C_5N5_501
🔬 Step 11 item 13/360 done 5isi_C_5N5_501 sdf=written mapped=19 all_atoms=33 dt=0.1s
⏳ Step 11 progress: 13/360
🔬 Step 11 item 14/360 start 5isi_D_5N5_501
⚠️ Step 11 item skipped: 14/360 5isi_D_5N5_501 stage=BUILD_ROWS reason=ITEM_FAILED
🖼️ Step 11 SVG ready 5isi_D_5N5_501
🔬 Step 11 item 14/360 done 5isi_D_5N5_501 sdf=written mapped=19 all_atoms=33 dt=0.1s
⏳ Step 11 progress: 14/360
🔬 Step 11 item 15/360 start 5isb_A_6CX_501
⚠️ Step 11 item skipped: 15/360 5isb_A_6CX_501 stage=BUILD_ROWS reason=ITEM_FAILED
🖼️ Step 11 SVG ready 5isb_A_6CX_501
🔬 Step 11 item 15/360 done 5isb_A_6CX_501 sdf=written mapped=32 all_atoms=56 dt=0.1s
⏳ Step 11 progress: 15/360
🔬 Step 11 item 16/360 start 5isb_B_6CX_501
⚠️ Step 11 item skipped: 16/360 5isb_B_6CX_501 stage=BUILD_ROWS reason=ITEM_FAILED
🖼️ Step 11 SVG ready 5isb_B_6CX_501
🔬 Step 11 item 16/360 done 5isb_B_6CX_501 sdf=written mapped=32 all_atoms=56 dt=0.1s
⏳ Step 11 progress: 16/360
🔬 Step 11 item 17/360 start 5isb_C_6CX_501
⚠️ Step 11 item skipped: 17/360 5isb_C_6CX_501 stage=BUILD_ROWS reason=ITEM_FAILED
🖼️ Step 11 SVG ready 5isb_C_6CX_501
🔬 Step 11 item 17/360 done 5isb_C_6CX_501 sdf=written mapped=32 all_atoms=56 dt=0.1s
⏳ Step 11 progress: 17/360
🔬 Step 11 item 18/360 start 5isb_D_6CX_501
⚠️ Step 11 item skipped: 18/360 5isb_D_6CX_501 stage=BUILD_ROWS reason=ITEM_FAILED
🖼️ Step 11 SVG ready 5isb_D_6CX_501
🔬 Step 11 item 18/360 done 5isb_D_6CX_501 sdf=written mapped=32 all_atoms=56 dt=0.1s
⏳ Step 11 progress: 18/360
🔬 Step 11 item 19/360 start 5isd_B_6CZ_504
⚠️ Step 11 item skipped: 19/360 5isd_B_6CZ_504 stage=BUILD_ROWS reason=ITEM_FAILED
🖼️ Step 11 SVG ready 5isd_B_6CZ_504
🔬 Step 11 item 19/360 done 5isd_B_6CZ_504 sdf=written mapped=34 all_atoms=60 dt=0.1s
⏳ Step 11 progress: 19/360
🔬 Step 11 item 20/360 start 5isc_B_6D0_501
⚠️ Step 11 item skipped: 20/360 5isc_B_6D0_501 stage=BUILD_ROWS reason=ITEM_FAILED
🖼️ Step 11 SVG ready 5isc_B_6D0_501
🔬 Step 11 item 20/360 done 5isc_B_6D0_501 sdf=written mapped=31 all_atoms=54 dt=0.1s
⏳ Step 11 progress: 20/360
🔬 Step 11 item 21/360 start 5isc_D_6D0_501
⚠️ Step 11 item skipped: 21/360 5isc_D_6D0_501 stage=BUILD_ROWS reason=ITEM_FAILED
🖼️ Step 11 SVG ready 5isc_D_6D0_501
🔬 Step 11 item 21/360 done 5isc_D_6D0_501 sdf=written mapped=31 all_atoms=54 dt=0.1s
⏳ Step 11 progress: 21/360
🔬 Step 11 item 22/360 start 5is8_A_6D1_601
⚠️ Step 11 item skipped: 22/360 5is8_A_6D1_601 stage=BUILD_ROWS reason=ITEM_FAILED
🖼️ Step 11 SVG ready 5is8_A_6D1_601
🔬 Step 11 item 22/360 done 5is8_A_6D1_601 sdf=written mapped=29 all_atoms=52 dt=0.1s
⏳ Step 11 progress: 22/360
🔬 Step 11 item 23/360 start 5is8_B_6D1_601
⚠️ Step 11 item skipped: 23/360 5is8_B_6D1_601 stage=BUILD_ROWS reason=ITEM_FAILED
🖼️ Step 11 SVG ready 5is8_B_6D1_601
🔬 Step 11 item 23/360 done 5is8_B_6D1_601 sdf=written mapped=29 all_atoms=52 dt=0.1s
⏳ Step 11 progress: 23/360
🔬 Step 11 item 24/360 start 5is8_C_6D1_601
⚠️ Step 11 item skipped: 24/360 5is8_C_6D1_601 stage=BUILD_ROWS reason=ITEM_FAILED
🖼️ Step 11 SVG ready 5is8_C_6D1_601
🔬 Step 11 item 24/360 done 5is8_C_6D1_601 sdf=written mapped=29 all_atoms=52 dt=0.1s
⏳ Step 11 progress: 24/360
🔬 Step 11 item 25/360 start 5ise_A_6D2_501
⚠️ Step 11 item skipped: 25/360 5ise_A_6D2_501 stage=BUILD_ROWS reason=ITEM_FAILED
🖼️ Step 11 SVG ready 5ise_A_6D2_501
🔬 Step 11 item 25/360 done 5ise_A_6D2_501 sdf=written mapped=34 all_atoms=61 dt=0.1s
⏳ Step 11 progress: 25/360
🔬 Step 11 item 26/360 start 5ise_B_6D2_501
⚠️ Step 11 item skipped: 26/360 5ise_B_6D2_501 stage=BUILD_ROWS reason=ITEM_FAILED
🖼️ Step 11 SVG ready 5ise_B_6D2_501
🔬 Step 11 item 26/360 done 5ise_B_6D2_501 sdf=written mapped=34 all_atoms=61 dt=0.1s
⏳ Step 11 progress: 26/360
🔬 Step 11 item 27/360 start 5ise_C_6D2_501
⚠️ Step 11 item skipped: 27/360 5ise_C_6D2_501 stage=BUILD_ROWS reason=ITEM_FAILED
🖼️ Step 11 SVG ready 5ise_C_6D2_501
🔬 Step 11 item 27/360 done 5ise_C_6D2_501 sdf=written mapped=34 all_atoms=61 dt=0.1s
⏳ Step 11 progress: 27/360
🔬 Step 11 item 28/360 start 5ise_D_6D2_501
⚠️ Step 11 item skipped: 28/360 5ise_D_6D2_501 stage=BUILD_ROWS reason=ITEM_FAILED
🖼️ Step 11 SVG ready 5ise_D_6D2_501
🔬 Step 11 item 28/360 done 5ise_D_6D2_501 sdf=written mapped=34 all_atoms=61 dt=0.1s
⏳ Step 11 progress: 28/360
🔬 Step 11 item 29/360 start 5is9_A_6D3_501
⚠️ Step 11 item skipped: 29/360 5is9_A_6D3_501 stage=BUILD_ROWS reason=ITEM_FAILED
🖼️ Step 11 SVG ready 5is9_A_6D3_501
🔬 Step 11 item 29/360 done 5is9_A_6D3_501 sdf=written mapped=40 all_atoms=71 dt=0.1s
⏳ Step 11 progress: 29/360
🔬 Step 11 item 30/360 start 5is9_B_6D3_501
⚠️ Step 11 item skipped: 30/360 5is9_B_6D3_501 stage=BUILD_ROWS reason=ITEM_FAILED
🖼️ Step 11 SVG ready 5is9_B_6D3_501
🔬 Step 11 item 30/360 done 5is9_B_6D3_501 sdf=written mapped=40 all_atoms=71 dt=0.1s
⏳ Step 11 progress: 30/360
🔬 Step 11 item 31/360 start 5is9_C_6D3_501
⚠️ Step 11 item skipped: 31/360 5is9_C_6D3_501 stage=BUILD_ROWS reason=ITEM_FAILED
🖼️ Step 11 SVG ready 5is9_C_6D3_501
🔬 Step 11 item 31/360 done 5is9_C_6D3_501 sdf=written mapped=40 all_atoms=71 dt=0.1s
⏳ Step 11 progress: 31/360
🔬 Step 11 item 32/360 start 5is9_D_6D3_501
⚠️ Step 11 item skipped: 32/360 5is9_D_6D3_501 stage=BUILD_ROWS reason=ITEM_FAILED
🖼️ Step 11 SVG ready 5is9_D_6D3_501
🔬 Step 11 item 32/360 done 5is9_D_6D3_501 sdf=written mapped=40 all_atoms=71 dt=0.1s
⏳ Step 11 progress: 32/360
🔬 Step 11 item 33/360 start 5isf_A_6D4_501
⚠️ Step 11 item skipped: 33/360 5isf_A_6D4_501 stage=BUILD_ROWS reason=ITEM_FAILED
🖼️ Step 11 SVG ready 5isf_A_6D4_501
🔬 Step 11 item 33/360 done 5isf_A_6D4_501 sdf=written mapped=31 all_atoms=55 dt=0.1s
⏳ Step 11 progress: 33/360
🔬 Step 11 item 34/360 start 5isf_B_6D4_501
⚠️ Step 11 item skipped: 34/360 5isf_B_6D4_501 stage=BUILD_ROWS reason=ITEM_FAILED
🖼️ Step 11 SVG ready 5isf_B_6D4_501
🔬 Step 11 item 34/360 done 5isf_B_6D4_501 sdf=written mapped=31 all_atoms=55 dt=0.1s
⏳ Step 11 progress: 34/360
🔬 Step 11 item 35/360 start 5isf_D_6D4_501
⚠️ Step 11 item skipped: 35/360 5isf_D_6D4_501 stage=BUILD_ROWS reason=ITEM_FAILED
🖼️ Step 11 SVG ready 5isf_D_6D4_501
🔬 Step 11 item 35/360 done 5isf_D_6D4_501 sdf=written mapped=31 all_atoms=55 dt=0.1s
⏳ Step 11 progress: 35/360
🔬 Step 11 item 36/360 start 5isa_A_6D5_501
⚠️ Step 11 item skipped: 36/360 5isa_A_6D5_501 stage=BUILD_ROWS reason=ITEM_FAILED
🖼️ Step 11 SVG ready 5isa_A_6D5_501
🔬 Step 11 item 36/360 done 5isa_A_6D5_501 sdf=written mapped=32 all_atoms=57 dt=0.1s
⏳ Step 11 progress: 36/360
🔬 Step 11 item 37/360 start 5isa_B_6D5_501
⚠️ Step 11 item skipped: 37/360 5isa_B_6D5_501 stage=BUILD_ROWS reason=ITEM_FAILED
🖼️ Step 11 SVG ready 5isa_B_6D5_501
🔬 Step 11 item 37/360 done 5isa_B_6D5_501 sdf=written mapped=32 all_atoms=57 dt=0.1s
⏳ Step 11 progress: 37/360
🔬 Step 11 item 38/360 start 5isa_C_6D5_501
⚠️ Step 11 item skipped: 38/360 5isa_C_6D5_501 stage=BUILD_ROWS reason=ITEM_FAILED
🖼️ Step 11 SVG ready 5isa_C_6D5_501
🔬 Step 11 item 38/360 done 5isa_C_6D5_501 sdf=written mapped=32 all_atoms=57 dt=0.1s
⏳ Step 11 progress: 38/360
🔬 Step 11 item 39/360 start 5isa_D_6D5_501
⚠️ Step 11 item skipped: 39/360 5isa_D_6D5_501 stage=BUILD_ROWS reason=ITEM_FAILED
🖼️ Step 11 SVG ready 5isa_D_6D5_501
🔬 Step 11 item 39/360 done 5isa_D_6D5_501 sdf=written mapped=32 all_atoms=57 dt=0.1s
⏳ Step 11 progress: 39/360
🔬 Step 11 item 40/360 start 5isg_B_6D6_506
⚠️ Step 11 item skipped: 40/360 5isg_B_6D6_506 stage=BUILD_ROWS reason=ITEM_FAILED
🖼️ Step 11 SVG ready 5isg_B_6D6_506
🔬 Step 11 item 40/360 done 5isg_B_6D6_506 sdf=written mapped=30 all_atoms=57 dt=0.1s
⏳ Step 11 progress: 40/360
🔬 Step 11 item 41/360 start 5isg_D_6D6_506
⚠️ Step 11 item skipped: 41/360 5isg_D_6D6_506 stage=BUILD_ROWS reason=ITEM_FAILED
🖼️ Step 11 SVG ready 5isg_D_6D6_506
🔬 Step 11 item 41/360 done 5isg_D_6D6_506 sdf=written mapped=30 all_atoms=57 dt=0.1s
⏳ Step 11 progress: 41/360
🔬 Step 11 item 42/360 start 5isg_C_6D6_507
⚠️ Step 11 item skipped: 42/360 5isg_C_6D6_507 stage=BUILD_ROWS reason=ITEM_FAILED
🖼️ Step 11 SVG ready 5isg_C_6D6_507
🔬 Step 11 item 42/360 done 5isg_C_6D6_507 sdf=written mapped=30 all_atoms=57 dt=0.1s
⏳ Step 11 progress: 42/360
🔬 Step 11 item 43/360 start 5isg_A_6D6_509
⚠️ Step 11 item skipped: 43/360 5isg_A_6D6_509 stage=BUILD_ROWS reason=ITEM_FAILED
🖼️ Step 11 SVG ready 5isg_A_6D6_509
🔬 Step 11 item 43/360 done 5isg_A_6D6_509 sdf=written mapped=30 all_atoms=57 dt=0.1s
⏳ Step 11 progress: 43/360
🔬 Step 11 item 44/360 start 5ntc_D_6L7_504
⚠️ Step 11 item skipped: 44/360 5ntc_D_6L7_504 stage=BUILD_ROWS reason=ITEM_FAILED
🖼️ Step 11 SVG ready 5ntc_D_6L7_504
🔬 Step 11 item 44/360 done 5ntc_D_6L7_504 sdf=written mapped=29 all_atoms=57 dt=0.1s
⏳ Step 11 progress: 44/360
🔬 Step 11 item 45/360 start 5ntc_C_6L7_506
⚠️ Step 11 item skipped: 45/360 5ntc_C_6L7_506 stage=BUILD_ROWS reason=ITEM_FAILED
🖼️ Step 11 SVG ready 5ntc_C_6L7_506
🔬 Step 11 item 45/360 done 5ntc_C_6L7_506 sdf=written mapped=29 all_atoms=57 dt=0.1s
⏳ Step 11 progress: 45/360
🔬 Step 11 item 46/360 start 5ntc_B_6L7_507
[08:22:19] [mem] running 11_mcsMatcher.py parent=65.8MB child_tree=129.2MB combined=195.0MB
⚠️ Step 11 item skipped: 46/360 5ntc_B_6L7_507 stage=BUILD_ROWS reason=ITEM_FAILED
🖼️ Step 11 SVG ready 5ntc_B_6L7_507
🔬 Step 11 item 46/360 done 5ntc_B_6L7_507 sdf=written mapped=29 all_atoms=57 dt=0.1s
⏳ Step 11 progress: 46/360
🔬 Step 11 item 47/360 start 5ntc_A_6L7_508
⚠️ Step 11 item skipped: 47/360 5ntc_A_6L7_508 stage=BUILD_ROWS reason=ITEM_FAILED
🖼️ Step 11 SVG ready 5ntc_A_6L7_508
🔬 Step 11 item 47/360 done 5ntc_A_6L7_508 sdf=written mapped=29 all_atoms=57 dt=0.1s
⏳ Step 11 progress: 47/360
🔬 Step 11 item 48/360 start 5k8v_A_6RE_501
⚠️ Step 11 item skipped: 48/360 5k8v_A_6RE_501 stage=BUILD_ROWS reason=ITEM_FAILED
🖼️ Step 11 SVG ready 5k8v_A_6RE_501
🔬 Step 11 item 48/360 done 5k8v_A_6RE_501 sdf=written mapped=23 all_atoms=42 dt=0.1s
⏳ Step 11 progress: 48/360
🔬 Step 11 item 49/360 start 5k8v_B_6RE_501
⚠️ Step 11 item skipped: 49/360 5k8v_B_6RE_501 stage=BUILD_ROWS reason=ITEM_FAILED
🖼️ Step 11 SVG ready 5k8v_B_6RE_501
🔬 Step 11 item 49/360 done 5k8v_B_6RE_501 sdf=written mapped=23 all_atoms=42 dt=0.1s
⏳ Step 11 progress: 49/360
🔬 Step 11 item 50/360 start 5k8v_C_6RE_501
⚠️ Step 11 item skipped: 50/360 5k8v_C_6RE_501 stage=BUILD_ROWS reason=ITEM_FAILED
🖼️ Step 11 SVG ready 5k8v_C_6RE_501
🔬 Step 11 item 50/360 done 5k8v_C_6RE_501 sdf=written mapped=23 all_atoms=42 dt=0.1s
⏳ Step 11 progress: 50/360
🔬 Step 11 item 51/360 start 5k8v_D_6RE_501
⚠️ Step 11 item skipped: 51/360 5k8v_D_6RE_501 stage=BUILD_ROWS reason=ITEM_FAILED
🖼️ Step 11 SVG ready 5k8v_D_6RE_501
🔬 Step 11 item 51/360 done 5k8v_D_6RE_501 sdf=written mapped=23 all_atoms=42 dt=0.1s
⏳ Step 11 progress: 51/360
🔬 Step 11 item 52/360 start 5lkj_A_6YB_501
⚠️ Step 11 item skipped: 52/360 5lkj_A_6YB_501 stage=BUILD_ROWS reason=ITEM_FAILED
🖼️ Step 11 SVG ready 5lkj_A_6YB_501
🔬 Step 11 item 52/360 done 5lkj_A_6YB_501 sdf=written mapped=33 all_atoms=59 dt=0.1s
⏳ Step 11 progress: 52/360
🔬 Step 11 item 53/360 start 5lkj_B_6YB_501
⚠️ Step 11 item skipped: 53/360 5lkj_B_6YB_501 stage=BUILD_ROWS reason=ITEM_FAILED
🖼️ Step 11 SVG ready 5lkj_B_6YB_501
🔬 Step 11 item 53/360 done 5lkj_B_6YB_501 sdf=written mapped=33 all_atoms=59 dt=0.1s
⏳ Step 11 progress: 53/360
🔬 Step 11 item 54/360 start 5lkj_C_6YB_501
⚠️ Step 11 item skipped: 54/360 5lkj_C_6YB_501 stage=BUILD_ROWS reason=ITEM_FAILED
🖼️ Step 11 SVG ready 5lkj_C_6YB_501
🔬 Step 11 item 54/360 done 5lkj_C_6YB_501 sdf=written mapped=33 all_atoms=59 dt=0.1s
⏳ Step 11 progress: 54/360
🔬 Step 11 item 55/360 start 5lkj_D_6YB_501
⚠️ Step 11 item skipped: 55/360 5lkj_D_6YB_501 stage=BUILD_ROWS reason=ITEM_FAILED
🖼️ Step 11 SVG ready 5lkj_D_6YB_501
🔬 Step 11 item 55/360 done 5lkj_D_6YB_501 sdf=written mapped=33 all_atoms=59 dt=0.1s
⏳ Step 11 progress: 55/360
🔬 Step 11 item 56/360 start 5k8x_A_6ZH_501
⚠️ Step 11 item skipped: 56/360 5k8x_A_6ZH_501 stage=BUILD_ROWS reason=ITEM_FAILED
🖼️ Step 11 SVG ready 5k8x_A_6ZH_501
🔬 Step 11 item 56/360 done 5k8x_A_6ZH_501 sdf=written mapped=24 all_atoms=43 dt=0.1s
⏳ Step 11 progress: 56/360
🔬 Step 11 item 57/360 start 5k8x_B_6ZH_501
⚠️ Step 11 item skipped: 57/360 5k8x_B_6ZH_501 stage=BUILD_ROWS reason=ITEM_FAILED
🖼️ Step 11 SVG ready 5k8x_B_6ZH_501
🔬 Step 11 item 57/360 done 5k8x_B_6ZH_501 sdf=written mapped=24 all_atoms=43 dt=0.1s
⏳ Step 11 progress: 57/360
🔬 Step 11 item 58/360 start 5k8x_C_6ZH_501
⚠️ Step 11 item skipped: 58/360 5k8x_C_6ZH_501 stage=BUILD_ROWS reason=ITEM_FAILED
🖼️ Step 11 SVG ready 5k8x_C_6ZH_501
🔬 Step 11 item 58/360 done 5k8x_C_6ZH_501 sdf=written mapped=24 all_atoms=43 dt=0.1s
⏳ Step 11 progress: 58/360
🔬 Step 11 item 59/360 start 5k8x_D_6ZH_501
⚠️ Step 11 item skipped: 59/360 5k8x_D_6ZH_501 stage=BUILD_ROWS reason=ITEM_FAILED
🖼️ Step 11 SVG ready 5k8x_D_6ZH_501
🔬 Step 11 item 59/360 done 5k8x_D_6ZH_501 sdf=written mapped=24 all_atoms=43 dt=0.1s
⏳ Step 11 progress: 59/360
🔬 Step 11 item 60/360 start 5ish_A_765_501
⚠️ Step 11 item skipped: 60/360 5ish_A_765_501 stage=BUILD_ROWS reason=ITEM_FAILED
🖼️ Step 11 SVG ready 5ish_A_765_501
🔬 Step 11 item 60/360 done 5ish_A_765_501 sdf=written mapped=28 all_atoms=51 dt=0.1s
⏳ Step 11 progress: 60/360
🔬 Step 11 item 61/360 start 5ish_B_765_501
⚠️ Step 11 item skipped: 61/360 5ish_B_765_501 stage=BUILD_ROWS reason=ITEM_FAILED
🖼️ Step 11 SVG ready 5ish_B_765_501
🔬 Step 11 item 61/360 done 5ish_B_765_501 sdf=written mapped=28 all_atoms=51 dt=0.1s
⏳ Step 11 progress: 61/360
🔬 Step 11 item 62/360 start 5ish_C_765_501
⚠️ Step 11 item skipped: 62/360 5ish_C_765_501 stage=BUILD_ROWS reason=ITEM_FAILED
🖼️ Step 11 SVG ready 5ish_C_765_501
🔬 Step 11 item 62/360 done 5ish_C_765_501 sdf=written mapped=28 all_atoms=51 dt=0.1s
⏳ Step 11 progress: 62/360
🔬 Step 11 item 63/360 start 5ish_D_765_501
⚠️ Step 11 item skipped: 63/360 5ish_D_765_501 stage=BUILD_ROWS reason=ITEM_FAILED
🖼️ Step 11 SVG ready 5ish_D_765_501
🔬 Step 11 item 63/360 done 5ish_D_765_501 sdf=written mapped=28 all_atoms=51 dt=0.1s
⏳ Step 11 progress: 63/360
🔬 Step 11 item 64/360 start 5tbh_D_78K_504
⚠️ Step 11 item skipped: 64/360 5tbh_D_78K_504 stage=BUILD_ROWS reason=ITEM_FAILED
🖼️ Step 11 SVG ready 5tbh_D_78K_504
🔬 Step 11 item 64/360 done 5tbh_D_78K_504 sdf=written mapped=38 all_atoms=68 dt=0.1s
⏳ Step 11 progress: 64/360
🔬 Step 11 item 65/360 start 5tbh_B_78K_506
⚠️ Step 11 item skipped: 65/360 5tbh_B_78K_506 stage=BUILD_ROWS reason=ITEM_FAILED
🖼️ Step 11 SVG ready 5tbh_B_78K_506
🔬 Step 11 item 65/360 done 5tbh_B_78K_506 sdf=written mapped=38 all_atoms=68 dt=0.1s
⏳ Step 11 progress: 65/360
🔬 Step 11 item 66/360 start 5tbi_B_78V_504
⚠️ Step 11 item skipped: 66/360 5tbi_B_78V_504 stage=BUILD_ROWS reason=ITEM_FAILED
🖼️ Step 11 SVG ready 5tbi_B_78V_504
🔬 Step 11 item 66/360 done 5tbi_B_78V_504 sdf=written mapped=32 all_atoms=57 dt=0.1s
⏳ Step 11 progress: 66/360
🔬 Step 11 item 67/360 start 5tbi_D_78V_504
⚠️ Step 11 item skipped: 67/360 5tbi_D_78V_504 stage=BUILD_ROWS reason=ITEM_FAILED
🖼️ Step 11 SVG ready 5tbi_D_78V_504
🔬 Step 11 item 67/360 done 5tbi_D_78V_504 sdf=written mapped=32 all_atoms=57 dt=0.1s
⏳ Step 11 progress: 67/360
🔬 Step 11 item 68/360 start 5u4x_A_7VM_502
🖼️ Step 11 SVG ready 5u4x_A_7VM_502
🔬 Step 11 item 68/360 done 5u4x_A_7VM_502 sdf=written mapped=34 all_atoms=34 dt=0.1s
⏳ Step 11 progress: 68/360
🔬 Step 11 item 69/360 start 5u4x_B_7VM_502
🖼️ Step 11 SVG ready 5u4x_B_7VM_502
🔬 Step 11 item 69/360 done 5u4x_B_7VM_502 sdf=written mapped=34 all_atoms=34 dt=0.1s
⏳ Step 11 progress: 69/360
🔬 Step 11 item 70/360 start 5u4x_C_7VM_502
🖼️ Step 11 SVG ready 5u4x_C_7VM_502
🔬 Step 11 item 70/360 done 5u4x_C_7VM_502 sdf=written mapped=34 all_atoms=34 dt=0.1s
⏳ Step 11 progress: 70/360
🔬 Step 11 item 71/360 start 5u4x_D_7VM_502
🖼️ Step 11 SVG ready 5u4x_D_7VM_502
🔬 Step 11 item 71/360 done 5u4x_D_7VM_502 sdf=written mapped=34 all_atoms=34 dt=0.1s
⏳ Step 11 progress: 71/360
🔬 Step 11 item 72/360 start 7ppy_A_7ZH_501
⚠️ Step 11 item skipped: 72/360 7ppy_A_7ZH_501 stage=BUILD_ROWS reason=ITEM_FAILED
🖼️ Step 11 SVG ready 7ppy_A_7ZH_501
🔬 Step 11 item 72/360 done 7ppy_A_7ZH_501 sdf=written mapped=46 all_atoms=79 dt=0.1s
⏳ Step 11 progress: 72/360
🔬 Step 11 item 73/360 start 7ppy_B_7ZH_501
⚠️ Step 11 item skipped: 73/360 7ppy_B_7ZH_501 stage=BUILD_ROWS reason=ITEM_FAILED
🖼️ Step 11 SVG ready 7ppy_B_7ZH_501
🔬 Step 11 item 73/360 done 7ppy_B_7ZH_501 sdf=written mapped=46 all_atoms=79 dt=0.1s
⏳ Step 11 progress: 73/360
🔬 Step 11 item 74/360 start 7ppy_C_7ZH_501
⚠️ Step 11 item skipped: 74/360 7ppy_C_7ZH_501 stage=BUILD_ROWS reason=ITEM_FAILED
🖼️ Step 11 SVG ready 7ppy_C_7ZH_501
🔬 Step 11 item 74/360 done 7ppy_C_7ZH_501 sdf=written mapped=46 all_atoms=79 dt=0.1s
⏳ Step 11 progress: 74/360
🔬 Step 11 item 75/360 start 7ppy_D_7ZH_501
⚠️ Step 11 item skipped: 75/360 7ppy_D_7ZH_501 stage=BUILD_ROWS reason=ITEM_FAILED
🖼️ Step 11 SVG ready 7ppy_D_7ZH_501
🔬 Step 11 item 75/360 done 7ppy_D_7ZH_501 sdf=written mapped=46 all_atoms=79 dt=0.1s
⏳ Step 11 progress: 75/360
🔬 Step 11 item 76/360 start 7puc_A_85U_501
⚠️ Step 11 item skipped: 76/360 7puc_A_85U_501 stage=BUILD_ROWS reason=ITEM_FAILED
🖼️ Step 11 SVG ready 7puc_A_85U_501
🔬 Step 11 item 76/360 done 7puc_A_85U_501 sdf=written mapped=48 all_atoms=83 dt=0.1s
⏳ Step 11 progress: 76/360
🔬 Step 11 item 77/360 start 7puc_B_85U_501
⚠️ Step 11 item skipped: 77/360 7puc_B_85U_501 stage=BUILD_ROWS reason=ITEM_FAILED
🖼️ Step 11 SVG ready 7puc_B_85U_501
🔬 Step 11 item 77/360 done 7puc_B_85U_501 sdf=written mapped=48 all_atoms=83 dt=0.1s
⏳ Step 11 progress: 77/360
🔬 Step 11 item 78/360 start 7puc_C_85U_501
⚠️ Step 11 item skipped: 78/360 7puc_C_85U_501 stage=BUILD_ROWS reason=ITEM_FAILED
🖼️ Step 11 SVG ready 7puc_C_85U_501
🔬 Step 11 item 78/360 done 7puc_C_85U_501 sdf=written mapped=48 all_atoms=83 dt=0.1s
⏳ Step 11 progress: 78/360
🔬 Step 11 item 79/360 start 7puc_D_85U_501
⚠️ Step 11 item skipped: 79/360 7puc_D_85U_501 stage=BUILD_ROWS reason=ITEM_FAILED
🖼️ Step 11 SVG ready 7puc_D_85U_501
🔬 Step 11 item 79/360 done 7puc_D_85U_501 sdf=written mapped=48 all_atoms=83 dt=0.1s
⏳ Step 11 progress: 79/360
🔬 Step 11 item 80/360 start 7puq_A_867_501
⚠️ Step 11 item skipped: 80/360 7puq_A_867_501 stage=BUILD_ROWS reason=ITEM_FAILED
🖼️ Step 11 SVG ready 7puq_A_867_501
🔬 Step 11 item 80/360 done 7puq_A_867_501 sdf=written mapped=48 all_atoms=85 dt=0.1s
⏳ Step 11 progress: 80/360
🔬 Step 11 item 81/360 start 7puq_B_867_501
⚠️ Step 11 item skipped: 81/360 7puq_B_867_501 stage=BUILD_ROWS reason=ITEM_FAILED
🖼️ Step 11 SVG ready 7puq_B_867_501
🔬 Step 11 item 81/360 done 7puq_B_867_501 sdf=written mapped=48 all_atoms=85 dt=0.1s
⏳ Step 11 progress: 81/360
🔬 Step 11 item 82/360 start 7puq_C_867_501
⚠️ Step 11 item skipped: 82/360 7puq_C_867_501 stage=BUILD_ROWS reason=ITEM_FAILED
🖼️ Step 11 SVG ready 7puq_C_867_501
🔬 Step 11 item 82/360 done 7puq_C_867_501 sdf=written mapped=48 all_atoms=85 dt=0.1s
⏳ Step 11 progress: 82/360
🔬 Step 11 item 83/360 start 7puq_D_867_501
⚠️ Step 11 item skipped: 83/360 7puq_D_867_501 stage=BUILD_ROWS reason=ITEM_FAILED
🖼️ Step 11 SVG ready 7puq_D_867_501
🔬 Step 11 item 83/360 done 7puq_D_867_501 sdf=written mapped=48 all_atoms=85 dt=0.1s
⏳ Step 11 progress: 83/360
🔬 Step 11 item 84/360 start 5lgq_E_8ZB_101
⚠️ Step 11 item skipped: 84/360 5lgq_E_8ZB_101 stage=BUILD_ROWS reason=ITEM_FAILED
🖼️ Step 11 SVG ready 5lgq_E_8ZB_101
🔬 Step 11 item 84/360 done 5lgq_E_8ZB_101 sdf=written mapped=20 all_atoms=36 dt=0.1s
⏳ Step 11 progress: 84/360
🔬 Step 11 item 85/360 start 5lgq_F_8ZB_101
⚠️ Step 11 item skipped: 85/360 5lgq_F_8ZB_101 stage=BUILD_ROWS reason=ITEM_FAILED
🖼️ Step 11 SVG ready 5lgq_F_8ZB_101
🔬 Step 11 item 85/360 done 5lgq_F_8ZB_101 sdf=written mapped=20 all_atoms=36 dt=0.1s
⏳ Step 11 progress: 85/360
🔬 Step 11 item 86/360 start 5lgq_G_8ZB_101
⚠️ Step 11 item skipped: 86/360 5lgq_G_8ZB_101 stage=BUILD_ROWS reason=ITEM_FAILED
🖼️ Step 11 SVG ready 5lgq_G_8ZB_101
🔬 Step 11 item 86/360 done 5lgq_G_8ZB_101 sdf=written mapped=20 all_atoms=36 dt=0.1s
⏳ Step 11 progress: 86/360
🔬 Step 11 item 87/360 start 5lgq_H_8ZB_101
⚠️ Step 11 item skipped: 87/360 5lgq_H_8ZB_101 stage=BUILD_ROWS reason=ITEM_FAILED
🖼️ Step 11 SVG ready 5lgq_H_8ZB_101
🔬 Step 11 item 87/360 done 5lgq_H_8ZB_101 sdf=written mapped=20 all_atoms=36 dt=0.1s
⏳ Step 11 progress: 87/360
🔬 Step 11 item 88/360 start 6arj_A_BW4_502
[08:22:23] WARNING: could not find number of expected rings. Switching to an approximate ring finding algorithm.
⚠️ Step 11 item skipped: 88/360 6arj_A_BW4_502 stage=BUILD_ROWS reason=ITEM_FAILED
🖼️ Step 11 SVG ready 6arj_A_BW4_502
🔬 Step 11 item 88/360 done 6arj_A_BW4_502 sdf=written mapped=41 all_atoms=82 dt=0.1s
⏳ Step 11 progress: 88/360
🔬 Step 11 item 89/360 start 6arj_B_BW4_502
[08:22:23] WARNING: could not find number of expected rings. Switching to an approximate ring finding algorithm.
⚠️ Step 11 item skipped: 89/360 6arj_B_BW4_502 stage=BUILD_ROWS reason=ITEM_FAILED
🖼️ Step 11 SVG ready 6arj_B_BW4_502
🔬 Step 11 item 89/360 done 6arj_B_BW4_502 sdf=written mapped=41 all_atoms=80 dt=0.1s
⏳ Step 11 progress: 89/360
🔬 Step 11 item 90/360 start 6arj_C_BW4_502
[08:22:23] WARNING: could not find number of expected rings. Switching to an approximate ring finding algorithm.
⚠️ Step 11 item skipped: 90/360 6arj_C_BW4_502 stage=BUILD_ROWS reason=ITEM_FAILED
🖼️ Step 11 SVG ready 6arj_C_BW4_502
🔬 Step 11 item 90/360 done 6arj_C_BW4_502 sdf=written mapped=41 all_atoms=82 dt=0.1s
⏳ Step 11 progress: 90/360
🔬 Step 11 item 91/360 start 6arj_D_BW4_502
[08:22:23] WARNING: could not find number of expected rings. Switching to an approximate ring finding algorithm.
⚠️ Step 11 item skipped: 91/360 6arj_D_BW4_502 stage=BUILD_ROWS reason=ITEM_FAILED
🖼️ Step 11 SVG ready 6arj_D_BW4_502
🔬 Step 11 item 91/360 done 6arj_D_BW4_502 sdf=written mapped=41 all_atoms=80 dt=0.1s
⏳ Step 11 progress: 91/360
🔬 Step 11 item 92/360 start 6arv_A_BW7_502
🖼️ Step 11 SVG ready 6arv_A_BW7_502
🔬 Step 11 item 92/360 done 6arv_A_BW7_502 sdf=written mapped=30 all_atoms=30 dt=0.1s
⏳ Step 11 progress: 92/360
🔬 Step 11 item 93/360 start 6arv_B_BW7_502
🖼️ Step 11 SVG ready 6arv_B_BW7_502
🔬 Step 11 item 93/360 done 6arv_B_BW7_502 sdf=written mapped=30 all_atoms=30 dt=0.1s
⏳ Step 11 progress: 93/360
🔬 Step 11 item 94/360 start 6arv_C_BW7_502
🖼️ Step 11 SVG ready 6arv_C_BW7_502
🔬 Step 11 item 94/360 done 6arv_C_BW7_502 sdf=written mapped=30 all_atoms=30 dt=0.1s
⏳ Step 11 progress: 94/360
🔬 Step 11 item 95/360 start 6arv_D_BW7_502
[08:22:24] [mem] running 11_mcsMatcher.py parent=65.9MB child_tree=129.3MB combined=195.2MB
🖼️ Step 11 SVG ready 6arv_D_BW7_502
🔬 Step 11 item 95/360 done 6arv_D_BW7_502 sdf=written mapped=30 all_atoms=30 dt=0.1s
⏳ Step 11 progress: 95/360
🔬 Step 11 item 96/360 start 5is7_C_DSH_502
⚠️ Step 11 item skipped: 96/360 5is7_C_DSH_502 stage=BUILD_ROWS reason=ITEM_FAILED
🖼️ Step 11 SVG ready 5is7_C_DSH_502
🔬 Step 11 item 96/360 done 5is7_C_DSH_502 sdf=written mapped=23 all_atoms=44 dt=0.1s
⏳ Step 11 progress: 96/360
🔬 Step 11 item 97/360 start 5is7_D_DSH_502
⚠️ Step 11 item skipped: 97/360 5is7_D_DSH_502 stage=BUILD_ROWS reason=ITEM_FAILED
🖼️ Step 11 SVG ready 5is7_D_DSH_502
🔬 Step 11 item 97/360 done 5is7_D_DSH_502 sdf=written mapped=23 all_atoms=44 dt=0.1s
⏳ Step 11 progress: 97/360
🔬 Step 11 item 98/360 start 5is7_B_DSH_503
⚠️ Step 11 item skipped: 98/360 5is7_B_DSH_503 stage=BUILD_ROWS reason=ITEM_FAILED
🖼️ Step 11 SVG ready 5is7_B_DSH_503
🔬 Step 11 item 98/360 done 5is7_B_DSH_503 sdf=written mapped=23 all_atoms=44 dt=0.1s
⏳ Step 11 progress: 98/360
🔬 Step 11 item 99/360 start 5is7_A_DSH_504
⚠️ Step 11 item skipped: 99/360 5is7_A_DSH_504 stage=BUILD_ROWS reason=ITEM_FAILED
🖼️ Step 11 SVG ready 5is7_A_DSH_504
🔬 Step 11 item 99/360 done 5is7_A_DSH_504 sdf=written mapped=23 all_atoms=44 dt=0.1s
⏳ Step 11 progress: 99/360
🔬 Step 11 item 100/360 start 5ih3_B_DXE_507
⚠️ Step 11 item skipped: 100/360 5ih3_B_DXE_507 stage=BUILD_ROWS reason=ITEM_FAILED
🖼️ Step 11 SVG ready 5ih3_B_DXE_507
🔬 Step 11 item 100/360 done 5ih3_B_DXE_507 sdf=written mapped=6 all_atoms=16 dt=0.1s
⏳ Step 11 progress: 100/360
🔬 Step 11 item 101/360 start 5ih3_C_DXE_507
⚠️ Step 11 item skipped: 101/360 5ih3_C_DXE_507 stage=BUILD_ROWS reason=ITEM_FAILED
🖼️ Step 11 SVG ready 5ih3_C_DXE_507
🔬 Step 11 item 101/360 done 5ih3_C_DXE_507 sdf=written mapped=6 all_atoms=16 dt=0.1s
⏳ Step 11 progress: 101/360
🔬 Step 11 item 102/360 start 5ih3_B_DXE_508
⚠️ Step 11 item skipped: 102/360 5ih3_B_DXE_508 stage=BUILD_ROWS reason=ITEM_FAILED
🖼️ Step 11 SVG ready 5ih3_B_DXE_508
🔬 Step 11 item 102/360 done 5ih3_B_DXE_508 sdf=written mapped=6 all_atoms=16 dt=0.1s
⏳ Step 11 progress: 102/360
🔬 Step 11 item 103/360 start 5ih3_C_DXE_508
⚠️ Step 11 item skipped: 103/360 5ih3_C_DXE_508 stage=BUILD_ROWS reason=ITEM_FAILED
🖼️ Step 11 SVG ready 5ih3_C_DXE_508
🔬 Step 11 item 103/360 done 5ih3_C_DXE_508 sdf=written mapped=6 all_atoms=16 dt=0.1s
⏳ Step 11 progress: 103/360
🔬 Step 11 item 104/360 start 5is6_D_DXE_503
⚠️ Step 11 item skipped: 104/360 5is6_D_DXE_503 stage=BUILD_ROWS reason=ITEM_FAILED
🖼️ Step 11 SVG ready 5is6_D_DXE_503
🔬 Step 11 item 104/360 done 5is6_D_DXE_503 sdf=written mapped=6 all_atoms=16 dt=0.1s
⏳ Step 11 progress: 104/360
🔬 Step 11 item 105/360 start 5is6_A_DXE_505
⚠️ Step 11 item skipped: 105/360 5is6_A_DXE_505 stage=BUILD_ROWS reason=ITEM_FAILED
🖼️ Step 11 SVG ready 5is6_A_DXE_505
🔬 Step 11 item 105/360 done 5is6_A_DXE_505 sdf=written mapped=6 all_atoms=16 dt=0.1s
⏳ Step 11 progress: 105/360
🔬 Step 11 item 106/360 start 5is6_A_DXE_506
⚠️ Step 11 item skipped: 106/360 5is6_A_DXE_506 stage=BUILD_ROWS reason=ITEM_FAILED
🖼️ Step 11 SVG ready 5is6_A_DXE_506
🔬 Step 11 item 106/360 done 5is6_A_DXE_506 sdf=written mapped=6 all_atoms=16 dt=0.1s
⏳ Step 11 progress: 106/360
🔬 Step 11 item 107/360 start 5is6_C_DXE_506
⚠️ Step 11 item skipped: 107/360 5is6_C_DXE_506 stage=BUILD_ROWS reason=ITEM_FAILED
🖼️ Step 11 SVG ready 5is6_C_DXE_506
🔬 Step 11 item 107/360 done 5is6_C_DXE_506 sdf=written mapped=6 all_atoms=16 dt=0.1s
⏳ Step 11 progress: 107/360
🔬 Step 11 item 108/360 start 5is6_B_DXE_2004
⚠️ Step 11 item skipped: 108/360 5is6_B_DXE_2004 stage=BUILD_ROWS reason=ITEM_FAILED
🖼️ Step 11 SVG ready 5is6_B_DXE_2004
🔬 Step 11 item 108/360 done 5is6_B_DXE_2004 sdf=written mapped=6 all_atoms=16 dt=0.1s
⏳ Step 11 progress: 108/360
🔬 Step 11 item 109/360 start 5is6_B_DXE_2005
⚠️ Step 11 item skipped: 109/360 5is6_B_DXE_2005 stage=BUILD_ROWS reason=ITEM_FAILED
🖼️ Step 11 SVG ready 5is6_B_DXE_2005
🔬 Step 11 item 109/360 done 5is6_B_DXE_2005 sdf=written mapped=6 all_atoms=16 dt=0.1s
⏳ Step 11 progress: 109/360
🔬 Step 11 item 110/360 start 5is9_A_DXE_509
⚠️ Step 11 item skipped: 110/360 5is9_A_DXE_509 stage=BUILD_ROWS reason=ITEM_FAILED
🖼️ Step 11 SVG ready 5is9_A_DXE_509
🔬 Step 11 item 110/360 done 5is9_A_DXE_509 sdf=written mapped=6 all_atoms=16 dt=0.1s
⏳ Step 11 progress: 110/360
🔬 Step 11 item 111/360 start 5is9_A_DXE_510
⚠️ Step 11 item skipped: 111/360 5is9_A_DXE_510 stage=BUILD_ROWS reason=ITEM_FAILED
🖼️ Step 11 SVG ready 5is9_A_DXE_510
🔬 Step 11 item 111/360 done 5is9_A_DXE_510 sdf=written mapped=6 all_atoms=16 dt=0.1s
⏳ Step 11 progress: 111/360
🔬 Step 11 item 112/360 start 5isa_A_DXE_504
⚠️ Step 11 item skipped: 112/360 5isa_A_DXE_504 stage=BUILD_ROWS reason=ITEM_FAILED
🖼️ Step 11 SVG ready 5isa_A_DXE_504
🔬 Step 11 item 112/360 done 5isa_A_DXE_504 sdf=written mapped=6 all_atoms=16 dt=0.1s
⏳ Step 11 progress: 112/360
🔬 Step 11 item 113/360 start 5isa_C_DXE_504
⚠️ Step 11 item skipped: 113/360 5isa_C_DXE_504 stage=BUILD_ROWS reason=ITEM_FAILED
🖼️ Step 11 SVG ready 5isa_C_DXE_504
🔬 Step 11 item 113/360 done 5isa_C_DXE_504 sdf=written mapped=6 all_atoms=16 dt=0.1s
⏳ Step 11 progress: 113/360
🔬 Step 11 item 114/360 start 5isa_C_DXE_505
⚠️ Step 11 item skipped: 114/360 5isa_C_DXE_505 stage=BUILD_ROWS reason=ITEM_FAILED
🖼️ Step 11 SVG ready 5isa_C_DXE_505
🔬 Step 11 item 114/360 done 5isa_C_DXE_505 sdf=written mapped=6 all_atoms=16 dt=0.1s
⏳ Step 11 progress: 114/360
🔬 Step 11 item 115/360 start 5isc_C_DXE_503
⚠️ Step 11 item skipped: 115/360 5isc_C_DXE_503 stage=BUILD_ROWS reason=ITEM_FAILED
🖼️ Step 11 SVG ready 5isc_C_DXE_503
🔬 Step 11 item 115/360 done 5isc_C_DXE_503 sdf=written mapped=6 all_atoms=16 dt=0.1s
⏳ Step 11 progress: 115/360
🔬 Step 11 item 116/360 start 5isc_D_DXE_503
⚠️ Step 11 item skipped: 116/360 5isc_D_DXE_503 stage=BUILD_ROWS reason=ITEM_FAILED
🖼️ Step 11 SVG ready 5isc_D_DXE_503
🔬 Step 11 item 116/360 done 5isc_D_DXE_503 sdf=written mapped=6 all_atoms=16 dt=0.1s
⏳ Step 11 progress: 116/360
🔬 Step 11 item 117/360 start 5ise_B_DXE_503
⚠️ Step 11 item skipped: 117/360 5ise_B_DXE_503 stage=BUILD_ROWS reason=ITEM_FAILED
🖼️ Step 11 SVG ready 5ise_B_DXE_503
🔬 Step 11 item 117/360 done 5ise_B_DXE_503 sdf=written mapped=6 all_atoms=16 dt=0.1s
⏳ Step 11 progress: 117/360
🔬 Step 11 item 118/360 start 5ise_C_DXE_503
⚠️ Step 11 item skipped: 118/360 5ise_C_DXE_503 stage=BUILD_ROWS reason=ITEM_FAILED
🖼️ Step 11 SVG ready 5ise_C_DXE_503
🔬 Step 11 item 118/360 done 5ise_C_DXE_503 sdf=written mapped=6 all_atoms=16 dt=0.1s
⏳ Step 11 progress: 118/360
🔬 Step 11 item 119/360 start 5ise_C_DXE_504
⚠️ Step 11 item skipped: 119/360 5ise_C_DXE_504 stage=BUILD_ROWS reason=ITEM_FAILED
🖼️ Step 11 SVG ready 5ise_C_DXE_504
🔬 Step 11 item 119/360 done 5ise_C_DXE_504 sdf=written mapped=6 all_atoms=16 dt=0.1s
⏳ Step 11 progress: 119/360
🔬 Step 11 item 120/360 start 5ise_A_DXE_505
⚠️ Step 11 item skipped: 120/360 5ise_A_DXE_505 stage=BUILD_ROWS reason=ITEM_FAILED
🖼️ Step 11 SVG ready 5ise_A_DXE_505
🔬 Step 11 item 120/360 done 5ise_A_DXE_505 sdf=written mapped=6 all_atoms=16 dt=0.1s
⏳ Step 11 progress: 120/360
🔬 Step 11 item 121/360 start 5isf_B_DXE_504
⚠️ Step 11 item skipped: 121/360 5isf_B_DXE_504 stage=BUILD_ROWS reason=ITEM_FAILED
🖼️ Step 11 SVG ready 5isf_B_DXE_504
🔬 Step 11 item 121/360 done 5isf_B_DXE_504 sdf=written mapped=6 all_atoms=16 dt=0.1s
⏳ Step 11 progress: 121/360
🔬 Step 11 item 122/360 start 5isf_C_DXE_504
⚠️ Step 11 item skipped: 122/360 5isf_C_DXE_504 stage=BUILD_ROWS reason=ITEM_FAILED
🖼️ Step 11 SVG ready 5isf_C_DXE_504
🔬 Step 11 item 122/360 done 5isf_C_DXE_504 sdf=written mapped=6 all_atoms=16 dt=0.1s
⏳ Step 11 progress: 122/360
🔬 Step 11 item 123/360 start 5isf_B_DXE_505
⚠️ Step 11 item skipped: 123/360 5isf_B_DXE_505 stage=BUILD_ROWS reason=ITEM_FAILED
🖼️ Step 11 SVG ready 5isf_B_DXE_505
🔬 Step 11 item 123/360 done 5isf_B_DXE_505 sdf=written mapped=6 all_atoms=16 dt=0.1s
⏳ Step 11 progress: 123/360
🔬 Step 11 item 124/360 start 5isf_A_DXE_507
⚠️ Step 11 item skipped: 124/360 5isf_A_DXE_507 stage=BUILD_ROWS reason=ITEM_FAILED
🖼️ Step 11 SVG ready 5isf_A_DXE_507
🔬 Step 11 item 124/360 done 5isf_A_DXE_507 sdf=written mapped=6 all_atoms=16 dt=0.1s
⏳ Step 11 progress: 124/360
🔬 Step 11 item 125/360 start 5isg_A_DXE_501
⚠️ Step 11 item skipped: 125/360 5isg_A_DXE_501 stage=BUILD_ROWS reason=ITEM_FAILED
🖼️ Step 11 SVG ready 5isg_A_DXE_501
🔬 Step 11 item 125/360 done 5isg_A_DXE_501 sdf=written mapped=6 all_atoms=16 dt=0.1s
⏳ Step 11 progress: 125/360
🔬 Step 11 item 126/360 start 5isg_B_DXE_501
⚠️ Step 11 item skipped: 126/360 5isg_B_DXE_501 stage=BUILD_ROWS reason=ITEM_FAILED
🖼️ Step 11 SVG ready 5isg_B_DXE_501
🔬 Step 11 item 126/360 done 5isg_B_DXE_501 sdf=written mapped=6 all_atoms=16 dt=0.1s
⏳ Step 11 progress: 126/360
🔬 Step 11 item 127/360 start 5isg_A_DXE_502
⚠️ Step 11 item skipped: 127/360 5isg_A_DXE_502 stage=BUILD_ROWS reason=ITEM_FAILED
🖼️ Step 11 SVG ready 5isg_A_DXE_502
🔬 Step 11 item 127/360 done 5isg_A_DXE_502 sdf=written mapped=6 all_atoms=16 dt=0.1s
⏳ Step 11 progress: 127/360
🔬 Step 11 item 128/360 start 5ish_D_DXE_503
⚠️ Step 11 item skipped: 128/360 5ish_D_DXE_503 stage=BUILD_ROWS reason=ITEM_FAILED
🖼️ Step 11 SVG ready 5ish_D_DXE_503
🔬 Step 11 item 128/360 done 5ish_D_DXE_503 sdf=written mapped=6 all_atoms=16 dt=0.1s
⏳ Step 11 progress: 128/360
🔬 Step 11 item 129/360 start 5ish_A_DXE_506
⚠️ Step 11 item skipped: 129/360 5ish_A_DXE_506 stage=BUILD_ROWS reason=ITEM_FAILED
🖼️ Step 11 SVG ready 5ish_A_DXE_506
🔬 Step 11 item 129/360 done 5ish_A_DXE_506 sdf=written mapped=6 all_atoms=16 dt=0.1s
⏳ Step 11 progress: 129/360
🔬 Step 11 item 130/360 start 5ish_C_DXE_506
⚠️ Step 11 item skipped: 130/360 5ish_C_DXE_506 stage=BUILD_ROWS reason=ITEM_FAILED
🖼️ Step 11 SVG ready 5ish_C_DXE_506
🔬 Step 11 item 130/360 done 5ish_C_DXE_506 sdf=written mapped=6 all_atoms=16 dt=0.1s
⏳ Step 11 progress: 130/360
🔬 Step 11 item 131/360 start 5ish_C_DXE_507
⚠️ Step 11 item skipped: 131/360 5ish_C_DXE_507 stage=BUILD_ROWS reason=ITEM_FAILED
🖼️ Step 11 SVG ready 5ish_C_DXE_507
🔬 Step 11 item 131/360 done 5ish_C_DXE_507 sdf=written mapped=6 all_atoms=16 dt=0.1s
⏳ Step 11 progress: 131/360
🔬 Step 11 item 132/360 start 5ish_C_DXE_508
⚠️ Step 11 item skipped: 132/360 5ish_C_DXE_508 stage=BUILD_ROWS reason=ITEM_FAILED
🖼️ Step 11 SVG ready 5ish_C_DXE_508
🔬 Step 11 item 132/360 done 5ish_C_DXE_508 sdf=written mapped=6 all_atoms=16 dt=0.1s
⏳ Step 11 progress: 132/360
🔬 Step 11 item 133/360 start 5ish_C_DXE_509
⚠️ Step 11 item skipped: 133/360 5ish_C_DXE_509 stage=BUILD_ROWS reason=ITEM_FAILED
🖼️ Step 11 SVG ready 5ish_C_DXE_509
🔬 Step 11 item 133/360 done 5ish_C_DXE_509 sdf=written mapped=6 all_atoms=16 dt=0.1s
⏳ Step 11 progress: 133/360
🔬 Step 11 item 134/360 start 5isi_A_DXE_503
⚠️ Step 11 item skipped: 134/360 5isi_A_DXE_503 stage=BUILD_ROWS reason=ITEM_FAILED
🖼️ Step 11 SVG ready 5isi_A_DXE_503
🔬 Step 11 item 134/360 done 5isi_A_DXE_503 sdf=written mapped=6 all_atoms=16 dt=0.1s
⏳ Step 11 progress: 134/360
🔬 Step 11 item 135/360 start 5isi_C_DXE_503
⚠️ Step 11 item skipped: 135/360 5isi_C_DXE_503 stage=BUILD_ROWS reason=ITEM_FAILED
🖼️ Step 11 SVG ready 5isi_C_DXE_503
🔬 Step 11 item 135/360 done 5isi_C_DXE_503 sdf=written mapped=6 all_atoms=16 dt=0.1s
⏳ Step 11 progress: 135/360
🔬 Step 11 item 136/360 start 5k8v_A_DXE_502
⚠️ Step 11 item skipped: 136/360 5k8v_A_DXE_502 stage=BUILD_ROWS reason=ITEM_FAILED
🖼️ Step 11 SVG ready 5k8v_A_DXE_502
🔬 Step 11 item 136/360 done 5k8v_A_DXE_502 sdf=written mapped=6 all_atoms=16 dt=0.1s
⏳ Step 11 progress: 136/360
🔬 Step 11 item 137/360 start 5k8w_A_DXE_502
⚠️ Step 11 item skipped: 137/360 5k8w_A_DXE_502 stage=BUILD_ROWS reason=ITEM_FAILED
🖼️ Step 11 SVG ready 5k8w_A_DXE_502
🔬 Step 11 item 137/360 done 5k8w_A_DXE_502 sdf=written mapped=6 all_atoms=16 dt=0.1s
⏳ Step 11 progress: 137/360
🔬 Step 11 item 138/360 start 5k8w_C_DXE_502
⚠️ Step 11 item skipped: 138/360 5k8w_C_DXE_502 stage=BUILD_ROWS reason=ITEM_FAILED
🖼️ Step 11 SVG ready 5k8w_C_DXE_502
🔬 Step 11 item 138/360 done 5k8w_C_DXE_502 sdf=written mapped=6 all_atoms=16 dt=0.1s
⏳ Step 11 progress: 138/360
🔬 Step 11 item 139/360 start 5k8w_D_DXE_502
⚠️ Step 11 item skipped: 139/360 5k8w_D_DXE_502 stage=BUILD_ROWS reason=ITEM_FAILED
🖼️ Step 11 SVG ready 5k8w_D_DXE_502
🔬 Step 11 item 139/360 done 5k8w_D_DXE_502 sdf=written mapped=6 all_atoms=16 dt=0.1s
⏳ Step 11 progress: 139/360
🔬 Step 11 item 140/360 start 5k8w_A_DXE_503
⚠️ Step 11 item skipped: 140/360 5k8w_A_DXE_503 stage=BUILD_ROWS reason=ITEM_FAILED
🖼️ Step 11 SVG ready 5k8w_A_DXE_503
🔬 Step 11 item 140/360 done 5k8w_A_DXE_503 sdf=written mapped=6 all_atoms=16 dt=0.1s
⏳ Step 11 progress: 140/360
🔬 Step 11 item 141/360 start 5k8w_C_DXE_503
⚠️ Step 11 item skipped: 141/360 5k8w_C_DXE_503 stage=BUILD_ROWS reason=ITEM_FAILED
🖼️ Step 11 SVG ready 5k8w_C_DXE_503
🔬 Step 11 item 141/360 done 5k8w_C_DXE_503 sdf=written mapped=6 all_atoms=16 dt=0.1s
⏳ Step 11 progress: 141/360
🔬 Step 11 item 142/360 start 5k8w_C_DXE_507
⚠️ Step 11 item skipped: 142/360 5k8w_C_DXE_507 stage=BUILD_ROWS reason=ITEM_FAILED
🖼️ Step 11 SVG ready 5k8w_C_DXE_507
🔬 Step 11 item 142/360 done 5k8w_C_DXE_507 sdf=written mapped=6 all_atoms=16 dt=0.1s
⏳ Step 11 progress: 142/360
🔬 Step 11 item 143/360 start 5k8x_B_DXE_505
⚠️ Step 11 item skipped: 143/360 5k8x_B_DXE_505 stage=BUILD_ROWS reason=ITEM_FAILED
🖼️ Step 11 SVG ready 5k8x_B_DXE_505
🔬 Step 11 item 143/360 done 5k8x_B_DXE_505 sdf=written mapped=6 all_atoms=16 dt=0.1s
⏳ Step 11 progress: 143/360
🔬 Step 11 item 144/360 start 5k8x_B_DXE_506
⚠️ Step 11 item skipped: 144/360 5k8x_B_DXE_506 stage=BUILD_ROWS reason=ITEM_FAILED
🖼️ Step 11 SVG ready 5k8x_B_DXE_506
🔬 Step 11 item 144/360 done 5k8x_B_DXE_506 sdf=written mapped=6 all_atoms=16 dt=0.1s
⏳ Step 11 progress: 144/360
🔬 Step 11 item 145/360 start 5k8x_C_DXE_507
⚠️ Step 11 item skipped: 145/360 5k8x_C_DXE_507 stage=BUILD_ROWS reason=ITEM_FAILED
🖼️ Step 11 SVG ready 5k8x_C_DXE_507
🔬 Step 11 item 145/360 done 5k8x_C_DXE_507 sdf=written mapped=6 all_atoms=16 dt=0.1s
⏳ Step 11 progress: 145/360
🔬 Step 11 item 146/360 start 5k8x_D_DXE_507
⚠️ Step 11 item skipped: 146/360 5k8x_D_DXE_507 stage=BUILD_ROWS reason=ITEM_FAILED
🖼️ Step 11 SVG ready 5k8x_D_DXE_507
🔬 Step 11 item 146/360 done 5k8x_D_DXE_507 sdf=written mapped=6 all_atoms=16 dt=0.1s
⏳ Step 11 progress: 146/360
🔬 Step 11 item 147/360 start 5k8x_C_DXE_508
⚠️ Step 11 item skipped: 147/360 5k8x_C_DXE_508 stage=BUILD_ROWS reason=ITEM_FAILED
🖼️ Step 11 SVG ready 5k8x_C_DXE_508
🔬 Step 11 item 147/360 done 5k8x_C_DXE_508 sdf=written mapped=6 all_atoms=16 dt=0.1s
⏳ Step 11 progress: 147/360
🔬 Step 11 item 148/360 start 5k8x_C_DXE_509
⚠️ Step 11 item skipped: 148/360 5k8x_C_DXE_509 stage=BUILD_ROWS reason=ITEM_FAILED
🖼️ Step 11 SVG ready 5k8x_C_DXE_509
🔬 Step 11 item 148/360 done 5k8x_C_DXE_509 sdf=written mapped=6 all_atoms=16 dt=0.1s
⏳ Step 11 progress: 148/360
🔬 Step 11 item 149/360 start 5lgq_A_DXE_504
⚠️ Step 11 item skipped: 149/360 5lgq_A_DXE_504 stage=BUILD_ROWS reason=ITEM_FAILED
🖼️ Step 11 SVG ready 5lgq_A_DXE_504
🔬 Step 11 item 149/360 done 5lgq_A_DXE_504 sdf=written mapped=6 all_atoms=16 dt=0.1s
⏳ Step 11 progress: 149/360
🔬 Step 11 item 150/360 start 5lgr_A_DXE_504
⚠️ Step 11 item skipped: 150/360 5lgr_A_DXE_504 stage=BUILD_ROWS reason=ITEM_FAILED
🖼️ Step 11 SVG ready 5lgr_A_DXE_504
🔬 Step 11 item 150/360 done 5lgr_A_DXE_504 sdf=written mapped=6 all_atoms=16 dt=0.1s
⏳ Step 11 progress: 150/360
🔬 Step 11 item 151/360 start 5lgs_B_DXE_501
[08:22:29] [mem] running 11_mcsMatcher.py parent=65.9MB child_tree=129.3MB combined=195.2MB
⚠️ Step 11 item skipped: 151/360 5lgs_B_DXE_501 stage=BUILD_ROWS reason=ITEM_FAILED
🖼️ Step 11 SVG ready 5lgs_B_DXE_501
🔬 Step 11 item 151/360 done 5lgs_B_DXE_501 sdf=written mapped=6 all_atoms=16 dt=0.1s
⏳ Step 11 progress: 151/360
🔬 Step 11 item 152/360 start 5lgs_A_DXE_502
⚠️ Step 11 item skipped: 152/360 5lgs_A_DXE_502 stage=BUILD_ROWS reason=ITEM_FAILED
🖼️ Step 11 SVG ready 5lgs_A_DXE_502
🔬 Step 11 item 152/360 done 5lgs_A_DXE_502 sdf=written mapped=6 all_atoms=16 dt=0.1s
⏳ Step 11 progress: 152/360
🔬 Step 11 item 153/360 start 5lgs_D_DXE_502
⚠️ Step 11 item skipped: 153/360 5lgs_D_DXE_502 stage=BUILD_ROWS reason=ITEM_FAILED
🖼️ Step 11 SVG ready 5lgs_D_DXE_502
🔬 Step 11 item 153/360 done 5lgs_D_DXE_502 sdf=written mapped=6 all_atoms=16 dt=0.1s
⏳ Step 11 progress: 153/360
🔬 Step 11 item 154/360 start 5lkj_A_DXE_506
⚠️ Step 11 item skipped: 154/360 5lkj_A_DXE_506 stage=BUILD_ROWS reason=ITEM_FAILED
🖼️ Step 11 SVG ready 5lkj_A_DXE_506
🔬 Step 11 item 154/360 done 5lkj_A_DXE_506 sdf=written mapped=6 all_atoms=16 dt=0.1s
⏳ Step 11 progress: 154/360
🔬 Step 11 item 155/360 start 5lkj_B_DXE_506
⚠️ Step 11 item skipped: 155/360 5lkj_B_DXE_506 stage=BUILD_ROWS reason=ITEM_FAILED
🖼️ Step 11 SVG ready 5lkj_B_DXE_506
🔬 Step 11 item 155/360 done 5lkj_B_DXE_506 sdf=written mapped=6 all_atoms=16 dt=0.1s
⏳ Step 11 progress: 155/360
🔬 Step 11 item 156/360 start 5lkj_A_DXE_507
⚠️ Step 11 item skipped: 156/360 5lkj_A_DXE_507 stage=BUILD_ROWS reason=ITEM_FAILED
🖼️ Step 11 SVG ready 5lkj_A_DXE_507
🔬 Step 11 item 156/360 done 5lkj_A_DXE_507 sdf=written mapped=6 all_atoms=16 dt=0.1s
⏳ Step 11 progress: 156/360
🔬 Step 11 item 157/360 start 5lkj_B_DXE_507
⚠️ Step 11 item skipped: 157/360 5lkj_B_DXE_507 stage=BUILD_ROWS reason=ITEM_FAILED
🖼️ Step 11 SVG ready 5lkj_B_DXE_507
🔬 Step 11 item 157/360 done 5lkj_B_DXE_507 sdf=written mapped=6 all_atoms=16 dt=0.1s
⏳ Step 11 progress: 157/360
🔬 Step 11 item 158/360 start 5lkj_A_DXE_508
⚠️ Step 11 item skipped: 158/360 5lkj_A_DXE_508 stage=BUILD_ROWS reason=ITEM_FAILED
🖼️ Step 11 SVG ready 5lkj_A_DXE_508
🔬 Step 11 item 158/360 done 5lkj_A_DXE_508 sdf=written mapped=6 all_atoms=16 dt=0.1s
⏳ Step 11 progress: 158/360
🔬 Step 11 item 159/360 start 5lv2_C_DXE_505
⚠️ Step 11 item skipped: 159/360 5lv2_C_DXE_505 stage=BUILD_ROWS reason=ITEM_FAILED
🖼️ Step 11 SVG ready 5lv2_C_DXE_505
🔬 Step 11 item 159/360 done 5lv2_C_DXE_505 sdf=written mapped=6 all_atoms=16 dt=0.1s
⏳ Step 11 progress: 159/360
🔬 Step 11 item 160/360 start 5ntc_A_DXE_505
⚠️ Step 11 item skipped: 160/360 5ntc_A_DXE_505 stage=BUILD_ROWS reason=ITEM_FAILED
🖼️ Step 11 SVG ready 5ntc_A_DXE_505
🔬 Step 11 item 160/360 done 5ntc_A_DXE_505 sdf=written mapped=6 all_atoms=16 dt=0.1s
⏳ Step 11 progress: 160/360
🔬 Step 11 item 161/360 start 5ntc_C_DXE_505
⚠️ Step 11 item skipped: 161/360 5ntc_C_DXE_505 stage=BUILD_ROWS reason=ITEM_FAILED
🖼️ Step 11 SVG ready 5ntc_C_DXE_505
🔬 Step 11 item 161/360 done 5ntc_C_DXE_505 sdf=written mapped=6 all_atoms=16 dt=0.1s
⏳ Step 11 progress: 161/360
🔬 Step 11 item 162/360 start 5tbj_A_DXE_505
⚠️ Step 11 item skipped: 162/360 5tbj_A_DXE_505 stage=BUILD_ROWS reason=ITEM_FAILED
🖼️ Step 11 SVG ready 5tbj_A_DXE_505
🔬 Step 11 item 162/360 done 5tbj_A_DXE_505 sdf=written mapped=6 all_atoms=16 dt=0.1s
⏳ Step 11 progress: 162/360
🔬 Step 11 item 163/360 start 6d2l_A_FTG_501
🖼️ Step 11 SVG ready 6d2l_A_FTG_501
🔬 Step 11 item 163/360 done 6d2l_A_FTG_501 sdf=written mapped=44 all_atoms=44 dt=0.1s
⏳ Step 11 progress: 163/360
🔬 Step 11 item 164/360 start 6d2l_C_FTG_501
⚠️ Step 11 item skipped: 164/360 6d2l_C_FTG_501 stage=BUILD_ROWS reason=ITEM_FAILED
🖼️ Step 11 SVG ready 6d2l_C_FTG_501
🔬 Step 11 item 164/360 done 6d2l_C_FTG_501 sdf=written mapped=39 all_atoms=39 dt=0.1s
⏳ Step 11 progress: 164/360
🔬 Step 11 item 165/360 start 6d2l_F_FTG_501
🖼️ Step 11 SVG ready 6d2l_F_FTG_501
🔬 Step 11 item 165/360 done 6d2l_F_FTG_501 sdf=written mapped=44 all_atoms=44 dt=0.1s
⏳ Step 11 progress: 165/360
🔬 Step 11 item 166/360 start 6d2l_B_FTG_2000
🖼️ Step 11 SVG ready 6d2l_B_FTG_2000
🔬 Step 11 item 166/360 done 6d2l_B_FTG_2000 sdf=written mapped=44 all_atoms=44 dt=0.1s
⏳ Step 11 progress: 166/360
🔬 Step 11 item 167/360 start 6d2l_D_FTG_2000
🖼️ Step 11 SVG ready 6d2l_D_FTG_2000
🔬 Step 11 item 167/360 done 6d2l_D_FTG_2000 sdf=written mapped=44 all_atoms=44 dt=0.1s
⏳ Step 11 progress: 167/360
🔬 Step 11 item 168/360 start 6d2l_E_FTG_2000
⚠️ Step 11 item skipped: 168/360 6d2l_E_FTG_2000 stage=BUILD_ROWS reason=ITEM_FAILED
🖼️ Step 11 SVG ready 6d2l_E_FTG_2000
🔬 Step 11 item 168/360 done 6d2l_E_FTG_2000 sdf=written mapped=38 all_atoms=38 dt=0.1s
⏳ Step 11 progress: 168/360
🔬 Step 11 item 169/360 start 5k8w_A_GJV_501
⚠️ Step 11 item skipped: 169/360 5k8w_A_GJV_501 stage=BUILD_ROWS reason=ITEM_FAILED
🖼️ Step 11 SVG ready 5k8w_A_GJV_501
🔬 Step 11 item 169/360 done 5k8w_A_GJV_501 sdf=written mapped=24 all_atoms=45 dt=0.1s
⏳ Step 11 progress: 169/360
🔬 Step 11 item 170/360 start 5k8w_B_GJV_501
⚠️ Step 11 item skipped: 170/360 5k8w_B_GJV_501 stage=BUILD_ROWS reason=ITEM_FAILED
🖼️ Step 11 SVG ready 5k8w_B_GJV_501
🔬 Step 11 item 170/360 done 5k8w_B_GJV_501 sdf=written mapped=24 all_atoms=45 dt=0.1s
⏳ Step 11 progress: 170/360
🔬 Step 11 item 171/360 start 5k8w_C_GJV_501
⚠️ Step 11 item skipped: 171/360 5k8w_C_GJV_501 stage=BUILD_ROWS reason=ITEM_FAILED
🖼️ Step 11 SVG ready 5k8w_C_GJV_501
🔬 Step 11 item 171/360 done 5k8w_C_GJV_501 sdf=written mapped=24 all_atoms=45 dt=0.1s
⏳ Step 11 progress: 171/360
🔬 Step 11 item 172/360 start 5k8w_D_GJV_501
⚠️ Step 11 item skipped: 172/360 5k8w_D_GJV_501 stage=BUILD_ROWS reason=ITEM_FAILED
🖼️ Step 11 SVG ready 5k8w_D_GJV_501
🔬 Step 11 item 172/360 done 5k8w_D_GJV_501 sdf=written mapped=24 all_atoms=45 dt=0.1s
⏳ Step 11 progress: 172/360
🔬 Step 11 item 173/360 start 8sig_A_GWU_501
🖼️ Step 11 SVG ready 8sig_A_GWU_501
🔬 Step 11 item 173/360 done 8sig_A_GWU_501 sdf=written mapped=36 all_atoms=36 dt=0.1s
⏳ Step 11 progress: 173/360
🔬 Step 11 item 174/360 start 6dvr_A_HDG_501
🖼️ Step 11 SVG ready 6dvr_A_HDG_501
🔬 Step 11 item 174/360 done 6dvr_A_HDG_501 sdf=written mapped=45 all_atoms=45 dt=0.1s
⏳ Step 11 progress: 174/360
🔬 Step 11 item 175/360 start 6dvr_B_HDG_501
🖼️ Step 11 SVG ready 6dvr_B_HDG_501
🔬 Step 11 item 175/360 done 6dvr_B_HDG_501 sdf=written mapped=45 all_atoms=45 dt=0.1s
⏳ Step 11 progress: 175/360
🔬 Step 11 item 176/360 start 8g2i_A_I0B_501
⚠️ Step 11 item skipped: 176/360 8g2i_A_I0B_501 stage=BUILD_ROWS reason=ITEM_FAILED
🖼️ Step 11 SVG ready 8g2i_A_I0B_501
🔬 Step 11 item 176/360 done 8g2i_A_I0B_501 sdf=written mapped=46 all_atoms=46 dt=0.1s
⏳ Step 11 progress: 176/360
🔬 Step 11 item 177/360 start 8sih_A_I1K_501
⚠️ Step 11 item skipped: 177/360 8sih_A_I1K_501 stage=BUILD_ROWS reason=ITEM_FAILED
🖼️ Step 11 SVG ready 8sih_A_I1K_501
🔬 Step 11 item 177/360 done 8sih_A_I1K_501 sdf=written mapped=44 all_atoms=44 dt=0.1s
⏳ Step 11 progress: 177/360
🔬 Step 11 item 178/360 start 6s77_A_KXW_501
🖼️ Step 11 SVG ready 6s77_A_KXW_501
🔬 Step 11 item 178/360 done 6s77_A_KXW_501 sdf=written mapped=36 all_atoms=36 dt=0.1s
⏳ Step 11 progress: 178/360
🔬 Step 11 item 179/360 start 6s77_B_KXW_501
🖼️ Step 11 SVG ready 6s77_B_KXW_501
🔬 Step 11 item 179/360 done 6s77_B_KXW_501 sdf=written mapped=36 all_atoms=36 dt=0.1s
⏳ Step 11 progress: 179/360
🔬 Step 11 item 180/360 start 6s77_C_KXW_501
🖼️ Step 11 SVG ready 6s77_C_KXW_501
🔬 Step 11 item 180/360 done 6s77_C_KXW_501 sdf=written mapped=36 all_atoms=36 dt=0.1s
⏳ Step 11 progress: 180/360
🔬 Step 11 item 181/360 start 6s77_D_KXW_501
🖼️ Step 11 SVG ready 6s77_D_KXW_501
🔬 Step 11 item 181/360 done 6s77_D_KXW_501 sdf=written mapped=36 all_atoms=36 dt=0.1s
⏳ Step 11 progress: 181/360
🔬 Step 11 item 182/360 start 6s79_A_KXW_501
🖼️ Step 11 SVG ready 6s79_A_KXW_501
🔬 Step 11 item 182/360 done 6s79_A_KXW_501 sdf=written mapped=36 all_atoms=36 dt=0.1s
⏳ Step 11 progress: 182/360
🔬 Step 11 item 183/360 start 6s79_B_KXW_501
🖼️ Step 11 SVG ready 6s79_B_KXW_501
🔬 Step 11 item 183/360 done 6s79_B_KXW_501 sdf=written mapped=36 all_atoms=36 dt=0.1s
⏳ Step 11 progress: 183/360
🔬 Step 11 item 184/360 start 6s79_C_KXW_501
[08:22:33] WARNING: could not find number of expected rings. Switching to an approximate ring finding algorithm.
⚠️ Step 11 item skipped: 184/360 6s79_C_KXW_501 stage=BUILD_ROWS reason=ITEM_FAILED
🖼️ Step 11 SVG ready 6s79_C_KXW_501
🔬 Step 11 item 184/360 done 6s79_C_KXW_501 sdf=written mapped=36 all_atoms=72 dt=0.1s
⏳ Step 11 progress: 184/360
🔬 Step 11 item 185/360 start 6s79_D_KXW_501
[08:22:33] WARNING: could not find number of expected rings. Switching to an approximate ring finding algorithm.
⚠️ Step 11 item skipped: 185/360 6s79_D_KXW_501 stage=BUILD_ROWS reason=ITEM_FAILED
🖼️ Step 11 SVG ready 6s79_D_KXW_501
🔬 Step 11 item 185/360 done 6s79_D_KXW_501 sdf=written mapped=36 all_atoms=72 dt=0.1s
⏳ Step 11 progress: 185/360
🔬 Step 11 item 186/360 start 6s7c_A_KY2_501
⚠️ Step 11 item skipped: 186/360 6s7c_A_KY2_501 stage=BUILD_ROWS reason=ITEM_FAILED
🖼️ Step 11 SVG ready 6s7c_A_KY2_501
🔬 Step 11 item 186/360 done 6s7c_A_KY2_501 sdf=written mapped=30 all_atoms=30 dt=0.1s
⏳ Step 11 progress: 186/360
🔬 Step 11 item 187/360 start 6s7c_B_KY2_501
⚠️ Step 11 item skipped: 187/360 6s7c_B_KY2_501 stage=BUILD_ROWS reason=ITEM_FAILED
🖼️ Step 11 SVG ready 6s7c_B_KY2_501
🔬 Step 11 item 187/360 done 6s7c_B_KY2_501 sdf=written mapped=30 all_atoms=30 dt=0.1s
⏳ Step 11 progress: 187/360
🔬 Step 11 item 188/360 start 6s7c_C_KY2_501
⚠️ Step 11 item skipped: 188/360 6s7c_C_KY2_501 stage=BUILD_ROWS reason=ITEM_FAILED
🖼️ Step 11 SVG ready 6s7c_C_KY2_501
🔬 Step 11 item 188/360 done 6s7c_C_KY2_501 sdf=written mapped=30 all_atoms=30 dt=0.1s
⏳ Step 11 progress: 188/360
🔬 Step 11 item 189/360 start 6s7c_D_KY2_501
⚠️ Step 11 item skipped: 189/360 6s7c_D_KY2_501 stage=BUILD_ROWS reason=ITEM_FAILED
🖼️ Step 11 SVG ready 6s7c_D_KY2_501
🔬 Step 11 item 189/360 done 6s7c_D_KY2_501 sdf=written mapped=30 all_atoms=30 dt=0.1s
⏳ Step 11 progress: 189/360
🔬 Step 11 item 190/360 start 6s7a_A_KY5_501
🖼️ Step 11 SVG ready 6s7a_A_KY5_501
🔬 Step 11 item 190/360 done 6s7a_A_KY5_501 sdf=written mapped=33 all_atoms=33 dt=0.1s
⏱ Step 11 heartbeat: processed=190/360 current=6s7a_A_KY5_501 stage=ITEM_DONE elapsed=20s item_elapsed=0s sdf_written=190 sdf_failed=0 svg_written=190 item_failures=163 last_done=6s7a_A_KY5_501⏳ Step 11 progress: 190/360
🔬 Step 11 item 191/360 start 6s7a_B_KY5_501
🖼️ Step 11 SVG ready 6s7a_B_KY5_501
🔬 Step 11 item 191/360 done 6s7a_B_KY5_501 sdf=written mapped=33 all_atoms=33 dt=0.1s
⏳ Step 11 progress: 191/360
🔬 Step 11 item 192/360 start 6s7a_C_KY5_501
🖼️ Step 11 SVG ready 6s7a_C_KY5_501
🔬 Step 11 item 192/360 done 6s7a_C_KY5_501 sdf=written mapped=33 all_atoms=33 dt=0.1s
⏳ Step 11 progress: 192/360
🔬 Step 11 item 193/360 start 6s7a_D_KY5_501
🖼️ Step 11 SVG ready 6s7a_D_KY5_501
🔬 Step 11 item 193/360 done 6s7a_D_KY5_501 sdf=written mapped=33 all_atoms=33 dt=0.1s
⏳ Step 11 progress: 193/360
🔬 Step 11 item 194/360 start 6s74_A_KY8_501
[08:22:34] WARNING: could not find number of expected rings. Switching to an approximate ring finding algorithm.
⚠️ Step 11 item skipped: 194/360 6s74_A_KY8_501 stage=BUILD_ROWS reason=ITEM_FAILED
🖼️ Step 11 SVG ready 6s74_A_KY8_501
🔬 Step 11 item 194/360 done 6s74_A_KY8_501 sdf=written mapped=33 all_atoms=66 dt=0.1s
⏳ Step 11 progress: 194/360
🔬 Step 11 item 195/360 start 6s74_B_KY8_501
[08:22:34] WARNING: could not find number of expected rings. Switching to an approximate ring finding algorithm.
⚠️ Step 11 item skipped: 195/360 6s74_B_KY8_501 stage=BUILD_ROWS reason=ITEM_FAILED
🖼️ Step 11 SVG ready 6s74_B_KY8_501
🔬 Step 11 item 195/360 done 6s74_B_KY8_501 sdf=written mapped=33 all_atoms=66 dt=0.1s
⏳ Step 11 progress: 195/360
🔬 Step 11 item 196/360 start 6s74_C_KY8_501
🖼️ Step 11 SVG ready 6s74_C_KY8_501
🔬 Step 11 item 196/360 done 6s74_C_KY8_501 sdf=written mapped=33 all_atoms=33 dt=0.1s
⏳ Step 11 progress: 196/360
🔬 Step 11 item 197/360 start 6s74_D_KY8_501
🖼️ Step 11 SVG ready 6s74_D_KY8_501
🔬 Step 11 item 197/360 done 6s74_D_KY8_501 sdf=written mapped=33 all_atoms=33 dt=0.1s
⏳ Step 11 progress: 197/360
🔬 Step 11 item 198/360 start 6s70_A_KYB_501
[08:22:35] [mem] running 11_mcsMatcher.py parent=65.9MB child_tree=129.3MB combined=195.2MB
⚠️ Step 11 item skipped: 198/360 6s70_A_KYB_501 stage=BUILD_ROWS reason=ITEM_FAILED
🖼️ Step 11 SVG ready 6s70_A_KYB_501
🔬 Step 11 item 198/360 done 6s70_A_KYB_501 sdf=written mapped=32 all_atoms=32 dt=0.1s
⏳ Step 11 progress: 198/360
🔬 Step 11 item 199/360 start 6s70_B_KYB_501
⚠️ Step 11 item skipped: 199/360 6s70_B_KYB_501 stage=BUILD_ROWS reason=ITEM_FAILED
🖼️ Step 11 SVG ready 6s70_B_KYB_501
🔬 Step 11 item 199/360 done 6s70_B_KYB_501 sdf=written mapped=32 all_atoms=32 dt=0.1s
⏳ Step 11 progress: 199/360
🔬 Step 11 item 200/360 start 6s70_C_KYB_501
⚠️ Step 11 item skipped: 200/360 6s70_C_KYB_501 stage=BUILD_ROWS reason=ITEM_FAILED
🖼️ Step 11 SVG ready 6s70_C_KYB_501
🔬 Step 11 item 200/360 done 6s70_C_KYB_501 sdf=written mapped=32 all_atoms=32 dt=0.1s
⏳ Step 11 progress: 200/360
🔬 Step 11 item 201/360 start 6s70_D_KYB_501
⚠️ Step 11 item skipped: 201/360 6s70_D_KYB_501 stage=BUILD_ROWS reason=ITEM_FAILED
🖼️ Step 11 SVG ready 6s70_D_KYB_501
🔬 Step 11 item 201/360 done 6s70_D_KYB_501 sdf=written mapped=32 all_atoms=32 dt=0.1s
⏳ Step 11 progress: 201/360
🔬 Step 11 item 202/360 start 6s71_A_KYE_501
⚠️ Step 11 item skipped: 202/360 6s71_A_KYE_501 stage=BUILD_ROWS reason=ITEM_FAILED
🖼️ Step 11 SVG ready 6s71_A_KYE_501
🔬 Step 11 item 202/360 done 6s71_A_KYE_501 sdf=written mapped=35 all_atoms=35 dt=0.1s
⏳ Step 11 progress: 202/360
🔬 Step 11 item 203/360 start 6s71_B_KYE_501
⚠️ Step 11 item skipped: 203/360 6s71_B_KYE_501 stage=BUILD_ROWS reason=ITEM_FAILED
🖼️ Step 11 SVG ready 6s71_B_KYE_501
🔬 Step 11 item 203/360 done 6s71_B_KYE_501 sdf=written mapped=35 all_atoms=35 dt=0.1s
⏳ Step 11 progress: 203/360
🔬 Step 11 item 204/360 start 6s71_C_KYE_501
⚠️ Step 11 item skipped: 204/360 6s71_C_KYE_501 stage=BUILD_ROWS reason=ITEM_FAILED
🖼️ Step 11 SVG ready 6s71_C_KYE_501
🔬 Step 11 item 204/360 done 6s71_C_KYE_501 sdf=written mapped=35 all_atoms=35 dt=0.1s
⏳ Step 11 progress: 204/360
🔬 Step 11 item 205/360 start 6s71_D_KYE_501
⚠️ Step 11 item skipped: 205/360 6s71_D_KYE_501 stage=BUILD_ROWS reason=ITEM_FAILED
🖼️ Step 11 SVG ready 6s71_D_KYE_501
🔬 Step 11 item 205/360 done 6s71_D_KYE_501 sdf=written mapped=35 all_atoms=35 dt=0.1s
⏳ Step 11 progress: 205/360
🔬 Step 11 item 206/360 start 6s7b_A_KYH_501
⚠️ Step 11 item skipped: 206/360 6s7b_A_KYH_501 stage=BUILD_ROWS reason=ITEM_FAILED
🖼️ Step 11 SVG ready 6s7b_A_KYH_501
🔬 Step 11 item 206/360 done 6s7b_A_KYH_501 sdf=written mapped=31 all_atoms=31 dt=0.1s
⏳ Step 11 progress: 206/360
🔬 Step 11 item 207/360 start 6s7b_B_KYH_501
⚠️ Step 11 item skipped: 207/360 6s7b_B_KYH_501 stage=BUILD_ROWS reason=ITEM_FAILED
🖼️ Step 11 SVG ready 6s7b_B_KYH_501
🔬 Step 11 item 207/360 done 6s7b_B_KYH_501 sdf=written mapped=31 all_atoms=31 dt=0.1s
⏳ Step 11 progress: 207/360
🔬 Step 11 item 208/360 start 6s7b_C_KYH_501
⚠️ Step 11 item skipped: 208/360 6s7b_C_KYH_501 stage=BUILD_ROWS reason=ITEM_FAILED
🖼️ Step 11 SVG ready 6s7b_C_KYH_501
🔬 Step 11 item 208/360 done 6s7b_C_KYH_501 sdf=written mapped=31 all_atoms=31 dt=0.1s
⏳ Step 11 progress: 208/360
🔬 Step 11 item 209/360 start 6s7b_D_KYH_501
⚠️ Step 11 item skipped: 209/360 6s7b_D_KYH_501 stage=BUILD_ROWS reason=ITEM_FAILED
🖼️ Step 11 SVG ready 6s7b_D_KYH_501
🔬 Step 11 item 209/360 done 6s7b_D_KYH_501 sdf=written mapped=31 all_atoms=31 dt=0.1s
⏳ Step 11 progress: 209/360
🔬 Step 11 item 210/360 start 5lv2_B_LHB_501
⚠️ Step 11 item skipped: 210/360 5lv2_B_LHB_501 stage=BUILD_ROWS reason=ITEM_FAILED
🖼️ Step 11 SVG ready 5lv2_B_LHB_501
🔬 Step 11 item 210/360 done 5lv2_B_LHB_501 sdf=written mapped=31 all_atoms=54 dt=0.1s
⏳ Step 11 progress: 210/360
🔬 Step 11 item 211/360 start 5lv2_D_LHB_501
⚠️ Step 11 item skipped: 211/360 5lv2_D_LHB_501 stage=BUILD_ROWS reason=ITEM_FAILED
🖼️ Step 11 SVG ready 5lv2_D_LHB_501
🔬 Step 11 item 211/360 done 5lv2_D_LHB_501 sdf=written mapped=31 all_atoms=54 dt=0.1s
⏳ Step 11 progress: 211/360
🔬 Step 11 item 212/360 start 5lv2_F_LHB_501
⚠️ Step 11 item skipped: 212/360 5lv2_F_LHB_501 stage=BUILD_ROWS reason=ITEM_FAILED
🖼️ Step 11 SVG ready 5lv2_F_LHB_501
🔬 Step 11 item 212/360 done 5lv2_F_LHB_501 sdf=written mapped=31 all_atoms=54 dt=0.1s
⏳ Step 11 progress: 212/360
🔬 Step 11 item 213/360 start 5lv2_H_LHB_501
⚠️ Step 11 item skipped: 213/360 5lv2_H_LHB_501 stage=BUILD_ROWS reason=ITEM_FAILED
🖼️ Step 11 SVG ready 5lv2_H_LHB_501
🔬 Step 11 item 213/360 done 5lv2_H_LHB_501 sdf=written mapped=31 all_atoms=54 dt=0.1s
⏳ Step 11 progress: 213/360
🔬 Step 11 item 214/360 start 5tbj_A_LHD_501
⚠️ Step 11 item skipped: 214/360 5tbj_A_LHD_501 stage=BUILD_ROWS reason=ITEM_FAILED
🖼️ Step 11 SVG ready 5tbj_A_LHD_501
🔬 Step 11 item 214/360 done 5tbj_A_LHD_501 sdf=written mapped=32 all_atoms=58 dt=0.1s
⏳ Step 11 progress: 214/360
🔬 Step 11 item 215/360 start 5tbj_B_LHD_501
⚠️ Step 11 item skipped: 215/360 5tbj_B_LHD_501 stage=BUILD_ROWS reason=ITEM_FAILED
🖼️ Step 11 SVG ready 5tbj_B_LHD_501
🔬 Step 11 item 215/360 done 5tbj_B_LHD_501 sdf=written mapped=32 all_atoms=58 dt=0.1s
⏳ Step 11 progress: 215/360
🔬 Step 11 item 216/360 start 5tbj_C_LHD_501
⚠️ Step 11 item skipped: 216/360 5tbj_C_LHD_501 stage=BUILD_ROWS reason=ITEM_FAILED
🖼️ Step 11 SVG ready 5tbj_C_LHD_501
🔬 Step 11 item 216/360 done 5tbj_C_LHD_501 sdf=written mapped=32 all_atoms=58 dt=0.1s
⏳ Step 11 progress: 216/360
🔬 Step 11 item 217/360 start 5tbj_D_LHD_501
⚠️ Step 11 item skipped: 217/360 5tbj_D_LHD_501 stage=BUILD_ROWS reason=ITEM_FAILED
🖼️ Step 11 SVG ready 5tbj_D_LHD_501
🔬 Step 11 item 217/360 done 5tbj_D_LHD_501 sdf=written mapped=32 all_atoms=58 dt=0.1s
⏳ Step 11 progress: 217/360
🔬 Step 11 item 218/360 start 5lv3_B_LHF_501
⚠️ Step 11 item skipped: 218/360 5lv3_B_LHF_501 stage=BUILD_ROWS reason=ITEM_FAILED
🖼️ Step 11 SVG ready 5lv3_B_LHF_501
🔬 Step 11 item 218/360 done 5lv3_B_LHF_501 sdf=written mapped=39 all_atoms=66 dt=0.1s
⏳ Step 11 progress: 218/360
🔬 Step 11 item 219/360 start 5lv3_C_LHF_501
⚠️ Step 11 item skipped: 219/360 5lv3_C_LHF_501 stage=BUILD_ROWS reason=ITEM_FAILED
🖼️ Step 11 SVG ready 5lv3_C_LHF_501
🔬 Step 11 item 219/360 done 5lv3_C_LHF_501 sdf=written mapped=39 all_atoms=67 dt=0.1s
⏳ Step 11 progress: 219/360
🔬 Step 11 item 220/360 start 5lgr_G_LPD_101
⚠️ Step 11 item skipped: 220/360 5lgr_G_LPD_101 stage=BUILD_ROWS reason=ITEM_FAILED
🖼️ Step 11 SVG ready 5lgr_G_LPD_101
🔬 Step 11 item 220/360 done 5lgr_G_LPD_101 sdf=written mapped=8 all_atoms=17 dt=0.1s
⏳ Step 11 progress: 220/360
🔬 Step 11 item 221/360 start 5lgr_E_LPD_102
⚠️ Step 11 item skipped: 221/360 5lgr_E_LPD_102 stage=BUILD_ROWS reason=ITEM_FAILED
🖼️ Step 11 SVG ready 5lgr_E_LPD_102
🔬 Step 11 item 221/360 done 5lgr_E_LPD_102 sdf=written mapped=8 all_atoms=17 dt=0.1s
⏳ Step 11 progress: 221/360
🔬 Step 11 item 222/360 start 5lgr_F_LPD_103
⚠️ Step 11 item skipped: 222/360 5lgr_F_LPD_103 stage=BUILD_ROWS reason=ITEM_FAILED
🖼️ Step 11 SVG ready 5lgr_F_LPD_103
🔬 Step 11 item 222/360 done 5lgr_F_LPD_103 sdf=written mapped=8 all_atoms=17 dt=0.1s
⏳ Step 11 progress: 222/360
🔬 Step 11 item 223/360 start 5lgr_H_LPD_103
⚠️ Step 11 item skipped: 223/360 5lgr_H_LPD_103 stage=BUILD_ROWS reason=ITEM_FAILED
🖼️ Step 11 SVG ready 5lgr_H_LPD_103
🔬 Step 11 item 223/360 done 5lgr_H_LPD_103 sdf=written mapped=8 all_atoms=17 dt=0.1s
⏳ Step 11 progress: 223/360
🔬 Step 11 item 224/360 start 7pv6_A_LRZ_501
⚠️ Step 11 item skipped: 224/360 7pv6_A_LRZ_501 stage=BUILD_ROWS reason=ITEM_FAILED
🖼️ Step 11 SVG ready 7pv6_A_LRZ_501
🔬 Step 11 item 224/360 done 7pv6_A_LRZ_501 sdf=written mapped=45 all_atoms=76 dt=0.1s
⏳ Step 11 progress: 224/360
🔬 Step 11 item 225/360 start 7pv6_B_LRZ_501
⚠️ Step 11 item skipped: 225/360 7pv6_B_LRZ_501 stage=BUILD_ROWS reason=ITEM_FAILED
🖼️ Step 11 SVG ready 7pv6_B_LRZ_501
🔬 Step 11 item 225/360 done 7pv6_B_LRZ_501 sdf=written mapped=45 all_atoms=76 dt=0.1s
⏳ Step 11 progress: 225/360
🔬 Step 11 item 226/360 start 7pv6_C_LRZ_501
⚠️ Step 11 item skipped: 226/360 7pv6_C_LRZ_501 stage=BUILD_ROWS reason=ITEM_FAILED
🖼️ Step 11 SVG ready 7pv6_C_LRZ_501
🔬 Step 11 item 226/360 done 7pv6_C_LRZ_501 sdf=written mapped=45 all_atoms=76 dt=0.1s
⏳ Step 11 progress: 226/360
🔬 Step 11 item 227/360 start 7pv6_D_LRZ_501
⚠️ Step 11 item skipped: 227/360 7pv6_D_LRZ_501 stage=BUILD_ROWS reason=ITEM_FAILED
🖼️ Step 11 SVG ready 7pv6_D_LRZ_501
🔬 Step 11 item 227/360 done 7pv6_D_LRZ_501 sdf=written mapped=45 all_atoms=76 dt=0.1s
⏳ Step 11 progress: 227/360
🔬 Step 11 item 228/360 start 7ppq_A_LSK_501
⚠️ Step 11 item skipped: 228/360 7ppq_A_LSK_501 stage=BUILD_ROWS reason=ITEM_FAILED
🖼️ Step 11 SVG ready 7ppq_A_LSK_501
🔬 Step 11 item 228/360 done 7ppq_A_LSK_501 sdf=written mapped=47 all_atoms=82 dt=0.1s
⏳ Step 11 progress: 228/360
🔬 Step 11 item 229/360 start 7ppq_B_LSK_501
⚠️ Step 11 item skipped: 229/360 7ppq_B_LSK_501 stage=BUILD_ROWS reason=ITEM_FAILED
🖼️ Step 11 SVG ready 7ppq_B_LSK_501
🔬 Step 11 item 229/360 done 7ppq_B_LSK_501 sdf=written mapped=47 all_atoms=82 dt=0.1s
⏳ Step 11 progress: 229/360
🔬 Step 11 item 230/360 start 7ppq_C_LSK_501
⚠️ Step 11 item skipped: 230/360 7ppq_C_LSK_501 stage=BUILD_ROWS reason=ITEM_FAILED
🖼️ Step 11 SVG ready 7ppq_C_LSK_501
🔬 Step 11 item 230/360 done 7ppq_C_LSK_501 sdf=written mapped=47 all_atoms=82 dt=0.2s
⏳ Step 11 progress: 230/360
🔬 Step 11 item 231/360 start 7ppq_D_LSK_501
⚠️ Step 11 item skipped: 231/360 7ppq_D_LSK_501 stage=BUILD_ROWS reason=ITEM_FAILED
🖼️ Step 11 SVG ready 7ppq_D_LSK_501
🔬 Step 11 item 231/360 done 7ppq_D_LSK_501 sdf=written mapped=47 all_atoms=82 dt=0.1s
⏳ Step 11 progress: 231/360
🔬 Step 11 item 232/360 start 5is9_B_M2M_506
⚠️ Step 11 item skipped: 232/360 5is9_B_M2M_506 stage=BUILD_ROWS reason=ITEM_FAILED
🖼️ Step 11 SVG ready 5is9_B_M2M_506
🔬 Step 11 item 232/360 done 5is9_B_M2M_506 sdf=written mapped=9 all_atoms=23 dt=0.1s
⏳ Step 11 progress: 232/360
🔬 Step 11 item 233/360 start 5isa_A_M2M_506
⚠️ Step 11 item skipped: 233/360 5isa_A_M2M_506 stage=BUILD_ROWS reason=ITEM_FAILED
🖼️ Step 11 SVG ready 5isa_A_M2M_506
🔬 Step 11 item 233/360 done 5isa_A_M2M_506 sdf=written mapped=9 all_atoms=23 dt=0.1s
⏳ Step 11 progress: 233/360
🔬 Step 11 item 234/360 start 5isb_A_M2M_508
⚠️ Step 11 item skipped: 234/360 5isb_A_M2M_508 stage=BUILD_ROWS reason=ITEM_FAILED
🖼️ Step 11 SVG ready 5isb_A_M2M_508
🔬 Step 11 item 234/360 done 5isb_A_M2M_508 sdf=written mapped=9 all_atoms=23 dt=0.1s
⏳ Step 11 progress: 234/360
🔬 Step 11 item 235/360 start 5isc_C_M2M_504
⚠️ Step 11 item skipped: 235/360 5isc_C_M2M_504 stage=BUILD_ROWS reason=ITEM_FAILED
🖼️ Step 11 SVG ready 5isc_C_M2M_504
🔬 Step 11 item 235/360 done 5isc_C_M2M_504 sdf=written mapped=9 all_atoms=23 dt=0.1s
⏳ Step 11 progress: 235/360
🔬 Step 11 item 236/360 start 5isd_A_M2M_506
⚠️ Step 11 item skipped: 236/360 5isd_A_M2M_506 stage=BUILD_ROWS reason=ITEM_FAILED
🖼️ Step 11 SVG ready 5isd_A_M2M_506
🔬 Step 11 item 236/360 done 5isd_A_M2M_506 sdf=written mapped=9 all_atoms=23 dt=0.1s
⏳ Step 11 progress: 236/360
🔬 Step 11 item 237/360 start 5isf_C_M2M_505
⚠️ Step 11 item skipped: 237/360 5isf_C_M2M_505 stage=BUILD_ROWS reason=ITEM_FAILED
🖼️ Step 11 SVG ready 5isf_C_M2M_505
🔬 Step 11 item 237/360 done 5isf_C_M2M_505 sdf=written mapped=9 all_atoms=23 dt=0.1s
⏳ Step 11 progress: 237/360
🔬 Step 11 item 238/360 start 5isf_A_M2M_506
⚠️ Step 11 item skipped: 238/360 5isf_A_M2M_506 stage=BUILD_ROWS reason=ITEM_FAILED
🖼️ Step 11 SVG ready 5isf_A_M2M_506
🔬 Step 11 item 238/360 done 5isf_A_M2M_506 sdf=written mapped=9 all_atoms=23 dt=0.1s
⏳ Step 11 progress: 238/360
🔬 Step 11 item 239/360 start 5isg_A_M2M_510
⚠️ Step 11 item skipped: 239/360 5isg_A_M2M_510 stage=BUILD_ROWS reason=ITEM_FAILED
🖼️ Step 11 SVG ready 5isg_A_M2M_510
🔬 Step 11 item 239/360 done 5isg_A_M2M_510 sdf=written mapped=9 all_atoms=23 dt=0.1s
⏳ Step 11 progress: 239/360
🔬 Step 11 item 240/360 start 5ish_A_M2M_507
⚠️ Step 11 item skipped: 240/360 5ish_A_M2M_507 stage=BUILD_ROWS reason=ITEM_FAILED
🖼️ Step 11 SVG ready 5ish_A_M2M_507
🔬 Step 11 item 240/360 done 5ish_A_M2M_507 sdf=written mapped=9 all_atoms=23 dt=0.1s
⏳ Step 11 progress: 240/360
🔬 Step 11 item 241/360 start 5k8x_C_M2M_510
⚠️ Step 11 item skipped: 241/360 5k8x_C_M2M_510 stage=BUILD_ROWS reason=ITEM_FAILED
🖼️ Step 11 SVG ready 5k8x_C_M2M_510
🔬 Step 11 item 241/360 done 5k8x_C_M2M_510 sdf=written mapped=9 all_atoms=23 dt=0.1s
⏳ Step 11 progress: 241/360
🔬 Step 11 item 242/360 start 5lv2_C_M2M_504
⚠️ Step 11 item skipped: 242/360 5lv2_C_M2M_504 stage=BUILD_ROWS reason=ITEM_FAILED
🖼️ Step 11 SVG ready 5lv2_C_M2M_504
🔬 Step 11 item 242/360 done 5lv2_C_M2M_504 sdf=written mapped=9 all_atoms=23 dt=0.1s
⏳ Step 11 progress: 242/360
🔬 Step 11 item 243/360 start 5lv2_E_M2M_504
⚠️ Step 11 item skipped: 243/360 5lv2_E_M2M_504 stage=BUILD_ROWS reason=ITEM_FAILED
🖼️ Step 11 SVG ready 5lv2_E_M2M_504
🔬 Step 11 item 243/360 done 5lv2_E_M2M_504 sdf=written mapped=9 all_atoms=23 dt=0.1s
⏳ Step 11 progress: 243/360
🔬 Step 11 item 244/360 start 5ntc_A_M2M_506
⚠️ Step 11 item skipped: 244/360 5ntc_A_M2M_506 stage=BUILD_ROWS reason=ITEM_FAILED
🖼️ Step 11 SVG ready 5ntc_A_M2M_506
🔬 Step 11 item 244/360 done 5ntc_A_M2M_506 sdf=written mapped=9 all_atoms=23 dt=0.1s
⏳ Step 11 progress: 244/360
🔬 Step 11 item 245/360 start 5tbh_A_M2M_501
⚠️ Step 11 item skipped: 245/360 5tbh_A_M2M_501 stage=BUILD_ROWS reason=ITEM_FAILED
🖼️ Step 11 SVG ready 5tbh_A_M2M_501
🔬 Step 11 item 245/360 done 5tbh_A_M2M_501 sdf=written mapped=9 all_atoms=23 dt=0.1s
⏳ Step 11 progress: 245/360
🔬 Step 11 item 246/360 start 6dvr_A_P15_502
⚠️ Step 11 item skipped: 246/360 6dvr_A_P15_502 stage=BUILD_ROWS reason=ITEM_FAILED
🖼️ Step 11 SVG ready 6dvr_A_P15_502
🔬 Step 11 item 246/360 done 6dvr_A_P15_502 sdf=written mapped=19 all_atoms=19 dt=0.1s
⏳ Step 11 progress: 246/360
🔬 Step 11 item 247/360 start 6dvr_B_P15_502
⚠️ Step 11 item skipped: 247/360 6dvr_B_P15_502 stage=BUILD_ROWS reason=ITEM_FAILED
🖼️ Step 11 SVG ready 6dvr_B_P15_502
🔬 Step 11 item 247/360 done 6dvr_B_P15_502 sdf=written mapped=14 all_atoms=14 dt=0.1s
⏳ Step 11 progress: 247/360
🔬 Step 11 item 248/360 start 5lkj_B_P33_505
⚠️ Step 11 item skipped: 248/360 5lkj_B_P33_505 stage=BUILD_ROWS reason=ITEM_FAILED
🖼️ Step 11 SVG ready 5lkj_B_P33_505
[08:22:40] [mem] running 11_mcsMatcher.py parent=65.9MB child_tree=129.3MB combined=195.2MB
🔬 Step 11 item 248/360 done 5lkj_B_P33_505 sdf=written mapped=22 all_atoms=52 dt=0.1s
⏳ Step 11 progress: 248/360
🔬 Step 11 item 249/360 start 5ih3_B_PE8_506
⚠️ Step 11 item skipped: 249/360 5ih3_B_PE8_506 stage=BUILD_ROWS reason=ITEM_FAILED
🖼️ Step 11 SVG ready 5ih3_B_PE8_506
🔬 Step 11 item 249/360 done 5ih3_B_PE8_506 sdf=written mapped=25 all_atoms=59 dt=0.1s
⏳ Step 11 progress: 249/360
🔬 Step 11 item 250/360 start 5ise_B_PE8_502
⚠️ Step 11 item skipped: 250/360 5ise_B_PE8_502 stage=BUILD_ROWS reason=ITEM_FAILED
🖼️ Step 11 SVG ready 5ise_B_PE8_502
🔬 Step 11 item 250/360 done 5ise_B_PE8_502 sdf=written mapped=25 all_atoms=59 dt=0.1s
⏳ Step 11 progress: 250/360
🔬 Step 11 item 251/360 start 5k8x_A_PE8_509
⚠️ Step 11 item skipped: 251/360 5k8x_A_PE8_509 stage=BUILD_ROWS reason=ITEM_FAILED
🖼️ Step 11 SVG ready 5k8x_A_PE8_509
🔬 Step 11 item 251/360 done 5k8x_A_PE8_509 sdf=written mapped=25 all_atoms=59 dt=0.1s
⏳ Step 11 progress: 251/360
🔬 Step 11 item 252/360 start 5tbi_B_PE8_501
⚠️ Step 11 item skipped: 252/360 5tbi_B_PE8_501 stage=BUILD_ROWS reason=ITEM_FAILED
🖼️ Step 11 SVG ready 5tbi_B_PE8_501
🔬 Step 11 item 252/360 done 5tbi_B_PE8_501 sdf=written mapped=25 all_atoms=59 dt=0.1s
⏳ Step 11 progress: 252/360
🔬 Step 11 item 253/360 start 5isg_A_PG6_507
⚠️ Step 11 item skipped: 253/360 5isg_A_PG6_507 stage=BUILD_ROWS reason=ITEM_FAILED
🖼️ Step 11 SVG ready 5isg_A_PG6_507
🔬 Step 11 item 253/360 done 5isg_A_PG6_507 sdf=written mapped=18 all_atoms=44 dt=0.1s
⏳ Step 11 progress: 253/360
🔬 Step 11 item 254/360 start 5k8v_B_PG6_502
⚠️ Step 11 item skipped: 254/360 5k8v_B_PG6_502 stage=BUILD_ROWS reason=ITEM_FAILED
🖼️ Step 11 SVG ready 5k8v_B_PG6_502
🔬 Step 11 item 254/360 done 5k8v_B_PG6_502 sdf=written mapped=18 all_atoms=44 dt=0.1s
⏳ Step 11 progress: 254/360
🔬 Step 11 item 255/360 start 5lgq_A_PG6_505
⚠️ Step 11 item skipped: 255/360 5lgq_A_PG6_505 stage=BUILD_ROWS reason=ITEM_FAILED
🖼️ Step 11 SVG ready 5lgq_A_PG6_505
🔬 Step 11 item 255/360 done 5lgq_A_PG6_505 sdf=written mapped=18 all_atoms=44 dt=0.1s
⏳ Step 11 progress: 255/360
🔬 Step 11 item 256/360 start 5lgr_B_PG6_502
⚠️ Step 11 item skipped: 256/360 5lgr_B_PG6_502 stage=BUILD_ROWS reason=ITEM_FAILED
🖼️ Step 11 SVG ready 5lgr_B_PG6_502
🔬 Step 11 item 256/360 done 5lgr_B_PG6_502 sdf=written mapped=18 all_atoms=44 dt=0.1s
⏳ Step 11 progress: 256/360
🔬 Step 11 item 257/360 start 5tbj_B_PG6_505
⚠️ Step 11 item skipped: 257/360 5tbj_B_PG6_505 stage=BUILD_ROWS reason=ITEM_FAILED
🖼️ Step 11 SVG ready 5tbj_B_PG6_505
🔬 Step 11 item 257/360 done 5tbj_B_PG6_505 sdf=written mapped=18 all_atoms=44 dt=0.1s
⏳ Step 11 progress: 257/360
🔬 Step 11 item 258/360 start 5lgr_E_QVR_101
⚠️ Step 11 item skipped: 258/360 5lgr_E_QVR_101 stage=BUILD_ROWS reason=ITEM_FAILED
🖼️ Step 11 SVG ready 5lgr_E_QVR_101
🔬 Step 11 item 258/360 done 5lgr_E_QVR_101 sdf=written mapped=20 all_atoms=34 dt=0.1s
⏳ Step 11 progress: 258/360
🔬 Step 11 item 259/360 start 5lgr_F_QVR_102
⚠️ Step 11 item skipped: 259/360 5lgr_F_QVR_102 stage=BUILD_ROWS reason=ITEM_FAILED
🖼️ Step 11 SVG ready 5lgr_F_QVR_102
🔬 Step 11 item 259/360 done 5lgr_F_QVR_102 sdf=written mapped=20 all_atoms=34 dt=0.1s
⏳ Step 11 progress: 259/360
🔬 Step 11 item 260/360 start 5lgr_G_QVR_102
⚠️ Step 11 item skipped: 260/360 5lgr_G_QVR_102 stage=BUILD_ROWS reason=ITEM_FAILED
🖼️ Step 11 SVG ready 5lgr_G_QVR_102
🔬 Step 11 item 260/360 done 5lgr_G_QVR_102 sdf=written mapped=20 all_atoms=34 dt=0.1s
⏳ Step 11 progress: 260/360
🔬 Step 11 item 261/360 start 5lgr_H_QVR_102
⚠️ Step 11 item skipped: 261/360 5lgr_H_QVR_102 stage=BUILD_ROWS reason=ITEM_FAILED
🖼️ Step 11 SVG ready 5lgr_H_QVR_102
🔬 Step 11 item 261/360 done 5lgr_H_QVR_102 sdf=written mapped=20 all_atoms=34 dt=0.1s
⏳ Step 11 progress: 261/360
🔬 Step 11 item 262/360 start 5lgs_G_QVR_101
⚠️ Step 11 item skipped: 262/360 5lgs_G_QVR_101 stage=BUILD_ROWS reason=ITEM_FAILED
🖼️ Step 11 SVG ready 5lgs_G_QVR_101
🔬 Step 11 item 262/360 done 5lgs_G_QVR_101 sdf=written mapped=20 all_atoms=34 dt=0.1s
⏳ Step 11 progress: 262/360
🔬 Step 11 item 263/360 start 5lgs_H_QVR_101
⚠️ Step 11 item skipped: 263/360 5lgs_H_QVR_101 stage=BUILD_ROWS reason=ITEM_FAILED
🖼️ Step 11 SVG ready 5lgs_H_QVR_101
🔬 Step 11 item 263/360 done 5lgs_H_QVR_101 sdf=written mapped=20 all_atoms=34 dt=0.1s
⏳ Step 11 progress: 263/360
🔬 Step 11 item 264/360 start 5lgs_E_QVR_1001
⚠️ Step 11 item skipped: 264/360 5lgs_E_QVR_1001 stage=BUILD_ROWS reason=ITEM_FAILED
🖼️ Step 11 SVG ready 5lgs_E_QVR_1001
🔬 Step 11 item 264/360 done 5lgs_E_QVR_1001 sdf=written mapped=20 all_atoms=34 dt=0.1s
⏳ Step 11 progress: 264/360
🔬 Step 11 item 265/360 start 5lgs_F_QVR_1001
⚠️ Step 11 item skipped: 265/360 5lgs_F_QVR_1001 stage=BUILD_ROWS reason=ITEM_FAILED
🖼️ Step 11 SVG ready 5lgs_F_QVR_1001
🔬 Step 11 item 265/360 done 5lgs_F_QVR_1001 sdf=written mapped=20 all_atoms=34 dt=0.1s
⏳ Step 11 progress: 265/360
🔬 Step 11 item 266/360 start 7okp_E_QVR_101
⚠️ Step 11 item skipped: 266/360 7okp_E_QVR_101 stage=BUILD_ROWS reason=ITEM_FAILED
🖼️ Step 11 SVG ready 7okp_E_QVR_101
🔬 Step 11 item 266/360 done 7okp_E_QVR_101 sdf=written mapped=20 all_atoms=34 dt=0.1s
⏳ Step 11 progress: 266/360
🔬 Step 11 item 267/360 start 7okp_F_QVR_101
⚠️ Step 11 item skipped: 267/360 7okp_F_QVR_101 stage=BUILD_ROWS reason=ITEM_FAILED
🖼️ Step 11 SVG ready 7okp_F_QVR_101
🔬 Step 11 item 267/360 done 7okp_F_QVR_101 sdf=written mapped=20 all_atoms=34 dt=0.1s
⏳ Step 11 progress: 267/360
🔬 Step 11 item 268/360 start 7okp_G_QVR_101
⚠️ Step 11 item skipped: 268/360 7okp_G_QVR_101 stage=BUILD_ROWS reason=ITEM_FAILED
🖼️ Step 11 SVG ready 7okp_G_QVR_101
🔬 Step 11 item 268/360 done 7okp_G_QVR_101 sdf=written mapped=20 all_atoms=34 dt=0.1s
⏳ Step 11 progress: 268/360
🔬 Step 11 item 269/360 start 7okp_H_QVR_101
⚠️ Step 11 item skipped: 269/360 7okp_H_QVR_101 stage=BUILD_ROWS reason=ITEM_FAILED
🖼️ Step 11 SVG ready 7okp_H_QVR_101
🔬 Step 11 item 269/360 done 7okp_H_QVR_101 sdf=written mapped=20 all_atoms=34 dt=0.1s
⏳ Step 11 progress: 269/360
🔬 Step 11 item 270/360 start 7os4_E_QVR_101
🖼️ Step 11 SVG ready 7os4_E_QVR_101
🔬 Step 11 item 270/360 done 7os4_E_QVR_101 sdf=written mapped=20 all_atoms=20 dt=0.1s
⏳ Step 11 progress: 270/360
🔬 Step 11 item 271/360 start 7os4_F_QVR_101
🖼️ Step 11 SVG ready 7os4_F_QVR_101
🔬 Step 11 item 271/360 done 7os4_F_QVR_101 sdf=written mapped=20 all_atoms=20 dt=0.1s
⏳ Step 11 progress: 271/360
🔬 Step 11 item 272/360 start 7os4_G_QVR_101
🖼️ Step 11 SVG ready 7os4_G_QVR_101
🔬 Step 11 item 272/360 done 7os4_G_QVR_101 sdf=written mapped=20 all_atoms=20 dt=0.1s
⏳ Step 11 progress: 272/360
🔬 Step 11 item 273/360 start 7os4_H_QVR_101
🖼️ Step 11 SVG ready 7os4_H_QVR_101
🔬 Step 11 item 273/360 done 7os4_H_QVR_101 sdf=written mapped=20 all_atoms=20 dt=0.1s
⏳ Step 11 progress: 273/360
🔬 Step 11 item 274/360 start 7qph_E_QVR_101
⚠️ Step 11 item skipped: 274/360 7qph_E_QVR_101 stage=BUILD_ROWS reason=ITEM_FAILED
🖼️ Step 11 SVG ready 7qph_E_QVR_101
🔬 Step 11 item 274/360 done 7qph_E_QVR_101 sdf=written mapped=20 all_atoms=34 dt=0.1s
⏳ Step 11 progress: 274/360
🔬 Step 11 item 275/360 start 7qph_F_QVR_101
⚠️ Step 11 item skipped: 275/360 7qph_F_QVR_101 stage=BUILD_ROWS reason=ITEM_FAILED
🖼️ Step 11 SVG ready 7qph_F_QVR_101
🔬 Step 11 item 275/360 done 7qph_F_QVR_101 sdf=written mapped=20 all_atoms=34 dt=0.1s
⏳ Step 11 progress: 275/360
🔬 Step 11 item 276/360 start 7qph_G_QVR_101
⚠️ Step 11 item skipped: 276/360 7qph_G_QVR_101 stage=BUILD_ROWS reason=ITEM_FAILED
🖼️ Step 11 SVG ready 7qph_G_QVR_101
🔬 Step 11 item 276/360 done 7qph_G_QVR_101 sdf=written mapped=20 all_atoms=34 dt=0.1s
⏳ Step 11 progress: 276/360
🔬 Step 11 item 277/360 start 7qph_H_QVR_101
⚠️ Step 11 item skipped: 277/360 7qph_H_QVR_101 stage=BUILD_ROWS reason=ITEM_FAILED
🖼️ Step 11 SVG ready 7qph_H_QVR_101
🔬 Step 11 item 277/360 done 7qph_H_QVR_101 sdf=written mapped=20 all_atoms=34 dt=0.1s
⏳ Step 11 progress: 277/360
🔬 Step 11 item 278/360 start 7qrd_M_QVR_101
⚠️ Step 11 item skipped: 278/360 7qrd_M_QVR_101 stage=BUILD_ROWS reason=ITEM_FAILED
🖼️ Step 11 SVG ready 7qrd_M_QVR_101
🔬 Step 11 item 278/360 done 7qrd_M_QVR_101 sdf=written mapped=20 all_atoms=34 dt=0.1s
⏳ Step 11 progress: 278/360
🔬 Step 11 item 279/360 start 7qrd_L_QVR_102
⚠️ Step 11 item skipped: 279/360 7qrd_L_QVR_102 stage=BUILD_ROWS reason=ITEM_FAILED
🖼️ Step 11 SVG ready 7qrd_L_QVR_102
🔬 Step 11 item 279/360 done 7qrd_L_QVR_102 sdf=written mapped=20 all_atoms=34 dt=0.1s
⏳ Step 11 progress: 279/360
🔬 Step 11 item 280/360 start 3b3f_A_SAH_481
🖼️ Step 11 SVG ready 3b3f_A_SAH_481
🔬 Step 11 item 280/360 done 3b3f_A_SAH_481 sdf=written mapped=26 all_atoms=26 dt=0.1s
⏳ Step 11 progress: 280/360
🔬 Step 11 item 281/360 start 3b3f_B_SAH_481
🖼️ Step 11 SVG ready 3b3f_B_SAH_481
🔬 Step 11 item 281/360 done 3b3f_B_SAH_481 sdf=written mapped=26 all_atoms=26 dt=0.1s
⏳ Step 11 progress: 281/360
🔬 Step 11 item 282/360 start 3b3f_C_SAH_481
🖼️ Step 11 SVG ready 3b3f_C_SAH_481
🔬 Step 11 item 282/360 done 3b3f_C_SAH_481 sdf=written mapped=26 all_atoms=26 dt=0.1s
⏳ Step 11 progress: 282/360
🔬 Step 11 item 283/360 start 3b3f_D_SAH_481
🖼️ Step 11 SVG ready 3b3f_D_SAH_481
🔬 Step 11 item 283/360 done 3b3f_D_SAH_481 sdf=written mapped=26 all_atoms=26 dt=0.1s
⏳ Step 11 progress: 283/360
🔬 Step 11 item 284/360 start 5ih3_A_SAH_501
⚠️ Step 11 item skipped: 284/360 5ih3_A_SAH_501 stage=BUILD_ROWS reason=ITEM_FAILED
🖼️ Step 11 SVG ready 5ih3_A_SAH_501
🔬 Step 11 item 284/360 done 5ih3_A_SAH_501 sdf=written mapped=26 all_atoms=46 dt=0.1s
⏳ Step 11 progress: 284/360
🔬 Step 11 item 285/360 start 5ih3_B_SAH_501
⚠️ Step 11 item skipped: 285/360 5ih3_B_SAH_501 stage=BUILD_ROWS reason=ITEM_FAILED
🖼️ Step 11 SVG ready 5ih3_B_SAH_501
🔬 Step 11 item 285/360 done 5ih3_B_SAH_501 sdf=written mapped=26 all_atoms=46 dt=0.1s
⏳ Step 11 progress: 285/360
🔬 Step 11 item 286/360 start 5ih3_C_SAH_501
⚠️ Step 11 item skipped: 286/360 5ih3_C_SAH_501 stage=BUILD_ROWS reason=ITEM_FAILED
🖼️ Step 11 SVG ready 5ih3_C_SAH_501
🔬 Step 11 item 286/360 done 5ih3_C_SAH_501 sdf=written mapped=26 all_atoms=46 dt=0.1s
⏳ Step 11 progress: 286/360
🔬 Step 11 item 287/360 start 5ih3_D_SAH_501
⚠️ Step 11 item skipped: 287/360 5ih3_D_SAH_501 stage=BUILD_ROWS reason=ITEM_FAILED
🖼️ Step 11 SVG ready 5ih3_D_SAH_501
🔬 Step 11 item 287/360 done 5ih3_D_SAH_501 sdf=written mapped=26 all_atoms=46 dt=0.1s
⏳ Step 11 progress: 287/360
🔬 Step 11 item 288/360 start 5is8_D_SAH_601
⚠️ Step 11 item skipped: 288/360 5is8_D_SAH_601 stage=BUILD_ROWS reason=ITEM_FAILED
🖼️ Step 11 SVG ready 5is8_D_SAH_601
🔬 Step 11 item 288/360 done 5is8_D_SAH_601 sdf=written mapped=26 all_atoms=46 dt=0.1s
⏳ Step 11 progress: 288/360
🔬 Step 11 item 289/360 start 5lv3_A_SAH_501
⚠️ Step 11 item skipped: 289/360 5lv3_A_SAH_501 stage=BUILD_ROWS reason=ITEM_FAILED
🖼️ Step 11 SVG ready 5lv3_A_SAH_501
🔬 Step 11 item 289/360 done 5lv3_A_SAH_501 sdf=written mapped=26 all_atoms=45 dt=0.1s
⏳ Step 11 progress: 289/360
🔬 Step 11 item 290/360 start 5lv3_D_SAH_501
⚠️ Step 11 item skipped: 290/360 5lv3_D_SAH_501 stage=BUILD_ROWS reason=ITEM_FAILED
🖼️ Step 11 SVG ready 5lv3_D_SAH_501
🔬 Step 11 item 290/360 done 5lv3_D_SAH_501 sdf=written mapped=26 all_atoms=45 dt=0.1s
⏳ Step 11 progress: 290/360
🔬 Step 11 item 291/360 start 5u4x_A_SAH_501
🖼️ Step 11 SVG ready 5u4x_A_SAH_501
🔬 Step 11 item 291/360 done 5u4x_A_SAH_501 sdf=written mapped=26 all_atoms=26 dt=0.1s
⏳ Step 11 progress: 291/360
🔬 Step 11 item 292/360 start 5u4x_B_SAH_501
🖼️ Step 11 SVG ready 5u4x_B_SAH_501
🔬 Step 11 item 292/360 done 5u4x_B_SAH_501 sdf=written mapped=26 all_atoms=26 dt=0.1s
⏳ Step 11 progress: 292/360
🔬 Step 11 item 293/360 start 5u4x_C_SAH_501
🖼️ Step 11 SVG ready 5u4x_C_SAH_501
🔬 Step 11 item 293/360 done 5u4x_C_SAH_501 sdf=written mapped=26 all_atoms=26 dt=0.1s
⏳ Step 11 progress: 293/360
🔬 Step 11 item 294/360 start 5u4x_D_SAH_501
🖼️ Step 11 SVG ready 5u4x_D_SAH_501
🔬 Step 11 item 294/360 done 5u4x_D_SAH_501 sdf=written mapped=26 all_atoms=26 dt=0.1s
⏳ Step 11 progress: 294/360
🔬 Step 11 item 295/360 start 6arj_A_SAH_501
🖼️ Step 11 SVG ready 6arj_A_SAH_501
🔬 Step 11 item 295/360 done 6arj_A_SAH_501 sdf=written mapped=26 all_atoms=26 dt=0.1s
⏳ Step 11 progress: 295/360
🔬 Step 11 item 296/360 start 6arj_B_SAH_501
[08:22:45] [mem] running 11_mcsMatcher.py parent=65.9MB child_tree=129.4MB combined=195.3MB
🖼️ Step 11 SVG ready 6arj_B_SAH_501
🔬 Step 11 item 296/360 done 6arj_B_SAH_501 sdf=written mapped=26 all_atoms=26 dt=0.1s
⏳ Step 11 progress: 296/360
🔬 Step 11 item 297/360 start 6arj_C_SAH_501
🖼️ Step 11 SVG ready 6arj_C_SAH_501
🔬 Step 11 item 297/360 done 6arj_C_SAH_501 sdf=written mapped=26 all_atoms=26 dt=0.1s
⏳ Step 11 progress: 297/360
🔬 Step 11 item 298/360 start 6arj_D_SAH_501
🖼️ Step 11 SVG ready 6arj_D_SAH_501
🔬 Step 11 item 298/360 done 6arj_D_SAH_501 sdf=written mapped=26 all_atoms=26 dt=0.1s
⏳ Step 11 progress: 298/360
🔬 Step 11 item 299/360 start 6arv_A_SAH_501
🖼️ Step 11 SVG ready 6arv_A_SAH_501
🔬 Step 11 item 299/360 done 6arv_A_SAH_501 sdf=written mapped=26 all_atoms=26 dt=0.1s
⏳ Step 11 progress: 299/360
🔬 Step 11 item 300/360 start 6arv_B_SAH_501
🖼️ Step 11 SVG ready 6arv_B_SAH_501
🔬 Step 11 item 300/360 done 6arv_B_SAH_501 sdf=written mapped=26 all_atoms=26 dt=0.1s
⏳ Step 11 progress: 300/360
🔬 Step 11 item 301/360 start 6arv_C_SAH_501
🖼️ Step 11 SVG ready 6arv_C_SAH_501
🔬 Step 11 item 301/360 done 6arv_C_SAH_501 sdf=written mapped=26 all_atoms=26 dt=0.1s
⏳ Step 11 progress: 301/360
🔬 Step 11 item 302/360 start 6arv_D_SAH_501
🖼️ Step 11 SVG ready 6arv_D_SAH_501
🔬 Step 11 item 302/360 done 6arv_D_SAH_501 sdf=written mapped=26 all_atoms=26 dt=0.1s
⏳ Step 11 progress: 302/360
🔬 Step 11 item 303/360 start 7qrd_D_SAH_603
⚠️ Step 11 item skipped: 303/360 7qrd_D_SAH_603 stage=BUILD_ROWS reason=ITEM_FAILED
🖼️ Step 11 SVG ready 7qrd_D_SAH_603
🔬 Step 11 item 303/360 done 7qrd_D_SAH_603 sdf=written mapped=26 all_atoms=45 dt=0.1s
⏳ Step 11 progress: 303/360
🔬 Step 11 item 304/360 start 7qrd_B_SAH_604
⚠️ Step 11 item skipped: 304/360 7qrd_B_SAH_604 stage=BUILD_ROWS reason=ITEM_FAILED
🖼️ Step 11 SVG ready 7qrd_B_SAH_604
🔬 Step 11 item 304/360 done 7qrd_B_SAH_604 sdf=written mapped=26 all_atoms=45 dt=0.1s
⏳ Step 11 progress: 304/360
🔬 Step 11 item 305/360 start 5isc_A_SAO_501
⚠️ Step 11 item skipped: 305/360 5isc_A_SAO_501 stage=BUILD_ROWS reason=ITEM_FAILED
🖼️ Step 11 SVG ready 5isc_A_SAO_501
🔬 Step 11 item 305/360 done 5isc_A_SAO_501 sdf=written mapped=26 all_atoms=46 dt=0.1s
⏳ Step 11 progress: 305/360
🔬 Step 11 item 306/360 start 5isc_C_SAO_501
⚠️ Step 11 item skipped: 306/360 5isc_C_SAO_501 stage=BUILD_ROWS reason=ITEM_FAILED
🖼️ Step 11 SVG ready 5isc_C_SAO_501
🔬 Step 11 item 306/360 done 5isc_C_SAO_501 sdf=written mapped=26 all_atoms=46 dt=0.1s
⏳ Step 11 progress: 306/360
🔬 Step 11 item 307/360 start 5isd_D_SAO_502
⚠️ Step 11 item skipped: 307/360 5isd_D_SAO_502 stage=BUILD_ROWS reason=ITEM_FAILED
🖼️ Step 11 SVG ready 5isd_D_SAO_502
🔬 Step 11 item 307/360 done 5isd_D_SAO_502 sdf=written mapped=26 all_atoms=46 dt=0.1s
⏳ Step 11 progress: 307/360
🔬 Step 11 item 308/360 start 5isd_C_SAO_504
⚠️ Step 11 item skipped: 308/360 5isd_C_SAO_504 stage=BUILD_ROWS reason=ITEM_FAILED
🖼️ Step 11 SVG ready 5isd_C_SAO_504
🔬 Step 11 item 308/360 done 5isd_C_SAO_504 sdf=written mapped=26 all_atoms=46 dt=0.1s
⏳ Step 11 progress: 308/360
🔬 Step 11 item 309/360 start 5isd_A_SAO_507
⚠️ Step 11 item skipped: 309/360 5isd_A_SAO_507 stage=BUILD_ROWS reason=ITEM_FAILED
🖼️ Step 11 SVG ready 5isd_A_SAO_507
🔬 Step 11 item 309/360 done 5isd_A_SAO_507 sdf=written mapped=26 all_atoms=46 dt=0.1s
⏳ Step 11 progress: 309/360
🔬 Step 11 item 310/360 start 5isf_C_SAO_501
⚠️ Step 11 item skipped: 310/360 5isf_C_SAO_501 stage=BUILD_ROWS reason=ITEM_FAILED
🖼️ Step 11 SVG ready 5isf_C_SAO_501
🔬 Step 11 item 310/360 done 5isf_C_SAO_501 sdf=written mapped=26 all_atoms=46 dt=0.1s
⏳ Step 11 progress: 310/360
🔬 Step 11 item 311/360 start 5lv2_A_SAO_501
⚠️ Step 11 item skipped: 311/360 5lv2_A_SAO_501 stage=BUILD_ROWS reason=ITEM_FAILED
🖼️ Step 11 SVG ready 5lv2_A_SAO_501
🔬 Step 11 item 311/360 done 5lv2_A_SAO_501 sdf=written mapped=26 all_atoms=46 dt=0.1s
⏳ Step 11 progress: 311/360
🔬 Step 11 item 312/360 start 5lv2_C_SAO_501
⚠️ Step 11 item skipped: 312/360 5lv2_C_SAO_501 stage=BUILD_ROWS reason=ITEM_FAILED
🖼️ Step 11 SVG ready 5lv2_C_SAO_501
🔬 Step 11 item 312/360 done 5lv2_C_SAO_501 sdf=written mapped=26 all_atoms=46 dt=0.1s
⏳ Step 11 progress: 312/360
🔬 Step 11 item 313/360 start 5lv2_E_SAO_501
⚠️ Step 11 item skipped: 313/360 5lv2_E_SAO_501 stage=BUILD_ROWS reason=ITEM_FAILED
🖼️ Step 11 SVG ready 5lv2_E_SAO_501
🔬 Step 11 item 313/360 done 5lv2_E_SAO_501 sdf=written mapped=26 all_atoms=46 dt=0.1s
⏳ Step 11 progress: 313/360
🔬 Step 11 item 314/360 start 5lv2_G_SAO_501
⚠️ Step 11 item skipped: 314/360 5lv2_G_SAO_501 stage=BUILD_ROWS reason=ITEM_FAILED
🖼️ Step 11 SVG ready 5lv2_G_SAO_501
🔬 Step 11 item 314/360 done 5lv2_G_SAO_501 sdf=written mapped=26 all_atoms=46 dt=0.1s
⏳ Step 11 progress: 314/360
🔬 Step 11 item 315/360 start 5tbh_C_SAO_506
⚠️ Step 11 item skipped: 315/360 5tbh_C_SAO_506 stage=BUILD_ROWS reason=ITEM_FAILED
🖼️ Step 11 SVG ready 5tbh_C_SAO_506
🔬 Step 11 item 315/360 done 5tbh_C_SAO_506 sdf=written mapped=26 all_atoms=46 dt=0.1s
⏳ Step 11 progress: 315/360
🔬 Step 11 item 316/360 start 5tbh_A_SAO_507
⚠️ Step 11 item skipped: 316/360 5tbh_A_SAO_507 stage=BUILD_ROWS reason=ITEM_FAILED
🖼️ Step 11 SVG ready 5tbh_A_SAO_507
🔬 Step 11 item 316/360 done 5tbh_A_SAO_507 sdf=written mapped=26 all_atoms=46 dt=0.1s
⏳ Step 11 progress: 316/360
🔬 Step 11 item 317/360 start 5tbi_A_SAO_507
⚠️ Step 11 item skipped: 317/360 5tbi_A_SAO_507 stage=BUILD_ROWS reason=ITEM_FAILED
🖼️ Step 11 SVG ready 5tbi_A_SAO_507
🔬 Step 11 item 317/360 done 5tbi_A_SAO_507 sdf=written mapped=26 all_atoms=46 dt=0.1s
⏳ Step 11 progress: 317/360
🔬 Step 11 item 318/360 start 5tbi_C_SAO_507
⚠️ Step 11 item skipped: 318/360 5tbi_C_SAO_507 stage=BUILD_ROWS reason=ITEM_FAILED
🖼️ Step 11 SVG ready 5tbi_C_SAO_507
🔬 Step 11 item 318/360 done 5tbi_C_SAO_507 sdf=written mapped=26 all_atoms=46 dt=0.1s
⏳ Step 11 progress: 318/360
🔬 Step 11 item 319/360 start 5dwq_A_SFG_501
🖼️ Step 11 SVG ready 5dwq_A_SFG_501
🔬 Step 11 item 319/360 done 5dwq_A_SFG_501 sdf=written mapped=27 all_atoms=27 dt=0.1s
⏳ Step 11 progress: 319/360
🔬 Step 11 item 320/360 start 5dwq_B_SFG_501
🖼️ Step 11 SVG ready 5dwq_B_SFG_501
🔬 Step 11 item 320/360 done 5dwq_B_SFG_501 sdf=written mapped=27 all_atoms=27 dt=0.1s
⏳ Step 11 progress: 320/360
🔬 Step 11 item 321/360 start 5dwq_C_SFG_501
🖼️ Step 11 SVG ready 5dwq_C_SFG_501
🔬 Step 11 item 321/360 done 5dwq_C_SFG_501 sdf=written mapped=27 all_atoms=27 dt=0.1s
⏳ Step 11 progress: 321/360
🔬 Step 11 item 322/360 start 5dwq_D_SFG_501
🖼️ Step 11 SVG ready 5dwq_D_SFG_501
🔬 Step 11 item 322/360 done 5dwq_D_SFG_501 sdf=written mapped=27 all_atoms=27 dt=0.1s
⏳ Step 11 progress: 322/360
🔬 Step 11 item 323/360 start 5dx0_A_SFG_501
🖼️ Step 11 SVG ready 5dx0_A_SFG_501
🔬 Step 11 item 323/360 done 5dx0_A_SFG_501 sdf=written mapped=27 all_atoms=27 dt=0.1s
⏳ Step 11 progress: 323/360
🔬 Step 11 item 324/360 start 5dx0_B_SFG_501
🖼️ Step 11 SVG ready 5dx0_B_SFG_501
🔬 Step 11 item 324/360 done 5dx0_B_SFG_501 sdf=written mapped=27 all_atoms=27 dt=0.1s
⏳ Step 11 progress: 324/360
🔬 Step 11 item 325/360 start 5dx0_C_SFG_501
🖼️ Step 11 SVG ready 5dx0_C_SFG_501
🔬 Step 11 item 325/360 done 5dx0_C_SFG_501 sdf=written mapped=27 all_atoms=27 dt=0.1s
⏳ Step 11 progress: 325/360
🔬 Step 11 item 326/360 start 5dx0_D_SFG_501
🖼️ Step 11 SVG ready 5dx0_D_SFG_501
🔬 Step 11 item 326/360 done 5dx0_D_SFG_501 sdf=written mapped=27 all_atoms=27 dt=0.1s
⏳ Step 11 progress: 326/360
🔬 Step 11 item 327/360 start 5dx1_A_SFG_501
🖼️ Step 11 SVG ready 5dx1_A_SFG_501
🔬 Step 11 item 327/360 done 5dx1_A_SFG_501 sdf=written mapped=27 all_atoms=27 dt=0.1s
⏳ Step 11 progress: 327/360
🔬 Step 11 item 328/360 start 5dx1_B_SFG_501
🖼️ Step 11 SVG ready 5dx1_B_SFG_501
🔬 Step 11 item 328/360 done 5dx1_B_SFG_501 sdf=written mapped=27 all_atoms=27 dt=0.1s
⏳ Step 11 progress: 328/360
🔬 Step 11 item 329/360 start 5dx1_C_SFG_501
🖼️ Step 11 SVG ready 5dx1_C_SFG_501
🔬 Step 11 item 329/360 done 5dx1_C_SFG_501 sdf=written mapped=27 all_atoms=27 dt=0.1s
⏳ Step 11 progress: 329/360
🔬 Step 11 item 330/360 start 5dx1_D_SFG_501
🖼️ Step 11 SVG ready 5dx1_D_SFG_501
🔬 Step 11 item 330/360 done 5dx1_D_SFG_501 sdf=written mapped=27 all_atoms=27 dt=0.1s
⏳ Step 11 progress: 330/360
🔬 Step 11 item 331/360 start 5dx8_A_SFG_501
🖼️ Step 11 SVG ready 5dx8_A_SFG_501
🔬 Step 11 item 331/360 done 5dx8_A_SFG_501 sdf=written mapped=27 all_atoms=27 dt=0.1s
⏳ Step 11 progress: 331/360
🔬 Step 11 item 332/360 start 5dx8_B_SFG_501
🖼️ Step 11 SVG ready 5dx8_B_SFG_501
🔬 Step 11 item 332/360 done 5dx8_B_SFG_501 sdf=written mapped=27 all_atoms=27 dt=0.1s
⏳ Step 11 progress: 332/360
🔬 Step 11 item 333/360 start 5dx8_C_SFG_501
🖼️ Step 11 SVG ready 5dx8_C_SFG_501
🔬 Step 11 item 333/360 done 5dx8_C_SFG_501 sdf=written mapped=27 all_atoms=27 dt=0.1s
⏳ Step 11 progress: 333/360
🔬 Step 11 item 334/360 start 5dx8_D_SFG_501
🖼️ Step 11 SVG ready 5dx8_D_SFG_501
🔬 Step 11 item 334/360 done 5dx8_D_SFG_501 sdf=written mapped=27 all_atoms=27 dt=0.1s
⏳ Step 11 progress: 334/360
🔬 Step 11 item 335/360 start 5dxa_A_SFG_501
🖼️ Step 11 SVG ready 5dxa_A_SFG_501
🔬 Step 11 item 335/360 done 5dxa_A_SFG_501 sdf=written mapped=27 all_atoms=27 dt=0.1s
⏳ Step 11 progress: 335/360
🔬 Step 11 item 336/360 start 5dxa_B_SFG_501
🖼️ Step 11 SVG ready 5dxa_B_SFG_501
🔬 Step 11 item 336/360 done 5dxa_B_SFG_501 sdf=written mapped=27 all_atoms=27 dt=0.1s
⏳ Step 11 progress: 336/360
🔬 Step 11 item 337/360 start 5dxa_C_SFG_501
🖼️ Step 11 SVG ready 5dxa_C_SFG_501
🔬 Step 11 item 337/360 done 5dxa_C_SFG_501 sdf=written mapped=27 all_atoms=27 dt=0.1s
⏳ Step 11 progress: 337/360
🔬 Step 11 item 338/360 start 5dxa_D_SFG_501
🖼️ Step 11 SVG ready 5dxa_D_SFG_501
🔬 Step 11 item 338/360 done 5dxa_D_SFG_501 sdf=written mapped=27 all_atoms=27 dt=0.1s
⏳ Step 11 progress: 338/360
🔬 Step 11 item 339/360 start 5dxj_A_SFG_501
🖼️ Step 11 SVG ready 5dxj_A_SFG_501
🔬 Step 11 item 339/360 done 5dxj_A_SFG_501 sdf=written mapped=27 all_atoms=27 dt=0.1s
⏳ Step 11 progress: 339/360
🔬 Step 11 item 340/360 start 5dxj_B_SFG_501
🖼️ Step 11 SVG ready 5dxj_B_SFG_501
🔬 Step 11 item 340/360 done 5dxj_B_SFG_501 sdf=written mapped=27 all_atoms=27 dt=0.1s
⏳ Step 11 progress: 340/360
🔬 Step 11 item 341/360 start 5dxj_C_SFG_501
🖼️ Step 11 SVG ready 5dxj_C_SFG_501
🔬 Step 11 item 341/360 done 5dxj_C_SFG_501 sdf=written mapped=27 all_atoms=27 dt=0.1s
⏳ Step 11 progress: 341/360
🔬 Step 11 item 342/360 start 5dxj_D_SFG_501
🖼️ Step 11 SVG ready 5dxj_D_SFG_501
🔬 Step 11 item 342/360 done 5dxj_D_SFG_501 sdf=written mapped=27 all_atoms=27 dt=0.1s
⏳ Step 11 progress: 342/360
🔬 Step 11 item 343/360 start 5is6_D_SFG_504
⚠️ Step 11 item skipped: 343/360 5is6_D_SFG_504 stage=BUILD_ROWS reason=ITEM_FAILED
🖼️ Step 11 SVG ready 5is6_D_SFG_504
🔬 Step 11 item 343/360 done 5is6_D_SFG_504 sdf=written mapped=27 all_atoms=50 dt=0.1s
⏳ Step 11 progress: 343/360
🔬 Step 11 item 344/360 start 5is6_A_SFG_507
⚠️ Step 11 item skipped: 344/360 5is6_A_SFG_507 stage=BUILD_ROWS reason=ITEM_FAILED
🖼️ Step 11 SVG ready 5is6_A_SFG_507
🔬 Step 11 item 344/360 done 5is6_A_SFG_507 sdf=written mapped=27 all_atoms=50 dt=0.1s
⏳ Step 11 progress: 344/360
🔬 Step 11 item 345/360 start 5is6_C_SFG_507
[08:22:51] [mem] running 11_mcsMatcher.py parent=65.9MB child_tree=129.4MB combined=195.3MB
⚠️ Step 11 item skipped: 345/360 5is6_C_SFG_507 stage=BUILD_ROWS reason=ITEM_FAILED
🖼️ Step 11 SVG ready 5is6_C_SFG_507
🔬 Step 11 item 345/360 done 5is6_C_SFG_507 sdf=written mapped=27 all_atoms=50 dt=0.1s
⏳ Step 11 progress: 345/360
🔬 Step 11 item 346/360 start 5is6_B_SFG_2006
⚠️ Step 11 item skipped: 346/360 5is6_B_SFG_2006 stage=BUILD_ROWS reason=ITEM_FAILED
🖼️ Step 11 SVG ready 5is6_B_SFG_2006
🔬 Step 11 item 346/360 done 5is6_B_SFG_2006 sdf=written mapped=27 all_atoms=50 dt=0.1s
⏳ Step 11 progress: 346/360
🔬 Step 11 item 347/360 start 8uqh_A_X9L_501
[08:22:51] WARNING: could not find number of expected rings. Switching to an approximate ring finding algorithm.
⚠️ Step 11 item skipped: 347/360 8uqh_A_X9L_501 stage=BUILD_ROWS reason=ITEM_FAILED
🖼️ Step 11 SVG ready 8uqh_A_X9L_501
🔬 Step 11 item 347/360 done 8uqh_A_X9L_501 sdf=written mapped=30 all_atoms=60 dt=0.1s
⏳ Step 11 progress: 347/360
🔬 Step 11 item 348/360 start 8uqh_B_X9L_501
[08:22:51] WARNING: could not find number of expected rings. Switching to an approximate ring finding algorithm.
⚠️ Step 11 item skipped: 348/360 8uqh_B_X9L_501 stage=BUILD_ROWS reason=ITEM_FAILED
🖼️ Step 11 SVG ready 8uqh_B_X9L_501
🔬 Step 11 item 348/360 done 8uqh_B_X9L_501 sdf=written mapped=30 all_atoms=60 dt=0.1s
⏳ Step 11 progress: 348/360
🔬 Step 11 item 349/360 start 8uqh_C_X9L_501
[08:22:51] WARNING: could not find number of expected rings. Switching to an approximate ring finding algorithm.
⚠️ Step 11 item skipped: 349/360 8uqh_C_X9L_501 stage=BUILD_ROWS reason=ITEM_FAILED
🖼️ Step 11 SVG ready 8uqh_C_X9L_501
🔬 Step 11 item 349/360 done 8uqh_C_X9L_501 sdf=written mapped=30 all_atoms=60 dt=0.1s
⏳ Step 11 progress: 349/360
🔬 Step 11 item 350/360 start 8uqh_D_X9L_501
[08:22:51] WARNING: could not find number of expected rings. Switching to an approximate ring finding algorithm.
⚠️ Step 11 item skipped: 350/360 8uqh_D_X9L_501 stage=BUILD_ROWS reason=ITEM_FAILED
🖼️ Step 11 SVG ready 8uqh_D_X9L_501
🔬 Step 11 item 350/360 done 8uqh_D_X9L_501 sdf=written mapped=30 all_atoms=60 dt=0.1s
⏳ Step 11 progress: 350/360
🔬 Step 11 item 351/360 start 6izq_A_XJ2_501
🖼️ Step 11 SVG ready 6izq_A_XJ2_501
🔬 Step 11 item 351/360 done 6izq_A_XJ2_501 sdf=written mapped=17 all_atoms=17 dt=0.1s
⏳ Step 11 progress: 351/360
🔬 Step 11 item 352/360 start 7fai_A_XJ3_501
🖼️ Step 11 SVG ready 7fai_A_XJ3_501
🔬 Step 11 item 352/360 done 7fai_A_XJ3_501 sdf=written mapped=33 all_atoms=33 dt=0.1s
⏳ Step 11 progress: 352/360
🔬 Step 11 item 353/360 start 7fai_B_XJ3_501
🖼️ Step 11 SVG ready 7fai_B_XJ3_501
🔬 Step 11 item 353/360 done 7fai_B_XJ3_501 sdf=written mapped=33 all_atoms=33 dt=0.1s
⏳ Step 11 progress: 353/360
🔬 Step 11 item 354/360 start 7fai_C_XJ3_501
🖼️ Step 11 SVG ready 7fai_C_XJ3_501
🔬 Step 11 item 354/360 done 7fai_C_XJ3_501 sdf=written mapped=33 all_atoms=33 dt=0.1s
⏳ Step 11 progress: 354/360
🔬 Step 11 item 355/360 start 7fai_D_XJ3_501
🖼️ Step 11 SVG ready 7fai_D_XJ3_501
🔬 Step 11 item 355/360 done 7fai_D_XJ3_501 sdf=written mapped=33 all_atoms=33 dt=0.1s
⏳ Step 11 progress: 355/360
🔬 Step 11 item 356/360 start 7faj_A_XJ4_501
🖼️ Step 11 SVG ready 7faj_A_XJ4_501
🔬 Step 11 item 356/360 done 7faj_A_XJ4_501 sdf=written mapped=33 all_atoms=33 dt=0.1s
⏳ Step 11 progress: 356/360
🔬 Step 11 item 357/360 start 7faj_B_XJ4_501
🖼️ Step 11 SVG ready 7faj_B_XJ4_501
🔬 Step 11 item 357/360 done 7faj_B_XJ4_501 sdf=written mapped=33 all_atoms=33 dt=0.1s
⏳ Step 11 progress: 357/360
🔬 Step 11 item 358/360 start 7faj_C_XJ4_501
🖼️ Step 11 SVG ready 7faj_C_XJ4_501
🔬 Step 11 item 358/360 done 7faj_C_XJ4_501 sdf=written mapped=33 all_atoms=33 dt=0.1s
⏳ Step 11 progress: 358/360
🔬 Step 11 item 359/360 start 7faj_D_XJ4_501
🖼️ Step 11 SVG ready 7faj_D_XJ4_501
🔬 Step 11 item 359/360 done 7faj_D_XJ4_501 sdf=written mapped=33 all_atoms=33 dt=0.1s
⏳ Step 11 progress: 359/360
🔬 Step 11 item 360/360 start 8g2h_A_YVU_501
⚠️ Step 11 item skipped: 360/360 8g2h_A_YVU_501 stage=BUILD_ROWS reason=ITEM_FAILED
🖼️ Step 11 SVG ready 8g2h_A_YVU_501
🔬 Step 11 item 360/360 done 8g2h_A_YVU_501 sdf=written mapped=32 all_atoms=37 dt=0.1s
⏳ Step 11 progress: 360/360
⏱ Step 11 heartbeat: processed=360/360 current=8g2h_A_YVU_501 stage=ITEM_DONE elapsed=38s item_elapsed=0s sdf_written=360 sdf_failed=0 svg_written=360 item_failures=275 last_done=8g2h_A_YVU_501
✅ MCS processing complete — outputs written
🧪 Step 11 summary: work_items=360 successful_items=85 item_failures=275 sdf_attempted=360 sdf_written=360 sdf_failed=0 sdf_skipped_existing=0 svg_written=360
🧪 SDF expected groups: 360
🧪 SDF files available: 360 → MCS_Output/MCS_SDF
🧪 SDF failure records: 0 → MCS_Output/Ligand_MCS_SDF_Failures.csv
🧪 Item failure records: 275 → MCS_Output/Ligand_MCS_Item_Failures.csv
🧪 SVG output path: MCS_Output/MCS_SVG
🧪 CSV output path: MCS_Output
🧪 SDF missing groups: 0
====================================================
🎉 COMPLETED MCS MAPPING + SASA ANNOTATION
📦 Map (MCS only)        → MCS_Output/Ligand_MCS_Map.csv
🧪 SASA (MCS only)       → MCS_Output/Ligand_MCS_SASA.csv
🧬 All atoms (debug)     → MCS_Output/Ligand_AllAtoms_Map.csv
🧪 SASA (ALL atoms)      → MCS_Output/Ligand_MCS_SASA_ALL_ATOMS.csv
⚠️ Failures              → MCS_Output/Ligand_MCS_Failures.csv
⚠️ SDF failures          → MCS_Output/Ligand_MCS_SDF_Failures.csv
⚠️ Item failures         → MCS_Output/Ligand_MCS_Item_Failures.csv
====================================================
🖼️  SVGs generated: 360 → MCS_Output/MCS_SVG
⚠️ MCS failures (first 10):
4IK | 4ikp | Size mismatch: SMILES=28 vs 3D=33
4R7 | 7pu8 | Size mismatch: SMILES=47 vs 3D=82
4R7 | 7pu8 | GRAPH_FULL skipped: size>80
4R7 | 7pu8 | Size mismatch: SMILES=47 vs 3D=82
4R7 | 7pu8 | GRAPH_FULL skipped: size>80
4R7 | 7pu8 | Size mismatch: SMILES=47 vs 3D=82
4R7 | 7pu8 | GRAPH_FULL skipped: size>80
4R7 | 7pu8 | Size mismatch: SMILES=47 vs 3D=82
4R7 | 7pu8 | GRAPH_FULL skipped: size>80
5N5 | 5isi | Size mismatch: SMILES=19 vs 3D=33
[08:22:52] [mem] after 11_mcsMatcher.py parent=65.9MB delta=+0.1MB combined_peak=195.3MB child_peak=129.4MB
[08:22:53] ✅ SDF validation PASS after 11_mcsMatcher.py: MCS_Output/MCS_SDF files=360 expected=360 recorded_failures=0
[08:22:53] 🚀 Running 12_Results.py...
[08:22:53] 🐍 Pipeline Python: /app/.heroku/python/bin/python
[08:22:53] [mem] before 12_Results.py parent=71.0MB combined=71.0MB
[08:22:53] 🧵 Worker caps for 12_Results.py: pipeline_max=1 WARHEAD_SQCHK_MAX_WORKERS=1 WARHEAD_PDBMKR_MAX_WORKERS=1 WARHEAD_SASA_MAX_WORKERS=3 WARHEAD_METADATA_MAX_WORKERS=3 WARHEAD_MCS_MAX_WORKERS=3
[08:22:53] ⏱ No-output watchdog for 12_Results.py: 180s
[08:22:53] [mem] running 12_Results.py parent=71.0MB child_tree=1.2MB combined=72.2MB
✅ Integrated 3DSASAmapped.csv created with standard headers.
[08:22:53] [mem] after 12_Results.py parent=71.0MB delta=+0.0MB combined_peak=149.6MB child_peak=78.6MB
[08:22:55] ✅ SDF validation PASS after 12_Results.py: TARGET_RESULTS/MCS_Output/MCS_SDF files=360 expected=360 recorded_failures=0
[08:22:55] 🚀 Running 15_ResultsMerged.py...
[08:22:55] 🐍 Pipeline Python: /app/.heroku/python/bin/python
[08:22:55] [mem] before 15_ResultsMerged.py parent=93.4MB combined=93.4MB
[08:22:55] 🧵 Worker caps for 15_ResultsMerged.py: pipeline_max=1 WARHEAD_SQCHK_MAX_WORKERS=1 WARHEAD_PDBMKR_MAX_WORKERS=1 WARHEAD_SASA_MAX_WORKERS=3 WARHEAD_METADATA_MAX_WORKERS=3 WARHEAD_MCS_MAX_WORKERS=3
[08:22:55] ⏱ No-output watchdog for 15_ResultsMerged.py: 180s
[08:22:55] [mem] running 15_ResultsMerged.py parent=93.4MB child_tree=0.6MB combined=94.0MB
🧬 Using SASA file: Warhead_SASA_atoms.csv
✅ Wrote merged atom table: Ligand_3D_Atoms_with_SASA.csv
📊 Total atoms: 14061
🎉 RESULTS MERGE COMPLETE
[08:22:55] [mem] after 15_ResultsMerged.py parent=93.4MB delta=+0.0MB combined_peak=94.0MB child_peak=0.6MB
[08:22:55] 🚀 Running 16_ResultsDisplay.py...
[08:22:55] 🐍 Pipeline Python: /app/.heroku/python/bin/python
[08:22:55] [mem] before 16_ResultsDisplay.py parent=93.4MB combined=93.4MB
[08:22:55] 🧵 Worker caps for 16_ResultsDisplay.py: pipeline_max=1 WARHEAD_SQCHK_MAX_WORKERS=1 WARHEAD_PDBMKR_MAX_WORKERS=1 WARHEAD_SASA_MAX_WORKERS=3 WARHEAD_METADATA_MAX_WORKERS=3 WARHEAD_MCS_MAX_WORKERS=3
[08:22:55] ⏱ No-output watchdog for 16_ResultsDisplay.py: 180s
[08:22:55] [mem] running 16_ResultsDisplay.py parent=93.4MB child_tree=0.6MB combined=94.0MB
📁 ResultsDisplay root: /app/jobs/01c4029c
📁 WAR_PDB root: /app/jobs/01c4029c/WAR_PDB
📁 SDF roots: ['/app/jobs/01c4029c/MCS_Output/MCS_SDF', '/app/jobs/01c4029c/TARGET_RESULTS/MCS_Output/MCS_SDF']
🧪 Indexed SDF exact keys: 360
🧪 Indexed SDF loose keys: 339
🧾 Residue lookup keys: 339
⚠️ Skipped 17 PDB rows without SDF support → /app/jobs/01c4029c/Results_Display_Skipped_NoSDF.csv
✅ Wrote /app/jobs/01c4029c/Results_Display.csv (339 SDF-backed entries)
📊 Input WAR_PDB rows skipped due to missing SDF: 17
[08:22:56] [mem] after 16_ResultsDisplay.py parent=93.4MB delta=+0.0MB combined_peak=168.7MB child_peak=75.3MB
[08:22:57] ✅ final SDF validation PASS: rows=339 matched=339 sdf_files=360 dir=jobs/01c4029c/TARGET_RESULTS/MCS_Output/MCS_SDF
