Ligand,Target,pdb_id,Residue_ID,Chain,AtomIndex,AtomSymbol,atom_id,atom_name,x,y,z,SMILES_ID,SMILES
08D,TYMS,6y08,502,A,13,C,2282,C1,16.157,-22.279,6.826,08D,Cc1cc(no1)NS(=O)(=O)c2ccc(cc2)N
08D,TYMS,6y08,502,A,3,C,2285,C15,16.816,-21.563,1.177,08D,Cc1cc(no1)NS(=O)(=O)c2ccc(cc2)N
08D,TYMS,6y08,502,A,2,C,2289,C16,15.903,-20.526,0.869,08D,Cc1cc(no1)NS(=O)(=O)c2ccc(cc2)N
08D,TYMS,6y08,502,A,1,C,2288,C17,15.202,-21.046,-0.189,08D,Cc1cc(no1)NS(=O)(=O)c2ccc(cc2)N
08D,TYMS,6y08,502,A,12,C,2279,C2,16.76,-23.494,6.58,08D,Cc1cc(no1)NS(=O)(=O)c2ccc(cc2)N
08D,TYMS,6y08,502,A,0,C,2290,C20,14.089,-20.582,-1.019,08D,Cc1cc(no1)NS(=O)(=O)c2ccc(cc2)N
08D,TYMS,6y08,502,A,11,C,2278,C3,17.437,-23.698,5.395,08D,Cc1cc(no1)NS(=O)(=O)c2ccc(cc2)N
08D,TYMS,6y08,502,A,10,C,2277,C4,17.499,-22.666,4.489,08D,Cc1cc(no1)NS(=O)(=O)c2ccc(cc2)N
08D,TYMS,6y08,502,A,15,C,2280,C5,16.903,-21.447,4.698,08D,Cc1cc(no1)NS(=O)(=O)c2ccc(cc2)N
08D,TYMS,6y08,502,A,14,C,2281,C6,16.232,-21.265,5.887,08D,Cc1cc(no1)NS(=O)(=O)c2ccc(cc2)N
08D,TYMS,6y08,502,A,6,N,2284,N13,17.792,-21.489,2.182,08D,Cc1cc(no1)NS(=O)(=O)c2ccc(cc2)N
08D,TYMS,6y08,502,A,4,N,2286,N19,16.685,-22.62,0.372,08D,Cc1cc(no1)NS(=O)(=O)c2ccc(cc2)N
08D,TYMS,6y08,502,A,16,N,2283,N7,15.491,-22.075,8.039,08D,Cc1cc(no1)NS(=O)(=O)c2ccc(cc2)N
08D,TYMS,6y08,502,A,8,O,2276,O11,17.728,-24.099,2.33,08D,Cc1cc(no1)NS(=O)(=O)c2ccc(cc2)N
08D,TYMS,6y08,502,A,9,O,2274,O12,19.752,-22.843,3.144,08D,Cc1cc(no1)NS(=O)(=O)c2ccc(cc2)N
08D,TYMS,6y08,502,A,5,O,2287,O18,15.655,-22.288,-0.498,08D,Cc1cc(no1)NS(=O)(=O)c2ccc(cc2)N
08D,TYMS,6y08,502,A,7,S,2275,S10,18.328,-22.924,2.942,08D,Cc1cc(no1)NS(=O)(=O)c2ccc(cc2)N
08D,TYMS,6y08,502,B,13,C,2272,C1,47.361,-35.446,-24.351,08D,Cc1cc(no1)NS(=O)(=O)c2ccc(cc2)N
08D,TYMS,6y08,502,B,3,C,2275,C15,41.432,-36.227,-23.986,08D,Cc1cc(no1)NS(=O)(=O)c2ccc(cc2)N
08D,TYMS,6y08,502,B,2,C,2279,C16,40.628,-37.106,-24.75,08D,Cc1cc(no1)NS(=O)(=O)c2ccc(cc2)N
08D,TYMS,6y08,502,B,1,C,2278,C17,39.553,-36.339,-25.121,08D,Cc1cc(no1)NS(=O)(=O)c2ccc(cc2)N
08D,TYMS,6y08,502,B,12,C,2269,C2,46.963,-34.407,-23.536,08D,Cc1cc(no1)NS(=O)(=O)c2ccc(cc2)N
08D,TYMS,6y08,502,B,0,C,2280,C20,38.344,-36.599,-25.906,08D,Cc1cc(no1)NS(=O)(=O)c2ccc(cc2)N
08D,TYMS,6y08,502,B,11,C,2268,C3,45.765,-34.435,-22.852,08D,Cc1cc(no1)NS(=O)(=O)c2ccc(cc2)N
08D,TYMS,6y08,502,B,10,C,2267,C4,44.999,-35.555,-23.022,08D,Cc1cc(no1)NS(=O)(=O)c2ccc(cc2)N
08D,TYMS,6y08,502,B,15,C,2270,C5,45.358,-36.61,-23.825,08D,Cc1cc(no1)NS(=O)(=O)c2ccc(cc2)N
08D,TYMS,6y08,502,B,14,C,2271,C6,46.554,-36.55,-24.496,08D,Cc1cc(no1)NS(=O)(=O)c2ccc(cc2)N
08D,TYMS,6y08,502,B,6,N,2274,N13,42.652,-36.621,-23.414,08D,Cc1cc(no1)NS(=O)(=O)c2ccc(cc2)N
08D,TYMS,6y08,502,B,4,N,2276,N19,40.891,-35.005,-23.898,08D,Cc1cc(no1)NS(=O)(=O)c2ccc(cc2)N
08D,TYMS,6y08,502,B,16,N,2273,N7,48.575,-35.383,-25.039,08D,Cc1cc(no1)NS(=O)(=O)c2ccc(cc2)N
08D,TYMS,6y08,502,B,8,O,2266,O11,42.908,-34.337,-22.115,08D,Cc1cc(no1)NS(=O)(=O)c2ccc(cc2)N
08D,TYMS,6y08,502,B,9,O,2264,O12,43.646,-36.522,-21.032,08D,Cc1cc(no1)NS(=O)(=O)c2ccc(cc2)N
08D,TYMS,6y08,502,B,5,O,2277,O18,39.694,-35.081,-24.622,08D,Cc1cc(no1)NS(=O)(=O)c2ccc(cc2)N
08D,TYMS,6y08,502,B,7,S,2265,S10,43.445,-35.682,-22.199,08D,Cc1cc(no1)NS(=O)(=O)c2ccc(cc2)N
0MZ,TYMS,4e28,403,A,3,C,2081,C1,55.001,-18.184,14.902,0MZ,c1ccc(c(c1)/C=N/N=C\\2/N=C([C@@H](S2)CC(=O)Nc3cccc(c3)C(F)(F)F)O)O
0MZ,TYMS,4e28,403,A,9,C,2071,C11,49.181,-18.083,15.364,0MZ,c1ccc(c(c1)/C=N/N=C\\2/N=C([C@@H](S2)CC(=O)Nc3cccc(c3)C(F)(F)F)O)O
0MZ,TYMS,4e28,403,A,12,C,2067,C13,47.316,-19.31,14.264,0MZ,c1ccc(c(c1)/C=N/N=C\\2/N=C([C@@H](S2)CC(=O)Nc3cccc(c3)C(F)(F)F)O)O
0MZ,TYMS,4e28,403,A,11,C,2068,C14,47.013,-18.349,15.379,0MZ,c1ccc(c(c1)/C=N/N=C\\2/N=C([C@@H](S2)CC(=O)Nc3cccc(c3)C(F)(F)F)O)O
0MZ,TYMS,4e28,403,A,14,C,2066,C16,46.986,-20.729,14.71,0MZ,c1ccc(c(c1)/C=N/N=C\\2/N=C([C@@H](S2)CC(=O)Nc3cccc(c3)C(F)(F)F)O)O
0MZ,TYMS,4e28,403,A,15,C,2064,C17,46.409,-21.515,13.561,0MZ,c1ccc(c(c1)/C=N/N=C\\2/N=C([C@@H](S2)CC(=O)Nc3cccc(c3)C(F)(F)F)O)O
0MZ,TYMS,4e28,403,A,2,C,2080,C2,55.978,-18.588,14.003,0MZ,c1ccc(c(c1)/C=N/N=C\\2/N=C([C@@H](S2)CC(=O)Nc3cccc(c3)C(F)(F)F)O)O
0MZ,TYMS,4e28,403,A,18,C,2062,C21,45.002,-21.475,11.66,0MZ,c1ccc(c(c1)/C=N/N=C\\2/N=C([C@@H](S2)CC(=O)Nc3cccc(c3)C(F)(F)F)O)O
0MZ,TYMS,4e28,403,A,19,C,2061,C22,45.523,-21.302,10.384,0MZ,c1ccc(c(c1)/C=N/N=C\\2/N=C([C@@H](S2)CC(=O)Nc3cccc(c3)C(F)(F)F)O)O
0MZ,TYMS,4e28,403,A,20,C,2060,C23,44.923,-21.932,9.302,0MZ,c1ccc(c(c1)/C=N/N=C\\2/N=C([C@@H](S2)CC(=O)Nc3cccc(c3)C(F)(F)F)O)O
0MZ,TYMS,4e28,403,A,21,C,2059,C24,43.794,-22.721,9.495,0MZ,c1ccc(c(c1)/C=N/N=C\\2/N=C([C@@H](S2)CC(=O)Nc3cccc(c3)C(F)(F)F)O)O
0MZ,TYMS,4e28,403,A,22,C,2057,C25,43.271,-22.886,10.773,0MZ,c1ccc(c(c1)/C=N/N=C\\2/N=C([C@@H](S2)CC(=O)Nc3cccc(c3)C(F)(F)F)O)O
0MZ,TYMS,4e28,403,A,23,C,2058,C26,43.872,-22.257,11.856,0MZ,c1ccc(c(c1)/C=N/N=C\\2/N=C([C@@H](S2)CC(=O)Nc3cccc(c3)C(F)(F)F)O)O
0MZ,TYMS,4e28,403,A,24,C,2054,C27,42.053,-23.734,10.984,0MZ,c1ccc(c(c1)/C=N/N=C\\2/N=C([C@@H](S2)CC(=O)Nc3cccc(c3)C(F)(F)F)O)O
0MZ,TYMS,4e28,403,A,1,C,2079,C3,55.628,-19.06,12.751,0MZ,c1ccc(c(c1)/C=N/N=C\\2/N=C([C@@H](S2)CC(=O)Nc3cccc(c3)C(F)(F)F)O)O
0MZ,TYMS,4e28,403,A,0,C,2078,C4,54.297,-19.134,12.387,0MZ,c1ccc(c(c1)/C=N/N=C\\2/N=C([C@@H](S2)CC(=O)Nc3cccc(c3)C(F)(F)F)O)O
0MZ,TYMS,4e28,403,A,5,C,2077,C5,53.317,-18.734,13.279,0MZ,c1ccc(c(c1)/C=N/N=C\\2/N=C([C@@H](S2)CC(=O)Nc3cccc(c3)C(F)(F)F)O)O
0MZ,TYMS,4e28,403,A,4,C,2076,C6,53.667,-18.262,14.534,0MZ,c1ccc(c(c1)/C=N/N=C\\2/N=C([C@@H](S2)CC(=O)Nc3cccc(c3)C(F)(F)F)O)O
0MZ,TYMS,4e28,403,A,6,C,2075,C8,52.564,-17.856,15.429,0MZ,c1ccc(c(c1)/C=N/N=C\\2/N=C([C@@H](S2)CC(=O)Nc3cccc(c3)C(F)(F)F)O)O
0MZ,TYMS,4e28,403,A,25,F,2053,F28,41.945,-24.044,12.263,0MZ,c1ccc(c(c1)/C=N/N=C\\2/N=C([C@@H](S2)CC(=O)Nc3cccc(c3)C(F)(F)F)O)O
0MZ,TYMS,4e28,403,A,26,F,2056,F29,42.15,-24.836,10.265,0MZ,c1ccc(c(c1)/C=N/N=C\\2/N=C([C@@H](S2)CC(=O)Nc3cccc(c3)C(F)(F)F)O)O
0MZ,TYMS,4e28,403,A,27,F,2055,F30,40.984,-23.055,10.61,0MZ,c1ccc(c(c1)/C=N/N=C\\2/N=C([C@@H](S2)CC(=O)Nc3cccc(c3)C(F)(F)F)O)O
0MZ,TYMS,4e28,403,A,8,N,2073,N10,50.273,-17.612,15.756,0MZ,c1ccc(c(c1)/C=N/N=C\\2/N=C([C@@H](S2)CC(=O)Nc3cccc(c3)C(F)(F)F)O)O
0MZ,TYMS,4e28,403,A,10,N,2070,N15,48.02,-17.84,15.959,0MZ,c1ccc(c(c1)/C=N/N=C\\2/N=C([C@@H](S2)CC(=O)Nc3cccc(c3)C(F)(F)F)O)O
0MZ,TYMS,4e28,403,A,17,N,2063,N18,45.599,-20.841,12.751,0MZ,c1ccc(c(c1)/C=N/N=C\\2/N=C([C@@H](S2)CC(=O)Nc3cccc(c3)C(F)(F)F)O)O
0MZ,TYMS,4e28,403,A,7,N,2074,N9,51.394,-17.973,14.996,0MZ,c1ccc(c(c1)/C=N/N=C\\2/N=C([C@@H](S2)CC(=O)Nc3cccc(c3)C(F)(F)F)O)O
0MZ,TYMS,4e28,403,A,29,O,2082,O1,55.391,-17.725,16.128,0MZ,c1ccc(c(c1)/C=N/N=C\\2/N=C([C@@H](S2)CC(=O)Nc3cccc(c3)C(F)(F)F)O)O
0MZ,TYMS,4e28,403,A,16,O,2065,O19,46.687,-22.694,13.409,0MZ,c1ccc(c(c1)/C=N/N=C\\2/N=C([C@@H](S2)CC(=O)Nc3cccc(c3)C(F)(F)F)O)O
0MZ,TYMS,4e28,403,A,28,O,2069,O20,45.781,-18.04,15.746,0MZ,c1ccc(c(c1)/C=N/N=C\\2/N=C([C@@H](S2)CC(=O)Nc3cccc(c3)C(F)(F)F)O)O
0MZ,TYMS,4e28,403,A,13,S,2072,S12,49.046,-19.088,14.053,0MZ,c1ccc(c(c1)/C=N/N=C\\2/N=C([C@@H](S2)CC(=O)Nc3cccc(c3)C(F)(F)F)O)O
2XB,TYMS,6ojv,601,A,0,C,2282,CAH,98.419,2.546,273.84,2XB,c1cc(ccc1Cc2c[nH]c3c2c(nc(n3)N)O)C(=O)N[C@@H](CCC(=O)O)C(=O)O
2XB,TYMS,6ojv,601,A,4,C,2284,CAI,97.928,0.615,275.245,2XB,c1cc(ccc1Cc2c[nH]c3c2c(nc(n3)N)O)C(=O)N[C@@H](CCC(=O)O)C(=O)O
2XB,TYMS,6ojv,601,A,1,C,2281,CAJ,97.052,2.845,273.753,2XB,c1cc(ccc1Cc2c[nH]c3c2c(nc(n3)N)O)C(=O)N[C@@H](CCC(=O)O)C(=O)O
2XB,TYMS,6ojv,601,A,3,C,2283,CAK,96.551,0.908,275.154,2XB,c1cc(ccc1Cc2c[nH]c3c2c(nc(n3)N)O)C(=O)N[C@@H](CCC(=O)O)C(=O)O
2XB,TYMS,6ojv,601,A,8,C,2297,CAL,101.91,2.989,273.691,2XB,c1cc(ccc1Cc2c[nH]c3c2c(nc(n3)N)O)C(=O)N[C@@H](CCC(=O)O)C(=O)O
2XB,TYMS,6ojv,601,A,6,C,2286,CAO,100.352,1.176,274.648,2XB,c1cc(ccc1Cc2c[nH]c3c2c(nc(n3)N)O)C(=O)N[C@@H](CCC(=O)O)C(=O)O
2XB,TYMS,6ojv,601,A,18,C,2278,CAV,94.652,2.367,274.296,2XB,c1cc(ccc1Cc2c[nH]c3c2c(nc(n3)N)O)C(=O)N[C@@H](CCC(=O)O)C(=O)O
2XB,TYMS,6ojv,601,A,14,C,2292,CAW,101.204,5.887,277.036,2XB,c1cc(ccc1Cc2c[nH]c3c2c(nc(n3)N)O)C(=O)N[C@@H](CCC(=O)O)C(=O)O
2XB,TYMS,6ojv,601,A,5,C,2285,CAX,98.863,1.435,274.58,2XB,c1cc(ccc1Cc2c[nH]c3c2c(nc(n3)N)O)C(=O)N[C@@H](CCC(=O)O)C(=O)O
2XB,TYMS,6ojv,601,A,2,C,2280,CAY,96.107,2.027,274.407,2XB,c1cc(ccc1Cc2c[nH]c3c2c(nc(n3)N)O)C(=O)N[C@@H](CCC(=O)O)C(=O)O
2XB,TYMS,6ojv,601,A,7,C,2287,CAZ,101.048,2.515,274.651,2XB,c1cc(ccc1Cc2c[nH]c3c2c(nc(n3)N)O)C(=O)N[C@@H](CCC(=O)O)C(=O)O
2XB,TYMS,6ojv,601,A,12,C,2289,CBA,100.182,3.706,276.9,2XB,c1cc(ccc1Cc2c[nH]c3c2c(nc(n3)N)O)C(=O)N[C@@H](CCC(=O)O)C(=O)O
2XB,TYMS,6ojv,601,A,10,C,2295,CBB,101.718,4.596,275.247,2XB,c1cc(ccc1Cc2c[nH]c3c2c(nc(n3)N)O)C(=O)N[C@@H](CCC(=O)O)C(=O)O
2XB,TYMS,6ojv,601,A,11,C,2288,CBC,100.928,3.55,275.636,2XB,c1cc(ccc1Cc2c[nH]c3c2c(nc(n3)N)O)C(=O)N[C@@H](CCC(=O)O)C(=O)O
2XB,TYMS,6ojv,601,A,21,C,2273,CT1,92.337,1.611,274.841,2XB,c1cc(ccc1Cc2c[nH]c3c2c(nc(n3)N)O)C(=O)N[C@@H](CCC(=O)O)C(=O)O
2XB,TYMS,6ojv,601,A,22,C,2272,CT2,91.667,0.955,273.603,2XB,c1cc(ccc1Cc2c[nH]c3c2c(nc(n3)N)O)C(=O)N[C@@H](CCC(=O)O)C(=O)O
2XB,TYMS,6ojv,601,A,23,C,2271,CT3,90.621,1.834,272.882,2XB,c1cc(ccc1Cc2c[nH]c3c2c(nc(n3)N)O)C(=O)N[C@@H](CCC(=O)O)C(=O)O
2XB,TYMS,6ojv,601,A,24,C,2269,CT4,91.186,2.68,271.739,2XB,c1cc(ccc1Cc2c[nH]c3c2c(nc(n3)N)O)C(=O)N[C@@H](CCC(=O)O)C(=O)O
2XB,TYMS,6ojv,601,A,27,C,2274,CT5,91.783,1.234,276.22,2XB,c1cc(ccc1Cc2c[nH]c3c2c(nc(n3)N)O)C(=O)N[C@@H](CCC(=O)O)C(=O)O
2XB,TYMS,6ojv,601,A,16,N,2293,NAA,101.224,6.984,277.872,2XB,c1cc(ccc1Cc2c[nH]c3c2c(nc(n3)N)O)C(=O)N[C@@H](CCC(=O)O)C(=O)O
2XB,TYMS,6ojv,601,A,15,N,2294,NAP,101.886,5.794,275.927,2XB,c1cc(ccc1Cc2c[nH]c3c2c(nc(n3)N)O)C(=O)N[C@@H](CCC(=O)O)C(=O)O
2XB,TYMS,6ojv,601,A,9,N,2296,NAR,102.319,4.256,274.061,2XB,c1cc(ccc1Cc2c[nH]c3c2c(nc(n3)N)O)C(=O)N[C@@H](CCC(=O)O)C(=O)O
2XB,TYMS,6ojv,601,A,13,N,2291,NAS,100.367,4.88,277.536,2XB,c1cc(ccc1Cc2c[nH]c3c2c(nc(n3)N)O)C(=O)N[C@@H](CCC(=O)O)C(=O)O
2XB,TYMS,6ojv,601,A,20,N,2277,NT1,93.794,1.484,274.828,2XB,c1cc(ccc1Cc2c[nH]c3c2c(nc(n3)N)O)C(=O)N[C@@H](CCC(=O)O)C(=O)O
2XB,TYMS,6ojv,601,A,19,O,2279,OAD,94.3,3.412,273.748,2XB,c1cc(ccc1Cc2c[nH]c3c2c(nc(n3)N)O)C(=O)N[C@@H](CCC(=O)O)C(=O)O
2XB,TYMS,6ojv,601,A,17,O,2290,OAE,99.444,2.832,277.343,2XB,c1cc(ccc1Cc2c[nH]c3c2c(nc(n3)N)O)C(=O)N[C@@H](CCC(=O)O)C(=O)O
2XB,TYMS,6ojv,601,A,25,O,2268,OE1,92.23,2.428,271.14,2XB,c1cc(ccc1Cc2c[nH]c3c2c(nc(n3)N)O)C(=O)N[C@@H](CCC(=O)O)C(=O)O
2XB,TYMS,6ojv,601,A,26,O,2270,OE2,90.393,3.754,271.459,2XB,c1cc(ccc1Cc2c[nH]c3c2c(nc(n3)N)O)C(=O)N[C@@H](CCC(=O)O)C(=O)O
2XB,TYMS,6ojv,601,A,28,O,2275,OT1,90.786,2.016,276.725,2XB,c1cc(ccc1Cc2c[nH]c3c2c(nc(n3)N)O)C(=O)N[C@@H](CCC(=O)O)C(=O)O
2XB,TYMS,6ojv,601,A,29,O,2276,OXT,92.222,0.269,276.849,2XB,c1cc(ccc1Cc2c[nH]c3c2c(nc(n3)N)O)C(=O)N[C@@H](CCC(=O)O)C(=O)O
2XB,TYMS,6ojv,601,B,0,C,2297,CAH,120.118,28.897,259.433,2XB,c1cc(ccc1Cc2c[nH]c3c2c(nc(n3)N)O)C(=O)N[C@@H](CCC(=O)O)C(=O)O
2XB,TYMS,6ojv,601,B,4,C,2299,CAI,121.055,28.569,261.655,2XB,c1cc(ccc1Cc2c[nH]c3c2c(nc(n3)N)O)C(=O)N[C@@H](CCC(=O)O)C(=O)O
2XB,TYMS,6ojv,601,B,1,C,2296,CAJ,119.26,27.804,259.633,2XB,c1cc(ccc1Cc2c[nH]c3c2c(nc(n3)N)O)C(=O)N[C@@H](CCC(=O)O)C(=O)O
2XB,TYMS,6ojv,601,B,3,C,2298,CAK,120.193,27.471,261.857,2XB,c1cc(ccc1Cc2c[nH]c3c2c(nc(n3)N)O)C(=O)N[C@@H](CCC(=O)O)C(=O)O
2XB,TYMS,6ojv,601,B,8,C,2312,CAL,121.583,31.801,258.031,2XB,c1cc(ccc1Cc2c[nH]c3c2c(nc(n3)N)O)C(=O)N[C@@H](CCC(=O)O)C(=O)O
2XB,TYMS,6ojv,601,B,6,C,2301,CAO,121.928,30.477,260.2,2XB,c1cc(ccc1Cc2c[nH]c3c2c(nc(n3)N)O)C(=O)N[C@@H](CCC(=O)O)C(=O)O
2XB,TYMS,6ojv,601,B,18,C,2293,CAV,118.36,25.913,261.04,2XB,c1cc(ccc1Cc2c[nH]c3c2c(nc(n3)N)O)C(=O)N[C@@H](CCC(=O)O)C(=O)O
2XB,TYMS,6ojv,601,B,14,C,2307,CAW,117.895,33.93,259.418,2XB,c1cc(ccc1Cc2c[nH]c3c2c(nc(n3)N)O)C(=O)N[C@@H](CCC(=O)O)C(=O)O
2XB,TYMS,6ojv,601,B,5,C,2300,CAX,121.023,29.283,260.44,2XB,c1cc(ccc1Cc2c[nH]c3c2c(nc(n3)N)O)C(=O)N[C@@H](CCC(=O)O)C(=O)O
2XB,TYMS,6ojv,601,B,2,C,2295,CAY,119.287,27.079,260.844,2XB,c1cc(ccc1Cc2c[nH]c3c2c(nc(n3)N)O)C(=O)N[C@@H](CCC(=O)O)C(=O)O
2XB,TYMS,6ojv,601,B,7,C,2302,CAZ,121.216,31.465,259.311,2XB,c1cc(ccc1Cc2c[nH]c3c2c(nc(n3)N)O)C(=O)N[C@@H](CCC(=O)O)C(=O)O
2XB,TYMS,6ojv,601,B,12,C,2304,CBA,119.118,32.346,260.768,2XB,c1cc(ccc1Cc2c[nH]c3c2c(nc(n3)N)O)C(=O)N[C@@H](CCC(=O)O)C(=O)O
2XB,TYMS,6ojv,601,B,10,C,2310,CBB,119.735,32.979,258.504,2XB,c1cc(ccc1Cc2c[nH]c3c2c(nc(n3)N)O)C(=O)N[C@@H](CCC(=O)O)C(=O)O
2XB,TYMS,6ojv,601,B,11,C,2303,CBC,120.029,32.219,259.607,2XB,c1cc(ccc1Cc2c[nH]c3c2c(nc(n3)N)O)C(=O)N[C@@H](CCC(=O)O)C(=O)O
2XB,TYMS,6ojv,601,B,21,C,2288,CT1,117.678,24.12,262.674,2XB,c1cc(ccc1Cc2c[nH]c3c2c(nc(n3)N)O)C(=O)N[C@@H](CCC(=O)O)C(=O)O
2XB,TYMS,6ojv,601,B,22,C,2287,CT2,118.364,22.768,262.342,2XB,c1cc(ccc1Cc2c[nH]c3c2c(nc(n3)N)O)C(=O)N[C@@H](CCC(=O)O)C(=O)O
2XB,TYMS,6ojv,601,B,23,C,2286,CT3,117.556,21.819,261.427,2XB,c1cc(ccc1Cc2c[nH]c3c2c(nc(n3)N)O)C(=O)N[C@@H](CCC(=O)O)C(=O)O
2XB,TYMS,6ojv,601,B,24,C,2284,CT4,117.434,22.286,259.974,2XB,c1cc(ccc1Cc2c[nH]c3c2c(nc(n3)N)O)C(=O)N[C@@H](CCC(=O)O)C(=O)O
2XB,TYMS,6ojv,601,B,27,C,2289,CT5,117.228,24.316,264.127,2XB,c1cc(ccc1Cc2c[nH]c3c2c(nc(n3)N)O)C(=O)N[C@@H](CCC(=O)O)C(=O)O
2XB,TYMS,6ojv,601,B,16,N,2308,NAA,116.783,34.739,259.501,2XB,c1cc(ccc1Cc2c[nH]c3c2c(nc(n3)N)O)C(=O)N[C@@H](CCC(=O)O)C(=O)O
2XB,TYMS,6ojv,601,B,15,N,2309,NAP,118.669,33.856,258.369,2XB,c1cc(ccc1Cc2c[nH]c3c2c(nc(n3)N)O)C(=O)N[C@@H](CCC(=O)O)C(=O)O
2XB,TYMS,6ojv,601,B,9,N,2311,NAR,120.68,32.725,257.544,2XB,c1cc(ccc1Cc2c[nH]c3c2c(nc(n3)N)O)C(=O)N[C@@H](CCC(=O)O)C(=O)O
2XB,TYMS,6ojv,601,B,13,N,2306,NAS,118.092,33.204,260.603,2XB,c1cc(ccc1Cc2c[nH]c3c2c(nc(n3)N)O)C(=O)N[C@@H](CCC(=O)O)C(=O)O
2XB,TYMS,6ojv,601,B,20,N,2292,NT1,118.456,25.276,262.22,2XB,c1cc(ccc1Cc2c[nH]c3c2c(nc(n3)N)O)C(=O)N[C@@H](CCC(=O)O)C(=O)O
2XB,TYMS,6ojv,601,B,19,O,2294,OAD,117.564,25.601,260.155,2XB,c1cc(ccc1Cc2c[nH]c3c2c(nc(n3)N)O)C(=O)N[C@@H](CCC(=O)O)C(=O)O
2XB,TYMS,6ojv,601,B,17,O,2305,OAE,119.273,31.722,261.816,2XB,c1cc(ccc1Cc2c[nH]c3c2c(nc(n3)N)O)C(=O)N[C@@H](CCC(=O)O)C(=O)O
2XB,TYMS,6ojv,601,B,25,O,2283,OE1,118.289,22.107,259.109,2XB,c1cc(ccc1Cc2c[nH]c3c2c(nc(n3)N)O)C(=O)N[C@@H](CCC(=O)O)C(=O)O
2XB,TYMS,6ojv,601,B,26,O,2285,OE2,116.251,22.927,259.744,2XB,c1cc(ccc1Cc2c[nH]c3c2c(nc(n3)N)O)C(=O)N[C@@H](CCC(=O)O)C(=O)O
2XB,TYMS,6ojv,601,B,28,O,2290,OT1,115.886,24.315,264.386,2XB,c1cc(ccc1Cc2c[nH]c3c2c(nc(n3)N)O)C(=O)N[C@@H](CCC(=O)O)C(=O)O
2XB,TYMS,6ojv,601,B,29,O,2291,OXT,118.048,24.469,265.031,2XB,c1cc(ccc1Cc2c[nH]c3c2c(nc(n3)N)O)C(=O)N[C@@H](CCC(=O)O)C(=O)O
2XB,TYMS,6ojv,601,C,0,C,2260,CAH,140.553,7.463,234.01,2XB,c1cc(ccc1Cc2c[nH]c3c2c(nc(n3)N)O)C(=O)N[C@@H](CCC(=O)O)C(=O)O
2XB,TYMS,6ojv,601,C,4,C,2262,CAI,142.904,7.633,233.457,2XB,c1cc(ccc1Cc2c[nH]c3c2c(nc(n3)N)O)C(=O)N[C@@H](CCC(=O)O)C(=O)O
2XB,TYMS,6ojv,601,C,1,C,2259,CAJ,140.233,8.428,233.048,2XB,c1cc(ccc1Cc2c[nH]c3c2c(nc(n3)N)O)C(=O)N[C@@H](CCC(=O)O)C(=O)O
2XB,TYMS,6ojv,601,C,3,C,2261,CAK,142.593,8.612,232.484,2XB,c1cc(ccc1Cc2c[nH]c3c2c(nc(n3)N)O)C(=O)N[C@@H](CCC(=O)O)C(=O)O
2XB,TYMS,6ojv,601,C,8,C,2275,CAL,139.995,5.032,236.433,2XB,c1cc(ccc1Cc2c[nH]c3c2c(nc(n3)N)O)C(=O)N[C@@H](CCC(=O)O)C(=O)O
2XB,TYMS,6ojv,601,C,6,C,2264,CAO,142.106,5.987,235.289,2XB,c1cc(ccc1Cc2c[nH]c3c2c(nc(n3)N)O)C(=O)N[C@@H](CCC(=O)O)C(=O)O
2XB,TYMS,6ojv,601,C,18,C,2256,CAV,140.863,10.047,231.252,2XB,c1cc(ccc1Cc2c[nH]c3c2c(nc(n3)N)O)C(=O)N[C@@H](CCC(=O)O)C(=O)O
2XB,TYMS,6ojv,601,C,14,C,2270,CAW,138.848,2.388,232.996,2XB,c1cc(ccc1Cc2c[nH]c3c2c(nc(n3)N)O)C(=O)N[C@@H](CCC(=O)O)C(=O)O
2XB,TYMS,6ojv,601,C,5,C,2263,CAX,141.874,7.054,234.232,2XB,c1cc(ccc1Cc2c[nH]c3c2c(nc(n3)N)O)C(=O)N[C@@H](CCC(=O)O)C(=O)O
2XB,TYMS,6ojv,601,C,2,C,2258,CAY,141.25,9.019,232.276,2XB,c1cc(ccc1Cc2c[nH]c3c2c(nc(n3)N)O)C(=O)N[C@@H](CCC(=O)O)C(=O)O
2XB,TYMS,6ojv,601,C,7,C,2265,CAZ,140.871,5.111,235.374,2XB,c1cc(ccc1Cc2c[nH]c3c2c(nc(n3)N)O)C(=O)N[C@@H](CCC(=O)O)C(=O)O
2XB,TYMS,6ojv,601,C,12,C,2267,CBA,140.791,3.813,233.011,2XB,c1cc(ccc1Cc2c[nH]c3c2c(nc(n3)N)O)C(=O)N[C@@H](CCC(=O)O)C(=O)O
2XB,TYMS,6ojv,601,C,10,C,2273,CBB,139.223,3.634,234.854,2XB,c1cc(ccc1Cc2c[nH]c3c2c(nc(n3)N)O)C(=O)N[C@@H](CCC(=O)O)C(=O)O
2XB,TYMS,6ojv,601,C,11,C,2266,CBC,140.364,4.216,234.369,2XB,c1cc(ccc1Cc2c[nH]c3c2c(nc(n3)N)O)C(=O)N[C@@H](CCC(=O)O)C(=O)O
2XB,TYMS,6ojv,601,C,21,C,2251,CT1,141.671,11.781,229.66,2XB,c1cc(ccc1Cc2c[nH]c3c2c(nc(n3)N)O)C(=O)N[C@@H](CCC(=O)O)C(=O)O
2XB,TYMS,6ojv,601,C,22,C,2250,CT2,142.063,13.21,230.131,2XB,c1cc(ccc1Cc2c[nH]c3c2c(nc(n3)N)O)C(=O)N[C@@H](CCC(=O)O)C(=O)O
2XB,TYMS,6ojv,601,C,23,C,2249,CT3,140.908,14.24,230.091,2XB,c1cc(ccc1Cc2c[nH]c3c2c(nc(n3)N)O)C(=O)N[C@@H](CCC(=O)O)C(=O)O
2XB,TYMS,6ojv,601,C,24,C,2247,CT4,139.822,14.026,231.152,2XB,c1cc(ccc1Cc2c[nH]c3c2c(nc(n3)N)O)C(=O)N[C@@H](CCC(=O)O)C(=O)O
2XB,TYMS,6ojv,601,C,27,C,2252,CT5,142.226,11.281,228.315,2XB,c1cc(ccc1Cc2c[nH]c3c2c(nc(n3)N)O)C(=O)N[C@@H](CCC(=O)O)C(=O)O
2XB,TYMS,6ojv,601,C,16,N,2271,NAA,138.213,1.485,232.17,2XB,c1cc(ccc1Cc2c[nH]c3c2c(nc(n3)N)O)C(=O)N[C@@H](CCC(=O)O)C(=O)O
2XB,TYMS,6ojv,601,C,15,N,2272,NAP,138.431,2.707,234.192,2XB,c1cc(ccc1Cc2c[nH]c3c2c(nc(n3)N)O)C(=O)N[C@@H](CCC(=O)O)C(=O)O
2XB,TYMS,6ojv,601,C,9,N,2274,NAR,138.995,4.13,236.114,2XB,c1cc(ccc1Cc2c[nH]c3c2c(nc(n3)N)O)C(=O)N[C@@H](CCC(=O)O)C(=O)O
2XB,TYMS,6ojv,601,C,13,N,2269,NAS,140.001,2.913,232.394,2XB,c1cc(ccc1Cc2c[nH]c3c2c(nc(n3)N)O)C(=O)N[C@@H](CCC(=O)O)C(=O)O
2XB,TYMS,6ojv,601,C,20,N,2255,NT1,141.855,10.752,230.686,2XB,c1cc(ccc1Cc2c[nH]c3c2c(nc(n3)N)O)C(=O)N[C@@H](CCC(=O)O)C(=O)O
2XB,TYMS,6ojv,601,C,19,O,2257,OAD,139.677,10.202,230.956,2XB,c1cc(ccc1Cc2c[nH]c3c2c(nc(n3)N)O)C(=O)N[C@@H](CCC(=O)O)C(=O)O
2XB,TYMS,6ojv,601,C,17,O,2268,OAE,141.798,4.268,232.477,2XB,c1cc(ccc1Cc2c[nH]c3c2c(nc(n3)N)O)C(=O)N[C@@H](CCC(=O)O)C(=O)O
2XB,TYMS,6ojv,601,C,25,O,2246,OE1,140.042,13.8,232.34,2XB,c1cc(ccc1Cc2c[nH]c3c2c(nc(n3)N)O)C(=O)N[C@@H](CCC(=O)O)C(=O)O
2XB,TYMS,6ojv,601,C,26,O,2248,OE2,138.566,14.114,230.628,2XB,c1cc(ccc1Cc2c[nH]c3c2c(nc(n3)N)O)C(=O)N[C@@H](CCC(=O)O)C(=O)O
2XB,TYMS,6ojv,601,C,28,O,2253,OT1,141.323,10.999,227.33,2XB,c1cc(ccc1Cc2c[nH]c3c2c(nc(n3)N)O)C(=O)N[C@@H](CCC(=O)O)C(=O)O
2XB,TYMS,6ojv,601,C,29,O,2254,OXT,143.433,11.126,228.125,2XB,c1cc(ccc1Cc2c[nH]c3c2c(nc(n3)N)O)C(=O)N[C@@H](CCC(=O)O)C(=O)O
2XB,TYMS,6ojv,601,D,0,C,2258,CAH,129.433,-18.17,293.664,2XB,c1cc(ccc1Cc2c[nH]c3c2c(nc(n3)N)O)C(=O)N[C@@H](CCC(=O)O)C(=O)O
2XB,TYMS,6ojv,601,D,4,C,2260,CAI,128.081,-16.55,294.878,2XB,c1cc(ccc1Cc2c[nH]c3c2c(nc(n3)N)O)C(=O)N[C@@H](CCC(=O)O)C(=O)O
2XB,TYMS,6ojv,601,D,1,C,2257,CAJ,130.057,-18.555,294.863,2XB,c1cc(ccc1Cc2c[nH]c3c2c(nc(n3)N)O)C(=O)N[C@@H](CCC(=O)O)C(=O)O
2XB,TYMS,6ojv,601,D,3,C,2259,CAK,128.709,-16.933,296.083,2XB,c1cc(ccc1Cc2c[nH]c3c2c(nc(n3)N)O)C(=O)N[C@@H](CCC(=O)O)C(=O)O
2XB,TYMS,6ojv,601,D,8,C,2273,CAL,128.688,-18.004,290.272,2XB,c1cc(ccc1Cc2c[nH]c3c2c(nc(n3)N)O)C(=O)N[C@@H](CCC(=O)O)C(=O)O
2XB,TYMS,6ojv,601,D,6,C,2262,CAO,127.791,-16.785,292.35,2XB,c1cc(ccc1Cc2c[nH]c3c2c(nc(n3)N)O)C(=O)N[C@@H](CCC(=O)O)C(=O)O
2XB,TYMS,6ojv,601,D,18,C,2254,CAV,130.383,-18.373,297.356,2XB,c1cc(ccc1Cc2c[nH]c3c2c(nc(n3)N)O)C(=O)N[C@@H](CCC(=O)O)C(=O)O
2XB,TYMS,6ojv,601,D,14,C,2268,CAW,126.033,-21.588,290.707,2XB,c1cc(ccc1Cc2c[nH]c3c2c(nc(n3)N)O)C(=O)N[C@@H](CCC(=O)O)C(=O)O
2XB,TYMS,6ojv,601,D,5,C,2261,CAX,128.446,-17.168,293.663,2XB,c1cc(ccc1Cc2c[nH]c3c2c(nc(n3)N)O)C(=O)N[C@@H](CCC(=O)O)C(=O)O
2XB,TYMS,6ojv,601,D,2,C,2256,CAY,129.704,-17.94,296.086,2XB,c1cc(ccc1Cc2c[nH]c3c2c(nc(n3)N)O)C(=O)N[C@@H](CCC(=O)O)C(=O)O
2XB,TYMS,6ojv,601,D,7,C,2263,CAZ,127.852,-17.927,291.363,2XB,c1cc(ccc1Cc2c[nH]c3c2c(nc(n3)N)O)C(=O)N[C@@H](CCC(=O)O)C(=O)O
2XB,TYMS,6ojv,601,D,12,C,2265,CBA,126.015,-19.706,292.222,2XB,c1cc(ccc1Cc2c[nH]c3c2c(nc(n3)N)O)C(=O)N[C@@H](CCC(=O)O)C(=O)O
2XB,TYMS,6ojv,601,D,10,C,2271,CBB,127.468,-19.888,290.285,2XB,c1cc(ccc1Cc2c[nH]c3c2c(nc(n3)N)O)C(=O)N[C@@H](CCC(=O)O)C(=O)O
2XB,TYMS,6ojv,601,D,11,C,2264,CBC,127.077,-19.137,291.364,2XB,c1cc(ccc1Cc2c[nH]c3c2c(nc(n3)N)O)C(=O)N[C@@H](CCC(=O)O)C(=O)O
2XB,TYMS,6ojv,601,D,21,C,2249,CT1,130.377,-18.105,299.871,2XB,c1cc(ccc1Cc2c[nH]c3c2c(nc(n3)N)O)C(=O)N[C@@H](CCC(=O)O)C(=O)O
2XB,TYMS,6ojv,601,D,22,C,2248,CT2,131.875,-17.759,300.101,2XB,c1cc(ccc1Cc2c[nH]c3c2c(nc(n3)N)O)C(=O)N[C@@H](CCC(=O)O)C(=O)O
2XB,TYMS,6ojv,601,D,23,C,2247,CT3,132.849,-18.959,300.074,2XB,c1cc(ccc1Cc2c[nH]c3c2c(nc(n3)N)O)C(=O)N[C@@H](CCC(=O)O)C(=O)O
2XB,TYMS,6ojv,601,D,24,C,2245,CT4,134.081,-18.736,299.193,2XB,c1cc(ccc1Cc2c[nH]c3c2c(nc(n3)N)O)C(=O)N[C@@H](CCC(=O)O)C(=O)O
2XB,TYMS,6ojv,601,D,27,C,2250,CT5,129.388,-17.535,300.898,2XB,c1cc(ccc1Cc2c[nH]c3c2c(nc(n3)N)O)C(=O)N[C@@H](CCC(=O)O)C(=O)O
2XB,TYMS,6ojv,601,D,16,N,2269,NAA,125.396,-22.799,290.53,2XB,c1cc(ccc1Cc2c[nH]c3c2c(nc(n3)N)O)C(=O)N[C@@H](CCC(=O)O)C(=O)O
2XB,TYMS,6ojv,601,D,15,N,2270,NAP,126.966,-21.128,289.918,2XB,c1cc(ccc1Cc2c[nH]c3c2c(nc(n3)N)O)C(=O)N[C@@H](CCC(=O)O)C(=O)O
2XB,TYMS,6ojv,601,D,9,N,2272,NAR,128.451,-19.199,289.618,2XB,c1cc(ccc1Cc2c[nH]c3c2c(nc(n3)N)O)C(=O)N[C@@H](CCC(=O)O)C(=O)O
2XB,TYMS,6ojv,601,D,13,N,2267,NAS,125.551,-20.912,291.839,2XB,c1cc(ccc1Cc2c[nH]c3c2c(nc(n3)N)O)C(=O)N[C@@H](CCC(=O)O)C(=O)O
2XB,TYMS,6ojv,601,D,20,N,2253,NT1,129.911,-17.847,298.502,2XB,c1cc(ccc1Cc2c[nH]c3c2c(nc(n3)N)O)C(=O)N[C@@H](CCC(=O)O)C(=O)O
2XB,TYMS,6ojv,601,D,19,O,2255,OAD,131.306,-19.183,297.307,2XB,c1cc(ccc1Cc2c[nH]c3c2c(nc(n3)N)O)C(=O)N[C@@H](CCC(=O)O)C(=O)O
2XB,TYMS,6ojv,601,D,17,O,2266,OAE,125.581,-19.129,293.217,2XB,c1cc(ccc1Cc2c[nH]c3c2c(nc(n3)N)O)C(=O)N[C@@H](CCC(=O)O)C(=O)O
2XB,TYMS,6ojv,601,D,25,O,2244,OE1,134.105,-18.886,297.973,2XB,c1cc(ccc1Cc2c[nH]c3c2c(nc(n3)N)O)C(=O)N[C@@H](CCC(=O)O)C(=O)O
2XB,TYMS,6ojv,601,D,26,O,2246,OE2,135.162,-18.346,299.926,2XB,c1cc(ccc1Cc2c[nH]c3c2c(nc(n3)N)O)C(=O)N[C@@H](CCC(=O)O)C(=O)O
2XB,TYMS,6ojv,601,D,28,O,2251,OT1,128.611,-18.424,301.58,2XB,c1cc(ccc1Cc2c[nH]c3c2c(nc(n3)N)O)C(=O)N[C@@H](CCC(=O)O)C(=O)O
2XB,TYMS,6ojv,601,D,29,O,2252,OXT,129.293,-16.324,301.103,2XB,c1cc(ccc1Cc2c[nH]c3c2c(nc(n3)N)O)C(=O)N[C@@H](CCC(=O)O)C(=O)O
7Z9,TYMS,5x67,402,A,0,C,2323,C1,34.565,10.898,14.486,7Z9,Cc1ccc2c(c1Sc3ccncc3)C(=O)NC(=N2)N
7Z9,TYMS,5x67,402,A,14,C,2321,C11,37.297,12.617,10.616,7Z9,Cc1ccc2c(c1Sc3ccncc3)C(=O)NC(=N2)N
7Z9,TYMS,5x67,402,A,8,C,2317,C15,34.985,9.583,10.993,7Z9,Cc1ccc2c(c1Sc3ccncc3)C(=O)NC(=N2)N
7Z9,TYMS,5x67,402,A,9,C,2322,C16,36.206,8.974,11.331,7Z9,Cc1ccc2c(c1Sc3ccncc3)C(=O)NC(=N2)N
7Z9,TYMS,5x67,402,A,10,C,2318,C17,36.471,7.71,10.861,7Z9,Cc1ccc2c(c1Sc3ccncc3)C(=O)NC(=N2)N
7Z9,TYMS,5x67,402,A,12,C,2320,C19,34.399,7.645,9.772,7Z9,Cc1ccc2c(c1Sc3ccncc3)C(=O)NC(=N2)N
7Z9,TYMS,5x67,402,A,1,C,2324,C2,35.821,11.538,14.021,7Z9,Cc1ccc2c(c1Sc3ccncc3)C(=O)NC(=N2)N
7Z9,TYMS,5x67,402,A,13,C,2319,C20,34.088,8.907,10.182,7Z9,Cc1ccc2c(c1Sc3ccncc3)C(=O)NC(=N2)N
7Z9,TYMS,5x67,402,A,6,C,2325,C3,35.925,11.777,12.644,7Z9,Cc1ccc2c(c1Sc3ccncc3)C(=O)NC(=N2)N
7Z9,TYMS,5x67,402,A,5,C,2326,C4,37.123,12.345,12.108,7Z9,Cc1ccc2c(c1Sc3ccncc3)C(=O)NC(=N2)N
7Z9,TYMS,5x67,402,A,4,C,2327,C5,38.11,12.719,12.946,7Z9,Cc1ccc2c(c1Sc3ccncc3)C(=O)NC(=N2)N
7Z9,TYMS,5x67,402,A,3,C,2328,C6,38.015,12.513,14.364,7Z9,Cc1ccc2c(c1Sc3ccncc3)C(=O)NC(=N2)N
7Z9,TYMS,5x67,402,A,2,C,2329,C7,36.843,11.927,14.882,7Z9,Cc1ccc2c(c1Sc3ccncc3)C(=O)NC(=N2)N
7Z9,TYMS,5x67,402,A,17,C,2331,C9,39.466,13.538,11.076,7Z9,Cc1ccc2c(c1Sc3ccncc3)C(=O)NC(=N2)N
7Z9,TYMS,5x67,402,A,16,N,2332,N10,38.452,13.112,10.155,7Z9,Cc1ccc2c(c1Sc3ccncc3)C(=O)NC(=N2)N
7Z9,TYMS,5x67,402,A,19,N,2334,N13,40.619,14.133,10.522,7Z9,Cc1ccc2c(c1Sc3ccncc3)C(=O)NC(=N2)N
7Z9,TYMS,5x67,402,A,11,N,2336,N18,35.575,7.062,10.098,7Z9,Cc1ccc2c(c1Sc3ccncc3)C(=O)NC(=N2)N
7Z9,TYMS,5x67,402,A,18,N,2330,N8,39.298,13.298,12.43,7Z9,Cc1ccc2c(c1Sc3ccncc3)C(=O)NC(=N2)N
7Z9,TYMS,5x67,402,A,15,O,2333,O12,36.469,12.361,9.79,7Z9,Cc1ccc2c(c1Sc3ccncc3)C(=O)NC(=N2)N
7Z9,TYMS,5x67,402,A,7,S,2335,S14,34.56,11.188,11.612,7Z9,Cc1ccc2c(c1Sc3ccncc3)C(=O)NC(=N2)N
7Z9,TYMS,5x67,402,B,0,C,2331,C1,15.465,43.097,14.105,7Z9,Cc1ccc2c(c1Sc3ccncc3)C(=O)NC(=N2)N
7Z9,TYMS,5x67,402,B,14,C,2329,C11,12.098,40.913,11.008,7Z9,Cc1ccc2c(c1Sc3ccncc3)C(=O)NC(=N2)N
7Z9,TYMS,5x67,402,B,8,C,2325,C15,14.375,44.015,10.625,7Z9,Cc1ccc2c(c1Sc3ccncc3)C(=O)NC(=N2)N
7Z9,TYMS,5x67,402,B,9,C,2330,C16,13.216,44.683,11.194,7Z9,Cc1ccc2c(c1Sc3ccncc3)C(=O)NC(=N2)N
7Z9,TYMS,5x67,402,B,10,C,2326,C17,12.832,45.856,10.629,7Z9,Cc1ccc2c(c1Sc3ccncc3)C(=O)NC(=N2)N
7Z9,TYMS,5x67,402,B,12,C,2328,C19,14.548,45.769,9.048,7Z9,Cc1ccc2c(c1Sc3ccncc3)C(=O)NC(=N2)N
7Z9,TYMS,5x67,402,B,1,C,2332,C2,14.148,42.374,13.896,7Z9,Cc1ccc2c(c1Sc3ccncc3)C(=O)NC(=N2)N
7Z9,TYMS,5x67,402,B,13,C,2327,C20,15.047,44.597,9.56,7Z9,Cc1ccc2c(c1Sc3ccncc3)C(=O)NC(=N2)N
7Z9,TYMS,5x67,402,B,6,C,2333,C3,13.815,41.993,12.598,7Z9,Cc1ccc2c(c1Sc3ccncc3)C(=O)NC(=N2)N
7Z9,TYMS,5x67,402,B,5,C,2334,C4,12.55,41.348,12.393,7Z9,Cc1ccc2c(c1Sc3ccncc3)C(=O)NC(=N2)N
7Z9,TYMS,5x67,402,B,4,C,2335,C5,11.739,41.116,13.431,7Z9,Cc1ccc2c(c1Sc3ccncc3)C(=O)NC(=N2)N
7Z9,TYMS,5x67,402,B,3,C,2336,C6,12.129,41.45,14.776,7Z9,Cc1ccc2c(c1Sc3ccncc3)C(=O)NC(=N2)N
7Z9,TYMS,5x67,402,B,2,C,2337,C7,13.331,42.077,14.965,7Z9,Cc1ccc2c(c1Sc3ccncc3)C(=O)NC(=N2)N
7Z9,TYMS,5x67,402,B,17,C,2339,C9,10.093,40.108,11.957,7Z9,Cc1ccc2c(c1Sc3ccncc3)C(=O)NC(=N2)N
7Z9,TYMS,5x67,402,B,16,N,2340,N10,10.91,40.35,10.841,7Z9,Cc1ccc2c(c1Sc3ccncc3)C(=O)NC(=N2)N
7Z9,TYMS,5x67,402,B,19,N,2342,N13,8.901,39.496,11.697,7Z9,Cc1ccc2c(c1Sc3ccncc3)C(=O)NC(=N2)N
7Z9,TYMS,5x67,402,B,11,N,2344,N18,13.51,46.379,9.6,7Z9,Cc1ccc2c(c1Sc3ccncc3)C(=O)NC(=N2)N
7Z9,TYMS,5x67,402,B,18,N,2338,N8,10.494,40.442,13.254,7Z9,Cc1ccc2c(c1Sc3ccncc3)C(=O)NC(=N2)N
7Z9,TYMS,5x67,402,B,15,O,2341,O12,12.752,41.083,10.042,7Z9,Cc1ccc2c(c1Sc3ccncc3)C(=O)NC(=N2)N
7Z9,TYMS,5x67,402,B,7,S,2343,S14,14.971,42.442,11.293,7Z9,Cc1ccc2c(c1Sc3ccncc3)C(=O)NC(=N2)N
7ZC,TYMS,5x69,401,A,14,C,2299,C1,-28.162,25.027,-29.87,7ZC,CN(C)Cc1c[nH]c2c1cc(cc2)OC
7ZC,TYMS,5x69,401,A,3,C,2308,C10,-29.106,28.469,-35.582,7ZC,CN(C)Cc1c[nH]c2c1cc(cc2)OC
7ZC,TYMS,5x69,401,A,0,C,2310,C12,-31.146,29.25,-34.501,7ZC,CN(C)Cc1c[nH]c2c1cc(cc2)OC
7ZC,TYMS,5x69,401,A,2,C,2311,C13,-29.081,29.812,-33.553,7ZC,CN(C)Cc1c[nH]c2c1cc(cc2)OC
7ZC,TYMS,5x69,401,A,8,C,2312,C14,-27.5,26.713,-34.255,7ZC,CN(C)Cc1c[nH]c2c1cc(cc2)OC
7ZC,TYMS,5x69,401,A,9,C,2313,C15,-27.789,26.792,-32.818,7ZC,CN(C)Cc1c[nH]c2c1cc(cc2)OC
7ZC,TYMS,5x69,401,A,10,C,2301,C3,-27.106,25.979,-31.882,7ZC,CN(C)Cc1c[nH]c2c1cc(cc2)OC
7ZC,TYMS,5x69,401,A,11,C,2302,C4,-26.111,25.082,-32.366,7ZC,CN(C)Cc1c[nH]c2c1cc(cc2)OC
7ZC,TYMS,5x69,401,A,12,C,2303,C5,-25.808,24.982,-33.776,7ZC,CN(C)Cc1c[nH]c2c1cc(cc2)OC
7ZC,TYMS,5x69,401,A,7,C,2304,C6,-26.532,25.82,-34.705,7ZC,CN(C)Cc1c[nH]c2c1cc(cc2)OC
7ZC,TYMS,5x69,401,A,5,C,2306,C8,-27.323,26.863,-36.538,7ZC,CN(C)Cc1c[nH]c2c1cc(cc2)OC
7ZC,TYMS,5x69,401,A,4,C,2307,C9,-28.02,27.392,-35.438,7ZC,CN(C)Cc1c[nH]c2c1cc(cc2)OC
7ZC,TYMS,5x69,401,A,1,N,2309,N11,-29.801,28.816,-34.346,7ZC,CN(C)Cc1c[nH]c2c1cc(cc2)OC
7ZC,TYMS,5x69,401,A,6,N,2305,N7,-26.447,25.944,-36.103,7ZC,CN(C)Cc1c[nH]c2c1cc(cc2)OC
7ZC,TYMS,5x69,401,A,13,O,2300,O2,-27.447,26.09,-30.491,7ZC,CN(C)Cc1c[nH]c2c1cc(cc2)OC
7ZC,TYMS,5x69,401,E,14,C,2215,C1,-27.201,-27.343,-53.649,7ZC,CN(C)Cc1c[nH]c2c1cc(cc2)OC
7ZC,TYMS,5x69,401,E,3,C,2224,C10,-28.229,-28.466,-60.289,7ZC,CN(C)Cc1c[nH]c2c1cc(cc2)OC
7ZC,TYMS,5x69,401,E,0,C,2226,C12,-29.577,-29.059,-58.251,7ZC,CN(C)Cc1c[nH]c2c1cc(cc2)OC
7ZC,TYMS,5x69,401,E,2,C,2227,C13,-29.493,-30.505,-60.047,7ZC,CN(C)Cc1c[nH]c2c1cc(cc2)OC
7ZC,TYMS,5x69,401,E,8,C,2228,C14,-26.654,-27.384,-58.381,7ZC,CN(C)Cc1c[nH]c2c1cc(cc2)OC
7ZC,TYMS,5x69,401,E,9,C,2229,C15,-26.965,-27.963,-57.071,7ZC,CN(C)Cc1c[nH]c2c1cc(cc2)OC
7ZC,TYMS,5x69,401,E,10,C,2217,C3,-26.292,-27.581,-55.897,7ZC,CN(C)Cc1c[nH]c2c1cc(cc2)OC
7ZC,TYMS,5x69,401,E,11,C,2218,C4,-25.285,-26.613,-56.008,7ZC,CN(C)Cc1c[nH]c2c1cc(cc2)OC
7ZC,TYMS,5x69,401,E,12,C,2219,C5,-24.961,-26.028,-57.282,7ZC,CN(C)Cc1c[nH]c2c1cc(cc2)OC
7ZC,TYMS,5x69,401,E,7,C,2220,C6,-25.655,-26.434,-58.474,7ZC,CN(C)Cc1c[nH]c2c1cc(cc2)OC
7ZC,TYMS,5x69,401,E,5,C,2222,C8,-26.414,-26.684,-60.563,7ZC,CN(C)Cc1c[nH]c2c1cc(cc2)OC
7ZC,TYMS,5x69,401,E,4,C,2223,C9,-27.147,-27.552,-59.735,7ZC,CN(C)Cc1c[nH]c2c1cc(cc2)OC
7ZC,TYMS,5x69,401,E,1,N,2225,N11,-28.761,-29.458,-59.349,7ZC,CN(C)Cc1c[nH]c2c1cc(cc2)OC
7ZC,TYMS,5x69,401,E,6,N,2221,N7,-25.525,-26.014,-59.815,7ZC,CN(C)Cc1c[nH]c2c1cc(cc2)OC
7ZC,TYMS,5x69,401,E,13,O,2216,O2,-26.636,-28.182,-54.646,7ZC,CN(C)Cc1c[nH]c2c1cc(cc2)OC
9MZ,TYMS,4e28,404,A,3,C,2125,C1,54.694,-17.284,15.079,9MZ,c1ccc(c(c1)/C=N/NC2=NC(=O)[C@@H](S2)CC(=O)Nc3cccc(c3)C(F)(F)F)O
9MZ,TYMS,4e28,404,A,9,C,2119,C11,49.059,-18.264,16.146,9MZ,c1ccc(c(c1)/C=N/NC2=NC(=O)[C@@H](S2)CC(=O)Nc3cccc(c3)C(F)(F)F)O
9MZ,TYMS,4e28,404,A,13,C,2115,C13,47.117,-18.616,14.659,9MZ,c1ccc(c(c1)/C=N/NC2=NC(=O)[C@@H](S2)CC(=O)Nc3cccc(c3)C(F)(F)F)O
9MZ,TYMS,4e28,404,A,11,C,2116,C14,47.564,-19.739,15.562,9MZ,c1ccc(c(c1)/C=N/NC2=NC(=O)[C@@H](S2)CC(=O)Nc3cccc(c3)C(F)(F)F)O
9MZ,TYMS,4e28,404,A,15,C,2114,C16,47.418,-18.874,13.187,9MZ,c1ccc(c(c1)/C=N/NC2=NC(=O)[C@@H](S2)CC(=O)Nc3cccc(c3)C(F)(F)F)O
9MZ,TYMS,4e28,404,A,16,C,2112,C17,46.361,-19.766,12.587,9MZ,c1ccc(c(c1)/C=N/NC2=NC(=O)[C@@H](S2)CC(=O)Nc3cccc(c3)C(F)(F)F)O
9MZ,TYMS,4e28,404,A,2,C,2097,C2,55.707,-17.401,14.14,9MZ,c1ccc(c(c1)/C=N/NC2=NC(=O)[C@@H](S2)CC(=O)Nc3cccc(c3)C(F)(F)F)O
9MZ,TYMS,4e28,404,A,19,C,2110,C21,45.299,-21.935,12.797,9MZ,c1ccc(c(c1)/C=N/NC2=NC(=O)[C@@H](S2)CC(=O)Nc3cccc(c3)C(F)(F)F)O
9MZ,TYMS,4e28,404,A,20,C,2109,C22,45.503,-23.24,13.236,9MZ,c1ccc(c(c1)/C=N/NC2=NC(=O)[C@@H](S2)CC(=O)Nc3cccc(c3)C(F)(F)F)O
9MZ,TYMS,4e28,404,A,21,C,2108,C23,44.612,-24.244,12.883,9MZ,c1ccc(c(c1)/C=N/NC2=NC(=O)[C@@H](S2)CC(=O)Nc3cccc(c3)C(F)(F)F)O
9MZ,TYMS,4e28,404,A,22,C,2107,C24,43.511,-23.944,12.089,9MZ,c1ccc(c(c1)/C=N/NC2=NC(=O)[C@@H](S2)CC(=O)Nc3cccc(c3)C(F)(F)F)O
9MZ,TYMS,4e28,404,A,23,C,2105,C25,43.297,-22.638,11.66,9MZ,c1ccc(c(c1)/C=N/NC2=NC(=O)[C@@H](S2)CC(=O)Nc3cccc(c3)C(F)(F)F)O
9MZ,TYMS,4e28,404,A,24,C,2106,C26,44.192,-21.634,12.01,9MZ,c1ccc(c(c1)/C=N/NC2=NC(=O)[C@@H](S2)CC(=O)Nc3cccc(c3)C(F)(F)F)O
9MZ,TYMS,4e28,404,A,25,C,2102,C27,42.11,-22.316,10.8,9MZ,c1ccc(c(c1)/C=N/NC2=NC(=O)[C@@H](S2)CC(=O)Nc3cccc(c3)C(F)(F)F)O
9MZ,TYMS,4e28,404,A,1,C,2124,C3,55.445,-17.98,12.91,9MZ,c1ccc(c(c1)/C=N/NC2=NC(=O)[C@@H](S2)CC(=O)Nc3cccc(c3)C(F)(F)F)O
9MZ,TYMS,4e28,404,A,0,C,2098,C4,54.174,-18.441,12.614,9MZ,c1ccc(c(c1)/C=N/NC2=NC(=O)[C@@H](S2)CC(=O)Nc3cccc(c3)C(F)(F)F)O
9MZ,TYMS,4e28,404,A,5,C,2099,C5,53.161,-18.327,13.55,9MZ,c1ccc(c(c1)/C=N/NC2=NC(=O)[C@@H](S2)CC(=O)Nc3cccc(c3)C(F)(F)F)O
9MZ,TYMS,4e28,404,A,4,C,2100,C6,53.427,-17.748,14.778,9MZ,c1ccc(c(c1)/C=N/NC2=NC(=O)[C@@H](S2)CC(=O)Nc3cccc(c3)C(F)(F)F)O
9MZ,TYMS,4e28,404,A,6,C,2123,C8,52.355,-17.623,15.785,9MZ,c1ccc(c(c1)/C=N/NC2=NC(=O)[C@@H](S2)CC(=O)Nc3cccc(c3)C(F)(F)F)O
9MZ,TYMS,4e28,404,A,26,F,2101,F28,42.095,-21.023,10.537,9MZ,c1ccc(c(c1)/C=N/NC2=NC(=O)[C@@H](S2)CC(=O)Nc3cccc(c3)C(F)(F)F)O
9MZ,TYMS,4e28,404,A,27,F,2104,F29,41.002,-22.626,11.45,9MZ,c1ccc(c(c1)/C=N/NC2=NC(=O)[C@@H](S2)CC(=O)Nc3cccc(c3)C(F)(F)F)O
9MZ,TYMS,4e28,404,A,28,F,2103,F30,42.182,-22.992,9.666,9MZ,c1ccc(c(c1)/C=N/NC2=NC(=O)[C@@H](S2)CC(=O)Nc3cccc(c3)C(F)(F)F)O
9MZ,TYMS,4e28,404,A,8,N,2121,N10,50.285,-17.928,16.501,9MZ,c1ccc(c(c1)/C=N/NC2=NC(=O)[C@@H](S2)CC(=O)Nc3cccc(c3)C(F)(F)F)O
9MZ,TYMS,4e28,404,A,10,N,2118,N15,48.56,-19.395,16.388,9MZ,c1ccc(c(c1)/C=N/NC2=NC(=O)[C@@H](S2)CC(=O)Nc3cccc(c3)C(F)(F)F)O
9MZ,TYMS,4e28,404,A,18,N,2111,N18,46.22,-20.95,13.183,9MZ,c1ccc(c(c1)/C=N/NC2=NC(=O)[C@@H](S2)CC(=O)Nc3cccc(c3)C(F)(F)F)O
9MZ,TYMS,4e28,404,A,7,N,2122,N9,51.204,-18.058,15.567,9MZ,c1ccc(c(c1)/C=N/NC2=NC(=O)[C@@H](S2)CC(=O)Nc3cccc(c3)C(F)(F)F)O
9MZ,TYMS,4e28,404,A,29,O,2126,O1,54.949,-16.722,16.297,9MZ,c1ccc(c(c1)/C=N/NC2=NC(=O)[C@@H](S2)CC(=O)Nc3cccc(c3)C(F)(F)F)O
9MZ,TYMS,4e28,404,A,17,O,2113,O19,45.721,-19.379,11.624,9MZ,c1ccc(c(c1)/C=N/NC2=NC(=O)[C@@H](S2)CC(=O)Nc3cccc(c3)C(F)(F)F)O
9MZ,TYMS,4e28,404,A,12,O,2117,O20,47.06,-20.849,15.538,9MZ,c1ccc(c(c1)/C=N/NC2=NC(=O)[C@@H](S2)CC(=O)Nc3cccc(c3)C(F)(F)F)O
9MZ,TYMS,4e28,404,A,14,S,2120,S12,48.101,-17.279,15.224,9MZ,c1ccc(c(c1)/C=N/NC2=NC(=O)[C@@H](S2)CC(=O)Nc3cccc(c3)C(F)(F)F)O
D16,TYMS,5x5q,402,A,20,C,2331,C,46.492,40.032,23.354,D16,CC1=NC(=O)c2cc(ccc2N1)CN(C)c3ccc(s3)C(=O)N[C@@H](CCC(=O)O)C(=O)O
D16,TYMS,5x5q,402,A,18,C,2326,C11,45.339,39.868,24.302,D16,CC1=NC(=O)c2cc(ccc2N1)CN(C)c3ccc(s3)C(=O)N[C@@H](CCC(=O)O)C(=O)O
D16,TYMS,5x5q,402,A,15,C,2328,C14,43.48,39.023,25.804,D16,CC1=NC(=O)c2cc(ccc2N1)CN(C)c3ccc(s3)C(=O)N[C@@H](CCC(=O)O)C(=O)O
D16,TYMS,5x5q,402,A,16,C,2329,C15,43.827,40.322,26.0,D16,CC1=NC(=O)c2cc(ccc2N1)CN(C)c3ccc(s3)C(=O)N[C@@H](CCC(=O)O)C(=O)O
D16,TYMS,5x5q,402,A,17,C,2330,C16,44.842,40.756,25.193,D16,CC1=NC(=O)c2cc(ccc2N1)CN(C)c3ccc(s3)C(=O)N[C@@H](CCC(=O)O)C(=O)O
D16,TYMS,5x5q,402,A,1,C,2313,C2,38.395,43.91,24.843,D16,CC1=NC(=O)c2cc(ccc2N1)CN(C)c3ccc(s3)C(=O)N[C@@H](CCC(=O)O)C(=O)O
D16,TYMS,5x5q,402,A,3,C,2316,C4,39.177,43.109,26.912,D16,CC1=NC(=O)c2cc(ccc2N1)CN(C)c3ccc(s3)C(=O)N[C@@H](CCC(=O)O)C(=O)O
D16,TYMS,5x5q,402,A,5,C,2318,C4A,39.699,41.932,26.246,D16,CC1=NC(=O)c2cc(ccc2N1)CN(C)c3ccc(s3)C(=O)N[C@@H](CCC(=O)O)C(=O)O
D16,TYMS,5x5q,402,A,6,C,2319,C5,40.343,41.003,27.033,D16,CC1=NC(=O)c2cc(ccc2N1)CN(C)c3ccc(s3)C(=O)N[C@@H](CCC(=O)O)C(=O)O
D16,TYMS,5x5q,402,A,7,C,2320,C6,40.847,39.914,26.444,D16,CC1=NC(=O)c2cc(ccc2N1)CN(C)c3ccc(s3)C(=O)N[C@@H](CCC(=O)O)C(=O)O
D16,TYMS,5x5q,402,A,8,C,2321,C7,40.713,39.729,25.087,D16,CC1=NC(=O)c2cc(ccc2N1)CN(C)c3ccc(s3)C(=O)N[C@@H](CCC(=O)O)C(=O)O
D16,TYMS,5x5q,402,A,9,C,2322,C8,40.082,40.663,24.296,D16,CC1=NC(=O)c2cc(ccc2N1)CN(C)c3ccc(s3)C(=O)N[C@@H](CCC(=O)O)C(=O)O
D16,TYMS,5x5q,402,A,10,C,2323,C8A,39.566,41.78,24.91,D16,CC1=NC(=O)c2cc(ccc2N1)CN(C)c3ccc(s3)C(=O)N[C@@H](CCC(=O)O)C(=O)O
D16,TYMS,5x5q,402,A,12,C,2324,C9,41.545,38.928,27.326,D16,CC1=NC(=O)c2cc(ccc2N1)CN(C)c3ccc(s3)C(=O)N[C@@H](CCC(=O)O)C(=O)O
D16,TYMS,5x5q,402,A,23,C,2334,CA,48.687,41.167,23.021,D16,CC1=NC(=O)c2cc(ccc2N1)CN(C)c3ccc(s3)C(=O)N[C@@H](CCC(=O)O)C(=O)O
D16,TYMS,5x5q,402,A,24,C,2335,CB,48.441,42.205,21.99,D16,CC1=NC(=O)c2cc(ccc2N1)CN(C)c3ccc(s3)C(=O)N[C@@H](CCC(=O)O)C(=O)O
D16,TYMS,5x5q,402,A,26,C,2337,CD,47.898,42.566,19.629,D16,CC1=NC(=O)c2cc(ccc2N1)CN(C)c3ccc(s3)C(=O)N[C@@H](CCC(=O)O)C(=O)O
D16,TYMS,5x5q,402,A,25,C,2336,CG,48.583,41.635,20.585,D16,CC1=NC(=O)c2cc(ccc2N1)CN(C)c3ccc(s3)C(=O)N[C@@H](CCC(=O)O)C(=O)O
D16,TYMS,5x5q,402,A,0,C,2314,CM2,37.688,45.011,24.193,D16,CC1=NC(=O)c2cc(ccc2N1)CN(C)c3ccc(s3)C(=O)N[C@@H](CCC(=O)O)C(=O)O
D16,TYMS,5x5q,402,A,14,C,2343,CP1,42.492,36.866,26.413,D16,CC1=NC(=O)c2cc(ccc2N1)CN(C)c3ccc(s3)C(=O)N[C@@H](CCC(=O)O)C(=O)O
D16,TYMS,5x5q,402,A,29,C,2340,CT,49.724,41.658,23.954,D16,CC1=NC(=O)c2cc(ccc2N1)CN(C)c3ccc(s3)C(=O)N[C@@H](CCC(=O)O)C(=O)O
D16,TYMS,5x5q,402,A,22,N,2333,N,47.487,40.954,23.762,D16,CC1=NC(=O)c2cc(ccc2N1)CN(C)c3ccc(s3)C(=O)N[C@@H](CCC(=O)O)C(=O)O
D16,TYMS,5x5q,402,A,11,N,2312,N1,38.886,42.778,24.139,D16,CC1=NC(=O)c2cc(ccc2N1)CN(C)c3ccc(s3)C(=O)N[C@@H](CCC(=O)O)C(=O)O
D16,TYMS,5x5q,402,A,13,N,2325,N10,42.493,38.272,26.499,D16,CC1=NC(=O)c2cc(ccc2N1)CN(C)c3ccc(s3)C(=O)N[C@@H](CCC(=O)O)C(=O)O
D16,TYMS,5x5q,402,A,2,N,2315,N3,38.531,44.066,26.208,D16,CC1=NC(=O)c2cc(ccc2N1)CN(C)c3ccc(s3)C(=O)N[C@@H](CCC(=O)O)C(=O)O
D16,TYMS,5x5q,402,A,21,O,2332,O,46.652,39.384,22.379,D16,CC1=NC(=O)c2cc(ccc2N1)CN(C)c3ccc(s3)C(=O)N[C@@H](CCC(=O)O)C(=O)O
D16,TYMS,5x5q,402,A,30,O,2341,O1,49.725,41.406,25.175,D16,CC1=NC(=O)c2cc(ccc2N1)CN(C)c3ccc(s3)C(=O)N[C@@H](CCC(=O)O)C(=O)O
D16,TYMS,5x5q,402,A,31,O,2342,O2,50.647,42.357,23.523,D16,CC1=NC(=O)c2cc(ccc2N1)CN(C)c3ccc(s3)C(=O)N[C@@H](CCC(=O)O)C(=O)O
D16,TYMS,5x5q,402,A,4,O,2317,O4,39.301,43.238,28.08,D16,CC1=NC(=O)c2cc(ccc2N1)CN(C)c3ccc(s3)C(=O)N[C@@H](CCC(=O)O)C(=O)O
D16,TYMS,5x5q,402,A,27,O,2338,OE1,47.735,43.778,19.923,D16,CC1=NC(=O)c2cc(ccc2N1)CN(C)c3ccc(s3)C(=O)N[C@@H](CCC(=O)O)C(=O)O
D16,TYMS,5x5q,402,A,28,O,2339,OE2,47.478,42.111,18.537,D16,CC1=NC(=O)c2cc(ccc2N1)CN(C)c3ccc(s3)C(=O)N[C@@H](CCC(=O)O)C(=O)O
D16,TYMS,5x5q,402,A,19,S,2327,S13,44.473,38.474,24.576,D16,CC1=NC(=O)c2cc(ccc2N1)CN(C)c3ccc(s3)C(=O)N[C@@H](CCC(=O)O)C(=O)O
D16,TYMS,5x5q,402,B,20,C,2327,C,67.918,46.556,-0.514,D16,CC1=NC(=O)c2cc(ccc2N1)CN(C)c3ccc(s3)C(=O)N[C@@H](CCC(=O)O)C(=O)O
D16,TYMS,5x5q,402,B,18,C,2322,C11,68.029,45.436,0.478,D16,CC1=NC(=O)c2cc(ccc2N1)CN(C)c3ccc(s3)C(=O)N[C@@H](CCC(=O)O)C(=O)O
D16,TYMS,5x5q,402,B,15,C,2324,C14,68.917,43.579,1.955,D16,CC1=NC(=O)c2cc(ccc2N1)CN(C)c3ccc(s3)C(=O)N[C@@H](CCC(=O)O)C(=O)O
D16,TYMS,5x5q,402,B,16,C,2325,C15,67.619,43.934,2.195,D16,CC1=NC(=O)c2cc(ccc2N1)CN(C)c3ccc(s3)C(=O)N[C@@H](CCC(=O)O)C(=O)O
D16,TYMS,5x5q,402,B,17,C,2326,C16,67.152,44.957,1.399,D16,CC1=NC(=O)c2cc(ccc2N1)CN(C)c3ccc(s3)C(=O)N[C@@H](CCC(=O)O)C(=O)O
D16,TYMS,5x5q,402,B,1,C,2309,C2,64.104,38.498,0.831,D16,CC1=NC(=O)c2cc(ccc2N1)CN(C)c3ccc(s3)C(=O)N[C@@H](CCC(=O)O)C(=O)O
D16,TYMS,5x5q,402,B,3,C,2312,C4,64.902,39.171,2.93,D16,CC1=NC(=O)c2cc(ccc2N1)CN(C)c3ccc(s3)C(=O)N[C@@H](CCC(=O)O)C(=O)O
D16,TYMS,5x5q,402,B,5,C,2314,C4A,66.056,39.763,2.274,D16,CC1=NC(=O)c2cc(ccc2N1)CN(C)c3ccc(s3)C(=O)N[C@@H](CCC(=O)O)C(=O)O
D16,TYMS,5x5q,402,B,6,C,2315,C5,66.979,40.385,3.093,D16,CC1=NC(=O)c2cc(ccc2N1)CN(C)c3ccc(s3)C(=O)N[C@@H](CCC(=O)O)C(=O)O
D16,TYMS,5x5q,402,B,7,C,2316,C6,68.06,40.944,2.509,D16,CC1=NC(=O)c2cc(ccc2N1)CN(C)c3ccc(s3)C(=O)N[C@@H](CCC(=O)O)C(=O)O
D16,TYMS,5x5q,402,B,8,C,2317,C7,68.222,40.884,1.136,D16,CC1=NC(=O)c2cc(ccc2N1)CN(C)c3ccc(s3)C(=O)N[C@@H](CCC(=O)O)C(=O)O
D16,TYMS,5x5q,402,B,9,C,2318,C8,67.296,40.274,0.319,D16,CC1=NC(=O)c2cc(ccc2N1)CN(C)c3ccc(s3)C(=O)N[C@@H](CCC(=O)O)C(=O)O
D16,TYMS,5x5q,402,B,10,C,2319,C8A,66.199,39.705,0.925,D16,CC1=NC(=O)c2cc(ccc2N1)CN(C)c3ccc(s3)C(=O)N[C@@H](CCC(=O)O)C(=O)O
D16,TYMS,5x5q,402,B,12,C,2320,C9,69.059,41.607,3.409,D16,CC1=NC(=O)c2cc(ccc2N1)CN(C)c3ccc(s3)C(=O)N[C@@H](CCC(=O)O)C(=O)O
D16,TYMS,5x5q,402,B,23,C,2330,CA,66.925,48.569,-1.488,D16,CC1=NC(=O)c2cc(ccc2N1)CN(C)c3ccc(s3)C(=O)N[C@@H](CCC(=O)O)C(=O)O
D16,TYMS,5x5q,402,B,24,C,2331,CB,66.254,48.23,-2.788,D16,CC1=NC(=O)c2cc(ccc2N1)CN(C)c3ccc(s3)C(=O)N[C@@H](CCC(=O)O)C(=O)O
D16,TYMS,5x5q,402,B,26,C,2333,CD,64.059,47.732,-3.921,D16,CC1=NC(=O)c2cc(ccc2N1)CN(C)c3ccc(s3)C(=O)N[C@@H](CCC(=O)O)C(=O)O
D16,TYMS,5x5q,402,B,25,C,2332,CG,64.773,47.898,-2.61,D16,CC1=NC(=O)c2cc(ccc2N1)CN(C)c3ccc(s3)C(=O)N[C@@H](CCC(=O)O)C(=O)O
D16,TYMS,5x5q,402,B,0,C,2310,CM2,62.989,37.807,0.197,D16,CC1=NC(=O)c2cc(ccc2N1)CN(C)c3ccc(s3)C(=O)N[C@@H](CCC(=O)O)C(=O)O
D16,TYMS,5x5q,402,B,14,C,2339,CP1,71.102,42.57,2.45,D16,CC1=NC(=O)c2cc(ccc2N1)CN(C)c3ccc(s3)C(=O)N[C@@H](CCC(=O)O)C(=O)O
D16,TYMS,5x5q,402,B,29,C,2336,CT,66.386,49.8,-0.886,D16,CC1=NC(=O)c2cc(ccc2N1)CN(C)c3ccc(s3)C(=O)N[C@@H](CCC(=O)O)C(=O)O
D16,TYMS,5x5q,402,B,22,N,2329,N,66.848,47.507,-0.519,D16,CC1=NC(=O)c2cc(ccc2N1)CN(C)c3ccc(s3)C(=O)N[C@@H](CCC(=O)O)C(=O)O
D16,TYMS,5x5q,402,B,11,N,2308,N1,65.212,39.05,0.123,D16,CC1=NC(=O)c2cc(ccc2N1)CN(C)c3ccc(s3)C(=O)N[C@@H](CCC(=O)O)C(=O)O
D16,TYMS,5x5q,402,B,13,N,2321,N10,69.699,42.585,2.604,D16,CC1=NC(=O)c2cc(ccc2N1)CN(C)c3ccc(s3)C(=O)N[C@@H](CCC(=O)O)C(=O)O
D16,TYMS,5x5q,402,B,2,N,2311,N3,63.955,38.553,2.2,D16,CC1=NC(=O)c2cc(ccc2N1)CN(C)c3ccc(s3)C(=O)N[C@@H](CCC(=O)O)C(=O)O
D16,TYMS,5x5q,402,B,21,O,2328,O,68.83,46.683,-1.273,D16,CC1=NC(=O)c2cc(ccc2N1)CN(C)c3ccc(s3)C(=O)N[C@@H](CCC(=O)O)C(=O)O
D16,TYMS,5x5q,402,B,30,O,2337,O1,66.78,50.189,0.217,D16,CC1=NC(=O)c2cc(ccc2N1)CN(C)c3ccc(s3)C(=O)N[C@@H](CCC(=O)O)C(=O)O
D16,TYMS,5x5q,402,B,31,O,2338,O2,65.527,50.467,-1.471,D16,CC1=NC(=O)c2cc(ccc2N1)CN(C)c3ccc(s3)C(=O)N[C@@H](CCC(=O)O)C(=O)O
D16,TYMS,5x5q,402,B,4,O,2313,O4,64.781,39.215,4.105,D16,CC1=NC(=O)c2cc(ccc2N1)CN(C)c3ccc(s3)C(=O)N[C@@H](CCC(=O)O)C(=O)O
D16,TYMS,5x5q,402,B,27,O,2334,OE1,62.85,47.424,-3.921,D16,CC1=NC(=O)c2cc(ccc2N1)CN(C)c3ccc(s3)C(=O)N[C@@H](CCC(=O)O)C(=O)O
D16,TYMS,5x5q,402,B,28,O,2335,OE2,64.666,47.894,-5.006,D16,CC1=NC(=O)c2cc(ccc2N1)CN(C)c3ccc(s3)C(=O)N[C@@H](CCC(=O)O)C(=O)O
D16,TYMS,5x5q,402,B,19,S,2323,S13,69.439,44.556,0.707,D16,CC1=NC(=O)c2cc(ccc2N1)CN(C)c3ccc(s3)C(=O)N[C@@H](CCC(=O)O)C(=O)O
D16,TYMS,5x5q,402,C,20,C,2266,C,41.278,61.474,47.514,D16,CC1=NC(=O)c2cc(ccc2N1)CN(C)c3ccc(s3)C(=O)N[C@@H](CCC(=O)O)C(=O)O
D16,TYMS,5x5q,402,C,18,C,2261,C11,41.027,62.684,48.362,D16,CC1=NC(=O)c2cc(ccc2N1)CN(C)c3ccc(s3)C(=O)N[C@@H](CCC(=O)O)C(=O)O
D16,TYMS,5x5q,402,C,15,C,2263,C14,39.969,64.616,49.669,D16,CC1=NC(=O)c2cc(ccc2N1)CN(C)c3ccc(s3)C(=O)N[C@@H](CCC(=O)O)C(=O)O
D16,TYMS,5x5q,402,C,16,C,2264,C15,41.281,64.332,50.005,D16,CC1=NC(=O)c2cc(ccc2N1)CN(C)c3ccc(s3)C(=O)N[C@@H](CCC(=O)O)C(=O)O
D16,TYMS,5x5q,402,C,17,C,2265,C16,41.829,63.265,49.302,D16,CC1=NC(=O)c2cc(ccc2N1)CN(C)c3ccc(s3)C(=O)N[C@@H](CCC(=O)O)C(=O)O
D16,TYMS,5x5q,402,C,1,C,2248,C2,45.04,69.525,48.232,D16,CC1=NC(=O)c2cc(ccc2N1)CN(C)c3ccc(s3)C(=O)N[C@@H](CCC(=O)O)C(=O)O
D16,TYMS,5x5q,402,C,3,C,2251,C4,44.252,68.785,50.46,D16,CC1=NC(=O)c2cc(ccc2N1)CN(C)c3ccc(s3)C(=O)N[C@@H](CCC(=O)O)C(=O)O
D16,TYMS,5x5q,402,C,5,C,2253,C4A,42.966,68.358,49.879,D16,CC1=NC(=O)c2cc(ccc2N1)CN(C)c3ccc(s3)C(=O)N[C@@H](CCC(=O)O)C(=O)O
D16,TYMS,5x5q,402,C,6,C,2254,C5,41.992,67.795,50.735,D16,CC1=NC(=O)c2cc(ccc2N1)CN(C)c3ccc(s3)C(=O)N[C@@H](CCC(=O)O)C(=O)O
D16,TYMS,5x5q,402,C,7,C,2255,C6,40.794,67.411,50.157,D16,CC1=NC(=O)c2cc(ccc2N1)CN(C)c3ccc(s3)C(=O)N[C@@H](CCC(=O)O)C(=O)O
D16,TYMS,5x5q,402,C,8,C,2256,C7,40.583,67.585,48.778,D16,CC1=NC(=O)c2cc(ccc2N1)CN(C)c3ccc(s3)C(=O)N[C@@H](CCC(=O)O)C(=O)O
D16,TYMS,5x5q,402,C,9,C,2257,C8,41.562,68.142,47.95,D16,CC1=NC(=O)c2cc(ccc2N1)CN(C)c3ccc(s3)C(=O)N[C@@H](CCC(=O)O)C(=O)O
D16,TYMS,5x5q,402,C,10,C,2258,C8A,42.775,68.536,48.507,D16,CC1=NC(=O)c2cc(ccc2N1)CN(C)c3ccc(s3)C(=O)N[C@@H](CCC(=O)O)C(=O)O
D16,TYMS,5x5q,402,C,12,C,2259,C9,39.71,66.761,51.002,D16,CC1=NC(=O)c2cc(ccc2N1)CN(C)c3ccc(s3)C(=O)N[C@@H](CCC(=O)O)C(=O)O
D16,TYMS,5x5q,402,C,23,C,2269,CA,42.336,59.091,47.581,D16,CC1=NC(=O)c2cc(ccc2N1)CN(C)c3ccc(s3)C(=O)N[C@@H](CCC(=O)O)C(=O)O
D16,TYMS,5x5q,402,C,24,C,2270,CB,43.522,59.03,46.619,D16,CC1=NC(=O)c2cc(ccc2N1)CN(C)c3ccc(s3)C(=O)N[C@@H](CCC(=O)O)C(=O)O
D16,TYMS,5x5q,402,C,26,C,2272,CD,42.199,59.699,44.419,D16,CC1=NC(=O)c2cc(ccc2N1)CN(C)c3ccc(s3)C(=O)N[C@@H](CCC(=O)O)C(=O)O
D16,TYMS,5x5q,402,C,25,C,2271,CG,43.427,59.865,45.306,D16,CC1=NC(=O)c2cc(ccc2N1)CN(C)c3ccc(s3)C(=O)N[C@@H](CCC(=O)O)C(=O)O
D16,TYMS,5x5q,402,C,0,C,2249,CM2,46.17,70.139,47.44,D16,CC1=NC(=O)c2cc(ccc2N1)CN(C)c3ccc(s3)C(=O)N[C@@H](CCC(=O)O)C(=O)O
D16,TYMS,5x5q,402,C,14,C,2278,CP1,37.722,65.596,49.982,D16,CC1=NC(=O)c2cc(ccc2N1)CN(C)c3ccc(s3)C(=O)N[C@@H](CCC(=O)O)C(=O)O
D16,TYMS,5x5q,402,C,29,C,2275,CT,42.433,58.082,48.73,D16,CC1=NC(=O)c2cc(ccc2N1)CN(C)c3ccc(s3)C(=O)N[C@@H](CCC(=O)O)C(=O)O
D16,TYMS,5x5q,402,C,22,N,2268,N,42.078,60.416,48.15,D16,CC1=NC(=O)c2cc(ccc2N1)CN(C)c3ccc(s3)C(=O)N[C@@H](CCC(=O)O)C(=O)O
D16,TYMS,5x5q,402,C,11,N,2247,N1,43.793,69.113,47.633,D16,CC1=NC(=O)c2cc(ccc2N1)CN(C)c3ccc(s3)C(=O)N[C@@H](CCC(=O)O)C(=O)O
D16,TYMS,5x5q,402,C,13,N,2260,N10,39.137,65.659,50.226,D16,CC1=NC(=O)c2cc(ccc2N1)CN(C)c3ccc(s3)C(=O)N[C@@H](CCC(=O)O)C(=O)O
D16,TYMS,5x5q,402,C,2,N,2250,N3,45.229,69.351,49.637,D16,CC1=NC(=O)c2cc(ccc2N1)CN(C)c3ccc(s3)C(=O)N[C@@H](CCC(=O)O)C(=O)O
D16,TYMS,5x5q,402,C,21,O,2267,O,40.725,61.399,46.443,D16,CC1=NC(=O)c2cc(ccc2N1)CN(C)c3ccc(s3)C(=O)N[C@@H](CCC(=O)O)C(=O)O
D16,TYMS,5x5q,402,C,30,O,2276,O1,42.794,56.899,48.538,D16,CC1=NC(=O)c2cc(ccc2N1)CN(C)c3ccc(s3)C(=O)N[C@@H](CCC(=O)O)C(=O)O
D16,TYMS,5x5q,402,C,31,O,2277,O2,42.122,58.346,49.933,D16,CC1=NC(=O)c2cc(ccc2N1)CN(C)c3ccc(s3)C(=O)N[C@@H](CCC(=O)O)C(=O)O
D16,TYMS,5x5q,402,C,4,O,2252,O4,44.416,68.631,51.642,D16,CC1=NC(=O)c2cc(ccc2N1)CN(C)c3ccc(s3)C(=O)N[C@@H](CCC(=O)O)C(=O)O
D16,TYMS,5x5q,402,C,27,O,2273,OE1,41.229,58.958,44.734,D16,CC1=NC(=O)c2cc(ccc2N1)CN(C)c3ccc(s3)C(=O)N[C@@H](CCC(=O)O)C(=O)O
D16,TYMS,5x5q,402,C,28,O,2274,OE2,42.133,60.34,43.331,D16,CC1=NC(=O)c2cc(ccc2N1)CN(C)c3ccc(s3)C(=O)N[C@@H](CCC(=O)O)C(=O)O
D16,TYMS,5x5q,402,C,19,S,2262,S13,39.518,63.487,48.449,D16,CC1=NC(=O)c2cc(ccc2N1)CN(C)c3ccc(s3)C(=O)N[C@@H](CCC(=O)O)C(=O)O
D16,TYMS,5x5q,402,D,20,C,2280,C,7.064,14.774,22.135,D16,CC1=NC(=O)c2cc(ccc2N1)CN(C)c3ccc(s3)C(=O)N[C@@H](CCC(=O)O)C(=O)O
D16,TYMS,5x5q,402,D,18,C,2275,C11,8.235,14.765,23.121,D16,CC1=NC(=O)c2cc(ccc2N1)CN(C)c3ccc(s3)C(=O)N[C@@H](CCC(=O)O)C(=O)O
D16,TYMS,5x5q,402,D,15,C,2277,C14,10.199,15.385,24.639,D16,CC1=NC(=O)c2cc(ccc2N1)CN(C)c3ccc(s3)C(=O)N[C@@H](CCC(=O)O)C(=O)O
D16,TYMS,5x5q,402,D,16,C,2278,C15,9.751,14.081,24.749,D16,CC1=NC(=O)c2cc(ccc2N1)CN(C)c3ccc(s3)C(=O)N[C@@H](CCC(=O)O)C(=O)O
D16,TYMS,5x5q,402,D,17,C,2279,C16,8.678,13.758,23.944,D16,CC1=NC(=O)c2cc(ccc2N1)CN(C)c3ccc(s3)C(=O)N[C@@H](CCC(=O)O)C(=O)O
D16,TYMS,5x5q,402,D,1,C,2262,C2,15.293,10.442,22.793,D16,CC1=NC(=O)c2cc(ccc2N1)CN(C)c3ccc(s3)C(=O)N[C@@H](CCC(=O)O)C(=O)O
D16,TYMS,5x5q,402,D,3,C,2265,C4,14.487,10.866,25.006,D16,CC1=NC(=O)c2cc(ccc2N1)CN(C)c3ccc(s3)C(=O)N[C@@H](CCC(=O)O)C(=O)O
D16,TYMS,5x5q,402,D,5,C,2267,C4A,14.02,12.229,24.582,D16,CC1=NC(=O)c2cc(ccc2N1)CN(C)c3ccc(s3)C(=O)N[C@@H](CCC(=O)O)C(=O)O
D16,TYMS,5x5q,402,D,6,C,2268,C5,13.375,13.07,25.518,D16,CC1=NC(=O)c2cc(ccc2N1)CN(C)c3ccc(s3)C(=O)N[C@@H](CCC(=O)O)C(=O)O
D16,TYMS,5x5q,402,D,7,C,2269,C6,12.947,14.307,25.079,D16,CC1=NC(=O)c2cc(ccc2N1)CN(C)c3ccc(s3)C(=O)N[C@@H](CCC(=O)O)C(=O)O
D16,TYMS,5x5q,402,D,8,C,2270,C7,13.155,14.707,23.734,D16,CC1=NC(=O)c2cc(ccc2N1)CN(C)c3ccc(s3)C(=O)N[C@@H](CCC(=O)O)C(=O)O
D16,TYMS,5x5q,402,D,9,C,2271,C8,13.777,13.874,22.81,D16,CC1=NC(=O)c2cc(ccc2N1)CN(C)c3ccc(s3)C(=O)N[C@@H](CCC(=O)O)C(=O)O
D16,TYMS,5x5q,402,D,10,C,2272,C8A,14.212,12.622,23.265,D16,CC1=NC(=O)c2cc(ccc2N1)CN(C)c3ccc(s3)C(=O)N[C@@H](CCC(=O)O)C(=O)O
D16,TYMS,5x5q,402,D,12,C,2273,C9,12.255,15.223,26.08,D16,CC1=NC(=O)c2cc(ccc2N1)CN(C)c3ccc(s3)C(=O)N[C@@H](CCC(=O)O)C(=O)O
D16,TYMS,5x5q,402,D,23,C,2283,CA,5.011,13.774,21.01,D16,CC1=NC(=O)c2cc(ccc2N1)CN(C)c3ccc(s3)C(=O)N[C@@H](CCC(=O)O)C(=O)O
D16,TYMS,5x5q,402,D,24,C,2284,CB,5.275,13.295,19.578,D16,CC1=NC(=O)c2cc(ccc2N1)CN(C)c3ccc(s3)C(=O)N[C@@H](CCC(=O)O)C(=O)O
D16,TYMS,5x5q,402,D,26,C,2286,CD,5.948,11.267,18.054,D16,CC1=NC(=O)c2cc(ccc2N1)CN(C)c3ccc(s3)C(=O)N[C@@H](CCC(=O)O)C(=O)O
D16,TYMS,5x5q,402,D,25,C,2285,CG,5.33,11.752,19.368,D16,CC1=NC(=O)c2cc(ccc2N1)CN(C)c3ccc(s3)C(=O)N[C@@H](CCC(=O)O)C(=O)O
D16,TYMS,5x5q,402,D,0,C,2263,CM2,15.968,9.454,21.919,D16,CC1=NC(=O)c2cc(ccc2N1)CN(C)c3ccc(s3)C(=O)N[C@@H](CCC(=O)O)C(=O)O
D16,TYMS,5x5q,402,D,14,C,2292,CP1,11.4,17.458,25.289,D16,CC1=NC(=O)c2cc(ccc2N1)CN(C)c3ccc(s3)C(=O)N[C@@H](CCC(=O)O)C(=O)O
D16,TYMS,5x5q,402,D,29,C,2289,CT,3.799,13.179,21.695,D16,CC1=NC(=O)c2cc(ccc2N1)CN(C)c3ccc(s3)C(=O)N[C@@H](CCC(=O)O)C(=O)O
D16,TYMS,5x5q,402,D,22,N,2282,N,6.158,13.64,21.928,D16,CC1=NC(=O)c2cc(ccc2N1)CN(C)c3ccc(s3)C(=O)N[C@@H](CCC(=O)O)C(=O)O
D16,TYMS,5x5q,402,D,11,N,2261,N1,14.862,11.729,22.33,D16,CC1=NC(=O)c2cc(ccc2N1)CN(C)c3ccc(s3)C(=O)N[C@@H](CCC(=O)O)C(=O)O
D16,TYMS,5x5q,402,D,13,N,2274,N10,11.289,16.028,25.345,D16,CC1=NC(=O)c2cc(ccc2N1)CN(C)c3ccc(s3)C(=O)N[C@@H](CCC(=O)O)C(=O)O
D16,TYMS,5x5q,402,D,2,N,2264,N3,15.099,10.027,24.109,D16,CC1=NC(=O)c2cc(ccc2N1)CN(C)c3ccc(s3)C(=O)N[C@@H](CCC(=O)O)C(=O)O
D16,TYMS,5x5q,402,D,21,O,2281,O,6.873,15.811,21.534,D16,CC1=NC(=O)c2cc(ccc2N1)CN(C)c3ccc(s3)C(=O)N[C@@H](CCC(=O)O)C(=O)O
D16,TYMS,5x5q,402,D,30,O,2290,O1,2.671,13.61,21.337,D16,CC1=NC(=O)c2cc(ccc2N1)CN(C)c3ccc(s3)C(=O)N[C@@H](CCC(=O)O)C(=O)O
D16,TYMS,5x5q,402,D,31,O,2291,O2,3.876,12.314,22.647,D16,CC1=NC(=O)c2cc(ccc2N1)CN(C)c3ccc(s3)C(=O)N[C@@H](CCC(=O)O)C(=O)O
D16,TYMS,5x5q,402,D,4,O,2266,O4,14.349,10.442,26.131,D16,CC1=NC(=O)c2cc(ccc2N1)CN(C)c3ccc(s3)C(=O)N[C@@H](CCC(=O)O)C(=O)O
D16,TYMS,5x5q,402,D,27,O,2287,OE1,6.162,12.076,17.105,D16,CC1=NC(=O)c2cc(ccc2N1)CN(C)c3ccc(s3)C(=O)N[C@@H](CCC(=O)O)C(=O)O
D16,TYMS,5x5q,402,D,28,O,2288,OE2,6.259,10.043,17.893,D16,CC1=NC(=O)c2cc(ccc2N1)CN(C)c3ccc(s3)C(=O)N[C@@H](CCC(=O)O)C(=O)O
D16,TYMS,5x5q,402,D,19,S,2276,S13,9.226,16.145,23.461,D16,CC1=NC(=O)c2cc(ccc2N1)CN(C)c3ccc(s3)C(=O)N[C@@H](CCC(=O)O)C(=O)O
D16,TYMS,5x5q,402,E,20,C,2298,C,93.638,7.103,-1.827,D16,CC1=NC(=O)c2cc(ccc2N1)CN(C)c3ccc(s3)C(=O)N[C@@H](CCC(=O)O)C(=O)O
D16,TYMS,5x5q,402,E,18,C,2293,C11,93.156,8.273,-0.957,D16,CC1=NC(=O)c2cc(ccc2N1)CN(C)c3ccc(s3)C(=O)N[C@@H](CCC(=O)O)C(=O)O
D16,TYMS,5x5q,402,E,15,C,2295,C14,92.248,10.219,0.437,D16,CC1=NC(=O)c2cc(ccc2N1)CN(C)c3ccc(s3)C(=O)N[C@@H](CCC(=O)O)C(=O)O
D16,TYMS,5x5q,402,E,16,C,2296,C15,93.573,9.919,0.643,D16,CC1=NC(=O)c2cc(ccc2N1)CN(C)c3ccc(s3)C(=O)N[C@@H](CCC(=O)O)C(=O)O
D16,TYMS,5x5q,402,E,17,C,2297,C16,94.038,8.883,-0.094,D16,CC1=NC(=O)c2cc(ccc2N1)CN(C)c3ccc(s3)C(=O)N[C@@H](CCC(=O)O)C(=O)O
D16,TYMS,5x5q,402,E,1,C,2280,C2,97.213,15.096,-1.586,D16,CC1=NC(=O)c2cc(ccc2N1)CN(C)c3ccc(s3)C(=O)N[C@@H](CCC(=O)O)C(=O)O
D16,TYMS,5x5q,402,E,3,C,2283,C4,96.795,14.363,0.676,D16,CC1=NC(=O)c2cc(ccc2N1)CN(C)c3ccc(s3)C(=O)N[C@@H](CCC(=O)O)C(=O)O
D16,TYMS,5x5q,402,E,5,C,2285,C4A,95.428,13.924,0.303,D16,CC1=NC(=O)c2cc(ccc2N1)CN(C)c3ccc(s3)C(=O)N[C@@H](CCC(=O)O)C(=O)O
D16,TYMS,5x5q,402,E,6,C,2286,C5,94.585,13.343,1.285,D16,CC1=NC(=O)c2cc(ccc2N1)CN(C)c3ccc(s3)C(=O)N[C@@H](CCC(=O)O)C(=O)O
D16,TYMS,5x5q,402,E,7,C,2287,C6,93.301,12.965,0.886,D16,CC1=NC(=O)c2cc(ccc2N1)CN(C)c3ccc(s3)C(=O)N[C@@H](CCC(=O)O)C(=O)O
D16,TYMS,5x5q,402,E,8,C,2288,C7,92.903,13.145,-0.462,D16,CC1=NC(=O)c2cc(ccc2N1)CN(C)c3ccc(s3)C(=O)N[C@@H](CCC(=O)O)C(=O)O
D16,TYMS,5x5q,402,E,9,C,2289,C8,93.75,13.705,-1.425,D16,CC1=NC(=O)c2cc(ccc2N1)CN(C)c3ccc(s3)C(=O)N[C@@H](CCC(=O)O)C(=O)O
D16,TYMS,5x5q,402,E,10,C,2290,C8A,95.021,14.107,-1.025,D16,CC1=NC(=O)c2cc(ccc2N1)CN(C)c3ccc(s3)C(=O)N[C@@H](CCC(=O)O)C(=O)O
D16,TYMS,5x5q,402,E,12,C,2291,C9,92.319,12.313,1.87,D16,CC1=NC(=O)c2cc(ccc2N1)CN(C)c3ccc(s3)C(=O)N[C@@H](CCC(=O)O)C(=O)O
D16,TYMS,5x5q,402,E,23,C,2301,CA,93.384,5.283,-3.674,D16,CC1=NC(=O)c2cc(ccc2N1)CN(C)c3ccc(s3)C(=O)N[C@@H](CCC(=O)O)C(=O)O
D16,TYMS,5x5q,402,E,24,C,2302,CB,94.802,5.519,-4.168,D16,CC1=NC(=O)c2cc(ccc2N1)CN(C)c3ccc(s3)C(=O)N[C@@H](CCC(=O)O)C(=O)O
D16,TYMS,5x5q,402,E,26,C,2304,CD,96.466,5.816,-5.968,D16,CC1=NC(=O)c2cc(ccc2N1)CN(C)c3ccc(s3)C(=O)N[C@@H](CCC(=O)O)C(=O)O
D16,TYMS,5x5q,402,E,25,C,2303,CG,95.068,5.297,-5.665,D16,CC1=NC(=O)c2cc(ccc2N1)CN(C)c3ccc(s3)C(=O)N[C@@H](CCC(=O)O)C(=O)O
D16,TYMS,5x5q,402,E,0,C,2281,CM2,98.207,15.703,-2.517,D16,CC1=NC(=O)c2cc(ccc2N1)CN(C)c3ccc(s3)C(=O)N[C@@H](CCC(=O)O)C(=O)O
D16,TYMS,5x5q,402,E,14,C,2310,CP1,90.124,11.278,1.093,D16,CC1=NC(=O)c2cc(ccc2N1)CN(C)c3ccc(s3)C(=O)N[C@@H](CCC(=O)O)C(=O)O
D16,TYMS,5x5q,402,E,29,C,2307,CT,93.391,3.984,-2.929,D16,CC1=NC(=O)c2cc(ccc2N1)CN(C)c3ccc(s3)C(=O)N[C@@H](CCC(=O)O)C(=O)O
D16,TYMS,5x5q,402,E,22,N,2300,N,92.861,6.403,-2.858,D16,CC1=NC(=O)c2cc(ccc2N1)CN(C)c3ccc(s3)C(=O)N[C@@H](CCC(=O)O)C(=O)O
D16,TYMS,5x5q,402,E,11,N,2279,N1,95.896,14.694,-2.026,D16,CC1=NC(=O)c2cc(ccc2N1)CN(C)c3ccc(s3)C(=O)N[C@@H](CCC(=O)O)C(=O)O
D16,TYMS,5x5q,402,E,13,N,2292,N10,91.558,11.276,1.144,D16,CC1=NC(=O)c2cc(ccc2N1)CN(C)c3ccc(s3)C(=O)N[C@@H](CCC(=O)O)C(=O)O
D16,TYMS,5x5q,402,E,2,N,2282,N3,97.646,14.932,-0.245,D16,CC1=NC(=O)c2cc(ccc2N1)CN(C)c3ccc(s3)C(=O)N[C@@H](CCC(=O)O)C(=O)O
D16,TYMS,5x5q,402,E,21,O,2299,O,94.782,6.758,-1.608,D16,CC1=NC(=O)c2cc(ccc2N1)CN(C)c3ccc(s3)C(=O)N[C@@H](CCC(=O)O)C(=O)O
D16,TYMS,5x5q,402,E,30,O,2308,O1,93.843,3.888,-1.757,D16,CC1=NC(=O)c2cc(ccc2N1)CN(C)c3ccc(s3)C(=O)N[C@@H](CCC(=O)O)C(=O)O
D16,TYMS,5x5q,402,E,31,O,2309,O2,92.959,2.944,-3.507,D16,CC1=NC(=O)c2cc(ccc2N1)CN(C)c3ccc(s3)C(=O)N[C@@H](CCC(=O)O)C(=O)O
D16,TYMS,5x5q,402,E,4,O,2284,O4,97.178,14.229,1.793,D16,CC1=NC(=O)c2cc(ccc2N1)CN(C)c3ccc(s3)C(=O)N[C@@H](CCC(=O)O)C(=O)O
D16,TYMS,5x5q,402,E,27,O,2305,OE1,96.622,7.003,-6.377,D16,CC1=NC(=O)c2cc(ccc2N1)CN(C)c3ccc(s3)C(=O)N[C@@H](CCC(=O)O)C(=O)O
D16,TYMS,5x5q,402,E,28,O,2306,OE2,97.476,5.072,-5.78,D16,CC1=NC(=O)c2cc(ccc2N1)CN(C)c3ccc(s3)C(=O)N[C@@H](CCC(=O)O)C(=O)O
D16,TYMS,5x5q,402,E,19,S,2294,S13,91.646,9.133,-0.776,D16,CC1=NC(=O)c2cc(ccc2N1)CN(C)c3ccc(s3)C(=O)N[C@@H](CCC(=O)O)C(=O)O
D16,TYMS,5x5q,402,F,20,C,2235,C,15.55,100.888,45.585,D16,CC1=NC(=O)c2cc(ccc2N1)CN(C)c3ccc(s3)C(=O)N[C@@H](CCC(=O)O)C(=O)O
D16,TYMS,5x5q,402,F,18,C,2230,C11,15.513,99.811,46.673,D16,CC1=NC(=O)c2cc(ccc2N1)CN(C)c3ccc(s3)C(=O)N[C@@H](CCC(=O)O)C(=O)O
D16,TYMS,5x5q,402,F,15,C,2232,C14,15.954,97.926,48.397,D16,CC1=NC(=O)c2cc(ccc2N1)CN(C)c3ccc(s3)C(=O)N[C@@H](CCC(=O)O)C(=O)O
D16,TYMS,5x5q,402,F,16,C,2233,C15,14.655,98.436,48.382,D16,CC1=NC(=O)c2cc(ccc2N1)CN(C)c3ccc(s3)C(=O)N[C@@H](CCC(=O)O)C(=O)O
D16,TYMS,5x5q,402,F,17,C,2234,C16,14.429,99.456,47.463,D16,CC1=NC(=O)c2cc(ccc2N1)CN(C)c3ccc(s3)C(=O)N[C@@H](CCC(=O)O)C(=O)O
D16,TYMS,5x5q,402,F,1,C,2217,C2,10.929,92.702,46.287,D16,CC1=NC(=O)c2cc(ccc2N1)CN(C)c3ccc(s3)C(=O)N[C@@H](CCC(=O)O)C(=O)O
D16,TYMS,5x5q,402,F,3,C,2220,C4,11.289,93.33,48.647,D16,CC1=NC(=O)c2cc(ccc2N1)CN(C)c3ccc(s3)C(=O)N[C@@H](CCC(=O)O)C(=O)O
D16,TYMS,5x5q,402,F,5,C,2222,C4A,12.621,93.953,48.288,D16,CC1=NC(=O)c2cc(ccc2N1)CN(C)c3ccc(s3)C(=O)N[C@@H](CCC(=O)O)C(=O)O
D16,TYMS,5x5q,402,F,6,C,2223,C5,13.436,94.572,49.28,D16,CC1=NC(=O)c2cc(ccc2N1)CN(C)c3ccc(s3)C(=O)N[C@@H](CCC(=O)O)C(=O)O
D16,TYMS,5x5q,402,F,7,C,2224,C6,14.646,95.128,48.876,D16,CC1=NC(=O)c2cc(ccc2N1)CN(C)c3ccc(s3)C(=O)N[C@@H](CCC(=O)O)C(=O)O
D16,TYMS,5x5q,402,F,8,C,2225,C7,15.006,95.046,47.509,D16,CC1=NC(=O)c2cc(ccc2N1)CN(C)c3ccc(s3)C(=O)N[C@@H](CCC(=O)O)C(=O)O
D16,TYMS,5x5q,402,F,9,C,2226,C8,14.215,94.445,46.539,D16,CC1=NC(=O)c2cc(ccc2N1)CN(C)c3ccc(s3)C(=O)N[C@@H](CCC(=O)O)C(=O)O
D16,TYMS,5x5q,402,F,10,C,2227,C8A,13.013,93.903,46.95,D16,CC1=NC(=O)c2cc(ccc2N1)CN(C)c3ccc(s3)C(=O)N[C@@H](CCC(=O)O)C(=O)O
D16,TYMS,5x5q,402,F,12,C,2228,C9,15.593,95.825,49.875,D16,CC1=NC(=O)c2cc(ccc2N1)CN(C)c3ccc(s3)C(=O)N[C@@H](CCC(=O)O)C(=O)O
D16,TYMS,5x5q,402,F,23,C,2238,CA,14.379,102.777,44.301,D16,CC1=NC(=O)c2cc(ccc2N1)CN(C)c3ccc(s3)C(=O)N[C@@H](CCC(=O)O)C(=O)O
D16,TYMS,5x5q,402,F,24,C,2239,CB,13.309,102.499,43.247,D16,CC1=NC(=O)c2cc(ccc2N1)CN(C)c3ccc(s3)C(=O)N[C@@H](CCC(=O)O)C(=O)O
D16,TYMS,5x5q,402,F,26,C,2241,CD,14.376,103.794,41.326,D16,CC1=NC(=O)c2cc(ccc2N1)CN(C)c3ccc(s3)C(=O)N[C@@H](CCC(=O)O)C(=O)O
D16,TYMS,5x5q,402,F,25,C,2240,CG,13.884,102.444,41.811,D16,CC1=NC(=O)c2cc(ccc2N1)CN(C)c3ccc(s3)C(=O)N[C@@H](CCC(=O)O)C(=O)O
D16,TYMS,5x5q,402,F,0,C,2218,CM2,10.064,92.067,45.242,D16,CC1=NC(=O)c2cc(ccc2N1)CN(C)c3ccc(s3)C(=O)N[C@@H](CCC(=O)O)C(=O)O
D16,TYMS,5x5q,402,F,14,C,2247,CP1,17.915,96.743,49.399,D16,CC1=NC(=O)c2cc(ccc2N1)CN(C)c3ccc(s3)C(=O)N[C@@H](CCC(=O)O)C(=O)O
D16,TYMS,5x5q,402,F,29,C,2244,CT,14.196,104.105,44.992,D16,CC1=NC(=O)c2cc(ccc2N1)CN(C)c3ccc(s3)C(=O)N[C@@H](CCC(=O)O)C(=O)O
D16,TYMS,5x5q,402,F,22,N,2237,N,14.372,101.723,45.321,D16,CC1=NC(=O)c2cc(ccc2N1)CN(C)c3ccc(s3)C(=O)N[C@@H](CCC(=O)O)C(=O)O
D16,TYMS,5x5q,402,F,11,N,2216,N1,12.194,93.287,45.921,D16,CC1=NC(=O)c2cc(ccc2N1)CN(C)c3ccc(s3)C(=O)N[C@@H](CCC(=O)O)C(=O)O
D16,TYMS,5x5q,402,F,13,N,2229,N10,16.478,96.842,49.24,D16,CC1=NC(=O)c2cc(ccc2N1)CN(C)c3ccc(s3)C(=O)N[C@@H](CCC(=O)O)C(=O)O
D16,TYMS,5x5q,402,F,2,N,2219,N3,10.498,92.73,47.649,D16,CC1=NC(=O)c2cc(ccc2N1)CN(C)c3ccc(s3)C(=O)N[C@@H](CCC(=O)O)C(=O)O
D16,TYMS,5x5q,402,F,21,O,2236,O,16.572,101.037,44.936,D16,CC1=NC(=O)c2cc(ccc2N1)CN(C)c3ccc(s3)C(=O)N[C@@H](CCC(=O)O)C(=O)O
D16,TYMS,5x5q,402,F,30,O,2245,O1,13.481,104.215,46.024,D16,CC1=NC(=O)c2cc(ccc2N1)CN(C)c3ccc(s3)C(=O)N[C@@H](CCC(=O)O)C(=O)O
D16,TYMS,5x5q,402,F,31,O,2246,O2,14.789,105.141,44.563,D16,CC1=NC(=O)c2cc(ccc2N1)CN(C)c3ccc(s3)C(=O)N[C@@H](CCC(=O)O)C(=O)O
D16,TYMS,5x5q,402,F,4,O,2221,O4,10.87,93.334,49.794,D16,CC1=NC(=O)c2cc(ccc2N1)CN(C)c3ccc(s3)C(=O)N[C@@H](CCC(=O)O)C(=O)O
D16,TYMS,5x5q,402,F,27,O,2242,OE1,15.527,103.886,40.824,D16,CC1=NC(=O)c2cc(ccc2N1)CN(C)c3ccc(s3)C(=O)N[C@@H](CCC(=O)O)C(=O)O
D16,TYMS,5x5q,402,F,28,O,2243,OE2,13.655,104.836,41.421,D16,CC1=NC(=O)c2cc(ccc2N1)CN(C)c3ccc(s3)C(=O)N[C@@H](CCC(=O)O)C(=O)O
D16,TYMS,5x5q,402,F,19,S,2231,S13,16.841,98.786,47.17,D16,CC1=NC(=O)c2cc(ccc2N1)CN(C)c3ccc(s3)C(=O)N[C@@H](CCC(=O)O)C(=O)O
D16,TYMS,6zxo,401,A,20,C,2306,C,-8.123,9.193,-0.007,D16,CC1=NC(=O)c2cc(ccc2N1)CN(C)c3ccc(s3)C(=O)N[C@@H](CCC(=O)O)C(=O)O
D16,TYMS,6zxo,401,A,18,C,2301,C11,-6.894,8.383,0.234,D16,CC1=NC(=O)c2cc(ccc2N1)CN(C)c3ccc(s3)C(=O)N[C@@H](CCC(=O)O)C(=O)O
D16,TYMS,6zxo,401,A,15,C,2303,C14,-4.678,7.648,0.899,D16,CC1=NC(=O)c2cc(ccc2N1)CN(C)c3ccc(s3)C(=O)N[C@@H](CCC(=O)O)C(=O)O
D16,TYMS,6zxo,401,A,16,C,2304,C15,-5.338,6.654,0.205,D16,CC1=NC(=O)c2cc(ccc2N1)CN(C)c3ccc(s3)C(=O)N[C@@H](CCC(=O)O)C(=O)O
D16,TYMS,6zxo,401,A,17,C,2305,C16,-6.606,7.08,-0.173,D16,CC1=NC(=O)c2cc(ccc2N1)CN(C)c3ccc(s3)C(=O)N[C@@H](CCC(=O)O)C(=O)O
D16,TYMS,6zxo,401,A,1,C,2288,C2,-4.83,9.567,7.895,D16,CC1=NC(=O)c2cc(ccc2N1)CN(C)c3ccc(s3)C(=O)N[C@@H](CCC(=O)O)C(=O)O
D16,TYMS,6zxo,401,A,3,C,2291,C4,-5.259,7.924,6.25,D16,CC1=NC(=O)c2cc(ccc2N1)CN(C)c3ccc(s3)C(=O)N[C@@H](CCC(=O)O)C(=O)O
D16,TYMS,6zxo,401,A,5,C,2293,C4A,-4.257,8.563,5.357,D16,CC1=NC(=O)c2cc(ccc2N1)CN(C)c3ccc(s3)C(=O)N[C@@H](CCC(=O)O)C(=O)O
D16,TYMS,6zxo,401,A,6,C,2294,C5,-3.934,8.11,4.067,D16,CC1=NC(=O)c2cc(ccc2N1)CN(C)c3ccc(s3)C(=O)N[C@@H](CCC(=O)O)C(=O)O
D16,TYMS,6zxo,401,A,7,C,2295,C6,-2.976,8.833,3.323,D16,CC1=NC(=O)c2cc(ccc2N1)CN(C)c3ccc(s3)C(=O)N[C@@H](CCC(=O)O)C(=O)O
D16,TYMS,6zxo,401,A,8,C,2296,C7,-2.34,9.96,3.866,D16,CC1=NC(=O)c2cc(ccc2N1)CN(C)c3ccc(s3)C(=O)N[C@@H](CCC(=O)O)C(=O)O
D16,TYMS,6zxo,401,A,9,C,2297,C8,-2.634,10.43,5.156,D16,CC1=NC(=O)c2cc(ccc2N1)CN(C)c3ccc(s3)C(=O)N[C@@H](CCC(=O)O)C(=O)O
D16,TYMS,6zxo,401,A,10,C,2298,C8A,-3.581,9.761,5.927,D16,CC1=NC(=O)c2cc(ccc2N1)CN(C)c3ccc(s3)C(=O)N[C@@H](CCC(=O)O)C(=O)O
D16,TYMS,6zxo,401,A,12,C,2299,C9,-2.565,8.457,1.921,D16,CC1=NC(=O)c2cc(ccc2N1)CN(C)c3ccc(s3)C(=O)N[C@@H](CCC(=O)O)C(=O)O
D16,TYMS,6zxo,401,A,23,C,2309,CA,-10.299,9.253,-1.319,D16,CC1=NC(=O)c2cc(ccc2N1)CN(C)c3ccc(s3)C(=O)N[C@@H](CCC(=O)O)C(=O)O
D16,TYMS,6zxo,401,A,24,C,2310,CB,-10.336,9.771,-2.79,D16,CC1=NC(=O)c2cc(ccc2N1)CN(C)c3ccc(s3)C(=O)N[C@@H](CCC(=O)O)C(=O)O
D16,TYMS,6zxo,401,A,26,C,2312,CD,-12.074,10.265,-4.737,D16,CC1=NC(=O)c2cc(ccc2N1)CN(C)c3ccc(s3)C(=O)N[C@@H](CCC(=O)O)C(=O)O
D16,TYMS,6zxo,401,A,25,C,2311,CG,-11.501,9.287,-3.687,D16,CC1=NC(=O)c2cc(ccc2N1)CN(C)c3ccc(s3)C(=O)N[C@@H](CCC(=O)O)C(=O)O
D16,TYMS,6zxo,401,A,0,C,2289,CM2,-5.126,10.086,9.278,D16,CC1=NC(=O)c2cc(ccc2N1)CN(C)c3ccc(s3)C(=O)N[C@@H](CCC(=O)O)C(=O)O
D16,TYMS,6zxo,401,A,14,C,2318,CP1,-2.93,6.047,1.338,D16,CC1=NC(=O)c2cc(ccc2N1)CN(C)c3ccc(s3)C(=O)N[C@@H](CCC(=O)O)C(=O)O
D16,TYMS,6zxo,401,A,29,C,2315,CT,-11.35,8.218,-0.988,D16,CC1=NC(=O)c2cc(ccc2N1)CN(C)c3ccc(s3)C(=O)N[C@@H](CCC(=O)O)C(=O)O
D16,TYMS,6zxo,401,A,22,N,2308,N,-8.996,8.704,-0.909,D16,CC1=NC(=O)c2cc(ccc2N1)CN(C)c3ccc(s3)C(=O)N[C@@H](CCC(=O)O)C(=O)O
D16,TYMS,6zxo,401,A,11,N,2287,N1,-3.901,10.189,7.153,D16,CC1=NC(=O)c2cc(ccc2N1)CN(C)c3ccc(s3)C(=O)N[C@@H](CCC(=O)O)C(=O)O
D16,TYMS,6zxo,401,A,13,N,2300,N10,-3.426,7.419,1.377,D16,CC1=NC(=O)c2cc(ccc2N1)CN(C)c3ccc(s3)C(=O)N[C@@H](CCC(=O)O)C(=O)O
D16,TYMS,6zxo,401,A,2,N,2290,N3,-5.472,8.461,7.468,D16,CC1=NC(=O)c2cc(ccc2N1)CN(C)c3ccc(s3)C(=O)N[C@@H](CCC(=O)O)C(=O)O
D16,TYMS,6zxo,401,A,21,O,2307,O,-8.261,10.254,0.575,D16,CC1=NC(=O)c2cc(ccc2N1)CN(C)c3ccc(s3)C(=O)N[C@@H](CCC(=O)O)C(=O)O
D16,TYMS,6zxo,401,A,30,O,2316,O1,-10.966,7.094,-0.585,D16,CC1=NC(=O)c2cc(ccc2N1)CN(C)c3ccc(s3)C(=O)N[C@@H](CCC(=O)O)C(=O)O
D16,TYMS,6zxo,401,A,31,O,2317,O2,-12.56,8.506,-1.104,D16,CC1=NC(=O)c2cc(ccc2N1)CN(C)c3ccc(s3)C(=O)N[C@@H](CCC(=O)O)C(=O)O
D16,TYMS,6zxo,401,A,4,O,2292,O4,-5.901,6.9,5.899,D16,CC1=NC(=O)c2cc(ccc2N1)CN(C)c3ccc(s3)C(=O)N[C@@H](CCC(=O)O)C(=O)O
D16,TYMS,6zxo,401,A,27,O,2313,OE1,-12.105,9.935,-5.953,D16,CC1=NC(=O)c2cc(ccc2N1)CN(C)c3ccc(s3)C(=O)N[C@@H](CCC(=O)O)C(=O)O
D16,TYMS,6zxo,401,A,28,O,2314,OE2,-12.548,11.38,-4.395,D16,CC1=NC(=O)c2cc(ccc2N1)CN(C)c3ccc(s3)C(=O)N[C@@H](CCC(=O)O)C(=O)O
D16,TYMS,6zxo,401,A,19,S,2302,S13,-5.56,9.118,1.105,D16,CC1=NC(=O)c2cc(ccc2N1)CN(C)c3ccc(s3)C(=O)N[C@@H](CCC(=O)O)C(=O)O
D16,TYMS,6zxo,401,B,20,C,2306,C,20.725,-22.157,21.157,D16,CC1=NC(=O)c2cc(ccc2N1)CN(C)c3ccc(s3)C(=O)N[C@@H](CCC(=O)O)C(=O)O
D16,TYMS,6zxo,401,B,18,C,2301,C11,20.213,-20.786,20.835,D16,CC1=NC(=O)c2cc(ccc2N1)CN(C)c3ccc(s3)C(=O)N[C@@H](CCC(=O)O)C(=O)O
D16,TYMS,6zxo,401,B,15,C,2303,C14,19.948,-18.645,19.753,D16,CC1=NC(=O)c2cc(ccc2N1)CN(C)c3ccc(s3)C(=O)N[C@@H](CCC(=O)O)C(=O)O
D16,TYMS,6zxo,401,B,16,C,2304,C15,19.127,-18.749,20.889,D16,CC1=NC(=O)c2cc(ccc2N1)CN(C)c3ccc(s3)C(=O)N[C@@H](CCC(=O)O)C(=O)O
D16,TYMS,6zxo,401,B,17,C,2305,C16,19.276,-19.992,21.516,D16,CC1=NC(=O)c2cc(ccc2N1)CN(C)c3ccc(s3)C(=O)N[C@@H](CCC(=O)O)C(=O)O
D16,TYMS,6zxo,401,B,1,C,2288,C2,19.559,-21.315,13.001,D16,CC1=NC(=O)c2cc(ccc2N1)CN(C)c3ccc(s3)C(=O)N[C@@H](CCC(=O)O)C(=O)O
D16,TYMS,6zxo,401,B,3,C,2291,C4,18.591,-20.709,15.093,D16,CC1=NC(=O)c2cc(ccc2N1)CN(C)c3ccc(s3)C(=O)N[C@@H](CCC(=O)O)C(=O)O
D16,TYMS,6zxo,401,B,5,C,2293,C4A,19.721,-19.805,15.368,D16,CC1=NC(=O)c2cc(ccc2N1)CN(C)c3ccc(s3)C(=O)N[C@@H](CCC(=O)O)C(=O)O
D16,TYMS,6zxo,401,B,6,C,2294,C5,19.827,-19.084,16.555,D16,CC1=NC(=O)c2cc(ccc2N1)CN(C)c3ccc(s3)C(=O)N[C@@H](CCC(=O)O)C(=O)O
D16,TYMS,6zxo,401,B,7,C,2295,C6,20.93,-18.265,16.725,D16,CC1=NC(=O)c2cc(ccc2N1)CN(C)c3ccc(s3)C(=O)N[C@@H](CCC(=O)O)C(=O)O
D16,TYMS,6zxo,401,B,8,C,2296,C7,21.914,-18.175,15.734,D16,CC1=NC(=O)c2cc(ccc2N1)CN(C)c3ccc(s3)C(=O)N[C@@H](CCC(=O)O)C(=O)O
D16,TYMS,6zxo,401,B,9,C,2297,C8,21.853,-18.892,14.537,D16,CC1=NC(=O)c2cc(ccc2N1)CN(C)c3ccc(s3)C(=O)N[C@@H](CCC(=O)O)C(=O)O
D16,TYMS,6zxo,401,B,10,C,2298,C8A,20.768,-19.737,14.304,D16,CC1=NC(=O)c2cc(ccc2N1)CN(C)c3ccc(s3)C(=O)N[C@@H](CCC(=O)O)C(=O)O
D16,TYMS,6zxo,401,B,12,C,2299,C9,21.105,-17.416,17.964,D16,CC1=NC(=O)c2cc(ccc2N1)CN(C)c3ccc(s3)C(=O)N[C@@H](CCC(=O)O)C(=O)O
D16,TYMS,6zxo,401,B,23,C,2309,CA,20.339,-23.989,22.786,D16,CC1=NC(=O)c2cc(ccc2N1)CN(C)c3ccc(s3)C(=O)N[C@@H](CCC(=O)O)C(=O)O
D16,TYMS,6zxo,401,B,24,C,2310,CB,20.985,-24.257,24.139,D16,CC1=NC(=O)c2cc(ccc2N1)CN(C)c3ccc(s3)C(=O)N[C@@H](CCC(=O)O)C(=O)O
D16,TYMS,6zxo,401,B,26,C,2312,CD,23.074,-23.999,25.498,D16,CC1=NC(=O)c2cc(ccc2N1)CN(C)c3ccc(s3)C(=O)N[C@@H](CCC(=O)O)C(=O)O
D16,TYMS,6zxo,401,B,25,C,2311,CG,22.49,-24.008,24.099,D16,CC1=NC(=O)c2cc(ccc2N1)CN(C)c3ccc(s3)C(=O)N[C@@H](CCC(=O)O)C(=O)O
D16,TYMS,6zxo,401,B,0,C,2289,CM2,19.412,-22.159,11.733,D16,CC1=NC(=O)c2cc(ccc2N1)CN(C)c3ccc(s3)C(=O)N[C@@H](CCC(=O)O)C(=O)O
D16,TYMS,6zxo,401,B,14,C,2318,CP1,19.127,-16.408,19.08,D16,CC1=NC(=O)c2cc(ccc2N1)CN(C)c3ccc(s3)C(=O)N[C@@H](CCC(=O)O)C(=O)O
D16,TYMS,6zxo,401,B,29,C,2315,CT,18.874,-24.274,22.89,D16,CC1=NC(=O)c2cc(ccc2N1)CN(C)c3ccc(s3)C(=O)N[C@@H](CCC(=O)O)C(=O)O
D16,TYMS,6zxo,401,B,22,N,2308,N,20.519,-22.602,22.397,D16,CC1=NC(=O)c2cc(ccc2N1)CN(C)c3ccc(s3)C(=O)N[C@@H](CCC(=O)O)C(=O)O
D16,TYMS,6zxo,401,B,11,N,2287,N1,20.633,-20.492,13.186,D16,CC1=NC(=O)c2cc(ccc2N1)CN(C)c3ccc(s3)C(=O)N[C@@H](CCC(=O)O)C(=O)O
D16,TYMS,6zxo,401,B,13,N,2300,N10,20.04,-17.539,18.949,D16,CC1=NC(=O)c2cc(ccc2N1)CN(C)c3ccc(s3)C(=O)N[C@@H](CCC(=O)O)C(=O)O
D16,TYMS,6zxo,401,B,2,N,2290,N3,18.571,-21.413,13.945,D16,CC1=NC(=O)c2cc(ccc2N1)CN(C)c3ccc(s3)C(=O)N[C@@H](CCC(=O)O)C(=O)O
D16,TYMS,6zxo,401,B,21,O,2307,O,21.36,-22.793,20.329,D16,CC1=NC(=O)c2cc(ccc2N1)CN(C)c3ccc(s3)C(=O)N[C@@H](CCC(=O)O)C(=O)O
D16,TYMS,6zxo,401,B,30,O,2316,O1,18.097,-23.323,23.191,D16,CC1=NC(=O)c2cc(ccc2N1)CN(C)c3ccc(s3)C(=O)N[C@@H](CCC(=O)O)C(=O)O
D16,TYMS,6zxo,401,B,31,O,2317,O2,18.494,-25.446,22.644,D16,CC1=NC(=O)c2cc(ccc2N1)CN(C)c3ccc(s3)C(=O)N[C@@H](CCC(=O)O)C(=O)O
D16,TYMS,6zxo,401,B,4,O,2292,O4,17.69,-20.812,15.921,D16,CC1=NC(=O)c2cc(ccc2N1)CN(C)c3ccc(s3)C(=O)N[C@@H](CCC(=O)O)C(=O)O
D16,TYMS,6zxo,401,B,27,O,2313,OE1,24.172,-23.422,25.704,D16,CC1=NC(=O)c2cc(ccc2N1)CN(C)c3ccc(s3)C(=O)N[C@@H](CCC(=O)O)C(=O)O
D16,TYMS,6zxo,401,B,28,O,2314,OE2,22.444,-24.579,26.414,D16,CC1=NC(=O)c2cc(ccc2N1)CN(C)c3ccc(s3)C(=O)N[C@@H](CCC(=O)O)C(=O)O
D16,TYMS,6zxo,401,B,19,S,2302,S13,20.923,-20.022,19.401,D16,CC1=NC(=O)c2cc(ccc2N1)CN(C)c3ccc(s3)C(=O)N[C@@H](CCC(=O)O)C(=O)O
D16,TYMS,6zxo,401,C,20,C,2260,C,-6.84,19.62,26.507,D16,CC1=NC(=O)c2cc(ccc2N1)CN(C)c3ccc(s3)C(=O)N[C@@H](CCC(=O)O)C(=O)O
D16,TYMS,6zxo,401,C,18,C,2255,C11,-7.495,20.84,27.058,D16,CC1=NC(=O)c2cc(ccc2N1)CN(C)c3ccc(s3)C(=O)N[C@@H](CCC(=O)O)C(=O)O
D16,TYMS,6zxo,401,C,15,C,2257,C14,-9.012,22.228,28.318,D16,CC1=NC(=O)c2cc(ccc2N1)CN(C)c3ccc(s3)C(=O)N[C@@H](CCC(=O)O)C(=O)O
D16,TYMS,6zxo,401,C,16,C,2258,C15,-8.123,23.014,27.6,D16,CC1=NC(=O)c2cc(ccc2N1)CN(C)c3ccc(s3)C(=O)N[C@@H](CCC(=O)O)C(=O)O
D16,TYMS,6zxo,401,C,17,C,2259,C16,-7.25,22.203,26.875,D16,CC1=NC(=O)c2cc(ccc2N1)CN(C)c3ccc(s3)C(=O)N[C@@H](CCC(=O)O)C(=O)O
D16,TYMS,6zxo,401,C,1,C,2242,C2,-9.232,19.47,35.053,D16,CC1=NC(=O)c2cc(ccc2N1)CN(C)c3ccc(s3)C(=O)N[C@@H](CCC(=O)O)C(=O)O
D16,TYMS,6zxo,401,C,3,C,2245,C4,-8.197,20.681,33.302,D16,CC1=NC(=O)c2cc(ccc2N1)CN(C)c3ccc(s3)C(=O)N[C@@H](CCC(=O)O)C(=O)O
D16,TYMS,6zxo,401,C,5,C,2247,C4A,-9.504,20.72,32.604,D16,CC1=NC(=O)c2cc(ccc2N1)CN(C)c3ccc(s3)C(=O)N[C@@H](CCC(=O)O)C(=O)O
D16,TYMS,6zxo,401,C,6,C,2248,C5,-9.688,21.335,31.375,D16,CC1=NC(=O)c2cc(ccc2N1)CN(C)c3ccc(s3)C(=O)N[C@@H](CCC(=O)O)C(=O)O
D16,TYMS,6zxo,401,C,7,C,2249,C6,-10.953,21.323,30.793,D16,CC1=NC(=O)c2cc(ccc2N1)CN(C)c3ccc(s3)C(=O)N[C@@H](CCC(=O)O)C(=O)O
D16,TYMS,6zxo,401,C,8,C,2250,C7,-12.031,20.703,31.427,D16,CC1=NC(=O)c2cc(ccc2N1)CN(C)c3ccc(s3)C(=O)N[C@@H](CCC(=O)O)C(=O)O
D16,TYMS,6zxo,401,C,9,C,2251,C8,-11.887,20.075,32.662,D16,CC1=NC(=O)c2cc(ccc2N1)CN(C)c3ccc(s3)C(=O)N[C@@H](CCC(=O)O)C(=O)O
D16,TYMS,6zxo,401,C,10,C,2252,C8A,-10.643,20.063,33.278,D16,CC1=NC(=O)c2cc(ccc2N1)CN(C)c3ccc(s3)C(=O)N[C@@H](CCC(=O)O)C(=O)O
D16,TYMS,6zxo,401,C,12,C,2253,C9,-11.161,21.991,29.454,D16,CC1=NC(=O)c2cc(ccc2N1)CN(C)c3ccc(s3)C(=O)N[C@@H](CCC(=O)O)C(=O)O
D16,TYMS,6zxo,401,C,23,C,2263,CA,-4.967,18.707,25.268,D16,CC1=NC(=O)c2cc(ccc2N1)CN(C)c3ccc(s3)C(=O)N[C@@H](CCC(=O)O)C(=O)O
D16,TYMS,6zxo,401,C,24,C,2264,CB,-4.495,18.073,26.573,D16,CC1=NC(=O)c2cc(ccc2N1)CN(C)c3ccc(s3)C(=O)N[C@@H](CCC(=O)O)C(=O)O
D16,TYMS,6zxo,401,C,26,C,2266,CD,-3.566,15.962,27.476,D16,CC1=NC(=O)c2cc(ccc2N1)CN(C)c3ccc(s3)C(=O)N[C@@H](CCC(=O)O)C(=O)O
D16,TYMS,6zxo,401,C,25,C,2265,CG,-4.603,16.553,26.551,D16,CC1=NC(=O)c2cc(ccc2N1)CN(C)c3ccc(s3)C(=O)N[C@@H](CCC(=O)O)C(=O)O
D16,TYMS,6zxo,401,C,0,C,2243,CM2,-9.084,18.789,36.388,D16,CC1=NC(=O)c2cc(ccc2N1)CN(C)c3ccc(s3)C(=O)N[C@@H](CCC(=O)O)C(=O)O
D16,TYMS,6zxo,401,C,14,C,2272,CP1,-9.826,24.122,29.627,D16,CC1=NC(=O)c2cc(ccc2N1)CN(C)c3ccc(s3)C(=O)N[C@@H](CCC(=O)O)C(=O)O
D16,TYMS,6zxo,401,C,29,C,2269,CT,-5.55,17.668,24.356,D16,CC1=NC(=O)c2cc(ccc2N1)CN(C)c3ccc(s3)C(=O)N[C@@H](CCC(=O)O)C(=O)O
D16,TYMS,6zxo,401,C,22,N,2262,N,-5.924,19.758,25.553,D16,CC1=NC(=O)c2cc(ccc2N1)CN(C)c3ccc(s3)C(=O)N[C@@H](CCC(=O)O)C(=O)O
D16,TYMS,6zxo,401,C,11,N,2241,N1,-10.441,19.477,34.463,D16,CC1=NC(=O)c2cc(ccc2N1)CN(C)c3ccc(s3)C(=O)N[C@@H](CCC(=O)O)C(=O)O
D16,TYMS,6zxo,401,C,13,N,2254,N10,-9.979,22.769,29.115,D16,CC1=NC(=O)c2cc(ccc2N1)CN(C)c3ccc(s3)C(=O)N[C@@H](CCC(=O)O)C(=O)O
D16,TYMS,6zxo,401,C,2,N,2244,N3,-8.138,20.052,34.496,D16,CC1=NC(=O)c2cc(ccc2N1)CN(C)c3ccc(s3)C(=O)N[C@@H](CCC(=O)O)C(=O)O
D16,TYMS,6zxo,401,C,21,O,2261,O,-7.156,18.524,26.941,D16,CC1=NC(=O)c2cc(ccc2N1)CN(C)c3ccc(s3)C(=O)N[C@@H](CCC(=O)O)C(=O)O
D16,TYMS,6zxo,401,C,30,O,2270,O1,-4.864,17.268,23.391,D16,CC1=NC(=O)c2cc(ccc2N1)CN(C)c3ccc(s3)C(=O)N[C@@H](CCC(=O)O)C(=O)O
D16,TYMS,6zxo,401,C,31,O,2271,O2,-6.701,17.242,24.595,D16,CC1=NC(=O)c2cc(ccc2N1)CN(C)c3ccc(s3)C(=O)N[C@@H](CCC(=O)O)C(=O)O
D16,TYMS,6zxo,401,C,4,O,2246,O4,-7.183,21.212,32.801,D16,CC1=NC(=O)c2cc(ccc2N1)CN(C)c3ccc(s3)C(=O)N[C@@H](CCC(=O)O)C(=O)O
D16,TYMS,6zxo,401,C,27,O,2267,OE1,-3.944,15.177,28.372,D16,CC1=NC(=O)c2cc(ccc2N1)CN(C)c3ccc(s3)C(=O)N[C@@H](CCC(=O)O)C(=O)O
D16,TYMS,6zxo,401,C,28,O,2268,OE2,-2.369,16.282,27.31,D16,CC1=NC(=O)c2cc(ccc2N1)CN(C)c3ccc(s3)C(=O)N[C@@H](CCC(=O)O)C(=O)O
D16,TYMS,6zxo,401,C,19,S,2256,S13,-8.819,20.517,28.138,D16,CC1=NC(=O)c2cc(ccc2N1)CN(C)c3ccc(s3)C(=O)N[C@@H](CCC(=O)O)C(=O)O
D16,TYMS,6zxo,401,D,20,C,2301,C,-9.591,57.471,54.029,D16,CC1=NC(=O)c2cc(ccc2N1)CN(C)c3ccc(s3)C(=O)N[C@@H](CCC(=O)O)C(=O)O
D16,TYMS,6zxo,401,D,18,C,2296,C11,-10.381,56.621,53.083,D16,CC1=NC(=O)c2cc(ccc2N1)CN(C)c3ccc(s3)C(=O)N[C@@H](CCC(=O)O)C(=O)O
D16,TYMS,6zxo,401,D,15,C,2298,C14,-11.765,55.455,51.393,D16,CC1=NC(=O)c2cc(ccc2N1)CN(C)c3ccc(s3)C(=O)N[C@@H](CCC(=O)O)C(=O)O
D16,TYMS,6zxo,401,D,16,C,2299,C15,-11.004,54.611,52.127,D16,CC1=NC(=O)c2cc(ccc2N1)CN(C)c3ccc(s3)C(=O)N[C@@H](CCC(=O)O)C(=O)O
D16,TYMS,6zxo,401,D,17,C,2300,C16,-10.237,55.264,53.045,D16,CC1=NC(=O)c2cc(ccc2N1)CN(C)c3ccc(s3)C(=O)N[C@@H](CCC(=O)O)C(=O)O
D16,TYMS,6zxo,401,D,1,C,2283,C2,-10.419,57.972,44.649,D16,CC1=NC(=O)c2cc(ccc2N1)CN(C)c3ccc(s3)C(=O)N[C@@H](CCC(=O)O)C(=O)O
D16,TYMS,6zxo,401,D,3,C,2286,C4,-9.858,56.64,46.542,D16,CC1=NC(=O)c2cc(ccc2N1)CN(C)c3ccc(s3)C(=O)N[C@@H](CCC(=O)O)C(=O)O
D16,TYMS,6zxo,401,D,5,C,2288,C4A,-11.268,56.593,46.889,D16,CC1=NC(=O)c2cc(ccc2N1)CN(C)c3ccc(s3)C(=O)N[C@@H](CCC(=O)O)C(=O)O
D16,TYMS,6zxo,401,D,6,C,2289,C5,-11.659,55.892,48.027,D16,CC1=NC(=O)c2cc(ccc2N1)CN(C)c3ccc(s3)C(=O)N[C@@H](CCC(=O)O)C(=O)O
D16,TYMS,6zxo,401,D,7,C,2290,C6,-13.024,55.894,48.308,D16,CC1=NC(=O)c2cc(ccc2N1)CN(C)c3ccc(s3)C(=O)N[C@@H](CCC(=O)O)C(=O)O
D16,TYMS,6zxo,401,D,8,C,2291,C7,-13.932,56.575,47.454,D16,CC1=NC(=O)c2cc(ccc2N1)CN(C)c3ccc(s3)C(=O)N[C@@H](CCC(=O)O)C(=O)O
D16,TYMS,6zxo,401,D,9,C,2292,C8,-13.563,57.271,46.29,D16,CC1=NC(=O)c2cc(ccc2N1)CN(C)c3ccc(s3)C(=O)N[C@@H](CCC(=O)O)C(=O)O
D16,TYMS,6zxo,401,D,10,C,2293,C8A,-12.217,57.312,45.983,D16,CC1=NC(=O)c2cc(ccc2N1)CN(C)c3ccc(s3)C(=O)N[C@@H](CCC(=O)O)C(=O)O
D16,TYMS,6zxo,401,D,12,C,2294,C9,-13.564,55.203,49.539,D16,CC1=NC(=O)c2cc(ccc2N1)CN(C)c3ccc(s3)C(=O)N[C@@H](CCC(=O)O)C(=O)O
D16,TYMS,6zxo,401,D,23,C,2304,CA,-8.867,59.356,55.305,D16,CC1=NC(=O)c2cc(ccc2N1)CN(C)c3ccc(s3)C(=O)N[C@@H](CCC(=O)O)C(=O)O
D16,TYMS,6zxo,401,D,24,C,2305,CB,-7.743,60.237,54.775,D16,CC1=NC(=O)c2cc(ccc2N1)CN(C)c3ccc(s3)C(=O)N[C@@H](CCC(=O)O)C(=O)O
D16,TYMS,6zxo,401,D,26,C,2307,CD,-5.385,60.332,53.918,D16,CC1=NC(=O)c2cc(ccc2N1)CN(C)c3ccc(s3)C(=O)N[C@@H](CCC(=O)O)C(=O)O
D16,TYMS,6zxo,401,D,25,C,2306,CG,-6.348,59.617,54.877,D16,CC1=NC(=O)c2cc(ccc2N1)CN(C)c3ccc(s3)C(=O)N[C@@H](CCC(=O)O)C(=O)O
D16,TYMS,6zxo,401,D,0,C,2284,CM2,-9.941,58.687,43.432,D16,CC1=NC(=O)c2cc(ccc2N1)CN(C)c3ccc(s3)C(=O)N[C@@H](CCC(=O)O)C(=O)O
D16,TYMS,6zxo,401,D,14,C,2313,CP1,-12.318,53.305,50.42,D16,CC1=NC(=O)c2cc(ccc2N1)CN(C)c3ccc(s3)C(=O)N[C@@H](CCC(=O)O)C(=O)O
D16,TYMS,6zxo,401,D,29,C,2310,CT,-9.706,60.152,56.255,D16,CC1=NC(=O)c2cc(ccc2N1)CN(C)c3ccc(s3)C(=O)N[C@@H](CCC(=O)O)C(=O)O
D16,TYMS,6zxo,401,D,22,N,2303,N,-9.683,58.784,54.221,D16,CC1=NC(=O)c2cc(ccc2N1)CN(C)c3ccc(s3)C(=O)N[C@@H](CCC(=O)O)C(=O)O
D16,TYMS,6zxo,401,D,11,N,2282,N1,-11.749,57.966,44.899,D16,CC1=NC(=O)c2cc(ccc2N1)CN(C)c3ccc(s3)C(=O)N[C@@H](CCC(=O)O)C(=O)O
D16,TYMS,6zxo,401,D,13,N,2295,N10,-12.526,54.753,50.469,D16,CC1=NC(=O)c2cc(ccc2N1)CN(C)c3ccc(s3)C(=O)N[C@@H](CCC(=O)O)C(=O)O
D16,TYMS,6zxo,401,D,2,N,2285,N3,-9.492,57.333,45.436,D16,CC1=NC(=O)c2cc(ccc2N1)CN(C)c3ccc(s3)C(=O)N[C@@H](CCC(=O)O)C(=O)O
D16,TYMS,6zxo,401,D,21,O,2302,O,-8.751,56.851,54.685,D16,CC1=NC(=O)c2cc(ccc2N1)CN(C)c3ccc(s3)C(=O)N[C@@H](CCC(=O)O)C(=O)O
D16,TYMS,6zxo,401,D,30,O,2311,O1,-10.69,60.745,55.787,D16,CC1=NC(=O)c2cc(ccc2N1)CN(C)c3ccc(s3)C(=O)N[C@@H](CCC(=O)O)C(=O)O
D16,TYMS,6zxo,401,D,31,O,2312,O2,-9.42,60.193,57.472,D16,CC1=NC(=O)c2cc(ccc2N1)CN(C)c3ccc(s3)C(=O)N[C@@H](CCC(=O)O)C(=O)O
D16,TYMS,6zxo,401,D,4,O,2287,O4,-9.077,56.041,47.301,D16,CC1=NC(=O)c2cc(ccc2N1)CN(C)c3ccc(s3)C(=O)N[C@@H](CCC(=O)O)C(=O)O
D16,TYMS,6zxo,401,D,27,O,2308,OE1,-5.866,61.218,53.141,D16,CC1=NC(=O)c2cc(ccc2N1)CN(C)c3ccc(s3)C(=O)N[C@@H](CCC(=O)O)C(=O)O
D16,TYMS,6zxo,401,D,28,O,2309,OE2,-4.147,60.009,53.93,D16,CC1=NC(=O)c2cc(ccc2N1)CN(C)c3ccc(s3)C(=O)N[C@@H](CCC(=O)O)C(=O)O
D16,TYMS,6zxo,401,D,19,S,2297,S13,-11.534,57.131,51.87,D16,CC1=NC(=O)c2cc(ccc2N1)CN(C)c3ccc(s3)C(=O)N[C@@H](CCC(=O)O)C(=O)O
D16,TYMS,6zxo,401,E,20,C,2291,C,-13.492,8.768,57.511,D16,CC1=NC(=O)c2cc(ccc2N1)CN(C)c3ccc(s3)C(=O)N[C@@H](CCC(=O)O)C(=O)O
D16,TYMS,6zxo,401,E,18,C,2286,C11,-13.848,7.494,58.198,D16,CC1=NC(=O)c2cc(ccc2N1)CN(C)c3ccc(s3)C(=O)N[C@@H](CCC(=O)O)C(=O)O
D16,TYMS,6zxo,401,E,15,C,2288,C14,-13.755,5.649,59.748,D16,CC1=NC(=O)c2cc(ccc2N1)CN(C)c3ccc(s3)C(=O)N[C@@H](CCC(=O)O)C(=O)O
D16,TYMS,6zxo,401,E,16,C,2289,C15,-14.829,5.499,58.884,D16,CC1=NC(=O)c2cc(ccc2N1)CN(C)c3ccc(s3)C(=O)N[C@@H](CCC(=O)O)C(=O)O
D16,TYMS,6zxo,401,E,17,C,2290,C16,-14.875,6.57,57.992,D16,CC1=NC(=O)c2cc(ccc2N1)CN(C)c3ccc(s3)C(=O)N[C@@H](CCC(=O)O)C(=O)O
D16,TYMS,6zxo,401,E,1,C,2273,C2,-14.046,8.426,66.454,D16,CC1=NC(=O)c2cc(ccc2N1)CN(C)c3ccc(s3)C(=O)N[C@@H](CCC(=O)O)C(=O)O
D16,TYMS,6zxo,401,E,3,C,2276,C4,-14.964,7.85,64.372,D16,CC1=NC(=O)c2cc(ccc2N1)CN(C)c3ccc(s3)C(=O)N[C@@H](CCC(=O)O)C(=O)O
D16,TYMS,6zxo,401,E,5,C,2278,C4A,-13.773,7.041,64.079,D16,CC1=NC(=O)c2cc(ccc2N1)CN(C)c3ccc(s3)C(=O)N[C@@H](CCC(=O)O)C(=O)O
D16,TYMS,6zxo,401,E,6,C,2279,C5,-13.592,6.329,62.902,D16,CC1=NC(=O)c2cc(ccc2N1)CN(C)c3ccc(s3)C(=O)N[C@@H](CCC(=O)O)C(=O)O
D16,TYMS,6zxo,401,E,7,C,2280,C6,-12.424,5.591,62.73,D16,CC1=NC(=O)c2cc(ccc2N1)CN(C)c3ccc(s3)C(=O)N[C@@H](CCC(=O)O)C(=O)O
D16,TYMS,6zxo,401,E,8,C,2281,C7,-11.441,5.558,63.719,D16,CC1=NC(=O)c2cc(ccc2N1)CN(C)c3ccc(s3)C(=O)N[C@@H](CCC(=O)O)C(=O)O
D16,TYMS,6zxo,401,E,9,C,2282,C8,-11.585,6.259,64.913,D16,CC1=NC(=O)c2cc(ccc2N1)CN(C)c3ccc(s3)C(=O)N[C@@H](CCC(=O)O)C(=O)O
D16,TYMS,6zxo,401,E,10,C,2283,C8A,-12.734,7.008,65.127,D16,CC1=NC(=O)c2cc(ccc2N1)CN(C)c3ccc(s3)C(=O)N[C@@H](CCC(=O)O)C(=O)O
D16,TYMS,6zxo,401,E,12,C,2284,C9,-12.219,4.813,61.451,D16,CC1=NC(=O)c2cc(ccc2N1)CN(C)c3ccc(s3)C(=O)N[C@@H](CCC(=O)O)C(=O)O
D16,TYMS,6zxo,401,E,23,C,2294,CA,-14.087,10.463,55.881,D16,CC1=NC(=O)c2cc(ccc2N1)CN(C)c3ccc(s3)C(=O)N[C@@H](CCC(=O)O)C(=O)O
D16,TYMS,6zxo,401,E,24,C,2295,CB,-14.103,11.487,57.009,D16,CC1=NC(=O)c2cc(ccc2N1)CN(C)c3ccc(s3)C(=O)N[C@@H](CCC(=O)O)C(=O)O
D16,TYMS,6zxo,401,E,26,C,2297,CD,-14.287,13.892,57.572,D16,CC1=NC(=O)c2cc(ccc2N1)CN(C)c3ccc(s3)C(=O)N[C@@H](CCC(=O)O)C(=O)O
D16,TYMS,6zxo,401,E,25,C,2296,CG,-14.519,12.86,56.494,D16,CC1=NC(=O)c2cc(ccc2N1)CN(C)c3ccc(s3)C(=O)N[C@@H](CCC(=O)O)C(=O)O
D16,TYMS,6zxo,401,E,0,C,2274,CM2,-14.193,9.18,67.749,D16,CC1=NC(=O)c2cc(ccc2N1)CN(C)c3ccc(s3)C(=O)N[C@@H](CCC(=O)O)C(=O)O
D16,TYMS,6zxo,401,E,14,C,2303,CP1,-14.439,3.693,61.041,D16,CC1=NC(=O)c2cc(ccc2N1)CN(C)c3ccc(s3)C(=O)N[C@@H](CCC(=O)O)C(=O)O
D16,TYMS,6zxo,401,E,29,C,2300,CT,-12.843,10.638,55.061,D16,CC1=NC(=O)c2cc(ccc2N1)CN(C)c3ccc(s3)C(=O)N[C@@H](CCC(=O)O)C(=O)O
D16,TYMS,6zxo,401,E,22,N,2293,N,-14.178,9.123,56.428,D16,CC1=NC(=O)c2cc(ccc2N1)CN(C)c3ccc(s3)C(=O)N[C@@H](CCC(=O)O)C(=O)O
D16,TYMS,6zxo,401,E,11,N,2272,N1,-12.93,7.702,66.254,D16,CC1=NC(=O)c2cc(ccc2N1)CN(C)c3ccc(s3)C(=O)N[C@@H](CCC(=O)O)C(=O)O
D16,TYMS,6zxo,401,E,13,N,2285,N10,-13.478,4.738,60.725,D16,CC1=NC(=O)c2cc(ccc2N1)CN(C)c3ccc(s3)C(=O)N[C@@H](CCC(=O)O)C(=O)O
D16,TYMS,6zxo,401,E,2,N,2275,N3,-15.046,8.505,65.537,D16,CC1=NC(=O)c2cc(ccc2N1)CN(C)c3ccc(s3)C(=O)N[C@@H](CCC(=O)O)C(=O)O
D16,TYMS,6zxo,401,E,21,O,2292,O,-12.585,9.453,57.952,D16,CC1=NC(=O)c2cc(ccc2N1)CN(C)c3ccc(s3)C(=O)N[C@@H](CCC(=O)O)C(=O)O
D16,TYMS,6zxo,401,E,30,O,2301,O1,-12.958,11.03,53.88,D16,CC1=NC(=O)c2cc(ccc2N1)CN(C)c3ccc(s3)C(=O)N[C@@H](CCC(=O)O)C(=O)O
D16,TYMS,6zxo,401,E,31,O,2302,O2,-11.74,10.385,55.591,D16,CC1=NC(=O)c2cc(ccc2N1)CN(C)c3ccc(s3)C(=O)N[C@@H](CCC(=O)O)C(=O)O
D16,TYMS,6zxo,401,E,4,O,2277,O4,-15.897,7.934,63.534,D16,CC1=NC(=O)c2cc(ccc2N1)CN(C)c3ccc(s3)C(=O)N[C@@H](CCC(=O)O)C(=O)O
D16,TYMS,6zxo,401,E,27,O,2298,OE1,-13.124,14.31,57.757,D16,CC1=NC(=O)c2cc(ccc2N1)CN(C)c3ccc(s3)C(=O)N[C@@H](CCC(=O)O)C(=O)O
D16,TYMS,6zxo,401,E,28,O,2299,OE2,-15.268,14.29,58.237,D16,CC1=NC(=O)c2cc(ccc2N1)CN(C)c3ccc(s3)C(=O)N[C@@H](CCC(=O)O)C(=O)O
D16,TYMS,6zxo,401,E,19,S,2287,S13,-12.788,7.065,59.508,D16,CC1=NC(=O)c2cc(ccc2N1)CN(C)c3ccc(s3)C(=O)N[C@@H](CCC(=O)O)C(=O)O
D16,TYMS,6zxo,401,F,20,C,2265,C,-41.554,-20.634,81.251,D16,CC1=NC(=O)c2cc(ccc2N1)CN(C)c3ccc(s3)C(=O)N[C@@H](CCC(=O)O)C(=O)O
D16,TYMS,6zxo,401,F,18,C,2260,C11,-40.335,-19.857,80.89,D16,CC1=NC(=O)c2cc(ccc2N1)CN(C)c3ccc(s3)C(=O)N[C@@H](CCC(=O)O)C(=O)O
D16,TYMS,6zxo,401,F,15,C,2262,C14,-38.136,-19.353,80.034,D16,CC1=NC(=O)c2cc(ccc2N1)CN(C)c3ccc(s3)C(=O)N[C@@H](CCC(=O)O)C(=O)O
D16,TYMS,6zxo,401,F,16,C,2263,C15,-38.725,-18.21,80.553,D16,CC1=NC(=O)c2cc(ccc2N1)CN(C)c3ccc(s3)C(=O)N[C@@H](CCC(=O)O)C(=O)O
D16,TYMS,6zxo,401,F,17,C,2264,C16,-39.995,-18.51,81.045,D16,CC1=NC(=O)c2cc(ccc2N1)CN(C)c3ccc(s3)C(=O)N[C@@H](CCC(=O)O)C(=O)O
D16,TYMS,6zxo,401,F,1,C,2247,C2,-38.646,-21.838,73.367,D16,CC1=NC(=O)c2cc(ccc2N1)CN(C)c3ccc(s3)C(=O)N[C@@H](CCC(=O)O)C(=O)O
D16,TYMS,6zxo,401,F,3,C,2250,C4,-39.0,-20.221,75.025,D16,CC1=NC(=O)c2cc(ccc2N1)CN(C)c3ccc(s3)C(=O)N[C@@H](CCC(=O)O)C(=O)O
D16,TYMS,6zxo,401,F,5,C,2252,C4A,-37.975,-20.859,75.862,D16,CC1=NC(=O)c2cc(ccc2N1)CN(C)c3ccc(s3)C(=O)N[C@@H](CCC(=O)O)C(=O)O
D16,TYMS,6zxo,401,F,6,C,2253,C5,-37.606,-20.403,77.119,D16,CC1=NC(=O)c2cc(ccc2N1)CN(C)c3ccc(s3)C(=O)N[C@@H](CCC(=O)O)C(=O)O
D16,TYMS,6zxo,401,F,7,C,2254,C6,-36.619,-21.087,77.825,D16,CC1=NC(=O)c2cc(ccc2N1)CN(C)c3ccc(s3)C(=O)N[C@@H](CCC(=O)O)C(=O)O
D16,TYMS,6zxo,401,F,8,C,2255,C7,-36.003,-22.217,77.287,D16,CC1=NC(=O)c2cc(ccc2N1)CN(C)c3ccc(s3)C(=O)N[C@@H](CCC(=O)O)C(=O)O
D16,TYMS,6zxo,401,F,9,C,2256,C8,-36.346,-22.706,76.029,D16,CC1=NC(=O)c2cc(ccc2N1)CN(C)c3ccc(s3)C(=O)N[C@@H](CCC(=O)O)C(=O)O
D16,TYMS,6zxo,401,F,10,C,2257,C8A,-37.324,-22.055,75.29,D16,CC1=NC(=O)c2cc(ccc2N1)CN(C)c3ccc(s3)C(=O)N[C@@H](CCC(=O)O)C(=O)O
D16,TYMS,6zxo,401,F,12,C,2258,C9,-36.21,-20.598,79.195,D16,CC1=NC(=O)c2cc(ccc2N1)CN(C)c3ccc(s3)C(=O)N[C@@H](CCC(=O)O)C(=O)O
D16,TYMS,6zxo,401,F,23,C,2268,CA,-43.41,-21.027,82.764,D16,CC1=NC(=O)c2cc(ccc2N1)CN(C)c3ccc(s3)C(=O)N[C@@H](CCC(=O)O)C(=O)O
D16,TYMS,6zxo,401,F,24,C,2269,CB,-43.169,-21.608,84.152,D16,CC1=NC(=O)c2cc(ccc2N1)CN(C)c3ccc(s3)C(=O)N[C@@H](CCC(=O)O)C(=O)O
D16,TYMS,6zxo,401,F,26,C,2271,CD,-43.697,-23.444,85.73,D16,CC1=NC(=O)c2cc(ccc2N1)CN(C)c3ccc(s3)C(=O)N[C@@H](CCC(=O)O)C(=O)O
D16,TYMS,6zxo,401,F,25,C,2270,CG,-44.012,-22.857,84.375,D16,CC1=NC(=O)c2cc(ccc2N1)CN(C)c3ccc(s3)C(=O)N[C@@H](CCC(=O)O)C(=O)O
D16,TYMS,6zxo,401,F,0,C,2248,CM2,-39.012,-22.372,72.008,D16,CC1=NC(=O)c2cc(ccc2N1)CN(C)c3ccc(s3)C(=O)N[C@@H](CCC(=O)O)C(=O)O
D16,TYMS,6zxo,401,F,14,C,2277,CP1,-36.23,-18.078,79.19,D16,CC1=NC(=O)c2cc(ccc2N1)CN(C)c3ccc(s3)C(=O)N[C@@H](CCC(=O)O)C(=O)O
D16,TYMS,6zxo,401,F,29,C,2274,CT,-44.643,-20.172,82.787,D16,CC1=NC(=O)c2cc(ccc2N1)CN(C)c3ccc(s3)C(=O)N[C@@H](CCC(=O)O)C(=O)O
D16,TYMS,6zxo,401,F,22,N,2267,N,-42.248,-20.277,82.329,D16,CC1=NC(=O)c2cc(ccc2N1)CN(C)c3ccc(s3)C(=O)N[C@@H](CCC(=O)O)C(=O)O
D16,TYMS,6zxo,401,F,11,N,2246,N1,-37.697,-22.476,74.076,D16,CC1=NC(=O)c2cc(ccc2N1)CN(C)c3ccc(s3)C(=O)N[C@@H](CCC(=O)O)C(=O)O
D16,TYMS,6zxo,401,F,13,N,2259,N10,-36.886,-19.343,79.485,D16,CC1=NC(=O)c2cc(ccc2N1)CN(C)c3ccc(s3)C(=O)N[C@@H](CCC(=O)O)C(=O)O
D16,TYMS,6zxo,401,F,2,N,2249,N3,-39.29,-20.733,73.826,D16,CC1=NC(=O)c2cc(ccc2N1)CN(C)c3ccc(s3)C(=O)N[C@@H](CCC(=O)O)C(=O)O
D16,TYMS,6zxo,401,F,21,O,2266,O,-41.889,-21.577,80.554,D16,CC1=NC(=O)c2cc(ccc2N1)CN(C)c3ccc(s3)C(=O)N[C@@H](CCC(=O)O)C(=O)O
D16,TYMS,6zxo,401,F,30,O,2275,O1,-44.593,-19.039,82.263,D16,CC1=NC(=O)c2cc(ccc2N1)CN(C)c3ccc(s3)C(=O)N[C@@H](CCC(=O)O)C(=O)O
D16,TYMS,6zxo,401,F,31,O,2276,O2,-45.673,-20.626,83.331,D16,CC1=NC(=O)c2cc(ccc2N1)CN(C)c3ccc(s3)C(=O)N[C@@H](CCC(=O)O)C(=O)O
D16,TYMS,6zxo,401,F,4,O,2251,O4,-39.606,-19.193,75.439,D16,CC1=NC(=O)c2cc(ccc2N1)CN(C)c3ccc(s3)C(=O)N[C@@H](CCC(=O)O)C(=O)O
D16,TYMS,6zxo,401,F,27,O,2272,OE1,-42.51,-23.736,85.992,D16,CC1=NC(=O)c2cc(ccc2N1)CN(C)c3ccc(s3)C(=O)N[C@@H](CCC(=O)O)C(=O)O
D16,TYMS,6zxo,401,F,28,O,2273,OE2,-44.634,-23.616,86.54,D16,CC1=NC(=O)c2cc(ccc2N1)CN(C)c3ccc(s3)C(=O)N[C@@H](CCC(=O)O)C(=O)O
D16,TYMS,6zxo,401,F,19,S,2261,S13,-39.087,-20.797,80.126,D16,CC1=NC(=O)c2cc(ccc2N1)CN(C)c3ccc(s3)C(=O)N[C@@H](CCC(=O)O)C(=O)O
D96,TYMS,6oju,601,A,10,C,2239,C1,215.041,-130.702,102.687,D96,c1cc(ccc1Cc2c[nH]c3c2C(=O)NC(=N3)N)C(=O)N[C@H](CCC(=O)O)C(=O)O
D96,TYMS,6oju,601,A,3,C,2252,C10,219.562,-129.163,100.275,D96,c1cc(ccc1Cc2c[nH]c3c2C(=O)NC(=N3)N)C(=O)N[C@H](CCC(=O)O)C(=O)O
D96,TYMS,6oju,601,A,2,C,2253,C11,220.537,-129.94,99.666,D96,c1cc(ccc1Cc2c[nH]c3c2C(=O)NC(=N3)N)C(=O)N[C@H](CCC(=O)O)C(=O)O
D96,TYMS,6oju,601,A,1,C,2254,C12,220.907,-131.161,100.214,D96,c1cc(ccc1Cc2c[nH]c3c2C(=O)NC(=N3)N)C(=O)N[C@H](CCC(=O)O)C(=O)O
D96,TYMS,6oju,601,A,0,C,2255,C13,220.298,-131.605,101.383,D96,c1cc(ccc1Cc2c[nH]c3c2C(=O)NC(=N3)N)C(=O)N[C@H](CCC(=O)O)C(=O)O
D96,TYMS,6oju,601,A,18,C,2256,C14,221.176,-129.448,98.406,D96,c1cc(ccc1Cc2c[nH]c3c2C(=O)NC(=N3)N)C(=O)N[C@H](CCC(=O)O)C(=O)O
D96,TYMS,6oju,601,A,21,C,2259,C15,223.043,-130.019,96.855,D96,c1cc(ccc1Cc2c[nH]c3c2C(=O)NC(=N3)N)C(=O)N[C@H](CCC(=O)O)C(=O)O
D96,TYMS,6oju,601,A,22,C,2260,C16,224.213,-130.963,96.9,D96,c1cc(ccc1Cc2c[nH]c3c2C(=O)NC(=N3)N)C(=O)N[C@H](CCC(=O)O)C(=O)O
D96,TYMS,6oju,601,A,27,C,2261,C17,223.508,-128.591,96.752,D96,c1cc(ccc1Cc2c[nH]c3c2C(=O)NC(=N3)N)C(=O)N[C@H](CCC(=O)O)C(=O)O
D96,TYMS,6oju,601,A,23,C,2264,C18,223.733,-132.344,97.243,D96,c1cc(ccc1Cc2c[nH]c3c2C(=O)NC(=N3)N)C(=O)N[C@H](CCC(=O)O)C(=O)O
D96,TYMS,6oju,601,A,24,C,2265,C19,223.32,-133.075,95.998,D96,c1cc(ccc1Cc2c[nH]c3c2C(=O)NC(=N3)N)C(=O)N[C@H](CCC(=O)O)C(=O)O
D96,TYMS,6oju,601,A,11,C,2240,C2,216.234,-131.319,102.322,D96,c1cc(ccc1Cc2c[nH]c3c2C(=O)NC(=N3)N)C(=O)N[C@H](CCC(=O)O)C(=O)O
D96,TYMS,6oju,601,A,12,C,2241,C3,216.228,-132.213,101.166,D96,c1cc(ccc1Cc2c[nH]c3c2C(=O)NC(=N3)N)C(=O)N[C@H](CCC(=O)O)C(=O)O
D96,TYMS,6oju,601,A,15,C,2243,C4,213.829,-131.634,101.035,D96,c1cc(ccc1Cc2c[nH]c3c2C(=O)NC(=N3)N)C(=O)N[C@H](CCC(=O)O)C(=O)O
D96,TYMS,6oju,601,A,7,C,2244,C5,217.213,-130.893,103.238,D96,c1cc(ccc1Cc2c[nH]c3c2C(=O)NC(=N3)N)C(=O)N[C@H](CCC(=O)O)C(=O)O
D96,TYMS,6oju,601,A,8,C,2245,C6,216.594,-130.025,104.133,D96,c1cc(ccc1Cc2c[nH]c3c2C(=O)NC(=N3)N)C(=O)N[C@H](CCC(=O)O)C(=O)O
D96,TYMS,6oju,601,A,6,C,2249,C7,218.66,-131.288,103.255,D96,c1cc(ccc1Cc2c[nH]c3c2C(=O)NC(=N3)N)C(=O)N[C@H](CCC(=O)O)C(=O)O
D96,TYMS,6oju,601,A,5,C,2250,C8,219.323,-130.823,101.995,D96,c1cc(ccc1Cc2c[nH]c3c2C(=O)NC(=N3)N)C(=O)N[C@H](CCC(=O)O)C(=O)O
D96,TYMS,6oju,601,A,4,C,2251,C9,218.956,-129.604,101.442,D96,c1cc(ccc1Cc2c[nH]c3c2C(=O)NC(=N3)N)C(=O)N[C@H](CCC(=O)O)C(=O)O
D96,TYMS,6oju,601,A,16,N,2238,N1,213.839,-130.845,102.061,D96,c1cc(ccc1Cc2c[nH]c3c2C(=O)NC(=N3)N)C(=O)N[C@H](CCC(=O)O)C(=O)O
D96,TYMS,6oju,601,A,14,N,2242,N2,214.976,-132.281,100.62,D96,c1cc(ccc1Cc2c[nH]c3c2C(=O)NC(=N3)N)C(=O)N[C@H](CCC(=O)O)C(=O)O
D96,TYMS,6oju,601,A,9,N,2246,N3,215.267,-129.92,103.783,D96,c1cc(ccc1Cc2c[nH]c3c2C(=O)NC(=N3)N)C(=O)N[C@H](CCC(=O)O)C(=O)O
D96,TYMS,6oju,601,A,17,N,2248,N4,212.61,-131.881,100.27,D96,c1cc(ccc1Cc2c[nH]c3c2C(=O)NC(=N3)N)C(=O)N[C@H](CCC(=O)O)C(=O)O
D96,TYMS,6oju,601,A,20,N,2258,N5,222.208,-130.211,98.042,D96,c1cc(ccc1Cc2c[nH]c3c2C(=O)NC(=N3)N)C(=O)N[C@H](CCC(=O)O)C(=O)O
D96,TYMS,6oju,601,A,13,O,2247,O1,217.159,-132.855,100.679,D96,c1cc(ccc1Cc2c[nH]c3c2C(=O)NC(=N3)N)C(=O)N[C@H](CCC(=O)O)C(=O)O
D96,TYMS,6oju,601,A,19,O,2257,O2,220.794,-128.466,97.773,D96,c1cc(ccc1Cc2c[nH]c3c2C(=O)NC(=N3)N)C(=O)N[C@H](CCC(=O)O)C(=O)O
D96,TYMS,6oju,601,A,28,O,2262,O3,223.801,-127.824,97.666,D96,c1cc(ccc1Cc2c[nH]c3c2C(=O)NC(=N3)N)C(=O)N[C@H](CCC(=O)O)C(=O)O
D96,TYMS,6oju,601,A,29,O,2263,O4,223.545,-128.233,95.443,D96,c1cc(ccc1Cc2c[nH]c3c2C(=O)NC(=N3)N)C(=O)N[C@H](CCC(=O)O)C(=O)O
D96,TYMS,6oju,601,A,25,O,2266,O5,223.308,-132.644,94.848,D96,c1cc(ccc1Cc2c[nH]c3c2C(=O)NC(=N3)N)C(=O)N[C@H](CCC(=O)O)C(=O)O
D96,TYMS,6oju,601,A,26,O,2267,O6,222.939,-134.338,96.32,D96,c1cc(ccc1Cc2c[nH]c3c2C(=O)NC(=N3)N)C(=O)N[C@H](CCC(=O)O)C(=O)O
D96,TYMS,6oju,601,B,10,C,2183,C1,239.039,-103.482,75.27,D96,c1cc(ccc1Cc2c[nH]c3c2C(=O)NC(=N3)N)C(=O)N[C@H](CCC(=O)O)C(=O)O
D96,TYMS,6oju,601,B,3,C,2196,C10,240.005,-100.171,79.159,D96,c1cc(ccc1Cc2c[nH]c3c2C(=O)NC(=N3)N)C(=O)N[C@H](CCC(=O)O)C(=O)O
D96,TYMS,6oju,601,B,2,C,2197,C11,241.177,-99.616,79.647,D96,c1cc(ccc1Cc2c[nH]c3c2C(=O)NC(=N3)N)C(=O)N[C@H](CCC(=O)O)C(=O)O
D96,TYMS,6oju,601,B,1,C,2198,C12,242.341,-100.375,79.717,D96,c1cc(ccc1Cc2c[nH]c3c2C(=O)NC(=N3)N)C(=O)N[C@H](CCC(=O)O)C(=O)O
D96,TYMS,6oju,601,B,0,C,2199,C13,242.327,-101.701,79.3,D96,c1cc(ccc1Cc2c[nH]c3c2C(=O)NC(=N3)N)C(=O)N[C@H](CCC(=O)O)C(=O)O
D96,TYMS,6oju,601,B,18,C,2200,C14,241.167,-98.182,80.078,D96,c1cc(ccc1Cc2c[nH]c3c2C(=O)NC(=N3)N)C(=O)N[C@H](CCC(=O)O)C(=O)O
D96,TYMS,6oju,601,B,21,C,2203,C15,242.804,-96.418,80.761,D96,c1cc(ccc1Cc2c[nH]c3c2C(=O)NC(=N3)N)C(=O)N[C@H](CCC(=O)O)C(=O)O
D96,TYMS,6oju,601,B,22,C,2204,C16,244.217,-96.499,81.257,D96,c1cc(ccc1Cc2c[nH]c3c2C(=O)NC(=N3)N)C(=O)N[C@H](CCC(=O)O)C(=O)O
D96,TYMS,6oju,601,B,27,C,2205,C17,241.901,-95.897,81.842,D96,c1cc(ccc1Cc2c[nH]c3c2C(=O)NC(=N3)N)C(=O)N[C@H](CCC(=O)O)C(=O)O
D96,TYMS,6oju,601,B,23,C,2208,C18,244.994,-97.409,80.353,D96,c1cc(ccc1Cc2c[nH]c3c2C(=O)NC(=N3)N)C(=O)N[C@H](CCC(=O)O)C(=O)O
D96,TYMS,6oju,601,B,24,C,2209,C19,246.331,-96.789,80.08,D96,c1cc(ccc1Cc2c[nH]c3c2C(=O)NC(=N3)N)C(=O)N[C@H](CCC(=O)O)C(=O)O
D96,TYMS,6oju,601,B,11,C,2184,C2,240.221,-103.225,75.956,D96,c1cc(ccc1Cc2c[nH]c3c2C(=O)NC(=N3)N)C(=O)N[C@H](CCC(=O)O)C(=O)O
D96,TYMS,6oju,601,B,12,C,2185,C3,241.299,-102.539,75.254,D96,c1cc(ccc1Cc2c[nH]c3c2C(=O)NC(=N3)N)C(=O)N[C@H](CCC(=O)O)C(=O)O
D96,TYMS,6oju,601,B,15,C,2187,C4,239.729,-102.541,73.347,D96,c1cc(ccc1Cc2c[nH]c3c2C(=O)NC(=N3)N)C(=O)N[C@H](CCC(=O)O)C(=O)O
D96,TYMS,6oju,601,B,7,C,2188,C5,240.069,-103.738,77.255,D96,c1cc(ccc1Cc2c[nH]c3c2C(=O)NC(=N3)N)C(=O)N[C@H](CCC(=O)O)C(=O)O
D96,TYMS,6oju,601,B,8,C,2189,C6,238.791,-104.289,77.333,D96,c1cc(ccc1Cc2c[nH]c3c2C(=O)NC(=N3)N)C(=O)N[C@H](CCC(=O)O)C(=O)O
D96,TYMS,6oju,601,B,6,C,2193,C7,241.088,-103.679,78.355,D96,c1cc(ccc1Cc2c[nH]c3c2C(=O)NC(=N3)N)C(=O)N[C@H](CCC(=O)O)C(=O)O
D96,TYMS,6oju,601,B,5,C,2194,C8,241.148,-102.257,78.816,D96,c1cc(ccc1Cc2c[nH]c3c2C(=O)NC(=N3)N)C(=O)N[C@H](CCC(=O)O)C(=O)O
D96,TYMS,6oju,601,B,4,C,2195,C9,239.992,-101.492,78.745,D96,c1cc(ccc1Cc2c[nH]c3c2C(=O)NC(=N3)N)C(=O)N[C@H](CCC(=O)O)C(=O)O
D96,TYMS,6oju,601,B,16,N,2182,N1,238.777,-103.148,73.976,D96,c1cc(ccc1Cc2c[nH]c3c2C(=O)NC(=N3)N)C(=O)N[C@H](CCC(=O)O)C(=O)O
D96,TYMS,6oju,601,B,14,N,2186,N2,240.929,-102.255,73.968,D96,c1cc(ccc1Cc2c[nH]c3c2C(=O)NC(=N3)N)C(=O)N[C@H](CCC(=O)O)C(=O)O
D96,TYMS,6oju,601,B,9,N,2190,N3,238.176,-104.127,76.111,D96,c1cc(ccc1Cc2c[nH]c3c2C(=O)NC(=N3)N)C(=O)N[C@H](CCC(=O)O)C(=O)O
D96,TYMS,6oju,601,B,17,N,2192,N4,239.579,-102.128,71.956,D96,c1cc(ccc1Cc2c[nH]c3c2C(=O)NC(=N3)N)C(=O)N[C@H](CCC(=O)O)C(=O)O
D96,TYMS,6oju,601,B,20,N,2202,N5,242.401,-97.754,80.334,D96,c1cc(ccc1Cc2c[nH]c3c2C(=O)NC(=N3)N)C(=O)N[C@H](CCC(=O)O)C(=O)O
D96,TYMS,6oju,601,B,13,O,2191,O1,242.409,-102.225,75.677,D96,c1cc(ccc1Cc2c[nH]c3c2C(=O)NC(=N3)N)C(=O)N[C@H](CCC(=O)O)C(=O)O
D96,TYMS,6oju,601,B,19,O,2201,O2,240.161,-97.479,80.161,D96,c1cc(ccc1Cc2c[nH]c3c2C(=O)NC(=N3)N)C(=O)N[C@H](CCC(=O)O)C(=O)O
D96,TYMS,6oju,601,B,28,O,2206,O3,241.309,-96.553,82.692,D96,c1cc(ccc1Cc2c[nH]c3c2C(=O)NC(=N3)N)C(=O)N[C@H](CCC(=O)O)C(=O)O
D96,TYMS,6oju,601,B,29,O,2207,O4,241.811,-94.544,81.743,D96,c1cc(ccc1Cc2c[nH]c3c2C(=O)NC(=N3)N)C(=O)N[C@H](CCC(=O)O)C(=O)O
D96,TYMS,6oju,601,B,25,O,2210,O5,246.757,-95.731,80.526,D96,c1cc(ccc1Cc2c[nH]c3c2C(=O)NC(=N3)N)C(=O)N[C@H](CCC(=O)O)C(=O)O
D96,TYMS,6oju,601,B,26,O,2211,O6,247.037,-97.579,79.235,D96,c1cc(ccc1Cc2c[nH]c3c2C(=O)NC(=N3)N)C(=O)N[C@H](CCC(=O)O)C(=O)O
D96,TYMS,6oju,601,C,10,C,2191,C1,206.906,-99.216,115.191,D96,c1cc(ccc1Cc2c[nH]c3c2C(=O)NC(=N3)N)C(=O)N[C@H](CCC(=O)O)C(=O)O
D96,TYMS,6oju,601,C,3,C,2204,C10,211.031,-102.663,115.532,D96,c1cc(ccc1Cc2c[nH]c3c2C(=O)NC(=N3)N)C(=O)N[C@H](CCC(=O)O)C(=O)O
D96,TYMS,6oju,601,C,2,C,2205,C11,211.56,-103.236,116.682,D96,c1cc(ccc1Cc2c[nH]c3c2C(=O)NC(=N3)N)C(=O)N[C@H](CCC(=O)O)C(=O)O
D96,TYMS,6oju,601,C,1,C,2206,C12,211.684,-102.484,117.846,D96,c1cc(ccc1Cc2c[nH]c3c2C(=O)NC(=N3)N)C(=O)N[C@H](CCC(=O)O)C(=O)O
D96,TYMS,6oju,601,C,0,C,2207,C13,211.271,-101.156,117.86,D96,c1cc(ccc1Cc2c[nH]c3c2C(=O)NC(=N3)N)C(=O)N[C@H](CCC(=O)O)C(=O)O
D96,TYMS,6oju,601,C,18,C,2208,C14,212.008,-104.666,116.649,D96,c1cc(ccc1Cc2c[nH]c3c2C(=O)NC(=N3)N)C(=O)N[C@H](CCC(=O)O)C(=O)O
D96,TYMS,6oju,601,C,21,C,2211,C15,212.076,-106.682,118.151,D96,c1cc(ccc1Cc2c[nH]c3c2C(=O)NC(=N3)N)C(=O)N[C@H](CCC(=O)O)C(=O)O
D96,TYMS,6oju,601,C,22,C,2212,C16,213.537,-106.787,118.469,D96,c1cc(ccc1Cc2c[nH]c3c2C(=O)NC(=N3)N)C(=O)N[C@H](CCC(=O)O)C(=O)O
D96,TYMS,6oju,601,C,27,C,2213,C17,211.727,-107.642,117.046,D96,c1cc(ccc1Cc2c[nH]c3c2C(=O)NC(=N3)N)C(=O)N[C@H](CCC(=O)O)C(=O)O
D96,TYMS,6oju,601,C,23,C,2216,C18,213.823,-105.981,119.701,D96,c1cc(ccc1Cc2c[nH]c3c2C(=O)NC(=N3)N)C(=O)N[C@H](CCC(=O)O)C(=O)O
D96,TYMS,6oju,601,C,24,C,2217,C19,213.491,-106.804,120.909,D96,c1cc(ccc1Cc2c[nH]c3c2C(=O)NC(=N3)N)C(=O)N[C@H](CCC(=O)O)C(=O)O
D96,TYMS,6oju,601,C,11,C,2192,C2,207.769,-99.514,116.24,D96,c1cc(ccc1Cc2c[nH]c3c2C(=O)NC(=N3)N)C(=O)N[C@H](CCC(=O)O)C(=O)O
D96,TYMS,6oju,601,C,12,C,2193,C3,207.233,-100.186,117.419,D96,c1cc(ccc1Cc2c[nH]c3c2C(=O)NC(=N3)N)C(=O)N[C@H](CCC(=O)O)C(=O)O
D96,TYMS,6oju,601,C,15,C,2195,C4,205.091,-100.097,116.193,D96,c1cc(ccc1Cc2c[nH]c3c2C(=O)NC(=N3)N)C(=O)N[C@H](CCC(=O)O)C(=O)O
D96,TYMS,6oju,601,C,7,C,2196,C5,209.042,-99.049,115.874,D96,c1cc(ccc1Cc2c[nH]c3c2C(=O)NC(=N3)N)C(=O)N[C@H](CCC(=O)O)C(=O)O
D96,TYMS,6oju,601,C,8,C,2197,C6,208.93,-98.482,114.605,D96,c1cc(ccc1Cc2c[nH]c3c2C(=O)NC(=N3)N)C(=O)N[C@H](CCC(=O)O)C(=O)O
D96,TYMS,6oju,601,C,6,C,2201,C7,210.287,-99.159,116.702,D96,c1cc(ccc1Cc2c[nH]c3c2C(=O)NC(=N3)N)C(=O)N[C@H](CCC(=O)O)C(=O)O
D96,TYMS,6oju,601,C,5,C,2202,C8,210.738,-100.586,116.71,D96,c1cc(ccc1Cc2c[nH]c3c2C(=O)NC(=N3)N)C(=O)N[C@H](CCC(=O)O)C(=O)O
D96,TYMS,6oju,601,C,4,C,2203,C9,210.617,-101.338,115.549,D96,c1cc(ccc1Cc2c[nH]c3c2C(=O)NC(=N3)N)C(=O)N[C@H](CCC(=O)O)C(=O)O
D96,TYMS,6oju,601,C,16,N,2190,N1,205.574,-99.499,115.152,D96,c1cc(ccc1Cc2c[nH]c3c2C(=O)NC(=N3)N)C(=O)N[C@H](CCC(=O)O)C(=O)O
D96,TYMS,6oju,601,C,14,N,2194,N2,205.894,-100.42,117.268,D96,c1cc(ccc1Cc2c[nH]c3c2C(=O)NC(=N3)N)C(=O)N[C@H](CCC(=O)O)C(=O)O
D96,TYMS,6oju,601,C,9,N,2198,N3,207.616,-98.591,114.203,D96,c1cc(ccc1Cc2c[nH]c3c2C(=O)NC(=N3)N)C(=O)N[C@H](CCC(=O)O)C(=O)O
D96,TYMS,6oju,601,C,17,N,2200,N4,203.68,-100.46,116.285,D96,c1cc(ccc1Cc2c[nH]c3c2C(=O)NC(=N3)N)C(=O)N[C@H](CCC(=O)O)C(=O)O
D96,TYMS,6oju,601,C,20,N,2210,N5,211.772,-105.291,117.804,D96,c1cc(ccc1Cc2c[nH]c3c2C(=O)NC(=N3)N)C(=O)N[C@H](CCC(=O)O)C(=O)O
D96,TYMS,6oju,601,C,13,O,2199,O1,207.822,-100.529,118.441,D96,c1cc(ccc1Cc2c[nH]c3c2C(=O)NC(=N3)N)C(=O)N[C@H](CCC(=O)O)C(=O)O
D96,TYMS,6oju,601,C,19,O,2209,O2,212.524,-105.203,115.674,D96,c1cc(ccc1Cc2c[nH]c3c2C(=O)NC(=N3)N)C(=O)N[C@H](CCC(=O)O)C(=O)O
D96,TYMS,6oju,601,C,28,O,2214,O3,212.41,-107.942,116.07,D96,c1cc(ccc1Cc2c[nH]c3c2C(=O)NC(=N3)N)C(=O)N[C@H](CCC(=O)O)C(=O)O
D96,TYMS,6oju,601,C,29,O,2215,O4,210.499,-108.172,117.281,D96,c1cc(ccc1Cc2c[nH]c3c2C(=O)NC(=N3)N)C(=O)N[C@H](CCC(=O)O)C(=O)O
D96,TYMS,6oju,601,C,25,O,2218,O5,213.617,-108.017,121.03,D96,c1cc(ccc1Cc2c[nH]c3c2C(=O)NC(=N3)N)C(=O)N[C@H](CCC(=O)O)C(=O)O
D96,TYMS,6oju,601,C,26,O,2219,O6,213.014,-105.996,121.892,D96,c1cc(ccc1Cc2c[nH]c3c2C(=O)NC(=N3)N)C(=O)N[C@H](CCC(=O)O)C(=O)O
D96,TYMS,6oju,601,D,10,C,2233,C1,228.42,-71.992,86.12,D96,c1cc(ccc1Cc2c[nH]c3c2C(=O)NC(=N3)N)C(=O)N[C@H](CCC(=O)O)C(=O)O
D96,TYMS,6oju,601,D,3,C,2246,C10,227.244,-73.836,90.722,D96,c1cc(ccc1Cc2c[nH]c3c2C(=O)NC(=N3)N)C(=O)N[C@H](CCC(=O)O)C(=O)O
D96,TYMS,6oju,601,D,2,C,2247,C11,226.769,-73.097,91.791,D96,c1cc(ccc1Cc2c[nH]c3c2C(=O)NC(=N3)N)C(=O)N[C@H](CCC(=O)O)C(=O)O
D96,TYMS,6oju,601,D,1,C,2248,C12,227.345,-71.875,92.122,D96,c1cc(ccc1Cc2c[nH]c3c2C(=O)NC(=N3)N)C(=O)N[C@H](CCC(=O)O)C(=O)O
D96,TYMS,6oju,601,D,0,C,2249,C13,228.413,-71.396,91.368,D96,c1cc(ccc1Cc2c[nH]c3c2C(=O)NC(=N3)N)C(=O)N[C@H](CCC(=O)O)C(=O)O
D96,TYMS,6oju,601,D,18,C,2250,C14,225.618,-73.648,92.567,D96,c1cc(ccc1Cc2c[nH]c3c2C(=O)NC(=N3)N)C(=O)N[C@H](CCC(=O)O)C(=O)O
D96,TYMS,6oju,601,D,21,C,2253,C15,224.357,-73.125,94.664,D96,c1cc(ccc1Cc2c[nH]c3c2C(=O)NC(=N3)N)C(=O)N[C@H](CCC(=O)O)C(=O)O
D96,TYMS,6oju,601,D,22,C,2254,C16,224.82,-72.46,95.923,D96,c1cc(ccc1Cc2c[nH]c3c2C(=O)NC(=N3)N)C(=O)N[C@H](CCC(=O)O)C(=O)O
D96,TYMS,6oju,601,D,27,C,2255,C17,224.146,-74.589,94.914,D96,c1cc(ccc1Cc2c[nH]c3c2C(=O)NC(=N3)N)C(=O)N[C@H](CCC(=O)O)C(=O)O
D96,TYMS,6oju,601,D,23,C,2258,C18,224.362,-71.036,95.954,D96,c1cc(ccc1Cc2c[nH]c3c2C(=O)NC(=N3)N)C(=O)N[C@H](CCC(=O)O)C(=O)O
D96,TYMS,6oju,601,D,24,C,2259,C19,222.991,-71.0,96.556,D96,c1cc(ccc1Cc2c[nH]c3c2C(=O)NC(=N3)N)C(=O)N[C@H](CCC(=O)O)C(=O)O
D96,TYMS,6oju,601,D,11,C,2234,C2,228.446,-71.464,87.408,D96,c1cc(ccc1Cc2c[nH]c3c2C(=O)NC(=N3)N)C(=O)N[C@H](CCC(=O)O)C(=O)O
D96,TYMS,6oju,601,D,12,C,2235,C3,227.365,-70.565,87.812,D96,c1cc(ccc1Cc2c[nH]c3c2C(=O)NC(=N3)N)C(=O)N[C@H](CCC(=O)O)C(=O)O
D96,TYMS,6oju,601,D,15,C,2237,C4,226.506,-70.956,85.528,D96,c1cc(ccc1Cc2c[nH]c3c2C(=O)NC(=N3)N)C(=O)N[C@H](CCC(=O)O)C(=O)O
D96,TYMS,6oju,601,D,7,C,2238,C5,229.601,-71.963,88.039,D96,c1cc(ccc1Cc2c[nH]c3c2C(=O)NC(=N3)N)C(=O)N[C@H](CCC(=O)O)C(=O)O
D96,TYMS,6oju,601,D,8,C,2239,C6,230.246,-72.794,87.126,D96,c1cc(ccc1Cc2c[nH]c3c2C(=O)NC(=N3)N)C(=O)N[C@H](CCC(=O)O)C(=O)O
D96,TYMS,6oju,601,D,6,C,2243,C7,230.032,-71.674,89.447,D96,c1cc(ccc1Cc2c[nH]c3c2C(=O)NC(=N3)N)C(=O)N[C@H](CCC(=O)O)C(=O)O
D96,TYMS,6oju,601,D,5,C,2244,C8,228.895,-72.146,90.298,D96,c1cc(ccc1Cc2c[nH]c3c2C(=O)NC(=N3)N)C(=O)N[C@H](CCC(=O)O)C(=O)O
D96,TYMS,6oju,601,D,4,C,2245,C9,228.308,-73.362,89.976,D96,c1cc(ccc1Cc2c[nH]c3c2C(=O)NC(=N3)N)C(=O)N[C@H](CCC(=O)O)C(=O)O
D96,TYMS,6oju,601,D,16,N,2232,N1,227.467,-71.751,85.174,D96,c1cc(ccc1Cc2c[nH]c3c2C(=O)NC(=N3)N)C(=O)N[C@H](CCC(=O)O)C(=O)O
D96,TYMS,6oju,601,D,14,N,2236,N2,226.471,-70.398,86.791,D96,c1cc(ccc1Cc2c[nH]c3c2C(=O)NC(=N3)N)C(=O)N[C@H](CCC(=O)O)C(=O)O
D96,TYMS,6oju,601,D,9,N,2240,N3,229.514,-72.796,85.957,D96,c1cc(ccc1Cc2c[nH]c3c2C(=O)NC(=N3)N)C(=O)N[C@H](CCC(=O)O)C(=O)O
D96,TYMS,6oju,601,D,17,N,2242,N4,225.415,-70.606,84.621,D96,c1cc(ccc1Cc2c[nH]c3c2C(=O)NC(=N3)N)C(=O)N[C@H](CCC(=O)O)C(=O)O
D96,TYMS,6oju,601,D,20,N,2252,N5,225.389,-72.92,93.656,D96,c1cc(ccc1Cc2c[nH]c3c2C(=O)NC(=N3)N)C(=O)N[C@H](CCC(=O)O)C(=O)O
D96,TYMS,6oju,601,D,13,O,2241,O1,227.194,-69.994,88.887,D96,c1cc(ccc1Cc2c[nH]c3c2C(=O)NC(=N3)N)C(=O)N[C@H](CCC(=O)O)C(=O)O
D96,TYMS,6oju,601,D,19,O,2251,O2,224.963,-74.633,92.23,D96,c1cc(ccc1Cc2c[nH]c3c2C(=O)NC(=N3)N)C(=O)N[C@H](CCC(=O)O)C(=O)O
D96,TYMS,6oju,601,D,28,O,2256,O3,224.962,-75.403,95.335,D96,c1cc(ccc1Cc2c[nH]c3c2C(=O)NC(=N3)N)C(=O)N[C@H](CCC(=O)O)C(=O)O
D96,TYMS,6oju,601,D,29,O,2257,O4,222.871,-74.911,94.576,D96,c1cc(ccc1Cc2c[nH]c3c2C(=O)NC(=N3)N)C(=O)N[C@H](CCC(=O)O)C(=O)O
D96,TYMS,6oju,601,D,25,O,2260,O5,222.369,-71.94,97.046,D96,c1cc(ccc1Cc2c[nH]c3c2C(=O)NC(=N3)N)C(=O)N[C@H](CCC(=O)O)C(=O)O
D96,TYMS,6oju,601,D,26,O,2261,O6,222.511,-69.731,96.476,D96,c1cc(ccc1Cc2c[nH]c3c2C(=O)NC(=N3)N)C(=O)N[C@H](CCC(=O)O)C(=O)O
DCM,TYMS,5wrn,400,A,4,C,2297,C1',-41.408,-37.657,-24.549,DCM,C1[C@@H]([C@H](O[C@H]1N2C=CC(=NC2=O)N)COP(=O)(O)O)O
DCM,TYMS,5wrn,400,A,10,C,2290,C2,-39.068,-38.411,-24.049,DCM,C1[C@@H]([C@H](O[C@H]1N2C=CC(=NC2=O)N)COP(=O)(O)O)O
DCM,TYMS,5wrn,400,A,0,C,2298,C2',-41.429,-36.023,-24.229,DCM,C1[C@@H]([C@H](O[C@H]1N2C=CC(=NC2=O)N)COP(=O)(O)O)O
DCM,TYMS,5wrn,400,A,1,C,2299,C3',-42.653,-35.624,-24.551,DCM,C1[C@@H]([C@H](O[C@H]1N2C=CC(=NC2=O)N)COP(=O)(O)O)O
DCM,TYMS,5wrn,400,A,8,C,2292,C4,-37.804,-39.382,-25.824,DCM,C1[C@@H]([C@H](O[C@H]1N2C=CC(=NC2=O)N)COP(=O)(O)O)O
DCM,TYMS,5wrn,400,A,2,C,2300,C4',-43.044,-36.491,-25.794,DCM,C1[C@@H]([C@H](O[C@H]1N2C=CC(=NC2=O)N)COP(=O)(O)O)O
DCM,TYMS,5wrn,400,A,7,C,2293,C5,-38.849,-39.2,-26.716,DCM,C1[C@@H]([C@H](O[C@H]1N2C=CC(=NC2=O)N)COP(=O)(O)O)O
DCM,TYMS,5wrn,400,A,13,C,2303,C5',-42.607,-35.922,-26.98,DCM,C1[C@@H]([C@H](O[C@H]1N2C=CC(=NC2=O)N)COP(=O)(O)O)O
DCM,TYMS,5wrn,400,A,6,C,2294,C6,-40.01,-38.616,-26.245,DCM,C1[C@@H]([C@H](O[C@H]1N2C=CC(=NC2=O)N)COP(=O)(O)O)O
DCM,TYMS,5wrn,400,A,5,N,2289,N1,-40.136,-38.207,-24.938,DCM,C1[C@@H]([C@H](O[C@H]1N2C=CC(=NC2=O)N)COP(=O)(O)O)O
DCM,TYMS,5wrn,400,A,9,N,2291,N3,-37.932,-38.999,-24.537,DCM,C1[C@@H]([C@H](O[C@H]1N2C=CC(=NC2=O)N)COP(=O)(O)O)O
DCM,TYMS,5wrn,400,A,12,N,2296,N4,-36.62,-39.984,-26.31,DCM,C1[C@@H]([C@H](O[C@H]1N2C=CC(=NC2=O)N)COP(=O)(O)O)O
DCM,TYMS,5wrn,400,A,16,O,2306,O1P,-42.213,-33.374,-28.968,DCM,C1[C@@H]([C@H](O[C@H]1N2C=CC(=NC2=O)N)COP(=O)(O)O)O
DCM,TYMS,5wrn,400,A,11,O,2295,O2,-39.052,-38.101,-22.82,DCM,C1[C@@H]([C@H](O[C@H]1N2C=CC(=NC2=O)N)COP(=O)(O)O)O
DCM,TYMS,5wrn,400,A,17,O,2307,O2P,-44.22,-32.539,-27.77,DCM,C1[C@@H]([C@H](O[C@H]1N2C=CC(=NC2=O)N)COP(=O)(O)O)O
DCM,TYMS,5wrn,400,A,19,O,2302,O3',-43.655,-35.888,-23.494,DCM,C1[C@@H]([C@H](O[C@H]1N2C=CC(=NC2=O)N)COP(=O)(O)O)O
DCM,TYMS,5wrn,400,A,18,O,2308,O3P,-42.007,-32.542,-26.724,DCM,C1[C@@H]([C@H](O[C@H]1N2C=CC(=NC2=O)N)COP(=O)(O)O)O
DCM,TYMS,5wrn,400,A,3,O,2301,O4',-42.4,-37.877,-25.414,DCM,C1[C@@H]([C@H](O[C@H]1N2C=CC(=NC2=O)N)COP(=O)(O)O)O
DCM,TYMS,5wrn,400,A,14,O,2304,O5',-43.343,-34.697,-27.079,DCM,C1[C@@H]([C@H](O[C@H]1N2C=CC(=NC2=O)N)COP(=O)(O)O)O
DCM,TYMS,5wrn,400,A,15,P,2305,P,-42.913,-33.28,-27.643,DCM,C1[C@@H]([C@H](O[C@H]1N2C=CC(=NC2=O)N)COP(=O)(O)O)O
DCM,TYMS,5wrn,400,B,4,C,2284,C1',-14.744,-18.108,-23.372,DCM,C1[C@@H]([C@H](O[C@H]1N2C=CC(=NC2=O)N)COP(=O)(O)O)O
DCM,TYMS,5wrn,400,B,10,C,2277,C2,-17.063,-17.211,-23.086,DCM,C1[C@@H]([C@H](O[C@H]1N2C=CC(=NC2=O)N)COP(=O)(O)O)O
DCM,TYMS,5wrn,400,B,0,C,2285,C2',-14.759,-19.736,-23.034,DCM,C1[C@@H]([C@H](O[C@H]1N2C=CC(=NC2=O)N)COP(=O)(O)O)O
DCM,TYMS,5wrn,400,B,1,C,2286,C3',-13.535,-20.185,-23.304,DCM,C1[C@@H]([C@H](O[C@H]1N2C=CC(=NC2=O)N)COP(=O)(O)O)O
DCM,TYMS,5wrn,400,B,8,C,2279,C4,-18.157,-16.12,-24.894,DCM,C1[C@@H]([C@H](O[C@H]1N2C=CC(=NC2=O)N)COP(=O)(O)O)O
DCM,TYMS,5wrn,400,B,2,C,2287,C4',-13.094,-19.36,-24.545,DCM,C1[C@@H]([C@H](O[C@H]1N2C=CC(=NC2=O)N)COP(=O)(O)O)O
DCM,TYMS,5wrn,400,B,7,C,2280,C5,-17.056,-16.354,-25.709,DCM,C1[C@@H]([C@H](O[C@H]1N2C=CC(=NC2=O)N)COP(=O)(O)O)O
DCM,TYMS,5wrn,400,B,13,C,2290,C5',-13.497,-19.941,-25.739,DCM,C1[C@@H]([C@H](O[C@H]1N2C=CC(=NC2=O)N)COP(=O)(O)O)O
DCM,TYMS,5wrn,400,B,6,C,2281,C6,-15.958,-17.025,-25.169,DCM,C1[C@@H]([C@H](O[C@H]1N2C=CC(=NC2=O)N)COP(=O)(O)O)O
DCM,TYMS,5wrn,400,B,5,N,2276,N1,-15.946,-17.48,-23.871,DCM,C1[C@@H]([C@H](O[C@H]1N2C=CC(=NC2=O)N)COP(=O)(O)O)O
DCM,TYMS,5wrn,400,B,9,N,2278,N3,-18.144,-16.542,-23.61,DCM,C1[C@@H]([C@H](O[C@H]1N2C=CC(=NC2=O)N)COP(=O)(O)O)O
DCM,TYMS,5wrn,400,B,12,N,2283,N4,-19.259,-15.447,-25.456,DCM,C1[C@@H]([C@H](O[C@H]1N2C=CC(=NC2=O)N)COP(=O)(O)O)O
DCM,TYMS,5wrn,400,B,16,O,2293,O1P,-13.729,-22.453,-27.677,DCM,C1[C@@H]([C@H](O[C@H]1N2C=CC(=NC2=O)N)COP(=O)(O)O)O
DCM,TYMS,5wrn,400,B,11,O,2282,O2,-17.148,-17.563,-21.906,DCM,C1[C@@H]([C@H](O[C@H]1N2C=CC(=NC2=O)N)COP(=O)(O)O)O
DCM,TYMS,5wrn,400,B,17,O,2294,O2P,-11.73,-23.305,-26.526,DCM,C1[C@@H]([C@H](O[C@H]1N2C=CC(=NC2=O)N)COP(=O)(O)O)O
DCM,TYMS,5wrn,400,B,19,O,2289,O3',-12.509,-19.946,-22.231,DCM,C1[C@@H]([C@H](O[C@H]1N2C=CC(=NC2=O)N)COP(=O)(O)O)O
DCM,TYMS,5wrn,400,B,18,O,2295,O3P,-13.915,-23.107,-25.356,DCM,C1[C@@H]([C@H](O[C@H]1N2C=CC(=NC2=O)N)COP(=O)(O)O)O
DCM,TYMS,5wrn,400,B,3,O,2288,O4',-13.721,-17.943,-24.195,DCM,C1[C@@H]([C@H](O[C@H]1N2C=CC(=NC2=O)N)COP(=O)(O)O)O
DCM,TYMS,5wrn,400,B,14,O,2291,O5',-12.583,-20.991,-25.951,DCM,C1[C@@H]([C@H](O[C@H]1N2C=CC(=NC2=O)N)COP(=O)(O)O)O
DCM,TYMS,5wrn,400,B,15,P,2292,P,-12.993,-22.475,-26.363,DCM,C1[C@@H]([C@H](O[C@H]1N2C=CC(=NC2=O)N)COP(=O)(O)O)O
DCM,TYMS,5wrn,400,C,4,C,2274,C1',17.904,-15.056,-48.214,DCM,C1[C@@H]([C@H](O[C@H]1N2C=CC(=NC2=O)N)COP(=O)(O)O)O
DCM,TYMS,5wrn,400,C,10,C,2267,C2,17.136,-17.359,-47.658,DCM,C1[C@@H]([C@H](O[C@H]1N2C=CC(=NC2=O)N)COP(=O)(O)O)O
DCM,TYMS,5wrn,400,C,0,C,2275,C2',19.503,-15.221,-47.825,DCM,C1[C@@H]([C@H](O[C@H]1N2C=CC(=NC2=O)N)COP(=O)(O)O)O
DCM,TYMS,5wrn,400,C,1,C,2276,C3',19.997,-14.03,-48.065,DCM,C1[C@@H]([C@H](O[C@H]1N2C=CC(=NC2=O)N)COP(=O)(O)O)O
DCM,TYMS,5wrn,400,C,8,C,2269,C4,15.916,-18.578,-49.251,DCM,C1[C@@H]([C@H](O[C@H]1N2C=CC(=NC2=O)N)COP(=O)(O)O)O
DCM,TYMS,5wrn,400,C,2,C,2277,C4',19.277,-13.55,-49.359,DCM,C1[C@@H]([C@H](O[C@H]1N2C=CC(=NC2=O)N)COP(=O)(O)O)O
DCM,TYMS,5wrn,400,C,7,C,2270,C5,16.009,-17.541,-50.168,DCM,C1[C@@H]([C@H](O[C@H]1N2C=CC(=NC2=O)N)COP(=O)(O)O)O
DCM,TYMS,5wrn,400,C,13,C,2280,C5',19.935,-13.959,-50.518,DCM,C1[C@@H]([C@H](O[C@H]1N2C=CC(=NC2=O)N)COP(=O)(O)O)O
DCM,TYMS,5wrn,400,C,6,C,2271,C6,16.688,-16.388,-49.788,DCM,C1[C@@H]([C@H](O[C@H]1N2C=CC(=NC2=O)N)COP(=O)(O)O)O
DCM,TYMS,5wrn,400,C,5,N,2266,N1,17.267,-16.289,-48.548,DCM,C1[C@@H]([C@H](O[C@H]1N2C=CC(=NC2=O)N)COP(=O)(O)O)O
DCM,TYMS,5wrn,400,C,9,N,2268,N3,16.472,-18.491,-48.025,DCM,C1[C@@H]([C@H](O[C@H]1N2C=CC(=NC2=O)N)COP(=O)(O)O)O
DCM,TYMS,5wrn,400,C,12,N,2273,N4,15.244,-19.724,-49.657,DCM,C1[C@@H]([C@H](O[C@H]1N2C=CC(=NC2=O)N)COP(=O)(O)O)O
DCM,TYMS,5wrn,400,C,16,O,2283,O1P,22.255,-14.287,-52.544,DCM,C1[C@@H]([C@H](O[C@H]1N2C=CC(=NC2=O)N)COP(=O)(O)O)O
DCM,TYMS,5wrn,400,C,11,O,2272,O2,17.588,-17.365,-46.515,DCM,C1[C@@H]([C@H](O[C@H]1N2C=CC(=NC2=O)N)COP(=O)(O)O)O
DCM,TYMS,5wrn,400,C,17,O,2284,O2P,23.379,-12.381,-51.37,DCM,C1[C@@H]([C@H](O[C@H]1N2C=CC(=NC2=O)N)COP(=O)(O)O)O
DCM,TYMS,5wrn,400,C,19,O,2279,O3',19.678,-13.088,-46.975,DCM,C1[C@@H]([C@H](O[C@H]1N2C=CC(=NC2=O)N)COP(=O)(O)O)O
DCM,TYMS,5wrn,400,C,18,O,2285,O3P,23.155,-14.529,-50.255,DCM,C1[C@@H]([C@H](O[C@H]1N2C=CC(=NC2=O)N)COP(=O)(O)O)O
DCM,TYMS,5wrn,400,C,3,O,2278,O4',17.831,-14.139,-49.17,DCM,C1[C@@H]([C@H](O[C@H]1N2C=CC(=NC2=O)N)COP(=O)(O)O)O
DCM,TYMS,5wrn,400,C,14,O,2281,O5',21.079,-13.118,-50.639,DCM,C1[C@@H]([C@H](O[C@H]1N2C=CC(=NC2=O)N)COP(=O)(O)O)O
DCM,TYMS,5wrn,400,C,15,P,2282,P,22.478,-13.585,-51.239,DCM,C1[C@@H]([C@H](O[C@H]1N2C=CC(=NC2=O)N)COP(=O)(O)O)O
DCM,TYMS,5wrn,400,D,4,C,2298,C1',37.083,-41.952,-48.98,DCM,C1[C@@H]([C@H](O[C@H]1N2C=CC(=NC2=O)N)COP(=O)(O)O)O
DCM,TYMS,5wrn,400,D,10,C,2291,C2,38.028,-39.704,-48.454,DCM,C1[C@@H]([C@H](O[C@H]1N2C=CC(=NC2=O)N)COP(=O)(O)O)O
DCM,TYMS,5wrn,400,D,0,C,2299,C2',35.455,-41.815,-48.642,DCM,C1[C@@H]([C@H](O[C@H]1N2C=CC(=NC2=O)N)COP(=O)(O)O)O
DCM,TYMS,5wrn,400,D,1,C,2300,C3',34.96,-42.999,-48.938,DCM,C1[C@@H]([C@H](O[C@H]1N2C=CC(=NC2=O)N)COP(=O)(O)O)O
DCM,TYMS,5wrn,400,D,8,C,2293,C4,39.052,-38.445,-50.136,DCM,C1[C@@H]([C@H](O[C@H]1N2C=CC(=NC2=O)N)COP(=O)(O)O)O
DCM,TYMS,5wrn,400,D,2,C,2301,C4',35.695,-43.44,-50.21,DCM,C1[C@@H]([C@H](O[C@H]1N2C=CC(=NC2=O)N)COP(=O)(O)O)O
DCM,TYMS,5wrn,400,D,7,C,2294,C5,38.806,-39.427,-51.084,DCM,C1[C@@H]([C@H](O[C@H]1N2C=CC(=NC2=O)N)COP(=O)(O)O)O
DCM,TYMS,5wrn,400,D,13,C,2304,C5',35.143,-42.939,-51.381,DCM,C1[C@@H]([C@H](O[C@H]1N2C=CC(=NC2=O)N)COP(=O)(O)O)O
DCM,TYMS,5wrn,400,D,6,C,2295,C6,38.152,-40.576,-50.658,DCM,C1[C@@H]([C@H](O[C@H]1N2C=CC(=NC2=O)N)COP(=O)(O)O)O
DCM,TYMS,5wrn,400,D,5,N,2290,N1,37.74,-40.724,-49.354,DCM,C1[C@@H]([C@H](O[C@H]1N2C=CC(=NC2=O)N)COP(=O)(O)O)O
DCM,TYMS,5wrn,400,D,9,N,2292,N3,38.668,-38.591,-48.858,DCM,C1[C@@H]([C@H](O[C@H]1N2C=CC(=NC2=O)N)COP(=O)(O)O)O
DCM,TYMS,5wrn,400,D,12,N,2297,N4,39.711,-37.274,-50.514,DCM,C1[C@@H]([C@H](O[C@H]1N2C=CC(=NC2=O)N)COP(=O)(O)O)O
DCM,TYMS,5wrn,400,D,16,O,2307,O1P,32.299,-42.989,-53.251,DCM,C1[C@@H]([C@H](O[C@H]1N2C=CC(=NC2=O)N)COP(=O)(O)O)O
DCM,TYMS,5wrn,400,D,11,O,2296,O2,37.738,-39.706,-47.263,DCM,C1[C@@H]([C@H](O[C@H]1N2C=CC(=NC2=O)N)COP(=O)(O)O)O
DCM,TYMS,5wrn,400,D,17,O,2308,O2P,31.905,-44.994,-51.837,DCM,C1[C@@H]([C@H](O[C@H]1N2C=CC(=NC2=O)N)COP(=O)(O)O)O
DCM,TYMS,5wrn,400,D,19,O,2303,O3',35.364,-43.971,-47.925,DCM,C1[C@@H]([C@H](O[C@H]1N2C=CC(=NC2=O)N)COP(=O)(O)O)O
DCM,TYMS,5wrn,400,D,18,O,2309,O3P,32.184,-42.761,-50.843,DCM,C1[C@@H]([C@H](O[C@H]1N2C=CC(=NC2=O)N)COP(=O)(O)O)O
DCM,TYMS,5wrn,400,D,3,O,2302,O4',37.157,-42.92,-49.88,DCM,C1[C@@H]([C@H](O[C@H]1N2C=CC(=NC2=O)N)COP(=O)(O)O)O
DCM,TYMS,5wrn,400,D,14,O,2305,O5',34.207,-43.881,-51.874,DCM,C1[C@@H]([C@H](O[C@H]1N2C=CC(=NC2=O)N)COP(=O)(O)O)O
DCM,TYMS,5wrn,400,D,15,P,2306,P,32.641,-43.666,-51.946,DCM,C1[C@@H]([C@H](O[C@H]1N2C=CC(=NC2=O)N)COP(=O)(O)O)O
DCM,TYMS,5wrn,400,E,4,C,2310,C1',-17.979,-13.848,-79.083,DCM,C1[C@@H]([C@H](O[C@H]1N2C=CC(=NC2=O)N)COP(=O)(O)O)O
DCM,TYMS,5wrn,400,E,10,C,2303,C2,-17.062,-16.138,-79.571,DCM,C1[C@@H]([C@H](O[C@H]1N2C=CC(=NC2=O)N)COP(=O)(O)O)O
DCM,TYMS,5wrn,400,E,0,C,2311,C2',-19.605,-13.807,-79.515,DCM,C1[C@@H]([C@H](O[C@H]1N2C=CC(=NC2=O)N)COP(=O)(O)O)O
DCM,TYMS,5wrn,400,E,1,C,2312,C3',-20.039,-12.58,-79.199,DCM,C1[C@@H]([C@H](O[C@H]1N2C=CC(=NC2=O)N)COP(=O)(O)O)O
DCM,TYMS,5wrn,400,E,8,C,2305,C4,-16.055,-17.399,-77.812,DCM,C1[C@@H]([C@H](O[C@H]1N2C=CC(=NC2=O)N)COP(=O)(O)O)O
DCM,TYMS,5wrn,400,E,2,C,2313,C4',-19.282,-12.264,-77.885,DCM,C1[C@@H]([C@H](O[C@H]1N2C=CC(=NC2=O)N)COP(=O)(O)O)O
DCM,TYMS,5wrn,400,E,7,C,2306,C5,-16.331,-16.373,-76.914,DCM,C1[C@@H]([C@H](O[C@H]1N2C=CC(=NC2=O)N)COP(=O)(O)O)O
DCM,TYMS,5wrn,400,E,13,C,2316,C5',-19.906,-12.782,-76.757,DCM,C1[C@@H]([C@H](O[C@H]1N2C=CC(=NC2=O)N)COP(=O)(O)O)O
DCM,TYMS,5wrn,400,E,6,C,2307,C6,-16.97,-15.234,-77.38,DCM,C1[C@@H]([C@H](O[C@H]1N2C=CC(=NC2=O)N)COP(=O)(O)O)O
DCM,TYMS,5wrn,400,E,5,N,2302,N1,-17.36,-15.102,-78.69,DCM,C1[C@@H]([C@H](O[C@H]1N2C=CC(=NC2=O)N)COP(=O)(O)O)O
DCM,TYMS,5wrn,400,E,9,N,2304,N3,-16.422,-17.263,-79.106,DCM,C1[C@@H]([C@H](O[C@H]1N2C=CC(=NC2=O)N)COP(=O)(O)O)O
DCM,TYMS,5wrn,400,E,12,N,2309,N4,-15.393,-18.557,-77.331,DCM,C1[C@@H]([C@H](O[C@H]1N2C=CC(=NC2=O)N)COP(=O)(O)O)O
DCM,TYMS,5wrn,400,E,16,O,2319,O1P,-22.894,-13.294,-77.068,DCM,C1[C@@H]([C@H](O[C@H]1N2C=CC(=NC2=O)N)COP(=O)(O)O)O
DCM,TYMS,5wrn,400,E,11,O,2308,O2,-17.358,-16.14,-80.787,DCM,C1[C@@H]([C@H](O[C@H]1N2C=CC(=NC2=O)N)COP(=O)(O)O)O
DCM,TYMS,5wrn,400,E,17,O,2320,O2P,-23.234,-11.129,-75.88,DCM,C1[C@@H]([C@H](O[C@H]1N2C=CC(=NC2=O)N)COP(=O)(O)O)O
DCM,TYMS,5wrn,400,E,19,O,2315,O3',-19.667,-11.504,-80.165,DCM,C1[C@@H]([C@H](O[C@H]1N2C=CC(=NC2=O)N)COP(=O)(O)O)O
DCM,TYMS,5wrn,400,E,18,O,2321,O3P,-22.555,-13.01,-74.581,DCM,C1[C@@H]([C@H](O[C@H]1N2C=CC(=NC2=O)N)COP(=O)(O)O)O
DCM,TYMS,5wrn,400,E,3,O,2314,O4',-17.854,-12.888,-78.163,DCM,C1[C@@H]([C@H](O[C@H]1N2C=CC(=NC2=O)N)COP(=O)(O)O)O
DCM,TYMS,5wrn,400,E,14,O,2317,O5',-20.974,-11.929,-76.385,DCM,C1[C@@H]([C@H](O[C@H]1N2C=CC(=NC2=O)N)COP(=O)(O)O)O
DCM,TYMS,5wrn,400,E,15,P,2318,P,-22.422,-12.406,-75.964,DCM,C1[C@@H]([C@H](O[C@H]1N2C=CC(=NC2=O)N)COP(=O)(O)O)O
DCM,TYMS,5wrn,400,F,4,C,2258,C1',-37.462,-40.705,-80.818,DCM,C1[C@@H]([C@H](O[C@H]1N2C=CC(=NC2=O)N)COP(=O)(O)O)O
DCM,TYMS,5wrn,400,F,10,C,2251,C2,-38.222,-38.392,-81.116,DCM,C1[C@@H]([C@H](O[C@H]1N2C=CC(=NC2=O)N)COP(=O)(O)O)O
DCM,TYMS,5wrn,400,F,0,C,2259,C2',-35.834,-40.601,-81.127,DCM,C1[C@@H]([C@H](O[C@H]1N2C=CC(=NC2=O)N)COP(=O)(O)O)O
DCM,TYMS,5wrn,400,F,1,C,2260,C3',-35.393,-41.822,-80.902,DCM,C1[C@@H]([C@H](O[C@H]1N2C=CC(=NC2=O)N)COP(=O)(O)O)O
DCM,TYMS,5wrn,400,F,8,C,2253,C4,-39.129,-37.222,-79.273,DCM,C1[C@@H]([C@H](O[C@H]1N2C=CC(=NC2=O)N)COP(=O)(O)O)O
DCM,TYMS,5wrn,400,F,2,C,2261,C4',-36.206,-42.328,-79.674,DCM,C1[C@@H]([C@H](O[C@H]1N2C=CC(=NC2=O)N)COP(=O)(O)O)O
DCM,TYMS,5wrn,400,F,7,C,2254,C5,-38.942,-38.307,-78.426,DCM,C1[C@@H]([C@H](O[C@H]1N2C=CC(=NC2=O)N)COP(=O)(O)O)O
DCM,TYMS,5wrn,400,F,13,C,2264,C5',-35.656,-41.971,-78.448,DCM,C1[C@@H]([C@H](O[C@H]1N2C=CC(=NC2=O)N)COP(=O)(O)O)O
DCM,TYMS,5wrn,400,F,6,C,2255,C6,-38.374,-39.445,-78.978,DCM,C1[C@@H]([C@H](O[C@H]1N2C=CC(=NC2=O)N)COP(=O)(O)O)O
DCM,TYMS,5wrn,400,F,5,N,2250,N1,-38.012,-39.495,-80.305,DCM,C1[C@@H]([C@H](O[C@H]1N2C=CC(=NC2=O)N)COP(=O)(O)O)O
DCM,TYMS,5wrn,400,F,9,N,2252,N3,-38.775,-37.274,-80.579,DCM,C1[C@@H]([C@H](O[C@H]1N2C=CC(=NC2=O)N)COP(=O)(O)O)O
DCM,TYMS,5wrn,400,F,12,N,2257,N4,-39.681,-36.043,-78.749,DCM,C1[C@@H]([C@H](O[C@H]1N2C=CC(=NC2=O)N)COP(=O)(O)O)O
DCM,TYMS,5wrn,400,F,16,O,2267,O1P,-32.481,-41.359,-78.506,DCM,C1[C@@H]([C@H](O[C@H]1N2C=CC(=NC2=O)N)COP(=O)(O)O)O
DCM,TYMS,5wrn,400,F,11,O,2256,O2,-37.929,-38.351,-82.32,DCM,C1[C@@H]([C@H](O[C@H]1N2C=CC(=NC2=O)N)COP(=O)(O)O)O
DCM,TYMS,5wrn,400,F,17,O,2268,O2P,-32.21,-43.547,-77.487,DCM,C1[C@@H]([C@H](O[C@H]1N2C=CC(=NC2=O)N)COP(=O)(O)O)O
DCM,TYMS,5wrn,400,F,19,O,2263,O3',-35.707,-42.736,-82.033,DCM,C1[C@@H]([C@H](O[C@H]1N2C=CC(=NC2=O)N)COP(=O)(O)O)O
DCM,TYMS,5wrn,400,F,18,O,2269,O3P,-33.399,-41.733,-76.239,DCM,C1[C@@H]([C@H](O[C@H]1N2C=CC(=NC2=O)N)COP(=O)(O)O)O
DCM,TYMS,5wrn,400,F,3,O,2262,O4',-37.628,-41.714,-79.991,DCM,C1[C@@H]([C@H](O[C@H]1N2C=CC(=NC2=O)N)COP(=O)(O)O)O
DCM,TYMS,5wrn,400,F,14,O,2265,O5',-34.534,-42.818,-78.251,DCM,C1[C@@H]([C@H](O[C@H]1N2C=CC(=NC2=O)N)COP(=O)(O)O)O
DCM,TYMS,5wrn,400,F,15,P,2266,P,-33.154,-42.354,-77.606,DCM,C1[C@@H]([C@H](O[C@H]1N2C=CC(=NC2=O)N)COP(=O)(O)O)O
DHF,TYMS,4ez8,402,A,6,C,2640,C,23.588,-22.19,8.256,DHF,c1cc(ccc1C(=O)N[C@@H](CCC(=O)O)C(=O)O)NCC2=NC3=C(NC2)NC(=NC3=O)N
DHF,TYMS,4ez8,402,A,5,C,2634,C11,22.815,-21.022,7.796,DHF,c1cc(ccc1C(=O)N[C@@H](CCC(=O)O)C(=O)O)NCC2=NC3=C(NC2)NC(=NC3=O)N
DHF,TYMS,4ez8,402,A,0,C,2635,C12,23.074,-20.473,6.531,DHF,c1cc(ccc1C(=O)N[C@@H](CCC(=O)O)C(=O)O)NCC2=NC3=C(NC2)NC(=NC3=O)N
DHF,TYMS,4ez8,402,A,1,C,2636,C13,22.336,-19.342,6.105,DHF,c1cc(ccc1C(=O)N[C@@H](CCC(=O)O)C(=O)O)NCC2=NC3=C(NC2)NC(=NC3=O)N
DHF,TYMS,4ez8,402,A,2,C,2637,C14,21.356,-18.841,6.897,DHF,c1cc(ccc1C(=O)N[C@@H](CCC(=O)O)C(=O)O)NCC2=NC3=C(NC2)NC(=NC3=O)N
DHF,TYMS,4ez8,402,A,3,C,2638,C15,21.152,-19.462,8.16,DHF,c1cc(ccc1C(=O)N[C@@H](CCC(=O)O)C(=O)O)NCC2=NC3=C(NC2)NC(=NC3=O)N
DHF,TYMS,4ez8,402,A,4,C,2639,C16,21.821,-20.553,8.578,DHF,c1cc(ccc1C(=O)N[C@@H](CCC(=O)O)C(=O)O)NCC2=NC3=C(NC2)NC(=NC3=O)N
DHF,TYMS,4ez8,402,A,27,C,2621,C2,22.426,-15.251,12.508,DHF,c1cc(ccc1C(=O)N[C@@H](CCC(=O)O)C(=O)O)NCC2=NC3=C(NC2)NC(=NC3=O)N
DHF,TYMS,4ez8,402,A,29,C,2624,C4,23.022,-15.568,10.204,DHF,c1cc(ccc1C(=O)N[C@@H](CCC(=O)O)C(=O)O)NCC2=NC3=C(NC2)NC(=NC3=O)N
DHF,TYMS,4ez8,402,A,22,C,2626,C4A,21.627,-15.878,9.97,DHF,c1cc(ccc1C(=O)N[C@@H](CCC(=O)O)C(=O)O)NCC2=NC3=C(NC2)NC(=NC3=O)N
DHF,TYMS,4ez8,402,A,20,C,2628,C6,19.929,-16.702,8.574,DHF,c1cc(ccc1C(=O)N[C@@H](CCC(=O)O)C(=O)O)NCC2=NC3=C(NC2)NC(=NC3=O)N
DHF,TYMS,4ez8,402,A,25,C,2629,C7,19.007,-16.599,9.639,DHF,c1cc(ccc1C(=O)N[C@@H](CCC(=O)O)C(=O)O)NCC2=NC3=C(NC2)NC(=NC3=O)N
DHF,TYMS,4ez8,402,A,23,C,2631,C8A,20.748,-15.794,11.04,DHF,c1cc(ccc1C(=O)N[C@@H](CCC(=O)O)C(=O)O)NCC2=NC3=C(NC2)NC(=NC3=O)N
DHF,TYMS,4ez8,402,A,19,C,2632,C9,19.527,-17.233,7.242,DHF,c1cc(ccc1C(=O)N[C@@H](CCC(=O)O)C(=O)O)NCC2=NC3=C(NC2)NC(=NC3=O)N
DHF,TYMS,4ez8,402,A,9,C,2643,CA,25.594,-23.505,8.037,DHF,c1cc(ccc1C(=O)N[C@@H](CCC(=O)O)C(=O)O)NCC2=NC3=C(NC2)NC(=NC3=O)N
DHF,TYMS,4ez8,402,A,10,C,2644,CB,25.293,-24.836,7.373,DHF,c1cc(ccc1C(=O)N[C@@H](CCC(=O)O)C(=O)O)NCC2=NC3=C(NC2)NC(=NC3=O)N
DHF,TYMS,4ez8,402,A,12,C,2646,CD,23.896,-26.96,7.234,DHF,c1cc(ccc1C(=O)N[C@@H](CCC(=O)O)C(=O)O)NCC2=NC3=C(NC2)NC(=NC3=O)N
DHF,TYMS,4ez8,402,A,11,C,2645,CG,23.934,-25.515,7.798,DHF,c1cc(ccc1C(=O)N[C@@H](CCC(=O)O)C(=O)O)NCC2=NC3=C(NC2)NC(=NC3=O)N
DHF,TYMS,4ez8,402,A,15,C,2649,CT,26.949,-22.926,7.747,DHF,c1cc(ccc1C(=O)N[C@@H](CCC(=O)O)C(=O)O)NCC2=NC3=C(NC2)NC(=NC3=O)N
DHF,TYMS,4ez8,402,A,8,N,2642,N,24.569,-22.643,7.517,DHF,c1cc(ccc1C(=O)N[C@@H](CCC(=O)O)C(=O)O)NCC2=NC3=C(NC2)NC(=NC3=O)N
DHF,TYMS,4ez8,402,A,26,N,2620,N1,21.126,-15.456,12.302,DHF,c1cc(ccc1C(=O)N[C@@H](CCC(=O)O)C(=O)O)NCC2=NC3=C(NC2)NC(=NC3=O)N
DHF,TYMS,4ez8,402,A,18,N,2633,N10,20.649,-17.774,6.485,DHF,c1cc(ccc1C(=O)N[C@@H](CCC(=O)O)C(=O)O)NCC2=NC3=C(NC2)NC(=NC3=O)N
DHF,TYMS,4ez8,402,A,28,N,2623,N3,23.349,-15.31,11.513,DHF,c1cc(ccc1C(=O)N[C@@H](CCC(=O)O)C(=O)O)NCC2=NC3=C(NC2)NC(=NC3=O)N
DHF,TYMS,4ez8,402,A,21,N,2627,N5,21.21,-16.255,8.71,DHF,c1cc(ccc1C(=O)N[C@@H](CCC(=O)O)C(=O)O)NCC2=NC3=C(NC2)NC(=NC3=O)N
DHF,TYMS,4ez8,402,A,24,N,2630,N8,19.414,-16.073,10.846,DHF,c1cc(ccc1C(=O)N[C@@H](CCC(=O)O)C(=O)O)NCC2=NC3=C(NC2)NC(=NC3=O)N
DHF,TYMS,4ez8,402,A,31,N,2622,NA2,22.828,-14.947,13.722,DHF,c1cc(ccc1C(=O)N[C@@H](CCC(=O)O)C(=O)O)NCC2=NC3=C(NC2)NC(=NC3=O)N
DHF,TYMS,4ez8,402,A,7,O,2641,O,23.283,-22.815,9.331,DHF,c1cc(ccc1C(=O)N[C@@H](CCC(=O)O)C(=O)O)NCC2=NC3=C(NC2)NC(=NC3=O)N
DHF,TYMS,4ez8,402,A,16,O,2650,O1,27.906,-23.351,8.486,DHF,c1cc(ccc1C(=O)N[C@@H](CCC(=O)O)C(=O)O)NCC2=NC3=C(NC2)NC(=NC3=O)N
DHF,TYMS,4ez8,402,A,17,O,2651,O2,27.095,-22.048,6.777,DHF,c1cc(ccc1C(=O)N[C@@H](CCC(=O)O)C(=O)O)NCC2=NC3=C(NC2)NC(=NC3=O)N
DHF,TYMS,4ez8,402,A,30,O,2625,O4,23.894,-15.557,9.315,DHF,c1cc(ccc1C(=O)N[C@@H](CCC(=O)O)C(=O)O)NCC2=NC3=C(NC2)NC(=NC3=O)N
DHF,TYMS,4ez8,402,A,13,O,2647,OE1,22.755,-27.59,7.253,DHF,c1cc(ccc1C(=O)N[C@@H](CCC(=O)O)C(=O)O)NCC2=NC3=C(NC2)NC(=NC3=O)N
DHF,TYMS,4ez8,402,A,14,O,2648,OE2,25.06,-27.374,6.745,DHF,c1cc(ccc1C(=O)N[C@@H](CCC(=O)O)C(=O)O)NCC2=NC3=C(NC2)NC(=NC3=O)N
FFO,TYMS,6qyq,402,B,6,C,2322,C,-25.839,33.073,19.851,FFO,c1cc(ccc1C(=O)NC(CCC(=O)O)C(=O)O)NCC2CNC3=C(N2C=O)C(=O)NC(=N3)N
FFO,TYMS,6qyq,402,B,5,C,2316,C11,-24.5,32.503,19.49,FFO,c1cc(ccc1C(=O)NC(CCC(=O)O)C(=O)O)NCC2CNC3=C(N2C=O)C(=O)NC(=N3)N
FFO,TYMS,6qyq,402,B,0,C,2317,C12,-23.374,33.31,19.62,FFO,c1cc(ccc1C(=O)NC(CCC(=O)O)C(=O)O)NCC2CNC3=C(N2C=O)C(=O)NC(=N3)N
FFO,TYMS,6qyq,402,B,1,C,2318,C13,-22.129,32.84,19.264,FFO,c1cc(ccc1C(=O)NC(CCC(=O)O)C(=O)O)NCC2CNC3=C(N2C=O)C(=O)NC(=N3)N
FFO,TYMS,6qyq,402,B,2,C,2319,C14,-21.995,31.546,18.752,FFO,c1cc(ccc1C(=O)NC(CCC(=O)O)C(=O)O)NCC2CNC3=C(N2C=O)C(=O)NC(=N3)N
FFO,TYMS,6qyq,402,B,3,C,2320,C15,-23.126,30.735,18.608,FFO,c1cc(ccc1C(=O)NC(CCC(=O)O)C(=O)O)NCC2CNC3=C(N2C=O)C(=O)NC(=N3)N
FFO,TYMS,6qyq,402,B,4,C,2321,C16,-24.366,31.214,18.98,FFO,c1cc(ccc1C(=O)NC(CCC(=O)O)C(=O)O)NCC2CNC3=C(N2C=O)C(=O)NC(=N3)N
FFO,TYMS,6qyq,402,B,31,C,2303,C2,-19.041,33.124,23.036,FFO,c1cc(ccc1C(=O)NC(CCC(=O)O)C(=O)O)NCC2CNC3=C(N2C=O)C(=O)NC(=N3)N
FFO,TYMS,6qyq,402,B,28,C,2306,C4,-19.35,31.038,22.027,FFO,c1cc(ccc1C(=O)NC(CCC(=O)O)C(=O)O)NCC2CNC3=C(N2C=O)C(=O)NC(=N3)N
FFO,TYMS,6qyq,402,B,24,C,2308,C4A,-18.621,31.452,20.886,FFO,c1cc(ccc1C(=O)NC(CCC(=O)O)C(=O)O)NCC2CNC3=C(N2C=O)C(=O)NC(=N3)N
FFO,TYMS,6qyq,402,B,26,C,2334,C5A,-18.317,29.247,19.827,FFO,c1cc(ccc1C(=O)NC(CCC(=O)O)C(=O)O)NCC2CNC3=C(N2C=O)C(=O)NC(=N3)N
FFO,TYMS,6qyq,402,B,20,C,2310,C6,-18.305,31.369,18.423,FFO,c1cc(ccc1C(=O)NC(CCC(=O)O)C(=O)O)NCC2CNC3=C(N2C=O)C(=O)NC(=N3)N
FFO,TYMS,6qyq,402,B,21,C,2311,C7,-17.3,32.527,18.498,FFO,c1cc(ccc1C(=O)NC(CCC(=O)O)C(=O)O)NCC2CNC3=C(N2C=O)C(=O)NC(=N3)N
FFO,TYMS,6qyq,402,B,23,C,2313,C8A,-18.092,32.769,20.874,FFO,c1cc(ccc1C(=O)NC(CCC(=O)O)C(=O)O)NCC2CNC3=C(N2C=O)C(=O)NC(=N3)N
FFO,TYMS,6qyq,402,B,19,C,2314,C9,-19.667,31.87,17.911,FFO,c1cc(ccc1C(=O)NC(CCC(=O)O)C(=O)O)NCC2CNC3=C(N2C=O)C(=O)NC(=N3)N
FFO,TYMS,6qyq,402,B,9,C,2325,CA,-28.283,32.779,19.709,FFO,c1cc(ccc1C(=O)NC(CCC(=O)O)C(=O)O)NCC2CNC3=C(N2C=O)C(=O)NC(=N3)N
FFO,TYMS,6qyq,402,B,10,C,2326,CB,-28.962,32.81,18.335,FFO,c1cc(ccc1C(=O)NC(CCC(=O)O)C(=O)O)NCC2CNC3=C(N2C=O)C(=O)NC(=N3)N
FFO,TYMS,6qyq,402,B,12,C,2328,CD,-30.21,34.382,16.807,FFO,c1cc(ccc1C(=O)NC(CCC(=O)O)C(=O)O)NCC2CNC3=C(N2C=O)C(=O)NC(=N3)N
FFO,TYMS,6qyq,402,B,11,C,2327,CG,-30.072,33.833,18.219,FFO,c1cc(ccc1C(=O)NC(CCC(=O)O)C(=O)O)NCC2CNC3=C(N2C=O)C(=O)NC(=N3)N
FFO,TYMS,6qyq,402,B,15,C,2331,CT,-29.07,31.858,20.66,FFO,c1cc(ccc1C(=O)NC(CCC(=O)O)C(=O)O)NCC2CNC3=C(N2C=O)C(=O)NC(=N3)N
FFO,TYMS,6qyq,402,B,8,N,2324,N,-26.906,32.306,19.596,FFO,c1cc(ccc1C(=O)NC(CCC(=O)O)C(=O)O)NCC2CNC3=C(N2C=O)C(=O)NC(=N3)N
FFO,TYMS,6qyq,402,B,32,N,2302,N1,-18.321,33.582,21.968,FFO,c1cc(ccc1C(=O)NC(CCC(=O)O)C(=O)O)NCC2CNC3=C(N2C=O)C(=O)NC(=N3)N
FFO,TYMS,6qyq,402,B,18,N,2315,N10,-20.767,31.06,18.407,FFO,c1cc(ccc1C(=O)NC(CCC(=O)O)C(=O)O)NCC2CNC3=C(N2C=O)C(=O)NC(=N3)N
FFO,TYMS,6qyq,402,B,30,N,2305,N3,-19.538,31.891,23.08,FFO,c1cc(ccc1C(=O)NC(CCC(=O)O)C(=O)O)NCC2CNC3=C(N2C=O)C(=O)NC(=N3)N
FFO,TYMS,6qyq,402,B,25,N,2309,N5,-18.41,30.626,19.737,FFO,c1cc(ccc1C(=O)NC(CCC(=O)O)C(=O)O)NCC2CNC3=C(N2C=O)C(=O)NC(=N3)N
FFO,TYMS,6qyq,402,B,22,N,2312,N8,-17.372,33.228,19.777,FFO,c1cc(ccc1C(=O)NC(CCC(=O)O)C(=O)O)NCC2CNC3=C(N2C=O)C(=O)NC(=N3)N
FFO,TYMS,6qyq,402,B,33,N,2304,NA2,-19.232,33.931,24.074,FFO,c1cc(ccc1C(=O)NC(CCC(=O)O)C(=O)O)NCC2CNC3=C(N2C=O)C(=O)NC(=N3)N
FFO,TYMS,6qyq,402,B,7,O,2323,O,-25.927,34.217,20.298,FFO,c1cc(ccc1C(=O)NC(CCC(=O)O)C(=O)O)NCC2CNC3=C(N2C=O)C(=O)NC(=N3)N
FFO,TYMS,6qyq,402,B,16,O,2332,O1,-29.07,30.613,20.408,FFO,c1cc(ccc1C(=O)NC(CCC(=O)O)C(=O)O)NCC2CNC3=C(N2C=O)C(=O)NC(=N3)N
FFO,TYMS,6qyq,402,B,17,O,2333,O2,-29.643,32.408,21.618,FFO,c1cc(ccc1C(=O)NC(CCC(=O)O)C(=O)O)NCC2CNC3=C(N2C=O)C(=O)NC(=N3)N
FFO,TYMS,6qyq,402,B,29,O,2307,O4,-19.857,29.906,22.136,FFO,c1cc(ccc1C(=O)NC(CCC(=O)O)C(=O)O)NCC2CNC3=C(N2C=O)C(=O)NC(=N3)N
FFO,TYMS,6qyq,402,B,27,O,2335,O5B,-18.032,28.509,18.881,FFO,c1cc(ccc1C(=O)NC(CCC(=O)O)C(=O)O)NCC2CNC3=C(N2C=O)C(=O)NC(=N3)N
FFO,TYMS,6qyq,402,B,13,O,2329,OE1,-29.208,34.939,16.287,FFO,c1cc(ccc1C(=O)NC(CCC(=O)O)C(=O)O)NCC2CNC3=C(N2C=O)C(=O)NC(=N3)N
FFO,TYMS,6qyq,402,B,14,O,2330,OE2,-31.312,34.23,16.219,FFO,c1cc(ccc1C(=O)NC(CCC(=O)O)C(=O)O)NCC2CNC3=C(N2C=O)C(=O)NC(=N3)N
FFO,TYMS,6qyq,402,D,6,C,2329,C,-8.943,49.714,84.436,FFO,c1cc(ccc1C(=O)NC(CCC(=O)O)C(=O)O)NCC2CNC3=C(N2C=O)C(=O)NC(=N3)N
FFO,TYMS,6qyq,402,D,5,C,2323,C11,-8.339,48.395,84.817,FFO,c1cc(ccc1C(=O)NC(CCC(=O)O)C(=O)O)NCC2CNC3=C(N2C=O)C(=O)NC(=N3)N
FFO,TYMS,6qyq,402,D,0,C,2324,C12,-9.072,47.231,84.609,FFO,c1cc(ccc1C(=O)NC(CCC(=O)O)C(=O)O)NCC2CNC3=C(N2C=O)C(=O)NC(=N3)N
FFO,TYMS,6qyq,402,D,1,C,2325,C13,-8.559,46.008,84.979,FFO,c1cc(ccc1C(=O)NC(CCC(=O)O)C(=O)O)NCC2CNC3=C(N2C=O)C(=O)NC(=N3)N
FFO,TYMS,6qyq,402,D,2,C,2326,C14,-7.297,45.932,85.578,FFO,c1cc(ccc1C(=O)NC(CCC(=O)O)C(=O)O)NCC2CNC3=C(N2C=O)C(=O)NC(=N3)N
FFO,TYMS,6qyq,402,D,3,C,2327,C15,-6.56,47.096,85.797,FFO,c1cc(ccc1C(=O)NC(CCC(=O)O)C(=O)O)NCC2CNC3=C(N2C=O)C(=O)NC(=N3)N
FFO,TYMS,6qyq,402,D,4,C,2328,C16,-7.084,48.318,85.419,FFO,c1cc(ccc1C(=O)NC(CCC(=O)O)C(=O)O)NCC2CNC3=C(N2C=O)C(=O)NC(=N3)N
FFO,TYMS,6qyq,402,D,31,C,2310,C2,-9.243,42.99,81.313,FFO,c1cc(ccc1C(=O)NC(CCC(=O)O)C(=O)O)NCC2CNC3=C(N2C=O)C(=O)NC(=N3)N
FFO,TYMS,6qyq,402,D,28,C,2313,C4,-7.129,43.399,82.23,FFO,c1cc(ccc1C(=O)NC(CCC(=O)O)C(=O)O)NCC2CNC3=C(N2C=O)C(=O)NC(=N3)N
FFO,TYMS,6qyq,402,D,24,C,2315,C4A,-7.449,42.643,83.374,FFO,c1cc(ccc1C(=O)NC(CCC(=O)O)C(=O)O)NCC2CNC3=C(N2C=O)C(=O)NC(=N3)N
FFO,TYMS,6qyq,402,D,26,C,2341,C5A,-5.187,42.346,84.271,FFO,c1cc(ccc1C(=O)NC(CCC(=O)O)C(=O)O)NCC2CNC3=C(N2C=O)C(=O)NC(=N3)N
FFO,TYMS,6qyq,402,D,20,C,2317,C6,-7.182,42.283,85.829,FFO,c1cc(ccc1C(=O)NC(CCC(=O)O)C(=O)O)NCC2CNC3=C(N2C=O)C(=O)NC(=N3)N
FFO,TYMS,6qyq,402,D,21,C,2318,C7,-8.328,41.266,85.815,FFO,c1cc(ccc1C(=O)NC(CCC(=O)O)C(=O)O)NCC2CNC3=C(N2C=O)C(=O)NC(=N3)N
FFO,TYMS,6qyq,402,D,23,C,2320,C8A,-8.721,42.048,83.447,FFO,c1cc(ccc1C(=O)NC(CCC(=O)O)C(=O)O)NCC2CNC3=C(N2C=O)C(=O)NC(=N3)N
FFO,TYMS,6qyq,402,D,19,C,2321,C9,-7.638,43.628,86.416,FFO,c1cc(ccc1C(=O)NC(CCC(=O)O)C(=O)O)NCC2CNC3=C(N2C=O)C(=O)NC(=N3)N
FFO,TYMS,6qyq,402,D,9,C,2332,CA,-8.681,52.144,84.544,FFO,c1cc(ccc1C(=O)NC(CCC(=O)O)C(=O)O)NCC2CNC3=C(N2C=O)C(=O)NC(=N3)N
FFO,TYMS,6qyq,402,D,10,C,2333,CB,-8.816,52.683,85.973,FFO,c1cc(ccc1C(=O)NC(CCC(=O)O)C(=O)O)NCC2CNC3=C(N2C=O)C(=O)NC(=N3)N
FFO,TYMS,6qyq,402,D,12,C,2335,CD,-10.322,54.07,87.509,FFO,c1cc(ccc1C(=O)NC(CCC(=O)O)C(=O)O)NCC2CNC3=C(N2C=O)C(=O)NC(=N3)N
FFO,TYMS,6qyq,402,D,11,C,2334,CG,-9.791,53.839,86.099,FFO,c1cc(ccc1C(=O)NC(CCC(=O)O)C(=O)O)NCC2CNC3=C(N2C=O)C(=O)NC(=N3)N
FFO,TYMS,6qyq,402,D,15,C,2338,CT,-7.76,53.032,83.688,FFO,c1cc(ccc1C(=O)NC(CCC(=O)O)C(=O)O)NCC2CNC3=C(N2C=O)C(=O)NC(=N3)N
FFO,TYMS,6qyq,402,D,8,N,2331,N,-8.157,50.786,84.558,FFO,c1cc(ccc1C(=O)NC(CCC(=O)O)C(=O)O)NCC2CNC3=C(N2C=O)C(=O)NC(=N3)N
FFO,TYMS,6qyq,402,D,32,N,2309,N1,-9.6,42.247,82.403,FFO,c1cc(ccc1C(=O)NC(CCC(=O)O)C(=O)O)NCC2CNC3=C(N2C=O)C(=O)NC(=N3)N
FFO,TYMS,6qyq,402,D,18,N,2322,N10,-6.802,44.721,85.95,FFO,c1cc(ccc1C(=O)NC(CCC(=O)O)C(=O)O)NCC2CNC3=C(N2C=O)C(=O)NC(=N3)N
FFO,TYMS,6qyq,402,D,30,N,2312,N3,-8.045,43.56,81.208,FFO,c1cc(ccc1C(=O)NC(CCC(=O)O)C(=O)O)NCC2CNC3=C(N2C=O)C(=O)NC(=N3)N
FFO,TYMS,6qyq,402,D,25,N,2316,N5,-6.55,42.443,84.466,FFO,c1cc(ccc1C(=O)NC(CCC(=O)O)C(=O)O)NCC2CNC3=C(N2C=O)C(=O)NC(=N3)N
FFO,TYMS,6qyq,402,D,22,N,2319,N8,-9.083,41.301,84.562,FFO,c1cc(ccc1C(=O)NC(CCC(=O)O)C(=O)O)NCC2CNC3=C(N2C=O)C(=O)NC(=N3)N
FFO,TYMS,6qyq,402,D,33,N,2311,NA2,-10.133,43.137,80.335,FFO,c1cc(ccc1C(=O)NC(CCC(=O)O)C(=O)O)NCC2CNC3=C(N2C=O)C(=O)NC(=N3)N
FFO,TYMS,6qyq,402,D,7,O,2330,O,-10.127,49.786,84.106,FFO,c1cc(ccc1C(=O)NC(CCC(=O)O)C(=O)O)NCC2CNC3=C(N2C=O)C(=O)NC(=N3)N
FFO,TYMS,6qyq,402,D,16,O,2339,O1,-6.508,52.926,83.869,FFO,c1cc(ccc1C(=O)NC(CCC(=O)O)C(=O)O)NCC2CNC3=C(N2C=O)C(=O)NC(=N3)N
FFO,TYMS,6qyq,402,D,17,O,2340,O2,-8.324,53.793,82.871,FFO,c1cc(ccc1C(=O)NC(CCC(=O)O)C(=O)O)NCC2CNC3=C(N2C=O)C(=O)NC(=N3)N
FFO,TYMS,6qyq,402,D,29,O,2314,O4,-6.024,43.954,82.097,FFO,c1cc(ccc1C(=O)NC(CCC(=O)O)C(=O)O)NCC2CNC3=C(N2C=O)C(=O)NC(=N3)N
FFO,TYMS,6qyq,402,D,27,O,2342,O5B,-4.339,42.618,85.122,FFO,c1cc(ccc1C(=O)NC(CCC(=O)O)C(=O)O)NCC2CNC3=C(N2C=O)C(=O)NC(=N3)N
FFO,TYMS,6qyq,402,D,13,O,2336,OE1,-10.815,53.092,88.129,FFO,c1cc(ccc1C(=O)NC(CCC(=O)O)C(=O)O)NCC2CNC3=C(N2C=O)C(=O)NC(=N3)N
FFO,TYMS,6qyq,402,D,14,O,2337,OE2,-10.237,55.231,87.991,FFO,c1cc(ccc1C(=O)NC(CCC(=O)O)C(=O)O)NCC2CNC3=C(N2C=O)C(=O)NC(=N3)N
FFO,TYMS,6r2e,403,A,6,C,2343,C,55.983,-19.02,-33.274,FFO,c1cc(ccc1C(=O)NC(CCC(=O)O)C(=O)O)NCC2CNC3=C(N2C=O)C(=O)NC(=N3)N
FFO,TYMS,6r2e,403,A,5,C,2337,C11,55.003,-18.021,-32.734,FFO,c1cc(ccc1C(=O)NC(CCC(=O)O)C(=O)O)NCC2CNC3=C(N2C=O)C(=O)NC(=N3)N
FFO,TYMS,6r2e,403,A,0,C,2338,C12,54.861,-17.615,-31.404,FFO,c1cc(ccc1C(=O)NC(CCC(=O)O)C(=O)O)NCC2CNC3=C(N2C=O)C(=O)NC(=N3)N
FFO,TYMS,6r2e,403,A,1,C,2339,C13,53.925,-16.655,-31.076,FFO,c1cc(ccc1C(=O)NC(CCC(=O)O)C(=O)O)NCC2CNC3=C(N2C=O)C(=O)NC(=N3)N
FFO,TYMS,6r2e,403,A,2,C,2340,C14,53.101,-16.106,-32.079,FFO,c1cc(ccc1C(=O)NC(CCC(=O)O)C(=O)O)NCC2CNC3=C(N2C=O)C(=O)NC(=N3)N
FFO,TYMS,6r2e,403,A,3,C,2341,C15,53.249,-16.529,-33.393,FFO,c1cc(ccc1C(=O)NC(CCC(=O)O)C(=O)O)NCC2CNC3=C(N2C=O)C(=O)NC(=N3)N
FFO,TYMS,6r2e,403,A,4,C,2342,C16,54.192,-17.472,-33.717,FFO,c1cc(ccc1C(=O)NC(CCC(=O)O)C(=O)O)NCC2CNC3=C(N2C=O)C(=O)NC(=N3)N
FFO,TYMS,6r2e,403,A,31,C,2324,C2,48.493,-18.179,-34.17,FFO,c1cc(ccc1C(=O)NC(CCC(=O)O)C(=O)O)NCC2CNC3=C(N2C=O)C(=O)NC(=N3)N
FFO,TYMS,6r2e,403,A,28,C,2327,C4,49.001,-17.33,-32.076,FFO,c1cc(ccc1C(=O)NC(CCC(=O)O)C(=O)O)NCC2CNC3=C(N2C=O)C(=O)NC(=N3)N
FFO,TYMS,6r2e,403,A,24,C,2329,C4A,49.035,-16.045,-32.555,FFO,c1cc(ccc1C(=O)NC(CCC(=O)O)C(=O)O)NCC2CNC3=C(N2C=O)C(=O)NC(=N3)N
FFO,TYMS,6r2e,403,A,26,C,2355,C5A,49.053,-14.712,-30.389,FFO,c1cc(ccc1C(=O)NC(CCC(=O)O)C(=O)O)NCC2CNC3=C(N2C=O)C(=O)NC(=N3)N
FFO,TYMS,6r2e,403,A,20,C,2331,C6,50.038,-13.89,-32.453,FFO,c1cc(ccc1C(=O)NC(CCC(=O)O)C(=O)O)NCC2CNC3=C(N2C=O)C(=O)NC(=N3)N
FFO,TYMS,6r2e,403,A,21,C,2332,C7,49.14,-13.476,-33.622,FFO,c1cc(ccc1C(=O)NC(CCC(=O)O)C(=O)O)NCC2CNC3=C(N2C=O)C(=O)NC(=N3)N
FFO,TYMS,6r2e,403,A,23,C,2334,C8A,48.793,-15.856,-33.926,FFO,c1cc(ccc1C(=O)NC(CCC(=O)O)C(=O)O)NCC2CNC3=C(N2C=O)C(=O)NC(=N3)N
FFO,TYMS,6r2e,403,A,19,C,2335,C9,51.385,-14.473,-32.902,FFO,c1cc(ccc1C(=O)NC(CCC(=O)O)C(=O)O)NCC2CNC3=C(N2C=O)C(=O)NC(=N3)N
FFO,TYMS,6r2e,403,A,9,C,2346,CA,57.955,-20.374,-32.723,FFO,c1cc(ccc1C(=O)NC(CCC(=O)O)C(=O)O)NCC2CNC3=C(N2C=O)C(=O)NC(=N3)N
FFO,TYMS,6r2e,403,A,10,C,2347,CB,59.011,-19.504,-33.437,FFO,c1cc(ccc1C(=O)NC(CCC(=O)O)C(=O)O)NCC2CNC3=C(N2C=O)C(=O)NC(=N3)N
FFO,TYMS,6r2e,403,A,12,C,2349,CD,61.122,-18.152,-33.396,FFO,c1cc(ccc1C(=O)NC(CCC(=O)O)C(=O)O)NCC2CNC3=C(N2C=O)C(=O)NC(=N3)N
FFO,TYMS,6r2e,403,A,11,C,2348,CG,60.057,-18.842,-32.543,FFO,c1cc(ccc1C(=O)NC(CCC(=O)O)C(=O)O)NCC2CNC3=C(N2C=O)C(=O)NC(=N3)N
FFO,TYMS,6r2e,403,A,15,C,2352,CT,58.385,-21.267,-31.536,FFO,c1cc(ccc1C(=O)NC(CCC(=O)O)C(=O)O)NCC2CNC3=C(N2C=O)C(=O)NC(=N3)N
FFO,TYMS,6r2e,403,A,8,N,2345,N,56.758,-19.624,-32.366,FFO,c1cc(ccc1C(=O)NC(CCC(=O)O)C(=O)O)NCC2CNC3=C(N2C=O)C(=O)NC(=N3)N
FFO,TYMS,6r2e,403,A,32,N,2323,N1,48.503,-16.926,-34.703,FFO,c1cc(ccc1C(=O)NC(CCC(=O)O)C(=O)O)NCC2CNC3=C(N2C=O)C(=O)NC(=N3)N
FFO,TYMS,6r2e,403,A,18,N,2336,N10,52.115,-15.163,-31.841,FFO,c1cc(ccc1C(=O)NC(CCC(=O)O)C(=O)O)NCC2CNC3=C(N2C=O)C(=O)NC(=N3)N
FFO,TYMS,6r2e,403,A,30,N,2326,N3,48.753,-18.38,-32.886,FFO,c1cc(ccc1C(=O)NC(CCC(=O)O)C(=O)O)NCC2CNC3=C(N2C=O)C(=O)NC(=N3)N
FFO,TYMS,6r2e,403,A,25,N,2330,N5,49.339,-14.922,-31.719,FFO,c1cc(ccc1C(=O)NC(CCC(=O)O)C(=O)O)NCC2CNC3=C(N2C=O)C(=O)NC(=N3)N
FFO,TYMS,6r2e,403,A,22,N,2333,N8,48.813,-14.617,-34.468,FFO,c1cc(ccc1C(=O)NC(CCC(=O)O)C(=O)O)NCC2CNC3=C(N2C=O)C(=O)NC(=N3)N
FFO,TYMS,6r2e,403,A,33,N,2325,NA2,48.198,-19.218,-34.959,FFO,c1cc(ccc1C(=O)NC(CCC(=O)O)C(=O)O)NCC2CNC3=C(N2C=O)C(=O)NC(=N3)N
FFO,TYMS,6r2e,403,A,7,O,2344,O,56.077,-19.217,-34.496,FFO,c1cc(ccc1C(=O)NC(CCC(=O)O)C(=O)O)NCC2CNC3=C(N2C=O)C(=O)NC(=N3)N
FFO,TYMS,6r2e,403,A,16,O,2353,O1,58.313,-20.8,-30.343,FFO,c1cc(ccc1C(=O)NC(CCC(=O)O)C(=O)O)NCC2CNC3=C(N2C=O)C(=O)NC(=N3)N
FFO,TYMS,6r2e,403,A,17,O,2354,O2,58.736,-22.425,-31.842,FFO,c1cc(ccc1C(=O)NC(CCC(=O)O)C(=O)O)NCC2CNC3=C(N2C=O)C(=O)NC(=N3)N
FFO,TYMS,6r2e,403,A,29,O,2328,O4,49.229,-17.58,-30.887,FFO,c1cc(ccc1C(=O)NC(CCC(=O)O)C(=O)O)NCC2CNC3=C(N2C=O)C(=O)NC(=N3)N
FFO,TYMS,6r2e,403,A,27,O,2356,O5B,49.834,-15.033,-29.476,FFO,c1cc(ccc1C(=O)NC(CCC(=O)O)C(=O)O)NCC2CNC3=C(N2C=O)C(=O)NC(=N3)N
FFO,TYMS,6r2e,403,A,13,O,2350,OE1,60.672,-17.268,-34.184,FFO,c1cc(ccc1C(=O)NC(CCC(=O)O)C(=O)O)NCC2CNC3=C(N2C=O)C(=O)NC(=N3)N
FFO,TYMS,6r2e,403,A,14,O,2351,OE2,62.406,-18.508,-33.315,FFO,c1cc(ccc1C(=O)NC(CCC(=O)O)C(=O)O)NCC2CNC3=C(N2C=O)C(=O)NC(=N3)N
FFO,TYMS,6r2e,403,B,6,C,2354,C,20.121,-7.906,-3.535,FFO,c1cc(ccc1C(=O)NC(CCC(=O)O)C(=O)O)NCC2CNC3=C(N2C=O)C(=O)NC(=N3)N
FFO,TYMS,6r2e,403,B,5,C,2348,C11,20.828,-7.626,-4.833,FFO,c1cc(ccc1C(=O)NC(CCC(=O)O)C(=O)O)NCC2CNC3=C(N2C=O)C(=O)NC(=N3)N
FFO,TYMS,6r2e,403,B,0,C,2349,C12,20.897,-8.545,-5.879,FFO,c1cc(ccc1C(=O)NC(CCC(=O)O)C(=O)O)NCC2CNC3=C(N2C=O)C(=O)NC(=N3)N
FFO,TYMS,6r2e,403,B,1,C,2350,C13,21.516,-8.214,-7.064,FFO,c1cc(ccc1C(=O)NC(CCC(=O)O)C(=O)O)NCC2CNC3=C(N2C=O)C(=O)NC(=N3)N
FFO,TYMS,6r2e,403,B,2,C,2351,C14,22.088,-6.951,-7.214,FFO,c1cc(ccc1C(=O)NC(CCC(=O)O)C(=O)O)NCC2CNC3=C(N2C=O)C(=O)NC(=N3)N
FFO,TYMS,6r2e,403,B,3,C,2352,C15,22.031,-6.04,-6.169,FFO,c1cc(ccc1C(=O)NC(CCC(=O)O)C(=O)O)NCC2CNC3=C(N2C=O)C(=O)NC(=N3)N
FFO,TYMS,6r2e,403,B,4,C,2353,C16,21.392,-6.367,-4.997,FFO,c1cc(ccc1C(=O)NC(CCC(=O)O)C(=O)O)NCC2CNC3=C(N2C=O)C(=O)NC(=N3)N
FFO,TYMS,6r2e,403,B,31,C,2335,C2,26.481,-4.769,-5.001,FFO,c1cc(ccc1C(=O)NC(CCC(=O)O)C(=O)O)NCC2CNC3=C(N2C=O)C(=O)NC(=N3)N
FFO,TYMS,6r2e,403,B,28,C,2338,C4,26.06,-6.445,-6.628,FFO,c1cc(ccc1C(=O)NC(CCC(=O)O)C(=O)O)NCC2CNC3=C(N2C=O)C(=O)NC(=N3)N
FFO,TYMS,6r2e,403,B,24,C,2340,C4A,25.735,-5.48,-7.586,FFO,c1cc(ccc1C(=O)NC(CCC(=O)O)C(=O)O)NCC2CNC3=C(N2C=O)C(=O)NC(=N3)N
FFO,TYMS,6r2e,403,B,26,C,2366,C5A,25.857,-6.724,-9.784,FFO,c1cc(ccc1C(=O)NC(CCC(=O)O)C(=O)O)NCC2CNC3=C(N2C=O)C(=O)NC(=N3)N
FFO,TYMS,6r2e,403,B,20,C,2342,C6,24.233,-4.879,-9.415,FFO,c1cc(ccc1C(=O)NC(CCC(=O)O)C(=O)O)NCC2CNC3=C(N2C=O)C(=O)NC(=N3)N
FFO,TYMS,6r2e,403,B,21,C,2343,C7,24.588,-3.396,-9.247,FFO,c1cc(ccc1C(=O)NC(CCC(=O)O)C(=O)O)NCC2CNC3=C(N2C=O)C(=O)NC(=N3)N
FFO,TYMS,6r2e,403,B,23,C,2345,C8A,25.792,-4.12,-7.196,FFO,c1cc(ccc1C(=O)NC(CCC(=O)O)C(=O)O)NCC2CNC3=C(N2C=O)C(=O)NC(=N3)N
FFO,TYMS,6r2e,403,B,19,C,2346,C9,22.894,-5.171,-8.72,FFO,c1cc(ccc1C(=O)NC(CCC(=O)O)C(=O)O)NCC2CNC3=C(N2C=O)C(=O)NC(=N3)N
FFO,TYMS,6r2e,403,B,9,C,2357,CA,18.474,-9.365,-2.498,FFO,c1cc(ccc1C(=O)NC(CCC(=O)O)C(=O)O)NCC2CNC3=C(N2C=O)C(=O)NC(=N3)N
FFO,TYMS,6r2e,403,B,10,C,2358,CB,17.173,-9.035,-3.239,FFO,c1cc(ccc1C(=O)NC(CCC(=O)O)C(=O)O)NCC2CNC3=C(N2C=O)C(=O)NC(=N3)N
FFO,TYMS,6r2e,403,B,12,C,2360,CD,14.667,-8.955,-3.134,FFO,c1cc(ccc1C(=O)NC(CCC(=O)O)C(=O)O)NCC2CNC3=C(N2C=O)C(=O)NC(=N3)N
FFO,TYMS,6r2e,403,B,11,C,2359,CG,15.943,-9.4,-2.45,FFO,c1cc(ccc1C(=O)NC(CCC(=O)O)C(=O)O)NCC2CNC3=C(N2C=O)C(=O)NC(=N3)N
FFO,TYMS,6r2e,403,B,15,C,2363,CT,18.599,-10.85,-2.125,FFO,c1cc(ccc1C(=O)NC(CCC(=O)O)C(=O)O)NCC2CNC3=C(N2C=O)C(=O)NC(=N3)N
FFO,TYMS,6r2e,403,B,8,N,2356,N,19.584,-9.117,-3.394,FFO,c1cc(ccc1C(=O)NC(CCC(=O)O)C(=O)O)NCC2CNC3=C(N2C=O)C(=O)NC(=N3)N
FFO,TYMS,6r2e,403,B,32,N,2334,N1,26.182,-3.794,-5.912,FFO,c1cc(ccc1C(=O)NC(CCC(=O)O)C(=O)O)NCC2CNC3=C(N2C=O)C(=O)NC(=N3)N
FFO,TYMS,6r2e,403,B,18,N,2347,N10,22.729,-6.568,-8.364,FFO,c1cc(ccc1C(=O)NC(CCC(=O)O)C(=O)O)NCC2CNC3=C(N2C=O)C(=O)NC(=N3)N
FFO,TYMS,6r2e,403,B,30,N,2337,N3,26.438,-6.069,-5.329,FFO,c1cc(ccc1C(=O)NC(CCC(=O)O)C(=O)O)NCC2CNC3=C(N2C=O)C(=O)NC(=N3)N
FFO,TYMS,6r2e,403,B,25,N,2341,N5,25.326,-5.774,-8.928,FFO,c1cc(ccc1C(=O)NC(CCC(=O)O)C(=O)O)NCC2CNC3=C(N2C=O)C(=O)NC(=N3)N
FFO,TYMS,6r2e,403,B,22,N,2344,N8,25.447,-3.145,-8.093,FFO,c1cc(ccc1C(=O)NC(CCC(=O)O)C(=O)O)NCC2CNC3=C(N2C=O)C(=O)NC(=N3)N
FFO,TYMS,6r2e,403,B,33,N,2336,NA2,26.863,-4.374,-3.782,FFO,c1cc(ccc1C(=O)NC(CCC(=O)O)C(=O)O)NCC2CNC3=C(N2C=O)C(=O)NC(=N3)N
FFO,TYMS,6r2e,403,B,7,O,2355,O,19.985,-7.028,-2.684,FFO,c1cc(ccc1C(=O)NC(CCC(=O)O)C(=O)O)NCC2CNC3=C(N2C=O)C(=O)NC(=N3)N
FFO,TYMS,6r2e,403,B,16,O,2364,O1,18.929,-11.626,-3.055,FFO,c1cc(ccc1C(=O)NC(CCC(=O)O)C(=O)O)NCC2CNC3=C(N2C=O)C(=O)NC(=N3)N
FFO,TYMS,6r2e,403,B,17,O,2365,O2,18.401,-11.174,-0.935,FFO,c1cc(ccc1C(=O)NC(CCC(=O)O)C(=O)O)NCC2CNC3=C(N2C=O)C(=O)NC(=N3)N
FFO,TYMS,6r2e,403,B,29,O,2339,O4,26.026,-7.648,-6.897,FFO,c1cc(ccc1C(=O)NC(CCC(=O)O)C(=O)O)NCC2CNC3=C(N2C=O)C(=O)NC(=N3)N
FFO,TYMS,6r2e,403,B,27,O,2367,O5B,25.383,-7.86,-9.917,FFO,c1cc(ccc1C(=O)NC(CCC(=O)O)C(=O)O)NCC2CNC3=C(N2C=O)C(=O)NC(=N3)N
FFO,TYMS,6r2e,403,B,13,O,2361,OE1,14.758,-7.981,-3.922,FFO,c1cc(ccc1C(=O)NC(CCC(=O)O)C(=O)O)NCC2CNC3=C(N2C=O)C(=O)NC(=N3)N
FFO,TYMS,6r2e,403,B,14,O,2362,OE2,13.585,-9.589,-2.894,FFO,c1cc(ccc1C(=O)NC(CCC(=O)O)C(=O)O)NCC2CNC3=C(N2C=O)C(=O)NC(=N3)N
FFO,TYMS,6r2e,403,D,6,C,2360,C,119.951,-75.798,-13.914,FFO,c1cc(ccc1C(=O)NC(CCC(=O)O)C(=O)O)NCC2CNC3=C(N2C=O)C(=O)NC(=N3)N
FFO,TYMS,6r2e,403,D,5,C,2354,C11,119.21,-76.054,-15.202,FFO,c1cc(ccc1C(=O)NC(CCC(=O)O)C(=O)O)NCC2CNC3=C(N2C=O)C(=O)NC(=N3)N
FFO,TYMS,6r2e,403,D,0,C,2355,C12,119.114,-75.1,-16.22,FFO,c1cc(ccc1C(=O)NC(CCC(=O)O)C(=O)O)NCC2CNC3=C(N2C=O)C(=O)NC(=N3)N
FFO,TYMS,6r2e,403,D,1,C,2356,C13,118.472,-75.402,-17.408,FFO,c1cc(ccc1C(=O)NC(CCC(=O)O)C(=O)O)NCC2CNC3=C(N2C=O)C(=O)NC(=N3)N
FFO,TYMS,6r2e,403,D,2,C,2357,C14,117.916,-76.675,-17.608,FFO,c1cc(ccc1C(=O)NC(CCC(=O)O)C(=O)O)NCC2CNC3=C(N2C=O)C(=O)NC(=N3)N
FFO,TYMS,6r2e,403,D,3,C,2358,C15,118.035,-77.628,-16.602,FFO,c1cc(ccc1C(=O)NC(CCC(=O)O)C(=O)O)NCC2CNC3=C(N2C=O)C(=O)NC(=N3)N
FFO,TYMS,6r2e,403,D,4,C,2359,C16,118.681,-77.324,-15.421,FFO,c1cc(ccc1C(=O)NC(CCC(=O)O)C(=O)O)NCC2CNC3=C(N2C=O)C(=O)NC(=N3)N
FFO,TYMS,6r2e,403,D,31,C,2341,C2,113.558,-78.852,-15.446,FFO,c1cc(ccc1C(=O)NC(CCC(=O)O)C(=O)O)NCC2CNC3=C(N2C=O)C(=O)NC(=N3)N
FFO,TYMS,6r2e,403,D,28,C,2344,C4,113.861,-77.205,-17.117,FFO,c1cc(ccc1C(=O)NC(CCC(=O)O)C(=O)O)NCC2CNC3=C(N2C=O)C(=O)NC(=N3)N
FFO,TYMS,6r2e,403,D,24,C,2346,C4A,114.234,-78.151,-18.059,FFO,c1cc(ccc1C(=O)NC(CCC(=O)O)C(=O)O)NCC2CNC3=C(N2C=O)C(=O)NC(=N3)N
FFO,TYMS,6r2e,403,D,26,C,2372,C5A,113.961,-76.938,-20.289,FFO,c1cc(ccc1C(=O)NC(CCC(=O)O)C(=O)O)NCC2CNC3=C(N2C=O)C(=O)NC(=N3)N
FFO,TYMS,6r2e,403,D,20,C,2348,C6,115.714,-78.687,-19.874,FFO,c1cc(ccc1C(=O)NC(CCC(=O)O)C(=O)O)NCC2CNC3=C(N2C=O)C(=O)NC(=N3)N
FFO,TYMS,6r2e,403,D,21,C,2349,C7,115.348,-80.17,-19.785,FFO,c1cc(ccc1C(=O)NC(CCC(=O)O)C(=O)O)NCC2CNC3=C(N2C=O)C(=O)NC(=N3)N
FFO,TYMS,6r2e,403,D,23,C,2351,C8A,114.272,-79.501,-17.647,FFO,c1cc(ccc1C(=O)NC(CCC(=O)O)C(=O)O)NCC2CNC3=C(N2C=O)C(=O)NC(=N3)N
FFO,TYMS,6r2e,403,D,19,C,2352,C9,117.021,-78.431,-19.102,FFO,c1cc(ccc1C(=O)NC(CCC(=O)O)C(=O)O)NCC2CNC3=C(N2C=O)C(=O)NC(=N3)N
FFO,TYMS,6r2e,403,D,9,C,2363,CA,121.617,-74.304,-12.94,FFO,c1cc(ccc1C(=O)NC(CCC(=O)O)C(=O)O)NCC2CNC3=C(N2C=O)C(=O)NC(=N3)N
FFO,TYMS,6r2e,403,D,10,C,2364,CB,122.89,-74.698,-13.705,FFO,c1cc(ccc1C(=O)NC(CCC(=O)O)C(=O)O)NCC2CNC3=C(N2C=O)C(=O)NC(=N3)N
FFO,TYMS,6r2e,403,D,12,C,2366,CD,125.468,-74.491,-13.672,FFO,c1cc(ccc1C(=O)NC(CCC(=O)O)C(=O)O)NCC2CNC3=C(N2C=O)C(=O)NC(=N3)N
FFO,TYMS,6r2e,403,D,11,C,2365,CG,124.112,-73.862,-13.373,FFO,c1cc(ccc1C(=O)NC(CCC(=O)O)C(=O)O)NCC2CNC3=C(N2C=O)C(=O)NC(=N3)N
FFO,TYMS,6r2e,403,D,15,C,2369,CT,121.477,-72.829,-12.514,FFO,c1cc(ccc1C(=O)NC(CCC(=O)O)C(=O)O)NCC2CNC3=C(N2C=O)C(=O)NC(=N3)N
FFO,TYMS,6r2e,403,D,8,N,2362,N,120.437,-74.567,-13.748,FFO,c1cc(ccc1C(=O)NC(CCC(=O)O)C(=O)O)NCC2CNC3=C(N2C=O)C(=O)NC(=N3)N
FFO,TYMS,6r2e,403,D,32,N,2340,N1,113.899,-79.824,-16.344,FFO,c1cc(ccc1C(=O)NC(CCC(=O)O)C(=O)O)NCC2CNC3=C(N2C=O)C(=O)NC(=N3)N
FFO,TYMS,6r2e,403,D,18,N,2353,N10,117.259,-77.039,-18.764,FFO,c1cc(ccc1C(=O)NC(CCC(=O)O)C(=O)O)NCC2CNC3=C(N2C=O)C(=O)NC(=N3)N
FFO,TYMS,6r2e,403,D,30,N,2343,N3,113.525,-77.566,-15.801,FFO,c1cc(ccc1C(=O)NC(CCC(=O)O)C(=O)O)NCC2CNC3=C(N2C=O)C(=O)NC(=N3)N
FFO,TYMS,6r2e,403,D,25,N,2347,N5,114.583,-77.839,-19.409,FFO,c1cc(ccc1C(=O)NC(CCC(=O)O)C(=O)O)NCC2CNC3=C(N2C=O)C(=O)NC(=N3)N
FFO,TYMS,6r2e,403,D,22,N,2350,N8,114.691,-80.479,-18.523,FFO,c1cc(ccc1C(=O)NC(CCC(=O)O)C(=O)O)NCC2CNC3=C(N2C=O)C(=O)NC(=N3)N
FFO,TYMS,6r2e,403,D,33,N,2342,NA2,113.25,-79.226,-14.207,FFO,c1cc(ccc1C(=O)NC(CCC(=O)O)C(=O)O)NCC2CNC3=C(N2C=O)C(=O)NC(=N3)N
FFO,TYMS,6r2e,403,D,7,O,2361,O,120.211,-76.717,-13.126,FFO,c1cc(ccc1C(=O)NC(CCC(=O)O)C(=O)O)NCC2CNC3=C(N2C=O)C(=O)NC(=N3)N
FFO,TYMS,6r2e,403,D,16,O,2370,O1,121.009,-72.018,-13.359,FFO,c1cc(ccc1C(=O)NC(CCC(=O)O)C(=O)O)NCC2CNC3=C(N2C=O)C(=O)NC(=N3)N
FFO,TYMS,6r2e,403,D,17,O,2371,O2,121.733,-72.561,-11.32,FFO,c1cc(ccc1C(=O)NC(CCC(=O)O)C(=O)O)NCC2CNC3=C(N2C=O)C(=O)NC(=N3)N
FFO,TYMS,6r2e,403,D,29,O,2345,O4,113.779,-76.018,-17.418,FFO,c1cc(ccc1C(=O)NC(CCC(=O)O)C(=O)O)NCC2CNC3=C(N2C=O)C(=O)NC(=N3)N
FFO,TYMS,6r2e,403,D,27,O,2373,O5B,114.223,-75.704,-20.36,FFO,c1cc(ccc1C(=O)NC(CCC(=O)O)C(=O)O)NCC2CNC3=C(N2C=O)C(=O)NC(=N3)N
FFO,TYMS,6r2e,403,D,13,O,2367,OE1,125.419,-75.627,-14.213,FFO,c1cc(ccc1C(=O)NC(CCC(=O)O)C(=O)O)NCC2CNC3=C(N2C=O)C(=O)NC(=N3)N
FFO,TYMS,6r2e,403,D,14,O,2368,OE2,126.59,-73.84,-13.381,FFO,c1cc(ccc1C(=O)NC(CCC(=O)O)C(=O)O)NCC2CNC3=C(N2C=O)C(=O)NC(=N3)N
FFO,TYMS,6r2e,403,E,6,C,2352,C,20.214,-46.512,-24.735,FFO,c1cc(ccc1C(=O)NC(CCC(=O)O)C(=O)O)NCC2CNC3=C(N2C=O)C(=O)NC(=N3)N
FFO,TYMS,6r2e,403,E,5,C,2346,C11,20.594,-47.909,-25.125,FFO,c1cc(ccc1C(=O)NC(CCC(=O)O)C(=O)O)NCC2CNC3=C(N2C=O)C(=O)NC(=N3)N
FFO,TYMS,6r2e,403,E,0,C,2347,C12,20.606,-49.004,-24.257,FFO,c1cc(ccc1C(=O)NC(CCC(=O)O)C(=O)O)NCC2CNC3=C(N2C=O)C(=O)NC(=N3)N
FFO,TYMS,6r2e,403,E,1,C,2348,C13,20.945,-50.262,-24.724,FFO,c1cc(ccc1C(=O)NC(CCC(=O)O)C(=O)O)NCC2CNC3=C(N2C=O)C(=O)NC(=N3)N
FFO,TYMS,6r2e,403,E,2,C,2349,C14,21.287,-50.439,-26.079,FFO,c1cc(ccc1C(=O)NC(CCC(=O)O)C(=O)O)NCC2CNC3=C(N2C=O)C(=O)NC(=N3)N
FFO,TYMS,6r2e,403,E,3,C,2350,C15,21.269,-49.335,-26.938,FFO,c1cc(ccc1C(=O)NC(CCC(=O)O)C(=O)O)NCC2CNC3=C(N2C=O)C(=O)NC(=N3)N
FFO,TYMS,6r2e,403,E,4,C,2351,C16,20.923,-48.087,-26.466,FFO,c1cc(ccc1C(=O)NC(CCC(=O)O)C(=O)O)NCC2CNC3=C(N2C=O)C(=O)NC(=N3)N
FFO,TYMS,6r2e,403,E,31,C,2333,C2,25.869,-48.921,-29.056,FFO,c1cc(ccc1C(=O)NC(CCC(=O)O)C(=O)O)NCC2CNC3=C(N2C=O)C(=O)NC(=N3)N
FFO,TYMS,6r2e,403,E,28,C,2336,C4,25.509,-50.439,-27.297,FFO,c1cc(ccc1C(=O)NC(CCC(=O)O)C(=O)O)NCC2CNC3=C(N2C=O)C(=O)NC(=N3)N
FFO,TYMS,6r2e,403,E,24,C,2338,C4A,24.726,-51.278,-28.17,FFO,c1cc(ccc1C(=O)NC(CCC(=O)O)C(=O)O)NCC2CNC3=C(N2C=O)C(=O)NC(=N3)N
FFO,TYMS,6r2e,403,E,26,C,2364,C5A,24.548,-53.332,-26.807,FFO,c1cc(ccc1C(=O)NC(CCC(=O)O)C(=O)O)NCC2CNC3=C(N2C=O)C(=O)NC(=N3)N
FFO,TYMS,6r2e,403,E,20,C,2340,C6,22.846,-52.848,-28.469,FFO,c1cc(ccc1C(=O)NC(CCC(=O)O)C(=O)O)NCC2CNC3=C(N2C=O)C(=O)NC(=N3)N
FFO,TYMS,6r2e,403,E,21,C,2341,C7,23.01,-52.772,-29.983,FFO,c1cc(ccc1C(=O)NC(CCC(=O)O)C(=O)O)NCC2CNC3=C(N2C=O)C(=O)NC(=N3)N
FFO,TYMS,6r2e,403,E,23,C,2343,C8A,24.559,-50.866,-29.51,FFO,c1cc(ccc1C(=O)NC(CCC(=O)O)C(=O)O)NCC2CNC3=C(N2C=O)C(=O)NC(=N3)N
FFO,TYMS,6r2e,403,E,19,C,2344,C9,21.763,-51.868,-28.045,FFO,c1cc(ccc1C(=O)NC(CCC(=O)O)C(=O)O)NCC2CNC3=C(N2C=O)C(=O)NC(=N3)N
FFO,TYMS,6r2e,403,E,9,C,2355,CA,19.398,-45.003,-23.029,FFO,c1cc(ccc1C(=O)NC(CCC(=O)O)C(=O)O)NCC2CNC3=C(N2C=O)C(=O)NC(=N3)N
FFO,TYMS,6r2e,403,E,10,C,2356,CB,17.977,-44.783,-23.572,FFO,c1cc(ccc1C(=O)NC(CCC(=O)O)C(=O)O)NCC2CNC3=C(N2C=O)C(=O)NC(=N3)N
FFO,TYMS,6r2e,403,E,12,C,2358,CD,15.481,-45.264,-23.257,FFO,c1cc(ccc1C(=O)NC(CCC(=O)O)C(=O)O)NCC2CNC3=C(N2C=O)C(=O)NC(=N3)N
FFO,TYMS,6r2e,403,E,11,C,2357,CG,16.909,-45.502,-22.782,FFO,c1cc(ccc1C(=O)NC(CCC(=O)O)C(=O)O)NCC2CNC3=C(N2C=O)C(=O)NC(=N3)N
FFO,TYMS,6r2e,403,E,15,C,2361,CT,19.506,-44.872,-21.497,FFO,c1cc(ccc1C(=O)NC(CCC(=O)O)C(=O)O)NCC2CNC3=C(N2C=O)C(=O)NC(=N3)N
FFO,TYMS,6r2e,403,E,8,N,2354,N,19.932,-46.284,-23.456,FFO,c1cc(ccc1C(=O)NC(CCC(=O)O)C(=O)O)NCC2CNC3=C(N2C=O)C(=O)NC(=N3)N
FFO,TYMS,6r2e,403,E,32,N,2332,N1,25.139,-49.696,-29.919,FFO,c1cc(ccc1C(=O)NC(CCC(=O)O)C(=O)O)NCC2CNC3=C(N2C=O)C(=O)NC(=N3)N
FFO,TYMS,6r2e,403,E,18,N,2345,N10,21.655,-51.66,-26.612,FFO,c1cc(ccc1C(=O)NC(CCC(=O)O)C(=O)O)NCC2CNC3=C(N2C=O)C(=O)NC(=N3)N
FFO,TYMS,6r2e,403,E,30,N,2335,N3,26.064,-49.266,-27.78,FFO,c1cc(ccc1C(=O)NC(CCC(=O)O)C(=O)O)NCC2CNC3=C(N2C=O)C(=O)NC(=N3)N
FFO,TYMS,6r2e,403,E,25,N,2339,N5,24.101,-52.5,-27.772,FFO,c1cc(ccc1C(=O)NC(CCC(=O)O)C(=O)O)NCC2CNC3=C(N2C=O)C(=O)NC(=N3)N
FFO,TYMS,6r2e,403,E,22,N,2342,N8,23.807,-51.614,-30.381,FFO,c1cc(ccc1C(=O)NC(CCC(=O)O)C(=O)O)NCC2CNC3=C(N2C=O)C(=O)NC(=N3)N
FFO,TYMS,6r2e,403,E,33,N,2334,NA2,26.407,-47.799,-29.536,FFO,c1cc(ccc1C(=O)NC(CCC(=O)O)C(=O)O)NCC2CNC3=C(N2C=O)C(=O)NC(=N3)N
FFO,TYMS,6r2e,403,E,7,O,2353,O,20.125,-45.631,-25.582,FFO,c1cc(ccc1C(=O)NC(CCC(=O)O)C(=O)O)NCC2CNC3=C(N2C=O)C(=O)NC(=N3)N
FFO,TYMS,6r2e,403,E,16,O,2362,O1,19.706,-45.923,-20.829,FFO,c1cc(ccc1C(=O)NC(CCC(=O)O)C(=O)O)NCC2CNC3=C(N2C=O)C(=O)NC(=N3)N
FFO,TYMS,6r2e,403,E,17,O,2363,O2,19.381,-43.723,-21.016,FFO,c1cc(ccc1C(=O)NC(CCC(=O)O)C(=O)O)NCC2CNC3=C(N2C=O)C(=O)NC(=N3)N
FFO,TYMS,6r2e,403,E,29,O,2337,O4,25.74,-50.719,-26.1,FFO,c1cc(ccc1C(=O)NC(CCC(=O)O)C(=O)O)NCC2CNC3=C(N2C=O)C(=O)NC(=N3)N
FFO,TYMS,6r2e,403,E,27,O,2365,O5B,24.139,-54.481,-26.737,FFO,c1cc(ccc1C(=O)NC(CCC(=O)O)C(=O)O)NCC2CNC3=C(N2C=O)C(=O)NC(=N3)N
FFO,TYMS,6r2e,403,E,13,O,2359,OE1,15.141,-45.695,-24.394,FFO,c1cc(ccc1C(=O)NC(CCC(=O)O)C(=O)O)NCC2CNC3=C(N2C=O)C(=O)NC(=N3)N
FFO,TYMS,6r2e,403,E,14,O,2360,OE2,14.691,-44.675,-22.477,FFO,c1cc(ccc1C(=O)NC(CCC(=O)O)C(=O)O)NCC2CNC3=C(N2C=O)C(=O)NC(=N3)N
FFO,TYMS,6r2e,403,F,6,C,2354,C,50.318,-83.643,-19.659,FFO,c1cc(ccc1C(=O)NC(CCC(=O)O)C(=O)O)NCC2CNC3=C(N2C=O)C(=O)NC(=N3)N
FFO,TYMS,6r2e,403,F,5,C,2348,C11,49.281,-82.923,-20.476,FFO,c1cc(ccc1C(=O)NC(CCC(=O)O)C(=O)O)NCC2CNC3=C(N2C=O)C(=O)NC(=N3)N
FFO,TYMS,6r2e,403,F,0,C,2349,C12,49.435,-81.593,-20.893,FFO,c1cc(ccc1C(=O)NC(CCC(=O)O)C(=O)O)NCC2CNC3=C(N2C=O)C(=O)NC(=N3)N
FFO,TYMS,6r2e,403,F,1,C,2350,C13,48.473,-80.986,-21.681,FFO,c1cc(ccc1C(=O)NC(CCC(=O)O)C(=O)O)NCC2CNC3=C(N2C=O)C(=O)NC(=N3)N
FFO,TYMS,6r2e,403,F,2,C,2351,C14,47.314,-81.71,-22.054,FFO,c1cc(ccc1C(=O)NC(CCC(=O)O)C(=O)O)NCC2CNC3=C(N2C=O)C(=O)NC(=N3)N
FFO,TYMS,6r2e,403,F,3,C,2352,C15,47.163,-83.039,-21.614,FFO,c1cc(ccc1C(=O)NC(CCC(=O)O)C(=O)O)NCC2CNC3=C(N2C=O)C(=O)NC(=N3)N
FFO,TYMS,6r2e,403,F,4,C,2353,C16,48.138,-83.637,-20.842,FFO,c1cc(ccc1C(=O)NC(CCC(=O)O)C(=O)O)NCC2CNC3=C(N2C=O)C(=O)NC(=N3)N
FFO,TYMS,6r2e,403,F,31,C,2335,C2,42.848,-82.868,-19.252,FFO,c1cc(ccc1C(=O)NC(CCC(=O)O)C(=O)O)NCC2CNC3=C(N2C=O)C(=O)NC(=N3)N
FFO,TYMS,6r2e,403,F,28,C,2338,C4,43.601,-80.826,-20.115,FFO,c1cc(ccc1C(=O)NC(CCC(=O)O)C(=O)O)NCC2CNC3=C(N2C=O)C(=O)NC(=N3)N
FFO,TYMS,6r2e,403,F,24,C,2340,C4A,43.347,-81.277,-21.456,FFO,c1cc(ccc1C(=O)NC(CCC(=O)O)C(=O)O)NCC2CNC3=C(N2C=O)C(=O)NC(=N3)N
FFO,TYMS,6r2e,403,F,26,C,2366,C5A,43.529,-79.14,-22.824,FFO,c1cc(ccc1C(=O)NC(CCC(=O)O)C(=O)O)NCC2CNC3=C(N2C=O)C(=O)NC(=N3)N
FFO,TYMS,6r2e,403,F,20,C,2342,C6,44.026,-81.34,-23.82,FFO,c1cc(ccc1C(=O)NC(CCC(=O)O)C(=O)O)NCC2CNC3=C(N2C=O)C(=O)NC(=N3)N
FFO,TYMS,6r2e,403,F,21,C,2343,C7,43.001,-82.445,-24.083,FFO,c1cc(ccc1C(=O)NC(CCC(=O)O)C(=O)O)NCC2CNC3=C(N2C=O)C(=O)NC(=N3)N
FFO,TYMS,6r2e,403,F,23,C,2345,C8A,42.84,-82.584,-21.612,FFO,c1cc(ccc1C(=O)NC(CCC(=O)O)C(=O)O)NCC2CNC3=C(N2C=O)C(=O)NC(=N3)N
FFO,TYMS,6r2e,403,F,19,C,2346,C9,45.436,-81.935,-23.676,FFO,c1cc(ccc1C(=O)NC(CCC(=O)O)C(=O)O)NCC2CNC3=C(N2C=O)C(=O)NC(=N3)N
FFO,TYMS,6r2e,403,F,9,C,2357,CA,52.434,-83.538,-18.459,FFO,c1cc(ccc1C(=O)NC(CCC(=O)O)C(=O)O)NCC2CNC3=C(N2C=O)C(=O)NC(=N3)N
FFO,TYMS,6r2e,403,F,10,C,2358,CB,53.329,-84.485,-19.283,FFO,c1cc(ccc1C(=O)NC(CCC(=O)O)C(=O)O)NCC2CNC3=C(N2C=O)C(=O)NC(=N3)N
FFO,TYMS,6r2e,403,F,12,C,2360,CD,55.091,-84.7,-21.166,FFO,c1cc(ccc1C(=O)NC(CCC(=O)O)C(=O)O)NCC2CNC3=C(N2C=O)C(=O)NC(=N3)N
FFO,TYMS,6r2e,403,F,11,C,2359,CG,54.214,-83.789,-20.314,FFO,c1cc(ccc1C(=O)NC(CCC(=O)O)C(=O)O)NCC2CNC3=C(N2C=O)C(=O)NC(=N3)N
FFO,TYMS,6r2e,403,F,15,C,2363,CT,53.207,-82.442,-17.7,FFO,c1cc(ccc1C(=O)NC(CCC(=O)O)C(=O)O)NCC2CNC3=C(N2C=O)C(=O)NC(=N3)N
FFO,TYMS,6r2e,403,F,8,N,2356,N,51.382,-82.942,-19.269,FFO,c1cc(ccc1C(=O)NC(CCC(=O)O)C(=O)O)NCC2CNC3=C(N2C=O)C(=O)NC(=N3)N
FFO,TYMS,6r2e,403,F,32,N,2334,N1,42.581,-83.344,-20.504,FFO,c1cc(ccc1C(=O)NC(CCC(=O)O)C(=O)O)NCC2CNC3=C(N2C=O)C(=O)NC(=N3)N
FFO,TYMS,6r2e,403,F,18,N,2347,N10,46.31,-81.142,-22.828,FFO,c1cc(ccc1C(=O)NC(CCC(=O)O)C(=O)O)NCC2CNC3=C(N2C=O)C(=O)NC(=N3)N
FFO,TYMS,6r2e,403,F,30,N,2337,N3,43.358,-81.65,-19.046,FFO,c1cc(ccc1C(=O)NC(CCC(=O)O)C(=O)O)NCC2CNC3=C(N2C=O)C(=O)NC(=N3)N
FFO,TYMS,6r2e,403,F,25,N,2341,N5,43.612,-80.516,-22.646,FFO,c1cc(ccc1C(=O)NC(CCC(=O)O)C(=O)O)NCC2CNC3=C(N2C=O)C(=O)NC(=N3)N
FFO,TYMS,6r2e,403,F,22,N,2344,N8,42.577,-83.088,-22.847,FFO,c1cc(ccc1C(=O)NC(CCC(=O)O)C(=O)O)NCC2CNC3=C(N2C=O)C(=O)NC(=N3)N
FFO,TYMS,6r2e,403,F,33,N,2336,NA2,42.566,-83.664,-18.217,FFO,c1cc(ccc1C(=O)NC(CCC(=O)O)C(=O)O)NCC2CNC3=C(N2C=O)C(=O)NC(=N3)N
FFO,TYMS,6r2e,403,F,7,O,2355,O,50.203,-84.843,-19.409,FFO,c1cc(ccc1C(=O)NC(CCC(=O)O)C(=O)O)NCC2CNC3=C(N2C=O)C(=O)NC(=N3)N
FFO,TYMS,6r2e,403,F,16,O,2364,O1,53.016,-81.255,-18.037,FFO,c1cc(ccc1C(=O)NC(CCC(=O)O)C(=O)O)NCC2CNC3=C(N2C=O)C(=O)NC(=N3)N
FFO,TYMS,6r2e,403,F,17,O,2365,O2,53.987,-82.821,-16.818,FFO,c1cc(ccc1C(=O)NC(CCC(=O)O)C(=O)O)NCC2CNC3=C(N2C=O)C(=O)NC(=N3)N
FFO,TYMS,6r2e,403,F,29,O,2339,O4,44.066,-79.705,-19.847,FFO,c1cc(ccc1C(=O)NC(CCC(=O)O)C(=O)O)NCC2CNC3=C(N2C=O)C(=O)NC(=N3)N
FFO,TYMS,6r2e,403,F,27,O,2367,O5B,44.511,-78.373,-22.713,FFO,c1cc(ccc1C(=O)NC(CCC(=O)O)C(=O)O)NCC2CNC3=C(N2C=O)C(=O)NC(=N3)N
FFO,TYMS,6r2e,403,F,13,O,2361,OE1,54.508,-85.345,-22.078,FFO,c1cc(ccc1C(=O)NC(CCC(=O)O)C(=O)O)NCC2CNC3=C(N2C=O)C(=O)NC(=N3)N
FFO,TYMS,6r2e,403,F,14,O,2362,OE2,56.372,-84.748,-20.953,FFO,c1cc(ccc1C(=O)NC(CCC(=O)O)C(=O)O)NCC2CNC3=C(N2C=O)C(=O)NC(=N3)N
FFO,TYMS,6r2e,403,G,6,C,2340,C,119.581,-36.933,-35.454,FFO,c1cc(ccc1C(=O)NC(CCC(=O)O)C(=O)O)NCC2CNC3=C(N2C=O)C(=O)NC(=N3)N
FFO,TYMS,6r2e,403,G,5,C,2334,C11,119.101,-35.573,-35.856,FFO,c1cc(ccc1C(=O)NC(CCC(=O)O)C(=O)O)NCC2CNC3=C(N2C=O)C(=O)NC(=N3)N
FFO,TYMS,6r2e,403,G,0,C,2335,C12,118.971,-34.534,-34.936,FFO,c1cc(ccc1C(=O)NC(CCC(=O)O)C(=O)O)NCC2CNC3=C(N2C=O)C(=O)NC(=N3)N
FFO,TYMS,6r2e,403,G,1,C,2336,C13,118.524,-33.3,-35.362,FFO,c1cc(ccc1C(=O)NC(CCC(=O)O)C(=O)O)NCC2CNC3=C(N2C=O)C(=O)NC(=N3)N
FFO,TYMS,6r2e,403,G,2,C,2337,C14,118.2,-33.101,-36.713,FFO,c1cc(ccc1C(=O)NC(CCC(=O)O)C(=O)O)NCC2CNC3=C(N2C=O)C(=O)NC(=N3)N
FFO,TYMS,6r2e,403,G,3,C,2338,C15,118.344,-34.139,-37.631,FFO,c1cc(ccc1C(=O)NC(CCC(=O)O)C(=O)O)NCC2CNC3=C(N2C=O)C(=O)NC(=N3)N
FFO,TYMS,6r2e,403,G,4,C,2339,C16,118.798,-35.363,-37.198,FFO,c1cc(ccc1C(=O)NC(CCC(=O)O)C(=O)O)NCC2CNC3=C(N2C=O)C(=O)NC(=N3)N
FFO,TYMS,6r2e,403,G,31,C,2321,C2,113.841,-34.5,-39.34,FFO,c1cc(ccc1C(=O)NC(CCC(=O)O)C(=O)O)NCC2CNC3=C(N2C=O)C(=O)NC(=N3)N
FFO,TYMS,6r2e,403,G,28,C,2324,C4,114.331,-32.852,-37.715,FFO,c1cc(ccc1C(=O)NC(CCC(=O)O)C(=O)O)NCC2CNC3=C(N2C=O)C(=O)NC(=N3)N
FFO,TYMS,6r2e,403,G,24,C,2326,C4A,115.103,-32.12,-38.653,FFO,c1cc(ccc1C(=O)NC(CCC(=O)O)C(=O)O)NCC2CNC3=C(N2C=O)C(=O)NC(=N3)N
FFO,TYMS,6r2e,403,G,26,C,2352,C5A,115.195,-29.795,-37.691,FFO,c1cc(ccc1C(=O)NC(CCC(=O)O)C(=O)O)NCC2CNC3=C(N2C=O)C(=O)NC(=N3)N
FFO,TYMS,6r2e,403,G,20,C,2328,C6,117.009,-30.615,-39.106,FFO,c1cc(ccc1C(=O)NC(CCC(=O)O)C(=O)O)NCC2CNC3=C(N2C=O)C(=O)NC(=N3)N
FFO,TYMS,6r2e,403,G,21,C,2329,C7,116.912,-30.939,-40.603,FFO,c1cc(ccc1C(=O)NC(CCC(=O)O)C(=O)O)NCC2CNC3=C(N2C=O)C(=O)NC(=N3)N
FFO,TYMS,6r2e,403,G,23,C,2331,C8A,115.208,-32.642,-39.959,FFO,c1cc(ccc1C(=O)NC(CCC(=O)O)C(=O)O)NCC2CNC3=C(N2C=O)C(=O)NC(=N3)N
FFO,TYMS,6r2e,403,G,19,C,2332,C9,118.172,-31.372,-38.459,FFO,c1cc(ccc1C(=O)NC(CCC(=O)O)C(=O)O)NCC2CNC3=C(N2C=O)C(=O)NC(=N3)N
FFO,TYMS,6r2e,403,G,9,C,2343,CA,120.454,-38.373,-33.758,FFO,c1cc(ccc1C(=O)NC(CCC(=O)O)C(=O)O)NCC2CNC3=C(N2C=O)C(=O)NC(=N3)N
FFO,TYMS,6r2e,403,G,10,C,2344,CB,121.908,-38.678,-34.114,FFO,c1cc(ccc1C(=O)NC(CCC(=O)O)C(=O)O)NCC2CNC3=C(N2C=O)C(=O)NC(=N3)N
FFO,TYMS,6r2e,403,G,12,C,2346,CD,124.308,-38.313,-33.518,FFO,c1cc(ccc1C(=O)NC(CCC(=O)O)C(=O)O)NCC2CNC3=C(N2C=O)C(=O)NC(=N3)N
FFO,TYMS,6r2e,403,G,11,C,2345,CG,122.868,-38.235,-33.047,FFO,c1cc(ccc1C(=O)NC(CCC(=O)O)C(=O)O)NCC2CNC3=C(N2C=O)C(=O)NC(=N3)N
FFO,TYMS,6r2e,403,G,15,C,2349,CT,120.156,-38.427,-32.255,FFO,c1cc(ccc1C(=O)NC(CCC(=O)O)C(=O)O)NCC2CNC3=C(N2C=O)C(=O)NC(=N3)N
FFO,TYMS,6r2e,403,G,8,N,2342,N,120.101,-37.058,-34.239,FFO,c1cc(ccc1C(=O)NC(CCC(=O)O)C(=O)O)NCC2CNC3=C(N2C=O)C(=O)NC(=N3)N
FFO,TYMS,6r2e,403,G,32,N,2320,N1,114.575,-33.819,-40.273,FFO,c1cc(ccc1C(=O)NC(CCC(=O)O)C(=O)O)NCC2CNC3=C(N2C=O)C(=O)NC(=N3)N
FFO,TYMS,6r2e,403,G,18,N,2333,N10,117.783,-31.888,-37.161,FFO,c1cc(ccc1C(=O)NC(CCC(=O)O)C(=O)O)NCC2CNC3=C(N2C=O)C(=O)NC(=N3)N
FFO,TYMS,6r2e,403,G,30,N,2323,N3,113.705,-34.044,-38.088,FFO,c1cc(ccc1C(=O)NC(CCC(=O)O)C(=O)O)NCC2CNC3=C(N2C=O)C(=O)NC(=N3)N
FFO,TYMS,6r2e,403,G,25,N,2327,N5,115.73,-30.858,-38.395,FFO,c1cc(ccc1C(=O)NC(CCC(=O)O)C(=O)O)NCC2CNC3=C(N2C=O)C(=O)NC(=N3)N
FFO,TYMS,6r2e,403,G,22,N,2330,N8,115.937,-31.982,-40.909,FFO,c1cc(ccc1C(=O)NC(CCC(=O)O)C(=O)O)NCC2CNC3=C(N2C=O)C(=O)NC(=N3)N
FFO,TYMS,6r2e,403,G,33,N,2322,NA2,113.247,-35.635,-39.724,FFO,c1cc(ccc1C(=O)NC(CCC(=O)O)C(=O)O)NCC2CNC3=C(N2C=O)C(=O)NC(=N3)N
FFO,TYMS,6r2e,403,G,7,O,2341,O,119.496,-37.882,-36.224,FFO,c1cc(ccc1C(=O)NC(CCC(=O)O)C(=O)O)NCC2CNC3=C(N2C=O)C(=O)NC(=N3)N
FFO,TYMS,6r2e,403,G,16,O,2350,O1,119.973,-37.33,-31.666,FFO,c1cc(ccc1C(=O)NC(CCC(=O)O)C(=O)O)NCC2CNC3=C(N2C=O)C(=O)NC(=N3)N
FFO,TYMS,6r2e,403,G,17,O,2351,O2,120.101,-39.557,-31.736,FFO,c1cc(ccc1C(=O)NC(CCC(=O)O)C(=O)O)NCC2CNC3=C(N2C=O)C(=O)NC(=N3)N
FFO,TYMS,6r2e,403,G,29,O,2325,O4,114.172,-32.472,-36.545,FFO,c1cc(ccc1C(=O)NC(CCC(=O)O)C(=O)O)NCC2CNC3=C(N2C=O)C(=O)NC(=N3)N
FFO,TYMS,6r2e,403,G,27,O,2353,O5B,115.399,-29.596,-36.493,FFO,c1cc(ccc1C(=O)NC(CCC(=O)O)C(=O)O)NCC2CNC3=C(N2C=O)C(=O)NC(=N3)N
FFO,TYMS,6r2e,403,G,13,O,2347,OE1,124.599,-37.713,-34.584,FFO,c1cc(ccc1C(=O)NC(CCC(=O)O)C(=O)O)NCC2CNC3=C(N2C=O)C(=O)NC(=N3)N
FFO,TYMS,6r2e,403,G,14,O,2348,OE2,125.144,-38.965,-32.819,FFO,c1cc(ccc1C(=O)NC(CCC(=O)O)C(=O)O)NCC2CNC3=C(N2C=O)C(=O)NC(=N3)N
FFO,TYMS,6r2e,403,H,6,C,2351,C,89.389,0.06,-29.897,FFO,c1cc(ccc1C(=O)NC(CCC(=O)O)C(=O)O)NCC2CNC3=C(N2C=O)C(=O)NC(=N3)N
FFO,TYMS,6r2e,403,H,5,C,2345,C11,90.418,-0.634,-30.743,FFO,c1cc(ccc1C(=O)NC(CCC(=O)O)C(=O)O)NCC2CNC3=C(N2C=O)C(=O)NC(=N3)N
FFO,TYMS,6r2e,403,H,0,C,2346,C12,90.255,-1.943,-31.194,FFO,c1cc(ccc1C(=O)NC(CCC(=O)O)C(=O)O)NCC2CNC3=C(N2C=O)C(=O)NC(=N3)N
FFO,TYMS,6r2e,403,H,1,C,2347,C13,91.214,-2.539,-31.994,FFO,c1cc(ccc1C(=O)NC(CCC(=O)O)C(=O)O)NCC2CNC3=C(N2C=O)C(=O)NC(=N3)N
FFO,TYMS,6r2e,403,H,2,C,2348,C14,92.37,-1.824,-32.362,FFO,c1cc(ccc1C(=O)NC(CCC(=O)O)C(=O)O)NCC2CNC3=C(N2C=O)C(=O)NC(=N3)N
FFO,TYMS,6r2e,403,H,3,C,2349,C15,92.535,-0.513,-31.893,FFO,c1cc(ccc1C(=O)NC(CCC(=O)O)C(=O)O)NCC2CNC3=C(N2C=O)C(=O)NC(=N3)N
FFO,TYMS,6r2e,403,H,4,C,2350,C16,91.566,0.068,-31.1,FFO,c1cc(ccc1C(=O)NC(CCC(=O)O)C(=O)O)NCC2CNC3=C(N2C=O)C(=O)NC(=N3)N
FFO,TYMS,6r2e,403,H,31,C,2332,C2,96.833,-0.648,-29.659,FFO,c1cc(ccc1C(=O)NC(CCC(=O)O)C(=O)O)NCC2CNC3=C(N2C=O)C(=O)NC(=N3)N
FFO,TYMS,6r2e,403,H,28,C,2335,C4,96.032,-2.661,-30.501,FFO,c1cc(ccc1C(=O)NC(CCC(=O)O)C(=O)O)NCC2CNC3=C(N2C=O)C(=O)NC(=N3)N
FFO,TYMS,6r2e,403,H,24,C,2337,C4A,96.336,-2.259,-31.806,FFO,c1cc(ccc1C(=O)NC(CCC(=O)O)C(=O)O)NCC2CNC3=C(N2C=O)C(=O)NC(=N3)N
FFO,TYMS,6r2e,403,H,26,C,2363,C5A,96.081,-4.444,-32.901,FFO,c1cc(ccc1C(=O)NC(CCC(=O)O)C(=O)O)NCC2CNC3=C(N2C=O)C(=O)NC(=N3)N
FFO,TYMS,6r2e,403,H,20,C,2339,C6,95.694,-2.28,-34.151,FFO,c1cc(ccc1C(=O)NC(CCC(=O)O)C(=O)O)NCC2CNC3=C(N2C=O)C(=O)NC(=N3)N
FFO,TYMS,6r2e,403,H,21,C,2340,C7,96.801,-1.256,-34.468,FFO,c1cc(ccc1C(=O)NC(CCC(=O)O)C(=O)O)NCC2CNC3=C(N2C=O)C(=O)NC(=N3)N
FFO,TYMS,6r2e,403,H,23,C,2342,C8A,96.905,-0.988,-32.004,FFO,c1cc(ccc1C(=O)NC(CCC(=O)O)C(=O)O)NCC2CNC3=C(N2C=O)C(=O)NC(=N3)N
FFO,TYMS,6r2e,403,H,19,C,2343,C9,94.286,-1.652,-33.993,FFO,c1cc(ccc1C(=O)NC(CCC(=O)O)C(=O)O)NCC2CNC3=C(N2C=O)C(=O)NC(=N3)N
FFO,TYMS,6r2e,403,H,9,C,2354,CA,87.235,-0.061,-28.795,FFO,c1cc(ccc1C(=O)NC(CCC(=O)O)C(=O)O)NCC2CNC3=C(N2C=O)C(=O)NC(=N3)N
FFO,TYMS,6r2e,403,H,10,C,2355,CB,86.238,0.838,-29.54,FFO,c1cc(ccc1C(=O)NC(CCC(=O)O)C(=O)O)NCC2CNC3=C(N2C=O)C(=O)NC(=N3)N
FFO,TYMS,6r2e,403,H,12,C,2357,CD,84.587,1.053,-31.421,FFO,c1cc(ccc1C(=O)NC(CCC(=O)O)C(=O)O)NCC2CNC3=C(N2C=O)C(=O)NC(=N3)N
FFO,TYMS,6r2e,403,H,11,C,2356,CG,85.308,0.093,-30.484,FFO,c1cc(ccc1C(=O)NC(CCC(=O)O)C(=O)O)NCC2CNC3=C(N2C=O)C(=O)NC(=N3)N
FFO,TYMS,6r2e,403,H,15,C,2360,CT,86.589,-1.239,-28.04,FFO,c1cc(ccc1C(=O)NC(CCC(=O)O)C(=O)O)NCC2CNC3=C(N2C=O)C(=O)NC(=N3)N
FFO,TYMS,6r2e,403,H,8,N,2353,N,88.238,-0.579,-29.709,FFO,c1cc(ccc1C(=O)NC(CCC(=O)O)C(=O)O)NCC2CNC3=C(N2C=O)C(=O)NC(=N3)N
FFO,TYMS,6r2e,403,H,32,N,2331,N1,97.149,-0.205,-30.912,FFO,c1cc(ccc1C(=O)NC(CCC(=O)O)C(=O)O)NCC2CNC3=C(N2C=O)C(=O)NC(=N3)N
FFO,TYMS,6r2e,403,H,18,N,2344,N10,93.348,-2.404,-33.167,FFO,c1cc(ccc1C(=O)NC(CCC(=O)O)C(=O)O)NCC2CNC3=C(N2C=O)C(=O)NC(=N3)N
FFO,TYMS,6r2e,403,H,30,N,2334,N3,96.29,-1.846,-29.446,FFO,c1cc(ccc1C(=O)NC(CCC(=O)O)C(=O)O)NCC2CNC3=C(N2C=O)C(=O)NC(=N3)N
FFO,TYMS,6r2e,403,H,25,N,2338,N5,96.056,-3.069,-32.946,FFO,c1cc(ccc1C(=O)NC(CCC(=O)O)C(=O)O)NCC2CNC3=C(N2C=O)C(=O)NC(=N3)N
FFO,TYMS,6r2e,403,H,22,N,2341,N8,97.211,-0.538,-33.27,FFO,c1cc(ccc1C(=O)NC(CCC(=O)O)C(=O)O)NCC2CNC3=C(N2C=O)C(=O)NC(=N3)N
FFO,TYMS,6r2e,403,H,33,N,2333,NA2,97.093,0.15,-28.622,FFO,c1cc(ccc1C(=O)NC(CCC(=O)O)C(=O)O)NCC2CNC3=C(N2C=O)C(=O)NC(=N3)N
FFO,TYMS,6r2e,403,H,7,O,2352,O,89.596,1.181,-29.427,FFO,c1cc(ccc1C(=O)NC(CCC(=O)O)C(=O)O)NCC2CNC3=C(N2C=O)C(=O)NC(=N3)N
FFO,TYMS,6r2e,403,H,16,O,2361,O1,86.986,-2.379,-28.361,FFO,c1cc(ccc1C(=O)NC(CCC(=O)O)C(=O)O)NCC2CNC3=C(N2C=O)C(=O)NC(=N3)N
FFO,TYMS,6r2e,403,H,17,O,2362,O2,85.715,-0.978,-27.169,FFO,c1cc(ccc1C(=O)NC(CCC(=O)O)C(=O)O)NCC2CNC3=C(N2C=O)C(=O)NC(=N3)N
FFO,TYMS,6r2e,403,H,29,O,2336,O4,95.502,-3.752,-30.239,FFO,c1cc(ccc1C(=O)NC(CCC(=O)O)C(=O)O)NCC2CNC3=C(N2C=O)C(=O)NC(=N3)N
FFO,TYMS,6r2e,403,H,27,O,2364,O5B,96.13,-5.169,-33.89,FFO,c1cc(ccc1C(=O)NC(CCC(=O)O)C(=O)O)NCC2CNC3=C(N2C=O)C(=O)NC(=N3)N
FFO,TYMS,6r2e,403,H,13,O,2358,OE1,85.316,1.769,-32.162,FFO,c1cc(ccc1C(=O)NC(CCC(=O)O)C(=O)O)NCC2CNC3=C(N2C=O)C(=O)NC(=N3)N
FFO,TYMS,6r2e,403,H,14,O,2359,OE2,83.293,1.113,-31.396,FFO,c1cc(ccc1C(=O)NC(CCC(=O)O)C(=O)O)NCC2CNC3=C(N2C=O)C(=O)NC(=N3)N
FFO,TYMS,6r2e,404,C,6,C,2349,C,83.761,-64.567,-43.642,FFO,c1cc(ccc1C(=O)NC(CCC(=O)O)C(=O)O)NCC2CNC3=C(N2C=O)C(=O)NC(=N3)N
FFO,TYMS,6r2e,404,C,5,C,2343,C11,84.77,-65.549,-43.134,FFO,c1cc(ccc1C(=O)NC(CCC(=O)O)C(=O)O)NCC2CNC3=C(N2C=O)C(=O)NC(=N3)N
FFO,TYMS,6r2e,404,C,0,C,2344,C12,84.926,-65.942,-41.809,FFO,c1cc(ccc1C(=O)NC(CCC(=O)O)C(=O)O)NCC2CNC3=C(N2C=O)C(=O)NC(=N3)N
FFO,TYMS,6r2e,404,C,1,C,2345,C13,85.879,-66.878,-41.466,FFO,c1cc(ccc1C(=O)NC(CCC(=O)O)C(=O)O)NCC2CNC3=C(N2C=O)C(=O)NC(=N3)N
FFO,TYMS,6r2e,404,C,2,C,2346,C14,86.694,-67.433,-42.455,FFO,c1cc(ccc1C(=O)NC(CCC(=O)O)C(=O)O)NCC2CNC3=C(N2C=O)C(=O)NC(=N3)N
FFO,TYMS,6r2e,404,C,3,C,2347,C15,86.53,-67.041,-43.775,FFO,c1cc(ccc1C(=O)NC(CCC(=O)O)C(=O)O)NCC2CNC3=C(N2C=O)C(=O)NC(=N3)N
FFO,TYMS,6r2e,404,C,4,C,2348,C16,85.573,-66.115,-44.111,FFO,c1cc(ccc1C(=O)NC(CCC(=O)O)C(=O)O)NCC2CNC3=C(N2C=O)C(=O)NC(=N3)N
FFO,TYMS,6r2e,404,C,31,C,2330,C2,91.172,-65.354,-44.616,FFO,c1cc(ccc1C(=O)NC(CCC(=O)O)C(=O)O)NCC2CNC3=C(N2C=O)C(=O)NC(=N3)N
FFO,TYMS,6r2e,404,C,28,C,2333,C4,90.704,-66.128,-42.449,FFO,c1cc(ccc1C(=O)NC(CCC(=O)O)C(=O)O)NCC2CNC3=C(N2C=O)C(=O)NC(=N3)N
FFO,TYMS,6r2e,404,C,24,C,2335,C4A,90.716,-67.45,-42.88,FFO,c1cc(ccc1C(=O)NC(CCC(=O)O)C(=O)O)NCC2CNC3=C(N2C=O)C(=O)NC(=N3)N
FFO,TYMS,6r2e,404,C,26,C,2361,C5A,90.965,-68.701,-40.709,FFO,c1cc(ccc1C(=O)NC(CCC(=O)O)C(=O)O)NCC2CNC3=C(N2C=O)C(=O)NC(=N3)N
FFO,TYMS,6r2e,404,C,20,C,2337,C6,89.752,-69.65,-42.684,FFO,c1cc(ccc1C(=O)NC(CCC(=O)O)C(=O)O)NCC2CNC3=C(N2C=O)C(=O)NC(=N3)N
FFO,TYMS,6r2e,404,C,21,C,2338,C7,90.572,-70.12,-43.88,FFO,c1cc(ccc1C(=O)NC(CCC(=O)O)C(=O)O)NCC2CNC3=C(N2C=O)C(=O)NC(=N3)N
FFO,TYMS,6r2e,404,C,23,C,2340,C8A,90.951,-67.698,-44.251,FFO,c1cc(ccc1C(=O)NC(CCC(=O)O)C(=O)O)NCC2CNC3=C(N2C=O)C(=O)NC(=N3)N
FFO,TYMS,6r2e,404,C,19,C,2341,C9,88.386,-69.136,-43.161,FFO,c1cc(ccc1C(=O)NC(CCC(=O)O)C(=O)O)NCC2CNC3=C(N2C=O)C(=O)NC(=N3)N
FFO,TYMS,6r2e,404,C,9,C,2352,CA,81.8,-63.199,-43.188,FFO,c1cc(ccc1C(=O)NC(CCC(=O)O)C(=O)O)NCC2CNC3=C(N2C=O)C(=O)NC(=N3)N
FFO,TYMS,6r2e,404,C,10,C,2353,CB,80.574,-63.83,-43.874,FFO,c1cc(ccc1C(=O)NC(CCC(=O)O)C(=O)O)NCC2CNC3=C(N2C=O)C(=O)NC(=N3)N
FFO,TYMS,6r2e,404,C,12,C,2355,CD,78.622,-65.529,-43.673,FFO,c1cc(ccc1C(=O)NC(CCC(=O)O)C(=O)O)NCC2CNC3=C(N2C=O)C(=O)NC(=N3)N
FFO,TYMS,6r2e,404,C,11,C,2354,CG,79.739,-64.737,-42.979,FFO,c1cc(ccc1C(=O)NC(CCC(=O)O)C(=O)O)NCC2CNC3=C(N2C=O)C(=O)NC(=N3)N
FFO,TYMS,6r2e,404,C,15,C,2358,CT,81.485,-62.32,-41.966,FFO,c1cc(ccc1C(=O)NC(CCC(=O)O)C(=O)O)NCC2CNC3=C(N2C=O)C(=O)NC(=N3)N
FFO,TYMS,6r2e,404,C,8,N,2351,N,82.787,-64.198,-42.805,FFO,c1cc(ccc1C(=O)NC(CCC(=O)O)C(=O)O)NCC2CNC3=C(N2C=O)C(=O)NC(=N3)N
FFO,TYMS,6r2e,404,C,32,N,2329,N1,91.187,-66.64,-45.092,FFO,c1cc(ccc1C(=O)NC(CCC(=O)O)C(=O)O)NCC2CNC3=C(N2C=O)C(=O)NC(=N3)N
FFO,TYMS,6r2e,404,C,18,N,2342,N10,87.668,-68.36,-42.157,FFO,c1cc(ccc1C(=O)NC(CCC(=O)O)C(=O)O)NCC2CNC3=C(N2C=O)C(=O)NC(=N3)N
FFO,TYMS,6r2e,404,C,30,N,2332,N3,90.921,-65.097,-43.331,FFO,c1cc(ccc1C(=O)NC(CCC(=O)O)C(=O)O)NCC2CNC3=C(N2C=O)C(=O)NC(=N3)N
FFO,TYMS,6r2e,404,C,25,N,2336,N5,90.493,-68.563,-42.012,FFO,c1cc(ccc1C(=O)NC(CCC(=O)O)C(=O)O)NCC2CNC3=C(N2C=O)C(=O)NC(=N3)N
FFO,TYMS,6r2e,404,C,22,N,2339,N8,90.953,-68.989,-44.722,FFO,c1cc(ccc1C(=O)NC(CCC(=O)O)C(=O)O)NCC2CNC3=C(N2C=O)C(=O)NC(=N3)N
FFO,TYMS,6r2e,404,C,33,N,2331,NA2,91.401,-64.338,-45.464,FFO,c1cc(ccc1C(=O)NC(CCC(=O)O)C(=O)O)NCC2CNC3=C(N2C=O)C(=O)NC(=N3)N
FFO,TYMS,6r2e,404,C,7,O,2350,O,83.83,-64.161,-44.8,FFO,c1cc(ccc1C(=O)NC(CCC(=O)O)C(=O)O)NCC2CNC3=C(N2C=O)C(=O)NC(=N3)N
FFO,TYMS,6r2e,404,C,16,O,2359,O1,81.891,-62.742,-40.85,FFO,c1cc(ccc1C(=O)NC(CCC(=O)O)C(=O)O)NCC2CNC3=C(N2C=O)C(=O)NC(=N3)N
FFO,TYMS,6r2e,404,C,17,O,2360,O2,80.849,-61.25,-42.171,FFO,c1cc(ccc1C(=O)NC(CCC(=O)O)C(=O)O)NCC2CNC3=C(N2C=O)C(=O)NC(=N3)N
FFO,TYMS,6r2e,404,C,29,O,2334,O4,90.489,-65.826,-41.268,FFO,c1cc(ccc1C(=O)NC(CCC(=O)O)C(=O)O)NCC2CNC3=C(N2C=O)C(=O)NC(=N3)N
FFO,TYMS,6r2e,404,C,27,O,2362,O5B,90.245,-68.607,-39.688,FFO,c1cc(ccc1C(=O)NC(CCC(=O)O)C(=O)O)NCC2CNC3=C(N2C=O)C(=O)NC(=N3)N
FFO,TYMS,6r2e,404,C,13,O,2356,OE1,78.964,-66.582,-44.25,FFO,c1cc(ccc1C(=O)NC(CCC(=O)O)C(=O)O)NCC2CNC3=C(N2C=O)C(=O)NC(=N3)N
FFO,TYMS,6r2e,404,C,14,O,2357,OE2,77.375,-65.132,-43.617,FFO,c1cc(ccc1C(=O)NC(CCC(=O)O)C(=O)O)NCC2CNC3=C(N2C=O)C(=O)NC(=N3)N
FGT,TYMS,6gko,502,A,6,C,2346,C1,15.607,-21.213,4.739,FGT,c1ccc2c(c1)C(=O)OC2(c3ccc(cc3)O)c4ccc(cc4)O
FGT,TYMS,6gko,502,A,18,C,2342,C10,18.751,-20.386,2.655,FGT,c1ccc2c(c1)C(=O)OC2(c3ccc(cc3)O)c4ccc(cc4)O
FGT,TYMS,6gko,502,A,19,C,2343,C11,19.641,-19.355,2.458,FGT,c1ccc2c(c1)C(=O)OC2(c3ccc(cc3)O)c4ccc(cc4)O
FGT,TYMS,6gko,502,A,20,C,2347,C12,20.451,-18.978,3.504,FGT,c1ccc2c(c1)C(=O)OC2(c3ccc(cc3)O)c4ccc(cc4)O
FGT,TYMS,6gko,502,A,21,C,2344,C13,20.371,-19.625,4.713,FGT,c1ccc2c(c1)C(=O)OC2(c3ccc(cc3)O)c4ccc(cc4)O
FGT,TYMS,6gko,502,A,22,C,2345,C14,19.474,-20.653,4.896,FGT,c1ccc2c(c1)C(=O)OC2(c3ccc(cc3)O)c4ccc(cc4)O
FGT,TYMS,6gko,502,A,10,C,2341,C15,17.795,-23.385,3.201,FGT,c1ccc2c(c1)C(=O)OC2(c3ccc(cc3)O)c4ccc(cc4)O
FGT,TYMS,6gko,502,A,11,C,2340,C16,19.031,-23.928,2.915,FGT,c1ccc2c(c1)C(=O)OC2(c3ccc(cc3)O)c4ccc(cc4)O
FGT,TYMS,6gko,502,A,12,C,2348,C17,19.158,-25.084,2.174,FGT,c1ccc2c(c1)C(=O)OC2(c3ccc(cc3)O)c4ccc(cc4)O
FGT,TYMS,6gko,502,A,13,C,2349,C18,18.023,-25.705,1.709,FGT,c1ccc2c(c1)C(=O)OC2(c3ccc(cc3)O)c4ccc(cc4)O
FGT,TYMS,6gko,502,A,14,C,2350,C19,16.779,-25.179,1.989,FGT,c1ccc2c(c1)C(=O)OC2(c3ccc(cc3)O)c4ccc(cc4)O
FGT,TYMS,6gko,502,A,9,C,2351,C2,17.633,-22.145,4.017,FGT,c1ccc2c(c1)C(=O)OC2(c3ccc(cc3)O)c4ccc(cc4)O
FGT,TYMS,6gko,502,A,15,C,2352,C20,16.67,-24.026,2.737,FGT,c1ccc2c(c1)C(=O)OC2(c3ccc(cc3)O)c4ccc(cc4)O
FGT,TYMS,6gko,502,A,3,C,2353,C3,17.347,-22.514,5.43,FGT,c1ccc2c(c1)C(=O)OC2(c3ccc(cc3)O)c4ccc(cc4)O
FGT,TYMS,6gko,502,A,2,C,2354,C4,18.071,-23.303,6.29,FGT,c1ccc2c(c1)C(=O)OC2(c3ccc(cc3)O)c4ccc(cc4)O
FGT,TYMS,6gko,502,A,1,C,2355,C5,17.547,-23.464,7.562,FGT,c1ccc2c(c1)C(=O)OC2(c3ccc(cc3)O)c4ccc(cc4)O
FGT,TYMS,6gko,502,A,0,C,2356,C6,16.351,-22.885,7.947,FGT,c1ccc2c(c1)C(=O)OC2(c3ccc(cc3)O)c4ccc(cc4)O
FGT,TYMS,6gko,502,A,5,C,2357,C7,15.617,-22.102,7.081,FGT,c1ccc2c(c1)C(=O)OC2(c3ccc(cc3)O)c4ccc(cc4)O
FGT,TYMS,6gko,502,A,4,C,2358,C8,16.179,-21.961,5.84,FGT,c1ccc2c(c1)C(=O)OC2(c3ccc(cc3)O)c4ccc(cc4)O
FGT,TYMS,6gko,502,A,17,C,2359,C9,18.656,-21.058,3.859,FGT,c1ccc2c(c1)C(=O)OC2(c3ccc(cc3)O)c4ccc(cc4)O
FGT,TYMS,6gko,502,A,7,O,2360,O1,14.566,-20.573,4.798,FGT,c1ccc2c(c1)C(=O)OC2(c3ccc(cc3)O)c4ccc(cc4)O
FGT,TYMS,6gko,502,A,8,O,2361,O2,16.409,-21.475,3.655,FGT,c1ccc2c(c1)C(=O)OC2(c3ccc(cc3)O)c4ccc(cc4)O
FGT,TYMS,6gko,502,A,23,O,2362,O3,21.355,-17.944,3.342,FGT,c1ccc2c(c1)C(=O)OC2(c3ccc(cc3)O)c4ccc(cc4)O
FGT,TYMS,6gko,502,A,16,O,2363,O4,18.124,-26.87,0.966,FGT,c1ccc2c(c1)C(=O)OC2(c3ccc(cc3)O)c4ccc(cc4)O
FGT,TYMS,6gko,502,B,6,C,2326,C1,44.508,-36.53,-25.281,FGT,c1ccc2c(c1)C(=O)OC2(c3ccc(cc3)O)c4ccc(cc4)O
FGT,TYMS,6gko,502,B,18,C,2322,C10,42.334,-37.469,-22.199,FGT,c1ccc2c(c1)C(=O)OC2(c3ccc(cc3)O)c4ccc(cc4)O
FGT,TYMS,6gko,502,B,19,C,2323,C11,42.067,-38.552,-21.396,FGT,c1ccc2c(c1)C(=O)OC2(c3ccc(cc3)O)c4ccc(cc4)O
FGT,TYMS,6gko,502,B,20,C,2327,C12,43.097,-39.113,-20.676,FGT,c1ccc2c(c1)C(=O)OC2(c3ccc(cc3)O)c4ccc(cc4)O
FGT,TYMS,6gko,502,B,21,C,2324,C13,44.369,-38.61,-20.746,FGT,c1ccc2c(c1)C(=O)OC2(c3ccc(cc3)O)c4ccc(cc4)O
FGT,TYMS,6gko,502,B,22,C,2325,C14,44.619,-37.521,-21.557,FGT,c1ccc2c(c1)C(=O)OC2(c3ccc(cc3)O)c4ccc(cc4)O
FGT,TYMS,6gko,502,B,10,C,2321,C15,43.103,-34.507,-22.925,FGT,c1ccc2c(c1)C(=O)OC2(c3ccc(cc3)O)c4ccc(cc4)O
FGT,TYMS,6gko,502,B,11,C,2320,C16,42.759,-34.072,-21.665,FGT,c1ccc2c(c1)C(=O)OC2(c3ccc(cc3)O)c4ccc(cc4)O
FGT,TYMS,6gko,502,B,12,C,2328,C17,42.083,-32.878,-21.511,FGT,c1ccc2c(c1)C(=O)OC2(c3ccc(cc3)O)c4ccc(cc4)O
FGT,TYMS,6gko,502,B,13,C,2329,C18,41.759,-32.122,-22.617,FGT,c1ccc2c(c1)C(=O)OC2(c3ccc(cc3)O)c4ccc(cc4)O
FGT,TYMS,6gko,502,B,14,C,2330,C19,42.099,-32.547,-23.88,FGT,c1ccc2c(c1)C(=O)OC2(c3ccc(cc3)O)c4ccc(cc4)O
FGT,TYMS,6gko,502,B,9,C,2331,C2,43.848,-35.773,-23.179,FGT,c1ccc2c(c1)C(=O)OC2(c3ccc(cc3)O)c4ccc(cc4)O
FGT,TYMS,6gko,502,B,15,C,2332,C20,42.774,-33.735,-24.017,FGT,c1ccc2c(c1)C(=O)OC2(c3ccc(cc3)O)c4ccc(cc4)O
FGT,TYMS,6gko,502,B,3,C,2333,C3,45.279,-35.468,-23.415,FGT,c1ccc2c(c1)C(=O)OC2(c3ccc(cc3)O)c4ccc(cc4)O
FGT,TYMS,6gko,502,B,2,C,2334,C4,46.195,-34.84,-22.608,FGT,c1ccc2c(c1)C(=O)OC2(c3ccc(cc3)O)c4ccc(cc4)O
FGT,TYMS,6gko,502,B,1,C,2335,C5,47.471,-34.704,-23.108,FGT,c1ccc2c(c1)C(=O)OC2(c3ccc(cc3)O)c4ccc(cc4)O
FGT,TYMS,6gko,502,B,0,C,2336,C6,47.823,-35.166,-24.361,FGT,c1ccc2c(c1)C(=O)OC2(c3ccc(cc3)O)c4ccc(cc4)O
FGT,TYMS,6gko,502,B,5,C,2337,C7,46.908,-35.796,-25.172,FGT,c1ccc2c(c1)C(=O)OC2(c3ccc(cc3)O)c4ccc(cc4)O
FGT,TYMS,6gko,502,B,4,C,2338,C8,45.652,-35.916,-24.634,FGT,c1ccc2c(c1)C(=O)OC2(c3ccc(cc3)O)c4ccc(cc4)O
FGT,TYMS,6gko,502,B,17,C,2339,C9,43.6,-36.936,-22.271,FGT,c1ccc2c(c1)C(=O)OC2(c3ccc(cc3)O)c4ccc(cc4)O
FGT,TYMS,6gko,502,B,7,O,2340,O1,44.527,-37.074,-26.376,FGT,c1ccc2c(c1)C(=O)OC2(c3ccc(cc3)O)c4ccc(cc4)O
FGT,TYMS,6gko,502,B,8,O,2341,O2,43.44,-36.317,-24.444,FGT,c1ccc2c(c1)C(=O)OC2(c3ccc(cc3)O)c4ccc(cc4)O
FGT,TYMS,6gko,502,B,23,O,2342,O3,42.85,-40.21,-19.876,FGT,c1ccc2c(c1)C(=O)OC2(c3ccc(cc3)O)c4ccc(cc4)O
FGT,TYMS,6gko,502,B,16,O,2343,O4,41.085,-30.921,-22.474,FGT,c1ccc2c(c1)C(=O)OC2(c3ccc(cc3)O)c4ccc(cc4)O
FGT,TYMS,6gyj,502,A,6,C,2295,C1,91.439,-12.235,38.515,FGT,c1ccc2c(c1)C(=O)OC2(c3ccc(cc3)O)c4ccc(cc4)O
FGT,TYMS,6gyj,502,A,18,C,2291,C10,94.338,-11.172,36.415,FGT,c1ccc2c(c1)C(=O)OC2(c3ccc(cc3)O)c4ccc(cc4)O
FGT,TYMS,6gyj,502,A,19,C,2292,C11,95.172,-10.086,36.28,FGT,c1ccc2c(c1)C(=O)OC2(c3ccc(cc3)O)c4ccc(cc4)O
FGT,TYMS,6gyj,502,A,20,C,2296,C12,96.042,-9.799,37.305,FGT,c1ccc2c(c1)C(=O)OC2(c3ccc(cc3)O)c4ccc(cc4)O
FGT,TYMS,6gyj,502,A,21,C,2293,C13,96.084,-10.573,38.439,FGT,c1ccc2c(c1)C(=O)OC2(c3ccc(cc3)O)c4ccc(cc4)O
FGT,TYMS,6gyj,502,A,22,C,2294,C14,95.231,-11.649,38.546,FGT,c1ccc2c(c1)C(=O)OC2(c3ccc(cc3)O)c4ccc(cc4)O
FGT,TYMS,6gyj,502,A,10,C,2290,C15,93.436,-14.188,36.591,FGT,c1ccc2c(c1)C(=O)OC2(c3ccc(cc3)O)c4ccc(cc4)O
FGT,TYMS,6gyj,502,A,11,C,2289,C16,94.468,-14.383,35.701,FGT,c1ccc2c(c1)C(=O)OC2(c3ccc(cc3)O)c4ccc(cc4)O
FGT,TYMS,6gyj,502,A,12,C,2297,C17,94.373,-15.381,34.754,FGT,c1ccc2c(c1)C(=O)OC2(c3ccc(cc3)O)c4ccc(cc4)O
FGT,TYMS,6gyj,502,A,13,C,2298,C18,93.246,-16.173,34.69,FGT,c1ccc2c(c1)C(=O)OC2(c3ccc(cc3)O)c4ccc(cc4)O
FGT,TYMS,6gyj,502,A,14,C,2299,C19,92.211,-15.982,35.568,FGT,c1ccc2c(c1)C(=O)OC2(c3ccc(cc3)O)c4ccc(cc4)O
FGT,TYMS,6gyj,502,A,9,C,2300,C2,93.416,-13.134,37.644,FGT,c1ccc2c(c1)C(=O)OC2(c3ccc(cc3)O)c4ccc(cc4)O
FGT,TYMS,6gyj,502,A,15,C,2301,C20,92.317,-14.987,36.51,FGT,c1ccc2c(c1)C(=O)OC2(c3ccc(cc3)O)c4ccc(cc4)O
FGT,TYMS,6gyj,502,A,3,C,2302,C3,93.139,-13.672,39.001,FGT,c1ccc2c(c1)C(=O)OC2(c3ccc(cc3)O)c4ccc(cc4)O
FGT,TYMS,6gyj,502,A,2,C,2303,C4,93.833,-14.583,39.753,FGT,c1ccc2c(c1)C(=O)OC2(c3ccc(cc3)O)c4ccc(cc4)O
FGT,TYMS,6gyj,502,A,1,C,2304,C5,93.312,-14.889,40.992,FGT,c1ccc2c(c1)C(=O)OC2(c3ccc(cc3)O)c4ccc(cc4)O
FGT,TYMS,6gyj,502,A,0,C,2305,C6,92.145,-14.335,41.483,FGT,c1ccc2c(c1)C(=O)OC2(c3ccc(cc3)O)c4ccc(cc4)O
FGT,TYMS,6gyj,502,A,5,C,2306,C7,91.447,-13.422,40.727,FGT,c1ccc2c(c1)C(=O)OC2(c3ccc(cc3)O)c4ccc(cc4)O
FGT,TYMS,6gyj,502,A,4,C,2307,C8,91.996,-13.138,39.501,FGT,c1ccc2c(c1)C(=O)OC2(c3ccc(cc3)O)c4ccc(cc4)O
FGT,TYMS,6gyj,502,A,17,C,2308,C9,94.365,-11.981,37.532,FGT,c1ccc2c(c1)C(=O)OC2(c3ccc(cc3)O)c4ccc(cc4)O
FGT,TYMS,6gyj,502,A,7,O,2309,O1,90.441,-11.54,38.644,FGT,c1ccc2c(c1)C(=O)OC2(c3ccc(cc3)O)c4ccc(cc4)O
FGT,TYMS,6gyj,502,A,8,O,2310,O2,92.207,-12.413,37.397,FGT,c1ccc2c(c1)C(=O)OC2(c3ccc(cc3)O)c4ccc(cc4)O
FGT,TYMS,6gyj,502,A,23,O,2311,O3,96.881,-8.712,37.205,FGT,c1ccc2c(c1)C(=O)OC2(c3ccc(cc3)O)c4ccc(cc4)O
FGT,TYMS,6gyj,502,A,16,O,2312,O4,93.135,-17.166,33.734,FGT,c1ccc2c(c1)C(=O)OC2(c3ccc(cc3)O)c4ccc(cc4)O
GSH,TYMS,3ob7,314,D,16,C,2271,C1,20.125,-19.263,61.517,GSH,C(CC(=O)N[C@@H](CS)C(=O)NCC(=O)O)[C@@H](C(=O)O)N
GSH,TYMS,3ob7,314,D,8,C,2280,C2,19.845,-12.508,56.758,GSH,C(CC(=O)N[C@@H](CS)C(=O)NCC(=O)O)[C@@H](C(=O)O)N
GSH,TYMS,3ob7,314,D,12,C,2286,C3,21.362,-11.059,53.777,GSH,C(CC(=O)N[C@@H](CS)C(=O)NCC(=O)O)[C@@H](C(=O)O)N
GSH,TYMS,3ob7,314,D,15,C,2270,CA1,20.192,-18.384,60.403,GSH,C(CC(=O)N[C@@H](CS)C(=O)NCC(=O)O)[C@@H](C(=O)O)N
GSH,TYMS,3ob7,314,D,5,C,2279,CA2,20.341,-13.857,56.916,GSH,C(CC(=O)N[C@@H](CS)C(=O)NCC(=O)O)[C@@H](C(=O)O)N
GSH,TYMS,3ob7,314,D,11,C,2285,CA3,20.408,-10.787,54.922,GSH,C(CC(=O)N[C@@H](CS)C(=O)NCC(=O)O)[C@@H](C(=O)O)N
GSH,TYMS,3ob7,314,D,0,C,2274,CB1,19.632,-17.008,60.723,GSH,C(CC(=O)N[C@@H](CS)C(=O)NCC(=O)O)[C@@H](C(=O)O)N
GSH,TYMS,3ob7,314,D,6,C,2282,CB2,20.003,-14.595,55.637,GSH,C(CC(=O)N[C@@H](CS)C(=O)NCC(=O)O)[C@@H](C(=O)O)N
GSH,TYMS,3ob7,314,D,2,C,2276,CD1,19.625,-14.942,59.133,GSH,C(CC(=O)N[C@@H](CS)C(=O)NCC(=O)O)[C@@H](C(=O)O)N
GSH,TYMS,3ob7,314,D,1,C,2275,CG1,19.931,-16.361,59.432,GSH,C(CC(=O)N[C@@H](CS)C(=O)NCC(=O)O)[C@@H](C(=O)O)N
GSH,TYMS,3ob7,314,D,19,N,2269,N1,19.393,-18.998,59.358,GSH,C(CC(=O)N[C@@H](CS)C(=O)NCC(=O)O)[C@@H](C(=O)O)N
GSH,TYMS,3ob7,314,D,4,N,2278,N2,20.117,-14.823,57.946,GSH,C(CC(=O)N[C@@H](CS)C(=O)NCC(=O)O)[C@@H](C(=O)O)N
GSH,TYMS,3ob7,314,D,10,N,2284,N3,20.407,-12.0,55.658,GSH,C(CC(=O)N[C@@H](CS)C(=O)NCC(=O)O)[C@@H](C(=O)O)N
GSH,TYMS,3ob7,314,D,17,O,2272,O11,19.055,-19.672,61.89,GSH,C(CC(=O)N[C@@H](CS)C(=O)NCC(=O)O)[C@@H](C(=O)O)N
GSH,TYMS,3ob7,314,D,18,O,2273,O12,21.28,-19.59,62.065,GSH,C(CC(=O)N[C@@H](CS)C(=O)NCC(=O)O)[C@@H](C(=O)O)N
GSH,TYMS,3ob7,314,D,9,O,2281,O2,19.076,-11.941,57.504,GSH,C(CC(=O)N[C@@H](CS)C(=O)NCC(=O)O)[C@@H](C(=O)O)N
GSH,TYMS,3ob7,314,D,13,O,2287,O31,21.908,-12.193,53.713,GSH,C(CC(=O)N[C@@H](CS)C(=O)NCC(=O)O)[C@@H](C(=O)O)N
GSH,TYMS,3ob7,314,D,14,O,2288,O32,21.577,-10.162,52.941,GSH,C(CC(=O)N[C@@H](CS)C(=O)NCC(=O)O)[C@@H](C(=O)O)N
GSH,TYMS,3ob7,314,D,3,O,2277,OE1,19.093,-14.131,59.873,GSH,C(CC(=O)N[C@@H](CS)C(=O)NCC(=O)O)[C@@H](C(=O)O)N
GSH,TYMS,3ob7,314,D,7,S,2283,SG2,20.528,-16.292,55.787,GSH,C(CC(=O)N[C@@H](CS)C(=O)NCC(=O)O)[C@@H](C(=O)O)N
GSH,TYMS,3ob7,581,A,16,C,2271,C1,20.156,-4.54,104.565,GSH,C(CC(=O)N[C@@H](CS)C(=O)NCC(=O)O)[C@@H](C(=O)O)N
GSH,TYMS,3ob7,581,A,8,C,2280,C2,24.917,-8.552,99.692,GSH,C(CC(=O)N[C@@H](CS)C(=O)NCC(=O)O)[C@@H](C(=O)O)N
GSH,TYMS,3ob7,581,A,12,C,2286,C3,25.308,-10.055,96.252,GSH,C(CC(=O)N[C@@H](CS)C(=O)NCC(=O)O)[C@@H](C(=O)O)N
GSH,TYMS,3ob7,581,A,15,C,2270,CA1,21.032,-5.701,104.361,GSH,C(CC(=O)N[C@@H](CS)C(=O)NCC(=O)O)[C@@H](C(=O)O)N
GSH,TYMS,3ob7,581,A,5,C,2279,CA2,25.746,-7.859,100.789,GSH,C(CC(=O)N[C@@H](CS)C(=O)NCC(=O)O)[C@@H](C(=O)O)N
GSH,TYMS,3ob7,581,A,11,C,2285,CA3,24.553,-9.65,97.488,GSH,C(CC(=O)N[C@@H](CS)C(=O)NCC(=O)O)[C@@H](C(=O)O)N
GSH,TYMS,3ob7,581,A,0,C,2274,CB1,22.139,-5.38,103.352,GSH,C(CC(=O)N[C@@H](CS)C(=O)NCC(=O)O)[C@@H](C(=O)O)N
GSH,TYMS,3ob7,581,A,6,C,2282,CB2,26.805,-8.845,101.333,GSH,C(CC(=O)N[C@@H](CS)C(=O)NCC(=O)O)[C@@H](C(=O)O)N
GSH,TYMS,3ob7,581,A,2,C,2276,CD1,24.064,-6.5,102.074,GSH,C(CC(=O)N[C@@H](CS)C(=O)NCC(=O)O)[C@@H](C(=O)O)N
GSH,TYMS,3ob7,581,A,1,C,2275,CG1,22.989,-6.642,103.15,GSH,C(CC(=O)N[C@@H](CS)C(=O)NCC(=O)O)[C@@H](C(=O)O)N
GSH,TYMS,3ob7,581,A,19,N,2269,N1,20.168,-6.748,103.81,GSH,C(CC(=O)N[C@@H](CS)C(=O)NCC(=O)O)[C@@H](C(=O)O)N
GSH,TYMS,3ob7,581,A,4,N,2278,N2,24.733,-7.643,101.854,GSH,C(CC(=O)N[C@@H](CS)C(=O)NCC(=O)O)[C@@H](C(=O)O)N
GSH,TYMS,3ob7,581,A,10,N,2284,N3,25.403,-8.973,98.505,GSH,C(CC(=O)N[C@@H](CS)C(=O)NCC(=O)O)[C@@H](C(=O)O)N
GSH,TYMS,3ob7,581,A,17,O,2272,O11,19.838,-4.233,105.662,GSH,C(CC(=O)N[C@@H](CS)C(=O)NCC(=O)O)[C@@H](C(=O)O)N
GSH,TYMS,3ob7,581,A,18,O,2273,O12,19.704,-3.899,103.508,GSH,C(CC(=O)N[C@@H](CS)C(=O)NCC(=O)O)[C@@H](C(=O)O)N
GSH,TYMS,3ob7,581,A,9,O,2281,O2,23.733,-8.752,99.907,GSH,C(CC(=O)N[C@@H](CS)C(=O)NCC(=O)O)[C@@H](C(=O)O)N
GSH,TYMS,3ob7,581,A,13,O,2287,O31,26.529,-9.806,96.178,GSH,C(CC(=O)N[C@@H](CS)C(=O)NCC(=O)O)[C@@H](C(=O)O)N
GSH,TYMS,3ob7,581,A,14,O,2288,O32,24.673,-10.637,95.339,GSH,C(CC(=O)N[C@@H](CS)C(=O)NCC(=O)O)[C@@H](C(=O)O)N
GSH,TYMS,3ob7,581,A,3,O,2277,OE1,24.23,-5.454,101.438,GSH,C(CC(=O)N[C@@H](CS)C(=O)NCC(=O)O)[C@@H](C(=O)O)N
GSH,TYMS,3ob7,581,A,7,S,2283,SG2,27.849,-8.099,102.628,GSH,C(CC(=O)N[C@@H](CS)C(=O)NCC(=O)O)[C@@H](C(=O)O)N
KI3,TYMS,5hs3,401,A,3,C,2342,C02,37.901,44.392,28.873,KI3,Cc1cc(nc2c1c(c(s2)C(=O)c3ccccc3)N)O
KI3,TYMS,5hs3,401,A,2,C,2343,C03,37.59,44.794,27.583,KI3,Cc1cc(nc2c1c(c(s2)C(=O)c3ccccc3)N)O
KI3,TYMS,5hs3,401,A,1,C,2344,C04,38.059,44.081,26.499,KI3,Cc1cc(nc2c1c(c(s2)C(=O)c3ccccc3)N)O
KI3,TYMS,5hs3,401,A,0,C,2345,C05,37.663,44.596,25.13,KI3,Cc1cc(nc2c1c(c(s2)C(=O)c3ccccc3)N)O
KI3,TYMS,5hs3,401,A,6,C,2346,C06,38.872,42.926,26.741,KI3,Cc1cc(nc2c1c(c(s2)C(=O)c3ccccc3)N)O
KI3,TYMS,5hs3,401,A,5,C,2347,C07,39.144,42.582,28.044,KI3,Cc1cc(nc2c1c(c(s2)C(=O)c3ccccc3)N)O
KI3,TYMS,5hs3,401,A,8,C,2350,C10,40.189,41.011,26.274,KI3,Cc1cc(nc2c1c(c(s2)C(=O)c3ccccc3)N)O
KI3,TYMS,5hs3,401,A,7,C,2351,C11,39.452,42.054,25.77,KI3,Cc1cc(nc2c1c(c(s2)C(=O)c3ccccc3)N)O
KI3,TYMS,5hs3,401,A,10,C,2353,C13,40.917,39.948,25.495,KI3,Cc1cc(nc2c1c(c(s2)C(=O)c3ccccc3)N)O
KI3,TYMS,5hs3,401,A,12,C,2355,C15,41.591,38.812,26.213,KI3,Cc1cc(nc2c1c(c(s2)C(=O)c3ccccc3)N)O
KI3,TYMS,5hs3,401,A,13,C,2356,C16,42.26,39.002,27.414,KI3,Cc1cc(nc2c1c(c(s2)C(=O)c3ccccc3)N)O
KI3,TYMS,5hs3,401,A,14,C,2357,C17,42.862,37.939,28.047,KI3,Cc1cc(nc2c1c(c(s2)C(=O)c3ccccc3)N)O
KI3,TYMS,5hs3,401,A,15,C,2358,C18,42.8,36.685,27.479,KI3,Cc1cc(nc2c1c(c(s2)C(=O)c3ccccc3)N)O
KI3,TYMS,5hs3,401,A,16,C,2359,C19,42.133,36.492,26.281,KI3,Cc1cc(nc2c1c(c(s2)C(=O)c3ccccc3)N)O
KI3,TYMS,5hs3,401,A,17,C,2360,C20,41.526,37.557,25.648,KI3,Cc1cc(nc2c1c(c(s2)C(=O)c3ccccc3)N)O
KI3,TYMS,5hs3,401,A,4,N,2348,N08,38.661,43.306,29.083,KI3,Cc1cc(nc2c1c(c(s2)C(=O)c3ccccc3)N)O
KI3,TYMS,5hs3,401,A,18,N,2352,N12,39.323,42.199,24.37,KI3,Cc1cc(nc2c1c(c(s2)C(=O)c3ccccc3)N)O
KI3,TYMS,5hs3,401,A,19,O,2341,O01,37.426,45.119,29.978,KI3,Cc1cc(nc2c1c(c(s2)C(=O)c3ccccc3)N)O
KI3,TYMS,5hs3,401,A,11,O,2354,O14,40.961,39.997,24.291,KI3,Cc1cc(nc2c1c(c(s2)C(=O)c3ccccc3)N)O
KI3,TYMS,5hs3,401,A,9,S,2349,S09,40.124,41.159,27.979,KI3,Cc1cc(nc2c1c(c(s2)C(=O)c3ccccc3)N)O
KI3,TYMS,5hs3,401,B,3,C,2330,C02,63.772,38.063,5.19,KI3,Cc1cc(nc2c1c(c(s2)C(=O)c3ccccc3)N)O
KI3,TYMS,5hs3,401,B,2,C,2331,C03,63.343,37.841,3.897,KI3,Cc1cc(nc2c1c(c(s2)C(=O)c3ccccc3)N)O
KI3,TYMS,5hs3,401,B,1,C,2332,C04,64.045,38.361,2.829,KI3,Cc1cc(nc2c1c(c(s2)C(=O)c3ccccc3)N)O
KI3,TYMS,5hs3,401,B,0,C,2333,C05,63.485,38.059,1.45,KI3,Cc1cc(nc2c1c(c(s2)C(=O)c3ccccc3)N)O
KI3,TYMS,5hs3,401,B,6,C,2334,C06,65.222,39.137,3.087,KI3,Cc1cc(nc2c1c(c(s2)C(=O)c3ccccc3)N)O
KI3,TYMS,5hs3,401,B,5,C,2335,C07,65.594,39.326,4.399,KI3,Cc1cc(nc2c1c(c(s2)C(=O)c3ccccc3)N)O
KI3,TYMS,5hs3,401,B,8,C,2338,C10,67.155,40.454,2.655,KI3,Cc1cc(nc2c1c(c(s2)C(=O)c3ccccc3)N)O
KI3,TYMS,5hs3,401,B,7,C,2339,C11,66.086,39.761,2.128,KI3,Cc1cc(nc2c1c(c(s2)C(=O)c3ccccc3)N)O
KI3,TYMS,5hs3,401,B,10,C,2341,C13,68.217,41.204,1.886,KI3,Cc1cc(nc2c1c(c(s2)C(=O)c3ccccc3)N)O
KI3,TYMS,5hs3,401,B,12,C,2343,C15,69.356,41.87,2.602,KI3,Cc1cc(nc2c1c(c(s2)C(=O)c3ccccc3)N)O
KI3,TYMS,5hs3,401,B,13,C,2344,C16,70.576,41.917,1.969,KI3,Cc1cc(nc2c1c(c(s2)C(=O)c3ccccc3)N)O
KI3,TYMS,5hs3,401,B,14,C,2345,C17,71.648,42.508,2.592,KI3,Cc1cc(nc2c1c(c(s2)C(=O)c3ccccc3)N)O
KI3,TYMS,5hs3,401,B,15,C,2346,C18,71.494,43.055,3.85,KI3,Cc1cc(nc2c1c(c(s2)C(=O)c3ccccc3)N)O
KI3,TYMS,5hs3,401,B,16,C,2347,C19,70.272,43.012,4.488,KI3,Cc1cc(nc2c1c(c(s2)C(=O)c3ccccc3)N)O
KI3,TYMS,5hs3,401,B,17,C,2348,C20,69.203,42.419,3.861,KI3,Cc1cc(nc2c1c(c(s2)C(=O)c3ccccc3)N)O
KI3,TYMS,5hs3,401,B,4,N,2336,N08,64.876,38.793,5.42,KI3,Cc1cc(nc2c1c(c(s2)C(=O)c3ccccc3)N)O
KI3,TYMS,5hs3,401,B,18,N,2340,N12,65.912,39.719,0.722,KI3,Cc1cc(nc2c1c(c(s2)C(=O)c3ccccc3)N)O
KI3,TYMS,5hs3,401,B,19,O,2329,O01,63.051,37.523,6.267,KI3,Cc1cc(nc2c1c(c(s2)C(=O)c3ccccc3)N)O
KI3,TYMS,5hs3,401,B,11,O,2342,O14,68.18,41.254,0.68,KI3,Cc1cc(nc2c1c(c(s2)C(=O)c3ccccc3)N)O
KI3,TYMS,5hs3,401,B,9,S,2337,S09,67.037,40.288,4.36,KI3,Cc1cc(nc2c1c(c(s2)C(=O)c3ccccc3)N)O
KI3,TYMS,5hs3,401,E,3,C,2298,C02,43.284,38.658,74.859,KI3,Cc1cc(nc2c1c(c(s2)C(=O)c3ccccc3)N)O
KI3,TYMS,5hs3,401,E,2,C,2299,C03,43.595,38.394,76.188,KI3,Cc1cc(nc2c1c(c(s2)C(=O)c3ccccc3)N)O
KI3,TYMS,5hs3,401,E,1,C,2300,C04,42.8,38.914,77.19,KI3,Cc1cc(nc2c1c(c(s2)C(=O)c3ccccc3)N)O
KI3,TYMS,5hs3,401,E,0,C,2301,C05,43.211,38.57,78.603,KI3,Cc1cc(nc2c1c(c(s2)C(=O)c3ccccc3)N)O
KI3,TYMS,5hs3,401,E,6,C,2302,C06,41.67,39.721,76.827,KI3,Cc1cc(nc2c1c(c(s2)C(=O)c3ccccc3)N)O
KI3,TYMS,5hs3,401,E,5,C,2303,C07,41.404,39.953,75.488,KI3,Cc1cc(nc2c1c(c(s2)C(=O)c3ccccc3)N)O
KI3,TYMS,5hs3,401,E,8,C,2306,C10,39.747,41.068,77.127,KI3,Cc1cc(nc2c1c(c(s2)C(=O)c3ccccc3)N)O
KI3,TYMS,5hs3,401,E,7,C,2307,C11,40.75,40.339,77.72,KI3,Cc1cc(nc2c1c(c(s2)C(=O)c3ccccc3)N)O
KI3,TYMS,5hs3,401,E,10,C,2309,C13,38.661,41.802,77.877,KI3,Cc1cc(nc2c1c(c(s2)C(=O)c3ccccc3)N)O
KI3,TYMS,5hs3,401,E,12,C,2311,C15,37.485,42.313,77.107,KI3,Cc1cc(nc2c1c(c(s2)C(=O)c3ccccc3)N)O
KI3,TYMS,5hs3,401,E,13,C,2312,C16,37.677,43.11,75.997,KI3,Cc1cc(nc2c1c(c(s2)C(=O)c3ccccc3)N)O
KI3,TYMS,5hs3,401,E,14,C,2313,C17,36.577,43.572,75.298,KI3,Cc1cc(nc2c1c(c(s2)C(=O)c3ccccc3)N)O
KI3,TYMS,5hs3,401,E,15,C,2314,C18,35.296,43.231,75.713,KI3,Cc1cc(nc2c1c(c(s2)C(=O)c3ccccc3)N)O
KI3,TYMS,5hs3,401,E,16,C,2315,C19,35.117,42.43,76.829,KI3,Cc1cc(nc2c1c(c(s2)C(=O)c3ccccc3)N)O
KI3,TYMS,5hs3,401,E,17,C,2316,C20,36.218,41.97,77.527,KI3,Cc1cc(nc2c1c(c(s2)C(=O)c3ccccc3)N)O
KI3,TYMS,5hs3,401,E,4,N,2304,N08,42.212,39.418,74.53,KI3,Cc1cc(nc2c1c(c(s2)C(=O)c3ccccc3)N)O
KI3,TYMS,5hs3,401,E,18,N,2308,N12,40.791,40.261,79.136,KI3,Cc1cc(nc2c1c(c(s2)C(=O)c3ccccc3)N)O
KI3,TYMS,5hs3,401,E,19,O,2297,O01,44.1,38.121,73.848,KI3,Cc1cc(nc2c1c(c(s2)C(=O)c3ccccc3)N)O
KI3,TYMS,5hs3,401,E,11,O,2310,O14,38.712,41.97,79.083,KI3,Cc1cc(nc2c1c(c(s2)C(=O)c3ccccc3)N)O
KI3,TYMS,5hs3,401,E,9,S,2305,S09,39.977,40.96,75.416,KI3,Cc1cc(nc2c1c(c(s2)C(=O)c3ccccc3)N)O
MTX,TYMS,5x66,402,A,21,C,2356,C,157.417,150.714,24.122,MTX,CN(Cc1cnc2c(n1)c(nc(n2)N)N)c3ccc(cc3)C(=O)N[C@@H](CCC(=O)O)C(=O)O
MTX,TYMS,5x66,402,A,18,C,2350,C11,156.148,149.949,24.331,MTX,CN(Cc1cnc2c(n1)c(nc(n2)N)N)c3ccc(cc3)C(=O)N[C@@H](CCC(=O)O)C(=O)O
MTX,TYMS,5x66,402,A,17,C,2351,C12,155.871,148.708,23.835,MTX,CN(Cc1cnc2c(n1)c(nc(n2)N)N)c3ccc(cc3)C(=O)N[C@@H](CCC(=O)O)C(=O)O
MTX,TYMS,5x66,402,A,16,C,2352,C13,154.681,148.035,24.183,MTX,CN(Cc1cnc2c(n1)c(nc(n2)N)N)c3ccc(cc3)C(=O)N[C@@H](CCC(=O)O)C(=O)O
MTX,TYMS,5x66,402,A,15,C,2353,C14,153.789,148.589,25.068,MTX,CN(Cc1cnc2c(n1)c(nc(n2)N)N)c3ccc(cc3)C(=O)N[C@@H](CCC(=O)O)C(=O)O
MTX,TYMS,5x66,402,A,20,C,2354,C15,154.088,149.861,25.619,MTX,CN(Cc1cnc2c(n1)c(nc(n2)N)N)c3ccc(cc3)C(=O)N[C@@H](CCC(=O)O)C(=O)O
MTX,TYMS,5x66,402,A,19,C,2355,C16,155.247,150.492,25.264,MTX,CN(Cc1cnc2c(n1)c(nc(n2)N)N)c3ccc(cc3)C(=O)N[C@@H](CCC(=O)O)C(=O)O
MTX,TYMS,5x66,402,A,11,C,2336,C2,148.005,153.526,24.757,MTX,CN(Cc1cnc2c(n1)c(nc(n2)N)N)c3ccc(cc3)C(=O)N[C@@H](CCC(=O)O)C(=O)O
MTX,TYMS,5x66,402,A,9,C,2339,C4,148.759,152.502,26.696,MTX,CN(Cc1cnc2c(n1)c(nc(n2)N)N)c3ccc(cc3)C(=O)N[C@@H](CCC(=O)O)C(=O)O
MTX,TYMS,5x66,402,A,7,C,2341,C4A,149.455,151.569,25.947,MTX,CN(Cc1cnc2c(n1)c(nc(n2)N)N)c3ccc(cc3)C(=O)N[C@@H](CCC(=O)O)C(=O)O
MTX,TYMS,5x66,402,A,3,C,2343,C6,150.805,149.699,25.738,MTX,CN(Cc1cnc2c(n1)c(nc(n2)N)N)c3ccc(cc3)C(=O)N[C@@H](CCC(=O)O)C(=O)O
MTX,TYMS,5x66,402,A,4,C,2344,C7,150.721,149.832,24.3,MTX,CN(Cc1cnc2c(n1)c(nc(n2)N)N)c3ccc(cc3)C(=O)N[C@@H](CCC(=O)O)C(=O)O
MTX,TYMS,5x66,402,A,6,C,2346,C8A,149.363,151.686,24.523,MTX,CN(Cc1cnc2c(n1)c(nc(n2)N)N)c3ccc(cc3)C(=O)N[C@@H](CCC(=O)O)C(=O)O
MTX,TYMS,5x66,402,A,2,C,2347,C9,151.637,148.616,26.387,MTX,CN(Cc1cnc2c(n1)c(nc(n2)N)N)c3ccc(cc3)C(=O)N[C@@H](CCC(=O)O)C(=O)O
MTX,TYMS,5x66,402,A,24,C,2359,CA,160.123,150.301,23.734,MTX,CN(Cc1cnc2c(n1)c(nc(n2)N)N)c3ccc(cc3)C(=O)N[C@@H](CCC(=O)O)C(=O)O
MTX,TYMS,5x66,402,A,25,C,2363,CB,160.963,150.188,22.459,MTX,CN(Cc1cnc2c(n1)c(nc(n2)N)N)c3ccc(cc3)C(=O)N[C@@H](CCC(=O)O)C(=O)O
MTX,TYMS,5x66,402,A,27,C,2365,CD,163.476,148.967,21.978,MTX,CN(Cc1cnc2c(n1)c(nc(n2)N)N)c3ccc(cc3)C(=O)N[C@@H](CCC(=O)O)C(=O)O
MTX,TYMS,5x66,402,A,26,C,2364,CG,162.509,150.026,22.65,MTX,CN(Cc1cnc2c(n1)c(nc(n2)N)N)c3ccc(cc3)C(=O)N[C@@H](CCC(=O)O)C(=O)O
MTX,TYMS,5x66,402,A,0,C,2349,CM,152.214,146.647,24.976,MTX,CN(Cc1cnc2c(n1)c(nc(n2)N)N)c3ccc(cc3)C(=O)N[C@@H](CCC(=O)O)C(=O)O
MTX,TYMS,5x66,402,A,30,C,2360,CT,160.324,151.516,24.555,MTX,CN(Cc1cnc2c(n1)c(nc(n2)N)N)c3ccc(cc3)C(=O)N[C@@H](CCC(=O)O)C(=O)O
MTX,TYMS,5x66,402,A,23,N,2358,N,158.68,149.926,23.815,MTX,CN(Cc1cnc2c(n1)c(nc(n2)N)N)c3ccc(cc3)C(=O)N[C@@H](CCC(=O)O)C(=O)O
MTX,TYMS,5x66,402,A,12,N,2335,N1,148.663,152.661,23.994,MTX,CN(Cc1cnc2c(n1)c(nc(n2)N)N)c3ccc(cc3)C(=O)N[C@@H](CCC(=O)O)C(=O)O
MTX,TYMS,5x66,402,A,1,N,2348,N10,152.579,147.963,25.463,MTX,CN(Cc1cnc2c(n1)c(nc(n2)N)N)c3ccc(cc3)C(=O)N[C@@H](CCC(=O)O)C(=O)O
MTX,TYMS,5x66,402,A,10,N,2338,N3,148.038,153.494,26.098,MTX,CN(Cc1cnc2c(n1)c(nc(n2)N)N)c3ccc(cc3)C(=O)N[C@@H](CCC(=O)O)C(=O)O
MTX,TYMS,5x66,402,A,8,N,2342,N5,150.148,150.595,26.543,MTX,CN(Cc1cnc2c(n1)c(nc(n2)N)N)c3ccc(cc3)C(=O)N[C@@H](CCC(=O)O)C(=O)O
MTX,TYMS,5x66,402,A,5,N,2345,N8,150.006,150.813,23.677,MTX,CN(Cc1cnc2c(n1)c(nc(n2)N)N)c3ccc(cc3)C(=O)N[C@@H](CCC(=O)O)C(=O)O
MTX,TYMS,5x66,402,A,13,N,2337,NA2,147.269,154.56,24.134,MTX,CN(Cc1cnc2c(n1)c(nc(n2)N)N)c3ccc(cc3)C(=O)N[C@@H](CCC(=O)O)C(=O)O
MTX,TYMS,5x66,402,A,14,N,2340,NA4,148.788,152.439,28.071,MTX,CN(Cc1cnc2c(n1)c(nc(n2)N)N)c3ccc(cc3)C(=O)N[C@@H](CCC(=O)O)C(=O)O
MTX,TYMS,5x66,402,A,22,O,2357,O,157.464,151.941,24.319,MTX,CN(Cc1cnc2c(n1)c(nc(n2)N)N)c3ccc(cc3)C(=O)N[C@@H](CCC(=O)O)C(=O)O
MTX,TYMS,5x66,402,A,31,O,2361,O1,159.829,151.515,25.783,MTX,CN(Cc1cnc2c(n1)c(nc(n2)N)N)c3ccc(cc3)C(=O)N[C@@H](CCC(=O)O)C(=O)O
MTX,TYMS,5x66,402,A,32,O,2362,O2,161.035,152.531,24.032,MTX,CN(Cc1cnc2c(n1)c(nc(n2)N)N)c3ccc(cc3)C(=O)N[C@@H](CCC(=O)O)C(=O)O
MTX,TYMS,5x66,402,A,28,O,2366,OE1,164.58,148.403,22.571,MTX,CN(Cc1cnc2c(n1)c(nc(n2)N)N)c3ccc(cc3)C(=O)N[C@@H](CCC(=O)O)C(=O)O
MTX,TYMS,5x66,402,A,29,O,2367,OE2,163.279,148.581,20.798,MTX,CN(Cc1cnc2c(n1)c(nc(n2)N)N)c3ccc(cc3)C(=O)N[C@@H](CCC(=O)O)C(=O)O
MTX,TYMS,5x66,402,B,21,C,2352,C,176.788,157.268,0.094,MTX,CN(Cc1cnc2c(n1)c(nc(n2)N)N)c3ccc(cc3)C(=O)N[C@@H](CCC(=O)O)C(=O)O
MTX,TYMS,5x66,402,B,18,C,2346,C11,177.33,156.021,0.699,MTX,CN(Cc1cnc2c(n1)c(nc(n2)N)N)c3ccc(cc3)C(=O)N[C@@H](CCC(=O)O)C(=O)O
MTX,TYMS,5x66,402,B,17,C,2347,C12,176.69,155.214,1.567,MTX,CN(Cc1cnc2c(n1)c(nc(n2)N)N)c3ccc(cc3)C(=O)N[C@@H](CCC(=O)O)C(=O)O
MTX,TYMS,5x66,402,B,16,C,2348,C13,177.33,154.02,2.023,MTX,CN(Cc1cnc2c(n1)c(nc(n2)N)N)c3ccc(cc3)C(=O)N[C@@H](CCC(=O)O)C(=O)O
MTX,TYMS,5x66,402,B,15,C,2349,C14,178.609,153.672,1.617,MTX,CN(Cc1cnc2c(n1)c(nc(n2)N)N)c3ccc(cc3)C(=O)N[C@@H](CCC(=O)O)C(=O)O
MTX,TYMS,5x66,402,B,20,C,2350,C15,179.247,154.533,0.715,MTX,CN(Cc1cnc2c(n1)c(nc(n2)N)N)c3ccc(cc3)C(=O)N[C@@H](CCC(=O)O)C(=O)O
MTX,TYMS,5x66,402,B,19,C,2351,C16,178.607,155.664,0.284,MTX,CN(Cc1cnc2c(n1)c(nc(n2)N)N)c3ccc(cc3)C(=O)N[C@@H](CCC(=O)O)C(=O)O
MTX,TYMS,5x66,402,B,11,C,2332,C2,173.741,147.992,1.276,MTX,CN(Cc1cnc2c(n1)c(nc(n2)N)N)c3ccc(cc3)C(=O)N[C@@H](CCC(=O)O)C(=O)O
MTX,TYMS,5x66,402,B,9,C,2335,C4,174.759,148.753,3.195,MTX,CN(Cc1cnc2c(n1)c(nc(n2)N)N)c3ccc(cc3)C(=O)N[C@@H](CCC(=O)O)C(=O)O
MTX,TYMS,5x66,402,B,7,C,2337,C4A,175.701,149.411,2.413,MTX,CN(Cc1cnc2c(n1)c(nc(n2)N)N)c3ccc(cc3)C(=O)N[C@@H](CCC(=O)O)C(=O)O
MTX,TYMS,5x66,402,B,3,C,2339,C6,177.586,150.772,2.245,MTX,CN(Cc1cnc2c(n1)c(nc(n2)N)N)c3ccc(cc3)C(=O)N[C@@H](CCC(=O)O)C(=O)O
MTX,TYMS,5x66,402,B,4,C,2340,C7,177.466,150.664,0.815,MTX,CN(Cc1cnc2c(n1)c(nc(n2)N)N)c3ccc(cc3)C(=O)N[C@@H](CCC(=O)O)C(=O)O
MTX,TYMS,5x66,402,B,6,C,2342,C8A,175.594,149.308,0.983,MTX,CN(Cc1cnc2c(n1)c(nc(n2)N)N)c3ccc(cc3)C(=O)N[C@@H](CCC(=O)O)C(=O)O
MTX,TYMS,5x66,402,B,2,C,2343,C9,178.652,151.564,2.948,MTX,CN(Cc1cnc2c(n1)c(nc(n2)N)N)c3ccc(cc3)C(=O)N[C@@H](CCC(=O)O)C(=O)O
MTX,TYMS,5x66,402,B,24,C,2355,CA,176.65,158.445,-2.443,MTX,CN(Cc1cnc2c(n1)c(nc(n2)N)N)c3ccc(cc3)C(=O)N[C@@H](CCC(=O)O)C(=O)O
MTX,TYMS,5x66,402,B,25,C,2359,CB,176.924,159.809,-1.901,MTX,CN(Cc1cnc2c(n1)c(nc(n2)N)N)c3ccc(cc3)C(=O)N[C@@H](CCC(=O)O)C(=O)O
MTX,TYMS,5x66,402,B,27,C,2361,CD,176.378,161.367,0.098,MTX,CN(Cc1cnc2c(n1)c(nc(n2)N)N)c3ccc(cc3)C(=O)N[C@@H](CCC(=O)O)C(=O)O
MTX,TYMS,5x66,402,B,26,C,2360,CG,175.866,160.515,-1.081,MTX,CN(Cc1cnc2c(n1)c(nc(n2)N)N)c3ccc(cc3)C(=O)N[C@@H](CCC(=O)O)C(=O)O
MTX,TYMS,5x66,402,B,0,C,2345,CM,180.657,152.216,1.556,MTX,CN(Cc1cnc2c(n1)c(nc(n2)N)N)c3ccc(cc3)C(=O)N[C@@H](CCC(=O)O)C(=O)O
MTX,TYMS,5x66,402,B,30,C,2356,CT,177.423,158.23,-3.731,MTX,CN(Cc1cnc2c(n1)c(nc(n2)N)N)c3ccc(cc3)C(=O)N[C@@H](CCC(=O)O)C(=O)O
MTX,TYMS,5x66,402,B,23,N,2354,N,177.002,157.394,-1.446,MTX,CN(Cc1cnc2c(n1)c(nc(n2)N)N)c3ccc(cc3)C(=O)N[C@@H](CCC(=O)O)C(=O)O
MTX,TYMS,5x66,402,B,12,N,2331,N1,174.59,148.612,0.459,MTX,CN(Cc1cnc2c(n1)c(nc(n2)N)N)c3ccc(cc3)C(=O)N[C@@H](CCC(=O)O)C(=O)O
MTX,TYMS,5x66,402,B,1,N,2344,N10,179.314,152.507,2.052,MTX,CN(Cc1cnc2c(n1)c(nc(n2)N)N)c3ccc(cc3)C(=O)N[C@@H](CCC(=O)O)C(=O)O
MTX,TYMS,5x66,402,B,10,N,2334,N3,173.763,148.05,2.63,MTX,CN(Cc1cnc2c(n1)c(nc(n2)N)N)c3ccc(cc3)C(=O)N[C@@H](CCC(=O)O)C(=O)O
MTX,TYMS,5x66,402,B,8,N,2338,N5,176.661,150.127,3.004,MTX,CN(Cc1cnc2c(n1)c(nc(n2)N)N)c3ccc(cc3)C(=O)N[C@@H](CCC(=O)O)C(=O)O
MTX,TYMS,5x66,402,B,5,N,2341,N8,176.52,149.928,0.147,MTX,CN(Cc1cnc2c(n1)c(nc(n2)N)N)c3ccc(cc3)C(=O)N[C@@H](CCC(=O)O)C(=O)O
MTX,TYMS,5x66,402,B,13,N,2333,NA2,172.711,147.276,0.68,MTX,CN(Cc1cnc2c(n1)c(nc(n2)N)N)c3ccc(cc3)C(=O)N[C@@H](CCC(=O)O)C(=O)O
MTX,TYMS,5x66,402,B,14,N,2336,NA4,174.819,148.849,4.545,MTX,CN(Cc1cnc2c(n1)c(nc(n2)N)N)c3ccc(cc3)C(=O)N[C@@H](CCC(=O)O)C(=O)O
MTX,TYMS,5x66,402,B,22,O,2353,O,176.25,158.1,0.832,MTX,CN(Cc1cnc2c(n1)c(nc(n2)N)N)c3ccc(cc3)C(=O)N[C@@H](CCC(=O)O)C(=O)O
MTX,TYMS,5x66,402,B,31,O,2357,O1,176.919,158.432,-4.926,MTX,CN(Cc1cnc2c(n1)c(nc(n2)N)N)c3ccc(cc3)C(=O)N[C@@H](CCC(=O)O)C(=O)O
MTX,TYMS,5x66,402,B,32,O,2358,O2,178.716,157.792,-3.701,MTX,CN(Cc1cnc2c(n1)c(nc(n2)N)N)c3ccc(cc3)C(=O)N[C@@H](CCC(=O)O)C(=O)O
MTX,TYMS,5x66,402,B,28,O,2362,OE1,176.924,162.576,-0.164,MTX,CN(Cc1cnc2c(n1)c(nc(n2)N)N)c3ccc(cc3)C(=O)N[C@@H](CCC(=O)O)C(=O)O
MTX,TYMS,5x66,402,B,29,O,2363,OE2,176.29,160.914,1.308,MTX,CN(Cc1cnc2c(n1)c(nc(n2)N)N)c3ccc(cc3)C(=O)N[C@@H](CCC(=O)O)C(=O)O
MTX,TYMS,5x66,402,C,21,C,2351,C,150.669,170.707,47.845,MTX,CN(Cc1cnc2c(n1)c(nc(n2)N)N)c3ccc(cc3)C(=O)N[C@@H](CCC(=O)O)C(=O)O
MTX,TYMS,5x66,402,C,18,C,2345,C11,149.982,171.911,48.285,MTX,CN(Cc1cnc2c(n1)c(nc(n2)N)N)c3ccc(cc3)C(=O)N[C@@H](CCC(=O)O)C(=O)O
MTX,TYMS,5x66,402,C,17,C,2346,C12,148.764,172.162,47.805,MTX,CN(Cc1cnc2c(n1)c(nc(n2)N)N)c3ccc(cc3)C(=O)N[C@@H](CCC(=O)O)C(=O)O
MTX,TYMS,5x66,402,C,16,C,2347,C13,148.073,173.264,48.205,MTX,CN(Cc1cnc2c(n1)c(nc(n2)N)N)c3ccc(cc3)C(=O)N[C@@H](CCC(=O)O)C(=O)O
MTX,TYMS,5x66,402,C,15,C,2348,C14,148.629,174.107,49.073,MTX,CN(Cc1cnc2c(n1)c(nc(n2)N)N)c3ccc(cc3)C(=O)N[C@@H](CCC(=O)O)C(=O)O
MTX,TYMS,5x66,402,C,20,C,2349,C15,149.899,173.852,49.576,MTX,CN(Cc1cnc2c(n1)c(nc(n2)N)N)c3ccc(cc3)C(=O)N[C@@H](CCC(=O)O)C(=O)O
MTX,TYMS,5x66,402,C,19,C,2350,C16,150.572,172.748,49.182,MTX,CN(Cc1cnc2c(n1)c(nc(n2)N)N)c3ccc(cc3)C(=O)N[C@@H](CCC(=O)O)C(=O)O
MTX,TYMS,5x66,402,C,11,C,2331,C2,153.586,179.602,48.874,MTX,CN(Cc1cnc2c(n1)c(nc(n2)N)N)c3ccc(cc3)C(=O)N[C@@H](CCC(=O)O)C(=O)O
MTX,TYMS,5x66,402,C,9,C,2334,C4,152.565,178.764,50.786,MTX,CN(Cc1cnc2c(n1)c(nc(n2)N)N)c3ccc(cc3)C(=O)N[C@@H](CCC(=O)O)C(=O)O
MTX,TYMS,5x66,402,C,7,C,2336,C4A,151.562,178.208,49.961,MTX,CN(Cc1cnc2c(n1)c(nc(n2)N)N)c3ccc(cc3)C(=O)N[C@@H](CCC(=O)O)C(=O)O
MTX,TYMS,5x66,402,C,3,C,2338,C6,149.635,176.976,49.632,MTX,CN(Cc1cnc2c(n1)c(nc(n2)N)N)c3ccc(cc3)C(=O)N[C@@H](CCC(=O)O)C(=O)O
MTX,TYMS,5x66,402,C,4,C,2339,C7,149.732,177.16,48.225,MTX,CN(Cc1cnc2c(n1)c(nc(n2)N)N)c3ccc(cc3)C(=O)N[C@@H](CCC(=O)O)C(=O)O
MTX,TYMS,5x66,402,C,6,C,2341,C8A,151.658,178.384,48.573,MTX,CN(Cc1cnc2c(n1)c(nc(n2)N)N)c3ccc(cc3)C(=O)N[C@@H](CCC(=O)O)C(=O)O
MTX,TYMS,5x66,402,C,2,C,2342,C9,148.571,176.19,50.3,MTX,CN(Cc1cnc2c(n1)c(nc(n2)N)N)c3ccc(cc3)C(=O)N[C@@H](CCC(=O)O)C(=O)O
MTX,TYMS,5x66,402,C,24,C,2354,CA,152.496,168.995,47.945,MTX,CN(Cc1cnc2c(n1)c(nc(n2)N)N)c3ccc(cc3)C(=O)N[C@@H](CCC(=O)O)C(=O)O
MTX,TYMS,5x66,402,C,25,C,2358,CB,153.903,168.839,48.382,MTX,CN(Cc1cnc2c(n1)c(nc(n2)N)N)c3ccc(cc3)C(=O)N[C@@H](CCC(=O)O)C(=O)O
MTX,TYMS,5x66,402,C,27,C,2360,CD,154.727,171.056,47.193,MTX,CN(Cc1cnc2c(n1)c(nc(n2)N)N)c3ccc(cc3)C(=O)N[C@@H](CCC(=O)O)C(=O)O
MTX,TYMS,5x66,402,C,26,C,2359,CG,154.966,169.596,47.619,MTX,CN(Cc1cnc2c(n1)c(nc(n2)N)N)c3ccc(cc3)C(=O)N[C@@H](CCC(=O)O)C(=O)O
MTX,TYMS,5x66,402,C,0,C,2344,CM,146.563,175.43,49.06,MTX,CN(Cc1cnc2c(n1)c(nc(n2)N)N)c3ccc(cc3)C(=O)N[C@@H](CCC(=O)O)C(=O)O
MTX,TYMS,5x66,402,C,30,C,2355,CT,151.602,167.96,48.428,MTX,CN(Cc1cnc2c(n1)c(nc(n2)N)N)c3ccc(cc3)C(=O)N[C@@H](CCC(=O)O)C(=O)O
MTX,TYMS,5x66,402,C,23,N,2353,N,151.933,170.217,48.488,MTX,CN(Cc1cnc2c(n1)c(nc(n2)N)N)c3ccc(cc3)C(=O)N[C@@H](CCC(=O)O)C(=O)O
MTX,TYMS,5x66,402,C,12,N,2330,N1,152.666,179.089,48.142,MTX,CN(Cc1cnc2c(n1)c(nc(n2)N)N)c3ccc(cc3)C(=O)N[C@@H](CCC(=O)O)C(=O)O
MTX,TYMS,5x66,402,C,1,N,2343,N10,147.906,175.236,49.475,MTX,CN(Cc1cnc2c(n1)c(nc(n2)N)N)c3ccc(cc3)C(=O)N[C@@H](CCC(=O)O)C(=O)O
MTX,TYMS,5x66,402,C,10,N,2333,N3,153.537,179.459,50.186,MTX,CN(Cc1cnc2c(n1)c(nc(n2)N)N)c3ccc(cc3)C(=O)N[C@@H](CCC(=O)O)C(=O)O
MTX,TYMS,5x66,402,C,8,N,2337,N5,150.577,177.496,50.436,MTX,CN(Cc1cnc2c(n1)c(nc(n2)N)N)c3ccc(cc3)C(=O)N[C@@H](CCC(=O)O)C(=O)O
MTX,TYMS,5x66,402,C,5,N,2340,N8,150.729,177.865,47.696,MTX,CN(Cc1cnc2c(n1)c(nc(n2)N)N)c3ccc(cc3)C(=O)N[C@@H](CCC(=O)O)C(=O)O
MTX,TYMS,5x66,402,C,13,N,2332,NA2,154.607,180.352,48.239,MTX,CN(Cc1cnc2c(n1)c(nc(n2)N)N)c3ccc(cc3)C(=O)N[C@@H](CCC(=O)O)C(=O)O
MTX,TYMS,5x66,402,C,14,N,2335,NA4,152.598,178.674,52.167,MTX,CN(Cc1cnc2c(n1)c(nc(n2)N)N)c3ccc(cc3)C(=O)N[C@@H](CCC(=O)O)C(=O)O
MTX,TYMS,5x66,402,C,22,O,2352,O,150.207,170.064,46.928,MTX,CN(Cc1cnc2c(n1)c(nc(n2)N)N)c3ccc(cc3)C(=O)N[C@@H](CCC(=O)O)C(=O)O
MTX,TYMS,5x66,402,C,31,O,2356,O1,150.969,167.191,47.588,MTX,CN(Cc1cnc2c(n1)c(nc(n2)N)N)c3ccc(cc3)C(=O)N[C@@H](CCC(=O)O)C(=O)O
MTX,TYMS,5x66,402,C,32,O,2357,O2,151.415,167.895,49.759,MTX,CN(Cc1cnc2c(n1)c(nc(n2)N)N)c3ccc(cc3)C(=O)N[C@@H](CCC(=O)O)C(=O)O
MTX,TYMS,5x66,402,C,28,O,2361,OE1,155.497,171.68,46.312,MTX,CN(Cc1cnc2c(n1)c(nc(n2)N)N)c3ccc(cc3)C(=O)N[C@@H](CCC(=O)O)C(=O)O
MTX,TYMS,5x66,402,C,29,O,2362,OE2,153.767,171.709,47.721,MTX,CN(Cc1cnc2c(n1)c(nc(n2)N)N)c3ccc(cc3)C(=O)N[C@@H](CCC(=O)O)C(=O)O
MTX,TYMS,5x66,402,D,21,C,2354,C,116.284,123.258,22.597,MTX,CN(Cc1cnc2c(n1)c(nc(n2)N)N)c3ccc(cc3)C(=O)N[C@@H](CCC(=O)O)C(=O)O
MTX,TYMS,5x66,402,D,18,C,2348,C11,117.334,124.031,23.3,MTX,CN(Cc1cnc2c(n1)c(nc(n2)N)N)c3ccc(cc3)C(=O)N[C@@H](CCC(=O)O)C(=O)O
MTX,TYMS,5x66,402,D,17,C,2349,C12,117.64,125.32,23.021,MTX,CN(Cc1cnc2c(n1)c(nc(n2)N)N)c3ccc(cc3)C(=O)N[C@@H](CCC(=O)O)C(=O)O
MTX,TYMS,5x66,402,D,16,C,2350,C13,118.727,125.95,23.621,MTX,CN(Cc1cnc2c(n1)c(nc(n2)N)N)c3ccc(cc3)C(=O)N[C@@H](CCC(=O)O)C(=O)O
MTX,TYMS,5x66,402,D,15,C,2351,C14,119.587,125.291,24.428,MTX,CN(Cc1cnc2c(n1)c(nc(n2)N)N)c3ccc(cc3)C(=O)N[C@@H](CCC(=O)O)C(=O)O
MTX,TYMS,5x66,402,D,20,C,2352,C15,119.308,123.917,24.627,MTX,CN(Cc1cnc2c(n1)c(nc(n2)N)N)c3ccc(cc3)C(=O)N[C@@H](CCC(=O)O)C(=O)O
MTX,TYMS,5x66,402,D,19,C,2353,C16,118.247,123.317,24.054,MTX,CN(Cc1cnc2c(n1)c(nc(n2)N)N)c3ccc(cc3)C(=O)N[C@@H](CCC(=O)O)C(=O)O
MTX,TYMS,5x66,402,D,11,C,2334,C2,125.079,120.263,23.35,MTX,CN(Cc1cnc2c(n1)c(nc(n2)N)N)c3ccc(cc3)C(=O)N[C@@H](CCC(=O)O)C(=O)O
MTX,TYMS,5x66,402,D,9,C,2337,C4,124.394,121.14,25.368,MTX,CN(Cc1cnc2c(n1)c(nc(n2)N)N)c3ccc(cc3)C(=O)N[C@@H](CCC(=O)O)C(=O)O
MTX,TYMS,5x66,402,D,7,C,2339,C4A,123.781,122.166,24.69,MTX,CN(Cc1cnc2c(n1)c(nc(n2)N)N)c3ccc(cc3)C(=O)N[C@@H](CCC(=O)O)C(=O)O
MTX,TYMS,5x66,402,D,3,C,2341,C6,122.494,124.131,24.796,MTX,CN(Cc1cnc2c(n1)c(nc(n2)N)N)c3ccc(cc3)C(=O)N[C@@H](CCC(=O)O)C(=O)O
MTX,TYMS,5x66,402,D,4,C,2342,C7,122.568,124.228,23.382,MTX,CN(Cc1cnc2c(n1)c(nc(n2)N)N)c3ccc(cc3)C(=O)N[C@@H](CCC(=O)O)C(=O)O
MTX,TYMS,5x66,402,D,6,C,2344,C8A,123.853,122.243,23.285,MTX,CN(Cc1cnc2c(n1)c(nc(n2)N)N)c3ccc(cc3)C(=O)N[C@@H](CCC(=O)O)C(=O)O
MTX,TYMS,5x66,402,D,2,C,2345,C9,121.766,125.118,25.67,MTX,CN(Cc1cnc2c(n1)c(nc(n2)N)N)c3ccc(cc3)C(=O)N[C@@H](CCC(=O)O)C(=O)O
MTX,TYMS,5x66,402,D,24,C,2357,CA,113.516,123.523,22.69,MTX,CN(Cc1cnc2c(n1)c(nc(n2)N)N)c3ccc(cc3)C(=O)N[C@@H](CCC(=O)O)C(=O)O
MTX,TYMS,5x66,402,D,25,C,2361,CB,112.503,123.665,21.545,MTX,CN(Cc1cnc2c(n1)c(nc(n2)N)N)c3ccc(cc3)C(=O)N[C@@H](CCC(=O)O)C(=O)O
MTX,TYMS,5x66,402,D,27,C,2363,CD,110.038,124.278,20.614,MTX,CN(Cc1cnc2c(n1)c(nc(n2)N)N)c3ccc(cc3)C(=O)N[C@@H](CCC(=O)O)C(=O)O
MTX,TYMS,5x66,402,D,26,C,2362,CG,110.962,123.59,21.692,MTX,CN(Cc1cnc2c(n1)c(nc(n2)N)N)c3ccc(cc3)C(=O)N[C@@H](CCC(=O)O)C(=O)O
MTX,TYMS,5x66,402,D,0,C,2347,CM,121.065,127.314,24.87,MTX,CN(Cc1cnc2c(n1)c(nc(n2)N)N)c3ccc(cc3)C(=O)N[C@@H](CCC(=O)O)C(=O)O
MTX,TYMS,5x66,402,D,30,C,2358,CT,113.308,122.371,23.566,MTX,CN(Cc1cnc2c(n1)c(nc(n2)N)N)c3ccc(cc3)C(=O)N[C@@H](CCC(=O)O)C(=O)O
MTX,TYMS,5x66,402,D,23,N,2356,N,114.815,123.064,22.231,MTX,CN(Cc1cnc2c(n1)c(nc(n2)N)N)c3ccc(cc3)C(=O)N[C@@H](CCC(=O)O)C(=O)O
MTX,TYMS,5x66,402,D,12,N,2333,N1,124.501,121.268,22.611,MTX,CN(Cc1cnc2c(n1)c(nc(n2)N)N)c3ccc(cc3)C(=O)N[C@@H](CCC(=O)O)C(=O)O
MTX,TYMS,5x66,402,D,1,N,2346,N10,120.739,125.919,25.005,MTX,CN(Cc1cnc2c(n1)c(nc(n2)N)N)c3ccc(cc3)C(=O)N[C@@H](CCC(=O)O)C(=O)O
MTX,TYMS,5x66,402,D,10,N,2336,N3,125.054,120.202,24.717,MTX,CN(Cc1cnc2c(n1)c(nc(n2)N)N)c3ccc(cc3)C(=O)N[C@@H](CCC(=O)O)C(=O)O
MTX,TYMS,5x66,402,D,8,N,2340,N5,123.147,123.104,25.403,MTX,CN(Cc1cnc2c(n1)c(nc(n2)N)N)c3ccc(cc3)C(=O)N[C@@H](CCC(=O)O)C(=O)O
MTX,TYMS,5x66,402,D,5,N,2343,N8,123.232,123.314,22.665,MTX,CN(Cc1cnc2c(n1)c(nc(n2)N)N)c3ccc(cc3)C(=O)N[C@@H](CCC(=O)O)C(=O)O
MTX,TYMS,5x66,402,D,13,N,2335,NA2,125.826,119.199,22.728,MTX,CN(Cc1cnc2c(n1)c(nc(n2)N)N)c3ccc(cc3)C(=O)N[C@@H](CCC(=O)O)C(=O)O
MTX,TYMS,5x66,402,D,14,N,2338,NA4,124.282,121.132,26.74,MTX,CN(Cc1cnc2c(n1)c(nc(n2)N)N)c3ccc(cc3)C(=O)N[C@@H](CCC(=O)O)C(=O)O
MTX,TYMS,5x66,402,D,22,O,2355,O,116.924,122.505,21.867,MTX,CN(Cc1cnc2c(n1)c(nc(n2)N)N)c3ccc(cc3)C(=O)N[C@@H](CCC(=O)O)C(=O)O
MTX,TYMS,5x66,402,D,31,O,2359,O1,112.716,121.332,23.091,MTX,CN(Cc1cnc2c(n1)c(nc(n2)N)N)c3ccc(cc3)C(=O)N[C@@H](CCC(=O)O)C(=O)O
MTX,TYMS,5x66,402,D,32,O,2360,O2,113.858,122.382,24.805,MTX,CN(Cc1cnc2c(n1)c(nc(n2)N)N)c3ccc(cc3)C(=O)N[C@@H](CCC(=O)O)C(=O)O
MTX,TYMS,5x66,402,D,28,O,2364,OE1,110.516,125.252,19.815,MTX,CN(Cc1cnc2c(n1)c(nc(n2)N)N)c3ccc(cc3)C(=O)N[C@@H](CCC(=O)O)C(=O)O
MTX,TYMS,5x66,402,D,29,O,2365,OE2,108.796,123.96,20.411,MTX,CN(Cc1cnc2c(n1)c(nc(n2)N)N)c3ccc(cc3)C(=O)N[C@@H](CCC(=O)O)C(=O)O
MTX,TYMS,5x66,402,E,21,C,2342,C,204.34,116.436,-0.694,MTX,CN(Cc1cnc2c(n1)c(nc(n2)N)N)c3ccc(cc3)C(=O)N[C@@H](CCC(=O)O)C(=O)O
MTX,TYMS,5x66,402,E,18,C,2336,C11,203.706,117.651,-0.11,MTX,CN(Cc1cnc2c(n1)c(nc(n2)N)N)c3ccc(cc3)C(=O)N[C@@H](CCC(=O)O)C(=O)O
MTX,TYMS,5x66,402,E,17,C,2337,C12,204.299,118.521,0.708,MTX,CN(Cc1cnc2c(n1)c(nc(n2)N)N)c3ccc(cc3)C(=O)N[C@@H](CCC(=O)O)C(=O)O
MTX,TYMS,5x66,402,E,16,C,2338,C13,203.629,119.618,1.211,MTX,CN(Cc1cnc2c(n1)c(nc(n2)N)N)c3ccc(cc3)C(=O)N[C@@H](CCC(=O)O)C(=O)O
MTX,TYMS,5x66,402,E,15,C,2339,C14,202.345,119.835,0.868,MTX,CN(Cc1cnc2c(n1)c(nc(n2)N)N)c3ccc(cc3)C(=O)N[C@@H](CCC(=O)O)C(=O)O
MTX,TYMS,5x66,402,E,20,C,2340,C15,201.728,118.959,0.009,MTX,CN(Cc1cnc2c(n1)c(nc(n2)N)N)c3ccc(cc3)C(=O)N[C@@H](CCC(=O)O)C(=O)O
MTX,TYMS,5x66,402,E,19,C,2341,C16,202.409,117.899,-0.464,MTX,CN(Cc1cnc2c(n1)c(nc(n2)N)N)c3ccc(cc3)C(=O)N[C@@H](CCC(=O)O)C(=O)O
MTX,TYMS,5x66,402,E,11,C,2322,C2,207.165,125.467,0.16,MTX,CN(Cc1cnc2c(n1)c(nc(n2)N)N)c3ccc(cc3)C(=O)N[C@@H](CCC(=O)O)C(=O)O
MTX,TYMS,5x66,402,E,9,C,2325,C4,206.218,124.794,2.169,MTX,CN(Cc1cnc2c(n1)c(nc(n2)N)N)c3ccc(cc3)C(=O)N[C@@H](CCC(=O)O)C(=O)O
MTX,TYMS,5x66,402,E,7,C,2327,C4A,205.247,124.101,1.451,MTX,CN(Cc1cnc2c(n1)c(nc(n2)N)N)c3ccc(cc3)C(=O)N[C@@H](CCC(=O)O)C(=O)O
MTX,TYMS,5x66,402,E,3,C,2329,C6,203.349,122.773,1.351,MTX,CN(Cc1cnc2c(n1)c(nc(n2)N)N)c3ccc(cc3)C(=O)N[C@@H](CCC(=O)O)C(=O)O
MTX,TYMS,5x66,402,E,4,C,2330,C7,203.392,122.82,-0.06,MTX,CN(Cc1cnc2c(n1)c(nc(n2)N)N)c3ccc(cc3)C(=O)N[C@@H](CCC(=O)O)C(=O)O
MTX,TYMS,5x66,402,E,6,C,2332,C8A,205.279,124.142,0.074,MTX,CN(Cc1cnc2c(n1)c(nc(n2)N)N)c3ccc(cc3)C(=O)N[C@@H](CCC(=O)O)C(=O)O
MTX,TYMS,5x66,402,E,2,C,2333,C9,202.307,121.996,2.094,MTX,CN(Cc1cnc2c(n1)c(nc(n2)N)N)c3ccc(cc3)C(=O)N[C@@H](CCC(=O)O)C(=O)O
MTX,TYMS,5x66,402,E,24,C,2345,CA,205.777,114.213,-0.591,MTX,CN(Cc1cnc2c(n1)c(nc(n2)N)N)c3ccc(cc3)C(=O)N[C@@H](CCC(=O)O)C(=O)O
MTX,TYMS,5x66,402,E,25,C,2349,CB,206.567,113.5,0.427,MTX,CN(Cc1cnc2c(n1)c(nc(n2)N)N)c3ccc(cc3)C(=O)N[C@@H](CCC(=O)O)C(=O)O
MTX,TYMS,5x66,402,E,27,C,2351,CD,205.042,113.081,2.593,MTX,CN(Cc1cnc2c(n1)c(nc(n2)N)N)c3ccc(cc3)C(=O)N[C@@H](CCC(=O)O)C(=O)O
MTX,TYMS,5x66,402,E,26,C,2350,CG,205.955,112.572,1.461,MTX,CN(Cc1cnc2c(n1)c(nc(n2)N)N)c3ccc(cc3)C(=O)N[C@@H](CCC(=O)O)C(=O)O
MTX,TYMS,5x66,402,E,0,C,2335,CM,200.255,121.114,1.046,MTX,CN(Cc1cnc2c(n1)c(nc(n2)N)N)c3ccc(cc3)C(=O)N[C@@H](CCC(=O)O)C(=O)O
MTX,TYMS,5x66,402,E,30,C,2346,CT,204.808,113.275,-1.199,MTX,CN(Cc1cnc2c(n1)c(nc(n2)N)N)c3ccc(cc3)C(=O)N[C@@H](CCC(=O)O)C(=O)O
MTX,TYMS,5x66,402,E,23,N,2344,N,205.197,115.408,0.028,MTX,CN(Cc1cnc2c(n1)c(nc(n2)N)N)c3ccc(cc3)C(=O)N[C@@H](CCC(=O)O)C(=O)O
MTX,TYMS,5x66,402,E,12,N,2321,N1,206.238,124.82,-0.5,MTX,CN(Cc1cnc2c(n1)c(nc(n2)N)N)c3ccc(cc3)C(=O)N[C@@H](CCC(=O)O)C(=O)O
MTX,TYMS,5x66,402,E,1,N,2334,N10,201.63,120.967,1.35,MTX,CN(Cc1cnc2c(n1)c(nc(n2)N)N)c3ccc(cc3)C(=O)N[C@@H](CCC(=O)O)C(=O)O
MTX,TYMS,5x66,402,E,10,N,2324,N3,207.172,125.471,1.499,MTX,CN(Cc1cnc2c(n1)c(nc(n2)N)N)c3ccc(cc3)C(=O)N[C@@H](CCC(=O)O)C(=O)O
MTX,TYMS,5x66,402,E,8,N,2328,N5,204.294,123.429,2.05,MTX,CN(Cc1cnc2c(n1)c(nc(n2)N)N)c3ccc(cc3)C(=O)N[C@@H](CCC(=O)O)C(=O)O
MTX,TYMS,5x66,402,E,5,N,2331,N8,204.34,123.493,-0.678,MTX,CN(Cc1cnc2c(n1)c(nc(n2)N)N)c3ccc(cc3)C(=O)N[C@@H](CCC(=O)O)C(=O)O
MTX,TYMS,5x66,402,E,13,N,2323,NA2,208.123,126.16,-0.637,MTX,CN(Cc1cnc2c(n1)c(nc(n2)N)N)c3ccc(cc3)C(=O)N[C@@H](CCC(=O)O)C(=O)O
MTX,TYMS,5x66,402,E,14,N,2326,NA4,206.183,124.762,3.539,MTX,CN(Cc1cnc2c(n1)c(nc(n2)N)N)c3ccc(cc3)C(=O)N[C@@H](CCC(=O)O)C(=O)O
MTX,TYMS,5x66,402,E,22,O,2343,O,204.118,116.226,-1.855,MTX,CN(Cc1cnc2c(n1)c(nc(n2)N)N)c3ccc(cc3)C(=O)N[C@@H](CCC(=O)O)C(=O)O
MTX,TYMS,5x66,402,E,31,O,2347,O1,204.72,112.022,-0.871,MTX,CN(Cc1cnc2c(n1)c(nc(n2)N)N)c3ccc(cc3)C(=O)N[C@@H](CCC(=O)O)C(=O)O
MTX,TYMS,5x66,402,E,32,O,2348,O2,204.003,113.696,-2.178,MTX,CN(Cc1cnc2c(n1)c(nc(n2)N)N)c3ccc(cc3)C(=O)N[C@@H](CCC(=O)O)C(=O)O
MTX,TYMS,5x66,402,E,28,O,2352,OE1,204.029,112.296,3.079,MTX,CN(Cc1cnc2c(n1)c(nc(n2)N)N)c3ccc(cc3)C(=O)N[C@@H](CCC(=O)O)C(=O)O
MTX,TYMS,5x66,402,E,29,O,2353,OE2,205.338,114.263,3.037,MTX,CN(Cc1cnc2c(n1)c(nc(n2)N)N)c3ccc(cc3)C(=O)N[C@@H](CCC(=O)O)C(=O)O
MTX,TYMS,5x66,402,F,21,C,2354,C,123.206,211.291,46.005,MTX,CN(Cc1cnc2c(n1)c(nc(n2)N)N)c3ccc(cc3)C(=O)N[C@@H](CCC(=O)O)C(=O)O
MTX,TYMS,5x66,402,F,18,C,2348,C11,123.869,210.174,46.763,MTX,CN(Cc1cnc2c(n1)c(nc(n2)N)N)c3ccc(cc3)C(=O)N[C@@H](CCC(=O)O)C(=O)O
MTX,TYMS,5x66,402,F,17,C,2349,C12,125.179,209.87,46.51,MTX,CN(Cc1cnc2c(n1)c(nc(n2)N)N)c3ccc(cc3)C(=O)N[C@@H](CCC(=O)O)C(=O)O
MTX,TYMS,5x66,402,F,16,C,2350,C13,125.851,208.851,47.139,MTX,CN(Cc1cnc2c(n1)c(nc(n2)N)N)c3ccc(cc3)C(=O)N[C@@H](CCC(=O)O)C(=O)O
MTX,TYMS,5x66,402,F,15,C,2351,C14,125.213,208.08,48.064,MTX,CN(Cc1cnc2c(n1)c(nc(n2)N)N)c3ccc(cc3)C(=O)N[C@@H](CCC(=O)O)C(=O)O
MTX,TYMS,5x66,402,F,20,C,2352,C15,123.835,208.366,48.311,MTX,CN(Cc1cnc2c(n1)c(nc(n2)N)N)c3ccc(cc3)C(=O)N[C@@H](CCC(=O)O)C(=O)O
MTX,TYMS,5x66,402,F,19,C,2353,C16,123.179,209.384,47.669,MTX,CN(Cc1cnc2c(n1)c(nc(n2)N)N)c3ccc(cc3)C(=O)N[C@@H](CCC(=O)O)C(=O)O
MTX,TYMS,5x66,402,F,11,C,2334,C2,120.386,202.47,46.808,MTX,CN(Cc1cnc2c(n1)c(nc(n2)N)N)c3ccc(cc3)C(=O)N[C@@H](CCC(=O)O)C(=O)O
MTX,TYMS,5x66,402,F,9,C,2337,C4,121.237,203.082,48.924,MTX,CN(Cc1cnc2c(n1)c(nc(n2)N)N)c3ccc(cc3)C(=O)N[C@@H](CCC(=O)O)C(=O)O
MTX,TYMS,5x66,402,F,7,C,2339,C4A,122.253,203.787,48.25,MTX,CN(Cc1cnc2c(n1)c(nc(n2)N)N)c3ccc(cc3)C(=O)N[C@@H](CCC(=O)O)C(=O)O
MTX,TYMS,5x66,402,F,3,C,2341,C6,124.21,205.114,48.371,MTX,CN(Cc1cnc2c(n1)c(nc(n2)N)N)c3ccc(cc3)C(=O)N[C@@H](CCC(=O)O)C(=O)O
MTX,TYMS,5x66,402,F,4,C,2342,C7,124.266,205.123,46.924,MTX,CN(Cc1cnc2c(n1)c(nc(n2)N)N)c3ccc(cc3)C(=O)N[C@@H](CCC(=O)O)C(=O)O
MTX,TYMS,5x66,402,F,6,C,2344,C8A,122.312,203.802,46.818,MTX,CN(Cc1cnc2c(n1)c(nc(n2)N)N)c3ccc(cc3)C(=O)N[C@@H](CCC(=O)O)C(=O)O
MTX,TYMS,5x66,402,F,2,C,2345,C9,125.208,205.836,49.254,MTX,CN(Cc1cnc2c(n1)c(nc(n2)N)N)c3ccc(cc3)C(=O)N[C@@H](CCC(=O)O)C(=O)O
MTX,TYMS,5x66,402,F,24,C,2357,CA,123.685,213.609,44.607,MTX,CN(Cc1cnc2c(n1)c(nc(n2)N)N)c3ccc(cc3)C(=O)N[C@@H](CCC(=O)O)C(=O)O
MTX,TYMS,5x66,402,F,25,C,2361,CB,123.0,213.15,43.326,MTX,CN(Cc1cnc2c(n1)c(nc(n2)N)N)c3ccc(cc3)C(=O)N[C@@H](CCC(=O)O)C(=O)O
MTX,TYMS,5x66,402,F,27,C,2363,CD,123.584,211.865,40.959,MTX,CN(Cc1cnc2c(n1)c(nc(n2)N)N)c3ccc(cc3)C(=O)N[C@@H](CCC(=O)O)C(=O)O
MTX,TYMS,5x66,402,F,26,C,2362,CG,123.591,211.971,42.52,MTX,CN(Cc1cnc2c(n1)c(nc(n2)N)N)c3ccc(cc3)C(=O)N[C@@H](CCC(=O)O)C(=O)O
MTX,TYMS,5x66,402,F,0,C,2347,CM,127.378,206.958,48.684,MTX,CN(Cc1cnc2c(n1)c(nc(n2)N)N)c3ccc(cc3)C(=O)N[C@@H](CCC(=O)O)C(=O)O
MTX,TYMS,5x66,402,F,30,C,2358,CT,123.032,214.67,45.458,MTX,CN(Cc1cnc2c(n1)c(nc(n2)N)N)c3ccc(cc3)C(=O)N[C@@H](CCC(=O)O)C(=O)O
MTX,TYMS,5x66,402,F,23,N,2356,N,124.069,212.424,45.425,MTX,CN(Cc1cnc2c(n1)c(nc(n2)N)N)c3ccc(cc3)C(=O)N[C@@H](CCC(=O)O)C(=O)O
MTX,TYMS,5x66,402,F,12,N,2333,N1,121.368,203.121,46.112,MTX,CN(Cc1cnc2c(n1)c(nc(n2)N)N)c3ccc(cc3)C(=O)N[C@@H](CCC(=O)O)C(=O)O
MTX,TYMS,5x66,402,F,1,N,2346,N10,125.936,206.976,48.681,MTX,CN(Cc1cnc2c(n1)c(nc(n2)N)N)c3ccc(cc3)C(=O)N[C@@H](CCC(=O)O)C(=O)O
MTX,TYMS,5x66,402,F,10,N,2336,N3,120.324,202.412,48.201,MTX,CN(Cc1cnc2c(n1)c(nc(n2)N)N)c3ccc(cc3)C(=O)N[C@@H](CCC(=O)O)C(=O)O
MTX,TYMS,5x66,402,F,8,N,2340,N5,123.197,204.432,48.979,MTX,CN(Cc1cnc2c(n1)c(nc(n2)N)N)c3ccc(cc3)C(=O)N[C@@H](CCC(=O)O)C(=O)O
MTX,TYMS,5x66,402,F,5,N,2343,N8,123.344,204.492,46.175,MTX,CN(Cc1cnc2c(n1)c(nc(n2)N)N)c3ccc(cc3)C(=O)N[C@@H](CCC(=O)O)C(=O)O
MTX,TYMS,5x66,402,F,13,N,2335,NA2,119.349,201.789,46.068,MTX,CN(Cc1cnc2c(n1)c(nc(n2)N)N)c3ccc(cc3)C(=O)N[C@@H](CCC(=O)O)C(=O)O
MTX,TYMS,5x66,402,F,14,N,2338,NA4,121.192,203.073,50.334,MTX,CN(Cc1cnc2c(n1)c(nc(n2)N)N)c3ccc(cc3)C(=O)N[C@@H](CCC(=O)O)C(=O)O
MTX,TYMS,5x66,402,F,22,O,2355,O,121.977,211.222,45.827,MTX,CN(Cc1cnc2c(n1)c(nc(n2)N)N)c3ccc(cc3)C(=O)N[C@@H](CCC(=O)O)C(=O)O
MTX,TYMS,5x66,402,F,31,O,2359,O1,123.447,215.931,45.377,MTX,CN(Cc1cnc2c(n1)c(nc(n2)N)N)c3ccc(cc3)C(=O)N[C@@H](CCC(=O)O)C(=O)O
MTX,TYMS,5x66,402,F,32,O,2360,O2,122.055,214.338,46.356,MTX,CN(Cc1cnc2c(n1)c(nc(n2)N)N)c3ccc(cc3)C(=O)N[C@@H](CCC(=O)O)C(=O)O
MTX,TYMS,5x66,402,F,28,O,2364,OE1,123.025,210.796,40.321,MTX,CN(Cc1cnc2c(n1)c(nc(n2)N)N)c3ccc(cc3)C(=O)N[C@@H](CCC(=O)O)C(=O)O
MTX,TYMS,5x66,402,F,29,O,2365,OE2,124.153,212.793,40.26,MTX,CN(Cc1cnc2c(n1)c(nc(n2)N)N)c3ccc(cc3)C(=O)N[C@@H](CCC(=O)O)C(=O)O
NOH,TYMS,4ez8,401,A,4,C,2608,C1',22.9,-12.14,10.212,NOH,C1[C@@H]([C@H](O[C@H]1N2C=CC(=NC2=O)NO)COP(=O)(O)O)O
NOH,TYMS,4ez8,401,A,10,C,2600,C2,23.282,-12.474,7.824,NOH,C1[C@@H]([C@H](O[C@H]1N2C=CC(=NC2=O)NO)COP(=O)(O)O)O
NOH,TYMS,4ez8,401,A,0,C,2609,C2',23.242,-10.706,10.632,NOH,C1[C@@H]([C@H](O[C@H]1N2C=CC(=NC2=O)NO)COP(=O)(O)O)O
NOH,TYMS,4ez8,401,A,1,C,2610,C3',22.994,-10.8,12.123,NOH,C1[C@@H]([C@H](O[C@H]1N2C=CC(=NC2=O)NO)COP(=O)(O)O)O
NOH,TYMS,4ez8,401,A,8,C,2602,C4,21.354,-13.286,6.397,NOH,C1[C@@H]([C@H](O[C@H]1N2C=CC(=NC2=O)NO)COP(=O)(O)O)O
NOH,TYMS,4ez8,401,A,2,C,2613,C4',21.747,-11.69,12.186,NOH,C1[C@@H]([C@H](O[C@H]1N2C=CC(=NC2=O)NO)COP(=O)(O)O)O
NOH,TYMS,4ez8,401,A,7,C,2605,C5,20.421,-13.091,7.529,NOH,C1[C@@H]([C@H](O[C@H]1N2C=CC(=NC2=O)NO)COP(=O)(O)O)O
NOH,TYMS,4ez8,401,A,14,C,2614,C5',20.447,-10.926,12.033,NOH,C1[C@@H]([C@H](O[C@H]1N2C=CC(=NC2=O)NO)COP(=O)(O)O)O
NOH,TYMS,4ez8,401,A,6,C,2606,C6,20.872,-12.071,8.621,NOH,C1[C@@H]([C@H](O[C@H]1N2C=CC(=NC2=O)NO)COP(=O)(O)O)O
NOH,TYMS,4ez8,401,A,5,N,2607,N1,22.349,-12.248,8.813,NOH,C1[C@@H]([C@H](O[C@H]1N2C=CC(=NC2=O)NO)COP(=O)(O)O)O
NOH,TYMS,4ez8,401,A,9,N,2601,N3,22.695,-12.814,6.587,NOH,C1[C@@H]([C@H](O[C@H]1N2C=CC(=NC2=O)NO)COP(=O)(O)O)O
NOH,TYMS,4ez8,401,A,12,N,2603,N4,21.13,-13.867,5.29,NOH,C1[C@@H]([C@H](O[C@H]1N2C=CC(=NC2=O)NO)COP(=O)(O)O)O
NOH,TYMS,4ez8,401,A,11,O,2599,O2,24.489,-12.376,7.941,NOH,C1[C@@H]([C@H](O[C@H]1N2C=CC(=NC2=O)NO)COP(=O)(O)O)O
NOH,TYMS,4ez8,401,A,20,O,2611,O3',24.064,-11.521,12.807,NOH,C1[C@@H]([C@H](O[C@H]1N2C=CC(=NC2=O)NO)COP(=O)(O)O)O
NOH,TYMS,4ez8,401,A,13,O,2604,O4,19.748,-14.245,5.26,NOH,C1[C@@H]([C@H](O[C@H]1N2C=CC(=NC2=O)NO)COP(=O)(O)O)O
NOH,TYMS,4ez8,401,A,3,O,2612,O4',21.874,-12.598,11.088,NOH,C1[C@@H]([C@H](O[C@H]1N2C=CC(=NC2=O)NO)COP(=O)(O)O)O
NOH,TYMS,4ez8,401,A,15,O,2615,O5',20.274,-10.146,13.271,NOH,C1[C@@H]([C@H](O[C@H]1N2C=CC(=NC2=O)NO)COP(=O)(O)O)O
NOH,TYMS,4ez8,401,A,17,O,2617,OP1,20.955,-7.837,12.432,NOH,C1[C@@H]([C@H](O[C@H]1N2C=CC(=NC2=O)NO)COP(=O)(O)O)O
NOH,TYMS,4ez8,401,A,18,O,2618,OP2,18.512,-8.476,12.565,NOH,C1[C@@H]([C@H](O[C@H]1N2C=CC(=NC2=O)NO)COP(=O)(O)O)O
NOH,TYMS,4ez8,401,A,19,O,2619,OP3,19.904,-8.241,14.703,NOH,C1[C@@H]([C@H](O[C@H]1N2C=CC(=NC2=O)NO)COP(=O)(O)O)O
NOH,TYMS,4ez8,401,A,16,P,2616,P,19.877,-8.583,13.21,NOH,C1[C@@H]([C@H](O[C@H]1N2C=CC(=NC2=O)NO)COP(=O)(O)O)O
NOH,TYMS,6f6z,501,A,4,C,2335,C1',98.345,-9.025,32.117,NOH,C1[C@@H]([C@H](O[C@H]1N2C=CC(=NC2=O)NO)COP(=O)(O)O)O
NOH,TYMS,6f6z,501,A,10,C,2327,C2,98.365,-11.514,32.67,NOH,C1[C@@H]([C@H](O[C@H]1N2C=CC(=NC2=O)NO)COP(=O)(O)O)O
NOH,TYMS,6f6z,501,A,0,C,2336,C2',99.315,-8.791,31.365,NOH,C1[C@@H]([C@H](O[C@H]1N2C=CC(=NC2=O)NO)COP(=O)(O)O)O
NOH,TYMS,6f6z,501,A,1,C,2337,C3',99.194,-7.195,31.109,NOH,C1[C@@H]([C@H](O[C@H]1N2C=CC(=NC2=O)NO)COP(=O)(O)O)O
NOH,TYMS,6f6z,501,A,8,C,2329,C4,96.589,-12.994,31.761,NOH,C1[C@@H]([C@H](O[C@H]1N2C=CC(=NC2=O)NO)COP(=O)(O)O)O
NOH,TYMS,6f6z,501,A,2,C,2340,C4',97.949,-7.001,30.859,NOH,C1[C@@H]([C@H](O[C@H]1N2C=CC(=NC2=O)NO)COP(=O)(O)O)O
NOH,TYMS,6f6z,501,A,7,C,2332,C5,95.995,-11.861,31.061,NOH,C1[C@@H]([C@H](O[C@H]1N2C=CC(=NC2=O)NO)COP(=O)(O)O)O
NOH,TYMS,6f6z,501,A,14,C,2341,C5',97.616,-7.281,29.356,NOH,C1[C@@H]([C@H](O[C@H]1N2C=CC(=NC2=O)NO)COP(=O)(O)O)O
NOH,TYMS,6f6z,501,A,6,C,2333,C6,96.59,-10.532,31.198,NOH,C1[C@@H]([C@H](O[C@H]1N2C=CC(=NC2=O)NO)COP(=O)(O)O)O
NOH,TYMS,6f6z,501,A,5,N,2334,N1,97.771,-10.371,31.971,NOH,C1[C@@H]([C@H](O[C@H]1N2C=CC(=NC2=O)NO)COP(=O)(O)O)O
NOH,TYMS,6f6z,501,A,9,N,2328,N3,97.75,-12.828,32.543,NOH,C1[C@@H]([C@H](O[C@H]1N2C=CC(=NC2=O)NO)COP(=O)(O)O)O
NOH,TYMS,6f6z,501,A,12,N,2330,N4,95.99,-14.266,31.633,NOH,C1[C@@H]([C@H](O[C@H]1N2C=CC(=NC2=O)NO)COP(=O)(O)O)O
NOH,TYMS,6f6z,501,A,11,O,2326,O2,99.366,-11.366,33.346,NOH,C1[C@@H]([C@H](O[C@H]1N2C=CC(=NC2=O)NO)COP(=O)(O)O)O
NOH,TYMS,6f6z,501,A,20,O,2338,O3',99.615,-6.451,32.313,NOH,C1[C@@H]([C@H](O[C@H]1N2C=CC(=NC2=O)NO)COP(=O)(O)O)O
NOH,TYMS,6f6z,501,A,13,O,2331,O4,94.862,-14.394,30.867,NOH,C1[C@@H]([C@H](O[C@H]1N2C=CC(=NC2=O)NO)COP(=O)(O)O)O
NOH,TYMS,6f6z,501,A,3,O,2339,O4',97.237,-8.023,31.731,NOH,C1[C@@H]([C@H](O[C@H]1N2C=CC(=NC2=O)NO)COP(=O)(O)O)O
NOH,TYMS,6f6z,501,A,15,O,2342,O5',97.941,-6.127,28.608,NOH,C1[C@@H]([C@H](O[C@H]1N2C=CC(=NC2=O)NO)COP(=O)(O)O)O
NOH,TYMS,6f6z,501,A,17,O,2344,OP1,99.157,-4.864,26.838,NOH,C1[C@@H]([C@H](O[C@H]1N2C=CC(=NC2=O)NO)COP(=O)(O)O)O
NOH,TYMS,6f6z,501,A,18,O,2345,OP2,97.974,-6.947,26.224,NOH,C1[C@@H]([C@H](O[C@H]1N2C=CC(=NC2=O)NO)COP(=O)(O)O)O
NOH,TYMS,6f6z,501,A,19,O,2346,OP3,100.032,-7.071,27.548,NOH,C1[C@@H]([C@H](O[C@H]1N2C=CC(=NC2=O)NO)COP(=O)(O)O)O
NOH,TYMS,6f6z,501,A,16,P,2343,P,98.795,-6.255,27.278,NOH,C1[C@@H]([C@H](O[C@H]1N2C=CC(=NC2=O)NO)COP(=O)(O)O)O
NOH,TYMS,6f6z,501,B,4,C,2335,C1',116.607,-29.75,15.74,NOH,C1[C@@H]([C@H](O[C@H]1N2C=CC(=NC2=O)NO)COP(=O)(O)O)O
NOH,TYMS,6f6z,501,B,10,C,2327,C2,117.12,-27.288,15.738,NOH,C1[C@@H]([C@H](O[C@H]1N2C=CC(=NC2=O)NO)COP(=O)(O)O)O
NOH,TYMS,6f6z,501,B,0,C,2336,C2',115.708,-29.936,16.596,NOH,C1[C@@H]([C@H](O[C@H]1N2C=CC(=NC2=O)NO)COP(=O)(O)O)O
NOH,TYMS,6f6z,501,B,1,C,2337,C3',115.542,-31.544,16.56,NOH,C1[C@@H]([C@H](O[C@H]1N2C=CC(=NC2=O)NO)COP(=O)(O)O)O
NOH,TYMS,6f6z,501,B,8,C,2329,C4,116.354,-25.823,13.878,NOH,C1[C@@H]([C@H](O[C@H]1N2C=CC(=NC2=O)NO)COP(=O)(O)O)O
NOH,TYMS,6f6z,501,B,2,C,2340,C4',115.416,-31.788,15.311,NOH,C1[C@@H]([C@H](O[C@H]1N2C=CC(=NC2=O)NO)COP(=O)(O)O)O
NOH,TYMS,6f6z,501,B,7,C,2332,C5,115.726,-26.97,13.231,NOH,C1[C@@H]([C@H](O[C@H]1N2C=CC(=NC2=O)NO)COP(=O)(O)O)O
NOH,TYMS,6f6z,501,B,14,C,2341,C5',113.962,-31.479,14.858,NOH,C1[C@@H]([C@H](O[C@H]1N2C=CC(=NC2=O)NO)COP(=O)(O)O)O
NOH,TYMS,6f6z,501,B,6,C,2333,C6,115.829,-28.299,13.854,NOH,C1[C@@H]([C@H](O[C@H]1N2C=CC(=NC2=O)NO)COP(=O)(O)O)O
NOH,TYMS,6f6z,501,B,5,N,2334,N1,116.497,-28.44,15.104,NOH,C1[C@@H]([C@H](O[C@H]1N2C=CC(=NC2=O)NO)COP(=O)(O)O)O
NOH,TYMS,6f6z,501,B,9,N,2328,N3,117.031,-25.978,15.103,NOH,C1[C@@H]([C@H](O[C@H]1N2C=CC(=NC2=O)NO)COP(=O)(O)O)O
NOH,TYMS,6f6z,501,B,12,N,2330,N4,116.284,-24.544,13.276,NOH,C1[C@@H]([C@H](O[C@H]1N2C=CC(=NC2=O)NO)COP(=O)(O)O)O
NOH,TYMS,6f6z,501,B,11,O,2326,O2,117.705,-27.433,16.787,NOH,C1[C@@H]([C@H](O[C@H]1N2C=CC(=NC2=O)NO)COP(=O)(O)O)O
NOH,TYMS,6f6z,501,B,20,O,2338,O3',116.775,-32.17,17.081,NOH,C1[C@@H]([C@H](O[C@H]1N2C=CC(=NC2=O)NO)COP(=O)(O)O)O
NOH,TYMS,6f6z,501,B,13,O,2331,O4,115.617,-24.414,12.087,NOH,C1[C@@H]([C@H](O[C@H]1N2C=CC(=NC2=O)NO)COP(=O)(O)O)O
NOH,TYMS,6f6z,501,B,3,O,2339,O4',116.361,-30.796,14.647,NOH,C1[C@@H]([C@H](O[C@H]1N2C=CC(=NC2=O)NO)COP(=O)(O)O)O
NOH,TYMS,6f6z,501,B,15,O,2342,O5',113.207,-32.648,15.057,NOH,C1[C@@H]([C@H](O[C@H]1N2C=CC(=NC2=O)NO)COP(=O)(O)O)O
NOH,TYMS,6f6z,501,B,17,O,2344,OP1,111.383,-33.999,16.043,NOH,C1[C@@H]([C@H](O[C@H]1N2C=CC(=NC2=O)NO)COP(=O)(O)O)O
NOH,TYMS,6f6z,501,B,18,O,2345,OP2,110.839,-31.802,15.085,NOH,C1[C@@H]([C@H](O[C@H]1N2C=CC(=NC2=O)NO)COP(=O)(O)O)O
NOH,TYMS,6f6z,501,B,19,O,2346,OP3,112.032,-31.931,17.226,NOH,C1[C@@H]([C@H](O[C@H]1N2C=CC(=NC2=O)NO)COP(=O)(O)O)O
NOH,TYMS,6f6z,501,B,16,P,2343,P,111.858,-32.587,15.875,NOH,C1[C@@H]([C@H](O[C@H]1N2C=CC(=NC2=O)NO)COP(=O)(O)O)O
OE7,TYMS,6pf3,601,A,10,C,2221,C1,-3.027,9.319,23.473,OE7,c1cc(ccc1Cc2c[nH]c3c2C(=O)NC(=N3)N)C(=O)Nc4cc(ccc4C(=O)O)Cl
OE7,TYMS,6pf3,601,A,3,C,2235,C10,-6.01,3.939,26.134,OE7,c1cc(ccc1Cc2c[nH]c3c2C(=O)NC(=N3)N)C(=O)Nc4cc(ccc4C(=O)O)Cl
OE7,TYMS,6pf3,601,A,2,C,2236,C11,-5.765,3.365,24.866,OE7,c1cc(ccc1Cc2c[nH]c3c2C(=O)NC(=N3)N)C(=O)Nc4cc(ccc4C(=O)O)Cl
OE7,TYMS,6pf3,601,A,1,C,2237,C12,-4.783,3.943,24.03,OE7,c1cc(ccc1Cc2c[nH]c3c2C(=O)NC(=N3)N)C(=O)Nc4cc(ccc4C(=O)O)Cl
OE7,TYMS,6pf3,601,A,0,C,2238,C13,-4.055,5.071,24.458,OE7,c1cc(ccc1Cc2c[nH]c3c2C(=O)NC(=N3)N)C(=O)Nc4cc(ccc4C(=O)O)Cl
OE7,TYMS,6pf3,601,A,18,C,2239,C14,-6.552,2.166,24.419,OE7,c1cc(ccc1Cc2c[nH]c3c2C(=O)NC(=N3)N)C(=O)Nc4cc(ccc4C(=O)O)Cl
OE7,TYMS,6pf3,601,A,21,C,2240,C15,-6.601,0.448,22.58,OE7,c1cc(ccc1Cc2c[nH]c3c2C(=O)NC(=N3)N)C(=O)Nc4cc(ccc4C(=O)O)Cl
OE7,TYMS,6pf3,601,A,22,C,2241,C16,-7.84,-0.154,22.921,OE7,c1cc(ccc1Cc2c[nH]c3c2C(=O)NC(=N3)N)C(=O)Nc4cc(ccc4C(=O)O)Cl
OE7,TYMS,6pf3,601,A,23,C,2242,C17,-8.322,-1.27,22.22,OE7,c1cc(ccc1Cc2c[nH]c3c2C(=O)NC(=N3)N)C(=O)Nc4cc(ccc4C(=O)O)Cl
OE7,TYMS,6pf3,601,A,24,C,2243,C18,-7.576,-1.803,21.159,OE7,c1cc(ccc1Cc2c[nH]c3c2C(=O)NC(=N3)N)C(=O)Nc4cc(ccc4C(=O)O)Cl
OE7,TYMS,6pf3,601,A,25,C,2244,C19,-6.347,-1.22,20.802,OE7,c1cc(ccc1Cc2c[nH]c3c2C(=O)NC(=N3)N)C(=O)Nc4cc(ccc4C(=O)O)Cl
OE7,TYMS,6pf3,601,A,11,C,2224,C2,-3.867,8.644,24.319,OE7,c1cc(ccc1Cc2c[nH]c3c2C(=O)NC(=N3)N)C(=O)Nc4cc(ccc4C(=O)O)Cl
OE7,TYMS,6pf3,601,A,26,C,2245,C20,-5.842,-0.094,21.498,OE7,c1cc(ccc1Cc2c[nH]c3c2C(=O)NC(=N3)N)C(=O)Nc4cc(ccc4C(=O)O)Cl
OE7,TYMS,6pf3,601,A,27,C,2246,C21,-4.516,0.488,21.066,OE7,c1cc(ccc1Cc2c[nH]c3c2C(=O)NC(=N3)N)C(=O)Nc4cc(ccc4C(=O)O)Cl
OE7,TYMS,6pf3,601,A,12,C,2227,C3,-5.313,8.936,24.2,OE7,c1cc(ccc1Cc2c[nH]c3c2C(=O)NC(=N3)N)C(=O)Nc4cc(ccc4C(=O)O)Cl
OE7,TYMS,6pf3,601,A,15,C,2230,C4,-4.684,10.475,22.453,OE7,c1cc(ccc1Cc2c[nH]c3c2C(=O)NC(=N3)N)C(=O)Nc4cc(ccc4C(=O)O)Cl
OE7,TYMS,6pf3,601,A,7,C,2232,C5,-3.065,7.778,25.135,OE7,c1cc(ccc1Cc2c[nH]c3c2C(=O)NC(=N3)N)C(=O)Nc4cc(ccc4C(=O)O)Cl
OE7,TYMS,6pf3,601,A,8,C,2234,C6,-1.759,7.976,24.75,OE7,c1cc(ccc1Cc2c[nH]c3c2C(=O)NC(=N3)N)C(=O)Nc4cc(ccc4C(=O)O)Cl
OE7,TYMS,6pf3,601,A,6,C,2247,C7,-3.535,6.844,26.222,OE7,c1cc(ccc1Cc2c[nH]c3c2C(=O)NC(=N3)N)C(=O)Nc4cc(ccc4C(=O)O)Cl
OE7,TYMS,6pf3,601,A,5,C,2248,C8,-4.302,5.633,25.727,OE7,c1cc(ccc1Cc2c[nH]c3c2C(=O)NC(=N3)N)C(=O)Nc4cc(ccc4C(=O)O)Cl
OE7,TYMS,6pf3,601,A,4,C,2249,C9,-5.281,5.062,26.564,OE7,c1cc(ccc1Cc2c[nH]c3c2C(=O)NC(=N3)N)C(=O)Nc4cc(ccc4C(=O)O)Cl
OE7,TYMS,6pf3,601,A,30,Cl,2250,CL1,-9.83,-1.979,22.662,OE7,c1cc(ccc1Cc2c[nH]c3c2C(=O)NC(=N3)N)C(=O)Nc4cc(ccc4C(=O)O)Cl
OE7,TYMS,6pf3,601,A,16,N,2220,N1,-3.401,10.251,22.517,OE7,c1cc(ccc1Cc2c[nH]c3c2C(=O)NC(=N3)N)C(=O)Nc4cc(ccc4C(=O)O)Cl
OE7,TYMS,6pf3,601,A,14,N,2223,N2,-5.642,9.846,23.265,OE7,c1cc(ccc1Cc2c[nH]c3c2C(=O)NC(=N3)N)C(=O)Nc4cc(ccc4C(=O)O)Cl
OE7,TYMS,6pf3,601,A,9,N,2226,N3,-1.742,8.914,23.738,OE7,c1cc(ccc1Cc2c[nH]c3c2C(=O)NC(=N3)N)C(=O)Nc4cc(ccc4C(=O)O)Cl
OE7,TYMS,6pf3,601,A,17,N,2229,N4,-5.273,11.362,21.576,OE7,c1cc(ccc1Cc2c[nH]c3c2C(=O)NC(=N3)N)C(=O)Nc4cc(ccc4C(=O)O)Cl
OE7,TYMS,6pf3,601,A,20,N,2233,N5,-6.107,1.585,23.289,OE7,c1cc(ccc1Cc2c[nH]c3c2C(=O)NC(=N3)N)C(=O)Nc4cc(ccc4C(=O)O)Cl
OE7,TYMS,6pf3,601,A,13,O,2222,O1,-6.158,8.392,24.904,OE7,c1cc(ccc1Cc2c[nH]c3c2C(=O)NC(=N3)N)C(=O)Nc4cc(ccc4C(=O)O)Cl
OE7,TYMS,6pf3,601,A,19,O,2225,O2,-7.507,1.778,25.095,OE7,c1cc(ccc1Cc2c[nH]c3c2C(=O)NC(=N3)N)C(=O)Nc4cc(ccc4C(=O)O)Cl
OE7,TYMS,6pf3,601,A,28,O,2228,O3,-4.456,1.85,21.131,OE7,c1cc(ccc1Cc2c[nH]c3c2C(=O)NC(=N3)N)C(=O)Nc4cc(ccc4C(=O)O)Cl
OE7,TYMS,6pf3,601,A,29,O,2231,O4,-3.568,-0.204,20.692,OE7,c1cc(ccc1Cc2c[nH]c3c2C(=O)NC(=N3)N)C(=O)Nc4cc(ccc4C(=O)O)Cl
OE7,TYMS,6pf3,601,B,10,C,2230,C1,35.833,15.136,17.283,OE7,c1cc(ccc1Cc2c[nH]c3c2C(=O)NC(=N3)N)C(=O)Nc4cc(ccc4C(=O)O)Cl
OE7,TYMS,6pf3,601,B,3,C,2244,C10,30.307,12.246,14.752,OE7,c1cc(ccc1Cc2c[nH]c3c2C(=O)NC(=N3)N)C(=O)Nc4cc(ccc4C(=O)O)Cl
OE7,TYMS,6pf3,601,B,2,C,2245,C11,29.8,12.461,16.053,OE7,c1cc(ccc1Cc2c[nH]c3c2C(=O)NC(=N3)N)C(=O)Nc4cc(ccc4C(=O)O)Cl
OE7,TYMS,6pf3,601,B,1,C,2246,C12,30.434,13.408,16.89,OE7,c1cc(ccc1Cc2c[nH]c3c2C(=O)NC(=N3)N)C(=O)Nc4cc(ccc4C(=O)O)Cl
OE7,TYMS,6pf3,601,B,0,C,2247,C13,31.558,14.125,16.437,OE7,c1cc(ccc1Cc2c[nH]c3c2C(=O)NC(=N3)N)C(=O)Nc4cc(ccc4C(=O)O)Cl
OE7,TYMS,6pf3,601,B,18,C,2248,C14,28.599,11.698,16.535,OE7,c1cc(ccc1Cc2c[nH]c3c2C(=O)NC(=N3)N)C(=O)Nc4cc(ccc4C(=O)O)Cl
OE7,TYMS,6pf3,601,B,21,C,2249,C15,27.053,11.587,18.52,OE7,c1cc(ccc1Cc2c[nH]c3c2C(=O)NC(=N3)N)C(=O)Nc4cc(ccc4C(=O)O)Cl
OE7,TYMS,6pf3,601,B,22,C,2250,C16,26.313,10.448,18.115,OE7,c1cc(ccc1Cc2c[nH]c3c2C(=O)NC(=N3)N)C(=O)Nc4cc(ccc4C(=O)O)Cl
OE7,TYMS,6pf3,601,B,23,C,2251,C17,25.234,9.973,18.875,OE7,c1cc(ccc1Cc2c[nH]c3c2C(=O)NC(=N3)N)C(=O)Nc4cc(ccc4C(=O)O)Cl
OE7,TYMS,6pf3,601,B,24,C,2252,C18,24.876,10.631,20.061,OE7,c1cc(ccc1Cc2c[nH]c3c2C(=O)NC(=N3)N)C(=O)Nc4cc(ccc4C(=O)O)Cl
OE7,TYMS,6pf3,601,B,25,C,2253,C19,25.597,11.765,20.481,OE7,c1cc(ccc1Cc2c[nH]c3c2C(=O)NC(=N3)N)C(=O)Nc4cc(ccc4C(=O)O)Cl
OE7,TYMS,6pf3,601,B,11,C,2233,C2,35.109,14.296,16.478,OE7,c1cc(ccc1Cc2c[nH]c3c2C(=O)NC(=N3)N)C(=O)Nc4cc(ccc4C(=O)O)Cl
OE7,TYMS,6pf3,601,B,26,C,2254,C20,26.686,12.263,19.724,OE7,c1cc(ccc1Cc2c[nH]c3c2C(=O)NC(=N3)N)C(=O)Nc4cc(ccc4C(=O)O)Cl
OE7,TYMS,6pf3,601,B,27,C,2255,C21,27.423,13.482,20.229,OE7,c1cc(ccc1Cc2c[nH]c3c2C(=O)NC(=N3)N)C(=O)Nc4cc(ccc4C(=O)O)Cl
OE7,TYMS,6pf3,601,B,12,C,2236,C3,35.352,12.845,16.636,OE7,c1cc(ccc1Cc2c[nH]c3c2C(=O)NC(=N3)N)C(=O)Nc4cc(ccc4C(=O)O)Cl
OE7,TYMS,6pf3,601,B,15,C,2239,C4,36.958,13.472,18.327,OE7,c1cc(ccc1Cc2c[nH]c3c2C(=O)NC(=N3)N)C(=O)Nc4cc(ccc4C(=O)O)Cl
OE7,TYMS,6pf3,601,B,7,C,2241,C5,34.244,15.106,15.669,OE7,c1cc(ccc1Cc2c[nH]c3c2C(=O)NC(=N3)N)C(=O)Nc4cc(ccc4C(=O)O)Cl
OE7,TYMS,6pf3,601,B,8,C,2243,C6,34.502,16.414,16.006,OE7,c1cc(ccc1Cc2c[nH]c3c2C(=O)NC(=N3)N)C(=O)Nc4cc(ccc4C(=O)O)Cl
OE7,TYMS,6pf3,601,B,6,C,2256,C7,33.269,14.65,14.611,OE7,c1cc(ccc1Cc2c[nH]c3c2C(=O)NC(=N3)N)C(=O)Nc4cc(ccc4C(=O)O)Cl
OE7,TYMS,6pf3,601,B,5,C,2257,C8,32.063,13.896,15.141,OE7,c1cc(ccc1Cc2c[nH]c3c2C(=O)NC(=N3)N)C(=O)Nc4cc(ccc4C(=O)O)Cl
OE7,TYMS,6pf3,601,B,4,C,2258,C9,31.431,12.959,14.3,OE7,c1cc(ccc1Cc2c[nH]c3c2C(=O)NC(=N3)N)C(=O)Nc4cc(ccc4C(=O)O)Cl
OE7,TYMS,6pf3,601,B,30,Cl,2259,CL1,24.365,8.581,18.342,OE7,c1cc(ccc1Cc2c[nH]c3c2C(=O)NC(=N3)N)C(=O)Nc4cc(ccc4C(=O)O)Cl
OE7,TYMS,6pf3,601,B,16,N,2229,N1,36.776,14.759,18.228,OE7,c1cc(ccc1Cc2c[nH]c3c2C(=O)NC(=N3)N)C(=O)Nc4cc(ccc4C(=O)O)Cl
OE7,TYMS,6pf3,601,B,14,N,2232,N2,36.275,12.512,17.559,OE7,c1cc(ccc1Cc2c[nH]c3c2C(=O)NC(=N3)N)C(=O)Nc4cc(ccc4C(=O)O)Cl
OE7,TYMS,6pf3,601,B,9,N,2235,N3,35.469,16.426,16.988,OE7,c1cc(ccc1Cc2c[nH]c3c2C(=O)NC(=N3)N)C(=O)Nc4cc(ccc4C(=O)O)Cl
OE7,TYMS,6pf3,601,B,17,N,2238,N4,37.85,12.882,19.199,OE7,c1cc(ccc1Cc2c[nH]c3c2C(=O)NC(=N3)N)C(=O)Nc4cc(ccc4C(=O)O)Cl
OE7,TYMS,6pf3,601,B,20,N,2242,N5,28.149,12.073,17.747,OE7,c1cc(ccc1Cc2c[nH]c3c2C(=O)NC(=N3)N)C(=O)Nc4cc(ccc4C(=O)O)Cl
OE7,TYMS,6pf3,601,B,13,O,2231,O1,34.76,12.001,15.971,OE7,c1cc(ccc1Cc2c[nH]c3c2C(=O)NC(=N3)N)C(=O)Nc4cc(ccc4C(=O)O)Cl
OE7,TYMS,6pf3,601,B,19,O,2234,O2,28.127,10.796,15.84,OE7,c1cc(ccc1Cc2c[nH]c3c2C(=O)NC(=N3)N)C(=O)Nc4cc(ccc4C(=O)O)Cl
OE7,TYMS,6pf3,601,B,28,O,2237,O3,27.274,13.708,21.566,OE7,c1cc(ccc1Cc2c[nH]c3c2C(=O)NC(=N3)N)C(=O)Nc4cc(ccc4C(=O)O)Cl
OE7,TYMS,6pf3,601,B,29,O,2240,O4,28.102,14.208,19.503,OE7,c1cc(ccc1Cc2c[nH]c3c2C(=O)NC(=N3)N)C(=O)Nc4cc(ccc4C(=O)O)Cl
OE7,TYMS,6pf3,601,C,10,C,2237,C1,-3.148,26.951,58.39,OE7,c1cc(ccc1Cc2c[nH]c3c2C(=O)NC(=N3)N)C(=O)Nc4cc(ccc4C(=O)O)Cl
OE7,TYMS,6pf3,601,C,3,C,2251,C10,-5.88,32.343,55.552,OE7,c1cc(ccc1Cc2c[nH]c3c2C(=O)NC(=N3)N)C(=O)Nc4cc(ccc4C(=O)O)Cl
OE7,TYMS,6pf3,601,C,2,C,2252,C11,-5.712,32.864,56.855,OE7,c1cc(ccc1Cc2c[nH]c3c2C(=O)NC(=N3)N)C(=O)Nc4cc(ccc4C(=O)O)Cl
OE7,TYMS,6pf3,601,C,1,C,2253,C12,-4.798,32.244,57.735,OE7,c1cc(ccc1Cc2c[nH]c3c2C(=O)NC(=N3)N)C(=O)Nc4cc(ccc4C(=O)O)Cl
OE7,TYMS,6pf3,601,C,0,C,2254,C13,-4.065,31.116,57.324,OE7,c1cc(ccc1Cc2c[nH]c3c2C(=O)NC(=N3)N)C(=O)Nc4cc(ccc4C(=O)O)Cl
OE7,TYMS,6pf3,601,C,18,C,2255,C14,-6.479,34.069,57.316,OE7,c1cc(ccc1Cc2c[nH]c3c2C(=O)NC(=N3)N)C(=O)Nc4cc(ccc4C(=O)O)Cl
OE7,TYMS,6pf3,601,C,21,C,2256,C15,-6.574,35.596,59.315,OE7,c1cc(ccc1Cc2c[nH]c3c2C(=O)NC(=N3)N)C(=O)Nc4cc(ccc4C(=O)O)Cl
OE7,TYMS,6pf3,601,C,22,C,2257,C16,-7.698,36.362,58.916,OE7,c1cc(ccc1Cc2c[nH]c3c2C(=O)NC(=N3)N)C(=O)Nc4cc(ccc4C(=O)O)Cl
OE7,TYMS,6pf3,601,C,23,C,2258,C17,-8.149,37.439,59.694,OE7,c1cc(ccc1Cc2c[nH]c3c2C(=O)NC(=N3)N)C(=O)Nc4cc(ccc4C(=O)O)Cl
OE7,TYMS,6pf3,601,C,24,C,2259,C18,-7.482,37.766,60.885,OE7,c1cc(ccc1Cc2c[nH]c3c2C(=O)NC(=N3)N)C(=O)Nc4cc(ccc4C(=O)O)Cl
OE7,TYMS,6pf3,601,C,25,C,2260,C19,-6.364,37.018,61.296,OE7,c1cc(ccc1Cc2c[nH]c3c2C(=O)NC(=N3)N)C(=O)Nc4cc(ccc4C(=O)O)Cl
OE7,TYMS,6pf3,601,C,11,C,2240,C2,-3.927,27.613,57.478,OE7,c1cc(ccc1Cc2c[nH]c3c2C(=O)NC(=N3)N)C(=O)Nc4cc(ccc4C(=O)O)Cl
OE7,TYMS,6pf3,601,C,26,C,2261,C20,-5.89,35.929,60.522,OE7,c1cc(ccc1Cc2c[nH]c3c2C(=O)NC(=N3)N)C(=O)Nc4cc(ccc4C(=O)O)Cl
OE7,TYMS,6pf3,601,C,27,C,2262,C21,-4.688,35.15,61.005,OE7,c1cc(ccc1Cc2c[nH]c3c2C(=O)NC(=N3)N)C(=O)Nc4cc(ccc4C(=O)O)Cl
OE7,TYMS,6pf3,601,C,12,C,2243,C3,-5.377,27.325,57.503,OE7,c1cc(ccc1Cc2c[nH]c3c2C(=O)NC(=N3)N)C(=O)Nc4cc(ccc4C(=O)O)Cl
OE7,TYMS,6pf3,601,C,15,C,2246,C4,-4.874,25.814,59.312,OE7,c1cc(ccc1Cc2c[nH]c3c2C(=O)NC(=N3)N)C(=O)Nc4cc(ccc4C(=O)O)Cl
OE7,TYMS,6pf3,601,C,7,C,2248,C5,-3.069,28.463,56.705,OE7,c1cc(ccc1Cc2c[nH]c3c2C(=O)NC(=N3)N)C(=O)Nc4cc(ccc4C(=O)O)Cl
OE7,TYMS,6pf3,601,C,8,C,2250,C6,-1.793,28.271,57.183,OE7,c1cc(ccc1Cc2c[nH]c3c2C(=O)NC(=N3)N)C(=O)Nc4cc(ccc4C(=O)O)Cl
OE7,TYMS,6pf3,601,C,6,C,2263,C7,-3.455,29.385,55.574,OE7,c1cc(ccc1Cc2c[nH]c3c2C(=O)NC(=N3)N)C(=O)Nc4cc(ccc4C(=O)O)Cl
OE7,TYMS,6pf3,601,C,5,C,2264,C8,-4.244,30.596,56.029,OE7,c1cc(ccc1Cc2c[nH]c3c2C(=O)NC(=N3)N)C(=O)Nc4cc(ccc4C(=O)O)Cl
OE7,TYMS,6pf3,601,C,4,C,2265,C9,-5.149,31.213,55.141,OE7,c1cc(ccc1Cc2c[nH]c3c2C(=O)NC(=N3)N)C(=O)Nc4cc(ccc4C(=O)O)Cl
OE7,TYMS,6pf3,601,C,30,Cl,2266,CL1,-9.521,38.348,59.18,OE7,c1cc(ccc1Cc2c[nH]c3c2C(=O)NC(=N3)N)C(=O)Nc4cc(ccc4C(=O)O)Cl
OE7,TYMS,6pf3,601,C,16,N,2236,N1,-3.589,26.035,59.332,OE7,c1cc(ccc1Cc2c[nH]c3c2C(=O)NC(=N3)N)C(=O)Nc4cc(ccc4C(=O)O)Cl
OE7,TYMS,6pf3,601,C,14,N,2239,N2,-5.773,26.431,58.426,OE7,c1cc(ccc1Cc2c[nH]c3c2C(=O)NC(=N3)N)C(=O)Nc4cc(ccc4C(=O)O)Cl
OE7,TYMS,6pf3,601,C,9,N,2242,N3,-1.847,27.35,58.21,OE7,c1cc(ccc1Cc2c[nH]c3c2C(=O)NC(=N3)N)C(=O)Nc4cc(ccc4C(=O)O)Cl
OE7,TYMS,6pf3,601,C,17,N,2245,N4,-5.524,24.941,60.159,OE7,c1cc(ccc1Cc2c[nH]c3c2C(=O)NC(=N3)N)C(=O)Nc4cc(ccc4C(=O)O)Cl
OE7,TYMS,6pf3,601,C,20,N,2249,N5,-6.106,34.503,58.532,OE7,c1cc(ccc1Cc2c[nH]c3c2C(=O)NC(=N3)N)C(=O)Nc4cc(ccc4C(=O)O)Cl
OE7,TYMS,6pf3,601,C,13,O,2238,O1,-6.169,27.858,56.734,OE7,c1cc(ccc1Cc2c[nH]c3c2C(=O)NC(=N3)N)C(=O)Nc4cc(ccc4C(=O)O)Cl
OE7,TYMS,6pf3,601,C,19,O,2241,O2,-7.367,34.556,56.614,OE7,c1cc(ccc1Cc2c[nH]c3c2C(=O)NC(=N3)N)C(=O)Nc4cc(ccc4C(=O)O)Cl
OE7,TYMS,6pf3,601,C,28,O,2244,O3,-4.995,34.073,61.783,OE7,c1cc(ccc1Cc2c[nH]c3c2C(=O)NC(=N3)N)C(=O)Nc4cc(ccc4C(=O)O)Cl
OE7,TYMS,6pf3,601,C,29,O,2247,O4,-3.529,35.455,60.72,OE7,c1cc(ccc1Cc2c[nH]c3c2C(=O)NC(=N3)N)C(=O)Nc4cc(ccc4C(=O)O)Cl
OE7,TYMS,6pf3,601,D,10,C,2234,C1,35.636,21.309,64.288,OE7,c1cc(ccc1Cc2c[nH]c3c2C(=O)NC(=N3)N)C(=O)Nc4cc(ccc4C(=O)O)Cl
OE7,TYMS,6pf3,601,D,3,C,2248,C10,30.349,24.286,67.048,OE7,c1cc(ccc1Cc2c[nH]c3c2C(=O)NC(=N3)N)C(=O)Nc4cc(ccc4C(=O)O)Cl
OE7,TYMS,6pf3,601,D,2,C,2249,C11,29.748,24.055,65.79,OE7,c1cc(ccc1Cc2c[nH]c3c2C(=O)NC(=N3)N)C(=O)Nc4cc(ccc4C(=O)O)Cl
OE7,TYMS,6pf3,601,D,1,C,2250,C12,30.304,23.07,64.941,OE7,c1cc(ccc1Cc2c[nH]c3c2C(=O)NC(=N3)N)C(=O)Nc4cc(ccc4C(=O)O)Cl
OE7,TYMS,6pf3,601,D,0,C,2251,C13,31.428,22.326,65.353,OE7,c1cc(ccc1Cc2c[nH]c3c2C(=O)NC(=N3)N)C(=O)Nc4cc(ccc4C(=O)O)Cl
OE7,TYMS,6pf3,601,D,18,C,2252,C14,28.556,24.869,65.37,OE7,c1cc(ccc1Cc2c[nH]c3c2C(=O)NC(=N3)N)C(=O)Nc4cc(ccc4C(=O)O)Cl
OE7,TYMS,6pf3,601,D,21,C,2253,C15,26.782,24.96,63.586,OE7,c1cc(ccc1Cc2c[nH]c3c2C(=O)NC(=N3)N)C(=O)Nc4cc(ccc4C(=O)O)Cl
OE7,TYMS,6pf3,601,D,22,C,2254,C16,26.269,26.248,63.891,OE7,c1cc(ccc1Cc2c[nH]c3c2C(=O)NC(=N3)N)C(=O)Nc4cc(ccc4C(=O)O)Cl
OE7,TYMS,6pf3,601,D,23,C,2255,C17,25.163,26.772,63.205,OE7,c1cc(ccc1Cc2c[nH]c3c2C(=O)NC(=N3)N)C(=O)Nc4cc(ccc4C(=O)O)Cl
OE7,TYMS,6pf3,601,D,24,C,2256,C18,24.562,26.026,62.182,OE7,c1cc(ccc1Cc2c[nH]c3c2C(=O)NC(=N3)N)C(=O)Nc4cc(ccc4C(=O)O)Cl
OE7,TYMS,6pf3,601,D,25,C,2257,C19,25.068,24.757,61.848,OE7,c1cc(ccc1Cc2c[nH]c3c2C(=O)NC(=N3)N)C(=O)Nc4cc(ccc4C(=O)O)Cl
OE7,TYMS,6pf3,601,D,11,C,2237,C2,34.995,22.127,65.18,OE7,c1cc(ccc1Cc2c[nH]c3c2C(=O)NC(=N3)N)C(=O)Nc4cc(ccc4C(=O)O)Cl
OE7,TYMS,6pf3,601,D,26,C,2258,C20,26.201,24.222,62.511,OE7,c1cc(ccc1Cc2c[nH]c3c2C(=O)NC(=N3)N)C(=O)Nc4cc(ccc4C(=O)O)Cl
OE7,TYMS,6pf3,601,D,27,C,2259,C21,26.674,22.837,62.137,OE7,c1cc(ccc1Cc2c[nH]c3c2C(=O)NC(=N3)N)C(=O)Nc4cc(ccc4C(=O)O)Cl
OE7,TYMS,6pf3,601,D,12,C,2240,C3,35.326,23.568,65.128,OE7,c1cc(ccc1Cc2c[nH]c3c2C(=O)NC(=N3)N)C(=O)Nc4cc(ccc4C(=O)O)Cl
OE7,TYMS,6pf3,601,D,15,C,2243,C4,36.823,22.983,63.33,OE7,c1cc(ccc1Cc2c[nH]c3c2C(=O)NC(=N3)N)C(=O)Nc4cc(ccc4C(=O)O)Cl
OE7,TYMS,6pf3,601,D,7,C,2245,C5,34.125,21.31,65.975,OE7,c1cc(ccc1Cc2c[nH]c3c2C(=O)NC(=N3)N)C(=O)Nc4cc(ccc4C(=O)O)Cl
OE7,TYMS,6pf3,601,D,8,C,2247,C6,34.276,20.019,65.523,OE7,c1cc(ccc1Cc2c[nH]c3c2C(=O)NC(=N3)N)C(=O)Nc4cc(ccc4C(=O)O)Cl
OE7,TYMS,6pf3,601,D,6,C,2260,C7,33.216,21.765,67.089,OE7,c1cc(ccc1Cc2c[nH]c3c2C(=O)NC(=N3)N)C(=O)Nc4cc(ccc4C(=O)O)Cl
OE7,TYMS,6pf3,601,D,5,C,2261,C8,32.009,22.555,66.618,OE7,c1cc(ccc1Cc2c[nH]c3c2C(=O)NC(=N3)N)C(=O)Nc4cc(ccc4C(=O)O)Cl
OE7,TYMS,6pf3,601,D,4,C,2262,C9,31.464,23.54,67.464,OE7,c1cc(ccc1Cc2c[nH]c3c2C(=O)NC(=N3)N)C(=O)Nc4cc(ccc4C(=O)O)Cl
OE7,TYMS,6pf3,601,D,30,Cl,2263,CL1,24.543,28.329,63.612,OE7,c1cc(ccc1Cc2c[nH]c3c2C(=O)NC(=N3)N)C(=O)Nc4cc(ccc4C(=O)O)Cl
OE7,TYMS,6pf3,601,D,16,N,2233,N1,36.564,21.705,63.338,OE7,c1cc(ccc1Cc2c[nH]c3c2C(=O)NC(=N3)N)C(=O)Nc4cc(ccc4C(=O)O)Cl
OE7,TYMS,6pf3,601,D,14,N,2236,N2,36.231,23.918,64.197,OE7,c1cc(ccc1Cc2c[nH]c3c2C(=O)NC(=N3)N)C(=O)Nc4cc(ccc4C(=O)O)Cl
OE7,TYMS,6pf3,601,D,9,N,2239,N3,35.198,20.025,64.497,OE7,c1cc(ccc1Cc2c[nH]c3c2C(=O)NC(=N3)N)C(=O)Nc4cc(ccc4C(=O)O)Cl
OE7,TYMS,6pf3,601,D,17,N,2242,N4,37.715,23.587,62.467,OE7,c1cc(ccc1Cc2c[nH]c3c2C(=O)NC(=N3)N)C(=O)Nc4cc(ccc4C(=O)O)Cl
OE7,TYMS,6pf3,601,D,20,N,2246,N5,27.925,24.436,64.263,OE7,c1cc(ccc1Cc2c[nH]c3c2C(=O)NC(=N3)N)C(=O)Nc4cc(ccc4C(=O)O)Cl
OE7,TYMS,6pf3,601,D,13,O,2235,O1,34.814,24.391,65.88,OE7,c1cc(ccc1Cc2c[nH]c3c2C(=O)NC(=N3)N)C(=O)Nc4cc(ccc4C(=O)O)Cl
OE7,TYMS,6pf3,601,D,19,O,2238,O2,28.212,25.836,66.053,OE7,c1cc(ccc1Cc2c[nH]c3c2C(=O)NC(=N3)N)C(=O)Nc4cc(ccc4C(=O)O)Cl
OE7,TYMS,6pf3,601,D,28,O,2241,O3,27.865,22.816,61.469,OE7,c1cc(ccc1Cc2c[nH]c3c2C(=O)NC(=N3)N)C(=O)Nc4cc(ccc4C(=O)O)Cl
OE7,TYMS,6pf3,601,D,29,O,2244,O4,26.0,21.824,62.33,OE7,c1cc(ccc1Cc2c[nH]c3c2C(=O)NC(=N3)N)C(=O)Nc4cc(ccc4C(=O)O)Cl
OEJ,TYMS,6pf6,601,B,10,C,2244,C1,41.731,20.679,15.041,OEJ,c1cc(ccc1Cc2c[nH]c3c2C(=O)NC(=N3)N)C(=O)Nc4cc(ccc4C(=O)O)C(=O)O
OEJ,TYMS,6pf6,601,B,3,C,2251,C10,46.881,22.271,13.551,OEJ,c1cc(ccc1Cc2c[nH]c3c2C(=O)NC(=N3)N)C(=O)Nc4cc(ccc4C(=O)O)C(=O)O
OEJ,TYMS,6pf6,601,B,2,C,2252,C11,47.961,21.754,12.799,OEJ,c1cc(ccc1Cc2c[nH]c3c2C(=O)NC(=N3)N)C(=O)Nc4cc(ccc4C(=O)O)C(=O)O
OEJ,TYMS,6pf6,601,B,1,C,2253,C12,48.08,20.358,12.646,OEJ,c1cc(ccc1Cc2c[nH]c3c2C(=O)NC(=N3)N)C(=O)Nc4cc(ccc4C(=O)O)C(=O)O
OEJ,TYMS,6pf6,601,B,0,C,2243,C13,47.14,19.485,13.222,OEJ,c1cc(ccc1Cc2c[nH]c3c2C(=O)NC(=N3)N)C(=O)Nc4cc(ccc4C(=O)O)C(=O)O
OEJ,TYMS,6pf6,601,B,18,C,2242,C14,48.995,22.64,12.17,OEJ,c1cc(ccc1Cc2c[nH]c3c2C(=O)NC(=N3)N)C(=O)Nc4cc(ccc4C(=O)O)C(=O)O
OEJ,TYMS,6pf6,601,B,21,C,2254,C15,50.022,24.932,12.48,OEJ,c1cc(ccc1Cc2c[nH]c3c2C(=O)NC(=N3)N)C(=O)Nc4cc(ccc4C(=O)O)C(=O)O
OEJ,TYMS,6pf6,601,B,22,C,2255,C16,50.851,24.943,11.33,OEJ,c1cc(ccc1Cc2c[nH]c3c2C(=O)NC(=N3)N)C(=O)Nc4cc(ccc4C(=O)O)C(=O)O
OEJ,TYMS,6pf6,601,B,23,C,2256,C17,51.726,26.015,11.061,OEJ,c1cc(ccc1Cc2c[nH]c3c2C(=O)NC(=N3)N)C(=O)Nc4cc(ccc4C(=O)O)C(=O)O
OEJ,TYMS,6pf6,601,B,24,C,2257,C18,51.777,27.093,11.964,OEJ,c1cc(ccc1Cc2c[nH]c3c2C(=O)NC(=N3)N)C(=O)Nc4cc(ccc4C(=O)O)C(=O)O
OEJ,TYMS,6pf6,601,B,25,C,2258,C19,50.968,27.097,13.113,OEJ,c1cc(ccc1Cc2c[nH]c3c2C(=O)NC(=N3)N)C(=O)Nc4cc(ccc4C(=O)O)C(=O)O
OEJ,TYMS,6pf6,601,B,11,C,2249,C2,42.678,20.127,14.22,OEJ,c1cc(ccc1Cc2c[nH]c3c2C(=O)NC(=N3)N)C(=O)Nc4cc(ccc4C(=O)O)C(=O)O
OEJ,TYMS,6pf6,601,B,26,C,2259,C20,50.086,26.028,13.392,OEJ,c1cc(ccc1Cc2c[nH]c3c2C(=O)NC(=N3)N)C(=O)Nc4cc(ccc4C(=O)O)C(=O)O
OEJ,TYMS,6pf6,601,B,27,C,2260,C21,49.246,26.095,14.648,OEJ,c1cc(ccc1Cc2c[nH]c3c2C(=O)NC(=N3)N)C(=O)Nc4cc(ccc4C(=O)O)C(=O)O
OEJ,TYMS,6pf6,601,B,30,C,2261,C22,52.602,26.028,9.84,OEJ,c1cc(ccc1Cc2c[nH]c3c2C(=O)NC(=N3)N)C(=O)Nc4cc(ccc4C(=O)O)C(=O)O
OEJ,TYMS,6pf6,601,B,12,C,2248,C3,42.37,20.082,12.776,OEJ,c1cc(ccc1Cc2c[nH]c3c2C(=O)NC(=N3)N)C(=O)Nc4cc(ccc4C(=O)O)C(=O)O
OEJ,TYMS,6pf6,601,B,15,C,2247,C4,40.282,21.145,13.36,OEJ,c1cc(ccc1Cc2c[nH]c3c2C(=O)NC(=N3)N)C(=O)Nc4cc(ccc4C(=O)O)C(=O)O
OEJ,TYMS,6pf6,601,B,7,C,2246,C5,43.781,19.715,15.037,OEJ,c1cc(ccc1Cc2c[nH]c3c2C(=O)NC(=N3)N)C(=O)Nc4cc(ccc4C(=O)O)C(=O)O
OEJ,TYMS,6pf6,601,B,8,C,2245,C6,43.451,20.035,16.334,OEJ,c1cc(ccc1Cc2c[nH]c3c2C(=O)NC(=N3)N)C(=O)Nc4cc(ccc4C(=O)O)C(=O)O
OEJ,TYMS,6pf6,601,B,6,C,2250,C7,45.057,19.048,14.585,OEJ,c1cc(ccc1Cc2c[nH]c3c2C(=O)NC(=N3)N)C(=O)Nc4cc(ccc4C(=O)O)C(=O)O
OEJ,TYMS,6pf6,601,B,5,C,2262,C8,46.064,20.0,13.968,OEJ,c1cc(ccc1Cc2c[nH]c3c2C(=O)NC(=N3)N)C(=O)Nc4cc(ccc4C(=O)O)C(=O)O
OEJ,TYMS,6pf6,601,B,4,C,2263,C9,45.938,21.395,14.13,OEJ,c1cc(ccc1Cc2c[nH]c3c2C(=O)NC(=N3)N)C(=O)Nc4cc(ccc4C(=O)O)C(=O)O
OEJ,TYMS,6pf6,601,B,16,N,2264,N1,40.511,21.204,14.645,OEJ,c1cc(ccc1Cc2c[nH]c3c2C(=O)NC(=N3)N)C(=O)Nc4cc(ccc4C(=O)O)C(=O)O
OEJ,TYMS,6pf6,601,B,14,N,2265,N2,41.176,20.6,12.423,OEJ,c1cc(ccc1Cc2c[nH]c3c2C(=O)NC(=N3)N)C(=O)Nc4cc(ccc4C(=O)O)C(=O)O
OEJ,TYMS,6pf6,601,B,9,N,2266,N3,42.203,20.625,16.33,OEJ,c1cc(ccc1Cc2c[nH]c3c2C(=O)NC(=N3)N)C(=O)Nc4cc(ccc4C(=O)O)C(=O)O
OEJ,TYMS,6pf6,601,B,17,N,2267,N4,39.133,21.606,12.748,OEJ,c1cc(ccc1Cc2c[nH]c3c2C(=O)NC(=N3)N)C(=O)Nc4cc(ccc4C(=O)O)C(=O)O
OEJ,TYMS,6pf6,601,B,20,N,2268,N5,49.143,23.842,12.762,OEJ,c1cc(ccc1Cc2c[nH]c3c2C(=O)NC(=N3)N)C(=O)Nc4cc(ccc4C(=O)O)C(=O)O
OEJ,TYMS,6pf6,601,B,13,O,2269,O1,43.146,19.608,11.949,OEJ,c1cc(ccc1Cc2c[nH]c3c2C(=O)NC(=N3)N)C(=O)Nc4cc(ccc4C(=O)O)C(=O)O
OEJ,TYMS,6pf6,601,B,19,O,2270,O2,49.628,22.235,11.195,OEJ,c1cc(ccc1Cc2c[nH]c3c2C(=O)NC(=N3)N)C(=O)Nc4cc(ccc4C(=O)O)C(=O)O
OEJ,TYMS,6pf6,601,B,28,O,2271,O3,49.824,26.792,15.67,OEJ,c1cc(ccc1Cc2c[nH]c3c2C(=O)NC(=N3)N)C(=O)Nc4cc(ccc4C(=O)O)C(=O)O
OEJ,TYMS,6pf6,601,B,29,O,2272,O4,48.14,25.565,14.75,OEJ,c1cc(ccc1Cc2c[nH]c3c2C(=O)NC(=N3)N)C(=O)Nc4cc(ccc4C(=O)O)C(=O)O
OEJ,TYMS,6pf6,601,B,31,O,2273,O5,53.463,26.891,9.678,OEJ,c1cc(ccc1Cc2c[nH]c3c2C(=O)NC(=N3)N)C(=O)Nc4cc(ccc4C(=O)O)C(=O)O
OEJ,TYMS,6pf6,601,B,32,O,2274,O6,52.374,25.02,8.947,OEJ,c1cc(ccc1Cc2c[nH]c3c2C(=O)NC(=N3)N)C(=O)Nc4cc(ccc4C(=O)O)C(=O)O
OEJ,TYMS,6pf6,601,C,10,C,2244,C1,60.077,37.345,43.22,OEJ,c1cc(ccc1Cc2c[nH]c3c2C(=O)NC(=N3)N)C(=O)Nc4cc(ccc4C(=O)O)C(=O)O
OEJ,TYMS,6pf6,601,C,3,C,2251,C10,57.907,32.329,44.424,OEJ,c1cc(ccc1Cc2c[nH]c3c2C(=O)NC(=N3)N)C(=O)Nc4cc(ccc4C(=O)O)C(=O)O
OEJ,TYMS,6pf6,601,C,2,C,2252,C11,58.344,31.215,45.18,OEJ,c1cc(ccc1Cc2c[nH]c3c2C(=O)NC(=N3)N)C(=O)Nc4cc(ccc4C(=O)O)C(=O)O
OEJ,TYMS,6pf6,601,C,1,C,2253,C12,59.727,30.96,45.291,OEJ,c1cc(ccc1Cc2c[nH]c3c2C(=O)NC(=N3)N)C(=O)Nc4cc(ccc4C(=O)O)C(=O)O
OEJ,TYMS,6pf6,601,C,0,C,2243,C13,60.662,31.805,44.668,OEJ,c1cc(ccc1Cc2c[nH]c3c2C(=O)NC(=N3)N)C(=O)Nc4cc(ccc4C(=O)O)C(=O)O
OEJ,TYMS,6pf6,601,C,18,C,2242,C14,57.383,30.279,45.852,OEJ,c1cc(ccc1Cc2c[nH]c3c2C(=O)NC(=N3)N)C(=O)Nc4cc(ccc4C(=O)O)C(=O)O
OEJ,TYMS,6pf6,601,C,21,C,2254,C15,54.984,29.549,45.746,OEJ,c1cc(ccc1Cc2c[nH]c3c2C(=O)NC(=N3)N)C(=O)Nc4cc(ccc4C(=O)O)C(=O)O
OEJ,TYMS,6pf6,601,C,22,C,2255,C16,54.944,28.879,46.993,OEJ,c1cc(ccc1Cc2c[nH]c3c2C(=O)NC(=N3)N)C(=O)Nc4cc(ccc4C(=O)O)C(=O)O
OEJ,TYMS,6pf6,601,C,23,C,2256,C17,53.831,28.111,47.383,OEJ,c1cc(ccc1Cc2c[nH]c3c2C(=O)NC(=N3)N)C(=O)Nc4cc(ccc4C(=O)O)C(=O)O
OEJ,TYMS,6pf6,601,C,24,C,2257,C18,52.735,28.009,46.506,OEJ,c1cc(ccc1Cc2c[nH]c3c2C(=O)NC(=N3)N)C(=O)Nc4cc(ccc4C(=O)O)C(=O)O
OEJ,TYMS,6pf6,601,C,25,C,2258,C19,52.758,28.663,45.261,OEJ,c1cc(ccc1Cc2c[nH]c3c2C(=O)NC(=N3)N)C(=O)Nc4cc(ccc4C(=O)O)C(=O)O
OEJ,TYMS,6pf6,601,C,11,C,2249,C2,60.53,36.252,43.91,OEJ,c1cc(ccc1Cc2c[nH]c3c2C(=O)NC(=N3)N)C(=O)Nc4cc(ccc4C(=O)O)C(=O)O
OEJ,TYMS,6pf6,601,C,26,C,2259,C20,53.872,29.436,44.856,OEJ,c1cc(ccc1Cc2c[nH]c3c2C(=O)NC(=N3)N)C(=O)Nc4cc(ccc4C(=O)O)C(=O)O
OEJ,TYMS,6pf6,601,C,27,C,2260,C21,53.823,30.111,43.5,OEJ,c1cc(ccc1Cc2c[nH]c3c2C(=O)NC(=N3)N)C(=O)Nc4cc(ccc4C(=O)O)C(=O)O
OEJ,TYMS,6pf6,601,C,30,C,2261,C22,53.806,27.411,48.71,OEJ,c1cc(ccc1Cc2c[nH]c3c2C(=O)NC(=N3)N)C(=O)Nc4cc(ccc4C(=O)O)C(=O)O
OEJ,TYMS,6pf6,601,C,12,C,2248,C3,60.681,36.393,45.373,OEJ,c1cc(ccc1Cc2c[nH]c3c2C(=O)NC(=N3)N)C(=O)Nc4cc(ccc4C(=O)O)C(=O)O
OEJ,TYMS,6pf6,601,C,15,C,2247,C4,59.893,38.654,45.057,OEJ,c1cc(ccc1Cc2c[nH]c3c2C(=O)NC(=N3)N)C(=O)Nc4cc(ccc4C(=O)O)C(=O)O
OEJ,TYMS,6pf6,601,C,7,C,2246,C5,60.747,35.2,42.966,OEJ,c1cc(ccc1Cc2c[nH]c3c2C(=O)NC(=N3)N)C(=O)Nc4cc(ccc4C(=O)O)C(=O)O
OEJ,TYMS,6pf6,601,C,8,C,2245,C6,60.417,35.704,41.728,OEJ,c1cc(ccc1Cc2c[nH]c3c2C(=O)NC(=N3)N)C(=O)Nc4cc(ccc4C(=O)O)C(=O)O
OEJ,TYMS,6pf6,601,C,6,C,2250,C7,61.251,33.809,43.255,OEJ,c1cc(ccc1Cc2c[nH]c3c2C(=O)NC(=N3)N)C(=O)Nc4cc(ccc4C(=O)O)C(=O)O
OEJ,TYMS,6pf6,601,C,5,C,2262,C8,60.227,32.913,43.92,OEJ,c1cc(ccc1Cc2c[nH]c3c2C(=O)NC(=N3)N)C(=O)Nc4cc(ccc4C(=O)O)C(=O)O
OEJ,TYMS,6pf6,601,C,4,C,2263,C9,58.846,33.174,43.798,OEJ,c1cc(ccc1Cc2c[nH]c3c2C(=O)NC(=N3)N)C(=O)Nc4cc(ccc4C(=O)O)C(=O)O
OEJ,TYMS,6pf6,601,C,16,N,2264,N1,59.744,38.576,43.763,OEJ,c1cc(ccc1Cc2c[nH]c3c2C(=O)NC(=N3)N)C(=O)Nc4cc(ccc4C(=O)O)C(=O)O
OEJ,TYMS,6pf6,601,C,14,N,2265,N2,60.35,37.601,45.868,OEJ,c1cc(ccc1Cc2c[nH]c3c2C(=O)NC(=N3)N)C(=O)Nc4cc(ccc4C(=O)O)C(=O)O
OEJ,TYMS,6pf6,601,C,9,N,2266,N3,60.007,37.012,41.889,OEJ,c1cc(ccc1Cc2c[nH]c3c2C(=O)NC(=N3)N)C(=O)Nc4cc(ccc4C(=O)O)C(=O)O
OEJ,TYMS,6pf6,601,C,17,N,2267,N4,59.619,39.784,45.799,OEJ,c1cc(ccc1Cc2c[nH]c3c2C(=O)NC(=N3)N)C(=O)Nc4cc(ccc4C(=O)O)C(=O)O
OEJ,TYMS,6pf6,601,C,20,N,2268,N5,56.128,30.31,45.365,OEJ,c1cc(ccc1Cc2c[nH]c3c2C(=O)NC(=N3)N)C(=O)Nc4cc(ccc4C(=O)O)C(=O)O
OEJ,TYMS,6pf6,601,C,13,O,2269,O1,61.081,35.48,46.092,OEJ,c1cc(ccc1Cc2c[nH]c3c2C(=O)NC(=N3)N)C(=O)Nc4cc(ccc4C(=O)O)C(=O)O
OEJ,TYMS,6pf6,601,C,19,O,2270,O2,57.78,29.552,46.763,OEJ,c1cc(ccc1Cc2c[nH]c3c2C(=O)NC(=N3)N)C(=O)Nc4cc(ccc4C(=O)O)C(=O)O
OEJ,TYMS,6pf6,601,C,28,O,2271,O3,54.033,31.459,43.53,OEJ,c1cc(ccc1Cc2c[nH]c3c2C(=O)NC(=N3)N)C(=O)Nc4cc(ccc4C(=O)O)C(=O)O
OEJ,TYMS,6pf6,601,C,29,O,2272,O4,53.613,29.496,42.453,OEJ,c1cc(ccc1Cc2c[nH]c3c2C(=O)NC(=N3)N)C(=O)Nc4cc(ccc4C(=O)O)C(=O)O
OEJ,TYMS,6pf6,601,C,31,O,2273,O5,54.338,27.888,49.715,OEJ,c1cc(ccc1Cc2c[nH]c3c2C(=O)NC(=N3)N)C(=O)Nc4cc(ccc4C(=O)O)C(=O)O
OEJ,TYMS,6pf6,601,C,32,O,2274,O6,53.16,26.21,48.691,OEJ,c1cc(ccc1Cc2c[nH]c3c2C(=O)NC(=N3)N)C(=O)Nc4cc(ccc4C(=O)O)C(=O)O
PBX,TYMS,4g6w,600,X,9,Br,2136,BR,35.781,-2.115,27.322,PBX,c1cc(c(c(c1O)O)O)Br
PBX,TYMS,4g6w,600,X,5,C,2142,C1,31.502,-0.495,26.908,PBX,c1cc(c(c(c1O)O)O)Br
PBX,TYMS,4g6w,600,X,4,C,2140,C2,31.729,-1.838,27.167,PBX,c1cc(c(c(c1O)O)O)Br
PBX,TYMS,4g6w,600,X,3,C,2138,C3,33.035,-2.269,27.274,PBX,c1cc(c(c(c1O)O)O)Br
PBX,TYMS,4g6w,600,X,2,C,2137,C4,34.068,-1.384,27.129,PBX,c1cc(c(c(c1O)O)O)Br
PBX,TYMS,4g6w,600,X,1,C,2145,C5,33.866,-0.041,26.878,PBX,c1cc(c(c(c1O)O)O)Br
PBX,TYMS,4g6w,600,X,0,C,2144,C6,32.56,0.404,26.768,PBX,c1cc(c(c(c1O)O)O)Br
PBX,TYMS,4g6w,600,X,6,O,2143,O1,30.232,-0.035,26.793,PBX,c1cc(c(c(c1O)O)O)Br
PBX,TYMS,4g6w,600,X,7,O,2141,O2,30.696,-2.729,27.318,PBX,c1cc(c(c(c1O)O)O)Br
PBX,TYMS,4g6w,600,X,8,O,2139,O3,33.355,-3.567,27.527,PBX,c1cc(c(c(c1O)O)O)Br
TGQ,TYMS,6f6z,502,A,21,C,2365,C,91.296,-10.699,39.621,TGQ,CN(C[C@H]1CNC2=C(N1)C(=O)N=C(N2)N)c3ccc(cc3)C(=O)N[C@@H](CCC(=O)O)C(=O)O
TGQ,TYMS,6f6z,502,A,9,C,2352,C06,95.975,-9.001,34.787,TGQ,CN(C[C@H]1CNC2=C(N1)C(=O)N=C(N2)N)c3ccc(cc3)C(=O)N[C@@H](CCC(=O)O)C(=O)O
TGQ,TYMS,6f6z,502,A,18,C,2362,C12,91.807,-11.307,38.309,TGQ,CN(C[C@H]1CNC2=C(N1)C(=O)N=C(N2)N)c3ccc(cc3)C(=O)N[C@@H](CCC(=O)O)C(=O)O
TGQ,TYMS,6f6z,502,A,17,C,2361,C13,92.611,-12.468,38.307,TGQ,CN(C[C@H]1CNC2=C(N1)C(=O)N=C(N2)N)c3ccc(cc3)C(=O)N[C@@H](CCC(=O)O)C(=O)O
TGQ,TYMS,6f6z,502,A,16,C,2360,C14,93.093,-13.066,37.14,TGQ,CN(C[C@H]1CNC2=C(N1)C(=O)N=C(N2)N)c3ccc(cc3)C(=O)N[C@@H](CCC(=O)O)C(=O)O
TGQ,TYMS,6f6z,502,A,15,C,2359,C15,92.789,-12.53,35.883,TGQ,CN(C[C@H]1CNC2=C(N1)C(=O)N=C(N2)N)c3ccc(cc3)C(=O)N[C@@H](CCC(=O)O)C(=O)O
TGQ,TYMS,6f6z,502,A,20,C,2364,C16,91.99,-11.388,35.893,TGQ,CN(C[C@H]1CNC2=C(N1)C(=O)N=C(N2)N)c3ccc(cc3)C(=O)N[C@@H](CCC(=O)O)C(=O)O
TGQ,TYMS,6f6z,502,A,19,C,2363,C17,91.518,-10.807,37.06,TGQ,CN(C[C@H]1CNC2=C(N1)C(=O)N=C(N2)N)c3ccc(cc3)C(=O)N[C@@H](CCC(=O)O)C(=O)O
TGQ,TYMS,6f6z,502,A,12,C,2348,C2,95.753,-6.729,33.936,TGQ,CN(C[C@H]1CNC2=C(N1)C(=O)N=C(N2)N)c3ccc(cc3)C(=O)N[C@@H](CCC(=O)O)C(=O)O
TGQ,TYMS,6f6z,502,A,7,C,2351,C4A,94.781,-9.295,34.012,TGQ,CN(C[C@H]1CNC2=C(N1)C(=O)N=C(N2)N)c3ccc(cc3)C(=O)N[C@@H](CCC(=O)O)C(=O)O
TGQ,TYMS,6f6z,502,A,3,C,2355,C6,93.448,-11.047,32.924,TGQ,CN(C[C@H]1CNC2=C(N1)C(=O)N=C(N2)N)c3ccc(cc3)C(=O)N[C@@H](CCC(=O)O)C(=O)O
TGQ,TYMS,6f6z,502,A,4,C,2354,C7,92.454,-9.907,32.537,TGQ,CN(C[C@H]1CNC2=C(N1)C(=O)N=C(N2)N)c3ccc(cc3)C(=O)N[C@@H](CCC(=O)O)C(=O)O
TGQ,TYMS,6f6z,502,A,6,C,2350,C8A,94.187,-8.295,33.28,TGQ,CN(C[C@H]1CNC2=C(N1)C(=O)N=C(N2)N)c3ccc(cc3)C(=O)N[C@@H](CCC(=O)O)C(=O)O
TGQ,TYMS,6f6z,502,A,2,C,2357,C9,92.718,-12.408,33.342,TGQ,CN(C[C@H]1CNC2=C(N1)C(=O)N=C(N2)N)c3ccc(cc3)C(=O)N[C@@H](CCC(=O)O)C(=O)O
TGQ,TYMS,6f6z,502,A,24,C,2367,CA,89.774,-10.832,41.643,TGQ,CN(C[C@H]1CNC2=C(N1)C(=O)N=C(N2)N)c3ccc(cc3)C(=O)N[C@@H](CCC(=O)O)C(=O)O
TGQ,TYMS,6f6z,502,A,25,C,2371,CB,88.32,-11.378,42.014,TGQ,CN(C[C@H]1CNC2=C(N1)C(=O)N=C(N2)N)c3ccc(cc3)C(=O)N[C@@H](CCC(=O)O)C(=O)O
TGQ,TYMS,6f6z,502,A,0,C,2379,CBG,94.116,-14.163,34.501,TGQ,CN(C[C@H]1CNC2=C(N1)C(=O)N=C(N2)N)c3ccc(cc3)C(=O)N[C@@H](CCC(=O)O)C(=O)O
TGQ,TYMS,6f6z,502,A,27,C,2373,CD,87.89,-12.47,44.357,TGQ,CN(C[C@H]1CNC2=C(N1)C(=O)N=C(N2)N)c3ccc(cc3)C(=O)N[C@@H](CCC(=O)O)C(=O)O
TGQ,TYMS,6f6z,502,A,26,C,2372,CG,88.269,-12.67,42.861,TGQ,CN(C[C@H]1CNC2=C(N1)C(=O)N=C(N2)N)c3ccc(cc3)C(=O)N[C@@H](CCC(=O)O)C(=O)O
TGQ,TYMS,6f6z,502,A,30,C,2368,CT,90.828,-11.25,42.717,TGQ,CN(C[C@H]1CNC2=C(N1)C(=O)N=C(N2)N)c3ccc(cc3)C(=O)N[C@@H](CCC(=O)O)C(=O)O
TGQ,TYMS,6f6z,502,A,23,N,2366,N,90.31,-11.315,40.355,TGQ,CN(C[C@H]1CNC2=C(N1)C(=O)N=C(N2)N)c3ccc(cc3)C(=O)N[C@@H](CCC(=O)O)C(=O)O
TGQ,TYMS,6f6z,502,A,13,N,2349,N1,94.661,-6.988,33.227,TGQ,CN(C[C@H]1CNC2=C(N1)C(=O)N=C(N2)N)c3ccc(cc3)C(=O)N[C@@H](CCC(=O)O)C(=O)O
TGQ,TYMS,6f6z,502,A,1,N,2358,N10,93.189,-13.007,34.605,TGQ,CN(C[C@H]1CNC2=C(N1)C(=O)N=C(N2)N)c3ccc(cc3)C(=O)N[C@@H](CCC(=O)O)C(=O)O
TGQ,TYMS,6f6z,502,A,11,N,2347,N3,96.434,-7.669,34.717,TGQ,CN(C[C@H]1CNC2=C(N1)C(=O)N=C(N2)N)c3ccc(cc3)C(=O)N[C@@H](CCC(=O)O)C(=O)O
TGQ,TYMS,6f6z,502,A,8,N,2356,N5,94.275,-10.575,34.03,TGQ,CN(C[C@H]1CNC2=C(N1)C(=O)N=C(N2)N)c3ccc(cc3)C(=O)N[C@@H](CCC(=O)O)C(=O)O
TGQ,TYMS,6f6z,502,A,5,N,2353,N8,93.055,-8.562,32.537,TGQ,CN(C[C@H]1CNC2=C(N1)C(=O)N=C(N2)N)c3ccc(cc3)C(=O)N[C@@H](CCC(=O)O)C(=O)O
TGQ,TYMS,6f6z,502,A,14,N,2378,NA2,96.322,-5.447,33.957,TGQ,CN(C[C@H]1CNC2=C(N1)C(=O)N=C(N2)N)c3ccc(cc3)C(=O)N[C@@H](CCC(=O)O)C(=O)O
TGQ,TYMS,6f6z,502,A,22,O,2376,O,91.814,-9.622,39.955,TGQ,CN(C[C@H]1CNC2=C(N1)C(=O)N=C(N2)N)c3ccc(cc3)C(=O)N[C@@H](CCC(=O)O)C(=O)O
TGQ,TYMS,6f6z,502,A,31,O,2369,O1,91.781,-11.934,42.285,TGQ,CN(C[C@H]1CNC2=C(N1)C(=O)N=C(N2)N)c3ccc(cc3)C(=O)N[C@@H](CCC(=O)O)C(=O)O
TGQ,TYMS,6f6z,502,A,32,O,2370,O2,90.647,-10.862,43.891,TGQ,CN(C[C@H]1CNC2=C(N1)C(=O)N=C(N2)N)c3ccc(cc3)C(=O)N[C@@H](CCC(=O)O)C(=O)O
TGQ,TYMS,6f6z,502,A,10,O,2377,O4,96.618,-9.789,35.488,TGQ,CN(C[C@H]1CNC2=C(N1)C(=O)N=C(N2)N)c3ccc(cc3)C(=O)N[C@@H](CCC(=O)O)C(=O)O
TGQ,TYMS,6f6z,502,A,28,O,2374,OE1,87.939,-13.467,45.13,TGQ,CN(C[C@H]1CNC2=C(N1)C(=O)N=C(N2)N)c3ccc(cc3)C(=O)N[C@@H](CCC(=O)O)C(=O)O
TGQ,TYMS,6f6z,502,A,29,O,2375,OE2,87.541,-11.329,44.74,TGQ,CN(C[C@H]1CNC2=C(N1)C(=O)N=C(N2)N)c3ccc(cc3)C(=O)N[C@@H](CCC(=O)O)C(=O)O
TGQ,TYMS,6f6z,502,B,21,C,2365,C,124.692,-27.837,9.659,TGQ,CN(C[C@H]1CNC2=C(N1)C(=O)N=C(N2)N)c3ccc(cc3)C(=O)N[C@@H](CCC(=O)O)C(=O)O
TGQ,TYMS,6f6z,502,B,9,C,2352,C06,119.264,-29.876,13.461,TGQ,CN(C[C@H]1CNC2=C(N1)C(=O)N=C(N2)N)c3ccc(cc3)C(=O)N[C@@H](CCC(=O)O)C(=O)O
TGQ,TYMS,6f6z,502,B,18,C,2362,C12,123.288,-27.304,9.886,TGQ,CN(C[C@H]1CNC2=C(N1)C(=O)N=C(N2)N)c3ccc(cc3)C(=O)N[C@@H](CCC(=O)O)C(=O)O
TGQ,TYMS,6f6z,502,B,17,C,2361,C13,122.176,-28.034,9.468,TGQ,CN(C[C@H]1CNC2=C(N1)C(=O)N=C(N2)N)c3ccc(cc3)C(=O)N[C@@H](CCC(=O)O)C(=O)O
TGQ,TYMS,6f6z,502,B,16,C,2360,C14,120.866,-27.603,9.653,TGQ,CN(C[C@H]1CNC2=C(N1)C(=O)N=C(N2)N)c3ccc(cc3)C(=O)N[C@@H](CCC(=O)O)C(=O)O
TGQ,TYMS,6f6z,502,B,15,C,2359,C15,120.57,-26.394,10.281,TGQ,CN(C[C@H]1CNC2=C(N1)C(=O)N=C(N2)N)c3ccc(cc3)C(=O)N[C@@H](CCC(=O)O)C(=O)O
TGQ,TYMS,6f6z,502,B,20,C,2364,C16,121.679,-25.649,10.713,TGQ,CN(C[C@H]1CNC2=C(N1)C(=O)N=C(N2)N)c3ccc(cc3)C(=O)N[C@@H](CCC(=O)O)C(=O)O
TGQ,TYMS,6f6z,502,B,19,C,2363,C17,122.99,-26.098,10.516,TGQ,CN(C[C@H]1CNC2=C(N1)C(=O)N=C(N2)N)c3ccc(cc3)C(=O)N[C@@H](CCC(=O)O)C(=O)O
TGQ,TYMS,6f6z,502,B,12,C,2348,C2,118.534,-32.182,13.25,TGQ,CN(C[C@H]1CNC2=C(N1)C(=O)N=C(N2)N)c3ccc(cc3)C(=O)N[C@@H](CCC(=O)O)C(=O)O
TGQ,TYMS,6f6z,502,B,7,C,2351,C4A,118.605,-29.65,12.187,TGQ,CN(C[C@H]1CNC2=C(N1)C(=O)N=C(N2)N)c3ccc(cc3)C(=O)N[C@@H](CCC(=O)O)C(=O)O
TGQ,TYMS,6f6z,502,B,3,C,2355,C6,117.603,-27.972,10.671,TGQ,CN(C[C@H]1CNC2=C(N1)C(=O)N=C(N2)N)c3ccc(cc3)C(=O)N[C@@H](CCC(=O)O)C(=O)O
TGQ,TYMS,6f6z,502,B,4,C,2354,C7,117.351,-29.168,9.695,TGQ,CN(C[C@H]1CNC2=C(N1)C(=O)N=C(N2)N)c3ccc(cc3)C(=O)N[C@@H](CCC(=O)O)C(=O)O
TGQ,TYMS,6f6z,502,B,6,C,2350,C8A,117.973,-30.7,11.564,TGQ,CN(C[C@H]1CNC2=C(N1)C(=O)N=C(N2)N)c3ccc(cc3)C(=O)N[C@@H](CCC(=O)O)C(=O)O
TGQ,TYMS,6f6z,502,B,2,C,2357,C9,118.074,-26.622,9.909,TGQ,CN(C[C@H]1CNC2=C(N1)C(=O)N=C(N2)N)c3ccc(cc3)C(=O)N[C@@H](CCC(=O)O)C(=O)O
TGQ,TYMS,6f6z,502,B,24,C,2367,CA,127.188,-27.782,10.168,TGQ,CN(C[C@H]1CNC2=C(N1)C(=O)N=C(N2)N)c3ccc(cc3)C(=O)N[C@@H](CCC(=O)O)C(=O)O
TGQ,TYMS,6f6z,502,B,25,C,2371,CB,127.873,-27.059,8.998,TGQ,CN(C[C@H]1CNC2=C(N1)C(=O)N=C(N2)N)c3ccc(cc3)C(=O)N[C@@H](CCC(=O)O)C(=O)O
TGQ,TYMS,6f6z,502,B,0,C,2379,CBG,118.98,-24.734,11.313,TGQ,CN(C[C@H]1CNC2=C(N1)C(=O)N=C(N2)N)c3ccc(cc3)C(=O)N[C@@H](CCC(=O)O)C(=O)O
TGQ,TYMS,6f6z,502,B,27,C,2373,CD,128.061,-26.792,6.459,TGQ,CN(C[C@H]1CNC2=C(N1)C(=O)N=C(N2)N)c3ccc(cc3)C(=O)N[C@@H](CCC(=O)O)C(=O)O
TGQ,TYMS,6f6z,502,B,26,C,2372,CG,127.301,-27.452,7.63,TGQ,CN(C[C@H]1CNC2=C(N1)C(=O)N=C(N2)N)c3ccc(cc3)C(=O)N[C@@H](CCC(=O)O)C(=O)O
TGQ,TYMS,6f6z,502,B,30,C,2368,CT,128.057,-27.573,11.483,TGQ,CN(C[C@H]1CNC2=C(N1)C(=O)N=C(N2)N)c3ccc(cc3)C(=O)N[C@@H](CCC(=O)O)C(=O)O
TGQ,TYMS,6f6z,502,B,23,N,2366,N,125.779,-27.324,10.32,TGQ,CN(C[C@H]1CNC2=C(N1)C(=O)N=C(N2)N)c3ccc(cc3)C(=O)N[C@@H](CCC(=O)O)C(=O)O
TGQ,TYMS,6f6z,502,B,13,N,2349,N1,117.924,-31.995,12.087,TGQ,CN(C[C@H]1CNC2=C(N1)C(=O)N=C(N2)N)c3ccc(cc3)C(=O)N[C@@H](CCC(=O)O)C(=O)O
TGQ,TYMS,6f6z,502,B,1,N,2358,N10,119.241,-25.934,10.488,TGQ,CN(C[C@H]1CNC2=C(N1)C(=O)N=C(N2)N)c3ccc(cc3)C(=O)N[C@@H](CCC(=O)O)C(=O)O
TGQ,TYMS,6f6z,502,B,11,N,2347,N3,119.2,-31.194,13.959,TGQ,CN(C[C@H]1CNC2=C(N1)C(=O)N=C(N2)N)c3ccc(cc3)C(=O)N[C@@H](CCC(=O)O)C(=O)O
TGQ,TYMS,6f6z,502,B,8,N,2356,N5,118.628,-28.383,11.635,TGQ,CN(C[C@H]1CNC2=C(N1)C(=O)N=C(N2)N)c3ccc(cc3)C(=O)N[C@@H](CCC(=O)O)C(=O)O
TGQ,TYMS,6f6z,502,B,5,N,2353,N8,117.334,-30.501,10.344,TGQ,CN(C[C@H]1CNC2=C(N1)C(=O)N=C(N2)N)c3ccc(cc3)C(=O)N[C@@H](CCC(=O)O)C(=O)O
TGQ,TYMS,6f6z,502,B,14,N,2378,NA2,118.558,-33.432,13.878,TGQ,CN(C[C@H]1CNC2=C(N1)C(=O)N=C(N2)N)c3ccc(cc3)C(=O)N[C@@H](CCC(=O)O)C(=O)O
TGQ,TYMS,6f6z,502,B,22,O,2376,O,124.771,-28.773,8.856,TGQ,CN(C[C@H]1CNC2=C(N1)C(=O)N=C(N2)N)c3ccc(cc3)C(=O)N[C@@H](CCC(=O)O)C(=O)O
TGQ,TYMS,6f6z,502,B,31,O,2369,O1,128.545,-28.605,11.991,TGQ,CN(C[C@H]1CNC2=C(N1)C(=O)N=C(N2)N)c3ccc(cc3)C(=O)N[C@@H](CCC(=O)O)C(=O)O
TGQ,TYMS,6f6z,502,B,32,O,2370,O2,128.18,-26.395,11.898,TGQ,CN(C[C@H]1CNC2=C(N1)C(=O)N=C(N2)N)c3ccc(cc3)C(=O)N[C@@H](CCC(=O)O)C(=O)O
TGQ,TYMS,6f6z,502,B,10,O,2377,O4,119.871,-29.045,14.15,TGQ,CN(C[C@H]1CNC2=C(N1)C(=O)N=C(N2)N)c3ccc(cc3)C(=O)N[C@@H](CCC(=O)O)C(=O)O
TGQ,TYMS,6f6z,502,B,28,O,2374,OE1,129.121,-26.166,6.728,TGQ,CN(C[C@H]1CNC2=C(N1)C(=O)N=C(N2)N)c3ccc(cc3)C(=O)N[C@@H](CCC(=O)O)C(=O)O
TGQ,TYMS,6f6z,502,B,29,O,2375,OE2,127.599,-26.901,5.301,TGQ,CN(C[C@H]1CNC2=C(N1)C(=O)N=C(N2)N)c3ccc(cc3)C(=O)N[C@@H](CCC(=O)O)C(=O)O
TIY,TYMS,4g2o,500,X,3,C,2159,C02,31.186,-56.087,12.99,TIY,c1c2c(c(c(c1O)O)O)C(=O)C(=CC=C2)O
TIY,TYMS,4g2o,500,X,2,C,2160,C03,31.618,-54.826,13.333,TIY,c1c2c(c(c(c1O)O)O)C(=O)C(=CC=C2)O
TIY,TYMS,4g2o,500,X,1,C,2161,C04,30.668,-53.832,13.445,TIY,c1c2c(c(c(c1O)O)O)C(=O)C(=CC=C2)O
TIY,TYMS,4g2o,500,X,14,C,2162,C05,30.928,-52.432,13.783,TIY,c1c2c(c(c(c1O)O)O)C(=O)C(=CC=C2)O
TIY,TYMS,4g2o,500,X,13,C,2163,C06,32.063,-51.795,14.019,TIY,c1c2c(c(c(c1O)O)O)C(=O)C(=CC=C2)O
TIY,TYMS,4g2o,500,X,12,C,2164,C07,33.41,-52.344,14.044,TIY,c1c2c(c(c(c1O)O)O)C(=O)C(=CC=C2)O
TIY,TYMS,4g2o,500,X,11,C,2165,C08,33.82,-53.605,13.827,TIY,c1c2c(c(c(c1O)O)O)C(=O)C(=CC=C2)O
TIY,TYMS,4g2o,500,X,9,C,2166,C09,33.099,-54.686,13.528,TIY,c1c2c(c(c(c1O)O)O)C(=O)C(=CC=C2)O
TIY,TYMS,4g2o,500,X,0,C,2169,C12,29.325,-54.09,13.227,TIY,c1c2c(c(c(c1O)O)O)C(=O)C(=CC=C2)O
TIY,TYMS,4g2o,500,X,5,C,2156,C13,28.9,-55.358,12.89,TIY,c1c2c(c(c(c1O)O)O)C(=O)C(=CC=C2)O
TIY,TYMS,4g2o,500,X,4,C,2157,C15,29.848,-56.359,12.775,TIY,c1c2c(c(c(c1O)O)O)C(=O)C(=CC=C2)O
TIY,TYMS,4g2o,500,X,8,O,2158,O01,32.112,-57.076,12.873,TIY,c1c2c(c(c(c1O)O)O)C(=O)C(=CC=C2)O
TIY,TYMS,4g2o,500,X,10,O,2167,O10,33.74,-55.713,13.376,TIY,c1c2c(c(c(c1O)O)O)C(=O)C(=CC=C2)O
TIY,TYMS,4g2o,500,X,15,O,2168,O11,35.127,-53.834,13.917,TIY,c1c2c(c(c(c1O)O)O)C(=O)C(=CC=C2)O
TIY,TYMS,4g2o,500,X,6,O,2170,O14,27.579,-55.604,12.682,TIY,c1c2c(c(c(c1O)O)O)C(=O)C(=CC=C2)O
TIY,TYMS,4g2o,500,X,7,O,2171,O16,29.501,-57.638,12.446,TIY,c1c2c(c(c(c1O)O)O)C(=O)C(=CC=C2)O
