Target,pdb_id,Warhead,Residue_ID,Variant,Chain,atom_id,exact_atom,x,y,z,Exposure_A2,AtomIndex,AtomSymbol,SMILES
TYMS,3ob7,GSH,314,1,D,2269,N1,19.393,-18.998,59.358,2.187,19.0,N,C(CC(=O)N[C@@H](CS)C(=O)NCC(=O)O)[C@@H](C(=O)O)N
TYMS,3ob7,GSH,314,1,D,2270,CA1,20.192,-18.384,60.403,2.415,15.0,C,C(CC(=O)N[C@@H](CS)C(=O)NCC(=O)O)[C@@H](C(=O)O)N
TYMS,3ob7,GSH,314,1,D,2271,C1,20.125,-19.263,61.517,1.208,16.0,C,C(CC(=O)N[C@@H](CS)C(=O)NCC(=O)O)[C@@H](C(=O)O)N
TYMS,3ob7,GSH,314,1,D,2272,O11,19.055,-19.672,61.89,27.858,17.0,O,C(CC(=O)N[C@@H](CS)C(=O)NCC(=O)O)[C@@H](C(=O)O)N
TYMS,3ob7,GSH,314,1,D,2273,O12,21.28,-19.59,62.065,20.358,18.0,O,C(CC(=O)N[C@@H](CS)C(=O)NCC(=O)O)[C@@H](C(=O)O)N
TYMS,3ob7,GSH,314,1,D,2274,CB1,19.632,-17.008,60.723,22.945,0.0,C,C(CC(=O)N[C@@H](CS)C(=O)NCC(=O)O)[C@@H](C(=O)O)N
TYMS,3ob7,GSH,314,1,D,2275,CG1,19.931,-16.361,59.432,6.038,1.0,C,C(CC(=O)N[C@@H](CS)C(=O)NCC(=O)O)[C@@H](C(=O)O)N
TYMS,3ob7,GSH,314,1,D,2276,CD1,19.625,-14.942,59.133,3.623,2.0,C,C(CC(=O)N[C@@H](CS)C(=O)NCC(=O)O)[C@@H](C(=O)O)N
TYMS,3ob7,GSH,314,1,D,2277,OE1,19.093,-14.131,59.873,23.572,3.0,O,C(CC(=O)N[C@@H](CS)C(=O)NCC(=O)O)[C@@H](C(=O)O)N
TYMS,3ob7,GSH,314,1,D,2278,N2,20.117,-14.823,57.946,3.281,4.0,N,C(CC(=O)N[C@@H](CS)C(=O)NCC(=O)O)[C@@H](C(=O)O)N
TYMS,3ob7,GSH,314,1,D,2279,CA2,20.341,-13.857,56.916,9.661,5.0,C,C(CC(=O)N[C@@H](CS)C(=O)NCC(=O)O)[C@@H](C(=O)O)N
TYMS,3ob7,GSH,314,1,D,2280,C2,19.845,-12.508,56.758,3.623,8.0,C,C(CC(=O)N[C@@H](CS)C(=O)NCC(=O)O)[C@@H](C(=O)O)N
TYMS,3ob7,GSH,314,1,D,2281,O2,19.076,-11.941,57.504,7.5,9.0,O,C(CC(=O)N[C@@H](CS)C(=O)NCC(=O)O)[C@@H](C(=O)O)N
TYMS,3ob7,GSH,314,1,D,2283,SG2,20.528,-16.292,55.787,6.434,7.0,S,C(CC(=O)N[C@@H](CS)C(=O)NCC(=O)O)[C@@H](C(=O)O)N
TYMS,3ob7,GSH,314,1,D,2284,N3,20.407,-12.0,55.658,2.187,10.0,N,C(CC(=O)N[C@@H](CS)C(=O)NCC(=O)O)[C@@H](C(=O)O)N
TYMS,3ob7,GSH,314,1,D,2285,CA3,20.408,-10.787,54.922,8.453,11.0,C,C(CC(=O)N[C@@H](CS)C(=O)NCC(=O)O)[C@@H](C(=O)O)N
TYMS,3ob7,GSH,314,1,D,2286,C3,21.362,-11.059,53.777,4.831,12.0,C,C(CC(=O)N[C@@H](CS)C(=O)NCC(=O)O)[C@@H](C(=O)O)N
TYMS,3ob7,GSH,314,1,D,2287,O31,21.908,-12.193,53.713,18.215,13.0,O,C(CC(=O)N[C@@H](CS)C(=O)NCC(=O)O)[C@@H](C(=O)O)N
TYMS,3ob7,GSH,314,1,D,2288,O32,21.577,-10.162,52.941,3.214,14.0,O,C(CC(=O)N[C@@H](CS)C(=O)NCC(=O)O)[C@@H](C(=O)O)N
TYMS,4e28,9MZ,404,1,A,2097,C2,55.707,-17.401,14.14,1.208,2.0,C,c1ccc(c(c1)/C=N/NC2=NC(=O)[C@@H](S2)CC(=O)Nc3cccc(c3)C(F)(F)F)O
TYMS,4e28,9MZ,404,1,A,2098,C4,54.174,-18.441,12.614,7.246,0.0,C,c1ccc(c(c1)/C=N/NC2=NC(=O)[C@@H](S2)CC(=O)Nc3cccc(c3)C(F)(F)F)O
TYMS,4e28,9MZ,404,1,A,2099,C5,53.161,-18.327,13.55,6.038,5.0,C,c1ccc(c(c1)/C=N/NC2=NC(=O)[C@@H](S2)CC(=O)Nc3cccc(c3)C(F)(F)F)O
TYMS,4e28,9MZ,404,1,A,2101,F28,42.095,-21.023,10.537,3.105,26.0,F,c1ccc(c(c1)/C=N/NC2=NC(=O)[C@@H](S2)CC(=O)Nc3cccc(c3)C(F)(F)F)O
TYMS,4e28,9MZ,404,1,A,2103,F30,42.182,-22.992,9.666,21.737,28.0,F,c1ccc(c(c1)/C=N/NC2=NC(=O)[C@@H](S2)CC(=O)Nc3cccc(c3)C(F)(F)F)O
TYMS,4e28,9MZ,404,1,A,2104,F29,41.002,-22.626,11.45,32.087,27.0,F,c1ccc(c(c1)/C=N/NC2=NC(=O)[C@@H](S2)CC(=O)Nc3cccc(c3)C(F)(F)F)O
TYMS,4e28,9MZ,404,1,A,2105,C25,43.297,-22.638,11.66,3.623,23.0,C,c1ccc(c(c1)/C=N/NC2=NC(=O)[C@@H](S2)CC(=O)Nc3cccc(c3)C(F)(F)F)O
TYMS,4e28,9MZ,404,1,A,2106,C26,44.192,-21.634,12.01,8.453,24.0,C,c1ccc(c(c1)/C=N/NC2=NC(=O)[C@@H](S2)CC(=O)Nc3cccc(c3)C(F)(F)F)O
TYMS,4e28,9MZ,404,1,A,2107,C24,43.511,-23.944,12.089,10.869,22.0,C,c1ccc(c(c1)/C=N/NC2=NC(=O)[C@@H](S2)CC(=O)Nc3cccc(c3)C(F)(F)F)O
TYMS,4e28,9MZ,404,1,A,2108,C23,44.612,-24.244,12.883,10.869,21.0,C,c1ccc(c(c1)/C=N/NC2=NC(=O)[C@@H](S2)CC(=O)Nc3cccc(c3)C(F)(F)F)O
TYMS,4e28,9MZ,404,1,A,2109,C22,45.503,-23.24,13.236,7.246,20.0,C,c1ccc(c(c1)/C=N/NC2=NC(=O)[C@@H](S2)CC(=O)Nc3cccc(c3)C(F)(F)F)O
TYMS,4e28,9MZ,404,1,A,2110,C21,45.299,-21.935,12.797,4.831,19.0,C,c1ccc(c(c1)/C=N/NC2=NC(=O)[C@@H](S2)CC(=O)Nc3cccc(c3)C(F)(F)F)O
TYMS,4e28,9MZ,404,1,A,2111,N18,46.22,-20.95,13.183,2.187,18.0,N,c1ccc(c(c1)/C=N/NC2=NC(=O)[C@@H](S2)CC(=O)Nc3cccc(c3)C(F)(F)F)O
TYMS,4e28,9MZ,404,1,A,2112,C17,46.361,-19.766,12.587,2.415,16.0,C,c1ccc(c(c1)/C=N/NC2=NC(=O)[C@@H](S2)CC(=O)Nc3cccc(c3)C(F)(F)F)O
TYMS,4e28,9MZ,404,1,A,2113,O19,45.721,-19.379,11.624,2.143,17.0,O,c1ccc(c(c1)/C=N/NC2=NC(=O)[C@@H](S2)CC(=O)Nc3cccc(c3)C(F)(F)F)O
TYMS,4e28,9MZ,404,1,A,2116,C14,47.564,-19.739,15.562,4.831,11.0,C,c1ccc(c(c1)/C=N/NC2=NC(=O)[C@@H](S2)CC(=O)Nc3cccc(c3)C(F)(F)F)O
TYMS,4e28,9MZ,404,1,A,2117,O20,47.06,-20.849,15.538,17.143,12.0,O,c1ccc(c(c1)/C=N/NC2=NC(=O)[C@@H](S2)CC(=O)Nc3cccc(c3)C(F)(F)F)O
TYMS,4e28,9MZ,404,1,A,2118,N15,48.56,-19.395,16.388,16.404,10.0,N,c1ccc(c(c1)/C=N/NC2=NC(=O)[C@@H](S2)CC(=O)Nc3cccc(c3)C(F)(F)F)O
TYMS,4e28,9MZ,404,1,A,2121,N10,50.285,-17.928,16.501,1.094,8.0,N,c1ccc(c(c1)/C=N/NC2=NC(=O)[C@@H](S2)CC(=O)Nc3cccc(c3)C(F)(F)F)O
TYMS,4e28,9MZ,404,1,A,2122,N9,51.204,-18.058,15.567,2.187,7.0,N,c1ccc(c(c1)/C=N/NC2=NC(=O)[C@@H](S2)CC(=O)Nc3cccc(c3)C(F)(F)F)O
TYMS,4e28,9MZ,404,1,A,2124,C3,55.445,-17.98,12.91,3.623,1.0,C,c1ccc(c(c1)/C=N/NC2=NC(=O)[C@@H](S2)CC(=O)Nc3cccc(c3)C(F)(F)F)O
TYMS,4e28,9MZ,404,1,A,2128,H4,53.972,-18.891,11.65,2.548,,,c1ccc(c(c1)/C=N/NC2=NC(=O)[C@@H](S2)CC(=O)Nc3cccc(c3)C(F)(F)F)O
TYMS,4e28,9MZ,404,1,A,2129,H5,52.165,-18.686,13.321,4.247,,,c1ccc(c(c1)/C=N/NC2=NC(=O)[C@@H](S2)CC(=O)Nc3cccc(c3)C(F)(F)F)O
TYMS,4e28,9MZ,404,1,A,2130,H26,44.029,-20.619,11.67,2.548,,,c1ccc(c(c1)/C=N/NC2=NC(=O)[C@@H](S2)CC(=O)Nc3cccc(c3)C(F)(F)F)O
TYMS,4e28,9MZ,404,1,A,2131,H24,42.813,-24.725,11.814,19.538,,,c1ccc(c(c1)/C=N/NC2=NC(=O)[C@@H](S2)CC(=O)Nc3cccc(c3)C(F)(F)F)O
TYMS,4e28,9MZ,404,1,A,2132,H23,44.776,-25.26,13.221,26.334,,,c1ccc(c(c1)/C=N/NC2=NC(=O)[C@@H](S2)CC(=O)Nc3cccc(c3)C(F)(F)F)O
TYMS,4e28,9MZ,404,1,A,2133,H22,46.363,-23.473,13.852,18.689,,,c1ccc(c(c1)/C=N/NC2=NC(=O)[C@@H](S2)CC(=O)Nc3cccc(c3)C(F)(F)F)O
TYMS,4e28,9MZ,404,1,A,2135,H162,48.396,-19.348,13.091,4.247,,,c1ccc(c(c1)/C=N/NC2=NC(=O)[C@@H](S2)CC(=O)Nc3cccc(c3)C(F)(F)F)O
TYMS,4e28,9MZ,404,1,A,2136,H13,46.046,-18.409,14.798,5.097,,,c1ccc(c(c1)/C=N/NC2=NC(=O)[C@@H](S2)CC(=O)Nc3cccc(c3)C(F)(F)F)O
TYMS,4e28,0MZ,403,1,A,2053,F28,41.945,-24.044,12.263,33.123,25.0,F,c1ccc(c(c1)/C=N/N=C\2/N=C([C@@H](S2)CC(=O)Nc3cccc(c3)C(F)(F)F)O)O
TYMS,4e28,0MZ,403,1,A,2055,F30,40.984,-23.055,10.61,20.702,27.0,F,c1ccc(c(c1)/C=N/N=C\2/N=C([C@@H](S2)CC(=O)Nc3cccc(c3)C(F)(F)F)O)O
TYMS,4e28,0MZ,403,1,A,2056,F29,42.15,-24.836,10.265,35.193,26.0,F,c1ccc(c(c1)/C=N/N=C\2/N=C([C@@H](S2)CC(=O)Nc3cccc(c3)C(F)(F)F)O)O
TYMS,4e28,0MZ,403,1,A,2057,C25,43.271,-22.886,10.773,3.623,22.0,C,c1ccc(c(c1)/C=N/N=C\2/N=C([C@@H](S2)CC(=O)Nc3cccc(c3)C(F)(F)F)O)O
TYMS,4e28,0MZ,403,1,A,2058,C26,43.872,-22.257,11.856,6.038,23.0,C,c1ccc(c(c1)/C=N/N=C\2/N=C([C@@H](S2)CC(=O)Nc3cccc(c3)C(F)(F)F)O)O
TYMS,4e28,0MZ,403,1,A,2059,C24,43.794,-22.721,9.495,2.415,21.0,C,c1ccc(c(c1)/C=N/N=C\2/N=C([C@@H](S2)CC(=O)Nc3cccc(c3)C(F)(F)F)O)O
TYMS,4e28,0MZ,403,1,A,2060,C23,44.923,-21.932,9.302,7.246,20.0,C,c1ccc(c(c1)/C=N/N=C\2/N=C([C@@H](S2)CC(=O)Nc3cccc(c3)C(F)(F)F)O)O
TYMS,4e28,0MZ,403,1,A,2061,C22,45.523,-21.302,10.384,7.246,19.0,C,c1ccc(c(c1)/C=N/N=C\2/N=C([C@@H](S2)CC(=O)Nc3cccc(c3)C(F)(F)F)O)O
TYMS,4e28,0MZ,403,1,A,2062,C21,45.002,-21.475,11.66,3.623,18.0,C,c1ccc(c(c1)/C=N/N=C\2/N=C([C@@H](S2)CC(=O)Nc3cccc(c3)C(F)(F)F)O)O
TYMS,4e28,0MZ,403,1,A,2063,N18,45.599,-20.841,12.751,4.374,17.0,N,c1ccc(c(c1)/C=N/N=C\2/N=C([C@@H](S2)CC(=O)Nc3cccc(c3)C(F)(F)F)O)O
TYMS,4e28,0MZ,403,1,A,2065,O19,46.687,-22.694,13.409,37.501,16.0,O,c1ccc(c(c1)/C=N/N=C\2/N=C([C@@H](S2)CC(=O)Nc3cccc(c3)C(F)(F)F)O)O
TYMS,4e28,0MZ,403,1,A,2066,C16,46.986,-20.729,14.71,1.208,14.0,C,c1ccc(c(c1)/C=N/N=C\2/N=C([C@@H](S2)CC(=O)Nc3cccc(c3)C(F)(F)F)O)O
TYMS,4e28,0MZ,403,1,A,2069,O20,45.781,-18.04,15.746,5.357,28.0,O,c1ccc(c(c1)/C=N/N=C\2/N=C([C@@H](S2)CC(=O)Nc3cccc(c3)C(F)(F)F)O)O
TYMS,4e28,0MZ,403,1,A,2070,N15,48.02,-17.84,15.959,6.562,10.0,N,c1ccc(c(c1)/C=N/N=C\2/N=C([C@@H](S2)CC(=O)Nc3cccc(c3)C(F)(F)F)O)O
TYMS,4e28,0MZ,403,1,A,2071,C11,49.181,-18.083,15.364,4.831,9.0,C,c1ccc(c(c1)/C=N/N=C\2/N=C([C@@H](S2)CC(=O)Nc3cccc(c3)C(F)(F)F)O)O
TYMS,4e28,0MZ,403,1,A,2072,S12,49.046,-19.088,14.053,7.721,13.0,S,c1ccc(c(c1)/C=N/N=C\2/N=C([C@@H](S2)CC(=O)Nc3cccc(c3)C(F)(F)F)O)O
TYMS,4e28,0MZ,403,1,A,2073,N10,50.273,-17.612,15.756,1.094,8.0,N,c1ccc(c(c1)/C=N/N=C\2/N=C([C@@H](S2)CC(=O)Nc3cccc(c3)C(F)(F)F)O)O
TYMS,4e28,0MZ,403,1,A,2074,N9,51.394,-17.973,14.996,1.094,7.0,N,c1ccc(c(c1)/C=N/N=C\2/N=C([C@@H](S2)CC(=O)Nc3cccc(c3)C(F)(F)F)O)O
TYMS,4e28,0MZ,403,1,A,2075,C8,52.564,-17.856,15.429,1.208,6.0,C,c1ccc(c(c1)/C=N/N=C\2/N=C([C@@H](S2)CC(=O)Nc3cccc(c3)C(F)(F)F)O)O
TYMS,4e28,0MZ,403,1,A,2077,C5,53.317,-18.734,13.279,6.038,5.0,C,c1ccc(c(c1)/C=N/N=C\2/N=C([C@@H](S2)CC(=O)Nc3cccc(c3)C(F)(F)F)O)O
TYMS,4e28,0MZ,403,1,A,2078,C4,54.297,-19.134,12.387,3.623,0.0,C,c1ccc(c(c1)/C=N/N=C\2/N=C([C@@H](S2)CC(=O)Nc3cccc(c3)C(F)(F)F)O)O
TYMS,4e28,0MZ,403,1,A,2079,C3,55.628,-19.06,12.751,3.623,1.0,C,c1ccc(c(c1)/C=N/N=C\2/N=C([C@@H](S2)CC(=O)Nc3cccc(c3)C(F)(F)F)O)O
TYMS,4e28,0MZ,403,1,A,2083,H26,43.465,-22.384,12.851,12.742,,,c1ccc(c(c1)/C=N/N=C\2/N=C([C@@H](S2)CC(=O)Nc3cccc(c3)C(F)(F)F)O)O
TYMS,4e28,0MZ,403,1,A,2084,H24,43.324,-23.21,8.651,5.946,,,c1ccc(c(c1)/C=N/N=C\2/N=C([C@@H](S2)CC(=O)Nc3cccc(c3)C(F)(F)F)O)O
TYMS,4e28,0MZ,403,1,A,2086,H22,46.404,-20.69,10.236,1.699,,,c1ccc(c(c1)/C=N/N=C\2/N=C([C@@H](S2)CC(=O)Nc3cccc(c3)C(F)(F)F)O)O
TYMS,4e28,0MZ,403,1,A,2087,H161,47.892,-21.22,15.072,16.99,,,c1ccc(c(c1)/C=N/N=C\2/N=C([C@@H](S2)CC(=O)Nc3cccc(c3)C(F)(F)F)O)O
TYMS,4e28,0MZ,403,1,A,2088,H162,46.267,-20.698,15.531,9.344,,,c1ccc(c(c1)/C=N/N=C\2/N=C([C@@H](S2)CC(=O)Nc3cccc(c3)C(F)(F)F)O)O
TYMS,4e28,0MZ,403,1,A,2089,H13,46.757,-19.047,13.354,1.699,,,c1ccc(c(c1)/C=N/N=C\2/N=C([C@@H](S2)CC(=O)Nc3cccc(c3)C(F)(F)F)O)O
TYMS,4e28,0MZ,403,1,A,2090,HO20,45.81,-17.471,16.527,1.699,,,c1ccc(c(c1)/C=N/N=C\2/N=C([C@@H](S2)CC(=O)Nc3cccc(c3)C(F)(F)F)O)O
TYMS,4e28,0MZ,403,1,A,2092,H5,52.274,-18.794,12.997,0.849,,,c1ccc(c(c1)/C=N/N=C\2/N=C([C@@H](S2)CC(=O)Nc3cccc(c3)C(F)(F)F)O)O
TYMS,4e28,0MZ,403,1,A,2093,H4,54.021,-19.504,11.408,4.247,,,c1ccc(c(c1)/C=N/N=C\2/N=C([C@@H](S2)CC(=O)Nc3cccc(c3)C(F)(F)F)O)O
TYMS,4e28,0MZ,403,1,A,2094,H3,56.397,-19.371,12.054,2.548,,,c1ccc(c(c1)/C=N/N=C\2/N=C([C@@H](S2)CC(=O)Nc3cccc(c3)C(F)(F)F)O)O
TYMS,3ob7,GSH,581,1,A,2269,N1,20.168,-6.748,103.81,24.059,19.0,N,C(CC(=O)N[C@@H](CS)C(=O)NCC(=O)O)[C@@H](C(=O)O)N
TYMS,3ob7,GSH,581,1,A,2270,CA1,21.032,-5.701,104.361,13.284,15.0,C,C(CC(=O)N[C@@H](CS)C(=O)NCC(=O)O)[C@@H](C(=O)O)N
TYMS,3ob7,GSH,581,1,A,2271,C1,20.156,-4.54,104.565,4.831,16.0,C,C(CC(=O)N[C@@H](CS)C(=O)NCC(=O)O)[C@@H](C(=O)O)N
TYMS,3ob7,GSH,581,1,A,2272,O11,19.838,-4.233,105.662,12.858,17.0,O,C(CC(=O)N[C@@H](CS)C(=O)NCC(=O)O)[C@@H](C(=O)O)N
TYMS,3ob7,GSH,581,1,A,2273,O12,19.704,-3.899,103.508,8.572,18.0,O,C(CC(=O)N[C@@H](CS)C(=O)NCC(=O)O)[C@@H](C(=O)O)N
TYMS,3ob7,GSH,581,1,A,2274,CB1,22.139,-5.38,103.352,2.415,0.0,C,C(CC(=O)N[C@@H](CS)C(=O)NCC(=O)O)[C@@H](C(=O)O)N
TYMS,3ob7,GSH,581,1,A,2275,CG1,22.989,-6.642,103.15,19.322,1.0,C,C(CC(=O)N[C@@H](CS)C(=O)NCC(=O)O)[C@@H](C(=O)O)N
TYMS,3ob7,GSH,581,1,A,2276,CD1,24.064,-6.5,102.074,1.208,2.0,C,C(CC(=O)N[C@@H](CS)C(=O)NCC(=O)O)[C@@H](C(=O)O)N
TYMS,3ob7,GSH,581,1,A,2278,N2,24.733,-7.643,101.854,2.187,4.0,N,C(CC(=O)N[C@@H](CS)C(=O)NCC(=O)O)[C@@H](C(=O)O)N
TYMS,3ob7,GSH,581,1,A,2280,C2,24.917,-8.552,99.692,1.208,8.0,C,C(CC(=O)N[C@@H](CS)C(=O)NCC(=O)O)[C@@H](C(=O)O)N
TYMS,3ob7,GSH,581,1,A,2281,O2,23.733,-8.752,99.907,18.215,9.0,O,C(CC(=O)N[C@@H](CS)C(=O)NCC(=O)O)[C@@H](C(=O)O)N
TYMS,3ob7,GSH,581,1,A,2282,CB2,26.805,-8.845,101.333,19.322,6.0,C,C(CC(=O)N[C@@H](CS)C(=O)NCC(=O)O)[C@@H](C(=O)O)N
TYMS,3ob7,GSH,581,1,A,2283,SG2,27.849,-8.099,102.628,23.162,7.0,S,C(CC(=O)N[C@@H](CS)C(=O)NCC(=O)O)[C@@H](C(=O)O)N
TYMS,3ob7,GSH,581,1,A,2285,CA3,24.553,-9.65,97.488,14.492,11.0,C,C(CC(=O)N[C@@H](CS)C(=O)NCC(=O)O)[C@@H](C(=O)O)N
TYMS,3ob7,GSH,581,1,A,2286,C3,25.308,-10.055,96.252,3.623,12.0,C,C(CC(=O)N[C@@H](CS)C(=O)NCC(=O)O)[C@@H](C(=O)O)N
TYMS,3ob7,GSH,581,1,A,2287,O31,26.529,-9.806,96.178,3.214,13.0,O,C(CC(=O)N[C@@H](CS)C(=O)NCC(=O)O)[C@@H](C(=O)O)N
TYMS,3ob7,GSH,581,1,A,2288,O32,24.673,-10.637,95.339,3.214,14.0,O,C(CC(=O)N[C@@H](CS)C(=O)NCC(=O)O)[C@@H](C(=O)O)N
TYMS,4g2o,TIY,500,1,X,2156,C13,28.9,-55.358,12.89,8.453,5.0,C,c1c2c(c(c(c1O)O)O)C(=O)C(=CC=C2)O
TYMS,4g2o,TIY,500,1,X,2157,C15,29.848,-56.359,12.775,7.246,4.0,C,c1c2c(c(c(c1O)O)O)C(=O)C(=CC=C2)O
TYMS,4g2o,TIY,500,1,X,2158,O01,32.112,-57.076,12.873,26.786,8.0,O,c1c2c(c(c(c1O)O)O)C(=O)C(=CC=C2)O
TYMS,4g2o,TIY,500,1,X,2159,C02,31.186,-56.087,12.99,2.415,3.0,C,c1c2c(c(c(c1O)O)O)C(=O)C(=CC=C2)O
TYMS,4g2o,TIY,500,1,X,2161,C04,30.668,-53.832,13.445,4.831,1.0,C,c1c2c(c(c(c1O)O)O)C(=O)C(=CC=C2)O
TYMS,4g2o,TIY,500,1,X,2162,C05,30.928,-52.432,13.783,21.737,14.0,C,c1c2c(c(c(c1O)O)O)C(=O)C(=CC=C2)O
TYMS,4g2o,TIY,500,1,X,2163,C06,32.063,-51.795,14.019,8.453,13.0,C,c1c2c(c(c(c1O)O)O)C(=O)C(=CC=C2)O
TYMS,4g2o,TIY,500,1,X,2167,O10,33.74,-55.713,13.376,8.572,10.0,O,c1c2c(c(c(c1O)O)O)C(=O)C(=CC=C2)O
TYMS,4g2o,TIY,500,1,X,2169,C12,29.325,-54.09,13.227,24.153,0.0,C,c1c2c(c(c(c1O)O)O)C(=O)C(=CC=C2)O
TYMS,4g2o,TIY,500,1,X,2170,O14,27.579,-55.604,12.682,47.144,6.0,O,c1c2c(c(c(c1O)O)O)C(=O)C(=CC=C2)O
TYMS,4g2o,TIY,500,1,X,2171,O16,29.501,-57.638,12.446,43.93,7.0,O,c1c2c(c(c(c1O)O)O)C(=O)C(=CC=C2)O
TYMS,4ez8,DHF,402,1,A,2620,N1,21.126,-15.456,12.302,5.468,26.0,N,c1cc(ccc1C(=O)N[C@@H](CCC(=O)O)C(=O)O)NCC2=NC3=C(NC2)NC(=NC3=O)N
TYMS,4ez8,DHF,402,1,A,2621,C2,22.426,-15.251,12.508,3.623,27.0,C,c1cc(ccc1C(=O)N[C@@H](CCC(=O)O)C(=O)O)NCC2=NC3=C(NC2)NC(=NC3=O)N
TYMS,4ez8,DHF,402,1,A,2622,NA2,22.828,-14.947,13.722,2.187,31.0,N,c1cc(ccc1C(=O)N[C@@H](CCC(=O)O)C(=O)O)NCC2=NC3=C(NC2)NC(=NC3=O)N
TYMS,4ez8,DHF,402,1,A,2623,N3,23.349,-15.31,11.513,1.094,28.0,N,c1cc(ccc1C(=O)N[C@@H](CCC(=O)O)C(=O)O)NCC2=NC3=C(NC2)NC(=NC3=O)N
TYMS,4ez8,DHF,402,1,A,2624,C4,23.022,-15.568,10.204,3.623,29.0,C,c1cc(ccc1C(=O)N[C@@H](CCC(=O)O)C(=O)O)NCC2=NC3=C(NC2)NC(=NC3=O)N
TYMS,4ez8,DHF,402,1,A,2625,O4,23.894,-15.557,9.315,4.286,30.0,O,c1cc(ccc1C(=O)N[C@@H](CCC(=O)O)C(=O)O)NCC2=NC3=C(NC2)NC(=NC3=O)N
TYMS,4ez8,DHF,402,1,A,2627,N5,21.21,-16.255,8.71,6.562,21.0,N,c1cc(ccc1C(=O)N[C@@H](CCC(=O)O)C(=O)O)NCC2=NC3=C(NC2)NC(=NC3=O)N
TYMS,4ez8,DHF,402,1,A,2628,C6,19.929,-16.702,8.574,1.208,20.0,C,c1cc(ccc1C(=O)N[C@@H](CCC(=O)O)C(=O)O)NCC2=NC3=C(NC2)NC(=NC3=O)N
TYMS,4ez8,DHF,402,1,A,2629,C7,19.007,-16.599,9.639,1.208,25.0,C,c1cc(ccc1C(=O)N[C@@H](CCC(=O)O)C(=O)O)NCC2=NC3=C(NC2)NC(=NC3=O)N
TYMS,4ez8,DHF,402,1,A,2630,N8,19.414,-16.073,10.846,8.749,24.0,N,c1cc(ccc1C(=O)N[C@@H](CCC(=O)O)C(=O)O)NCC2=NC3=C(NC2)NC(=NC3=O)N
TYMS,4ez8,DHF,402,1,A,2631,C8A,20.748,-15.794,11.04,1.208,23.0,C,c1cc(ccc1C(=O)N[C@@H](CCC(=O)O)C(=O)O)NCC2=NC3=C(NC2)NC(=NC3=O)N
TYMS,4ez8,DHF,402,1,A,2632,C9,19.527,-17.233,7.242,3.623,19.0,C,c1cc(ccc1C(=O)N[C@@H](CCC(=O)O)C(=O)O)NCC2=NC3=C(NC2)NC(=NC3=O)N
TYMS,4ez8,DHF,402,1,A,2633,N10,20.649,-17.774,6.485,2.187,18.0,N,c1cc(ccc1C(=O)N[C@@H](CCC(=O)O)C(=O)O)NCC2=NC3=C(NC2)NC(=NC3=O)N
TYMS,4ez8,DHF,402,1,A,2639,C16,21.821,-20.553,8.578,1.208,4.0,C,c1cc(ccc1C(=O)N[C@@H](CCC(=O)O)C(=O)O)NCC2=NC3=C(NC2)NC(=NC3=O)N
TYMS,4ez8,DHF,402,1,A,2641,O,23.283,-22.815,9.331,20.358,7.0,O,c1cc(ccc1C(=O)N[C@@H](CCC(=O)O)C(=O)O)NCC2=NC3=C(NC2)NC(=NC3=O)N
TYMS,4ez8,DHF,402,1,A,2643,CA,25.594,-23.505,8.037,3.623,9.0,C,c1cc(ccc1C(=O)N[C@@H](CCC(=O)O)C(=O)O)NCC2=NC3=C(NC2)NC(=NC3=O)N
TYMS,4ez8,DHF,402,1,A,2644,CB,25.293,-24.836,7.373,4.831,10.0,C,c1cc(ccc1C(=O)N[C@@H](CCC(=O)O)C(=O)O)NCC2=NC3=C(NC2)NC(=NC3=O)N
TYMS,4ez8,DHF,402,1,A,2645,CG,23.934,-25.515,7.798,9.661,11.0,C,c1cc(ccc1C(=O)N[C@@H](CCC(=O)O)C(=O)O)NCC2=NC3=C(NC2)NC(=NC3=O)N
TYMS,4ez8,DHF,402,1,A,2646,CD,23.896,-26.96,7.234,4.831,12.0,C,c1cc(ccc1C(=O)N[C@@H](CCC(=O)O)C(=O)O)NCC2=NC3=C(NC2)NC(=NC3=O)N
TYMS,4ez8,DHF,402,1,A,2647,OE1,22.755,-27.59,7.253,12.858,13.0,O,c1cc(ccc1C(=O)N[C@@H](CCC(=O)O)C(=O)O)NCC2=NC3=C(NC2)NC(=NC3=O)N
TYMS,4ez8,DHF,402,1,A,2648,OE2,25.06,-27.374,6.745,28.929,14.0,O,c1cc(ccc1C(=O)N[C@@H](CCC(=O)O)C(=O)O)NCC2=NC3=C(NC2)NC(=NC3=O)N
TYMS,4ez8,DHF,402,1,A,2649,CT,26.949,-22.926,7.747,1.208,15.0,C,c1cc(ccc1C(=O)N[C@@H](CCC(=O)O)C(=O)O)NCC2=NC3=C(NC2)NC(=NC3=O)N
TYMS,4ez8,DHF,402,1,A,2650,O1,27.906,-23.351,8.486,13.929,16.0,O,c1cc(ccc1C(=O)N[C@@H](CCC(=O)O)C(=O)O)NCC2=NC3=C(NC2)NC(=NC3=O)N
TYMS,4ez8,DHF,402,1,A,2651,O2,27.095,-22.048,6.777,5.357,17.0,O,c1cc(ccc1C(=O)N[C@@H](CCC(=O)O)C(=O)O)NCC2=NC3=C(NC2)NC(=NC3=O)N
TYMS,4ez8,NOH,401,1,A,2600,C2,23.282,-12.474,7.824,2.415,10.0,C,C1[C@@H]([C@H](O[C@H]1N2C=CC(=NC2=O)NO)COP(=O)(O)O)O
TYMS,4ez8,NOH,401,1,A,2602,C4,21.354,-13.286,6.397,3.623,8.0,C,C1[C@@H]([C@H](O[C@H]1N2C=CC(=NC2=O)NO)COP(=O)(O)O)O
TYMS,4ez8,NOH,401,1,A,2603,N4,21.13,-13.867,5.29,4.374,12.0,N,C1[C@@H]([C@H](O[C@H]1N2C=CC(=NC2=O)NO)COP(=O)(O)O)O
TYMS,4ez8,NOH,401,1,A,2604,O4,19.748,-14.245,5.26,5.357,13.0,O,C1[C@@H]([C@H](O[C@H]1N2C=CC(=NC2=O)NO)COP(=O)(O)O)O
TYMS,4ez8,NOH,401,1,A,2605,C5,20.421,-13.091,7.529,8.453,7.0,C,C1[C@@H]([C@H](O[C@H]1N2C=CC(=NC2=O)NO)COP(=O)(O)O)O
TYMS,4ez8,NOH,401,1,A,2608,C1',22.9,-12.14,10.212,1.208,4.0,C,C1[C@@H]([C@H](O[C@H]1N2C=CC(=NC2=O)NO)COP(=O)(O)O)O
TYMS,4ez8,NOH,401,1,A,2610,C3',22.994,-10.8,12.123,1.208,1.0,C,C1[C@@H]([C@H](O[C@H]1N2C=CC(=NC2=O)NO)COP(=O)(O)O)O
TYMS,4ez8,NOH,401,1,A,2612,O4',21.874,-12.598,11.088,13.929,3.0,O,C1[C@@H]([C@H](O[C@H]1N2C=CC(=NC2=O)NO)COP(=O)(O)O)O
TYMS,4ez8,NOH,401,1,A,2613,C4',21.747,-11.69,12.186,1.208,2.0,C,C1[C@@H]([C@H](O[C@H]1N2C=CC(=NC2=O)NO)COP(=O)(O)O)O
TYMS,4ez8,NOH,401,1,A,2614,C5',20.447,-10.926,12.033,1.208,14.0,C,C1[C@@H]([C@H](O[C@H]1N2C=CC(=NC2=O)NO)COP(=O)(O)O)O
TYMS,4ez8,NOH,401,1,A,2616,P,19.877,-8.583,13.21,1.287,16.0,P,C1[C@@H]([C@H](O[C@H]1N2C=CC(=NC2=O)NO)COP(=O)(O)O)O
TYMS,4ez8,NOH,401,1,A,2617,OP1,20.955,-7.837,12.432,6.429,17.0,O,C1[C@@H]([C@H](O[C@H]1N2C=CC(=NC2=O)NO)COP(=O)(O)O)O
TYMS,4ez8,NOH,401,1,A,2618,OP2,18.512,-8.476,12.565,10.715,18.0,O,C1[C@@H]([C@H](O[C@H]1N2C=CC(=NC2=O)NO)COP(=O)(O)O)O
TYMS,4ez8,NOH,401,1,A,2619,OP3,19.904,-8.241,14.703,19.286,19.0,O,C1[C@@H]([C@H](O[C@H]1N2C=CC(=NC2=O)NO)COP(=O)(O)O)O
TYMS,4g6w,PBX,600,1,X,2136,BR,35.781,-2.115,27.322,26.546,9.0,Br,c1cc(c(c(c1O)O)O)Br
TYMS,4g6w,PBX,600,1,X,2137,C4,34.068,-1.384,27.129,1.208,2.0,C,c1cc(c(c(c1O)O)O)Br
TYMS,4g6w,PBX,600,1,X,2141,O2,30.696,-2.729,27.318,5.357,7.0,O,c1cc(c(c(c1O)O)O)Br
TYMS,4g6w,PBX,600,1,X,2143,O1,30.232,-0.035,26.793,38.573,6.0,O,c1cc(c(c(c1O)O)O)Br
TYMS,4g6w,PBX,600,1,X,2144,C6,32.56,0.404,26.768,30.191,0.0,C,c1cc(c(c(c1O)O)O)Br
TYMS,4g6w,PBX,600,1,X,2145,C5,33.866,-0.041,26.878,28.983,1.0,C,c1cc(c(c(c1O)O)O)Br
TYMS,5hs3,KI3,401,1,A,2341,O01,37.426,45.119,29.978,1.071,19.0,O,Cc1cc(nc2c1c(c(s2)C(=O)c3ccccc3)N)O
TYMS,5hs3,KI3,401,1,A,2342,C02,37.901,44.392,28.873,1.208,3.0,C,Cc1cc(nc2c1c(c(s2)C(=O)c3ccccc3)N)O
TYMS,5hs3,KI3,401,1,A,2343,C03,37.59,44.794,27.583,3.623,2.0,C,Cc1cc(nc2c1c(c(s2)C(=O)c3ccccc3)N)O
TYMS,5hs3,KI3,401,1,A,2344,C04,38.059,44.081,26.499,3.623,1.0,C,Cc1cc(nc2c1c(c(s2)C(=O)c3ccccc3)N)O
TYMS,5hs3,KI3,401,1,A,2346,C06,38.872,42.926,26.741,2.415,6.0,C,Cc1cc(nc2c1c(c(s2)C(=O)c3ccccc3)N)O
TYMS,5hs3,KI3,401,1,A,2347,C07,39.144,42.582,28.044,1.208,5.0,C,Cc1cc(nc2c1c(c(s2)C(=O)c3ccccc3)N)O
TYMS,5hs3,KI3,401,1,A,2349,S09,40.124,41.159,27.979,1.287,9.0,S,Cc1cc(nc2c1c(c(s2)C(=O)c3ccccc3)N)O
TYMS,5hs3,KI3,401,1,A,2350,C10,40.189,41.011,26.274,3.623,8.0,C,Cc1cc(nc2c1c(c(s2)C(=O)c3ccccc3)N)O
TYMS,5hs3,KI3,401,1,A,2351,C11,39.452,42.054,25.77,3.623,7.0,C,Cc1cc(nc2c1c(c(s2)C(=O)c3ccccc3)N)O
TYMS,5hs3,KI3,401,1,A,2353,C13,40.917,39.948,25.495,6.038,10.0,C,Cc1cc(nc2c1c(c(s2)C(=O)c3ccccc3)N)O
TYMS,5hs3,KI3,401,1,A,2354,O14,40.961,39.997,24.291,3.214,11.0,O,Cc1cc(nc2c1c(c(s2)C(=O)c3ccccc3)N)O
TYMS,5hs3,KI3,401,1,A,2355,C15,41.591,38.812,26.213,2.415,12.0,C,Cc1cc(nc2c1c(c(s2)C(=O)c3ccccc3)N)O
TYMS,5hs3,KI3,401,1,A,2356,C16,42.26,39.002,27.414,1.208,13.0,C,Cc1cc(nc2c1c(c(s2)C(=O)c3ccccc3)N)O
TYMS,5hs3,KI3,401,1,A,2359,C19,42.133,36.492,26.281,2.415,16.0,C,Cc1cc(nc2c1c(c(s2)C(=O)c3ccccc3)N)O
TYMS,5hs3,KI3,401,1,A,2360,C20,41.526,37.557,25.648,4.831,17.0,C,Cc1cc(nc2c1c(c(s2)C(=O)c3ccccc3)N)O
TYMS,5hs3,KI3,401,1,A,2361,H011,36.678,45.544,29.754,0.849,,,Cc1cc(nc2c1c(c(s2)C(=O)c3ccccc3)N)O
TYMS,5hs3,KI3,401,1,A,2362,H031,37.036,45.584,27.441,1.699,,,Cc1cc(nc2c1c(c(s2)C(=O)c3ccccc3)N)O
TYMS,5hs3,KI3,401,1,A,2365,H051,36.688,44.558,25.036,5.097,,,Cc1cc(nc2c1c(c(s2)C(=O)c3ccccc3)N)O
TYMS,5hs3,KI3,401,1,A,2367,H121,38.5,42.144,23.98,5.097,,,Cc1cc(nc2c1c(c(s2)C(=O)c3ccccc3)N)O
TYMS,5hs3,KI3,401,1,A,2368,H161,42.301,39.893,27.812,0.849,,,Cc1cc(nc2c1c(c(s2)C(=O)c3ccccc3)N)O
TYMS,5hs3,KI3,401,1,A,2371,H191,42.091,35.601,25.884,0.849,,,Cc1cc(nc2c1c(c(s2)C(=O)c3ccccc3)N)O
TYMS,5hs3,KI3,401,1,A,2372,H201,41.056,37.423,24.802,0.849,,,Cc1cc(nc2c1c(c(s2)C(=O)c3ccccc3)N)O
TYMS,5hs3,KI3,401,1,B,2330,C02,63.772,38.063,5.19,1.208,3.0,C,Cc1cc(nc2c1c(c(s2)C(=O)c3ccccc3)N)O
TYMS,5hs3,KI3,401,1,B,2331,C03,63.343,37.841,3.897,3.623,2.0,C,Cc1cc(nc2c1c(c(s2)C(=O)c3ccccc3)N)O
TYMS,5hs3,KI3,401,1,B,2332,C04,64.045,38.361,2.829,1.208,1.0,C,Cc1cc(nc2c1c(c(s2)C(=O)c3ccccc3)N)O
TYMS,5hs3,KI3,401,1,B,2333,C05,63.485,38.059,1.45,1.208,0.0,C,Cc1cc(nc2c1c(c(s2)C(=O)c3ccccc3)N)O
TYMS,5hs3,KI3,401,1,B,2334,C06,65.222,39.137,3.087,3.623,6.0,C,Cc1cc(nc2c1c(c(s2)C(=O)c3ccccc3)N)O
TYMS,5hs3,KI3,401,1,B,2337,S09,67.037,40.288,4.36,3.86,9.0,S,Cc1cc(nc2c1c(c(s2)C(=O)c3ccccc3)N)O
TYMS,5hs3,KI3,401,1,B,2338,C10,67.155,40.454,2.655,4.831,8.0,C,Cc1cc(nc2c1c(c(s2)C(=O)c3ccccc3)N)O
TYMS,5hs3,KI3,401,1,B,2339,C11,66.086,39.761,2.128,1.208,7.0,C,Cc1cc(nc2c1c(c(s2)C(=O)c3ccccc3)N)O
TYMS,5hs3,KI3,401,1,B,2341,C13,68.217,41.204,1.886,4.831,10.0,C,Cc1cc(nc2c1c(c(s2)C(=O)c3ccccc3)N)O
TYMS,5hs3,KI3,401,1,B,2342,O14,68.18,41.254,0.68,4.286,11.0,O,Cc1cc(nc2c1c(c(s2)C(=O)c3ccccc3)N)O
TYMS,5hs3,KI3,401,1,B,2343,C15,69.356,41.87,2.602,2.415,12.0,C,Cc1cc(nc2c1c(c(s2)C(=O)c3ccccc3)N)O
TYMS,5hs3,KI3,401,1,B,2344,C16,70.576,41.917,1.969,7.246,13.0,C,Cc1cc(nc2c1c(c(s2)C(=O)c3ccccc3)N)O
TYMS,5hs3,KI3,401,1,B,2345,C17,71.648,42.508,2.592,3.623,14.0,C,Cc1cc(nc2c1c(c(s2)C(=O)c3ccccc3)N)O
TYMS,5hs3,KI3,401,1,B,2348,C20,69.203,42.419,3.861,1.208,17.0,C,Cc1cc(nc2c1c(c(s2)C(=O)c3ccccc3)N)O
TYMS,5hs3,KI3,401,1,B,2350,H031,62.54,37.31,3.737,0.849,,,Cc1cc(nc2c1c(c(s2)C(=O)c3ccccc3)N)O
TYMS,5hs3,KI3,401,1,B,2353,H051,63.497,37.091,1.298,2.548,,,Cc1cc(nc2c1c(c(s2)C(=O)c3ccccc3)N)O
TYMS,5hs3,KI3,401,1,B,2355,H121,66.538,39.315,0.197,5.097,,,Cc1cc(nc2c1c(c(s2)C(=O)c3ccccc3)N)O
TYMS,5hs3,KI3,401,1,B,2357,H171,72.517,42.544,2.145,0.849,,,Cc1cc(nc2c1c(c(s2)C(=O)c3ccccc3)N)O
TYMS,5hs3,KI3,401,1,E,2297,O01,44.1,38.121,73.848,11.786,19.0,O,Cc1cc(nc2c1c(c(s2)C(=O)c3ccccc3)N)O
TYMS,5hs3,KI3,401,1,E,2298,C02,43.284,38.658,74.859,6.038,3.0,C,Cc1cc(nc2c1c(c(s2)C(=O)c3ccccc3)N)O
TYMS,5hs3,KI3,401,1,E,2299,C03,43.595,38.394,76.188,12.076,2.0,C,Cc1cc(nc2c1c(c(s2)C(=O)c3ccccc3)N)O
TYMS,5hs3,KI3,401,1,E,2300,C04,42.8,38.914,77.19,4.831,1.0,C,Cc1cc(nc2c1c(c(s2)C(=O)c3ccccc3)N)O
TYMS,5hs3,KI3,401,1,E,2301,C05,43.211,38.57,78.603,1.208,0.0,C,Cc1cc(nc2c1c(c(s2)C(=O)c3ccccc3)N)O
TYMS,5hs3,KI3,401,1,E,2302,C06,41.67,39.721,76.827,7.246,6.0,C,Cc1cc(nc2c1c(c(s2)C(=O)c3ccccc3)N)O
TYMS,5hs3,KI3,401,1,E,2303,C07,41.404,39.953,75.488,7.246,5.0,C,Cc1cc(nc2c1c(c(s2)C(=O)c3ccccc3)N)O
TYMS,5hs3,KI3,401,1,E,2304,N08,42.212,39.418,74.53,2.187,4.0,N,Cc1cc(nc2c1c(c(s2)C(=O)c3ccccc3)N)O
TYMS,5hs3,KI3,401,1,E,2305,S09,39.977,40.96,75.416,6.434,9.0,S,Cc1cc(nc2c1c(c(s2)C(=O)c3ccccc3)N)O
TYMS,5hs3,KI3,401,1,E,2306,C10,39.747,41.068,77.127,6.038,8.0,C,Cc1cc(nc2c1c(c(s2)C(=O)c3ccccc3)N)O
TYMS,5hs3,KI3,401,1,E,2307,C11,40.75,40.339,77.72,4.831,7.0,C,Cc1cc(nc2c1c(c(s2)C(=O)c3ccccc3)N)O
TYMS,5hs3,KI3,401,1,E,2309,C13,38.661,41.802,77.877,2.415,10.0,C,Cc1cc(nc2c1c(c(s2)C(=O)c3ccccc3)N)O
TYMS,5hs3,KI3,401,1,E,2310,O14,38.712,41.97,79.083,7.5,11.0,O,Cc1cc(nc2c1c(c(s2)C(=O)c3ccccc3)N)O
TYMS,5hs3,KI3,401,1,E,2311,C15,37.485,42.313,77.107,2.415,12.0,C,Cc1cc(nc2c1c(c(s2)C(=O)c3ccccc3)N)O
TYMS,5hs3,KI3,401,1,E,2315,C19,35.117,42.43,76.829,3.623,16.0,C,Cc1cc(nc2c1c(c(s2)C(=O)c3ccccc3)N)O
TYMS,5hs3,KI3,401,1,E,2316,C20,36.218,41.97,77.527,7.246,17.0,C,Cc1cc(nc2c1c(c(s2)C(=O)c3ccccc3)N)O
TYMS,5hs3,KI3,401,1,E,2318,H031,44.366,37.84,76.411,3.398,,,Cc1cc(nc2c1c(c(s2)C(=O)c3ccccc3)N)O
TYMS,5hs3,KI3,401,1,E,2319,H052,44.131,38.872,78.758,19.538,,,Cc1cc(nc2c1c(c(s2)C(=O)c3ccccc3)N)O
TYMS,5hs3,KI3,401,1,E,2321,H051,43.161,37.599,78.73,7.645,,,Cc1cc(nc2c1c(c(s2)C(=O)c3ccccc3)N)O
TYMS,5hs3,KI3,401,1,E,2322,H122,41.477,40.655,79.596,2.548,,,Cc1cc(nc2c1c(c(s2)C(=O)c3ccccc3)N)O
TYMS,5hs3,KI3,401,1,E,2323,H121,40.133,39.819,79.587,3.398,,,Cc1cc(nc2c1c(c(s2)C(=O)c3ccccc3)N)O
TYMS,5hs3,KI3,401,1,E,2324,H161,38.58,43.347,75.709,2.548,,,Cc1cc(nc2c1c(c(s2)C(=O)c3ccccc3)N)O
TYMS,5hs3,KI3,401,1,E,2327,H191,34.216,42.191,77.122,1.699,,,Cc1cc(nc2c1c(c(s2)C(=O)c3ccccc3)N)O
TYMS,5hs3,KI3,401,1,E,2328,H201,36.098,41.404,78.314,1.699,,,Cc1cc(nc2c1c(c(s2)C(=O)c3ccccc3)N)O
TYMS,5wrn,DCM,400,1,A,2292,C4,-37.804,-39.382,-25.824,4.831,8.0,C,C1[C@@H]([C@H](O[C@H]1N2C=CC(=NC2=O)N)COP(=O)(O)O)O
TYMS,5wrn,DCM,400,1,A,2293,C5,-38.849,-39.2,-26.716,20.53,7.0,C,C1[C@@H]([C@H](O[C@H]1N2C=CC(=NC2=O)N)COP(=O)(O)O)O
TYMS,5wrn,DCM,400,1,A,2294,C6,-40.01,-38.616,-26.245,10.869,6.0,C,C1[C@@H]([C@H](O[C@H]1N2C=CC(=NC2=O)N)COP(=O)(O)O)O
TYMS,5wrn,DCM,400,1,A,2296,N4,-36.62,-39.984,-26.31,17.497,12.0,N,C1[C@@H]([C@H](O[C@H]1N2C=CC(=NC2=O)N)COP(=O)(O)O)O
TYMS,5wrn,DCM,400,1,A,2297,C1',-41.408,-37.657,-24.549,2.415,4.0,C,C1[C@@H]([C@H](O[C@H]1N2C=CC(=NC2=O)N)COP(=O)(O)O)O
TYMS,5wrn,DCM,400,1,A,2299,C3',-42.653,-35.624,-24.551,1.208,1.0,C,C1[C@@H]([C@H](O[C@H]1N2C=CC(=NC2=O)N)COP(=O)(O)O)O
TYMS,5wrn,DCM,400,1,A,2300,C4',-43.044,-36.491,-25.794,9.661,2.0,C,C1[C@@H]([C@H](O[C@H]1N2C=CC(=NC2=O)N)COP(=O)(O)O)O
TYMS,5wrn,DCM,400,1,A,2301,O4',-42.4,-37.877,-25.414,16.072,3.0,O,C1[C@@H]([C@H](O[C@H]1N2C=CC(=NC2=O)N)COP(=O)(O)O)O
TYMS,5wrn,DCM,400,1,A,2302,O3',-43.655,-35.888,-23.494,1.071,19.0,O,C1[C@@H]([C@H](O[C@H]1N2C=CC(=NC2=O)N)COP(=O)(O)O)O
TYMS,5wrn,DCM,400,1,A,2303,C5',-42.607,-35.922,-26.98,10.869,13.0,C,C1[C@@H]([C@H](O[C@H]1N2C=CC(=NC2=O)N)COP(=O)(O)O)O
TYMS,5wrn,DCM,400,1,A,2304,O5',-43.343,-34.697,-27.079,2.143,14.0,O,C1[C@@H]([C@H](O[C@H]1N2C=CC(=NC2=O)N)COP(=O)(O)O)O
TYMS,5wrn,DCM,400,1,A,2306,O1P,-42.213,-33.374,-28.968,10.715,16.0,O,C1[C@@H]([C@H](O[C@H]1N2C=CC(=NC2=O)N)COP(=O)(O)O)O
TYMS,5wrn,DCM,400,1,A,2307,O2P,-44.22,-32.539,-27.77,22.501,17.0,O,C1[C@@H]([C@H](O[C@H]1N2C=CC(=NC2=O)N)COP(=O)(O)O)O
TYMS,5wrn,DCM,400,1,A,2308,O3P,-42.007,-32.542,-26.724,9.643,18.0,O,C1[C@@H]([C@H](O[C@H]1N2C=CC(=NC2=O)N)COP(=O)(O)O)O
TYMS,5wrn,DCM,400,1,B,2277,C2,-17.063,-17.211,-23.086,1.208,10.0,C,C1[C@@H]([C@H](O[C@H]1N2C=CC(=NC2=O)N)COP(=O)(O)O)O
TYMS,5wrn,DCM,400,1,B,2279,C4,-18.157,-16.12,-24.894,2.415,8.0,C,C1[C@@H]([C@H](O[C@H]1N2C=CC(=NC2=O)N)COP(=O)(O)O)O
TYMS,5wrn,DCM,400,1,B,2280,C5,-17.056,-16.354,-25.709,18.114,7.0,C,C1[C@@H]([C@H](O[C@H]1N2C=CC(=NC2=O)N)COP(=O)(O)O)O
TYMS,5wrn,DCM,400,1,B,2281,C6,-15.958,-17.025,-25.169,10.869,6.0,C,C1[C@@H]([C@H](O[C@H]1N2C=CC(=NC2=O)N)COP(=O)(O)O)O
TYMS,5wrn,DCM,400,1,B,2283,N4,-19.259,-15.447,-25.456,21.872,12.0,N,C1[C@@H]([C@H](O[C@H]1N2C=CC(=NC2=O)N)COP(=O)(O)O)O
TYMS,5wrn,DCM,400,1,B,2284,C1',-14.744,-18.108,-23.372,1.208,4.0,C,C1[C@@H]([C@H](O[C@H]1N2C=CC(=NC2=O)N)COP(=O)(O)O)O
TYMS,5wrn,DCM,400,1,B,2286,C3',-13.535,-20.185,-23.304,1.208,1.0,C,C1[C@@H]([C@H](O[C@H]1N2C=CC(=NC2=O)N)COP(=O)(O)O)O
TYMS,5wrn,DCM,400,1,B,2287,C4',-13.094,-19.36,-24.545,7.246,2.0,C,C1[C@@H]([C@H](O[C@H]1N2C=CC(=NC2=O)N)COP(=O)(O)O)O
TYMS,5wrn,DCM,400,1,B,2288,O4',-13.721,-17.943,-24.195,16.072,3.0,O,C1[C@@H]([C@H](O[C@H]1N2C=CC(=NC2=O)N)COP(=O)(O)O)O
TYMS,5wrn,DCM,400,1,B,2289,O3',-12.509,-19.946,-22.231,1.071,19.0,O,C1[C@@H]([C@H](O[C@H]1N2C=CC(=NC2=O)N)COP(=O)(O)O)O
TYMS,5wrn,DCM,400,1,B,2290,C5',-13.497,-19.941,-25.739,9.661,13.0,C,C1[C@@H]([C@H](O[C@H]1N2C=CC(=NC2=O)N)COP(=O)(O)O)O
TYMS,5wrn,DCM,400,1,B,2291,O5',-12.583,-20.991,-25.951,10.715,14.0,O,C1[C@@H]([C@H](O[C@H]1N2C=CC(=NC2=O)N)COP(=O)(O)O)O
TYMS,5wrn,DCM,400,1,B,2292,P,-12.993,-22.475,-26.363,1.287,15.0,P,C1[C@@H]([C@H](O[C@H]1N2C=CC(=NC2=O)N)COP(=O)(O)O)O
TYMS,5wrn,DCM,400,1,B,2293,O1P,-13.729,-22.453,-27.677,13.929,16.0,O,C1[C@@H]([C@H](O[C@H]1N2C=CC(=NC2=O)N)COP(=O)(O)O)O
TYMS,5wrn,DCM,400,1,B,2294,O2P,-11.73,-23.305,-26.526,51.43,17.0,O,C1[C@@H]([C@H](O[C@H]1N2C=CC(=NC2=O)N)COP(=O)(O)O)O
TYMS,5wrn,DCM,400,1,B,2295,O3P,-13.915,-23.107,-25.356,7.5,18.0,O,C1[C@@H]([C@H](O[C@H]1N2C=CC(=NC2=O)N)COP(=O)(O)O)O
TYMS,5wrn,DCM,400,1,C,2267,C2,17.136,-17.359,-47.658,1.208,10.0,C,C1[C@@H]([C@H](O[C@H]1N2C=CC(=NC2=O)N)COP(=O)(O)O)O
TYMS,5wrn,DCM,400,1,C,2269,C4,15.916,-18.578,-49.251,2.415,8.0,C,C1[C@@H]([C@H](O[C@H]1N2C=CC(=NC2=O)N)COP(=O)(O)O)O
TYMS,5wrn,DCM,400,1,C,2270,C5,16.009,-17.541,-50.168,24.153,7.0,C,C1[C@@H]([C@H](O[C@H]1N2C=CC(=NC2=O)N)COP(=O)(O)O)O
TYMS,5wrn,DCM,400,1,C,2271,C6,16.688,-16.388,-49.788,15.699,6.0,C,C1[C@@H]([C@H](O[C@H]1N2C=CC(=NC2=O)N)COP(=O)(O)O)O
TYMS,5wrn,DCM,400,1,C,2273,N4,15.244,-19.724,-49.657,16.404,12.0,N,C1[C@@H]([C@H](O[C@H]1N2C=CC(=NC2=O)N)COP(=O)(O)O)O
TYMS,5wrn,DCM,400,1,C,2274,C1',17.904,-15.056,-48.214,3.623,4.0,C,C1[C@@H]([C@H](O[C@H]1N2C=CC(=NC2=O)N)COP(=O)(O)O)O
TYMS,5wrn,DCM,400,1,C,2276,C3',19.997,-14.03,-48.065,1.208,1.0,C,C1[C@@H]([C@H](O[C@H]1N2C=CC(=NC2=O)N)COP(=O)(O)O)O
TYMS,5wrn,DCM,400,1,C,2277,C4',19.277,-13.55,-49.359,2.415,2.0,C,C1[C@@H]([C@H](O[C@H]1N2C=CC(=NC2=O)N)COP(=O)(O)O)O
TYMS,5wrn,DCM,400,1,C,2278,O4',17.831,-14.139,-49.17,17.143,3.0,O,C1[C@@H]([C@H](O[C@H]1N2C=CC(=NC2=O)N)COP(=O)(O)O)O
TYMS,5wrn,DCM,400,1,C,2280,C5',19.935,-13.959,-50.518,8.453,13.0,C,C1[C@@H]([C@H](O[C@H]1N2C=CC(=NC2=O)N)COP(=O)(O)O)O
TYMS,5wrn,DCM,400,1,C,2283,O1P,22.255,-14.287,-52.544,10.715,16.0,O,C1[C@@H]([C@H](O[C@H]1N2C=CC(=NC2=O)N)COP(=O)(O)O)O
TYMS,5wrn,DCM,400,1,C,2284,O2P,23.379,-12.381,-51.37,27.858,17.0,O,C1[C@@H]([C@H](O[C@H]1N2C=CC(=NC2=O)N)COP(=O)(O)O)O
TYMS,5wrn,DCM,400,1,C,2285,O3P,23.155,-14.529,-50.255,7.5,18.0,O,C1[C@@H]([C@H](O[C@H]1N2C=CC(=NC2=O)N)COP(=O)(O)O)O
TYMS,5wrn,DCM,400,1,F,2250,N1,-38.012,-39.495,-80.305,1.094,5.0,N,C1[C@@H]([C@H](O[C@H]1N2C=CC(=NC2=O)N)COP(=O)(O)O)O
TYMS,5wrn,DCM,400,1,F,2251,C2,-38.222,-38.392,-81.116,1.208,10.0,C,C1[C@@H]([C@H](O[C@H]1N2C=CC(=NC2=O)N)COP(=O)(O)O)O
TYMS,5wrn,DCM,400,1,F,2253,C4,-39.129,-37.222,-79.273,2.415,8.0,C,C1[C@@H]([C@H](O[C@H]1N2C=CC(=NC2=O)N)COP(=O)(O)O)O
TYMS,5wrn,DCM,400,1,F,2254,C5,-38.942,-38.307,-78.426,19.322,7.0,C,C1[C@@H]([C@H](O[C@H]1N2C=CC(=NC2=O)N)COP(=O)(O)O)O
TYMS,5wrn,DCM,400,1,F,2255,C6,-38.374,-39.445,-78.978,12.076,6.0,C,C1[C@@H]([C@H](O[C@H]1N2C=CC(=NC2=O)N)COP(=O)(O)O)O
TYMS,5wrn,DCM,400,1,F,2257,N4,-39.681,-36.043,-78.749,15.31,12.0,N,C1[C@@H]([C@H](O[C@H]1N2C=CC(=NC2=O)N)COP(=O)(O)O)O
TYMS,5wrn,DCM,400,1,F,2258,C1',-37.462,-40.705,-80.818,2.415,4.0,C,C1[C@@H]([C@H](O[C@H]1N2C=CC(=NC2=O)N)COP(=O)(O)O)O
TYMS,5wrn,DCM,400,1,F,2261,C4',-36.206,-42.328,-79.674,7.246,2.0,C,C1[C@@H]([C@H](O[C@H]1N2C=CC(=NC2=O)N)COP(=O)(O)O)O
TYMS,5wrn,DCM,400,1,F,2262,O4',-37.628,-41.714,-79.991,13.929,3.0,O,C1[C@@H]([C@H](O[C@H]1N2C=CC(=NC2=O)N)COP(=O)(O)O)O
TYMS,5wrn,DCM,400,1,F,2263,O3',-35.707,-42.736,-82.033,1.071,19.0,O,C1[C@@H]([C@H](O[C@H]1N2C=CC(=NC2=O)N)COP(=O)(O)O)O
TYMS,5wrn,DCM,400,1,F,2264,C5',-35.656,-41.971,-78.448,10.869,13.0,C,C1[C@@H]([C@H](O[C@H]1N2C=CC(=NC2=O)N)COP(=O)(O)O)O
TYMS,5wrn,DCM,400,1,F,2265,O5',-34.534,-42.818,-78.251,11.786,14.0,O,C1[C@@H]([C@H](O[C@H]1N2C=CC(=NC2=O)N)COP(=O)(O)O)O
TYMS,5wrn,DCM,400,1,F,2266,P,-33.154,-42.354,-77.606,1.287,15.0,P,C1[C@@H]([C@H](O[C@H]1N2C=CC(=NC2=O)N)COP(=O)(O)O)O
TYMS,5wrn,DCM,400,1,F,2267,O1P,-32.481,-41.359,-78.506,7.5,16.0,O,C1[C@@H]([C@H](O[C@H]1N2C=CC(=NC2=O)N)COP(=O)(O)O)O
TYMS,5wrn,DCM,400,1,F,2268,O2P,-32.21,-43.547,-77.487,51.43,17.0,O,C1[C@@H]([C@H](O[C@H]1N2C=CC(=NC2=O)N)COP(=O)(O)O)O
TYMS,5wrn,DCM,400,1,F,2269,O3P,-33.399,-41.733,-76.239,17.143,18.0,O,C1[C@@H]([C@H](O[C@H]1N2C=CC(=NC2=O)N)COP(=O)(O)O)O
TYMS,5wrn,DCM,400,1,D,2293,C4,39.052,-38.445,-50.136,4.831,8.0,C,C1[C@@H]([C@H](O[C@H]1N2C=CC(=NC2=O)N)COP(=O)(O)O)O
TYMS,5wrn,DCM,400,1,D,2294,C5,38.806,-39.427,-51.084,20.53,7.0,C,C1[C@@H]([C@H](O[C@H]1N2C=CC(=NC2=O)N)COP(=O)(O)O)O
TYMS,5wrn,DCM,400,1,D,2295,C6,38.152,-40.576,-50.658,12.076,6.0,C,C1[C@@H]([C@H](O[C@H]1N2C=CC(=NC2=O)N)COP(=O)(O)O)O
TYMS,5wrn,DCM,400,1,D,2297,N4,39.711,-37.274,-50.514,17.497,12.0,N,C1[C@@H]([C@H](O[C@H]1N2C=CC(=NC2=O)N)COP(=O)(O)O)O
TYMS,5wrn,DCM,400,1,D,2298,C1',37.083,-41.952,-48.98,2.415,4.0,C,C1[C@@H]([C@H](O[C@H]1N2C=CC(=NC2=O)N)COP(=O)(O)O)O
TYMS,5wrn,DCM,400,1,D,2301,C4',35.695,-43.44,-50.21,4.831,2.0,C,C1[C@@H]([C@H](O[C@H]1N2C=CC(=NC2=O)N)COP(=O)(O)O)O
TYMS,5wrn,DCM,400,1,D,2302,O4',37.157,-42.92,-49.88,12.858,3.0,O,C1[C@@H]([C@H](O[C@H]1N2C=CC(=NC2=O)N)COP(=O)(O)O)O
TYMS,5wrn,DCM,400,1,D,2304,C5',35.143,-42.939,-51.381,2.415,13.0,C,C1[C@@H]([C@H](O[C@H]1N2C=CC(=NC2=O)N)COP(=O)(O)O)O
TYMS,5wrn,DCM,400,1,D,2305,O5',34.207,-43.881,-51.874,11.786,14.0,O,C1[C@@H]([C@H](O[C@H]1N2C=CC(=NC2=O)N)COP(=O)(O)O)O
TYMS,5wrn,DCM,400,1,D,2306,P,32.641,-43.666,-51.946,1.287,15.0,P,C1[C@@H]([C@H](O[C@H]1N2C=CC(=NC2=O)N)COP(=O)(O)O)O
TYMS,5wrn,DCM,400,1,D,2307,O1P,32.299,-42.989,-53.251,20.358,16.0,O,C1[C@@H]([C@H](O[C@H]1N2C=CC(=NC2=O)N)COP(=O)(O)O)O
TYMS,5wrn,DCM,400,1,D,2308,O2P,31.905,-44.994,-51.837,49.287,17.0,O,C1[C@@H]([C@H](O[C@H]1N2C=CC(=NC2=O)N)COP(=O)(O)O)O
TYMS,5wrn,DCM,400,1,D,2309,O3P,32.184,-42.761,-50.843,6.429,18.0,O,C1[C@@H]([C@H](O[C@H]1N2C=CC(=NC2=O)N)COP(=O)(O)O)O
TYMS,5wrn,DCM,400,1,E,2302,N1,-17.36,-15.102,-78.69,1.094,5.0,N,C1[C@@H]([C@H](O[C@H]1N2C=CC(=NC2=O)N)COP(=O)(O)O)O
TYMS,5wrn,DCM,400,1,E,2303,C2,-17.062,-16.138,-79.571,2.415,10.0,C,C1[C@@H]([C@H](O[C@H]1N2C=CC(=NC2=O)N)COP(=O)(O)O)O
TYMS,5wrn,DCM,400,1,E,2305,C4,-16.055,-17.399,-77.812,4.831,8.0,C,C1[C@@H]([C@H](O[C@H]1N2C=CC(=NC2=O)N)COP(=O)(O)O)O
TYMS,5wrn,DCM,400,1,E,2306,C5,-16.331,-16.373,-76.914,18.114,7.0,C,C1[C@@H]([C@H](O[C@H]1N2C=CC(=NC2=O)N)COP(=O)(O)O)O
TYMS,5wrn,DCM,400,1,E,2307,C6,-16.97,-15.234,-77.38,12.076,6.0,C,C1[C@@H]([C@H](O[C@H]1N2C=CC(=NC2=O)N)COP(=O)(O)O)O
TYMS,5wrn,DCM,400,1,E,2309,N4,-15.393,-18.557,-77.331,18.591,12.0,N,C1[C@@H]([C@H](O[C@H]1N2C=CC(=NC2=O)N)COP(=O)(O)O)O
TYMS,5wrn,DCM,400,1,E,2310,C1',-17.979,-13.848,-79.083,1.208,4.0,C,C1[C@@H]([C@H](O[C@H]1N2C=CC(=NC2=O)N)COP(=O)(O)O)O
TYMS,5wrn,DCM,400,1,E,2312,C3',-20.039,-12.58,-79.199,1.208,1.0,C,C1[C@@H]([C@H](O[C@H]1N2C=CC(=NC2=O)N)COP(=O)(O)O)O
TYMS,5wrn,DCM,400,1,E,2313,C4',-19.282,-12.264,-77.885,7.246,2.0,C,C1[C@@H]([C@H](O[C@H]1N2C=CC(=NC2=O)N)COP(=O)(O)O)O
TYMS,5wrn,DCM,400,1,E,2314,O4',-17.854,-12.888,-78.163,15.0,3.0,O,C1[C@@H]([C@H](O[C@H]1N2C=CC(=NC2=O)N)COP(=O)(O)O)O
TYMS,5wrn,DCM,400,1,E,2316,C5',-19.906,-12.782,-76.757,13.284,13.0,C,C1[C@@H]([C@H](O[C@H]1N2C=CC(=NC2=O)N)COP(=O)(O)O)O
TYMS,5wrn,DCM,400,1,E,2317,O5',-20.974,-11.929,-76.385,10.715,14.0,O,C1[C@@H]([C@H](O[C@H]1N2C=CC(=NC2=O)N)COP(=O)(O)O)O
TYMS,5wrn,DCM,400,1,E,2319,O1P,-22.894,-13.294,-77.068,5.357,16.0,O,C1[C@@H]([C@H](O[C@H]1N2C=CC(=NC2=O)N)COP(=O)(O)O)O
TYMS,5wrn,DCM,400,1,E,2320,O2P,-23.234,-11.129,-75.88,43.93,17.0,O,C1[C@@H]([C@H](O[C@H]1N2C=CC(=NC2=O)N)COP(=O)(O)O)O
TYMS,5wrn,DCM,400,1,E,2321,O3P,-22.555,-13.01,-74.581,18.215,18.0,O,C1[C@@H]([C@H](O[C@H]1N2C=CC(=NC2=O)N)COP(=O)(O)O)O
TYMS,5x5q,D16,402,1,B,2308,N1,65.212,39.05,0.123,1.094,11.0,N,CC1=NC(=O)c2cc(ccc2N1)CN(C)c3ccc(s3)C(=O)N[C@@H](CCC(=O)O)C(=O)O
TYMS,5x5q,D16,402,1,B,2309,C2,64.104,38.498,0.831,6.038,1.0,C,CC1=NC(=O)c2cc(ccc2N1)CN(C)c3ccc(s3)C(=O)N[C@@H](CCC(=O)O)C(=O)O
TYMS,5x5q,D16,402,1,B,2310,CM2,62.989,37.807,0.197,4.831,0.0,C,CC1=NC(=O)c2cc(ccc2N1)CN(C)c3ccc(s3)C(=O)N[C@@H](CCC(=O)O)C(=O)O
TYMS,5x5q,D16,402,1,B,2311,N3,63.955,38.553,2.2,1.094,2.0,N,CC1=NC(=O)c2cc(ccc2N1)CN(C)c3ccc(s3)C(=O)N[C@@H](CCC(=O)O)C(=O)O
TYMS,5x5q,D16,402,1,B,2312,C4,64.902,39.171,2.93,4.831,3.0,C,CC1=NC(=O)c2cc(ccc2N1)CN(C)c3ccc(s3)C(=O)N[C@@H](CCC(=O)O)C(=O)O
TYMS,5x5q,D16,402,1,B,2313,O4,64.781,39.215,4.105,8.572,4.0,O,CC1=NC(=O)c2cc(ccc2N1)CN(C)c3ccc(s3)C(=O)N[C@@H](CCC(=O)O)C(=O)O
TYMS,5x5q,D16,402,1,B,2314,C4A,66.056,39.763,2.274,4.831,5.0,C,CC1=NC(=O)c2cc(ccc2N1)CN(C)c3ccc(s3)C(=O)N[C@@H](CCC(=O)O)C(=O)O
TYMS,5x5q,D16,402,1,B,2315,C5,66.979,40.385,3.093,1.208,6.0,C,CC1=NC(=O)c2cc(ccc2N1)CN(C)c3ccc(s3)C(=O)N[C@@H](CCC(=O)O)C(=O)O
TYMS,5x5q,D16,402,1,B,2316,C6,68.06,40.944,2.509,3.623,7.0,C,CC1=NC(=O)c2cc(ccc2N1)CN(C)c3ccc(s3)C(=O)N[C@@H](CCC(=O)O)C(=O)O
TYMS,5x5q,D16,402,1,B,2317,C7,68.222,40.884,1.136,3.623,8.0,C,CC1=NC(=O)c2cc(ccc2N1)CN(C)c3ccc(s3)C(=O)N[C@@H](CCC(=O)O)C(=O)O
TYMS,5x5q,D16,402,1,B,2318,C8,67.296,40.274,0.319,4.831,9.0,C,CC1=NC(=O)c2cc(ccc2N1)CN(C)c3ccc(s3)C(=O)N[C@@H](CCC(=O)O)C(=O)O
TYMS,5x5q,D16,402,1,B,2319,C8A,66.199,39.705,0.925,2.415,10.0,C,CC1=NC(=O)c2cc(ccc2N1)CN(C)c3ccc(s3)C(=O)N[C@@H](CCC(=O)O)C(=O)O
TYMS,5x5q,D16,402,1,B,2320,C9,69.059,41.607,3.409,2.415,12.0,C,CC1=NC(=O)c2cc(ccc2N1)CN(C)c3ccc(s3)C(=O)N[C@@H](CCC(=O)O)C(=O)O
TYMS,5x5q,D16,402,1,B,2326,C16,67.152,44.957,1.399,4.831,17.0,C,CC1=NC(=O)c2cc(ccc2N1)CN(C)c3ccc(s3)C(=O)N[C@@H](CCC(=O)O)C(=O)O
TYMS,5x5q,D16,402,1,B,2328,O,68.83,46.683,-1.273,5.357,21.0,O,CC1=NC(=O)c2cc(ccc2N1)CN(C)c3ccc(s3)C(=O)N[C@@H](CCC(=O)O)C(=O)O
TYMS,5x5q,D16,402,1,B,2329,N,66.848,47.507,-0.519,4.374,22.0,N,CC1=NC(=O)c2cc(ccc2N1)CN(C)c3ccc(s3)C(=O)N[C@@H](CCC(=O)O)C(=O)O
TYMS,5x5q,D16,402,1,B,2330,CA,66.925,48.569,-1.488,1.208,23.0,C,CC1=NC(=O)c2cc(ccc2N1)CN(C)c3ccc(s3)C(=O)N[C@@H](CCC(=O)O)C(=O)O
TYMS,5x5q,D16,402,1,B,2331,CB,66.254,48.23,-2.788,9.661,24.0,C,CC1=NC(=O)c2cc(ccc2N1)CN(C)c3ccc(s3)C(=O)N[C@@H](CCC(=O)O)C(=O)O
TYMS,5x5q,D16,402,1,B,2332,CG,64.773,47.898,-2.61,9.661,25.0,C,CC1=NC(=O)c2cc(ccc2N1)CN(C)c3ccc(s3)C(=O)N[C@@H](CCC(=O)O)C(=O)O
TYMS,5x5q,D16,402,1,B,2333,CD,64.059,47.732,-3.921,3.623,26.0,C,CC1=NC(=O)c2cc(ccc2N1)CN(C)c3ccc(s3)C(=O)N[C@@H](CCC(=O)O)C(=O)O
TYMS,5x5q,D16,402,1,B,2334,OE1,62.85,47.424,-3.921,15.0,27.0,O,CC1=NC(=O)c2cc(ccc2N1)CN(C)c3ccc(s3)C(=O)N[C@@H](CCC(=O)O)C(=O)O
TYMS,5x5q,D16,402,1,B,2336,CT,66.386,49.8,-0.886,1.208,29.0,C,CC1=NC(=O)c2cc(ccc2N1)CN(C)c3ccc(s3)C(=O)N[C@@H](CCC(=O)O)C(=O)O
TYMS,5x5q,D16,402,1,B,2337,O1,66.78,50.189,0.217,22.501,30.0,O,CC1=NC(=O)c2cc(ccc2N1)CN(C)c3ccc(s3)C(=O)N[C@@H](CCC(=O)O)C(=O)O
TYMS,5x5q,D16,402,1,B,2338,O2,65.527,50.467,-1.471,37.501,31.0,O,CC1=NC(=O)c2cc(ccc2N1)CN(C)c3ccc(s3)C(=O)N[C@@H](CCC(=O)O)C(=O)O
TYMS,5x5q,D16,402,1,B,2339,CP1,71.102,42.57,2.45,4.831,14.0,C,CC1=NC(=O)c2cc(ccc2N1)CN(C)c3ccc(s3)C(=O)N[C@@H](CCC(=O)O)C(=O)O
TYMS,5x5q,D16,402,1,C,2248,C2,45.04,69.525,48.232,6.038,1.0,C,CC1=NC(=O)c2cc(ccc2N1)CN(C)c3ccc(s3)C(=O)N[C@@H](CCC(=O)O)C(=O)O
TYMS,5x5q,D16,402,1,C,2249,CM2,46.17,70.139,47.44,25.36,0.0,C,CC1=NC(=O)c2cc(ccc2N1)CN(C)c3ccc(s3)C(=O)N[C@@H](CCC(=O)O)C(=O)O
TYMS,5x5q,D16,402,1,C,2250,N3,45.229,69.351,49.637,16.404,2.0,N,CC1=NC(=O)c2cc(ccc2N1)CN(C)c3ccc(s3)C(=O)N[C@@H](CCC(=O)O)C(=O)O
TYMS,5x5q,D16,402,1,C,2251,C4,44.252,68.785,50.46,10.869,3.0,C,CC1=NC(=O)c2cc(ccc2N1)CN(C)c3ccc(s3)C(=O)N[C@@H](CCC(=O)O)C(=O)O
TYMS,5x5q,D16,402,1,C,2252,O4,44.416,68.631,51.642,42.858,4.0,O,CC1=NC(=O)c2cc(ccc2N1)CN(C)c3ccc(s3)C(=O)N[C@@H](CCC(=O)O)C(=O)O
TYMS,5x5q,D16,402,1,C,2253,C4A,42.966,68.358,49.879,3.623,5.0,C,CC1=NC(=O)c2cc(ccc2N1)CN(C)c3ccc(s3)C(=O)N[C@@H](CCC(=O)O)C(=O)O
TYMS,5x5q,D16,402,1,C,2254,C5,41.992,67.795,50.735,9.661,6.0,C,CC1=NC(=O)c2cc(ccc2N1)CN(C)c3ccc(s3)C(=O)N[C@@H](CCC(=O)O)C(=O)O
TYMS,5x5q,D16,402,1,C,2255,C6,40.794,67.411,50.157,3.623,7.0,C,CC1=NC(=O)c2cc(ccc2N1)CN(C)c3ccc(s3)C(=O)N[C@@H](CCC(=O)O)C(=O)O
TYMS,5x5q,D16,402,1,C,2256,C7,40.583,67.585,48.778,4.831,8.0,C,CC1=NC(=O)c2cc(ccc2N1)CN(C)c3ccc(s3)C(=O)N[C@@H](CCC(=O)O)C(=O)O
TYMS,5x5q,D16,402,1,C,2257,C8,41.562,68.142,47.95,7.246,9.0,C,CC1=NC(=O)c2cc(ccc2N1)CN(C)c3ccc(s3)C(=O)N[C@@H](CCC(=O)O)C(=O)O
TYMS,5x5q,D16,402,1,C,2258,C8A,42.775,68.536,48.507,3.623,10.0,C,CC1=NC(=O)c2cc(ccc2N1)CN(C)c3ccc(s3)C(=O)N[C@@H](CCC(=O)O)C(=O)O
TYMS,5x5q,D16,402,1,C,2259,C9,39.71,66.761,51.002,18.114,12.0,C,CC1=NC(=O)c2cc(ccc2N1)CN(C)c3ccc(s3)C(=O)N[C@@H](CCC(=O)O)C(=O)O
TYMS,5x5q,D16,402,1,C,2264,C15,41.281,64.332,50.005,2.415,16.0,C,CC1=NC(=O)c2cc(ccc2N1)CN(C)c3ccc(s3)C(=O)N[C@@H](CCC(=O)O)C(=O)O
TYMS,5x5q,D16,402,1,C,2265,C16,41.829,63.265,49.302,12.076,17.0,C,CC1=NC(=O)c2cc(ccc2N1)CN(C)c3ccc(s3)C(=O)N[C@@H](CCC(=O)O)C(=O)O
TYMS,5x5q,D16,402,1,C,2267,O,40.725,61.399,46.443,4.286,21.0,O,CC1=NC(=O)c2cc(ccc2N1)CN(C)c3ccc(s3)C(=O)N[C@@H](CCC(=O)O)C(=O)O
TYMS,5x5q,D16,402,1,C,2268,N,42.078,60.416,48.15,4.374,22.0,N,CC1=NC(=O)c2cc(ccc2N1)CN(C)c3ccc(s3)C(=O)N[C@@H](CCC(=O)O)C(=O)O
TYMS,5x5q,D16,402,1,C,2270,CB,43.522,59.03,46.619,22.945,24.0,C,CC1=NC(=O)c2cc(ccc2N1)CN(C)c3ccc(s3)C(=O)N[C@@H](CCC(=O)O)C(=O)O
TYMS,5x5q,D16,402,1,C,2271,CG,43.427,59.865,45.306,21.737,25.0,C,CC1=NC(=O)c2cc(ccc2N1)CN(C)c3ccc(s3)C(=O)N[C@@H](CCC(=O)O)C(=O)O
TYMS,5x5q,D16,402,1,C,2272,CD,42.199,59.699,44.419,4.831,26.0,C,CC1=NC(=O)c2cc(ccc2N1)CN(C)c3ccc(s3)C(=O)N[C@@H](CCC(=O)O)C(=O)O
TYMS,5x5q,D16,402,1,C,2273,OE1,41.229,58.958,44.734,5.357,27.0,O,CC1=NC(=O)c2cc(ccc2N1)CN(C)c3ccc(s3)C(=O)N[C@@H](CCC(=O)O)C(=O)O
TYMS,5x5q,D16,402,1,C,2274,OE2,42.133,60.34,43.331,27.858,28.0,O,CC1=NC(=O)c2cc(ccc2N1)CN(C)c3ccc(s3)C(=O)N[C@@H](CCC(=O)O)C(=O)O
TYMS,5x5q,D16,402,1,C,2275,CT,42.433,58.082,48.73,3.623,29.0,C,CC1=NC(=O)c2cc(ccc2N1)CN(C)c3ccc(s3)C(=O)N[C@@H](CCC(=O)O)C(=O)O
TYMS,5x5q,D16,402,1,C,2276,O1,42.794,56.899,48.538,38.573,30.0,O,CC1=NC(=O)c2cc(ccc2N1)CN(C)c3ccc(s3)C(=O)N[C@@H](CCC(=O)O)C(=O)O
TYMS,5x5q,D16,402,1,C,2277,O2,42.122,58.346,49.933,12.858,31.0,O,CC1=NC(=O)c2cc(ccc2N1)CN(C)c3ccc(s3)C(=O)N[C@@H](CCC(=O)O)C(=O)O
TYMS,5x5q,D16,402,1,C,2278,CP1,37.722,65.596,49.982,3.623,14.0,C,CC1=NC(=O)c2cc(ccc2N1)CN(C)c3ccc(s3)C(=O)N[C@@H](CCC(=O)O)C(=O)O
TYMS,5x5q,D16,402,1,A,2312,N1,38.886,42.778,24.139,2.187,11.0,N,CC1=NC(=O)c2cc(ccc2N1)CN(C)c3ccc(s3)C(=O)N[C@@H](CCC(=O)O)C(=O)O
TYMS,5x5q,D16,402,1,A,2313,C2,38.395,43.91,24.843,2.415,1.0,C,CC1=NC(=O)c2cc(ccc2N1)CN(C)c3ccc(s3)C(=O)N[C@@H](CCC(=O)O)C(=O)O
TYMS,5x5q,D16,402,1,A,2314,CM2,37.688,45.011,24.193,10.869,0.0,C,CC1=NC(=O)c2cc(ccc2N1)CN(C)c3ccc(s3)C(=O)N[C@@H](CCC(=O)O)C(=O)O
TYMS,5x5q,D16,402,1,A,2315,N3,38.531,44.066,26.208,10.936,2.0,N,CC1=NC(=O)c2cc(ccc2N1)CN(C)c3ccc(s3)C(=O)N[C@@H](CCC(=O)O)C(=O)O
TYMS,5x5q,D16,402,1,A,2316,C4,39.177,43.109,26.912,3.623,3.0,C,CC1=NC(=O)c2cc(ccc2N1)CN(C)c3ccc(s3)C(=O)N[C@@H](CCC(=O)O)C(=O)O
TYMS,5x5q,D16,402,1,A,2317,O4,39.301,43.238,28.08,15.0,4.0,O,CC1=NC(=O)c2cc(ccc2N1)CN(C)c3ccc(s3)C(=O)N[C@@H](CCC(=O)O)C(=O)O
TYMS,5x5q,D16,402,1,A,2318,C4A,39.699,41.932,26.246,1.208,5.0,C,CC1=NC(=O)c2cc(ccc2N1)CN(C)c3ccc(s3)C(=O)N[C@@H](CCC(=O)O)C(=O)O
TYMS,5x5q,D16,402,1,A,2319,C5,40.343,41.003,27.033,3.623,6.0,C,CC1=NC(=O)c2cc(ccc2N1)CN(C)c3ccc(s3)C(=O)N[C@@H](CCC(=O)O)C(=O)O
TYMS,5x5q,D16,402,1,A,2320,C6,40.847,39.914,26.444,2.415,7.0,C,CC1=NC(=O)c2cc(ccc2N1)CN(C)c3ccc(s3)C(=O)N[C@@H](CCC(=O)O)C(=O)O
TYMS,5x5q,D16,402,1,A,2321,C7,40.713,39.729,25.087,6.038,8.0,C,CC1=NC(=O)c2cc(ccc2N1)CN(C)c3ccc(s3)C(=O)N[C@@H](CCC(=O)O)C(=O)O
TYMS,5x5q,D16,402,1,A,2322,C8,40.082,40.663,24.296,4.831,9.0,C,CC1=NC(=O)c2cc(ccc2N1)CN(C)c3ccc(s3)C(=O)N[C@@H](CCC(=O)O)C(=O)O
TYMS,5x5q,D16,402,1,A,2323,C8A,39.566,41.78,24.91,3.623,10.0,C,CC1=NC(=O)c2cc(ccc2N1)CN(C)c3ccc(s3)C(=O)N[C@@H](CCC(=O)O)C(=O)O
TYMS,5x5q,D16,402,1,A,2324,C9,41.545,38.928,27.326,2.415,12.0,C,CC1=NC(=O)c2cc(ccc2N1)CN(C)c3ccc(s3)C(=O)N[C@@H](CCC(=O)O)C(=O)O
TYMS,5x5q,D16,402,1,A,2330,C16,44.842,40.756,25.193,6.038,17.0,C,CC1=NC(=O)c2cc(ccc2N1)CN(C)c3ccc(s3)C(=O)N[C@@H](CCC(=O)O)C(=O)O
TYMS,5x5q,D16,402,1,A,2332,O,46.652,39.384,22.379,6.429,21.0,O,CC1=NC(=O)c2cc(ccc2N1)CN(C)c3ccc(s3)C(=O)N[C@@H](CCC(=O)O)C(=O)O
TYMS,5x5q,D16,402,1,A,2333,N,47.487,40.954,23.762,3.281,22.0,N,CC1=NC(=O)c2cc(ccc2N1)CN(C)c3ccc(s3)C(=O)N[C@@H](CCC(=O)O)C(=O)O
TYMS,5x5q,D16,402,1,A,2335,CB,48.441,42.205,21.99,10.869,24.0,C,CC1=NC(=O)c2cc(ccc2N1)CN(C)c3ccc(s3)C(=O)N[C@@H](CCC(=O)O)C(=O)O
TYMS,5x5q,D16,402,1,A,2336,CG,48.583,41.635,20.585,12.076,25.0,C,CC1=NC(=O)c2cc(ccc2N1)CN(C)c3ccc(s3)C(=O)N[C@@H](CCC(=O)O)C(=O)O
TYMS,5x5q,D16,402,1,A,2337,CD,47.898,42.566,19.629,1.208,26.0,C,CC1=NC(=O)c2cc(ccc2N1)CN(C)c3ccc(s3)C(=O)N[C@@H](CCC(=O)O)C(=O)O
TYMS,5x5q,D16,402,1,A,2338,OE1,47.735,43.778,19.923,12.858,27.0,O,CC1=NC(=O)c2cc(ccc2N1)CN(C)c3ccc(s3)C(=O)N[C@@H](CCC(=O)O)C(=O)O
TYMS,5x5q,D16,402,1,A,2340,CT,49.724,41.658,23.954,2.415,29.0,C,CC1=NC(=O)c2cc(ccc2N1)CN(C)c3ccc(s3)C(=O)N[C@@H](CCC(=O)O)C(=O)O
TYMS,5x5q,D16,402,1,A,2341,O1,49.725,41.406,25.175,13.929,30.0,O,CC1=NC(=O)c2cc(ccc2N1)CN(C)c3ccc(s3)C(=O)N[C@@H](CCC(=O)O)C(=O)O
TYMS,5x5q,D16,402,1,A,2342,O2,50.647,42.357,23.523,45.001,31.0,O,CC1=NC(=O)c2cc(ccc2N1)CN(C)c3ccc(s3)C(=O)N[C@@H](CCC(=O)O)C(=O)O
TYMS,5x5q,D16,402,1,A,2343,CP1,42.492,36.866,26.413,4.831,14.0,C,CC1=NC(=O)c2cc(ccc2N1)CN(C)c3ccc(s3)C(=O)N[C@@H](CCC(=O)O)C(=O)O
TYMS,5x5q,D16,402,1,D,2261,N1,14.862,11.729,22.33,1.094,11.0,N,CC1=NC(=O)c2cc(ccc2N1)CN(C)c3ccc(s3)C(=O)N[C@@H](CCC(=O)O)C(=O)O
TYMS,5x5q,D16,402,1,D,2262,C2,15.293,10.442,22.793,7.246,1.0,C,CC1=NC(=O)c2cc(ccc2N1)CN(C)c3ccc(s3)C(=O)N[C@@H](CCC(=O)O)C(=O)O
TYMS,5x5q,D16,402,1,D,2263,CM2,15.968,9.454,21.919,20.53,0.0,C,CC1=NC(=O)c2cc(ccc2N1)CN(C)c3ccc(s3)C(=O)N[C@@H](CCC(=O)O)C(=O)O
TYMS,5x5q,D16,402,1,D,2264,N3,15.099,10.027,24.109,12.029,2.0,N,CC1=NC(=O)c2cc(ccc2N1)CN(C)c3ccc(s3)C(=O)N[C@@H](CCC(=O)O)C(=O)O
TYMS,5x5q,D16,402,1,D,2265,C4,14.487,10.866,25.006,8.453,3.0,C,CC1=NC(=O)c2cc(ccc2N1)CN(C)c3ccc(s3)C(=O)N[C@@H](CCC(=O)O)C(=O)O
TYMS,5x5q,D16,402,1,D,2266,O4,14.349,10.442,26.131,32.144,4.0,O,CC1=NC(=O)c2cc(ccc2N1)CN(C)c3ccc(s3)C(=O)N[C@@H](CCC(=O)O)C(=O)O
TYMS,5x5q,D16,402,1,D,2267,C4A,14.02,12.229,24.582,3.623,5.0,C,CC1=NC(=O)c2cc(ccc2N1)CN(C)c3ccc(s3)C(=O)N[C@@H](CCC(=O)O)C(=O)O
TYMS,5x5q,D16,402,1,D,2268,C5,13.375,13.07,25.518,13.284,6.0,C,CC1=NC(=O)c2cc(ccc2N1)CN(C)c3ccc(s3)C(=O)N[C@@H](CCC(=O)O)C(=O)O
TYMS,5x5q,D16,402,1,D,2269,C6,12.947,14.307,25.079,2.415,7.0,C,CC1=NC(=O)c2cc(ccc2N1)CN(C)c3ccc(s3)C(=O)N[C@@H](CCC(=O)O)C(=O)O
TYMS,5x5q,D16,402,1,D,2270,C7,13.155,14.707,23.734,7.246,8.0,C,CC1=NC(=O)c2cc(ccc2N1)CN(C)c3ccc(s3)C(=O)N[C@@H](CCC(=O)O)C(=O)O
TYMS,5x5q,D16,402,1,D,2271,C8,13.777,13.874,22.81,4.831,9.0,C,CC1=NC(=O)c2cc(ccc2N1)CN(C)c3ccc(s3)C(=O)N[C@@H](CCC(=O)O)C(=O)O
TYMS,5x5q,D16,402,1,D,2272,C8A,14.212,12.622,23.265,2.415,10.0,C,CC1=NC(=O)c2cc(ccc2N1)CN(C)c3ccc(s3)C(=O)N[C@@H](CCC(=O)O)C(=O)O
TYMS,5x5q,D16,402,1,D,2273,C9,12.255,15.223,26.08,13.284,12.0,C,CC1=NC(=O)c2cc(ccc2N1)CN(C)c3ccc(s3)C(=O)N[C@@H](CCC(=O)O)C(=O)O
TYMS,5x5q,D16,402,1,D,2278,C15,9.751,14.081,24.749,6.038,16.0,C,CC1=NC(=O)c2cc(ccc2N1)CN(C)c3ccc(s3)C(=O)N[C@@H](CCC(=O)O)C(=O)O
TYMS,5x5q,D16,402,1,D,2279,C16,8.678,13.758,23.944,12.076,17.0,C,CC1=NC(=O)c2cc(ccc2N1)CN(C)c3ccc(s3)C(=O)N[C@@H](CCC(=O)O)C(=O)O
TYMS,5x5q,D16,402,1,D,2281,O,6.873,15.811,21.534,4.286,21.0,O,CC1=NC(=O)c2cc(ccc2N1)CN(C)c3ccc(s3)C(=O)N[C@@H](CCC(=O)O)C(=O)O
TYMS,5x5q,D16,402,1,D,2282,N,6.158,13.64,21.928,2.187,22.0,N,CC1=NC(=O)c2cc(ccc2N1)CN(C)c3ccc(s3)C(=O)N[C@@H](CCC(=O)O)C(=O)O
TYMS,5x5q,D16,402,1,D,2284,CB,5.275,13.295,19.578,10.869,24.0,C,CC1=NC(=O)c2cc(ccc2N1)CN(C)c3ccc(s3)C(=O)N[C@@H](CCC(=O)O)C(=O)O
TYMS,5x5q,D16,402,1,D,2285,CG,5.33,11.752,19.368,15.699,25.0,C,CC1=NC(=O)c2cc(ccc2N1)CN(C)c3ccc(s3)C(=O)N[C@@H](CCC(=O)O)C(=O)O
TYMS,5x5q,D16,402,1,D,2286,CD,5.948,11.267,18.054,4.831,26.0,C,CC1=NC(=O)c2cc(ccc2N1)CN(C)c3ccc(s3)C(=O)N[C@@H](CCC(=O)O)C(=O)O
TYMS,5x5q,D16,402,1,D,2287,OE1,6.162,12.076,17.105,8.572,27.0,O,CC1=NC(=O)c2cc(ccc2N1)CN(C)c3ccc(s3)C(=O)N[C@@H](CCC(=O)O)C(=O)O
TYMS,5x5q,D16,402,1,D,2288,OE2,6.259,10.043,17.893,46.073,28.0,O,CC1=NC(=O)c2cc(ccc2N1)CN(C)c3ccc(s3)C(=O)N[C@@H](CCC(=O)O)C(=O)O
TYMS,5x5q,D16,402,1,D,2290,O1,2.671,13.61,21.337,26.786,30.0,O,CC1=NC(=O)c2cc(ccc2N1)CN(C)c3ccc(s3)C(=O)N[C@@H](CCC(=O)O)C(=O)O
TYMS,5x5q,D16,402,1,D,2291,O2,3.876,12.314,22.647,40.715,31.0,O,CC1=NC(=O)c2cc(ccc2N1)CN(C)c3ccc(s3)C(=O)N[C@@H](CCC(=O)O)C(=O)O
TYMS,5x5q,D16,402,1,D,2292,CP1,11.4,17.458,25.289,7.246,14.0,C,CC1=NC(=O)c2cc(ccc2N1)CN(C)c3ccc(s3)C(=O)N[C@@H](CCC(=O)O)C(=O)O
TYMS,5x5q,D16,402,1,E,2280,C2,97.213,15.096,-1.586,7.246,1.0,C,CC1=NC(=O)c2cc(ccc2N1)CN(C)c3ccc(s3)C(=O)N[C@@H](CCC(=O)O)C(=O)O
TYMS,5x5q,D16,402,1,E,2281,CM2,98.207,15.703,-2.517,20.53,0.0,C,CC1=NC(=O)c2cc(ccc2N1)CN(C)c3ccc(s3)C(=O)N[C@@H](CCC(=O)O)C(=O)O
TYMS,5x5q,D16,402,1,E,2282,N3,97.646,14.932,-0.245,16.404,2.0,N,CC1=NC(=O)c2cc(ccc2N1)CN(C)c3ccc(s3)C(=O)N[C@@H](CCC(=O)O)C(=O)O
TYMS,5x5q,D16,402,1,E,2283,C4,96.795,14.363,0.676,9.661,3.0,C,CC1=NC(=O)c2cc(ccc2N1)CN(C)c3ccc(s3)C(=O)N[C@@H](CCC(=O)O)C(=O)O
TYMS,5x5q,D16,402,1,E,2284,O4,97.178,14.229,1.793,41.787,4.0,O,CC1=NC(=O)c2cc(ccc2N1)CN(C)c3ccc(s3)C(=O)N[C@@H](CCC(=O)O)C(=O)O
TYMS,5x5q,D16,402,1,E,2285,C4A,95.428,13.924,0.303,2.415,5.0,C,CC1=NC(=O)c2cc(ccc2N1)CN(C)c3ccc(s3)C(=O)N[C@@H](CCC(=O)O)C(=O)O
TYMS,5x5q,D16,402,1,E,2286,C5,94.585,13.343,1.285,18.114,6.0,C,CC1=NC(=O)c2cc(ccc2N1)CN(C)c3ccc(s3)C(=O)N[C@@H](CCC(=O)O)C(=O)O
TYMS,5x5q,D16,402,1,E,2287,C6,93.301,12.965,0.886,3.623,7.0,C,CC1=NC(=O)c2cc(ccc2N1)CN(C)c3ccc(s3)C(=O)N[C@@H](CCC(=O)O)C(=O)O
TYMS,5x5q,D16,402,1,E,2288,C7,92.903,13.145,-0.462,7.246,8.0,C,CC1=NC(=O)c2cc(ccc2N1)CN(C)c3ccc(s3)C(=O)N[C@@H](CCC(=O)O)C(=O)O
TYMS,5x5q,D16,402,1,E,2289,C8,93.75,13.705,-1.425,6.038,9.0,C,CC1=NC(=O)c2cc(ccc2N1)CN(C)c3ccc(s3)C(=O)N[C@@H](CCC(=O)O)C(=O)O
TYMS,5x5q,D16,402,1,E,2290,C8A,95.021,14.107,-1.025,3.623,10.0,C,CC1=NC(=O)c2cc(ccc2N1)CN(C)c3ccc(s3)C(=O)N[C@@H](CCC(=O)O)C(=O)O
TYMS,5x5q,D16,402,1,E,2291,C9,92.319,12.313,1.87,14.492,12.0,C,CC1=NC(=O)c2cc(ccc2N1)CN(C)c3ccc(s3)C(=O)N[C@@H](CCC(=O)O)C(=O)O
TYMS,5x5q,D16,402,1,E,2296,C15,93.573,9.919,0.643,3.623,16.0,C,CC1=NC(=O)c2cc(ccc2N1)CN(C)c3ccc(s3)C(=O)N[C@@H](CCC(=O)O)C(=O)O
TYMS,5x5q,D16,402,1,E,2297,C16,94.038,8.883,-0.094,10.869,17.0,C,CC1=NC(=O)c2cc(ccc2N1)CN(C)c3ccc(s3)C(=O)N[C@@H](CCC(=O)O)C(=O)O
TYMS,5x5q,D16,402,1,E,2299,O,94.782,6.758,-1.608,17.143,21.0,O,CC1=NC(=O)c2cc(ccc2N1)CN(C)c3ccc(s3)C(=O)N[C@@H](CCC(=O)O)C(=O)O
TYMS,5x5q,D16,402,1,E,2300,N,92.861,6.403,-2.858,4.374,22.0,N,CC1=NC(=O)c2cc(ccc2N1)CN(C)c3ccc(s3)C(=O)N[C@@H](CCC(=O)O)C(=O)O
TYMS,5x5q,D16,402,1,E,2301,CA,93.384,5.283,-3.674,6.038,23.0,C,CC1=NC(=O)c2cc(ccc2N1)CN(C)c3ccc(s3)C(=O)N[C@@H](CCC(=O)O)C(=O)O
TYMS,5x5q,D16,402,1,E,2302,CB,94.802,5.519,-4.168,1.208,24.0,C,CC1=NC(=O)c2cc(ccc2N1)CN(C)c3ccc(s3)C(=O)N[C@@H](CCC(=O)O)C(=O)O
TYMS,5x5q,D16,402,1,E,2303,CG,95.068,5.297,-5.665,10.869,25.0,C,CC1=NC(=O)c2cc(ccc2N1)CN(C)c3ccc(s3)C(=O)N[C@@H](CCC(=O)O)C(=O)O
TYMS,5x5q,D16,402,1,E,2304,CD,96.466,5.816,-5.968,4.831,26.0,C,CC1=NC(=O)c2cc(ccc2N1)CN(C)c3ccc(s3)C(=O)N[C@@H](CCC(=O)O)C(=O)O
TYMS,5x5q,D16,402,1,E,2305,OE1,96.622,7.003,-6.377,34.287,27.0,O,CC1=NC(=O)c2cc(ccc2N1)CN(C)c3ccc(s3)C(=O)N[C@@H](CCC(=O)O)C(=O)O
TYMS,5x5q,D16,402,1,E,2306,OE2,97.476,5.072,-5.78,50.359,28.0,O,CC1=NC(=O)c2cc(ccc2N1)CN(C)c3ccc(s3)C(=O)N[C@@H](CCC(=O)O)C(=O)O
TYMS,5x5q,D16,402,1,E,2307,CT,93.391,3.984,-2.929,1.208,29.0,C,CC1=NC(=O)c2cc(ccc2N1)CN(C)c3ccc(s3)C(=O)N[C@@H](CCC(=O)O)C(=O)O
TYMS,5x5q,D16,402,1,E,2308,O1,93.843,3.888,-1.757,21.429,30.0,O,CC1=NC(=O)c2cc(ccc2N1)CN(C)c3ccc(s3)C(=O)N[C@@H](CCC(=O)O)C(=O)O
TYMS,5x5q,D16,402,1,E,2309,O2,92.959,2.944,-3.507,26.786,31.0,O,CC1=NC(=O)c2cc(ccc2N1)CN(C)c3ccc(s3)C(=O)N[C@@H](CCC(=O)O)C(=O)O
TYMS,5x5q,D16,402,1,E,2310,CP1,90.124,11.278,1.093,4.831,14.0,C,CC1=NC(=O)c2cc(ccc2N1)CN(C)c3ccc(s3)C(=O)N[C@@H](CCC(=O)O)C(=O)O
TYMS,5x5q,D16,402,1,F,2216,N1,12.194,93.287,45.921,1.094,11.0,N,CC1=NC(=O)c2cc(ccc2N1)CN(C)c3ccc(s3)C(=O)N[C@@H](CCC(=O)O)C(=O)O
TYMS,5x5q,D16,402,1,F,2217,C2,10.929,92.702,46.287,4.831,1.0,C,CC1=NC(=O)c2cc(ccc2N1)CN(C)c3ccc(s3)C(=O)N[C@@H](CCC(=O)O)C(=O)O
TYMS,5x5q,D16,402,1,F,2218,CM2,10.064,92.067,45.242,14.492,0.0,C,CC1=NC(=O)c2cc(ccc2N1)CN(C)c3ccc(s3)C(=O)N[C@@H](CCC(=O)O)C(=O)O
TYMS,5x5q,D16,402,1,F,2219,N3,10.498,92.73,47.649,18.591,2.0,N,CC1=NC(=O)c2cc(ccc2N1)CN(C)c3ccc(s3)C(=O)N[C@@H](CCC(=O)O)C(=O)O
TYMS,5x5q,D16,402,1,F,2220,C4,11.289,93.33,48.647,9.661,3.0,C,CC1=NC(=O)c2cc(ccc2N1)CN(C)c3ccc(s3)C(=O)N[C@@H](CCC(=O)O)C(=O)O
TYMS,5x5q,D16,402,1,F,2221,O4,10.87,93.334,49.794,38.573,4.0,O,CC1=NC(=O)c2cc(ccc2N1)CN(C)c3ccc(s3)C(=O)N[C@@H](CCC(=O)O)C(=O)O
TYMS,5x5q,D16,402,1,F,2222,C4A,12.621,93.953,48.288,3.623,5.0,C,CC1=NC(=O)c2cc(ccc2N1)CN(C)c3ccc(s3)C(=O)N[C@@H](CCC(=O)O)C(=O)O
TYMS,5x5q,D16,402,1,F,2223,C5,13.436,94.572,49.28,19.322,6.0,C,CC1=NC(=O)c2cc(ccc2N1)CN(C)c3ccc(s3)C(=O)N[C@@H](CCC(=O)O)C(=O)O
TYMS,5x5q,D16,402,1,F,2224,C6,14.646,95.128,48.876,2.415,7.0,C,CC1=NC(=O)c2cc(ccc2N1)CN(C)c3ccc(s3)C(=O)N[C@@H](CCC(=O)O)C(=O)O
TYMS,5x5q,D16,402,1,F,2225,C7,15.006,95.046,47.509,6.038,8.0,C,CC1=NC(=O)c2cc(ccc2N1)CN(C)c3ccc(s3)C(=O)N[C@@H](CCC(=O)O)C(=O)O
TYMS,5x5q,D16,402,1,F,2226,C8,14.215,94.445,46.539,3.623,9.0,C,CC1=NC(=O)c2cc(ccc2N1)CN(C)c3ccc(s3)C(=O)N[C@@H](CCC(=O)O)C(=O)O
TYMS,5x5q,D16,402,1,F,2227,C8A,13.013,93.903,46.95,2.415,10.0,C,CC1=NC(=O)c2cc(ccc2N1)CN(C)c3ccc(s3)C(=O)N[C@@H](CCC(=O)O)C(=O)O
TYMS,5x5q,D16,402,1,F,2228,C9,15.593,95.825,49.875,12.076,12.0,C,CC1=NC(=O)c2cc(ccc2N1)CN(C)c3ccc(s3)C(=O)N[C@@H](CCC(=O)O)C(=O)O
TYMS,5x5q,D16,402,1,F,2233,C15,14.655,98.436,48.382,6.038,16.0,C,CC1=NC(=O)c2cc(ccc2N1)CN(C)c3ccc(s3)C(=O)N[C@@H](CCC(=O)O)C(=O)O
TYMS,5x5q,D16,402,1,F,2234,C16,14.429,99.456,47.463,9.661,17.0,C,CC1=NC(=O)c2cc(ccc2N1)CN(C)c3ccc(s3)C(=O)N[C@@H](CCC(=O)O)C(=O)O
TYMS,5x5q,D16,402,1,F,2236,O,16.572,101.037,44.936,5.357,21.0,O,CC1=NC(=O)c2cc(ccc2N1)CN(C)c3ccc(s3)C(=O)N[C@@H](CCC(=O)O)C(=O)O
TYMS,5x5q,D16,402,1,F,2237,N,14.372,101.723,45.321,3.281,22.0,N,CC1=NC(=O)c2cc(ccc2N1)CN(C)c3ccc(s3)C(=O)N[C@@H](CCC(=O)O)C(=O)O
TYMS,5x5q,D16,402,1,F,2239,CB,13.309,102.499,43.247,16.907,24.0,C,CC1=NC(=O)c2cc(ccc2N1)CN(C)c3ccc(s3)C(=O)N[C@@H](CCC(=O)O)C(=O)O
TYMS,5x5q,D16,402,1,F,2240,CG,13.884,102.444,41.811,22.945,25.0,C,CC1=NC(=O)c2cc(ccc2N1)CN(C)c3ccc(s3)C(=O)N[C@@H](CCC(=O)O)C(=O)O
TYMS,5x5q,D16,402,1,F,2241,CD,14.376,103.794,41.326,6.038,26.0,C,CC1=NC(=O)c2cc(ccc2N1)CN(C)c3ccc(s3)C(=O)N[C@@H](CCC(=O)O)C(=O)O
TYMS,5x5q,D16,402,1,F,2242,OE1,15.527,103.886,40.824,5.357,27.0,O,CC1=NC(=O)c2cc(ccc2N1)CN(C)c3ccc(s3)C(=O)N[C@@H](CCC(=O)O)C(=O)O
TYMS,5x5q,D16,402,1,F,2243,OE2,13.655,104.836,41.421,24.644,28.0,O,CC1=NC(=O)c2cc(ccc2N1)CN(C)c3ccc(s3)C(=O)N[C@@H](CCC(=O)O)C(=O)O
TYMS,5x5q,D16,402,1,F,2244,CT,14.196,104.105,44.992,1.208,29.0,C,CC1=NC(=O)c2cc(ccc2N1)CN(C)c3ccc(s3)C(=O)N[C@@H](CCC(=O)O)C(=O)O
TYMS,5x5q,D16,402,1,F,2245,O1,13.481,104.215,46.024,38.573,30.0,O,CC1=NC(=O)c2cc(ccc2N1)CN(C)c3ccc(s3)C(=O)N[C@@H](CCC(=O)O)C(=O)O
TYMS,5x5q,D16,402,1,F,2246,O2,14.789,105.141,44.563,10.715,31.0,O,CC1=NC(=O)c2cc(ccc2N1)CN(C)c3ccc(s3)C(=O)N[C@@H](CCC(=O)O)C(=O)O
TYMS,5x5q,D16,402,1,F,2247,CP1,17.915,96.743,49.399,7.246,14.0,C,CC1=NC(=O)c2cc(ccc2N1)CN(C)c3ccc(s3)C(=O)N[C@@H](CCC(=O)O)C(=O)O
TYMS,5x66,MTX,402,1,A,2336,C2,148.005,153.526,24.757,4.831,11.0,C,CN(Cc1cnc2c(n1)c(nc(n2)N)N)c3ccc(cc3)C(=O)N[C@@H](CCC(=O)O)C(=O)O
TYMS,5x66,MTX,402,1,A,2337,NA2,147.269,154.56,24.134,2.187,13.0,N,CN(Cc1cnc2c(n1)c(nc(n2)N)N)c3ccc(cc3)C(=O)N[C@@H](CCC(=O)O)C(=O)O
TYMS,5x66,MTX,402,1,A,2338,N3,148.038,153.494,26.098,10.936,10.0,N,CN(Cc1cnc2c(n1)c(nc(n2)N)N)c3ccc(cc3)C(=O)N[C@@H](CCC(=O)O)C(=O)O
TYMS,5x66,MTX,402,1,A,2339,C4,148.759,152.502,26.696,4.831,9.0,C,CN(Cc1cnc2c(n1)c(nc(n2)N)N)c3ccc(cc3)C(=O)N[C@@H](CCC(=O)O)C(=O)O
TYMS,5x66,MTX,402,1,A,2340,NA4,148.788,152.439,28.071,29.527,14.0,N,CN(Cc1cnc2c(n1)c(nc(n2)N)N)c3ccc(cc3)C(=O)N[C@@H](CCC(=O)O)C(=O)O
TYMS,5x66,MTX,402,1,A,2341,C4A,149.455,151.569,25.947,3.623,7.0,C,CN(Cc1cnc2c(n1)c(nc(n2)N)N)c3ccc(cc3)C(=O)N[C@@H](CCC(=O)O)C(=O)O
TYMS,5x66,MTX,402,1,A,2342,N5,150.148,150.595,26.543,6.562,8.0,N,CN(Cc1cnc2c(n1)c(nc(n2)N)N)c3ccc(cc3)C(=O)N[C@@H](CCC(=O)O)C(=O)O
TYMS,5x66,MTX,402,1,A,2343,C6,150.805,149.699,25.738,4.831,3.0,C,CN(Cc1cnc2c(n1)c(nc(n2)N)N)c3ccc(cc3)C(=O)N[C@@H](CCC(=O)O)C(=O)O
TYMS,5x66,MTX,402,1,A,2344,C7,150.721,149.832,24.3,3.623,4.0,C,CN(Cc1cnc2c(n1)c(nc(n2)N)N)c3ccc(cc3)C(=O)N[C@@H](CCC(=O)O)C(=O)O
TYMS,5x66,MTX,402,1,A,2345,N8,150.006,150.813,23.677,1.094,5.0,N,CN(Cc1cnc2c(n1)c(nc(n2)N)N)c3ccc(cc3)C(=O)N[C@@H](CCC(=O)O)C(=O)O
TYMS,5x66,MTX,402,1,A,2346,C8A,149.363,151.686,24.523,3.623,6.0,C,CN(Cc1cnc2c(n1)c(nc(n2)N)N)c3ccc(cc3)C(=O)N[C@@H](CCC(=O)O)C(=O)O
TYMS,5x66,MTX,402,1,A,2347,C9,151.637,148.616,26.387,16.907,2.0,C,CN(Cc1cnc2c(n1)c(nc(n2)N)N)c3ccc(cc3)C(=O)N[C@@H](CCC(=O)O)C(=O)O
TYMS,5x66,MTX,402,1,A,2349,CM,152.214,146.647,24.976,7.246,0.0,C,CN(Cc1cnc2c(n1)c(nc(n2)N)N)c3ccc(cc3)C(=O)N[C@@H](CCC(=O)O)C(=O)O
TYMS,5x66,MTX,402,1,A,2350,C11,156.148,149.949,24.331,1.208,18.0,C,CN(Cc1cnc2c(n1)c(nc(n2)N)N)c3ccc(cc3)C(=O)N[C@@H](CCC(=O)O)C(=O)O
TYMS,5x66,MTX,402,1,A,2351,C12,155.871,148.708,23.835,6.038,17.0,C,CN(Cc1cnc2c(n1)c(nc(n2)N)N)c3ccc(cc3)C(=O)N[C@@H](CCC(=O)O)C(=O)O
TYMS,5x66,MTX,402,1,A,2354,C15,154.088,149.861,25.619,2.415,20.0,C,CN(Cc1cnc2c(n1)c(nc(n2)N)N)c3ccc(cc3)C(=O)N[C@@H](CCC(=O)O)C(=O)O
TYMS,5x66,MTX,402,1,A,2355,C16,155.247,150.492,25.264,8.453,19.0,C,CN(Cc1cnc2c(n1)c(nc(n2)N)N)c3ccc(cc3)C(=O)N[C@@H](CCC(=O)O)C(=O)O
TYMS,5x66,MTX,402,1,A,2356,C,157.417,150.714,24.122,4.831,21.0,C,CN(Cc1cnc2c(n1)c(nc(n2)N)N)c3ccc(cc3)C(=O)N[C@@H](CCC(=O)O)C(=O)O
TYMS,5x66,MTX,402,1,A,2357,O,157.464,151.941,24.319,28.929,22.0,O,CN(Cc1cnc2c(n1)c(nc(n2)N)N)c3ccc(cc3)C(=O)N[C@@H](CCC(=O)O)C(=O)O
TYMS,5x66,MTX,402,1,A,2358,N,158.68,149.926,23.815,2.187,23.0,N,CN(Cc1cnc2c(n1)c(nc(n2)N)N)c3ccc(cc3)C(=O)N[C@@H](CCC(=O)O)C(=O)O
TYMS,5x66,MTX,402,1,A,2360,CT,160.324,151.516,24.555,3.623,30.0,C,CN(Cc1cnc2c(n1)c(nc(n2)N)N)c3ccc(cc3)C(=O)N[C@@H](CCC(=O)O)C(=O)O
TYMS,5x66,MTX,402,1,A,2361,O1,159.829,151.515,25.783,18.215,31.0,O,CN(Cc1cnc2c(n1)c(nc(n2)N)N)c3ccc(cc3)C(=O)N[C@@H](CCC(=O)O)C(=O)O
TYMS,5x66,MTX,402,1,A,2362,O2,161.035,152.531,24.032,40.715,32.0,O,CN(Cc1cnc2c(n1)c(nc(n2)N)N)c3ccc(cc3)C(=O)N[C@@H](CCC(=O)O)C(=O)O
TYMS,5x66,MTX,402,1,A,2363,CB,160.963,150.188,22.459,18.114,25.0,C,CN(Cc1cnc2c(n1)c(nc(n2)N)N)c3ccc(cc3)C(=O)N[C@@H](CCC(=O)O)C(=O)O
TYMS,5x66,MTX,402,1,A,2364,CG,162.509,150.026,22.65,15.699,26.0,C,CN(Cc1cnc2c(n1)c(nc(n2)N)N)c3ccc(cc3)C(=O)N[C@@H](CCC(=O)O)C(=O)O
TYMS,5x66,MTX,402,1,A,2365,CD,163.476,148.967,21.978,3.623,27.0,C,CN(Cc1cnc2c(n1)c(nc(n2)N)N)c3ccc(cc3)C(=O)N[C@@H](CCC(=O)O)C(=O)O
TYMS,5x66,MTX,402,1,A,2366,OE1,164.58,148.403,22.571,38.573,28.0,O,CN(Cc1cnc2c(n1)c(nc(n2)N)N)c3ccc(cc3)C(=O)N[C@@H](CCC(=O)O)C(=O)O
TYMS,5x66,MTX,402,1,A,2367,OE2,163.279,148.581,20.798,3.214,29.0,O,CN(Cc1cnc2c(n1)c(nc(n2)N)N)c3ccc(cc3)C(=O)N[C@@H](CCC(=O)O)C(=O)O
TYMS,5x66,MTX,402,1,D,2334,C2,125.079,120.263,23.35,3.623,11.0,C,CN(Cc1cnc2c(n1)c(nc(n2)N)N)c3ccc(cc3)C(=O)N[C@@H](CCC(=O)O)C(=O)O
TYMS,5x66,MTX,402,1,D,2336,N3,125.054,120.202,24.717,3.281,10.0,N,CN(Cc1cnc2c(n1)c(nc(n2)N)N)c3ccc(cc3)C(=O)N[C@@H](CCC(=O)O)C(=O)O
TYMS,5x66,MTX,402,1,D,2337,C4,124.394,121.14,25.368,4.831,9.0,C,CN(Cc1cnc2c(n1)c(nc(n2)N)N)c3ccc(cc3)C(=O)N[C@@H](CCC(=O)O)C(=O)O
TYMS,5x66,MTX,402,1,D,2338,NA4,124.282,121.132,26.74,20.778,14.0,N,CN(Cc1cnc2c(n1)c(nc(n2)N)N)c3ccc(cc3)C(=O)N[C@@H](CCC(=O)O)C(=O)O
TYMS,5x66,MTX,402,1,D,2339,C4A,123.781,122.166,24.69,1.208,7.0,C,CN(Cc1cnc2c(n1)c(nc(n2)N)N)c3ccc(cc3)C(=O)N[C@@H](CCC(=O)O)C(=O)O
TYMS,5x66,MTX,402,1,D,2340,N5,123.147,123.104,25.403,7.655,8.0,N,CN(Cc1cnc2c(n1)c(nc(n2)N)N)c3ccc(cc3)C(=O)N[C@@H](CCC(=O)O)C(=O)O
TYMS,5x66,MTX,402,1,D,2341,C6,122.494,124.131,24.796,2.415,3.0,C,CN(Cc1cnc2c(n1)c(nc(n2)N)N)c3ccc(cc3)C(=O)N[C@@H](CCC(=O)O)C(=O)O
TYMS,5x66,MTX,402,1,D,2342,C7,122.568,124.228,23.382,3.623,4.0,C,CN(Cc1cnc2c(n1)c(nc(n2)N)N)c3ccc(cc3)C(=O)N[C@@H](CCC(=O)O)C(=O)O
TYMS,5x66,MTX,402,1,D,2343,N8,123.232,123.314,22.665,1.094,5.0,N,CN(Cc1cnc2c(n1)c(nc(n2)N)N)c3ccc(cc3)C(=O)N[C@@H](CCC(=O)O)C(=O)O
TYMS,5x66,MTX,402,1,D,2344,C8A,123.853,122.243,23.285,3.623,6.0,C,CN(Cc1cnc2c(n1)c(nc(n2)N)N)c3ccc(cc3)C(=O)N[C@@H](CCC(=O)O)C(=O)O
TYMS,5x66,MTX,402,1,D,2345,C9,121.766,125.118,25.67,19.322,2.0,C,CN(Cc1cnc2c(n1)c(nc(n2)N)N)c3ccc(cc3)C(=O)N[C@@H](CCC(=O)O)C(=O)O
TYMS,5x66,MTX,402,1,D,2347,CM,121.065,127.314,24.87,7.246,0.0,C,CN(Cc1cnc2c(n1)c(nc(n2)N)N)c3ccc(cc3)C(=O)N[C@@H](CCC(=O)O)C(=O)O
TYMS,5x66,MTX,402,1,D,2349,C12,117.64,125.32,23.021,2.415,17.0,C,CN(Cc1cnc2c(n1)c(nc(n2)N)N)c3ccc(cc3)C(=O)N[C@@H](CCC(=O)O)C(=O)O
TYMS,5x66,MTX,402,1,D,2353,C16,118.247,123.317,24.054,2.415,19.0,C,CN(Cc1cnc2c(n1)c(nc(n2)N)N)c3ccc(cc3)C(=O)N[C@@H](CCC(=O)O)C(=O)O
TYMS,5x66,MTX,402,1,D,2354,C,116.284,123.258,22.597,1.208,21.0,C,CN(Cc1cnc2c(n1)c(nc(n2)N)N)c3ccc(cc3)C(=O)N[C@@H](CCC(=O)O)C(=O)O
TYMS,5x66,MTX,402,1,D,2355,O,116.924,122.505,21.867,18.215,22.0,O,CN(Cc1cnc2c(n1)c(nc(n2)N)N)c3ccc(cc3)C(=O)N[C@@H](CCC(=O)O)C(=O)O
TYMS,5x66,MTX,402,1,D,2356,N,114.815,123.064,22.231,6.562,23.0,N,CN(Cc1cnc2c(n1)c(nc(n2)N)N)c3ccc(cc3)C(=O)N[C@@H](CCC(=O)O)C(=O)O
TYMS,5x66,MTX,402,1,D,2358,CT,113.308,122.371,23.566,3.623,30.0,C,CN(Cc1cnc2c(n1)c(nc(n2)N)N)c3ccc(cc3)C(=O)N[C@@H](CCC(=O)O)C(=O)O
TYMS,5x66,MTX,402,1,D,2359,O1,112.716,121.332,23.091,39.644,31.0,O,CN(Cc1cnc2c(n1)c(nc(n2)N)N)c3ccc(cc3)C(=O)N[C@@H](CCC(=O)O)C(=O)O
TYMS,5x66,MTX,402,1,D,2360,O2,113.858,122.382,24.805,18.215,32.0,O,CN(Cc1cnc2c(n1)c(nc(n2)N)N)c3ccc(cc3)C(=O)N[C@@H](CCC(=O)O)C(=O)O
TYMS,5x66,MTX,402,1,D,2361,CB,112.503,123.665,21.545,13.284,25.0,C,CN(Cc1cnc2c(n1)c(nc(n2)N)N)c3ccc(cc3)C(=O)N[C@@H](CCC(=O)O)C(=O)O
TYMS,5x66,MTX,402,1,D,2362,CG,110.962,123.59,21.692,12.076,26.0,C,CN(Cc1cnc2c(n1)c(nc(n2)N)N)c3ccc(cc3)C(=O)N[C@@H](CCC(=O)O)C(=O)O
TYMS,5x66,MTX,402,1,D,2363,CD,110.038,124.278,20.614,3.623,27.0,C,CN(Cc1cnc2c(n1)c(nc(n2)N)N)c3ccc(cc3)C(=O)N[C@@H](CCC(=O)O)C(=O)O
TYMS,5x66,MTX,402,1,D,2364,OE1,110.516,125.252,19.815,8.572,28.0,O,CN(Cc1cnc2c(n1)c(nc(n2)N)N)c3ccc(cc3)C(=O)N[C@@H](CCC(=O)O)C(=O)O
TYMS,5x66,MTX,402,1,D,2365,OE2,108.796,123.96,20.411,38.573,29.0,O,CN(Cc1cnc2c(n1)c(nc(n2)N)N)c3ccc(cc3)C(=O)N[C@@H](CCC(=O)O)C(=O)O
TYMS,5x66,MTX,402,1,B,2332,C2,173.741,147.992,1.276,4.831,11.0,C,CN(Cc1cnc2c(n1)c(nc(n2)N)N)c3ccc(cc3)C(=O)N[C@@H](CCC(=O)O)C(=O)O
TYMS,5x66,MTX,402,1,B,2333,NA2,172.711,147.276,0.68,1.094,13.0,N,CN(Cc1cnc2c(n1)c(nc(n2)N)N)c3ccc(cc3)C(=O)N[C@@H](CCC(=O)O)C(=O)O
TYMS,5x66,MTX,402,1,B,2334,N3,173.763,148.05,2.63,9.842,10.0,N,CN(Cc1cnc2c(n1)c(nc(n2)N)N)c3ccc(cc3)C(=O)N[C@@H](CCC(=O)O)C(=O)O
TYMS,5x66,MTX,402,1,B,2335,C4,174.759,148.753,3.195,4.831,9.0,C,CN(Cc1cnc2c(n1)c(nc(n2)N)N)c3ccc(cc3)C(=O)N[C@@H](CCC(=O)O)C(=O)O
TYMS,5x66,MTX,402,1,B,2336,NA4,174.819,148.849,4.545,26.246,14.0,N,CN(Cc1cnc2c(n1)c(nc(n2)N)N)c3ccc(cc3)C(=O)N[C@@H](CCC(=O)O)C(=O)O
TYMS,5x66,MTX,402,1,B,2337,C4A,175.701,149.411,2.413,1.208,7.0,C,CN(Cc1cnc2c(n1)c(nc(n2)N)N)c3ccc(cc3)C(=O)N[C@@H](CCC(=O)O)C(=O)O
TYMS,5x66,MTX,402,1,B,2338,N5,176.661,150.127,3.004,8.749,8.0,N,CN(Cc1cnc2c(n1)c(nc(n2)N)N)c3ccc(cc3)C(=O)N[C@@H](CCC(=O)O)C(=O)O
TYMS,5x66,MTX,402,1,B,2339,C6,177.586,150.772,2.245,3.623,3.0,C,CN(Cc1cnc2c(n1)c(nc(n2)N)N)c3ccc(cc3)C(=O)N[C@@H](CCC(=O)O)C(=O)O
TYMS,5x66,MTX,402,1,B,2340,C7,177.466,150.664,0.815,3.623,4.0,C,CN(Cc1cnc2c(n1)c(nc(n2)N)N)c3ccc(cc3)C(=O)N[C@@H](CCC(=O)O)C(=O)O
TYMS,5x66,MTX,402,1,B,2341,N8,176.52,149.928,0.147,1.094,5.0,N,CN(Cc1cnc2c(n1)c(nc(n2)N)N)c3ccc(cc3)C(=O)N[C@@H](CCC(=O)O)C(=O)O
TYMS,5x66,MTX,402,1,B,2342,C8A,175.594,149.308,0.983,3.623,6.0,C,CN(Cc1cnc2c(n1)c(nc(n2)N)N)c3ccc(cc3)C(=O)N[C@@H](CCC(=O)O)C(=O)O
TYMS,5x66,MTX,402,1,B,2343,C9,178.652,151.564,2.948,19.322,2.0,C,CN(Cc1cnc2c(n1)c(nc(n2)N)N)c3ccc(cc3)C(=O)N[C@@H](CCC(=O)O)C(=O)O
TYMS,5x66,MTX,402,1,B,2345,CM,180.657,152.216,1.556,7.246,0.0,C,CN(Cc1cnc2c(n1)c(nc(n2)N)N)c3ccc(cc3)C(=O)N[C@@H](CCC(=O)O)C(=O)O
TYMS,5x66,MTX,402,1,B,2347,C12,176.69,155.214,1.567,9.661,17.0,C,CN(Cc1cnc2c(n1)c(nc(n2)N)N)c3ccc(cc3)C(=O)N[C@@H](CCC(=O)O)C(=O)O
TYMS,5x66,MTX,402,1,B,2348,C13,177.33,154.02,2.023,1.208,16.0,C,CN(Cc1cnc2c(n1)c(nc(n2)N)N)c3ccc(cc3)C(=O)N[C@@H](CCC(=O)O)C(=O)O
TYMS,5x66,MTX,402,1,B,2352,C,176.788,157.268,0.094,3.623,21.0,C,CN(Cc1cnc2c(n1)c(nc(n2)N)N)c3ccc(cc3)C(=O)N[C@@H](CCC(=O)O)C(=O)O
TYMS,5x66,MTX,402,1,B,2353,O,176.25,158.1,0.832,13.929,22.0,O,CN(Cc1cnc2c(n1)c(nc(n2)N)N)c3ccc(cc3)C(=O)N[C@@H](CCC(=O)O)C(=O)O
TYMS,5x66,MTX,402,1,B,2355,CA,176.65,158.445,-2.443,7.246,24.0,C,CN(Cc1cnc2c(n1)c(nc(n2)N)N)c3ccc(cc3)C(=O)N[C@@H](CCC(=O)O)C(=O)O
TYMS,5x66,MTX,402,1,B,2356,CT,177.423,158.23,-3.731,1.208,30.0,C,CN(Cc1cnc2c(n1)c(nc(n2)N)N)c3ccc(cc3)C(=O)N[C@@H](CCC(=O)O)C(=O)O
TYMS,5x66,MTX,402,1,B,2357,O1,176.919,158.432,-4.926,4.286,31.0,O,CN(Cc1cnc2c(n1)c(nc(n2)N)N)c3ccc(cc3)C(=O)N[C@@H](CCC(=O)O)C(=O)O
TYMS,5x66,MTX,402,1,B,2358,O2,178.716,157.792,-3.701,6.429,32.0,O,CN(Cc1cnc2c(n1)c(nc(n2)N)N)c3ccc(cc3)C(=O)N[C@@H](CCC(=O)O)C(=O)O
TYMS,5x66,MTX,402,1,B,2359,CB,176.924,159.809,-1.901,6.038,25.0,C,CN(Cc1cnc2c(n1)c(nc(n2)N)N)c3ccc(cc3)C(=O)N[C@@H](CCC(=O)O)C(=O)O
TYMS,5x66,MTX,402,1,B,2360,CG,175.866,160.515,-1.081,25.36,26.0,C,CN(Cc1cnc2c(n1)c(nc(n2)N)N)c3ccc(cc3)C(=O)N[C@@H](CCC(=O)O)C(=O)O
TYMS,5x66,MTX,402,1,B,2361,CD,176.378,161.367,0.098,6.038,27.0,C,CN(Cc1cnc2c(n1)c(nc(n2)N)N)c3ccc(cc3)C(=O)N[C@@H](CCC(=O)O)C(=O)O
TYMS,5x66,MTX,402,1,B,2362,OE1,176.924,162.576,-0.164,34.287,28.0,O,CN(Cc1cnc2c(n1)c(nc(n2)N)N)c3ccc(cc3)C(=O)N[C@@H](CCC(=O)O)C(=O)O
TYMS,5x66,MTX,402,1,B,2363,OE2,176.29,160.914,1.308,24.644,29.0,O,CN(Cc1cnc2c(n1)c(nc(n2)N)N)c3ccc(cc3)C(=O)N[C@@H](CCC(=O)O)C(=O)O
TYMS,5x66,MTX,402,1,C,2330,N1,152.666,179.089,48.142,1.094,12.0,N,CN(Cc1cnc2c(n1)c(nc(n2)N)N)c3ccc(cc3)C(=O)N[C@@H](CCC(=O)O)C(=O)O
TYMS,5x66,MTX,402,1,C,2331,C2,153.586,179.602,48.874,3.623,11.0,C,CN(Cc1cnc2c(n1)c(nc(n2)N)N)c3ccc(cc3)C(=O)N[C@@H](CCC(=O)O)C(=O)O
TYMS,5x66,MTX,402,1,C,2332,NA2,154.607,180.352,48.239,1.094,13.0,N,CN(Cc1cnc2c(n1)c(nc(n2)N)N)c3ccc(cc3)C(=O)N[C@@H](CCC(=O)O)C(=O)O
TYMS,5x66,MTX,402,1,C,2333,N3,153.537,179.459,50.186,1.094,10.0,N,CN(Cc1cnc2c(n1)c(nc(n2)N)N)c3ccc(cc3)C(=O)N[C@@H](CCC(=O)O)C(=O)O
TYMS,5x66,MTX,402,1,C,2334,C4,152.565,178.764,50.786,3.623,9.0,C,CN(Cc1cnc2c(n1)c(nc(n2)N)N)c3ccc(cc3)C(=O)N[C@@H](CCC(=O)O)C(=O)O
TYMS,5x66,MTX,402,1,C,2335,NA4,152.598,178.674,52.167,25.153,14.0,N,CN(Cc1cnc2c(n1)c(nc(n2)N)N)c3ccc(cc3)C(=O)N[C@@H](CCC(=O)O)C(=O)O
TYMS,5x66,MTX,402,1,C,2336,C4A,151.562,178.208,49.961,3.623,7.0,C,CN(Cc1cnc2c(n1)c(nc(n2)N)N)c3ccc(cc3)C(=O)N[C@@H](CCC(=O)O)C(=O)O
TYMS,5x66,MTX,402,1,C,2337,N5,150.577,177.496,50.436,9.842,8.0,N,CN(Cc1cnc2c(n1)c(nc(n2)N)N)c3ccc(cc3)C(=O)N[C@@H](CCC(=O)O)C(=O)O
TYMS,5x66,MTX,402,1,C,2338,C6,149.635,176.976,49.632,3.623,3.0,C,CN(Cc1cnc2c(n1)c(nc(n2)N)N)c3ccc(cc3)C(=O)N[C@@H](CCC(=O)O)C(=O)O
TYMS,5x66,MTX,402,1,C,2339,C7,149.732,177.16,48.225,3.623,4.0,C,CN(Cc1cnc2c(n1)c(nc(n2)N)N)c3ccc(cc3)C(=O)N[C@@H](CCC(=O)O)C(=O)O
TYMS,5x66,MTX,402,1,C,2340,N8,150.729,177.865,47.696,1.094,5.0,N,CN(Cc1cnc2c(n1)c(nc(n2)N)N)c3ccc(cc3)C(=O)N[C@@H](CCC(=O)O)C(=O)O
TYMS,5x66,MTX,402,1,C,2341,C8A,151.658,178.384,48.573,1.208,6.0,C,CN(Cc1cnc2c(n1)c(nc(n2)N)N)c3ccc(cc3)C(=O)N[C@@H](CCC(=O)O)C(=O)O
TYMS,5x66,MTX,402,1,C,2342,C9,148.571,176.19,50.3,18.114,2.0,C,CN(Cc1cnc2c(n1)c(nc(n2)N)N)c3ccc(cc3)C(=O)N[C@@H](CCC(=O)O)C(=O)O
TYMS,5x66,MTX,402,1,C,2344,CM,146.563,175.43,49.06,7.246,0.0,C,CN(Cc1cnc2c(n1)c(nc(n2)N)N)c3ccc(cc3)C(=O)N[C@@H](CCC(=O)O)C(=O)O
TYMS,5x66,MTX,402,1,C,2346,C12,148.764,172.162,47.805,2.415,17.0,C,CN(Cc1cnc2c(n1)c(nc(n2)N)N)c3ccc(cc3)C(=O)N[C@@H](CCC(=O)O)C(=O)O
TYMS,5x66,MTX,402,1,C,2350,C16,150.572,172.748,49.182,3.623,19.0,C,CN(Cc1cnc2c(n1)c(nc(n2)N)N)c3ccc(cc3)C(=O)N[C@@H](CCC(=O)O)C(=O)O
TYMS,5x66,MTX,402,1,C,2352,O,150.207,170.064,46.928,11.786,22.0,O,CN(Cc1cnc2c(n1)c(nc(n2)N)N)c3ccc(cc3)C(=O)N[C@@H](CCC(=O)O)C(=O)O
TYMS,5x66,MTX,402,1,C,2353,N,151.933,170.217,48.488,3.281,23.0,N,CN(Cc1cnc2c(n1)c(nc(n2)N)N)c3ccc(cc3)C(=O)N[C@@H](CCC(=O)O)C(=O)O
TYMS,5x66,MTX,402,1,C,2354,CA,152.496,168.995,47.945,2.415,24.0,C,CN(Cc1cnc2c(n1)c(nc(n2)N)N)c3ccc(cc3)C(=O)N[C@@H](CCC(=O)O)C(=O)O
TYMS,5x66,MTX,402,1,C,2355,CT,151.602,167.96,48.428,3.623,30.0,C,CN(Cc1cnc2c(n1)c(nc(n2)N)N)c3ccc(cc3)C(=O)N[C@@H](CCC(=O)O)C(=O)O
TYMS,5x66,MTX,402,1,C,2356,O1,150.969,167.191,47.588,26.786,31.0,O,CN(Cc1cnc2c(n1)c(nc(n2)N)N)c3ccc(cc3)C(=O)N[C@@H](CCC(=O)O)C(=O)O
TYMS,5x66,MTX,402,1,C,2357,O2,151.415,167.895,49.759,16.072,32.0,O,CN(Cc1cnc2c(n1)c(nc(n2)N)N)c3ccc(cc3)C(=O)N[C@@H](CCC(=O)O)C(=O)O
TYMS,5x66,MTX,402,1,C,2358,CB,153.903,168.839,48.382,26.568,25.0,C,CN(Cc1cnc2c(n1)c(nc(n2)N)N)c3ccc(cc3)C(=O)N[C@@H](CCC(=O)O)C(=O)O
TYMS,5x66,MTX,402,1,C,2359,CG,154.966,169.596,47.619,32.606,26.0,C,CN(Cc1cnc2c(n1)c(nc(n2)N)N)c3ccc(cc3)C(=O)N[C@@H](CCC(=O)O)C(=O)O
TYMS,5x66,MTX,402,1,C,2360,CD,154.727,171.056,47.193,6.038,27.0,C,CN(Cc1cnc2c(n1)c(nc(n2)N)N)c3ccc(cc3)C(=O)N[C@@H](CCC(=O)O)C(=O)O
TYMS,5x66,MTX,402,1,C,2361,OE1,155.497,171.68,46.312,9.643,28.0,O,CN(Cc1cnc2c(n1)c(nc(n2)N)N)c3ccc(cc3)C(=O)N[C@@H](CCC(=O)O)C(=O)O
TYMS,5x66,MTX,402,1,C,2362,OE2,153.767,171.709,47.721,3.214,29.0,O,CN(Cc1cnc2c(n1)c(nc(n2)N)N)c3ccc(cc3)C(=O)N[C@@H](CCC(=O)O)C(=O)O
TYMS,5x67,7Z9,402,1,A,2318,C17,36.471,7.71,10.861,8.453,10.0,C,Cc1ccc2c(c1Sc3ccncc3)C(=O)NC(=N2)N
TYMS,5x67,7Z9,402,1,A,2320,C19,34.399,7.645,9.772,6.038,12.0,C,Cc1ccc2c(c1Sc3ccncc3)C(=O)NC(=N2)N
TYMS,5x67,7Z9,402,1,A,2321,C11,37.297,12.617,10.616,3.623,14.0,C,Cc1ccc2c(c1Sc3ccncc3)C(=O)NC(=N2)N
TYMS,5x67,7Z9,402,1,A,2323,C1,34.565,10.898,14.486,4.831,0.0,C,Cc1ccc2c(c1Sc3ccncc3)C(=O)NC(=N2)N
TYMS,5x67,7Z9,402,1,A,2324,C2,35.821,11.538,14.021,1.208,1.0,C,Cc1ccc2c(c1Sc3ccncc3)C(=O)NC(=N2)N
TYMS,5x67,7Z9,402,1,A,2325,C3,35.925,11.777,12.644,4.831,6.0,C,Cc1ccc2c(c1Sc3ccncc3)C(=O)NC(=N2)N
TYMS,5x67,7Z9,402,1,A,2326,C4,37.123,12.345,12.108,1.208,5.0,C,Cc1ccc2c(c1Sc3ccncc3)C(=O)NC(=N2)N
TYMS,5x67,7Z9,402,1,A,2327,C5,38.11,12.719,12.946,4.831,4.0,C,Cc1ccc2c(c1Sc3ccncc3)C(=O)NC(=N2)N
TYMS,5x67,7Z9,402,1,A,2328,C6,38.015,12.513,14.364,3.623,3.0,C,Cc1ccc2c(c1Sc3ccncc3)C(=O)NC(=N2)N
TYMS,5x67,7Z9,402,1,A,2329,C7,36.843,11.927,14.882,1.208,2.0,C,Cc1ccc2c(c1Sc3ccncc3)C(=O)NC(=N2)N
TYMS,5x67,7Z9,402,1,A,2330,N8,39.298,13.298,12.43,7.655,18.0,N,Cc1ccc2c(c1Sc3ccncc3)C(=O)NC(=N2)N
TYMS,5x67,7Z9,402,1,A,2331,C9,39.466,13.538,11.076,4.831,17.0,C,Cc1ccc2c(c1Sc3ccncc3)C(=O)NC(=N2)N
TYMS,5x67,7Z9,402,1,A,2333,O12,36.469,12.361,9.79,2.143,15.0,O,Cc1ccc2c(c1Sc3ccncc3)C(=O)NC(=N2)N
TYMS,5x67,7Z9,402,1,A,2334,N13,40.619,14.133,10.522,2.187,19.0,N,Cc1ccc2c(c1Sc3ccncc3)C(=O)NC(=N2)N
TYMS,5x67,7Z9,402,1,A,2335,S14,34.56,11.188,11.612,3.86,7.0,S,Cc1ccc2c(c1Sc3ccncc3)C(=O)NC(=N2)N
TYMS,5x67,7Z9,402,1,A,2336,N18,35.575,7.062,10.098,12.029,11.0,N,Cc1ccc2c(c1Sc3ccncc3)C(=O)NC(=N2)N
TYMS,5x66,MTX,402,1,E,2321,N1,206.238,124.82,-0.5,1.094,12.0,N,CN(Cc1cnc2c(n1)c(nc(n2)N)N)c3ccc(cc3)C(=O)N[C@@H](CCC(=O)O)C(=O)O
TYMS,5x66,MTX,402,1,E,2322,C2,207.165,125.467,0.16,4.831,11.0,C,CN(Cc1cnc2c(n1)c(nc(n2)N)N)c3ccc(cc3)C(=O)N[C@@H](CCC(=O)O)C(=O)O
TYMS,5x66,MTX,402,1,E,2323,NA2,208.123,126.16,-0.637,2.187,13.0,N,CN(Cc1cnc2c(n1)c(nc(n2)N)N)c3ccc(cc3)C(=O)N[C@@H](CCC(=O)O)C(=O)O
TYMS,5x66,MTX,402,1,E,2324,N3,207.172,125.471,1.499,14.217,10.0,N,CN(Cc1cnc2c(n1)c(nc(n2)N)N)c3ccc(cc3)C(=O)N[C@@H](CCC(=O)O)C(=O)O
TYMS,5x66,MTX,402,1,E,2325,C4,206.218,124.794,2.169,3.623,9.0,C,CN(Cc1cnc2c(n1)c(nc(n2)N)N)c3ccc(cc3)C(=O)N[C@@H](CCC(=O)O)C(=O)O
TYMS,5x66,MTX,402,1,E,2326,NA4,206.183,124.762,3.539,25.153,14.0,N,CN(Cc1cnc2c(n1)c(nc(n2)N)N)c3ccc(cc3)C(=O)N[C@@H](CCC(=O)O)C(=O)O
TYMS,5x66,MTX,402,1,E,2327,C4A,205.247,124.101,1.451,3.623,7.0,C,CN(Cc1cnc2c(n1)c(nc(n2)N)N)c3ccc(cc3)C(=O)N[C@@H](CCC(=O)O)C(=O)O
TYMS,5x66,MTX,402,1,E,2328,N5,204.294,123.429,2.05,10.936,8.0,N,CN(Cc1cnc2c(n1)c(nc(n2)N)N)c3ccc(cc3)C(=O)N[C@@H](CCC(=O)O)C(=O)O
TYMS,5x66,MTX,402,1,E,2329,C6,203.349,122.773,1.351,3.623,3.0,C,CN(Cc1cnc2c(n1)c(nc(n2)N)N)c3ccc(cc3)C(=O)N[C@@H](CCC(=O)O)C(=O)O
TYMS,5x66,MTX,402,1,E,2330,C7,203.392,122.82,-0.06,3.623,4.0,C,CN(Cc1cnc2c(n1)c(nc(n2)N)N)c3ccc(cc3)C(=O)N[C@@H](CCC(=O)O)C(=O)O
TYMS,5x66,MTX,402,1,E,2331,N8,204.34,123.493,-0.678,1.094,5.0,N,CN(Cc1cnc2c(n1)c(nc(n2)N)N)c3ccc(cc3)C(=O)N[C@@H](CCC(=O)O)C(=O)O
TYMS,5x66,MTX,402,1,E,2332,C8A,205.279,124.142,0.074,2.415,6.0,C,CN(Cc1cnc2c(n1)c(nc(n2)N)N)c3ccc(cc3)C(=O)N[C@@H](CCC(=O)O)C(=O)O
TYMS,5x66,MTX,402,1,E,2333,C9,202.307,121.996,2.094,20.53,2.0,C,CN(Cc1cnc2c(n1)c(nc(n2)N)N)c3ccc(cc3)C(=O)N[C@@H](CCC(=O)O)C(=O)O
TYMS,5x66,MTX,402,1,E,2335,CM,200.255,121.114,1.046,7.246,0.0,C,CN(Cc1cnc2c(n1)c(nc(n2)N)N)c3ccc(cc3)C(=O)N[C@@H](CCC(=O)O)C(=O)O
TYMS,5x66,MTX,402,1,E,2337,C12,204.299,118.521,0.708,4.831,17.0,C,CN(Cc1cnc2c(n1)c(nc(n2)N)N)c3ccc(cc3)C(=O)N[C@@H](CCC(=O)O)C(=O)O
TYMS,5x66,MTX,402,1,E,2342,C,204.34,116.436,-0.694,2.415,21.0,C,CN(Cc1cnc2c(n1)c(nc(n2)N)N)c3ccc(cc3)C(=O)N[C@@H](CCC(=O)O)C(=O)O
TYMS,5x66,MTX,402,1,E,2343,O,204.118,116.226,-1.855,10.715,22.0,O,CN(Cc1cnc2c(n1)c(nc(n2)N)N)c3ccc(cc3)C(=O)N[C@@H](CCC(=O)O)C(=O)O
TYMS,5x66,MTX,402,1,E,2344,N,205.197,115.408,0.028,3.281,23.0,N,CN(Cc1cnc2c(n1)c(nc(n2)N)N)c3ccc(cc3)C(=O)N[C@@H](CCC(=O)O)C(=O)O
TYMS,5x66,MTX,402,1,E,2345,CA,205.777,114.213,-0.591,10.869,24.0,C,CN(Cc1cnc2c(n1)c(nc(n2)N)N)c3ccc(cc3)C(=O)N[C@@H](CCC(=O)O)C(=O)O
TYMS,5x66,MTX,402,1,E,2346,CT,204.808,113.275,-1.199,4.831,30.0,C,CN(Cc1cnc2c(n1)c(nc(n2)N)N)c3ccc(cc3)C(=O)N[C@@H](CCC(=O)O)C(=O)O
TYMS,5x66,MTX,402,1,E,2347,O1,204.72,112.022,-0.871,24.644,31.0,O,CN(Cc1cnc2c(n1)c(nc(n2)N)N)c3ccc(cc3)C(=O)N[C@@H](CCC(=O)O)C(=O)O
TYMS,5x66,MTX,402,1,E,2348,O2,204.003,113.696,-2.178,21.429,32.0,O,CN(Cc1cnc2c(n1)c(nc(n2)N)N)c3ccc(cc3)C(=O)N[C@@H](CCC(=O)O)C(=O)O
TYMS,5x66,MTX,402,1,E,2349,CB,206.567,113.5,0.427,27.775,25.0,C,CN(Cc1cnc2c(n1)c(nc(n2)N)N)c3ccc(cc3)C(=O)N[C@@H](CCC(=O)O)C(=O)O
TYMS,5x66,MTX,402,1,E,2350,CG,205.955,112.572,1.461,16.907,26.0,C,CN(Cc1cnc2c(n1)c(nc(n2)N)N)c3ccc(cc3)C(=O)N[C@@H](CCC(=O)O)C(=O)O
TYMS,5x66,MTX,402,1,E,2352,OE1,204.029,112.296,3.079,2.143,28.0,O,CN(Cc1cnc2c(n1)c(nc(n2)N)N)c3ccc(cc3)C(=O)N[C@@H](CCC(=O)O)C(=O)O
TYMS,5x66,MTX,402,1,E,2353,OE2,205.338,114.263,3.037,8.572,29.0,O,CN(Cc1cnc2c(n1)c(nc(n2)N)N)c3ccc(cc3)C(=O)N[C@@H](CCC(=O)O)C(=O)O
TYMS,5x66,MTX,402,1,F,2334,C2,120.386,202.47,46.808,3.623,11.0,C,CN(Cc1cnc2c(n1)c(nc(n2)N)N)c3ccc(cc3)C(=O)N[C@@H](CCC(=O)O)C(=O)O
TYMS,5x66,MTX,402,1,F,2335,NA2,119.349,201.789,46.068,1.094,13.0,N,CN(Cc1cnc2c(n1)c(nc(n2)N)N)c3ccc(cc3)C(=O)N[C@@H](CCC(=O)O)C(=O)O
TYMS,5x66,MTX,402,1,F,2336,N3,120.324,202.412,48.201,8.749,10.0,N,CN(Cc1cnc2c(n1)c(nc(n2)N)N)c3ccc(cc3)C(=O)N[C@@H](CCC(=O)O)C(=O)O
TYMS,5x66,MTX,402,1,F,2337,C4,121.237,203.082,48.924,4.831,9.0,C,CN(Cc1cnc2c(n1)c(nc(n2)N)N)c3ccc(cc3)C(=O)N[C@@H](CCC(=O)O)C(=O)O
TYMS,5x66,MTX,402,1,F,2338,NA4,121.192,203.073,50.334,16.404,14.0,N,CN(Cc1cnc2c(n1)c(nc(n2)N)N)c3ccc(cc3)C(=O)N[C@@H](CCC(=O)O)C(=O)O
TYMS,5x66,MTX,402,1,F,2339,C4A,122.253,203.787,48.25,2.415,7.0,C,CN(Cc1cnc2c(n1)c(nc(n2)N)N)c3ccc(cc3)C(=O)N[C@@H](CCC(=O)O)C(=O)O
TYMS,5x66,MTX,402,1,F,2340,N5,123.197,204.432,48.979,6.562,8.0,N,CN(Cc1cnc2c(n1)c(nc(n2)N)N)c3ccc(cc3)C(=O)N[C@@H](CCC(=O)O)C(=O)O
TYMS,5x66,MTX,402,1,F,2341,C6,124.21,205.114,48.371,3.623,3.0,C,CN(Cc1cnc2c(n1)c(nc(n2)N)N)c3ccc(cc3)C(=O)N[C@@H](CCC(=O)O)C(=O)O
TYMS,5x66,MTX,402,1,F,2342,C7,124.266,205.123,46.924,3.623,4.0,C,CN(Cc1cnc2c(n1)c(nc(n2)N)N)c3ccc(cc3)C(=O)N[C@@H](CCC(=O)O)C(=O)O
TYMS,5x66,MTX,402,1,F,2343,N8,123.344,204.492,46.175,1.094,5.0,N,CN(Cc1cnc2c(n1)c(nc(n2)N)N)c3ccc(cc3)C(=O)N[C@@H](CCC(=O)O)C(=O)O
TYMS,5x66,MTX,402,1,F,2344,C8A,122.312,203.802,46.818,3.623,6.0,C,CN(Cc1cnc2c(n1)c(nc(n2)N)N)c3ccc(cc3)C(=O)N[C@@H](CCC(=O)O)C(=O)O
TYMS,5x66,MTX,402,1,F,2345,C9,125.208,205.836,49.254,20.53,2.0,C,CN(Cc1cnc2c(n1)c(nc(n2)N)N)c3ccc(cc3)C(=O)N[C@@H](CCC(=O)O)C(=O)O
TYMS,5x66,MTX,402,1,F,2347,CM,127.378,206.958,48.684,4.831,0.0,C,CN(Cc1cnc2c(n1)c(nc(n2)N)N)c3ccc(cc3)C(=O)N[C@@H](CCC(=O)O)C(=O)O
TYMS,5x66,MTX,402,1,F,2349,C12,125.179,209.87,46.51,1.208,17.0,C,CN(Cc1cnc2c(n1)c(nc(n2)N)N)c3ccc(cc3)C(=O)N[C@@H](CCC(=O)O)C(=O)O
TYMS,5x66,MTX,402,1,F,2353,C16,123.179,209.384,47.669,3.623,19.0,C,CN(Cc1cnc2c(n1)c(nc(n2)N)N)c3ccc(cc3)C(=O)N[C@@H](CCC(=O)O)C(=O)O
TYMS,5x66,MTX,402,1,F,2355,O,121.977,211.222,45.827,18.215,22.0,O,CN(Cc1cnc2c(n1)c(nc(n2)N)N)c3ccc(cc3)C(=O)N[C@@H](CCC(=O)O)C(=O)O
TYMS,5x66,MTX,402,1,F,2357,CA,123.685,213.609,44.607,1.208,24.0,C,CN(Cc1cnc2c(n1)c(nc(n2)N)N)c3ccc(cc3)C(=O)N[C@@H](CCC(=O)O)C(=O)O
TYMS,5x66,MTX,402,1,F,2358,CT,123.032,214.67,45.458,2.415,30.0,C,CN(Cc1cnc2c(n1)c(nc(n2)N)N)c3ccc(cc3)C(=O)N[C@@H](CCC(=O)O)C(=O)O
TYMS,5x66,MTX,402,1,F,2359,O1,123.447,215.931,45.377,34.287,31.0,O,CN(Cc1cnc2c(n1)c(nc(n2)N)N)c3ccc(cc3)C(=O)N[C@@H](CCC(=O)O)C(=O)O
TYMS,5x66,MTX,402,1,F,2360,O2,122.055,214.338,46.356,35.358,32.0,O,CN(Cc1cnc2c(n1)c(nc(n2)N)N)c3ccc(cc3)C(=O)N[C@@H](CCC(=O)O)C(=O)O
TYMS,5x66,MTX,402,1,F,2361,CB,123.0,213.15,43.326,18.114,25.0,C,CN(Cc1cnc2c(n1)c(nc(n2)N)N)c3ccc(cc3)C(=O)N[C@@H](CCC(=O)O)C(=O)O
TYMS,5x66,MTX,402,1,F,2362,CG,123.591,211.971,42.52,4.831,26.0,C,CN(Cc1cnc2c(n1)c(nc(n2)N)N)c3ccc(cc3)C(=O)N[C@@H](CCC(=O)O)C(=O)O
TYMS,5x66,MTX,402,1,F,2363,CD,123.584,211.865,40.959,3.623,27.0,C,CN(Cc1cnc2c(n1)c(nc(n2)N)N)c3ccc(cc3)C(=O)N[C@@H](CCC(=O)O)C(=O)O
TYMS,5x66,MTX,402,1,F,2364,OE1,123.025,210.796,40.321,2.143,28.0,O,CN(Cc1cnc2c(n1)c(nc(n2)N)N)c3ccc(cc3)C(=O)N[C@@H](CCC(=O)O)C(=O)O
TYMS,5x66,MTX,402,1,F,2365,OE2,124.153,212.793,40.26,3.214,29.0,O,CN(Cc1cnc2c(n1)c(nc(n2)N)N)c3ccc(cc3)C(=O)N[C@@H](CCC(=O)O)C(=O)O
TYMS,5x69,7ZC,401,1,A,2299,C1,-28.162,25.027,-29.87,43.475,14.0,C,CN(C)Cc1c[nH]c2c1cc(cc2)OC
TYMS,5x69,7ZC,401,1,A,2300,O2,-27.447,26.09,-30.491,15.0,13.0,O,CN(C)Cc1c[nH]c2c1cc(cc2)OC
TYMS,5x69,7ZC,401,1,A,2302,C4,-26.111,25.082,-32.366,1.208,11.0,C,CN(C)Cc1c[nH]c2c1cc(cc2)OC
TYMS,5x69,7ZC,401,1,A,2306,C8,-27.323,26.863,-36.538,12.076,5.0,C,CN(C)Cc1c[nH]c2c1cc(cc2)OC
TYMS,5x69,7ZC,401,1,A,2307,C9,-28.02,27.392,-35.438,2.415,4.0,C,CN(C)Cc1c[nH]c2c1cc(cc2)OC
TYMS,5x69,7ZC,401,1,A,2308,C10,-29.106,28.469,-35.582,24.153,3.0,C,CN(C)Cc1c[nH]c2c1cc(cc2)OC
TYMS,5x69,7ZC,401,1,A,2310,C12,-31.146,29.25,-34.501,64.004,0.0,C,CN(C)Cc1c[nH]c2c1cc(cc2)OC
TYMS,5x69,7ZC,401,1,A,2311,C13,-29.081,29.812,-33.553,47.098,2.0,C,CN(C)Cc1c[nH]c2c1cc(cc2)OC
TYMS,5x69,7ZC,401,1,A,2313,C15,-27.789,26.792,-32.818,4.831,9.0,C,CN(C)Cc1c[nH]c2c1cc(cc2)OC
TYMS,5x67,7Z9,402,1,B,2326,C17,12.832,45.856,10.629,9.661,10.0,C,Cc1ccc2c(c1Sc3ccncc3)C(=O)NC(=N2)N
TYMS,5x67,7Z9,402,1,B,2328,C19,14.548,45.769,9.048,7.246,12.0,C,Cc1ccc2c(c1Sc3ccncc3)C(=O)NC(=N2)N
TYMS,5x67,7Z9,402,1,B,2329,C11,12.098,40.913,11.008,2.415,14.0,C,Cc1ccc2c(c1Sc3ccncc3)C(=O)NC(=N2)N
TYMS,5x67,7Z9,402,1,B,2331,C1,15.465,43.097,14.105,3.623,0.0,C,Cc1ccc2c(c1Sc3ccncc3)C(=O)NC(=N2)N
TYMS,5x67,7Z9,402,1,B,2332,C2,14.148,42.374,13.896,2.415,1.0,C,Cc1ccc2c(c1Sc3ccncc3)C(=O)NC(=N2)N
TYMS,5x67,7Z9,402,1,B,2333,C3,13.815,41.993,12.598,2.415,6.0,C,Cc1ccc2c(c1Sc3ccncc3)C(=O)NC(=N2)N
TYMS,5x67,7Z9,402,1,B,2334,C4,12.55,41.348,12.393,3.623,5.0,C,Cc1ccc2c(c1Sc3ccncc3)C(=O)NC(=N2)N
TYMS,5x67,7Z9,402,1,B,2335,C5,11.739,41.116,13.431,1.208,4.0,C,Cc1ccc2c(c1Sc3ccncc3)C(=O)NC(=N2)N
TYMS,5x67,7Z9,402,1,B,2338,N8,10.494,40.442,13.254,6.562,18.0,N,Cc1ccc2c(c1Sc3ccncc3)C(=O)NC(=N2)N
TYMS,5x67,7Z9,402,1,B,2339,C9,10.093,40.108,11.957,3.623,17.0,C,Cc1ccc2c(c1Sc3ccncc3)C(=O)NC(=N2)N
TYMS,5x67,7Z9,402,1,B,2340,N10,10.91,40.35,10.841,1.094,16.0,N,Cc1ccc2c(c1Sc3ccncc3)C(=O)NC(=N2)N
TYMS,5x67,7Z9,402,1,B,2341,O12,12.752,41.083,10.042,1.071,15.0,O,Cc1ccc2c(c1Sc3ccncc3)C(=O)NC(=N2)N
TYMS,5x67,7Z9,402,1,B,2342,N13,8.901,39.496,11.697,1.094,19.0,N,Cc1ccc2c(c1Sc3ccncc3)C(=O)NC(=N2)N
TYMS,5x67,7Z9,402,1,B,2343,S14,14.971,42.442,11.293,3.86,7.0,S,Cc1ccc2c(c1Sc3ccncc3)C(=O)NC(=N2)N
TYMS,5x67,7Z9,402,1,B,2344,N18,13.51,46.379,9.6,9.842,11.0,N,Cc1ccc2c(c1Sc3ccncc3)C(=O)NC(=N2)N
TYMS,5x69,7ZC,401,1,E,2215,C1,-27.201,-27.343,-53.649,55.551,14.0,C,CN(C)Cc1c[nH]c2c1cc(cc2)OC
TYMS,5x69,7ZC,401,1,E,2216,O2,-26.636,-28.182,-54.646,5.357,13.0,O,CN(C)Cc1c[nH]c2c1cc(cc2)OC
TYMS,5x69,7ZC,401,1,E,2217,C3,-26.292,-27.581,-55.897,1.208,10.0,C,CN(C)Cc1c[nH]c2c1cc(cc2)OC
TYMS,5x69,7ZC,401,1,E,2218,C4,-25.285,-26.613,-56.008,31.398,11.0,C,CN(C)Cc1c[nH]c2c1cc(cc2)OC
TYMS,5x69,7ZC,401,1,E,2219,C5,-24.961,-26.028,-57.282,31.398,12.0,C,CN(C)Cc1c[nH]c2c1cc(cc2)OC
TYMS,5x69,7ZC,401,1,E,2220,C6,-25.655,-26.434,-58.474,6.038,7.0,C,CN(C)Cc1c[nH]c2c1cc(cc2)OC
TYMS,5x69,7ZC,401,1,E,2221,N7,-25.525,-26.014,-59.815,28.433,6.0,N,CN(C)Cc1c[nH]c2c1cc(cc2)OC
TYMS,5x69,7ZC,401,1,E,2222,C8,-26.414,-26.684,-60.563,25.36,5.0,C,CN(C)Cc1c[nH]c2c1cc(cc2)OC
TYMS,5x69,7ZC,401,1,E,2224,C10,-28.229,-28.466,-60.289,1.208,3.0,C,CN(C)Cc1c[nH]c2c1cc(cc2)OC
TYMS,5x69,7ZC,401,1,E,2226,C12,-29.577,-29.059,-58.251,2.415,0.0,C,CN(C)Cc1c[nH]c2c1cc(cc2)OC
TYMS,6f6z,TGQ,502,1,A,2348,C2,95.753,-6.729,33.936,6.038,12.0,C,CN(C[C@H]1CNC2=C(N1)C(=O)N=C(N2)N)c3ccc(cc3)C(=O)N[C@@H](CCC(=O)O)C(=O)O
TYMS,6f6z,TGQ,502,1,A,2349,N1,94.661,-6.988,33.227,8.749,13.0,N,CN(C[C@H]1CNC2=C(N1)C(=O)N=C(N2)N)c3ccc(cc3)C(=O)N[C@@H](CCC(=O)O)C(=O)O
TYMS,6f6z,TGQ,502,1,A,2350,C8A,94.187,-8.295,33.28,2.415,6.0,C,CN(C[C@H]1CNC2=C(N1)C(=O)N=C(N2)N)c3ccc(cc3)C(=O)N[C@@H](CCC(=O)O)C(=O)O
TYMS,6f6z,TGQ,502,1,A,2351,C4A,94.781,-9.295,34.012,4.831,7.0,C,CN(C[C@H]1CNC2=C(N1)C(=O)N=C(N2)N)c3ccc(cc3)C(=O)N[C@@H](CCC(=O)O)C(=O)O
TYMS,6f6z,TGQ,502,1,A,2352,C06,95.975,-9.001,34.787,4.831,9.0,C,CN(C[C@H]1CNC2=C(N1)C(=O)N=C(N2)N)c3ccc(cc3)C(=O)N[C@@H](CCC(=O)O)C(=O)O
TYMS,6f6z,TGQ,502,1,A,2353,N8,93.055,-8.562,32.537,3.281,5.0,N,CN(C[C@H]1CNC2=C(N1)C(=O)N=C(N2)N)c3ccc(cc3)C(=O)N[C@@H](CCC(=O)O)C(=O)O
TYMS,6f6z,TGQ,502,1,A,2355,C6,93.448,-11.047,32.924,8.453,3.0,C,CN(C[C@H]1CNC2=C(N1)C(=O)N=C(N2)N)c3ccc(cc3)C(=O)N[C@@H](CCC(=O)O)C(=O)O
TYMS,6f6z,TGQ,502,1,A,2356,N5,94.275,-10.575,34.03,1.094,8.0,N,CN(C[C@H]1CNC2=C(N1)C(=O)N=C(N2)N)c3ccc(cc3)C(=O)N[C@@H](CCC(=O)O)C(=O)O
TYMS,6f6z,TGQ,502,1,A,2357,C9,92.718,-12.408,33.342,1.208,2.0,C,CN(C[C@H]1CNC2=C(N1)C(=O)N=C(N2)N)c3ccc(cc3)C(=O)N[C@@H](CCC(=O)O)C(=O)O
TYMS,6f6z,TGQ,502,1,A,2361,C13,92.611,-12.468,38.307,1.208,17.0,C,CN(C[C@H]1CNC2=C(N1)C(=O)N=C(N2)N)c3ccc(cc3)C(=O)N[C@@H](CCC(=O)O)C(=O)O
TYMS,6f6z,TGQ,502,1,A,2363,C17,91.518,-10.807,37.06,3.623,19.0,C,CN(C[C@H]1CNC2=C(N1)C(=O)N=C(N2)N)c3ccc(cc3)C(=O)N[C@@H](CCC(=O)O)C(=O)O
TYMS,6f6z,TGQ,502,1,A,2365,C,91.296,-10.699,39.621,2.415,21.0,C,CN(C[C@H]1CNC2=C(N1)C(=O)N=C(N2)N)c3ccc(cc3)C(=O)N[C@@H](CCC(=O)O)C(=O)O
TYMS,6f6z,TGQ,502,1,A,2366,N,90.31,-11.315,40.355,1.094,23.0,N,CN(C[C@H]1CNC2=C(N1)C(=O)N=C(N2)N)c3ccc(cc3)C(=O)N[C@@H](CCC(=O)O)C(=O)O
TYMS,6f6z,TGQ,502,1,A,2367,CA,89.774,-10.832,41.643,9.661,24.0,C,CN(C[C@H]1CNC2=C(N1)C(=O)N=C(N2)N)c3ccc(cc3)C(=O)N[C@@H](CCC(=O)O)C(=O)O
TYMS,6f6z,TGQ,502,1,A,2368,CT,90.828,-11.25,42.717,2.415,30.0,C,CN(C[C@H]1CNC2=C(N1)C(=O)N=C(N2)N)c3ccc(cc3)C(=O)N[C@@H](CCC(=O)O)C(=O)O
TYMS,6f6z,TGQ,502,1,A,2369,O1,91.781,-11.934,42.285,19.286,31.0,O,CN(C[C@H]1CNC2=C(N1)C(=O)N=C(N2)N)c3ccc(cc3)C(=O)N[C@@H](CCC(=O)O)C(=O)O
TYMS,6f6z,TGQ,502,1,A,2370,O2,90.647,-10.862,43.891,28.929,32.0,O,CN(C[C@H]1CNC2=C(N1)C(=O)N=C(N2)N)c3ccc(cc3)C(=O)N[C@@H](CCC(=O)O)C(=O)O
TYMS,6f6z,TGQ,502,1,A,2371,CB,88.32,-11.378,42.014,24.153,25.0,C,CN(C[C@H]1CNC2=C(N1)C(=O)N=C(N2)N)c3ccc(cc3)C(=O)N[C@@H](CCC(=O)O)C(=O)O
TYMS,6f6z,TGQ,502,1,A,2372,CG,88.269,-12.67,42.861,2.415,26.0,C,CN(C[C@H]1CNC2=C(N1)C(=O)N=C(N2)N)c3ccc(cc3)C(=O)N[C@@H](CCC(=O)O)C(=O)O
TYMS,6f6z,TGQ,502,1,A,2373,CD,87.89,-12.47,44.357,3.623,27.0,C,CN(C[C@H]1CNC2=C(N1)C(=O)N=C(N2)N)c3ccc(cc3)C(=O)N[C@@H](CCC(=O)O)C(=O)O
TYMS,6f6z,TGQ,502,1,A,2374,OE1,87.939,-13.467,45.13,28.929,28.0,O,CN(C[C@H]1CNC2=C(N1)C(=O)N=C(N2)N)c3ccc(cc3)C(=O)N[C@@H](CCC(=O)O)C(=O)O
TYMS,6f6z,TGQ,502,1,A,2375,OE2,87.541,-11.329,44.74,37.501,29.0,O,CN(C[C@H]1CNC2=C(N1)C(=O)N=C(N2)N)c3ccc(cc3)C(=O)N[C@@H](CCC(=O)O)C(=O)O
TYMS,6f6z,TGQ,502,1,A,2376,O,91.814,-9.622,39.955,10.715,22.0,O,CN(C[C@H]1CNC2=C(N1)C(=O)N=C(N2)N)c3ccc(cc3)C(=O)N[C@@H](CCC(=O)O)C(=O)O
TYMS,6f6z,TGQ,502,1,A,2377,O4,96.618,-9.789,35.488,1.071,10.0,O,CN(C[C@H]1CNC2=C(N1)C(=O)N=C(N2)N)c3ccc(cc3)C(=O)N[C@@H](CCC(=O)O)C(=O)O
TYMS,6f6z,TGQ,502,1,A,2378,NA2,96.322,-5.447,33.957,2.187,14.0,N,CN(C[C@H]1CNC2=C(N1)C(=O)N=C(N2)N)c3ccc(cc3)C(=O)N[C@@H](CCC(=O)O)C(=O)O
TYMS,6f6z,TGQ,502,1,A,2379,CBG,94.116,-14.163,34.501,4.831,0.0,C,CN(C[C@H]1CNC2=C(N1)C(=O)N=C(N2)N)c3ccc(cc3)C(=O)N[C@@H](CCC(=O)O)C(=O)O
TYMS,6f6z,NOH,501,1,B,2327,C2,117.12,-27.288,15.738,1.208,10.0,C,C1[C@@H]([C@H](O[C@H]1N2C=CC(=NC2=O)NO)COP(=O)(O)O)O
TYMS,6f6z,NOH,501,1,B,2329,C4,116.354,-25.823,13.878,6.038,8.0,C,C1[C@@H]([C@H](O[C@H]1N2C=CC(=NC2=O)NO)COP(=O)(O)O)O
TYMS,6f6z,NOH,501,1,B,2330,N4,116.284,-24.544,13.276,3.281,12.0,N,C1[C@@H]([C@H](O[C@H]1N2C=CC(=NC2=O)NO)COP(=O)(O)O)O
TYMS,6f6z,NOH,501,1,B,2331,O4,115.617,-24.414,12.087,5.357,13.0,O,C1[C@@H]([C@H](O[C@H]1N2C=CC(=NC2=O)NO)COP(=O)(O)O)O
TYMS,6f6z,NOH,501,1,B,2332,C5,115.726,-26.97,13.231,6.038,7.0,C,C1[C@@H]([C@H](O[C@H]1N2C=CC(=NC2=O)NO)COP(=O)(O)O)O
TYMS,6f6z,NOH,501,1,B,2333,C6,115.829,-28.299,13.854,4.831,6.0,C,C1[C@@H]([C@H](O[C@H]1N2C=CC(=NC2=O)NO)COP(=O)(O)O)O
TYMS,6f6z,NOH,501,1,B,2334,N1,116.497,-28.44,15.104,1.094,5.0,N,C1[C@@H]([C@H](O[C@H]1N2C=CC(=NC2=O)NO)COP(=O)(O)O)O
TYMS,6f6z,NOH,501,1,B,2335,C1',116.607,-29.75,15.74,1.208,4.0,C,C1[C@@H]([C@H](O[C@H]1N2C=CC(=NC2=O)NO)COP(=O)(O)O)O
TYMS,6f6z,NOH,501,1,B,2339,O4',116.361,-30.796,14.647,15.0,3.0,O,C1[C@@H]([C@H](O[C@H]1N2C=CC(=NC2=O)NO)COP(=O)(O)O)O
TYMS,6f6z,NOH,501,1,B,2340,C4',115.416,-31.788,15.311,1.208,2.0,C,C1[C@@H]([C@H](O[C@H]1N2C=CC(=NC2=O)NO)COP(=O)(O)O)O
TYMS,6f6z,NOH,501,1,B,2341,C5',113.962,-31.479,14.858,1.208,14.0,C,C1[C@@H]([C@H](O[C@H]1N2C=CC(=NC2=O)NO)COP(=O)(O)O)O
TYMS,6f6z,NOH,501,1,B,2343,P,111.858,-32.587,15.875,1.287,16.0,P,C1[C@@H]([C@H](O[C@H]1N2C=CC(=NC2=O)NO)COP(=O)(O)O)O
TYMS,6f6z,NOH,501,1,B,2344,OP1,111.383,-33.999,16.043,22.501,17.0,O,C1[C@@H]([C@H](O[C@H]1N2C=CC(=NC2=O)NO)COP(=O)(O)O)O
TYMS,6f6z,NOH,501,1,B,2345,OP2,110.839,-31.802,15.085,4.286,18.0,O,C1[C@@H]([C@H](O[C@H]1N2C=CC(=NC2=O)NO)COP(=O)(O)O)O
TYMS,6f6z,NOH,501,1,B,2346,OP3,112.032,-31.931,17.226,10.715,19.0,O,C1[C@@H]([C@H](O[C@H]1N2C=CC(=NC2=O)NO)COP(=O)(O)O)O
TYMS,6f6z,TGQ,502,1,B,2347,N3,119.2,-31.194,13.959,2.187,11.0,N,CN(C[C@H]1CNC2=C(N1)C(=O)N=C(N2)N)c3ccc(cc3)C(=O)N[C@@H](CCC(=O)O)C(=O)O
TYMS,6f6z,TGQ,502,1,B,2348,C2,118.534,-32.182,13.25,6.038,12.0,C,CN(C[C@H]1CNC2=C(N1)C(=O)N=C(N2)N)c3ccc(cc3)C(=O)N[C@@H](CCC(=O)O)C(=O)O
TYMS,6f6z,TGQ,502,1,B,2349,N1,117.924,-31.995,12.087,5.468,13.0,N,CN(C[C@H]1CNC2=C(N1)C(=O)N=C(N2)N)c3ccc(cc3)C(=O)N[C@@H](CCC(=O)O)C(=O)O
TYMS,6f6z,TGQ,502,1,B,2350,C8A,117.973,-30.7,11.564,1.208,6.0,C,CN(C[C@H]1CNC2=C(N1)C(=O)N=C(N2)N)c3ccc(cc3)C(=O)N[C@@H](CCC(=O)O)C(=O)O
TYMS,6f6z,TGQ,502,1,B,2351,C4A,118.605,-29.65,12.187,3.623,7.0,C,CN(C[C@H]1CNC2=C(N1)C(=O)N=C(N2)N)c3ccc(cc3)C(=O)N[C@@H](CCC(=O)O)C(=O)O
TYMS,6f6z,TGQ,502,1,B,2352,C06,119.264,-29.876,13.461,6.038,9.0,C,CN(C[C@H]1CNC2=C(N1)C(=O)N=C(N2)N)c3ccc(cc3)C(=O)N[C@@H](CCC(=O)O)C(=O)O
TYMS,6f6z,TGQ,502,1,B,2353,N8,117.334,-30.501,10.344,2.187,5.0,N,CN(C[C@H]1CNC2=C(N1)C(=O)N=C(N2)N)c3ccc(cc3)C(=O)N[C@@H](CCC(=O)O)C(=O)O
TYMS,6f6z,TGQ,502,1,B,2355,C6,117.603,-27.972,10.671,4.831,3.0,C,CN(C[C@H]1CNC2=C(N1)C(=O)N=C(N2)N)c3ccc(cc3)C(=O)N[C@@H](CCC(=O)O)C(=O)O
TYMS,6f6z,TGQ,502,1,B,2356,N5,118.628,-28.383,11.635,1.094,8.0,N,CN(C[C@H]1CNC2=C(N1)C(=O)N=C(N2)N)c3ccc(cc3)C(=O)N[C@@H](CCC(=O)O)C(=O)O
TYMS,6f6z,TGQ,502,1,B,2361,C13,122.176,-28.034,9.468,1.208,17.0,C,CN(C[C@H]1CNC2=C(N1)C(=O)N=C(N2)N)c3ccc(cc3)C(=O)N[C@@H](CCC(=O)O)C(=O)O
TYMS,6f6z,TGQ,502,1,B,2367,CA,127.188,-27.782,10.168,2.415,24.0,C,CN(C[C@H]1CNC2=C(N1)C(=O)N=C(N2)N)c3ccc(cc3)C(=O)N[C@@H](CCC(=O)O)C(=O)O
TYMS,6f6z,TGQ,502,1,B,2368,CT,128.057,-27.573,11.483,1.208,30.0,C,CN(C[C@H]1CNC2=C(N1)C(=O)N=C(N2)N)c3ccc(cc3)C(=O)N[C@@H](CCC(=O)O)C(=O)O
TYMS,6f6z,TGQ,502,1,B,2369,O1,128.545,-28.605,11.991,3.214,31.0,O,CN(C[C@H]1CNC2=C(N1)C(=O)N=C(N2)N)c3ccc(cc3)C(=O)N[C@@H](CCC(=O)O)C(=O)O
TYMS,6f6z,TGQ,502,1,B,2370,O2,128.18,-26.395,11.898,10.715,32.0,O,CN(C[C@H]1CNC2=C(N1)C(=O)N=C(N2)N)c3ccc(cc3)C(=O)N[C@@H](CCC(=O)O)C(=O)O
TYMS,6f6z,TGQ,502,1,B,2371,CB,127.873,-27.059,8.998,3.623,25.0,C,CN(C[C@H]1CNC2=C(N1)C(=O)N=C(N2)N)c3ccc(cc3)C(=O)N[C@@H](CCC(=O)O)C(=O)O
TYMS,6f6z,TGQ,502,1,B,2372,CG,127.301,-27.452,7.63,9.661,26.0,C,CN(C[C@H]1CNC2=C(N1)C(=O)N=C(N2)N)c3ccc(cc3)C(=O)N[C@@H](CCC(=O)O)C(=O)O
TYMS,6f6z,TGQ,502,1,B,2373,CD,128.061,-26.792,6.459,4.831,27.0,C,CN(C[C@H]1CNC2=C(N1)C(=O)N=C(N2)N)c3ccc(cc3)C(=O)N[C@@H](CCC(=O)O)C(=O)O
TYMS,6f6z,TGQ,502,1,B,2374,OE1,129.121,-26.166,6.728,26.786,28.0,O,CN(C[C@H]1CNC2=C(N1)C(=O)N=C(N2)N)c3ccc(cc3)C(=O)N[C@@H](CCC(=O)O)C(=O)O
TYMS,6f6z,TGQ,502,1,B,2375,OE2,127.599,-26.901,5.301,20.358,29.0,O,CN(C[C@H]1CNC2=C(N1)C(=O)N=C(N2)N)c3ccc(cc3)C(=O)N[C@@H](CCC(=O)O)C(=O)O
TYMS,6f6z,TGQ,502,1,B,2376,O,124.771,-28.773,8.856,19.286,22.0,O,CN(C[C@H]1CNC2=C(N1)C(=O)N=C(N2)N)c3ccc(cc3)C(=O)N[C@@H](CCC(=O)O)C(=O)O
TYMS,6f6z,TGQ,502,1,B,2377,O4,119.871,-29.045,14.15,4.286,10.0,O,CN(C[C@H]1CNC2=C(N1)C(=O)N=C(N2)N)c3ccc(cc3)C(=O)N[C@@H](CCC(=O)O)C(=O)O
TYMS,6f6z,TGQ,502,1,B,2378,NA2,118.558,-33.432,13.878,2.187,14.0,N,CN(C[C@H]1CNC2=C(N1)C(=O)N=C(N2)N)c3ccc(cc3)C(=O)N[C@@H](CCC(=O)O)C(=O)O
TYMS,6f6z,TGQ,502,1,B,2379,CBG,118.98,-24.734,11.313,6.038,0.0,C,CN(C[C@H]1CNC2=C(N1)C(=O)N=C(N2)N)c3ccc(cc3)C(=O)N[C@@H](CCC(=O)O)C(=O)O
TYMS,6f6z,NOH,501,1,A,2329,C4,96.589,-12.994,31.761,3.623,8.0,C,C1[C@@H]([C@H](O[C@H]1N2C=CC(=NC2=O)NO)COP(=O)(O)O)O
TYMS,6f6z,NOH,501,1,A,2330,N4,95.99,-14.266,31.633,1.094,12.0,N,C1[C@@H]([C@H](O[C@H]1N2C=CC(=NC2=O)NO)COP(=O)(O)O)O
TYMS,6f6z,NOH,501,1,A,2331,O4,94.862,-14.394,30.867,4.286,13.0,O,C1[C@@H]([C@H](O[C@H]1N2C=CC(=NC2=O)NO)COP(=O)(O)O)O
TYMS,6f6z,NOH,501,1,A,2332,C5,95.995,-11.861,31.061,6.038,7.0,C,C1[C@@H]([C@H](O[C@H]1N2C=CC(=NC2=O)NO)COP(=O)(O)O)O
TYMS,6f6z,NOH,501,1,A,2333,C6,96.59,-10.532,31.198,7.246,6.0,C,C1[C@@H]([C@H](O[C@H]1N2C=CC(=NC2=O)NO)COP(=O)(O)O)O
TYMS,6f6z,NOH,501,1,A,2334,N1,97.771,-10.371,31.971,1.094,5.0,N,C1[C@@H]([C@H](O[C@H]1N2C=CC(=NC2=O)NO)COP(=O)(O)O)O
TYMS,6f6z,NOH,501,1,A,2337,C3',99.194,-7.195,31.109,1.208,1.0,C,C1[C@@H]([C@H](O[C@H]1N2C=CC(=NC2=O)NO)COP(=O)(O)O)O
TYMS,6f6z,NOH,501,1,A,2339,O4',97.237,-8.023,31.731,12.858,3.0,O,C1[C@@H]([C@H](O[C@H]1N2C=CC(=NC2=O)NO)COP(=O)(O)O)O
TYMS,6f6z,NOH,501,1,A,2340,C4',97.949,-7.001,30.859,1.208,2.0,C,C1[C@@H]([C@H](O[C@H]1N2C=CC(=NC2=O)NO)COP(=O)(O)O)O
TYMS,6f6z,NOH,501,1,A,2341,C5',97.616,-7.281,29.356,1.208,14.0,C,C1[C@@H]([C@H](O[C@H]1N2C=CC(=NC2=O)NO)COP(=O)(O)O)O
TYMS,6f6z,NOH,501,1,A,2343,P,98.795,-6.255,27.278,1.287,16.0,P,C1[C@@H]([C@H](O[C@H]1N2C=CC(=NC2=O)NO)COP(=O)(O)O)O
TYMS,6f6z,NOH,501,1,A,2344,OP1,99.157,-4.864,26.838,24.644,17.0,O,C1[C@@H]([C@H](O[C@H]1N2C=CC(=NC2=O)NO)COP(=O)(O)O)O
TYMS,6f6z,NOH,501,1,A,2345,OP2,97.974,-6.947,26.224,6.429,18.0,O,C1[C@@H]([C@H](O[C@H]1N2C=CC(=NC2=O)NO)COP(=O)(O)O)O
TYMS,6f6z,NOH,501,1,A,2346,OP3,100.032,-7.071,27.548,6.429,19.0,O,C1[C@@H]([C@H](O[C@H]1N2C=CC(=NC2=O)NO)COP(=O)(O)O)O
TYMS,6gko,FGT,502,1,A,2340,C16,19.031,-23.928,2.915,3.623,11.0,C,c1ccc2c(c1)C(=O)OC2(c3ccc(cc3)O)c4ccc(cc4)O
TYMS,6gko,FGT,502,1,A,2341,C15,17.795,-23.385,3.201,1.208,10.0,C,c1ccc2c(c1)C(=O)OC2(c3ccc(cc3)O)c4ccc(cc4)O
TYMS,6gko,FGT,502,1,A,2342,C10,18.751,-20.386,2.655,14.492,18.0,C,c1ccc2c(c1)C(=O)OC2(c3ccc(cc3)O)c4ccc(cc4)O
TYMS,6gko,FGT,502,1,A,2343,C11,19.641,-19.355,2.458,21.737,19.0,C,c1ccc2c(c1)C(=O)OC2(c3ccc(cc3)O)c4ccc(cc4)O
TYMS,6gko,FGT,502,1,A,2347,C12,20.451,-18.978,3.504,1.208,20.0,C,c1ccc2c(c1)C(=O)OC2(c3ccc(cc3)O)c4ccc(cc4)O
TYMS,6gko,FGT,502,1,A,2348,C17,19.158,-25.084,2.174,4.831,12.0,C,c1ccc2c(c1)C(=O)OC2(c3ccc(cc3)O)c4ccc(cc4)O
TYMS,6gko,FGT,502,1,A,2349,C18,18.023,-25.705,1.709,3.623,13.0,C,c1ccc2c(c1)C(=O)OC2(c3ccc(cc3)O)c4ccc(cc4)O
TYMS,6gko,FGT,502,1,A,2350,C19,16.779,-25.179,1.989,2.415,14.0,C,c1ccc2c(c1)C(=O)OC2(c3ccc(cc3)O)c4ccc(cc4)O
TYMS,6gko,FGT,502,1,A,2352,C20,16.67,-24.026,2.737,7.246,15.0,C,c1ccc2c(c1)C(=O)OC2(c3ccc(cc3)O)c4ccc(cc4)O
TYMS,6gko,FGT,502,1,A,2355,C5,17.547,-23.464,7.562,10.869,1.0,C,c1ccc2c(c1)C(=O)OC2(c3ccc(cc3)O)c4ccc(cc4)O
TYMS,6gko,FGT,502,1,A,2356,C6,16.351,-22.885,7.947,20.53,0.0,C,c1ccc2c(c1)C(=O)OC2(c3ccc(cc3)O)c4ccc(cc4)O
TYMS,6gko,FGT,502,1,A,2357,C7,15.617,-22.102,7.081,14.492,5.0,C,c1ccc2c(c1)C(=O)OC2(c3ccc(cc3)O)c4ccc(cc4)O
TYMS,6gko,FGT,502,1,A,2360,O1,14.566,-20.573,4.798,13.929,7.0,O,c1ccc2c(c1)C(=O)OC2(c3ccc(cc3)O)c4ccc(cc4)O
TYMS,6gko,FGT,502,1,A,2361,O2,16.409,-21.475,3.655,5.357,8.0,O,c1ccc2c(c1)C(=O)OC2(c3ccc(cc3)O)c4ccc(cc4)O
TYMS,6gko,FGT,502,1,A,2362,O3,21.355,-17.944,3.342,9.643,23.0,O,c1ccc2c(c1)C(=O)OC2(c3ccc(cc3)O)c4ccc(cc4)O
TYMS,6gko,FGT,502,1,B,2320,C16,42.759,-34.072,-21.665,2.415,11.0,C,c1ccc2c(c1)C(=O)OC2(c3ccc(cc3)O)c4ccc(cc4)O
TYMS,6gko,FGT,502,1,B,2322,C10,42.334,-37.469,-22.199,15.699,18.0,C,c1ccc2c(c1)C(=O)OC2(c3ccc(cc3)O)c4ccc(cc4)O
TYMS,6gko,FGT,502,1,B,2323,C11,42.067,-38.552,-21.396,25.36,19.0,C,c1ccc2c(c1)C(=O)OC2(c3ccc(cc3)O)c4ccc(cc4)O
TYMS,6gko,FGT,502,1,B,2325,C14,44.619,-37.521,-21.557,1.208,22.0,C,c1ccc2c(c1)C(=O)OC2(c3ccc(cc3)O)c4ccc(cc4)O
TYMS,6gko,FGT,502,1,B,2327,C12,43.097,-39.113,-20.676,1.208,20.0,C,c1ccc2c(c1)C(=O)OC2(c3ccc(cc3)O)c4ccc(cc4)O
TYMS,6gko,FGT,502,1,B,2328,C17,42.083,-32.878,-21.511,6.038,12.0,C,c1ccc2c(c1)C(=O)OC2(c3ccc(cc3)O)c4ccc(cc4)O
TYMS,6gko,FGT,502,1,B,2329,C18,41.759,-32.122,-22.617,3.623,13.0,C,c1ccc2c(c1)C(=O)OC2(c3ccc(cc3)O)c4ccc(cc4)O
TYMS,6gko,FGT,502,1,B,2330,C19,42.099,-32.547,-23.88,2.415,14.0,C,c1ccc2c(c1)C(=O)OC2(c3ccc(cc3)O)c4ccc(cc4)O
TYMS,6gko,FGT,502,1,B,2332,C20,42.774,-33.735,-24.017,3.623,15.0,C,c1ccc2c(c1)C(=O)OC2(c3ccc(cc3)O)c4ccc(cc4)O
TYMS,6gko,FGT,502,1,B,2335,C5,47.471,-34.704,-23.108,8.453,1.0,C,c1ccc2c(c1)C(=O)OC2(c3ccc(cc3)O)c4ccc(cc4)O
TYMS,6gko,FGT,502,1,B,2336,C6,47.823,-35.166,-24.361,19.322,0.0,C,c1ccc2c(c1)C(=O)OC2(c3ccc(cc3)O)c4ccc(cc4)O
TYMS,6gko,FGT,502,1,B,2337,C7,46.908,-35.796,-25.172,9.661,5.0,C,c1ccc2c(c1)C(=O)OC2(c3ccc(cc3)O)c4ccc(cc4)O
TYMS,6gko,FGT,502,1,B,2340,O1,44.527,-37.074,-26.376,10.715,7.0,O,c1ccc2c(c1)C(=O)OC2(c3ccc(cc3)O)c4ccc(cc4)O
TYMS,6gko,FGT,502,1,B,2341,O2,43.44,-36.317,-24.444,5.357,8.0,O,c1ccc2c(c1)C(=O)OC2(c3ccc(cc3)O)c4ccc(cc4)O
TYMS,6gko,FGT,502,1,B,2342,O3,42.85,-40.21,-19.876,8.572,23.0,O,c1ccc2c(c1)C(=O)OC2(c3ccc(cc3)O)c4ccc(cc4)O
TYMS,6gko,FGT,502,1,B,2343,O4,41.085,-30.921,-22.474,1.071,16.0,O,c1ccc2c(c1)C(=O)OC2(c3ccc(cc3)O)c4ccc(cc4)O
TYMS,6gyj,FGT,502,1,A,2289,C16,94.468,-14.383,35.701,7.246,11.0,C,c1ccc2c(c1)C(=O)OC2(c3ccc(cc3)O)c4ccc(cc4)O
TYMS,6gyj,FGT,502,1,A,2290,C15,93.436,-14.188,36.591,1.208,10.0,C,c1ccc2c(c1)C(=O)OC2(c3ccc(cc3)O)c4ccc(cc4)O
TYMS,6gyj,FGT,502,1,A,2291,C10,94.338,-11.172,36.415,13.284,18.0,C,c1ccc2c(c1)C(=O)OC2(c3ccc(cc3)O)c4ccc(cc4)O
TYMS,6gyj,FGT,502,1,A,2292,C11,95.172,-10.086,36.28,30.191,19.0,C,c1ccc2c(c1)C(=O)OC2(c3ccc(cc3)O)c4ccc(cc4)O
TYMS,6gyj,FGT,502,1,A,2293,C13,96.084,-10.573,38.439,2.415,21.0,C,c1ccc2c(c1)C(=O)OC2(c3ccc(cc3)O)c4ccc(cc4)O
TYMS,6gyj,FGT,502,1,A,2295,C1,91.439,-12.235,38.515,1.208,6.0,C,c1ccc2c(c1)C(=O)OC2(c3ccc(cc3)O)c4ccc(cc4)O
TYMS,6gyj,FGT,502,1,A,2296,C12,96.042,-9.799,37.305,4.831,20.0,C,c1ccc2c(c1)C(=O)OC2(c3ccc(cc3)O)c4ccc(cc4)O
TYMS,6gyj,FGT,502,1,A,2297,C17,94.373,-15.381,34.754,9.661,12.0,C,c1ccc2c(c1)C(=O)OC2(c3ccc(cc3)O)c4ccc(cc4)O
TYMS,6gyj,FGT,502,1,A,2298,C18,93.246,-16.173,34.69,2.415,13.0,C,c1ccc2c(c1)C(=O)OC2(c3ccc(cc3)O)c4ccc(cc4)O
TYMS,6gyj,FGT,502,1,A,2299,C19,92.211,-15.982,35.568,2.415,14.0,C,c1ccc2c(c1)C(=O)OC2(c3ccc(cc3)O)c4ccc(cc4)O
TYMS,6gyj,FGT,502,1,A,2301,C20,92.317,-14.987,36.51,2.415,15.0,C,c1ccc2c(c1)C(=O)OC2(c3ccc(cc3)O)c4ccc(cc4)O
TYMS,6gyj,FGT,502,1,A,2304,C5,93.312,-14.889,40.992,4.831,1.0,C,c1ccc2c(c1)C(=O)OC2(c3ccc(cc3)O)c4ccc(cc4)O
TYMS,6gyj,FGT,502,1,A,2305,C6,92.145,-14.335,41.483,9.661,0.0,C,c1ccc2c(c1)C(=O)OC2(c3ccc(cc3)O)c4ccc(cc4)O
TYMS,6gyj,FGT,502,1,A,2306,C7,91.447,-13.422,40.727,12.076,5.0,C,c1ccc2c(c1)C(=O)OC2(c3ccc(cc3)O)c4ccc(cc4)O
TYMS,6gyj,FGT,502,1,A,2309,O1,90.441,-11.54,38.644,28.929,7.0,O,c1ccc2c(c1)C(=O)OC2(c3ccc(cc3)O)c4ccc(cc4)O
TYMS,6gyj,FGT,502,1,A,2310,O2,92.207,-12.413,37.397,4.286,8.0,O,c1ccc2c(c1)C(=O)OC2(c3ccc(cc3)O)c4ccc(cc4)O
TYMS,6gyj,FGT,502,1,A,2311,O3,96.881,-8.712,37.205,19.286,23.0,O,c1ccc2c(c1)C(=O)OC2(c3ccc(cc3)O)c4ccc(cc4)O
TYMS,6gyj,FGT,502,1,A,2312,O4,93.135,-17.166,33.734,2.143,16.0,O,c1ccc2c(c1)C(=O)OC2(c3ccc(cc3)O)c4ccc(cc4)O
TYMS,6oju,D96,601,1,B,2182,N1,238.777,-103.148,73.976,2.187,16.0,N,c1cc(ccc1Cc2c[nH]c3c2C(=O)NC(=N3)N)C(=O)N[C@H](CCC(=O)O)C(=O)O
TYMS,6oju,D96,601,1,B,2183,C1,239.039,-103.482,75.27,3.623,10.0,C,c1cc(ccc1Cc2c[nH]c3c2C(=O)NC(=N3)N)C(=O)N[C@H](CCC(=O)O)C(=O)O
TYMS,6oju,D96,601,1,B,2184,C2,240.221,-103.225,75.956,3.623,11.0,C,c1cc(ccc1Cc2c[nH]c3c2C(=O)NC(=N3)N)C(=O)N[C@H](CCC(=O)O)C(=O)O
TYMS,6oju,D96,601,1,B,2185,C3,241.299,-102.539,75.254,2.415,12.0,C,c1cc(ccc1Cc2c[nH]c3c2C(=O)NC(=N3)N)C(=O)N[C@H](CCC(=O)O)C(=O)O
TYMS,6oju,D96,601,1,B,2186,N2,240.929,-102.255,73.968,1.094,14.0,N,c1cc(ccc1Cc2c[nH]c3c2C(=O)NC(=N3)N)C(=O)N[C@H](CCC(=O)O)C(=O)O
TYMS,6oju,D96,601,1,B,2187,C4,239.729,-102.541,73.347,6.038,15.0,C,c1cc(ccc1Cc2c[nH]c3c2C(=O)NC(=N3)N)C(=O)N[C@H](CCC(=O)O)C(=O)O
TYMS,6oju,D96,601,1,B,2188,C5,240.069,-103.738,77.255,1.208,7.0,C,c1cc(ccc1Cc2c[nH]c3c2C(=O)NC(=N3)N)C(=O)N[C@H](CCC(=O)O)C(=O)O
TYMS,6oju,D96,601,1,B,2190,N3,238.176,-104.127,76.111,1.094,9.0,N,c1cc(ccc1Cc2c[nH]c3c2C(=O)NC(=N3)N)C(=O)N[C@H](CCC(=O)O)C(=O)O
TYMS,6oju,D96,601,1,B,2191,O1,242.409,-102.225,75.677,4.286,13.0,O,c1cc(ccc1Cc2c[nH]c3c2C(=O)NC(=N3)N)C(=O)N[C@H](CCC(=O)O)C(=O)O
TYMS,6oju,D96,601,1,B,2193,C7,241.088,-103.679,78.355,9.661,6.0,C,c1cc(ccc1Cc2c[nH]c3c2C(=O)NC(=N3)N)C(=O)N[C@H](CCC(=O)O)C(=O)O
TYMS,6oju,D96,601,1,B,2199,C13,242.327,-101.701,79.3,1.208,0.0,C,c1cc(ccc1Cc2c[nH]c3c2C(=O)NC(=N3)N)C(=O)N[C@H](CCC(=O)O)C(=O)O
TYMS,6oju,D96,601,1,B,2201,O2,240.161,-97.479,80.161,16.072,19.0,O,c1cc(ccc1Cc2c[nH]c3c2C(=O)NC(=N3)N)C(=O)N[C@H](CCC(=O)O)C(=O)O
TYMS,6oju,D96,601,1,B,2203,C15,242.804,-96.418,80.761,3.623,21.0,C,c1cc(ccc1Cc2c[nH]c3c2C(=O)NC(=N3)N)C(=O)N[C@H](CCC(=O)O)C(=O)O
TYMS,6oju,D96,601,1,B,2204,C16,244.217,-96.499,81.257,2.415,22.0,C,c1cc(ccc1Cc2c[nH]c3c2C(=O)NC(=N3)N)C(=O)N[C@H](CCC(=O)O)C(=O)O
TYMS,6oju,D96,601,1,B,2206,O3,241.309,-96.553,82.692,4.286,28.0,O,c1cc(ccc1Cc2c[nH]c3c2C(=O)NC(=N3)N)C(=O)N[C@H](CCC(=O)O)C(=O)O
TYMS,6oju,D96,601,1,B,2207,O4,241.811,-94.544,81.743,42.858,29.0,O,c1cc(ccc1Cc2c[nH]c3c2C(=O)NC(=N3)N)C(=O)N[C@H](CCC(=O)O)C(=O)O
TYMS,6oju,D96,601,1,B,2209,C19,246.331,-96.789,80.08,1.208,24.0,C,c1cc(ccc1Cc2c[nH]c3c2C(=O)NC(=N3)N)C(=O)N[C@H](CCC(=O)O)C(=O)O
TYMS,6oju,D96,601,1,B,2210,O5,246.757,-95.731,80.526,2.143,25.0,O,c1cc(ccc1Cc2c[nH]c3c2C(=O)NC(=N3)N)C(=O)N[C@H](CCC(=O)O)C(=O)O
TYMS,6oju,D96,601,1,A,2238,N1,213.839,-130.845,102.061,3.281,16.0,N,c1cc(ccc1Cc2c[nH]c3c2C(=O)NC(=N3)N)C(=O)N[C@H](CCC(=O)O)C(=O)O
TYMS,6oju,D96,601,1,A,2239,C1,215.041,-130.702,102.687,1.208,10.0,C,c1cc(ccc1Cc2c[nH]c3c2C(=O)NC(=N3)N)C(=O)N[C@H](CCC(=O)O)C(=O)O
TYMS,6oju,D96,601,1,A,2240,C2,216.234,-131.319,102.322,3.623,11.0,C,c1cc(ccc1Cc2c[nH]c3c2C(=O)NC(=N3)N)C(=O)N[C@H](CCC(=O)O)C(=O)O
TYMS,6oju,D96,601,1,A,2241,C3,216.228,-132.213,101.166,3.623,12.0,C,c1cc(ccc1Cc2c[nH]c3c2C(=O)NC(=N3)N)C(=O)N[C@H](CCC(=O)O)C(=O)O
TYMS,6oju,D96,601,1,A,2242,N2,214.976,-132.281,100.62,2.187,14.0,N,c1cc(ccc1Cc2c[nH]c3c2C(=O)NC(=N3)N)C(=O)N[C@H](CCC(=O)O)C(=O)O
TYMS,6oju,D96,601,1,A,2243,C4,213.829,-131.634,101.035,4.831,15.0,C,c1cc(ccc1Cc2c[nH]c3c2C(=O)NC(=N3)N)C(=O)N[C@H](CCC(=O)O)C(=O)O
TYMS,6oju,D96,601,1,A,2244,C5,217.213,-130.893,103.238,2.415,7.0,C,c1cc(ccc1Cc2c[nH]c3c2C(=O)NC(=N3)N)C(=O)N[C@H](CCC(=O)O)C(=O)O
TYMS,6oju,D96,601,1,A,2247,O1,217.159,-132.855,100.679,2.143,13.0,O,c1cc(ccc1Cc2c[nH]c3c2C(=O)NC(=N3)N)C(=O)N[C@H](CCC(=O)O)C(=O)O
TYMS,6oju,D96,601,1,A,2249,C7,218.66,-131.288,103.255,12.076,6.0,C,c1cc(ccc1Cc2c[nH]c3c2C(=O)NC(=N3)N)C(=O)N[C@H](CCC(=O)O)C(=O)O
TYMS,6oju,D96,601,1,A,2257,O2,220.794,-128.466,97.773,18.215,19.0,O,c1cc(ccc1Cc2c[nH]c3c2C(=O)NC(=N3)N)C(=O)N[C@H](CCC(=O)O)C(=O)O
TYMS,6oju,D96,601,1,A,2259,C15,223.043,-130.019,96.855,1.208,21.0,C,c1cc(ccc1Cc2c[nH]c3c2C(=O)NC(=N3)N)C(=O)N[C@H](CCC(=O)O)C(=O)O
TYMS,6oju,D96,601,1,A,2262,O3,223.801,-127.824,97.666,7.5,28.0,O,c1cc(ccc1Cc2c[nH]c3c2C(=O)NC(=N3)N)C(=O)N[C@H](CCC(=O)O)C(=O)O
TYMS,6oju,D96,601,1,A,2263,O4,223.545,-128.233,95.443,40.715,29.0,O,c1cc(ccc1Cc2c[nH]c3c2C(=O)NC(=N3)N)C(=O)N[C@H](CCC(=O)O)C(=O)O
TYMS,6oju,D96,601,1,A,2266,O5,223.308,-132.644,94.848,4.286,25.0,O,c1cc(ccc1Cc2c[nH]c3c2C(=O)NC(=N3)N)C(=O)N[C@H](CCC(=O)O)C(=O)O
TYMS,6oju,D96,601,1,C,2190,N1,205.574,-99.499,115.152,3.281,16.0,N,c1cc(ccc1Cc2c[nH]c3c2C(=O)NC(=N3)N)C(=O)N[C@H](CCC(=O)O)C(=O)O
TYMS,6oju,D96,601,1,C,2191,C1,206.906,-99.216,115.191,1.208,10.0,C,c1cc(ccc1Cc2c[nH]c3c2C(=O)NC(=N3)N)C(=O)N[C@H](CCC(=O)O)C(=O)O
TYMS,6oju,D96,601,1,C,2192,C2,207.769,-99.514,116.24,3.623,11.0,C,c1cc(ccc1Cc2c[nH]c3c2C(=O)NC(=N3)N)C(=O)N[C@H](CCC(=O)O)C(=O)O
TYMS,6oju,D96,601,1,C,2193,C3,207.233,-100.186,117.419,4.831,12.0,C,c1cc(ccc1Cc2c[nH]c3c2C(=O)NC(=N3)N)C(=O)N[C@H](CCC(=O)O)C(=O)O
TYMS,6oju,D96,601,1,C,2194,N2,205.894,-100.42,117.268,1.094,14.0,N,c1cc(ccc1Cc2c[nH]c3c2C(=O)NC(=N3)N)C(=O)N[C@H](CCC(=O)O)C(=O)O
TYMS,6oju,D96,601,1,C,2195,C4,205.091,-100.097,116.193,7.246,15.0,C,c1cc(ccc1Cc2c[nH]c3c2C(=O)NC(=N3)N)C(=O)N[C@H](CCC(=O)O)C(=O)O
TYMS,6oju,D96,601,1,C,2196,C5,209.042,-99.049,115.874,1.208,7.0,C,c1cc(ccc1Cc2c[nH]c3c2C(=O)NC(=N3)N)C(=O)N[C@H](CCC(=O)O)C(=O)O
TYMS,6oju,D96,601,1,C,2199,O1,207.822,-100.529,118.441,3.214,13.0,O,c1cc(ccc1Cc2c[nH]c3c2C(=O)NC(=N3)N)C(=O)N[C@H](CCC(=O)O)C(=O)O
TYMS,6oju,D96,601,1,C,2200,N4,203.68,-100.46,116.285,2.187,17.0,N,c1cc(ccc1Cc2c[nH]c3c2C(=O)NC(=N3)N)C(=O)N[C@H](CCC(=O)O)C(=O)O
TYMS,6oju,D96,601,1,C,2201,C7,210.287,-99.159,116.702,10.869,6.0,C,c1cc(ccc1Cc2c[nH]c3c2C(=O)NC(=N3)N)C(=O)N[C@H](CCC(=O)O)C(=O)O
TYMS,6oju,D96,601,1,C,2204,C10,211.031,-102.663,115.532,1.208,3.0,C,c1cc(ccc1Cc2c[nH]c3c2C(=O)NC(=N3)N)C(=O)N[C@H](CCC(=O)O)C(=O)O
TYMS,6oju,D96,601,1,C,2208,C14,212.008,-104.666,116.649,1.208,18.0,C,c1cc(ccc1Cc2c[nH]c3c2C(=O)NC(=N3)N)C(=O)N[C@H](CCC(=O)O)C(=O)O
TYMS,6oju,D96,601,1,C,2209,O2,212.524,-105.203,115.674,8.572,19.0,O,c1cc(ccc1Cc2c[nH]c3c2C(=O)NC(=N3)N)C(=O)N[C@H](CCC(=O)O)C(=O)O
TYMS,6oju,D96,601,1,C,2212,C16,213.537,-106.787,118.469,3.623,22.0,C,c1cc(ccc1Cc2c[nH]c3c2C(=O)NC(=N3)N)C(=O)N[C@H](CCC(=O)O)C(=O)O
TYMS,6oju,D96,601,1,C,2213,C17,211.727,-107.642,117.046,3.623,27.0,C,c1cc(ccc1Cc2c[nH]c3c2C(=O)NC(=N3)N)C(=O)N[C@H](CCC(=O)O)C(=O)O
TYMS,6oju,D96,601,1,C,2214,O3,212.41,-107.942,116.07,33.215,28.0,O,c1cc(ccc1Cc2c[nH]c3c2C(=O)NC(=N3)N)C(=O)N[C@H](CCC(=O)O)C(=O)O
TYMS,6oju,D96,601,1,C,2215,O4,210.499,-108.172,117.281,13.929,29.0,O,c1cc(ccc1Cc2c[nH]c3c2C(=O)NC(=N3)N)C(=O)N[C@H](CCC(=O)O)C(=O)O
TYMS,6oju,D96,601,1,C,2218,O5,213.617,-108.017,121.03,9.643,25.0,O,c1cc(ccc1Cc2c[nH]c3c2C(=O)NC(=N3)N)C(=O)N[C@H](CCC(=O)O)C(=O)O
TYMS,6oju,D96,601,1,D,2232,N1,227.467,-71.751,85.174,2.187,16.0,N,c1cc(ccc1Cc2c[nH]c3c2C(=O)NC(=N3)N)C(=O)N[C@H](CCC(=O)O)C(=O)O
TYMS,6oju,D96,601,1,D,2233,C1,228.42,-71.992,86.12,3.623,10.0,C,c1cc(ccc1Cc2c[nH]c3c2C(=O)NC(=N3)N)C(=O)N[C@H](CCC(=O)O)C(=O)O
TYMS,6oju,D96,601,1,D,2234,C2,228.446,-71.464,87.408,2.415,11.0,C,c1cc(ccc1Cc2c[nH]c3c2C(=O)NC(=N3)N)C(=O)N[C@H](CCC(=O)O)C(=O)O
TYMS,6oju,D96,601,1,D,2235,C3,227.365,-70.565,87.812,4.831,12.0,C,c1cc(ccc1Cc2c[nH]c3c2C(=O)NC(=N3)N)C(=O)N[C@H](CCC(=O)O)C(=O)O
TYMS,6oju,D96,601,1,D,2237,C4,226.506,-70.956,85.528,4.831,15.0,C,c1cc(ccc1Cc2c[nH]c3c2C(=O)NC(=N3)N)C(=O)N[C@H](CCC(=O)O)C(=O)O
TYMS,6oju,D96,601,1,D,2238,C5,229.601,-71.963,88.039,3.623,7.0,C,c1cc(ccc1Cc2c[nH]c3c2C(=O)NC(=N3)N)C(=O)N[C@H](CCC(=O)O)C(=O)O
TYMS,6oju,D96,601,1,D,2241,O1,227.194,-69.994,88.887,2.143,13.0,O,c1cc(ccc1Cc2c[nH]c3c2C(=O)NC(=N3)N)C(=O)N[C@H](CCC(=O)O)C(=O)O
TYMS,6oju,D96,601,1,D,2242,N4,225.415,-70.606,84.621,4.374,17.0,N,c1cc(ccc1Cc2c[nH]c3c2C(=O)NC(=N3)N)C(=O)N[C@H](CCC(=O)O)C(=O)O
TYMS,6oju,D96,601,1,D,2243,C7,230.032,-71.674,89.447,13.284,6.0,C,c1cc(ccc1Cc2c[nH]c3c2C(=O)NC(=N3)N)C(=O)N[C@H](CCC(=O)O)C(=O)O
TYMS,6oju,D96,601,1,D,2249,C13,228.413,-71.396,91.368,2.415,0.0,C,c1cc(ccc1Cc2c[nH]c3c2C(=O)NC(=N3)N)C(=O)N[C@H](CCC(=O)O)C(=O)O
TYMS,6oju,D96,601,1,D,2251,O2,224.963,-74.633,92.23,12.858,19.0,O,c1cc(ccc1Cc2c[nH]c3c2C(=O)NC(=N3)N)C(=O)N[C@H](CCC(=O)O)C(=O)O
TYMS,6oju,D96,601,1,D,2255,C17,224.146,-74.589,94.914,1.208,27.0,C,c1cc(ccc1Cc2c[nH]c3c2C(=O)NC(=N3)N)C(=O)N[C@H](CCC(=O)O)C(=O)O
TYMS,6oju,D96,601,1,D,2256,O3,224.962,-75.403,95.335,12.858,28.0,O,c1cc(ccc1Cc2c[nH]c3c2C(=O)NC(=N3)N)C(=O)N[C@H](CCC(=O)O)C(=O)O
TYMS,6oju,D96,601,1,D,2257,O4,222.871,-74.911,94.576,36.43,29.0,O,c1cc(ccc1Cc2c[nH]c3c2C(=O)NC(=N3)N)C(=O)N[C@H](CCC(=O)O)C(=O)O
TYMS,6oju,D96,601,1,D,2260,O5,222.369,-71.94,97.046,16.072,25.0,O,c1cc(ccc1Cc2c[nH]c3c2C(=O)NC(=N3)N)C(=O)N[C@H](CCC(=O)O)C(=O)O
TYMS,6ojv,2XB,601,1,A,2268,OE1,92.23,2.428,271.14,9.643,25.0,O,c1cc(ccc1Cc2c[nH]c3c2c(nc(n3)N)O)C(=O)N[C@@H](CCC(=O)O)C(=O)O
TYMS,6ojv,2XB,601,1,A,2269,CT4,91.186,2.68,271.739,2.415,24.0,C,c1cc(ccc1Cc2c[nH]c3c2c(nc(n3)N)O)C(=O)N[C@@H](CCC(=O)O)C(=O)O
TYMS,6ojv,2XB,601,1,A,2270,OE2,90.393,3.754,271.459,52.501,26.0,O,c1cc(ccc1Cc2c[nH]c3c2c(nc(n3)N)O)C(=O)N[C@@H](CCC(=O)O)C(=O)O
TYMS,6ojv,2XB,601,1,A,2271,CT3,90.621,1.834,272.882,20.53,23.0,C,c1cc(ccc1Cc2c[nH]c3c2c(nc(n3)N)O)C(=O)N[C@@H](CCC(=O)O)C(=O)O
TYMS,6ojv,2XB,601,1,A,2272,CT2,91.667,0.955,273.603,1.208,22.0,C,c1cc(ccc1Cc2c[nH]c3c2c(nc(n3)N)O)C(=O)N[C@@H](CCC(=O)O)C(=O)O
TYMS,6ojv,2XB,601,1,A,2273,CT1,92.337,1.611,274.841,1.208,21.0,C,c1cc(ccc1Cc2c[nH]c3c2c(nc(n3)N)O)C(=O)N[C@@H](CCC(=O)O)C(=O)O
TYMS,6ojv,2XB,601,1,A,2275,OT1,90.786,2.016,276.725,10.715,28.0,O,c1cc(ccc1Cc2c[nH]c3c2c(nc(n3)N)O)C(=O)N[C@@H](CCC(=O)O)C(=O)O
TYMS,6ojv,2XB,601,1,A,2276,OXT,92.222,0.269,276.849,4.286,29.0,O,c1cc(ccc1Cc2c[nH]c3c2c(nc(n3)N)O)C(=O)N[C@@H](CCC(=O)O)C(=O)O
TYMS,6ojv,2XB,601,1,A,2279,OAD,94.3,3.412,273.748,13.929,19.0,O,c1cc(ccc1Cc2c[nH]c3c2c(nc(n3)N)O)C(=O)N[C@@H](CCC(=O)O)C(=O)O
TYMS,6ojv,2XB,601,1,A,2284,CAI,97.928,0.615,275.245,1.208,4.0,C,c1cc(ccc1Cc2c[nH]c3c2c(nc(n3)N)O)C(=O)N[C@@H](CCC(=O)O)C(=O)O
TYMS,6ojv,2XB,601,1,A,2286,CAO,100.352,1.176,274.648,10.869,6.0,C,c1cc(ccc1Cc2c[nH]c3c2c(nc(n3)N)O)C(=O)N[C@@H](CCC(=O)O)C(=O)O
TYMS,6ojv,2XB,601,1,A,2287,CAZ,101.048,2.515,274.651,3.623,7.0,C,c1cc(ccc1Cc2c[nH]c3c2c(nc(n3)N)O)C(=O)N[C@@H](CCC(=O)O)C(=O)O
TYMS,6ojv,2XB,601,1,A,2288,CBC,100.928,3.55,275.636,2.415,11.0,C,c1cc(ccc1Cc2c[nH]c3c2c(nc(n3)N)O)C(=O)N[C@@H](CCC(=O)O)C(=O)O
TYMS,6ojv,2XB,601,1,A,2289,CBA,100.182,3.706,276.9,3.623,12.0,C,c1cc(ccc1Cc2c[nH]c3c2c(nc(n3)N)O)C(=O)N[C@@H](CCC(=O)O)C(=O)O
TYMS,6ojv,2XB,601,1,A,2290,OAE,99.444,2.832,277.343,2.143,17.0,O,c1cc(ccc1Cc2c[nH]c3c2c(nc(n3)N)O)C(=O)N[C@@H](CCC(=O)O)C(=O)O
TYMS,6ojv,2XB,601,1,A,2291,NAS,100.367,4.88,277.536,1.094,13.0,N,c1cc(ccc1Cc2c[nH]c3c2c(nc(n3)N)O)C(=O)N[C@@H](CCC(=O)O)C(=O)O
TYMS,6ojv,2XB,601,1,A,2292,CAW,101.204,5.887,277.036,4.831,14.0,C,c1cc(ccc1Cc2c[nH]c3c2c(nc(n3)N)O)C(=O)N[C@@H](CCC(=O)O)C(=O)O
TYMS,6ojv,2XB,601,1,A,2294,NAP,101.886,5.794,275.927,2.187,15.0,N,c1cc(ccc1Cc2c[nH]c3c2c(nc(n3)N)O)C(=O)N[C@@H](CCC(=O)O)C(=O)O
TYMS,6ojv,2XB,601,1,A,2295,CBB,101.718,4.596,275.247,1.208,10.0,C,c1cc(ccc1Cc2c[nH]c3c2c(nc(n3)N)O)C(=O)N[C@@H](CCC(=O)O)C(=O)O
TYMS,6ojv,2XB,601,1,C,2246,OE1,140.042,13.8,232.34,4.286,25.0,O,c1cc(ccc1Cc2c[nH]c3c2c(nc(n3)N)O)C(=O)N[C@@H](CCC(=O)O)C(=O)O
TYMS,6ojv,2XB,601,1,C,2247,CT4,139.822,14.026,231.152,3.623,24.0,C,c1cc(ccc1Cc2c[nH]c3c2c(nc(n3)N)O)C(=O)N[C@@H](CCC(=O)O)C(=O)O
TYMS,6ojv,2XB,601,1,C,2248,OE2,138.566,14.114,230.628,46.073,26.0,O,c1cc(ccc1Cc2c[nH]c3c2c(nc(n3)N)O)C(=O)N[C@@H](CCC(=O)O)C(=O)O
TYMS,6ojv,2XB,601,1,C,2249,CT3,140.908,14.24,230.091,22.945,23.0,C,c1cc(ccc1Cc2c[nH]c3c2c(nc(n3)N)O)C(=O)N[C@@H](CCC(=O)O)C(=O)O
TYMS,6ojv,2XB,601,1,C,2250,CT2,142.063,13.21,230.131,3.623,22.0,C,c1cc(ccc1Cc2c[nH]c3c2c(nc(n3)N)O)C(=O)N[C@@H](CCC(=O)O)C(=O)O
TYMS,6ojv,2XB,601,1,C,2252,CT5,142.226,11.281,228.315,2.415,27.0,C,c1cc(ccc1Cc2c[nH]c3c2c(nc(n3)N)O)C(=O)N[C@@H](CCC(=O)O)C(=O)O
TYMS,6ojv,2XB,601,1,C,2253,OT1,141.323,10.999,227.33,10.715,28.0,O,c1cc(ccc1Cc2c[nH]c3c2c(nc(n3)N)O)C(=O)N[C@@H](CCC(=O)O)C(=O)O
TYMS,6ojv,2XB,601,1,C,2254,OXT,143.433,11.126,228.125,4.286,29.0,O,c1cc(ccc1Cc2c[nH]c3c2c(nc(n3)N)O)C(=O)N[C@@H](CCC(=O)O)C(=O)O
TYMS,6ojv,2XB,601,1,C,2257,OAD,139.677,10.202,230.956,15.0,19.0,O,c1cc(ccc1Cc2c[nH]c3c2c(nc(n3)N)O)C(=O)N[C@@H](CCC(=O)O)C(=O)O
TYMS,6ojv,2XB,601,1,C,2259,CAJ,140.233,8.428,233.048,1.208,1.0,C,c1cc(ccc1Cc2c[nH]c3c2c(nc(n3)N)O)C(=O)N[C@@H](CCC(=O)O)C(=O)O
TYMS,6ojv,2XB,601,1,C,2264,CAO,142.106,5.987,235.289,10.869,6.0,C,c1cc(ccc1Cc2c[nH]c3c2c(nc(n3)N)O)C(=O)N[C@@H](CCC(=O)O)C(=O)O
TYMS,6ojv,2XB,601,1,C,2265,CAZ,140.871,5.111,235.374,2.415,7.0,C,c1cc(ccc1Cc2c[nH]c3c2c(nc(n3)N)O)C(=O)N[C@@H](CCC(=O)O)C(=O)O
TYMS,6ojv,2XB,601,1,C,2266,CBC,140.364,4.216,234.369,2.415,11.0,C,c1cc(ccc1Cc2c[nH]c3c2c(nc(n3)N)O)C(=O)N[C@@H](CCC(=O)O)C(=O)O
TYMS,6ojv,2XB,601,1,C,2267,CBA,140.791,3.813,233.011,4.831,12.0,C,c1cc(ccc1Cc2c[nH]c3c2c(nc(n3)N)O)C(=O)N[C@@H](CCC(=O)O)C(=O)O
TYMS,6ojv,2XB,601,1,C,2268,OAE,141.798,4.268,232.477,1.071,17.0,O,c1cc(ccc1Cc2c[nH]c3c2c(nc(n3)N)O)C(=O)N[C@@H](CCC(=O)O)C(=O)O
TYMS,6ojv,2XB,601,1,C,2270,CAW,138.848,2.388,232.996,4.831,14.0,C,c1cc(ccc1Cc2c[nH]c3c2c(nc(n3)N)O)C(=O)N[C@@H](CCC(=O)O)C(=O)O
TYMS,6ojv,2XB,601,1,C,2271,NAA,138.213,1.485,232.17,3.281,16.0,N,c1cc(ccc1Cc2c[nH]c3c2c(nc(n3)N)O)C(=O)N[C@@H](CCC(=O)O)C(=O)O
TYMS,6ojv,2XB,601,1,C,2272,NAP,138.431,2.707,234.192,4.374,15.0,N,c1cc(ccc1Cc2c[nH]c3c2c(nc(n3)N)O)C(=O)N[C@@H](CCC(=O)O)C(=O)O
TYMS,6ojv,2XB,601,1,C,2275,CAL,139.995,5.032,236.433,1.208,8.0,C,c1cc(ccc1Cc2c[nH]c3c2c(nc(n3)N)O)C(=O)N[C@@H](CCC(=O)O)C(=O)O
TYMS,6ojv,2XB,601,1,D,2244,OE1,134.105,-18.886,297.973,21.429,25.0,O,c1cc(ccc1Cc2c[nH]c3c2c(nc(n3)N)O)C(=O)N[C@@H](CCC(=O)O)C(=O)O
TYMS,6ojv,2XB,601,1,D,2245,CT4,134.081,-18.736,299.193,3.623,24.0,C,c1cc(ccc1Cc2c[nH]c3c2c(nc(n3)N)O)C(=O)N[C@@H](CCC(=O)O)C(=O)O
TYMS,6ojv,2XB,601,1,D,2246,OE2,135.162,-18.346,299.926,35.358,26.0,O,c1cc(ccc1Cc2c[nH]c3c2c(nc(n3)N)O)C(=O)N[C@@H](CCC(=O)O)C(=O)O
TYMS,6ojv,2XB,601,1,D,2247,CT3,132.849,-18.959,300.074,24.153,23.0,C,c1cc(ccc1Cc2c[nH]c3c2c(nc(n3)N)O)C(=O)N[C@@H](CCC(=O)O)C(=O)O
TYMS,6ojv,2XB,601,1,D,2248,CT2,131.875,-17.759,300.101,3.623,22.0,C,c1cc(ccc1Cc2c[nH]c3c2c(nc(n3)N)O)C(=O)N[C@@H](CCC(=O)O)C(=O)O
TYMS,6ojv,2XB,601,1,D,2249,CT1,130.377,-18.105,299.871,1.208,21.0,C,c1cc(ccc1Cc2c[nH]c3c2c(nc(n3)N)O)C(=O)N[C@@H](CCC(=O)O)C(=O)O
TYMS,6ojv,2XB,601,1,D,2251,OT1,128.611,-18.424,301.58,3.214,28.0,O,c1cc(ccc1Cc2c[nH]c3c2c(nc(n3)N)O)C(=O)N[C@@H](CCC(=O)O)C(=O)O
TYMS,6ojv,2XB,601,1,D,2255,OAD,131.306,-19.183,297.307,10.715,19.0,O,c1cc(ccc1Cc2c[nH]c3c2c(nc(n3)N)O)C(=O)N[C@@H](CCC(=O)O)C(=O)O
TYMS,6ojv,2XB,601,1,D,2262,CAO,127.791,-16.785,292.35,9.661,6.0,C,c1cc(ccc1Cc2c[nH]c3c2c(nc(n3)N)O)C(=O)N[C@@H](CCC(=O)O)C(=O)O
TYMS,6ojv,2XB,601,1,D,2263,CAZ,127.852,-17.927,291.363,2.415,7.0,C,c1cc(ccc1Cc2c[nH]c3c2c(nc(n3)N)O)C(=O)N[C@@H](CCC(=O)O)C(=O)O
TYMS,6ojv,2XB,601,1,D,2264,CBC,127.077,-19.137,291.364,2.415,11.0,C,c1cc(ccc1Cc2c[nH]c3c2c(nc(n3)N)O)C(=O)N[C@@H](CCC(=O)O)C(=O)O
TYMS,6ojv,2XB,601,1,D,2265,CBA,126.015,-19.706,292.222,4.831,12.0,C,c1cc(ccc1Cc2c[nH]c3c2c(nc(n3)N)O)C(=O)N[C@@H](CCC(=O)O)C(=O)O
TYMS,6ojv,2XB,601,1,D,2266,OAE,125.581,-19.129,293.217,1.071,17.0,O,c1cc(ccc1Cc2c[nH]c3c2c(nc(n3)N)O)C(=O)N[C@@H](CCC(=O)O)C(=O)O
TYMS,6ojv,2XB,601,1,D,2267,NAS,125.551,-20.912,291.839,2.187,13.0,N,c1cc(ccc1Cc2c[nH]c3c2c(nc(n3)N)O)C(=O)N[C@@H](CCC(=O)O)C(=O)O
TYMS,6ojv,2XB,601,1,D,2268,CAW,126.033,-21.588,290.707,4.831,14.0,C,c1cc(ccc1Cc2c[nH]c3c2c(nc(n3)N)O)C(=O)N[C@@H](CCC(=O)O)C(=O)O
TYMS,6ojv,2XB,601,1,D,2269,NAA,125.396,-22.799,290.53,4.374,16.0,N,c1cc(ccc1Cc2c[nH]c3c2c(nc(n3)N)O)C(=O)N[C@@H](CCC(=O)O)C(=O)O
TYMS,6ojv,2XB,601,1,D,2270,NAP,126.966,-21.128,289.918,3.281,15.0,N,c1cc(ccc1Cc2c[nH]c3c2c(nc(n3)N)O)C(=O)N[C@@H](CCC(=O)O)C(=O)O
TYMS,6ojv,2XB,601,1,D,2271,CBB,127.468,-19.888,290.285,2.415,10.0,C,c1cc(ccc1Cc2c[nH]c3c2c(nc(n3)N)O)C(=O)N[C@@H](CCC(=O)O)C(=O)O
TYMS,6ojv,2XB,601,1,B,2283,OE1,118.289,22.107,259.109,17.143,25.0,O,c1cc(ccc1Cc2c[nH]c3c2c(nc(n3)N)O)C(=O)N[C@@H](CCC(=O)O)C(=O)O
TYMS,6ojv,2XB,601,1,B,2284,CT4,117.434,22.286,259.974,3.623,24.0,C,c1cc(ccc1Cc2c[nH]c3c2c(nc(n3)N)O)C(=O)N[C@@H](CCC(=O)O)C(=O)O
TYMS,6ojv,2XB,601,1,B,2285,OE2,116.251,22.927,259.744,34.287,26.0,O,c1cc(ccc1Cc2c[nH]c3c2c(nc(n3)N)O)C(=O)N[C@@H](CCC(=O)O)C(=O)O
TYMS,6ojv,2XB,601,1,B,2286,CT3,117.556,21.819,261.427,21.737,23.0,C,c1cc(ccc1Cc2c[nH]c3c2c(nc(n3)N)O)C(=O)N[C@@H](CCC(=O)O)C(=O)O
TYMS,6ojv,2XB,601,1,B,2287,CT2,118.364,22.768,262.342,1.208,22.0,C,c1cc(ccc1Cc2c[nH]c3c2c(nc(n3)N)O)C(=O)N[C@@H](CCC(=O)O)C(=O)O
TYMS,6ojv,2XB,601,1,B,2289,CT5,117.228,24.316,264.127,1.208,27.0,C,c1cc(ccc1Cc2c[nH]c3c2c(nc(n3)N)O)C(=O)N[C@@H](CCC(=O)O)C(=O)O
TYMS,6ojv,2XB,601,1,B,2290,OT1,115.886,24.315,264.386,15.0,28.0,O,c1cc(ccc1Cc2c[nH]c3c2c(nc(n3)N)O)C(=O)N[C@@H](CCC(=O)O)C(=O)O
TYMS,6ojv,2XB,601,1,B,2291,OXT,118.048,24.469,265.031,4.286,29.0,O,c1cc(ccc1Cc2c[nH]c3c2c(nc(n3)N)O)C(=O)N[C@@H](CCC(=O)O)C(=O)O
TYMS,6ojv,2XB,601,1,B,2294,OAD,117.564,25.601,260.155,6.429,19.0,O,c1cc(ccc1Cc2c[nH]c3c2c(nc(n3)N)O)C(=O)N[C@@H](CCC(=O)O)C(=O)O
TYMS,6ojv,2XB,601,1,B,2299,CAI,121.055,28.569,261.655,1.208,4.0,C,c1cc(ccc1Cc2c[nH]c3c2c(nc(n3)N)O)C(=O)N[C@@H](CCC(=O)O)C(=O)O
TYMS,6ojv,2XB,601,1,B,2301,CAO,121.928,30.477,260.2,7.246,6.0,C,c1cc(ccc1Cc2c[nH]c3c2c(nc(n3)N)O)C(=O)N[C@@H](CCC(=O)O)C(=O)O
TYMS,6ojv,2XB,601,1,B,2302,CAZ,121.216,31.465,259.311,2.415,7.0,C,c1cc(ccc1Cc2c[nH]c3c2c(nc(n3)N)O)C(=O)N[C@@H](CCC(=O)O)C(=O)O
TYMS,6ojv,2XB,601,1,B,2303,CBC,120.029,32.219,259.607,2.415,11.0,C,c1cc(ccc1Cc2c[nH]c3c2c(nc(n3)N)O)C(=O)N[C@@H](CCC(=O)O)C(=O)O
TYMS,6ojv,2XB,601,1,B,2304,CBA,119.118,32.346,260.768,3.623,12.0,C,c1cc(ccc1Cc2c[nH]c3c2c(nc(n3)N)O)C(=O)N[C@@H](CCC(=O)O)C(=O)O
TYMS,6ojv,2XB,601,1,B,2306,NAS,118.092,33.204,260.603,1.094,13.0,N,c1cc(ccc1Cc2c[nH]c3c2c(nc(n3)N)O)C(=O)N[C@@H](CCC(=O)O)C(=O)O
TYMS,6ojv,2XB,601,1,B,2307,CAW,117.895,33.93,259.418,4.831,14.0,C,c1cc(ccc1Cc2c[nH]c3c2c(nc(n3)N)O)C(=O)N[C@@H](CCC(=O)O)C(=O)O
TYMS,6ojv,2XB,601,1,B,2308,NAA,116.783,34.739,259.501,2.187,16.0,N,c1cc(ccc1Cc2c[nH]c3c2c(nc(n3)N)O)C(=O)N[C@@H](CCC(=O)O)C(=O)O
TYMS,6ojv,2XB,601,1,B,2309,NAP,118.669,33.856,258.369,2.187,15.0,N,c1cc(ccc1Cc2c[nH]c3c2c(nc(n3)N)O)C(=O)N[C@@H](CCC(=O)O)C(=O)O
TYMS,6ojv,2XB,601,1,B,2312,CAL,121.583,31.801,258.031,1.208,8.0,C,c1cc(ccc1Cc2c[nH]c3c2c(nc(n3)N)O)C(=O)N[C@@H](CCC(=O)O)C(=O)O
TYMS,6pf3,OE7,601,1,A,2220,N1,-3.401,10.251,22.517,3.281,16.0,N,c1cc(ccc1Cc2c[nH]c3c2C(=O)NC(=N3)N)C(=O)Nc4cc(ccc4C(=O)O)Cl
TYMS,6pf3,OE7,601,1,A,2221,C1,-3.027,9.319,23.473,2.415,10.0,C,c1cc(ccc1Cc2c[nH]c3c2C(=O)NC(=N3)N)C(=O)Nc4cc(ccc4C(=O)O)Cl
TYMS,6pf3,OE7,601,1,A,2222,O1,-6.158,8.392,24.904,2.143,13.0,O,c1cc(ccc1Cc2c[nH]c3c2C(=O)NC(=N3)N)C(=O)Nc4cc(ccc4C(=O)O)Cl
TYMS,6pf3,OE7,601,1,A,2224,C2,-3.867,8.644,24.319,3.623,11.0,C,c1cc(ccc1Cc2c[nH]c3c2C(=O)NC(=N3)N)C(=O)Nc4cc(ccc4C(=O)O)Cl
TYMS,6pf3,OE7,601,1,A,2225,O2,-7.507,1.778,25.095,6.429,19.0,O,c1cc(ccc1Cc2c[nH]c3c2C(=O)NC(=N3)N)C(=O)Nc4cc(ccc4C(=O)O)Cl
TYMS,6pf3,OE7,601,1,A,2227,C3,-5.313,8.936,24.2,3.623,12.0,C,c1cc(ccc1Cc2c[nH]c3c2C(=O)NC(=N3)N)C(=O)Nc4cc(ccc4C(=O)O)Cl
TYMS,6pf3,OE7,601,1,A,2228,O3,-4.456,1.85,21.131,15.0,28.0,O,c1cc(ccc1Cc2c[nH]c3c2C(=O)NC(=N3)N)C(=O)Nc4cc(ccc4C(=O)O)Cl
TYMS,6pf3,OE7,601,1,A,2230,C4,-4.684,10.475,22.453,4.831,15.0,C,c1cc(ccc1Cc2c[nH]c3c2C(=O)NC(=N3)N)C(=O)Nc4cc(ccc4C(=O)O)Cl
TYMS,6pf3,OE7,601,1,A,2231,O4,-3.568,-0.204,20.692,20.358,29.0,O,c1cc(ccc1Cc2c[nH]c3c2C(=O)NC(=N3)N)C(=O)Nc4cc(ccc4C(=O)O)Cl
TYMS,6pf3,OE7,601,1,A,2232,C5,-3.065,7.778,25.135,2.415,7.0,C,c1cc(ccc1Cc2c[nH]c3c2C(=O)NC(=N3)N)C(=O)Nc4cc(ccc4C(=O)O)Cl
TYMS,6pf3,OE7,601,1,A,2234,C6,-1.759,7.976,24.75,3.623,8.0,C,c1cc(ccc1Cc2c[nH]c3c2C(=O)NC(=N3)N)C(=O)Nc4cc(ccc4C(=O)O)Cl
TYMS,6pf3,OE7,601,1,A,2240,C15,-6.601,0.448,22.58,1.208,21.0,C,c1cc(ccc1Cc2c[nH]c3c2C(=O)NC(=N3)N)C(=O)Nc4cc(ccc4C(=O)O)Cl
TYMS,6pf3,OE7,601,1,A,2241,C16,-7.84,-0.154,22.921,6.038,22.0,C,c1cc(ccc1Cc2c[nH]c3c2C(=O)NC(=N3)N)C(=O)Nc4cc(ccc4C(=O)O)Cl
TYMS,6pf3,OE7,601,1,A,2242,C17,-8.322,-1.27,22.22,2.415,23.0,C,c1cc(ccc1Cc2c[nH]c3c2C(=O)NC(=N3)N)C(=O)Nc4cc(ccc4C(=O)O)Cl
TYMS,6pf3,OE7,601,1,A,2243,C18,-7.576,-1.803,21.159,24.153,24.0,C,c1cc(ccc1Cc2c[nH]c3c2C(=O)NC(=N3)N)C(=O)Nc4cc(ccc4C(=O)O)Cl
TYMS,6pf3,OE7,601,1,A,2244,C19,-6.347,-1.22,20.802,20.53,25.0,C,c1cc(ccc1Cc2c[nH]c3c2C(=O)NC(=N3)N)C(=O)Nc4cc(ccc4C(=O)O)Cl
TYMS,6pf3,OE7,601,1,A,2245,C20,-5.842,-0.094,21.498,3.623,26.0,C,c1cc(ccc1Cc2c[nH]c3c2C(=O)NC(=N3)N)C(=O)Nc4cc(ccc4C(=O)O)Cl
TYMS,6pf3,OE7,601,1,A,2246,C21,-4.516,0.488,21.066,1.208,27.0,C,c1cc(ccc1Cc2c[nH]c3c2C(=O)NC(=N3)N)C(=O)Nc4cc(ccc4C(=O)O)Cl
TYMS,6pf3,OE7,601,1,A,2247,C7,-3.535,6.844,26.222,15.699,6.0,C,c1cc(ccc1Cc2c[nH]c3c2C(=O)NC(=N3)N)C(=O)Nc4cc(ccc4C(=O)O)Cl
TYMS,6pf3,OE7,601,1,A,2249,C9,-5.281,5.062,26.564,2.415,4.0,C,c1cc(ccc1Cc2c[nH]c3c2C(=O)NC(=N3)N)C(=O)Nc4cc(ccc4C(=O)O)Cl
TYMS,6pf3,OE7,601,1,A,2250,CL1,-9.83,-1.979,22.662,24.938,30.0,Cl,c1cc(ccc1Cc2c[nH]c3c2C(=O)NC(=N3)N)C(=O)Nc4cc(ccc4C(=O)O)Cl
TYMS,6pf3,OE7,601,1,B,2229,N1,36.776,14.759,18.228,5.468,16.0,N,c1cc(ccc1Cc2c[nH]c3c2C(=O)NC(=N3)N)C(=O)Nc4cc(ccc4C(=O)O)Cl
TYMS,6pf3,OE7,601,1,B,2230,C1,35.833,15.136,17.283,4.831,10.0,C,c1cc(ccc1Cc2c[nH]c3c2C(=O)NC(=N3)N)C(=O)Nc4cc(ccc4C(=O)O)Cl
TYMS,6pf3,OE7,601,1,B,2231,O1,34.76,12.001,15.971,1.071,13.0,O,c1cc(ccc1Cc2c[nH]c3c2C(=O)NC(=N3)N)C(=O)Nc4cc(ccc4C(=O)O)Cl
TYMS,6pf3,OE7,601,1,B,2233,C2,35.109,14.296,16.478,3.623,11.0,C,c1cc(ccc1Cc2c[nH]c3c2C(=O)NC(=N3)N)C(=O)Nc4cc(ccc4C(=O)O)Cl
TYMS,6pf3,OE7,601,1,B,2234,O2,28.127,10.796,15.84,7.5,19.0,O,c1cc(ccc1Cc2c[nH]c3c2C(=O)NC(=N3)N)C(=O)Nc4cc(ccc4C(=O)O)Cl
TYMS,6pf3,OE7,601,1,B,2236,C3,35.352,12.845,16.636,3.623,12.0,C,c1cc(ccc1Cc2c[nH]c3c2C(=O)NC(=N3)N)C(=O)Nc4cc(ccc4C(=O)O)Cl
TYMS,6pf3,OE7,601,1,B,2237,O3,27.274,13.708,21.566,42.858,28.0,O,c1cc(ccc1Cc2c[nH]c3c2C(=O)NC(=N3)N)C(=O)Nc4cc(ccc4C(=O)O)Cl
TYMS,6pf3,OE7,601,1,B,2238,N4,37.85,12.882,19.199,2.187,17.0,N,c1cc(ccc1Cc2c[nH]c3c2C(=O)NC(=N3)N)C(=O)Nc4cc(ccc4C(=O)O)Cl
TYMS,6pf3,OE7,601,1,B,2239,C4,36.958,13.472,18.327,4.831,15.0,C,c1cc(ccc1Cc2c[nH]c3c2C(=O)NC(=N3)N)C(=O)Nc4cc(ccc4C(=O)O)Cl
TYMS,6pf3,OE7,601,1,B,2240,O4,28.102,14.208,19.503,5.357,29.0,O,c1cc(ccc1Cc2c[nH]c3c2C(=O)NC(=N3)N)C(=O)Nc4cc(ccc4C(=O)O)Cl
TYMS,6pf3,OE7,601,1,B,2241,C5,34.244,15.106,15.669,2.415,7.0,C,c1cc(ccc1Cc2c[nH]c3c2C(=O)NC(=N3)N)C(=O)Nc4cc(ccc4C(=O)O)Cl
TYMS,6pf3,OE7,601,1,B,2243,C6,34.502,16.414,16.006,3.623,8.0,C,c1cc(ccc1Cc2c[nH]c3c2C(=O)NC(=N3)N)C(=O)Nc4cc(ccc4C(=O)O)Cl
TYMS,6pf3,OE7,601,1,B,2249,C15,27.053,11.587,18.52,1.208,21.0,C,c1cc(ccc1Cc2c[nH]c3c2C(=O)NC(=N3)N)C(=O)Nc4cc(ccc4C(=O)O)Cl
TYMS,6pf3,OE7,601,1,B,2250,C16,26.313,10.448,18.115,7.246,22.0,C,c1cc(ccc1Cc2c[nH]c3c2C(=O)NC(=N3)N)C(=O)Nc4cc(ccc4C(=O)O)Cl
TYMS,6pf3,OE7,601,1,B,2251,C17,25.234,9.973,18.875,1.208,23.0,C,c1cc(ccc1Cc2c[nH]c3c2C(=O)NC(=N3)N)C(=O)Nc4cc(ccc4C(=O)O)Cl
TYMS,6pf3,OE7,601,1,B,2252,C18,24.876,10.631,20.061,25.36,24.0,C,c1cc(ccc1Cc2c[nH]c3c2C(=O)NC(=N3)N)C(=O)Nc4cc(ccc4C(=O)O)Cl
TYMS,6pf3,OE7,601,1,B,2253,C19,25.597,11.765,20.481,20.53,25.0,C,c1cc(ccc1Cc2c[nH]c3c2C(=O)NC(=N3)N)C(=O)Nc4cc(ccc4C(=O)O)Cl
TYMS,6pf3,OE7,601,1,B,2254,C20,26.686,12.263,19.724,3.623,26.0,C,c1cc(ccc1Cc2c[nH]c3c2C(=O)NC(=N3)N)C(=O)Nc4cc(ccc4C(=O)O)Cl
TYMS,6pf3,OE7,601,1,B,2255,C21,27.423,13.482,20.229,7.246,27.0,C,c1cc(ccc1Cc2c[nH]c3c2C(=O)NC(=N3)N)C(=O)Nc4cc(ccc4C(=O)O)Cl
TYMS,6pf3,OE7,601,1,B,2256,C7,33.269,14.65,14.611,15.699,6.0,C,c1cc(ccc1Cc2c[nH]c3c2C(=O)NC(=N3)N)C(=O)Nc4cc(ccc4C(=O)O)Cl
TYMS,6pf3,OE7,601,1,B,2259,CL1,24.365,8.581,18.342,26.185,30.0,Cl,c1cc(ccc1Cc2c[nH]c3c2C(=O)NC(=N3)N)C(=O)Nc4cc(ccc4C(=O)O)Cl
TYMS,6pf3,OE7,601,1,C,2236,N1,-3.589,26.035,59.332,2.187,16.0,N,c1cc(ccc1Cc2c[nH]c3c2C(=O)NC(=N3)N)C(=O)Nc4cc(ccc4C(=O)O)Cl
TYMS,6pf3,OE7,601,1,C,2237,C1,-3.148,26.951,58.39,1.208,10.0,C,c1cc(ccc1Cc2c[nH]c3c2C(=O)NC(=N3)N)C(=O)Nc4cc(ccc4C(=O)O)Cl
TYMS,6pf3,OE7,601,1,C,2238,O1,-6.169,27.858,56.734,3.214,13.0,O,c1cc(ccc1Cc2c[nH]c3c2C(=O)NC(=N3)N)C(=O)Nc4cc(ccc4C(=O)O)Cl
TYMS,6pf3,OE7,601,1,C,2240,C2,-3.927,27.613,57.478,3.623,11.0,C,c1cc(ccc1Cc2c[nH]c3c2C(=O)NC(=N3)N)C(=O)Nc4cc(ccc4C(=O)O)Cl
TYMS,6pf3,OE7,601,1,C,2241,O2,-7.367,34.556,56.614,5.357,19.0,O,c1cc(ccc1Cc2c[nH]c3c2C(=O)NC(=N3)N)C(=O)Nc4cc(ccc4C(=O)O)Cl
TYMS,6pf3,OE7,601,1,C,2242,N3,-1.847,27.35,58.21,2.187,9.0,N,c1cc(ccc1Cc2c[nH]c3c2C(=O)NC(=N3)N)C(=O)Nc4cc(ccc4C(=O)O)Cl
TYMS,6pf3,OE7,601,1,C,2243,C3,-5.377,27.325,57.503,2.415,12.0,C,c1cc(ccc1Cc2c[nH]c3c2C(=O)NC(=N3)N)C(=O)Nc4cc(ccc4C(=O)O)Cl
TYMS,6pf3,OE7,601,1,C,2244,O3,-4.995,34.073,61.783,21.429,28.0,O,c1cc(ccc1Cc2c[nH]c3c2C(=O)NC(=N3)N)C(=O)Nc4cc(ccc4C(=O)O)Cl
TYMS,6pf3,OE7,601,1,C,2246,C4,-4.874,25.814,59.312,6.038,15.0,C,c1cc(ccc1Cc2c[nH]c3c2C(=O)NC(=N3)N)C(=O)Nc4cc(ccc4C(=O)O)Cl
TYMS,6pf3,OE7,601,1,C,2247,O4,-3.529,35.455,60.72,11.786,29.0,O,c1cc(ccc1Cc2c[nH]c3c2C(=O)NC(=N3)N)C(=O)Nc4cc(ccc4C(=O)O)Cl
TYMS,6pf3,OE7,601,1,C,2248,C5,-3.069,28.463,56.705,3.623,7.0,C,c1cc(ccc1Cc2c[nH]c3c2C(=O)NC(=N3)N)C(=O)Nc4cc(ccc4C(=O)O)Cl
TYMS,6pf3,OE7,601,1,C,2250,C6,-1.793,28.271,57.183,1.208,8.0,C,c1cc(ccc1Cc2c[nH]c3c2C(=O)NC(=N3)N)C(=O)Nc4cc(ccc4C(=O)O)Cl
TYMS,6pf3,OE7,601,1,C,2257,C16,-7.698,36.362,58.916,4.831,22.0,C,c1cc(ccc1Cc2c[nH]c3c2C(=O)NC(=N3)N)C(=O)Nc4cc(ccc4C(=O)O)Cl
TYMS,6pf3,OE7,601,1,C,2258,C17,-8.149,37.439,59.694,2.415,23.0,C,c1cc(ccc1Cc2c[nH]c3c2C(=O)NC(=N3)N)C(=O)Nc4cc(ccc4C(=O)O)Cl
TYMS,6pf3,OE7,601,1,C,2259,C18,-7.482,37.766,60.885,26.568,24.0,C,c1cc(ccc1Cc2c[nH]c3c2C(=O)NC(=N3)N)C(=O)Nc4cc(ccc4C(=O)O)Cl
TYMS,6pf3,OE7,601,1,C,2260,C19,-6.364,37.018,61.296,26.568,25.0,C,c1cc(ccc1Cc2c[nH]c3c2C(=O)NC(=N3)N)C(=O)Nc4cc(ccc4C(=O)O)Cl
TYMS,6pf3,OE7,601,1,C,2261,C20,-5.89,35.929,60.522,1.208,26.0,C,c1cc(ccc1Cc2c[nH]c3c2C(=O)NC(=N3)N)C(=O)Nc4cc(ccc4C(=O)O)Cl
TYMS,6pf3,OE7,601,1,C,2262,C21,-4.688,35.15,61.005,1.208,27.0,C,c1cc(ccc1Cc2c[nH]c3c2C(=O)NC(=N3)N)C(=O)Nc4cc(ccc4C(=O)O)Cl
TYMS,6pf3,OE7,601,1,C,2263,C7,-3.455,29.385,55.574,21.737,6.0,C,c1cc(ccc1Cc2c[nH]c3c2C(=O)NC(=N3)N)C(=O)Nc4cc(ccc4C(=O)O)Cl
TYMS,6pf3,OE7,601,1,C,2265,C9,-5.149,31.213,55.141,2.415,4.0,C,c1cc(ccc1Cc2c[nH]c3c2C(=O)NC(=N3)N)C(=O)Nc4cc(ccc4C(=O)O)Cl
TYMS,6pf3,OE7,601,1,C,2266,CL1,-9.521,38.348,59.18,24.938,30.0,Cl,c1cc(ccc1Cc2c[nH]c3c2C(=O)NC(=N3)N)C(=O)Nc4cc(ccc4C(=O)O)Cl
TYMS,6pf3,OE7,601,1,D,2233,N1,36.564,21.705,63.338,3.281,16.0,N,c1cc(ccc1Cc2c[nH]c3c2C(=O)NC(=N3)N)C(=O)Nc4cc(ccc4C(=O)O)Cl
TYMS,6pf3,OE7,601,1,D,2234,C1,35.636,21.309,64.288,2.415,10.0,C,c1cc(ccc1Cc2c[nH]c3c2C(=O)NC(=N3)N)C(=O)Nc4cc(ccc4C(=O)O)Cl
TYMS,6pf3,OE7,601,1,D,2235,O1,34.814,24.391,65.88,2.143,13.0,O,c1cc(ccc1Cc2c[nH]c3c2C(=O)NC(=N3)N)C(=O)Nc4cc(ccc4C(=O)O)Cl
TYMS,6pf3,OE7,601,1,D,2236,N2,36.231,23.918,64.197,1.094,14.0,N,c1cc(ccc1Cc2c[nH]c3c2C(=O)NC(=N3)N)C(=O)Nc4cc(ccc4C(=O)O)Cl
TYMS,6pf3,OE7,601,1,D,2237,C2,34.995,22.127,65.18,1.208,11.0,C,c1cc(ccc1Cc2c[nH]c3c2C(=O)NC(=N3)N)C(=O)Nc4cc(ccc4C(=O)O)Cl
TYMS,6pf3,OE7,601,1,D,2238,O2,28.212,25.836,66.053,7.5,19.0,O,c1cc(ccc1Cc2c[nH]c3c2C(=O)NC(=N3)N)C(=O)Nc4cc(ccc4C(=O)O)Cl
TYMS,6pf3,OE7,601,1,D,2240,C3,35.326,23.568,65.128,4.831,12.0,C,c1cc(ccc1Cc2c[nH]c3c2C(=O)NC(=N3)N)C(=O)Nc4cc(ccc4C(=O)O)Cl
TYMS,6pf3,OE7,601,1,D,2241,O3,27.865,22.816,61.469,32.144,28.0,O,c1cc(ccc1Cc2c[nH]c3c2C(=O)NC(=N3)N)C(=O)Nc4cc(ccc4C(=O)O)Cl
TYMS,6pf3,OE7,601,1,D,2242,N4,37.715,23.587,62.467,2.187,17.0,N,c1cc(ccc1Cc2c[nH]c3c2C(=O)NC(=N3)N)C(=O)Nc4cc(ccc4C(=O)O)Cl
TYMS,6pf3,OE7,601,1,D,2243,C4,36.823,22.983,63.33,4.831,15.0,C,c1cc(ccc1Cc2c[nH]c3c2C(=O)NC(=N3)N)C(=O)Nc4cc(ccc4C(=O)O)Cl
TYMS,6pf3,OE7,601,1,D,2244,O4,26.0,21.824,62.33,12.858,29.0,O,c1cc(ccc1Cc2c[nH]c3c2C(=O)NC(=N3)N)C(=O)Nc4cc(ccc4C(=O)O)Cl
TYMS,6pf3,OE7,601,1,D,2245,C5,34.125,21.31,65.975,1.208,7.0,C,c1cc(ccc1Cc2c[nH]c3c2C(=O)NC(=N3)N)C(=O)Nc4cc(ccc4C(=O)O)Cl
TYMS,6pf3,OE7,601,1,D,2247,C6,34.276,20.019,65.523,2.415,8.0,C,c1cc(ccc1Cc2c[nH]c3c2C(=O)NC(=N3)N)C(=O)Nc4cc(ccc4C(=O)O)Cl
TYMS,6pf3,OE7,601,1,D,2253,C15,26.782,24.96,63.586,1.208,21.0,C,c1cc(ccc1Cc2c[nH]c3c2C(=O)NC(=N3)N)C(=O)Nc4cc(ccc4C(=O)O)Cl
TYMS,6pf3,OE7,601,1,D,2254,C16,26.269,26.248,63.891,4.831,22.0,C,c1cc(ccc1Cc2c[nH]c3c2C(=O)NC(=N3)N)C(=O)Nc4cc(ccc4C(=O)O)Cl
TYMS,6pf3,OE7,601,1,D,2255,C17,25.163,26.772,63.205,2.415,23.0,C,c1cc(ccc1Cc2c[nH]c3c2C(=O)NC(=N3)N)C(=O)Nc4cc(ccc4C(=O)O)Cl
TYMS,6pf3,OE7,601,1,D,2256,C18,24.562,26.026,62.182,24.153,24.0,C,c1cc(ccc1Cc2c[nH]c3c2C(=O)NC(=N3)N)C(=O)Nc4cc(ccc4C(=O)O)Cl
TYMS,6pf3,OE7,601,1,D,2257,C19,25.068,24.757,61.848,26.568,25.0,C,c1cc(ccc1Cc2c[nH]c3c2C(=O)NC(=N3)N)C(=O)Nc4cc(ccc4C(=O)O)Cl
TYMS,6pf3,OE7,601,1,D,2259,C21,26.674,22.837,62.137,3.623,27.0,C,c1cc(ccc1Cc2c[nH]c3c2C(=O)NC(=N3)N)C(=O)Nc4cc(ccc4C(=O)O)Cl
TYMS,6pf3,OE7,601,1,D,2260,C7,33.216,21.765,67.089,14.492,6.0,C,c1cc(ccc1Cc2c[nH]c3c2C(=O)NC(=N3)N)C(=O)Nc4cc(ccc4C(=O)O)Cl
TYMS,6pf3,OE7,601,1,D,2262,C9,31.464,23.54,67.464,1.208,4.0,C,c1cc(ccc1Cc2c[nH]c3c2C(=O)NC(=N3)N)C(=O)Nc4cc(ccc4C(=O)O)Cl
TYMS,6pf3,OE7,601,1,D,2263,CL1,24.543,28.329,63.612,24.938,30.0,Cl,c1cc(ccc1Cc2c[nH]c3c2C(=O)NC(=N3)N)C(=O)Nc4cc(ccc4C(=O)O)Cl
TYMS,6pf6,OEJ,601,1,B,2246,C5,43.781,19.715,15.037,2.415,7.0,C,c1cc(ccc1Cc2c[nH]c3c2C(=O)NC(=N3)N)C(=O)Nc4cc(ccc4C(=O)O)C(=O)O
TYMS,6pf6,OEJ,601,1,B,2247,C4,40.282,21.145,13.36,4.831,15.0,C,c1cc(ccc1Cc2c[nH]c3c2C(=O)NC(=N3)N)C(=O)Nc4cc(ccc4C(=O)O)C(=O)O
TYMS,6pf6,OEJ,601,1,B,2248,C3,42.37,20.082,12.776,3.623,12.0,C,c1cc(ccc1Cc2c[nH]c3c2C(=O)NC(=N3)N)C(=O)Nc4cc(ccc4C(=O)O)C(=O)O
TYMS,6pf6,OEJ,601,1,B,2249,C2,42.678,20.127,14.22,2.415,11.0,C,c1cc(ccc1Cc2c[nH]c3c2C(=O)NC(=N3)N)C(=O)Nc4cc(ccc4C(=O)O)C(=O)O
TYMS,6pf6,OEJ,601,1,B,2250,C7,45.057,19.048,14.585,8.453,6.0,C,c1cc(ccc1Cc2c[nH]c3c2C(=O)NC(=N3)N)C(=O)Nc4cc(ccc4C(=O)O)C(=O)O
TYMS,6pf6,OEJ,601,1,B,2254,C15,50.022,24.932,12.48,2.415,21.0,C,c1cc(ccc1Cc2c[nH]c3c2C(=O)NC(=N3)N)C(=O)Nc4cc(ccc4C(=O)O)C(=O)O
TYMS,6pf6,OEJ,601,1,B,2255,C16,50.851,24.943,11.33,4.831,22.0,C,c1cc(ccc1Cc2c[nH]c3c2C(=O)NC(=N3)N)C(=O)Nc4cc(ccc4C(=O)O)C(=O)O
TYMS,6pf6,OEJ,601,1,B,2256,C17,51.726,26.015,11.061,2.415,23.0,C,c1cc(ccc1Cc2c[nH]c3c2C(=O)NC(=N3)N)C(=O)Nc4cc(ccc4C(=O)O)C(=O)O
TYMS,6pf6,OEJ,601,1,B,2257,C18,51.777,27.093,11.964,21.737,24.0,C,c1cc(ccc1Cc2c[nH]c3c2C(=O)NC(=N3)N)C(=O)Nc4cc(ccc4C(=O)O)C(=O)O
TYMS,6pf6,OEJ,601,1,B,2258,C19,50.968,27.097,13.113,21.737,25.0,C,c1cc(ccc1Cc2c[nH]c3c2C(=O)NC(=N3)N)C(=O)Nc4cc(ccc4C(=O)O)C(=O)O
TYMS,6pf6,OEJ,601,1,B,2259,C20,50.086,26.028,13.392,2.415,26.0,C,c1cc(ccc1Cc2c[nH]c3c2C(=O)NC(=N3)N)C(=O)Nc4cc(ccc4C(=O)O)C(=O)O
TYMS,6pf6,OEJ,601,1,B,2260,C21,49.246,26.095,14.648,4.831,27.0,C,c1cc(ccc1Cc2c[nH]c3c2C(=O)NC(=N3)N)C(=O)Nc4cc(ccc4C(=O)O)C(=O)O
TYMS,6pf6,OEJ,601,1,B,2261,C22,52.602,26.028,9.84,2.415,30.0,C,c1cc(ccc1Cc2c[nH]c3c2C(=O)NC(=N3)N)C(=O)Nc4cc(ccc4C(=O)O)C(=O)O
TYMS,6pf6,OEJ,601,1,B,2264,N1,40.511,21.204,14.645,2.187,16.0,N,c1cc(ccc1Cc2c[nH]c3c2C(=O)NC(=N3)N)C(=O)Nc4cc(ccc4C(=O)O)C(=O)O
TYMS,6pf6,OEJ,601,1,B,2265,N2,41.176,20.6,12.423,2.187,14.0,N,c1cc(ccc1Cc2c[nH]c3c2C(=O)NC(=N3)N)C(=O)Nc4cc(ccc4C(=O)O)C(=O)O
TYMS,6pf6,OEJ,601,1,B,2269,O1,43.146,19.608,11.949,2.143,13.0,O,c1cc(ccc1Cc2c[nH]c3c2C(=O)NC(=N3)N)C(=O)Nc4cc(ccc4C(=O)O)C(=O)O
TYMS,6pf6,OEJ,601,1,B,2270,O2,49.628,22.235,11.195,7.5,19.0,O,c1cc(ccc1Cc2c[nH]c3c2C(=O)NC(=N3)N)C(=O)Nc4cc(ccc4C(=O)O)C(=O)O
TYMS,6pf6,OEJ,601,1,B,2271,O3,49.824,26.792,15.67,13.929,28.0,O,c1cc(ccc1Cc2c[nH]c3c2C(=O)NC(=N3)N)C(=O)Nc4cc(ccc4C(=O)O)C(=O)O
TYMS,6pf6,OEJ,601,1,B,2272,O4,48.14,25.565,14.75,13.929,29.0,O,c1cc(ccc1Cc2c[nH]c3c2C(=O)NC(=N3)N)C(=O)Nc4cc(ccc4C(=O)O)C(=O)O
TYMS,6pf6,OEJ,601,1,B,2273,O5,53.463,26.891,9.678,34.287,31.0,O,c1cc(ccc1Cc2c[nH]c3c2C(=O)NC(=N3)N)C(=O)Nc4cc(ccc4C(=O)O)C(=O)O
TYMS,6pf6,OEJ,601,1,B,2274,O6,52.374,25.02,8.947,9.643,32.0,O,c1cc(ccc1Cc2c[nH]c3c2C(=O)NC(=N3)N)C(=O)Nc4cc(ccc4C(=O)O)C(=O)O
TYMS,6pf6,OEJ,601,1,C,2243,C13,60.662,31.805,44.668,1.208,0.0,C,c1cc(ccc1Cc2c[nH]c3c2C(=O)NC(=N3)N)C(=O)Nc4cc(ccc4C(=O)O)C(=O)O
TYMS,6pf6,OEJ,601,1,C,2244,C1,60.077,37.345,43.22,2.415,10.0,C,c1cc(ccc1Cc2c[nH]c3c2C(=O)NC(=N3)N)C(=O)Nc4cc(ccc4C(=O)O)C(=O)O
TYMS,6pf6,OEJ,601,1,C,2246,C5,60.747,35.2,42.966,2.415,7.0,C,c1cc(ccc1Cc2c[nH]c3c2C(=O)NC(=N3)N)C(=O)Nc4cc(ccc4C(=O)O)C(=O)O
TYMS,6pf6,OEJ,601,1,C,2247,C4,59.893,38.654,45.057,6.038,15.0,C,c1cc(ccc1Cc2c[nH]c3c2C(=O)NC(=N3)N)C(=O)Nc4cc(ccc4C(=O)O)C(=O)O
TYMS,6pf6,OEJ,601,1,C,2248,C3,60.681,36.393,45.373,4.831,12.0,C,c1cc(ccc1Cc2c[nH]c3c2C(=O)NC(=N3)N)C(=O)Nc4cc(ccc4C(=O)O)C(=O)O
TYMS,6pf6,OEJ,601,1,C,2249,C2,60.53,36.252,43.91,3.623,11.0,C,c1cc(ccc1Cc2c[nH]c3c2C(=O)NC(=N3)N)C(=O)Nc4cc(ccc4C(=O)O)C(=O)O
TYMS,6pf6,OEJ,601,1,C,2250,C7,61.251,33.809,43.255,10.869,6.0,C,c1cc(ccc1Cc2c[nH]c3c2C(=O)NC(=N3)N)C(=O)Nc4cc(ccc4C(=O)O)C(=O)O
TYMS,6pf6,OEJ,601,1,C,2254,C15,54.984,29.549,45.746,2.415,21.0,C,c1cc(ccc1Cc2c[nH]c3c2C(=O)NC(=N3)N)C(=O)Nc4cc(ccc4C(=O)O)C(=O)O
TYMS,6pf6,OEJ,601,1,C,2255,C16,54.944,28.879,46.993,2.415,22.0,C,c1cc(ccc1Cc2c[nH]c3c2C(=O)NC(=N3)N)C(=O)Nc4cc(ccc4C(=O)O)C(=O)O
TYMS,6pf6,OEJ,601,1,C,2256,C17,53.831,28.111,47.383,1.208,23.0,C,c1cc(ccc1Cc2c[nH]c3c2C(=O)NC(=N3)N)C(=O)Nc4cc(ccc4C(=O)O)C(=O)O
TYMS,6pf6,OEJ,601,1,C,2257,C18,52.735,28.009,46.506,20.53,24.0,C,c1cc(ccc1Cc2c[nH]c3c2C(=O)NC(=N3)N)C(=O)Nc4cc(ccc4C(=O)O)C(=O)O
TYMS,6pf6,OEJ,601,1,C,2258,C19,52.758,28.663,45.261,20.53,25.0,C,c1cc(ccc1Cc2c[nH]c3c2C(=O)NC(=N3)N)C(=O)Nc4cc(ccc4C(=O)O)C(=O)O
TYMS,6pf6,OEJ,601,1,C,2259,C20,53.872,29.436,44.856,3.623,26.0,C,c1cc(ccc1Cc2c[nH]c3c2C(=O)NC(=N3)N)C(=O)Nc4cc(ccc4C(=O)O)C(=O)O
TYMS,6pf6,OEJ,601,1,C,2260,C21,53.823,30.111,43.5,3.623,27.0,C,c1cc(ccc1Cc2c[nH]c3c2C(=O)NC(=N3)N)C(=O)Nc4cc(ccc4C(=O)O)C(=O)O
TYMS,6pf6,OEJ,601,1,C,2261,C22,53.806,27.411,48.71,4.831,30.0,C,c1cc(ccc1Cc2c[nH]c3c2C(=O)NC(=N3)N)C(=O)Nc4cc(ccc4C(=O)O)C(=O)O
TYMS,6pf6,OEJ,601,1,C,2264,N1,59.744,38.576,43.763,2.187,16.0,N,c1cc(ccc1Cc2c[nH]c3c2C(=O)NC(=N3)N)C(=O)Nc4cc(ccc4C(=O)O)C(=O)O
TYMS,6pf6,OEJ,601,1,C,2266,N3,60.007,37.012,41.889,1.094,9.0,N,c1cc(ccc1Cc2c[nH]c3c2C(=O)NC(=N3)N)C(=O)Nc4cc(ccc4C(=O)O)C(=O)O
TYMS,6pf6,OEJ,601,1,C,2267,N4,59.619,39.784,45.799,1.094,17.0,N,c1cc(ccc1Cc2c[nH]c3c2C(=O)NC(=N3)N)C(=O)Nc4cc(ccc4C(=O)O)C(=O)O
TYMS,6pf6,OEJ,601,1,C,2269,O1,61.081,35.48,46.092,3.214,13.0,O,c1cc(ccc1Cc2c[nH]c3c2C(=O)NC(=N3)N)C(=O)Nc4cc(ccc4C(=O)O)C(=O)O
TYMS,6pf6,OEJ,601,1,C,2270,O2,57.78,29.552,46.763,4.286,19.0,O,c1cc(ccc1Cc2c[nH]c3c2C(=O)NC(=N3)N)C(=O)Nc4cc(ccc4C(=O)O)C(=O)O
TYMS,6pf6,OEJ,601,1,C,2271,O3,54.033,31.459,43.53,22.501,28.0,O,c1cc(ccc1Cc2c[nH]c3c2C(=O)NC(=N3)N)C(=O)Nc4cc(ccc4C(=O)O)C(=O)O
TYMS,6pf6,OEJ,601,1,C,2272,O4,53.613,29.496,42.453,9.643,29.0,O,c1cc(ccc1Cc2c[nH]c3c2C(=O)NC(=N3)N)C(=O)Nc4cc(ccc4C(=O)O)C(=O)O
TYMS,6pf6,OEJ,601,1,C,2273,O5,54.338,27.888,49.715,13.929,31.0,O,c1cc(ccc1Cc2c[nH]c3c2C(=O)NC(=N3)N)C(=O)Nc4cc(ccc4C(=O)O)C(=O)O
TYMS,6pf6,OEJ,601,1,C,2274,O6,53.16,26.21,48.691,24.644,32.0,O,c1cc(ccc1Cc2c[nH]c3c2C(=O)NC(=N3)N)C(=O)Nc4cc(ccc4C(=O)O)C(=O)O
TYMS,6qyq,FFO,402,1,D,2309,N1,-9.6,42.247,82.403,5.468,32.0,N,c1cc(ccc1C(=O)NC(CCC(=O)O)C(=O)O)NCC2CNC3=C(N2C=O)C(=O)NC(=N3)N
TYMS,6qyq,FFO,402,1,D,2310,C2,-9.243,42.99,81.313,4.831,31.0,C,c1cc(ccc1C(=O)NC(CCC(=O)O)C(=O)O)NCC2CNC3=C(N2C=O)C(=O)NC(=N3)N
TYMS,6qyq,FFO,402,1,D,2311,NA2,-10.133,43.137,80.335,3.281,33.0,N,c1cc(ccc1C(=O)NC(CCC(=O)O)C(=O)O)NCC2CNC3=C(N2C=O)C(=O)NC(=N3)N
TYMS,6qyq,FFO,402,1,D,2312,N3,-8.045,43.56,81.208,1.094,30.0,N,c1cc(ccc1C(=O)NC(CCC(=O)O)C(=O)O)NCC2CNC3=C(N2C=O)C(=O)NC(=N3)N
TYMS,6qyq,FFO,402,1,D,2313,C4,-7.129,43.399,82.23,2.415,28.0,C,c1cc(ccc1C(=O)NC(CCC(=O)O)C(=O)O)NCC2CNC3=C(N2C=O)C(=O)NC(=N3)N
TYMS,6qyq,FFO,402,1,D,2314,O4,-6.024,43.954,82.097,3.214,29.0,O,c1cc(ccc1C(=O)NC(CCC(=O)O)C(=O)O)NCC2CNC3=C(N2C=O)C(=O)NC(=N3)N
TYMS,6qyq,FFO,402,1,D,2315,C4A,-7.449,42.643,83.374,1.208,24.0,C,c1cc(ccc1C(=O)NC(CCC(=O)O)C(=O)O)NCC2CNC3=C(N2C=O)C(=O)NC(=N3)N
TYMS,6qyq,FFO,402,1,D,2318,C7,-8.328,41.266,85.815,2.415,21.0,C,c1cc(ccc1C(=O)NC(CCC(=O)O)C(=O)O)NCC2CNC3=C(N2C=O)C(=O)NC(=N3)N
TYMS,6qyq,FFO,402,1,D,2320,C8A,-8.721,42.048,83.447,3.623,23.0,C,c1cc(ccc1C(=O)NC(CCC(=O)O)C(=O)O)NCC2CNC3=C(N2C=O)C(=O)NC(=N3)N
TYMS,6qyq,FFO,402,1,D,2330,O,-10.127,49.786,84.106,12.858,7.0,O,c1cc(ccc1C(=O)NC(CCC(=O)O)C(=O)O)NCC2CNC3=C(N2C=O)C(=O)NC(=N3)N
TYMS,6qyq,FFO,402,1,D,2334,CG,-9.791,53.839,86.099,20.53,11.0,C,c1cc(ccc1C(=O)NC(CCC(=O)O)C(=O)O)NCC2CNC3=C(N2C=O)C(=O)NC(=N3)N
TYMS,6qyq,FFO,402,1,D,2335,CD,-10.322,54.07,87.509,4.831,12.0,C,c1cc(ccc1C(=O)NC(CCC(=O)O)C(=O)O)NCC2CNC3=C(N2C=O)C(=O)NC(=N3)N
TYMS,6qyq,FFO,402,1,D,2336,OE1,-10.815,53.092,88.129,19.286,13.0,O,c1cc(ccc1C(=O)NC(CCC(=O)O)C(=O)O)NCC2CNC3=C(N2C=O)C(=O)NC(=N3)N
TYMS,6qyq,FFO,402,1,D,2337,OE2,-10.237,55.231,87.991,31.072,14.0,O,c1cc(ccc1C(=O)NC(CCC(=O)O)C(=O)O)NCC2CNC3=C(N2C=O)C(=O)NC(=N3)N
TYMS,6qyq,FFO,402,1,D,2338,CT,-7.76,53.032,83.688,2.415,15.0,C,c1cc(ccc1C(=O)NC(CCC(=O)O)C(=O)O)NCC2CNC3=C(N2C=O)C(=O)NC(=N3)N
TYMS,6qyq,FFO,402,1,D,2339,O1,-6.508,52.926,83.869,4.286,16.0,O,c1cc(ccc1C(=O)NC(CCC(=O)O)C(=O)O)NCC2CNC3=C(N2C=O)C(=O)NC(=N3)N
TYMS,6qyq,FFO,402,1,D,2340,O2,-8.324,53.793,82.871,15.0,17.0,O,c1cc(ccc1C(=O)NC(CCC(=O)O)C(=O)O)NCC2CNC3=C(N2C=O)C(=O)NC(=N3)N
TYMS,6qyq,FFO,402,1,D,2341,C5A,-5.187,42.346,84.271,18.114,26.0,C,c1cc(ccc1C(=O)NC(CCC(=O)O)C(=O)O)NCC2CNC3=C(N2C=O)C(=O)NC(=N3)N
TYMS,6qyq,FFO,402,1,D,2342,O5B,-4.339,42.618,85.122,3.214,27.0,O,c1cc(ccc1C(=O)NC(CCC(=O)O)C(=O)O)NCC2CNC3=C(N2C=O)C(=O)NC(=N3)N
TYMS,6qyq,FFO,402,1,B,2302,N1,-18.321,33.582,21.968,4.374,32.0,N,c1cc(ccc1C(=O)NC(CCC(=O)O)C(=O)O)NCC2CNC3=C(N2C=O)C(=O)NC(=N3)N
TYMS,6qyq,FFO,402,1,B,2303,C2,-19.041,33.124,23.036,3.623,31.0,C,c1cc(ccc1C(=O)NC(CCC(=O)O)C(=O)O)NCC2CNC3=C(N2C=O)C(=O)NC(=N3)N
TYMS,6qyq,FFO,402,1,B,2304,NA2,-19.232,33.931,24.074,2.187,33.0,N,c1cc(ccc1C(=O)NC(CCC(=O)O)C(=O)O)NCC2CNC3=C(N2C=O)C(=O)NC(=N3)N
TYMS,6qyq,FFO,402,1,B,2306,C4,-19.35,31.038,22.027,3.623,28.0,C,c1cc(ccc1C(=O)NC(CCC(=O)O)C(=O)O)NCC2CNC3=C(N2C=O)C(=O)NC(=N3)N
TYMS,6qyq,FFO,402,1,B,2307,O4,-19.857,29.906,22.136,2.143,29.0,O,c1cc(ccc1C(=O)NC(CCC(=O)O)C(=O)O)NCC2CNC3=C(N2C=O)C(=O)NC(=N3)N
TYMS,6qyq,FFO,402,1,B,2308,C4A,-18.621,31.452,20.886,2.415,24.0,C,c1cc(ccc1C(=O)NC(CCC(=O)O)C(=O)O)NCC2CNC3=C(N2C=O)C(=O)NC(=N3)N
TYMS,6qyq,FFO,402,1,B,2311,C7,-17.3,32.527,18.498,1.208,21.0,C,c1cc(ccc1C(=O)NC(CCC(=O)O)C(=O)O)NCC2CNC3=C(N2C=O)C(=O)NC(=N3)N
TYMS,6qyq,FFO,402,1,B,2313,C8A,-18.092,32.769,20.874,1.208,23.0,C,c1cc(ccc1C(=O)NC(CCC(=O)O)C(=O)O)NCC2CNC3=C(N2C=O)C(=O)NC(=N3)N
TYMS,6qyq,FFO,402,1,B,2315,N10,-20.767,31.06,18.407,1.094,18.0,N,c1cc(ccc1C(=O)NC(CCC(=O)O)C(=O)O)NCC2CNC3=C(N2C=O)C(=O)NC(=N3)N
TYMS,6qyq,FFO,402,1,B,2323,O,-25.927,34.217,20.298,15.0,7.0,O,c1cc(ccc1C(=O)NC(CCC(=O)O)C(=O)O)NCC2CNC3=C(N2C=O)C(=O)NC(=N3)N
TYMS,6qyq,FFO,402,1,B,2325,CA,-28.283,32.779,19.709,3.623,9.0,C,c1cc(ccc1C(=O)NC(CCC(=O)O)C(=O)O)NCC2CNC3=C(N2C=O)C(=O)NC(=N3)N
TYMS,6qyq,FFO,402,1,B,2327,CG,-30.072,33.833,18.219,22.945,11.0,C,c1cc(ccc1C(=O)NC(CCC(=O)O)C(=O)O)NCC2CNC3=C(N2C=O)C(=O)NC(=N3)N
TYMS,6qyq,FFO,402,1,B,2328,CD,-30.21,34.382,16.807,4.831,12.0,C,c1cc(ccc1C(=O)NC(CCC(=O)O)C(=O)O)NCC2CNC3=C(N2C=O)C(=O)NC(=N3)N
TYMS,6qyq,FFO,402,1,B,2329,OE1,-29.208,34.939,16.287,25.715,13.0,O,c1cc(ccc1C(=O)NC(CCC(=O)O)C(=O)O)NCC2CNC3=C(N2C=O)C(=O)NC(=N3)N
TYMS,6qyq,FFO,402,1,B,2330,OE2,-31.312,34.23,16.219,30.001,14.0,O,c1cc(ccc1C(=O)NC(CCC(=O)O)C(=O)O)NCC2CNC3=C(N2C=O)C(=O)NC(=N3)N
TYMS,6qyq,FFO,402,1,B,2331,CT,-29.07,31.858,20.66,1.208,15.0,C,c1cc(ccc1C(=O)NC(CCC(=O)O)C(=O)O)NCC2CNC3=C(N2C=O)C(=O)NC(=N3)N
TYMS,6qyq,FFO,402,1,B,2332,O1,-29.07,30.613,20.408,2.143,16.0,O,c1cc(ccc1C(=O)NC(CCC(=O)O)C(=O)O)NCC2CNC3=C(N2C=O)C(=O)NC(=N3)N
TYMS,6qyq,FFO,402,1,B,2333,O2,-29.643,32.408,21.618,9.643,17.0,O,c1cc(ccc1C(=O)NC(CCC(=O)O)C(=O)O)NCC2CNC3=C(N2C=O)C(=O)NC(=N3)N
TYMS,6qyq,FFO,402,1,B,2334,C5A,-18.317,29.247,19.827,12.076,26.0,C,c1cc(ccc1C(=O)NC(CCC(=O)O)C(=O)O)NCC2CNC3=C(N2C=O)C(=O)NC(=N3)N
TYMS,6qyq,FFO,402,1,B,2335,O5B,-18.032,28.509,18.881,6.429,27.0,O,c1cc(ccc1C(=O)NC(CCC(=O)O)C(=O)O)NCC2CNC3=C(N2C=O)C(=O)NC(=N3)N
TYMS,6r2e,FFO,403,1,B,2334,N1,26.182,-3.794,-5.912,2.187,32.0,N,c1cc(ccc1C(=O)NC(CCC(=O)O)C(=O)O)NCC2CNC3=C(N2C=O)C(=O)NC(=N3)N
TYMS,6r2e,FFO,403,1,B,2335,C2,26.481,-4.769,-5.001,6.038,31.0,C,c1cc(ccc1C(=O)NC(CCC(=O)O)C(=O)O)NCC2CNC3=C(N2C=O)C(=O)NC(=N3)N
TYMS,6r2e,FFO,403,1,B,2337,N3,26.438,-6.069,-5.329,1.094,30.0,N,c1cc(ccc1C(=O)NC(CCC(=O)O)C(=O)O)NCC2CNC3=C(N2C=O)C(=O)NC(=N3)N
TYMS,6r2e,FFO,403,1,B,2338,C4,26.06,-6.445,-6.628,2.415,28.0,C,c1cc(ccc1C(=O)NC(CCC(=O)O)C(=O)O)NCC2CNC3=C(N2C=O)C(=O)NC(=N3)N
TYMS,6r2e,FFO,403,1,B,2339,O4,26.026,-7.648,-6.897,3.214,29.0,O,c1cc(ccc1C(=O)NC(CCC(=O)O)C(=O)O)NCC2CNC3=C(N2C=O)C(=O)NC(=N3)N
TYMS,6r2e,FFO,403,1,B,2340,C4A,25.735,-5.48,-7.586,1.208,24.0,C,c1cc(ccc1C(=O)NC(CCC(=O)O)C(=O)O)NCC2CNC3=C(N2C=O)C(=O)NC(=N3)N
TYMS,6r2e,FFO,403,1,B,2345,C8A,25.792,-4.12,-7.196,2.415,23.0,C,c1cc(ccc1C(=O)NC(CCC(=O)O)C(=O)O)NCC2CNC3=C(N2C=O)C(=O)NC(=N3)N
TYMS,6r2e,FFO,403,1,B,2353,C16,21.392,-6.367,-4.997,1.208,4.0,C,c1cc(ccc1C(=O)NC(CCC(=O)O)C(=O)O)NCC2CNC3=C(N2C=O)C(=O)NC(=N3)N
TYMS,6r2e,FFO,403,1,B,2355,O,19.985,-7.028,-2.684,13.929,7.0,O,c1cc(ccc1C(=O)NC(CCC(=O)O)C(=O)O)NCC2CNC3=C(N2C=O)C(=O)NC(=N3)N
TYMS,6r2e,FFO,403,1,B,2357,CA,18.474,-9.365,-2.498,1.208,9.0,C,c1cc(ccc1C(=O)NC(CCC(=O)O)C(=O)O)NCC2CNC3=C(N2C=O)C(=O)NC(=N3)N
TYMS,6r2e,FFO,403,1,B,2358,CB,17.173,-9.035,-3.239,3.623,10.0,C,c1cc(ccc1C(=O)NC(CCC(=O)O)C(=O)O)NCC2CNC3=C(N2C=O)C(=O)NC(=N3)N
TYMS,6r2e,FFO,403,1,B,2359,CG,15.943,-9.4,-2.45,18.114,11.0,C,c1cc(ccc1C(=O)NC(CCC(=O)O)C(=O)O)NCC2CNC3=C(N2C=O)C(=O)NC(=N3)N
TYMS,6r2e,FFO,403,1,B,2360,CD,14.667,-8.955,-3.134,7.246,12.0,C,c1cc(ccc1C(=O)NC(CCC(=O)O)C(=O)O)NCC2CNC3=C(N2C=O)C(=O)NC(=N3)N
TYMS,6r2e,FFO,403,1,B,2361,OE1,14.758,-7.981,-3.922,16.072,13.0,O,c1cc(ccc1C(=O)NC(CCC(=O)O)C(=O)O)NCC2CNC3=C(N2C=O)C(=O)NC(=N3)N
TYMS,6r2e,FFO,403,1,B,2362,OE2,13.585,-9.589,-2.894,33.215,14.0,O,c1cc(ccc1C(=O)NC(CCC(=O)O)C(=O)O)NCC2CNC3=C(N2C=O)C(=O)NC(=N3)N
TYMS,6r2e,FFO,403,1,B,2363,CT,18.599,-10.85,-2.125,1.208,15.0,C,c1cc(ccc1C(=O)NC(CCC(=O)O)C(=O)O)NCC2CNC3=C(N2C=O)C(=O)NC(=N3)N
TYMS,6r2e,FFO,403,1,B,2364,O1,18.929,-11.626,-3.055,5.357,16.0,O,c1cc(ccc1C(=O)NC(CCC(=O)O)C(=O)O)NCC2CNC3=C(N2C=O)C(=O)NC(=N3)N
TYMS,6r2e,FFO,403,1,B,2365,O2,18.401,-11.174,-0.935,12.858,17.0,O,c1cc(ccc1C(=O)NC(CCC(=O)O)C(=O)O)NCC2CNC3=C(N2C=O)C(=O)NC(=N3)N
TYMS,6r2e,FFO,403,1,B,2366,C5A,25.857,-6.724,-9.784,9.661,26.0,C,c1cc(ccc1C(=O)NC(CCC(=O)O)C(=O)O)NCC2CNC3=C(N2C=O)C(=O)NC(=N3)N
TYMS,6r2e,FFO,403,1,B,2367,O5B,25.383,-7.86,-9.917,1.071,27.0,O,c1cc(ccc1C(=O)NC(CCC(=O)O)C(=O)O)NCC2CNC3=C(N2C=O)C(=O)NC(=N3)N
TYMS,6r2e,FFO,403,1,A,2323,N1,48.503,-16.926,-34.703,1.094,32.0,N,c1cc(ccc1C(=O)NC(CCC(=O)O)C(=O)O)NCC2CNC3=C(N2C=O)C(=O)NC(=N3)N
TYMS,6r2e,FFO,403,1,A,2324,C2,48.493,-18.179,-34.17,3.623,31.0,C,c1cc(ccc1C(=O)NC(CCC(=O)O)C(=O)O)NCC2CNC3=C(N2C=O)C(=O)NC(=N3)N
TYMS,6r2e,FFO,403,1,A,2326,N3,48.753,-18.38,-32.886,1.094,30.0,N,c1cc(ccc1C(=O)NC(CCC(=O)O)C(=O)O)NCC2CNC3=C(N2C=O)C(=O)NC(=N3)N
TYMS,6r2e,FFO,403,1,A,2327,C4,49.001,-17.33,-32.076,3.623,28.0,C,c1cc(ccc1C(=O)NC(CCC(=O)O)C(=O)O)NCC2CNC3=C(N2C=O)C(=O)NC(=N3)N
TYMS,6r2e,FFO,403,1,A,2328,O4,49.229,-17.58,-30.887,3.214,29.0,O,c1cc(ccc1C(=O)NC(CCC(=O)O)C(=O)O)NCC2CNC3=C(N2C=O)C(=O)NC(=N3)N
TYMS,6r2e,FFO,403,1,A,2329,C4A,49.035,-16.045,-32.555,1.208,24.0,C,c1cc(ccc1C(=O)NC(CCC(=O)O)C(=O)O)NCC2CNC3=C(N2C=O)C(=O)NC(=N3)N
TYMS,6r2e,FFO,403,1,A,2342,C16,54.192,-17.472,-33.717,1.208,4.0,C,c1cc(ccc1C(=O)NC(CCC(=O)O)C(=O)O)NCC2CNC3=C(N2C=O)C(=O)NC(=N3)N
TYMS,6r2e,FFO,403,1,A,2344,O,56.077,-19.217,-34.496,12.858,7.0,O,c1cc(ccc1C(=O)NC(CCC(=O)O)C(=O)O)NCC2CNC3=C(N2C=O)C(=O)NC(=N3)N
TYMS,6r2e,FFO,403,1,A,2347,CB,59.011,-19.504,-33.437,15.699,10.0,C,c1cc(ccc1C(=O)NC(CCC(=O)O)C(=O)O)NCC2CNC3=C(N2C=O)C(=O)NC(=N3)N
TYMS,6r2e,FFO,403,1,A,2348,CG,60.057,-18.842,-32.543,2.415,11.0,C,c1cc(ccc1C(=O)NC(CCC(=O)O)C(=O)O)NCC2CNC3=C(N2C=O)C(=O)NC(=N3)N
TYMS,6r2e,FFO,403,1,A,2349,CD,61.122,-18.152,-33.396,1.208,12.0,C,c1cc(ccc1C(=O)NC(CCC(=O)O)C(=O)O)NCC2CNC3=C(N2C=O)C(=O)NC(=N3)N
TYMS,6r2e,FFO,403,1,A,2350,OE1,60.672,-17.268,-34.184,18.215,13.0,O,c1cc(ccc1C(=O)NC(CCC(=O)O)C(=O)O)NCC2CNC3=C(N2C=O)C(=O)NC(=N3)N
TYMS,6r2e,FFO,403,1,A,2351,OE2,62.406,-18.508,-33.315,37.501,14.0,O,c1cc(ccc1C(=O)NC(CCC(=O)O)C(=O)O)NCC2CNC3=C(N2C=O)C(=O)NC(=N3)N
TYMS,6r2e,FFO,403,1,A,2352,CT,58.385,-21.267,-31.536,1.208,15.0,C,c1cc(ccc1C(=O)NC(CCC(=O)O)C(=O)O)NCC2CNC3=C(N2C=O)C(=O)NC(=N3)N
TYMS,6r2e,FFO,403,1,A,2353,O1,58.313,-20.8,-30.343,1.071,16.0,O,c1cc(ccc1C(=O)NC(CCC(=O)O)C(=O)O)NCC2CNC3=C(N2C=O)C(=O)NC(=N3)N
TYMS,6r2e,FFO,403,1,A,2354,O2,58.736,-22.425,-31.842,12.858,17.0,O,c1cc(ccc1C(=O)NC(CCC(=O)O)C(=O)O)NCC2CNC3=C(N2C=O)C(=O)NC(=N3)N
TYMS,6r2e,FFO,403,1,A,2355,C5A,49.053,-14.712,-30.389,7.246,26.0,C,c1cc(ccc1C(=O)NC(CCC(=O)O)C(=O)O)NCC2CNC3=C(N2C=O)C(=O)NC(=N3)N
TYMS,6r2e,FFO,404,1,C,2330,C2,91.172,-65.354,-44.616,4.831,31.0,C,c1cc(ccc1C(=O)NC(CCC(=O)O)C(=O)O)NCC2CNC3=C(N2C=O)C(=O)NC(=N3)N
TYMS,6r2e,FFO,404,1,C,2332,N3,90.921,-65.097,-43.331,1.094,30.0,N,c1cc(ccc1C(=O)NC(CCC(=O)O)C(=O)O)NCC2CNC3=C(N2C=O)C(=O)NC(=N3)N
TYMS,6r2e,FFO,404,1,C,2333,C4,90.704,-66.128,-42.449,3.623,28.0,C,c1cc(ccc1C(=O)NC(CCC(=O)O)C(=O)O)NCC2CNC3=C(N2C=O)C(=O)NC(=N3)N
TYMS,6r2e,FFO,404,1,C,2334,O4,90.489,-65.826,-41.268,3.214,29.0,O,c1cc(ccc1C(=O)NC(CCC(=O)O)C(=O)O)NCC2CNC3=C(N2C=O)C(=O)NC(=N3)N
TYMS,6r2e,FFO,404,1,C,2335,C4A,90.716,-67.45,-42.88,1.208,24.0,C,c1cc(ccc1C(=O)NC(CCC(=O)O)C(=O)O)NCC2CNC3=C(N2C=O)C(=O)NC(=N3)N
TYMS,6r2e,FFO,404,1,C,2348,C16,85.573,-66.115,-44.111,1.208,4.0,C,c1cc(ccc1C(=O)NC(CCC(=O)O)C(=O)O)NCC2CNC3=C(N2C=O)C(=O)NC(=N3)N
TYMS,6r2e,FFO,404,1,C,2350,O,83.83,-64.161,-44.8,12.858,7.0,O,c1cc(ccc1C(=O)NC(CCC(=O)O)C(=O)O)NCC2CNC3=C(N2C=O)C(=O)NC(=N3)N
TYMS,6r2e,FFO,404,1,C,2353,CB,80.574,-63.83,-43.874,19.322,10.0,C,c1cc(ccc1C(=O)NC(CCC(=O)O)C(=O)O)NCC2CNC3=C(N2C=O)C(=O)NC(=N3)N
TYMS,6r2e,FFO,404,1,C,2354,CG,79.739,-64.737,-42.979,3.623,11.0,C,c1cc(ccc1C(=O)NC(CCC(=O)O)C(=O)O)NCC2CNC3=C(N2C=O)C(=O)NC(=N3)N
TYMS,6r2e,FFO,404,1,C,2355,CD,78.622,-65.529,-43.673,2.415,12.0,C,c1cc(ccc1C(=O)NC(CCC(=O)O)C(=O)O)NCC2CNC3=C(N2C=O)C(=O)NC(=N3)N
TYMS,6r2e,FFO,404,1,C,2356,OE1,78.964,-66.582,-44.25,15.0,13.0,O,c1cc(ccc1C(=O)NC(CCC(=O)O)C(=O)O)NCC2CNC3=C(N2C=O)C(=O)NC(=N3)N
TYMS,6r2e,FFO,404,1,C,2357,OE2,77.375,-65.132,-43.617,35.358,14.0,O,c1cc(ccc1C(=O)NC(CCC(=O)O)C(=O)O)NCC2CNC3=C(N2C=O)C(=O)NC(=N3)N
TYMS,6r2e,FFO,404,1,C,2358,CT,81.485,-62.32,-41.966,1.208,15.0,C,c1cc(ccc1C(=O)NC(CCC(=O)O)C(=O)O)NCC2CNC3=C(N2C=O)C(=O)NC(=N3)N
TYMS,6r2e,FFO,404,1,C,2359,O1,81.891,-62.742,-40.85,2.143,16.0,O,c1cc(ccc1C(=O)NC(CCC(=O)O)C(=O)O)NCC2CNC3=C(N2C=O)C(=O)NC(=N3)N
TYMS,6r2e,FFO,404,1,C,2360,O2,80.849,-61.25,-42.171,11.786,17.0,O,c1cc(ccc1C(=O)NC(CCC(=O)O)C(=O)O)NCC2CNC3=C(N2C=O)C(=O)NC(=N3)N
TYMS,6r2e,FFO,404,1,C,2361,C5A,90.965,-68.701,-40.709,9.661,26.0,C,c1cc(ccc1C(=O)NC(CCC(=O)O)C(=O)O)NCC2CNC3=C(N2C=O)C(=O)NC(=N3)N
TYMS,6r2e,FFO,404,1,C,2362,O5B,90.245,-68.607,-39.688,1.071,27.0,O,c1cc(ccc1C(=O)NC(CCC(=O)O)C(=O)O)NCC2CNC3=C(N2C=O)C(=O)NC(=N3)N
TYMS,6r2e,FFO,403,1,D,2341,C2,113.558,-78.852,-15.446,3.623,31.0,C,c1cc(ccc1C(=O)NC(CCC(=O)O)C(=O)O)NCC2CNC3=C(N2C=O)C(=O)NC(=N3)N
TYMS,6r2e,FFO,403,1,D,2344,C4,113.861,-77.205,-17.117,3.623,28.0,C,c1cc(ccc1C(=O)NC(CCC(=O)O)C(=O)O)NCC2CNC3=C(N2C=O)C(=O)NC(=N3)N
TYMS,6r2e,FFO,403,1,D,2345,O4,113.779,-76.018,-17.418,3.214,29.0,O,c1cc(ccc1C(=O)NC(CCC(=O)O)C(=O)O)NCC2CNC3=C(N2C=O)C(=O)NC(=N3)N
TYMS,6r2e,FFO,403,1,D,2346,C4A,114.234,-78.151,-18.059,1.208,24.0,C,c1cc(ccc1C(=O)NC(CCC(=O)O)C(=O)O)NCC2CNC3=C(N2C=O)C(=O)NC(=N3)N
TYMS,6r2e,FFO,403,1,D,2349,C7,115.348,-80.17,-19.785,1.208,21.0,C,c1cc(ccc1C(=O)NC(CCC(=O)O)C(=O)O)NCC2CNC3=C(N2C=O)C(=O)NC(=N3)N
TYMS,6r2e,FFO,403,1,D,2351,C8A,114.272,-79.501,-17.647,1.208,23.0,C,c1cc(ccc1C(=O)NC(CCC(=O)O)C(=O)O)NCC2CNC3=C(N2C=O)C(=O)NC(=N3)N
TYMS,6r2e,FFO,403,1,D,2353,N10,117.259,-77.039,-18.764,1.094,18.0,N,c1cc(ccc1C(=O)NC(CCC(=O)O)C(=O)O)NCC2CNC3=C(N2C=O)C(=O)NC(=N3)N
TYMS,6r2e,FFO,403,1,D,2359,C16,118.681,-77.324,-15.421,1.208,4.0,C,c1cc(ccc1C(=O)NC(CCC(=O)O)C(=O)O)NCC2CNC3=C(N2C=O)C(=O)NC(=N3)N
TYMS,6r2e,FFO,403,1,D,2361,O,120.211,-76.717,-13.126,13.929,7.0,O,c1cc(ccc1C(=O)NC(CCC(=O)O)C(=O)O)NCC2CNC3=C(N2C=O)C(=O)NC(=N3)N
TYMS,6r2e,FFO,403,1,D,2363,CA,121.617,-74.304,-12.94,3.623,9.0,C,c1cc(ccc1C(=O)NC(CCC(=O)O)C(=O)O)NCC2CNC3=C(N2C=O)C(=O)NC(=N3)N
TYMS,6r2e,FFO,403,1,D,2364,CB,122.89,-74.698,-13.705,3.623,10.0,C,c1cc(ccc1C(=O)NC(CCC(=O)O)C(=O)O)NCC2CNC3=C(N2C=O)C(=O)NC(=N3)N
TYMS,6r2e,FFO,403,1,D,2365,CG,124.112,-73.862,-13.373,7.246,11.0,C,c1cc(ccc1C(=O)NC(CCC(=O)O)C(=O)O)NCC2CNC3=C(N2C=O)C(=O)NC(=N3)N
TYMS,6r2e,FFO,403,1,D,2366,CD,125.468,-74.491,-13.672,6.038,12.0,C,c1cc(ccc1C(=O)NC(CCC(=O)O)C(=O)O)NCC2CNC3=C(N2C=O)C(=O)NC(=N3)N
TYMS,6r2e,FFO,403,1,D,2367,OE1,125.419,-75.627,-14.213,20.358,13.0,O,c1cc(ccc1C(=O)NC(CCC(=O)O)C(=O)O)NCC2CNC3=C(N2C=O)C(=O)NC(=N3)N
TYMS,6r2e,FFO,403,1,D,2368,OE2,126.59,-73.84,-13.381,34.287,14.0,O,c1cc(ccc1C(=O)NC(CCC(=O)O)C(=O)O)NCC2CNC3=C(N2C=O)C(=O)NC(=N3)N
TYMS,6r2e,FFO,403,1,D,2370,O1,121.009,-72.018,-13.359,3.214,16.0,O,c1cc(ccc1C(=O)NC(CCC(=O)O)C(=O)O)NCC2CNC3=C(N2C=O)C(=O)NC(=N3)N
TYMS,6r2e,FFO,403,1,D,2371,O2,121.733,-72.561,-11.32,15.0,17.0,O,c1cc(ccc1C(=O)NC(CCC(=O)O)C(=O)O)NCC2CNC3=C(N2C=O)C(=O)NC(=N3)N
TYMS,6r2e,FFO,403,1,D,2372,C5A,113.961,-76.938,-20.289,8.453,26.0,C,c1cc(ccc1C(=O)NC(CCC(=O)O)C(=O)O)NCC2CNC3=C(N2C=O)C(=O)NC(=N3)N
TYMS,6r2e,FFO,403,1,D,2373,O5B,114.223,-75.704,-20.36,1.071,27.0,O,c1cc(ccc1C(=O)NC(CCC(=O)O)C(=O)O)NCC2CNC3=C(N2C=O)C(=O)NC(=N3)N
TYMS,6r2e,FFO,403,1,E,2332,N1,25.139,-49.696,-29.919,1.094,32.0,N,c1cc(ccc1C(=O)NC(CCC(=O)O)C(=O)O)NCC2CNC3=C(N2C=O)C(=O)NC(=N3)N
TYMS,6r2e,FFO,403,1,E,2333,C2,25.869,-48.921,-29.056,4.831,31.0,C,c1cc(ccc1C(=O)NC(CCC(=O)O)C(=O)O)NCC2CNC3=C(N2C=O)C(=O)NC(=N3)N
TYMS,6r2e,FFO,403,1,E,2334,NA2,26.407,-47.799,-29.536,1.094,33.0,N,c1cc(ccc1C(=O)NC(CCC(=O)O)C(=O)O)NCC2CNC3=C(N2C=O)C(=O)NC(=N3)N
TYMS,6r2e,FFO,403,1,E,2335,N3,26.064,-49.266,-27.78,1.094,30.0,N,c1cc(ccc1C(=O)NC(CCC(=O)O)C(=O)O)NCC2CNC3=C(N2C=O)C(=O)NC(=N3)N
TYMS,6r2e,FFO,403,1,E,2336,C4,25.509,-50.439,-27.297,1.208,28.0,C,c1cc(ccc1C(=O)NC(CCC(=O)O)C(=O)O)NCC2CNC3=C(N2C=O)C(=O)NC(=N3)N
TYMS,6r2e,FFO,403,1,E,2337,O4,25.74,-50.719,-26.1,3.214,29.0,O,c1cc(ccc1C(=O)NC(CCC(=O)O)C(=O)O)NCC2CNC3=C(N2C=O)C(=O)NC(=N3)N
TYMS,6r2e,FFO,403,1,E,2338,C4A,24.726,-51.278,-28.17,2.415,24.0,C,c1cc(ccc1C(=O)NC(CCC(=O)O)C(=O)O)NCC2CNC3=C(N2C=O)C(=O)NC(=N3)N
TYMS,6r2e,FFO,403,1,E,2348,C13,20.945,-50.262,-24.724,1.208,1.0,C,c1cc(ccc1C(=O)NC(CCC(=O)O)C(=O)O)NCC2CNC3=C(N2C=O)C(=O)NC(=N3)N
TYMS,6r2e,FFO,403,1,E,2353,O,20.125,-45.631,-25.582,10.715,7.0,O,c1cc(ccc1C(=O)NC(CCC(=O)O)C(=O)O)NCC2CNC3=C(N2C=O)C(=O)NC(=N3)N
TYMS,6r2e,FFO,403,1,E,2356,CB,17.977,-44.783,-23.572,16.907,10.0,C,c1cc(ccc1C(=O)NC(CCC(=O)O)C(=O)O)NCC2CNC3=C(N2C=O)C(=O)NC(=N3)N
TYMS,6r2e,FFO,403,1,E,2357,CG,16.909,-45.502,-22.782,1.208,11.0,C,c1cc(ccc1C(=O)NC(CCC(=O)O)C(=O)O)NCC2CNC3=C(N2C=O)C(=O)NC(=N3)N
TYMS,6r2e,FFO,403,1,E,2358,CD,15.481,-45.264,-23.257,1.208,12.0,C,c1cc(ccc1C(=O)NC(CCC(=O)O)C(=O)O)NCC2CNC3=C(N2C=O)C(=O)NC(=N3)N
TYMS,6r2e,FFO,403,1,E,2359,OE1,15.141,-45.695,-24.394,17.143,13.0,O,c1cc(ccc1C(=O)NC(CCC(=O)O)C(=O)O)NCC2CNC3=C(N2C=O)C(=O)NC(=N3)N
TYMS,6r2e,FFO,403,1,E,2360,OE2,14.691,-44.675,-22.477,34.287,14.0,O,c1cc(ccc1C(=O)NC(CCC(=O)O)C(=O)O)NCC2CNC3=C(N2C=O)C(=O)NC(=N3)N
TYMS,6r2e,FFO,403,1,E,2362,O1,19.706,-45.923,-20.829,1.071,16.0,O,c1cc(ccc1C(=O)NC(CCC(=O)O)C(=O)O)NCC2CNC3=C(N2C=O)C(=O)NC(=N3)N
TYMS,6r2e,FFO,403,1,E,2363,O2,19.381,-43.723,-21.016,12.858,17.0,O,c1cc(ccc1C(=O)NC(CCC(=O)O)C(=O)O)NCC2CNC3=C(N2C=O)C(=O)NC(=N3)N
TYMS,6r2e,FFO,403,1,E,2364,C5A,24.548,-53.332,-26.807,9.661,26.0,C,c1cc(ccc1C(=O)NC(CCC(=O)O)C(=O)O)NCC2CNC3=C(N2C=O)C(=O)NC(=N3)N
TYMS,6r2e,FFO,403,1,E,2365,O5B,24.139,-54.481,-26.737,1.071,27.0,O,c1cc(ccc1C(=O)NC(CCC(=O)O)C(=O)O)NCC2CNC3=C(N2C=O)C(=O)NC(=N3)N
TYMS,6r2e,FFO,403,1,H,2331,N1,97.149,-0.205,-30.912,3.281,32.0,N,c1cc(ccc1C(=O)NC(CCC(=O)O)C(=O)O)NCC2CNC3=C(N2C=O)C(=O)NC(=N3)N
TYMS,6r2e,FFO,403,1,H,2332,C2,96.833,-0.648,-29.659,3.623,31.0,C,c1cc(ccc1C(=O)NC(CCC(=O)O)C(=O)O)NCC2CNC3=C(N2C=O)C(=O)NC(=N3)N
TYMS,6r2e,FFO,403,1,H,2333,NA2,97.093,0.15,-28.622,1.094,33.0,N,c1cc(ccc1C(=O)NC(CCC(=O)O)C(=O)O)NCC2CNC3=C(N2C=O)C(=O)NC(=N3)N
TYMS,6r2e,FFO,403,1,H,2335,C4,96.032,-2.661,-30.501,2.415,28.0,C,c1cc(ccc1C(=O)NC(CCC(=O)O)C(=O)O)NCC2CNC3=C(N2C=O)C(=O)NC(=N3)N
TYMS,6r2e,FFO,403,1,H,2336,O4,95.502,-3.752,-30.239,2.143,29.0,O,c1cc(ccc1C(=O)NC(CCC(=O)O)C(=O)O)NCC2CNC3=C(N2C=O)C(=O)NC(=N3)N
TYMS,6r2e,FFO,403,1,H,2337,C4A,96.336,-2.259,-31.806,1.208,24.0,C,c1cc(ccc1C(=O)NC(CCC(=O)O)C(=O)O)NCC2CNC3=C(N2C=O)C(=O)NC(=N3)N
TYMS,6r2e,FFO,403,1,H,2340,C7,96.801,-1.256,-34.468,1.208,21.0,C,c1cc(ccc1C(=O)NC(CCC(=O)O)C(=O)O)NCC2CNC3=C(N2C=O)C(=O)NC(=N3)N
TYMS,6r2e,FFO,403,1,H,2344,N10,93.348,-2.404,-33.167,2.187,18.0,N,c1cc(ccc1C(=O)NC(CCC(=O)O)C(=O)O)NCC2CNC3=C(N2C=O)C(=O)NC(=N3)N
TYMS,6r2e,FFO,403,1,H,2347,C13,91.214,-2.539,-31.994,1.208,1.0,C,c1cc(ccc1C(=O)NC(CCC(=O)O)C(=O)O)NCC2CNC3=C(N2C=O)C(=O)NC(=N3)N
TYMS,6r2e,FFO,403,1,H,2352,O,89.596,1.181,-29.427,13.929,7.0,O,c1cc(ccc1C(=O)NC(CCC(=O)O)C(=O)O)NCC2CNC3=C(N2C=O)C(=O)NC(=N3)N
TYMS,6r2e,FFO,403,1,H,2355,CB,86.238,0.838,-29.54,18.114,10.0,C,c1cc(ccc1C(=O)NC(CCC(=O)O)C(=O)O)NCC2CNC3=C(N2C=O)C(=O)NC(=N3)N
TYMS,6r2e,FFO,403,1,H,2356,CG,85.308,0.093,-30.484,2.415,11.0,C,c1cc(ccc1C(=O)NC(CCC(=O)O)C(=O)O)NCC2CNC3=C(N2C=O)C(=O)NC(=N3)N
TYMS,6r2e,FFO,403,1,H,2357,CD,84.587,1.053,-31.421,2.415,12.0,C,c1cc(ccc1C(=O)NC(CCC(=O)O)C(=O)O)NCC2CNC3=C(N2C=O)C(=O)NC(=N3)N
TYMS,6r2e,FFO,403,1,H,2358,OE1,85.316,1.769,-32.162,19.286,13.0,O,c1cc(ccc1C(=O)NC(CCC(=O)O)C(=O)O)NCC2CNC3=C(N2C=O)C(=O)NC(=N3)N
TYMS,6r2e,FFO,403,1,H,2359,OE2,83.293,1.113,-31.396,31.072,14.0,O,c1cc(ccc1C(=O)NC(CCC(=O)O)C(=O)O)NCC2CNC3=C(N2C=O)C(=O)NC(=N3)N
TYMS,6r2e,FFO,403,1,H,2361,O1,86.986,-2.379,-28.361,3.214,16.0,O,c1cc(ccc1C(=O)NC(CCC(=O)O)C(=O)O)NCC2CNC3=C(N2C=O)C(=O)NC(=N3)N
TYMS,6r2e,FFO,403,1,H,2362,O2,85.715,-0.978,-27.169,11.786,17.0,O,c1cc(ccc1C(=O)NC(CCC(=O)O)C(=O)O)NCC2CNC3=C(N2C=O)C(=O)NC(=N3)N
TYMS,6r2e,FFO,403,1,H,2363,C5A,96.081,-4.444,-32.901,8.453,26.0,C,c1cc(ccc1C(=O)NC(CCC(=O)O)C(=O)O)NCC2CNC3=C(N2C=O)C(=O)NC(=N3)N
TYMS,6r2e,FFO,403,1,H,2364,O5B,96.13,-5.169,-33.89,1.071,27.0,O,c1cc(ccc1C(=O)NC(CCC(=O)O)C(=O)O)NCC2CNC3=C(N2C=O)C(=O)NC(=N3)N
TYMS,6r2e,FFO,403,1,G,2321,C2,113.841,-34.5,-39.34,4.831,31.0,C,c1cc(ccc1C(=O)NC(CCC(=O)O)C(=O)O)NCC2CNC3=C(N2C=O)C(=O)NC(=N3)N
TYMS,6r2e,FFO,403,1,G,2323,N3,113.705,-34.044,-38.088,1.094,30.0,N,c1cc(ccc1C(=O)NC(CCC(=O)O)C(=O)O)NCC2CNC3=C(N2C=O)C(=O)NC(=N3)N
TYMS,6r2e,FFO,403,1,G,2324,C4,114.331,-32.852,-37.715,3.623,28.0,C,c1cc(ccc1C(=O)NC(CCC(=O)O)C(=O)O)NCC2CNC3=C(N2C=O)C(=O)NC(=N3)N
TYMS,6r2e,FFO,403,1,G,2325,O4,114.172,-32.472,-36.545,4.286,29.0,O,c1cc(ccc1C(=O)NC(CCC(=O)O)C(=O)O)NCC2CNC3=C(N2C=O)C(=O)NC(=N3)N
TYMS,6r2e,FFO,403,1,G,2326,C4A,115.103,-32.12,-38.653,1.208,24.0,C,c1cc(ccc1C(=O)NC(CCC(=O)O)C(=O)O)NCC2CNC3=C(N2C=O)C(=O)NC(=N3)N
TYMS,6r2e,FFO,403,1,G,2341,O,119.496,-37.882,-36.224,9.643,7.0,O,c1cc(ccc1C(=O)NC(CCC(=O)O)C(=O)O)NCC2CNC3=C(N2C=O)C(=O)NC(=N3)N
TYMS,6r2e,FFO,403,1,G,2344,CB,121.908,-38.678,-34.114,18.114,10.0,C,c1cc(ccc1C(=O)NC(CCC(=O)O)C(=O)O)NCC2CNC3=C(N2C=O)C(=O)NC(=N3)N
TYMS,6r2e,FFO,403,1,G,2345,CG,122.868,-38.235,-33.047,2.415,11.0,C,c1cc(ccc1C(=O)NC(CCC(=O)O)C(=O)O)NCC2CNC3=C(N2C=O)C(=O)NC(=N3)N
TYMS,6r2e,FFO,403,1,G,2346,CD,124.308,-38.313,-33.518,2.415,12.0,C,c1cc(ccc1C(=O)NC(CCC(=O)O)C(=O)O)NCC2CNC3=C(N2C=O)C(=O)NC(=N3)N
TYMS,6r2e,FFO,403,1,G,2347,OE1,124.599,-37.713,-34.584,16.072,13.0,O,c1cc(ccc1C(=O)NC(CCC(=O)O)C(=O)O)NCC2CNC3=C(N2C=O)C(=O)NC(=N3)N
TYMS,6r2e,FFO,403,1,G,2348,OE2,125.144,-38.965,-32.819,36.43,14.0,O,c1cc(ccc1C(=O)NC(CCC(=O)O)C(=O)O)NCC2CNC3=C(N2C=O)C(=O)NC(=N3)N
TYMS,6r2e,FFO,403,1,G,2350,O1,119.973,-37.33,-31.666,2.143,16.0,O,c1cc(ccc1C(=O)NC(CCC(=O)O)C(=O)O)NCC2CNC3=C(N2C=O)C(=O)NC(=N3)N
TYMS,6r2e,FFO,403,1,G,2351,O2,120.101,-39.557,-31.736,11.786,17.0,O,c1cc(ccc1C(=O)NC(CCC(=O)O)C(=O)O)NCC2CNC3=C(N2C=O)C(=O)NC(=N3)N
TYMS,6r2e,FFO,403,1,G,2352,C5A,115.195,-29.795,-37.691,9.661,26.0,C,c1cc(ccc1C(=O)NC(CCC(=O)O)C(=O)O)NCC2CNC3=C(N2C=O)C(=O)NC(=N3)N
TYMS,6r2e,FFO,403,1,G,2353,O5B,115.399,-29.596,-36.493,1.071,27.0,O,c1cc(ccc1C(=O)NC(CCC(=O)O)C(=O)O)NCC2CNC3=C(N2C=O)C(=O)NC(=N3)N
TYMS,6y08,08D,502,1,A,2274,O12,19.752,-22.843,3.144,9.643,9.0,O,Cc1cc(no1)NS(=O)(=O)c2ccc(cc2)N
TYMS,6y08,08D,502,1,A,2276,O11,17.728,-24.099,2.33,5.357,8.0,O,Cc1cc(no1)NS(=O)(=O)c2ccc(cc2)N
TYMS,6y08,08D,502,1,A,2279,C2,16.76,-23.494,6.58,2.415,12.0,C,Cc1cc(no1)NS(=O)(=O)c2ccc(cc2)N
TYMS,6y08,08D,502,1,A,2280,C5,16.903,-21.447,4.698,3.623,15.0,C,Cc1cc(no1)NS(=O)(=O)c2ccc(cc2)N
TYMS,6y08,08D,502,1,A,2281,C6,16.232,-21.265,5.887,15.699,14.0,C,Cc1cc(no1)NS(=O)(=O)c2ccc(cc2)N
TYMS,6y08,08D,502,1,A,2283,N7,15.491,-22.075,8.039,34.995,16.0,N,Cc1cc(no1)NS(=O)(=O)c2ccc(cc2)N
TYMS,6y08,08D,502,1,A,2284,N13,17.792,-21.489,2.182,12.029,6.0,N,Cc1cc(no1)NS(=O)(=O)c2ccc(cc2)N
TYMS,6y08,08D,502,1,A,2285,C15,16.816,-21.563,1.177,3.623,3.0,C,Cc1cc(no1)NS(=O)(=O)c2ccc(cc2)N
TYMS,6y08,08D,502,1,A,2286,N19,16.685,-22.62,0.372,12.029,4.0,N,Cc1cc(no1)NS(=O)(=O)c2ccc(cc2)N
TYMS,6y08,08D,502,1,A,2287,O18,15.655,-22.288,-0.498,3.214,5.0,O,Cc1cc(no1)NS(=O)(=O)c2ccc(cc2)N
TYMS,6y08,08D,502,1,A,2288,C17,15.202,-21.046,-0.189,1.208,1.0,C,Cc1cc(no1)NS(=O)(=O)c2ccc(cc2)N
TYMS,6y08,08D,502,1,A,2289,C16,15.903,-20.526,0.869,24.153,2.0,C,Cc1cc(no1)NS(=O)(=O)c2ccc(cc2)N
TYMS,6r2e,FFO,403,1,F,2334,N1,42.581,-83.344,-20.504,2.187,32.0,N,c1cc(ccc1C(=O)NC(CCC(=O)O)C(=O)O)NCC2CNC3=C(N2C=O)C(=O)NC(=N3)N
TYMS,6r2e,FFO,403,1,F,2335,C2,42.848,-82.868,-19.252,3.623,31.0,C,c1cc(ccc1C(=O)NC(CCC(=O)O)C(=O)O)NCC2CNC3=C(N2C=O)C(=O)NC(=N3)N
TYMS,6r2e,FFO,403,1,F,2337,N3,43.358,-81.65,-19.046,2.187,30.0,N,c1cc(ccc1C(=O)NC(CCC(=O)O)C(=O)O)NCC2CNC3=C(N2C=O)C(=O)NC(=N3)N
TYMS,6r2e,FFO,403,1,F,2338,C4,43.601,-80.826,-20.115,4.831,28.0,C,c1cc(ccc1C(=O)NC(CCC(=O)O)C(=O)O)NCC2CNC3=C(N2C=O)C(=O)NC(=N3)N
TYMS,6r2e,FFO,403,1,F,2339,O4,44.066,-79.705,-19.847,3.214,29.0,O,c1cc(ccc1C(=O)NC(CCC(=O)O)C(=O)O)NCC2CNC3=C(N2C=O)C(=O)NC(=N3)N
TYMS,6r2e,FFO,403,1,F,2340,C4A,43.347,-81.277,-21.456,1.208,24.0,C,c1cc(ccc1C(=O)NC(CCC(=O)O)C(=O)O)NCC2CNC3=C(N2C=O)C(=O)NC(=N3)N
TYMS,6r2e,FFO,403,1,F,2353,C16,48.138,-83.637,-20.842,1.208,4.0,C,c1cc(ccc1C(=O)NC(CCC(=O)O)C(=O)O)NCC2CNC3=C(N2C=O)C(=O)NC(=N3)N
TYMS,6r2e,FFO,403,1,F,2355,O,50.203,-84.843,-19.409,15.0,7.0,O,c1cc(ccc1C(=O)NC(CCC(=O)O)C(=O)O)NCC2CNC3=C(N2C=O)C(=O)NC(=N3)N
TYMS,6r2e,FFO,403,1,F,2358,CB,53.329,-84.485,-19.283,14.492,10.0,C,c1cc(ccc1C(=O)NC(CCC(=O)O)C(=O)O)NCC2CNC3=C(N2C=O)C(=O)NC(=N3)N
TYMS,6r2e,FFO,403,1,F,2359,CG,54.214,-83.789,-20.314,1.208,11.0,C,c1cc(ccc1C(=O)NC(CCC(=O)O)C(=O)O)NCC2CNC3=C(N2C=O)C(=O)NC(=N3)N
TYMS,6r2e,FFO,403,1,F,2360,CD,55.091,-84.7,-21.166,2.415,12.0,C,c1cc(ccc1C(=O)NC(CCC(=O)O)C(=O)O)NCC2CNC3=C(N2C=O)C(=O)NC(=N3)N
TYMS,6r2e,FFO,403,1,F,2361,OE1,54.508,-85.345,-22.078,17.143,13.0,O,c1cc(ccc1C(=O)NC(CCC(=O)O)C(=O)O)NCC2CNC3=C(N2C=O)C(=O)NC(=N3)N
TYMS,6r2e,FFO,403,1,F,2362,OE2,56.372,-84.748,-20.953,34.287,14.0,O,c1cc(ccc1C(=O)NC(CCC(=O)O)C(=O)O)NCC2CNC3=C(N2C=O)C(=O)NC(=N3)N
TYMS,6r2e,FFO,403,1,F,2364,O1,53.016,-81.255,-18.037,2.143,16.0,O,c1cc(ccc1C(=O)NC(CCC(=O)O)C(=O)O)NCC2CNC3=C(N2C=O)C(=O)NC(=N3)N
TYMS,6r2e,FFO,403,1,F,2365,O2,53.987,-82.821,-16.818,15.0,17.0,O,c1cc(ccc1C(=O)NC(CCC(=O)O)C(=O)O)NCC2CNC3=C(N2C=O)C(=O)NC(=N3)N
TYMS,6r2e,FFO,403,1,F,2366,C5A,43.529,-79.14,-22.824,9.661,26.0,C,c1cc(ccc1C(=O)NC(CCC(=O)O)C(=O)O)NCC2CNC3=C(N2C=O)C(=O)NC(=N3)N
TYMS,6r2e,FFO,403,1,F,2367,O5B,44.511,-78.373,-22.713,2.143,27.0,O,c1cc(ccc1C(=O)NC(CCC(=O)O)C(=O)O)NCC2CNC3=C(N2C=O)C(=O)NC(=N3)N
TYMS,6y08,08D,502,1,B,2264,O12,43.646,-36.522,-21.032,17.143,9.0,O,Cc1cc(no1)NS(=O)(=O)c2ccc(cc2)N
TYMS,6y08,08D,502,1,B,2265,S10,43.445,-35.682,-22.199,1.287,7.0,S,Cc1cc(no1)NS(=O)(=O)c2ccc(cc2)N
TYMS,6y08,08D,502,1,B,2266,O11,42.908,-34.337,-22.115,5.357,8.0,O,Cc1cc(no1)NS(=O)(=O)c2ccc(cc2)N
TYMS,6y08,08D,502,1,B,2269,C2,46.963,-34.407,-23.536,3.623,12.0,C,Cc1cc(no1)NS(=O)(=O)c2ccc(cc2)N
TYMS,6y08,08D,502,1,B,2270,C5,45.358,-36.61,-23.825,7.246,15.0,C,Cc1cc(no1)NS(=O)(=O)c2ccc(cc2)N
TYMS,6y08,08D,502,1,B,2271,C6,46.554,-36.55,-24.496,15.699,14.0,C,Cc1cc(no1)NS(=O)(=O)c2ccc(cc2)N
TYMS,6y08,08D,502,1,B,2273,N7,48.575,-35.383,-25.039,31.714,16.0,N,Cc1cc(no1)NS(=O)(=O)c2ccc(cc2)N
TYMS,6y08,08D,502,1,B,2274,N13,42.652,-36.621,-23.414,6.562,6.0,N,Cc1cc(no1)NS(=O)(=O)c2ccc(cc2)N
TYMS,6y08,08D,502,1,B,2275,C15,41.432,-36.227,-23.986,3.623,3.0,C,Cc1cc(no1)NS(=O)(=O)c2ccc(cc2)N
TYMS,6y08,08D,502,1,B,2276,N19,40.891,-35.005,-23.898,5.468,4.0,N,Cc1cc(no1)NS(=O)(=O)c2ccc(cc2)N
TYMS,6y08,08D,502,1,B,2277,O18,39.694,-35.081,-24.622,7.5,5.0,O,Cc1cc(no1)NS(=O)(=O)c2ccc(cc2)N
TYMS,6y08,08D,502,1,B,2278,C17,39.553,-36.339,-25.121,1.208,1.0,C,Cc1cc(no1)NS(=O)(=O)c2ccc(cc2)N
TYMS,6y08,08D,502,1,B,2279,C16,40.628,-37.106,-24.75,21.737,2.0,C,Cc1cc(no1)NS(=O)(=O)c2ccc(cc2)N
TYMS,6zxo,D16,401,1,A,2287,N1,-3.901,10.189,7.153,8.749,11.0,N,CC1=NC(=O)c2cc(ccc2N1)CN(C)c3ccc(s3)C(=O)N[C@@H](CCC(=O)O)C(=O)O
TYMS,6zxo,D16,401,1,A,2288,C2,-4.83,9.567,7.895,3.623,1.0,C,CC1=NC(=O)c2cc(ccc2N1)CN(C)c3ccc(s3)C(=O)N[C@@H](CCC(=O)O)C(=O)O
TYMS,6zxo,D16,401,1,A,2289,CM2,-5.126,10.086,9.278,4.831,0.0,C,CC1=NC(=O)c2cc(ccc2N1)CN(C)c3ccc(s3)C(=O)N[C@@H](CCC(=O)O)C(=O)O
TYMS,6zxo,D16,401,1,A,2290,N3,-5.472,8.461,7.468,1.094,2.0,N,CC1=NC(=O)c2cc(ccc2N1)CN(C)c3ccc(s3)C(=O)N[C@@H](CCC(=O)O)C(=O)O
TYMS,6zxo,D16,401,1,A,2291,C4,-5.259,7.924,6.25,6.038,3.0,C,CC1=NC(=O)c2cc(ccc2N1)CN(C)c3ccc(s3)C(=O)N[C@@H](CCC(=O)O)C(=O)O
TYMS,6zxo,D16,401,1,A,2292,O4,-5.901,6.9,5.899,1.071,4.0,O,CC1=NC(=O)c2cc(ccc2N1)CN(C)c3ccc(s3)C(=O)N[C@@H](CCC(=O)O)C(=O)O
TYMS,6zxo,D16,401,1,A,2293,C4A,-4.257,8.563,5.357,2.415,5.0,C,CC1=NC(=O)c2cc(ccc2N1)CN(C)c3ccc(s3)C(=O)N[C@@H](CCC(=O)O)C(=O)O
TYMS,6zxo,D16,401,1,A,2294,C5,-3.934,8.11,4.067,4.831,6.0,C,CC1=NC(=O)c2cc(ccc2N1)CN(C)c3ccc(s3)C(=O)N[C@@H](CCC(=O)O)C(=O)O
TYMS,6zxo,D16,401,1,A,2295,C6,-2.976,8.833,3.323,1.208,7.0,C,CC1=NC(=O)c2cc(ccc2N1)CN(C)c3ccc(s3)C(=O)N[C@@H](CCC(=O)O)C(=O)O
TYMS,6zxo,D16,401,1,A,2297,C8,-2.634,10.43,5.156,2.415,9.0,C,CC1=NC(=O)c2cc(ccc2N1)CN(C)c3ccc(s3)C(=O)N[C@@H](CCC(=O)O)C(=O)O
TYMS,6zxo,D16,401,1,A,2298,C8A,-3.581,9.761,5.927,2.415,10.0,C,CC1=NC(=O)c2cc(ccc2N1)CN(C)c3ccc(s3)C(=O)N[C@@H](CCC(=O)O)C(=O)O
TYMS,6zxo,D16,401,1,A,2305,C16,-6.606,7.08,-0.173,1.208,17.0,C,CC1=NC(=O)c2cc(ccc2N1)CN(C)c3ccc(s3)C(=O)N[C@@H](CCC(=O)O)C(=O)O
TYMS,6zxo,D16,401,1,A,2307,O,-8.261,10.254,0.575,18.215,21.0,O,CC1=NC(=O)c2cc(ccc2N1)CN(C)c3ccc(s3)C(=O)N[C@@H](CCC(=O)O)C(=O)O
TYMS,6zxo,D16,401,1,A,2309,CA,-10.299,9.253,-1.319,4.831,23.0,C,CC1=NC(=O)c2cc(ccc2N1)CN(C)c3ccc(s3)C(=O)N[C@@H](CCC(=O)O)C(=O)O
TYMS,6zxo,D16,401,1,A,2310,CB,-10.336,9.771,-2.79,13.284,24.0,C,CC1=NC(=O)c2cc(ccc2N1)CN(C)c3ccc(s3)C(=O)N[C@@H](CCC(=O)O)C(=O)O
TYMS,6zxo,D16,401,1,A,2311,CG,-11.501,9.287,-3.687,6.038,25.0,C,CC1=NC(=O)c2cc(ccc2N1)CN(C)c3ccc(s3)C(=O)N[C@@H](CCC(=O)O)C(=O)O
TYMS,6zxo,D16,401,1,A,2312,CD,-12.074,10.265,-4.737,8.453,26.0,C,CC1=NC(=O)c2cc(ccc2N1)CN(C)c3ccc(s3)C(=O)N[C@@H](CCC(=O)O)C(=O)O
TYMS,6zxo,D16,401,1,A,2313,OE1,-12.105,9.935,-5.953,36.43,27.0,O,CC1=NC(=O)c2cc(ccc2N1)CN(C)c3ccc(s3)C(=O)N[C@@H](CCC(=O)O)C(=O)O
TYMS,6zxo,D16,401,1,A,2314,OE2,-12.548,11.38,-4.395,46.073,28.0,O,CC1=NC(=O)c2cc(ccc2N1)CN(C)c3ccc(s3)C(=O)N[C@@H](CCC(=O)O)C(=O)O
TYMS,6zxo,D16,401,1,A,2315,CT,-11.35,8.218,-0.988,2.415,29.0,C,CC1=NC(=O)c2cc(ccc2N1)CN(C)c3ccc(s3)C(=O)N[C@@H](CCC(=O)O)C(=O)O
TYMS,6zxo,D16,401,1,A,2316,O1,-10.966,7.094,-0.585,12.858,30.0,O,CC1=NC(=O)c2cc(ccc2N1)CN(C)c3ccc(s3)C(=O)N[C@@H](CCC(=O)O)C(=O)O
TYMS,6zxo,D16,401,1,A,2317,O2,-12.56,8.506,-1.104,27.858,31.0,O,CC1=NC(=O)c2cc(ccc2N1)CN(C)c3ccc(s3)C(=O)N[C@@H](CCC(=O)O)C(=O)O
TYMS,6zxo,D16,401,1,A,2318,CP1,-2.93,6.047,1.338,8.453,14.0,C,CC1=NC(=O)c2cc(ccc2N1)CN(C)c3ccc(s3)C(=O)N[C@@H](CCC(=O)O)C(=O)O
TYMS,6zxo,D16,401,1,B,2287,N1,20.633,-20.492,13.186,8.749,11.0,N,CC1=NC(=O)c2cc(ccc2N1)CN(C)c3ccc(s3)C(=O)N[C@@H](CCC(=O)O)C(=O)O
TYMS,6zxo,D16,401,1,B,2288,C2,19.559,-21.315,13.001,3.623,1.0,C,CC1=NC(=O)c2cc(ccc2N1)CN(C)c3ccc(s3)C(=O)N[C@@H](CCC(=O)O)C(=O)O
TYMS,6zxo,D16,401,1,B,2289,CM2,19.412,-22.159,11.733,4.831,0.0,C,CC1=NC(=O)c2cc(ccc2N1)CN(C)c3ccc(s3)C(=O)N[C@@H](CCC(=O)O)C(=O)O
TYMS,6zxo,D16,401,1,B,2290,N3,18.571,-21.413,13.945,1.094,2.0,N,CC1=NC(=O)c2cc(ccc2N1)CN(C)c3ccc(s3)C(=O)N[C@@H](CCC(=O)O)C(=O)O
TYMS,6zxo,D16,401,1,B,2291,C4,18.591,-20.709,15.093,3.623,3.0,C,CC1=NC(=O)c2cc(ccc2N1)CN(C)c3ccc(s3)C(=O)N[C@@H](CCC(=O)O)C(=O)O
TYMS,6zxo,D16,401,1,B,2292,O4,17.69,-20.812,15.921,2.143,4.0,O,CC1=NC(=O)c2cc(ccc2N1)CN(C)c3ccc(s3)C(=O)N[C@@H](CCC(=O)O)C(=O)O
TYMS,6zxo,D16,401,1,B,2293,C4A,19.721,-19.805,15.368,2.415,5.0,C,CC1=NC(=O)c2cc(ccc2N1)CN(C)c3ccc(s3)C(=O)N[C@@H](CCC(=O)O)C(=O)O
TYMS,6zxo,D16,401,1,B,2294,C5,19.827,-19.084,16.555,3.623,6.0,C,CC1=NC(=O)c2cc(ccc2N1)CN(C)c3ccc(s3)C(=O)N[C@@H](CCC(=O)O)C(=O)O
TYMS,6zxo,D16,401,1,B,2295,C6,20.93,-18.265,16.725,1.208,7.0,C,CC1=NC(=O)c2cc(ccc2N1)CN(C)c3ccc(s3)C(=O)N[C@@H](CCC(=O)O)C(=O)O
TYMS,6zxo,D16,401,1,B,2297,C8,21.853,-18.892,14.537,1.208,9.0,C,CC1=NC(=O)c2cc(ccc2N1)CN(C)c3ccc(s3)C(=O)N[C@@H](CCC(=O)O)C(=O)O
TYMS,6zxo,D16,401,1,B,2298,C8A,20.768,-19.737,14.304,3.623,10.0,C,CC1=NC(=O)c2cc(ccc2N1)CN(C)c3ccc(s3)C(=O)N[C@@H](CCC(=O)O)C(=O)O
TYMS,6zxo,D16,401,1,B,2307,O,21.36,-22.793,20.329,10.715,21.0,O,CC1=NC(=O)c2cc(ccc2N1)CN(C)c3ccc(s3)C(=O)N[C@@H](CCC(=O)O)C(=O)O
TYMS,6zxo,D16,401,1,B,2309,CA,20.339,-23.989,22.786,4.831,23.0,C,CC1=NC(=O)c2cc(ccc2N1)CN(C)c3ccc(s3)C(=O)N[C@@H](CCC(=O)O)C(=O)O
TYMS,6zxo,D16,401,1,B,2310,CB,20.985,-24.257,24.139,1.208,24.0,C,CC1=NC(=O)c2cc(ccc2N1)CN(C)c3ccc(s3)C(=O)N[C@@H](CCC(=O)O)C(=O)O
TYMS,6zxo,D16,401,1,B,2311,CG,22.49,-24.008,24.099,19.322,25.0,C,CC1=NC(=O)c2cc(ccc2N1)CN(C)c3ccc(s3)C(=O)N[C@@H](CCC(=O)O)C(=O)O
TYMS,6zxo,D16,401,1,B,2312,CD,23.074,-23.999,25.498,6.038,26.0,C,CC1=NC(=O)c2cc(ccc2N1)CN(C)c3ccc(s3)C(=O)N[C@@H](CCC(=O)O)C(=O)O
TYMS,6zxo,D16,401,1,B,2313,OE1,24.172,-23.422,25.704,20.358,27.0,O,CC1=NC(=O)c2cc(ccc2N1)CN(C)c3ccc(s3)C(=O)N[C@@H](CCC(=O)O)C(=O)O
TYMS,6zxo,D16,401,1,B,2314,OE2,22.444,-24.579,26.414,26.786,28.0,O,CC1=NC(=O)c2cc(ccc2N1)CN(C)c3ccc(s3)C(=O)N[C@@H](CCC(=O)O)C(=O)O
TYMS,6zxo,D16,401,1,B,2315,CT,18.874,-24.274,22.89,1.208,29.0,C,CC1=NC(=O)c2cc(ccc2N1)CN(C)c3ccc(s3)C(=O)N[C@@H](CCC(=O)O)C(=O)O
TYMS,6zxo,D16,401,1,B,2316,O1,18.097,-23.323,23.191,9.643,30.0,O,CC1=NC(=O)c2cc(ccc2N1)CN(C)c3ccc(s3)C(=O)N[C@@H](CCC(=O)O)C(=O)O
TYMS,6zxo,D16,401,1,B,2317,O2,18.494,-25.446,22.644,5.357,31.0,O,CC1=NC(=O)c2cc(ccc2N1)CN(C)c3ccc(s3)C(=O)N[C@@H](CCC(=O)O)C(=O)O
TYMS,6zxo,D16,401,1,B,2318,CP1,19.127,-16.408,19.08,9.661,14.0,C,CC1=NC(=O)c2cc(ccc2N1)CN(C)c3ccc(s3)C(=O)N[C@@H](CCC(=O)O)C(=O)O
TYMS,6zxo,D16,401,1,D,2282,N1,-11.749,57.966,44.899,9.842,11.0,N,CC1=NC(=O)c2cc(ccc2N1)CN(C)c3ccc(s3)C(=O)N[C@@H](CCC(=O)O)C(=O)O
TYMS,6zxo,D16,401,1,D,2283,C2,-10.419,57.972,44.649,3.623,1.0,C,CC1=NC(=O)c2cc(ccc2N1)CN(C)c3ccc(s3)C(=O)N[C@@H](CCC(=O)O)C(=O)O
TYMS,6zxo,D16,401,1,D,2284,CM2,-9.941,58.687,43.432,6.038,0.0,C,CC1=NC(=O)c2cc(ccc2N1)CN(C)c3ccc(s3)C(=O)N[C@@H](CCC(=O)O)C(=O)O
TYMS,6zxo,D16,401,1,D,2286,C4,-9.858,56.64,46.542,2.415,3.0,C,CC1=NC(=O)c2cc(ccc2N1)CN(C)c3ccc(s3)C(=O)N[C@@H](CCC(=O)O)C(=O)O
TYMS,6zxo,D16,401,1,D,2287,O4,-9.077,56.041,47.301,2.143,4.0,O,CC1=NC(=O)c2cc(ccc2N1)CN(C)c3ccc(s3)C(=O)N[C@@H](CCC(=O)O)C(=O)O
TYMS,6zxo,D16,401,1,D,2288,C4A,-11.268,56.593,46.889,3.623,5.0,C,CC1=NC(=O)c2cc(ccc2N1)CN(C)c3ccc(s3)C(=O)N[C@@H](CCC(=O)O)C(=O)O
TYMS,6zxo,D16,401,1,D,2289,C5,-11.659,55.892,48.027,4.831,6.0,C,CC1=NC(=O)c2cc(ccc2N1)CN(C)c3ccc(s3)C(=O)N[C@@H](CCC(=O)O)C(=O)O
TYMS,6zxo,D16,401,1,D,2290,C6,-13.024,55.894,48.308,3.623,7.0,C,CC1=NC(=O)c2cc(ccc2N1)CN(C)c3ccc(s3)C(=O)N[C@@H](CCC(=O)O)C(=O)O
TYMS,6zxo,D16,401,1,D,2291,C7,-13.932,56.575,47.454,3.623,8.0,C,CC1=NC(=O)c2cc(ccc2N1)CN(C)c3ccc(s3)C(=O)N[C@@H](CCC(=O)O)C(=O)O
TYMS,6zxo,D16,401,1,D,2292,C8,-13.563,57.271,46.29,10.869,9.0,C,CC1=NC(=O)c2cc(ccc2N1)CN(C)c3ccc(s3)C(=O)N[C@@H](CCC(=O)O)C(=O)O
TYMS,6zxo,D16,401,1,D,2293,C8A,-12.217,57.312,45.983,3.623,10.0,C,CC1=NC(=O)c2cc(ccc2N1)CN(C)c3ccc(s3)C(=O)N[C@@H](CCC(=O)O)C(=O)O
TYMS,6zxo,D16,401,1,D,2297,S13,-11.534,57.131,51.87,2.574,19.0,S,CC1=NC(=O)c2cc(ccc2N1)CN(C)c3ccc(s3)C(=O)N[C@@H](CCC(=O)O)C(=O)O
TYMS,6zxo,D16,401,1,D,2302,O,-8.751,56.851,54.685,4.286,21.0,O,CC1=NC(=O)c2cc(ccc2N1)CN(C)c3ccc(s3)C(=O)N[C@@H](CCC(=O)O)C(=O)O
TYMS,6zxo,D16,401,1,D,2303,N,-9.683,58.784,54.221,3.281,22.0,N,CC1=NC(=O)c2cc(ccc2N1)CN(C)c3ccc(s3)C(=O)N[C@@H](CCC(=O)O)C(=O)O
TYMS,6zxo,D16,401,1,D,2305,CB,-7.743,60.237,54.775,13.284,24.0,C,CC1=NC(=O)c2cc(ccc2N1)CN(C)c3ccc(s3)C(=O)N[C@@H](CCC(=O)O)C(=O)O
TYMS,6zxo,D16,401,1,D,2306,CG,-6.348,59.617,54.877,13.284,25.0,C,CC1=NC(=O)c2cc(ccc2N1)CN(C)c3ccc(s3)C(=O)N[C@@H](CCC(=O)O)C(=O)O
TYMS,6zxo,D16,401,1,D,2307,CD,-5.385,60.332,53.918,1.208,26.0,C,CC1=NC(=O)c2cc(ccc2N1)CN(C)c3ccc(s3)C(=O)N[C@@H](CCC(=O)O)C(=O)O
TYMS,6zxo,D16,401,1,D,2308,OE1,-5.866,61.218,53.141,3.214,27.0,O,CC1=NC(=O)c2cc(ccc2N1)CN(C)c3ccc(s3)C(=O)N[C@@H](CCC(=O)O)C(=O)O
TYMS,6zxo,D16,401,1,D,2310,CT,-9.706,60.152,56.255,1.208,29.0,C,CC1=NC(=O)c2cc(ccc2N1)CN(C)c3ccc(s3)C(=O)N[C@@H](CCC(=O)O)C(=O)O
TYMS,6zxo,D16,401,1,D,2311,O1,-10.69,60.745,55.787,35.358,30.0,O,CC1=NC(=O)c2cc(ccc2N1)CN(C)c3ccc(s3)C(=O)N[C@@H](CCC(=O)O)C(=O)O
TYMS,6zxo,D16,401,1,D,2312,O2,-9.42,60.193,57.472,31.072,31.0,O,CC1=NC(=O)c2cc(ccc2N1)CN(C)c3ccc(s3)C(=O)N[C@@H](CCC(=O)O)C(=O)O
TYMS,6zxo,D16,401,1,D,2313,CP1,-12.318,53.305,50.42,10.869,14.0,C,CC1=NC(=O)c2cc(ccc2N1)CN(C)c3ccc(s3)C(=O)N[C@@H](CCC(=O)O)C(=O)O
TYMS,6zxo,D16,401,1,C,2241,N1,-10.441,19.477,34.463,5.468,11.0,N,CC1=NC(=O)c2cc(ccc2N1)CN(C)c3ccc(s3)C(=O)N[C@@H](CCC(=O)O)C(=O)O
TYMS,6zxo,D16,401,1,C,2242,C2,-9.232,19.47,35.053,3.623,1.0,C,CC1=NC(=O)c2cc(ccc2N1)CN(C)c3ccc(s3)C(=O)N[C@@H](CCC(=O)O)C(=O)O
TYMS,6zxo,D16,401,1,C,2243,CM2,-9.084,18.789,36.388,4.831,0.0,C,CC1=NC(=O)c2cc(ccc2N1)CN(C)c3ccc(s3)C(=O)N[C@@H](CCC(=O)O)C(=O)O
TYMS,6zxo,D16,401,1,C,2244,N3,-8.138,20.052,34.496,1.094,2.0,N,CC1=NC(=O)c2cc(ccc2N1)CN(C)c3ccc(s3)C(=O)N[C@@H](CCC(=O)O)C(=O)O
TYMS,6zxo,D16,401,1,C,2245,C4,-8.197,20.681,33.302,3.623,3.0,C,CC1=NC(=O)c2cc(ccc2N1)CN(C)c3ccc(s3)C(=O)N[C@@H](CCC(=O)O)C(=O)O
TYMS,6zxo,D16,401,1,C,2247,C4A,-9.504,20.72,32.604,2.415,5.0,C,CC1=NC(=O)c2cc(ccc2N1)CN(C)c3ccc(s3)C(=O)N[C@@H](CCC(=O)O)C(=O)O
TYMS,6zxo,D16,401,1,C,2248,C5,-9.688,21.335,31.375,2.415,6.0,C,CC1=NC(=O)c2cc(ccc2N1)CN(C)c3ccc(s3)C(=O)N[C@@H](CCC(=O)O)C(=O)O
TYMS,6zxo,D16,401,1,C,2251,C8,-11.887,20.075,32.662,2.415,9.0,C,CC1=NC(=O)c2cc(ccc2N1)CN(C)c3ccc(s3)C(=O)N[C@@H](CCC(=O)O)C(=O)O
TYMS,6zxo,D16,401,1,C,2252,C8A,-10.643,20.063,33.278,3.623,10.0,C,CC1=NC(=O)c2cc(ccc2N1)CN(C)c3ccc(s3)C(=O)N[C@@H](CCC(=O)O)C(=O)O
TYMS,6zxo,D16,401,1,C,2256,S13,-8.819,20.517,28.138,2.574,19.0,S,CC1=NC(=O)c2cc(ccc2N1)CN(C)c3ccc(s3)C(=O)N[C@@H](CCC(=O)O)C(=O)O
TYMS,6zxo,D16,401,1,C,2261,O,-7.156,18.524,26.941,9.643,21.0,O,CC1=NC(=O)c2cc(ccc2N1)CN(C)c3ccc(s3)C(=O)N[C@@H](CCC(=O)O)C(=O)O
TYMS,6zxo,D16,401,1,C,2262,N,-5.924,19.758,25.553,1.094,22.0,N,CC1=NC(=O)c2cc(ccc2N1)CN(C)c3ccc(s3)C(=O)N[C@@H](CCC(=O)O)C(=O)O
TYMS,6zxo,D16,401,1,C,2263,CA,-4.967,18.707,25.268,7.246,23.0,C,CC1=NC(=O)c2cc(ccc2N1)CN(C)c3ccc(s3)C(=O)N[C@@H](CCC(=O)O)C(=O)O
TYMS,6zxo,D16,401,1,C,2264,CB,-4.495,18.073,26.573,6.038,24.0,C,CC1=NC(=O)c2cc(ccc2N1)CN(C)c3ccc(s3)C(=O)N[C@@H](CCC(=O)O)C(=O)O
TYMS,6zxo,D16,401,1,C,2265,CG,-4.603,16.553,26.551,10.869,25.0,C,CC1=NC(=O)c2cc(ccc2N1)CN(C)c3ccc(s3)C(=O)N[C@@H](CCC(=O)O)C(=O)O
TYMS,6zxo,D16,401,1,C,2266,CD,-3.566,15.962,27.476,3.623,26.0,C,CC1=NC(=O)c2cc(ccc2N1)CN(C)c3ccc(s3)C(=O)N[C@@H](CCC(=O)O)C(=O)O
TYMS,6zxo,D16,401,1,C,2267,OE1,-3.944,15.177,28.372,8.572,27.0,O,CC1=NC(=O)c2cc(ccc2N1)CN(C)c3ccc(s3)C(=O)N[C@@H](CCC(=O)O)C(=O)O
TYMS,6zxo,D16,401,1,C,2268,OE2,-2.369,16.282,27.31,13.929,28.0,O,CC1=NC(=O)c2cc(ccc2N1)CN(C)c3ccc(s3)C(=O)N[C@@H](CCC(=O)O)C(=O)O
TYMS,6zxo,D16,401,1,C,2270,O1,-4.864,17.268,23.391,34.287,30.0,O,CC1=NC(=O)c2cc(ccc2N1)CN(C)c3ccc(s3)C(=O)N[C@@H](CCC(=O)O)C(=O)O
TYMS,6zxo,D16,401,1,C,2271,O2,-6.701,17.242,24.595,22.501,31.0,O,CC1=NC(=O)c2cc(ccc2N1)CN(C)c3ccc(s3)C(=O)N[C@@H](CCC(=O)O)C(=O)O
TYMS,6zxo,D16,401,1,C,2272,CP1,-9.826,24.122,29.627,8.453,14.0,C,CC1=NC(=O)c2cc(ccc2N1)CN(C)c3ccc(s3)C(=O)N[C@@H](CCC(=O)O)C(=O)O
TYMS,6zxo,D16,401,1,E,2272,N1,-12.93,7.702,66.254,1.094,11.0,N,CC1=NC(=O)c2cc(ccc2N1)CN(C)c3ccc(s3)C(=O)N[C@@H](CCC(=O)O)C(=O)O
TYMS,6zxo,D16,401,1,E,2273,C2,-14.046,8.426,66.454,3.623,1.0,C,CC1=NC(=O)c2cc(ccc2N1)CN(C)c3ccc(s3)C(=O)N[C@@H](CCC(=O)O)C(=O)O
TYMS,6zxo,D16,401,1,E,2274,CM2,-14.193,9.18,67.749,4.831,0.0,C,CC1=NC(=O)c2cc(ccc2N1)CN(C)c3ccc(s3)C(=O)N[C@@H](CCC(=O)O)C(=O)O
TYMS,6zxo,D16,401,1,E,2275,N3,-15.046,8.505,65.537,2.187,2.0,N,CC1=NC(=O)c2cc(ccc2N1)CN(C)c3ccc(s3)C(=O)N[C@@H](CCC(=O)O)C(=O)O
TYMS,6zxo,D16,401,1,E,2276,C4,-14.964,7.85,64.372,4.831,3.0,C,CC1=NC(=O)c2cc(ccc2N1)CN(C)c3ccc(s3)C(=O)N[C@@H](CCC(=O)O)C(=O)O
TYMS,6zxo,D16,401,1,E,2277,O4,-15.897,7.934,63.534,2.143,4.0,O,CC1=NC(=O)c2cc(ccc2N1)CN(C)c3ccc(s3)C(=O)N[C@@H](CCC(=O)O)C(=O)O
TYMS,6zxo,D16,401,1,E,2278,C4A,-13.773,7.041,64.079,3.623,5.0,C,CC1=NC(=O)c2cc(ccc2N1)CN(C)c3ccc(s3)C(=O)N[C@@H](CCC(=O)O)C(=O)O
TYMS,6zxo,D16,401,1,E,2279,C5,-13.592,6.329,62.902,3.623,6.0,C,CC1=NC(=O)c2cc(ccc2N1)CN(C)c3ccc(s3)C(=O)N[C@@H](CCC(=O)O)C(=O)O
TYMS,6zxo,D16,401,1,E,2280,C6,-12.424,5.591,62.73,1.208,7.0,C,CC1=NC(=O)c2cc(ccc2N1)CN(C)c3ccc(s3)C(=O)N[C@@H](CCC(=O)O)C(=O)O
TYMS,6zxo,D16,401,1,E,2282,C8,-11.585,6.259,64.913,1.208,9.0,C,CC1=NC(=O)c2cc(ccc2N1)CN(C)c3ccc(s3)C(=O)N[C@@H](CCC(=O)O)C(=O)O
TYMS,6zxo,D16,401,1,E,2283,C8A,-12.734,7.008,65.127,2.415,10.0,C,CC1=NC(=O)c2cc(ccc2N1)CN(C)c3ccc(s3)C(=O)N[C@@H](CCC(=O)O)C(=O)O
TYMS,6zxo,D16,401,1,E,2287,S13,-12.788,7.065,59.508,2.574,19.0,S,CC1=NC(=O)c2cc(ccc2N1)CN(C)c3ccc(s3)C(=O)N[C@@H](CCC(=O)O)C(=O)O
TYMS,6zxo,D16,401,1,E,2292,O,-12.585,9.453,57.952,9.643,21.0,O,CC1=NC(=O)c2cc(ccc2N1)CN(C)c3ccc(s3)C(=O)N[C@@H](CCC(=O)O)C(=O)O
TYMS,6zxo,D16,401,1,E,2293,N,-14.178,9.123,56.428,3.281,22.0,N,CC1=NC(=O)c2cc(ccc2N1)CN(C)c3ccc(s3)C(=O)N[C@@H](CCC(=O)O)C(=O)O
TYMS,6zxo,D16,401,1,E,2294,CA,-14.087,10.463,55.881,7.246,23.0,C,CC1=NC(=O)c2cc(ccc2N1)CN(C)c3ccc(s3)C(=O)N[C@@H](CCC(=O)O)C(=O)O
TYMS,6zxo,D16,401,1,E,2295,CB,-14.103,11.487,57.009,1.208,24.0,C,CC1=NC(=O)c2cc(ccc2N1)CN(C)c3ccc(s3)C(=O)N[C@@H](CCC(=O)O)C(=O)O
TYMS,6zxo,D16,401,1,E,2296,CG,-14.519,12.86,56.494,8.453,25.0,C,CC1=NC(=O)c2cc(ccc2N1)CN(C)c3ccc(s3)C(=O)N[C@@H](CCC(=O)O)C(=O)O
TYMS,6zxo,D16,401,1,E,2298,OE1,-13.124,14.31,57.757,22.501,27.0,O,CC1=NC(=O)c2cc(ccc2N1)CN(C)c3ccc(s3)C(=O)N[C@@H](CCC(=O)O)C(=O)O
TYMS,6zxo,D16,401,1,E,2300,CT,-12.843,10.638,55.061,1.208,29.0,C,CC1=NC(=O)c2cc(ccc2N1)CN(C)c3ccc(s3)C(=O)N[C@@H](CCC(=O)O)C(=O)O
TYMS,6zxo,D16,401,1,E,2301,O1,-12.958,11.03,53.88,24.644,30.0,O,CC1=NC(=O)c2cc(ccc2N1)CN(C)c3ccc(s3)C(=O)N[C@@H](CCC(=O)O)C(=O)O
TYMS,6zxo,D16,401,1,E,2302,O2,-11.74,10.385,55.591,22.501,31.0,O,CC1=NC(=O)c2cc(ccc2N1)CN(C)c3ccc(s3)C(=O)N[C@@H](CCC(=O)O)C(=O)O
TYMS,6zxo,D16,401,1,E,2303,CP1,-14.439,3.693,61.041,10.869,14.0,C,CC1=NC(=O)c2cc(ccc2N1)CN(C)c3ccc(s3)C(=O)N[C@@H](CCC(=O)O)C(=O)O
TYMS,6zxo,D16,401,1,F,2246,N1,-37.697,-22.476,74.076,7.655,11.0,N,CC1=NC(=O)c2cc(ccc2N1)CN(C)c3ccc(s3)C(=O)N[C@@H](CCC(=O)O)C(=O)O
TYMS,6zxo,D16,401,1,F,2247,C2,-38.646,-21.838,73.367,4.831,1.0,C,CC1=NC(=O)c2cc(ccc2N1)CN(C)c3ccc(s3)C(=O)N[C@@H](CCC(=O)O)C(=O)O
TYMS,6zxo,D16,401,1,F,2248,CM2,-39.012,-22.372,72.008,3.623,0.0,C,CC1=NC(=O)c2cc(ccc2N1)CN(C)c3ccc(s3)C(=O)N[C@@H](CCC(=O)O)C(=O)O
TYMS,6zxo,D16,401,1,F,2249,N3,-39.29,-20.733,73.826,1.094,2.0,N,CC1=NC(=O)c2cc(ccc2N1)CN(C)c3ccc(s3)C(=O)N[C@@H](CCC(=O)O)C(=O)O
TYMS,6zxo,D16,401,1,F,2250,C4,-39.0,-20.221,75.025,2.415,3.0,C,CC1=NC(=O)c2cc(ccc2N1)CN(C)c3ccc(s3)C(=O)N[C@@H](CCC(=O)O)C(=O)O
TYMS,6zxo,D16,401,1,F,2251,O4,-39.606,-19.193,75.439,2.143,4.0,O,CC1=NC(=O)c2cc(ccc2N1)CN(C)c3ccc(s3)C(=O)N[C@@H](CCC(=O)O)C(=O)O
TYMS,6zxo,D16,401,1,F,2252,C4A,-37.975,-20.859,75.862,2.415,5.0,C,CC1=NC(=O)c2cc(ccc2N1)CN(C)c3ccc(s3)C(=O)N[C@@H](CCC(=O)O)C(=O)O
TYMS,6zxo,D16,401,1,F,2253,C5,-37.606,-20.403,77.119,3.623,6.0,C,CC1=NC(=O)c2cc(ccc2N1)CN(C)c3ccc(s3)C(=O)N[C@@H](CCC(=O)O)C(=O)O
TYMS,6zxo,D16,401,1,F,2254,C6,-36.619,-21.087,77.825,2.415,7.0,C,CC1=NC(=O)c2cc(ccc2N1)CN(C)c3ccc(s3)C(=O)N[C@@H](CCC(=O)O)C(=O)O
TYMS,6zxo,D16,401,1,F,2255,C7,-36.003,-22.217,77.287,2.415,8.0,C,CC1=NC(=O)c2cc(ccc2N1)CN(C)c3ccc(s3)C(=O)N[C@@H](CCC(=O)O)C(=O)O
TYMS,6zxo,D16,401,1,F,2256,C8,-36.346,-22.706,76.029,3.623,9.0,C,CC1=NC(=O)c2cc(ccc2N1)CN(C)c3ccc(s3)C(=O)N[C@@H](CCC(=O)O)C(=O)O
TYMS,6zxo,D16,401,1,F,2257,C8A,-37.324,-22.055,75.29,2.415,10.0,C,CC1=NC(=O)c2cc(ccc2N1)CN(C)c3ccc(s3)C(=O)N[C@@H](CCC(=O)O)C(=O)O
TYMS,6zxo,D16,401,1,F,2266,O,-41.889,-21.577,80.554,10.715,21.0,O,CC1=NC(=O)c2cc(ccc2N1)CN(C)c3ccc(s3)C(=O)N[C@@H](CCC(=O)O)C(=O)O
TYMS,6zxo,D16,401,1,F,2268,CA,-43.41,-21.027,82.764,2.415,23.0,C,CC1=NC(=O)c2cc(ccc2N1)CN(C)c3ccc(s3)C(=O)N[C@@H](CCC(=O)O)C(=O)O
TYMS,6zxo,D16,401,1,F,2269,CB,-43.169,-21.608,84.152,1.208,24.0,C,CC1=NC(=O)c2cc(ccc2N1)CN(C)c3ccc(s3)C(=O)N[C@@H](CCC(=O)O)C(=O)O
TYMS,6zxo,D16,401,1,F,2270,CG,-44.012,-22.857,84.375,20.53,25.0,C,CC1=NC(=O)c2cc(ccc2N1)CN(C)c3ccc(s3)C(=O)N[C@@H](CCC(=O)O)C(=O)O
TYMS,6zxo,D16,401,1,F,2271,CD,-43.697,-23.444,85.73,7.246,26.0,C,CC1=NC(=O)c2cc(ccc2N1)CN(C)c3ccc(s3)C(=O)N[C@@H](CCC(=O)O)C(=O)O
TYMS,6zxo,D16,401,1,F,2272,OE1,-42.51,-23.736,85.992,12.858,27.0,O,CC1=NC(=O)c2cc(ccc2N1)CN(C)c3ccc(s3)C(=O)N[C@@H](CCC(=O)O)C(=O)O
TYMS,6zxo,D16,401,1,F,2273,OE2,-44.634,-23.616,86.54,46.073,28.0,O,CC1=NC(=O)c2cc(ccc2N1)CN(C)c3ccc(s3)C(=O)N[C@@H](CCC(=O)O)C(=O)O
TYMS,6zxo,D16,401,1,F,2274,CT,-44.643,-20.172,82.787,3.623,29.0,C,CC1=NC(=O)c2cc(ccc2N1)CN(C)c3ccc(s3)C(=O)N[C@@H](CCC(=O)O)C(=O)O
TYMS,6zxo,D16,401,1,F,2275,O1,-44.593,-19.039,82.263,19.286,30.0,O,CC1=NC(=O)c2cc(ccc2N1)CN(C)c3ccc(s3)C(=O)N[C@@H](CCC(=O)O)C(=O)O
TYMS,6zxo,D16,401,1,F,2276,O2,-45.673,-20.626,83.331,32.144,31.0,O,CC1=NC(=O)c2cc(ccc2N1)CN(C)c3ccc(s3)C(=O)N[C@@H](CCC(=O)O)C(=O)O
TYMS,6zxo,D16,401,1,F,2277,CP1,-36.23,-18.078,79.19,12.076,14.0,C,CC1=NC(=O)c2cc(ccc2N1)CN(C)c3ccc(s3)C(=O)N[C@@H](CCC(=O)O)C(=O)O
