[15:21:22] Job 5a21a564 created for target: Mpro
[15:21:22] Initializing workspace for Mpro...
[15:21:22] Job 5a21a564 started: 2026-06-09 15:21:22
[15:21:22] 📦 Copying assets from pipeline_assets → jobs/5a21a564 ...
[15:21:22] 🧾 Wrote input.csv and Protein_Data.csv
[15:21:22] 🚀 Running 1_GRABBER.py...
[15:21:22] 🐍 Pipeline Python: /app/.heroku/python/bin/python
[15:21:22] [mem] before 1_GRABBER.py parent=102.8MB combined=102.8MB
[15:21:22] 🧵 Worker caps for 1_GRABBER.py: pipeline_max=2 WARHEAD_SQCHK_MAX_WORKERS=2 WARHEAD_PDBMKR_MAX_WORKERS=2 WARHEAD_SASA_MAX_WORKERS=3 WARHEAD_METADATA_MAX_WORKERS=3 WARHEAD_MCS_MAX_WORKERS=3
[15:21:22] ⏱ No-output watchdog for 1_GRABBER.py: 180s
[15:21:22] [mem] running 1_GRABBER.py parent=102.8MB child_tree=0.6MB combined=103.4MB
🤖 AUTOMATED MODE: Processing input.csv
=== Processing Mpro ===
    🔄 Switching to EBI Backup Search for 'Mpro 6LU7 6Y2E 7BQY 7K3T'...
  → Found 500 candidates
[15:21:28] [mem] running 1_GRABBER.py parent=102.8MB child_tree=112.3MB combined=215.1MB
[15:21:33] [mem] running 1_GRABBER.py parent=102.8MB child_tree=123.0MB combined=225.8MB
[15:21:37] ⚠️ [mem] running 1_GRABBER.py child=384.1MB exceeds warn threshold 360MB
[15:21:38] [mem] running 1_GRABBER.py parent=97.1MB child_tree=321.0MB combined=418.1MB
  → Candidates=500 attempted=500 verified=500 failed=0
  → CIF output directory: /app/jobs/5a21a564/WAR/Mpro
  → Sample verified CIFs: ['WAR/Mpro/12af.cif', 'WAR/Mpro/23lw.cif', 'WAR/Mpro/23ma.cif', 'WAR/Mpro/23ly.cif', 'WAR/Mpro/11ro.cif']
=== DONE ===
✅ Wrote queries.csv with MW_min=250.0, MW_max=700.0, MinID=90.0
✅ CIF manifest rows=500 verified=500 failed=0 root=/app/jobs/5a21a564/WAR
✅ Sample manifest CIF paths: ['WAR/Mpro/12af.cif', 'WAR/Mpro/23lw.cif', 'WAR/Mpro/23ma.cif', 'WAR/Mpro/23ly.cif', 'WAR/Mpro/11ro.cif', 'WAR/Mpro/23mc.cif', 'WAR/Mpro/23me.cif', 'WAR/Mpro/23mb.cif', 'WAR/Mpro/23md.cif', 'WAR/Mpro/23lx.cif']
[15:21:43] [mem] after 1_GRABBER.py parent=97.1MB delta=-5.7MB combined_peak=486.9MB child_peak=384.1MB
[15:21:43] 🚀 Running 2_SQchk.py...
[15:21:43] 🐍 Pipeline Python: /app/.heroku/python/bin/python
[15:21:43] [mem] before 2_SQchk.py parent=97.1MB combined=97.1MB
[15:21:43] 🧵 Worker caps for 2_SQchk.py: pipeline_max=2 WARHEAD_SQCHK_MAX_WORKERS=2 WARHEAD_PDBMKR_MAX_WORKERS=2 WARHEAD_SASA_MAX_WORKERS=3 WARHEAD_METADATA_MAX_WORKERS=3 WARHEAD_MCS_MAX_WORKERS=3
[15:21:43] ⏱ No-output watchdog for 2_SQchk.py: 180s
[15:21:43] [mem] running 2_SQchk.py parent=97.1MB combined=97.1MB
🚀 Running Sequence Identity Analysis...
   Proteins missing fasta/name rows skipped: 0
   MW_min=250.0  MW_max=700.0  (MW filters currently ignored for ligand debug)
   Total PDB jobs to process: 500
   Worker mode=threadpool max_workers=2
  0%|          | 0/500 [00:00<?, ?it/s]DEBUG: 11ro Chain(s) ['A', 'B'] -> Match: 99.0%
DEBUG: 12af Chain(s) ['A'] -> Match: 99.0%
  0%|          | 1/500 [00:00<02:48,  2.95it/s]DEBUG: 23lx Chain(s) ['A'] -> Match: 99.0%
DEBUG: 23lw Chain(s) ['A', 'B'] -> Match: 98.7%
  1%|          | 3/500 [00:00<01:47,  4.63it/s]DEBUG: 23ly Chain(s) ['A', 'B'] -> Match: 98.7%
  1%|          | 5/500 [00:01<01:35,  5.18it/s]DEBUG: 23lz Chain(s) ['A', 'B', 'C', 'D'] -> Match: 98.7%
DEBUG: 23mb Chain(s) ['A', 'B'] -> Match: 98.4%
  1%|▏         | 7/500 [00:01<01:30,  5.43it/s]DEBUG: 23ma Chain(s) ['A', 'B'] -> Match: 96.8%
DEBUG: 23md Chain(s) ['A', 'B'] -> Match: 98.4%
[15:21:48] [mem] running 2_SQchk.py parent=97.1MB child_tree=87.4MB combined=184.5MB
DEBUG: 23mc Chain(s) ['A', 'B'] -> Match: 96.8%
  2%|▏         | 9/500 [00:01<01:30,  5.42it/s]DEBUG: 23mf Chain(s) ['A', 'B'] -> Match: 98.7%
  2%|▏         | 11/500 [00:02<01:27,  5.57it/s]DEBUG: 23me Chain(s) ['A', 'B'] -> Match: 98.4%
DEBUG: 23mh Chain(s) ['A', 'B'] -> Match: 98.4%
  3%|▎         | 13/500 [00:02<01:26,  5.65it/s]DEBUG: 23mg Chain(s) ['A', 'B'] -> Match: 96.8%
DEBUG: 23mi Chain(s) ['A', 'B'] -> Match: 96.8%
DEBUG: 23mj Chain(s) ['A', 'B'] -> Match: 96.8%
  3%|▎         | 15/500 [00:02<01:25,  5.69it/s]DEBUG: 23mk Chain(s) ['A'] -> Match: 98.7%
  3%|▎         | 17/500 [00:03<01:23,  5.79it/s]DEBUG: 23ml Chain(s) ['A', 'B'] -> Match: 98.7%
DEBUG: 3e91 Chain(s) ['A', 'B'] -> Match: 96.1%
  4%|▍         | 19/500 [00:03<01:22,  5.85it/s]DEBUG: 6z2e Chain(s) ['AAA'] -> Match: 99.0%
DEBUG: 7aeg Chain(s) ['A'] -> Match: 99.0%
DEBUG: 7aeg Chain(s) ['B'] -> Match: 60.0%
  4%|▍         | 21/500 [00:03<01:22,  5.84it/s]DEBUG: 7aeh Chain(s) ['A'] -> Match: 99.0%
DEBUG: 7alh Chain(s) ['A'] -> Match: 99.0%
  5%|▍         | 23/500 [00:04<01:20,  5.90it/s]DEBUG: 7ali Chain(s) ['A', 'B'] -> Match: 99.0%
DEBUG: 7bb2 Chain(s) ['A', 'B'] -> Match: 99.0%
  5%|▌         | 25/500 [00:04<01:20,  5.87it/s]DEBUG: 7be7 Chain(s) ['A', 'B'] -> Match: 99.0%
DEBUG: 7bfb Chain(s) ['A', 'B'] -> Match: 99.0%
  5%|▌         | 27/500 [00:04<01:20,  5.86it/s]DEBUG: 7bgp Chain(s) ['A', 'B'] -> Match: 99.0%
DEBUG: 7dg6 Chain(s) ['A'] -> Match: 98.7%
  6%|▌         | 29/500 [00:05<01:19,  5.89it/s]DEBUG: 7gax Chain(s) ['A'] -> Match: 99.0%
DEBUG: 7gay Chain(s) ['A'] -> Match: 99.0%
  6%|▌         | 31/500 [00:05<01:19,  5.92it/s]DEBUG: 7gaz Chain(s) ['A'] -> Match: 99.0%
DEBUG: 7gb0 Chain(s) ['A'] -> Match: 99.0%
  7%|▋         | 33/500 [00:05<01:18,  5.92it/s]DEBUG: 7gb1 Chain(s) ['A'] -> Match: 99.0%
DEBUG: 7gb2 Chain(s) ['A'] -> Match: 99.0%
  7%|▋         | 35/500 [00:06<01:18,  5.92it/s]DEBUG: 7gb3 Chain(s) ['A'] -> Match: 99.0%
DEBUG: 7gb4 Chain(s) ['A'] -> Match: 99.0%
  7%|▋         | 37/500 [00:06<01:18,  5.92it/s]DEBUG: 7gb5 Chain(s) ['A'] -> Match: 99.0%
DEBUG: 7gb6 Chain(s) ['A'] -> Match: 99.0%
  8%|▊         | 39/500 [00:06<01:18,  5.85it/s]DEBUG: 7gb7 Chain(s) ['A'] -> Match: 99.0%
DEBUG: 7gb8 Chain(s) ['A'] -> Match: 99.0%
[15:21:54] [mem] running 2_SQchk.py parent=97.1MB child_tree=87.5MB combined=184.6MB
  8%|▊         | 41/500 [00:07<01:18,  5.85it/s]DEBUG: 7gb9 Chain(s) ['A'] -> Match: 99.0%
DEBUG: 7gba Chain(s) ['A'] -> Match: 99.0%
  9%|▊         | 43/500 [00:07<01:17,  5.87it/s]DEBUG: 7gbb Chain(s) ['A'] -> Match: 99.0%
DEBUG: 7gbc Chain(s) ['A'] -> Match: 99.0%
  9%|▉         | 45/500 [00:07<01:17,  5.86it/s]DEBUG: 7gbd Chain(s) ['A'] -> Match: 99.0%
DEBUG: 7gbe Chain(s) ['A'] -> Match: 99.0%
  9%|▉         | 47/500 [00:08<01:17,  5.88it/s]DEBUG: 7gbf Chain(s) ['A'] -> Match: 99.0%
DEBUG: 7gbg Chain(s) ['A'] -> Match: 99.0%
 10%|▉         | 49/500 [00:08<01:16,  5.87it/s]DEBUG: 7gbh Chain(s) ['A'] -> Match: 99.0%
DEBUG: 7gbi Chain(s) ['A'] -> Match: 99.0%
 10%|█         | 51/500 [00:08<01:16,  5.89it/s]DEBUG: 7gbj Chain(s) ['A'] -> Match: 99.0%
DEBUG: 7gbk Chain(s) ['A'] -> Match: 99.0%
 11%|█         | 53/500 [00:09<01:15,  5.89it/s]DEBUG: 7gbl Chain(s) ['A'] -> Match: 99.0%
DEBUG: 7gbm Chain(s) ['A'] -> Match: 99.0%
 11%|█         | 55/500 [00:09<01:15,  5.90it/s]DEBUG: 7gbn Chain(s) ['A'] -> Match: 99.0%
DEBUG: 7gbo Chain(s) ['A'] -> Match: 99.0%
 11%|█▏        | 57/500 [00:09<01:15,  5.88it/s]DEBUG: 7gbp Chain(s) ['A'] -> Match: 99.0%
DEBUG: 7gbq Chain(s) ['A'] -> Match: 99.0%
 12%|█▏        | 59/500 [00:10<01:14,  5.88it/s]DEBUG: 7gbr Chain(s) ['A'] -> Match: 99.0%
DEBUG: 7gbs Chain(s) ['A'] -> Match: 99.0%
 12%|█▏        | 61/500 [00:10<01:14,  5.88it/s]DEBUG: 7gbt Chain(s) ['A'] -> Match: 99.0%
DEBUG: 7gbu Chain(s) ['A'] -> Match: 99.0%
 13%|█▎        | 63/500 [00:10<01:14,  5.87it/s]DEBUG: 7gbv Chain(s) ['A'] -> Match: 99.0%
DEBUG: 7gbw Chain(s) ['A'] -> Match: 99.0%
 13%|█▎        | 65/500 [00:11<01:14,  5.86it/s]DEBUG: 7gbx Chain(s) ['A'] -> Match: 99.0%
DEBUG: 7gby Chain(s) ['A'] -> Match: 99.0%
 13%|█▎        | 67/500 [00:11<01:13,  5.86it/s]DEBUG: 7gbz Chain(s) ['A'] -> Match: 99.0%
DEBUG: 7gc0 Chain(s) ['A'] -> Match: 99.0%
 14%|█▍        | 69/500 [00:11<01:13,  5.86it/s]DEBUG: 7gc1 Chain(s) ['A'] -> Match: 99.0%
DEBUG: 7gc2 Chain(s) ['A'] -> Match: 99.0%
 14%|█▍        | 71/500 [00:12<01:13,  5.81it/s]DEBUG: 7gc3 Chain(s) ['A'] -> Match: 99.0%
DEBUG: 7gc5 Chain(s) ['A'] -> Match: 99.0%
[15:21:59] [mem] running 2_SQchk.py parent=97.1MB child_tree=87.6MB combined=184.7MB
 15%|█▍        | 73/500 [00:12<01:13,  5.83it/s]DEBUG: 7gc4 Chain(s) ['A'] -> Match: 99.0%
DEBUG: 7gc6 Chain(s) ['A'] -> Match: 99.0%
 15%|█▌        | 75/500 [00:12<01:12,  5.86it/s]DEBUG: 7gc7 Chain(s) ['A'] -> Match: 99.0%
DEBUG: 7gc8 Chain(s) ['A'] -> Match: 99.0%
 15%|█▌        | 77/500 [00:13<01:12,  5.86it/s]DEBUG: 7gc9 Chain(s) ['A'] -> Match: 99.0%
DEBUG: 7gca Chain(s) ['A'] -> Match: 99.0%
 16%|█▌        | 79/500 [00:13<01:11,  5.85it/s]DEBUG: 7gcb Chain(s) ['A'] -> Match: 99.0%
DEBUG: 7gcc Chain(s) ['A'] -> Match: 99.0%
 16%|█▌        | 81/500 [00:13<01:11,  5.85it/s]DEBUG: 7gcd Chain(s) ['A'] -> Match: 99.0%
DEBUG: 7gcf Chain(s) ['A'] -> Match: 99.0%
 17%|█▋        | 83/500 [00:14<01:11,  5.85it/s]DEBUG: 7gce Chain(s) ['A'] -> Match: 99.0%
DEBUG: 7gcg Chain(s) ['A'] -> Match: 99.0%
 17%|█▋        | 85/500 [00:14<01:10,  5.86it/s]DEBUG: 7gci Chain(s) ['A'] -> Match: 99.0%
DEBUG: 7gcj Chain(s) ['A'] -> Match: 99.0%
 17%|█▋        | 87/500 [00:15<01:10,  5.85it/s]DEBUG: 7gck Chain(s) ['A'] -> Match: 99.0%
DEBUG: 7gcl Chain(s) ['A'] -> Match: 99.0%
 18%|█▊        | 89/500 [00:15<01:10,  5.87it/s]DEBUG: 7gcm Chain(s) ['A'] -> Match: 99.0%
DEBUG: 7gcn Chain(s) ['A'] -> Match: 99.0%
DEBUG: 7gco Chain(s) ['A'] -> Match: 99.0%
 18%|█▊        | 91/500 [00:15<01:09,  5.87it/s]DEBUG: 7gcq Chain(s) ['A'] -> Match: 99.0%
 19%|█▊        | 93/500 [00:16<01:09,  5.87it/s]DEBUG: 7gcp Chain(s) ['A'] -> Match: 99.0%
DEBUG: 7gcr Chain(s) ['A'] -> Match: 99.0%
 19%|█▉        | 95/500 [00:16<01:08,  5.87it/s]DEBUG: 7gcs Chain(s) ['A'] -> Match: 99.0%
DEBUG: 7gct Chain(s) ['A'] -> Match: 99.0%
 19%|█▉        | 97/500 [00:16<01:08,  5.88it/s]DEBUG: 7gcu Chain(s) ['A'] -> Match: 99.0%
DEBUG: 7gcv Chain(s) ['A'] -> Match: 99.0%
 20%|█▉        | 99/500 [00:17<01:08,  5.90it/s]DEBUG: 7gcw Chain(s) ['A'] -> Match: 99.0%
DEBUG: 7gcy Chain(s) ['A'] -> Match: 99.0%
DEBUG: 7gcx Chain(s) ['A'] -> Match: 99.0%
 20%|██        | 101/500 [00:17<01:07,  5.88it/s]DEBUG: 7gd0 Chain(s) ['A'] -> Match: 99.0%
DEBUG: 7gcz Chain(s) ['A'] -> Match: 99.0%
 21%|██        | 103/500 [00:17<01:07,  5.88it/s]DEBUG: 7gd2 Chain(s) ['A'] -> Match: 99.0%
[15:22:05] [mem] running 2_SQchk.py parent=97.1MB child_tree=87.6MB combined=184.7MB
 21%|██        | 105/500 [00:18<01:07,  5.88it/s]DEBUG: 7gd1 Chain(s) ['A'] -> Match: 99.0%
DEBUG: 7gd3 Chain(s) ['A'] -> Match: 99.0%
 21%|██▏       | 107/500 [00:18<01:06,  5.88it/s]DEBUG: 7gd4 Chain(s) ['A'] -> Match: 99.0%
DEBUG: 7gd5 Chain(s) ['A'] -> Match: 99.0%
 22%|██▏       | 109/500 [00:18<01:06,  5.88it/s]DEBUG: 7gd6 Chain(s) ['A'] -> Match: 99.0%
DEBUG: 7gd8 Chain(s) ['A'] -> Match: 99.0%
 22%|██▏       | 111/500 [00:19<01:06,  5.88it/s]DEBUG: 7gd7 Chain(s) ['A'] -> Match: 99.0%
DEBUG: 7gd9 Chain(s) ['A'] -> Match: 99.0%DEBUG: 7gda Chain(s) ['A'] -> Match: 99.0%
 23%|██▎       | 113/500 [00:19<01:05,  5.87it/s]DEBUG: 7gdc Chain(s) ['A'] -> Match: 99.0%
DEBUG: 7gdb Chain(s) ['A'] -> Match: 99.0%
 23%|██▎       | 115/500 [00:19<01:05,  5.87it/s]DEBUG: 7gde Chain(s) ['A'] -> Match: 99.0%
 23%|██▎       | 117/500 [00:20<01:05,  5.85it/s]DEBUG: 7gdd Chain(s) ['A'] -> Match: 99.0%
DEBUG: 7gdf Chain(s) ['A'] -> Match: 99.0%
 24%|██▍       | 119/500 [00:20<01:05,  5.85it/s]DEBUG: 7gdg Chain(s) ['A'] -> Match: 99.0%
DEBUG: 7gdh Chain(s) ['A'] -> Match: 99.0%
 24%|██▍       | 121/500 [00:20<01:04,  5.88it/s]DEBUG: 7gdi Chain(s) ['A'] -> Match: 99.0%
DEBUG: 7gdj Chain(s) ['A'] -> Match: 99.0%
 25%|██▍       | 123/500 [00:21<01:04,  5.86it/s]DEBUG: 7gdk Chain(s) ['A'] -> Match: 99.0%
DEBUG: 7gdl Chain(s) ['A'] -> Match: 99.0%
 25%|██▌       | 125/500 [00:21<01:04,  5.85it/s]DEBUG: 7gdm Chain(s) ['A'] -> Match: 99.0%
DEBUG: 7gdn Chain(s) ['A'] -> Match: 99.0%
 25%|██▌       | 127/500 [00:21<01:03,  5.85it/s]DEBUG: 7gdo Chain(s) ['A'] -> Match: 99.0%
DEBUG: 7gdp Chain(s) ['A'] -> Match: 99.0%
 26%|██▌       | 129/500 [00:22<01:03,  5.84it/s]DEBUG: 7gdq Chain(s) ['A'] -> Match: 99.0%
 26%|██▌       | 130/500 [00:22<01:07,  5.51it/s]DEBUG: 7gdr Chain(s) ['A'] -> Match: 99.0%
 26%|██▌       | 131/500 [00:22<01:07,  5.46it/s]DEBUG: 7gds Chain(s) ['A'] -> Match: 99.0%
 26%|██▋       | 132/500 [00:22<01:04,  5.69it/s]DEBUG: 7gdt Chain(s) ['A'] -> Match: 99.0%
 27%|██▋       | 133/500 [00:22<01:05,  5.61it/s]DEBUG: 7gdu Chain(s) ['A'] -> Match: 99.0%
 27%|██▋       | 134/500 [00:23<01:02,  5.85it/s]DEBUG: 7gdv Chain(s) ['A'] -> Match: 99.0%
[15:22:10] [mem] running 2_SQchk.py parent=97.1MB child_tree=87.6MB combined=184.7MB
 27%|██▋       | 135/500 [00:23<01:04,  5.69it/s]DEBUG: 7gdw Chain(s) ['A'] -> Match: 99.0%
 27%|██▋       | 136/500 [00:23<01:02,  5.85it/s]DEBUG: 7gdx Chain(s) ['A'] -> Match: 99.0%
 27%|██▋       | 137/500 [00:23<01:03,  5.68it/s]DEBUG: 7gdy Chain(s) ['A'] -> Match: 99.0%
 28%|██▊       | 138/500 [00:23<01:01,  5.91it/s]DEBUG: 7gdz Chain(s) ['A'] -> Match: 99.0%
 28%|██▊       | 139/500 [00:23<01:03,  5.67it/s]DEBUG: 7ge0 Chain(s) ['A'] -> Match: 99.0%
 28%|██▊       | 140/500 [00:24<01:01,  5.87it/s]DEBUG: 7ge1 Chain(s) ['A'] -> Match: 99.0%
 28%|██▊       | 141/500 [00:24<01:03,  5.69it/s]DEBUG: 7ge2 Chain(s) ['A'] -> Match: 99.0%
 28%|██▊       | 142/500 [00:24<01:00,  5.94it/s]DEBUG: 7ge3 Chain(s) ['A'] -> Match: 99.0%
 29%|██▊       | 143/500 [00:24<01:03,  5.66it/s]DEBUG: 7ge4 Chain(s) ['A'] -> Match: 99.0%
 29%|██▉       | 144/500 [00:24<01:00,  5.90it/s]DEBUG: 7ge5 Chain(s) ['A'] -> Match: 99.0%
 29%|██▉       | 145/500 [00:24<01:02,  5.69it/s]DEBUG: 7ge6 Chain(s) ['A'] -> Match: 99.0%
 29%|██▉       | 146/500 [00:25<00:59,  5.95it/s]DEBUG: 7ge7 Chain(s) ['A'] -> Match: 99.0%
 29%|██▉       | 147/500 [00:25<01:02,  5.69it/s]DEBUG: 7ge9 Chain(s) ['A'] -> Match: 99.0%
 30%|██▉       | 148/500 [00:25<01:19,  4.42it/s]DEBUG: 7ge8 Chain(s) ['A'] -> Match: 99.0%
DEBUG: 7gea Chain(s) ['A'] -> Match: 99.0%
 30%|███       | 150/500 [00:26<01:10,  4.99it/s]DEBUG: 7geb Chain(s) ['A'] -> Match: 99.0%
DEBUG: 7gec Chain(s) ['A'] -> Match: 99.0%
 30%|███       | 152/500 [00:26<01:05,  5.30it/s]DEBUG: 7ged Chain(s) ['A'] -> Match: 99.0%
DEBUG: 7gee Chain(s) ['A'] -> Match: 99.0%
 31%|███       | 154/500 [00:26<01:03,  5.47it/s]DEBUG: 7gef Chain(s) ['A'] -> Match: 99.0%
DEBUG: 7geg Chain(s) ['A'] -> Match: 99.0%
DEBUG: 7geh Chain(s) ['A'] -> Match: 99.0%
 31%|███       | 156/500 [00:27<01:01,  5.56it/s]
DEBUG: 7gei Chain(s) ['A'] -> Match: 99.0%
DEBUG: 7gej Chain(s) ['A'] -> Match: 99.0%
 32%|███▏      | 158/500 [00:27<01:00,  5.63it/s]DEBUG: 7gek Chain(s) ['A'] -> Match: 99.0%
 32%|███▏      | 160/500 [00:27<00:59,  5.69it/s]DEBUG: 7gel Chain(s) ['A'] -> Match: 99.0%
DEBUG: 7gen Chain(s) ['A'] -> Match: 99.0%
DEBUG: 7gem Chain(s) ['A'] -> Match: 99.0%
 32%|███▏      | 162/500 [00:28<00:59,  5.71it/s]DEBUG: 7geo Chain(s) ['A'] -> Match: 99.0%
 33%|███▎      | 164/500 [00:28<00:58,  5.77it/s]DEBUG: 7geq Chain(s) ['A'] -> Match: 99.0%
DEBUG: 7ger Chain(s) ['A'] -> Match: 99.0%
[15:22:15] [mem] running 2_SQchk.py parent=97.1MB child_tree=87.6MB combined=184.7MB
 33%|███▎      | 166/500 [00:28<00:57,  5.79it/s]DEBUG: 7ges Chain(s) ['A'] -> Match: 99.0%
DEBUG: 7get Chain(s) ['A'] -> Match: 99.0%
 34%|███▎      | 168/500 [00:29<00:56,  5.83it/s]DEBUG: 7geu Chain(s) ['A'] -> Match: 99.0%
DEBUG: 7gev Chain(s) ['A'] -> Match: 99.0%
 34%|███▍      | 170/500 [00:29<00:56,  5.84it/s]DEBUG: 7gew Chain(s) ['A'] -> Match: 99.0%
DEBUG: 7gex Chain(s) ['A'] -> Match: 99.0%
 34%|███▍      | 172/500 [00:29<00:56,  5.84it/s]DEBUG: 7gey Chain(s) ['A'] -> Match: 99.0%
DEBUG: 7gf0 Chain(s) ['A'] -> Match: 99.0%
 35%|███▍      | 174/500 [00:30<00:56,  5.81it/s]DEBUG: 7gez Chain(s) ['A'] -> Match: 99.0%
DEBUG: 7gf1 Chain(s) ['A'] -> Match: 99.0%
 35%|███▌      | 176/500 [00:30<00:55,  5.81it/s]DEBUG: 7gf2 Chain(s) ['A'] -> Match: 99.0%
DEBUG: 7gf3 Chain(s) ['A'] -> Match: 99.0%
 36%|███▌      | 178/500 [00:30<00:55,  5.80it/s]DEBUG: 7gf4 Chain(s) ['A'] -> Match: 99.0%
DEBUG: 7gf5 Chain(s) ['A'] -> Match: 99.0%
 36%|███▌      | 180/500 [00:31<00:54,  5.82it/s]DEBUG: 7gf6 Chain(s) ['A'] -> Match: 99.0%
DEBUG: 7gf7 Chain(s) ['A'] -> Match: 99.0%
 36%|███▋      | 182/500 [00:31<00:54,  5.86it/s]DEBUG: 7gf8 Chain(s) ['A'] -> Match: 99.0%
DEBUG: 7gfa Chain(s) ['A'] -> Match: 99.0%
 37%|███▋      | 184/500 [00:31<00:55,  5.71it/s]DEBUG: 7gf9 Chain(s) ['A'] -> Match: 99.0%
 37%|███▋      | 185/500 [00:32<00:55,  5.64it/s]DEBUG: 7gfb Chain(s) ['A'] -> Match: 99.0%
 37%|███▋      | 186/500 [00:32<00:54,  5.80it/s]DEBUG: 7gfc Chain(s) ['A'] -> Match: 99.0%
 37%|███▋      | 187/500 [00:32<00:54,  5.71it/s]DEBUG: 7gfd Chain(s) ['A'] -> Match: 99.0%
 38%|███▊      | 188/500 [00:32<00:53,  5.83it/s]DEBUG: 7gff Chain(s) ['A'] -> Match: 99.0%
 38%|███▊      | 189/500 [00:32<01:07,  4.63it/s]DEBUG: 7gfe Chain(s) ['A'] -> Match: 99.0%
DEBUG: 7gfg Chain(s) ['A'] -> Match: 99.0%
 38%|███▊      | 191/500 [00:33<01:00,  5.09it/s]DEBUG: 7gfh Chain(s) ['A'] -> Match: 99.0%
DEBUG: 7gfi Chain(s) ['A'] -> Match: 99.0%
 39%|███▊      | 193/500 [00:33<00:57,  5.34it/s]DEBUG: 7gfj Chain(s) ['A'] -> Match: 99.0%
DEBUG: 7gfk Chain(s) ['A'] -> Match: 99.0%
 39%|███▉      | 195/500 [00:33<00:55,  5.47it/s]DEBUG: 7gfl Chain(s) ['A'] -> Match: 99.0%
DEBUG: 7gfm Chain(s) ['A'] -> Match: 99.0%
[15:22:21] [mem] running 2_SQchk.py parent=97.1MB child_tree=87.6MB combined=184.7MB
 39%|███▉      | 197/500 [00:34<00:54,  5.54it/s]DEBUG: 7gfn Chain(s) ['A'] -> Match: 99.0%
DEBUG: 7gfo Chain(s) ['A'] -> Match: 99.0%
 40%|███▉      | 199/500 [00:34<00:53,  5.65it/s]DEBUG: 7gfp Chain(s) ['A'] -> Match: 99.0%
DEBUG: 7gfq Chain(s) ['A'] -> Match: 99.0%
 40%|████      | 201/500 [00:34<00:52,  5.70it/s]DEBUG: 7gfr Chain(s) ['A'] -> Match: 99.0%
DEBUG: 7gfs Chain(s) ['A'] -> Match: 99.0%
 41%|████      | 203/500 [00:35<00:51,  5.74it/s]DEBUG: 7gft Chain(s) ['A'] -> Match: 99.0%
DEBUG: 7gfu Chain(s) ['A'] -> Match: 99.0%
 41%|████      | 205/500 [00:35<00:51,  5.77it/s]DEBUG: 7gfv Chain(s) ['A'] -> Match: 99.0%
DEBUG: 7gfw Chain(s) ['A'] -> Match: 99.0%
 41%|████▏     | 207/500 [00:36<00:50,  5.80it/s]DEBUG: 7gfx Chain(s) ['A'] -> Match: 99.0%
DEBUG: 7gfy Chain(s) ['A'] -> Match: 99.0%
 42%|████▏     | 209/500 [00:36<00:50,  5.78it/s]DEBUG: 7gfz Chain(s) ['A'] -> Match: 99.0%
DEBUG: 7gg0 Chain(s) ['A'] -> Match: 99.0%
 42%|████▏     | 211/500 [00:36<00:50,  5.75it/s]DEBUG: 7gg1 Chain(s) ['A'] -> Match: 99.0%
DEBUG: 7gg2 Chain(s) ['A'] -> Match: 99.0%
 43%|████▎     | 213/500 [00:37<00:49,  5.80it/s]DEBUG: 7gg3 Chain(s) ['A'] -> Match: 99.0%
DEBUG: 7gg4 Chain(s) ['A'] -> Match: 99.0%
 43%|████▎     | 215/500 [00:37<00:48,  5.83it/s]DEBUG: 7gg5 Chain(s) ['A'] -> Match: 99.0%
DEBUG: 7gg6 Chain(s) ['A'] -> Match: 99.0%
 43%|████▎     | 217/500 [00:37<00:48,  5.84it/s]DEBUG: 7gg7 Chain(s) ['A'] -> Match: 99.0%
DEBUG: 7gg8 Chain(s) ['A'] -> Match: 99.0%
 44%|████▍     | 219/500 [00:38<00:48,  5.83it/s]DEBUG: 7gg9 Chain(s) ['A'] -> Match: 99.0%
DEBUG: 7gga Chain(s) ['A'] -> Match: 99.0%
 44%|████▍     | 221/500 [00:38<00:47,  5.86it/s]DEBUG: 7ggb Chain(s) ['A'] -> Match: 99.0%
DEBUG: 7ggc Chain(s) ['A'] -> Match: 99.0%
 45%|████▍     | 223/500 [00:38<00:47,  5.85it/s]DEBUG: 7ggd Chain(s) ['A'] -> Match: 99.0%
DEBUG: 7gge Chain(s) ['A'] -> Match: 99.0%
 45%|████▌     | 225/500 [00:39<00:47,  5.84it/s]DEBUG: 7ggf Chain(s) ['A'] -> Match: 99.0%
DEBUG: 7ggg Chain(s) ['A'] -> Match: 99.0%
 45%|████▌     | 227/500 [00:39<00:46,  5.84it/s]DEBUG: 7ggh Chain(s) ['A'] -> Match: 99.0%
DEBUG: 7ggi Chain(s) ['A'] -> Match: 99.0%
[15:22:26] [mem] running 2_SQchk.py parent=97.1MB child_tree=87.7MB combined=184.8MB
 46%|████▌     | 229/500 [00:39<00:46,  5.84it/s]DEBUG: 7ggj Chain(s) ['A'] -> Match: 99.0%
DEBUG: 7ggk Chain(s) ['A'] -> Match: 99.0%
 46%|████▌     | 231/500 [00:40<00:45,  5.86it/s]DEBUG: 7ggl Chain(s) ['A'] -> Match: 99.0%
DEBUG: 7ggm Chain(s) ['A'] -> Match: 99.0%
 47%|████▋     | 233/500 [00:40<00:45,  5.85it/s]DEBUG: 7ggn Chain(s) ['A'] -> Match: 99.0%
DEBUG: 7ggo Chain(s) ['A'] -> Match: 99.0%
DEBUG: 7ggp Chain(s) ['A'] -> Match: 99.0%
 47%|████▋     | 235/500 [00:40<00:47,  5.57it/s]DEBUG: 7ggq Chain(s) ['A'] -> Match: 99.0%
 47%|████▋     | 237/500 [00:41<00:46,  5.68it/s]DEBUG: 7ggr Chain(s) ['A'] -> Match: 99.0%
DEBUG: 7ggs Chain(s) ['A'] -> Match: 99.0%
 48%|████▊     | 239/500 [00:41<00:45,  5.73it/s]DEBUG: 7ggt Chain(s) ['A'] -> Match: 99.0%
DEBUG: 7ggu Chain(s) ['A'] -> Match: 99.0%
 48%|████▊     | 241/500 [00:41<00:44,  5.77it/s]DEBUG: 7ggv Chain(s) ['A'] -> Match: 99.0%
DEBUG: 7ggw Chain(s) ['A'] -> Match: 99.0%
 49%|████▊     | 243/500 [00:42<00:44,  5.81it/s]DEBUG: 7ggx Chain(s) ['A'] -> Match: 99.0%
DEBUG: 7ggy Chain(s) ['A'] -> Match: 99.0%
 49%|████▉     | 245/500 [00:42<00:43,  5.82it/s]DEBUG: 7ggz Chain(s) ['A'] -> Match: 99.0%
DEBUG: 7gh0 Chain(s) ['A'] -> Match: 99.0%
 49%|████▉     | 247/500 [00:42<00:43,  5.83it/s]DEBUG: 7gh2 Chain(s) ['A'] -> Match: 99.0%
 50%|████▉     | 248/500 [00:43<00:50,  4.96it/s]DEBUG: 7gh1 Chain(s) ['A'] -> Match: 99.0%
 50%|████▉     | 249/500 [00:43<00:47,  5.31it/s]DEBUG: 7gh3 Chain(s) ['A'] -> Match: 99.0%
 50%|█████     | 250/500 [00:43<00:48,  5.19it/s]DEBUG: 7gh4 Chain(s) ['A'] -> Match: 99.0%
 50%|█████     | 251/500 [00:43<00:44,  5.58it/s]DEBUG: 7gh5 Chain(s) ['A'] -> Match: 99.0%
 50%|█████     | 252/500 [00:43<00:46,  5.39it/s]DEBUG: 7gh6 Chain(s) ['A'] -> Match: 99.0%
 51%|█████     | 253/500 [00:44<00:42,  5.82it/s]DEBUG: 7gh7 Chain(s) ['A'] -> Match: 99.0%
 51%|█████     | 254/500 [00:44<00:44,  5.50it/s]DEBUG: 7gh8 Chain(s) ['A'] -> Match: 99.0%
 51%|█████     | 255/500 [00:44<00:41,  5.95it/s]DEBUG: 7gh9 Chain(s) ['A'] -> Match: 99.0%
 51%|█████     | 256/500 [00:44<00:43,  5.57it/s]DEBUG: 7gha Chain(s) ['A'] -> Match: 99.0%
 51%|█████▏    | 257/500 [00:44<00:40,  6.06it/s]DEBUG: 7ghb Chain(s) ['A'] -> Match: 99.0%
 52%|█████▏    | 258/500 [00:44<00:43,  5.62it/s]DEBUG: 7jp0 Chain(s) ['A'] -> Match: 99.0%
 52%|█████▏    | 259/500 [00:45<00:39,  6.03it/s]DEBUG: 7k3t Chain(s) ['A'] -> Match: 99.0%
[15:22:32] [mem] running 2_SQchk.py parent=97.1MB child_tree=87.7MB combined=184.8MB
 52%|█████▏    | 260/500 [00:45<00:42,  5.65it/s]DEBUG: 7k6e Chain(s) ['A'] -> Match: 99.0%
 52%|█████▏    | 261/500 [00:45<00:54,  4.42it/s]DEBUG: 7k6d Chain(s) ['A'] -> Match: 99.0%
DEBUG: 7lbn Chain(s) ['A'] -> Match: 99.0%
DEBUG: 7lbn Chain(s) ['D'] -> Match: 50.0%
DEBUG: 7lkd Chain(s) ['A', 'B'] -> Match: 99.0%
 53%|█████▎    | 263/500 [00:45<00:48,  4.94it/s]DEBUG: 7mat Chain(s) ['A', 'B'] -> Match: 99.0%
 53%|█████▎    | 265/500 [00:46<00:44,  5.24it/s]DEBUG: 7lke Chain(s) ['A'] -> Match: 99.0%
DEBUG: 7mau Chain(s) ['A', 'B'] -> Match: 99.0%
 53%|█████▎    | 267/500 [00:46<00:42,  5.43it/s]DEBUG: 7mav Chain(s) ['A', 'B'] -> Match: 99.0%
DEBUG: 7maw Chain(s) ['A', 'B'] -> Match: 99.0%
 54%|█████▍    | 269/500 [00:47<00:41,  5.56it/s]DEBUG: 7max Chain(s) ['A', 'B'] -> Match: 99.0%
DEBUG: 7maz Chain(s) ['A', 'B'] -> Match: 99.0%
 54%|█████▍    | 271/500 [00:47<00:40,  5.64it/s]DEBUG: 7mb0 Chain(s) ['A', 'B'] -> Match: 99.0%
DEBUG: 7mb1 Chain(s) ['A', 'B'] -> Match: 99.0%
 55%|█████▍    | 273/500 [00:47<00:39,  5.69it/s]DEBUG: 7mb2 Chain(s) ['A', 'B'] -> Match: 99.0%
DEBUG: 7mhf Chain(s) ['A'] -> Match: 99.0%
 55%|█████▌    | 275/500 [00:48<00:39,  5.73it/s]DEBUG: 7mb3 Chain(s) ['A', 'B', 'C', 'D', 'E', 'F'] -> Match: 99.0%
DEBUG: 7mhg Chain(s) ['A'] -> Match: 99.0%
 55%|█████▌    | 277/500 [00:48<00:38,  5.77it/s]DEBUG: 7mhh Chain(s) ['A'] -> Match: 99.0%
DEBUG: 7mhj Chain(s) ['A'] -> Match: 99.0%
 56%|█████▌    | 279/500 [00:48<00:38,  5.77it/s]DEBUG: 7mhi Chain(s) ['A'] -> Match: 99.0%
DEBUG: 7mhk Chain(s) ['A'] -> Match: 99.0%
 56%|█████▌    | 281/500 [00:49<00:37,  5.81it/s]DEBUG: 7mhl Chain(s) ['A'] -> Match: 99.0%
DEBUG: 7mhm Chain(s) ['A'] -> Match: 99.0%
 57%|█████▋    | 283/500 [00:49<00:37,  5.83it/s]DEBUG: 7mhn Chain(s) ['A'] -> Match: 99.0%
DEBUG: 7mho Chain(s) ['A'] -> Match: 99.0%
 57%|█████▋    | 285/500 [00:49<00:36,  5.85it/s]DEBUG: 7mhp Chain(s) ['A'] -> Match: 99.0%
DEBUG: 7mhq Chain(s) ['A'] -> Match: 99.0%
 57%|█████▋    | 287/500 [00:50<00:36,  5.83it/s]DEBUG: 7mng Chain(s) ['A'] -> Match: 99.0%
DEBUG: 7nbr Chain(s) ['AAA'] -> Match: 99.0%
DEBUG: 7mrr Chain(s) ['A'] -> Match: 99.0%
DEBUG: 7mrr Chain(s) ['B'] -> Match: 75.0%
 58%|█████▊    | 289/500 [00:50<00:36,  5.79it/s]DEBUG: 7nbs Chain(s) ['AAA'] -> Match: 99.0%
[15:22:37] [mem] running 2_SQchk.py parent=97.1MB child_tree=87.7MB combined=184.8MB
DEBUG: 7nby Chain(s) ['A', 'B'] -> Match: 99.0%
 58%|█████▊    | 291/500 [00:50<00:36,  5.68it/s]DEBUG: 7ng3 Chain(s) ['A', 'B'] -> Match: 99.0%
 59%|█████▊    | 293/500 [00:51<00:36,  5.74it/s]DEBUG: 7nf5 Chain(s) ['A'] -> Match: 99.0%
DEBUG: 7pfl Chain(s) ['A'] -> Match: 99.0%
 59%|█████▉    | 295/500 [00:51<00:35,  5.77it/s]DEBUG: 7ng6 Chain(s) ['A', 'B'] -> Match: 99.0%
DEBUG: 7pzq Chain(s) ['A', 'B'] -> Match: 99.0%
DEBUG: 7pxz Chain(s) ['A'] -> Match: 99.0%
 59%|█████▉    | 297/500 [00:51<00:35,  5.78it/s]DEBUG: 7q5e Chain(s) ['A', 'B'] -> Match: 99.0%
 60%|█████▉    | 299/500 [00:52<00:34,  5.79it/s]DEBUG: 7q5f Chain(s) ['A', 'B'] -> Match: 99.0%
DEBUG: 7set Chain(s) ['A'] -> Match: 99.0%
 60%|██████    | 301/500 [00:52<00:34,  5.80it/s]DEBUG: 7rc1 Chain(s) ['A'] -> Match: 97.1%
DEBUG: 7sf3 Chain(s) ['A'] -> Match: 99.0%
 61%|██████    | 303/500 [00:52<00:33,  5.81it/s]DEBUG: 7sf1 Chain(s) ['A'] -> Match: 99.0%
DEBUG: 7sfb Chain(s) ['A'] -> Match: 99.0%
 61%|██████    | 305/500 [00:53<00:33,  5.80it/s]DEBUG: 7sfh Chain(s) ['A'] -> Match: 99.0%
DEBUG: 7sfi Chain(s) ['A'] -> Match: 99.0%
 61%|██████▏   | 307/500 [00:53<00:33,  5.79it/s]DEBUG: 7sgh Chain(s) ['A', 'B', 'C', 'D'] -> Match: 99.0%
DEBUG: 7t2t Chain(s) ['A'] -> Match: 99.0%
 62%|██████▏   | 309/500 [00:53<00:32,  5.85it/s]DEBUG: 7t2v Chain(s) ['A', 'B', 'C', 'D'] -> Match: 94.7%
DEBUG: 7tvs Chain(s) ['A'] -> Match: 98.7%
 62%|██████▏   | 311/500 [00:54<00:32,  5.81it/s]DEBUG: 7tvx Chain(s) ['A'] -> Match: 98.7%
DEBUG: 7uug Chain(s) ['A'] -> Match: 98.7%
 63%|██████▎   | 313/500 [00:54<00:32,  5.75it/s]DEBUG: 7u92 Chain(s) ['A'] -> Match: 99.0%
 63%|██████▎   | 314/500 [00:54<00:33,  5.60it/s]DEBUG: 7uup Chain(s) ['A'] -> Match: 98.7%
 63%|██████▎   | 315/500 [00:54<00:31,  5.83it/s]DEBUG: 7z0p Chain(s) ['AAA'] -> Match: 99.0%
 63%|██████▎   | 316/500 [00:55<00:32,  5.62it/s]DEBUG: 7z4s Chain(s) ['A', 'B'] -> Match: 99.0%
DEBUG: 7z4s Chain(s) ['C', 'D'] -> Match: 80.0%
 63%|██████▎   | 317/500 [00:55<00:31,  5.79it/s]DEBUG: 7z59 Chain(s) ['A'] -> Match: 99.0%
 64%|██████▎   | 318/500 [00:55<00:32,  5.65it/s]DEBUG: 7zb6 Chain(s) ['A', 'C'] -> Match: 98.7%
 64%|██████▍   | 319/500 [00:55<00:30,  5.89it/s]DEBUG: 7zb7 Chain(s) ['A'] -> Match: 98.7%
[15:22:42] [mem] running 2_SQchk.py parent=97.1MB child_tree=87.7MB combined=184.8MB
 64%|██████▍   | 320/500 [00:55<00:33,  5.33it/s]DEBUG: 7zb8 Chain(s) ['A', 'C'] -> Match: 98.7%
DEBUG: 8a4q Chain(s) ['A'] -> Match: 99.0%
 64%|██████▍   | 322/500 [00:56<00:32,  5.53it/s]DEBUG: 8aj1 Chain(s) ['A'] -> Match: 99.0%
DEBUG: 8bfo Chain(s) ['A'] -> Match: 99.0%
 65%|██████▍   | 324/500 [00:56<00:30,  5.72it/s]DEBUG: 8bfq Chain(s) ['A', 'B'] -> Match: 99.0%
 65%|██████▌   | 325/500 [00:56<00:28,  6.23it/s]DEBUG: 8bga Chain(s) ['A', 'B'] -> Match: 99.0%
 65%|██████▌   | 326/500 [00:56<00:30,  5.65it/s]DEBUG: 8bgd Chain(s) ['A'] -> Match: 99.0%
 65%|██████▌   | 327/500 [00:57<00:27,  6.27it/s]DEBUG: 8c9l Chain(s) ['AAA'] -> Match: 98.7%
 66%|██████▌   | 328/500 [00:57<00:30,  5.64it/s]DEBUG: 8c9o Chain(s) ['AAA', 'BBB'] -> Match: 98.7%
 66%|██████▌   | 329/500 [00:57<00:33,  5.11it/s]DEBUG: 8c9p Chain(s) ['AAA'] -> Match: 98.7%
DEBUG: 8ca8 Chain(s) ['AAA'] -> Match: 98.0%
 66%|██████▌   | 331/500 [00:57<00:31,  5.44it/s]DEBUG: 8cac Chain(s) ['AAA', 'BBB'] -> Match: 98.7%
DEBUG: 8cae Chain(s) ['A'] -> Match: 98.7%
 67%|██████▋   | 333/500 [00:58<00:29,  5.60it/s]DEBUG: 8caj Chain(s) ['AAA'] -> Match: 98.7%
DEBUG: 8d4j Chain(s) ['A', 'B'] -> Match: 98.7%
 67%|██████▋   | 335/500 [00:58<00:29,  5.68it/s]DEBUG: 8d4k Chain(s) ['A'] -> Match: 98.7%
DEBUG: 8d4l Chain(s) ['A', 'B'] -> Match: 98.7%
 67%|██████▋   | 337/500 [00:58<00:28,  5.77it/s]DEBUG: 8d4m Chain(s) ['A'] -> Match: 98.7%
 68%|██████▊   | 338/500 [00:58<00:25,  6.28it/s]DEBUG: 8d4n Chain(s) ['A', 'B'] -> Match: 98.7%
 68%|██████▊   | 339/500 [00:59<00:28,  5.69it/s]DEBUG: 8dcz Chain(s) ['A', 'B'] -> Match: 98.7%
 68%|██████▊   | 340/500 [00:59<00:25,  6.31it/s]DEBUG: 8dd1 Chain(s) ['A'] -> Match: 98.7%
 68%|██████▊   | 341/500 [00:59<00:28,  5.63it/s]DEBUG: 8dd9 Chain(s) ['A'] -> Match: 98.7%
 68%|██████▊   | 342/500 [00:59<00:24,  6.35it/s]DEBUG: 8ddi Chain(s) ['A'] -> Match: 98.7%
 69%|██████▊   | 343/500 [00:59<00:27,  5.62it/s]DEBUG: 8ddm Chain(s) ['A'] -> Match: 98.7%
 69%|██████▉   | 344/500 [00:59<00:24,  6.37it/s]DEBUG: 8dfe Chain(s) ['A'] -> Match: 98.7%
 69%|██████▉   | 345/500 [01:00<00:27,  5.61it/s]DEBUG: 8dfn Chain(s) ['A', 'B'] -> Match: 98.7%
 69%|██████▉   | 346/500 [01:00<00:24,  6.38it/s]DEBUG: 8dgb Chain(s) ['A', 'B'] -> Match: 98.7%
 69%|██████▉   | 347/500 [01:00<00:27,  5.52it/s]DEBUG: 8dsu Chain(s) ['A', 'B'] -> Match: 99.0%
 70%|██████▉   | 348/500 [01:00<00:23,  6.35it/s]DEBUG: 8dt9 Chain(s) ['A', 'B'] -> Match: 98.7%
 70%|██████▉   | 349/500 [01:00<00:28,  5.38it/s]DEBUG: 8dzb Chain(s) ['A'] -> Match: 99.0%
DEBUG: 8dzc Chain(s) ['A'] -> Match: 99.0%
[15:22:48] [mem] running 2_SQchk.py parent=97.1MB child_tree=87.7MB combined=184.8MB
 70%|███████   | 351/500 [01:01<00:26,  5.61it/s]DEBUG: 8e4w Chain(s) ['A', 'B'] -> Match: 98.7%
DEBUG: 8e5c Chain(s) ['A'] -> Match: 98.7%
 71%|███████   | 353/500 [01:01<00:25,  5.70it/s]DEBUG: 8e7c Chain(s) ['A', 'B'] -> Match: 46.6%
DEBUG: 8e7n Chain(s) ['A', 'B'] -> Match: 50.5%
 71%|███████   | 355/500 [01:01<00:25,  5.75it/s]DEBUG: 8ehj Chain(s) ['A', 'B'] -> Match: 98.7%
DEBUG: 8ehk Chain(s) ['A'] -> Match: 98.7%
 71%|███████▏  | 357/500 [01:02<00:24,  5.82it/s]DEBUG: 8ehl Chain(s) ['A'] -> Match: 98.7%
DEBUG: 8ehm Chain(s) ['A', 'B'] -> Match: 98.7%
 72%|███████▏  | 359/500 [01:02<00:24,  5.86it/s]DEBUG: 8eke Chain(s) ['A', 'B'] -> Match: 98.7%
DEBUG: 8ezv Chain(s) ['A'] -> Match: 99.0%
 72%|███████▏  | 361/500 [01:02<00:23,  5.84it/s]DEBUG: 8ezz Chain(s) ['A'] -> Match: 99.0%
DEBUG: 8f02 Chain(s) ['A'] -> Match: 99.0%
 73%|███████▎  | 363/500 [01:03<00:23,  5.84it/s]DEBUG: 8f2c Chain(s) ['A'] -> Match: 99.0%
DEBUG: 8f2d Chain(s) ['A'] -> Match: 99.0%
 73%|███████▎  | 365/500 [01:03<00:23,  5.84it/s]DEBUG: 8ftl Chain(s) ['A', 'B'] -> Match: 99.0%
DEBUG: 8fwx Chain(s) ['A', 'B'] -> Match: 50.5%
 73%|███████▎  | 367/500 [01:03<00:22,  5.84it/s]DEBUG: 8gqt Chain(s) ['D'] -> Match: 99.0%
DEBUG: 8gvd Chain(s) ['A'] -> Match: 99.0%
DEBUG: 8gvd Chain(s) ['B'] -> Match: 75.0%
 74%|███████▍  | 369/500 [01:04<00:22,  5.80it/s]DEBUG: 8gvy Chain(s) ['A'] -> Match: 99.0%
DEBUG: 8gvy Chain(s) ['B'] -> Match: 75.0%
DEBUG: 8gwj Chain(s) ['A', 'B'] -> Match: 98.7%
DEBUG: 8gwj Chain(s) ['C', 'D'] -> Match: 100.0%
 74%|███████▍  | 371/500 [01:04<00:22,  5.80it/s]DEBUG: 8jpq Chain(s) ['A'] -> Match: 99.0%
DEBUG: 8jpq Chain(s) ['B'] -> Match: 75.0%
DEBUG: 8okm Chain(s) ['A', 'B'] -> Match: 99.0%
 75%|███████▍  | 373/500 [01:05<00:23,  5.45it/s]DEBUG: 8okn Chain(s) ['A', 'B'] -> Match: 99.0%
 75%|███████▍  | 374/500 [01:05<00:26,  4.72it/s]DEBUG: 8p54 Chain(s) ['A', 'B'] -> Match: 99.0%
 75%|███████▌  | 375/500 [01:05<00:29,  4.20it/s]DEBUG: 8p55 Chain(s) ['A', 'B'] -> Match: 99.0%
 75%|███████▌  | 376/500 [01:06<00:32,  3.83it/s]DEBUG: 8okl Chain(s) ['A', 'B'] -> Match: 99.0%
DEBUG: 8p56 Chain(s) ['A', 'B'] -> Match: 99.0%
 76%|███████▌  | 378/500 [01:06<00:27,  4.43it/s]DEBUG: 8p57 Chain(s) ['A', 'B'] -> Match: 99.0%
DEBUG: 8p58 Chain(s) ['A', 'B'] -> Match: 99.0%
[15:22:53] [mem] running 2_SQchk.py parent=97.1MB child_tree=87.7MB combined=184.8MB
 76%|███████▌  | 380/500 [01:06<00:24,  4.83it/s]DEBUG: 8p5a Chain(s) ['A', 'B'] -> Match: 99.0%
DEBUG: 8p5b Chain(s) ['A', 'B'] -> Match: 99.0%
 76%|███████▋  | 382/500 [01:07<00:22,  5.14it/s]DEBUG: 8p5c Chain(s) ['A', 'B'] -> Match: 99.0%
DEBUG: 8p86 Chain(s) ['A', 'B'] -> Match: 99.0%
 77%|███████▋  | 384/500 [01:07<00:21,  5.35it/s]DEBUG: 8p87 Chain(s) ['A', 'B'] -> Match: 99.0%
DEBUG: 8r11 Chain(s) ['A', 'B'] -> Match: 99.0%
 77%|███████▋  | 386/500 [01:07<00:21,  5.37it/s]DEBUG: 8r12 Chain(s) ['A', 'B'] -> Match: 99.0%
DEBUG: 8r14 Chain(s) ['A', 'B'] -> Match: 99.0%
 78%|███████▊  | 388/500 [01:08<00:20,  5.50it/s]DEBUG: 8r16 Chain(s) ['A', 'B'] -> Match: 99.0%
DEBUG: 8r1q Chain(s) ['A', 'B'] -> Match: 98.4%
 78%|███████▊  | 390/500 [01:08<00:19,  5.62it/s]DEBUG: 8r24 Chain(s) ['A'] -> Match: 98.4%
DEBUG: 8r26 Chain(s) ['A', 'B', 'C', 'D'] -> Match: 98.7%
 78%|███████▊  | 392/500 [01:08<00:18,  5.69it/s]DEBUG: 8rjv Chain(s) ['A'] -> Match: 99.0%
DEBUG: 8rjy Chain(s) ['A'] -> Match: 99.0%
 79%|███████▉  | 394/500 [01:09<00:18,  5.73it/s]DEBUG: 8s9z Chain(s) ['A'] -> Match: 99.0%
DEBUG: 8s9z Chain(s) ['B'] -> Match: 40.0%
DEBUG: 8spj Chain(s) ['A'] -> Match: 98.7%
 79%|███████▉  | 396/500 [01:09<00:17,  5.80it/s]DEBUG: 8sxo Chain(s) ['A'] -> Match: 98.7%
DEBUG: 8tqh Chain(s) ['A'] -> Match: 99.0%
DEBUG: 8tqj Chain(s) ['A'] -> Match: 99.0%
 80%|███████▉  | 398/500 [01:09<00:17,  5.81it/s]DEBUG: 8tqt Chain(s) ['A'] -> Match: 99.0%
 80%|████████  | 400/500 [01:10<00:17,  5.83it/s]DEBUG: 8tql Chain(s) ['A'] -> Match: 99.0%
DEBUG: 8ty3 Chain(s) ['A'] -> Match: 99.0%
 80%|████████  | 402/500 [01:10<00:16,  5.83it/s]DEBUG: 8tqu Chain(s) ['A'] -> Match: 99.0%
DEBUG: 8tqu Chain(s) ['B'] -> Match: 33.3%
 81%|████████  | 403/500 [01:10<00:17,  5.64it/s]DEBUG: 8ty4 Chain(s) ['A'] -> Match: 99.0%
 81%|████████  | 404/500 [01:10<00:16,  5.93it/s]DEBUG: 8ty5 Chain(s) ['A'] -> Match: 99.0%
 81%|████████  | 405/500 [01:11<00:16,  5.66it/s]DEBUG: 8tyk Chain(s) ['A'] -> Match: 98.7%
 81%|████████  | 406/500 [01:11<00:15,  6.03it/s]DEBUG: 8u25 Chain(s) ['A', 'B', 'C', 'D'] -> Match: 98.0%
 81%|████████▏ | 407/500 [01:11<00:16,  5.65it/s]DEBUG: 8u4y Chain(s) ['A', 'B'] -> Match: 98.7%
 82%|████████▏ | 408/500 [01:11<00:15,  6.13it/s]DEBUG: 8und Chain(s) ['A'] -> Match: 99.0%
 82%|████████▏ | 409/500 [01:11<00:16,  5.64it/s]DEBUG: 8w1t Chain(s) ['A', 'B'] -> Match: 99.0%
 82%|████████▏ | 410/500 [01:11<00:14,  6.11it/s]DEBUG: 8w1u Chain(s) ['A', 'B'] -> Match: 99.0%
[15:22:59] [mem] running 2_SQchk.py parent=97.1MB child_tree=87.7MB combined=184.8MB
 82%|████████▏ | 411/500 [01:12<00:15,  5.61it/s]DEBUG: 8ws3 Chain(s) ['A', 'B'] -> Match: 99.0%
 82%|████████▏ | 412/500 [01:12<00:14,  6.13it/s]DEBUG: 8y42 Chain(s) ['A', 'B', 'C', 'D'] -> Match: 99.0%
 83%|████████▎ | 413/500 [01:12<00:15,  5.55it/s]DEBUG: 8y44 Chain(s) ['A', 'B'] -> Match: 99.0%
 83%|████████▎ | 414/500 [01:12<00:14,  6.13it/s]DEBUG: 8y4e Chain(s) ['A', 'B'] -> Match: 97.0%
 83%|████████▎ | 415/500 [01:12<00:15,  5.54it/s]DEBUG: 8yls Chain(s) ['A'] -> Match: 99.0%
 83%|████████▎ | 416/500 [01:12<00:13,  6.13it/s]DEBUG: 8ywy Chain(s) ['A'] -> Match: 98.3%
 83%|████████▎ | 417/500 [01:13<00:14,  5.59it/s]DEBUG: 8zbp Chain(s) ['A'] -> Match: 99.0%
 84%|████████▎ | 418/500 [01:13<00:13,  6.15it/s]
 84%|████████▍ | 419/500 [01:13<00:14,  5.69it/s]
 84%|████████▍ | 420/500 [01:13<00:12,  6.26it/s]DEBUG: 9bbp Chain(s) ['A'] -> Match: 99.0%
 84%|████████▍ | 421/500 [01:13<00:14,  5.59it/s]DEBUG: 9bc1 Chain(s) ['A', 'B'] -> Match: 99.0%
DEBUG: 9bc1 Chain(s) ['C', 'D'] -> Match: 60.0%
 84%|████████▍ | 422/500 [01:13<00:12,  6.18it/s]DEBUG: 9cdk Chain(s) ['A'] -> Match: 98.7%
 85%|████████▍ | 423/500 [01:14<00:13,  5.53it/s]DEBUG: 9cdl Chain(s) ['A'] -> Match: 98.4%
 85%|████████▍ | 424/500 [01:14<00:12,  6.25it/s]DEBUG: 9cdm Chain(s) ['A'] -> Match: 98.7%
 85%|████████▌ | 425/500 [01:14<00:13,  5.57it/s]DEBUG: 9dtz Chain(s) ['A', 'B'] -> Match: 96.2%
 85%|████████▌ | 426/500 [01:14<00:12,  6.13it/s]DEBUG: 9du2 Chain(s) ['A', 'B'] -> Match: 96.2%
 85%|████████▌ | 427/500 [01:14<00:13,  5.51it/s]DEBUG: 9du3 Chain(s) ['A'] -> Match: 96.2%
 86%|████████▌ | 428/500 [01:15<00:16,  4.47it/s]DEBUG: 9du4 Chain(s) ['A', 'B'] -> Match: 96.2%
DEBUG: 9e7b Chain(s) ['A'] -> Match: 98.7%
 86%|████████▌ | 430/500 [01:15<00:13,  5.02it/s]DEBUG: 9e7s Chain(s) ['A'] -> Match: 99.0%
DEBUG: 9e8r Chain(s) ['A'] -> Match: 98.7%
 86%|████████▋ | 432/500 [01:15<00:12,  5.35it/s]DEBUG: 9eev Chain(s) ['A'] -> Match: 98.7%
DEBUG: 9el4 Chain(s) ['A', 'B'] -> Match: 98.7%
 87%|████████▋ | 434/500 [01:16<00:11,  5.54it/s]DEBUG: 9elv Chain(s) ['A', 'B'] -> Match: 98.7%
DEBUG: 9g0h Chain(s) ['A', 'B'] -> Match: 99.0%
 87%|████████▋ | 436/500 [01:16<00:11,  5.60it/s]DEBUG: 9g0i Chain(s) ['A', 'B'] -> Match: 99.0%
DEBUG: 9gf7 Chain(s) ['A'] -> Match: 99.0%
 88%|████████▊ | 438/500 [01:16<00:10,  5.69it/s]DEBUG: 9ghn Chain(s) ['A', 'B'] -> Match: 98.7%
DEBUG: 9gho Chain(s) ['A'] -> Match: 98.7%
 88%|████████▊ | 440/500 [01:17<00:10,  5.77it/s]DEBUG: 9gi6 Chain(s) ['A', 'B'] -> Match: 98.7%
DEBUG: 9gij Chain(s) ['A'] -> Match: 99.0%
[15:23:04] [mem] running 2_SQchk.py parent=97.1MB child_tree=87.7MB combined=184.8MB
 88%|████████▊ | 442/500 [01:17<00:09,  5.81it/s]DEBUG: 9gil Chain(s) ['A', 'B'] -> Match: 99.0%
DEBUG: 9glv Chain(s) ['A', 'B'] -> Match: 99.0%
 89%|████████▉ | 444/500 [01:17<00:09,  5.82it/s]DEBUG: 9gmq Chain(s) ['A', 'B'] -> Match: 99.0%
DEBUG: 9h0f Chain(s) ['A', 'B'] -> Match: 99.0%
 89%|████████▉ | 446/500 [01:18<00:09,  5.81it/s]DEBUG: 9h4b Chain(s) ['A'] -> Match: 99.0%
DEBUG: 9haj Chain(s) ['A', 'B'] -> Match: 99.0%
 90%|████████▉ | 448/500 [01:18<00:08,  5.78it/s]DEBUG: 9hak Chain(s) ['A', 'B'] -> Match: 99.0%
DEBUG: 9hfx Chain(s) ['A'] -> Match: 99.0%
 90%|█████████ | 450/500 [01:18<00:08,  5.82it/s]DEBUG: 9hfy Chain(s) ['A', 'B'] -> Match: 99.0%
DEBUG: 9hjh Chain(s) ['A', 'B'] -> Match: 99.0%
 90%|█████████ | 452/500 [01:19<00:08,  5.82it/s]DEBUG: 9ir9 Chain(s) ['A'] -> Match: 99.0%
DEBUG: 9ira Chain(s) ['A', 'B'] -> Match: 49.2%
 91%|█████████ | 454/500 [01:19<00:07,  5.82it/s]DEBUG: 9j19 Chain(s) ['A', 'B'] -> Match: 99.0%
DEBUG: 9lll Chain(s) ['A'] -> Match: 98.7%
 91%|█████████ | 456/500 [01:19<00:07,  5.84it/s]DEBUG: 9m9n Chain(s) ['A'] -> Match: 99.0%
DEBUG: 9m9r Chain(s) ['A'] -> Match: 99.0%
 92%|█████████▏| 458/500 [01:20<00:07,  5.83it/s]DEBUG: 9ma3 Chain(s) ['A'] -> Match: 98.7%
DEBUG: 9ma6 Chain(s) ['A', 'B'] -> Match: 98.7%
 92%|█████████▏| 460/500 [01:20<00:06,  5.84it/s]DEBUG: 9mdq Chain(s) ['A'] -> Match: 98.7%
DEBUG: 9mei Chain(s) ['A', 'B'] -> Match: 98.4%
 92%|█████████▏| 462/500 [01:20<00:06,  5.84it/s]DEBUG: 9mlj Chain(s) ['A'] -> Match: 99.0%
DEBUG: 9mvm Chain(s) ['A'] -> Match: 96.5%
 93%|█████████▎| 464/500 [01:21<00:06,  5.84it/s]DEBUG: 9mvo Chain(s) ['A'] -> Match: 99.0%
DEBUG: 9mvp Chain(s) ['A'] -> Match: 99.0%
 93%|█████████▎| 466/500 [01:21<00:05,  5.69it/s]DEBUG: 9mvq Chain(s) ['A', 'B'] -> Match: 98.7%
DEBUG: 9n3m Chain(s) ['A'] -> Match: 98.0%
DEBUG: 9n5q Chain(s) ['A'] -> Match: 98.7%
 94%|█████████▎| 468/500 [01:22<00:05,  5.75it/s]DEBUG: 9n6f Chain(s) ['A'] -> Match: 98.7%
DEBUG: 9n9b Chain(s) ['A'] -> Match: 98.7%
 94%|█████████▍| 470/500 [01:22<00:05,  5.80it/s]DEBUG: 9nng Chain(s) ['A'] -> Match: 98.7%
 94%|█████████▍| 472/500 [01:22<00:05,  5.46it/s]DEBUG: 9nnw Chain(s) ['A'] -> Match: 98.7%
DEBUG: 9o6e Chain(s) ['A', 'B'] -> Match: 98.7%
[15:23:10] [mem] running 2_SQchk.py parent=97.1MB child_tree=87.7MB combined=184.8MB
 95%|█████████▍| 474/500 [01:23<00:04,  5.58it/s]DEBUG: 9o6d Chain(s) ['A', 'B'] -> Match: 98.7%
DEBUG: 9o6p Chain(s) ['A', 'B'] -> Match: 98.7%
 95%|█████████▌| 476/500 [01:23<00:04,  5.65it/s]DEBUG: 9o6f Chain(s) ['A', 'B'] -> Match: 98.7%
DEBUG: 9o6q Chain(s) ['A', 'B'] -> Match: 98.7%
 96%|█████████▌| 478/500 [01:23<00:03,  5.70it/s]DEBUG: 9o74 Chain(s) ['A', 'B'] -> Match: 98.7%
DEBUG: 9opm Chain(s) ['A', 'B'] -> Match: 98.7%
 96%|█████████▌| 480/500 [01:24<00:03,  5.73it/s]DEBUG: 9opn Chain(s) ['A', 'B'] -> Match: 98.7%
DEBUG: 9pbc Chain(s) ['A'] -> Match: 98.4%
 96%|█████████▋| 482/500 [01:24<00:03,  5.77it/s]DEBUG: 9pfh Chain(s) ['A', 'B'] -> Match: 98.7%
DEBUG: 9pfi Chain(s) ['A', 'B'] -> Match: 98.7%
 97%|█████████▋| 484/500 [01:24<00:02,  5.80it/s]DEBUG: 9q7s Chain(s) ['A'] -> Match: 99.0%
DEBUG: 9u96 Chain(s) ['A', 'B'] -> Match: 98.7%
DEBUG: 9u96 Chain(s) ['C', 'D'] -> Match: 100.0%
 97%|█████████▋| 486/500 [01:25<00:02,  5.76it/s]DEBUG: 9sdm Chain(s) ['A', 'B'] -> Match: 99.0%
DEBUG: 9uoq Chain(s) ['A'] -> Match: 99.0%
 98%|█████████▊| 488/500 [01:25<00:02,  5.77it/s]DEBUG: 9uor Chain(s) ['A', 'B'] -> Match: 49.2%
DEBUG: 9ux6 Chain(s) ['A', 'B', 'C', 'D'] -> Match: 98.7%
DEBUG: 9ux6 Chain(s) ['E', 'F'] -> Match: 100.0%
 98%|█████████▊| 490/500 [01:25<00:01,  5.76it/s]DEBUG: 9vkk Chain(s) ['A'] -> Match: 45.9%
DEBUG: 9whe Chain(s) ['A'] -> Match: 99.0%
 98%|█████████▊| 492/500 [01:26<00:01,  5.79it/s]DEBUG: 9xym Chain(s) ['A'] -> Match: 99.0%
DEBUG: 9xyx Chain(s) ['A'] -> Match: 98.7%
 99%|█████████▉| 494/500 [01:26<00:01,  5.83it/s]DEBUG: 9xyz Chain(s) ['A'] -> Match: 98.7%
DEBUG: 9xz6 Chain(s) ['A'] -> Match: 99.0%
 99%|█████████▉| 496/500 [01:26<00:00,  5.85it/s]DEBUG: 9y8w Chain(s) ['A', 'B', 'C', 'D'] -> Match: 59.2%
DEBUG: 9y8x Chain(s) ['A'] -> Match: 54.8%
100%|█████████▉| 498/500 [01:27<00:00,  5.87it/s]DEBUG: 9z74 Chain(s) ['A'] -> Match: 98.7%
DEBUG: 9znl Chain(s) ['A'] -> Match: 99.0%
100%|██████████| 500/500 [01:27<00:00,  5.86it/s]
100%|██████████| 500/500 [01:27<00:00,  5.71it/s]
DONE
✅ PDBs processed OK: 498
❌ PDBs failed: 2
📌 Failure reasons:
   - no_ebi_meta: 2
[15:23:14] [mem] after 2_SQchk.py parent=97.1MB delta=+0.0MB combined_peak=184.8MB child_peak=87.7MB
[15:23:14] 🚀 Running 3_PDBmkr.py...
[15:23:14] 🐍 Pipeline Python: /app/.heroku/python/bin/python
[15:23:14] [mem] before 3_PDBmkr.py parent=97.1MB combined=97.1MB
[15:23:14] 🧵 Worker caps for 3_PDBmkr.py: pipeline_max=2 WARHEAD_SQCHK_MAX_WORKERS=2 WARHEAD_PDBMKR_MAX_WORKERS=2 WARHEAD_SASA_MAX_WORKERS=3 WARHEAD_METADATA_MAX_WORKERS=3 WARHEAD_MCS_MAX_WORKERS=3
[15:23:14] ⏱ No-output watchdog for 3_PDBmkr.py: 180s
[15:23:14] [mem] running 3_PDBmkr.py parent=97.1MB child_tree=0.6MB combined=97.7MB
📁 Step 3 output root: /app/jobs/5a21a564/WAR_PDB
🧾 CIF sources: manifest_rows=500 verified_manifest=500 indexed_cifs=500
📊 Similarity Stats: Max found = 99.02% (Threshold: 90.0%)
🚀 BUILDING 522 PDB CHAINS...
🧾 Step 3 selected build rows=522 resolvable_cifs=522 missing_cifs=0
🧵 Worker mode=threadpool max_workers=2
🧾 Step 3 sample CIF resolutions: ['12af:manifest_path:WAR/Mpro/12af.cif', '11ro:manifest_path:WAR/Mpro/11ro.cif', '23lx:manifest_path:WAR/Mpro/23lx.cif', '23lw:manifest_path:WAR/Mpro/23lw.cif', '23lw:manifest_path:WAR/Mpro/23lw.cif', '23ly:manifest_path:WAR/Mpro/23ly.cif', '23ly:manifest_path:WAR/Mpro/23ly.cif', '23lz:manifest_path:WAR/Mpro/23lz.cif', '23lz:manifest_path:WAR/Mpro/23lz.cif', '23lz:manifest_path:WAR/Mpro/23lz.cif']
/app/.heroku/python/lib/python3.11/site-packages/Bio/PDB/StructureBuilder.py:100: PDBConstructionWarning: WARNING: Chain A is discontinuous at line 4666.
  warnings.warn(
  0%|          | 0/522 [00:00<?, ?it/s]/app/.heroku/python/lib/python3.11/site-packages/Bio/PDB/StructureBuilder.py:100: PDBConstructionWarning: WARNING: Chain B is discontinuous at line 4975.
  warnings.warn(
  1%|          | 4/522 [00:00<00:42, 12.33it/s]
  1%|          | 6/522 [00:00<01:35,  5.39it/s]
  2%|▏         | 8/522 [00:02<02:57,  2.89it/s]
  2%|▏         | 10/522 [00:03<03:52,  2.20it/s]
[15:23:19] [mem] running 3_PDBmkr.py parent=97.1MB child_tree=145.0MB combined=242.1MB
  2%|▏         | 12/522 [00:03<03:05,  2.74it/s]
  3%|▎         | 14/522 [00:04<02:38,  3.21it/s]
  3%|▎         | 16/522 [00:04<02:22,  3.56it/s]
  3%|▎         | 18/522 [00:05<02:04,  4.06it/s]
  4%|▍         | 20/522 [00:05<01:56,  4.32it/s]
  4%|▍         | 22/522 [00:05<01:49,  4.56it/s]
  5%|▍         | 24/522 [00:06<01:44,  4.75it/s]
  5%|▍         | 26/522 [00:06<01:39,  4.99it/s]
  5%|▌         | 28/522 [00:07<01:40,  4.93it/s]
  6%|▌         | 30/522 [00:07<01:38,  5.01it/s]
  6%|▌         | 32/522 [00:07<01:24,  5.79it/s]
  7%|▋         | 34/522 [00:07<01:15,  6.49it/s]
  7%|▋         | 35/522 [00:07<01:12,  6.72it/s]
  7%|▋         | 36/522 [00:08<01:36,  5.02it/s]
[15:23:24] [mem] running 3_PDBmkr.py parent=97.1MB child_tree=146.4MB combined=243.5MB
  7%|▋         | 37/522 [00:08<02:23,  3.39it/s]
  7%|▋         | 39/522 [00:09<02:51,  2.82it/s]
  8%|▊         | 41/522 [00:10<03:07,  2.56it/s]
  8%|▊         | 43/522 [00:11<02:32,  3.15it/s]
  9%|▊         | 45/522 [00:11<02:05,  3.80it/s]
  9%|▉         | 47/522 [00:11<01:51,  4.26it/s]
  9%|▉         | 49/522 [00:12<01:38,  4.82it/s]
 10%|▉         | 51/522 [00:12<01:29,  5.28it/s]
 10%|█         | 53/522 [00:12<01:27,  5.37it/s]
 11%|█         | 55/522 [00:13<01:24,  5.53it/s]
 11%|█         | 57/522 [00:13<01:20,  5.75it/s]
 11%|█▏        | 59/522 [00:13<01:17,  6.01it/s]
 12%|█▏        | 61/522 [00:13<01:13,  6.25it/s]
 12%|█▏        | 63/522 [00:14<01:12,  6.33it/s]
[15:23:30] [mem] running 3_PDBmkr.py parent=97.1MB child_tree=139.8MB combined=236.9MB
 12%|█▏        | 65/522 [00:14<01:14,  6.17it/s]
 13%|█▎        | 67/522 [00:14<01:13,  6.16it/s]
 13%|█▎        | 69/522 [00:15<01:13,  6.12it/s]
 14%|█▎        | 71/522 [00:15<01:13,  6.16it/s]
 14%|█▍        | 73/522 [00:15<01:13,  6.12it/s]
 14%|█▍        | 75/522 [00:16<01:17,  5.79it/s]
 15%|█▍        | 77/522 [00:16<01:14,  5.97it/s]
 15%|█▌        | 79/522 [00:16<01:15,  5.88it/s]
 16%|█▌        | 81/522 [00:17<01:13,  6.02it/s]
 16%|█▌        | 83/522 [00:17<01:09,  6.31it/s]
 16%|█▋        | 85/522 [00:17<01:13,  5.92it/s]
 17%|█▋        | 87/522 [00:18<01:18,  5.57it/s]
 17%|█▋        | 89/522 [00:18<01:17,  5.57it/s]
 17%|█▋        | 91/522 [00:19<01:15,  5.72it/s]
 18%|█▊        | 93/522 [00:19<01:12,  5.94it/s]
 18%|█▊        | 95/522 [00:19<01:11,  5.97it/s]
[15:23:35] [mem] running 3_PDBmkr.py parent=97.1MB child_tree=146.2MB combined=243.3MB
 19%|█▊        | 97/522 [00:20<01:09,  6.12it/s]
 19%|█▉        | 99/522 [00:20<01:07,  6.27it/s]
 19%|█▉        | 101/522 [00:20<01:09,  6.04it/s]
 20%|█▉        | 103/522 [00:20<01:07,  6.19it/s]
 20%|██        | 105/522 [00:21<01:07,  6.16it/s]
 20%|██        | 107/522 [00:21<01:10,  5.92it/s]
 21%|██        | 109/522 [00:21<01:06,  6.18it/s]
 21%|██▏       | 111/522 [00:22<01:04,  6.37it/s]
 22%|██▏       | 113/522 [00:22<01:07,  6.03it/s]
 22%|██▏       | 115/522 [00:22<01:04,  6.30it/s]
 22%|██▏       | 117/522 [00:23<01:09,  5.87it/s]
 23%|██▎       | 119/522 [00:23<01:06,  6.05it/s]
 23%|██▎       | 121/522 [00:23<01:04,  6.23it/s]
 24%|██▎       | 123/522 [00:24<01:05,  6.06it/s]
 24%|██▍       | 125/522 [00:24<01:04,  6.13it/s]
 24%|██▍       | 127/522 [00:24<01:04,  6.14it/s]
[15:23:41] [mem] running 3_PDBmkr.py parent=97.1MB child_tree=153.0MB combined=250.1MB
 25%|██▍       | 129/522 [00:25<01:04,  6.08it/s]
 25%|██▌       | 131/522 [00:25<01:03,  6.14it/s]
 25%|██▌       | 133/522 [00:25<01:03,  6.15it/s]
 26%|██▌       | 135/522 [00:26<01:01,  6.31it/s]
 26%|██▌       | 137/522 [00:26<00:59,  6.46it/s]
 27%|██▋       | 139/522 [00:26<01:02,  6.14it/s]
 27%|██▋       | 141/522 [00:27<00:59,  6.37it/s]
 27%|██▋       | 143/522 [00:27<01:01,  6.15it/s]
 28%|██▊       | 145/522 [00:27<01:00,  6.25it/s]
 28%|██▊       | 147/522 [00:28<01:00,  6.20it/s]
 29%|██▊       | 149/522 [00:28<01:04,  5.75it/s]
 29%|██▉       | 151/522 [00:28<01:05,  5.64it/s]
 29%|██▉       | 153/522 [00:29<01:02,  5.87it/s]
 30%|██▉       | 155/522 [00:29<01:02,  5.86it/s]
 30%|███       | 157/522 [00:29<01:00,  6.04it/s]
 30%|███       | 159/522 [00:30<00:57,  6.29it/s]
[15:23:46] [mem] running 3_PDBmkr.py parent=97.1MB child_tree=159.5MB combined=256.6MB
 31%|███       | 161/522 [00:30<00:58,  6.17it/s]
 31%|███       | 163/522 [00:30<00:58,  6.11it/s]
 32%|███▏      | 165/522 [00:31<01:01,  5.83it/s]
 32%|███▏      | 167/522 [00:31<01:02,  5.70it/s]
 32%|███▏      | 169/522 [00:31<00:59,  5.96it/s]
 33%|███▎      | 171/522 [00:32<00:58,  6.00it/s]
 33%|███▎      | 173/522 [00:32<00:56,  6.14it/s]
 34%|███▎      | 175/522 [00:32<00:55,  6.29it/s]
 34%|███▍      | 177/522 [00:33<00:55,  6.18it/s]
 34%|███▍      | 179/522 [00:33<00:54,  6.28it/s]
 35%|███▍      | 181/522 [00:33<00:55,  6.15it/s]
 35%|███▌      | 183/522 [00:34<00:55,  6.07it/s]
 35%|███▌      | 185/522 [00:34<00:59,  5.64it/s]
 36%|███▌      | 187/522 [00:34<01:04,  5.23it/s]
 36%|███▌      | 189/522 [00:35<00:59,  5.64it/s]
 37%|███▋      | 191/522 [00:35<00:57,  5.80it/s]
[15:23:51] [mem] running 3_PDBmkr.py parent=97.1MB child_tree=166.2MB combined=263.3MB
 37%|███▋      | 193/522 [00:35<00:57,  5.77it/s]
 37%|███▋      | 195/522 [00:36<00:54,  6.05it/s]
 38%|███▊      | 197/522 [00:36<00:55,  5.90it/s]
 38%|███▊      | 199/522 [00:36<00:54,  5.89it/s]
 39%|███▊      | 201/522 [00:37<00:51,  6.18it/s]
 39%|███▉      | 203/522 [00:37<00:51,  6.14it/s]
 39%|███▉      | 205/522 [00:37<00:49,  6.35it/s]
 40%|███▉      | 207/522 [00:38<00:51,  6.13it/s]
 40%|████      | 209/522 [00:38<00:53,  5.81it/s]
 40%|████      | 211/522 [00:38<00:51,  6.06it/s]
 41%|████      | 213/522 [00:39<00:47,  6.46it/s]
 41%|████      | 214/522 [00:39<00:45,  6.71it/s]
 41%|████      | 215/522 [00:39<00:51,  5.94it/s]
 42%|████▏     | 217/522 [00:39<00:51,  5.91it/s]
 42%|████▏     | 219/522 [00:40<00:52,  5.72it/s]
 42%|████▏     | 221/522 [00:40<00:53,  5.63it/s]
 43%|████▎     | 223/522 [00:40<00:49,  6.02it/s]
[15:23:57] [mem] running 3_PDBmkr.py parent=97.1MB child_tree=172.8MB combined=269.9MB
 43%|████▎     | 225/522 [00:41<00:50,  5.84it/s]
 43%|████▎     | 227/522 [00:41<00:49,  6.01it/s]
 44%|████▍     | 229/522 [00:41<00:47,  6.19it/s]
 44%|████▍     | 231/522 [00:42<00:48,  5.97it/s]
 45%|████▍     | 233/522 [00:42<00:46,  6.15it/s]
 45%|████▌     | 235/522 [00:42<00:48,  5.97it/s]
 45%|████▌     | 237/522 [00:43<00:46,  6.18it/s]
 46%|████▌     | 239/522 [00:43<00:44,  6.33it/s]
 46%|████▌     | 241/522 [00:43<00:45,  6.13it/s]
 47%|████▋     | 243/522 [00:44<00:44,  6.23it/s]
 47%|████▋     | 245/522 [00:44<00:43,  6.39it/s]
 47%|████▋     | 247/522 [00:44<00:45,  6.07it/s]
 48%|████▊     | 249/522 [00:45<00:44,  6.17it/s]
 48%|████▊     | 251/522 [00:45<00:42,  6.36it/s]
 48%|████▊     | 253/522 [00:45<00:42,  6.26it/s]
 49%|████▉     | 255/522 [00:45<00:41,  6.49it/s]
[15:24:02] [mem] running 3_PDBmkr.py parent=97.1MB child_tree=179.1MB combined=276.2MB
 49%|████▉     | 257/522 [00:46<00:41,  6.32it/s]
 50%|████▉     | 259/522 [00:46<00:40,  6.42it/s]
 50%|█████     | 261/522 [00:46<00:39,  6.56it/s]
 50%|█████     | 263/522 [00:47<00:40,  6.39it/s]
 51%|█████     | 265/522 [00:47<00:39,  6.47it/s]
 51%|█████     | 267/522 [00:47<00:39,  6.52it/s]
 52%|█████▏    | 269/522 [00:48<00:40,  6.29it/s]
 52%|█████▏    | 271/522 [00:48<00:39,  6.38it/s]
 52%|█████▏    | 273/522 [00:48<00:35,  6.94it/s]
 53%|█████▎    | 275/522 [00:49<00:49,  5.04it/s]
 53%|█████▎    | 277/522 [00:50<01:06,  3.71it/s]
 53%|█████▎    | 279/522 [00:50<01:01,  3.93it/s]
 54%|█████▍    | 281/522 [00:50<00:52,  4.57it/s]
[15:24:07] [mem] running 3_PDBmkr.py parent=92.9MB child_tree=190.5MB combined=283.4MB
 54%|█████▍    | 282/522 [00:51<01:09,  3.44it/s]
 54%|█████▍    | 284/522 [00:52<01:10,  3.35it/s]
 55%|█████▍    | 286/522 [00:52<01:12,  3.24it/s]
 55%|█████▌    | 288/522 [00:53<01:15,  3.09it/s]
 56%|█████▌    | 290/522 [00:54<01:17,  3.01it/s]
[15:24:12] [mem] running 3_PDBmkr.py parent=59.9MB child_tree=243.6MB combined=303.5MB
 56%|█████▌    | 292/522 [00:54<01:17,  2.98it/s]
 56%|█████▋    | 294/522 [00:57<02:21,  1.62it/s]
 57%|█████▋    | 296/522 [00:59<02:42,  1.39it/s]
 57%|█████▋    | 297/522 [01:00<02:43,  1.38it/s]
 57%|█████▋    | 298/522 [01:01<03:10,  1.17it/s]
 57%|█████▋    | 300/522 [01:01<02:07,  1.75it/s]
[15:24:18] [mem] running 3_PDBmkr.py parent=59.9MB child_tree=266.1MB combined=326.0MB
 58%|█████▊    | 302/522 [01:01<01:30,  2.44it/s]
 58%|█████▊    | 303/522 [01:02<01:57,  1.86it/s]
 58%|█████▊    | 305/522 [01:03<01:55,  1.88it/s]
 59%|█████▉    | 307/522 [01:04<01:39,  2.16it/s]
 59%|█████▉    | 308/522 [01:05<01:41,  2.11it/s]
 59%|█████▉    | 310/522 [01:06<01:45,  2.02it/s]
 60%|█████▉    | 312/522 [01:07<01:48,  1.93it/s]
 60%|██████    | 314/522 [01:07<01:22,  2.52it/s]
[15:24:23] [mem] running 3_PDBmkr.py parent=59.9MB child_tree=227.4MB combined=287.3MB
 61%|██████    | 316/522 [01:07<01:04,  3.19it/s]
 61%|██████    | 318/522 [01:08<00:50,  4.02it/s]
 61%|██████▏   | 320/522 [01:08<00:43,  4.65it/s]
 61%|██████▏   | 321/522 [01:08<00:54,  3.66it/s]
 62%|██████▏   | 323/522 [01:09<00:59,  3.32it/s]
 62%|██████▏   | 325/522 [01:09<00:49,  3.99it/s]
 63%|██████▎   | 327/522 [01:10<00:39,  4.96it/s]
 63%|██████▎   | 329/522 [01:10<00:35,  5.50it/s]
 63%|██████▎   | 331/522 [01:10<00:32,  5.90it/s]
 64%|██████▍   | 333/522 [01:10<00:25,  7.39it/s]
 64%|██████▍   | 335/522 [01:11<00:28,  6.68it/s]
 64%|██████▍   | 336/522 [01:11<00:30,  6.14it/s]
 65%|██████▍   | 337/522 [01:11<00:37,  4.99it/s]
 65%|██████▍   | 338/522 [01:11<00:36,  5.10it/s]
 65%|██████▍   | 339/522 [01:12<00:35,  5.20it/s]
 65%|██████▌   | 341/522 [01:12<00:30,  5.86it/s]
 66%|██████▌   | 343/522 [01:12<00:27,  6.41it/s]
[15:24:29] [mem] running 3_PDBmkr.py parent=59.9MB child_tree=222.5MB combined=282.4MB
 66%|██████▌   | 345/522 [01:13<00:37,  4.70it/s]
 66%|██████▋   | 347/522 [01:13<00:34,  5.08it/s]
 67%|██████▋   | 349/522 [01:13<00:32,  5.41it/s]
 67%|██████▋   | 350/522 [01:14<00:34,  5.02it/s]
 67%|██████▋   | 351/522 [01:14<00:37,  4.58it/s]
 68%|██████▊   | 353/522 [01:14<00:32,  5.27it/s]
 68%|██████▊   | 354/522 [01:15<00:40,  4.17it/s]
 68%|██████▊   | 356/522 [01:15<00:33,  4.96it/s]
 69%|██████▊   | 358/522 [01:15<00:33,  4.89it/s]
 69%|██████▉   | 360/522 [01:16<00:31,  5.09it/s]
 69%|██████▉   | 362/522 [01:16<00:28,  5.69it/s]
 70%|██████▉   | 364/522 [01:16<00:26,  5.90it/s]
 70%|███████   | 366/522 [01:17<00:33,  4.61it/s]
 70%|███████   | 368/522 [01:17<00:29,  5.21it/s]
[15:24:34] [mem] running 3_PDBmkr.py parent=59.9MB child_tree=225.9MB combined=285.8MB
 71%|███████   | 369/522 [01:18<00:45,  3.35it/s]
 71%|███████   | 371/522 [01:19<00:59,  2.55it/s]
 71%|███████▏  | 373/522 [01:20<01:06,  2.24it/s]
 72%|███████▏  | 375/522 [01:21<01:10,  2.09it/s]
[15:24:39] [mem] running 3_PDBmkr.py parent=59.9MB child_tree=233.5MB combined=293.4MB
 72%|███████▏  | 377/522 [01:22<01:12,  2.00it/s]
 73%|███████▎  | 379/522 [01:24<01:14,  1.93it/s]
 73%|███████▎  | 381/522 [01:25<01:13,  1.93it/s]
 73%|███████▎  | 383/522 [01:26<01:10,  1.97it/s]
 74%|███████▍  | 385/522 [01:27<01:08,  2.00it/s]
 74%|███████▍  | 387/522 [01:27<00:59,  2.28it/s]
 75%|███████▍  | 389/522 [01:28<00:48,  2.72it/s]
 75%|███████▍  | 391/522 [01:28<00:46,  2.83it/s]
[15:24:45] [mem] running 3_PDBmkr.py parent=59.9MB child_tree=237.1MB combined=297.0MB
 75%|███████▌  | 393/522 [01:29<00:46,  2.77it/s]
 76%|███████▌  | 395/522 [01:29<00:38,  3.28it/s]
 76%|███████▌  | 397/522 [01:30<00:39,  3.14it/s]
 76%|███████▋  | 399/522 [01:31<00:39,  3.13it/s]
 77%|███████▋  | 401/522 [01:31<00:35,  3.41it/s]
 77%|███████▋  | 403/522 [01:31<00:30,  3.95it/s]
 78%|███████▊  | 405/522 [01:32<00:25,  4.50it/s]
 78%|███████▊  | 407/522 [01:32<00:23,  4.82it/s]
 78%|███████▊  | 409/522 [01:32<00:22,  4.96it/s]
 79%|███████▊  | 411/522 [01:33<00:23,  4.79it/s]
 79%|███████▉  | 413/522 [01:33<00:22,  4.84it/s]
 80%|███████▉  | 415/522 [01:34<00:21,  5.08it/s]
[15:24:50] [mem] running 3_PDBmkr.py parent=59.9MB child_tree=242.3MB combined=302.2MB
 80%|███████▉  | 417/522 [01:34<00:24,  4.29it/s]
 80%|████████  | 419/522 [01:35<00:26,  3.85it/s]
 81%|████████  | 421/522 [01:35<00:26,  3.87it/s]
 81%|████████  | 423/522 [01:36<00:23,  4.23it/s]
 81%|████████▏ | 425/522 [01:36<00:20,  4.78it/s]
 82%|████████▏ | 427/522 [01:36<00:18,  5.23it/s]
 82%|████████▏ | 429/522 [01:37<00:15,  6.09it/s]
 83%|████████▎ | 431/522 [01:37<00:13,  6.96it/s]
 83%|████████▎ | 433/522 [01:37<00:14,  6.11it/s]
 83%|████████▎ | 435/522 [01:38<00:15,  5.57it/s]
 84%|████████▎ | 436/522 [01:38<00:17,  4.93it/s]
 84%|████████▍ | 438/522 [01:39<00:20,  4.03it/s]
 84%|████████▍ | 440/522 [01:39<00:20,  4.07it/s]
[15:24:55] [mem] running 3_PDBmkr.py parent=59.9MB child_tree=244.2MB combined=304.1MB
 85%|████████▍ | 442/522 [01:40<00:18,  4.36it/s]
 85%|████████▍ | 443/522 [01:40<00:19,  4.11it/s]
 85%|████████▌ | 444/522 [01:40<00:20,  3.83it/s]
 85%|████████▌ | 445/522 [01:40<00:21,  3.66it/s]
 86%|████████▌ | 447/522 [01:41<00:20,  3.66it/s]
 86%|████████▌ | 449/522 [01:41<00:18,  3.93it/s]
 86%|████████▋ | 451/522 [01:42<00:21,  3.33it/s]
 87%|████████▋ | 453/522 [01:43<00:17,  3.93it/s]
 87%|████████▋ | 455/522 [01:43<00:16,  4.10it/s]
 88%|████████▊ | 457/522 [01:43<00:14,  4.39it/s]
 88%|████████▊ | 459/522 [01:44<00:13,  4.62it/s]
 88%|████████▊ | 461/522 [01:44<00:14,  4.18it/s]
 89%|████████▊ | 463/522 [01:45<00:11,  4.95it/s]
[15:25:01] [mem] running 3_PDBmkr.py parent=59.9MB child_tree=250.5MB combined=310.4MB
 89%|████████▉ | 464/522 [01:45<00:15,  3.75it/s]
 89%|████████▉ | 466/522 [01:46<00:16,  3.39it/s]
 90%|████████▉ | 468/522 [01:46<00:13,  4.07it/s]
 90%|████████▉ | 469/522 [01:46<00:13,  3.94it/s]
 90%|█████████ | 471/522 [01:47<00:15,  3.35it/s]
 91%|█████████ | 473/522 [01:48<00:12,  3.94it/s]
 91%|█████████ | 475/522 [01:48<00:09,  4.74it/s]
 91%|█████████▏| 477/522 [01:48<00:08,  5.10it/s]
 92%|█████████▏| 479/522 [01:48<00:07,  5.86it/s]
 92%|█████████▏| 480/522 [01:48<00:06,  6.00it/s]
 92%|█████████▏| 481/522 [01:49<00:08,  4.57it/s]
 93%|█████████▎| 483/522 [01:49<00:07,  5.37it/s]
 93%|█████████▎| 484/522 [01:49<00:07,  5.20it/s]
 93%|█████████▎| 486/522 [01:49<00:05,  7.06it/s]
 93%|█████████▎| 487/522 [01:50<00:05,  6.78it/s]
[15:25:06] [mem] running 3_PDBmkr.py parent=59.9MB child_tree=255.1MB combined=315.0MB
 93%|█████████▎| 488/522 [01:50<00:07,  4.32it/s]
 94%|█████████▍| 490/522 [01:51<00:06,  4.67it/s]
 94%|█████████▍| 492/522 [01:51<00:06,  4.30it/s]
 95%|█████████▍| 494/522 [01:52<00:06,  4.34it/s]
 95%|█████████▌| 496/522 [01:52<00:05,  4.72it/s]
 95%|█████████▌| 498/522 [01:52<00:05,  4.78it/s]
 96%|█████████▌| 500/522 [01:53<00:04,  4.94it/s]
 96%|█████████▌| 502/522 [01:53<00:04,  4.98it/s]
 97%|█████████▋| 504/522 [01:53<00:03,  5.08it/s]
 97%|█████████▋| 506/522 [01:54<00:03,  4.83it/s]
 97%|█████████▋| 508/522 [01:54<00:02,  4.73it/s]
 98%|█████████▊| 510/522 [01:55<00:02,  4.65it/s]
[15:25:11] [mem] running 3_PDBmkr.py parent=59.9MB child_tree=261.1MB combined=321.0MB
 98%|█████████▊| 512/522 [01:55<00:02,  4.35it/s]
 98%|█████████▊| 514/522 [01:56<00:01,  4.79it/s]
 99%|█████████▊| 515/522 [01:56<00:01,  4.11it/s]
 99%|█████████▉| 517/522 [01:56<00:01,  4.69it/s]
 99%|█████████▉| 519/522 [01:57<00:00,  5.63it/s]
100%|█████████▉| 521/522 [01:57<00:00,  4.92it/s]
100%|██████████| 522/522 [01:57<00:00,  4.44it/s]
📁 Step 3 output root resolved: /app/jobs/5a21a564/WAR_PDB
📊 Step 3 requested=522 built=522 on_disk=522
🧾 Step 3 sample PDBs: ['Mpro/11ro_A_A1DAK.pdb', 'Mpro/12af_A_A1DA8.pdb', 'Mpro/23lw_A_7ON.pdb', 'Mpro/23lw_B_7ON.pdb', 'Mpro/23lx_A_7ON.pdb', 'Mpro/23ly_A_7ON.pdb', 'Mpro/23ly_B_7ON.pdb', 'Mpro/23lz_A_7ON.pdb', 'Mpro/23lz_B_7ON.pdb', 'Mpro/23lz_C_7ON.pdb']
✅ All PDBs built successfully.
✅ Wrote 5CharMAP.csv with mapping rows (5-letter ligands detected).
[15:25:13] [mem] after 3_PDBmkr.py parent=59.9MB delta=-37.2MB combined_peak=344.9MB child_peak=285.0MB
[15:25:13] 🚀 Running 4_PDBfxr.py...
[15:25:13] 🐍 Pipeline Python: /app/.heroku/python/bin/python
[15:25:13] [mem] before 4_PDBfxr.py parent=60.3MB combined=60.3MB
[15:25:13] 🧵 Worker caps for 4_PDBfxr.py: pipeline_max=2 WARHEAD_SQCHK_MAX_WORKERS=2 WARHEAD_PDBMKR_MAX_WORKERS=2 WARHEAD_SASA_MAX_WORKERS=3 WARHEAD_METADATA_MAX_WORKERS=3 WARHEAD_MCS_MAX_WORKERS=3
[15:25:13] ⏱ No-output watchdog for 4_PDBfxr.py: 180s
[15:25:13] [mem] running 4_PDBfxr.py parent=60.3MB child_tree=1.4MB combined=61.7MB
============================================
🔥 STEP 4: LIGAND5 → LIGANDX (TOKEN PARSE + STRICT REFORMAT)
============================================
🔬 Loaded 60 ligand5→ligandX mappings
   • ligand5=A1A21 ligand3=A1A ligandX=A06
   • ligand5=A1AFD ligand3=A1A ligandX=A07
   • ligand5=A1AFE ligand3=A1A ligandX=A08
   • ligand5=A1ALW ligand3=A1A ligandX=A13
   • ligand5=A1BCW ligand3=A1B ligandX=A17
   • ligand5=A1BCX ligand3=A1B ligandX=A16
   • ligand5=A1BCY ligand3=A1B ligandX=A15
   • ligand5=A1BCZ ligand3=A1B ligandX=A14
   • ligand5=A1BFE ligand3=A1B ligandX=A18
   • ligand5=A1BFE ligand3=A1B ligandX=A18
   • ligand5=A1BFE ligand3=A1B ligandX=A18
   • ligand5=A1BFE ligand3=A1B ligandX=A18
   • ligand5=A1BFE ligand3=A1B ligandX=A18
   • ligand5=A1BFE ligand3=A1B ligandX=A18
   • ligand5=A1BFE ligand3=A1B ligandX=A18
   • ligand5=A1BKV ligand3=A1B ligandX=A34
   • ligand5=A1BMU ligand3=A1B ligandX=A35
   • ligand5=A1BMU ligand3=A1B ligandX=A35
   • ligand5=A1BTM ligand3=A1B ligandX=A36
   • ligand5=A1BTN ligand3=A1B ligandX=A40
   • ligand5=A1BTO ligand3=A1B ligandX=A38
   • ligand5=A1BTP ligand3=A1B ligandX=A39
   • ligand5=A1BVT ligand3=A1B ligandX=A37
   • ligand5=A1BVV ligand3=A1B ligandX=A41
   • ligand5=A1C3L ligand3=A1C ligandX=A48
   • ligand5=A1CR3 ligand3=A1C ligandX=A47
   • ligand5=A1CR4 ligand3=A1C ligandX=A42
   • ligand5=A1CR5 ligand3=A1C ligandX=A46
   • ligand5=A1D50 ligand3=A1D ligandX=A10
   • ligand5=A1D51 ligand3=A1D ligandX=A09
   • ligand5=A1D76 ligand3=A1D ligandX=A12
   • ligand5=A1D7M ligand3=A1D ligandX=A32
   • ligand5=A1DA8 ligand3=A1D ligandX=A00
   • ligand5=A1DAK ligand3=A1D ligandX=A01
   • ligand5=A1EK4 ligand3=A1E ligandX=A33
   • ligand5=A1EN0 ligand3=A1E ligandX=A02
   • ligand5=A1EN0 ligand3=A1E ligandX=A02
   • ligand5=A1EN0 ligand3=A1E ligandX=A02
   • ligand5=A1EN0 ligand3=A1E ligandX=A02
   • ligand5=A1EN0 ligand3=A1E ligandX=A02
   • ligand5=A1EPZ ligand3=A1E ligandX=A44
   • ligand5=A1H1J ligand3=A1H ligandX=A04
   • ligand5=A1H1K ligand3=A1H ligandX=A05
   • ligand5=A1IHT ligand3=A1I ligandX=A19
   • ligand5=A1IHV ligand3=A1I ligandX=A20
   • ligand5=A1IL0 ligand3=A1I ligandX=A22
   • ligand5=A1IL7 ligand3=A1I ligandX=A23
   • ligand5=A1IMU ligand3=A1I ligandX=A03
   • ligand5=A1IMY ligand3=A1I ligandX=A24
   • ligand5=A1IRW ligand3=A1I ligandX=A25
   • ligand5=A1ISK ligand3=A1I ligandX=A26
   • ligand5=A1ITI ligand3=A1I ligandX=A28
   • ligand5=A1ITJ ligand3=A1I ligandX=A27
   • ligand5=A1IUM ligand3=A1I ligandX=A30
   • ligand5=A1IUN ligand3=A1I ligandX=A29
   • ligand5=A1IVK ligand3=A1I ligandX=A31
   • ligand5=A1IYL ligand3=A1I ligandX=A21
   • ligand5=A1JNF ligand3=A1J ligandX=A43
   • ligand5=A1LYZ ligand3=A1L ligandX=A11
   • ligand5=A1MBL ligand3=A1M ligandX=A45
🔧 Considering 11ro_A_A1DAK.pdb
   source ligand5: A1DAK
   source ligand3: A1D
   target ligandX: A01
   output filename: 11ro_A_A01.pdb
   HETATM rows inspected: 242
   HETATM rows rewritten/appended: 68
   output HETATM A01 count: 68
🔧 Considering 12af_A_A1DA8.pdb
   source ligand5: A1DA8
   source ligand3: A1D
   target ligandX: A00
   output filename: 12af_A_A00.pdb
   HETATM rows inspected: 282
   HETATM rows rewritten/appended: 64
   output HETATM A00 count: 64
🔧 Considering 23mb_A_A1EN0.pdb
   source ligand5: A1EN0
   source ligand3: A1E
   target ligandX: A02
   output filename: 23mb_A_A02.pdb
   HETATM rows inspected: 101
   HETATM rows rewritten/appended: 45
   output HETATM A02 count: 45
🔧 Considering 23mb_B_A1EN0.pdb
   source ligand5: A1EN0
   source ligand3: A1E
   target ligandX: A02
   output filename: 23mb_B_A02.pdb
   HETATM rows inspected: 90
   HETATM rows rewritten/appended: 45
   output HETATM A02 count: 45
🔧 Considering 23md_A_A1EN0.pdb
   source ligand5: A1EN0
   source ligand3: A1E
   target ligandX: A02
   output filename: 23md_A_A02.pdb
   HETATM rows inspected: 314
   HETATM rows rewritten/appended: 45
   output HETATM A02 count: 45
🔧 Considering 23md_B_A1EN0.pdb
   source ligand5: A1EN0
   source ligand3: A1E
   target ligandX: A02
   output filename: 23md_B_A02.pdb
   HETATM rows inspected: 308
   HETATM rows rewritten/appended: 45
   output HETATM A02 count: 45
🔧 Considering 23mf_A_A1EN0.pdb
   source ligand5: A1EN0
   source ligand3: A1E
   target ligandX: A02
   output filename: 23mf_A_A02.pdb
   HETATM rows inspected: 211
   HETATM rows rewritten/appended: 45
   output HETATM A02 count: 45
🔧 Considering 23mf_B_A1EN0.pdb
   source ligand5: A1EN0
   source ligand3: A1E
   target ligandX: A02
   output filename: 23mf_B_A02.pdb
   HETATM rows inspected: 232
   HETATM rows rewritten/appended: 45
   output HETATM A02 count: 45
🔧 Considering 23mg_A_A1EN0.pdb
   source ligand5: A1EN0
   source ligand3: A1E
   target ligandX: A02
   output filename: 23mg_A_A02.pdb
   HETATM rows inspected: 204
   HETATM rows rewritten/appended: 45
   output HETATM A02 count: 45
🔧 Considering 23mg_B_A1EN0.pdb
   source ligand5: A1EN0
   source ligand3: A1E
   target ligandX: A02
   output filename: 23mg_B_A02.pdb
   HETATM rows inspected: 239
   HETATM rows rewritten/appended: 45
   output HETATM A02 count: 45
🔧 Considering 23mi_A_A1EN0.pdb
   source ligand5: A1EN0
   source ligand3: A1E
   target ligandX: A02
   output filename: 23mi_A_A02.pdb
   HETATM rows inspected: 289
   HETATM rows rewritten/appended: 45
   output HETATM A02 count: 45
🔧 Considering 23mi_B_A1EN0.pdb
   source ligand5: A1EN0
   source ligand3: A1E
   target ligandX: A02
   output filename: 23mi_B_A02.pdb
   HETATM rows inspected: 278
   HETATM rows rewritten/appended: 45
   output HETATM A02 count: 45
🔧 Considering 8aj1_A_A1IMU.pdb
   source ligand5: A1IMU
   source ligand3: A1I
   target ligandX: A03
   output filename: 8aj1_A_A03.pdb
   HETATM rows inspected: 61
   HETATM rows rewritten/appended: 39
   output HETATM A03 count: 39
🔧 Considering 8rjv_A_A1H1J.pdb
   source ligand5: A1H1J
   source ligand3: A1H
   target ligandX: A04
   output filename: 8rjv_A_A04.pdb
   HETATM rows inspected: 99
   HETATM rows rewritten/appended: 60
   output HETATM A04 count: 60
🔧 Considering 8rjy_A_A1H1K.pdb
   source ligand5: A1H1K
   source ligand3: A1H
   target ligandX: A05
   output filename: 8rjy_A_A05.pdb
   HETATM rows inspected: 98
   HETATM rows rewritten/appended: 72
   output HETATM A05 count: 72
🔧 Considering 8w1t_A_A1A21.pdb
   source ligand5: A1A21
   source ligand3: A1A
   target ligandX: A06
   output filename: 8w1t_A_A06.pdb
   HETATM rows inspected: 316
   HETATM rows rewritten/appended: 29
   output HETATM A06 count: 29
🔧 Considering 8w1t_A_A1AFD.pdb
   source ligand5: A1AFD
   source ligand3: A1A
   target ligandX: A07
   output filename: 8w1t_A_A07.pdb
   HETATM rows inspected: 316
   HETATM rows rewritten/appended: 29
   output HETATM A07 count: 29
🔧 Considering 8w1t_B_A1A21.pdb
   source ligand5: A1A21
   source ligand3: A1A
   target ligandX: A06
   output filename: 8w1t_B_A06.pdb
   HETATM rows inspected: 329
   HETATM rows rewritten/appended: 29
   output HETATM A06 count: 29
🔧 Considering 8w1t_B_A1AFD.pdb
   source ligand5: A1AFD
   source ligand3: A1A
   target ligandX: A07
   output filename: 8w1t_B_A07.pdb
   HETATM rows inspected: 329
   HETATM rows rewritten/appended: 29
   output HETATM A07 count: 29
🔧 Considering 8w1u_A_A1AFE.pdb
   source ligand5: A1AFE
   source ligand3: A1A
   target ligandX: A08
   output filename: 8w1u_A_A08.pdb
   HETATM rows inspected: 86
   HETATM rows rewritten/appended: 34
   output HETATM A08 count: 34
🔧 Considering 8w1u_B_A1AFE.pdb
   source ligand5: A1AFE
   source ligand3: A1A
   target ligandX: A08
   output filename: 8w1u_B_A08.pdb
   HETATM rows inspected: 103
   HETATM rows rewritten/appended: 34
   output HETATM A08 count: 34
🔧 Considering 8y42_A_A1D51.pdb
   source ligand5: A1D51
   source ligand3: A1D
   target ligandX: A09
   output filename: 8y42_A_A09.pdb
   HETATM rows inspected: 50
   HETATM rows rewritten/appended: 37
   output HETATM A09 count: 37
🔧 Considering 8y42_B_A1D51.pdb
   source ligand5: A1D51
   source ligand3: A1D
   target ligandX: A09
   output filename: 8y42_B_A09.pdb
   HETATM rows inspected: 46
   HETATM rows rewritten/appended: 37
   output HETATM A09 count: 37
🔧 Considering 8y42_C_A1D51.pdb
   source ligand5: A1D51
   source ligand3: A1D
   target ligandX: A09
   output filename: 8y42_C_A09.pdb
   HETATM rows inspected: 64
   HETATM rows rewritten/appended: 37
   output HETATM A09 count: 37
🔧 Considering 8y42_D_A1D51.pdb
   source ligand5: A1D51
   source ligand3: A1D
   target ligandX: A09
   output filename: 8y42_D_A09.pdb
   HETATM rows inspected: 51
   HETATM rows rewritten/appended: 37
   output HETATM A09 count: 37
🔧 Considering 8y44_A_A1D50.pdb
   source ligand5: A1D50
   source ligand3: A1D
   target ligandX: A10
   output filename: 8y44_A_A10.pdb
   HETATM rows inspected: 118
   HETATM rows rewritten/appended: 39
   output HETATM A10 count: 39
🔧 Considering 8y44_B_A1D50.pdb
   source ligand5: A1D50
   source ligand3: A1D
   target ligandX: A10
   output filename: 8y44_B_A10.pdb
   HETATM rows inspected: 82
   HETATM rows rewritten/appended: 39
   output HETATM A10 count: 39
🔧 Considering 8yls_A_A1LYZ.pdb
   source ligand5: A1LYZ
   source ligand3: A1L
   target ligandX: A11
   output filename: 8yls_A_A11.pdb
   HETATM rows inspected: 189
   HETATM rows rewritten/appended: 31
   output HETATM A11 count: 31
🔧 Considering 8zbp_A_A1D76.pdb
   source ligand5: A1D76
   source ligand3: A1D
   target ligandX: A12
   output filename: 8zbp_A_A12.pdb
   HETATM rows inspected: 387
   HETATM rows rewritten/appended: 68
   output HETATM A12 count: 68
🔧 Considering 9bbp_A_A1ALW.pdb
   source ligand5: A1ALW
   source ligand3: A1A
   target ligandX: A13
   output filename: 9bbp_A_A13.pdb
   HETATM rows inspected: 206
   HETATM rows rewritten/appended: 34
   output HETATM A13 count: 34
🔧 Considering 9dtz_A_A1BCZ.pdb
   source ligand5: A1BCZ
   source ligand3: A1B
   target ligandX: A14
   output filename: 9dtz_A_A14.pdb
   HETATM rows inspected: 92
   HETATM rows rewritten/appended: 32
   output HETATM A14 count: 32
🔧 Considering 9dtz_B_A1BCZ.pdb
   source ligand5: A1BCZ
   source ligand3: A1B
   target ligandX: A14
   output filename: 9dtz_B_A14.pdb
   HETATM rows inspected: 73
   HETATM rows rewritten/appended: 32
   output HETATM A14 count: 32
🔧 Considering 9du2_A_A1BCY.pdb
   source ligand5: A1BCY
   source ligand3: A1B
   target ligandX: A15
   output filename: 9du2_A_A15.pdb
   HETATM rows inspected: 174
   HETATM rows rewritten/appended: 31
   output HETATM A15 count: 31
🔧 Considering 9du2_B_A1BCY.pdb
   source ligand5: A1BCY
   source ligand3: A1B
   target ligandX: A15
   output filename: 9du2_B_A15.pdb
   HETATM rows inspected: 172
   HETATM rows rewritten/appended: 31
   output HETATM A15 count: 31
🔧 Considering 9du3_A_A1BCX.pdb
   source ligand5: A1BCX
   source ligand3: A1B
   target ligandX: A16
   output filename: 9du3_A_A16.pdb
   HETATM rows inspected: 141
   HETATM rows rewritten/appended: 32
   output HETATM A16 count: 32
🔧 Considering 9du4_A_A1BCW.pdb
   source ligand5: A1BCW
   source ligand3: A1B
   target ligandX: A17
   output filename: 9du4_A_A17.pdb
   HETATM rows inspected: 89
   HETATM rows rewritten/appended: 31
   output HETATM A17 count: 31
🔧 Considering 9du4_B_A1BCW.pdb
   source ligand5: A1BCW
   source ligand3: A1B
   target ligandX: A17
   output filename: 9du4_B_A17.pdb
   HETATM rows inspected: 71
   HETATM rows rewritten/appended: 31
   output HETATM A17 count: 31
🔧 Considering 9e7b_A_A1BFE.pdb
   source ligand5: A1BFE
   source ligand3: A1B
   target ligandX: A18
⚠️ Could not parse HETATM in 9e7b_A_A1BFE.pdb: invalid literal for int() with base 10: '-17.712'
⚠️ Could not parse HETATM in 9e7b_A_A1BFE.pdb: invalid literal for int() with base 10: '1.317'
⚠️ Could not parse HETATM in 9e7b_A_A1BFE.pdb: invalid literal for int() with base 10: '-4.201'
⚠️ Could not parse HETATM in 9e7b_A_A1BFE.pdb: invalid literal for int() with base 10: '-2.485'
⚠️ Could not parse HETATM in 9e7b_A_A1BFE.pdb: invalid literal for int() with base 10: '-19.499'
⚠️ Could not parse HETATM in 9e7b_A_A1BFE.pdb: invalid literal for int() with base 10: '4.648'
⚠️ Could not parse HETATM in 9e7b_A_A1BFE.pdb: invalid literal for int() with base 10: '-12.993'
⚠️ Could not parse HETATM in 9e7b_A_A1BFE.pdb: invalid literal for int() with base 10: '-7.894'
⚠️ Could not parse HETATM in 9e7b_A_A1BFE.pdb: invalid literal for int() with base 10: '-29.247'
⚠️ Could not parse HETATM in 9e7b_A_A1BFE.pdb: invalid literal for int() with base 10: '-18.060'
⚠️ Could not parse HETATM in 9e7b_A_A1BFE.pdb: invalid literal for int() with base 10: '-17.771'
⚠️ Could not parse HETATM in 9e7b_A_A1BFE.pdb: invalid literal for int() with base 10: '8.022'
⚠️ Could not parse HETATM in 9e7b_A_A1BFE.pdb: invalid literal for int() with base 10: '-20.185'
⚠️ Could not parse HETATM in 9e7b_A_A1BFE.pdb: invalid literal for int() with base 10: '12.370'
⚠️ Could not parse HETATM in 9e7b_A_A1BFE.pdb: invalid literal for int() with base 10: '2.978'
⚠️ Could not parse HETATM in 9e7b_A_A1BFE.pdb: invalid literal for int() with base 10: '-4.570'
⚠️ Could not parse HETATM in 9e7b_A_A1BFE.pdb: invalid literal for int() with base 10: '7.019'
⚠️ Could not parse HETATM in 9e7b_A_A1BFE.pdb: invalid literal for int() with base 10: '-17.915'
⚠️ Could not parse HETATM in 9e7b_A_A1BFE.pdb: invalid literal for int() with base 10: '-10.039'
⚠️ Could not parse HETATM in 9e7b_A_A1BFE.pdb: invalid literal for int() with base 10: '15.157'
⚠️ Could not parse HETATM in 9e7b_A_A1BFE.pdb: invalid literal for int() with base 10: '-2.406'
⚠️ Could not parse HETATM in 9e7b_A_A1BFE.pdb: invalid literal for int() with base 10: '-9.760'
⚠️ Could not parse HETATM in 9e7b_A_A1BFE.pdb: invalid literal for int() with base 10: '-22.801'
⚠️ Could not parse HETATM in 9e7b_A_A1BFE.pdb: invalid literal for int() with base 10: '11.909'
⚠️ Could not parse HETATM in 9e7b_A_A1BFE.pdb: invalid literal for int() with base 10: '9.693'
⚠️ Could not parse HETATM in 9e7b_A_A1BFE.pdb: invalid literal for int() with base 10: '-21.658'
⚠️ Could not parse HETATM in 9e7b_A_A1BFE.pdb: invalid literal for int() with base 10: '-13.816'
⚠️ Could not parse HETATM in 9e7b_A_A1BFE.pdb: invalid literal for int() with base 10: '-30.707'
⚠️ Could not parse HETATM in 9e7b_A_A1BFE.pdb: invalid literal for int() with base 10: '-26.932'
⚠️ Could not parse HETATM in 9e7b_A_A1BFE.pdb: invalid literal for int() with base 10: '-20.676'
⚠️ Could not parse HETATM in 9e7b_A_A1BFE.pdb: invalid literal for int() with base 10: '-25.345'
⚠️ Could not parse HETATM in 9e7b_A_A1BFE.pdb: invalid literal for int() with base 10: '-19.387'
⚠️ Could not parse HETATM in 9e7b_A_A1BFE.pdb: invalid literal for int() with base 10: '17.403'
⚠️ Could not parse HETATM in 9e7b_A_A1BFE.pdb: invalid literal for int() with base 10: '0.480'
⚠️ Could not parse HETATM in 9e7b_A_A1BFE.pdb: invalid literal for int() with base 10: '-18.967'
⚠️ Could not parse HETATM in 9e7b_A_A1BFE.pdb: invalid literal for int() with base 10: '-19.403'
⚠️ Could not parse HETATM in 9e7b_A_A1BFE.pdb: invalid literal for int() with base 10: '-20.215'
   output filename: 9e7b_A_A18.pdb
   HETATM rows inspected: 604
   HETATM rows rewritten/appended: 68
   output HETATM A18 count: 68
🔧 Considering 9e7s_A_A1BFE.pdb
   source ligand5: A1BFE
   source ligand3: A1B
   target ligandX: A18
   output filename: 9e7s_A_A18.pdb
   HETATM rows inspected: 374
   HETATM rows rewritten/appended: 68
   output HETATM A18 count: 68
🔧 Considering 9e8r_A_A1BFE.pdb
   source ligand5: A1BFE
   source ligand3: A1B
   target ligandX: A18
   output filename: 9e8r_A_A18.pdb
   HETATM rows inspected: 434
   HETATM rows rewritten/appended: 68
   output HETATM A18 count: 68
🔧 Considering 9g0h_A_A1IHT.pdb
   source ligand5: A1IHT
   source ligand3: A1I
   target ligandX: A19
   output filename: 9g0h_A_A19.pdb
   HETATM rows inspected: 306
   HETATM rows rewritten/appended: 67
   output HETATM A19 count: 67
🔧 Considering 9g0i_A_A1IHV.pdb
   source ligand5: A1IHV
   source ligand3: A1I
   target ligandX: A20
⚠️ Could not parse HETATM in 9g0i_A_A1IHV.pdb: invalid literal for int() with base 10: '-26.594'
⚠️ Could not parse HETATM in 9g0i_A_A1IHV.pdb: invalid literal for int() with base 10: '-26.315'
⚠️ Could not parse HETATM in 9g0i_A_A1IHV.pdb: invalid literal for int() with base 10: '-25.266'
⚠️ Could not parse HETATM in 9g0i_A_A1IHV.pdb: invalid literal for int() with base 10: '-25.483'
⚠️ Could not parse HETATM in 9g0i_A_A1IHV.pdb: invalid literal for int() with base 10: '-26.259'
⚠️ Could not parse HETATM in 9g0i_A_A1IHV.pdb: invalid literal for int() with base 10: '-26.539'
⚠️ Could not parse HETATM in 9g0i_A_A1IHV.pdb: invalid literal for int() with base 10: '-25.284'
⚠️ Could not parse HETATM in 9g0i_A_A1IHV.pdb: invalid literal for int() with base 10: '-25.081'
⚠️ Could not parse HETATM in 9g0i_A_A1IHV.pdb: invalid literal for int() with base 10: '-26.942'
⚠️ Could not parse HETATM in 9g0i_A_A1IHV.pdb: invalid literal for int() with base 10: '-26.437'
⚠️ Could not parse HETATM in 9g0i_A_A1IHV.pdb: invalid literal for int() with base 10: '-24.612'
⚠️ Could not parse HETATM in 9g0i_A_A1IHV.pdb: invalid literal for int() with base 10: '-24.978'
⚠️ Could not parse HETATM in 9g0i_A_A1IHV.pdb: invalid literal for int() with base 10: '-26.402'
⚠️ Could not parse HETATM in 9g0i_A_A1IHV.pdb: invalid literal for int() with base 10: '-26.908'
   output filename: 9g0i_A_A20.pdb
   HETATM rows inspected: 355
   HETATM rows rewritten/appended: 60
   output HETATM A20 count: 60
🔧 Considering 9gf7_A_A1IYL.pdb
   source ligand5: A1IYL
   source ligand3: A1I
   target ligandX: A21
   output filename: 9gf7_A_A21.pdb
   HETATM rows inspected: 114
   HETATM rows rewritten/appended: 31
   output HETATM A21 count: 31
🔧 Considering 9gij_A_A1IL0.pdb
   source ligand5: A1IL0
   source ligand3: A1I
   target ligandX: A22
   output filename: 9gij_A_A22.pdb
   HETATM rows inspected: 389
   HETATM rows rewritten/appended: 35
   output HETATM A22 count: 35
🔧 Considering 9gil_A_A1IL7.pdb
   source ligand5: A1IL7
   source ligand3: A1I
   target ligandX: A23
   output filename: 9gil_A_A23.pdb
   HETATM rows inspected: 264
   HETATM rows rewritten/appended: 36
   output HETATM A23 count: 36
🔧 Considering 9gil_B_A1IL7.pdb
   source ligand5: A1IL7
   source ligand3: A1I
   target ligandX: A23
   output filename: 9gil_B_A23.pdb
   HETATM rows inspected: 337
   HETATM rows rewritten/appended: 36
   output HETATM A23 count: 36
🔧 Considering 9glv_A_A1IMY.pdb
   source ligand5: A1IMY
   source ligand3: A1I
   target ligandX: A24
   output filename: 9glv_A_A24.pdb
   HETATM rows inspected: 258
   HETATM rows rewritten/appended: 40
   output HETATM A24 count: 40
🔧 Considering 9glv_B_A1IMY.pdb
   source ligand5: A1IMY
   source ligand3: A1I
   target ligandX: A24
   output filename: 9glv_B_A24.pdb
   HETATM rows inspected: 161
   HETATM rows rewritten/appended: 40
   output HETATM A24 count: 40
🔧 Considering 9h0f_A_A1IRW.pdb
   source ligand5: A1IRW
   source ligand3: A1I
   target ligandX: A25
   output filename: 9h0f_A_A25.pdb
   HETATM rows inspected: 155
   HETATM rows rewritten/appended: 32
   output HETATM A25 count: 32
🔧 Considering 9h0f_B_A1IRW.pdb
   source ligand5: A1IRW
   source ligand3: A1I
   target ligandX: A25
   output filename: 9h0f_B_A25.pdb
   HETATM rows inspected: 200
   HETATM rows rewritten/appended: 32
   output HETATM A25 count: 32
🔧 Considering 9h4b_A_A1ISK.pdb
   source ligand5: A1ISK
   source ligand3: A1I
   target ligandX: A26
   output filename: 9h4b_A_A26.pdb
   HETATM rows inspected: 184
   HETATM rows rewritten/appended: 45
   output HETATM A26 count: 45
🔧 Considering 9haj_A_A1ITJ.pdb
   source ligand5: A1ITJ
   source ligand3: A1I
   target ligandX: A27
   output filename: 9haj_A_A27.pdb
   HETATM rows inspected: 377
   HETATM rows rewritten/appended: 31
   output HETATM A27 count: 31
🔧 Considering 9haj_B_A1ITJ.pdb
   source ligand5: A1ITJ
   source ligand3: A1I
   target ligandX: A27
   output filename: 9haj_B_A27.pdb
   HETATM rows inspected: 334
   HETATM rows rewritten/appended: 31
   output HETATM A27 count: 31
🔧 Considering 9hak_A_A1ITI.pdb
   source ligand5: A1ITI
   source ligand3: A1I
   target ligandX: A28
   output filename: 9hak_A_A28.pdb
   HETATM rows inspected: 365
   HETATM rows rewritten/appended: 33
   output HETATM A28 count: 33
🔧 Considering 9hak_B_A1ITI.pdb
   source ligand5: A1ITI
   source ligand3: A1I
   target ligandX: A28
   output filename: 9hak_B_A28.pdb
   HETATM rows inspected: 307
   HETATM rows rewritten/appended: 33
   output HETATM A28 count: 33
🔧 Considering 9hfx_A_A1IUN.pdb
   source ligand5: A1IUN
   source ligand3: A1I
   target ligandX: A29
⚠️ Could not parse HETATM in 9hfx_A_A1IUN.pdb: invalid literal for int() with base 10: '-18.299'
⚠️ Could not parse HETATM in 9hfx_A_A1IUN.pdb: invalid literal for int() with base 10: '-18.303'
   output filename: 9hfx_A_A29.pdb
   HETATM rows inspected: 114
   HETATM rows rewritten/appended: 33
   output HETATM A29 count: 33
🔧 Considering 9hfy_A_A1IUM.pdb
   source ligand5: A1IUM
   source ligand3: A1I
   target ligandX: A30
   output filename: 9hfy_A_A30.pdb
   HETATM rows inspected: 384
   HETATM rows rewritten/appended: 44
   output HETATM A30 count: 44
🔧 Considering 9hfy_B_A1IUM.pdb
   source ligand5: A1IUM
   source ligand3: A1I
   target ligandX: A30
   output filename: 9hfy_B_A30.pdb
   HETATM rows inspected: 350
   HETATM rows rewritten/appended: 44
   output HETATM A30 count: 44
🔧 Considering 9hjh_A_A1IVK.pdb
   source ligand5: A1IVK
   source ligand3: A1I
   target ligandX: A31
   output filename: 9hjh_A_A31.pdb
   HETATM rows inspected: 423
   HETATM rows rewritten/appended: 31
   output HETATM A31 count: 31
🔧 Considering 9hjh_B_A1IVK.pdb
   source ligand5: A1IVK
   source ligand3: A1I
   target ligandX: A31
   output filename: 9hjh_B_A31.pdb
   HETATM rows inspected: 347
   HETATM rows rewritten/appended: 31
   output HETATM A31 count: 31
🔧 Considering 9ir9_A_A1D7M.pdb
   source ligand5: A1D7M
   source ligand3: A1D
   target ligandX: A32
   output filename: 9ir9_A_A32.pdb
   HETATM rows inspected: 229
   HETATM rows rewritten/appended: 31
   output HETATM A32 count: 31
🔧 Considering 9lll_A_A1EK4.pdb
   source ligand5: A1EK4
   source ligand3: A1E
   target ligandX: A33
   output filename: 9lll_A_A33.pdb
   HETATM rows inspected: 145
   HETATM rows rewritten/appended: 62
   output HETATM A33 count: 62
🔧 Considering 9mdq_A_A1BKV.pdb
   source ligand5: A1BKV
   source ligand3: A1B
   target ligandX: A34
   output filename: 9mdq_A_A34.pdb
   HETATM rows inspected: 218
   HETATM rows rewritten/appended: 34
   output HETATM A34 count: 34
🔧 Considering 9mlj_A_A1BMU.pdb
   source ligand5: A1BMU
   source ligand3: A1B
   target ligandX: A35
   output filename: 9mlj_A_A35.pdb
   HETATM rows inspected: 443
   HETATM rows rewritten/appended: 84
   output HETATM A35 count: 84
🔧 Considering 9mvm_A_A1BTM.pdb
   source ligand5: A1BTM
   source ligand3: A1B
   target ligandX: A36
   output filename: 9mvm_A_A36.pdb
   HETATM rows inspected: 63
   HETATM rows rewritten/appended: 23
   output HETATM A36 count: 23
🔧 Considering 9mvo_A_A1BTO.pdb
   source ligand5: A1BTO
   source ligand3: A1B
   target ligandX: A38
⚠️ Could not parse HETATM in 9mvo_A_A1BTO.pdb: invalid literal for int() with base 10: '-14.167'
⚠️ Could not parse HETATM in 9mvo_A_A1BTO.pdb: invalid literal for int() with base 10: '-13.889'
⚠️ Could not parse HETATM in 9mvo_A_A1BTO.pdb: invalid literal for int() with base 10: '-16.930'
⚠️ Could not parse HETATM in 9mvo_A_A1BTO.pdb: invalid literal for int() with base 10: '-18.270'
⚠️ Could not parse HETATM in 9mvo_A_A1BTO.pdb: invalid literal for int() with base 10: '-16.887'
⚠️ Could not parse HETATM in 9mvo_A_A1BTO.pdb: invalid literal for int() with base 10: '-16.225'
⚠️ Could not parse HETATM in 9mvo_A_A1BTO.pdb: invalid literal for int() with base 10: '-11.657'
⚠️ Could not parse HETATM in 9mvo_A_A1BTO.pdb: invalid literal for int() with base 10: '-11.254'
⚠️ Could not parse HETATM in 9mvo_A_A1BTO.pdb: invalid literal for int() with base 10: '-11.880'
⚠️ Could not parse HETATM in 9mvo_A_A1BTO.pdb: invalid literal for int() with base 10: '-11.642'
⚠️ Could not parse HETATM in 9mvo_A_A1BTO.pdb: invalid literal for int() with base 10: '-13.342'
⚠️ Could not parse HETATM in 9mvo_A_A1BTO.pdb: invalid literal for int() with base 10: '-13.866'
⚠️ Could not parse HETATM in 9mvo_A_A1BTO.pdb: invalid literal for int() with base 10: '-14.603'
⚠️ Could not parse HETATM in 9mvo_A_A1BTO.pdb: invalid literal for int() with base 10: '-15.110'
⚠️ Could not parse HETATM in 9mvo_A_A1BTO.pdb: invalid literal for int() with base 10: '-14.899'
⚠️ Could not parse HETATM in 9mvo_A_A1BTO.pdb: invalid literal for int() with base 10: '-13.650'
⚠️ Could not parse HETATM in 9mvo_A_A1BTO.pdb: invalid literal for int() with base 10: '-18.339'
⚠️ Could not parse HETATM in 9mvo_A_A1BTO.pdb: invalid literal for int() with base 10: '-18.989'
⚠️ Could not parse HETATM in 9mvo_A_A1BTO.pdb: invalid literal for int() with base 10: '-13.299'
⚠️ Could not parse HETATM in 9mvo_A_A1BTO.pdb: invalid literal for int() with base 10: '-12.156'
⚠️ Could not parse HETATM in 9mvo_A_A1BTO.pdb: invalid literal for int() with base 10: '-10.520'
⚠️ Could not parse HETATM in 9mvo_A_A1BTO.pdb: invalid literal for int() with base 10: '-9.947'
⚠️ Could not parse HETATM in 9mvo_A_A1BTO.pdb: invalid literal for int() with base 10: '-8.812'
⚠️ Could not parse HETATM in 9mvo_A_A1BTO.pdb: invalid literal for int() with base 10: '-8.272'
⚠️ Could not parse HETATM in 9mvo_A_A1BTO.pdb: invalid literal for int() with base 10: '-8.854'
⚠️ Could not parse HETATM in 9mvo_A_A1BTO.pdb: invalid literal for int() with base 10: '-9.964'
⚠️ Could not parse HETATM in 9mvo_A_A1BTO.pdb: invalid literal for int() with base 10: '-10.510'
⚠️ Could not parse HETATM in 9mvo_A_A1BTO.pdb: invalid literal for int() with base 10: '-11.739'
⚠️ Could not parse HETATM in 9mvo_A_A1BTO.pdb: invalid literal for int() with base 10: '-12.336'
⚠️ Could not parse HETATM in 9mvo_A_A1BTO.pdb: invalid literal for int() with base 10: '-14.920'
⚠️ Could not parse HETATM in 9mvo_A_A1BTO.pdb: invalid literal for int() with base 10: '-14.802'
⚠️ Could not parse HETATM in 9mvo_A_A1BTO.pdb: invalid literal for int() with base 10: '-16.061'
⚠️ Could not parse HETATM in 9mvo_A_A1BTO.pdb: invalid literal for int() with base 10: '-12.260'
⚠️ Could not parse HETATM in 9mvo_A_A1BTO.pdb: invalid literal for int() with base 10: '-11.507'
⚠️ Could not parse HETATM in 9mvo_A_A1BTO.pdb: invalid literal for int() with base 10: '-13.672'
⚠️ Could not parse HETATM in 9mvo_A_A1BTO.pdb: invalid literal for int() with base 10: '-10.821'
⚠️ Could not parse HETATM in 9mvo_A_A1BTO.pdb: invalid literal for int() with base 10: '-13.890'
⚠️ Could not parse HETATM in 9mvo_A_A1BTO.pdb: invalid literal for int() with base 10: '-14.311'
⚠️ Could not parse HETATM in 9mvo_A_A1BTO.pdb: invalid literal for int() with base 10: '-13.735'
⚠️ Could not parse HETATM in 9mvo_A_A1BTO.pdb: invalid literal for int() with base 10: '-13.905'
⚠️ Could not parse HETATM in 9mvo_A_A1BTO.pdb: invalid literal for int() with base 10: '-16.902'
⚠️ Could not parse HETATM in 9mvo_A_A1BTO.pdb: invalid literal for int() with base 10: '-18.307'
⚠️ Could not parse HETATM in 9mvo_A_A1BTO.pdb: invalid literal for int() with base 10: '-19.000'
⚠️ Could not parse HETATM in 9mvo_A_A1BTO.pdb: invalid literal for int() with base 10: '-18.344'
⚠️ Could not parse HETATM in 9mvo_A_A1BTO.pdb: invalid literal for int() with base 10: '-16.963'
⚠️ Could not parse HETATM in 9mvo_A_A1BTO.pdb: invalid literal for int() with base 10: '-16.254'
⚠️ Could not parse HETATM in 9mvo_A_A1BTO.pdb: invalid literal for int() with base 10: '-13.361'
⚠️ Could not parse HETATM in 9mvo_A_A1BTO.pdb: invalid literal for int() with base 10: '-11.690'
⚠️ Could not parse HETATM in 9mvo_A_A1BTO.pdb: invalid literal for int() with base 10: '-12.201'
⚠️ Could not parse HETATM in 9mvo_A_A1BTO.pdb: invalid literal for int() with base 10: '-10.640'
⚠️ Could not parse HETATM in 9mvo_A_A1BTO.pdb: invalid literal for int() with base 10: '-11.834'
⚠️ Could not parse HETATM in 9mvo_A_A1BTO.pdb: invalid literal for int() with base 10: '-11.693'
⚠️ Could not parse HETATM in 9mvo_A_A1BTO.pdb: invalid literal for int() with base 10: '-11.509'
⚠️ Could not parse HETATM in 9mvo_A_A1BTO.pdb: invalid literal for int() with base 10: '-13.275'
⚠️ Could not parse HETATM in 9mvo_A_A1BTO.pdb: invalid literal for int() with base 10: '-13.809'
⚠️ Could not parse HETATM in 9mvo_A_A1BTO.pdb: invalid literal for int() with base 10: '-14.463'
⚠️ Could not parse HETATM in 9mvo_A_A1BTO.pdb: invalid literal for int() with base 10: '-15.013'
⚠️ Could not parse HETATM in 9mvo_A_A1BTO.pdb: invalid literal for int() with base 10: '-14.948'
⚠️ Could not parse HETATM in 9mvo_A_A1BTO.pdb: invalid literal for int() with base 10: '-10.049'
⚠️ Could not parse HETATM in 9mvo_A_A1BTO.pdb: invalid literal for int() with base 10: '-8.936'
⚠️ Could not parse HETATM in 9mvo_A_A1BTO.pdb: invalid literal for int() with base 10: '-8.406'
⚠️ Could not parse HETATM in 9mvo_A_A1BTO.pdb: invalid literal for int() with base 10: '-8.940'
⚠️ Could not parse HETATM in 9mvo_A_A1BTO.pdb: invalid literal for int() with base 10: '-10.019'
⚠️ Could not parse HETATM in 9mvo_A_A1BTO.pdb: invalid literal for int() with base 10: '-10.583'
⚠️ Could not parse HETATM in 9mvo_A_A1BTO.pdb: invalid literal for int() with base 10: '-11.669'
⚠️ Could not parse HETATM in 9mvo_A_A1BTO.pdb: invalid literal for int() with base 10: '-12.184'
⚠️ Could not parse HETATM in 9mvo_A_A1BTO.pdb: invalid literal for int() with base 10: '-14.952'
⚠️ Could not parse HETATM in 9mvo_A_A1BTO.pdb: invalid literal for int() with base 10: '-14.797'
⚠️ Could not parse HETATM in 9mvo_A_A1BTO.pdb: invalid literal for int() with base 10: '-16.010'
⚠️ Could not parse HETATM in 9mvo_A_A1BTO.pdb: invalid literal for int() with base 10: '-12.244'
⚠️ Could not parse HETATM in 9mvo_A_A1BTO.pdb: invalid literal for int() with base 10: '-11.700'
⚠️ Could not parse HETATM in 9mvo_A_A1BTO.pdb: invalid literal for int() with base 10: '-13.883'
⚠️ Could not parse HETATM in 9mvo_A_A1BTO.pdb: invalid literal for int() with base 10: '-10.676'
⚠️ Could not parse HETATM in 9mvo_A_A1BTO.pdb: invalid literal for int() with base 10: '-14.209'
   output filename: 9mvo_A_A38.pdb
   HETATM rows inspected: 256
   HETATM rows rewritten/appended: 0
⚠️ Warning: zero ligand atoms rewritten for 9mvo_A_A1BTO.pdb (A1BTO -> A38)
   output HETATM A38 count: 0
🔧 Considering 9mvo_A_A1BVT.pdb
   source ligand5: A1BVT
   source ligand3: A1B
   target ligandX: A37
⚠️ Could not parse HETATM in 9mvo_A_A1BVT.pdb: invalid literal for int() with base 10: '-14.167'
⚠️ Could not parse HETATM in 9mvo_A_A1BVT.pdb: invalid literal for int() with base 10: '-13.889'
⚠️ Could not parse HETATM in 9mvo_A_A1BVT.pdb: invalid literal for int() with base 10: '-16.930'
⚠️ Could not parse HETATM in 9mvo_A_A1BVT.pdb: invalid literal for int() with base 10: '-18.270'
⚠️ Could not parse HETATM in 9mvo_A_A1BVT.pdb: invalid literal for int() with base 10: '-16.887'
⚠️ Could not parse HETATM in 9mvo_A_A1BVT.pdb: invalid literal for int() with base 10: '-16.225'
⚠️ Could not parse HETATM in 9mvo_A_A1BVT.pdb: invalid literal for int() with base 10: '-11.657'
⚠️ Could not parse HETATM in 9mvo_A_A1BVT.pdb: invalid literal for int() with base 10: '-11.254'
⚠️ Could not parse HETATM in 9mvo_A_A1BVT.pdb: invalid literal for int() with base 10: '-11.880'
⚠️ Could not parse HETATM in 9mvo_A_A1BVT.pdb: invalid literal for int() with base 10: '-11.642'
⚠️ Could not parse HETATM in 9mvo_A_A1BVT.pdb: invalid literal for int() with base 10: '-13.342'
⚠️ Could not parse HETATM in 9mvo_A_A1BVT.pdb: invalid literal for int() with base 10: '-13.866'
⚠️ Could not parse HETATM in 9mvo_A_A1BVT.pdb: invalid literal for int() with base 10: '-14.603'
⚠️ Could not parse HETATM in 9mvo_A_A1BVT.pdb: invalid literal for int() with base 10: '-15.110'
⚠️ Could not parse HETATM in 9mvo_A_A1BVT.pdb: invalid literal for int() with base 10: '-14.899'
⚠️ Could not parse HETATM in 9mvo_A_A1BVT.pdb: invalid literal for int() with base 10: '-13.650'
⚠️ Could not parse HETATM in 9mvo_A_A1BVT.pdb: invalid literal for int() with base 10: '-18.339'
⚠️ Could not parse HETATM in 9mvo_A_A1BVT.pdb: invalid literal for int() with base 10: '-18.989'
⚠️ Could not parse HETATM in 9mvo_A_A1BVT.pdb: invalid literal for int() with base 10: '-13.299'
⚠️ Could not parse HETATM in 9mvo_A_A1BVT.pdb: invalid literal for int() with base 10: '-12.156'
⚠️ Could not parse HETATM in 9mvo_A_A1BVT.pdb: invalid literal for int() with base 10: '-10.520'
⚠️ Could not parse HETATM in 9mvo_A_A1BVT.pdb: invalid literal for int() with base 10: '-9.947'
⚠️ Could not parse HETATM in 9mvo_A_A1BVT.pdb: invalid literal for int() with base 10: '-8.812'
⚠️ Could not parse HETATM in 9mvo_A_A1BVT.pdb: invalid literal for int() with base 10: '-8.272'
⚠️ Could not parse HETATM in 9mvo_A_A1BVT.pdb: invalid literal for int() with base 10: '-8.854'
⚠️ Could not parse HETATM in 9mvo_A_A1BVT.pdb: invalid literal for int() with base 10: '-9.964'
⚠️ Could not parse HETATM in 9mvo_A_A1BVT.pdb: invalid literal for int() with base 10: '-10.510'
⚠️ Could not parse HETATM in 9mvo_A_A1BVT.pdb: invalid literal for int() with base 10: '-11.739'
⚠️ Could not parse HETATM in 9mvo_A_A1BVT.pdb: invalid literal for int() with base 10: '-12.336'
⚠️ Could not parse HETATM in 9mvo_A_A1BVT.pdb: invalid literal for int() with base 10: '-14.920'
⚠️ Could not parse HETATM in 9mvo_A_A1BVT.pdb: invalid literal for int() with base 10: '-14.802'
⚠️ Could not parse HETATM in 9mvo_A_A1BVT.pdb: invalid literal for int() with base 10: '-16.061'
⚠️ Could not parse HETATM in 9mvo_A_A1BVT.pdb: invalid literal for int() with base 10: '-12.260'
⚠️ Could not parse HETATM in 9mvo_A_A1BVT.pdb: invalid literal for int() with base 10: '-11.507'
⚠️ Could not parse HETATM in 9mvo_A_A1BVT.pdb: invalid literal for int() with base 10: '-13.672'
⚠️ Could not parse HETATM in 9mvo_A_A1BVT.pdb: invalid literal for int() with base 10: '-10.821'
⚠️ Could not parse HETATM in 9mvo_A_A1BVT.pdb: invalid literal for int() with base 10: '-13.890'
⚠️ Could not parse HETATM in 9mvo_A_A1BVT.pdb: invalid literal for int() with base 10: '-14.311'
⚠️ Could not parse HETATM in 9mvo_A_A1BVT.pdb: invalid literal for int() with base 10: '-13.735'
⚠️ Could not parse HETATM in 9mvo_A_A1BVT.pdb: invalid literal for int() with base 10: '-13.905'
⚠️ Could not parse HETATM in 9mvo_A_A1BVT.pdb: invalid literal for int() with base 10: '-16.902'
⚠️ Could not parse HETATM in 9mvo_A_A1BVT.pdb: invalid literal for int() with base 10: '-18.307'
⚠️ Could not parse HETATM in 9mvo_A_A1BVT.pdb: invalid literal for int() with base 10: '-19.000'
⚠️ Could not parse HETATM in 9mvo_A_A1BVT.pdb: invalid literal for int() with base 10: '-18.344'
⚠️ Could not parse HETATM in 9mvo_A_A1BVT.pdb: invalid literal for int() with base 10: '-16.963'
⚠️ Could not parse HETATM in 9mvo_A_A1BVT.pdb: invalid literal for int() with base 10: '-16.254'
⚠️ Could not parse HETATM in 9mvo_A_A1BVT.pdb: invalid literal for int() with base 10: '-13.361'
⚠️ Could not parse HETATM in 9mvo_A_A1BVT.pdb: invalid literal for int() with base 10: '-11.690'
⚠️ Could not parse HETATM in 9mvo_A_A1BVT.pdb: invalid literal for int() with base 10: '-12.201'
⚠️ Could not parse HETATM in 9mvo_A_A1BVT.pdb: invalid literal for int() with base 10: '-10.640'
⚠️ Could not parse HETATM in 9mvo_A_A1BVT.pdb: invalid literal for int() with base 10: '-11.834'
⚠️ Could not parse HETATM in 9mvo_A_A1BVT.pdb: invalid literal for int() with base 10: '-11.693'
⚠️ Could not parse HETATM in 9mvo_A_A1BVT.pdb: invalid literal for int() with base 10: '-11.509'
⚠️ Could not parse HETATM in 9mvo_A_A1BVT.pdb: invalid literal for int() with base 10: '-13.275'
⚠️ Could not parse HETATM in 9mvo_A_A1BVT.pdb: invalid literal for int() with base 10: '-13.809'
⚠️ Could not parse HETATM in 9mvo_A_A1BVT.pdb: invalid literal for int() with base 10: '-14.463'
⚠️ Could not parse HETATM in 9mvo_A_A1BVT.pdb: invalid literal for int() with base 10: '-15.013'
⚠️ Could not parse HETATM in 9mvo_A_A1BVT.pdb: invalid literal for int() with base 10: '-14.948'
⚠️ Could not parse HETATM in 9mvo_A_A1BVT.pdb: invalid literal for int() with base 10: '-10.049'
⚠️ Could not parse HETATM in 9mvo_A_A1BVT.pdb: invalid literal for int() with base 10: '-8.936'
⚠️ Could not parse HETATM in 9mvo_A_A1BVT.pdb: invalid literal for int() with base 10: '-8.406'
⚠️ Could not parse HETATM in 9mvo_A_A1BVT.pdb: invalid literal for int() with base 10: '-8.940'
⚠️ Could not parse HETATM in 9mvo_A_A1BVT.pdb: invalid literal for int() with base 10: '-10.019'
⚠️ Could not parse HETATM in 9mvo_A_A1BVT.pdb: invalid literal for int() with base 10: '-10.583'
⚠️ Could not parse HETATM in 9mvo_A_A1BVT.pdb: invalid literal for int() with base 10: '-11.669'
⚠️ Could not parse HETATM in 9mvo_A_A1BVT.pdb: invalid literal for int() with base 10: '-12.184'
⚠️ Could not parse HETATM in 9mvo_A_A1BVT.pdb: invalid literal for int() with base 10: '-14.952'
⚠️ Could not parse HETATM in 9mvo_A_A1BVT.pdb: invalid literal for int() with base 10: '-14.797'
⚠️ Could not parse HETATM in 9mvo_A_A1BVT.pdb: invalid literal for int() with base 10: '-16.010'
⚠️ Could not parse HETATM in 9mvo_A_A1BVT.pdb: invalid literal for int() with base 10: '-12.244'
⚠️ Could not parse HETATM in 9mvo_A_A1BVT.pdb: invalid literal for int() with base 10: '-11.700'
⚠️ Could not parse HETATM in 9mvo_A_A1BVT.pdb: invalid literal for int() with base 10: '-13.883'
⚠️ Could not parse HETATM in 9mvo_A_A1BVT.pdb: invalid literal for int() with base 10: '-10.676'
⚠️ Could not parse HETATM in 9mvo_A_A1BVT.pdb: invalid literal for int() with base 10: '-14.209'
   output filename: 9mvo_A_A37.pdb
   HETATM rows inspected: 256
   HETATM rows rewritten/appended: 0
⚠️ Warning: zero ligand atoms rewritten for 9mvo_A_A1BVT.pdb (A1BVT -> A37)
   output HETATM A37 count: 0
🔧 Considering 9mvp_A_A1BTP.pdb
   source ligand5: A1BTP
   source ligand3: A1B
   target ligandX: A39
⚠️ Could not parse HETATM in 9mvp_A_A1BTP.pdb: invalid literal for int() with base 10: '-19.032'
⚠️ Could not parse HETATM in 9mvp_A_A1BTP.pdb: invalid literal for int() with base 10: '-16.900'
⚠️ Could not parse HETATM in 9mvp_A_A1BTP.pdb: invalid literal for int() with base 10: '-13.258'
⚠️ Could not parse HETATM in 9mvp_A_A1BTP.pdb: invalid literal for int() with base 10: '-11.631'
⚠️ Could not parse HETATM in 9mvp_A_A1BTP.pdb: invalid literal for int() with base 10: '-12.104'
⚠️ Could not parse HETATM in 9mvp_A_A1BTP.pdb: invalid literal for int() with base 10: '-9.920'
⚠️ Could not parse HETATM in 9mvp_A_A1BTP.pdb: invalid literal for int() with base 10: '-8.280'
⚠️ Could not parse HETATM in 9mvp_A_A1BTP.pdb: invalid literal for int() with base 10: '-9.975'
⚠️ Could not parse HETATM in 9mvp_A_A1BTP.pdb: invalid literal for int() with base 10: '-11.330'
⚠️ Could not parse HETATM in 9mvp_A_A1BTP.pdb: invalid literal for int() with base 10: '-12.007'
⚠️ Could not parse HETATM in 9mvp_A_A1BTP.pdb: invalid literal for int() with base 10: '-11.797'
⚠️ Could not parse HETATM in 9mvp_A_A1BTP.pdb: invalid literal for int() with base 10: '-13.386'
⚠️ Could not parse HETATM in 9mvp_A_A1BTP.pdb: invalid literal for int() with base 10: '-14.020'
⚠️ Could not parse HETATM in 9mvp_A_A1BTP.pdb: invalid literal for int() with base 10: '-13.882'
⚠️ Could not parse HETATM in 9mvp_A_A1BTP.pdb: invalid literal for int() with base 10: '-16.958'
⚠️ Could not parse HETATM in 9mvp_A_A1BTP.pdb: invalid literal for int() with base 10: '-18.378'
⚠️ Could not parse HETATM in 9mvp_A_A1BTP.pdb: invalid literal for int() with base 10: '-18.295'
⚠️ Could not parse HETATM in 9mvp_A_A1BTP.pdb: invalid literal for int() with base 10: '-16.229'
⚠️ Could not parse HETATM in 9mvp_A_A1BTP.pdb: invalid literal for int() with base 10: '-10.460'
⚠️ Could not parse HETATM in 9mvp_A_A1BTP.pdb: invalid literal for int() with base 10: '-8.790'
⚠️ Could not parse HETATM in 9mvp_A_A1BTP.pdb: invalid literal for int() with base 10: '-8.870'
⚠️ Could not parse HETATM in 9mvp_A_A1BTP.pdb: invalid literal for int() with base 10: '-10.497'
⚠️ Could not parse HETATM in 9mvp_A_A1BTP.pdb: invalid literal for int() with base 10: '-11.761'
⚠️ Could not parse HETATM in 9mvp_A_A1BTP.pdb: invalid literal for int() with base 10: '-12.328'
⚠️ Could not parse HETATM in 9mvp_A_A1BTP.pdb: invalid literal for int() with base 10: '-14.911'
⚠️ Could not parse HETATM in 9mvp_A_A1BTP.pdb: invalid literal for int() with base 10: '-14.814'
⚠️ Could not parse HETATM in 9mvp_A_A1BTP.pdb: invalid literal for int() with base 10: '-16.089'
⚠️ Could not parse HETATM in 9mvp_A_A1BTP.pdb: invalid literal for int() with base 10: '-12.225'
⚠️ Could not parse HETATM in 9mvp_A_A1BTP.pdb: invalid literal for int() with base 10: '-11.517'
⚠️ Could not parse HETATM in 9mvp_A_A1BTP.pdb: invalid literal for int() with base 10: '-13.657'
⚠️ Could not parse HETATM in 9mvp_A_A1BTP.pdb: invalid literal for int() with base 10: '-10.845'
   output filename: 9mvp_A_A39.pdb
   HETATM rows inspected: 66
   HETATM rows rewritten/appended: 0
⚠️ Warning: zero ligand atoms rewritten for 9mvp_A_A1BTP.pdb (A1BTP -> A39)
   output HETATM A39 count: 0
🔧 Considering 9mvq_A_A1BTN.pdb
   source ligand5: A1BTN
   source ligand3: A1B
   target ligandX: A40
   output filename: 9mvq_A_A40.pdb
   HETATM rows inspected: 270
   HETATM rows rewritten/appended: 34
   output HETATM A40 count: 34
🔧 Considering 9mvq_B_A1BTN.pdb
   source ligand5: A1BTN
   source ligand3: A1B
   target ligandX: A40
   output filename: 9mvq_B_A40.pdb
   HETATM rows inspected: 333
   HETATM rows rewritten/appended: 34
   output HETATM A40 count: 34
🔧 Considering 9n3m_A_A1BVV.pdb
   source ligand5: A1BVV
   source ligand3: A1B
   target ligandX: A41
   output filename: 9n3m_A_A41.pdb
   HETATM rows inspected: 139
   HETATM rows rewritten/appended: 32
   output HETATM A41 count: 32
🔧 Considering 9n5q_A_A1BFE.pdb
   source ligand5: A1BFE
   source ligand3: A1B
   target ligandX: A18
   output filename: 9n5q_A_A18.pdb
   HETATM rows inspected: 436
   HETATM rows rewritten/appended: 68
   output HETATM A18 count: 68
🔧 Considering 9n6f_A_A1BFE.pdb
   source ligand5: A1BFE
   source ligand3: A1B
   target ligandX: A18
   output filename: 9n6f_A_A18.pdb
   HETATM rows inspected: 357
   HETATM rows rewritten/appended: 68
   output HETATM A18 count: 68
🔧 Considering 9n9b_A_A1BFE.pdb
   source ligand5: A1BFE
   source ligand3: A1B
   target ligandX: A18
   output filename: 9n9b_A_A18.pdb
   HETATM rows inspected: 475
   HETATM rows rewritten/appended: 68
   output HETATM A18 count: 68
🔧 Considering 9nng_A_A1BFE.pdb
   source ligand5: A1BFE
   source ligand3: A1B
   target ligandX: A18
   output filename: 9nng_A_A18.pdb
   HETATM rows inspected: 301
   HETATM rows rewritten/appended: 68
   output HETATM A18 count: 68
🔧 Considering 9nnw_A_A1BMU.pdb
   source ligand5: A1BMU
   source ligand3: A1B
   target ligandX: A35
   output filename: 9nnw_A_A35.pdb
   HETATM rows inspected: 465
   HETATM rows rewritten/appended: 84
   output HETATM A35 count: 84
🔧 Considering 9q7s_A_A1CR4.pdb
   source ligand5: A1CR4
   source ligand3: A1C
   target ligandX: A42
   output filename: 9q7s_A_A42.pdb
   HETATM rows inspected: 54
   HETATM rows rewritten/appended: 36
   output HETATM A42 count: 36
🔧 Considering 9sdm_A_A1JNF.pdb
   source ligand5: A1JNF
   source ligand3: A1J
   target ligandX: A43
   output filename: 9sdm_A_A43.pdb
   HETATM rows inspected: 385
   HETATM rows rewritten/appended: 71
   output HETATM A43 count: 71
🔧 Considering 9sdm_B_A1JNF.pdb
   source ligand5: A1JNF
   source ligand3: A1J
   target ligandX: A43
   output filename: 9sdm_B_A43.pdb
   HETATM rows inspected: 271
   HETATM rows rewritten/appended: 71
   output HETATM A43 count: 71
🔧 Considering 9uoq_A_A1EPZ.pdb
   source ligand5: A1EPZ
   source ligand3: A1E
   target ligandX: A44
⚠️ Could not parse HETATM in 9uoq_A_A1EPZ.pdb: invalid literal for int() with base 10: '19.747'
⚠️ Could not parse HETATM in 9uoq_A_A1EPZ.pdb: invalid literal for int() with base 10: '19.722'
⚠️ Could not parse HETATM in 9uoq_A_A1EPZ.pdb: invalid literal for int() with base 10: '18.753'
⚠️ Could not parse HETATM in 9uoq_A_A1EPZ.pdb: invalid literal for int() with base 10: '18.719'
⚠️ Could not parse HETATM in 9uoq_A_A1EPZ.pdb: invalid literal for int() with base 10: '20.121'
⚠️ Could not parse HETATM in 9uoq_A_A1EPZ.pdb: invalid literal for int() with base 10: '20.085'
⚠️ Could not parse HETATM in 9uoq_A_A1EPZ.pdb: invalid literal for int() with base 10: '20.737'
⚠️ Could not parse HETATM in 9uoq_A_A1EPZ.pdb: invalid literal for int() with base 10: '20.667'
⚠️ Could not parse HETATM in 9uoq_A_A1EPZ.pdb: invalid literal for int() with base 10: '21.736'
⚠️ Could not parse HETATM in 9uoq_A_A1EPZ.pdb: invalid literal for int() with base 10: '21.577'
⚠️ Could not parse HETATM in 9uoq_A_A1EPZ.pdb: invalid literal for int() with base 10: '21.469'
⚠️ Could not parse HETATM in 9uoq_A_A1EPZ.pdb: invalid literal for int() with base 10: '21.492'
⚠️ Could not parse HETATM in 9uoq_A_A1EPZ.pdb: invalid literal for int() with base 10: '19.648'
⚠️ Could not parse HETATM in 9uoq_A_A1EPZ.pdb: invalid literal for int() with base 10: '19.551'
⚠️ Could not parse HETATM in 9uoq_A_A1EPZ.pdb: invalid literal for int() with base 10: '19.301'
⚠️ Could not parse HETATM in 9uoq_A_A1EPZ.pdb: invalid literal for int() with base 10: '19.266'
⚠️ Could not parse HETATM in 9uoq_A_A1EPZ.pdb: invalid literal for int() with base 10: '19.862'
⚠️ Could not parse HETATM in 9uoq_A_A1EPZ.pdb: invalid literal for int() with base 10: '19.806'
⚠️ Could not parse HETATM in 9uoq_A_A1EPZ.pdb: invalid literal for int() with base 10: '19.813'
⚠️ Could not parse HETATM in 9uoq_A_A1EPZ.pdb: invalid literal for int() with base 10: '19.771'
⚠️ Could not parse HETATM in 9uoq_A_A1EPZ.pdb: invalid literal for int() with base 10: '18.382'
⚠️ Could not parse HETATM in 9uoq_A_A1EPZ.pdb: invalid literal for int() with base 10: '18.340'
⚠️ Could not parse HETATM in 9uoq_A_A1EPZ.pdb: invalid literal for int() with base 10: '20.477'
⚠️ Could not parse HETATM in 9uoq_A_A1EPZ.pdb: invalid literal for int() with base 10: '20.464'
   output filename: 9uoq_A_A44.pdb
   HETATM rows inspected: 197
   HETATM rows rewritten/appended: 0
⚠️ Warning: zero ligand atoms rewritten for 9uoq_A_A1EPZ.pdb (A1EPZ -> A44)
   output HETATM A44 count: 0
🔧 Considering 9whe_A_A1MBL.pdb
   source ligand5: A1MBL
   source ligand3: A1M
   target ligandX: A45
⚠️ Could not parse HETATM in 9whe_A_A1MBL.pdb: invalid literal for int() with base 10: '-19.505'
⚠️ Could not parse HETATM in 9whe_A_A1MBL.pdb: invalid literal for int() with base 10: '-19.402'
⚠️ Could not parse HETATM in 9whe_A_A1MBL.pdb: invalid literal for int() with base 10: '-20.642'
⚠️ Could not parse HETATM in 9whe_A_A1MBL.pdb: invalid literal for int() with base 10: '-20.555'
⚠️ Could not parse HETATM in 9whe_A_A1MBL.pdb: invalid literal for int() with base 10: '-23.068'
⚠️ Could not parse HETATM in 9whe_A_A1MBL.pdb: invalid literal for int() with base 10: '-22.990'
⚠️ Could not parse HETATM in 9whe_A_A1MBL.pdb: invalid literal for int() with base 10: '-25.334'
⚠️ Could not parse HETATM in 9whe_A_A1MBL.pdb: invalid literal for int() with base 10: '-25.264'
⚠️ Could not parse HETATM in 9whe_A_A1MBL.pdb: invalid literal for int() with base 10: '-23.696'
⚠️ Could not parse HETATM in 9whe_A_A1MBL.pdb: invalid literal for int() with base 10: '-23.621'
⚠️ Could not parse HETATM in 9whe_A_A1MBL.pdb: invalid literal for int() with base 10: '-17.017'
⚠️ Could not parse HETATM in 9whe_A_A1MBL.pdb: invalid literal for int() with base 10: '-16.940'
⚠️ Could not parse HETATM in 9whe_A_A1MBL.pdb: invalid literal for int() with base 10: '-16.111'
⚠️ Could not parse HETATM in 9whe_A_A1MBL.pdb: invalid literal for int() with base 10: '-16.124'
⚠️ Could not parse HETATM in 9whe_A_A1MBL.pdb: invalid literal for int() with base 10: '-18.641'
⚠️ Could not parse HETATM in 9whe_A_A1MBL.pdb: invalid literal for int() with base 10: '-18.441'
⚠️ Could not parse HETATM in 9whe_A_A1MBL.pdb: invalid literal for int() with base 10: '-18.272'
⚠️ Could not parse HETATM in 9whe_A_A1MBL.pdb: invalid literal for int() with base 10: '-18.377'
⚠️ Could not parse HETATM in 9whe_A_A1MBL.pdb: invalid literal for int() with base 10: '-18.265'
⚠️ Could not parse HETATM in 9whe_A_A1MBL.pdb: invalid literal for int() with base 10: '-18.200'
⚠️ Could not parse HETATM in 9whe_A_A1MBL.pdb: invalid literal for int() with base 10: '-24.015'
⚠️ Could not parse HETATM in 9whe_A_A1MBL.pdb: invalid literal for int() with base 10: '-23.935'
⚠️ Could not parse HETATM in 9whe_A_A1MBL.pdb: invalid literal for int() with base 10: '-25.970'
⚠️ Could not parse HETATM in 9whe_A_A1MBL.pdb: invalid literal for int() with base 10: '-25.897'
⚠️ Could not parse HETATM in 9whe_A_A1MBL.pdb: invalid literal for int() with base 10: '-25.022'
⚠️ Could not parse HETATM in 9whe_A_A1MBL.pdb: invalid literal for int() with base 10: '-24.951'
⚠️ Could not parse HETATM in 9whe_A_A1MBL.pdb: invalid literal for int() with base 10: '-17.329'
⚠️ Could not parse HETATM in 9whe_A_A1MBL.pdb: invalid literal for int() with base 10: '-17.353'
   output filename: 9whe_A_A45.pdb
   HETATM rows inspected: 427
   HETATM rows rewritten/appended: 0
⚠️ Warning: zero ligand atoms rewritten for 9whe_A_A1MBL.pdb (A1MBL -> A45)
   output HETATM A45 count: 0
🔧 Considering 9xym_A_A1CR5.pdb
   source ligand5: A1CR5
   source ligand3: A1C
   target ligandX: A46
   output filename: 9xym_A_A46.pdb
   HETATM rows inspected: 42
   HETATM rows rewritten/appended: 31
   output HETATM A46 count: 31
🔧 Considering 9xz6_A_A1CR3.pdb
   source ligand5: A1CR3
   source ligand3: A1C
   target ligandX: A47
   output filename: 9xz6_A_A47.pdb
   HETATM rows inspected: 60
   HETATM rows rewritten/appended: 30
   output HETATM A47 count: 30
🔧 Considering 9znl_A_A1C3L.pdb
   source ligand5: A1C3L
   source ligand3: A1C
   target ligandX: A48
   output filename: 9znl_A_A48.pdb
   HETATM rows inspected: 576
   HETATM rows rewritten/appended: 84
   output HETATM A48 count: 84
============================================
🎉 DONE — 84 mapped files written
✅ Total HETATM rows inspected: 20132
✅ Total ligand atoms preserved: 3498
============================================
[15:25:14] [mem] after 4_PDBfxr.py parent=60.3MB delta=+0.0MB combined_peak=129.7MB child_peak=69.4MB
[15:25:14] 🚀 Running 5_PDBcln.py...
[15:25:14] 🐍 Pipeline Python: /app/.heroku/python/bin/python
[15:25:14] [mem] before 5_PDBcln.py parent=60.3MB combined=60.3MB
[15:25:14] 🧵 Worker caps for 5_PDBcln.py: pipeline_max=2 WARHEAD_SQCHK_MAX_WORKERS=2 WARHEAD_PDBMKR_MAX_WORKERS=2 WARHEAD_SASA_MAX_WORKERS=3 WARHEAD_METADATA_MAX_WORKERS=3 WARHEAD_MCS_MAX_WORKERS=3
[15:25:14] ⏱ No-output watchdog for 5_PDBcln.py: 180s
[15:25:14] [mem] running 5_PDBcln.py parent=60.3MB child_tree=2.3MB combined=62.6MB
📁 ROOT DIRECTORY: WAR_PDB
📁 Step 5 input root resolved: /app/jobs/5a21a564/WAR_PDB
📊 Step 5 input PDB count before cleaning: 522
=============================
🔬 Processing Protein: Mpro
📂 Folder: WAR_PDB/Mpro
=============================
🧪 Cleaning 9cdm_A_XEK.pdb  | Keeping ligand: XEK
✔ Cleaned: 9cdm_A_XEK.pdb
🧪 Cleaning 7gco_A_LO0.pdb  | Keeping ligand: LO0
✔ Cleaned: 7gco_A_LO0.pdb
🧪 Cleaning 8r12_A_XH9.pdb  | Keeping ligand: XH9
✔ Cleaned: 8r12_A_XH9.pdb
🧪 Cleaning 7gc4_A_L83.pdb  | Keeping ligand: L83
✔ Cleaned: 7gc4_A_L83.pdb
🧪 Cleaning 8r14_B_XHW.pdb  | Keeping ligand: XHW
✔ Cleaned: 8r14_B_XHW.pdb
🧪 Cleaning 9j19_A_MIY.pdb  | Keeping ligand: MIY
✔ Cleaned: 9j19_A_MIY.pdb
🧪 Cleaning 9hfy_B_A30.pdb  | Keeping ligand: A30
✔ Cleaned: 9hfy_B_A30.pdb
🧪 Cleaning 7nf5_A_ALD.pdb  | Keeping ligand: ALD
✔ Cleaned: 7nf5_A_ALD.pdb
🧪 Cleaning 7ggx_A_PQ6.pdb  | Keeping ligand: PQ6
✔ Cleaned: 7ggx_A_PQ6.pdb
🧪 Cleaning 8f2d_A_XA8.pdb  | Keeping ligand: XA8
✔ Cleaned: 8f2d_A_XA8.pdb
🧪 Cleaning 7gd6_A_M0G.pdb  | Keeping ligand: M0G
✔ Cleaned: 7gd6_A_M0G.pdb
🧪 Cleaning 7gew_A_NWI.pdb  | Keeping ligand: NWI
✔ Cleaned: 7gew_A_NWI.pdb
🧪 Cleaning 7gdd_A_860.pdb  | Keeping ligand: 860
✔ Cleaned: 7gdd_A_860.pdb
🧪 Cleaning 7gff_A_O9X.pdb  | Keeping ligand: O9X
✔ Cleaned: 7gff_A_O9X.pdb
🧪 Cleaning 7mav_B_YVY.pdb  | Keeping ligand: YVY
✔ Cleaned: 7mav_B_YVY.pdb
🧪 Cleaning 9hak_A_A28.pdb  | Keeping ligand: A28
✔ Cleaned: 9hak_A_A28.pdb
🧪 Cleaning 7maw_B_YVA.pdb  | Keeping ligand: YVA
✔ Cleaned: 7maw_B_YVA.pdb
🧪 Cleaning 8bga_A_QQL.pdb  | Keeping ligand: QQL
✔ Cleaned: 8bga_A_QQL.pdb
🧪 Cleaning 8a4q_A_V9R.pdb  | Keeping ligand: V9R
✔ Cleaned: 8a4q_A_V9R.pdb
🧪 Cleaning 23md_A_A02.pdb  | Keeping ligand: A02
✔ Cleaned: 23md_A_A02.pdb
🧪 Cleaning 9el4_A_V2M.pdb  | Keeping ligand: V2M
✔ Cleaned: 9el4_A_V2M.pdb
🧪 Cleaning 7mat_A_H37.pdb  | Keeping ligand: H37
✔ Cleaned: 7mat_A_H37.pdb
🧪 Cleaning 7gdl_A_MKI.pdb  | Keeping ligand: MKI
✔ Cleaned: 7gdl_A_MKI.pdb
🧪 Cleaning 7gdf_A_M6U.pdb  | Keeping ligand: M6U
✔ Cleaned: 7gdf_A_M6U.pdb
🧪 Cleaning 7gb9_A_KQX.pdb  | Keeping ligand: KQX
✔ Cleaned: 7gb9_A_KQX.pdb
🧪 Cleaning 23mb_B_A02.pdb  | Keeping ligand: A02
✔ Cleaned: 23mb_B_A02.pdb
🧪 Cleaning 7ge3_A_N5L.pdb  | Keeping ligand: N5L
✔ Cleaned: 7ge3_A_N5L.pdb
🧪 Cleaning 7gbc_A_KSX.pdb  | Keeping ligand: KSX
✔ Cleaned: 7gbc_A_KSX.pdb
🧪 Cleaning 7gdy_A_N2X.pdb  | Keeping ligand: N2X
✔ Cleaned: 7gdy_A_N2X.pdb
🧪 Cleaning 7gdb_A_M9U.pdb  | Keeping ligand: M9U
✔ Cleaned: 7gdb_A_M9U.pdb
🧪 Cleaning 9g0h_A_A19.pdb  | Keeping ligand: A19
✔ Cleaned: 9g0h_A_A19.pdb
🧪 Cleaning 7ggg_A_OVX.pdb  | Keeping ligand: OVX
✔ Cleaned: 7ggg_A_OVX.pdb
🧪 Cleaning 7gex_A_NX9.pdb  | Keeping ligand: NX9
✔ Cleaned: 7gex_A_NX9.pdb
🧪 Cleaning 8r12_B_XH9.pdb  | Keeping ligand: XH9
✔ Cleaned: 8r12_B_XH9.pdb
🧪 Cleaning 6z2e_AAA_Q5T.pdb  | Keeping ligand: Q5T
✔ Cleaned: 6z2e_AAA_Q5T.pdb
🧪 Cleaning 8ftl_B_5ZF.pdb  | Keeping ligand: 5ZF
✔ Cleaned: 8ftl_B_5ZF.pdb
🧪 Cleaning 23me_B_7ON.pdb  | Keeping ligand: 7ON
✔ Cleaned: 23me_B_7ON.pdb
🧪 Cleaning 8w1u_B_A08.pdb  | Keeping ligand: A08
✔ Cleaned: 8w1u_B_A08.pdb
🧪 Cleaning 8p56_A_X77.pdb  | Keeping ligand: X77
✔ Cleaned: 8p56_A_X77.pdb
🧪 Cleaning 7gca_A_LB0.pdb  | Keeping ligand: LB0
✔ Cleaned: 7gca_A_LB0.pdb
🧪 Cleaning 8dzb_A_U6Y.pdb  | Keeping ligand: U6Y
✔ Cleaned: 8dzb_A_U6Y.pdb
🧪 Cleaning 7mb3_D_YVV.pdb  | Keeping ligand: YVV
✔ Cleaned: 7mb3_D_YVV.pdb
🧪 Cleaning 23mi_A_A02.pdb  | Keeping ligand: A02
✔ Cleaned: 23mi_A_A02.pdb
🧪 Cleaning 7gc8_A_L9F.pdb  | Keeping ligand: L9F
✔ Cleaned: 7gc8_A_L9F.pdb
🧪 Cleaning 7ggp_A_P4R.pdb  | Keeping ligand: P4R
✔ Cleaned: 7ggp_A_P4R.pdb
🧪 Cleaning 7gh7_A_Q36.pdb  | Keeping ligand: Q36
✔ Cleaned: 7gh7_A_Q36.pdb
🧪 Cleaning 9mvp_A_A39.pdb  | Keeping ligand: A39
✔ Cleaned: 9mvp_A_A39.pdb
🧪 Cleaning 7gfc_A_O87.pdb  | Keeping ligand: O87
✔ Cleaned: 7gfc_A_O87.pdb
🧪 Cleaning 8okm_B_84C.pdb  | Keeping ligand: 84C
✔ Cleaned: 8okm_B_84C.pdb
🧪 Cleaning 7gcz_A_LWO.pdb  | Keeping ligand: LWO
✔ Cleaned: 7gcz_A_LWO.pdb
🧪 Cleaning 23lz_D_7ON.pdb  | Keeping ligand: 7ON
✔ Cleaned: 23lz_D_7ON.pdb
🧪 Cleaning 7k6d_A_SV6.pdb  | Keeping ligand: SV6
✔ Cleaned: 7k6d_A_SV6.pdb
🧪 Cleaning 8dcz_B_4WI.pdb  | Keeping ligand: 4WI
✔ Cleaned: 8dcz_B_4WI.pdb
🧪 Cleaning 23mj_B_7ON.pdb  | Keeping ligand: 7ON
✔ Cleaned: 23mj_B_7ON.pdb
🧪 Cleaning 8y42_C_A09.pdb  | Keeping ligand: A09
✔ Cleaned: 8y42_C_A09.pdb
🧪 Cleaning 7gbw_A_L6R.pdb  | Keeping ligand: L6R
✔ Cleaned: 7gbw_A_L6R.pdb
🧪 Cleaning 8cac_BBB_O6K.pdb  | Keeping ligand: O6K
✔ Cleaned: 8cac_BBB_O6K.pdb
🧪 Cleaning 8p54_A_ALD.pdb  | Keeping ligand: ALD
✔ Cleaned: 8p54_A_ALD.pdb
🧪 Cleaning 7gd7_A_LZX.pdb  | Keeping ligand: LZX
✔ Cleaned: 7gd7_A_LZX.pdb
🧪 Cleaning 9elv_A_V2M.pdb  | Keeping ligand: V2M
✔ Cleaned: 9elv_A_V2M.pdb
🧪 Cleaning 9opn_B_V2M.pdb  | Keeping ligand: V2M
✔ Cleaned: 9opn_B_V2M.pdb
🧪 Cleaning 8okm_A_84C.pdb  | Keeping ligand: 84C
✔ Cleaned: 8okm_A_84C.pdb
🧪 Cleaning 8r26_D_O6K.pdb  | Keeping ligand: O6K
✔ Cleaned: 8r26_D_O6K.pdb
🧪 Cleaning 7gg9_A_SQ2.pdb  | Keeping ligand: SQ2
✔ Cleaned: 7gg9_A_SQ2.pdb
🧪 Cleaning 7k6e_A_SV6.pdb  | Keeping ligand: SV6
✔ Cleaned: 7k6e_A_SV6.pdb
🧪 Cleaning 7gb1_A_KMF.pdb  | Keeping ligand: KMF
✔ Cleaned: 7gb1_A_KMF.pdb
🧪 Cleaning 8r26_B_O6K.pdb  | Keeping ligand: O6K
✔ Cleaned: 8r26_B_O6K.pdb
🧪 Cleaning 7mb3_F_YVV.pdb  | Keeping ligand: YVV
✔ Cleaned: 7mb3_F_YVV.pdb
🧪 Cleaning 7gfr_A_OIE.pdb  | Keeping ligand: OIE
✔ Cleaned: 7gfr_A_OIE.pdb
🧪 Cleaning 7gdv_A_N0O.pdb  | Keeping ligand: N0O
✔ Cleaned: 7gdv_A_N0O.pdb
🧪 Cleaning 7gfg_A_OAO.pdb  | Keeping ligand: OAO
✔ Cleaned: 7gfg_A_OAO.pdb
🧪 Cleaning 8y42_A_A09.pdb  | Keeping ligand: A09
✔ Cleaned: 8y42_A_A09.pdb
🧪 Cleaning 9mvm_A_A36.pdb  | Keeping ligand: A36
✔ Cleaned: 9mvm_A_A36.pdb
🧪 Cleaning 8dd1_A_K36.pdb  | Keeping ligand: K36
✔ Cleaned: 8dd1_A_K36.pdb
🧪 Cleaning 9bbp_A_THR.pdb  | Keeping ligand: THR
✔ Cleaned: 9bbp_A_THR.pdb
🧪 Cleaning 8w1t_B_A06.pdb  | Keeping ligand: A06
✔ Cleaned: 8w1t_B_A06.pdb
🧪 Cleaning 23mc_A_7ON.pdb  | Keeping ligand: 7ON
✔ Cleaned: 23mc_A_7ON.pdb
🧪 Cleaning 9z74_A_4WI.pdb  | Keeping ligand: 4WI
✔ Cleaned: 9z74_A_4WI.pdb
🧪 Cleaning 7gde_A_M7X.pdb  | Keeping ligand: M7X
✔ Cleaned: 7gde_A_M7X.pdb
🧪 Cleaning 7gey_A_NYR.pdb  | Keeping ligand: NYR
✔ Cleaned: 7gey_A_NYR.pdb
🧪 Cleaning 7ggm_A_OZX.pdb  | Keeping ligand: OZX
✔ Cleaned: 7ggm_A_OZX.pdb
🧪 Cleaning 7gga_A_OSI.pdb  | Keeping ligand: OSI
✔ Cleaned: 7gga_A_OSI.pdb
🧪 Cleaning 9o6q_A_V2M.pdb  | Keeping ligand: V2M
✔ Cleaned: 9o6q_A_V2M.pdb
🧪 Cleaning 7uug_A_M0C.pdb  | Keeping ligand: M0C
✔ Cleaned: 7uug_A_M0C.pdb
🧪 Cleaning 7gei_A_NM0.pdb  | Keeping ligand: NM0
✔ Cleaned: 7gei_A_NM0.pdb
🧪 Cleaning 9gmq_A_MXU.pdb  | Keeping ligand: MXU
✔ Cleaned: 9gmq_A_MXU.pdb
🧪 Cleaning 7ges_A_NUR.pdb  | Keeping ligand: NUR
✔ Cleaned: 7ges_A_NUR.pdb
🧪 Cleaning 7gha_A_Q4F.pdb  | Keeping ligand: Q4F
✔ Cleaned: 7gha_A_Q4F.pdb
🧪 Cleaning 9o6d_B_V2M.pdb  | Keeping ligand: V2M
✔ Cleaned: 9o6d_B_V2M.pdb
🧪 Cleaning 8rjy_A_A05.pdb  | Keeping ligand: A05
✔ Cleaned: 8rjy_A_A05.pdb
🧪 Cleaning 7ggk_A_OYX.pdb  | Keeping ligand: OYX
✔ Cleaned: 7ggk_A_OYX.pdb
🧪 Cleaning 8dd9_A_B1S.pdb  | Keeping ligand: B1S
✔ Cleaned: 8dd9_A_B1S.pdb
🧪 Cleaning 8p5c_A_9M5.pdb  | Keeping ligand: 9M5
✔ Cleaned: 8p5c_A_9M5.pdb
🧪 Cleaning 7gd8_A_KU6.pdb  | Keeping ligand: KU6
✔ Cleaned: 7gd8_A_KU6.pdb
🧪 Cleaning 9m9r_A_4WI.pdb  | Keeping ligand: 4WI
✔ Cleaned: 9m9r_A_4WI.pdb
🧪 Cleaning 8dgb_A_B1S.pdb  | Keeping ligand: B1S
✔ Cleaned: 8dgb_A_B1S.pdb
🧪 Cleaning 23mh_A_7ON.pdb  | Keeping ligand: 7ON
✔ Cleaned: 23mh_A_7ON.pdb
🧪 Cleaning 7gg6_A_OQL.pdb  | Keeping ligand: OQL
✔ Cleaned: 7gg6_A_OQL.pdb
🧪 Cleaning 7gcd_A_LCU.pdb  | Keeping ligand: LCU
✔ Cleaned: 7gcd_A_LCU.pdb
🧪 Cleaning 7gb2_A_KMX.pdb  | Keeping ligand: KMX
✔ Cleaned: 7gb2_A_KMX.pdb
🧪 Cleaning 7gfh_A_OBO.pdb  | Keeping ligand: OBO
✔ Cleaned: 7gfh_A_OBO.pdb
🧪 Cleaning 7gdn_A_MU3.pdb  | Keeping ligand: MU3
✔ Cleaned: 7gdn_A_MU3.pdb
🧪 Cleaning 8r14_A_XHW.pdb  | Keeping ligand: XHW
✔ Cleaned: 8r14_A_XHW.pdb
🧪 Cleaning 7bgp_A_ALD.pdb  | Keeping ligand: ALD
✔ Cleaned: 7bgp_A_ALD.pdb
🧪 Cleaning 23lw_B_7ON.pdb  | Keeping ligand: 7ON
✔ Cleaned: 23lw_B_7ON.pdb
🧪 Cleaning 23mc_B_7ON.pdb  | Keeping ligand: 7ON
✔ Cleaned: 23mc_B_7ON.pdb
🧪 Cleaning 23mg_A_A02.pdb  | Keeping ligand: A02
✔ Cleaned: 23mg_A_A02.pdb
🧪 Cleaning 7ggz_A_PVR.pdb  | Keeping ligand: PVR
✔ Cleaned: 7ggz_A_PVR.pdb
🧪 Cleaning 7q5f_A_90X.pdb  | Keeping ligand: 90X
✔ Cleaned: 7q5f_A_90X.pdb
🧪 Cleaning 7ggr_A_P6O.pdb  | Keeping ligand: P6O
✔ Cleaned: 7ggr_A_P6O.pdb
🧪 Cleaning 7gfs_A_OIK.pdb  | Keeping ligand: OIK
✔ Cleaned: 7gfs_A_OIK.pdb
🧪 Cleaning 7sf1_A_8ZI.pdb  | Keeping ligand: 8ZI
✔ Cleaned: 7sf1_A_8ZI.pdb
🧪 Cleaning 7gcv_A_LUC.pdb  | Keeping ligand: LUC
✔ Cleaned: 7gcv_A_LUC.pdb
🧪 Cleaning 8dsu_A_V2M.pdb  | Keeping ligand: V2M
✔ Cleaned: 8dsu_A_V2M.pdb
🧪 Cleaning 7gbz_A_L4U.pdb  | Keeping ligand: L4U
✔ Cleaned: 7gbz_A_L4U.pdb
🧪 Cleaning 7mb1_B_YVJ.pdb  | Keeping ligand: YVJ
✔ Cleaned: 7mb1_B_YVJ.pdb
🧪 Cleaning 7gc7_A_L93.pdb  | Keeping ligand: L93
✔ Cleaned: 7gc7_A_L93.pdb
🧪 Cleaning 9ma3_A_4WI.pdb  | Keeping ligand: 4WI
✔ Cleaned: 9ma3_A_4WI.pdb
🧪 Cleaning 8tql_A_JY0.pdb  | Keeping ligand: JY0
✔ Cleaned: 8tql_A_JY0.pdb
🧪 Cleaning 8p86_A_ALD.pdb  | Keeping ligand: ALD
✔ Cleaned: 8p86_A_ALD.pdb
🧪 Cleaning 7maw_A_YVA.pdb  | Keeping ligand: YVA
✔ Cleaned: 7maw_A_YVA.pdb
🧪 Cleaning 7geo_A_NRX.pdb  | Keeping ligand: NRX
✔ Cleaned: 7geo_A_NRX.pdb
🧪 Cleaning 8p87_A_X77.pdb  | Keeping ligand: X77
✔ Cleaned: 8p87_A_X77.pdb
🧪 Cleaning 8aj1_A_A03.pdb  | Keeping ligand: A03
✔ Cleaned: 8aj1_A_A03.pdb
🧪 Cleaning 7z59_A_IFO.pdb  | Keeping ligand: IFO
✔ Cleaned: 7z59_A_IFO.pdb
🧪 Cleaning 7sgh_B_99W.pdb  | Keeping ligand: 99W
✔ Cleaned: 7sgh_B_99W.pdb
🧪 Cleaning 9n3m_A_A41.pdb  | Keeping ligand: A41
✔ Cleaned: 9n3m_A_A41.pdb
🧪 Cleaning 9xym_A_A46.pdb  | Keeping ligand: A46
✔ Cleaned: 9xym_A_A46.pdb
🧪 Cleaning 9g0i_A_A20.pdb  | Keeping ligand: A20
✔ Cleaned: 9g0i_A_A20.pdb
🧪 Cleaning 7gh5_A_Q2G.pdb  | Keeping ligand: Q2G
✔ Cleaned: 7gh5_A_Q2G.pdb
🧪 Cleaning 7ge1_A_N43.pdb  | Keeping ligand: N43
✔ Cleaned: 7ge1_A_N43.pdb
🧪 Cleaning 7gf5_A_O2R.pdb  | Keeping ligand: O2R
✔ Cleaned: 7gf5_A_O2R.pdb
🧪 Cleaning 7gfv_A_OJO.pdb  | Keeping ligand: OJO
✔ Cleaned: 7gfv_A_OJO.pdb
🧪 Cleaning 7nbr_AAA_U5G.pdb  | Keeping ligand: U5G
✔ Cleaned: 7nbr_AAA_U5G.pdb
🧪 Cleaning 23ma_B_7ON.pdb  | Keeping ligand: 7ON
✔ Cleaned: 23ma_B_7ON.pdb
🧪 Cleaning 9elv_B_V2M.pdb  | Keeping ligand: V2M
✔ Cleaned: 9elv_B_V2M.pdb
🧪 Cleaning 9znl_A_A48.pdb  | Keeping ligand: A48
✔ Cleaned: 9znl_A_A48.pdb
🧪 Cleaning 9h0f_B_A25.pdb  | Keeping ligand: A25
✔ Cleaned: 9h0f_B_A25.pdb
🧪 Cleaning 7gfw_A_OK9.pdb  | Keeping ligand: OK9
✔ Cleaned: 7gfw_A_OK9.pdb
🧪 Cleaning 8e5c_A_4WI.pdb  | Keeping ligand: 4WI
✔ Cleaned: 8e5c_A_4WI.pdb
🧪 Cleaning 7gec_A_NEL.pdb  | Keeping ligand: NEL
✔ Cleaned: 7gec_A_NEL.pdb
🧪 Cleaning 8r11_A_XI0.pdb  | Keeping ligand: XI0
✔ Cleaned: 8r11_A_XI0.pdb
🧪 Cleaning 7gdi_A_M5I.pdb  | Keeping ligand: M5I
✔ Cleaned: 7gdi_A_M5I.pdb
🧪 Cleaning 8c9o_BBB_O6K.pdb  | Keeping ligand: O6K
✔ Cleaned: 8c9o_BBB_O6K.pdb
🧪 Cleaning 8ftl_A_5ZF.pdb  | Keeping ligand: 5ZF
✔ Cleaned: 8ftl_A_5ZF.pdb
🧪 Cleaning 8gqt_D_QUE.pdb  | Keeping ligand: QUE
✔ Cleaned: 8gqt_D_QUE.pdb
🧪 Cleaning 23mf_A_A02.pdb  | Keeping ligand: A02
✔ Cleaned: 23mf_A_A02.pdb
🧪 Cleaning 8e4w_A_V2M.pdb  | Keeping ligand: V2M
✔ Cleaned: 8e4w_A_V2M.pdb
🧪 Cleaning 9e7b_A_A18.pdb  | Keeping ligand: A18
✔ Cleaned: 9e7b_A_A18.pdb
🧪 Cleaning 7gg4_A_OPU.pdb  | Keeping ligand: OPU
✔ Cleaned: 7gg4_A_OPU.pdb
🧪 Cleaning 7gcx_A_LVM.pdb  | Keeping ligand: LVM
✔ Cleaned: 7gcx_A_LVM.pdb
🧪 Cleaning 7ggu_A_PJ6.pdb  | Keeping ligand: PJ6
✔ Cleaned: 7ggu_A_PJ6.pdb
🧪 Cleaning 7gfx_A_OKW.pdb  | Keeping ligand: OKW
✔ Cleaned: 7gfx_A_OKW.pdb
🧪 Cleaning 7gfj_A_OD7.pdb  | Keeping ligand: OD7
✔ Cleaned: 7gfj_A_OD7.pdb
🧪 Cleaning 7gbd_A_KT9.pdb  | Keeping ligand: KT9
✔ Cleaned: 7gbd_A_KT9.pdb
🧪 Cleaning 7gdx_A_N1U.pdb  | Keeping ligand: N1U
✔ Cleaned: 7gdx_A_N1U.pdb
🧪 Cleaning 8und_A_X4N.pdb  | Keeping ligand: X4N
✔ Cleaned: 8und_A_X4N.pdb
🧪 Cleaning 7gbo_A_KY0.pdb  | Keeping ligand: KY0
✔ Cleaned: 7gbo_A_KY0.pdb
🧪 Cleaning 9cdk_A_XEK.pdb  | Keeping ligand: XEK
✔ Cleaned: 9cdk_A_XEK.pdb
🧪 Cleaning 7gdw_A_N0X.pdb  | Keeping ligand: N0X
✔ Cleaned: 7gdw_A_N0X.pdb
🧪 Cleaning 7ggt_A_P9O.pdb  | Keeping ligand: P9O
✔ Cleaned: 7ggt_A_P9O.pdb
🧪 Cleaning 8p5c_B_9M5.pdb  | Keeping ligand: 9M5
✔ Cleaned: 8p5c_B_9M5.pdb
🧪 Cleaning 7gfi_A_OCI.pdb  | Keeping ligand: OCI
✔ Cleaned: 7gfi_A_OCI.pdb
🧪 Cleaning 7gcg_A_LKI.pdb  | Keeping ligand: LKI
✔ Cleaned: 7gcg_A_LKI.pdb
🧪 Cleaning 9sdm_B_A43.pdb  | Keeping ligand: A43
✔ Cleaned: 9sdm_B_A43.pdb
🧪 Cleaning 7gf6_A_O3I.pdb  | Keeping ligand: O3I
✔ Cleaned: 7gf6_A_O3I.pdb
🧪 Cleaning 7gdr_A_MX9.pdb  | Keeping ligand: MX9
✔ Cleaned: 7gdr_A_MX9.pdb
🧪 Cleaning 7gf1_A_O0R.pdb  | Keeping ligand: O0R
✔ Cleaned: 7gf1_A_O0R.pdb
🧪 Cleaning 23me_A_7ON.pdb  | Keeping ligand: 7ON
✔ Cleaned: 23me_A_7ON.pdb
🧪 Cleaning 7gek_A_NOI.pdb  | Keeping ligand: NOI
✔ Cleaned: 7gek_A_NOI.pdb
🧪 Cleaning 7gb6_A_KP0.pdb  | Keeping ligand: KP0
✔ Cleaned: 7gb6_A_KP0.pdb
🧪 Cleaning 7gbb_A_KSI.pdb  | Keeping ligand: KSI
✔ Cleaned: 7gbb_A_KSI.pdb
🧪 Cleaning 7ggh_A_OWC.pdb  | Keeping ligand: OWC
✔ Cleaned: 7ggh_A_OWC.pdb
🧪 Cleaning 7gb3_A_KNU.pdb  | Keeping ligand: KNU
✔ Cleaned: 7gb3_A_KNU.pdb
🧪 Cleaning 7be7_B_ALD.pdb  | Keeping ligand: ALD
✔ Cleaned: 7be7_B_ALD.pdb
🧪 Cleaning 7gdk_A_MJR.pdb  | Keeping ligand: MJR
✔ Cleaned: 7gdk_A_MJR.pdb
🧪 Cleaning 9xz6_A_A47.pdb  | Keeping ligand: A47
✔ Cleaned: 9xz6_A_A47.pdb
🧪 Cleaning 7gem_A_NQO.pdb  | Keeping ligand: NQO
✔ Cleaned: 7gem_A_NQO.pdb
🧪 Cleaning 7gcp_A_LM0.pdb  | Keeping ligand: LM0
✔ Cleaned: 7gcp_A_LM0.pdb
🧪 Cleaning 8r11_B_XI0.pdb  | Keeping ligand: XI0
✔ Cleaned: 8r11_B_XI0.pdb
🧪 Cleaning 7gdq_A_MWN.pdb  | Keeping ligand: MWN
✔ Cleaned: 7gdq_A_MWN.pdb
🧪 Cleaning 8e4w_B_V2M.pdb  | Keeping ligand: V2M
✔ Cleaned: 8e4w_B_V2M.pdb
🧪 Cleaning 7gcs_A_LS0.pdb  | Keeping ligand: LS0
✔ Cleaned: 7gcs_A_LS0.pdb
🧪 Cleaning 7ggl_A_OZC.pdb  | Keeping ligand: OZC
✔ Cleaned: 7ggl_A_OZC.pdb
🧪 Cleaning 7gfb_A_NSR.pdb  | Keeping ligand: NSR
✔ Cleaned: 7gfb_A_NSR.pdb
🧪 Cleaning 7geg_A_NJU.pdb  | Keeping ligand: NJU
✔ Cleaned: 7geg_A_NJU.pdb
🧪 Cleaning 9mvo_A_A37.pdb  | Keeping ligand: A37
✔ Cleaned: 9mvo_A_A37.pdb
🧪 Cleaning 8okl_A_83N.pdb  | Keeping ligand: 83N
✔ Cleaned: 8okl_A_83N.pdb
🧪 Cleaning 7gb4_A_KO9.pdb  | Keeping ligand: KO9
✔ Cleaned: 7gb4_A_KO9.pdb
🧪 Cleaning 8y4e_B_FHR.pdb  | Keeping ligand: FHR
✔ Cleaned: 8y4e_B_FHR.pdb
🧪 Cleaning 8p58_B_X77.pdb  | Keeping ligand: X77
✔ Cleaned: 8p58_B_X77.pdb
🧪 Cleaning 7gf2_A_O0X.pdb  | Keeping ligand: O0X
✔ Cleaned: 7gf2_A_O0X.pdb
🧪 Cleaning 7mat_B_H37.pdb  | Keeping ligand: H37
✔ Cleaned: 7mat_B_H37.pdb
🧪 Cleaning 7gbj_A_KW9.pdb  | Keeping ligand: KW9
✔ Cleaned: 7gbj_A_KW9.pdb
🧪 Cleaning 8okn_B_83W.pdb  | Keeping ligand: 83W
✔ Cleaned: 8okn_B_83W.pdb
🧪 Cleaning 9o6p_B_V2M.pdb  | Keeping ligand: V2M
✔ Cleaned: 9o6p_B_V2M.pdb
🧪 Cleaning 9mei_B_V2M.pdb  | Keeping ligand: V2M
✔ Cleaned: 9mei_B_V2M.pdb
🧪 Cleaning 7gcj_A_LJ0.pdb  | Keeping ligand: LJ0
✔ Cleaned: 7gcj_A_LJ0.pdb
🧪 Cleaning 23lw_A_7ON.pdb  | Keeping ligand: 7ON
✔ Cleaned: 23lw_A_7ON.pdb
🧪 Cleaning 7gh1_A_PZ6.pdb  | Keeping ligand: PZ6
✔ Cleaned: 7gh1_A_PZ6.pdb
🧪 Cleaning 23md_B_A02.pdb  | Keeping ligand: A02
✔ Cleaned: 23md_B_A02.pdb
🧪 Cleaning 7gh6_A_Q2U.pdb  | Keeping ligand: Q2U
✔ Cleaned: 7gh6_A_Q2U.pdb
🧪 Cleaning 9e8r_A_A18.pdb  | Keeping ligand: A18
✔ Cleaned: 9e8r_A_A18.pdb
🧪 Cleaning 7jp0_A_VJA.pdb  | Keeping ligand: VJA
✔ Cleaned: 7jp0_A_VJA.pdb
🧪 Cleaning 9hjh_B_A31.pdb  | Keeping ligand: A31
✔ Cleaned: 9hjh_B_A31.pdb
🧪 Cleaning 9o6q_B_V2M.pdb  | Keeping ligand: V2M
✔ Cleaned: 9o6q_B_V2M.pdb
🧪 Cleaning 7gd4_A_R30.pdb  | Keeping ligand: R30
✔ Cleaned: 7gd4_A_R30.pdb
🧪 Cleaning 7gbm_A_KX9.pdb  | Keeping ligand: KX9
✔ Cleaned: 7gbm_A_KX9.pdb
🧪 Cleaning 8w1u_A_A08.pdb  | Keeping ligand: A08
✔ Cleaned: 8w1u_A_A08.pdb
🧪 Cleaning 7gfm_A_OEO.pdb  | Keeping ligand: OEO
✔ Cleaned: 7gfm_A_OEO.pdb
🧪 Cleaning 9dtz_A_A14.pdb  | Keeping ligand: A14
✔ Cleaned: 9dtz_A_A14.pdb
🧪 Cleaning 7gbv_A_L3I.pdb  | Keeping ligand: L3I
✔ Cleaned: 7gbv_A_L3I.pdb
🧪 Cleaning 8dgb_B_B1S.pdb  | Keeping ligand: B1S
✔ Cleaned: 8dgb_B_B1S.pdb
🧪 Cleaning 9o74_B_V2M.pdb  | Keeping ligand: V2M
✔ Cleaned: 9o74_B_V2M.pdb
🧪 Cleaning 7gf0_A_O0C.pdb  | Keeping ligand: O0C
✔ Cleaned: 7gf0_A_O0C.pdb
🧪 Cleaning 9h0f_A_A25.pdb  | Keeping ligand: A25
✔ Cleaned: 9h0f_A_A25.pdb
🧪 Cleaning 7gg5_A_OQF.pdb  | Keeping ligand: OQF
✔ Cleaned: 7gg5_A_OQF.pdb
🧪 Cleaning 9pfh_B_WZK.pdb  | Keeping ligand: WZK
✔ Cleaned: 9pfh_B_WZK.pdb
🧪 Cleaning 9du4_A_A17.pdb  | Keeping ligand: A17
✔ Cleaned: 9du4_A_A17.pdb
🧪 Cleaning 11ro_A_A01.pdb  | Keeping ligand: A01
✔ Cleaned: 11ro_A_A01.pdb
🧪 Cleaning 7gba_A_KS0.pdb  | Keeping ligand: KS0
✔ Cleaned: 7gba_A_KS0.pdb
🧪 Cleaning 7gc2_A_L7Q.pdb  | Keeping ligand: L7Q
✔ Cleaned: 7gc2_A_L7Q.pdb
🧪 Cleaning 7mau_B_DIO.pdb  | Keeping ligand: DIO
✔ Cleaned: 7mau_B_DIO.pdb
🧪 Cleaning 7gbg_A_KVF.pdb  | Keeping ligand: KVF
✔ Cleaned: 7gbg_A_KVF.pdb
🧪 Cleaning 7ggf_A_OVF.pdb  | Keeping ligand: OVF
✔ Cleaned: 7ggf_A_OVF.pdb
🧪 Cleaning 8cae_A_4WI.pdb  | Keeping ligand: 4WI
✔ Cleaned: 8cae_A_4WI.pdb
🧪 Cleaning 7gfn_A_OFX.pdb  | Keeping ligand: OFX
✔ Cleaned: 7gfn_A_OFX.pdb
🧪 Cleaning 7bfb_A_9JT.pdb  | Keeping ligand: 9JT
✔ Cleaned: 7bfb_A_9JT.pdb
🧪 Cleaning 7ggd_A_OUF.pdb  | Keeping ligand: OUF
✔ Cleaned: 7ggd_A_OUF.pdb
🧪 Cleaning 7gc0_A_L4N.pdb  | Keeping ligand: L4N
✔ Cleaned: 7gc0_A_L4N.pdb
🧪 Cleaning 7gez_A_NZK.pdb  | Keeping ligand: NZK
✔ Cleaned: 7gez_A_NZK.pdb
🧪 Cleaning 8d4m_A_K36.pdb  | Keeping ligand: K36
✔ Cleaned: 8d4m_A_K36.pdb
🧪 Cleaning 7nby_A_U88.pdb  | Keeping ligand: U88
✔ Cleaned: 7nby_A_U88.pdb
🧪 Cleaning 23lz_C_7ON.pdb  | Keeping ligand: 7ON
✔ Cleaned: 23lz_C_7ON.pdb
🧪 Cleaning 8dsu_B_V2M.pdb  | Keeping ligand: V2M
✔ Cleaned: 8dsu_B_V2M.pdb
🧪 Cleaning 7gfo_A_OGF.pdb  | Keeping ligand: OGF
✔ Cleaned: 7gfo_A_OGF.pdb
🧪 Cleaning 8caj_AAA_UAX.pdb  | Keeping ligand: UAX
✔ Cleaned: 8caj_AAA_UAX.pdb
🧪 Cleaning 7mb3_C_YVV.pdb  | Keeping ligand: YVV
✔ Cleaned: 7mb3_C_YVV.pdb
🧪 Cleaning 7gbl_A_KWR.pdb  | Keeping ligand: KWR
✔ Cleaned: 7gbl_A_KWR.pdb
🧪 Cleaning 9q7s_A_A42.pdb  | Keeping ligand: A42
✔ Cleaned: 9q7s_A_A42.pdb
🧪 Cleaning 7ggn_A_P0X.pdb  | Keeping ligand: P0X
✔ Cleaned: 7ggn_A_P0X.pdb
🧪 Cleaning 7gcu_A_LT9.pdb  | Keeping ligand: LT9
✔ Cleaned: 7gcu_A_LT9.pdb
🧪 Cleaning 7ng6_B_ALD.pdb  | Keeping ligand: ALD
✔ Cleaned: 7ng6_B_ALD.pdb
🧪 Cleaning 9hfy_A_A30.pdb  | Keeping ligand: A30
✔ Cleaned: 9hfy_A_A30.pdb
🧪 Cleaning 8w1t_B_A07.pdb  | Keeping ligand: A07
✔ Cleaned: 8w1t_B_A07.pdb
🧪 Cleaning 9hjh_A_A31.pdb  | Keeping ligand: A31
✔ Cleaned: 9hjh_A_A31.pdb
🧪 Cleaning 7gd3_A_Y6J.pdb  | Keeping ligand: Y6J
✔ Cleaned: 7gd3_A_Y6J.pdb
🧪 Cleaning 7gej_A_NO0.pdb  | Keeping ligand: NO0
✔ Cleaned: 7gej_A_NO0.pdb
🧪 Cleaning 8r1q_B_O6K.pdb  | Keeping ligand: O6K
✔ Cleaned: 8r1q_B_O6K.pdb
🧪 Cleaning 7gfk_A_ODX.pdb  | Keeping ligand: ODX
✔ Cleaned: 7gfk_A_ODX.pdb
🧪 Cleaning 9n5q_A_A18.pdb  | Keeping ligand: A18
✔ Cleaned: 9n5q_A_A18.pdb
🧪 Cleaning 7gce_A_LDX.pdb  | Keeping ligand: LDX
✔ Cleaned: 7gce_A_LDX.pdb
🧪 Cleaning 7gev_A_NW0.pdb  | Keeping ligand: NW0
✔ Cleaned: 7gev_A_NW0.pdb
🧪 Cleaning 8y4e_A_FHR.pdb  | Keeping ligand: FHR
✔ Cleaned: 8y4e_A_FHR.pdb
🧪 Cleaning 9o6f_B_V2M.pdb  | Keeping ligand: V2M
✔ Cleaned: 9o6f_B_V2M.pdb
🧪 Cleaning 7gd9_A_LXF.pdb  | Keeping ligand: LXF
✔ Cleaned: 7gd9_A_LXF.pdb
🧪 Cleaning 8ty3_A_SJF.pdb  | Keeping ligand: SJF
✔ Cleaned: 8ty3_A_SJF.pdb
🧪 Cleaning 9gmq_B_MXU.pdb  | Keeping ligand: MXU
✔ Cleaned: 9gmq_B_MXU.pdb
🧪 Cleaning 9o74_A_V2M.pdb  | Keeping ligand: V2M
✔ Cleaned: 9o74_A_V2M.pdb
🧪 Cleaning 7gci_A_LJO.pdb  | Keeping ligand: LJO
✔ Cleaned: 7gci_A_LJO.pdb
🧪 Cleaning 7nbs_AAA_SV6.pdb  | Keeping ligand: SV6
✔ Cleaned: 7nbs_AAA_SV6.pdb
🧪 Cleaning 9o6d_A_V2M.pdb  | Keeping ligand: V2M
✔ Cleaned: 9o6d_A_V2M.pdb
🧪 Cleaning 8w1t_A_A07.pdb  | Keeping ligand: A07
✔ Cleaned: 8w1t_A_A07.pdb
🧪 Cleaning 8tqj_A_YHI.pdb  | Keeping ligand: YHI
✔ Cleaned: 8tqj_A_YHI.pdb
🧪 Cleaning 9mdq_A_A34.pdb  | Keeping ligand: A34
✔ Cleaned: 9mdq_A_A34.pdb
🧪 Cleaning 8dt9_B_V2M.pdb  | Keeping ligand: V2M
✔ Cleaned: 8dt9_B_V2M.pdb
🧪 Cleaning 9nng_A_A18.pdb  | Keeping ligand: A18
✔ Cleaned: 9nng_A_A18.pdb
🧪 Cleaning 9bbp_A_VAL.pdb  | Keeping ligand: VAL
✔ Cleaned: 9bbp_A_VAL.pdb
🧪 Cleaning 8cac_AAA_O6K.pdb  | Keeping ligand: O6K
✔ Cleaned: 8cac_AAA_O6K.pdb
🧪 Cleaning 7gc3_A_L7V.pdb  | Keeping ligand: L7V
✔ Cleaned: 7gc3_A_L7V.pdb
🧪 Cleaning 7z0p_AAA_I8H.pdb  | Keeping ligand: I8H
✔ Cleaned: 7z0p_AAA_I8H.pdb
🧪 Cleaning 7gdj_A_M50.pdb  | Keeping ligand: M50
✔ Cleaned: 7gdj_A_M50.pdb
🧪 Cleaning 7gb0_A_KLR.pdb  | Keeping ligand: KLR
✔ Cleaned: 7gb0_A_KLR.pdb
🧪 Cleaning 7gd5_A_M0X.pdb  | Keeping ligand: M0X
✔ Cleaned: 7gd5_A_M0X.pdb
🧪 Cleaning 7ggj_A_OYF.pdb  | Keeping ligand: OYF
✔ Cleaned: 7ggj_A_OYF.pdb
🧪 Cleaning 7maz_B_YVD.pdb  | Keeping ligand: YVD
✔ Cleaned: 7maz_B_YVD.pdb
🧪 Cleaning 7get_A_NV9.pdb  | Keeping ligand: NV9
✔ Cleaned: 7get_A_NV9.pdb
🧪 Cleaning 7max_B_YV7.pdb  | Keeping ligand: YV7
✔ Cleaned: 7max_B_YV7.pdb
🧪 Cleaning 7mb2_A_YVM.pdb  | Keeping ligand: YVM
✔ Cleaned: 7mb2_A_YVM.pdb
🧪 Cleaning 7ge9_A_NB6.pdb  | Keeping ligand: NB6
✔ Cleaned: 7ge9_A_NB6.pdb
🧪 Cleaning 7sgh_A_99W.pdb  | Keeping ligand: 99W
✔ Cleaned: 7sgh_A_99W.pdb
🧪 Cleaning 8y44_A_A10.pdb  | Keeping ligand: A10
✔ Cleaned: 8y44_A_A10.pdb
🧪 Cleaning 7aeh_A_R8H.pdb  | Keeping ligand: R8H
✔ Cleaned: 7aeh_A_R8H.pdb
🧪 Cleaning 7gef_A_NJE.pdb  | Keeping ligand: NJE
✔ Cleaned: 7gef_A_NJE.pdb
🧪 Cleaning 7gbu_A_L2I.pdb  | Keeping ligand: L2I
✔ Cleaned: 7gbu_A_L2I.pdb
🧪 Cleaning 7gbi_A_KVX.pdb  | Keeping ligand: KVX
✔ Cleaned: 7gbi_A_KVX.pdb
🧪 Cleaning 7gaz_A_KL6.pdb  | Keeping ligand: KL6
✔ Cleaned: 7gaz_A_KL6.pdb
🧪 Cleaning 7mb0_A_YVG.pdb  | Keeping ligand: YVG
✔ Cleaned: 7mb0_A_YVG.pdb
🧪 Cleaning 23lz_A_7ON.pdb  | Keeping ligand: 7ON
✔ Cleaned: 23lz_A_7ON.pdb
🧪 Cleaning 7gfq_A_OI4.pdb  | Keeping ligand: OI4
✔ Cleaned: 7gfq_A_OI4.pdb
🧪 Cleaning 8p5a_A_X77.pdb  | Keeping ligand: X77
✔ Cleaned: 8p5a_A_X77.pdb
🧪 Cleaning 7gdo_A_MVR.pdb  | Keeping ligand: MVR
✔ Cleaned: 7gdo_A_MVR.pdb
🧪 Cleaning 7gbe_A_KU6.pdb  | Keeping ligand: KU6
✔ Cleaned: 7gbe_A_KU6.pdb
🧪 Cleaning 7geb_A_NDI.pdb  | Keeping ligand: NDI
✔ Cleaned: 7geb_A_NDI.pdb
🧪 Cleaning 9du4_B_A17.pdb  | Keeping ligand: A17
✔ Cleaned: 9du4_B_A17.pdb
🧪 Cleaning 9bbp_A_A13.pdb  | Keeping ligand: A13
✔ Cleaned: 9bbp_A_A13.pdb
🧪 Cleaning 7ge0_A_N3R.pdb  | Keeping ligand: N3R
✔ Cleaned: 7ge0_A_N3R.pdb
🧪 Cleaning 8ywy_A_FHR.pdb  | Keeping ligand: FHR
✔ Cleaned: 8ywy_A_FHR.pdb
🧪 Cleaning 8f02_A_X6T.pdb  | Keeping ligand: X6T
✔ Cleaned: 8f02_A_X6T.pdb
🧪 Cleaning 9bbp_A_PHE.pdb  | Keeping ligand: PHE
✔ Cleaned: 9bbp_A_PHE.pdb
🧪 Cleaning 8zbp_A_A12.pdb  | Keeping ligand: A12
✔ Cleaned: 8zbp_A_A12.pdb
🧪 Cleaning 12af_A_A00.pdb  | Keeping ligand: A00
✔ Cleaned: 12af_A_A00.pdb
🧪 Cleaning 7gdt_A_N00.pdb  | Keeping ligand: N00
✔ Cleaned: 7gdt_A_N00.pdb
🧪 Cleaning 7gcq_A_LRC.pdb  | Keeping ligand: LRC
✔ Cleaned: 7gcq_A_LRC.pdb
🧪 Cleaning 8r1q_A_O6K.pdb  | Keeping ligand: O6K
✔ Cleaned: 8r1q_A_O6K.pdb
🧪 Cleaning 9hfx_A_A29.pdb  | Keeping ligand: A29
✔ Cleaned: 9hfx_A_A29.pdb
🧪 Cleaning 9haj_A_A27.pdb  | Keeping ligand: A27
✔ Cleaned: 9haj_A_A27.pdb
🧪 Cleaning 8r26_A_O6K.pdb  | Keeping ligand: O6K
✔ Cleaned: 8r26_A_O6K.pdb
🧪 Cleaning 7gf8_A_O4L.pdb  | Keeping ligand: O4L
✔ Cleaned: 7gf8_A_O4L.pdb
🧪 Cleaning 9mlj_A_A35.pdb  | Keeping ligand: A35
✔ Cleaned: 9mlj_A_A35.pdb
🧪 Cleaning 9mei_A_V2M.pdb  | Keeping ligand: V2M
✔ Cleaned: 9mei_A_V2M.pdb
🧪 Cleaning 9mvo_A_A38.pdb  | Keeping ligand: A38
✔ Cleaned: 9mvo_A_A38.pdb
🧪 Cleaning 7sfh_A_91I.pdb  | Keeping ligand: 91I
✔ Cleaned: 7sfh_A_91I.pdb
🧪 Cleaning 7ng3_A_ALD.pdb  | Keeping ligand: ALD
✔ Cleaned: 7ng3_A_ALD.pdb
🧪 Cleaning 7q5e_B_90I.pdb  | Keeping ligand: 90I
✔ Cleaned: 7q5e_B_90I.pdb
🧪 Cleaning 9ir9_A_A32.pdb  | Keeping ligand: A32
✔ Cleaned: 9ir9_A_A32.pdb
🧪 Cleaning 7gbh_A_KVO.pdb  | Keeping ligand: KVO
✔ Cleaned: 7gbh_A_KVO.pdb
🧪 Cleaning 8ws3_A_X7F.pdb  | Keeping ligand: X7F
✔ Cleaned: 8ws3_A_X7F.pdb
🧪 Cleaning 7u92_A_M0C.pdb  | Keeping ligand: M0C
✔ Cleaned: 7u92_A_M0C.pdb
🧪 Cleaning 7uup_A_4WI.pdb  | Keeping ligand: 4WI
✔ Cleaned: 7uup_A_4WI.pdb
🧪 Cleaning 23lz_B_7ON.pdb  | Keeping ligand: 7ON
✔ Cleaned: 23lz_B_7ON.pdb
🧪 Cleaning 7mav_A_YVY.pdb  | Keeping ligand: YVY
✔ Cleaned: 7mav_A_YVY.pdb
🧪 Cleaning 9el4_B_V2M.pdb  | Keeping ligand: V2M
✔ Cleaned: 9el4_B_V2M.pdb
🧪 Cleaning 7bgp_B_ALD.pdb  | Keeping ligand: ALD
✔ Cleaned: 7bgp_B_ALD.pdb
🧪 Cleaning 7gh8_A_Q3U.pdb  | Keeping ligand: Q3U
✔ Cleaned: 7gh8_A_Q3U.pdb
🧪 Cleaning 8rjv_A_A04.pdb  | Keeping ligand: A04
✔ Cleaned: 8rjv_A_A04.pdb
🧪 Cleaning 8dzc_A_U76.pdb  | Keeping ligand: U76
✔ Cleaned: 8dzc_A_U76.pdb
🧪 Cleaning 9gij_A_A22.pdb  | Keeping ligand: A22
✔ Cleaned: 9gij_A_A22.pdb
🧪 Cleaning 7mb0_B_YVG.pdb  | Keeping ligand: YVG
✔ Cleaned: 7mb0_B_YVG.pdb
🧪 Cleaning 9mvq_A_A40.pdb  | Keeping ligand: A40
✔ Cleaned: 9mvq_A_A40.pdb
🧪 Cleaning 7gck_A_LF3.pdb  | Keeping ligand: LF3
✔ Cleaned: 7gck_A_LF3.pdb
🧪 Cleaning 7gc9_A_L9O.pdb  | Keeping ligand: L9O
✔ Cleaned: 7gc9_A_L9O.pdb
🧪 Cleaning 9hak_B_A28.pdb  | Keeping ligand: A28
✔ Cleaned: 9hak_B_A28.pdb
🧪 Cleaning 23mh_B_7ON.pdb  | Keeping ligand: 7ON
✔ Cleaned: 23mh_B_7ON.pdb
🧪 Cleaning 7ge8_A_NB0.pdb  | Keeping ligand: NB0
✔ Cleaned: 7ge8_A_NB0.pdb
🧪 Cleaning 9o6f_A_V2M.pdb  | Keeping ligand: V2M
✔ Cleaned: 9o6f_A_V2M.pdb
🧪 Cleaning 7gbt_A_L1F.pdb  | Keeping ligand: L1F
✔ Cleaned: 7gbt_A_L1F.pdb
🧪 Cleaning 7bfb_B_9JT.pdb  | Keeping ligand: 9JT
✔ Cleaned: 7bfb_B_9JT.pdb
🧪 Cleaning 8d4k_A_K36.pdb  | Keeping ligand: K36
✔ Cleaned: 8d4k_A_K36.pdb
🧪 Cleaning 7gbn_A_KXR.pdb  | Keeping ligand: KXR
✔ Cleaned: 7gbn_A_KXR.pdb
🧪 Cleaning 9o6e_B_V2M.pdb  | Keeping ligand: V2M
✔ Cleaned: 9o6e_B_V2M.pdb
🧪 Cleaning 8yls_A_A11.pdb  | Keeping ligand: A11
✔ Cleaned: 8yls_A_A11.pdb
🧪 Cleaning 8p5a_B_X77.pdb  | Keeping ligand: X77
✔ Cleaned: 8p5a_B_X77.pdb
🧪 Cleaning 7max_A_YV7.pdb  | Keeping ligand: YV7
✔ Cleaned: 7max_A_YV7.pdb
🧪 Cleaning 7gge_A_OV4.pdb  | Keeping ligand: OV4
✔ Cleaned: 7gge_A_OV4.pdb
🧪 Cleaning 7gbx_A_L6D.pdb  | Keeping ligand: L6D
✔ Cleaned: 7gbx_A_L6D.pdb
🧪 Cleaning 8y42_D_A09.pdb  | Keeping ligand: A09
✔ Cleaned: 8y42_D_A09.pdb
🧪 Cleaning 9gil_B_A23.pdb  | Keeping ligand: A23
✔ Cleaned: 9gil_B_A23.pdb
🧪 Cleaning 9ma6_A_4WI.pdb  | Keeping ligand: 4WI
✔ Cleaned: 9ma6_A_4WI.pdb
🧪 Cleaning 8f2c_A_X9Z.pdb  | Keeping ligand: X9Z
✔ Cleaned: 8f2c_A_X9Z.pdb
🧪 Cleaning 7gby_A_L5I.pdb  | Keeping ligand: L5I
✔ Cleaned: 7gby_A_L5I.pdb
🧪 Cleaning 7ggc_A_OTV.pdb  | Keeping ligand: OTV
✔ Cleaned: 7ggc_A_OTV.pdb
🧪 Cleaning 7gcw_A_LV9.pdb  | Keeping ligand: LV9
✔ Cleaned: 7gcw_A_LV9.pdb
🧪 Cleaning 7gf4_A_O1X.pdb  | Keeping ligand: O1X
✔ Cleaned: 7gf4_A_O1X.pdb
🧪 Cleaning 7gdh_A_M5X.pdb  | Keeping ligand: M5X
✔ Cleaned: 7gdh_A_M5X.pdb
🧪 Cleaning 9h4b_A_A26.pdb  | Keeping ligand: A26
✔ Cleaned: 9h4b_A_A26.pdb
🧪 Cleaning 7gbr_A_KZC.pdb  | Keeping ligand: KZC
✔ Cleaned: 7gbr_A_KZC.pdb
🧪 Cleaning 23mk_A_7ON.pdb  | Keeping ligand: 7ON
✔ Cleaned: 23mk_A_7ON.pdb
🧪 Cleaning 7gcb_A_LBC.pdb  | Keeping ligand: LBC
✔ Cleaned: 7gcb_A_LBC.pdb
🧪 Cleaning 9du2_B_A15.pdb  | Keeping ligand: A15
✔ Cleaned: 9du2_B_A15.pdb
🧪 Cleaning 7mb2_B_YVM.pdb  | Keeping ligand: YVM
✔ Cleaned: 7mb2_B_YVM.pdb
🧪 Cleaning 9opm_B_V2M.pdb  | Keeping ligand: V2M
✔ Cleaned: 9opm_B_V2M.pdb
🧪 Cleaning 8r26_C_O6K.pdb  | Keeping ligand: O6K
✔ Cleaned: 8r26_C_O6K.pdb
🧪 Cleaning 7ggv_A_PJX.pdb  | Keeping ligand: PJX
✔ Cleaned: 7ggv_A_PJX.pdb
🧪 Cleaning 8okl_B_83N.pdb  | Keeping ligand: 83N
✔ Cleaned: 8okl_B_83N.pdb
🧪 Cleaning 7ggy_A_PUU.pdb  | Keeping ligand: PUU
✔ Cleaned: 7ggy_A_PUU.pdb
🧪 Cleaning 7gft_A_OIX.pdb  | Keeping ligand: OIX
✔ Cleaned: 7gft_A_OIX.pdb
🧪 Cleaning 7gdz_A_N3I.pdb  | Keeping ligand: N3I
✔ Cleaned: 7gdz_A_N3I.pdb
🧪 Cleaning 9uoq_A_A44.pdb  | Keeping ligand: A44
✔ Cleaned: 9uoq_A_A44.pdb
🧪 Cleaning 7gfl_A_OE6.pdb  | Keeping ligand: OE6
✔ Cleaned: 7gfl_A_OE6.pdb
🧪 Cleaning 9ma6_B_4WI.pdb  | Keeping ligand: 4WI
✔ Cleaned: 9ma6_B_4WI.pdb
🧪 Cleaning 8ty5_A_SQ3.pdb  | Keeping ligand: SQ3
✔ Cleaned: 8ty5_A_SQ3.pdb
🧪 Cleaning 7ggb_A_OT6.pdb  | Keeping ligand: OT6
✔ Cleaned: 7ggb_A_OT6.pdb
🧪 Cleaning 9eev_A_4WI.pdb  | Keeping ligand: 4WI
✔ Cleaned: 9eev_A_4WI.pdb
🧪 Cleaning 8p57_A_X77.pdb  | Keeping ligand: X77
✔ Cleaned: 8p57_A_X77.pdb
🧪 Cleaning 7mau_B_YVP.pdb  | Keeping ligand: YVP
✔ Cleaned: 7mau_B_YVP.pdb
🧪 Cleaning 8ty4_A_SO0.pdb  | Keeping ligand: SO0
✔ Cleaned: 8ty4_A_SO0.pdb
🧪 Cleaning 9glv_B_A24.pdb  | Keeping ligand: A24
✔ Cleaned: 9glv_B_A24.pdb
🧪 Cleaning 7geq_A_NSR.pdb  | Keeping ligand: NSR
✔ Cleaned: 7geq_A_NSR.pdb
🧪 Cleaning 7gdg_A_M6I.pdb  | Keeping ligand: M6I
✔ Cleaned: 7gdg_A_M6I.pdb
🧪 Cleaning 7gf3_A_O1I.pdb  | Keeping ligand: O1I
✔ Cleaned: 7gf3_A_O1I.pdb
🧪 Cleaning 7gcn_A_LQ0.pdb  | Keeping ligand: LQ0
✔ Cleaned: 7gcn_A_LQ0.pdb
🧪 Cleaning 7geu_A_NVO.pdb  | Keeping ligand: NVO
✔ Cleaned: 7geu_A_NVO.pdb
🧪 Cleaning 7mb1_A_YVJ.pdb  | Keeping ligand: YVJ
✔ Cleaned: 7mb1_A_YVJ.pdb
🧪 Cleaning 7gg2_A_OO6.pdb  | Keeping ligand: OO6
✔ Cleaned: 7gg2_A_OO6.pdb
🧪 Cleaning 7ge4_A_N6X.pdb  | Keeping ligand: N6X
✔ Cleaned: 7ge4_A_N6X.pdb
🧪 Cleaning 8bgd_A_QH0.pdb  | Keeping ligand: QH0
✔ Cleaned: 8bgd_A_QH0.pdb
🧪 Cleaning 7tvs_A_XNJ.pdb  | Keeping ligand: XNJ
✔ Cleaned: 7tvs_A_XNJ.pdb
🧪 Cleaning 23mg_B_A02.pdb  | Keeping ligand: A02
✔ Cleaned: 23mg_B_A02.pdb
🧪 Cleaning 8okn_A_83W.pdb  | Keeping ligand: 83W
✔ Cleaned: 8okn_A_83W.pdb
🧪 Cleaning 7gda_A_MF0.pdb  | Keeping ligand: MF0
✔ Cleaned: 7gda_A_MF0.pdb
🧪 Cleaning 8ezv_A_X6O.pdb  | Keeping ligand: X6O
✔ Cleaned: 8ezv_A_X6O.pdb
🧪 Cleaning 7mng_A_ZL7.pdb  | Keeping ligand: ZL7
✔ Cleaned: 7mng_A_ZL7.pdb
🧪 Cleaning 9gil_A_A23.pdb  | Keeping ligand: A23
✔ Cleaned: 9gil_A_A23.pdb
🧪 Cleaning 7ghb_A_Q4R.pdb  | Keeping ligand: Q4R
✔ Cleaned: 7ghb_A_Q4R.pdb
🧪 Cleaning 9sdm_A_A43.pdb  | Keeping ligand: A43
✔ Cleaned: 9sdm_A_A43.pdb
🧪 Cleaning 7mb3_A_YVV.pdb  | Keeping ligand: YVV
✔ Cleaned: 7mb3_A_YVV.pdb
🧪 Cleaning 7gel_A_NQ3.pdb  | Keeping ligand: NQ3
✔ Cleaned: 7gel_A_NQ3.pdb
🧪 Cleaning 7gcf_A_LKX.pdb  | Keeping ligand: LKX
✔ Cleaned: 7gcf_A_LKX.pdb
🧪 Cleaning 8dt9_A_V2M.pdb  | Keeping ligand: V2M
✔ Cleaned: 8dt9_A_V2M.pdb
🧪 Cleaning 7gax_A_KJI.pdb  | Keeping ligand: KJI
✔ Cleaned: 7gax_A_KJI.pdb
🧪 Cleaning 7gcr_A_LRN.pdb  | Keeping ligand: LRN
✔ Cleaned: 7gcr_A_LRN.pdb
🧪 Cleaning 8r16_A_XJ9.pdb  | Keeping ligand: XJ9
✔ Cleaned: 8r16_A_XJ9.pdb
🧪 Cleaning 23mj_A_7ON.pdb  | Keeping ligand: 7ON
✔ Cleaned: 23mj_A_7ON.pdb
🧪 Cleaning 7gg8_A_ORR.pdb  | Keeping ligand: ORR
✔ Cleaned: 7gg8_A_ORR.pdb
🧪 Cleaning 7set_A_I70.pdb  | Keeping ligand: I70
✔ Cleaned: 7set_A_I70.pdb
🧪 Cleaning 7geh_A_NKU.pdb  | Keeping ligand: NKU
✔ Cleaned: 7geh_A_NKU.pdb
🧪 Cleaning 7gh4_A_Q1U.pdb  | Keeping ligand: Q1U
✔ Cleaned: 7gh4_A_Q1U.pdb
🧪 Cleaning 9mvq_B_A40.pdb  | Keeping ligand: A40
✔ Cleaned: 9mvq_B_A40.pdb
🧪 Cleaning 7gb8_A_KQL.pdb  | Keeping ligand: KQL
✔ Cleaned: 7gb8_A_KQL.pdb
🧪 Cleaning 7gbf_A_KUU.pdb  | Keeping ligand: KUU
✔ Cleaned: 7gbf_A_KUU.pdb
🧪 Cleaning 9n9b_A_A18.pdb  | Keeping ligand: A18
✔ Cleaned: 9n9b_A_A18.pdb
🧪 Cleaning 9gf7_A_A21.pdb  | Keeping ligand: A21
✔ Cleaned: 9gf7_A_A21.pdb
🧪 Cleaning 8tqt_A_K2X.pdb  | Keeping ligand: K2X
✔ Cleaned: 8tqt_A_K2X.pdb
🧪 Cleaning 7gcl_A_LR0.pdb  | Keeping ligand: LR0
✔ Cleaned: 7gcl_A_LR0.pdb
🧪 Cleaning 8w1t_A_A06.pdb  | Keeping ligand: A06
✔ Cleaned: 8w1t_A_A06.pdb
🧪 Cleaning 23ml_B_7ON.pdb  | Keeping ligand: 7ON
✔ Cleaned: 23ml_B_7ON.pdb
🧪 Cleaning 9o6e_A_V2M.pdb  | Keeping ligand: V2M
✔ Cleaned: 9o6e_A_V2M.pdb
🧪 Cleaning 7gb5_A_KOI.pdb  | Keeping ligand: KOI
✔ Cleaned: 7gb5_A_KOI.pdb
🧪 Cleaning 9du3_A_A16.pdb  | Keeping ligand: A16
✔ Cleaned: 9du3_A_A16.pdb
🧪 Cleaning 7gh0_A_PWR.pdb  | Keeping ligand: PWR
✔ Cleaned: 7gh0_A_PWR.pdb
🧪 Cleaning 7gd1_A_M2X.pdb  | Keeping ligand: M2X
✔ Cleaned: 7gd1_A_M2X.pdb
🧪 Cleaning 8tqh_A_JX6.pdb  | Keeping ligand: JX6
✔ Cleaned: 8tqh_A_JX6.pdb
🧪 Cleaning 23ma_A_7ON.pdb  | Keeping ligand: 7ON
✔ Cleaned: 23ma_A_7ON.pdb
🧪 Cleaning 7gct_A_LSF.pdb  | Keeping ligand: LSF
✔ Cleaned: 7gct_A_LSF.pdb
🧪 Cleaning 7rc1_A_4IO.pdb  | Keeping ligand: 4IO
✔ Cleaned: 7rc1_A_4IO.pdb
🧪 Cleaning 7ge6_A_N8X.pdb  | Keeping ligand: N8X
✔ Cleaned: 7ge6_A_N8X.pdb
🧪 Cleaning 7sgh_D_99W.pdb  | Keeping ligand: 99W
✔ Cleaned: 7sgh_D_99W.pdb
🧪 Cleaning 7gdm_A_MQ3.pdb  | Keeping ligand: MQ3
✔ Cleaned: 7gdm_A_MQ3.pdb
🧪 Cleaning 7gh9_A_Q45.pdb  | Keeping ligand: Q45
✔ Cleaned: 7gh9_A_Q45.pdb
🧪 Cleaning 9n6f_A_A18.pdb  | Keeping ligand: A18
✔ Cleaned: 9n6f_A_A18.pdb
🧪 Cleaning 7sgh_C_99W.pdb  | Keeping ligand: 99W
✔ Cleaned: 7sgh_C_99W.pdb
🧪 Cleaning 7gen_A_NRC.pdb  | Keeping ligand: NRC
✔ Cleaned: 7gen_A_NRC.pdb
🧪 Cleaning 7gcy_A_LW6.pdb  | Keeping ligand: LW6
✔ Cleaned: 7gcy_A_LW6.pdb
🧪 Cleaning 7gdu_A_N0F.pdb  | Keeping ligand: N0F
✔ Cleaned: 7gdu_A_N0F.pdb
🧪 Cleaning 9haj_B_A27.pdb  | Keeping ligand: A27
✔ Cleaned: 9haj_B_A27.pdb
🧪 Cleaning 7sfi_A_91Z.pdb  | Keeping ligand: 91Z
✔ Cleaned: 7sfi_A_91Z.pdb
🧪 Cleaning 7be7_A_ALD.pdb  | Keeping ligand: ALD
✔ Cleaned: 7be7_A_ALD.pdb
🧪 Cleaning 8r16_B_XJ9.pdb  | Keeping ligand: XJ9
✔ Cleaned: 8r16_B_XJ9.pdb
🧪 Cleaning 9opm_A_V2M.pdb  | Keeping ligand: V2M
✔ Cleaned: 9opm_A_V2M.pdb
🧪 Cleaning 7ge5_A_N7L.pdb  | Keeping ligand: N7L
✔ Cleaned: 7ge5_A_N7L.pdb
🧪 Cleaning 23mb_A_A02.pdb  | Keeping ligand: A02
✔ Cleaned: 23mb_A_A02.pdb
🧪 Cleaning 7maz_A_YVD.pdb  | Keeping ligand: YVD
✔ Cleaned: 7maz_A_YVD.pdb
🧪 Cleaning 7gg0_A_OGV.pdb  | Keeping ligand: OGV
✔ Cleaned: 7gg0_A_OGV.pdb
🧪 Cleaning 7sf3_A_90H.pdb  | Keeping ligand: 90H
✔ Cleaned: 7sf3_A_90H.pdb
🧪 Cleaning 23mi_B_A02.pdb  | Keeping ligand: A02
✔ Cleaned: 23mi_B_A02.pdb
🧪 Cleaning 7gf7_A_O3U.pdb  | Keeping ligand: O3U
✔ Cleaned: 7gf7_A_O3U.pdb
🧪 Cleaning 8y42_B_A09.pdb  | Keeping ligand: A09
✔ Cleaned: 8y42_B_A09.pdb
🧪 Cleaning 9du2_A_A15.pdb  | Keeping ligand: A15
✔ Cleaned: 9du2_A_A15.pdb
🧪 Cleaning 7gee_A_NIJ.pdb  | Keeping ligand: NIJ
✔ Cleaned: 7gee_A_NIJ.pdb
🧪 Cleaning 7gbs_A_KZX.pdb  | Keeping ligand: KZX
✔ Cleaned: 7gbs_A_KZX.pdb
🧪 Cleaning 7gea_A_N6F.pdb  | Keeping ligand: N6F
✔ Cleaned: 7gea_A_N6F.pdb
🧪 Cleaning 23ly_A_7ON.pdb  | Keeping ligand: 7ON
✔ Cleaned: 23ly_A_7ON.pdb
🧪 Cleaning 7gdp_A_MVX.pdb  | Keeping ligand: MVX
✔ Cleaned: 7gdp_A_MVX.pdb
🧪 Cleaning 23mf_B_A02.pdb  | Keeping ligand: A02
✔ Cleaned: 23mf_B_A02.pdb
🧪 Cleaning 9dtz_B_A14.pdb  | Keeping ligand: A14
✔ Cleaned: 9dtz_B_A14.pdb
🧪 Cleaning 7sfb_A_90U.pdb  | Keeping ligand: 90U
✔ Cleaned: 7sfb_A_90U.pdb
🧪 Cleaning 7gcc_A_LBO.pdb  | Keeping ligand: LBO
✔ Cleaned: 7gcc_A_LBO.pdb
🧪 Cleaning 7gg3_A_OOL.pdb  | Keeping ligand: OOL
✔ Cleaned: 7gg3_A_OOL.pdb
🧪 Cleaning 8bga_B_QQL.pdb  | Keeping ligand: QQL
✔ Cleaned: 8bga_B_QQL.pdb
🧪 Cleaning 7ge7_A_N9I.pdb  | Keeping ligand: N9I
✔ Cleaned: 7ge7_A_N9I.pdb
🧪 Cleaning 8dcz_A_4WI.pdb  | Keeping ligand: 4WI
✔ Cleaned: 8dcz_A_4WI.pdb
🧪 Cleaning 7ggw_A_PKW.pdb  | Keeping ligand: PKW
✔ Cleaned: 7ggw_A_PKW.pdb
🧪 Cleaning 7gd0_A_M4L.pdb  | Keeping ligand: M4L
✔ Cleaned: 7gd0_A_M4L.pdb
🧪 Cleaning 8p55_A_ALD.pdb  | Keeping ligand: ALD
✔ Cleaned: 8p55_A_ALD.pdb
🧪 Cleaning 7mb3_E_YVV.pdb  | Keeping ligand: YVV
✔ Cleaned: 7mb3_E_YVV.pdb
🧪 Cleaning 7mb3_B_YVV.pdb  | Keeping ligand: YVV
✔ Cleaned: 7mb3_B_YVV.pdb
🧪 Cleaning 7ger_A_NU0.pdb  | Keeping ligand: NU0
✔ Cleaned: 7ger_A_NU0.pdb
🧪 Cleaning 9opn_A_V2M.pdb  | Keeping ligand: V2M
✔ Cleaned: 9opn_A_V2M.pdb
🧪 Cleaning 7gbq_A_KYU.pdb  | Keeping ligand: KYU
✔ Cleaned: 7gbq_A_KYU.pdb
🧪 Cleaning 7ggq_A_OQL.pdb  | Keeping ligand: OQL
✔ Cleaned: 7ggq_A_OQL.pdb
🧪 Cleaning 9o6p_A_V2M.pdb  | Keeping ligand: V2M
✔ Cleaned: 9o6p_A_V2M.pdb
🧪 Cleaning 7gb7_A_KQ3.pdb  | Keeping ligand: KQ3
✔ Cleaned: 7gb7_A_KQ3.pdb
🧪 Cleaning 7gdc_A_M93.pdb  | Keeping ligand: M93
✔ Cleaned: 7gdc_A_M93.pdb
🧪 Cleaning 7mau_A_YVP.pdb  | Keeping ligand: YVP
✔ Cleaned: 7mau_A_YVP.pdb
🧪 Cleaning 7gfd_A_O8L.pdb  | Keeping ligand: O8L
✔ Cleaned: 7gfd_A_O8L.pdb
🧪 Cleaning 7tvx_A_G65.pdb  | Keeping ligand: G65
✔ Cleaned: 7tvx_A_G65.pdb
🧪 Cleaning 7gc6_A_L8O.pdb  | Keeping ligand: L8O
✔ Cleaned: 7gc6_A_L8O.pdb
🧪 Cleaning 9pfh_A_WZK.pdb  | Keeping ligand: WZK
✔ Cleaned: 9pfh_A_WZK.pdb
🧪 Cleaning 7gay_A_KJO.pdb  | Keeping ligand: KJO
✔ Cleaned: 7gay_A_KJO.pdb
🧪 Cleaning 7ge2_A_N4L.pdb  | Keeping ligand: N4L
✔ Cleaned: 7ge2_A_N4L.pdb
🧪 Cleaning 7gbk_A_KXF.pdb  | Keeping ligand: KXF
✔ Cleaned: 7gbk_A_KXF.pdb
🧪 Cleaning 9e7s_A_A18.pdb  | Keeping ligand: A18
✔ Cleaned: 9e7s_A_A18.pdb
🧪 Cleaning 7gbp_A_KYC.pdb  | Keeping ligand: KYC
✔ Cleaned: 7gbp_A_KYC.pdb
🧪 Cleaning 23ly_B_7ON.pdb  | Keeping ligand: 7ON
✔ Cleaned: 23ly_B_7ON.pdb
🧪 Cleaning 7gg1_A_OGO.pdb  | Keeping ligand: OGO
✔ Cleaned: 7gg1_A_OGO.pdb
🧪 Cleaning 7ggo_A_P3L.pdb  | Keeping ligand: P3L
✔ Cleaned: 7ggo_A_P3L.pdb
🧪 Cleaning 7gh2_A_Q0I.pdb  | Keeping ligand: Q0I
✔ Cleaned: 7gh2_A_Q0I.pdb
🧪 Cleaning 7ggi_A_OWX.pdb  | Keeping ligand: OWX
✔ Cleaned: 7ggi_A_OWX.pdb
🧪 Cleaning 7gh3_A_Q1C.pdb  | Keeping ligand: Q1C
✔ Cleaned: 7gh3_A_Q1C.pdb
🧪 Cleaning 8c9o_AAA_O6K.pdb  | Keeping ligand: O6K
✔ Cleaned: 8c9o_AAA_O6K.pdb
🧪 Cleaning 23lx_A_7ON.pdb  | Keeping ligand: 7ON
✔ Cleaned: 23lx_A_7ON.pdb
🧪 Cleaning 7gg7_A_OQX.pdb  | Keeping ligand: OQX
✔ Cleaned: 7gg7_A_OQX.pdb
🧪 Cleaning 8ezz_A_X70.pdb  | Keeping ligand: X70
✔ Cleaned: 8ezz_A_X70.pdb
🧪 Cleaning 7ggs_A_P7R.pdb  | Keeping ligand: P7R
✔ Cleaned: 7ggs_A_P7R.pdb
🧪 Cleaning 7gds_A_MZF.pdb  | Keeping ligand: MZF
✔ Cleaned: 7gds_A_MZF.pdb
🧪 Cleaning 8y44_B_A10.pdb  | Keeping ligand: A10
✔ Cleaned: 8y44_B_A10.pdb
🧪 Cleaning 9nnw_A_A35.pdb  | Keeping ligand: A35
✔ Cleaned: 9nnw_A_A35.pdb
🧪 Cleaning 7q5f_B_90X.pdb  | Keeping ligand: 90X
✔ Cleaned: 7q5f_B_90X.pdb
🧪 Cleaning 7q5e_A_90I.pdb  | Keeping ligand: 90I
✔ Cleaned: 7q5e_A_90I.pdb
🧪 Cleaning 7gc5_A_L8F.pdb  | Keeping ligand: L8F
✔ Cleaned: 7gc5_A_L8F.pdb
🧪 Cleaning 9glv_A_A24.pdb  | Keeping ligand: A24
✔ Cleaned: 9glv_A_A24.pdb
🧪 Cleaning 7gfe_A_O9O.pdb  | Keeping ligand: O9O
✔ Cleaned: 7gfe_A_O9O.pdb
🧪 Cleaning 7gfa_A_Z26.pdb  | Keeping ligand: Z26
✔ Cleaned: 7gfa_A_Z26.pdb
🧪 Cleaning 7ged_A_NGX.pdb  | Keeping ligand: NGX
✔ Cleaned: 7ged_A_NGX.pdb
🧪 Cleaning 7gfp_A_OHC.pdb  | Keeping ligand: OHC
✔ Cleaned: 7gfp_A_OHC.pdb
🧪 Cleaning 9cdl_A_XEK.pdb  | Keeping ligand: XEK
✔ Cleaned: 9cdl_A_XEK.pdb
🧪 Cleaning 9lll_A_A33.pdb  | Keeping ligand: A33
✔ Cleaned: 9lll_A_A33.pdb
🧪 Cleaning 7gf9_A_O5C.pdb  | Keeping ligand: O5C
✔ Cleaned: 7gf9_A_O5C.pdb
🧪 Cleaning 7gfy_A_OLX.pdb  | Keeping ligand: OLX
✔ Cleaned: 7gfy_A_OLX.pdb
🧪 Cleaning 7gfz_A_ONU.pdb  | Keeping ligand: ONU
✔ Cleaned: 7gfz_A_ONU.pdb
🧪 Cleaning 8ddm_A_K36.pdb  | Keeping ligand: K36
✔ Cleaned: 8ddm_A_K36.pdb
🧪 Cleaning 9whe_A_A45.pdb  | Keeping ligand: A45
✔ Cleaned: 9whe_A_A45.pdb
🧪 Cleaning 7gc1_A_L7F.pdb  | Keeping ligand: L7F
✔ Cleaned: 7gc1_A_L7F.pdb
🧪 Cleaning 7gcm_A_LQU.pdb  | Keeping ligand: LQU
✔ Cleaned: 7gcm_A_LQU.pdb
🧪 Cleaning 7nby_B_U88.pdb  | Keeping ligand: U88
✔ Cleaned: 7nby_B_U88.pdb
🧪 Cleaning 7gd2_A_M26.pdb  | Keeping ligand: M26
✔ Cleaned: 7gd2_A_M26.pdb
🧪 Cleaning 7ng3_B_ALD.pdb  | Keeping ligand: ALD
✔ Cleaned: 7ng3_B_ALD.pdb
🧪 Cleaning 7ng6_A_ALD.pdb  | Keeping ligand: ALD
✔ Cleaned: 7ng6_A_ALD.pdb
🧪 Cleaning 7gfu_A_OJ9.pdb  | Keeping ligand: OJ9
✔ Cleaned: 7gfu_A_OJ9.pdb
🧪 Cleaning 23ml_A_7ON.pdb  | Keeping ligand: 7ON
✔ Cleaned: 23ml_A_7ON.pdb
🧪 Cleaning 8p58_A_X77.pdb  | Keeping ligand: X77
✔ Cleaned: 8p58_A_X77.pdb
📊 Step 5 remaining PDB count after cleaning: 522
🎉 DONE — cleaned=522, dropped=0
[15:25:15] [mem] after 5_PDBcln.py parent=60.4MB delta=+0.1MB combined_peak=132.0MB child_peak=71.7MB
[15:25:15] 🚀 Running 6_SASA.py...
[15:25:15] 🐍 Pipeline Python: /app/.heroku/python/bin/python
[15:25:15] [mem] before 6_SASA.py parent=60.4MB combined=60.4MB
[15:25:15] 🧵 Worker caps for 6_SASA.py: pipeline_max=2 WARHEAD_SQCHK_MAX_WORKERS=2 WARHEAD_PDBMKR_MAX_WORKERS=2 WARHEAD_SASA_MAX_WORKERS=3 WARHEAD_METADATA_MAX_WORKERS=3 WARHEAD_MCS_MAX_WORKERS=3
[15:25:15] ⏱ No-output watchdog for 6_SASA.py: 180s
[15:25:15] [mem] running 6_SASA.py parent=60.4MB child_tree=3.2MB combined=63.6MB
📁 Scanning WARHEAD PDB ROOT: WAR_PDB
📁 Step 6 input root resolved: /app/jobs/5a21a564/WAR_PDB
🔎 Found 522 PDB files
🧾 Step 6 sample PDBs: ['Mpro/11ro_A_A01.pdb', 'Mpro/12af_A_A00.pdb', 'Mpro/23lw_A_7ON.pdb', 'Mpro/23lw_B_7ON.pdb', 'Mpro/23lx_A_7ON.pdb', 'Mpro/23ly_A_7ON.pdb', 'Mpro/23ly_B_7ON.pdb', 'Mpro/23lz_A_7ON.pdb', 'Mpro/23lz_B_7ON.pdb', 'Mpro/23lz_C_7ON.pdb']
🧠 Using max_workers=3 stream_output=True
✅ 23lw_A_7ON.pdb: 14/45 exposed (0.31)
✅ 12af_A_A00.pdb: 19/64 exposed (0.30)
✅ 11ro_A_A01.pdb: 24/68 exposed (0.35)
✅ 23lx_A_7ON.pdb: 15/45 exposed (0.33)
✅ 23ly_A_7ON.pdb: 17/45 exposed (0.38)
✅ 23lw_B_7ON.pdb: 17/45 exposed (0.38)
✅ 23ly_B_7ON.pdb: 19/45 exposed (0.42)
✅ 23lz_B_7ON.pdb: 17/45 exposed (0.38)
✅ 23lz_A_7ON.pdb: 15/45 exposed (0.33)
✅ 23lz_C_7ON.pdb: 16/45 exposed (0.36)
✅ 23ma_B_7ON.pdb: 18/45 exposed (0.40)
✅ 23ma_A_7ON.pdb: 19/45 exposed (0.42)
[15:25:21] [mem] running 6_SASA.py parent=60.4MB child_tree=93.2MB combined=153.6MB
✅ 23lz_D_7ON.pdb: 18/45 exposed (0.40)
✅ 23mb_A_A02.pdb: 18/45 exposed (0.40)
✅ 23mb_B_A02.pdb: 19/45 exposed (0.42)
✅ 23mc_A_7ON.pdb: 16/45 exposed (0.36)
✅ 23mc_B_7ON.pdb: 16/45 exposed (0.36)
✅ 23md_A_A02.pdb: 18/45 exposed (0.40)
✅ 23md_B_A02.pdb: 18/45 exposed (0.40)
✅ 23me_B_7ON.pdb: 18/45 exposed (0.40)
✅ 23me_A_7ON.pdb: 18/45 exposed (0.40)
✅ 23mf_B_A02.pdb: 19/45 exposed (0.42)
[15:25:27] [mem] running 6_SASA.py parent=60.4MB child_tree=93.3MB combined=153.7MB
✅ 23mg_A_A02.pdb: 16/45 exposed (0.36)
✅ 23mf_A_A02.pdb: 20/45 exposed (0.44)
✅ 23mg_B_A02.pdb: 17/45 exposed (0.38)
📊 Progress: 25/522
✅ 23mh_B_7ON.pdb: 19/45 exposed (0.42)
✅ 23mi_A_A02.pdb: 19/45 exposed (0.42)
✅ 23mh_A_7ON.pdb: 18/45 exposed (0.40)
✅ 23mi_B_A02.pdb: 18/45 exposed (0.40)
✅ 23mj_A_7ON.pdb: 17/45 exposed (0.38)
✅ 23mk_A_7ON.pdb: 15/45 exposed (0.33)
✅ 23mj_B_7ON.pdb: 17/45 exposed (0.38)
✅ 23ml_A_7ON.pdb: 19/45 exposed (0.42)
✅ 6z2e_AAA_Q5T.pdb: 39/67 exposed (0.58)
✅ 23ml_B_7ON.pdb: 19/45 exposed (0.42)
✅ 7aeh_A_R8H.pdb: 23/36 exposed (0.64)
[15:25:32] [mem] running 6_SASA.py parent=60.4MB child_tree=98.4MB combined=158.8MB
✅ 7be7_A_ALD.pdb: 25/76 exposed (0.33)
✅ 7be7_B_ALD.pdb: 30/76 exposed (0.40)
✅ 7bfb_B_9JT.pdb: 15/24 exposed (0.62)
✅ 7bfb_A_9JT.pdb: 14/24 exposed (0.58)
[15:25:38] [mem] running 6_SASA.py parent=60.4MB child_tree=104.5MB combined=164.9MB
✅ 7bgp_A_ALD.pdb: 25/76 exposed (0.33)
✅ 7gax_A_KJI.pdb: 14/22 exposed (0.64)
✅ 7gay_A_KJO.pdb: 9/17 exposed (0.53)
✅ 7bgp_B_ALD.pdb: 28/76 exposed (0.37)
✅ 7gaz_A_KL6.pdb: 11/21 exposed (0.52)
✅ 7gb0_A_KLR.pdb: 11/25 exposed (0.44)
✅ 7gb2_A_KMX.pdb: 19/22 exposed (0.86)
✅ 7gb1_A_KMF.pdb: 9/24 exposed (0.38)
✅ 7gb3_A_KNU.pdb: 6/14 exposed (0.43)
✅ 7gb6_A_KP0.pdb: 13/25 exposed (0.52)
📊 Progress: 50/522
✅ 7gb4_A_KO9.pdb: 9/18 exposed (0.50)
✅ 7gb5_A_KOI.pdb: 7/17 exposed (0.41)
[15:25:44] [mem] running 6_SASA.py parent=60.4MB child_tree=102.7MB combined=163.1MB
✅ 7gb8_A_KQL.pdb: 8/21 exposed (0.38)
✅ 7gb7_A_KQ3.pdb: 12/25 exposed (0.48)
✅ 7gb9_A_KQX.pdb: 6/18 exposed (0.33)
✅ 7gbb_A_KSI.pdb: 12/21 exposed (0.57)
✅ 7gba_A_KS0.pdb: 13/18 exposed (0.72)
✅ 7gbd_A_KT9.pdb: 10/23 exposed (0.43)
✅ 7gbc_A_KSX.pdb: 6/19 exposed (0.32)
✅ 7gbe_A_KU6.pdb: 9/22 exposed (0.41)
✅ 7gbf_A_KUU.pdb: 10/21 exposed (0.48)
✅ 7gbg_A_KVF.pdb: 8/20 exposed (0.40)
[15:25:49] [mem] running 6_SASA.py parent=60.4MB child_tree=102.7MB combined=163.1MB
✅ 7gbi_A_KVX.pdb: 7/21 exposed (0.33)
✅ 7gbh_A_KVO.pdb: 7/19 exposed (0.37)
✅ 7gbj_A_KW9.pdb: 14/26 exposed (0.54)
✅ 7gbl_A_KWR.pdb: 10/22 exposed (0.46)
✅ 7gbm_A_KX9.pdb: 8/23 exposed (0.35)
✅ 7gbk_A_KXF.pdb: 8/18 exposed (0.44)
✅ 7gbn_A_KXR.pdb: 10/23 exposed (0.43)
✅ 7gbp_A_KYC.pdb: 9/21 exposed (0.43)
✅ 7gbq_A_KYU.pdb: 7/20 exposed (0.35)
✅ 7gbo_A_KY0.pdb: 8/20 exposed (0.40)
✅ 7gbr_A_KZC.pdb: 14/23 exposed (0.61)
[15:25:54] [mem] running 6_SASA.py parent=60.4MB child_tree=102.7MB combined=163.1MB
✅ 7gbt_A_L1F.pdb: 11/26 exposed (0.42)
✅ 7gbs_A_KZX.pdb: 6/18 exposed (0.33)
📊 Progress: 75/522
✅ 7gbu_A_L2I.pdb: 12/20 exposed (0.60)
✅ 7gbv_A_L3I.pdb: 6/20 exposed (0.30)
✅ 7gbw_A_L6R.pdb: 7/21 exposed (0.33)
✅ 7gbx_A_L6D.pdb: 9/20 exposed (0.45)
✅ 7gby_A_L5I.pdb: 6/16 exposed (0.38)
✅ 7gc0_A_L4N.pdb: 9/17 exposed (0.53)
✅ 7gbz_A_L4U.pdb: 4/16 exposed (0.25)
[15:26:00] [mem] running 6_SASA.py parent=60.4MB child_tree=102.7MB combined=163.1MB
✅ 7gc1_A_L7F.pdb: 6/17 exposed (0.35)
✅ 7gc3_A_L7V.pdb: 11/22 exposed (0.50)
✅ 7gc2_A_L7Q.pdb: 9/20 exposed (0.45)
✅ 7gc4_A_L83.pdb: 6/19 exposed (0.32)
✅ 7gc6_A_L8O.pdb: 13/20 exposed (0.65)
✅ 7gc5_A_L8F.pdb: 13/25 exposed (0.52)
✅ 7gc7_A_L93.pdb: 15/27 exposed (0.56)
✅ 7gc9_A_L9O.pdb: 9/17 exposed (0.53)
✅ 7gc8_A_L9F.pdb: 9/20 exposed (0.45)
✅ 7gca_A_LB0.pdb: 8/17 exposed (0.47)
✅ 7gcb_A_LBC.pdb: 8/18 exposed (0.44)
✅ 7gcc_A_LBO.pdb: 8/20 exposed (0.40)
✅ 7gcd_A_LCU.pdb: 8/17 exposed (0.47)
[15:26:06] [mem] running 6_SASA.py parent=60.4MB child_tree=101.7MB combined=162.1MB
✅ 7gce_A_LDX.pdb: 7/19 exposed (0.37)
✅ 7gcf_A_LKX.pdb: 8/17 exposed (0.47)
✅ 7gcg_A_LKI.pdb: 11/18 exposed (0.61)
✅ 7gci_A_LJO.pdb: 6/17 exposed (0.35)
✅ 7gck_A_LF3.pdb: 12/23 exposed (0.52)
📊 Progress: 100/522
✅ 7gcj_A_LJ0.pdb: 7/17 exposed (0.41)
✅ 7gcn_A_LQ0.pdb: 8/21 exposed (0.38)
✅ 7gcl_A_LR0.pdb: 10/22 exposed (0.46)
✅ 7gcm_A_LQU.pdb: 15/21 exposed (0.71)
✅ 7gco_A_LO0.pdb: 10/21 exposed (0.48)
✅ 7gcr_A_LRN.pdb: 12/24 exposed (0.50)
[15:26:12] [mem] running 6_SASA.py parent=60.4MB child_tree=101.7MB combined=162.1MB
✅ 7gcp_A_LM0.pdb: 12/20 exposed (0.60)
✅ 7gcq_A_LRC.pdb: 7/18 exposed (0.39)
✅ 7gcs_A_LS0.pdb: 8/21 exposed (0.38)
✅ 7gct_A_LSF.pdb: 9/23 exposed (0.39)
✅ 7gcu_A_LT9.pdb: 10/22 exposed (0.46)
✅ 7gcv_A_LUC.pdb: 10/24 exposed (0.42)
✅ 7gcw_A_LV9.pdb: 13/23 exposed (0.56)
✅ 7gcx_A_LVM.pdb: 7/17 exposed (0.41)
✅ 7gcy_A_LW6.pdb: 8/11 exposed (0.73)
✅ 7gd0_A_M4L.pdb: 10/20 exposed (0.50)
[15:26:17] [mem] running 6_SASA.py parent=60.4MB child_tree=101.7MB combined=162.1MB
✅ 7gd1_A_M2X.pdb: 9/21 exposed (0.43)
✅ 7gcz_A_LWO.pdb: 12/27 exposed (0.44)
✅ 7gd2_A_M26.pdb: 12/26 exposed (0.46)
✅ 7gd4_A_R30.pdb: 15/30 exposed (0.50)
✅ 7gd3_A_Y6J.pdb: 15/31 exposed (0.48)
✅ 7gd5_A_M0X.pdb: 15/28 exposed (0.54)
✅ 7gd6_A_M0G.pdb: 8/21 exposed (0.38)
✅ 7gd8_A_KU6.pdb: 8/22 exposed (0.36)
✅ 7gd7_A_LZX.pdb: 7/23 exposed (0.30)
📊 Progress: 125/522
✅ 7gd9_A_LXF.pdb: 24/25 exposed (0.96)
✅ 7gdb_A_M9U.pdb: 13/22 exposed (0.59)
✅ 7gda_A_MF0.pdb: 7/19 exposed (0.37)
✅ 7gdc_A_M93.pdb: 8/22 exposed (0.36)
[15:26:23] [mem] running 6_SASA.py parent=60.4MB child_tree=101.7MB combined=162.1MB
✅ 7gdd_A_860.pdb: 8/21 exposed (0.38)
✅ 7gde_A_M7X.pdb: 8/18 exposed (0.44)
✅ 7gdh_A_M5X.pdb: 7/15 exposed (0.47)
✅ 7gdf_A_M6U.pdb: 9/22 exposed (0.41)
✅ 7gdg_A_M6I.pdb: 8/17 exposed (0.47)
✅ 7gdi_A_M5I.pdb: 9/18 exposed (0.50)
✅ 7gdj_A_M50.pdb: 7/18 exposed (0.39)
✅ 7gdk_A_MJR.pdb: 7/17 exposed (0.41)
✅ 7gdl_A_MKI.pdb: 8/19 exposed (0.42)
✅ 7gdo_A_MVR.pdb: 12/29 exposed (0.41)
✅ 7gdm_A_MQ3.pdb: 7/18 exposed (0.39)
✅ 7gdn_A_MU3.pdb: 10/21 exposed (0.48)
✅ 7gdp_A_MVX.pdb: 9/21 exposed (0.43)
[15:26:29] [mem] running 6_SASA.py parent=60.4MB child_tree=101.7MB combined=162.1MB
✅ 7gds_A_MZF.pdb: 11/18 exposed (0.61)
✅ 7gdq_A_MWN.pdb: 15/16 exposed (0.94)
✅ 7gdt_A_N00.pdb: 15/20 exposed (0.75)
✅ 7gdr_A_MX9.pdb: 19/22 exposed (0.86)
✅ 7gdu_A_N0F.pdb: 13/24 exposed (0.54)
✅ 7gdv_A_N0O.pdb: 11/24 exposed (0.46)
✅ 7gdw_A_N0X.pdb: 10/22 exposed (0.46)
✅ 7gdx_A_N1U.pdb: 14/24 exposed (0.58)
📊 Progress: 150/522
✅ 7gdy_A_N2X.pdb: 12/22 exposed (0.55)
✅ 7ge0_A_N3R.pdb: 14/26 exposed (0.54)
✅ 7gdz_A_N3I.pdb: 11/20 exposed (0.55)
[15:26:34] [mem] running 6_SASA.py parent=60.4MB child_tree=101.7MB combined=162.1MB
✅ 7ge2_A_N4L.pdb: 14/26 exposed (0.54)
✅ 7ge3_A_N5L.pdb: 7/19 exposed (0.37)
✅ 7ge1_A_N43.pdb: 15/27 exposed (0.56)
✅ 7ge4_A_N6X.pdb: 7/20 exposed (0.35)
✅ 7ge7_A_N9I.pdb: 12/21 exposed (0.57)
✅ 7ge6_A_N8X.pdb: 11/18 exposed (0.61)
✅ 7ge5_A_N7L.pdb: 6/15 exposed (0.40)
✅ 7ge8_A_NB0.pdb: 15/26 exposed (0.58)
✅ 7gea_A_N6F.pdb: 9/22 exposed (0.41)
✅ 7ge9_A_NB6.pdb: 8/18 exposed (0.44)
✅ 7geb_A_NDI.pdb: 7/20 exposed (0.35)
✅ 7gec_A_NEL.pdb: 8/20 exposed (0.40)
✅ 7ged_A_NGX.pdb: 7/16 exposed (0.44)
[15:26:39] [mem] running 6_SASA.py parent=60.4MB child_tree=101.7MB combined=162.1MB
✅ 7gef_A_NJE.pdb: 7/17 exposed (0.41)
✅ 7gee_A_NIJ.pdb: 7/19 exposed (0.37)
✅ 7geg_A_NJU.pdb: 10/21 exposed (0.48)
✅ 7gej_A_NO0.pdb: 10/22 exposed (0.46)
✅ 7gei_A_NM0.pdb: 9/20 exposed (0.45)
✅ 7geh_A_NKU.pdb: 9/22 exposed (0.41)
✅ 7gek_A_NOI.pdb: 6/17 exposed (0.35)
✅ 7gel_A_NQ3.pdb: 6/20 exposed (0.30)
✅ 7gem_A_NQO.pdb: 8/18 exposed (0.44)
📊 Progress: 175/522
✅ 7gen_A_NRC.pdb: 10/22 exposed (0.46)
✅ 7ger_A_NU0.pdb: 7/21 exposed (0.33)
✅ 7geo_A_NRX.pdb: 11/20 exposed (0.55)
[15:26:45] [mem] running 6_SASA.py parent=60.4MB child_tree=101.7MB combined=162.1MB
✅ 7geq_A_NSR.pdb: 12/24 exposed (0.50)
✅ 7ges_A_NUR.pdb: 9/22 exposed (0.41)
✅ 7get_A_NV9.pdb: 11/23 exposed (0.48)
✅ 7gev_A_NW0.pdb: 8/19 exposed (0.42)
✅ 7geu_A_NVO.pdb: 11/21 exposed (0.52)
✅ 7gey_A_NYR.pdb: 9/17 exposed (0.53)
✅ 7gex_A_NX9.pdb: 6/16 exposed (0.38)
✅ 7gew_A_NWI.pdb: 10/21 exposed (0.48)
✅ 7gf1_A_O0R.pdb: 9/20 exposed (0.45)
✅ 7gez_A_NZK.pdb: 12/23 exposed (0.52)
✅ 7gf3_A_O1I.pdb: 6/20 exposed (0.30)
✅ 7gf0_A_O0C.pdb: 10/21 exposed (0.48)
✅ 7gf2_A_O0X.pdb: 9/21 exposed (0.43)
✅ 7gf6_A_O3I.pdb: 9/27 exposed (0.33)
[15:26:51] [mem] running 6_SASA.py parent=60.4MB child_tree=101.7MB combined=162.1MB
✅ 7gf4_A_O1X.pdb: 6/16 exposed (0.38)
✅ 7gf5_A_O2R.pdb: 11/23 exposed (0.48)
✅ 7gf8_A_O4L.pdb: 11/24 exposed (0.46)
✅ 7gf7_A_O3U.pdb: 13/21 exposed (0.62)
✅ 7gf9_A_O5C.pdb: 10/22 exposed (0.46)
✅ 7gfa_A_Z26.pdb: 10/23 exposed (0.43)
✅ 7gfb_A_NSR.pdb: 11/24 exposed (0.46)
✅ 7gfc_A_O87.pdb: 15/29 exposed (0.52)
📊 Progress: 200/522
✅ 7gfe_A_O9O.pdb: 14/30 exposed (0.47)
✅ 7gfd_A_O8L.pdb: 9/25 exposed (0.36)
✅ 7gff_A_O9X.pdb: 8/16 exposed (0.50)
✅ 7gfg_A_OAO.pdb: 14/26 exposed (0.54)
[15:26:56] [mem] running 6_SASA.py parent=60.4MB child_tree=101.7MB combined=162.1MB
✅ 7gfh_A_OBO.pdb: 8/20 exposed (0.40)
✅ 7gfi_A_OCI.pdb: 11/23 exposed (0.48)
✅ 7gfj_A_OD7.pdb: 16/34 exposed (0.47)
✅ 7gfk_A_ODX.pdb: 17/25 exposed (0.68)
✅ 7gfl_A_OE6.pdb: 9/20 exposed (0.45)
✅ 7gfm_A_OEO.pdb: 14/29 exposed (0.48)
✅ 7gfn_A_OFX.pdb: 15/28 exposed (0.54)
✅ 7gfo_A_OGF.pdb: 11/30 exposed (0.37)
✅ 7gfp_A_OHC.pdb: 9/23 exposed (0.39)
✅ 7gfq_A_OI4.pdb: 8/21 exposed (0.38)
✅ 7gfs_A_OIK.pdb: 13/24 exposed (0.54)
[15:27:01] [mem] running 6_SASA.py parent=60.4MB child_tree=101.7MB combined=162.1MB
✅ 7gfr_A_OIE.pdb: 9/21 exposed (0.43)
✅ 7gft_A_OIX.pdb: 12/24 exposed (0.50)
✅ 7gfu_A_OJ9.pdb: 11/24 exposed (0.46)
✅ 7gfw_A_OK9.pdb: 15/23 exposed (0.65)
✅ 7gfv_A_OJO.pdb: 12/18 exposed (0.67)
✅ 7gfy_A_OLX.pdb: 11/17 exposed (0.65)
✅ 7gfx_A_OKW.pdb: 8/20 exposed (0.40)
✅ 7gfz_A_ONU.pdb: 23/52 exposed (0.44)
✅ 7gg0_A_OGV.pdb: 9/20 exposed (0.45)
✅ 7gg1_A_OGO.pdb: 17/26 exposed (0.65)
📊 Progress: 225/522
✅ 7gg2_A_OO6.pdb: 12/25 exposed (0.48)
✅ 7gg4_A_OPU.pdb: 11/24 exposed (0.46)
✅ 7gg3_A_OOL.pdb: 11/12 exposed (0.92)
[15:27:07] [mem] running 6_SASA.py parent=60.4MB child_tree=101.7MB combined=162.1MB
✅ 7gg5_A_OQF.pdb: 14/28 exposed (0.50)
✅ 7gg6_A_OQL.pdb: 10/24 exposed (0.42)
✅ 7gg7_A_OQX.pdb: 14/29 exposed (0.48)
✅ 7gg8_A_ORR.pdb: 9/21 exposed (0.43)
✅ 7gg9_A_SQ2.pdb: 7/19 exposed (0.37)
✅ 7gga_A_OSI.pdb: 12/25 exposed (0.48)
✅ 7ggc_A_OTV.pdb: 16/26 exposed (0.61)
✅ 7gge_A_OV4.pdb: 15/29 exposed (0.52)
✅ 7ggd_A_OUF.pdb: 19/29 exposed (0.66)
✅ 7ggf_A_OVF.pdb: 15/30 exposed (0.50)
✅ 7ggb_A_OT6.pdb: 14/25 exposed (0.56)
✅ 7ggg_A_OVX.pdb: 11/26 exposed (0.42)
[15:27:13] [mem] running 6_SASA.py parent=60.4MB child_tree=101.7MB combined=162.1MB
✅ 7ggh_A_OWC.pdb: 11/24 exposed (0.46)
✅ 7ggi_A_OWX.pdb: 8/21 exposed (0.38)
✅ 7ggk_A_OYX.pdb: 12/28 exposed (0.43)
✅ 7ggl_A_OZC.pdb: 10/24 exposed (0.42)
✅ 7ggj_A_OYF.pdb: 11/24 exposed (0.46)
✅ 7ggn_A_P0X.pdb: 12/27 exposed (0.44)
✅ 7ggo_A_P3L.pdb: 10/21 exposed (0.48)
✅ 7ggm_A_OZX.pdb: 8/21 exposed (0.38)
✅ 7ggr_A_P6O.pdb: 9/26 exposed (0.35)
✅ 7ggq_A_OQL.pdb: 11/24 exposed (0.46)
📊 Progress: 250/522
✅ 7ggp_A_P4R.pdb: 11/27 exposed (0.41)
✅ 7ggt_A_P9O.pdb: 12/24 exposed (0.50)
✅ 7ggs_A_P7R.pdb: 11/25 exposed (0.44)
✅ 7ggu_A_PJ6.pdb: 12/26 exposed (0.46)
[15:27:18] [mem] running 6_SASA.py parent=60.4MB child_tree=101.7MB combined=162.1MB
✅ 7ggw_A_PKW.pdb: 11/24 exposed (0.46)
✅ 7ggv_A_PJX.pdb: 10/25 exposed (0.40)
✅ 7ggx_A_PQ6.pdb: 10/26 exposed (0.39)
✅ 7ggz_A_PVR.pdb: 13/22 exposed (0.59)
✅ 7ggy_A_PUU.pdb: 10/27 exposed (0.37)
✅ 7gh0_A_PWR.pdb: 13/25 exposed (0.52)
✅ 7gh3_A_Q1C.pdb: 9/18 exposed (0.50)
✅ 7gh2_A_Q0I.pdb: 13/28 exposed (0.46)
✅ 7gh1_A_PZ6.pdb: 14/26 exposed (0.54)
✅ 7gh5_A_Q2G.pdb: 9/18 exposed (0.50)
✅ 7gh4_A_Q1U.pdb: 12/23 exposed (0.52)
✅ 7gh6_A_Q2U.pdb: 13/25 exposed (0.52)
[15:27:24] [mem] running 6_SASA.py parent=60.4MB child_tree=101.7MB combined=162.1MB
✅ 7gh7_A_Q36.pdb: 7/20 exposed (0.35)
✅ 7gha_A_Q4F.pdb: 9/18 exposed (0.50)
✅ 7gh8_A_Q3U.pdb: 9/18 exposed (0.50)
✅ 7gh9_A_Q45.pdb: 12/23 exposed (0.52)
✅ 7ghb_A_Q4R.pdb: 9/26 exposed (0.35)
✅ 7jp0_A_VJA.pdb: 11/36 exposed (0.31)
✅ 7mat_A_H37.pdb: 35/65 exposed (0.54)
✅ 7k6d_A_SV6.pdb: 20/49 exposed (0.41)
✅ 7k6e_A_SV6.pdb: 20/49 exposed (0.41)
📊 Progress: 275/522
[15:27:30] [mem] running 6_SASA.py parent=60.4MB child_tree=101.7MB combined=162.1MB
✅ 7mau_B_DIO.pdb: 6/14 exposed (0.43)
✅ 7mau_B_YVP.pdb: 36/79 exposed (0.46)
✅ 7mau_A_YVP.pdb: 32/79 exposed (0.41)
✅ 7mat_B_H37.pdb: 28/65 exposed (0.43)
[15:27:35] [mem] running 6_SASA.py parent=60.4MB child_tree=104.0MB combined=164.4MB
✅ 7mav_A_YVY.pdb: 40/78 exposed (0.51)
✅ 7mav_B_YVY.pdb: 38/78 exposed (0.49)
✅ 7maw_A_YVA.pdb: 24/70 exposed (0.34)
✅ 7max_B_YV7.pdb: 28/75 exposed (0.37)
✅ 7max_A_YV7.pdb: 28/75 exposed (0.37)
✅ 7maw_B_YVA.pdb: 25/70 exposed (0.36)
[15:27:41] [mem] running 6_SASA.py parent=60.4MB child_tree=105.0MB combined=165.4MB
✅ 7maz_B_YVD.pdb: 27/75 exposed (0.36)
✅ 7maz_A_YVD.pdb: 25/75 exposed (0.33)
✅ 7mb0_A_YVG.pdb: 23/74 exposed (0.31)
[15:27:46] [mem] running 6_SASA.py parent=60.4MB child_tree=105.1MB combined=165.5MB
✅ 7mb0_B_YVG.pdb: 22/74 exposed (0.30)
✅ 7mb1_A_YVJ.pdb: 25/75 exposed (0.33)
✅ 7mb1_B_YVJ.pdb: 23/75 exposed (0.31)
✅ 7mb3_A_YVV.pdb: 31/89 exposed (0.35)
[15:27:51] [mem] running 6_SASA.py parent=60.4MB child_tree=105.1MB combined=165.5MB
✅ 7mb2_B_YVM.pdb: 32/89 exposed (0.36)
✅ 7mb3_B_YVV.pdb: 30/89 exposed (0.34)
✅ 7mb2_A_YVM.pdb: 29/89 exposed (0.33)
✅ 7mb3_D_YVV.pdb: 30/89 exposed (0.34)
✅ 7mb3_E_YVV.pdb: 32/89 exposed (0.36)
✅ 7mng_A_ZL7.pdb: 19/36 exposed (0.53)
[15:27:57] [mem] running 6_SASA.py parent=60.4MB child_tree=105.1MB combined=165.5MB
✅ 7nbr_AAA_U5G.pdb: 15/37 exposed (0.41)
✅ 7mb3_C_YVV.pdb: 30/89 exposed (0.34)
📊 Progress: 300/522
✅ 7mb3_F_YVV.pdb: 36/89 exposed (0.40)
✅ 7nby_B_U88.pdb: 24/36 exposed (0.67)
✅ 7nbs_AAA_SV6.pdb: 21/49 exposed (0.43)
✅ 7nf5_A_ALD.pdb: 22/76 exposed (0.29)
[15:28:03] [mem] running 6_SASA.py parent=60.4MB child_tree=105.1MB combined=165.5MB
✅ 7nby_A_U88.pdb: 24/36 exposed (0.67)
✅ 7ng3_A_ALD.pdb: 23/76 exposed (0.30)
✅ 7ng3_B_ALD.pdb: 24/76 exposed (0.32)
✅ 7ng6_B_ALD.pdb: 26/76 exposed (0.34)
[15:28:09] [mem] running 6_SASA.py parent=60.4MB child_tree=105.3MB combined=165.7MB
✅ 7ng6_A_ALD.pdb: 23/76 exposed (0.30)
✅ 7q5e_B_90I.pdb: 23/74 exposed (0.31)
✅ 7q5e_A_90I.pdb: 23/74 exposed (0.31)
✅ 7rc1_A_4IO.pdb: 11/32 exposed (0.34)
✅ 7q5f_A_90X.pdb: 29/74 exposed (0.39)
[15:28:14] [mem] running 6_SASA.py parent=60.4MB child_tree=105.3MB combined=165.7MB
✅ 7q5f_B_90X.pdb: 30/74 exposed (0.41)
✅ 7set_A_I70.pdb: 13/39 exposed (0.33)
✅ 7sf1_A_8ZI.pdb: 12/39 exposed (0.31)
✅ 7sfb_A_90U.pdb: 13/34 exposed (0.38)
✅ 7sfi_A_91Z.pdb: 19/37 exposed (0.51)
✅ 7sf3_A_90H.pdb: 11/39 exposed (0.28)
✅ 7sfh_A_91I.pdb: 13/34 exposed (0.38)
✅ 7sgh_C_99W.pdb: 18/32 exposed (0.56)
✅ 7sgh_A_99W.pdb: 14/32 exposed (0.44)
✅ 7sgh_B_99W.pdb: 9/32 exposed (0.28)
✅ 7sgh_D_99W.pdb: 15/32 exposed (0.47)
✅ 7tvs_A_XNJ.pdb: 26/35 exposed (0.74)
[15:28:19] [mem] running 6_SASA.py parent=60.4MB child_tree=105.3MB combined=165.7MB
📊 Progress: 325/522
✅ 7u92_A_M0C.pdb: 11/41 exposed (0.27)
✅ 7tvx_A_G65.pdb: 22/36 exposed (0.61)
✅ 7uug_A_M0C.pdb: 10/41 exposed (0.24)
✅ 7uup_A_4WI.pdb: 10/35 exposed (0.29)
✅ 7z0p_AAA_I8H.pdb: 13/40 exposed (0.33)
✅ 7z59_A_IFO.pdb: 22/35 exposed (0.63)
✅ 8a4q_A_V9R.pdb: 25/43 exposed (0.58)
✅ 8aj1_A_A03.pdb: 22/39 exposed (0.56)
✅ 8bga_A_QQL.pdb: 20/35 exposed (0.57)
✅ 8bgd_A_QH0.pdb: 13/32 exposed (0.41)
✅ 8c9o_AAA_O6K.pdb: 23/43 exposed (0.54)
✅ 8bga_B_QQL.pdb: 17/35 exposed (0.49)
[15:28:25] [mem] running 6_SASA.py parent=60.4MB child_tree=105.3MB combined=165.7MB
✅ 8cac_AAA_O6K.pdb: 24/43 exposed (0.56)
✅ 8c9o_BBB_O6K.pdb: 26/43 exposed (0.60)
✅ 8cac_BBB_O6K.pdb: 26/43 exposed (0.60)
✅ 8cae_A_4WI.pdb: 11/35 exposed (0.31)
✅ 8d4m_A_K36.pdb: 12/29 exposed (0.41)
✅ 8caj_AAA_UAX.pdb: 21/43 exposed (0.49)
✅ 8d4k_A_K36.pdb: 13/29 exposed (0.45)
✅ 8dcz_A_4WI.pdb: 10/35 exposed (0.29)
✅ 8dd1_A_K36.pdb: 13/29 exposed (0.45)
✅ 8dcz_B_4WI.pdb: 10/35 exposed (0.29)
✅ 8dd9_A_B1S.pdb: 11/29 exposed (0.38)
[15:28:30] [mem] running 6_SASA.py parent=60.4MB child_tree=105.3MB combined=165.7MB
✅ 8ddm_A_K36.pdb: 13/29 exposed (0.45)
✅ 8dgb_A_B1S.pdb: 12/29 exposed (0.41)
📊 Progress: 350/522
✅ 8dsu_B_V2M.pdb: 18/34 exposed (0.53)
✅ 8dgb_B_B1S.pdb: 9/29 exposed (0.31)
✅ 8dsu_A_V2M.pdb: 20/34 exposed (0.59)
✅ 8dt9_A_V2M.pdb: 20/34 exposed (0.59)
✅ 8dt9_B_V2M.pdb: 17/34 exposed (0.50)
✅ 8dzc_A_U76.pdb: 20/44 exposed (0.46)
✅ 8dzb_A_U6Y.pdb: 20/41 exposed (0.49)
✅ 8e4w_A_V2M.pdb: 16/34 exposed (0.47)
✅ 8e4w_B_V2M.pdb: 20/34 exposed (0.59)
✅ 8ezv_A_X6O.pdb: 12/42 exposed (0.29)
[15:28:35] [mem] running 6_SASA.py parent=60.4MB child_tree=105.3MB combined=165.7MB
✅ 8e5c_A_4WI.pdb: 12/35 exposed (0.34)
✅ 8ezz_A_X70.pdb: 12/44 exposed (0.27)
✅ 8f02_A_X6T.pdb: 13/44 exposed (0.29)
✅ 8f2d_A_XA8.pdb: 12/42 exposed (0.29)
✅ 8f2c_A_X9Z.pdb: 10/41 exposed (0.24)
✅ 8ftl_A_5ZF.pdb: 13/35 exposed (0.37)
✅ 8gqt_D_QUE.pdb: 20/22 exposed (0.91)
[15:28:41] [mem] running 6_SASA.py parent=60.4MB child_tree=105.3MB combined=165.7MB
✅ 8ftl_B_5ZF.pdb: 14/35 exposed (0.40)
✅ 8okl_A_83N.pdb: 25/73 exposed (0.34)
✅ 8okl_B_83N.pdb: 26/73 exposed (0.36)
✅ 8okn_A_83W.pdb: 30/79 exposed (0.38)
✅ 8okm_B_84C.pdb: 23/76 exposed (0.30)
[15:28:46] [mem] running 6_SASA.py parent=60.4MB child_tree=105.4MB combined=165.8MB
✅ 8okm_A_84C.pdb: 24/76 exposed (0.32)
✅ 8okn_B_83W.pdb: 29/79 exposed (0.37)
✅ 8p55_A_ALD.pdb: 26/76 exposed (0.34)
📊 Progress: 375/522
✅ 8p54_A_ALD.pdb: 27/76 exposed (0.35)
✅ 8p57_A_X77.pdb: 25/66 exposed (0.38)
[15:28:52] [mem] running 6_SASA.py parent=60.4MB child_tree=105.4MB combined=165.8MB
✅ 8p58_A_X77.pdb: 27/66 exposed (0.41)
✅ 8p56_A_X77.pdb: 24/66 exposed (0.36)
✅ 8p5a_A_X77.pdb: 26/66 exposed (0.39)
✅ 8p58_B_X77.pdb: 27/66 exposed (0.41)
✅ 8p5c_A_9M5.pdb: 31/66 exposed (0.47)
[15:28:58] [mem] running 6_SASA.py parent=60.4MB child_tree=106.4MB combined=166.8MB
✅ 8p5c_B_9M5.pdb: 31/66 exposed (0.47)
✅ 8p5a_B_X77.pdb: 26/66 exposed (0.39)
✅ 8r11_A_XI0.pdb: 11/22 exposed (0.50)
✅ 8r11_B_XI0.pdb: 11/22 exposed (0.50)
✅ 8p86_A_ALD.pdb: 30/76 exposed (0.40)
✅ 8p87_A_X77.pdb: 28/66 exposed (0.42)
✅ 8r12_A_XH9.pdb: 10/25 exposed (0.40)
[15:29:03] [mem] running 6_SASA.py parent=60.4MB child_tree=106.4MB combined=166.8MB
✅ 8r12_B_XH9.pdb: 10/25 exposed (0.40)
✅ 8r14_A_XHW.pdb: 11/24 exposed (0.46)
✅ 8r14_B_XHW.pdb: 12/24 exposed (0.50)
✅ 8r16_A_XJ9.pdb: 13/22 exposed (0.59)
✅ 8r16_B_XJ9.pdb: 12/22 exposed (0.55)
✅ 8r1q_A_O6K.pdb: 23/43 exposed (0.54)
✅ 8r1q_B_O6K.pdb: 24/43 exposed (0.56)
✅ 8r26_B_O6K.pdb: 22/43 exposed (0.51)
✅ 8r26_A_O6K.pdb: 21/43 exposed (0.49)
✅ 8r26_C_O6K.pdb: 22/43 exposed (0.51)
✅ 8r26_D_O6K.pdb: 23/43 exposed (0.54)
📊 Progress: 400/522
[15:29:09] [mem] running 6_SASA.py parent=60.4MB child_tree=106.4MB combined=166.8MB
✅ 8rjv_A_A04.pdb: 18/60 exposed (0.30)
✅ 8rjy_A_A05.pdb: 25/72 exposed (0.35)
✅ 8tqh_A_JX6.pdb: 17/30 exposed (0.57)
✅ 8tqj_A_YHI.pdb: 17/31 exposed (0.55)
✅ 8tql_A_JY0.pdb: 17/32 exposed (0.53)
✅ 8tqt_A_K2X.pdb: 19/33 exposed (0.58)
✅ 8ty3_A_SJF.pdb: 20/33 exposed (0.61)
✅ 8ty4_A_SO0.pdb: 19/33 exposed (0.58)
✅ 8ty5_A_SQ3.pdb: 19/33 exposed (0.58)
✅ 8w1t_A_A06.pdb: 16/29 exposed (0.55)
[15:29:15] [mem] running 6_SASA.py parent=60.4MB child_tree=106.4MB combined=166.8MB
✅ 8und_A_X4N.pdb: 20/71 exposed (0.28)
✅ 8w1t_B_A06.pdb: 14/29 exposed (0.48)
✅ 8w1t_A_A07.pdb: 17/29 exposed (0.59)
✅ 8w1u_A_A08.pdb: 23/34 exposed (0.68)
✅ 8w1t_B_A07.pdb: 14/29 exposed (0.48)
✅ 8w1u_B_A08.pdb: 16/34 exposed (0.47)
✅ 8y42_A_A09.pdb: 14/37 exposed (0.38)
✅ 8ws3_A_X7F.pdb: 7/14 exposed (0.50)
✅ 8y42_C_A09.pdb: 13/37 exposed (0.35)
[15:29:20] [mem] running 6_SASA.py parent=60.9MB child_tree=106.4MB combined=167.3MB
✅ 8y42_D_A09.pdb: 16/37 exposed (0.43)
✅ 8y42_B_A09.pdb: 17/37 exposed (0.46)
✅ 8y44_A_A10.pdb: 16/39 exposed (0.41)
✅ 8y44_B_A10.pdb: 19/39 exposed (0.49)
✅ 8y4e_A_FHR.pdb: 17/33 exposed (0.52)
✅ 8yls_A_A11.pdb: 17/31 exposed (0.55)
📊 Progress: 425/522
✅ 8y4e_B_FHR.pdb: 18/33 exposed (0.55)
✅ 8ywy_A_FHR.pdb: 19/33 exposed (0.58)
✅ 9bbp_A_A13.pdb: 16/34 exposed (0.47)
✅ 9bbp_A_PHE.pdb: 66/187 exposed (0.35)
✅ 8zbp_A_A12.pdb: 45/68 exposed (0.66)
✅ 9bbp_A_VAL.pdb: 48/189 exposed (0.25)
✅ 9bbp_A_THR.pdb: 91/168 exposed (0.54)
[15:29:25] [mem] running 6_SASA.py parent=60.9MB child_tree=106.4MB combined=167.3MB
✅ 9cdk_A_XEK.pdb: 25/58 exposed (0.43)
✅ 9cdm_A_XEK.pdb: 22/58 exposed (0.38)
✅ 9cdl_A_XEK.pdb: 32/58 exposed (0.55)
✅ 9dtz_A_A14.pdb: 20/32 exposed (0.62)
✅ 9dtz_B_A14.pdb: 17/32 exposed (0.53)
✅ 9du2_A_A15.pdb: 20/31 exposed (0.65)
✅ 9du2_B_A15.pdb: 17/31 exposed (0.55)
✅ 9du4_A_A17.pdb: 19/31 exposed (0.61)
✅ 9du3_A_A16.pdb: 19/32 exposed (0.59)
✅ 9du4_B_A17.pdb: 19/31 exposed (0.61)
[15:29:31] [mem] running 6_SASA.py parent=60.9MB child_tree=106.4MB combined=167.3MB
✅ 9e7b_A_A18.pdb: 20/68 exposed (0.29)
✅ 9e7s_A_A18.pdb: 21/68 exposed (0.31)
✅ 9el4_A_V2M.pdb: 32/67 exposed (0.48)
✅ 9eev_A_4WI.pdb: 13/35 exposed (0.37)
✅ 9e8r_A_A18.pdb: 23/68 exposed (0.34)
✅ 9el4_B_V2M.pdb: 26/67 exposed (0.39)
[15:29:36] [mem] running 6_SASA.py parent=60.9MB child_tree=106.4MB combined=167.3MB
✅ 9elv_B_V2M.pdb: 26/67 exposed (0.39)
✅ 9elv_A_V2M.pdb: 32/67 exposed (0.48)
📊 Progress: 450/522
✅ 9g0h_A_A19.pdb: 27/67 exposed (0.40)
✅ 9gf7_A_A21.pdb: 9/31 exposed (0.29)
✅ 9gij_A_A22.pdb: 17/35 exposed (0.49)
✅ 9gil_A_A23.pdb: 20/36 exposed (0.56)
✅ 9g0i_A_A20.pdb: 21/60 exposed (0.35)
✅ 9gil_B_A23.pdb: 20/36 exposed (0.56)
✅ 9glv_A_A24.pdb: 15/40 exposed (0.38)
✅ 9glv_B_A24.pdb: 14/40 exposed (0.35)
✅ 9gmq_A_MXU.pdb: 17/36 exposed (0.47)
✅ 9gmq_B_MXU.pdb: 18/36 exposed (0.50)
[15:29:42] [mem] running 6_SASA.py parent=60.9MB child_tree=106.4MB combined=167.3MB
✅ 9h0f_A_A25.pdb: 14/32 exposed (0.44)
✅ 9h4b_A_A26.pdb: 18/45 exposed (0.40)
✅ 9h0f_B_A25.pdb: 16/32 exposed (0.50)
✅ 9haj_A_A27.pdb: 13/31 exposed (0.42)
✅ 9haj_B_A27.pdb: 13/31 exposed (0.42)
✅ 9hak_A_A28.pdb: 15/33 exposed (0.46)
✅ 9hfx_A_A29.pdb: 11/33 exposed (0.33)
✅ 9hak_B_A28.pdb: 13/33 exposed (0.39)
✅ 9hfy_B_A30.pdb: 23/44 exposed (0.52)
✅ 9hfy_A_A30.pdb: 23/44 exposed (0.52)
✅ 9hjh_A_A31.pdb: 12/31 exposed (0.39)
✅ 9ir9_A_A32.pdb: 11/31 exposed (0.35)
✅ 9hjh_B_A31.pdb: 13/31 exposed (0.42)
[15:29:47] [mem] running 6_SASA.py parent=60.9MB child_tree=106.4MB combined=167.3MB
✅ 9j19_A_MIY.pdb: 30/33 exposed (0.91)
✅ 9lll_A_A33.pdb: 29/62 exposed (0.47)
📊 Progress: 475/522
✅ 9m9r_A_4WI.pdb: 9/35 exposed (0.26)
✅ 9ma3_A_4WI.pdb: 11/35 exposed (0.31)
✅ 9ma6_A_4WI.pdb: 9/35 exposed (0.26)
✅ 9ma6_B_4WI.pdb: 12/35 exposed (0.34)
✅ 9mdq_A_A34.pdb: 18/34 exposed (0.53)
✅ 9mei_A_V2M.pdb: 31/67 exposed (0.46)
✅ 9mei_B_V2M.pdb: 29/67 exposed (0.43)
✅ 9mvm_A_A36.pdb: 12/23 exposed (0.52)
[15:29:53] [mem] running 6_SASA.py parent=60.9MB child_tree=106.4MB combined=167.3MB
✅ 9mlj_A_A35.pdb: 19/84 exposed (0.23)
✅ 9mvp_A_A39.pdb: 0/0 exposed (0.00)
✅ 9mvo_A_A37.pdb: 0/0 exposed (0.00)
✅ 9mvo_A_A38.pdb: 0/0 exposed (0.00)
✅ 9mvq_A_A40.pdb: 17/34 exposed (0.50)
✅ 9mvq_B_A40.pdb: 17/34 exposed (0.50)
✅ 9n3m_A_A41.pdb: 22/32 exposed (0.69)
✅ 9n5q_A_A18.pdb: 25/68 exposed (0.37)
[15:29:58] [mem] running 6_SASA.py parent=60.9MB child_tree=106.5MB combined=167.4MB
✅ 9n6f_A_A18.pdb: 20/68 exposed (0.29)
✅ 9n9b_A_A18.pdb: 24/68 exposed (0.35)
✅ 9nng_A_A18.pdb: 21/68 exposed (0.31)
✅ 9o6d_B_V2M.pdb: 26/62 exposed (0.42)
[15:30:03] [mem] running 6_SASA.py parent=60.9MB child_tree=106.5MB combined=167.4MB
✅ 9o6e_A_V2M.pdb: 30/62 exposed (0.48)
✅ 9o6d_A_V2M.pdb: 30/62 exposed (0.48)
✅ 9nnw_A_A35.pdb: 23/84 exposed (0.27)
✅ 9o6f_A_V2M.pdb: 28/62 exposed (0.45)
✅ 9o6e_B_V2M.pdb: 27/62 exposed (0.43)
📊 Progress: 500/522
✅ 9o6f_B_V2M.pdb: 29/62 exposed (0.47)
✅ 9o6p_A_V2M.pdb: 26/67 exposed (0.39)
✅ 9o6q_A_V2M.pdb: 30/67 exposed (0.45)
✅ 9o6p_B_V2M.pdb: 29/67 exposed (0.43)
✅ 9o74_A_V2M.pdb: 30/67 exposed (0.45)
✅ 9o6q_B_V2M.pdb: 28/67 exposed (0.42)
✅ 9o74_B_V2M.pdb: 26/67 exposed (0.39)
✅ 9opm_A_V2M.pdb: 31/67 exposed (0.46)
✅ 9opm_B_V2M.pdb: 29/67 exposed (0.43)
✅ 9opn_A_V2M.pdb: 32/67 exposed (0.48)
[15:30:09] [mem] running 6_SASA.py parent=60.9MB child_tree=106.5MB combined=167.4MB
✅ 9pfh_A_WZK.pdb: 14/31 exposed (0.45)
✅ 9opn_B_V2M.pdb: 28/67 exposed (0.42)
✅ 9q7s_A_A42.pdb: 12/36 exposed (0.33)
✅ 9pfh_B_WZK.pdb: 15/31 exposed (0.48)
✅ 9uoq_A_A44.pdb: 0/0 exposed (0.00)
[15:30:14] [mem] running 6_SASA.py parent=60.9MB child_tree=106.5MB combined=167.4MB
✅ 9whe_A_A45.pdb: 0/0 exposed (0.00)
✅ 9sdm_A_A43.pdb: 28/71 exposed (0.39)
✅ 9sdm_B_A43.pdb: 33/71 exposed (0.47)
✅ 9xym_A_A46.pdb: 13/31 exposed (0.42)
✅ 9xz6_A_A47.pdb: 10/30 exposed (0.33)
✅ 9z74_A_4WI.pdb: 20/68 exposed (0.29)
✅ 9znl_A_A48.pdb: 27/84 exposed (0.32)
🎉 WARHEAD SASA COMPLETE
[15:30:19] [mem] after 6_SASA.py parent=60.9MB delta=+0.5MB combined_peak=167.4MB child_peak=106.5MB
[15:30:19] 🚀 Running 7_metadata.py...
[15:30:19] 🐍 Pipeline Python: /app/.heroku/python/bin/python
[15:30:19] [mem] before 7_metadata.py parent=60.9MB combined=60.9MB
[15:30:19] 🧵 Worker caps for 7_metadata.py: pipeline_max=2 WARHEAD_SQCHK_MAX_WORKERS=2 WARHEAD_PDBMKR_MAX_WORKERS=2 WARHEAD_SASA_MAX_WORKERS=3 WARHEAD_METADATA_MAX_WORKERS=3 WARHEAD_MCS_MAX_WORKERS=3
[15:30:19] ⏱ No-output watchdog for 7_metadata.py: 180s
[15:30:19] [mem] running 7_metadata.py parent=60.9MB child_tree=0.4MB combined=61.3MB
📂 Using SMILES file: components-smiles-stereo-oe.smi
🧬 Loaded 49558 SMILES entries.
🔎 Sample SMILES keys: ['000', '001', '002', '003', '004', '005', '006', '007', '008', '009', '00A', '00B', '00C', '00D', '00E']
🤖 AUTO MODE: Warhead_SASA_summary.csv
📥 Loaded SASA table.
📊 Step 7 input row count: 522
🧾 Step 7 input columns: ['Target', 'pdb_id', 'Warhead', 'Residue_ID', 'Variant', 'Total_atoms', 'Exposed_atoms', 'SASA_in_complex_A2', '%Exposed', '%Buried']
🧭 5CharMAP loaded: 60 (pdb,ligX)->lig5 mappings
🧭 5CharMAP loaded: 58 (pdb,lig3)->lig5 mappings
🔗 WAR_PDB chain map built: 424 (pdb,ligX) groups
🔬 BEGIN RESOLUTION TRACE
--------------------------------------------------
Row 0
  PDB: 23lw
  Warhead (input): 7ON
  Warhead_5 (if mapped): (blank)
  SMILES lookup key: 7ON
  SMILES found? YES
--------------------------------------------------
Row 1
  PDB: 12af
  Warhead (input): A00
  Warhead_5 (if mapped): A1DA8
  SMILES lookup key: A1DA8
  SMILES found? NO
  ❌ No SMILES for lookup key in smiles_map.
--------------------------------------------------
Row 2
  PDB: 11ro
  Warhead (input): A01
  Warhead_5 (if mapped): A1DAK
  SMILES lookup key: A1DAK
  SMILES found? NO
  ❌ No SMILES for lookup key in smiles_map.
--------------------------------------------------
Row 3
  PDB: 23lx
  Warhead (input): 7ON
  Warhead_5 (if mapped): (blank)
  SMILES lookup key: 7ON
  SMILES found? YES
--------------------------------------------------
Row 4
  PDB: 23ly
  Warhead (input): 7ON
  Warhead_5 (if mapped): (blank)
  SMILES lookup key: 7ON
  SMILES found? YES
--------------------------------------------------
Row 5
  PDB: 23lw
  Warhead (input): 7ON
  Warhead_5 (if mapped): (blank)
  SMILES lookup key: 7ON
  SMILES found? YES
--------------------------------------------------
Row 6
  PDB: 23ly
  Warhead (input): 7ON
  Warhead_5 (if mapped): (blank)
  SMILES lookup key: 7ON
  SMILES found? YES
--------------------------------------------------
Row 7
  PDB: 23lz
  Warhead (input): 7ON
  Warhead_5 (if mapped): (blank)
  SMILES lookup key: 7ON
  SMILES found? YES
--------------------------------------------------
Row 8
  PDB: 23lz
  Warhead (input): 7ON
  Warhead_5 (if mapped): (blank)
  SMILES lookup key: 7ON
  SMILES found? YES
--------------------------------------------------
Row 9
  PDB: 23lz
  Warhead (input): 7ON
  Warhead_5 (if mapped): (blank)
  SMILES lookup key: 7ON
  SMILES found? YES
--------------------------------------------------
Row 10
  PDB: 23ma
  Warhead (input): 7ON
  Warhead_5 (if mapped): (blank)
  SMILES lookup key: 7ON
  SMILES found? YES
--------------------------------------------------
Row 11
  PDB: 23ma
  Warhead (input): 7ON
  Warhead_5 (if mapped): (blank)
  SMILES lookup key: 7ON
  SMILES found? YES
--------------------------------------------------
Row 12
  PDB: 23lz
  Warhead (input): 7ON
  Warhead_5 (if mapped): (blank)
  SMILES lookup key: 7ON
  SMILES found? YES
--------------------------------------------------
Row 13
  PDB: 23mb
  Warhead (input): A02
  Warhead_5 (if mapped): A1EN0
  SMILES lookup key: A1EN0
  SMILES found? NO
  ❌ No SMILES for lookup key in smiles_map.
--------------------------------------------------
Row 14
  PDB: 23mb
  Warhead (input): A02
  Warhead_5 (if mapped): A1EN0
  SMILES lookup key: A1EN0
  SMILES found? NO
  ❌ No SMILES for lookup key in smiles_map.
--------------------------------------------------
Row 15
  PDB: 23mc
  Warhead (input): 7ON
  Warhead_5 (if mapped): (blank)
  SMILES lookup key: 7ON
  SMILES found? YES
--------------------------------------------------
Row 16
  PDB: 23mc
  Warhead (input): 7ON
  Warhead_5 (if mapped): (blank)
  SMILES lookup key: 7ON
  SMILES found? YES
--------------------------------------------------
Row 17
  PDB: 23md
  Warhead (input): A02
  Warhead_5 (if mapped): A1EN0
  SMILES lookup key: A1EN0
  SMILES found? NO
  ❌ No SMILES for lookup key in smiles_map.
--------------------------------------------------
Row 18
  PDB: 23md
  Warhead (input): A02
  Warhead_5 (if mapped): A1EN0
  SMILES lookup key: A1EN0
  SMILES found? NO
  ❌ No SMILES for lookup key in smiles_map.
--------------------------------------------------
Row 19
  PDB: 23me
  Warhead (input): 7ON
  Warhead_5 (if mapped): (blank)
  SMILES lookup key: 7ON
  SMILES found? YES
--------------------------------------------------
Row 20
  PDB: 23me
  Warhead (input): 7ON
  Warhead_5 (if mapped): (blank)
  SMILES lookup key: 7ON
  SMILES found? YES
--------------------------------------------------
Row 21
  PDB: 23mf
  Warhead (input): A02
  Warhead_5 (if mapped): A1EN0
  SMILES lookup key: A1EN0
  SMILES found? NO
  ❌ No SMILES for lookup key in smiles_map.
--------------------------------------------------
Row 22
  PDB: 23mg
  Warhead (input): A02
  Warhead_5 (if mapped): A1EN0
  SMILES lookup key: A1EN0
  SMILES found? NO
  ❌ No SMILES for lookup key in smiles_map.
--------------------------------------------------
Row 23
  PDB: 23mf
  Warhead (input): A02
  Warhead_5 (if mapped): A1EN0
  SMILES lookup key: A1EN0
  SMILES found? NO
  ❌ No SMILES for lookup key in smiles_map.
--------------------------------------------------
Row 24
  PDB: 23mg
  Warhead (input): A02
  Warhead_5 (if mapped): A1EN0
  SMILES lookup key: A1EN0
  SMILES found? NO
  ❌ No SMILES for lookup key in smiles_map.
--------------------------------------------------
Row 25
  PDB: 23mh
  Warhead (input): 7ON
  Warhead_5 (if mapped): (blank)
  SMILES lookup key: 7ON
  SMILES found? YES
--------------------------------------------------
Row 26
  PDB: 23mi
  Warhead (input): A02
  Warhead_5 (if mapped): A1EN0
  SMILES lookup key: A1EN0
  SMILES found? NO
  ❌ No SMILES for lookup key in smiles_map.
--------------------------------------------------
Row 27
  PDB: 23mh
  Warhead (input): 7ON
  Warhead_5 (if mapped): (blank)
  SMILES lookup key: 7ON
  SMILES found? YES
--------------------------------------------------
Row 28
  PDB: 23mi
  Warhead (input): A02
  Warhead_5 (if mapped): A1EN0
  SMILES lookup key: A1EN0
  SMILES found? NO
  ❌ No SMILES for lookup key in smiles_map.
--------------------------------------------------
Row 29
  PDB: 23mj
  Warhead (input): 7ON
  Warhead_5 (if mapped): (blank)
  SMILES lookup key: 7ON
  SMILES found? YES
--------------------------------------------------
Row 30
  PDB: 23mk
  Warhead (input): 7ON
  Warhead_5 (if mapped): (blank)
  SMILES lookup key: 7ON
  SMILES found? YES
--------------------------------------------------
Row 31
  PDB: 23mj
  Warhead (input): 7ON
  Warhead_5 (if mapped): (blank)
  SMILES lookup key: 7ON
  SMILES found? YES
--------------------------------------------------
Row 32
  PDB: 23ml
  Warhead (input): 7ON
  Warhead_5 (if mapped): (blank)
  SMILES lookup key: 7ON
  SMILES found? YES
--------------------------------------------------
Row 33
  PDB: 6z2e
  Warhead (input): Q5T
  Warhead_5 (if mapped): (blank)
  SMILES lookup key: Q5T
  SMILES found? YES
--------------------------------------------------
Row 34
  PDB: 23ml
  Warhead (input): 7ON
  Warhead_5 (if mapped): (blank)
  SMILES lookup key: 7ON
  SMILES found? YES
--------------------------------------------------
Row 35
  PDB: 7aeh
  Warhead (input): R8H
  Warhead_5 (if mapped): (blank)
  SMILES lookup key: R8H
  SMILES found? YES
--------------------------------------------------
Row 36
  PDB: 7be7
  Warhead (input): ALD
  Warhead_5 (if mapped): (blank)
  SMILES lookup key: ALD
  SMILES found? YES
--------------------------------------------------
Row 37
  PDB: 7be7
  Warhead (input): ALD
  Warhead_5 (if mapped): (blank)
  SMILES lookup key: ALD
  SMILES found? YES
--------------------------------------------------
Row 38
  PDB: 7bfb
  Warhead (input): 9JT
  Warhead_5 (if mapped): (blank)
  SMILES lookup key: 9JT
  SMILES found? YES
--------------------------------------------------
Row 39
  PDB: 7bfb
  Warhead (input): 9JT
  Warhead_5 (if mapped): (blank)
  SMILES lookup key: 9JT
  SMILES found? YES
--------------------------------------------------
Row 40
  PDB: 7bgp
  Warhead (input): ALD
  Warhead_5 (if mapped): (blank)
  SMILES lookup key: ALD
  SMILES found? YES
--------------------------------------------------
Row 41
  PDB: 7gax
  Warhead (input): KJI
  Warhead_5 (if mapped): (blank)
  SMILES lookup key: KJI
  SMILES found? YES
--------------------------------------------------
Row 42
  PDB: 7gay
  Warhead (input): KJO
  Warhead_5 (if mapped): (blank)
  SMILES lookup key: KJO
  SMILES found? YES
--------------------------------------------------
Row 43
  PDB: 7bgp
  Warhead (input): ALD
  Warhead_5 (if mapped): (blank)
  SMILES lookup key: ALD
  SMILES found? YES
--------------------------------------------------
Row 44
  PDB: 7gaz
  Warhead (input): KL6
  Warhead_5 (if mapped): (blank)
  SMILES lookup key: KL6
  SMILES found? YES
--------------------------------------------------
Row 45
  PDB: 7gb0
  Warhead (input): KLR
  Warhead_5 (if mapped): (blank)
  SMILES lookup key: KLR
  SMILES found? YES
--------------------------------------------------
Row 46
  PDB: 7gb2
  Warhead (input): KMX
  Warhead_5 (if mapped): (blank)
  SMILES lookup key: KMX
  SMILES found? YES
--------------------------------------------------
Row 47
  PDB: 7gb1
  Warhead (input): KMF
  Warhead_5 (if mapped): (blank)
  SMILES lookup key: KMF
  SMILES found? YES
--------------------------------------------------
Row 48
  PDB: 7gb3
  Warhead (input): KNU
  Warhead_5 (if mapped): (blank)
  SMILES lookup key: KNU
  SMILES found? YES
--------------------------------------------------
Row 49
  PDB: 7gb6
  Warhead (input): KP0
  Warhead_5 (if mapped): (blank)
  SMILES lookup key: KP0
  SMILES found? YES
--------------------------------------------------
Row 50
  PDB: 7gb4
  Warhead (input): KO9
  Warhead_5 (if mapped): (blank)
  SMILES lookup key: KO9
  SMILES found? YES
--------------------------------------------------
Row 51
  PDB: 7gb5
  Warhead (input): KOI
  Warhead_5 (if mapped): (blank)
  SMILES lookup key: KOI
  SMILES found? YES
--------------------------------------------------
Row 52
  PDB: 7gb8
  Warhead (input): KQL
  Warhead_5 (if mapped): (blank)
  SMILES lookup key: KQL
  SMILES found? YES
--------------------------------------------------
Row 53
  PDB: 7gb7
  Warhead (input): KQ3
  Warhead_5 (if mapped): (blank)
  SMILES lookup key: KQ3
  SMILES found? YES
--------------------------------------------------
Row 54
  PDB: 7gb9
  Warhead (input): KQX
  Warhead_5 (if mapped): (blank)
  SMILES lookup key: KQX
  SMILES found? YES
--------------------------------------------------
Row 55
  PDB: 7gbb
  Warhead (input): KSI
  Warhead_5 (if mapped): (blank)
  SMILES lookup key: KSI
  SMILES found? YES
--------------------------------------------------
Row 56
  PDB: 7gba
  Warhead (input): KS0
  Warhead_5 (if mapped): (blank)
  SMILES lookup key: KS0
  SMILES found? YES
--------------------------------------------------
Row 57
  PDB: 7gbd
  Warhead (input): KT9
  Warhead_5 (if mapped): (blank)
  SMILES lookup key: KT9
  SMILES found? YES
--------------------------------------------------
Row 58
  PDB: 7gbc
  Warhead (input): KSX
  Warhead_5 (if mapped): (blank)
  SMILES lookup key: KSX
  SMILES found? YES
--------------------------------------------------
Row 59
  PDB: 7gbe
  Warhead (input): KU6
  Warhead_5 (if mapped): (blank)
  SMILES lookup key: KU6
  SMILES found? YES
--------------------------------------------------
Row 60
  PDB: 7gbf
  Warhead (input): KUU
  Warhead_5 (if mapped): (blank)
  SMILES lookup key: KUU
  SMILES found? YES
--------------------------------------------------
Row 61
  PDB: 7gbg
  Warhead (input): KVF
  Warhead_5 (if mapped): (blank)
  SMILES lookup key: KVF
  SMILES found? YES
--------------------------------------------------
Row 62
  PDB: 7gbi
  Warhead (input): KVX
  Warhead_5 (if mapped): (blank)
  SMILES lookup key: KVX
  SMILES found? YES
--------------------------------------------------
Row 63
  PDB: 7gbh
  Warhead (input): KVO
  Warhead_5 (if mapped): (blank)
  SMILES lookup key: KVO
  SMILES found? YES
--------------------------------------------------
Row 64
  PDB: 7gbj
  Warhead (input): KW9
  Warhead_5 (if mapped): (blank)
  SMILES lookup key: KW9
  SMILES found? YES
--------------------------------------------------
Row 65
  PDB: 7gbl
  Warhead (input): KWR
  Warhead_5 (if mapped): (blank)
  SMILES lookup key: KWR
  SMILES found? YES
--------------------------------------------------
Row 66
  PDB: 7gbm
  Warhead (input): KX9
  Warhead_5 (if mapped): (blank)
  SMILES lookup key: KX9
  SMILES found? YES
--------------------------------------------------
Row 67
  PDB: 7gbk
  Warhead (input): KXF
  Warhead_5 (if mapped): (blank)
  SMILES lookup key: KXF
  SMILES found? YES
--------------------------------------------------
Row 68
  PDB: 7gbn
  Warhead (input): KXR
  Warhead_5 (if mapped): (blank)
  SMILES lookup key: KXR
  SMILES found? YES
--------------------------------------------------
Row 69
  PDB: 7gbp
  Warhead (input): KYC
  Warhead_5 (if mapped): (blank)
  SMILES lookup key: KYC
  SMILES found? YES
--------------------------------------------------
Row 70
  PDB: 7gbq
  Warhead (input): KYU
  Warhead_5 (if mapped): (blank)
  SMILES lookup key: KYU
  SMILES found? YES
--------------------------------------------------
Row 71
  PDB: 7gbo
  Warhead (input): KY0
  Warhead_5 (if mapped): (blank)
  SMILES lookup key: KY0
  SMILES found? YES
--------------------------------------------------
Row 72
  PDB: 7gbr
  Warhead (input): KZC
  Warhead_5 (if mapped): (blank)
  SMILES lookup key: KZC
  SMILES found? YES
--------------------------------------------------
Row 73
  PDB: 7gbt
  Warhead (input): L1F
  Warhead_5 (if mapped): (blank)
  SMILES lookup key: L1F
  SMILES found? YES
--------------------------------------------------
Row 74
  PDB: 7gbs
  Warhead (input): KZX
  Warhead_5 (if mapped): (blank)
  SMILES lookup key: KZX
  SMILES found? YES
--------------------------------------------------
Row 75
  PDB: 7gbu
  Warhead (input): L2I
  Warhead_5 (if mapped): (blank)
  SMILES lookup key: L2I
  SMILES found? YES
--------------------------------------------------
Row 76
  PDB: 7gbv
  Warhead (input): L3I
  Warhead_5 (if mapped): (blank)
  SMILES lookup key: L3I
  SMILES found? YES
--------------------------------------------------
Row 77
  PDB: 7gbw
  Warhead (input): L6R
  Warhead_5 (if mapped): (blank)
  SMILES lookup key: L6R
  SMILES found? YES
--------------------------------------------------
Row 78
  PDB: 7gbx
  Warhead (input): L6D
  Warhead_5 (if mapped): (blank)
  SMILES lookup key: L6D
  SMILES found? YES
--------------------------------------------------
Row 79
  PDB: 7gby
  Warhead (input): L5I
  Warhead_5 (if mapped): (blank)
  SMILES lookup key: L5I
  SMILES found? YES
--------------------------------------------------
Row 80
  PDB: 7gc0
  Warhead (input): L4N
  Warhead_5 (if mapped): (blank)
  SMILES lookup key: L4N
  SMILES found? YES
--------------------------------------------------
Row 81
  PDB: 7gbz
  Warhead (input): L4U
  Warhead_5 (if mapped): (blank)
  SMILES lookup key: L4U
  SMILES found? YES
--------------------------------------------------
Row 82
  PDB: 7gc1
  Warhead (input): L7F
  Warhead_5 (if mapped): (blank)
  SMILES lookup key: L7F
  SMILES found? YES
--------------------------------------------------
Row 83
  PDB: 7gc3
  Warhead (input): L7V
  Warhead_5 (if mapped): (blank)
  SMILES lookup key: L7V
  SMILES found? YES
--------------------------------------------------
Row 84
  PDB: 7gc2
  Warhead (input): L7Q
  Warhead_5 (if mapped): (blank)
  SMILES lookup key: L7Q
  SMILES found? YES
--------------------------------------------------
Row 85
  PDB: 7gc4
  Warhead (input): L83
  Warhead_5 (if mapped): (blank)
  SMILES lookup key: L83
  SMILES found? YES
--------------------------------------------------
Row 86
  PDB: 7gc6
  Warhead (input): L8O
  Warhead_5 (if mapped): (blank)
  SMILES lookup key: L8O
  SMILES found? YES
--------------------------------------------------
Row 87
  PDB: 7gc5
  Warhead (input): L8F
  Warhead_5 (if mapped): (blank)
  SMILES lookup key: L8F
  SMILES found? YES
--------------------------------------------------
Row 88
  PDB: 7gc7
  Warhead (input): L93
  Warhead_5 (if mapped): (blank)
  SMILES lookup key: L93
  SMILES found? YES
--------------------------------------------------
Row 89
  PDB: 7gc9
  Warhead (input): L9O
  Warhead_5 (if mapped): (blank)
  SMILES lookup key: L9O
  SMILES found? YES
--------------------------------------------------
Row 90
  PDB: 7gc8
  Warhead (input): L9F
  Warhead_5 (if mapped): (blank)
  SMILES lookup key: L9F
  SMILES found? YES
--------------------------------------------------
Row 91
  PDB: 7gca
  Warhead (input): LB0
  Warhead_5 (if mapped): (blank)
  SMILES lookup key: LB0
  SMILES found? YES
--------------------------------------------------
Row 92
  PDB: 7gcb
  Warhead (input): LBC
  Warhead_5 (if mapped): (blank)
  SMILES lookup key: LBC
  SMILES found? YES
--------------------------------------------------
Row 93
  PDB: 7gcc
  Warhead (input): LBO
  Warhead_5 (if mapped): (blank)
  SMILES lookup key: LBO
  SMILES found? YES
--------------------------------------------------
Row 94
  PDB: 7gcd
  Warhead (input): LCU
  Warhead_5 (if mapped): (blank)
  SMILES lookup key: LCU
  SMILES found? YES
--------------------------------------------------
Row 95
  PDB: 7gce
  Warhead (input): LDX
  Warhead_5 (if mapped): (blank)
  SMILES lookup key: LDX
  SMILES found? YES
--------------------------------------------------
Row 96
  PDB: 7gcf
  Warhead (input): LKX
  Warhead_5 (if mapped): (blank)
  SMILES lookup key: LKX
  SMILES found? YES
--------------------------------------------------
Row 97
  PDB: 7gcg
  Warhead (input): LKI
  Warhead_5 (if mapped): (blank)
  SMILES lookup key: LKI
  SMILES found? YES
--------------------------------------------------
Row 98
  PDB: 7gci
  Warhead (input): LJO
  Warhead_5 (if mapped): (blank)
  SMILES lookup key: LJO
  SMILES found? YES
--------------------------------------------------
Row 99
  PDB: 7gck
  Warhead (input): LF3
  Warhead_5 (if mapped): (blank)
  SMILES lookup key: LF3
  SMILES found? YES
--------------------------------------------------
Row 100
  PDB: 7gcj
  Warhead (input): LJ0
  Warhead_5 (if mapped): (blank)
  SMILES lookup key: LJ0
  SMILES found? YES
--------------------------------------------------
Row 101
  PDB: 7gcn
  Warhead (input): LQ0
  Warhead_5 (if mapped): (blank)
  SMILES lookup key: LQ0
  SMILES found? YES
--------------------------------------------------
Row 102
  PDB: 7gcl
  Warhead (input): LR0
  Warhead_5 (if mapped): (blank)
  SMILES lookup key: LR0
  SMILES found? YES
--------------------------------------------------
Row 103
  PDB: 7gcm
  Warhead (input): LQU
  Warhead_5 (if mapped): (blank)
  SMILES lookup key: LQU
  SMILES found? YES
--------------------------------------------------
Row 104
  PDB: 7gco
  Warhead (input): LO0
  Warhead_5 (if mapped): (blank)
  SMILES lookup key: LO0
  SMILES found? YES
--------------------------------------------------
Row 105
  PDB: 7gcr
  Warhead (input): LRN
  Warhead_5 (if mapped): (blank)
  SMILES lookup key: LRN
  SMILES found? YES
--------------------------------------------------
Row 106
  PDB: 7gcp
  Warhead (input): LM0
  Warhead_5 (if mapped): (blank)
  SMILES lookup key: LM0
  SMILES found? YES
--------------------------------------------------
Row 107
  PDB: 7gcq
  Warhead (input): LRC
  Warhead_5 (if mapped): (blank)
  SMILES lookup key: LRC
  SMILES found? YES
--------------------------------------------------
Row 108
  PDB: 7gcs
  Warhead (input): LS0
  Warhead_5 (if mapped): (blank)
  SMILES lookup key: LS0
  SMILES found? YES
--------------------------------------------------
Row 109
  PDB: 7gct
  Warhead (input): LSF
  Warhead_5 (if mapped): (blank)
  SMILES lookup key: LSF
  SMILES found? YES
--------------------------------------------------
Row 110
  PDB: 7gcu
  Warhead (input): LT9
  Warhead_5 (if mapped): (blank)
  SMILES lookup key: LT9
  SMILES found? YES
--------------------------------------------------
Row 111
  PDB: 7gcv
  Warhead (input): LUC
  Warhead_5 (if mapped): (blank)
  SMILES lookup key: LUC
  SMILES found? YES
--------------------------------------------------
Row 112
  PDB: 7gcw
  Warhead (input): LV9
  Warhead_5 (if mapped): (blank)
  SMILES lookup key: LV9
  SMILES found? YES
--------------------------------------------------
Row 113
  PDB: 7gcx
  Warhead (input): LVM
  Warhead_5 (if mapped): (blank)
  SMILES lookup key: LVM
  SMILES found? YES
--------------------------------------------------
Row 114
  PDB: 7gcy
  Warhead (input): LW6
  Warhead_5 (if mapped): (blank)
  SMILES lookup key: LW6
  SMILES found? YES
--------------------------------------------------
Row 115
  PDB: 7gd0
  Warhead (input): M4L
  Warhead_5 (if mapped): (blank)
  SMILES lookup key: M4L
  SMILES found? YES
--------------------------------------------------
Row 116
  PDB: 7gd1
  Warhead (input): M2X
  Warhead_5 (if mapped): (blank)
  SMILES lookup key: M2X
  SMILES found? YES
--------------------------------------------------
Row 117
  PDB: 7gcz
  Warhead (input): LWO
  Warhead_5 (if mapped): (blank)
  SMILES lookup key: LWO
  SMILES found? YES
--------------------------------------------------
Row 118
  PDB: 7gd2
  Warhead (input): M26
  Warhead_5 (if mapped): (blank)
  SMILES lookup key: M26
  SMILES found? YES
--------------------------------------------------
Row 119
  PDB: 7gd4
  Warhead (input): R30
  Warhead_5 (if mapped): (blank)
  SMILES lookup key: R30
  SMILES found? YES
--------------------------------------------------
Row 120
  PDB: 7gd3
  Warhead (input): Y6J
  Warhead_5 (if mapped): (blank)
  SMILES lookup key: Y6J
  SMILES found? YES
--------------------------------------------------
Row 121
  PDB: 7gd5
  Warhead (input): M0X
  Warhead_5 (if mapped): (blank)
  SMILES lookup key: M0X
  SMILES found? YES
--------------------------------------------------
Row 122
  PDB: 7gd6
  Warhead (input): M0G
  Warhead_5 (if mapped): (blank)
  SMILES lookup key: M0G
  SMILES found? YES
--------------------------------------------------
Row 123
  PDB: 7gd8
  Warhead (input): KU6
  Warhead_5 (if mapped): (blank)
  SMILES lookup key: KU6
  SMILES found? YES
--------------------------------------------------
Row 124
  PDB: 7gd7
  Warhead (input): LZX
  Warhead_5 (if mapped): (blank)
  SMILES lookup key: LZX
  SMILES found? YES
--------------------------------------------------
Row 125
  PDB: 7gd9
  Warhead (input): LXF
  Warhead_5 (if mapped): (blank)
  SMILES lookup key: LXF
  SMILES found? YES
--------------------------------------------------
Row 126
  PDB: 7gdb
  Warhead (input): M9U
  Warhead_5 (if mapped): (blank)
  SMILES lookup key: M9U
  SMILES found? YES
--------------------------------------------------
Row 127
  PDB: 7gda
  Warhead (input): MF0
  Warhead_5 (if mapped): (blank)
  SMILES lookup key: MF0
  SMILES found? YES
--------------------------------------------------
Row 128
  PDB: 7gdc
  Warhead (input): M93
  Warhead_5 (if mapped): (blank)
  SMILES lookup key: M93
  SMILES found? YES
--------------------------------------------------
Row 129
  PDB: 7gdd
  Warhead (input): 860
  Warhead_5 (if mapped): (blank)
  SMILES lookup key: 860
  SMILES found? YES
--------------------------------------------------
Row 130
  PDB: 7gde
  Warhead (input): M7X
  Warhead_5 (if mapped): (blank)
  SMILES lookup key: M7X
  SMILES found? YES
--------------------------------------------------
Row 131
  PDB: 7gdh
  Warhead (input): M5X
  Warhead_5 (if mapped): (blank)
  SMILES lookup key: M5X
  SMILES found? YES
--------------------------------------------------
Row 132
  PDB: 7gdf
  Warhead (input): M6U
  Warhead_5 (if mapped): (blank)
  SMILES lookup key: M6U
  SMILES found? YES
--------------------------------------------------
Row 133
  PDB: 7gdg
  Warhead (input): M6I
  Warhead_5 (if mapped): (blank)
  SMILES lookup key: M6I
  SMILES found? YES
--------------------------------------------------
Row 134
  PDB: 7gdi
  Warhead (input): M5I
  Warhead_5 (if mapped): (blank)
  SMILES lookup key: M5I
  SMILES found? YES
--------------------------------------------------
Row 135
  PDB: 7gdj
  Warhead (input): M50
  Warhead_5 (if mapped): (blank)
  SMILES lookup key: M50
  SMILES found? YES
--------------------------------------------------
Row 136
  PDB: 7gdk
  Warhead (input): MJR
  Warhead_5 (if mapped): (blank)
  SMILES lookup key: MJR
  SMILES found? YES
--------------------------------------------------
Row 137
  PDB: 7gdl
  Warhead (input): MKI
  Warhead_5 (if mapped): (blank)
  SMILES lookup key: MKI
  SMILES found? YES
--------------------------------------------------
Row 138
  PDB: 7gdo
  Warhead (input): MVR
  Warhead_5 (if mapped): (blank)
  SMILES lookup key: MVR
  SMILES found? YES
--------------------------------------------------
Row 139
  PDB: 7gdm
  Warhead (input): MQ3
  Warhead_5 (if mapped): (blank)
  SMILES lookup key: MQ3
  SMILES found? YES
--------------------------------------------------
Row 140
  PDB: 7gdn
  Warhead (input): MU3
  Warhead_5 (if mapped): (blank)
  SMILES lookup key: MU3
  SMILES found? YES
--------------------------------------------------
Row 141
  PDB: 7gdp
  Warhead (input): MVX
  Warhead_5 (if mapped): (blank)
  SMILES lookup key: MVX
  SMILES found? YES
--------------------------------------------------
Row 142
  PDB: 7gds
  Warhead (input): MZF
  Warhead_5 (if mapped): (blank)
  SMILES lookup key: MZF
  SMILES found? YES
--------------------------------------------------
Row 143
  PDB: 7gdq
  Warhead (input): MWN
  Warhead_5 (if mapped): (blank)
  SMILES lookup key: MWN
  SMILES found? YES
--------------------------------------------------
Row 144
  PDB: 7gdt
  Warhead (input): N00
  Warhead_5 (if mapped): (blank)
  SMILES lookup key: N00
  SMILES found? YES
--------------------------------------------------
Row 145
  PDB: 7gdr
  Warhead (input): MX9
  Warhead_5 (if mapped): (blank)
  SMILES lookup key: MX9
  SMILES found? YES
--------------------------------------------------
Row 146
  PDB: 7gdu
  Warhead (input): N0F
  Warhead_5 (if mapped): (blank)
  SMILES lookup key: N0F
  SMILES found? YES
--------------------------------------------------
Row 147
  PDB: 7gdv
  Warhead (input): N0O
  Warhead_5 (if mapped): (blank)
  SMILES lookup key: N0O
  SMILES found? YES
--------------------------------------------------
Row 148
  PDB: 7gdw
  Warhead (input): N0X
  Warhead_5 (if mapped): (blank)
  SMILES lookup key: N0X
  SMILES found? YES
--------------------------------------------------
Row 149
  PDB: 7gdx
  Warhead (input): N1U
  Warhead_5 (if mapped): (blank)
  SMILES lookup key: N1U
  SMILES found? YES
--------------------------------------------------
Row 150
  PDB: 7gdy
  Warhead (input): N2X
  Warhead_5 (if mapped): (blank)
  SMILES lookup key: N2X
  SMILES found? YES
--------------------------------------------------
Row 151
  PDB: 7ge0
  Warhead (input): N3R
  Warhead_5 (if mapped): (blank)
  SMILES lookup key: N3R
  SMILES found? YES
--------------------------------------------------
Row 152
  PDB: 7gdz
  Warhead (input): N3I
  Warhead_5 (if mapped): (blank)
  SMILES lookup key: N3I
  SMILES found? YES
--------------------------------------------------
Row 153
  PDB: 7ge2
  Warhead (input): N4L
  Warhead_5 (if mapped): (blank)
  SMILES lookup key: N4L
  SMILES found? YES
--------------------------------------------------
Row 154
  PDB: 7ge3
  Warhead (input): N5L
  Warhead_5 (if mapped): (blank)
  SMILES lookup key: N5L
  SMILES found? YES
--------------------------------------------------
Row 155
  PDB: 7ge1
  Warhead (input): N43
  Warhead_5 (if mapped): (blank)
  SMILES lookup key: N43
  SMILES found? YES
--------------------------------------------------
Row 156
  PDB: 7ge4
  Warhead (input): N6X
  Warhead_5 (if mapped): (blank)
  SMILES lookup key: N6X
  SMILES found? YES
--------------------------------------------------
Row 157
  PDB: 7ge7
  Warhead (input): N9I
  Warhead_5 (if mapped): (blank)
  SMILES lookup key: N9I
  SMILES found? YES
--------------------------------------------------
Row 158
  PDB: 7ge6
  Warhead (input): N8X
  Warhead_5 (if mapped): (blank)
  SMILES lookup key: N8X
  SMILES found? YES
--------------------------------------------------
Row 159
  PDB: 7ge5
  Warhead (input): N7L
  Warhead_5 (if mapped): (blank)
  SMILES lookup key: N7L
  SMILES found? YES
--------------------------------------------------
Row 160
  PDB: 7ge8
  Warhead (input): NB0
  Warhead_5 (if mapped): (blank)
  SMILES lookup key: NB0
  SMILES found? YES
--------------------------------------------------
Row 161
  PDB: 7gea
  Warhead (input): N6F
  Warhead_5 (if mapped): (blank)
  SMILES lookup key: N6F
  SMILES found? YES
--------------------------------------------------
Row 162
  PDB: 7ge9
  Warhead (input): NB6
  Warhead_5 (if mapped): (blank)
  SMILES lookup key: NB6
  SMILES found? YES
--------------------------------------------------
Row 163
  PDB: 7geb
  Warhead (input): NDI
  Warhead_5 (if mapped): (blank)
  SMILES lookup key: NDI
  SMILES found? YES
--------------------------------------------------
Row 164
  PDB: 7gec
  Warhead (input): NEL
  Warhead_5 (if mapped): (blank)
  SMILES lookup key: NEL
  SMILES found? YES
--------------------------------------------------
Row 165
  PDB: 7ged
  Warhead (input): NGX
  Warhead_5 (if mapped): (blank)
  SMILES lookup key: NGX
  SMILES found? YES
--------------------------------------------------
Row 166
  PDB: 7gef
  Warhead (input): NJE
  Warhead_5 (if mapped): (blank)
  SMILES lookup key: NJE
  SMILES found? YES
--------------------------------------------------
Row 167
  PDB: 7gee
  Warhead (input): NIJ
  Warhead_5 (if mapped): (blank)
  SMILES lookup key: NIJ
  SMILES found? YES
--------------------------------------------------
Row 168
  PDB: 7geg
  Warhead (input): NJU
  Warhead_5 (if mapped): (blank)
  SMILES lookup key: NJU
  SMILES found? YES
--------------------------------------------------
Row 169
  PDB: 7gej
  Warhead (input): NO0
  Warhead_5 (if mapped): (blank)
  SMILES lookup key: NO0
  SMILES found? YES
--------------------------------------------------
Row 170
  PDB: 7gei
  Warhead (input): NM0
  Warhead_5 (if mapped): (blank)
  SMILES lookup key: NM0
  SMILES found? YES
--------------------------------------------------
Row 171
  PDB: 7geh
  Warhead (input): NKU
  Warhead_5 (if mapped): (blank)
  SMILES lookup key: NKU
  SMILES found? YES
--------------------------------------------------
Row 172
  PDB: 7gek
  Warhead (input): NOI
  Warhead_5 (if mapped): (blank)
  SMILES lookup key: NOI
  SMILES found? YES
--------------------------------------------------
Row 173
  PDB: 7gel
  Warhead (input): NQ3
  Warhead_5 (if mapped): (blank)
  SMILES lookup key: NQ3
  SMILES found? YES
--------------------------------------------------
Row 174
  PDB: 7gem
  Warhead (input): NQO
  Warhead_5 (if mapped): (blank)
  SMILES lookup key: NQO
  SMILES found? YES
--------------------------------------------------
Row 175
  PDB: 7gen
  Warhead (input): NRC
  Warhead_5 (if mapped): (blank)
  SMILES lookup key: NRC
  SMILES found? YES
--------------------------------------------------
Row 176
  PDB: 7ger
  Warhead (input): NU0
  Warhead_5 (if mapped): (blank)
  SMILES lookup key: NU0
  SMILES found? YES
--------------------------------------------------
Row 177
  PDB: 7geo
  Warhead (input): NRX
  Warhead_5 (if mapped): (blank)
  SMILES lookup key: NRX
  SMILES found? YES
--------------------------------------------------
Row 178
  PDB: 7geq
  Warhead (input): NSR
  Warhead_5 (if mapped): (blank)
  SMILES lookup key: NSR
  SMILES found? YES
--------------------------------------------------
Row 179
  PDB: 7ges
  Warhead (input): NUR
  Warhead_5 (if mapped): (blank)
  SMILES lookup key: NUR
  SMILES found? YES
--------------------------------------------------
Row 180
  PDB: 7get
  Warhead (input): NV9
  Warhead_5 (if mapped): (blank)
  SMILES lookup key: NV9
  SMILES found? YES
--------------------------------------------------
Row 181
  PDB: 7gev
  Warhead (input): NW0
  Warhead_5 (if mapped): (blank)
  SMILES lookup key: NW0
  SMILES found? YES
--------------------------------------------------
Row 182
  PDB: 7geu
  Warhead (input): NVO
  Warhead_5 (if mapped): (blank)
  SMILES lookup key: NVO
  SMILES found? YES
--------------------------------------------------
Row 183
  PDB: 7gey
  Warhead (input): NYR
  Warhead_5 (if mapped): (blank)
  SMILES lookup key: NYR
  SMILES found? YES
--------------------------------------------------
Row 184
  PDB: 7gex
  Warhead (input): NX9
  Warhead_5 (if mapped): (blank)
  SMILES lookup key: NX9
  SMILES found? YES
--------------------------------------------------
Row 185
  PDB: 7gew
  Warhead (input): NWI
  Warhead_5 (if mapped): (blank)
  SMILES lookup key: NWI
  SMILES found? YES
--------------------------------------------------
Row 186
  PDB: 7gf1
  Warhead (input): O0R
  Warhead_5 (if mapped): (blank)
  SMILES lookup key: O0R
  SMILES found? YES
--------------------------------------------------
Row 187
  PDB: 7gez
  Warhead (input): NZK
  Warhead_5 (if mapped): (blank)
  SMILES lookup key: NZK
  SMILES found? YES
--------------------------------------------------
Row 188
  PDB: 7gf3
  Warhead (input): O1I
  Warhead_5 (if mapped): (blank)
  SMILES lookup key: O1I
  SMILES found? YES
--------------------------------------------------
Row 189
  PDB: 7gf0
  Warhead (input): O0C
  Warhead_5 (if mapped): (blank)
  SMILES lookup key: O0C
  SMILES found? YES
--------------------------------------------------
Row 190
  PDB: 7gf2
  Warhead (input): O0X
  Warhead_5 (if mapped): (blank)
  SMILES lookup key: O0X
  SMILES found? YES
--------------------------------------------------
Row 191
  PDB: 7gf6
  Warhead (input): O3I
  Warhead_5 (if mapped): (blank)
  SMILES lookup key: O3I
  SMILES found? YES
--------------------------------------------------
Row 192
  PDB: 7gf4
  Warhead (input): O1X
  Warhead_5 (if mapped): (blank)
  SMILES lookup key: O1X
  SMILES found? YES
--------------------------------------------------
Row 193
  PDB: 7gf5
  Warhead (input): O2R
  Warhead_5 (if mapped): (blank)
  SMILES lookup key: O2R
  SMILES found? YES
--------------------------------------------------
Row 194
  PDB: 7gf8
  Warhead (input): O4L
  Warhead_5 (if mapped): (blank)
  SMILES lookup key: O4L
  SMILES found? YES
--------------------------------------------------
Row 195
  PDB: 7gf7
  Warhead (input): O3U
  Warhead_5 (if mapped): (blank)
  SMILES lookup key: O3U
  SMILES found? YES
--------------------------------------------------
Row 196
  PDB: 7gf9
  Warhead (input): O5C
  Warhead_5 (if mapped): (blank)
  SMILES lookup key: O5C
  SMILES found? YES
--------------------------------------------------
Row 197
  PDB: 7gfa
  Warhead (input): Z26
  Warhead_5 (if mapped): (blank)
  SMILES lookup key: Z26
  SMILES found? YES
--------------------------------------------------
Row 198
  PDB: 7gfb
  Warhead (input): NSR
  Warhead_5 (if mapped): (blank)
  SMILES lookup key: NSR
  SMILES found? YES
--------------------------------------------------
Row 199
  PDB: 7gfc
  Warhead (input): O87
  Warhead_5 (if mapped): (blank)
  SMILES lookup key: O87
  SMILES found? YES
--------------------------------------------------
Row 200
  PDB: 7gfe
  Warhead (input): O9O
  Warhead_5 (if mapped): (blank)
  SMILES lookup key: O9O
  SMILES found? YES
--------------------------------------------------
Row 201
  PDB: 7gfd
  Warhead (input): O8L
  Warhead_5 (if mapped): (blank)
  SMILES lookup key: O8L
  SMILES found? YES
--------------------------------------------------
Row 202
  PDB: 7gff
  Warhead (input): O9X
  Warhead_5 (if mapped): (blank)
  SMILES lookup key: O9X
  SMILES found? YES
--------------------------------------------------
Row 203
  PDB: 7gfg
  Warhead (input): OAO
  Warhead_5 (if mapped): (blank)
  SMILES lookup key: OAO
  SMILES found? YES
--------------------------------------------------
Row 204
  PDB: 7gfh
  Warhead (input): OBO
  Warhead_5 (if mapped): (blank)
  SMILES lookup key: OBO
  SMILES found? YES
--------------------------------------------------
Row 205
  PDB: 7gfi
  Warhead (input): OCI
  Warhead_5 (if mapped): (blank)
  SMILES lookup key: OCI
  SMILES found? YES
--------------------------------------------------
Row 206
  PDB: 7gfj
  Warhead (input): OD7
  Warhead_5 (if mapped): (blank)
  SMILES lookup key: OD7
  SMILES found? YES
--------------------------------------------------
Row 207
  PDB: 7gfk
  Warhead (input): ODX
  Warhead_5 (if mapped): (blank)
  SMILES lookup key: ODX
  SMILES found? YES
--------------------------------------------------
Row 208
  PDB: 7gfl
  Warhead (input): OE6
  Warhead_5 (if mapped): (blank)
  SMILES lookup key: OE6
  SMILES found? YES
--------------------------------------------------
Row 209
  PDB: 7gfm
  Warhead (input): OEO
  Warhead_5 (if mapped): (blank)
  SMILES lookup key: OEO
  SMILES found? YES
--------------------------------------------------
Row 210
  PDB: 7gfn
  Warhead (input): OFX
  Warhead_5 (if mapped): (blank)
  SMILES lookup key: OFX
  SMILES found? YES
--------------------------------------------------
Row 211
  PDB: 7gfo
  Warhead (input): OGF
  Warhead_5 (if mapped): (blank)
  SMILES lookup key: OGF
  SMILES found? YES
--------------------------------------------------
Row 212
  PDB: 7gfp
  Warhead (input): OHC
  Warhead_5 (if mapped): (blank)
  SMILES lookup key: OHC
  SMILES found? YES
--------------------------------------------------
Row 213
  PDB: 7gfq
  Warhead (input): OI4
  Warhead_5 (if mapped): (blank)
  SMILES lookup key: OI4
  SMILES found? YES
--------------------------------------------------
Row 214
  PDB: 7gfs
  Warhead (input): OIK
  Warhead_5 (if mapped): (blank)
  SMILES lookup key: OIK
  SMILES found? YES
--------------------------------------------------
Row 215
  PDB: 7gfr
  Warhead (input): OIE
  Warhead_5 (if mapped): (blank)
  SMILES lookup key: OIE
  SMILES found? YES
--------------------------------------------------
Row 216
  PDB: 7gft
  Warhead (input): OIX
  Warhead_5 (if mapped): (blank)
  SMILES lookup key: OIX
  SMILES found? YES
--------------------------------------------------
Row 217
  PDB: 7gfu
  Warhead (input): OJ9
  Warhead_5 (if mapped): (blank)
  SMILES lookup key: OJ9
  SMILES found? YES
--------------------------------------------------
Row 218
  PDB: 7gfw
  Warhead (input): OK9
  Warhead_5 (if mapped): (blank)
  SMILES lookup key: OK9
  SMILES found? YES
--------------------------------------------------
Row 219
  PDB: 7gfv
  Warhead (input): OJO
  Warhead_5 (if mapped): (blank)
  SMILES lookup key: OJO
  SMILES found? YES
--------------------------------------------------
Row 220
  PDB: 7gfy
  Warhead (input): OLX
  Warhead_5 (if mapped): (blank)
  SMILES lookup key: OLX
  SMILES found? YES
--------------------------------------------------
Row 221
  PDB: 7gfx
  Warhead (input): OKW
  Warhead_5 (if mapped): (blank)
  SMILES lookup key: OKW
  SMILES found? YES
--------------------------------------------------
Row 222
  PDB: 7gfz
  Warhead (input): ONU
  Warhead_5 (if mapped): (blank)
  SMILES lookup key: ONU
  SMILES found? YES
--------------------------------------------------
Row 223
  PDB: 7gg0
  Warhead (input): OGV
  Warhead_5 (if mapped): (blank)
  SMILES lookup key: OGV
  SMILES found? YES
--------------------------------------------------
Row 224
  PDB: 7gg1
  Warhead (input): OGO
  Warhead_5 (if mapped): (blank)
  SMILES lookup key: OGO
  SMILES found? YES
--------------------------------------------------
Row 225
  PDB: 7gg2
  Warhead (input): OO6
  Warhead_5 (if mapped): (blank)
  SMILES lookup key: OO6
  SMILES found? YES
--------------------------------------------------
Row 226
  PDB: 7gg4
  Warhead (input): OPU
  Warhead_5 (if mapped): (blank)
  SMILES lookup key: OPU
  SMILES found? YES
--------------------------------------------------
Row 227
  PDB: 7gg3
  Warhead (input): OOL
  Warhead_5 (if mapped): (blank)
  SMILES lookup key: OOL
  SMILES found? YES
--------------------------------------------------
Row 228
  PDB: 7gg5
  Warhead (input): OQF
  Warhead_5 (if mapped): (blank)
  SMILES lookup key: OQF
  SMILES found? YES
--------------------------------------------------
Row 229
  PDB: 7gg6
  Warhead (input): OQL
  Warhead_5 (if mapped): (blank)
  SMILES lookup key: OQL
  SMILES found? YES
--------------------------------------------------
Row 230
  PDB: 7gg7
  Warhead (input): OQX
  Warhead_5 (if mapped): (blank)
  SMILES lookup key: OQX
  SMILES found? YES
--------------------------------------------------
Row 231
  PDB: 7gg8
  Warhead (input): ORR
  Warhead_5 (if mapped): (blank)
  SMILES lookup key: ORR
  SMILES found? YES
--------------------------------------------------
Row 232
  PDB: 7gg9
  Warhead (input): SQ2
  Warhead_5 (if mapped): (blank)
  SMILES lookup key: SQ2
  SMILES found? YES
--------------------------------------------------
Row 233
  PDB: 7gga
  Warhead (input): OSI
  Warhead_5 (if mapped): (blank)
  SMILES lookup key: OSI
  SMILES found? YES
--------------------------------------------------
Row 234
  PDB: 7ggc
  Warhead (input): OTV
  Warhead_5 (if mapped): (blank)
  SMILES lookup key: OTV
  SMILES found? YES
--------------------------------------------------
Row 235
  PDB: 7gge
  Warhead (input): OV4
  Warhead_5 (if mapped): (blank)
  SMILES lookup key: OV4
  SMILES found? YES
--------------------------------------------------
Row 236
  PDB: 7ggd
  Warhead (input): OUF
  Warhead_5 (if mapped): (blank)
  SMILES lookup key: OUF
  SMILES found? YES
--------------------------------------------------
Row 237
  PDB: 7ggf
  Warhead (input): OVF
  Warhead_5 (if mapped): (blank)
  SMILES lookup key: OVF
  SMILES found? YES
--------------------------------------------------
Row 238
  PDB: 7ggb
  Warhead (input): OT6
  Warhead_5 (if mapped): (blank)
  SMILES lookup key: OT6
  SMILES found? YES
--------------------------------------------------
Row 239
  PDB: 7ggg
  Warhead (input): OVX
  Warhead_5 (if mapped): (blank)
  SMILES lookup key: OVX
  SMILES found? YES
--------------------------------------------------
Row 240
  PDB: 7ggh
  Warhead (input): OWC
  Warhead_5 (if mapped): (blank)
  SMILES lookup key: OWC
  SMILES found? YES
--------------------------------------------------
Row 241
  PDB: 7ggi
  Warhead (input): OWX
  Warhead_5 (if mapped): (blank)
  SMILES lookup key: OWX
  SMILES found? YES
--------------------------------------------------
Row 242
  PDB: 7ggk
  Warhead (input): OYX
  Warhead_5 (if mapped): (blank)
  SMILES lookup key: OYX
  SMILES found? YES
--------------------------------------------------
Row 243
  PDB: 7ggl
  Warhead (input): OZC
  Warhead_5 (if mapped): (blank)
  SMILES lookup key: OZC
  SMILES found? YES
--------------------------------------------------
Row 244
  PDB: 7ggj
  Warhead (input): OYF
  Warhead_5 (if mapped): (blank)
  SMILES lookup key: OYF
  SMILES found? YES
--------------------------------------------------
Row 245
  PDB: 7ggn
  Warhead (input): P0X
  Warhead_5 (if mapped): (blank)
  SMILES lookup key: P0X
  SMILES found? YES
--------------------------------------------------
Row 246
  PDB: 7ggo
  Warhead (input): P3L
  Warhead_5 (if mapped): (blank)
  SMILES lookup key: P3L
  SMILES found? YES
--------------------------------------------------
Row 247
  PDB: 7ggm
  Warhead (input): OZX
  Warhead_5 (if mapped): (blank)
  SMILES lookup key: OZX
  SMILES found? YES
--------------------------------------------------
Row 248
  PDB: 7ggr
  Warhead (input): P6O
  Warhead_5 (if mapped): (blank)
  SMILES lookup key: P6O
  SMILES found? YES
--------------------------------------------------
Row 249
  PDB: 7ggq
  Warhead (input): OQL
  Warhead_5 (if mapped): (blank)
  SMILES lookup key: OQL
  SMILES found? YES
--------------------------------------------------
Row 250
  PDB: 7ggp
  Warhead (input): P4R
  Warhead_5 (if mapped): (blank)
  SMILES lookup key: P4R
  SMILES found? YES
--------------------------------------------------
Row 251
  PDB: 7ggt
  Warhead (input): P9O
  Warhead_5 (if mapped): (blank)
  SMILES lookup key: P9O
  SMILES found? YES
--------------------------------------------------
Row 252
  PDB: 7ggs
  Warhead (input): P7R
  Warhead_5 (if mapped): (blank)
  SMILES lookup key: P7R
  SMILES found? YES
--------------------------------------------------
Row 253
  PDB: 7ggu
  Warhead (input): PJ6
  Warhead_5 (if mapped): (blank)
  SMILES lookup key: PJ6
  SMILES found? YES
--------------------------------------------------
Row 254
  PDB: 7ggw
  Warhead (input): PKW
  Warhead_5 (if mapped): (blank)
  SMILES lookup key: PKW
  SMILES found? YES
--------------------------------------------------
Row 255
  PDB: 7ggv
  Warhead (input): PJX
  Warhead_5 (if mapped): (blank)
  SMILES lookup key: PJX
  SMILES found? YES
--------------------------------------------------
Row 256
  PDB: 7ggx
  Warhead (input): PQ6
  Warhead_5 (if mapped): (blank)
  SMILES lookup key: PQ6
  SMILES found? YES
--------------------------------------------------
Row 257
  PDB: 7ggz
  Warhead (input): PVR
  Warhead_5 (if mapped): (blank)
  SMILES lookup key: PVR
  SMILES found? YES
--------------------------------------------------
Row 258
  PDB: 7ggy
  Warhead (input): PUU
  Warhead_5 (if mapped): (blank)
  SMILES lookup key: PUU
  SMILES found? YES
--------------------------------------------------
Row 259
  PDB: 7gh0
  Warhead (input): PWR
  Warhead_5 (if mapped): (blank)
  SMILES lookup key: PWR
  SMILES found? YES
--------------------------------------------------
Row 260
  PDB: 7gh3
  Warhead (input): Q1C
  Warhead_5 (if mapped): (blank)
  SMILES lookup key: Q1C
  SMILES found? YES
--------------------------------------------------
Row 261
  PDB: 7gh2
  Warhead (input): Q0I
  Warhead_5 (if mapped): (blank)
  SMILES lookup key: Q0I
  SMILES found? YES
--------------------------------------------------
Row 262
  PDB: 7gh1
  Warhead (input): PZ6
  Warhead_5 (if mapped): (blank)
  SMILES lookup key: PZ6
  SMILES found? YES
--------------------------------------------------
Row 263
  PDB: 7gh5
  Warhead (input): Q2G
  Warhead_5 (if mapped): (blank)
  SMILES lookup key: Q2G
  SMILES found? YES
--------------------------------------------------
Row 264
  PDB: 7gh4
  Warhead (input): Q1U
  Warhead_5 (if mapped): (blank)
  SMILES lookup key: Q1U
  SMILES found? YES
--------------------------------------------------
Row 265
  PDB: 7gh6
  Warhead (input): Q2U
  Warhead_5 (if mapped): (blank)
  SMILES lookup key: Q2U
  SMILES found? YES
--------------------------------------------------
Row 266
  PDB: 7gh7
  Warhead (input): Q36
  Warhead_5 (if mapped): (blank)
  SMILES lookup key: Q36
  SMILES found? YES
--------------------------------------------------
Row 267
  PDB: 7gha
  Warhead (input): Q4F
  Warhead_5 (if mapped): (blank)
  SMILES lookup key: Q4F
  SMILES found? YES
--------------------------------------------------
Row 268
  PDB: 7gh8
  Warhead (input): Q3U
  Warhead_5 (if mapped): (blank)
  SMILES lookup key: Q3U
  SMILES found? YES
--------------------------------------------------
Row 269
  PDB: 7gh9
  Warhead (input): Q45
  Warhead_5 (if mapped): (blank)
  SMILES lookup key: Q45
  SMILES found? YES
--------------------------------------------------
Row 270
  PDB: 7ghb
  Warhead (input): Q4R
  Warhead_5 (if mapped): (blank)
  SMILES lookup key: Q4R
  SMILES found? YES
--------------------------------------------------
Row 271
  PDB: 7jp0
  Warhead (input): VJA
  Warhead_5 (if mapped): (blank)
  SMILES lookup key: VJA
  SMILES found? YES
--------------------------------------------------
Row 272
  PDB: 7mat
  Warhead (input): H37
  Warhead_5 (if mapped): (blank)
  SMILES lookup key: H37
  SMILES found? YES
--------------------------------------------------
Row 273
  PDB: 7k6d
  Warhead (input): SV6
  Warhead_5 (if mapped): (blank)
  SMILES lookup key: SV6
  SMILES found? YES
--------------------------------------------------
Row 274
  PDB: 7k6e
  Warhead (input): SV6
  Warhead_5 (if mapped): (blank)
  SMILES lookup key: SV6
  SMILES found? YES
--------------------------------------------------
Row 275
  PDB: 7mau
  Warhead (input): DIO
  Warhead_5 (if mapped): (blank)
  SMILES lookup key: DIO
  SMILES found? YES
--------------------------------------------------
Row 276
  PDB: 7mau
  Warhead (input): YVP
  Warhead_5 (if mapped): (blank)
  SMILES lookup key: YVP
  SMILES found? YES
--------------------------------------------------
Row 277
  PDB: 7mau
  Warhead (input): YVP
  Warhead_5 (if mapped): (blank)
  SMILES lookup key: YVP
  SMILES found? YES
--------------------------------------------------
Row 278
  PDB: 7mat
  Warhead (input): H37
  Warhead_5 (if mapped): (blank)
  SMILES lookup key: H37
  SMILES found? YES
--------------------------------------------------
Row 279
  PDB: 7mav
  Warhead (input): YVY
  Warhead_5 (if mapped): (blank)
  SMILES lookup key: YVY
  SMILES found? YES
--------------------------------------------------
Row 280
  PDB: 7mav
  Warhead (input): YVY
  Warhead_5 (if mapped): (blank)
  SMILES lookup key: YVY
  SMILES found? YES
--------------------------------------------------
Row 281
  PDB: 7maw
  Warhead (input): YVA
  Warhead_5 (if mapped): (blank)
  SMILES lookup key: YVA
  SMILES found? YES
--------------------------------------------------
Row 282
  PDB: 7max
  Warhead (input): YV7
  Warhead_5 (if mapped): (blank)
  SMILES lookup key: YV7
  SMILES found? YES
--------------------------------------------------
Row 283
  PDB: 7max
  Warhead (input): YV7
  Warhead_5 (if mapped): (blank)
  SMILES lookup key: YV7
  SMILES found? YES
--------------------------------------------------
Row 284
  PDB: 7maw
  Warhead (input): YVA
  Warhead_5 (if mapped): (blank)
  SMILES lookup key: YVA
  SMILES found? YES
--------------------------------------------------
Row 285
  PDB: 7maz
  Warhead (input): YVD
  Warhead_5 (if mapped): (blank)
  SMILES lookup key: YVD
  SMILES found? YES
--------------------------------------------------
Row 286
  PDB: 7maz
  Warhead (input): YVD
  Warhead_5 (if mapped): (blank)
  SMILES lookup key: YVD
  SMILES found? YES
--------------------------------------------------
Row 287
  PDB: 7mb0
  Warhead (input): YVG
  Warhead_5 (if mapped): (blank)
  SMILES lookup key: YVG
  SMILES found? YES
--------------------------------------------------
Row 288
  PDB: 7mb0
  Warhead (input): YVG
  Warhead_5 (if mapped): (blank)
  SMILES lookup key: YVG
  SMILES found? YES
--------------------------------------------------
Row 289
  PDB: 7mb1
  Warhead (input): YVJ
  Warhead_5 (if mapped): (blank)
  SMILES lookup key: YVJ
  SMILES found? YES
--------------------------------------------------
Row 290
  PDB: 7mb1
  Warhead (input): YVJ
  Warhead_5 (if mapped): (blank)
  SMILES lookup key: YVJ
  SMILES found? YES
--------------------------------------------------
Row 291
  PDB: 7mb3
  Warhead (input): YVV
  Warhead_5 (if mapped): (blank)
  SMILES lookup key: YVV
  SMILES found? YES
--------------------------------------------------
Row 292
  PDB: 7mb2
  Warhead (input): YVM
  Warhead_5 (if mapped): (blank)
  SMILES lookup key: YVM
  SMILES found? YES
--------------------------------------------------
Row 293
  PDB: 7mb3
  Warhead (input): YVV
  Warhead_5 (if mapped): (blank)
  SMILES lookup key: YVV
  SMILES found? YES
--------------------------------------------------
Row 294
  PDB: 7mb2
  Warhead (input): YVM
  Warhead_5 (if mapped): (blank)
  SMILES lookup key: YVM
  SMILES found? YES
--------------------------------------------------
Row 295
  PDB: 7mb3
  Warhead (input): YVV
  Warhead_5 (if mapped): (blank)
  SMILES lookup key: YVV
  SMILES found? YES
--------------------------------------------------
Row 296
  PDB: 7mb3
  Warhead (input): YVV
  Warhead_5 (if mapped): (blank)
  SMILES lookup key: YVV
  SMILES found? YES
--------------------------------------------------
Row 297
  PDB: 7mng
  Warhead (input): ZL7
  Warhead_5 (if mapped): (blank)
  SMILES lookup key: ZL7
  SMILES found? YES
--------------------------------------------------
Row 298
  PDB: 7nbr
  Warhead (input): U5G
  Warhead_5 (if mapped): (blank)
  SMILES lookup key: U5G
  SMILES found? YES
--------------------------------------------------
Row 299
  PDB: 7mb3
  Warhead (input): YVV
  Warhead_5 (if mapped): (blank)
  SMILES lookup key: YVV
  SMILES found? YES
--------------------------------------------------
Row 300
  PDB: 7mb3
  Warhead (input): YVV
  Warhead_5 (if mapped): (blank)
  SMILES lookup key: YVV
  SMILES found? YES
--------------------------------------------------
Row 301
  PDB: 7nby
  Warhead (input): U88
  Warhead_5 (if mapped): (blank)
  SMILES lookup key: U88
  SMILES found? YES
--------------------------------------------------
Row 302
  PDB: 7nbs
  Warhead (input): SV6
  Warhead_5 (if mapped): (blank)
  SMILES lookup key: SV6
  SMILES found? YES
--------------------------------------------------
Row 303
  PDB: 7nf5
  Warhead (input): ALD
  Warhead_5 (if mapped): (blank)
  SMILES lookup key: ALD
  SMILES found? YES
--------------------------------------------------
Row 304
  PDB: 7nby
  Warhead (input): U88
  Warhead_5 (if mapped): (blank)
  SMILES lookup key: U88
  SMILES found? YES
--------------------------------------------------
Row 305
  PDB: 7ng3
  Warhead (input): ALD
  Warhead_5 (if mapped): (blank)
  SMILES lookup key: ALD
  SMILES found? YES
--------------------------------------------------
Row 306
  PDB: 7ng3
  Warhead (input): ALD
  Warhead_5 (if mapped): (blank)
  SMILES lookup key: ALD
  SMILES found? YES
--------------------------------------------------
Row 307
  PDB: 7ng6
  Warhead (input): ALD
  Warhead_5 (if mapped): (blank)
  SMILES lookup key: ALD
  SMILES found? YES
--------------------------------------------------
Row 308
  PDB: 7ng6
  Warhead (input): ALD
  Warhead_5 (if mapped): (blank)
  SMILES lookup key: ALD
  SMILES found? YES
--------------------------------------------------
Row 309
  PDB: 7q5e
  Warhead (input): 90I
  Warhead_5 (if mapped): (blank)
  SMILES lookup key: 90I
  SMILES found? YES
--------------------------------------------------
Row 310
  PDB: 7q5e
  Warhead (input): 90I
  Warhead_5 (if mapped): (blank)
  SMILES lookup key: 90I
  SMILES found? YES
--------------------------------------------------
Row 311
  PDB: 7rc1
  Warhead (input): 4IO
  Warhead_5 (if mapped): (blank)
  SMILES lookup key: 4IO
  SMILES found? YES
--------------------------------------------------
Row 312
  PDB: 7q5f
  Warhead (input): 90X
  Warhead_5 (if mapped): (blank)
  SMILES lookup key: 90X
  SMILES found? YES
--------------------------------------------------
Row 313
  PDB: 7q5f
  Warhead (input): 90X
  Warhead_5 (if mapped): (blank)
  SMILES lookup key: 90X
  SMILES found? YES
--------------------------------------------------
Row 314
  PDB: 7set
  Warhead (input): I70
  Warhead_5 (if mapped): (blank)
  SMILES lookup key: I70
  SMILES found? YES
--------------------------------------------------
Row 315
  PDB: 7sf1
  Warhead (input): 8ZI
  Warhead_5 (if mapped): (blank)
  SMILES lookup key: 8ZI
  SMILES found? YES
--------------------------------------------------
Row 316
  PDB: 7sfb
  Warhead (input): 90U
  Warhead_5 (if mapped): (blank)
  SMILES lookup key: 90U
  SMILES found? YES
--------------------------------------------------
Row 317
  PDB: 7sfi
  Warhead (input): 91Z
  Warhead_5 (if mapped): (blank)
  SMILES lookup key: 91Z
  SMILES found? YES
--------------------------------------------------
Row 318
  PDB: 7sf3
  Warhead (input): 90H
  Warhead_5 (if mapped): (blank)
  SMILES lookup key: 90H
  SMILES found? YES
--------------------------------------------------
Row 319
  PDB: 7sfh
  Warhead (input): 91I
  Warhead_5 (if mapped): (blank)
  SMILES lookup key: 91I
  SMILES found? YES
--------------------------------------------------
Row 320
  PDB: 7sgh
  Warhead (input): 99W
  Warhead_5 (if mapped): (blank)
  SMILES lookup key: 99W
  SMILES found? YES
--------------------------------------------------
Row 321
  PDB: 7sgh
  Warhead (input): 99W
  Warhead_5 (if mapped): (blank)
  SMILES lookup key: 99W
  SMILES found? YES
--------------------------------------------------
Row 322
  PDB: 7sgh
  Warhead (input): 99W
  Warhead_5 (if mapped): (blank)
  SMILES lookup key: 99W
  SMILES found? YES
--------------------------------------------------
Row 323
  PDB: 7sgh
  Warhead (input): 99W
  Warhead_5 (if mapped): (blank)
  SMILES lookup key: 99W
  SMILES found? YES
--------------------------------------------------
Row 324
  PDB: 7tvs
  Warhead (input): XNJ
  Warhead_5 (if mapped): (blank)
  SMILES lookup key: XNJ
  SMILES found? YES
--------------------------------------------------
Row 325
  PDB: 7u92
  Warhead (input): M0C
  Warhead_5 (if mapped): (blank)
  SMILES lookup key: M0C
  SMILES found? YES
--------------------------------------------------
Row 326
  PDB: 7tvx
  Warhead (input): G65
  Warhead_5 (if mapped): (blank)
  SMILES lookup key: G65
  SMILES found? YES
--------------------------------------------------
Row 327
  PDB: 7uug
  Warhead (input): M0C
  Warhead_5 (if mapped): (blank)
  SMILES lookup key: M0C
  SMILES found? YES
--------------------------------------------------
Row 328
  PDB: 7uup
  Warhead (input): 4WI
  Warhead_5 (if mapped): (blank)
  SMILES lookup key: 4WI
  SMILES found? YES
--------------------------------------------------
Row 329
  PDB: 7z0p
  Warhead (input): I8H
  Warhead_5 (if mapped): (blank)
  SMILES lookup key: I8H
  SMILES found? YES
--------------------------------------------------
Row 330
  PDB: 7z59
  Warhead (input): IFO
  Warhead_5 (if mapped): (blank)
  SMILES lookup key: IFO
  SMILES found? YES
--------------------------------------------------
Row 331
  PDB: 8a4q
  Warhead (input): V9R
  Warhead_5 (if mapped): (blank)
  SMILES lookup key: V9R
  SMILES found? YES
--------------------------------------------------
Row 332
  PDB: 8aj1
  Warhead (input): A03
  Warhead_5 (if mapped): A1IMU
  SMILES lookup key: A1IMU
  SMILES found? YES
--------------------------------------------------
Row 333
  PDB: 8bga
  Warhead (input): QQL
  Warhead_5 (if mapped): (blank)
  SMILES lookup key: QQL
  SMILES found? YES
--------------------------------------------------
Row 334
  PDB: 8bgd
  Warhead (input): QH0
  Warhead_5 (if mapped): (blank)
  SMILES lookup key: QH0
  SMILES found? YES
--------------------------------------------------
Row 335
  PDB: 8c9o
  Warhead (input): O6K
  Warhead_5 (if mapped): (blank)
  SMILES lookup key: O6K
  SMILES found? YES
--------------------------------------------------
Row 336
  PDB: 8bga
  Warhead (input): QQL
  Warhead_5 (if mapped): (blank)
  SMILES lookup key: QQL
  SMILES found? YES
--------------------------------------------------
Row 337
  PDB: 8cac
  Warhead (input): O6K
  Warhead_5 (if mapped): (blank)
  SMILES lookup key: O6K
  SMILES found? YES
--------------------------------------------------
Row 338
  PDB: 8c9o
  Warhead (input): O6K
  Warhead_5 (if mapped): (blank)
  SMILES lookup key: O6K
  SMILES found? YES
--------------------------------------------------
Row 339
  PDB: 8cac
  Warhead (input): O6K
  Warhead_5 (if mapped): (blank)
  SMILES lookup key: O6K
  SMILES found? YES
--------------------------------------------------
Row 340
  PDB: 8cae
  Warhead (input): 4WI
  Warhead_5 (if mapped): (blank)
  SMILES lookup key: 4WI
  SMILES found? YES
--------------------------------------------------
Row 341
  PDB: 8d4m
  Warhead (input): K36
  Warhead_5 (if mapped): (blank)
  SMILES lookup key: K36
  SMILES found? YES
--------------------------------------------------
Row 342
  PDB: 8caj
  Warhead (input): UAX
  Warhead_5 (if mapped): (blank)
  SMILES lookup key: UAX
  SMILES found? YES
--------------------------------------------------
Row 343
  PDB: 8d4k
  Warhead (input): K36
  Warhead_5 (if mapped): (blank)
  SMILES lookup key: K36
  SMILES found? YES
--------------------------------------------------
Row 344
  PDB: 8dcz
  Warhead (input): 4WI
  Warhead_5 (if mapped): (blank)
  SMILES lookup key: 4WI
  SMILES found? YES
--------------------------------------------------
Row 345
  PDB: 8dd1
  Warhead (input): K36
  Warhead_5 (if mapped): (blank)
  SMILES lookup key: K36
  SMILES found? YES
--------------------------------------------------
Row 346
  PDB: 8dcz
  Warhead (input): 4WI
  Warhead_5 (if mapped): (blank)
  SMILES lookup key: 4WI
  SMILES found? YES
--------------------------------------------------
Row 347
  PDB: 8dd9
  Warhead (input): B1S
  Warhead_5 (if mapped): (blank)
  SMILES lookup key: B1S
  SMILES found? YES
--------------------------------------------------
Row 348
  PDB: 8ddm
  Warhead (input): K36
  Warhead_5 (if mapped): (blank)
  SMILES lookup key: K36
  SMILES found? YES
--------------------------------------------------
Row 349
  PDB: 8dgb
  Warhead (input): B1S
  Warhead_5 (if mapped): (blank)
  SMILES lookup key: B1S
  SMILES found? YES
--------------------------------------------------
Row 350
  PDB: 8dsu
  Warhead (input): V2M
  Warhead_5 (if mapped): (blank)
  SMILES lookup key: V2M
  SMILES found? YES
--------------------------------------------------
Row 351
  PDB: 8dgb
  Warhead (input): B1S
  Warhead_5 (if mapped): (blank)
  SMILES lookup key: B1S
  SMILES found? YES
--------------------------------------------------
Row 352
  PDB: 8dsu
  Warhead (input): V2M
  Warhead_5 (if mapped): (blank)
  SMILES lookup key: V2M
  SMILES found? YES
--------------------------------------------------
Row 353
  PDB: 8dt9
  Warhead (input): V2M
  Warhead_5 (if mapped): (blank)
  SMILES lookup key: V2M
  SMILES found? YES
--------------------------------------------------
Row 354
  PDB: 8dt9
  Warhead (input): V2M
  Warhead_5 (if mapped): (blank)
  SMILES lookup key: V2M
  SMILES found? YES
--------------------------------------------------
Row 355
  PDB: 8dzc
  Warhead (input): U76
  Warhead_5 (if mapped): (blank)
  SMILES lookup key: U76
  SMILES found? YES
--------------------------------------------------
Row 356
  PDB: 8dzb
  Warhead (input): U6Y
  Warhead_5 (if mapped): (blank)
  SMILES lookup key: U6Y
  SMILES found? YES
--------------------------------------------------
Row 357
  PDB: 8e4w
  Warhead (input): V2M
  Warhead_5 (if mapped): (blank)
  SMILES lookup key: V2M
  SMILES found? YES
--------------------------------------------------
Row 358
  PDB: 8e4w
  Warhead (input): V2M
  Warhead_5 (if mapped): (blank)
  SMILES lookup key: V2M
  SMILES found? YES
--------------------------------------------------
Row 359
  PDB: 8ezv
  Warhead (input): X6O
  Warhead_5 (if mapped): (blank)
  SMILES lookup key: X6O
  SMILES found? YES
--------------------------------------------------
Row 360
  PDB: 8e5c
  Warhead (input): 4WI
  Warhead_5 (if mapped): (blank)
  SMILES lookup key: 4WI
  SMILES found? YES
--------------------------------------------------
Row 361
  PDB: 8ezz
  Warhead (input): X70
  Warhead_5 (if mapped): (blank)
  SMILES lookup key: X70
  SMILES found? YES
--------------------------------------------------
Row 362
  PDB: 8f02
  Warhead (input): X6T
  Warhead_5 (if mapped): (blank)
  SMILES lookup key: X6T
  SMILES found? YES
--------------------------------------------------
Row 363
  PDB: 8f2d
  Warhead (input): XA8
  Warhead_5 (if mapped): (blank)
  SMILES lookup key: XA8
  SMILES found? YES
--------------------------------------------------
Row 364
  PDB: 8f2c
  Warhead (input): X9Z
  Warhead_5 (if mapped): (blank)
  SMILES lookup key: X9Z
  SMILES found? YES
--------------------------------------------------
Row 365
  PDB: 8ftl
  Warhead (input): 5ZF
  Warhead_5 (if mapped): (blank)
  SMILES lookup key: 5ZF
  SMILES found? YES
--------------------------------------------------
Row 366
  PDB: 8gqt
  Warhead (input): QUE
  Warhead_5 (if mapped): (blank)
  SMILES lookup key: QUE
  SMILES found? YES
--------------------------------------------------
Row 367
  PDB: 8ftl
  Warhead (input): 5ZF
  Warhead_5 (if mapped): (blank)
  SMILES lookup key: 5ZF
  SMILES found? YES
--------------------------------------------------
Row 368
  PDB: 8okl
  Warhead (input): 83N
  Warhead_5 (if mapped): (blank)
  SMILES lookup key: 83N
  SMILES found? YES
--------------------------------------------------
Row 369
  PDB: 8okl
  Warhead (input): 83N
  Warhead_5 (if mapped): (blank)
  SMILES lookup key: 83N
  SMILES found? YES
--------------------------------------------------
Row 370
  PDB: 8okn
  Warhead (input): 83W
  Warhead_5 (if mapped): (blank)
  SMILES lookup key: 83W
  SMILES found? YES
--------------------------------------------------
Row 371
  PDB: 8okm
  Warhead (input): 84C
  Warhead_5 (if mapped): (blank)
  SMILES lookup key: 84C
  SMILES found? YES
--------------------------------------------------
Row 372
  PDB: 8okm
  Warhead (input): 84C
  Warhead_5 (if mapped): (blank)
  SMILES lookup key: 84C
  SMILES found? YES
--------------------------------------------------
Row 373
  PDB: 8okn
  Warhead (input): 83W
  Warhead_5 (if mapped): (blank)
  SMILES lookup key: 83W
  SMILES found? YES
--------------------------------------------------
Row 374
  PDB: 8p55
  Warhead (input): ALD
  Warhead_5 (if mapped): (blank)
  SMILES lookup key: ALD
  SMILES found? YES
--------------------------------------------------
Row 375
  PDB: 8p54
  Warhead (input): ALD
  Warhead_5 (if mapped): (blank)
  SMILES lookup key: ALD
  SMILES found? YES
--------------------------------------------------
Row 376
  PDB: 8p57
  Warhead (input): X77
  Warhead_5 (if mapped): (blank)
  SMILES lookup key: X77
  SMILES found? YES
--------------------------------------------------
Row 377
  PDB: 8p58
  Warhead (input): X77
  Warhead_5 (if mapped): (blank)
  SMILES lookup key: X77
  SMILES found? YES
--------------------------------------------------
Row 378
  PDB: 8p56
  Warhead (input): X77
  Warhead_5 (if mapped): (blank)
  SMILES lookup key: X77
  SMILES found? YES
--------------------------------------------------
Row 379
  PDB: 8p5a
  Warhead (input): X77
  Warhead_5 (if mapped): (blank)
  SMILES lookup key: X77
  SMILES found? YES
--------------------------------------------------
Row 380
  PDB: 8p58
  Warhead (input): X77
  Warhead_5 (if mapped): (blank)
  SMILES lookup key: X77
  SMILES found? YES
--------------------------------------------------
Row 381
  PDB: 8p5c
  Warhead (input): 9M5
  Warhead_5 (if mapped): (blank)
  SMILES lookup key: 9M5
  SMILES found? YES
--------------------------------------------------
Row 382
  PDB: 8p5c
  Warhead (input): 9M5
  Warhead_5 (if mapped): (blank)
  SMILES lookup key: 9M5
  SMILES found? YES
--------------------------------------------------
Row 383
  PDB: 8p5a
  Warhead (input): X77
  Warhead_5 (if mapped): (blank)
  SMILES lookup key: X77
  SMILES found? YES
--------------------------------------------------
Row 384
  PDB: 8r11
  Warhead (input): XI0
  Warhead_5 (if mapped): (blank)
  SMILES lookup key: XI0
  SMILES found? YES
--------------------------------------------------
Row 385
  PDB: 8r11
  Warhead (input): XI0
  Warhead_5 (if mapped): (blank)
  SMILES lookup key: XI0
  SMILES found? YES
--------------------------------------------------
Row 386
  PDB: 8p86
  Warhead (input): ALD
  Warhead_5 (if mapped): (blank)
  SMILES lookup key: ALD
  SMILES found? YES
--------------------------------------------------
Row 387
  PDB: 8p87
  Warhead (input): X77
  Warhead_5 (if mapped): (blank)
  SMILES lookup key: X77
  SMILES found? YES
--------------------------------------------------
Row 388
  PDB: 8r12
  Warhead (input): XH9
  Warhead_5 (if mapped): (blank)
  SMILES lookup key: XH9
  SMILES found? YES
--------------------------------------------------
Row 389
  PDB: 8r12
  Warhead (input): XH9
  Warhead_5 (if mapped): (blank)
  SMILES lookup key: XH9
  SMILES found? YES
--------------------------------------------------
Row 390
  PDB: 8r14
  Warhead (input): XHW
  Warhead_5 (if mapped): (blank)
  SMILES lookup key: XHW
  SMILES found? YES
--------------------------------------------------
Row 391
  PDB: 8r14
  Warhead (input): XHW
  Warhead_5 (if mapped): (blank)
  SMILES lookup key: XHW
  SMILES found? YES
--------------------------------------------------
Row 392
  PDB: 8r16
  Warhead (input): XJ9
  Warhead_5 (if mapped): (blank)
  SMILES lookup key: XJ9
  SMILES found? YES
--------------------------------------------------
Row 393
  PDB: 8r16
  Warhead (input): XJ9
  Warhead_5 (if mapped): (blank)
  SMILES lookup key: XJ9
  SMILES found? YES
--------------------------------------------------
Row 394
  PDB: 8r1q
  Warhead (input): O6K
  Warhead_5 (if mapped): (blank)
  SMILES lookup key: O6K
  SMILES found? YES
--------------------------------------------------
Row 395
  PDB: 8r1q
  Warhead (input): O6K
  Warhead_5 (if mapped): (blank)
  SMILES lookup key: O6K
  SMILES found? YES
--------------------------------------------------
Row 396
  PDB: 8r26
  Warhead (input): O6K
  Warhead_5 (if mapped): (blank)
  SMILES lookup key: O6K
  SMILES found? YES
--------------------------------------------------
Row 397
  PDB: 8r26
  Warhead (input): O6K
  Warhead_5 (if mapped): (blank)
  SMILES lookup key: O6K
  SMILES found? YES
--------------------------------------------------
Row 398
  PDB: 8r26
  Warhead (input): O6K
  Warhead_5 (if mapped): (blank)
  SMILES lookup key: O6K
  SMILES found? YES
--------------------------------------------------
Row 399
  PDB: 8r26
  Warhead (input): O6K
  Warhead_5 (if mapped): (blank)
  SMILES lookup key: O6K
  SMILES found? YES
--------------------------------------------------
Row 400
  PDB: 8rjv
  Warhead (input): A04
  Warhead_5 (if mapped): A1H1J
  SMILES lookup key: A1H1J
  SMILES found? YES
--------------------------------------------------
Row 401
  PDB: 8rjy
  Warhead (input): A05
  Warhead_5 (if mapped): A1H1K
  SMILES lookup key: A1H1K
  SMILES found? YES
--------------------------------------------------
Row 402
  PDB: 8tqh
  Warhead (input): JX6
  Warhead_5 (if mapped): (blank)
  SMILES lookup key: JX6
  SMILES found? YES
--------------------------------------------------
Row 403
  PDB: 8tqj
  Warhead (input): YHI
  Warhead_5 (if mapped): (blank)
  SMILES lookup key: YHI
  SMILES found? YES
--------------------------------------------------
Row 404
  PDB: 8tql
  Warhead (input): JY0
  Warhead_5 (if mapped): (blank)
  SMILES lookup key: JY0
  SMILES found? YES
--------------------------------------------------
Row 405
  PDB: 8tqt
  Warhead (input): K2X
  Warhead_5 (if mapped): (blank)
  SMILES lookup key: K2X
  SMILES found? YES
--------------------------------------------------
Row 406
  PDB: 8ty3
  Warhead (input): SJF
  Warhead_5 (if mapped): (blank)
  SMILES lookup key: SJF
  SMILES found? YES
--------------------------------------------------
Row 407
  PDB: 8ty4
  Warhead (input): SO0
  Warhead_5 (if mapped): (blank)
  SMILES lookup key: SO0
  SMILES found? YES
--------------------------------------------------
Row 408
  PDB: 8ty5
  Warhead (input): SQ3
  Warhead_5 (if mapped): (blank)
  SMILES lookup key: SQ3
  SMILES found? YES
--------------------------------------------------
Row 409
  PDB: 8w1t
  Warhead (input): A06
  Warhead_5 (if mapped): A1A21
  SMILES lookup key: A1A21
  SMILES found? YES
--------------------------------------------------
Row 410
  PDB: 8und
  Warhead (input): X4N
  Warhead_5 (if mapped): (blank)
  SMILES lookup key: X4N
  SMILES found? YES
--------------------------------------------------
Row 411
  PDB: 8w1t
  Warhead (input): A06
  Warhead_5 (if mapped): A1A21
  SMILES lookup key: A1A21
  SMILES found? YES
--------------------------------------------------
Row 412
  PDB: 8w1t
  Warhead (input): A07
  Warhead_5 (if mapped): A1AFD
  SMILES lookup key: A1AFD
  SMILES found? YES
--------------------------------------------------
Row 413
  PDB: 8w1u
  Warhead (input): A08
  Warhead_5 (if mapped): A1AFE
  SMILES lookup key: A1AFE
  SMILES found? YES
--------------------------------------------------
Row 414
  PDB: 8w1t
  Warhead (input): A07
  Warhead_5 (if mapped): A1AFD
  SMILES lookup key: A1AFD
  SMILES found? YES
--------------------------------------------------
Row 415
  PDB: 8w1u
  Warhead (input): A08
  Warhead_5 (if mapped): A1AFE
  SMILES lookup key: A1AFE
  SMILES found? YES
--------------------------------------------------
Row 416
  PDB: 8y42
  Warhead (input): A09
  Warhead_5 (if mapped): A1D51
  SMILES lookup key: A1D51
  SMILES found? YES
--------------------------------------------------
Row 417
  PDB: 8ws3
  Warhead (input): X7F
  Warhead_5 (if mapped): (blank)
  SMILES lookup key: X7F
  SMILES found? YES
--------------------------------------------------
Row 418
  PDB: 8y42
  Warhead (input): A09
  Warhead_5 (if mapped): A1D51
  SMILES lookup key: A1D51
  SMILES found? YES
--------------------------------------------------
Row 419
  PDB: 8y42
  Warhead (input): A09
  Warhead_5 (if mapped): A1D51
  SMILES lookup key: A1D51
  SMILES found? YES
--------------------------------------------------
Row 420
  PDB: 8y42
  Warhead (input): A09
  Warhead_5 (if mapped): A1D51
  SMILES lookup key: A1D51
  SMILES found? YES
--------------------------------------------------
Row 421
  PDB: 8y44
  Warhead (input): A10
  Warhead_5 (if mapped): A1D50
  SMILES lookup key: A1D50
  SMILES found? YES
--------------------------------------------------
Row 422
  PDB: 8y44
  Warhead (input): A10
  Warhead_5 (if mapped): A1D50
  SMILES lookup key: A1D50
  SMILES found? YES
--------------------------------------------------
Row 423
  PDB: 8y4e
  Warhead (input): FHR
  Warhead_5 (if mapped): (blank)
  SMILES lookup key: FHR
  SMILES found? YES
--------------------------------------------------
Row 424
  PDB: 8yls
  Warhead (input): A11
  Warhead_5 (if mapped): A1LYZ
  SMILES lookup key: A1LYZ
  SMILES found? YES
--------------------------------------------------
Row 425
  PDB: 8y4e
  Warhead (input): FHR
  Warhead_5 (if mapped): (blank)
  SMILES lookup key: FHR
  SMILES found? YES
--------------------------------------------------
Row 426
  PDB: 8ywy
  Warhead (input): FHR
  Warhead_5 (if mapped): (blank)
  SMILES lookup key: FHR
  SMILES found? YES
--------------------------------------------------
Row 427
  PDB: 9bbp
  Warhead (input): A13
  Warhead_5 (if mapped): A1ALW
  SMILES lookup key: A1ALW
  SMILES found? YES
--------------------------------------------------
Row 428
  PDB: 9bbp
  Warhead (input): PHE
  Warhead_5 (if mapped): (blank)
  SMILES lookup key: PHE
  SMILES found? YES
--------------------------------------------------
Row 429
  PDB: 8zbp
  Warhead (input): A12
  Warhead_5 (if mapped): A1D76
  SMILES lookup key: A1D76
  SMILES found? YES
--------------------------------------------------
Row 430
  PDB: 9bbp
  Warhead (input): VAL
  Warhead_5 (if mapped): (blank)
  SMILES lookup key: VAL
  SMILES found? YES
--------------------------------------------------
Row 431
  PDB: 9bbp
  Warhead (input): THR
  Warhead_5 (if mapped): (blank)
  SMILES lookup key: THR
  SMILES found? YES
--------------------------------------------------
Row 432
  PDB: 9cdk
  Warhead (input): XEK
  Warhead_5 (if mapped): (blank)
  SMILES lookup key: XEK
  SMILES found? YES
--------------------------------------------------
Row 433
  PDB: 9cdm
  Warhead (input): XEK
  Warhead_5 (if mapped): (blank)
  SMILES lookup key: XEK
  SMILES found? YES
--------------------------------------------------
Row 434
  PDB: 9cdl
  Warhead (input): XEK
  Warhead_5 (if mapped): (blank)
  SMILES lookup key: XEK
  SMILES found? YES
--------------------------------------------------
Row 435
  PDB: 9dtz
  Warhead (input): A14
  Warhead_5 (if mapped): A1BCZ
  SMILES lookup key: A1BCZ
  SMILES found? YES
--------------------------------------------------
Row 436
  PDB: 9dtz
  Warhead (input): A14
  Warhead_5 (if mapped): A1BCZ
  SMILES lookup key: A1BCZ
  SMILES found? YES
--------------------------------------------------
Row 437
  PDB: 9du2
  Warhead (input): A15
  Warhead_5 (if mapped): A1BCY
  SMILES lookup key: A1BCY
  SMILES found? YES
--------------------------------------------------
Row 438
  PDB: 9du2
  Warhead (input): A15
  Warhead_5 (if mapped): A1BCY
  SMILES lookup key: A1BCY
  SMILES found? YES
--------------------------------------------------
Row 439
  PDB: 9du4
  Warhead (input): A17
  Warhead_5 (if mapped): A1BCW
  SMILES lookup key: A1BCW
  SMILES found? YES
--------------------------------------------------
Row 440
  PDB: 9du3
  Warhead (input): A16
  Warhead_5 (if mapped): A1BCX
  SMILES lookup key: A1BCX
  SMILES found? YES
--------------------------------------------------
Row 441
  PDB: 9du4
  Warhead (input): A17
  Warhead_5 (if mapped): A1BCW
  SMILES lookup key: A1BCW
  SMILES found? YES
--------------------------------------------------
Row 442
  PDB: 9e7b
  Warhead (input): A18
  Warhead_5 (if mapped): A1BFE
  SMILES lookup key: A1BFE
  SMILES found? YES
--------------------------------------------------
Row 443
  PDB: 9e7s
  Warhead (input): A18
  Warhead_5 (if mapped): A1BFE
  SMILES lookup key: A1BFE
  SMILES found? YES
--------------------------------------------------
Row 444
  PDB: 9el4
  Warhead (input): V2M
  Warhead_5 (if mapped): (blank)
  SMILES lookup key: V2M
  SMILES found? YES
--------------------------------------------------
Row 445
  PDB: 9eev
  Warhead (input): 4WI
  Warhead_5 (if mapped): (blank)
  SMILES lookup key: 4WI
  SMILES found? YES
--------------------------------------------------
Row 446
  PDB: 9e8r
  Warhead (input): A18
  Warhead_5 (if mapped): A1BFE
  SMILES lookup key: A1BFE
  SMILES found? YES
--------------------------------------------------
Row 447
  PDB: 9el4
  Warhead (input): V2M
  Warhead_5 (if mapped): (blank)
  SMILES lookup key: V2M
  SMILES found? YES
--------------------------------------------------
Row 448
  PDB: 9elv
  Warhead (input): V2M
  Warhead_5 (if mapped): (blank)
  SMILES lookup key: V2M
  SMILES found? YES
--------------------------------------------------
Row 449
  PDB: 9elv
  Warhead (input): V2M
  Warhead_5 (if mapped): (blank)
  SMILES lookup key: V2M
  SMILES found? YES
--------------------------------------------------
Row 450
  PDB: 9g0h
  Warhead (input): A19
  Warhead_5 (if mapped): A1IHT
  SMILES lookup key: A1IHT
  SMILES found? YES
--------------------------------------------------
Row 451
  PDB: 9gf7
  Warhead (input): A21
  Warhead_5 (if mapped): A1IYL
  SMILES lookup key: A1IYL
  SMILES found? YES
--------------------------------------------------
Row 452
  PDB: 9gij
  Warhead (input): A22
  Warhead_5 (if mapped): A1IL0
  SMILES lookup key: A1IL0
  SMILES found? YES
--------------------------------------------------
Row 453
  PDB: 9gil
  Warhead (input): A23
  Warhead_5 (if mapped): A1IL7
  SMILES lookup key: A1IL7
  SMILES found? YES
--------------------------------------------------
Row 454
  PDB: 9g0i
  Warhead (input): A20
  Warhead_5 (if mapped): A1IHV
  SMILES lookup key: A1IHV
  SMILES found? YES
--------------------------------------------------
Row 455
  PDB: 9gil
  Warhead (input): A23
  Warhead_5 (if mapped): A1IL7
  SMILES lookup key: A1IL7
  SMILES found? YES
--------------------------------------------------
Row 456
  PDB: 9glv
  Warhead (input): A24
  Warhead_5 (if mapped): A1IMY
  SMILES lookup key: A1IMY
  SMILES found? YES
--------------------------------------------------
Row 457
  PDB: 9glv
  Warhead (input): A24
  Warhead_5 (if mapped): A1IMY
  SMILES lookup key: A1IMY
  SMILES found? YES
--------------------------------------------------
Row 458
  PDB: 9gmq
  Warhead (input): MXU
  Warhead_5 (if mapped): (blank)
  SMILES lookup key: MXU
  SMILES found? YES
--------------------------------------------------
Row 459
  PDB: 9gmq
  Warhead (input): MXU
  Warhead_5 (if mapped): (blank)
  SMILES lookup key: MXU
  SMILES found? YES
--------------------------------------------------
Row 460
  PDB: 9h0f
  Warhead (input): A25
  Warhead_5 (if mapped): A1IRW
  SMILES lookup key: A1IRW
  SMILES found? YES
--------------------------------------------------
Row 461
  PDB: 9h4b
  Warhead (input): A26
  Warhead_5 (if mapped): A1ISK
  SMILES lookup key: A1ISK
  SMILES found? YES
--------------------------------------------------
Row 462
  PDB: 9h0f
  Warhead (input): A25
  Warhead_5 (if mapped): A1IRW
  SMILES lookup key: A1IRW
  SMILES found? YES
--------------------------------------------------
Row 463
  PDB: 9haj
  Warhead (input): A27
  Warhead_5 (if mapped): A1ITJ
  SMILES lookup key: A1ITJ
  SMILES found? YES
--------------------------------------------------
Row 464
  PDB: 9haj
  Warhead (input): A27
  Warhead_5 (if mapped): A1ITJ
  SMILES lookup key: A1ITJ
  SMILES found? YES
--------------------------------------------------
Row 465
  PDB: 9hak
  Warhead (input): A28
  Warhead_5 (if mapped): A1ITI
  SMILES lookup key: A1ITI
  SMILES found? YES
--------------------------------------------------
Row 466
  PDB: 9hfx
  Warhead (input): A29
  Warhead_5 (if mapped): A1IUN
  SMILES lookup key: A1IUN
  SMILES found? YES
--------------------------------------------------
Row 467
  PDB: 9hak
  Warhead (input): A28
  Warhead_5 (if mapped): A1ITI
  SMILES lookup key: A1ITI
  SMILES found? YES
--------------------------------------------------
Row 468
  PDB: 9hfy
  Warhead (input): A30
  Warhead_5 (if mapped): A1IUM
  SMILES lookup key: A1IUM
  SMILES found? YES
--------------------------------------------------
Row 469
  PDB: 9hfy
  Warhead (input): A30
  Warhead_5 (if mapped): A1IUM
  SMILES lookup key: A1IUM
  SMILES found? YES
--------------------------------------------------
Row 470
  PDB: 9hjh
  Warhead (input): A31
  Warhead_5 (if mapped): A1IVK
  SMILES lookup key: A1IVK
  SMILES found? YES
--------------------------------------------------
Row 471
  PDB: 9ir9
  Warhead (input): A32
  Warhead_5 (if mapped): A1D7M
  SMILES lookup key: A1D7M
  SMILES found? YES
--------------------------------------------------
Row 472
  PDB: 9hjh
  Warhead (input): A31
  Warhead_5 (if mapped): A1IVK
  SMILES lookup key: A1IVK
  SMILES found? YES
--------------------------------------------------
Row 473
  PDB: 9j19
  Warhead (input): MIY
  Warhead_5 (if mapped): (blank)
  SMILES lookup key: MIY
  SMILES found? YES
--------------------------------------------------
Row 474
  PDB: 9lll
  Warhead (input): A33
  Warhead_5 (if mapped): A1EK4
  SMILES lookup key: A1EK4
  SMILES found? YES
--------------------------------------------------
Row 475
  PDB: 9m9r
  Warhead (input): 4WI
  Warhead_5 (if mapped): (blank)
  SMILES lookup key: 4WI
  SMILES found? YES
--------------------------------------------------
Row 476
  PDB: 9ma3
  Warhead (input): 4WI
  Warhead_5 (if mapped): (blank)
  SMILES lookup key: 4WI
  SMILES found? YES
--------------------------------------------------
Row 477
  PDB: 9ma6
  Warhead (input): 4WI
  Warhead_5 (if mapped): (blank)
  SMILES lookup key: 4WI
  SMILES found? YES
--------------------------------------------------
Row 478
  PDB: 9ma6
  Warhead (input): 4WI
  Warhead_5 (if mapped): (blank)
  SMILES lookup key: 4WI
  SMILES found? YES
--------------------------------------------------
Row 479
  PDB: 9mdq
  Warhead (input): A34
  Warhead_5 (if mapped): A1BKV
  SMILES lookup key: A1BKV
  SMILES found? YES
--------------------------------------------------
Row 480
  PDB: 9mei
  Warhead (input): V2M
  Warhead_5 (if mapped): (blank)
  SMILES lookup key: V2M
  SMILES found? YES
--------------------------------------------------
Row 481
  PDB: 9mei
  Warhead (input): V2M
  Warhead_5 (if mapped): (blank)
  SMILES lookup key: V2M
  SMILES found? YES
--------------------------------------------------
Row 482
  PDB: 9mvm
  Warhead (input): A36
  Warhead_5 (if mapped): A1BTM
  SMILES lookup key: A1BTM
  SMILES found? YES
--------------------------------------------------
Row 483
  PDB: 9mlj
  Warhead (input): A35
  Warhead_5 (if mapped): A1BMU
  SMILES lookup key: A1BMU
  SMILES found? YES
--------------------------------------------------
Row 484
  PDB: 9mvp
  Warhead (input): A39
  Warhead_5 (if mapped): A1BTP
  SMILES lookup key: A1BTP
  SMILES found? YES
--------------------------------------------------
Row 485
  PDB: 9mvo
  Warhead (input): A37
  Warhead_5 (if mapped): A1BVT
  SMILES lookup key: A1BVT
  SMILES found? YES
--------------------------------------------------
Row 486
  PDB: 9mvo
  Warhead (input): A38
  Warhead_5 (if mapped): A1BTO
  SMILES lookup key: A1BTO
  SMILES found? YES
--------------------------------------------------
Row 487
  PDB: 9mvq
  Warhead (input): A40
  Warhead_5 (if mapped): A1BTN
  SMILES lookup key: A1BTN
  SMILES found? YES
--------------------------------------------------
Row 488
  PDB: 9mvq
  Warhead (input): A40
  Warhead_5 (if mapped): A1BTN
  SMILES lookup key: A1BTN
  SMILES found? YES
--------------------------------------------------
Row 489
  PDB: 9n3m
  Warhead (input): A41
  Warhead_5 (if mapped): A1BVV
  SMILES lookup key: A1BVV
  SMILES found? YES
--------------------------------------------------
Row 490
  PDB: 9n5q
  Warhead (input): A18
  Warhead_5 (if mapped): A1BFE
  SMILES lookup key: A1BFE
  SMILES found? YES
--------------------------------------------------
Row 491
  PDB: 9n6f
  Warhead (input): A18
  Warhead_5 (if mapped): A1BFE
  SMILES lookup key: A1BFE
  SMILES found? YES
--------------------------------------------------
Row 492
  PDB: 9n9b
  Warhead (input): A18
  Warhead_5 (if mapped): A1BFE
  SMILES lookup key: A1BFE
  SMILES found? YES
--------------------------------------------------
Row 493
  PDB: 9nng
  Warhead (input): A18
  Warhead_5 (if mapped): A1BFE
  SMILES lookup key: A1BFE
  SMILES found? YES
--------------------------------------------------
Row 494
  PDB: 9o6d
  Warhead (input): V2M
  Warhead_5 (if mapped): (blank)
  SMILES lookup key: V2M
  SMILES found? YES
--------------------------------------------------
Row 495
  PDB: 9o6e
  Warhead (input): V2M
  Warhead_5 (if mapped): (blank)
  SMILES lookup key: V2M
  SMILES found? YES
--------------------------------------------------
Row 496
  PDB: 9o6d
  Warhead (input): V2M
  Warhead_5 (if mapped): (blank)
  SMILES lookup key: V2M
  SMILES found? YES
--------------------------------------------------
Row 497
  PDB: 9nnw
  Warhead (input): A35
  Warhead_5 (if mapped): A1BMU
  SMILES lookup key: A1BMU
  SMILES found? YES
--------------------------------------------------
Row 498
  PDB: 9o6f
  Warhead (input): V2M
  Warhead_5 (if mapped): (blank)
  SMILES lookup key: V2M
  SMILES found? YES
--------------------------------------------------
Row 499
  PDB: 9o6e
  Warhead (input): V2M
  Warhead_5 (if mapped): (blank)
  SMILES lookup key: V2M
  SMILES found? YES
--------------------------------------------------
Row 500
  PDB: 9o6f
  Warhead (input): V2M
  Warhead_5 (if mapped): (blank)
  SMILES lookup key: V2M
  SMILES found? YES
--------------------------------------------------
Row 501
  PDB: 9o6p
  Warhead (input): V2M
  Warhead_5 (if mapped): (blank)
  SMILES lookup key: V2M
  SMILES found? YES
--------------------------------------------------
Row 502
  PDB: 9o6q
  Warhead (input): V2M
  Warhead_5 (if mapped): (blank)
  SMILES lookup key: V2M
  SMILES found? YES
--------------------------------------------------
Row 503
  PDB: 9o6p
  Warhead (input): V2M
  Warhead_5 (if mapped): (blank)
  SMILES lookup key: V2M
  SMILES found? YES
--------------------------------------------------
Row 504
  PDB: 9o74
  Warhead (input): V2M
  Warhead_5 (if mapped): (blank)
  SMILES lookup key: V2M
  SMILES found? YES
--------------------------------------------------
Row 505
  PDB: 9o6q
  Warhead (input): V2M
  Warhead_5 (if mapped): (blank)
  SMILES lookup key: V2M
  SMILES found? YES
--------------------------------------------------
Row 506
  PDB: 9o74
  Warhead (input): V2M
  Warhead_5 (if mapped): (blank)
  SMILES lookup key: V2M
  SMILES found? YES
--------------------------------------------------
Row 507
  PDB: 9opm
  Warhead (input): V2M
  Warhead_5 (if mapped): (blank)
  SMILES lookup key: V2M
  SMILES found? YES
--------------------------------------------------
Row 508
  PDB: 9opm
  Warhead (input): V2M
  Warhead_5 (if mapped): (blank)
  SMILES lookup key: V2M
  SMILES found? YES
--------------------------------------------------
Row 509
  PDB: 9opn
  Warhead (input): V2M
  Warhead_5 (if mapped): (blank)
  SMILES lookup key: V2M
  SMILES found? YES
--------------------------------------------------
Row 510
  PDB: 9pfh
  Warhead (input): WZK
  Warhead_5 (if mapped): (blank)
  SMILES lookup key: WZK
  SMILES found? YES
--------------------------------------------------
Row 511
  PDB: 9opn
  Warhead (input): V2M
  Warhead_5 (if mapped): (blank)
  SMILES lookup key: V2M
  SMILES found? YES
--------------------------------------------------
Row 512
  PDB: 9q7s
  Warhead (input): A42
  Warhead_5 (if mapped): A1CR4
  SMILES lookup key: A1CR4
  SMILES found? YES
--------------------------------------------------
Row 513
  PDB: 9pfh
  Warhead (input): WZK
  Warhead_5 (if mapped): (blank)
  SMILES lookup key: WZK
  SMILES found? YES
--------------------------------------------------
Row 514
  PDB: 9uoq
  Warhead (input): A44
  Warhead_5 (if mapped): A1EPZ
  SMILES lookup key: A1EPZ
  SMILES found? YES
--------------------------------------------------
Row 515
  PDB: 9whe
  Warhead (input): A45
  Warhead_5 (if mapped): A1MBL
  SMILES lookup key: A1MBL
  SMILES found? YES
--------------------------------------------------
Row 516
  PDB: 9sdm
  Warhead (input): A43
  Warhead_5 (if mapped): A1JNF
  SMILES lookup key: A1JNF
  SMILES found? YES
--------------------------------------------------
Row 517
  PDB: 9sdm
  Warhead (input): A43
  Warhead_5 (if mapped): A1JNF
  SMILES lookup key: A1JNF
  SMILES found? YES
--------------------------------------------------
Row 518
  PDB: 9xym
  Warhead (input): A46
  Warhead_5 (if mapped): A1CR5
  SMILES lookup key: A1CR5
  SMILES found? YES
--------------------------------------------------
Row 519
  PDB: 9xz6
  Warhead (input): A47
  Warhead_5 (if mapped): A1CR3
  SMILES lookup key: A1CR3
  SMILES found? YES
--------------------------------------------------
Row 520
  PDB: 9z74
  Warhead (input): 4WI
  Warhead_5 (if mapped): (blank)
  SMILES lookup key: 4WI
  SMILES found? YES
--------------------------------------------------
Row 521
  PDB: 9znl
  Warhead (input): A48
  Warhead_5 (if mapped): A1C3L
  SMILES lookup key: A1C3L
  SMILES found? YES
🔬 END RESOLUTION TRACE
✅ Filtered SASA table: removed 0 ion-only rows; remaining 522 rows
💾 Saved Resolved_SASA_Summary.csv
💾 Saved Ligand_PDB_Index.csv
🚀 Launching metadata engine mode=threads max_workers=3
🧪 Computing descriptors:   0%|          | 0/355 [00:00<?, ?it/s]
🧪 Computing descriptors:   1%|          | 4/355 [00:00<00:15, 22.65it/s]
🧪 Computing descriptors:   2%|▏         | 7/355 [00:00<00:14, 24.50it/s]
🧪 Computing descriptors:   3%|▎         | 10/355 [00:00<00:13, 25.13it/s]
🧪 Computing descriptors:   4%|▎         | 13/355 [00:00<00:14, 24.37it/s]
🧪 Computing descriptors:   5%|▍         | 17/355 [00:00<00:14, 23.92it/s]
🧪 Computing descriptors:   6%|▌         | 20/355 [00:00<00:14, 23.82it/s]
🧪 Computing descriptors:   7%|▋         | 24/355 [00:00<00:12, 26.51it/s]
🧪 Computing descriptors:   8%|▊         | 27/355 [00:01<00:12, 26.46it/s]
🧪 Computing descriptors:   8%|▊         | 30/355 [00:01<00:11, 27.12it/s]
🧪 Computing descriptors:   9%|▉         | 33/355 [00:01<00:11, 27.26it/s]
🧪 Computing descriptors:  10%|█         | 36/355 [00:01<00:11, 27.63it/s]
🧪 Computing descriptors:  11%|█         | 39/355 [00:01<00:11, 27.45it/s]
🧪 Computing descriptors:  12%|█▏        | 43/355 [00:01<00:10, 28.92it/s]
🧪 Computing descriptors:  13%|█▎        | 47/355 [00:01<00:11, 27.59it/s]
🧪 Computing descriptors:  14%|█▍        | 50/355 [00:01<00:11, 27.05it/s]
🧪 Computing descriptors:  15%|█▍        | 53/355 [00:02<00:11, 27.03it/s]
🧪 Computing descriptors:  16%|█▌        | 56/355 [00:02<00:11, 26.47it/s]
🧪 Computing descriptors:  17%|█▋        | 59/355 [00:02<00:11, 26.25it/s]
🧪 Computing descriptors:  17%|█▋        | 62/355 [00:02<00:11, 25.59it/s]
🧪 Computing descriptors:  18%|█▊        | 65/355 [00:02<00:11, 24.98it/s]
🧪 Computing descriptors:  19%|█▉        | 68/355 [00:02<00:11, 24.00it/s]
🧪 Computing descriptors:  20%|██        | 71/355 [00:02<00:12, 22.69it/s]
🧪 Computing descriptors:  21%|██        | 74/355 [00:02<00:12, 22.60it/s]
🧪 Computing descriptors:  22%|██▏       | 77/355 [00:03<00:12, 23.04it/s]
🧪 Computing descriptors:  23%|██▎       | 80/355 [00:03<00:11, 23.47it/s]
🧪 Computing descriptors:  23%|██▎       | 83/355 [00:03<00:11, 23.37it/s]
🧪 Computing descriptors:  24%|██▍       | 86/355 [00:03<00:11, 23.14it/s]
🧪 Computing descriptors:  25%|██▌       | 89/355 [00:03<00:11, 23.39it/s]
🧪 Computing descriptors:  26%|██▌       | 92/355 [00:03<00:10, 24.57it/s]
[15:30:24] [mem] running 7_metadata.py parent=60.9MB child_tree=153.9MB combined=214.8MB
🧪 Computing descriptors:  27%|██▋       | 95/355 [00:03<00:10, 25.56it/s]
🧪 Computing descriptors:  28%|██▊       | 99/355 [00:03<00:09, 27.98it/s]
🧪 Computing descriptors:  29%|██▉       | 103/355 [00:04<00:09, 27.27it/s]
🧪 Computing descriptors:  30%|██▉       | 106/355 [00:04<00:08, 27.94it/s]
🧪 Computing descriptors:  31%|███       | 109/355 [00:04<00:09, 27.16it/s]
🧪 Computing descriptors:  32%|███▏      | 112/355 [00:04<00:08, 27.58it/s]
🧪 Computing descriptors:  32%|███▏      | 115/355 [00:04<00:08, 27.99it/s]
🧪 Computing descriptors:  33%|███▎      | 118/355 [00:04<00:08, 28.28it/s]
🧪 Computing descriptors:  34%|███▍      | 121/355 [00:04<00:08, 28.60it/s]
🧪 Computing descriptors:  35%|███▍      | 124/355 [00:04<00:08, 27.26it/s]
🧪 Computing descriptors:  36%|███▌      | 127/355 [00:04<00:08, 26.35it/s]
🧪 Computing descriptors:  37%|███▋      | 130/355 [00:05<00:08, 26.81it/s]
🧪 Computing descriptors:  37%|███▋      | 133/355 [00:05<00:08, 27.30it/s]
🧪 Computing descriptors:  38%|███▊      | 136/355 [00:05<00:07, 27.99it/s]
🧪 Computing descriptors:  39%|███▉      | 140/355 [00:05<00:07, 29.37it/s]
🧪 Computing descriptors:  40%|████      | 143/355 [00:05<00:07, 28.15it/s]
🧪 Computing descriptors:  41%|████      | 146/355 [00:05<00:07, 26.36it/s]
🧪 Computing descriptors:  42%|████▏     | 149/355 [00:05<00:08, 23.88it/s]
🧪 Computing descriptors:  43%|████▎     | 152/355 [00:05<00:08, 24.36it/s]
🧪 Computing descriptors:  44%|████▎     | 155/355 [00:05<00:08, 24.50it/s]
🧪 Computing descriptors:  45%|████▍     | 158/355 [00:06<00:08, 24.12it/s]
🧪 Computing descriptors:  46%|████▌     | 162/355 [00:06<00:07, 26.74it/s]
🧪 Computing descriptors:  46%|████▋     | 165/355 [00:06<00:07, 27.07it/s]
🧪 Computing descriptors:  47%|████▋     | 168/355 [00:06<00:06, 26.72it/s]
🧪 Computing descriptors:  48%|████▊     | 171/355 [00:06<00:07, 25.55it/s]
🧪 Computing descriptors:  49%|████▉     | 174/355 [00:06<00:07, 25.26it/s]
🧪 Computing descriptors:  50%|████▉     | 177/355 [00:06<00:07, 24.59it/s]
🧪 Computing descriptors:  51%|█████     | 180/355 [00:06<00:07, 23.84it/s]
🧪 Computing descriptors:  52%|█████▏    | 183/355 [00:07<00:07, 24.31it/s]
🧪 Computing descriptors:  52%|█████▏    | 186/355 [00:07<00:06, 24.36it/s]
🧪 Computing descriptors:  53%|█████▎    | 189/355 [00:07<00:07, 20.92it/s]
🧪 Computing descriptors:  54%|█████▍    | 192/355 [00:07<00:07, 22.09it/s]
🧪 Computing descriptors:  55%|█████▍    | 195/355 [00:07<00:07, 21.99it/s]
🧪 Computing descriptors:  56%|█████▌    | 198/355 [00:07<00:07, 22.24it/s]
🧪 Computing descriptors:  57%|█████▋    | 201/355 [00:07<00:06, 23.42it/s]
🧪 Computing descriptors:  57%|█████▋    | 204/355 [00:08<00:06, 23.80it/s]
🧪 Computing descriptors:  58%|█████▊    | 207/355 [00:08<00:06, 23.36it/s]
🧪 Computing descriptors:  59%|█████▉    | 210/355 [00:08<00:06, 23.55it/s]
🧪 Computing descriptors:  60%|██████    | 213/355 [00:08<00:06, 22.65it/s]
🧪 Computing descriptors:  61%|██████    | 216/355 [00:08<00:05, 24.26it/s]
🧪 Computing descriptors:  62%|██████▏   | 219/355 [00:08<00:05, 24.35it/s]
🧪 Computing descriptors:  63%|██████▎   | 222/355 [00:08<00:05, 24.63it/s]
[15:30:29] [mem] running 7_metadata.py parent=61.2MB child_tree=154.2MB combined=215.4MB
🧪 Computing descriptors:  63%|██████▎   | 225/355 [00:08<00:05, 25.79it/s]
🧪 Computing descriptors:  64%|██████▍   | 228/355 [00:09<00:04, 25.82it/s]
🧪 Computing descriptors:  65%|██████▌   | 231/355 [00:09<00:04, 26.52it/s]
🧪 Computing descriptors:  66%|██████▌   | 234/355 [00:09<00:04, 25.01it/s]
🧪 Computing descriptors:  67%|██████▋   | 237/355 [00:09<00:04, 23.97it/s]
🧪 Computing descriptors:  68%|██████▊   | 240/355 [00:09<00:05, 22.63it/s]
🧪 Computing descriptors:  68%|██████▊   | 243/355 [00:09<00:05, 21.80it/s]
🧪 Computing descriptors:  69%|██████▉   | 246/355 [00:09<00:05, 20.68it/s]
🧪 Computing descriptors:  70%|███████   | 249/355 [00:09<00:05, 20.68it/s]
🧪 Computing descriptors:  71%|███████   | 252/355 [00:10<00:04, 21.27it/s]
🧪 Computing descriptors:  72%|███████▏  | 255/355 [00:10<00:04, 22.77it/s]
🧪 Computing descriptors:  73%|███████▎  | 258/355 [00:10<00:04, 24.09it/s]
🧪 Computing descriptors:  74%|███████▎  | 261/355 [00:10<00:03, 24.66it/s]
🧪 Computing descriptors:  74%|███████▍  | 264/355 [00:10<00:03, 25.05it/s]
🧪 Computing descriptors:  75%|███████▌  | 267/355 [00:10<00:03, 23.40it/s]
🧪 Computing descriptors:  76%|███████▌  | 270/355 [00:10<00:03, 23.24it/s]
🧪 Computing descriptors:  77%|███████▋  | 273/355 [00:10<00:03, 24.40it/s]
🧪 Computing descriptors:  78%|███████▊  | 276/355 [00:11<00:03, 25.04it/s]
🧪 Computing descriptors:  79%|███████▊  | 279/355 [00:11<00:03, 25.04it/s]
🧪 Computing descriptors:  79%|███████▉  | 282/355 [00:11<00:03, 23.85it/s]
🧪 Computing descriptors:  80%|████████  | 285/355 [00:11<00:02, 24.00it/s]
🧪 Computing descriptors:  81%|████████  | 288/355 [00:11<00:02, 22.62it/s]
🧪 Computing descriptors:  82%|████████▏ | 291/355 [00:11<00:02, 22.90it/s]
🧪 Computing descriptors:  83%|████████▎ | 294/355 [00:11<00:02, 22.37it/s]
🧪 Computing descriptors:  84%|████████▎ | 297/355 [00:12<00:02, 21.77it/s]
🧪 Computing descriptors:  85%|████████▍ | 300/355 [00:12<00:02, 22.01it/s]
🧪 Computing descriptors:  85%|████████▌ | 303/355 [00:12<00:02, 21.84it/s]
🧪 Computing descriptors:  86%|████████▌ | 306/355 [00:12<00:02, 22.67it/s]
🧪 Computing descriptors:  87%|████████▋ | 309/355 [00:12<00:01, 23.32it/s]
🧪 Computing descriptors:  88%|████████▊ | 312/355 [00:12<00:01, 23.50it/s]
🧪 Computing descriptors:  89%|████████▊ | 315/355 [00:12<00:01, 22.42it/s]
🧪 Computing descriptors:  90%|████████▉ | 318/355 [00:12<00:01, 22.54it/s]
🧪 Computing descriptors:  90%|█████████ | 321/355 [00:13<00:01, 23.39it/s]
🧪 Computing descriptors:  91%|█████████▏| 324/355 [00:13<00:01, 23.13it/s]
🧪 Computing descriptors:  92%|█████████▏| 327/355 [00:13<00:01, 23.20it/s]
🧪 Computing descriptors:  93%|█████████▎| 330/355 [00:13<00:01, 22.90it/s]
🧪 Computing descriptors:  94%|█████████▍| 333/355 [00:13<00:01, 21.51it/s]
🧪 Computing descriptors:  95%|█████████▍| 336/355 [00:13<00:00, 21.04it/s]
🧪 Computing descriptors:  95%|█████████▌| 339/355 [00:13<00:00, 20.96it/s]
[15:30:34] [mem] running 7_metadata.py parent=61.2MB child_tree=155.3MB combined=216.5MB
🧪 Computing descriptors:  96%|█████████▋| 342/355 [00:14<00:00, 21.30it/s]
🧪 Computing descriptors:  97%|█████████▋| 345/355 [00:14<00:00, 22.14it/s]
🧪 Computing descriptors:  98%|█████████▊| 348/355 [00:14<00:00, 22.85it/s]
🧪 Computing descriptors:  99%|█████████▉| 351/355 [00:14<00:00, 24.31it/s]
🧪 Computing descriptors: 100%|█████████▉| 354/355 [00:14<00:00, 24.88it/s]
🧪 Computing descriptors: 100%|██████████| 355/355 [00:14<00:00, 24.39it/s]
📊 Ligand metadata rows: total=352 success=352 failures=0
🎉 COMPLETE → Ligand_Metadata.csv
===================================================================
[15:30:35] [mem] after 7_metadata.py parent=61.2MB delta=+0.3MB combined_peak=216.5MB child_peak=155.3MB
[15:30:35] 🚀 Running 8_scaffold.py...
[15:30:35] 🐍 Pipeline Python: /app/.heroku/python/bin/python
[15:30:35] [mem] before 8_scaffold.py parent=61.2MB combined=61.2MB
[15:30:35] 🧵 Worker caps for 8_scaffold.py: pipeline_max=2 WARHEAD_SQCHK_MAX_WORKERS=2 WARHEAD_PDBMKR_MAX_WORKERS=2 WARHEAD_SASA_MAX_WORKERS=3 WARHEAD_METADATA_MAX_WORKERS=3 WARHEAD_MCS_MAX_WORKERS=3
[15:30:35] ⏱ No-output watchdog for 8_scaffold.py: 180s
[15:30:35] [mem] running 8_scaffold.py parent=61.2MB child_tree=0.5MB combined=61.7MB
📥 Loaded 522 rows from Resolved_SASA_Summary.csv
🔬 Found 1 protein targets.
✅ Stage 1 complete — base scaffold mapping and diversity scores saved.
[15:30:41] [mem] running 8_scaffold.py parent=61.2MB child_tree=126.1MB combined=187.3MB
[15:30:46] [mem] running 8_scaffold.py parent=61.2MB child_tree=126.2MB combined=187.4MB
🎉 Stage 2 complete — advanced scaffold data saved.
📦 All tables written to Target_Table/
[15:30:46] [mem] after 8_scaffold.py parent=61.2MB delta=+0.0MB combined_peak=187.4MB child_peak=126.2MB
[15:30:46] 🚀 Running 9_2Dmapping.py...
[15:30:46] 🐍 Pipeline Python: /app/.heroku/python/bin/python
[15:30:46] [mem] before 9_2Dmapping.py parent=61.2MB combined=61.2MB
[15:30:46] 🧵 Worker caps for 9_2Dmapping.py: pipeline_max=2 WARHEAD_SQCHK_MAX_WORKERS=2 WARHEAD_PDBMKR_MAX_WORKERS=2 WARHEAD_SASA_MAX_WORKERS=3 WARHEAD_METADATA_MAX_WORKERS=3 WARHEAD_MCS_MAX_WORKERS=3
[15:30:46] ⏱ No-output watchdog for 9_2Dmapping.py: 180s
[15:30:46] [mem] running 9_2Dmapping.py parent=61.2MB child_tree=0.5MB combined=61.7MB
📥 Loading: Resolved_SASA_Summary.csv
✅ Using: Target=Target, Ligand=Warhead, SMILES=SMILES
🧬 Generating atom-level mapping...
🎉 SUCCESS: All maps saved to Target_Table
[15:30:47] [mem] after 9_2Dmapping.py parent=61.2MB delta=+0.0MB combined_peak=162.5MB child_peak=101.3MB
[15:30:47] 🚀 Running 10_2DmappingExtraction.py...
[15:30:47] 🐍 Pipeline Python: /app/.heroku/python/bin/python
[15:30:47] [mem] before 10_2DmappingExtraction.py parent=61.2MB combined=61.2MB
[15:30:47] 🧵 Worker caps for 10_2DmappingExtraction.py: pipeline_max=2 WARHEAD_SQCHK_MAX_WORKERS=2 WARHEAD_PDBMKR_MAX_WORKERS=2 WARHEAD_SASA_MAX_WORKERS=3 WARHEAD_METADATA_MAX_WORKERS=3 WARHEAD_MCS_MAX_WORKERS=3
[15:30:47] ⏱ No-output watchdog for 10_2DmappingExtraction.py: 180s
[15:30:47] [mem] running 10_2DmappingExtraction.py parent=61.2MB child_tree=2.6MB combined=63.8MB
✅ Extracted ligand atom coordinates for 19360 atoms
💾 Saved → Ligand_3D_Atoms.csv
[15:30:47] [mem] after 10_2DmappingExtraction.py parent=61.2MB delta=+0.0MB combined_peak=63.8MB child_peak=2.6MB
[15:30:47] 🚀 Running 11_mcsMatcher.py...
[15:30:47] 🐍 Pipeline Python: /app/.heroku/python/bin/python
[15:30:47] [mem] before 11_mcsMatcher.py parent=61.2MB combined=61.2MB
[15:30:47] 🧵 Worker caps for 11_mcsMatcher.py: pipeline_max=2 WARHEAD_SQCHK_MAX_WORKERS=2 WARHEAD_PDBMKR_MAX_WORKERS=2 WARHEAD_SASA_MAX_WORKERS=3 WARHEAD_METADATA_MAX_WORKERS=3 WARHEAD_MCS_MAX_WORKERS=3
[15:30:47] ⏱ No-output watchdog for 11_mcsMatcher.py: 300s
[15:30:47] [mem] running 11_mcsMatcher.py parent=61.2MB child_tree=0.5MB combined=61.7MB
✅ Loaded 5CharMAP aliases: ligand3=60 ligand5=60
🚀 Running MCS on 527 ligand occurrences mode=isolated-sequential max_workers=1
⚙️ Using hard timeout (60s per ligand) via SIGALRM
⚙️ Step 11 heartbeat enabled=1 interval=20s progress_every=1
⚙️ Step 11 skip policy skip_bad_items=1 skip_stuck_items=1 item_isolation=1 max_item_failures=0
🔬 Step 11 item 1/527 start 7rc1_A_4IO_401
⚠️ Step 11 item skipped: 1/527 7rc1_A_4IO_401 stage=BUILD_ROWS reason=ITEM_FAILED
🖼️ Step 11 SVG ready 7rc1_A_4IO_401 mode=smiles
🔬 Step 11 item 1/527 done 7rc1_A_4IO_401 sdf=written mapped=23 all_atoms=32 dt=3.8s
⏳ Step 11 progress: 1/527
🔬 Step 11 item 2/527 start 7uup_A_4WI_401
⚠️ Step 11 item skipped: 2/527 7uup_A_4WI_401 stage=BUILD_ROWS reason=ITEM_FAILED
🖼️ Step 11 SVG ready 7uup_A_4WI_401 mode=smiles
🔬 Step 11 item 2/527 done 7uup_A_4WI_401 sdf=written mapped=35 all_atoms=35 dt=0.1s
⏳ Step 11 progress: 2/527
🔬 Step 11 item 3/527 start 8cae_A_4WI_401
⚠️ Step 11 item skipped: 3/527 8cae_A_4WI_401 stage=BUILD_ROWS reason=ITEM_FAILED
🖼️ Step 11 SVG ready 8cae_A_4WI_401 mode=smiles
🔬 Step 11 item 3/527 done 8cae_A_4WI_401 sdf=written mapped=35 all_atoms=35 dt=0.1s
⏳ Step 11 progress: 3/527
🔬 Step 11 item 4/527 start 8dcz_A_4WI_401
⚠️ Step 11 item skipped: 4/527 8dcz_A_4WI_401 stage=BUILD_ROWS reason=ITEM_FAILED
🖼️ Step 11 SVG ready 8dcz_A_4WI_401 mode=smiles
🔬 Step 11 item 4/527 done 8dcz_A_4WI_401 sdf=written mapped=35 all_atoms=35 dt=0.1s
⏳ Step 11 progress: 4/527
🔬 Step 11 item 5/527 start 8dcz_B_4WI_401
⚠️ Step 11 item skipped: 5/527 8dcz_B_4WI_401 stage=BUILD_ROWS reason=ITEM_FAILED
🖼️ Step 11 SVG ready 8dcz_B_4WI_401 mode=smiles
🔬 Step 11 item 5/527 done 8dcz_B_4WI_401 sdf=written mapped=35 all_atoms=35 dt=0.1s
⏳ Step 11 progress: 5/527
🔬 Step 11 item 6/527 start 8e5c_A_4WI_502
[15:30:52] WARNING: could not find number of expected rings. Switching to an approximate ring finding algorithm.
⚠️ Step 11 item skipped: 6/527 8e5c_A_4WI_502 stage=BUILD_ROWS reason=ITEM_FAILED
🖼️ Step 11 SVG ready 8e5c_A_4WI_502 mode=smiles
🔬 Step 11 item 6/527 done 8e5c_A_4WI_502 sdf=written mapped=35 all_atoms=70 dt=0.2s
⏳ Step 11 progress: 6/527
🔬 Step 11 item 7/527 start 9eev_A_4WI_401
⚠️ Step 11 item skipped: 7/527 9eev_A_4WI_401 stage=BUILD_ROWS reason=ITEM_FAILED
🖼️ Step 11 SVG ready 9eev_A_4WI_401 mode=smiles
🔬 Step 11 item 7/527 done 9eev_A_4WI_401 sdf=written mapped=35 all_atoms=35 dt=0.1s
⏳ Step 11 progress: 7/527
🔬 Step 11 item 8/527 start 9m9r_A_4WI_401
⚠️ Step 11 item skipped: 8/527 9m9r_A_4WI_401 stage=BUILD_ROWS reason=ITEM_FAILED
🖼️ Step 11 SVG ready 9m9r_A_4WI_401 mode=smiles
🔬 Step 11 item 8/527 done 9m9r_A_4WI_401 sdf=written mapped=35 all_atoms=35 dt=0.1s
⏳ Step 11 progress: 8/527
🔬 Step 11 item 9/527 start 9ma3_A_4WI_401
[15:30:52] [mem] running 11_mcsMatcher.py parent=61.2MB child_tree=132.4MB combined=193.6MB
⚠️ Step 11 item skipped: 9/527 9ma3_A_4WI_401 stage=BUILD_ROWS reason=ITEM_FAILED
🖼️ Step 11 SVG ready 9ma3_A_4WI_401 mode=smiles
🔬 Step 11 item 9/527 done 9ma3_A_4WI_401 sdf=written mapped=35 all_atoms=35 dt=0.1s
⏳ Step 11 progress: 9/527
🔬 Step 11 item 10/527 start 9ma6_A_4WI_401
⚠️ Step 11 item skipped: 10/527 9ma6_A_4WI_401 stage=BUILD_ROWS reason=ITEM_FAILED
🖼️ Step 11 SVG ready 9ma6_A_4WI_401 mode=smiles
🔬 Step 11 item 10/527 done 9ma6_A_4WI_401 sdf=written mapped=35 all_atoms=35 dt=0.1s
⏳ Step 11 progress: 10/527
🔬 Step 11 item 11/527 start 9ma6_B_4WI_401
⚠️ Step 11 item skipped: 11/527 9ma6_B_4WI_401 stage=BUILD_ROWS reason=ITEM_FAILED
🖼️ Step 11 SVG ready 9ma6_B_4WI_401 mode=smiles
🔬 Step 11 item 11/527 done 9ma6_B_4WI_401 sdf=written mapped=35 all_atoms=35 dt=0.1s
⏳ Step 11 progress: 11/527
🔬 Step 11 item 12/527 start 9z74_A_4WI_401
⚠️ Step 11 item skipped: 12/527 9z74_A_4WI_401 stage=BUILD_ROWS reason=ITEM_FAILED
🖼️ Step 11 SVG ready 9z74_A_4WI_401 mode=smiles
🔬 Step 11 item 12/527 done 9z74_A_4WI_401 sdf=written mapped=36 all_atoms=68 dt=0.1s
⏳ Step 11 progress: 12/527
🔬 Step 11 item 13/527 start 8ftl_A_5ZF_401
🖼️ Step 11 SVG ready 8ftl_A_5ZF_401 mode=smiles
🔬 Step 11 item 13/527 done 8ftl_A_5ZF_401 sdf=written mapped=35 all_atoms=35 dt=0.1s
⏳ Step 11 progress: 13/527
🔬 Step 11 item 14/527 start 8ftl_B_5ZF_401
🖼️ Step 11 SVG ready 8ftl_B_5ZF_401 mode=smiles
🔬 Step 11 item 14/527 done 8ftl_B_5ZF_401 sdf=written mapped=35 all_atoms=35 dt=0.1s
⏳ Step 11 progress: 14/527
🔬 Step 11 item 15/527 start 23lw_A_7ON_401
🖼️ Step 11 SVG ready 23lw_A_7ON_401 mode=smiles
🔬 Step 11 item 15/527 done 23lw_A_7ON_401 sdf=written mapped=45 all_atoms=45 dt=0.1s
⏳ Step 11 progress: 15/527
🔬 Step 11 item 16/527 start 23lw_B_7ON_401
🖼️ Step 11 SVG ready 23lw_B_7ON_401 mode=smiles
🔬 Step 11 item 16/527 done 23lw_B_7ON_401 sdf=written mapped=45 all_atoms=45 dt=0.1s
⏳ Step 11 progress: 16/527
🔬 Step 11 item 17/527 start 23lx_A_7ON_401
🖼️ Step 11 SVG ready 23lx_A_7ON_401 mode=smiles
🔬 Step 11 item 17/527 done 23lx_A_7ON_401 sdf=written mapped=45 all_atoms=45 dt=0.1s
⏳ Step 11 progress: 17/527
🔬 Step 11 item 18/527 start 23ly_A_7ON_401
🖼️ Step 11 SVG ready 23ly_A_7ON_401 mode=smiles
🔬 Step 11 item 18/527 done 23ly_A_7ON_401 sdf=written mapped=45 all_atoms=45 dt=0.1s
⏳ Step 11 progress: 18/527
🔬 Step 11 item 19/527 start 23ly_B_7ON_401
🖼️ Step 11 SVG ready 23ly_B_7ON_401 mode=smiles
🔬 Step 11 item 19/527 done 23ly_B_7ON_401 sdf=written mapped=45 all_atoms=45 dt=0.1s
⏳ Step 11 progress: 19/527
🔬 Step 11 item 20/527 start 23lz_A_7ON_402
🖼️ Step 11 SVG ready 23lz_A_7ON_402 mode=smiles
🔬 Step 11 item 20/527 done 23lz_A_7ON_402 sdf=written mapped=45 all_atoms=45 dt=0.1s
⏳ Step 11 progress: 20/527
🔬 Step 11 item 21/527 start 23lz_B_7ON_402
🖼️ Step 11 SVG ready 23lz_B_7ON_402 mode=smiles
🔬 Step 11 item 21/527 done 23lz_B_7ON_402 sdf=written mapped=45 all_atoms=45 dt=0.1s
⏳ Step 11 progress: 21/527
🔬 Step 11 item 22/527 start 23lz_D_7ON_402
🖼️ Step 11 SVG ready 23lz_D_7ON_402 mode=smiles
🔬 Step 11 item 22/527 done 23lz_D_7ON_402 sdf=written mapped=45 all_atoms=45 dt=0.1s
⏳ Step 11 progress: 22/527
🔬 Step 11 item 23/527 start 23lz_C_7ON_403
🖼️ Step 11 SVG ready 23lz_C_7ON_403 mode=smiles
🔬 Step 11 item 23/527 done 23lz_C_7ON_403 sdf=written mapped=45 all_atoms=45 dt=0.1s
⏳ Step 11 progress: 23/527
🔬 Step 11 item 24/527 start 23ma_A_7ON_401
🖼️ Step 11 SVG ready 23ma_A_7ON_401 mode=smiles
🔬 Step 11 item 24/527 done 23ma_A_7ON_401 sdf=written mapped=45 all_atoms=45 dt=0.1s
⏳ Step 11 progress: 24/527
🔬 Step 11 item 25/527 start 23ma_B_7ON_402
🖼️ Step 11 SVG ready 23ma_B_7ON_402 mode=smiles
🔬 Step 11 item 25/527 done 23ma_B_7ON_402 sdf=written mapped=45 all_atoms=45 dt=0.1s
⏳ Step 11 progress: 25/527
🔬 Step 11 item 26/527 start 23mc_A_7ON_401
🖼️ Step 11 SVG ready 23mc_A_7ON_401 mode=smiles
🔬 Step 11 item 26/527 done 23mc_A_7ON_401 sdf=written mapped=45 all_atoms=45 dt=0.1s
⏳ Step 11 progress: 26/527
🔬 Step 11 item 27/527 start 23mc_B_7ON_401
🖼️ Step 11 SVG ready 23mc_B_7ON_401 mode=smiles
🔬 Step 11 item 27/527 done 23mc_B_7ON_401 sdf=written mapped=45 all_atoms=45 dt=0.1s
⏳ Step 11 progress: 27/527
🔬 Step 11 item 28/527 start 23me_A_7ON_401
🖼️ Step 11 SVG ready 23me_A_7ON_401 mode=smiles
🔬 Step 11 item 28/527 done 23me_A_7ON_401 sdf=written mapped=45 all_atoms=45 dt=0.1s
⏳ Step 11 progress: 28/527
🔬 Step 11 item 29/527 start 23me_B_7ON_401
🖼️ Step 11 SVG ready 23me_B_7ON_401 mode=smiles
🔬 Step 11 item 29/527 done 23me_B_7ON_401 sdf=written mapped=45 all_atoms=45 dt=0.1s
⏳ Step 11 progress: 29/527
🔬 Step 11 item 30/527 start 23mh_A_7ON_401
🖼️ Step 11 SVG ready 23mh_A_7ON_401 mode=smiles
🔬 Step 11 item 30/527 done 23mh_A_7ON_401 sdf=written mapped=45 all_atoms=45 dt=0.1s
⏳ Step 11 progress: 30/527
🔬 Step 11 item 31/527 start 23mh_B_7ON_401
🖼️ Step 11 SVG ready 23mh_B_7ON_401 mode=smiles
🔬 Step 11 item 31/527 done 23mh_B_7ON_401 sdf=written mapped=45 all_atoms=45 dt=0.1s
⏳ Step 11 progress: 31/527
🔬 Step 11 item 32/527 start 23mj_A_7ON_401
🖼️ Step 11 SVG ready 23mj_A_7ON_401 mode=smiles
🔬 Step 11 item 32/527 done 23mj_A_7ON_401 sdf=written mapped=45 all_atoms=45 dt=0.1s
⏳ Step 11 progress: 32/527
🔬 Step 11 item 33/527 start 23mj_B_7ON_401
🖼️ Step 11 SVG ready 23mj_B_7ON_401 mode=smiles
🔬 Step 11 item 33/527 done 23mj_B_7ON_401 sdf=written mapped=45 all_atoms=45 dt=0.1s
⏳ Step 11 progress: 33/527
🔬 Step 11 item 34/527 start 23mk_A_7ON_401
🖼️ Step 11 SVG ready 23mk_A_7ON_401 mode=smiles
🔬 Step 11 item 34/527 done 23mk_A_7ON_401 sdf=written mapped=45 all_atoms=45 dt=0.1s
⏳ Step 11 progress: 34/527
🔬 Step 11 item 35/527 start 23ml_A_7ON_401
🖼️ Step 11 SVG ready 23ml_A_7ON_401 mode=smiles
🔬 Step 11 item 35/527 done 23ml_A_7ON_401 sdf=written mapped=45 all_atoms=45 dt=0.1s
⏳ Step 11 progress: 35/527
🔬 Step 11 item 36/527 start 23ml_B_7ON_401
🖼️ Step 11 SVG ready 23ml_B_7ON_401 mode=smiles
🔬 Step 11 item 36/527 done 23ml_B_7ON_401 sdf=written mapped=45 all_atoms=45 dt=0.1s
⏳ Step 11 progress: 36/527
🔬 Step 11 item 37/527 start 8okl_A_83N_401
⚠️ Step 11 item skipped: 37/527 8okl_A_83N_401 stage=BUILD_ROWS reason=ITEM_FAILED
🖼️ Step 11 SVG ready 8okl_A_83N_401 mode=smiles
🔬 Step 11 item 37/527 done 8okl_A_83N_401 sdf=written mapped=34 all_atoms=73 dt=0.1s
⏳ Step 11 progress: 37/527
🔬 Step 11 item 38/527 start 8okl_B_83N_401
⚠️ Step 11 item skipped: 38/527 8okl_B_83N_401 stage=BUILD_ROWS reason=ITEM_FAILED
🖼️ Step 11 SVG ready 8okl_B_83N_401 mode=smiles
🔬 Step 11 item 38/527 done 8okl_B_83N_401 sdf=written mapped=34 all_atoms=73 dt=0.1s
⏳ Step 11 progress: 38/527
🔬 Step 11 item 39/527 start 8okn_A_83W_401
⚠️ Step 11 item skipped: 39/527 8okn_A_83W_401 stage=BUILD_ROWS reason=ITEM_FAILED
🖼️ Step 11 SVG ready 8okn_A_83W_401 mode=smiles
🔬 Step 11 item 39/527 done 8okn_A_83W_401 sdf=written mapped=36 all_atoms=79 dt=0.1s
⏳ Step 11 progress: 39/527
🔬 Step 11 item 40/527 start 8okn_B_83W_401
⚠️ Step 11 item skipped: 40/527 8okn_B_83W_401 stage=BUILD_ROWS reason=ITEM_FAILED
🖼️ Step 11 SVG ready 8okn_B_83W_401 mode=smiles
🔬 Step 11 item 40/527 done 8okn_B_83W_401 sdf=written mapped=36 all_atoms=79 dt=0.1s
⏳ Step 11 progress: 40/527
🔬 Step 11 item 41/527 start 8okm_A_84C_401
⚠️ Step 11 item skipped: 41/527 8okm_A_84C_401 stage=BUILD_ROWS reason=ITEM_FAILED
🖼️ Step 11 SVG ready 8okm_A_84C_401 mode=smiles
🔬 Step 11 item 41/527 done 8okm_A_84C_401 sdf=written mapped=35 all_atoms=76 dt=0.1s
⏳ Step 11 progress: 41/527
🔬 Step 11 item 42/527 start 8okm_B_84C_401
⚠️ Step 11 item skipped: 42/527 8okm_B_84C_401 stage=BUILD_ROWS reason=ITEM_FAILED
🖼️ Step 11 SVG ready 8okm_B_84C_401 mode=smiles
🔬 Step 11 item 42/527 done 8okm_B_84C_401 sdf=written mapped=35 all_atoms=76 dt=0.1s
⏳ Step 11 progress: 42/527
🔬 Step 11 item 43/527 start 7gdd_A_860_403
🖼️ Step 11 SVG ready 7gdd_A_860_403 mode=smiles
🔬 Step 11 item 43/527 done 7gdd_A_860_403 sdf=written mapped=21 all_atoms=21 dt=0.1s
⏳ Step 11 progress: 43/527
🔬 Step 11 item 44/527 start 7sf1_A_8ZI_401
[15:30:57] [mem] running 11_mcsMatcher.py parent=61.2MB child_tree=132.8MB combined=194.0MB
🖼️ Step 11 SVG ready 7sf1_A_8ZI_401 mode=smiles
🔬 Step 11 item 44/527 done 7sf1_A_8ZI_401 sdf=written mapped=39 all_atoms=39 dt=0.1s
⏳ Step 11 progress: 44/527
🔬 Step 11 item 45/527 start 7sf3_A_90H_401
🖼️ Step 11 SVG ready 7sf3_A_90H_401 mode=smiles
🔬 Step 11 item 45/527 done 7sf3_A_90H_401 sdf=written mapped=39 all_atoms=39 dt=0.1s
⏳ Step 11 progress: 45/527
🔬 Step 11 item 46/527 start 7q5e_A_90I_401
⚠️ Step 11 item skipped: 46/527 7q5e_A_90I_401 stage=BUILD_ROWS reason=ITEM_FAILED
🖼️ Step 11 SVG ready 7q5e_A_90I_401 mode=smiles
🔬 Step 11 item 46/527 done 7q5e_A_90I_401 sdf=written mapped=39 all_atoms=74 dt=0.1s
⏳ Step 11 progress: 46/527
🔬 Step 11 item 47/527 start 7q5e_B_90I_401
⚠️ Step 11 item skipped: 47/527 7q5e_B_90I_401 stage=BUILD_ROWS reason=ITEM_FAILED
🖼️ Step 11 SVG ready 7q5e_B_90I_401 mode=smiles
🔬 Step 11 item 47/527 done 7q5e_B_90I_401 sdf=written mapped=39 all_atoms=74 dt=0.1s
⏳ Step 11 progress: 47/527
🔬 Step 11 item 48/527 start 7sfb_A_90U_401
🖼️ Step 11 SVG ready 7sfb_A_90U_401 mode=smiles
🔬 Step 11 item 48/527 done 7sfb_A_90U_401 sdf=written mapped=34 all_atoms=34 dt=0.1s
⏳ Step 11 progress: 48/527
🔬 Step 11 item 49/527 start 7q5f_A_90X_401
⚠️ Step 11 item skipped: 49/527 7q5f_A_90X_401 stage=BUILD_ROWS reason=ITEM_FAILED
🖼️ Step 11 SVG ready 7q5f_A_90X_401 mode=smiles
🔬 Step 11 item 49/527 done 7q5f_A_90X_401 sdf=written mapped=41 all_atoms=94 dt=0.1s
⏳ Step 11 progress: 49/527
🔬 Step 11 item 50/527 start 7q5f_B_90X_401
⚠️ Step 11 item skipped: 50/527 7q5f_B_90X_401 stage=BUILD_ROWS reason=ITEM_FAILED
🖼️ Step 11 SVG ready 7q5f_B_90X_401 mode=smiles
🔬 Step 11 item 50/527 done 7q5f_B_90X_401 sdf=written mapped=41 all_atoms=94 dt=0.1s
⏳ Step 11 progress: 50/527
🔬 Step 11 item 51/527 start 7sfh_A_91I_401
🖼️ Step 11 SVG ready 7sfh_A_91I_401 mode=smiles
🔬 Step 11 item 51/527 done 7sfh_A_91I_401 sdf=written mapped=34 all_atoms=34 dt=0.1s
⏳ Step 11 progress: 51/527
🔬 Step 11 item 52/527 start 7sfi_A_91Z_401
🖼️ Step 11 SVG ready 7sfi_A_91Z_401 mode=smiles
🔬 Step 11 item 52/527 done 7sfi_A_91Z_401 sdf=written mapped=37 all_atoms=37 dt=0.1s
⏳ Step 11 progress: 52/527
🔬 Step 11 item 53/527 start 7sgh_A_99W_401
⚠️ Step 11 item skipped: 53/527 7sgh_A_99W_401 stage=BUILD_ROWS reason=ITEM_FAILED
🖼️ Step 11 SVG ready 7sgh_A_99W_401 mode=smiles
🔬 Step 11 item 53/527 done 7sgh_A_99W_401 sdf=written mapped=32 all_atoms=32 dt=0.1s
⏳ Step 11 progress: 53/527
🔬 Step 11 item 54/527 start 7sgh_B_99W_401
⚠️ Step 11 item skipped: 54/527 7sgh_B_99W_401 stage=BUILD_ROWS reason=ITEM_FAILED
🖼️ Step 11 SVG ready 7sgh_B_99W_401 mode=smiles
🔬 Step 11 item 54/527 done 7sgh_B_99W_401 sdf=written mapped=32 all_atoms=32 dt=0.1s
⏳ Step 11 progress: 54/527
🔬 Step 11 item 55/527 start 7sgh_C_99W_401
⚠️ Step 11 item skipped: 55/527 7sgh_C_99W_401 stage=BUILD_ROWS reason=ITEM_FAILED
🖼️ Step 11 SVG ready 7sgh_C_99W_401 mode=smiles
🔬 Step 11 item 55/527 done 7sgh_C_99W_401 sdf=written mapped=32 all_atoms=32 dt=0.1s
⏳ Step 11 progress: 55/527
🔬 Step 11 item 56/527 start 7sgh_D_99W_401
⚠️ Step 11 item skipped: 56/527 7sgh_D_99W_401 stage=BUILD_ROWS reason=ITEM_FAILED
🖼️ Step 11 SVG ready 7sgh_D_99W_401 mode=smiles
🔬 Step 11 item 56/527 done 7sgh_D_99W_401 sdf=written mapped=32 all_atoms=32 dt=0.1s
⏳ Step 11 progress: 56/527
🔬 Step 11 item 57/527 start 7bfb_A_9JT_401
⚠️ Step 11 item skipped: 57/527 7bfb_A_9JT_401 stage=BUILD_ROWS reason=ITEM_FAILED
🖼️ Step 11 SVG ready 7bfb_A_9JT_401 mode=smiles
🔬 Step 11 item 57/527 done 7bfb_A_9JT_401 sdf=written mapped=8 all_atoms=12 dt=0.1s
⏳ Step 11 progress: 57/527
🔬 Step 11 item 58/527 start 7bfb_A_9JT_402
⚠️ Step 11 item skipped: 58/527 7bfb_A_9JT_402 stage=BUILD_ROWS reason=ITEM_FAILED
🖼️ Step 11 SVG ready 7bfb_A_9JT_402 mode=smiles
🔬 Step 11 item 58/527 done 7bfb_A_9JT_402 sdf=written mapped=1 all_atoms=1 dt=0.1s
⏳ Step 11 progress: 58/527
🔬 Step 11 item 59/527 start 7bfb_A_9JT_403
⚠️ Step 11 item skipped: 59/527 7bfb_A_9JT_403 stage=BUILD_ROWS reason=ITEM_FAILED
🖼️ Step 11 SVG ready 7bfb_A_9JT_403 mode=smiles
🔬 Step 11 item 59/527 done 7bfb_A_9JT_403 sdf=written mapped=7 all_atoms=11 dt=0.1s
⏳ Step 11 progress: 59/527
🔬 Step 11 item 60/527 start 7bfb_B_9JT_1002
⚠️ Step 11 item skipped: 60/527 7bfb_B_9JT_1002 stage=BUILD_ROWS reason=ITEM_FAILED
🖼️ Step 11 SVG ready 7bfb_B_9JT_1002 mode=smiles
🔬 Step 11 item 60/527 done 7bfb_B_9JT_1002 sdf=written mapped=7 all_atoms=11 dt=0.1s
⏳ Step 11 progress: 60/527
🔬 Step 11 item 61/527 start 7bfb_B_9JT_1005
⚠️ Step 11 item skipped: 61/527 7bfb_B_9JT_1005 stage=BUILD_ROWS reason=ITEM_FAILED
🖼️ Step 11 SVG ready 7bfb_B_9JT_1005 mode=smiles
🔬 Step 11 item 61/527 done 7bfb_B_9JT_1005 sdf=written mapped=7 all_atoms=13 dt=0.1s
⏳ Step 11 progress: 61/527
🔬 Step 11 item 62/527 start 8p5c_A_9M5_401
⚠️ Step 11 item skipped: 62/527 8p5c_A_9M5_401 stage=BUILD_ROWS reason=ITEM_FAILED
🖼️ Step 11 SVG ready 8p5c_A_9M5_401 mode=smiles
🔬 Step 11 item 62/527 done 8p5c_A_9M5_401 sdf=written mapped=34 all_atoms=66 dt=0.1s
⏳ Step 11 progress: 62/527
🔬 Step 11 item 63/527 start 8p5c_B_9M5_401
⚠️ Step 11 item skipped: 63/527 8p5c_B_9M5_401 stage=BUILD_ROWS reason=ITEM_FAILED
🖼️ Step 11 SVG ready 8p5c_B_9M5_401 mode=smiles
🔬 Step 11 item 63/527 done 8p5c_B_9M5_401 sdf=written mapped=34 all_atoms=66 dt=0.1s
⏳ Step 11 progress: 63/527
🔬 Step 11 item 64/527 start 12af_A_A00_402
⚠️ Step 11 item skipped: 64/527 12af_A_A00_402 stage=NO_2D_OUTPUT_ALL reason=MISSING_2D
🖼️ Step 11 SVG ready 12af_A_A00_402 mode=sdf_fallback
🔬 Step 11 item 64/527 done 12af_A_A00_402 sdf=written mapped=0 all_atoms=64 dt=0.1s
⏳ Step 11 progress: 64/527
🔬 Step 11 item 65/527 start 11ro_A_A01_401
⚠️ Step 11 item skipped: 65/527 11ro_A_A01_401 stage=NO_2D_OUTPUT_ALL reason=MISSING_2D
🖼️ Step 11 SVG ready 11ro_A_A01_401 mode=sdf_fallback
🔬 Step 11 item 65/527 done 11ro_A_A01_401 sdf=written mapped=0 all_atoms=68 dt=0.1s
⏳ Step 11 progress: 65/527
🔬 Step 11 item 66/527 start 23mb_A_A02_401
⚠️ Step 11 item skipped: 66/527 23mb_A_A02_401 stage=NO_2D_OUTPUT_ALL reason=MISSING_2D
🖼️ Step 11 SVG ready 23mb_A_A02_401 mode=sdf_fallback
🔬 Step 11 item 66/527 done 23mb_A_A02_401 sdf=written mapped=0 all_atoms=45 dt=0.1s
⏳ Step 11 progress: 66/527
🔬 Step 11 item 67/527 start 23mb_B_A02_401
⚠️ Step 11 item skipped: 67/527 23mb_B_A02_401 stage=NO_2D_OUTPUT_ALL reason=MISSING_2D
🖼️ Step 11 SVG ready 23mb_B_A02_401 mode=sdf_fallback
🔬 Step 11 item 67/527 done 23mb_B_A02_401 sdf=written mapped=0 all_atoms=45 dt=0.1s
⏳ Step 11 progress: 67/527
🔬 Step 11 item 68/527 start 23md_A_A02_401
⚠️ Step 11 item skipped: 68/527 23md_A_A02_401 stage=NO_2D_OUTPUT_ALL reason=MISSING_2D
🖼️ Step 11 SVG ready 23md_A_A02_401 mode=sdf_fallback
🔬 Step 11 item 68/527 done 23md_A_A02_401 sdf=written mapped=0 all_atoms=45 dt=0.1s
⏳ Step 11 progress: 68/527
🔬 Step 11 item 69/527 start 23md_B_A02_401
⚠️ Step 11 item skipped: 69/527 23md_B_A02_401 stage=NO_2D_OUTPUT_ALL reason=MISSING_2D
🖼️ Step 11 SVG ready 23md_B_A02_401 mode=sdf_fallback
🔬 Step 11 item 69/527 done 23md_B_A02_401 sdf=written mapped=0 all_atoms=45 dt=0.1s
⏳ Step 11 progress: 69/527
🔬 Step 11 item 70/527 start 23mf_A_A02_401
⚠️ Step 11 item skipped: 70/527 23mf_A_A02_401 stage=NO_2D_OUTPUT_ALL reason=MISSING_2D
🖼️ Step 11 SVG ready 23mf_A_A02_401 mode=sdf_fallback
🔬 Step 11 item 70/527 done 23mf_A_A02_401 sdf=written mapped=0 all_atoms=45 dt=0.1s
⏳ Step 11 progress: 70/527
🔬 Step 11 item 71/527 start 23mf_B_A02_401
⚠️ Step 11 item skipped: 71/527 23mf_B_A02_401 stage=NO_2D_OUTPUT_ALL reason=MISSING_2D
🖼️ Step 11 SVG ready 23mf_B_A02_401 mode=sdf_fallback
🔬 Step 11 item 71/527 done 23mf_B_A02_401 sdf=written mapped=0 all_atoms=45 dt=0.1s
⏳ Step 11 progress: 71/527
🔬 Step 11 item 72/527 start 23mg_A_A02_401
⚠️ Step 11 item skipped: 72/527 23mg_A_A02_401 stage=NO_2D_OUTPUT_ALL reason=MISSING_2D
🖼️ Step 11 SVG ready 23mg_A_A02_401 mode=sdf_fallback
🔬 Step 11 item 72/527 done 23mg_A_A02_401 sdf=written mapped=0 all_atoms=45 dt=0.1s
⏳ Step 11 progress: 72/527
🔬 Step 11 item 73/527 start 23mg_B_A02_401
⚠️ Step 11 item skipped: 73/527 23mg_B_A02_401 stage=NO_2D_OUTPUT_ALL reason=MISSING_2D
🖼️ Step 11 SVG ready 23mg_B_A02_401 mode=sdf_fallback
🔬 Step 11 item 73/527 done 23mg_B_A02_401 sdf=written mapped=0 all_atoms=45 dt=0.1s
⏳ Step 11 progress: 73/527
🔬 Step 11 item 74/527 start 23mi_A_A02_401
⚠️ Step 11 item skipped: 74/527 23mi_A_A02_401 stage=NO_2D_OUTPUT_ALL reason=MISSING_2D
🖼️ Step 11 SVG ready 23mi_A_A02_401 mode=sdf_fallback
🔬 Step 11 item 74/527 done 23mi_A_A02_401 sdf=written mapped=0 all_atoms=45 dt=0.1s
⏳ Step 11 progress: 74/527
🔬 Step 11 item 75/527 start 23mi_B_A02_401
⚠️ Step 11 item skipped: 75/527 23mi_B_A02_401 stage=NO_2D_OUTPUT_ALL reason=MISSING_2D
🖼️ Step 11 SVG ready 23mi_B_A02_401 mode=sdf_fallback
🔬 Step 11 item 75/527 done 23mi_B_A02_401 sdf=written mapped=0 all_atoms=45 dt=0.1s
⏳ Step 11 progress: 75/527
🔬 Step 11 item 76/527 start 8aj1_A_A03_401
🖼️ Step 11 SVG ready 8aj1_A_A03_401 mode=smiles
🔬 Step 11 item 76/527 done 8aj1_A_A03_401 sdf=written mapped=39 all_atoms=39 dt=0.1s
⏳ Step 11 progress: 76/527
🔬 Step 11 item 77/527 start 8rjv_A_A04_401
⚠️ Step 11 item skipped: 77/527 8rjv_A_A04_401 stage=BUILD_ROWS reason=ITEM_FAILED
🖼️ Step 11 SVG ready 8rjv_A_A04_401 mode=smiles
🔬 Step 11 item 77/527 done 8rjv_A_A04_401 sdf=written mapped=36 all_atoms=60 dt=0.1s
⏳ Step 11 progress: 77/527
🔬 Step 11 item 78/527 start 8rjy_A_A05_401
⚠️ Step 11 item skipped: 78/527 8rjy_A_A05_401 stage=BUILD_ROWS reason=ITEM_FAILED
🖼️ Step 11 SVG ready 8rjy_A_A05_401 mode=smiles
🔬 Step 11 item 78/527 done 8rjy_A_A05_401 sdf=written mapped=40 all_atoms=72 dt=0.1s
⏳ Step 11 progress: 78/527
🔬 Step 11 item 79/527 start 8w1t_A_A06_406
🖼️ Step 11 SVG ready 8w1t_A_A06_406 mode=smiles
🔬 Step 11 item 79/527 done 8w1t_A_A06_406 sdf=written mapped=29 all_atoms=29 dt=0.1s
⏳ Step 11 progress: 79/527
🔬 Step 11 item 80/527 start 8w1t_B_A06_406
🖼️ Step 11 SVG ready 8w1t_B_A06_406 mode=smiles
🔬 Step 11 item 80/527 done 8w1t_B_A06_406 sdf=written mapped=29 all_atoms=29 dt=0.1s
⏳ Step 11 progress: 80/527
🔬 Step 11 item 81/527 start 8w1t_B_A07_405
🖼️ Step 11 SVG ready 8w1t_B_A07_405 mode=smiles
🔬 Step 11 item 81/527 done 8w1t_B_A07_405 sdf=written mapped=29 all_atoms=29 dt=0.1s
⏳ Step 11 progress: 81/527
🔬 Step 11 item 82/527 start 8w1t_A_A07_407
🖼️ Step 11 SVG ready 8w1t_A_A07_407 mode=smiles
🔬 Step 11 item 82/527 done 8w1t_A_A07_407 sdf=written mapped=29 all_atoms=29 dt=0.1s
⏳ Step 11 progress: 82/527
🔬 Step 11 item 83/527 start 8w1u_A_A08_401
🖼️ Step 11 SVG ready 8w1u_A_A08_401 mode=smiles
🔬 Step 11 item 83/527 done 8w1u_A_A08_401 sdf=written mapped=34 all_atoms=34 dt=0.1s
⏳ Step 11 progress: 83/527
🔬 Step 11 item 84/527 start 8w1u_B_A08_401
🖼️ Step 11 SVG ready 8w1u_B_A08_401 mode=smiles
🔬 Step 11 item 84/527 done 8w1u_B_A08_401 sdf=written mapped=34 all_atoms=34 dt=0.1s
⏳ Step 11 progress: 84/527
🔬 Step 11 item 85/527 start 8y42_A_A09_401
[15:31:02] WARNING: More than one matching pattern found - picking one
🖼️ Step 11 SVG ready 8y42_A_A09_401 mode=smiles
🔬 Step 11 item 85/527 done 8y42_A_A09_401 sdf=written mapped=37 all_atoms=37 dt=0.1s
⏳ Step 11 progress: 85/527
🔬 Step 11 item 86/527 start 8y42_B_A09_401
[15:31:02] WARNING: More than one matching pattern found - picking one
🖼️ Step 11 SVG ready 8y42_B_A09_401 mode=smiles
🔬 Step 11 item 86/527 done 8y42_B_A09_401 sdf=written mapped=37 all_atoms=37 dt=0.1s
⏳ Step 11 progress: 86/527
🔬 Step 11 item 87/527 start 8y42_C_A09_401
[15:31:03] WARNING: More than one matching pattern found - picking one
🖼️ Step 11 SVG ready 8y42_C_A09_401 mode=smiles
🔬 Step 11 item 87/527 done 8y42_C_A09_401 sdf=written mapped=37 all_atoms=37 dt=0.1s
⏳ Step 11 progress: 87/527
🔬 Step 11 item 88/527 start 8y42_D_A09_401
[15:31:03] [mem] running 11_mcsMatcher.py parent=61.2MB child_tree=222.6MB combined=283.8MB
[15:31:03] WARNING: More than one matching pattern found - picking one
🖼️ Step 11 SVG ready 8y42_D_A09_401 mode=smiles
🔬 Step 11 item 88/527 done 8y42_D_A09_401 sdf=written mapped=37 all_atoms=37 dt=0.1s
⏳ Step 11 progress: 88/527
🔬 Step 11 item 89/527 start 8y44_A_A10_401
[15:31:03] WARNING: More than one matching pattern found - picking one
🖼️ Step 11 SVG ready 8y44_A_A10_401 mode=smiles
🔬 Step 11 item 89/527 done 8y44_A_A10_401 sdf=written mapped=39 all_atoms=39 dt=0.1s
⏳ Step 11 progress: 89/527
🔬 Step 11 item 90/527 start 8y44_B_A10_401
[15:31:03] WARNING: More than one matching pattern found - picking one
🖼️ Step 11 SVG ready 8y44_B_A10_401 mode=smiles
🔬 Step 11 item 90/527 done 8y44_B_A10_401 sdf=written mapped=39 all_atoms=39 dt=0.1s
⏳ Step 11 progress: 90/527
🔬 Step 11 item 91/527 start 8yls_A_A11_401
🖼️ Step 11 SVG ready 8yls_A_A11_401 mode=smiles
🔬 Step 11 item 91/527 done 8yls_A_A11_401 sdf=written mapped=31 all_atoms=31 dt=0.1s
⏳ Step 11 progress: 91/527
🔬 Step 11 item 92/527 start 8zbp_A_A12_401
🖼️ Step 11 SVG ready 8zbp_A_A12_401 mode=smiles
🔬 Step 11 item 92/527 done 8zbp_A_A12_401 sdf=written mapped=68 all_atoms=68 dt=0.1s
⏳ Step 11 progress: 92/527
🔬 Step 11 item 93/527 start 9bbp_A_A13_405
🖼️ Step 11 SVG ready 9bbp_A_A13_405 mode=smiles
🔬 Step 11 item 93/527 done 9bbp_A_A13_405 sdf=written mapped=34 all_atoms=34 dt=0.1s
⏳ Step 11 progress: 93/527
🔬 Step 11 item 94/527 start 9dtz_A_A14_401
🖼️ Step 11 SVG ready 9dtz_A_A14_401 mode=smiles
🔬 Step 11 item 94/527 done 9dtz_A_A14_401 sdf=written mapped=32 all_atoms=32 dt=0.1s
⏳ Step 11 progress: 94/527
🔬 Step 11 item 95/527 start 9dtz_B_A14_401
🖼️ Step 11 SVG ready 9dtz_B_A14_401 mode=smiles
🔬 Step 11 item 95/527 done 9dtz_B_A14_401 sdf=written mapped=32 all_atoms=32 dt=0.1s
⏳ Step 11 progress: 95/527
🔬 Step 11 item 96/527 start 9du2_A_A15_401
🖼️ Step 11 SVG ready 9du2_A_A15_401 mode=smiles
🔬 Step 11 item 96/527 done 9du2_A_A15_401 sdf=written mapped=31 all_atoms=31 dt=0.1s
⏳ Step 11 progress: 96/527
🔬 Step 11 item 97/527 start 9du2_B_A15_401
🖼️ Step 11 SVG ready 9du2_B_A15_401 mode=smiles
🔬 Step 11 item 97/527 done 9du2_B_A15_401 sdf=written mapped=31 all_atoms=31 dt=0.1s
⏳ Step 11 progress: 97/527
🔬 Step 11 item 98/527 start 9du3_A_A16_401
🖼️ Step 11 SVG ready 9du3_A_A16_401 mode=smiles
🔬 Step 11 item 98/527 done 9du3_A_A16_401 sdf=written mapped=32 all_atoms=32 dt=0.1s
⏳ Step 11 progress: 98/527
🔬 Step 11 item 99/527 start 9du4_A_A17_401
🖼️ Step 11 SVG ready 9du4_A_A17_401 mode=smiles
🔬 Step 11 item 99/527 done 9du4_A_A17_401 sdf=written mapped=31 all_atoms=31 dt=0.1s
⏳ Step 11 progress: 99/527
🔬 Step 11 item 100/527 start 9du4_B_A17_401
🖼️ Step 11 SVG ready 9du4_B_A17_401 mode=smiles
🔬 Step 11 item 100/527 done 9du4_B_A17_401 sdf=written mapped=31 all_atoms=31 dt=0.1s
⏳ Step 11 progress: 100/527
🔬 Step 11 item 101/527 start 9e7b_A_A18_401
⚠️ Step 11 item skipped: 101/527 9e7b_A_A18_401 stage=BUILD_ROWS reason=ITEM_FAILED
🖼️ Step 11 SVG ready 9e7b_A_A18_401 mode=smiles
🔬 Step 11 item 101/527 done 9e7b_A_A18_401 sdf=written mapped=38 all_atoms=68 dt=0.1s
⏳ Step 11 progress: 101/527
🔬 Step 11 item 102/527 start 9e7s_A_A18_401
⚠️ Step 11 item skipped: 102/527 9e7s_A_A18_401 stage=BUILD_ROWS reason=ITEM_FAILED
🖼️ Step 11 SVG ready 9e7s_A_A18_401 mode=smiles
🔬 Step 11 item 102/527 done 9e7s_A_A18_401 sdf=written mapped=38 all_atoms=68 dt=0.1s
⏳ Step 11 progress: 102/527
🔬 Step 11 item 103/527 start 9e8r_A_A18_401
⚠️ Step 11 item skipped: 103/527 9e8r_A_A18_401 stage=BUILD_ROWS reason=ITEM_FAILED
🖼️ Step 11 SVG ready 9e8r_A_A18_401 mode=smiles
🔬 Step 11 item 103/527 done 9e8r_A_A18_401 sdf=written mapped=38 all_atoms=68 dt=0.1s
⏳ Step 11 progress: 103/527
🔬 Step 11 item 104/527 start 9n5q_A_A18_401
⚠️ Step 11 item skipped: 104/527 9n5q_A_A18_401 stage=BUILD_ROWS reason=ITEM_FAILED
🖼️ Step 11 SVG ready 9n5q_A_A18_401 mode=smiles
🔬 Step 11 item 104/527 done 9n5q_A_A18_401 sdf=written mapped=38 all_atoms=68 dt=0.1s
⏳ Step 11 progress: 104/527
🔬 Step 11 item 105/527 start 9n6f_A_A18_401
⚠️ Step 11 item skipped: 105/527 9n6f_A_A18_401 stage=BUILD_ROWS reason=ITEM_FAILED
🖼️ Step 11 SVG ready 9n6f_A_A18_401 mode=smiles
🔬 Step 11 item 105/527 done 9n6f_A_A18_401 sdf=written mapped=38 all_atoms=68 dt=0.1s
⏳ Step 11 progress: 105/527
🔬 Step 11 item 106/527 start 9n9b_A_A18_401
⚠️ Step 11 item skipped: 106/527 9n9b_A_A18_401 stage=BUILD_ROWS reason=ITEM_FAILED
🖼️ Step 11 SVG ready 9n9b_A_A18_401 mode=smiles
🔬 Step 11 item 106/527 done 9n9b_A_A18_401 sdf=written mapped=38 all_atoms=68 dt=0.1s
⏳ Step 11 progress: 106/527
🔬 Step 11 item 107/527 start 9nng_A_A18_401
⚠️ Step 11 item skipped: 107/527 9nng_A_A18_401 stage=BUILD_ROWS reason=ITEM_FAILED
🖼️ Step 11 SVG ready 9nng_A_A18_401 mode=smiles
🔬 Step 11 item 107/527 done 9nng_A_A18_401 sdf=written mapped=38 all_atoms=68 dt=0.1s
⏳ Step 11 progress: 107/527
🔬 Step 11 item 108/527 start 9g0h_A_A19_402
⚠️ Step 11 item skipped: 108/527 9g0h_A_A19_402 stage=BUILD_ROWS reason=ITEM_FAILED
🖼️ Step 11 SVG ready 9g0h_A_A19_402 mode=smiles
🔬 Step 11 item 108/527 done 9g0h_A_A19_402 sdf=written mapped=37 all_atoms=67 dt=0.1s
⏳ Step 11 progress: 108/527
🔬 Step 11 item 109/527 start 9g0i_A_A20_403
⏱ Step 11 heartbeat: processed=108/527 current=9g0i_A_A20_403 stage=MCS elapsed=20s item_elapsed=2s sdf_written=108 sdf_failed=0 svg_written=108 item_failures=55 last_done=9g0h_A_A19_402
[15:31:08] [mem] running 11_mcsMatcher.py parent=61.2MB child_tree=251.3MB combined=312.5MB
⚠️ Step 11 item skipped: 109/527 9g0i_A_A20_403 stage=BUILD_ROWS reason=ITEM_FAILED
🖼️ Step 11 SVG ready 9g0i_A_A20_403 mode=smiles
🔬 Step 11 item 109/527 done 9g0i_A_A20_403 sdf=written mapped=33 all_atoms=60 dt=5.2s
⏳ Step 11 progress: 109/527
🔬 Step 11 item 110/527 start 9gf7_A_A21_401
🖼️ Step 11 SVG ready 9gf7_A_A21_401 mode=smiles
🔬 Step 11 item 110/527 done 9gf7_A_A21_401 sdf=written mapped=31 all_atoms=31 dt=0.1s
⏳ Step 11 progress: 110/527
🔬 Step 11 item 111/527 start 9gij_A_A22_401
🖼️ Step 11 SVG ready 9gij_A_A22_401 mode=smiles
🔬 Step 11 item 111/527 done 9gij_A_A22_401 sdf=written mapped=35 all_atoms=35 dt=0.1s
⏳ Step 11 progress: 111/527
🔬 Step 11 item 112/527 start 9gil_A_A23_401
🖼️ Step 11 SVG ready 9gil_A_A23_401 mode=smiles
🔬 Step 11 item 112/527 done 9gil_A_A23_401 sdf=written mapped=36 all_atoms=36 dt=0.1s
⏳ Step 11 progress: 112/527
🔬 Step 11 item 113/527 start 9gil_B_A23_401
🖼️ Step 11 SVG ready 9gil_B_A23_401 mode=smiles
🔬 Step 11 item 113/527 done 9gil_B_A23_401 sdf=written mapped=36 all_atoms=36 dt=0.1s
⏳ Step 11 progress: 113/527
🔬 Step 11 item 114/527 start 9glv_A_A24_401
🖼️ Step 11 SVG ready 9glv_A_A24_401 mode=smiles
🔬 Step 11 item 114/527 done 9glv_A_A24_401 sdf=written mapped=40 all_atoms=40 dt=0.1s
⏳ Step 11 progress: 114/527
🔬 Step 11 item 115/527 start 9glv_B_A24_401
🖼️ Step 11 SVG ready 9glv_B_A24_401 mode=smiles
🔬 Step 11 item 115/527 done 9glv_B_A24_401 sdf=written mapped=40 all_atoms=40 dt=0.1s
⏳ Step 11 progress: 115/527
🔬 Step 11 item 116/527 start 9h0f_A_A25_402
🖼️ Step 11 SVG ready 9h0f_A_A25_402 mode=smiles
🔬 Step 11 item 116/527 done 9h0f_A_A25_402 sdf=written mapped=32 all_atoms=32 dt=0.1s
⏳ Step 11 progress: 116/527
🔬 Step 11 item 117/527 start 9h0f_B_A25_402
🖼️ Step 11 SVG ready 9h0f_B_A25_402 mode=smiles
🔬 Step 11 item 117/527 done 9h0f_B_A25_402 sdf=written mapped=32 all_atoms=32 dt=0.1s
⏳ Step 11 progress: 117/527
🔬 Step 11 item 118/527 start 9h4b_A_A26_401
🖼️ Step 11 SVG ready 9h4b_A_A26_401 mode=smiles
🔬 Step 11 item 118/527 done 9h4b_A_A26_401 sdf=written mapped=45 all_atoms=45 dt=0.1s
⏳ Step 11 progress: 118/527
🔬 Step 11 item 119/527 start 9haj_A_A27_401
🖼️ Step 11 SVG ready 9haj_A_A27_401 mode=smiles
🔬 Step 11 item 119/527 done 9haj_A_A27_401 sdf=written mapped=31 all_atoms=31 dt=0.1s
⏳ Step 11 progress: 119/527
🔬 Step 11 item 120/527 start 9haj_B_A27_401
🖼️ Step 11 SVG ready 9haj_B_A27_401 mode=smiles
🔬 Step 11 item 120/527 done 9haj_B_A27_401 sdf=written mapped=31 all_atoms=31 dt=0.1s
⏳ Step 11 progress: 120/527
🔬 Step 11 item 121/527 start 9hak_A_A28_401
🖼️ Step 11 SVG ready 9hak_A_A28_401 mode=smiles
🔬 Step 11 item 121/527 done 9hak_A_A28_401 sdf=written mapped=33 all_atoms=33 dt=0.1s
⏳ Step 11 progress: 121/527
🔬 Step 11 item 122/527 start 9hak_B_A28_401
🖼️ Step 11 SVG ready 9hak_B_A28_401 mode=smiles
🔬 Step 11 item 122/527 done 9hak_B_A28_401 sdf=written mapped=33 all_atoms=33 dt=0.1s
⏳ Step 11 progress: 122/527
🔬 Step 11 item 123/527 start 9hfx_A_A29_401
⚠️ Step 11 item skipped: 123/527 9hfx_A_A29_401 stage=BUILD_ROWS reason=ITEM_FAILED
🖼️ Step 11 SVG ready 9hfx_A_A29_401 mode=smiles
🔬 Step 11 item 123/527 done 9hfx_A_A29_401 sdf=written mapped=33 all_atoms=33 dt=0.1s
⏳ Step 11 progress: 123/527
🔬 Step 11 item 124/527 start 9hfy_A_A30_401
🖼️ Step 11 SVG ready 9hfy_A_A30_401 mode=smiles
🔬 Step 11 item 124/527 done 9hfy_A_A30_401 sdf=written mapped=44 all_atoms=44 dt=0.2s
⏳ Step 11 progress: 124/527
🔬 Step 11 item 125/527 start 9hfy_B_A30_401
🖼️ Step 11 SVG ready 9hfy_B_A30_401 mode=smiles
🔬 Step 11 item 125/527 done 9hfy_B_A30_401 sdf=written mapped=44 all_atoms=44 dt=0.1s
⏳ Step 11 progress: 125/527
🔬 Step 11 item 126/527 start 9hjh_A_A31_401
🖼️ Step 11 SVG ready 9hjh_A_A31_401 mode=smiles
🔬 Step 11 item 126/527 done 9hjh_A_A31_401 sdf=written mapped=31 all_atoms=31 dt=0.1s
⏳ Step 11 progress: 126/527
🔬 Step 11 item 127/527 start 9hjh_B_A31_401
🖼️ Step 11 SVG ready 9hjh_B_A31_401 mode=smiles
🔬 Step 11 item 127/527 done 9hjh_B_A31_401 sdf=written mapped=31 all_atoms=31 dt=0.1s
⏳ Step 11 progress: 127/527
🔬 Step 11 item 128/527 start 9ir9_A_A32_401
⚠️ Step 11 item skipped: 128/527 9ir9_A_A32_401 stage=BUILD_ROWS reason=ITEM_FAILED
🖼️ Step 11 SVG ready 9ir9_A_A32_401 mode=smiles
🔬 Step 11 item 128/527 done 9ir9_A_A32_401 sdf=written mapped=31 all_atoms=31 dt=0.1s
⏳ Step 11 progress: 128/527
🔬 Step 11 item 129/527 start 9lll_A_A33_401
⚠️ Step 11 item skipped: 129/527 9lll_A_A33_401 stage=BUILD_ROWS reason=ITEM_FAILED
🖼️ Step 11 SVG ready 9lll_A_A33_401 mode=smiles
🔬 Step 11 item 129/527 done 9lll_A_A33_401 sdf=written mapped=45 all_atoms=62 dt=0.1s
⏳ Step 11 progress: 129/527
🔬 Step 11 item 130/527 start 9mdq_A_A34_401
⚠️ Step 11 item skipped: 130/527 9mdq_A_A34_401 stage=BUILD_ROWS reason=ITEM_FAILED
🖼️ Step 11 SVG ready 9mdq_A_A34_401 mode=smiles
🔬 Step 11 item 130/527 done 9mdq_A_A34_401 sdf=written mapped=34 all_atoms=34 dt=0.1s
⏳ Step 11 progress: 130/527
🔬 Step 11 item 131/527 start 9mlj_A_A35_402
⚠️ Step 11 item skipped: 131/527 9mlj_A_A35_402 stage=BUILD_ROWS reason=ITEM_FAILED
🖼️ Step 11 SVG ready 9mlj_A_A35_402 mode=smiles
🔬 Step 11 item 131/527 done 9mlj_A_A35_402 sdf=written mapped=48 all_atoms=84 dt=0.1s
⏳ Step 11 progress: 131/527
🔬 Step 11 item 132/527 start 9nnw_A_A35_401
⚠️ Step 11 item skipped: 132/527 9nnw_A_A35_401 stage=BUILD_ROWS reason=ITEM_FAILED
🖼️ Step 11 SVG ready 9nnw_A_A35_401 mode=smiles
🔬 Step 11 item 132/527 done 9nnw_A_A35_401 sdf=written mapped=48 all_atoms=84 dt=0.1s
⏳ Step 11 progress: 132/527
🔬 Step 11 item 133/527 start 9mvm_A_A36_401
🖼️ Step 11 SVG ready 9mvm_A_A36_401 mode=smiles
🔬 Step 11 item 133/527 done 9mvm_A_A36_401 sdf=written mapped=23 all_atoms=23 dt=0.1s
⏳ Step 11 progress: 133/527
🔬 Step 11 item 134/527 start 9mvq_B_A40_401
[15:31:14] [mem] running 11_mcsMatcher.py parent=61.2MB child_tree=133.3MB combined=194.5MB
🖼️ Step 11 SVG ready 9mvq_B_A40_401 mode=smiles
🔬 Step 11 item 134/527 done 9mvq_B_A40_401 sdf=written mapped=34 all_atoms=34 dt=0.1s
⏳ Step 11 progress: 134/527
🔬 Step 11 item 135/527 start 9mvq_A_A40_402
🖼️ Step 11 SVG ready 9mvq_A_A40_402 mode=smiles
🔬 Step 11 item 135/527 done 9mvq_A_A40_402 sdf=written mapped=34 all_atoms=34 dt=0.1s
⏳ Step 11 progress: 135/527
🔬 Step 11 item 136/527 start 9n3m_A_A41_401
⚠️ Step 11 item skipped: 136/527 9n3m_A_A41_401 stage=BUILD_ROWS reason=ITEM_FAILED
🖼️ Step 11 SVG ready 9n3m_A_A41_401 mode=smiles
🔬 Step 11 item 136/527 done 9n3m_A_A41_401 sdf=written mapped=32 all_atoms=32 dt=0.1s
⏳ Step 11 progress: 136/527
🔬 Step 11 item 137/527 start 9q7s_A_A42_401
🖼️ Step 11 SVG ready 9q7s_A_A42_401 mode=smiles
🔬 Step 11 item 137/527 done 9q7s_A_A42_401 sdf=written mapped=36 all_atoms=36 dt=0.1s
⏳ Step 11 progress: 137/527
🔬 Step 11 item 138/527 start 9sdm_A_A43_401
⚠️ Step 11 item skipped: 138/527 9sdm_A_A43_401 stage=BUILD_ROWS reason=ITEM_FAILED
🖼️ Step 11 SVG ready 9sdm_A_A43_401 mode=smiles
🔬 Step 11 item 138/527 done 9sdm_A_A43_401 sdf=written mapped=39 all_atoms=71 dt=0.1s
⏳ Step 11 progress: 138/527
🔬 Step 11 item 139/527 start 9sdm_B_A43_401
⚠️ Step 11 item skipped: 139/527 9sdm_B_A43_401 stage=BUILD_ROWS reason=ITEM_FAILED
🖼️ Step 11 SVG ready 9sdm_B_A43_401 mode=smiles
🔬 Step 11 item 139/527 done 9sdm_B_A43_401 sdf=written mapped=39 all_atoms=71 dt=0.1s
⏳ Step 11 progress: 139/527
🔬 Step 11 item 140/527 start 9xym_A_A46_401
🖼️ Step 11 SVG ready 9xym_A_A46_401 mode=smiles
🔬 Step 11 item 140/527 done 9xym_A_A46_401 sdf=written mapped=31 all_atoms=31 dt=0.1s
⏳ Step 11 progress: 140/527
🔬 Step 11 item 141/527 start 9xz6_A_A47_401
🖼️ Step 11 SVG ready 9xz6_A_A47_401 mode=smiles
🔬 Step 11 item 141/527 done 9xz6_A_A47_401 sdf=written mapped=30 all_atoms=30 dt=0.1s
⏳ Step 11 progress: 141/527
🔬 Step 11 item 142/527 start 9znl_A_A48_401
⚠️ Step 11 item skipped: 142/527 9znl_A_A48_401 stage=BUILD_ROWS reason=ITEM_FAILED
🖼️ Step 11 SVG ready 9znl_A_A48_401 mode=smiles
🔬 Step 11 item 142/527 done 9znl_A_A48_401 sdf=written mapped=48 all_atoms=84 dt=0.1s
⏳ Step 11 progress: 142/527
🔬 Step 11 item 143/527 start 7be7_A_ALD_401
⚠️ Step 11 item skipped: 143/527 7be7_A_ALD_401 stage=BUILD_ROWS reason=ITEM_FAILED
🖼️ Step 11 SVG ready 7be7_A_ALD_401 mode=smiles
🔬 Step 11 item 143/527 done 7be7_A_ALD_401 sdf=written mapped=34 all_atoms=76 dt=0.1s
⏳ Step 11 progress: 143/527
🔬 Step 11 item 144/527 start 7be7_B_ALD_702
⚠️ Step 11 item skipped: 144/527 7be7_B_ALD_702 stage=BUILD_ROWS reason=ITEM_FAILED
🖼️ Step 11 SVG ready 7be7_B_ALD_702 mode=smiles
🔬 Step 11 item 144/527 done 7be7_B_ALD_702 sdf=written mapped=34 all_atoms=76 dt=0.1s
⏳ Step 11 progress: 144/527
🔬 Step 11 item 145/527 start 7bgp_B_ALD_401
⚠️ Step 11 item skipped: 145/527 7bgp_B_ALD_401 stage=BUILD_ROWS reason=ITEM_FAILED
🖼️ Step 11 SVG ready 7bgp_B_ALD_401 mode=smiles
🔬 Step 11 item 145/527 done 7bgp_B_ALD_401 sdf=written mapped=34 all_atoms=76 dt=0.1s
⏳ Step 11 progress: 145/527
🔬 Step 11 item 146/527 start 7bgp_A_ALD_402
⚠️ Step 11 item skipped: 146/527 7bgp_A_ALD_402 stage=BUILD_ROWS reason=ITEM_FAILED
🖼️ Step 11 SVG ready 7bgp_A_ALD_402 mode=smiles
🔬 Step 11 item 146/527 done 7bgp_A_ALD_402 sdf=written mapped=34 all_atoms=76 dt=0.1s
⏳ Step 11 progress: 146/527
🔬 Step 11 item 147/527 start 7nf5_A_ALD_401
⚠️ Step 11 item skipped: 147/527 7nf5_A_ALD_401 stage=BUILD_ROWS reason=ITEM_FAILED
🖼️ Step 11 SVG ready 7nf5_A_ALD_401 mode=smiles
🔬 Step 11 item 147/527 done 7nf5_A_ALD_401 sdf=written mapped=34 all_atoms=76 dt=0.1s
⏳ Step 11 progress: 147/527
🔬 Step 11 item 148/527 start 7ng3_B_ALD_401
⚠️ Step 11 item skipped: 148/527 7ng3_B_ALD_401 stage=BUILD_ROWS reason=ITEM_FAILED
🖼️ Step 11 SVG ready 7ng3_B_ALD_401 mode=smiles
🔬 Step 11 item 148/527 done 7ng3_B_ALD_401 sdf=written mapped=34 all_atoms=76 dt=0.1s
⏳ Step 11 progress: 148/527
🔬 Step 11 item 149/527 start 7ng3_A_ALD_402
⚠️ Step 11 item skipped: 149/527 7ng3_A_ALD_402 stage=BUILD_ROWS reason=ITEM_FAILED
🖼️ Step 11 SVG ready 7ng3_A_ALD_402 mode=smiles
🔬 Step 11 item 149/527 done 7ng3_A_ALD_402 sdf=written mapped=34 all_atoms=76 dt=0.1s
⏳ Step 11 progress: 149/527
🔬 Step 11 item 150/527 start 7ng6_B_ALD_401
⚠️ Step 11 item skipped: 150/527 7ng6_B_ALD_401 stage=BUILD_ROWS reason=ITEM_FAILED
🖼️ Step 11 SVG ready 7ng6_B_ALD_401 mode=smiles
🔬 Step 11 item 150/527 done 7ng6_B_ALD_401 sdf=written mapped=34 all_atoms=76 dt=0.1s
⏳ Step 11 progress: 150/527
🔬 Step 11 item 151/527 start 7ng6_A_ALD_701
⚠️ Step 11 item skipped: 151/527 7ng6_A_ALD_701 stage=BUILD_ROWS reason=ITEM_FAILED
🖼️ Step 11 SVG ready 7ng6_A_ALD_701 mode=smiles
🔬 Step 11 item 151/527 done 7ng6_A_ALD_701 sdf=written mapped=34 all_atoms=76 dt=0.1s
⏳ Step 11 progress: 151/527
🔬 Step 11 item 152/527 start 8p54_A_ALD_401
⚠️ Step 11 item skipped: 152/527 8p54_A_ALD_401 stage=BUILD_ROWS reason=ITEM_FAILED
🖼️ Step 11 SVG ready 8p54_A_ALD_401 mode=smiles
🔬 Step 11 item 152/527 done 8p54_A_ALD_401 sdf=written mapped=34 all_atoms=76 dt=0.1s
⏳ Step 11 progress: 152/527
🔬 Step 11 item 153/527 start 8p55_A_ALD_402
⚠️ Step 11 item skipped: 153/527 8p55_A_ALD_402 stage=BUILD_ROWS reason=ITEM_FAILED
🖼️ Step 11 SVG ready 8p55_A_ALD_402 mode=smiles
🔬 Step 11 item 153/527 done 8p55_A_ALD_402 sdf=written mapped=34 all_atoms=76 dt=0.1s
⏳ Step 11 progress: 153/527
🔬 Step 11 item 154/527 start 8p86_A_ALD_401
⚠️ Step 11 item skipped: 154/527 8p86_A_ALD_401 stage=BUILD_ROWS reason=ITEM_FAILED
🖼️ Step 11 SVG ready 8p86_A_ALD_401 mode=smiles
🔬 Step 11 item 154/527 done 8p86_A_ALD_401 sdf=written mapped=34 all_atoms=76 dt=0.1s
⏳ Step 11 progress: 154/527
🔬 Step 11 item 155/527 start 8dd9_A_B1S_401
⚠️ Step 11 item skipped: 155/527 8dd9_A_B1S_401 stage=BUILD_ROWS reason=ITEM_FAILED
🖼️ Step 11 SVG ready 8dd9_A_B1S_401 mode=smiles
🔬 Step 11 item 155/527 done 8dd9_A_B1S_401 sdf=written mapped=29 all_atoms=29 dt=0.1s
⏳ Step 11 progress: 155/527
🔬 Step 11 item 156/527 start 8dgb_A_B1S_401
⚠️ Step 11 item skipped: 156/527 8dgb_A_B1S_401 stage=BUILD_ROWS reason=ITEM_FAILED
🖼️ Step 11 SVG ready 8dgb_A_B1S_401 mode=smiles
🔬 Step 11 item 156/527 done 8dgb_A_B1S_401 sdf=written mapped=29 all_atoms=29 dt=0.1s
⏳ Step 11 progress: 156/527
🔬 Step 11 item 157/527 start 8dgb_B_B1S_401
⚠️ Step 11 item skipped: 157/527 8dgb_B_B1S_401 stage=BUILD_ROWS reason=ITEM_FAILED
🖼️ Step 11 SVG ready 8dgb_B_B1S_401 mode=smiles
🔬 Step 11 item 157/527 done 8dgb_B_B1S_401 sdf=written mapped=29 all_atoms=29 dt=0.1s
⏳ Step 11 progress: 157/527
🔬 Step 11 item 158/527 start 7mau_B_DIO_501
⚠️ Step 11 item skipped: 158/527 7mau_B_DIO_501 stage=BUILD_ROWS reason=ITEM_FAILED
🖼️ Step 11 SVG ready 7mau_B_DIO_501 mode=smiles
🔬 Step 11 item 158/527 done 7mau_B_DIO_501 sdf=written mapped=6 all_atoms=14 dt=0.1s
⏳ Step 11 progress: 158/527
🔬 Step 11 item 159/527 start 8y4e_A_FHR_301
🖼️ Step 11 SVG ready 8y4e_A_FHR_301 mode=smiles
🔬 Step 11 item 159/527 done 8y4e_A_FHR_301 sdf=written mapped=33 all_atoms=33 dt=0.1s
⏳ Step 11 progress: 159/527
🔬 Step 11 item 160/527 start 8y4e_B_FHR_301
🖼️ Step 11 SVG ready 8y4e_B_FHR_301 mode=smiles
🔬 Step 11 item 160/527 done 8y4e_B_FHR_301 sdf=written mapped=33 all_atoms=33 dt=0.1s
⏳ Step 11 progress: 160/527
🔬 Step 11 item 161/527 start 8ywy_A_FHR_401
🖼️ Step 11 SVG ready 8ywy_A_FHR_401 mode=smiles
🔬 Step 11 item 161/527 done 8ywy_A_FHR_401 sdf=written mapped=33 all_atoms=33 dt=0.1s
⏳ Step 11 progress: 161/527
🔬 Step 11 item 162/527 start 7tvx_A_G65_401
🖼️ Step 11 SVG ready 7tvx_A_G65_401 mode=smiles
🔬 Step 11 item 162/527 done 7tvx_A_G65_401 sdf=written mapped=36 all_atoms=36 dt=0.1s
⏳ Step 11 progress: 162/527
🔬 Step 11 item 163/527 start 7mat_A_H37_401
⚠️ Step 11 item skipped: 163/527 7mat_A_H37_401 stage=BUILD_ROWS reason=ITEM_FAILED
🖼️ Step 11 SVG ready 7mat_A_H37_401 mode=smiles
🔬 Step 11 item 163/527 done 7mat_A_H37_401 sdf=written mapped=35 all_atoms=65 dt=0.1s
⏳ Step 11 progress: 163/527
🔬 Step 11 item 164/527 start 7mat_B_H37_402
⚠️ Step 11 item skipped: 164/527 7mat_B_H37_402 stage=BUILD_ROWS reason=ITEM_FAILED
🖼️ Step 11 SVG ready 7mat_B_H37_402 mode=smiles
🔬 Step 11 item 164/527 done 7mat_B_H37_402 sdf=written mapped=35 all_atoms=65 dt=0.1s
⏳ Step 11 progress: 164/527
🔬 Step 11 item 165/527 start 7set_A_I70_401
🖼️ Step 11 SVG ready 7set_A_I70_401 mode=smiles
🔬 Step 11 item 165/527 done 7set_A_I70_401 sdf=written mapped=39 all_atoms=39 dt=0.1s
⏳ Step 11 progress: 165/527
🔬 Step 11 item 166/527 start 7z0p_D_I8H_401
🖼️ Step 11 SVG ready 7z0p_D_I8H_401 mode=smiles
🔬 Step 11 item 166/527 done 7z0p_D_I8H_401 sdf=written mapped=40 all_atoms=40 dt=0.1s
⏳ Step 11 progress: 166/527
🔬 Step 11 item 167/527 start 7z59_A_IFO_401
🖼️ Step 11 SVG ready 7z59_A_IFO_401 mode=smiles
🔬 Step 11 item 167/527 done 7z59_A_IFO_401 sdf=written mapped=35 all_atoms=35 dt=0.1s
⏳ Step 11 progress: 167/527
🔬 Step 11 item 168/527 start 8tqh_A_JX6_401
🖼️ Step 11 SVG ready 8tqh_A_JX6_401 mode=smiles
🔬 Step 11 item 168/527 done 8tqh_A_JX6_401 sdf=written mapped=30 all_atoms=30 dt=0.1s
⏳ Step 11 progress: 168/527
🔬 Step 11 item 169/527 start 8tql_A_JY0_401
🖼️ Step 11 SVG ready 8tql_A_JY0_401 mode=smiles
🔬 Step 11 item 169/527 done 8tql_A_JY0_401 sdf=written mapped=32 all_atoms=32 dt=0.1s
⏳ Step 11 progress: 169/527
🔬 Step 11 item 170/527 start 8tqt_A_K2X_401
⚠️ Step 11 item skipped: 170/527 8tqt_A_K2X_401 stage=BUILD_ROWS reason=ITEM_FAILED
🖼️ Step 11 SVG ready 8tqt_A_K2X_401 mode=smiles
🔬 Step 11 item 170/527 done 8tqt_A_K2X_401 sdf=written mapped=33 all_atoms=33 dt=0.1s
⏳ Step 11 progress: 170/527
🔬 Step 11 item 171/527 start 8d4k_A_K36_401
⚠️ Step 11 item skipped: 171/527 8d4k_A_K36_401 stage=BUILD_ROWS reason=ITEM_FAILED
🖼️ Step 11 SVG ready 8d4k_A_K36_401 mode=smiles
🔬 Step 11 item 171/527 done 8d4k_A_K36_401 sdf=written mapped=29 all_atoms=29 dt=0.1s
⏳ Step 11 progress: 171/527
🔬 Step 11 item 172/527 start 8d4m_A_K36_401
⚠️ Step 11 item skipped: 172/527 8d4m_A_K36_401 stage=BUILD_ROWS reason=ITEM_FAILED
🖼️ Step 11 SVG ready 8d4m_A_K36_401 mode=smiles
🔬 Step 11 item 172/527 done 8d4m_A_K36_401 sdf=written mapped=29 all_atoms=29 dt=0.1s
⏳ Step 11 progress: 172/527
🔬 Step 11 item 173/527 start 8dd1_A_K36_401
⚠️ Step 11 item skipped: 173/527 8dd1_A_K36_401 stage=BUILD_ROWS reason=ITEM_FAILED
🖼️ Step 11 SVG ready 8dd1_A_K36_401 mode=smiles
🔬 Step 11 item 173/527 done 8dd1_A_K36_401 sdf=written mapped=29 all_atoms=29 dt=0.1s
⏳ Step 11 progress: 173/527
🔬 Step 11 item 174/527 start 8ddm_A_K36_401
⚠️ Step 11 item skipped: 174/527 8ddm_A_K36_401 stage=BUILD_ROWS reason=ITEM_FAILED
🖼️ Step 11 SVG ready 8ddm_A_K36_401 mode=smiles
🔬 Step 11 item 174/527 done 8ddm_A_K36_401 sdf=written mapped=29 all_atoms=29 dt=0.1s
⏳ Step 11 progress: 174/527
🔬 Step 11 item 175/527 start 7gax_A_KJI_1001
🖼️ Step 11 SVG ready 7gax_A_KJI_1001 mode=smiles
🔬 Step 11 item 175/527 done 7gax_A_KJI_1001 sdf=written mapped=22 all_atoms=22 dt=0.1s
⏳ Step 11 progress: 175/527
🔬 Step 11 item 176/527 start 7gay_A_KJO_1001
🖼️ Step 11 SVG ready 7gay_A_KJO_1001 mode=smiles
🔬 Step 11 item 176/527 done 7gay_A_KJO_1001 sdf=written mapped=17 all_atoms=17 dt=0.1s
⏳ Step 11 progress: 176/527
🔬 Step 11 item 177/527 start 7gaz_A_KL6_1001
🖼️ Step 11 SVG ready 7gaz_A_KL6_1001 mode=smiles
🔬 Step 11 item 177/527 done 7gaz_A_KL6_1001 sdf=written mapped=21 all_atoms=21 dt=0.1s
⏳ Step 11 progress: 177/527
🔬 Step 11 item 178/527 start 7gb0_A_KLR_1001
🖼️ Step 11 SVG ready 7gb0_A_KLR_1001 mode=smiles
🔬 Step 11 item 178/527 done 7gb0_A_KLR_1001 sdf=written mapped=25 all_atoms=25 dt=0.1s
⏳ Step 11 progress: 178/527
🔬 Step 11 item 179/527 start 7gb1_A_KMF_405
🖼️ Step 11 SVG ready 7gb1_A_KMF_405 mode=smiles
🔬 Step 11 item 179/527 done 7gb1_A_KMF_405 sdf=written mapped=24 all_atoms=24 dt=0.1s
⏳ Step 11 progress: 179/527
🔬 Step 11 item 180/527 start 7gb2_A_KMX_406
🖼️ Step 11 SVG ready 7gb2_A_KMX_406 mode=smiles
🔬 Step 11 item 180/527 done 7gb2_A_KMX_406 sdf=written mapped=22 all_atoms=22 dt=0.1s
⏳ Step 11 progress: 180/527
🔬 Step 11 item 181/527 start 7gb3_A_KNU_406
[15:31:19] [mem] running 11_mcsMatcher.py parent=61.2MB child_tree=133.3MB combined=194.5MB
🖼️ Step 11 SVG ready 7gb3_A_KNU_406 mode=smiles
🔬 Step 11 item 181/527 done 7gb3_A_KNU_406 sdf=written mapped=14 all_atoms=14 dt=0.1s
⏳ Step 11 progress: 181/527
🔬 Step 11 item 182/527 start 7gb4_A_KO9_405
🖼️ Step 11 SVG ready 7gb4_A_KO9_405 mode=smiles
🔬 Step 11 item 182/527 done 7gb4_A_KO9_405 sdf=written mapped=18 all_atoms=18 dt=0.1s
⏳ Step 11 progress: 182/527
🔬 Step 11 item 183/527 start 7gb5_A_KOI_1001
🖼️ Step 11 SVG ready 7gb5_A_KOI_1001 mode=smiles
🔬 Step 11 item 183/527 done 7gb5_A_KOI_1001 sdf=written mapped=17 all_atoms=17 dt=0.1s
⏳ Step 11 progress: 183/527
🔬 Step 11 item 184/527 start 7gb6_A_KP0_405
🖼️ Step 11 SVG ready 7gb6_A_KP0_405 mode=smiles
🔬 Step 11 item 184/527 done 7gb6_A_KP0_405 sdf=written mapped=25 all_atoms=25 dt=0.1s
⏳ Step 11 progress: 184/527
🔬 Step 11 item 185/527 start 7gb7_A_KQ3_1001
🖼️ Step 11 SVG ready 7gb7_A_KQ3_1001 mode=smiles
🔬 Step 11 item 185/527 done 7gb7_A_KQ3_1001 sdf=written mapped=25 all_atoms=25 dt=0.1s
⏳ Step 11 progress: 185/527
🔬 Step 11 item 186/527 start 7gb8_A_KQL_405
🖼️ Step 11 SVG ready 7gb8_A_KQL_405 mode=smiles
🔬 Step 11 item 186/527 done 7gb8_A_KQL_405 sdf=written mapped=21 all_atoms=21 dt=0.1s
⏳ Step 11 progress: 186/527
🔬 Step 11 item 187/527 start 7gb9_A_KQX_405
🖼️ Step 11 SVG ready 7gb9_A_KQX_405 mode=smiles
🔬 Step 11 item 187/527 done 7gb9_A_KQX_405 sdf=written mapped=18 all_atoms=18 dt=0.1s
⏳ Step 11 progress: 187/527
🔬 Step 11 item 188/527 start 7gba_A_KS0_404
🖼️ Step 11 SVG ready 7gba_A_KS0_404 mode=smiles
🔬 Step 11 item 188/527 done 7gba_A_KS0_404 sdf=written mapped=18 all_atoms=18 dt=0.1s
⏳ Step 11 progress: 188/527
🔬 Step 11 item 189/527 start 7gbb_A_KSI_1001
🖼️ Step 11 SVG ready 7gbb_A_KSI_1001 mode=smiles
🔬 Step 11 item 189/527 done 7gbb_A_KSI_1001 sdf=written mapped=21 all_atoms=21 dt=0.1s
⏳ Step 11 progress: 189/527
🔬 Step 11 item 190/527 start 7gbc_A_KSX_404
🖼️ Step 11 SVG ready 7gbc_A_KSX_404 mode=smiles
🔬 Step 11 item 190/527 done 7gbc_A_KSX_404 sdf=written mapped=19 all_atoms=19 dt=0.1s
⏳ Step 11 progress: 190/527
🔬 Step 11 item 191/527 start 7gbd_A_KT9_404
🖼️ Step 11 SVG ready 7gbd_A_KT9_404 mode=smiles
🔬 Step 11 item 191/527 done 7gbd_A_KT9_404 sdf=written mapped=23 all_atoms=23 dt=0.1s
⏳ Step 11 progress: 191/527
🔬 Step 11 item 192/527 start 7gbe_A_KU6_1001
🖼️ Step 11 SVG ready 7gbe_A_KU6_1001 mode=smiles
🔬 Step 11 item 192/527 done 7gbe_A_KU6_1001 sdf=written mapped=22 all_atoms=22 dt=0.1s
⏳ Step 11 progress: 192/527
🔬 Step 11 item 193/527 start 7gd8_A_KU6_405
🖼️ Step 11 SVG ready 7gd8_A_KU6_405 mode=smiles
🔬 Step 11 item 193/527 done 7gd8_A_KU6_405 sdf=written mapped=22 all_atoms=22 dt=0.1s
⏳ Step 11 progress: 193/527
🔬 Step 11 item 194/527 start 7gbf_A_KUU_405
🖼️ Step 11 SVG ready 7gbf_A_KUU_405 mode=smiles
🔬 Step 11 item 194/527 done 7gbf_A_KUU_405 sdf=written mapped=21 all_atoms=21 dt=0.1s
⏳ Step 11 progress: 194/527
🔬 Step 11 item 195/527 start 7gbg_A_KVF_404
🖼️ Step 11 SVG ready 7gbg_A_KVF_404 mode=smiles
🔬 Step 11 item 195/527 done 7gbg_A_KVF_404 sdf=written mapped=20 all_atoms=20 dt=0.1s
⏳ Step 11 progress: 195/527
🔬 Step 11 item 196/527 start 7gbh_A_KVO_404
🖼️ Step 11 SVG ready 7gbh_A_KVO_404 mode=smiles
🔬 Step 11 item 196/527 done 7gbh_A_KVO_404 sdf=written mapped=19 all_atoms=19 dt=0.1s
⏳ Step 11 progress: 196/527
🔬 Step 11 item 197/527 start 7gbi_A_KVX_403
🖼️ Step 11 SVG ready 7gbi_A_KVX_403 mode=smiles
🔬 Step 11 item 197/527 done 7gbi_A_KVX_403 sdf=written mapped=21 all_atoms=21 dt=0.1s
⏳ Step 11 progress: 197/527
🔬 Step 11 item 198/527 start 7gbj_A_KW9_404
🖼️ Step 11 SVG ready 7gbj_A_KW9_404 mode=smiles
🔬 Step 11 item 198/527 done 7gbj_A_KW9_404 sdf=written mapped=26 all_atoms=26 dt=0.1s
⏳ Step 11 progress: 198/527
🔬 Step 11 item 199/527 start 7gbl_A_KWR_405
🖼️ Step 11 SVG ready 7gbl_A_KWR_405 mode=smiles
🔬 Step 11 item 199/527 done 7gbl_A_KWR_405 sdf=written mapped=22 all_atoms=22 dt=0.1s
⏳ Step 11 progress: 199/527
🔬 Step 11 item 200/527 start 7gbm_A_KX9_404
🖼️ Step 11 SVG ready 7gbm_A_KX9_404 mode=smiles
🔬 Step 11 item 200/527 done 7gbm_A_KX9_404 sdf=written mapped=23 all_atoms=23 dt=0.1s
⏳ Step 11 progress: 200/527
🔬 Step 11 item 201/527 start 7gbk_A_KXF_1001
🖼️ Step 11 SVG ready 7gbk_A_KXF_1001 mode=smiles
🔬 Step 11 item 201/527 done 7gbk_A_KXF_1001 sdf=written mapped=18 all_atoms=18 dt=0.1s
⏳ Step 11 progress: 201/527
🔬 Step 11 item 202/527 start 7gbn_A_KXR_404
🖼️ Step 11 SVG ready 7gbn_A_KXR_404 mode=smiles
🔬 Step 11 item 202/527 done 7gbn_A_KXR_404 sdf=written mapped=23 all_atoms=23 dt=0.1s
⏳ Step 11 progress: 202/527
🔬 Step 11 item 203/527 start 7gbo_A_KY0_404
🖼️ Step 11 SVG ready 7gbo_A_KY0_404 mode=smiles
🔬 Step 11 item 203/527 done 7gbo_A_KY0_404 sdf=written mapped=20 all_atoms=20 dt=0.1s
⏳ Step 11 progress: 203/527
🔬 Step 11 item 204/527 start 7gbp_A_KYC_405
🖼️ Step 11 SVG ready 7gbp_A_KYC_405 mode=smiles
🔬 Step 11 item 204/527 done 7gbp_A_KYC_405 sdf=written mapped=21 all_atoms=21 dt=0.1s
⏳ Step 11 progress: 204/527
🔬 Step 11 item 205/527 start 7gbq_A_KYU_404
🖼️ Step 11 SVG ready 7gbq_A_KYU_404 mode=smiles
🔬 Step 11 item 205/527 done 7gbq_A_KYU_404 sdf=written mapped=20 all_atoms=20 dt=0.1s
⏳ Step 11 progress: 205/527
🔬 Step 11 item 206/527 start 7gbr_A_KZC_405
🖼️ Step 11 SVG ready 7gbr_A_KZC_405 mode=smiles
🔬 Step 11 item 206/527 done 7gbr_A_KZC_405 sdf=written mapped=23 all_atoms=23 dt=0.1s
⏳ Step 11 progress: 206/527
🔬 Step 11 item 207/527 start 7gbs_A_KZX_404
🖼️ Step 11 SVG ready 7gbs_A_KZX_404 mode=smiles
🔬 Step 11 item 207/527 done 7gbs_A_KZX_404 sdf=written mapped=18 all_atoms=18 dt=0.1s
⏳ Step 11 progress: 207/527
🔬 Step 11 item 208/527 start 7gbt_A_L1F_1001
🖼️ Step 11 SVG ready 7gbt_A_L1F_1001 mode=smiles
🔬 Step 11 item 208/527 done 7gbt_A_L1F_1001 sdf=written mapped=26 all_atoms=26 dt=0.2s
⏳ Step 11 progress: 208/527
🔬 Step 11 item 209/527 start 7gbu_A_L2I_1001
🖼️ Step 11 SVG ready 7gbu_A_L2I_1001 mode=smiles
🔬 Step 11 item 209/527 done 7gbu_A_L2I_1001 sdf=written mapped=20 all_atoms=20 dt=0.1s
⏳ Step 11 progress: 209/527
🔬 Step 11 item 210/527 start 7gbv_A_L3I_404
🖼️ Step 11 SVG ready 7gbv_A_L3I_404 mode=smiles
🔬 Step 11 item 210/527 done 7gbv_A_L3I_404 sdf=written mapped=20 all_atoms=20 dt=0.1s
⏳ Step 11 progress: 210/527
🔬 Step 11 item 211/527 start 7gc0_A_L4N_404
🖼️ Step 11 SVG ready 7gc0_A_L4N_404 mode=smiles
🔬 Step 11 item 211/527 done 7gc0_A_L4N_404 sdf=written mapped=17 all_atoms=17 dt=0.1s
⏳ Step 11 progress: 211/527
🔬 Step 11 item 212/527 start 7gbz_A_L4U_405
🖼️ Step 11 SVG ready 7gbz_A_L4U_405 mode=smiles
🔬 Step 11 item 212/527 done 7gbz_A_L4U_405 sdf=written mapped=16 all_atoms=16 dt=0.1s
⏳ Step 11 progress: 212/527
🔬 Step 11 item 213/527 start 7gby_A_L5I_404
🖼️ Step 11 SVG ready 7gby_A_L5I_404 mode=smiles
🔬 Step 11 item 213/527 done 7gby_A_L5I_404 sdf=written mapped=16 all_atoms=16 dt=0.1s
⏳ Step 11 progress: 213/527
🔬 Step 11 item 214/527 start 7gbx_A_L6D_405
🖼️ Step 11 SVG ready 7gbx_A_L6D_405 mode=smiles
🔬 Step 11 item 214/527 done 7gbx_A_L6D_405 sdf=written mapped=20 all_atoms=20 dt=0.1s
⏳ Step 11 progress: 214/527
🔬 Step 11 item 215/527 start 7gbw_A_L6R_405
🖼️ Step 11 SVG ready 7gbw_A_L6R_405 mode=smiles
🔬 Step 11 item 215/527 done 7gbw_A_L6R_405 sdf=written mapped=21 all_atoms=21 dt=0.1s
⏳ Step 11 progress: 215/527
🔬 Step 11 item 216/527 start 7gc1_A_L7F_404
🖼️ Step 11 SVG ready 7gc1_A_L7F_404 mode=smiles
🔬 Step 11 item 216/527 done 7gc1_A_L7F_404 sdf=written mapped=17 all_atoms=17 dt=0.1s
⏳ Step 11 progress: 216/527
🔬 Step 11 item 217/527 start 7gc2_A_L7Q_404
🖼️ Step 11 SVG ready 7gc2_A_L7Q_404 mode=smiles
🔬 Step 11 item 217/527 done 7gc2_A_L7Q_404 sdf=written mapped=20 all_atoms=20 dt=0.1s
⏳ Step 11 progress: 217/527
🔬 Step 11 item 218/527 start 7gc3_A_L7V_405
🖼️ Step 11 SVG ready 7gc3_A_L7V_405 mode=smiles
🔬 Step 11 item 218/527 done 7gc3_A_L7V_405 sdf=written mapped=22 all_atoms=22 dt=0.1s
⏳ Step 11 progress: 218/527
🔬 Step 11 item 219/527 start 7gc4_A_L83_405
🖼️ Step 11 SVG ready 7gc4_A_L83_405 mode=smiles
🔬 Step 11 item 219/527 done 7gc4_A_L83_405 sdf=written mapped=19 all_atoms=19 dt=0.1s
⏳ Step 11 progress: 219/527
🔬 Step 11 item 220/527 start 7gc5_A_L8F_404
🖼️ Step 11 SVG ready 7gc5_A_L8F_404 mode=smiles
🔬 Step 11 item 220/527 done 7gc5_A_L8F_404 sdf=written mapped=25 all_atoms=25 dt=0.1s
⏳ Step 11 progress: 220/527
🔬 Step 11 item 221/527 start 7gc6_A_L8O_405
🖼️ Step 11 SVG ready 7gc6_A_L8O_405 mode=smiles
🔬 Step 11 item 221/527 done 7gc6_A_L8O_405 sdf=written mapped=20 all_atoms=20 dt=0.1s
⏳ Step 11 progress: 221/527
🔬 Step 11 item 222/527 start 7gc7_A_L93_405
🖼️ Step 11 SVG ready 7gc7_A_L93_405 mode=smiles
🔬 Step 11 item 222/527 done 7gc7_A_L93_405 sdf=written mapped=27 all_atoms=27 dt=0.1s
⏳ Step 11 progress: 222/527
🔬 Step 11 item 223/527 start 7gc8_A_L9F_404
🖼️ Step 11 SVG ready 7gc8_A_L9F_404 mode=smiles
🔬 Step 11 item 223/527 done 7gc8_A_L9F_404 sdf=written mapped=20 all_atoms=20 dt=0.1s
⏳ Step 11 progress: 223/527
🔬 Step 11 item 224/527 start 7gc9_A_L9O_405
🖼️ Step 11 SVG ready 7gc9_A_L9O_405 mode=smiles
🔬 Step 11 item 224/527 done 7gc9_A_L9O_405 sdf=written mapped=17 all_atoms=17 dt=0.1s
⏳ Step 11 progress: 224/527
🔬 Step 11 item 225/527 start 7gca_A_LB0_405
🖼️ Step 11 SVG ready 7gca_A_LB0_405 mode=smiles
🔬 Step 11 item 225/527 done 7gca_A_LB0_405 sdf=written mapped=17 all_atoms=17 dt=0.1s
⏳ Step 11 progress: 225/527
🔬 Step 11 item 226/527 start 7gcb_A_LBC_404
[15:31:25] [mem] running 11_mcsMatcher.py parent=61.2MB child_tree=133.4MB combined=194.6MB
🖼️ Step 11 SVG ready 7gcb_A_LBC_404 mode=smiles
🔬 Step 11 item 226/527 done 7gcb_A_LBC_404 sdf=written mapped=18 all_atoms=18 dt=0.1s
⏳ Step 11 progress: 226/527
🔬 Step 11 item 227/527 start 7gcc_A_LBO_405
🖼️ Step 11 SVG ready 7gcc_A_LBO_405 mode=smiles
🔬 Step 11 item 227/527 done 7gcc_A_LBO_405 sdf=written mapped=20 all_atoms=20 dt=0.1s
⏳ Step 11 progress: 227/527
🔬 Step 11 item 228/527 start 7gcd_A_LCU_405
🖼️ Step 11 SVG ready 7gcd_A_LCU_405 mode=smiles
🔬 Step 11 item 228/527 done 7gcd_A_LCU_405 sdf=written mapped=17 all_atoms=17 dt=0.1s
⏳ Step 11 progress: 228/527
🔬 Step 11 item 229/527 start 7gce_A_LDX_404
🖼️ Step 11 SVG ready 7gce_A_LDX_404 mode=smiles
🔬 Step 11 item 229/527 done 7gce_A_LDX_404 sdf=written mapped=19 all_atoms=19 dt=0.1s
⏳ Step 11 progress: 229/527
🔬 Step 11 item 230/527 start 7gck_A_LF3_404
🖼️ Step 11 SVG ready 7gck_A_LF3_404 mode=smiles
🔬 Step 11 item 230/527 done 7gck_A_LF3_404 sdf=written mapped=23 all_atoms=23 dt=0.1s
⏳ Step 11 progress: 230/527
🔬 Step 11 item 231/527 start 7gcj_A_LJ0_404
🖼️ Step 11 SVG ready 7gcj_A_LJ0_404 mode=smiles
🔬 Step 11 item 231/527 done 7gcj_A_LJ0_404 sdf=written mapped=17 all_atoms=17 dt=0.1s
⏳ Step 11 progress: 231/527
🔬 Step 11 item 232/527 start 7gci_A_LJO_405
🖼️ Step 11 SVG ready 7gci_A_LJO_405 mode=smiles
🔬 Step 11 item 232/527 done 7gci_A_LJO_405 sdf=written mapped=17 all_atoms=17 dt=0.1s
⏳ Step 11 progress: 232/527
🔬 Step 11 item 233/527 start 7gcg_A_LKI_405
🖼️ Step 11 SVG ready 7gcg_A_LKI_405 mode=smiles
🔬 Step 11 item 233/527 done 7gcg_A_LKI_405 sdf=written mapped=18 all_atoms=18 dt=0.1s
⏳ Step 11 progress: 233/527
🔬 Step 11 item 234/527 start 7gcf_A_LKX_404
🖼️ Step 11 SVG ready 7gcf_A_LKX_404 mode=smiles
🔬 Step 11 item 234/527 done 7gcf_A_LKX_404 sdf=written mapped=17 all_atoms=17 dt=0.1s
⏳ Step 11 progress: 234/527
🔬 Step 11 item 235/527 start 7gcp_A_LM0_405
🖼️ Step 11 SVG ready 7gcp_A_LM0_405 mode=smiles
🔬 Step 11 item 235/527 done 7gcp_A_LM0_405 sdf=written mapped=20 all_atoms=20 dt=0.1s
⏳ Step 11 progress: 235/527
🔬 Step 11 item 236/527 start 7gco_A_LO0_404
🖼️ Step 11 SVG ready 7gco_A_LO0_404 mode=smiles
🔬 Step 11 item 236/527 done 7gco_A_LO0_404 sdf=written mapped=21 all_atoms=21 dt=0.1s
⏳ Step 11 progress: 236/527
🔬 Step 11 item 237/527 start 7gcn_A_LQ0_405
🖼️ Step 11 SVG ready 7gcn_A_LQ0_405 mode=smiles
🔬 Step 11 item 237/527 done 7gcn_A_LQ0_405 sdf=written mapped=21 all_atoms=21 dt=0.1s
⏳ Step 11 progress: 237/527
🔬 Step 11 item 238/527 start 7gcm_A_LQU_403
🖼️ Step 11 SVG ready 7gcm_A_LQU_403 mode=smiles
🔬 Step 11 item 238/527 done 7gcm_A_LQU_403 sdf=written mapped=21 all_atoms=21 dt=0.1s
⏳ Step 11 progress: 238/527
🔬 Step 11 item 239/527 start 7gcl_A_LR0_405
🖼️ Step 11 SVG ready 7gcl_A_LR0_405 mode=smiles
🔬 Step 11 item 239/527 done 7gcl_A_LR0_405 sdf=written mapped=22 all_atoms=22 dt=0.1s
⏳ Step 11 progress: 239/527
🔬 Step 11 item 240/527 start 7gcq_A_LRC_405
🖼️ Step 11 SVG ready 7gcq_A_LRC_405 mode=smiles
🔬 Step 11 item 240/527 done 7gcq_A_LRC_405 sdf=written mapped=18 all_atoms=18 dt=0.1s
⏳ Step 11 progress: 240/527
🔬 Step 11 item 241/527 start 7gcr_A_LRN_405
🖼️ Step 11 SVG ready 7gcr_A_LRN_405 mode=smiles
🔬 Step 11 item 241/527 done 7gcr_A_LRN_405 sdf=written mapped=24 all_atoms=24 dt=0.1s
⏳ Step 11 progress: 241/527
🔬 Step 11 item 242/527 start 7gcs_A_LS0_404
🖼️ Step 11 SVG ready 7gcs_A_LS0_404 mode=smiles
🔬 Step 11 item 242/527 done 7gcs_A_LS0_404 sdf=written mapped=21 all_atoms=21 dt=0.1s
⏳ Step 11 progress: 242/527
🔬 Step 11 item 243/527 start 7gct_A_LSF_404
🖼️ Step 11 SVG ready 7gct_A_LSF_404 mode=smiles
🔬 Step 11 item 243/527 done 7gct_A_LSF_404 sdf=written mapped=23 all_atoms=23 dt=0.1s
⏳ Step 11 progress: 243/527
🔬 Step 11 item 244/527 start 7gcu_A_LT9_404
🖼️ Step 11 SVG ready 7gcu_A_LT9_404 mode=smiles
🔬 Step 11 item 244/527 done 7gcu_A_LT9_404 sdf=written mapped=22 all_atoms=22 dt=0.1s
⏳ Step 11 progress: 244/527
🔬 Step 11 item 245/527 start 7gcv_A_LUC_404
🖼️ Step 11 SVG ready 7gcv_A_LUC_404 mode=smiles
🔬 Step 11 item 245/527 done 7gcv_A_LUC_404 sdf=written mapped=24 all_atoms=24 dt=0.1s
⏳ Step 11 progress: 245/527
🔬 Step 11 item 246/527 start 7gcw_A_LV9_404
⏱ Step 11 heartbeat: processed=245/527 current=7gcw_A_LV9_404 stage=ITEM_START elapsed=40s item_elapsed=0s sdf_written=245 sdf_failed=0 svg_written=245 item_failures=89 last_done=7gcv_A_LUC_404
🖼️ Step 11 SVG ready 7gcw_A_LV9_404 mode=smiles
🔬 Step 11 item 246/527 done 7gcw_A_LV9_404 sdf=written mapped=23 all_atoms=23 dt=0.1s
⏳ Step 11 progress: 246/527
🔬 Step 11 item 247/527 start 7gcx_A_LVM_404
🖼️ Step 11 SVG ready 7gcx_A_LVM_404 mode=smiles
🔬 Step 11 item 247/527 done 7gcx_A_LVM_404 sdf=written mapped=17 all_atoms=17 dt=0.1s
⏳ Step 11 progress: 247/527
🔬 Step 11 item 248/527 start 7gcy_A_LW6_405
🖼️ Step 11 SVG ready 7gcy_A_LW6_405 mode=smiles
🔬 Step 11 item 248/527 done 7gcy_A_LW6_405 sdf=written mapped=11 all_atoms=11 dt=0.1s
⏳ Step 11 progress: 248/527
🔬 Step 11 item 249/527 start 7gcz_A_LWO_404
🖼️ Step 11 SVG ready 7gcz_A_LWO_404 mode=smiles
🔬 Step 11 item 249/527 done 7gcz_A_LWO_404 sdf=written mapped=27 all_atoms=27 dt=0.1s
⏳ Step 11 progress: 249/527
🔬 Step 11 item 250/527 start 7gd9_A_LXF_405
🖼️ Step 11 SVG ready 7gd9_A_LXF_405 mode=smiles
🔬 Step 11 item 250/527 done 7gd9_A_LXF_405 sdf=written mapped=25 all_atoms=25 dt=0.1s
⏳ Step 11 progress: 250/527
🔬 Step 11 item 251/527 start 7gd7_A_LZX_404
[15:31:28] WARNING: could not find number of expected rings. Switching to an approximate ring finding algorithm.
⚠️ Step 11 item skipped: 251/527 7gd7_A_LZX_404 stage=BUILD_ROWS reason=ITEM_FAILED
🖼️ Step 11 SVG ready 7gd7_A_LZX_404 mode=smiles
🔬 Step 11 item 251/527 done 7gd7_A_LZX_404 sdf=written mapped=23 all_atoms=46 dt=0.1s
⏳ Step 11 progress: 251/527
🔬 Step 11 item 252/527 start 7u92_A_M0C_401
🖼️ Step 11 SVG ready 7u92_A_M0C_401 mode=smiles
🔬 Step 11 item 252/527 done 7u92_A_M0C_401 sdf=written mapped=41 all_atoms=41 dt=0.1s
⏳ Step 11 progress: 252/527
🔬 Step 11 item 253/527 start 7uug_A_M0C_401
🖼️ Step 11 SVG ready 7uug_A_M0C_401 mode=smiles
🔬 Step 11 item 253/527 done 7uug_A_M0C_401 sdf=written mapped=41 all_atoms=41 dt=0.1s
⏳ Step 11 progress: 253/527
🔬 Step 11 item 254/527 start 7gd6_A_M0G_404
🖼️ Step 11 SVG ready 7gd6_A_M0G_404 mode=smiles
🔬 Step 11 item 254/527 done 7gd6_A_M0G_404 sdf=written mapped=21 all_atoms=21 dt=0.1s
⏳ Step 11 progress: 254/527
🔬 Step 11 item 255/527 start 7gd5_A_M0X_405
🖼️ Step 11 SVG ready 7gd5_A_M0X_405 mode=smiles
🔬 Step 11 item 255/527 done 7gd5_A_M0X_405 sdf=written mapped=28 all_atoms=28 dt=0.1s
⏳ Step 11 progress: 255/527
🔬 Step 11 item 256/527 start 7gd2_A_M26_404
[15:31:29] WARNING: could not find number of expected rings. Switching to an approximate ring finding algorithm.
⚠️ Step 11 item skipped: 256/527 7gd2_A_M26_404 stage=BUILD_ROWS reason=ITEM_FAILED
🖼️ Step 11 SVG ready 7gd2_A_M26_404 mode=smiles
🔬 Step 11 item 256/527 done 7gd2_A_M26_404 sdf=written mapped=26 all_atoms=52 dt=0.1s
⏳ Step 11 progress: 256/527
🔬 Step 11 item 257/527 start 7gd1_A_M2X_404
🖼️ Step 11 SVG ready 7gd1_A_M2X_404 mode=smiles
🔬 Step 11 item 257/527 done 7gd1_A_M2X_404 sdf=written mapped=21 all_atoms=21 dt=0.1s
⏳ Step 11 progress: 257/527
🔬 Step 11 item 258/527 start 7gd0_A_M4L_405
🖼️ Step 11 SVG ready 7gd0_A_M4L_405 mode=smiles
🔬 Step 11 item 258/527 done 7gd0_A_M4L_405 sdf=written mapped=20 all_atoms=20 dt=0.1s
⏳ Step 11 progress: 258/527
🔬 Step 11 item 259/527 start 7gdj_A_M50_404
🖼️ Step 11 SVG ready 7gdj_A_M50_404 mode=smiles
🔬 Step 11 item 259/527 done 7gdj_A_M50_404 sdf=written mapped=18 all_atoms=18 dt=0.1s
⏳ Step 11 progress: 259/527
🔬 Step 11 item 260/527 start 7gdi_A_M5I_404
🖼️ Step 11 SVG ready 7gdi_A_M5I_404 mode=smiles
🔬 Step 11 item 260/527 done 7gdi_A_M5I_404 sdf=written mapped=18 all_atoms=18 dt=0.1s
⏳ Step 11 progress: 260/527
🔬 Step 11 item 261/527 start 7gdh_A_M5X_405
[15:31:30] [mem] running 11_mcsMatcher.py parent=61.2MB child_tree=133.4MB combined=194.6MB
🖼️ Step 11 SVG ready 7gdh_A_M5X_405 mode=smiles
🔬 Step 11 item 261/527 done 7gdh_A_M5X_405 sdf=written mapped=15 all_atoms=15 dt=0.2s
⏳ Step 11 progress: 261/527
🔬 Step 11 item 262/527 start 7gdg_A_M6I_405
🖼️ Step 11 SVG ready 7gdg_A_M6I_405 mode=smiles
🔬 Step 11 item 262/527 done 7gdg_A_M6I_405 sdf=written mapped=17 all_atoms=17 dt=0.1s
⏳ Step 11 progress: 262/527
🔬 Step 11 item 263/527 start 7gdf_A_M6U_404
🖼️ Step 11 SVG ready 7gdf_A_M6U_404 mode=smiles
🔬 Step 11 item 263/527 done 7gdf_A_M6U_404 sdf=written mapped=22 all_atoms=22 dt=0.1s
⏳ Step 11 progress: 263/527
🔬 Step 11 item 264/527 start 7gde_A_M7X_404
🖼️ Step 11 SVG ready 7gde_A_M7X_404 mode=smiles
🔬 Step 11 item 264/527 done 7gde_A_M7X_404 sdf=written mapped=18 all_atoms=18 dt=0.1s
⏳ Step 11 progress: 264/527
🔬 Step 11 item 265/527 start 7gdc_A_M93_403
🖼️ Step 11 SVG ready 7gdc_A_M93_403 mode=smiles
🔬 Step 11 item 265/527 done 7gdc_A_M93_403 sdf=written mapped=22 all_atoms=22 dt=0.1s
⏳ Step 11 progress: 265/527
🔬 Step 11 item 266/527 start 7gdb_A_M9U_404
🖼️ Step 11 SVG ready 7gdb_A_M9U_404 mode=smiles
🔬 Step 11 item 266/527 done 7gdb_A_M9U_404 sdf=written mapped=22 all_atoms=22 dt=0.1s
⏳ Step 11 progress: 266/527
🔬 Step 11 item 267/527 start 7gda_A_MF0_403
🖼️ Step 11 SVG ready 7gda_A_MF0_403 mode=smiles
🔬 Step 11 item 267/527 done 7gda_A_MF0_403 sdf=written mapped=19 all_atoms=19 dt=0.1s
⏳ Step 11 progress: 267/527
🔬 Step 11 item 268/527 start 9j19_A_MIY_401
🖼️ Step 11 SVG ready 9j19_A_MIY_401 mode=smiles
🔬 Step 11 item 268/527 done 9j19_A_MIY_401 sdf=written mapped=33 all_atoms=33 dt=0.1s
⏳ Step 11 progress: 268/527
🔬 Step 11 item 269/527 start 7gdk_A_MJR_404
🖼️ Step 11 SVG ready 7gdk_A_MJR_404 mode=smiles
🔬 Step 11 item 269/527 done 7gdk_A_MJR_404 sdf=written mapped=17 all_atoms=17 dt=0.1s
⏳ Step 11 progress: 269/527
🔬 Step 11 item 270/527 start 7gdl_A_MKI_404
🖼️ Step 11 SVG ready 7gdl_A_MKI_404 mode=smiles
🔬 Step 11 item 270/527 done 7gdl_A_MKI_404 sdf=written mapped=19 all_atoms=19 dt=0.1s
⏳ Step 11 progress: 270/527
🔬 Step 11 item 271/527 start 7gdm_A_MQ3_404
🖼️ Step 11 SVG ready 7gdm_A_MQ3_404 mode=smiles
🔬 Step 11 item 271/527 done 7gdm_A_MQ3_404 sdf=written mapped=18 all_atoms=18 dt=0.1s
⏳ Step 11 progress: 271/527
🔬 Step 11 item 272/527 start 7gdn_A_MU3_405
🖼️ Step 11 SVG ready 7gdn_A_MU3_405 mode=smiles
🔬 Step 11 item 272/527 done 7gdn_A_MU3_405 sdf=written mapped=21 all_atoms=21 dt=0.1s
⏳ Step 11 progress: 272/527
🔬 Step 11 item 273/527 start 7gdo_A_MVR_405
🖼️ Step 11 SVG ready 7gdo_A_MVR_405 mode=smiles
🔬 Step 11 item 273/527 done 7gdo_A_MVR_405 sdf=written mapped=29 all_atoms=29 dt=0.1s
⏳ Step 11 progress: 273/527
🔬 Step 11 item 274/527 start 7gdp_A_MVX_405
🖼️ Step 11 SVG ready 7gdp_A_MVX_405 mode=smiles
🔬 Step 11 item 274/527 done 7gdp_A_MVX_405 sdf=written mapped=21 all_atoms=21 dt=0.1s
⏳ Step 11 progress: 274/527
🔬 Step 11 item 275/527 start 7gdq_A_MWN_406
🖼️ Step 11 SVG ready 7gdq_A_MWN_406 mode=smiles
🔬 Step 11 item 275/527 done 7gdq_A_MWN_406 sdf=written mapped=16 all_atoms=16 dt=0.1s
⏳ Step 11 progress: 275/527
🔬 Step 11 item 276/527 start 7gdr_A_MX9_406
🖼️ Step 11 SVG ready 7gdr_A_MX9_406 mode=smiles
🔬 Step 11 item 276/527 done 7gdr_A_MX9_406 sdf=written mapped=22 all_atoms=22 dt=0.1s
⏳ Step 11 progress: 276/527
🔬 Step 11 item 277/527 start 9gmq_A_MXU_401
🖼️ Step 11 SVG ready 9gmq_A_MXU_401 mode=smiles
🔬 Step 11 item 277/527 done 9gmq_A_MXU_401 sdf=written mapped=36 all_atoms=36 dt=0.1s
⏳ Step 11 progress: 277/527
🔬 Step 11 item 278/527 start 9gmq_B_MXU_401
🖼️ Step 11 SVG ready 9gmq_B_MXU_401 mode=smiles
🔬 Step 11 item 278/527 done 9gmq_B_MXU_401 sdf=written mapped=36 all_atoms=36 dt=0.1s
⏳ Step 11 progress: 278/527
🔬 Step 11 item 279/527 start 7gds_A_MZF_405
🖼️ Step 11 SVG ready 7gds_A_MZF_405 mode=smiles
🔬 Step 11 item 279/527 done 7gds_A_MZF_405 sdf=written mapped=18 all_atoms=18 dt=0.1s
⏳ Step 11 progress: 279/527
🔬 Step 11 item 280/527 start 7gdt_A_N00_406
🖼️ Step 11 SVG ready 7gdt_A_N00_406 mode=smiles
🔬 Step 11 item 280/527 done 7gdt_A_N00_406 sdf=written mapped=20 all_atoms=20 dt=0.2s
⏳ Step 11 progress: 280/527
🔬 Step 11 item 281/527 start 7gdu_A_N0F_405
🖼️ Step 11 SVG ready 7gdu_A_N0F_405 mode=smiles
🔬 Step 11 item 281/527 done 7gdu_A_N0F_405 sdf=written mapped=24 all_atoms=24 dt=0.1s
⏳ Step 11 progress: 281/527
🔬 Step 11 item 282/527 start 7gdv_A_N0O_405
🖼️ Step 11 SVG ready 7gdv_A_N0O_405 mode=smiles
🔬 Step 11 item 282/527 done 7gdv_A_N0O_405 sdf=written mapped=24 all_atoms=24 dt=0.1s
⏳ Step 11 progress: 282/527
🔬 Step 11 item 283/527 start 7gdw_A_N0X_405
🖼️ Step 11 SVG ready 7gdw_A_N0X_405 mode=smiles
🔬 Step 11 item 283/527 done 7gdw_A_N0X_405 sdf=written mapped=22 all_atoms=22 dt=0.1s
⏳ Step 11 progress: 283/527
🔬 Step 11 item 284/527 start 7gdx_A_N1U_405
🖼️ Step 11 SVG ready 7gdx_A_N1U_405 mode=smiles
🔬 Step 11 item 284/527 done 7gdx_A_N1U_405 sdf=written mapped=24 all_atoms=24 dt=0.1s
⏳ Step 11 progress: 284/527
🔬 Step 11 item 285/527 start 7gdy_A_N2X_405
🖼️ Step 11 SVG ready 7gdy_A_N2X_405 mode=smiles
🔬 Step 11 item 285/527 done 7gdy_A_N2X_405 sdf=written mapped=22 all_atoms=22 dt=0.1s
⏳ Step 11 progress: 285/527
🔬 Step 11 item 286/527 start 7gdz_A_N3I_404
🖼️ Step 11 SVG ready 7gdz_A_N3I_404 mode=smiles
🔬 Step 11 item 286/527 done 7gdz_A_N3I_404 sdf=written mapped=20 all_atoms=20 dt=0.1s
⏳ Step 11 progress: 286/527
🔬 Step 11 item 287/527 start 7ge0_A_N3R_404
🖼️ Step 11 SVG ready 7ge0_A_N3R_404 mode=smiles
🔬 Step 11 item 287/527 done 7ge0_A_N3R_404 sdf=written mapped=26 all_atoms=26 dt=0.1s
⏳ Step 11 progress: 287/527
🔬 Step 11 item 288/527 start 7ge1_A_N43_404
🖼️ Step 11 SVG ready 7ge1_A_N43_404 mode=smiles
🔬 Step 11 item 288/527 done 7ge1_A_N43_404 sdf=written mapped=27 all_atoms=27 dt=0.1s
⏳ Step 11 progress: 288/527
🔬 Step 11 item 289/527 start 7ge2_A_N4L_404
🖼️ Step 11 SVG ready 7ge2_A_N4L_404 mode=smiles
🔬 Step 11 item 289/527 done 7ge2_A_N4L_404 sdf=written mapped=26 all_atoms=26 dt=0.1s
⏳ Step 11 progress: 289/527
🔬 Step 11 item 290/527 start 7ge3_A_N5L_403
🖼️ Step 11 SVG ready 7ge3_A_N5L_403 mode=smiles
🔬 Step 11 item 290/527 done 7ge3_A_N5L_403 sdf=written mapped=19 all_atoms=19 dt=0.1s
⏳ Step 11 progress: 290/527
🔬 Step 11 item 291/527 start 7gea_A_N6F_404
🖼️ Step 11 SVG ready 7gea_A_N6F_404 mode=smiles
🔬 Step 11 item 291/527 done 7gea_A_N6F_404 sdf=written mapped=22 all_atoms=22 dt=0.1s
⏳ Step 11 progress: 291/527
🔬 Step 11 item 292/527 start 7ge4_A_N6X_405
🖼️ Step 11 SVG ready 7ge4_A_N6X_405 mode=smiles
🔬 Step 11 item 292/527 done 7ge4_A_N6X_405 sdf=written mapped=20 all_atoms=20 dt=0.1s
⏳ Step 11 progress: 292/527
🔬 Step 11 item 293/527 start 7ge5_A_N7L_404
🖼️ Step 11 SVG ready 7ge5_A_N7L_404 mode=smiles
🔬 Step 11 item 293/527 done 7ge5_A_N7L_404 sdf=written mapped=15 all_atoms=15 dt=0.1s
⏳ Step 11 progress: 293/527
🔬 Step 11 item 294/527 start 7ge6_A_N8X_405
🖼️ Step 11 SVG ready 7ge6_A_N8X_405 mode=smiles
🔬 Step 11 item 294/527 done 7ge6_A_N8X_405 sdf=written mapped=18 all_atoms=18 dt=0.1s
⏳ Step 11 progress: 294/527
🔬 Step 11 item 295/527 start 7ge7_A_N9I_404
🖼️ Step 11 SVG ready 7ge7_A_N9I_404 mode=smiles
🔬 Step 11 item 295/527 done 7ge7_A_N9I_404 sdf=written mapped=21 all_atoms=21 dt=0.1s
⏳ Step 11 progress: 295/527
🔬 Step 11 item 296/527 start 7ge8_A_NB0_404
🖼️ Step 11 SVG ready 7ge8_A_NB0_404 mode=smiles
🔬 Step 11 item 296/527 done 7ge8_A_NB0_404 sdf=written mapped=26 all_atoms=26 dt=0.1s
⏳ Step 11 progress: 296/527
🔬 Step 11 item 297/527 start 7ge9_A_NB6_404
🖼️ Step 11 SVG ready 7ge9_A_NB6_404 mode=smiles
🔬 Step 11 item 297/527 done 7ge9_A_NB6_404 sdf=written mapped=18 all_atoms=18 dt=0.1s
⏳ Step 11 progress: 297/527
🔬 Step 11 item 298/527 start 7geb_A_NDI_404
🖼️ Step 11 SVG ready 7geb_A_NDI_404 mode=smiles
🔬 Step 11 item 298/527 done 7geb_A_NDI_404 sdf=written mapped=20 all_atoms=20 dt=0.1s
⏳ Step 11 progress: 298/527
🔬 Step 11 item 299/527 start 7gec_A_NEL_404
🖼️ Step 11 SVG ready 7gec_A_NEL_404 mode=smiles
🔬 Step 11 item 299/527 done 7gec_A_NEL_404 sdf=written mapped=20 all_atoms=20 dt=0.1s
⏳ Step 11 progress: 299/527
🔬 Step 11 item 300/527 start 7ged_A_NGX_404
[15:31:35] [mem] running 11_mcsMatcher.py parent=61.2MB child_tree=133.4MB combined=194.6MB
🖼️ Step 11 SVG ready 7ged_A_NGX_404 mode=smiles
🔬 Step 11 item 300/527 done 7ged_A_NGX_404 sdf=written mapped=16 all_atoms=16 dt=0.1s
⏳ Step 11 progress: 300/527
🔬 Step 11 item 301/527 start 7gee_A_NIJ_404
🖼️ Step 11 SVG ready 7gee_A_NIJ_404 mode=smiles
🔬 Step 11 item 301/527 done 7gee_A_NIJ_404 sdf=written mapped=19 all_atoms=19 dt=0.1s
⏳ Step 11 progress: 301/527
🔬 Step 11 item 302/527 start 7gef_A_NJE_403
🖼️ Step 11 SVG ready 7gef_A_NJE_403 mode=smiles
🔬 Step 11 item 302/527 done 7gef_A_NJE_403 sdf=written mapped=17 all_atoms=17 dt=0.1s
⏳ Step 11 progress: 302/527
🔬 Step 11 item 303/527 start 7geg_A_NJU_404
🖼️ Step 11 SVG ready 7geg_A_NJU_404 mode=smiles
🔬 Step 11 item 303/527 done 7geg_A_NJU_404 sdf=written mapped=21 all_atoms=21 dt=0.1s
⏳ Step 11 progress: 303/527
🔬 Step 11 item 304/527 start 7geh_A_NKU_404
🖼️ Step 11 SVG ready 7geh_A_NKU_404 mode=smiles
🔬 Step 11 item 304/527 done 7geh_A_NKU_404 sdf=written mapped=22 all_atoms=22 dt=0.1s
⏳ Step 11 progress: 304/527
🔬 Step 11 item 305/527 start 7gei_A_NM0_404
🖼️ Step 11 SVG ready 7gei_A_NM0_404 mode=smiles
🔬 Step 11 item 305/527 done 7gei_A_NM0_404 sdf=written mapped=20 all_atoms=20 dt=0.1s
⏳ Step 11 progress: 305/527
🔬 Step 11 item 306/527 start 7gej_A_NO0_404
🖼️ Step 11 SVG ready 7gej_A_NO0_404 mode=smiles
🔬 Step 11 item 306/527 done 7gej_A_NO0_404 sdf=written mapped=22 all_atoms=22 dt=0.1s
⏳ Step 11 progress: 306/527
🔬 Step 11 item 307/527 start 7gek_A_NOI_404
🖼️ Step 11 SVG ready 7gek_A_NOI_404 mode=smiles
🔬 Step 11 item 307/527 done 7gek_A_NOI_404 sdf=written mapped=17 all_atoms=17 dt=0.1s
⏳ Step 11 progress: 307/527
🔬 Step 11 item 308/527 start 7gel_A_NQ3_404
🖼️ Step 11 SVG ready 7gel_A_NQ3_404 mode=smiles
🔬 Step 11 item 308/527 done 7gel_A_NQ3_404 sdf=written mapped=20 all_atoms=20 dt=0.1s
⏳ Step 11 progress: 308/527
🔬 Step 11 item 309/527 start 7gem_A_NQO_404
🖼️ Step 11 SVG ready 7gem_A_NQO_404 mode=smiles
🔬 Step 11 item 309/527 done 7gem_A_NQO_404 sdf=written mapped=18 all_atoms=18 dt=0.1s
⏳ Step 11 progress: 309/527
🔬 Step 11 item 310/527 start 7gen_A_NRC_404
🖼️ Step 11 SVG ready 7gen_A_NRC_404 mode=smiles
🔬 Step 11 item 310/527 done 7gen_A_NRC_404 sdf=written mapped=22 all_atoms=22 dt=0.1s
⏳ Step 11 progress: 310/527
🔬 Step 11 item 311/527 start 7geo_A_NRX_404
🖼️ Step 11 SVG ready 7geo_A_NRX_404 mode=smiles
🔬 Step 11 item 311/527 done 7geo_A_NRX_404 sdf=written mapped=20 all_atoms=20 dt=0.1s
⏳ Step 11 progress: 311/527
🔬 Step 11 item 312/527 start 7geq_A_NSR_404
🖼️ Step 11 SVG ready 7geq_A_NSR_404 mode=smiles
🔬 Step 11 item 312/527 done 7geq_A_NSR_404 sdf=written mapped=24 all_atoms=24 dt=0.1s
⏳ Step 11 progress: 312/527
🔬 Step 11 item 313/527 start 7gfb_A_NSR_404
🖼️ Step 11 SVG ready 7gfb_A_NSR_404 mode=smiles
🔬 Step 11 item 313/527 done 7gfb_A_NSR_404 sdf=written mapped=24 all_atoms=24 dt=0.1s
⏳ Step 11 progress: 313/527
🔬 Step 11 item 314/527 start 7ger_A_NU0_404
🖼️ Step 11 SVG ready 7ger_A_NU0_404 mode=smiles
🔬 Step 11 item 314/527 done 7ger_A_NU0_404 sdf=written mapped=21 all_atoms=21 dt=0.1s
⏳ Step 11 progress: 314/527
🔬 Step 11 item 315/527 start 7ges_A_NUR_404
🖼️ Step 11 SVG ready 7ges_A_NUR_404 mode=smiles
🔬 Step 11 item 315/527 done 7ges_A_NUR_404 sdf=written mapped=22 all_atoms=22 dt=0.1s
⏳ Step 11 progress: 315/527
🔬 Step 11 item 316/527 start 7get_A_NV9_404
🖼️ Step 11 SVG ready 7get_A_NV9_404 mode=smiles
🔬 Step 11 item 316/527 done 7get_A_NV9_404 sdf=written mapped=23 all_atoms=23 dt=0.2s
⏳ Step 11 progress: 316/527
🔬 Step 11 item 317/527 start 7geu_A_NVO_404
🖼️ Step 11 SVG ready 7geu_A_NVO_404 mode=smiles
🔬 Step 11 item 317/527 done 7geu_A_NVO_404 sdf=written mapped=21 all_atoms=21 dt=0.1s
⏳ Step 11 progress: 317/527
🔬 Step 11 item 318/527 start 7gev_A_NW0_404
🖼️ Step 11 SVG ready 7gev_A_NW0_404 mode=smiles
🔬 Step 11 item 318/527 done 7gev_A_NW0_404 sdf=written mapped=19 all_atoms=19 dt=0.1s
⏳ Step 11 progress: 318/527
🔬 Step 11 item 319/527 start 7gew_A_NWI_404
🖼️ Step 11 SVG ready 7gew_A_NWI_404 mode=smiles
🔬 Step 11 item 319/527 done 7gew_A_NWI_404 sdf=written mapped=21 all_atoms=21 dt=0.1s
⏳ Step 11 progress: 319/527
🔬 Step 11 item 320/527 start 7gex_A_NX9_404
🖼️ Step 11 SVG ready 7gex_A_NX9_404 mode=smiles
🔬 Step 11 item 320/527 done 7gex_A_NX9_404 sdf=written mapped=16 all_atoms=16 dt=0.1s
⏳ Step 11 progress: 320/527
🔬 Step 11 item 321/527 start 7gey_A_NYR_404
🖼️ Step 11 SVG ready 7gey_A_NYR_404 mode=smiles
🔬 Step 11 item 321/527 done 7gey_A_NYR_404 sdf=written mapped=17 all_atoms=17 dt=0.1s
⏳ Step 11 progress: 321/527
🔬 Step 11 item 322/527 start 7gez_A_NZK_404
🖼️ Step 11 SVG ready 7gez_A_NZK_404 mode=smiles
🔬 Step 11 item 322/527 done 7gez_A_NZK_404 sdf=written mapped=23 all_atoms=23 dt=0.1s
⏳ Step 11 progress: 322/527
🔬 Step 11 item 323/527 start 7gf0_A_O0C_404
🖼️ Step 11 SVG ready 7gf0_A_O0C_404 mode=smiles
🔬 Step 11 item 323/527 done 7gf0_A_O0C_404 sdf=written mapped=21 all_atoms=21 dt=0.1s
⏳ Step 11 progress: 323/527
🔬 Step 11 item 324/527 start 7gf1_A_O0R_404
🖼️ Step 11 SVG ready 7gf1_A_O0R_404 mode=smiles
🔬 Step 11 item 324/527 done 7gf1_A_O0R_404 sdf=written mapped=20 all_atoms=20 dt=0.1s
⏳ Step 11 progress: 324/527
🔬 Step 11 item 325/527 start 7gf2_A_O0X_404
🖼️ Step 11 SVG ready 7gf2_A_O0X_404 mode=smiles
🔬 Step 11 item 325/527 done 7gf2_A_O0X_404 sdf=written mapped=21 all_atoms=21 dt=0.1s
⏳ Step 11 progress: 325/527
🔬 Step 11 item 326/527 start 7gf3_A_O1I_404
🖼️ Step 11 SVG ready 7gf3_A_O1I_404 mode=smiles
🔬 Step 11 item 326/527 done 7gf3_A_O1I_404 sdf=written mapped=20 all_atoms=20 dt=0.1s
⏳ Step 11 progress: 326/527
🔬 Step 11 item 327/527 start 7gf4_A_O1X_404
🖼️ Step 11 SVG ready 7gf4_A_O1X_404 mode=smiles
🔬 Step 11 item 327/527 done 7gf4_A_O1X_404 sdf=written mapped=16 all_atoms=16 dt=0.1s
⏳ Step 11 progress: 327/527
🔬 Step 11 item 328/527 start 7gf5_A_O2R_404
🖼️ Step 11 SVG ready 7gf5_A_O2R_404 mode=smiles
🔬 Step 11 item 328/527 done 7gf5_A_O2R_404 sdf=written mapped=23 all_atoms=23 dt=0.1s
⏳ Step 11 progress: 328/527
🔬 Step 11 item 329/527 start 7gf6_A_O3I_404
🖼️ Step 11 SVG ready 7gf6_A_O3I_404 mode=smiles
🔬 Step 11 item 329/527 done 7gf6_A_O3I_404 sdf=written mapped=27 all_atoms=27 dt=0.1s
⏳ Step 11 progress: 329/527
🔬 Step 11 item 330/527 start 7gf7_A_O3U_404
🖼️ Step 11 SVG ready 7gf7_A_O3U_404 mode=smiles
🔬 Step 11 item 330/527 done 7gf7_A_O3U_404 sdf=written mapped=21 all_atoms=21 dt=0.1s
⏳ Step 11 progress: 330/527
🔬 Step 11 item 331/527 start 7gf8_A_O4L_404
🖼️ Step 11 SVG ready 7gf8_A_O4L_404 mode=smiles
🔬 Step 11 item 331/527 done 7gf8_A_O4L_404 sdf=written mapped=24 all_atoms=24 dt=0.1s
⏳ Step 11 progress: 331/527
🔬 Step 11 item 332/527 start 7gf9_A_O5C_404
🖼️ Step 11 SVG ready 7gf9_A_O5C_404 mode=smiles
🔬 Step 11 item 332/527 done 7gf9_A_O5C_404 sdf=written mapped=22 all_atoms=22 dt=0.1s
⏳ Step 11 progress: 332/527
🔬 Step 11 item 333/527 start 8c9o_E_O6K_401
🖼️ Step 11 SVG ready 8c9o_E_O6K_401 mode=smiles
🔬 Step 11 item 333/527 done 8c9o_E_O6K_401 sdf=written mapped=43 all_atoms=43 dt=0.1s
⏳ Step 11 progress: 333/527
🔬 Step 11 item 334/527 start 8c9o_F_O6K_401
🖼️ Step 11 SVG ready 8c9o_F_O6K_401 mode=smiles
🔬 Step 11 item 334/527 done 8c9o_F_O6K_401 sdf=written mapped=43 all_atoms=43 dt=0.1s
⏳ Step 11 progress: 334/527
🔬 Step 11 item 335/527 start 8cac_G_O6K_401
🖼️ Step 11 SVG ready 8cac_G_O6K_401 mode=smiles
🔬 Step 11 item 335/527 done 8cac_G_O6K_401 sdf=written mapped=43 all_atoms=43 dt=0.1s
[15:31:40] [mem] running 11_mcsMatcher.py parent=61.2MB child_tree=133.4MB combined=194.6MB
⏳ Step 11 progress: 335/527
🔬 Step 11 item 336/527 start 8cac_H_O6K_401
🖼️ Step 11 SVG ready 8cac_H_O6K_401 mode=smiles
🔬 Step 11 item 336/527 done 8cac_H_O6K_401 sdf=written mapped=43 all_atoms=43 dt=0.1s
⏳ Step 11 progress: 336/527
🔬 Step 11 item 337/527 start 8r1q_A_O6K_401
🖼️ Step 11 SVG ready 8r1q_A_O6K_401 mode=smiles
🔬 Step 11 item 337/527 done 8r1q_A_O6K_401 sdf=written mapped=43 all_atoms=43 dt=0.2s
⏳ Step 11 progress: 337/527
🔬 Step 11 item 338/527 start 8r1q_B_O6K_401
🖼️ Step 11 SVG ready 8r1q_B_O6K_401 mode=smiles
🔬 Step 11 item 338/527 done 8r1q_B_O6K_401 sdf=written mapped=43 all_atoms=43 dt=0.1s
⏳ Step 11 progress: 338/527
🔬 Step 11 item 339/527 start 8r26_A_O6K_401
🖼️ Step 11 SVG ready 8r26_A_O6K_401 mode=smiles
🔬 Step 11 item 339/527 done 8r26_A_O6K_401 sdf=written mapped=43 all_atoms=43 dt=0.1s
⏳ Step 11 progress: 339/527
🔬 Step 11 item 340/527 start 8r26_B_O6K_401
🖼️ Step 11 SVG ready 8r26_B_O6K_401 mode=smiles
🔬 Step 11 item 340/527 done 8r26_B_O6K_401 sdf=written mapped=43 all_atoms=43 dt=0.1s
⏳ Step 11 progress: 340/527
🔬 Step 11 item 341/527 start 8r26_C_O6K_401
🖼️ Step 11 SVG ready 8r26_C_O6K_401 mode=smiles
🔬 Step 11 item 341/527 done 8r26_C_O6K_401 sdf=written mapped=43 all_atoms=43 dt=0.1s
⏳ Step 11 progress: 341/527
🔬 Step 11 item 342/527 start 8r26_D_O6K_401
🖼️ Step 11 SVG ready 8r26_D_O6K_401 mode=smiles
🔬 Step 11 item 342/527 done 8r26_D_O6K_401 sdf=written mapped=43 all_atoms=43 dt=0.1s
⏳ Step 11 progress: 342/527
🔬 Step 11 item 343/527 start 7gfc_A_O87_404
🖼️ Step 11 SVG ready 7gfc_A_O87_404 mode=smiles
🔬 Step 11 item 343/527 done 7gfc_A_O87_404 sdf=written mapped=29 all_atoms=29 dt=0.1s
⏳ Step 11 progress: 343/527
🔬 Step 11 item 344/527 start 7gfd_A_O8L_404
🖼️ Step 11 SVG ready 7gfd_A_O8L_404 mode=smiles
🔬 Step 11 item 344/527 done 7gfd_A_O8L_404 sdf=written mapped=25 all_atoms=25 dt=0.1s
⏳ Step 11 progress: 344/527
🔬 Step 11 item 345/527 start 7gfe_A_O9O_404
🖼️ Step 11 SVG ready 7gfe_A_O9O_404 mode=smiles
🔬 Step 11 item 345/527 done 7gfe_A_O9O_404 sdf=written mapped=30 all_atoms=30 dt=0.1s
⏳ Step 11 progress: 345/527
🔬 Step 11 item 346/527 start 7gff_A_O9X_404
🖼️ Step 11 SVG ready 7gff_A_O9X_404 mode=smiles
🔬 Step 11 item 346/527 done 7gff_A_O9X_404 sdf=written mapped=16 all_atoms=16 dt=0.1s
⏳ Step 11 progress: 346/527
🔬 Step 11 item 347/527 start 7gfg_A_OAO_404
🖼️ Step 11 SVG ready 7gfg_A_OAO_404 mode=smiles
🔬 Step 11 item 347/527 done 7gfg_A_OAO_404 sdf=written mapped=26 all_atoms=26 dt=0.1s
⏳ Step 11 progress: 347/527
🔬 Step 11 item 348/527 start 7gfh_A_OBO_404
🖼️ Step 11 SVG ready 7gfh_A_OBO_404 mode=smiles
🔬 Step 11 item 348/527 done 7gfh_A_OBO_404 sdf=written mapped=20 all_atoms=20 dt=0.1s
⏳ Step 11 progress: 348/527
🔬 Step 11 item 349/527 start 7gfi_A_OCI_404
🖼️ Step 11 SVG ready 7gfi_A_OCI_404 mode=smiles
🔬 Step 11 item 349/527 done 7gfi_A_OCI_404 sdf=written mapped=23 all_atoms=23 dt=0.1s
⏳ Step 11 progress: 349/527
🔬 Step 11 item 350/527 start 7gfj_A_OD7_404
🖼️ Step 11 SVG ready 7gfj_A_OD7_404 mode=smiles
🔬 Step 11 item 350/527 done 7gfj_A_OD7_404 sdf=written mapped=34 all_atoms=34 dt=0.1s
⏳ Step 11 progress: 350/527
🔬 Step 11 item 351/527 start 7gfk_A_ODX_404
🖼️ Step 11 SVG ready 7gfk_A_ODX_404 mode=smiles
🔬 Step 11 item 351/527 done 7gfk_A_ODX_404 sdf=written mapped=25 all_atoms=25 dt=0.1s
⏳ Step 11 progress: 351/527
🔬 Step 11 item 352/527 start 7gfl_A_OE6_404
🖼️ Step 11 SVG ready 7gfl_A_OE6_404 mode=smiles
🔬 Step 11 item 352/527 done 7gfl_A_OE6_404 sdf=written mapped=20 all_atoms=20 dt=0.1s
⏳ Step 11 progress: 352/527
🔬 Step 11 item 353/527 start 7gfm_A_OEO_404
🖼️ Step 11 SVG ready 7gfm_A_OEO_404 mode=smiles
🔬 Step 11 item 353/527 done 7gfm_A_OEO_404 sdf=written mapped=29 all_atoms=29 dt=0.1s
⏳ Step 11 progress: 353/527
🔬 Step 11 item 354/527 start 7gfn_A_OFX_404
🖼️ Step 11 SVG ready 7gfn_A_OFX_404 mode=smiles
🔬 Step 11 item 354/527 done 7gfn_A_OFX_404 sdf=written mapped=28 all_atoms=28 dt=0.1s
⏳ Step 11 progress: 354/527
🔬 Step 11 item 355/527 start 7gfo_A_OGF_404
🖼️ Step 11 SVG ready 7gfo_A_OGF_404 mode=smiles
🔬 Step 11 item 355/527 done 7gfo_A_OGF_404 sdf=written mapped=30 all_atoms=30 dt=0.1s
⏳ Step 11 progress: 355/527
🔬 Step 11 item 356/527 start 7gg1_A_OGO_404
🖼️ Step 11 SVG ready 7gg1_A_OGO_404 mode=smiles
🔬 Step 11 item 356/527 done 7gg1_A_OGO_404 sdf=written mapped=26 all_atoms=26 dt=0.1s
⏳ Step 11 progress: 356/527
🔬 Step 11 item 357/527 start 7gg0_A_OGV_404
🖼️ Step 11 SVG ready 7gg0_A_OGV_404 mode=smiles
🔬 Step 11 item 357/527 done 7gg0_A_OGV_404 sdf=written mapped=20 all_atoms=20 dt=0.1s
⏳ Step 11 progress: 357/527
🔬 Step 11 item 358/527 start 7gfp_A_OHC_404
🖼️ Step 11 SVG ready 7gfp_A_OHC_404 mode=smiles
🔬 Step 11 item 358/527 done 7gfp_A_OHC_404 sdf=written mapped=23 all_atoms=23 dt=0.1s
⏳ Step 11 progress: 358/527
🔬 Step 11 item 359/527 start 7gfq_A_OI4_404
🖼️ Step 11 SVG ready 7gfq_A_OI4_404 mode=smiles
🔬 Step 11 item 359/527 done 7gfq_A_OI4_404 sdf=written mapped=21 all_atoms=21 dt=0.1s
⏳ Step 11 progress: 359/527
🔬 Step 11 item 360/527 start 7gfr_A_OIE_404
🖼️ Step 11 SVG ready 7gfr_A_OIE_404 mode=smiles
🔬 Step 11 item 360/527 done 7gfr_A_OIE_404 sdf=written mapped=21 all_atoms=21 dt=0.1s
⏳ Step 11 progress: 360/527
🔬 Step 11 item 361/527 start 7gfs_A_OIK_404
🖼️ Step 11 SVG ready 7gfs_A_OIK_404 mode=smiles
🔬 Step 11 item 361/527 done 7gfs_A_OIK_404 sdf=written mapped=24 all_atoms=24 dt=0.1s
⏳ Step 11 progress: 361/527
🔬 Step 11 item 362/527 start 7gft_A_OIX_404
🖼️ Step 11 SVG ready 7gft_A_OIX_404 mode=smiles
🔬 Step 11 item 362/527 done 7gft_A_OIX_404 sdf=written mapped=24 all_atoms=24 dt=0.1s
⏳ Step 11 progress: 362/527
🔬 Step 11 item 363/527 start 7gfu_A_OJ9_404
🖼️ Step 11 SVG ready 7gfu_A_OJ9_404 mode=smiles
🔬 Step 11 item 363/527 done 7gfu_A_OJ9_404 sdf=written mapped=24 all_atoms=24 dt=0.1s
⏳ Step 11 progress: 363/527
🔬 Step 11 item 364/527 start 7gfv_A_OJO_404
🖼️ Step 11 SVG ready 7gfv_A_OJO_404 mode=smiles
🔬 Step 11 item 364/527 done 7gfv_A_OJO_404 sdf=written mapped=18 all_atoms=18 dt=0.1s
⏳ Step 11 progress: 364/527
🔬 Step 11 item 365/527 start 7gfw_A_OK9_404
🖼️ Step 11 SVG ready 7gfw_A_OK9_404 mode=smiles
🔬 Step 11 item 365/527 done 7gfw_A_OK9_404 sdf=written mapped=23 all_atoms=23 dt=0.1s
⏳ Step 11 progress: 365/527
🔬 Step 11 item 366/527 start 7gfx_A_OKW_404
🖼️ Step 11 SVG ready 7gfx_A_OKW_404 mode=smiles
🔬 Step 11 item 366/527 done 7gfx_A_OKW_404 sdf=written mapped=20 all_atoms=20 dt=0.1s
⏳ Step 11 progress: 366/527
🔬 Step 11 item 367/527 start 7gfy_A_OLX_404
🖼️ Step 11 SVG ready 7gfy_A_OLX_404 mode=smiles
🔬 Step 11 item 367/527 done 7gfy_A_OLX_404 sdf=written mapped=17 all_atoms=17 dt=0.1s
⏳ Step 11 progress: 367/527
🔬 Step 11 item 368/527 start 7gfz_A_ONU_404
🖼️ Step 11 SVG ready 7gfz_A_ONU_404 mode=smiles
🔬 Step 11 item 368/527 done 7gfz_A_ONU_404 sdf=written mapped=26 all_atoms=26 dt=0.1s
⏳ Step 11 progress: 368/527
🔬 Step 11 item 369/527 start 7gfz_A_ONU_405
🖼️ Step 11 SVG ready 7gfz_A_ONU_405 mode=smiles
🔬 Step 11 item 369/527 done 7gfz_A_ONU_405 sdf=written mapped=26 all_atoms=26 dt=0.1s
⏳ Step 11 progress: 369/527
🔬 Step 11 item 370/527 start 7gg2_A_OO6_404
🖼️ Step 11 SVG ready 7gg2_A_OO6_404 mode=smiles
🔬 Step 11 item 370/527 done 7gg2_A_OO6_404 sdf=written mapped=25 all_atoms=25 dt=0.1s
⏳ Step 11 progress: 370/527
🔬 Step 11 item 371/527 start 7gg3_A_OOL_404
⚠️ Step 11 item skipped: 371/527 7gg3_A_OOL_404 stage=BUILD_ROWS reason=ITEM_FAILED
🖼️ Step 11 SVG ready 7gg3_A_OOL_404 mode=smiles
🔬 Step 11 item 371/527 done 7gg3_A_OOL_404 sdf=written mapped=12 all_atoms=12 dt=0.1s
⏳ Step 11 progress: 371/527
🔬 Step 11 item 372/527 start 7gg4_A_OPU_404
🖼️ Step 11 SVG ready 7gg4_A_OPU_404 mode=smiles
🔬 Step 11 item 372/527 done 7gg4_A_OPU_404 sdf=written mapped=24 all_atoms=24 dt=0.1s
⏳ Step 11 progress: 372/527
🔬 Step 11 item 373/527 start 7gg5_A_OQF_404
🖼️ Step 11 SVG ready 7gg5_A_OQF_404 mode=smiles
🔬 Step 11 item 373/527 done 7gg5_A_OQF_404 sdf=written mapped=28 all_atoms=28 dt=0.1s
⏳ Step 11 progress: 373/527
🔬 Step 11 item 374/527 start 7gg6_A_OQL_404
🖼️ Step 11 SVG ready 7gg6_A_OQL_404 mode=smiles
🔬 Step 11 item 374/527 done 7gg6_A_OQL_404 sdf=written mapped=24 all_atoms=24 dt=0.1s
⏳ Step 11 progress: 374/527
🔬 Step 11 item 375/527 start 7ggq_A_OQL_404
🖼️ Step 11 SVG ready 7ggq_A_OQL_404 mode=smiles
🔬 Step 11 item 375/527 done 7ggq_A_OQL_404 sdf=written mapped=24 all_atoms=24 dt=0.1s
[15:31:46] [mem] running 11_mcsMatcher.py parent=61.2MB child_tree=133.4MB combined=194.6MB
⏳ Step 11 progress: 375/527
🔬 Step 11 item 376/527 start 7gg7_A_OQX_404
🖼️ Step 11 SVG ready 7gg7_A_OQX_404 mode=smiles
🔬 Step 11 item 376/527 done 7gg7_A_OQX_404 sdf=written mapped=29 all_atoms=29 dt=0.1s
⏳ Step 11 progress: 376/527
🔬 Step 11 item 377/527 start 7gg8_A_ORR_404
🖼️ Step 11 SVG ready 7gg8_A_ORR_404 mode=smiles
🔬 Step 11 item 377/527 done 7gg8_A_ORR_404 sdf=written mapped=21 all_atoms=21 dt=0.1s
⏳ Step 11 progress: 377/527
🔬 Step 11 item 378/527 start 7gga_A_OSI_404
🖼️ Step 11 SVG ready 7gga_A_OSI_404 mode=smiles
🔬 Step 11 item 378/527 done 7gga_A_OSI_404 sdf=written mapped=25 all_atoms=25 dt=0.1s
⏳ Step 11 progress: 378/527
🔬 Step 11 item 379/527 start 7ggb_A_OT6_404
🖼️ Step 11 SVG ready 7ggb_A_OT6_404 mode=smiles
🔬 Step 11 item 379/527 done 7ggb_A_OT6_404 sdf=written mapped=25 all_atoms=25 dt=0.1s
⏳ Step 11 progress: 379/527
🔬 Step 11 item 380/527 start 7ggc_A_OTV_404
🖼️ Step 11 SVG ready 7ggc_A_OTV_404 mode=smiles
🔬 Step 11 item 380/527 done 7ggc_A_OTV_404 sdf=written mapped=26 all_atoms=26 dt=0.1s
⏳ Step 11 progress: 380/527
🔬 Step 11 item 381/527 start 7ggd_A_OUF_404
🖼️ Step 11 SVG ready 7ggd_A_OUF_404 mode=smiles
🔬 Step 11 item 381/527 done 7ggd_A_OUF_404 sdf=written mapped=29 all_atoms=29 dt=0.1s
⏳ Step 11 progress: 381/527
🔬 Step 11 item 382/527 start 7gge_A_OV4_404
🖼️ Step 11 SVG ready 7gge_A_OV4_404 mode=smiles
🔬 Step 11 item 382/527 done 7gge_A_OV4_404 sdf=written mapped=29 all_atoms=29 dt=0.1s
⏳ Step 11 progress: 382/527
🔬 Step 11 item 383/527 start 7ggf_A_OVF_404
🖼️ Step 11 SVG ready 7ggf_A_OVF_404 mode=smiles
🔬 Step 11 item 383/527 done 7ggf_A_OVF_404 sdf=written mapped=30 all_atoms=30 dt=0.1s
⏳ Step 11 progress: 383/527
🔬 Step 11 item 384/527 start 7ggg_A_OVX_404
🖼️ Step 11 SVG ready 7ggg_A_OVX_404 mode=smiles
🔬 Step 11 item 384/527 done 7ggg_A_OVX_404 sdf=written mapped=26 all_atoms=26 dt=0.1s
⏳ Step 11 progress: 384/527
🔬 Step 11 item 385/527 start 7ggh_A_OWC_404
🖼️ Step 11 SVG ready 7ggh_A_OWC_404 mode=smiles
🔬 Step 11 item 385/527 done 7ggh_A_OWC_404 sdf=written mapped=24 all_atoms=24 dt=0.1s
⏳ Step 11 progress: 385/527
🔬 Step 11 item 386/527 start 7ggi_A_OWX_404
🖼️ Step 11 SVG ready 7ggi_A_OWX_404 mode=smiles
🔬 Step 11 item 386/527 done 7ggi_A_OWX_404 sdf=written mapped=21 all_atoms=21 dt=0.1s
⏳ Step 11 progress: 386/527
🔬 Step 11 item 387/527 start 7ggj_A_OYF_404
🖼️ Step 11 SVG ready 7ggj_A_OYF_404 mode=smiles
🔬 Step 11 item 387/527 done 7ggj_A_OYF_404 sdf=written mapped=24 all_atoms=24 dt=0.1s
⏳ Step 11 progress: 387/527
🔬 Step 11 item 388/527 start 7ggk_A_OYX_404
🖼️ Step 11 SVG ready 7ggk_A_OYX_404 mode=smiles
🔬 Step 11 item 388/527 done 7ggk_A_OYX_404 sdf=written mapped=28 all_atoms=28 dt=0.1s
⏳ Step 11 progress: 388/527
🔬 Step 11 item 389/527 start 7ggl_A_OZC_404
🖼️ Step 11 SVG ready 7ggl_A_OZC_404 mode=smiles
🔬 Step 11 item 389/527 done 7ggl_A_OZC_404 sdf=written mapped=24 all_atoms=24 dt=0.1s
⏳ Step 11 progress: 389/527
🔬 Step 11 item 390/527 start 7ggm_A_OZX_404
🖼️ Step 11 SVG ready 7ggm_A_OZX_404 mode=smiles
🔬 Step 11 item 390/527 done 7ggm_A_OZX_404 sdf=written mapped=21 all_atoms=21 dt=0.1s
⏳ Step 11 progress: 390/527
🔬 Step 11 item 391/527 start 7ggn_A_P0X_404
⏱ Step 11 heartbeat: processed=390/527 current=7ggn_A_P0X_404 stage=ITEM_START elapsed=60s item_elapsed=0s sdf_written=390 sdf_failed=0 svg_written=390 item_failures=92 last_done=7ggm_A_OZX_404
🖼️ Step 11 SVG ready 7ggn_A_P0X_404 mode=smiles
🔬 Step 11 item 391/527 done 7ggn_A_P0X_404 sdf=written mapped=27 all_atoms=27 dt=0.1s
⏳ Step 11 progress: 391/527
🔬 Step 11 item 392/527 start 7ggo_A_P3L_404
🖼️ Step 11 SVG ready 7ggo_A_P3L_404 mode=smiles
🔬 Step 11 item 392/527 done 7ggo_A_P3L_404 sdf=written mapped=21 all_atoms=21 dt=0.1s
⏳ Step 11 progress: 392/527
🔬 Step 11 item 393/527 start 7ggp_A_P4R_404
🖼️ Step 11 SVG ready 7ggp_A_P4R_404 mode=smiles
🔬 Step 11 item 393/527 done 7ggp_A_P4R_404 sdf=written mapped=27 all_atoms=27 dt=0.1s
⏳ Step 11 progress: 393/527
🔬 Step 11 item 394/527 start 7ggr_A_P6O_404
🖼️ Step 11 SVG ready 7ggr_A_P6O_404 mode=smiles
🔬 Step 11 item 394/527 done 7ggr_A_P6O_404 sdf=written mapped=26 all_atoms=26 dt=0.1s
⏳ Step 11 progress: 394/527
🔬 Step 11 item 395/527 start 7ggs_A_P7R_404
🖼️ Step 11 SVG ready 7ggs_A_P7R_404 mode=smiles
🔬 Step 11 item 395/527 done 7ggs_A_P7R_404 sdf=written mapped=25 all_atoms=25 dt=0.1s
⏳ Step 11 progress: 395/527
🔬 Step 11 item 396/527 start 7ggt_A_P9O_404
🖼️ Step 11 SVG ready 7ggt_A_P9O_404 mode=smiles
🔬 Step 11 item 396/527 done 7ggt_A_P9O_404 sdf=written mapped=24 all_atoms=24 dt=0.1s
⏳ Step 11 progress: 396/527
🔬 Step 11 item 397/527 start 9bbp_A_PHE_404
⚠️ Step 11 item skipped: 397/527 9bbp_A_PHE_404 stage=BUILD_ROWS reason=ITEM_FAILED
🖼️ Step 11 SVG ready 9bbp_A_PHE_404 mode=smiles
🔬 Step 11 item 397/527 done 9bbp_A_PHE_404 sdf=written mapped=11 all_atoms=11 dt=0.1s
⏳ Step 11 progress: 397/527
🔬 Step 11 item 398/527 start 7ggu_A_PJ6_404
🖼️ Step 11 SVG ready 7ggu_A_PJ6_404 mode=smiles
🔬 Step 11 item 398/527 done 7ggu_A_PJ6_404 sdf=written mapped=26 all_atoms=26 dt=0.1s
⏳ Step 11 progress: 398/527
🔬 Step 11 item 399/527 start 7ggv_A_PJX_404
🖼️ Step 11 SVG ready 7ggv_A_PJX_404 mode=smiles
🔬 Step 11 item 399/527 done 7ggv_A_PJX_404 sdf=written mapped=25 all_atoms=25 dt=0.1s
⏳ Step 11 progress: 399/527
🔬 Step 11 item 400/527 start 7ggw_A_PKW_404
🖼️ Step 11 SVG ready 7ggw_A_PKW_404 mode=smiles
🔬 Step 11 item 400/527 done 7ggw_A_PKW_404 sdf=written mapped=24 all_atoms=24 dt=0.1s
⏳ Step 11 progress: 400/527
🔬 Step 11 item 401/527 start 7ggx_A_PQ6_404
🖼️ Step 11 SVG ready 7ggx_A_PQ6_404 mode=smiles
🔬 Step 11 item 401/527 done 7ggx_A_PQ6_404 sdf=written mapped=26 all_atoms=26 dt=0.1s
⏳ Step 11 progress: 401/527
🔬 Step 11 item 402/527 start 7ggy_A_PUU_404
🖼️ Step 11 SVG ready 7ggy_A_PUU_404 mode=smiles
🔬 Step 11 item 402/527 done 7ggy_A_PUU_404 sdf=written mapped=27 all_atoms=27 dt=0.1s
⏳ Step 11 progress: 402/527
🔬 Step 11 item 403/527 start 7ggz_A_PVR_404
🖼️ Step 11 SVG ready 7ggz_A_PVR_404 mode=smiles
🔬 Step 11 item 403/527 done 7ggz_A_PVR_404 sdf=written mapped=22 all_atoms=22 dt=0.1s
⏳ Step 11 progress: 403/527
🔬 Step 11 item 404/527 start 7gh0_A_PWR_404
🖼️ Step 11 SVG ready 7gh0_A_PWR_404 mode=smiles
🔬 Step 11 item 404/527 done 7gh0_A_PWR_404 sdf=written mapped=25 all_atoms=25 dt=0.1s
⏳ Step 11 progress: 404/527
🔬 Step 11 item 405/527 start 7gh1_A_PZ6_404
🖼️ Step 11 SVG ready 7gh1_A_PZ6_404 mode=smiles
🔬 Step 11 item 405/527 done 7gh1_A_PZ6_404 sdf=written mapped=26 all_atoms=26 dt=0.1s
⏳ Step 11 progress: 405/527
🔬 Step 11 item 406/527 start 7gh2_A_Q0I_404
🖼️ Step 11 SVG ready 7gh2_A_Q0I_404 mode=smiles
🔬 Step 11 item 406/527 done 7gh2_A_Q0I_404 sdf=written mapped=28 all_atoms=28 dt=0.1s
⏳ Step 11 progress: 406/527
🔬 Step 11 item 407/527 start 7gh3_A_Q1C_404
🖼️ Step 11 SVG ready 7gh3_A_Q1C_404 mode=smiles
🔬 Step 11 item 407/527 done 7gh3_A_Q1C_404 sdf=written mapped=18 all_atoms=18 dt=0.1s
⏳ Step 11 progress: 407/527
🔬 Step 11 item 408/527 start 7gh4_A_Q1U_404
🖼️ Step 11 SVG ready 7gh4_A_Q1U_404 mode=smiles
🔬 Step 11 item 408/527 done 7gh4_A_Q1U_404 sdf=written mapped=23 all_atoms=23 dt=0.1s
⏳ Step 11 progress: 408/527
🔬 Step 11 item 409/527 start 7gh5_A_Q2G_1001
🖼️ Step 11 SVG ready 7gh5_A_Q2G_1001 mode=smiles
🔬 Step 11 item 409/527 done 7gh5_A_Q2G_1001 sdf=written mapped=18 all_atoms=18 dt=0.1s
⏳ Step 11 progress: 409/527
🔬 Step 11 item 410/527 start 7gh6_A_Q2U_1001
🖼️ Step 11 SVG ready 7gh6_A_Q2U_1001 mode=smiles
🔬 Step 11 item 410/527 done 7gh6_A_Q2U_1001 sdf=written mapped=25 all_atoms=25 dt=0.1s
⏳ Step 11 progress: 410/527
🔬 Step 11 item 411/527 start 7gh7_A_Q36_1001
🖼️ Step 11 SVG ready 7gh7_A_Q36_1001 mode=smiles
🔬 Step 11 item 411/527 done 7gh7_A_Q36_1001 sdf=written mapped=20 all_atoms=20 dt=0.1s
⏳ Step 11 progress: 411/527
🔬 Step 11 item 412/527 start 7gh8_A_Q3U_1001
🖼️ Step 11 SVG ready 7gh8_A_Q3U_1001 mode=smiles
🔬 Step 11 item 412/527 done 7gh8_A_Q3U_1001 sdf=written mapped=18 all_atoms=18 dt=0.1s
⏳ Step 11 progress: 412/527
🔬 Step 11 item 413/527 start 7gh9_A_Q45_1001
🖼️ Step 11 SVG ready 7gh9_A_Q45_1001 mode=smiles
🔬 Step 11 item 413/527 done 7gh9_A_Q45_1001 sdf=written mapped=23 all_atoms=23 dt=0.1s
⏳ Step 11 progress: 413/527
🔬 Step 11 item 414/527 start 7gha_A_Q4F_1001
🖼️ Step 11 SVG ready 7gha_A_Q4F_1001 mode=smiles
🔬 Step 11 item 414/527 done 7gha_A_Q4F_1001 sdf=written mapped=18 all_atoms=18 dt=0.1s
⏳ Step 11 progress: 414/527
🔬 Step 11 item 415/527 start 7ghb_A_Q4R_1001
🖼️ Step 11 SVG ready 7ghb_A_Q4R_1001 mode=smiles
🔬 Step 11 item 415/527 done 7ghb_A_Q4R_1001 sdf=written mapped=26 all_atoms=26 dt=0.1s
⏳ Step 11 progress: 415/527
🔬 Step 11 item 416/527 start 6z2e_A_Q5T_401
🖼️ Step 11 SVG ready 6z2e_A_Q5T_401 mode=smiles
🔬 Step 11 item 416/527 done 6z2e_A_Q5T_401 sdf=written mapped=67 all_atoms=67 dt=0.1s
⏳ Step 11 progress: 416/527
🔬 Step 11 item 417/527 start 8bgd_A_QH0_401
[15:31:50] WARNING: More than one matching pattern found - picking one
🖼️ Step 11 SVG ready 8bgd_A_QH0_401 mode=smiles
🔬 Step 11 item 417/527 done 8bgd_A_QH0_401 sdf=written mapped=32 all_atoms=32 dt=0.1s
⏳ Step 11 progress: 417/527
🔬 Step 11 item 418/527 start 8bga_A_QQL_401
[15:31:51] WARNING: More than one matching pattern found - picking one
[15:31:51] [mem] running 11_mcsMatcher.py parent=61.2MB child_tree=133.4MB combined=194.6MB
🖼️ Step 11 SVG ready 8bga_A_QQL_401 mode=smiles
🔬 Step 11 item 418/527 done 8bga_A_QQL_401 sdf=written mapped=35 all_atoms=35 dt=0.1s
⏳ Step 11 progress: 418/527
🔬 Step 11 item 419/527 start 8bga_B_QQL_401
[15:31:51] WARNING: More than one matching pattern found - picking one
🖼️ Step 11 SVG ready 8bga_B_QQL_401 mode=smiles
🔬 Step 11 item 419/527 done 8bga_B_QQL_401 sdf=written mapped=35 all_atoms=35 dt=0.1s
⏳ Step 11 progress: 419/527
🔬 Step 11 item 420/527 start 8gqt_D_QUE_401
🖼️ Step 11 SVG ready 8gqt_D_QUE_401 mode=smiles
🔬 Step 11 item 420/527 done 8gqt_D_QUE_401 sdf=written mapped=22 all_atoms=22 dt=0.1s
⏳ Step 11 progress: 420/527
🔬 Step 11 item 421/527 start 7gd4_A_R30_405
🖼️ Step 11 SVG ready 7gd4_A_R30_405 mode=smiles
🔬 Step 11 item 421/527 done 7gd4_A_R30_405 sdf=written mapped=30 all_atoms=30 dt=0.1s
⏳ Step 11 progress: 421/527
🔬 Step 11 item 422/527 start 7aeh_A_R8H_405
🖼️ Step 11 SVG ready 7aeh_A_R8H_405 mode=smiles
🔬 Step 11 item 422/527 done 7aeh_A_R8H_405 sdf=written mapped=36 all_atoms=36 dt=0.1s
⏳ Step 11 progress: 422/527
🔬 Step 11 item 423/527 start 8ty3_A_SJF_401
🖼️ Step 11 SVG ready 8ty3_A_SJF_401 mode=smiles
🔬 Step 11 item 423/527 done 8ty3_A_SJF_401 sdf=written mapped=33 all_atoms=33 dt=0.1s
⏳ Step 11 progress: 423/527
🔬 Step 11 item 424/527 start 8ty4_A_SO0_401
🖼️ Step 11 SVG ready 8ty4_A_SO0_401 mode=smiles
🔬 Step 11 item 424/527 done 8ty4_A_SO0_401 sdf=written mapped=33 all_atoms=33 dt=0.1s
⏳ Step 11 progress: 424/527
🔬 Step 11 item 425/527 start 7gg9_A_SQ2_404
🖼️ Step 11 SVG ready 7gg9_A_SQ2_404 mode=smiles
🔬 Step 11 item 425/527 done 7gg9_A_SQ2_404 sdf=written mapped=19 all_atoms=19 dt=0.1s
⏳ Step 11 progress: 425/527
🔬 Step 11 item 426/527 start 8ty5_A_SQ3_401
🖼️ Step 11 SVG ready 8ty5_A_SQ3_401 mode=smiles
🔬 Step 11 item 426/527 done 8ty5_A_SQ3_401 sdf=written mapped=33 all_atoms=33 dt=0.1s
⏳ Step 11 progress: 426/527
🔬 Step 11 item 427/527 start 7k6d_A_SV6_402
🖼️ Step 11 SVG ready 7k6d_A_SV6_402 mode=smiles
🔬 Step 11 item 427/527 done 7k6d_A_SV6_402 sdf=written mapped=49 all_atoms=49 dt=0.1s
⏳ Step 11 progress: 427/527
🔬 Step 11 item 428/527 start 7k6e_A_SV6_402
🖼️ Step 11 SVG ready 7k6e_A_SV6_402 mode=smiles
🔬 Step 11 item 428/527 done 7k6e_A_SV6_402 sdf=written mapped=49 all_atoms=49 dt=0.1s
⏳ Step 11 progress: 428/527
🔬 Step 11 item 429/527 start 7nbs_C_SV6_402
🖼️ Step 11 SVG ready 7nbs_C_SV6_402 mode=smiles
🔬 Step 11 item 429/527 done 7nbs_C_SV6_402 sdf=written mapped=49 all_atoms=49 dt=0.1s
⏳ Step 11 progress: 429/527
🔬 Step 11 item 430/527 start 9bbp_A_THR_403
⚠️ Step 11 item skipped: 430/527 9bbp_A_THR_403 stage=BUILD_ROWS reason=ITEM_FAILED
🖼️ Step 11 SVG ready 9bbp_A_THR_403 mode=smiles
🔬 Step 11 item 430/527 done 9bbp_A_THR_403 sdf=written mapped=7 all_atoms=7 dt=0.3s
⏳ Step 11 progress: 430/527
🔬 Step 11 item 431/527 start 7nbr_B_U5G_401
🖼️ Step 11 SVG ready 7nbr_B_U5G_401 mode=smiles
🔬 Step 11 item 431/527 done 7nbr_B_U5G_401 sdf=written mapped=37 all_atoms=37 dt=0.1s
⏳ Step 11 progress: 431/527
🔬 Step 11 item 432/527 start 8dzb_A_U6Y_502
🖼️ Step 11 SVG ready 8dzb_A_U6Y_502 mode=smiles
🔬 Step 11 item 432/527 done 8dzb_A_U6Y_502 sdf=written mapped=41 all_atoms=41 dt=0.1s
⏳ Step 11 progress: 432/527
🔬 Step 11 item 433/527 start 8dzc_A_U76_401
🖼️ Step 11 SVG ready 8dzc_A_U76_401 mode=smiles
🔬 Step 11 item 433/527 done 8dzc_A_U76_401 sdf=written mapped=44 all_atoms=44 dt=0.1s
⏳ Step 11 progress: 433/527
🔬 Step 11 item 434/527 start 7nby_A_U88_401
⚠️ Step 11 item skipped: 434/527 7nby_A_U88_401 stage=BUILD_ROWS reason=ITEM_FAILED
🖼️ Step 11 SVG ready 7nby_A_U88_401 mode=smiles
🔬 Step 11 item 434/527 done 7nby_A_U88_401 sdf=written mapped=8 all_atoms=9 dt=0.1s
⏳ Step 11 progress: 434/527
🔬 Step 11 item 435/527 start 7nby_B_U88_401
⚠️ Step 11 item skipped: 435/527 7nby_B_U88_401 stage=BUILD_ROWS reason=ITEM_FAILED
🖼️ Step 11 SVG ready 7nby_B_U88_401 mode=smiles
🔬 Step 11 item 435/527 done 7nby_B_U88_401 sdf=written mapped=8 all_atoms=9 dt=0.1s
⏳ Step 11 progress: 435/527
🔬 Step 11 item 436/527 start 7nby_A_U88_402
⚠️ Step 11 item skipped: 436/527 7nby_A_U88_402 stage=BUILD_ROWS reason=ITEM_FAILED
🖼️ Step 11 SVG ready 7nby_A_U88_402 mode=smiles
🔬 Step 11 item 436/527 done 7nby_A_U88_402 sdf=written mapped=8 all_atoms=9 dt=0.1s
⏳ Step 11 progress: 436/527
🔬 Step 11 item 437/527 start 7nby_B_U88_402
⚠️ Step 11 item skipped: 437/527 7nby_B_U88_402 stage=BUILD_ROWS reason=ITEM_FAILED
🖼️ Step 11 SVG ready 7nby_B_U88_402 mode=smiles
🔬 Step 11 item 437/527 done 7nby_B_U88_402 sdf=written mapped=8 all_atoms=9 dt=0.1s
⏳ Step 11 progress: 437/527
🔬 Step 11 item 438/527 start 7nby_A_U88_403
⚠️ Step 11 item skipped: 438/527 7nby_A_U88_403 stage=BUILD_ROWS reason=ITEM_FAILED
🖼️ Step 11 SVG ready 7nby_A_U88_403 mode=smiles
🔬 Step 11 item 438/527 done 7nby_A_U88_403 sdf=written mapped=8 all_atoms=9 dt=0.1s
⏳ Step 11 progress: 438/527
🔬 Step 11 item 439/527 start 7nby_B_U88_403
⚠️ Step 11 item skipped: 439/527 7nby_B_U88_403 stage=BUILD_ROWS reason=ITEM_FAILED
🖼️ Step 11 SVG ready 7nby_B_U88_403 mode=smiles
🔬 Step 11 item 439/527 done 7nby_B_U88_403 sdf=written mapped=8 all_atoms=9 dt=0.1s
⏳ Step 11 progress: 439/527
🔬 Step 11 item 440/527 start 7nby_A_U88_406
⚠️ Step 11 item skipped: 440/527 7nby_A_U88_406 stage=BUILD_ROWS reason=ITEM_FAILED
🖼️ Step 11 SVG ready 7nby_A_U88_406 mode=smiles
🔬 Step 11 item 440/527 done 7nby_A_U88_406 sdf=written mapped=8 all_atoms=9 dt=0.1s
⏳ Step 11 progress: 440/527
🔬 Step 11 item 441/527 start 7nby_B_U88_406
⚠️ Step 11 item skipped: 441/527 7nby_B_U88_406 stage=BUILD_ROWS reason=ITEM_FAILED
🖼️ Step 11 SVG ready 7nby_B_U88_406 mode=smiles
🔬 Step 11 item 441/527 done 7nby_B_U88_406 sdf=written mapped=8 all_atoms=9 dt=0.1s
⏳ Step 11 progress: 441/527
🔬 Step 11 item 442/527 start 8caj_I_UAX_401
🖼️ Step 11 SVG ready 8caj_I_UAX_401 mode=smiles
🔬 Step 11 item 442/527 done 8caj_I_UAX_401 sdf=written mapped=43 all_atoms=43 dt=0.1s
⏳ Step 11 progress: 442/527
🔬 Step 11 item 443/527 start 8dsu_A_V2M_502
🖼️ Step 11 SVG ready 8dsu_A_V2M_502 mode=smiles
🔬 Step 11 item 443/527 done 8dsu_A_V2M_502 sdf=written mapped=34 all_atoms=34 dt=0.1s
⏳ Step 11 progress: 443/527
🔬 Step 11 item 444/527 start 8dsu_B_V2M_504
🖼️ Step 11 SVG ready 8dsu_B_V2M_504 mode=smiles
🔬 Step 11 item 444/527 done 8dsu_B_V2M_504 sdf=written mapped=34 all_atoms=34 dt=0.1s
⏳ Step 11 progress: 444/527
🔬 Step 11 item 445/527 start 8dt9_A_V2M_502
🖼️ Step 11 SVG ready 8dt9_A_V2M_502 mode=smiles
🔬 Step 11 item 445/527 done 8dt9_A_V2M_502 sdf=written mapped=34 all_atoms=34 dt=0.1s
⏳ Step 11 progress: 445/527
🔬 Step 11 item 446/527 start 8dt9_B_V2M_502
🖼️ Step 11 SVG ready 8dt9_B_V2M_502 mode=smiles
🔬 Step 11 item 446/527 done 8dt9_B_V2M_502 sdf=written mapped=34 all_atoms=34 dt=0.1s
⏳ Step 11 progress: 446/527
🔬 Step 11 item 447/527 start 8e4w_A_V2M_401
🖼️ Step 11 SVG ready 8e4w_A_V2M_401 mode=smiles
🔬 Step 11 item 447/527 done 8e4w_A_V2M_401 sdf=written mapped=34 all_atoms=34 dt=0.1s
⏳ Step 11 progress: 447/527
🔬 Step 11 item 448/527 start 8e4w_B_V2M_401
🖼️ Step 11 SVG ready 8e4w_B_V2M_401 mode=smiles
🔬 Step 11 item 448/527 done 8e4w_B_V2M_401 sdf=written mapped=34 all_atoms=34 dt=0.1s
⏳ Step 11 progress: 448/527
🔬 Step 11 item 449/527 start 9el4_A_V2M_402
⚠️ Step 11 item skipped: 449/527 9el4_A_V2M_402 stage=BUILD_ROWS reason=ITEM_FAILED
🖼️ Step 11 SVG ready 9el4_A_V2M_402 mode=smiles
🔬 Step 11 item 449/527 done 9el4_A_V2M_402 sdf=written mapped=34 all_atoms=67 dt=0.1s
⏳ Step 11 progress: 449/527
🔬 Step 11 item 450/527 start 9el4_B_V2M_402
⚠️ Step 11 item skipped: 450/527 9el4_B_V2M_402 stage=BUILD_ROWS reason=ITEM_FAILED
🖼️ Step 11 SVG ready 9el4_B_V2M_402 mode=smiles
🔬 Step 11 item 450/527 done 9el4_B_V2M_402 sdf=written mapped=34 all_atoms=67 dt=0.1s
⏳ Step 11 progress: 450/527
🔬 Step 11 item 451/527 start 9elv_A_V2M_402
⚠️ Step 11 item skipped: 451/527 9elv_A_V2M_402 stage=BUILD_ROWS reason=ITEM_FAILED
🖼️ Step 11 SVG ready 9elv_A_V2M_402 mode=smiles
🔬 Step 11 item 451/527 done 9elv_A_V2M_402 sdf=written mapped=34 all_atoms=67 dt=0.1s
⏳ Step 11 progress: 451/527
🔬 Step 11 item 452/527 start 9elv_B_V2M_402
⚠️ Step 11 item skipped: 452/527 9elv_B_V2M_402 stage=BUILD_ROWS reason=ITEM_FAILED
🖼️ Step 11 SVG ready 9elv_B_V2M_402 mode=smiles
🔬 Step 11 item 452/527 done 9elv_B_V2M_402 sdf=written mapped=34 all_atoms=67 dt=0.1s
⏳ Step 11 progress: 452/527
🔬 Step 11 item 453/527 start 9mei_B_V2M_401
[15:31:56] WARNING: could not find number of expected rings. Switching to an approximate ring finding algorithm.
⚠️ Step 11 item skipped: 453/527 9mei_B_V2M_401 stage=BUILD_ROWS reason=ITEM_FAILED
[15:31:56] [mem] running 11_mcsMatcher.py parent=61.2MB child_tree=133.4MB combined=194.6MB
🖼️ Step 11 SVG ready 9mei_B_V2M_401 mode=smiles
🔬 Step 11 item 453/527 done 9mei_B_V2M_401 sdf=written mapped=34 all_atoms=134 dt=0.4s
⏳ Step 11 progress: 453/527
🔬 Step 11 item 454/527 start 9mei_A_V2M_402
⚠️ Step 11 item skipped: 454/527 9mei_A_V2M_402 stage=BUILD_ROWS reason=ITEM_FAILED
🖼️ Step 11 SVG ready 9mei_A_V2M_402 mode=smiles
🔬 Step 11 item 454/527 done 9mei_A_V2M_402 sdf=written mapped=34 all_atoms=67 dt=0.1s
⏳ Step 11 progress: 454/527
🔬 Step 11 item 455/527 start 9o6d_A_V2M_401
⚠️ Step 11 item skipped: 455/527 9o6d_A_V2M_401 stage=BUILD_ROWS reason=ITEM_FAILED
🖼️ Step 11 SVG ready 9o6d_A_V2M_401 mode=smiles
🔬 Step 11 item 455/527 done 9o6d_A_V2M_401 sdf=written mapped=34 all_atoms=62 dt=0.1s
⏳ Step 11 progress: 455/527
🔬 Step 11 item 456/527 start 9o6d_B_V2M_401
⚠️ Step 11 item skipped: 456/527 9o6d_B_V2M_401 stage=BUILD_ROWS reason=ITEM_FAILED
🖼️ Step 11 SVG ready 9o6d_B_V2M_401 mode=smiles
🔬 Step 11 item 456/527 done 9o6d_B_V2M_401 sdf=written mapped=34 all_atoms=62 dt=0.1s
⏳ Step 11 progress: 456/527
🔬 Step 11 item 457/527 start 9o6e_B_V2M_401
⚠️ Step 11 item skipped: 457/527 9o6e_B_V2M_401 stage=BUILD_ROWS reason=ITEM_FAILED
🖼️ Step 11 SVG ready 9o6e_B_V2M_401 mode=smiles
🔬 Step 11 item 457/527 done 9o6e_B_V2M_401 sdf=written mapped=34 all_atoms=62 dt=0.1s
⏳ Step 11 progress: 457/527
🔬 Step 11 item 458/527 start 9o6e_A_V2M_404
⚠️ Step 11 item skipped: 458/527 9o6e_A_V2M_404 stage=BUILD_ROWS reason=ITEM_FAILED
🖼️ Step 11 SVG ready 9o6e_A_V2M_404 mode=smiles
🔬 Step 11 item 458/527 done 9o6e_A_V2M_404 sdf=written mapped=34 all_atoms=62 dt=0.1s
⏳ Step 11 progress: 458/527
🔬 Step 11 item 459/527 start 9o6f_A_V2M_401
⚠️ Step 11 item skipped: 459/527 9o6f_A_V2M_401 stage=BUILD_ROWS reason=ITEM_FAILED
🖼️ Step 11 SVG ready 9o6f_A_V2M_401 mode=smiles
🔬 Step 11 item 459/527 done 9o6f_A_V2M_401 sdf=written mapped=34 all_atoms=62 dt=0.1s
⏳ Step 11 progress: 459/527
🔬 Step 11 item 460/527 start 9o6f_B_V2M_401
⚠️ Step 11 item skipped: 460/527 9o6f_B_V2M_401 stage=BUILD_ROWS reason=ITEM_FAILED
🖼️ Step 11 SVG ready 9o6f_B_V2M_401 mode=smiles
🔬 Step 11 item 460/527 done 9o6f_B_V2M_401 sdf=written mapped=34 all_atoms=62 dt=0.1s
⏳ Step 11 progress: 460/527
🔬 Step 11 item 461/527 start 9o6p_A_V2M_401
⚠️ Step 11 item skipped: 461/527 9o6p_A_V2M_401 stage=BUILD_ROWS reason=ITEM_FAILED
🖼️ Step 11 SVG ready 9o6p_A_V2M_401 mode=smiles
🔬 Step 11 item 461/527 done 9o6p_A_V2M_401 sdf=written mapped=34 all_atoms=67 dt=0.1s
⏳ Step 11 progress: 461/527
🔬 Step 11 item 462/527 start 9o6p_B_V2M_401
⚠️ Step 11 item skipped: 462/527 9o6p_B_V2M_401 stage=BUILD_ROWS reason=ITEM_FAILED
🖼️ Step 11 SVG ready 9o6p_B_V2M_401 mode=smiles
🔬 Step 11 item 462/527 done 9o6p_B_V2M_401 sdf=written mapped=34 all_atoms=67 dt=0.1s
⏳ Step 11 progress: 462/527
🔬 Step 11 item 463/527 start 9o6q_A_V2M_401
⚠️ Step 11 item skipped: 463/527 9o6q_A_V2M_401 stage=BUILD_ROWS reason=ITEM_FAILED
🖼️ Step 11 SVG ready 9o6q_A_V2M_401 mode=smiles
🔬 Step 11 item 463/527 done 9o6q_A_V2M_401 sdf=written mapped=34 all_atoms=67 dt=0.1s
⏳ Step 11 progress: 463/527
🔬 Step 11 item 464/527 start 9o6q_B_V2M_401
⚠️ Step 11 item skipped: 464/527 9o6q_B_V2M_401 stage=BUILD_ROWS reason=ITEM_FAILED
🖼️ Step 11 SVG ready 9o6q_B_V2M_401 mode=smiles
🔬 Step 11 item 464/527 done 9o6q_B_V2M_401 sdf=written mapped=34 all_atoms=67 dt=0.1s
⏳ Step 11 progress: 464/527
🔬 Step 11 item 465/527 start 9o74_A_V2M_401
⚠️ Step 11 item skipped: 465/527 9o74_A_V2M_401 stage=BUILD_ROWS reason=ITEM_FAILED
🖼️ Step 11 SVG ready 9o74_A_V2M_401 mode=smiles
🔬 Step 11 item 465/527 done 9o74_A_V2M_401 sdf=written mapped=34 all_atoms=67 dt=0.1s
⏳ Step 11 progress: 465/527
🔬 Step 11 item 466/527 start 9o74_B_V2M_401
⚠️ Step 11 item skipped: 466/527 9o74_B_V2M_401 stage=BUILD_ROWS reason=ITEM_FAILED
🖼️ Step 11 SVG ready 9o74_B_V2M_401 mode=smiles
🔬 Step 11 item 466/527 done 9o74_B_V2M_401 sdf=written mapped=34 all_atoms=67 dt=0.1s
⏳ Step 11 progress: 466/527
🔬 Step 11 item 467/527 start 9opm_A_V2M_401
⚠️ Step 11 item skipped: 467/527 9opm_A_V2M_401 stage=BUILD_ROWS reason=ITEM_FAILED
🖼️ Step 11 SVG ready 9opm_A_V2M_401 mode=smiles
🔬 Step 11 item 467/527 done 9opm_A_V2M_401 sdf=written mapped=34 all_atoms=67 dt=0.1s
⏳ Step 11 progress: 467/527
🔬 Step 11 item 468/527 start 9opm_B_V2M_401
⚠️ Step 11 item skipped: 468/527 9opm_B_V2M_401 stage=BUILD_ROWS reason=ITEM_FAILED
🖼️ Step 11 SVG ready 9opm_B_V2M_401 mode=smiles
🔬 Step 11 item 468/527 done 9opm_B_V2M_401 sdf=written mapped=34 all_atoms=67 dt=0.1s
⏳ Step 11 progress: 468/527
🔬 Step 11 item 469/527 start 9opn_A_V2M_401
⚠️ Step 11 item skipped: 469/527 9opn_A_V2M_401 stage=BUILD_ROWS reason=ITEM_FAILED
🖼️ Step 11 SVG ready 9opn_A_V2M_401 mode=smiles
🔬 Step 11 item 469/527 done 9opn_A_V2M_401 sdf=written mapped=34 all_atoms=67 dt=0.1s
⏳ Step 11 progress: 469/527
🔬 Step 11 item 470/527 start 9opn_B_V2M_401
⚠️ Step 11 item skipped: 470/527 9opn_B_V2M_401 stage=BUILD_ROWS reason=ITEM_FAILED
🖼️ Step 11 SVG ready 9opn_B_V2M_401 mode=smiles
🔬 Step 11 item 470/527 done 9opn_B_V2M_401 sdf=written mapped=34 all_atoms=67 dt=0.1s
⏳ Step 11 progress: 470/527
🔬 Step 11 item 471/527 start 8a4q_A_V9R_401
🖼️ Step 11 SVG ready 8a4q_A_V9R_401 mode=smiles
🔬 Step 11 item 471/527 done 8a4q_A_V9R_401 sdf=written mapped=43 all_atoms=43 dt=0.1s
⏳ Step 11 progress: 471/527
🔬 Step 11 item 472/527 start 9bbp_A_VAL_402
⚠️ Step 11 item skipped: 472/527 9bbp_A_VAL_402 stage=BUILD_ROWS reason=ITEM_FAILED
🖼️ Step 11 SVG ready 9bbp_A_VAL_402 mode=smiles
🔬 Step 11 item 472/527 done 9bbp_A_VAL_402 sdf=written mapped=7 all_atoms=7 dt=0.1s
⏳ Step 11 progress: 472/527
🔬 Step 11 item 473/527 start 7jp0_A_VJA_401
🖼️ Step 11 SVG ready 7jp0_A_VJA_401 mode=smiles
🔬 Step 11 item 473/527 done 7jp0_A_VJA_401 sdf=written mapped=36 all_atoms=36 dt=0.1s
⏳ Step 11 progress: 473/527
🔬 Step 11 item 474/527 start 9pfh_A_WZK_401
🖼️ Step 11 SVG ready 9pfh_A_WZK_401 mode=smiles
🔬 Step 11 item 474/527 done 9pfh_A_WZK_401 sdf=written mapped=31 all_atoms=31 dt=0.1s
⏳ Step 11 progress: 474/527
🔬 Step 11 item 475/527 start 9pfh_B_WZK_401
🖼️ Step 11 SVG ready 9pfh_B_WZK_401 mode=smiles
🔬 Step 11 item 475/527 done 9pfh_B_WZK_401 sdf=written mapped=31 all_atoms=31 dt=0.1s
⏳ Step 11 progress: 475/527
🔬 Step 11 item 476/527 start 8und_A_X4N_401
⚠️ Step 11 item skipped: 476/527 8und_A_X4N_401 stage=BUILD_ROWS reason=ITEM_FAILED
🖼️ Step 11 SVG ready 8und_A_X4N_401 mode=smiles
🔬 Step 11 item 476/527 done 8und_A_X4N_401 sdf=written mapped=37 all_atoms=71 dt=0.1s
⏳ Step 11 progress: 476/527
🔬 Step 11 item 477/527 start 8ezv_A_X6O_401
🖼️ Step 11 SVG ready 8ezv_A_X6O_401 mode=smiles
🔬 Step 11 item 477/527 done 8ezv_A_X6O_401 sdf=written mapped=42 all_atoms=42 dt=0.1s
⏳ Step 11 progress: 477/527
🔬 Step 11 item 478/527 start 8f02_A_X6T_401
🖼️ Step 11 SVG ready 8f02_A_X6T_401 mode=smiles
🔬 Step 11 item 478/527 done 8f02_A_X6T_401 sdf=written mapped=44 all_atoms=44 dt=0.1s
⏳ Step 11 progress: 478/527
🔬 Step 11 item 479/527 start 8ezz_A_X70_401
🖼️ Step 11 SVG ready 8ezz_A_X70_401 mode=smiles
🔬 Step 11 item 479/527 done 8ezz_A_X70_401 sdf=written mapped=44 all_atoms=44 dt=0.1s
⏳ Step 11 progress: 479/527
🔬 Step 11 item 480/527 start 8p56_A_X77_406
⚠️ Step 11 item skipped: 480/527 8p56_A_X77_406 stage=BUILD_ROWS reason=ITEM_FAILED
🖼️ Step 11 SVG ready 8p56_A_X77_406 mode=smiles
🔬 Step 11 item 480/527 done 8p56_A_X77_406 sdf=written mapped=34 all_atoms=66 dt=0.1s
⏳ Step 11 progress: 480/527
🔬 Step 11 item 481/527 start 8p57_A_X77_402
⚠️ Step 11 item skipped: 481/527 8p57_A_X77_402 stage=BUILD_ROWS reason=ITEM_FAILED
🖼️ Step 11 SVG ready 8p57_A_X77_402 mode=smiles
🔬 Step 11 item 481/527 done 8p57_A_X77_402 sdf=written mapped=34 all_atoms=66 dt=0.1s
⏳ Step 11 progress: 481/527
🔬 Step 11 item 482/527 start 8p58_A_X77_406
⚠️ Step 11 item skipped: 482/527 8p58_A_X77_406 stage=BUILD_ROWS reason=ITEM_FAILED
🖼️ Step 11 SVG ready 8p58_A_X77_406 mode=smiles
🔬 Step 11 item 482/527 done 8p58_A_X77_406 sdf=written mapped=34 all_atoms=66 dt=0.1s
⏳ Step 11 progress: 482/527
🔬 Step 11 item 483/527 start 8p58_B_X77_408
⚠️ Step 11 item skipped: 483/527 8p58_B_X77_408 stage=BUILD_ROWS reason=ITEM_FAILED
🖼️ Step 11 SVG ready 8p58_B_X77_408 mode=smiles
🔬 Step 11 item 483/527 done 8p58_B_X77_408 sdf=written mapped=34 all_atoms=66 dt=0.1s
⏳ Step 11 progress: 483/527
🔬 Step 11 item 484/527 start 8p5a_B_X77_406
⚠️ Step 11 item skipped: 484/527 8p5a_B_X77_406 stage=BUILD_ROWS reason=ITEM_FAILED
🖼️ Step 11 SVG ready 8p5a_B_X77_406 mode=smiles
🔬 Step 11 item 484/527 done 8p5a_B_X77_406 sdf=written mapped=34 all_atoms=66 dt=0.1s
⏳ Step 11 progress: 484/527
🔬 Step 11 item 485/527 start 8p5a_A_X77_410
⚠️ Step 11 item skipped: 485/527 8p5a_A_X77_410 stage=BUILD_ROWS reason=ITEM_FAILED
🖼️ Step 11 SVG ready 8p5a_A_X77_410 mode=smiles
🔬 Step 11 item 485/527 done 8p5a_A_X77_410 sdf=written mapped=34 all_atoms=66 dt=0.1s
⏳ Step 11 progress: 485/527
🔬 Step 11 item 486/527 start 8p87_A_X77_404
⚠️ Step 11 item skipped: 486/527 8p87_A_X77_404 stage=BUILD_ROWS reason=ITEM_FAILED
🖼️ Step 11 SVG ready 8p87_A_X77_404 mode=smiles
🔬 Step 11 item 486/527 done 8p87_A_X77_404 sdf=written mapped=34 all_atoms=66 dt=0.1s
⏳ Step 11 progress: 486/527
🔬 Step 11 item 487/527 start 8ws3_A_X7F_401
🖼️ Step 11 SVG ready 8ws3_A_X7F_401 mode=smiles
🔬 Step 11 item 487/527 done 8ws3_A_X7F_401 sdf=written mapped=14 all_atoms=14 dt=0.1s
⏳ Step 11 progress: 487/527
🔬 Step 11 item 488/527 start 8f2c_A_X9Z_401
🖼️ Step 11 SVG ready 8f2c_A_X9Z_401 mode=smiles
🔬 Step 11 item 488/527 done 8f2c_A_X9Z_401 sdf=written mapped=41 all_atoms=41 dt=0.1s
⏳ Step 11 progress: 488/527
🔬 Step 11 item 489/527 start 8f2d_A_XA8_401
🖼️ Step 11 SVG ready 8f2d_A_XA8_401 mode=smiles
🔬 Step 11 item 489/527 done 8f2d_A_XA8_401 sdf=written mapped=42 all_atoms=42 dt=0.1s
⏳ Step 11 progress: 489/527
🔬 Step 11 item 490/527 start 9cdk_A_XEK_401
[15:32:01] WARNING: could not find number of expected rings. Switching to an approximate ring finding algorithm.
⚠️ Step 11 item skipped: 490/527 9cdk_A_XEK_401 stage=BUILD_ROWS reason=ITEM_FAILED
🖼️ Step 11 SVG ready 9cdk_A_XEK_401 mode=smiles
🔬 Step 11 item 490/527 done 9cdk_A_XEK_401 sdf=written mapped=39 all_atoms=116 dt=0.1s
⏳ Step 11 progress: 490/527
🔬 Step 11 item 491/527 start 9cdl_A_XEK_401
⚠️ Step 11 item skipped: 491/527 9cdl_A_XEK_401 stage=BUILD_ROWS reason=ITEM_FAILED
🖼️ Step 11 SVG ready 9cdl_A_XEK_401 mode=smiles
🔬 Step 11 item 491/527 done 9cdl_A_XEK_401 sdf=written mapped=39 all_atoms=58 dt=0.1s
⏳ Step 11 progress: 491/527
🔬 Step 11 item 492/527 start 9cdm_A_XEK_401
⚠️ Step 11 item skipped: 492/527 9cdm_A_XEK_401 stage=BUILD_ROWS reason=ITEM_FAILED
🖼️ Step 11 SVG ready 9cdm_A_XEK_401 mode=smiles
🔬 Step 11 item 492/527 done 9cdm_A_XEK_401 sdf=written mapped=39 all_atoms=58 dt=0.1s
⏳ Step 11 progress: 492/527
🔬 Step 11 item 493/527 start 8r12_A_XH9_401
🖼️ Step 11 SVG ready 8r12_A_XH9_401 mode=smiles
🔬 Step 11 item 493/527 done 8r12_A_XH9_401 sdf=written mapped=25 all_atoms=25 dt=0.1s
⏳ Step 11 progress: 493/527
🔬 Step 11 item 494/527 start 8r12_B_XH9_401
[15:32:02] [mem] running 11_mcsMatcher.py parent=61.2MB child_tree=133.5MB combined=194.7MB
🖼️ Step 11 SVG ready 8r12_B_XH9_401 mode=smiles
🔬 Step 11 item 494/527 done 8r12_B_XH9_401 sdf=written mapped=25 all_atoms=25 dt=0.1s
⏳ Step 11 progress: 494/527
🔬 Step 11 item 495/527 start 8r14_A_XHW_401
🖼️ Step 11 SVG ready 8r14_A_XHW_401 mode=smiles
🔬 Step 11 item 495/527 done 8r14_A_XHW_401 sdf=written mapped=24 all_atoms=24 dt=0.1s
⏳ Step 11 progress: 495/527
🔬 Step 11 item 496/527 start 8r14_B_XHW_701
🖼️ Step 11 SVG ready 8r14_B_XHW_701 mode=smiles
🔬 Step 11 item 496/527 done 8r14_B_XHW_701 sdf=written mapped=24 all_atoms=24 dt=0.1s
⏳ Step 11 progress: 496/527
🔬 Step 11 item 497/527 start 8r11_A_XI0_401
🖼️ Step 11 SVG ready 8r11_A_XI0_401 mode=smiles
🔬 Step 11 item 497/527 done 8r11_A_XI0_401 sdf=written mapped=22 all_atoms=22 dt=0.1s
⏳ Step 11 progress: 497/527
🔬 Step 11 item 498/527 start 8r11_B_XI0_701
🖼️ Step 11 SVG ready 8r11_B_XI0_701 mode=smiles
🔬 Step 11 item 498/527 done 8r11_B_XI0_701 sdf=written mapped=22 all_atoms=22 dt=0.1s
⏳ Step 11 progress: 498/527
🔬 Step 11 item 499/527 start 8r16_A_XJ9_401
🖼️ Step 11 SVG ready 8r16_A_XJ9_401 mode=smiles
🔬 Step 11 item 499/527 done 8r16_A_XJ9_401 sdf=written mapped=22 all_atoms=22 dt=0.1s
⏳ Step 11 progress: 499/527
🔬 Step 11 item 500/527 start 8r16_B_XJ9_401
🖼️ Step 11 SVG ready 8r16_B_XJ9_401 mode=smiles
🔬 Step 11 item 500/527 done 8r16_B_XJ9_401 sdf=written mapped=22 all_atoms=22 dt=0.1s
⏳ Step 11 progress: 500/527
🔬 Step 11 item 501/527 start 7tvs_A_XNJ_401
🖼️ Step 11 SVG ready 7tvs_A_XNJ_401 mode=smiles
🔬 Step 11 item 501/527 done 7tvs_A_XNJ_401 sdf=written mapped=35 all_atoms=35 dt=0.1s
⏳ Step 11 progress: 501/527
🔬 Step 11 item 502/527 start 7gd3_A_Y6J_404
🖼️ Step 11 SVG ready 7gd3_A_Y6J_404 mode=smiles
🔬 Step 11 item 502/527 done 7gd3_A_Y6J_404 sdf=written mapped=31 all_atoms=31 dt=0.1s
⏳ Step 11 progress: 502/527
🔬 Step 11 item 503/527 start 8tqj_A_YHI_401
🖼️ Step 11 SVG ready 8tqj_A_YHI_401 mode=smiles
🔬 Step 11 item 503/527 done 8tqj_A_YHI_401 sdf=written mapped=31 all_atoms=31 dt=0.2s
⏳ Step 11 progress: 503/527
🔬 Step 11 item 504/527 start 7max_A_YV7_401
⚠️ Step 11 item skipped: 504/527 7max_A_YV7_401 stage=BUILD_ROWS reason=ITEM_FAILED
🖼️ Step 11 SVG ready 7max_A_YV7_401 mode=smiles
🔬 Step 11 item 504/527 done 7max_A_YV7_401 sdf=written mapped=39 all_atoms=75 dt=0.1s
⏳ Step 11 progress: 504/527
🔬 Step 11 item 505/527 start 7max_B_YV7_401
⚠️ Step 11 item skipped: 505/527 7max_B_YV7_401 stage=BUILD_ROWS reason=ITEM_FAILED
🖼️ Step 11 SVG ready 7max_B_YV7_401 mode=smiles
🔬 Step 11 item 505/527 done 7max_B_YV7_401 sdf=written mapped=39 all_atoms=75 dt=0.1s
⏳ Step 11 progress: 505/527
🔬 Step 11 item 506/527 start 7maw_A_YVA_401
⚠️ Step 11 item skipped: 506/527 7maw_A_YVA_401 stage=BUILD_ROWS reason=ITEM_FAILED
🖼️ Step 11 SVG ready 7maw_A_YVA_401 mode=smiles
🔬 Step 11 item 506/527 done 7maw_A_YVA_401 sdf=written mapped=36 all_atoms=70 dt=0.1s
⏳ Step 11 progress: 506/527
🔬 Step 11 item 507/527 start 7maw_B_YVA_401
⚠️ Step 11 item skipped: 507/527 7maw_B_YVA_401 stage=BUILD_ROWS reason=ITEM_FAILED
🖼️ Step 11 SVG ready 7maw_B_YVA_401 mode=smiles
🔬 Step 11 item 507/527 done 7maw_B_YVA_401 sdf=written mapped=36 all_atoms=70 dt=0.1s
⏳ Step 11 progress: 507/527
🔬 Step 11 item 508/527 start 7maz_A_YVD_401
[15:32:03] WARNING: could not find number of expected rings. Switching to an approximate ring finding algorithm.
⚠️ Step 11 item skipped: 508/527 7maz_A_YVD_401 stage=BUILD_ROWS reason=ITEM_FAILED
🖼️ Step 11 SVG ready 7maz_A_YVD_401 mode=smiles
🔬 Step 11 item 508/527 done 7maz_A_YVD_401 sdf=written mapped=40 all_atoms=150 dt=0.2s
⏳ Step 11 progress: 508/527
🔬 Step 11 item 509/527 start 7maz_B_YVD_401
⚠️ Step 11 item skipped: 509/527 7maz_B_YVD_401 stage=BUILD_ROWS reason=ITEM_FAILED
🖼️ Step 11 SVG ready 7maz_B_YVD_401 mode=smiles
🔬 Step 11 item 509/527 done 7maz_B_YVD_401 sdf=written mapped=40 all_atoms=75 dt=0.1s
⏳ Step 11 progress: 509/527
🔬 Step 11 item 510/527 start 7mb0_A_YVG_401
⚠️ Step 11 item skipped: 510/527 7mb0_A_YVG_401 stage=BUILD_ROWS reason=ITEM_FAILED
🖼️ Step 11 SVG ready 7mb0_A_YVG_401 mode=smiles
🔬 Step 11 item 510/527 done 7mb0_A_YVG_401 sdf=written mapped=38 all_atoms=74 dt=0.1s
⏳ Step 11 progress: 510/527
🔬 Step 11 item 511/527 start 7mb0_B_YVG_401
⚠️ Step 11 item skipped: 511/527 7mb0_B_YVG_401 stage=BUILD_ROWS reason=ITEM_FAILED
🖼️ Step 11 SVG ready 7mb0_B_YVG_401 mode=smiles
🔬 Step 11 item 511/527 done 7mb0_B_YVG_401 sdf=written mapped=38 all_atoms=74 dt=0.1s
⏳ Step 11 progress: 511/527
🔬 Step 11 item 512/527 start 7mb1_A_YVJ_401
⚠️ Step 11 item skipped: 512/527 7mb1_A_YVJ_401 stage=BUILD_ROWS reason=ITEM_FAILED
🖼️ Step 11 SVG ready 7mb1_A_YVJ_401 mode=smiles
🔬 Step 11 item 512/527 done 7mb1_A_YVJ_401 sdf=written mapped=39 all_atoms=75 dt=0.1s
⏳ Step 11 progress: 512/527
🔬 Step 11 item 513/527 start 7mb1_B_YVJ_401
⚠️ Step 11 item skipped: 513/527 7mb1_B_YVJ_401 stage=BUILD_ROWS reason=ITEM_FAILED
🖼️ Step 11 SVG ready 7mb1_B_YVJ_401 mode=smiles
🔬 Step 11 item 513/527 done 7mb1_B_YVJ_401 sdf=written mapped=39 all_atoms=75 dt=0.1s
⏳ Step 11 progress: 513/527
🔬 Step 11 item 514/527 start 7mb2_A_YVM_401
⚠️ Step 11 item skipped: 514/527 7mb2_A_YVM_401 stage=BUILD_ROWS reason=ITEM_FAILED
🖼️ Step 11 SVG ready 7mb2_A_YVM_401 mode=smiles
🔬 Step 11 item 514/527 done 7mb2_A_YVM_401 sdf=written mapped=47 all_atoms=89 dt=0.1s
⏳ Step 11 progress: 514/527
🔬 Step 11 item 515/527 start 7mb2_B_YVM_401
⚠️ Step 11 item skipped: 515/527 7mb2_B_YVM_401 stage=BUILD_ROWS reason=ITEM_FAILED
🖼️ Step 11 SVG ready 7mb2_B_YVM_401 mode=smiles
🔬 Step 11 item 515/527 done 7mb2_B_YVM_401 sdf=written mapped=47 all_atoms=89 dt=0.1s
⏳ Step 11 progress: 515/527
🔬 Step 11 item 516/527 start 7mau_A_YVP_403
⚠️ Step 11 item skipped: 516/527 7mau_A_YVP_403 stage=BUILD_ROWS reason=ITEM_FAILED
🖼️ Step 11 SVG ready 7mau_A_YVP_403 mode=smiles
🔬 Step 11 item 516/527 done 7mau_A_YVP_403 sdf=written mapped=43 all_atoms=79 dt=0.1s
⏳ Step 11 progress: 516/527
🔬 Step 11 item 517/527 start 7mau_B_YVP_503
⚠️ Step 11 item skipped: 517/527 7mau_B_YVP_503 stage=BUILD_ROWS reason=ITEM_FAILED
🖼️ Step 11 SVG ready 7mau_B_YVP_503 mode=smiles
🔬 Step 11 item 517/527 done 7mau_B_YVP_503 sdf=written mapped=43 all_atoms=79 dt=0.1s
⏳ Step 11 progress: 517/527
🔬 Step 11 item 518/527 start 7mb3_A_YVV_401
⚠️ Step 11 item skipped: 518/527 7mb3_A_YVV_401 stage=BUILD_ROWS reason=ITEM_FAILED
🖼️ Step 11 SVG ready 7mb3_A_YVV_401 mode=smiles
🔬 Step 11 item 518/527 done 7mb3_A_YVV_401 sdf=written mapped=46 all_atoms=89 dt=0.1s
⏳ Step 11 progress: 518/527
🔬 Step 11 item 519/527 start 7mb3_B_YVV_401
⚠️ Step 11 item skipped: 519/527 7mb3_B_YVV_401 stage=BUILD_ROWS reason=ITEM_FAILED
🖼️ Step 11 SVG ready 7mb3_B_YVV_401 mode=smiles
🔬 Step 11 item 519/527 done 7mb3_B_YVV_401 sdf=written mapped=46 all_atoms=89 dt=0.1s
⏳ Step 11 progress: 519/527
🔬 Step 11 item 520/527 start 7mb3_C_YVV_401
⚠️ Step 11 item skipped: 520/527 7mb3_C_YVV_401 stage=BUILD_ROWS reason=ITEM_FAILED
🖼️ Step 11 SVG ready 7mb3_C_YVV_401 mode=smiles
🔬 Step 11 item 520/527 done 7mb3_C_YVV_401 sdf=written mapped=46 all_atoms=89 dt=0.1s
⏳ Step 11 progress: 520/527
🔬 Step 11 item 521/527 start 7mb3_D_YVV_401
⚠️ Step 11 item skipped: 521/527 7mb3_D_YVV_401 stage=BUILD_ROWS reason=ITEM_FAILED
🖼️ Step 11 SVG ready 7mb3_D_YVV_401 mode=smiles
🔬 Step 11 item 521/527 done 7mb3_D_YVV_401 sdf=written mapped=46 all_atoms=89 dt=0.1s
⏳ Step 11 progress: 521/527
🔬 Step 11 item 522/527 start 7mb3_E_YVV_401
⚠️ Step 11 item skipped: 522/527 7mb3_E_YVV_401 stage=BUILD_ROWS reason=ITEM_FAILED
🖼️ Step 11 SVG ready 7mb3_E_YVV_401 mode=smiles
🔬 Step 11 item 522/527 done 7mb3_E_YVV_401 sdf=written mapped=46 all_atoms=89 dt=0.1s
⏳ Step 11 progress: 522/527
🔬 Step 11 item 523/527 start 7mb3_F_YVV_401
⚠️ Step 11 item skipped: 523/527 7mb3_F_YVV_401 stage=BUILD_ROWS reason=ITEM_FAILED
🖼️ Step 11 SVG ready 7mb3_F_YVV_401 mode=smiles
🔬 Step 11 item 523/527 done 7mb3_F_YVV_401 sdf=written mapped=46 all_atoms=89 dt=0.1s
⏳ Step 11 progress: 523/527
🔬 Step 11 item 524/527 start 7mav_A_YVY_401
⚠️ Step 11 item skipped: 524/527 7mav_A_YVY_401 stage=BUILD_ROWS reason=ITEM_FAILED
🖼️ Step 11 SVG ready 7mav_A_YVY_401 mode=smiles
🔬 Step 11 item 524/527 done 7mav_A_YVY_401 sdf=written mapped=42 all_atoms=78 dt=0.1s
⏳ Step 11 progress: 524/527
🔬 Step 11 item 525/527 start 7mav_B_YVY_401
⚠️ Step 11 item skipped: 525/527 7mav_B_YVY_401 stage=BUILD_ROWS reason=ITEM_FAILED
🖼️ Step 11 SVG ready 7mav_B_YVY_401 mode=smiles
🔬 Step 11 item 525/527 done 7mav_B_YVY_401 sdf=written mapped=42 all_atoms=78 dt=0.1s
⏳ Step 11 progress: 525/527
🔬 Step 11 item 526/527 start 7gfa_A_Z26_404
🖼️ Step 11 SVG ready 7gfa_A_Z26_404 mode=smiles
🔬 Step 11 item 526/527 done 7gfa_A_Z26_404 sdf=written mapped=23 all_atoms=23 dt=0.1s
⏳ Step 11 progress: 526/527
🔬 Step 11 item 527/527 start 7mng_A_ZL7_401
[15:32:06] WARNING: could not find number of expected rings. Switching to an approximate ring finding algorithm.
⚠️ Step 11 item skipped: 527/527 7mng_A_ZL7_401 stage=BUILD_ROWS reason=ITEM_FAILED
🖼️ Step 11 SVG ready 7mng_A_ZL7_401 mode=smiles
🔬 Step 11 item 527/527 done 7mng_A_ZL7_401 sdf=written mapped=36 all_atoms=72 dt=0.1s
⏳ Step 11 progress: 527/527
⏱ Step 11 heartbeat: processed=527/527 current=7mng_A_ZL7_401 stage=ITEM_DONE elapsed=78s item_elapsed=0s sdf_written=527 sdf_failed=0 svg_written=527 item_failures=159 last_done=7mng_A_ZL7_401
✅ MCS processing complete — outputs written
🧪 Step 11 summary: work_items=527 successful_items=368 item_failures=159 sdf_attempted=527 sdf_written=527 sdf_failed=0 sdf_skipped_existing=0 svg_written=527
🧪 SDF expected groups: 527
🧪 SDF files available: 527 → MCS_Output/MCS_SDF
🧪 SDF failure records: 0 → MCS_Output/Ligand_MCS_SDF_Failures.csv
🧪 Item failure records: 159 → MCS_Output/Ligand_MCS_Item_Failures.csv
🧪 SVG output path: MCS_Output/MCS_SVG
🧪 CSV output path: MCS_Output
🧪 SDF missing groups: 0
====================================================
🎉 COMPLETED MCS MAPPING + SASA ANNOTATION
📦 Map (MCS only)        → MCS_Output/Ligand_MCS_Map.csv
🧪 SASA (MCS only)       → MCS_Output/Ligand_MCS_SASA.csv
🧬 All atoms (debug)     → MCS_Output/Ligand_AllAtoms_Map.csv
🧪 SASA (ALL atoms)      → MCS_Output/Ligand_MCS_SASA_ALL_ATOMS.csv
⚠️ Failures              → MCS_Output/Ligand_MCS_Failures.csv
⚠️ SDF failures          → MCS_Output/Ligand_MCS_SDF_Failures.csv
⚠️ Item failures         → MCS_Output/Ligand_MCS_Item_Failures.csv
====================================================
🖼️  SVGs generated: 527 → MCS_Output/MCS_SVG
⚠️ MCS failures (first 10):
4IO | 7rc1 | Size mismatch: SMILES=31 vs 3D=32
4WI | 7uup | Size mismatch: SMILES=36 vs 3D=35
4WI | 8cae | Size mismatch: SMILES=36 vs 3D=35
4WI | 8dcz | Size mismatch: SMILES=36 vs 3D=35
4WI | 8dcz | Size mismatch: SMILES=36 vs 3D=35
4WI | 8e5c | Size mismatch: SMILES=36 vs 3D=70
4WI | 9eev | Size mismatch: SMILES=36 vs 3D=35
4WI | 9m9r | Size mismatch: SMILES=36 vs 3D=35
4WI | 9ma3 | Size mismatch: SMILES=36 vs 3D=35
4WI | 9ma6 | Size mismatch: SMILES=36 vs 3D=35
[15:32:06] [mem] after 11_mcsMatcher.py parent=61.2MB delta=+0.0MB combined_peak=364.7MB child_peak=303.5MB
[15:32:09] ✅ SDF validation PASS after 11_mcsMatcher.py: MCS_Output/MCS_SDF files=527 expected=527 recorded_failures=0
[15:32:09] 🚀 Running 12_Results.py...
[15:32:09] 🐍 Pipeline Python: /app/.heroku/python/bin/python
[15:32:09] [mem] before 12_Results.py parent=66.8MB combined=66.8MB
[15:32:09] 🧵 Worker caps for 12_Results.py: pipeline_max=2 WARHEAD_SQCHK_MAX_WORKERS=2 WARHEAD_PDBMKR_MAX_WORKERS=2 WARHEAD_SASA_MAX_WORKERS=3 WARHEAD_METADATA_MAX_WORKERS=3 WARHEAD_MCS_MAX_WORKERS=3
[15:32:09] ⏱ No-output watchdog for 12_Results.py: 180s
[15:32:09] [mem] running 12_Results.py parent=66.8MB child_tree=0.5MB combined=67.3MB
✅ Integrated 3DSASAmapped.csv created with standard headers.
[15:32:11] [mem] after 12_Results.py parent=66.8MB delta=+0.0MB combined_peak=136.6MB child_peak=69.8MB
[15:32:11] ✅ SDF validation PASS after 12_Results.py: TARGET_RESULTS/MCS_Output/MCS_SDF files=527 expected=527 recorded_failures=0
[15:32:11] 🚀 Running 15_ResultsMerged.py...
[15:32:11] 🐍 Pipeline Python: /app/.heroku/python/bin/python
[15:32:11] [mem] before 15_ResultsMerged.py parent=67.6MB combined=67.6MB
[15:32:11] 🧵 Worker caps for 15_ResultsMerged.py: pipeline_max=2 WARHEAD_SQCHK_MAX_WORKERS=2 WARHEAD_PDBMKR_MAX_WORKERS=2 WARHEAD_SASA_MAX_WORKERS=3 WARHEAD_METADATA_MAX_WORKERS=3 WARHEAD_MCS_MAX_WORKERS=3
[15:32:11] ⏱ No-output watchdog for 15_ResultsMerged.py: 180s
[15:32:11] [mem] running 15_ResultsMerged.py parent=67.6MB child_tree=1.3MB combined=68.9MB
🧬 Using SASA file: Warhead_SASA_atoms.csv
✅ Wrote merged atom table: Ligand_3D_Atoms_with_SASA.csv
📊 Total atoms: 19360
🎉 RESULTS MERGE COMPLETE
[15:32:12] [mem] after 15_ResultsMerged.py parent=67.7MB delta=+0.1MB combined_peak=68.9MB child_peak=1.3MB
[15:32:12] 🚀 Running 16_ResultsDisplay.py...
[15:32:12] 🐍 Pipeline Python: /app/.heroku/python/bin/python
[15:32:12] [mem] before 16_ResultsDisplay.py parent=67.7MB combined=67.7MB
[15:32:12] 🧵 Worker caps for 16_ResultsDisplay.py: pipeline_max=2 WARHEAD_SQCHK_MAX_WORKERS=2 WARHEAD_PDBMKR_MAX_WORKERS=2 WARHEAD_SASA_MAX_WORKERS=3 WARHEAD_METADATA_MAX_WORKERS=3 WARHEAD_MCS_MAX_WORKERS=3
[15:32:12] ⏱ No-output watchdog for 16_ResultsDisplay.py: 180s
[15:32:12] [mem] running 16_ResultsDisplay.py parent=67.7MB child_tree=0.5MB combined=68.2MB
📁 ResultsDisplay root: /app/jobs/5a21a564
📁 WAR_PDB root: /app/jobs/5a21a564/WAR_PDB
📁 SDF roots: ['/app/jobs/5a21a564/MCS_Output/MCS_SDF', '/app/jobs/5a21a564/TARGET_RESULTS/MCS_Output/MCS_SDF']
📁 SVG roots: ['/app/jobs/5a21a564/MCS_Output/MCS_SVG', '/app/jobs/5a21a564/TARGET_RESULTS/MCS_Output/MCS_SVG']
🧪 Indexed SDF exact keys: 527
🧪 Indexed SDF loose keys: 517
🧪 Indexed SVG exact keys: plain=527 exposed=527
🧾 Residue lookup keys: 525
⚠️ Skipped 5 PDB rows without SDF support → /app/jobs/5a21a564/Results_Display_Skipped_NoSDF.csv
⚠️ Skipped 9 badly named PDB files → /app/jobs/5a21a564/Results_Display_Skipped_BadNames.csv
✅ All display rows have routable SVG support → /app/jobs/5a21a564/Results_Display_Artifact_Audit.csv
✅ Wrote /app/jobs/5a21a564/Results_Display.csv (508 SDF-backed entries)
📊 Input WAR_PDB rows skipped due to missing SDF: 5
[15:32:13] [mem] after 16_ResultsDisplay.py parent=67.7MB delta=+0.0MB combined_peak=145.0MB child_peak=77.3MB
[15:32:19] ✅ final SDF validation PASS: rows=508 matched=508 sdf_files=527 dir=jobs/5a21a564/TARGET_RESULTS/MCS_Output/MCS_SDF
[15:32:19] 🗄️ RANDY backup plan: profile=full selected_files=2184 selected_bytes=161781985 skipped_files=0 skipped_bytes=0 max_bytes=1073741824
