Ligand,Name,Formula,Type,SMILES,Parent_SMILES,Salt_Stripped,Canonical_SMILES,InChI,InChIKey,MW,LogP,TPSA,HBA,HBD,Rotatable_Bonds,Ring_Count,Aromatic_Rings,Fraction_CSP3,Heavy_Atom_Count,Chiral_Atoms,Formal_Charge,QED,BertzCT,HallKierAlpha,Kappa1,Kappa2,Kappa3,NumSpiroAtoms,NumBridgeheadAtoms,NumAliphaticRings,NumAromaticRings,NumSaturatedRings,NumHeteroAtoms,MolMR,SA_Score,Lipinski_Pass,Veber_Pass,Egan_Pass,Ghose_Pass,Muegge_Pass,PAINS_Hits,Brenk_Hits
Q5T,"(4~{S})-4-[[(2~{S})-2-[[(2~{S})-2-[[(2~{S})-2-[3-[2-[2-[2-[2-[5-[(3~{a}~{S},4~{R},6~{a}~{R})-2-oxidanylidene-3,3~{a},4,6~{a}-tetrahydro-1~{H}-thieno[3,4-d]imidazol-4-yl]pentanoylamino]ethoxy]ethoxy]ethoxy]ethoxy]propanoylamino]butanoyl]amino]-3,3-dimethyl-butanoyl]amino]-4-methyl-pentanoyl]amino]-6-methylsulfonyl-hexanamide",C44 H80 N8 O13 S2,non-polymer,CC[C@@H](C(=O)N[C@H](C(=O)N[C@@H](CC(C)C)C(=O)N[C@@H](CCC(=O)N)CCS(=O)(=O)C)C(C)(C)C)NC(=O)CCOCCOCCOCCOCCNC(=O)CCCC[C@@H]1[C@@H]2[C@H](C=S1)NC(=O)N2,CC[C@H](NC(=O)CCOCCOCCOCCOCCNC(=O)CCCC[C@H]1[SH]=C[C@@H]2NC(=O)N[C@@H]21)C(=O)N[C@H](C(=O)N[C@@H](CC(C)C)C(=O)N[C@@H](CCC(N)=O)CCS(C)(=O)=O)C(C)(C)C,False,CC[C@H](NC(=O)CCOCCOCCOCCOCCNC(=O)CCCC[C@H]1[SH]=C[C@@H]2NC(=O)N[C@@H]21)C(=O)N[C@H](C(=O)N[C@@H](CC(C)C)C(=O)N[C@@H](CCC(N)=O)CCS(C)(=O)=O)C(C)(C)C,"InChI=1S/C44H79N8O13S2/c1-8-31(40(56)52-39(44(4,5)6)42(58)49-32(27-29(2)3)41(57)47-30(13-14-35(45)53)16-26-67(7,60)61)48-37(55)15-18-62-20-22-64-24-25-65-23-21-63-19-17-46-36(54)12-10-9-11-34-38-33(28-66-34)50-43(59)51-38/h28-34,38-39H,8-27H2,1-7H3,(H2,45,53)(H,46,54)(H,47,57)(H,48,55)(H,49,58)(H,52,56)(H2,50,51,59)/t30-,31-,32-,33-,34+,38-,39+/m0/s1",BLJUOVGCOXGETA-ZFKAINLFSA-N,993.3009999999995,-0.038999999999998425,300.7799999999999,13,9,36,2,0,0.8181818181818182,67,0,0,0.022666005006582172,1730.4560615139221,-3.9000000000000004,59.22383147431983,31.272868433512617,25.87862409591572,0,0,2,0,1,23,257.1320999999992,nan,False,False,False,False,False,thio_aldehyd_A(3),Aliphatic_long_chain; Thiocarbonyl_group; thiol_2
R8H,"(2~{R})-5-oxidanylidene-~{N}-[(2~{R},3~{S})-3-oxidanyl-4-oxidanylidene-1-phenyl-4-(pyridin-2-ylmethylamino)butan-2-yl]-1-(phenylmethyl)pyrrolidine-2-carboxamide",C28 H30 N4 O4,non-polymer,c1ccc(cc1)C[C@H]([C@@H](C(=O)NCc2ccccn2)O)NC(=O)[C@H]3CCC(=O)N3Cc4ccccc4,O=C(NCc1ccccn1)[C@@H](O)[C@@H](Cc1ccccc1)NC(=O)[C@H]1CCC(=O)N1Cc1ccccc1,False,O=C(NCc1ccccn1)[C@@H](O)[C@@H](Cc1ccccc1)NC(=O)[C@H]1CCC(=O)N1Cc1ccccc1,"InChI=1S/C28H30N4O4/c33-25-15-14-24(32(25)19-21-11-5-2-6-12-21)27(35)31-23(17-20-9-3-1-4-10-20)26(34)28(36)30-18-22-13-7-8-16-29-22/h1-13,16,23-24,26,34H,14-15,17-19H2,(H,30,36)(H,31,35)/t23-,24-,26+/m1/s1",LGWQYJCCERJRJX-MZKUHISZSA-N,486.57200000000023,1.9773999999999996,111.62999999999998,5,3,10,4,3,0.2857142857142857,36,0,0,0.405831678187828,1157.9416747671403,-4.04,25.064891369803476,12.081649191952428,6.5450972805296,0,0,1,3,1,8,134.18119999999996,nan,True,True,True,False,True,None,None
7ON,Leritrelvir bound form,C31 H46 F3 N5 O6,non-polymer,C1CCC(CC1)[C@@H](C(=O)N2C[C@@H]3CCC[C@@H]3[C@H]2C(=O)N[C@@H](C[C@@H]4CCNC4=O)[C@H](C(=O)NC5CCCC5)O)NC(=O)C(F)(F)F,O=C1NCC[C@H]1C[C@H](NC(=O)[C@@H]1[C@H]2CCC[C@H]2CN1C(=O)[C@@H](NC(=O)C(F)(F)F)C1CCCCC1)[C@@H](O)C(=O)NC1CCCC1,False,O=C1NCC[C@H]1C[C@H](NC(=O)[C@@H]1[C@H]2CCC[C@H]2CN1C(=O)[C@@H](NC(=O)C(F)(F)F)C1CCCCC1)[C@@H](O)C(=O)NC1CCCC1,"InChI=1S/C31H46F3N5O6/c32-31(33,34)30(45)38-23(17-7-2-1-3-8-17)29(44)39-16-19-9-6-12-21(19)24(39)27(42)37-22(15-18-13-14-35-26(18)41)25(40)28(43)36-20-10-4-5-11-20/h17-25,40H,1-16H2,(H,35,41)(H,36,43)(H,37,42)(H,38,45)/t18-,19-,21-,22-,23-,24-,25+/m0/s1",FMXUVDFVVNRAMG-IFCRGVKQSA-N,641.7320000000004,1.6716000000000035,156.94,6,5,10,5,0,0.8387096774193549,45,0,0,0.24443666781773296,1125.4867635363487,-2.9,33.46292413455612,14.250704781126489,7.740085439658243,0,0,5,0,5,14,154.96259999999987,nan,True,False,False,False,False,None,None
ALD,N-[(benzyloxy)carbonyl]-L-leucyl-N-[(2S)-1-hydroxy-4-methylpentan-2-yl]-L-leucinamide,C26 H43 N3 O5,non-polymer,CC(C)C[C@@H](CO)NC(=O)[C@H](CC(C)C)NC(=O)[C@H](CC(C)C)NC(=O)OCc1ccccc1,CC(C)C[C@@H](CO)NC(=O)[C@H](CC(C)C)NC(=O)[C@H](CC(C)C)NC(=O)OCc1ccccc1,False,CC(C)C[C@@H](CO)NC(=O)[C@H](CC(C)C)NC(=O)[C@H](CC(C)C)NC(=O)OCc1ccccc1,"InChI=1S/C26H43N3O5/c1-17(2)12-21(15-30)27-24(31)22(13-18(3)4)28-25(32)23(14-19(5)6)29-26(33)34-16-20-10-8-7-9-11-20/h7-11,17-19,21-23,30H,12-16H2,1-6H3,(H,27,31)(H,28,32)(H,29,33)/t21-,22-,23-/m0/s1",WUJQMWDTZKIKQZ-VABKMULXSA-N,477.64600000000024,3.3816000000000006,116.76,5,4,14,1,1,0.6538461538461539,34,0,0,0.3277387707666165,752.0627985054899,-2.6099999999999994,29.421857279388338,15.322831274365823,12.021539314867741,0,0,0,1,0,8,132.8629,nan,True,False,True,True,True,None,None
9JT,N-phenyl-2-selanylbenzamide,C13 H11 N O Se,non-polymer,c1ccc(cc1)NC(=O)c2ccccc2[SeH],O=C(Nc1ccccc1)c1ccccc1[SeH],False,O=C(Nc1ccccc1)c1ccccc1[SeH],"InChI=1S/C13H11NOSe/c15-13(11-8-4-5-9-12(11)16)14-10-6-2-1-3-7-10/h1-9,16H,(H,14,15)",PVPUYGNPKBMXGO-UHFFFAOYSA-N,276.19699999999995,1.4649999999999994,29.1,1,1,2,2,2,0.0,16,0,0,0.82677698447013,496.2955976569277,-1.57051948051948,10.931166626558888,4.971077369611542,2.5109090659971627,0,0,0,2,0,3,67.62020000000001,nan,True,True,True,False,True,None,heavy_metal
KJI,N-(4-methylpyridin-3-yl)-N~2~-(quinolin-4-yl)glycinamide,C17 H16 N4 O,non-polymer,Cc1ccncc1NC(=O)CNc2ccnc3c2cccc3,Cc1ccncc1NC(=O)CNc1ccnc2ccccc12,False,Cc1ccncc1NC(=O)CNc1ccnc2ccccc12,"InChI=1S/C17H16N4O/c1-12-6-8-18-10-16(12)21-17(22)11-20-15-7-9-19-14-5-3-2-4-13(14)15/h2-10H,11H2,1H3,(H,19,20)(H,21,22)",OZRCAPIRQWCXDS-UHFFFAOYSA-N,292.342,2.9888200000000005,66.91,4,2,4,3,3,0.11764705882352941,22,0,0,0.7754900572702159,811.1229284169716,-2.9499999999999993,14.007002048058858,6.217756346260379,3.0336476314967005,0,0,0,3,0,5,87.83640000000003,nan,True,True,True,True,True,None,None
KJO,N-phenyl-2-(pyridin-3-yl)prop-2-enamide,C14 H12 N2 O,non-polymer,C=C(c1cccnc1)C(=O)Nc2ccccc2,C=C(C(=O)Nc1ccccc1)c1cccnc1,False,C=C(C(=O)Nc1ccccc1)c1cccnc1,"InChI=1S/C14H12N2O/c1-11(12-6-5-9-15-10-12)14(17)16-13-7-3-2-4-8-13/h2-10H,1H2,(H,16,17)",SAMABBIQJZLRPK-UHFFFAOYSA-N,224.263,2.733500000000001,41.99,2,1,3,2,2,0.0,17,0,0,0.8143559755885809,520.433177853866,-2.419999999999999,11.077000037901199,5.074231900729195,2.7830166746034615,0,0,0,2,0,3,68.34270000000002,nan,True,True,True,False,True,None,Michael_acceptor_1
KLR,(2S)-N-tert-butyl-2-[4-(2-cyanoethyl)anilino]-2-(pyridin-3-yl)acetamide,C20 H24 N4 O,non-polymer,CC(C)(C)NC(=O)[C@H](c1cccnc1)Nc2ccc(cc2)CCC#N,CC(C)(C)NC(=O)[C@@H](Nc1ccc(CCC#N)cc1)c1cccnc1,False,CC(C)(C)NC(=O)[C@@H](Nc1ccc(CCC#N)cc1)c1cccnc1,"InChI=1S/C20H24N4O/c1-20(2,3)24-19(25)18(16-7-5-13-22-14-16)23-17-10-8-15(9-11-17)6-4-12-21/h5,7-11,13-14,18,23H,4,6H2,1-3H3,(H,24,25)/t18-/m0/s1",OUPPHPJHMDQSCE-SFHVURJKSA-N,336.4390000000002,3.605680000000002,77.81,4,2,6,2,2,0.35,25,0,0,0.844601022450157,727.031737240695,-2.8699999999999997,18.468394484154953,8.294029882105344,5.923706246831852,0,0,0,2,0,5,98.87240000000006,nan,True,True,True,True,True,None,None
KL6,"1-{2-[(methanesulfonyl)amino]ethyl}-1,2,3,4-tetrahydroquinoline-7-sulfonamide",C12 H19 N3 O4 S2,non-polymer,CS(=O)(=O)NCCN1CCCc2c1cc(cc2)S(=O)(=O)N,CS(=O)(=O)NCCN1CCCc2ccc(S(N)(=O)=O)cc21,False,CS(=O)(=O)NCCN1CCCc2ccc(S(N)(=O)=O)cc21,"InChI=1S/C12H19N3O4S2/c1-20(16,17)14-6-8-15-7-2-3-10-4-5-11(9-12(10)15)21(13,18)19/h4-5,9,14H,2-3,6-8H2,1H3,(H2,13,18,19)",QNNCYWWAACHETJ-UHFFFAOYSA-N,333.43500000000006,-0.3641999999999989,109.57000000000001,5,2,5,2,1,0.5,21,0,0,0.764282127385942,728.869475914457,-1.1600000000000001,16.214667054719076,5.914587762935279,4.401581828559225,0,0,1,1,0,9,81.19570000000003,nan,True,True,True,True,True,None,None
KMX,"1-{4-[(2-benzyl-1,3-thiazol-5-yl)methyl]piperazin-1-yl}ethan-1-one",C17 H21 N3 O S,non-polymer,CC(=O)N1CCN(CC1)Cc2cnc(s2)Cc3ccccc3,CC(=O)N1CCN(Cc2cnc(Cc3ccccc3)s2)CC1,False,CC(=O)N1CCN(Cc2cnc(Cc3ccccc3)s2)CC1,"InChI=1S/C17H21N3OS/c1-14(21)20-9-7-19(8-10-20)13-16-12-18-17(22-16)11-15-5-3-2-4-6-15/h2-6,12H,7-11,13H2,1H3",CZSFWPWYLTWYHF-UHFFFAOYSA-N,315.442,2.3980000000000006,36.440000000000005,4,0,4,3,2,0.4117647058823529,22,0,0,0.8691319873531692,617.8441048161745,-1.7199999999999998,15.186288174982034,7.026639467131084,3.9274608115824576,0,0,1,2,1,5,88.89300000000006,nan,True,True,True,True,True,None,None
KNU,N-[(1S)-1-(3-chloro-5-fluorophenyl)ethyl]acetamide,C10 H11 Cl F N O,non-polymer,C[C@@H](c1cc(cc(c1)Cl)F)NC(=O)C,CC(=O)N[C@@H](C)c1cc(F)cc(Cl)c1,False,CC(=O)N[C@@H](C)c1cc(F)cc(Cl)c1,"InChI=1S/C10H11ClFNO/c1-6(13-7(2)14)8-3-9(11)5-10(12)4-8/h3-6H,1-2H3,(H,13,14)/t6-/m0/s1",UITKLCSYIUGNOE-LURJTMIESA-N,215.65499999999997,2.6762000000000006,29.1,1,1,2,1,1,0.3,14,0,0,0.8076535973909883,333.72527686163244,-1.09,10.98745933384973,4.419468990214426,2.996325579626391,0,0,0,1,0,4,53.641700000000014,nan,True,True,True,False,True,None,None
KMF,N-[2-(4-acetylpiperazin-1-yl)ethyl]naphthalene-1-carboxamide,C19 H23 N3 O2,non-polymer,CC(=O)N1CCN(CC1)CCNC(=O)c2cccc3c2cccc3,CC(=O)N1CCN(CCNC(=O)c2cccc3ccccc23)CC1,False,CC(=O)N1CCN(CCNC(=O)c2cccc3ccccc23)CC1,"InChI=1S/C19H23N3O2/c1-15(23)22-13-11-21(12-14-22)10-9-20-19(24)18-8-4-6-16-5-2-3-7-17(16)18/h2-8H,9-14H2,1H3,(H,20,24)",FZEKPYMSMRNNKF-UHFFFAOYSA-N,325.4120000000001,1.7337000000000002,52.650000000000006,3,1,4,3,2,0.3684210526315789,24,0,0,0.9314018564497477,730.9742493097773,-2.399999999999999,16.457512209135306,7.446362301930823,3.736480856972823,0,0,1,2,1,5,94.97520000000004,nan,True,True,True,True,True,None,None
KP0,N-(3-chlorophenyl)-N-(2-cyclohexylethyl)-N'-(pyridin-3-yl)urea,C20 H24 Cl N3 O,non-polymer,c1cc(cc(c1)Cl)N(CCC2CCCCC2)C(=O)Nc3cccnc3,O=C(Nc1cccnc1)N(CCC1CCCCC1)c1cccc(Cl)c1,False,O=C(Nc1cccnc1)N(CCC1CCCCC1)c1cccc(Cl)c1,"InChI=1S/C20H24ClN3O/c21-17-8-4-10-19(14-17)24(13-11-16-6-2-1-3-7-16)20(25)23-18-9-5-12-22-15-18/h4-5,8-10,12,14-16H,1-3,6-7,11,13H2,(H,23,25)",GCADPMUYKNHGSM-UHFFFAOYSA-N,357.88499999999993,5.7439000000000044,45.230000000000004,2,1,5,3,2,0.4,25,0,0,0.7406203084913124,686.3504382560052,-2.07,17.743396644177704,8.859182064412737,5.199597661838435,0,0,1,2,1,5,103.24570000000003,nan,True,True,True,False,False,None,None
KOI,2-(3-chlorophenyl)-N-(pyridin-3-yl)acetamide,C13 H11 Cl N2 O,non-polymer,c1cc(cc(c1)Cl)CC(=O)Nc2cccnc2,O=C(Cc1cccc(Cl)c1)Nc1cccnc1,False,O=C(Cc1cccc(Cl)c1)Nc1cccnc1,"InChI=1S/C13H11ClN2O/c14-11-4-1-3-10(7-11)8-13(17)16-12-5-2-6-15-9-12/h1-7,9H,8H2,(H,16,17)",JXVSAHMJMLDNGG-UHFFFAOYSA-N,246.69700000000003,2.9162,41.99,2,1,3,2,2,0.07692307692307693,17,0,0,0.9048852799092134,513.8377288588949,-1.8699999999999997,11.610596086739449,5.45597811891276,3.570665108477032,0,0,0,2,0,4,68.02270000000001,nan,True,True,True,False,True,None,None
KO9,N-(5-cyanopyridin-3-yl)-2-(pyridin-3-yl)acetamide,C13 H10 N4 O,non-polymer,c1cc(cnc1)CC(=O)Nc2cc(cnc2)C#N,N#Cc1cncc(NC(=O)Cc2cccnc2)c1,False,N#Cc1cncc(NC(=O)Cc2cccnc2)c1,"InChI=1S/C13H10N4O/c14-6-11-4-12(9-16-8-11)17-13(18)5-10-2-1-3-15-7-10/h1-4,7-9H,5H2,(H,17,18)",NFHVZMZTKNOYHY-UHFFFAOYSA-N,238.25,1.5294799999999997,78.67,4,1,3,2,2,0.07692307692307693,18,0,0,0.8789850749316673,589.4402812878076,-2.7399999999999998,11.736875617464657,5.54727956253667,3.1236169584539315,0,0,0,2,0,5,65.52270000000001,nan,True,True,True,False,True,None,None
KQL,N-(4-methylpyridin-3-yl)-2-[3-(trifluoromethyl)phenyl]acetamide,C15 H13 F3 N2 O,non-polymer,Cc1ccncc1NC(=O)Cc2cccc(c2)C(F)(F)F,Cc1ccncc1NC(=O)Cc1cccc(C(F)(F)F)c1,False,Cc1ccncc1NC(=O)Cc1cccc(C(F)(F)F)c1,"InChI=1S/C15H13F3N2O/c1-10-5-6-19-9-13(10)20-14(21)8-11-3-2-4-12(7-11)15(16,17)18/h2-7,9H,8H2,1H3,(H,20,21)",XYFCSWHALYQBPC-UHFFFAOYSA-N,294.27599999999995,3.5900200000000018,41.99,2,1,3,2,2,0.2,21,0,0,0.9396180464426628,653.3621439954973,-2.369999999999999,15.027158953632522,5.948317132030927,4.04516388065222,0,0,0,2,0,6,72.75170000000001,nan,True,True,True,True,True,None,None
KQX,2-(4-methylphenyl)-N-(4-methylpyridin-3-yl)acetamide,C15 H16 N2 O,non-polymer,Cc1ccc(cc1)CC(=O)Nc2cnccc2C,Cc1ccc(CC(=O)Nc2cnccc2C)cc1,False,Cc1ccc(CC(=O)Nc2cnccc2C)cc1,"InChI=1S/C15H16N2O/c1-11-3-5-13(6-4-11)9-15(18)17-14-10-16-8-7-12(14)2/h3-8,10H,9H2,1-2H3,(H,17,18)",ADHDKMXDJWXBNY-UHFFFAOYSA-N,240.306,2.879640000000001,41.99,2,1,3,2,2,0.2,18,0,0,0.895921582495977,546.6749890908637,-2.1599999999999997,12.300954293871056,5.448963289892988,3.1673868883553475,0,0,0,2,0,3,72.48670000000003,nan,True,True,True,False,True,None,None
KQ3,N-(3-chlorophenyl)-N-[2-(morpholin-4-yl)ethyl]-N'-(pyridin-3-yl)urea,C18 H21 Cl N4 O2,non-polymer,c1cc(cc(c1)Cl)N(CCN2CCOCC2)C(=O)Nc3cccnc3,O=C(Nc1cccnc1)N(CCN1CCOCC1)c1cccc(Cl)c1,False,O=C(Nc1cccnc1)N(CCN1CCOCC1)c1cccc(Cl)c1,"InChI=1S/C18H21ClN4O2/c19-15-3-1-5-17(13-15)23(8-7-22-9-11-25-12-10-22)18(24)21-16-4-2-6-20-14-16/h1-6,13-14H,7-12H2,(H,21,24)",MLWZGJVGRRIOOY-UHFFFAOYSA-N,360.84499999999997,3.1057000000000015,57.7,4,1,5,3,2,0.3333333333333333,25,0,0,0.8897026273510779,692.4852376299543,-2.15,17.665921687064035,8.802232021851088,5.159271014203981,0,0,1,2,1,7,99.31270000000002,nan,True,True,True,True,True,None,None
KSI,1-[(3S)-4-[(3-chlorophenyl)methyl]-3-(2-methylpropyl)piperazin-1-yl]ethan-1-one,C17 H25 Cl N2 O,non-polymer,CC(C)C[C@H]1CN(CCN1Cc2cccc(c2)Cl)C(=O)C,CC(=O)N1CCN(Cc2cccc(Cl)c2)[C@@H](CC(C)C)C1,False,CC(=O)N1CCN(Cc2cccc(Cl)c2)[C@@H](CC(C)C)C1,"InChI=1S/C17H25ClN2O/c1-13(2)9-17-12-19(14(3)21)7-8-20(17)11-15-5-4-6-16(18)10-15/h4-6,10,13,17H,7-9,11-12H2,1-3H3/t17-/m0/s1",NQWZHKWPOKKPNU-KRWDZBQOSA-N,308.85300000000007,3.4188000000000027,23.55,2,0,4,2,1,0.5882352941176471,21,0,0,0.8506862195049026,489.4333814918284,-1.06,16.312921587033127,7.278263900862018,4.718273489665462,0,0,1,1,1,4,87.35900000000005,nan,True,True,True,True,True,None,None
KS0,1-{4-[(4-fluorophenyl)methyl]piperazin-1-yl}propan-1-one,C14 H19 F N2 O,non-polymer,CCC(=O)N1CCN(CC1)Cc2ccc(cc2)F,CCC(=O)N1CCN(Cc2ccc(F)cc2)CC1,False,CCC(=O)N1CCN(Cc2ccc(F)cc2)CC1,"InChI=1S/C14H19FN2O/c1-2-14(18)17-9-7-16(8-10-17)11-12-3-5-13(15)6-4-12/h3-6H,2,7-11H2,1H3",DFWHOCVEAQNIBM-UHFFFAOYSA-N,250.31699999999998,1.8798999999999997,23.550000000000004,2,0,3,2,1,0.5,18,0,0,0.8174802716449419,396.7599479118407,-1.4200000000000002,13.022119949627315,5.9565514830138095,3.2917937396947456,0,0,1,1,1,4,68.54800000000003,nan,True,True,True,False,True,None,None
KT9,N-(3-methyl-5-{[(2S)-4-oxoazetidin-2-yl]oxy}phenyl)-2-(pyrimidin-5-yl)acetamide,C16 H16 N4 O3,non-polymer,Cc1cc(cc(c1)O[C@H]2CC(=O)N2)NC(=O)Cc3cncnc3,Cc1cc(NC(=O)Cc2cncnc2)cc(O[C@H]2CC(=O)N2)c1,False,Cc1cc(NC(=O)Cc2cncnc2)cc(O[C@H]2CC(=O)N2)c1,"InChI=1S/C16H16N4O3/c1-10-2-12(5-13(3-10)23-16-6-15(22)20-16)19-14(21)4-11-7-17-9-18-8-11/h2-3,5,7-9,16H,4,6H2,1H3,(H,19,21)(H,20,22)/t16-/m0/s1",BBXRTGNKDKIMPV-INIZCTEOSA-N,312.32899999999995,1.1910199999999997,93.21000000000001,5,2,5,3,2,0.25,23,0,0,0.8090173373568046,725.3601364063713,-2.96,14.955757853235,6.4312676692528425,4.0296207007543074,0,0,1,2,1,7,82.72040000000003,nan,True,True,True,True,True,None,None
KSX,2-(5-cyanopyridin-3-yl)-N-(4-methylpyridin-3-yl)acetamide,C14 H12 N4 O,non-polymer,Cc1ccncc1NC(=O)Cc2cc(cnc2)C#N,Cc1ccncc1NC(=O)Cc1cncc(C#N)c1,False,Cc1ccncc1NC(=O)Cc1cncc(C#N)c1,"InChI=1S/C14H12N4O/c1-10-2-3-16-9-13(10)18-14(19)5-11-4-12(6-15)8-17-7-11/h2-4,7-9H,5H2,1H3,(H,18,19)",MAYMKKDCBJTHBQ-UHFFFAOYSA-N,252.277,1.8378999999999996,78.67,4,1,3,2,2,0.14285714285714285,19,0,0,0.9035092615807452,645.8893784000562,-2.74,12.710072438568199,5.735538031701154,3.359674992449546,0,0,0,2,0,5,70.25970000000002,nan,True,True,True,False,True,None,None
KU6,"(4R)-6-chloro-N-(4-cyclopropyl-4H-1,2,4-triazol-3-yl)-3,4-dihydro-2H-1-benzopyran-4-carboxamide",C15 H15 Cl N4 O2,non-polymer,c1cc2c(cc1Cl)[C@@H](CCO2)C(=O)Nc3nncn3C4CC4,O=C(Nc1nncn1C1CC1)[C@@H]1CCOc2ccc(Cl)cc21,False,O=C(Nc1nncn1C1CC1)[C@@H]1CCOc2ccc(Cl)cc21,"InChI=1S/C15H15ClN4O2/c16-9-1-4-13-12(7-9)11(5-6-22-13)14(21)18-15-19-17-8-20(15)10-2-3-10/h1,4,7-8,10-11H,2-3,5-6H2,(H,18,19,21)/t11-/m1/s1",MMSFMHOFPDOWCH-LLVKDONJSA-N,318.76400000000007,2.7712000000000003,69.03999999999999,5,1,3,4,2,0.4,22,0,0,0.9444613307926376,726.0825685410662,-2.08,13.573828933782886,5.280626557493771,2.432959972805304,0,0,2,2,1,7,81.22770000000003,nan,True,True,True,True,True,None,None
KUU,(2R)-2-(3-chlorophenyl)-3-methyl-N-(4-methylpyridin-3-yl)butanamide,C17 H19 Cl N2 O,non-polymer,Cc1ccncc1NC(=O)[C@@H](c2cccc(c2)Cl)C(C)C,Cc1ccncc1NC(=O)[C@@H](c1cccc(Cl)c1)C(C)C,False,Cc1ccncc1NC(=O)[C@@H](c1cccc(Cl)c1)C(C)C,"InChI=1S/C17H19ClN2O/c1-11(2)16(13-5-4-6-14(18)9-13)17(21)20-15-10-19-8-7-12(15)3/h4-11,16H,1-3H3,(H,20,21)/t16-/m1/s1",AIEXTLCJBMNDNF-MRXNPFEDSA-N,302.80500000000006,4.421720000000003,41.99,2,1,4,2,2,0.29411764705882354,21,0,0,0.907978525823439,640.1921640291729,-1.8699999999999997,15.51754553425585,6.723154099302044,3.8221721110860716,0,0,0,2,0,4,86.63470000000004,nan,True,True,True,True,True,None,None
KVF,(2S)-2-(3-chlorophenyl)-N-(5-methylpyridazin-4-yl)butanamide,C15 H16 Cl N3 O,non-polymer,CC[C@@H](c1cccc(c1)Cl)C(=O)Nc2cnncc2C,CC[C@H](C(=O)Nc1cnncc1C)c1cccc(Cl)c1,False,CC[C@H](C(=O)Nc1cnncc1C)c1cccc(Cl)c1,"InChI=1S/C15H16ClN3O/c1-3-13(11-5-4-6-12(16)7-11)15(20)19-14-9-18-17-8-10(14)2/h4-9,13H,3H2,1-2H3,(H,17,19,20)/t13-/m0/s1",AATSBPIJUYIMKX-ZDUSSCGKSA-N,289.766,3.5707200000000014,54.88,3,1,4,2,2,0.26666666666666666,20,0,0,0.9359356112331432,615.5725505612996,-1.9399999999999995,14.468716495872648,6.479198508194974,3.3326506170928307,0,0,0,2,0,5,79.88270000000003,nan,True,True,True,True,True,None,None
KVX,"(3S)-5-chloro-N-[4-(hydroxymethyl)pyridin-3-yl]-2,3-dihydro-1-benzofuran-3-carboxamide",C15 H13 Cl N2 O3,non-polymer,c1cc2c(cc1Cl)[C@@H](CO2)C(=O)Nc3cnccc3CO,O=C(Nc1cnccc1CO)[C@@H]1COc2ccc(Cl)cc21,False,O=C(Nc1cnccc1CO)[C@@H]1COc2ccc(Cl)cc21,"InChI=1S/C15H13ClN2O3/c16-10-1-2-14-11(5-10)12(8-21-14)15(20)18-13-6-17-4-3-9(13)7-19/h1-6,12,19H,7-8H2,(H,18,20)/t12-/m1/s1",BWTWLKMAKBVNDU-GFCCVEGCSA-N,304.73300000000006,2.342,71.45,4,2,3,3,2,0.2,21,0,0,0.9128072840652991,690.3689894727033,-2.11,13.854018367885212,5.712389466182516,2.701617830012475,0,0,1,2,0,6,78.47750000000002,nan,True,True,True,True,True,None,None
KVO,"2-(3-chlorophenyl)-N-(2,4-dimethylpyridin-3-yl)acetamide",C15 H15 Cl N2 O,non-polymer,Cc1ccnc(c1NC(=O)Cc2cccc(c2)Cl)C,Cc1ccnc(C)c1NC(=O)Cc1cccc(Cl)c1,False,Cc1ccnc(C)c1NC(=O)Cc1cccc(Cl)c1,"InChI=1S/C15H15ClN2O/c1-10-6-7-17-11(2)15(10)18-14(19)9-12-4-3-5-13(16)8-12/h3-8H,9H2,1-2H3,(H,18,19)",XEOITIZTKXMLOT-UHFFFAOYSA-N,274.75100000000003,3.5330400000000015,41.99,2,1,3,2,2,0.2,19,0,0,0.9302147140391025,590.5946114189804,-1.8699999999999997,13.559088318143553,5.846921273207415,3.547483856050708,0,0,0,2,0,4,77.49670000000003,nan,True,True,True,False,True,None,None
KW9,"7-fluoro-N-[2-(2-methoxyphenoxy)ethyl]-2-oxo-1,2-dihydroquinoline-4-carboxamide",C19 H17 F N2 O4,non-polymer,COc1ccccc1OCCNC(=O)C2=CC(=O)Nc3c2ccc(c3)F,COc1ccccc1OCCNC(=O)c1cc(=O)[nH]c2cc(F)ccc12,False,COc1ccccc1OCCNC(=O)c1cc(=O)[nH]c2cc(F)ccc12,"InChI=1S/C19H17FN2O4/c1-25-16-4-2-3-5-17(16)26-9-8-21-19(24)14-11-18(23)22-15-10-12(20)6-7-13(14)15/h2-7,10-11H,8-9H2,1H3,(H,21,24)(H,22,23)",KKIJAAYVRSUCNW-UHFFFAOYSA-N,356.353,2.4846000000000004,80.41999999999999,4,2,6,3,3,0.15789473684210525,26,0,0,0.6651882940157762,1000.2408339689653,-3.3499999999999996,17.47230332155244,7.689383736353432,3.826164180769678,0,0,0,3,0,7,95.34890000000001,nan,True,True,True,True,True,None,Aliphatic_long_chain
KWR,N-(3-{[(2S)-4-oxoazetidin-2-yl]oxy}phenyl)-2-(pyridin-3-yl)acetamide,C16 H15 N3 O3,non-polymer,c1cc(cc(c1)O[C@H]2CC(=O)N2)NC(=O)Cc3cccnc3,O=C(Cc1cccnc1)Nc1cccc(O[C@H]2CC(=O)N2)c1,False,O=C(Cc1cccnc1)Nc1cccc(O[C@H]2CC(=O)N2)c1,"InChI=1S/C16H15N3O3/c20-14(7-11-3-2-6-17-10-11)18-12-4-1-5-13(8-12)22-16-9-15(21)19-16/h1-6,8,10,16H,7,9H2,(H,18,20)(H,19,21)/t16-/m0/s1",OCMQJJQEZJQFRH-INIZCTEOSA-N,297.31399999999996,1.4875999999999998,80.32000000000001,4,2,5,3,2,0.1875,22,0,0,0.8193673281352377,680.0452035172415,-2.8899999999999997,14.06439713611295,6.256537594579888,3.6022962952987965,0,0,1,2,1,6,80.18840000000002,nan,True,True,True,True,True,None,None
KX9,(2R)-2-(3-chlorophenyl)-N-[(4M)-4-(1H-pyrazol-1-yl)pyridin-3-yl]propanamide,C17 H15 Cl N4 O,non-polymer,C[C@H](c1cccc(c1)Cl)C(=O)Nc2cnccc2n3cccn3,C[C@@H](C(=O)Nc1cnccc1-n1cccn1)c1cccc(Cl)c1,False,C[C@@H](C(=O)Nc1cnccc1-n1cccn1)c1cccc(Cl)c1,"InChI=1S/C17H15ClN4O/c1-12(13-4-2-5-14(18)10-13)17(23)21-15-11-19-8-6-16(15)22-9-3-7-20-22/h2-12H,1H3,(H,21,23)/t12-/m1/s1",LMUJWKIRCRWFKF-GFCCVEGCSA-N,326.78700000000003,3.6629000000000014,59.81,4,1,4,3,3,0.11764705882352941,23,0,0,0.7955404274037892,816.9753942195717,-2.6599999999999997,15.243951225024826,6.623036494971063,3.402622045369806,0,0,0,3,0,6,89.85570000000001,nan,True,True,True,True,True,None,None
KXF,2-(3-hydroxyphenyl)-N-(4-methylpyridin-3-yl)acetamide,C14 H14 N2 O2,non-polymer,Cc1ccncc1NC(=O)Cc2cccc(c2)O,Cc1ccncc1NC(=O)Cc1cccc(O)c1,False,Cc1ccncc1NC(=O)Cc1cccc(O)c1,"InChI=1S/C14H14N2O2/c1-10-5-6-15-9-13(10)16-14(18)8-11-3-2-4-12(17)7-11/h2-7,9,17H,8H2,1H3,(H,16,18)",JOMCPDPKDFHNEK-UHFFFAOYSA-N,242.278,2.2768200000000003,62.22,3,2,3,2,2,0.14285714285714285,18,0,0,0.8675217101471159,567.2253791161851,-2.36,12.106323039940829,5.313943987314113,3.0707190072955837,0,0,0,2,0,4,69.41450000000002,nan,True,True,True,False,True,None,None
KXR,N-(3-fluoro-5-{[(2S)-4-oxoazetidin-2-yl]oxy}phenyl)-2-(pyrimidin-5-yl)acetamide,C15 H13 F N4 O3,non-polymer,c1c(cc(cc1O[C@H]2CC(=O)N2)F)NC(=O)Cc3cncnc3,O=C(Cc1cncnc1)Nc1cc(F)cc(O[C@H]2CC(=O)N2)c1,False,O=C(Cc1cncnc1)Nc1cc(F)cc(O[C@H]2CC(=O)N2)c1,"InChI=1S/C15H13FN4O3/c16-10-2-11(4-12(3-10)23-15-5-14(22)20-15)19-13(21)1-9-6-17-8-18-7-9/h2-4,6-8,15H,1,5H2,(H,19,21)(H,20,22)/t15-/m0/s1",SFHHIQYDZORTHQ-HNNXBMFYSA-N,316.292,1.0217,93.21000000000001,5,2,5,3,2,0.2,23,0,0,0.8034798510549533,730.7567774722436,-3.03,14.888557166857025,6.386767025574657,3.996981281345093,0,0,1,2,1,8,77.94140000000002,nan,True,True,True,True,True,None,None
KYC,(2S)-2-(3-chlorophenyl)-2-(dimethylamino)-N-(4-methylpyridin-3-yl)acetamide,C16 H18 Cl N3 O,non-polymer,Cc1ccncc1NC(=O)[C@H](c2cccc(c2)Cl)N(C)C,Cc1ccncc1NC(=O)[C@H](c1cccc(Cl)c1)N(C)C,False,Cc1ccncc1NC(=O)[C@H](c1cccc(Cl)c1)N(C)C,"InChI=1S/C16H18ClN3O/c1-11-7-8-18-10-14(11)19-16(21)15(20(2)3)12-5-4-6-13(17)9-12/h4-10,15H,1-3H3,(H,19,21)/t15-/m0/s1",XRWOUNDNLXZKFZ-HNNXBMFYSA-N,303.79300000000006,3.2848200000000016,45.230000000000004,3,1,4,2,2,0.25,21,0,0,0.9424974673741302,642.9241448282652,-1.9099999999999997,15.478297459837897,6.696058109765425,3.8035043617434168,0,0,0,2,0,5,85.48370000000004,nan,True,True,True,True,True,None,None
KYU,"2-(3-chlorophenyl)-2,2-difluoro-N-(4-methylpyridin-3-yl)acetamide",C14 H11 Cl F2 N2 O,non-polymer,Cc1ccncc1NC(=O)C(c2cccc(c2)Cl)(F)F,Cc1ccncc1NC(=O)C(F)(F)c1cccc(Cl)c1,False,Cc1ccncc1NC(=O)C(F)(F)c1cccc(Cl)c1,"InChI=1S/C14H11ClF2N2O/c1-9-5-6-18-8-12(9)19-13(20)14(16,17)10-3-2-4-11(15)7-10/h2-8H,1H3,(H,19,20)",IIKFZOGWCHXLNB-UHFFFAOYSA-N,296.70399999999995,3.7739200000000013,41.99,2,1,3,2,2,0.14285714285714285,20,0,0,0.9364647952983869,646.5759594410156,-2.01,14.400182349791374,5.544782426888795,2.9347008948214586,0,0,0,2,0,6,72.94970000000002,nan,True,True,True,True,True,None,None
KY0,1-(3-chlorophenyl)-N-(4-methylpyridin-3-yl)cyclopropane-1-carboxamide,C16 H15 Cl N2 O,non-polymer,Cc1ccncc1NC(=O)C2(CC2)c3cccc(c3)Cl,Cc1ccncc1NC(=O)C1(c2cccc(Cl)c2)CC1,False,Cc1ccncc1NC(=O)C1(c2cccc(Cl)c2)CC1,"InChI=1S/C16H15ClN2O/c1-11-5-8-18-10-14(11)19-15(20)16(6-7-16)12-3-2-4-13(17)9-12/h2-5,8-10H,6-7H2,1H3,(H,19,20)",AIYYCYBWGZIFKY-UHFFFAOYSA-N,286.76199999999994,3.713720000000002,41.99,2,1,3,3,2,0.25,20,0,0,0.9343402565689155,665.0313777881641,-1.8699999999999997,13.12879842128993,4.909393399704279,2.292840814698355,0,0,1,2,1,4,79.96770000000004,nan,True,True,True,True,True,None,None
KZC,"N-(2-anilinoethyl)-2-oxo-1,2-dihydroquinoline-4-carboxamide",C18 H17 N3 O2,non-polymer,c1ccc(cc1)NCCNC(=O)C2=CC(=O)Nc3c2cccc3,O=C(NCCNc1ccccc1)c1cc(=O)[nH]c2ccccc12,False,O=C(NCCNc1ccccc1)c1cc(=O)[nH]c2ccccc12,"InChI=1S/C18H17N3O2/c22-17-12-15(14-8-4-5-9-16(14)21-17)18(23)20-11-10-19-13-6-2-1-3-7-13/h1-9,12,19H,10-11H2,(H,20,23)(H,21,22)",FTMBCXQGAOJUAX-UHFFFAOYSA-N,307.353,2.37,73.99,3,3,5,3,3,0.1111111111111111,23,0,0,0.6335705145716903,872.0740228520827,-3.0799999999999996,14.84056715861261,6.786939289084619,3.5758244228284974,0,0,0,3,0,5,91.8336,nan,True,True,True,True,True,None,Aliphatic_long_chain
L1F,"N-[2-(2-methoxyphenoxy)ethyl]-N-methyl-2-oxo-1,2-dihydroquinoline-4-carboxamide",C20 H20 N2 O4,non-polymer,CN(CCOc1ccccc1OC)C(=O)C2=CC(=O)Nc3c2cccc3,COc1ccccc1OCCN(C)C(=O)c1cc(=O)[nH]c2ccccc12,False,COc1ccccc1OCCN(C)C(=O)c1cc(=O)[nH]c2ccccc12,"InChI=1S/C20H20N2O4/c1-22(11-12-26-18-10-6-5-9-17(18)25-2)20(24)15-13-19(23)21-16-8-4-3-7-14(15)16/h3-10,13H,11-12H2,1-2H3,(H,21,23)",BIHUQYISOBUTJB-UHFFFAOYSA-N,352.39000000000004,2.6877000000000004,71.63,4,1,6,3,3,0.2,26,0,0,0.7403394156781482,980.7071668240699,-3.28,17.540058440946364,7.735348595213319,3.6914577664665043,0,0,0,3,0,6,100.01820000000002,nan,True,True,True,True,True,None,None
KZX,2-(3-fluorophenyl)-N-(4-methylpyridin-3-yl)acetamide,C14 H13 F N2 O,non-polymer,Cc1ccncc1NC(=O)Cc2cccc(c2)F,Cc1ccncc1NC(=O)Cc1cccc(F)c1,False,Cc1ccncc1NC(=O)Cc1cccc(F)c1,"InChI=1S/C14H13FN2O/c1-10-5-6-16-9-13(10)17-14(18)8-11-3-2-4-12(15)7-11/h2-7,9H,8H2,1H3,(H,17,18)",MLLQAKCWQMHQOK-UHFFFAOYSA-N,244.26899999999998,2.710320000000001,41.99,2,1,3,2,2,0.14285714285714285,18,0,0,0.9015463485094172,569.2253791161851,-2.2299999999999995,12.232819250521544,5.401598681435423,3.1334227510347343,0,0,0,2,0,4,67.70770000000002,nan,True,True,True,False,True,None,None
L2I,(2S)-4-(methylamino)-2-phenyl-N-(pyridin-3-yl)butanamide,C16 H19 N3 O,non-polymer,CNCC[C@@H](c1ccccc1)C(=O)Nc2cccnc2,CNCC[C@H](C(=O)Nc1cccnc1)c1ccccc1,False,CNCC[C@H](C(=O)Nc1cccnc1)c1ccccc1,"InChI=1S/C16H19N3O/c1-17-11-9-15(13-6-3-2-4-7-13)16(20)19-14-8-5-10-18-12-14/h2-8,10,12,15,17H,9,11H2,1H3,(H,19,20)/t15-/m0/s1",AMGHFKIRDXLNJU-HNNXBMFYSA-N,269.348,2.4134,54.02,3,2,6,2,2,0.25,20,0,0,0.8464499436971983,527.9329528570005,-2.1999999999999997,14.214214576731552,7.404053386060306,3.89715778568533,0,0,0,2,0,4,80.59340000000005,nan,True,True,True,True,True,None,None
L3I,2-(3-chlorophenyl)-2-methyl-N-(4-methylpyridin-3-yl)propanamide,C16 H17 Cl N2 O,non-polymer,Cc1ccncc1NC(=O)C(C)(C)c2cccc(c2)Cl,Cc1ccncc1NC(=O)C(C)(C)c1cccc(Cl)c1,False,Cc1ccncc1NC(=O)C(C)(C)c1cccc(Cl)c1,"InChI=1S/C16H17ClN2O/c1-11-7-8-18-10-14(11)19-15(20)16(2,3)12-5-4-6-13(17)9-12/h4-10H,1-3H3,(H,19,20)",QOWQEKIGADCHLL-UHFFFAOYSA-N,288.778,3.9597200000000026,41.99,2,1,3,2,2,0.25,20,0,0,0.9286932375123523,637.8789283498221,-1.8699999999999997,14.537261073640092,5.63231107944439,2.9919609698238463,0,0,0,2,0,4,82.08170000000004,nan,True,True,True,True,True,None,None
L6R,(2R)-2-(3-chlorophenyl)-N-(4-methylpyridin-3-yl)pentanamide,C17 H19 Cl N2 O,non-polymer,CCC[C@H](c1cccc(c1)Cl)C(=O)Nc2cnccc2C,CCC[C@@H](C(=O)Nc1cnccc1C)c1cccc(Cl)c1,False,CCC[C@@H](C(=O)Nc1cnccc1C)c1cccc(Cl)c1,"InChI=1S/C17H19ClN2O/c1-3-5-15(13-6-4-7-14(18)10-13)17(21)20-16-11-19-9-8-12(16)2/h4,6-11,15H,3,5H2,1-2H3,(H,20,21)/t15-/m1/s1",QJMYJFPUHDEEBX-OAHLLOKOSA-N,302.80500000000006,4.565820000000003,41.99,2,1,5,2,2,0.29411764705882354,21,0,0,0.87902971941724,627.6921024411182,-1.8699999999999997,15.51754553425585,7.227913433416178,4.049430618473392,0,0,0,2,0,4,86.70470000000005,nan,True,True,True,True,True,None,None
L6D,N-(1H-benzimidazol-1-yl)-2-(3-chlorophenyl)acetamide,C15 H12 Cl N3 O,non-polymer,c1ccc2c(c1)ncn2NC(=O)Cc3cccc(c3)Cl,O=C(Cc1cccc(Cl)c1)Nn1cnc2ccccc21,False,O=C(Cc1cccc(Cl)c1)Nn1cnc2ccccc21,"InChI=1S/C15H12ClN3O/c16-12-5-3-4-11(8-12)9-15(20)18-19-10-17-13-6-1-2-7-14(13)19/h1-8,10H,9H2,(H,18,20)",YHLCUCKEOZVUDL-UHFFFAOYSA-N,285.734,3.0025000000000004,46.92,3,1,3,3,3,0.06666666666666667,20,0,0,0.8039955005520371,766.4094312309176,-2.329999999999999,12.691093079016794,5.346323999786321,2.6504706869318633,0,0,0,3,0,5,79.25670000000002,nan,True,True,True,True,True,None,None
L5I,(2R)-3-cyclopropyl-2-methyl-N-(4-methylpyridin-3-yl)propanamide,C13 H18 N2 O,non-polymer,Cc1ccncc1NC(=O)[C@H](C)CC2CC2,Cc1ccncc1NC(=O)[C@H](C)CC1CC1,False,Cc1ccncc1NC(=O)[C@H](C)CC1CC1,"InChI=1S/C13H18N2O/c1-9-5-6-14-8-12(9)15-13(16)10(2)7-11-3-4-11/h5-6,8,10-11H,3-4,7H2,1-2H3,(H,15,16)/t10-/m1/s1",SRXLGHBNKKQZHE-SNVBAGLBSA-N,218.29999999999995,2.7647200000000014,41.99,2,1,4,2,1,0.5384615384615384,16,0,0,0.8439285135103471,385.2739133327884,-1.3800000000000001,11.11576940165027,4.640710087021558,2.811224401314274,0,0,1,1,1,3,64.10870000000003,nan,True,True,True,False,True,None,None
L4N,(5R)-N-(4-methylpyridin-3-yl)spiro[2.4]heptane-5-carboxamide,C14 H18 N2 O,non-polymer,Cc1ccncc1NC(=O)[C@@H]2CCC3(C2)CC3,Cc1ccncc1NC(=O)[C@@H]1CCC2(CC2)C1,False,Cc1ccncc1NC(=O)[C@@H]1CCC2(CC2)C1,"InChI=1S/C14H18N2O/c1-10-3-7-15-9-12(10)16-13(17)11-2-4-14(8-11)5-6-14/h3,7,9,11H,2,4-6,8H2,1H3,(H,16,17)/t11-/m1/s1",FNCISWRYQRGLKF-LLVKDONJSA-N,230.31099999999992,2.9088200000000013,41.99,2,1,2,3,1,0.5714285714285714,17,0,0,0.84839725540251,451.29036126477286,-1.3800000000000001,10.753849806934383,3.8272381363102927,2.0600163354225645,1,0,2,1,2,3,66.61170000000003,nan,True,True,True,False,True,None,None
L4U,"(3S)-3,4-dimethyl-N-(4-methylpyridin-3-yl)pentanamide",C13 H20 N2 O,non-polymer,Cc1ccncc1NC(=O)C[C@H](C)C(C)C,Cc1ccncc1NC(=O)C[C@H](C)C(C)C,False,Cc1ccncc1NC(=O)C[C@H](C)C(C)C,"InChI=1S/C13H20N2O/c1-9(2)11(4)7-13(16)15-12-8-14-6-5-10(12)3/h5-6,8-9,11H,7H2,1-4H3,(H,15,16)/t11-/m0/s1",PPQIRWKGFHIKDH-NSHDSACASA-N,220.31599999999997,3.010720000000002,41.99,2,1,4,1,1,0.5384615384615384,16,0,0,0.8471035347082237,360.70515609339986,-1.3800000000000001,12.688399452804378,5.635050485212928,3.645526266921452,0,0,0,1,0,3,66.22270000000003,nan,True,True,True,False,True,None,None
L7F,"2-[(1S,5R)-bicyclo[3.1.0]hexan-1-yl]-N-(4-methylpyridin-3-yl)acetamide",C14 H18 N2 O,non-polymer,Cc1ccncc1NC(=O)C[C@@]23CCC[C@@H]2C3,Cc1ccncc1NC(=O)C[C@@]12CCC[C@@H]1C2,False,Cc1ccncc1NC(=O)C[C@@]12CCC[C@@H]1C2,"InChI=1S/C14H18N2O/c1-10-4-6-15-9-12(10)16-13(17)8-14-5-2-3-11(14)7-14/h4,6,9,11H,2-3,5,7-8H2,1H3,(H,16,17)/t11-,14+/m1/s1",ZVPGUVBZPWGJPX-RISCZKNCSA-N,230.31099999999992,2.9088200000000013,41.99,2,1,3,3,1,0.5714285714285714,17,0,0,0.8670972123686583,457.29036126477286,-1.3800000000000001,10.753849806934383,3.8272381363102927,1.9427278021573504,0,0,2,1,2,3,66.61170000000003,nan,True,True,True,False,True,None,None
L7V,"1-[(2S)-2-(5-cyclopropyl-1,2,4-oxadiazol-3-yl)pyrrolidin-1-yl]-2-(pyridin-3-yl)ethan-1-one",C16 H18 N4 O2,non-polymer,c1cc(cnc1)CC(=O)N2CCC[C@H]2c3nc(on3)C4CC4,O=C(Cc1cccnc1)N1CCC[C@H]1c1noc(C2CC2)n1,False,O=C(Cc1cccnc1)N1CCC[C@H]1c1noc(C2CC2)n1,"InChI=1S/C16H18N4O2/c21-14(9-11-3-1-7-17-10-11)20-8-2-4-13(20)15-18-16(22-19-15)12-5-6-12/h1,3,7,10,12-13H,2,4-6,8-9H2/t13-/m0/s1",SHUFUJKRBBPZHJ-ZDUSSCGKSA-N,298.346,2.2482000000000006,72.12,5,0,4,4,2,0.5,22,0,0,0.8653308784674336,665.7951466442636,-2.24,13.424808299949651,5.5135455996994445,2.6051717695657546,0,0,2,2,2,6,77.90200000000003,nan,True,True,True,True,True,None,None
L7Q,3-methyl-N-(4-methylpyridin-3-yl)-3-phenylbutanamide,C17 H20 N2 O,non-polymer,Cc1ccncc1NC(=O)CC(C)(C)c2ccccc2,Cc1ccncc1NC(=O)CC(C)(C)c1ccccc1,False,Cc1ccncc1NC(=O)CC(C)(C)c1ccccc1,"InChI=1S/C17H20N2O/c1-13-9-10-18-12-15(13)19-16(20)11-17(2,3)14-7-5-4-6-8-14/h4-10,12H,11H2,1-3H3,(H,19,20)",BLCPNJMZJGFGAP-UHFFFAOYSA-N,268.35999999999996,3.6964200000000025,41.99,2,1,4,2,2,0.29411764705882354,20,0,0,0.9183585932828252,590.9488161984984,-2.1599999999999997,14.253359117566182,5.865262026337006,3.4409381076235444,0,0,0,2,0,3,81.68870000000004,nan,True,True,True,True,True,None,None
L83,N-(2-amino-4-methylpyridin-3-yl)-2-(3-chlorophenyl)acetamide,C14 H14 Cl N3 O,non-polymer,Cc1ccnc(c1NC(=O)Cc2cccc(c2)Cl)N,Cc1ccnc(N)c1NC(=O)Cc1cccc(Cl)c1,False,Cc1ccnc(N)c1NC(=O)Cc1cccc(Cl)c1,"InChI=1S/C14H14ClN3O/c1-9-5-6-17-14(16)13(9)18-12(19)8-10-3-2-4-11(15)7-10/h2-7H,8H2,1H3,(H2,16,17)(H,18,19)",HMBNRINOSXPSCN-UHFFFAOYSA-N,275.73900000000003,2.80682,68.01,3,2,3,2,2,0.14285714285714285,19,0,0,0.9049825268827965,593.1401139421383,-2.07,13.363737323277082,5.713350058865184,3.450679112159355,0,0,0,2,0,5,77.17210000000001,nan,True,True,True,False,True,None,None
L8O,"1-[(4R)-4-(3-methylphenyl)-3,4-dihydroisoquinolin-2(1H)-yl]ethan-1-one",C18 H19 N O,non-polymer,Cc1cccc(c1)[C@H]2CN(Cc3c2cccc3)C(=O)C,CC(=O)N1Cc2ccccc2[C@@H](c2cccc(C)c2)C1,False,CC(=O)N1Cc2ccccc2[C@@H](c2cccc(C)c2)C1,"InChI=1S/C18H19NO/c1-13-6-5-8-15(10-13)18-12-19(14(2)20)11-16-7-3-4-9-17(16)18/h3-10,18H,11-12H2,1-2H3/t18-/m1/s1",MQSDDXXCNVJVGH-GOSISDBHSA-N,265.356,3.4890200000000027,20.310000000000002,1,0,1,3,2,0.2777777777777778,20,0,0,0.7726325470753047,647.3714114295472,-2.0899999999999994,12.919338608368495,5.121389226527633,2.3361622664009047,0,0,1,2,0,2,80.55500000000005,nan,True,True,True,True,True,None,None
L93,"6-fluoro-N-[(2R)-2-(2-methoxyphenoxy)propyl]-2-oxo-1,2-dihydroquinoline-4-carboxamide",C20 H19 F N2 O4,non-polymer,C[C@H](CNC(=O)C1=CC(=O)Nc2c1cc(cc2)F)Oc3ccccc3OC,COc1ccccc1O[C@H](C)CNC(=O)c1cc(=O)[nH]c2ccc(F)cc12,False,COc1ccccc1O[C@H](C)CNC(=O)c1cc(=O)[nH]c2ccc(F)cc12,"InChI=1S/C20H19FN2O4/c1-12(27-18-6-4-3-5-17(18)26-2)11-22-20(25)15-10-19(24)23-16-8-7-13(21)9-14(15)16/h3-10,12H,11H2,1-2H3,(H,22,25)(H,23,24)/t12-/m1/s1",LZQQUMOUOYPMFQ-GFCCVEGCSA-N,370.3800000000001,2.8731000000000018,80.42,4,2,6,3,3,0.2,27,0,0,0.6992201328086206,1031.910601750714,-3.349999999999999,18.441354604835677,7.903801957605686,4.253853298084473,0,0,0,3,0,7,99.94390000000003,nan,True,True,True,True,True,None,None
L8F,N-(2-{7-[(4-acetylpiperazin-1-yl)methyl]-1H-indol-3-yl}ethyl)acetamide,C19 H26 N4 O2,non-polymer,CC(=O)NCCc1c[nH]c2c1cccc2CN3CCN(CC3)C(=O)C,CC(=O)NCCc1c[nH]c2c(CN3CCN(C(C)=O)CC3)cccc12,False,CC(=O)NCCc1c[nH]c2c(CN3CCN(C(C)=O)CC3)cccc12,"InChI=1S/C19H26N4O2/c1-14(24)20-7-6-16-12-21-19-17(4-3-5-18(16)19)13-22-8-10-23(11-9-22)15(2)25/h3-5,12,21H,6-11,13H2,1-2H3,(H,20,24)",KKPILUQDBWPVTM-UHFFFAOYSA-N,342.44300000000015,1.5106000000000002,68.44,3,2,5,3,2,0.47368421052631576,25,0,0,0.8654201626349609,759.8699070084205,-2.34,17.481981873183322,7.695945258681401,4.19747426192104,0,0,1,2,1,6,98.21740000000005,nan,True,True,True,True,True,None,None
L9O,(1S)-N-(4-methylpyridin-3-yl)spiro[3.3]heptane-1-carboxamide,C14 H18 N2 O,non-polymer,Cc1ccncc1NC(=O)[C@H]2CCC23CCC3,Cc1ccncc1NC(=O)[C@H]1CCC12CCC2,False,Cc1ccncc1NC(=O)[C@H]1CCC12CCC2,"InChI=1S/C14H18N2O/c1-10-4-8-15-9-12(10)16-13(17)11-3-7-14(11)5-2-6-14/h4,8-9,11H,2-3,5-7H2,1H3,(H,16,17)/t11-/m1/s1",XFQCOLJIUXXMKV-LLVKDONJSA-N,230.31099999999992,2.9088200000000013,41.99,2,1,2,3,1,0.5714285714285714,17,0,0,0.84839725540251,445.7805862604459,-1.3800000000000001,10.753849806934383,3.8272381363102927,1.6452371217703208,1,0,2,1,2,3,66.61170000000003,nan,True,True,True,False,True,None,None
L9F,"(3P,5R)-3-(3-chlorophenyl)-5-(pyridin-3-yl)imidazolidine-2,4-dione",C14 H10 Cl N3 O2,non-polymer,c1cc(cc(c1)Cl)N2C(=O)[C@H](NC2=O)c3cccnc3,O=C1N[C@H](c2cccnc2)C(=O)N1c1cccc(Cl)c1,False,O=C1N[C@H](c2cccnc2)C(=O)N1c1cccc(Cl)c1,"InChI=1S/C14H10ClN3O2/c15-10-4-1-5-11(7-10)18-13(19)12(17-14(18)20)9-3-2-6-16-8-9/h1-8,12H,(H,17,20)/t12-/m1/s1",GSEMEGPVJJVGNC-GFCCVEGCSA-N,287.706,2.5325000000000006,62.300000000000004,3,1,2,3,2,0.07142857142857142,20,0,0,0.8634854215217419,675.1290505217446,-2.4,12.624573094543939,4.9388429752066125,2.120508111417203,0,0,1,2,1,6,74.44770000000003,nan,True,True,True,True,True,None,hydantoin
LB0,"(1r,3r)-3-cyclopropyl-N-(4-methylpyridin-3-yl)cyclobutane-1-carboxamide",C14 H18 N2 O,non-polymer,Cc1ccncc1NC(=O)C2CC(C2)C3CC3,Cc1ccncc1NC(=O)C1CC(C2CC2)C1,False,Cc1ccncc1NC(=O)C1CC(C2CC2)C1,"InChI=1S/C14H18N2O/c1-9-4-5-15-8-13(9)16-14(17)12-6-11(7-12)10-2-3-10/h4-5,8,10-12H,2-3,6-7H2,1H3,(H,16,17)",SPZNGMCOZXKTMM-UHFFFAOYSA-N,230.31099999999995,2.7647200000000014,41.99,2,1,3,3,1,0.5714285714285714,17,0,0,0.8671474279397222,433.60327966361183,-1.3800000000000001,10.753849806934383,4.13183848976301,2.1882562070491223,0,0,2,1,2,3,66.54170000000003,nan,True,True,True,False,True,None,None
LBC,2-(3-iodophenyl)-N-(4-methylpyridin-3-yl)acetamide,C14 H13 I N2 O,non-polymer,Cc1ccncc1NC(=O)Cc2cccc(c2)I,Cc1ccncc1NC(=O)Cc1cccc(I)c1,False,Cc1ccncc1NC(=O)Cc1cccc(I)c1,"InChI=1S/C14H13IN2O/c1-10-5-6-16-9-13(10)17-14(18)8-11-3-2-4-12(15)7-11/h2-7,9H,8H2,1H3,(H,17,18)",MUVSGYUDBWMCJG-UHFFFAOYSA-N,352.17499999999995,3.1758200000000016,41.99,2,1,3,2,2,0.14285714285714285,18,0,0,0.8626099192276405,569.2253791161851,-1.4299999999999997,13.012364212553804,5.949610720933628,3.529764369365333,0,0,0,2,0,4,80.46670000000003,nan,True,True,True,False,True,None,iodine
LBO,2-(3-cyclopropylphenyl)-N-(4-methylpyridin-3-yl)acetamide,C17 H18 N2 O,non-polymer,Cc1ccncc1NC(=O)Cc2cccc(c2)C3CC3,Cc1ccncc1NC(=O)Cc1cccc(C2CC2)c1,False,Cc1ccncc1NC(=O)Cc1cccc(C2CC2)c1,"InChI=1S/C17H18N2O/c1-12-7-8-18-11-16(12)19-17(20)10-13-3-2-4-15(9-13)14-5-6-14/h2-4,7-9,11,14H,5-6,10H2,1H3,(H,19,20)",PTTAFUMPUWHBTC-UHFFFAOYSA-N,266.344,3.448620000000002,41.99,2,1,4,3,2,0.29411764705882354,20,0,0,0.9205802497652885,632.3920600485663,-2.1599999999999997,12.852739008844951,5.451474435196194,3.04622705095317,0,0,1,2,1,3,79.72470000000004,nan,True,True,True,True,True,None,None
LCU,"2-[(1R,3s,5S)-bicyclo[3.1.0]hexan-3-yl]-N-(4-methylpyridin-3-yl)acetamide",C14 H18 N2 O,non-polymer,Cc1ccncc1NC(=O)CC2C[C@H]3C[C@H]3C2,Cc1ccncc1NC(=O)CC1C[C@@H]2C[C@@H]2C1,False,Cc1ccncc1NC(=O)CC1C[C@@H]2C[C@@H]2C1,"InChI=1S/C14H18N2O/c1-9-2-3-15-8-13(9)16-14(17)6-10-4-11-7-12(11)5-10/h2-3,8,10-12H,4-7H2,1H3,(H,16,17)/t10?,11-,12+",WEHZCBNACMTKKE-YOGCLGLASA-N,230.31099999999995,2.7647200000000014,41.99,2,1,3,3,1,0.5714285714285714,17,0,0,0.8671474279397222,433.60327966361183,-1.3800000000000001,10.753849806934383,4.13183848976301,2.3288544748457825,0,0,2,1,2,3,66.54170000000003,nan,True,True,True,False,True,None,None
LDX,3-(2-fluorophenyl)-N-(4-methylpyridin-3-yl)propanamide,C15 H15 F N2 O,non-polymer,Cc1ccncc1NC(=O)CCc2ccccc2F,Cc1ccncc1NC(=O)CCc1ccccc1F,False,Cc1ccncc1NC(=O)CCc1ccccc1F,"InChI=1S/C15H15FN2O/c1-11-8-9-17-10-14(11)18-15(19)7-6-12-4-2-3-5-13(12)16/h2-5,8-10H,6-7H2,1H3,(H,18,19)",QOFPSTBMBIOUPW-UHFFFAOYSA-N,258.296,3.1004200000000015,41.99,2,1,4,2,2,0.2,19,0,0,0.9151853509435314,583.8631868754017,-2.2299999999999995,13.207529629680065,6.08883661417288,3.612599771007556,0,0,0,2,0,4,72.32470000000002,nan,True,True,True,False,True,None,None
LKX,"2-(3-chlorophenyl)-N-(5-oxo-1,5-dihydro-4H-1,2,4-triazol-4-yl)acetamide",C10 H9 Cl N4 O2,non-polymer,c1cc(cc(c1)Cl)CC(=O)NN2C=NNC2=O,O=C(Cc1cccc(Cl)c1)Nn1cn[nH]c1=O,False,O=C(Cc1cccc(Cl)c1)Nn1cn[nH]c1=O,"InChI=1S/C10H9ClN4O2/c11-8-3-1-2-7(4-8)5-9(16)14-15-6-12-13-10(15)17/h1-4,6H,5H2,(H,13,17)(H,14,16)",IADLNEMEFCQDCX-UHFFFAOYSA-N,252.66100000000003,0.5375999999999995,79.78,4,2,3,2,2,0.1,17,0,0,0.8366562357612428,589.7418757078275,-2.08,11.406730133077446,4.835965155309286,2.943891175125742,0,0,0,2,0,7,62.3714,nan,True,True,True,False,True,None,None
LJO,(3R)-3-cyano-N-(4-methylpyridin-3-yl)oxolane-3-carboxamide,C12 H13 N3 O2,non-polymer,Cc1ccncc1NC(=O)[C@]2(CCOC2)C#N,Cc1ccncc1NC(=O)[C@@]1(C#N)CCOC1,False,Cc1ccncc1NC(=O)[C@@]1(C#N)CCOC1,"InChI=1S/C12H13N3O2/c1-9-2-4-14-6-10(9)15-11(16)12(7-13)3-5-17-8-12/h2,4,6H,3,5,8H2,1H3,(H,15,16)/t12-/m1/s1",UDNOYHYGEXMWIJ-GFCCVEGCSA-N,231.25499999999994,1.2588,75.00999999999999,4,1,2,2,1,0.4166666666666667,17,0,0,0.8309535206428474,472.88423970084165,-1.9300000000000002,11.552332855363263,4.515959969178443,2.123372219607728,0,0,1,1,1,5,61.085700000000024,nan,True,True,True,False,True,None,None
LKI,3-chloro-N-(4-methylpyridin-3-yl)benzene-1-sulfonamide,C12 H11 Cl N2 O2 S,non-polymer,Cc1ccncc1NS(=O)(=O)c2cccc(c2)Cl,Cc1ccncc1NS(=O)(=O)c1cccc(Cl)c1,False,Cc1ccncc1NS(=O)(=O)c1cccc(Cl)c1,"InChI=1S/C12H11ClN2O2S/c1-9-5-6-14-8-12(9)15-18(16,17)11-4-2-3-10(13)7-11/h2-8,15H,1H3",XFTYNEPZRSHDOA-UHFFFAOYSA-N,282.752,2.844220000000001,59.06,3,1,3,2,2,0.08333333333333333,18,0,0,0.9415894834497918,671.2825575501117,-1.5899999999999994,12.856309418982867,4.955885571859597,2.802132687102853,0,0,0,2,0,6,71.23450000000003,nan,True,True,True,False,True,None,None
LF3,"2-(6-chloro-3-oxo-2,3-dihydro-4H-1,4-benzoxazin-4-yl)-N-(4-methylpyridin-3-yl)acetamide",C16 H14 Cl N3 O3,non-polymer,Cc1ccncc1NC(=O)CN2c3cc(ccc3OCC2=O)Cl,Cc1ccncc1NC(=O)CN1C(=O)COc2ccc(Cl)cc21,False,Cc1ccncc1NC(=O)CN1C(=O)COc2ccc(Cl)cc21,"InChI=1S/C16H14ClN3O3/c1-10-4-5-18-7-12(10)19-15(21)8-20-13-6-11(17)2-3-14(13)23-9-16(20)22/h2-7H,8-9H2,1H3,(H,19,21)",SHDRXRMTUQTXFE-UHFFFAOYSA-N,331.759,2.40752,71.53,4,1,3,3,2,0.1875,23,0,0,0.9371566010280675,778.9158193833853,-2.5999999999999996,15.301626275510202,6.256729157140678,3.2671457814168736,0,0,1,2,0,7,86.90370000000003,nan,True,True,True,True,True,None,None
LQ0,2-(6-chloro-1H-indol-1-yl)-N-(4-methylpyridin-3-yl)acetamide,C16 H14 Cl N3 O,non-polymer,Cc1ccncc1NC(=O)Cn2ccc3c2cc(cc3)Cl,Cc1ccncc1NC(=O)Cn1ccc2ccc(Cl)cc21,False,Cc1ccncc1NC(=O)Cn1ccc2ccc(Cl)cc21,"InChI=1S/C16H14ClN3O/c1-11-4-6-18-9-14(11)19-16(21)10-20-7-5-12-2-3-13(17)8-15(12)20/h2-9H,10H2,1H3,(H,19,21)",YPZKHKYPLKRQED-UHFFFAOYSA-N,299.76099999999997,3.636820000000002,46.92,3,1,3,3,3,0.125,21,0,0,0.8024265489262298,810.142233208204,-2.329999999999999,13.643835157913811,5.5779248204806295,2.901524207839283,0,0,0,3,0,5,84.55170000000003,nan,True,True,True,True,True,None,None
LJ0,"(1R,6S,7r)-N-(4-methylpyridin-3-yl)bicyclo[4.1.0]heptane-7-carboxamide",C14 H18 N2 O,non-polymer,Cc1ccncc1NC(=O)C2[C@H]3[C@@H]2CCCC3,Cc1ccncc1NC(=O)C1[C@H]2CCCC[C@@H]12,False,Cc1ccncc1NC(=O)C1[C@H]2CCCC[C@@H]12,"InChI=1S/C14H18N2O/c1-9-6-7-15-8-12(9)16-14(17)13-10-4-2-3-5-11(10)13/h6-8,10-11,13H,2-5H2,1H3,(H,16,17)/t10-,11+,13?",UPGQLXSOIHDKRZ-QYJAPNMZSA-N,230.31099999999995,2.7647200000000014,41.99,2,1,2,3,1,0.5714285714285714,17,0,0,0.8484463880165484,431.60327966361183,-1.3800000000000001,10.753849806934383,4.13183848976301,1.9427278021573504,0,0,2,1,2,3,66.54170000000003,nan,True,True,True,False,True,None,None
LR0,"(7R)-N-(4-acetamidopyridin-3-yl)-4-fluorobicyclo[4.2.0]octa-1,3,5-triene-7-carboxamide",C16 H14 F N3 O2,non-polymer,CC(=O)Nc1ccncc1NC(=O)[C@@H]2Cc3c2cc(cc3)F,CC(=O)Nc1ccncc1NC(=O)[C@@H]1Cc2ccc(F)cc21,False,CC(=O)Nc1ccncc1NC(=O)[C@@H]1Cc2ccc(F)cc21,"InChI=1S/C16H14FN3O2/c1-9(21)19-14-4-5-18-8-15(14)20-16(22)13-6-10-2-3-11(17)7-12(10)13/h2-5,7-8,13H,6H2,1H3,(H,20,22)(H,18,19,21)/t13-/m1/s1",OVXVQSQKNSMPOY-CYBMUJFWSA-N,299.30499999999995,2.4575000000000005,71.09,3,2,3,3,2,0.1875,22,0,0,0.9142345932715763,760.8061802544518,-2.7599999999999993,14.188801429985,5.554913576441773,2.6734495809347667,0,0,1,2,0,6,80.01540000000003,nan,True,True,True,True,True,None,None
LO0,"N-[2-(2-methoxyphenoxy)ethyl]-2-oxo-2,3-dihydropyridine-4-carboxamide",C15 H16 N2 O4,non-polymer,COc1ccccc1OCCNC(=O)C2=CC=NC(=O)C2,COc1ccccc1OCCNC(=O)C1=CC=NC(=O)C1,False,COc1ccccc1OCCNC(=O)C1=CC=NC(=O)C1,"InChI=1S/C15H16N2O4/c1-20-12-4-2-3-5-13(12)21-9-8-17-15(19)11-6-7-16-14(18)10-11/h2-7H,8-10H2,1H3,(H,17,19)",NGQXLOHCACFSJS-UHFFFAOYSA-N,288.30300000000005,1.1177,76.99000000000001,4,1,6,2,1,0.26666666666666666,21,0,0,0.7956978116425862,593.0913432024136,-2.6300000000000003,14.772348740088205,7.231963787346562,4.169831598526498,0,0,1,1,0,6,77.69770000000001,nan,True,True,True,True,True,None,Aliphatic_long_chain
LQU,"3-[(4R)-2-acetyl-1,2,3,4-tetrahydroisoquinolin-4-yl]benzonitrile",C18 H16 N2 O,non-polymer,CC(=O)N1Cc2ccccc2[C@H](C1)c3cccc(c3)C#N,CC(=O)N1Cc2ccccc2[C@@H](c2cccc(C#N)c2)C1,False,CC(=O)N1Cc2ccccc2[C@@H](c2cccc(C#N)c2)C1,"InChI=1S/C18H16N2O/c1-13(21)20-11-16-6-2-3-8-17(16)18(12-20)15-7-4-5-14(9-15)10-19/h2-9,18H,11-12H2,1H3/t18-/m1/s1",HZRMBUYOMGCVMU-GOSISDBHSA-N,276.339,3.0522800000000014,44.1,2,0,1,3,2,0.2222222222222222,21,0,0,0.8031811431318957,729.9933397672891,-2.5999999999999996,13.38615916955017,5.4142995973899755,2.52829624546613,0,0,1,2,0,3,80.53300000000004,nan,True,True,True,True,True,None,None
LRN,"1-[(3R)-3-{(cyclohexylmethyl)[(1r,4R)-4-hydroxycyclohexyl]amino}piperidin-1-yl]ethan-1-one",C20 H36 N2 O2,non-polymer,CC(=O)N1CCC[C@H](C1)N(CC2CCCCC2)C3CCC(CC3)O,CC(=O)N1CCC[C@@H](N(CC2CCCCC2)C2CCC(O)CC2)C1,False,CC(=O)N1CCC[C@@H](N(CC2CCCCC2)C2CCC(O)CC2)C1,"InChI=1S/C20H36N2O2/c1-16(23)21-13-5-8-19(15-21)22(14-17-6-3-2-4-7-17)18-9-11-20(24)12-10-18/h17-20,24H,2-15H2,1H3/t18?,19-,20?/m1/s1",BWGFBDXTNPNCAD-IOJLRTSASA-N,336.5200000000001,3.183100000000002,43.78,3,1,4,3,0,0.95,24,0,0,0.857337532920059,400.443029141273,-0.6100000000000001,18.18917524506629,8.661863012579733,4.723521928519274,0,0,3,0,3,4,96.81980000000007,nan,True,True,True,True,True,None,None
LRC,2-(5-chloropyridin-3-yl)-N-(4-methylpyridin-3-yl)acetamide,C13 H12 Cl N3 O,non-polymer,Cc1ccncc1NC(=O)Cc2cc(cnc2)Cl,Cc1ccncc1NC(=O)Cc1cncc(Cl)c1,False,Cc1ccncc1NC(=O)Cc1cncc(Cl)c1,"InChI=1S/C13H12ClN3O/c1-9-2-3-15-8-12(9)17-13(18)5-10-4-11(14)7-16-6-10/h2-4,6-8H,5H2,1H3,(H,17,18)",OCRRKPZGCOGESB-UHFFFAOYSA-N,261.712,2.6196200000000003,54.88,3,1,3,2,2,0.15384615384615385,18,0,0,0.9240599028959203,571.6677441869939,-1.94,12.51518953174026,5.598568642156025,3.275036089082922,0,0,0,2,0,5,70.55470000000003,nan,True,True,True,False,True,None,None
LM0,"(3S)-N',2-diacetyl-1,2,3,4-tetrahydroisoquinoline-3-carbohydrazide",C14 H17 N3 O3,non-polymer,CC(=O)NNC(=O)[C@@H]1Cc2ccccc2CN1C(=O)C,CC(=O)NNC(=O)[C@@H]1Cc2ccccc2CN1C(C)=O,False,CC(=O)NNC(=O)[C@@H]1Cc2ccccc2CN1C(C)=O,"InChI=1S/C14H17N3O3/c1-9(18)15-16-14(20)13-7-11-5-3-4-6-12(11)8-17(13)10(2)19/h3-6,13H,7-8H2,1-2H3,(H,15,18)(H,16,20)/t13-/m0/s1",SATVLGDJXZFYJA-ZDUSSCGKSA-N,275.308,0.1271,78.51,3,2,1,2,1,0.35714285714285715,20,0,0,0.7149283096107834,556.3500395782862,-2.3699999999999997,14.047890098707231,5.728855556506606,2.9579708895911128,0,0,1,1,0,6,72.11740000000003,nan,True,True,True,True,True,None,Oxygen-nitrogen_single_bond
LS0,2-(6-fluoro-1H-indol-1-yl)-N-(4-methylpyridin-3-yl)acetamide,C16 H14 F N3 O,non-polymer,Cc1ccncc1NC(=O)Cn2ccc3c2cc(cc3)F,Cc1ccncc1NC(=O)Cn1ccc2ccc(F)cc21,False,Cc1ccncc1NC(=O)Cn1ccc2ccc(F)cc21,"InChI=1S/C16H14FN3O/c1-11-4-6-18-9-14(11)19-16(21)10-20-7-5-12-2-3-13(17)8-15(12)20/h2-9H,10H2,1H3,(H,19,21)",FTEMSYPIGWJMTH-UHFFFAOYSA-N,283.306,3.1225200000000015,46.92,3,1,3,3,3,0.125,21,0,0,0.8024540706152944,810.142233208204,-2.689999999999999,13.300336635910014,5.3601056891234675,2.7645417008793824,0,0,0,3,0,5,79.49970000000003,nan,True,True,True,True,True,None,None
LT9,1-(3-chlorophenyl)-N-(4-methylpyridin-3-yl)-3-oxocyclobutane-1-carboxamide,C17 H15 Cl N2 O2,non-polymer,Cc1ccncc1NC(=O)C2(CC(=O)C2)c3cccc(c3)Cl,Cc1ccncc1NC(=O)C1(c2cccc(Cl)c2)CC(=O)C1,False,Cc1ccncc1NC(=O)C1(c2cccc(Cl)c2)CC(=O)C1,"InChI=1S/C17H15ClN2O2/c1-11-5-6-19-10-15(11)20-16(22)17(8-14(21)9-17)12-3-2-4-13(18)7-12/h2-7,10H,8-9H2,1H3,(H,20,22)",NYGOHBKHNOCJCL-UHFFFAOYSA-N,314.77199999999993,3.282820000000001,59.06,3,1,3,3,2,0.23529411764705882,22,0,0,0.9454550001004949,749.829086957523,-2.1999999999999997,14.725427152596582,5.5366894705532435,2.5031250000000003,0,0,1,2,1,5,84.97470000000003,nan,True,True,True,True,True,None,None
LSF,N-(4-methylpyridin-3-yl)-2-(3-{[(2R)-4-oxoazetidin-2-yl]oxy}phenyl)acetamide,C17 H17 N3 O3,non-polymer,Cc1ccncc1NC(=O)Cc2cccc(c2)O[C@@H]3CC(=O)N3,Cc1ccncc1NC(=O)Cc1cccc(O[C@@H]2CC(=O)N2)c1,False,Cc1ccncc1NC(=O)Cc1cccc(O[C@@H]2CC(=O)N2)c1,"InChI=1S/C17H17N3O3/c1-11-5-6-18-10-14(11)19-15(21)8-12-3-2-4-13(7-12)23-17-9-16(22)20-17/h2-7,10,17H,8-9H2,1H3,(H,19,21)(H,20,22)/t17-/m1/s1",OWPHHWQTUZCDRN-QGZVFWFLSA-N,311.34100000000007,1.7960199999999997,80.32,4,2,5,3,2,0.23529411764705882,23,0,0,0.825150018538938,737.3683806029521,-2.89,15.022975519589668,6.475861702665163,3.851969224002581,0,0,1,2,1,6,84.92540000000004,nan,True,True,True,True,True,None,None
LUC,2-(3-chloro-5-{[(2R)-4-oxoazetidin-2-yl]oxy}phenyl)-N-(4-methylpyridin-3-yl)acetamide,C17 H16 Cl N3 O3,non-polymer,Cc1ccncc1NC(=O)Cc2cc(cc(c2)Cl)O[C@@H]3CC(=O)N3,Cc1ccncc1NC(=O)Cc1cc(Cl)cc(O[C@@H]2CC(=O)N2)c1,False,Cc1ccncc1NC(=O)Cc1cc(Cl)cc(O[C@@H]2CC(=O)N2)c1,"InChI=1S/C17H16ClN3O3/c1-10-2-3-19-9-14(10)20-15(22)6-11-4-12(18)7-13(5-11)24-17-8-16(23)21-17/h2-5,7,9,17H,6,8H2,1H3,(H,20,22)(H,21,23)/t17-/m1/s1",JCZDGTYSQGAPDN-QGZVFWFLSA-N,345.7860000000001,2.449419999999999,80.32,4,2,5,3,2,0.23529411764705882,24,0,0,0.815620028933468,786.4002768303784,-2.6,16.26456278763971,6.882412420667645,4.024154494657386,0,0,1,2,1,7,89.93540000000004,nan,True,True,True,True,True,None,None
LV9,N-(4-benzyloxan-4-yl)-N'-(pyridin-3-yl)urea,C18 H21 N3 O2,non-polymer,c1ccc(cc1)CC2(CCOCC2)NC(=O)Nc3cccnc3,O=C(Nc1cccnc1)NC1(Cc2ccccc2)CCOCC1,False,O=C(Nc1cccnc1)NC1(Cc2ccccc2)CCOCC1,"InChI=1S/C18H21N3O2/c22-17(20-16-7-4-10-19-14-16)21-18(8-11-23-12-9-18)13-15-5-2-1-3-6-15/h1-7,10,14H,8-9,11-13H2,(H2,20,21,22)",QJWPFRCAJGJSOH-UHFFFAOYSA-N,311.385,2.995,63.25,3,2,4,3,2,0.3333333333333333,23,0,0,0.9121483267945757,625.2296620232748,-2.3999999999999995,15.49396193907119,7.24167627835448,4.2944318696242645,0,0,1,2,1,5,89.32140000000004,nan,True,True,True,True,True,None,None
LVM,N-(4-methylpyridin-3-yl)-2-(spiro[2.3]hexan-5-yl)acetamide,C14 H18 N2 O,non-polymer,Cc1ccncc1NC(=O)CC2CC3(C2)CC3,Cc1ccncc1NC(=O)CC1CC2(CC2)C1,False,Cc1ccncc1NC(=O)CC1CC2(CC2)C1,"InChI=1S/C14H18N2O/c1-10-2-5-15-9-12(10)16-13(17)6-11-7-14(8-11)3-4-14/h2,5,9,11H,3-4,6-8H2,1H3,(H,16,17)",BEZLDJLMZNYTJV-UHFFFAOYSA-N,230.31099999999992,2.9088200000000013,41.99,2,1,3,3,1,0.5714285714285714,17,0,0,0.8670972123686583,443.2903612647728,-1.3800000000000001,10.753849806934383,3.8272381363102927,2.1882562070491223,1,0,2,1,2,3,66.61170000000003,nan,True,True,True,False,True,None,None
LW6,1H-indole-4-carbaldehyde,C9 H7 N O,non-polymer,c1cc(c2cc[nH]c2c1)C=O,O=Cc1cccc2[nH]ccc12,False,O=Cc1cccc2[nH]ccc12,"InChI=1S/C9H7NO/c11-6-7-2-1-3-9-8(7)4-5-10-9/h1-6,10H",JFDDFGLNZWNJTK-UHFFFAOYSA-N,145.16099999999997,1.9803999999999997,32.86,1,1,1,2,2,0.0,11,0,0,0.6112724738328874,389.1169926912294,-1.5699999999999996,6.160248407637458,2.234974333040861,0.83505058999499,0,0,0,2,0,2,43.686200000000014,nan,True,True,True,False,False,None,aldehyde
M4L,(2S)-2-(3-bromophenyl)-2-hydroxy-N-(4-methoxypyridin-3-yl)acetamide,C14 H13 Br N2 O3,non-polymer,COc1ccncc1NC(=O)[C@H](c2cccc(c2)Br)O,COc1ccncc1NC(=O)[C@@H](O)c1cccc(Br)c1,False,COc1ccncc1NC(=O)[C@@H](O)c1cccc(Br)c1,"InChI=1S/C14H13BrN2O3/c1-20-12-5-6-16-8-11(12)17-14(19)13(18)9-3-2-4-10(15)7-9/h2-8,13,18H,1H3,(H,17,19)/t13-/m0/s1",SXIRQVINYJTTGB-ZDUSSCGKSA-N,337.173,2.5248000000000004,71.45,4,2,4,2,2,0.14285714285714285,20,0,0,0.899399205976594,618.8729405866209,-1.9199999999999995,14.488299601369498,6.492990703451393,3.3416251102088097,0,0,0,2,0,6,78.52050000000003,nan,True,True,True,True,True,None,None
M2X,(2R)-2-amino-2-(5-bromo-2-methoxyphenyl)-N-(4-methylpyridin-3-yl)acetamide,C15 H16 Br N3 O2,non-polymer,Cc1ccncc1NC(=O)[C@@H](c2cc(ccc2OC)Br)N,COc1ccc(Br)cc1[C@@H](N)C(=O)Nc1cnccc1C,False,COc1ccc(Br)cc1[C@@H](N)C(=O)Nc1cnccc1C,"InChI=1S/C15H16BrN3O2/c1-9-5-6-18-8-12(9)19-15(20)14(17)11-7-10(16)3-4-13(11)21-2/h3-8,14H,17H2,1-2H3,(H,19,20)/t14-/m1/s1",YBRJTZIFZNLYKE-CQSZACIVSA-N,350.216,2.79962,77.24,4,2,4,2,2,0.2,21,0,0,0.8890255415426644,661.1170314976608,-1.92,15.468485897049254,6.689288885642162,3.5911823442362616,0,0,0,2,0,6,85.22610000000003,nan,True,True,True,True,True,None,None
LWO,2-(1H-benzotriazol-1-yl)-N-[4-(methylamino)phenyl]-N-[(thiophen-3-yl)methyl]acetamide,C20 H19 N5 O S,non-polymer,CNc1ccc(cc1)N(Cc2ccsc2)C(=O)Cn3c4ccccc4nn3,CNc1ccc(N(Cc2ccsc2)C(=O)Cn2nnc3ccccc32)cc1,False,CNc1ccc(N(Cc2ccsc2)C(=O)Cn2nnc3ccccc32)cc1,"InChI=1S/C20H19N5OS/c1-21-16-6-8-17(9-7-16)24(12-15-10-11-27-14-15)20(26)13-25-19-5-3-2-4-18(19)22-23-25/h2-11,14,21H,12-13H2,1H3",RMLYDSUPMGBCJP-UHFFFAOYSA-N,377.4730000000001,3.767900000000002,63.050000000000004,6,1,6,4,4,0.15,27,0,0,0.555581756705706,1039.8822405110207,-3.1899999999999995,17.235200420548207,7.589676441478821,3.679952908346501,0,0,0,4,0,7,109.02570000000001,nan,True,True,True,True,True,None,None
M26,"N-[(1R)-1-(3-bromophenyl)-2-methoxyethyl]-2-[(3S)-5-fluoro-2-oxo-2,3-dihydro-1H-indol-3-yl]acetamide",C19 H18 Br F N2 O3,non-polymer,COC[C@@H](c1cccc(c1)Br)NC(=O)C[C@H]2c3cc(ccc3NC2=O)F,COC[C@H](NC(=O)C[C@@H]1C(=O)Nc2ccc(F)cc21)c1cccc(Br)c1,False,COC[C@H](NC(=O)C[C@@H]1C(=O)Nc2ccc(F)cc21)c1cccc(Br)c1,"InChI=1S/C19H18BrFN2O3/c1-26-10-17(11-3-2-4-12(20)7-11)22-18(24)9-15-14-8-13(21)5-6-16(14)23-19(15)25/h2-8,15,17H,9-10H2,1H3,(H,22,24)(H,23,25)/t15-,17-/m0/s1",HRBNXNLHEPAYDR-RDJZCZTQSA-N,421.2660000000002,3.517900000000002,67.43,3,2,6,3,2,0.2631578947368421,26,0,0,0.7504358235895514,843.2839877196392,-2.2499999999999996,18.53838721839947,7.96865889212828,4.107227049697102,0,0,1,2,0,7,99.28940000000006,nan,True,True,True,True,True,None,None
R30,N-{4-[(1H-benzotriazol-1-ylacetyl)(thiophen-3-ylmethyl)amino]phenyl}propanamide,C22 H21 N5 O2 S,non-polymer,CCC(=O)Nc1ccc(cc1)N(Cc2ccsc2)C(=O)Cn3c4ccccc4nn3,CCC(=O)Nc1ccc(N(Cc2ccsc2)C(=O)Cn2nnc3ccccc32)cc1,False,CCC(=O)Nc1ccc(N(Cc2ccsc2)C(=O)Cn2nnc3ccccc32)cc1,"InChI=1S/C22H21N5O2S/c1-2-21(28)23-17-7-9-18(10-8-17)26(13-16-11-12-30-15-16)22(29)14-27-20-6-4-3-5-19(20)24-25-27/h3-12,15H,2,13-14H2,1H3,(H,23,28)",TWIVXCFEBRGEKY-UHFFFAOYSA-N,419.51000000000016,4.074700000000003,80.12,6,1,7,4,4,0.18181818181818182,30,0,0,0.4895737274694607,1151.9758199041253,-3.52,19.78162067422846,8.874517602794949,4.38464759542336,0,0,0,4,0,8,118.39970000000004,nan,True,True,True,True,True,None,None
Y6J,~{N}-[4-[2-(benzotriazol-1-yl)ethanoyl-(thiophen-3-ylmethyl)amino]phenyl]cyclopropanecarboxamide,C23 H21 N5 O2 S,non-polymer,c1ccc2c(c1)nnn2CC(=O)N(Cc3ccsc3)c4ccc(cc4)NC(=O)C5CC5,O=C(Nc1ccc(N(Cc2ccsc2)C(=O)Cn2nnc3ccccc32)cc1)C1CC1,False,O=C(Nc1ccc(N(Cc2ccsc2)C(=O)Cn2nnc3ccccc32)cc1)C1CC1,"InChI=1S/C23H21N5O2S/c29-22(14-28-21-4-2-1-3-20(21)25-26-28)27(13-16-11-12-31-15-16)19-9-7-18(8-10-19)24-23(30)17-5-6-17/h1-4,7-12,15,17H,5-6,13-14H2,(H,24,30)",OCKMJWOFMCSMEX-UHFFFAOYSA-N,431.5210000000002,4.074700000000003,80.12,6,1,7,5,4,0.21739130434782608,31,0,0,0.4782601561682982,1212.4991122848369,-3.5199999999999987,19.443893898467632,8.311433148536203,4.3382766439909295,0,0,1,4,1,8,120.83270000000003,nan,True,True,True,True,True,None,None
M0G,(2S)-2-(3-chlorophenyl)-2-hydroxy-N-(4-methylpyridin-3-yl)butanamide,C16 H17 Cl N2 O2,non-polymer,CC[C@](c1cccc(c1)Cl)(C(=O)Nc2cnccc2C)O,CC[C@@](O)(C(=O)Nc1cnccc1C)c1cccc(Cl)c1,False,CC[C@@](O)(C(=O)Nc1cnccc1C)c1cccc(Cl)c1,"InChI=1S/C16H17ClN2O2/c1-3-16(21,12-5-4-6-13(17)9-12)15(20)19-14-10-18-8-7-11(14)2/h4-10,21H,3H2,1-2H3,(H,19,20)/t16-/m0/s1",NJXUEBRIEJJDBY-INIZCTEOSA-N,304.77700000000004,3.2797200000000015,62.22,3,2,4,2,2,0.25,21,0,0,0.9109297029326175,660.2301654361155,-1.9099999999999997,15.478297459837897,6.243602557041062,3.22796420176585,0,0,0,2,0,5,83.24350000000004,nan,True,True,True,True,True,None,None
M0X,2-(1H-benzotriazol-1-yl)-N-[4-(dimethylamino)phenyl]-N-[(thiophen-3-yl)methyl]acetamide,C21 H21 N5 O S,non-polymer,CN(C)c1ccc(cc1)N(Cc2ccsc2)C(=O)Cn3c4ccccc4nn3,CN(C)c1ccc(N(Cc2ccsc2)C(=O)Cn2nnc3ccccc32)cc1,False,CN(C)c1ccc(N(Cc2ccsc2)C(=O)Cn2nnc3ccccc32)cc1,"InChI=1S/C21H21N5OS/c1-24(2)17-7-9-18(10-8-17)25(13-16-11-12-28-15-16)21(27)14-26-20-6-4-3-5-19(20)22-23-26/h3-12,15H,13-14H2,1-2H3",UEXLZKRRYKGPRD-UHFFFAOYSA-N,391.5000000000001,3.792200000000003,54.260000000000005,6,0,6,4,4,0.19047619047619047,28,0,0,0.5017705064918349,1069.8402411821023,-3.1899999999999995,18.1862676072455,7.816738993388654,3.7472324332784757,0,0,0,4,0,7,113.80600000000004,nan,True,True,True,True,True,anil_di_alk_A(478),None
LZX,(2R)-4-[(methanesulfonyl)amino]-2-phenyl-N-(pyridin-3-yl)butanamide,C16 H19 N3 O3 S,non-polymer,CS(=O)(=O)NCC[C@H](c1ccccc1)C(=O)Nc2cccnc2,CS(=O)(=O)NCC[C@@H](C(=O)Nc1cccnc1)c1ccccc1,False,CS(=O)(=O)NCC[C@@H](C(=O)Nc1cccnc1)c1ccccc1,"InChI=1S/C16H19N3O3S/c1-23(21,22)18-11-9-15(13-6-3-2-4-7-13)16(20)19-14-8-5-10-17-12-14/h2-8,10,12,15,18H,9,11H2,1H3,(H,19,20)/t15-/m1/s1",FZUTWGQMCFORPQ-OAHLLOKOSA-N,333.41300000000007,1.7431999999999999,88.16,4,2,7,2,2,0.25,23,0,0,0.8077343535679705,733.680481889876,-2.2499999999999996,17.10936054961025,7.8450497846197305,5.8015121496416295,0,0,0,2,0,7,89.51320000000003,nan,True,True,True,True,True,None,None
LXF,"N-{4-[(2-phenylethyl)sulfamoyl]-1,3-benzothiazol-2-yl}acetamide",C17 H17 N3 O3 S2,non-polymer,CC(=O)Nc1nc2c(s1)cccc2S(=O)(=O)NCCc3ccccc3,CC(=O)Nc1nc2c(S(=O)(=O)NCCc3ccccc3)cccc2s1,False,CC(=O)Nc1nc2c(S(=O)(=O)NCCc3ccccc3)cccc2s1,"InChI=1S/C17H17N3O3S2/c1-12(21)19-17-20-16-14(24-17)8-5-9-15(16)25(22,23)18-11-10-13-6-3-2-4-7-13/h2-9,18H,10-11H2,1H3,(H,19,20,21)",UNUUEHGQHLOCFZ-UHFFFAOYSA-N,375.47500000000014,2.7757000000000014,88.16,5,2,6,3,3,0.17647058823529413,25,0,0,0.6933681663974173,998.4097959429038,-2.289999999999999,17.530378388497176,7.301974649391419,4.2191380166555605,0,0,0,3,0,8,99.2582,nan,True,True,True,True,True,None,None
M9U,"(4S)-6-chloro-N-(4-cyclopropyl-4H-1,2,4-triazol-3-yl)-3,4-dihydro-2H-1-benzopyran-4-carboxamide",C15 H15 Cl N4 O2,non-polymer,c1cc2c(cc1Cl)[C@H](CCO2)C(=O)Nc3nncn3C4CC4,O=C(Nc1nncn1C1CC1)[C@H]1CCOc2ccc(Cl)cc21,False,O=C(Nc1nncn1C1CC1)[C@H]1CCOc2ccc(Cl)cc21,"InChI=1S/C15H15ClN4O2/c16-9-1-4-13-12(7-9)11(5-6-22-13)14(21)18-15-19-17-8-20(15)10-2-3-10/h1,4,7-8,10-11H,2-3,5-6H2,(H,18,19,21)/t11-/m0/s1",MMSFMHOFPDOWCH-NSHDSACASA-N,318.76400000000007,2.7712000000000003,69.03999999999999,5,1,3,4,2,0.4,22,0,0,0.9444613307926376,726.0825685410662,-2.08,13.573828933782886,5.280626557493771,2.432959972805304,0,0,2,2,1,7,81.22770000000003,nan,True,True,True,True,True,None,None
MF0,(2R)-2-(5-chloropyridin-3-yl)-N-(4-methylpyridin-3-yl)propanamide,C14 H14 Cl N3 O,non-polymer,Cc1ccncc1NC(=O)[C@H](C)c2cc(cnc2)Cl,Cc1ccncc1NC(=O)[C@H](C)c1cncc(Cl)c1,False,Cc1ccncc1NC(=O)[C@H](C)c1cncc(Cl)c1,"InChI=1S/C14H14ClN3O/c1-9-3-4-16-8-13(9)18-14(19)10(2)11-5-12(15)7-17-6-11/h3-8,10H,1-2H3,(H,18,19)/t10-/m1/s1",SEFKQYGCOOMXHK-SNVBAGLBSA-N,275.73900000000003,3.180620000000001,54.88,3,1,3,2,2,0.21428571428571427,19,0,0,0.935914505753201,600.7498775885394,-1.94,13.490704100641516,5.800071553729946,3.2908893448859335,0,0,0,2,0,5,75.26570000000002,nan,True,True,True,False,True,None,None
M93,"(4R)-6-chloro-N-[4-(hydroxymethyl)pyridin-3-yl]-3,4-dihydro-2H-1-benzopyran-4-carboxamide",C16 H15 Cl N2 O3,non-polymer,c1cc2c(cc1Cl)[C@@H](CCO2)C(=O)Nc3cnccc3CO,O=C(Nc1cnccc1CO)[C@@H]1CCOc2ccc(Cl)cc21,False,O=C(Nc1cnccc1CO)[C@@H]1CCOc2ccc(Cl)cc21,"InChI=1S/C16H15ClN2O3/c17-11-1-2-15-13(7-11)12(4-6-22-15)16(21)19-14-8-18-5-3-10(14)9-20/h1-3,5,7-8,12,20H,4,6,9H2,(H,19,21)/t12-/m1/s1",XLONNNGKPLHXDC-GFCCVEGCSA-N,318.76000000000005,2.7321000000000004,71.45,4,2,3,3,2,0.25,22,0,0,0.9125097856957735,705.5403160150781,-2.11,14.811777373933083,6.336024128684361,2.9083650629047497,0,0,1,2,0,6,83.09450000000004,nan,True,True,True,True,True,None,None
860,2-(3-chlorophenyl)-N-(isoquinolin-4-yl)acetamide,C17 H13 Cl N2 O,non-polymer,c1ccc2c(c1)cncc2NC(=O)Cc3cccc(c3)Cl,O=C(Cc1cccc(Cl)c1)Nc1cncc2ccccc12,False,O=C(Cc1cccc(Cl)c1)Nc1cncc2ccccc12,"InChI=1S/C17H13ClN2O/c18-14-6-3-4-12(8-14)9-17(21)20-16-11-19-10-13-5-1-2-7-15(13)16/h1-8,10-11H,9H2,(H,20,21)",VFGOVUIYBMUVAD-UHFFFAOYSA-N,296.75699999999995,4.069400000000002,41.99,2,1,3,3,3,0.058823529411764705,21,0,0,0.7914090985550767,796.1569169304881,-2.3899999999999997,13.586547188480598,5.935576480140485,3.201589922823539,0,0,0,3,0,4,85.52870000000003,nan,True,True,True,True,True,None,None
M7X,2-(3-chlorophenyl)-N-(5-methylpyridin-3-yl)acetamide,C14 H13 Cl N2 O,non-polymer,Cc1cc(cnc1)NC(=O)Cc2cccc(c2)Cl,Cc1cncc(NC(=O)Cc2cccc(Cl)c2)c1,False,Cc1cncc(NC(=O)Cc2cccc(Cl)c2)c1,"InChI=1S/C14H13ClN2O/c1-10-5-13(9-16-8-10)17-14(18)7-11-3-2-4-12(15)6-11/h2-6,8-9H,7H2,1H3,(H,17,18)",BMYRQBMWNFDONV-UHFFFAOYSA-N,260.724,3.2246200000000016,41.99,2,1,3,2,2,0.14285714285714285,18,0,0,0.9206778468684544,519.7253791161851,-1.8699999999999997,12.583385378594171,5.646404487577404,3.5677366896858986,0,0,0,2,0,4,72.75970000000002,nan,True,True,True,False,True,None,None
M5X,"(3S)-3-hydroxy-2-oxo-2,3-dihydro-1H-indole-5-sulfonamide",C8 H8 N2 O4 S,non-polymer,c1cc2c(cc1S(=O)(=O)N)[C@@H](C(=O)N2)O,NS(=O)(=O)c1ccc2c(c1)[C@H](O)C(=O)N2,False,NS(=O)(=O)c1ccc2c(c1)[C@H](O)C(=O)N2,"InChI=1S/C8H8N2O4S/c9-15(13,14)4-1-2-6-5(3-4)7(11)8(12)10-6/h1-3,7,11H,(H,10,12)(H2,9,13,14)/t7-/m0/s1",KJMQFACDQCJBET-ZETCQYMHSA-N,228.22899999999998,-0.6804999999999998,109.49,4,3,1,2,1,0.125,15,0,0,0.5910854461020458,537.5726930256366,-1.44,10.09058205530733,3.0238116458790336,1.6029080734855465,0,0,1,1,0,7,51.404700000000005,nan,True,True,True,False,True,None,None
M6U,N-(4-ethylpyridin-3-yl)-2-[6-(trifluoromethyl)pyridin-2-yl]acetamide,C15 H14 F3 N3 O,non-polymer,CCc1ccncc1NC(=O)Cc2cccc(n2)C(F)(F)F,CCc1ccncc1NC(=O)Cc1cccc(C(F)(F)F)n1,False,CCc1ccncc1NC(=O)Cc1cccc(C(F)(F)F)n1,"InChI=1S/C15H14F3N3O/c1-2-10-6-7-19-9-12(10)21-14(22)8-11-4-3-5-13(20-11)15(16,17)18/h3-7,9H,2,8H2,1H3,(H,21,22)",WFXWGHHTPVLTRG-UHFFFAOYSA-N,309.29099999999994,3.2390000000000017,54.88,3,1,4,2,2,0.26666666666666666,22,0,0,0.9430531222388363,671.0774025576558,-2.4399999999999995,15.939642386712897,6.549650645186691,4.031788194444446,0,0,0,2,0,7,75.18770000000002,nan,True,True,True,True,True,None,None
M6I,N-(3-chlorophenyl)-N'-(pyridin-3-yl)urea,C12 H10 Cl N3 O,non-polymer,c1cc(cc(c1)Cl)NC(=O)Nc2cccnc2,O=C(Nc1cccnc1)Nc1cccc(Cl)c1,False,O=C(Nc1cccnc1)Nc1cccc(Cl)c1,"InChI=1S/C12H10ClN3O/c13-9-3-1-4-10(7-9)15-12(17)16-11-5-2-6-14-8-11/h1-8H,(H2,15,16,17)",QGLBBAUVPATXPV-UHFFFAOYSA-N,247.68500000000003,3.3790000000000004,54.02,2,2,2,2,2,0.0,17,0,0,0.8548233031613844,516.1690076839118,-2.07,11.41643449113727,5.316302805817129,3.4621557914861376,0,0,0,2,0,5,68.33040000000003,nan,True,True,True,False,True,None,None
M5I,N-(3-chlorophenyl)-2-(4-methylpyridin-3-yl)acetamide,C14 H13 Cl N2 O,non-polymer,Cc1ccncc1CC(=O)Nc2cccc(c2)Cl,Cc1ccncc1CC(=O)Nc1cccc(Cl)c1,False,Cc1ccncc1CC(=O)Nc1cccc(Cl)c1,"InChI=1S/C14H13ClN2O/c1-10-5-6-16-9-11(10)7-14(18)17-13-4-2-3-12(15)8-13/h2-6,8-9H,7H2,1H3,(H,17,18)",VKQLRXLEZSWDDW-UHFFFAOYSA-N,260.72400000000005,3.2246200000000016,41.99,2,1,3,2,2,0.14285714285714285,18,0,0,0.9206778468684546,569.2253791161851,-1.8699999999999997,12.583385378594171,5.646404487577404,3.3095734697540298,0,0,0,2,0,4,72.75970000000002,nan,True,True,True,False,True,None,None
M50,2-(3-chlorophenyl)-N-(5-methylpyridazin-4-yl)acetamide,C13 H12 Cl N3 O,non-polymer,Cc1cnncc1NC(=O)Cc2cccc(c2)Cl,Cc1cnncc1NC(=O)Cc1cccc(Cl)c1,False,Cc1cnncc1NC(=O)Cc1cccc(Cl)c1,"InChI=1S/C13H12ClN3O/c1-9-7-15-16-8-12(9)17-13(18)6-10-3-2-4-11(14)5-10/h2-5,7-8H,6H2,1H3,(H,15,17,18)",VUGOQWLHGHMVIW-UHFFFAOYSA-N,261.712,2.619620000000001,54.88,3,1,3,2,2,0.15384615384615385,18,0,0,0.9240599028959203,571.6677441869939,-1.9399999999999995,12.515189531740264,5.598568642156027,3.2750360890829238,0,0,0,2,0,5,70.55470000000004,nan,True,True,True,False,True,None,None
MJR,2-(3-chlorophenyl)-N-(3-methyl-1H-pyrazol-4-yl)acetamide,C12 H12 Cl N3 O,non-polymer,Cc1c(c[nH]n1)NC(=O)Cc2cccc(c2)Cl,Cc1n[nH]cc1NC(=O)Cc1cccc(Cl)c1,False,Cc1n[nH]cc1NC(=O)Cc1cccc(Cl)c1,"InChI=1S/C12H12ClN3O/c1-8-11(7-14-16-8)15-12(17)6-9-3-2-4-10(13)5-9/h2-5,7H,6H2,1H3,(H,14,16)(H,15,17)",YSMRCXUJRFLNNU-UHFFFAOYSA-N,249.701,2.5527200000000008,57.78,2,2,3,2,2,0.16666666666666666,17,0,0,0.8783845821451579,536.0519406174063,-1.8099999999999996,11.668871767129149,5.013688895992475,3.074105796612735,0,0,0,2,0,5,67.11040000000001,nan,True,True,True,False,True,None,None
MKI,2-(3-chlorophenyl)-N-methyl-N-(4-methylpyridin-3-yl)acetamide,C15 H15 Cl N2 O,non-polymer,Cc1ccncc1N(C)C(=O)Cc2cccc(c2)Cl,Cc1ccncc1N(C)C(=O)Cc1cccc(Cl)c1,False,Cc1ccncc1N(C)C(=O)Cc1cccc(Cl)c1,"InChI=1S/C15H15ClN2O/c1-11-6-7-17-10-14(11)18(2)15(19)9-12-4-3-5-13(16)8-12/h3-8,10H,9H2,1-2H3",KTTFDHLIVPVQIE-UHFFFAOYSA-N,274.751,3.248920000000002,33.2,2,0,3,2,2,0.2,19,0,0,0.8607599531250829,598.2043750653816,-1.8699999999999997,13.559088318143553,5.846921273207415,3.3232303824392053,0,0,0,2,0,4,77.54000000000003,nan,True,True,True,False,True,None,None
MVR,N-[(1-methyl-1H-pyrazol-3-yl)methyl]-2-(pyridin-3-yl)-N-[4-(pyridin-2-yl)phenyl]acetamide,C23 H21 N5 O,non-polymer,Cn1ccc(n1)CN(c2ccc(cc2)c3ccccn3)C(=O)Cc4cccnc4,Cn1ccc(CN(C(=O)Cc2cccnc2)c2ccc(-c3ccccn3)cc2)n1,False,Cn1ccc(CN(C(=O)Cc2cccnc2)c2ccc(-c3ccccn3)cc2)n1,"InChI=1S/C23H21N5O/c1-27-14-11-20(26-27)17-28(23(29)15-18-5-4-12-24-16-18)21-9-7-19(8-10-21)22-6-2-3-13-25-22/h2-14,16H,15,17H2,1H3",SMTCZNNYBUKPMF-UHFFFAOYSA-N,383.4550000000002,3.6530000000000022,63.910000000000004,5,0,6,4,4,0.13043478260869565,29,0,0,0.5097812143606993,1075.2332863988643,-3.799999999999999,18.55808057944772,8.476551436901293,4.549685668945314,0,0,0,4,0,6,112.01200000000003,nan,True,True,True,True,True,None,None
MQ3,(2R)-2-cyclohexyl-N-(4-methylpyridin-3-yl)propanamide,C15 H22 N2 O,non-polymer,Cc1ccncc1NC(=O)[C@H](C)C2CCCCC2,Cc1ccncc1NC(=O)[C@H](C)C1CCCCC1,False,Cc1ccncc1NC(=O)[C@H](C)C1CCCCC1,"InChI=1S/C15H22N2O/c1-11-8-9-16-10-14(11)17-15(18)12(2)13-6-4-3-5-7-13/h8-10,12-13H,3-7H2,1-2H3,(H,17,18)/t12-/m1/s1",KMBBZQXTAKMYIS-GFCCVEGCSA-N,246.35399999999993,3.544920000000002,41.99,2,1,3,2,1,0.6,18,0,0,0.8858834399876856,410.70955788651935,-1.3800000000000001,13.061145587062482,5.984336255458821,3.0912311379658894,0,0,1,1,1,3,73.34270000000004,nan,True,True,True,False,True,None,None
MU3,"(4R)-N-(4-cyclopropyl-4H-1,2,4-triazol-3-yl)-3,4-dihydro-2H-1-benzopyran-4-carboxamide",C15 H16 N4 O2,non-polymer,c1ccc2c(c1)[C@@H](CCO2)C(=O)Nc3nncn3C4CC4,O=C(Nc1nncn1C1CC1)[C@@H]1CCOc2ccccc21,False,O=C(Nc1nncn1C1CC1)[C@@H]1CCOc2ccccc21,"InChI=1S/C15H16N4O2/c20-14(17-15-18-16-9-19(15)10-5-6-10)12-7-8-21-13-4-2-1-3-11(12)13/h1-4,9-10,12H,5-8H2,(H,17,18,20)/t12-/m1/s1",BMUGFKLSYMKHTP-GFCCVEGCSA-N,284.3190000000001,2.1178,69.03999999999999,5,1,3,4,2,0.4,21,0,0,0.9369687341938886,677.8180704763057,-2.3699999999999997,12.376687929578468,4.873471457890889,2.2625586321204043,0,0,2,2,1,6,76.21770000000002,nan,True,True,True,True,True,None,None
MVX,"(3S)-5-chloro-N-(4-cyclopropyl-4H-1,2,4-triazol-3-yl)-2,3-dihydro-1-benzofuran-3-carboxamide",C14 H13 Cl N4 O2,non-polymer,c1cc2c(cc1Cl)[C@@H](CO2)C(=O)Nc3nncn3C4CC4,O=C(Nc1nncn1C1CC1)[C@@H]1COc2ccc(Cl)cc21,False,O=C(Nc1nncn1C1CC1)[C@@H]1COc2ccc(Cl)cc21,"InChI=1S/C14H13ClN4O2/c15-8-1-4-12-10(5-8)11(6-21-12)13(20)17-14-18-16-7-19(14)9-2-3-9/h1,4-5,7,9,11H,2-3,6H2,(H,17,18,20)/t11-/m1/s1",UWYNTVRTJWFJEK-LLVKDONJSA-N,304.7370000000001,2.3811,69.03999999999999,5,1,3,4,2,0.35714285714285715,21,0,0,0.9449966837125988,710.7496122410835,-2.08,12.644918749001015,4.733899892076083,2.2508400647356464,0,0,2,2,1,7,76.61070000000002,nan,True,True,True,True,True,None,None
MZF,"(3R)-5-bromo-3-hydroxy-1-[(1,2,4-oxadiazol-3-yl)methyl]-1,3-dihydro-2H-indol-2-one",C11 H8 Br N3 O3,non-polymer,c1cc2c(cc1Br)[C@H](C(=O)N2Cc3ncon3)O,O=C1[C@H](O)c2cc(Br)ccc2N1Cc1ncon1,False,O=C1[C@H](O)c2cc(Br)ccc2N1Cc1ncon1,"InChI=1S/C11H8BrN3O3/c12-6-1-2-8-7(3-6)10(16)11(17)15(8)4-9-13-5-18-14-9/h1-3,5,10,16H,4H2/t10-/m1/s1",LYOFEJVGYOXWIE-SNVBAGLBSA-N,310.10699999999997,1.4122999999999999,79.46000000000001,5,1,2,3,2,0.18181818181818182,18,0,0,0.9070866550218196,599.5858354736489,-1.73,11.365499634653702,4.181351787910731,1.715729799727965,0,0,1,2,0,7,64.58980000000001,nan,True,True,True,False,True,None,None
MWN,"methyl (3R)-5-bromo-3-hydroxy-2-oxo-2,3-dihydro-1H-indole-7-carboxylate",C10 H8 Br N O4,non-polymer,COC(=O)c1cc(cc2c1NC(=O)[C@@H]2O)Br,COC(=O)c1cc(Br)cc2c1NC(=O)[C@@H]2O,False,COC(=O)c1cc(Br)cc2c1NC(=O)[C@@H]2O,"InChI=1S/C10H8BrNO4/c1-16-10(15)6-3-4(11)2-5-7(6)12-9(14)8(5)13/h2-3,8,13H,1H3,(H,12,14)/t8-/m1/s1",CLECANRFNXEJLT-MRVPVSSYSA-N,286.081,1.2211999999999998,75.63,4,2,1,2,1,0.2,16,0,0,0.7610893025664481,485.9525279615297,-1.4000000000000001,11.09638395792242,3.8766446423441536,1.5953329067710489,0,0,1,1,0,6,59.07100000000001,nan,True,True,True,False,True,None,None
N00,(2R)-2-(6-chloro-1-methyl-9H-carbazol-2-yl)propanoic acid,C16 H14 Cl N O2,non-polymer,Cc1c(ccc2c1[nH]c3c2cc(cc3)Cl)[C@@H](C)C(=O)O,Cc1c([C@@H](C)C(=O)O)ccc2c1[nH]c1ccc(Cl)cc12,False,Cc1c([C@@H](C)C(=O)O)ccc2c1[nH]c1ccc(Cl)cc12,"InChI=1S/C16H14ClNO2/c1-8-11(9(2)16(19)20)4-5-12-13-7-10(17)3-6-14(13)18-15(8)12/h3-7,9,18H,1-2H3,(H,19,20)/t9-/m1/s1",ISYVWNKBJIDJSU-SECBINFHSA-N,287.74600000000004,4.471020000000002,53.09,1,2,2,3,3,0.1875,20,0,0,0.7303829875743815,835.2208271171121,-1.9999999999999991,13.005,4.528616024973985,1.859504132231405,0,0,0,3,0,4,81.60250000000005,nan,True,True,True,True,True,None,None
MX9,"(3-methylphenyl)methyl (3R)-3-hydroxy-2-oxo-2,3-dihydro-1H-indole-7-carboxylate",C17 H15 N O4,non-polymer,Cc1cccc(c1)COC(=O)c2cccc3c2NC(=O)[C@@H]3O,Cc1cccc(COC(=O)c2cccc3c2NC(=O)[C@@H]3O)c1,False,Cc1cccc(COC(=O)c2cccc3c2NC(=O)[C@@H]3O)c1,"InChI=1S/C17H15NO4/c1-10-4-2-5-11(8-10)9-22-17(21)13-7-3-6-12-14(13)18-16(20)15(12)19/h2-8,15,19H,9H2,1H3,(H,18,20)/t15-/m1/s1",BWTXNZHOZOMCDB-OAHLLOKOSA-N,297.31,2.33752,75.63,4,2,3,3,2,0.17647058823529413,22,0,0,0.8526368479626776,754.0741994553595,-2.6599999999999997,14.284541405318805,5.614350648689528,2.582566362815447,0,0,1,2,0,5,80.33000000000003,nan,True,True,True,True,True,None,None
N0F,(3R)-3-(4-hydroxypiperidin-1-yl)-N-(4-methylpyridin-3-yl)-3-(thiophen-3-yl)propanamide,C18 H23 N3 O2 S,non-polymer,Cc1ccncc1NC(=O)C[C@H](c2ccsc2)N3CCC(CC3)O,Cc1ccncc1NC(=O)C[C@H](c1ccsc1)N1CCC(O)CC1,False,Cc1ccncc1NC(=O)C[C@H](c1ccsc1)N1CCC(O)CC1,"InChI=1S/C18H23N3O2S/c1-13-2-6-19-11-16(13)20-18(23)10-17(14-5-9-24-12-14)21-7-3-15(22)4-8-21/h2,5-6,9,11-12,15,17,22H,3-4,7-8,10H2,1H3,(H,20,23)/t17-/m1/s1",ASXLXOCGCKXODB-QGZVFWFLSA-N,345.4680000000002,2.978120000000002,65.46000000000001,5,2,5,3,2,0.4444444444444444,24,0,0,0.8742795611030659,666.6632135234256,-1.7600000000000002,17.075702382119395,7.875053239322808,4.199260574494947,0,0,1,2,1,6,96.09450000000005,nan,True,True,True,True,True,None,None
N0O,"(3S)-5-chloro-N-(4-phenyl-4H-1,2,4-triazol-3-yl)-2,3-dihydro-1-benzofuran-3-carboxamide",C17 H13 Cl N4 O2,non-polymer,c1ccc(cc1)n2cnnc2NC(=O)[C@@H]3COc4c3cc(cc4)Cl,O=C(Nc1nncn1-c1ccccc1)[C@@H]1COc2ccc(Cl)cc21,False,O=C(Nc1nncn1-c1ccccc1)[C@@H]1COc2ccc(Cl)cc21,"InChI=1S/C17H13ClN4O2/c18-11-6-7-15-13(8-11)14(9-24-15)16(23)20-17-21-19-10-22(17)12-4-2-1-3-5-12/h1-8,10,14H,9H2,(H,20,21,23)/t14-/m1/s1",MRZHVMLGHCTVMT-CQSZACIVSA-N,340.77,3.035400000000001,69.04,5,1,3,4,3,0.11764705882352941,24,0,0,0.7953293500318735,894.6160173045776,-2.8599999999999994,14.714631276130884,5.975026266184956,2.60823185406824,0,0,1,3,0,7,89.67670000000001,nan,True,True,True,True,True,None,None
N0X,"(4R)-N-(4-cyclopropyl-4H-1,2,4-triazol-3-yl)-4-methyl-3,4-dihydro-2H-1-benzopyran-4-carboxamide",C16 H18 N4 O2,non-polymer,C[C@]1(CCOc2c1cccc2)C(=O)Nc3nncn3C4CC4,C[C@@]1(C(=O)Nc2nncn2C2CC2)CCOc2ccccc21,False,C[C@@]1(C(=O)Nc2nncn2C2CC2)CCOc2ccccc21,"InChI=1S/C16H18N4O2/c1-16(8-9-22-13-5-3-2-4-12(13)16)14(21)18-15-19-17-10-20(15)11-6-7-11/h2-5,10-11H,6-9H2,1H3,(H,18,19,21)/t16-/m1/s1",UPRDTUXXNWJLMA-MRXNPFEDSA-N,298.3460000000001,2.2919,69.03999999999999,5,1,3,4,2,0.4375,22,0,0,0.9436524183535354,722.4408149773575,-2.37,13.303836579109182,4.828502897967865,2.0617132955207937,0,0,2,2,1,6,80.82870000000003,nan,True,True,True,True,True,None,None
N1U,"(3S)-5-bromo-1-[(3,4-dimethoxyphenyl)methyl]-3-hydroxy-7-methyl-1,3-dihydro-2H-indol-2-one",C18 H18 Br N O4,non-polymer,Cc1cc(cc2c1N(C(=O)[C@H]2O)Cc3ccc(c(c3)OC)OC)Br,COc1ccc(CN2C(=O)[C@@H](O)c3cc(Br)cc(C)c32)cc1OC,False,COc1ccc(CN2C(=O)[C@@H](O)c3cc(Br)cc(C)c32)cc1OC,"InChI=1S/C18H18BrNO4/c1-10-6-12(19)8-13-16(10)20(18(22)17(13)21)9-11-4-5-14(23-2)15(7-11)24-3/h4-8,17,21H,9H2,1-3H3/t17-/m0/s1",QMCANAKFKPPQKX-KRWDZBQOSA-N,392.2490000000001,3.3549200000000017,59.000000000000014,4,1,4,3,2,0.2777777777777778,24,0,0,0.8672709826318792,805.8460367858767,-2.05,16.795446105970598,6.451668404386403,2.7597703977711023,0,0,1,2,0,6,94.57480000000004,nan,True,True,True,True,True,None,None
N2X,"(3S)-5-bromo-1-[(2-ethoxyphenyl)methyl]-3-hydroxy-1,3-dihydro-2H-indol-2-one",C17 H16 Br N O3,non-polymer,CCOc1ccccc1CN2c3ccc(cc3[C@@H](C2=O)O)Br,CCOc1ccccc1CN1C(=O)[C@@H](O)c2cc(Br)ccc21,False,CCOc1ccccc1CN1C(=O)[C@@H](O)c2cc(Br)ccc21,"InChI=1S/C17H16BrNO3/c1-2-22-15-6-4-3-5-11(15)10-19-14-8-7-12(18)9-13(14)16(20)17(19)21/h3-9,16,20H,2,10H2,1H3/t16-/m0/s1",DDTMARFKTVIEHP-INIZCTEOSA-N,362.22299999999996,3.428000000000002,49.769999999999996,3,1,4,3,2,0.23529411764705882,22,0,0,0.9068243909805009,716.800280160323,-1.8499999999999996,15.061393179073523,6.103234860889733,2.6187218316206953,0,0,1,2,0,5,87.90280000000004,nan,True,True,True,True,True,None,None
N3R,"5-fluoro-N-[2-(2-methoxyphenoxy)ethyl]-2-oxo-1,2-dihydroquinoline-4-carboxamide",C19 H17 F N2 O4,non-polymer,COc1ccccc1OCCNC(=O)C2=CC(=O)Nc3c2c(ccc3)F,COc1ccccc1OCCNC(=O)c1cc(=O)[nH]c2cccc(F)c12,False,COc1ccccc1OCCNC(=O)c1cc(=O)[nH]c2cccc(F)c12,"InChI=1S/C19H17FN2O4/c1-25-15-7-2-3-8-16(15)26-10-9-21-19(24)12-11-17(23)22-14-6-4-5-13(20)18(12)14/h2-8,11H,9-10H2,1H3,(H,21,24)(H,22,23)",HLMOMNRZAYBAJZ-UHFFFAOYSA-N,356.353,2.4846000000000004,80.41999999999999,4,2,6,3,3,0.15789473684210525,26,0,0,0.6651882940157762,1000.2408339689653,-3.3499999999999996,17.47230332155244,7.689383736353432,3.663885298952657,0,0,0,3,0,7,95.34890000000001,nan,True,True,True,True,True,None,Aliphatic_long_chain
N3I,2-(3-chloro-5-methoxyphenyl)-N-(4-methylpyridin-3-yl)acetamide,C15 H15 Cl N2 O2,non-polymer,Cc1ccncc1NC(=O)Cc2cc(cc(c2)Cl)OC,COc1cc(Cl)cc(CC(=O)Nc2cnccc2C)c1,False,COc1cc(Cl)cc(CC(=O)Nc2cnccc2C)c1,"InChI=1S/C15H15ClN2O2/c1-10-3-4-17-9-14(10)18-15(19)7-11-5-12(16)8-13(6-11)20-2/h3-6,8-9H,7H2,1-2H3,(H,18,19)",WXCJKPMYIYFEDR-UHFFFAOYSA-N,290.75000000000006,3.233220000000001,51.22,3,1,4,2,2,0.2,20,0,0,0.9403386817824912,629.0206203254761,-2.07,14.34144718398392,6.389744254942517,3.7117229418576976,0,0,0,2,0,5,79.31170000000003,nan,True,True,True,True,True,None,None
N4L,"N-[2-(2-methoxyphenoxy)ethyl]-5-methyl-2-oxo-1,2-dihydroquinoline-4-carboxamide",C20 H20 N2 O4,non-polymer,Cc1cccc2c1C(=CC(=O)N2)C(=O)NCCOc3ccccc3OC,COc1ccccc1OCCNC(=O)c1cc(=O)[nH]c2cccc(C)c12,False,COc1ccccc1OCCNC(=O)c1cc(=O)[nH]c2cccc(C)c12,"InChI=1S/C20H20N2O4/c1-13-6-5-7-15-19(13)14(12-18(23)22-15)20(24)21-10-11-26-17-9-4-3-8-16(17)25-2/h3-9,12H,10-11H2,1-2H3,(H,21,24)(H,22,23)",FVKXXNFROYGAEF-UHFFFAOYSA-N,352.3900000000001,2.6539200000000003,80.42,4,2,6,3,3,0.2,26,0,0,0.6685378911705121,994.5128948266464,-3.2799999999999994,17.540058440946364,7.735348595213319,3.6914577664665043,0,0,0,3,0,6,100.12790000000003,nan,True,True,True,True,True,None,Aliphatic_long_chain
N5L,N-(5-amino-4-methylpyridin-3-yl)-2-(3-chlorophenyl)acetamide,C14 H14 Cl N3 O,non-polymer,Cc1c(cncc1NC(=O)Cc2cccc(c2)Cl)N,Cc1c(N)cncc1NC(=O)Cc1cccc(Cl)c1,False,Cc1c(N)cncc1NC(=O)Cc1cccc(Cl)c1,"InChI=1S/C14H14ClN3O/c1-9-12(16)7-17-8-13(9)18-14(19)6-10-3-2-4-11(15)5-10/h2-5,7-8H,6,16H2,1H3,(H,18,19)",YFDTZFVQPPSTPK-UHFFFAOYSA-N,275.73900000000003,2.806820000000001,68.01,3,2,3,2,2,0.14285714285714285,19,0,0,0.9049825268827963,613.3901139421383,-2.07,13.363737323277082,5.713350058865184,3.450679112159355,0,0,0,2,0,5,77.17210000000001,nan,True,True,True,False,True,None,None
N43,"5-methoxy-N-[2-(2-methoxyphenoxy)ethyl]-2-oxo-1,2-dihydroquinoline-4-carboxamide",C20 H20 N2 O5,non-polymer,COc1ccccc1OCCNC(=O)C2=CC(=O)Nc3c2c(ccc3)OC,COc1ccccc1OCCNC(=O)c1cc(=O)[nH]c2cccc(OC)c12,False,COc1ccccc1OCCNC(=O)c1cc(=O)[nH]c2cccc(OC)c12,"InChI=1S/C20H20N2O5/c1-25-15-7-3-4-8-16(15)27-11-10-21-20(24)13-12-18(23)22-14-6-5-9-17(26-2)19(13)14/h3-9,12H,10-11H2,1-2H3,(H,21,24)(H,22,23)",NXFNSWGPJUOQPY-UHFFFAOYSA-N,368.38900000000007,2.3541,89.64999999999999,5,2,7,3,3,0.2,27,0,0,0.6250707605704559,1012.6698585788242,-3.48,18.31524572282112,8.266220883045207,4.027926291773171,0,0,0,3,0,7,101.94290000000001,nan,True,True,True,True,True,None,Aliphatic_long_chain
N6X,N-(5-amino-4-methylpyridin-3-yl)-2-(3-cyanophenyl)acetamide,C15 H14 N4 O,non-polymer,Cc1c(cncc1NC(=O)Cc2cccc(c2)C#N)N,Cc1c(N)cncc1NC(=O)Cc1cccc(C#N)c1,False,Cc1c(N)cncc1NC(=O)Cc1cccc(C#N)c1,"InChI=1S/C15H14N4O/c1-10-13(17)8-18-9-14(10)19-15(20)6-11-3-2-4-12(5-11)7-16/h2-5,8-9H,6,17H2,1H3,(H,19,20)",MDGSUONMRGWOAQ-UHFFFAOYSA-N,266.304,2.0251,91.8,4,2,3,2,2,0.13333333333333333,20,0,0,0.8886053847209995,688.5131358665136,-2.87,13.559088318143553,5.846921273207415,3.117202460403297,0,0,0,2,0,5,76.87710000000001,nan,True,True,True,True,True,None,None
N9I,"2-(4-methylpyridin-3-yl)-N-(1,2,3,4-tetrahydroisoquinolin-8-yl)acetamide",C17 H19 N3 O,non-polymer,Cc1ccncc1CC(=O)Nc2cccc3c2CNCC3,Cc1ccncc1CC(=O)Nc1cccc2c1CNCC2,False,Cc1ccncc1CC(=O)Nc1cccc2c1CNCC2,"InChI=1S/C17H19N3O/c1-12-5-7-18-10-14(12)9-17(21)20-16-4-2-3-13-6-8-19-11-15(13)16/h2-5,7,10,19H,6,8-9,11H2,1H3,(H,20,21)",IICDEQKQIDLVOQ-UHFFFAOYSA-N,281.3590000000001,2.21692,54.02,3,2,3,3,2,0.29411764705882354,21,0,0,0.9067340497379384,666.8348384631882,-2.1999999999999997,13.768010355029586,6.0569444444444445,3.1099297332101576,0,0,1,2,0,4,83.16040000000004,nan,True,True,True,True,True,None,None
N8X,"2-(3,5-dimethylphenyl)-N-(4-methyl-4H-1,2,4-triazol-3-yl)acetamide",C13 H16 N4 O,non-polymer,Cc1cc(cc(c1)CC(=O)Nc2nncn2C)C,Cc1cc(C)cc(CC(=O)Nc2nncn2C)c1,False,Cc1cc(C)cc(CC(=O)Nc2nncn2C)c1,"InChI=1S/C13H16N4O/c1-9-4-10(2)6-11(5-9)7-12(18)15-13-16-14-8-17(13)3/h4-6,8H,7H2,1-3H3,(H,15,16,18)",UDMVRKGFUBDAMY-UHFFFAOYSA-N,244.298,1.6131399999999998,59.81,4,1,3,2,2,0.3076923076923077,18,0,0,0.8919938754714479,553.8702629249453,-2.17,12.29121979644052,4.995022243690402,2.9393349605149797,0,0,0,2,0,5,69.25270000000002,nan,True,True,True,False,True,None,None
N7L,"(1R,2R)-2-(fluoromethyl)-N-(4-methylpyridin-3-yl)cyclopropane-1-carboxamide",C11 H13 F N2 O,non-polymer,Cc1ccncc1NC(=O)[C@@H]2C[C@H]2CF,Cc1ccncc1NC(=O)[C@@H]1C[C@H]1CF,False,Cc1ccncc1NC(=O)[C@@H]1C[C@H]1CF,"InChI=1S/C11H13FN2O/c1-7-2-3-13-6-10(7)14-11(15)9-4-8(9)5-12/h2-3,6,8-9H,4-5H2,1H3,(H,14,15)/t8-,9+/m0/s1",TYFFVSFZMUBUOV-DTWKUNHWSA-N,208.23599999999996,1.9341199999999998,41.99,2,1,3,2,1,0.45454545454545453,15,0,0,0.824278469638263,380.6056003241694,-1.4500000000000002,10.080933739563774,3.96446001385263,2.1397687279077515,0,0,1,1,1,4,55.17570000000002,nan,True,True,True,False,True,None,None
NB0,4-[4-(2-fluorophenyl)piperazine-1-carbonyl]quinolin-2(1H)-one,C20 H18 F N3 O2,non-polymer,c1ccc2c(c1)C(=CC(=O)N2)C(=O)N3CCN(CC3)c4ccccc4F,O=C(c1cc(=O)[nH]c2ccccc12)N1CCN(c2ccccc2F)CC1,False,O=C(c1cc(=O)[nH]c2ccccc12)N1CCN(c2ccccc2F)CC1,"InChI=1S/C20H18FN3O2/c21-16-6-2-4-8-18(16)23-9-11-24(12-10-23)20(26)15-13-19(25)22-17-7-3-1-5-14(15)17/h1-8,13H,9-12H2,(H,22,25)",ONQQLMKVMVPYKH-UHFFFAOYSA-N,351.38100000000003,2.629600000000001,56.410000000000004,3,1,2,4,3,0.2,26,0,0,0.7721986872385574,1022.7400718639685,-3.149999999999999,16.32555642020435,6.630278824323924,2.9412849329021555,0,0,1,3,1,6,99.08520000000003,nan,True,True,True,True,True,None,None
N6F,(2S)-N-(4-acetamidopyridin-3-yl)-2-(3-chlorophenyl)propanamide,C16 H16 Cl N3 O2,non-polymer,C[C@@H](c1cccc(c1)Cl)C(=O)Nc2cnccc2NC(=O)C,CC(=O)Nc1ccncc1NC(=O)[C@@H](C)c1cccc(Cl)c1,False,CC(=O)Nc1ccncc1NC(=O)[C@@H](C)c1cccc(Cl)c1,"InChI=1S/C16H16ClN3O2/c1-10(12-4-3-5-13(17)8-12)16(22)20-15-9-18-7-6-14(15)19-11(2)21/h3-10H,1-2H3,(H,20,22)(H,18,19,21)/t10-/m0/s1",YRFAWMIACMUIGK-JTQLQIEISA-N,317.77600000000007,3.435600000000001,71.09,3,2,4,2,2,0.1875,22,0,0,0.907096247719159,703.2952035172416,-2.4,15.97892355547177,7.043786982248522,4.051134351298073,0,0,0,2,0,6,87.03740000000003,nan,True,True,True,True,True,None,None
NB6,2-(3-bromophenyl)-N-(4-methylpyridin-3-yl)acetamide,C14 H13 Br N2 O,non-polymer,Cc1ccncc1NC(=O)Cc2cccc(c2)Br,Cc1ccncc1NC(=O)Cc1cccc(Br)c1,False,Cc1ccncc1NC(=O)Cc1cccc(Br)c1,"InChI=1S/C14H13BrN2O/c1-10-5-6-16-9-13(10)17-14(18)8-11-3-2-4-12(15)7-11/h2-7,9H,8H2,1H3,(H,17,18)",ZTLMWKAKNVXEJW-UHFFFAOYSA-N,305.17499999999995,3.3337200000000013,41.99,2,1,3,2,2,0.14285714285714285,18,0,0,0.9447912826491959,569.2253791161851,-1.6799999999999997,12.768559648832733,5.776805015755143,3.4040041244273715,0,0,0,2,0,4,75.44970000000002,nan,True,True,True,False,True,None,None
NDI,2-(4-acetylpiperazin-1-yl)-N-(4-methylpyridin-3-yl)acetamide,C14 H20 N4 O2,non-polymer,Cc1ccncc1NC(=O)CN2CCN(CC2)C(=O)C,CC(=O)N1CCN(CC(=O)Nc2cnccc2C)CC1,False,CC(=O)N1CCN(CC(=O)Nc2cnccc2C)CC1,"InChI=1S/C14H20N4O2/c1-11-3-4-15-9-13(11)16-14(20)10-17-5-7-18(8-6-17)12(2)19/h3-4,9H,5-8,10H2,1-2H3,(H,16,20)",YHXAYSKGSZLMHI-UHFFFAOYSA-N,276.34,0.4926199999999994,65.54,4,1,3,2,1,0.5,20,0,0,0.8724907140932098,495.70220004150997,-1.95,14.458925262294967,6.47230539970012,3.7707247154737176,0,0,1,1,1,6,76.29770000000003,nan,True,True,True,True,True,None,None
NEL,2-(3-chlorophenyl)-N-(1H-indazol-4-yl)acetamide,C15 H12 Cl N3 O,non-polymer,c1cc(cc(c1)Cl)CC(=O)Nc2cccc3c2cn[nH]3,O=C(Cc1cccc(Cl)c1)Nc1cccc2[nH]ncc12,False,O=C(Cc1cccc(Cl)c1)Nc1cccc2[nH]ncc12,"InChI=1S/C15H12ClN3O/c16-11-4-1-3-10(7-11)8-15(20)18-13-5-2-6-14-12(13)9-17-19-14/h1-7,9H,8H2,(H,17,19)(H,18,20)",CYQCEAJKJVOFMS-UHFFFAOYSA-N,285.734,3.397500000000001,57.78,2,2,3,3,3,0.06666666666666667,20,0,0,0.7747430588843123,766.4094312309174,-2.3299999999999996,12.691093079016794,5.346323999786321,2.6504706869318633,0,0,0,3,0,5,79.87940000000003,nan,True,True,True,True,True,None,None
NGX,"(2S)-1-(3-chlorophenyl)-3-(1H-1,2,4-triazol-1-yl)propan-2-ol",C11 H12 Cl N3 O,non-polymer,c1cc(cc(c1)Cl)C[C@@H](Cn2cncn2)O,O[C@@H](Cc1cccc(Cl)c1)Cn1cncn1,False,O[C@@H](Cc1cccc(Cl)c1)Cn1cncn1,"InChI=1S/C11H12ClN3O/c12-10-3-1-2-9(4-10)5-11(16)6-15-8-13-7-14-15/h1-4,7-8,11,16H,5-6H2/t11-/m0/s1",PZYJRCQIDAUQHX-NSHDSACASA-N,237.69000000000003,1.535099999999999,50.94,4,1,4,2,2,0.2727272727272727,16,0,0,0.8776742104020399,444.25014178448254,-1.39,11.106076489676086,5.094860705305269,3.0492115201115975,0,0,0,2,0,5,61.184800000000024,nan,True,True,True,False,True,None,None
NJE,N-(4-methylpyridin-3-yl)-2-(piperidin-1-yl)acetamide,C13 H19 N3 O,non-polymer,Cc1ccncc1NC(=O)CN2CCCCC2,Cc1ccncc1NC(=O)CN1CCCCC1,False,Cc1ccncc1NC(=O)CN1CCCCC1,"InChI=1S/C13H19N3O/c1-11-5-6-14-9-12(11)15-13(17)10-16-7-3-2-4-8-16/h5-6,9H,2-4,7-8,10H2,1H3,(H,15,17)",KNBSSRRKRQQGOO-UHFFFAOYSA-N,233.3149999999999,1.81442,45.230000000000004,3,1,3,2,1,0.5384615384615384,17,0,0,0.8657423184662456,386.0058941318808,-1.4200000000000002,12.047958110764638,5.773699586254049,3.5262875670679494,0,0,1,1,1,4,67.89470000000003,nan,True,True,True,False,True,None,None
NIJ,3-(3-fluorophenyl)-N-(4-methylpyridin-3-yl)propanamide,C15 H15 F N2 O,non-polymer,Cc1ccncc1NC(=O)CCc2cccc(c2)F,Cc1ccncc1NC(=O)CCc1cccc(F)c1,False,Cc1ccncc1NC(=O)CCc1cccc(F)c1,"InChI=1S/C15H15FN2O/c1-11-7-8-17-10-14(11)18-15(19)6-5-12-3-2-4-13(16)9-12/h2-4,7-10H,5-6H2,1H3,(H,18,19)",RBRNVPIASJICKN-UHFFFAOYSA-N,258.296,3.1004200000000015,41.99,2,1,4,2,2,0.2,19,0,0,0.9151853509435314,583.8631868754017,-2.2299999999999995,13.207529629680065,6.08883661417288,3.8774643572148344,0,0,0,2,0,4,72.32470000000002,nan,True,True,True,False,True,None,None
NJU,"2-(3-chlorophenyl)-N-(5,6,7,8-tetrahydroisoquinolin-4-yl)acetamide",C17 H17 Cl N2 O,non-polymer,c1cc(cc(c1)Cl)CC(=O)Nc2cncc3c2CCCC3,O=C(Cc1cccc(Cl)c1)Nc1cncc2c1CCCC2,False,O=C(Cc1cccc(Cl)c1)Nc1cncc2c1CCCC2,"InChI=1S/C17H17ClN2O/c18-14-6-3-4-12(8-14)9-17(21)20-16-11-19-10-13-5-1-2-7-15(13)16/h3-4,6,8,10-11H,1-2,5,7,9H2,(H,20,21)",KVBRDRRWOWILOL-UHFFFAOYSA-N,300.78900000000016,3.7950000000000017,41.99,2,1,3,3,2,0.29411764705882354,21,0,0,0.9366797702245624,669.5897259653516,-1.8699999999999997,14.083531974442574,6.269480569894606,3.4215007570158598,0,0,1,2,0,4,84.66470000000002,nan,True,True,True,True,True,None,None
NO0,2-(3-ethynylphenyl)-N-(isoquinolin-4-yl)acetamide,C19 H14 N2 O,non-polymer,C#Cc1cccc(c1)CC(=O)Nc2cncc3c2cccc3,C#Cc1cccc(CC(=O)Nc2cncc3ccccc23)c1,False,C#Cc1cccc(CC(=O)Nc2cncc3ccccc23)c1,"InChI=1S/C19H14N2O/c1-2-14-6-5-7-15(10-14)11-19(22)21-18-13-20-12-16-8-3-4-9-17(16)18/h1,3-10,12-13H,11H2,(H,21,22)",CLLYBOMGFSNDSO-UHFFFAOYSA-N,286.334,3.3973000000000013,41.99,2,1,3,3,3,0.05263157894736842,22,0,0,0.7497925260904745,872.4876207433254,-3.119999999999999,13.84446029858634,6.108267125022063,2.9665624675934352,0,0,0,3,0,3,88.45370000000003,nan,True,True,True,True,True,None,triple_bond
NM0,"2-(3-chlorophenyl)-N-[(4R)-imidazo[1,2-a]pyridin-3-yl]acetamide",C15 H12 Cl N3 O,non-polymer,c1ccn2c(c1)ncc2NC(=O)Cc3cccc(c3)Cl,O=C(Cc1cccc(Cl)c1)Nc1cnc2ccccn12,False,O=C(Cc1cccc(Cl)c1)Nc1cnc2ccccn12,"InChI=1S/C15H12ClN3O/c16-12-5-3-4-11(8-12)9-15(20)18-14-10-17-13-6-1-2-7-19(13)14/h1-8,10H,9H2,(H,18,20)",GRCPKASYWFJZEJ-UHFFFAOYSA-N,285.734,3.1689000000000007,46.4,3,1,3,3,3,0.06666666666666667,20,0,0,0.8033024021850661,766.4094312309176,-2.3299999999999996,12.691093079016794,5.346323999786321,2.6504706869318633,0,0,0,3,0,5,78.97770000000003,nan,True,True,True,True,True,None,None
NKU,2-(1H-benzotriazol-1-yl)-N-[(3-chlorophenyl)methyl]-N-methylacetamide,C16 H15 Cl N4 O,non-polymer,CN(Cc1cccc(c1)Cl)C(=O)Cn2c3ccccc3nn2,CN(Cc1cccc(Cl)c1)C(=O)Cn1nnc2ccccc21,False,CN(Cc1cccc(Cl)c1)C(=O)Cn1nnc2ccccc21,"InChI=1S/C16H15ClN4O/c1-20(10-12-5-4-6-13(17)9-12)16(22)11-21-15-8-3-2-7-14(15)18-19-21/h2-9H,10-11H2,1H3",HSYVELSOLBWEKK-UHFFFAOYSA-N,314.77599999999995,2.7433000000000005,51.02,4,0,4,3,3,0.1875,22,0,0,0.7437786118683317,814.5208379441975,-2.4,14.533641975308644,6.153120594643087,3.0927048260381595,0,0,0,3,0,6,85.45400000000004,nan,True,True,True,True,True,None,None
NOI,2-(3-chlorophenyl)-N-(1-methyl-1H-imidazol-5-yl)acetamide,C12 H12 Cl N3 O,non-polymer,Cn1cncc1NC(=O)Cc2cccc(c2)Cl,Cn1cncc1NC(=O)Cc1cccc(Cl)c1,False,Cn1cncc1NC(=O)Cc1cccc(Cl)c1,"InChI=1S/C12H12ClN3O/c1-16-8-14-7-11(16)15-12(17)6-9-3-2-4-10(13)5-9/h2-5,7-8H,6H2,1H3,(H,15,17)",DVAZCJFDVZFHLG-UHFFFAOYSA-N,249.701,2.2546999999999997,46.92,3,1,3,2,2,0.16666666666666666,17,0,0,0.9070682824237838,536.0519406174063,-1.8099999999999996,11.668871767129149,5.013688895992475,3.074105796612735,0,0,0,2,0,5,66.99370000000002,nan,True,True,True,False,True,None,None
NQ3,"(1M,3P)-1-(3-chlorophenyl)-3-(4-methylpyridin-3-yl)-1,3-dihydro-2H-imidazol-2-one",C15 H12 Cl N3 O,non-polymer,Cc1ccncc1N2C=CN(C2=O)c3cccc(c3)Cl,Cc1ccncc1-n1ccn(-c2cccc(Cl)c2)c1=O,False,Cc1ccncc1-n1ccn(-c2cccc(Cl)c2)c1=O,"InChI=1S/C15H12ClN3O/c1-11-5-6-17-10-14(11)19-8-7-18(15(19)20)13-4-2-3-12(16)9-13/h2-10H,1H3",NCRWUWJGTHEGCI-UHFFFAOYSA-N,285.73400000000004,2.9850200000000013,39.82,4,0,2,3,3,0.06666666666666667,20,0,0,0.7260618620367776,819.735990486482,-2.3299999999999996,12.691093079016794,4.9798723078208935,2.1429143998613727,0,0,0,3,0,5,78.90800000000003,nan,True,True,True,True,True,None,None
NQO,2-(3-chlorophenyl)-N-(4-methylpyridazin-3-yl)acetamide,C13 H12 Cl N3 O,non-polymer,Cc1ccnnc1NC(=O)Cc2cccc(c2)Cl,Cc1ccnnc1NC(=O)Cc1cccc(Cl)c1,False,Cc1ccnnc1NC(=O)Cc1cccc(Cl)c1,"InChI=1S/C13H12ClN3O/c1-9-5-6-15-17-13(9)16-12(18)8-10-3-2-4-11(14)7-10/h2-7H,8H2,1H3,(H,16,17,18)",ZNGNXXLXHHJCCJ-UHFFFAOYSA-N,261.712,2.619620000000001,54.88,3,1,3,2,2,0.15384615384615385,18,0,0,0.9240599028959203,571.6677441869939,-1.9399999999999995,12.515189531740264,5.598568642156027,3.2750360890829238,0,0,0,2,0,5,70.55470000000003,nan,True,True,True,False,True,None,None
NRC,methyl (2R)-2-(3-chlorophenyl)-3-[(4-methylpyridin-3-yl)amino]-3-oxopropanoate,C16 H15 Cl N2 O3,non-polymer,Cc1ccncc1NC(=O)[C@@H](c2cccc(c2)Cl)C(=O)OC,COC(=O)[C@@H](C(=O)Nc1cnccc1C)c1cccc(Cl)c1,False,COC(=O)[C@@H](C(=O)Nc1cnccc1C)c1cccc(Cl)c1,"InChI=1S/C16H15ClN2O3/c1-10-6-7-18-9-13(10)19-15(20)14(16(21)22-2)11-4-3-5-12(17)8-11/h3-9,14H,1-2H3,(H,19,20)/t14-/m1/s1",LOFUGDOYUSJHEA-CQSZACIVSA-N,318.7600000000001,2.938720000000001,68.29,4,1,4,2,2,0.1875,22,0,0,0.694899065254512,703.2952035172416,-2.4,15.97892355547177,7.043786982248522,3.620484338140882,0,0,0,2,0,6,83.81270000000004,nan,True,True,True,True,True,None,beta-keto/anhydride
NU0,"2-(3-chlorophenyl)-N-(2,6-naphthyridin-4-yl)acetamide",C16 H12 Cl N3 O,non-polymer,c1cc(cc(c1)Cl)CC(=O)Nc2cncc3c2cncc3,O=C(Cc1cccc(Cl)c1)Nc1cncc2ccncc12,False,O=C(Cc1cccc(Cl)c1)Nc1cncc2ccncc12,"InChI=1S/C16H12ClN3O/c17-13-3-1-2-11(6-13)7-16(21)20-15-10-19-8-12-4-5-18-9-14(12)15/h1-6,8-10H,7H2,(H,20,21)",VQNYZMIKTVJRNS-UHFFFAOYSA-N,297.745,3.4644000000000013,54.88,3,1,3,3,3,0.0625,21,0,0,0.8051952011122818,798.8888977295804,-2.4599999999999995,13.519730338314393,5.891049363830697,3.17244814374422,0,0,0,3,0,5,83.32370000000002,nan,True,True,True,True,True,None,None
NRX,"2-(3-chlorophenyl)-N-[(4S)-imidazo[1,5-a]pyridin-1-yl]acetamide",C15 H12 Cl N3 O,non-polymer,c1ccn2cnc(c2c1)NC(=O)Cc3cccc(c3)Cl,O=C(Cc1cccc(Cl)c1)Nc1ncn2ccccc12,False,O=C(Cc1cccc(Cl)c1)Nc1ncn2ccccc12,"InChI=1S/C15H12ClN3O/c16-12-5-3-4-11(8-12)9-14(20)18-15-13-6-1-2-7-19(13)10-17-15/h1-8,10H,9H2,(H,18,20)",SDPLNJUUYIUIPZ-UHFFFAOYSA-N,285.734,3.1689000000000007,46.4,3,1,3,3,3,0.06666666666666667,20,0,0,0.8033024021850661,766.4094312309176,-2.3299999999999996,12.691093079016794,5.346323999786321,2.6504706869318633,0,0,0,3,0,5,78.97770000000003,nan,True,True,True,True,True,None,None
NSR,"(4R)-6-chloro-N-(isoquinolin-4-yl)-3,4-dihydro-2H-1-benzopyran-4-carboxamide",C19 H15 Cl N2 O2,non-polymer,c1ccc2c(c1)cncc2NC(=O)[C@@H]3CCOc4c3cc(cc4)Cl,O=C(Nc1cncc2ccccc12)[C@@H]1CCOc2ccc(Cl)cc21,False,O=C(Nc1cncc2ccccc12)[C@@H]1CCOc2ccc(Cl)cc21,"InChI=1S/C19H15ClN2O2/c20-13-5-6-18-16(9-13)15(7-8-24-18)19(23)22-17-11-21-10-12-3-1-2-4-14(12)17/h1-6,9-11,15H,7-8H2,(H,22,23)/t15-/m1/s1",QRUNNMAOPKEFMJ-OAHLLOKOSA-N,338.794,4.393000000000002,51.22,3,1,2,4,3,0.15789473684210525,24,0,0,0.7534186601945834,920.8887802860354,-2.5899999999999994,14.968115231046301,6.13256587435313,2.694656456815806,0,0,1,3,0,5,94.67770000000002,nan,True,True,True,True,True,None,None
NUR,2-(3-chlorophenyl)-N-(isoquinolin-4-yl)-N-methylacetamide,C18 H15 Cl N2 O,non-polymer,CN(c1cncc2c1cccc2)C(=O)Cc3cccc(c3)Cl,CN(C(=O)Cc1cccc(Cl)c1)c1cncc2ccccc12,False,CN(C(=O)Cc1cccc(Cl)c1)c1cncc2ccccc12,"InChI=1S/C18H15ClN2O/c1-21(18(22)10-13-5-4-7-15(19)9-13)17-12-20-11-14-6-2-3-8-16(14)17/h2-9,11-12H,10H2,1H3",XFUDGCDECOIROA-UHFFFAOYSA-N,310.784,4.093700000000003,33.2,2,0,3,3,3,0.1111111111111111,22,0,0,0.7296326772663858,826.6899210958592,-2.3899999999999992,14.54322777837141,6.1594002436145106,2.94599931747572,0,0,0,3,0,4,90.30900000000003,nan,True,True,True,True,True,None,None
NV9,2-(3-chlorophenyl)-N-(4-phenylpyridin-3-yl)acetamide,C19 H15 Cl N2 O,non-polymer,c1ccc(cc1)c2ccncc2NC(=O)Cc3cccc(c3)Cl,O=C(Cc1cccc(Cl)c1)Nc1cnccc1-c1ccccc1,False,O=C(Cc1cccc(Cl)c1)Nc1cnccc1-c1ccccc1,"InChI=1S/C19H15ClN2O/c20-16-8-4-5-14(11-16)12-19(23)22-18-13-21-10-9-17(18)15-6-2-1-3-7-15/h1-11,13H,12H2,(H,22,23)",VSOZJTYJJHNDPD-UHFFFAOYSA-N,322.79499999999996,4.583200000000002,41.99,2,1,4,3,3,0.05263157894736842,23,0,0,0.7633809610559821,818.3633032758246,-2.6499999999999995,15.253562902571957,7.073522115679512,3.9604924620382165,0,0,0,3,0,4,93.45870000000002,nan,True,True,True,True,True,None,None
NW0,3-(3-chlorophenyl)-N-(4-methylpyridin-3-yl)propanamide,C15 H15 Cl N2 O,non-polymer,Cc1ccncc1NC(=O)CCc2cccc(c2)Cl,Cc1ccncc1NC(=O)CCc1cccc(Cl)c1,False,Cc1ccncc1NC(=O)CCc1cccc(Cl)c1,"InChI=1S/C15H15ClN2O/c1-11-7-8-17-10-14(11)18-15(19)6-5-12-3-2-4-13(16)9-12/h2-4,7-10H,5-6H2,1H3,(H,18,19)",CQMIDRCPLJZCFD-UHFFFAOYSA-N,274.751,3.614720000000002,41.99,2,1,4,2,2,0.2,19,0,0,0.9252513477484028,583.8631868754017,-1.8699999999999997,13.559088318143553,6.341581520115948,4.069857719649855,0,0,0,2,0,4,77.37670000000003,nan,True,True,True,False,True,None,None
NYR,N-(3-chlorophenyl)-2-(3-methyl-1H-pyrazol-4-yl)acetamide,C12 H12 Cl N3 O,non-polymer,Cc1c(c[nH]n1)CC(=O)Nc2cccc(c2)Cl,Cc1n[nH]cc1CC(=O)Nc1cccc(Cl)c1,False,Cc1n[nH]cc1CC(=O)Nc1cccc(Cl)c1,"InChI=1S/C12H12ClN3O/c1-8-9(7-14-16-8)5-12(17)15-11-4-2-3-10(13)6-11/h2-4,6-7H,5H2,1H3,(H,14,16)(H,15,17)",BYGPKLOEYHRCEP-UHFFFAOYSA-N,249.70100000000002,2.5527200000000008,57.78,2,2,3,2,2,0.16666666666666666,17,0,0,0.8783845821451579,536.0519406174063,-1.8099999999999996,11.668871767129149,5.013688895992475,3.074105796612735,0,0,0,2,0,5,67.11040000000001,nan,True,True,True,False,True,None,None
NVO,2-(3-chlorophenyl)-N-(phthalazin-1-yl)acetamide,C16 H12 Cl N3 O,non-polymer,c1ccc2c(c1)cnnc2NC(=O)Cc3cccc(c3)Cl,O=C(Cc1cccc(Cl)c1)Nc1nncc2ccccc12,False,O=C(Cc1cccc(Cl)c1)Nc1nncc2ccccc12,"InChI=1S/C16H12ClN3O/c17-13-6-3-4-11(8-13)9-15(21)19-16-14-7-2-1-5-12(14)10-18-20-16/h1-8,10H,9H2,(H,19,20,21)",ATNZGZHLHMEMFV-UHFFFAOYSA-N,297.745,3.4644000000000013,54.88,3,1,3,3,3,0.0625,21,0,0,0.8051952011122818,798.8888977295804,-2.4599999999999995,13.519730338314393,5.891049363830697,3.17244814374422,0,0,0,3,0,5,83.32370000000002,nan,True,True,True,True,True,None,None
NX9,2-(3-chlorophenyl)-N-(1H-pyrazol-4-yl)acetamide,C11 H10 Cl N3 O,non-polymer,c1cc(cc(c1)Cl)CC(=O)Nc2c[nH]nc2,O=C(Cc1cccc(Cl)c1)Nc1cn[nH]c1,False,O=C(Cc1cccc(Cl)c1)Nc1cn[nH]c1,"InChI=1S/C11H10ClN3O/c12-9-3-1-2-8(4-9)5-11(16)15-10-6-13-14-7-10/h1-4,6-7H,5H2,(H,13,14)(H,15,16)",SDKQWVALTYIIDW-UHFFFAOYSA-N,235.67400000000004,2.244299999999999,57.78,2,2,3,2,2,0.09090909090909091,16,0,0,0.8573692713039611,481.7347142835286,-1.8099999999999996,10.699326455634814,4.808167282043962,2.8383266920936063,0,0,0,2,0,5,62.37340000000001,nan,True,True,True,False,True,None,None
NWI,"2-(3-chlorophenyl)-N-(1,6-naphthyridin-8-yl)acetamide",C16 H12 Cl N3 O,non-polymer,c1cc(cc(c1)Cl)CC(=O)Nc2cncc3c2nccc3,O=C(Cc1cccc(Cl)c1)Nc1cncc2cccnc12,False,O=C(Cc1cccc(Cl)c1)Nc1cncc2cccnc12,"InChI=1S/C16H12ClN3O/c17-13-5-1-3-11(7-13)8-15(21)20-14-10-18-9-12-4-2-6-19-16(12)14/h1-7,9-10H,8H2,(H,20,21)",AFQAFSYTYCJOEN-UHFFFAOYSA-N,297.745,3.4644000000000013,54.88,3,1,3,3,3,0.0625,21,0,0,0.8051952011122818,798.8888977295804,-2.4599999999999995,13.519730338314393,5.891049363830697,3.17244814374422,0,0,0,3,0,5,83.3237,nan,True,True,True,True,True,None,None
O0R,2-(3-chlorophenyl)-N-(4-cyclopropylpyridin-3-yl)acetamide,C16 H15 Cl N2 O,non-polymer,c1cc(cc(c1)Cl)CC(=O)Nc2cnccc2C3CC3,O=C(Cc1cccc(Cl)c1)Nc1cnccc1C1CC1,False,O=C(Cc1cccc(Cl)c1)Nc1cnccc1C1CC1,"InChI=1S/C16H15ClN2O/c17-13-3-1-2-11(8-13)9-16(20)19-15-10-18-7-6-14(15)12-4-5-12/h1-3,6-8,10,12H,4-5,9H2,(H,19,20)",TVYREULMZIPGLM-UHFFFAOYSA-N,286.7620000000001,3.7936000000000014,41.99,2,1,4,3,2,0.25,20,0,0,0.9288748196030473,637.8789283498221,-1.8699999999999997,13.12879842128993,5.63231107944439,3.1698568270488834,0,0,1,2,1,4,79.99770000000002,nan,True,True,True,True,True,None,None
NZK,2-(4-acetylpiperazin-1-yl)-N-(isoquinolin-4-yl)acetamide,C17 H20 N4 O2,non-polymer,CC(=O)N1CCN(CC1)CC(=O)Nc2cncc3c2cccc3,CC(=O)N1CCN(CC(=O)Nc2cncc3ccccc23)CC1,False,CC(=O)N1CCN(CC(=O)Nc2cncc3ccccc23)CC1,"InChI=1S/C17H20N4O2/c1-13(22)21-8-6-20(7-9-21)12-17(23)19-16-11-18-10-14-4-2-3-5-15(14)16/h2-5,10-11H,6-9,12H2,1H3,(H,19,23)",SIFMSWJDYLFFPS-UHFFFAOYSA-N,312.37300000000005,1.3374,65.54,4,1,3,3,2,0.35294117647058826,23,0,0,0.9286294222298362,718.1100771726844,-2.4699999999999993,15.426629615904938,6.745360116458341,3.6535316000813065,0,0,1,2,1,6,89.06670000000004,nan,True,True,True,True,True,None,None
O1I,(2S)-2-(3-chlorophenyl)-3-hydroxy-N-(4-methylpyridin-3-yl)propanamide,C15 H15 Cl N2 O2,non-polymer,Cc1ccncc1NC(=O)[C@H](CO)c2cccc(c2)Cl,Cc1ccncc1NC(=O)[C@H](CO)c1cccc(Cl)c1,False,Cc1ccncc1NC(=O)[C@H](CO)c1cccc(Cl)c1,"InChI=1S/C15H15ClN2O2/c1-10-5-6-17-8-14(10)18-15(20)13(9-19)11-3-2-4-12(16)7-11/h2-8,13,19H,9H2,1H3,(H,18,20)/t13-/m1/s1",YUJIYWCEKJSKBQ-CYBMUJFWSA-N,290.75,2.758020000000001,62.22,3,2,4,2,2,0.2,20,0,0,0.9099840450709098,616.3274380634631,-1.9099999999999997,14.498091472638912,6.499889786526311,3.3461159748119558,0,0,0,2,0,5,78.88250000000002,nan,True,True,True,True,True,None,None
O0C,"2-(3-chlorophenyl)-N-(2,7-naphthyridin-4-yl)acetamide",C16 H12 Cl N3 O,non-polymer,c1cc(cc(c1)Cl)CC(=O)Nc2cncc3c2ccnc3,O=C(Cc1cccc(Cl)c1)Nc1cncc2cnccc12,False,O=C(Cc1cccc(Cl)c1)Nc1cncc2cnccc12,"InChI=1S/C16H12ClN3O/c17-13-3-1-2-11(6-13)7-16(21)20-15-10-19-9-12-8-18-5-4-14(12)15/h1-6,8-10H,7H2,(H,20,21)",ITQMQTJYJVFFAW-UHFFFAOYSA-N,297.745,3.4644000000000013,54.88,3,1,3,3,3,0.0625,21,0,0,0.8051952011122818,798.8888977295804,-2.4599999999999995,13.519730338314393,5.891049363830697,3.17244814374422,0,0,0,3,0,5,83.32370000000002,nan,True,True,True,True,True,None,None
O0X,"2-(3-chlorophenyl)-N-(1,7-naphthyridin-5-yl)acetamide",C16 H12 Cl N3 O,non-polymer,c1cc(cc(c1)Cl)CC(=O)Nc2cncc3c2cccn3,O=C(Cc1cccc(Cl)c1)Nc1cncc2ncccc12,False,O=C(Cc1cccc(Cl)c1)Nc1cncc2ncccc12,"InChI=1S/C16H12ClN3O/c17-12-4-1-3-11(7-12)8-16(21)20-15-10-18-9-14-13(15)5-2-6-19-14/h1-7,9-10H,8H2,(H,20,21)",ACBAQCKSRSEYGV-UHFFFAOYSA-N,297.745,3.4644000000000013,54.88,3,1,3,3,3,0.0625,21,0,0,0.8051952011122818,798.8888977295804,-2.4599999999999995,13.519730338314393,5.891049363830697,3.17244814374422,0,0,0,3,0,5,83.32370000000002,nan,True,True,True,True,True,None,None
O3I,"2-[(1M)-5-chloro-2',3'-difluoro-4'-methyl[1,1'-biphenyl]-3-yl]-N-(4-methylpyridin-3-yl)acetamide",C21 H17 Cl F2 N2 O,non-polymer,Cc1ccc(c(c1F)F)c2cc(cc(c2)Cl)CC(=O)Nc3cnccc3C,Cc1ccncc1NC(=O)Cc1cc(Cl)cc(-c2ccc(C)c(F)c2F)c1,False,Cc1ccncc1NC(=O)Cc1cc(Cl)cc(-c2ccc(C)c(F)c2F)c1,"InChI=1S/C21H17ClF2N2O/c1-12-5-6-25-11-18(12)26-19(27)9-14-7-15(10-16(22)8-14)17-4-3-13(2)20(23)21(17)24/h3-8,10-11H,9H2,1-2H3,(H,26,27)",KWOZOQHUQWBGBH-UHFFFAOYSA-N,386.8290000000001,5.478240000000003,41.99,2,1,4,3,3,0.14285714285714285,27,0,0,0.6448483873210483,1021.0586005017541,-2.789999999999999,18.98501866545865,7.841843705096445,4.311712028716596,0,0,0,3,0,6,102.84870000000001,nan,True,True,True,True,False,None,None
O1X,(2S)-2-(difluoromethoxy)-N-(4-methylpyridin-3-yl)propanamide,C10 H12 F2 N2 O2,non-polymer,Cc1ccncc1NC(=O)[C@H](C)OC(F)F,Cc1ccncc1NC(=O)[C@H](C)OC(F)F,False,Cc1ccncc1NC(=O)[C@H](C)OC(F)F,"InChI=1S/C10H12F2N2O2/c1-6-3-4-13-5-8(6)14-9(15)7(2)16-10(11)12/h3-5,7,10H,1-2H3,(H,14,15)/t7-/m0/s1",XVSORZZOZIKMAO-ZETCQYMHSA-N,230.21399999999997,1.9562199999999998,51.22,3,1,4,1,1,0.4,16,0,0,0.8596744785407785,371.5915914803604,-1.5600000000000003,12.509252077562326,5.503608189808462,3.54179048785921,0,0,0,1,0,6,54.15470000000002,nan,True,True,True,False,True,None,None
O2R,2-(2-butoxy-5-chlorophenyl)-N-(4-methylpyridin-3-yl)acetamide,C18 H21 Cl N2 O2,non-polymer,CCCCOc1ccc(cc1CC(=O)Nc2cnccc2C)Cl,CCCCOc1ccc(Cl)cc1CC(=O)Nc1cnccc1C,False,CCCCOc1ccc(Cl)cc1CC(=O)Nc1cnccc1C,"InChI=1S/C18H21ClN2O2/c1-3-4-9-23-17-6-5-15(19)10-14(17)11-18(22)21-16-12-20-8-7-13(16)2/h5-8,10,12H,3-4,9,11H2,1-2H3,(H,21,22)",BNLQGZVZNCOJKF-UHFFFAOYSA-N,332.831,4.403520000000003,51.22,3,1,7,2,2,0.3333333333333333,23,0,0,0.7642615301574053,673.8212033516031,-2.07,17.286479774700794,8.53319478618007,5.251346877633226,0,0,0,2,0,5,93.16270000000004,nan,True,True,True,True,True,None,Aliphatic_long_chain
O4L,"N-(3-acetyl-2,5-dimethyl-1H-pyrrol-1-yl)-4-oxo-3,4-dihydrophthalazine-1-carboxamide",C17 H16 N4 O3,non-polymer,Cc1cc(c(n1NC(=O)C2=NNC(=O)c3c2cccc3)C)C(=O)C,CC(=O)c1cc(C)n(NC(=O)c2n[nH]c(=O)c3ccccc23)c1C,False,CC(=O)c1cc(C)n(NC(=O)c2n[nH]c(=O)c3ccccc23)c1C,"InChI=1S/C17H16N4O3/c1-9-8-14(11(3)22)10(2)21(9)20-17(24)15-12-6-4-5-7-13(12)16(23)19-18-15/h4-8H,1-3H3,(H,19,23)(H,20,24)",ZRVUXGAJUNHVRN-UHFFFAOYSA-N,324.3400000000001,1.9279400000000002,96.85,5,2,3,3,3,0.17647058823529413,24,0,0,0.7194065174810682,1029.9819581780685,-3.2199999999999993,15.667174415584117,5.767110965467322,2.495028490998317,0,0,0,3,0,7,89.96540000000003,nan,True,True,True,True,True,None,None
O3U,"N-[(1R)-1,5-dicyano-4-(methylsulfanyl)-3-azaspiro[5.5]undeca-2,4-dien-2-yl]acetamide",C15 H18 N4 O S,non-polymer,CC(=O)NC1=NC(=C(C2(C1C#N)CCCCC2)C#N)SC,CSC1=C(C#N)C2(CCCCC2)C(C#N)C(NC(C)=O)=N1,False,CSC1=C(C#N)C2(CCCCC2)C(C#N)C(NC(C)=O)=N1,"InChI=1S/C15H18N4OS/c1-10(20)18-13-11(8-16)15(6-4-3-5-7-15)12(9-17)14(19-13)21-2/h11H,3-7H2,1-2H3,(H,18,19,20)",NZKPFLQQMFCJHQ-UHFFFAOYSA-N,302.40299999999996,2.723060000000001,89.03999999999999,5,1,1,2,0,0.6,21,0,0,0.8061421351151637,587.7753251192713,-1.79,15.596050379966318,6.321331595063947,2.6856243825715236,1,0,2,0,1,6,82.02670000000003,nan,True,True,True,True,True,None,None
O5C,1-[(4S)-3-(4-fluorobenzoyl)-2-methylindolizin-1-yl]ethan-1-one,C18 H14 F N O2,non-polymer,Cc1c(c2ccccn2c1C(=O)c3ccc(cc3)F)C(=O)C,CC(=O)c1c(C)c(C(=O)c2ccc(F)cc2)n2ccccc12,False,CC(=O)c1c(C)c(C(=O)c2ccc(F)cc2)n2ccccc12,"InChI=1S/C18H14FNO2/c1-11-16(12(2)21)15-5-3-4-10-20(15)17(11)18(22)13-6-8-14(19)9-7-13/h3-10H,1-2H3",NSDJNMWFQYNAQU-UHFFFAOYSA-N,295.31300000000005,3.820420000000002,38.55,3,0,3,3,3,0.1111111111111111,22,0,0,0.6889431162579891,891.3411977534078,-2.7499999999999996,14.198373702422145,5.221335857220119,2.129474068663258,0,0,0,3,0,4,81.97100000000005,nan,True,True,True,True,True,None,None
Z26,2-(5-chloro-2-methoxyphenyl)-N-(isoquinolin-4-yl)acetamide,C18 H15 Cl N2 O2,non-polymer,COc1ccc(cc1CC(=O)Nc2cncc3c2cccc3)Cl,COc1ccc(Cl)cc1CC(=O)Nc1cncc2ccccc12,False,COc1ccc(Cl)cc1CC(=O)Nc1cncc2ccccc12,"InChI=1S/C18H15ClN2O2/c1-23-17-7-6-14(19)8-13(17)9-18(22)21-16-11-20-10-12-4-2-3-5-15(12)16/h2-8,10-11H,9H2,1H3,(H,21,22)",UFUGOWGYSILVPI-UHFFFAOYSA-N,326.783,4.078000000000002,51.22,3,1,4,3,3,0.1111111111111111,23,0,0,0.7856750944674604,859.2694420716361,-2.5899999999999994,15.311239944158608,6.668025309650501,3.4309359978646925,0,0,0,3,0,5,92.08070000000002,nan,True,True,True,True,True,None,None
O87,4-{4-[3-(trifluoromethyl)phenyl]piperazine-1-carbonyl}quinolin-2(1H)-one,C21 H18 F3 N3 O2,non-polymer,c1ccc2c(c1)C(=CC(=O)N2)C(=O)N3CCN(CC3)c4cccc(c4)C(F)(F)F,O=C(c1cc(=O)[nH]c2ccccc12)N1CCN(c2cccc(C(F)(F)F)c2)CC1,False,O=C(c1cc(=O)[nH]c2ccccc12)N1CCN(c2cccc(C(F)(F)F)c2)CC1,"InChI=1S/C21H18F3N3O2/c22-21(23,24)14-4-3-5-15(12-14)26-8-10-27(11-9-26)20(29)17-13-19(28)25-18-7-2-1-6-16(17)18/h1-7,12-13H,8-11H2,(H,25,28)",NKHDYQSOEVSMNT-UHFFFAOYSA-N,401.38800000000003,3.5093000000000023,56.410000000000004,3,1,2,4,3,0.23809523809523808,29,0,0,0.7151460622619267,1115.8446828641263,-3.2899999999999987,19.045009009854972,7.2706667685214015,3.82652773274291,0,0,1,3,1,8,104.12920000000003,nan,True,True,True,True,True,None,None
O9O,N-{3-chloro-5-[(6-methoxypyridin-2-yl)oxy]phenyl}-2-(isoquinolin-4-yl)acetamide,C23 H18 Cl N3 O3,non-polymer,COc1cccc(n1)Oc2cc(cc(c2)Cl)NC(=O)Cc3cncc4c3cccc4,COc1cccc(Oc2cc(Cl)cc(NC(=O)Cc3cncc4ccccc34)c2)n1,False,COc1cccc(Oc2cc(Cl)cc(NC(=O)Cc3cncc4ccccc34)c2)n1,"InChI=1S/C23H18ClN3O3/c1-29-22-7-4-8-23(27-22)30-19-11-17(24)10-18(12-19)26-21(28)9-16-14-25-13-15-5-2-3-6-20(15)16/h2-8,10-14H,9H2,1H3,(H,26,28)",ZJXCDXGMXIYGBJ-UHFFFAOYSA-N,419.8680000000002,5.265300000000003,73.34,5,1,6,4,4,0.08695652173913043,30,0,0,0.46080487533144093,1207.9157191350905,-3.639999999999999,19.6667139855519,8.797165390270456,4.668650022814679,0,0,0,4,0,7,116.3917,nan,True,True,True,True,False,None,None
O8L,(2S)-2-(3-chloro-5-{[(2R)-4-oxoazetidin-2-yl]oxy}phenyl)-N-(4-methylpyridin-3-yl)propanamide,C18 H18 Cl N3 O3,non-polymer,Cc1ccncc1NC(=O)[C@@H](C)c2cc(cc(c2)Cl)O[C@@H]3CC(=O)N3,Cc1ccncc1NC(=O)[C@@H](C)c1cc(Cl)cc(O[C@@H]2CC(=O)N2)c1,False,Cc1ccncc1NC(=O)[C@@H](C)c1cc(Cl)cc(O[C@@H]2CC(=O)N2)c1,"InChI=1S/C18H18ClN3O3/c1-10-3-4-20-9-15(10)21-18(24)11(2)12-5-13(19)7-14(6-12)25-17-8-16(23)22-17/h3-7,9,11,17H,8H2,1-2H3,(H,21,24)(H,22,23)/t11-,17+/m0/s1",NGODSAZXSLLARZ-APPDUMDISA-N,359.8130000000001,3.0104200000000008,80.32,4,2,5,3,2,0.2777777777777778,25,0,0,0.8040532932456513,816.9636312766668,-2.6,17.23042192958882,7.1066934788853775,4.085557178800421,0,0,1,2,1,7,94.64640000000004,nan,True,True,True,True,True,None,None
O9X,(2R)-2-(difluoromethoxy)-N-(4-methylpyridin-3-yl)propanamide,C10 H12 F2 N2 O2,non-polymer,Cc1ccncc1NC(=O)[C@@H](C)OC(F)F,Cc1ccncc1NC(=O)[C@@H](C)OC(F)F,False,Cc1ccncc1NC(=O)[C@@H](C)OC(F)F,"InChI=1S/C10H12F2N2O2/c1-6-3-4-13-5-8(6)14-9(15)7(2)16-10(11)12/h3-5,7,10H,1-2H3,(H,14,15)/t7-/m1/s1",XVSORZZOZIKMAO-SSDOTTSWSA-N,230.21399999999997,1.9562199999999998,51.22,3,1,4,1,1,0.4,16,0,0,0.8596744785407785,371.5915914803604,-1.5600000000000003,12.509252077562326,5.503608189808462,3.54179048785921,0,0,0,1,0,6,54.15470000000002,nan,True,True,True,False,True,None,None
OAO,"2-{3-chloro-5-[(3-methyl-1,2,4-oxadiazol-5-yl)methoxy]phenyl}-N-(4-methylpyridin-3-yl)acetamide",C18 H17 Cl N4 O3,non-polymer,Cc1ccncc1NC(=O)Cc2cc(cc(c2)Cl)OCc3nc(no3)C,Cc1noc(COc2cc(Cl)cc(CC(=O)Nc3cnccc3C)c2)n1,False,Cc1noc(COc2cc(Cl)cc(CC(=O)Nc3cnccc3C)c2)n1,"InChI=1S/C18H17ClN4O3/c1-11-3-4-20-9-16(11)22-17(24)7-13-5-14(19)8-15(6-13)25-10-18-21-12(2)23-26-18/h3-6,8-9H,7,10H2,1-2H3,(H,22,24)",ISRHBBIYTNRSMM-UHFFFAOYSA-N,372.8120000000002,3.4950400000000013,90.14,6,1,6,3,3,0.2222222222222222,26,0,0,0.71181609893107,926.304604370629,-2.93,17.879015172355857,7.966358978649487,4.795283152593709,0,0,0,3,0,8,96.12670000000003,nan,True,True,True,True,True,None,None
OBO,"2-(3-chlorophenyl)-N-(1H-imidazo[4,5-c]pyridin-7-yl)acetamide",C14 H11 Cl N4 O,non-polymer,c1cc(cc(c1)Cl)CC(=O)Nc2cncc3c2[nH]cn3,O=C(Cc1cccc(Cl)c1)Nc1cncc2nc[nH]c12,False,O=C(Cc1cccc(Cl)c1)Nc1cncc2nc[nH]c12,"InChI=1S/C14H11ClN4O/c15-10-3-1-2-9(4-10)5-13(20)19-12-7-16-6-11-14(12)18-8-17-11/h1-4,6-8H,5H2,(H,17,18)(H,19,20)",NXBRVTFHRPPFLN-UHFFFAOYSA-N,286.722,2.7924999999999995,70.67,3,2,3,3,3,0.07142857142857142,20,0,0,0.7775948132348383,768.4647087584021,-2.4,12.624573094543939,5.3032136105860115,2.6237975003156175,0,0,0,3,0,6,77.6744,nan,True,True,True,True,True,None,None
OCI,2-(3-chloro-5-sulfamamidophenyl)-N-(4-methylpyridin-3-yl)acetamide,C14 H15 Cl N4 O3 S,non-polymer,Cc1ccncc1NC(=O)Cc2cc(cc(c2)Cl)NS(=O)(=O)N,Cc1ccncc1NC(=O)Cc1cc(Cl)cc(NS(N)(=O)=O)c1,False,Cc1ccncc1NC(=O)Cc1cc(Cl)cc(NS(N)(=O)=O)c1,"InChI=1S/C14H15ClN4O3S/c1-9-2-3-17-8-13(9)18-14(20)6-10-4-11(15)7-12(5-10)19-23(16,21)22/h2-5,7-8,19H,6H2,1H3,(H,18,20)(H2,16,21,22)",NLTIJDKXVUTASZ-UHFFFAOYSA-N,354.8190000000001,1.8400199999999995,114.17999999999999,4,3,5,2,2,0.14285714285714285,23,0,0,0.7594815913836677,839.6660654635665,-2.1599999999999997,17.197914368903383,6.946360950481048,5.51404948331461,0,0,0,2,0,9,89.48960000000002,nan,True,True,True,True,True,None,None
OD7,2-(6-methoxy-1H-benzotriazol-1-yl)-N-[4-(piperidin-4-yl)phenyl]-N-[(pyridin-2-yl)methyl]acetamide,C26 H28 N6 O2,non-polymer,COc1ccc2c(c1)n(nn2)CC(=O)N(Cc3ccccn3)c4ccc(cc4)C5CCNCC5,COc1ccc2nnn(CC(=O)N(Cc3ccccn3)c3ccc(C4CCNCC4)cc3)c2c1,False,COc1ccc2nnn(CC(=O)N(Cc3ccccn3)c3ccc(C4CCNCC4)cc3)c2c1,"InChI=1S/C26H28N6O2/c1-34-23-9-10-24-25(16-23)32(30-29-24)18-26(33)31(17-21-4-2-3-13-28-21)22-7-5-19(6-8-22)20-11-14-27-15-12-20/h2-10,13,16,20,27H,11-12,14-15,17-18H2,1H3",NIAFAWJPFVWDCR-UHFFFAOYSA-N,456.5500000000002,3.535300000000002,85.17,7,1,7,5,4,0.3076923076923077,34,0,0,0.4579585270338259,1249.5321689418056,-3.779999999999999,22.034077507898328,10.007827668740038,4.768204775073635,0,0,1,4,1,8,130.7937,nan,True,True,True,True,True,None,None
ODX,"2-(3-chloro-5-{[(1S,2S)-2-hydroxycyclopentyl]amino}phenyl)-N-(4-methylpyridin-3-yl)acetamide",C19 H22 Cl N3 O2,non-polymer,Cc1ccncc1NC(=O)Cc2cc(cc(c2)Cl)N[C@H]3CCC[C@@H]3O,Cc1ccncc1NC(=O)Cc1cc(Cl)cc(N[C@H]2CCC[C@@H]2O)c1,False,Cc1ccncc1NC(=O)Cc1cc(Cl)cc(N[C@H]2CCC[C@@H]2O)c1,"InChI=1S/C19H22ClN3O2/c1-12-5-6-21-11-17(12)23-19(25)9-13-7-14(20)10-15(8-13)22-16-3-2-4-18(16)24/h5-8,10-11,16,18,22,24H,2-4,9H2,1H3,(H,23,25)/t16-,18-/m0/s1",SXRYZSBUMPNSOT-WMZOPIPTSA-N,359.85700000000014,3.5499200000000015,74.25,4,3,5,3,2,0.3684210526315789,25,0,0,0.7628232993700843,766.0844666333712,-2.11,17.704657211699338,7.847308072432699,4.707639902669786,0,0,1,2,1,6,100.02820000000004,nan,True,True,True,True,True,None,None
OE6,N-(1H-benzotriazol-1-yl)-2-(3-chlorophenyl)acetamide,C14 H11 Cl N4 O,non-polymer,c1ccc2c(c1)nnn2NC(=O)Cc3cccc(c3)Cl,O=C(Cc1cccc(Cl)c1)Nn1nnc2ccccc21,False,O=C(Cc1cccc(Cl)c1)Nn1nnc2ccccc21,"InChI=1S/C14H11ClN4O/c15-11-5-3-4-10(8-11)9-14(20)17-19-13-7-2-1-6-12(13)16-18-19/h1-8H,9H2,(H,17,20)",OYXJREXTFZDGLT-UHFFFAOYSA-N,286.722,2.3975,59.81,4,1,3,3,3,0.07142857142857142,20,0,0,0.804131124949065,768.4647087584023,-2.3999999999999995,12.624573094543939,5.3032136105860115,2.6237975003156175,0,0,0,3,0,6,77.05170000000003,nan,True,True,True,True,True,None,None
OEO,N-[4-(dimethylamino)phenyl]-2-(isoquinolin-4-yl)-N-[(thiophen-3-yl)methyl]acetamide,C24 H23 N3 O S,non-polymer,CN(C)c1ccc(cc1)N(Cc2ccsc2)C(=O)Cc3cncc4c3cccc4,CN(C)c1ccc(N(Cc2ccsc2)C(=O)Cc2cncc3ccccc23)cc1,False,CN(C)c1ccc(N(Cc2ccsc2)C(=O)Cc2cncc3ccccc23)cc1,"InChI=1S/C24H23N3OS/c1-26(2)21-7-9-22(10-8-21)27(16-18-11-12-29-17-18)24(28)13-20-15-25-14-19-5-3-4-6-23(19)20/h3-12,14-15,17H,13,16H2,1-2H3",NWMNITATBGAXEW-UHFFFAOYSA-N,401.53500000000014,5.138200000000005,36.44,4,0,6,4,4,0.16666666666666666,29,0,0,0.44890473591849206,1099.405794930555,-3.1799999999999993,19.150134973544183,8.451606932936055,4.300856921414797,0,0,0,4,0,5,121.72500000000002,nan,True,True,True,True,False,anil_di_alk_A(478),None
OFX,2-(1H-benzotriazol-1-yl)-N-[4-(dimethylamino)phenyl]-N-[(1H-pyrazol-5-yl)methyl]acetamide,C20 H21 N7 O,non-polymer,CN(C)c1ccc(cc1)N(Cc2ccn[nH]2)C(=O)Cn3c4ccccc4nn3,CN(C)c1ccc(N(Cc2ccn[nH]2)C(=O)Cn2nnc3ccccc32)cc1,False,CN(C)c1ccc(N(Cc2ccn[nH]2)C(=O)Cn2nnc3ccccc32)cc1,"InChI=1S/C20H21N7O/c1-25(2)16-7-9-17(10-8-16)26(13-15-11-12-21-22-15)20(28)14-27-19-6-4-3-5-18(19)23-24-27/h3-12H,13-14H2,1-2H3,(H,21,22)",NAUKDTRKBNSCDS-UHFFFAOYSA-N,375.43600000000004,2.4538,82.94,6,1,6,4,4,0.2,28,0,0,0.5596960237958145,1067.5985011827424,-3.6799999999999997,17.71981864524137,7.514323851352959,3.568521432683753,0,0,0,4,0,8,108.07470000000002,nan,True,True,True,True,True,anil_di_alk_A(478),None
OGF,2-(1H-benzotriazol-1-yl)-N-[4-(methylcarbamamido)phenyl]-N-[(thiophen-3-yl)methyl]acetamide,C21 H20 N6 O2 S,non-polymer,CNC(=O)Nc1ccc(cc1)N(Cc2ccsc2)C(=O)Cn3c4ccccc4nn3,CNC(=O)Nc1ccc(N(Cc2ccsc2)C(=O)Cn2nnc3ccccc32)cc1,False,CNC(=O)Nc1ccc(N(Cc2ccsc2)C(=O)Cn2nnc3ccccc32)cc1,"InChI=1S/C21H20N6O2S/c1-22-21(29)23-16-6-8-17(9-7-16)26(12-15-10-11-30-14-15)20(28)13-27-19-5-3-2-4-18(19)24-25-27/h2-11,14H,12-13H2,1H3,(H2,22,23,29)",VEPQAUCCEYXBOH-UHFFFAOYSA-N,420.49800000000016,3.477500000000002,92.15,6,2,6,4,4,0.14285714285714285,30,0,0,0.4995420078932054,1153.9445151059017,-3.7199999999999998,19.590131685030904,8.745709692927107,4.306045015403755,0,0,0,4,0,9,117.55740000000003,nan,True,True,True,True,True,None,None
OHC,2-[3-(acetamidomethyl)-5-chlorophenyl]-N-(4-methylpyridin-3-yl)acetamide,C17 H18 Cl N3 O2,non-polymer,Cc1ccncc1NC(=O)Cc2cc(cc(c2)Cl)CNC(=O)C,CC(=O)NCc1cc(Cl)cc(CC(=O)Nc2cnccc2C)c1,False,CC(=O)NCc1cc(Cl)cc(CC(=O)Nc2cnccc2C)c1,"InChI=1S/C17H18ClN3O2/c1-11-3-4-19-10-16(11)21-17(23)8-13-5-14(7-15(18)6-13)9-20-12(2)22/h3-7,10H,8-9H2,1-2H3,(H,20,22)(H,21,23)",XDVRTJWPDGZLAS-UHFFFAOYSA-N,331.8030000000001,2.8607200000000006,71.09,3,2,5,2,2,0.23529411764705882,23,0,0,0.8846176293648075,731.5284609656482,-2.4,16.961796982167353,7.739243973703434,5.377777777777778,0,0,0,2,0,6,90.28040000000004,nan,True,True,True,True,True,None,None
OI4,"(4R)-6-chloro-N-(4-methylpyridin-3-yl)-3,4-dihydro-2H-1-benzopyran-4-carboxamide",C16 H15 Cl N2 O2,non-polymer,Cc1ccncc1NC(=O)[C@@H]2CCOc3c2cc(cc3)Cl,Cc1ccncc1NC(=O)[C@@H]1CCOc2ccc(Cl)cc21,False,Cc1ccncc1NC(=O)[C@@H]1CCOc2ccc(Cl)cc21,"InChI=1S/C16H15ClN2O2/c1-10-4-6-18-9-14(10)19-16(20)12-5-7-21-15-3-2-11(17)8-13(12)15/h2-4,6,8-9,12H,5,7H2,1H3,(H,19,20)/t12-/m1/s1",KJMNRTLNVIILOB-GFCCVEGCSA-N,302.76099999999997,3.5482200000000015,51.22,3,1,2,3,2,0.25,21,0,0,0.9227468239566764,687.7272359089945,-2.0699999999999994,13.892254679614824,5.73694613302517,2.8537322338886435,0,0,1,2,0,5,81.90870000000004,nan,True,True,True,True,True,None,None
OIK,(isoquinolin-4-yl)(4-phenylpiperazin-1-yl)methanone,C20 H19 N3 O,non-polymer,c1ccc(cc1)N2CCN(CC2)C(=O)c3cncc4c3cccc4,O=C(c1cncc2ccccc12)N1CCN(c2ccccc2)CC1,False,O=C(c1cncc2ccccc12)N1CCN(c2ccccc2)CC1,"InChI=1S/C20H19N3O/c24-20(19-15-21-14-16-6-4-5-9-18(16)19)23-12-10-22(11-13-23)17-7-2-1-3-8-17/h1-9,14-15H,10-13H2",UIQBSVLMOPGDAQ-UHFFFAOYSA-N,317.392,3.1972000000000014,36.44,3,0,2,4,3,0.2,24,0,0,0.728123231333311,849.6516643199689,-2.8799999999999994,14.695868584110958,6.318088533814179,2.711146821226237,0,0,1,3,1,4,96.30150000000002,nan,True,True,True,True,True,None,None
OIE,2-(4-chloropyridin-2-yl)-N-(isoquinolin-4-yl)acetamide,C16 H12 Cl N3 O,non-polymer,c1ccc2c(c1)cncc2NC(=O)Cc3cc(ccn3)Cl,O=C(Cc1cc(Cl)ccn1)Nc1cncc2ccccc12,False,O=C(Cc1cc(Cl)ccn1)Nc1cncc2ccccc12,"InChI=1S/C16H12ClN3O/c17-12-5-6-19-13(7-12)8-16(21)20-15-10-18-9-11-3-1-2-4-14(11)15/h1-7,9-10H,8H2,(H,20,21)",WBAYRCXMIZFJCT-UHFFFAOYSA-N,297.745,3.4644000000000013,54.88,3,1,3,3,3,0.0625,21,0,0,0.8051952011122818,798.8888977295804,-2.46,13.519730338314393,5.891049363830697,3.17244814374422,0,0,0,3,0,5,83.32370000000003,nan,True,True,True,True,True,None,None
OIX,N-[2-(2-methoxyphenoxy)ethyl]isoquinoline-4-carboxamide,C19 H18 N2 O3,non-polymer,COc1ccccc1OCCNC(=O)c2cncc3c2cccc3,COc1ccccc1OCCNC(=O)c1cncc2ccccc12,False,COc1ccccc1OCCNC(=O)c1cncc2ccccc12,"InChI=1S/C19H18N2O3/c1-23-17-8-4-5-9-18(17)24-11-10-21-19(22)16-13-20-12-14-6-2-3-7-15(14)16/h2-9,12-13H,10-11H2,1H3,(H,21,22)",SWRAJWUUCVFLBR-UHFFFAOYSA-N,322.36400000000003,3.052200000000001,60.45,4,1,6,3,3,0.15789473684210525,24,0,0,0.7086756892785293,843.3944412692699,-3.0799999999999996,15.801965954880627,7.458519469347933,3.4574395431501665,0,0,0,3,0,5,92.56520000000003,nan,True,True,True,True,True,None,Aliphatic_long_chain
OJ9,2-(5-chloro-1-benzofuran-7-yl)-N-(isoquinolin-4-yl)acetamide,C19 H13 Cl N2 O2,non-polymer,c1ccc2c(c1)cncc2NC(=O)Cc3cc(cc4c3occ4)Cl,O=C(Cc1cc(Cl)cc2ccoc12)Nc1cncc2ccccc12,False,O=C(Cc1cc(Cl)cc2ccoc12)Nc1cncc2ccccc12,"InChI=1S/C19H13ClN2O2/c20-15-7-12-5-6-24-19(12)14(8-15)9-18(23)22-17-11-21-10-13-3-1-2-4-16(13)17/h1-8,10-11H,9H2,(H,22,23)",BSHOYSAYHBYYEY-UHFFFAOYSA-N,336.778,4.815600000000002,55.13,3,1,3,4,4,0.05263157894736842,24,0,0,0.5834649345188333,1050.3024716810407,-2.8499999999999996,14.72401334825045,5.980836751253012,2.7210057161712324,0,0,0,4,0,5,95.30070000000002,nan,True,True,True,True,True,None,None
OK9,N-{(1Z)-1-[5-(morpholin-4-yl)thiophen-2-yl]-3-oxoprop-1-en-2-yl}thiophene-2-carboxamide,C16 H16 N2 O3 S2,non-polymer,c1cc(sc1)C(=O)N/C(=C\c2ccc(s2)N3CCOCC3)/C=O,O=C/C(=C/c1ccc(N2CCOCC2)s1)NC(=O)c1cccs1,False,O=C/C(=C/c1ccc(N2CCOCC2)s1)NC(=O)c1cccs1,"InChI=1S/C16H16N2O3S2/c19-11-12(17-16(20)14-2-1-9-22-14)10-13-3-4-15(23-13)18-5-7-21-8-6-18/h1-4,9-11H,5-8H2,(H,17,20)/b12-10-",KZHJLIYVOMIHCX-BENRWUELSA-N,348.4490000000002,2.6160000000000005,58.64000000000001,6,1,5,3,2,0.25,23,0,0,0.6665285561364301,700.7436005983161,-1.9599999999999997,15.917549913194444,7.540292273355297,4.0680159401038525,0,0,1,2,1,7,93.17720000000004,nan,True,True,True,True,True,None,aldehyde; Michael_acceptor_1
OJO,1-{4-[(3-chloro-5-hydroxyphenyl)methyl]piperazin-1-yl}ethan-1-one,C13 H17 Cl N2 O2,non-polymer,CC(=O)N1CCN(CC1)Cc2cc(cc(c2)Cl)O,CC(=O)N1CCN(Cc2cc(O)cc(Cl)c2)CC1,False,CC(=O)N1CCN(Cc2cc(O)cc(Cl)c2)CC1,"InChI=1S/C13H17ClN2O2/c1-10(17)16-4-2-15(3-5-16)9-11-6-12(14)8-13(18)7-11/h6-8,18H,2-5,9H2,1H3",CZIBGCQCFNYACK-UHFFFAOYSA-N,268.744,1.7097,43.78,3,1,2,2,1,0.46153846153846156,18,0,0,0.8881038598234365,422.3674264591266,-1.26,13.178248075356297,5.587278307167376,3.3689721540613915,0,0,1,1,1,5,70.64780000000003,nan,True,True,True,False,True,None,None
OLX,"[(3R)-5-ethyl-3-hydroxy-2-oxo-2,3-dihydro-1H-indol-1-yl]acetic acid",C12 H13 N O4,non-polymer,CCc1ccc2c(c1)[C@H](C(=O)N2CC(=O)O)O,CCc1ccc2c(c1)[C@@H](O)C(=O)N2CC(=O)O,False,CCc1ccc2c(c1)[C@@H](O)C(=O)N2CC(=O)O,"InChI=1S/C12H13NO4/c1-2-7-3-4-9-8(5-7)11(16)12(17)13(9)6-10(14)15/h3-5,11,16H,2,6H2,1H3,(H,14,15)/t11-/m1/s1",MDMQYMUHXMGVBC-LLVKDONJSA-N,235.23899999999995,0.7135999999999996,77.84,3,2,3,2,1,0.3333333333333333,17,0,0,0.8085466170848855,483.3940147051686,-1.88,11.600884680036206,4.177801099532741,1.8908595883217818,0,0,1,1,0,5,60.76860000000003,nan,True,True,True,False,True,None,None
OKW,"2-(3-chlorophenyl)-N-(6,7-dihydro-5H-cyclopenta[c]pyridin-4-yl)acetamide",C16 H15 Cl N2 O,non-polymer,c1cc(cc(c1)Cl)CC(=O)Nc2cncc3c2CCC3,O=C(Cc1cccc(Cl)c1)Nc1cncc2c1CCC2,False,O=C(Cc1cccc(Cl)c1)Nc1cncc2c1CCC2,"InChI=1S/C16H15ClN2O/c17-13-5-1-3-11(7-13)8-16(20)19-15-10-18-9-12-4-2-6-14(12)15/h1,3,5,7,9-10H,2,4,6,8H2,(H,19,20)",NJHYHXQHRGWKMO-UHFFFAOYSA-N,286.7620000000001,3.4049000000000014,41.99,2,1,3,3,2,0.25,20,0,0,0.9394232861340945,654.6751739533454,-1.8699999999999997,13.12879842128993,5.63231107944439,2.8286310237296206,0,0,1,2,0,4,80.04770000000003,nan,True,True,True,True,True,None,None
ONU,4-[3-(2-methoxyanilino)azetidine-1-carbonyl]quinolin-2(1H)-one,C20 H19 N3 O3,non-polymer,COc1ccccc1NC2CN(C2)C(=O)C3=CC(=O)Nc4c3cccc4,COc1ccccc1NC1CN(C(=O)c2cc(=O)[nH]c3ccccc23)C1,False,COc1ccccc1NC1CN(C(=O)c2cc(=O)[nH]c3ccccc23)C1,"InChI=1S/C20H19N3O3/c1-26-18-9-5-4-8-17(18)21-13-11-23(12-13)20(25)15-10-19(24)22-16-7-3-2-6-14(15)16/h2-10,13,21H,11-12H2,1H3,(H,22,24)",DFIJRDVINKLDBU-UHFFFAOYSA-N,349.39000000000004,2.4732000000000003,74.43,4,2,4,4,3,0.2,26,0,0,0.7588089489459544,1021.9851843618053,-3.28,16.20264961337432,6.553841814834765,2.8990303973694447,0,0,1,3,1,6,100.8769,nan,True,True,True,True,True,None,None
OGV,"2-(3-chlorophenyl)-N-[(4S)-[1,2,4]triazolo[4,3-a]pyridin-3-yl]acetamide",C14 H11 Cl N4 O,non-polymer,c1ccn2c(c1)nnc2NC(=O)Cc3cccc(c3)Cl,O=C(Cc1cccc(Cl)c1)Nc1nnc2ccccn12,False,O=C(Cc1cccc(Cl)c1)Nc1nnc2ccccn12,"InChI=1S/C14H11ClN4O/c15-11-5-3-4-10(8-11)9-13(20)16-14-18-17-12-6-1-2-7-19(12)14/h1-8H,9H2,(H,16,18,20)",PICHRHZICCXQLR-UHFFFAOYSA-N,286.722,2.5639000000000003,59.29,4,1,3,3,3,0.07142857142857142,20,0,0,0.8048553453031839,768.4647087584023,-2.3999999999999995,12.624573094543939,5.3032136105860115,2.6237975003156175,0,0,0,3,0,6,76.77270000000001,nan,True,True,True,True,True,None,None
OGO,4-[3-(2-methoxyphenoxy)azetidine-1-carbonyl]quinolin-2(1H)-one,C20 H18 N2 O4,non-polymer,COc1ccccc1OC2CN(C2)C(=O)C3=CC(=O)Nc4c3cccc4,COc1ccccc1OC1CN(C(=O)c2cc(=O)[nH]c3ccccc23)C1,False,COc1ccccc1OC1CN(C(=O)c2cc(=O)[nH]c3ccccc23)C1,"InChI=1S/C20H18N2O4/c1-25-17-8-4-5-9-18(17)26-13-11-22(12-13)20(24)15-10-19(23)21-16-7-3-2-6-14(15)16/h2-10,13H,11-12H2,1H3,(H,21,23)",CEVTZHLIFCWJPO-UHFFFAOYSA-N,350.374,2.4401,71.63,4,1,4,4,3,0.2,26,0,0,0.7844746527456987,1021.4949593661322,-3.28,16.20264961337432,6.553841814834765,2.8990303973694447,0,0,1,3,1,6,97.88220000000001,nan,True,True,True,True,True,None,None
OO6,"(3S,4R)-6-chloro-N-(isoquinolin-4-yl)-3-methyl-3,4-dihydro-2H-1-benzopyran-4-carboxamide",C20 H17 Cl N2 O2,non-polymer,C[C@@H]1COc2ccc(cc2[C@@H]1C(=O)Nc3cncc4c3cccc4)Cl,C[C@@H]1COc2ccc(Cl)cc2[C@@H]1C(=O)Nc1cncc2ccccc12,False,C[C@@H]1COc2ccc(Cl)cc2[C@@H]1C(=O)Nc1cncc2ccccc12,"InChI=1S/C20H17ClN2O2/c1-12-11-25-18-7-6-14(21)8-16(18)19(12)20(24)23-17-10-22-9-13-4-2-3-5-15(13)17/h2-10,12,19H,11H2,1H3,(H,23,24)/t12-,19-/m1/s1",SGXOKACJPFKOBB-CWTRNNRKSA-N,352.821,4.639000000000003,51.22,3,1,2,4,3,0.2,25,0,0,0.7306156950111535,952.083947772685,-2.5899999999999994,15.909841791781258,6.372755556755976,2.936563650369314,0,0,1,3,0,5,99.22470000000001,nan,True,True,True,True,True,None,None
OPU,"(4R)-6-chloro-N-[(4S)-7-methyl[1,2,4]triazolo[4,3-a]pyridin-8-yl]-3,4-dihydro-2H-1-benzopyran-4-carboxamide",C17 H15 Cl N4 O2,non-polymer,Cc1ccn2cnnc2c1NC(=O)[C@@H]3CCOc4c3cc(cc4)Cl,Cc1ccn2cnnc2c1NC(=O)[C@@H]1CCOc2ccc(Cl)cc21,False,Cc1ccn2cnnc2c1NC(=O)[C@@H]1CCOc2ccc(Cl)cc21,"InChI=1S/C17H15ClN4O2/c1-10-4-6-22-9-19-21-16(22)15(10)20-17(23)12-5-7-24-14-3-2-11(18)8-13(12)14/h2-4,6,8-9,12H,5,7H2,1H3,(H,20,23)/t12-/m1/s1",AFDLQIMJQFTLQM-GFCCVEGCSA-N,342.78600000000006,3.195920000000001,68.52,5,1,2,4,3,0.23529411764705882,24,0,0,0.7761789800014064,937.4852841535718,-2.599999999999999,14.958720773985492,5.794698707885525,2.486057321079805,0,0,1,3,0,7,90.65870000000002,nan,True,True,True,True,True,None,None
OOL,"(E)-1-(4,6-dimethoxypyrimidin-2-yl)methanimine",C7 H9 N3 O2,non-polymer,[H]/N=C/c1nc(cc(n1)OC)OC,[H]/N=C/c1nc(OC)cc(OC)n1,False,[H]/N=C/c1nc(OC)cc(OC)n1,"InChI=1S/C7H9N3O2/c1-11-6-3-7(12-2)10-5(4-8)9-6/h3-4,8H,1-2H3/b8-4+",ZNXPLNWUFWZUFS-XBXARRHUSA-N,167.16799999999998,0.49146999999999985,68.09,5,1,3,1,1,0.2857142857142857,12,0,0,0.6650565279791055,294.35600633671584,-1.65,7.023795338547226,3.6578174753468273,1.6874295093005633,0,0,0,1,0,5,43.02170000000002,nan,True,True,True,False,False,None,imine_1
OQF,"2-(1H-benzotriazol-1-yl)-N-[4-(dimethylamino)phenyl]-N-[(1,3-thiazol-4-yl)methyl]acetamide",C20 H20 N6 O S,non-polymer,CN(C)c1ccc(cc1)N(Cc2cscn2)C(=O)Cn3c4ccccc4nn3,CN(C)c1ccc(N(Cc2cscn2)C(=O)Cn2nnc3ccccc32)cc1,False,CN(C)c1ccc(N(Cc2cscn2)C(=O)Cn2nnc3ccccc32)cc1,"InChI=1S/C20H20N6OS/c1-24(2)16-7-9-17(10-8-16)25(11-15-13-28-14-21-15)20(27)12-26-19-6-4-3-5-18(19)22-23-26/h3-10,13-14H,11-12H2,1-2H3",BZTBYCRNDCQTCD-UHFFFAOYSA-N,392.4880000000001,3.1872000000000016,67.15,7,0,6,4,4,0.2,28,0,0,0.5041285285680156,1071.7402106328188,-3.26,18.119583515484447,7.773308604570879,3.7214673719513205,0,0,0,4,0,8,111.60100000000003,nan,True,True,True,True,True,anil_di_alk_A(478),None
OQL,"(4R)-6-chloro-N-(isoquinolin-4-yl)-1,2,3,4-tetrahydroquinoline-4-carboxamide",C19 H16 Cl N3 O,non-polymer,c1ccc2c(c1)cncc2NC(=O)[C@@H]3CCNc4c3cc(cc4)Cl,O=C(Nc1cncc2ccccc12)[C@@H]1CCNc2ccc(Cl)cc21,False,O=C(Nc1cncc2ccccc12)[C@@H]1CCNc2ccc(Cl)cc21,"InChI=1S/C19H16ClN3O/c20-13-5-6-17-16(9-13)15(7-8-22-17)19(24)23-18-11-21-10-12-3-1-2-4-14(12)18/h1-6,9-11,15,22H,7-8H2,(H,23,24)/t15-/m1/s1",TUZBEGQKTWHIIP-OAHLLOKOSA-N,337.80999999999995,4.426100000000002,54.02,3,2,2,4,3,0.15789473684210525,24,0,0,0.7271621793247091,920.1338927838719,-2.5899999999999994,14.968115231046301,6.13256587435313,2.694656456815806,0,0,1,3,0,5,97.67240000000002,nan,True,True,True,True,True,None,None
ORR,"1-(5-amino-3,4-dihydro-1,7-naphthyridin-1(2H)-yl)-2-(3-chlorophenyl)ethan-1-one",C16 H16 Cl N3 O,non-polymer,c1cc(cc(c1)Cl)CC(=O)N2CCCc3c2cncc3N,Nc1cncc2c1CCCN2C(=O)Cc1cccc(Cl)c1,False,Nc1cncc2c1CCCN2C(=O)Cc1cccc(Cl)c1,"InChI=1S/C16H16ClN3O/c17-12-4-1-3-11(7-12)8-16(21)20-6-2-5-13-14(18)9-19-10-15(13)20/h1,3-4,7,9-10H,2,5-6,8,18H2",KFDIFJWRZNKQEO-UHFFFAOYSA-N,301.777,2.8391,59.22,3,1,2,3,2,0.25,21,0,0,0.9276468811205907,686.9723484068311,-2.07,13.892254679614824,5.73694613302517,2.8537322338886435,0,0,1,2,0,5,84.47940000000003,nan,True,True,True,True,True,None,None
OQX,2-(1H-benzotriazol-1-yl)-N-[(3-chlorophenyl)methyl]-N-(4-methoxyphenyl)acetamide,C22 H19 Cl N4 O2,non-polymer,COc1ccc(cc1)N(Cc2cccc(c2)Cl)C(=O)Cn3c4ccccc4nn3,COc1ccc(N(Cc2cccc(Cl)c2)C(=O)Cn2nnc3ccccc32)cc1,False,COc1ccc(N(Cc2cccc(Cl)c2)C(=O)Cn2nnc3ccccc32)cc1,"InChI=1S/C22H19ClN4O2/c1-29-19-11-9-18(10-12-19)26(14-16-5-4-6-17(23)13-16)22(28)15-27-21-8-3-2-7-20(21)24-25-27/h2-13H,14-15H2,1H3",RVLKWCGLMRBJIF-UHFFFAOYSA-N,406.87300000000016,4.326700000000003,60.25,5,0,6,4,4,0.13636363636363635,29,0,0,0.4779526241955278,1140.9883641817626,-3.379999999999999,18.95902345049056,8.324688601904358,4.222501943791672,0,0,0,4,0,7,113.16400000000003,nan,True,True,True,True,True,None,None
SQ2,"2-(1H-1,2,3-benzotriazol-1-yl)-1-(4-methylpiperidin-1-yl)ethan-1-one",C14 H18 N4 O,non-polymer,CC1CCN(CC1)C(=O)Cn2c3ccccc3nn2,CC1CCN(C(=O)Cn2nnc3ccccc32)CC1,False,CC1CCN(C(=O)Cn2nnc3ccccc32)CC1,"InChI=1S/C14H18N4O/c1-11-6-8-17(9-7-11)14(19)10-18-13-5-3-2-4-12(13)15-16-18/h2-5,11H,6-10H2,1H3",CTUYCKVPYLPOTM-UHFFFAOYSA-N,258.325,1.6898000000000002,51.02,4,0,2,3,2,0.5,19,0,0,0.8233389197442281,583.8984188582654,-1.9099999999999997,12.140659924413075,4.992482067281572,2.4524731772981263,0,0,1,2,1,5,72.50600000000003,nan,True,True,True,False,True,None,None
OSI,"(4R)-6-chloro-N-(isoquinolin-4-yl)-4-methyl-3,4-dihydro-2H-1-benzopyran-4-carboxamide",C20 H17 Cl N2 O2,non-polymer,C[C@]1(CCOc2c1cc(cc2)Cl)C(=O)Nc3cncc4c3cccc4,C[C@@]1(C(=O)Nc2cncc3ccccc23)CCOc2ccc(Cl)cc21,False,C[C@@]1(C(=O)Nc2cncc3ccccc23)CCOc2ccc(Cl)cc21,"InChI=1S/C20H17ClN2O2/c1-20(8-9-25-18-7-6-14(21)10-16(18)20)19(24)23-17-12-22-11-13-4-2-3-5-15(13)17/h2-7,10-12H,8-9H2,1H3,(H,23,24)/t20-/m1/s1",CPQDCUNLQZNEBN-HXUWFJFHSA-N,352.8210000000001,4.5671000000000035,51.22,3,1,2,4,3,0.2,25,0,0,0.7347577330885178,967.572310919416,-2.5899999999999994,15.909841791781258,6.045247169765152,2.7246472657298058,0,0,1,3,0,5,99.28870000000002,nan,True,True,True,True,True,None,None
OTV,"2-(3-chloro-5-{[(1S,2R)-2-(trifluoromethyl)cyclopropyl]amino}phenyl)-N-(4-methylpyridin-3-yl)acetamide",C18 H17 Cl F3 N3 O,non-polymer,Cc1ccncc1NC(=O)Cc2cc(cc(c2)Cl)N[C@H]3C[C@H]3C(F)(F)F,Cc1ccncc1NC(=O)Cc1cc(Cl)cc(N[C@H]2C[C@H]2C(F)(F)F)c1,False,Cc1ccncc1NC(=O)Cc1cc(Cl)cc(N[C@H]2C[C@H]2C(F)(F)F)c1,"InChI=1S/C18H17ClF3N3O/c1-10-2-3-23-9-16(10)25-17(26)6-11-4-12(19)7-13(5-11)24-15-8-14(15)18(20,21)22/h2-5,7,9,14-15,24H,6,8H2,1H3,(H,25,26)/t14-,15+/m1/s1",ROXLXWPALVCDCD-CABCVRRESA-N,383.80100000000004,4.587320000000003,54.02,3,2,5,3,2,0.3333333333333333,26,0,0,0.7937528896103765,825.5688841996401,-2.2799999999999994,18.50927509801692,7.149197117683217,4.662681315023954,0,0,1,2,1,8,94.33240000000005,nan,True,True,True,True,True,None,None
OV4,2-(1H-benzotriazol-1-yl)-N-benzyl-N-[4-(dimethylamino)phenyl]acetamide,C23 H23 N5 O,non-polymer,CN(C)c1ccc(cc1)N(Cc2ccccc2)C(=O)Cn3c4ccccc4nn3,CN(C)c1ccc(N(Cc2ccccc2)C(=O)Cn2nnc3ccccc32)cc1,False,CN(C)c1ccc(N(Cc2ccccc2)C(=O)Cn2nnc3ccccc32)cc1,"InChI=1S/C23H23N5O/c1-26(2)19-12-14-20(15-13-19)27(16-18-8-4-3-5-9-18)23(29)17-28-22-11-7-6-10-21(22)24-25-28/h3-15H,16-17H2,1-2H3",KOZCSUYCMLWBNN-UHFFFAOYSA-N,385.47100000000006,3.7307000000000023,54.260000000000005,5,0,6,4,4,0.17391304347826086,29,0,0,0.5074827262425278,1103.0482169862782,-3.6699999999999995,18.68212435656661,8.141700876644451,4.10998413076397,0,0,0,4,0,6,115.92900000000004,nan,True,True,True,True,True,anil_di_alk_A(478),None
OUF,"N-[(furan-2-yl)methyl]-N'-(2-methyl-1-oxo-1,2-dihydroisoquinolin-4-yl)-N-{3-[(propan-2-yl)oxy]propyl}urea",C22 H27 N3 O4,non-polymer,CC(C)OCCCN(Cc1ccco1)C(=O)NC2=CN(C(=O)c3c2cccc3)C,CC(C)OCCCN(Cc1ccco1)C(=O)Nc1cn(C)c(=O)c2ccccc12,False,CC(C)OCCCN(Cc1ccco1)C(=O)Nc1cn(C)c(=O)c2ccccc12,"InChI=1S/C22H27N3O4/c1-16(2)28-13-7-11-25(14-17-8-6-12-29-17)22(27)23-20-15-24(3)21(26)19-10-5-4-9-18(19)20/h4-6,8-10,12,15-16H,7,11,13-14H2,1-3H3,(H,23,27)",AWGPPDHJJBIGAJ-UHFFFAOYSA-N,397.47500000000014,3.9807000000000023,76.71000000000001,5,1,8,3,3,0.36363636363636365,29,0,0,0.583450200174093,1008.569325246307,-3.059999999999999,20.668552696774814,9.426551551397079,5.262428403872393,0,0,0,3,0,7,113.03070000000004,nan,True,True,True,True,True,None,Aliphatic_long_chain
OVF,2-(1H-benzotriazol-1-yl)-N-[(3-chlorophenyl)methyl]-N-[4-(dimethylamino)phenyl]acetamide,C23 H22 Cl N5 O,non-polymer,CN(C)c1ccc(cc1)N(Cc2cccc(c2)Cl)C(=O)Cn3c4ccccc4nn3,CN(C)c1ccc(N(Cc2cccc(Cl)c2)C(=O)Cn2nnc3ccccc32)cc1,False,CN(C)c1ccc(N(Cc2cccc(Cl)c2)C(=O)Cn2nnc3ccccc32)cc1,"InChI=1S/C23H22ClN5O/c1-27(2)19-10-12-20(13-11-19)28(15-17-6-5-7-18(24)14-17)23(30)16-29-22-9-4-3-8-21(22)25-26-29/h3-14H,15-16H2,1-2H3",DJHGLSHYLFLFFG-UHFFFAOYSA-N,419.91600000000017,4.384100000000004,54.260000000000005,5,0,6,4,4,0.17391304347826086,30,0,0,0.46496202676590287,1169.6657569305983,-3.379999999999999,19.915728336557457,8.549256196818389,4.284578509041231,0,0,0,4,0,7,120.93900000000004,nan,True,True,True,True,True,anil_di_alk_A(478),None
OT6,2-{3-chloro-5-[(2-cyano-2-methylpropyl)amino]phenyl}-N-(4-methylpyridin-3-yl)acetamide,C19 H21 Cl N4 O,non-polymer,Cc1ccncc1NC(=O)Cc2cc(cc(c2)Cl)NCC(C)(C)C#N,Cc1ccncc1NC(=O)Cc1cc(Cl)cc(NCC(C)(C)C#N)c1,False,Cc1ccncc1NC(=O)Cc1cc(Cl)cc(NCC(C)(C)C#N)c1,"InChI=1S/C19H21ClN4O/c1-13-4-5-22-10-17(13)24-18(25)8-14-6-15(20)9-16(7-14)23-12-19(2,3)11-21/h4-7,9-10,23H,8,12H2,1-3H3,(H,24,25)",UELOTNVORDVOMK-UHFFFAOYSA-N,356.85700000000014,4.186300000000002,77.81,4,2,6,2,2,0.3157894736842105,25,0,0,0.8131569454910442,811.3116585472002,-2.58,18.754295721904466,7.9968334466831505,5.769130344985391,0,0,0,2,0,6,100.64340000000003,nan,True,True,True,True,True,None,None
OVX,1-(3-chlorophenyl)-4-(isoquinoline-4-carbonyl)piperazin-2-one,C20 H16 Cl N3 O2,non-polymer,c1ccc2c(c1)cncc2C(=O)N3CCN(C(=O)C3)c4cccc(c4)Cl,O=C(c1cncc2ccccc12)N1CCN(c2cccc(Cl)c2)C(=O)C1,False,O=C(c1cncc2ccccc12)N1CCN(c2cccc(Cl)c2)C(=O)C1,"InChI=1S/C20H16ClN3O2/c21-15-5-3-6-16(10-15)24-9-8-23(13-19(24)25)20(26)18-12-22-11-14-4-1-2-7-17(14)18/h1-7,10-12H,8-9,13H2",OMBIOAUKLYASJI-UHFFFAOYSA-N,365.81999999999994,3.377200000000002,53.510000000000005,3,0,2,4,3,0.15,26,0,0,0.6992274124130451,999.7726698309732,-2.9199999999999995,16.54317136512477,6.7662244897959205,3.016728283763855,0,0,1,3,1,6,101.45150000000002,nan,True,True,True,True,True,None,None
OWC,(3S)-3-(3-chlorophenyl)-1-(isoquinolin-4-yl)piperidin-2-one,C20 H17 Cl N2 O,non-polymer,c1ccc2c(c1)cncc2N3CCC[C@H](C3=O)c4cccc(c4)Cl,O=C1[C@H](c2cccc(Cl)c2)CCCN1c1cncc2ccccc12,False,O=C1[C@H](c2cccc(Cl)c2)CCCN1c1cncc2ccccc12,"InChI=1S/C20H17ClN2O/c21-16-7-3-6-14(11-16)18-9-4-10-23(20(18)24)19-13-22-12-15-5-1-2-8-17(15)19/h1-3,5-8,11-13,18H,4,9-10H2/t18-/m0/s1",WATOKUBUEBNRTN-SFHVURJKSA-N,336.822,4.798800000000003,33.2,2,0,2,4,3,0.2,24,0,0,0.6731920188238274,903.5392540350065,-2.3899999999999997,15.156102126947134,6.250132607601729,2.6515368387904275,0,0,1,3,1,4,97.52300000000002,nan,True,True,True,True,True,None,None
OWX,"2-(3-chlorophenyl)-N-(1,2,3,4-tetrahydro-1,7-naphthyridin-5-yl)acetamide",C16 H16 Cl N3 O,non-polymer,c1cc(cc(c1)Cl)CC(=O)Nc2cncc3c2CCCN3,O=C(Cc1cccc(Cl)c1)Nc1cncc2c1CCCN2,False,O=C(Cc1cccc(Cl)c1)Nc1cncc2c1CCCN2,"InChI=1S/C16H16ClN3O/c17-12-4-1-3-11(7-12)8-16(21)20-15-10-18-9-14-13(15)5-2-6-19-14/h1,3-4,7,9-10,19H,2,5-6,8H2,(H,20,21)",CVTLEGSZWVPMPP-UHFFFAOYSA-N,301.7770000000001,3.2743,54.02,3,2,3,3,2,0.25,21,0,0,0.9145779486613005,672.3217067644439,-2.07,13.892254679614824,6.140409550258326,3.3362088175688824,0,0,1,2,0,5,84.83340000000003,nan,True,True,True,True,True,None,None
OYX,N-(2-cyclohexylethyl)-2-(isoquinolin-4-yl)-N-[(thiophen-2-yl)methyl]acetamide,C24 H28 N2 O S,non-polymer,c1ccc2c(c1)cncc2CC(=O)N(CCC3CCCCC3)Cc4cccs4,O=C(Cc1cncc2ccccc12)N(CCC1CCCCC1)Cc1cccs1,False,O=C(Cc1cncc2ccccc12)N(CCC1CCCCC1)Cc1cccs1,"InChI=1S/C24H28N2OS/c27-24(15-21-17-25-16-20-9-4-5-11-23(20)21)26(18-22-10-6-14-28-22)13-12-19-7-2-1-3-8-19/h4-6,9-11,14,16-17,19H,1-3,7-8,12-13,15,18H2",COUGPWQMAYMVGH-UHFFFAOYSA-N,392.5680000000001,5.838000000000005,33.2,3,0,7,4,3,0.4166666666666667,28,0,0,0.5060841003389492,894.6238524761443,-2.1999999999999993,19.13101851851852,9.331299819321927,4.794233988467978,0,0,1,3,1,4,116.37500000000004,nan,True,True,True,False,False,None,None
OZC,(3S)-3-(4-chlorophenyl)-1-(isoquinolin-4-yl)piperidin-2-one,C20 H17 Cl N2 O,non-polymer,c1ccc2c(c1)cncc2N3CCC[C@H](C3=O)c4ccc(cc4)Cl,O=C1[C@H](c2ccc(Cl)cc2)CCCN1c1cncc2ccccc12,False,O=C1[C@H](c2ccc(Cl)cc2)CCCN1c1cncc2ccccc12,"InChI=1S/C20H17ClN2O/c21-16-9-7-14(8-10-16)18-6-3-11-23(20(18)24)19-13-22-12-15-4-1-2-5-17(15)19/h1-2,4-5,7-10,12-13,18H,3,6,11H2/t18-/m0/s1",SHKWJYBWRXZSMY-SFHVURJKSA-N,336.822,4.798800000000003,33.2,2,0,2,4,3,0.2,24,0,0,0.6731920188238274,886.2892540350064,-2.3899999999999997,15.156102126947134,6.250132607601729,2.6515368387904275,0,0,1,3,1,4,97.52300000000002,nan,True,True,True,True,True,None,None
OYF,"(4R)-6-chloro-N-(2,7-naphthyridin-4-yl)-3,4-dihydro-2H-1-benzopyran-4-carboxamide",C18 H14 Cl N3 O2,non-polymer,c1cc2c(cc1Cl)[C@@H](CCO2)C(=O)Nc3cncc4c3ccnc4,O=C(Nc1cncc2cnccc12)[C@@H]1CCOc2ccc(Cl)cc21,False,O=C(Nc1cncc2cnccc12)[C@@H]1CCOc2ccc(Cl)cc21,"InChI=1S/C18H14ClN3O2/c19-12-1-2-17-15(7-12)14(4-6-24-17)18(23)22-16-10-21-9-11-8-20-5-3-13(11)16/h1-3,5,7-10,14H,4,6H2,(H,22,23)/t14-/m1/s1",KCXBRLJFVUQUIR-CQSZACIVSA-N,339.78200000000004,3.788000000000001,64.11,4,1,2,4,3,0.16666666666666666,24,0,0,0.7711859470603258,923.7858655133379,-2.6599999999999997,14.902363909258659,6.091591860971229,2.672125442135335,0,0,1,3,0,6,92.47270000000002,nan,True,True,True,True,True,None,None
P0X,4-[4-(3-chlorophenyl)-3-oxopiperazine-1-carbonyl]quinolin-2(1H)-one,C20 H16 Cl N3 O3,non-polymer,c1ccc2c(c1)C(=CC(=O)N2)C(=O)N3CCN(C(=O)C3)c4cccc(c4)Cl,O=C(c1cc(=O)[nH]c2ccccc12)N1CCN(c2cccc(Cl)c2)C(=O)C1,False,O=C(c1cc(=O)[nH]c2ccccc12)N1CCN(c2cccc(Cl)c2)C(=O)C1,"InChI=1S/C20H16ClN3O3/c21-13-4-3-5-14(10-13)24-9-8-23(12-19(24)26)20(27)16-11-18(25)22-17-7-2-1-6-15(16)17/h1-7,10-11H,8-9,12H2,(H,22,25)",BJJZCSKOWCBJFK-UHFFFAOYSA-N,381.8190000000001,2.6705000000000005,73.48,3,1,2,4,3,0.15,27,0,0,0.7412855159739836,1108.822289188582,-3.119999999999999,17.30166241496599,6.8871629130118555,3.31198837219186,0,0,1,3,1,7,104.27720000000001,nan,True,True,True,True,True,None,None
P3L,"(4R)-6-chloro-N-[(4R)-2-oxopiperidin-4-yl]-3,4-dihydro-2H-1-benzopyran-4-carboxamide",C15 H17 Cl N2 O3,non-polymer,c1cc2c(cc1Cl)[C@@H](CCO2)C(=O)N[C@@H]3CCNC(=O)C3,O=C1C[C@H](NC(=O)[C@@H]2CCOc3ccc(Cl)cc32)CCN1,False,O=C1C[C@H](NC(=O)[C@@H]2CCOc3ccc(Cl)cc32)CCN1,"InChI=1S/C15H17ClN2O3/c16-9-1-2-13-12(7-9)11(4-6-21-13)15(20)18-10-3-5-17-14(19)8-10/h1-2,7,10-11H,3-6,8H2,(H,17,19)(H,18,20)/t10-,11-/m1/s1",LDVBEXIDVVQUFA-GHMZBOCLSA-N,308.765,1.6008999999999995,67.43,3,2,2,3,1,0.4666666666666667,21,0,0,0.8718569574776185,576.0371993837741,-1.7499999999999998,14.198373702422145,5.934584386312411,3.128169499776867,0,0,2,1,1,6,78.47940000000003,nan,True,True,True,True,True,None,None
OZX,2-(6-chloropyridin-2-yl)-N-(isoquinolin-4-yl)acetamide,C16 H12 Cl N3 O,non-polymer,c1ccc2c(c1)cncc2NC(=O)Cc3cccc(n3)Cl,O=C(Cc1cccc(Cl)n1)Nc1cncc2ccccc12,False,O=C(Cc1cccc(Cl)n1)Nc1cncc2ccccc12,"InChI=1S/C16H12ClN3O/c17-15-7-3-5-12(19-15)8-16(21)20-14-10-18-9-11-4-1-2-6-13(11)14/h1-7,9-10H,8H2,(H,20,21)",YZQKBSHQXMHNSJ-UHFFFAOYSA-N,297.745,3.4644000000000013,54.88,3,1,3,3,3,0.0625,21,0,0,0.7532281929708149,798.8888977295804,-2.46,13.519730338314393,5.891049363830697,3.17244814374422,0,0,0,3,0,5,83.32370000000003,nan,True,True,True,True,True,None,2-halo_pyridine
P6O,"(4S)-6-chloro-4-hydroxy-N-(isoquinolin-4-yl)-2-oxo-1,2,3,4-tetrahydroquinoline-4-carboxamide",C19 H14 Cl N3 O3,non-polymer,c1ccc2c(c1)cncc2NC(=O)[C@@]3(CC(=O)Nc4c3cc(cc4)Cl)O,O=C1C[C@@](O)(C(=O)Nc2cncc3ccccc23)c2cc(Cl)ccc2N1,False,O=C1C[C@@](O)(C(=O)Nc2cncc3ccccc23)c2cc(Cl)ccc2N1,"InChI=1S/C19H14ClN3O3/c20-12-5-6-15-14(7-12)19(26,8-17(24)22-15)18(25)23-16-10-21-9-11-3-1-2-4-13(11)16/h1-7,9-10,26H,8H2,(H,22,24)(H,23,25)/t19-/m0/s1",WTGNNXIIBVYQGH-IBGZPJMESA-N,367.792,3.0567000000000006,91.32000000000001,4,3,2,4,3,0.10526315789473684,26,0,0,0.6488314776296843,1047.883721910828,-2.96,16.50531036972541,6.085761431375817,2.6905738482912938,0,0,1,3,0,7,98.96820000000001,nan,True,True,True,True,True,None,None
P9O,"(4R)-6-chloro-N-(5,6,7,8-tetrahydro-2,6-naphthyridin-4-yl)-3,4-dihydro-2H-1-benzopyran-4-carboxamide",C18 H18 Cl N3 O2,non-polymer,c1cc2c(cc1Cl)[C@@H](CCO2)C(=O)Nc3cncc4c3CNCC4,O=C(Nc1cncc2c1CNCC2)[C@@H]1CCOc2ccc(Cl)cc21,False,O=C(Nc1cncc2c1CNCC2)[C@@H]1CCOc2ccc(Cl)cc21,"InChI=1S/C18H18ClN3O2/c19-12-1-2-17-14(7-12)13(4-6-24-17)18(23)22-16-10-21-8-11-3-5-20-9-15(11)16/h1-2,7-8,10,13,20H,3-6,9H2,(H,22,23)/t13-/m1/s1",MLMSDXNATONIOS-CYBMUJFWSA-N,343.81400000000014,2.8855000000000004,63.25,4,2,2,4,2,0.3333333333333333,24,0,0,0.8797631083567584,793.8284951056723,-2.11,15.419590786039532,6.415951754536808,2.8514889377195076,0,0,2,2,0,6,92.58240000000004,nan,True,True,True,True,True,None,None
P4R,"(1'M,4S)-6-chloro-1'-(isoquinolin-4-yl)-2,3-dihydrospiro[[1]benzopyran-4,4'-imidazolidine]-2',5'-dione",C20 H14 Cl N3 O3,non-polymer,c1ccc2c(c1)cncc2N3C(=O)[C@@]4(CCOc5c4cc(cc5)Cl)NC3=O,O=C1N[C@]2(CCOc3ccc(Cl)cc32)C(=O)N1c1cncc2ccccc12,False,O=C1N[C@]2(CCOc3ccc(Cl)cc32)C(=O)N1c1cncc2ccccc12,"InChI=1S/C20H14ClN3O3/c21-13-5-6-17-15(9-13)20(7-8-27-17)18(25)24(19(26)23-20)16-11-22-10-12-3-1-2-4-14(12)16/h1-6,9-11H,7-8H2,(H,23,26)/t20-/m0/s1",FSSOHAWMSBZQQQ-FQEVSTJZSA-N,379.80299999999994,3.6224000000000016,71.53,4,1,1,5,3,0.15,27,0,0,0.6553457927666314,1111.3271766907455,-3.1199999999999997,16.082768989458817,5.68875745486364,2.230100730294636,1,0,2,3,1,7,101.00270000000003,nan,True,True,True,True,True,None,hydantoin
P7R,"(4R)-6-chloro-N-(1-methyl-2-oxo-2,3-dihydro-1H-imidazo[4,5-c]pyridin-7-yl)-3,4-dihydro-2H-1-benzopyran-4-carboxamide",C17 H15 Cl N4 O3,non-polymer,CN1c2c(cncc2NC(=O)[C@@H]3CCOc4c3cc(cc4)Cl)NC1=O,Cn1c(=O)[nH]c2cncc(NC(=O)[C@@H]3CCOc4ccc(Cl)cc43)c21,False,Cn1c(=O)[nH]c2cncc(NC(=O)[C@@H]3CCOc4ccc(Cl)cc43)c21,"InChI=1S/C17H15ClN4O3/c1-22-15-12(7-19-8-13(15)21-17(22)24)20-16(23)10-4-5-25-14-3-2-9(18)6-11(10)14/h2-3,6-8,10H,4-5H2,1H3,(H,20,23)(H,21,24)/t10-/m1/s1",YNHUBGVMTXFOMC-SNVBAGLBSA-N,358.785,2.4197999999999995,89.00999999999999,5,2,2,4,3,0.23529411764705882,25,0,0,0.7358956483673417,1040.039262905129,-2.7999999999999994,15.711715797430083,5.928050217921656,2.660355931972603,0,0,1,3,0,8,94.26940000000003,nan,True,True,True,True,True,None,None
PJ6,"(4S)-6-chloro-N-(isoquinolin-4-yl)-4-methoxy-3,4-dihydro-2H-1-benzopyran-4-carboxamide",C20 H17 Cl N2 O3,non-polymer,CO[C@]1(CCOc2c1cc(cc2)Cl)C(=O)Nc3cncc4c3cccc4,CO[C@@]1(C(=O)Nc2cncc3ccccc23)CCOc2ccc(Cl)cc21,False,CO[C@@]1(C(=O)Nc2cncc3ccccc23)CCOc2ccc(Cl)cc21,"InChI=1S/C20H17ClN2O3/c1-25-20(8-9-26-18-7-6-14(21)10-16(18)20)19(24)23-17-12-22-11-13-4-2-3-5-15(13)17/h2-7,10-12H,8-9H2,1H3,(H,23,24)/t20-/m0/s1",FRAUGLSYTUOOAF-FQEVSTJZSA-N,368.82000000000005,4.151100000000003,60.45,4,1,3,4,3,0.2,26,0,0,0.7539882358953905,986.4571668240699,-2.6299999999999994,16.817847922471973,6.590892054687337,2.6941196555700855,0,0,1,3,0,6,100.62370000000001,nan,True,True,True,True,True,None,None
PKW,"(4R)-6-chloro-N-(1-methyl-1H-imidazo[4,5-c]pyridin-7-yl)-3,4-dihydro-2H-1-benzopyran-4-carboxamide",C17 H15 Cl N4 O2,non-polymer,Cn1cnc2c1c(cnc2)NC(=O)[C@@H]3CCOc4c3cc(cc4)Cl,Cn1cnc2cncc(NC(=O)[C@@H]3CCOc4ccc(Cl)cc43)c21,False,Cn1cnc2cncc(NC(=O)[C@@H]3CCOc4ccc(Cl)cc43)c21,"InChI=1S/C17H15ClN4O2/c1-22-9-20-13-7-19-8-14(16(13)22)21-17(23)11-4-5-24-15-3-2-10(18)6-12(11)15/h2-3,6-9,11H,4-5H2,1H3,(H,21,23)/t11-/m1/s1",BKYVVDKZFPPWFC-LLVKDONJSA-N,342.78600000000006,3.126500000000001,69.04,5,1,2,4,3,0.23529411764705882,24,0,0,0.7764970923994081,937.4852841535718,-2.599999999999999,14.958720773985492,5.794698707885525,2.486057321079805,0,0,1,3,0,7,91.44370000000002,nan,True,True,True,True,True,None,None
PJX,"(4R)-6-chloro-N-(isoquinolin-4-yl)-1-methyl-1,2,3,4-tetrahydroquinoline-4-carboxamide",C20 H18 Cl N3 O,non-polymer,CN1CC[C@H](c2c1ccc(c2)Cl)C(=O)Nc3cncc4c3cccc4,CN1CC[C@@H](C(=O)Nc2cncc3ccccc23)c2cc(Cl)ccc21,False,CN1CC[C@@H](C(=O)Nc2cncc3ccccc23)c2cc(Cl)ccc21,"InChI=1S/C20H18ClN3O/c1-24-9-8-16(17-10-14(21)6-7-19(17)24)20(25)23-18-12-22-11-13-4-2-3-5-15(13)18/h2-7,10-12,16H,8-9H2,1H3,(H,23,25)/t16-/m1/s1",NIZLDWOVHDTVKM-MRXNPFEDSA-N,351.83700000000005,4.450400000000003,45.230000000000004,3,1,2,4,3,0.2,25,0,0,0.7414709844935664,951.3290602705215,-2.5899999999999994,15.909841791781258,6.372755556755976,2.936563650369314,0,0,1,3,0,5,102.45270000000002,nan,True,True,True,True,True,None,None
PQ6,"(4R)-4-(aminomethyl)-6-chloro-N-(isoquinolin-4-yl)-3,4-dihydro-2H-1-benzopyran-4-carboxamide",C20 H18 Cl N3 O2,non-polymer,c1ccc2c(c1)cncc2NC(=O)[C@@]3(CCOc4c3cc(cc4)Cl)CN,NC[C@@]1(C(=O)Nc2cncc3ccccc23)CCOc2ccc(Cl)cc21,False,NC[C@@]1(C(=O)Nc2cncc3ccccc23)CCOc2ccc(Cl)cc21,"InChI=1S/C20H18ClN3O2/c21-14-5-6-18-16(9-14)20(12-22,7-8-26-18)19(25)24-17-11-23-10-13-3-1-2-4-15(13)17/h1-6,9-11H,7-8,12,22H2,(H,24,25)/t20-/m0/s1",ILSGMAUMNXSNQB-FQEVSTJZSA-N,367.836,3.5059000000000005,77.24,4,2,3,4,3,0.2,26,0,0,0.7422716063463869,986.4571668240699,-2.6299999999999994,16.817847922471973,6.590892054687337,2.6941196555700855,0,0,1,3,0,6,102.66910000000001,nan,True,True,True,True,True,None,None
PVR,2-(4-acetylpiperazin-1-yl)-N-(4-cyclopropylpyridin-3-yl)acetamide,C16 H22 N4 O2,non-polymer,CC(=O)N1CCN(CC1)CC(=O)Nc2cnccc2C3CC3,CC(=O)N1CCN(CC(=O)Nc2cnccc2C2CC2)CC1,False,CC(=O)N1CCN(CC(=O)Nc2cnccc2C2CC2)CC1,"InChI=1S/C16H22N4O2/c1-12(21)20-8-6-19(7-9-20)11-16(22)18-15-10-17-5-4-14(15)13-2-3-13/h4-5,10,13H,2-3,6-9,11H2,1H3,(H,18,22)",QSGGZCHNCXCCMN-UHFFFAOYSA-N,302.37800000000016,1.0616,65.54,4,1,4,3,1,0.5625,22,0,0,0.9030761887161431,563.0191630538952,-1.9499999999999997,14.965359341015319,6.437632539071313,3.6242375082236706,0,0,2,1,2,6,83.53570000000005,nan,True,True,True,True,True,None,None
PUU,"(4R)-1-acetyl-6-chloro-N-(isoquinolin-4-yl)-1,2,3,4-tetrahydroquinoline-4-carboxamide",C21 H18 Cl N3 O2,non-polymer,CC(=O)N1CC[C@H](c2c1ccc(c2)Cl)C(=O)Nc3cncc4c3cccc4,CC(=O)N1CC[C@@H](C(=O)Nc2cncc3ccccc23)c2cc(Cl)ccc21,False,CC(=O)N1CC[C@@H](C(=O)Nc2cncc3ccccc23)c2cc(Cl)ccc21,"InChI=1S/C21H18ClN3O2/c1-13(26)25-9-8-17(18-10-15(22)6-7-20(18)25)21(27)24-19-12-23-11-14-4-2-3-5-16(14)19/h2-7,10-12,17H,8-9H2,1H3,(H,24,27)/t17-/m1/s1",OYAZCEPXBNBUAT-QGZVFWFLSA-N,379.8470000000001,4.367100000000003,62.300000000000004,3,1,2,4,3,0.19047619047619047,27,0,0,0.7188282376075742,1045.281096176811,-2.919999999999999,17.491649710142717,7.004522213058914,3.261076656335662,0,0,1,3,0,6,107.20970000000003,nan,True,True,True,True,True,None,None
PWR,"(4R)-6-chloro-N-(2-oxo-2lambda~5~-isoquinolin-4-yl)-3,4-dihydro-2H-1-benzopyran-4-carboxamide",C19 H15 Cl N2 O3,non-polymer,c1ccc2c(c1)c[n+](cc2NC(=O)[C@@H]3CCOc4c3cc(cc4)Cl)[O-],O=C(Nc1c[n+]([O-])cc2ccccc12)[C@@H]1CCOc2ccc(Cl)cc21,False,O=C(Nc1c[n+]([O-])cc2ccccc12)[C@@H]1CCOc2ccc(Cl)cc21,"InChI=1S/C19H15ClN2O3/c20-13-5-6-18-16(9-13)15(7-8-25-18)19(23)21-17-11-22(24)10-12-3-1-2-4-14(12)17/h1-6,9-11,15H,7-8H2,(H,21,23)/t15-/m1/s1",CJFRFTLFKMUSPS-OAHLLOKOSA-N,354.793,3.631400000000002,65.27000000000001,3,1,2,4,3,0.15789473684210525,25,0,0,0.5642162463056618,974.0404750574078,-2.7899999999999996,15.721146118735113,6.256824241301052,2.9845980202360067,0,0,1,3,0,6,95.84270000000002,nan,True,True,True,True,True,None,N_oxide; quaternary_nitrogen_1
Q1C,2-(4-methylpiperidin-1-yl)-N-(4-methylpyridin-3-yl)acetamide,C14 H21 N3 O,non-polymer,Cc1ccncc1NC(=O)CN2CCC(CC2)C,Cc1ccncc1NC(=O)CN1CCC(C)CC1,False,Cc1ccncc1NC(=O)CN1CCC(C)CC1,"InChI=1S/C14H21N3O/c1-11-4-7-17(8-5-11)10-14(18)16-13-9-15-6-3-12(13)2/h3,6,9,11H,4-5,7-8,10H2,1-2H3,(H,16,18)",BZNRCHXVMKBNNF-UHFFFAOYSA-N,247.34199999999993,2.0604199999999997,45.230000000000004,3,1,3,2,1,0.5714285714285714,18,0,0,0.8889368856886929,411.2550604096772,-1.4200000000000002,13.022119949627315,5.9565514830138095,3.5348300651910627,0,0,1,1,1,4,72.44170000000004,nan,True,True,True,False,True,None,None
Q0I,"(4R)-6-chloro-N-(isoquinolin-4-yl)-N-propanoyl-3,4-dihydro-2H-1-benzopyran-4-carboxamide",C22 H19 Cl N2 O3,non-polymer,CCC(=O)N(c1cncc2c1cccc2)C(=O)[C@@H]3CCOc4c3cc(cc4)Cl,CCC(=O)N(C(=O)[C@@H]1CCOc2ccc(Cl)cc21)c1cncc2ccccc12,False,CCC(=O)N(C(=O)[C@@H]1CCOc2ccc(Cl)cc21)c1cncc2ccccc12,"InChI=1S/C22H19ClN2O3/c1-2-21(26)25(19-13-24-12-14-5-3-4-6-16(14)19)22(27)17-9-10-28-20-8-7-15(23)11-18(17)20/h3-8,11-13,17H,2,9-10H2,1H3/t17-/m1/s1",ODIAOSOAUUATBH-QGZVFWFLSA-N,394.8580000000002,4.7241000000000035,59.5,4,0,3,4,3,0.22727272727272727,28,0,0,0.6442626519433676,1061.336150625307,-2.919999999999999,18.443625295249227,7.60093855388446,3.2236877529475896,0,0,1,3,0,6,108.83200000000002,nan,True,True,True,True,True,None,None
PZ6,"(4S)-4-(aminomethyl)-6-chloro-N-(isoquinolin-4-yl)-3,4-dihydro-2H-1-benzopyran-4-carboxamide",C20 H18 Cl N3 O2,non-polymer,c1ccc2c(c1)cncc2NC(=O)[C@]3(CCOc4c3cc(cc4)Cl)CN,NC[C@]1(C(=O)Nc2cncc3ccccc23)CCOc2ccc(Cl)cc21,False,NC[C@]1(C(=O)Nc2cncc3ccccc23)CCOc2ccc(Cl)cc21,"InChI=1S/C20H18ClN3O2/c21-14-5-6-18-16(9-14)20(12-22,7-8-26-18)19(25)24-17-11-23-10-13-3-1-2-4-15(13)17/h1-6,9-11H,7-8,12,22H2,(H,24,25)/t20-/m1/s1",ILSGMAUMNXSNQB-HXUWFJFHSA-N,367.836,3.5059000000000005,77.24,4,2,3,4,3,0.2,26,0,0,0.7422716063463869,986.4571668240699,-2.6299999999999994,16.817847922471973,6.590892054687337,2.6941196555700855,0,0,1,3,0,6,102.66910000000001,nan,True,True,True,True,True,None,None
Q2G,N-(3-chlorophenyl)-N'-(4-methylpyridin-3-yl)urea,C13 H12 Cl N3 O,non-polymer,Cc1ccncc1NC(=O)Nc2cccc(c2)Cl,Cc1ccncc1NC(=O)Nc1cccc(Cl)c1,False,Cc1ccncc1NC(=O)Nc1cccc(Cl)c1,"InChI=1S/C13H12ClN3O/c1-9-5-6-15-8-12(9)17-13(18)16-11-4-2-3-10(14)7-11/h2-8H,1H3,(H2,16,17,18)",SXMQMOJIKMECGG-UHFFFAOYSA-N,261.712,3.6874200000000013,54.02,2,2,2,2,2,0.07692307692307693,18,0,0,0.8662645921240733,571.6677441869939,-2.0699999999999994,12.388578441719476,5.510029590047185,3.2112599236457546,0,0,0,2,0,5,73.06740000000002,nan,True,True,True,False,True,None,None
Q1U,2-(3-chlorophenyl)-N-(6-methoxyisoquinolin-4-yl)acetamide,C18 H15 Cl N2 O2,non-polymer,COc1ccc2cncc(c2c1)NC(=O)Cc3cccc(c3)Cl,COc1ccc2cncc(NC(=O)Cc3cccc(Cl)c3)c2c1,False,COc1ccc2cncc(NC(=O)Cc3cccc(Cl)c3)c2c1,"InChI=1S/C18H15ClN2O2/c1-23-15-6-5-13-10-20-11-17(16(13)9-15)21-18(22)8-12-3-2-4-14(19)7-12/h2-7,9-11H,8H2,1H3,(H,21,22)",RPTKBNCKDMLWOT-UHFFFAOYSA-N,326.783,4.078000000000002,51.22,3,1,4,3,3,0.1111111111111111,23,0,0,0.7856750944674604,864.5194420716363,-2.5899999999999994,15.311239944158608,6.668025309650501,3.6028433262107202,0,0,0,3,0,5,92.08070000000002,nan,True,True,True,True,True,None,None
Q2U,"N-[2-(2-methoxyphenoxy)ethyl]-2-oxo-1,2-dihydroquinoline-4-carboxamide",C19 H18 N2 O4,non-polymer,COc1ccccc1OCCNC(=O)C2=CC(=O)Nc3c2cccc3,COc1ccccc1OCCNC(=O)c1cc(=O)[nH]c2ccccc12,False,COc1ccccc1OCCNC(=O)c1cc(=O)[nH]c2ccccc12,"InChI=1S/C19H18N2O4/c1-24-16-8-4-5-9-17(16)25-11-10-20-19(23)14-12-18(22)21-15-7-3-2-6-13(14)15/h2-9,12H,10-11H2,1H3,(H,20,23)(H,21,22)",IOKPKVSTRDCKNE-UHFFFAOYSA-N,338.363,2.3455000000000004,80.41999999999999,4,2,6,3,3,0.15789473684210525,25,0,0,0.6762186756648363,949.3069994128406,-3.28,16.573336707910446,7.526221268404661,3.7987536757658518,0,0,0,3,0,6,95.3909,nan,True,True,True,True,True,None,Aliphatic_long_chain
Q36,(2R)-2-(3-cyanophenyl)-N-(4-methylpyridin-3-yl)propanamide,C16 H15 N3 O,non-polymer,Cc1ccncc1NC(=O)[C@H](C)c2cccc(c2)C#N,Cc1ccncc1NC(=O)[C@H](C)c1cccc(C#N)c1,False,Cc1ccncc1NC(=O)[C@H](C)c1cccc(C#N)c1,"InChI=1S/C16H15N3O/c1-11-6-7-18-10-15(11)19-16(20)12(2)14-5-3-4-13(8-14)9-17/h3-8,10,12H,1-2H3,(H,19,20)/t12-/m1/s1",QZIZMNNUMXCPSV-GFCCVEGCSA-N,265.316,3.0039000000000016,65.78,3,1,3,2,2,0.1875,20,0,0,0.9272675157398635,673.4173569240609,-2.67,13.754537834434409,5.981362379792423,3.011779177747572,0,0,0,2,0,4,77.17570000000003,nan,True,True,True,True,True,None,None
Q4F,"1-{(1S,4S)-5-[(3-chlorophenyl)methyl]-2,5-diazabicyclo[2.2.1]heptan-2-yl}ethan-1-one",C14 H17 Cl N2 O,non-polymer,CC(=O)N1C[C@@H]2C[C@H]1CN2Cc3cccc(c3)Cl,CC(=O)N1C[C@@H]2C[C@H]1CN2Cc1cccc(Cl)c1,False,CC(=O)N1C[C@@H]2C[C@H]1CN2Cc1cccc(Cl)c1,"InChI=1S/C14H17ClN2O/c1-10(18)17-9-13-6-14(17)8-16(13)7-11-3-2-4-12(15)5-11/h2-5,13-14H,6-9H2,1H3/t13-,14-/m0/s1",YIAJPHRNXAQOJC-KBPBESRZSA-N,264.756,2.1449999999999996,23.550000000000004,2,0,2,3,1,0.5,18,0,0,0.8172187627694303,476.61672525206325,-1.06,11.998586610972906,4.5576052682683885,2.1275626757155193,0,2,2,1,2,4,71.44200000000004,nan,True,True,True,False,True,None,None
Q3U,N-(5-aminopyridin-3-yl)-N'-(3-chlorophenyl)urea,C12 H11 Cl N4 O,non-polymer,c1cc(cc(c1)Cl)NC(=O)Nc2cc(cnc2)N,Nc1cncc(NC(=O)Nc2cccc(Cl)c2)c1,False,Nc1cncc(NC(=O)Nc2cccc(Cl)c2)c1,"InChI=1S/C12H11ClN4O/c13-8-2-1-3-10(4-8)16-12(18)17-11-5-9(14)6-15-7-11/h1-7H,14H2,(H2,16,17,18)",NNDMILIBNSMJII-UHFFFAOYSA-N,262.70000000000005,2.9612,80.04,3,3,2,2,2,0.0,18,0,0,0.7783251013796475,524.0087980163377,-2.27,12.19389172429883,5.374585175075955,3.360839494532674,0,0,0,2,0,6,72.7428,nan,True,True,True,False,True,None,None
Q45,2-[(2S)-2-{2-[(methanesulfonyl)amino]ethyl}piperidin-1-yl]-N-(pyridin-3-yl)acetamide,C15 H24 N4 O3 S,non-polymer,CS(=O)(=O)NCC[C@@H]1CCCCN1CC(=O)Nc2cccnc2,CS(=O)(=O)NCC[C@@H]1CCCCN1CC(=O)Nc1cccnc1,False,CS(=O)(=O)NCC[C@@H]1CCCCN1CC(=O)Nc1cccnc1,"InChI=1S/C15H24N4O3S/c1-23(21,22)17-9-7-14-6-2-3-10-19(14)12-15(20)18-13-5-4-8-16-11-13/h4-5,8,11,14,17H,2-3,6-7,9-10,12H2,1H3,(H,18,20)/t14-/m0/s1",PYUPQBFSNMZSNT-AWEZNQCLSA-N,340.44899999999996,0.8139000000000003,91.4,5,2,7,2,1,0.6,23,0,0,0.7664821203721115,606.4078209310914,-1.5100000000000002,17.837805387938833,8.3724157864963,6.636152506048453,0,0,1,1,1,8,89.54220000000004,nan,True,True,True,True,True,None,None
Q4R,N~2~-methyl-N-(4-methylpyridin-3-yl)-N~2~-(quinoline-8-sulfonyl)glycinamide,C18 H18 N4 O3 S,non-polymer,Cc1ccncc1NC(=O)CN(C)S(=O)(=O)c2cccc3c2nccc3,Cc1ccncc1NC(=O)CN(C)S(=O)(=O)c1cccc2cccnc12,False,Cc1ccncc1NC(=O)CN(C)S(=O)(=O)c1cccc2cccnc12,"InChI=1S/C18H18N4O3S/c1-13-8-10-19-11-15(13)21-17(23)12-22(2)26(24,25)16-7-3-5-14-6-4-9-20-18(14)16/h3-11H,12H2,1-2H3,(H,21,23)",SLABCQCJIBADKR-UHFFFAOYSA-N,370.434,2.19742,92.26,5,1,5,3,3,0.16666666666666666,26,0,0,0.7432164091911301,1061.479084922123,-2.8399999999999994,17.966223318614603,7.185378863808323,3.5585491654424097,0,0,0,3,0,8,99.16250000000002,nan,True,True,True,True,True,None,None
VJA,N-[(benzyloxy)carbonyl]-L-valyl-N-{(2R)-1-hydroxy-3-[(3S)-2-oxopyrrolidin-3-yl]propan-2-yl}-L-leucinamide,C26 H40 N4 O6,non-polymer,CC(C)C[C@@H](C(=O)N[C@H](C[C@@H]1CCNC1=O)CO)NC(=O)[C@H](C(C)C)NC(=O)OCc2ccccc2,CC(C)C[C@H](NC(=O)[C@@H](NC(=O)OCc1ccccc1)C(C)C)C(=O)N[C@@H](CO)C[C@@H]1CCNC1=O,False,CC(C)C[C@H](NC(=O)[C@@H](NC(=O)OCc1ccccc1)C(C)C)C(=O)N[C@@H](CO)C[C@@H]1CCNC1=O,"InChI=1S/C26H40N4O6/c1-16(2)12-21(24(33)28-20(14-31)13-19-10-11-27-23(19)32)29-25(34)22(17(3)4)30-26(35)36-15-18-8-6-5-7-9-18/h5-9,16-17,19-22,31H,10-15H2,1-4H3,(H,27,32)(H,28,33)(H,29,34)(H,30,35)/t19-,20+,21-,22-/m0/s1",GLZAWCKOCLSXEU-LRSLUSHPSA-N,504.62800000000016,1.4716000000000025,145.85999999999999,6,5,13,2,1,0.6153846153846154,36,0,0,0.2750131535477943,876.4451957056316,-3.1399999999999997,29.092778101274522,14.426783488837355,9.485120014494814,0,0,1,1,1,10,134.52459999999994,nan,True,False,False,False,True,None,None
H37,D-phenylalanyl-N-[(3S)-6-carbamimidamido-1-chloro-2-oxohexan-3-yl]-L-phenylalaninamide,C25 H33 Cl N6 O3,peptide-like,[H]/N=C(\N)/NCCC[C@@H](C(=O)CCl)NC(=O)[C@H](Cc1ccccc1)NC(=O)[C@@H](Cc2ccccc2)N,[H]/N=C(\N)NCCC[C@H](NC(=O)[C@H](Cc1ccccc1)NC(=O)[C@H](N)Cc1ccccc1)C(=O)CCl,False,[H]/N=C(\N)NCCC[C@H](NC(=O)[C@H](Cc1ccccc1)NC(=O)[C@H](N)Cc1ccccc1)C(=O)CCl,"InChI=1S/C25H33ClN6O3/c26-16-22(33)20(12-7-13-30-25(28)29)31-24(35)21(15-18-10-5-2-6-11-18)32-23(34)19(27)14-17-8-3-1-4-9-17/h1-6,8-11,19-21H,7,12-16,27H2,(H,31,35)(H,32,34)(H4,28,29,30)/t19-,20+,21+/m1/s1",PJFSUJMJVYGASC-HKBOAZHASA-N,501.03100000000023,0.8398700000000028,163.19,5,6,14,2,2,0.36,35,0,0,0.09733177759503828,1009.3688406442162,-3.4299999999999993,26.17958614746826,14.749958127251507,10.15495683413975,0,0,0,2,0,10,137.00659999999993,nan,False,False,False,False,False,None,Aliphatic_long_chain; alkyl_halide; imine_1; imine_2
SV6,"(1S,3aR,6aS)-2-[(2S)-2-({(2S)-2-cyclohexyl-2-[(pyrazin-2-ylcarbonyl)amino]acetyl}amino)-3,3-dimethylbutanoyl]-N-[(2R,3S)-1-(cyclopropylamino)-2-hydroxy-1-oxohexan-3-yl]octahydrocyclopenta[c]pyrrole-1-carboxamide",C36 H55 N7 O6,peptide-like,CCC[C@@H]([C@H](C(=O)NC1CC1)O)NC(=O)[C@@H]2[C@H]3CCC[C@H]3CN2C(=O)[C@H](C(C)(C)C)NC(=O)[C@H](C4CCCCC4)NC(=O)c5cnccn5,CCC[C@H](NC(=O)[C@@H]1[C@H]2CCC[C@H]2CN1C(=O)[C@@H](NC(=O)[C@@H](NC(=O)c1cnccn1)C1CCCCC1)C(C)(C)C)[C@@H](O)C(=O)NC1CC1,False,CCC[C@H](NC(=O)[C@@H]1[C@H]2CCC[C@H]2CN1C(=O)[C@@H](NC(=O)[C@@H](NC(=O)c1cnccn1)C1CCCCC1)C(C)(C)C)[C@@H](O)C(=O)NC1CC1,"InChI=1S/C36H55N7O6/c1-5-10-25(29(44)34(48)39-23-15-16-23)40-33(47)28-24-14-9-13-22(24)20-43(28)35(49)30(36(2,3)4)42-32(46)27(21-11-7-6-8-12-21)41-31(45)26-19-37-17-18-38-26/h17-19,21-25,27-30,44H,5-16,20H2,1-4H3,(H,39,48)(H,40,47)(H,41,45)(H,42,46)/t22-,24-,25-,27-,28-,29+,30+/m0/s1",FTZGWEAUHOMNIG-FJRGXGLZSA-N,681.8789999999999,2.237700000000003,182.71999999999997,8,5,13,5,1,0.75,49,0,0,0.21009677722498124,1342.8355014965891,-3.6100000000000003,36.66506172592529,15.94803910992248,8.952823155369664,0,0,4,1,4,13,181.58909999999952,nan,True,False,False,False,False,None,None
DIO,"1,4-DIETHYLENE DIOXIDE",C4 H8 O2,non-polymer,C1COCCO1,C1COCCO1,False,C1COCCO1,InChI=1S/C4H8O2/c1-2-6-4-3-5-1/h1-4H2,RYHBNJHYFVUHQT-UHFFFAOYSA-N,88.106,0.03320000000000001,18.46,2,0,0,1,0,1.0,6,0,0,0.4157492501598946,21.019550008653873,-0.08,4.088918918918919,2.157216946676406,0.9536924762600438,0,0,1,0,1,2,21.637999999999995,nan,True,True,True,False,False,None,None
YVP,N-{3-[(prop-2-yn-1-yl)oxy]propanoyl}-D-phenylalanyl-N-[(3S)-6-carbamimidamido-2-oxohexan-3-yl]-L-phenylalaninamide,C31 H40 N6 O5,non-polymer,[H]/N=C(/N)\NCCC[C@@H](C(=O)C)NC(=O)[C@H](Cc1ccccc1)NC(=O)[C@@H](Cc2ccccc2)NC(=O)CCOCC#C,[H]/N=C(/N)NCCC[C@H](NC(=O)[C@H](Cc1ccccc1)NC(=O)[C@@H](Cc1ccccc1)NC(=O)CCOCC#C)C(C)=O,False,[H]/N=C(/N)NCCC[C@H](NC(=O)[C@H](Cc1ccccc1)NC(=O)[C@@H](Cc1ccccc1)NC(=O)CCOCC#C)C(C)=O,"InChI=1S/C31H40N6O5/c1-3-18-42-19-16-28(39)35-26(20-23-11-6-4-7-12-23)29(40)37-27(21-24-13-8-5-9-14-24)30(41)36-25(22(2)38)15-10-17-34-31(32)33/h1,4-9,11-14,25-27H,10,15-21H2,2H3,(H,35,39)(H,36,41)(H,37,40)(H4,32,33,34)/t25-,26+,27-/m0/s1",JNSZEVHYEISGKR-VJGNERBWSA-N,576.6980000000001,0.8183700000000043,175.49999999999997,6,6,18,2,2,0.3870967741935484,42,0,0,0.06588097788452774,1252.319438231766,-4.6899999999999995,31.832566808611094,18.61879966288791,13.108955795638858,0,0,0,2,0,11,160.1848999999997,nan,False,False,False,False,False,None,Aliphatic_long_chain; imine_1; imine_2; triple_bond
YVY,N-{3-[(prop-2-yn-1-yl)oxy]propanoyl}-D-phenylalanyl-N-[(3S)-6-(carbamoylamino)-2-oxohexan-3-yl]-L-phenylalaninamide,C31 H39 N5 O6,non-polymer,CC(=O)[C@H](CCCNC(=O)N)NC(=O)[C@H](Cc1ccccc1)NC(=O)[C@@H](Cc2ccccc2)NC(=O)CCOCC#C,C#CCOCCC(=O)N[C@H](Cc1ccccc1)C(=O)N[C@@H](Cc1ccccc1)C(=O)N[C@@H](CCCNC(N)=O)C(C)=O,False,C#CCOCCC(=O)N[C@H](Cc1ccccc1)C(=O)N[C@@H](Cc1ccccc1)C(=O)N[C@@H](CCCNC(N)=O)C(C)=O,"InChI=1S/C31H39N5O6/c1-3-18-42-19-16-28(38)34-26(20-23-11-6-4-7-12-23)29(39)36-27(21-24-13-8-5-9-14-24)30(40)35-25(22(2)37)15-10-17-33-31(32)41/h1,4-9,11-14,25-27H,10,15-21H2,2H3,(H,34,38)(H,35,40)(H,36,39)(H3,32,33,41)/t25-,26+,27-/m0/s1",VYPOUUBVMAOAGP-VJGNERBWSA-N,577.6820000000001,1.0036000000000047,168.71999999999997,6,5,18,2,2,0.3870967741935484,42,0,0,0.13082962993757327,1215.3268805099374,-4.6899999999999995,33.51609732756877,18.61879966288791,13.108955795638858,0,0,0,2,0,11,157.8541999999998,nan,True,False,False,False,False,None,Aliphatic_long_chain; triple_bond
YVA,ethyl (4R)-4-({3-cyclopropyl-N-[(2E)-3-(4-ethynylphenyl)prop-2-enoyl]-L-alanyl}amino)-5-[(3S)-2-oxopyrrolidin-3-yl]pentanoate,C28 H35 N3 O5,non-polymer,CCOC(=O)CC[C@H](C[C@@H]1CCNC1=O)NC(=O)[C@H](CC2CC2)NC(=O)/C=C/c3ccc(cc3)C#C,C#Cc1ccc(/C=C/C(=O)N[C@@H](CC2CC2)C(=O)N[C@H](CCC(=O)OCC)C[C@@H]2CCNC2=O)cc1,False,C#Cc1ccc(/C=C/C(=O)N[C@@H](CC2CC2)C(=O)N[C@H](CCC(=O)OCC)C[C@@H]2CCNC2=O)cc1,"InChI=1S/C28H35N3O5/c1-3-19-5-7-20(8-6-19)11-13-25(32)31-24(17-21-9-10-21)28(35)30-23(12-14-26(33)36-4-2)18-22-15-16-29-27(22)34/h1,5-8,11,13,21-24H,4,9-10,12,14-18H2,2H3,(H,29,34)(H,30,35)(H,31,32)/b13-11+/t22-,23+,24-/m0/s1",JMWBRPAKKKBHFQ-NQRMBFEXSA-N,493.60400000000027,2.3203000000000014,113.6,5,3,13,3,1,0.5,36,0,0,0.22175276437233932,1007.0066370718989,-3.5999999999999996,26.99525419145484,13.47847800237812,8.87913062283737,0,0,2,1,2,8,136.21409999999995,nan,True,False,True,False,True,None,Michael_acceptor_1; triple_bond
YV7,D-phenylalanyl-N-{(2R)-5-ethoxy-5-oxo-1-[(3S)-2-oxopyrrolidin-3-yl]pentan-2-yl}-4-fluoro-L-phenylalaninamide,C29 H37 F N4 O5,non-polymer,CCOC(=O)CC[C@H](C[C@@H]1CCNC1=O)NC(=O)[C@H](Cc2ccc(cc2)F)NC(=O)[C@@H](Cc3ccccc3)N,CCOC(=O)CC[C@H](C[C@@H]1CCNC1=O)NC(=O)[C@H](Cc1ccc(F)cc1)NC(=O)[C@H](N)Cc1ccccc1,False,CCOC(=O)CC[C@H](C[C@@H]1CCNC1=O)NC(=O)[C@H](Cc1ccc(F)cc1)NC(=O)[C@H](N)Cc1ccccc1,"InChI=1S/C29H37FN4O5/c1-2-39-26(35)13-12-23(18-21-14-15-32-27(21)36)33-29(38)25(17-20-8-10-22(30)11-9-20)34-28(37)24(31)16-19-6-4-3-5-7-19/h3-11,21,23-25H,2,12-18,31H2,1H3,(H,32,36)(H,33,38)(H,34,37)/t21-,23+,24+,25-/m0/s1",OAHGUBRTPCCHJJ-QVQNZMNRSA-N,540.6360000000002,1.7773000000000032,139.62,6,4,14,3,2,0.4482758620689655,39,0,0,0.2694992705968482,1112.4208107685038,-3.789999999999999,29.76136412443275,14.96615995769372,9.790328618423239,0,0,1,2,1,10,143.6874999999999,nan,True,False,False,False,True,None,None
YVD,4-fluoro-D-phenylalanyl-N-{(2R)-5-ethoxy-5-oxo-1-[(3S)-2-oxopyrrolidin-3-yl]pentan-2-yl}-4-fluoro-L-phenylalaninamide,C29 H36 F2 N4 O5,non-polymer,CCOC(=O)CC[C@H](C[C@@H]1CCNC1=O)NC(=O)[C@H](Cc2ccc(cc2)F)NC(=O)[C@@H](Cc3ccc(cc3)F)N,CCOC(=O)CC[C@H](C[C@@H]1CCNC1=O)NC(=O)[C@H](Cc1ccc(F)cc1)NC(=O)[C@H](N)Cc1ccc(F)cc1,False,CCOC(=O)CC[C@H](C[C@@H]1CCNC1=O)NC(=O)[C@H](Cc1ccc(F)cc1)NC(=O)[C@H](N)Cc1ccc(F)cc1,"InChI=1S/C29H36F2N4O5/c1-2-40-26(36)12-11-23(17-20-13-14-33-27(20)37)34-29(39)25(16-19-5-9-22(31)10-6-19)35-28(38)24(32)15-18-3-7-21(30)8-4-18/h3-10,20,23-25H,2,11-17,32H2,1H3,(H,33,37)(H,34,39)(H,35,38)/t20-,23+,24+,25-/m0/s1",WOTTZMBQRDTTCI-KTJVCJKDSA-N,558.6260000000002,1.9164000000000032,139.62,6,4,14,3,2,0.4482758620689655,40,0,0,0.26141207252618553,1160.0192485674966,-3.859999999999999,30.67822901247825,15.06561056516425,9.71015197366247,0,0,1,2,1,11,143.6454999999999,nan,True,False,False,False,True,None,None
YVG,D-phenylalanyl-N-{(2R)-5-ethoxy-5-oxo-1-[(3S)-2-oxopyrrolidin-3-yl]pentan-2-yl}-L-phenylalaninamide,C29 H38 N4 O5,non-polymer,CCOC(=O)CC[C@H](C[C@@H]1CCNC1=O)NC(=O)[C@H](Cc2ccccc2)NC(=O)[C@@H](Cc3ccccc3)N,CCOC(=O)CC[C@H](C[C@@H]1CCNC1=O)NC(=O)[C@H](Cc1ccccc1)NC(=O)[C@H](N)Cc1ccccc1,False,CCOC(=O)CC[C@H](C[C@@H]1CCNC1=O)NC(=O)[C@H](Cc1ccccc1)NC(=O)[C@H](N)Cc1ccccc1,"InChI=1S/C29H38N4O5/c1-2-38-26(34)14-13-23(19-22-15-16-31-27(22)35)32-29(37)25(18-21-11-7-4-8-12-21)33-28(36)24(30)17-20-9-5-3-6-10-20/h3-12,22-25H,2,13-19,30H2,1H3,(H,31,35)(H,32,37)(H,33,36)/t22-,23+,24+,25-/m0/s1",OCJALNNRTNBTPO-LIONHTAISA-N,522.6460000000002,1.6382000000000045,139.62,6,4,14,3,2,0.4482758620689655,38,0,0,0.27825956338647684,1063.1528549266939,-3.7199999999999993,28.845155977822863,14.877016574813178,9.298821875696293,0,0,1,2,1,9,143.7294999999999,nan,True,False,False,False,True,None,None
YVV,N-{3-[(prop-2-yn-1-yl)oxy]propanoyl}-D-phenylalanyl-N-{(2R)-5-ethoxy-5-oxo-1-[(3S)-2-oxopyrrolidin-3-yl]pentan-2-yl}-L-phenylalaninamide,C35 H44 N4 O7,non-polymer,CCOC(=O)CC[C@H](C[C@@H]1CCNC1=O)NC(=O)[C@H](Cc2ccccc2)NC(=O)[C@@H](Cc3ccccc3)NC(=O)CCOCC#C,C#CCOCCC(=O)N[C@H](Cc1ccccc1)C(=O)N[C@@H](Cc1ccccc1)C(=O)N[C@H](CCC(=O)OCC)C[C@@H]1CCNC1=O,False,C#CCOCCC(=O)N[C@H](Cc1ccccc1)C(=O)N[C@@H](Cc1ccccc1)C(=O)N[C@H](CCC(=O)OCC)C[C@@H]1CCNC1=O,"InChI=1S/C35H44N4O7/c1-3-20-45-21-18-31(40)38-29(22-25-11-7-5-8-12-25)35(44)39-30(23-26-13-9-6-10-14-26)34(43)37-28(15-16-32(41)46-4-2)24-27-17-19-36-33(27)42/h1,5-14,27-30H,4,15-24H2,2H3,(H,36,42)(H,37,43)(H,38,40)(H,39,44)/t27-,28+,29+,30-/m0/s1",DFVBMNVNJFHZTI-KJHMZRPRSA-N,632.758,1.8356000000000054,151.92999999999998,7,4,19,3,2,0.45714285714285713,46,0,0,0.10481880749825086,1329.4610240289207,-4.6899999999999995,35.78528034161798,19.64480992480138,12.734097380056632,0,0,1,2,1,11,171.95379999999957,nan,True,False,False,False,False,None,Aliphatic_long_chain; triple_bond
YVJ,4-fluoro-D-phenylalanyl-N-{(2R)-5-ethoxy-5-oxo-1-[(3S)-2-oxopyrrolidin-3-yl]pentan-2-yl}-L-phenylalaninamide,C29 H37 F N4 O5,non-polymer,CCOC(=O)CC[C@H](C[C@@H]1CCNC1=O)NC(=O)[C@H](Cc2ccccc2)NC(=O)[C@@H](Cc3ccc(cc3)F)N,CCOC(=O)CC[C@H](C[C@@H]1CCNC1=O)NC(=O)[C@H](Cc1ccccc1)NC(=O)[C@H](N)Cc1ccc(F)cc1,False,CCOC(=O)CC[C@H](C[C@@H]1CCNC1=O)NC(=O)[C@H](Cc1ccccc1)NC(=O)[C@H](N)Cc1ccc(F)cc1,"InChI=1S/C29H37FN4O5/c1-2-39-26(35)13-12-23(18-21-14-15-32-27(21)36)33-29(38)25(17-19-6-4-3-5-7-19)34-28(37)24(31)16-20-8-10-22(30)11-9-20/h3-11,21,23-25H,2,12-18,31H2,1H3,(H,32,36)(H,33,38)(H,34,37)/t21-,23+,24+,25-/m0/s1",NURFMZSCLLICCV-QVQNZMNRSA-N,540.6360000000002,1.777300000000004,139.62,6,4,14,3,2,0.4482758620689655,39,0,0,0.2694992705968482,1112.4208107685038,-3.789999999999999,29.76136412443275,14.96615995769372,9.790328618423239,0,0,1,2,1,10,143.68749999999991,nan,True,False,False,False,True,None,None
YVM,4-fluoro-N-{3-[(prop-2-yn-1-yl)oxy]propanoyl}-D-phenylalanyl-N-{(2R)-5-ethoxy-5-oxo-1-[(3S)-2-oxopyrrolidin-3-yl]pentan-2-yl}-L-phenylalaninamide,C35 H43 F N4 O7,non-polymer,CCOC(=O)CC[C@H](C[C@@H]1CCNC1=O)NC(=O)[C@H](Cc2ccccc2)NC(=O)[C@@H](Cc3ccc(cc3)F)NC(=O)CCOCC#C,C#CCOCCC(=O)N[C@H](Cc1ccc(F)cc1)C(=O)N[C@@H](Cc1ccccc1)C(=O)N[C@H](CCC(=O)OCC)C[C@@H]1CCNC1=O,False,C#CCOCCC(=O)N[C@H](Cc1ccc(F)cc1)C(=O)N[C@@H](Cc1ccccc1)C(=O)N[C@H](CCC(=O)OCC)C[C@@H]1CCNC1=O,"InChI=1S/C35H43FN4O7/c1-3-19-46-20-17-31(41)39-29(22-25-10-12-27(36)13-11-25)35(45)40-30(21-24-8-6-5-7-9-24)34(44)38-28(14-15-32(42)47-4-2)23-26-16-18-37-33(26)43/h1,5-13,26,28-30H,4,14-23H2,2H3,(H,37,43)(H,38,44)(H,39,41)(H,40,45)/t26-,28+,29+,30-/m0/s1",AMUUPQIKCDYOIG-XQVPNCLKSA-N,650.748,1.9747000000000043,151.92999999999998,7,4,19,3,2,0.45714285714285713,47,0,0,0.10313608568556495,1380.546470995583,-4.759999999999999,36.705486627273885,19.68755879422775,13.245322456139302,0,0,1,2,1,12,171.9117999999996,nan,True,False,False,False,False,None,Aliphatic_long_chain; triple_bond
ZL7,"(2R,3S)-N-cyclopropyl-3-{[(2R)-3-(cyclopropylmethanesulfonyl)-2-{[(1S)-2,2,2-trifluoro-1-(4-fluorophenyl)ethyl]amino}propanoyl]amino}-2-hydroxypentanamide (non-preferred name)",C23 H31 F4 N3 O5 S,non-polymer,CC[C@@H]([C@H](C(=O)NC1CC1)O)NC(=O)[C@H](CS(=O)(=O)CC2CC2)N[C@@H](c3ccc(cc3)F)C(F)(F)F,CC[C@H](NC(=O)[C@H](CS(=O)(=O)CC1CC1)N[C@@H](c1ccc(F)cc1)C(F)(F)F)[C@@H](O)C(=O)NC1CC1,False,CC[C@H](NC(=O)[C@H](CS(=O)(=O)CC1CC1)N[C@@H](c1ccc(F)cc1)C(F)(F)F)[C@@H](O)C(=O)NC1CC1,"InChI=1S/C23H31F4N3O5S/c1-2-17(19(31)22(33)28-16-9-10-16)30-21(32)18(12-36(34,35)11-13-3-4-13)29-20(23(25,26)27)14-5-7-15(24)8-6-14/h5-8,13,16-20,29,31H,2-4,9-12H2,1H3,(H,28,33)(H,30,32)/t17-,18-,19+,20-/m0/s1",DXQKITXDEYCCEL-HAGHYFMRSA-N,537.5760000000002,1.7464000000000002,124.6,6,4,13,3,1,0.6521739130434783,36,0,0,0.2844053232859138,1027.1799097578585,-2.249999999999999,28.323328769132964,11.427252568956192,8.409267169692408,0,0,2,1,2,13,122.89070000000004,nan,True,False,True,False,True,None,None
U5G,boceprevir (bound form),C27 H47 N5 O5,non-polymer,CC1([C@@H]2[C@H]1[C@H](N(C2)C(=O)[C@H](C(C)(C)C)NC(=O)NC(C)(C)C)C(=O)N[C@@H](CC3CCC3)[C@H](C(=O)N)O)C,CC(C)(C)NC(=O)N[C@H](C(=O)N1C[C@H]2[C@@H]([C@H]1C(=O)N[C@@H](CC1CCC1)[C@@H](O)C(N)=O)C2(C)C)C(C)(C)C,False,CC(C)(C)NC(=O)N[C@H](C(=O)N1C[C@H]2[C@@H]([C@H]1C(=O)N[C@@H](CC1CCC1)[C@@H](O)C(N)=O)C2(C)C)C(C)(C)C,"InChI=1S/C27H47N5O5/c1-25(2,3)20(30-24(37)31-26(4,5)6)23(36)32-13-15-17(27(15,7)8)18(32)22(35)29-16(19(33)21(28)34)12-14-10-9-11-14/h14-20,33H,9-13H2,1-8H3,(H2,28,34)(H,29,35)(H2,30,31,37)/t15-,16-,17-,18-,19+,20+/m0/s1",FEBWCINGHXXUCV-GFLQDLJJSA-N,521.7030000000004,1.5030000000000034,153.86,5,5,8,3,0,0.8518518518518519,37,0,0,0.32754232320817966,917.1280791254146,-2.3600000000000003,29.19973617970672,10.075834321826331,6.382300755399872,0,0,3,0,3,10,140.01530000000002,nan,True,False,False,False,False,None,None
U88,"5-nitro-1,3-thiazole",C3 H2 N2 O2 S,non-polymer,c1c(scn1)N(=O)=O,O=[N+]([O-])c1cncs1,False,O=[N+]([O-])c1cncs1,InChI=1S/C3H2N2O2S/c6-5(7)3-1-4-2-8-3/h1-2H,VVVCJCRUFSIVHI-UHFFFAOYSA-N,130.128,1.0513,56.03,4,0,1,1,1,0.0,8,0,0,0.4214046760768209,183.17330963176755,-0.97,5.172247510668563,1.871017207315593,0.8120377352488897,0,0,0,1,0,5,28.768400000000003,nan,True,True,True,False,False,None,nitro_group; Oxygen-nitrogen_single_bond
90I,"benzyl (S)-2-(((S)-3,4-dioxo-1-((S)-2-oxopyrrolidin-3-yl)-4-(phenethylamino)butan-2-yl)carbamoyl)pyrrolidine-1-carboxylate",C29 H36 N4 O6,non-polymer,c1ccc(cc1)CCNC(=O)[C@@H]([C@H](C[C@@H]2CCNC2=O)NC(=O)[C@@H]3CCCN3C(=O)OCc4ccccc4)O,O=C1NCC[C@H]1C[C@H](NC(=O)[C@@H]1CCCN1C(=O)OCc1ccccc1)[C@@H](O)C(=O)NCCc1ccccc1,False,O=C1NCC[C@H]1C[C@H](NC(=O)[C@@H]1CCCN1C(=O)OCc1ccccc1)[C@@H](O)C(=O)NCCc1ccccc1,"InChI=1S/C29H36N4O6/c34-25(28(37)31-15-13-20-8-3-1-4-9-20)23(18-22-14-16-30-26(22)35)32-27(36)24-12-7-17-33(24)29(38)39-19-21-10-5-2-6-11-21/h1-6,8-11,22-25,34H,7,12-19H2,(H,30,35)(H,31,37)(H,32,36)/t22-,23-,24-,25+/m0/s1",AJCTZJFZKXWMHB-OJJQZRKESA-N,536.6290000000005,1.5184000000000015,137.07000000000002,6,4,11,4,2,0.4482758620689655,39,0,0,0.34377417495396173,1129.1124055063888,-3.9199999999999995,28.097318692182757,13.749554814641778,7.794391168316366,0,0,2,2,2,10,143.18189999999984,nan,True,False,False,False,True,None,None
4IO,5-chloropyridin-3-yl 1-(3-nitrobenzene-1-sulfonyl)-1H-indole-5-carboxylate,C20 H12 Cl N3 O6 S,non-polymer,c1cc(cc(c1)S(=O)(=O)n2ccc3c2ccc(c3)C(=O)Oc4cc(cnc4)Cl)[N+](=O)[O-],O=C(Oc1cncc(Cl)c1)c1ccc2c(ccn2S(=O)(=O)c2cccc([N+](=O)[O-])c2)c1,False,O=C(Oc1cncc(Cl)c1)c1ccc2c(ccn2S(=O)(=O)c2cccc([N+](=O)[O-])c2)c1,"InChI=1S/C20H12ClN3O6S/c21-15-9-17(12-22-11-15)30-20(25)14-4-5-19-13(8-14)6-7-23(19)31(28,29)18-3-1-2-16(10-18)24(26)27/h1-12H",LXKXHISGOOZAGB-UHFFFAOYSA-N,457.85100000000017,4.054100000000003,121.4,8,0,5,4,4,0.0,31,0,0,0.25144901412472115,1448.3397798682013,-3.76,20.510261190896117,7.818201889345197,3.9800625161081413,0,0,0,4,0,11,111.82370000000002,nan,True,True,True,True,True,None,nitro_group; Oxygen-nitrogen_single_bond
90X,"(S)-1-(2-(2,4-dichlorophenoxy)acetyl)-N-((S)-3,4-dioxo-1-((S)-2-oxopyrrolidin-3-yl)-4-(phenethylamino)butan-2-yl)pyrrolidine-2-carboxamide",C29 H34 Cl2 N4 O6,non-polymer,c1ccc(cc1)CCNC(=O)[C@@H]([C@H](C[C@@H]2CCNC2=O)NC(=O)[C@@H]3CCCN3C(=O)COc4ccc(cc4Cl)Cl)O,O=C1NCC[C@H]1C[C@H](NC(=O)[C@@H]1CCCN1C(=O)COc1ccc(Cl)cc1Cl)[C@@H](O)C(=O)NCCc1ccccc1,False,O=C1NCC[C@H]1C[C@H](NC(=O)[C@@H]1CCCN1C(=O)COc1ccc(Cl)cc1Cl)[C@@H](O)C(=O)NCCc1ccccc1,"InChI=1S/C29H34Cl2N4O6/c30-20-8-9-24(21(31)16-20)41-17-25(36)35-14-4-7-23(35)28(39)34-22(15-19-11-13-32-27(19)38)26(37)29(40)33-12-10-18-5-2-1-3-6-18/h1-3,5-6,8-9,16,19,22-23,26,37H,4,7,10-15,17H2,(H,32,38)(H,33,40)(H,34,39)/t19-,22-,23-,26+/m0/s1",GYPKOWHKPVSQIO-RZOLNQLPSA-N,605.5190000000003,2.0940000000000007,137.07000000000002,6,4,12,4,2,0.4482758620689655,41,0,0,0.2927058569166494,1247.0674581803014,-3.3399999999999994,30.614733856444907,14.52118297923134,8.341781122352382,0,0,2,2,2,12,153.51889999999977,nan,True,False,False,False,False,None,None
I70,"(1R,2S,5S)-N-{(2S,3R)-4-amino-3-hydroxy-4-oxo-1-[(3S)-2-oxopyrrolidin-3-yl]butan-2-yl}-3-[N-(tert-butylcarbamoyl)-3-methyl-L-valyl]-6,6-dimethyl-3-azabicyclo[3.1.0]hexane-2-carboxamide",C27 H46 N6 O6,non-polymer,CC1([C@@H]2[C@H]1[C@H](N(C2)C(=O)[C@H](C(C)(C)C)NC(=O)NC(C)(C)C)C(=O)N[C@@H](C[C@@H]3CCNC3=O)[C@H](C(=O)N)O)C,CC(C)(C)NC(=O)N[C@H](C(=O)N1C[C@H]2[C@@H]([C@H]1C(=O)N[C@@H](C[C@@H]1CCNC1=O)[C@@H](O)C(N)=O)C2(C)C)C(C)(C)C,False,CC(C)(C)NC(=O)N[C@H](C(=O)N1C[C@H]2[C@@H]([C@H]1C(=O)N[C@@H](C[C@@H]1CCNC1=O)[C@@H](O)C(N)=O)C2(C)C)C(C)(C)C,"InChI=1S/C27H46N6O6/c1-25(2,3)19(31-24(39)32-26(4,5)6)23(38)33-12-14-16(27(14,7)8)17(33)22(37)30-15(18(34)20(28)35)11-13-9-10-29-21(13)36/h13-19,34H,9-12H2,1-8H3,(H2,28,35)(H,29,36)(H,30,37)(H2,31,32,39)/t13-,14-,15-,16-,17-,18+,19+/m0/s1",PGHPGMLPXLZINT-UYYZUGKPSA-N,550.7010000000004,-0.1609999999999936,182.96,6,6,8,3,0,0.8148148148148148,39,0,0,0.24394633497807863,1015.2181191418839,-2.8900000000000006,30.648642955204107,10.589396496122605,6.644552650898528,0,0,3,0,3,12,143.791,nan,False,False,False,False,False,None,None
8ZI,"(1R,2S,5S)-N-{(2S,3R)-4-amino-3-hydroxy-4-oxo-1-[(3S)-2-oxopyrrolidin-3-yl]butan-2-yl}-3-[N-(3,3-dimethylbutanoyl)-3-methyl-L-valyl]-6,6-dimethyl-3-azabicyclo[3.1.0]hexane-2-carboxamide",C28 H47 N5 O6,non-polymer,CC1([C@@H]2[C@H]1[C@H](N(C2)C(=O)[C@H](C(C)(C)C)NC(=O)CC(C)(C)C)C(=O)N[C@@H](C[C@@H]3CCNC3=O)[C@H](C(=O)N)O)C,CC(C)(C)CC(=O)N[C@H](C(=O)N1C[C@H]2[C@@H]([C@H]1C(=O)N[C@@H](C[C@@H]1CCNC1=O)[C@@H](O)C(N)=O)C2(C)C)C(C)(C)C,False,CC(C)(C)CC(=O)N[C@H](C(=O)N1C[C@H]2[C@@H]([C@H]1C(=O)N[C@@H](C[C@@H]1CCNC1=O)[C@@H](O)C(N)=O)C2(C)C)C(C)(C)C,"InChI=1S/C28H47N5O6/c1-26(2,3)12-17(34)32-21(27(4,5)6)25(39)33-13-15-18(28(15,7)8)19(33)24(38)31-16(20(35)22(29)36)11-14-9-10-30-23(14)37/h14-16,18-21,35H,9-13H2,1-8H3,(H2,29,36)(H,30,37)(H,31,38)(H,32,34)/t14-,15-,16-,18-,19-,20+,21+/m0/s1",AQCHRJCCMXXILC-CMBJTQIYSA-N,549.7130000000003,0.29370000000000585,170.93,6,5,9,3,0,0.8214285714285714,39,0,0,0.2767161014310403,1012.8942784125747,-2.6900000000000004,30.845895295907543,10.705911553790834,6.727970457939901,0,0,3,0,3,11,144.58529999999996,nan,True,False,False,False,False,None,None
90U,"benzyl (1R,2S,5S)-2-({(2S,3R)-4-amino-3-hydroxy-4-oxo-1-[(3S)-2-oxopyrrolidin-3-yl]butan-2-yl}carbamoyl)-6,6-dimethyl-3-azabicyclo[3.1.0]hexane-3-carboxylate",C24 H32 N4 O6,non-polymer,CC1([C@@H]2[C@H]1[C@H](N(C2)C(=O)OCc3ccccc3)C(=O)N[C@@H](C[C@@H]4CCNC4=O)[C@H](C(=O)N)O)C,CC1(C)[C@@H]2[C@@H](C(=O)N[C@@H](C[C@@H]3CCNC3=O)[C@@H](O)C(N)=O)N(C(=O)OCc3ccccc3)C[C@@H]21,False,CC1(C)[C@@H]2[C@@H](C(=O)N[C@@H](C[C@@H]3CCNC3=O)[C@@H](O)C(N)=O)N(C(=O)OCc3ccccc3)C[C@@H]21,"InChI=1S/C24H32N4O6/c1-24(2)15-11-28(23(33)34-12-13-6-4-3-5-7-13)18(17(15)24)22(32)27-16(19(29)20(25)30)10-14-8-9-26-21(14)31/h3-7,14-19,29H,8-12H2,1-2H3,(H2,25,30)(H,26,31)(H,27,32)/t14-,15-,16-,17-,18-,19+/m0/s1",QQHOBZCFMWFGGP-KOUJMVCDSA-N,472.5420000000003,0.13680000000000309,151.06,6,4,8,4,1,0.5833333333333334,34,0,0,0.42242177876710074,967.469675687928,-3.14,23.999468343469115,9.247352909112298,4.589880602889144,0,0,3,1,3,10,120.74760000000006,nan,True,False,False,True,False,None,None
91Z,"(1R,2S,5S)-N-{(2S,3R)-4-amino-3-hydroxy-4-oxo-1-[(3S)-2-oxopyrrolidin-3-yl]butan-2-yl}-6,6-dimethyl-3-[N-(2,4,6-trifluorophenyl)glycyl]-3-azabicyclo[3.1.0]hexane-2-carboxamide",C24 H30 F3 N5 O5,non-polymer,CC1([C@@H]2[C@H]1[C@H](N(C2)C(=O)CNc3c(cc(cc3F)F)F)C(=O)N[C@@H](C[C@@H]4CCNC4=O)[C@H](C(=O)N)O)C,CC1(C)[C@@H]2[C@@H](C(=O)N[C@@H](C[C@@H]3CCNC3=O)[C@@H](O)C(N)=O)N(C(=O)CNc3c(F)cc(F)cc3F)C[C@@H]21,False,CC1(C)[C@@H]2[C@@H](C(=O)N[C@@H](C[C@@H]3CCNC3=O)[C@@H](O)C(N)=O)N(C(=O)CNc3c(F)cc(F)cc3F)C[C@@H]21,"InChI=1S/C24H30F3N5O5/c1-24(2)12-9-32(16(33)8-30-18-13(26)6-11(25)7-14(18)27)19(17(12)24)23(37)31-15(20(34)21(28)35)5-10-3-4-29-22(10)36/h6-7,10,12,15,17,19-20,30,34H,3-5,8-9H2,1-2H3,(H2,28,35)(H,29,36)(H,31,37)/t10-,12-,15-,17-,19-,20+/m0/s1",YNUIIZLFVOREIR-NZIQIWATSA-N,525.5280000000002,-0.14399999999999769,153.85999999999999,6,5,9,4,1,0.5833333333333334,37,0,0,0.30242570042101186,1108.987189327507,-3.350000000000001,26.70567022589333,9.840835927844628,5.086993974232618,0,0,3,1,3,13,123.93330000000005,nan,True,False,False,False,False,None,None
90H,"(1R,2S,5S)-N-{(2S,3R)-3-hydroxy-4-(methylamino)-4-oxo-1-[(3S)-2-oxopyrrolidin-3-yl]butan-2-yl}-6,6-dimethyl-3-[3-methyl-N-(trifluoroacetyl)-L-valyl]-3-azabicyclo[3.1.0]hexane-2-carboxamide",C25 H38 F3 N5 O6,non-polymer,CC1([C@@H]2[C@H]1[C@H](N(C2)C(=O)[C@H](C(C)(C)C)NC(=O)C(F)(F)F)C(=O)N[C@@H](C[C@@H]3CCNC3=O)[C@H](C(=O)NC)O)C,CNC(=O)[C@H](O)[C@H](C[C@@H]1CCNC1=O)NC(=O)[C@@H]1[C@@H]2[C@H](CN1C(=O)[C@@H](NC(=O)C(F)(F)F)C(C)(C)C)C2(C)C,False,CNC(=O)[C@H](O)[C@H](C[C@@H]1CCNC1=O)NC(=O)[C@@H]1[C@@H]2[C@H](CN1C(=O)[C@@H](NC(=O)C(F)(F)F)C(C)(C)C)C2(C)C,"InChI=1S/C25H38F3N5O6/c1-23(2,3)17(32-22(39)25(26,27)28)21(38)33-10-12-14(24(12,4)5)15(33)19(36)31-13(16(34)20(37)29-6)9-11-7-8-30-18(11)35/h11-17,34H,7-10H2,1-6H3,(H,29,37)(H,30,35)(H,31,36)(H,32,39)/t11-,12-,13-,14-,15-,16+,17+/m0/s1",QDKCXRMRZLIIFP-OGEQHFGCSA-N,561.6020000000003,-0.3194999999999959,156.94,6,5,8,3,0,0.8,39,0,0,0.2735154005864564,1026.648923983656,-2.900000000000001,30.638781077562157,10.583581880557306,6.1462488072995685,0,0,3,0,3,14,131.44060000000002,nan,True,False,False,False,False,None,None
91I,"(1R,2S,5S)-N-{(2S,3R)-4-amino-3-hydroxy-4-oxo-1-[(3S)-2-oxopyrrolidin-3-yl]butan-2-yl}-6,6-dimethyl-3-(3-phenylpropanoyl)-3-azabicyclo[3.1.0]hexane-2-carboxamide",C25 H34 N4 O5,non-polymer,CC1([C@@H]2[C@H]1[C@H](N(C2)C(=O)CCc3ccccc3)C(=O)N[C@@H](C[C@@H]4CCNC4=O)[C@H](C(=O)N)O)C,CC1(C)[C@@H]2[C@@H](C(=O)N[C@@H](C[C@@H]3CCNC3=O)[C@@H](O)C(N)=O)N(C(=O)CCc3ccccc3)C[C@@H]21,False,CC1(C)[C@@H]2[C@@H](C(=O)N[C@@H](C[C@@H]3CCNC3=O)[C@@H](O)C(N)=O)N(C(=O)CCc3ccccc3)C[C@@H]21,"InChI=1S/C25H34N4O5/c1-25(2)16-13-29(18(30)9-8-14-6-4-3-5-7-14)20(19(16)25)24(34)28-17(21(31)22(26)32)12-15-10-11-27-23(15)33/h3-7,15-17,19-21,31H,8-13H2,1-2H3,(H2,26,32)(H,27,33)(H,28,34)/t15-,16-,17-,19-,20-,21+/m0/s1",RGRBMZCTKPAORA-RZCQQDKOSA-N,470.5700000000003,-0.04059999999999625,141.83,5,4,9,4,1,0.6,34,0,0,0.40066564382971065,965.3125054907578,-2.9400000000000004,24.19302179256736,9.366382053627945,4.66155354787858,0,0,3,1,3,9,123.89060000000006,nan,True,False,False,True,True,None,None
99W,"(S)-N-((S)-1-imino-3-((S)-2-oxopyrrolidin-3-yl)propan-2-yl)-4-methyl-2-(2-((2,4,6-trifluorophenyl)amino)acetamido)pentanamide",C21 H28 F3 N5 O3,non-polymer,[H]/N=C\[C@H](C[C@@H]1CCNC1=O)NC(=O)[C@H](CC(C)C)NC(=O)CNc2c(cc(cc2F)F)F,[H]/N=C\[C@H](C[C@@H]1CCNC1=O)NC(=O)[C@H](CC(C)C)NC(=O)CNc1c(F)cc(F)cc1F,False,[H]/N=C\[C@H](C[C@@H]1CCNC1=O)NC(=O)[C@H](CC(C)C)NC(=O)CNc1c(F)cc(F)cc1F,"InChI=1S/C21H28F3N5O3/c1-11(2)5-17(21(32)28-14(9-25)6-12-3-4-26-20(12)31)29-18(30)10-27-19-15(23)7-13(22)8-16(19)24/h7-9,11-12,14,17,25,27H,3-6,10H2,1-2H3,(H,26,31)(H,28,32)(H,29,30)/b25-9-/t12-,14-,17-/m0/s1",ZQILDLPZFYNMME-OGBZPUTOSA-N,455.4810000000001,1.7072699999999992,123.18,5,5,11,2,1,0.5238095238095238,32,0,0,0.32606497796418904,876.8913654049246,-3.1099999999999985,23.55096753473436,11.492364660345352,7.241489331851781,0,0,1,1,1,11,112.63950000000006,nan,True,False,True,True,True,None,imine_1
XNJ,"N-(4-methyl-3-{[4-(pyridin-3-yl)-1,3-thiazol-2-yl]amino}phenyl)-4-[(piperazin-1-yl)methyl]benzamide",C27 H28 N6 O S,non-polymer,Cc1ccc(cc1Nc2nc(cs2)c3cccnc3)NC(=O)c4ccc(cc4)CN5CCNCC5,Cc1ccc(NC(=O)c2ccc(CN3CCNCC3)cc2)cc1Nc1nc(-c2cccnc2)cs1,False,Cc1ccc(NC(=O)c2ccc(CN3CCNCC3)cc2)cc1Nc1nc(-c2cccnc2)cs1,"InChI=1S/C27H28N6OS/c1-19-4-9-23(15-24(19)31-27-32-25(18-35-27)22-3-2-10-29-16-22)30-26(34)21-7-5-20(6-8-21)17-33-13-11-28-12-14-33/h2-10,15-16,18,28H,11-14,17H2,1H3,(H,30,34)(H,31,32)",LBWSNUMFQJZFGI-UHFFFAOYSA-N,484.6290000000003,4.914620000000004,82.17999999999999,7,3,7,5,4,0.2222222222222222,35,0,0,0.3456509648604308,1282.7915532497184,-3.5899999999999994,23.16588644451517,10.773994794515374,5.916328627872776,0,0,1,4,1,8,142.3485999999999,nan,True,True,True,False,True,None,None
M0C,"(1R,2S,5S)-N-{(2S,3R)-4-(azetidin-1-yl)-3-hydroxy-4-oxo-1-[(3S)-2-oxopyrrolidin-3-yl]butan-2-yl}-6,6-dimethyl-3-[3-methyl-N-(trifluoroacetyl)-L-valyl]-3-azabicyclo[3.1.0]hexane-2-carboxamide",C27 H40 F3 N5 O6,non-polymer,CC1([C@@H]2[C@H]1[C@H](N(C2)C(=O)[C@H](C(C)(C)C)NC(=O)C(F)(F)F)C(=O)N[C@@H](C[C@@H]3CCNC3=O)[C@H](C(=O)N4CCC4)O)C,CC(C)(C)[C@H](NC(=O)C(F)(F)F)C(=O)N1C[C@H]2[C@@H]([C@H]1C(=O)N[C@@H](C[C@@H]1CCNC1=O)[C@@H](O)C(=O)N1CCC1)C2(C)C,False,CC(C)(C)[C@H](NC(=O)C(F)(F)F)C(=O)N1C[C@H]2[C@@H]([C@H]1C(=O)N[C@@H](C[C@@H]1CCNC1=O)[C@@H](O)C(=O)N1CCC1)C2(C)C,"InChI=1S/C27H40F3N5O6/c1-25(2,3)19(33-24(41)27(28,29)30)23(40)35-12-14-16(26(14,4)5)17(35)21(38)32-15(11-13-7-8-31-20(13)37)18(36)22(39)34-9-6-10-34/h13-19,36H,6-12H2,1-5H3,(H,31,37)(H,32,38)(H,33,41)/t13-,14-,15-,16-,17-,18+,19+/m0/s1",WXWJUKLQMQAVFB-UYYZUGKPSA-N,587.6400000000001,0.166800000000003,148.15,6,4,8,4,0,0.8148148148148148,41,0,0,0.3183344973077398,1101.9802757847565,-2.900000000000001,31.044820359813173,10.738491385724538,6.024927600801962,0,0,4,0,4,14,138.57089999999997,nan,True,False,False,False,True,None,None
G65,Masitinib,C28 H30 N6 O S,non-polymer,Cc1ccc(cc1Nc2nc(cs2)c3cccnc3)NC(=O)c4ccc(cc4)CN5CCN(CC5)C,Cc1ccc(NC(=O)c2ccc(CN3CCN(C)CC3)cc2)cc1Nc1nc(-c2cccnc2)cs1,False,Cc1ccc(NC(=O)c2ccc(CN3CCN(C)CC3)cc2)cc1Nc1nc(-c2cccnc2)cs1,"InChI=1S/C28H30N6OS/c1-20-5-10-24(16-25(20)31-28-32-26(19-36-28)23-4-3-11-29-17-23)30-27(35)22-8-6-21(7-9-22)18-34-14-12-33(2)13-15-34/h3-11,16-17,19H,12-15,18H2,1-2H3,(H,30,35)(H,31,32)",WJEOLQLKVOPQFV-UHFFFAOYSA-N,498.65600000000035,5.256820000000005,73.38999999999999,7,2,7,5,4,0.25,36,0,0,0.3622966712802839,1313.641539407977,-3.5899999999999994,24.11979131516682,10.990199320609882,5.964025733602305,0,0,1,4,1,8,146.97589999999983,nan,True,True,True,False,False,None,None
4WI,"(1R,2S,5S)-N-{(1E,2S)-1-imino-3-[(3S)-2-oxopyrrolidin-3-yl]propan-2-yl}-6,6-dimethyl-3-[3-methyl-N-(trifluoroacetyl)-L-valyl]-3-azabicyclo[3.1.0]hexane-2-carboxamide",C23 H34 F3 N5 O4,non-polymer,[H]/N=C/[C@H](C[C@@H]1CCNC1=O)NC(=O)[C@@H]2[C@@H]3[C@@H](C3(C)C)CN2C(=O)[C@H](C(C)(C)C)NC(=O)C(F)(F)F,[H]/N=C/[C@H](C[C@@H]1CCNC1=O)NC(=O)[C@@H]1[C@@H]2[C@H](CN1C(=O)[C@@H](NC(=O)C(F)(F)F)C(C)(C)C)C2(C)C,False,[H]/N=C/[C@H](C[C@@H]1CCNC1=O)NC(=O)[C@@H]1[C@@H]2[C@H](CN1C(=O)[C@@H](NC(=O)C(F)(F)F)C(C)(C)C)C2(C)C,"InChI=1S/C23H34F3N5O4/c1-21(2,3)16(30-20(35)23(24,25)26)19(34)31-10-13-14(22(13,4)5)15(31)18(33)29-12(9-27)8-11-6-7-28-17(11)32/h9,11-16,27H,6-8,10H2,1-5H3,(H,28,32)(H,29,33)(H,30,35)/b27-9+/t11-,12-,13-,14-,15-,16+/m0/s1",WDVIRQQKRMIXGS-XIFHJVQQSA-N,501.55000000000024,1.2231700000000012,131.46,5,4,7,3,0,0.782608695652174,35,0,0,0.39082990961934233,949.0141006517395,-2.6599999999999993,25.43342857115405,9.088588902334816,5.3009413738637265,0,0,3,0,3,12,120.15080000000006,nan,True,True,False,False,True,None,imine_1
I8H,"(1~{R},2~{S},5~{S})-3-[(2~{S})-2-(~{tert}-butylcarbamoylamino)-3,3-dimethyl-butanoyl]-6,6-dimethyl-~{N}-[(2~{S},3~{R})-4-(methylamino)-3-oxidanyl-4-oxidanylidene-1-[(3~{S})-2-oxidanylidenepyrrolidin-3-yl]butan-2-yl]-3-azabicyclo[3.1.0]hexane-2-carboxamide",C28 H48 N6 O6,non-polymer,CC1([C@@H]2[C@H]1[C@H](N(C2)C(=O)[C@H](C(C)(C)C)NC(=O)NC(C)(C)C)C(=O)N[C@@H](C[C@@H]3CCNC3=O)[C@H](C(=O)NC)O)C,CNC(=O)[C@H](O)[C@H](C[C@@H]1CCNC1=O)NC(=O)[C@@H]1[C@@H]2[C@H](CN1C(=O)[C@@H](NC(=O)NC(C)(C)C)C(C)(C)C)C2(C)C,False,CNC(=O)[C@H](O)[C@H](C[C@@H]1CCNC1=O)NC(=O)[C@@H]1[C@@H]2[C@H](CN1C(=O)[C@@H](NC(=O)NC(C)(C)C)C(C)(C)C)C2(C)C,"InChI=1S/C28H48N6O6/c1-26(2,3)20(32-25(40)33-27(4,5)6)24(39)34-13-15-17(28(15,7)8)18(34)22(37)31-16(19(35)23(38)29-9)12-14-10-11-30-21(14)36/h14-20,35H,10-13H2,1-9H3,(H,29,38)(H,30,36)(H,31,37)(H2,32,33,40)/t14-,15-,16-,17-,18-,19+,20+/m0/s1",VFDRLCYAHUFIDR-ZYRLFZHTSA-N,564.7280000000004,0.09970000000000645,168.97,6,6,8,3,0,0.8214285714285714,40,0,0,0.24433555366670995,1031.2877864278828,-2.8900000000000006,31.635179229155277,11.176164539905761,6.695468831472564,0,0,3,0,3,12,148.66329999999994,nan,False,False,False,False,False,None,None
IFO,"(3S)-4-[[2,4-bis(fluoranyl)phenyl]methoxy]-2-methyl-4-oxidanylidene-3-[[(Z)-3-oxidanylidene-2-(2-phenoxyethanoylamino)prop-1-enyl]amino]butane-2-sulfinic acid",C23 H24 F2 N2 O7 S,non-polymer,CC(C)([C@H](C(=O)OCc1ccc(cc1F)F)N/C=C(/C=O)\NC(=O)COc2ccccc2)S(=O)O,CC(C)([C@@H](N/C=C(/C=O)NC(=O)COc1ccccc1)C(=O)OCc1ccc(F)cc1F)S(=O)O,False,CC(C)([C@@H](N/C=C(/C=O)NC(=O)COc1ccccc1)C(=O)OCc1ccc(F)cc1F)S(=O)O,"InChI=1S/C23H24F2N2O7S/c1-23(2,35(31)32)21(22(30)34-13-15-8-9-16(24)10-19(15)25)26-11-17(12-28)27-20(29)14-33-18-6-4-3-5-7-18/h3-12,21,26H,13-14H2,1-2H3,(H,27,29)(H,31,32)/b17-11-/t21-/m0/s1",YLWXTKUTNLREPM-LRJKXPEMSA-N,510.5150000000002,2.2019999999999995,131.03,7,3,12,2,2,0.2608695652173913,35,0,0,0.1714863655757376,1110.3035844191754,-3.64,27.603398968037272,12.719433759786494,8.263334324193059,0,0,0,2,0,12,122.15460000000002,nan,True,False,False,False,True,None,aldehyde; Michael_acceptor_1; sulfinic_acid
V9R,"~{tert}-butyl ~{N}-[1-[(2~{R})-3-cyclopropyl-1-oxidanylidene-1-[[(2~{S},3~{S})-3-oxidanyl-4-oxidanylidene-1-[(3~{S})-2-oxidanylidenepyrrolidin-3-yl]-4-[(phenylmethyl)amino]butan-2-yl]amino]propan-2-yl]-2-oxidanylidene-pyridin-3-yl]carbamate",C31 H41 N5 O7,non-polymer,CC(C)(C)OC(=O)NC1=CC=CN(C1=O)[C@H](CC2CC2)C(=O)N[C@@H](C[C@@H]3CCNC3=O)[C@@H](C(=O)NCc4ccccc4)O,CC(C)(C)OC(=O)Nc1cccn([C@H](CC2CC2)C(=O)N[C@@H](C[C@@H]2CCNC2=O)[C@H](O)C(=O)NCc2ccccc2)c1=O,False,CC(C)(C)OC(=O)Nc1cccn([C@H](CC2CC2)C(=O)N[C@@H](C[C@@H]2CCNC2=O)[C@H](O)C(=O)NCc2ccccc2)c1=O,"InChI=1S/C31H41N5O7/c1-31(2,3)43-30(42)35-22-10-7-15-36(29(22)41)24(16-19-11-12-19)27(39)34-23(17-21-13-14-32-26(21)38)25(37)28(40)33-18-20-8-5-4-6-9-20/h4-10,15,19,21,23-25,37H,11-14,16-18H2,1-3H3,(H,32,38)(H,33,40)(H,34,39)(H,35,42)/t21-,23-,24+,25-/m0/s1",FRACPXUHUTXLCX-CGBRIMPHSA-N,595.6970000000005,2.2248000000000023,167.85999999999999,8,5,12,4,2,0.5161290322580645,43,0,0,0.25073463716386396,1366.5717136989288,-4.19,31.73925016250723,13.854418602443726,9.14604338757837,0,0,2,2,2,12,158.89659999999972,nan,True,False,False,False,False,None,None
A1IMU,"(2R,3S)-3-[[(2S)-3-cyclopropyl-2-[2-oxidanylidene-3-(phenylcarbamoylamino)pyridin-1-yl]propanoyl]amino]-N-methyl-2-oxidanyl-4-[(3S)-2-oxidanylidenepyrrolidin-3-yl]butanamide",C27 H34 N6 O6,non-polymer,CNC(=O)[C@@H]([C@H](C[C@@H]1CCNC1=O)NC(=O)[C@H](CC2CC2)N3C=CC=C(C3=O)NC(=O)Nc4ccccc4)O,CNC(=O)[C@H](O)[C@H](C[C@@H]1CCNC1=O)NC(=O)[C@H](CC1CC1)n1cccc(NC(=O)Nc2ccccc2)c1=O,False,CNC(=O)[C@H](O)[C@H](C[C@@H]1CCNC1=O)NC(=O)[C@H](CC1CC1)n1cccc(NC(=O)Nc2ccccc2)c1=O,"InChI=1S/C27H34N6O6/c1-28-25(37)22(34)20(15-17-11-12-29-23(17)35)31-24(36)21(14-16-9-10-16)33-13-5-8-19(26(33)38)32-27(39)30-18-6-3-2-4-7-18/h2-8,13,16-17,20-22,34H,9-12,14-15H2,1H3,(H,28,37)(H,29,35)(H,31,36)(H2,30,32,39)/t17-,20-,21-,22+/m0/s1",KZJFPIFYXVQIAO-AGOPTVSRSA-N,538.6050000000004,0.951400000000002,170.66,7,6,11,4,2,0.4444444444444444,39,0,0,0.2487357537226858,1260.9138413467292,-4.1899999999999995,27.83434526786972,12.569894928575948,7.225524755016357,0,0,2,2,2,12,143.9012999999999,nan,False,False,False,False,False,None,None
QQL,4-methoxy-~{N}-[(2~{S})-4-methyl-1-[[(2~{S})-4-nitro-1-[(3~{S})-2-oxidanylidenepyrrolidin-3-yl]butan-2-yl]amino]-1-oxidanylidene-pentan-2-yl]-1~{H}-indole-2-carboxamide,C24 H33 N5 O6,non-polymer,CC(C)C[C@@H](C(=O)N[C@H](CC[N+](=O)[O-])C[C@@H]1CCNC1=O)NC(=O)c2cc3c([nH]2)cccc3OC,COc1cccc2[nH]c(C(=O)N[C@@H](CC(C)C)C(=O)N[C@H](CC[N+](=O)[O-])C[C@@H]3CCNC3=O)cc12,False,COc1cccc2[nH]c(C(=O)N[C@@H](CC(C)C)C(=O)N[C@H](CC[N+](=O)[O-])C[C@@H]3CCNC3=O)cc12,"InChI=1S/C24H33N5O6/c1-14(2)11-19(28-24(32)20-13-17-18(27-20)5-4-6-21(17)35-3)23(31)26-16(8-10-29(33)34)12-15-7-9-25-22(15)30/h4-6,13-16,19,27H,7-12H2,1-3H3,(H,25,30)(H,26,31)(H,28,32)/t15-,16+,19-/m0/s1",FFTZSDWTZYJKTH-FCEWJHQRSA-N,487.55700000000013,1.9988000000000006,155.45999999999998,6,4,12,3,2,0.5416666666666666,35,0,0,0.265040690813081,1081.539158566193,-3.6299999999999994,25.983143342742526,11.67470500043919,6.934726949232168,0,0,1,2,1,11,129.70270000000002,nan,True,False,False,False,False,None,nitro_group; Oxygen-nitrogen_single_bond
QH0,(phenylmethyl) N-[(2S)-4-methyl-1-[[(2S)-4-nitro-1-[(3R)-2-oxidanylidenepyrrolidin-3-yl]butan-2-yl]amino]-1-oxidanylidene-pentan-2-yl]carbamate,C22 H32 N4 O6,non-polymer,CC(C)C[C@@H](C(=O)N[C@H](CC[N+](=O)[O-])C[C@H]1CCNC1=O)NC(=O)OCc2ccccc2,CC(C)C[C@H](NC(=O)OCc1ccccc1)C(=O)N[C@H](CC[N+](=O)[O-])C[C@H]1CCNC1=O,False,CC(C)C[C@H](NC(=O)OCc1ccccc1)C(=O)N[C@H](CC[N+](=O)[O-])C[C@H]1CCNC1=O,"InChI=1S/C22H32N4O6/c1-15(2)12-19(25-22(29)32-14-16-6-4-3-5-7-16)21(28)24-18(9-11-26(30)31)13-17-8-10-23-20(17)27/h3-7,15,17-19H,8-14H2,1-2H3,(H,23,27)(H,24,28)(H,25,29)/t17-,18-,19+/m1/s1",AHDULYSHSMKYBB-QRVBRYPASA-N,448.5200000000001,2.0053,139.67,6,3,12,2,1,0.5909090909090909,32,0,0,0.3300570446915737,785.885535829333,-3.1699999999999995,25.093691143319802,12.627981554672893,8.907011381982917,0,0,1,1,1,10,117.14850000000003,nan,True,False,False,True,True,None,nitro_group; Oxygen-nitrogen_single_bond
O6K,"~{tert}-butyl ~{N}-[1-[(2~{S})-3-cyclopropyl-1-oxidanylidene-1-[[(2~{S},3~{R})-3-oxidanyl-4-oxidanylidene-1-[(3~{S})-2-oxidanylidenepyrrolidin-3-yl]-4-[(phenylmethyl)amino]butan-2-yl]amino]propan-2-yl]-2-oxidanylidene-pyridin-3-yl]carbamate",C31 H41 N5 O7,non-polymer,CC(C)(C)OC(=O)NC1=CC=CN(C1=O)[C@@H](CC2CC2)C(=O)N[C@@H](C[C@@H]3CCNC3=O)[C@H](C(=O)NCc4ccccc4)O,CC(C)(C)OC(=O)Nc1cccn([C@@H](CC2CC2)C(=O)N[C@@H](C[C@@H]2CCNC2=O)[C@@H](O)C(=O)NCc2ccccc2)c1=O,False,CC(C)(C)OC(=O)Nc1cccn([C@@H](CC2CC2)C(=O)N[C@@H](C[C@@H]2CCNC2=O)[C@@H](O)C(=O)NCc2ccccc2)c1=O,"InChI=1S/C31H41N5O7/c1-31(2,3)43-30(42)35-22-10-7-15-36(29(22)41)24(16-19-11-12-19)27(39)34-23(17-21-13-14-32-26(21)38)25(37)28(40)33-18-20-8-5-4-6-9-20/h4-10,15,19,21,23-25,37H,11-14,16-18H2,1-3H3,(H,32,38)(H,33,40)(H,34,39)(H,35,42)/t21-,23-,24-,25+/m0/s1",FRACPXUHUTXLCX-BELIEFIBSA-N,595.6970000000005,2.2248000000000023,167.85999999999999,8,5,12,4,2,0.5161290322580645,43,0,0,0.25073463716386396,1366.5717136989288,-4.19,31.73925016250723,13.854418602443726,9.14604338757837,0,0,2,2,2,12,158.89659999999972,nan,True,False,False,False,False,None,None
K36,"(1S,2S)-2-({N-[(benzyloxy)carbonyl]-L-leucyl}amino)-1-hydroxy-3-[(3S)-2-oxopyrrolidin-3-yl]propane-1-sulfonic acid",C21 H31 N3 O8 S,peptide-like,CC(C)C[C@@H](C(=O)N[C@@H](C[C@@H]1CCNC1=O)[C@@H](O)S(=O)(=O)O)NC(=O)OCc2ccccc2,CC(C)C[C@H](NC(=O)OCc1ccccc1)C(=O)N[C@@H](C[C@@H]1CCNC1=O)[C@@H](O)S(=O)(=O)O,False,CC(C)C[C@H](NC(=O)OCc1ccccc1)C(=O)N[C@@H](C[C@@H]1CCNC1=O)[C@@H](O)S(=O)(=O)O,"InChI=1S/C21H31N3O8S/c1-13(2)10-16(24-21(28)32-12-14-6-4-3-5-7-14)19(26)23-17(20(27)33(29,30)31)11-15-8-9-22-18(15)25/h3-7,13,15-17,20,27H,8-12H2,1-2H3,(H,22,25)(H,23,26)(H,24,28)(H,29,30,31)/t15-,16-,17-,20-/m0/s1",BSPZFJDYQHDZNR-BOSXTWCSSA-N,485.55900000000014,0.5447000000000037,171.12999999999997,7,5,11,2,1,0.5714285714285714,33,0,0,0.28272584145194296,922.6972704062064,-2.6999999999999993,26.551508130122794,11.957297616803144,8.630917082001035,0,0,1,1,1,12,118.22550000000004,nan,True,False,False,False,False,None,Sulfonic_acid_2
UAX,"~{tert}-butyl ~{N}-[1-[(2~{S})-3-cyclopropyl-1-oxidanylidene-1-[[(2~{S},3~{S})-3-oxidanyl-4-oxidanylidene-1-[(3~{R})-2-oxidanylidenepyrrolidin-3-yl]-4-[(phenylmethyl)amino]butan-2-yl]amino]propan-2-yl]-2-oxidanylidene-pyridin-3-yl]carbamate",C31 H41 N5 O7,non-polymer,CC(C)(C)OC(=O)NC1=CC=CN(C1=O)[C@@H](CC2CC2)C(=O)N[C@@H](C[C@H]3CCNC3=O)[C@@H](C(=O)NCc4ccccc4)O,CC(C)(C)OC(=O)Nc1cccn([C@@H](CC2CC2)C(=O)N[C@@H](C[C@H]2CCNC2=O)[C@H](O)C(=O)NCc2ccccc2)c1=O,False,CC(C)(C)OC(=O)Nc1cccn([C@@H](CC2CC2)C(=O)N[C@@H](C[C@H]2CCNC2=O)[C@H](O)C(=O)NCc2ccccc2)c1=O,"InChI=1S/C31H41N5O7/c1-31(2,3)43-30(42)35-22-10-7-15-36(29(22)41)24(16-19-11-12-19)27(39)34-23(17-21-13-14-32-26(21)38)25(37)28(40)33-18-20-8-5-4-6-9-20/h4-10,15,19,21,23-25,37H,11-14,16-18H2,1-3H3,(H,32,38)(H,33,40)(H,34,39)(H,35,42)/t21-,23+,24+,25+/m1/s1",FRACPXUHUTXLCX-VZVHPENPSA-N,595.6970000000005,2.2248000000000023,167.85999999999999,8,5,12,4,2,0.5161290322580645,43,0,0,0.25073463716386396,1366.5717136989288,-4.19,31.73925016250723,13.854418602443726,9.14604338757837,0,0,2,2,2,12,158.89659999999972,nan,True,False,False,False,False,None,None
B1S,"(1R,2S)-2-({N-[(benzyloxy)carbonyl]-L-leucyl}amino)-1-hydroxy-3-[(3S)-2-oxopyrrolidin-3-yl]propane-1-sulfonic acid",C21 H31 N3 O8 S,peptide-like,CC(C)C[C@@H](C(=O)N[C@@H](C[C@@H]1CCNC1=O)C(O)S(=O)(=O)O)NC(=O)OCc2ccccc2,CC(C)C[C@H](NC(=O)OCc1ccccc1)C(=O)N[C@@H](C[C@@H]1CCNC1=O)C(O)S(=O)(=O)O,False,CC(C)C[C@H](NC(=O)OCc1ccccc1)C(=O)N[C@@H](C[C@@H]1CCNC1=O)C(O)S(=O)(=O)O,"InChI=1S/C21H31N3O8S/c1-13(2)10-16(24-21(28)32-12-14-6-4-3-5-7-14)19(26)23-17(20(27)33(29,30)31)11-15-8-9-22-18(15)25/h3-7,13,15-17,20,27H,8-12H2,1-2H3,(H,22,25)(H,23,26)(H,24,28)(H,29,30,31)/t15-,16-,17-,20?/m0/s1",BSPZFJDYQHDZNR-HTCLRFROSA-N,485.55900000000014,0.5447000000000037,171.12999999999997,7,5,11,2,1,0.5714285714285714,33,0,0,0.28272584145194296,922.6972704062064,-2.6999999999999993,26.551508130122794,11.957297616803144,8.630917082001035,0,0,1,1,1,12,118.22550000000004,nan,True,False,False,False,False,None,Sulfonic_acid_2
V2M,"N-[(2S)-1-({(2S,3S)-3,4-dihydroxy-1-[(3S)-2-oxopyrrolidin-3-yl]butan-2-yl}amino)-4-methyl-1-oxopentan-2-yl]-4-methoxy-1H-indole-2-carboxamide",C24 H34 N4 O6,non-polymer,CC(C)C[C@@H](C(=O)N[C@@H](C[C@@H]1CCNC1=O)[C@@H](CO)O)NC(=O)c2cc3c([nH]2)cccc3OC,COc1cccc2[nH]c(C(=O)N[C@@H](CC(C)C)C(=O)N[C@@H](C[C@@H]3CCNC3=O)[C@H](O)CO)cc12,False,COc1cccc2[nH]c(C(=O)N[C@@H](CC(C)C)C(=O)N[C@@H](C[C@@H]3CCNC3=O)[C@H](O)CO)cc12,"InChI=1S/C24H34N4O6/c1-13(2)9-18(23(32)27-17(20(30)12-29)10-14-7-8-25-22(14)31)28-24(33)19-11-15-16(26-19)5-4-6-21(15)34-3/h4-6,11,13-14,17-18,20,26,29-30H,7-10,12H2,1-3H3,(H,25,31)(H,27,32)(H,28,33)/t14-,17-,18-,20+/m0/s1",FDQSUXUTXIGUIA-PRIDNEQBSA-N,474.5580000000001,0.6852000000000021,152.78,6,6,11,3,2,0.5416666666666666,34,0,0,0.2817205719813894,1020.0568713739676,-3.11,25.51185227095931,11.346463835603316,6.0611163695704295,0,0,1,2,1,10,126.31690000000003,nan,True,False,False,True,False,None,None
U76,"(3,5-difluorophenyl)methyl {(3S)-1-[(2S)-1-({(2S,3R)-4-(cyclopropylamino)-3-hydroxy-4-oxo-1-[(3S)-2-oxopyrrolidin-3-yl]butan-2-yl}amino)-4-methyl-1-oxopentan-2-yl]-6-oxopiperidin-3-yl}carbamate",C30 H41 F2 N5 O7,non-polymer,CC(C)C[C@@H](C(=O)N[C@@H](C[C@@H]1CCNC1=O)[C@H](C(=O)NC2CC2)O)N3C[C@H](CCC3=O)NC(=O)OCc4cc(cc(c4)F)F,CC(C)C[C@@H](C(=O)N[C@@H](C[C@@H]1CCNC1=O)[C@@H](O)C(=O)NC1CC1)N1C[C@@H](NC(=O)OCc2cc(F)cc(F)c2)CCC1=O,False,CC(C)C[C@@H](C(=O)N[C@@H](C[C@@H]1CCNC1=O)[C@@H](O)C(=O)NC1CC1)N1C[C@@H](NC(=O)OCc2cc(F)cc(F)c2)CCC1=O,"InChI=1S/C30H41F2N5O7/c1-16(2)9-24(28(41)36-23(12-18-7-8-33-27(18)40)26(39)29(42)34-21-3-4-21)37-14-22(5-6-25(37)38)35-30(43)44-15-17-10-19(31)13-20(32)11-17/h10-11,13,16,18,21-24,26,39H,3-9,12,14-15H2,1-2H3,(H,33,40)(H,34,42)(H,35,43)(H,36,41)/t18-,22-,23-,24-,26+/m0/s1",NMYLRAOUIBCXHJ-PPCGFTSFSA-N,621.6820000000004,1.2472000000000034,166.17,7,5,13,4,1,0.6333333333333333,44,0,0,0.22110840978298263,1223.8873550297194,-3.8099999999999996,33.090408234028516,14.778605852612168,9.342903118457135,0,0,3,1,3,14,152.49259999999984,nan,True,False,False,False,False,None,None
U6Y,"benzyl {(3S)-1-[(2S)-1-({(2S,3R)-4-(cyclopropylamino)-3-hydroxy-4-oxo-1-[(3S)-2-oxopyrrolidin-3-yl]butan-2-yl}amino)-4-methyl-1-oxopentan-2-yl]-5-oxopyrrolidin-3-yl}carbamate",C29 H41 N5 O7,non-polymer,CC(C)C[C@@H](C(=O)N[C@@H](C[C@@H]1CCNC1=O)[C@H](C(=O)NC2CC2)O)N3C[C@H](CC3=O)NC(=O)OCc4ccccc4,CC(C)C[C@@H](C(=O)N[C@@H](C[C@@H]1CCNC1=O)[C@@H](O)C(=O)NC1CC1)N1C[C@@H](NC(=O)OCc2ccccc2)CC1=O,False,CC(C)C[C@@H](C(=O)N[C@@H](C[C@@H]1CCNC1=O)[C@@H](O)C(=O)NC1CC1)N1C[C@@H](NC(=O)OCc2ccccc2)CC1=O,"InChI=1S/C29H41N5O7/c1-17(2)12-23(34-15-21(14-24(34)35)32-29(40)41-16-18-6-4-3-5-7-18)27(38)33-22(13-19-10-11-30-26(19)37)25(36)28(39)31-20-8-9-20/h3-7,17,19-23,25,36H,8-16H2,1-2H3,(H,30,37)(H,31,39)(H,32,40)(H,33,38)/t19-,21-,22-,23-,25+/m0/s1",CJHGCZGBAUVONS-TVLDRFKXSA-N,571.6750000000004,0.5789000000000053,166.17,7,5,13,4,1,0.6206896551724138,41,0,0,0.23093020103539832,1110.0324041758727,-3.67,30.29230644664779,13.797131043269188,8.656289447874958,0,0,3,1,3,12,147.95959999999982,nan,True,False,False,False,False,None,None
X6O,"(1R,2S,5S)-N-{(2S,3R)-4-(azetidin-1-yl)-3-hydroxy-4-oxo-1-[(3S)-2-oxopiperidin-3-yl]butan-2-yl}-6,6-dimethyl-3-[3-methyl-N-(trifluoroacetyl)-L-valyl]-3-azabicyclo[3.1.0]hexane-2-carboxamide",C28 H42 F3 N5 O6,non-polymer,CC1([C@@H]2[C@H]1[C@H](N(C2)C(=O)[C@H](C(C)(C)C)NC(=O)C(F)(F)F)C(=O)N[C@@H](C[C@@H]3CCCNC3=O)[C@H](C(=O)N4CCC4)O)C,CC(C)(C)[C@H](NC(=O)C(F)(F)F)C(=O)N1C[C@H]2[C@@H]([C@H]1C(=O)N[C@@H](C[C@@H]1CCCNC1=O)[C@@H](O)C(=O)N1CCC1)C2(C)C,False,CC(C)(C)[C@H](NC(=O)C(F)(F)F)C(=O)N1C[C@H]2[C@@H]([C@H]1C(=O)N[C@@H](C[C@@H]1CCCNC1=O)[C@@H](O)C(=O)N1CCC1)C2(C)C,"InChI=1S/C28H42F3N5O6/c1-26(2,3)20(34-25(42)28(29,30)31)24(41)36-13-15-17(27(15,4)5)18(36)22(39)33-16(12-14-8-6-9-32-21(14)38)19(37)23(40)35-10-7-11-35/h14-20,37H,6-13H2,1-5H3,(H,32,38)(H,33,39)(H,34,42)/t14-,15-,16-,17-,18-,19+,20+/m0/s1",IAIXUKUDGNIVRC-ZYRLFZHTSA-N,601.667,0.556900000000003,148.15,6,4,8,4,0,0.8214285714285714,42,0,0,0.3197021730278568,1118.2950787582743,-2.900000000000001,32.02303699482625,11.30781178236204,6.229260552900754,0,0,4,0,4,14,143.18789999999993,nan,True,False,False,False,False,None,None
X70,"(1R,2S,5S)-N-{(2S,3R)-4-(3,3-difluoroazetidin-1-yl)-3-hydroxy-4-oxo-1-[(3S)-2-oxopiperidin-3-yl]butan-2-yl}-6,6-dimethyl-3-[3-methyl-N-(trifluoroacetyl)-L-valyl]-3-azabicyclo[3.1.0]hexane-2-carboxamide",C28 H40 F5 N5 O6,non-polymer,CC1([C@@H]2[C@H]1[C@H](N(C2)C(=O)[C@H](C(C)(C)C)NC(=O)C(F)(F)F)C(=O)N[C@@H](C[C@@H]3CCCNC3=O)[C@H](C(=O)N4CC(C4)(F)F)O)C,CC(C)(C)[C@H](NC(=O)C(F)(F)F)C(=O)N1C[C@H]2[C@@H]([C@H]1C(=O)N[C@@H](C[C@@H]1CCCNC1=O)[C@@H](O)C(=O)N1CC(F)(F)C1)C2(C)C,False,CC(C)(C)[C@H](NC(=O)C(F)(F)F)C(=O)N1C[C@H]2[C@@H]([C@H]1C(=O)N[C@@H](C[C@@H]1CCCNC1=O)[C@@H](O)C(=O)N1CC(F)(F)C1)C2(C)C,"InChI=1S/C28H40F5N5O6/c1-25(2,3)19(36-24(44)28(31,32)33)23(43)38-10-14-16(26(14,4)5)17(38)21(41)35-15(9-13-7-6-8-34-20(13)40)18(39)22(42)37-11-27(29,30)12-37/h13-19,39H,6-12H2,1-5H3,(H,34,40)(H,35,41)(H,36,44)/t13-,14-,15-,16-,17-,18+,19+/m0/s1",GUMSXYQAJLBYRA-UYYZUGKPSA-N,637.6470000000002,0.8021000000000025,148.15,6,4,8,4,0,0.8214285714285714,44,0,0,0.289779841497434,1196.279071956736,-3.0400000000000005,33.84507957850673,11.394459400969529,6.638553055860854,0,0,4,0,4,16,143.5178999999999,nan,True,False,False,False,False,None,None
X6T,"(1R,2S,5S)-N-{(2S,3R)-4-(3,3-dimethylazetidin-1-yl)-3-hydroxy-4-oxo-1-[(3S)-2-oxopiperidin-3-yl]butan-2-yl}-6,6-dimethyl-3-[3-methyl-N-(trifluoroacetyl)-L-valyl]-3-azabicyclo[3.1.0]hexane-2-carboxamide",C30 H46 F3 N5 O6,non-polymer,CC1(CN(C1)C(=O)[C@@H]([C@H](C[C@@H]2CCCNC2=O)NC(=O)[C@@H]3[C@@H]4[C@@H](C4(C)C)CN3C(=O)[C@H](C(C)(C)C)NC(=O)C(F)(F)F)O)C,CC1(C)CN(C(=O)[C@H](O)[C@H](C[C@@H]2CCCNC2=O)NC(=O)[C@@H]2[C@@H]3[C@H](CN2C(=O)[C@@H](NC(=O)C(F)(F)F)C(C)(C)C)C3(C)C)C1,False,CC1(C)CN(C(=O)[C@H](O)[C@H](C[C@@H]2CCCNC2=O)NC(=O)[C@@H]2[C@@H]3[C@H](CN2C(=O)[C@@H](NC(=O)C(F)(F)F)C(C)(C)C)C3(C)C)C1,"InChI=1S/C30H46F3N5O6/c1-27(2,3)21(36-26(44)30(31,32)33)25(43)38-12-16-18(29(16,6)7)19(38)23(41)35-17(11-15-9-8-10-34-22(15)40)20(39)24(42)37-13-28(4,5)14-37/h15-21,39H,8-14H2,1-7H3,(H,34,40)(H,35,41)(H,36,44)/t15-,16-,17-,18-,19-,20+,21+/m0/s1",KOJLJTKYOSKMNV-YTNBPZCUSA-N,629.7210000000005,1.1930000000000054,148.14999999999998,6,4,8,4,0,0.8333333333333334,44,0,0,0.3173045816663445,1190.5330448783668,-2.9,33.98234840421429,11.472633856138456,6.691252957591062,0,0,4,0,4,14,152.35189999999986,nan,True,False,False,False,False,None,None
XA8,"(1R,2S,5S)-N-[(2S,3R)-4-(azetidin-1-yl)-3-hydroxy-4-oxo-1-(2-oxopiperidin-1-yl)butan-2-yl]-6,6-dimethyl-3-[3-methyl-N-(trifluoroacetyl)-L-valyl]-3-azabicyclo[3.1.0]hexane-2-carboxamide",C28 H42 F3 N5 O6,non-polymer,CC1([C@@H]2[C@H]1[C@H](N(C2)C(=O)[C@H](C(C)(C)C)NC(=O)C(F)(F)F)C(=O)N[C@@H](CN3CCCCC3=O)[C@H](C(=O)N4CCC4)O)C,CC(C)(C)[C@H](NC(=O)C(F)(F)F)C(=O)N1C[C@H]2[C@@H]([C@H]1C(=O)N[C@@H](CN1CCCCC1=O)[C@@H](O)C(=O)N1CCC1)C2(C)C,False,CC(C)(C)[C@H](NC(=O)C(F)(F)F)C(=O)N1C[C@H]2[C@@H]([C@H]1C(=O)N[C@@H](CN1CCCCC1=O)[C@@H](O)C(=O)N1CCC1)C2(C)C,"InChI=1S/C28H42F3N5O6/c1-26(2,3)21(33-25(42)28(29,30)31)24(41)36-13-15-18(27(15,4)5)19(36)22(39)32-16(14-35-10-7-6-9-17(35)37)20(38)23(40)34-11-8-12-34/h15-16,18-21,38H,6-14H2,1-5H3,(H,32,39)(H,33,42)/t15-,16-,18-,19-,20+,21+/m0/s1",CEVFDXICNWCNKE-NLNBCDFGSA-N,601.6670000000001,0.6531000000000031,139.35999999999999,6,3,8,4,0,0.8214285714285714,42,0,0,0.3736526765348469,1118.2950787582743,-2.900000000000001,32.02303699482625,11.30781178236204,6.229260552900754,0,0,4,0,4,14,143.2681999999999,nan,True,True,False,False,False,None,None
X9Z,"(1R,2S,5S)-N-[(2S,3R)-4-(azetidin-1-yl)-3-hydroxy-4-oxo-1-(2-oxopyrrolidin-1-yl)butan-2-yl]-6,6-dimethyl-3-[3-methyl-N-(trifluoroacetyl)-L-valyl]-3-azabicyclo[3.1.0]hexane-2-carboxamide",C27 H40 F3 N5 O6,non-polymer,CC1([C@@H]2[C@H]1[C@H](N(C2)C(=O)[C@H](C(C)(C)C)NC(=O)C(F)(F)F)C(=O)N[C@@H](CN3CCCC3=O)[C@H](C(=O)N4CCC4)O)C,CC(C)(C)[C@H](NC(=O)C(F)(F)F)C(=O)N1C[C@H]2[C@@H]([C@H]1C(=O)N[C@@H](CN1CCCC1=O)[C@@H](O)C(=O)N1CCC1)C2(C)C,False,CC(C)(C)[C@H](NC(=O)C(F)(F)F)C(=O)N1C[C@H]2[C@@H]([C@H]1C(=O)N[C@@H](CN1CCCC1=O)[C@@H](O)C(=O)N1CCC1)C2(C)C,"InChI=1S/C27H40F3N5O6/c1-25(2,3)20(32-24(41)27(28,29)30)23(40)35-12-14-17(26(14,4)5)18(35)21(38)31-15(13-34-9-6-8-16(34)36)19(37)22(39)33-10-7-11-33/h14-15,17-20,37H,6-13H2,1-5H3,(H,31,38)(H,32,41)/t14-,15-,17-,18-,19+,20+/m0/s1",XDHKGBBFOISQMJ-AMQFHODYSA-N,587.6400000000001,0.2630000000000033,139.35999999999999,6,3,8,4,0,0.8148148148148148,41,0,0,0.37260977717320454,1101.9802757847565,-2.900000000000001,31.044820359813173,10.738491385724538,6.024927600801962,0,0,4,0,4,14,138.65119999999996,nan,True,True,False,False,True,None,None
5ZF,"N-([1,1'-biphenyl]-4-yl)-2-chloro-N-[(1R)-2-oxo-2-{[(1S)-1-phenylethyl]amino}-1-(pyridin-3-yl)ethyl]acetamide",C29 H26 Cl N3 O2,non-polymer,C[C@@H](c1ccccc1)NC(=O)[C@@H](c2cccnc2)N(c3ccc(cc3)c4ccccc4)C(=O)CCl,C[C@H](NC(=O)[C@@H](c1cccnc1)N(C(=O)CCl)c1ccc(-c2ccccc2)cc1)c1ccccc1,False,C[C@H](NC(=O)[C@@H](c1cccnc1)N(C(=O)CCl)c1ccc(-c2ccccc2)cc1)c1ccccc1,"InChI=1S/C29H26ClN3O2/c1-21(22-9-4-2-5-10-22)32-29(35)28(25-13-8-18-31-20-25)33(27(34)19-30)26-16-14-24(15-17-26)23-11-6-3-7-12-23/h2-18,20-21,28H,19H2,1H3,(H,32,35)/t21-,28+/m0/s1",XQECDPKLDAEYEC-RBTNQOKQSA-N,483.99900000000025,5.939100000000006,62.300000000000004,3,1,8,4,4,0.13793103448275862,35,0,0,0.3153814113502505,1249.6322386528805,-3.959999999999999,24.17366316809836,11.448761974177426,5.759082506600145,0,0,0,4,0,6,140.06169999999983,nan,True,True,False,False,False,None,alkyl_halide
QUE,"3,5,7,3',4'-PENTAHYDROXYFLAVONE",C15 H10 O7,non-polymer,c1cc(c(cc1C2=C(C(=O)c3c(cc(cc3O2)O)O)O)O)O,O=c1c(O)c(-c2ccc(O)c(O)c2)oc2cc(O)cc(O)c12,False,O=c1c(O)c(-c2ccc(O)c(O)c2)oc2cc(O)cc(O)c12,"InChI=1S/C15H10O7/c16-7-4-10(19)12-11(5-7)22-15(14(21)13(12)20)6-1-2-8(17)9(18)3-6/h1-5,16-19,21H",REFJWTPEDVJJIY-UHFFFAOYSA-N,302.238,1.9880000000000009,131.36,7,5,1,3,3,0.0,22,0,0,0.4341904402990982,956.2426827834672,-3.3500000000000005,13.624737496262508,4.589937946900745,1.9568672179507631,0,0,0,3,0,7,76.24399999999999,nan,True,True,False,True,True,catechol_A(92),catechol
83N,"tert-butyl-N-[(2S)-1-[(2S,4S)-4-methoxy-2-[[(2S)-1-oxidanyl-3-[(3S)-2-oxidanylidenepyrrolidin-3-yl]propan-2-yl]carbamoyl]pyrrolidin-1-yl]-3-methyl-1-oxidanylidene-butan-2-yl]carbamate",C23 H40 N4 O7,non-polymer,CC(C)[C@@H](C(=O)N1C[C@H](C[C@H]1C(=O)N[C@@H](C[C@@H]2CCNC2=O)CO)OC)NC(=O)OC(C)(C)C,CO[C@H]1C[C@@H](C(=O)N[C@H](CO)C[C@@H]2CCNC2=O)N(C(=O)[C@@H](NC(=O)OC(C)(C)C)C(C)C)C1,False,CO[C@H]1C[C@@H](C(=O)N[C@H](CO)C[C@@H]2CCNC2=O)N(C(=O)[C@@H](NC(=O)OC(C)(C)C)C(C)C)C1,"InChI=1S/C23H40N4O7/c1-13(2)18(26-22(32)34-23(3,4)5)21(31)27-11-16(33-6)10-17(27)20(30)25-15(12-28)9-14-7-8-24-19(14)29/h13-18,28H,7-12H2,1-6H3,(H,24,29)(H,25,30)(H,26,32)/t14-,15-,16-,17-,18-/m0/s1",AUPBHARHTRTBTF-ATIWLJMLSA-N,484.5940000000003,0.15490000000000426,146.3,7,4,9,2,0,0.8260869565217391,34,0,0,0.3644251887919305,752.0908946424424,-2.4000000000000004,27.84163498814408,11.832893157262905,7.557722034236912,0,0,2,0,2,11,123.66090000000005,nan,True,False,False,False,True,None,None
83W,"tert-butyl-N-[(2S,3R)-3-[(2-methylpropan-2-yl)oxy]-1-oxidanylidene-1-[(2S)-2-[[(2S)-1-oxidanyl-3-[(3S)-2-oxidanylidenepyrrolidin-3-yl]propan-2-yl]carbamoyl]pyrrolidin-1-yl]butan-2-yl]carbamate",C25 H44 N4 O7,non-polymer,C[C@H]([C@@H](C(=O)N1CCC[C@H]1C(=O)N[C@@H](C[C@@H]2CCNC2=O)CO)NC(=O)OC(C)(C)C)OC(C)(C)C,C[C@@H](OC(C)(C)C)[C@H](NC(=O)OC(C)(C)C)C(=O)N1CCC[C@H]1C(=O)N[C@H](CO)C[C@@H]1CCNC1=O,False,C[C@@H](OC(C)(C)C)[C@H](NC(=O)OC(C)(C)C)C(=O)N1CCC[C@H]1C(=O)N[C@H](CO)C[C@@H]1CCNC1=O,"InChI=1S/C25H44N4O7/c1-15(35-24(2,3)4)19(28-23(34)36-25(5,6)7)22(33)29-12-8-9-18(29)21(32)27-17(14-30)13-16-10-11-26-20(16)31/h15-19,30H,8-14H2,1-7H3,(H,26,31)(H,27,32)(H,28,34)/t15-,16+,17+,18+,19+/m1/s1",FREYRXXGOYXVLM-BCYZHJNNSA-N,512.6480000000004,1.0776000000000034,146.29999999999998,7,4,9,2,0,0.84,36,0,0,0.36147829242701063,805.2098845998138,-2.4000000000000004,29.827872631895488,12.226224385553754,8.918359375,0,0,2,0,2,11,132.9429,nan,True,False,False,False,True,None,None
84C,"tert-butyl-N-[(2S)-1-[(3S,3aS,6aR)-3-[[(2S)-1-oxidanyl-3-[(3S)-2-oxidanylidenepyrrolidin-3-yl]propan-2-yl]carbamoyl]-3,3a,4,5,6,6a-hexahydro-1H-cyclopenta[c]pyrrol-2-yl]-3-methyl-1-oxidanylidene-butan-2-yl]carbamate",C25 H42 N4 O6,non-polymer,CC(C)[C@@H](C(=O)N1C[C@@H]2CCC[C@@H]2[C@H]1C(=O)N[C@@H](C[C@@H]3CCNC3=O)CO)NC(=O)OC(C)(C)C,CC(C)[C@H](NC(=O)OC(C)(C)C)C(=O)N1C[C@@H]2CCC[C@@H]2[C@H]1C(=O)N[C@H](CO)C[C@@H]1CCNC1=O,False,CC(C)[C@H](NC(=O)OC(C)(C)C)C(=O)N1C[C@@H]2CCC[C@@H]2[C@H]1C(=O)N[C@H](CO)C[C@@H]1CCNC1=O,"InChI=1S/C25H42N4O6/c1-14(2)19(28-24(34)35-25(3,4)5)23(33)29-12-16-7-6-8-18(16)20(29)22(32)27-17(13-30)11-15-9-10-26-21(15)31/h14-20,30H,6-13H2,1-5H3,(H,26,31)(H,27,32)(H,28,34)/t15-,16-,17-,18-,19-,20-/m0/s1",MFQBHMWPFDDNFU-RABCQHRBSA-N,494.6330000000003,1.1661000000000028,137.07,6,4,8,3,0,0.84,35,0,0,0.3997589170953639,810.2689745953675,-2.3600000000000003,27.231234685768236,11.138880109631057,6.652581104180963,0,0,3,0,3,10,129.07790000000006,nan,True,True,False,False,True,None,None
X77,N-(4-tert-butylphenyl)-N-[(1R)-2-(cyclohexylamino)-2-oxo-1-(pyridin-3-yl)ethyl]-1H-imidazole-4-carboxamide,C27 H33 N5 O2,non-polymer,CC(C)(C)c1ccc(cc1)N([C@H](c2cccnc2)C(=O)NC3CCCCC3)C(=O)c4c[nH]cn4,CC(C)(C)c1ccc(N(C(=O)c2c[nH]cn2)[C@@H](C(=O)NC2CCCCC2)c2cccnc2)cc1,False,CC(C)(C)c1ccc(N(C(=O)c2c[nH]cn2)[C@@H](C(=O)NC2CCCCC2)c2cccnc2)cc1,"InChI=1S/C27H33N5O2/c1-27(2,3)20-11-13-22(14-12-20)32(26(34)23-17-29-18-30-23)24(19-8-7-15-28-16-19)25(33)31-21-9-5-4-6-10-21/h7-8,11-18,21,24H,4-6,9-10H2,1-3H3,(H,29,30)(H,31,33)/t24-/m1/s1",MUNFBYOTGGMQOS-XMMPIXPASA-N,459.5940000000003,4.939200000000003,90.98,4,2,6,4,3,0.4074074074074074,34,0,0,0.546250366441792,1082.308944894231,-3.48,23.6705972283138,10.199380903090928,5.353347080433224,0,0,1,3,1,7,132.53290000000004,nan,True,True,True,True,True,None,None
9M5,~{N}-(4-~{tert}-butylphenyl)-~{N}-[(1~{S})-2-(cyclohexylamino)-2-oxidanylidene-1-pyridin-3-yl-ethyl]-1~{H}-imidazole-4-carboxamide,C27 H33 N5 O2,non-polymer,CC(C)(C)c1ccc(cc1)N([C@@H](c2cccnc2)C(=O)NC3CCCCC3)C(=O)c4c[nH]cn4,CC(C)(C)c1ccc(N(C(=O)c2c[nH]cn2)[C@H](C(=O)NC2CCCCC2)c2cccnc2)cc1,False,CC(C)(C)c1ccc(N(C(=O)c2c[nH]cn2)[C@H](C(=O)NC2CCCCC2)c2cccnc2)cc1,"InChI=1S/C27H33N5O2/c1-27(2,3)20-11-13-22(14-12-20)32(26(34)23-17-29-18-30-23)24(19-8-7-15-28-16-19)25(33)31-21-9-5-4-6-10-21/h7-8,11-18,21,24H,4-6,9-10H2,1-3H3,(H,29,30)(H,31,33)/t24-/m0/s1",MUNFBYOTGGMQOS-DEOSSOPVSA-N,459.5940000000003,4.939200000000003,90.98,4,2,6,4,3,0.4074074074074074,34,0,0,0.546250366441792,1082.308944894231,-3.48,23.6705972283138,10.199380903090928,5.353347080433224,0,0,1,3,1,7,132.53290000000004,nan,True,True,True,True,True,None,None
XI0,1-[(2~{S})-2-(3-chlorophenyl)pyrrolidin-1-yl]-2-(5-methylpyridin-3-yl)ethanone,C18 H19 Cl N2 O,non-polymer,Cc1cc(cnc1)CC(=O)N2CCC[C@H]2c3cccc(c3)Cl,Cc1cncc(CC(=O)N2CCC[C@H]2c2cccc(Cl)c2)c1,False,Cc1cncc(CC(=O)N2CCC[C@H]2c2cccc(Cl)c2)c1,"InChI=1S/C18H19ClN2O/c1-13-8-14(12-20-11-13)9-18(22)21-7-3-6-17(21)15-4-2-5-16(19)10-15/h2,4-5,8,10-12,17H,3,6-7,9H2,1H3/t17-/m0/s1",KKNJQFHEHQASFG-KRWDZBQOSA-N,314.81600000000003,3.949620000000003,33.2,2,0,3,3,2,0.3333333333333333,22,0,0,0.8591473462438767,686.2923031168629,-1.8699999999999992,15.042183664330791,6.4886199402751235,3.303499234887563,0,0,1,2,1,4,87.81800000000004,nan,True,True,True,True,True,None,None
XH9,"2-[[4-(5-chloranylpyridin-3-yl)carbonyl-1,4-diazepan-1-yl]methyl]benzenecarbonitrile",C19 H19 Cl N4 O,non-polymer,c1ccc(c(c1)CN2CCCN(CC2)C(=O)c3cc(cnc3)Cl)C#N,N#Cc1ccccc1CN1CCCN(C(=O)c2cncc(Cl)c2)CC1,False,N#Cc1ccccc1CN1CCCN(C(=O)c2cncc(Cl)c2)CC1,"InChI=1S/C19H19ClN4O/c20-18-10-17(12-22-13-18)19(25)24-7-3-6-23(8-9-24)14-16-5-2-1-4-15(16)11-21/h1-2,4-5,10,12-13H,3,6-9,14H2",VIHXPVLCTFBBEL-UHFFFAOYSA-N,354.841,2.9547800000000013,60.23,4,0,3,3,2,0.3157894736842105,25,0,0,0.8498300396306687,802.0062562856339,-2.42,17.40456050914931,8.105518429849015,4.356145361845021,0,0,1,2,1,6,96.20150000000004,nan,True,True,True,True,True,None,None
XHW,"(5-chloranylpyridin-3-yl)-[4-[(2-chlorophenyl)methyl]-1,4-diazepan-1-yl]methanone",C18 H19 Cl2 N3 O,non-polymer,c1ccc(c(c1)CN2CCCN(CC2)C(=O)c3cc(cnc3)Cl)Cl,O=C(c1cncc(Cl)c1)N1CCCN(Cc2ccccc2Cl)CC1,False,O=C(c1cncc(Cl)c1)N1CCCN(Cc2ccccc2Cl)CC1,"InChI=1S/C18H19Cl2N3O/c19-16-10-15(11-21-12-16)18(24)23-7-3-6-22(8-9-23)13-14-4-1-2-5-17(14)20/h1-2,4-5,10-12H,3,6-9,13H2",PQQKYBGBGWHEEP-UHFFFAOYSA-N,364.27599999999995,3.736500000000003,36.44,3,0,3,3,2,0.3333333333333333,24,0,0,0.8327163659556659,722.9149903450678,-1.6199999999999997,17.21107833920271,7.96972609108183,4.261768159315444,0,0,1,2,1,6,96.49650000000003,nan,True,True,True,True,True,None,None
XJ9,"1-[6,7-bis(chloranyl)-3,4-dihydro-1H-isoquinolin-2-yl]-2-(5-methylpyridin-3-yl)ethanone",C17 H16 Cl2 N2 O,non-polymer,Cc1cc(cnc1)CC(=O)N2CCc3cc(c(cc3C2)Cl)Cl,Cc1cncc(CC(=O)N2CCc3cc(Cl)c(Cl)cc3C2)c1,False,Cc1cncc(CC(=O)N2CCc3cc(Cl)c(Cl)cc3C2)c1,"InChI=1S/C17H16Cl2N2O/c1-11-4-12(9-20-8-11)5-17(22)21-3-2-13-6-15(18)16(19)7-14(13)10-21/h4,6-9H,2-3,5,10H2,1H3",PTVWECVVWMUSOK-UHFFFAOYSA-N,335.2339999999999,3.824220000000003,33.2,2,0,2,3,2,0.29411764705882354,22,0,0,0.8357929579938321,730.5940315863577,-1.5799999999999992,15.320853943170725,6.269060431010173,3.2581099644419353,0,0,1,2,0,5,88.26100000000002,nan,True,True,True,True,True,None,None
A1H1J,(phenylmethyl) ~{N}-[(2~{S})-1-[[(3-chloranyl-2-fluoranyl-phenyl)methyl-(iminomethyl)amino]-methyl-amino]-1-oxidanylidene-3-phenyl-propan-2-yl]carbamate,C26 H26 Cl F N4 O3,non-polymer,[H]/N=C\N(Cc1cccc(c1F)Cl)N(C)C(=O)[C@H](Cc2ccccc2)NC(=O)OCc3ccccc3,[H]/N=C\N(Cc1cccc(Cl)c1F)N(C)C(=O)[C@H](Cc1ccccc1)NC(=O)OCc1ccccc1,False,[H]/N=C\N(Cc1cccc(Cl)c1F)N(C)C(=O)[C@H](Cc1ccccc1)NC(=O)OCc1ccccc1,"InChI=1S/C26H26ClFN4O3/c1-31(32(18-29)16-21-13-8-14-22(27)24(21)28)25(33)23(15-19-9-4-2-5-10-19)30-26(34)35-17-20-11-6-3-7-12-20/h2-14,18,23,29H,15-17H2,1H3,(H,30,34)/b29-18-/t23-/m0/s1",BOZJGVNWUGIXOM-FVEJEDPZSA-N,496.9700000000002,4.7992700000000035,85.73,4,2,10,3,3,0.19230769230769232,35,0,0,0.2397226044692101,1184.3215174065945,-3.9099999999999993,24.222061086897387,12.52417592994686,7.284597830107931,0,0,0,3,0,9,132.20339999999996,nan,True,True,True,False,True,None,imine_1; imine_2; Oxygen-nitrogen_single_bond
A1H1K,"~{N}-[(2~{S})-1-[[(2~{S})-1-[[(4-chlorophenyl)methyl-(iminomethyl)amino]-methyl-amino]-1-oxidanylidene-3-phenyl-propan-2-yl]amino]-3,3-dimethyl-1-oxidanylidene-butan-2-yl]thiophene-2-carboxamide",C29 H34 Cl N5 O3 S,non-polymer,[H]/N=C\N(Cc1ccc(cc1)Cl)N(C)C(=O)[C@H](Cc2ccccc2)NC(=O)[C@H](C(C)(C)C)NC(=O)c3cccs3,[H]/N=C\N(Cc1ccc(Cl)cc1)N(C)C(=O)[C@H](Cc1ccccc1)NC(=O)[C@@H](NC(=O)c1cccs1)C(C)(C)C,False,[H]/N=C\N(Cc1ccc(Cl)cc1)N(C)C(=O)[C@H](Cc1ccccc1)NC(=O)[C@@H](NC(=O)c1cccs1)C(C)(C)C,"InChI=1S/C29H34ClN5O3S/c1-29(2,3)25(33-26(36)24-11-8-16-39-24)27(37)32-23(17-20-9-6-5-7-10-20)28(38)34(4)35(19-31)18-21-12-14-22(30)15-13-21/h5-16,19,23,25,31H,17-18H2,1-4H3,(H,32,37)(H,33,36)/b31-19-/t23-,25+/m0/s1",KRDFOVBETAPJMT-JNNRUENRSA-N,568.1430000000003,4.7561700000000044,105.6,5,3,11,3,3,0.3103448275862069,39,0,0,0.17645479045361762,1297.4634756266976,-3.6899999999999995,28.32140859905805,13.395305364146902,8.397214877886725,0,0,0,3,0,10,155.65359999999976,nan,True,False,True,False,True,None,imine_1; imine_2; Oxygen-nitrogen_single_bond
JX6,N~2~-[(benzyloxy)carbonyl]-N-{(2R)-1-hydroxy-3-[(3S)-2-oxopyrrolidin-3-yl]propan-2-yl}-4-methyl-L-leucinamide,C22 H33 N3 O5,non-polymer,CC(C)(C)C[C@@H](C(=O)N[C@@H](C[C@@H]1CCNC1=O)CO)NC(=O)OCc2ccccc2,CC(C)(C)C[C@H](NC(=O)OCc1ccccc1)C(=O)N[C@H](CO)C[C@@H]1CCNC1=O,False,CC(C)(C)C[C@H](NC(=O)OCc1ccccc1)C(=O)N[C@H](CO)C[C@@H]1CCNC1=O,"InChI=1S/C22H33N3O5/c1-22(2,3)12-18(25-21(29)30-14-15-7-5-4-6-8-15)20(28)24-17(13-26)11-16-9-10-23-19(16)27/h4-8,16-18,26H,9-14H2,1-3H3,(H,23,27)(H,24,28)(H,25,29)/t16-,17-,18-/m0/s1",GVWXWUJUDUDFRS-BZSNNMDCSA-N,419.5220000000001,1.7209000000000008,116.76,5,4,9,2,1,0.5909090909090909,30,0,0,0.48629379464389716,717.2332317297581,-2.6099999999999994,23.666826534652134,10.964600948289801,8.02244967140405,0,0,1,1,1,8,112.37290000000003,nan,True,True,True,True,True,None,None
YHI,"benzyl (1R,2S,5S)-2-({(2S)-1-hydroxy-3-[(3S)-2-oxopyrrolidin-3-yl]propan-2-yl}carbamoyl)-6,6-dimethyl-3-azabicyclo[3.1.0]hexane-3-carboxylate",C23 H31 N3 O5,non-polymer,CC1([C@@H]2[C@H]1[C@H](N(C2)C(=O)OCc3ccccc3)C(=O)N[C@@H](C[C@@H]4CCNC4=O)CO)C,CC1(C)[C@@H]2[C@@H](C(=O)N[C@H](CO)C[C@@H]3CCNC3=O)N(C(=O)OCc3ccccc3)C[C@@H]21,False,CC1(C)[C@@H]2[C@@H](C(=O)N[C@H](CO)C[C@@H]3CCNC3=O)N(C(=O)OCc3ccccc3)C[C@@H]21,"InChI=1S/C23H31N3O5/c1-23(2)17-11-26(22(30)31-13-14-6-4-3-5-7-14)19(18(17)23)21(29)25-16(12-27)10-15-8-9-24-20(15)28/h3-7,15-19,27H,8-13H2,1-2H3,(H,24,28)(H,25,29)/t15-,16-,17-,18-,19-/m0/s1",KXNVRILCTPCDNL-VMXHOPILSA-N,429.5170000000003,1.2828999999999997,107.97000000000001,5,3,7,4,1,0.6086956521739131,31,0,0,0.6052853540429365,842.8735150079958,-2.61,21.615576635532324,8.493709344161072,4.2587346754051865,0,0,3,1,3,8,112.63220000000007,nan,True,True,True,True,True,None,None
JY0,"benzyl [(2S,3S)-3-tert-butoxy-1-({(2S)-1-hydroxy-3-[(3S)-2-oxopyrrolidin-3-yl]propan-2-yl}amino)-1-oxobutan-2-yl]carbamate",C23 H35 N3 O6,non-polymer,C[C@@H]([C@@H](C(=O)N[C@@H](C[C@@H]1CCNC1=O)CO)NC(=O)OCc2ccccc2)OC(C)(C)C,C[C@H](OC(C)(C)C)[C@H](NC(=O)OCc1ccccc1)C(=O)N[C@H](CO)C[C@@H]1CCNC1=O,False,C[C@H](OC(C)(C)C)[C@H](NC(=O)OCc1ccccc1)C(=O)N[C@H](CO)C[C@@H]1CCNC1=O,"InChI=1S/C23H35N3O6/c1-15(32-23(2,3)4)19(26-22(30)31-14-16-8-6-5-7-9-16)21(29)25-18(13-27)12-17-10-11-24-20(17)28/h5-9,15,17-19,27H,10-14H2,1-4H3,(H,24,28)(H,25,29)(H,26,30)/t15-,17-,18-,19-/m0/s1",DCDIPOZOXMQJTA-WNHJNPCNSA-N,449.54800000000023,1.4883000000000006,125.99000000000001,6,4,10,2,1,0.6086956521739131,32,0,0,0.42879158896740427,764.7452701070229,-2.6499999999999995,25.60924890554731,11.823904007337518,8.469906245365515,0,0,1,1,1,9,118.60090000000004,nan,True,True,True,True,True,None,None
K2X,"(3-chlorophenyl)methyl [(2S)-3-cyclohexyl-1-({(1S,2S)-1-hydroxy-3-[(3S)-2-oxopyrrolidin-3-yl]-1-sulfanylpropan-2-yl}amino)-1-oxopropan-2-yl]carbamate",C24 H34 Cl N3 O5 S,non-polymer,c1cc(cc(c1)Cl)COC(=O)N[C@@H](CC2CCCCC2)C(=O)N[C@@H](C[C@@H]3CCNC3=O)[C@@H](O)S,O=C(N[C@@H](CC1CCCCC1)C(=O)N[C@@H](C[C@@H]1CCNC1=O)[C@@H](O)S)OCc1cccc(Cl)c1,False,O=C(N[C@@H](CC1CCCCC1)C(=O)N[C@@H](C[C@@H]1CCNC1=O)[C@@H](O)S)OCc1cccc(Cl)c1,"InChI=1S/C24H34ClN3O5S/c25-18-8-4-7-16(11-18)14-33-24(32)28-19(12-15-5-2-1-3-6-15)22(30)27-20(23(31)34)13-17-9-10-26-21(17)29/h4,7-8,11,15,17,19-20,23,31,34H,1-3,5-6,9-10,12-14H2,(H,26,29)(H,27,30)(H,28,32)/t17-,19-,20-,23-/m0/s1",JHCCETMXTYSPGK-UDSSINMLSA-N,512.0720000000003,3.1644000000000014,116.76,6,5,10,3,1,0.625,34,0,0,0.24423059733093472,849.6522541148356,-1.9700000000000002,26.631559064105602,13.207191961584716,8.356999539576798,0,0,2,1,2,10,132.40990000000005,nan,True,True,True,False,True,None,het-C-het_not_in_ring; thiol_2
SJF,"(1S,3aR,6aS)-2-[(3,4-dichlorophenoxy)acetyl]-N-{(2S)-1-hydroxy-3-[(3S)-2-oxopyrrolidin-3-yl]propan-2-yl}octahydrocyclopenta[c]pyrrole-1-carboxamide",C23 H29 Cl2 N3 O5,non-polymer,c1cc(c(cc1OCC(=O)N2C[C@@H]3CCC[C@@H]3[C@H]2C(=O)N[C@@H](C[C@@H]4CCNC4=O)CO)Cl)Cl,O=C1NCC[C@H]1C[C@@H](CO)NC(=O)[C@@H]1[C@H]2CCC[C@H]2CN1C(=O)COc1ccc(Cl)c(Cl)c1,False,O=C1NCC[C@H]1C[C@@H](CO)NC(=O)[C@@H]1[C@H]2CCC[C@H]2CN1C(=O)COc1ccc(Cl)c(Cl)c1,"InChI=1S/C23H29Cl2N3O5/c24-18-5-4-16(9-19(18)25)33-12-20(30)28-10-14-2-1-3-17(14)21(28)23(32)27-15(11-29)8-13-6-7-26-22(13)31/h4-5,9,13-15,17,21,29H,1-3,6-8,10-12H2,(H,26,31)(H,27,32)/t13-,14-,15-,17-,21-/m0/s1",DSVCEMXKUZHNPU-ICWLNENESA-N,498.40700000000015,2.0026000000000006,107.97000000000001,5,3,8,4,1,0.6086956521739131,33,0,0,0.5084851687547791,914.0830997134881,-2.03,24.1059137038352,10.488744957644736,5.387393618704271,0,0,3,1,3,10,123.03920000000005,nan,True,True,True,False,True,None,None
SO0,"(1S,3aR,6aS)-2-[(2,4-dichlorophenoxy)acetyl]-N-{(2S)-1-hydroxy-3-[(3S)-2-oxopyrrolidin-3-yl]propan-2-yl}octahydrocyclopenta[c]pyrrole-1-carboxamide",C23 H29 Cl2 N3 O5,non-polymer,c1cc(c(cc1Cl)Cl)OCC(=O)N2C[C@@H]3CCC[C@@H]3[C@H]2C(=O)N[C@@H](C[C@@H]4CCNC4=O)CO,O=C1NCC[C@H]1C[C@@H](CO)NC(=O)[C@@H]1[C@H]2CCC[C@H]2CN1C(=O)COc1ccc(Cl)cc1Cl,False,O=C1NCC[C@H]1C[C@@H](CO)NC(=O)[C@@H]1[C@H]2CCC[C@H]2CN1C(=O)COc1ccc(Cl)cc1Cl,"InChI=1S/C23H29Cl2N3O5/c24-15-4-5-19(18(25)9-15)33-12-20(30)28-10-14-2-1-3-17(14)21(28)23(32)27-16(11-29)8-13-6-7-26-22(13)31/h4-5,9,13-14,16-17,21,29H,1-3,6-8,10-12H2,(H,26,31)(H,27,32)/t13-,14-,16-,17-,21-/m0/s1",WFNOKGZUZOGKBO-ZEAPZOAHSA-N,498.4070000000003,2.002599999999999,107.97000000000001,5,3,8,4,1,0.6086956521739131,33,0,0,0.5084851687547791,914.0830997134881,-2.03,24.1059137038352,10.488744957644736,5.387393618704271,0,0,3,1,3,10,123.03920000000005,nan,True,True,True,False,True,None,None
SQ3,"(1R,2S,5S)-3-[(2,4-dichlorophenoxy)acetyl]-N-{(2S)-1-hydroxy-3-[(3S)-2-oxopyrrolidin-3-yl]propan-2-yl}-6,6-dimethyl-3-azabicyclo[3.1.0]hexane-2-carboxamide",C23 H29 Cl2 N3 O5,non-polymer,CC1([C@@H]2[C@H]1[C@H](N(C2)C(=O)COc3ccc(cc3Cl)Cl)C(=O)N[C@@H](C[C@@H]4CCNC4=O)CO)C,CC1(C)[C@@H]2[C@@H](C(=O)N[C@H](CO)C[C@@H]3CCNC3=O)N(C(=O)COc3ccc(Cl)cc3Cl)C[C@@H]21,False,CC1(C)[C@@H]2[C@@H](C(=O)N[C@H](CO)C[C@@H]3CCNC3=O)N(C(=O)COc3ccc(Cl)cc3Cl)C[C@@H]21,"InChI=1S/C23H29Cl2N3O5/c1-23(2)15-9-28(18(30)11-33-17-4-3-13(24)8-16(17)25)20(19(15)23)22(32)27-14(10-29)7-12-5-6-26-21(12)31/h3-4,8,12,14-15,19-20,29H,5-7,9-11H2,1-2H3,(H,26,31)(H,27,32)/t12-,14-,15-,19-,20-/m0/s1",GDZSJNGXWJGQFB-ZUHDPNGNSA-N,498.40700000000027,1.8584999999999998,107.97000000000001,5,3,8,4,1,0.6086956521739131,33,0,0,0.507418687269599,956.0245958164852,-2.0299999999999994,24.1059137038352,9.312757616598349,4.78903408286068,0,0,3,1,3,10,122.96920000000004,nan,True,True,True,False,True,None,None
A1A21,(5-bromopyridin-3-yl){4-[(R)-(4-chlorophenyl)(phenyl)methyl]piperazin-1-yl}methanone,C23 H21 Br Cl N3 O,non-polymer,c1ccc(cc1)[C@H](c2ccc(cc2)Cl)N3CCN(CC3)C(=O)c4cc(cnc4)Br,O=C(c1cncc(Br)c1)N1CCN([C@H](c2ccccc2)c2ccc(Cl)cc2)CC1,False,O=C(c1cncc(Br)c1)N1CCN([C@H](c2ccccc2)c2ccc(Cl)cc2)CC1,"InChI=1S/C23H21BrClN3O/c24-20-14-19(15-26-16-20)23(29)28-12-10-27(11-13-28)22(17-4-2-1-3-5-17)18-6-8-21(25)9-7-18/h1-9,14-16,22H,10-13H2/t22-/m1/s1",HUHIPWIDNVSBFL-JOCHJYFZSA-N,470.7980000000001,5.044900000000004,36.44,3,0,4,4,3,0.21739130434782608,29,0,0,0.5355816448507091,972.9278244544464,-2.2099999999999995,20.07864454673821,9.075272062748821,4.6895104005781025,0,0,1,3,1,6,119.15050000000004,nan,True,True,True,True,False,None,None
X4N,"(1R,2S,5S)-N-{(1E,2S)-1-imino-3-[(3S)-2-oxopiperidin-3-yl]propan-2-yl}-6,6-dimethyl-3-[3-methyl-N-(trifluoroacetyl)-L-valyl]-3-azabicyclo[3.1.0]hexane-2-carboxamide",C24 H36 F3 N5 O4,non-polymer,[H]/N=C/[C@H](C[C@@H]1CCCNC1=O)NC(=O)[C@@H]2[C@@H]3[C@@H](C3(C)C)CN2C(=O)[C@H](C(C)(C)C)NC(=O)C(F)(F)F,[H]/N=C/[C@H](C[C@@H]1CCCNC1=O)NC(=O)[C@@H]1[C@@H]2[C@H](CN1C(=O)[C@@H](NC(=O)C(F)(F)F)C(C)(C)C)C2(C)C,False,[H]/N=C/[C@H](C[C@@H]1CCCNC1=O)NC(=O)[C@@H]1[C@@H]2[C@H](CN1C(=O)[C@@H](NC(=O)C(F)(F)F)C(C)(C)C)C2(C)C,"InChI=1S/C24H36F3N5O4/c1-22(2,3)17(31-21(36)24(25,26)27)20(35)32-11-14-15(23(14,4)5)16(32)19(34)30-13(10-28)9-12-7-6-8-29-18(12)33/h10,12-17,28H,6-9,11H2,1-5H3,(H,29,33)(H,30,34)(H,31,36)/b28-10+/t12-,13-,14-,15-,16-,17+/m0/s1",ANWPXQGZBIGAAL-OMYRVQQUSA-N,515.5770000000003,1.6132700000000006,131.46,5,4,7,3,0,0.7916666666666666,36,0,0,0.38381498307188744,965.0115785691341,-2.6599999999999993,26.404368229002127,9.661012023690922,5.512811415145619,0,0,3,0,3,12,124.76780000000008,nan,True,True,False,False,True,None,imine_1
A1AFD,(5-bromopyridin-3-yl){4-[(S)-(4-chlorophenyl)(phenyl)methyl]piperazin-1-yl}methanone,C23 H21 Br Cl N3 O,non-polymer,c1ccc(cc1)[C@@H](c2ccc(cc2)Cl)N3CCN(CC3)C(=O)c4cc(cnc4)Br,O=C(c1cncc(Br)c1)N1CCN([C@@H](c2ccccc2)c2ccc(Cl)cc2)CC1,False,O=C(c1cncc(Br)c1)N1CCN([C@@H](c2ccccc2)c2ccc(Cl)cc2)CC1,"InChI=1S/C23H21BrClN3O/c24-20-14-19(15-26-16-20)23(29)28-12-10-27(11-13-28)22(17-4-2-1-3-5-17)18-6-8-21(25)9-7-18/h1-9,14-16,22H,10-13H2/t22-/m0/s1",HUHIPWIDNVSBFL-QFIPXVFZSA-N,470.7980000000001,5.044900000000004,36.44,3,0,4,4,3,0.21739130434782608,29,0,0,0.5355816448507091,972.9278244544464,-2.2099999999999995,20.07864454673821,9.075272062748821,4.6895104005781025,0,0,1,3,1,6,119.15050000000004,nan,True,True,True,True,False,None,None
A1AFE,"11-[1-(1H-pyrrolo[3,2-c]pyridine-7-carbonyl)piperidin-4-ylidene]-6,11-dihydro-5H-5lambda~6~-dibenzo[b,e]thiepine-5,5-dione",C27 H23 N3 O3 S,non-polymer,c1ccc2c(c1)CS(=O)(=O)c3ccccc3C2=C4CCN(CC4)C(=O)c5cncc6c5[nH]cc6,O=C(c1cncc2cc[nH]c12)N1CCC(=C2c3ccccc3CS(=O)(=O)c3ccccc32)CC1,False,O=C(c1cncc2cc[nH]c12)N1CCC(=C2c3ccccc3CS(=O)(=O)c3ccccc32)CC1,"InChI=1S/C27H23N3O3S/c31-27(23-16-28-15-19-9-12-29-26(19)23)30-13-10-18(11-14-30)25-21-6-2-1-5-20(21)17-34(32,33)24-8-4-3-7-22(24)25/h1-9,12,15-16,29H,10-11,13-14,17H2",SQWIJPFDIKPQCT-UHFFFAOYSA-N,469.56600000000026,4.588300000000005,83.13,4,1,1,6,4,0.18518518518518517,34,0,0,0.442082835649513,1573.4805066742738,-3.7099999999999995,20.865783647791872,7.953267381625751,3.351221881848014,0,0,2,4,1,7,131.02700000000002,nan,True,True,True,True,True,None,None
A1D51,"~{N}-[(1~{S},2~{R})-2-[[4-cyclopropyl-2-(methylcarbamoyl)-6-nitro-phenyl]amino]cyclohexyl]-2-oxidanylidene-1~{H}-quinoline-4-carboxamide",C27 H29 N5 O5,non-polymer,CNC(=O)c1cc(cc(c1N[C@@H]2CCCC[C@@H]2NC(=O)C3=CC(=O)Nc4c3cccc4)[N+](=O)[O-])C5CC5,CNC(=O)c1cc(C2CC2)cc([N+](=O)[O-])c1N[C@@H]1CCCC[C@@H]1NC(=O)c1cc(=O)[nH]c2ccccc12,False,CNC(=O)c1cc(C2CC2)cc([N+](=O)[O-])c1N[C@@H]1CCCC[C@@H]1NC(=O)c1cc(=O)[nH]c2ccccc12,"InChI=1S/C27H29N5O5/c1-28-26(34)19-12-16(15-10-11-15)13-23(32(36)37)25(19)30-21-8-4-5-9-22(21)31-27(35)18-14-24(33)29-20-7-3-2-6-17(18)20/h2-3,6-7,12-15,21-22,30H,4-5,8-11H2,1H3,(H,28,34)(H,29,33)(H,31,35)/t21-,22+/m1/s1",MVXGEYVENMHUPC-YADHBBJMSA-N,503.55900000000025,3.8264000000000022,146.23000000000002,6,4,7,5,3,0.37037037037037035,37,0,0,0.2847121982186247,1444.8627589687703,-4.21,24.482902149317468,10.039389520610994,5.043644500630646,0,0,2,3,2,10,140.16319999999993,nan,True,False,False,False,True,None,nitro_group; Oxygen-nitrogen_single_bond
X7F,"5,8-bis(oxidanyl)naphthalene-1,4-dione",C10 H6 O4,non-polymer,c1cc(c2c(c1O)C(=O)C=CC2=O)O,O=C1C=CC(=O)c2c(O)ccc(O)c21,False,O=C1C=CC(=O)c2c(O)ccc(O)c21,"InChI=1S/C10H6O4/c11-5-1-2-6(12)10-8(14)4-3-7(13)9(5)10/h1-4,11-12H",RQNVIKXOOKXAJQ-UHFFFAOYSA-N,190.15399999999997,1.033,74.6,4,2,0,2,1,0.0,14,0,0,0.5989955130366422,428.25549687033623,-2.0999999999999996,8.496118021753501,2.697681876720286,1.0074112614175053,0,0,1,1,0,4,47.57260000000001,nan,True,True,True,False,False,quinone_A(370),hydroquinone
A1D50,"~{N}-[(1~{S},2~{R})-2-[(4-bromanyl-2-morpholin-4-ylcarbonyl-6-nitro-phenyl)amino]cyclohexyl]-2-oxidanylidene-1~{H}-quinoline-4-carboxamide",C27 H28 Br N5 O6,non-polymer,c1ccc2c(c1)C(=CC(=O)N2)C(=O)N[C@H]3CCCC[C@H]3Nc4c(cc(cc4[N+](=O)[O-])Br)C(=O)N5CCOCC5,O=C(N[C@H]1CCCC[C@H]1Nc1c(C(=O)N2CCOCC2)cc(Br)cc1[N+](=O)[O-])c1cc(=O)[nH]c2ccccc12,False,O=C(N[C@H]1CCCC[C@H]1Nc1c(C(=O)N2CCOCC2)cc(Br)cc1[N+](=O)[O-])c1cc(=O)[nH]c2ccccc12,"InChI=1S/C27H28BrN5O6/c28-16-13-19(27(36)32-9-11-39-12-10-32)25(23(14-16)33(37)38)30-21-7-3-4-8-22(21)31-26(35)18-15-24(34)29-20-6-2-1-5-17(18)20/h1-2,5-6,13-15,21-22,30H,3-4,7-12H2,(H,29,34)(H,31,35)/t21-,22+/m1/s1",KFFVXVXATZDEKJ-YADHBBJMSA-N,598.4539999999998,3.8243000000000027,146.67,7,3,6,5,3,0.37037037037037035,39,0,0,0.28885101740163194,1485.259316170312,-3.77,26.82191767551364,11.54037948013431,5.810063108208259,0,0,2,3,2,12,149.2204999999998,nan,True,False,False,False,True,None,nitro_group; Oxygen-nitrogen_single_bond
FHR,~{N}-[(2~{S})-3-cyclohexyl-1-oxidanylidene-1-[[(2~{S})-1-oxidanylidene-3-[(3~{S})-2-oxidanylidenepyrrolidin-3-yl]propan-2-yl]amino]propan-2-yl]-1~{H}-indole-2-carboxamide,C25 H32 N4 O4,peptide-like,c1ccc2c(c1)cc([nH]2)C(=O)N[C@@H](CC3CCCCC3)C(=O)N[C@@H](C[C@@H]4CCNC4=O)C=O,O=C[C@H](C[C@@H]1CCNC1=O)NC(=O)[C@H](CC1CCCCC1)NC(=O)c1cc2ccccc2[nH]1,False,O=C[C@H](C[C@@H]1CCNC1=O)NC(=O)[C@H](CC1CCCCC1)NC(=O)c1cc2ccccc2[nH]1,"InChI=1S/C25H32N4O4/c30-15-19(13-18-10-11-26-23(18)31)27-24(32)21(12-16-6-2-1-3-7-16)29-25(33)22-14-17-8-4-5-9-20(17)28-22/h4-5,8-9,14-16,18-19,21,28H,1-3,6-7,10-13H2,(H,26,31)(H,27,32)(H,29,33)/t18-,19-,21-/m0/s1",HPKJGHVHQWJOOT-ZJOUEHCJSA-N,452.5550000000002,2.446599999999999,120.16,4,4,9,4,2,0.52,33,0,0,0.4368819704854645,977.7554984897143,-3.1600000000000006,23.013519118273223,10.637620679257695,5.801991782006921,0,0,2,2,2,8,124.47330000000005,nan,True,True,True,True,True,None,aldehyde
A1LYZ,(4-methoxyphenyl)methyl ~{N}-[(2~{S})-4-methyl-1-oxidanylidene-1-[[(2~{S})-1-oxidanylidene-3-[(3~{S})-2-oxidanylidenepyrrolidin-3-yl]propan-2-yl]amino]pentan-2-yl]carbamate,C22 H31 N3 O6,non-polymer,CC(C)C[C@@H](C(=O)N[C@@H](C[C@@H]1CCNC1=O)C=O)NC(=O)OCc2ccc(cc2)OC,COc1ccc(COC(=O)N[C@@H](CC(C)C)C(=O)N[C@H](C=O)C[C@@H]2CCNC2=O)cc1,False,COc1ccc(COC(=O)N[C@@H](CC(C)C)C(=O)N[C@H](C=O)C[C@@H]2CCNC2=O)cc1,"InChI=1S/C22H31N3O6/c1-14(2)10-19(21(28)24-17(12-26)11-16-8-9-23-20(16)27)25-22(29)31-13-15-4-6-18(30-3)7-5-15/h4-7,12,14,16-17,19H,8-11,13H2,1-3H3,(H,23,27)(H,24,28)(H,25,29)/t16-,17-,19-/m0/s1",HCIPLFOANXSFSY-LNLFQRSKSA-N,433.50500000000017,1.5459999999999994,122.83000000000001,6,3,11,2,1,0.5454545454545454,31,0,0,0.45517367038104034,765.0146726104703,-3.099999999999999,24.17202739430802,11.924841231554117,7.916361228587298,0,0,1,1,1,9,113.28610000000005,nan,True,False,True,True,True,None,aldehyde
A1ALW,"N-{(2R)-1-amino-3-[(2R,3S)-2-hydroxypyrrolidin-3-yl]propan-2-yl}-N~2~-[4-(6-fluoropyridin-3-yl)benzoyl]-L-leucinamide",C25 H34 F N5 O3,non-polymer,CC(C)C[C@@H](C(=O)N[C@@H](C[C@@H]1CCN[C@@H]1O)CN)NC(=O)c2ccc(cc2)c3ccc(nc3)F,CC(C)C[C@H](NC(=O)c1ccc(-c2ccc(F)nc2)cc1)C(=O)N[C@H](CN)C[C@@H]1CCN[C@@H]1O,False,CC(C)C[C@H](NC(=O)c1ccc(-c2ccc(F)nc2)cc1)C(=O)N[C@H](CN)C[C@@H]1CCN[C@@H]1O,"InChI=1S/C25H34FN5O3/c1-15(2)11-21(25(34)30-20(13-27)12-18-9-10-28-23(18)32)31-24(33)17-5-3-16(4-6-17)19-7-8-22(26)29-14-19/h3-8,14-15,18,20-21,23,28,32H,9-13,27H2,1-2H3,(H,30,34)(H,31,33)/t18-,20-,21-,23+/m0/s1",AGFPLVUVLJRIIL-XHRGMSINSA-N,471.5770000000001,1.7937000000000007,129.37,6,5,10,3,2,0.48,34,0,0,0.3361454122192873,952.0284051566874,-2.879999999999999,25.737648603234607,12.007680164644588,7.057414181358818,0,0,1,2,1,9,128.05880000000002,nan,True,True,True,True,True,None,2-halo_pyridine
PHE,PHENYLALANINE,C9 H11 N O2,L-peptide linking,c1ccc(cc1)C[C@@H](C(=O)O)N,N[C@@H](Cc1ccccc1)C(=O)O,False,N[C@@H](Cc1ccccc1)C(=O)O,"InChI=1S/C9H11NO2/c10-8(9(11)12)6-7-4-2-1-3-5-7/h1-5,8H,6,10H2,(H,11,12)/t8-/m0/s1",COLNVLDHVKWLRT-QMMMGPOBSA-N,165.19199999999998,0.641,63.31999999999999,2,2,3,1,1,0.2222222222222222,12,0,0,0.6904627990029388,258.4908622767174,-1.35,8.743896713615024,3.8752009284976325,2.3586512364733427,0,0,0,1,0,3,45.75720000000001,nan,True,True,True,False,False,None,None
A1D76,"2-[(4R,5S,7R,25S,26R,29R,30S,31R)-13,14,15,18,19,20,21,31,35,36-decahydroxy-2,10,23,28,32-pentaoxo-5-(3,4,5-trihydroxybenzoyl)oxy-3,6,9,24,27,33-hexaoxaheptacyclo[28.7.1.04,25.07,26.011,16.017,22.034,38]octatriaconta-1(37),11,13,15,17(22),18,20,34(38),35-nonaen-29-yl]acetic acid",C41 H30 O27,non-polymer,c1c(cc(c(c1O)O)O)C(=O)O[C@H]2[C@H]3[C@@H]4[C@@H]([C@H](O2)COC(=O)c5cc(c(c(c5-c6c(cc(c(c6O)O)O)C(=O)O4)O)O)O)OC(=O)[C@@H]([C@H]7c8c(cc(c(c8OC(=O)[C@@H]7O)O)O)C(=O)O3)CC(=O)O,O=C(O)C[C@H]1C(=O)O[C@H]2[C@@H]3OC(=O)c4cc(O)c(O)c(O)c4-c4c(cc(O)c(O)c4O)C(=O)OC[C@H]2O[C@@H](OC(=O)c2cc(O)c(O)c(O)c2)[C@@H]3OC(=O)c2cc(O)c(O)c3c2[C@H]1[C@@H](O)C(=O)O3,False,O=C(O)C[C@H]1C(=O)O[C@H]2[C@@H]3OC(=O)c4cc(O)c(O)c(O)c4-c4c(cc(O)c(O)c4O)C(=O)OC[C@H]2O[C@@H](OC(=O)c2cc(O)c(O)c(O)c2)[C@@H]3OC(=O)c2cc(O)c(O)c3c2[C@H]1[C@@H](O)C(=O)O3,"InChI=1S/C41H30O27/c42-13-1-8(2-14(43)24(13)49)35(56)68-41-34-33-31(64-39(60)12(6-19(47)48)22-23-11(38(59)67-34)5-17(46)27(52)32(23)65-40(61)30(22)55)18(63-41)7-62-36(57)9-3-15(44)25(50)28(53)20(9)21-10(37(58)66-33)4-16(45)26(51)29(21)54/h1-5,12,18,22,30-31,33-34,41-46,49-55H,6-7H2,(H,47,48)/t12-,18-,22+,30-,31-,33+,34-,41+/m1/s1",HGJXAVROWQLCTP-BLHDDPQFSA-N,954.6640000000007,-0.0016999999999995352,447.09000000000003,26,13,4,8,4,0.24390243902439024,68,0,0,0.05538453915072675,2897.7312256941354,-9.11,45.457928201458664,16.398391963952193,7.312529631177413,0,4,4,4,1,27,205.84639999999993,nan,False,False,False,False,False,catechol_A(92),>_2_ester_groups; catechol; phenol_ester
VAL,VALINE,C5 H11 N O2,L-peptide linking,CC(C)[C@@H](C(=O)O)N,CC(C)[C@H](N)C(=O)O,False,CC(C)[C@H](N)C(=O)O,"InChI=1S/C5H11NO2/c1-3(2)4(6)5(7)8/h3-4H,6H2,1-2H3,(H,7,8)/t4-/m0/s1",KZSNJWFQEVHDMF-BYPYZUCNSA-N,117.148,0.05430000000000007,63.31999999999999,2,2,2,0,0,0.8,8,0,0,0.5369765717084767,90.42945954287093,-0.5700000000000001,7.43,2.667813604184344,1.9303215294294527,0,0,0,0,0,3,30.44919999999999,nan,True,True,True,False,False,None,None
THR,THREONINE,C4 H9 N O3,L-peptide linking,C[C@H]([C@@H](C(=O)O)N)O,C[C@@H](O)[C@H](N)C(=O)O,False,C[C@@H](O)[C@H](N)C(=O)O,"InChI=1S/C4H9NO3/c1-2(6)3(5)4(7)8/h2-3,6H,5H2,1H3,(H,7,8)/t2-,3+/m1/s1",AYFVYJQAPQTCCC-GBXIJSLDSA-N,119.11999999999999,-1.2208999999999997,83.55,3,3,2,0,0,0.75,8,0,0,0.42509560262695134,91.28421251514428,-0.6100000000000001,7.39,2.637269224813579,1.9020806561183323,0,0,0,0,0,4,27.291999999999994,nan,True,True,True,False,False,None,None
XEK,"(5P)-5-[(1P,3M,3'P)-3-{3-chloro-5-[(2-chlorophenyl)methoxy]-4-fluorophenyl}-2-oxo-2H-[1,3'-bipyridin]-5-yl]-1-methylpyrimidine-2,4(1H,3H)-dione",C28 H19 Cl2 F N4 O4,non-polymer,CN1C=C(C(=O)NC1=O)C2=CN(C(=O)C(=C2)c3cc(c(c(c3)Cl)F)OCc4ccccc4Cl)c5cccnc5,Cn1cc(-c2cc(-c3cc(Cl)c(F)c(OCc4ccccc4Cl)c3)c(=O)n(-c3cccnc3)c2)c(=O)[nH]c1=O,False,Cn1cc(-c2cc(-c3cc(Cl)c(F)c(OCc4ccccc4Cl)c3)c(=O)n(-c3cccnc3)c2)c(=O)[nH]c1=O,"InChI=1S/C28H19Cl2FN4O4/c1-34-14-21(26(36)33-28(34)38)18-9-20(27(37)35(13-18)19-6-4-8-32-12-19)17-10-23(30)25(31)24(11-17)39-15-16-5-2-3-7-22(16)29/h2-14H,15H2,1H3,(H,33,36,38)",KIJKUSPNZALBLD-UHFFFAOYSA-N,565.3880000000003,4.978400000000003,98.98,7,1,6,5,5,0.07142857142857142,39,0,0,0.31339251685974867,1884.3138020599574,-4.469999999999999,26.149637160051835,10.720447934434196,5.2701081789310775,0,0,0,5,0,11,147.31969999999973,nan,True,True,True,False,True,None,None
A1BCZ,N-[(2S)-3-cyclopropyl-1-({(2R)-1-imino-3-[(3R)-2-oxopyrrolidin-3-yl]propan-2-yl}amino)-1-oxopropan-2-yl]-4-methoxy-1H-indole-2-carboxamide,C23 H29 N5 O4,non-polymer,COc1cccc2c1cc([nH]2)C(=O)N[C@@H](CC3CC3)C(=O)N[C@@H](C[C@@H]4CCNC4=O)C=N,COc1cccc2[nH]c(C(=O)N[C@@H](CC3CC3)C(=O)N[C@H](C=N)C[C@@H]3CCNC3=O)cc12,False,COc1cccc2[nH]c(C(=O)N[C@@H](CC3CC3)C(=O)N[C@H](C=N)C[C@@H]3CCNC3=O)cc12,"InChI=1S/C23H29N5O4/c1-32-20-4-2-3-17-16(20)11-19(27-17)23(31)28-18(9-13-5-6-13)22(30)26-15(12-24)10-14-7-8-25-21(14)29/h2-4,11-15,18,24,27H,5-10H2,1H3,(H,25,29)(H,26,30)(H,28,31)/t14-,15-,18-/m0/s1",QDTAROKXABZFSB-MPGHIAIKSA-N,439.5160000000002,1.7355700000000005,136.17,5,5,10,4,2,0.4782608695652174,32,0,0,0.360236843730129,1028.5632726193983,-3.3600000000000008,21.85627474703563,9.417057196471875,4.923738649199017,0,0,2,2,2,9,119.89400000000005,nan,True,True,False,True,True,None,imine_1
A1BCY,"N-[(2S)-3-cyclopropyl-1-{[(1Z,2S)-1-imino-4-(methanesulfonyl)butan-2-yl]amino}-1-oxopropan-2-yl]-4-methoxy-1H-indole-2-carboxamide",C21 H28 N4 O5 S,non-polymer,COc1cccc2c1cc([nH]2)C(=O)N[C@@H](CC3CC3)C(=O)N[C@@H](CCS(=O)(=O)C)C=N,COc1cccc2[nH]c(C(=O)N[C@@H](CC3CC3)C(=O)N[C@H](C=N)CCS(C)(=O)=O)cc12,False,COc1cccc2[nH]c(C(=O)N[C@@H](CC3CC3)C(=O)N[C@H](C=N)CCS(C)(=O)=O)cc12,"InChI=1S/C21H28N4O5S/c1-30-19-5-3-4-16-15(19)11-18(24-16)21(27)25-17(10-13-6-7-13)20(26)23-14(12-22)8-9-31(2,28)29/h3-5,11-14,17,22,24H,6-10H2,1-2H3,(H,23,26)(H,25,27)/t14-,17-/m0/s1",ULZDIEQSFFSWTK-YOEHRIQHSA-N,448.5450000000002,1.6440700000000004,141.20999999999998,6,4,11,3,2,0.47619047619047616,31,0,0,0.3868270611561184,1074.625626403744,-2.880000000000001,22.797370200473004,9.505282370917852,6.299703959632679,0,0,1,2,1,10,118.48810000000005,nan,True,False,False,True,True,None,imine_1
A1BCW,N-[(2S)-3-cyclopropyl-1-{[(2R)-1-hydroxy-4-(methanesulfonyl)butan-2-yl]amino}-1-oxopropan-2-yl]-4-methoxy-1H-indole-2-carboxamide,C21 H29 N3 O6 S,non-polymer,COc1cccc2c1cc([nH]2)C(=O)N[C@@H](CC3CC3)C(=O)N[C@@H](CCS(=O)(=O)C)CO,COc1cccc2[nH]c(C(=O)N[C@@H](CC3CC3)C(=O)N[C@H](CO)CCS(C)(=O)=O)cc12,False,COc1cccc2[nH]c(C(=O)N[C@@H](CC3CC3)C(=O)N[C@H](CO)CCS(C)(=O)=O)cc12,"InChI=1S/C21H29N3O6S/c1-30-19-5-3-4-16-15(19)11-18(23-16)21(27)24-17(10-13-6-7-13)20(26)22-14(12-25)8-9-31(2,28)29/h3-5,11,13-14,17,23,25H,6-10,12H2,1-2H3,(H,22,26)(H,24,27)/t14-,17-/m0/s1",APWDEHAJEWMWEM-YOEHRIQHSA-N,451.54500000000024,0.9868000000000006,137.58999999999997,6,4,11,3,2,0.5238095238095238,31,0,0,0.40197582350972505,1044.562393589761,-2.5900000000000007,23.081097975806045,9.693582070633001,6.443028408500762,0,0,1,2,1,10,116.79020000000004,nan,True,False,False,True,True,None,None
A1BCX,N-[(2S)-3-cyclopropyl-1-({(2R)-1-hydroxy-3-[(3R)-2-oxopyrrolidin-3-yl]propan-2-yl}amino)-1-oxopropan-2-yl]-4-methoxy-1H-indole-2-carboxamide,C23 H30 N4 O5,non-polymer,COc1cccc2c1cc([nH]2)C(=O)N[C@@H](CC3CC3)C(=O)N[C@@H](C[C@H]4CCNC4=O)CO,COc1cccc2[nH]c(C(=O)N[C@@H](CC3CC3)C(=O)N[C@H](CO)C[C@H]3CCNC3=O)cc12,False,COc1cccc2[nH]c(C(=O)N[C@@H](CC3CC3)C(=O)N[C@H](CO)C[C@H]3CCNC3=O)cc12,"InChI=1S/C23H30N4O5/c1-32-20-4-2-3-17-16(20)11-19(26-17)23(31)27-18(9-13-5-6-13)22(30)25-15(12-28)10-14-7-8-24-21(14)29/h2-4,11,13-15,18,26,28H,5-10,12H2,1H3,(H,24,29)(H,25,30)(H,27,31)/t14-,15+,18+/m1/s1",GUJIFRXGODKXNA-VKJFTORMSA-N,442.51600000000025,1.0783000000000007,132.54999999999998,5,5,10,4,2,0.5217391304347826,32,0,0,0.37559213092759075,999.4332390440105,-3.0700000000000007,22.13565961655277,9.60175790609713,5.041419438145883,0,0,2,2,2,9,118.19610000000004,nan,True,True,False,True,True,None,None
A1BFE,"(3S)-N-{(1Z,2S)-1-imino-3-[(3S)-2-oxopyrrolidin-3-yl]propan-2-yl}-2-[3-methyl-N-(trifluoroacetyl)-L-valyl]-1,2,3,4-tetrahydroisoquinoline-3-carboxamide",C25 H32 F3 N5 O4,non-polymer,[H]/N=C\[C@H](C[C@@H]1CCNC1=O)NC(=O)[C@@H]2Cc3ccccc3CN2C(=O)[C@H](C(C)(C)C)NC(=O)C(F)(F)F,[H]/N=C\[C@H](C[C@@H]1CCNC1=O)NC(=O)[C@@H]1Cc2ccccc2CN1C(=O)[C@@H](NC(=O)C(F)(F)F)C(C)(C)C,False,[H]/N=C\[C@H](C[C@@H]1CCNC1=O)NC(=O)[C@@H]1Cc2ccccc2CN1C(=O)[C@@H](NC(=O)C(F)(F)F)C(C)(C)C,"InChI=1S/C25H32F3N5O4/c1-24(2,3)19(32-23(37)25(26,27)28)22(36)33-13-16-7-5-4-6-14(16)11-18(33)21(35)31-17(12-29)10-15-8-9-30-20(15)34/h4-7,12,15,17-19,29H,8-11,13H2,1-3H3,(H,30,34)(H,31,35)(H,32,37)/b29-12-/t15-,17-,18-,19+/m0/s1",PFRRKDXMXGNRNI-OEHROQDLSA-N,523.5560000000003,1.6936700000000007,131.46,5,4,7,3,1,0.56,37,0,0,0.40527638461400844,1105.2049420294504,-3.4399999999999995,26.618180790906347,10.894559171317757,6.662110230898851,0,0,2,1,1,12,128.37280000000007,nan,True,True,False,False,True,None,imine_1
A1IHT,"[(1~{S},5~{R})-8-[(~{S})-(3-fluorophenyl)-[1-(2-thiophen-3-ylethyl)-1,2,3-triazol-4-yl]methyl]-3,8-diazabicyclo[3.2.1]octan-3-yl]-(5-methylpyridin-3-yl)methanone",C28 H29 F N6 O S,non-polymer,Cc1cc(cnc1)C(=O)N2C[C@H]3CC[C@@H](C2)N3[C@@H](c4cccc(c4)F)c5cn(nn5)CCc6ccsc6,Cc1cncc(C(=O)N2C[C@H]3CC[C@@H](C2)N3[C@@H](c2cccc(F)c2)c2cn(CCc3ccsc3)nn2)c1,False,Cc1cncc(C(=O)N2C[C@H]3CC[C@@H](C2)N3[C@@H](c2cccc(F)c2)c2cn(CCc3ccsc3)nn2)c1,"InChI=1S/C28H29FN6OS/c1-19-11-22(14-30-13-19)28(36)33-15-24-5-6-25(16-33)35(24)27(21-3-2-4-23(29)12-21)26-17-34(32-31-26)9-7-20-8-10-37-18-20/h2-4,8,10-14,17-18,24-25,27H,5-7,9,15-16H2,1H3/t24-,25+,27-/m0/s1",SJCLQOKUUYZWNP-WEWMWRJBSA-N,516.6460000000002,4.503220000000004,67.15,7,0,7,6,4,0.35714285714285715,37,0,0,0.36184263651891746,1374.8473009237123,-3.429999999999999,23.937984456505717,10.143657219976383,4.930547303088526,0,2,2,4,2,9,139.81449999999987,nan,True,True,True,False,True,None,None
A1IYL,~{N}-[(2~{S})-4-methyl-1-oxidanylidene-1-[[(2~{S})-1-oxidanylidene-3-[(3~{S})-2-oxidanylidenepyrrolidin-3-yl]propan-2-yl]amino]pentan-2-yl]quinoline-8-carboxamide,C23 H28 N4 O4,non-polymer,CC(C)C[C@@H](C(=O)N[C@@H](C[C@@H]1CCNC1=O)C=O)NC(=O)c2cccc3c2nccc3,CC(C)C[C@H](NC(=O)c1cccc2cccnc12)C(=O)N[C@H](C=O)C[C@@H]1CCNC1=O,False,CC(C)C[C@H](NC(=O)c1cccc2cccnc12)C(=O)N[C@H](C=O)C[C@@H]1CCNC1=O,"InChI=1S/C23H28N4O4/c1-14(2)11-19(23(31)26-17(13-28)12-16-8-10-25-21(16)29)27-22(30)18-7-3-5-15-6-4-9-24-20(15)18/h3-7,9,13-14,16-17,19H,8,10-12H2,1-2H3,(H,25,29)(H,26,31)(H,27,30)/t16-,17-,19-/m0/s1",BECRDGNKPCGVAA-LNLFQRSKSA-N,424.5010000000001,1.5892,117.26,5,3,9,3,2,0.43478260869565216,31,0,0,0.5286432066257989,969.7077388013792,-3.289999999999999,22.396440369776688,10.148401985694168,5.653391662423974,0,0,1,2,1,8,116.18060000000004,nan,True,True,True,True,True,None,aldehyde
A1IL0,(2~{R})-3-(4-chlorophenyl)-2-[2-[(2~{R})-1-isoquinolin-4-ylcarbonylpyrrolidin-2-yl]ethanoyl-methyl-amino]-~{N}-methyl-propanamide,C27 H29 Cl N4 O3,non-polymer,CNC(=O)[C@@H](Cc1ccc(cc1)Cl)N(C)C(=O)C[C@H]2CCCN2C(=O)c3cncc4c3cccc4,CNC(=O)[C@@H](Cc1ccc(Cl)cc1)N(C)C(=O)C[C@H]1CCCN1C(=O)c1cncc2ccccc12,False,CNC(=O)[C@@H](Cc1ccc(Cl)cc1)N(C)C(=O)C[C@H]1CCCN1C(=O)c1cncc2ccccc12,"InChI=1S/C27H29ClN4O3/c1-29-26(34)24(14-18-9-11-20(28)12-10-18)31(2)25(33)15-21-7-5-13-32(21)27(35)23-17-30-16-19-6-3-4-8-22(19)23/h3-4,6,8-12,16-17,21,24H,5,7,13-15H2,1-2H3,(H,29,34)/t21-,24-/m1/s1",UIMIIFFPUAFUFK-ZJSXRUAMSA-N,493.0070000000003,3.6986000000000026,82.61,4,1,7,4,3,0.3333333333333333,35,0,0,0.5448910133149516,1225.333285890128,-3.4499999999999993,24.667531378211915,10.8652285809419,5.45723597017534,0,0,1,3,1,8,136.19919999999993,nan,True,True,True,False,True,None,None
A1IL7,"(7~{R},11~{R},19~{E})-11-[(4-chlorophenyl)methyl]-13-oxa-3,10,23-triazatricyclo[19.3.1.0^{3,7}]pentacosa-1(24),19,21(25),22-tetraene-2,9,12-trione",C28 H32 Cl N3 O4,non-polymer,c1cc(ccc1C[C@@H]2C(=O)OCCCCC/C=C/c3cc(cnc3)C(=O)N4CCC[C@@H]4CC(=O)N2)Cl,O=C1C[C@H]2CCCN2C(=O)c2cncc(c2)/C=C/CCCCCOC(=O)[C@@H](Cc2ccc(Cl)cc2)N1,False,O=C1C[C@H]2CCCN2C(=O)c2cncc(c2)/C=C/CCCCCOC(=O)[C@@H](Cc2ccc(Cl)cc2)N1,"InChI=1S/C28H32ClN3O4/c29-23-11-9-20(10-12-23)16-25-28(35)36-14-5-3-1-2-4-7-21-15-22(19-30-18-21)27(34)32-13-6-8-24(32)17-26(33)31-25/h4,7,9-12,15,18-19,24-25H,1-3,5-6,8,13-14,16-17H2,(H,31,33)/b7-4+/t24-,25-/m1/s1",QQCDLDDDFKLBFB-AISPFEKNSA-N,510.0340000000002,4.587600000000004,88.6,5,1,2,4,2,0.42857142857142855,36,0,0,0.5981404380642215,1102.2285630019633,-3.19,25.88957532233051,12.674459571105148,7.166352445183469,0,2,2,2,1,8,138.46019999999996,nan,True,True,True,False,True,None,None
A1IHV,"[(1~{S},5~{R})-8-[(~{R})-(3-fluorophenyl)-[1-(2-thiophen-3-ylethyl)-1,2,3-triazol-4-yl]methyl]-3,8-diazabicyclo[3.2.1]octan-3-yl]-(5-methylpyridin-3-yl)methanone",C28 H29 F N6 O S,non-polymer,Cc1cc(cnc1)C(=O)N2C[C@H]3CC[C@@H](C2)N3[C@H](c4cccc(c4)F)c5cn(nn5)CCc6ccsc6,Cc1cncc(C(=O)N2C[C@H]3CC[C@@H](C2)N3[C@H](c2cccc(F)c2)c2cn(CCc3ccsc3)nn2)c1,False,Cc1cncc(C(=O)N2C[C@H]3CC[C@@H](C2)N3[C@H](c2cccc(F)c2)c2cn(CCc3ccsc3)nn2)c1,"InChI=1S/C28H29FN6OS/c1-19-11-22(14-30-13-19)28(36)33-15-24-5-6-25(16-33)35(24)27(21-3-2-4-23(29)12-21)26-17-34(32-31-26)9-7-20-8-10-37-18-20/h2-4,8,10-14,17-18,24-25,27H,5-7,9,15-16H2,1H3/t24-,25+,27-/m1/s1",SJCLQOKUUYZWNP-CMTIAEDTSA-N,516.6460000000002,4.503220000000004,67.15,7,0,7,6,4,0.35714285714285715,37,0,0,0.36184263651891746,1374.8473009237123,-3.429999999999999,23.937984456505717,10.143657219976383,4.930547303088526,0,2,2,4,2,9,139.81449999999987,nan,True,True,True,False,True,None,None
A1IMY,"(1S,3S,4S)-N-[(2S)-1-azanylidene-3-[(3S)-5,5-dimethyl-2-oxidanylidene-pyrrolidin-3-yl]propan-2-yl]-2-[(2R)-3-cyclobutyl-2-[2,2,2-tris(fluoranyl)ethanoylamino]propanoyl]-5,5-bis(fluoranyl)-2-azabicyclo[2.2.2]octane-3-carboxamide",C26 H36 F5 N5 O4,non-polymer,CC1(C[C@@H](C(=O)N1)C[C@@H](C=N)NC(=O)[C@@H]2[C@@H]3CC[C@H](N2C(=O)[C@@H](CC4CCC4)NC(=O)C(F)(F)F)CC3(F)F)C,CC1(C)C[C@H](C[C@@H](C=N)NC(=O)[C@@H]2[C@@H]3CC[C@@H](CC3(F)F)N2C(=O)[C@@H](CC2CCC2)NC(=O)C(F)(F)F)C(=O)N1,False,CC1(C)C[C@H](C[C@@H](C=N)NC(=O)[C@@H]2[C@@H]3CC[C@@H](CC3(F)F)N2C(=O)[C@@H](CC2CCC2)NC(=O)C(F)(F)F)C(=O)N1,"InChI=1S/C26H36F5N5O4/c1-24(2)10-14(20(37)35-24)9-15(12-32)33-21(38)19-17-7-6-16(11-25(17,27)28)36(19)22(39)18(8-13-4-3-5-13)34-23(40)26(29,30)31/h12-19,32H,3-11H2,1-2H3,(H,33,38)(H,34,40)(H,35,37)/t14-,15-,16-,17-,18+,19-/m0/s1",KLQWCIBSZOJHLB-VIUKOLAESA-N,577.5950000000004,2.677670000000001,131.46,5,4,9,5,0,0.8076923076923077,40,0,0,0.24795522455866273,1046.9923356379343,-2.799999999999999,30.165322640528704,10.882378858900829,6.244286442282027,0,2,5,0,5,14,132.31380000000001,nan,True,True,False,False,True,None,imine_1
MXU,"~{tert}-butyl ~{N}-[1-[(2~{S})-1-[[(2~{S},3~{R})-4-azanyl-3-oxidanyl-4-oxidanylidene-1-[(3~{S})-2-oxidanylidenepyrrolidin-3-yl]butan-2-yl]amino]-3-cyclopropyl-1-oxidanylidene-propan-2-yl]-2-oxidanylidene-pyridin-3-yl]carbamate",C24 H35 N5 O7,non-polymer,CC(C)(C)OC(=O)NC1=CC=CN(C1=O)[C@@H](CC2CC2)C(=O)N[C@@H](C[C@@H]3CCNC3=O)[C@H](C(=O)N)O,CC(C)(C)OC(=O)Nc1cccn([C@@H](CC2CC2)C(=O)N[C@@H](C[C@@H]2CCNC2=O)[C@@H](O)C(N)=O)c1=O,False,CC(C)(C)OC(=O)Nc1cccn([C@@H](CC2CC2)C(=O)N[C@@H](C[C@@H]2CCNC2=O)[C@@H](O)C(N)=O)c1=O,"InChI=1S/C24H35N5O7/c1-24(2,3)36-23(35)28-15-5-4-10-29(22(15)34)17(11-13-6-7-13)21(33)27-16(18(30)19(25)31)12-14-8-9-26-20(14)32/h4-5,10,13-14,16-18,30H,6-9,11-12H2,1-3H3,(H2,25,31)(H,26,32)(H,27,33)(H,28,35)/t14-,16-,17-,18+/m0/s1",WNCHATFCLSCVLN-LEUOFYLZSA-N,505.57200000000034,0.39370000000000355,181.85,8,5,10,3,1,0.625,36,0,0,0.30471834565626127,1059.670492242011,-3.410000000000001,27.182067602972445,11.10650775357209,7.295708985153716,0,0,2,1,2,12,129.80230000000006,nan,True,False,False,False,False,None,None
A1IRW,"methyl-N-[(2S)-1-[(5R)-5-[[(2S)-1-azanyl-3-[(3S)-2-oxidanylidenepyrrolidin-3-yl]propan-2-yl]carbamoyl]-3,3-dimethyl-1,3-azasilolidin-1-yl]-3,3-dimethyl-1-oxidanylidene-butan-2-yl]carbamate",C21 H35 N5 O5 Si,non-polymer,CC(C)(C)[C@@H](C(=O)N1C[Si](C[C@H]1C(=O)N[C@@H](C[C@@H]2CCNC2=O)C#N)(C)C)NC(=O)OC,COC(=O)N[C@H](C(=O)N1C[Si](C)(C)C[C@H]1C(=O)N[C@H](C#N)C[C@@H]1CCNC1=O)C(C)(C)C,False,COC(=O)N[C@H](C(=O)N1C[Si](C)(C)C[C@H]1C(=O)N[C@H](C#N)C[C@@H]1CCNC1=O)C(C)(C)C,"InChI=1S/C21H35N5O5Si/c1-21(2,3)16(25-20(30)31-4)19(29)26-12-32(5,6)11-15(26)18(28)24-14(10-22)9-13-7-8-23-17(13)27/h13-16H,7-9,11-12H2,1-6H3,(H,23,27)(H,24,28)(H,25,30)/t13-,14-,15-,16+/m0/s1",VCDXKKVSQDWFRZ-YHUYYLMFSA-N,465.62700000000024,0.7500800000000027,140.63,6,3,6,2,0,0.7619047619047619,32,0,0,0.4945081159409896,803.3825269194342,-2.6131168831168834,25.645822614713353,9.894925812691035,6.215913223298478,0,0,2,0,2,11,119.85110000000005,nan,True,False,False,True,True,None,heavy_metal
A1ISK,"methyl 2-[(1S,2S)-2-[[(2S)-4-methyl-2-[[(2S)-3-methyl-2-(phenylmethoxycarbonylamino)butanoyl]amino]pentanoyl]amino]-1-oxidanyl-3-[(3S)-2-oxidanylidenepyrrolidin-3-yl]propyl]-1,3-thiazole-4-carboxylate",C31 H43 N5 O8 S,non-polymer,CC(C)C[C@@H](C(=O)N[C@@H](C[C@@H]1CCNC1=O)[C@@H](c2nc(cs2)C(=O)OC)O)NC(=O)[C@H](C(C)C)NC(=O)OCc3ccccc3,COC(=O)c1csc([C@@H](O)[C@H](C[C@@H]2CCNC2=O)NC(=O)[C@H](CC(C)C)NC(=O)[C@@H](NC(=O)OCc2ccccc2)C(C)C)n1,False,COC(=O)c1csc([C@@H](O)[C@H](C[C@@H]2CCNC2=O)NC(=O)[C@H](CC(C)C)NC(=O)[C@@H](NC(=O)OCc2ccccc2)C(C)C)n1,"InChI=1S/C31H43N5O8S/c1-17(2)13-22(34-28(40)24(18(3)4)36-31(42)44-15-19-9-7-6-8-10-19)27(39)33-21(14-20-11-12-32-26(20)38)25(37)29-35-23(16-45-29)30(41)43-5/h6-10,16-18,20-22,24-25,37H,11-15H2,1-5H3,(H,32,38)(H,33,39)(H,34,40)(H,36,42)/t20-,21-,22-,24-,25-/m0/s1",VXGLAHXNQFYSAB-YNFQPMOCSA-N,645.7790000000001,2.4560000000000013,185.04999999999998,10,5,15,3,2,0.5483870967741935,45,0,0,0.18156366036406452,1318.0602122931061,-4.04,35.43907368683874,16.870972892312906,10.526502115800248,0,0,1,2,1,14,165.8520999999997,nan,True,False,False,False,False,None,None
A1ITJ,"(5~{R})-4-[(4-bromanyl-2-ethyl-phenyl)methyl]-1-(5-chloranylpyridin-3-yl)carbonyl-~{N}-ethyl-1,4-diazepane-5-carboxamide",C23 H28 Br Cl N4 O2,non-polymer,CCc1cc(ccc1CN2CCN(CC[C@@H]2C(=O)NCC)C(=O)c3cc(cnc3)Cl)Br,CCNC(=O)[C@H]1CCN(C(=O)c2cncc(Cl)c2)CCN1Cc1ccc(Br)cc1CC,False,CCNC(=O)[C@H]1CCN(C(=O)c2cncc(Cl)c2)CCN1Cc1ccc(Br)cc1CC,"InChI=1S/C23H28BrClN4O2/c1-3-16-11-19(24)6-5-17(16)15-29-10-9-28(8-7-21(29)22(30)27-4-2)23(31)18-12-20(25)14-26-13-18/h5-6,11-14,21H,3-4,7-10,15H2,1-2H3,(H,27,30)/t21-/m1/s1",LNSKXOLGTQJMBP-OAQYLSRUSA-N,507.8600000000001,3.9127000000000027,65.53999999999999,4,1,6,3,2,0.43478260869565216,31,0,0,0.6437463657492976,939.5425324677635,-1.9599999999999995,23.697864146030394,11.067431903926149,6.054296915479458,0,0,1,2,1,8,126.16920000000005,nan,True,True,True,False,True,None,None
A1ITI,"(5~{R})-4-[(4-bromanyl-2-ethyl-phenyl)methyl]-~{N}-ethyl-1-thieno[2,3-c]pyridin-4-ylcarbonyl-1,4-diazepane-5-carboxamide",C25 H29 Br N4 O2 S,non-polymer,CCc1cc(ccc1CN2CCN(CC[C@@H]2C(=O)NCC)C(=O)c3cncc4c3ccs4)Br,CCNC(=O)[C@H]1CCN(C(=O)c2cncc3sccc23)CCN1Cc1ccc(Br)cc1CC,False,CCNC(=O)[C@H]1CCN(C(=O)c2cncc3sccc23)CCN1Cc1ccc(Br)cc1CC,"InChI=1S/C25H29BrN4O2S/c1-3-17-13-19(26)6-5-18(17)16-30-11-10-29(9-7-22(30)24(31)28-4-2)25(32)21-14-27-15-23-20(21)8-12-33-23/h5-6,8,12-15,22H,3-4,7,9-11,16H2,1-2H3,(H,28,31)/t22-/m1/s1",XJUPLZSRHVEZGN-JOCHJYFZSA-N,529.5040000000001,4.474000000000004,65.53999999999999,5,1,6,4,3,0.4,33,0,0,0.5119277807173582,1148.3922684410588,-2.289999999999999,23.854351533104577,10.75846233319177,5.283391205960455,0,0,1,3,1,8,136.54219999999992,nan,True,True,True,False,True,None,None
A1IUN,"(1~{S},2~{S},3~{S},6~{R},7~{R})-~{N}-[(2~{S})-1-azanylidene-3-[(3~{S})-2-oxidanylidenepyrrolidin-3-yl]propan-2-yl]-4-[(2~{S})-2-[[2-chloranyl-2,2-bis(fluoranyl)ethanoyl]amino]-3,3-dimethyl-butanoyl]-4-azatricyclo[5.2.1.0^{2,6}]decane-3-carboxamide",C25 H34 Cl F2 N5 O4,non-polymer,[H]/N=C/[C@H](C[C@@H]1CCNC1=O)NC(=O)[C@@H]2[C@H]3[C@@H]4C[C@H]([C@H]3CN2C(=O)[C@H](C(C)(C)C)NC(=O)C(F)(F)Cl)C=C4,[H]/N=C/[C@H](C[C@@H]1CCNC1=O)NC(=O)[C@@H]1[C@@H]2[C@H](CN1C(=O)[C@@H](NC(=O)C(F)(F)Cl)C(C)(C)C)[C@@H]1C=C[C@H]2C1,False,[H]/N=C/[C@H](C[C@@H]1CCNC1=O)NC(=O)[C@@H]1[C@@H]2[C@H](CN1C(=O)[C@@H](NC(=O)C(F)(F)Cl)C(C)(C)C)[C@@H]1C=C[C@H]2C1,"InChI=1S/C25H34ClF2N5O4/c1-24(2,3)19(32-23(37)25(26,27)28)22(36)33-11-16-12-4-5-13(8-12)17(16)18(33)21(35)31-15(10-29)9-14-6-7-30-20(14)34/h4-5,10,12-19,29H,6-9,11H2,1-3H3,(H,30,34)(H,31,35)(H,32,37)/b29-10+/t12-,13+,14+,15+,16-,17+,18+,19-/m1/s1",FMUZFQXQNKZKNT-GFMFKEFUSA-N,542.0270000000003,1.6585700000000017,131.46,5,4,8,4,0,0.72,37,0,0,0.21130850612622257,1045.7513507507063,-2.559999999999999,26.063271154635355,9.960252731188715,5.372249492331468,0,2,4,0,3,12,131.85180000000005,nan,True,True,False,False,True,None,alkyl_halide; imine_1; isolated_alkene
A1IUM,"(3~{S},3~{a}~{S},6~{a}~{R})-2-[(4-methoxy-1~{H}-indol-2-yl)carbonyl]-~{N}-[(2~{S},3~{R})-3-oxidanyl-4-oxidanylidene-1-[(3~{S})-2-oxidanylidenepyrrolidin-3-yl]-4-[(phenylmethyl)amino]butan-2-yl]-3,3~{a},4,5,6,6~{a}-hexahydro-1~{H}-cyclopenta[c]pyrrole-3-carboxamide",C33 H39 N5 O6,non-polymer,COc1cccc2c1cc([nH]2)C(=O)N3C[C@@H]4CCC[C@@H]4[C@H]3C(=O)N[C@@H](C[C@@H]5CCNC5=O)[C@H](C(=O)NCc6ccccc6)O,COc1cccc2[nH]c(C(=O)N3C[C@@H]4CCC[C@@H]4[C@H]3C(=O)N[C@@H](C[C@@H]3CCNC3=O)[C@@H](O)C(=O)NCc3ccccc3)cc12,False,COc1cccc2[nH]c(C(=O)N3C[C@@H]4CCC[C@@H]4[C@H]3C(=O)N[C@@H](C[C@@H]3CCNC3=O)[C@@H](O)C(=O)NCc3ccccc3)cc12,"InChI=1S/C33H39N5O6/c1-44-27-12-6-11-24-23(27)16-26(36-24)33(43)38-18-21-9-5-10-22(21)28(38)31(41)37-25(15-20-13-14-34-30(20)40)29(39)32(42)35-17-19-7-3-2-4-8-19/h2-4,6-8,11-12,16,20-22,25,28-29,36,39H,5,9-10,13-15,17-18H2,1H3,(H,34,40)(H,35,42)(H,37,41)/t20-,21-,22-,25-,28-,29+/m0/s1",SRQDXOQIFPGVGN-FQVIVOBNSA-N,601.7040000000003,2.1055000000000015,152.85999999999999,6,5,10,6,3,0.45454545454545453,44,0,0,0.24005694967486033,1539.9112422934418,-4.380000000000001,29.681092213323478,12.693383452109114,5.8809287508379695,0,0,3,3,3,11,162.46609999999973,nan,True,False,False,False,False,None,None
A1IVK,"(2~{R})-4-[(4-bromanyl-2-ethyl-phenyl)methyl]-1-(5-chloranylpyridin-3-yl)carbonyl-~{N}-ethyl-1,4-diazepane-2-carboxamide",C23 H28 Br Cl N4 O2,non-polymer,CCc1cc(ccc1CN2CCCN([C@H](C2)C(=O)NCC)C(=O)c3cc(cnc3)Cl)Br,CCNC(=O)[C@H]1CN(Cc2ccc(Br)cc2CC)CCCN1C(=O)c1cncc(Cl)c1,False,CCNC(=O)[C@H]1CN(Cc2ccc(Br)cc2CC)CCCN1C(=O)c1cncc(Cl)c1,"InChI=1S/C23H28BrClN4O2/c1-3-16-10-19(24)7-6-17(16)14-28-8-5-9-29(21(15-28)22(30)27-4-2)23(31)18-11-20(25)13-26-12-18/h6-7,10-13,21H,3-5,8-9,14-15H2,1-2H3,(H,27,30)/t21-/m1/s1",YIKIBEUOQMFPOE-OAQYLSRUSA-N,507.8600000000001,3.9127000000000027,65.53999999999999,4,1,6,3,2,0.43478260869565216,31,0,0,0.6437463657492976,939.5425324677635,-1.9599999999999995,23.697864146030394,11.067431903926149,6.054296915479458,0,0,1,2,1,8,126.16920000000005,nan,True,True,True,False,True,None,None
A1D7M,"(2~{S})-~{N}-[(2~{S})-1-azanylidene-3-[(3~{S})-2-oxidanylidenepyrrolidin-3-yl]propan-2-yl]-2-[[(2~{S})-3,3-dimethyl-2-(methylsulfonylamino)butanoyl]amino]-4-methyl-pentanamide",C20 H37 N5 O5 S,peptide-like,[H]/N=C/[C@H](C[C@@H]1CCNC1=O)NC(=O)[C@H](CC(C)C)NC(=O)[C@H](C(C)(C)C)NS(=O)(=O)C,[H]/N=C/[C@H](C[C@@H]1CCNC1=O)NC(=O)[C@H](CC(C)C)NC(=O)[C@@H](NS(C)(=O)=O)C(C)(C)C,False,[H]/N=C/[C@H](C[C@@H]1CCNC1=O)NC(=O)[C@H](CC(C)C)NC(=O)[C@@H](NS(C)(=O)=O)C(C)(C)C,"InChI=1S/C20H37N5O5S/c1-12(2)9-15(24-19(28)16(20(3,4)5)25-31(6,29)30)18(27)23-14(11-21)10-13-7-8-22-17(13)26/h11-16,21,25H,7-10H2,1-6H3,(H,22,26)(H,23,27)(H,24,28)/b21-11+/t13-,14-,15-,16+/m0/s1",ZAOOYQOECLDTAP-ATAPGNLGSA-N,459.61300000000017,0.14177000000000334,157.32,6,5,11,1,0,0.8,31,0,0,0.27777674950739867,809.6883336703937,-2.01,25.252308176305522,11.032495966620713,9.340787048525913,0,0,1,0,1,11,119.05630000000006,nan,True,False,False,True,False,None,imine_1
MIY,"(4S,4AS,5AR,12AS)-4,7-BIS(DIMETHYLAMINO)-3,10,12,12A-TETRAHYDROXY-1,11-DIOXO-1,4,4A,5,5A,6,11,12A-OCTAHYDROTETRACENE-2-
CARBOXAMIDE",C23 H27 N3 O7,non-polymer,CN(C)c1ccc(c2c1C[C@H]3C[C@H]4[C@@H](C(=C(C(=O)[C@]4(C(=C3C2=O)O)O)C(=O)N)O)N(C)C)O,CN(C)c1ccc(O)c2c1C[C@H]1C[C@H]3[C@H](N(C)C)C(O)=C(C(N)=O)C(=O)[C@@]3(O)C(O)=C1C2=O,False,CN(C)c1ccc(O)c2c1C[C@H]1C[C@H]3[C@H](N(C)C)C(O)=C(C(N)=O)C(=O)[C@@]3(O)C(O)=C1C2=O,"InChI=1S/C23H27N3O7/c1-25(2)12-5-6-13(27)15-10(12)7-9-8-11-17(26(3)4)19(29)16(22(24)32)21(31)23(11,33)20(30)14(9)18(15)28/h5-6,9,11,17,27,29-30,33H,7-8H2,1-4H3,(H2,24,32)/t9-,11-,17-,23-/m0/s1",DYKFCLLONBREIL-KVUCHLLUSA-N,457.4830000000002,0.18660000000000165,164.63,9,5,3,4,1,0.43478260869565216,33,0,0,0.3983715598370968,1166.831377284432,-3.370000000000001,22.810783361285996,7.323534247616359,2.9029495431990915,0,0,3,1,0,10,118.00110000000008,nan,True,False,False,True,False,None,Michael_acceptor_4
A1EK4,"1-[[2-[5-(aminomethyl)thiophen-2-yl]oxy-5-chloranyl-4-fluoranyl-phenyl]methylidene]-6-[(6-chloranyl-2-methyl-indazol-5-yl)amino]-3-[(2-oxidanylidene-1~{H}-pyridin-3-yl)methyl]-1$l^{4},3,5-triazinane-2,4-dione",C29 H23 Cl2 F N8 O4 S,non-polymer,Cn1cc2cc(c(cc2n1)Cl)/N=C/3\NC(=O)N(C(=O)N3Cc4cc(c(cc4Oc5ccc(s5)CN)F)Cl)CC6=CC=CNC6=O,Cn1cc2cc(/N=c3\[nH]c(=O)n(Cc4ccc[nH]c4=O)c(=O)n3Cc3cc(Cl)c(F)cc3Oc3ccc(CN)s3)c(Cl)cc2n1,False,Cn1cc2cc(/N=c3\[nH]c(=O)n(Cc4ccc[nH]c4=O)c(=O)n3Cc3cc(Cl)c(F)cc3Oc3ccc(CN)s3)c(Cl)cc2n1,"InChI=1S/C29H23Cl2FN8O4S/c1-38-12-16-8-23(20(31)9-22(16)37-38)35-27-36-28(42)40(13-15-3-2-6-34-26(15)41)29(43)39(27)14-17-7-19(30)21(32)10-24(17)44-25-5-4-18(11-33)45-25/h2-10,12H,11,13-14,33H2,1H3,(H,34,41)(H,35,36,42)",ILCULUPLVYBALS-UHFFFAOYSA-N,669.5260000000002,4.0005000000000015,158.07999999999998,11,3,8,6,6,0.13793103448275862,45,0,0,0.2224189784872175,2336.1815437482733,-4.759999999999999,30.274067642775226,12.32215676276682,6.259560100641183,0,0,0,6,0,16,169.22079999999974,nan,False,False,False,False,False,None,None
A1BKV,"N-[(2S)-1-{2-(dichloroacetyl)-2-[(2-oxo-1,2-dihydropyridin-3-yl)methyl]hydrazin-1-yl}-4-methyl-1-oxopentan-2-yl]-4-methoxy-1H-indole-2-carboxamide",C24 H27 Cl2 N5 O5,non-polymer,CC(C)C[C@@H](C(=O)NN(CC1=CC=CNC1=O)C(=O)C(Cl)Cl)NC(=O)c2cc3c([nH]2)cccc3OC,COc1cccc2[nH]c(C(=O)N[C@@H](CC(C)C)C(=O)NN(Cc3ccc[nH]c3=O)C(=O)C(Cl)Cl)cc12,False,COc1cccc2[nH]c(C(=O)N[C@@H](CC(C)C)C(=O)NN(Cc3ccc[nH]c3=O)C(=O)C(Cl)Cl)cc12,"InChI=1S/C24H27Cl2N5O5/c1-13(2)10-17(29-22(33)18-11-15-16(28-18)7-4-8-19(15)36-3)23(34)30-31(24(35)20(25)26)12-14-6-5-9-27-21(14)32/h4-9,11,13,17,20,28H,10,12H2,1-3H3,(H,27,32)(H,29,33)(H,30,34)/t17-/m0/s1",XAQBZJZQCBKCJV-KRWDZBQOSA-N,536.416,2.873000000000001,136.39,5,4,9,3,3,0.3333333333333333,36,0,0,0.2464043919039407,1303.2892775352968,-3.5,27.093572778827976,11.959136822773186,6.58258416516833,0,0,0,3,0,12,136.80929999999995,nan,True,True,False,False,True,None,alkyl_halide; Oxygen-nitrogen_single_bond
A1BTM,"1-[(4-chlorothiophen-2-yl)methyl]-3-[(2-oxo-1,2-dihydropyridin-3-yl)methyl]-1,3-diazinane-2,4-dione",C15 H14 Cl N3 O3 S,non-polymer,c1c(csc1CN2CCC(=O)N(C2=O)CC3=CC=CNC3=O)Cl,O=C1CCN(Cc2cc(Cl)cs2)C(=O)N1Cc1ccc[nH]c1=O,False,O=C1CCN(Cc2cc(Cl)cs2)C(=O)N1Cc1ccc[nH]c1=O,"InChI=1S/C15H14ClN3O3S/c16-11-6-12(23-9-11)8-18-5-3-13(20)19(15(18)22)7-10-2-1-4-17-14(10)21/h1-2,4,6,9H,3,5,7-8H2,(H,17,21)",CFFQNGKRYYJCIS-UHFFFAOYSA-N,351.81500000000005,2.4443,73.48,4,1,4,3,2,0.26666666666666666,23,0,0,0.9190248947275738,801.0148315612056,-2.12,15.763447845860433,6.554759206966568,3.45654213772555,0,0,1,2,1,8,87.36470000000001,nan,True,True,True,True,True,None,None
A1BMU,"(3S)-N-{(1S,2S)-1-(1,3-benzothiazol-2-yl)-1-hydroxy-3-[(3S)-2-oxopiperidin-3-yl]propan-2-yl}-7-fluoro-2-[3-methyl-N-(trifluoroacetyl)-L-valyl]-1,2,3,4-tetrahydroisoquinoline-3-carboxamide",C33 H37 F4 N5 O5 S,non-polymer,CC(C)(C)[C@@H](C(=O)N1Cc2cc(ccc2C[C@H]1C(=O)N[C@@H](C[C@@H]3CCCNC3=O)[C@@H](c4nc5ccccc5s4)O)F)NC(=O)C(F)(F)F,CC(C)(C)[C@H](NC(=O)C(F)(F)F)C(=O)N1Cc2cc(F)ccc2C[C@H]1C(=O)N[C@@H](C[C@@H]1CCCNC1=O)[C@H](O)c1nc2ccccc2s1,False,CC(C)(C)[C@H](NC(=O)C(F)(F)F)C(=O)N1Cc2cc(F)ccc2C[C@H]1C(=O)N[C@@H](C[C@@H]1CCCNC1=O)[C@H](O)c1nc2ccccc2s1,"InChI=1S/C33H37F4N5O5S/c1-32(2,3)26(41-31(47)33(35,36)37)30(46)42-16-19-13-20(34)11-10-17(19)15-23(42)28(45)39-22(14-18-7-6-12-38-27(18)44)25(43)29-40-21-8-4-5-9-24(21)48-29/h4-5,8-11,13,18,22-23,25-26,43H,6-7,12,14-16H2,1-3H3,(H,38,44)(H,39,45)(H,41,47)/t18-,22-,23-,25-,26+/m0/s1",OPEOCXRIOYYAID-OKGCJIDBSA-N,691.7480000000005,3.916600000000002,140.73000000000002,7,4,8,5,3,0.48484848484848486,48,0,0,0.2643479526295319,1674.273711267945,-4.109999999999999,35.203674700247724,13.784957574933026,7.77864028025595,0,0,2,3,1,15,168.74389999999966,nan,True,False,False,False,False,None,None
A1BTP,"(3M,5P)-5-(1H-1,2,3-benzotriazol-1-yl)-3-(isoquinolin-4-yl)-6-methyl-1-(prop-2-en-1-yl)pyrimidine-2,4(1H,3H)-dione",C23 H18 N6 O2,non-polymer,CC1=C(C(=O)N(C(=O)N1CC=C)c2cncc3c2cccc3)n4c5ccccc5nn4,C=CCn1c(C)c(-n2nnc3ccccc32)c(=O)n(-c2cncc3ccccc23)c1=O,False,C=CCn1c(C)c(-n2nnc3ccccc32)c(=O)n(-c2cncc3ccccc23)c1=O,"InChI=1S/C23H18N6O2/c1-3-12-27-15(2)21(29-19-11-7-6-10-18(19)25-26-29)22(30)28(23(27)31)20-14-24-13-16-8-4-5-9-17(16)20/h3-11,13-14H,1,12H2,2H3",XABRTHMDLNMZPM-UHFFFAOYSA-N,410.43700000000007,2.7757200000000006,87.60000000000001,8,0,4,5,5,0.08695652173913043,31,0,0,0.4253226603008706,1586.6074550031396,-4.329999999999999,18.683025263730176,7.172797429434585,2.7999325900891154,0,0,0,5,0,8,118.95700000000001,nan,True,True,True,True,True,None,isolated_alkene
A1BVT,"(3M,5P,6M)-5-(1H-1,2,3-benzotriazol-1-yl)-6-(3-chlorophenyl)-3-(isoquinolin-4-yl)-1-(prop-2-en-1-yl)pyrimidine-2,4(1H,3H)-dione",C28 H19 Cl N6 O2,non-polymer,C=CCN1C(=C(C(=O)N(C1=O)c2cncc3c2cccc3)n4c5ccccc5nn4)c6cccc(c6)Cl,C=CCn1c(-c2cccc(Cl)c2)c(-n2nnc3ccccc32)c(=O)n(-c2cncc3ccccc23)c1=O,False,C=CCn1c(-c2cccc(Cl)c2)c(-n2nnc3ccccc32)c(=O)n(-c2cncc3ccccc23)c1=O,"InChI=1S/C28H19ClN6O2/c1-2-14-33-25(18-9-7-10-20(29)15-18)26(35-23-13-6-5-12-22(23)31-32-35)27(36)34(28(33)37)24-17-30-16-19-8-3-4-11-21(19)24/h2-13,15-17H,1,14H2",GHMBRMVREZRIQH-UHFFFAOYSA-N,506.9530000000002,4.787700000000004,87.60000000000001,8,0,5,6,6,0.03571428571428571,37,0,0,0.3137213028451384,1947.852033037504,-4.8199999999999985,22.63182053432974,8.998106145873743,3.6590758693894134,0,0,0,6,0,9,144.66599999999974,nan,True,True,True,False,True,None,isolated_alkene
A1BTO,"(3M,5P,6M)-5-(1H-1,2,3-benzotriazol-1-yl)-6-(3-chlorophenyl)-3-(isoquinolin-4-yl)-1-(prop-2-yn-1-yl)pyrimidine-2,4(1H,3H)-dione",C28 H17 Cl N6 O2,non-polymer,C#CCN1C(=C(C(=O)N(C1=O)c2cncc3c2cccc3)n4c5ccccc5nn4)c6cccc(c6)Cl,C#CCn1c(-c2cccc(Cl)c2)c(-n2nnc3ccccc32)c(=O)n(-c2cncc3ccccc23)c1=O,False,C#CCn1c(-c2cccc(Cl)c2)c(-n2nnc3ccccc32)c(=O)n(-c2cncc3ccccc23)c1=O,"InChI=1S/C28H17ClN6O2/c1-2-14-33-25(18-9-7-10-20(29)15-18)26(35-23-13-6-5-12-22(23)31-32-35)27(36)34(28(33)37)24-17-30-16-19-8-3-4-11-21(19)24/h1,3-13,15-17H,14H2",ZAWYJTRWMXCCSD-UHFFFAOYSA-N,504.9370000000001,4.234900000000003,87.60000000000001,8,0,4,6,6,0.03571428571428571,37,0,0,0.3351395847615543,1991.9952494082856,-4.999999999999999,22.463111760409056,8.896683673469388,3.6084429065743944,0,0,0,6,0,9,143.30199999999977,nan,True,True,True,False,True,None,triple_bond
A1BTN,"(3M,5P,6M)-5-(1H-1,2,3-benzotriazol-1-yl)-6-(3-chlorophenyl)-3-(isoquinolin-4-yl)pyrimidine-2,4(1H,3H)-dione",C25 H15 Cl N6 O2,non-polymer,c1ccc2c(c1)cncc2N3C(=O)C(=C(NC3=O)c4cccc(c4)Cl)n5c6ccccc6nn5,O=c1[nH]c(-c2cccc(Cl)c2)c(-n2nnc3ccccc32)c(=O)n1-c1cncc2ccccc12,False,O=c1[nH]c(-c2cccc(Cl)c2)c(-n2nnc3ccccc32)c(=O)n1-c1cncc2ccccc12,"InChI=1S/C25H15ClN6O2/c26-17-8-5-7-15(12-17)22-23(32-20-11-4-3-10-19(20)29-30-32)24(33)31(25(34)28-22)21-14-27-13-16-6-1-2-9-18(16)21/h1-14H,(H,28,34)",ATYIYODGVCBLNF-UHFFFAOYSA-N,466.8880000000001,4.128300000000003,98.46000000000001,7,1,3,6,6,0.0,34,0,0,0.42259810969056594,1830.5342202973195,-4.56,20.075700324151082,7.787040619158085,3.117682165823565,0,0,0,6,0,9,130.82969999999995,nan,True,True,True,True,True,None,None
A1BVV,"(1S,2S,4S)-2-{[3-cyclopropyl-N-(4-methoxy-1H-indole-2-carbonyl)-L-alanyl]amino}-1-hydroxy-4-methyl-5-(methylamino)-5-oxopentane-1-sulfonic acid",C23 H32 N4 O8 S,non-polymer,C[C@@H](C[C@@H]([C@@H](O)S(=O)(=O)O)NC(=O)[C@H](CC1CC1)NC(=O)c2cc3c([nH]2)cccc3OC)C(=O)NC,CNC(=O)[C@@H](C)C[C@H](NC(=O)[C@H](CC1CC1)NC(=O)c1cc2c(OC)cccc2[nH]1)[C@@H](O)S(=O)(=O)O,False,CNC(=O)[C@@H](C)C[C@H](NC(=O)[C@H](CC1CC1)NC(=O)c1cc2c(OC)cccc2[nH]1)[C@@H](O)S(=O)(=O)O,"InChI=1S/C23H32N4O8S/c1-12(20(28)24-2)9-18(23(31)36(32,33)34)27-21(29)16(10-13-7-8-13)26-22(30)17-11-14-15(25-17)5-4-6-19(14)35-3/h4-6,11-13,16,18,23,25,31H,7-10H2,1-3H3,(H,24,28)(H,26,30)(H,27,29)(H,32,33,34)/t12-,16-,18-,23-/m0/s1",LRZYSGDVBCJBRD-HGPWOKMFSA-N,524.5960000000002,0.5382000000000016,186.91999999999996,7,6,12,3,2,0.5217391304347826,36,0,0,0.21703224014682332,1223.9242499712732,-3.16,27.427926305063924,11.268647976680386,6.73792620649368,0,0,1,2,1,13,130.7797,nan,False,False,False,False,False,None,Sulfonic_acid_2
WZK,N-[(4-chlorothiophen-2-yl)methyl]-N-[4-(dimethylamino)phenyl]-2-(5-hydroxyisoquinolin-4-yl)acetamide,C24 H22 Cl N3 O2 S,non-polymer,CN(C)c1ccc(cc1)N(Cc2cc(cs2)Cl)C(=O)Cc3cncc4c3c(ccc4)O,CN(C)c1ccc(N(Cc2cc(Cl)cs2)C(=O)Cc2cncc3cccc(O)c23)cc1,False,CN(C)c1ccc(N(Cc2cc(Cl)cs2)C(=O)Cc2cncc3cccc(O)c23)cc1,"InChI=1S/C24H22ClN3O2S/c1-27(2)19-6-8-20(9-7-19)28(14-21-11-18(25)15-31-21)23(30)10-17-13-26-12-16-4-3-5-22(29)24(16)17/h3-9,11-13,15,29H,10,14H2,1-2H3",MFBXSZVUWIECDS-UHFFFAOYSA-N,451.9790000000002,5.497200000000005,56.67,5,1,6,4,4,0.16666666666666666,31,0,0,0.4203861612386663,1215.9667593202012,-3.0899999999999994,21.15384032665566,8.95699668765275,4.652244312888962,0,0,0,4,0,7,128.39980000000003,nan,True,True,True,True,False,anil_di_alk_A(478),None
A1CR4,"methyl {(2S)-1-[(1R,2S,5S)-2-{[(2R,3S)-1-(cyclopropylamino)-2-hydroxy-5-(methylsulfanyl)-1-oxopentan-3-yl]carbamoyl}-6,6-dimethyl-3-azabicyclo[3.1.0]hexan-3-yl]-3,3-dimethyl-1-oxobutan-2-yl}carbamate (non-preferred name)",C25 H42 N4 O6 S,non-polymer,CC1([C@@H]2[C@H]1[C@H](N(C2)C(=O)[C@H](C(C)(C)C)NC(=O)OC)C(=O)N[C@@H](CCSC)[C@H](C(=O)NC3CC3)O)C,COC(=O)N[C@H](C(=O)N1C[C@H]2[C@@H]([C@H]1C(=O)N[C@@H](CCSC)[C@@H](O)C(=O)NC1CC1)C2(C)C)C(C)(C)C,False,COC(=O)N[C@H](C(=O)N1C[C@H]2[C@@H]([C@H]1C(=O)N[C@@H](CCSC)[C@@H](O)C(=O)NC1CC1)C2(C)C)C(C)(C)C,"InChI=1S/C25H42N4O6S/c1-24(2,3)19(28-23(34)35-6)22(33)29-12-14-16(25(14,4)5)17(29)20(31)27-15(10-11-36-7)18(30)21(32)26-13-8-9-13/h13-19,30H,8-12H2,1-7H3,(H,26,32)(H,27,31)(H,28,34)/t14-,15-,16-,17-,18+,19+/m0/s1",GDHQOIULQGASKN-XREYTECCSA-N,526.7000000000003,1.117500000000003,137.07,7,4,10,3,0,0.84,36,0,0,0.33475339135698656,871.1009676711968,-2.01,28.559598807238682,10.769359153161872,6.096253812693643,0,0,3,0,3,11,137.1469,nan,True,True,False,False,True,None,None
A1EPZ,"(2~{S})-2-[[(2~{S})-3,3-dimethyl-2-[2,2,2-tris(fluoranyl)ethanoylamino]butanoyl]amino]-4-methyl-~{N}-[(2~{S})-1-oxidanylidene-3-[(3~{S})-2-oxidanylidenepyrrolidin-3-yl]propan-2-yl]pentanamide",C21 H33 F3 N4 O5,peptide-like,CC(C)C[C@@H](C(=O)N[C@@H](C[C@@H]1CCNC1=O)C=O)NC(=O)[C@H](C(C)(C)C)NC(=O)C(F)(F)F,CC(C)C[C@H](NC(=O)[C@@H](NC(=O)C(F)(F)F)C(C)(C)C)C(=O)N[C@H](C=O)C[C@@H]1CCNC1=O,False,CC(C)C[C@H](NC(=O)[C@@H](NC(=O)C(F)(F)F)C(C)(C)C)C(=O)N[C@H](C=O)C[C@@H]1CCNC1=O,"InChI=1S/C21H33F3N4O5/c1-11(2)8-14(17(31)26-13(10-29)9-12-6-7-25-16(12)30)27-18(32)15(20(3,4)5)28-19(33)21(22,23)24/h10-15H,6-9H2,1-5H3,(H,25,30)(H,26,31)(H,27,32)(H,28,33)/t12-,13-,14-,15+/m0/s1",VGGJCVPJPFWPCA-ZQDZILKHSA-N,478.5120000000001,0.8204000000000016,133.47,5,4,10,1,0,0.7619047619047619,33,0,0,0.3451965296771098,749.1626045631933,-2.6599999999999993,28.37295978905735,11.462959810199424,9.008631858653397,0,0,1,0,1,12,112.55480000000007,nan,True,True,False,True,True,None,aldehyde
A1MBL,"(2~{R})-~{N}-[4,4-bis(fluoranyl)cyclohexyl]-2-[ethanoyl-[4-(1,2-thiazol-5-yl)phenyl]amino]-2-pyrazin-2-yl-ethanamide",C23 H23 F2 N5 O2 S,non-polymer,CC(=O)N(c1ccc(cc1)c2ccns2)[C@H](c3cnccn3)C(=O)NC4CCC(CC4)(F)F,CC(=O)N(c1ccc(-c2ccns2)cc1)[C@@H](C(=O)NC1CCC(F)(F)CC1)c1cnccn1,False,CC(=O)N(c1ccc(-c2ccns2)cc1)[C@@H](C(=O)NC1CCC(F)(F)CC1)c1cnccn1,"InChI=1S/C23H23F2N5O2S/c1-15(31)30(18-4-2-16(3-5-18)20-8-11-28-33-20)21(19-14-26-12-13-27-19)22(32)29-17-6-9-23(24,25)10-7-17/h2-5,8,11-14,17,21H,6-7,9-10H2,1H3,(H,29,32)/t21-/m1/s1",XBLRWHTTYHELQM-OAQYLSRUSA-N,471.53300000000024,4.3884000000000025,88.08000000000001,6,1,6,4,3,0.34782608695652173,33,0,0,0.5762093034550909,1083.8091353248653,-3.2699999999999996,22.907313032244765,9.697337179168262,5.3869257503209,0,0,1,3,1,10,120.82870000000005,nan,True,True,True,True,True,None,None
A1JNF,"N-[(2S)-1-[[(2S)-1-[2-[(3-chlorophenyl)methyl]-2-ethanoyl-hydrazinyl]-1-oxidanylidene-3-phenyl-propan-2-yl]amino]-3,3-dimethyl-1-oxidanylidene-butan-2-yl]thiophene-2-carboxamide",C29 H33 Cl N4 O4 S,non-polymer,CC(=O)N(Cc1cccc(c1)Cl)NC(=O)[C@H](Cc2ccccc2)NC(=O)[C@H](C(C)(C)C)NC(=O)c3cccs3,CC(=O)N(Cc1cccc(Cl)c1)NC(=O)[C@H](Cc1ccccc1)NC(=O)[C@@H](NC(=O)c1cccs1)C(C)(C)C,False,CC(=O)N(Cc1cccc(Cl)c1)NC(=O)[C@H](Cc1ccccc1)NC(=O)[C@@H](NC(=O)c1cccs1)C(C)(C)C,"InChI=1S/C29H33ClN4O4S/c1-19(35)34(18-21-12-8-13-22(30)16-21)33-26(36)23(17-20-10-6-5-7-11-20)31-28(38)25(29(2,3)4)32-27(37)24-14-9-15-39-24/h5-16,23,25H,17-18H2,1-4H3,(H,31,38)(H,32,37)(H,33,36)/t23-,25+/m0/s1",KIRKUISXIIXMJH-UKILVPOCSA-N,569.1270000000003,4.353400000000003,107.61000000000001,5,3,9,3,3,0.3103448275862069,39,0,0,0.33346229655338105,1292.1261962333297,-3.6899999999999995,29.85992108322478,13.395305364146902,8.936140883085868,0,0,0,3,0,10,152.9235999999998,nan,True,True,True,False,True,None,Oxygen-nitrogen_single_bond
A1CR5,"(1R,2S,5S)-6,6-dimethyl-N-[(2S)-4-(methylsulfanyl)-1-oxobutan-2-yl]-3-[N-(trifluoroacetyl)-L-valyl]-3-azabicyclo[3.1.0]hexane-2-carboxamide",C20 H30 F3 N3 O4 S,non-polymer,CC(C)[C@@H](C(=O)N1C[C@H]2[C@@H]([C@H]1C(=O)N[C@@H](CCSC)C=O)C2(C)C)NC(=O)C(F)(F)F,CSCC[C@@H](C=O)NC(=O)[C@@H]1[C@@H]2[C@H](CN1C(=O)[C@@H](NC(=O)C(F)(F)F)C(C)C)C2(C)C,False,CSCC[C@@H](C=O)NC(=O)[C@@H]1[C@@H]2[C@H](CN1C(=O)[C@@H](NC(=O)C(F)(F)F)C(C)C)C2(C)C,"InChI=1S/C20H30F3N3O4S/c1-10(2)14(25-18(30)20(21,22)23)17(29)26-8-12-13(19(12,3)4)15(26)16(28)24-11(9-27)6-7-31-5/h9-15H,6-8H2,1-5H3,(H,24,28)(H,25,30)/t11-,12-,13-,14-,15-/m0/s1",CNPWOLWEZXZOST-YTFOTSKYSA-N,465.5380000000001,1.6092999999999997,95.58000000000001,5,2,9,2,0,0.8,31,0,0,0.5047415347182218,728.9488451886142,-1.7800000000000002,25.480345378103046,9.37737504173154,5.349841086391853,0,0,2,0,2,11,110.07940000000008,nan,True,True,True,True,True,None,aldehyde
A1CR3,"methyl {(2S)-1-[(1R,2S,5S)-6,6-dimethyl-2-{[(2S)-4-(methylsulfanyl)-1-oxobutan-2-yl]carbamoyl}-3-azabicyclo[3.1.0]hexan-3-yl]-3,3-dimethyl-1-oxobutan-2-yl}carbamate",C21 H35 N3 O5 S,non-polymer,CC1([C@@H]2[C@H]1[C@H](N(C2)C(=O)[C@H](C(C)(C)C)NC(=O)OC)C(=O)N[C@@H](CCSC)C=O)C,COC(=O)N[C@H](C(=O)N1C[C@H]2[C@@H]([C@H]1C(=O)N[C@H](C=O)CCSC)C2(C)C)C(C)(C)C,False,COC(=O)N[C@H](C(=O)N1C[C@H]2[C@@H]([C@H]1C(=O)N[C@H](C=O)CCSC)C2(C)C)C(C)(C)C,"InChI=1S/C21H35N3O5S/c1-20(2,3)16(23-19(28)29-6)18(27)24-10-13-14(21(13,4)5)15(24)17(26)22-12(11-25)8-9-30-7/h11-16H,8-10H2,1-7H3,(H,22,26)(H,23,28)/t12-,13-,14-,15-,16+/m0/s1",YSVXBQXAHYVXCQ-UVPYHEFZSA-N,441.5940000000002,1.676900000000001,104.81,6,2,8,2,0,0.8095238095238095,30,0,0,0.5554754703608717,690.6195444437726,-1.7699999999999998,24.499009726087372,9.157797731583324,4.9242399974943485,0,0,2,0,2,9,116.03940000000007,nan,True,True,True,True,True,None,aldehyde
A1C3L,"(3S)-N-[(1S,2S)-1-hydroxy-3-[(3S)-2-oxopyrrolidin-3-yl]-1-(4-phenyl-1,3-thiazol-2-yl)propan-2-yl]-2-[3-methyl-N-(trifluoroacetyl)-L-valyl]-1,2,3,4-tetrahydroisoquinoline-3-carboxamide",C34 H38 F3 N5 O5 S,non-polymer,CC(C)(C)[C@@H](C(=O)N1Cc2ccccc2C[C@H]1C(=O)N[C@@H](C[C@@H]3CCNC3=O)[C@@H](c4nc(cs4)c5ccccc5)O)NC(=O)C(F)(F)F,CC(C)(C)[C@H](NC(=O)C(F)(F)F)C(=O)N1Cc2ccccc2C[C@H]1C(=O)N[C@@H](C[C@@H]1CCNC1=O)[C@H](O)c1nc(-c2ccccc2)cs1,False,CC(C)(C)[C@H](NC(=O)C(F)(F)F)C(=O)N1Cc2ccccc2C[C@H]1C(=O)N[C@@H](C[C@@H]1CCNC1=O)[C@H](O)c1nc(-c2ccccc2)cs1,"InChI=1S/C34H38F3N5O5S/c1-33(2,3)27(41-32(47)34(35,36)37)31(46)42-17-22-12-8-7-11-20(22)16-25(42)29(45)39-23(15-21-13-14-38-28(21)44)26(43)30-40-24(18-48-30)19-9-5-4-6-10-19/h4-12,18,21,23,25-27,43H,13-17H2,1-3H3,(H,38,44)(H,39,45)(H,41,47)/t21-,23-,25-,26-,27+/m0/s1",WDWBFOPEPYNLFT-ZNNHMPJGSA-N,685.7690000000005,3.9012000000000024,140.73000000000002,7,4,9,5,3,0.4411764705882353,48,0,0,0.26956998817052996,1658.1790409448354,-4.3,35.01873299667295,14.048539058405503,7.867661956173853,0,0,2,3,1,14,172.09889999999962,nan,True,False,False,False,False,None,None
