Target,pdb_id,Warhead,Residue_ID,Total_atoms,Exposed_atoms,SASA_in_complex_A2,%Exposed,%Buried,Chain,LigandX_Source,Ligand5_Source,Ligand_Resolved,Warhead_5,SMILES,Ion_Dropped,Ion_Drop_Reason,Parent_SMILES,Salt_Stripped
Mpro,23lw,7ON,401,45,14,192.222,0.311,0.689,A,7ON,7ON,7ON,,C1CCC(CC1)[C@@H](C(=O)N2C[C@@H]3CCC[C@@H]3[C@H]2C(=O)N[C@@H](C[C@@H]4CCNC4=O)[C@H](C(=O)NC5CCCC5)O)NC(=O)C(F)(F)F,False,,O=C1NCC[C@H]1C[C@H](NC(=O)[C@@H]1[C@H]2CCC[C@H]2CN1C(=O)[C@@H](NC(=O)C(F)(F)F)C1CCCCC1)[C@@H](O)C(=O)NC1CCCC1,False
Mpro,12af,A00,402,64,19,156.021,0.297,0.703,A,A00,A1DA8,A1DA8,A1DA8,,False,,,False
Mpro,11ro,A01,401,68,24,174.329,0.353,0.647,A,A01,A1DAK,A1DAK,A1DAK,,False,,,False
Mpro,23lx,7ON,401,45,15,197.806,0.333,0.667,A,7ON,7ON,7ON,,C1CCC(CC1)[C@@H](C(=O)N2C[C@@H]3CCC[C@@H]3[C@H]2C(=O)N[C@@H](C[C@@H]4CCNC4=O)[C@H](C(=O)NC5CCCC5)O)NC(=O)C(F)(F)F,False,,O=C1NCC[C@H]1C[C@H](NC(=O)[C@@H]1[C@H]2CCC[C@H]2CN1C(=O)[C@@H](NC(=O)C(F)(F)F)C1CCCCC1)[C@@H](O)C(=O)NC1CCCC1,False
Mpro,23ly,7ON,401,45,17,224.313,0.378,0.622,A,7ON,7ON,7ON,,C1CCC(CC1)[C@@H](C(=O)N2C[C@@H]3CCC[C@@H]3[C@H]2C(=O)N[C@@H](C[C@@H]4CCNC4=O)[C@H](C(=O)NC5CCCC5)O)NC(=O)C(F)(F)F,False,,O=C1NCC[C@H]1C[C@H](NC(=O)[C@@H]1[C@H]2CCC[C@H]2CN1C(=O)[C@@H](NC(=O)C(F)(F)F)C1CCCCC1)[C@@H](O)C(=O)NC1CCCC1,False
Mpro,23lw,7ON,401,45,17,188.145,0.378,0.622,B,7ON,7ON,7ON,,C1CCC(CC1)[C@@H](C(=O)N2C[C@@H]3CCC[C@@H]3[C@H]2C(=O)N[C@@H](C[C@@H]4CCNC4=O)[C@H](C(=O)NC5CCCC5)O)NC(=O)C(F)(F)F,False,,O=C1NCC[C@H]1C[C@H](NC(=O)[C@@H]1[C@H]2CCC[C@H]2CN1C(=O)[C@@H](NC(=O)C(F)(F)F)C1CCCCC1)[C@@H](O)C(=O)NC1CCCC1,False
Mpro,23ly,7ON,401,45,19,226.67,0.422,0.578,B,7ON,7ON,7ON,,C1CCC(CC1)[C@@H](C(=O)N2C[C@@H]3CCC[C@@H]3[C@H]2C(=O)N[C@@H](C[C@@H]4CCNC4=O)[C@H](C(=O)NC5CCCC5)O)NC(=O)C(F)(F)F,False,,O=C1NCC[C@H]1C[C@H](NC(=O)[C@@H]1[C@H]2CCC[C@H]2CN1C(=O)[C@@H](NC(=O)C(F)(F)F)C1CCCCC1)[C@@H](O)C(=O)NC1CCCC1,False
Mpro,23lz,7ON,402,45,17,203.717,0.378,0.622,A,7ON,7ON,7ON,,C1CCC(CC1)[C@@H](C(=O)N2C[C@@H]3CCC[C@@H]3[C@H]2C(=O)N[C@@H](C[C@@H]4CCNC4=O)[C@H](C(=O)NC5CCCC5)O)NC(=O)C(F)(F)F,False,,O=C1NCC[C@H]1C[C@H](NC(=O)[C@@H]1[C@H]2CCC[C@H]2CN1C(=O)[C@@H](NC(=O)C(F)(F)F)C1CCCCC1)[C@@H](O)C(=O)NC1CCCC1,False
Mpro,23lz,7ON,402,45,15,210.681,0.333,0.667,B,7ON,7ON,7ON,,C1CCC(CC1)[C@@H](C(=O)N2C[C@@H]3CCC[C@@H]3[C@H]2C(=O)N[C@@H](C[C@@H]4CCNC4=O)[C@H](C(=O)NC5CCCC5)O)NC(=O)C(F)(F)F,False,,O=C1NCC[C@H]1C[C@H](NC(=O)[C@@H]1[C@H]2CCC[C@H]2CN1C(=O)[C@@H](NC(=O)C(F)(F)F)C1CCCCC1)[C@@H](O)C(=O)NC1CCCC1,False
Mpro,23lz,7ON,403,45,16,210.468,0.356,0.644,C,7ON,7ON,7ON,,C1CCC(CC1)[C@@H](C(=O)N2C[C@@H]3CCC[C@@H]3[C@H]2C(=O)N[C@@H](C[C@@H]4CCNC4=O)[C@H](C(=O)NC5CCCC5)O)NC(=O)C(F)(F)F,False,,O=C1NCC[C@H]1C[C@H](NC(=O)[C@@H]1[C@H]2CCC[C@H]2CN1C(=O)[C@@H](NC(=O)C(F)(F)F)C1CCCCC1)[C@@H](O)C(=O)NC1CCCC1,False
Mpro,23ma,7ON,402,45,18,210.758,0.4,0.6,A,7ON,7ON,7ON,,C1CCC(CC1)[C@@H](C(=O)N2C[C@@H]3CCC[C@@H]3[C@H]2C(=O)N[C@@H](C[C@@H]4CCNC4=O)[C@H](C(=O)NC5CCCC5)O)NC(=O)C(F)(F)F,False,,O=C1NCC[C@H]1C[C@H](NC(=O)[C@@H]1[C@H]2CCC[C@H]2CN1C(=O)[C@@H](NC(=O)C(F)(F)F)C1CCCCC1)[C@@H](O)C(=O)NC1CCCC1,False
Mpro,23ma,7ON,401,45,19,206.018,0.422,0.578,B,7ON,7ON,7ON,,C1CCC(CC1)[C@@H](C(=O)N2C[C@@H]3CCC[C@@H]3[C@H]2C(=O)N[C@@H](C[C@@H]4CCNC4=O)[C@H](C(=O)NC5CCCC5)O)NC(=O)C(F)(F)F,False,,O=C1NCC[C@H]1C[C@H](NC(=O)[C@@H]1[C@H]2CCC[C@H]2CN1C(=O)[C@@H](NC(=O)C(F)(F)F)C1CCCCC1)[C@@H](O)C(=O)NC1CCCC1,False
Mpro,23lz,7ON,402,45,18,198.8,0.4,0.6,D,7ON,7ON,7ON,,C1CCC(CC1)[C@@H](C(=O)N2C[C@@H]3CCC[C@@H]3[C@H]2C(=O)N[C@@H](C[C@@H]4CCNC4=O)[C@H](C(=O)NC5CCCC5)O)NC(=O)C(F)(F)F,False,,O=C1NCC[C@H]1C[C@H](NC(=O)[C@@H]1[C@H]2CCC[C@H]2CN1C(=O)[C@@H](NC(=O)C(F)(F)F)C1CCCCC1)[C@@H](O)C(=O)NC1CCCC1,False
Mpro,23mb,A02,401,45,18,209.49,0.4,0.6,A,A02,A1EN0,A1EN0,A1EN0,,False,,,False
Mpro,23mb,A02,401,45,19,208.321,0.422,0.578,B,A02,A1EN0,A1EN0,A1EN0,,False,,,False
Mpro,23mc,7ON,401,45,16,199.499,0.356,0.644,A,7ON,7ON,7ON,,C1CCC(CC1)[C@@H](C(=O)N2C[C@@H]3CCC[C@@H]3[C@H]2C(=O)N[C@@H](C[C@@H]4CCNC4=O)[C@H](C(=O)NC5CCCC5)O)NC(=O)C(F)(F)F,False,,O=C1NCC[C@H]1C[C@H](NC(=O)[C@@H]1[C@H]2CCC[C@H]2CN1C(=O)[C@@H](NC(=O)C(F)(F)F)C1CCCCC1)[C@@H](O)C(=O)NC1CCCC1,False
Mpro,23mc,7ON,401,45,16,199.541,0.356,0.644,B,7ON,7ON,7ON,,C1CCC(CC1)[C@@H](C(=O)N2C[C@@H]3CCC[C@@H]3[C@H]2C(=O)N[C@@H](C[C@@H]4CCNC4=O)[C@H](C(=O)NC5CCCC5)O)NC(=O)C(F)(F)F,False,,O=C1NCC[C@H]1C[C@H](NC(=O)[C@@H]1[C@H]2CCC[C@H]2CN1C(=O)[C@@H](NC(=O)C(F)(F)F)C1CCCCC1)[C@@H](O)C(=O)NC1CCCC1,False
Mpro,23md,A02,401,45,18,204.157,0.4,0.6,A,A02,A1EN0,A1EN0,A1EN0,,False,,,False
Mpro,23md,A02,401,45,18,211.267,0.4,0.6,B,A02,A1EN0,A1EN0,A1EN0,,False,,,False
Mpro,23me,7ON,401,45,18,210.936,0.4,0.6,A,7ON,7ON,7ON,,C1CCC(CC1)[C@@H](C(=O)N2C[C@@H]3CCC[C@@H]3[C@H]2C(=O)N[C@@H](C[C@@H]4CCNC4=O)[C@H](C(=O)NC5CCCC5)O)NC(=O)C(F)(F)F,False,,O=C1NCC[C@H]1C[C@H](NC(=O)[C@@H]1[C@H]2CCC[C@H]2CN1C(=O)[C@@H](NC(=O)C(F)(F)F)C1CCCCC1)[C@@H](O)C(=O)NC1CCCC1,False
Mpro,23me,7ON,401,45,18,201.224,0.4,0.6,B,7ON,7ON,7ON,,C1CCC(CC1)[C@@H](C(=O)N2C[C@@H]3CCC[C@@H]3[C@H]2C(=O)N[C@@H](C[C@@H]4CCNC4=O)[C@H](C(=O)NC5CCCC5)O)NC(=O)C(F)(F)F,False,,O=C1NCC[C@H]1C[C@H](NC(=O)[C@@H]1[C@H]2CCC[C@H]2CN1C(=O)[C@@H](NC(=O)C(F)(F)F)C1CCCCC1)[C@@H](O)C(=O)NC1CCCC1,False
Mpro,23mf,A02,401,45,19,214.309,0.422,0.578,A,A02,A1EN0,A1EN0,A1EN0,,False,,,False
Mpro,23mg,A02,401,45,16,211.063,0.356,0.644,A,A02,A1EN0,A1EN0,A1EN0,,False,,,False
Mpro,23mf,A02,401,45,20,202.977,0.444,0.556,B,A02,A1EN0,A1EN0,A1EN0,,False,,,False
Mpro,23mg,A02,401,45,17,211.408,0.378,0.622,B,A02,A1EN0,A1EN0,A1EN0,,False,,,False
Mpro,23mh,7ON,401,45,19,221.249,0.422,0.578,A,7ON,7ON,7ON,,C1CCC(CC1)[C@@H](C(=O)N2C[C@@H]3CCC[C@@H]3[C@H]2C(=O)N[C@@H](C[C@@H]4CCNC4=O)[C@H](C(=O)NC5CCCC5)O)NC(=O)C(F)(F)F,False,,O=C1NCC[C@H]1C[C@H](NC(=O)[C@@H]1[C@H]2CCC[C@H]2CN1C(=O)[C@@H](NC(=O)C(F)(F)F)C1CCCCC1)[C@@H](O)C(=O)NC1CCCC1,False
Mpro,23mi,A02,401,45,19,207.126,0.422,0.578,A,A02,A1EN0,A1EN0,A1EN0,,False,,,False
Mpro,23mh,7ON,401,45,18,217.148,0.4,0.6,B,7ON,7ON,7ON,,C1CCC(CC1)[C@@H](C(=O)N2C[C@@H]3CCC[C@@H]3[C@H]2C(=O)N[C@@H](C[C@@H]4CCNC4=O)[C@H](C(=O)NC5CCCC5)O)NC(=O)C(F)(F)F,False,,O=C1NCC[C@H]1C[C@H](NC(=O)[C@@H]1[C@H]2CCC[C@H]2CN1C(=O)[C@@H](NC(=O)C(F)(F)F)C1CCCCC1)[C@@H](O)C(=O)NC1CCCC1,False
Mpro,23mi,A02,401,45,18,212.057,0.4,0.6,B,A02,A1EN0,A1EN0,A1EN0,,False,,,False
Mpro,23mj,7ON,401,45,17,210.482,0.378,0.622,A,7ON,7ON,7ON,,C1CCC(CC1)[C@@H](C(=O)N2C[C@@H]3CCC[C@@H]3[C@H]2C(=O)N[C@@H](C[C@@H]4CCNC4=O)[C@H](C(=O)NC5CCCC5)O)NC(=O)C(F)(F)F,False,,O=C1NCC[C@H]1C[C@H](NC(=O)[C@@H]1[C@H]2CCC[C@H]2CN1C(=O)[C@@H](NC(=O)C(F)(F)F)C1CCCCC1)[C@@H](O)C(=O)NC1CCCC1,False
Mpro,23mk,7ON,401,45,15,190.179,0.333,0.667,A,7ON,7ON,7ON,,C1CCC(CC1)[C@@H](C(=O)N2C[C@@H]3CCC[C@@H]3[C@H]2C(=O)N[C@@H](C[C@@H]4CCNC4=O)[C@H](C(=O)NC5CCCC5)O)NC(=O)C(F)(F)F,False,,O=C1NCC[C@H]1C[C@H](NC(=O)[C@@H]1[C@H]2CCC[C@H]2CN1C(=O)[C@@H](NC(=O)C(F)(F)F)C1CCCCC1)[C@@H](O)C(=O)NC1CCCC1,False
Mpro,23mj,7ON,401,45,17,213.704,0.378,0.622,B,7ON,7ON,7ON,,C1CCC(CC1)[C@@H](C(=O)N2C[C@@H]3CCC[C@@H]3[C@H]2C(=O)N[C@@H](C[C@@H]4CCNC4=O)[C@H](C(=O)NC5CCCC5)O)NC(=O)C(F)(F)F,False,,O=C1NCC[C@H]1C[C@H](NC(=O)[C@@H]1[C@H]2CCC[C@H]2CN1C(=O)[C@@H](NC(=O)C(F)(F)F)C1CCCCC1)[C@@H](O)C(=O)NC1CCCC1,False
Mpro,23ml,7ON,401,45,19,211.835,0.422,0.578,A,7ON,7ON,7ON,,C1CCC(CC1)[C@@H](C(=O)N2C[C@@H]3CCC[C@@H]3[C@H]2C(=O)N[C@@H](C[C@@H]4CCNC4=O)[C@H](C(=O)NC5CCCC5)O)NC(=O)C(F)(F)F,False,,O=C1NCC[C@H]1C[C@H](NC(=O)[C@@H]1[C@H]2CCC[C@H]2CN1C(=O)[C@@H](NC(=O)C(F)(F)F)C1CCCCC1)[C@@H](O)C(=O)NC1CCCC1,False
Mpro,6z2e,Q5T,401,67,39,659.592,0.582,0.418,A,Q5T,Q5T,Q5T,,CC[C@@H](C(=O)N[C@H](C(=O)N[C@@H](CC(C)C)C(=O)N[C@@H](CCC(=O)N)CCS(=O)(=O)C)C(C)(C)C)NC(=O)CCOCCOCCOCCOCCNC(=O)CCCC[C@@H]1[C@@H]2[C@H](C=S1)NC(=O)N2,False,,CC[C@H](NC(=O)CCOCCOCCOCCOCCNC(=O)CCCC[C@H]1[SH]=C[C@@H]2NC(=O)N[C@@H]21)C(=O)N[C@H](C(=O)N[C@@H](CC(C)C)C(=O)N[C@@H](CCC(N)=O)CCS(C)(=O)=O)C(C)(C)C,False
Mpro,23ml,7ON,401,45,19,199.372,0.422,0.578,B,7ON,7ON,7ON,,C1CCC(CC1)[C@@H](C(=O)N2C[C@@H]3CCC[C@@H]3[C@H]2C(=O)N[C@@H](C[C@@H]4CCNC4=O)[C@H](C(=O)NC5CCCC5)O)NC(=O)C(F)(F)F,False,,O=C1NCC[C@H]1C[C@H](NC(=O)[C@@H]1[C@H]2CCC[C@H]2CN1C(=O)[C@@H](NC(=O)C(F)(F)F)C1CCCCC1)[C@@H](O)C(=O)NC1CCCC1,False
Mpro,7aeh,R8H,405,36,23,243.185,0.639,0.361,A,R8H,R8H,R8H,,c1ccc(cc1)C[C@H]([C@@H](C(=O)NCc2ccccn2)O)NC(=O)[C@H]3CCC(=O)N3Cc4ccccc4,False,,O=C(NCc1ccccn1)[C@@H](O)[C@@H](Cc1ccccc1)NC(=O)[C@H]1CCC(=O)N1Cc1ccccc1,False
Mpro,7be7,ALD,401,76,25,200.73,0.329,0.671,A,ALD,ALD,ALD,,CC(C)C[C@@H](CO)NC(=O)[C@H](CC(C)C)NC(=O)[C@H](CC(C)C)NC(=O)OCc1ccccc1,False,,CC(C)C[C@@H](CO)NC(=O)[C@H](CC(C)C)NC(=O)[C@H](CC(C)C)NC(=O)OCc1ccccc1,False
Mpro,7be7,ALD,702,76,30,210.768,0.395,0.605,B,ALD,ALD,ALD,,CC(C)C[C@@H](CO)NC(=O)[C@H](CC(C)C)NC(=O)[C@H](CC(C)C)NC(=O)OCc1ccccc1,False,,CC(C)C[C@@H](CO)NC(=O)[C@H](CC(C)C)NC(=O)[C@H](CC(C)C)NC(=O)OCc1ccccc1,False
Mpro,7bfb,9JT,1005,24,15,185.622,0.625,0.375,A,9JT,9JT,9JT,,c1ccc(cc1)NC(=O)c2ccccc2[SeH],False,,O=C(Nc1ccccc1)c1ccccc1[SeH],False
Mpro,7bfb,9JT,403,24,14,207.297,0.583,0.417,B,9JT,9JT,9JT,,c1ccc(cc1)NC(=O)c2ccccc2[SeH],False,,O=C(Nc1ccccc1)c1ccccc1[SeH],False
Mpro,7bgp,ALD,402,76,25,199.525,0.329,0.671,A,ALD,ALD,ALD,,CC(C)C[C@@H](CO)NC(=O)[C@H](CC(C)C)NC(=O)[C@H](CC(C)C)NC(=O)OCc1ccccc1,False,,CC(C)C[C@@H](CO)NC(=O)[C@H](CC(C)C)NC(=O)[C@H](CC(C)C)NC(=O)OCc1ccccc1,False
Mpro,7gax,KJI,1001,22,14,95.426,0.636,0.364,A,KJI,KJI,KJI,,Cc1ccncc1NC(=O)CNc2ccnc3c2cccc3,False,,Cc1ccncc1NC(=O)CNc1ccnc2ccccc12,False
Mpro,7gay,KJO,1001,17,9,66.877,0.529,0.471,A,KJO,KJO,KJO,,C=C(c1cccnc1)C(=O)Nc2ccccc2,False,,C=C(C(=O)Nc1ccccc1)c1cccnc1,False
Mpro,7bgp,ALD,401,76,28,208.159,0.368,0.632,B,ALD,ALD,ALD,,CC(C)C[C@@H](CO)NC(=O)[C@H](CC(C)C)NC(=O)[C@H](CC(C)C)NC(=O)OCc1ccccc1,False,,CC(C)C[C@@H](CO)NC(=O)[C@H](CC(C)C)NC(=O)[C@H](CC(C)C)NC(=O)OCc1ccccc1,False
Mpro,7gaz,KL6,1001,21,11,155.325,0.524,0.476,A,KL6,KL6,KL6,,CS(=O)(=O)NCCN1CCCc2c1cc(cc2)S(=O)(=O)N,False,,CS(=O)(=O)NCCN1CCCc2ccc(S(N)(=O)=O)cc21,False
Mpro,7gb0,KLR,1001,25,11,109.687,0.44,0.56,A,KLR,KLR,KLR,,CC(C)(C)NC(=O)[C@H](c1cccnc1)Nc2ccc(cc2)CCC#N,False,,CC(C)(C)NC(=O)[C@@H](Nc1ccc(CCC#N)cc1)c1cccnc1,False
Mpro,7gb2,KMX,406,22,19,283.533,0.864,0.136,A,KMX,KMX,KMX,,CC(=O)N1CCN(CC1)Cc2cnc(s2)Cc3ccccc3,False,,CC(=O)N1CCN(Cc2cnc(Cc3ccccc3)s2)CC1,False
Mpro,7gb1,KMF,405,24,9,60.109,0.375,0.625,A,KMF,KMF,KMF,,CC(=O)N1CCN(CC1)CCNC(=O)c2cccc3c2cccc3,False,,CC(=O)N1CCN(CCNC(=O)c2cccc3ccccc23)CC1,False
Mpro,7gb3,KNU,406,14,6,81.347,0.429,0.571,A,KNU,KNU,KNU,,C[C@@H](c1cc(cc(c1)Cl)F)NC(=O)C,False,,CC(=O)N[C@@H](C)c1cc(F)cc(Cl)c1,False
Mpro,7gb6,KP0,405,25,13,90.05,0.52,0.48,A,KP0,KP0,KP0,,c1cc(cc(c1)Cl)N(CCC2CCCCC2)C(=O)Nc3cccnc3,False,,O=C(Nc1cccnc1)N(CCC1CCCCC1)c1cccc(Cl)c1,False
Mpro,7gb4,KO9,405,18,9,61.749,0.5,0.5,A,KO9,KO9,KO9,,c1cc(cnc1)CC(=O)Nc2cc(cnc2)C#N,False,,N#Cc1cncc(NC(=O)Cc2cccnc2)c1,False
Mpro,7gb5,KOI,1001,17,7,39.465,0.412,0.588,A,KOI,KOI,KOI,,c1cc(cc(c1)Cl)CC(=O)Nc2cccnc2,False,,O=C(Cc1cccc(Cl)c1)Nc1cccnc1,False
Mpro,7gb8,KQL,405,21,8,76.766,0.381,0.619,A,KQL,KQL,KQL,,Cc1ccncc1NC(=O)Cc2cccc(c2)C(F)(F)F,False,,Cc1ccncc1NC(=O)Cc1cccc(C(F)(F)F)c1,False
Mpro,7gb7,KQ3,1001,25,12,87.226,0.48,0.52,A,KQ3,KQ3,KQ3,,c1cc(cc(c1)Cl)N(CCN2CCOCC2)C(=O)Nc3cccnc3,False,,O=C(Nc1cccnc1)N(CCN1CCOCC1)c1cccc(Cl)c1,False
Mpro,7gb9,KQX,405,18,6,58.765,0.333,0.667,A,KQX,KQX,KQX,,Cc1ccc(cc1)CC(=O)Nc2cnccc2C,False,,Cc1ccc(CC(=O)Nc2cnccc2C)cc1,False
Mpro,7gbb,KSI,1001,21,12,92.531,0.571,0.429,A,KSI,KSI,KSI,,CC(C)C[C@H]1CN(CCN1Cc2cccc(c2)Cl)C(=O)C,False,,CC(=O)N1CCN(Cc2cccc(Cl)c2)[C@@H](CC(C)C)C1,False
Mpro,7gba,KS0,404,18,13,133.011,0.722,0.278,A,KS0,KS0,KS0,,CCC(=O)N1CCN(CC1)Cc2ccc(cc2)F,False,,CCC(=O)N1CCN(Cc2ccc(F)cc2)CC1,False
Mpro,7gbd,KT9,404,23,10,61.705,0.435,0.565,A,KT9,KT9,KT9,,Cc1cc(cc(c1)O[C@H]2CC(=O)N2)NC(=O)Cc3cncnc3,False,,Cc1cc(NC(=O)Cc2cncnc2)cc(O[C@H]2CC(=O)N2)c1,False
Mpro,7gbc,KSX,404,19,6,57.238,0.316,0.684,A,KSX,KSX,KSX,,Cc1ccncc1NC(=O)Cc2cc(cnc2)C#N,False,,Cc1ccncc1NC(=O)Cc1cncc(C#N)c1,False
Mpro,7gbe,KU6,1001,22,9,81.618,0.409,0.591,A,KU6,KU6,KU6,,c1cc2c(cc1Cl)[C@@H](CCO2)C(=O)Nc3nncn3C4CC4,False,,O=C(Nc1nncn1C1CC1)[C@@H]1CCOc2ccc(Cl)cc21,False
Mpro,7gbf,KUU,405,21,10,81.869,0.476,0.524,A,KUU,KUU,KUU,,Cc1ccncc1NC(=O)[C@@H](c2cccc(c2)Cl)C(C)C,False,,Cc1ccncc1NC(=O)[C@@H](c1cccc(Cl)c1)C(C)C,False
Mpro,7gbg,KVF,404,20,8,82.918,0.4,0.6,A,KVF,KVF,KVF,,CC[C@@H](c1cccc(c1)Cl)C(=O)Nc2cnncc2C,False,,CC[C@H](C(=O)Nc1cnncc1C)c1cccc(Cl)c1,False
Mpro,7gbi,KVX,403,21,7,71.333,0.333,0.667,A,KVX,KVX,KVX,,c1cc2c(cc1Cl)[C@@H](CO2)C(=O)Nc3cnccc3CO,False,,O=C(Nc1cnccc1CO)[C@@H]1COc2ccc(Cl)cc21,False
Mpro,7gbh,KVO,404,19,7,67.219,0.368,0.632,A,KVO,KVO,KVO,,Cc1ccnc(c1NC(=O)Cc2cccc(c2)Cl)C,False,,Cc1ccnc(C)c1NC(=O)Cc1cccc(Cl)c1,False
Mpro,7gbj,KW9,404,26,14,159.455,0.538,0.462,A,KW9,KW9,KW9,,COc1ccccc1OCCNC(=O)C2=CC(=O)Nc3c2ccc(c3)F,False,,COc1ccccc1OCCNC(=O)c1cc(=O)[nH]c2cc(F)ccc12,False
Mpro,7gbl,KWR,405,22,10,79.274,0.455,0.545,A,KWR,KWR,KWR,,c1cc(cc(c1)O[C@H]2CC(=O)N2)NC(=O)Cc3cccnc3,False,,O=C(Cc1cccnc1)Nc1cccc(O[C@H]2CC(=O)N2)c1,False
Mpro,7gbm,KX9,404,23,8,100.642,0.348,0.652,A,KX9,KX9,KX9,,C[C@H](c1cccc(c1)Cl)C(=O)Nc2cnccc2n3cccn3,False,,C[C@@H](C(=O)Nc1cnccc1-n1cccn1)c1cccc(Cl)c1,False
Mpro,7gbk,KXF,1001,18,8,70.297,0.444,0.556,A,KXF,KXF,KXF,,Cc1ccncc1NC(=O)Cc2cccc(c2)O,False,,Cc1ccncc1NC(=O)Cc1cccc(O)c1,False
Mpro,7gbn,KXR,404,23,10,61.705,0.435,0.565,A,KXR,KXR,KXR,,c1c(cc(cc1O[C@H]2CC(=O)N2)F)NC(=O)Cc3cncnc3,False,,O=C(Cc1cncnc1)Nc1cc(F)cc(O[C@H]2CC(=O)N2)c1,False
Mpro,7gbp,KYC,405,21,9,86.268,0.429,0.571,A,KYC,KYC,KYC,,Cc1ccncc1NC(=O)[C@H](c2cccc(c2)Cl)N(C)C,False,,Cc1ccncc1NC(=O)[C@H](c1cccc(Cl)c1)N(C)C,False
Mpro,7gbq,KYU,404,20,7,77.778,0.35,0.65,A,KYU,KYU,KYU,,Cc1ccncc1NC(=O)C(c2cccc(c2)Cl)(F)F,False,,Cc1ccncc1NC(=O)C(F)(F)c1cccc(Cl)c1,False
Mpro,7gbo,KY0,404,20,8,80.389,0.4,0.6,A,KY0,KY0,KY0,,Cc1ccncc1NC(=O)C2(CC2)c3cccc(c3)Cl,False,,Cc1ccncc1NC(=O)C1(c2cccc(Cl)c2)CC1,False
Mpro,7gbr,KZC,405,23,14,140.359,0.609,0.391,A,KZC,KZC,KZC,,c1ccc(cc1)NCCNC(=O)C2=CC(=O)Nc3c2cccc3,False,,O=C(NCCNc1ccccc1)c1cc(=O)[nH]c2ccccc12,False
Mpro,7gbt,L1F,1001,26,11,156.701,0.423,0.577,A,L1F,L1F,L1F,,CN(CCOc1ccccc1OC)C(=O)C2=CC(=O)Nc3c2cccc3,False,,COc1ccccc1OCCN(C)C(=O)c1cc(=O)[nH]c2ccccc12,False
Mpro,7gbs,KZX,404,18,6,56.486,0.333,0.667,A,KZX,KZX,KZX,,Cc1ccncc1NC(=O)Cc2cccc(c2)F,False,,Cc1ccncc1NC(=O)Cc1cccc(F)c1,False
Mpro,7gbu,L2I,1001,20,12,60.084,0.6,0.4,A,L2I,L2I,L2I,,CNCC[C@@H](c1ccccc1)C(=O)Nc2cccnc2,False,,CNCC[C@H](C(=O)Nc1cccnc1)c1ccccc1,False
Mpro,7gbv,L3I,404,20,6,56.622,0.3,0.7,A,L3I,L3I,L3I,,Cc1ccncc1NC(=O)C(C)(C)c2cccc(c2)Cl,False,,Cc1ccncc1NC(=O)C(C)(C)c1cccc(Cl)c1,False
Mpro,7gbw,L6R,405,21,7,88.956,0.333,0.667,A,L6R,L6R,L6R,,CCC[C@H](c1cccc(c1)Cl)C(=O)Nc2cnccc2C,False,,CCC[C@@H](C(=O)Nc1cnccc1C)c1cccc(Cl)c1,False
Mpro,7gbx,L6D,405,20,9,80.982,0.45,0.55,A,L6D,L6D,L6D,,c1ccc2c(c1)ncn2NC(=O)Cc3cccc(c3)Cl,False,,O=C(Cc1cccc(Cl)c1)Nn1cnc2ccccc21,False
Mpro,7gby,L5I,404,16,6,63.732,0.375,0.625,A,L5I,L5I,L5I,,Cc1ccncc1NC(=O)[C@H](C)CC2CC2,False,,Cc1ccncc1NC(=O)[C@H](C)CC1CC1,False
Mpro,7gc0,L4N,404,17,9,57.466,0.529,0.471,A,L4N,L4N,L4N,,Cc1ccncc1NC(=O)[C@@H]2CCC3(C2)CC3,False,,Cc1ccncc1NC(=O)[C@@H]1CCC2(CC2)C1,False
Mpro,7gbz,L4U,405,16,4,51.928,0.25,0.75,A,L4U,L4U,L4U,,Cc1ccncc1NC(=O)C[C@H](C)C(C)C,False,,Cc1ccncc1NC(=O)C[C@H](C)C(C)C,False
Mpro,7gc1,L7F,404,17,6,53.935,0.353,0.647,A,L7F,L7F,L7F,,Cc1ccncc1NC(=O)C[C@@]23CCC[C@@H]2C3,False,,Cc1ccncc1NC(=O)C[C@@]12CCC[C@@H]1C2,False
Mpro,7gc3,L7V,405,22,11,73.051,0.5,0.5,A,L7V,L7V,L7V,,c1cc(cnc1)CC(=O)N2CCC[C@H]2c3nc(on3)C4CC4,False,,O=C(Cc1cccnc1)N1CCC[C@H]1c1noc(C2CC2)n1,False
Mpro,7gc2,L7Q,404,20,9,93.967,0.45,0.55,A,L7Q,L7Q,L7Q,,Cc1ccncc1NC(=O)CC(C)(C)c2ccccc2,False,,Cc1ccncc1NC(=O)CC(C)(C)c1ccccc1,False
Mpro,7gc4,L83,405,19,6,52.727,0.316,0.684,A,L83,L83,L83,,Cc1ccnc(c1NC(=O)Cc2cccc(c2)Cl)N,False,,Cc1ccnc(N)c1NC(=O)Cc1cccc(Cl)c1,False
Mpro,7gc6,L8O,405,20,13,85.742,0.65,0.35,A,L8O,L8O,L8O,,Cc1cccc(c1)[C@H]2CN(Cc3c2cccc3)C(=O)C,False,,CC(=O)N1Cc2ccccc2[C@@H](c2cccc(C)c2)C1,False
Mpro,7gc5,L8F,404,25,13,132.348,0.52,0.48,A,L8F,L8F,L8F,,CC(=O)NCCc1c[nH]c2c1cccc2CN3CCN(CC3)C(=O)C,False,,CC(=O)NCCc1c[nH]c2c(CN3CCN(C(C)=O)CC3)cccc12,False
Mpro,7gc7,L93,405,27,15,156.033,0.556,0.444,A,L93,L93,L93,,C[C@H](CNC(=O)C1=CC(=O)Nc2c1cc(cc2)F)Oc3ccccc3OC,False,,COc1ccccc1O[C@H](C)CNC(=O)c1cc(=O)[nH]c2ccc(F)cc12,False
Mpro,7gc9,L9O,405,17,9,78.997,0.529,0.471,A,L9O,L9O,L9O,,Cc1ccncc1NC(=O)[C@H]2CCC23CCC3,False,,Cc1ccncc1NC(=O)[C@H]1CCC12CCC2,False
Mpro,7gc8,L9F,404,20,9,63.037,0.45,0.55,A,L9F,L9F,L9F,,c1cc(cc(c1)Cl)N2C(=O)[C@H](NC2=O)c3cccnc3,False,,O=C1N[C@H](c2cccnc2)C(=O)N1c1cccc(Cl)c1,False
Mpro,7gca,LB0,405,17,8,67.219,0.471,0.529,A,LB0,LB0,LB0,,Cc1ccncc1NC(=O)C2CC(C2)C3CC3,False,,Cc1ccncc1NC(=O)C1CC(C2CC2)C1,False
Mpro,7gcb,LBC,404,18,8,67.491,0.444,0.556,A,LBC,LBC,LBC,,Cc1ccncc1NC(=O)Cc2cccc(c2)I,False,,Cc1ccncc1NC(=O)Cc1cccc(I)c1,False
Mpro,7gcc,LBO,405,20,8,72.322,0.4,0.6,A,LBO,LBO,LBO,,Cc1ccncc1NC(=O)Cc2cccc(c2)C3CC3,False,,Cc1ccncc1NC(=O)Cc1cccc(C2CC2)c1,False
Mpro,7gcd,LCU,405,17,8,46.619,0.471,0.529,A,LCU,LCU,LCU,,Cc1ccncc1NC(=O)CC2C[C@H]3C[C@H]3C2,False,,Cc1ccncc1NC(=O)CC1C[C@@H]2C[C@@H]2C1,False
Mpro,7gce,LDX,404,19,7,65.076,0.368,0.632,A,LDX,LDX,LDX,,Cc1ccncc1NC(=O)CCc2ccccc2F,False,,Cc1ccncc1NC(=O)CCc1ccccc1F,False
Mpro,7gcf,LKX,404,17,8,62.569,0.471,0.529,A,LKX,LKX,LKX,,c1cc(cc(c1)Cl)CC(=O)NN2C=NNC2=O,False,,O=C(Cc1cccc(Cl)c1)Nn1cn[nH]c1=O,False
Mpro,7gcg,LKI,405,18,11,97.62,0.611,0.389,A,LKI,LKI,LKI,,Cc1ccncc1NS(=O)(=O)c2cccc(c2)Cl,False,,Cc1ccncc1NS(=O)(=O)c1cccc(Cl)c1,False
Mpro,7gci,LJO,405,17,6,63.662,0.353,0.647,A,LJO,LJO,LJO,,Cc1ccncc1NC(=O)[C@]2(CCOC2)C#N,False,,Cc1ccncc1NC(=O)[C@@]1(C#N)CCOC1,False
Mpro,7gck,LF3,404,23,12,94.322,0.522,0.478,A,LF3,LF3,LF3,,Cc1ccncc1NC(=O)CN2c3cc(ccc3OCC2=O)Cl,False,,Cc1ccncc1NC(=O)CN1C(=O)COc2ccc(Cl)cc21,False
Mpro,7gcj,LJ0,404,17,7,46.619,0.412,0.588,A,LJ0,LJ0,LJ0,,Cc1ccncc1NC(=O)C2[C@H]3[C@@H]2CCCC3,False,,Cc1ccncc1NC(=O)C1[C@H]2CCCC[C@@H]12,False
Mpro,7gcn,LQ0,405,21,8,69.77,0.381,0.619,A,LQ0,LQ0,LQ0,,Cc1ccncc1NC(=O)Cn2ccc3c2cc(cc3)Cl,False,,Cc1ccncc1NC(=O)Cn1ccc2ccc(Cl)cc21,False
Mpro,7gcl,LR0,405,22,10,109.402,0.455,0.545,A,LR0,LR0,LR0,,CC(=O)Nc1ccncc1NC(=O)[C@@H]2Cc3c2cc(cc3)F,False,,CC(=O)Nc1ccncc1NC(=O)[C@@H]1Cc2ccc(F)cc21,False
Mpro,7gcm,LQU,403,21,15,79.567,0.714,0.286,A,LQU,LQU,LQU,,CC(=O)N1Cc2ccccc2[C@H](C1)c3cccc(c3)C#N,False,,CC(=O)N1Cc2ccccc2[C@@H](c2cccc(C#N)c2)C1,False
Mpro,7gco,LO0,404,21,10,95.547,0.476,0.524,A,LO0,LO0,LO0,,COc1ccccc1OCCNC(=O)C2=CC=NC(=O)C2,False,,COc1ccccc1OCCNC(=O)C1=CC=NC(=O)C1,False
Mpro,7gcr,LRN,405,24,12,162.532,0.5,0.5,A,LRN,LRN,LRN,,CC(=O)N1CCC[C@H](C1)N(CC2CCCCC2)C3CCC(CC3)O,False,,CC(=O)N1CCC[C@@H](N(CC2CCCCC2)C2CCC(O)CC2)C1,False
Mpro,7gcp,LM0,405,20,12,97.578,0.6,0.4,A,LM0,LM0,LM0,,CC(=O)NNC(=O)[C@@H]1Cc2ccccc2CN1C(=O)C,False,,CC(=O)NNC(=O)[C@@H]1Cc2ccccc2CN1C(C)=O,False
Mpro,7gcq,LRC,405,18,7,50.47,0.389,0.611,A,LRC,LRC,LRC,,Cc1ccncc1NC(=O)Cc2cc(cnc2)Cl,False,,Cc1ccncc1NC(=O)Cc1cncc(Cl)c1,False
Mpro,7gcs,LS0,404,21,8,87.612,0.381,0.619,A,LS0,LS0,LS0,,Cc1ccncc1NC(=O)Cn2ccc3c2cc(cc3)F,False,,Cc1ccncc1NC(=O)Cn1ccc2ccc(F)cc21,False
Mpro,7gct,LSF,404,23,9,79.569,0.391,0.609,A,LSF,LSF,LSF,,Cc1ccncc1NC(=O)Cc2cccc(c2)O[C@@H]3CC(=O)N3,False,,Cc1ccncc1NC(=O)Cc1cccc(O[C@@H]2CC(=O)N2)c1,False
Mpro,7gcu,LT9,404,22,10,83.273,0.455,0.545,A,LT9,LT9,LT9,,Cc1ccncc1NC(=O)C2(CC(=O)C2)c3cccc(c3)Cl,False,,Cc1ccncc1NC(=O)C1(c2cccc(Cl)c2)CC(=O)C1,False
Mpro,7gcv,LUC,404,24,10,94.653,0.417,0.583,A,LUC,LUC,LUC,,Cc1ccncc1NC(=O)Cc2cc(cc(c2)Cl)O[C@@H]3CC(=O)N3,False,,Cc1ccncc1NC(=O)Cc1cc(Cl)cc(O[C@@H]2CC(=O)N2)c1,False
Mpro,7gcw,LV9,404,23,13,94.837,0.565,0.435,A,LV9,LV9,LV9,,c1ccc(cc1)CC2(CCOCC2)NC(=O)Nc3cccnc3,False,,O=C(Nc1cccnc1)NC1(Cc2ccccc2)CCOCC1,False
Mpro,7gcx,LVM,404,17,7,46.733,0.412,0.588,A,LVM,LVM,LVM,,Cc1ccncc1NC(=O)CC2CC3(C2)CC3,False,,Cc1ccncc1NC(=O)CC1CC2(CC2)C1,False
Mpro,7gcy,LW6,405,11,8,111.35,0.727,0.273,A,LW6,LW6,LW6,,c1cc(c2cc[nH]c2c1)C=O,False,,O=Cc1cccc2[nH]ccc12,False
Mpro,7gd0,M4L,405,20,10,85.574,0.5,0.5,A,M4L,M4L,M4L,,COc1ccncc1NC(=O)[C@H](c2cccc(c2)Br)O,False,,COc1ccncc1NC(=O)[C@@H](O)c1cccc(Br)c1,False
Mpro,7gd1,M2X,404,21,9,96.974,0.429,0.571,A,M2X,M2X,M2X,,Cc1ccncc1NC(=O)[C@@H](c2cc(ccc2OC)Br)N,False,,COc1ccc(Br)cc1[C@@H](N)C(=O)Nc1cnccc1C,False
Mpro,7gcz,LWO,404,27,12,94.858,0.444,0.556,A,LWO,LWO,LWO,,CNc1ccc(cc1)N(Cc2ccsc2)C(=O)Cn3c4ccccc4nn3,False,,CNc1ccc(N(Cc2ccsc2)C(=O)Cn2nnc3ccccc32)cc1,False
Mpro,7gd2,M26,404,26,12,143.766,0.462,0.538,A,M26,M26,M26,,COC[C@@H](c1cccc(c1)Br)NC(=O)C[C@H]2c3cc(ccc3NC2=O)F,False,,COC[C@H](NC(=O)C[C@@H]1C(=O)Nc2ccc(F)cc21)c1cccc(Br)c1,False
Mpro,7gd4,R30,405,30,15,126.787,0.5,0.5,A,R30,R30,R30,,CCC(=O)Nc1ccc(cc1)N(Cc2ccsc2)C(=O)Cn3c4ccccc4nn3,False,,CCC(=O)Nc1ccc(N(Cc2ccsc2)C(=O)Cn2nnc3ccccc32)cc1,False
Mpro,7gd3,Y6J,404,31,15,141.551,0.484,0.516,A,Y6J,Y6J,Y6J,,c1ccc2c(c1)nnn2CC(=O)N(Cc3ccsc3)c4ccc(cc4)NC(=O)C5CC5,False,,O=C(Nc1ccc(N(Cc2ccsc2)C(=O)Cn2nnc3ccccc32)cc1)C1CC1,False
Mpro,7gd5,M0X,405,28,15,110.715,0.536,0.464,A,M0X,M0X,M0X,,CN(C)c1ccc(cc1)N(Cc2ccsc2)C(=O)Cn3c4ccccc4nn3,False,,CN(C)c1ccc(N(Cc2ccsc2)C(=O)Cn2nnc3ccccc32)cc1,False
Mpro,7gd6,M0G,404,21,8,81.029,0.381,0.619,A,M0G,M0G,M0G,,CC[C@](c1cccc(c1)Cl)(C(=O)Nc2cnccc2C)O,False,,CC[C@@](O)(C(=O)Nc1cnccc1C)c1cccc(Cl)c1,False
Mpro,7gd8,KU6,405,22,8,93.695,0.364,0.636,A,KU6,KU6,KU6,,c1cc2c(cc1Cl)[C@@H](CCO2)C(=O)Nc3nncn3C4CC4,False,,O=C(Nc1nncn1C1CC1)[C@@H]1CCOc2ccc(Cl)cc21,False
Mpro,7gd7,LZX,404,23,7,65.721,0.304,0.696,A,LZX,LZX,LZX,,CS(=O)(=O)NCC[C@H](c1ccccc1)C(=O)Nc2cccnc2,False,,CS(=O)(=O)NCC[C@@H](C(=O)Nc1cccnc1)c1ccccc1,False
Mpro,7gd9,LXF,405,25,24,387.863,0.96,0.04,A,LXF,LXF,LXF,,CC(=O)Nc1nc2c(s1)cccc2S(=O)(=O)NCCc3ccccc3,False,,CC(=O)Nc1nc2c(S(=O)(=O)NCCc3ccccc3)cccc2s1,False
Mpro,7gdb,M9U,404,22,13,143.627,0.591,0.409,A,M9U,M9U,M9U,,c1cc2c(cc1Cl)[C@H](CCO2)C(=O)Nc3nncn3C4CC4,False,,O=C(Nc1nncn1C1CC1)[C@H]1CCOc2ccc(Cl)cc21,False
Mpro,7gda,MF0,403,19,7,64.483,0.368,0.632,A,MF0,MF0,MF0,,Cc1ccncc1NC(=O)[C@H](C)c2cc(cnc2)Cl,False,,Cc1ccncc1NC(=O)[C@H](C)c1cncc(Cl)c1,False
Mpro,7gdc,M93,403,22,8,70.551,0.364,0.636,A,M93,M93,M93,,c1cc2c(cc1Cl)[C@@H](CCO2)C(=O)Nc3cnccc3CO,False,,O=C(Nc1cnccc1CO)[C@@H]1CCOc2ccc(Cl)cc21,False
Mpro,7gdd,860,403,21,8,80.639,0.381,0.619,A,860,860,860,,c1ccc2c(c1)cncc2NC(=O)Cc3cccc(c3)Cl,False,,O=C(Cc1cccc(Cl)c1)Nc1cncc2ccccc12,False
Mpro,7gde,M7X,404,18,8,52.499,0.444,0.556,A,M7X,M7X,M7X,,Cc1cc(cnc1)NC(=O)Cc2cccc(c2)Cl,False,,Cc1cncc(NC(=O)Cc2cccc(Cl)c2)c1,False
Mpro,7gdh,M5X,405,15,7,64.127,0.467,0.533,A,M5X,M5X,M5X,,c1cc2c(cc1S(=O)(=O)N)[C@@H](C(=O)N2)O,False,,NS(=O)(=O)c1ccc2c(c1)[C@H](O)C(=O)N2,False
Mpro,7gdf,M6U,404,22,9,98.253,0.409,0.591,A,M6U,M6U,M6U,,CCc1ccncc1NC(=O)Cc2cccc(n2)C(F)(F)F,False,,CCc1ccncc1NC(=O)Cc1cccc(C(F)(F)F)n1,False
Mpro,7gdg,M6I,405,17,8,55.187,0.471,0.529,A,M6I,M6I,M6I,,c1cc(cc(c1)Cl)NC(=O)Nc2cccnc2,False,,O=C(Nc1cccnc1)Nc1cccc(Cl)c1,False
Mpro,7gdi,M5I,404,18,9,70.021,0.5,0.5,A,M5I,M5I,M5I,,Cc1ccncc1CC(=O)Nc2cccc(c2)Cl,False,,Cc1ccncc1CC(=O)Nc1cccc(Cl)c1,False
Mpro,7gdj,M50,404,18,7,67.355,0.389,0.611,A,M50,M50,M50,,Cc1cnncc1NC(=O)Cc2cccc(c2)Cl,False,,Cc1cnncc1NC(=O)Cc1cccc(Cl)c1,False
Mpro,7gdk,MJR,404,17,7,68.699,0.412,0.588,A,MJR,MJR,MJR,,Cc1c(c[nH]n1)NC(=O)Cc2cccc(c2)Cl,False,,Cc1n[nH]cc1NC(=O)Cc1cccc(Cl)c1,False
Mpro,7gdl,MKI,404,19,8,66.147,0.421,0.579,A,MKI,MKI,MKI,,Cc1ccncc1N(C)C(=O)Cc2cccc(c2)Cl,False,,Cc1ccncc1N(C)C(=O)Cc1cccc(Cl)c1,False
Mpro,7gdo,MVR,405,29,12,98.617,0.414,0.586,A,MVR,MVR,MVR,,Cn1ccc(n1)CN(c2ccc(cc2)c3ccccn3)C(=O)Cc4cccnc4,False,,Cn1ccc(CN(C(=O)Cc2cccnc2)c2ccc(-c3ccccn3)cc2)n1,False
Mpro,7gdm,MQ3,404,18,7,66.306,0.389,0.611,A,MQ3,MQ3,MQ3,,Cc1ccncc1NC(=O)[C@H](C)C2CCCCC2,False,,Cc1ccncc1NC(=O)[C@H](C)C1CCCCC1,False
Mpro,7gdn,MU3,405,21,10,90.621,0.476,0.524,A,MU3,MU3,MU3,,c1ccc2c(c1)[C@@H](CCO2)C(=O)Nc3nncn3C4CC4,False,,O=C(Nc1nncn1C1CC1)[C@@H]1CCOc2ccccc21,False
Mpro,7gdp,MVX,405,21,9,93.699,0.429,0.571,A,MVX,MVX,MVX,,c1cc2c(cc1Cl)[C@@H](CO2)C(=O)Nc3nncn3C4CC4,False,,O=C(Nc1nncn1C1CC1)[C@@H]1COc2ccc(Cl)cc21,False
Mpro,7gds,MZF,405,18,11,44.311,0.611,0.389,A,MZF,MZF,MZF,,c1cc2c(cc1Br)[C@H](C(=O)N2Cc3ncon3)O,False,,O=C1[C@H](O)c2cc(Br)ccc2N1Cc1ncon1,False
Mpro,7gdq,MWN,406,16,15,133.924,0.938,0.062,A,MWN,MWN,MWN,,COC(=O)c1cc(cc2c1NC(=O)[C@@H]2O)Br,False,,COC(=O)c1cc(Br)cc2c1NC(=O)[C@@H]2O,False
Mpro,7gdt,N00,406,20,15,267.684,0.75,0.25,A,N00,N00,N00,,Cc1c(ccc2c1[nH]c3c2cc(cc3)Cl)[C@@H](C)C(=O)O,False,,Cc1c([C@@H](C)C(=O)O)ccc2c1[nH]c1ccc(Cl)cc12,False
Mpro,7gdr,MX9,406,22,19,185.733,0.864,0.136,A,MX9,MX9,MX9,,Cc1cccc(c1)COC(=O)c2cccc3c2NC(=O)[C@@H]3O,False,,Cc1cccc(COC(=O)c2cccc3c2NC(=O)[C@@H]3O)c1,False
Mpro,7gdu,N0F,405,24,13,111.97,0.542,0.458,A,N0F,N0F,N0F,,Cc1ccncc1NC(=O)C[C@H](c2ccsc2)N3CCC(CC3)O,False,,Cc1ccncc1NC(=O)C[C@H](c1ccsc1)N1CCC(O)CC1,False
Mpro,7gdv,N0O,405,24,11,124.004,0.458,0.542,A,N0O,N0O,N0O,,c1ccc(cc1)n2cnnc2NC(=O)[C@@H]3COc4c3cc(cc4)Cl,False,,O=C(Nc1nncn1-c1ccccc1)[C@@H]1COc2ccc(Cl)cc21,False
Mpro,7gdw,N0X,405,22,10,98.525,0.455,0.545,A,N0X,N0X,N0X,,C[C@]1(CCOc2c1cccc2)C(=O)Nc3nncn3C4CC4,False,,C[C@@]1(C(=O)Nc2nncn2C2CC2)CCOc2ccccc21,False
Mpro,7gdx,N1U,405,24,14,101.151,0.583,0.417,A,N1U,N1U,N1U,,Cc1cc(cc2c1N(C(=O)[C@H]2O)Cc3ccc(c(c3)OC)OC)Br,False,,COc1ccc(CN2C(=O)[C@@H](O)c3cc(Br)cc(C)c32)cc1OC,False
Mpro,7gdy,N2X,405,22,12,82.221,0.545,0.455,A,N2X,N2X,N2X,,CCOc1ccccc1CN2c3ccc(cc3[C@@H](C2=O)O)Br,False,,CCOc1ccccc1CN1C(=O)[C@@H](O)c2cc(Br)ccc21,False
Mpro,7ge0,N3R,404,26,14,151.484,0.538,0.462,A,N3R,N3R,N3R,,COc1ccccc1OCCNC(=O)C2=CC(=O)Nc3c2c(ccc3)F,False,,COc1ccccc1OCCNC(=O)c1cc(=O)[nH]c2cccc(F)c12,False
Mpro,7gdz,N3I,404,20,11,116.345,0.55,0.45,A,N3I,N3I,N3I,,Cc1ccncc1NC(=O)Cc2cc(cc(c2)Cl)OC,False,,COc1cc(Cl)cc(CC(=O)Nc2cnccc2C)c1,False
Mpro,7ge2,N4L,404,26,14,156.021,0.538,0.462,A,N4L,N4L,N4L,,Cc1cccc2c1C(=CC(=O)N2)C(=O)NCCOc3ccccc3OC,False,,COc1ccccc1OCCNC(=O)c1cc(=O)[nH]c2cccc(C)c12,False
Mpro,7ge3,N5L,403,19,7,78.018,0.368,0.632,A,N5L,N5L,N5L,,Cc1c(cncc1NC(=O)Cc2cccc(c2)Cl)N,False,,Cc1c(N)cncc1NC(=O)Cc1cccc(Cl)c1,False
Mpro,7ge1,N43,404,27,15,170.376,0.556,0.444,A,N43,N43,N43,,COc1ccccc1OCCNC(=O)C2=CC(=O)Nc3c2c(ccc3)OC,False,,COc1ccccc1OCCNC(=O)c1cc(=O)[nH]c2cccc(OC)c12,False
Mpro,7ge4,N6X,405,20,7,72.094,0.35,0.65,A,N6X,N6X,N6X,,Cc1c(cncc1NC(=O)Cc2cccc(c2)C#N)N,False,,Cc1c(N)cncc1NC(=O)Cc1cccc(C#N)c1,False
Mpro,7ge7,N9I,404,21,12,81.575,0.571,0.429,A,N9I,N9I,N9I,,Cc1ccncc1CC(=O)Nc2cccc3c2CNCC3,False,,Cc1ccncc1CC(=O)Nc1cccc2c1CNCC2,False
Mpro,7ge6,N8X,405,18,11,81.051,0.611,0.389,A,N8X,N8X,N8X,,Cc1cc(cc(c1)CC(=O)Nc2nncn2C)C,False,,Cc1cc(C)cc(CC(=O)Nc2nncn2C)c1,False
Mpro,7ge5,N7L,404,15,6,60.975,0.4,0.6,A,N7L,N7L,N7L,,Cc1ccncc1NC(=O)[C@@H]2C[C@H]2CF,False,,Cc1ccncc1NC(=O)[C@@H]1C[C@H]1CF,False
Mpro,7ge8,NB0,404,26,15,135.594,0.577,0.423,A,NB0,NB0,NB0,,c1ccc2c(c1)C(=CC(=O)N2)C(=O)N3CCN(CC3)c4ccccc4F,False,,O=C(c1cc(=O)[nH]c2ccccc12)N1CCN(c2ccccc2F)CC1,False
Mpro,7gea,N6F,404,22,9,124.008,0.409,0.591,A,N6F,N6F,N6F,,C[C@@H](c1cccc(c1)Cl)C(=O)Nc2cnccc2NC(=O)C,False,,CC(=O)Nc1ccncc1NC(=O)[C@@H](C)c1cccc(Cl)c1,False
Mpro,7ge9,NB6,404,18,8,72.049,0.444,0.556,A,NB6,NB6,NB6,,Cc1ccncc1NC(=O)Cc2cccc(c2)Br,False,,Cc1ccncc1NC(=O)Cc1cccc(Br)c1,False
Mpro,7geb,NDI,404,20,7,63.46,0.35,0.65,A,NDI,NDI,NDI,,Cc1ccncc1NC(=O)CN2CCN(CC2)C(=O)C,False,,CC(=O)N1CCN(CC(=O)Nc2cnccc2C)CC1,False
Mpro,7gec,NEL,404,20,8,76.788,0.4,0.6,A,NEL,NEL,NEL,,c1cc(cc(c1)Cl)CC(=O)Nc2cccc3c2cn[nH]3,False,,O=C(Cc1cccc(Cl)c1)Nc1cccc2[nH]ncc12,False
Mpro,7ged,NGX,404,16,7,40.88,0.438,0.562,A,NGX,NGX,NGX,,c1cc(cc(c1)Cl)C[C@@H](Cn2cncn2)O,False,,O[C@@H](Cc1cccc(Cl)c1)Cn1cncn1,False
Mpro,7gef,NJE,403,17,7,49.399,0.412,0.588,A,NJE,NJE,NJE,,Cc1ccncc1NC(=O)CN2CCCCC2,False,,Cc1ccncc1NC(=O)CN1CCCCC1,False
Mpro,7gee,NIJ,404,19,7,61.489,0.368,0.632,A,NIJ,NIJ,NIJ,,Cc1ccncc1NC(=O)CCc2cccc(c2)F,False,,Cc1ccncc1NC(=O)CCc1cccc(F)c1,False
Mpro,7geg,NJU,404,21,10,95.952,0.476,0.524,A,NJU,NJU,NJU,,c1cc(cc(c1)Cl)CC(=O)Nc2cncc3c2CCCC3,False,,O=C(Cc1cccc(Cl)c1)Nc1cncc2c1CCCC2,False
Mpro,7gej,NO0,404,22,10,93.514,0.455,0.545,A,NO0,NO0,NO0,,C#Cc1cccc(c1)CC(=O)Nc2cncc3c2cccc3,False,,C#Cc1cccc(CC(=O)Nc2cncc3ccccc23)c1,False
Mpro,7gei,NM0,404,20,9,79.159,0.45,0.55,A,NM0,NM0,NM0,,c1ccn2c(c1)ncc2NC(=O)Cc3cccc(c3)Cl,False,,O=C(Cc1cccc(Cl)c1)Nc1cnc2ccccn12,False
Mpro,7geh,NKU,404,22,9,73.007,0.409,0.591,A,NKU,NKU,NKU,,CN(Cc1cccc(c1)Cl)C(=O)Cn2c3ccccc3nn2,False,,CN(Cc1cccc(Cl)c1)C(=O)Cn1nnc2ccccc21,False
Mpro,7gek,NOI,404,17,6,51.656,0.353,0.647,A,NOI,NOI,NOI,,Cn1cncc1NC(=O)Cc2cccc(c2)Cl,False,,Cn1cncc1NC(=O)Cc1cccc(Cl)c1,False
Mpro,7gel,NQ3,404,20,6,60.109,0.3,0.7,A,NQ3,NQ3,NQ3,,Cc1ccncc1N2C=CN(C2=O)c3cccc(c3)Cl,False,,Cc1ccncc1-n1ccn(-c2cccc(Cl)c2)c1=O,False
Mpro,7gem,NQO,404,18,8,56.122,0.444,0.556,A,NQO,NQO,NQO,,Cc1ccnnc1NC(=O)Cc2cccc(c2)Cl,False,,Cc1ccnnc1NC(=O)Cc1cccc(Cl)c1,False
Mpro,7gen,NRC,404,22,10,86.782,0.455,0.545,A,NRC,NRC,NRC,,Cc1ccncc1NC(=O)[C@@H](c2cccc(c2)Cl)C(=O)OC,False,,COC(=O)[C@@H](C(=O)Nc1cnccc1C)c1cccc(Cl)c1,False
Mpro,7ger,NU0,404,21,7,72.868,0.333,0.667,A,NU0,NU0,NU0,,c1cc(cc(c1)Cl)CC(=O)Nc2cncc3c2cncc3,False,,O=C(Cc1cccc(Cl)c1)Nc1cncc2ccncc12,False
Mpro,7geo,NRX,404,20,11,97.295,0.55,0.45,A,NRX,NRX,NRX,,c1ccn2cnc(c2c1)NC(=O)Cc3cccc(c3)Cl,False,,O=C(Cc1cccc(Cl)c1)Nc1ncn2ccccc12,False
Mpro,7geq,NSR,404,24,12,103.333,0.5,0.5,A,NSR,NSR,NSR,,c1ccc2c(c1)cncc2NC(=O)[C@@H]3CCOc4c3cc(cc4)Cl,False,,O=C(Nc1cncc2ccccc12)[C@@H]1CCOc2ccc(Cl)cc21,False
Mpro,7ges,NUR,404,22,9,90.164,0.409,0.591,A,NUR,NUR,NUR,,CN(c1cncc2c1cccc2)C(=O)Cc3cccc(c3)Cl,False,,CN(C(=O)Cc1cccc(Cl)c1)c1cncc2ccccc12,False
Mpro,7get,NV9,404,23,11,123.727,0.478,0.522,A,NV9,NV9,NV9,,c1ccc(cc1)c2ccncc2NC(=O)Cc3cccc(c3)Cl,False,,O=C(Cc1cccc(Cl)c1)Nc1cnccc1-c1ccccc1,False
Mpro,7gev,NW0,404,19,8,60.326,0.421,0.579,A,NW0,NW0,NW0,,Cc1ccncc1NC(=O)CCc2cccc(c2)Cl,False,,Cc1ccncc1NC(=O)CCc1cccc(Cl)c1,False
Mpro,7geu,NVO,404,21,11,94.744,0.524,0.476,A,NVO,NVO,NVO,,c1ccc2c(c1)cnnc2NC(=O)Cc3cccc(c3)Cl,False,,O=C(Cc1cccc(Cl)c1)Nc1nncc2ccccc12,False
Mpro,7gey,NYR,404,17,9,63.961,0.529,0.471,A,NYR,NYR,NYR,,Cc1c(c[nH]n1)CC(=O)Nc2cccc(c2)Cl,False,,Cc1n[nH]cc1CC(=O)Nc1cccc(Cl)c1,False
Mpro,7gex,NX9,404,16,6,42.017,0.375,0.625,A,NX9,NX9,NX9,,c1cc(cc(c1)Cl)CC(=O)Nc2c[nH]nc2,False,,O=C(Cc1cccc(Cl)c1)Nc1cn[nH]c1,False
Mpro,7gew,NWI,404,21,10,87.999,0.476,0.524,A,NWI,NWI,NWI,,c1cc(cc(c1)Cl)CC(=O)Nc2cncc3c2nccc3,False,,O=C(Cc1cccc(Cl)c1)Nc1cncc2cccnc12,False
Mpro,7gf1,O0R,404,20,9,83.19,0.45,0.55,A,O0R,O0R,O0R,,c1cc(cc(c1)Cl)CC(=O)Nc2cnccc2C3CC3,False,,O=C(Cc1cccc(Cl)c1)Nc1cnccc1C1CC1,False
Mpro,7gez,NZK,404,23,12,115.51,0.522,0.478,A,NZK,NZK,NZK,,CC(=O)N1CCN(CC1)CC(=O)Nc2cncc3c2cccc3,False,,CC(=O)N1CCN(CC(=O)Nc2cncc3ccccc23)CC1,False
Mpro,7gf3,O1I,404,20,6,65.448,0.3,0.7,A,O1I,O1I,O1I,,Cc1ccncc1NC(=O)[C@H](CO)c2cccc(c2)Cl,False,,Cc1ccncc1NC(=O)[C@H](CO)c1cccc(Cl)c1,False
Mpro,7gf0,O0C,404,21,10,90.596,0.476,0.524,A,O0C,O0C,O0C,,c1cc(cc(c1)Cl)CC(=O)Nc2cncc3c2ccnc3,False,,O=C(Cc1cccc(Cl)c1)Nc1cncc2cnccc12,False
Mpro,7gf2,O0X,404,21,9,74.487,0.429,0.571,A,O0X,O0X,O0X,,c1cc(cc(c1)Cl)CC(=O)Nc2cncc3c2cccn3,False,,O=C(Cc1cccc(Cl)c1)Nc1cncc2ncccc12,False
Mpro,7gf6,O3I,404,27,9,115.277,0.333,0.667,A,O3I,O3I,O3I,,Cc1ccc(c(c1F)F)c2cc(cc(c2)Cl)CC(=O)Nc3cnccc3C,False,,Cc1ccncc1NC(=O)Cc1cc(Cl)cc(-c2ccc(C)c(F)c2F)c1,False
Mpro,7gf4,O1X,404,16,6,76.77,0.375,0.625,A,O1X,O1X,O1X,,Cc1ccncc1NC(=O)[C@H](C)OC(F)F,False,,Cc1ccncc1NC(=O)[C@H](C)OC(F)F,False
Mpro,7gf5,O2R,404,23,11,110.149,0.478,0.522,A,O2R,O2R,O2R,,CCCCOc1ccc(cc1CC(=O)Nc2cnccc2C)Cl,False,,CCCCOc1ccc(Cl)cc1CC(=O)Nc1cnccc1C,False
Mpro,7gf8,O4L,404,24,11,151.871,0.458,0.542,A,O4L,O4L,O4L,,Cc1cc(c(n1NC(=O)C2=NNC(=O)c3c2cccc3)C)C(=O)C,False,,CC(=O)c1cc(C)n(NC(=O)c2n[nH]c(=O)c3ccccc23)c1C,False
Mpro,7gf7,O3U,404,21,13,126.084,0.619,0.381,A,O3U,O3U,O3U,,CC(=O)NC1=NC(=C(C2(C1C#N)CCCCC2)C#N)SC,False,,CSC1=C(C#N)C2(CCCCC2)C(C#N)C(NC(C)=O)=N1,False
Mpro,7gf9,O5C,404,22,10,89.465,0.455,0.545,A,O5C,O5C,O5C,,Cc1c(c2ccccn2c1C(=O)c3ccc(cc3)F)C(=O)C,False,,CC(=O)c1c(C)c(C(=O)c2ccc(F)cc2)n2ccccc12,False
Mpro,7gfa,Z26,404,23,10,114.457,0.435,0.565,A,Z26,Z26,Z26,,COc1ccc(cc1CC(=O)Nc2cncc3c2cccc3)Cl,False,,COc1ccc(Cl)cc1CC(=O)Nc1cncc2ccccc12,False
Mpro,7gfb,NSR,404,24,11,102.262,0.458,0.542,A,NSR,NSR,NSR,,c1ccc2c(c1)cncc2NC(=O)[C@@H]3CCOc4c3cc(cc4)Cl,False,,O=C(Nc1cncc2ccccc12)[C@@H]1CCOc2ccc(Cl)cc21,False
Mpro,7gfc,O87,404,29,15,131.345,0.517,0.483,A,O87,O87,O87,,c1ccc2c(c1)C(=CC(=O)N2)C(=O)N3CCN(CC3)c4cccc(c4)C(F)(F)F,False,,O=C(c1cc(=O)[nH]c2ccccc12)N1CCN(c2cccc(C(F)(F)F)c2)CC1,False
Mpro,7gfe,O9O,404,30,14,126.073,0.467,0.533,A,O9O,O9O,O9O,,COc1cccc(n1)Oc2cc(cc(c2)Cl)NC(=O)Cc3cncc4c3cccc4,False,,COc1cccc(Oc2cc(Cl)cc(NC(=O)Cc3cncc4ccccc34)c2)n1,False
Mpro,7gfd,O8L,404,25,9,100.466,0.36,0.64,A,O8L,O8L,O8L,,Cc1ccncc1NC(=O)[C@@H](C)c2cc(cc(c2)Cl)O[C@@H]3CC(=O)N3,False,,Cc1ccncc1NC(=O)[C@@H](C)c1cc(Cl)cc(O[C@@H]2CC(=O)N2)c1,False
Mpro,7gff,O9X,404,16,8,61.071,0.5,0.5,A,O9X,O9X,O9X,,Cc1ccncc1NC(=O)[C@@H](C)OC(F)F,False,,Cc1ccncc1NC(=O)[C@@H](C)OC(F)F,False
Mpro,7gfg,OAO,404,26,14,166.722,0.538,0.462,A,OAO,OAO,OAO,,Cc1ccncc1NC(=O)Cc2cc(cc(c2)Cl)OCc3nc(no3)C,False,,Cc1noc(COc2cc(Cl)cc(CC(=O)Nc3cnccc3C)c2)n1,False
Mpro,7gfh,OBO,404,20,8,69.131,0.4,0.6,A,OBO,OBO,OBO,,c1cc(cc(c1)Cl)CC(=O)Nc2cncc3c2[nH]cn3,False,,O=C(Cc1cccc(Cl)c1)Nc1cncc2nc[nH]c12,False
Mpro,7gfi,OCI,404,23,11,90.05,0.478,0.522,A,OCI,OCI,OCI,,Cc1ccncc1NC(=O)Cc2cc(cc(c2)Cl)NS(=O)(=O)N,False,,Cc1ccncc1NC(=O)Cc1cc(Cl)cc(NS(N)(=O)=O)c1,False
Mpro,7gfj,OD7,404,34,16,146.998,0.471,0.529,A,OD7,OD7,OD7,,COc1ccc2c(c1)n(nn2)CC(=O)N(Cc3ccccn3)c4ccc(cc4)C5CCNCC5,False,,COc1ccc2nnn(CC(=O)N(Cc3ccccn3)c3ccc(C4CCNCC4)cc3)c2c1,False
Mpro,7gfk,ODX,404,25,17,147.593,0.68,0.32,A,ODX,ODX,ODX,,Cc1ccncc1NC(=O)Cc2cc(cc(c2)Cl)N[C@H]3CCC[C@@H]3O,False,,Cc1ccncc1NC(=O)Cc1cc(Cl)cc(N[C@H]2CCC[C@@H]2O)c1,False
Mpro,7gfl,OE6,404,20,9,90.963,0.45,0.55,A,OE6,OE6,OE6,,c1ccc2c(c1)nnn2NC(=O)Cc3cccc(c3)Cl,False,,O=C(Cc1cccc(Cl)c1)Nn1nnc2ccccc21,False
Mpro,7gfm,OEO,404,29,14,105.521,0.483,0.517,A,OEO,OEO,OEO,,CN(C)c1ccc(cc1)N(Cc2ccsc2)C(=O)Cc3cncc4c3cccc4,False,,CN(C)c1ccc(N(Cc2ccsc2)C(=O)Cc2cncc3ccccc23)cc1,False
Mpro,7gfn,OFX,404,28,15,106.044,0.536,0.464,A,OFX,OFX,OFX,,CN(C)c1ccc(cc1)N(Cc2ccn[nH]2)C(=O)Cn3c4ccccc4nn3,False,,CN(C)c1ccc(N(Cc2ccn[nH]2)C(=O)Cn2nnc3ccccc32)cc1,False
Mpro,7gfo,OGF,404,30,11,124.604,0.367,0.633,A,OGF,OGF,OGF,,CNC(=O)Nc1ccc(cc1)N(Cc2ccsc2)C(=O)Cn3c4ccccc4nn3,False,,CNC(=O)Nc1ccc(N(Cc2ccsc2)C(=O)Cn2nnc3ccccc32)cc1,False
Mpro,7gfp,OHC,404,23,9,109.512,0.391,0.609,A,OHC,OHC,OHC,,Cc1ccncc1NC(=O)Cc2cc(cc(c2)Cl)CNC(=O)C,False,,CC(=O)NCc1cc(Cl)cc(CC(=O)Nc2cnccc2C)c1,False
Mpro,7gfq,OI4,404,21,8,80.503,0.381,0.619,A,OI4,OI4,OI4,,Cc1ccncc1NC(=O)[C@@H]2CCOc3c2cc(cc3)Cl,False,,Cc1ccncc1NC(=O)[C@@H]1CCOc2ccc(Cl)cc21,False
Mpro,7gfs,OIK,404,24,13,121.334,0.542,0.458,A,OIK,OIK,OIK,,c1ccc(cc1)N2CCN(CC2)C(=O)c3cncc4c3cccc4,False,,O=C(c1cncc2ccccc12)N1CCN(c2ccccc2)CC1,False
Mpro,7gfr,OIE,404,21,9,89.365,0.429,0.571,A,OIE,OIE,OIE,,c1ccc2c(c1)cncc2NC(=O)Cc3cc(ccn3)Cl,False,,O=C(Cc1cc(Cl)ccn1)Nc1cncc2ccccc12,False
Mpro,7gft,OIX,404,24,12,131.091,0.5,0.5,A,OIX,OIX,OIX,,COc1ccccc1OCCNC(=O)c2cncc3c2cccc3,False,,COc1ccccc1OCCNC(=O)c1cncc2ccccc12,False
Mpro,7gfu,OJ9,404,24,11,113.64,0.458,0.542,A,OJ9,OJ9,OJ9,,c1ccc2c(c1)cncc2NC(=O)Cc3cc(cc4c3occ4)Cl,False,,O=C(Cc1cc(Cl)cc2ccoc12)Nc1cncc2ccccc12,False
Mpro,7gfw,OK9,404,23,15,109.24,0.652,0.348,A,OK9,OK9,OK9,,c1cc(sc1)C(=O)N/C(=C\c2ccc(s2)N3CCOCC3)/C=O,False,,O=C/C(=C/c1ccc(N2CCOCC2)s1)NC(=O)c1cccs1,False
Mpro,7gfv,OJO,404,18,12,99.1,0.667,0.333,A,OJO,OJO,OJO,,CC(=O)N1CCN(CC1)Cc2cc(cc(c2)Cl)O,False,,CC(=O)N1CCN(Cc2cc(O)cc(Cl)c2)CC1,False
Mpro,7gfy,OLX,404,17,11,60.482,0.647,0.353,A,OLX,OLX,OLX,,CCc1ccc2c(c1)[C@H](C(=O)N2CC(=O)O)O,False,,CCc1ccc2c(c1)[C@@H](O)C(=O)N2CC(=O)O,False
Mpro,7gfx,OKW,404,20,8,83.761,0.4,0.6,A,OKW,OKW,OKW,,c1cc(cc(c1)Cl)CC(=O)Nc2cncc3c2CCC3,False,,O=C(Cc1cccc(Cl)c1)Nc1cncc2c1CCC2,False
Mpro,7gfz,ONU,405,52,23,253.414,0.442,0.558,A,ONU,ONU,ONU,,COc1ccccc1NC2CN(C2)C(=O)C3=CC(=O)Nc4c3cccc4,False,,COc1ccccc1NC1CN(C(=O)c2cc(=O)[nH]c3ccccc23)C1,False
Mpro,7gg0,OGV,404,20,9,71.685,0.45,0.55,A,OGV,OGV,OGV,,c1ccn2c(c1)nnc2NC(=O)Cc3cccc(c3)Cl,False,,O=C(Cc1cccc(Cl)c1)Nc1nnc2ccccn12,False
Mpro,7gg1,OGO,404,26,17,168.369,0.654,0.346,A,OGO,OGO,OGO,,COc1ccccc1OC2CN(C2)C(=O)C3=CC(=O)Nc4c3cccc4,False,,COc1ccccc1OC1CN(C(=O)c2cc(=O)[nH]c3ccccc23)C1,False
Mpro,7gg2,OO6,404,25,12,109.258,0.48,0.52,A,OO6,OO6,OO6,,C[C@@H]1COc2ccc(cc2[C@@H]1C(=O)Nc3cncc4c3cccc4)Cl,False,,C[C@@H]1COc2ccc(Cl)cc2[C@@H]1C(=O)Nc1cncc2ccccc12,False
Mpro,7gg4,OPU,404,24,11,107.483,0.458,0.542,A,OPU,OPU,OPU,,Cc1ccn2cnnc2c1NC(=O)[C@@H]3CCOc4c3cc(cc4)Cl,False,,Cc1ccn2cnnc2c1NC(=O)[C@@H]1CCOc2ccc(Cl)cc21,False
Mpro,7gg3,OOL,404,12,11,123.375,0.917,0.083,A,OOL,OOL,OOL,,[H]/N=C/c1nc(cc(n1)OC)OC,False,,[H]/N=C/c1nc(OC)cc(OC)n1,False
Mpro,7gg5,OQF,404,28,14,107.752,0.5,0.5,A,OQF,OQF,OQF,,CN(C)c1ccc(cc1)N(Cc2cscn2)C(=O)Cn3c4ccccc4nn3,False,,CN(C)c1ccc(N(Cc2cscn2)C(=O)Cn2nnc3ccccc32)cc1,False
Mpro,7gg6,OQL,404,24,10,103.013,0.417,0.583,A,OQL,OQL,OQL,,c1ccc2c(c1)cncc2NC(=O)[C@@H]3CCNc4c3cc(cc4)Cl,False,,O=C(Nc1cncc2ccccc12)[C@@H]1CCNc2ccc(Cl)cc21,False
Mpro,7gg7,OQX,404,29,14,91.84,0.483,0.517,A,OQX,OQX,OQX,,COc1ccc(cc1)N(Cc2cccc(c2)Cl)C(=O)Cn3c4ccccc4nn3,False,,COc1ccc(N(Cc2cccc(Cl)c2)C(=O)Cn2nnc3ccccc32)cc1,False
Mpro,7gg8,ORR,404,21,9,83.235,0.429,0.571,A,ORR,ORR,ORR,,c1cc(cc(c1)Cl)CC(=O)N2CCCc3c2cncc3N,False,,Nc1cncc2c1CCCN2C(=O)Cc1cccc(Cl)c1,False
Mpro,7gg9,SQ2,404,19,7,56.214,0.368,0.632,A,SQ2,SQ2,SQ2,,CC1CCN(CC1)C(=O)Cn2c3ccccc3nn2,False,,CC1CCN(C(=O)Cn2nnc3ccccc32)CC1,False
Mpro,7gga,OSI,404,25,12,102.653,0.48,0.52,A,OSI,OSI,OSI,,C[C@]1(CCOc2c1cc(cc2)Cl)C(=O)Nc3cncc4c3cccc4,False,,C[C@@]1(C(=O)Nc2cncc3ccccc23)CCOc2ccc(Cl)cc21,False
Mpro,7ggc,OTV,404,26,16,170.024,0.615,0.385,A,OTV,OTV,OTV,,Cc1ccncc1NC(=O)Cc2cc(cc(c2)Cl)N[C@H]3C[C@H]3C(F)(F)F,False,,Cc1ccncc1NC(=O)Cc1cc(Cl)cc(N[C@H]2C[C@H]2C(F)(F)F)c1,False
Mpro,7gge,OV4,404,29,15,106.728,0.517,0.483,A,OV4,OV4,OV4,,CN(C)c1ccc(cc1)N(Cc2ccccc2)C(=O)Cn3c4ccccc4nn3,False,,CN(C)c1ccc(N(Cc2ccccc2)C(=O)Cn2nnc3ccccc32)cc1,False
Mpro,7ggd,OUF,404,29,19,237.523,0.655,0.345,A,OUF,OUF,OUF,,CC(C)OCCCN(Cc1ccco1)C(=O)NC2=CN(C(=O)c3c2cccc3)C,False,,CC(C)OCCCN(Cc1ccco1)C(=O)Nc1cn(C)c(=O)c2ccccc12,False
Mpro,7ggf,OVF,404,30,15,109.489,0.5,0.5,A,OVF,OVF,OVF,,CN(C)c1ccc(cc1)N(Cc2cccc(c2)Cl)C(=O)Cn3c4ccccc4nn3,False,,CN(C)c1ccc(N(Cc2cccc(Cl)c2)C(=O)Cn2nnc3ccccc32)cc1,False
Mpro,7ggb,OT6,404,25,14,152.106,0.56,0.44,A,OT6,OT6,OT6,,Cc1ccncc1NC(=O)Cc2cc(cc(c2)Cl)NCC(C)(C)C#N,False,,Cc1ccncc1NC(=O)Cc1cc(Cl)cc(NCC(C)(C)C#N)c1,False
Mpro,7ggg,OVX,404,26,11,121.68,0.423,0.577,A,OVX,OVX,OVX,,c1ccc2c(c1)cncc2C(=O)N3CCN(C(=O)C3)c4cccc(c4)Cl,False,,O=C(c1cncc2ccccc12)N1CCN(c2cccc(Cl)c2)C(=O)C1,False
Mpro,7ggh,OWC,404,24,11,99.825,0.458,0.542,A,OWC,OWC,OWC,,c1ccc2c(c1)cncc2N3CCC[C@H](C3=O)c4cccc(c4)Cl,False,,O=C1[C@H](c2cccc(Cl)c2)CCCN1c1cncc2ccccc12,False
Mpro,7ggi,OWX,404,21,8,88.614,0.381,0.619,A,OWX,OWX,OWX,,c1cc(cc(c1)Cl)CC(=O)Nc2cncc3c2CCCN3,False,,O=C(Cc1cccc(Cl)c1)Nc1cncc2c1CCCN2,False
Mpro,7ggk,OYX,404,28,12,103.663,0.429,0.571,A,OYX,OYX,OYX,,c1ccc2c(c1)cncc2CC(=O)N(CCC3CCCCC3)Cc4cccs4,False,,O=C(Cc1cncc2ccccc12)N(CCC1CCCCC1)Cc1cccs1,False
Mpro,7ggl,OZC,404,24,10,108.278,0.417,0.583,A,OZC,OZC,OZC,,c1ccc2c(c1)cncc2N3CCC[C@H](C3=O)c4ccc(cc4)Cl,False,,O=C1[C@H](c2ccc(Cl)cc2)CCCN1c1cncc2ccccc12,False
Mpro,7ggj,OYF,404,24,11,96.063,0.458,0.542,A,OYF,OYF,OYF,,c1cc2c(cc1Cl)[C@@H](CCO2)C(=O)Nc3cncc4c3ccnc4,False,,O=C(Nc1cncc2cnccc12)[C@@H]1CCOc2ccc(Cl)cc21,False
Mpro,7ggn,P0X,404,27,12,143.848,0.444,0.556,A,P0X,P0X,P0X,,c1ccc2c(c1)C(=CC(=O)N2)C(=O)N3CCN(C(=O)C3)c4cccc(c4)Cl,False,,O=C(c1cc(=O)[nH]c2ccccc12)N1CCN(c2cccc(Cl)c2)C(=O)C1,False
Mpro,7ggo,P3L,404,21,10,94.788,0.476,0.524,A,P3L,P3L,P3L,,c1cc2c(cc1Cl)[C@@H](CCO2)C(=O)N[C@@H]3CCNC(=O)C3,False,,O=C1C[C@H](NC(=O)[C@@H]2CCOc3ccc(Cl)cc32)CCN1,False
Mpro,7ggm,OZX,404,21,8,99.825,0.381,0.619,A,OZX,OZX,OZX,,c1ccc2c(c1)cncc2NC(=O)Cc3cccc(n3)Cl,False,,O=C(Cc1cccc(Cl)n1)Nc1cncc2ccccc12,False
Mpro,7ggr,P6O,404,26,9,117.802,0.346,0.654,A,P6O,P6O,P6O,,c1ccc2c(c1)cncc2NC(=O)[C@@]3(CC(=O)Nc4c3cc(cc4)Cl)O,False,,O=C1C[C@@](O)(C(=O)Nc2cncc3ccccc23)c2cc(Cl)ccc2N1,False
Mpro,7ggq,OQL,404,24,11,110.373,0.458,0.542,A,OQL,OQL,OQL,,c1ccc2c(c1)cncc2NC(=O)[C@@H]3CCNc4c3cc(cc4)Cl,False,,O=C(Nc1cncc2ccccc12)[C@@H]1CCNc2ccc(Cl)cc21,False
Mpro,7ggp,P4R,404,27,11,110.72,0.407,0.593,A,P4R,P4R,P4R,,c1ccc2c(c1)cncc2N3C(=O)[C@@]4(CCOc5c4cc(cc5)Cl)NC3=O,False,,O=C1N[C@]2(CCOc3ccc(Cl)cc32)C(=O)N1c1cncc2ccccc12,False
Mpro,7ggt,P9O,404,24,12,100.209,0.5,0.5,A,P9O,P9O,P9O,,c1cc2c(cc1Cl)[C@@H](CCO2)C(=O)Nc3cncc4c3CNCC4,False,,O=C(Nc1cncc2c1CNCC2)[C@@H]1CCOc2ccc(Cl)cc21,False
Mpro,7ggs,P7R,404,25,11,111.487,0.44,0.56,A,P7R,P7R,P7R,,CN1c2c(cncc2NC(=O)[C@@H]3CCOc4c3cc(cc4)Cl)NC1=O,False,,Cn1c(=O)[nH]c2cncc(NC(=O)[C@@H]3CCOc4ccc(Cl)cc43)c21,False
Mpro,7ggu,PJ6,404,26,12,115.388,0.462,0.538,A,PJ6,PJ6,PJ6,,CO[C@]1(CCOc2c1cc(cc2)Cl)C(=O)Nc3cncc4c3cccc4,False,,CO[C@@]1(C(=O)Nc2cncc3ccccc23)CCOc2ccc(Cl)cc21,False
Mpro,7ggw,PKW,404,24,11,105.341,0.458,0.542,A,PKW,PKW,PKW,,Cn1cnc2c1c(cnc2)NC(=O)[C@@H]3CCOc4c3cc(cc4)Cl,False,,Cn1cnc2cncc(NC(=O)[C@@H]3CCOc4ccc(Cl)cc43)c21,False
Mpro,7ggv,PJX,404,25,10,116.754,0.4,0.6,A,PJX,PJX,PJX,,CN1CC[C@H](c2c1ccc(c2)Cl)C(=O)Nc3cncc4c3cccc4,False,,CN1CC[C@@H](C(=O)Nc2cncc3ccccc23)c2cc(Cl)ccc21,False
Mpro,7ggx,PQ6,404,26,10,108.777,0.385,0.615,A,PQ6,PQ6,PQ6,,c1ccc2c(c1)cncc2NC(=O)[C@@]3(CCOc4c3cc(cc4)Cl)CN,False,,NC[C@@]1(C(=O)Nc2cncc3ccccc23)CCOc2ccc(Cl)cc21,False
Mpro,7ggz,PVR,404,22,13,97.3,0.591,0.409,A,PVR,PVR,PVR,,CC(=O)N1CCN(CC1)CC(=O)Nc2cnccc2C3CC3,False,,CC(=O)N1CCN(CC(=O)Nc2cnccc2C2CC2)CC1,False
Mpro,7ggy,PUU,404,27,10,129.611,0.37,0.63,A,PUU,PUU,PUU,,CC(=O)N1CC[C@H](c2c1ccc(c2)Cl)C(=O)Nc3cncc4c3cccc4,False,,CC(=O)N1CC[C@@H](C(=O)Nc2cncc3ccccc23)c2cc(Cl)ccc21,False
Mpro,7gh0,PWR,404,25,13,128.948,0.52,0.48,A,PWR,PWR,PWR,,c1ccc2c(c1)c[n+](cc2NC(=O)[C@@H]3CCOc4c3cc(cc4)Cl)[O-],False,,O=C(Nc1c[n+]([O-])cc2ccccc12)[C@@H]1CCOc2ccc(Cl)cc21,False
Mpro,7gh3,Q1C,404,18,9,64.712,0.5,0.5,A,Q1C,Q1C,Q1C,,Cc1ccncc1NC(=O)CN2CCC(CC2)C,False,,Cc1ccncc1NC(=O)CN1CCC(C)CC1,False
Mpro,7gh2,Q0I,404,28,13,113.345,0.464,0.536,A,Q0I,Q0I,Q0I,,CCC(=O)N(c1cncc2c1cccc2)C(=O)[C@@H]3CCOc4c3cc(cc4)Cl,False,,CCC(=O)N(C(=O)[C@@H]1CCOc2ccc(Cl)cc21)c1cncc2ccccc12,False
Mpro,7gh1,PZ6,404,26,14,156.413,0.538,0.462,A,PZ6,PZ6,PZ6,,c1ccc2c(c1)cncc2NC(=O)[C@]3(CCOc4c3cc(cc4)Cl)CN,False,,NC[C@]1(C(=O)Nc2cncc3ccccc23)CCOc2ccc(Cl)cc21,False
Mpro,7gh5,Q2G,1001,18,9,59.948,0.5,0.5,A,Q2G,Q2G,Q2G,,Cc1ccncc1NC(=O)Nc2cccc(c2)Cl,False,,Cc1ccncc1NC(=O)Nc1cccc(Cl)c1,False
Mpro,7gh4,Q1U,404,23,12,128.245,0.522,0.478,A,Q1U,Q1U,Q1U,,COc1ccc2cncc(c2c1)NC(=O)Cc3cccc(c3)Cl,False,,COc1ccc2cncc(NC(=O)Cc3cccc(Cl)c3)c2c1,False
Mpro,7gh6,Q2U,1001,25,13,148.955,0.52,0.48,A,Q2U,Q2U,Q2U,,COc1ccccc1OCCNC(=O)C2=CC(=O)Nc3c2cccc3,False,,COc1ccccc1OCCNC(=O)c1cc(=O)[nH]c2ccccc12,False
Mpro,7gh7,Q36,1001,20,7,66.147,0.35,0.65,A,Q36,Q36,Q36,,Cc1ccncc1NC(=O)[C@H](C)c2cccc(c2)C#N,False,,Cc1ccncc1NC(=O)[C@H](C)c1cccc(C#N)c1,False
Mpro,7gha,Q4F,1001,18,9,84.398,0.5,0.5,A,Q4F,Q4F,Q4F,,CC(=O)N1C[C@@H]2C[C@H]1CN2Cc3cccc(c3)Cl,False,,CC(=O)N1C[C@@H]2C[C@H]1CN2Cc1cccc(Cl)c1,False
Mpro,7gh8,Q3U,1001,18,9,73.186,0.5,0.5,A,Q3U,Q3U,Q3U,,c1cc(cc(c1)Cl)NC(=O)Nc2cc(cnc2)N,False,,Nc1cncc(NC(=O)Nc2cccc(Cl)c2)c1,False
Mpro,7gh9,Q45,1001,23,12,88.718,0.522,0.478,A,Q45,Q45,Q45,,CS(=O)(=O)NCC[C@@H]1CCCCN1CC(=O)Nc2cccnc2,False,,CS(=O)(=O)NCC[C@@H]1CCCCN1CC(=O)Nc1cccnc1,False
Mpro,7ghb,Q4R,1001,26,9,71.799,0.346,0.654,A,Q4R,Q4R,Q4R,,Cc1ccncc1NC(=O)CN(C)S(=O)(=O)c2cccc3c2nccc3,False,,Cc1ccncc1NC(=O)CN(C)S(=O)(=O)c1cccc2cccnc12,False
Mpro,7jp0,VJA,401,36,11,166.076,0.306,0.694,A,VJA,VJA,VJA,,CC(C)C[C@@H](C(=O)N[C@H](C[C@@H]1CCNC1=O)CO)NC(=O)[C@H](C(C)C)NC(=O)OCc2ccccc2,False,,CC(C)C[C@H](NC(=O)[C@@H](NC(=O)OCc1ccccc1)C(C)C)C(=O)N[C@@H](CO)C[C@@H]1CCNC1=O,False
Mpro,7mat,H37,401,65,35,207.593,0.538,0.462,A,H37,H37,H37,,[H]/N=C(\N)/NCCC[C@@H](C(=O)CCl)NC(=O)[C@H](Cc1ccccc1)NC(=O)[C@@H](Cc2ccccc2)N,False,,[H]/N=C(\N)NCCC[C@H](NC(=O)[C@H](Cc1ccccc1)NC(=O)[C@H](N)Cc1ccccc1)C(=O)CCl,False
Mpro,7k6d,SV6,402,49,20,239.916,0.408,0.592,A,SV6,SV6,SV6,,CCC[C@@H]([C@H](C(=O)NC1CC1)O)NC(=O)[C@@H]2[C@H]3CCC[C@H]3CN2C(=O)[C@H](C(C)(C)C)NC(=O)[C@H](C4CCCCC4)NC(=O)c5cnccn5,False,,CCC[C@H](NC(=O)[C@@H]1[C@H]2CCC[C@H]2CN1C(=O)[C@@H](NC(=O)[C@@H](NC(=O)c1cnccn1)C1CCCCC1)C(C)(C)C)[C@@H](O)C(=O)NC1CC1,False
Mpro,7k6e,SV6,402,49,20,250.785,0.408,0.592,A,SV6,SV6,SV6,,CCC[C@@H]([C@H](C(=O)NC1CC1)O)NC(=O)[C@@H]2[C@H]3CCC[C@H]3CN2C(=O)[C@H](C(C)(C)C)NC(=O)[C@H](C4CCCCC4)NC(=O)c5cnccn5,False,,CCC[C@H](NC(=O)[C@@H]1[C@H]2CCC[C@H]2CN1C(=O)[C@@H](NC(=O)[C@@H](NC(=O)c1cnccn1)C1CCCCC1)C(C)(C)C)[C@@H](O)C(=O)NC1CC1,False
Mpro,7mau,DIO,501,14,6,42.015,0.429,0.571,B,DIO,DIO,DIO,,C1COCCO1,False,,C1COCCO1,False
Mpro,7mau,YVP,503,79,36,301.063,0.456,0.544,A,YVP,YVP,YVP,,[H]/N=C(/N)\NCCC[C@@H](C(=O)C)NC(=O)[C@H](Cc1ccccc1)NC(=O)[C@@H](Cc2ccccc2)NC(=O)CCOCC#C,False,,[H]/N=C(/N)NCCC[C@H](NC(=O)[C@H](Cc1ccccc1)NC(=O)[C@@H](Cc1ccccc1)NC(=O)CCOCC#C)C(C)=O,False
Mpro,7mau,YVP,403,79,32,293.178,0.405,0.595,B,YVP,YVP,YVP,,[H]/N=C(/N)\NCCC[C@@H](C(=O)C)NC(=O)[C@H](Cc1ccccc1)NC(=O)[C@@H](Cc2ccccc2)NC(=O)CCOCC#C,False,,[H]/N=C(/N)NCCC[C@H](NC(=O)[C@H](Cc1ccccc1)NC(=O)[C@@H](Cc1ccccc1)NC(=O)CCOCC#C)C(C)=O,False
Mpro,7mat,H37,402,65,28,191.418,0.431,0.569,B,H37,H37,H37,,[H]/N=C(\N)/NCCC[C@@H](C(=O)CCl)NC(=O)[C@H](Cc1ccccc1)NC(=O)[C@@H](Cc2ccccc2)N,False,,[H]/N=C(\N)NCCC[C@H](NC(=O)[C@H](Cc1ccccc1)NC(=O)[C@H](N)Cc1ccccc1)C(=O)CCl,False
Mpro,7mav,YVY,401,78,40,343.326,0.513,0.487,A,YVY,YVY,YVY,,CC(=O)[C@H](CCCNC(=O)N)NC(=O)[C@H](Cc1ccccc1)NC(=O)[C@@H](Cc2ccccc2)NC(=O)CCOCC#C,False,,C#CCOCCC(=O)N[C@H](Cc1ccccc1)C(=O)N[C@@H](Cc1ccccc1)C(=O)N[C@@H](CCCNC(N)=O)C(C)=O,False
Mpro,7mav,YVY,401,78,38,327.325,0.487,0.513,B,YVY,YVY,YVY,,CC(=O)[C@H](CCCNC(=O)N)NC(=O)[C@H](Cc1ccccc1)NC(=O)[C@@H](Cc2ccccc2)NC(=O)CCOCC#C,False,,C#CCOCCC(=O)N[C@H](Cc1ccccc1)C(=O)N[C@@H](Cc1ccccc1)C(=O)N[C@@H](CCCNC(N)=O)C(C)=O,False
Mpro,7maw,YVA,401,70,24,190.116,0.343,0.657,A,YVA,YVA,YVA,,CCOC(=O)CC[C@H](C[C@@H]1CCNC1=O)NC(=O)[C@H](CC2CC2)NC(=O)/C=C/c3ccc(cc3)C#C,False,,C#Cc1ccc(/C=C/C(=O)N[C@@H](CC2CC2)C(=O)N[C@H](CCC(=O)OCC)C[C@@H]2CCNC2=O)cc1,False
Mpro,7max,YV7,401,75,28,165.076,0.373,0.627,A,YV7,YV7,YV7,,CCOC(=O)CC[C@H](C[C@@H]1CCNC1=O)NC(=O)[C@H](Cc2ccc(cc2)F)NC(=O)[C@@H](Cc3ccccc3)N,False,,CCOC(=O)CC[C@H](C[C@@H]1CCNC1=O)NC(=O)[C@H](Cc1ccc(F)cc1)NC(=O)[C@H](N)Cc1ccccc1,False
Mpro,7max,YV7,401,75,28,153.228,0.373,0.627,B,YV7,YV7,YV7,,CCOC(=O)CC[C@H](C[C@@H]1CCNC1=O)NC(=O)[C@H](Cc2ccc(cc2)F)NC(=O)[C@@H](Cc3ccccc3)N,False,,CCOC(=O)CC[C@H](C[C@@H]1CCNC1=O)NC(=O)[C@H](Cc1ccc(F)cc1)NC(=O)[C@H](N)Cc1ccccc1,False
Mpro,7maw,YVA,401,70,25,195.219,0.357,0.643,B,YVA,YVA,YVA,,CCOC(=O)CC[C@H](C[C@@H]1CCNC1=O)NC(=O)[C@H](CC2CC2)NC(=O)/C=C/c3ccc(cc3)C#C,False,,C#Cc1ccc(/C=C/C(=O)N[C@@H](CC2CC2)C(=O)N[C@H](CCC(=O)OCC)C[C@@H]2CCNC2=O)cc1,False
Mpro,7maz,YVD,401,75,27,152.67,0.36,0.64,A,YVD,YVD,YVD,,CCOC(=O)CC[C@H](C[C@@H]1CCNC1=O)NC(=O)[C@H](Cc2ccc(cc2)F)NC(=O)[C@@H](Cc3ccc(cc3)F)N,False,,CCOC(=O)CC[C@H](C[C@@H]1CCNC1=O)NC(=O)[C@H](Cc1ccc(F)cc1)NC(=O)[C@H](N)Cc1ccc(F)cc1,False
Mpro,7maz,YVD,401,75,25,167.258,0.333,0.667,B,YVD,YVD,YVD,,CCOC(=O)CC[C@H](C[C@@H]1CCNC1=O)NC(=O)[C@H](Cc2ccc(cc2)F)NC(=O)[C@@H](Cc3ccc(cc3)F)N,False,,CCOC(=O)CC[C@H](C[C@@H]1CCNC1=O)NC(=O)[C@H](Cc1ccc(F)cc1)NC(=O)[C@H](N)Cc1ccc(F)cc1,False
Mpro,7mb0,YVG,401,74,23,146.135,0.311,0.689,A,YVG,YVG,YVG,,CCOC(=O)CC[C@H](C[C@@H]1CCNC1=O)NC(=O)[C@H](Cc2ccccc2)NC(=O)[C@@H](Cc3ccccc3)N,False,,CCOC(=O)CC[C@H](C[C@@H]1CCNC1=O)NC(=O)[C@H](Cc1ccccc1)NC(=O)[C@H](N)Cc1ccccc1,False
Mpro,7mb0,YVG,401,74,22,147.523,0.297,0.703,B,YVG,YVG,YVG,,CCOC(=O)CC[C@H](C[C@@H]1CCNC1=O)NC(=O)[C@H](Cc2ccccc2)NC(=O)[C@@H](Cc3ccccc3)N,False,,CCOC(=O)CC[C@H](C[C@@H]1CCNC1=O)NC(=O)[C@H](Cc1ccccc1)NC(=O)[C@H](N)Cc1ccccc1,False
Mpro,7mb1,YVJ,401,75,25,156.474,0.333,0.667,A,YVJ,YVJ,YVJ,,CCOC(=O)CC[C@H](C[C@@H]1CCNC1=O)NC(=O)[C@H](Cc2ccccc2)NC(=O)[C@@H](Cc3ccc(cc3)F)N,False,,CCOC(=O)CC[C@H](C[C@@H]1CCNC1=O)NC(=O)[C@H](Cc1ccccc1)NC(=O)[C@H](N)Cc1ccc(F)cc1,False
Mpro,7mb1,YVJ,401,75,23,148.239,0.307,0.693,B,YVJ,YVJ,YVJ,,CCOC(=O)CC[C@H](C[C@@H]1CCNC1=O)NC(=O)[C@H](Cc2ccccc2)NC(=O)[C@@H](Cc3ccc(cc3)F)N,False,,CCOC(=O)CC[C@H](C[C@@H]1CCNC1=O)NC(=O)[C@H](Cc1ccccc1)NC(=O)[C@H](N)Cc1ccc(F)cc1,False
Mpro,7mb3,YVV,401,89,31,277.695,0.348,0.652,A,YVV,YVV,YVV,,CCOC(=O)CC[C@H](C[C@@H]1CCNC1=O)NC(=O)[C@H](Cc2ccccc2)NC(=O)[C@@H](Cc3ccccc3)NC(=O)CCOCC#C,False,,C#CCOCCC(=O)N[C@H](Cc1ccccc1)C(=O)N[C@@H](Cc1ccccc1)C(=O)N[C@H](CCC(=O)OCC)C[C@@H]1CCNC1=O,False
Mpro,7mb2,YVM,401,89,32,218.215,0.36,0.64,A,YVM,YVM,YVM,,CCOC(=O)CC[C@H](C[C@@H]1CCNC1=O)NC(=O)[C@H](Cc2ccccc2)NC(=O)[C@@H](Cc3ccc(cc3)F)NC(=O)CCOCC#C,False,,C#CCOCCC(=O)N[C@H](Cc1ccc(F)cc1)C(=O)N[C@@H](Cc1ccccc1)C(=O)N[C@H](CCC(=O)OCC)C[C@@H]1CCNC1=O,False
Mpro,7mb3,YVV,401,89,30,242.038,0.337,0.663,B,YVV,YVV,YVV,,CCOC(=O)CC[C@H](C[C@@H]1CCNC1=O)NC(=O)[C@H](Cc2ccccc2)NC(=O)[C@@H](Cc3ccccc3)NC(=O)CCOCC#C,False,,C#CCOCCC(=O)N[C@H](Cc1ccccc1)C(=O)N[C@@H](Cc1ccccc1)C(=O)N[C@H](CCC(=O)OCC)C[C@@H]1CCNC1=O,False
Mpro,7mb2,YVM,401,89,29,226.321,0.326,0.674,B,YVM,YVM,YVM,,CCOC(=O)CC[C@H](C[C@@H]1CCNC1=O)NC(=O)[C@H](Cc2ccccc2)NC(=O)[C@@H](Cc3ccc(cc3)F)NC(=O)CCOCC#C,False,,C#CCOCCC(=O)N[C@H](Cc1ccc(F)cc1)C(=O)N[C@@H](Cc1ccccc1)C(=O)N[C@H](CCC(=O)OCC)C[C@@H]1CCNC1=O,False
Mpro,7mb3,YVV,401,89,30,234.099,0.337,0.663,C,YVV,YVV,YVV,,CCOC(=O)CC[C@H](C[C@@H]1CCNC1=O)NC(=O)[C@H](Cc2ccccc2)NC(=O)[C@@H](Cc3ccccc3)NC(=O)CCOCC#C,False,,C#CCOCCC(=O)N[C@H](Cc1ccccc1)C(=O)N[C@@H](Cc1ccccc1)C(=O)N[C@H](CCC(=O)OCC)C[C@@H]1CCNC1=O,False
Mpro,7mb3,YVV,401,89,32,253.543,0.36,0.64,D,YVV,YVV,YVV,,CCOC(=O)CC[C@H](C[C@@H]1CCNC1=O)NC(=O)[C@H](Cc2ccccc2)NC(=O)[C@@H](Cc3ccccc3)NC(=O)CCOCC#C,False,,C#CCOCCC(=O)N[C@H](Cc1ccccc1)C(=O)N[C@@H](Cc1ccccc1)C(=O)N[C@H](CCC(=O)OCC)C[C@@H]1CCNC1=O,False
Mpro,7mng,ZL7,401,36,19,206.713,0.528,0.472,A,ZL7,ZL7,ZL7,,CC[C@@H]([C@H](C(=O)NC1CC1)O)NC(=O)[C@H](CS(=O)(=O)CC2CC2)N[C@@H](c3ccc(cc3)F)C(F)(F)F,False,,CC[C@H](NC(=O)[C@H](CS(=O)(=O)CC1CC1)N[C@@H](c1ccc(F)cc1)C(F)(F)F)[C@@H](O)C(=O)NC1CC1,False
Mpro,7nbr,U5G,401,37,15,158.617,0.405,0.595,A,U5G,U5G,U5G,,CC1([C@@H]2[C@H]1[C@H](N(C2)C(=O)[C@H](C(C)(C)C)NC(=O)NC(C)(C)C)C(=O)N[C@@H](CC3CCC3)[C@H](C(=O)N)O)C,False,,CC(C)(C)NC(=O)N[C@H](C(=O)N1C[C@H]2[C@@H]([C@H]1C(=O)N[C@@H](CC1CCC1)[C@@H](O)C(N)=O)C2(C)C)C(C)(C)C,False
Mpro,7mb3,YVV,401,89,30,278.82,0.337,0.663,E,YVV,YVV,YVV,,CCOC(=O)CC[C@H](C[C@@H]1CCNC1=O)NC(=O)[C@H](Cc2ccccc2)NC(=O)[C@@H](Cc3ccccc3)NC(=O)CCOCC#C,False,,C#CCOCCC(=O)N[C@H](Cc1ccccc1)C(=O)N[C@@H](Cc1ccccc1)C(=O)N[C@H](CCC(=O)OCC)C[C@@H]1CCNC1=O,False
Mpro,7mb3,YVV,401,89,36,255.979,0.404,0.596,F,YVV,YVV,YVV,,CCOC(=O)CC[C@H](C[C@@H]1CCNC1=O)NC(=O)[C@H](Cc2ccccc2)NC(=O)[C@@H](Cc3ccccc3)NC(=O)CCOCC#C,False,,C#CCOCCC(=O)N[C@H](Cc1ccccc1)C(=O)N[C@@H](Cc1ccccc1)C(=O)N[C@H](CCC(=O)OCC)C[C@@H]1CCNC1=O,False
Mpro,7nby,U88,406,36,24,271.173,0.667,0.333,A,U88,U88,U88,,c1c(scn1)N(=O)=O,False,,O=[N+]([O-])c1cncs1,False
Mpro,7nbs,SV6,402,49,21,234.449,0.429,0.571,A,SV6,SV6,SV6,,CCC[C@@H]([C@H](C(=O)NC1CC1)O)NC(=O)[C@@H]2[C@H]3CCC[C@H]3CN2C(=O)[C@H](C(C)(C)C)NC(=O)[C@H](C4CCCCC4)NC(=O)c5cnccn5,False,,CCC[C@H](NC(=O)[C@@H]1[C@H]2CCC[C@H]2CN1C(=O)[C@@H](NC(=O)[C@@H](NC(=O)c1cnccn1)C1CCCCC1)C(C)(C)C)[C@@H](O)C(=O)NC1CC1,False
Mpro,7nf5,ALD,401,76,22,196.0,0.289,0.711,A,ALD,ALD,ALD,,CC(C)C[C@@H](CO)NC(=O)[C@H](CC(C)C)NC(=O)[C@H](CC(C)C)NC(=O)OCc1ccccc1,False,,CC(C)C[C@@H](CO)NC(=O)[C@H](CC(C)C)NC(=O)[C@H](CC(C)C)NC(=O)OCc1ccccc1,False
Mpro,7nby,U88,406,36,24,239.917,0.667,0.333,B,U88,U88,U88,,c1c(scn1)N(=O)=O,False,,O=[N+]([O-])c1cncs1,False
Mpro,7ng3,ALD,402,76,23,207.988,0.303,0.697,A,ALD,ALD,ALD,,CC(C)C[C@@H](CO)NC(=O)[C@H](CC(C)C)NC(=O)[C@H](CC(C)C)NC(=O)OCc1ccccc1,False,,CC(C)C[C@@H](CO)NC(=O)[C@H](CC(C)C)NC(=O)[C@H](CC(C)C)NC(=O)OCc1ccccc1,False
Mpro,7ng3,ALD,401,76,24,201.938,0.316,0.684,B,ALD,ALD,ALD,,CC(C)C[C@@H](CO)NC(=O)[C@H](CC(C)C)NC(=O)[C@H](CC(C)C)NC(=O)OCc1ccccc1,False,,CC(C)C[C@@H](CO)NC(=O)[C@H](CC(C)C)NC(=O)[C@H](CC(C)C)NC(=O)OCc1ccccc1,False
Mpro,7ng6,ALD,401,76,26,211.013,0.342,0.658,A,ALD,ALD,ALD,,CC(C)C[C@@H](CO)NC(=O)[C@H](CC(C)C)NC(=O)[C@H](CC(C)C)NC(=O)OCc1ccccc1,False,,CC(C)C[C@@H](CO)NC(=O)[C@H](CC(C)C)NC(=O)[C@H](CC(C)C)NC(=O)OCc1ccccc1,False
Mpro,7ng6,ALD,701,76,23,211.611,0.303,0.697,B,ALD,ALD,ALD,,CC(C)C[C@@H](CO)NC(=O)[C@H](CC(C)C)NC(=O)[C@H](CC(C)C)NC(=O)OCc1ccccc1,False,,CC(C)C[C@@H](CO)NC(=O)[C@H](CC(C)C)NC(=O)[C@H](CC(C)C)NC(=O)OCc1ccccc1,False
Mpro,7q5e,90I,401,74,23,194.985,0.311,0.689,A,90I,90I,90I,,c1ccc(cc1)CCNC(=O)[C@@H]([C@H](C[C@@H]2CCNC2=O)NC(=O)[C@@H]3CCCN3C(=O)OCc4ccccc4)O,False,,O=C1NCC[C@H]1C[C@H](NC(=O)[C@@H]1CCCN1C(=O)OCc1ccccc1)[C@@H](O)C(=O)NCCc1ccccc1,False
Mpro,7q5e,90I,401,74,23,153.659,0.311,0.689,B,90I,90I,90I,,c1ccc(cc1)CCNC(=O)[C@@H]([C@H](C[C@@H]2CCNC2=O)NC(=O)[C@@H]3CCCN3C(=O)OCc4ccccc4)O,False,,O=C1NCC[C@H]1C[C@H](NC(=O)[C@@H]1CCCN1C(=O)OCc1ccccc1)[C@@H](O)C(=O)NCCc1ccccc1,False
Mpro,7rc1,4IO,401,32,11,63.83,0.344,0.656,A,4IO,4IO,4IO,,c1cc(cc(c1)S(=O)(=O)n2ccc3c2ccc(c3)C(=O)Oc4cc(cnc4)Cl)[N+](=O)[O-],False,,O=C(Oc1cncc(Cl)c1)c1ccc2c(ccn2S(=O)(=O)c2cccc([N+](=O)[O-])c2)c1,False
Mpro,7q5f,90X,401,74,29,209.691,0.392,0.608,A,90X,90X,90X,,c1ccc(cc1)CCNC(=O)[C@@H]([C@H](C[C@@H]2CCNC2=O)NC(=O)[C@@H]3CCCN3C(=O)COc4ccc(cc4Cl)Cl)O,False,,O=C1NCC[C@H]1C[C@H](NC(=O)[C@@H]1CCCN1C(=O)COc1ccc(Cl)cc1Cl)[C@@H](O)C(=O)NCCc1ccccc1,False
Mpro,7q5f,90X,401,74,30,199.698,0.405,0.595,B,90X,90X,90X,,c1ccc(cc1)CCNC(=O)[C@@H]([C@H](C[C@@H]2CCNC2=O)NC(=O)[C@@H]3CCCN3C(=O)COc4ccc(cc4Cl)Cl)O,False,,O=C1NCC[C@H]1C[C@H](NC(=O)[C@@H]1CCCN1C(=O)COc1ccc(Cl)cc1Cl)[C@@H](O)C(=O)NCCc1ccccc1,False
Mpro,7set,I70,401,39,13,153.695,0.333,0.667,A,I70,I70,I70,,CC1([C@@H]2[C@H]1[C@H](N(C2)C(=O)[C@H](C(C)(C)C)NC(=O)NC(C)(C)C)C(=O)N[C@@H](C[C@@H]3CCNC3=O)[C@H](C(=O)N)O)C,False,,CC(C)(C)NC(=O)N[C@H](C(=O)N1C[C@H]2[C@@H]([C@H]1C(=O)N[C@@H](C[C@@H]1CCNC1=O)[C@@H](O)C(N)=O)C2(C)C)C(C)(C)C,False
Mpro,7sf1,8ZI,401,39,12,146.128,0.308,0.692,A,8ZI,8ZI,8ZI,,CC1([C@@H]2[C@H]1[C@H](N(C2)C(=O)[C@H](C(C)(C)C)NC(=O)CC(C)(C)C)C(=O)N[C@@H](C[C@@H]3CCNC3=O)[C@H](C(=O)N)O)C,False,,CC(C)(C)CC(=O)N[C@H](C(=O)N1C[C@H]2[C@@H]([C@H]1C(=O)N[C@@H](C[C@@H]1CCNC1=O)[C@@H](O)C(N)=O)C2(C)C)C(C)(C)C,False
Mpro,7sfb,90U,401,34,13,124.369,0.382,0.618,A,90U,90U,90U,,CC1([C@@H]2[C@H]1[C@H](N(C2)C(=O)OCc3ccccc3)C(=O)N[C@@H](C[C@@H]4CCNC4=O)[C@H](C(=O)N)O)C,False,,CC1(C)[C@@H]2[C@@H](C(=O)N[C@@H](C[C@@H]3CCNC3=O)[C@@H](O)C(N)=O)N(C(=O)OCc3ccccc3)C[C@@H]21,False
Mpro,7sfi,91Z,401,37,19,179.615,0.514,0.486,A,91Z,91Z,91Z,,CC1([C@@H]2[C@H]1[C@H](N(C2)C(=O)CNc3c(cc(cc3F)F)F)C(=O)N[C@@H](C[C@@H]4CCNC4=O)[C@H](C(=O)N)O)C,False,,CC1(C)[C@@H]2[C@@H](C(=O)N[C@@H](C[C@@H]3CCNC3=O)[C@@H](O)C(N)=O)N(C(=O)CNc3c(F)cc(F)cc3F)C[C@@H]21,False
Mpro,7sf3,90H,401,39,11,136.075,0.282,0.718,A,90H,90H,90H,,CC1([C@@H]2[C@H]1[C@H](N(C2)C(=O)[C@H](C(C)(C)C)NC(=O)C(F)(F)F)C(=O)N[C@@H](C[C@@H]3CCNC3=O)[C@H](C(=O)NC)O)C,False,,CNC(=O)[C@H](O)[C@H](C[C@@H]1CCNC1=O)NC(=O)[C@@H]1[C@@H]2[C@H](CN1C(=O)[C@@H](NC(=O)C(F)(F)F)C(C)(C)C)C2(C)C,False
Mpro,7sfh,91I,401,34,13,124.056,0.382,0.618,A,91I,91I,91I,,CC1([C@@H]2[C@H]1[C@H](N(C2)C(=O)CCc3ccccc3)C(=O)N[C@@H](C[C@@H]4CCNC4=O)[C@H](C(=O)N)O)C,False,,CC1(C)[C@@H]2[C@@H](C(=O)N[C@@H](C[C@@H]3CCNC3=O)[C@@H](O)C(N)=O)N(C(=O)CCc3ccccc3)C[C@@H]21,False
Mpro,7sgh,99W,401,32,18,147.27,0.562,0.438,A,99W,99W,99W,,[H]/N=C\[C@H](C[C@@H]1CCNC1=O)NC(=O)[C@H](CC(C)C)NC(=O)CNc2c(cc(cc2F)F)F,False,,[H]/N=C\[C@H](C[C@@H]1CCNC1=O)NC(=O)[C@H](CC(C)C)NC(=O)CNc1c(F)cc(F)cc1F,False
Mpro,7sgh,99W,401,32,14,131.829,0.438,0.562,B,99W,99W,99W,,[H]/N=C\[C@H](C[C@@H]1CCNC1=O)NC(=O)[C@H](CC(C)C)NC(=O)CNc2c(cc(cc2F)F)F,False,,[H]/N=C\[C@H](C[C@@H]1CCNC1=O)NC(=O)[C@H](CC(C)C)NC(=O)CNc1c(F)cc(F)cc1F,False
Mpro,7sgh,99W,401,32,9,115.195,0.281,0.719,C,99W,99W,99W,,[H]/N=C\[C@H](C[C@@H]1CCNC1=O)NC(=O)[C@H](CC(C)C)NC(=O)CNc2c(cc(cc2F)F)F,False,,[H]/N=C\[C@H](C[C@@H]1CCNC1=O)NC(=O)[C@H](CC(C)C)NC(=O)CNc1c(F)cc(F)cc1F,False
Mpro,7sgh,99W,401,32,15,142.79,0.469,0.531,D,99W,99W,99W,,[H]/N=C\[C@H](C[C@@H]1CCNC1=O)NC(=O)[C@H](CC(C)C)NC(=O)CNc2c(cc(cc2F)F)F,False,,[H]/N=C\[C@H](C[C@@H]1CCNC1=O)NC(=O)[C@H](CC(C)C)NC(=O)CNc1c(F)cc(F)cc1F,False
Mpro,7tvs,XNJ,401,35,26,251.39,0.743,0.257,A,XNJ,XNJ,XNJ,,Cc1ccc(cc1Nc2nc(cs2)c3cccnc3)NC(=O)c4ccc(cc4)CN5CCNCC5,False,,Cc1ccc(NC(=O)c2ccc(CN3CCNCC3)cc2)cc1Nc1nc(-c2cccnc2)cs1,False
Mpro,7u92,M0C,401,41,11,136.825,0.268,0.732,A,M0C,M0C,M0C,,CC1([C@@H]2[C@H]1[C@H](N(C2)C(=O)[C@H](C(C)(C)C)NC(=O)C(F)(F)F)C(=O)N[C@@H](C[C@@H]3CCNC3=O)[C@H](C(=O)N4CCC4)O)C,False,,CC(C)(C)[C@H](NC(=O)C(F)(F)F)C(=O)N1C[C@H]2[C@@H]([C@H]1C(=O)N[C@@H](C[C@@H]1CCNC1=O)[C@@H](O)C(=O)N1CCC1)C2(C)C,False
Mpro,7tvx,G65,401,36,22,203.62,0.611,0.389,A,G65,G65,G65,,Cc1ccc(cc1Nc2nc(cs2)c3cccnc3)NC(=O)c4ccc(cc4)CN5CCN(CC5)C,False,,Cc1ccc(NC(=O)c2ccc(CN3CCN(C)CC3)cc2)cc1Nc1nc(-c2cccnc2)cs1,False
Mpro,7uug,M0C,401,41,10,136.653,0.244,0.756,A,M0C,M0C,M0C,,CC1([C@@H]2[C@H]1[C@H](N(C2)C(=O)[C@H](C(C)(C)C)NC(=O)C(F)(F)F)C(=O)N[C@@H](C[C@@H]3CCNC3=O)[C@H](C(=O)N4CCC4)O)C,False,,CC(C)(C)[C@H](NC(=O)C(F)(F)F)C(=O)N1C[C@H]2[C@@H]([C@H]1C(=O)N[C@@H](C[C@@H]1CCNC1=O)[C@@H](O)C(=O)N1CCC1)C2(C)C,False
Mpro,7uup,4WI,401,35,10,131.687,0.286,0.714,A,4WI,4WI,4WI,,[H]/N=C/[C@H](C[C@@H]1CCNC1=O)NC(=O)[C@@H]2[C@@H]3[C@@H](C3(C)C)CN2C(=O)[C@H](C(C)(C)C)NC(=O)C(F)(F)F,False,,[H]/N=C/[C@H](C[C@@H]1CCNC1=O)NC(=O)[C@@H]1[C@@H]2[C@H](CN1C(=O)[C@@H](NC(=O)C(F)(F)F)C(C)(C)C)C2(C)C,False
Mpro,7z0p,I8H,401,40,13,137.81,0.325,0.675,A,I8H,I8H,I8H,,CC1([C@@H]2[C@H]1[C@H](N(C2)C(=O)[C@H](C(C)(C)C)NC(=O)NC(C)(C)C)C(=O)N[C@@H](C[C@@H]3CCNC3=O)[C@H](C(=O)NC)O)C,False,,CNC(=O)[C@H](O)[C@H](C[C@@H]1CCNC1=O)NC(=O)[C@@H]1[C@@H]2[C@H](CN1C(=O)[C@@H](NC(=O)NC(C)(C)C)C(C)(C)C)C2(C)C,False
Mpro,7z59,IFO,401,35,22,289.584,0.629,0.371,A,IFO,IFO,IFO,,CC(C)([C@H](C(=O)OCc1ccc(cc1F)F)N/C=C(/C=O)\NC(=O)COc2ccccc2)S(=O)O,False,,CC(C)([C@@H](N/C=C(/C=O)NC(=O)COc1ccccc1)C(=O)OCc1ccc(F)cc1F)S(=O)O,False
Mpro,8a4q,V9R,401,43,25,354.682,0.581,0.419,A,V9R,V9R,V9R,,CC(C)(C)OC(=O)NC1=CC=CN(C1=O)[C@H](CC2CC2)C(=O)N[C@@H](C[C@@H]3CCNC3=O)[C@@H](C(=O)NCc4ccccc4)O,False,,CC(C)(C)OC(=O)Nc1cccn([C@H](CC2CC2)C(=O)N[C@@H](C[C@@H]2CCNC2=O)[C@H](O)C(=O)NCc2ccccc2)c1=O,False
Mpro,8aj1,A03,401,39,22,225.168,0.564,0.436,A,A03,A1IMU,A1IMU,A1IMU,CNC(=O)[C@@H]([C@H](C[C@@H]1CCNC1=O)NC(=O)[C@H](CC2CC2)N3C=CC=C(C3=O)NC(=O)Nc4ccccc4)O,False,,CNC(=O)[C@H](O)[C@H](C[C@@H]1CCNC1=O)NC(=O)[C@H](CC1CC1)n1cccc(NC(=O)Nc2ccccc2)c1=O,False
Mpro,8bga,QQL,401,35,20,157.87,0.571,0.429,A,QQL,QQL,QQL,,CC(C)C[C@@H](C(=O)N[C@H](CC[N+](=O)[O-])C[C@@H]1CCNC1=O)NC(=O)c2cc3c([nH]2)cccc3OC,False,,COc1cccc2[nH]c(C(=O)N[C@@H](CC(C)C)C(=O)N[C@H](CC[N+](=O)[O-])C[C@@H]3CCNC3=O)cc12,False
Mpro,8bgd,QH0,401,32,13,128.754,0.406,0.594,A,QH0,QH0,QH0,,CC(C)C[C@@H](C(=O)N[C@H](CC[N+](=O)[O-])C[C@H]1CCNC1=O)NC(=O)OCc2ccccc2,False,,CC(C)C[C@H](NC(=O)OCc1ccccc1)C(=O)N[C@H](CC[N+](=O)[O-])C[C@H]1CCNC1=O,False
Mpro,8c9o,O6K,401,43,23,277.754,0.535,0.465,A,O6K,O6K,O6K,,CC(C)(C)OC(=O)NC1=CC=CN(C1=O)[C@@H](CC2CC2)C(=O)N[C@@H](C[C@@H]3CCNC3=O)[C@H](C(=O)NCc4ccccc4)O,False,,CC(C)(C)OC(=O)Nc1cccn([C@@H](CC2CC2)C(=O)N[C@@H](C[C@@H]2CCNC2=O)[C@@H](O)C(=O)NCc2ccccc2)c1=O,False
Mpro,8bga,QQL,401,35,17,167.236,0.486,0.514,B,QQL,QQL,QQL,,CC(C)C[C@@H](C(=O)N[C@H](CC[N+](=O)[O-])C[C@@H]1CCNC1=O)NC(=O)c2cc3c([nH]2)cccc3OC,False,,COc1cccc2[nH]c(C(=O)N[C@@H](CC(C)C)C(=O)N[C@H](CC[N+](=O)[O-])C[C@@H]3CCNC3=O)cc12,False
Mpro,8cac,O6K,401,43,24,261.55,0.558,0.442,A,O6K,O6K,O6K,,CC(C)(C)OC(=O)NC1=CC=CN(C1=O)[C@@H](CC2CC2)C(=O)N[C@@H](C[C@@H]3CCNC3=O)[C@H](C(=O)NCc4ccccc4)O,False,,CC(C)(C)OC(=O)Nc1cccn([C@@H](CC2CC2)C(=O)N[C@@H](C[C@@H]2CCNC2=O)[C@@H](O)C(=O)NCc2ccccc2)c1=O,False
Mpro,8c9o,O6K,401,43,26,290.809,0.605,0.395,B,O6K,O6K,O6K,,CC(C)(C)OC(=O)NC1=CC=CN(C1=O)[C@@H](CC2CC2)C(=O)N[C@@H](C[C@@H]3CCNC3=O)[C@H](C(=O)NCc4ccccc4)O,False,,CC(C)(C)OC(=O)Nc1cccn([C@@H](CC2CC2)C(=O)N[C@@H](C[C@@H]2CCNC2=O)[C@@H](O)C(=O)NCc2ccccc2)c1=O,False
Mpro,8cac,O6K,401,43,26,291.06,0.605,0.395,B,O6K,O6K,O6K,,CC(C)(C)OC(=O)NC1=CC=CN(C1=O)[C@@H](CC2CC2)C(=O)N[C@@H](C[C@@H]3CCNC3=O)[C@H](C(=O)NCc4ccccc4)O,False,,CC(C)(C)OC(=O)Nc1cccn([C@@H](CC2CC2)C(=O)N[C@@H](C[C@@H]2CCNC2=O)[C@@H](O)C(=O)NCc2ccccc2)c1=O,False
Mpro,8cae,4WI,401,35,11,122.856,0.314,0.686,A,4WI,4WI,4WI,,[H]/N=C/[C@H](C[C@@H]1CCNC1=O)NC(=O)[C@@H]2[C@@H]3[C@@H](C3(C)C)CN2C(=O)[C@H](C(C)(C)C)NC(=O)C(F)(F)F,False,,[H]/N=C/[C@H](C[C@@H]1CCNC1=O)NC(=O)[C@@H]1[C@@H]2[C@H](CN1C(=O)[C@@H](NC(=O)C(F)(F)F)C(C)(C)C)C2(C)C,False
Mpro,8d4m,K36,401,29,12,130.66,0.414,0.586,A,K36,K36,K36,,CC(C)C[C@@H](C(=O)N[C@@H](C[C@@H]1CCNC1=O)[C@@H](O)S(=O)(=O)O)NC(=O)OCc2ccccc2,False,,CC(C)C[C@H](NC(=O)OCc1ccccc1)C(=O)N[C@@H](C[C@@H]1CCNC1=O)[C@@H](O)S(=O)(=O)O,False
Mpro,8caj,UAX,401,43,21,252.674,0.488,0.512,A,UAX,UAX,UAX,,CC(C)(C)OC(=O)NC1=CC=CN(C1=O)[C@@H](CC2CC2)C(=O)N[C@@H](C[C@H]3CCNC3=O)[C@@H](C(=O)NCc4ccccc4)O,False,,CC(C)(C)OC(=O)Nc1cccn([C@@H](CC2CC2)C(=O)N[C@@H](C[C@H]2CCNC2=O)[C@H](O)C(=O)NCc2ccccc2)c1=O,False
Mpro,8d4k,K36,401,29,13,124.214,0.448,0.552,A,K36,K36,K36,,CC(C)C[C@@H](C(=O)N[C@@H](C[C@@H]1CCNC1=O)[C@@H](O)S(=O)(=O)O)NC(=O)OCc2ccccc2,False,,CC(C)C[C@H](NC(=O)OCc1ccccc1)C(=O)N[C@@H](C[C@@H]1CCNC1=O)[C@@H](O)S(=O)(=O)O,False
Mpro,8dcz,4WI,401,35,10,123.155,0.286,0.714,A,4WI,4WI,4WI,,[H]/N=C/[C@H](C[C@@H]1CCNC1=O)NC(=O)[C@@H]2[C@@H]3[C@@H](C3(C)C)CN2C(=O)[C@H](C(C)(C)C)NC(=O)C(F)(F)F,False,,[H]/N=C/[C@H](C[C@@H]1CCNC1=O)NC(=O)[C@@H]1[C@@H]2[C@H](CN1C(=O)[C@@H](NC(=O)C(F)(F)F)C(C)(C)C)C2(C)C,False
Mpro,8dd1,K36,401,29,13,119.928,0.448,0.552,A,K36,K36,K36,,CC(C)C[C@@H](C(=O)N[C@@H](C[C@@H]1CCNC1=O)[C@@H](O)S(=O)(=O)O)NC(=O)OCc2ccccc2,False,,CC(C)C[C@H](NC(=O)OCc1ccccc1)C(=O)N[C@@H](C[C@@H]1CCNC1=O)[C@@H](O)S(=O)(=O)O,False
Mpro,8dcz,4WI,401,35,10,122.084,0.286,0.714,B,4WI,4WI,4WI,,[H]/N=C/[C@H](C[C@@H]1CCNC1=O)NC(=O)[C@@H]2[C@@H]3[C@@H](C3(C)C)CN2C(=O)[C@H](C(C)(C)C)NC(=O)C(F)(F)F,False,,[H]/N=C/[C@H](C[C@@H]1CCNC1=O)NC(=O)[C@@H]1[C@@H]2[C@H](CN1C(=O)[C@@H](NC(=O)C(F)(F)F)C(C)(C)C)C2(C)C,False
Mpro,8dd9,B1S,401,29,11,127.174,0.379,0.621,A,B1S,B1S,B1S,,CC(C)C[C@@H](C(=O)N[C@@H](C[C@@H]1CCNC1=O)C(O)S(=O)(=O)O)NC(=O)OCc2ccccc2,False,,CC(C)C[C@H](NC(=O)OCc1ccccc1)C(=O)N[C@@H](C[C@@H]1CCNC1=O)C(O)S(=O)(=O)O,False
Mpro,8ddm,K36,401,29,13,130.841,0.448,0.552,A,K36,K36,K36,,CC(C)C[C@@H](C(=O)N[C@@H](C[C@@H]1CCNC1=O)[C@@H](O)S(=O)(=O)O)NC(=O)OCc2ccccc2,False,,CC(C)C[C@H](NC(=O)OCc1ccccc1)C(=O)N[C@@H](C[C@@H]1CCNC1=O)[C@@H](O)S(=O)(=O)O,False
Mpro,8dgb,B1S,401,29,12,94.277,0.414,0.586,A,B1S,B1S,B1S,,CC(C)C[C@@H](C(=O)N[C@@H](C[C@@H]1CCNC1=O)C(O)S(=O)(=O)O)NC(=O)OCc2ccccc2,False,,CC(C)C[C@H](NC(=O)OCc1ccccc1)C(=O)N[C@@H](C[C@@H]1CCNC1=O)C(O)S(=O)(=O)O,False
Mpro,8dsu,V2M,504,34,18,156.069,0.529,0.471,A,V2M,V2M,V2M,,CC(C)C[C@@H](C(=O)N[C@@H](C[C@@H]1CCNC1=O)[C@@H](CO)O)NC(=O)c2cc3c([nH]2)cccc3OC,False,,COc1cccc2[nH]c(C(=O)N[C@@H](CC(C)C)C(=O)N[C@@H](C[C@@H]3CCNC3=O)[C@H](O)CO)cc12,False
Mpro,8dgb,B1S,401,29,9,112.919,0.31,0.69,B,B1S,B1S,B1S,,CC(C)C[C@@H](C(=O)N[C@@H](C[C@@H]1CCNC1=O)C(O)S(=O)(=O)O)NC(=O)OCc2ccccc2,False,,CC(C)C[C@H](NC(=O)OCc1ccccc1)C(=O)N[C@@H](C[C@@H]1CCNC1=O)C(O)S(=O)(=O)O,False
Mpro,8dsu,V2M,502,34,20,162.951,0.588,0.412,B,V2M,V2M,V2M,,CC(C)C[C@@H](C(=O)N[C@@H](C[C@@H]1CCNC1=O)[C@@H](CO)O)NC(=O)c2cc3c([nH]2)cccc3OC,False,,COc1cccc2[nH]c(C(=O)N[C@@H](CC(C)C)C(=O)N[C@@H](C[C@@H]3CCNC3=O)[C@H](O)CO)cc12,False
Mpro,8dt9,V2M,502,34,20,173.042,0.588,0.412,A,V2M,V2M,V2M,,CC(C)C[C@@H](C(=O)N[C@@H](C[C@@H]1CCNC1=O)[C@@H](CO)O)NC(=O)c2cc3c([nH]2)cccc3OC,False,,COc1cccc2[nH]c(C(=O)N[C@@H](CC(C)C)C(=O)N[C@@H](C[C@@H]3CCNC3=O)[C@H](O)CO)cc12,False
Mpro,8dt9,V2M,502,34,17,151.964,0.5,0.5,B,V2M,V2M,V2M,,CC(C)C[C@@H](C(=O)N[C@@H](C[C@@H]1CCNC1=O)[C@@H](CO)O)NC(=O)c2cc3c([nH]2)cccc3OC,False,,COc1cccc2[nH]c(C(=O)N[C@@H](CC(C)C)C(=O)N[C@@H](C[C@@H]3CCNC3=O)[C@H](O)CO)cc12,False
Mpro,8dzc,U76,401,44,20,228.131,0.455,0.545,A,U76,U76,U76,,CC(C)C[C@@H](C(=O)N[C@@H](C[C@@H]1CCNC1=O)[C@H](C(=O)NC2CC2)O)N3C[C@H](CCC3=O)NC(=O)OCc4cc(cc(c4)F)F,False,,CC(C)C[C@@H](C(=O)N[C@@H](C[C@@H]1CCNC1=O)[C@@H](O)C(=O)NC1CC1)N1C[C@@H](NC(=O)OCc2cc(F)cc(F)c2)CCC1=O,False
Mpro,8dzb,U6Y,502,41,20,252.868,0.488,0.512,A,U6Y,U6Y,U6Y,,CC(C)C[C@@H](C(=O)N[C@@H](C[C@@H]1CCNC1=O)[C@H](C(=O)NC2CC2)O)N3C[C@H](CC3=O)NC(=O)OCc4ccccc4,False,,CC(C)C[C@@H](C(=O)N[C@@H](C[C@@H]1CCNC1=O)[C@@H](O)C(=O)NC1CC1)N1C[C@@H](NC(=O)OCc2ccccc2)CC1=O,False
Mpro,8e4w,V2M,401,34,16,155.881,0.471,0.529,A,V2M,V2M,V2M,,CC(C)C[C@@H](C(=O)N[C@@H](C[C@@H]1CCNC1=O)[C@@H](CO)O)NC(=O)c2cc3c([nH]2)cccc3OC,False,,COc1cccc2[nH]c(C(=O)N[C@@H](CC(C)C)C(=O)N[C@@H](C[C@@H]3CCNC3=O)[C@H](O)CO)cc12,False
Mpro,8e4w,V2M,401,34,20,164.18,0.588,0.412,B,V2M,V2M,V2M,,CC(C)C[C@@H](C(=O)N[C@@H](C[C@@H]1CCNC1=O)[C@@H](CO)O)NC(=O)c2cc3c([nH]2)cccc3OC,False,,COc1cccc2[nH]c(C(=O)N[C@@H](CC(C)C)C(=O)N[C@@H](C[C@@H]3CCNC3=O)[C@H](O)CO)cc12,False
Mpro,8ezv,X6O,401,42,12,134.473,0.286,0.714,A,X6O,X6O,X6O,,CC1([C@@H]2[C@H]1[C@H](N(C2)C(=O)[C@H](C(C)(C)C)NC(=O)C(F)(F)F)C(=O)N[C@@H](C[C@@H]3CCCNC3=O)[C@H](C(=O)N4CCC4)O)C,False,,CC(C)(C)[C@H](NC(=O)C(F)(F)F)C(=O)N1C[C@H]2[C@@H]([C@H]1C(=O)N[C@@H](C[C@@H]1CCCNC1=O)[C@@H](O)C(=O)N1CCC1)C2(C)C,False
Mpro,8e5c,4WI,502,35,12,117.453,0.343,0.657,A,4WI,4WI,4WI,,[H]/N=C/[C@H](C[C@@H]1CCNC1=O)NC(=O)[C@@H]2[C@@H]3[C@@H](C3(C)C)CN2C(=O)[C@H](C(C)(C)C)NC(=O)C(F)(F)F,False,,[H]/N=C/[C@H](C[C@@H]1CCNC1=O)NC(=O)[C@@H]1[C@@H]2[C@H](CN1C(=O)[C@@H](NC(=O)C(F)(F)F)C(C)(C)C)C2(C)C,False
Mpro,8ezz,X70,401,44,12,148.755,0.273,0.727,A,X70,X70,X70,,CC1([C@@H]2[C@H]1[C@H](N(C2)C(=O)[C@H](C(C)(C)C)NC(=O)C(F)(F)F)C(=O)N[C@@H](C[C@@H]3CCCNC3=O)[C@H](C(=O)N4CC(C4)(F)F)O)C,False,,CC(C)(C)[C@H](NC(=O)C(F)(F)F)C(=O)N1C[C@H]2[C@@H]([C@H]1C(=O)N[C@@H](C[C@@H]1CCCNC1=O)[C@@H](O)C(=O)N1CC(F)(F)C1)C2(C)C,False
Mpro,8f02,X6T,401,44,13,173.39,0.295,0.705,A,X6T,X6T,X6T,,CC1(CN(C1)C(=O)[C@@H]([C@H](C[C@@H]2CCCNC2=O)NC(=O)[C@@H]3[C@@H]4[C@@H](C4(C)C)CN3C(=O)[C@H](C(C)(C)C)NC(=O)C(F)(F)F)O)C,False,,CC1(C)CN(C(=O)[C@H](O)[C@H](C[C@@H]2CCCNC2=O)NC(=O)[C@@H]2[C@@H]3[C@H](CN2C(=O)[C@@H](NC(=O)C(F)(F)F)C(C)(C)C)C3(C)C)C1,False
Mpro,8f2d,XA8,401,42,12,132.921,0.286,0.714,A,XA8,XA8,XA8,,CC1([C@@H]2[C@H]1[C@H](N(C2)C(=O)[C@H](C(C)(C)C)NC(=O)C(F)(F)F)C(=O)N[C@@H](CN3CCCCC3=O)[C@H](C(=O)N4CCC4)O)C,False,,CC(C)(C)[C@H](NC(=O)C(F)(F)F)C(=O)N1C[C@H]2[C@@H]([C@H]1C(=O)N[C@@H](CN1CCCCC1=O)[C@@H](O)C(=O)N1CCC1)C2(C)C,False
Mpro,8f2c,X9Z,401,41,10,132.848,0.244,0.756,A,X9Z,X9Z,X9Z,,CC1([C@@H]2[C@H]1[C@H](N(C2)C(=O)[C@H](C(C)(C)C)NC(=O)C(F)(F)F)C(=O)N[C@@H](CN3CCCC3=O)[C@H](C(=O)N4CCC4)O)C,False,,CC(C)(C)[C@H](NC(=O)C(F)(F)F)C(=O)N1C[C@H]2[C@@H]([C@H]1C(=O)N[C@@H](CN1CCCC1=O)[C@@H](O)C(=O)N1CCC1)C2(C)C,False
Mpro,8ftl,5ZF,401,35,13,128.855,0.371,0.629,A,5ZF,5ZF,5ZF,,C[C@@H](c1ccccc1)NC(=O)[C@@H](c2cccnc2)N(c3ccc(cc3)c4ccccc4)C(=O)CCl,False,,C[C@H](NC(=O)[C@@H](c1cccnc1)N(C(=O)CCl)c1ccc(-c2ccccc2)cc1)c1ccccc1,False
Mpro,8gqt,QUE,401,22,20,236.699,0.909,0.091,D,QUE,QUE,QUE,,c1cc(c(cc1C2=C(C(=O)c3c(cc(cc3O2)O)O)O)O)O,False,,O=c1c(O)c(-c2ccc(O)c(O)c2)oc2cc(O)cc(O)c12,False
Mpro,8ftl,5ZF,401,35,14,129.277,0.4,0.6,B,5ZF,5ZF,5ZF,,C[C@@H](c1ccccc1)NC(=O)[C@@H](c2cccnc2)N(c3ccc(cc3)c4ccccc4)C(=O)CCl,False,,C[C@H](NC(=O)[C@@H](c1cccnc1)N(C(=O)CCl)c1ccc(-c2ccccc2)cc1)c1ccccc1,False
Mpro,8okl,83N,401,73,25,161.739,0.342,0.658,A,83N,83N,83N,,CC(C)[C@@H](C(=O)N1C[C@H](C[C@H]1C(=O)N[C@@H](C[C@@H]2CCNC2=O)CO)OC)NC(=O)OC(C)(C)C,False,,CO[C@H]1C[C@@H](C(=O)N[C@H](CO)C[C@@H]2CCNC2=O)N(C(=O)[C@@H](NC(=O)OC(C)(C)C)C(C)C)C1,False
Mpro,8okl,83N,401,73,26,169.521,0.356,0.644,B,83N,83N,83N,,CC(C)[C@@H](C(=O)N1C[C@H](C[C@H]1C(=O)N[C@@H](C[C@@H]2CCNC2=O)CO)OC)NC(=O)OC(C)(C)C,False,,CO[C@H]1C[C@@H](C(=O)N[C@H](CO)C[C@@H]2CCNC2=O)N(C(=O)[C@@H](NC(=O)OC(C)(C)C)C(C)C)C1,False
Mpro,8okn,83W,401,79,30,196.832,0.38,0.62,A,83W,83W,83W,,C[C@H]([C@@H](C(=O)N1CCC[C@H]1C(=O)N[C@@H](C[C@@H]2CCNC2=O)CO)NC(=O)OC(C)(C)C)OC(C)(C)C,False,,C[C@@H](OC(C)(C)C)[C@H](NC(=O)OC(C)(C)C)C(=O)N1CCC[C@H]1C(=O)N[C@H](CO)C[C@@H]1CCNC1=O,False
Mpro,8okm,84C,401,76,23,152.567,0.303,0.697,A,84C,84C,84C,,CC(C)[C@@H](C(=O)N1C[C@@H]2CCC[C@@H]2[C@H]1C(=O)N[C@@H](C[C@@H]3CCNC3=O)CO)NC(=O)OC(C)(C)C,False,,CC(C)[C@H](NC(=O)OC(C)(C)C)C(=O)N1C[C@@H]2CCC[C@@H]2[C@H]1C(=O)N[C@H](CO)C[C@@H]1CCNC1=O,False
Mpro,8okm,84C,401,76,24,158.833,0.316,0.684,B,84C,84C,84C,,CC(C)[C@@H](C(=O)N1C[C@@H]2CCC[C@@H]2[C@H]1C(=O)N[C@@H](C[C@@H]3CCNC3=O)CO)NC(=O)OC(C)(C)C,False,,CC(C)[C@H](NC(=O)OC(C)(C)C)C(=O)N1C[C@@H]2CCC[C@@H]2[C@H]1C(=O)N[C@H](CO)C[C@@H]1CCNC1=O,False
Mpro,8okn,83W,401,79,29,192.954,0.367,0.633,B,83W,83W,83W,,C[C@H]([C@@H](C(=O)N1CCC[C@H]1C(=O)N[C@@H](C[C@@H]2CCNC2=O)CO)NC(=O)OC(C)(C)C)OC(C)(C)C,False,,C[C@@H](OC(C)(C)C)[C@H](NC(=O)OC(C)(C)C)C(=O)N1CCC[C@H]1C(=O)N[C@H](CO)C[C@@H]1CCNC1=O,False
Mpro,8p55,ALD,402,76,26,196.761,0.342,0.658,A,ALD,ALD,ALD,,CC(C)C[C@@H](CO)NC(=O)[C@H](CC(C)C)NC(=O)[C@H](CC(C)C)NC(=O)OCc1ccccc1,False,,CC(C)C[C@@H](CO)NC(=O)[C@H](CC(C)C)NC(=O)[C@H](CC(C)C)NC(=O)OCc1ccccc1,False
Mpro,8p54,ALD,401,76,27,202.571,0.355,0.645,A,ALD,ALD,ALD,,CC(C)C[C@@H](CO)NC(=O)[C@H](CC(C)C)NC(=O)[C@H](CC(C)C)NC(=O)OCc1ccccc1,False,,CC(C)C[C@@H](CO)NC(=O)[C@H](CC(C)C)NC(=O)[C@H](CC(C)C)NC(=O)OCc1ccccc1,False
Mpro,8p57,X77,402,66,25,155.585,0.379,0.621,A,X77,X77,X77,,CC(C)(C)c1ccc(cc1)N([C@H](c2cccnc2)C(=O)NC3CCCCC3)C(=O)c4c[nH]cn4,False,,CC(C)(C)c1ccc(N(C(=O)c2c[nH]cn2)[C@@H](C(=O)NC2CCCCC2)c2cccnc2)cc1,False
Mpro,8p58,X77,406,66,27,148.121,0.409,0.591,A,X77,X77,X77,,CC(C)(C)c1ccc(cc1)N([C@H](c2cccnc2)C(=O)NC3CCCCC3)C(=O)c4c[nH]cn4,False,,CC(C)(C)c1ccc(N(C(=O)c2c[nH]cn2)[C@@H](C(=O)NC2CCCCC2)c2cccnc2)cc1,False
Mpro,8p56,X77,406,66,24,152.188,0.364,0.636,A,X77,X77,X77,,CC(C)(C)c1ccc(cc1)N([C@H](c2cccnc2)C(=O)NC3CCCCC3)C(=O)c4c[nH]cn4,False,,CC(C)(C)c1ccc(N(C(=O)c2c[nH]cn2)[C@@H](C(=O)NC2CCCCC2)c2cccnc2)cc1,False
Mpro,8p5a,X77,410,66,26,149.122,0.394,0.606,A,X77,X77,X77,,CC(C)(C)c1ccc(cc1)N([C@H](c2cccnc2)C(=O)NC3CCCCC3)C(=O)c4c[nH]cn4,False,,CC(C)(C)c1ccc(N(C(=O)c2c[nH]cn2)[C@@H](C(=O)NC2CCCCC2)c2cccnc2)cc1,False
Mpro,8p58,X77,408,66,27,139.889,0.409,0.591,B,X77,X77,X77,,CC(C)(C)c1ccc(cc1)N([C@H](c2cccnc2)C(=O)NC3CCCCC3)C(=O)c4c[nH]cn4,False,,CC(C)(C)c1ccc(N(C(=O)c2c[nH]cn2)[C@@H](C(=O)NC2CCCCC2)c2cccnc2)cc1,False
Mpro,8p5c,9M5,401,66,31,223.069,0.47,0.53,A,9M5,9M5,9M5,,CC(C)(C)c1ccc(cc1)N([C@@H](c2cccnc2)C(=O)NC3CCCCC3)C(=O)c4c[nH]cn4,False,,CC(C)(C)c1ccc(N(C(=O)c2c[nH]cn2)[C@H](C(=O)NC2CCCCC2)c2cccnc2)cc1,False
Mpro,8p5c,9M5,401,66,31,239.64,0.47,0.53,B,9M5,9M5,9M5,,CC(C)(C)c1ccc(cc1)N([C@@H](c2cccnc2)C(=O)NC3CCCCC3)C(=O)c4c[nH]cn4,False,,CC(C)(C)c1ccc(N(C(=O)c2c[nH]cn2)[C@H](C(=O)NC2CCCCC2)c2cccnc2)cc1,False
Mpro,8p5a,X77,406,66,26,151.31,0.394,0.606,B,X77,X77,X77,,CC(C)(C)c1ccc(cc1)N([C@H](c2cccnc2)C(=O)NC3CCCCC3)C(=O)c4c[nH]cn4,False,,CC(C)(C)c1ccc(N(C(=O)c2c[nH]cn2)[C@@H](C(=O)NC2CCCCC2)c2cccnc2)cc1,False
Mpro,8r11,XI0,401,22,11,87.362,0.5,0.5,A,XI0,XI0,XI0,,Cc1cc(cnc1)CC(=O)N2CCC[C@H]2c3cccc(c3)Cl,False,,Cc1cncc(CC(=O)N2CCC[C@H]2c2cccc(Cl)c2)c1,False
Mpro,8r11,XI0,701,22,11,101.559,0.5,0.5,B,XI0,XI0,XI0,,Cc1cc(cnc1)CC(=O)N2CCC[C@H]2c3cccc(c3)Cl,False,,Cc1cncc(CC(=O)N2CCC[C@H]2c2cccc(Cl)c2)c1,False
Mpro,8p86,ALD,401,76,30,203.415,0.395,0.605,A,ALD,ALD,ALD,,CC(C)C[C@@H](CO)NC(=O)[C@H](CC(C)C)NC(=O)[C@H](CC(C)C)NC(=O)OCc1ccccc1,False,,CC(C)C[C@@H](CO)NC(=O)[C@H](CC(C)C)NC(=O)[C@H](CC(C)C)NC(=O)OCc1ccccc1,False
Mpro,8p87,X77,404,66,28,155.338,0.424,0.576,A,X77,X77,X77,,CC(C)(C)c1ccc(cc1)N([C@H](c2cccnc2)C(=O)NC3CCCCC3)C(=O)c4c[nH]cn4,False,,CC(C)(C)c1ccc(N(C(=O)c2c[nH]cn2)[C@@H](C(=O)NC2CCCCC2)c2cccnc2)cc1,False
Mpro,8r12,XH9,401,25,10,126.517,0.4,0.6,A,XH9,XH9,XH9,,c1ccc(c(c1)CN2CCCN(CC2)C(=O)c3cc(cnc3)Cl)C#N,False,,N#Cc1ccccc1CN1CCCN(C(=O)c2cncc(Cl)c2)CC1,False
Mpro,8r12,XH9,401,25,10,132.262,0.4,0.6,B,XH9,XH9,XH9,,c1ccc(c(c1)CN2CCCN(CC2)C(=O)c3cc(cnc3)Cl)C#N,False,,N#Cc1ccccc1CN1CCCN(C(=O)c2cncc(Cl)c2)CC1,False
Mpro,8r14,XHW,401,24,11,127.396,0.458,0.542,A,XHW,XHW,XHW,,c1ccc(c(c1)CN2CCCN(CC2)C(=O)c3cc(cnc3)Cl)Cl,False,,O=C(c1cncc(Cl)c1)N1CCCN(Cc2ccccc2Cl)CC1,False
Mpro,8r14,XHW,701,24,12,132.21,0.5,0.5,B,XHW,XHW,XHW,,c1ccc(c(c1)CN2CCCN(CC2)C(=O)c3cc(cnc3)Cl)Cl,False,,O=C(c1cncc(Cl)c1)N1CCCN(Cc2ccccc2Cl)CC1,False
Mpro,8r16,XJ9,401,22,13,88.648,0.591,0.409,A,XJ9,XJ9,XJ9,,Cc1cc(cnc1)CC(=O)N2CCc3cc(c(cc3C2)Cl)Cl,False,,Cc1cncc(CC(=O)N2CCc3cc(Cl)c(Cl)cc3C2)c1,False
Mpro,8r16,XJ9,401,22,12,106.727,0.545,0.455,B,XJ9,XJ9,XJ9,,Cc1cc(cnc1)CC(=O)N2CCc3cc(c(cc3C2)Cl)Cl,False,,Cc1cncc(CC(=O)N2CCc3cc(Cl)c(Cl)cc3C2)c1,False
Mpro,8r1q,O6K,401,43,23,281.258,0.535,0.465,A,O6K,O6K,O6K,,CC(C)(C)OC(=O)NC1=CC=CN(C1=O)[C@@H](CC2CC2)C(=O)N[C@@H](C[C@@H]3CCNC3=O)[C@H](C(=O)NCc4ccccc4)O,False,,CC(C)(C)OC(=O)Nc1cccn([C@@H](CC2CC2)C(=O)N[C@@H](C[C@@H]2CCNC2=O)[C@@H](O)C(=O)NCc2ccccc2)c1=O,False
Mpro,8r1q,O6K,401,43,24,273.332,0.558,0.442,B,O6K,O6K,O6K,,CC(C)(C)OC(=O)NC1=CC=CN(C1=O)[C@@H](CC2CC2)C(=O)N[C@@H](C[C@@H]3CCNC3=O)[C@H](C(=O)NCc4ccccc4)O,False,,CC(C)(C)OC(=O)Nc1cccn([C@@H](CC2CC2)C(=O)N[C@@H](C[C@@H]2CCNC2=O)[C@@H](O)C(=O)NCc2ccccc2)c1=O,False
Mpro,8r26,O6K,401,43,22,262.327,0.512,0.488,A,O6K,O6K,O6K,,CC(C)(C)OC(=O)NC1=CC=CN(C1=O)[C@@H](CC2CC2)C(=O)N[C@@H](C[C@@H]3CCNC3=O)[C@H](C(=O)NCc4ccccc4)O,False,,CC(C)(C)OC(=O)Nc1cccn([C@@H](CC2CC2)C(=O)N[C@@H](C[C@@H]2CCNC2=O)[C@@H](O)C(=O)NCc2ccccc2)c1=O,False
Mpro,8r26,O6K,401,43,21,273.055,0.488,0.512,B,O6K,O6K,O6K,,CC(C)(C)OC(=O)NC1=CC=CN(C1=O)[C@@H](CC2CC2)C(=O)N[C@@H](C[C@@H]3CCNC3=O)[C@H](C(=O)NCc4ccccc4)O,False,,CC(C)(C)OC(=O)Nc1cccn([C@@H](CC2CC2)C(=O)N[C@@H](C[C@@H]2CCNC2=O)[C@@H](O)C(=O)NCc2ccccc2)c1=O,False
Mpro,8r26,O6K,401,43,22,283.901,0.512,0.488,C,O6K,O6K,O6K,,CC(C)(C)OC(=O)NC1=CC=CN(C1=O)[C@@H](CC2CC2)C(=O)N[C@@H](C[C@@H]3CCNC3=O)[C@H](C(=O)NCc4ccccc4)O,False,,CC(C)(C)OC(=O)Nc1cccn([C@@H](CC2CC2)C(=O)N[C@@H](C[C@@H]2CCNC2=O)[C@@H](O)C(=O)NCc2ccccc2)c1=O,False
Mpro,8r26,O6K,401,43,23,264.057,0.535,0.465,D,O6K,O6K,O6K,,CC(C)(C)OC(=O)NC1=CC=CN(C1=O)[C@@H](CC2CC2)C(=O)N[C@@H](C[C@@H]3CCNC3=O)[C@H](C(=O)NCc4ccccc4)O,False,,CC(C)(C)OC(=O)Nc1cccn([C@@H](CC2CC2)C(=O)N[C@@H](C[C@@H]2CCNC2=O)[C@@H](O)C(=O)NCc2ccccc2)c1=O,False
Mpro,8rjv,A04,401,60,18,156.986,0.3,0.7,A,A04,A1H1J,A1H1J,A1H1J,[H]/N=C\N(Cc1cccc(c1F)Cl)N(C)C(=O)[C@H](Cc2ccccc2)NC(=O)OCc3ccccc3,False,,[H]/N=C\N(Cc1cccc(Cl)c1F)N(C)C(=O)[C@H](Cc1ccccc1)NC(=O)OCc1ccccc1,False
Mpro,8rjy,A05,401,72,25,196.341,0.347,0.653,A,A05,A1H1K,A1H1K,A1H1K,[H]/N=C\N(Cc1ccc(cc1)Cl)N(C)C(=O)[C@H](Cc2ccccc2)NC(=O)[C@H](C(C)(C)C)NC(=O)c3cccs3,False,,[H]/N=C\N(Cc1ccc(Cl)cc1)N(C)C(=O)[C@H](Cc1ccccc1)NC(=O)[C@@H](NC(=O)c1cccs1)C(C)(C)C,False
Mpro,8tqh,JX6,401,30,17,169.612,0.567,0.433,A,JX6,JX6,JX6,,CC(C)(C)C[C@@H](C(=O)N[C@@H](C[C@@H]1CCNC1=O)CO)NC(=O)OCc2ccccc2,False,,CC(C)(C)C[C@H](NC(=O)OCc1ccccc1)C(=O)N[C@H](CO)C[C@@H]1CCNC1=O,False
Mpro,8tqj,YHI,401,31,17,152.516,0.548,0.452,A,YHI,YHI,YHI,,CC1([C@@H]2[C@H]1[C@H](N(C2)C(=O)OCc3ccccc3)C(=O)N[C@@H](C[C@@H]4CCNC4=O)CO)C,False,,CC1(C)[C@@H]2[C@@H](C(=O)N[C@H](CO)C[C@@H]3CCNC3=O)N(C(=O)OCc3ccccc3)C[C@@H]21,False
Mpro,8tql,JY0,401,32,17,158.212,0.531,0.469,A,JY0,JY0,JY0,,C[C@@H]([C@@H](C(=O)N[C@@H](C[C@@H]1CCNC1=O)CO)NC(=O)OCc2ccccc2)OC(C)(C)C,False,,C[C@H](OC(C)(C)C)[C@H](NC(=O)OCc1ccccc1)C(=O)N[C@H](CO)C[C@@H]1CCNC1=O,False
Mpro,8tqt,K2X,401,33,19,167.643,0.576,0.424,A,K2X,K2X,K2X,,c1cc(cc(c1)Cl)COC(=O)N[C@@H](CC2CCCCC2)C(=O)N[C@@H](C[C@@H]3CCNC3=O)[C@@H](O)S,False,,O=C(N[C@@H](CC1CCCCC1)C(=O)N[C@@H](C[C@@H]1CCNC1=O)[C@@H](O)S)OCc1cccc(Cl)c1,False
Mpro,8ty3,SJF,401,33,20,178.48,0.606,0.394,A,SJF,SJF,SJF,,c1cc(c(cc1OCC(=O)N2C[C@@H]3CCC[C@@H]3[C@H]2C(=O)N[C@@H](C[C@@H]4CCNC4=O)CO)Cl)Cl,False,,O=C1NCC[C@H]1C[C@@H](CO)NC(=O)[C@@H]1[C@H]2CCC[C@H]2CN1C(=O)COc1ccc(Cl)c(Cl)c1,False
Mpro,8ty4,SO0,401,33,19,191.2,0.576,0.424,A,SO0,SO0,SO0,,c1cc(c(cc1Cl)Cl)OCC(=O)N2C[C@@H]3CCC[C@@H]3[C@H]2C(=O)N[C@@H](C[C@@H]4CCNC4=O)CO,False,,O=C1NCC[C@H]1C[C@@H](CO)NC(=O)[C@@H]1[C@H]2CCC[C@H]2CN1C(=O)COc1ccc(Cl)cc1Cl,False
Mpro,8ty5,SQ3,401,33,19,148.517,0.576,0.424,A,SQ3,SQ3,SQ3,,CC1([C@@H]2[C@H]1[C@H](N(C2)C(=O)COc3ccc(cc3Cl)Cl)C(=O)N[C@@H](C[C@@H]4CCNC4=O)CO)C,False,,CC1(C)[C@@H]2[C@@H](C(=O)N[C@H](CO)C[C@@H]3CCNC3=O)N(C(=O)COc3ccc(Cl)cc3Cl)C[C@@H]21,False
Mpro,8w1t,A06,406,29,16,162.714,0.552,0.448,A,A06,A1A21,A1A21,A1A21,c1ccc(cc1)[C@H](c2ccc(cc2)Cl)N3CCN(CC3)C(=O)c4cc(cnc4)Br,False,,O=C(c1cncc(Br)c1)N1CCN([C@H](c2ccccc2)c2ccc(Cl)cc2)CC1,False
Mpro,8und,X4N,401,71,20,125.61,0.282,0.718,A,X4N,X4N,X4N,,[H]/N=C/[C@H](C[C@@H]1CCCNC1=O)NC(=O)[C@@H]2[C@@H]3[C@@H](C3(C)C)CN2C(=O)[C@H](C(C)(C)C)NC(=O)C(F)(F)F,False,,[H]/N=C/[C@H](C[C@@H]1CCCNC1=O)NC(=O)[C@@H]1[C@@H]2[C@H](CN1C(=O)[C@@H](NC(=O)C(F)(F)F)C(C)(C)C)C2(C)C,False
Mpro,8w1t,A06,406,29,14,149.942,0.483,0.517,B,A06,A1A21,A1A21,A1A21,c1ccc(cc1)[C@H](c2ccc(cc2)Cl)N3CCN(CC3)C(=O)c4cc(cnc4)Br,False,,O=C(c1cncc(Br)c1)N1CCN([C@H](c2ccccc2)c2ccc(Cl)cc2)CC1,False
Mpro,8w1t,A07,407,29,17,165.09,0.586,0.414,A,A07,A1AFD,A1AFD,A1AFD,c1ccc(cc1)[C@@H](c2ccc(cc2)Cl)N3CCN(CC3)C(=O)c4cc(cnc4)Br,False,,O=C(c1cncc(Br)c1)N1CCN([C@@H](c2ccccc2)c2ccc(Cl)cc2)CC1,False
Mpro,8w1u,A08,401,34,23,176.902,0.676,0.324,A,A08,A1AFE,A1AFE,A1AFE,c1ccc2c(c1)CS(=O)(=O)c3ccccc3C2=C4CCN(CC4)C(=O)c5cncc6c5[nH]cc6,False,,O=C(c1cncc2cc[nH]c12)N1CCC(=C2c3ccccc3CS(=O)(=O)c3ccccc32)CC1,False
Mpro,8w1t,A07,405,29,14,148.441,0.483,0.517,B,A07,A1AFD,A1AFD,A1AFD,c1ccc(cc1)[C@@H](c2ccc(cc2)Cl)N3CCN(CC3)C(=O)c4cc(cnc4)Br,False,,O=C(c1cncc(Br)c1)N1CCN([C@@H](c2ccccc2)c2ccc(Cl)cc2)CC1,False
Mpro,8w1u,A08,401,34,16,167.513,0.471,0.529,B,A08,A1AFE,A1AFE,A1AFE,c1ccc2c(c1)CS(=O)(=O)c3ccccc3C2=C4CCN(CC4)C(=O)c5cncc6c5[nH]cc6,False,,O=C(c1cncc2cc[nH]c12)N1CCC(=C2c3ccccc3CS(=O)(=O)c3ccccc32)CC1,False
Mpro,8y42,A09,401,37,14,158.064,0.378,0.622,A,A09,A1D51,A1D51,A1D51,CNC(=O)c1cc(cc(c1N[C@@H]2CCCC[C@@H]2NC(=O)C3=CC(=O)Nc4c3cccc4)[N+](=O)[O-])C5CC5,False,,CNC(=O)c1cc(C2CC2)cc([N+](=O)[O-])c1N[C@@H]1CCCC[C@@H]1NC(=O)c1cc(=O)[nH]c2ccccc12,False
Mpro,8ws3,X7F,401,14,7,98.646,0.5,0.5,A,X7F,X7F,X7F,,c1cc(c2c(c1O)C(=O)C=CC2=O)O,False,,O=C1C=CC(=O)c2c(O)ccc(O)c21,False
Mpro,8y42,A09,401,37,13,158.064,0.351,0.649,B,A09,A1D51,A1D51,A1D51,CNC(=O)c1cc(cc(c1N[C@@H]2CCCC[C@@H]2NC(=O)C3=CC(=O)Nc4c3cccc4)[N+](=O)[O-])C5CC5,False,,CNC(=O)c1cc(C2CC2)cc([N+](=O)[O-])c1N[C@@H]1CCCC[C@@H]1NC(=O)c1cc(=O)[nH]c2ccccc12,False
Mpro,8y42,A09,401,37,16,175.722,0.432,0.568,C,A09,A1D51,A1D51,A1D51,CNC(=O)c1cc(cc(c1N[C@@H]2CCCC[C@@H]2NC(=O)C3=CC(=O)Nc4c3cccc4)[N+](=O)[O-])C5CC5,False,,CNC(=O)c1cc(C2CC2)cc([N+](=O)[O-])c1N[C@@H]1CCCC[C@@H]1NC(=O)c1cc(=O)[nH]c2ccccc12,False
Mpro,8y42,A09,401,37,17,180.553,0.459,0.541,D,A09,A1D51,A1D51,A1D51,CNC(=O)c1cc(cc(c1N[C@@H]2CCCC[C@@H]2NC(=O)C3=CC(=O)Nc4c3cccc4)[N+](=O)[O-])C5CC5,False,,CNC(=O)c1cc(C2CC2)cc([N+](=O)[O-])c1N[C@@H]1CCCC[C@@H]1NC(=O)c1cc(=O)[nH]c2ccccc12,False
Mpro,8y44,A10,401,39,16,186.998,0.41,0.59,A,A10,A1D50,A1D50,A1D50,c1ccc2c(c1)C(=CC(=O)N2)C(=O)N[C@H]3CCCC[C@H]3Nc4c(cc(cc4[N+](=O)[O-])Br)C(=O)N5CCOCC5,False,,O=C(N[C@H]1CCCC[C@H]1Nc1c(C(=O)N2CCOCC2)cc(Br)cc1[N+](=O)[O-])c1cc(=O)[nH]c2ccccc12,False
Mpro,8y44,A10,401,39,19,201.707,0.487,0.513,B,A10,A1D50,A1D50,A1D50,c1ccc2c(c1)C(=CC(=O)N2)C(=O)N[C@H]3CCCC[C@H]3Nc4c(cc(cc4[N+](=O)[O-])Br)C(=O)N5CCOCC5,False,,O=C(N[C@H]1CCCC[C@H]1Nc1c(C(=O)N2CCOCC2)cc(Br)cc1[N+](=O)[O-])c1cc(=O)[nH]c2ccccc12,False
Mpro,8y4e,FHR,301,33,17,198.491,0.515,0.485,A,FHR,FHR,FHR,,c1ccc2c(c1)cc([nH]2)C(=O)N[C@@H](CC3CCCCC3)C(=O)N[C@@H](C[C@@H]4CCNC4=O)C=O,False,,O=C[C@H](C[C@@H]1CCNC1=O)NC(=O)[C@H](CC1CCCCC1)NC(=O)c1cc2ccccc2[nH]1,False
Mpro,8yls,A11,401,31,17,139.241,0.548,0.452,A,A11,A1LYZ,A1LYZ,A1LYZ,CC(C)C[C@@H](C(=O)N[C@@H](C[C@@H]1CCNC1=O)C=O)NC(=O)OCc2ccc(cc2)OC,False,,COc1ccc(COC(=O)N[C@@H](CC(C)C)C(=O)N[C@H](C=O)C[C@@H]2CCNC2=O)cc1,False
Mpro,8y4e,FHR,301,33,18,211.278,0.545,0.455,B,FHR,FHR,FHR,,c1ccc2c(c1)cc([nH]2)C(=O)N[C@@H](CC3CCCCC3)C(=O)N[C@@H](C[C@@H]4CCNC4=O)C=O,False,,O=C[C@H](C[C@@H]1CCNC1=O)NC(=O)[C@H](CC1CCCCC1)NC(=O)c1cc2ccccc2[nH]1,False
Mpro,8ywy,FHR,401,33,19,141.552,0.576,0.424,A,FHR,FHR,FHR,,c1ccc2c(c1)cc([nH]2)C(=O)N[C@@H](CC3CCCCC3)C(=O)N[C@@H](C[C@@H]4CCNC4=O)C=O,False,,O=C[C@H](C[C@@H]1CCNC1=O)NC(=O)[C@H](CC1CCCCC1)NC(=O)c1cc2ccccc2[nH]1,False
Mpro,9bbp,A13,405,34,16,186.233,0.471,0.529,A,A13,A1ALW,A1ALW,A1ALW,CC(C)C[C@@H](C(=O)N[C@@H](C[C@@H]1CCN[C@@H]1O)CN)NC(=O)c2ccc(cc2)c3ccc(nc3)F,False,,CC(C)C[C@H](NC(=O)c1ccc(-c2ccc(F)nc2)cc1)C(=O)N[C@H](CN)C[C@@H]1CCN[C@@H]1O,False
Mpro,9bbp,PHE,404,187,66,627.806,0.353,0.647,A,PHE,PHE,PHE,,c1ccc(cc1)C[C@@H](C(=O)O)N,False,,N[C@@H](Cc1ccccc1)C(=O)O,False
Mpro,8zbp,A12,401,68,45,659.488,0.662,0.338,A,A12,A1D76,A1D76,A1D76,c1c(cc(c(c1O)O)O)C(=O)O[C@H]2[C@H]3[C@@H]4[C@@H]([C@H](O2)COC(=O)c5cc(c(c(c5-c6c(cc(c(c6O)O)O)C(=O)O4)O)O)O)OC(=O)[C@@H]([C@H]7c8c(cc(c(c8OC(=O)[C@@H]7O)O)O)C(=O)O3)CC(=O)O,False,,O=C(O)C[C@H]1C(=O)O[C@H]2[C@@H]3OC(=O)c4cc(O)c(O)c(O)c4-c4c(cc(O)c(O)c4O)C(=O)OC[C@H]2O[C@@H](OC(=O)c2cc(O)c(O)c(O)c2)[C@@H]3OC(=O)c2cc(O)c(O)c3c2[C@H]1[C@@H](O)C(=O)O3,False
Mpro,9bbp,VAL,402,189,48,651.935,0.254,0.746,A,VAL,VAL,VAL,,CC(C)[C@@H](C(=O)O)N,False,,CC(C)[C@H](N)C(=O)O,False
Mpro,9bbp,THR,403,168,91,1372.589,0.542,0.458,A,THR,THR,THR,,C[C@H]([C@@H](C(=O)O)N)O,False,,C[C@@H](O)[C@H](N)C(=O)O,False
Mpro,9cdk,XEK,401,58,25,146.901,0.431,0.569,A,XEK,XEK,XEK,,CN1C=C(C(=O)NC1=O)C2=CN(C(=O)C(=C2)c3cc(c(c(c3)Cl)F)OCc4ccccc4Cl)c5cccnc5,False,,Cn1cc(-c2cc(-c3cc(Cl)c(F)c(OCc4ccccc4Cl)c3)c(=O)n(-c3cccnc3)c2)c(=O)[nH]c1=O,False
Mpro,9cdm,XEK,401,58,22,140.748,0.379,0.621,A,XEK,XEK,XEK,,CN1C=C(C(=O)NC1=O)C2=CN(C(=O)C(=C2)c3cc(c(c(c3)Cl)F)OCc4ccccc4Cl)c5cccnc5,False,,Cn1cc(-c2cc(-c3cc(Cl)c(F)c(OCc4ccccc4Cl)c3)c(=O)n(-c3cccnc3)c2)c(=O)[nH]c1=O,False
Mpro,9cdl,XEK,401,58,32,160.866,0.552,0.448,A,XEK,XEK,XEK,,CN1C=C(C(=O)NC1=O)C2=CN(C(=O)C(=C2)c3cc(c(c(c3)Cl)F)OCc4ccccc4Cl)c5cccnc5,False,,Cn1cc(-c2cc(-c3cc(Cl)c(F)c(OCc4ccccc4Cl)c3)c(=O)n(-c3cccnc3)c2)c(=O)[nH]c1=O,False
Mpro,9dtz,A14,401,32,20,158.346,0.625,0.375,A,A14,A1BCZ,A1BCZ,A1BCZ,COc1cccc2c1cc([nH]2)C(=O)N[C@@H](CC3CC3)C(=O)N[C@@H](C[C@@H]4CCNC4=O)C=N,False,,COc1cccc2[nH]c(C(=O)N[C@@H](CC3CC3)C(=O)N[C@H](C=N)C[C@@H]3CCNC3=O)cc12,False
Mpro,9dtz,A14,401,32,17,161.011,0.531,0.469,B,A14,A1BCZ,A1BCZ,A1BCZ,COc1cccc2c1cc([nH]2)C(=O)N[C@@H](CC3CC3)C(=O)N[C@@H](C[C@@H]4CCNC4=O)C=N,False,,COc1cccc2[nH]c(C(=O)N[C@@H](CC3CC3)C(=O)N[C@H](C=N)C[C@@H]3CCNC3=O)cc12,False
Mpro,9du2,A15,401,31,20,161.88,0.645,0.355,A,A15,A1BCY,A1BCY,A1BCY,COc1cccc2c1cc([nH]2)C(=O)N[C@@H](CC3CC3)C(=O)N[C@@H](CCS(=O)(=O)C)C=N,False,,COc1cccc2[nH]c(C(=O)N[C@@H](CC3CC3)C(=O)N[C@H](C=N)CCS(C)(=O)=O)cc12,False
Mpro,9du2,A15,401,31,17,162.381,0.548,0.452,B,A15,A1BCY,A1BCY,A1BCY,COc1cccc2c1cc([nH]2)C(=O)N[C@@H](CC3CC3)C(=O)N[C@@H](CCS(=O)(=O)C)C=N,False,,COc1cccc2[nH]c(C(=O)N[C@@H](CC3CC3)C(=O)N[C@H](C=N)CCS(C)(=O)=O)cc12,False
Mpro,9du4,A17,401,31,19,166.35,0.613,0.387,A,A17,A1BCW,A1BCW,A1BCW,COc1cccc2c1cc([nH]2)C(=O)N[C@@H](CC3CC3)C(=O)N[C@@H](CCS(=O)(=O)C)CO,False,,COc1cccc2[nH]c(C(=O)N[C@@H](CC3CC3)C(=O)N[C@H](CO)CCS(C)(=O)=O)cc12,False
Mpro,9du3,A16,401,32,19,157.365,0.594,0.406,A,A16,A1BCX,A1BCX,A1BCX,COc1cccc2c1cc([nH]2)C(=O)N[C@@H](CC3CC3)C(=O)N[C@@H](C[C@H]4CCNC4=O)CO,False,,COc1cccc2[nH]c(C(=O)N[C@@H](CC3CC3)C(=O)N[C@H](CO)C[C@H]3CCNC3=O)cc12,False
Mpro,9du4,A17,401,31,19,156.662,0.613,0.387,B,A17,A1BCW,A1BCW,A1BCW,COc1cccc2c1cc([nH]2)C(=O)N[C@@H](CC3CC3)C(=O)N[C@@H](CCS(=O)(=O)C)CO,False,,COc1cccc2[nH]c(C(=O)N[C@@H](CC3CC3)C(=O)N[C@H](CO)CCS(C)(=O)=O)cc12,False
Mpro,9e7b,A18,401,68,20,137.843,0.294,0.706,A,A18,A1BFE,A1BFE,A1BFE,[H]/N=C\[C@H](C[C@@H]1CCNC1=O)NC(=O)[C@@H]2Cc3ccccc3CN2C(=O)[C@H](C(C)(C)C)NC(=O)C(F)(F)F,False,,[H]/N=C\[C@H](C[C@@H]1CCNC1=O)NC(=O)[C@@H]1Cc2ccccc2CN1C(=O)[C@@H](NC(=O)C(F)(F)F)C(C)(C)C,False
Mpro,9e7s,A18,401,68,21,141.12,0.309,0.691,A,A18,A1BFE,A1BFE,A1BFE,[H]/N=C\[C@H](C[C@@H]1CCNC1=O)NC(=O)[C@@H]2Cc3ccccc3CN2C(=O)[C@H](C(C)(C)C)NC(=O)C(F)(F)F,False,,[H]/N=C\[C@H](C[C@@H]1CCNC1=O)NC(=O)[C@@H]1Cc2ccccc2CN1C(=O)[C@@H](NC(=O)C(F)(F)F)C(C)(C)C,False
Mpro,9el4,V2M,402,67,32,172.228,0.478,0.522,A,V2M,V2M,V2M,,CC(C)C[C@@H](C(=O)N[C@@H](C[C@@H]1CCNC1=O)[C@@H](CO)O)NC(=O)c2cc3c([nH]2)cccc3OC,False,,COc1cccc2[nH]c(C(=O)N[C@@H](CC(C)C)C(=O)N[C@@H](C[C@@H]3CCNC3=O)[C@H](O)CO)cc12,False
Mpro,9eev,4WI,401,35,13,143.638,0.371,0.629,A,4WI,4WI,4WI,,[H]/N=C/[C@H](C[C@@H]1CCNC1=O)NC(=O)[C@@H]2[C@@H]3[C@@H](C3(C)C)CN2C(=O)[C@H](C(C)(C)C)NC(=O)C(F)(F)F,False,,[H]/N=C/[C@H](C[C@@H]1CCNC1=O)NC(=O)[C@@H]1[C@@H]2[C@H](CN1C(=O)[C@@H](NC(=O)C(F)(F)F)C(C)(C)C)C2(C)C,False
Mpro,9e8r,A18,401,68,23,147.072,0.338,0.662,A,A18,A1BFE,A1BFE,A1BFE,[H]/N=C\[C@H](C[C@@H]1CCNC1=O)NC(=O)[C@@H]2Cc3ccccc3CN2C(=O)[C@H](C(C)(C)C)NC(=O)C(F)(F)F,False,,[H]/N=C\[C@H](C[C@@H]1CCNC1=O)NC(=O)[C@@H]1Cc2ccccc2CN1C(=O)[C@@H](NC(=O)C(F)(F)F)C(C)(C)C,False
Mpro,9el4,V2M,402,67,26,157.237,0.388,0.612,B,V2M,V2M,V2M,,CC(C)C[C@@H](C(=O)N[C@@H](C[C@@H]1CCNC1=O)[C@@H](CO)O)NC(=O)c2cc3c([nH]2)cccc3OC,False,,COc1cccc2[nH]c(C(=O)N[C@@H](CC(C)C)C(=O)N[C@@H](C[C@@H]3CCNC3=O)[C@H](O)CO)cc12,False
Mpro,9elv,V2M,402,67,26,157.237,0.388,0.612,A,V2M,V2M,V2M,,CC(C)C[C@@H](C(=O)N[C@@H](C[C@@H]1CCNC1=O)[C@@H](CO)O)NC(=O)c2cc3c([nH]2)cccc3OC,False,,COc1cccc2[nH]c(C(=O)N[C@@H](CC(C)C)C(=O)N[C@@H](C[C@@H]3CCNC3=O)[C@H](O)CO)cc12,False
Mpro,9elv,V2M,402,67,32,172.228,0.478,0.522,B,V2M,V2M,V2M,,CC(C)C[C@@H](C(=O)N[C@@H](C[C@@H]1CCNC1=O)[C@@H](CO)O)NC(=O)c2cc3c([nH]2)cccc3OC,False,,COc1cccc2[nH]c(C(=O)N[C@@H](CC(C)C)C(=O)N[C@@H](C[C@@H]3CCNC3=O)[C@H](O)CO)cc12,False
Mpro,9g0h,A19,402,67,27,166.401,0.403,0.597,A,A19,A1IHT,A1IHT,A1IHT,Cc1cc(cnc1)C(=O)N2C[C@H]3CC[C@@H](C2)N3[C@@H](c4cccc(c4)F)c5cn(nn5)CCc6ccsc6,False,,Cc1cncc(C(=O)N2C[C@H]3CC[C@@H](C2)N3[C@@H](c2cccc(F)c2)c2cn(CCc3ccsc3)nn2)c1,False
Mpro,9gf7,A21,401,31,9,125.791,0.29,0.71,A,A21,A1IYL,A1IYL,A1IYL,CC(C)C[C@@H](C(=O)N[C@@H](C[C@@H]1CCNC1=O)C=O)NC(=O)c2cccc3c2nccc3,False,,CC(C)C[C@H](NC(=O)c1cccc2cccnc12)C(=O)N[C@H](C=O)C[C@@H]1CCNC1=O,False
Mpro,9gij,A22,401,35,17,191.543,0.486,0.514,A,A22,A1IL0,A1IL0,A1IL0,CNC(=O)[C@@H](Cc1ccc(cc1)Cl)N(C)C(=O)C[C@H]2CCCN2C(=O)c3cncc4c3cccc4,False,,CNC(=O)[C@@H](Cc1ccc(Cl)cc1)N(C)C(=O)C[C@H]1CCCN1C(=O)c1cncc2ccccc12,False
Mpro,9gil,A23,401,36,20,198.358,0.556,0.444,A,A23,A1IL7,A1IL7,A1IL7,c1cc(ccc1C[C@@H]2C(=O)OCCCCC/C=C/c3cc(cnc3)C(=O)N4CCC[C@@H]4CC(=O)N2)Cl,False,,O=C1C[C@H]2CCCN2C(=O)c2cncc(c2)/C=C/CCCCCOC(=O)[C@@H](Cc2ccc(Cl)cc2)N1,False
Mpro,9g0i,A20,403,60,21,119.625,0.35,0.65,A,A20,A1IHV,A1IHV,A1IHV,Cc1cc(cnc1)C(=O)N2C[C@H]3CC[C@@H](C2)N3[C@H](c4cccc(c4)F)c5cn(nn5)CCc6ccsc6,False,,Cc1cncc(C(=O)N2C[C@H]3CC[C@@H](C2)N3[C@H](c2cccc(F)c2)c2cn(CCc3ccsc3)nn2)c1,False
Mpro,9gil,A23,401,36,20,195.868,0.556,0.444,B,A23,A1IL7,A1IL7,A1IL7,c1cc(ccc1C[C@@H]2C(=O)OCCCCC/C=C/c3cc(cnc3)C(=O)N4CCC[C@@H]4CC(=O)N2)Cl,False,,O=C1C[C@H]2CCCN2C(=O)c2cncc(c2)/C=C/CCCCCOC(=O)[C@@H](Cc2ccc(Cl)cc2)N1,False
Mpro,9glv,A24,401,40,15,151.284,0.375,0.625,A,A24,A1IMY,A1IMY,A1IMY,CC1(C[C@@H](C(=O)N1)C[C@@H](C=N)NC(=O)[C@@H]2[C@@H]3CC[C@H](N2C(=O)[C@@H](CC4CCC4)NC(=O)C(F)(F)F)CC3(F)F)C,False,,CC1(C)C[C@H](C[C@@H](C=N)NC(=O)[C@@H]2[C@@H]3CC[C@@H](CC3(F)F)N2C(=O)[C@@H](CC2CCC2)NC(=O)C(F)(F)F)C(=O)N1,False
Mpro,9glv,A24,401,40,14,170.124,0.35,0.65,B,A24,A1IMY,A1IMY,A1IMY,CC1(C[C@@H](C(=O)N1)C[C@@H](C=N)NC(=O)[C@@H]2[C@@H]3CC[C@H](N2C(=O)[C@@H](CC4CCC4)NC(=O)C(F)(F)F)CC3(F)F)C,False,,CC1(C)C[C@H](C[C@@H](C=N)NC(=O)[C@@H]2[C@@H]3CC[C@@H](CC3(F)F)N2C(=O)[C@@H](CC2CCC2)NC(=O)C(F)(F)F)C(=O)N1,False
Mpro,9gmq,MXU,401,36,17,207.049,0.472,0.528,A,MXU,MXU,MXU,,CC(C)(C)OC(=O)NC1=CC=CN(C1=O)[C@@H](CC2CC2)C(=O)N[C@@H](C[C@@H]3CCNC3=O)[C@H](C(=O)N)O,False,,CC(C)(C)OC(=O)Nc1cccn([C@@H](CC2CC2)C(=O)N[C@@H](C[C@@H]2CCNC2=O)[C@@H](O)C(N)=O)c1=O,False
Mpro,9gmq,MXU,401,36,18,191.328,0.5,0.5,B,MXU,MXU,MXU,,CC(C)(C)OC(=O)NC1=CC=CN(C1=O)[C@@H](CC2CC2)C(=O)N[C@@H](C[C@@H]3CCNC3=O)[C@H](C(=O)N)O,False,,CC(C)(C)OC(=O)Nc1cccn([C@@H](CC2CC2)C(=O)N[C@@H](C[C@@H]2CCNC2=O)[C@@H](O)C(N)=O)c1=O,False
Mpro,9h0f,A25,402,32,14,141.987,0.438,0.562,A,A25,A1IRW,A1IRW,A1IRW,CC(C)(C)[C@@H](C(=O)N1C[Si](C[C@H]1C(=O)N[C@@H](C[C@@H]2CCNC2=O)C#N)(C)C)NC(=O)OC,False,,COC(=O)N[C@H](C(=O)N1C[Si](C)(C)C[C@H]1C(=O)N[C@H](C#N)C[C@@H]1CCNC1=O)C(C)(C)C,False
Mpro,9h4b,A26,401,45,18,183.761,0.4,0.6,A,A26,A1ISK,A1ISK,A1ISK,CC(C)C[C@@H](C(=O)N[C@@H](C[C@@H]1CCNC1=O)[C@@H](c2nc(cs2)C(=O)OC)O)NC(=O)[C@H](C(C)C)NC(=O)OCc3ccccc3,False,,COC(=O)c1csc([C@@H](O)[C@H](C[C@@H]2CCNC2=O)NC(=O)[C@H](CC(C)C)NC(=O)[C@@H](NC(=O)OCc2ccccc2)C(C)C)n1,False
Mpro,9h0f,A25,402,32,16,155.793,0.5,0.5,B,A25,A1IRW,A1IRW,A1IRW,CC(C)(C)[C@@H](C(=O)N1C[Si](C[C@H]1C(=O)N[C@@H](C[C@@H]2CCNC2=O)C#N)(C)C)NC(=O)OC,False,,COC(=O)N[C@H](C(=O)N1C[Si](C)(C)C[C@H]1C(=O)N[C@H](C#N)C[C@@H]1CCNC1=O)C(C)(C)C,False
Mpro,9haj,A27,401,31,13,144.78,0.419,0.581,A,A27,A1ITJ,A1ITJ,A1ITJ,CCc1cc(ccc1CN2CCN(CC[C@@H]2C(=O)NCC)C(=O)c3cc(cnc3)Cl)Br,False,,CCNC(=O)[C@H]1CCN(C(=O)c2cncc(Cl)c2)CCN1Cc1ccc(Br)cc1CC,False
Mpro,9haj,A27,401,31,13,139.85,0.419,0.581,B,A27,A1ITJ,A1ITJ,A1ITJ,CCc1cc(ccc1CN2CCN(CC[C@@H]2C(=O)NCC)C(=O)c3cc(cnc3)Cl)Br,False,,CCNC(=O)[C@H]1CCN(C(=O)c2cncc(Cl)c2)CCN1Cc1ccc(Br)cc1CC,False
Mpro,9hak,A28,401,33,15,154.451,0.455,0.545,A,A28,A1ITI,A1ITI,A1ITI,CCc1cc(ccc1CN2CCN(CC[C@@H]2C(=O)NCC)C(=O)c3cncc4c3ccs4)Br,False,,CCNC(=O)[C@H]1CCN(C(=O)c2cncc3sccc23)CCN1Cc1ccc(Br)cc1CC,False
Mpro,9hfx,A29,401,33,11,138.11,0.333,0.667,A,A29,A1IUN,A1IUN,A1IUN,[H]/N=C/[C@H](C[C@@H]1CCNC1=O)NC(=O)[C@@H]2[C@H]3[C@@H]4C[C@H]([C@H]3CN2C(=O)[C@H](C(C)(C)C)NC(=O)C(F)(F)Cl)C=C4,False,,[H]/N=C/[C@H](C[C@@H]1CCNC1=O)NC(=O)[C@@H]1[C@@H]2[C@H](CN1C(=O)[C@@H](NC(=O)C(F)(F)Cl)C(C)(C)C)[C@@H]1C=C[C@H]2C1,False
Mpro,9hak,A28,401,33,13,148.382,0.394,0.606,B,A28,A1ITI,A1ITI,A1ITI,CCc1cc(ccc1CN2CCN(CC[C@@H]2C(=O)NCC)C(=O)c3cncc4c3ccs4)Br,False,,CCNC(=O)[C@H]1CCN(C(=O)c2cncc3sccc23)CCN1Cc1ccc(Br)cc1CC,False
Mpro,9hfy,A30,401,44,23,244.727,0.523,0.477,A,A30,A1IUM,A1IUM,A1IUM,COc1cccc2c1cc([nH]2)C(=O)N3C[C@@H]4CCC[C@@H]4[C@H]3C(=O)N[C@@H](C[C@@H]5CCNC5=O)[C@H](C(=O)NCc6ccccc6)O,False,,COc1cccc2[nH]c(C(=O)N3C[C@@H]4CCC[C@@H]4[C@H]3C(=O)N[C@@H](C[C@@H]3CCNC3=O)[C@@H](O)C(=O)NCc3ccccc3)cc12,False
Mpro,9hfy,A30,401,44,23,247.348,0.523,0.477,B,A30,A1IUM,A1IUM,A1IUM,COc1cccc2c1cc([nH]2)C(=O)N3C[C@@H]4CCC[C@@H]4[C@H]3C(=O)N[C@@H](C[C@@H]5CCNC5=O)[C@H](C(=O)NCc6ccccc6)O,False,,COc1cccc2[nH]c(C(=O)N3C[C@@H]4CCC[C@@H]4[C@H]3C(=O)N[C@@H](C[C@@H]3CCNC3=O)[C@@H](O)C(=O)NCc3ccccc3)cc12,False
Mpro,9hjh,A31,401,31,12,149.153,0.387,0.613,A,A31,A1IVK,A1IVK,A1IVK,CCc1cc(ccc1CN2CCCN([C@H](C2)C(=O)NCC)C(=O)c3cc(cnc3)Cl)Br,False,,CCNC(=O)[C@H]1CN(Cc2ccc(Br)cc2CC)CCCN1C(=O)c1cncc(Cl)c1,False
Mpro,9ir9,A32,401,31,11,123.398,0.355,0.645,A,A32,A1D7M,A1D7M,A1D7M,[H]/N=C/[C@H](C[C@@H]1CCNC1=O)NC(=O)[C@H](CC(C)C)NC(=O)[C@H](C(C)(C)C)NS(=O)(=O)C,False,,[H]/N=C/[C@H](C[C@@H]1CCNC1=O)NC(=O)[C@H](CC(C)C)NC(=O)[C@@H](NS(C)(=O)=O)C(C)(C)C,False
Mpro,9hjh,A31,401,31,13,129.914,0.419,0.581,B,A31,A1IVK,A1IVK,A1IVK,CCc1cc(ccc1CN2CCCN([C@H](C2)C(=O)NCC)C(=O)c3cc(cnc3)Cl)Br,False,,CCNC(=O)[C@H]1CN(Cc2ccc(Br)cc2CC)CCCN1C(=O)c1cncc(Cl)c1,False
Mpro,9j19,MIY,401,33,30,408.793,0.909,0.091,A,MIY,MIY,MIY,,CN(C)c1ccc(c2c1C[C@H]3C[C@H]4[C@@H](C(=C(C(=O)[C@]4(C(=C3C2=O)O)O)C(=O)N)O)N(C)C)O,False,,CN(C)c1ccc(O)c2c1C[C@H]1C[C@H]3[C@H](N(C)C)C(O)=C(C(N)=O)C(=O)[C@@]3(O)C(O)=C1C2=O,False
Mpro,9lll,A33,401,62,29,198.494,0.468,0.532,A,A33,A1EK4,A1EK4,A1EK4,Cn1cc2cc(c(cc2n1)Cl)/N=C/3\NC(=O)N(C(=O)N3Cc4cc(c(cc4Oc5ccc(s5)CN)F)Cl)CC6=CC=CNC6=O,False,,Cn1cc2cc(/N=c3\[nH]c(=O)n(Cc4ccc[nH]c4=O)c(=O)n3Cc3cc(Cl)c(F)cc3Oc3ccc(CN)s3)c(Cl)cc2n1,False
Mpro,9m9r,4WI,401,35,9,119.669,0.257,0.743,A,4WI,4WI,4WI,,[H]/N=C/[C@H](C[C@@H]1CCNC1=O)NC(=O)[C@@H]2[C@@H]3[C@@H](C3(C)C)CN2C(=O)[C@H](C(C)(C)C)NC(=O)C(F)(F)F,False,,[H]/N=C/[C@H](C[C@@H]1CCNC1=O)NC(=O)[C@@H]1[C@@H]2[C@H](CN1C(=O)[C@@H](NC(=O)C(F)(F)F)C(C)(C)C)C2(C)C,False
Mpro,9ma3,4WI,401,35,11,129.806,0.314,0.686,A,4WI,4WI,4WI,,[H]/N=C/[C@H](C[C@@H]1CCNC1=O)NC(=O)[C@@H]2[C@@H]3[C@@H](C3(C)C)CN2C(=O)[C@H](C(C)(C)C)NC(=O)C(F)(F)F,False,,[H]/N=C/[C@H](C[C@@H]1CCNC1=O)NC(=O)[C@@H]1[C@@H]2[C@H](CN1C(=O)[C@@H](NC(=O)C(F)(F)F)C(C)(C)C)C2(C)C,False
Mpro,9ma6,4WI,401,35,9,119.519,0.257,0.743,A,4WI,4WI,4WI,,[H]/N=C/[C@H](C[C@@H]1CCNC1=O)NC(=O)[C@@H]2[C@@H]3[C@@H](C3(C)C)CN2C(=O)[C@H](C(C)(C)C)NC(=O)C(F)(F)F,False,,[H]/N=C/[C@H](C[C@@H]1CCNC1=O)NC(=O)[C@@H]1[C@@H]2[C@H](CN1C(=O)[C@@H](NC(=O)C(F)(F)F)C(C)(C)C)C2(C)C,False
Mpro,9ma6,4WI,401,35,12,128.078,0.343,0.657,B,4WI,4WI,4WI,,[H]/N=C/[C@H](C[C@@H]1CCNC1=O)NC(=O)[C@@H]2[C@@H]3[C@@H](C3(C)C)CN2C(=O)[C@H](C(C)(C)C)NC(=O)C(F)(F)F,False,,[H]/N=C/[C@H](C[C@@H]1CCNC1=O)NC(=O)[C@@H]1[C@@H]2[C@H](CN1C(=O)[C@@H](NC(=O)C(F)(F)F)C(C)(C)C)C2(C)C,False
Mpro,9mdq,A34,401,34,18,158.661,0.529,0.471,A,A34,A1BKV,A1BKV,A1BKV,CC(C)C[C@@H](C(=O)NN(CC1=CC=CNC1=O)C(=O)C(Cl)Cl)NC(=O)c2cc3c([nH]2)cccc3OC,False,,COc1cccc2[nH]c(C(=O)N[C@@H](CC(C)C)C(=O)NN(Cc3ccc[nH]c3=O)C(=O)C(Cl)Cl)cc12,False
Mpro,9mei,V2M,402,67,31,167.197,0.463,0.537,A,V2M,V2M,V2M,,CC(C)C[C@@H](C(=O)N[C@@H](C[C@@H]1CCNC1=O)[C@@H](CO)O)NC(=O)c2cc3c([nH]2)cccc3OC,False,,COc1cccc2[nH]c(C(=O)N[C@@H](CC(C)C)C(=O)N[C@@H](C[C@@H]3CCNC3=O)[C@H](O)CO)cc12,False
Mpro,9mei,V2M,401,67,29,166.842,0.433,0.567,B,V2M,V2M,V2M,,CC(C)C[C@@H](C(=O)N[C@@H](C[C@@H]1CCNC1=O)[C@@H](CO)O)NC(=O)c2cc3c([nH]2)cccc3OC,False,,COc1cccc2[nH]c(C(=O)N[C@@H](CC(C)C)C(=O)N[C@@H](C[C@@H]3CCNC3=O)[C@H](O)CO)cc12,False
Mpro,9mvm,A36,401,23,12,92.878,0.522,0.478,A,A36,A1BTM,A1BTM,A1BTM,c1c(csc1CN2CCC(=O)N(C2=O)CC3=CC=CNC3=O)Cl,False,,O=C1CCN(Cc2cc(Cl)cs2)C(=O)N1Cc1ccc[nH]c1=O,False
Mpro,9mlj,A35,402,84,19,153.797,0.226,0.774,A,A35,A1BMU,A1BMU,A1BMU,CC(C)(C)[C@@H](C(=O)N1Cc2cc(ccc2C[C@H]1C(=O)N[C@@H](C[C@@H]3CCCNC3=O)[C@@H](c4nc5ccccc5s4)O)F)NC(=O)C(F)(F)F,False,,CC(C)(C)[C@H](NC(=O)C(F)(F)F)C(=O)N1Cc2cc(F)ccc2C[C@H]1C(=O)N[C@@H](C[C@@H]1CCCNC1=O)[C@H](O)c1nc2ccccc2s1,False
Mpro,9mvp,A39,,0,0,0.0,0.0,1.0,A,A39,A1BTP,A1BTP,A1BTP,CC1=C(C(=O)N(C(=O)N1CC=C)c2cncc3c2cccc3)n4c5ccccc5nn4,False,,C=CCn1c(C)c(-n2nnc3ccccc32)c(=O)n(-c2cncc3ccccc23)c1=O,False
Mpro,9mvo,A37,,0,0,0.0,0.0,1.0,A,A37,A1BVT,A1BVT,A1BVT,C=CCN1C(=C(C(=O)N(C1=O)c2cncc3c2cccc3)n4c5ccccc5nn4)c6cccc(c6)Cl,False,,C=CCn1c(-c2cccc(Cl)c2)c(-n2nnc3ccccc32)c(=O)n(-c2cncc3ccccc23)c1=O,False
Mpro,9mvo,A38,,0,0,0.0,0.0,1.0,A,A38,A1BTO,A1BTO,A1BTO,C#CCN1C(=C(C(=O)N(C1=O)c2cncc3c2cccc3)n4c5ccccc5nn4)c6cccc(c6)Cl,False,,C#CCn1c(-c2cccc(Cl)c2)c(-n2nnc3ccccc32)c(=O)n(-c2cncc3ccccc23)c1=O,False
Mpro,9mvq,A40,402,34,17,155.774,0.5,0.5,A,A40,A1BTN,A1BTN,A1BTN,c1ccc2c(c1)cncc2N3C(=O)C(=C(NC3=O)c4cccc(c4)Cl)n5c6ccccc6nn5,False,,O=c1[nH]c(-c2cccc(Cl)c2)c(-n2nnc3ccccc32)c(=O)n1-c1cncc2ccccc12,False
Mpro,9mvq,A40,401,34,17,168.903,0.5,0.5,B,A40,A1BTN,A1BTN,A1BTN,c1ccc2c(c1)cncc2N3C(=O)C(=C(NC3=O)c4cccc(c4)Cl)n5c6ccccc6nn5,False,,O=c1[nH]c(-c2cccc(Cl)c2)c(-n2nnc3ccccc32)c(=O)n1-c1cncc2ccccc12,False
Mpro,9n3m,A41,401,32,22,181.159,0.688,0.312,A,A41,A1BVV,A1BVV,A1BVV,C[C@@H](C[C@@H]([C@@H](O)S(=O)(=O)O)NC(=O)[C@H](CC1CC1)NC(=O)c2cc3c([nH]2)cccc3OC)C(=O)NC,False,,CNC(=O)[C@@H](C)C[C@H](NC(=O)[C@H](CC1CC1)NC(=O)c1cc2c(OC)cccc2[nH]1)[C@@H](O)S(=O)(=O)O,False
Mpro,9n5q,A18,401,68,25,148.574,0.368,0.632,A,A18,A1BFE,A1BFE,A1BFE,[H]/N=C\[C@H](C[C@@H]1CCNC1=O)NC(=O)[C@@H]2Cc3ccccc3CN2C(=O)[C@H](C(C)(C)C)NC(=O)C(F)(F)F,False,,[H]/N=C\[C@H](C[C@@H]1CCNC1=O)NC(=O)[C@@H]1Cc2ccccc2CN1C(=O)[C@@H](NC(=O)C(F)(F)F)C(C)(C)C,False
Mpro,9n6f,A18,401,68,20,138.683,0.294,0.706,A,A18,A1BFE,A1BFE,A1BFE,[H]/N=C\[C@H](C[C@@H]1CCNC1=O)NC(=O)[C@@H]2Cc3ccccc3CN2C(=O)[C@H](C(C)(C)C)NC(=O)C(F)(F)F,False,,[H]/N=C\[C@H](C[C@@H]1CCNC1=O)NC(=O)[C@@H]1Cc2ccccc2CN1C(=O)[C@@H](NC(=O)C(F)(F)F)C(C)(C)C,False
Mpro,9n9b,A18,401,68,24,132.7,0.353,0.647,A,A18,A1BFE,A1BFE,A1BFE,[H]/N=C\[C@H](C[C@@H]1CCNC1=O)NC(=O)[C@@H]2Cc3ccccc3CN2C(=O)[C@H](C(C)(C)C)NC(=O)C(F)(F)F,False,,[H]/N=C\[C@H](C[C@@H]1CCNC1=O)NC(=O)[C@@H]1Cc2ccccc2CN1C(=O)[C@@H](NC(=O)C(F)(F)F)C(C)(C)C,False
Mpro,9nng,A18,401,68,21,137.523,0.309,0.691,A,A18,A1BFE,A1BFE,A1BFE,[H]/N=C\[C@H](C[C@@H]1CCNC1=O)NC(=O)[C@@H]2Cc3ccccc3CN2C(=O)[C@H](C(C)(C)C)NC(=O)C(F)(F)F,False,,[H]/N=C\[C@H](C[C@@H]1CCNC1=O)NC(=O)[C@@H]1Cc2ccccc2CN1C(=O)[C@@H](NC(=O)C(F)(F)F)C(C)(C)C,False
Mpro,9o6d,V2M,401,62,26,161.92,0.419,0.581,A,V2M,V2M,V2M,,CC(C)C[C@@H](C(=O)N[C@@H](C[C@@H]1CCNC1=O)[C@@H](CO)O)NC(=O)c2cc3c([nH]2)cccc3OC,False,,COc1cccc2[nH]c(C(=O)N[C@@H](CC(C)C)C(=O)N[C@@H](C[C@@H]3CCNC3=O)[C@H](O)CO)cc12,False
Mpro,9o6e,V2M,404,62,30,187.198,0.484,0.516,A,V2M,V2M,V2M,,CC(C)C[C@@H](C(=O)N[C@@H](C[C@@H]1CCNC1=O)[C@@H](CO)O)NC(=O)c2cc3c([nH]2)cccc3OC,False,,COc1cccc2[nH]c(C(=O)N[C@@H](CC(C)C)C(=O)N[C@@H](C[C@@H]3CCNC3=O)[C@H](O)CO)cc12,False
Mpro,9o6d,V2M,401,62,30,174.076,0.484,0.516,B,V2M,V2M,V2M,,CC(C)C[C@@H](C(=O)N[C@@H](C[C@@H]1CCNC1=O)[C@@H](CO)O)NC(=O)c2cc3c([nH]2)cccc3OC,False,,COc1cccc2[nH]c(C(=O)N[C@@H](CC(C)C)C(=O)N[C@@H](C[C@@H]3CCNC3=O)[C@H](O)CO)cc12,False
Mpro,9nnw,A35,401,84,23,157.528,0.274,0.726,A,A35,A1BMU,A1BMU,A1BMU,CC(C)(C)[C@@H](C(=O)N1Cc2cc(ccc2C[C@H]1C(=O)N[C@@H](C[C@@H]3CCCNC3=O)[C@@H](c4nc5ccccc5s4)O)F)NC(=O)C(F)(F)F,False,,CC(C)(C)[C@H](NC(=O)C(F)(F)F)C(=O)N1Cc2cc(F)ccc2C[C@H]1C(=O)N[C@@H](C[C@@H]1CCCNC1=O)[C@H](O)c1nc2ccccc2s1,False
Mpro,9o6f,V2M,401,62,28,173.518,0.452,0.548,A,V2M,V2M,V2M,,CC(C)C[C@@H](C(=O)N[C@@H](C[C@@H]1CCNC1=O)[C@@H](CO)O)NC(=O)c2cc3c([nH]2)cccc3OC,False,,COc1cccc2[nH]c(C(=O)N[C@@H](CC(C)C)C(=O)N[C@@H](C[C@@H]3CCNC3=O)[C@H](O)CO)cc12,False
Mpro,9o6e,V2M,401,62,27,177.41,0.435,0.565,B,V2M,V2M,V2M,,CC(C)C[C@@H](C(=O)N[C@@H](C[C@@H]1CCNC1=O)[C@@H](CO)O)NC(=O)c2cc3c([nH]2)cccc3OC,False,,COc1cccc2[nH]c(C(=O)N[C@@H](CC(C)C)C(=O)N[C@@H](C[C@@H]3CCNC3=O)[C@H](O)CO)cc12,False
Mpro,9o6f,V2M,401,62,29,180.333,0.468,0.532,B,V2M,V2M,V2M,,CC(C)C[C@@H](C(=O)N[C@@H](C[C@@H]1CCNC1=O)[C@@H](CO)O)NC(=O)c2cc3c([nH]2)cccc3OC,False,,COc1cccc2[nH]c(C(=O)N[C@@H](CC(C)C)C(=O)N[C@@H](C[C@@H]3CCNC3=O)[C@H](O)CO)cc12,False
Mpro,9o6p,V2M,401,67,26,161.903,0.388,0.612,A,V2M,V2M,V2M,,CC(C)C[C@@H](C(=O)N[C@@H](C[C@@H]1CCNC1=O)[C@@H](CO)O)NC(=O)c2cc3c([nH]2)cccc3OC,False,,COc1cccc2[nH]c(C(=O)N[C@@H](CC(C)C)C(=O)N[C@@H](C[C@@H]3CCNC3=O)[C@H](O)CO)cc12,False
Mpro,9o6q,V2M,401,67,30,175.432,0.448,0.552,A,V2M,V2M,V2M,,CC(C)C[C@@H](C(=O)N[C@@H](C[C@@H]1CCNC1=O)[C@@H](CO)O)NC(=O)c2cc3c([nH]2)cccc3OC,False,,COc1cccc2[nH]c(C(=O)N[C@@H](CC(C)C)C(=O)N[C@@H](C[C@@H]3CCNC3=O)[C@H](O)CO)cc12,False
Mpro,9o6p,V2M,401,67,29,172.402,0.433,0.567,B,V2M,V2M,V2M,,CC(C)C[C@@H](C(=O)N[C@@H](C[C@@H]1CCNC1=O)[C@@H](CO)O)NC(=O)c2cc3c([nH]2)cccc3OC,False,,COc1cccc2[nH]c(C(=O)N[C@@H](CC(C)C)C(=O)N[C@@H](C[C@@H]3CCNC3=O)[C@H](O)CO)cc12,False
Mpro,9o74,V2M,401,67,30,169.638,0.448,0.552,A,V2M,V2M,V2M,,CC(C)C[C@@H](C(=O)N[C@@H](C[C@@H]1CCNC1=O)[C@@H](CO)O)NC(=O)c2cc3c([nH]2)cccc3OC,False,,COc1cccc2[nH]c(C(=O)N[C@@H](CC(C)C)C(=O)N[C@@H](C[C@@H]3CCNC3=O)[C@H](O)CO)cc12,False
Mpro,9o6q,V2M,401,67,28,158.93,0.418,0.582,B,V2M,V2M,V2M,,CC(C)C[C@@H](C(=O)N[C@@H](C[C@@H]1CCNC1=O)[C@@H](CO)O)NC(=O)c2cc3c([nH]2)cccc3OC,False,,COc1cccc2[nH]c(C(=O)N[C@@H](CC(C)C)C(=O)N[C@@H](C[C@@H]3CCNC3=O)[C@H](O)CO)cc12,False
Mpro,9o74,V2M,401,67,26,169.612,0.388,0.612,B,V2M,V2M,V2M,,CC(C)C[C@@H](C(=O)N[C@@H](C[C@@H]1CCNC1=O)[C@@H](CO)O)NC(=O)c2cc3c([nH]2)cccc3OC,False,,COc1cccc2[nH]c(C(=O)N[C@@H](CC(C)C)C(=O)N[C@@H](C[C@@H]3CCNC3=O)[C@H](O)CO)cc12,False
Mpro,9opm,V2M,401,67,31,183.499,0.463,0.537,A,V2M,V2M,V2M,,CC(C)C[C@@H](C(=O)N[C@@H](C[C@@H]1CCNC1=O)[C@@H](CO)O)NC(=O)c2cc3c([nH]2)cccc3OC,False,,COc1cccc2[nH]c(C(=O)N[C@@H](CC(C)C)C(=O)N[C@@H](C[C@@H]3CCNC3=O)[C@H](O)CO)cc12,False
Mpro,9opm,V2M,401,67,29,178.899,0.433,0.567,B,V2M,V2M,V2M,,CC(C)C[C@@H](C(=O)N[C@@H](C[C@@H]1CCNC1=O)[C@@H](CO)O)NC(=O)c2cc3c([nH]2)cccc3OC,False,,COc1cccc2[nH]c(C(=O)N[C@@H](CC(C)C)C(=O)N[C@@H](C[C@@H]3CCNC3=O)[C@H](O)CO)cc12,False
Mpro,9opn,V2M,401,67,32,176.7,0.478,0.522,A,V2M,V2M,V2M,,CC(C)C[C@@H](C(=O)N[C@@H](C[C@@H]1CCNC1=O)[C@@H](CO)O)NC(=O)c2cc3c([nH]2)cccc3OC,False,,COc1cccc2[nH]c(C(=O)N[C@@H](CC(C)C)C(=O)N[C@@H](C[C@@H]3CCNC3=O)[C@H](O)CO)cc12,False
Mpro,9pfh,WZK,401,31,14,121.123,0.452,0.548,A,WZK,WZK,WZK,,CN(C)c1ccc(cc1)N(Cc2cc(cs2)Cl)C(=O)Cc3cncc4c3c(ccc4)O,False,,CN(C)c1ccc(N(Cc2cc(Cl)cs2)C(=O)Cc2cncc3cccc(O)c23)cc1,False
Mpro,9opn,V2M,401,67,28,168.731,0.418,0.582,B,V2M,V2M,V2M,,CC(C)C[C@@H](C(=O)N[C@@H](C[C@@H]1CCNC1=O)[C@@H](CO)O)NC(=O)c2cc3c([nH]2)cccc3OC,False,,COc1cccc2[nH]c(C(=O)N[C@@H](CC(C)C)C(=O)N[C@@H](C[C@@H]3CCNC3=O)[C@H](O)CO)cc12,False
Mpro,9q7s,A42,401,36,12,167.074,0.333,0.667,A,A42,A1CR4,A1CR4,A1CR4,CC1([C@@H]2[C@H]1[C@H](N(C2)C(=O)[C@H](C(C)(C)C)NC(=O)OC)C(=O)N[C@@H](CCSC)[C@H](C(=O)NC3CC3)O)C,False,,COC(=O)N[C@H](C(=O)N1C[C@H]2[C@@H]([C@H]1C(=O)N[C@@H](CCSC)[C@@H](O)C(=O)NC1CC1)C2(C)C)C(C)(C)C,False
Mpro,9pfh,WZK,401,31,15,128.952,0.484,0.516,B,WZK,WZK,WZK,,CN(C)c1ccc(cc1)N(Cc2cc(cs2)Cl)C(=O)Cc3cncc4c3c(ccc4)O,False,,CN(C)c1ccc(N(Cc2cc(Cl)cs2)C(=O)Cc2cncc3cccc(O)c23)cc1,False
Mpro,9uoq,A44,,0,0,0.0,0.0,1.0,A,A44,A1EPZ,A1EPZ,A1EPZ,CC(C)C[C@@H](C(=O)N[C@@H](C[C@@H]1CCNC1=O)C=O)NC(=O)[C@H](C(C)(C)C)NC(=O)C(F)(F)F,False,,CC(C)C[C@H](NC(=O)[C@@H](NC(=O)C(F)(F)F)C(C)(C)C)C(=O)N[C@H](C=O)C[C@@H]1CCNC1=O,False
Mpro,9whe,A45,,0,0,0.0,0.0,1.0,A,A45,A1MBL,A1MBL,A1MBL,CC(=O)N(c1ccc(cc1)c2ccns2)[C@H](c3cnccn3)C(=O)NC4CCC(CC4)(F)F,False,,CC(=O)N(c1ccc(-c2ccns2)cc1)[C@@H](C(=O)NC1CCC(F)(F)CC1)c1cnccn1,False
Mpro,9sdm,A43,401,71,28,193.378,0.394,0.606,A,A43,A1JNF,A1JNF,A1JNF,CC(=O)N(Cc1cccc(c1)Cl)NC(=O)[C@H](Cc2ccccc2)NC(=O)[C@H](C(C)(C)C)NC(=O)c3cccs3,False,,CC(=O)N(Cc1cccc(Cl)c1)NC(=O)[C@H](Cc1ccccc1)NC(=O)[C@@H](NC(=O)c1cccs1)C(C)(C)C,False
Mpro,9sdm,A43,401,71,33,194.85,0.465,0.535,B,A43,A1JNF,A1JNF,A1JNF,CC(=O)N(Cc1cccc(c1)Cl)NC(=O)[C@H](Cc2ccccc2)NC(=O)[C@H](C(C)(C)C)NC(=O)c3cccs3,False,,CC(=O)N(Cc1cccc(Cl)c1)NC(=O)[C@H](Cc1ccccc1)NC(=O)[C@@H](NC(=O)c1cccs1)C(C)(C)C,False
Mpro,9xym,A46,401,31,13,104.078,0.419,0.581,A,A46,A1CR5,A1CR5,A1CR5,CC(C)[C@@H](C(=O)N1C[C@H]2[C@@H]([C@H]1C(=O)N[C@@H](CCSC)C=O)C2(C)C)NC(=O)C(F)(F)F,False,,CSCC[C@@H](C=O)NC(=O)[C@@H]1[C@@H]2[C@H](CN1C(=O)[C@@H](NC(=O)C(F)(F)F)C(C)C)C2(C)C,False
Mpro,9xz6,A47,401,30,10,138.71,0.333,0.667,A,A47,A1CR3,A1CR3,A1CR3,CC1([C@@H]2[C@H]1[C@H](N(C2)C(=O)[C@H](C(C)(C)C)NC(=O)OC)C(=O)N[C@@H](CCSC)C=O)C,False,,COC(=O)N[C@H](C(=O)N1C[C@H]2[C@@H]([C@H]1C(=O)N[C@H](C=O)CCSC)C2(C)C)C(C)(C)C,False
Mpro,9z74,4WI,401,68,20,125.224,0.294,0.706,A,4WI,4WI,4WI,,[H]/N=C/[C@H](C[C@@H]1CCNC1=O)NC(=O)[C@@H]2[C@@H]3[C@@H](C3(C)C)CN2C(=O)[C@H](C(C)(C)C)NC(=O)C(F)(F)F,False,,[H]/N=C/[C@H](C[C@@H]1CCNC1=O)NC(=O)[C@@H]1[C@@H]2[C@H](CN1C(=O)[C@@H](NC(=O)C(F)(F)F)C(C)(C)C)C2(C)C,False
Mpro,9znl,A48,401,84,27,124.949,0.321,0.679,A,A48,A1C3L,A1C3L,A1C3L,CC(C)(C)[C@@H](C(=O)N1Cc2ccccc2C[C@H]1C(=O)N[C@@H](C[C@@H]3CCNC3=O)[C@@H](c4nc(cs4)c5ccccc5)O)NC(=O)C(F)(F)F,False,,CC(C)(C)[C@H](NC(=O)C(F)(F)F)C(=O)N1Cc2ccccc2C[C@H]1C(=O)N[C@@H](C[C@@H]1CCNC1=O)[C@H](O)c1nc(-c2ccccc2)cs1,False
