Target,pdb_id,Warhead,Residue_ID,Variant,Chain,atom_id,exact_atom,x,y,z,Exposure_A2
Mpro,23lw,7ON,401,1,A,2353,O5,-33.484,27.375,2.217,3.214
Mpro,23lw,7ON,401,1,A,2356,C3,-29.506,26.343,-5.949,9.661
Mpro,23lw,7ON,401,1,A,2360,C21,-32.499,30.324,-2.45,14.492
Mpro,23lw,7ON,401,1,A,2361,C22,-33.142,29.641,-3.639,35.021
Mpro,23lw,7ON,401,1,A,2362,C23,-32.483,28.297,-3.926,15.699
Mpro,23lw,7ON,401,1,A,2372,O3,-32.14,23.542,-2.676,16.072
Mpro,23lw,7ON,401,1,A,2376,C13,-32.357,22.342,0.056,4.831
Mpro,23lw,7ON,401,1,A,2383,C20,-32.617,29.425,-1.223,13.284
Mpro,23lw,7ON,401,1,A,2384,C24,-32.602,27.372,-2.719,8.453
Mpro,23lw,7ON,401,1,A,2388,C27,-33.521,18.41,-5.501,16.907
Mpro,23lw,7ON,401,1,A,2389,C28,-33.603,19.482,-6.579,33.814
Mpro,23lw,7ON,401,1,A,2390,C29,-32.172,19.704,-7.07,7.246
Mpro,23lw,7ON,401,1,A,2392,F1,-32.068,29.893,3.141,11.386
Mpro,23lw,7ON,401,1,A,2395,O6,-30.089,20.225,-2.743,2.143
Mpro,12af,A00,402,1,A,2362,C15,7.309,-14.769,19.968,1.208
Mpro,12af,A00,402,1,A,2367,C28,11.315,-3.946,25.483,7.246
Mpro,12af,A00,402,1,A,2375,C27,11.665,-5.203,25.948,6.038
Mpro,12af,A00,402,1,A,2376,C29,10.892,-3.791,24.178,4.831
Mpro,12af,A00,402,1,A,2382,F31,7.187,-5.228,21.206,3.105
Mpro,12af,A00,402,1,A,2383,F32,5.68,-6.714,21.396,6.21
Mpro,12af,A00,402,1,A,2384,F33,5.919,-5.241,22.913,38.298
Mpro,12af,A00,402,1,A,2386,N41,6.206,-15.351,19.882,6.562
Mpro,12af,A00,402,1,A,2388,O13,7.978,-12.074,22.74,17.143
Mpro,12af,A00,402,1,A,2390,O25,7.132,-7.398,23.889,20.358
Mpro,12af,A00,402,1,A,2396,H50,10.923,-13.668,22.903,0.849
Mpro,12af,A00,402,1,A,2397,H51,10.58,-12.539,24.195,2.548
Mpro,12af,A00,402,1,A,2401,H65,11.372,-3.095,26.137,17.839
Mpro,12af,A00,402,1,A,2403,H54,6.68,-13.174,21.15,3.398
Mpro,12af,A00,402,1,A,2406,H59,5.636,-10.747,21.532,0.849
Mpro,12af,A00,402,1,A,2408,H61,4.659,-8.816,20.585,2.548
Mpro,12af,A00,402,1,A,2409,H60,3.377,-9.918,20.102,3.398
Mpro,12af,A00,402,1,A,2411,H64,12.002,-5.331,26.961,9.344
Mpro,12af,A00,402,1,A,2412,H66,10.623,-2.817,23.808,4.247
Mpro,11ro,A01,401,1,A,2349,C23,20.782,7.611,11.038,1.208
Mpro,11ro,A01,401,1,A,2351,O25,21.291,8.629,10.604,11.786
Mpro,11ro,A01,401,1,A,2352,F37,21.555,5.823,9.631,42.438
Mpro,11ro,A01,401,1,A,2353,F38,19.649,5.572,10.7,4.14
Mpro,11ro,A01,401,1,A,2354,F39,19.772,6.928,8.998,7.246
Mpro,11ro,A01,401,1,A,2360,C5,21.243,6.513,15.119,1.208
Mpro,11ro,A01,401,1,A,2362,C36,21.127,5.275,14.496,1.208
Mpro,11ro,A01,401,1,A,2363,C33,23.117,5.66,16.379,3.623
Mpro,11ro,A01,401,1,A,2364,C35,21.993,4.238,14.808,7.246
Mpro,11ro,A01,401,1,A,2365,C34,22.99,4.429,15.751,7.246
Mpro,11ro,A01,401,1,A,2369,O13,20.716,11.63,10.973,7.5
Mpro,11ro,A01,401,1,A,2377,C15,18.4,14.75,9.682,1.208
Mpro,11ro,A01,401,1,A,2380,C18,19.187,10.26,8.05,2.415
Mpro,11ro,A01,401,1,A,2386,N26,18.891,15.511,8.805,8.749
Mpro,11ro,A01,401,1,A,2394,H72,23.887,5.813,17.11,7.645
Mpro,11ro,A01,401,1,A,2395,H74,21.889,3.29,14.317,9.344
Mpro,11ro,A01,401,1,A,2396,H73,23.661,3.628,15.995,24.635
Mpro,11ro,A01,401,1,A,2399,H53,21.879,13.137,13.155,4.247
Mpro,11ro,A01,401,1,A,2400,H54,20.441,14.109,13.292,2.548
Mpro,11ro,A01,401,1,A,2402,H70,22.73,14.804,14.9,5.097
Mpro,11ro,A01,401,1,A,2406,H62,18.84,10.124,5.896,10.194
Mpro,11ro,A01,401,1,A,2408,H60,20.191,10.661,8.155,0.849
Mpro,11ro,A01,401,1,A,2409,H61,19.238,9.178,8.131,0.849
Mpro,11ro,A01,401,1,A,2411,H56,19.836,13.17,9.4,1.699
Mpro,23lx,7ON,401,1,A,2332,O5,-17.951,3.961,-1.084,2.143
Mpro,23lx,7ON,401,1,A,2335,C3,-9.893,1.055,2.837,8.453
Mpro,23lx,7ON,401,1,A,2339,C21,-11.644,3.321,-0.1,12.076
Mpro,23lx,7ON,401,1,A,2340,C22,-11.551,4.636,-0.85,33.814
Mpro,23lx,7ON,401,1,A,2341,C23,-12.66,5.582,-0.464,30.191
Mpro,23lx,7ON,401,1,A,2351,O3,-13.466,-0.746,0.119,13.929
Mpro,23lx,7ON,401,1,A,2355,C13,-16.386,-1.65,-0.557,2.415
Mpro,23lx,7ON,401,1,A,2362,C20,-13.02,2.679,-0.255,4.831
Mpro,23lx,7ON,401,1,A,2363,C24,-14.017,4.93,-0.688,15.699
Mpro,23lx,7ON,401,1,A,2367,C27,-10.74,-6.263,-1.841,22.945
Mpro,23lx,7ON,401,1,A,2368,C28,-9.677,-5.254,-1.516,27.775
Mpro,23lx,7ON,401,1,A,2369,C29,-9.623,-5.117,0.005,3.623
Mpro,23lx,7ON,401,1,A,2370,C30,-17.647,4.241,0.046,1.208
Mpro,23lx,7ON,401,1,A,2371,F1,-18.314,6.407,0.536,16.561
Mpro,23lx,7ON,401,1,A,2374,O6,-14.02,-4.307,1.756,2.143
Mpro,23ly,7ON,401,1,A,2373,O5,-34.035,27.746,2.722,4.286
Mpro,23ly,7ON,401,1,A,2376,C3,-30.269,26.373,-5.776,16.907
Mpro,23ly,7ON,401,1,A,2380,C21,-33.81,30.155,-2.16,32.606
Mpro,23ly,7ON,401,1,A,2381,C22,-34.237,29.346,-3.375,37.436
Mpro,23ly,7ON,401,1,A,2382,C23,-33.37,28.114,-3.556,13.284
Mpro,23ly,7ON,401,1,A,2384,C2,-30.628,25.053,-5.099,2.415
Mpro,23ly,7ON,401,1,A,2385,N1,-28.823,26.446,-5.607,3.281
Mpro,23ly,7ON,401,1,A,2392,O3,-32.603,23.69,-2.358,15.0
Mpro,23ly,7ON,401,1,A,2394,C11,-33.787,24.545,1.007,3.623
Mpro,23ly,7ON,401,1,A,2396,C13,-32.751,22.463,0.459,6.038
Mpro,23ly,7ON,401,1,A,2403,C20,-33.764,29.295,-0.893,15.699
Mpro,23ly,7ON,401,1,A,2404,C24,-33.331,27.267,-2.287,7.246
Mpro,23ly,7ON,401,1,A,2408,C27,-33.999,18.388,-5.587,16.907
Mpro,23ly,7ON,401,1,A,2409,C28,-34.007,19.602,-6.517,28.983
Mpro,23ly,7ON,401,1,A,2410,C29,-32.551,19.845,-6.909,6.038
Mpro,23ly,7ON,401,1,A,2414,F3,-32.757,30.115,3.789,12.421
Mpro,23ly,7ON,401,1,A,2415,O6,-30.578,20.417,-2.463,2.143
Mpro,23lw,7ON,401,1,B,2360,O5,13.858,32.145,-24.89,4.286
Mpro,23lw,7ON,401,1,B,2363,C3,9.901,28.389,-17.754,8.453
Mpro,23lw,7ON,401,1,B,2367,C21,12.687,31.142,-18.802,15.699
Mpro,23lw,7ON,401,1,B,2368,C22,13.257,32.546,-18.667,36.229
Mpro,23lw,7ON,401,1,B,2369,C23,12.67,33.5,-19.696,13.284
Mpro,23lw,7ON,401,1,B,2379,O3,12.392,26.908,-21.547,12.858
Mpro,23lw,7ON,401,1,B,2381,C11,13.693,28.886,-24.33,3.623
Mpro,23lw,7ON,401,1,B,2382,C12,13.721,27.678,-25.255,1.208
Mpro,23lw,7ON,401,1,B,2383,C13,12.754,26.652,-24.612,3.623
Mpro,23lw,7ON,401,1,B,2390,C20,12.832,30.595,-20.218,10.869
Mpro,23lw,7ON,401,1,B,2391,C24,12.836,32.962,-21.115,13.284
Mpro,23lw,7ON,401,1,B,2393,C25,12.099,21.826,-20.326,3.623
Mpro,23lw,7ON,401,1,B,2394,C26,12.653,20.432,-20.572,1.208
Mpro,23lw,7ON,401,1,B,2395,C27,13.914,20.518,-19.735,20.53
Mpro,23lw,7ON,401,1,B,2396,C28,13.558,21.438,-18.551,28.983
Mpro,23lw,7ON,401,1,B,2401,F3,12.287,34.738,-25.029,9.316
Mpro,23lw,7ON,401,1,B,2402,O6,10.528,23.726,-22.73,1.071
Mpro,23ly,7ON,401,1,B,2370,O5,13.855,32.504,-24.562,4.286
Mpro,23ly,7ON,401,1,B,2373,C3,10.013,28.391,-17.16,15.699
Mpro,23ly,7ON,401,1,B,2377,C21,13.352,30.754,-18.661,19.322
Mpro,23ly,7ON,401,1,B,2378,C22,14.202,32.004,-18.479,37.436
Mpro,23ly,7ON,401,1,B,2379,C23,13.707,33.144,-19.361,37.436
Mpro,23ly,7ON,401,1,B,2381,C2,10.435,27.432,-18.255,1.208
Mpro,23ly,7ON,401,1,B,2382,N1,8.565,28.456,-17.294,2.187
Mpro,23ly,7ON,401,1,B,2389,O3,12.435,26.912,-21.228,16.072
Mpro,23ly,7ON,401,1,B,2391,C11,13.696,28.794,-24.158,1.208
Mpro,23ly,7ON,401,1,B,2392,C12,13.519,27.592,-25.077,1.208
Mpro,23ly,7ON,401,1,B,2393,C13,12.656,26.607,-24.249,3.623
Mpro,23ly,7ON,401,1,B,2400,C20,13.274,30.332,-20.125,7.246
Mpro,23ly,7ON,401,1,B,2401,C24,13.594,32.721,-20.824,13.284
Mpro,23ly,7ON,401,1,B,2404,C26,12.38,21.839,-18.245,6.038
Mpro,23ly,7ON,401,1,B,2405,C27,13.842,21.81,-18.646,22.945
Mpro,23ly,7ON,401,1,B,2406,C28,13.993,20.818,-19.775,22.945
Mpro,23ly,7ON,401,1,B,2409,F1,12.01,34.997,-24.048,11.386
Mpro,23ly,7ON,401,1,B,2410,F2,12.449,34.251,-25.978,2.07
Mpro,23ly,7ON,401,1,B,2412,O6,10.594,23.758,-22.286,1.071
Mpro,23lz,7ON,402,1,B,2381,O5,4.267,47.386,62.588,4.286
Mpro,23lz,7ON,402,1,B,2384,C3,9.858,40.586,65.666,10.869
Mpro,23lz,7ON,402,1,B,2388,C21,8.044,46.589,66.526,14.492
Mpro,23lz,7ON,402,1,B,2389,C22,9.429,46.285,66.004,36.229
Mpro,23lz,7ON,402,1,B,2390,C23,9.46,44.994,65.19,15.699
Mpro,23lz,7ON,402,1,B,2400,O3,7.547,41.892,61.49,18.215
Mpro,23lz,7ON,402,1,B,2402,C11,4.941,44.492,60.796,1.208
Mpro,23lz,7ON,402,1,B,2403,C12,4.241,43.651,59.734,1.208
Mpro,23lz,7ON,402,1,B,2404,C13,4.922,42.284,59.837,3.623
Mpro,23lz,7ON,402,1,B,2411,C20,7.037,46.595,65.376,10.869
Mpro,23lz,7ON,402,1,B,2412,C24,8.375,44.914,64.11,16.907
Mpro,23lz,7ON,402,1,B,2414,C25,9.431,37.878,58.748,4.831
Mpro,23lz,7ON,402,1,B,2415,C26,9.527,37.594,57.217,6.038
Mpro,23lz,7ON,402,1,B,2416,C27,10.882,38.163,56.844,20.53
Mpro,23lz,7ON,402,1,B,2417,C28,11.568,38.496,58.136,31.398
Mpro,23lz,7ON,402,1,B,2422,F3,2.967,48.355,64.939,5.175
Mpro,23lz,7ON,402,1,B,2423,O6,6.392,38.521,60.112,2.143
Mpro,23lz,7ON,402,1,A,2378,O5,23.146,8.387,6.504,5.357
Mpro,23lz,7ON,402,1,A,2381,C3,28.236,11.551,13.296,9.661
Mpro,23lz,7ON,402,1,A,2385,C21,28.104,10.426,9.555,8.453
Mpro,23lz,7ON,402,1,A,2386,C22,28.683,10.794,8.214,35.021
Mpro,23lz,7ON,402,1,A,2387,C23,27.61,11.248,7.21,35.021
Mpro,23lz,7ON,402,1,A,2397,O3,26.057,7.286,12.179,13.929
Mpro,23lz,7ON,402,1,A,2401,C13,23.517,5.627,11.748,4.831
Mpro,23lz,7ON,402,1,A,2408,C20,27.02,9.38,9.356,8.453
Mpro,23lz,7ON,402,1,A,2409,C24,26.295,10.449,7.253,14.492
Mpro,23lz,7ON,402,1,A,2412,C26,29.461,5.22,16.072,3.623
Mpro,23lz,7ON,402,1,A,2413,C27,30.032,3.851,15.724,37.436
Mpro,23lz,7ON,402,1,A,2414,C28,28.955,2.867,15.936,22.945
Mpro,23lz,7ON,402,1,A,2417,F1,21.855,10.629,5.278,8.281
Mpro,23lz,7ON,402,1,A,2418,F2,21.348,11.304,7.19,1.035
Mpro,23lz,7ON,402,1,A,2420,O6,24.897,6.112,15.525,2.143
Mpro,23lz,7ON,403,1,C,2390,O5,24.604,48.201,44.186,5.357
Mpro,23lz,7ON,403,1,C,2391,N2,21.038,38.091,47.691,1.094
Mpro,23lz,7ON,403,1,C,2393,C3,19.729,40.739,41.43,13.284
Mpro,23lz,7ON,403,1,C,2397,C21,20.311,47.151,41.371,31.398
Mpro,23lz,7ON,403,1,C,2398,C22,19.203,46.287,41.923,36.229
Mpro,23lz,7ON,403,1,C,2399,C23,19.711,44.887,42.188,12.076
Mpro,23lz,7ON,403,1,C,2409,O3,21.997,42.361,45.534,17.143
Mpro,23lz,7ON,403,1,C,2411,C11,24.167,45.207,46.276,1.208
Mpro,23lz,7ON,403,1,C,2413,C13,24.539,43.028,47.222,4.831
Mpro,23lz,7ON,403,1,C,2420,C20,21.537,47.146,42.279,15.699
Mpro,23lz,7ON,403,1,C,2421,C24,20.898,44.912,43.148,7.246
Mpro,23lz,7ON,403,1,C,2425,C27,19.564,36.843,49.999,3.623
Mpro,23lz,7ON,403,1,C,2426,C28,19.276,38.312,50.242,22.945
Mpro,23lz,7ON,403,1,C,2427,C29,18.939,38.888,48.893,28.983
Mpro,23lz,7ON,403,1,C,2429,F1,25.734,49.334,41.903,8.281
Mpro,23lz,7ON,403,1,C,2432,O6,23.4,39.07,47.249,1.071
Mpro,23ma,7ON,402,1,B,2424,O5,-38.119,32.444,23.995,9.643
Mpro,23ma,7ON,402,1,B,2427,C3,-33.746,28.644,16.909,3.623
Mpro,23ma,7ON,402,1,B,2431,C21,-36.986,33.764,19.155,25.36
Mpro,23ma,7ON,402,1,B,2432,C22,-36.525,32.913,17.986,25.36
Mpro,23ma,7ON,402,1,B,2433,C23,-36.752,31.43,18.221,21.737
Mpro,23ma,7ON,402,1,B,2436,N1,-32.302,28.758,17.031,1.094
Mpro,23ma,7ON,402,1,B,2443,O3,-36.506,26.996,20.79,19.286
Mpro,23ma,7ON,402,1,B,2445,C11,-37.746,28.981,23.527,4.831
Mpro,23ma,7ON,402,1,B,2446,C12,-37.741,27.801,24.494,1.208
Mpro,23ma,7ON,402,1,B,2447,C13,-36.81,26.771,23.834,4.831
Mpro,23ma,7ON,402,1,B,2453,C19,-36.835,31.797,20.71,7.246
Mpro,23ma,7ON,402,1,B,2454,C20,-36.468,33.254,20.504,2.415
Mpro,23ma,7ON,402,1,B,2455,C24,-36.265,30.947,19.585,2.415
Mpro,23ma,7ON,402,1,B,2459,C27,-37.878,21.004,19.234,19.322
Mpro,23ma,7ON,402,1,B,2460,C28,-37.797,21.841,17.977,37.436
Mpro,23ma,7ON,402,1,B,2461,C29,-36.324,22.019,17.647,7.246
Mpro,23ma,7ON,402,1,B,2464,F2,-36.889,35.113,24.372,14.491
Mpro,23ma,7ON,402,1,B,2466,O6,-34.559,23.969,21.714,3.214
Mpro,23ma,7ON,401,1,A,2424,O5,9.916,28.027,-2.525,7.5
Mpro,23ma,7ON,401,1,A,2425,N2,7.078,19.832,4.904,1.094
Mpro,23ma,7ON,401,1,A,2427,C3,5.886,26.756,5.277,3.623
Mpro,23ma,7ON,401,1,A,2431,C21,8.698,28.831,3.566,21.737
Mpro,23ma,7ON,401,1,A,2432,C22,8.365,30.31,3.426,25.36
Mpro,23ma,7ON,401,1,A,2433,C23,8.746,30.872,2.059,26.568
Mpro,23ma,7ON,401,1,A,2443,O3,8.223,24.085,2.449,13.929
Mpro,23ma,7ON,401,1,A,2445,C11,9.741,25.041,-0.769,7.246
Mpro,23ma,7ON,401,1,A,2447,C13,8.66,22.895,-0.533,4.831
Mpro,23ma,7ON,401,1,A,2453,C19,8.745,28.584,1.067,7.246
Mpro,23ma,7ON,401,1,A,2454,C20,8.243,27.989,2.375,2.415
Mpro,23ma,7ON,401,1,A,2455,C24,8.2,30.001,0.926,2.415
Mpro,23ma,7ON,401,1,A,2458,C26,8.834,18.607,6.184,3.623
Mpro,23ma,7ON,401,1,A,2459,C27,10.043,19.535,6.268,33.814
Mpro,23ma,7ON,401,1,A,2460,C28,9.467,20.914,6.28,21.737
Mpro,23ma,7ON,401,1,A,2461,C29,8.119,20.741,6.946,6.038
Mpro,23ma,7ON,401,1,A,2462,C30,8.799,28.511,-2.409,1.208
Mpro,23ma,7ON,401,1,A,2463,F1,8.695,30.536,-3.635,12.421
Mpro,23ma,7ON,401,1,A,2466,O6,6.524,20.632,2.44,3.214
Mpro,23lz,7ON,402,1,D,2381,O5,9.733,9.763,102.211,4.286
Mpro,23lz,7ON,402,1,D,2382,N2,6.105,6.049,92.104,1.094
Mpro,23lz,7ON,402,1,D,2384,C3,4.463,12.382,95.165,10.869
Mpro,23lz,7ON,402,1,D,2388,C21,5.913,13.193,101.362,20.53
Mpro,23lz,7ON,402,1,D,2389,C22,4.616,12.771,100.681,33.814
Mpro,23lz,7ON,402,1,D,2390,C23,4.883,12.259,99.276,13.284
Mpro,23lz,7ON,402,1,D,2400,O3,6.844,8.17,96.441,13.929
Mpro,23lz,7ON,402,1,D,2402,C11,9.031,7.769,99.266,3.623
Mpro,23lz,7ON,402,1,D,2403,C12,9.881,6.712,98.576,1.208
Mpro,23lz,7ON,402,1,D,2404,C13,9.527,6.817,97.093,4.831
Mpro,23lz,7ON,402,1,D,2411,C20,6.95,12.077,101.315,9.661
Mpro,23lz,7ON,402,1,D,2412,C24,5.825,11.065,99.324,15.699
Mpro,23lz,7ON,402,1,D,2415,C26,3.675,5.889,92.585,1.208
Mpro,23lz,7ON,402,1,D,2416,C27,3.496,4.765,93.59,26.568
Mpro,23lz,7ON,402,1,D,2417,C28,3.72,3.516,92.781,26.568
Mpro,23lz,7ON,402,1,D,2418,C29,4.89,3.865,91.891,1.208
Mpro,23lz,7ON,402,1,D,2421,F2,10.89,12.028,103.345,8.281
Mpro,23lz,7ON,402,1,D,2423,O6,8.182,6.862,93.416,2.143
Mpro,23mb,A02,401,1,A,2338,O5,-13.638,-18.398,24.474,3.214
Mpro,23mb,A02,401,1,A,2341,C3,-9.881,-22.143,17.043,16.907
Mpro,23mb,A02,401,1,A,2345,C21,-13.576,-20.445,18.644,22.945
Mpro,23mb,A02,401,1,A,2346,C22,-13.264,-19.078,18.071,27.775
Mpro,23mb,A02,401,1,A,2347,C23,-13.577,-17.98,19.063,36.229
Mpro,23mb,A02,401,1,A,2350,N1,-8.428,-22.204,17.096,4.374
Mpro,23mb,A02,401,1,A,2357,O3,-12.391,-23.86,21.038,11.786
Mpro,23mb,A02,401,1,A,2361,C13,-12.727,-24.253,24.046,2.415
Mpro,23mb,A02,401,1,A,2362,C14,-12.743,-23.377,26.334,3.623
Mpro,23mb,A02,401,1,A,2364,C16,-12.105,-25.271,25.004,1.208
Mpro,23mb,A02,401,1,A,2367,C19,-13.243,-19.571,20.976,2.415
Mpro,23mb,A02,401,1,A,2368,C20,-12.884,-20.665,19.987,1.208
Mpro,23mb,A02,401,1,A,2369,C24,-12.873,-18.218,20.396,10.869
Mpro,23mb,A02,401,1,A,2372,C26,-12.451,-28.443,18.308,2.415
Mpro,23mb,A02,401,1,A,2373,C27,-13.784,-29.171,18.14,35.021
Mpro,23mb,A02,401,1,A,2374,C28,-13.591,-30.539,18.745,12.076
Mpro,23mb,A02,401,1,A,2375,C29,-12.534,-30.341,19.809,3.623
Mpro,23mb,A02,401,1,A,2378,F2,-12.099,-15.739,24.192,11.386
Mpro,23mb,A02,401,1,B,2298,O5,33.807,-22.905,-2.776,3.214
Mpro,23mb,A02,401,1,B,2301,C3,30.085,-24.177,5.783,18.114
Mpro,23mb,A02,401,1,B,2305,C21,34.122,-22.458,3.22,25.36
Mpro,23mb,A02,401,1,B,2306,C22,34.665,-21.1,2.799,37.436
Mpro,23mb,A02,401,1,B,2307,C23,33.726,-20.382,1.848,27.775
Mpro,23mb,A02,401,1,B,2317,O3,32.495,-26.677,2.335,7.5
Mpro,23mb,A02,401,1,B,2320,C12,33.577,-27.625,-1.616,2.415
Mpro,23mb,A02,401,1,B,2321,C13,32.811,-28.276,-0.447,3.623
Mpro,23mb,A02,401,1,B,2322,C14,32.746,-27.941,-2.879,2.415
Mpro,23mb,A02,401,1,B,2324,C16,32.198,-29.525,-1.085,4.831
Mpro,23mb,A02,401,1,B,2328,C20,33.852,-23.338,2.007,2.415
Mpro,23mb,A02,401,1,B,2329,C24,33.445,-21.247,0.626,7.246
Mpro,23mb,A02,401,1,B,2332,C26,33.19,-30.204,5.972,7.246
Mpro,23mb,A02,401,1,B,2333,C27,34.434,-30.739,6.669,25.36
Mpro,23mb,A02,401,1,B,2334,C28,34.168,-32.2,6.94,20.53
Mpro,23mb,A02,401,1,B,2335,C29,32.997,-32.573,6.046,2.415
Mpro,23mb,A02,401,1,B,2337,F1,32.551,-21.32,-4.526,2.07
Mpro,23mb,A02,401,1,B,2339,F3,32.147,-20.182,-2.743,6.21
Mpro,23mb,A02,401,1,B,2340,O6,30.566,-30.21,2.446,2.143
Mpro,23mc,7ON,401,1,A,2332,O5,-33.891,27.945,2.414,7.5
Mpro,23mc,7ON,401,1,A,2333,N2,-31.121,19.815,-4.788,1.094
Mpro,23mc,7ON,401,1,A,2335,C3,-29.659,26.799,-5.462,10.869
Mpro,23mc,7ON,401,1,A,2339,C21,-32.353,30.971,-1.786,16.907
Mpro,23mc,7ON,401,1,A,2340,C22,-32.678,30.484,-3.197,32.606
Mpro,23mc,7ON,401,1,A,2341,C23,-32.132,29.084,-3.462,12.076
Mpro,23mc,7ON,401,1,A,2351,O3,-32.301,23.915,-2.387,16.072
Mpro,23mc,7ON,401,1,A,2353,C11,-33.537,24.91,0.928,1.208
Mpro,23mc,7ON,401,1,A,2355,C13,-32.616,22.747,0.459,6.038
Mpro,23mc,7ON,401,1,A,2362,C20,-32.749,29.941,-0.723,13.284
Mpro,23mc,7ON,401,1,A,2363,C24,-32.591,28.095,-2.391,13.284
Mpro,23mc,7ON,401,1,A,2366,C26,-32.417,20.338,-6.803,2.415
Mpro,23mc,7ON,401,1,A,2367,C27,-33.805,19.757,-7.077,36.229
Mpro,23mc,7ON,401,1,A,2368,C28,-33.999,18.68,-6.062,20.53
Mpro,23mc,7ON,401,1,A,2371,F1,-32.683,30.066,3.957,7.246
Mpro,23mc,7ON,401,1,A,2374,O6,-30.517,20.527,-2.471,2.143
Mpro,23mc,7ON,401,1,B,2370,O5,13.798,32.689,-24.078,5.357
Mpro,23mc,7ON,401,1,B,2373,C3,9.557,28.813,-17.108,9.661
Mpro,23mc,7ON,401,1,B,2377,C21,12.362,33.863,-19.139,15.699
Mpro,23mc,7ON,401,1,B,2378,C22,12.612,32.915,-17.973,31.398
Mpro,23mc,7ON,401,1,B,2379,C23,12.1,31.495,-18.227,10.869
Mpro,23mc,7ON,401,1,B,2389,O3,12.211,27.214,-20.953,17.143
Mpro,23mc,7ON,401,1,B,2391,C11,13.465,29.161,-23.77,3.623
Mpro,23mc,7ON,401,1,B,2393,C13,12.548,26.945,-24.029,4.831
Mpro,23mc,7ON,401,1,B,2398,C18,12.356,31.353,-22.091,1.208
Mpro,23mc,7ON,401,1,B,2400,C20,12.813,33.258,-20.47,13.284
Mpro,23mc,7ON,401,1,B,2401,C24,12.605,30.951,-19.562,13.284
Mpro,23mc,7ON,401,1,B,2404,C26,12.318,22.383,-17.872,3.623
Mpro,23mc,7ON,401,1,B,2405,C27,13.792,22.049,-18.132,36.229
Mpro,23mc,7ON,401,1,B,2406,C28,13.827,21.279,-19.435,22.945
Mpro,23mc,7ON,401,1,B,2409,F1,12.196,35.147,-24.532,9.316
Mpro,23mc,7ON,401,1,B,2412,O6,10.369,23.916,-21.999,1.071
Mpro,23md,A02,401,1,A,2376,O5,-33.694,27.854,2.03,7.5
Mpro,23md,A02,401,1,A,2377,N2,-30.98,19.566,-4.979,1.094
Mpro,23md,A02,401,1,A,2379,C3,-29.663,26.22,-6.331,10.869
Mpro,23md,A02,401,1,A,2383,C21,-33.072,30.561,-2.583,28.983
Mpro,23md,A02,401,1,A,2384,C22,-32.587,30.063,-3.935,21.737
Mpro,23md,A02,401,1,A,2385,C23,-32.804,28.565,-4.126,22.945
Mpro,23md,A02,401,1,A,2395,O3,-32.206,23.768,-2.735,16.072
Mpro,23md,A02,401,1,A,2397,C11,-33.486,24.703,0.504,2.415
Mpro,23md,A02,401,1,A,2399,C13,-32.526,22.551,0.073,6.038
Mpro,23md,A02,401,1,A,2405,C19,-32.88,28.207,-1.65,7.246
Mpro,23md,A02,401,1,A,2406,C20,-32.584,29.691,-1.418,6.038
Mpro,23md,A02,401,1,A,2407,C24,-32.255,27.755,-2.954,1.208
Mpro,23md,A02,401,1,A,2411,C27,-33.843,18.237,-6.14,18.114
Mpro,23md,A02,401,1,A,2412,C28,-33.726,19.657,-6.573,33.814
Mpro,23md,A02,401,1,A,2413,C29,-32.319,19.8,-7.085,8.453
Mpro,23md,A02,401,1,A,2414,C30,-32.563,28.226,1.796,1.208
Mpro,23md,A02,401,1,A,2416,F2,-32.546,29.267,3.888,8.281
Mpro,23md,A02,401,1,A,2418,O6,-30.373,20.378,-2.671,2.143
Mpro,23md,A02,401,1,B,2384,O5,13.933,32.823,-24.455,10.715
Mpro,23md,A02,401,1,B,2385,N2,11.146,22.426,-20.81,1.094
Mpro,23md,A02,401,1,B,2387,C3,9.806,28.645,-17.531,9.661
Mpro,23md,A02,401,1,B,2391,C21,12.482,31.218,-18.623,12.076
Mpro,23md,A02,401,1,B,2392,C22,13.124,32.574,-18.341,36.229
Mpro,23md,A02,401,1,B,2393,C23,12.764,33.623,-19.385,19.322
Mpro,23md,A02,401,1,B,2403,O3,12.344,27.192,-21.41,15.0
Mpro,23md,A02,401,1,B,2405,C11,13.682,29.181,-24.148,4.831
Mpro,23md,A02,401,1,B,2407,C13,12.738,26.995,-24.537,6.038
Mpro,23md,A02,401,1,B,2414,C20,12.753,30.742,-20.054,10.869
Mpro,23md,A02,401,1,B,2415,C24,13.075,33.123,-20.797,14.492
Mpro,23md,A02,401,1,B,2418,C26,12.441,22.206,-18.667,2.415
Mpro,23md,A02,401,1,B,2419,C27,13.916,21.866,-18.851,36.229
Mpro,23md,A02,401,1,B,2420,C28,14.035,20.909,-19.996,21.737
Mpro,23md,A02,401,1,B,2421,C29,12.634,20.471,-20.377,1.208
Mpro,23md,A02,401,1,B,2423,F1,12.733,34.345,-26.247,3.105
Mpro,23md,A02,401,1,B,2424,F2,11.743,35.109,-24.561,5.175
Mpro,23md,A02,401,1,B,2426,O6,10.485,24.061,-22.721,1.071
Mpro,23me,7ON,401,1,B,2361,O5,-38.246,32.953,24.2,7.5
Mpro,23me,7ON,401,1,B,2364,C3,-34.179,28.835,17.372,8.453
Mpro,23me,7ON,401,1,B,2368,C21,-37.678,33.904,19.301,31.398
Mpro,23me,7ON,401,1,B,2369,C22,-37.127,33.084,18.138,22.945
Mpro,23me,7ON,401,1,B,2370,C23,-37.261,31.577,18.376,25.36
Mpro,23me,7ON,401,1,B,2380,O3,-36.651,27.391,21.312,20.358
Mpro,23me,7ON,401,1,B,2382,C11,-37.663,29.623,24.297,2.415
Mpro,23me,7ON,401,1,B,2383,C12,-37.554,28.482,25.288,1.208
Mpro,23me,7ON,401,1,B,2384,C13,-36.946,27.337,24.448,6.038
Mpro,23me,7ON,401,1,B,2390,C19,-37.259,31.979,20.874,6.038
Mpro,23me,7ON,401,1,B,2391,C20,-37.069,33.476,20.637,6.038
Mpro,23me,7ON,401,1,B,2392,C24,-36.673,31.155,19.725,3.623
Mpro,23me,7ON,401,1,B,2395,C26,-36.777,22.273,18.483,4.831
Mpro,23me,7ON,401,1,B,2396,C27,-38.253,22.059,18.761,32.606
Mpro,23me,7ON,401,1,B,2397,C28,-38.353,21.215,20.025,21.737
Mpro,23me,7ON,401,1,B,2400,F1,-36.28,35.36,24.588,7.246
Mpro,23me,7ON,401,1,B,2402,F3,-37.025,34.217,26.198,2.07
Mpro,23me,7ON,401,1,B,2403,O6,-34.75,24.248,22.508,1.071
Mpro,23me,7ON,401,1,A,2372,O5,9.791,28.482,-1.787,6.429
Mpro,23me,7ON,401,1,A,2373,N2,6.774,19.9,4.936,1.094
Mpro,23me,7ON,401,1,A,2375,C3,5.538,26.708,6.001,10.869
Mpro,23me,7ON,401,1,A,2379,C21,8.557,31.1,2.319,18.114
Mpro,23me,7ON,401,1,A,2380,C22,9.059,30.553,3.644,38.644
Mpro,23me,7ON,401,1,A,2381,C23,8.37,29.239,3.988,14.492
Mpro,23me,7ON,401,1,A,2383,C2,6.037,25.427,5.289,2.415
Mpro,23me,7ON,401,1,A,2391,O3,8.081,24.085,2.617,17.143
Mpro,23me,7ON,401,1,A,2393,C11,9.063,25.218,-0.769,2.415
Mpro,23me,7ON,401,1,A,2395,C13,8.197,23.027,-0.268,4.831
Mpro,23me,7ON,401,1,A,2402,C20,8.724,30.073,1.204,8.453
Mpro,23me,7ON,401,1,A,2403,C24,8.607,28.207,2.888,13.284
Mpro,23me,7ON,401,1,A,2406,C26,8.258,18.067,5.701,3.623
Mpro,23me,7ON,401,1,A,2407,C27,9.542,18.275,6.501,15.699
Mpro,23me,7ON,401,1,A,2408,C28,9.61,19.737,6.753,27.775
Mpro,23me,7ON,401,1,A,2409,C29,8.158,20.141,6.999,2.415
Mpro,23me,7ON,401,1,A,2412,F2,8.074,30.345,-3.314,11.386
Mpro,23me,7ON,401,1,A,2414,O6,6.171,20.763,2.608,2.143
Mpro,23mf,A02,401,1,B,2371,O5,-38.198,32.827,24.006,8.572
Mpro,23mf,A02,401,1,B,2372,N2,-35.233,22.786,19.909,1.094
Mpro,23mf,A02,401,1,B,2374,C3,-33.893,29.029,17.117,8.453
Mpro,23mf,A02,401,1,B,2378,C21,-36.786,31.727,18.169,22.945
Mpro,23mf,A02,401,1,B,2379,C22,-36.367,33.171,17.973,21.737
Mpro,23mf,A02,401,1,B,2380,C23,-36.89,34.091,19.063,28.983
Mpro,23mf,A02,401,1,B,2390,O3,-36.454,27.386,20.842,18.215
Mpro,23mf,A02,401,1,B,2392,C11,-37.765,29.311,23.635,6.038
Mpro,23mf,A02,401,1,B,2394,C13,-36.767,27.143,23.974,6.038
Mpro,23mf,A02,401,1,B,2400,C19,-36.976,32.086,20.648,9.661
Mpro,23mf,A02,401,1,B,2401,C20,-36.418,31.212,19.549,3.623
Mpro,23mf,A02,401,1,B,2402,C24,-36.595,33.553,20.471,3.623
Mpro,23mf,A02,401,1,B,2405,C26,-36.54,22.288,17.858,7.246
Mpro,23mf,A02,401,1,B,2406,C27,-37.954,22.037,18.351,38.644
Mpro,23mf,A02,401,1,B,2407,C28,-37.878,20.929,19.372,15.699
Mpro,23mf,A02,401,1,B,2409,C30,-37.026,33.117,23.829,1.208
Mpro,23mf,A02,401,1,B,2410,F1,-36.353,35.355,24.256,8.281
Mpro,23mf,A02,401,1,B,2412,F3,-36.996,34.193,25.919,1.035
Mpro,23mf,A02,401,1,B,2413,O6,-34.755,24.171,21.913,3.214
Mpro,23mg,A02,401,1,A,2312,O5,9.887,28.618,-2.284,6.429
Mpro,23mg,A02,401,1,A,2315,C3,5.646,27.483,5.604,8.453
Mpro,23mg,A02,401,1,A,2319,C21,9.543,29.513,2.952,31.398
Mpro,23mg,A02,401,1,A,2320,C22,9.569,31.008,2.718,35.021
Mpro,23mg,A02,401,1,A,2321,C23,9.371,31.289,1.241,27.775
Mpro,23mg,A02,401,1,A,2331,O3,8.193,24.902,2.519,13.929
Mpro,23mg,A02,401,1,A,2333,C11,9.546,25.692,-0.77,4.831
Mpro,23mg,A02,401,1,A,2334,C12,9.498,24.257,-1.286,1.208
Mpro,23mg,A02,401,1,A,2335,C13,8.604,23.517,-0.283,7.246
Mpro,23mg,A02,401,1,A,2343,C24,8.018,30.776,0.759,1.208
Mpro,23mg,A02,401,1,A,2345,C25,8.07,20.385,5.373,4.831
Mpro,23mg,A02,401,1,A,2346,C26,8.744,19.047,5.66,1.208
Mpro,23mg,A02,401,1,A,2347,C27,10.013,19.428,6.416,21.737
Mpro,23mg,A02,401,1,A,2348,C28,9.779,20.831,6.946,30.191
Mpro,23mg,A02,401,1,A,2352,F2,8.607,31.042,-3.499,13.456
Mpro,23mg,A02,401,1,A,2354,O6,6.53,21.282,2.603,2.143
Mpro,23mf,A02,401,1,A,2368,O5,9.956,28.306,-2.331,4.286
Mpro,23mf,A02,401,1,A,2369,N2,7.075,20.131,4.869,1.094
Mpro,23mf,A02,401,1,A,2371,C3,5.702,27.041,5.595,10.869
Mpro,23mf,A02,401,1,A,2375,C21,8.403,31.328,1.72,10.869
Mpro,23mf,A02,401,1,A,2376,C22,8.744,30.925,3.143,30.191
Mpro,23mf,A02,401,1,A,2377,C23,8.183,29.551,3.478,14.492
Mpro,23mf,A02,401,1,A,2387,O3,8.344,24.291,2.515,15.0
Mpro,23mf,A02,401,1,A,2389,C11,9.622,25.218,-0.774,6.038
Mpro,23mf,A02,401,1,A,2390,C12,9.45,23.834,-1.395,1.208
Mpro,23mf,A02,401,1,A,2391,C13,8.587,23.067,-0.381,6.038
Mpro,23mf,A02,401,1,A,2396,C18,8.515,27.872,-0.004,1.208
Mpro,23mf,A02,401,1,A,2398,C20,8.879,30.26,0.739,13.284
Mpro,23mf,A02,401,1,A,2399,C24,8.618,28.49,2.466,14.492
Mpro,23mf,A02,401,1,A,2402,C26,8.656,18.432,5.787,1.208
Mpro,23mf,A02,401,1,A,2403,C27,9.991,19.062,6.161,22.945
Mpro,23mf,A02,401,1,A,2404,C28,9.705,20.51,6.459,30.191
Mpro,23mf,A02,401,1,A,2405,C29,8.312,20.508,7.008,6.038
Mpro,23mf,A02,401,1,A,2407,F1,8.292,30.695,-3.346,10.351
Mpro,23mf,A02,401,1,A,2409,F3,8.705,29.04,-4.61,1.035
Mpro,23mf,A02,401,1,A,2410,O6,6.646,20.911,2.527,2.143
Mpro,23mg,A02,401,1,B,2323,O5,-38.086,33.233,24.317,6.429
Mpro,23mg,A02,401,1,B,2326,C3,-33.718,29.359,17.203,10.869
Mpro,23mg,A02,401,1,B,2330,C21,-37.762,31.629,19.368,24.153
Mpro,23mg,A02,401,1,B,2331,C22,-38.272,33.025,19.068,35.021
Mpro,23mg,A02,401,1,B,2332,C23,-37.991,33.981,20.222,26.568
Mpro,23mg,A02,401,1,B,2342,O3,-36.409,27.874,21.165,13.929
Mpro,23mg,A02,401,1,B,2344,C11,-37.694,29.912,23.935,3.623
Mpro,23mg,A02,401,1,B,2345,C12,-37.722,28.733,24.904,1.208
Mpro,23mg,A02,401,1,B,2346,C13,-36.845,27.648,24.234,4.831
Mpro,23mg,A02,401,1,B,2353,C20,-36.276,31.678,19.683,2.415
Mpro,23mg,A02,401,1,B,2354,C24,-36.513,34.008,20.594,6.038
Mpro,23mg,A02,401,1,B,2356,C25,-36.054,22.727,19.707,3.623
Mpro,23mg,A02,401,1,B,2358,C27,-37.899,21.386,19.123,20.53
Mpro,23mg,A02,401,1,B,2359,C28,-37.817,22.541,18.133,37.436
Mpro,23mg,A02,401,1,B,2360,C29,-36.399,23.078,18.25,1.208
Mpro,23mg,A02,401,1,B,2363,F2,-36.581,35.82,24.56,11.386
Mpro,23mg,A02,401,1,B,2365,O6,-34.741,24.546,22.012,2.143
Mpro,23mh,7ON,401,1,B,2357,O5,-37.887,32.451,24.637,3.214
Mpro,23mh,7ON,401,1,B,2360,C3,-34.191,28.557,17.248,14.492
Mpro,23mh,7ON,401,1,B,2364,C21,-37.949,30.863,18.797,25.36
Mpro,23mh,7ON,401,1,B,2365,C22,-37.923,32.316,18.339,35.021
Mpro,23mh,7ON,401,1,B,2366,C23,-37.981,33.352,19.471,35.021
Mpro,23mh,7ON,401,1,B,2369,N1,-32.727,28.561,17.331,2.187
Mpro,23mh,7ON,401,1,B,2376,O3,-36.572,27.207,21.211,13.929
Mpro,23mh,7ON,401,1,B,2378,C11,-37.761,28.999,24.262,2.415
Mpro,23mh,7ON,401,1,B,2379,C12,-37.669,27.762,25.145,1.208
Mpro,23mh,7ON,401,1,B,2380,C13,-36.865,26.726,24.323,7.246
Mpro,23mh,7ON,401,1,B,2386,C19,-37.358,31.516,21.11,1.208
Mpro,23mh,7ON,401,1,B,2387,C20,-36.997,30.588,19.966,1.208
Mpro,23mh,7ON,401,1,B,2388,C24,-37.153,32.963,20.701,6.038
Mpro,23mh,7ON,401,1,B,2392,C27,-38.134,21.242,19.831,24.153
Mpro,23mh,7ON,401,1,B,2393,C28,-38.048,22.109,18.597,30.191
Mpro,23mh,7ON,401,1,B,2394,C29,-36.584,22.131,18.175,4.831
Mpro,23mh,7ON,401,1,B,2397,F2,-36.586,34.315,26.036,2.07
Mpro,23mh,7ON,401,1,B,2398,F3,-36.212,35.134,24.145,9.316
Mpro,23mh,7ON,401,1,B,2399,O6,-34.676,23.896,22.264,2.143
Mpro,23mi,A02,401,1,A,2428,O5,9.6,27.85,-2.512,7.5
Mpro,23mi,A02,401,1,A,2429,N2,6.698,19.988,4.821,1.094
Mpro,23mi,A02,401,1,A,2431,C3,5.234,26.879,5.362,9.661
Mpro,23mi,A02,401,1,A,2435,C21,7.828,31.056,1.664,13.284
Mpro,23mi,A02,401,1,A,2436,C22,8.212,30.586,3.061,32.606
Mpro,23mi,A02,401,1,A,2437,C23,7.663,29.203,3.357,14.492
Mpro,23mi,A02,401,1,A,2447,O3,7.994,24.063,2.472,17.143
Mpro,23mi,A02,401,1,A,2449,C11,9.457,24.979,-0.574,3.623
Mpro,23mi,A02,401,1,A,2450,C12,9.477,23.555,-1.129,1.208
Mpro,23mi,A02,401,1,A,2451,C13,8.366,22.81,-0.354,6.038
Mpro,23mi,A02,401,1,A,2456,C18,8.029,27.646,-0.18,2.415
Mpro,23mi,A02,401,1,A,2458,C20,8.196,30.048,0.578,13.284
Mpro,23mi,A02,401,1,A,2459,C24,8.096,28.205,2.286,13.284
Mpro,23mi,A02,401,1,A,2462,C26,8.053,18.115,5.777,2.415
Mpro,23mi,A02,401,1,A,2463,C27,9.365,18.419,6.505,16.907
Mpro,23mi,A02,401,1,A,2464,C28,9.379,19.908,6.606,35.021
Mpro,23mi,A02,401,1,A,2465,C29,7.937,20.259,6.927,3.623
Mpro,23mi,A02,401,1,A,2469,F3,8.224,30.26,-3.731,11.386
Mpro,23mi,A02,401,1,A,2470,O6,6.26,20.629,2.46,2.143
Mpro,23mh,7ON,401,1,A,2357,O5,9.513,27.789,-2.568,3.214
Mpro,23mh,7ON,401,1,A,2358,N2,6.938,19.789,4.899,1.094
Mpro,23mh,7ON,401,1,A,2360,C3,5.894,26.31,5.976,14.492
Mpro,23mh,7ON,401,1,A,2364,C21,9.584,28.08,3.533,26.568
Mpro,23mh,7ON,401,1,A,2365,C22,9.49,29.597,3.467,32.606
Mpro,23mh,7ON,401,1,A,2366,C23,9.831,30.143,2.096,36.229
Mpro,23mh,7ON,401,1,A,2369,N1,4.482,26.518,5.673,4.374
Mpro,23mh,7ON,401,1,A,2376,O3,8.203,23.841,2.452,15.0
Mpro,23mh,7ON,401,1,A,2378,C11,9.375,24.58,-0.896,2.415
Mpro,23mh,7ON,401,1,A,2379,C12,9.223,23.143,-1.371,1.208
Mpro,23mh,7ON,401,1,A,2380,C13,8.397,22.489,-0.264,3.623
Mpro,23mh,7ON,401,1,A,2388,C24,9.052,29.452,0.983,8.453
Mpro,23mh,7ON,401,1,A,2391,C26,8.449,18.12,5.921,1.208
Mpro,23mh,7ON,401,1,A,2392,C27,9.82,18.747,6.119,25.36
Mpro,23mh,7ON,401,1,A,2393,C28,9.607,20.151,6.595,22.945
Mpro,23mh,7ON,401,1,A,2394,C29,8.144,20.255,6.991,4.831
Mpro,23mh,7ON,401,1,A,2396,F1,7.968,30.407,-2.956,11.386
Mpro,23mh,7ON,401,1,A,2399,O6,6.317,20.475,2.496,2.143
Mpro,23mi,A02,401,1,B,2406,O5,-38.193,32.47,24.524,5.357
Mpro,23mi,A02,401,1,B,2407,N2,-35.356,22.601,20.071,1.094
Mpro,23mi,A02,401,1,B,2409,C3,-33.901,28.879,17.329,10.869
Mpro,23mi,A02,401,1,B,2413,C21,-36.375,31.647,18.498,13.284
Mpro,23mi,A02,401,1,B,2414,C22,-36.827,33.092,18.332,32.606
Mpro,23mi,A02,401,1,B,2415,C23,-36.453,33.976,19.522,16.907
Mpro,23mi,A02,401,1,B,2425,O3,-36.552,27.248,21.064,16.072
Mpro,23mi,A02,401,1,B,2427,C11,-38.077,29.004,23.72,4.831
Mpro,23mi,A02,401,1,B,2428,C12,-38.05,27.827,24.69,2.415
Mpro,23mi,A02,401,1,B,2429,C13,-37.005,26.854,24.08,4.831
Mpro,23mi,A02,401,1,B,2436,C20,-36.778,31.054,19.846,10.869
Mpro,23mi,A02,401,1,B,2437,C24,-36.91,33.36,20.842,15.699
Mpro,23mi,A02,401,1,B,2440,C26,-36.774,20.566,19.68,1.208
Mpro,23mi,A02,401,1,B,2441,C27,-38.096,20.753,18.943,16.907
Mpro,23mi,A02,401,1,B,2442,C28,-38.039,22.135,18.405,38.644
Mpro,23mi,A02,401,1,B,2443,C29,-36.598,22.314,17.984,4.831
Mpro,23mi,A02,401,1,B,2445,F1,-36.648,35.058,24.796,12.421
Mpro,23mi,A02,401,1,B,2448,O6,-34.893,23.913,22.071,3.214
Mpro,23mj,7ON,401,1,A,2426,O5,10.291,28.189,-2.425,7.5
Mpro,23mj,7ON,401,1,A,2429,C3,5.975,27.035,5.452,7.246
Mpro,23mj,7ON,401,1,A,2433,C21,8.573,31.263,1.67,10.869
Mpro,23mj,7ON,401,1,A,2434,C22,8.942,30.79,3.066,32.606
Mpro,23mj,7ON,401,1,A,2435,C23,8.37,29.423,3.373,15.699
Mpro,23mj,7ON,401,1,A,2445,O3,8.593,24.255,2.425,16.072
Mpro,23mj,7ON,401,1,A,2447,C11,9.927,25.253,-0.747,7.246
Mpro,23mj,7ON,401,1,A,2448,C12,9.827,23.877,-1.393,1.208
Mpro,23mj,7ON,401,1,A,2449,C13,8.914,23.082,-0.444,6.038
Mpro,23mj,7ON,401,1,A,2454,C18,8.672,27.854,-0.152,2.415
Mpro,23mj,7ON,401,1,A,2456,C20,8.924,30.231,0.606,12.076
Mpro,23mj,7ON,401,1,A,2457,C24,8.762,28.395,2.317,13.284
Mpro,23mj,7ON,401,1,A,2460,C26,8.58,20.499,7.009,7.246
Mpro,23mj,7ON,401,1,A,2461,C27,9.983,20.404,6.456,30.191
Mpro,23mj,7ON,401,1,A,2462,C28,10.133,19.014,5.94,24.153
Mpro,23mj,7ON,401,1,A,2466,F2,9.134,30.51,-3.817,14.491
Mpro,23mj,7ON,401,1,A,2468,O6,6.914,20.844,2.515,2.143
Mpro,23mk,7ON,401,1,A,2304,O5,-18.156,4.012,-0.883,3.214
Mpro,23mk,7ON,401,1,A,2307,C3,-9.946,1.158,2.91,8.453
Mpro,23mk,7ON,401,1,A,2310,C6,-12.867,-2.143,2.317,1.208
Mpro,23mk,7ON,401,1,A,2311,C21,-11.809,3.587,-0.343,16.907
Mpro,23mk,7ON,401,1,A,2312,C22,-11.797,4.963,-0.989,32.606
Mpro,23mk,7ON,401,1,A,2313,C23,-12.932,5.843,-0.503,30.191
Mpro,23mk,7ON,401,1,A,2323,O3,-13.488,-0.569,0.148,12.858
Mpro,23mk,7ON,401,1,A,2334,C20,-13.172,2.924,-0.526,4.831
Mpro,23mk,7ON,401,1,A,2335,C24,-14.287,5.158,-0.6,10.869
Mpro,23mk,7ON,401,1,A,2339,C27,-10.87,-6.143,-1.783,14.492
Mpro,23mk,7ON,401,1,A,2340,C28,-9.694,-5.23,-1.5,36.229
Mpro,23mk,7ON,401,1,A,2341,C29,-9.552,-5.15,0.016,4.831
Mpro,23mk,7ON,401,1,A,2343,F1,-18.486,6.354,1.023,11.386
Mpro,23mk,7ON,401,1,A,2344,F2,-18.574,4.774,2.439,1.035
Mpro,23mk,7ON,401,1,A,2346,O6,-13.96,-4.11,1.551,1.071
Mpro,23mj,7ON,401,1,B,2412,O5,-38.178,32.596,24.082,7.5
Mpro,23mj,7ON,401,1,B,2413,N2,-35.161,22.738,19.844,2.187
Mpro,23mj,7ON,401,1,B,2415,C3,-33.832,29.059,17.113,12.076
Mpro,23mj,7ON,401,1,B,2419,C21,-36.53,34.235,19.279,14.492
Mpro,23mj,7ON,401,1,B,2420,C22,-36.92,33.371,18.092,36.229
Mpro,23mj,7ON,401,1,B,2421,C23,-36.33,31.969,18.19,14.492
Mpro,23mj,7ON,401,1,B,2431,O3,-36.386,27.323,20.792,15.0
Mpro,23mj,7ON,401,1,B,2433,C11,-37.826,29.101,23.399,7.246
Mpro,23mj,7ON,401,1,B,2435,C13,-36.741,27.018,23.819,4.831
Mpro,23mj,7ON,401,1,B,2440,C18,-36.546,31.504,22.025,1.208
Mpro,23mj,7ON,401,1,B,2442,C20,-36.867,33.536,20.597,13.284
Mpro,23mj,7ON,401,1,B,2443,C24,-36.704,31.276,19.499,12.076
Mpro,23mj,7ON,401,1,B,2446,C26,-36.373,22.194,17.761,7.246
Mpro,23mj,7ON,401,1,B,2447,C27,-37.81,22.025,18.215,28.983
Mpro,23mj,7ON,401,1,B,2448,C28,-37.824,20.842,19.149,18.114
Mpro,23mj,7ON,401,1,B,2451,F1,-36.964,35.186,24.601,15.526
Mpro,23mj,7ON,401,1,B,2454,O6,-34.712,24.036,21.849,3.214
Mpro,23ml,7ON,401,1,A,2358,O5,-33.845,27.865,2.067,10.715
Mpro,23ml,7ON,401,1,A,2361,C3,-29.658,26.297,-5.854,12.076
Mpro,23ml,7ON,401,1,A,2365,C21,-32.656,28.833,-3.655,24.153
Mpro,23ml,7ON,401,1,A,2366,C22,-32.38,30.297,-3.341,21.737
Mpro,23ml,7ON,401,1,A,2367,C23,-32.837,30.7,-1.95,26.568
Mpro,23ml,7ON,401,1,A,2377,O3,-32.159,23.729,-2.543,17.143
Mpro,23ml,7ON,401,1,A,2379,C11,-33.428,24.684,0.726,3.623
Mpro,23ml,7ON,401,1,A,2380,C12,-33.274,23.329,1.413,1.208
Mpro,23ml,7ON,401,1,A,2381,C13,-32.474,22.508,0.401,4.831
Mpro,23ml,7ON,401,1,A,2387,C19,-32.706,28.269,-1.211,4.831
Mpro,23ml,7ON,401,1,A,2388,C20,-32.164,27.875,-2.576,3.623
Mpro,23ml,7ON,401,1,A,2389,C24,-32.348,29.724,-0.878,3.623
Mpro,23ml,7ON,401,1,A,2391,C25,-32.038,19.218,-5.549,4.831
Mpro,23ml,7ON,401,1,A,2392,C26,-32.336,19.814,-6.904,3.623
Mpro,23ml,7ON,401,1,A,2393,C27,-33.822,19.509,-6.986,35.021
Mpro,23ml,7ON,401,1,A,2394,C28,-33.983,18.152,-6.351,20.53
Mpro,23ml,7ON,401,1,A,2395,C29,-32.632,17.82,-5.743,1.208
Mpro,23ml,7ON,401,1,A,2399,F3,-32.615,29.945,3.647,10.351
Mpro,23ml,7ON,401,1,A,2400,O6,-30.394,20.135,-2.598,2.143
Mpro,6z2e,Q5T,401,1,A,2370,C12,-19.278,-32.174,-5.274,2.415
Mpro,6z2e,Q5T,401,1,A,2373,C4,-16.771,-25.947,-8.025,13.284
Mpro,6z2e,Q5T,401,1,A,2378,O2,-18.794,-27.04,-6.824,2.143
Mpro,6z2e,Q5T,401,1,A,2381,N14,-21.215,-33.046,-4.008,9.842
Mpro,6z2e,Q5T,401,1,A,2383,O18,-18.565,-30.918,-8.854,8.572
Mpro,6z2e,Q5T,401,1,A,2394,C30,-21.136,-33.111,-9.847,27.775
Mpro,6z2e,Q5T,401,1,A,2395,C31,-21.178,-34.942,-8.191,14.492
Mpro,6z2e,Q5T,401,1,A,2396,C32,-21.91,-35.494,-10.437,36.229
Mpro,6z2e,Q5T,401,1,A,2399,O35,-19.137,-36.672,-12.174,4.286
Mpro,6z2e,Q5T,401,1,A,2405,O41,-21.225,-39.368,-11.206,12.858
Mpro,6z2e,Q5T,401,1,A,2406,C42,-20.812,-40.861,-12.995,10.869
Mpro,6z2e,Q5T,401,1,A,2407,C43,-20.874,-40.148,-14.354,16.907
Mpro,6z2e,Q5T,401,1,A,2408,O44,-20.684,-41.071,-15.454,5.357
Mpro,6z2e,Q5T,401,1,A,2409,C45,-21.186,-40.58,-16.711,31.398
Mpro,6z2e,Q5T,401,1,A,2410,C46,-20.391,-41.208,-17.845,21.737
Mpro,6z2e,Q5T,401,1,A,2411,O47,-19.188,-40.446,-17.989,2.143
Mpro,6z2e,Q5T,401,1,A,2412,C48,-18.315,-40.851,-19.062,14.492
Mpro,6z2e,Q5T,401,1,A,2413,C50,-17.705,-42.255,-18.912,15.699
Mpro,6z2e,Q5T,401,1,A,2415,C52,-15.465,-42.9,-19.654,33.814
Mpro,6z2e,Q5T,401,1,A,2416,C53,-15.064,-42.019,-20.843,24.153
Mpro,6z2e,Q5T,401,1,A,2417,O54,-13.921,-41.224,-20.502,4.286
Mpro,6z2e,Q5T,401,1,A,2418,C55,-13.083,-40.848,-21.591,26.568
Mpro,6z2e,Q5T,401,1,A,2419,C56,-13.684,-39.623,-22.268,1.208
Mpro,6z2e,Q5T,401,1,A,2420,N57,-13.46,-39.631,-23.706,14.217
Mpro,6z2e,Q5T,401,1,A,2421,C58,-13.538,-38.527,-24.454,6.038
Mpro,6z2e,Q5T,401,1,A,2422,O59,-13.807,-37.426,-23.997,13.929
Mpro,6z2e,Q5T,401,1,A,2423,C60,-13.268,-38.723,-25.931,15.699
Mpro,6z2e,Q5T,401,1,A,2424,C61,-13.614,-37.494,-26.779,21.737
Mpro,6z2e,Q5T,401,1,A,2425,C62,-13.058,-37.581,-28.203,27.775
Mpro,6z2e,Q5T,401,1,A,2426,C63,-13.229,-38.95,-28.873,25.36
Mpro,6z2e,Q5T,401,1,A,2427,C69,-14.688,-39.392,-28.957,1.208
Mpro,6z2e,Q5T,401,1,A,2428,C74,-14.847,-40.795,-29.538,12.076
Mpro,6z2e,Q5T,401,1,A,2429,C77,-15.821,-40.844,-30.717,14.492
Mpro,6z2e,Q5T,401,1,A,2430,C79,-16.358,-39.476,-31.103,33.814
Mpro,6z2e,Q5T,401,1,A,2431,S81,-15.604,-38.323,-30.013,32.17
Mpro,6z2e,Q5T,401,1,A,2432,N82,-15.461,-41.731,-28.608,17.497
Mpro,6z2e,Q5T,401,1,A,2433,N83,-16.858,-41.745,-30.244,19.685
Mpro,6z2e,Q5T,401,1,A,2434,C84,-16.584,-42.292,-29.062,10.869
Mpro,6z2e,Q5T,401,1,A,2435,O85,-17.19,-43.23,-28.535,52.501
Mpro,23ml,7ON,401,1,B,2361,O5,14.176,32.263,-24.304,11.786
Mpro,23ml,7ON,401,1,B,2362,N2,11.045,21.996,-20.731,1.094
Mpro,23ml,7ON,401,1,B,2364,C3,9.849,28.279,-17.237,9.661
Mpro,23ml,7ON,401,1,B,2368,C21,12.566,33.62,-19.498,12.076
Mpro,23ml,7ON,401,1,B,2369,C22,12.885,32.739,-18.295,33.814
Mpro,23ml,7ON,401,1,B,2370,C23,12.359,31.316,-18.476,12.076
Mpro,23ml,7ON,401,1,B,2378,C9,11.665,26.758,-22.16,1.208
Mpro,23ml,7ON,401,1,B,2380,O3,12.508,26.877,-21.265,19.286
Mpro,23ml,7ON,401,1,B,2382,C11,13.655,28.897,-24.307,1.208
Mpro,23ml,7ON,401,1,B,2384,C13,12.853,26.616,-24.44,6.038
Mpro,23ml,7ON,401,1,B,2389,C18,12.665,30.962,-22.341,1.208
Mpro,23ml,7ON,401,1,B,2391,C20,13.013,32.978,-20.816,10.869
Mpro,23ml,7ON,401,1,B,2392,C24,12.859,30.707,-19.785,14.492
Mpro,23ml,7ON,401,1,B,2395,C26,12.817,20.329,-20.379,3.623
Mpro,23ml,7ON,401,1,B,2396,C27,13.842,20.098,-19.277,14.492
Mpro,23ml,7ON,401,1,B,2397,C28,13.584,21.13,-18.19,27.775
Mpro,23ml,7ON,401,1,B,2398,C29,12.576,22.091,-18.767,7.246
Mpro,23ml,7ON,401,1,B,2401,F2,12.694,34.719,-24.94,10.351
Mpro,23ml,7ON,401,1,B,2403,O6,10.47,23.588,-22.443,1.071
Mpro,7aeh,R8H,405,1,A,2518,N1,5.238,-1.119,25.207,1.094
Mpro,7aeh,R8H,405,1,A,2520,C4,7.038,-5.729,25.196,7.246
Mpro,7aeh,R8H,405,1,A,2521,C5,6.249,-6.092,26.279,2.415
Mpro,7aeh,R8H,405,1,A,2522,C6,5.094,-6.813,26.083,9.661
Mpro,7aeh,R8H,405,1,A,2523,C7,4.724,-7.179,24.814,12.076
Mpro,7aeh,R8H,405,1,A,2524,C8,5.505,-6.813,23.729,2.415
Mpro,7aeh,R8H,405,1,A,2525,C10,6.047,-1.43,24.06,4.831
Mpro,7aeh,R8H,405,1,A,2526,C13,4.953,0.197,25.313,3.623
Mpro,7aeh,R8H,405,1,A,2527,C15,3.425,-2.577,26.064,4.831
Mpro,7aeh,R8H,405,1,A,2528,C17,1.066,-2.159,26.295,26.568
Mpro,7aeh,R8H,405,1,A,2529,C20,3.131,-3.851,25.604,2.415
Mpro,7aeh,R8H,405,1,A,2533,C26,4.828,1.867,18.758,3.623
Mpro,7aeh,R8H,405,1,A,2535,N2,7.945,-2.047,19.484,2.187
Mpro,7aeh,R8H,405,1,A,2538,C25,5.084,1.076,19.843,2.415
Mpro,7aeh,R8H,405,1,A,2540,O,9.14,-3.735,21.05,5.357
Mpro,7aeh,R8H,405,1,A,2544,N,6.985,-3.323,22.931,3.281
Mpro,7aeh,R8H,405,1,A,2547,O2,4.235,0.704,26.171,33.215
Mpro,7aeh,R8H,405,1,A,2548,C12,5.701,0.942,24.233,26.568
Mpro,7aeh,R8H,405,1,A,2549,C11,6.32,-0.126,23.336,14.492
Mpro,7aeh,R8H,405,1,A,2550,C14,4.852,-2.116,26.198,6.038
Mpro,7aeh,R8H,405,1,A,2551,C19,1.812,-4.27,25.492,24.153
Mpro,7aeh,R8H,405,1,A,2552,C18,0.786,-3.421,25.832,32.606
Mpro,7aeh,R8H,405,1,A,2553,C16,2.38,-1.734,26.41,12.076
Mpro,7be7,ALD,401,1,A,4683,C9,20.217,6.813,-33.91,2.415
Mpro,7be7,ALD,401,1,A,4684,O31,21.373,7.077,-34.19,3.214
Mpro,7be7,ALD,401,1,A,4688,C4,20.574,8.696,-37.085,3.623
Mpro,7be7,ALD,401,1,A,4689,C5,20.376,9.944,-37.672,4.831
Mpro,7be7,ALD,401,1,A,4690,C6,19.107,10.32,-38.094,4.831
Mpro,7be7,ALD,401,1,A,4692,C2,18.238,8.199,-37.346,1.208
Mpro,7be7,ALD,401,1,A,4699,C32,21.785,9.504,-29.89,3.623
Mpro,7be7,ALD,401,1,A,4700,C33,19.545,9.62,-28.732,4.831
Mpro,7be7,ALD,401,1,A,4704,O34,22.657,5.686,-27.736,15.0
Mpro,7be7,ALD,401,1,A,4719,H4,21.565,8.404,-36.76,0.849
Mpro,7be7,ALD,401,1,A,4720,H5,21.211,10.621,-37.8,21.237
Mpro,7be7,ALD,401,1,A,4721,H6,18.95,11.291,-38.547,24.635
Mpro,7be7,ALD,401,1,A,4722,H1,17.049,9.731,-38.265,6.796
Mpro,7be7,ALD,401,1,A,4727,H302,19.546,9.057,-31.399,13.592
Mpro,7be7,ALD,401,1,A,4728,H31,20.883,7.907,-28.91,0.849
Mpro,7be7,ALD,401,1,A,4729,H321,21.624,10.543,-29.76,19.538
Mpro,7be7,ALD,401,1,A,4730,H322,22.031,9.309,-30.901,4.247
Mpro,7be7,ALD,401,1,A,4731,H323,22.581,9.19,-29.266,13.592
Mpro,7be7,ALD,401,1,A,4732,H331,19.128,9.054,-27.94,2.548
Mpro,7be7,ALD,401,1,A,4733,H332,18.771,9.951,-29.375,15.291
Mpro,7be7,ALD,401,1,A,4734,H333,20.057,10.458,-28.336,16.14
Mpro,7be7,ALD,401,1,A,4747,H17,21.26,5.243,-25.834,4.247
Mpro,7be7,ALD,401,1,A,4748,H221,22.658,3.128,-25.538,3.398
Mpro,7be7,ALD,401,1,A,4753,H202,18.302,7.272,-25.435,3.398
Mpro,7be7,ALD,401,1,A,4758,HOX,21.923,4.061,-23.614,6.796
Mpro,7be7,ALD,702,1,B,4669,C9,-20.112,-9.18,-3.809,1.208
Mpro,7be7,ALD,702,1,B,4670,O31,-20.498,-9.811,-2.84,1.071
Mpro,7be7,ALD,702,1,B,4673,C3,-22.971,-7.597,-3.893,1.208
Mpro,7be7,ALD,702,1,B,4674,C4,-23.492,-8.88,-3.766,3.623
Mpro,7be7,ALD,702,1,B,4675,C5,-24.728,-9.187,-4.33,8.453
Mpro,7be7,ALD,702,1,B,4676,C6,-25.441,-8.213,-5.021,6.038
Mpro,7be7,ALD,702,1,B,4679,N10,-19.279,-9.643,-4.73,1.094
Mpro,7be7,ALD,702,1,B,4685,C32,-19.258,-13.797,-6.281,8.453
Mpro,7be7,ALD,702,1,B,4686,C33,-17.658,-12.841,-7.964,3.623
Mpro,7be7,ALD,702,1,B,4690,O34,-15.491,-13.971,-3.799,17.143
Mpro,7be7,ALD,702,1,B,4705,H4,-22.938,-9.639,-3.229,1.699
Mpro,7be7,ALD,702,1,B,4706,H5,-25.134,-10.186,-4.231,20.388
Mpro,7be7,ALD,702,1,B,4707,H6,-26.401,-8.454,-5.46,26.334
Mpro,7be7,ALD,702,1,B,4708,H1,-25.474,-6.171,-5.685,12.742
Mpro,7be7,ALD,702,1,B,4710,HNA,-18.987,-9.02,-5.469,0.849
Mpro,7be7,ALD,702,1,B,4712,H301,-17.957,-10.658,-6.723,0.849
Mpro,7be7,ALD,702,1,B,4713,H302,-19.628,-11.23,-6.696,13.592
Mpro,7be7,ALD,702,1,B,4715,H321,-19.739,-14.021,-7.197,17.839
Mpro,7be7,ALD,702,1,B,4716,H322,-19.965,-13.405,-5.597,5.946
Mpro,7be7,ALD,702,1,B,4717,H323,-18.832,-14.681,-5.881,15.291
Mpro,7be7,ALD,702,1,B,4718,H331,-16.604,-12.744,-7.973,0.849
Mpro,7be7,ALD,702,1,B,4719,H332,-18.09,-12.056,-8.527,12.742
Mpro,7be7,ALD,702,1,B,4720,H333,-17.93,-13.772,-8.39,11.893
Mpro,7be7,ALD,702,1,B,4724,H242,-16.641,-13.551,-1.073,1.699
Mpro,7be7,ALD,702,1,B,4733,H17,-13.378,-13.928,-4.983,2.548
Mpro,7be7,ALD,702,1,B,4734,H221,-12.099,-14.136,-2.783,3.398
Mpro,7be7,ALD,702,1,B,4739,H202,-13.85,-12.987,-8.412,1.699
Mpro,7be7,ALD,702,1,B,4740,H203,-14.835,-13.451,-7.068,0.849
Mpro,7be7,ALD,702,1,B,4741,H211,-13.522,-10.846,-8.538,0.849
Mpro,7be7,ALD,702,1,B,4744,HOX,-11.119,-15.257,-4.371,6.796
Mpro,7bfb,9JT,1002,1,B,4693,C07,11.106,5.052,5.409,19.322
Mpro,7bfb,9JT,1002,1,B,4694,C06,11.016,6.381,5.011,8.453
Mpro,7bfb,9JT,1002,1,B,4695,C05,10.426,6.708,3.795,6.038
Mpro,7bfb,9JT,1002,1,B,4696,C04,9.925,5.704,2.972,3.623
Mpro,7bfb,9JT,1002,1,B,4698,C02,10.609,4.056,4.593,1.208
Mpro,7bfb,9JT,1002,1,B,4699,SE1,10.735,2.193,5.157,10.948
Mpro,7bfb,9JT,1002,1,B,4700,H5,11.406,7.164,5.651,28.033
Mpro,7bfb,9JT,1002,1,B,4701,H6,10.358,7.744,3.488,27.184
Mpro,7bfb,9JT,1002,1,B,4702,H7,9.465,5.956,2.025,4.247
Mpro,7bfb,9JT,1005,1,B,4724,C07,13.42,16.256,-14.092,13.284
Mpro,7bfb,9JT,1005,1,B,4725,C06,13.057,17.016,-12.986,3.623
Mpro,7bfb,9JT,1005,1,B,4726,C05,11.789,17.583,-12.92,2.415
Mpro,7bfb,9JT,1005,1,B,4730,SE1,13.013,15.008,-16.677,23.264
Mpro,7bfb,9JT,1005,1,B,4731,H5,13.761,17.165,-12.176,27.184
Mpro,7bfb,9JT,1005,1,B,4732,H6,11.507,18.176,-12.059,6.796
Mpro,7bfb,9JT,401,1,A,4635,C08,25.504,5.443,-29.341,38.644
Mpro,7bfb,9JT,401,1,A,4642,SE1,28.132,4.362,-30.733,5.474
Mpro,7bfb,9JT,401,1,A,4643,H5,23.106,4.536,-30.194,10.194
Mpro,7bfb,9JT,402,1,A,4647,SE1,21.699,3.635,-24.48,35.58
Mpro,7bfb,9JT,403,1,A,4648,C07,12.36,-25.09,-18.631,18.114
Mpro,7bfb,9JT,403,1,A,4649,C06,13.505,-25.522,-17.966,7.246
Mpro,7bfb,9JT,403,1,A,4650,C05,14.744,-24.98,-18.285,6.038
Mpro,7bfb,9JT,403,1,A,4651,C04,14.837,-24.006,-19.272,6.038
Mpro,7bfb,9JT,403,1,A,4652,C03,13.693,-23.577,-19.933,4.831
Mpro,7bfb,9JT,403,1,A,4653,C02,12.451,-24.118,-19.614,2.415
Mpro,7bfb,9JT,403,1,A,4654,SE1,10.854,-23.507,-20.55,26.001
Mpro,7bfb,9JT,403,1,A,4655,H5,13.429,-26.281,-17.198,11.893
Mpro,7bfb,9JT,403,1,A,4656,H6,15.634,-25.317,-17.767,22.936
Mpro,7bfb,9JT,403,1,A,4657,H7,15.801,-23.581,-19.525,11.893
Mpro,7bgp,ALD,402,1,A,4644,C9,20.233,6.719,-33.874,2.415
Mpro,7bgp,ALD,402,1,A,4645,O31,21.392,7.0,-34.155,2.143
Mpro,7bgp,ALD,402,1,A,4649,C4,20.576,8.724,-37.013,2.415
Mpro,7bgp,ALD,402,1,A,4650,C5,20.358,9.972,-37.591,4.831
Mpro,7bgp,ALD,402,1,A,4651,C6,19.087,10.322,-38.036,4.831
Mpro,7bgp,ALD,402,1,A,4653,C2,18.258,8.173,-37.312,1.208
Mpro,7bgp,ALD,402,1,A,4660,C32,21.786,9.4,-29.896,3.623
Mpro,7bgp,ALD,402,1,A,4661,C33,19.547,9.498,-28.725,8.453
Mpro,7bgp,ALD,402,1,A,4665,O34,22.701,5.562,-27.719,15.0
Mpro,7bgp,ALD,402,1,A,4680,H4,21.569,8.451,-36.678,0.849
Mpro,7bgp,ALD,402,1,A,4681,H5,21.179,10.671,-37.694,21.237
Mpro,7bgp,ALD,402,1,A,4682,H6,18.916,11.291,-38.487,23.786
Mpro,7bgp,ALD,402,1,A,4683,H1,17.046,9.685,-38.243,6.796
Mpro,7bgp,ALD,402,1,A,4688,H302,19.576,8.931,-31.383,13.592
Mpro,7bgp,ALD,402,1,A,4689,H31,20.914,7.803,-28.882,0.849
Mpro,7bgp,ALD,402,1,A,4690,H321,21.62,10.436,-29.752,19.538
Mpro,7bgp,ALD,402,1,A,4691,H322,22.009,9.216,-30.914,4.247
Mpro,7bgp,ALD,402,1,A,4692,H323,22.599,9.086,-29.294,13.592
Mpro,7bgp,ALD,402,1,A,4693,H331,19.162,8.946,-27.906,2.548
Mpro,7bgp,ALD,402,1,A,4694,H332,18.751,9.782,-29.363,11.893
Mpro,7bgp,ALD,402,1,A,4695,H333,20.039,10.364,-28.367,16.99
Mpro,7bgp,ALD,402,1,A,4708,H17,21.347,5.146,-25.83,4.247
Mpro,7bgp,ALD,402,1,A,4709,H221,22.674,3.034,-25.395,5.097
Mpro,7bgp,ALD,402,1,A,4714,H202,18.366,7.222,-25.322,5.097
Mpro,7bgp,ALD,402,1,A,4719,HOX,21.866,3.862,-23.477,4.247
Mpro,7gax,KJI,1001,1,A,2356,N1,8.178,-0.337,20.909,2.187
Mpro,7gax,KJI,1001,1,A,2360,C6,9.503,-0.148,21.064,2.415
Mpro,7gax,KJI,1001,1,A,2362,C8,9.681,-2.768,23.764,2.415
Mpro,7gax,KJI,1001,1,A,2363,C10,10.972,-4.718,24.26,1.208
Mpro,7gax,KJI,1001,1,A,2364,C13,7.073,-4.078,26.819,21.737
Mpro,7gax,KJI,1001,1,A,2365,C15,7.604,-2.462,25.139,12.076
Mpro,7gax,KJI,1001,1,A,2366,O,10.103,0.829,20.626,2.143
Mpro,7gax,KJI,1001,1,A,2369,C2,5.353,0.995,18.98,2.415
Mpro,7gax,KJI,1001,1,A,2371,C,5.459,0.443,21.433,21.737
Mpro,7gax,KJI,1001,1,A,2372,N2,9.44,-1.617,23.065,6.562
Mpro,7gax,KJI,1001,1,A,2373,C16,8.784,-3.172,24.802,3.623
Mpro,7gax,KJI,1001,1,A,2374,C14,6.776,-2.914,26.123,13.284
Mpro,7gax,KJI,1001,1,A,2375,C12,8.201,-4.794,26.532,1.208
Mpro,7gax,KJI,1001,1,A,2376,C11,9.08,-4.363,25.512,2.415
Mpro,7gay,KJO,1001,1,A,2363,C4,12.02,0.366,22.778,9.661
Mpro,7gay,KJO,1001,1,A,2364,C5,13.369,0.662,22.884,3.623
Mpro,7gay,KJO,1001,1,A,2368,C10,6.213,0.959,19.895,12.076
Mpro,7gay,KJO,1001,1,A,2370,O,10.051,1.011,20.644,3.214
Mpro,7gay,KJO,1001,1,A,2371,C2,9.543,0.008,21.131,1.208
Mpro,7gay,KJO,1001,1,A,2372,C1,8.087,-0.245,21.035,1.208
Mpro,7gay,KJO,1001,1,A,2375,C11,5.613,1.431,18.746,8.453
Mpro,7gay,KJO,1001,1,A,2376,C,7.433,-0.832,22.03,24.153
Mpro,7gay,KJO,1001,1,A,2377,N,10.256,-0.918,21.789,3.281
Mpro,7bgp,ALD,401,1,B,4663,C3,-22.885,-7.58,-3.854,1.208
Mpro,7bgp,ALD,401,1,B,4664,C4,-23.392,-8.873,-3.766,3.623
Mpro,7bgp,ALD,401,1,B,4665,C5,-24.652,-9.166,-4.282,6.038
Mpro,7bgp,ALD,401,1,B,4666,C6,-25.412,-8.168,-4.886,7.246
Mpro,7bgp,ALD,401,1,B,4667,C1,-24.908,-6.874,-4.976,1.208
Mpro,7bgp,ALD,401,1,B,4675,C32,-19.138,-13.852,-6.285,9.661
Mpro,7bgp,ALD,401,1,B,4676,C33,-17.576,-12.852,-7.975,3.623
Mpro,7bgp,ALD,401,1,B,4680,O34,-15.473,-13.9,-3.746,15.0
Mpro,7bgp,ALD,401,1,B,4695,H4,-22.806,-9.653,-3.296,1.699
Mpro,7bgp,ALD,401,1,B,4696,H5,-25.042,-10.173,-4.214,22.087
Mpro,7bgp,ALD,401,1,B,4697,H6,-26.392,-8.398,-5.285,27.184
Mpro,7bgp,ALD,401,1,B,4698,H1,-25.494,-6.095,-5.448,11.043
Mpro,7bgp,ALD,401,1,B,4700,HNA,-19.187,-9.142,-5.659,2.548
Mpro,7bgp,ALD,401,1,B,4702,H301,-17.939,-10.677,-6.749,0.849
Mpro,7bgp,ALD,401,1,B,4703,H302,-19.59,-11.303,-6.716,13.592
Mpro,7bgp,ALD,401,1,B,4705,H321,-19.631,-14.074,-7.195,17.839
Mpro,7bgp,ALD,401,1,B,4706,H322,-19.841,-13.489,-5.582,5.946
Mpro,7bgp,ALD,401,1,B,4707,H323,-18.681,-14.73,-5.907,15.291
Mpro,7bgp,ALD,401,1,B,4708,H331,-16.525,-12.718,-7.991,1.699
Mpro,7bgp,ALD,401,1,B,4709,H332,-18.038,-12.084,-8.539,12.742
Mpro,7bgp,ALD,401,1,B,4710,H333,-17.818,-13.793,-8.395,10.194
Mpro,7bgp,ALD,401,1,B,4714,H242,-16.638,-13.516,-1.042,1.699
Mpro,7bgp,ALD,401,1,B,4723,H17,-13.388,-13.914,-4.845,2.548
Mpro,7bgp,ALD,401,1,B,4724,H221,-12.078,-14.015,-2.663,1.699
Mpro,7bgp,ALD,401,1,B,4729,H202,-13.853,-13.062,-8.324,1.699
Mpro,7bgp,ALD,401,1,B,4730,H203,-14.875,-13.448,-6.983,0.849
Mpro,7bgp,ALD,401,1,B,4731,H211,-13.58,-10.849,-8.488,1.699
Mpro,7bgp,ALD,401,1,B,4734,HOX,-11.284,-15.234,-4.362,7.645
Mpro,7gaz,KL6,1001,1,A,2363,O3,12.089,6.058,23.425,6.429
Mpro,7gaz,KL6,1001,1,A,2365,O2,10.575,4.788,24.899,17.143
Mpro,7gaz,KL6,1001,1,A,2366,N2,9.926,5.281,22.591,20.778
Mpro,7gaz,KL6,1001,1,A,2369,C3,12.04,-1.42,23.21,1.208
Mpro,7gaz,KL6,1001,1,A,2370,C2,9.942,-0.22,23.727,13.284
Mpro,7gaz,KL6,1001,1,A,2371,C1,9.522,-0.728,25.094,8.453
Mpro,7gaz,KL6,1001,1,A,2372,N,8.056,-0.713,25.196,15.31
Mpro,7gaz,KL6,1001,1,A,2373,S,7.275,0.686,25.436,1.287
Mpro,7gaz,KL6,1001,1,A,2374,O,8.249,1.629,25.889,9.643
Mpro,7gaz,KL6,1001,1,A,2375,O1,6.152,0.401,26.275,36.43
Mpro,7gaz,KL6,1001,1,A,2376,C,6.671,1.228,23.883,25.36
Mpro,7gb0,KLR,1001,1,A,2366,N1,8.351,0.462,22.819,1.094
Mpro,7gb0,KLR,1001,1,A,2367,N3,7.108,-6.026,27.397,24.059
Mpro,7gb0,KLR,1001,1,A,2370,C6,8.854,2.764,23.453,22.945
Mpro,7gb0,KLR,1001,1,A,2371,C7,10.388,0.89,24.094,2.415
Mpro,7gb0,KLR,1001,1,A,2372,C8,8.136,1.086,25.16,27.775
Mpro,7gb0,KLR,1001,1,A,2374,C13,5.971,0.562,20.119,3.623
Mpro,7gb0,KLR,1001,1,A,2377,C20,8.05,-5.5,27.023,3.623
Mpro,7gb0,KLR,1001,1,A,2378,C21,7.714,-4.56,23.78,8.453
Mpro,7gb0,KLR,1001,1,A,2379,C22,7.133,-3.671,22.891,6.038
Mpro,7gb0,KLR,1001,1,A,2383,C12,5.137,1.163,19.199,6.038
Mpro,7gb0,KLR,1001,1,A,2390,C19,9.275,-4.872,26.521,3.623
Mpro,7gb2,KMX,406,1,A,2381,N1,6.644,-2.668,23.93,4.374
Mpro,7gb2,KMX,406,1,A,2382,C4,5.958,-1.739,24.823,16.907
Mpro,7gb2,KMX,406,1,A,2383,C5,5.308,-2.526,25.918,2.415
Mpro,7gb2,KMX,406,1,A,2384,C6,5.905,-3.295,26.851,20.53
Mpro,7gb2,KMX,406,1,A,2385,C7,3.858,-3.643,27.509,3.623
Mpro,7gb2,KMX,406,1,A,2386,C8,2.723,-4.065,28.394,24.153
Mpro,7gb2,KMX,406,1,A,2387,C10,3.368,-4.332,30.817,20.53
Mpro,7gb2,KMX,406,1,A,2388,C13,2.789,-1.693,31.359,32.606
Mpro,7gb2,KMX,406,1,A,2389,C15,5.669,-3.574,23.279,6.038
Mpro,7gb2,KMX,406,1,A,2390,S,3.588,-2.593,26.149,18.015
Mpro,7gb2,KMX,406,1,A,2392,N2,5.096,-3.934,27.745,8.749
Mpro,7gb2,KMX,406,1,A,2393,C11,3.577,-3.819,32.086,26.568
Mpro,7gb2,KMX,406,1,A,2395,C2,8.108,-2.879,21.952,7.246
Mpro,7gb2,KMX,406,1,A,2396,C16,6.367,-4.519,22.321,6.038
Mpro,7gb2,KMX,406,1,A,2397,C9,2.875,-3.528,29.799,3.623
Mpro,7gb2,KMX,406,1,A,2398,C12,3.287,-2.5,32.357,31.398
Mpro,7gb2,KMX,406,1,A,2399,C14,2.583,-2.203,30.087,20.53
Mpro,7gb2,KMX,406,1,A,2400,C,7.21,-2.646,19.127,7.246
Mpro,7gb2,KMX,406,1,A,2402,C3,7.431,-1.926,22.925,22.945
Mpro,7gb1,KMF,405,1,A,2378,C4,6.99,-3.625,25.524,18.114
Mpro,7gb1,KMF,405,1,A,2379,C5,8.04,-4.231,26.451,6.038
Mpro,7gb1,KMF,405,1,A,2385,C15,10.785,-1.467,23.76,1.208
Mpro,7gb1,KMF,405,1,A,2386,C17,7.269,-2.467,23.391,6.038
Mpro,7gb1,KMF,405,1,A,2390,C18,7.824,-2.617,21.979,3.623
Mpro,7gb1,KMF,405,1,A,2397,C14,11.174,-0.968,22.55,4.831
Mpro,7gb1,KMF,405,1,A,2398,C,7.131,-2.566,19.107,7.246
Mpro,7gb1,KMF,405,1,A,2399,O,9.371,-1.841,27.019,2.143
Mpro,7gb1,KMF,405,1,A,2400,C3,6.515,-4.74,23.413,10.869
Mpro,7gb3,KNU,406,1,A,2383,C6,12.055,0.225,23.671,1.208
Mpro,7gb3,KNU,406,1,A,2384,C7,10.781,-0.28,23.634,13.284
Mpro,7gb3,KNU,406,1,A,2386,O,8.068,-0.85,20.239,12.858
Mpro,7gb3,KNU,406,1,A,2389,C1,9.081,-1.85,22.616,4.831
Mpro,7gb3,KNU,406,1,A,2390,C,8.688,-2.734,23.794,39.852
Mpro,7gb3,KNU,406,1,A,2392,F,12.337,1.191,24.584,9.316
Mpro,7gb6,KP0,405,1,A,2377,N1,8.202,-0.539,20.673,1.094
Mpro,7gb6,KP0,405,1,A,2380,C6,9.316,-1.557,23.028,10.869
Mpro,7gb6,KP0,405,1,A,2381,C7,9.769,-3.005,23.145,2.415
Mpro,7gb6,KP0,405,1,A,2384,C13,8.26,-3.459,25.151,21.737
Mpro,7gb6,KP0,405,1,A,2386,C17,5.603,1.413,18.905,6.038
Mpro,7gb6,KP0,405,1,A,2389,C11,8.641,-5.482,26.615,12.076
Mpro,7gb6,KP0,405,1,A,2392,C2,13.25,0.614,23.37,1.208
Mpro,7gb6,KP0,405,1,A,2393,C16,6.257,0.756,19.931,6.038
Mpro,7gb6,KP0,405,1,A,2394,C9,10.155,-5.014,24.647,2.415
Mpro,7gb6,KP0,405,1,A,2395,C12,8.157,-4.037,26.564,16.907
Mpro,7gb6,KP0,405,1,A,2397,C14,9.453,-0.115,20.984,3.623
Mpro,7gb6,KP0,405,1,A,2399,O,10.015,0.811,20.412,3.214
Mpro,7gb6,KP0,405,1,A,2400,C3,11.909,0.272,23.279,2.415
Mpro,7gb4,KO9,405,1,A,2377,N1,9.581,-0.648,22.154,12.029
Mpro,7gb4,KO9,405,1,A,2379,C4,5.185,1.601,18.855,6.038
Mpro,7gb4,KO9,405,1,A,2382,C7,10.943,-0.449,22.461,3.623
Mpro,7gb4,KO9,405,1,A,2383,C8,11.447,0.526,23.327,10.869
Mpro,7gb4,KO9,405,1,A,2387,N2,12.755,0.808,23.448,4.374
Mpro,7gb4,KO9,405,1,A,2389,C,8.861,0.024,21.237,3.623
Mpro,7gb4,KO9,405,1,A,2390,O,9.26,1.042,20.678,4.286
Mpro,7gb4,KO9,405,1,A,2391,C1,7.504,-0.578,20.93,4.831
Mpro,7gb4,KO9,405,1,A,2394,C3,5.759,0.972,19.945,12.076
Mpro,7gb5,KOI,1001,1,A,2363,C5,9.035,-0.954,22.505,21.737
Mpro,7gb5,KOI,1001,1,A,2364,C6,8.531,-0.149,21.324,1.208
Mpro,7gb5,KOI,1001,1,A,2368,O,9.106,0.855,20.926,2.143
Mpro,7gb5,KOI,1001,1,A,2369,C3,10.952,0.169,23.71,7.246
Mpro,7gb5,KOI,1001,1,A,2370,C2,12.299,0.469,23.833,2.415
Mpro,7gb5,KOI,1001,1,A,2375,N,7.396,-0.601,20.783,1.094
Mpro,7gb5,KOI,1001,1,A,2377,C9,4.971,1.421,18.878,3.623
Mpro,7gb8,KQL,405,1,A,2377,N1,7.541,-0.711,20.334,1.094
Mpro,7gb8,KQL,405,1,A,2381,C7,9.234,-1.489,21.851,13.284
Mpro,7gb8,KQL,405,1,A,2383,C10,11.343,0.282,24.463,6.038
Mpro,7gb8,KQL,405,1,A,2390,C11,12.62,-0.044,24.046,1.208
Mpro,7gb8,KQL,405,1,A,2391,C9,10.249,-0.183,23.753,20.53
Mpro,7gb8,KQL,405,1,A,2392,O,9.381,0.585,20.65,3.214
Mpro,7gb8,KQL,405,1,A,2394,C,5.267,0.962,21.016,28.983
Mpro,7gb8,KQL,405,1,A,2397,C2,5.253,1.568,18.574,2.415
Mpro,7gb7,KQ3,1001,1,A,2365,C6,8.494,-1.458,23.359,8.453
Mpro,7gb7,KQ3,1001,1,A,2366,C7,9.071,-2.83,23.581,2.415
Mpro,7gb7,KQ3,1001,1,A,2368,C10,6.872,-4.398,26.209,25.36
Mpro,7gb7,KQ3,1001,1,A,2370,C15,4.98,1.422,19.071,6.038
Mpro,7gb7,KQ3,1001,1,A,2373,N2,7.506,-0.536,20.918,1.094
Mpro,7gb7,KQ3,1001,1,A,2374,C11,7.247,-3.799,24.872,16.907
Mpro,7gb7,KQ3,1001,1,A,2376,O1,9.25,0.92,20.8,4.286
Mpro,7gb7,KQ3,1001,1,A,2377,C2,12.387,0.858,23.761,3.623
Mpro,7gb7,KQ3,1001,1,A,2380,C12,8.696,-0.034,21.324,4.831
Mpro,7gb7,KQ3,1001,1,A,2381,C14,5.61,0.778,20.118,7.246
Mpro,7gb7,KQ3,1001,1,A,2383,O,7.721,-5.506,26.545,2.143
Mpro,7gb7,KQ3,1001,1,A,2384,C3,11.049,0.512,23.641,4.831
Mpro,7gb9,KQX,405,1,A,2366,C4,10.493,-1.447,22.652,2.415
Mpro,7gb9,KQX,405,1,A,2367,C5,9.027,-1.518,22.336,14.492
Mpro,7gb9,KQX,405,1,A,2371,C10,5.499,1.395,18.656,2.415
Mpro,7gb9,KQX,405,1,A,2372,C13,10.951,-0.65,23.688,7.246
Mpro,7gb9,KQX,405,1,A,2373,O,9.516,0.377,20.904,3.214
Mpro,7gb9,KQX,405,1,A,2381,C12,5.582,0.951,21.129,28.983
Mpro,7gbb,KSI,1001,1,A,2361,N1,9.264,-2.179,22.572,4.374
Mpro,7gbb,KSI,1001,1,A,2363,C5,7.086,-2.769,21.623,1.208
Mpro,7gbb,KSI,1001,1,A,2364,C6,8.486,-1.152,20.447,12.076
Mpro,7gbb,KSI,1001,1,A,2365,C7,9.675,-1.587,21.281,1.208
Mpro,7gbb,KSI,1001,1,A,2366,C8,10.444,-2.574,23.358,3.623
Mpro,7gbb,KSI,1001,1,A,2367,C10,11.728,-0.515,24.049,7.246
Mpro,7gbb,KSI,1001,1,A,2369,C15,7.127,-2.822,19.178,1.208
Mpro,7gbb,KSI,1001,1,A,2373,C3,7.915,-3.982,23.697,12.076
Mpro,7gbb,KSI,1001,1,A,2374,C1,6.911,-5.134,23.578,1.208
Mpro,7gbb,KSI,1001,1,A,2376,C,6.696,-5.793,24.93,37.436
Mpro,7gbb,KSI,1001,1,A,2380,C12,13.71,0.191,22.885,2.415
Mpro,7gbb,KSI,1001,1,A,2381,C11,12.765,0.388,23.88,8.453
Mpro,7gba,KS0,404,1,A,2373,C10,7.709,3.027,23.435,19.322
Mpro,7gba,KS0,404,1,A,2374,C13,8.022,5.418,22.101,9.661
Mpro,7gba,KS0,404,1,A,2376,C01,7.781,-2.54,18.09,1.208
Mpro,7gba,KS0,404,1,A,2377,C02,8.206,-1.149,18.536,2.415
Mpro,7gba,KS0,404,1,A,2380,C05,6.05,-0.468,20.591,9.661
Mpro,7gba,KS0,404,1,A,2381,C06,6.205,0.611,21.675,15.699
Mpro,7gba,KS0,404,1,A,2383,C08,5.433,2.633,22.334,20.53
Mpro,7gba,KS0,404,1,A,2384,C09,6.733,3.435,22.526,2.415
Mpro,7gba,KS0,404,1,A,2385,C11,8.852,3.789,23.637,15.699
Mpro,7gba,KS0,404,1,A,2386,C12,6.882,4.658,21.891,9.661
Mpro,7gba,KS0,404,1,A,2387,C14,8.981,5.014,23.005,4.831
Mpro,7gba,KS0,404,1,A,2388,F15,10.083,5.796,23.187,13.456
Mpro,7gba,KS0,404,1,A,2389,C16,5.215,2.241,20.117,8.453
Mpro,7gbd,KT9,404,1,A,2373,N1,5.361,1.614,18.781,8.749
Mpro,7gbd,KT9,404,1,A,2375,C4,9.085,0.111,20.937,7.246
Mpro,7gbd,KT9,404,1,A,2376,C5,7.793,-0.612,20.606,6.038
Mpro,7gbd,KT9,404,1,A,2378,C7,5.937,0.862,19.726,6.038
Mpro,7gbd,KT9,404,1,A,2380,C10,11.644,1.023,22.317,8.453
Mpro,7gbd,KT9,404,1,A,2381,C13,13.688,4.845,23.196,6.038
Mpro,7gbd,KT9,404,1,A,2383,N,9.953,-0.62,21.67,5.468
Mpro,7gbd,KT9,404,1,A,2390,C12,12.812,3.729,22.607,6.038
Mpro,7gbd,KT9,404,1,A,2393,O,9.302,1.26,20.565,6.429
Mpro,7gbd,KT9,404,1,A,2395,C3,11.274,-0.29,22.051,1.208
Mpro,7gbc,KSX,404,1,A,2387,N1,8.177,-0.024,21.044,4.374
Mpro,7gbc,KSX,404,1,A,2391,C6,9.498,-0.148,21.174,1.208
Mpro,7gbc,KSX,404,1,A,2392,C7,9.976,-0.953,22.367,19.322
Mpro,7gbc,KSX,404,1,A,2399,C9,12.011,-0.019,23.54,6.038
Mpro,7gbc,KSX,404,1,A,2400,O,10.275,0.507,20.494,2.143
Mpro,7gbc,KSX,404,1,A,2402,C,5.523,1.039,21.23,24.153
Mpro,7gbe,KU6,1001,1,A,2368,C4,9.153,0.967,23.884,21.737
Mpro,7gbe,KU6,1001,1,A,2369,C5,8.635,-0.378,23.437,14.492
Mpro,7gbe,KU6,1001,1,A,2370,C6,9.504,-0.912,22.281,7.246
Mpro,7gbe,KU6,1001,1,A,2374,C13,10.984,-0.65,22.502,1.208
Mpro,7gbe,KU6,1001,1,A,2375,N,8.063,-0.675,20.324,2.187
Mpro,7gbe,KU6,1001,1,A,2377,C11,6.107,1.917,21.22,12.076
Mpro,7gbe,KU6,1001,1,A,2380,C2,12.753,0.553,23.658,2.415
Mpro,7gbe,KU6,1001,1,A,2382,C12,5.015,2.331,20.289,18.114
Mpro,7gbe,KU6,1001,1,A,2385,O,10.534,0.902,24.324,2.143
Mpro,7gbf,KUU,405,1,A,2377,C8,5.085,1.476,18.998,3.623
Mpro,7gbf,KUU,405,1,A,2378,C10,5.136,1.078,21.484,15.699
Mpro,7gbf,KUU,405,1,A,2379,C13,12.634,1.304,22.997,3.623
Mpro,7gbf,KUU,405,1,A,2383,C12,11.283,1.002,23.094,2.415
Mpro,7gbf,KUU,405,1,A,2386,C3,9.307,-0.548,22.68,2.415
Mpro,7gbf,KUU,405,1,A,2387,C1,8.68,-0.463,24.114,7.246
Mpro,7gbf,KUU,405,1,A,2388,C2,9.035,0.823,24.837,18.114
Mpro,7gbf,KUU,405,1,A,2389,C,7.169,-0.666,24.106,26.568
Mpro,7gbf,KUU,405,1,A,2390,O,8.894,1.421,21.351,1.071
Mpro,7gbf,KUU,405,1,A,2391,N,7.603,-0.396,20.952,1.094
Mpro,7gbg,KVF,404,1,A,2376,C6,5.631,1.488,19.118,3.623
Mpro,7gbg,KVF,404,1,A,2378,C8,6.118,0.912,21.519,32.606
Mpro,7gbg,KVF,404,1,A,2379,C10,11.87,0.334,23.464,1.208
Mpro,7gbg,KVF,404,1,A,2383,C11,13.227,0.616,23.491,3.623
Mpro,7gbg,KVF,404,1,A,2386,C2,9.846,-0.686,22.333,4.831
Mpro,7gbg,KVF,404,1,A,2387,C1,9.396,-2.154,22.316,1.208
Mpro,7gbg,KVF,404,1,A,2388,C,9.512,-2.817,23.671,32.606
Mpro,7gbg,KVF,404,1,A,2390,O,9.912,1.214,20.843,3.214
Mpro,7gbi,KVX,403,1,A,2386,C7,9.991,-0.773,22.459,9.661
Mpro,7gbi,KVX,403,1,A,2387,C8,9.755,0.081,23.703,25.36
Mpro,7gbi,KVX,403,1,A,2388,C10,13.332,0.519,23.277,2.415
Mpro,7gbi,KVX,403,1,A,2395,O2,10.954,0.898,23.827,6.429
Mpro,7gbi,KVX,403,1,A,2398,C,6.064,0.847,21.39,4.831
Mpro,7gbi,KVX,403,1,A,2399,O,4.94,1.71,21.531,21.429
Mpro,7gbi,KVX,403,1,A,2402,C2,5.778,1.238,18.917,1.208
Mpro,7gbh,KVO,404,1,A,2376,C8,9.554,-0.985,22.334,19.322
Mpro,7gbh,KVO,404,1,A,2377,C10,11.534,0.112,23.448,4.831
Mpro,7gbh,KVO,404,1,A,2381,C11,12.889,0.395,23.517,2.415
Mpro,7gbh,KVO,404,1,A,2383,C9,11.042,-0.79,22.515,1.208
Mpro,7gbh,KVO,404,1,A,2384,O,9.647,0.782,20.707,3.214
Mpro,7gbh,KVO,404,1,A,2386,C,5.683,1.298,21.419,32.606
Mpro,7gbh,KVO,404,1,A,2389,C2,5.43,1.64,18.943,3.623
Mpro,7gbj,KW9,404,1,A,2377,C7,9.903,-2.528,22.278,7.246
Mpro,7gbj,KW9,404,1,A,2378,C8,8.419,-2.486,22.062,20.53
Mpro,7gbj,KW9,404,1,A,2379,C10,6.441,-0.355,19.662,1.208
Mpro,7gbj,KW9,404,1,A,2381,C15,3.395,2.25,20.93,3.623
Mpro,7gbj,KW9,404,1,A,2382,C17,4.865,0.471,21.437,10.869
Mpro,7gbj,KW9,404,1,A,2383,F,2.423,3.124,21.326,45.543
Mpro,7gbj,KW9,404,1,A,2384,C14,3.874,2.359,19.65,4.831
Mpro,7gbj,KW9,404,1,A,2385,C16,3.863,1.337,21.837,20.53
Mpro,7gbj,KW9,404,1,A,2386,C18,5.383,0.528,20.142,2.415
Mpro,7gbj,KW9,404,1,A,2391,O2,6.082,-2.524,20.571,2.143
Mpro,7gbj,KW9,404,1,A,2392,N,8.032,-1.517,21.046,1.094
Mpro,7gbj,KW9,404,1,A,2393,O1,10.347,-1.182,22.515,4.286
Mpro,7gbj,KW9,404,1,A,2395,O,10.997,1.217,23.159,8.572
Mpro,7gbj,KW9,404,1,A,2396,C,11.272,2.584,23.458,26.568
Mpro,7gbl,KWR,405,1,A,2377,N1,9.874,-0.608,21.785,6.562
Mpro,7gbl,KWR,405,1,A,2378,C4,5.142,1.69,19.003,10.869
Mpro,7gbl,KWR,405,1,A,2381,C7,11.2,-0.305,22.165,2.415
Mpro,7gbl,KWR,405,1,A,2384,C13,12.904,4.929,23.452,12.076
Mpro,7gbl,KWR,405,1,A,2385,C15,11.489,0.951,22.686,10.869
Mpro,7gbl,KWR,405,1,A,2388,C1,7.684,-0.495,20.792,3.623
Mpro,7gbl,KWR,405,1,A,2393,C12,12.548,3.629,22.724,4.831
Mpro,7gbl,KWR,405,1,A,2395,C,8.983,0.195,21.162,7.246
Mpro,7gbl,KWR,405,1,A,2396,O,9.188,1.379,20.898,7.5
Mpro,7gbl,KWR,405,1,A,2398,C3,5.806,1.018,20.014,13.284
Mpro,7gbm,KX9,404,1,A,2369,N3,4.488,1.15,21.61,6.562
Mpro,7gbm,KX9,404,1,A,2372,C6,5.508,1.487,18.953,2.415
Mpro,7gbm,KX9,404,1,A,2374,C8,6.597,1.17,22.403,4.831
Mpro,7gbm,KX9,404,1,A,2375,C10,4.482,1.407,22.912,24.153
Mpro,7gbm,KX9,404,1,A,2376,C13,13.006,0.497,23.252,2.415
Mpro,7gbm,KX9,404,1,A,2384,C,9.166,-1.498,23.368,28.983
Mpro,7gbm,KX9,404,1,A,2387,N,8.064,-0.677,20.565,1.094
Mpro,7gbm,KX9,404,1,A,2390,C9,5.765,1.432,23.454,30.191
Mpro,7gbk,KXF,1001,1,A,2365,C7,10.19,-1.491,21.874,14.492
Mpro,7gbk,KXF,1001,1,A,2366,C8,11.57,-1.049,22.297,1.208
Mpro,7gbk,KXF,1001,1,A,2368,C13,11.736,-0.28,23.442,15.699
Mpro,7gbk,KXF,1001,1,A,2369,O,10.149,0.548,20.603,2.143
Mpro,7gbk,KXF,1001,1,A,2372,C2,5.728,1.297,18.948,3.623
Mpro,7gbk,KXF,1001,1,A,2374,C,5.999,0.791,21.398,25.36
Mpro,7gbk,KXF,1001,1,A,2375,C12,12.996,0.156,23.818,2.415
Mpro,7gbk,KXF,1001,1,A,2376,O1,13.124,0.866,24.97,5.357
Mpro,7gbn,KXR,404,1,A,2370,C4,7.873,-0.453,20.735,8.453
Mpro,7gbn,KXR,404,1,A,2374,C8,5.971,0.946,19.834,10.869
Mpro,7gbn,KXR,404,1,A,2377,N,10.112,-0.502,21.614,7.655
Mpro,7gbn,KXR,404,1,A,2378,N2,5.381,1.676,18.879,6.562
Mpro,7gbn,KXR,404,1,A,2379,C1,12.413,-1.183,21.864,1.208
Mpro,7gbn,KXR,404,1,A,2380,C11,12.763,3.789,22.766,2.415
Mpro,7gbn,KXR,404,1,A,2382,C2,11.45,-0.181,21.944,2.415
Mpro,7gbn,KXR,404,1,A,2385,C12,13.511,4.992,23.351,9.661
Mpro,7gbn,KXR,404,1,A,2388,O,9.365,1.431,20.651,6.429
Mpro,7gbn,KXR,404,1,A,2390,C3,9.184,0.264,20.993,6.038
Mpro,7gbp,KYC,405,1,A,2376,C7,5.396,1.288,19.112,4.831
Mpro,7gbp,KYC,405,1,A,2383,C12,13.112,0.917,23.628,2.415
Mpro,7gbp,KYC,405,1,A,2384,C11,11.775,0.554,23.663,2.415
Mpro,7gbp,KYC,405,1,A,2385,C2,9.76,-0.586,22.658,2.415
Mpro,7gbp,KYC,405,1,A,2387,C1,10.201,-2.734,23.834,12.076
Mpro,7gbp,KYC,405,1,A,2388,C,7.963,-1.965,23.552,26.568
Mpro,7gbp,KYC,405,1,A,2389,C3,9.168,0.048,21.386,1.208
Mpro,7gbp,KYC,405,1,A,2390,O,9.665,1.064,20.916,5.357
Mpro,7gbp,KYC,405,1,A,2391,C9,5.563,0.745,21.566,28.983
Mpro,7gbq,KYU,404,1,A,2379,C10,13.207,0.38,23.513,2.415
Mpro,7gbq,KYU,404,1,A,2381,F,9.654,-2.319,22.037,10.351
Mpro,7gbq,KYU,404,1,A,2382,C9,11.852,0.101,23.419,1.208
Mpro,7gbq,KYU,404,1,A,2387,C,5.858,0.963,21.333,28.983
Mpro,7gbq,KYU,404,1,A,2388,C2,5.64,1.441,18.87,3.623
Mpro,7gbq,KYU,404,1,A,2389,O,9.928,0.812,20.684,4.286
Mpro,7gbq,KYU,404,1,A,2391,F1,9.194,-0.684,23.389,26.912
Mpro,7gbo,KY0,404,1,A,2377,N1,8.059,-0.794,20.74,1.094
Mpro,7gbo,KY0,404,1,A,2382,C8,9.222,-2.503,22.716,13.284
Mpro,7gbo,KY0,404,1,A,2388,C12,12.89,0.759,23.602,3.623
Mpro,7gbo,KY0,404,1,A,2389,C11,11.611,0.229,23.619,6.038
Mpro,7gbo,KY0,404,1,A,2390,C9,8.829,-1.42,23.659,21.737
Mpro,7gbo,KY0,404,1,A,2391,O,9.604,0.812,21.041,3.214
Mpro,7gbo,KY0,404,1,A,2393,C,5.671,0.657,21.555,27.775
Mpro,7gbo,KY0,404,1,A,2396,C2,5.491,1.312,19.131,3.623
Mpro,7gbr,KZC,405,1,A,2377,N1,10.574,-1.352,22.89,9.842
Mpro,7gbr,KZC,405,1,A,2378,C4,12.283,0.178,23.604,10.869
Mpro,7gbr,KZC,405,1,A,2379,C5,13.557,0.71,23.457,3.623
Mpro,7gbr,KZC,405,1,A,2384,C13,3.861,2.351,19.787,6.038
Mpro,7gbr,KZC,405,1,A,2385,C15,3.816,1.262,21.931,24.153
Mpro,7gbr,KZC,405,1,A,2386,C17,5.377,0.512,20.253,2.415
Mpro,7gbr,KZC,405,1,A,2387,N,8.025,-1.422,21.203,5.468
Mpro,7gbr,KZC,405,1,A,2389,C1,8.542,-2.462,22.083,21.737
Mpro,7gbr,KZC,405,1,A,2392,C2,10.056,-2.46,22.103,4.831
Mpro,7gbr,KZC,405,1,A,2393,C16,4.841,0.413,21.541,12.076
Mpro,7gbr,KZC,405,1,A,2394,C9,6.413,-0.382,19.754,1.208
Mpro,7gbr,KZC,405,1,A,2396,C14,3.327,2.217,21.059,32.606
Mpro,7gbr,KZC,405,1,A,2398,O,6.176,-2.57,20.656,4.286
Mpro,7gbr,KZC,405,1,A,2399,C3,11.863,-0.858,22.773,1.208
Mpro,7gbt,L1F,1001,1,A,2366,C8,8.387,-1.073,21.763,12.076
Mpro,7gbt,L1F,1001,1,A,2369,C15,4.241,2.305,19.959,9.661
Mpro,7gbt,L1F,1001,1,A,2370,C17,3.961,1.012,21.963,22.945
Mpro,7gbt,L1F,1001,1,A,2373,C14,5.18,1.384,19.493,1.208
Mpro,7gbt,L1F,1001,1,A,2375,C18,4.887,0.089,21.513,6.038
Mpro,7gbt,L1F,1001,1,A,2376,C16,3.631,2.102,21.187,32.606
Mpro,7gbt,L1F,1001,1,A,2380,C9,7.7,-3.437,22.065,30.191
Mpro,7gbt,L1F,1001,1,A,2381,O1,10.606,-1.366,22.447,4.286
Mpro,7gbt,L1F,1001,1,A,2383,O,11.025,1.023,23.37,7.5
Mpro,7gbt,L1F,1001,1,A,2384,C,11.22,2.241,24.086,26.568
Mpro,7gbt,L1F,1001,1,A,2386,C2,13.408,0.912,22.831,3.623
Mpro,7gbs,KZX,404,1,A,2377,C7,10.082,-1.185,22.153,16.907
Mpro,7gbs,KZX,404,1,A,2379,C10,13.349,0.241,23.471,2.415
Mpro,7gbs,KZX,404,1,A,2381,C9,12.001,-0.057,23.341,7.246
Mpro,7gbs,KZX,404,1,A,2387,C,5.976,0.976,21.383,24.153
Mpro,7gbs,KZX,404,1,A,2388,C2,5.71,1.318,18.904,3.623
Mpro,7gbs,KZX,404,1,A,2389,O,10.133,0.654,20.601,2.143
Mpro,7gbu,L2I,1001,1,A,2361,N1,8.232,-0.493,21.127,4.374
Mpro,7gbu,L2I,1001,1,A,2363,C5,7.79,0.102,19.922,1.208
Mpro,7gbu,L2I,1001,1,A,2364,C6,6.72,0.978,20.057,13.284
Mpro,7gbu,L2I,1001,1,A,2365,C7,6.071,1.439,18.929,3.623
Mpro,7gbu,L2I,1001,1,A,2368,C13,13.294,-0.036,22.524,1.208
Mpro,7gbu,L2I,1001,1,A,2370,O,8.548,-2.65,20.534,1.071
Mpro,7gbu,L2I,1001,1,A,2371,C3,9.424,-1.937,22.666,1.208
Mpro,7gbu,L2I,1001,1,A,2373,C12,12.406,0.269,23.538,4.831
Mpro,7gbu,L2I,1001,1,A,2374,C11,11.175,-0.368,23.602,8.453
Mpro,7gbu,L2I,1001,1,A,2375,C2,9.46,-3.437,22.996,3.623
Mpro,7gbu,L2I,1001,1,A,2376,C1,9.867,-3.755,24.421,8.453
Mpro,7gbu,L2I,1001,1,A,2377,N,9.773,-5.193,24.672,8.749
Mpro,7gbv,L3I,404,1,A,2373,C8,9.018,0.001,23.881,21.737
Mpro,7gbv,L3I,404,1,A,2379,C12,13.175,0.856,23.492,2.415
Mpro,7gbv,L3I,404,1,A,2381,C9,9.49,-2.144,22.716,10.869
Mpro,7gbv,L3I,404,1,A,2382,O,9.598,1.041,20.942,1.071
Mpro,7gbv,L3I,404,1,A,2384,C,5.544,0.79,21.491,18.114
Mpro,7gbv,L3I,404,1,A,2387,C2,5.399,1.187,19.009,2.415
Mpro,7gbw,L6R,405,1,A,2382,C8,5.534,1.375,18.899,3.623
Mpro,7gbw,L6R,405,1,A,2383,C10,5.817,0.924,21.359,26.568
Mpro,7gbw,L6R,405,1,A,2384,C13,13.113,0.935,22.942,1.208
Mpro,7gbw,L6R,405,1,A,2392,C2,9.145,-0.665,23.546,3.623
Mpro,7gbw,L6R,405,1,A,2393,C1,9.425,-1.677,24.634,16.907
Mpro,7gbw,L6R,405,1,A,2394,C,9.13,-1.128,25.992,33.814
Mpro,7gbw,L6R,405,1,A,2395,O,9.715,0.97,20.772,3.214
Mpro,7gbx,L6D,405,1,A,2379,C5,9.582,-0.867,22.535,25.36
Mpro,7gbx,L6D,405,1,A,2380,C6,9.133,-0.215,21.241,1.208
Mpro,7gbx,L6D,405,1,A,2383,C10,4.399,2.24,19.211,10.869
Mpro,7gbx,L6D,405,1,A,2385,O,9.509,0.909,20.921,5.357
Mpro,7gbx,L6D,405,1,A,2386,C3,11.556,0.258,23.629,1.208
Mpro,7gbx,L6D,405,1,A,2387,C2,12.896,0.612,23.628,3.623
Mpro,7gbx,L6D,405,1,A,2392,N,8.276,-0.946,20.505,4.374
Mpro,7gbx,L6D,405,1,A,2394,C12,5.684,0.827,20.706,6.038
Mpro,7gbx,L6D,405,1,A,2395,C11,4.671,1.756,20.493,22.945
Mpro,7gby,L5I,404,1,A,2374,C4,14.194,-0.764,23.191,1.208
Mpro,7gby,L5I,404,1,A,2379,C10,5.854,1.046,19.186,2.415
Mpro,7gby,L5I,404,1,A,2380,O,10.328,1.029,20.674,2.143
Mpro,7gby,L5I,404,1,A,2381,C1,10.671,-0.784,22.193,4.831
Mpro,7gby,L5I,404,1,A,2384,C,10.683,0.067,23.464,20.53
Mpro,7gby,L5I,404,1,A,2387,C12,6.287,0.653,21.633,32.606
Mpro,7gc0,L4N,404,1,A,2373,N1,8.883,-0.566,20.967,2.187
Mpro,7gc0,L4N,404,1,A,2376,C6,10.061,0.014,21.267,1.208
Mpro,7gc0,L4N,404,1,A,2377,C7,10.805,-0.644,22.396,7.246
Mpro,7gc0,L4N,404,1,A,2378,C8,11.511,0.369,23.319,7.246
Mpro,7gc0,L4N,404,1,A,2380,C13,11.841,-1.661,21.907,1.208
Mpro,7gc0,L4N,404,1,A,2381,O,10.507,0.996,20.675,2.143
Mpro,7gc0,L4N,404,1,A,2384,C9,12.971,0.414,22.836,1.208
Mpro,7gc0,L4N,404,1,A,2386,C,6.344,0.58,21.777,32.606
Mpro,7gc0,L4N,404,1,A,2389,C2,5.957,0.94,19.314,2.415
Mpro,7gbz,L4U,405,1,A,2378,C4,11.95,-2.769,23.075,10.869
Mpro,7gbz,L4U,405,1,A,2379,C5,10.634,-0.778,22.322,8.453
Mpro,7gbz,L4U,405,1,A,2383,C10,5.959,0.972,19.123,2.415
Mpro,7gbz,L4U,405,1,A,2391,C12,6.48,0.726,21.572,30.191
Mpro,7gc1,L7F,404,1,A,2376,C6,10.123,-0.159,21.161,1.208
Mpro,7gc1,L7F,404,1,A,2377,C7,10.842,-1.064,22.135,9.661
Mpro,7gc1,L7F,404,1,A,2380,C13,12.785,0.36,23.3,3.623
Mpro,7gc1,L7F,404,1,A,2381,O,10.611,0.896,20.764,3.214
Mpro,7gc1,L7F,404,1,A,2384,C2,6.003,0.984,19.221,2.415
Mpro,7gc1,L7F,404,1,A,2386,C,6.437,0.543,21.662,33.814
Mpro,7gc3,L7V,405,1,A,2377,N1,8.364,0.445,22.907,1.094
Mpro,7gc3,L7V,405,1,A,2379,C4,5.136,1.656,18.813,6.038
Mpro,7gc3,L7V,405,1,A,2382,C7,7.42,-0.337,23.729,8.453
Mpro,7gc3,L7V,405,1,A,2383,C8,8.12,-0.426,25.069,19.322
Mpro,7gc3,L7V,405,1,A,2384,C10,9.323,1.198,23.728,9.661
Mpro,7gc3,L7V,405,1,A,2388,N2,11.811,1.445,23.569,2.187
Mpro,7gc3,L7V,405,1,A,2390,C1,7.488,-0.535,20.833,2.415
Mpro,7gc3,L7V,405,1,A,2393,C9,8.859,0.909,25.166,13.284
Mpro,7gc3,L7V,405,1,A,2396,C,8.373,0.463,21.552,1.208
Mpro,7gc3,L7V,405,1,A,2397,O,9.031,1.277,20.922,2.143
Mpro,7gc3,L7V,405,1,A,2398,C3,5.711,1.0,19.886,7.246
Mpro,7gc2,L7Q,404,1,A,2373,N1,7.778,0.111,21.106,2.187
Mpro,7gc2,L7Q,404,1,A,2376,C6,9.084,0.091,21.444,3.623
Mpro,7gc2,L7Q,404,1,A,2377,C7,9.357,-0.432,22.839,14.492
Mpro,7gc2,L7Q,404,1,A,2379,C10,10.365,-2.187,24.315,24.153
Mpro,7gc2,L7Q,404,1,A,2381,C15,13.441,0.828,23.298,6.038
Mpro,7gc2,L7Q,404,1,A,2385,C2,5.496,1.329,18.509,1.208
Mpro,7gc2,L7Q,404,1,A,2387,C,5.124,1.229,20.997,32.606
Mpro,7gc2,L7Q,404,1,A,2388,C9,10.14,-2.605,21.888,7.246
Mpro,7gc2,L7Q,404,1,A,2390,C16,12.217,0.211,23.505,2.415
Mpro,7gc4,L83,405,1,A,2376,C7,9.328,-0.863,22.586,19.322
Mpro,7gc4,L83,405,1,A,2378,C10,12.736,0.262,23.84,1.208
Mpro,7gc4,L83,405,1,A,2384,C2,5.192,1.478,19.035,2.415
Mpro,7gc4,L83,405,1,A,2385,C9,11.366,0.057,23.76,4.831
Mpro,7gc4,L83,405,1,A,2387,C,5.379,1.122,21.517,21.737
Mpro,7gc4,L83,405,1,A,2388,O,9.402,0.874,20.922,3.214
Mpro,7gc6,L8O,405,1,A,2377,C4,10.33,-0.123,24.028,14.492
Mpro,7gc6,L8O,405,1,A,2378,C5,10.156,-1.138,23.097,1.208
Mpro,7gc6,L8O,405,1,A,2380,C7,8.793,-1.799,22.939,4.831
Mpro,7gc6,L8O,405,1,A,2381,C8,8.338,-1.967,21.482,6.038
Mpro,7gc6,L8O,405,1,A,2382,C10,7.484,-3.849,23.472,2.415
Mpro,7gc6,L8O,405,1,A,2384,C15,8.628,-3.092,23.701,3.623
Mpro,7gc6,L8O,405,1,A,2385,C17,7.496,-2.785,18.791,4.831
Mpro,7gc6,L8O,405,1,A,2388,C11,7.265,-5.009,24.215,19.322
Mpro,7gc6,L8O,405,1,A,2389,C2,12.572,0.218,23.261,2.415
Mpro,7gc6,L8O,405,1,A,2391,C9,6.514,-3.333,22.441,7.246
Mpro,7gc6,L8O,405,1,A,2392,C12,8.177,-5.409,25.177,7.246
Mpro,7gc6,L8O,405,1,A,2393,C14,9.547,-3.52,24.657,2.415
Mpro,7gc6,L8O,405,1,A,2396,C3,11.53,0.558,24.107,9.661
Mpro,7gc5,L8F,404,1,A,2373,N1,11.251,0.893,23.793,8.749
Mpro,7gc5,L8F,404,1,A,2376,C5,11.715,2.178,23.678,6.038
Mpro,7gc5,L8F,404,1,A,2379,C8,10.849,-2.158,23.326,3.623
Mpro,7gc5,L8F,404,1,A,2380,C10,7.347,-2.692,21.934,16.907
Mpro,7gc5,L8F,404,1,A,2385,N2,9.59,-1.845,22.627,3.281
Mpro,7gc5,L8F,404,1,A,2386,C1,10.846,5.681,23.126,1.208
Mpro,7gc5,L8F,404,1,A,2388,C11,8.527,-1.099,20.537,12.076
Mpro,7gc5,L8F,404,1,A,2389,O1,6.562,-3.939,19.492,3.214
Mpro,7gc5,L8F,404,1,A,2392,C9,8.65,-2.993,22.69,20.53
Mpro,7gc5,L8F,404,1,A,2393,C12,9.832,-1.454,21.216,1.208
Mpro,7gc5,L8F,404,1,A,2394,C14,7.774,-2.421,18.112,4.831
Mpro,7gc5,L8F,404,1,A,2395,C,9.531,5.876,22.422,31.398
Mpro,7gc5,L8F,404,1,A,2396,O,11.044,6.092,24.267,19.286
Mpro,7gc7,L93,405,1,A,2381,C7,9.302,-1.976,23.158,9.661
Mpro,7gc7,L93,405,1,A,2382,C8,10.162,-3.18,23.443,9.661
Mpro,7gc7,L93,405,1,A,2385,C15,3.345,2.216,19.98,7.246
Mpro,7gc7,L93,405,1,A,2386,C17,3.272,1.131,22.081,3.623
Mpro,7gc7,L93,405,1,A,2387,N,7.55,-1.498,21.467,1.094
Mpro,7gc7,L93,405,1,A,2389,C11,5.952,-0.455,20.023,1.208
Mpro,7gc7,L93,405,1,A,2390,C18,4.331,0.319,21.768,8.453
Mpro,7gc7,L93,405,1,A,2393,C2,12.761,1.093,23.126,1.208
Mpro,7gc7,L93,405,1,A,2394,C16,2.761,2.072,21.227,27.775
Mpro,7gc7,L93,405,1,A,2395,F,2.659,0.942,23.28,33.123
Mpro,7gc7,L93,405,1,A,2396,C9,7.996,-2.465,22.463,14.492
Mpro,7gc7,L93,405,1,A,2398,C19,4.89,0.423,20.495,2.415
Mpro,7gc7,L93,405,1,A,2400,C,10.491,2.547,23.998,25.36
Mpro,7gc7,L93,405,1,A,2401,O,10.355,1.205,23.534,6.429
Mpro,7gc7,L93,405,1,A,2402,O2,5.677,-2.618,20.943,4.286
Mpro,7gc9,L9O,405,1,A,2372,N1,8.52,0.33,21.329,5.468
Mpro,7gc9,L9O,405,1,A,2374,C5,7.715,0.424,20.165,1.208
Mpro,7gc9,L9O,405,1,A,2375,C6,9.843,0.093,21.444,1.208
Mpro,7gc9,L9O,405,1,A,2376,C7,10.263,-0.475,22.782,3.623
Mpro,7gc9,L9O,405,1,A,2377,C8,9.845,-1.922,23.102,25.36
Mpro,7gc9,L9O,405,1,A,2380,O,10.656,0.405,20.589,1.071
Mpro,7gc9,L9O,405,1,A,2383,C9,11.251,-2.18,23.673,8.453
Mpro,7gc9,L9O,405,1,A,2385,C,5.736,1.038,21.653,31.398
Mpro,7gc9,L9O,405,1,A,2388,C2,5.643,1.028,19.134,1.208
Mpro,7gc8,L9F,404,1,A,2373,N1,7.505,-1.386,21.665,1.094
Mpro,7gc8,L9F,404,1,A,2376,C6,8.699,-1.773,22.162,3.623
Mpro,7gc8,L9F,404,1,A,2377,C7,7.477,0.015,21.266,6.038
Mpro,7gc8,L9F,404,1,A,2378,C8,8.944,0.381,21.373,3.623
Mpro,7gc8,L9F,404,1,A,2379,C10,5.771,1.19,19.803,12.076
Mpro,7gc8,L9F,404,1,A,2385,C11,5.358,1.642,18.561,3.623
Mpro,7gc8,L9F,404,1,A,2387,O1,9.517,1.362,20.94,4.286
Mpro,7gc8,L9F,404,1,A,2390,O,8.974,-2.858,22.651,21.429
Mpro,7gc8,L9F,404,1,A,2391,C3,11.37,0.024,23.52,7.246
Mpro,7gca,LB0,405,1,A,2380,C6,8.946,0.087,21.433,2.415
Mpro,7gca,LB0,405,1,A,2381,C7,9.466,-0.578,22.683,12.076
Mpro,7gca,LB0,405,1,A,2382,C8,10.323,-1.855,22.483,8.453
Mpro,7gca,LB0,405,1,A,2383,C10,10.716,0.063,23.339,4.831
Mpro,7gca,LB0,405,1,A,2384,C13,13.9,-0.584,23.431,1.208
Mpro,7gca,LB0,405,1,A,2385,O,9.5,1.057,20.935,3.214
Mpro,7gca,LB0,405,1,A,2390,C,5.406,1.027,21.556,32.606
Mpro,7gca,LB0,405,1,A,2393,C2,5.203,1.32,19.064,2.415
Mpro,7gcb,LBC,404,1,A,2377,C7,8.634,-1.084,22.677,16.907
Mpro,7gcb,LBC,404,1,A,2378,C8,10.0,-0.682,23.171,1.208
Mpro,7gcb,LBC,404,1,A,2379,C10,11.409,0.814,24.438,6.038
Mpro,7gcb,LBC,404,1,A,2381,C9,10.154,0.305,24.136,18.114
Mpro,7gcb,LBC,404,1,A,2385,C11,12.533,0.326,23.79,2.415
Mpro,7gcb,LBC,404,1,A,2386,C,5.01,1.0,21.264,19.322
Mpro,7gcb,LBC,404,1,A,2387,C2,5.048,1.424,18.781,2.415
Mpro,7gcb,LBC,404,1,A,2388,O,9.085,0.517,20.937,1.071
Mpro,7gcc,LBO,405,1,A,2381,C7,8.771,-1.264,22.591,14.492
Mpro,7gcc,LBO,405,1,A,2382,C8,10.01,-0.709,23.245,1.208
Mpro,7gcc,LBO,405,1,A,2383,C10,11.065,0.87,24.727,8.453
Mpro,7gcc,LBO,405,1,A,2386,O,9.076,0.532,21.009,1.071
Mpro,7gcc,LBO,405,1,A,2389,C2,4.945,1.461,18.989,3.623
Mpro,7gcc,LBO,405,1,A,2391,C,4.989,0.991,21.462,22.945
Mpro,7gcc,LBO,405,1,A,2395,C11,12.303,0.547,24.197,1.208
Mpro,7gcc,LBO,405,1,A,2396,C9,9.926,0.236,24.259,19.322
Mpro,7gcd,LCU,405,1,A,2372,N1,8.144,-0.463,21.116,3.281
Mpro,7gcd,LCU,405,1,A,2375,C6,9.259,0.189,21.494,1.208
Mpro,7gcd,LCU,405,1,A,2376,C7,10.042,-0.474,22.612,13.284
Mpro,7gcd,LCU,405,1,A,2377,C8,11.53,-0.13,22.524,1.208
Mpro,7gcd,LCU,405,1,A,2379,C13,12.253,-0.029,23.869,1.208
Mpro,7gcd,LCU,405,1,A,2383,C2,5.292,1.084,19.352,2.415
Mpro,7gcd,LCU,405,1,A,2386,C,5.689,0.931,21.836,22.945
Mpro,7gcd,LCU,405,1,A,2387,O,9.633,1.238,20.984,1.071
Mpro,7gce,LDX,404,1,A,2377,C7,10.873,-0.952,21.908,13.284
Mpro,7gce,LDX,404,1,A,2378,C8,12.053,-0.127,22.472,3.623
Mpro,7gce,LDX,404,1,A,2379,C10,12.989,-0.869,24.688,6.038
Mpro,7gce,LDX,404,1,A,2384,C11,13.83,-1.653,25.468,3.623
Mpro,7gce,LDX,404,1,A,2386,O,10.323,0.983,20.605,1.071
Mpro,7gce,LDX,404,1,A,2388,C,6.459,0.701,21.587,35.021
Mpro,7gce,LDX,404,1,A,2391,C2,5.953,1.086,19.15,2.415
Mpro,7gcf,LKX,404,1,A,2375,C4,10.918,-0.54,22.22,2.415
Mpro,7gcf,LKX,404,1,A,2376,C5,9.475,-0.889,21.929,16.907
Mpro,7gcf,LKX,404,1,A,2377,C6,8.899,-0.047,20.807,1.208
Mpro,7gcf,LKX,404,1,A,2378,C7,6.001,1.274,20.182,14.492
Mpro,7gcf,LKX,404,1,A,2381,N2,5.352,1.916,19.266,9.842
Mpro,7gcf,LKX,404,1,A,2383,O,9.468,0.969,20.412,3.214
Mpro,7gcf,LKX,404,1,A,2387,C3,11.245,0.56,23.005,12.076
Mpro,7gcf,LKX,404,1,A,2388,C2,12.567,0.955,23.158,2.415
Mpro,7gcg,LKI,405,1,A,2377,N1,9.213,-1.964,24.611,3.281
Mpro,7gcg,LKI,405,1,A,2379,C5,9.562,-3.239,25.143,2.415
Mpro,7gcg,LKI,405,1,A,2380,C6,11.0,-0.74,22.962,2.415
Mpro,7gcg,LKI,405,1,A,2381,C7,11.337,0.362,23.732,7.246
Mpro,7gcg,LKI,405,1,A,2382,C8,12.589,0.935,23.577,6.038
Mpro,7gcg,LKI,405,1,A,2384,S,9.38,-1.422,23.081,1.287
Mpro,7gcg,LKI,405,1,A,2387,C1,9.136,-3.598,26.433,3.623
Mpro,7gcg,LKI,405,1,A,2389,O1,8.442,-0.348,22.958,28.929
Mpro,7gcg,LKI,405,1,A,2390,C,8.349,-2.651,27.302,27.775
Mpro,7gcg,LKI,405,1,A,2391,C2,9.486,-4.862,26.898,6.038
Mpro,7gcg,LKI,405,1,A,2392,O,9.293,-2.537,22.189,8.572
Mpro,7gci,LJO,405,1,A,2377,N1,8.049,0.142,21.49,1.094
Mpro,7gci,LJO,405,1,A,2380,C6,9.383,0.122,21.591,1.208
Mpro,7gci,LJO,405,1,A,2382,C8,9.05,-1.137,23.885,15.699
Mpro,7gci,LJO,405,1,A,2384,N2,11.9,0.81,23.673,2.187
Mpro,7gci,LJO,405,1,A,2387,C9,9.329,-2.622,24.035,21.737
Mpro,7gci,LJO,405,1,A,2390,C,5.296,0.865,21.858,21.737
Mpro,7gck,LF3,404,1,A,2368,N1,7.741,-0.728,20.428,1.094
Mpro,7gck,LF3,404,1,A,2372,C7,9.415,-1.267,22.078,8.453
Mpro,7gck,LF3,404,1,A,2373,C8,9.637,0.433,23.796,6.038
Mpro,7gck,LF3,404,1,A,2374,C10,12.406,0.142,23.819,1.208
Mpro,7gck,LF3,404,1,A,2376,C15,11.658,-0.578,22.896,1.208
Mpro,7gck,LF3,404,1,A,2378,N2,10.258,-0.489,22.978,1.094
Mpro,7gck,LF3,404,1,A,2380,C11,13.778,0.235,23.708,1.208
Mpro,7gck,LF3,404,1,A,2381,O1,8.422,0.598,23.845,24.644
Mpro,7gck,LF3,404,1,A,2382,C2,5.474,1.534,18.604,2.415
Mpro,7gck,LF3,404,1,A,2383,C9,10.519,1.291,24.67,20.53
Mpro,7gck,LF3,404,1,A,2386,C,5.542,1.067,21.076,25.36
Mpro,7gck,LF3,404,1,A,2387,O,9.574,0.615,20.607,1.071
Mpro,7gcj,LJ0,404,1,A,2368,N1,9.321,-0.802,20.55,3.281
Mpro,7gcj,LJ0,404,1,A,2372,C7,11.406,-0.856,21.753,2.415
Mpro,7gcj,LJ0,404,1,A,2376,O,10.522,1.12,20.713,1.071
Mpro,7gcj,LJ0,404,1,A,2377,C12,12.38,-0.966,24.193,3.623
Mpro,7gcj,LJ0,404,1,A,2380,C1,7.094,0.19,20.275,1.208
Mpro,7gcj,LJ0,404,1,A,2381,C,6.796,0.034,21.747,31.398
Mpro,7gcj,LJ0,404,1,A,2384,C2,6.16,0.77,19.418,3.623
Mpro,7gcn,LQ0,405,1,A,2381,C7,8.665,-1.318,22.526,9.661
Mpro,7gcn,LQ0,405,1,A,2382,C8,9.464,0.103,24.443,25.36
Mpro,7gcn,LQ0,405,1,A,2383,C10,11.649,0.24,23.973,1.208
Mpro,7gcn,LQ0,405,1,A,2389,C11,13.012,0.506,23.846,3.623
Mpro,7gcn,LQ0,405,1,A,2390,C2,4.886,1.421,18.877,2.415
Mpro,7gcn,LQ0,405,1,A,2391,C9,10.615,0.673,24.863,7.246
Mpro,7gcn,LQ0,405,1,A,2394,C,4.945,0.941,21.348,18.114
Mpro,7gcn,LQ0,405,1,A,2395,O,8.956,0.577,21.066,2.143
Mpro,7gcl,LR0,405,1,A,2377,C8,9.342,-0.317,22.57,9.661
Mpro,7gcl,LR0,405,1,A,2380,C15,10.858,-0.433,22.491,1.208
Mpro,7gcl,LR0,405,1,A,2381,N,5.26,1.009,21.23,3.281
Mpro,7gcl,LR0,405,1,A,2382,N2,7.698,-0.326,20.791,1.094
Mpro,7gcl,LR0,405,1,A,2383,C1,4.006,1.298,21.679,1.208
Mpro,7gcl,LR0,405,1,A,2384,C11,12.37,0.961,23.691,1.208
Mpro,7gcl,LR0,405,1,A,2385,O1,9.164,1.41,20.885,3.214
Mpro,7gcl,LR0,405,1,A,2388,C9,9.599,0.635,23.792,25.36
Mpro,7gcl,LR0,405,1,A,2391,C,3.867,1.358,23.172,47.098
Mpro,7gcl,LR0,405,1,A,2392,O,3.048,1.495,20.928,16.072
Mpro,7gcm,LQU,403,1,A,2379,C4,10.631,-1.322,22.883,1.208
Mpro,7gcm,LQU,403,1,A,2380,C5,10.929,-0.39,23.871,15.699
Mpro,7gcm,LQU,403,1,A,2381,C6,12.15,0.265,23.883,6.038
Mpro,7gcm,LQU,403,1,A,2382,C7,13.096,-0.011,22.913,1.208
Mpro,7gcm,LQU,403,1,A,2385,C13,10.142,-5.032,24.97,1.208
Mpro,7gcm,LQU,403,1,A,2386,C15,8.011,-5.397,23.943,14.492
Mpro,7gcm,LQU,403,1,A,2387,C17,7.004,-3.653,22.387,6.038
Mpro,7gcm,LQU,403,1,A,2390,C11,9.222,-3.369,23.479,3.623
Mpro,7gcm,LQU,403,1,A,2391,C2,8.522,-1.923,21.527,9.661
Mpro,7gcm,LQU,403,1,A,2392,C16,8.097,-4.171,23.286,2.415
Mpro,7gcm,LQU,403,1,A,2394,C12,10.245,-3.817,24.315,1.208
Mpro,7gcm,LQU,403,1,A,2395,C14,9.028,-5.818,24.787,4.831
Mpro,7gcm,LQU,403,1,A,2396,C,7.693,-2.504,18.8,4.831
Mpro,7gcm,LQU,403,1,A,2397,O,6.41,-4.27,19.752,1.071
Mpro,7gcm,LQU,403,1,A,2398,C3,9.258,-1.984,22.875,6.038
Mpro,7gco,LO0,404,1,A,2377,C7,9.688,-2.503,22.471,8.453
Mpro,7gco,LO0,404,1,A,2378,C8,8.205,-2.418,22.27,21.737
Mpro,7gco,LO0,404,1,A,2379,C10,6.336,-0.329,19.742,1.208
Mpro,7gco,LO0,404,1,A,2381,N,7.854,-1.444,21.245,2.187
Mpro,7gco,LO0,404,1,A,2383,C11,5.349,0.601,20.211,8.453
Mpro,7gco,LO0,404,1,A,2384,O1,10.206,-1.168,22.364,3.214
Mpro,7gco,LO0,404,1,A,2388,C12,5.025,1.633,19.408,15.699
Mpro,7gco,LO0,404,1,A,2390,C,11.32,2.587,23.159,21.737
Mpro,7gco,LO0,404,1,A,2391,O,10.976,1.215,22.959,8.572
Mpro,7gco,LO0,404,1,A,2392,O2,5.973,-2.502,20.624,4.286
Mpro,7gcr,LRN,405,1,A,2378,C4,8.719,-0.075,25.362,4.831
Mpro,7gcr,LRN,405,1,A,2379,C5,7.846,0.684,26.372,10.869
Mpro,7gcr,LRN,405,1,A,2380,C6,10.062,-2.718,24.807,8.453
Mpro,7gcr,LRN,405,1,A,2385,C15,6.752,-5.449,23.374,13.284
Mpro,7gcr,LRN,405,1,A,2389,C1,5.787,-0.189,25.273,16.907
Mpro,7gcr,LRN,405,1,A,2392,C2,6.635,-0.942,24.243,7.246
Mpro,7gcr,LRN,405,1,A,2395,C12,11.467,-1.472,23.035,7.246
Mpro,7gcr,LRN,405,1,A,2396,C19,7.724,-3.171,19.292,13.284
Mpro,7gcr,LRN,405,1,A,2397,C14,7.702,-4.538,24.154,12.076
Mpro,7gcr,LRN,405,1,A,2398,C,6.501,1.05,25.773,13.284
Mpro,7gcr,LRN,405,1,A,2399,O,5.695,1.727,26.731,51.43
Mpro,7gcr,LRN,405,1,A,2400,C3,7.996,-1.317,24.834,3.623
Mpro,7gcp,LM0,405,1,A,2381,N1,8.153,1.85,22.396,6.562
Mpro,7gcp,LM0,405,1,A,2382,C4,10.163,-0.307,23.818,13.284
Mpro,7gcp,LM0,405,1,A,2385,C7,10.803,-2.178,21.791,3.623
Mpro,7gcp,LM0,405,1,A,2386,C8,8.613,-1.757,20.761,3.623
Mpro,7gcp,LM0,405,1,A,2389,C9,8.653,-3.165,20.196,10.869
Mpro,7gcp,LM0,405,1,A,2390,O2,7.737,-0.978,20.414,5.357
Mpro,7gcp,LM0,405,1,A,2391,N2,9.544,-1.425,21.692,1.094
Mpro,7gcp,LM0,405,1,A,2392,C3,9.214,-0.322,22.613,7.246
Mpro,7gcp,LM0,405,1,A,2395,N,8.34,3.215,22.577,10.936
Mpro,7gcp,LM0,405,1,A,2396,C1,9.382,3.974,22.951,4.831
Mpro,7gcp,LM0,405,1,A,2397,O,9.472,5.164,22.641,19.286
Mpro,7gcp,LM0,405,1,A,2398,C,10.437,3.276,23.753,10.869
Mpro,7gcq,LRC,405,1,A,2380,C6,8.87,-0.08,21.079,1.208
Mpro,7gcq,LRC,405,1,A,2381,C7,9.408,-0.792,22.305,19.322
Mpro,7gcq,LRC,405,1,A,2384,C9,11.437,0.248,23.389,1.208
Mpro,7gcq,LRC,405,1,A,2387,N2,12.747,0.497,23.526,1.094
Mpro,7gcq,LRC,405,1,A,2390,C,5.367,0.959,21.253,24.153
Mpro,7gcq,LRC,405,1,A,2391,C2,5.202,1.389,18.777,2.415
Mpro,7gcq,LRC,405,1,A,2392,O,9.433,0.897,20.6,1.071
Mpro,7gcs,LS0,404,1,A,2377,C7,9.019,-1.391,22.359,10.869
Mpro,7gcs,LS0,404,1,A,2378,C8,9.791,-0.009,24.318,25.36
Mpro,7gcs,LS0,404,1,A,2379,C10,11.981,0.148,23.877,1.208
Mpro,7gcs,LS0,404,1,A,2385,C11,13.338,0.453,23.753,2.415
Mpro,7gcs,LS0,404,1,A,2386,C2,5.025,1.45,18.958,4.831
Mpro,7gcs,LS0,404,1,A,2388,C9,10.935,0.551,24.77,6.038
Mpro,7gcs,LS0,404,1,A,2391,C,5.125,0.891,21.412,32.606
Mpro,7gcs,LS0,404,1,A,2392,O,9.205,0.556,20.957,4.286
Mpro,7gct,LSF,404,1,A,2373,N1,7.952,-0.638,20.762,3.281
Mpro,7gct,LSF,404,1,A,2376,C6,9.051,-0.049,21.276,1.208
Mpro,7gct,LSF,404,1,A,2377,C7,9.79,-0.882,22.307,19.322
Mpro,7gct,LSF,404,1,A,2383,N2,12.375,4.667,22.762,12.029
Mpro,7gct,LSF,404,1,A,2387,C2,5.211,1.205,19.12,4.831
Mpro,7gct,LSF,404,1,A,2388,C16,11.623,0.703,22.988,4.831
Mpro,7gct,LSF,404,1,A,2392,C,5.516,0.729,21.573,26.568
Mpro,7gct,LSF,404,1,A,2393,O,9.43,1.071,20.947,5.357
Mpro,7gct,LSF,404,1,A,2394,O2,13.662,6.569,22.261,2.143
Mpro,7gcu,LT9,404,1,A,2376,C6,8.667,-0.184,21.468,1.208
Mpro,7gcu,LT9,404,1,A,2378,C8,8.319,-0.607,24.08,16.907
Mpro,7gcu,LT9,404,1,A,2379,C10,8.781,-2.389,22.88,6.038
Mpro,7gcu,LT9,404,1,A,2380,C13,12.493,0.76,23.691,6.038
Mpro,7gcu,LT9,404,1,A,2385,O1,6.831,-2.594,24.445,26.786
Mpro,7gcu,LT9,404,1,A,2386,C2,5.117,1.257,19.015,2.415
Mpro,7gcu,LT9,404,1,A,2388,C9,7.755,-2.007,23.93,1.208
Mpro,7gcu,LT9,404,1,A,2389,C12,11.14,0.451,23.672,4.831
Mpro,7gcu,LT9,404,1,A,2391,C,5.177,0.808,21.494,15.699
Mpro,7gcu,LT9,404,1,A,2392,O,9.234,0.801,21.009,2.143
Mpro,7gcv,LUC,404,1,A,2376,C6,8.722,0.286,21.107,1.208
Mpro,7gcv,LUC,404,1,A,2377,C7,9.341,-0.417,22.299,22.945
Mpro,7gcv,LUC,404,1,A,2378,C8,10.805,-0.077,22.449,1.208
Mpro,7gcv,LUC,404,1,A,2381,C15,13.246,5.685,22.018,6.038
Mpro,7gcv,LUC,404,1,A,2383,N2,12.211,4.825,22.018,10.936
Mpro,7gcv,LUC,404,1,A,2387,C2,5.098,1.554,18.732,4.831
Mpro,7gcv,LUC,404,1,A,2388,C16,11.188,1.177,22.914,7.246
Mpro,7gcv,LUC,404,1,A,2392,C,5.22,1.075,21.201,33.814
Mpro,7gcv,LUC,404,1,A,2393,O,9.133,1.371,20.708,4.286
Mpro,7gcv,LUC,404,1,A,2394,O2,13.337,6.856,21.667,2.143
Mpro,7gcw,LV9,404,1,A,2377,C7,11.04,-1.758,22.377,1.208
Mpro,7gcw,LV9,404,1,A,2380,C13,13.411,-1.002,22.779,2.415
Mpro,7gcw,LV9,404,1,A,2381,C15,8.51,-0.808,25.159,21.737
Mpro,7gcw,LV9,404,1,A,2382,C17,10.468,0.46,23.482,2.415
Mpro,7gcw,LV9,404,1,A,2383,N,7.294,0.054,20.781,1.094
Mpro,7gcw,LV9,404,1,A,2384,N2,8.769,-0.813,22.259,5.468
Mpro,7gcw,LV9,404,1,A,2387,O1,9.046,0.491,25.479,8.572
Mpro,7gcw,LV9,404,1,A,2388,C2,5.616,1.088,19.425,8.453
Mpro,7gcw,LV9,404,1,A,2389,C16,9.432,1.215,24.299,21.737
Mpro,7gcw,LV9,404,1,A,2390,C9,12.615,-2.905,23.981,2.415
Mpro,7gcw,LV9,404,1,A,2392,C14,9.512,-1.659,24.402,13.284
Mpro,7gcw,LV9,404,1,A,2393,C,8.608,-0.08,21.139,1.208
Mpro,7gcw,LV9,404,1,A,2395,C3,5.272,1.677,18.224,4.831
Mpro,7gcx,LVM,404,1,A,2373,N1,8.262,-0.59,20.647,2.187
Mpro,7gcx,LVM,404,1,A,2377,C7,9.931,-0.774,22.361,14.492
Mpro,7gcx,LVM,404,1,A,2380,C13,12.527,-0.639,21.888,1.208
Mpro,7gcx,LVM,404,1,A,2381,O,10.024,0.836,20.594,1.071
Mpro,7gcx,LVM,404,1,A,2384,C9,11.947,-1.923,23.514,2.415
Mpro,7gcx,LVM,404,1,A,2386,C,5.909,0.942,21.377,21.737
Mpro,7gcx,LVM,404,1,A,2389,C2,5.64,1.32,18.902,3.623
Mpro,7gcy,LW6,405,1,A,2377,N1,5.034,-4.106,24.272,20.778
Mpro,7gcy,LW6,405,1,A,2380,C6,7.672,-2.397,21.615,9.661
Mpro,7gcy,LW6,405,1,A,2381,C7,7.427,-1.687,22.783,28.983
Mpro,7gcy,LW6,405,1,A,2382,C8,6.514,-2.151,23.719,22.945
Mpro,7gcy,LW6,405,1,A,2383,C10,4.76,-5.295,23.645,24.153
Mpro,7gcy,LW6,405,1,A,2384,C9,5.873,-3.362,23.477,2.415
Mpro,7gcy,LW6,405,1,A,2385,C12,6.103,-4.107,22.302,1.208
Mpro,7gcy,LW6,405,1,A,2386,C11,5.39,-5.345,22.446,1.208
Mpro,7gd0,M4L,405,1,A,2377,N1,7.771,-0.684,20.588,1.094
Mpro,7gd0,M4L,405,1,A,2380,C6,8.732,-0.033,21.285,1.208
Mpro,7gd0,M4L,405,1,A,2381,C7,9.242,-0.702,22.559,8.453
Mpro,7gd0,M4L,405,1,A,2383,C10,12.572,0.639,23.792,4.831
Mpro,7gd0,M4L,405,1,A,2388,O1,9.221,1.036,20.927,5.357
Mpro,7gd0,M4L,405,1,A,2389,C2,5.23,1.283,18.783,1.208
Mpro,7gd0,M4L,405,1,A,2390,C9,11.215,0.366,23.711,7.246
Mpro,7gd0,M4L,405,1,A,2392,C,4.426,1.41,21.502,32.606
Mpro,7gd0,M4L,405,1,A,2393,O,5.598,0.684,21.124,1.071
Mpro,7gd0,M4L,405,1,A,2394,O2,8.719,-2.012,22.747,22.501
Mpro,7gd1,M2X,404,1,A,2381,N,7.966,-3.089,23.371,27.34
Mpro,7gd1,M2X,404,1,A,2384,C1,9.427,-0.448,23.7,1.208
Mpro,7gd1,M2X,404,1,A,2385,O1,6.338,-2.176,21.505,2.143
Mpro,7gd1,M2X,404,1,A,2386,C2,10.446,0.349,24.212,8.453
Mpro,7gd1,M2X,404,1,A,2388,C12,5.146,1.227,19.092,3.623
Mpro,7gd1,M2X,404,1,A,2389,C14,5.627,0.953,21.538,8.453
Mpro,7gd1,M2X,404,1,A,2390,C,7.733,0.75,24.903,38.644
Mpro,7gd1,M2X,404,1,A,2391,O,8.12,-0.365,24.101,1.071
Mpro,7gd1,M2X,404,1,A,2393,C3,11.743,0.187,23.757,6.038
Mpro,7gcz,LWO,404,1,A,2377,C6,10.048,-3.722,24.103,1.208
Mpro,7gcz,LWO,404,1,A,2378,C7,10.496,0.664,23.433,8.453
Mpro,7gcz,LWO,404,1,A,2381,C13,8.064,-1.004,21.032,2.415
Mpro,7gcz,LWO,404,1,A,2383,C17,4.303,1.658,20.78,20.53
Mpro,7gcz,LWO,404,1,A,2387,C1,9.128,-3.805,25.141,1.208
Mpro,7gcz,LWO,404,1,A,2389,C18,5.364,0.817,21.094,7.246
Mpro,7gcz,LWO,404,1,A,2390,C2,8.273,-2.727,25.383,6.038
Mpro,7gcz,LWO,404,1,A,2391,C16,4.08,2.072,19.467,8.453
Mpro,7gcz,LWO,404,1,A,2392,C9,13.107,0.87,23.508,3.623
Mpro,7gcz,LWO,404,1,A,2396,C,7.986,-5.249,26.835,20.53
Mpro,7gcz,LWO,404,1,A,2397,O,9.232,1.082,21.063,4.286
Mpro,7gcz,LWO,404,1,A,2398,C3,8.351,-1.582,24.604,10.869
Mpro,7gd2,M26,404,1,A,2384,C8,4.104,2.214,20.383,15.699
Mpro,7gd2,M26,404,1,A,2386,C10,4.402,0.581,22.074,1.208
Mpro,7gd2,M26,404,1,A,2390,C15,13.151,1.849,22.736,2.415
Mpro,7gd2,M26,404,1,A,2394,N,8.991,-0.231,21.627,1.094
Mpro,7gd2,M26,404,1,A,2398,C1,9.319,-0.248,24.074,4.831
Mpro,7gd2,M26,404,1,A,2402,O1,8.815,1.604,20.339,5.357
Mpro,7gd2,M26,404,1,A,2404,C2,9.618,0.449,22.756,3.623
Mpro,7gd2,M26,404,1,A,2408,C9,3.75,1.701,21.619,30.191
Mpro,7gd2,M26,404,1,A,2410,F,4.043,0.071,23.284,19.667
Mpro,7gd2,M26,404,1,A,2414,C14,11.782,1.732,22.917,8.453
Mpro,7gd2,M26,404,1,A,2416,C,7.286,-1.423,24.29,36.229
Mpro,7gd2,M26,404,1,A,2418,O,7.942,-0.167,24.376,15.0
Mpro,7gd4,R30,405,1,A,2377,O01,9.424,1.452,20.831,3.214
Mpro,7gd4,R30,405,1,A,2378,C02,9.227,0.377,21.371,1.208
Mpro,7gd4,R30,405,1,A,2382,C06,9.606,-3.403,23.915,7.246
Mpro,7gd4,R30,405,1,A,2383,C07,8.991,-3.177,25.141,1.208
Mpro,7gd4,R30,405,1,A,2384,N08,8.999,-4.262,26.054,1.094
Mpro,7gd4,R30,405,1,A,2385,C09,8.356,-4.393,27.239,1.208
Mpro,7gd4,R30,405,1,A,2387,C11,7.42,-6.283,28.612,26.568
Mpro,7gd4,R30,405,1,A,2388,O12,7.61,-3.545,27.723,15.0
Mpro,7gd4,R30,405,1,A,2389,C13,8.519,-1.902,25.441,9.661
Mpro,7gd4,R30,405,1,A,2390,C14,8.72,-0.857,24.555,12.076
Mpro,7gd4,R30,405,1,A,2391,C15,10.961,0.823,23.002,8.453
Mpro,7gd4,R30,405,1,A,2397,C21,8.317,-0.672,20.726,1.208
Mpro,7gd4,R30,405,1,A,2403,C27,5.562,1.028,20.899,9.661
Mpro,7gd4,R30,405,1,A,2404,C28,4.416,1.768,20.634,19.322
Mpro,7gd4,R30,405,1,A,2405,C29,4.073,2.114,19.327,9.661
Mpro,7gd3,Y6J,404,1,A,2378,C23,8.585,-3.506,24.95,1.208
Mpro,7gd3,Y6J,404,1,A,2382,C02,9.424,0.071,21.338,1.208
Mpro,7gd3,Y6J,404,1,A,2383,C03,8.459,-0.891,20.644,1.208
Mpro,7gd3,Y6J,404,1,A,2385,C06,5.76,0.842,21.102,8.453
Mpro,7gd3,Y6J,404,1,A,2386,C07,4.608,1.606,20.962,21.737
Mpro,7gd3,Y6J,404,1,A,2387,C08,4.182,2.035,19.706,12.076
Mpro,7gd3,Y6J,404,1,A,2389,C14,11.157,0.357,23.008,6.038
Mpro,7gd3,Y6J,404,1,A,2391,C22,9.437,-3.772,23.882,7.246
Mpro,7gd3,Y6J,404,1,A,2394,C27,5.391,-6.254,26.78,22.945
Mpro,7gd3,Y6J,404,1,A,2395,C28,5.694,-6.004,28.208,26.568
Mpro,7gd3,Y6J,404,1,A,2396,C30,8.182,-2.194,25.192,4.831
Mpro,7gd3,Y6J,404,1,A,2397,C31,8.619,-1.168,24.373,10.869
Mpro,7gd3,Y6J,404,1,A,2400,N24,8.153,-4.603,25.734,1.094
Mpro,7gd3,Y6J,404,1,A,2401,O01,9.683,1.159,20.845,3.214
Mpro,7gd3,Y6J,404,1,A,2402,O29,7.129,-3.611,27.515,12.858
Mpro,7gd5,M0X,405,1,A,2377,N1,9.259,0.212,22.844,1.094
Mpro,7gd5,M0X,405,1,A,2379,C4,8.879,-1.065,24.9,8.453
Mpro,7gd5,M0X,405,1,A,2382,C7,9.502,-3.409,23.577,4.831
Mpro,7gd5,M0X,405,1,A,2383,C8,9.675,1.39,23.598,14.492
Mpro,7gd5,M0X,405,1,A,2387,C17,5.234,0.964,21.088,6.038
Mpro,7gd5,M0X,405,1,A,2389,O,9.081,1.455,20.957,2.143
Mpro,7gd5,M0X,405,1,A,2391,C12,11.713,2.922,23.008,7.246
Mpro,7gd5,M0X,405,1,A,2392,C11,13.085,2.869,22.882,2.415
Mpro,7gd5,M0X,405,1,A,2394,C3,8.808,-2.273,25.572,4.831
Mpro,7gd5,M0X,405,1,A,2395,C2,9.129,-3.47,24.925,3.623
Mpro,7gd5,M0X,405,1,A,2397,C1,8.191,-4.891,26.703,16.907
Mpro,7gd5,M0X,405,1,A,2398,C,9.484,-5.894,24.92,2.415
Mpro,7gd5,M0X,405,1,A,2399,C14,8.019,-0.687,20.895,2.415
Mpro,7gd5,M0X,405,1,A,2402,C18,4.098,1.719,20.832,21.737
Mpro,7gd5,M0X,405,1,A,2403,C19,3.754,2.079,19.531,12.076
Mpro,7gd6,M0G,404,1,A,2377,C7,5.644,1.487,18.938,2.415
Mpro,7gd6,M0G,404,1,A,2384,C12,13.304,1.29,22.878,1.208
Mpro,7gd6,M0G,404,1,A,2385,C11,11.956,0.993,22.994,3.623
Mpro,7gd6,M0G,404,1,A,2387,O,9.738,-1.899,22.528,6.429
Mpro,7gd6,M0G,404,1,A,2388,C1,9.317,0.079,23.847,9.661
Mpro,7gd6,M0G,404,1,A,2389,C,7.89,-0.381,24.114,31.398
Mpro,7gd6,M0G,404,1,A,2391,O1,9.714,1.246,20.893,2.143
Mpro,7gd6,M0G,404,1,A,2393,C9,5.854,1.132,21.421,24.153
Mpro,7gd8,KU6,405,1,A,2379,C4,9.167,1.08,23.952,22.945
Mpro,7gd8,KU6,405,1,A,2380,C5,8.624,-0.247,23.49,19.322
Mpro,7gd8,KU6,405,1,A,2381,C6,9.469,-0.777,22.311,6.038
Mpro,7gd8,KU6,405,1,A,2386,N,7.947,-0.149,20.519,2.187
Mpro,7gd8,KU6,405,1,A,2388,C11,5.583,2.051,20.956,19.322
Mpro,7gd8,KU6,405,1,A,2391,C2,12.743,0.545,23.75,4.831
Mpro,7gd8,KU6,405,1,A,2393,C12,4.529,2.211,19.908,16.907
Mpro,7gd8,KU6,405,1,A,2396,O,10.535,0.968,24.396,2.143
Mpro,7gd7,LZX,404,1,A,2381,C7,5.496,1.02,19.403,2.415
Mpro,7gd7,LZX,404,1,A,2389,C15,11.024,-0.185,23.595,2.415
Mpro,7gd7,LZX,404,1,A,2397,C1,7.987,-3.558,23.348,14.492
Mpro,7gd7,LZX,404,1,A,2403,C2,9.281,-2.767,23.52,4.831
Mpro,7gd7,LZX,404,1,A,2409,C14,12.171,0.564,23.822,1.208
Mpro,7gd7,LZX,404,1,A,2411,C,5.4,-5.202,22.753,25.36
Mpro,7gd7,LZX,404,1,A,2415,O2,7.829,-0.459,22.637,15.0
Mpro,7gd9,LXF,405,1,A,2377,N1,5.911,-1.182,22.859,7.655
Mpro,7gd9,LXF,405,1,A,2378,C4,5.135,-0.842,25.204,2.415
Mpro,7gd9,LXF,405,1,A,2379,C5,4.443,-1.36,26.292,15.699
Mpro,7gd9,LXF,405,1,A,2380,C6,3.83,-2.603,26.2,31.398
Mpro,7gd9,LXF,405,1,A,2381,C7,3.911,-3.348,25.032,27.775
Mpro,7gd9,LXF,405,1,A,2382,C8,4.623,-2.831,23.954,2.415
Mpro,7gd9,LXF,405,1,A,2383,C10,2.891,3.05,23.964,22.945
Mpro,7gd9,LXF,405,1,A,2384,C13,-0.376,4.17,25.553,35.021
Mpro,7gd9,LXF,405,1,A,2385,C15,-0.875,2.54,23.88,31.398
Mpro,7gd9,LXF,405,1,A,2386,O2,7.143,0.755,24.829,32.144
Mpro,7gd9,LXF,405,1,A,2387,S1,5.825,0.783,25.387,2.574
Mpro,7gd9,LXF,405,1,A,2388,O1,5.639,1.191,26.746,31.072
Mpro,7gd9,LXF,405,1,A,2389,N2,4.949,1.782,24.472,13.123
Mpro,7gd9,LXF,405,1,A,2390,C9,3.524,1.944,24.774,7.246
Mpro,7gd9,LXF,405,1,A,2391,C11,1.418,3.194,24.264,3.623
Mpro,7gd9,LXF,405,1,A,2392,C16,0.476,2.438,23.576,9.661
Mpro,7gd9,LXF,405,1,A,2393,C14,-1.3,3.404,24.87,37.436
Mpro,7gd9,LXF,405,1,A,2394,C12,0.975,4.065,25.252,27.775
Mpro,7gd9,LXF,405,1,A,2395,C3,5.241,-1.575,24.01,3.623
Mpro,7gd9,LXF,405,1,A,2396,S,4.91,-3.554,22.393,16.728
Mpro,7gd9,LXF,405,1,A,2397,C2,5.809,-2.115,21.954,4.831
Mpro,7gd9,LXF,405,1,A,2398,N,6.391,-1.915,20.717,13.123
Mpro,7gd9,LXF,405,1,A,2400,O,5.746,-3.862,19.678,2.143
Mpro,7gd9,LXF,405,1,A,2401,C,7.163,-2.364,18.463,6.038
Mpro,7gdb,M9U,404,1,A,2375,C4,11.188,-0.728,22.752,10.869
Mpro,7gdb,M9U,404,1,A,2377,C6,8.803,-1.206,22.116,4.831
Mpro,7gdb,M9U,404,1,A,2381,C13,8.509,-0.586,23.468,3.623
Mpro,7gdb,M9U,404,1,A,2382,O1,8.599,0.94,21.015,3.214
Mpro,7gdb,M9U,404,1,A,2384,C3,9.535,-0.479,24.407,4.831
Mpro,7gdb,M9U,404,1,A,2385,C2,9.318,0.088,25.652,3.623
Mpro,7gdb,M9U,404,1,A,2386,C1,8.071,0.599,25.963,15.699
Mpro,7gdb,M9U,404,1,A,2387,C14,7.254,-0.07,23.798,4.831
Mpro,7gdb,M9U,404,1,A,2388,C,7.061,0.526,25.029,4.831
Mpro,7gdb,M9U,404,1,A,2389,CL,5.509,1.232,25.399,52.37
Mpro,7gdb,M9U,404,1,A,2390,N,7.589,-0.838,20.043,1.094
Mpro,7gdb,M9U,404,1,A,2393,C12,3.976,1.835,20.381,15.699
Mpro,7gdb,M9U,404,1,A,2394,C11,5.257,2.447,20.852,18.114
Mpro,7gda,MF0,403,1,A,2372,C6,5.266,1.32,18.932,2.415
Mpro,7gda,MF0,403,1,A,2374,C8,5.493,0.979,21.416,18.114
Mpro,7gda,MF0,403,1,A,2375,C10,11.522,0.371,23.439,6.038
Mpro,7gda,MF0,403,1,A,2378,N2,12.822,0.689,23.53,4.374
Mpro,7gda,MF0,403,1,A,2379,C1,9.516,-0.892,22.483,2.415
Mpro,7gda,MF0,403,1,A,2384,C,8.741,-0.639,23.777,28.983
Mpro,7gda,MF0,403,1,A,2385,O,9.485,0.932,20.906,2.143
Mpro,7gdc,M93,403,1,A,2384,C7,10.036,-0.863,22.408,4.831
Mpro,7gdc,M93,403,1,A,2385,C8,9.33,-0.281,23.652,19.322
Mpro,7gdc,M93,403,1,A,2391,C11,13.476,0.44,23.395,2.415
Mpro,7gdc,M93,403,1,A,2393,C2,5.763,1.338,18.979,3.623
Mpro,7gdc,M93,403,1,A,2394,C9,9.996,1.005,24.071,16.907
Mpro,7gdc,M93,403,1,A,2397,C,6.01,0.789,21.416,8.453
Mpro,7gdc,M93,403,1,A,2398,O,6.756,1.702,22.206,13.929
Mpro,7gdc,M93,403,1,A,2399,O2,11.388,0.797,24.387,1.071
Mpro,7gdd,860,403,860,A,2377,C1,11.232,-1.059,22.295,2.415
Mpro,7gdd,860,403,860,A,2381,C14,5.816,0.712,21.122,8.453
Mpro,7gdd,860,403,860,A,2382,C15,4.733,1.488,21.442,22.945
Mpro,7gdd,860,403,860,A,2383,C16,4.036,2.172,20.455,22.945
Mpro,7gdd,860,403,860,A,2384,C17,4.424,2.089,19.146,2.415
Mpro,7gdd,860,403,860,A,2386,C2,9.775,-1.341,22.017,15.699
Mpro,7gdd,860,403,860,A,2387,C20,11.616,-0.102,23.229,3.623
Mpro,7gdd,860,403,860,A,2396,O18,9.764,0.612,20.605,2.143
Mpro,7gde,M7X,404,1,A,2373,N1,8.157,-0.856,20.408,2.187
Mpro,7gde,M7X,404,1,A,2375,C5,9.283,-0.396,20.982,1.208
Mpro,7gde,M7X,404,1,A,2376,C6,9.78,-1.213,22.157,20.53
Mpro,7gde,M7X,404,1,A,2377,C7,11.25,-0.94,22.376,1.208
Mpro,7gde,M7X,404,1,A,2378,C8,11.678,-0.063,23.363,2.415
Mpro,7gde,M7X,404,1,A,2380,C13,6.323,0.612,19.82,3.623
Mpro,7gde,M7X,404,1,A,2385,O,9.856,0.625,20.62,3.214
Mpro,7gde,M7X,404,1,A,2390,C,4.475,2.248,19.285,18.114
Mpro,7gdh,M5X,405,1,A,2377,N1,7.754,-4.48,21.326,2.187
Mpro,7gdh,M5X,405,1,A,2380,C6,8.96,-2.974,22.925,16.907
Mpro,7gdh,M5X,405,1,A,2381,C7,9.601,-1.757,23.059,12.076
Mpro,7gdh,M5X,405,1,A,2388,S,10.483,0.656,22.144,1.287
Mpro,7gdh,M5X,405,1,A,2389,O,11.76,0.455,22.768,1.071
Mpro,7gdh,M5X,405,1,A,2390,O1,10.425,1.311,20.87,1.071
Mpro,7gdh,M5X,405,1,A,2391,N,9.595,1.521,23.16,29.527
Mpro,7gdf,M6U,404,1,A,2373,N1,7.715,-0.794,20.567,2.187
Mpro,7gdf,M6U,404,1,A,2378,C8,9.335,-1.456,22.222,14.492
Mpro,7gdf,M6U,404,1,A,2379,C10,10.423,-0.05,24.032,20.53
Mpro,7gdf,M6U,404,1,A,2385,C12,12.811,0.069,24.11,1.208
Mpro,7gdf,M6U,404,1,A,2386,C11,11.579,0.449,24.612,6.038
Mpro,7gdf,M6U,404,1,A,2389,O,9.552,0.51,20.861,4.286
Mpro,7gdf,M6U,404,1,A,2391,C1,5.442,0.879,21.269,2.415
Mpro,7gdf,M6U,404,1,A,2392,C,5.109,2.306,21.651,45.89
Mpro,7gdf,M6U,404,1,A,2394,C3,5.336,1.411,18.812,1.208
Mpro,7gdg,M6I,405,1,A,2378,C4,11.259,-0.875,22.478,1.208
Mpro,7gdg,M6I,405,1,A,2379,C5,9.375,-0.27,21.023,2.415
Mpro,7gdg,M6I,405,1,A,2381,C7,6.226,0.658,19.981,12.076
Mpro,7gdg,M6I,405,1,A,2382,C8,5.559,1.391,19.012,7.246
Mpro,7gdg,M6I,405,1,A,2385,N,9.942,-1.045,21.997,9.842
Mpro,7gdg,M6I,405,1,A,2390,C2,12.831,0.414,23.76,4.831
Mpro,7gdg,M6I,405,1,A,2391,O,9.907,0.739,20.576,4.286
Mpro,7gdg,M6I,405,1,A,2392,C3,11.533,-0.023,23.542,13.284
Mpro,7gdi,M5I,404,1,A,2368,N1,9.7,-0.841,21.486,6.562
Mpro,7gdi,M5I,404,1,A,2371,C6,7.429,-0.667,20.706,3.623
Mpro,7gdi,M5I,404,1,A,2372,C7,8.78,-0.022,20.942,2.415
Mpro,7gdi,M5I,404,1,A,2373,C8,10.978,-0.492,21.967,1.208
Mpro,7gdi,M5I,404,1,A,2374,C10,12.47,1.097,22.98,3.623
Mpro,7gdi,M5I,404,1,A,2376,C9,11.188,0.724,22.609,14.492
Mpro,7gdi,M5I,404,1,A,2381,C,5.225,1.322,21.106,31.398
Mpro,7gdi,M5I,404,1,A,2382,C2,5.311,1.704,18.63,2.415
Mpro,7gdi,M5I,404,1,A,2383,O,8.987,1.158,20.672,4.286
Mpro,7gdj,M50,404,1,A,2375,C5,9.364,-0.253,21.076,1.208
Mpro,7gdj,M50,404,1,A,2376,C6,9.871,-1.135,22.201,20.53
Mpro,7gdj,M50,404,1,A,2378,C8,11.786,-0.036,23.426,6.038
Mpro,7gdj,M50,404,1,A,2382,C9,13.124,0.314,23.526,2.415
Mpro,7gdj,M50,404,1,A,2384,O,10.049,0.654,20.61,2.143
Mpro,7gdj,M50,404,1,A,2387,C,5.862,1.177,21.322,32.606
Mpro,7gdj,M50,404,1,A,2390,C2,5.612,1.498,18.842,2.415
Mpro,7gdk,MJR,404,1,A,2374,C4,9.085,-0.06,20.968,3.623
Mpro,7gdk,MJR,404,1,A,2375,C5,9.494,-0.831,22.207,15.699
Mpro,7gdk,MJR,404,1,A,2376,C6,10.964,-0.63,22.484,2.415
Mpro,7gdk,MJR,404,1,A,2377,C7,11.386,0.278,23.444,12.076
Mpro,7gdk,MJR,404,1,A,2378,C8,12.725,0.612,23.563,3.623
Mpro,7gdk,MJR,404,1,A,2383,O,9.798,0.809,20.47,1.071
Mpro,7gdk,MJR,404,1,A,2387,C,5.569,1.825,20.033,30.191
Mpro,7gdl,MKI,404,1,A,2374,C4,11.141,0.369,23.625,6.038
Mpro,7gdl,MKI,404,1,A,2375,C5,12.483,0.703,23.733,2.415
Mpro,7gdl,MKI,404,1,A,2383,C1,8.604,-0.123,21.463,2.415
Mpro,7gdl,MKI,404,1,A,2384,C2,9.254,-0.935,22.568,16.907
Mpro,7gdl,MKI,404,1,A,2386,C12,4.935,1.464,19.06,2.415
Mpro,7gdl,MKI,404,1,A,2387,C14,5.049,1.174,21.558,25.36
Mpro,7gdl,MKI,404,1,A,2388,C,6.846,-1.819,21.402,8.453
Mpro,7gdl,MKI,404,1,A,2389,O,9.156,0.89,21.047,2.143
Mpro,7gdo,MVR,405,1,A,2379,C4,11.544,0.633,22.843,4.831
Mpro,7gdo,MVR,405,1,A,2380,C5,9.7,0.335,21.301,2.415
Mpro,7gdo,MVR,405,1,A,2383,C8,6.551,0.637,20.196,10.869
Mpro,7gdo,MVR,405,1,A,2385,C13,9.087,-0.82,24.423,15.699
Mpro,7gdo,MVR,405,1,A,2388,C20,7.555,-5.133,27.869,24.153
Mpro,7gdo,MVR,405,1,A,2389,C21,8.555,-6.056,28.09,4.831
Mpro,7gdo,MVR,405,1,A,2391,O,9.961,1.4,20.754,3.214
Mpro,7gdo,MVR,405,1,A,2394,C9,5.658,1.18,19.291,7.246
Mpro,7gdo,MVR,405,1,A,2402,C16,9.873,-3.433,23.942,4.831
Mpro,7gdo,MVR,405,1,A,2403,C14,8.751,-1.823,25.313,4.831
Mpro,7gdo,MVR,405,1,A,2404,C18,8.874,-4.194,26.109,1.208
Mpro,7gdo,MVR,405,1,A,2405,C19,7.703,-4.191,26.865,14.492
Mpro,7gdm,MQ3,404,1,A,2381,N,8.596,-0.394,20.963,1.094
Mpro,7gdm,MQ3,404,1,A,2383,C1,10.23,-0.114,22.739,7.246
Mpro,7gdm,MQ3,404,1,A,2384,C2,11.77,-0.306,22.714,1.208
Mpro,7gdm,MQ3,404,1,A,2386,C12,5.855,1.268,19.099,3.623
Mpro,7gdm,MQ3,404,1,A,2387,C14,6.21,1.196,21.586,30.191
Mpro,7gdm,MQ3,404,1,A,2388,C,9.794,1.018,23.671,21.737
Mpro,7gdm,MQ3,404,1,A,2390,C3,12.366,-0.571,24.107,1.208
Mpro,7gdn,MU3,405,1,A,2379,C4,3.873,2.005,20.252,16.907
Mpro,7gdn,MU3,405,1,A,2380,C5,4.919,1.96,21.317,19.322
Mpro,7gdn,MU3,405,1,A,2381,C6,8.761,-0.329,22.863,8.453
Mpro,7gdn,MU3,405,1,A,2382,C7,8.1,0.459,24.026,18.114
Mpro,7gdn,MU3,405,1,A,2383,C8,8.964,0.427,25.267,15.699
Mpro,7gdn,MU3,405,1,A,2384,C10,12.329,0.439,23.952,1.208
Mpro,7gdn,MU3,405,1,A,2386,O,8.861,1.401,21.172,2.143
Mpro,7gdn,MU3,405,1,A,2392,O1,10.298,0.919,25.013,4.286
Mpro,7gdn,MU3,405,1,A,2393,N,7.5,-0.372,20.764,3.281
Mpro,7gdn,MU3,405,1,A,2394,C1,7.017,0.044,19.534,1.208
Mpro,7gdp,MVX,405,1,A,2379,C4,8.831,-0.073,23.577,30.191
Mpro,7gdp,MVX,405,1,A,2380,C5,9.283,-0.729,22.276,6.038
Mpro,7gdp,MVX,405,1,A,2384,C10,4.482,2.156,20.386,16.907
Mpro,7gdp,MVX,405,1,A,2386,O1,9.22,1.267,20.908,3.214
Mpro,7gdp,MVX,405,1,A,2387,O,9.993,0.645,24.075,7.5
Mpro,7gdp,MVX,405,1,A,2388,C12,10.789,-0.673,22.417,1.208
Mpro,7gdp,MVX,405,1,A,2390,C2,12.429,0.606,23.653,4.831
Mpro,7gdp,MVX,405,1,A,2394,N,7.914,-0.478,20.278,3.281
Mpro,7gdp,MVX,405,1,A,2397,C11,5.604,1.859,21.332,20.53
Mpro,7gds,MZF,405,1,A,2379,C5,8.028,-0.906,20.622,2.415
Mpro,7gds,MZF,405,1,A,2380,C6,9.024,-1.87,20.696,1.208
Mpro,7gds,MZF,405,1,A,2381,C7,10.238,-1.563,21.293,3.623
Mpro,7gds,MZF,405,1,A,2382,C8,10.436,-0.282,21.773,3.623
Mpro,7gds,MZF,405,1,A,2383,C10,8.246,0.39,21.08,8.453
Mpro,7gds,MZF,405,1,A,2384,BR,12.073,0.127,22.65,2.655
Mpro,7gds,MZF,405,1,A,2386,O,8.605,-4.235,20.908,10.715
Mpro,7gds,MZF,405,1,A,2387,C9,9.466,0.703,21.659,3.623
Mpro,7gds,MZF,405,1,A,2389,C1,7.056,-2.79,19.766,1.208
Mpro,7gds,MZF,405,1,A,2391,C2,5.59,-0.773,19.947,2.415
Mpro,7gds,MZF,405,1,A,2393,N2,4.678,1.282,18.893,4.374
Mpro,7gdq,MWN,406,1,A,2381,C4,6.437,-4.4,20.632,1.208
Mpro,7gdq,MWN,406,1,A,2383,C6,8.156,-3.02,21.431,1.208
Mpro,7gdq,MWN,406,1,A,2384,C7,9.295,-2.282,21.726,2.415
Mpro,7gdq,MWN,406,1,A,2385,C8,9.267,-1.411,22.794,3.623
Mpro,7gdq,MWN,406,1,A,2386,BR,10.864,-0.519,23.291,15.928
Mpro,7gdq,MWN,406,1,A,2387,O3,8.629,-5.252,20.909,1.071
Mpro,7gdq,MWN,406,1,A,2388,O2,5.779,-5.204,19.986,1.071
Mpro,7gdq,MWN,406,1,A,2389,N,5.992,-3.658,21.673,5.468
Mpro,7gdq,MWN,406,1,A,2390,C3,6.994,-2.854,22.181,6.038
Mpro,7gdq,MWN,406,1,A,2391,C9,8.129,-1.224,23.558,13.284
Mpro,7gdq,MWN,406,1,A,2392,C2,6.975,-1.954,23.264,3.623
Mpro,7gdq,MWN,406,1,A,2393,C1,5.801,-1.762,24.158,3.623
Mpro,7gdq,MWN,406,1,A,2394,O1,4.801,-2.436,24.118,17.143
Mpro,7gdq,MWN,406,1,A,2395,O,5.994,-0.763,25.025,7.5
Mpro,7gdq,MWN,406,1,A,2396,C,4.953,-0.553,26.01,50.72
Mpro,7gdt,N00,406,1,A,2382,C5,21.958,-23.09,13.448,28.983
Mpro,7gdt,N00,406,1,A,2383,C6,22.506,-24.153,15.663,4.831
Mpro,7gdt,N00,406,1,A,2384,C7,22.496,-24.224,17.067,2.415
Mpro,7gdt,N00,406,1,A,2385,C8,21.86,-23.214,17.784,13.284
Mpro,7gdt,N00,406,1,A,2386,C10,23.265,-25.406,17.422,4.831
Mpro,7gdt,N00,406,1,A,2387,C13,24.857,-27.699,17.382,27.775
Mpro,7gdt,N00,406,1,A,2388,C15,23.674,-25.987,18.619,24.153
Mpro,7gdt,N00,406,1,A,2389,CL,24.982,-27.846,20.065,71.073
Mpro,7gdt,N00,406,1,A,2390,C14,24.467,-27.12,18.572,4.831
Mpro,7gdt,N00,406,1,A,2391,C12,24.459,-27.135,16.183,30.191
Mpro,7gdt,N00,406,1,A,2392,C11,23.676,-25.992,16.209,2.415
Mpro,7gdt,N00,406,1,A,2393,N,23.213,-25.225,15.156,13.123
Mpro,7gdt,N00,406,1,A,2394,C9,21.309,-22.147,17.099,1.208
Mpro,7gdt,N00,406,1,A,2399,O1,21.889,-19.589,13.243,18.215
Mpro,7gdt,N00,406,1,A,2400,O,22.903,-19.649,15.219,20.358
Mpro,7gdr,MX9,406,1,A,2381,C4,5.438,0.565,25.552,26.568
Mpro,7gdr,MX9,406,1,A,2382,C5,6.053,-0.837,23.737,8.453
Mpro,7gdr,MX9,406,1,A,2383,C6,7.25,-1.411,23.066,6.038
Mpro,7gdr,MX9,406,1,A,2384,C7,7.184,-2.405,22.071,4.831
Mpro,7gdr,MX9,406,1,A,2385,C8,6.453,-3.899,20.551,1.208
Mpro,7gdr,MX9,406,1,A,2386,C10,8.346,-2.884,21.47,1.208
Mpro,7gdr,MX9,406,1,A,2387,C13,8.504,-0.925,23.439,6.038
Mpro,7gdr,MX9,406,1,A,2390,N,6.087,-3.015,21.509,3.281
Mpro,7gdr,MX9,406,1,A,2392,O3,8.38,-5.194,21.056,2.143
Mpro,7gdr,MX9,406,1,A,2393,C11,9.581,-2.367,21.842,1.208
Mpro,7gdr,MX9,406,1,A,2394,C12,9.656,-1.397,22.829,4.831
Mpro,7gdr,MX9,406,1,A,2395,O1,4.942,-1.293,23.656,9.643
Mpro,7gdr,MX9,406,1,A,2396,O,6.368,0.228,24.481,6.429
Mpro,7gdr,MX9,406,1,A,2397,C3,6.261,0.863,26.771,2.415
Mpro,7gdr,MX9,406,1,A,2398,C2,5.806,1.75,27.742,24.153
Mpro,7gdr,MX9,406,1,A,2399,C14,7.528,0.313,26.912,1.208
Mpro,7gdr,MX9,406,1,A,2400,C16,7.863,1.551,28.937,8.453
Mpro,7gdr,MX9,406,1,A,2401,C1,6.6,2.12,28.821,2.415
Mpro,7gdr,MX9,406,1,A,2402,C,6.132,3.168,29.8,65.212
Mpro,7gdu,N0F,405,1,A,2377,N1,7.857,-0.746,20.755,1.094
Mpro,7gdu,N0F,405,1,A,2382,C8,10.187,-0.741,23.463,1.208
Mpro,7gdu,N0F,405,1,A,2383,C10,7.811,1.027,25.886,15.699
Mpro,7gdu,N0F,405,1,A,2384,C13,8.031,-1.499,24.486,8.453
Mpro,7gdu,N0F,405,1,A,2385,C15,10.842,-2.96,24.662,7.246
Mpro,7gdu,N0F,405,1,A,2387,O,9.316,0.969,21.079,4.286
Mpro,7gdu,N0F,405,1,A,2390,C2,5.017,1.219,19.423,3.623
Mpro,7gdu,N0F,405,1,A,2392,C,5.529,0.672,21.824,7.246
Mpro,7gdu,N0F,405,1,A,2395,C16,11.892,-3.571,25.33,3.623
Mpro,7gdu,N0F,405,1,A,2397,C12,6.657,-0.997,24.939,4.831
Mpro,7gdu,N0F,405,1,A,2398,C11,6.777,-0.059,26.127,4.831
Mpro,7gdu,N0F,405,1,A,2399,O1,5.504,0.534,26.42,45.001
Mpro,7gdu,N0F,405,1,A,2400,C9,9.139,0.439,25.4,4.831
Mpro,7gdv,N0O,405,1,A,2379,C4,8.317,0.023,23.642,19.322
Mpro,7gdv,N0O,405,1,A,2380,C5,8.847,-0.562,22.34,7.246
Mpro,7gdv,N0O,405,1,A,2385,C13,3.546,3.352,21.288,22.945
Mpro,7gdv,N0O,405,1,A,2386,C15,10.338,-0.454,22.553,1.208
Mpro,7gdv,N0O,405,1,A,2387,O1,8.977,1.438,20.98,1.071
Mpro,7gdv,N0O,405,1,A,2388,O,9.395,0.867,24.139,9.643
Mpro,7gdv,N0O,405,1,A,2390,C2,11.861,0.721,24.019,3.623
Mpro,7gdv,N0O,405,1,A,2395,N,7.513,-0.166,20.346,2.187
Mpro,7gdv,N0O,405,1,A,2398,C14,4.089,2.449,20.384,1.208
Mpro,7gdv,N0O,405,1,A,2399,C12,4.365,4.058,22.148,30.191
Mpro,7gdv,N0O,405,1,A,2400,C11,5.733,3.858,22.119,25.36
Mpro,7gdw,N0X,405,1,A,2380,C5,12.58,0.79,23.676,3.623
Mpro,7gdw,N0X,405,1,A,2386,C15,5.014,1.952,21.37,20.53
Mpro,7gdw,N0X,405,1,A,2387,O1,9.144,1.2,21.071,1.071
Mpro,7gdw,N0X,405,1,A,2388,N,7.637,-0.467,20.749,2.187
Mpro,7gdw,N0X,405,1,A,2389,C11,7.121,-0.012,19.554,1.208
Mpro,7gdw,N0X,405,1,A,2390,C14,3.905,1.846,20.374,15.699
Mpro,7gdw,N0X,405,1,A,2394,C,8.836,-2.038,22.882,18.114
Mpro,7gdw,N0X,405,1,A,2396,O,10.526,1.08,24.757,1.071
Mpro,7gdw,N0X,405,1,A,2397,C3,9.173,1.422,24.405,20.53
Mpro,7gdw,N0X,405,1,A,2398,C2,8.397,0.208,23.935,14.492
Mpro,7gdx,N1U,405,1,A,2377,C4,10.461,-1.255,24.223,8.453
Mpro,7gdx,N1U,405,1,A,2378,C5,9.989,-1.873,23.071,2.415
Mpro,7gdx,N1U,405,1,A,2379,C6,8.614,-2.497,23.059,14.492
Mpro,7gdx,N1U,405,1,A,2383,C13,6.753,0.468,20.163,3.623
Mpro,7gdx,N1U,405,1,A,2385,C17,12.02,-1.244,21.918,1.208
Mpro,7gdx,N1U,405,1,A,2390,O2,8.388,-4.962,21.552,7.5
Mpro,7gdx,N1U,405,1,A,2391,C11,7.185,-0.354,21.201,1.208
Mpro,7gdx,N1U,405,1,A,2392,C12,7.242,0.207,22.601,35.021
Mpro,7gdx,N1U,405,1,A,2394,C2,11.688,-0.618,24.229,2.415
Mpro,7gdx,N1U,405,1,A,2395,O1,12.201,0.074,25.293,1.071
Mpro,7gdx,N1U,405,1,A,2396,C3,11.45,0.073,26.515,16.907
Mpro,7gdx,N1U,405,1,A,2398,C1,12.484,-0.622,23.07,2.415
Mpro,7gdx,N1U,405,1,A,2399,O,13.708,-0.022,23.201,3.214
Mpro,7gdx,N1U,405,1,A,2400,C,14.596,-0.058,22.085,1.208
Mpro,7gdy,N2X,405,1,A,2372,C4,8.413,-2.485,23.172,9.661
Mpro,7gdy,N2X,405,1,A,2373,C5,7.94,-3.875,21.149,1.208
Mpro,7gdy,N2X,405,1,A,2377,C10,6.639,0.507,20.31,4.831
Mpro,7gdy,N2X,405,1,A,2379,C15,11.749,0.229,23.246,4.831
Mpro,7gdy,N2X,405,1,A,2380,BR,5.536,1.093,17.758,1.327
Mpro,7gdy,N2X,405,1,A,2383,O2,6.213,-4.524,19.661,1.071
Mpro,7gdy,N2X,405,1,A,2384,O1,8.413,-4.911,21.576,5.357
Mpro,7gdy,N2X,405,1,A,2385,C9,7.193,-0.311,21.28,7.246
Mpro,7gdy,N2X,405,1,A,2389,C16,10.938,0.109,24.364,4.831
Mpro,7gdy,N2X,405,1,A,2391,O,9.007,-0.959,25.401,3.214
Mpro,7gdy,N2X,405,1,A,2392,C1,8.823,0.12,26.336,10.869
Mpro,7gdy,N2X,405,1,A,2393,C,8.077,-0.403,27.503,27.775
Mpro,7ge0,N3R,404,1,A,2377,C7,9.733,-2.578,22.406,8.453
Mpro,7ge0,N3R,404,1,A,2378,C8,8.257,-2.604,22.123,16.907
Mpro,7ge0,N3R,404,1,A,2379,C10,6.307,-0.439,19.718,1.208
Mpro,7ge0,N3R,404,1,A,2381,C15,3.272,2.335,20.897,31.398
Mpro,7ge0,N3R,404,1,A,2382,C17,4.684,0.512,21.437,3.623
Mpro,7ge0,N3R,404,1,A,2383,F,5.089,-0.409,22.337,14.491
Mpro,7ge0,N3R,404,1,A,2384,C16,3.697,1.39,21.812,26.568
Mpro,7ge0,N3R,404,1,A,2385,C14,3.852,2.41,19.643,8.453
Mpro,7ge0,N3R,404,1,A,2386,C18,5.282,0.511,20.183,2.415
Mpro,7ge0,N3R,404,1,A,2391,O2,5.978,-2.649,20.545,3.214
Mpro,7ge0,N3R,404,1,A,2392,N,7.861,-1.59,21.155,1.094
Mpro,7ge0,N3R,404,1,A,2393,O1,10.183,-1.225,22.233,2.143
Mpro,7ge0,N3R,404,1,A,2395,O,10.796,1.162,23.015,8.572
Mpro,7ge0,N3R,404,1,A,2396,C,11.057,2.543,23.268,22.945
Mpro,7gdz,N3I,404,1,A,2375,C5,10.201,-1.095,22.635,1.208
Mpro,7gdz,N3I,404,1,A,2376,C6,8.912,-1.584,22.028,15.699
Mpro,7gdz,N3I,404,1,A,2380,C13,5.056,0.862,21.277,31.398
Mpro,7gdz,N3I,404,1,A,2381,O1,9.07,0.483,20.816,3.214
Mpro,7gdz,N3I,404,1,A,2384,C2,12.588,-0.108,23.693,3.623
Mpro,7gdz,N3I,404,1,A,2385,C14,10.184,-0.307,23.78,12.076
Mpro,7gdz,N3I,404,1,A,2386,C1,11.377,0.166,24.308,3.623
Mpro,7gdz,N3I,404,1,A,2387,O,11.507,0.813,25.51,2.143
Mpro,7gdz,N3I,404,1,A,2388,C,10.345,0.972,26.33,33.814
Mpro,7gdz,N3I,404,1,A,2389,N,7.26,-0.845,20.45,1.094
Mpro,7gdz,N3I,404,1,A,2391,C11,4.987,1.575,18.862,8.453
Mpro,7ge2,N4L,404,1,A,2377,C7,10.098,-2.57,21.978,6.038
Mpro,7ge2,N4L,404,1,A,2378,C8,8.601,-2.575,21.892,16.907
Mpro,7ge2,N4L,404,1,A,2379,C10,6.484,-0.43,19.614,1.208
Mpro,7ge2,N4L,404,1,A,2381,C15,3.383,2.235,20.889,32.606
Mpro,7ge2,N4L,404,1,A,2382,C17,4.902,0.432,21.442,1.208
Mpro,7ge2,N4L,404,1,A,2386,C19,5.43,0.483,20.131,2.415
Mpro,7ge2,N4L,404,1,A,2387,C18,5.455,-0.471,22.515,24.153
Mpro,7ge2,N4L,404,1,A,2388,C16,3.876,1.31,21.786,20.53
Mpro,7ge2,N4L,404,1,A,2389,C14,3.915,2.325,19.617,8.453
Mpro,7ge2,N4L,404,1,A,2391,O2,6.359,-2.716,20.276,3.214
Mpro,7ge2,N4L,404,1,A,2393,O1,10.5,-1.251,22.375,5.357
Mpro,7ge2,N4L,404,1,A,2395,O,11.027,1.162,23.046,8.572
Mpro,7ge2,N4L,404,1,A,2396,C,11.265,2.438,23.641,24.153
Mpro,7ge2,N4L,404,1,A,2398,C2,13.42,0.884,22.624,1.208
Mpro,7ge3,N5L,403,1,A,2368,C7,9.842,-1.135,22.157,19.322
Mpro,7ge3,N5L,403,1,A,2369,C8,11.326,-0.916,22.349,2.415
Mpro,7ge3,N5L,403,1,A,2370,C10,13.164,0.244,23.403,4.831
Mpro,7ge3,N5L,403,1,A,2375,C9,11.808,-0.035,23.311,6.038
Mpro,7ge3,N5L,403,1,A,2376,O,9.836,0.754,20.664,4.286
Mpro,7ge3,N5L,403,1,A,2379,C,6.023,0.993,21.217,30.191
Mpro,7ge3,N5L,403,1,A,2382,N,4.713,2.294,18.952,10.936
Mpro,7ge1,N43,404,1,A,2377,C7,9.373,-2.436,22.619,6.038
Mpro,7ge1,N43,404,1,A,2378,C8,7.885,-2.436,22.433,14.492
Mpro,7ge1,N43,404,1,A,2379,C10,5.87,-0.4,19.981,1.208
Mpro,7ge1,N43,404,1,A,2381,C15,2.785,2.359,21.018,28.983
Mpro,7ge1,N43,404,1,A,2382,C17,4.242,0.567,21.679,2.415
Mpro,7ge1,N43,404,1,A,2386,C19,4.812,0.534,20.39,2.415
Mpro,7ge1,N43,404,1,A,2387,O4,4.772,-0.318,22.58,3.214
Mpro,7ge1,N43,404,1,A,2388,C18,4.212,-0.356,23.893,45.89
Mpro,7ge1,N43,404,1,A,2389,C16,3.234,1.473,21.982,18.114
Mpro,7ge1,N43,404,1,A,2390,C14,3.35,2.377,19.757,6.038
Mpro,7ge1,N43,404,1,A,2392,O2,5.56,-2.565,20.904,4.286
Mpro,7ge1,N43,404,1,A,2394,O1,9.811,-1.068,22.655,1.071
Mpro,7ge1,N43,404,1,A,2396,O,10.465,1.2,23.697,9.643
Mpro,7ge1,N43,404,1,A,2397,C,10.721,2.572,24.011,25.36
Mpro,7ge1,N43,404,1,A,2399,C2,12.85,0.821,23.296,1.208
Mpro,7ge4,N6X,405,1,A,2382,C7,9.922,-0.922,22.305,19.322
Mpro,7ge4,N6X,405,1,A,2383,C8,11.413,-0.744,22.456,1.208
Mpro,7ge4,N6X,405,1,A,2384,C10,13.306,0.253,23.573,2.415
Mpro,7ge4,N6X,405,1,A,2388,C9,11.941,0.028,23.482,4.831
Mpro,7ge4,N6X,405,1,A,2390,O,10.016,0.84,20.682,4.286
Mpro,7ge4,N6X,405,1,A,2393,C,5.953,1.075,21.334,30.191
Mpro,7ge4,N6X,405,1,A,2396,N,4.589,2.273,19.002,9.842
Mpro,7ge7,N9I,404,1,A,2373,N1,10.331,-1.306,21.76,1.094
Mpro,7ge7,N9I,404,1,A,2376,C6,8.171,-0.73,20.838,2.415
Mpro,7ge7,N9I,404,1,A,2377,C7,9.625,-0.367,21.077,3.623
Mpro,7ge7,N9I,404,1,A,2378,C8,11.699,-1.347,22.157,2.415
Mpro,7ge7,N9I,404,1,A,2381,C15,10.989,-2.608,24.243,14.492
Mpro,7ge7,N9I,404,1,A,2382,O,10.091,0.705,20.696,7.5
Mpro,7ge7,N9I,404,1,A,2385,C2,5.706,1.373,18.856,2.415
Mpro,7ge7,N9I,404,1,A,2387,C,5.853,1.101,21.343,36.229
Mpro,7ge7,N9I,404,1,A,2388,C16,12.053,-2.013,23.355,1.208
Mpro,7ge7,N9I,404,1,A,2389,N2,11.492,-3.001,25.563,6.562
Mpro,7ge7,N9I,404,1,A,2390,C14,12.774,-3.728,25.464,1.208
Mpro,7ge7,N9I,404,1,A,2393,C9,12.676,-0.785,21.341,2.415
Mpro,7ge6,N8X,405,1,A,2379,C4,14.294,0.271,22.396,1.208
Mpro,7ge6,N8X,405,1,A,2382,C7,9.669,-1.46,21.522,9.661
Mpro,7ge6,N8X,405,1,A,2383,C8,9.015,-0.286,20.82,1.208
Mpro,7ge6,N8X,405,1,A,2385,O,9.381,0.871,21.015,7.5
Mpro,7ge6,N8X,405,1,A,2386,C3,12.919,-0.076,22.904,1.208
Mpro,7ge6,N8X,405,1,A,2387,C2,12.51,0.305,24.176,3.623
Mpro,7ge6,N8X,405,1,A,2388,C12,10.337,-0.594,23.793,15.699
Mpro,7ge6,N8X,405,1,A,2389,C1,11.227,0.048,24.643,1.208
Mpro,7ge6,N8X,405,1,A,2390,C,10.803,0.48,26.025,16.907
Mpro,7ge6,N8X,405,1,A,2391,N,8.142,-0.628,19.825,1.094
Mpro,7ge6,N8X,405,1,A,2393,C11,6.233,1.709,20.649,21.737
Mpro,7ge5,N7L,404,1,A,2373,N1,8.87,-0.629,20.725,3.281
Mpro,7ge5,N7L,404,1,A,2377,C7,11.041,-1.119,21.657,1.208
Mpro,7ge5,N7L,404,1,A,2378,C8,11.521,-0.893,23.07,15.699
Mpro,7ge5,N7L,404,1,A,2382,O,10.446,1.015,20.741,2.143
Mpro,7ge5,N7L,404,1,A,2384,C,6.558,0.756,21.834,35.021
Mpro,7ge5,N7L,404,1,A,2387,C2,5.919,1.178,19.436,3.623
Mpro,7ge8,NB0,404,1,A,2374,C4,12.574,-1.369,22.537,2.415
Mpro,7ge8,NB0,404,1,A,2375,C5,11.494,-1.969,23.183,1.208
Mpro,7ge8,NB0,404,1,A,2376,C6,9.321,-2.965,22.51,3.623
Mpro,7ge8,NB0,404,1,A,2377,C7,7.84,-2.612,22.577,19.322
Mpro,7ge8,NB0,404,1,A,2378,C8,8.376,-0.314,21.876,16.907
Mpro,7ge8,NB0,404,1,A,2381,C15,3.837,2.491,19.905,7.246
Mpro,7ge8,NB0,404,1,A,2382,C17,3.561,1.319,21.982,26.568
Mpro,7ge8,NB0,404,1,A,2386,C14,4.835,1.591,19.529,2.415
Mpro,7ge8,NB0,404,1,A,2387,C19,5.193,0.533,20.39,2.415
Mpro,7ge8,NB0,404,1,A,2388,C18,4.555,0.42,21.627,6.038
Mpro,7ge8,NB0,404,1,A,2389,C16,3.198,2.336,21.125,35.021
Mpro,7ge8,NB0,404,1,A,2391,O,6.073,-2.683,20.433,3.214
Mpro,7ge8,NB0,404,1,A,2392,C9,9.855,-0.683,21.821,6.038
Mpro,7ge8,NB0,404,1,A,2393,N,10.145,-1.774,22.76,1.094
Mpro,7ge8,NB0,404,1,A,2395,F,10.759,-3.429,24.912,2.07
Mpro,7gea,N6F,404,1,A,2378,C8,4.401,1.232,21.748,3.623
Mpro,7gea,N6F,404,1,A,2384,C12,13.082,0.958,23.505,3.623
Mpro,7gea,N6F,404,1,A,2385,C11,11.714,0.737,23.503,9.661
Mpro,7gea,N6F,404,1,A,2386,C1,9.633,-0.381,22.585,6.038
Mpro,7gea,N6F,404,1,A,2387,C,9.266,-1.769,23.149,27.775
Mpro,7gea,N6F,404,1,A,2389,O,9.526,1.199,20.763,2.143
Mpro,7gea,N6F,404,1,A,2392,N2,5.586,0.782,21.266,3.281
Mpro,7gea,N6F,404,1,A,2393,C9,4.276,1.2,23.242,50.72
Mpro,7gea,N6F,404,1,A,2394,O1,3.485,1.626,21.026,17.143
Mpro,7ge9,NB6,404,1,A,2376,C6,9.168,-0.245,21.033,1.208
Mpro,7ge9,NB6,404,1,A,2377,C7,9.654,-1.024,22.238,20.53
Mpro,7ge9,NB6,404,1,A,2378,C8,11.131,-0.813,22.465,2.415
Mpro,7ge9,NB6,404,1,A,2379,C10,12.939,0.396,23.509,3.623
Mpro,7ge9,NB6,404,1,A,2384,C9,11.588,0.104,23.401,7.246
Mpro,7ge9,NB6,404,1,A,2385,O,9.774,0.733,20.602,3.214
Mpro,7ge9,NB6,404,1,A,2387,C,5.672,0.956,21.145,31.398
Mpro,7ge9,NB6,404,1,A,2390,C2,5.58,1.385,18.667,2.415
Mpro,7geb,NDI,404,1,A,2375,C4,9.87,-1.149,22.29,13.284
Mpro,7geb,NDI,404,1,A,2376,C5,9.404,-0.368,21.072,3.623
Mpro,7geb,NDI,404,1,A,2381,C13,12.977,-0.457,24.325,2.415
Mpro,7geb,NDI,404,1,A,2382,O1,10.124,0.476,20.544,4.286
Mpro,7geb,NDI,404,1,A,2384,C11,5.744,0.854,21.315,32.606
Mpro,7geb,NDI,404,1,A,2385,C9,5.627,1.34,18.852,2.415
Mpro,7geb,NDI,404,1,A,2388,C12,11.493,-0.671,24.024,4.831
Mpro,7gec,NEL,404,1,A,2385,C4,11.257,-0.85,22.278,2.415
Mpro,7gec,NEL,404,1,A,2386,C5,9.825,-1.275,22.046,14.492
Mpro,7gec,NEL,404,1,A,2387,C6,9.049,-0.298,21.186,2.415
Mpro,7gec,NEL,404,1,A,2389,C8,5.719,0.99,21.438,19.322
Mpro,7gec,NEL,404,1,A,2390,C10,4.737,1.945,19.457,7.246
Mpro,7gec,NEL,404,1,A,2392,O,9.604,0.569,20.51,2.143
Mpro,7gec,NEL,404,1,A,2399,N,7.708,-0.433,21.29,2.187
Mpro,7gec,NEL,404,1,A,2403,C9,4.745,1.769,20.832,26.568
Mpro,7ged,NGX,404,1,A,2369,C4,13.083,0.681,23.197,2.415
Mpro,7ged,NGX,404,1,A,2373,C8,7.858,-0.551,20.573,2.415
Mpro,7ged,NGX,404,1,A,2376,C3,11.739,0.339,23.162,4.831
Mpro,7ged,NGX,404,1,A,2377,C2,11.291,-0.693,22.35,1.208
Mpro,7ged,NGX,404,1,A,2378,C1,9.817,-0.906,22.104,18.114
Mpro,7ged,NGX,404,1,A,2380,O,9.742,0.992,20.6,6.429
Mpro,7ged,NGX,404,1,A,2382,N2,6.328,0.802,19.222,5.468
Mpro,7gef,NJE,403,1,A,2369,N1,8.215,-0.54,20.856,1.094
Mpro,7gef,NJE,403,1,A,2372,C6,9.512,-0.28,21.129,2.415
Mpro,7gef,NJE,403,1,A,2373,C7,10.037,-0.925,22.398,15.699
Mpro,7gef,NJE,403,1,A,2379,C2,5.645,1.221,18.869,2.415
Mpro,7gef,NJE,403,1,A,2381,C,5.723,0.905,21.366,25.36
Mpro,7gef,NJE,403,1,A,2383,C12,11.91,-0.844,23.935,1.208
Mpro,7gef,NJE,403,1,A,2384,C11,13.392,-0.555,24.088,1.208
Mpro,7gee,NIJ,404,1,A,2376,C6,9.729,-0.246,20.941,1.208
Mpro,7gee,NIJ,404,1,A,2377,C7,10.524,-1.232,21.773,10.869
Mpro,7gee,NIJ,404,1,A,2381,F,12.642,-4.326,25.434,6.21
Mpro,7gee,NIJ,404,1,A,2384,C14,12.243,-2.555,23.917,4.831
Mpro,7gee,NIJ,404,1,A,2386,O,10.194,0.846,20.611,2.143
Mpro,7gee,NIJ,404,1,A,2388,C,6.079,0.793,21.418,32.606
Mpro,7gee,NIJ,404,1,A,2391,C2,5.764,1.273,18.971,3.623
Mpro,7geg,NJU,404,1,A,2374,C4,11.094,-0.891,22.498,1.208
Mpro,7geg,NJU,404,1,A,2375,C5,9.628,-1.154,22.236,18.114
Mpro,7geg,NJU,404,1,A,2380,C13,4.816,1.861,21.682,27.775
Mpro,7geg,NJU,404,1,A,2382,O,9.594,0.718,20.732,4.286
Mpro,7geg,NJU,404,1,A,2383,C3,11.496,-0.007,23.49,7.246
Mpro,7geg,NJU,404,1,A,2384,C2,12.827,0.356,23.62,3.623
Mpro,7geg,NJU,404,1,A,2389,N,8.025,-0.892,20.443,1.094
Mpro,7geg,NJU,404,1,A,2390,C14,5.746,0.697,21.356,8.453
Mpro,7geg,NJU,404,1,A,2391,C12,3.773,2.069,20.601,20.53
Mpro,7geg,NJU,404,1,A,2392,C11,4.44,2.382,19.281,3.623
Mpro,7gej,NO0,404,1,A,2369,C4,12.569,-0.063,23.916,3.623
Mpro,7gej,NO0,404,1,A,2370,C5,13.565,-0.244,22.995,2.415
Mpro,7gej,NO0,404,1,A,2376,C15,4.078,2.109,20.574,21.737
Mpro,7gej,NO0,404,1,A,2377,C17,5.837,0.602,21.167,7.246
Mpro,7gej,NO0,404,1,A,2378,O,9.691,0.505,20.886,5.357
Mpro,7gej,NO0,404,1,A,2382,C16,4.786,1.396,21.528,20.53
Mpro,7gej,NO0,404,1,A,2383,C14,4.415,2.031,19.256,3.623
Mpro,7gej,NO0,404,1,A,2386,C1,9.573,-1.517,22.158,13.284
Mpro,7gej,NO0,404,1,A,2387,C2,11.02,-1.266,22.494,1.208
Mpro,7gej,NO0,404,1,A,2389,C3,11.296,-0.575,23.682,14.492
Mpro,7gei,NM0,404,1,A,2369,C4,11.243,-0.652,22.687,1.208
Mpro,7gei,NM0,404,1,A,2370,C5,9.758,-0.891,22.544,20.53
Mpro,7gei,NM0,404,1,A,2371,C6,9.21,-0.178,21.323,1.208
Mpro,7gei,NM0,404,1,A,2375,C13,5.966,1.005,20.634,8.453
Mpro,7gei,NM0,404,1,A,2376,O,9.57,0.952,21.006,4.286
Mpro,7gei,NM0,404,1,A,2377,C3,11.725,0.337,23.534,8.453
Mpro,7gei,NM0,404,1,A,2378,C2,13.061,0.706,23.507,4.831
Mpro,7gei,NM0,404,1,A,2386,C12,4.951,1.874,20.434,21.737
Mpro,7gei,NM0,404,1,A,2387,C11,4.591,2.254,19.116,8.453
Mpro,7geh,NKU,404,1,A,2384,C8,9.747,0.002,21.253,1.208
Mpro,7geh,NKU,404,1,A,2386,C13,5.026,1.698,20.413,22.945
Mpro,7geh,NKU,404,1,A,2388,O,9.949,1.12,20.797,4.286
Mpro,7geh,NKU,404,1,A,2389,C9,8.786,-0.957,20.557,2.415
Mpro,7geh,NKU,404,1,A,2390,C14,6.105,0.869,20.693,12.076
Mpro,7geh,NKU,404,1,A,2391,C12,4.716,2.051,19.1,8.453
Mpro,7geh,NKU,404,1,A,2394,N,10.34,-0.421,22.392,1.094
Mpro,7geh,NKU,404,1,A,2395,C,9.911,-1.577,23.179,15.699
Mpro,7geh,NKU,404,1,A,2396,C1,11.533,0.258,22.885,4.831
Mpro,7gek,NOI,404,1,A,2369,C4,9.038,-0.091,20.965,1.208
Mpro,7gek,NOI,404,1,A,2370,C5,9.486,-0.877,22.182,18.114
Mpro,7gek,NOI,404,1,A,2371,C6,10.967,-0.669,22.407,2.415
Mpro,7gek,NOI,404,1,A,2372,C7,11.419,0.284,23.308,4.831
Mpro,7gek,NOI,404,1,A,2378,O,9.616,0.931,20.601,2.143
Mpro,7gek,NOI,404,1,A,2382,C,5.797,1.643,20.189,22.945
Mpro,7gel,NQ3,404,1,A,2377,C6,8.241,-1.779,21.446,1.208
Mpro,7gel,NQ3,404,1,A,2378,C7,9.539,-2.006,22.194,18.114
Mpro,7gel,NQ3,404,1,A,2379,C8,9.724,0.004,20.949,1.208
Mpro,7gel,NQ3,404,1,A,2388,O,10.161,1.047,20.51,2.143
Mpro,7gel,NQ3,404,1,A,2390,C,5.973,0.854,21.496,32.606
Mpro,7gel,NQ3,404,1,A,2393,C2,5.691,1.27,19.029,4.831
Mpro,7gem,NQO,404,1,A,2370,C5,9.293,-0.191,21.086,1.208
Mpro,7gem,NQO,404,1,A,2371,C6,9.792,-1.039,22.24,19.322
Mpro,7gem,NQO,404,1,A,2373,C8,11.725,-0.022,23.506,6.038
Mpro,7gem,NQO,404,1,A,2377,C9,13.077,0.247,23.652,2.415
Mpro,7gem,NQO,404,1,A,2379,O,9.881,0.826,20.705,3.214
Mpro,7gem,NQO,404,1,A,2380,N2,8.124,-0.611,20.566,2.187
Mpro,7gem,NQO,404,1,A,2382,C,5.674,0.856,21.25,19.322
Mpro,7gem,NQO,404,1,A,2385,C2,5.62,1.392,18.79,2.415
Mpro,7gen,NRC,404,1,A,2378,C7,5.633,1.43,18.839,2.415
Mpro,7gen,NRC,404,1,A,2385,C12,13.203,0.986,22.933,3.623
Mpro,7gen,NRC,404,1,A,2386,C11,11.856,0.657,22.988,2.415
Mpro,7gen,NRC,404,1,A,2387,C2,9.889,-0.804,22.332,1.208
Mpro,7gen,NRC,404,1,A,2389,O1,8.532,0.613,23.747,17.143
Mpro,7gen,NRC,404,1,A,2390,O,9.523,-1.202,24.623,9.643
Mpro,7gen,NRC,404,1,A,2391,C,9.166,-0.781,25.961,24.153
Mpro,7gen,NRC,404,1,A,2393,O2,9.77,0.986,20.693,2.143
Mpro,7gen,NRC,404,1,A,2394,N,8.148,-0.593,20.636,1.094
Mpro,7gen,NRC,404,1,A,2395,C9,5.784,0.963,21.31,22.945
Mpro,7ger,NU0,404,1,A,2370,C5,9.641,-1.125,22.206,15.699
Mpro,7ger,NU0,404,1,A,2375,C13,5.806,0.61,21.342,9.661
Mpro,7ger,NU0,404,1,A,2377,O,9.376,1.018,21.163,3.214
Mpro,7ger,NU0,404,1,A,2378,C3,11.531,0.039,23.412,4.831
Mpro,7ger,NU0,404,1,A,2385,N2,4.714,1.228,21.789,15.31
Mpro,7ger,NU0,404,1,A,2386,C12,3.952,1.869,20.896,20.53
Mpro,7ger,NU0,404,1,A,2387,C11,4.235,1.935,19.572,3.623
Mpro,7geo,NRX,404,1,A,2369,C4,10.208,-1.015,22.328,1.208
Mpro,7geo,NRX,404,1,A,2370,C5,8.947,-1.467,21.634,7.246
Mpro,7geo,NRX,404,1,A,2374,C10,3.215,2.291,20.411,20.53
Mpro,7geo,NRX,404,1,A,2376,O,8.734,0.764,20.745,3.214
Mpro,7geo,NRX,404,1,A,2377,C3,10.165,-0.217,23.463,20.53
Mpro,7geo,NRX,404,1,A,2378,C2,11.333,0.271,24.031,7.246
Mpro,7geo,NRX,404,1,A,2379,C1,12.563,-0.047,23.475,1.208
Mpro,7geo,NRX,404,1,A,2383,N,7.263,-0.813,20.018,1.094
Mpro,7geo,NRX,404,1,A,2385,C12,4.953,0.831,21.241,8.453
Mpro,7geo,NRX,404,1,A,2386,C11,3.841,1.589,21.468,24.153
Mpro,7geo,NRX,404,1,A,2387,C9,3.71,2.223,19.157,2.415
Mpro,7geq,NSR,404,1,A,2369,C4,9.576,0.649,23.999,18.114
Mpro,7geq,NSR,404,1,A,2370,C5,9.034,-0.661,23.486,19.322
Mpro,7geq,NSR,404,1,A,2371,C6,9.793,-1.081,22.217,3.623
Mpro,7geq,NSR,404,1,A,2375,C13,3.994,1.91,20.877,22.945
Mpro,7geq,NSR,404,1,A,2376,C15,5.859,0.491,21.363,6.038
Mpro,7geq,NSR,404,1,A,2377,C17,11.284,-0.84,22.34,1.208
Mpro,7geq,NSR,404,1,A,2378,O1,9.75,0.823,20.727,2.143
Mpro,7geq,NSR,404,1,A,2379,O,10.986,0.563,24.306,1.071
Mpro,7geq,NSR,404,1,A,2381,C2,13.134,0.299,23.427,1.208
Mpro,7geq,NSR,404,1,A,2386,N,8.275,-0.85,20.348,1.094
Mpro,7geq,NSR,404,1,A,2388,C14,4.767,1.198,21.782,22.945
Mpro,7geq,NSR,404,1,A,2389,C12,4.313,1.923,19.55,3.623
Mpro,7ges,NUR,404,1,A,2369,C4,11.722,0.152,23.156,1.208
Mpro,7ges,NUR,404,1,A,2375,C13,4.439,2.108,19.11,2.415
Mpro,7ges,NUR,404,1,A,2376,C15,4.688,1.595,21.435,24.153
Mpro,7ges,NUR,404,1,A,2379,C3,11.324,-0.853,22.287,1.208
Mpro,7ges,NUR,404,1,A,2380,C2,9.87,-1.233,22.156,16.907
Mpro,7ges,NUR,404,1,A,2382,O,9.738,0.587,20.627,3.214
Mpro,7ges,NUR,404,1,A,2384,C,7.431,-2.111,21.047,12.076
Mpro,7ges,NUR,404,1,A,2386,C16,5.778,0.816,21.177,9.661
Mpro,7ges,NUR,404,1,A,2387,C14,4.018,2.239,20.401,19.322
Mpro,7get,NV9,404,1,A,2369,C4,10.678,-0.396,22.56,2.415
Mpro,7get,NV9,404,1,A,2370,C5,9.195,-0.58,22.331,18.114
Mpro,7get,NV9,404,1,A,2374,C10,5.237,1.752,18.751,3.623
Mpro,7get,NV9,404,1,A,2376,C15,4.398,1.991,23.676,35.021
Mpro,7get,NV9,404,1,A,2377,C17,5.248,2.727,21.556,8.453
Mpro,7get,NV9,404,1,A,2378,O,9.006,1.513,21.17,4.286
Mpro,7get,NV9,404,1,A,2379,C3,11.15,0.57,23.44,3.623
Mpro,7get,NV9,404,1,A,2380,C2,12.507,0.831,23.549,2.415
Mpro,7get,NV9,404,1,A,2385,N,7.911,-0.278,20.311,1.094
Mpro,7get,NV9,404,1,A,2389,C16,4.693,3.013,22.794,33.814
Mpro,7get,NV9,404,1,A,2390,C14,4.664,0.681,23.324,10.869
Mpro,7gev,NW0,404,1,A,2371,C6,8.978,-0.117,21.432,1.208
Mpro,7gev,NW0,404,1,A,2372,C7,9.685,-0.981,22.454,10.869
Mpro,7gev,NW0,404,1,A,2373,C8,10.79,-0.22,23.227,1.208
Mpro,7gev,NW0,404,1,A,2376,CL,11.371,-3.73,27.02,11.222
Mpro,7gev,NW0,404,1,A,2379,C14,11.184,-1.968,24.992,7.246
Mpro,7gev,NW0,404,1,A,2381,O,9.464,0.939,21.035,3.214
Mpro,7gev,NW0,404,1,A,2383,C,5.338,0.826,21.718,21.737
Mpro,7gev,NW0,404,1,A,2386,C2,5.1,1.24,19.246,3.623
Mpro,7geu,NVO,404,1,A,2369,C4,10.382,-0.778,22.741,2.415
Mpro,7geu,NVO,404,1,A,2370,C5,8.939,-1.106,22.429,16.907
Mpro,7geu,NVO,404,1,A,2371,C6,8.424,-0.234,21.299,1.208
Mpro,7geu,NVO,404,1,A,2374,C10,3.711,2.043,19.415,3.623
Mpro,7geu,NVO,404,1,A,2375,C13,5.009,0.585,21.394,9.661
Mpro,7geu,NVO,404,1,A,2377,O,8.881,0.883,21.08,4.286
Mpro,7geu,NVO,404,1,A,2378,C3,10.714,0.247,23.619,7.246
Mpro,7geu,NVO,404,1,A,2379,C2,12.036,0.627,23.801,3.623
Mpro,7geu,NVO,404,1,A,2383,N,7.521,-0.798,20.5,1.094
Mpro,7geu,NVO,404,1,A,2387,C12,3.876,1.302,21.677,20.53
Mpro,7geu,NVO,404,1,A,2388,C11,3.23,2.025,20.689,24.153
Mpro,7gey,NYR,404,1,A,2369,C4,7.36,-0.185,20.647,3.623
Mpro,7gey,NYR,404,1,A,2370,C5,8.717,0.411,20.935,4.831
Mpro,7gey,NYR,404,1,A,2371,C6,10.907,-0.09,21.886,1.208
Mpro,7gey,NYR,404,1,A,2372,C7,11.206,1.118,22.51,12.076
Mpro,7gey,NYR,404,1,A,2373,C8,12.517,1.416,22.842,3.623
Mpro,7gey,NYR,404,1,A,2377,C11,11.915,-1.003,21.612,1.208
Mpro,7gey,NYR,404,1,A,2378,N2,9.596,-0.424,21.507,5.468
Mpro,7gey,NYR,404,1,A,2379,O,8.973,1.578,20.647,5.357
Mpro,7gey,NYR,404,1,A,2382,C,5.233,2.074,19.757,26.568
Mpro,7gex,NX9,404,1,A,2370,C5,9.161,-0.783,22.435,21.737
Mpro,7gex,NX9,404,1,A,2371,C6,8.687,0.056,21.266,2.415
Mpro,7gex,NX9,404,1,A,2375,O,9.391,0.924,20.759,1.071
Mpro,7gex,NX9,404,1,A,2376,C3,11.078,0.427,23.544,12.076
Mpro,7gex,NX9,404,1,A,2377,C2,12.422,0.762,23.617,3.623
Mpro,7gex,NX9,404,1,A,2381,N,7.38,-0.118,20.917,1.094
Mpro,7gew,NWI,404,1,A,2369,C4,11.28,-0.885,22.395,2.415
Mpro,7gew,NWI,404,1,A,2370,C5,9.796,-1.119,22.216,20.53
Mpro,7gew,NWI,404,1,A,2371,C6,9.246,-0.246,21.105,1.208
Mpro,7gew,NWI,404,1,A,2375,C13,4.879,1.382,21.488,21.737
Mpro,7gew,NWI,404,1,A,2377,O,9.828,0.773,20.743,5.357
Mpro,7gew,NWI,404,1,A,2378,C3,11.75,0.024,23.334,4.831
Mpro,7gew,NWI,404,1,A,2379,C2,13.1,0.334,23.407,2.415
Mpro,7gew,NWI,404,1,A,2385,N2,5.955,0.672,21.172,6.562
Mpro,7gew,NWI,404,1,A,2386,C12,4.095,2.071,20.57,20.53
Mpro,7gew,NWI,404,1,A,2387,C11,4.456,2.06,19.256,2.415
Mpro,7gf1,O0R,404,1,A,2369,C4,11.139,-0.85,22.484,2.415
Mpro,7gf1,O0R,404,1,A,2370,C5,9.655,-1.068,22.31,15.699
Mpro,7gf1,O0R,404,1,A,2374,C10,5.484,1.221,18.934,1.208
Mpro,7gf1,O0R,404,1,A,2375,C13,6.111,1.909,22.134,30.191
Mpro,7gf1,O0R,404,1,A,2377,O,9.65,0.771,20.775,1.071
Mpro,7gf1,O0R,404,1,A,2378,C3,11.621,0.046,23.428,2.415
Mpro,7gf1,O0R,404,1,A,2379,C2,12.974,0.328,23.511,2.415
Mpro,7gf1,O0R,404,1,A,2385,C12,5.8,0.648,21.368,1.208
Mpro,7gf1,O0R,404,1,A,2386,C14,4.702,1.593,21.785,26.568
Mpro,7gez,NZK,404,1,A,2368,N1,9.18,-1.783,23.176,1.094
Mpro,7gez,NZK,404,1,A,2375,C10,3.805,1.727,19.758,2.415
Mpro,7gez,NZK,404,1,A,2376,C13,5.395,0.565,21.716,6.038
Mpro,7gez,NZK,404,1,A,2378,O1,9.402,1.099,21.113,5.357
Mpro,7gez,NZK,404,1,A,2381,C12,4.234,1.198,22.048,24.153
Mpro,7gez,NZK,404,1,A,2382,C11,3.441,1.779,21.072,21.737
Mpro,7gez,NZK,404,1,A,2384,C3,8.528,-0.984,24.215,13.284
Mpro,7gez,NZK,404,1,A,2385,C2,7.616,-1.866,25.053,9.661
Mpro,7gez,NZK,404,1,A,2386,C16,9.188,-3.737,24.654,6.038
Mpro,7gez,NZK,404,1,A,2388,C1,8.219,-3.329,26.935,6.038
Mpro,7gez,NZK,404,1,A,2389,O,7.492,-2.674,27.669,16.072
Mpro,7gez,NZK,404,1,A,2390,C,8.936,-4.543,27.445,3.623
Mpro,7gf3,O1I,404,1,A,2373,C8,9.0,-1.034,23.61,20.53
Mpro,7gf3,O1I,404,1,A,2374,C10,11.768,0.011,23.429,1.208
Mpro,7gf3,O1I,404,1,A,2381,O1,7.629,-1.34,23.38,13.929
Mpro,7gf3,O1I,404,1,A,2382,O,9.55,1.095,21.239,3.214
Mpro,7gf3,O1I,404,1,A,2384,C,6.032,0.836,21.403,22.945
Mpro,7gf3,O1I,404,1,A,2387,C2,5.622,1.367,18.982,3.623
Mpro,7gf0,O0C,404,1,A,2369,C4,11.048,-0.739,22.504,2.415
Mpro,7gf0,O0C,404,1,A,2370,C5,9.569,-0.981,22.313,20.53
Mpro,7gf0,O0C,404,1,A,2371,C6,9.007,-0.173,21.158,1.208
Mpro,7gf0,O0C,404,1,A,2375,C13,5.436,0.693,21.293,10.869
Mpro,7gf0,O0C,404,1,A,2377,O,9.515,0.885,20.801,5.357
Mpro,7gf0,O0C,404,1,A,2378,C3,11.509,0.155,23.462,4.831
Mpro,7gf0,O0C,404,1,A,2379,C2,12.857,0.469,23.549,2.415
Mpro,7gf0,O0C,404,1,A,2385,C12,4.288,1.39,21.54,22.945
Mpro,7gf0,O0C,404,1,A,2386,N2,3.579,2.034,20.599,16.404
Mpro,7gf0,O0C,404,1,A,2387,C11,4.03,1.995,19.35,3.623
Mpro,7gf2,O0X,404,1,A,2375,C4,11.19,-0.895,22.337,2.415
Mpro,7gf2,O0X,404,1,A,2376,C5,9.722,-1.179,22.109,16.907
Mpro,7gf2,O0X,404,1,A,2377,C6,9.176,-0.318,20.987,1.208
Mpro,7gf2,O0X,404,1,A,2381,C13,5.678,0.757,21.102,8.453
Mpro,7gf2,O0X,404,1,A,2383,O,9.723,0.73,20.649,2.143
Mpro,7gf2,O0X,404,1,A,2384,C3,11.601,0.053,23.264,1.208
Mpro,7gf2,O0X,404,1,A,2391,C12,4.577,1.521,21.356,22.945
Mpro,7gf2,O0X,404,1,A,2392,C11,3.94,2.155,20.293,18.114
Mpro,7gf2,O0X,404,1,A,2393,N2,4.333,2.078,19.03,1.094
Mpro,7gf6,O3I,404,1,A,2371,C6,12.471,4.959,24.467,1.208
Mpro,7gf6,O3I,404,1,A,2377,C17,5.439,1.433,18.767,7.246
Mpro,7gf6,O3I,404,1,A,2378,C20,11.449,1.018,22.687,2.415
Mpro,7gf6,O3I,404,1,A,2379,O,9.607,0.953,20.499,1.071
Mpro,7gf6,O3I,404,1,A,2383,C19,5.622,0.974,21.238,32.606
Mpro,7gf6,O3I,404,1,A,2385,C12,9.807,-0.812,22.1,19.322
Mpro,7gf6,O3I,404,1,A,2391,F,11.106,3.075,24.651,17.596
Mpro,7gf6,O3I,404,1,A,2392,F1,11.643,5.603,25.312,21.737
Mpro,7gf6,O3I,404,1,A,2394,C,14.031,6.956,24.53,12.076
Mpro,7gf4,O1X,404,1,A,2372,C7,5.262,1.016,19.499,3.623
Mpro,7gf4,O1X,404,1,A,2374,O1,9.784,0.942,21.175,7.5
Mpro,7gf4,O1X,404,1,A,2377,O,11.57,-0.689,22.359,4.286
Mpro,7gf4,O1X,404,1,A,2381,C,9.681,-1.411,23.571,31.398
Mpro,7gf4,O1X,404,1,A,2382,N,8.225,-0.707,20.882,2.187
Mpro,7gf4,O1X,404,1,A,2383,C9,5.901,0.735,21.917,27.775
Mpro,7gf5,O2R,404,1,A,2370,C5,12.492,0.334,23.639,4.831
Mpro,7gf5,O2R,404,1,A,2374,C10,9.644,-1.476,21.874,6.038
Mpro,7gf5,O2R,404,1,A,2376,C15,5.484,1.465,18.698,3.623
Mpro,7gf5,O2R,404,1,A,2377,C17,5.599,0.923,21.157,18.114
Mpro,7gf5,O2R,404,1,A,2378,O1,9.7,0.534,20.552,1.071
Mpro,7gf5,O2R,404,1,A,2384,C9,11.034,-1.06,22.296,1.208
Mpro,7gf5,O2R,404,1,A,2386,O,10.067,0.462,23.776,6.429
Mpro,7gf5,O2R,404,1,A,2387,C3,9.792,0.387,25.186,2.415
Mpro,7gf5,O2R,404,1,A,2388,C2,8.308,0.588,25.377,24.153
Mpro,7gf5,O2R,404,1,A,2389,C1,7.462,-0.537,24.779,7.246
Mpro,7gf5,O2R,404,1,A,2390,C,5.975,-0.361,24.993,35.021
Mpro,7gf8,O4L,404,1,A,2382,C5,7.684,-2.852,18.63,9.661
Mpro,7gf8,O4L,404,1,A,2384,C7,6.68,-6.016,22.02,2.415
Mpro,7gf8,O4L,404,1,A,2387,C13,4.178,-5.786,29.582,25.36
Mpro,7gf8,O4L,404,1,A,2388,C15,4.817,-4.944,27.424,12.076
Mpro,7gf8,O4L,404,1,A,2389,O2,8.104,-7.354,29.939,3.214
Mpro,7gf8,O4L,404,1,A,2393,C14,3.865,-5.111,28.418,32.606
Mpro,7gf8,O4L,404,1,A,2394,C12,5.448,-6.31,29.769,9.661
Mpro,7gf8,O4L,404,1,A,2395,C9,7.147,-5.339,26.564,1.208
Mpro,7gf8,O4L,404,1,A,2396,O1,6.139,-3.792,25.03,8.572
Mpro,7gf8,O4L,404,1,A,2399,C,9.32,-2.182,23.913,33.814
Mpro,7gf8,O4L,404,1,A,2401,C2,8.339,-2.698,21.569,13.284
Mpro,7gf7,O3U,404,1,A,2368,N1,8.391,-3.862,21.837,3.281
Mpro,7gf7,O3U,404,1,A,2371,C5,4.508,-4.301,23.765,7.246
Mpro,7gf7,O3U,404,1,A,2372,C6,3.111,-4.628,24.281,21.737
Mpro,7gf7,O3U,404,1,A,2373,C7,2.496,-5.761,23.492,20.53
Mpro,7gf7,O3U,404,1,A,2374,C8,3.356,-7.003,23.597,16.907
Mpro,7gf7,O3U,404,1,A,2376,C13,9.049,-2.53,19.915,9.661
Mpro,7gf7,O3U,404,1,A,2378,C11,7.613,-4.523,22.772,2.415
Mpro,7gf7,O3U,404,1,A,2379,C12,7.965,-3.039,20.838,3.623
Mpro,7gf7,O3U,404,1,A,2380,O,6.823,-2.586,20.793,9.643
Mpro,7gf7,O3U,404,1,A,2381,N2,8.192,-4.68,23.993,5.468
Mpro,7gf7,O3U,404,1,A,2382,C1,7.574,-5.264,25.063,2.415
Mpro,7gf7,O3U,404,1,A,2383,S,8.474,-5.336,26.567,1.287
Mpro,7gf7,O3U,404,1,A,2387,N,5.259,-7.147,26.82,21.872
Mpro,7gf9,O5C,404,1,A,2368,C4,7.505,-2.605,18.792,4.831
Mpro,7gf9,O5C,404,1,A,2371,C7,5.964,-6.07,23.51,9.661
Mpro,7gf9,O5C,404,1,A,2372,C8,6.539,-5.571,24.704,15.699
Mpro,7gf9,O5C,404,1,A,2373,C10,8.283,-2.656,23.219,1.208
Mpro,7gf9,O5C,404,1,A,2376,C17,10.658,-0.07,24.517,6.038
Mpro,7gf9,O5C,404,1,A,2379,C16,11.827,0.573,24.153,6.038
Mpro,7gf9,O5C,404,1,A,2381,C11,9.022,-1.942,24.303,3.623
Mpro,7gf9,O5C,404,1,A,2382,O1,8.509,-1.804,25.415,18.215
Mpro,7gf9,O5C,404,1,A,2384,C,8.644,-1.116,21.13,15.699
Mpro,7gf9,O5C,404,1,A,2386,C9,7.339,-4.484,24.672,8.453
Mpro,7gfa,Z26,404,1,A,2372,C14,5.695,0.579,21.097,10.869
Mpro,7gfa,Z26,404,1,A,2373,C15,4.611,1.299,21.509,22.945
Mpro,7gfa,Z26,404,1,A,2374,C16,3.859,2.026,20.602,22.945
Mpro,7gfa,Z26,404,1,A,2375,C17,4.198,2.054,19.283,3.623
Mpro,7gfa,Z26,404,1,A,2376,C19,12.494,0.227,23.557,3.623
Mpro,7gfa,Z26,404,1,A,2377,C2,9.572,-1.516,21.85,9.661
Mpro,7gfa,Z26,404,1,A,2379,C22,10.228,1.114,25.0,28.983
Mpro,7gfa,Z26,404,1,A,2387,N6,7.985,-0.887,20.154,1.094
Mpro,7gfa,Z26,404,1,A,2388,O18,9.727,0.521,20.575,2.143
Mpro,7gfa,Z26,404,1,A,2389,O21,10.099,0.089,24.014,8.572
Mpro,7gfb,NSR,404,1,A,2369,C4,9.734,0.509,24.181,22.945
Mpro,7gfb,NSR,404,1,A,2370,C5,9.144,-0.752,23.605,20.53
Mpro,7gfb,NSR,404,1,A,2371,C6,9.879,-1.14,22.305,2.415
Mpro,7gfb,NSR,404,1,A,2375,C13,4.082,2.085,20.486,20.53
Mpro,7gfb,NSR,404,1,A,2376,C15,5.834,0.645,21.218,6.038
Mpro,7gfb,NSR,404,1,A,2378,O1,9.885,0.701,20.731,1.071
Mpro,7gfb,NSR,404,1,A,2379,O,11.145,0.368,24.449,1.071
Mpro,7gfb,NSR,404,1,A,2381,C2,13.231,0.293,23.389,2.415
Mpro,7gfb,NSR,404,1,A,2386,N,8.218,-0.819,20.58,1.094
Mpro,7gfb,NSR,404,1,A,2388,C14,4.753,1.428,21.497,21.737
Mpro,7gfb,NSR,404,1,A,2389,C12,4.48,1.957,19.187,2.415
Mpro,7gfc,O87,404,1,A,2369,C4,10.532,-3.363,24.709,9.661
Mpro,7gfc,O87,404,1,A,2371,C6,11.687,-1.837,23.239,2.415
Mpro,7gfc,O87,404,1,A,2372,C7,8.351,-3.284,22.717,8.453
Mpro,7gfc,O87,404,1,A,2373,C8,6.936,-2.74,22.571,15.699
Mpro,7gfc,O87,404,1,A,2374,C10,9.265,-1.143,21.949,4.831
Mpro,7gfc,O87,404,1,A,2376,C15,4.662,1.687,19.325,1.208
Mpro,7gfc,O87,404,1,A,2377,C17,3.014,2.524,20.861,31.398
Mpro,7gfc,O87,404,1,A,2378,C20,4.92,0.608,20.192,1.208
Mpro,7gfc,O87,404,1,A,2382,C19,4.242,0.538,21.409,3.623
Mpro,7gfc,O87,404,1,A,2383,C18,3.287,1.489,21.729,21.737
Mpro,7gfc,O87,404,1,A,2384,C16,3.702,2.639,19.664,7.246
Mpro,7gfc,O87,404,1,A,2388,C9,7.865,-0.575,21.854,18.114
Mpro,7gfc,O87,404,1,A,2389,N,9.3,-2.192,22.975,1.094
Mpro,7gfc,O87,404,1,A,2390,C3,11.725,-3.622,25.368,3.623
Mpro,7gfc,O87,404,1,A,2395,F1,14.605,-0.581,24.246,1.035
Mpro,7gfe,O9O,404,1,A,2370,C5,13.414,3.58,23.111,1.208
Mpro,7gfe,O9O,404,1,A,2374,C10,11.531,-0.507,22.122,1.208
Mpro,7gfe,O9O,404,1,A,2377,C17,4.527,2.116,19.296,2.415
Mpro,7gfe,O9O,404,1,A,2378,C20,5.928,0.713,21.238,6.038
Mpro,7gfe,O9O,404,1,A,2380,C22,11.603,0.794,22.609,12.076
Mpro,7gfe,O9O,404,1,A,2381,O2,9.473,0.934,20.682,3.214
Mpro,7gfe,O9O,404,1,A,2382,C11,9.385,-0.271,20.909,2.415
Mpro,7gfe,O9O,404,1,A,2383,C12,8.177,-1.08,20.48,2.415
Mpro,7gfe,O9O,404,1,A,2384,C19,4.909,1.551,21.585,24.153
Mpro,7gfe,O9O,404,1,A,2385,C18,4.208,2.247,20.616,26.568
Mpro,7gfe,O9O,404,1,A,2388,N,10.331,-0.987,21.551,7.655
Mpro,7gfe,O9O,404,1,A,2391,O1,12.794,2.527,23.717,2.143
Mpro,7gfe,O9O,404,1,A,2394,N2,13.481,4.725,23.782,4.374
Mpro,7gfe,O9O,404,1,A,2397,C,13.636,7.082,25.099,30.191
Mpro,7gfd,O8L,404,1,A,2371,C6,5.175,1.711,19.092,7.246
Mpro,7gfd,O8L,404,1,A,2373,C8,5.71,1.34,21.511,30.191
Mpro,7gfd,O8L,404,1,A,2377,C17,11.624,1.68,22.768,1.208
Mpro,7gfd,O8L,404,1,A,2380,N2,13.232,5.574,22.741,6.562
Mpro,7gfd,O8L,404,1,A,2381,C14,12.842,4.262,22.222,2.415
Mpro,7gfd,O8L,404,1,A,2387,C1,9.582,0.221,22.504,6.038
Mpro,7gfd,O8L,404,1,A,2388,C,9.119,-1.183,22.928,33.814
Mpro,7gfd,O8L,404,1,A,2390,O,8.773,2.276,21.535,11.786
Mpro,7gfd,O8L,404,1,A,2392,C3,7.184,0.505,19.594,1.208
Mpro,7gff,O9X,404,1,A,2372,C7,5.146,1.116,19.294,1.208
Mpro,7gff,O9X,404,1,A,2375,C3,9.192,0.071,21.516,1.208
Mpro,7gff,O9X,404,1,A,2376,C1,9.845,-0.693,22.663,7.246
Mpro,7gff,O9X,404,1,A,2378,C2,10.642,0.842,24.258,10.869
Mpro,7gff,O9X,404,1,A,2379,F1,10.95,0.112,25.336,4.14
Mpro,7gff,O9X,404,1,A,2380,F,11.462,1.905,24.103,6.21
Mpro,7gff,O9X,404,1,A,2381,C,10.43,-2.014,22.215,7.246
Mpro,7gff,O9X,404,1,A,2383,C9,5.447,0.953,21.789,22.945
Mpro,7gfg,OAO,404,1,A,2369,N3,8.724,0.857,27.068,18.591
Mpro,7gfg,OAO,404,1,A,2370,C4,11.707,0.175,24.097,2.415
Mpro,7gfg,OAO,404,1,A,2374,C8,10.478,-1.05,22.439,1.208
Mpro,7gfg,OAO,404,1,A,2378,C17,10.497,-0.198,23.535,4.831
Mpro,7gfg,OAO,404,1,A,2379,O2,9.192,0.652,20.732,3.214
Mpro,7gfg,OAO,404,1,A,2381,C16,5.215,0.816,21.182,32.606
Mpro,7gfg,OAO,404,1,A,2382,C14,5.044,1.542,18.779,7.246
Mpro,7gfg,OAO,404,1,A,2385,C9,9.166,-1.482,21.837,10.869
Mpro,7gfg,OAO,404,1,A,2387,O1,11.83,1.013,25.177,2.143
Mpro,7gfg,OAO,404,1,A,2388,C3,10.656,1.624,25.726,20.53
Mpro,7gfg,OAO,404,1,A,2390,O,10.491,-0.451,27.037,1.071
Mpro,7gfg,OAO,404,1,A,2391,N,9.533,-1.083,27.876,7.655
Mpro,7gfg,OAO,404,1,A,2392,C1,8.528,-0.257,27.847,4.831
Mpro,7gfg,OAO,404,1,A,2393,C,7.251,-0.471,28.577,49.513
Mpro,7gfh,OBO,404,1,A,2369,N3,5.595,0.979,20.919,12.029
Mpro,7gfh,OBO,404,1,A,2370,C4,11.102,-0.869,22.427,2.415
Mpro,7gfh,OBO,404,1,A,2371,C5,9.629,-1.13,22.205,20.53
Mpro,7gfh,OBO,404,1,A,2372,C6,9.101,-0.279,21.064,1.208
Mpro,7gfh,OBO,404,1,A,2377,O,9.652,0.77,20.732,3.214
Mpro,7gfh,OBO,404,1,A,2378,C3,11.531,0.055,23.372,1.208
Mpro,7gfh,OBO,404,1,A,2385,C11,4.587,1.834,20.641,24.153
Mpro,7gfh,OBO,404,1,A,2386,N2,4.476,2.13,19.36,4.374
Mpro,7gfi,OCI,404,1,A,2369,N3,10.13,4.125,22.702,5.468
Mpro,7gfi,OCI,404,1,A,2372,C6,8.583,-0.174,21.364,1.208
Mpro,7gfi,OCI,404,1,A,2373,C7,9.174,-0.829,22.597,21.737
Mpro,7gfi,OCI,404,1,A,2374,C8,10.565,-0.292,22.856,2.415
Mpro,7gfi,OCI,404,1,A,2376,C13,10.748,0.995,23.358,4.831
Mpro,7gfi,OCI,404,1,A,2377,O2,11.743,5.44,23.967,11.786
Mpro,7gfi,OCI,404,1,A,2378,S,11.113,4.162,23.983,1.287
Mpro,7gfi,OCI,404,1,A,2379,O1,10.337,3.785,25.118,16.072
Mpro,7gfi,OCI,404,1,A,2380,N2,12.205,2.96,23.753,1.094
Mpro,7gfi,OCI,404,1,A,2387,C,4.985,0.913,21.426,21.737
Mpro,7gfi,OCI,404,1,A,2390,C2,5.021,1.34,18.945,2.415
Mpro,7gfj,OD7,404,1,A,2373,C7,11.38,0.471,23.176,4.831
Mpro,7gfj,OD7,404,1,A,2377,C15,8.33,-2.283,25.17,7.246
Mpro,7gfj,OD7,404,1,A,2378,C17,9.964,-3.709,24.173,3.623
Mpro,7gfj,OD7,404,1,A,2380,C21,8.335,-5.953,28.034,2.415
Mpro,7gfj,OD7,404,1,A,2381,C22,6.352,-6.008,26.598,19.322
Mpro,7gfj,OD7,404,1,A,2383,O1,10.04,1.041,20.857,4.286
Mpro,7gfj,OD7,404,1,A,2387,C2,4.601,1.874,19.507,4.831
Mpro,7gfj,OD7,404,1,A,2388,C25,6.025,0.622,21.023,3.623
Mpro,7gfj,OD7,404,1,A,2389,C1,4.912,1.42,20.787,2.415
Mpro,7gfj,OD7,404,1,A,2390,O,4.011,1.815,21.742,16.072
Mpro,7gfj,OD7,404,1,A,2391,C,4.224,1.402,23.093,45.89
Mpro,7gfj,OD7,404,1,A,2397,C16,8.912,-3.54,25.065,1.208
Mpro,7gfj,OD7,404,1,A,2398,C14,8.763,-1.226,24.388,7.246
Mpro,7gfj,OD7,404,1,A,2399,C19,8.37,-4.711,25.859,1.208
Mpro,7gfj,OD7,404,1,A,2400,C23,6.84,-4.789,25.835,9.661
Mpro,7gfj,OD7,404,1,A,2401,N5,6.855,-5.989,27.99,13.123
Mpro,7gfk,ODX,404,1,A,2368,N1,7.246,-0.807,20.618,2.187
Mpro,7gfk,ODX,404,1,A,2372,C7,9.105,-1.496,21.983,6.038
Mpro,7gfk,ODX,404,1,A,2374,C10,11.821,0.249,23.938,2.415
Mpro,7gfk,ODX,404,1,A,2375,C13,7.906,-0.01,26.92,4.831
Mpro,7gfk,ODX,404,1,A,2376,C15,6.275,0.221,28.729,31.398
Mpro,7gfk,ODX,404,1,A,2377,C17,6.858,1.05,26.529,10.869
Mpro,7gfk,ODX,404,1,A,2378,CL,13.482,0.709,23.71,3.741
Mpro,7gfk,ODX,404,1,A,2379,C9,11.172,-0.423,22.924,1.208
Mpro,7gfk,ODX,404,1,A,2380,C11,11.205,0.53,25.142,3.623
Mpro,7gfk,ODX,404,1,A,2381,C12,9.896,0.099,25.34,1.208
Mpro,7gfk,ODX,404,1,A,2383,O1,6.506,0.981,25.147,12.858
Mpro,7gfk,ODX,404,1,A,2384,C16,5.671,0.69,27.411,32.606
Mpro,7gfk,ODX,404,1,A,2385,C14,7.73,-0.152,28.439,2.415
Mpro,7gfk,ODX,404,1,A,2386,C18,9.236,-0.589,24.326,6.038
Mpro,7gfk,ODX,404,1,A,2387,O,8.983,0.637,20.877,3.214
Mpro,7gfk,ODX,404,1,A,2389,C,5.021,0.877,21.409,19.322
Mpro,7gfk,ODX,404,1,A,2392,C2,4.853,1.45,18.965,3.623
Mpro,7gfl,OE6,404,1,A,2370,C4,10.886,-0.795,22.826,1.208
Mpro,7gfl,OE6,404,1,A,2371,C5,9.458,-1.186,22.526,19.322
Mpro,7gfl,OE6,404,1,A,2372,C6,8.891,-0.372,21.38,1.208
Mpro,7gfl,OE6,404,1,A,2375,C10,4.261,1.44,20.474,24.153
Mpro,7gfl,OE6,404,1,A,2377,O,9.26,0.778,21.166,6.429
Mpro,7gfl,OE6,404,1,A,2378,C3,11.187,0.084,23.858,13.284
Mpro,7gfl,OE6,404,1,A,2379,C2,12.491,0.487,24.086,7.246
Mpro,7gfl,OE6,404,1,A,2386,C11,5.322,0.588,20.739,9.661
Mpro,7gfl,OE6,404,1,A,2387,C9,4.073,1.972,19.2,8.453
Mpro,7gfm,OEO,404,1,A,2369,C4,8.955,-1.678,24.234,9.661
Mpro,7gfm,OEO,404,1,A,2372,C7,10.118,-4.118,23.605,3.623
Mpro,7gfm,OEO,404,1,A,2373,C8,11.253,0.237,23.009,2.415
Mpro,7gfm,OEO,404,1,A,2374,C10,13.858,0.253,23.146,1.208
Mpro,7gfm,OEO,404,1,A,2375,C13,9.671,-0.198,21.229,1.208
Mpro,7gfm,OEO,404,1,A,2378,C20,4.465,1.972,20.901,24.153
Mpro,7gfm,OEO,404,1,A,2379,C21,5.225,1.283,21.833,22.945
Mpro,7gfm,OEO,404,1,A,2380,C22,6.286,0.518,21.439,3.623
Mpro,7gfm,OEO,404,1,A,2381,O,10.02,0.837,20.677,3.214
Mpro,7gfm,OEO,404,1,A,2384,C19,4.749,1.882,19.568,2.415
Mpro,7gfm,OEO,404,1,A,2392,C3,8.71,-2.784,25.03,4.831
Mpro,7gfm,OEO,404,1,A,2393,C2,9.3,-4.026,24.741,2.415
Mpro,7gfm,OEO,404,1,A,2394,N,9.117,-5.117,25.578,3.281
Mpro,7gfm,OEO,404,1,A,2396,C,8.288,-5.015,26.771,20.53
Mpro,7gfn,OFX,404,1,A,2369,N3,11.924,2.777,22.911,5.468
Mpro,7gfn,OFX,404,1,A,2372,C6,8.427,-1.226,24.554,12.076
Mpro,7gfn,OFX,404,1,A,2373,C7,8.35,-2.439,25.213,6.038
Mpro,7gfn,OFX,404,1,A,2374,C8,10.015,1.366,23.625,9.661
Mpro,7gfn,OFX,404,1,A,2375,C10,12.512,0.707,23.296,1.208
Mpro,7gfn,OFX,404,1,A,2376,C13,8.298,-0.739,20.945,2.415
Mpro,7gfn,OFX,404,1,A,2378,C17,4.308,1.584,20.793,24.153
Mpro,7gfn,OFX,404,1,A,2379,O,9.066,1.528,21.075,3.214
Mpro,7gfn,OFX,404,1,A,2381,N4,7.373,-0.311,19.918,1.094
Mpro,7gfn,OFX,404,1,A,2383,C18,5.43,0.816,21.08,8.453
Mpro,7gfn,OFX,404,1,A,2384,C16,4.018,1.969,19.482,8.453
Mpro,7gfn,OFX,404,1,A,2389,N2,13.267,2.724,22.67,3.281
Mpro,7gfn,OFX,404,1,A,2391,C3,10.141,-3.285,23.85,1.208
Mpro,7gfn,OFX,404,1,A,2392,C2,9.209,-3.493,24.88,2.415
Mpro,7gfn,OFX,404,1,A,2394,C1,8.094,-4.981,26.515,16.907
Mpro,7gfo,OGF,404,1,A,2372,C6,8.885,-1.421,24.309,9.661
Mpro,7gfo,OGF,404,1,A,2373,C7,8.519,-2.474,25.129,3.623
Mpro,7gfo,OGF,404,1,A,2374,C8,11.45,0.337,23.199,9.661
Mpro,7gfo,OGF,404,1,A,2378,C17,4.742,1.921,19.393,8.453
Mpro,7gfo,OGF,404,1,A,2380,O1,10.268,0.906,20.807,3.214
Mpro,7gfo,OGF,404,1,A,2382,C19,6.182,0.757,20.954,12.076
Mpro,7gfo,OGF,404,1,A,2383,C18,5.076,1.559,20.696,24.153
Mpro,7gfo,OGF,404,1,A,2392,C3,10.146,-3.879,24.052,2.415
Mpro,7gfo,OGF,404,1,A,2393,C2,9.161,-3.705,25.02,1.208
Mpro,7gfo,OGF,404,1,A,2395,O,6.748,-4.443,26.549,23.572
Mpro,7gfo,OGF,404,1,A,2397,C,7.046,-6.099,28.76,26.568
Mpro,7gfp,OHC,404,1,A,2372,C7,11.142,-0.737,22.412,2.415
Mpro,7gfp,OHC,404,1,A,2373,C8,9.681,-1.049,22.173,19.322
Mpro,7gfp,OHC,404,1,A,2375,C13,5.456,1.352,18.851,3.623
Mpro,7gfp,OHC,404,1,A,2376,C15,5.752,0.816,21.292,31.398
Mpro,7gfp,OHC,404,1,A,2384,C16,11.506,0.38,23.156,10.869
Mpro,7gfp,OHC,404,1,A,2387,N,12.835,3.368,23.39,2.187
Mpro,7gfp,OHC,404,1,A,2388,C1,11.654,3.869,23.013,3.623
Mpro,7gfp,OHC,404,1,A,2389,O,10.781,3.171,22.495,10.715
Mpro,7gfp,OHC,404,1,A,2390,C,11.449,5.335,23.257,25.36
Mpro,7gfq,OI4,404,1,A,2372,C7,9.792,-0.929,22.413,4.831
Mpro,7gfq,OI4,404,1,A,2373,C8,9.061,-0.418,23.669,19.322
Mpro,7gfq,OI4,404,1,A,2379,C11,13.183,0.46,23.452,2.415
Mpro,7gfq,OI4,404,1,A,2381,O1,11.071,0.769,24.412,2.143
Mpro,7gfq,OI4,404,1,A,2382,C9,9.66,0.888,24.123,22.945
Mpro,7gfq,OI4,404,1,A,2383,O,9.93,0.8,20.735,1.071
Mpro,7gfq,OI4,404,1,A,2385,C,5.852,1.04,21.292,25.36
Mpro,7gfq,OI4,404,1,A,2388,C2,5.631,1.344,18.802,2.415
Mpro,7gfs,OIK,404,1,A,2368,N1,10.15,-1.846,22.894,2.187
Mpro,7gfs,OIK,404,1,A,2369,C4,8.467,-0.442,21.773,15.699
Mpro,7gfs,OIK,404,1,A,2370,C5,11.475,-2.078,23.343,2.415
Mpro,7gfs,OIK,404,1,A,2371,C6,11.708,-2.807,24.514,4.831
Mpro,7gfs,OIK,404,1,A,2374,C10,12.574,-1.553,22.644,2.415
Mpro,7gfs,OIK,404,1,A,2376,C15,4.213,2.332,19.244,1.208
Mpro,7gfs,OIK,404,1,A,2377,C17,3.975,1.584,21.502,24.153
Mpro,7gfs,OIK,404,1,A,2378,O,5.96,-2.76,20.597,3.214
Mpro,7gfs,OIK,404,1,A,2382,C18,4.883,0.585,21.299,7.246
Mpro,7gfs,OIK,404,1,A,2383,C16,3.641,2.453,20.478,24.153
Mpro,7gfs,OIK,404,1,A,2388,C3,9.925,-0.876,21.813,7.246
Mpro,7gfs,OIK,404,1,A,2389,C2,9.267,-3.017,22.792,7.246
Mpro,7gfs,OIK,404,1,A,2390,C1,7.795,-2.604,22.724,19.322
Mpro,7gfr,OIE,404,1,A,2369,C4,9.76,-1.25,22.088,18.114
Mpro,7gfr,OIE,404,1,A,2374,C10,4.424,2.112,19.101,2.415
Mpro,7gfr,OIE,404,1,A,2375,C13,5.756,0.732,21.114,8.453
Mpro,7gfr,OIE,404,1,A,2377,O,9.83,0.568,20.507,3.214
Mpro,7gfr,OIE,404,1,A,2378,C3,11.234,-1.003,22.304,2.415
Mpro,7gfr,OIE,404,1,A,2379,N,11.547,-0.003,23.147,7.655
Mpro,7gfr,OIE,404,1,A,2380,C2,12.829,0.396,23.187,3.623
Mpro,7gfr,OIE,404,1,A,2385,C12,4.708,1.558,21.41,21.737
Mpro,7gfr,OIE,404,1,A,2386,C11,4.041,2.242,20.405,21.737
Mpro,7gft,OIX,404,1,A,2372,C7,9.908,-2.63,22.439,7.246
Mpro,7gft,OIX,404,1,A,2373,C8,8.424,-2.59,22.206,20.53
Mpro,7gft,OIX,404,1,A,2376,C15,3.758,2.316,20.518,25.36
Mpro,7gft,OIX,404,1,A,2377,C17,5.128,0.488,21.216,12.076
Mpro,7gft,OIX,404,1,A,2378,O2,6.227,-2.74,20.532,1.071
Mpro,7gft,OIX,404,1,A,2380,C18,5.676,0.367,19.911,1.208
Mpro,7gft,OIX,404,1,A,2381,C16,4.194,1.442,21.499,25.36
Mpro,7gft,OIX,404,1,A,2382,C14,4.265,2.255,19.255,2.415
Mpro,7gft,OIX,404,1,A,2385,N,8.071,-1.629,21.17,1.094
Mpro,7gft,OIX,404,1,A,2386,O1,10.401,-1.297,22.236,3.214
Mpro,7gft,OIX,404,1,A,2388,O,11.046,1.1,22.964,8.572
Mpro,7gft,OIX,404,1,A,2389,C,11.342,2.45,23.323,22.945
Mpro,7gfu,OJ9,404,1,A,2369,C4,10.333,1.436,25.383,15.699
Mpro,7gfu,OJ9,404,1,A,2371,C6,10.255,-0.992,22.678,1.208
Mpro,7gfu,OJ9,404,1,A,2372,C7,8.836,-1.388,22.344,13.284
Mpro,7gfu,OJ9,404,1,A,2375,C13,3.648,2.051,19.495,3.623
Mpro,7gfu,OJ9,404,1,A,2376,C15,3.93,1.282,21.738,21.737
Mpro,7gfu,OJ9,404,1,A,2378,O1,8.778,0.721,21.201,3.214
Mpro,7gfu,OJ9,404,1,A,2379,O,9.598,0.562,24.479,13.929
Mpro,7gfu,OJ9,404,1,A,2380,C3,11.792,1.469,24.927,7.246
Mpro,7gfu,OJ9,404,1,A,2386,N,7.472,-0.936,20.417,1.094
Mpro,7gfu,OJ9,404,1,A,2388,C16,5.047,0.575,21.39,9.661
Mpro,7gfu,OJ9,404,1,A,2389,C14,3.229,2.009,20.792,22.945
Mpro,7gfw,OK9,404,1,A,2369,C4,4.76,1.192,20.525,3.623
Mpro,7gfw,OK9,404,1,A,2370,C5,3.827,2.195,20.212,22.945
Mpro,7gfw,OK9,404,1,A,2371,C6,3.8,2.495,18.898,4.831
Mpro,7gfw,OK9,404,1,A,2372,C7,9.013,-1.706,21.025,4.831
Mpro,7gfw,OK9,404,1,A,2373,C8,9.445,-0.495,21.645,3.623
Mpro,7gfw,OK9,404,1,A,2374,C10,10.793,0.924,22.923,1.208
Mpro,7gfw,OK9,404,1,A,2375,C13,8.559,5.284,22.889,12.076
Mpro,7gfw,OK9,404,1,A,2376,C15,10.421,3.527,24.15,1.208
Mpro,7gfw,OK9,404,1,A,2383,C,7.499,-3.253,19.844,6.038
Mpro,7gfw,OK9,404,1,A,2385,S1,8.535,0.983,21.659,5.147
Mpro,7gfw,OK9,404,1,A,2386,C11,9.74,1.774,22.636,1.208
Mpro,7gfw,OK9,404,1,A,2387,C9,10.62,-0.353,22.355,2.415
Mpro,7gfw,OK9,404,1,A,2388,C14,10.581,5.03,24.094,8.453
Mpro,7gfw,OK9,404,1,A,2389,O2,9.311,5.692,24.047,17.143
Mpro,7gfw,OK9,404,1,A,2390,C12,8.31,3.794,22.889,14.492
Mpro,7gfv,OJO,404,1,A,2370,C5,9.469,-2.775,23.466,7.246
Mpro,7gfv,OJO,404,1,A,2371,C6,7.123,-3.435,23.297,18.114
Mpro,7gfv,OJO,404,1,A,2372,C7,7.296,-4.009,21.895,2.415
Mpro,7gfv,OJO,404,1,A,2373,C8,7.991,-1.712,21.148,6.038
Mpro,7gfv,OJO,404,1,A,2374,C10,6.738,-3.256,19.658,1.208
Mpro,7gfv,OJO,404,1,A,2375,C11,7.276,-2.485,18.466,6.038
Mpro,7gfv,OJO,404,1,A,2377,C9,7.773,-1.25,22.58,18.114
Mpro,7gfv,OJO,404,1,A,2378,N,8.063,-2.332,23.531,5.468
Mpro,7gfv,OJO,404,1,A,2382,C1,12.251,0.415,24.266,8.453
Mpro,7gfv,OJO,404,1,A,2383,C12,10.277,-0.838,24.849,7.246
Mpro,7gfv,OJO,404,1,A,2384,C,11.15,0.211,25.085,4.831
Mpro,7gfv,OJO,404,1,A,2385,O,10.904,1.044,26.134,13.929
Mpro,7gfy,OLX,404,1,A,2368,C4,9.049,-1.428,20.785,1.208
Mpro,7gfy,OLX,404,1,A,2369,C5,8.142,-0.394,20.601,2.415
Mpro,7gfy,OLX,404,1,A,2370,C6,8.425,0.889,21.055,9.661
Mpro,7gfy,OLX,404,1,A,2371,C7,9.629,1.113,21.709,12.076
Mpro,7gfy,OLX,404,1,A,2372,C8,5.797,-0.11,19.661,1.208
Mpro,7gfy,OLX,404,1,A,2373,C10,7.106,-2.226,19.702,1.208
Mpro,7gfy,OLX,404,1,A,2374,O3,8.515,-3.831,20.863,15.0
Mpro,7gfy,OLX,404,1,A,2379,O,4.93,1.594,18.328,3.214
Mpro,7gfy,OLX,404,1,A,2380,C3,10.222,-1.19,21.476,3.623
Mpro,7gfy,OLX,404,1,A,2382,C2,10.542,0.082,21.932,3.623
Mpro,7gfy,OLX,404,1,A,2383,C1,11.87,0.343,22.611,7.246
Mpro,7gfx,OKW,404,1,A,2369,C4,11.077,-0.829,22.454,1.208
Mpro,7gfx,OKW,404,1,A,2370,C5,9.598,-1.064,22.259,21.737
Mpro,7gfx,OKW,404,1,A,2375,C13,5.624,1.055,21.216,18.114
Mpro,7gfx,OKW,404,1,A,2377,O,9.621,0.796,20.745,4.286
Mpro,7gfx,OKW,404,1,A,2378,C3,11.538,0.031,23.441,2.415
Mpro,7gfx,OKW,404,1,A,2383,N,7.965,-0.729,20.513,2.187
Mpro,7gfx,OKW,404,1,A,2385,C12,4.277,1.726,20.934,24.153
Mpro,7gfx,OKW,404,1,A,2386,C11,4.266,2.126,19.455,9.661
Mpro,7gfz,ONU,404,1,A,2355,C4,12.55,0.28,22.932,1.208
Mpro,7gfz,ONU,404,1,A,2356,C5,11.519,-0.599,22.629,1.208
Mpro,7gfz,ONU,404,1,A,2362,C15,3.609,2.571,19.949,7.246
Mpro,7gfz,ONU,404,1,A,2363,C17,3.244,1.269,21.933,10.869
Mpro,7gfz,ONU,404,1,A,2370,C16,2.96,2.372,21.155,19.322
Mpro,7gfz,ONU,404,1,A,2372,O1,5.202,-2.569,20.675,2.143
Mpro,7gfz,ONU,404,1,A,2373,C9,7.74,-2.892,21.911,18.114
Mpro,7gfz,ONU,404,1,A,2374,N,9.441,-1.648,23.322,3.281
Mpro,7gfz,ONU,404,1,A,2376,O,9.451,-0.373,25.587,4.286
Mpro,7gfz,ONU,404,1,A,2377,C,9.3,0.4,26.777,9.661
Mpro,7gfz,ONU,405,1,A,2381,C4,12.283,7.911,25.428,12.076
Mpro,7gfz,ONU,405,1,A,2382,C5,12.502,6.794,24.641,1.208
Mpro,7gfz,ONU,405,1,A,2385,C8,10.466,3.951,23.557,4.831
Mpro,7gfz,ONU,405,1,A,2387,C13,6.347,1.722,24.431,3.623
Mpro,7gfz,ONU,405,1,A,2388,C15,4.625,4.7,23.06,21.737
Mpro,7gfz,ONU,405,1,A,2389,C17,5.943,5.693,21.311,1.208
Mpro,7gfz,ONU,405,1,A,2390,O2,6.131,0.882,25.316,30.001
Mpro,7gfz,ONU,405,1,A,2392,N2,5.433,2.713,24.182,12.029
Mpro,7gfz,ONU,405,1,A,2393,C14,5.602,3.72,23.235,3.623
Mpro,7gfz,ONU,405,1,A,2396,C16,4.804,5.678,22.096,27.775
Mpro,7gfz,ONU,405,1,A,2403,C,8.879,7.892,21.774,18.114
Mpro,7gfz,ONU,405,1,A,2404,C3,11.386,8.881,25.029,24.153
Mpro,7gfz,ONU,405,1,A,2405,C2,10.656,8.732,23.861,15.699
Mpro,7gg0,OGV,404,1,A,2371,C5,9.156,-0.925,22.747,21.737
Mpro,7gg0,OGV,404,1,A,2372,C6,8.684,-0.174,21.518,1.208
Mpro,7gg0,OGV,404,1,A,2375,C10,3.786,2.025,19.41,8.453
Mpro,7gg0,OGV,404,1,A,2377,O,9.153,0.914,21.19,4.286
Mpro,7gg0,OGV,404,1,A,2378,C3,11.07,0.29,23.849,6.038
Mpro,7gg0,OGV,404,1,A,2379,C2,12.413,0.632,23.918,1.208
Mpro,7gg0,OGV,404,1,A,2383,N,7.751,-0.823,20.774,2.187
Mpro,7gg0,OGV,404,1,A,2385,C12,5.217,0.813,20.901,8.453
Mpro,7gg0,OGV,404,1,A,2386,C11,4.126,1.587,20.711,18.114
Mpro,7gg1,OGO,404,1,A,2369,C4,11.974,0.68,23.403,1.208
Mpro,7gg1,OGO,404,1,A,2370,C5,11.269,-0.453,23.026,2.415
Mpro,7gg1,OGO,404,1,A,2373,C8,8.405,-1.089,21.377,7.246
Mpro,7gg1,OGO,404,1,A,2376,C15,3.168,2.194,19.952,4.831
Mpro,7gg1,OGO,404,1,A,2377,C17,2.947,1.027,22.036,25.36
Mpro,7gg1,OGO,404,1,A,2380,C14,4.213,1.352,19.587,1.208
Mpro,7gg1,OGO,404,1,A,2381,C19,4.607,0.309,20.447,2.415
Mpro,7gg1,OGO,404,1,A,2382,C18,3.979,0.173,21.685,10.869
Mpro,7gg1,OGO,404,1,A,2383,C16,2.537,2.018,21.172,33.814
Mpro,7gg1,OGO,404,1,A,2385,O2,5.145,-2.685,20.874,1.071
Mpro,7gg1,OGO,404,1,A,2387,C9,7.719,-2.959,22.167,20.53
Mpro,7gg1,OGO,404,1,A,2388,O1,9.409,-1.962,23.51,3.214
Mpro,7gg1,OGO,404,1,A,2389,C1,9.856,-0.183,24.974,3.623
Mpro,7gg1,OGO,404,1,A,2390,O,8.818,-0.72,25.689,10.715
Mpro,7gg1,OGO,404,1,A,2391,C,8.465,-0.101,26.928,26.568
Mpro,7gg1,OGO,404,1,A,2392,C3,11.62,1.379,24.538,7.246
Mpro,7gg1,OGO,404,1,A,2393,C2,10.572,0.949,25.336,6.038
Mpro,7gg2,OO6,404,1,A,2369,C4,14.009,0.811,22.92,1.208
Mpro,7gg2,OO6,404,1,A,2376,C15,4.538,1.711,19.479,2.415
Mpro,7gg2,OO6,404,1,A,2377,C17,4.894,1.265,21.803,24.153
Mpro,7gg2,OO6,404,1,A,2378,O1,9.976,1.441,20.919,1.071
Mpro,7gg2,OO6,404,1,A,2379,C9,10.356,-0.218,22.623,4.831
Mpro,7gg2,OO6,404,1,A,2382,O,12.119,1.622,24.03,2.143
Mpro,7gg2,OO6,404,1,A,2383,C2,10.698,1.819,24.023,9.661
Mpro,7gg2,OO6,404,1,A,2384,C1,9.954,0.504,23.933,4.831
Mpro,7gg2,OO6,404,1,A,2385,C,8.448,0.733,24.022,31.398
Mpro,7gg2,OO6,404,1,A,2386,N,8.688,-0.428,20.874,2.187
Mpro,7gg2,OO6,404,1,A,2389,C18,6.07,0.624,21.529,1.208
Mpro,7gg2,OO6,404,1,A,2390,C16,4.134,1.815,20.779,24.153
Mpro,7gg4,OPU,404,1,A,2369,N3,7.318,-0.044,21.731,1.094
Mpro,7gg4,OPU,404,1,A,2374,C8,9.416,-0.375,22.933,7.246
Mpro,7gg4,OPU,404,1,A,2375,C10,9.999,0.862,25.097,6.038
Mpro,7gg4,OPU,404,1,A,2380,C12,12.94,0.981,23.261,3.623
Mpro,7gg4,OPU,404,1,A,2383,O1,10.917,1.603,24.276,6.429
Mpro,7gg4,OPU,404,1,A,2384,C9,8.906,0.175,24.309,15.699
Mpro,7gg4,OPU,404,1,A,2385,O,9.166,1.077,21.01,2.143
Mpro,7gg4,OPU,404,1,A,2386,C1,5.39,1.415,21.651,1.208
Mpro,7gg4,OPU,404,1,A,2387,C,5.318,1.561,23.149,38.644
Mpro,7gg4,OPU,404,1,A,2390,C3,4.531,2.066,19.492,4.831
Mpro,7gg4,OPU,404,1,A,2391,C2,4.439,2.115,20.83,20.53
Mpro,7gg3,OOL,404,1,A,2368,N1,6.077,-4.956,19.679,2.187
Mpro,7gg3,OOL,404,1,A,2369,C4,10.182,-1.312,22.361,9.661
Mpro,7gg3,OOL,404,1,A,2370,C5,6.881,-3.303,21.179,4.831
Mpro,7gg3,OOL,404,1,A,2372,N,7.978,-2.61,21.532,2.187
Mpro,7gg3,OOL,404,1,A,2373,C3,7.887,-1.908,22.654,7.246
Mpro,7gg3,OOL,404,1,A,2374,O1,8.972,-1.26,23.129,17.143
Mpro,7gg3,OOL,404,1,A,2375,C2,6.74,-1.859,23.432,20.53
Mpro,7gg3,OOL,404,1,A,2376,N2,5.725,-3.368,21.87,2.187
Mpro,7gg3,OOL,404,1,A,2377,C1,5.699,-2.671,23.003,2.415
Mpro,7gg3,OOL,404,1,A,2378,O,4.704,-2.807,23.906,13.929
Mpro,7gg3,OOL,404,1,A,2379,C,3.633,-3.705,23.602,41.059
Mpro,7gg5,OQF,404,1,A,2372,C6,8.217,-1.196,24.67,9.661
Mpro,7gg5,OQF,404,1,A,2373,C7,8.13,-2.366,25.402,2.415
Mpro,7gg5,OQF,404,1,A,2374,C8,9.68,1.322,23.73,9.661
Mpro,7gg5,OQF,404,1,A,2376,C13,8.183,-0.808,20.962,2.415
Mpro,7gg5,OQF,404,1,A,2378,C17,4.274,1.641,20.802,22.945
Mpro,7gg5,OQF,404,1,A,2379,O,9.212,1.358,21.026,1.071
Mpro,7gg5,OQF,404,1,A,2382,C18,5.365,0.828,21.087,7.246
Mpro,7gg5,OQF,404,1,A,2383,C16,3.999,2.04,19.495,9.661
Mpro,7gg5,OQF,404,1,A,2388,N2,11.009,3.186,22.796,7.655
Mpro,7gg5,OQF,404,1,A,2389,C11,12.222,3.506,22.467,4.831
Mpro,7gg5,OQF,404,1,A,2391,C3,9.834,-3.344,24.021,2.415
Mpro,7gg5,OQF,404,1,A,2392,C2,8.939,-3.463,25.094,1.208
Mpro,7gg5,OQF,404,1,A,2394,C1,7.67,-4.958,26.583,25.36
Mpro,7gg5,OQF,404,1,A,2395,C,9.709,-5.759,25.495,1.208
Mpro,7gg6,OQL,404,1,A,2368,N1,7.819,-0.898,20.615,2.187
Mpro,7gg6,OQL,404,1,A,2369,C4,9.205,-0.443,24.88,25.36
Mpro,7gg6,OQL,404,1,A,2370,C5,8.464,-1.005,23.674,12.076
Mpro,7gg6,OQL,404,1,A,2371,C6,9.38,-1.277,22.433,2.415
Mpro,7gg6,OQL,404,1,A,2375,C13,3.724,2.095,20.8,25.36
Mpro,7gg6,OQL,404,1,A,2376,C15,5.499,0.615,21.415,4.831
Mpro,7gg6,OQL,404,1,A,2378,O,9.429,0.66,20.985,2.143
Mpro,7gg6,OQL,404,1,A,2379,N,10.243,0.497,24.471,3.281
Mpro,7gg6,OQL,404,1,A,2387,C14,4.42,1.379,21.761,21.737
Mpro,7gg6,OQL,404,1,A,2388,C12,4.109,2.062,19.492,3.623
Mpro,7gg7,OQX,404,1,A,2372,C6,9.789,-3.166,24.127,2.415
Mpro,7gg7,OQX,404,1,A,2373,C7,9.799,1.45,23.656,10.869
Mpro,7gg7,OQX,404,1,A,2376,C13,11.622,2.937,22.746,2.415
Mpro,7gg7,OQX,404,1,A,2377,C15,8.15,-0.705,20.955,2.415
Mpro,7gg7,OQX,404,1,A,2379,C20,5.39,0.962,21.246,6.038
Mpro,7gg7,OQX,404,1,A,2381,O1,9.144,1.469,21.001,2.143
Mpro,7gg7,OQX,404,1,A,2383,C19,4.27,1.754,21.031,21.737
Mpro,7gg7,OQX,404,1,A,2384,C18,3.879,2.108,19.74,12.076
Mpro,7gg7,OQX,404,1,A,2388,C3,8.179,-0.99,24.734,9.661
Mpro,7gg7,OQX,404,1,A,2389,C2,8.094,-2.141,25.498,7.246
Mpro,7gg7,OQX,404,1,A,2390,C1,8.9,-3.229,25.194,3.623
Mpro,7gg7,OQX,404,1,A,2391,O,8.787,-4.334,26.0,7.5
Mpro,7gg7,OQX,404,1,A,2392,C,9.595,-5.471,25.694,1.208
Mpro,7gg7,OQX,404,1,A,2394,CL,13.402,4.657,21.669,2.494
Mpro,7gg8,ORR,404,1,A,2369,C4,6.419,-0.908,22.172,6.038
Mpro,7gg8,ORR,404,1,A,2370,C5,5.51,0.196,22.697,22.945
Mpro,7gg8,ORR,404,1,A,2371,C6,4.96,1.115,21.594,18.114
Mpro,7gg8,ORR,404,1,A,2373,C8,8.711,-0.141,21.558,1.208
Mpro,7gg8,ORR,404,1,A,2379,C12,12.618,0.396,23.975,2.415
Mpro,7gg8,ORR,404,1,A,2380,C11,11.258,0.134,23.909,4.831
Mpro,7gg8,ORR,404,1,A,2381,C9,9.252,-0.879,22.769,15.699
Mpro,7gg8,ORR,404,1,A,2382,O,9.409,0.637,20.926,2.143
Mpro,7gg8,ORR,404,1,A,2385,N,3.751,2.045,19.153,9.842
Mpro,7gg9,SQ2,404,1,A,2371,C5,9.235,0.079,21.422,1.208
Mpro,7gg9,SQ2,404,1,A,2372,C6,8.364,-0.974,20.739,1.208
Mpro,7gg9,SQ2,404,1,A,2375,C10,4.5,1.527,20.897,20.53
Mpro,7gg9,SQ2,404,1,A,2376,C13,10.06,-1.7,22.969,7.246
Mpro,7gg9,SQ2,404,1,A,2378,C11,5.65,0.768,21.094,13.284
Mpro,7gg9,SQ2,404,1,A,2383,C9,4.112,1.926,19.619,8.453
Mpro,7gg9,SQ2,404,1,A,2386,O1,9.247,1.226,21.018,4.286
Mpro,7gga,OSI,404,1,A,2370,C5,12.912,0.799,23.612,2.415
Mpro,7gga,OSI,404,1,A,2376,C15,3.942,1.933,19.45,2.415
Mpro,7gga,OSI,404,1,A,2377,C17,4.226,1.499,21.782,24.153
Mpro,7gga,OSI,404,1,A,2378,O1,9.406,1.064,21.053,3.214
Mpro,7gga,OSI,404,1,A,2382,O,10.833,1.222,24.579,5.357
Mpro,7gga,OSI,404,1,A,2383,C3,9.709,0.475,25.075,13.284
Mpro,7gga,OSI,404,1,A,2384,C2,8.745,0.097,23.967,12.076
Mpro,7gga,OSI,404,1,A,2385,C,9.21,-2.135,22.855,13.284
Mpro,7gga,OSI,404,1,A,2386,N,7.912,-0.568,20.86,1.094
Mpro,7gga,OSI,404,1,A,2387,C11,6.983,-0.185,19.894,1.208
Mpro,7gga,OSI,404,1,A,2389,C18,5.388,0.823,21.545,4.831
Mpro,7gga,OSI,404,1,A,2390,C16,3.5,2.044,20.737,19.322
Mpro,7ggc,OTV,404,1,A,2368,N1,7.271,-0.847,20.83,2.187
Mpro,7ggc,OTV,404,1,A,2372,C7,9.14,-1.447,22.232,4.831
Mpro,7ggc,OTV,404,1,A,2374,C10,11.952,0.161,24.194,3.623
Mpro,7ggc,OTV,404,1,A,2375,C13,8.355,-0.466,27.594,6.038
Mpro,7ggc,OTV,404,1,A,2376,C15,6.898,-0.513,27.259,12.076
Mpro,7ggc,OTV,404,1,A,2377,C17,9.358,-0.652,24.614,6.038
Mpro,7ggc,OTV,404,1,A,2378,F2,6.692,1.014,25.48,16.561
Mpro,7ggc,OTV,404,1,A,2380,F,4.891,0.368,26.428,37.263
Mpro,7ggc,OTV,404,1,A,2381,F1,5.956,-0.962,25.148,10.351
Mpro,7ggc,OTV,404,1,A,2382,C14,7.42,0.533,28.199,27.775
Mpro,7ggc,OTV,404,1,A,2384,C12,10.086,-0.093,25.662,2.415
Mpro,7ggc,OTV,404,1,A,2385,C11,11.385,0.359,25.438,3.623
Mpro,7ggc,OTV,404,1,A,2386,CL,13.675,0.382,24.01,2.494
Mpro,7ggc,OTV,404,1,A,2388,O,8.948,0.65,21.089,2.143
Mpro,7ggc,OTV,404,1,A,2390,C,4.873,0.609,21.628,20.53
Mpro,7ggc,OTV,404,1,A,2393,C2,4.763,1.324,19.214,12.076
Mpro,7gge,OV4,404,1,A,2370,C4,8.323,-1.042,24.755,13.284
Mpro,7gge,OV4,404,1,A,2373,C7,9.894,-3.132,23.843,2.415
Mpro,7gge,OV4,404,1,A,2374,C8,9.748,1.566,23.807,9.661
Mpro,7gge,OV4,404,1,A,2376,C13,12.731,3.364,22.296,4.831
Mpro,7gge,OV4,404,1,A,2379,C20,4.166,1.664,20.86,24.153
Mpro,7gge,OV4,404,1,A,2380,C21,5.301,0.914,21.143,8.453
Mpro,7gge,OV4,404,1,A,2382,O,8.92,1.715,21.203,3.214
Mpro,7gge,OV4,404,1,A,2383,C16,8.186,-0.555,21.034,1.208
Mpro,7gge,OV4,404,1,A,2384,N2,7.303,-0.102,19.983,1.094
Mpro,7gge,OV4,404,1,A,2385,C19,3.862,2.04,19.555,9.661
Mpro,7gge,OV4,404,1,A,2388,C3,8.237,-2.282,25.361,4.831
Mpro,7gge,OV4,404,1,A,2389,C2,9.016,-3.355,24.911,2.415
Mpro,7gge,OV4,404,1,A,2390,N,8.911,-4.599,25.49,2.187
Mpro,7gge,OV4,404,1,A,2392,C,7.99,-4.849,26.591,14.492
Mpro,7gge,OV4,404,1,A,2394,C14,11.437,3.07,22.693,4.831
Mpro,7ggd,OUF,404,1,A,2369,C4,9.32,-0.034,24.998,16.907
Mpro,7ggd,OUF,404,1,A,2371,C6,7.944,-2.617,26.339,12.076
Mpro,7ggd,OUF,404,1,A,2372,C7,8.693,-3.901,26.377,4.831
Mpro,7ggd,OUF,404,1,A,2373,C8,9.475,-4.537,25.492,7.246
Mpro,7ggd,OUF,404,1,A,2374,C10,9.384,-5.743,27.334,3.623
Mpro,7ggd,OUF,404,1,A,2376,C15,8.396,1.828,32.373,2.415
Mpro,7ggd,OUF,404,1,A,2377,C17,6.566,3.136,31.329,25.36
Mpro,7ggd,OUF,404,1,A,2378,C20,7.017,1.938,28.855,9.661
Mpro,7ggd,OUF,404,1,A,2379,C21,7.822,1.596,29.944,1.208
Mpro,7ggd,OUF,404,1,A,2380,O3,8.196,2.252,33.502,40.715
Mpro,7ggd,OUF,404,1,A,2382,C14,10.194,0.436,33.308,13.284
Mpro,7ggd,OUF,404,1,A,2383,C16,7.585,2.192,31.198,1.208
Mpro,7ggd,OUF,404,1,A,2384,C19,6.003,2.867,29.009,31.398
Mpro,7ggd,OUF,404,1,A,2385,C18,5.785,3.469,30.234,32.606
Mpro,7ggd,OUF,404,1,A,2388,O2,7.616,-1.638,28.892,10.715
Mpro,7ggd,OUF,404,1,A,2390,O1,8.617,-4.62,27.53,6.429
Mpro,7ggd,OUF,404,1,A,2392,C3,10.469,0.504,24.181,14.492
Mpro,7ggd,OUF,404,1,A,2393,O,11.193,-0.595,23.623,2.143
Mpro,7ggd,OUF,404,1,A,2395,C2,13.435,0.347,23.446,1.208
Mpro,7ggf,OVF,404,1,A,2370,C4,8.187,-1.088,24.656,10.869
Mpro,7ggf,OVF,404,1,A,2373,C7,10.018,-3.046,23.957,1.208
Mpro,7ggf,OVF,404,1,A,2374,C8,9.664,1.58,23.719,14.492
Mpro,7ggf,OVF,404,1,A,2379,C20,4.012,1.703,20.756,20.53
Mpro,7ggf,OVF,404,1,A,2380,C21,5.141,0.958,21.069,6.038
Mpro,7ggf,OVF,404,1,A,2382,O,8.887,1.653,21.099,3.214
Mpro,7ggf,OVF,404,1,A,2383,C16,8.005,-0.574,21.021,2.415
Mpro,7ggf,OVF,404,1,A,2384,N2,7.135,-0.124,19.953,1.094
Mpro,7ggf,OVF,404,1,A,2385,C19,3.734,2.065,19.436,10.869
Mpro,7ggf,OVF,404,1,A,2388,C3,8.163,-2.313,25.3,6.038
Mpro,7ggf,OVF,404,1,A,2389,C2,9.076,-3.322,24.957,2.415
Mpro,7ggf,OVF,404,1,A,2391,C1,9.658,-5.712,24.954,2.415
Mpro,7ggf,OVF,404,1,A,2392,C,8.062,-4.864,26.604,20.53
Mpro,7ggf,OVF,404,1,A,2394,C14,11.527,3.011,22.799,3.623
Mpro,7ggf,OVF,404,1,A,2395,CL,13.36,4.645,21.666,3.741
Mpro,7ggb,OT6,404,1,A,2369,N3,6.107,1.379,24.616,22.965
Mpro,7ggb,OT6,404,1,A,2373,C7,9.132,-1.479,21.986,2.415
Mpro,7ggb,OT6,404,1,A,2375,C10,11.26,0.426,24.465,2.415
Mpro,7ggb,OT6,404,1,A,2376,C13,7.184,-0.961,26.823,4.831
Mpro,7ggb,OT6,404,1,A,2377,C15,4.644,-0.877,26.727,31.398
Mpro,7ggb,OT6,404,1,A,2378,C17,6.006,0.762,25.565,6.038
Mpro,7ggb,OT6,404,1,A,2380,C16,5.934,0.882,27.991,41.059
Mpro,7ggb,OT6,404,1,A,2383,C11,10.464,0.453,25.594,2.415
Mpro,7ggb,OT6,404,1,A,2384,CL,12.792,1.253,24.493,6.234
Mpro,7ggb,OT6,404,1,A,2385,C9,10.87,-0.224,23.311,1.208
Mpro,7ggb,OT6,404,1,A,2386,C18,8.836,-0.863,24.405,4.831
Mpro,7ggb,OT6,404,1,A,2387,O,8.855,0.637,20.883,2.143
Mpro,7ggb,OT6,404,1,A,2389,C,5.026,0.986,21.561,16.907
Mpro,7ggb,OT6,404,1,A,2392,C2,4.811,1.476,19.103,7.246
Mpro,7ggg,OVX,404,1,A,2371,C6,9.28,-2.185,22.546,4.831
Mpro,7ggg,OVX,404,1,A,2372,C7,7.772,-2.102,22.726,25.36
Mpro,7ggg,OVX,404,1,A,2373,C8,7.75,0.171,21.849,14.492
Mpro,7ggg,OVX,404,1,A,2376,C15,3.744,2.401,19.068,1.208
Mpro,7ggg,OVX,404,1,A,2377,C17,3.432,1.736,21.343,27.775
Mpro,7ggg,OVX,404,1,A,2378,O1,5.714,-2.603,20.834,5.357
Mpro,7ggg,OVX,404,1,A,2381,C18,4.361,0.744,21.21,4.831
Mpro,7ggg,OVX,404,1,A,2382,C16,3.116,2.555,20.27,22.945
Mpro,7ggg,OVX,404,1,A,2386,C9,9.253,0.223,21.862,2.415
Mpro,7ggg,OVX,404,1,A,2387,O,9.829,1.186,21.37,6.429
Mpro,7ggg,OVX,404,1,A,2391,C3,11.776,0.093,23.656,6.038
Mpro,7ggh,OWC,404,1,A,2371,C6,9.715,-0.528,22.72,7.246
Mpro,7ggh,OWC,404,1,A,2372,C7,9.345,-1.968,23.084,4.831
Mpro,7ggh,OWC,404,1,A,2373,C8,7.831,-2.148,23.049,22.945
Mpro,7ggh,OWC,404,1,A,2374,C10,9.013,-0.003,21.475,1.208
Mpro,7ggh,OWC,404,1,A,2377,C17,4.432,1.892,21.611,21.737
Mpro,7ggh,OWC,404,1,A,2378,O,9.409,0.998,20.912,3.214
Mpro,7ggh,OWC,404,1,A,2379,C3,11.793,0.69,23.487,6.038
Mpro,7ggh,OWC,404,1,A,2380,C2,13.156,0.935,23.436,2.415
Mpro,7ggh,OWC,404,1,A,2385,C9,7.296,-1.871,21.656,1.208
Mpro,7ggh,OWC,404,1,A,2388,C18,5.531,1.093,21.472,7.246
Mpro,7ggh,OWC,404,1,A,2389,C16,3.774,2.391,20.495,21.737
Mpro,7ggi,OWX,404,1,A,2370,C5,8.972,-0.976,22.613,19.322
Mpro,7ggi,OWX,404,1,A,2375,C13,5.065,0.686,21.569,6.038
Mpro,7ggi,OWX,404,1,A,2377,O,9.011,0.837,21.033,3.214
Mpro,7ggi,OWX,404,1,A,2378,C3,10.876,0.178,23.796,3.623
Mpro,7ggi,OWX,404,1,A,2383,N,7.421,-0.774,20.781,2.187
Mpro,7ggi,OWX,404,1,A,2385,C12,4.182,1.884,21.819,27.775
Mpro,7ggi,OWX,404,1,A,2386,C11,3.166,2.123,20.731,25.36
Mpro,7ggi,OWX,404,1,A,2387,N2,3.75,2.073,19.397,1.094
Mpro,7ggk,OYX,404,1,A,2371,C6,3.961,2.025,19.785,4.831
Mpro,7ggk,OYX,404,1,A,2372,C7,3.665,2.04,21.117,20.53
Mpro,7ggk,OYX,404,1,A,2373,C8,4.475,1.378,22.03,21.737
Mpro,7ggk,OYX,404,1,A,2375,C13,7.842,-3.082,25.222,2.415
Mpro,7ggk,OYX,404,1,A,2377,C17,6.516,-4.869,26.449,24.153
Mpro,7ggk,OYX,404,1,A,2381,O,9.226,0.923,21.071,2.143
Mpro,7ggk,OYX,404,1,A,2385,C9,5.571,0.682,21.61,6.038
Mpro,7ggk,OYX,404,1,A,2389,S,12.78,1.143,23.553,1.287
Mpro,7ggk,OYX,404,1,A,2391,C11,9.031,-2.1,23.039,1.208
Mpro,7ggk,OYX,404,1,A,2392,C12,7.878,-2.095,24.036,6.038
Mpro,7ggk,OYX,404,1,A,2393,C18,6.604,-3.979,25.207,12.076
Mpro,7ggk,OYX,404,1,A,2394,C16,7.776,-5.706,26.634,1.208
Mpro,7ggl,OZC,404,1,A,2371,C6,9.036,-0.103,22.895,4.831
Mpro,7ggl,OZC,404,1,A,2372,C7,8.235,-1.226,23.592,21.737
Mpro,7ggl,OZC,404,1,A,2373,C8,7.779,-2.277,22.588,15.699
Mpro,7ggl,OZC,404,1,A,2376,C15,3.864,2.365,19.273,1.208
Mpro,7ggl,OZC,404,1,A,2377,C17,4.177,2.156,21.631,21.737
Mpro,7ggl,OZC,404,1,A,2378,O,9.188,1.142,20.865,3.214
Mpro,7ggl,OZC,404,1,A,2380,C2,11.283,0.226,23.999,7.246
Mpro,7ggl,OZC,404,1,A,2381,C1,12.631,-0.048,24.127,1.208
Mpro,7ggl,OZC,404,1,A,2388,C18,5.258,1.343,21.447,7.246
Mpro,7ggl,OZC,404,1,A,2389,C16,3.478,2.66,20.547,24.153
Mpro,7ggj,OYF,404,1,A,2368,N1,3.853,2.021,20.426,14.217
Mpro,7ggj,OYF,404,1,A,2369,C4,9.918,0.426,24.267,20.53
Mpro,7ggj,OYF,404,1,A,2370,C5,9.472,-0.907,23.72,20.53
Mpro,7ggj,OYF,404,1,A,2371,C6,10.122,-1.162,22.343,2.415
Mpro,7ggj,OYF,404,1,A,2374,C10,5.63,0.726,21.362,7.246
Mpro,7ggj,OYF,404,1,A,2378,O1,10.238,0.561,20.649,1.071
Mpro,7ggj,OYF,404,1,A,2379,O,11.347,0.51,24.411,1.071
Mpro,7ggj,OYF,404,1,A,2380,C16,13.38,0.566,23.266,3.623
Mpro,7ggj,OYF,404,1,A,2381,C3,12.079,0.09,23.328,1.208
Mpro,7ggj,OYF,404,1,A,2389,C12,4.377,1.844,19.219,2.415
Mpro,7ggj,OYF,404,1,A,2390,C11,4.485,1.459,21.466,21.737
Mpro,7ggn,P0X,404,1,A,2368,N1,6.791,-1.097,21.837,1.094
Mpro,7ggn,P0X,404,1,A,2371,C6,8.887,-2.183,22.518,6.038
Mpro,7ggn,P0X,404,1,A,2372,C7,7.383,-2.074,22.758,25.36
Mpro,7ggn,P0X,404,1,A,2373,C8,7.385,0.23,21.965,18.114
Mpro,7ggn,P0X,404,1,A,2376,C15,2.946,2.53,19.686,8.453
Mpro,7ggn,P0X,404,1,A,2377,C17,2.653,1.515,21.843,25.36
Mpro,7ggn,P0X,404,1,A,2383,C18,3.7,0.643,21.592,7.246
Mpro,7ggn,P0X,404,1,A,2384,C16,2.273,2.442,20.895,31.398
Mpro,7ggn,P0X,404,1,A,2386,O1,5.283,-2.442,20.842,3.214
Mpro,7ggn,P0X,404,1,A,2387,C9,8.884,0.226,21.853,2.415
Mpro,7ggn,P0X,404,1,A,2388,O,9.457,1.154,21.301,4.286
Mpro,7ggn,P0X,404,1,A,2392,C3,11.355,-0.035,23.765,10.869
Mpro,7ggo,P3L,404,1,A,2369,C4,9.805,1.281,24.313,22.945
Mpro,7ggo,P3L,404,1,A,2370,C5,9.201,-0.056,23.972,24.153
Mpro,7ggo,P3L,404,1,A,2371,C6,9.82,-0.595,22.67,7.246
Mpro,7ggo,P3L,404,1,A,2373,C8,7.203,0.59,20.181,2.415
Mpro,7ggo,P3L,404,1,A,2374,C10,4.981,1.602,19.653,18.114
Mpro,7ggo,P3L,404,1,A,2378,C9,5.74,0.667,20.582,12.076
Mpro,7ggo,P3L,404,1,A,2380,N,7.993,-0.185,21.134,3.281
Mpro,7ggo,P3L,404,1,A,2381,O1,9.851,1.058,20.9,1.071
Mpro,7ggo,P3L,404,1,A,2382,O,11.228,1.176,24.513,1.071
Mpro,7ggo,P3L,404,1,A,2387,C2,13.28,0.777,23.476,2.415
Mpro,7ggm,OZX,404,1,A,2370,C5,9.199,-1.17,22.495,16.907
Mpro,7ggm,OZX,404,1,A,2375,C13,4.197,1.46,21.766,20.53
Mpro,7ggm,OZX,404,1,A,2377,O,9.304,0.703,20.995,3.214
Mpro,7ggm,OZX,404,1,A,2378,C3,10.805,0.233,23.872,15.699
Mpro,7ggm,OZX,404,1,A,2379,C2,12.102,0.668,24.095,6.038
Mpro,7ggm,OZX,404,1,A,2385,C14,5.304,0.726,21.45,9.661
Mpro,7ggm,OZX,404,1,A,2386,C12,3.472,2.107,20.778,24.153
Mpro,7ggm,OZX,404,1,A,2387,C11,3.862,2.043,19.473,3.623
Mpro,7ggr,P6O,404,1,A,2369,C4,12.424,1.273,23.323,3.623
Mpro,7ggr,P6O,404,1,A,2376,C15,4.273,2.413,20.396,24.153
Mpro,7ggr,P6O,404,1,A,2378,O2,9.293,1.027,21.037,1.071
Mpro,7ggr,P6O,404,1,A,2383,N,10.066,1.456,23.835,4.374
Mpro,7ggr,P6O,404,1,A,2385,O1,7.856,1.753,24.159,35.358
Mpro,7ggr,P6O,404,1,A,2386,C1,8.591,-0.47,23.657,16.907
Mpro,7ggr,P6O,404,1,A,2387,O,9.328,-2.343,22.363,11.786
Mpro,7ggr,P6O,404,1,A,2389,C16,4.832,1.622,21.387,18.114
Mpro,7ggr,P6O,404,1,A,2390,C14,4.71,2.324,19.107,2.415
Mpro,7ggq,OQL,404,1,A,2368,N1,7.47,-0.621,20.693,2.187
Mpro,7ggq,OQL,404,1,A,2369,C4,8.458,0.748,24.29,30.191
Mpro,7ggq,OQL,404,1,A,2370,C5,8.195,-0.652,23.769,19.322
Mpro,7ggq,OQL,404,1,A,2371,C6,9.035,-0.927,22.512,2.415
Mpro,7ggq,OQL,404,1,A,2375,C13,3.244,2.176,20.61,24.153
Mpro,7ggq,OQL,404,1,A,2376,C15,5.054,0.797,21.344,3.623
Mpro,7ggq,OQL,404,1,A,2378,O,9.11,0.926,20.959,2.143
Mpro,7ggq,OQL,404,1,A,2379,N,9.886,0.972,24.475,2.187
Mpro,7ggq,OQL,404,1,A,2381,C2,12.189,0.731,23.852,2.415
Mpro,7ggq,OQL,404,1,A,2387,C14,3.922,1.51,21.619,19.322
Mpro,7ggq,OQL,404,1,A,2388,C12,3.697,2.137,19.324,2.415
Mpro,7ggp,P4R,404,1,A,2369,C4,9.535,1.633,24.427,19.322
Mpro,7ggp,P4R,404,1,A,2370,C5,8.71,0.422,24.048,15.699
Mpro,7ggp,P4R,404,1,A,2375,C13,3.883,1.943,19.459,2.415
Mpro,7ggp,P4R,404,1,A,2376,C15,4.082,1.446,21.79,21.737
Mpro,7ggp,P4R,404,1,A,2378,O2,9.183,1.38,21.052,2.143
Mpro,7ggp,P4R,404,1,A,2379,O,10.887,1.266,24.722,1.071
Mpro,7ggp,P4R,404,1,A,2382,C2,12.88,0.781,23.621,2.415
Mpro,7ggp,P4R,404,1,A,2387,O1,7.0,-2.64,21.512,10.715
Mpro,7ggp,P4R,404,1,A,2388,N,8.716,-1.651,22.699,9.842
Mpro,7ggp,P4R,404,1,A,2390,C16,5.234,0.745,21.572,3.623
Mpro,7ggp,P4R,404,1,A,2391,C14,3.405,2.038,20.735,21.737
Mpro,7ggt,P9O,404,1,A,2369,C4,10.496,1.291,24.206,18.114
Mpro,7ggt,P9O,404,1,A,2370,C5,9.695,0.078,23.811,22.945
Mpro,7ggt,P9O,404,1,A,2371,C6,10.317,-0.588,22.576,7.246
Mpro,7ggt,P9O,404,1,A,2373,C8,7.732,0.048,19.9,2.415
Mpro,7ggt,P9O,404,1,A,2375,C13,4.121,2.01,20.775,14.492
Mpro,7ggt,P9O,404,1,A,2378,O1,10.419,1.156,20.897,1.071
Mpro,7ggt,P9O,404,1,A,2379,O,11.856,0.93,24.519,1.071
Mpro,7ggt,P9O,404,1,A,2382,C2,13.88,0.419,23.47,1.208
Mpro,7ggt,P9O,404,1,A,2386,N,8.781,-0.378,20.723,3.281
Mpro,7ggt,P9O,404,1,A,2387,C14,6.233,1.137,21.614,6.038
Mpro,7ggt,P9O,404,1,A,2388,N2,5.216,2.185,21.744,17.497
Mpro,7ggt,P9O,404,1,A,2389,C12,4.614,2.169,19.355,4.831
Mpro,7ggs,P7R,404,1,A,2368,N1,3.575,1.704,19.563,3.281
Mpro,7ggs,P7R,404,1,A,2373,C7,9.13,-0.541,22.866,6.038
Mpro,7ggs,P7R,404,1,A,2374,C8,8.387,0.025,24.114,16.907
Mpro,7ggs,P7R,404,1,A,2380,C11,12.556,0.833,23.76,2.415
Mpro,7ggs,P7R,404,1,A,2382,O2,10.444,1.234,24.694,6.429
Mpro,7ggs,P7R,404,1,A,2383,C9,9.345,0.462,25.199,12.076
Mpro,7ggs,P7R,404,1,A,2384,O1,9.189,1.156,21.141,3.214
Mpro,7ggs,P7R,404,1,A,2387,C16,5.479,0.721,20.207,1.208
Mpro,7ggs,P7R,404,1,A,2389,C,4.858,0.431,22.682,25.36
Mpro,7ggs,P7R,404,1,A,2391,C1,3.43,1.438,20.894,2.415
Mpro,7ggs,P7R,404,1,A,2392,O,2.457,1.662,21.599,32.144
Mpro,7ggu,PJ6,404,1,A,2369,C4,11.669,0.683,23.653,1.208
Mpro,7ggu,PJ6,404,1,A,2370,C5,13.037,0.885,23.696,2.415
Mpro,7ggu,PJ6,404,1,A,2376,C15,3.954,1.89,19.519,6.038
Mpro,7ggu,PJ6,404,1,A,2377,C17,4.488,1.428,21.804,22.945
Mpro,7ggu,PJ6,404,1,A,2378,O2,9.241,1.602,21.026,2.143
Mpro,7ggu,PJ6,404,1,A,2382,O1,10.951,1.252,24.676,1.071
Mpro,7ggu,PJ6,404,1,A,2383,C3,9.594,1.574,24.337,20.53
Mpro,7ggu,PJ6,404,1,A,2384,C2,8.857,0.36,23.815,16.907
Mpro,7ggu,PJ6,404,1,A,2385,O,9.074,-1.59,22.523,1.071
Mpro,7ggu,PJ6,404,1,A,2386,C,9.864,-2.62,23.122,16.907
Mpro,7ggu,PJ6,404,1,A,2390,C18,5.646,0.803,21.438,3.623
Mpro,7ggu,PJ6,404,1,A,2391,C16,3.644,1.972,20.846,20.53
Mpro,7ggw,PKW,404,1,A,2368,N1,3.76,2.064,19.417,5.468
Mpro,7ggw,PKW,404,1,A,2369,N3,7.559,-0.295,21.017,2.187
Mpro,7ggw,PKW,404,1,A,2373,C7,9.146,-0.331,22.859,8.453
Mpro,7ggw,PKW,404,1,A,2374,C8,8.431,0.405,24.037,13.284
Mpro,7ggw,PKW,404,1,A,2380,C11,12.66,0.779,23.828,2.415
Mpro,7ggw,PKW,404,1,A,2382,O1,10.571,1.38,24.698,6.429
Mpro,7ggw,PKW,404,1,A,2383,C9,9.385,0.727,25.163,14.492
Mpro,7ggw,PKW,404,1,A,2384,O,9.215,1.255,21.037,3.214
Mpro,7ggw,PKW,404,1,A,2388,N,4.874,1.364,21.234,1.094
Mpro,7ggw,PKW,404,1,A,2389,C,5.166,1.181,22.65,27.775
Mpro,7ggw,PKW,404,1,A,2391,C1,3.79,2.006,20.723,20.53
Mpro,7ggv,PJX,404,1,A,2368,N1,7.276,-0.937,20.633,1.094
Mpro,7ggv,PJX,404,1,A,2374,C10,3.217,2.095,20.844,24.153
Mpro,7ggv,PJX,404,1,A,2380,C18,11.729,0.407,24.031,4.831
Mpro,7ggv,PJX,404,1,A,2383,C,9.56,1.306,25.67,22.945
Mpro,7ggv,PJX,404,1,A,2386,C2,7.884,-1.397,23.675,16.907
Mpro,7ggv,PJX,404,1,A,2387,C1,7.964,-0.03,24.35,18.114
Mpro,7ggv,PJX,404,1,A,2388,O,8.957,0.528,21.064,2.143
Mpro,7ggv,PJX,404,1,A,2389,C12,4.963,0.575,21.442,2.415
Mpro,7ggv,PJX,404,1,A,2390,C11,3.875,1.324,21.789,20.53
Mpro,7ggv,PJX,404,1,A,2391,C9,3.648,2.127,19.55,3.623
Mpro,7ggx,PQ6,404,1,A,2370,C5,12.613,0.962,23.594,2.415
Mpro,7ggx,PQ6,404,1,A,2376,C15,3.514,1.915,19.327,1.208
Mpro,7ggx,PQ6,404,1,A,2377,C17,3.639,1.588,21.691,19.322
Mpro,7ggx,PQ6,404,1,A,2382,O,10.527,1.191,24.618,2.143
Mpro,7ggx,PQ6,404,1,A,2383,C3,9.105,1.187,24.384,18.114
Mpro,7ggx,PQ6,404,1,A,2384,C2,8.591,-0.188,24.013,12.076
Mpro,7ggx,PQ6,404,1,A,2385,C,9.073,-2.269,22.671,3.623
Mpro,7ggx,PQ6,404,1,A,2386,N,7.657,-2.634,22.655,19.685
Mpro,7ggx,PQ6,404,1,A,2389,C18,4.867,1.006,21.572,7.246
Mpro,7ggx,PQ6,404,1,A,2390,C16,2.971,2.056,20.572,22.945
Mpro,7ggz,PVR,404,1,A,2373,N1,9.285,-1.764,23.12,1.094
Mpro,7ggz,PVR,404,1,A,2375,C4,10.038,-0.9,22.217,1.208
Mpro,7ggz,PVR,404,1,A,2381,C13,4.49,1.255,22.523,25.36
Mpro,7ggz,PVR,404,1,A,2382,C15,9.333,-3.673,24.655,4.831
Mpro,7ggz,PVR,404,1,A,2383,O1,9.426,1.137,21.107,4.286
Mpro,7ggz,PVR,404,1,A,2384,N2,8.05,-0.666,20.863,1.094
Mpro,7ggz,PVR,404,1,A,2386,C12,5.904,1.367,22.941,25.36
Mpro,7ggz,PVR,404,1,A,2387,C9,5.038,1.042,19.569,1.208
Mpro,7ggz,PVR,404,1,A,2388,C3,8.517,-0.981,24.092,6.038
Mpro,7ggz,PVR,404,1,A,2389,C2,7.611,-1.897,24.888,8.453
Mpro,7ggz,PVR,404,1,A,2392,C1,8.217,-3.196,26.854,1.208
Mpro,7ggz,PVR,404,1,A,2393,O,7.851,-2.305,27.607,7.5
Mpro,7ggz,PVR,404,1,A,2394,C,8.411,-4.599,27.345,9.661
Mpro,7ggy,PUU,404,1,A,2368,N1,8.196,-0.632,20.303,1.094
Mpro,7ggy,PUU,404,1,A,2369,C4,9.805,-1.066,22.058,1.208
Mpro,7ggy,PUU,404,1,A,2374,C10,4.31,2.135,19.261,4.831
Mpro,7ggy,PUU,404,1,A,2375,C13,5.858,0.829,21.162,4.831
Mpro,7ggy,PUU,404,1,A,2385,O,9.947,2.476,25.343,15.0
Mpro,7ggy,PUU,404,1,A,2386,C,10.579,3.175,23.168,22.945
Mpro,7ggy,PUU,404,1,A,2387,C3,8.984,-0.951,23.37,18.114
Mpro,7ggy,PUU,404,1,A,2388,C2,9.731,-0.218,24.484,14.492
Mpro,7ggy,PUU,404,1,A,2391,C12,4.75,1.537,21.532,22.945
Mpro,7ggy,PUU,404,1,A,2392,C11,3.977,2.187,20.584,24.153
Mpro,7gh0,PWR,404,1,A,2368,N1,7.073,-0.257,21.306,1.094
Mpro,7gh0,PWR,404,1,A,2369,C4,8.211,-0.343,24.063,24.153
Mpro,7gh0,PWR,404,1,A,2370,C5,9.146,0.261,25.087,12.076
Mpro,7gh0,PWR,404,1,A,2372,C7,12.292,0.788,23.639,6.038
Mpro,7gh0,PWR,404,1,A,2375,C13,4.349,0.467,21.799,9.661
Mpro,7gh0,PWR,404,1,A,2376,C15,2.481,1.792,21.109,28.983
Mpro,7gh0,PWR,404,1,A,2381,O2,10.136,1.118,24.503,7.5
Mpro,7gh0,PWR,404,1,A,2382,C3,8.955,-0.777,22.747,6.038
Mpro,7gh0,PWR,404,1,A,2383,C2,8.383,-0.012,21.551,1.208
Mpro,7gh0,PWR,404,1,A,2384,O1,9.034,0.844,20.955,3.214
Mpro,7gh0,PWR,404,1,A,2387,C12,4.957,0.613,20.527,2.415
Mpro,7gh0,PWR,404,1,A,2391,C16,3.018,1.953,19.865,3.623
Mpro,7gh0,PWR,404,1,A,2392,C14,3.144,1.05,22.073,22.945
Mpro,7gh3,Q1C,404,1,A,2368,N1,6.883,-0.386,21.026,1.094
Mpro,7gh3,Q1C,404,1,A,2369,C4,8.503,-0.66,22.8,16.907
Mpro,7gh3,Q1C,404,1,A,2370,C5,8.128,-0.078,21.448,2.415
Mpro,7gh3,Q1C,404,1,A,2376,O,8.91,0.638,20.827,2.143
Mpro,7gh3,Q1C,404,1,A,2377,N,9.935,-0.558,23.048,1.094
Mpro,7gh3,Q1C,404,1,A,2378,C3,10.241,-0.728,24.485,3.623
Mpro,7gh3,Q1C,404,1,A,2379,C2,11.744,-0.609,24.749,1.208
Mpro,7gh3,Q1C,404,1,A,2383,C11,4.452,1.128,21.441,32.606
Mpro,7gh3,Q1C,404,1,A,2384,C9,4.554,1.586,18.964,3.623
Mpro,7gh2,Q0I,404,1,A,2369,C4,9.206,-0.258,23.02,2.415
Mpro,7gh2,Q0I,404,1,A,2370,C5,8.504,0.566,24.118,19.322
Mpro,7gh2,Q0I,404,1,A,2371,C6,9.452,0.851,25.255,14.492
Mpro,7gh2,Q0I,404,1,A,2376,C15,5.204,0.69,21.584,3.623
Mpro,7gh2,Q0I,404,1,A,2377,C17,3.381,2.007,20.773,20.53
Mpro,7gh2,Q0I,404,1,A,2382,C12,12.707,1.005,23.81,2.415
Mpro,7gh2,Q0I,404,1,A,2383,O2,10.642,1.509,24.793,6.429
Mpro,7gh2,Q0I,404,1,A,2386,O1,9.101,1.117,21.056,3.214
Mpro,7gh2,Q0I,404,1,A,2389,O,8.451,-2.692,21.895,10.715
Mpro,7gh2,Q0I,404,1,A,2390,C1,6.369,-2.771,20.755,1.208
Mpro,7gh2,Q0I,404,1,A,2391,C,6.755,-3.877,19.787,3.623
Mpro,7gh2,Q0I,404,1,A,2394,C18,3.887,1.98,19.506,2.415
Mpro,7gh2,Q0I,404,1,A,2395,C16,4.034,1.357,21.809,22.945
Mpro,7gh1,PZ6,404,1,A,2373,N1,7.384,-0.484,20.956,2.187
Mpro,7gh1,PZ6,404,1,A,2375,C5,9.176,0.27,25.296,4.831
Mpro,7gh1,PZ6,404,1,A,2376,C6,7.954,0.771,25.705,13.284
Mpro,7gh1,PZ6,404,1,A,2377,C7,6.801,0.304,25.111,3.623
Mpro,7gh1,PZ6,404,1,A,2378,C8,6.826,-0.651,24.116,3.623
Mpro,7gh1,PZ6,404,1,A,2381,C15,3.629,2.216,19.4,2.415
Mpro,7gh1,PZ6,404,1,A,2382,C17,3.814,1.688,21.725,13.284
Mpro,7gh1,PZ6,404,1,A,2383,O1,6.363,-2.482,20.907,1.071
Mpro,7gh1,PZ6,404,1,A,2386,CL,5.263,0.907,25.651,51.123
Mpro,7gh1,PZ6,404,1,A,2390,C,7.66,-3.583,23.102,14.492
Mpro,7gh1,PZ6,404,1,A,2391,N,6.231,-3.744,23.365,17.497
Mpro,7gh1,PZ6,404,1,A,2392,C11,6.685,0.125,19.895,1.208
Mpro,7gh1,PZ6,404,1,A,2394,C18,4.964,0.987,21.505,4.831
Mpro,7gh1,PZ6,404,1,A,2395,C16,3.148,2.301,20.675,22.945
Mpro,7gh5,Q2G,1001,1,A,2361,N1,7.534,-0.629,20.726,1.094
Mpro,7gh5,Q2G,1001,1,A,2364,C6,8.73,-0.149,21.177,1.208
Mpro,7gh5,Q2G,1001,1,A,2365,C7,10.589,-0.677,22.662,3.623
Mpro,7gh5,Q2G,1001,1,A,2366,C8,10.892,0.294,23.612,9.661
Mpro,7gh5,Q2G,1001,1,A,2370,C9,12.214,0.642,23.844,4.831
Mpro,7gh5,Q2G,1001,1,A,2372,N2,9.276,-0.883,22.192,12.029
Mpro,7gh5,Q2G,1001,1,A,2373,O,9.271,0.847,20.717,2.143
Mpro,7gh5,Q2G,1001,1,A,2375,C,5.182,0.961,21.381,22.945
Mpro,7gh5,Q2G,1001,1,A,2378,C2,5.007,1.341,18.899,2.415
Mpro,7gh4,Q1U,404,1,A,2373,C8,9.167,-0.334,21.129,3.623
Mpro,7gh4,Q1U,404,1,A,2374,C10,11.118,-0.891,22.554,2.415
Mpro,7gh4,Q1U,404,1,A,2377,C17,5.345,0.849,21.266,6.038
Mpro,7gh4,Q1U,404,1,A,2380,C12,12.913,0.409,23.508,2.415
Mpro,7gh4,Q1U,404,1,A,2381,C11,11.569,0.074,23.446,8.453
Mpro,7gh4,Q1U,404,1,A,2382,C9,9.64,-1.117,22.338,20.53
Mpro,7gh4,Q1U,404,1,A,2383,O1,9.922,0.395,20.496,2.143
Mpro,7gh4,Q1U,404,1,A,2386,C3,4.139,2.115,19.1,1.208
Mpro,7gh4,Q1U,404,1,A,2387,C2,3.617,2.246,20.352,15.699
Mpro,7gh4,Q1U,404,1,A,2388,C1,4.221,1.615,21.433,2.415
Mpro,7gh4,Q1U,404,1,A,2389,O,3.592,1.811,22.635,15.0
Mpro,7gh4,Q1U,404,1,A,2390,C,4.137,1.181,23.796,48.305
Mpro,7gh6,Q2U,1001,1,A,2365,C7,9.338,-2.473,22.274,6.038
Mpro,7gh6,Q2U,1001,1,A,2366,C8,7.841,-2.521,22.211,21.737
Mpro,7gh6,Q2U,1001,1,A,2369,C15,2.531,2.133,21.066,32.606
Mpro,7gh6,Q2U,1001,1,A,2370,C17,4.04,0.36,21.646,12.076
Mpro,7gh6,Q2U,1001,1,A,2374,C18,4.651,0.464,20.393,3.623
Mpro,7gh6,Q2U,1001,1,A,2375,C16,2.982,1.193,21.969,24.153
Mpro,7gh6,Q2U,1001,1,A,2376,C14,3.152,2.284,19.837,6.038
Mpro,7gh6,Q2U,1001,1,A,2378,O2,5.401,-2.569,20.884,4.286
Mpro,7gh6,Q2U,1001,1,A,2379,N,7.318,-1.482,21.338,2.187
Mpro,7gh6,Q2U,1001,1,A,2380,O1,9.711,-1.128,22.612,2.143
Mpro,7gh6,Q2U,1001,1,A,2382,O,10.238,1.23,23.526,7.5
Mpro,7gh6,Q2U,1001,1,A,2383,C,10.456,2.559,24.008,24.153
Mpro,7gh6,Q2U,1001,1,A,2385,C2,12.641,0.958,23.161,2.415
Mpro,7gh7,Q36,1001,1,A,2364,C6,5.72,1.297,18.912,2.415
Mpro,7gh7,Q36,1001,1,A,2366,C8,5.965,1.04,21.403,21.737
Mpro,7gh7,Q36,1001,1,A,2367,C10,11.937,-0.031,23.44,1.208
Mpro,7gh7,Q36,1001,1,A,2373,C11,13.293,0.257,23.505,2.415
Mpro,7gh7,Q36,1001,1,A,2375,C1,9.949,-1.201,22.358,1.208
Mpro,7gh7,Q36,1001,1,A,2376,C,9.191,-1.005,23.677,35.021
Mpro,7gh7,Q36,1001,1,A,2378,O,10.053,0.606,20.759,2.143
Mpro,7gha,Q4F,1001,1,A,2362,C4,6.884,-2.954,23.404,26.568
Mpro,7gha,Q4F,1001,1,A,2364,C6,8.465,-1.785,22.151,10.869
Mpro,7gha,Q4F,1001,1,A,2365,C7,9.946,-2.095,24.09,12.076
Mpro,7gha,Q4F,1001,1,A,2367,C10,12.513,0.682,23.734,7.246
Mpro,7gha,Q4F,1001,1,A,2372,C9,11.418,-0.051,24.163,6.038
Mpro,7gha,Q4F,1001,1,A,2373,C3,8.205,-3.729,23.433,12.076
Mpro,7gha,Q4F,1001,1,A,2374,C2,8.019,-4.654,22.233,2.415
Mpro,7gha,Q4F,1001,1,A,2377,O,6.496,-5.198,19.783,1.071
Mpro,7gha,Q4F,1001,1,A,2378,C,7.024,-3.028,18.951,6.038
Mpro,7gh8,Q3U,1001,1,A,2362,N3,9.222,-0.772,22.287,12.029
Mpro,7gh8,Q3U,1001,1,A,2363,C4,8.581,-0.006,21.353,3.623
Mpro,7gh8,Q3U,1001,1,A,2364,C5,10.525,-0.505,22.76,1.208
Mpro,7gh8,Q3U,1001,1,A,2365,C6,10.76,0.554,23.629,14.492
Mpro,7gh8,Q3U,1001,1,A,2366,C7,12.049,1.032,23.801,7.246
Mpro,7gh8,Q3U,1001,1,A,2371,O,9.046,1.04,20.908,5.357
Mpro,7gh8,Q3U,1001,1,A,2372,N2,7.389,-0.531,20.937,3.281
Mpro,7gh8,Q3U,1001,1,A,2376,C11,5.442,0.739,20.142,8.453
Mpro,7gh8,Q3U,1001,1,A,2378,N,3.659,2.123,19.312,17.497
Mpro,7gh9,Q45,1001,1,A,2366,C7,11.14,-1.873,22.709,3.623
Mpro,7gh9,Q45,1001,1,A,2367,C8,9.021,-0.729,22.681,16.907
Mpro,7gh9,Q45,1001,1,A,2371,C9,8.473,0.02,21.48,1.208
Mpro,7gh9,Q45,1001,1,A,2372,N2,7.286,-0.431,21.025,3.281
Mpro,7gh9,Q45,1001,1,A,2374,C12,4.854,1.424,18.955,3.623
Mpro,7gh9,Q45,1001,1,A,2375,C11,5.401,0.797,20.059,1.208
Mpro,7gh9,Q45,1001,1,A,2376,C3,10.927,0.208,23.946,2.415
Mpro,7gh9,Q45,1001,1,A,2377,C2,10.121,1.472,24.263,12.076
Mpro,7gh9,Q45,1001,1,A,2379,N,10.653,3.819,24.658,1.094
Mpro,7gh9,Q45,1001,1,A,2381,O,10.13,6.069,25.47,27.858
Mpro,7gh9,Q45,1001,1,A,2382,O1,11.732,5.764,23.627,2.143
Mpro,7gh9,Q45,1001,1,A,2383,C,9.21,5.536,23.115,13.284
Mpro,7ghb,Q4R,1001,1,A,2367,N1,7.738,-0.514,21.037,1.094
Mpro,7ghb,Q4R,1001,1,A,2371,C6,5.01,1.187,19.221,4.831
Mpro,7ghb,Q4R,1001,1,A,2373,C8,5.213,0.771,21.699,26.568
Mpro,7ghb,Q4R,1001,1,A,2376,C15,9.672,-4.78,26.413,1.208
Mpro,7ghb,Q4R,1001,1,A,2378,O2,11.892,0.608,23.557,1.071
Mpro,7ghb,Q4R,1001,1,A,2382,C16,9.063,-3.64,25.923,14.492
Mpro,7ghb,Q4R,1001,1,A,2387,C,8.431,-0.24,24.719,18.114
Mpro,7ghb,Q4R,1001,1,A,2388,C1,9.528,-0.983,22.578,1.208
Mpro,7ghb,Q4R,1001,1,A,2390,O,9.519,0.912,21.099,3.214
Mpro,7jp0,VJA,401,1,A,2391,C1,-16.621,10.502,-2.588,27.775
Mpro,7jp0,VJA,401,1,A,2399,C2,-17.421,9.51,-3.158,16.907
Mpro,7jp0,VJA,401,1,A,2401,C21,-10.437,2.385,1.883,1.208
Mpro,7jp0,VJA,401,1,A,2402,C22,-9.812,3.615,2.531,15.699
Mpro,7jp0,VJA,401,1,A,2405,C30,-13.669,5.369,-0.305,1.208
Mpro,7jp0,VJA,401,1,A,2406,C31,-13.614,6.733,-0.993,33.814
Mpro,7jp0,VJA,401,1,A,2407,C32,-12.609,4.4,-0.816,27.775
Mpro,7jp0,VJA,401,1,A,2414,C6,-16.525,10.615,-1.205,8.453
Mpro,7jp0,VJA,401,1,A,2418,N13,-15.585,2.438,-0.381,1.094
Mpro,7jp0,VJA,401,1,A,2421,O11,-11.781,-1.789,1.514,18.215
Mpro,7jp0,VJA,401,1,A,2425,O38,-13.605,0.1,-0.375,13.929
Mpro,7mat,H37,401,1,A,4267,N,31.646,-5.013,2.168,5.468
Mpro,7mat,H37,401,1,A,4269,C,32.034,-7.359,1.702,2.415
Mpro,7mat,H37,401,1,A,4270,O,31.057,-7.366,1.056,1.071
Mpro,7mat,H37,401,1,A,4271,CB,33.784,-5.718,1.152,1.208
Mpro,7mat,H37,401,1,A,4274,CD2,33.41,-3.605,-0.165,3.623
Mpro,7mat,H37,401,1,A,4276,CE2,33.003,-2.943,-1.3,4.831
Mpro,7mat,H37,401,1,A,4277,CZ,32.509,-3.634,-2.385,1.208
Mpro,7mat,H37,401,1,A,4280,C1,32.172,-10.585,3.091,1.208
Mpro,7mat,H37,401,1,A,4281,O1,32.476,-9.937,4.028,10.715
Mpro,7mat,H37,401,1,A,4282,CB1,33.24,-10.572,0.824,1.208
Mpro,7mat,H37,401,1,A,4292,O2,30.512,-11.193,5.649,4.286
Mpro,7mat,H37,401,1,A,4293,CB2,32.75,-13.021,5.207,1.208
Mpro,7mat,H37,401,1,A,4295,CD,33.449,-14.298,7.282,4.831
Mpro,7mat,H37,401,1,A,4296,NE,32.829,-14.287,8.594,3.281
Mpro,7mat,H37,401,1,A,4297,CZ2,32.441,-13.081,9.323,6.038
Mpro,7mat,H37,401,1,A,4298,NH2,31.835,-13.222,10.631,10.936
Mpro,7mat,H37,401,1,A,4299,NH1,32.59,-11.907,8.901,9.842
Mpro,7mat,H37,401,1,A,4302,HNA,31.347,-4.918,2.998,11.893
Mpro,7mat,H37,401,1,A,4303,HA,33.027,-6.136,3.021,12.742
Mpro,7mat,H37,401,1,A,4304,HB,34.206,-6.547,0.875,1.699
Mpro,7mat,H37,401,1,A,4305,HBA,34.447,-5.184,1.614,12.742
Mpro,7mat,H37,401,1,A,4307,HD2,33.736,-3.12,0.556,16.99
Mpro,7mat,H37,401,1,A,4309,HE2,33.067,-2.022,-1.326,4.247
Mpro,7mat,H37,401,1,A,4310,HZ,32.237,-3.18,-3.15,0.849
Mpro,7mat,H37,401,1,A,4311,HN1,33.422,-8.505,2.567,6.796
Mpro,7mat,H37,401,1,A,4313,HB1,34.147,-10.341,1.072,5.946
Mpro,7mat,H37,401,1,A,4316,HD21,34.58,-8.932,-0.826,1.699
Mpro,7mat,H37,401,1,A,4322,HB2,32.973,-12.198,5.666,4.247
Mpro,7mat,H37,401,1,A,4323,HB2A,33.511,-13.312,4.683,10.194
Mpro,7mat,H37,401,1,A,4326,HD,34.13,-13.613,7.217,11.893
Mpro,7mat,H37,401,1,A,4327,HDA,33.869,-15.161,7.167,1.699
Mpro,7mat,H37,401,1,A,4328,HNE,32.688,-15.051,8.962,3.398
Mpro,7mat,H37,401,1,A,4329,HNH2,31.598,-12.518,11.063,11.043
Mpro,7mat,H37,401,1,A,4330,HNHA,31.701,-13.999,10.975,11.043
Mpro,7mat,H37,401,1,A,4331,HNH1,32.945,-11.703,8.117,5.097
Mpro,7k6d,SV6,402,1,A,2331,CBN,11.932,8.39,26.525,1.208
Mpro,7k6d,SV6,402,1,A,2332,CBO,12.566,7.928,28.708,15.699
Mpro,7k6d,SV6,402,1,A,2333,CBP,12.584,9.308,28.993,31.398
Mpro,7k6d,SV6,402,1,A,2334,CBB,11.522,7.883,25.175,4.831
Mpro,7k6d,SV6,402,1,A,2335,CBQ,11.925,9.774,26.815,16.907
Mpro,7k6d,SV6,402,1,A,2336,OBW,11.315,8.649,24.239,3.214
Mpro,7k6d,SV6,402,1,A,2337,NAF,12.222,7.467,27.479,2.187
Mpro,7k6d,SV6,402,1,A,2338,NAG,12.265,10.221,28.048,18.591
Mpro,7k6d,SV6,402,1,A,2339,NAD,11.332,6.531,25.055,1.094
Mpro,7k6d,SV6,402,1,A,2340,CAY,10.852,5.93,23.813,2.415
Mpro,7k6d,SV6,402,1,A,2352,CBC,5.983,2.157,24.406,19.322
Mpro,7k6d,SV6,402,1,A,2353,CBD,6.458,4.514,24.905,39.852
Mpro,7k6d,SV6,402,1,A,2354,CBA,6.244,3.753,22.502,13.284
Mpro,7k6d,SV6,402,1,A,2359,O,7.656,-1.567,24.003,18.215
Mpro,7k6d,SV6,402,1,A,2362,CG,10.739,-0.36,25.234,1.208
Mpro,7k6d,SV6,402,1,A,2365,CD1,9.542,0.578,25.183,6.038
Mpro,7k6d,SV6,402,1,A,2367,NAA,5.111,-5.312,22.29,2.187
Mpro,7k6d,SV6,402,1,A,2373,CAL,5.3,0.468,19.734,3.623
Mpro,7k6d,SV6,402,1,A,2376,CAO,3.52,-6.347,23.97,22.945
Mpro,7k6d,SV6,402,1,A,2377,CAP,2.708,-5.395,23.122,15.699
Mpro,7k6e,SV6,402,1,A,2348,CBN,11.868,8.331,26.508,3.623
Mpro,7k6e,SV6,402,1,A,2349,CBO,12.601,7.915,28.648,16.907
Mpro,7k6e,SV6,402,1,A,2350,CBP,12.539,9.293,28.937,30.191
Mpro,7k6e,SV6,402,1,A,2351,CBB,11.438,7.822,25.163,4.831
Mpro,7k6e,SV6,402,1,A,2352,CBQ,11.782,9.715,26.804,16.907
Mpro,7k6e,SV6,402,1,A,2353,OBW,11.228,8.612,24.257,4.286
Mpro,7k6e,SV6,402,1,A,2354,NAF,12.255,7.423,27.437,2.187
Mpro,7k6e,SV6,402,1,A,2355,NAG,12.14,10.195,28.02,18.591
Mpro,7k6e,SV6,402,1,A,2356,NAD,11.249,6.474,24.995,1.094
Mpro,7k6e,SV6,402,1,A,2357,CAY,10.764,5.907,23.739,2.415
Mpro,7k6e,SV6,402,1,A,2369,CBC,5.909,2.077,24.375,24.153
Mpro,7k6e,SV6,402,1,A,2370,CBD,6.343,4.479,24.846,39.852
Mpro,7k6e,SV6,402,1,A,2371,CBA,6.235,3.72,22.505,10.869
Mpro,7k6e,SV6,402,1,A,2376,O,7.711,-1.694,24.017,17.143
Mpro,7k6e,SV6,402,1,A,2382,CD1,9.591,0.47,25.174,4.831
Mpro,7k6e,SV6,402,1,A,2384,NAA,5.019,-5.337,22.273,2.187
Mpro,7k6e,SV6,402,1,A,2389,CAK,5.433,-0.118,21.211,1.208
Mpro,7k6e,SV6,402,1,A,2390,CAL,4.039,0.5,21.072,15.699
Mpro,7k6e,SV6,402,1,A,2393,CAO,3.397,-6.42,23.918,24.153
Mpro,7k6e,SV6,402,1,A,2394,CAP,2.61,-5.414,23.11,9.661
Mpro,7mau,DIO,501,1,B,4480,C1',-12.089,-12.249,21.172,2.415
Mpro,7mau,DIO,501,1,B,4481,C2',-11.156,-10.522,19.908,3.623
Mpro,7mau,DIO,501,1,B,4483,O1',-12.248,-10.95,20.686,9.643
Mpro,7mau,DIO,501,1,B,4488,H1'1,-12.867,-12.484,21.701,22.087
Mpro,7mau,DIO,501,1,B,4490,H2'1,-11.321,-10.781,18.988,0.849
Mpro,7mau,DIO,501,1,B,4491,H2'2,-11.107,-9.554,19.964,3.398
Mpro,7mau,YVP,503,1,B,4498,C01,-14.725,-8.98,23.001,1.208
Mpro,7mau,YVP,503,1,B,4500,C08,-14.957,-6.78,21.91,6.038
Mpro,7mau,YVP,503,1,B,4501,C11,-16.313,-4.693,24.276,6.038
Mpro,7mau,YVP,503,1,B,4502,C12,-16.77,-3.609,24.381,26.568
Mpro,7mau,YVP,503,1,B,4503,O03,-15.561,-9.572,22.394,20.358
Mpro,7mau,YVP,503,1,B,4504,O09,-14.89,-5.799,22.89,7.5
Mpro,7mau,YVP,503,1,B,4508,O14,-13.271,-11.823,24.582,4.286
Mpro,7mau,YVP,503,1,B,4510,C40,-15.817,-9.451,27.389,1.208
Mpro,7mau,YVP,503,1,B,4512,C41,-16.591,-8.436,26.859,2.415
Mpro,7mau,YVP,503,1,B,4515,C37,-17.323,-7.892,29.088,1.208
Mpro,7mau,YVP,503,1,B,4518,C16,-14.513,-14.863,23.152,2.415
Mpro,7mau,YVP,503,1,B,4519,O19,-14.73,-14.268,22.188,11.786
Mpro,7mau,YVP,503,1,B,4530,C31,-15.744,-17.813,20.945,3.623
Mpro,7mau,YVP,503,1,B,4533,C34,-15.368,-17.796,17.668,4.831
Mpro,7mau,YVP,503,1,B,4534,N35,-16.5,-16.904,17.855,9.842
Mpro,7mau,YVP,503,1,B,4535,N36,-14.693,-17.719,16.606,13.123
Mpro,7mau,YVP,503,1,B,4538,C29,-11.281,-15.782,22.33,3.623
Mpro,7mau,YVP,503,1,B,4540,H101,-16.303,-6.71,23.871,5.946
Mpro,7mau,YVP,503,1,B,4542,H052,-13.536,-8.203,21.536,5.946
Mpro,7mau,YVP,503,1,B,4543,H082,-15.824,-7.137,21.869,10.194
Mpro,7mau,YVP,503,1,B,4544,H081,-14.727,-6.418,21.074,19.538
Mpro,7mau,YVP,503,1,B,4545,H121,-17.123,-2.774,24.437,22.087
Mpro,7mau,YVP,503,1,B,4547,H041,-15.99,-10.234,24.623,5.097
Mpro,7mau,YVP,503,1,B,4551,H411,-16.602,-8.28,25.944,1.699
Mpro,7mau,YVP,503,1,B,4553,H421,-17.88,-6.974,27.374,12.742
Mpro,7mau,YVP,503,1,B,4554,H371,-17.836,-7.364,29.654,13.592
Mpro,7mau,YVP,503,1,B,4555,H131,-16.116,-12.889,24.677,7.645
Mpro,7mau,YVP,503,1,B,4558,H172,-16.324,-15.253,25.245,6.796
Mpro,7mau,YVP,503,1,B,4560,H251,-17.326,-13.705,26.931,5.097
Mpro,7mau,YVP,503,1,B,4566,H281,-15.03,-15.901,20.853,1.699
Mpro,7mau,YVP,503,1,B,4568,H311,-15.673,-18.188,21.803,2.548
Mpro,7mau,YVP,503,1,B,4569,H312,-16.575,-17.384,20.858,11.893
Mpro,7mau,YVP,503,1,B,4571,H322,-16.582,-19.156,19.701,2.548
Mpro,7mau,YVP,503,1,B,4573,H5,-16.701,-16.33,17.234,16.99
Mpro,7mau,YVP,503,1,B,4574,H361,-14.901,-17.126,16.0,12.742
Mpro,7mau,YVP,503,1,B,4575,H351,-16.978,-16.949,18.578,10.194
Mpro,7mau,YVP,403,1,A,4579,C01,30.286,-6.356,7.688,1.208
Mpro,7mau,YVP,403,1,A,4580,C05,29.593,-5.565,8.793,1.208
Mpro,7mau,YVP,403,1,A,4581,C08,30.144,-4.132,8.806,4.831
Mpro,7mau,YVP,403,1,A,4582,C11,32.025,-2.871,7.231,7.246
Mpro,7mau,YVP,403,1,A,4583,C12,33.084,-3.362,7.281,21.737
Mpro,7mau,YVP,403,1,A,4584,O03,31.207,-7.057,7.955,27.858
Mpro,7mau,YVP,403,1,A,4589,O14,28.623,-8.454,5.185,3.214
Mpro,7mau,YVP,403,1,A,4593,C41,32.144,-4.778,4.085,2.415
Mpro,7mau,YVP,403,1,A,4596,C37,32.863,-3.591,2.119,1.208
Mpro,7mau,YVP,403,1,A,4600,O19,30.535,-11.763,6.54,21.429
Mpro,7mau,YVP,403,1,A,4613,N33,31.696,-15.966,8.96,3.281
Mpro,7mau,YVP,403,1,A,4614,C34,30.956,-16.342,10.157,3.623
Mpro,7mau,YVP,403,1,A,4615,N35,31.207,-15.609,11.388,7.655
Mpro,7mau,YVP,403,1,A,4616,N36,30.112,-17.274,10.157,12.029
Mpro,7mau,YVP,403,1,A,4619,C29,26.803,-12.918,6.383,6.038
Mpro,7mau,YVP,403,1,A,4620,H102,30.498,-1.709,7.924,9.344
Mpro,7mau,YVP,403,1,A,4623,H052,29.757,-5.972,9.623,18.689
Mpro,7mau,YVP,403,1,A,4624,H082,31.079,-4.158,8.896,5.946
Mpro,7mau,YVP,403,1,A,4625,H081,29.773,-3.66,9.527,11.893
Mpro,7mau,YVP,403,1,A,4626,H121,33.879,-3.77,7.337,21.237
Mpro,7mau,YVP,403,1,A,4628,H041,31.384,-7.008,5.645,2.548
Mpro,7mau,YVP,403,1,A,4634,H421,33.65,-3.444,3.969,7.645
Mpro,7mau,YVP,403,1,A,4635,H371,33.436,-2.982,1.715,10.194
Mpro,7mau,YVP,403,1,A,4636,H131,31.518,-9.486,4.779,8.495
Mpro,7mau,YVP,403,1,A,4639,H172,31.526,-11.566,3.336,5.946
Mpro,7mau,YVP,403,1,A,4641,H251,32.559,-9.531,2.318,5.097
Mpro,7mau,YVP,403,1,A,4647,H281,31.103,-14.344,6.375,6.796
Mpro,7mau,YVP,403,1,A,4648,H282,30.236,-14.163,7.626,0.849
Mpro,7mau,YVP,403,1,A,4651,H321,32.248,-16.5,7.146,9.344
Mpro,7mau,YVP,403,1,A,4653,H331,32.272,-15.318,9.006,16.99
Mpro,7mau,YVP,403,1,A,4654,H5,31.796,-14.97,11.4,13.592
Mpro,7mau,YVP,403,1,A,4656,H351,30.782,-15.82,12.116,13.592
Mpro,7mat,H37,402,1,B,4427,N,-12.651,-1.263,20.588,6.562
Mpro,7mat,H37,402,1,B,4429,C,-12.855,-3.449,21.67,1.208
Mpro,7mat,H37,402,1,B,4431,CB,-14.513,-1.676,22.164,1.208
Mpro,7mat,H37,402,1,B,4433,CD1,-13.986,0.727,22.738,1.208
Mpro,7mat,H37,402,1,B,4435,CE1,-13.409,1.698,23.545,4.831
Mpro,7mat,H37,402,1,B,4441,O1,-12.567,-6.794,19.951,5.357
Mpro,7mat,H37,402,1,B,4452,O2,-10.765,-8.348,18.652,2.143
Mpro,7mat,H37,402,1,B,4455,CD,-13.794,-11.87,18.676,2.415
Mpro,7mat,H37,402,1,B,4456,NE,-13.215,-12.082,17.36,1.094
Mpro,7mat,H37,402,1,B,4457,CZ2,-13.582,-11.235,16.235,6.038
Mpro,7mat,H37,402,1,B,4458,NH2,-12.991,-11.47,14.931,7.655
Mpro,7mat,H37,402,1,B,4459,NH1,-14.405,-10.3,16.373,14.217
Mpro,7mat,H37,402,1,B,4460,C3,-9.087,-8.789,20.247,2.415
Mpro,7mat,H37,402,1,B,4462,HNA,-13.065,-0.485,20.464,10.194
Mpro,7mat,H37,402,1,B,4463,HA,-14.129,-2.514,20.311,16.99
Mpro,7mat,H37,402,1,B,4465,HBA,-15.281,-1.272,21.731,7.645
Mpro,7mat,H37,402,1,B,4466,HD1,-14.461,0.979,21.979,13.592
Mpro,7mat,H37,402,1,B,4468,HE1,-13.491,2.598,23.325,5.097
Mpro,7mat,H37,402,1,B,4471,HN1,-14.122,-4.924,21.106,11.043
Mpro,7mat,H37,402,1,B,4473,HB1,-13.204,-7.325,23.547,2.548
Mpro,7mat,H37,402,1,B,4474,HB1A,-14.446,-6.487,23.033,9.344
Mpro,7mat,H37,402,1,B,4475,HD11,-15.104,-4.513,24.225,0.849
Mpro,7mat,H37,402,1,B,4483,HB2A,-13.652,-9.579,20.24,10.194
Mpro,7mat,H37,402,1,B,4486,HD,-14.514,-11.223,18.609,8.495
Mpro,7mat,H37,402,1,B,4488,HNE,-12.647,-12.717,17.244,2.548
Mpro,7mat,H37,402,1,B,4489,HNH2,-13.205,-10.968,14.264,13.592
Mpro,7mat,H37,402,1,B,4490,HNHA,-12.425,-12.108,14.828,7.645
Mpro,7mat,H37,402,1,B,4491,HNH1,-14.619,-9.79,15.676,15.291
Mpro,7mav,YVY,401,1,A,2279,C10,27.541,-5.719,27.079,1.208
Mpro,7mav,YVY,401,1,A,2280,C01,25.908,-8.834,28.633,1.208
Mpro,7mav,YVY,401,1,A,2282,C08,26.123,-6.44,28.815,1.208
Mpro,7mav,YVY,401,1,A,2283,C11,28.293,-4.734,27.978,9.661
Mpro,7mav,YVY,401,1,A,2284,C12,28.874,-3.962,28.667,48.305
Mpro,7mav,YVY,401,1,A,2285,O03,26.816,-9.24,29.286,26.786
Mpro,7mav,YVY,401,1,A,2286,O09,27.081,-6.803,27.842,3.214
Mpro,7mav,YVY,401,1,A,2289,C06,25.664,-11.996,27.204,1.208
Mpro,7mav,YVY,401,1,A,2290,O14,24.5,-12.082,26.954,2.143
Mpro,7mav,YVY,401,1,A,2294,C41,28.816,-9.407,25.278,2.415
Mpro,7mav,YVY,401,1,A,2296,C42,29.536,-8.343,24.755,2.415
Mpro,7mav,YVY,401,1,A,2297,C37,28.924,-7.444,23.903,1.208
Mpro,7mav,YVY,401,1,A,2301,O19,26.068,-14.459,29.859,23.572
Mpro,7mav,YVY,401,1,A,2310,C28,26.301,-17.218,31.161,1.208
Mpro,7mav,YVY,401,1,A,2312,C29,22.778,-15.779,30.138,3.623
Mpro,7mav,YVY,401,1,A,2314,C32,28.362,-18.54,31.438,3.623
Mpro,7mav,YVY,401,1,A,2315,C34,29.068,-19.901,33.424,6.038
Mpro,7mav,YVY,401,1,A,2317,N33,28.013,-19.348,32.596,2.187
Mpro,7mav,YVY,401,1,A,2318,N35,30.479,-19.66,33.118,6.562
Mpro,7mav,YVY,401,1,A,2320,O36,28.782,-20.584,34.336,17.143
Mpro,7mav,YVY,401,1,A,2322,H101,28.12,-6.033,26.409,2.548
Mpro,7mav,YVY,401,1,A,2323,H051,25.026,-7.661,30.065,14.441
Mpro,7mav,YVY,401,1,A,2325,H082,25.618,-5.718,28.49,4.247
Mpro,7mav,YVY,401,1,A,2326,H081,26.568,-6.182,29.6,12.742
Mpro,7mav,YVY,401,1,A,2327,H121,29.316,-3.364,29.195,23.786
Mpro,7mav,YVY,401,1,A,2329,H041,27.069,-10.47,27.634,1.699
Mpro,7mav,YVY,401,1,A,2333,H411,29.23,-10.009,25.85,5.097
Mpro,7mav,YVY,401,1,A,2335,H421,30.432,-8.235,24.978,14.441
Mpro,7mav,YVY,401,1,A,2336,H371,29.406,-6.732,23.553,18.689
Mpro,7mav,YVY,401,1,A,2337,H131,27.284,-13.098,27.76,8.495
Mpro,7mav,YVY,401,1,A,2340,H172,27.473,-15.537,26.908,5.097
Mpro,7mav,YVY,401,1,A,2342,H251,28.588,-14.173,25.286,4.247
Mpro,7mav,YVY,401,1,A,2347,H281,26.153,-17.334,32.081,4.247
Mpro,7mav,YVY,401,1,A,2348,H282,26.742,-16.402,31.015,5.946
Mpro,7mav,YVY,401,1,A,2349,H311,27.348,-18.211,29.691,3.398
Mpro,7mav,YVY,401,1,A,2351,H322,28.661,-17.695,31.715,12.742
Mpro,7mav,YVY,401,1,A,2352,H321,29.038,-18.965,30.944,6.796
Mpro,7mav,YVY,401,1,A,2354,H331,27.181,-19.497,32.791,1.699
Mpro,7mav,YVY,401,1,A,2355,H352,30.711,-19.171,32.438,16.14
Mpro,7mav,YVY,401,1,A,2356,H351,31.088,-20.007,33.631,11.893
Mpro,7mav,YVY,401,1,B,2310,C01,-19.03,-6.558,44.087,2.415
Mpro,7mav,YVY,401,1,B,2311,C05,-18.43,-5.676,43.013,1.208
Mpro,7mav,YVY,401,1,B,2312,C08,-19.302,-4.429,43.282,1.208
Mpro,7mav,YVY,401,1,B,2313,C11,-20.26,-1.84,45.13,3.623
Mpro,7mav,YVY,401,1,B,2314,C12,-20.752,-0.773,44.934,28.983
Mpro,7mav,YVY,401,1,B,2315,O03,-20.049,-7.135,43.848,25.715
Mpro,7mav,YVY,401,1,B,2319,C06,-18.606,-8.812,46.55,1.208
Mpro,7mav,YVY,401,1,B,2320,O14,-17.42,-8.87,46.76,3.214
Mpro,7mav,YVY,401,1,B,2324,C41,-21.527,-5.897,48.144,1.208
Mpro,7mav,YVY,401,1,B,2326,C42,-22.303,-4.809,48.525,4.831
Mpro,7mav,YVY,401,1,B,2327,C37,-21.706,-3.652,48.992,2.415
Mpro,7mav,YVY,401,1,B,2330,C16,-18.753,-12.39,45.962,1.208
Mpro,7mav,YVY,401,1,B,2331,O19,-19.106,-12.212,44.829,19.286
Mpro,7mav,YVY,401,1,B,2340,C28,-19.165,-15.151,44.969,1.208
Mpro,7mav,YVY,401,1,B,2342,C29,-15.663,-13.451,45.409,7.246
Mpro,7mav,YVY,401,1,B,2345,C34,-21.801,-17.803,43.371,7.246
Mpro,7mav,YVY,401,1,B,2347,N33,-21.425,-16.722,44.271,2.187
Mpro,7mav,YVY,401,1,B,2348,N35,-22.499,-17.519,42.125,17.497
Mpro,7mav,YVY,401,1,B,2350,O36,-21.538,-18.929,43.636,4.286
Mpro,7mav,YVY,401,1,B,2352,H101,-20.355,-3.855,45.449,2.548
Mpro,7mav,YVY,401,1,B,2353,H051,-18.558,-6.024,42.15,16.99
Mpro,7mav,YVY,401,1,B,2355,H082,-20.167,-4.713,43.512,5.946
Mpro,7mav,YVY,401,1,B,2356,H081,-19.34,-3.916,42.496,19.538
Mpro,7mav,YVY,401,1,B,2357,H121,-21.145,0.039,44.778,22.087
Mpro,7mav,YVY,401,1,B,2359,H041,-19.999,-7.364,45.79,0.849
Mpro,7mav,YVY,401,1,B,2363,H411,-21.939,-6.674,47.845,5.097
Mpro,7mav,YVY,401,1,B,2365,H421,-23.229,-4.859,48.466,5.946
Mpro,7mav,YVY,401,1,B,2366,H371,-22.227,-2.927,49.251,16.99
Mpro,7mav,YVY,401,1,B,2367,H131,-20.322,-9.944,46.511,8.495
Mpro,7mav,YVY,401,1,B,2370,H172,-20.388,-12.098,48.069,5.097
Mpro,7mav,YVY,401,1,B,2372,H251,-21.679,-10.381,49.189,5.946
Mpro,7mav,YVY,401,1,B,2377,H281,-19.023,-15.795,44.3,1.699
Mpro,7mav,YVY,401,1,B,2378,H282,-19.509,-14.368,44.581,2.548
Mpro,7mav,YVY,401,1,B,2379,H311,-20.801,-15.064,46.22,10.194
Mpro,7mav,YVY,401,1,B,2381,H322,-21.334,-17.332,46.153,3.398
Mpro,7mav,YVY,401,1,B,2384,H331,-21.62,-15.903,44.058,11.893
Mpro,7mav,YVY,401,1,B,2385,H352,-22.712,-18.172,41.59,21.237
Mpro,7mav,YVY,401,1,B,2386,H351,-22.695,-16.702,41.905,24.635
Mpro,7maw,YVA,401,1,A,4445,C20,-14.863,-16.835,39.91,3.623
Mpro,7maw,YVA,401,1,A,4446,C21,-15.145,-17.742,38.693,2.415
Mpro,7maw,YVA,401,1,A,4447,C22,-12.12,-9.163,37.403,7.246
Mpro,7maw,YVA,401,1,A,4461,C27,-13.969,-7.636,42.944,3.623
Mpro,7maw,YVA,401,1,A,4462,C29,-15.452,-2.532,43.763,1.208
Mpro,7maw,YVA,401,1,A,4463,C30,-14.396,-2.768,42.683,8.453
Mpro,7maw,YVA,401,1,A,4464,C31,-13.713,-4.13,42.587,6.038
Mpro,7maw,YVA,401,1,A,4467,C34,-15.833,-3.653,44.723,4.831
Mpro,7maw,YVA,401,1,A,4468,C35,-16.162,-1.169,43.855,8.453
Mpro,7maw,YVA,401,1,A,4469,C36,-16.692,-0.106,43.921,32.606
Mpro,7maw,YVA,401,1,A,4477,O19,-13.698,-11.307,41.168,13.929
Mpro,7maw,YVA,401,1,A,4479,H201,-15.482,-17.009,40.594,1.699
Mpro,7maw,YVA,401,1,A,4480,H202,-14.918,-15.931,39.66,2.548
Mpro,7maw,YVA,401,1,A,4483,H211,-16.053,-17.685,38.464,13.592
Mpro,7maw,YVA,401,1,A,4484,H221,-12.434,-9.221,36.52,9.344
Mpro,7maw,YVA,401,1,A,4485,H222,-12.612,-8.525,37.886,12.742
Mpro,7maw,YVA,401,1,A,4500,H232,-13.009,-10.632,38.561,2.548
Mpro,7maw,YVA,401,1,A,4503,H271,-14.849,-7.601,42.645,10.194
Mpro,7maw,YVA,401,1,A,4504,H301,-14.173,-2.089,42.09,7.645
Mpro,7maw,YVA,401,1,A,4505,H311,-13.069,-4.284,41.935,5.097
Mpro,7maw,YVA,401,1,A,4507,H341,-16.481,-3.503,45.372,5.946
Mpro,7maw,YVA,401,1,A,4508,H361,-17.084,0.719,43.975,24.635
Mpro,7maw,YVA,401,1,A,4509,H021,-14.417,-10.096,43.926,0.849
Mpro,7maw,YVA,401,1,A,4511,H111,-10.33,-8.237,36.914,0.849
Mpro,7max,YV7,401,1,B,4407,C20,36.818,-17.242,-18.883,2.415
Mpro,7max,YV7,401,1,B,4408,C21,37.934,-18.195,-19.279,2.415
Mpro,7max,YV7,401,1,B,4409,C22,34.137,-9.542,-16.321,4.831
Mpro,7max,YV7,401,1,B,4412,C28,38.942,-11.727,-24.014,4.831
Mpro,7max,YV7,401,1,B,4419,C14,35.089,-14.628,-20.164,1.208
Mpro,7max,YV7,401,1,B,4428,C35,36.403,-3.955,-24.452,4.831
Mpro,7max,YV7,401,1,B,4429,C36,37.203,-4.606,-23.337,6.038
Mpro,7max,YV7,401,1,B,4437,N32,36.744,-6.145,-20.67,5.468
Mpro,7max,YV7,401,1,B,4440,O16,36.073,-16.951,-20.025,3.214
Mpro,7max,YV7,401,1,B,4442,O19,36.495,-11.153,-20.165,7.5
Mpro,7max,YV7,401,1,B,4444,H201,37.185,-16.451,-18.533,6.796
Mpro,7max,YV7,401,1,B,4445,H202,36.267,-17.648,-18.24,2.548
Mpro,7max,YV7,401,1,B,4446,H213,38.004,-18.878,-18.639,5.946
Mpro,7max,YV7,401,1,B,4447,H212,38.746,-17.725,-19.325,16.99
Mpro,7max,YV7,401,1,B,4449,H222,34.319,-9.869,-15.46,2.548
Mpro,7max,YV7,401,1,B,4450,H221,34.695,-8.816,-16.528,12.742
Mpro,7max,YV7,401,1,B,4452,H281,39.297,-11.851,-23.165,13.592
Mpro,7max,YV7,401,1,B,4455,H051,37.032,-12.363,-22.381,2.548
Mpro,7max,YV7,401,1,B,4460,H142,35.402,-14.581,-21.048,0.849
Mpro,7max,YV7,401,1,B,4461,H141,35.713,-14.205,-19.604,1.699
Mpro,7max,YV7,401,1,B,4462,H231,35.166,-10.557,-17.596,0.849
Mpro,7max,YV7,401,1,B,4466,H311,38.168,-7.488,-20.505,14.441
Mpro,7max,YV7,401,1,B,4467,H332,39.087,-6.07,-22.031,10.194
Mpro,7max,YV7,401,1,B,4470,H351,36.122,-3.073,-24.372,0.849
Mpro,7max,YV7,401,1,B,4471,H361,37.404,-4.125,-22.568,7.645
Mpro,7max,YV7,401,1,B,4474,H021,37.942,-9.756,-22.161,3.398
Mpro,7max,YV7,401,1,B,4476,H111,32.191,-8.691,-15.847,1.699
Mpro,7max,YV7,401,1,B,4477,H322,36.725,-6.194,-19.804,16.99
Mpro,7max,YV7,401,1,A,4379,C20,-8.599,-19.575,-6.31,2.415
Mpro,7max,YV7,401,1,A,4380,C21,-8.258,-19.254,-7.764,3.623
Mpro,7max,YV7,401,1,A,4381,C22,-5.588,-11.63,-6.357,2.415
Mpro,7max,YV7,401,1,A,4397,C31,-9.056,-10.889,-1.208,1.208
Mpro,7max,YV7,401,1,A,4398,C33,-9.99,-10.831,-0.01,3.623
Mpro,7max,YV7,401,1,A,4403,C38,-8.686,-9.3,1.709,2.415
Mpro,7max,YV7,401,1,A,4404,C39,-7.922,-9.148,3.023,1.208
Mpro,7max,YV7,401,1,A,4409,N32,-8.245,-9.683,-1.29,3.281
Mpro,7max,YV7,401,1,A,4414,O19,-8.122,-14.501,-3.501,10.715
Mpro,7max,YV7,401,1,A,4416,H201,-9.204,-20.292,-6.284,0.849
Mpro,7max,YV7,401,1,A,4417,H202,-8.992,-18.822,-5.909,12.742
Mpro,7max,YV7,401,1,A,4418,H213,-7.61,-19.858,-8.073,0.849
Mpro,7max,YV7,401,1,A,4419,H212,-7.925,-18.378,-7.823,0.849
Mpro,7max,YV7,401,1,A,4420,H211,-9.032,-19.331,-8.291,20.388
Mpro,7max,YV7,401,1,A,4421,H222,-5.638,-11.677,-7.293,1.699
Mpro,7max,YV7,401,1,A,4422,H221,-6.177,-10.975,-6.032,11.043
Mpro,7max,YV7,401,1,A,4424,H281,-11.0,-15.173,0.078,11.043
Mpro,7max,YV7,401,1,A,4427,H051,-9.189,-16.028,-1.451,5.946
Mpro,7max,YV7,401,1,A,4433,H141,-7.282,-17.219,-4.877,0.849
Mpro,7max,YV7,401,1,A,4435,H232,-6.809,-12.887,-5.549,0.849
Mpro,7max,YV7,401,1,A,4437,H291,-11.886,-15.104,2.368,0.849
Mpro,7max,YV7,401,1,A,4438,H311,-9.577,-10.95,-1.987,14.441
Mpro,7max,YV7,401,1,A,4439,H332,-10.491,-11.624,0.027,1.699
Mpro,7max,YV7,401,1,A,4440,H331,-10.575,-10.104,-0.113,10.194
Mpro,7max,YV7,401,1,A,4444,H381,-8.822,-8.562,1.162,5.097
Mpro,7max,YV7,401,1,A,4446,H021,-9.553,-13.556,-1.285,4.247
Mpro,7max,YV7,401,1,A,4448,H111,-3.603,-10.681,-6.26,0.849
Mpro,7max,YV7,401,1,A,4449,H322,-8.244,-9.39,-2.107,17.839
Mpro,7maw,YVA,401,1,B,4561,C20,26.871,-18.35,17.085,3.623
Mpro,7maw,YVA,401,1,B,4563,C22,24.367,-10.114,18.198,4.831
Mpro,7maw,YVA,401,1,B,4577,C27,25.768,-9.229,12.631,1.208
Mpro,7maw,YVA,401,1,B,4578,C29,27.356,-4.268,11.093,3.623
Mpro,7maw,YVA,401,1,B,4579,C30,27.652,-5.439,10.142,3.623
Mpro,7maw,YVA,401,1,B,4580,C31,26.998,-6.802,10.388,1.208
Mpro,7maw,YVA,401,1,B,4582,C33,25.744,-5.829,12.536,4.831
Mpro,7maw,YVA,401,1,B,4583,C34,26.401,-4.462,12.282,8.453
Mpro,7maw,YVA,401,1,B,4584,C35,28.0,-2.892,10.873,7.246
Mpro,7maw,YVA,401,1,B,4585,C36,28.47,-1.804,10.741,35.021
Mpro,7maw,YVA,401,1,B,4593,O19,25.717,-12.922,14.682,8.572
Mpro,7maw,YVA,401,1,B,4595,H201,27.741,-18.123,16.816,12.742
Mpro,7maw,YVA,401,1,B,4596,H202,26.696,-17.974,17.928,1.699
Mpro,7maw,YVA,401,1,B,4599,H211,27.411,-20.298,17.463,4.247
Mpro,7maw,YVA,401,1,B,4600,H221,24.778,-9.523,17.596,12.742
Mpro,7maw,YVA,401,1,B,4601,H222,24.777,-10.062,19.042,11.893
Mpro,7maw,YVA,401,1,B,4605,H281,24.618,-8.539,11.266,0.849
Mpro,7maw,YVA,401,1,B,4616,H232,25.204,-11.693,17.158,5.946
Mpro,7maw,YVA,401,1,B,4619,H271,26.51,-9.073,13.17,13.592
Mpro,7maw,YVA,401,1,B,4620,H301,28.226,-5.321,9.422,5.946
Mpro,7maw,YVA,401,1,B,4622,H331,25.165,-5.949,13.252,5.946
Mpro,7maw,YVA,401,1,B,4623,H341,26.221,-3.75,12.851,9.344
Mpro,7maw,YVA,401,1,B,4624,H361,28.815,-0.964,10.635,24.635
Mpro,7maw,YVA,401,1,B,4625,H021,26.462,-11.747,11.99,0.849
Mpro,7maw,YVA,401,1,B,4627,H111,22.611,-9.208,18.8,2.548
Mpro,7maz,YVD,401,1,B,4526,C20,32.21,-19.701,5.981,1.208
Mpro,7maz,YVD,401,1,B,4527,C21,33.715,-19.337,6.081,8.453
Mpro,7maz,YVD,401,1,B,4528,C22,29.447,-11.162,6.337,1.208
Mpro,7maz,YVD,401,1,B,4534,C05,32.831,-14.973,0.549,2.415
Mpro,7maz,YVD,401,1,B,4538,C14,30.517,-17.355,3.686,1.208
Mpro,7maz,YVD,401,1,B,4547,C35,32.017,-7.751,-2.577,1.208
Mpro,7maz,YVD,401,1,B,4548,C36,32.733,-8.069,-1.278,4.831
Mpro,7maz,YVD,401,1,B,4557,N32,32.163,-8.835,1.753,6.562
Mpro,7maz,YVD,401,1,B,4560,O16,31.763,-19.316,4.699,1.071
Mpro,7maz,YVD,401,1,B,4562,O19,32.135,-13.89,3.285,6.429
Mpro,7maz,YVD,401,1,B,4565,H201,31.724,-19.251,6.646,0.849
Mpro,7maz,YVD,401,1,B,4566,H212,33.811,-18.403,6.101,12.742
Mpro,7maz,YVD,401,1,B,4567,H211,34.171,-19.683,5.337,7.645
Mpro,7maz,YVD,401,1,B,4568,H213,34.074,-19.705,6.867,16.14
Mpro,7maz,YVD,401,1,B,4569,H222,29.451,-11.27,7.27,2.548
Mpro,7maz,YVD,401,1,B,4570,H221,30.04,-10.481,6.08,10.194
Mpro,7maz,YVD,401,1,B,4572,H281,34.903,-13.815,-0.914,2.548
Mpro,7maz,YVD,401,1,B,4575,H052,33.673,-14.95,0.964,11.893
Mpro,7maz,YVD,401,1,B,4580,H141,31.274,-16.805,3.763,1.699
Mpro,7maz,YVD,401,1,B,4583,H231,30.722,-12.475,5.36,0.849
Mpro,7maz,YVD,401,1,B,4586,H311,33.462,-10.135,2.243,14.441
Mpro,7maz,YVD,401,1,B,4588,H332,34.502,-9.192,0.49,8.495
Mpro,7maz,YVD,401,1,B,4589,H351,31.773,-6.875,-2.767,0.849
Mpro,7maz,YVD,401,1,B,4590,H361,32.979,-7.384,-0.701,8.495
Mpro,7maz,YVD,401,1,B,4593,H021,33.617,-12.502,0.991,3.398
Mpro,7maz,YVD,401,1,B,4595,H111,27.61,-10.25,6.219,0.849
Mpro,7maz,YVD,401,1,B,4597,H321,32.082,-8.733,2.611,14.441
Mpro,7maz,YVD,401,1,A,4542,C20,-13.177,-18.494,18.168,2.415
Mpro,7maz,YVD,401,1,A,4544,C21,-14.496,-17.716,18.387,7.246
Mpro,7maz,YVD,401,1,A,4546,C22,-9.926,-10.146,16.186,2.415
Mpro,7maz,YVD,401,1,A,4548,C24,-13.27,-12.001,26.895,1.208
Mpro,7maz,YVD,401,1,A,4550,C26,-14.396,-12.316,24.576,2.415
Mpro,7maz,YVD,401,1,A,4558,C05,-12.992,-13.404,22.671,2.415
Mpro,7maz,YVD,401,1,A,4584,C35,-11.966,-5.814,25.1,1.208
Mpro,7maz,YVD,401,1,A,4586,C36,-12.823,-6.191,23.899,4.831
Mpro,7maz,YVD,401,1,A,4604,N32,-12.498,-7.449,20.876,9.842
Mpro,7maz,YVD,401,1,A,4614,O19,-12.696,-12.454,19.796,11.786
Mpro,7maz,YVD,401,1,A,4618,H202,-12.784,-18.23,17.357,5.097
Mpro,7maz,YVD,401,1,A,4622,H212,-14.34,-16.797,18.272,9.344
Mpro,7maz,YVD,401,1,A,4624,H211,-14.812,-17.874,19.257,10.194
Mpro,7maz,YVD,401,1,A,4626,H213,-15.137,-18.004,17.764,18.689
Mpro,7maz,YVD,401,1,A,4628,H222,-10.049,-10.435,15.301,2.548
Mpro,7maz,YVD,401,1,A,4630,H221,-10.439,-9.38,16.361,12.742
Mpro,7maz,YVD,401,1,A,4632,H261,-15.118,-12.22,23.999,0.849
Mpro,7maz,YVD,401,1,A,4640,H052,-13.838,-13.547,22.29,11.893
Mpro,7maz,YVD,401,1,A,4656,H231,-11.147,-11.124,17.517,2.548
Mpro,7maz,YVD,401,1,A,4662,H311,-14.038,-8.608,20.611,18.689
Mpro,7maz,YVD,401,1,A,4666,H332,-14.771,-7.308,22.335,7.645
Mpro,7maz,YVD,401,1,A,4670,H361,-13.03,-5.554,23.255,4.247
Mpro,7maz,YVD,401,1,A,4676,H021,-14.02,-11.075,22.072,5.097
Mpro,7maz,YVD,401,1,A,4680,H111,-8.013,-9.415,15.933,0.849
Mpro,7maz,YVD,401,1,A,4684,H321,-12.851,-6.663,20.98,11.043
Mpro,7mb0,YVG,401,1,A,4510,C21,33.408,-18.936,6.095,7.246
Mpro,7mb0,YVG,401,1,A,4511,C22,29.363,-10.209,6.534,1.208
Mpro,7mb0,YVG,401,1,A,4517,C05,32.62,-13.736,0.481,2.415
Mpro,7mb0,YVG,401,1,A,4521,C14,30.454,-16.024,3.71,1.208
Mpro,7mb0,YVG,401,1,A,4533,C37,32.319,-6.817,-1.518,6.038
Mpro,7mb0,YVG,401,1,A,4534,C38,31.485,-6.495,-2.757,2.415
Mpro,7mb0,YVG,401,1,A,4538,N31,31.927,-7.698,1.546,6.562
Mpro,7mb0,YVG,401,1,A,4541,O16,31.831,-17.396,5.287,3.214
Mpro,7mb0,YVG,401,1,A,4543,O19,32.069,-12.703,3.381,9.643
Mpro,7mb0,YVG,401,1,A,4544,H201,32.725,-18.686,4.14,3.398
Mpro,7mb0,YVG,401,1,A,4546,H213,34.247,-18.536,5.821,17.839
Mpro,7mb0,YVG,401,1,A,4548,H211,33.129,-18.554,6.942,12.742
Mpro,7mb0,YVG,401,1,A,4549,H222,29.834,-9.363,6.478,10.194
Mpro,7mb0,YVG,401,1,A,4550,H221,29.462,-10.594,7.419,0.849
Mpro,7mb0,YVG,401,1,A,4555,H051,33.529,-13.725,0.821,11.043
Mpro,7mb0,YVG,401,1,A,4556,H052,32.2,-14.58,0.71,0.849
Mpro,7mb0,YVG,401,1,A,4561,H141,31.207,-15.416,3.777,1.699
Mpro,7mb0,YVG,401,1,A,4563,H232,30.748,-10.866,5.153,2.548
Mpro,7mb0,YVG,401,1,A,4567,H301,33.51,-8.873,1.951,16.14
Mpro,7mb0,YVG,401,1,A,4568,H321,34.228,-7.826,0.113,6.796
Mpro,7mb0,YVG,401,1,A,4573,H371,32.548,-6.139,-0.925,5.097
Mpro,7mb0,YVG,401,1,A,4575,H021,33.504,-11.419,0.944,3.398
Mpro,7mb0,YVG,401,1,A,4579,H3,31.835,-7.616,2.421,13.592
Mpro,7mb0,YVG,401,1,B,4497,C20,-13.442,-16.649,18.191,3.623
Mpro,7mb0,YVG,401,1,B,4498,C21,-13.188,-17.028,16.731,6.038
Mpro,7mb0,YVG,401,1,B,4499,C22,-10.026,-9.347,16.154,1.208
Mpro,7mb0,YVG,401,1,B,4509,C14,-11.188,-14.763,19.683,1.208
Mpro,7mb0,YVG,401,1,B,4518,C34,-12.11,-4.597,24.925,1.208
Mpro,7mb0,YVG,401,1,B,4519,C35,-12.935,-4.999,23.71,4.831
Mpro,7mb0,YVG,401,1,B,4526,N31,-12.588,-6.276,20.683,6.562
Mpro,7mb0,YVG,401,1,B,4531,O19,-12.72,-11.405,19.747,10.715
Mpro,7mb0,YVG,401,1,B,4532,H201,-13.632,-15.7,18.245,10.194
Mpro,7mb0,YVG,401,1,B,4533,H202,-14.204,-17.151,18.522,6.796
Mpro,7mb0,YVG,401,1,B,4534,H213,-14.032,-17.231,16.298,20.388
Mpro,7mb0,YVG,401,1,B,4536,H211,-12.76,-16.286,16.275,1.699
Mpro,7mb0,YVG,401,1,B,4537,H222,-10.437,-8.472,16.23,12.742
Mpro,7mb0,YVG,401,1,B,4538,H221,-10.238,-9.747,15.296,0.849
Mpro,7mb0,YVG,401,1,B,4543,H051,-14.163,-12.098,22.499,11.043
Mpro,7mb0,YVG,401,1,B,4544,H052,-12.824,-12.923,22.688,0.849
Mpro,7mb0,YVG,401,1,B,4551,H232,-11.363,-9.97,17.566,1.699
Mpro,7mb0,YVG,401,1,B,4555,H301,-14.171,-7.522,20.524,16.14
Mpro,7mb0,YVG,401,1,B,4556,H321,-14.831,-6.086,22.119,6.796
Mpro,7mb0,YVG,401,1,B,4560,H351,-13.119,-4.376,23.046,4.247
Mpro,7mb0,YVG,401,1,B,4563,H021,-14.099,-9.798,21.969,4.247
Mpro,7mb0,YVG,401,1,B,4567,H3,-12.511,-6.339,19.813,14.441
Mpro,7mb1,YVJ,401,1,A,4518,C21,-12.873,-18.564,16.78,6.038
Mpro,7mb1,YVJ,401,1,A,4519,C22,-9.839,-10.487,16.319,1.208
Mpro,7mb1,YVJ,401,1,A,4521,C26,-14.168,-12.088,24.863,7.246
Mpro,7mb1,YVJ,401,1,A,4525,C05,-13.027,-13.299,22.805,2.415
Mpro,7mb1,YVJ,401,1,A,4532,C25,-14.125,-11.596,26.304,1.208
Mpro,7mb1,YVJ,401,1,A,4541,C37,-12.902,-6.269,23.614,3.623
Mpro,7mb1,YVJ,401,1,A,4542,C38,-12.177,-5.769,24.831,1.208
Mpro,7mb1,YVJ,401,1,A,4547,N31,-12.394,-7.588,20.766,2.187
Mpro,7mb1,YVJ,401,1,A,4552,O19,-12.615,-12.668,19.77,10.715
Mpro,7mb1,YVJ,401,1,A,4555,H201,-13.884,-18.123,18.507,14.441
Mpro,7mb1,YVJ,401,1,A,4557,H213,-12.497,-17.715,16.639,0.849
Mpro,7mb1,YVJ,401,1,A,4558,H212,-13.659,-18.647,16.273,20.388
Mpro,7mb1,YVJ,401,1,A,4559,H221,-9.874,-10.774,15.426,3.398
Mpro,7mb1,YVJ,401,1,A,4560,H222,-10.392,-9.738,16.446,11.893
Mpro,7mb1,YVJ,401,1,A,4562,H261,-14.915,-11.92,24.336,1.699
Mpro,7mb1,YVJ,401,1,A,4565,H051,-12.617,-14.137,22.695,0.849
Mpro,7mb1,YVJ,401,1,A,4566,H052,-13.908,-13.337,22.483,12.742
Mpro,7mb1,YVJ,401,1,A,4572,H142,-11.844,-15.606,19.326,2.548
Mpro,7mb1,YVJ,401,1,A,4574,H231,-11.119,-11.445,17.623,1.699
Mpro,7mb1,YVJ,401,1,A,4577,H301,-13.841,-8.899,20.46,16.14
Mpro,7mb1,YVJ,401,1,A,4578,H321,-14.619,-8.967,22.589,0.849
Mpro,7mb1,YVJ,401,1,A,4579,H322,-14.673,-7.542,22.025,9.344
Mpro,7mb1,YVJ,401,1,A,4582,H371,-13.09,-5.686,22.915,4.247
Mpro,7mb1,YVJ,401,1,A,4584,H021,-13.894,-11.047,22.035,4.247
Mpro,7mb1,YVJ,401,1,A,4588,H2,-12.37,-7.49,19.906,15.291
Mpro,7mb1,YVJ,401,1,B,4544,C21,33.914,-19.575,5.715,12.076
Mpro,7mb1,YVJ,401,1,B,4545,C22,29.428,-11.412,6.386,1.208
Mpro,7mb1,YVJ,401,1,B,4551,C05,32.754,-14.998,0.392,1.208
Mpro,7mb1,YVJ,401,1,B,4555,C14,30.621,-17.339,3.607,1.208
Mpro,7mb1,YVJ,401,1,B,4565,C35,32.565,-8.104,-1.524,4.831
Mpro,7mb1,YVJ,401,1,B,4573,N31,32.035,-8.952,1.567,6.562
Mpro,7mb1,YVJ,401,1,B,4576,O16,31.879,-19.391,4.372,2.143
Mpro,7mb1,YVJ,401,1,B,4578,O19,32.107,-13.884,3.269,8.572
Mpro,7mb1,YVJ,401,1,B,4581,H201,31.945,-19.77,6.293,2.548
Mpro,7mb1,YVJ,401,1,B,4582,H211,33.941,-18.77,6.198,13.592
Mpro,7mb1,YVJ,401,1,B,4583,H213,34.307,-19.447,4.872,13.592
Mpro,7mb1,YVJ,401,1,B,4584,H212,34.386,-20.238,6.184,6.796
Mpro,7mb1,YVJ,401,1,B,4585,H221,29.474,-11.593,7.307,1.699
Mpro,7mb1,YVJ,401,1,B,4586,H222,29.981,-10.686,6.166,12.742
Mpro,7mb1,YVJ,401,1,B,4591,H051,32.365,-15.818,0.632,1.699
Mpro,7mb1,YVJ,401,1,B,4592,H052,33.631,-14.958,0.726,10.194
Mpro,7mb1,YVJ,401,1,B,4598,H142,31.322,-16.742,3.792,1.699
Mpro,7mb1,YVJ,401,1,B,4600,H231,30.714,-12.601,5.317,0.849
Mpro,7mb1,YVJ,401,1,B,4603,H301,33.509,-10.176,2.041,16.14
Mpro,7mb1,YVJ,401,1,B,4605,H322,34.344,-9.095,0.259,6.796
Mpro,7mb1,YVJ,401,1,B,4607,H351,32.778,-7.408,-0.947,5.946
Mpro,7mb1,YVJ,401,1,B,4610,H021,33.588,-12.624,0.817,2.548
Mpro,7mb1,YVJ,401,1,B,4613,H312,31.935,-8.839,2.419,13.592
Mpro,7mb3,YVV,401,1,A,4554,C20,13.376,-26.552,1.561,2.415
Mpro,7mb3,YVV,401,1,A,4555,C21,14.758,-27.205,1.733,8.453
Mpro,7mb3,YVV,401,1,A,4556,C22,14.22,-17.931,1.9,4.831
Mpro,7mb3,YVV,401,1,A,4562,C05,17.104,-23.19,-2.867,1.208
Mpro,7mb3,YVV,401,1,A,4574,C33,24.093,-16.512,-2.526,3.623
Mpro,7mb3,YVV,401,1,A,4575,C34,23.956,-18.031,-2.641,8.453
Mpro,7mb3,YVV,401,1,A,4576,C35,22.589,-18.658,-2.963,2.415
Mpro,7mb3,YVV,401,1,A,4580,C39,19.182,-16.757,-0.395,1.208
Mpro,7mb3,YVV,401,1,A,4582,C42,19.309,-14.731,1.169,3.623
Mpro,7mb3,YVV,401,1,A,4584,C45,22.643,-13.534,0.09,8.453
Mpro,7mb3,YVV,401,1,A,4585,C46,23.82,-13.427,0.083,30.191
Mpro,7mb3,YVV,401,1,A,4594,O19,16.361,-21.549,-0.504,12.858
Mpro,7mb3,YVV,401,1,A,4595,O41,19.964,-17.288,0.319,24.644
Mpro,7mb3,YVV,401,1,A,4596,O43,20.69,-14.703,0.922,10.715
Mpro,7mb3,YVV,401,1,A,4598,H201,12.714,-27.145,1.863,1.699
Mpro,7mb3,YVV,401,1,A,4599,H202,13.342,-25.761,2.067,5.097
Mpro,7mb3,YVV,401,1,A,4600,H211,15.037,-27.569,0.913,5.097
Mpro,7mb3,YVV,401,1,A,4601,H212,14.704,-27.887,2.376,11.043
Mpro,7mb3,YVV,401,1,A,4602,H213,15.377,-26.558,2.015,20.388
Mpro,7mb3,YVV,401,1,A,4603,H222,15.066,-17.541,1.786,6.796
Mpro,7mb3,YVV,401,1,A,4604,H221,14.028,-18.037,2.813,5.097
Mpro,7mb3,YVV,401,1,A,4607,H281,18.391,-25.615,-3.233,11.043
Mpro,7mb3,YVV,401,1,A,4609,H052,17.48,-23.484,-2.059,4.247
Mpro,7mb3,YVV,401,1,A,4617,H232,14.977,-19.706,1.2,1.699
Mpro,7mb3,YVV,401,1,A,4621,H301,19.866,-19.002,-1.568,1.699
Mpro,7mb3,YVV,401,1,A,4624,H331,24.92,-16.137,-2.33,13.592
Mpro,7mb3,YVV,401,1,A,4625,H341,24.699,-18.575,-2.517,13.592
Mpro,7mb3,YVV,401,1,A,4631,H422,19.148,-15.213,1.958,17.839
Mpro,7mb3,YVV,401,1,A,4632,H421,18.997,-13.851,1.272,6.796
Mpro,7mb3,YVV,401,1,A,4634,H441,20.723,-12.862,0.35,5.097
Mpro,7mb3,YVV,401,1,A,4635,H461,24.73,-13.347,0.08,23.786
Mpro,7mb2,YVM,401,1,B,4439,C20,-19.876,-16.64,44.057,3.623
Mpro,7mb2,YVM,401,1,B,4440,C21,-20.148,-17.551,42.842,4.831
Mpro,7mb2,YVM,401,1,B,4447,C05,-19.579,-12.029,48.445,1.208
Mpro,7mb2,YVM,401,1,B,4458,C32,-20.712,-7.13,47.923,1.208
Mpro,7mb2,YVM,401,1,B,4463,C37,-19.509,-5.05,49.154,4.831
Mpro,7mb2,YVM,401,1,B,4464,C38,-18.736,-4.515,50.353,1.208
Mpro,7mb2,YVM,401,1,B,4467,C43,-18.837,-3.868,43.533,4.831
Mpro,7mb2,YVM,401,1,B,4469,C46,-18.358,-6.026,41.236,6.038
Mpro,7mb2,YVM,401,1,B,4470,C47,-18.832,-6.228,40.134,35.021
Mpro,7mb2,YVM,401,1,B,4474,N11,-15.03,-8.446,42.578,1.094
Mpro,7mb2,YVM,401,1,B,4480,O19,-19.077,-11.391,45.353,12.858
Mpro,7mb2,YVM,401,1,B,4481,O42,-20.599,-5.591,44.94,23.572
Mpro,7mb2,YVM,401,1,B,4482,O44,-17.637,-4.388,42.963,3.214
Mpro,7mb2,YVM,401,1,B,4484,H201,-19.846,-15.743,43.781,6.796
Mpro,7mb2,YVM,401,1,B,4485,H202,-20.558,-16.748,44.694,10.194
Mpro,7mb2,YVM,401,1,B,4487,H212,-19.372,-17.615,42.319,0.849
Mpro,7mb2,YVM,401,1,B,4488,H213,-20.844,-17.186,42.327,22.936
Mpro,7mb2,YVM,401,1,B,4489,H221,-17.143,-8.283,42.602,0.849
Mpro,7mb2,YVM,401,1,B,4490,H222,-16.649,-9.002,41.329,0.849
Mpro,7mb2,YVM,401,1,B,4495,H052,-19.21,-12.89,48.378,0.849
Mpro,7mb2,YVM,401,1,B,4496,H051,-20.458,-12.039,48.115,10.194
Mpro,7mb2,YVM,401,1,B,4502,H142,-18.267,-14.212,44.952,0.849
Mpro,7mb2,YVM,401,1,B,4507,H301,-20.366,-7.586,46.001,6.796
Mpro,7mb2,YVM,401,1,B,4508,H322,-21.38,-6.519,47.675,3.398
Mpro,7mb2,YVM,401,1,B,4512,H371,-19.739,-4.489,48.45,2.548
Mpro,7mb2,YVM,401,1,B,4513,H381,-18.503,-3.616,50.379,0.849
Mpro,7mb2,YVM,401,1,B,4514,H411,-19.146,-3.269,45.447,3.398
Mpro,7mb2,YVM,401,1,B,4516,H431,-18.925,-2.96,43.31,16.14
Mpro,7mb2,YVM,401,1,B,4517,H432,-19.575,-4.345,43.203,5.946
Mpro,7mb2,YVM,401,1,B,4518,H451,-18.308,-6.179,43.301,0.849
Mpro,7mb2,YVM,401,1,B,4520,H471,-19.186,-6.373,39.313,18.689
Mpro,7mb2,YVM,401,1,B,4521,H021,-20.345,-9.816,47.623,1.699
Mpro,7mb3,YVV,401,1,B,4424,C15,-27.334,-4.937,-1.548,2.415
Mpro,7mb3,YVV,401,1,B,4425,C20,-29.096,-3.368,-2.099,2.415
Mpro,7mb3,YVV,401,1,B,4426,C21,-29.805,-3.665,-3.426,10.869
Mpro,7mb3,YVV,401,1,B,4427,C22,-22.654,-0.616,-2.367,3.623
Mpro,7mb3,YVV,401,1,B,4445,C33,-27.16,7.203,3.423,1.208
Mpro,7mb3,YVV,401,1,B,4450,C38,-27.862,6.405,2.311,1.208
Mpro,7mb3,YVV,401,1,B,4454,C44,-24.107,7.175,-0.48,3.623
Mpro,7mb3,YVV,401,1,B,4455,C45,-25.28,8.095,-0.103,10.869
Mpro,7mb3,YVV,401,1,B,4456,C46,-26.187,8.791,0.191,27.775
Mpro,7mb3,YVV,401,1,B,4463,O16,-28.704,-4.578,-1.491,3.214
Mpro,7mb3,YVV,401,1,B,4465,O19,-26.761,-1.757,-0.386,3.214
Mpro,7mb3,YVV,401,1,B,4466,O41,-25.886,3.415,-0.939,24.644
Mpro,7mb3,YVV,401,1,B,4469,H201,-28.337,-2.839,-2.263,2.548
Mpro,7mb3,YVV,401,1,B,4470,H202,-29.682,-2.906,-1.529,0.849
Mpro,7mb3,YVV,401,1,B,4471,H211,-29.538,-4.509,-3.741,14.441
Mpro,7mb3,YVV,401,1,B,4472,H212,-29.577,-3.009,-4.057,18.689
Mpro,7mb3,YVV,401,1,B,4473,H213,-30.734,-3.661,-3.292,12.742
Mpro,7mb3,YVV,401,1,B,4474,H222,-22.608,-0.674,-3.303,7.645
Mpro,7mb3,YVV,401,1,B,4475,H221,-22.911,0.248,-2.103,2.548
Mpro,7mb3,YVV,401,1,B,4477,H261,-31.178,-2.967,2.262,0.849
Mpro,7mb3,YVV,401,1,B,4489,H231,-24.489,-1.29,-1.737,0.849
Mpro,7mb3,YVV,401,1,B,4495,H331,-27.309,8.117,3.503,9.344
Mpro,7mb3,YVV,401,1,B,4498,H371,-28.049,4.41,1.506,4.247
Mpro,7mb3,YVV,401,1,B,4499,H381,-28.433,6.838,1.719,15.291
Mpro,7mb3,YVV,401,1,B,4501,H401,-23.662,4.181,-1.671,13.592
Mpro,7mb3,YVV,401,1,B,4502,H422,-22.408,5.547,-0.351,4.247
Mpro,7mb3,YVV,401,1,B,4504,H442,-23.295,7.61,-0.298,4.247
Mpro,7mb3,YVV,401,1,B,4505,H441,-24.152,6.966,-1.394,14.441
Mpro,7mb3,YVV,401,1,B,4506,H461,-26.892,9.325,0.422,18.689
Mpro,7mb3,YVV,401,1,B,4509,H111,-20.637,-0.987,-2.218,1.699
Mpro,7mb2,YVM,401,1,A,4488,C21,27.115,-18.338,31.72,10.869
Mpro,7mb2,YVM,401,1,A,4495,C05,26.248,-13.622,25.751,2.415
Mpro,7mb2,YVM,401,1,A,4508,C34,25.234,-6.341,22.725,1.208
Mpro,7mb2,YVM,401,1,A,4509,C35,26.062,-6.737,23.959,6.038
Mpro,7mb2,YVM,401,1,A,4514,C41,25.373,-5.208,28.009,1.208
Mpro,7mb2,YVM,401,1,A,4516,C45,24.614,-5.852,31.554,4.831
Mpro,7mb2,YVM,401,1,A,4517,C46,25.535,-6.914,32.249,9.661
Mpro,7mb2,YVM,401,1,A,4518,C47,26.228,-7.763,32.782,26.568
Mpro,7mb2,YVM,401,1,A,4526,O16,25.441,-17.544,30.155,4.286
Mpro,7mb2,YVM,401,1,A,4528,O19,25.66,-12.536,28.598,8.572
Mpro,7mb2,YVM,401,1,A,4529,O42,27.282,-6.619,28.198,24.644
Mpro,7mb2,YVM,401,1,A,4530,O44,25.284,-5.359,30.374,9.643
Mpro,7mb2,YVM,401,1,A,4534,H211,27.699,-18.235,30.992,11.043
Mpro,7mb2,YVM,401,1,A,4535,H212,27.354,-19.104,32.207,6.796
Mpro,7mb2,YVM,401,1,A,4536,H213,27.172,-17.583,32.276,13.592
Mpro,7mb2,YVM,401,1,A,4537,H221,23.577,-9.288,31.918,2.548
Mpro,7mb2,YVM,401,1,A,4543,H052,27.113,-13.558,26.11,9.344
Mpro,7mb2,YVM,401,1,A,4544,H051,25.88,-14.459,25.967,1.699
Mpro,7mb2,YVM,401,1,A,4549,H141,24.691,-15.247,29.062,1.699
Mpro,7mb2,YVM,401,1,A,4555,H301,27.002,-8.802,27.374,8.495
Mpro,7mb2,YVM,401,1,A,4556,H322,27.973,-7.908,25.579,3.398
Mpro,7mb2,YVM,401,1,A,4558,H341,24.967,-5.459,22.609,0.849
Mpro,7mb2,YVM,401,1,A,4559,H351,26.305,-6.088,24.578,4.247
Mpro,7mb2,YVM,401,1,A,4563,H412,25.955,-4.494,28.189,13.592
Mpro,7mb2,YVM,401,1,A,4565,H432,23.794,-4.819,29.239,2.548
Mpro,7mb2,YVM,401,1,A,4566,H451,23.799,-6.25,31.312,1.699
Mpro,7mb2,YVM,401,1,A,4567,H452,24.452,-5.14,32.145,19.538
Mpro,7mb2,YVM,401,1,A,4568,H471,26.766,-8.378,33.178,11.893
Mpro,7mb2,YVM,401,1,A,4569,H021,27.052,-11.306,26.104,3.398
Mpro,7mb3,YVV,401,1,D,4477,C20,3.401,-1.715,-38.793,1.208
Mpro,7mb3,YVV,401,1,D,4478,C21,1.931,-1.738,-39.251,8.453
Mpro,7mb3,YVV,401,1,D,4479,C22,9.894,-4.721,-38.207,4.831
Mpro,7mb3,YVV,401,1,D,4497,C33,5.072,-12.318,-43.999,1.208
Mpro,7mb3,YVV,401,1,D,4501,C37,4.354,-9.908,-43.136,1.208
Mpro,7mb3,YVV,401,1,D,4502,C38,4.128,-11.426,-43.178,4.831
Mpro,7mb3,YVV,401,1,D,4506,C44,9.199,-12.705,-39.99,8.453
Mpro,7mb3,YVV,401,1,D,4507,C45,8.15,-13.332,-40.92,9.661
Mpro,7mb3,YVV,401,1,D,4508,C46,7.343,-13.807,-41.636,20.53
Mpro,7mb3,YVV,401,1,D,4515,O16,3.917,-0.399,-38.854,5.357
Mpro,7mb3,YVV,401,1,D,4516,O17,6.049,-0.507,-38.074,2.143
Mpro,7mb3,YVV,401,1,D,4517,O19,5.884,-3.501,-40.368,2.143
Mpro,7mb3,YVV,401,1,D,4518,O41,6.914,-7.992,-39.797,23.572
Mpro,7mb3,YVV,401,1,D,4519,O43,8.825,-11.37,-39.712,13.929
Mpro,7mb3,YVV,401,1,D,4521,H201,3.455,-2.027,-37.91,14.441
Mpro,7mb3,YVV,401,1,D,4522,H202,3.908,-2.272,-39.354,0.849
Mpro,7mb3,YVV,401,1,D,4523,H211,1.558,-0.883,-39.148,4.247
Mpro,7mb3,YVV,401,1,D,4524,H212,1.451,-2.354,-38.729,11.893
Mpro,7mb3,YVV,401,1,D,4526,H222,9.624,-5.567,-38.512,3.398
Mpro,7mb3,YVV,401,1,D,4527,H221,9.921,-4.702,-37.269,5.946
Mpro,7mb3,YVV,401,1,D,4544,H301,5.465,-7.563,-41.827,0.849
Mpro,7mb3,YVV,401,1,D,4547,H331,4.934,-13.236,-44.025,12.742
Mpro,7mb3,YVV,401,1,D,4550,H371,3.784,-9.365,-42.643,1.699
Mpro,7mb3,YVV,401,1,D,4551,H381,3.421,-11.804,-42.709,22.936
Mpro,7mb3,YVV,401,1,D,4552,H402,9.088,-9.064,-39.387,9.344
Mpro,7mb3,YVV,401,1,D,4555,H421,8.067,-10.619,-41.331,0.849
Mpro,7mb3,YVV,401,1,D,4556,H442,10.039,-12.715,-40.41,3.398
Mpro,7mb3,YVV,401,1,D,4557,H441,9.243,-13.193,-39.189,21.237
Mpro,7mb3,YVV,401,1,D,4558,H461,6.718,-14.177,-42.189,10.194
Mpro,7mb3,YVV,401,1,D,4561,H111,11.923,-4.376,-38.302,2.548
Mpro,7mb3,YVV,401,1,E,4341,C20,-2.687,5.903,-80.568,2.415
Mpro,7mb3,YVV,401,1,E,4342,C21,-3.197,4.454,-80.559,10.869
Mpro,7mb3,YVV,401,1,E,4349,C05,-6.684,3.462,-75.512,2.415
Mpro,7mb3,YVV,401,1,E,4361,C33,-15.148,-0.651,-74.109,7.246
Mpro,7mb3,YVV,401,1,E,4362,C34,-15.669,0.754,-73.78,8.453
Mpro,7mb3,YVV,401,1,E,4363,C35,-14.693,1.941,-73.742,1.208
Mpro,7mb3,YVV,401,1,E,4365,C37,-12.681,0.314,-74.369,3.623
Mpro,7mb3,YVV,401,1,E,4366,C38,-13.658,-0.873,-74.403,7.246
Mpro,7mb3,YVV,401,1,E,4367,C39,-12.957,4.129,-77.473,2.415
Mpro,7mb3,YVV,401,1,E,4369,C42,-14.298,4.941,-79.541,2.415
Mpro,7mb3,YVV,401,1,E,4370,C44,-13.649,6.157,-81.491,4.831
Mpro,7mb3,YVV,401,1,E,4371,C45,-13.364,7.582,-82.004,8.453
Mpro,7mb3,YVV,401,1,E,4372,C46,-13.149,8.673,-82.408,24.153
Mpro,7mb3,YVV,401,1,E,4381,O19,-7.612,4.78,-77.915,6.429
Mpro,7mb3,YVV,401,1,E,4382,O41,-12.292,3.479,-78.199,19.286
Mpro,7mb3,YVV,401,1,E,4383,O43,-14.001,6.195,-80.121,1.071
Mpro,7mb3,YVV,401,1,E,4385,H201,-1.922,5.955,-81.11,5.946
Mpro,7mb3,YVV,401,1,E,4387,H211,-2.906,4.015,-81.336,19.538
Mpro,7mb3,YVV,401,1,E,4388,H212,-4.135,4.453,-80.532,7.645
Mpro,7mb3,YVV,401,1,E,4389,H213,-2.861,4.009,-79.803,6.796
Mpro,7mb3,YVV,401,1,E,4394,H281,-4.837,1.533,-74.867,4.247
Mpro,7mb3,YVV,401,1,E,4396,H052,-6.724,2.824,-76.2,4.247
Mpro,7mb3,YVV,401,1,E,4397,H051,-5.935,4.015,-75.641,0.849
Mpro,7mb3,YVV,401,1,E,4411,H331,-15.736,-1.37,-74.131,16.14
Mpro,7mb3,YVV,401,1,E,4412,H341,-16.572,0.886,-73.604,2.548
Mpro,7mb3,YVV,401,1,E,4415,H381,-13.346,-1.725,-74.601,12.742
Mpro,7mb3,YVV,401,1,E,4417,H401,-14.897,4.796,-77.589,6.796
Mpro,7mb3,YVV,401,1,E,4418,H422,-15.19,4.71,-79.727,19.538
Mpro,7mb3,YVV,401,1,E,4419,H421,-13.725,4.286,-79.894,7.645
Mpro,7mb3,YVV,401,1,E,4420,H442,-12.881,5.628,-81.6,5.946
Mpro,7mb3,YVV,401,1,E,4421,H441,-14.358,5.785,-81.984,17.839
Mpro,7mb3,YVV,401,1,E,4422,H461,-12.988,9.516,-82.721,2.548
Mpro,7mng,ZL7,401,1,A,2463,C10,1.574,-32.031,24.375,47.098
Mpro,7mng,ZL7,401,1,A,2471,C22,7.028,-33.09,23.181,6.038
Mpro,7mng,ZL7,401,1,A,2473,C11,8.598,-28.337,25.921,1.208
Mpro,7mng,ZL7,401,1,A,2475,C12,9.3,-29.687,25.85,8.453
Mpro,7mng,ZL7,401,1,A,2478,C14,11.982,-26.75,23.321,6.038
Mpro,7mng,ZL7,401,1,A,2482,C18,9.259,-27.211,26.638,3.623
Mpro,7mng,ZL7,401,1,A,2487,C1,9.436,-26.965,20.425,6.038
Mpro,7mng,ZL7,401,1,A,2489,C2,8.125,-27.467,19.869,6.038
Mpro,7mng,ZL7,401,1,A,2493,N1,7.774,-28.762,21.925,1.094
Mpro,7mng,ZL7,401,1,A,2501,C6,5.501,-28.686,24.787,8.453
Mpro,7mng,ZL7,401,1,A,2505,O2,3.418,-29.433,26.168,34.287
Mpro,7mng,ZL7,401,1,A,2507,O3,5.463,-30.777,26.35,19.286
Mpro,7mng,ZL7,401,1,A,2509,C7,4.008,-31.043,24.202,3.623
Mpro,7mng,ZL7,401,1,A,2511,C8,2.524,-30.968,23.926,2.415
Mpro,7mng,ZL7,401,1,A,2513,C9,1.875,-31.869,22.922,19.322
Mpro,7mng,ZL7,401,1,A,2515,N2,7.842,-28.07,24.678,1.094
Mpro,7mng,ZL7,401,1,A,2518,C13,10.943,-26.819,24.225,3.623
Mpro,7mng,ZL7,401,1,A,2525,F3,9.655,-27.0,27.548,6.21
Mpro,7mng,ZL7,401,1,A,2527,F4,8.995,-26.023,25.728,22.772
Mpro,7nbr,U5G,401,1,B,2321,N29,-17.201,-20.488,0.265,3.281
Mpro,7nbr,U5G,401,1,B,2322,O34,-17.026,-21.677,-1.62,1.071
Mpro,7nbr,U5G,401,1,B,2323,C30,-18.257,-19.545,-0.104,3.623
Mpro,7nbr,U5G,401,1,B,2325,C32,-19.022,-18.826,1.007,1.208
Mpro,7nbr,U5G,401,1,B,2326,C33,-18.589,-19.228,-1.564,22.945
Mpro,7nbr,U5G,401,1,B,2330,C24,-13.62,-21.539,-1.746,36.229
Mpro,7nbr,U5G,401,1,B,2331,C25,-12.872,-22.363,0.391,12.076
Mpro,7nbr,U5G,401,1,B,2332,C26,-12.852,-23.881,-1.649,24.153
Mpro,7nbr,U5G,401,1,B,2336,C19,-16.034,-25.816,-1.706,1.208
Mpro,7nbr,U5G,401,1,B,2344,O36,-13.795,-27.84,-0.626,15.0
Mpro,7nbr,U5G,401,1,B,2349,C10,-10.07,-25.319,2.502,1.208
Mpro,7nbr,U5G,401,1,B,2350,C08,-10.609,-26.229,0.618,4.831
Mpro,7nbr,U5G,401,1,B,2351,C09,-9.51,-25.266,1.074,24.153
Mpro,7nbr,U5G,401,1,B,2352,O04,-13.713,-30.429,1.344,1.071
Mpro,7nbr,U5G,401,1,B,2356,N37,-11.199,-31.674,1.069,6.562
Mpro,7mb3,YVV,401,1,C,4569,C20,48.061,18.327,-42.317,1.208
Mpro,7mb3,YVV,401,1,C,4570,C21,48.933,19.527,-41.937,12.076
Mpro,7mb3,YVV,401,1,C,4571,C22,46.994,12.777,-42.099,6.038
Mpro,7mb3,YVV,401,1,C,4589,C33,56.959,11.395,-37.648,4.831
Mpro,7mb3,YVV,401,1,C,4590,C34,56.775,12.909,-37.55,9.661
Mpro,7mb3,YVV,401,1,C,4591,C35,55.395,13.496,-37.213,1.208
Mpro,7mb3,YVV,401,1,C,4595,C39,52.015,11.572,-39.775,1.208
Mpro,7mb3,YVV,401,1,C,4597,C42,52.285,9.581,-41.357,6.038
Mpro,7mb3,YVV,401,1,C,4599,C45,55.511,8.407,-40.217,6.038
Mpro,7mb3,YVV,401,1,C,4600,C46,56.547,7.867,-40.39,32.606
Mpro,7mb3,YVV,401,1,C,4608,O17,46.301,20.369,-40.881,7.5
Mpro,7mb3,YVV,401,1,C,4609,O19,49.176,16.203,-39.613,6.429
Mpro,7mb3,YVV,401,1,C,4610,O41,52.734,12.181,-40.483,23.572
Mpro,7mb3,YVV,401,1,C,4611,O43,53.198,8.616,-40.881,7.5
Mpro,7mb3,YVV,401,1,C,4613,H201,47.972,18.317,-43.252,5.097
Mpro,7mb3,YVV,401,1,C,4614,H202,48.5,17.547,-42.036,2.548
Mpro,7mb3,YVV,401,1,C,4615,H211,48.435,20.318,-42.027,11.893
Mpro,7mb3,YVV,401,1,C,4616,H212,49.682,19.562,-42.503,23.786
Mpro,7mb3,YVV,401,1,C,4617,H213,49.219,19.437,-41.047,5.946
Mpro,7mb3,YVV,401,1,C,4618,H222,47.839,12.379,-41.999,7.645
Mpro,7mb3,YVV,401,1,C,4619,H221,46.799,12.911,-43.008,5.946
Mpro,7mb3,YVV,401,1,C,4621,H261,50.94,20.369,-36.656,5.946
Mpro,7mb3,YVV,401,1,C,4633,H231,47.767,14.517,-41.345,1.699
Mpro,7mb3,YVV,401,1,C,4639,H331,57.793,11.042,-37.856,13.592
Mpro,7mb3,YVV,401,1,C,4640,H341,57.498,13.475,-37.694,12.742
Mpro,7mb3,YVV,401,1,C,4646,H422,52.761,10.265,-41.791,12.742
Mpro,7mb3,YVV,401,1,C,4647,H421,51.698,9.173,-41.966,16.14
Mpro,7mb3,YVV,401,1,C,4649,H441,54.256,10.029,-40.09,1.699
Mpro,7mb3,YVV,401,1,C,4650,H461,57.343,7.437,-40.521,24.635
Mpro,7mb3,YVV,401,1,C,4653,H111,45.397,11.487,-41.916,0.849
Mpro,7mb3,YVV,401,1,F,4433,C20,25.653,-6.913,-77.199,2.415
Mpro,7mb3,YVV,401,1,F,4434,C21,25.94,-5.421,-76.985,10.869
Mpro,7mb3,YVV,401,1,F,4435,C22,17.861,-10.479,-76.968,6.038
Mpro,7mb3,YVV,401,1,F,4445,C14,23.426,-8.187,-79.32,1.208
Mpro,7mb3,YVV,401,1,F,4453,C33,11.372,-3.497,-82.164,1.208
Mpro,7mb3,YVV,401,1,F,4457,C37,14.016,-3.25,-82.044,3.623
Mpro,7mb3,YVV,401,1,F,4458,C38,12.618,-2.629,-81.933,4.831
Mpro,7mb3,YVV,401,1,F,4461,C42,12.254,-7.882,-78.368,6.038
Mpro,7mb3,YVV,401,1,F,4462,C44,11.168,-5.892,-79.05,1.208
Mpro,7mb3,YVV,401,1,F,4463,C45,9.839,-5.427,-79.671,7.246
Mpro,7mb3,YVV,401,1,F,4464,C46,8.818,-5.075,-80.147,21.737
Mpro,7mb3,YVV,401,1,F,4473,O19,20.088,-6.788,-79.485,11.786
Mpro,7mb3,YVV,401,1,F,4474,O41,14.541,-6.169,-78.715,24.644
Mpro,7mb3,YVV,401,1,F,4475,O43,11.283,-7.295,-79.202,1.071
Mpro,7mb3,YVV,401,1,F,4477,H201,24.809,-7.114,-76.839,3.398
Mpro,7mb3,YVV,401,1,F,4478,H202,26.31,-7.416,-76.755,3.398
Mpro,7mb3,YVV,401,1,F,4479,H211,25.352,-5.078,-76.339,22.087
Mpro,7mb3,YVV,401,1,F,4480,H212,25.819,-4.96,-77.794,8.495
Mpro,7mb3,YVV,401,1,F,4481,H213,26.826,-5.311,-76.692,3.398
Mpro,7mb3,YVV,401,1,F,4482,H222,17.064,-9.993,-77.067,6.796
Mpro,7mb3,YVV,401,1,F,4483,H221,18.084,-10.564,-76.06,5.097
Mpro,7mb3,YVV,401,1,F,4486,H281,22.275,-2.962,-82.313,9.344
Mpro,7mb3,YVV,401,1,F,4488,H052,21.031,-4.868,-81.14,5.097
Mpro,7mb3,YVV,401,1,F,4494,H142,22.941,-7.851,-78.589,1.699
Mpro,7mb3,YVV,401,1,F,4497,H231,18.848,-8.875,-77.784,1.699
Mpro,7mb3,YVV,401,1,F,4500,H301,15.98,-5.321,-80.498,1.699
Mpro,7mb3,YVV,401,1,F,4503,H331,10.526,-3.121,-82.096,5.946
Mpro,7mb3,YVV,401,1,F,4506,H371,14.772,-2.727,-81.905,2.548
Mpro,7mb3,YVV,401,1,F,4507,H381,12.525,-1.728,-81.725,15.291
Mpro,7mb3,YVV,401,1,F,4508,H402,13.992,-8.904,-78.718,0.849
Mpro,7mb3,YVV,401,1,F,4510,H422,11.896,-8.653,-77.968,11.893
Mpro,7mb3,YVV,401,1,F,4511,H421,12.502,-7.27,-77.7,9.344
Mpro,7mb3,YVV,401,1,F,4512,H442,11.884,-5.469,-79.485,0.849
Mpro,7mb3,YVV,401,1,F,4513,H441,11.182,-5.673,-78.137,16.99
Mpro,7mb3,YVV,401,1,F,4514,H461,8.026,-4.803,-80.514,15.291
Mpro,7mb3,YVV,401,1,F,4517,H111,17.623,-12.512,-77.126,0.849
Mpro,7nby,U88,401,1,B,4548,C04,11.664,12.564,-20.582,4.831
Mpro,7nby,U88,401,1,B,4549,C05,10.748,12.054,-21.486,1.208
Mpro,7nby,U88,401,1,B,4550,N03,11.213,12.553,-19.244,1.094
Mpro,7nby,U88,401,1,B,4552,O07,9.908,11.686,-23.624,2.143
Mpro,7nby,U88,401,1,B,4553,O08,12.014,12.062,-23.438,23.572
Mpro,7nby,U88,401,1,B,4554,S09,9.316,11.557,-20.683,1.287
Mpro,7nby,U88,401,1,B,4555,H041,12.51,12.895,-20.782,17.839
Mpro,7nby,U88,402,1,B,4561,O07,-16.17,-11.055,1.102,11.786
Mpro,7nby,U88,402,1,B,4563,S09,-14.081,-12.056,-0.783,16.728
Mpro,7nby,U88,403,1,B,4566,C04,12.99,1.136,5.864,9.661
Mpro,7nby,U88,403,1,B,4567,C05,12.364,1.0,7.095,1.208
Mpro,7nby,U88,403,1,B,4568,N03,12.096,1.205,4.77,1.094
Mpro,7nby,U88,403,1,B,4569,N06,12.965,0.894,8.457,1.094
Mpro,7nby,U88,403,1,B,4570,O07,12.78,1.81,9.24,50.359
Mpro,7nby,U88,403,1,B,4571,O08,13.608,-0.107,8.73,39.644
Mpro,7nby,U88,403,1,B,4572,S09,10.669,0.963,6.904,6.434
Mpro,7nby,U88,403,1,B,4573,H041,13.906,1.183,5.714,8.495
Mpro,7nby,U88,406,1,B,4583,C02,-18.629,-13.66,6.812,2.415
Mpro,7nby,U88,406,1,B,4584,C04,-20.416,-12.33,7.334,7.246
Mpro,7nby,U88,406,1,B,4585,C05,-20.426,-13.14,8.462,1.208
Mpro,7nby,U88,406,1,B,4586,N03,-19.387,-12.637,6.393,5.468
Mpro,7nby,U88,406,1,B,4588,O07,-22.432,-13.666,9.561,42.858
Mpro,7nby,U88,406,1,B,4589,O08,-20.951,-12.568,10.683,9.643
Mpro,7nby,U88,406,1,B,4590,S09,-19.149,-14.278,8.36,3.86
Mpro,7nbs,SV6,402,1,C,2353,CBN,-16.521,-18.905,-2.836,3.623
Mpro,7nbs,SV6,402,1,C,2354,CBO,-17.136,-19.442,-5.029,10.869
Mpro,7nbs,SV6,402,1,C,2355,CBP,-17.076,-18.072,-5.326,32.606
Mpro,7nbs,SV6,402,1,C,2356,CBB,-16.198,-19.355,-1.429,3.623
Mpro,7nbs,SV6,402,1,C,2357,CBQ,-16.439,-17.545,-3.16,14.492
Mpro,7nbs,SV6,402,1,C,2358,OBW,-16.121,-18.553,-0.495,3.214
Mpro,7nbs,SV6,402,1,C,2359,NAF,-16.847,-19.847,-3.773,2.187
Mpro,7nbs,SV6,402,1,C,2360,NAG,-16.728,-17.163,-4.417,19.685
Mpro,7nbs,SV6,402,1,C,2361,NAD,-15.958,-20.653,-1.317,1.094
Mpro,7nbs,SV6,402,1,C,2362,CAY,-15.416,-21.296,-0.148,1.208
Mpro,7nbs,SV6,402,1,C,2364,OBU,-14.738,-22.87,-1.786,1.071
Mpro,7nbs,SV6,402,1,C,2374,CBC,-10.789,-25.123,-0.671,25.36
Mpro,7nbs,SV6,402,1,C,2375,CBD,-11.263,-22.736,-1.225,37.436
Mpro,7nbs,SV6,402,1,C,2376,CBA,-11.093,-23.376,1.172,10.869
Mpro,7nbs,SV6,402,1,C,2381,O,-12.547,-28.892,-0.343,19.286
Mpro,7nbs,SV6,402,1,C,2387,CD1,-14.2,-26.662,-1.513,3.623
Mpro,7nbs,SV6,402,1,C,2389,NAA,-9.914,-32.354,1.504,3.281
Mpro,7nbs,SV6,402,1,C,2395,CAL,-9.038,-26.554,3.058,10.869
Mpro,7nbs,SV6,402,1,C,2398,CAO,-8.361,-33.525,-0.159,21.737
Mpro,7nbs,SV6,402,1,C,2399,CAP,-7.662,-32.41,0.622,7.246
Mpro,7nbs,SV6,402,1,C,2400,OBR,-12.271,-31.733,1.935,1.071
Mpro,7nf5,ALD,401,1,A,4685,O8,-16.189,-21.258,-0.064,1.071
Mpro,7nf5,ALD,401,1,A,4689,C5,-16.526,-18.785,-3.774,4.831
Mpro,7nf5,ALD,401,1,A,4690,C6,-16.401,-17.499,-3.247,4.831
Mpro,7nf5,ALD,401,1,A,4692,C2,-16.939,-18.351,-1.052,1.208
Mpro,7nf5,ALD,401,1,A,4699,C32,-11.937,-21.96,-2.286,7.246
Mpro,7nf5,ALD,401,1,A,4700,C33,-9.96,-22.124,-0.721,7.246
Mpro,7nf5,ALD,401,1,A,4704,O34,-11.885,-28.064,-0.123,10.715
Mpro,7nf5,ALD,401,1,A,4720,H5,-16.376,-18.952,-4.834,20.388
Mpro,7nf5,ALD,401,1,A,4721,H6,-16.145,-16.669,-3.895,24.635
Mpro,7nf5,ALD,401,1,A,4722,H1,-16.506,-16.285,-1.462,8.495
Mpro,7nf5,ALD,401,1,A,4724,HNA,-14.021,-22.104,0.821,0.849
Mpro,7nf5,ALD,401,1,A,4728,H31,-10.853,-23.706,-1.895,11.043
Mpro,7nf5,ALD,401,1,A,4729,H321,-11.3,-21.188,-2.631,20.388
Mpro,7nf5,ALD,401,1,A,4730,H322,-12.778,-21.534,-1.802,5.097
Mpro,7nf5,ALD,401,1,A,4731,H323,-12.261,-22.544,-3.107,8.495
Mpro,7nf5,ALD,401,1,A,4732,H331,-9.62,-22.65,0.133,5.946
Mpro,7nf5,ALD,401,1,A,4733,H332,-10.226,-21.137,-0.444,15.291
Mpro,7nf5,ALD,401,1,A,4734,H333,-9.188,-22.091,-1.445,22.936
Mpro,7nf5,ALD,401,1,A,4748,H221,-11.764,-30.631,2.035,4.247
Mpro,7nf5,ALD,401,1,A,4753,H202,-9.043,-25.18,2.322,6.796
Mpro,7nf5,ALD,401,1,A,4755,H211,-9.042,-24.984,4.372,1.699
Mpro,7nf5,ALD,401,1,A,4758,HOX,-10.166,-31.562,3.135,2.548
Mpro,7nby,U88,401,1,A,4606,C04,26.588,3.755,-30.309,1.208
Mpro,7nby,U88,401,1,A,4608,N03,27.954,3.384,-30.187,2.187
Mpro,7nby,U88,401,1,A,4613,H041,26.202,4.301,-29.663,2.548
Mpro,7nby,U88,402,1,A,4619,O07,-14.861,-8.989,-16.356,6.429
Mpro,7nby,U88,402,1,A,4620,O08,-13.942,-10.88,-15.785,26.786
Mpro,7nby,U88,402,1,A,4621,S09,-12.504,-11.36,-18.311,6.434
Mpro,7nby,U88,403,1,A,4623,C02,21.374,3.269,-25.761,3.623
Mpro,7nby,U88,403,1,A,4624,C04,23.359,3.833,-26.7,9.661
Mpro,7nby,U88,403,1,A,4625,C05,22.498,4.348,-27.661,3.623
Mpro,7nby,U88,403,1,A,4626,N03,22.71,3.21,-25.607,7.655
Mpro,7nby,U88,403,1,A,4627,N06,22.84,5.062,-28.929,3.281
Mpro,7nby,U88,403,1,A,4628,O07,23.955,5.549,-29.032,9.643
Mpro,7nby,U88,403,1,A,4629,O08,21.992,5.129,-29.805,11.786
Mpro,7nby,U88,403,1,A,4630,S09,20.871,4.066,-27.222,16.728
Mpro,7nby,U88,403,1,A,4631,H041,24.288,3.867,-26.723,7.645
Mpro,7nby,U88,406,1,A,4640,C02,12.093,-23.133,-19.655,4.831
Mpro,7nby,U88,406,1,A,4641,C04,13.976,-24.338,-20.116,9.661
Mpro,7nby,U88,406,1,A,4642,C05,13.535,-25.05,-19.006,3.623
Mpro,7nby,U88,406,1,A,4643,N03,13.146,-23.24,-20.488,1.094
Mpro,7nby,U88,406,1,A,4644,N06,14.156,-26.25,-18.343,1.094
Mpro,7nby,U88,406,1,A,4645,O07,15.339,-26.479,-18.554,45.001
Mpro,7nby,U88,406,1,A,4646,O08,13.456,-26.941,-17.621,24.644
Mpro,7nby,U88,406,1,A,4647,S09,12.082,-24.356,-18.422,15.442
Mpro,7nby,U88,406,1,A,4648,H041,14.742,-24.519,-20.612,15.291
Mpro,7ng3,ALD,402,1,A,4626,C5,-24.79,-13.776,-32.592,6.038
Mpro,7ng3,ALD,402,1,A,4627,C6,-24.367,-15.08,-32.378,8.453
Mpro,7ng3,ALD,402,1,A,4628,C1,-23.011,-15.36,-32.299,2.415
Mpro,7ng3,ALD,402,1,A,4636,C32,-23.445,-10.533,-25.854,10.869
Mpro,7ng3,ALD,402,1,A,4637,C33,-24.524,-10.319,-28.087,3.623
Mpro,7ng3,ALD,402,1,A,4641,O34,-22.3,-4.36,-27.46,9.643
Mpro,7ng3,ALD,402,1,A,4651,C20,-20.479,-6.713,-24.649,3.623
Mpro,7ng3,ALD,402,1,A,4653,O33,-19.493,-1.952,-25.026,1.071
Mpro,7ng3,ALD,402,1,A,4657,H5,-25.848,-13.552,-32.63,20.388
Mpro,7ng3,ALD,402,1,A,4658,H6,-25.093,-15.877,-32.273,24.635
Mpro,7ng3,ALD,402,1,A,4659,H1,-22.677,-16.371,-32.098,12.742
Mpro,7ng3,ALD,402,1,A,4663,H301,-22.573,-8.457,-27.073,1.699
Mpro,7ng3,ALD,402,1,A,4665,H31,-22.727,-11.402,-27.735,6.796
Mpro,7ng3,ALD,402,1,A,4666,H321,-23.339,-11.531,-25.515,26.334
Mpro,7ng3,ALD,402,1,A,4667,H322,-24.427,-10.193,-25.649,17.839
Mpro,7ng3,ALD,402,1,A,4668,H323,-22.745,-9.915,-25.355,7.645
Mpro,7ng3,ALD,402,1,A,4669,H331,-25.18,-11.096,-27.792,21.237
Mpro,7ng3,ALD,402,1,A,4670,H332,-24.366,-10.369,-29.133,0.849
Mpro,7ng3,ALD,402,1,A,4671,H333,-24.951,-9.383,-27.839,6.796
Mpro,7ng3,ALD,402,1,A,4685,H221,-20.234,-2.233,-26.905,2.548
Mpro,7ng3,ALD,402,1,A,4690,H202,-20.521,-7.707,-24.285,8.495
Mpro,7ng3,ALD,402,1,A,4691,H203,-21.165,-6.601,-25.448,1.699
Mpro,7ng3,ALD,402,1,A,4692,H211,-18.418,-7.987,-23.867,2.548
Mpro,7ng3,ALD,401,1,B,4679,C4,22.24,-12.588,1.622,1.208
Mpro,7ng3,ALD,401,1,B,4680,C5,23.085,-13.664,1.416,4.831
Mpro,7ng3,ALD,401,1,B,4681,C6,22.553,-14.932,1.162,7.246
Mpro,7ng3,ALD,401,1,B,4690,C32,21.347,-11.004,-5.182,6.038
Mpro,7ng3,ALD,401,1,B,4691,C33,22.991,-10.097,-3.49,7.246
Mpro,7ng3,ALD,401,1,B,4695,O34,20.495,-4.292,-3.868,18.215
Mpro,7ng3,ALD,401,1,B,4711,H5,24.158,-13.524,1.452,19.538
Mpro,7ng3,ALD,401,1,B,4712,H6,23.214,-15.773,0.993,22.087
Mpro,7ng3,ALD,401,1,B,4713,H1,20.765,-16.097,0.942,6.796
Mpro,7ng3,ALD,401,1,B,4717,H301,21.083,-8.367,-4.179,4.247
Mpro,7ng3,ALD,401,1,B,4719,H31,21.208,-11.197,-3.065,5.097
Mpro,7ng3,ALD,401,1,B,4720,H321,20.543,-11.693,-5.178,15.291
Mpro,7ng3,ALD,401,1,B,4721,H322,21.137,-10.22,-5.862,14.441
Mpro,7ng3,ALD,401,1,B,4722,H323,22.235,-11.5,-5.477,20.388
Mpro,7ng3,ALD,401,1,B,4723,H331,23.129,-9.998,-2.445,3.398
Mpro,7ng3,ALD,401,1,B,4724,H332,23.25,-9.189,-3.969,11.893
Mpro,7ng3,ALD,401,1,B,4725,H333,23.608,-10.877,-3.855,18.689
Mpro,7ng3,ALD,401,1,B,4729,H242,21.497,-3.996,-1.44,1.699
Mpro,7ng3,ALD,401,1,B,4738,H17,18.862,-4.042,-5.65,0.849
Mpro,7ng3,ALD,401,1,B,4739,H221,18.392,-1.972,-4.291,0.849
Mpro,7ng3,ALD,401,1,B,4743,H201,18.62,-7.519,-6.673,3.398
Mpro,7ng3,ALD,401,1,B,4744,H202,19.225,-6.413,-5.489,0.849
Mpro,7ng3,ALD,401,1,B,4746,H211,16.612,-7.438,-7.544,1.699
Mpro,7ng3,ALD,401,1,B,4749,HOX,18.153,-1.327,-6.316,5.946
Mpro,7ng6,ALD,401,1,B,4693,C4,22.239,-12.634,1.612,1.208
Mpro,7ng6,ALD,401,1,B,4694,C5,23.081,-13.713,1.407,4.831
Mpro,7ng6,ALD,401,1,B,4695,C6,22.544,-14.98,1.156,7.246
Mpro,7ng6,ALD,401,1,B,4696,C1,21.168,-15.157,1.124,1.208
Mpro,7ng6,ALD,401,1,B,4704,C32,20.885,-11.265,-5.073,7.246
Mpro,7ng6,ALD,401,1,B,4705,C33,22.851,-10.459,-3.705,4.831
Mpro,7ng6,ALD,401,1,B,4709,O34,20.517,-4.344,-3.894,19.286
Mpro,7ng6,ALD,401,1,B,4719,C20,18.588,-6.573,-6.338,1.208
Mpro,7ng6,ALD,401,1,B,4725,H5,24.154,-13.577,1.442,20.388
Mpro,7ng6,ALD,401,1,B,4726,H6,23.203,-15.824,0.988,22.936
Mpro,7ng6,ALD,401,1,B,4727,H1,20.753,-16.14,0.94,7.645
Mpro,7ng6,ALD,401,1,B,4731,H301,21.242,-8.494,-4.164,5.097
Mpro,7ng6,ALD,401,1,B,4733,H31,21.017,-11.252,-2.946,5.097
Mpro,7ng6,ALD,401,1,B,4734,H321,20.006,-11.83,-4.896,7.645
Mpro,7ng6,ALD,401,1,B,4735,H322,20.686,-10.521,-5.799,14.441
Mpro,7ng6,ALD,401,1,B,4736,H323,21.651,-11.907,-5.424,21.237
Mpro,7ng6,ALD,401,1,B,4737,H331,23.144,-10.291,-2.701,5.946
Mpro,7ng6,ALD,401,1,B,4738,H332,23.157,-9.643,-4.305,16.14
Mpro,7ng6,ALD,401,1,B,4739,H333,23.304,-11.348,-4.061,22.087
Mpro,7ng6,ALD,401,1,B,4743,H242,21.522,-4.046,-1.467,1.699
Mpro,7ng6,ALD,401,1,B,4752,H17,18.883,-4.092,-5.675,0.849
Mpro,7ng6,ALD,401,1,B,4753,H221,18.421,-2.018,-4.32,0.849
Mpro,7ng6,ALD,401,1,B,4757,H201,18.629,-7.57,-6.691,3.398
Mpro,7ng6,ALD,401,1,B,4758,H202,19.238,-6.464,-5.51,0.849
Mpro,7ng6,ALD,401,1,B,4760,H211,16.621,-7.485,-7.56,1.699
Mpro,7ng6,ALD,401,1,B,4763,HOX,18.182,-1.376,-6.346,5.946
Mpro,7ng6,ALD,701,1,A,4649,C5,-24.79,-13.776,-32.592,6.038
Mpro,7ng6,ALD,701,1,A,4650,C6,-24.367,-15.08,-32.378,8.453
Mpro,7ng6,ALD,701,1,A,4651,C1,-23.011,-15.36,-32.299,3.623
Mpro,7ng6,ALD,701,1,A,4652,C2,-22.083,-14.345,-32.479,1.208
Mpro,7ng6,ALD,701,1,A,4659,C32,-23.445,-10.533,-25.854,10.869
Mpro,7ng6,ALD,701,1,A,4660,C33,-24.524,-10.319,-28.087,4.831
Mpro,7ng6,ALD,701,1,A,4664,O34,-22.3,-4.36,-27.46,8.572
Mpro,7ng6,ALD,701,1,A,4674,C20,-20.479,-6.713,-24.649,3.623
Mpro,7ng6,ALD,701,1,A,4676,O33,-19.493,-1.952,-25.026,2.143
Mpro,7ng6,ALD,701,1,A,4680,H5,-25.848,-13.552,-32.63,18.689
Mpro,7ng6,ALD,701,1,A,4681,H6,-25.093,-15.877,-32.273,24.635
Mpro,7ng6,ALD,701,1,A,4682,H1,-22.677,-16.371,-32.098,12.742
Mpro,7ng6,ALD,701,1,A,4686,H301,-22.573,-8.457,-27.073,1.699
Mpro,7ng6,ALD,701,1,A,4688,H31,-22.727,-11.402,-27.735,9.344
Mpro,7ng6,ALD,701,1,A,4689,H321,-23.339,-11.531,-25.515,26.334
Mpro,7ng6,ALD,701,1,A,4690,H322,-24.427,-10.193,-25.649,17.839
Mpro,7ng6,ALD,701,1,A,4691,H323,-22.745,-9.915,-25.355,7.645
Mpro,7ng6,ALD,701,1,A,4692,H331,-25.18,-11.096,-27.792,21.237
Mpro,7ng6,ALD,701,1,A,4694,H333,-24.951,-9.383,-27.839,6.796
Mpro,7ng6,ALD,701,1,A,4708,H221,-20.234,-2.233,-26.905,2.548
Mpro,7ng6,ALD,701,1,A,4713,H202,-20.521,-7.707,-24.285,8.495
Mpro,7ng6,ALD,701,1,A,4714,H203,-21.165,-6.601,-25.448,1.699
Mpro,7ng6,ALD,701,1,A,4715,H211,-18.418,-7.987,-23.867,2.548
Mpro,7q5e,90I,401,1,B,4693,C5,-23.618,-10.799,-4.479,9.661
Mpro,7q5e,90I,401,1,B,4694,C4,-23.565,-9.622,-3.741,4.831
Mpro,7q5e,90I,401,1,B,4695,C3,-22.346,-8.978,-3.545,1.208
Mpro,7q5e,90I,401,1,B,4696,C2,-21.189,-9.513,-4.1,2.415
Mpro,7q5e,90I,401,1,B,4697,C6,-22.458,-11.335,-5.026,6.038
Mpro,7q5e,90I,401,1,B,4705,C25,-15.659,-17.813,-0.257,6.038
Mpro,7q5e,90I,401,1,B,4706,C24,-14.758,-18.043,-1.292,4.831
Mpro,7q5e,90I,401,1,B,4708,C22,-12.512,-17.815,-2.365,3.623
Mpro,7q5e,90I,401,1,B,4717,C17,-14.757,-11.762,-8.214,2.415
Mpro,7q5e,90I,401,1,B,4721,C7,-21.242,-10.693,-4.835,6.038
Mpro,7q5e,90I,401,1,B,4731,O5,-16.216,-12.678,-2.921,8.572
Mpro,7q5e,90I,401,1,B,4732,H5,-24.566,-11.3,-4.628,26.334
Mpro,7q5e,90I,401,1,B,4733,H41,-24.471,-9.206,-3.318,7.645
Mpro,7q5e,90I,401,1,B,4735,H6,-22.503,-12.252,-5.6,24.635
Mpro,7q5e,90I,401,1,B,4737,H12,-19.213,-8.971,-4.755,2.548
Mpro,7q5e,90I,401,1,B,4744,H26,-16.669,-18.197,-0.32,11.893
Mpro,7q5e,90I,401,1,B,4745,H25,-15.072,-18.603,-2.164,14.441
Mpro,7q5e,90I,401,1,B,4746,H24,-13.09,-18.178,-3.217,5.097
Mpro,7q5e,90I,401,1,B,4747,H23,-11.812,-18.601,-2.075,3.398
Mpro,7q5e,90I,401,1,B,4752,H2A,-15.754,-12.22,-6.334,9.344
Mpro,7q5e,90I,401,1,B,4754,H2C,-15.737,-11.374,-8.502,11.893
Mpro,7q5e,90I,401,1,B,4755,H2B,-14.526,-12.607,-8.865,6.796
Mpro,7q5e,90I,401,1,B,4758,H7,-20.337,-11.11,-5.257,15.291
Mpro,7q5e,90I,401,1,A,4722,C5,19.76,7.2,-36.679,1.208
Mpro,7q5e,90I,401,1,A,4725,C2,19.693,6.723,-33.955,1.208
Mpro,7q5e,90I,401,1,A,4726,C6,20.411,8.071,-35.812,3.623
Mpro,7q5e,90I,401,1,A,4734,C25,27.092,4.491,-25.576,3.623
Mpro,7q5e,90I,401,1,A,4735,C24,26.377,4.882,-24.448,3.623
Mpro,7q5e,90I,401,1,A,4737,C22,25.112,4.372,-22.353,2.415
Mpro,7q5e,90I,401,1,A,4739,C,20.781,4.929,-30.953,1.208
Mpro,7q5e,90I,401,1,A,4740,O,19.79,5.005,-30.217,1.071
Mpro,7q5e,90I,401,1,A,4745,C16,18.857,6.418,-25.857,1.208
Mpro,7q5e,90I,401,1,A,4746,C17,17.573,7.179,-25.522,2.415
Mpro,7q5e,90I,401,1,A,4750,C7,20.38,7.832,-34.444,2.415
Mpro,7q5e,90I,401,1,A,4760,O5,22.052,5.128,-28.11,10.715
Mpro,7q5e,90I,401,1,A,4764,H6,20.941,8.931,-36.202,17.839
Mpro,7q5e,90I,401,1,A,4766,H12,19.564,7.417,-31.936,17.839
Mpro,7q5e,90I,401,1,A,4773,H26,27.477,5.235,-26.263,15.291
Mpro,7q5e,90I,401,1,A,4774,H25,26.19,5.933,-24.265,15.291
Mpro,7q5e,90I,401,1,A,4775,H24,25.155,5.461,-22.275,6.796
Mpro,7q5e,90I,401,1,A,4776,H23,25.559,3.953,-21.45,2.548
Mpro,7q5e,90I,401,1,A,4781,H2A,19.344,6.855,-26.731,11.043
Mpro,7q5e,90I,401,1,A,4783,H2C,17.3,7.865,-26.326,11.893
Mpro,7q5e,90I,401,1,A,4784,H2B,17.687,7.762,-24.607,6.796
Mpro,7q5e,90I,401,1,A,4786,H22,23.038,4.719,-22.021,0.849
Mpro,7q5e,90I,401,1,A,4787,H7,20.885,8.505,-33.762,12.742
Mpro,7rc1,4IO,401,1,A,2482,C10,18.044,-24.524,21.213,3.623
Mpro,7rc1,4IO,401,1,A,2490,C04,16.637,-29.374,21.631,1.208
Mpro,7rc1,4IO,401,1,A,2491,C05,17.625,-28.448,21.302,1.208
Mpro,7rc1,4IO,401,1,A,2494,C11,17.357,-23.323,21.253,6.038
Mpro,7rc1,4IO,401,1,A,2495,C12,17.608,-22.351,20.301,3.623
Mpro,7rc1,4IO,401,1,A,2503,O19,20.255,-26.793,21.508,15.0
Mpro,7rc1,4IO,401,1,A,2505,H101,17.869,-25.182,21.847,7.645
Mpro,7rc1,4IO,401,1,A,2509,H041,16.414,-29.523,22.522,9.344
Mpro,7rc1,4IO,401,1,A,2510,H051,18.069,-27.981,21.973,5.946
Mpro,7rc1,4IO,401,1,A,2511,H111,16.727,-23.169,21.919,8.495
Mpro,7rc1,4IO,401,1,A,2512,H121,17.145,-21.544,20.324,1.699
Mpro,7q5f,90X,401,1,A,4705,C2,18.889,8.616,-29.683,2.415
Mpro,7q5f,90X,401,1,A,4706,C3,20.09,8.548,-28.95,6.038
Mpro,7q5f,90X,401,1,A,4707,C4,20.204,9.24,-27.748,6.038
Mpro,7q5f,90X,401,1,A,4708,C5,19.131,10.008,-27.285,2.415
Mpro,7q5f,90X,401,1,A,4715,C7,17.853,9.388,-29.214,2.415
Mpro,7q5f,90X,401,1,A,4720,C1,19.618,6.971,-31.43,1.208
Mpro,7q5f,90X,401,1,A,4723,C17,17.457,7.389,-25.425,1.208
Mpro,7q5f,90X,401,1,A,4726,C6,17.948,10.08,-28.021,4.831
Mpro,7q5f,90X,401,1,A,4728,O1,18.694,7.958,-30.895,5.357
Mpro,7q5f,90X,401,1,A,4732,O5,21.735,5.88,-27.727,3.214
Mpro,7q5f,90X,401,1,A,4733,CL,19.274,10.906,-25.729,47.382
Mpro,7q5f,90X,401,1,A,4734,CL1,16.351,9.476,-30.196,19.95
Mpro,7q5f,90X,401,1,A,4743,C24,26.015,5.17,-24.769,3.623
Mpro,7q5f,90X,401,1,A,4745,C25,26.618,5.531,-25.97,6.038
Mpro,7q5f,90X,401,1,A,4747,C26,27.214,4.568,-26.765,2.415
Mpro,7q5f,90X,401,1,A,4756,H31,20.92,7.959,-29.32,1.699
Mpro,7q5f,90X,401,1,A,4757,H41,21.121,9.185,-27.173,13.592
Mpro,7q5f,90X,401,1,A,4758,H81,21.715,5.501,-32.516,1.699
Mpro,7q5f,90X,401,1,A,4763,H10,23.09,2.845,-29.816,0.849
Mpro,7q5f,90X,401,1,A,4768,H12,20.554,7.46,-31.708,8.495
Mpro,7q5f,90X,401,1,A,4769,H11,19.193,6.524,-32.331,10.194
Mpro,7q5f,90X,401,1,A,4773,H2C,17.229,8.068,-26.249,0.849
Mpro,7q5f,90X,401,1,A,4774,H2B,17.518,7.981,-24.51,3.398
Mpro,7q5f,90X,401,1,A,4775,H6,17.114,10.67,-27.662,13.592
Mpro,7q5f,90X,401,1,A,4779,H21,24.126,5.131,-22.605,3.398
Mpro,7q5f,90X,401,1,A,4781,H23,26.005,3.687,-22.229,1.699
Mpro,7q5f,90X,401,1,A,4785,H25,25.556,5.928,-24.147,7.645
Mpro,7q5f,90X,401,1,A,4787,H26,26.621,6.568,-26.284,25.485
Mpro,7q5f,90X,401,1,A,4789,H27,27.682,4.851,-27.699,2.548
Mpro,7q5f,90X,401,1,B,4659,C2,-18.665,-10.482,-6.602,3.623
Mpro,7q5f,90X,401,1,B,4660,C3,-18.287,-11.722,-6.178,2.415
Mpro,7q5f,90X,401,1,B,4661,C4,-18.024,-12.695,-7.13,4.831
Mpro,7q5f,90X,401,1,B,4662,C5,-18.159,-12.397,-8.48,3.623
Mpro,7q5f,90X,401,1,B,4669,C7,-18.791,-10.24,-7.928,3.623
Mpro,7q5f,90X,401,1,B,4674,C1,-18.927,-9.427,-4.411,1.208
Mpro,7q5f,90X,401,1,B,4677,C17,-14.627,-11.695,-8.3,1.208
Mpro,7q5f,90X,401,1,B,4680,C6,-18.543,-11.152,-8.879,4.831
Mpro,7q5f,90X,401,1,B,4682,O1,-18.968,-9.433,-5.809,3.214
Mpro,7q5f,90X,401,1,B,4686,O5,-16.118,-12.736,-3.565,7.5
Mpro,7q5f,90X,401,1,B,4687,CL,-17.849,-13.545,-9.793,53.617
Mpro,7q5f,90X,401,1,B,4688,CL1,-19.315,-8.643,-8.381,18.703
Mpro,7q5f,90X,401,1,B,4697,C24,-14.725,-18.2,-0.966,2.415
Mpro,7q5f,90X,401,1,B,4699,C25,-15.906,-18.03,-0.254,7.246
Mpro,7q5f,90X,401,1,B,4701,C26,-16.097,-16.933,0.557,6.038
Mpro,7q5f,90X,401,1,B,4711,H41,-17.703,-13.682,-6.822,11.043
Mpro,7q5f,90X,401,1,B,4712,H81,-19.142,-9.674,-1.514,0.849
Mpro,7q5f,90X,401,1,B,4714,H92,-18.68,-12.409,-0.683,1.699
Mpro,7q5f,90X,401,1,B,4715,H91,-18.411,-10.915,0.232,0.849
Mpro,7q5f,90X,401,1,B,4716,H13,-16.46,-12.64,-0.962,0.849
Mpro,7q5f,90X,401,1,B,4717,H10,-16.19,-11.144,-0.047,1.699
Mpro,7q5f,90X,401,1,B,4723,H11,-19.148,-8.422,-4.045,7.645
Mpro,7q5f,90X,401,1,B,4728,H2B,-14.375,-12.488,-9.008,1.699
Mpro,7q5f,90X,401,1,B,4729,H6,-18.662,-10.913,-9.928,13.592
Mpro,7q5f,90X,401,1,B,4733,H21,-12.485,-17.197,-3.812,2.548
Mpro,7q5f,90X,401,1,B,4735,H23,-12.381,-18.579,-1.96,5.097
Mpro,7q5f,90X,401,1,B,4739,H25,-14.616,-19.067,-1.605,13.592
Mpro,7q5f,90X,401,1,B,4741,H26,-16.699,-18.761,-0.356,12.742
Mpro,7q5f,90X,401,1,B,4749,H32,-13.283,-15.248,-2.209,0.849
Mpro,7q5f,90X,401,1,B,4751,H42,-14.109,-13.782,-2.059,0.849
Mpro,7set,I70,401,1,A,2411,C13,21.064,16.563,26.749,1.208
Mpro,7set,I70,401,1,A,2419,C21,18.819,10.194,26.629,3.623
Mpro,7set,I70,401,1,A,2420,C22,18.453,9.457,27.91,18.114
Mpro,7set,I70,401,1,A,2424,C26,21.6,14.117,30.859,38.644
Mpro,7set,I70,401,1,A,2425,C27,17.493,18.629,33.438,1.208
Mpro,7set,I70,401,1,A,2426,C28,19.965,18.79,33.273,27.775
Mpro,7set,I70,401,1,A,2429,C31,19.613,12.889,30.023,10.869
Mpro,7set,I70,401,1,A,2430,C32,21.544,13.255,28.532,24.153
Mpro,7set,I70,401,1,A,2438,N2,19.411,10.878,20.946,7.655
Mpro,7set,I70,401,1,A,2440,N8,18.683,17.344,31.766,4.374
Mpro,7set,I70,401,1,A,2442,O29,20.674,17.5,30.649,2.143
Mpro,7set,I70,401,1,A,2444,O38,20.408,13.577,25.21,10.715
Mpro,7set,I70,401,1,A,2446,O9,18.911,13.124,22.035,3.214
Mpro,7sf1,8ZI,401,1,A,2410,C8,11.286,-25.375,24.109,1.208
Mpro,7sf1,8ZI,401,1,A,2412,C13,7.763,-23.553,23.526,22.945
Mpro,7sf1,8ZI,401,1,A,2415,C20,13.776,-18.132,22.228,3.623
Mpro,7sf1,8ZI,401,1,A,2419,C26,5.582,-25.504,20.457,1.208
Mpro,7sf1,8ZI,401,1,A,2421,O1,8.667,-26.975,22.793,7.5
Mpro,7sf1,8ZI,401,1,A,2427,C12,8.142,-21.849,21.771,10.869
Mpro,7sf1,8ZI,401,1,A,2428,C14,8.647,-21.291,24.138,30.191
Mpro,7sf1,8ZI,401,1,A,2431,C18,12.717,-18.934,24.336,21.737
Mpro,7sf1,8ZI,401,1,A,2432,C19,11.327,-18.566,22.294,14.492
Mpro,7sf1,8ZI,401,1,A,2436,N4,6.235,-31.258,21.146,8.749
Mpro,7sf1,8ZI,401,1,A,2438,O5,8.703,-30.137,21.227,4.286
Mpro,7sf1,8ZI,401,1,A,2440,C27,4.993,-24.177,19.921,19.322
Mpro,7sfb,90U,401,1,A,2355,N3,-18.867,20.895,-31.554,7.655
Mpro,7sfb,90U,401,1,A,2358,C6,-18.412,13.313,-26.348,2.415
Mpro,7sfb,90U,401,1,A,2361,C10,-19.789,17.702,-22.384,18.114
Mpro,7sfb,90U,401,1,A,2362,C13,-21.626,20.151,-24.622,18.114
Mpro,7sfb,90U,401,1,A,2363,C15,-20.527,21.377,-22.89,20.53
Mpro,7sfb,90U,401,1,A,2369,O1,-19.925,18.387,-27.125,3.214
Mpro,7sfb,90U,401,1,A,2374,O2,-19.74,16.648,-23.387,5.357
Mpro,7sfb,90U,401,1,A,2375,C11,-20.324,18.976,-22.964,3.623
Mpro,7sfb,90U,401,1,A,2376,C12,-21.146,18.964,-24.082,3.623
Mpro,7sfb,90U,401,1,A,2377,C14,-21.319,21.359,-24.023,15.699
Mpro,7sfb,90U,401,1,A,2378,C16,-20.023,20.192,-22.365,15.699
Mpro,7sfb,90U,401,1,A,2382,O4,-18.497,18.638,-30.378,4.286
Mpro,7sfb,90U,401,1,A,2385,C23,-17.871,22.646,-24.773,6.038
Mpro,7sfi,91Z,401,1,A,2407,C6,-18.748,13.322,-26.375,1.208
Mpro,7sfi,91Z,401,1,A,2409,C8,-20.937,15.249,-25.456,1.208
Mpro,7sfi,91Z,401,1,A,2410,C10,-20.07,16.568,-22.955,8.453
Mpro,7sfi,91Z,401,1,A,2411,C13,-19.331,17.373,-18.134,10.869
Mpro,7sfi,91Z,401,1,A,2412,C15,-21.119,15.873,-18.747,25.36
Mpro,7sfi,91Z,401,1,A,2416,C22,-18.746,21.62,-25.729,7.246
Mpro,7sfi,91Z,401,1,A,2418,O1,-20.331,18.303,-27.064,10.715
Mpro,7sfi,91Z,401,1,A,2422,C9,-19.317,16.769,-24.26,1.208
Mpro,7sfi,91Z,401,1,A,2423,N2,-19.573,17.356,-21.841,6.562
Mpro,7sfi,91Z,401,1,A,2424,C11,-19.866,17.034,-20.493,4.831
Mpro,7sfi,91Z,401,1,A,2425,C12,-19.098,17.612,-19.48,2.415
Mpro,7sfi,91Z,401,1,A,2426,F1,-18.135,18.488,-19.842,4.14
Mpro,7sfi,91Z,401,1,A,2427,C14,-20.345,16.504,-17.808,6.038
Mpro,7sfi,91Z,401,1,A,2428,F2,-20.6,16.241,-16.496,35.193
Mpro,7sfi,91Z,401,1,A,2429,C16,-20.894,16.176,-20.071,8.453
Mpro,7sfi,91Z,401,1,A,2430,F3,-21.672,15.573,-20.992,8.281
Mpro,7sfi,91Z,401,1,A,2433,O3,-18.802,18.554,-30.281,3.214
Mpro,7sfi,91Z,401,1,A,2435,N4,-19.281,20.882,-31.486,7.655
Mpro,7sfi,91Z,401,1,A,2437,C23,-18.37,22.362,-24.459,26.568
Mpro,7sf3,90H,401,1,A,2412,C13,21.524,13.762,29.178,24.153
Mpro,7sf3,90H,401,1,A,2415,C20,19.729,10.422,20.44,13.284
Mpro,7sf3,90H,401,1,A,2418,C24,18.387,9.739,28.261,19.322
Mpro,7sf3,90H,401,1,A,2419,O1,20.297,13.786,25.784,6.429
Mpro,7sf3,90H,401,1,A,2425,C12,19.56,13.263,30.626,13.284
Mpro,7sf3,90H,401,1,A,2426,C14,21.416,14.667,31.505,33.814
Mpro,7sf3,90H,401,1,A,2429,F1,18.767,17.934,33.364,11.386
Mpro,7sf3,90H,401,1,A,2432,O2,20.495,18.117,30.891,4.286
Mpro,7sf3,90H,401,1,A,2435,O4,18.842,13.512,22.546,3.214
Mpro,7sf3,90H,401,1,A,2437,N4,19.237,11.466,21.309,3.281
Mpro,7sf3,90H,401,1,A,2439,C23,18.7,10.558,27.015,3.623
Mpro,7sfh,91I,401,1,A,2442,N3,-19.482,20.788,-31.927,6.562
Mpro,7sfh,91I,401,1,A,2443,C4,-21.398,14.803,-27.705,2.415
Mpro,7sfh,91I,401,1,A,2448,C10,-20.345,15.983,-23.646,10.869
Mpro,7sfh,91I,401,1,A,2450,C15,-21.352,12.726,-19.8,13.284
Mpro,7sfh,91I,401,1,A,2451,C17,-21.463,14.456,-21.423,7.246
Mpro,7sfh,91I,401,1,A,2455,C24,-18.741,22.383,-24.977,28.983
Mpro,7sfh,91I,401,1,A,2456,O1,-20.632,18.418,-27.406,19.286
Mpro,7sfh,91I,401,1,A,2459,C3,-20.213,15.463,-28.361,2.415
Mpro,7sfh,91I,401,1,A,2463,C14,-20.118,12.373,-20.265,3.623
Mpro,7sfh,91I,401,1,A,2464,C16,-22.036,13.753,-20.382,15.699
Mpro,7sfh,91I,401,1,A,2465,O2,-18.703,17.198,-24.94,1.071
Mpro,7sfh,91I,401,1,A,2469,O3,-19.121,18.569,-30.713,5.357
Mpro,7sfh,91I,401,1,A,2471,C23,-19.045,21.659,-26.244,7.246
Mpro,7sgh,99W,401,1,C,2388,C10,37.083,-3.775,41.961,3.623
Mpro,7sgh,99W,401,1,C,2389,C13,36.889,-6.152,43.355,12.076
Mpro,7sgh,99W,401,1,C,2390,C15,28.553,-2.571,38.663,3.623
Mpro,7sgh,99W,401,1,C,2392,C20,29.787,-6.995,38.986,18.114
Mpro,7sgh,99W,401,1,C,2394,O1,31.307,-2.33,38.167,21.429
Mpro,7sgh,99W,401,1,C,2395,C1,30.779,-1.587,38.985,2.415
Mpro,7sgh,99W,401,1,C,2397,C3,31.813,0.727,38.863,3.623
Mpro,7sgh,99W,401,1,C,2398,N2,34.684,-3.835,41.466,7.655
Mpro,7sgh,99W,401,1,C,2399,C9,35.827,-4.378,42.063,3.623
Mpro,7sgh,99W,401,1,C,2400,F1,37.185,-2.617,41.28,2.07
Mpro,7sgh,99W,401,1,C,2401,C11,38.22,-4.316,42.527,15.699
Mpro,7sgh,99W,401,1,C,2402,C12,38.08,-5.494,43.213,4.831
Mpro,7sgh,99W,401,1,C,2403,F2,39.181,-6.039,43.78,21.737
Mpro,7sgh,99W,401,1,C,2404,C14,35.777,-5.581,42.772,2.415
Mpro,7sgh,99W,401,1,C,2405,F3,34.591,-6.209,42.892,5.175
Mpro,7sgh,99W,401,1,C,2407,C16,27.315,-1.785,38.266,1.208
Mpro,7sgh,99W,401,1,C,2408,N4,26.769,-2.02,37.127,13.123
Mpro,7sgh,99W,401,1,C,2410,C19,29.751,-5.519,38.594,4.831
Mpro,7sgh,99W,401,1,A,2350,C5,-10.079,-29.161,54.363,2.415
Mpro,7sgh,99W,401,1,A,2353,C8,-4.888,-28.604,58.355,18.114
Mpro,7sgh,99W,401,1,A,2354,C10,-5.389,-31.768,59.97,3.623
Mpro,7sgh,99W,401,1,A,2356,C15,-5.519,-23.633,55.017,1.208
Mpro,7sgh,99W,401,1,A,2358,C20,-2.529,-23.484,58.588,15.699
Mpro,7sgh,99W,401,1,A,2360,O1,-6.985,-25.256,56.735,22.501
Mpro,7sgh,99W,401,1,A,2363,C3,-8.268,-27.492,54.907,4.831
Mpro,7sgh,99W,401,1,A,2364,N2,-5.768,-29.685,58.739,2.187
Mpro,7sgh,99W,401,1,A,2366,F1,-5.93,-31.207,61.071,31.052
Mpro,7sgh,99W,401,1,A,2367,C11,-4.912,-33.066,60.024,15.699
Mpro,7sgh,99W,401,1,A,2369,F2,-3.881,-34.854,58.902,1.035
Mpro,7sgh,99W,401,1,A,2373,C16,-6.034,-22.751,53.898,1.208
Mpro,7sgh,99W,401,1,A,2374,N4,-6.375,-21.515,54.153,9.842
Mpro,7sgh,99W,401,1,A,2376,C19,-3.805,-23.523,57.753,2.415
Mpro,7sgh,99W,401,1,B,2399,C5,39.442,-19.547,104.932,1.208
Mpro,7sgh,99W,401,1,B,2402,C8,34.36,-20.171,109.114,16.907
Mpro,7sgh,99W,401,1,B,2404,C13,34.236,-15.577,110.276,10.869
Mpro,7sgh,99W,401,1,B,2407,C20,31.979,-25.322,109.367,18.114
Mpro,7sgh,99W,401,1,B,2409,O1,36.616,-23.522,107.258,20.358
Mpro,7sgh,99W,401,1,B,2419,C14,34.688,-16.884,110.314,2.415
Mpro,7sgh,99W,401,1,B,2420,F3,35.103,-17.415,111.481,32.087
Mpro,7sgh,99W,401,1,B,2423,N4,35.974,-27.064,104.885,12.029
Mpro,7sgh,99W,401,1,B,2425,C19,33.239,-25.38,108.488,1.208
Mpro,7sgh,99W,401,1,D,2427,C8,-4.926,-45.748,92.341,8.453
Mpro,7sgh,99W,401,1,D,2428,C10,-6.897,-43.595,94.334,3.623
Mpro,7sgh,99W,401,1,D,2429,C13,-9.249,-44.89,93.688,14.492
Mpro,7sgh,99W,401,1,D,2430,C15,0.809,-46.369,90.219,1.208
Mpro,7sgh,99W,401,1,D,2432,C20,-0.496,-42.005,90.575,16.907
Mpro,7sgh,99W,401,1,D,2434,O1,-1.691,-47.106,89.305,23.572
Mpro,7sgh,99W,401,1,D,2439,C9,-6.807,-44.892,93.814,2.415
Mpro,7sgh,99W,401,1,D,2440,F1,-5.754,-42.949,94.642,6.21
Mpro,7sgh,99W,401,1,D,2441,C11,-8.099,-42.942,94.53,13.284
Mpro,7sgh,99W,401,1,D,2442,C12,-9.244,-43.618,94.198,2.415
Mpro,7sgh,99W,401,1,D,2443,F2,-10.437,-43.002,94.387,32.087
Mpro,7sgh,99W,401,1,D,2444,C14,-8.026,-45.508,93.5,2.415
Mpro,7sgh,99W,401,1,D,2445,F3,-8.015,-46.76,92.997,1.035
Mpro,7sgh,99W,401,1,D,2448,N4,2.587,-46.844,88.658,9.842
Mpro,7sgh,99W,401,1,D,2450,C19,-0.492,-43.486,90.216,4.831
Mpro,7tvs,XNJ,401,1,A,2323,CBE,19.668,5.802,24.73,15.699
Mpro,7tvs,XNJ,401,1,A,2324,CBF,20.55,6.036,23.497,38.644
Mpro,7tvs,XNJ,401,1,A,2325,NBG,19.733,6.428,22.388,26.246
Mpro,7tvs,XNJ,401,1,A,2326,CBH,18.95,7.568,22.768,9.661
Mpro,7tvs,XNJ,401,1,A,2327,CBI,18.153,7.229,24.035,3.623
Mpro,7tvs,XNJ,401,1,A,2328,NBD,18.948,6.868,25.025,1.094
Mpro,7tvs,XNJ,401,1,A,2329,CBC,18.309,6.746,26.189,7.246
Mpro,7tvs,XNJ,401,1,A,2332,CBB,14.531,5.867,25.898,4.831
Mpro,7tvs,XNJ,401,1,A,2333,CAY,17.054,4.587,26.259,9.661
Mpro,7tvs,XNJ,401,1,A,2334,CAX,15.774,3.75,26.2,21.737
Mpro,7tvs,XNJ,401,1,A,2335,CAV,14.611,4.35,26.042,3.623
Mpro,7tvs,XNJ,401,1,A,2336,CAU,13.322,3.522,25.97,3.623
Mpro,7tvs,XNJ,401,1,A,2337,OAW,13.323,2.366,26.24,22.501
Mpro,7tvs,XNJ,401,1,A,2338,NAT,12.098,4.182,25.538,3.281
Mpro,7tvs,XNJ,401,1,A,2340,CAN,10.533,2.944,24.253,4.831
Mpro,7tvs,XNJ,401,1,A,2341,CAP,9.994,3.111,26.652,4.831
Mpro,7tvs,XNJ,401,1,A,2342,CAQ,8.888,2.394,26.518,3.623
Mpro,7tvs,XNJ,401,1,A,2343,CAR,8.495,1.862,25.14,4.831
Mpro,7tvs,XNJ,401,1,A,2344,CAS,7.225,1.035,24.959,4.831
Mpro,7tvs,XNJ,401,1,A,2345,CAM,9.264,2.114,24.101,2.415
Mpro,7tvs,XNJ,401,1,A,2347,CAJ,9.792,1.052,21.811,2.415
Mpro,7tvs,XNJ,401,1,A,2349,SAI,11.373,0.823,21.854,23.162
Mpro,7tvs,XNJ,401,1,A,2350,CAH,11.774,0.182,20.469,10.869
Mpro,7tvs,XNJ,401,1,A,2351,CAG,10.551,0.048,19.681,1.208
Mpro,7tvs,XNJ,401,1,A,2353,CAA,11.193,-1.226,17.668,8.453
Mpro,7tvs,XNJ,401,1,A,2354,CAB,10.883,-1.743,16.304,8.453
Mpro,7u92,M0C,401,1,A,2420,C13,-21.363,13.553,-28.97,21.737
Mpro,7u92,M0C,401,1,A,2423,C20,-19.846,10.303,-20.232,4.831
Mpro,7u92,M0C,401,1,A,2424,C21,-20.816,11.33,-19.637,13.284
Mpro,7u92,M0C,401,1,A,2425,C22,-20.378,12.389,-20.663,3.623
Mpro,7u92,M0C,401,1,A,2427,C26,-18.291,9.643,-28.092,18.114
Mpro,7u92,M0C,401,1,A,2428,O1,-20.134,13.652,-25.595,8.572
Mpro,7u92,M0C,401,1,A,2434,C12,-19.527,13.19,-30.611,15.699
Mpro,7u92,M0C,401,1,A,2435,C14,-21.501,14.537,-31.261,33.814
Mpro,7u92,M0C,401,1,A,2440,F3,-18.615,17.723,-33.175,11.386
Mpro,7u92,M0C,401,1,A,2441,O2,-20.42,17.931,-30.788,2.143
Mpro,7u92,M0C,401,1,A,2449,C25,-18.576,10.474,-26.839,3.623
Mpro,7tvx,G65,401,1,A,2314,CBE,18.847,8.564,28.075,12.076
Mpro,7tvx,G65,401,1,A,2315,CBF,19.511,9.782,27.422,21.737
Mpro,7tvx,G65,401,1,A,2317,CBJ,18.637,11.484,28.476,38.644
Mpro,7tvx,G65,401,1,A,2318,CBH,17.517,10.562,26.849,3.623
Mpro,7tvx,G65,401,1,A,2321,CBC,17.704,7.669,26.424,12.076
Mpro,7tvx,G65,401,1,A,2322,CAZ,16.588,6.608,26.314,3.623
Mpro,7tvx,G65,401,1,A,2323,CBA,15.172,7.046,25.953,2.415
Mpro,7tvx,G65,401,1,A,2324,CBB,14.198,6.165,25.854,4.831
Mpro,7tvx,G65,401,1,A,2325,CAY,16.839,5.322,26.521,16.907
Mpro,7tvx,G65,401,1,A,2326,CAX,15.709,4.288,26.404,16.907
Mpro,7tvx,G65,401,1,A,2327,CAV,14.488,4.69,26.093,2.415
Mpro,7tvx,G65,401,1,A,2328,CAU,13.298,3.728,25.961,3.623
Mpro,7tvx,G65,401,1,A,2329,OAW,13.433,2.551,26.062,9.643
Mpro,7tvx,G65,401,1,A,2330,NAT,11.991,4.334,25.717,1.094
Mpro,7tvx,G65,401,1,A,2332,CAN,10.421,3.13,24.368,3.623
Mpro,7tvx,G65,401,1,A,2333,CAP,9.932,3.164,26.791,1.208
Mpro,7tvx,G65,401,1,A,2339,CAJ,9.613,1.251,21.899,1.208
Mpro,7tvx,G65,401,1,A,2341,SAI,11.181,0.974,21.953,14.155
Mpro,7tvx,G65,401,1,A,2342,CAH,11.576,0.342,20.57,13.284
Mpro,7tvx,G65,401,1,A,2343,CAG,10.365,0.261,19.763,1.208
Mpro,7tvx,G65,401,1,A,2345,CAA,11.165,-0.85,17.746,8.453
Mpro,7tvx,G65,401,1,A,2346,CAB,10.947,-1.398,16.378,10.869
Mpro,7uug,M0C,401,1,A,2402,C13,-13.147,19.474,-22.068,13.284
Mpro,7uug,M0C,401,1,A,2405,C20,-12.079,20.405,-31.699,2.415
Mpro,7uug,M0C,401,1,A,2406,C21,-10.904,21.175,-32.328,18.114
Mpro,7uug,M0C,401,1,A,2407,C22,-9.928,20.042,-31.979,4.831
Mpro,7uug,M0C,401,1,A,2409,C26,-9.464,18.527,-24.383,18.114
Mpro,7uug,M0C,401,1,A,2410,O1,-13.571,20.24,-26.884,8.572
Mpro,7uug,M0C,401,1,A,2416,C12,-14.482,21.433,-21.297,35.021
Mpro,7uug,M0C,401,1,A,2417,C14,-13.485,21.406,-23.583,21.737
Mpro,7uug,M0C,401,1,A,2421,F2,-17.557,18.899,-19.225,12.421
Mpro,7uug,M0C,401,1,A,2423,O2,-17.966,20.349,-21.808,2.143
Mpro,7uup,4WI,401,1,A,2372,C3,-17.454,19.897,-29.761,3.623
Mpro,7uup,4WI,401,1,A,2377,C7,-18.353,22.287,-24.473,19.322
Mpro,7uup,4WI,401,1,A,2386,C16,-19.435,18.792,-22.072,12.076
Mpro,7uup,4WI,401,1,A,2387,C17,-21.412,17.45,-21.391,37.436
Mpro,7uup,4WI,401,1,A,2388,C23,-21.332,18.463,-23.654,22.945
Mpro,7uup,4WI,401,1,A,2390,C2,-17.814,19.791,-28.286,1.208
Mpro,7uup,4WI,401,1,A,2394,N5,-17.622,21.038,-30.4,7.655
Mpro,7uup,4WI,401,1,A,2400,O2,-20.002,18.498,-27.144,12.858
Mpro,7uup,4WI,401,1,A,2402,O4,-20.296,13.966,-22.061,2.143
Mpro,7uup,4WI,401,1,A,2404,F2,-18.792,14.235,-19.529,12.421
Mpro,7z0p,I8H,401,1,D,2355,C10,-12.923,4.185,0.143,9.661
Mpro,7z0p,I8H,401,1,D,2356,C13,-16.81,5.361,-0.872,1.208
Mpro,7z0p,I8H,401,1,D,2357,C15,-18.589,7.528,-1.602,19.322
Mpro,7z0p,I8H,401,1,D,2367,C3,-16.088,1.019,-2.184,1.208
Mpro,7z0p,I8H,401,1,D,2370,O1,-13.708,-0.888,-0.842,5.357
Mpro,7z0p,I8H,401,1,D,2372,C11,-12.888,2.83,-1.931,26.568
Mpro,7z0p,I8H,401,1,D,2373,C12,-13.574,5.224,-2.025,38.644
Mpro,7z0p,I8H,401,1,D,2374,N4,-17.22,6.481,-0.223,1.094
Mpro,7z0p,I8H,401,1,D,2376,O3,-17.336,4.959,-1.925,1.071
Mpro,7z0p,I8H,401,1,D,2377,C16,-18.931,8.238,0.618,3.623
Mpro,7z0p,I8H,401,1,D,2382,C23,-9.926,2.019,2.126,16.907
Mpro,7z0p,I8H,401,1,D,2384,O5,-13.653,-3.697,0.818,1.071
Mpro,7z0p,I8H,401,1,D,2386,C25,-10.949,-4.665,-0.098,12.076
Mpro,7z59,IFO,401,1,A,2368,O6,-3.956,-22.396,-20.646,24.644
Mpro,7z59,IFO,401,1,A,2369,C6,-7.323,-28.686,-20.389,1.208
Mpro,7z59,IFO,401,1,A,2370,C7,-7.265,-29.838,-19.452,2.415
Mpro,7z59,IFO,401,1,A,2374,C1,-6.232,-23.586,-22.258,31.398
Mpro,7z59,IFO,401,1,A,2377,C3,-6.022,-24.576,-19.944,1.208
Mpro,7z59,IFO,401,1,A,2379,O1,-6.298,-30.551,-19.313,2.143
Mpro,7z59,IFO,401,1,A,2380,N2,-8.586,-28.462,-20.995,4.374
Mpro,7z59,IFO,401,1,A,2381,C9,-10.654,-27.252,-21.447,1.208
Mpro,7z59,IFO,401,1,A,2382,O3,-10.652,-28.23,-22.477,3.214
Mpro,7z59,IFO,401,1,A,2388,C15,-11.846,-29.58,-23.953,2.415
Mpro,7z59,IFO,401,1,A,2389,C16,-4.932,-25.921,-23.423,1.208
Mpro,7z59,IFO,401,1,A,2390,O4,-5.576,-26.502,-24.246,30.001
Mpro,7z59,IFO,401,1,A,2392,C17,-2.6,-25.842,-23.361,1.208
Mpro,7z59,IFO,401,1,A,2394,C19,-0.14,-25.494,-23.492,18.114
Mpro,7z59,IFO,401,1,A,2395,C20,0.991,-24.903,-24.022,28.983
Mpro,7z59,IFO,401,1,A,2396,C21,0.822,-24.006,-25.034,6.038
Mpro,7z59,IFO,401,1,A,2397,F1,1.925,-23.412,-25.554,48.649
Mpro,7z59,IFO,401,1,A,2398,C22,-0.408,-23.657,-25.543,31.398
Mpro,7z59,IFO,401,1,A,2399,C23,-1.511,-24.263,-24.982,8.453
Mpro,7z59,IFO,401,1,A,2400,F2,-2.742,-23.933,-25.448,32.087
Mpro,7z59,IFO,401,1,A,2401,S1,-3.753,-23.781,-21.139,3.86
Mpro,7z59,IFO,401,1,A,2402,O7,-2.943,-24.588,-20.032,5.357
Mpro,8a4q,V9R,401,1,A,2376,O26,-7.566,-22.658,-3.888,24.644
Mpro,8a4q,V9R,401,1,A,2377,C24,-6.956,-23.407,-3.125,8.453
Mpro,8a4q,V9R,401,1,A,2378,O25,-5.587,-23.183,-2.702,9.643
Mpro,8a4q,V9R,401,1,A,2380,C31,-3.417,-22.338,-2.197,53.136
Mpro,8a4q,V9R,401,1,A,2381,C32,-5.316,-20.797,-2.575,48.305
Mpro,8a4q,V9R,401,1,A,2382,C33,-4.441,-22.121,-4.517,48.305
Mpro,8a4q,V9R,401,1,A,2383,N23,-7.439,-24.542,-2.632,7.655
Mpro,8a4q,V9R,401,1,A,2384,C19,-8.603,-25.101,-2.981,4.831
Mpro,8a4q,V9R,401,1,A,2385,C21,-8.883,-26.37,-2.304,1.208
Mpro,8a4q,V9R,401,1,A,2386,O22,-8.012,-26.79,-1.492,6.429
Mpro,8a4q,V9R,401,1,A,2387,C18,-9.54,-24.631,-3.902,16.907
Mpro,8a4q,V9R,401,1,A,2388,C17,-10.714,-25.325,-4.155,21.737
Mpro,8a4q,V9R,401,1,A,2392,C22,-10.796,-29.396,-2.895,1.208
Mpro,8a4q,V9R,401,1,A,2393,C29,-9.618,-29.636,-3.851,1.208
Mpro,8a4q,V9R,401,1,A,2394,C34,-9.721,-28.93,-5.206,20.53
Mpro,8a4q,V9R,401,1,A,2395,C30,-9.87,-30.454,-5.124,33.814
Mpro,8a4q,V9R,401,1,A,2397,O37,-12.224,-27.289,-0.693,10.715
Mpro,8a4q,V9R,401,1,A,2401,C45,-11.263,-26.448,2.309,1.208
Mpro,8a4q,V9R,401,1,A,2405,C51,-9.44,-24.858,2.207,18.114
Mpro,8a4q,V9R,401,1,A,2406,C54,-9.974,-26.131,1.533,2.415
Mpro,8a4q,V9R,401,1,A,2410,O41,-12.472,-32.211,0.382,2.143
Mpro,8a4q,V9R,401,1,A,2412,C13,-14.619,-31.006,-0.999,1.208
Mpro,8a4q,V9R,401,1,A,2415,C26,-13.919,-30.707,-4.719,2.415
Mpro,8a4q,V9R,401,1,A,2417,C23,-14.235,-28.475,-3.81,2.415
Mpro,8a4q,V9R,401,1,A,2418,C15,-14.446,-29.044,-2.545,6.038
Mpro,8aj1,A03,401,1,A,2348,N1,-15.302,7.059,-0.598,5.468
Mpro,8aj1,A03,401,1,A,2350,C4,-15.26,9.342,-1.453,24.153
Mpro,8aj1,A03,401,1,A,2351,C5,-14.804,8.385,-0.555,1.208
Mpro,8aj1,A03,401,1,A,2352,C6,-13.892,8.761,0.423,4.831
Mpro,8aj1,A03,401,1,A,2353,C7,-14.63,5.948,-1.057,3.623
Mpro,8aj1,A03,401,1,A,2354,C8,-15.181,3.526,-1.059,3.623
Mpro,8aj1,A03,401,1,A,2355,C10,-15.578,1.065,-2.221,2.415
Mpro,8aj1,A03,401,1,A,2362,C24,-10.484,0.874,1.675,8.453
Mpro,8aj1,A03,401,1,A,2364,C1,-13.423,10.065,0.476,18.114
Mpro,8aj1,A03,401,1,A,2365,C2,-13.854,11.003,-0.435,26.568
Mpro,8aj1,A03,401,1,A,2366,C3,-14.762,10.639,-1.405,27.775
Mpro,8aj1,A03,401,1,A,2367,N2,-15.011,4.784,-0.444,4.374
Mpro,8aj1,A03,401,1,A,2368,C9,-15.156,2.393,-0.24,2.415
Mpro,8aj1,A03,401,1,A,2369,C11,-15.623,2.162,-2.999,4.831
Mpro,8aj1,A03,401,1,A,2370,C12,-15.431,3.418,-2.432,8.453
Mpro,8aj1,A03,401,1,A,2371,O1,-13.793,5.988,-1.949,33.215
Mpro,8aj1,A03,401,1,A,2376,C18,-18.71,-0.745,-1.219,1.208
Mpro,8aj1,A03,401,1,A,2378,O3,-13.166,-0.638,-0.823,16.072
Mpro,8aj1,A03,401,1,A,2380,C25,-9.374,1.644,2.395,14.492
Mpro,8aj1,A03,401,1,A,2383,N6,-11.52,-4.933,0.877,3.281
Mpro,8aj1,A03,401,1,A,2384,C27,-10.434,-5.88,0.703,8.453
Mpro,8aj1,A03,401,1,A,2385,O5,-13.686,-3.461,0.86,2.143
Mpro,8bga,QQL,401,1,A,2360,C15,5.902,-12.144,26.455,15.699
Mpro,8bga,QQL,401,1,A,2362,C20,8.32,-17.227,22.647,7.246
Mpro,8bga,QQL,401,1,A,2363,C26,13.136,-13.301,28.931,1.208
Mpro,8bga,QQL,401,1,A,2364,C28,14.134,-12.69,31.374,1.208
Mpro,8bga,QQL,401,1,A,2365,O01,11.198,-12.395,25.805,1.071
Mpro,8bga,QQL,401,1,A,2369,C05,12.235,-16.325,24.52,1.208
Mpro,8bga,QQL,401,1,A,2375,C11,8.015,-14.799,23.44,1.208
Mpro,8bga,QQL,401,1,A,2377,C14,6.727,-13.269,25.744,2.415
Mpro,8bga,QQL,401,1,A,2381,N21,7.454,-18.457,22.122,3.281
Mpro,8bga,QQL,401,1,A,2382,O22,7.952,-19.563,21.979,6.429
Mpro,8bga,QQL,401,1,A,2383,O23,6.299,-18.157,21.892,2.143
Mpro,8bga,QQL,401,1,A,2384,O24,9.552,-15.201,25.894,16.072
Mpro,8bga,QQL,401,1,A,2385,C25,12.371,-12.616,27.987,3.623
Mpro,8bga,QQL,401,1,A,2386,C27,13.401,-12.5,30.099,1.208
Mpro,8bga,QQL,401,1,A,2388,C30,14.523,-14.536,32.943,48.305
Mpro,8bga,QQL,401,1,A,2389,C31,14.169,-11.623,32.293,10.869
Mpro,8bga,QQL,401,1,A,2390,C32,13.496,-10.364,31.995,15.699
Mpro,8bga,QQL,401,1,A,2391,C33,12.79,-10.171,30.791,9.661
Mpro,8bga,QQL,401,1,A,2392,C34,12.741,-11.249,29.823,6.038
Mpro,8bga,QQL,401,1,A,2393,N35,12.126,-11.345,28.542,3.281
Mpro,8bgd,QH0,401,1,A,2370,C15,18.274,8.806,27.917,4.831
Mpro,8bgd,QH0,401,1,A,2372,C20,18.919,11.679,22.06,4.831
Mpro,8bgd,QH0,401,1,A,2373,C26,20.19,13.384,30.132,13.284
Mpro,8bgd,QH0,401,1,A,2374,C28,21.401,11.448,28.892,9.661
Mpro,8bgd,QH0,401,1,A,2376,C02,19.796,14.413,27.976,1.208
Mpro,8bgd,QH0,401,1,A,2392,O22,20.04,10.866,20.181,15.0
Mpro,8bgd,QH0,401,1,A,2394,O24,20.408,12.695,25.312,7.5
Mpro,8bgd,QH0,401,1,A,2395,O25,20.614,14.329,29.072,9.643
Mpro,8bgd,QH0,401,1,A,2396,C27,20.557,11.925,29.951,1.208
Mpro,8bgd,QH0,401,1,A,2397,C29,21.742,10.074,28.783,12.076
Mpro,8bgd,QH0,401,1,A,2398,C30,21.277,9.136,29.739,19.322
Mpro,8bgd,QH0,401,1,A,2399,C31,20.459,9.585,30.808,20.53
Mpro,8bgd,QH0,401,1,A,2400,C32,20.09,10.953,30.883,9.661
Mpro,8c9o,O6K,401,1,E,2370,O26,-19.454,-9.83,19.601,22.501
Mpro,8c9o,O6K,401,1,E,2371,C24,-18.68,-9.009,20.019,7.246
Mpro,8c9o,O6K,401,1,E,2372,O25,-17.39,-9.212,20.328,2.143
Mpro,8c9o,O6K,401,1,E,2374,C31,-17.19,-11.622,20.707,48.305
Mpro,8c9o,O6K,401,1,E,2375,C32,-15.207,-10.155,20.277,9.661
Mpro,8c9o,O6K,401,1,E,2376,C33,-16.82,-10.603,18.427,26.568
Mpro,8c9o,O6K,401,1,E,2377,N23,-18.99,-7.714,20.248,2.187
Mpro,8c9o,O6K,401,1,E,2378,C19,-20.281,-7.209,20.464,3.623
Mpro,8c9o,O6K,401,1,E,2380,O22,-19.334,-5.47,21.654,1.071
Mpro,8c9o,O6K,401,1,E,2381,C18,-21.448,-7.852,20.019,10.869
Mpro,8c9o,O6K,401,1,E,2382,C17,-22.684,-7.278,20.274,7.246
Mpro,8c9o,O6K,401,1,E,2383,C16,-22.735,-6.123,20.952,2.415
Mpro,8c9o,O6K,401,1,E,2391,O37,-21.86,-5.817,24.009,13.929
Mpro,8c9o,O6K,401,1,E,2399,C51,-17.615,-7.429,26.422,18.114
Mpro,8c9o,O6K,401,1,E,2400,C54,-18.911,-6.629,26.308,2.415
Mpro,8c9o,O6K,401,1,E,2402,O40,-22.897,-2.909,25.82,4.286
Mpro,8c9o,O6K,401,1,E,2405,N36,-23.226,-3.729,28.138,2.187
Mpro,8c9o,O6K,401,1,E,2407,C14,-23.885,-5.622,29.517,1.208
Mpro,8c9o,O6K,401,1,E,2408,C28,-24.376,-6.221,30.665,12.076
Mpro,8c9o,O6K,401,1,E,2409,C26,-24.439,-7.603,30.754,31.398
Mpro,8c9o,O6K,401,1,E,2410,C25,-24.04,-8.388,29.694,22.945
Mpro,8c9o,O6K,401,1,E,2411,C23,-23.556,-7.806,28.548,19.322
Mpro,8c9o,O6K,401,1,E,2412,C15,-23.478,-6.425,28.458,6.038
Mpro,8bga,QQL,401,1,B,2331,C15,-13.757,13.271,1.524,15.699
Mpro,8bga,QQL,401,1,B,2333,C20,-17.893,9.47,-1.944,8.453
Mpro,8bga,QQL,401,1,B,2334,C26,-20.435,17.287,1.626,1.208
Mpro,8bga,QQL,401,1,B,2335,C28,-20.634,19.988,2.015,2.415
Mpro,8bga,QQL,401,1,B,2340,C05,-21.382,12.574,-0.623,3.623
Mpro,8bga,QQL,401,1,B,2348,C14,-15.172,12.769,1.006,6.038
Mpro,8bga,QQL,401,1,B,2352,N21,-17.245,8.47,-3.011,1.094
Mpro,8bga,QQL,401,1,B,2353,O22,-17.763,8.321,-4.107,9.643
Mpro,8bga,QQL,401,1,B,2355,O24,-18.154,13.255,-0.417,19.286
Mpro,8bga,QQL,401,1,B,2356,C25,-19.711,16.281,2.258,2.415
Mpro,8bga,QQL,401,1,B,2357,C27,-20.178,18.59,2.255,1.208
Mpro,8bga,QQL,401,1,B,2359,C30,-21.683,21.515,0.259,45.89
Mpro,8bga,QQL,401,1,B,2360,C31,-20.108,20.998,2.876,13.284
Mpro,8bga,QQL,401,1,B,2361,C32,-19.15,20.699,3.935,16.907
Mpro,8bga,QQL,401,1,B,2362,C33,-18.715,19.379,4.171,9.661
Mpro,8bga,QQL,401,1,B,2363,C34,-19.219,18.302,3.322,6.038
Mpro,8bga,QQL,401,1,B,2364,N35,-18.955,16.898,3.298,4.374
Mpro,8cac,O6K,401,1,G,2340,O26,19.452,9.039,-31.706,20.358
Mpro,8cac,O6K,401,1,G,2341,C24,18.712,8.089,-31.618,3.623
Mpro,8cac,O6K,401,1,G,2344,C31,16.863,10.429,-30.994,45.89
Mpro,8cac,O6K,401,1,G,2345,C32,15.154,8.825,-31.879,3.623
Mpro,8cac,O6K,401,1,G,2346,C33,16.988,9.626,-33.379,31.398
Mpro,8cac,O6K,401,1,G,2347,N23,19.106,6.804,-31.674,3.281
Mpro,8cac,O6K,401,1,G,2348,C19,20.4,6.335,-31.403,1.208
Mpro,8cac,O6K,401,1,G,2349,C21,20.472,5.119,-30.746,1.208
Mpro,8cac,O6K,401,1,G,2351,C18,21.54,7.048,-31.763,3.623
Mpro,8cac,O6K,401,1,G,2352,C17,22.787,6.528,-31.456,9.661
Mpro,8cac,O6K,401,1,G,2353,C16,22.868,5.35,-30.815,1.208
Mpro,8cac,O6K,401,1,G,2359,C30,24.071,0.983,-31.798,1.208
Mpro,8cac,O6K,401,1,G,2361,O37,21.91,4.986,-27.907,12.858
Mpro,8cac,O6K,401,1,G,2369,C51,18.035,6.644,-26.08,14.492
Mpro,8cac,O6K,401,1,G,2370,C54,19.161,5.818,-26.676,3.623
Mpro,8cac,O6K,401,1,G,2372,O40,22.839,1.883,-25.596,4.286
Mpro,8cac,O6K,401,1,G,2375,N36,22.635,3.647,-23.45,2.187
Mpro,8cac,O6K,401,1,G,2376,C13,23.543,3.499,-22.326,4.831
Mpro,8cac,O6K,401,1,G,2377,C14,23.854,4.771,-21.574,2.415
Mpro,8cac,O6K,401,1,G,2378,C28,24.134,4.709,-20.214,1.208
Mpro,8cac,O6K,401,1,G,2379,C26,24.448,5.856,-19.498,20.53
Mpro,8cac,O6K,401,1,G,2380,C25,24.492,7.075,-20.135,32.606
Mpro,8cac,O6K,401,1,G,2381,C23,24.232,7.153,-21.488,20.53
Mpro,8cac,O6K,401,1,G,2382,C15,23.919,6.007,-22.209,15.699
Mpro,8c9o,O6K,401,1,F,2389,O26,21.211,10.257,45.4,21.429
Mpro,8c9o,O6K,401,1,F,2390,C24,20.181,9.64,45.298,3.623
Mpro,8c9o,O6K,401,1,F,2391,O25,19.727,9.027,44.191,1.071
Mpro,8c9o,O6K,401,1,F,2393,C31,20.804,10.112,42.336,45.89
Mpro,8c9o,O6K,401,1,F,2394,C32,19.844,7.799,42.145,10.869
Mpro,8c9o,O6K,401,1,F,2395,C33,21.901,8.165,43.52,30.191
Mpro,8c9o,O6K,401,1,F,2396,N23,19.282,9.465,46.292,3.281
Mpro,8c9o,O6K,401,1,F,2397,C19,19.087,10.308,47.399,4.831
Mpro,8c9o,O6K,401,1,F,2399,O22,16.839,9.674,47.531,1.071
Mpro,8c9o,O6K,401,1,F,2400,C18,20.124,11.086,47.942,16.907
Mpro,8c9o,O6K,401,1,F,2401,C17,19.856,11.918,49.021,8.453
Mpro,8c9o,O6K,401,1,F,2402,C16,18.615,11.945,49.545,3.623
Mpro,8c9o,O6K,401,1,F,2405,C22,16.165,11.64,51.083,2.415
Mpro,8c9o,O6K,401,1,F,2406,C29,16.971,10.81,52.034,1.208
Mpro,8c9o,O6K,401,1,F,2407,C34,16.502,9.464,52.489,1.208
Mpro,8c9o,O6K,401,1,F,2410,O37,15.932,13.067,48.175,17.143
Mpro,8c9o,O6K,401,1,F,2418,C51,14.138,12.424,43.333,16.907
Mpro,8c9o,O6K,401,1,F,2419,C54,14.004,12.884,44.792,3.623
Mpro,8c9o,O6K,401,1,F,2421,O40,13.025,13.545,50.12,3.214
Mpro,8c9o,O6K,401,1,F,2424,N36,11.949,15.572,49.0,3.281
Mpro,8c9o,O6K,401,1,F,2426,C14,12.43,17.565,47.611,2.415
Mpro,8c9o,O6K,401,1,F,2427,C28,12.153,18.848,47.152,14.492
Mpro,8c9o,O6K,401,1,F,2428,C26,13.031,19.488,46.29,30.191
Mpro,8c9o,O6K,401,1,F,2429,C25,14.184,18.86,45.881,19.322
Mpro,8c9o,O6K,401,1,F,2430,C23,14.469,17.586,46.321,18.114
Mpro,8c9o,O6K,401,1,F,2431,C15,13.598,16.942,47.19,6.038
Mpro,8cac,O6K,401,1,H,2336,O26,-21.03,-10.069,-6.521,25.715
Mpro,8cac,O6K,401,1,H,2337,C24,-20.188,-9.209,-6.47,6.038
Mpro,8cac,O6K,401,1,H,2340,C31,-21.193,-9.339,-9.242,45.89
Mpro,8cac,O6K,401,1,H,2341,C32,-20.071,-7.108,-9.504,10.869
Mpro,8cac,O6K,401,1,H,2342,C33,-22.021,-7.331,-7.953,31.398
Mpro,8cac,O6K,401,1,H,2343,N23,-19.361,-8.983,-5.427,2.187
Mpro,8cac,O6K,401,1,H,2344,C19,-19.225,-9.769,-4.267,4.831
Mpro,8cac,O6K,401,1,H,2345,C21,-17.941,-9.892,-3.738,2.415
Mpro,8cac,O6K,401,1,H,2347,C18,-20.326,-10.389,-3.662,14.492
Mpro,8cac,O6K,401,1,H,2348,C17,-20.14,-11.155,-2.518,9.661
Mpro,8cac,O6K,401,1,H,2349,C16,-18.903,-11.289,-2.007,7.246
Mpro,8cac,O6K,401,1,H,2350,N15,-17.825,-10.66,-2.57,1.094
Mpro,8cac,O6K,401,1,H,2352,C22,-16.468,-11.227,-0.511,2.415
Mpro,8cac,O6K,401,1,H,2353,C29,-17.103,-10.225,0.419,1.208
Mpro,8cac,O6K,401,1,H,2354,C34,-16.321,-9.071,0.958,1.208
Mpro,8cac,O6K,401,1,H,2357,O37,-16.205,-12.876,-3.187,16.072
Mpro,8cac,O6K,401,1,H,2365,C51,-14.482,-12.155,-8.097,10.869
Mpro,8cac,O6K,401,1,H,2366,C54,-14.608,-12.396,-6.596,4.831
Mpro,8cac,O6K,401,1,H,2368,O40,-13.395,-13.226,-1.396,1.071
Mpro,8cac,O6K,401,1,H,2371,N36,-12.291,-15.346,-2.172,2.187
Mpro,8cac,O6K,401,1,H,2373,C14,-12.757,-17.366,-3.522,2.415
Mpro,8cac,O6K,401,1,H,2374,C28,-12.331,-18.527,-4.158,10.869
Mpro,8cac,O6K,401,1,H,2375,C26,-13.137,-19.146,-5.106,28.983
Mpro,8cac,O6K,401,1,H,2376,C25,-14.371,-18.614,-5.424,20.53
Mpro,8cac,O6K,401,1,H,2377,C23,-14.8,-17.457,-4.803,18.114
Mpro,8cac,O6K,401,1,H,2378,C15,-14.001,-16.836,-3.85,8.453
Mpro,8cae,4WI,401,1,A,2348,C6,-10.849,1.364,1.852,7.246
Mpro,8cae,4WI,401,1,A,2349,C7,-9.664,2.194,2.315,21.737
Mpro,8cae,4WI,401,1,A,2354,C12,-16.942,-0.491,0.554,1.208
Mpro,8cae,4WI,401,1,A,2356,C19,-16.236,-1.394,-1.843,4.831
Mpro,8cae,4WI,401,1,A,2358,C16,-14.313,5.497,-1.918,25.36
Mpro,8cae,4WI,401,1,A,2359,C17,-12.879,3.642,-1.099,30.191
Mpro,8cae,4WI,401,1,A,2360,C23,-13.526,5.47,0.442,10.869
Mpro,8cae,4WI,401,1,A,2367,N2,-9.665,1.99,3.759,1.094
Mpro,8cae,4WI,401,1,A,2372,O2,-13.88,-0.67,-0.444,18.215
Mpro,8cae,4WI,401,1,A,2374,O4,-17.963,4.182,-1.212,1.071
Mpro,8cae,4WI,401,1,A,2377,F3,-18.564,6.706,0.543,1.035
Mpro,8d4m,K36,401,1,A,2432,C7,9.39,3.211,22.094,12.076
Mpro,8d4m,K36,401,1,A,2433,O8,10.079,2.218,22.78,4.286
Mpro,8d4m,K36,401,1,A,2436,C1,7.89,3.069,22.31,3.623
Mpro,8d4m,K36,401,1,A,2437,C2,7.373,1.994,23.008,6.038
Mpro,8d4m,K36,401,1,A,2438,C3,6.008,1.88,23.199,16.907
Mpro,8d4m,K36,401,1,A,2439,C4,5.155,2.844,22.696,27.775
Mpro,8d4m,K36,401,1,A,2440,C5,5.675,3.917,21.999,24.153
Mpro,8d4m,K36,401,1,A,2441,C6,7.036,4.029,21.805,13.284
Mpro,8d4m,K36,401,1,A,2445,O18,8.694,-1.704,22.428,9.643
Mpro,8d4m,K36,401,1,A,2452,C21,8.098,-4.206,19.603,4.831
Mpro,8d4m,K36,401,1,A,2453,O22,6.837,-4.784,19.279,3.214
Mpro,8d4m,K36,401,1,A,2457,C27,5.259,0.913,19.711,4.831
Mpro,8caj,UAX,401,1,I,2332,O26,-13.556,5.356,-0.669,35.358
Mpro,8caj,UAX,401,1,I,2333,C24,-14.639,5.368,-0.137,1.208
Mpro,8caj,UAX,401,1,I,2334,O25,-15.456,6.428,-0.027,9.643
Mpro,8caj,UAX,401,1,I,2336,C31,-14.737,8.747,-0.111,45.89
Mpro,8caj,UAX,401,1,I,2337,C32,-16.395,7.912,1.546,15.699
Mpro,8caj,UAX,401,1,I,2338,C33,-13.99,7.271,1.76,9.661
Mpro,8caj,UAX,401,1,I,2340,C19,-15.568,3.076,-0.142,7.246
Mpro,8caj,UAX,401,1,I,2341,C21,-15.622,2.003,0.74,1.208
Mpro,8caj,UAX,401,1,I,2343,C18,-15.819,2.913,-1.511,4.831
Mpro,8caj,UAX,401,1,I,2344,C17,-16.128,1.649,-2.004,8.453
Mpro,8caj,UAX,401,1,I,2345,C16,-16.184,0.606,-1.155,1.208
Mpro,8caj,UAX,401,1,I,2353,O37,-13.781,-0.884,0.374,12.858
Mpro,8caj,UAX,401,1,I,2360,N49,-9.851,1.819,3.67,3.281
Mpro,8caj,UAX,401,1,I,2361,C51,-9.94,1.553,2.238,21.737
Mpro,8caj,UAX,401,1,I,2362,C54,-11.043,0.504,2.149,8.453
Mpro,8caj,UAX,401,1,I,2366,O41,-14.404,-4.073,1.729,1.071
Mpro,8caj,UAX,401,1,I,2367,N36,-12.277,-4.221,1.025,3.281
Mpro,8caj,UAX,401,1,I,2371,C26,-8.429,-6.535,-0.878,12.076
Mpro,8caj,UAX,401,1,I,2372,C25,-8.061,-5.406,-1.566,27.775
Mpro,8caj,UAX,401,1,I,2373,C23,-8.743,-4.228,-1.36,13.284
Mpro,8caj,UAX,401,1,I,2374,C15,-9.794,-4.17,-0.455,8.453
Mpro,8d4k,K36,401,1,A,2444,C7,8.965,3.702,22.237,12.076
Mpro,8d4k,K36,401,1,A,2445,O8,9.746,2.728,22.859,4.286
Mpro,8d4k,K36,401,1,A,2448,C1,7.486,3.495,22.555,3.623
Mpro,8d4k,K36,401,1,A,2449,C2,7.057,2.389,23.268,4.831
Mpro,8d4k,K36,401,1,A,2450,C3,5.713,2.219,23.546,16.907
Mpro,8d4k,K36,401,1,A,2451,C4,4.79,3.153,23.114,20.53
Mpro,8d4k,K36,401,1,A,2452,C5,5.215,4.258,22.404,26.568
Mpro,8d4k,K36,401,1,A,2453,C6,6.56,4.428,22.128,12.076
Mpro,8d4k,K36,401,1,A,2457,O18,8.574,-1.385,22.602,10.715
Mpro,8d4k,K36,401,1,A,2463,C20,7.791,-2.35,20.129,1.208
Mpro,8d4k,K36,401,1,A,2464,C21,8.033,-3.821,19.773,3.623
Mpro,8d4k,K36,401,1,A,2465,O22,6.792,-4.478,19.495,5.357
Mpro,8d4k,K36,401,1,A,2469,C27,5.195,1.326,20.077,2.415
Mpro,8dcz,4WI,401,1,A,2377,C7,24.19,0.893,18.875,13.284
Mpro,8dcz,4WI,401,1,A,2382,C12,25.698,-2.142,12.008,1.208
Mpro,8dcz,4WI,401,1,A,2386,C16,27.522,1.405,15.349,22.945
Mpro,8dcz,4WI,401,1,A,2387,C17,25.622,2.944,15.809,7.246
Mpro,8dcz,4WI,401,1,A,2388,C23,27.721,3.832,14.798,35.021
Mpro,8dcz,4WI,401,1,A,2394,N5,23.551,-5.02,16.785,8.749
Mpro,8dcz,4WI,401,1,A,2400,O2,25.862,-1.473,15.026,13.929
Mpro,8dcz,4WI,401,1,A,2402,O4,27.103,4.032,11.235,2.143
Mpro,8dcz,4WI,401,1,A,2403,F1,25.422,6.32,13.024,8.281
Mpro,8dcz,4WI,401,1,A,2405,F3,26.348,6.581,11.115,10.351
Mpro,8dd1,K36,401,1,A,2346,C7,9.529,4.301,22.297,15.699
Mpro,8dd1,K36,401,1,A,2347,O8,10.273,3.262,22.852,2.143
Mpro,8dd1,K36,401,1,A,2350,C1,8.037,4.058,22.5,2.415
Mpro,8dd1,K36,401,1,A,2351,C2,7.592,3.006,23.28,2.415
Mpro,8dd1,K36,401,1,A,2352,C3,6.238,2.795,23.453,16.907
Mpro,8dd1,K36,401,1,A,2353,C4,5.325,3.641,22.853,21.737
Mpro,8dd1,K36,401,1,A,2354,C5,5.769,4.692,22.076,22.945
Mpro,8dd1,K36,401,1,A,2355,C6,7.122,4.901,21.899,13.284
Mpro,8dd1,K36,401,1,A,2359,O18,8.805,-0.722,22.373,8.572
Mpro,8dd1,K36,401,1,A,2365,C20,7.99,-1.691,19.922,1.208
Mpro,8dd1,K36,401,1,A,2366,C21,8.037,-3.097,19.382,1.208
Mpro,8dd1,K36,401,1,A,2367,O22,6.859,-3.84,19.373,5.357
Mpro,8dd1,K36,401,1,A,2371,C27,5.087,1.861,19.781,6.038
Mpro,8dcz,4WI,401,1,B,2394,C7,-12.011,0.454,37.643,15.699
Mpro,8dcz,4WI,401,1,B,2401,C19,-12.956,-1.66,46.726,1.208
Mpro,8dcz,4WI,401,1,B,2403,C16,-15.148,0.841,41.156,20.53
Mpro,8dcz,4WI,401,1,B,2404,C17,-13.25,2.446,40.821,8.453
Mpro,8dcz,4WI,401,1,B,2405,C23,-15.387,3.23,41.789,33.814
Mpro,8dcz,4WI,401,1,B,2411,N5,-11.254,-5.344,39.364,8.749
Mpro,8dcz,4WI,401,1,B,2417,O2,-13.621,-2.063,41.436,12.858
Mpro,8dcz,4WI,401,1,B,2419,O4,-14.878,3.253,45.314,2.143
Mpro,8dcz,4WI,401,1,B,2420,F1,-13.363,5.677,43.682,10.351
Mpro,8dcz,4WI,401,1,B,2422,F3,-14.109,5.769,45.679,8.281
Mpro,8dd9,B1S,401,1,A,2412,C7,9.501,3.599,22.086,12.076
Mpro,8dd9,B1S,401,1,A,2413,O8,10.214,2.596,22.748,3.214
Mpro,8dd9,B1S,401,1,A,2416,C1,8.004,3.437,22.341,3.623
Mpro,8dd9,B1S,401,1,A,2417,C2,7.518,2.317,22.989,4.831
Mpro,8dd9,B1S,401,1,A,2418,C3,6.16,2.185,23.217,18.114
Mpro,8dd9,B1S,401,1,A,2419,C4,5.285,3.172,22.796,28.983
Mpro,8dd9,B1S,401,1,A,2420,C5,5.773,4.292,22.15,24.153
Mpro,8dd9,B1S,401,1,A,2421,C6,7.131,4.422,21.924,14.492
Mpro,8dd9,B1S,401,1,A,2425,O18,8.706,-1.493,22.417,6.429
Mpro,8dd9,B1S,401,1,A,2433,O22,8.118,-4.874,20.592,6.429
Mpro,8dd9,B1S,401,1,A,2437,C27,5.463,1.434,19.776,4.831
Mpro,8ddm,K36,401,1,A,2386,C7,9.37,3.947,22.432,12.076
Mpro,8ddm,K36,401,1,A,2387,O8,10.112,2.872,22.921,3.214
Mpro,8ddm,K36,401,1,A,2390,C1,7.887,3.832,22.786,2.415
Mpro,8ddm,K36,401,1,A,2391,C2,7.332,2.634,23.203,2.415
Mpro,8ddm,K36,401,1,A,2392,C3,5.989,2.556,23.509,21.737
Mpro,8ddm,K36,401,1,A,2393,C4,5.191,3.678,23.4,27.775
Mpro,8ddm,K36,401,1,A,2394,C5,5.737,4.877,22.985,19.322
Mpro,8ddm,K36,401,1,A,2395,C6,7.082,4.951,22.68,15.699
Mpro,8ddm,K36,401,1,A,2399,O18,8.324,-1.621,22.728,9.643
Mpro,8ddm,K36,401,1,A,2406,C21,7.491,-3.444,19.746,2.415
Mpro,8ddm,K36,401,1,A,2407,O22,6.273,-3.872,19.158,1.071
Mpro,8ddm,K36,401,1,A,2411,C27,4.801,1.738,20.112,10.869
Mpro,8ddm,K36,401,1,A,2412,N28,5.036,1.971,18.628,2.187
Mpro,8dgb,B1S,401,1,A,2360,C7,21.442,3.973,-14.136,7.246
Mpro,8dgb,B1S,401,1,A,2361,O8,20.37,3.783,-13.275,7.5
Mpro,8dgb,B1S,401,1,A,2362,C9,19.828,2.507,-13.345,1.208
Mpro,8dgb,B1S,401,1,A,2364,C1,21.194,5.232,-14.951,1.208
Mpro,8dgb,B1S,401,1,A,2366,C3,19.705,6.639,-16.178,1.208
Mpro,8dgb,B1S,401,1,A,2368,C5,22.007,7.251,-15.947,16.907
Mpro,8dgb,B1S,401,1,A,2369,C6,22.233,6.108,-15.204,16.907
Mpro,8dgb,B1S,401,1,A,2373,O18,21.105,-0.841,-12.25,10.715
Mpro,8dgb,B1S,401,1,A,2379,C20,18.882,-1.528,-10.648,1.208
Mpro,8dgb,B1S,401,1,A,2381,O22,19.217,-3.859,-11.033,9.643
Mpro,8dgb,B1S,401,1,A,2384,C26,19.444,1.359,-9.28,8.453
Mpro,8dgb,B1S,401,1,A,2385,C27,18.891,2.024,-8.009,12.076
Mpro,8dsu,V2M,504,1,B,2352,C1,-23.692,-23.796,-4.531,44.682
Mpro,8dsu,V2M,504,1,B,2354,C3,-22.69,-22.368,-2.983,3.623
Mpro,8dsu,V2M,504,1,B,2355,C4,-22.769,-21.292,-4.014,12.076
Mpro,8dsu,V2M,504,1,B,2356,C5,-22.136,-19.98,-3.754,15.699
Mpro,8dsu,V2M,504,1,B,2357,C6,-21.417,-19.734,-2.458,9.661
Mpro,8dsu,V2M,504,1,B,2358,C7,-21.35,-20.874,-1.387,4.831
Mpro,8dsu,V2M,504,1,B,2359,N8,-20.781,-20.922,-0.151,3.281
Mpro,8dsu,V2M,504,1,B,2360,C9,-21.013,-22.147,0.372,4.831
Mpro,8dsu,V2M,504,1,B,2361,C10,-21.734,-22.886,-0.55,1.208
Mpro,8dsu,V2M,504,1,B,2362,C11,-21.944,-22.098,-1.632,2.415
Mpro,8dsu,V2M,504,1,B,2364,O13,-19.944,-21.956,2.439,1.071
Mpro,8dsu,V2M,504,1,B,2372,O22,-18.355,-25.043,2.361,16.072
Mpro,8dsu,V2M,504,1,B,2374,C24,-16.776,-24.504,4.668,2.415
Mpro,8dsu,V2M,504,1,B,2377,C29,-15.366,-22.869,2.707,3.623
Mpro,8dsu,V2M,504,1,B,2378,C30,-14.429,-21.694,1.898,15.699
Mpro,8dsu,V2M,504,1,B,2383,O35,-15.257,-25.682,6.052,1.071
Mpro,8dsu,V2M,504,1,B,2384,C36,-17.398,-26.653,5.564,8.453
Mpro,8dsu,V2M,504,1,B,2385,O37,-17.177,-27.648,6.497,5.357
Mpro,8dgb,B1S,401,1,B,2365,C7,-20.79,3.601,13.271,14.492
Mpro,8dgb,B1S,401,1,B,2366,O8,-21.175,2.267,13.33,7.5
Mpro,8dgb,B1S,401,1,B,2370,C2,-21.986,5.137,14.858,19.322
Mpro,8dgb,B1S,401,1,B,2371,C3,-22.145,5.721,16.1,15.699
Mpro,8dgb,B1S,401,1,B,2373,C5,-20.247,4.506,16.912,2.415
Mpro,8dgb,B1S,401,1,B,2378,O18,-20.998,-1.296,12.161,15.0
Mpro,8dgb,B1S,401,1,B,2386,O22,-19.2,-4.651,10.803,10.715
Mpro,8dgb,B1S,401,1,B,2389,C26,-19.499,0.498,9.379,7.246
Mpro,8dgb,B1S,401,1,B,2390,C27,-19.101,1.587,8.37,20.53
Mpro,8dsu,V2M,502,1,A,2317,C1,13.304,11.91,27.321,39.852
Mpro,8dsu,V2M,502,1,A,2318,O2,12.964,10.588,27.068,1.071
Mpro,8dsu,V2M,502,1,A,2319,C3,12.09,10.39,26.0,3.623
Mpro,8dsu,V2M,502,1,A,2320,C4,11.631,11.535,25.156,15.699
Mpro,8dsu,V2M,502,1,A,2321,C5,10.699,11.311,24.032,15.699
Mpro,8dsu,V2M,502,1,A,2322,C6,10.216,9.93,23.724,10.869
Mpro,8dsu,V2M,502,1,A,2323,C7,10.705,8.741,24.606,3.623
Mpro,8dsu,V2M,502,1,A,2324,N8,10.417,7.414,24.546,5.468
Mpro,8dsu,V2M,502,1,A,2325,C9,11.091,6.794,25.539,3.623
Mpro,8dsu,V2M,502,1,A,2326,C10,11.813,7.743,26.248,1.208
Mpro,8dsu,V2M,502,1,A,2327,C11,11.576,8.946,25.663,2.415
Mpro,8dsu,V2M,502,1,A,2328,C12,11.041,5.308,25.818,1.208
Mpro,8dsu,V2M,502,1,A,2329,O13,10.402,4.608,25.134,1.071
Mpro,8dsu,V2M,502,1,A,2337,O22,9.819,3.68,28.555,16.072
Mpro,8dsu,V2M,502,1,A,2339,C24,8.609,1.29,27.854,1.208
Mpro,8dsu,V2M,502,1,A,2342,C29,6.478,2.91,26.972,6.038
Mpro,8dsu,V2M,502,1,A,2343,C30,5.235,3.749,26.16,15.699
Mpro,8dsu,V2M,502,1,A,2348,O35,7.64,-0.399,29.266,2.143
Mpro,8dsu,V2M,502,1,A,2349,C36,9.752,0.504,29.881,12.076
Mpro,8dsu,V2M,502,1,A,2350,O37,10.097,-0.589,30.658,4.286
Mpro,8dt9,V2M,502,1,A,2324,C1,13.181,12.305,27.132,43.475
Mpro,8dt9,V2M,502,1,A,2326,C3,12.116,10.799,25.662,1.208
Mpro,8dt9,V2M,502,1,A,2327,C4,11.64,11.972,24.845,14.492
Mpro,8dt9,V2M,502,1,A,2328,C5,10.656,11.76,23.751,18.114
Mpro,8dt9,V2M,502,1,A,2329,C6,10.14,10.374,23.465,12.076
Mpro,8dt9,V2M,502,1,A,2330,C7,10.645,9.156,24.326,3.623
Mpro,8dt9,V2M,502,1,A,2331,N8,10.344,7.815,24.278,6.562
Mpro,8dt9,V2M,502,1,A,2332,C9,11.067,7.186,25.261,4.831
Mpro,8dt9,V2M,502,1,A,2333,C10,11.825,8.145,25.924,2.415
Mpro,8dt9,V2M,502,1,A,2334,C11,11.566,9.355,25.35,2.415
Mpro,8dt9,V2M,502,1,A,2335,C12,11.052,5.697,25.585,1.208
Mpro,8dt9,V2M,502,1,A,2336,O13,10.424,4.943,24.922,1.071
Mpro,8dt9,V2M,502,1,A,2339,C17,12.786,3.734,28.325,2.415
Mpro,8dt9,V2M,502,1,A,2344,O22,9.792,4.121,28.212,15.0
Mpro,8dt9,V2M,502,1,A,2346,C24,8.674,1.642,27.691,1.208
Mpro,8dt9,V2M,502,1,A,2349,C29,6.548,3.374,26.746,6.038
Mpro,8dt9,V2M,502,1,A,2350,C30,5.244,4.148,25.947,15.699
Mpro,8dt9,V2M,502,1,A,2355,O35,7.606,-0.125,28.923,1.071
Mpro,8dt9,V2M,502,1,A,2356,C36,9.62,0.807,29.817,16.907
Mpro,8dt9,V2M,502,1,A,2357,O37,10.105,-0.329,30.479,3.214
Mpro,8dt9,V2M,502,1,B,2355,C1,-23.749,-23.463,-4.661,43.475
Mpro,8dt9,V2M,502,1,B,2357,C3,-22.84,-21.981,-3.081,2.415
Mpro,8dt9,V2M,502,1,B,2358,C4,-22.927,-20.877,-4.103,10.869
Mpro,8dt9,V2M,502,1,B,2359,C5,-22.254,-19.577,-3.845,15.699
Mpro,8dt9,V2M,502,1,B,2360,C6,-21.49,-19.372,-2.563,9.661
Mpro,8dt9,V2M,502,1,B,2361,C7,-21.407,-20.535,-1.502,3.623
Mpro,8dt9,V2M,502,1,B,2362,N8,-20.789,-20.611,-0.276,5.468
Mpro,8dt9,V2M,502,1,B,2363,C9,-21.028,-21.86,0.24,3.623
Mpro,8dt9,V2M,502,1,B,2364,C10,-21.804,-22.566,-0.672,1.208
Mpro,8dt9,V2M,502,1,B,2365,C11,-22.037,-21.752,-1.743,2.415
Mpro,8dt9,V2M,502,1,B,2366,C12,-20.533,-22.388,1.584,1.208
Mpro,8dt9,V2M,502,1,B,2375,O22,-18.459,-24.872,2.395,12.858
Mpro,8dt9,V2M,502,1,B,2377,C24,-16.868,-24.307,4.592,1.208
Mpro,8dt9,V2M,502,1,B,2380,C29,-15.808,-22.573,2.511,4.831
Mpro,8dt9,V2M,502,1,B,2381,C30,-14.482,-21.655,1.925,15.699
Mpro,8dt9,V2M,502,1,B,2387,C36,-17.113,-26.656,5.323,14.492
Mpro,8dt9,V2M,502,1,B,2388,O37,-17.159,-27.513,6.431,3.214
Mpro,8dzc,U76,401,1,A,2353,C15,-18.9,1.397,8.795,18.114
Mpro,8dzc,U76,401,1,A,2356,C24,-21.299,-5.013,8.712,18.114
Mpro,8dzc,U76,401,1,A,2360,C03,-19.915,3.477,13.686,3.623
Mpro,8dzc,U76,401,1,A,2361,C04,-21.368,3.429,13.698,24.153
Mpro,8dzc,U76,401,1,A,2362,C05,-21.932,2.814,14.911,3.623
Mpro,8dzc,U76,401,1,A,2363,C06,-21.577,1.373,15.021,4.831
Mpro,8dzc,U76,401,1,A,2370,C14,-19.02,0.42,9.642,2.415
Mpro,8dzc,U76,401,1,A,2371,N16,-17.366,1.614,8.577,1.094
Mpro,8dzc,U76,401,1,A,2375,N22,-19.772,-5.059,10.732,1.094
Mpro,8dzc,U76,401,1,A,2377,C25,-21.889,-6.056,9.664,25.36
Mpro,8dzc,U76,401,1,A,2379,O27,-20.639,-1.252,13.137,13.929
Mpro,8dzc,U76,401,1,A,2386,C35,-21.548,7.122,17.569,6.038
Mpro,8dzc,U76,401,1,A,2388,C37,-21.713,9.258,16.173,16.907
Mpro,8dzc,U76,401,1,A,2389,C38,-21.313,10.078,15.111,4.831
Mpro,8dzc,U76,401,1,A,2390,F39,-21.916,11.297,14.883,44.508
Mpro,8dzc,U76,401,1,A,2391,C40,-20.276,9.648,14.274,14.492
Mpro,8dzc,U76,401,1,A,2392,C41,-19.627,8.417,14.5,2.415
Mpro,8dzc,U76,401,1,A,2393,F42,-18.603,7.963,13.693,5.175
Mpro,8dzc,U76,401,1,A,2394,C43,-20.044,7.617,15.566,2.415
Mpro,8dzc,U76,401,1,A,2395,O44,-22.864,5.421,15.893,15.0
Mpro,8dzb,U6Y,502,1,A,2349,C3,-20.097,-0.746,16.344,1.208
Mpro,8dzb,U6Y,502,1,A,2353,C6,-19.34,3.889,15.006,9.661
Mpro,8dzb,U6Y,502,1,A,2354,C7,-20.667,3.537,15.685,4.831
Mpro,8dzb,U6Y,502,1,A,2355,N2,-20.961,4.417,16.824,2.187
Mpro,8dzb,U6Y,502,1,A,2358,C9,-22.96,7.367,17.841,13.284
Mpro,8dzb,U6Y,502,1,A,2359,C10,-22.539,8.602,16.989,2.415
Mpro,8dzb,U6Y,502,1,A,2360,C11,-23.326,9.797,17.073,21.737
Mpro,8dzb,U6Y,502,1,A,2361,C12,-23.019,10.959,16.328,30.191
Mpro,8dzb,U6Y,502,1,A,2362,C13,-21.918,10.954,15.481,31.398
Mpro,8dzb,U6Y,502,1,A,2363,C14,-21.147,9.785,15.382,16.907
Mpro,8dzb,U6Y,502,1,A,2364,C15,-21.426,8.625,16.137,8.453
Mpro,8dzb,U6Y,502,1,A,2365,O2,-22.725,5.577,15.785,20.358
Mpro,8dzb,U6Y,502,1,A,2366,C16,-20.587,2.149,16.304,2.415
Mpro,8dzb,U6Y,502,1,A,2372,O4,-18.791,-3.418,13.468,1.071
Mpro,8dzb,U6Y,502,1,A,2374,N4,-19.558,-4.753,11.466,5.468
Mpro,8dzb,U6Y,502,1,A,2376,C22,-21.362,-6.333,10.598,19.322
Mpro,8dzb,U6Y,502,1,A,2377,C23,-21.17,-5.242,9.536,26.568
Mpro,8dzb,U6Y,502,1,A,2381,C26,-18.732,0.789,10.287,3.623
Mpro,8dzb,U6Y,502,1,A,2382,C27,-18.432,1.809,9.193,15.699
Mpro,8dzb,U6Y,502,1,A,2386,O7,-20.277,-0.172,13.411,16.072
Mpro,8e4w,V2M,401,1,A,2312,C1,13.074,12.072,27.423,39.852
Mpro,8e4w,V2M,401,1,A,2314,C3,11.808,10.517,26.183,3.623
Mpro,8e4w,V2M,401,1,A,2315,C4,11.362,11.661,25.309,15.699
Mpro,8e4w,V2M,401,1,A,2316,C5,10.463,11.401,24.153,16.907
Mpro,8e4w,V2M,401,1,A,2317,C6,10.006,9.994,23.866,10.869
Mpro,8e4w,V2M,401,1,A,2318,C7,10.48,8.807,24.787,4.831
Mpro,8e4w,V2M,401,1,A,2319,N8,10.218,7.457,24.748,6.562
Mpro,8e4w,V2M,401,1,A,2320,C9,10.883,6.865,25.794,3.623
Mpro,8e4w,V2M,401,1,A,2321,C10,11.569,7.858,26.486,2.415
Mpro,8e4w,V2M,401,1,A,2322,C11,11.32,9.051,25.868,3.623
Mpro,8e4w,V2M,401,1,A,2332,O22,9.787,3.724,28.796,11.786
Mpro,8e4w,V2M,401,1,A,2334,C24,8.68,1.215,28.312,2.415
Mpro,8e4w,V2M,401,1,A,2337,C29,7.193,3.265,26.939,4.831
Mpro,8e4w,V2M,401,1,A,2338,C30,5.491,3.454,26.958,10.869
Mpro,8e4w,V2M,401,1,A,2344,C36,9.608,0.262,30.422,16.907
Mpro,8e4w,V2M,401,1,A,2345,O37,10.51,-0.756,30.762,1.071
Mpro,8e4w,V2M,401,1,B,2294,C1,-23.244,-24.08,-4.037,42.267
Mpro,8e4w,V2M,401,1,B,2295,O2,-23.744,-23.256,-3.023,1.071
Mpro,8e4w,V2M,401,1,B,2296,C3,-22.995,-22.09,-2.835,1.208
Mpro,8e4w,V2M,401,1,B,2297,C4,-23.017,-21.009,-3.882,15.699
Mpro,8e4w,V2M,401,1,B,2298,C5,-22.214,-19.777,-3.675,18.114
Mpro,8e4w,V2M,401,1,B,2299,C6,-21.391,-19.615,-2.423,10.869
Mpro,8e4w,V2M,401,1,B,2300,C7,-21.378,-20.755,-1.336,6.038
Mpro,8e4w,V2M,401,1,B,2301,N8,-20.73,-20.869,-0.128,5.468
Mpro,8e4w,V2M,401,1,B,2302,C9,-21.068,-22.081,0.424,3.623
Mpro,8e4w,V2M,401,1,B,2303,C10,-21.937,-22.719,-0.451,2.415
Mpro,8e4w,V2M,401,1,B,2304,C11,-22.127,-21.91,-1.532,2.415
Mpro,8e4w,V2M,401,1,B,2305,C12,-20.584,-22.636,1.762,1.208
Mpro,8e4w,V2M,401,1,B,2314,O22,-18.534,-25.179,2.496,16.072
Mpro,8e4w,V2M,401,1,B,2316,C24,-16.854,-24.695,4.658,1.208
Mpro,8e4w,V2M,401,1,B,2319,C29,-16.098,-22.764,2.6,10.869
Mpro,8e4w,V2M,401,1,B,2320,C30,-14.551,-22.128,2.226,8.453
Mpro,8e4w,V2M,401,1,B,2321,N31,-14.409,-21.023,2.851,1.094
Mpro,8e4w,V2M,401,1,B,2325,O35,-15.153,-25.959,5.772,2.143
Mpro,8e4w,V2M,401,1,B,2326,C36,-17.312,-26.975,5.544,9.661
Mpro,8e4w,V2M,401,1,B,2327,O37,-17.047,-27.887,6.574,4.286
Mpro,8ezv,X6O,401,1,A,2404,C13,-21.417,13.546,-28.784,19.322
Mpro,8ezv,X6O,401,1,A,2407,C20,-19.891,10.103,-20.191,1.208
Mpro,8ezv,X6O,401,1,A,2408,C21,-21.011,11.027,-19.691,14.492
Mpro,8ezv,X6O,401,1,A,2409,C22,-20.354,12.187,-20.45,3.623
Mpro,8ezv,X6O,401,1,A,2411,C26,-19.105,9.776,-27.999,14.492
Mpro,8ezv,X6O,401,1,A,2414,O1,-20.262,13.628,-25.465,5.357
Mpro,8ezv,X6O,401,1,A,2417,O2,-20.525,17.902,-30.511,2.143
Mpro,8ezv,X6O,401,1,A,2427,C12,-19.616,13.118,-30.475,13.284
Mpro,8ezv,X6O,401,1,A,2428,C14,-21.56,14.516,-31.105,33.814
Mpro,8ezv,X6O,401,1,A,2433,C25,-18.948,10.32,-26.591,1.208
Mpro,8ezv,X6O,401,1,A,2434,C27,-18.011,8.778,-28.272,12.076
Mpro,8ezv,X6O,401,1,A,2437,F3,-19.005,17.88,-33.072,13.456
Mpro,8e5c,4WI,502,1,A,2337,C3,-17.581,19.982,-29.786,2.415
Mpro,8e5c,4WI,502,1,A,2339,C1,-18.952,17.775,-27.381,1.208
Mpro,8e5c,4WI,502,1,A,2343,C21,-19.024,14.158,-21.942,1.208
Mpro,8e5c,4WI,502,1,A,2345,C6,-18.368,21.206,-25.712,1.208
Mpro,8e5c,4WI,502,1,A,2347,C7,-18.297,21.571,-24.381,20.53
Mpro,8e5c,4WI,502,1,A,2349,C10,-20.896,15.069,-25.915,1.208
Mpro,8e5c,4WI,502,1,A,2365,C16,-21.063,17.336,-20.975,39.852
Mpro,8e5c,4WI,502,1,A,2367,C17,-19.289,18.62,-22.253,12.076
Mpro,8e5c,4WI,502,1,A,2369,C23,-21.466,18.051,-23.371,22.945
Mpro,8e5c,4WI,502,1,A,2381,N5,-17.403,21.158,-30.18,1.094
Mpro,8e5c,4WI,502,1,A,2393,O2,-19.865,18.47,-27.137,7.5
Mpro,8e5c,4WI,502,1,A,2399,F1,-18.385,13.746,-19.729,6.21
Mpro,8ezz,X70,401,1,A,2402,C13,-21.441,13.4,-28.546,21.737
Mpro,8ezz,X70,401,1,A,2407,C22,-20.036,9.854,-20.137,2.415
Mpro,8ezz,X70,401,1,A,2409,C26,-18.957,9.79,-27.829,16.907
Mpro,8ezz,X70,401,1,A,2412,O1,-20.101,13.421,-25.147,4.286
Mpro,8ezz,X70,401,1,A,2415,O2,-20.464,17.808,-30.286,2.143
Mpro,8ezz,X70,401,1,A,2425,C12,-21.424,14.476,-30.815,32.606
Mpro,8ezz,X70,401,1,A,2426,C14,-19.484,13.09,-30.055,10.869
Mpro,8ezz,X70,401,1,A,2431,C25,-18.861,10.267,-26.396,1.208
Mpro,8ezz,X70,401,1,A,2432,C27,-17.888,8.743,-28.035,12.076
Mpro,8ezz,X70,401,1,A,2434,F2,-18.758,17.297,-32.78,11.386
Mpro,8ezz,X70,401,1,A,2436,F4,-21.909,10.768,-18.911,10.351
Mpro,8ezz,X70,401,1,A,2437,F5,-22.233,10.419,-21.064,22.772
Mpro,8f02,X6T,401,1,A,2393,C13,-21.58,14.515,-30.829,32.606
Mpro,8f02,X6T,401,1,A,2396,C20,-20.815,11.961,-21.392,1.208
Mpro,8f02,X6T,401,1,A,2398,C22,-22.804,10.491,-22.138,31.398
Mpro,8f02,X6T,401,1,A,2399,C24,-20.56,9.837,-21.011,2.415
Mpro,8f02,X6T,401,1,A,2401,C28,-19.14,9.941,-27.97,10.869
Mpro,8f02,X6T,401,1,A,2403,O1,-20.333,13.386,-25.349,3.214
Mpro,8f02,X6T,401,1,A,2406,O2,-20.36,17.952,-30.286,2.143
Mpro,8f02,X6T,401,1,A,2416,C12,-19.673,13.043,-30.121,13.284
Mpro,8f02,X6T,401,1,A,2417,C14,-21.581,13.426,-28.589,22.945
Mpro,8f02,X6T,401,1,A,2421,C23,-22.44,10.888,-19.684,22.945
Mpro,8f02,X6T,401,1,A,2423,C27,-18.938,10.41,-26.544,1.208
Mpro,8f02,X6T,401,1,A,2424,C29,-18.084,8.908,-28.295,15.699
Mpro,8f02,X6T,401,1,A,2426,F1,-18.433,16.999,-32.672,13.456
Mpro,8f2d,XA8,401,1,A,2396,C13,-19.366,13.122,-30.981,13.284
Mpro,8f2d,XA8,401,1,A,2399,C20,-20.298,12.421,-21.1,4.831
Mpro,8f2d,XA8,401,1,A,2400,C21,-20.773,11.501,-19.965,15.699
Mpro,8f2d,XA8,401,1,A,2401,C22,-19.752,10.443,-20.433,4.831
Mpro,8f2d,XA8,401,1,A,2403,C26,-18.092,9.54,-28.919,18.114
Mpro,8f2d,XA8,401,1,A,2406,O1,-19.983,13.428,-26.073,4.286
Mpro,8f2d,XA8,401,1,A,2409,O2,-20.456,17.917,-31.205,3.214
Mpro,8f2d,XA8,401,1,A,2419,C12,-21.229,13.466,-29.34,20.53
Mpro,8f2d,XA8,401,1,A,2420,C14,-21.38,14.459,-31.639,35.021
Mpro,8f2d,XA8,401,1,A,2425,C25,-19.059,10.046,-27.984,4.831
Mpro,8f2d,XA8,401,1,A,2428,F2,-18.995,18.371,-33.436,7.246
Mpro,8f2d,XA8,401,1,A,2429,F3,-17.491,17.105,-32.723,1.035
Mpro,8f2c,X9Z,401,1,A,2391,C13,-19.449,13.15,-30.542,14.492
Mpro,8f2c,X9Z,401,1,A,2394,C20,-19.984,10.312,-20.149,3.623
Mpro,8f2c,X9Z,401,1,A,2395,C21,-21.303,11.09,-20.241,21.737
Mpro,8f2c,X9Z,401,1,A,2396,C22,-20.479,12.276,-20.768,3.623
Mpro,8f2c,X9Z,401,1,A,2400,O1,-20.11,13.546,-25.69,3.214
Mpro,8f2c,X9Z,401,1,A,2403,O2,-20.442,17.946,-30.729,2.143
Mpro,8f2c,X9Z,401,1,A,2413,C12,-21.441,13.642,-29.083,21.737
Mpro,8f2c,X9Z,401,1,A,2414,C14,-21.271,14.654,-31.356,32.606
Mpro,8f2c,X9Z,401,1,A,2419,C25,-18.449,9.555,-27.95,19.322
Mpro,8f2c,X9Z,401,1,A,2421,F1,-18.906,18.038,-33.222,10.351
Mpro,8ftl,5ZF,401,1,A,2348,C10,17.819,3.592,45.897,1.208
Mpro,8ftl,5ZF,401,1,A,2350,C15,15.758,1.791,40.95,14.492
Mpro,8ftl,5ZF,401,1,A,2353,C21,11.846,-1.734,36.327,6.038
Mpro,8ftl,5ZF,401,1,A,2354,C22,12.877,-1.364,37.107,4.831
Mpro,8ftl,5ZF,401,1,A,2355,C26,15.643,-4.314,41.157,45.89
Mpro,8ftl,5ZF,401,1,A,2356,C28,14.876,-2.419,43.851,7.246
Mpro,8ftl,5ZF,401,1,A,2357,O01,14.229,2.306,37.424,6.429
Mpro,8ftl,5ZF,401,1,A,2365,C09,17.24,3.269,44.677,4.831
Mpro,8ftl,5ZF,401,1,A,2368,C14,16.299,2.104,42.177,7.246
Mpro,8ftl,5ZF,401,1,A,2373,N24,15.152,-2.124,40.27,9.842
Mpro,8ftl,5ZF,401,1,A,2376,C29,15.395,-1.827,44.978,2.415
Mpro,8ftl,5ZF,401,1,A,2379,C32,16.722,-1.623,42.561,9.661
Mpro,8ftl,5ZF,401,1,A,2382,CL35,12.686,4.842,38.242,8.728
Mpro,8gqt,QUE,401,1,D,2269,C1,7.326,-35.091,25.316,2.415
Mpro,8gqt,QUE,401,1,D,2270,C2,8.061,-34.279,24.454,3.623
Mpro,8gqt,QUE,401,1,D,2271,C3,8.928,-33.288,24.866,2.415
Mpro,8gqt,QUE,401,1,D,2272,C4,9.064,-33.105,26.304,4.831
Mpro,8gqt,QUE,401,1,D,2274,C6,7.512,-34.854,26.698,1.208
Mpro,8gqt,QUE,401,1,D,2275,C9,9.754,-32.372,24.04,4.831
Mpro,8gqt,QUE,401,1,D,2276,C10,10.643,-31.373,24.664,7.246
Mpro,8gqt,QUE,401,1,D,2277,C11,10.861,-31.389,25.986,4.831
Mpro,8gqt,QUE,401,1,D,2278,C14,11.688,-30.288,26.728,3.623
Mpro,8gqt,QUE,401,1,D,2279,C15,11.278,-29.954,28.042,6.038
Mpro,8gqt,QUE,401,1,D,2280,C16,11.968,-28.983,28.786,20.53
Mpro,8gqt,QUE,401,1,D,2281,C17,13.084,-28.332,28.211,8.453
Mpro,8gqt,QUE,401,1,D,2282,C18,13.499,-28.665,26.897,7.246
Mpro,8gqt,QUE,401,1,D,2283,C19,12.811,-29.639,26.161,16.907
Mpro,8gqt,QUE,401,1,D,2284,O12,9.951,-32.072,26.885,2.143
Mpro,8gqt,QUE,401,1,D,2285,O13,9.687,-32.457,22.827,16.072
Mpro,8gqt,QUE,401,1,D,2286,O23,14.603,-28.032,26.314,46.073
Mpro,8gqt,QUE,401,1,D,2287,O24,13.784,-27.331,28.984,41.787
Mpro,8gqt,QUE,401,1,D,2288,O27,11.27,-30.378,23.815,34.287
Mpro,8gqt,QUE,401,1,D,2290,O30,7.897,-34.498,23.061,2.143
Mpro,8ftl,5ZF,401,1,B,2348,C10,-28.859,3.652,10.113,1.208
Mpro,8ftl,5ZF,401,1,B,2350,C15,-26.804,1.762,15.017,15.699
Mpro,8ftl,5ZF,401,1,B,2353,C21,-22.856,-1.88,19.524,6.038
Mpro,8ftl,5ZF,401,1,B,2354,C22,-23.896,-1.482,18.773,3.623
Mpro,8ftl,5ZF,401,1,B,2355,C26,-26.72,-4.332,14.804,49.513
Mpro,8ftl,5ZF,401,1,B,2356,C28,-25.875,-2.487,12.09,7.246
Mpro,8ftl,5ZF,401,1,B,2357,O01,-25.238,2.247,18.56,4.286
Mpro,8ftl,5ZF,401,1,B,2362,C06,-25.215,1.756,12.759,1.208
Mpro,8ftl,5ZF,401,1,B,2365,C09,-28.275,3.316,11.325,6.038
Mpro,8ftl,5ZF,401,1,B,2368,C14,-27.34,2.095,13.795,7.246
Mpro,8ftl,5ZF,401,1,B,2373,N24,-26.198,-2.149,15.663,7.655
Mpro,8ftl,5ZF,401,1,B,2376,C29,-26.36,-1.888,10.95,2.415
Mpro,8ftl,5ZF,401,1,B,2379,C32,-27.704,-1.61,13.346,10.869
Mpro,8ftl,5ZF,401,1,B,2382,CL35,-23.806,4.838,17.744,6.234
Mpro,8okl,83N,401,1,A,4652,C10,17.699,7.784,-25.54,2.415
Mpro,8okl,83N,401,1,A,4654,C12,21.347,3.169,-24.781,1.208
Mpro,8okl,83N,401,1,A,4660,C18,20.176,8.66,-35.92,6.038
Mpro,8okl,83N,401,1,A,4665,C22,20.437,8.856,-28.655,4.831
Mpro,8okl,83N,401,1,A,4666,C23,19.267,9.796,-30.649,9.661
Mpro,8okl,83N,401,1,A,4679,O2,22.375,5.808,-27.229,16.072
Mpro,8okl,83N,401,1,A,4681,O4,21.257,3.419,-23.398,2.143
Mpro,8okl,83N,401,1,A,4683,O6,21.292,7.706,-33.413,2.143
Mpro,8okl,83N,401,1,A,4687,H3,25.834,3.35,-30.499,0.849
Mpro,8okl,83N,401,1,A,4688,H16,17.629,8.41,-24.785,5.946
Mpro,8okl,83N,401,1,A,4689,H15,17.702,8.299,-26.377,5.097
Mpro,8okl,83N,401,1,A,4691,H22,23.387,6.739,-30.43,5.097
Mpro,8okl,83N,401,1,A,4692,H23,21.204,7.859,-31.032,0.849
Mpro,8okl,83N,401,1,A,4693,H25,20.372,8.702,-36.871,4.247
Mpro,8okl,83N,401,1,A,4694,H26,21.005,8.722,-35.416,3.398
Mpro,8okl,83N,401,1,A,4695,H27,19.593,9.398,-35.676,14.441
Mpro,8okl,83N,401,1,A,4697,H28,17.672,8.094,-36.193,0.849
Mpro,8okl,83N,401,1,A,4704,H35,21.153,9.468,-28.901,16.14
Mpro,8okl,83N,401,1,A,4706,H37,19.87,9.275,-27.984,5.946
Mpro,8okl,83N,401,1,A,4707,H39,20.08,10.179,-31.022,15.291
Mpro,8okl,83N,401,1,A,4708,H40,18.855,10.437,-30.044,20.388
Mpro,8okl,83N,401,1,A,4709,H38,18.647,9.586,-31.369,7.645
Mpro,8okl,83N,401,1,A,4710,H6,24.08,4.663,-28.855,5.097
Mpro,8okl,83N,401,1,A,4713,H9,21.104,5.149,-25.323,1.699
Mpro,8okl,83N,401,1,A,4722,H18,22.289,3.077,-25.038,4.247
Mpro,8okl,83N,401,1,B,4686,C10,-14.459,-12.304,-8.581,2.415
Mpro,8okl,83N,401,1,B,4695,C19,-23.09,-8.577,-3.596,6.038
Mpro,8okl,83N,401,1,B,4697,C20,-22.133,-6.301,-3.984,1.208
Mpro,8okl,83N,401,1,B,4699,C22,-19.889,-11.337,-6.84,12.076
Mpro,8okl,83N,401,1,B,4700,C23,-17.869,-12.741,-6.358,3.623
Mpro,8okl,83N,401,1,B,4713,O2,-15.365,-13.835,-3.642,16.072
Mpro,8okl,83N,401,1,B,4717,O6,-20.831,-10.307,-3.176,2.143
Mpro,8okl,83N,401,1,B,4718,O7,-20.734,-8.208,-4.055,1.071
Mpro,8okl,83N,401,1,B,4719,H1,-17.067,-13.732,1.584,3.398
Mpro,8okl,83N,401,1,B,4722,H16,-14.329,-12.939,-9.32,5.097
Mpro,8okl,83N,401,1,B,4723,H15,-15.404,-12.034,-8.56,4.247
Mpro,8okl,83N,401,1,B,4725,H22,-18.545,-13.197,-2.337,3.398
Mpro,8okl,83N,401,1,B,4730,H30,-23.916,-8.106,-3.392,10.194
Mpro,8okl,83N,401,1,B,4731,H28,-23.013,-9.359,-3.024,2.548
Mpro,8okl,83N,401,1,B,4732,H29,-23.099,-8.857,-4.527,13.592
Mpro,8okl,83N,401,1,B,4734,H31,-22.926,-5.891,-3.599,0.849
Mpro,8okl,83N,401,1,B,4737,H34,-17.917,-10.738,-6.652,0.849
Mpro,8okl,83N,401,1,B,4738,H35,-19.85,-11.759,-7.716,18.689
Mpro,8okl,83N,401,1,B,4739,H36,-20.17,-10.411,-6.939,11.043
Mpro,8okl,83N,401,1,B,4740,H37,-20.527,-11.811,-6.28,11.893
Mpro,8okl,83N,401,1,B,4741,H39,-18.058,-13.082,-7.25,10.194
Mpro,8okl,83N,401,1,B,4742,H40,-18.231,-13.355,-5.695,11.043
Mpro,8okl,83N,401,1,B,4744,H6,-16.209,-13.729,-1.121,7.645
Mpro,8okl,83N,401,1,B,4747,H9,-13.244,-13.725,-4.698,1.699
Mpro,8okl,83N,401,1,B,4756,H18,-11.972,-13.841,-2.698,3.398
Mpro,8okl,83N,401,1,B,4757,H20,-11.199,-14.813,-4.524,5.097
Mpro,8okn,83W,401,1,A,4714,C17,19.511,8.587,-36.3,6.038
Mpro,8okn,83W,401,1,A,4715,C18,18.294,6.449,-36.705,1.208
Mpro,8okn,83W,401,1,A,4719,C21,19.7,8.898,-29.035,4.831
Mpro,8okn,83W,401,1,A,4721,C23,17.066,10.67,-30.014,3.623
Mpro,8okn,83W,401,1,A,4723,C25,18.079,11.774,-32.015,9.661
Mpro,8okn,83W,401,1,A,4727,C6,17.51,7.735,-25.767,1.208
Mpro,8okn,83W,401,1,A,4729,C8,21.184,3.133,-24.972,1.208
Mpro,8okn,83W,401,1,A,4735,O1,21.682,6.144,-27.445,13.929
Mpro,8okn,83W,401,1,A,4737,O3,21.058,3.338,-23.58,2.143
Mpro,8okn,83W,401,1,A,4739,O5,21.039,7.878,-33.716,4.286
Mpro,8okn,83W,401,1,A,4741,O7,19.043,9.799,-31.15,4.286
Mpro,8okn,83W,401,1,A,4742,H15,23.762,5.051,-28.82,11.893
Mpro,8okn,83W,401,1,A,4744,H17,24.482,5.334,-31.003,0.849
Mpro,8okn,83W,401,1,A,4745,H18,23.285,4.452,-31.581,1.699
Mpro,8okn,83W,401,1,A,4747,H20,23.06,7.068,-30.436,5.946
Mpro,8okn,83W,401,1,A,4748,H21,20.84,7.972,-31.326,1.699
Mpro,8okn,83W,401,1,A,4749,H23,19.542,8.698,-37.265,10.194
Mpro,8okn,83W,401,1,A,4750,H24,20.315,8.964,-35.905,10.194
Mpro,8okn,83W,401,1,A,4751,H25,18.73,9.046,-35.946,0.849
Mpro,8okn,83W,401,1,A,4758,H2,20.887,5.117,-25.45,1.699
Mpro,8okn,83W,401,1,A,4760,H35,20.566,8.459,-28.956,2.548
Mpro,8okn,83W,401,1,A,4762,H34,19.814,9.861,-28.946,12.742
Mpro,8okn,83W,401,1,A,4763,H36,16.246,11.172,-30.156,10.194
Mpro,8okn,83W,401,1,A,4764,H37,17.651,11.167,-29.418,12.742
Mpro,8okn,83W,401,1,A,4769,H44,18.168,11.635,-32.973,11.893
Mpro,8okn,83W,401,1,A,4770,H42,18.913,12.126,-31.66,17.839
Mpro,8okn,83W,401,1,A,4771,H43,17.361,12.406,-31.845,16.99
Mpro,8okn,83W,401,1,A,4777,H9,17.423,8.384,-25.034,6.796
Mpro,8okn,83W,401,1,A,4778,H8,17.533,8.222,-26.62,2.548
Mpro,8okn,83W,401,1,A,4783,H11,22.133,3.08,-25.211,5.097
Mpro,8okm,84C,401,1,B,4709,C2,-14.507,-12.057,-8.578,2.415
Mpro,8okm,84C,401,1,B,4719,C21,-23.273,-7.887,-3.839,7.246
Mpro,8okm,84C,401,1,B,4721,C23,-17.922,-12.315,-6.667,3.623
Mpro,8okm,84C,401,1,B,4722,C24,-19.766,-10.804,-7.466,8.453
Mpro,8okm,84C,401,1,B,4724,O2,-15.73,-13.322,-3.749,17.143
Mpro,8okm,84C,401,1,B,4726,O4,-21.28,-9.993,-3.948,2.143
Mpro,8okm,84C,401,1,B,4727,O5,-20.917,-7.772,-4.301,1.071
Mpro,8okm,84C,401,1,B,4728,O6,-11.121,-13.949,-4.051,4.286
Mpro,8okm,84C,401,1,B,4733,H9,-13.524,-13.377,-4.534,2.548
Mpro,8okm,84C,401,1,B,4735,H14,-18.567,-12.749,-0.571,2.548
Mpro,8okm,84C,401,1,B,4742,H21,-16.343,-12.885,-0.946,5.946
Mpro,8okm,84C,401,1,B,4744,H2,-14.293,-12.674,-9.313,5.097
Mpro,8okm,84C,401,1,B,4745,H3,-15.47,-11.861,-8.6,4.247
Mpro,8okm,84C,401,1,B,4749,H12,-18.691,-12.874,-2.86,9.344
Mpro,8okm,84C,401,1,B,4758,H31,-24.015,-7.421,-3.417,4.247
Mpro,8okm,84C,401,1,B,4759,H32,-23.29,-8.824,-3.583,0.849
Mpro,8okm,84C,401,1,B,4760,H30,-23.352,-7.814,-4.805,11.043
Mpro,8okm,84C,401,1,B,4762,H34,-18.27,-12.861,-5.941,8.495
Mpro,8okm,84C,401,1,B,4764,H36,-18.152,-12.724,-7.519,11.043
Mpro,8okm,84C,401,1,B,4765,H38,-20.48,-11.35,-7.095,15.291
Mpro,8okm,84C,401,1,B,4766,H39,-19.559,-11.11,-8.367,15.291
Mpro,8okm,84C,401,1,B,4767,H37,-20.051,-9.875,-7.498,7.645
Mpro,8okm,84C,401,1,B,4768,H40,-12.269,-13.44,-2.513,2.548
Mpro,8okm,84C,401,1,A,4634,C2,17.58,7.524,-25.569,1.208
Mpro,8okm,84C,401,1,A,4640,C17,19.937,7.483,-33.242,1.208
Mpro,8okm,84C,401,1,A,4644,C21,20.116,8.338,-36.14,7.246
Mpro,8okm,84C,401,1,A,4646,C23,19.961,8.768,-28.571,3.623
Mpro,8okm,84C,401,1,A,4647,C24,18.846,9.8,-30.577,9.661
Mpro,8okm,84C,401,1,A,4649,O2,22.019,5.834,-27.458,16.072
Mpro,8okm,84C,401,1,A,4651,O4,21.091,7.842,-33.35,1.071
Mpro,8okm,84C,401,1,A,4652,O5,19.102,7.177,-34.252,1.071
Mpro,8okm,84C,401,1,A,4653,O6,21.176,3.157,-23.599,2.143
Mpro,8okm,84C,401,1,A,4658,H9,21.026,4.907,-25.478,0.849
Mpro,8okm,84C,401,1,A,4660,H14,24.534,5.38,-30.847,1.699
Mpro,8okm,84C,401,1,A,4667,H21,23.833,4.331,-28.993,6.796
Mpro,8okm,84C,401,1,A,4669,H2,17.465,8.104,-24.784,5.946
Mpro,8okm,84C,401,1,A,4670,H3,17.619,8.086,-26.374,3.398
Mpro,8okm,84C,401,1,A,4674,H12,23.021,6.986,-30.229,7.645
Mpro,8okm,84C,401,1,A,4683,H31,20.234,8.306,-37.104,1.699
Mpro,8okm,84C,401,1,A,4684,H32,20.974,8.501,-35.714,3.398
Mpro,8okm,84C,401,1,A,4685,H30,19.5,9.054,-35.913,15.291
Mpro,8okm,84C,401,1,A,4687,H34,20.916,8.795,-28.754,9.344
Mpro,8okm,84C,401,1,A,4689,H36,19.678,9.621,-28.197,11.893
Mpro,8okm,84C,401,1,A,4690,H38,19.66,10.231,-30.893,16.14
Mpro,8okm,84C,401,1,A,4691,H39,18.384,10.394,-29.96,17.839
Mpro,8okm,84C,401,1,A,4692,H37,18.268,9.607,-31.335,10.194
Mpro,8okm,84C,401,1,A,4693,H40,22.2,2.82,-25.255,3.398
Mpro,8okn,83W,401,1,B,4750,C10,-16.644,-12.332,-1.407,1.208
Mpro,8okn,83W,401,1,B,4758,C18,-23.459,-7.677,-3.968,7.246
Mpro,8okn,83W,401,1,B,4762,C21,-18.322,-11.973,-6.865,4.831
Mpro,8okn,83W,401,1,B,4764,C23,-21.997,-10.052,-8.561,8.453
Mpro,8okn,83W,401,1,B,4765,C24,-19.67,-10.266,-9.412,6.038
Mpro,8okn,83W,401,1,B,4770,C6,-14.74,-11.959,-8.753,3.623
Mpro,8okn,83W,401,1,B,4778,O1,-15.839,-13.213,-4.279,12.858
Mpro,8okn,83W,401,1,B,4782,O5,-21.462,-9.902,-3.923,2.143
Mpro,8okn,83W,401,1,B,4784,O7,-20.243,-10.591,-7.095,2.143
Mpro,8okn,83W,401,1,B,4786,H16,-16.665,-13.29,-1.619,12.742
Mpro,8okn,83W,401,1,B,4787,H17,-18.513,-12.439,-0.502,1.699
Mpro,8okn,83W,401,1,B,4788,H18,-17.981,-10.942,-0.631,2.548
Mpro,8okn,83W,401,1,B,4790,H20,-18.969,-12.578,-2.765,11.893
Mpro,8okn,83W,401,1,B,4791,H21,-19.589,-11.065,-4.677,0.849
Mpro,8okn,83W,401,1,B,4795,H27,-24.231,-7.304,-3.511,5.946
Mpro,8okn,83W,401,1,B,4796,H28,-23.498,-8.647,-3.931,0.849
Mpro,8okn,83W,401,1,B,4797,H26,-23.461,-7.388,-4.896,2.548
Mpro,8okn,83W,401,1,B,4801,H2,-13.544,-13.437,-4.91,1.699
Mpro,8okn,83W,401,1,B,4803,H35,-18.212,-12.083,-7.826,4.247
Mpro,8okn,83W,401,1,B,4805,H34,-18.924,-12.659,-6.526,16.14
Mpro,8okn,83W,401,1,B,4806,H36,-22.453,-10.306,-7.741,12.742
Mpro,8okn,83W,401,1,B,4807,H37,-22.075,-10.772,-9.21,16.99
Mpro,8okn,83W,401,1,B,4808,H38,-22.405,-9.247,-8.921,10.194
Mpro,8okn,83W,401,1,B,4809,H41,-19.739,-11.232,-9.492,11.893
Mpro,8okn,83W,401,1,B,4811,H40,-19.969,-9.85,-10.239,14.441
Mpro,8okn,83W,401,1,B,4820,H9,-15.671,-11.644,-8.744,0.849
Mpro,8okn,83W,401,1,B,4821,H8,-14.637,-12.617,-9.477,5.097
Mpro,8okn,83W,401,1,B,4826,H11,-12.319,-13.634,-2.883,5.946
Mpro,8okn,83W,401,1,B,4827,H13,-11.476,-14.558,-4.703,5.097
Mpro,8p55,ALD,402,1,A,4656,C9,20.05,6.043,-33.661,2.415
Mpro,8p55,ALD,402,1,A,4657,O31,21.182,6.254,-33.963,2.143
Mpro,8p55,ALD,402,1,A,4661,C4,20.487,7.917,-36.935,3.623
Mpro,8p55,ALD,402,1,A,4662,C5,20.315,9.153,-37.509,7.246
Mpro,8p55,ALD,402,1,A,4663,C6,19.038,9.583,-37.777,4.831
Mpro,8p55,ALD,402,1,A,4664,C1,17.96,8.77,-37.474,2.415
Mpro,8p55,ALD,402,1,A,4665,C2,18.153,7.568,-36.834,3.623
Mpro,8p55,ALD,402,1,A,4672,C32,21.673,8.734,-29.604,7.246
Mpro,8p55,ALD,402,1,A,4673,C33,19.431,8.775,-28.489,3.623
Mpro,8p55,ALD,402,1,A,4677,O34,22.572,4.893,-27.652,11.786
Mpro,8p55,ALD,402,1,A,4693,H5,21.169,9.769,-37.762,19.538
Mpro,8p55,ALD,402,1,A,4694,H6,18.874,10.559,-38.217,24.635
Mpro,8p55,ALD,402,1,A,4695,H1,16.953,9.129,-37.647,6.796
Mpro,8p55,ALD,402,1,A,4700,H302,19.653,8.361,-31.259,13.592
Mpro,8p55,ALD,402,1,A,4702,H321,21.468,9.772,-29.545,18.689
Mpro,8p55,ALD,402,1,A,4703,H322,22.022,8.5,-30.576,3.398
Mpro,8p55,ALD,402,1,A,4704,H323,22.413,8.479,-28.892,14.441
Mpro,8p55,ALD,402,1,A,4705,H331,19.004,8.161,-27.74,1.699
Mpro,8p55,ALD,402,1,A,4706,H332,18.664,9.153,-29.114,14.441
Mpro,8p55,ALD,402,1,A,4707,H333,19.944,9.582,-28.034,13.592
Mpro,8p55,ALD,402,1,A,4718,H273,25.72,2.16,-30.599,0.849
Mpro,8p55,ALD,402,1,A,4720,H17,21.362,4.518,-25.714,2.548
Mpro,8p55,ALD,402,1,A,4721,H221,22.712,2.722,-25.151,6.796
Mpro,8p55,ALD,402,1,A,4726,H202,18.425,6.401,-25.126,2.548
Mpro,8p55,ALD,402,1,A,4728,H211,16.711,5.498,-25.652,0.849
Mpro,8p55,ALD,402,1,A,4731,HOX,22.112,2.549,-23.21,3.398
Mpro,8p54,ALD,401,1,A,4655,C9,20.045,6.359,-33.539,2.415
Mpro,8p54,ALD,401,1,A,4656,O31,21.176,6.581,-33.839,2.143
Mpro,8p54,ALD,401,1,A,4660,C4,20.469,8.259,-36.8,3.623
Mpro,8p54,ALD,401,1,A,4661,C5,20.288,9.497,-37.366,7.246
Mpro,8p54,ALD,401,1,A,4662,C6,19.007,9.919,-37.632,4.831
Mpro,8p54,ALD,401,1,A,4663,C1,17.936,9.095,-37.335,1.208
Mpro,8p54,ALD,401,1,A,4664,C2,18.138,7.89,-36.702,3.623
Mpro,8p54,ALD,401,1,A,4671,C32,21.645,9.036,-29.463,6.038
Mpro,8p54,ALD,401,1,A,4672,C33,19.402,9.052,-28.349,4.831
Mpro,8p54,ALD,401,1,A,4676,O34,22.573,5.189,-27.536,12.858
Mpro,8p54,ALD,401,1,A,4692,H5,21.137,10.121,-37.614,20.388
Mpro,8p54,ALD,401,1,A,4693,H6,18.836,10.896,-38.065,25.485
Mpro,8p54,ALD,401,1,A,4694,H1,16.926,9.447,-37.506,5.946
Mpro,8p54,ALD,401,1,A,4699,H302,19.629,8.658,-31.122,13.592
Mpro,8p54,ALD,401,1,A,4701,H321,21.432,10.072,-29.397,18.689
Mpro,8p54,ALD,401,1,A,4702,H322,21.996,8.811,-30.436,4.247
Mpro,8p54,ALD,401,1,A,4703,H323,22.387,8.782,-28.752,15.291
Mpro,8p54,ALD,401,1,A,4704,H331,18.98,8.43,-27.604,2.548
Mpro,8p54,ALD,401,1,A,4705,H332,18.633,9.428,-28.972,15.291
Mpro,8p54,ALD,401,1,A,4706,H333,19.909,9.86,-27.888,14.441
Mpro,8p54,ALD,401,1,A,4709,H241,24.298,4.261,-29.483,0.849
Mpro,8p54,ALD,401,1,A,4719,H17,21.365,4.792,-25.601,4.247
Mpro,8p54,ALD,401,1,A,4720,H221,22.729,3.003,-25.05,6.796
Mpro,8p54,ALD,401,1,A,4724,H201,20.025,6.028,-25.094,0.849
Mpro,8p54,ALD,401,1,A,4725,H202,18.413,6.648,-25.002,1.699
Mpro,8p54,ALD,401,1,A,4727,H211,16.707,5.735,-25.535,0.849
Mpro,8p54,ALD,401,1,A,4730,HOX,22.13,2.812,-23.11,2.548
Mpro,8p57,X77,402,1,A,4668,C02,21.824,4.789,-25.008,1.208
Mpro,8p57,X77,402,1,A,4673,C09,20.069,8.991,-32.102,3.623
Mpro,8p57,X77,402,1,A,4674,C10,21.19,8.279,-32.835,1.208
Mpro,8p57,X77,402,1,A,4675,C11,21.206,6.805,-32.484,1.208
Mpro,8p57,X77,402,1,A,4684,C22,24.21,4.945,-28.927,1.208
Mpro,8p57,X77,402,1,A,4689,C27,26.325,3.328,-30.369,2.415
Mpro,8p57,X77,402,1,A,4692,C30,23.061,4.128,-24.591,2.415
Mpro,8p57,X77,402,1,A,4693,C31,24.081,3.489,-25.237,6.038
Mpro,8p57,X77,402,1,A,4694,C33,24.445,3.424,-23.086,6.038
Mpro,8p57,X77,402,1,A,4698,N32,24.947,3.053,-24.27,2.187
Mpro,8p57,X77,402,1,A,4699,N34,23.309,4.071,-23.223,6.562
Mpro,8p57,X77,402,1,A,4704,H081,19.422,9.227,-30.147,18.689
Mpro,8p57,X77,402,1,A,4705,H082,21.005,9.21,-30.266,14.441
Mpro,8p57,X77,402,1,A,4706,H091,20.104,9.951,-32.307,22.087
Mpro,8p57,X77,402,1,A,4707,H092,19.205,8.645,-32.414,9.344
Mpro,8p57,X77,402,1,A,4708,H101,22.05,8.683,-32.591,5.946
Mpro,8p57,X77,402,1,A,4709,H102,21.068,8.384,-33.802,9.344
Mpro,8p57,X77,402,1,A,4711,H111,20.384,6.382,-32.815,8.495
Mpro,8p57,X77,402,1,A,4713,H122,22.175,6.932,-30.656,2.548
Mpro,8p57,X77,402,1,A,4714,H151,18.393,7.367,-25.666,4.247
Mpro,8p57,X77,402,1,A,4715,H161,16.302,6.8,-24.791,4.247
Mpro,8p57,X77,402,1,A,4718,H211,23.614,6.143,-27.406,13.592
Mpro,8p57,X77,402,1,A,4726,H272,26.429,2.699,-29.634,2.548
Mpro,8p57,X77,402,1,A,4732,H331,24.868,3.238,-22.236,0.849
Mpro,8p57,X77,402,1,A,4733,H061,20.526,7.807,-28.282,5.097
Mpro,8p58,X77,406,1,A,4714,C02,21.849,5.186,-25.36,1.208
Mpro,8p58,X77,406,1,A,4718,C08,20.109,8.92,-30.975,2.415
Mpro,8p58,X77,406,1,A,4719,C09,20.063,9.037,-32.499,4.831
Mpro,8p58,X77,406,1,A,4720,C10,21.273,8.385,-33.143,1.208
Mpro,8p58,X77,406,1,A,4730,C22,24.159,5.321,-29.224,1.208
Mpro,8p58,X77,406,1,A,4735,C27,26.424,3.62,-30.426,1.208
Mpro,8p58,X77,406,1,A,4738,C30,23.083,4.462,-24.982,3.623
Mpro,8p58,X77,406,1,A,4739,C31,24.094,3.843,-25.664,7.246
Mpro,8p58,X77,406,1,A,4740,C33,24.453,3.659,-23.512,6.038
Mpro,8p58,X77,406,1,A,4744,N32,24.951,3.342,-24.726,2.187
Mpro,8p58,X77,406,1,A,4745,N34,23.343,4.35,-23.616,4.374
Mpro,8p58,X77,406,1,A,4746,O01,21.206,5.744,-24.468,2.143
Mpro,8p58,X77,406,1,A,4750,H081,19.294,9.308,-30.591,16.99
Mpro,8p58,X77,406,1,A,4751,H082,20.877,9.422,-30.629,13.592
Mpro,8p58,X77,406,1,A,4752,H091,20.033,9.985,-32.751,22.936
Mpro,8p58,X77,406,1,A,4753,H092,19.246,8.607,-32.834,4.247
Mpro,8p58,X77,406,1,A,4754,H101,22.085,8.869,-32.881,6.796
Mpro,8p58,X77,406,1,A,4755,H102,21.192,8.434,-34.119,4.247
Mpro,8p58,X77,406,1,A,4757,H111,20.617,6.431,-33.057,3.398
Mpro,8p58,X77,406,1,A,4759,H122,22.257,7.245,-30.858,2.548
Mpro,8p58,X77,406,1,A,4760,H151,18.347,7.626,-25.876,2.548
Mpro,8p58,X77,406,1,A,4761,H161,16.227,7.022,-25.095,3.398
Mpro,8p58,X77,406,1,A,4764,H211,23.453,6.554,-27.781,14.441
Mpro,8p58,X77,406,1,A,4772,H272,26.451,2.944,-29.727,2.548
Mpro,8p58,X77,406,1,A,4773,H273,26.684,4.481,-30.054,3.398
Mpro,8p58,X77,406,1,A,4778,H331,24.864,3.407,-22.674,0.849
Mpro,8p58,X77,406,1,A,4779,H061,20.474,8.051,-28.617,8.495
Mpro,8p56,X77,406,1,A,4735,C02,21.872,4.868,-25.015,1.208
Mpro,8p56,X77,406,1,A,4740,C09,20.085,8.984,-32.104,3.623
Mpro,8p56,X77,406,1,A,4742,C11,21.225,6.795,-32.471,2.415
Mpro,8p56,X77,406,1,A,4751,C22,24.228,4.954,-28.935,1.208
Mpro,8p56,X77,406,1,A,4756,C27,26.335,3.334,-30.366,2.415
Mpro,8p56,X77,406,1,A,4759,C30,23.1,4.178,-24.596,2.415
Mpro,8p56,X77,406,1,A,4760,C31,24.136,3.552,-25.229,6.038
Mpro,8p56,X77,406,1,A,4761,C33,24.462,3.471,-23.068,6.038
Mpro,8p56,X77,406,1,A,4765,N32,24.989,3.109,-24.252,2.187
Mpro,8p56,X77,406,1,A,4766,N34,23.33,4.12,-23.222,6.562
Mpro,8p56,X77,406,1,A,4771,H081,19.442,9.233,-30.147,18.689
Mpro,8p56,X77,406,1,A,4772,H082,21.025,9.214,-30.269,14.441
Mpro,8p56,X77,406,1,A,4773,H091,20.118,9.942,-32.316,22.087
Mpro,8p56,X77,406,1,A,4774,H092,19.221,8.634,-32.412,8.495
Mpro,8p56,X77,406,1,A,4775,H101,22.067,8.674,-32.588,5.946
Mpro,8p56,X77,406,1,A,4776,H102,21.087,8.367,-33.799,7.645
Mpro,8p56,X77,406,1,A,4778,H111,20.402,6.369,-32.797,6.796
Mpro,8p56,X77,406,1,A,4780,H122,22.197,6.941,-30.645,2.548
Mpro,8p56,X77,406,1,A,4781,H151,18.447,7.414,-25.664,4.247
Mpro,8p56,X77,406,1,A,4782,H161,16.34,6.884,-24.816,4.247
Mpro,8p56,X77,406,1,A,4785,H211,23.649,6.166,-27.419,13.592
Mpro,8p56,X77,406,1,A,4793,H272,26.432,2.71,-29.626,1.699
Mpro,8p56,X77,406,1,A,4799,H331,24.868,3.278,-22.212,0.849
Mpro,8p56,X77,406,1,A,4800,H061,20.501,7.815,-28.283,6.796
Mpro,8p5a,X77,410,1,A,4698,C02,21.895,5.365,-25.325,1.208
Mpro,8p5a,X77,410,1,A,4703,C09,20.068,9.256,-32.36,3.623
Mpro,8p5a,X77,410,1,A,4704,C10,21.182,8.529,-33.054,1.208
Mpro,8p5a,X77,410,1,A,4705,C11,21.243,7.068,-32.666,1.208
Mpro,8p5a,X77,410,1,A,4719,C27,26.337,3.653,-30.534,1.208
Mpro,8p5a,X77,410,1,A,4722,C30,23.112,4.672,-24.955,4.831
Mpro,8p5a,X77,410,1,A,4723,C31,24.138,4.101,-25.638,7.246
Mpro,8p5a,X77,410,1,A,4724,C33,24.488,3.88,-23.51,7.246
Mpro,8p5a,X77,410,1,A,4728,N32,24.994,3.601,-24.706,5.468
Mpro,8p5a,X77,410,1,A,4729,N34,23.357,4.527,-23.602,4.374
Mpro,8p5a,X77,410,1,A,4730,O01,21.241,5.88,-24.445,1.071
Mpro,8p5a,X77,410,1,A,4734,H081,19.439,9.551,-30.413,18.689
Mpro,8p5a,X77,410,1,A,4735,H082,21.023,9.511,-30.545,13.592
Mpro,8p5a,X77,410,1,A,4736,H091,20.103,10.209,-32.594,22.087
Mpro,8p5a,X77,410,1,A,4737,H092,19.204,8.898,-32.66,4.247
Mpro,8p5a,X77,410,1,A,4738,H101,22.036,8.957,-32.83,6.796
Mpro,8p5a,X77,410,1,A,4739,H102,21.057,8.599,-34.024,6.796
Mpro,8p5a,X77,410,1,A,4741,H111,20.443,6.608,-33.003,5.097
Mpro,8p5a,X77,410,1,A,4743,H122,22.178,7.252,-30.829,1.699
Mpro,8p5a,X77,410,1,A,4744,H151,18.28,7.78,-26.042,4.247
Mpro,8p5a,X77,410,1,A,4745,H161,16.242,7.196,-25.19,4.247
Mpro,8p5a,X77,410,1,A,4748,H211,23.493,6.696,-27.826,11.893
Mpro,8p5a,X77,410,1,A,4756,H272,26.405,2.995,-29.821,1.699
Mpro,8p5a,X77,410,1,A,4757,H273,26.629,4.52,-30.203,0.849
Mpro,8p5a,X77,410,1,A,4762,H331,24.91,3.635,-22.674,0.849
Mpro,8p5a,X77,410,1,A,4763,H061,20.443,8.179,-28.537,7.645
Mpro,8p58,X77,408,1,B,4889,C02,-14.131,-14.06,-4.587,3.623
Mpro,8p58,X77,408,1,B,4893,C08,-20.212,-10.834,-5.651,2.415
Mpro,8p58,X77,408,1,B,4894,C09,-21.278,-9.916,-5.054,2.415
Mpro,8p58,X77,408,1,B,4904,C21,-16.802,-13.512,-2.804,1.208
Mpro,8p58,X77,408,1,B,4905,C22,-17.425,-13.268,-1.593,1.208
Mpro,8p58,X77,408,1,B,4910,C27,-17.562,-13.311,1.448,2.415
Mpro,8p58,X77,408,1,B,4913,C30,-13.66,-14.83,-3.424,2.415
Mpro,8p58,X77,408,1,B,4914,C31,-13.944,-14.839,-2.085,3.623
Mpro,8p58,X77,408,1,B,4915,C33,-12.439,-16.351,-2.487,6.038
Mpro,8p58,X77,408,1,B,4919,N32,-13.163,-15.799,-1.504,3.281
Mpro,8p58,X77,408,1,B,4920,N34,-12.698,-15.806,-3.654,5.468
Mpro,8p58,X77,408,1,B,4921,O01,-13.71,-14.357,-5.706,2.143
Mpro,8p58,X77,408,1,B,4923,H041,-15.856,-13.148,-6.126,1.699
Mpro,8p58,X77,408,1,B,4925,H081,-20.073,-10.609,-6.596,17.839
Mpro,8p58,X77,408,1,B,4926,H082,-20.512,-11.766,-5.6,12.742
Mpro,8p58,X77,408,1,B,4927,H091,-22.125,-10.048,-5.532,19.538
Mpro,8p58,X77,408,1,B,4928,H092,-21.004,-8.98,-5.173,8.495
Mpro,8p58,X77,408,1,B,4930,H102,-22.143,-9.569,-3.212,6.796
Mpro,8p58,X77,408,1,B,4932,H111,-19.876,-9.125,-2.852,1.699
Mpro,8p58,X77,408,1,B,4934,H122,-19.364,-11.903,-3.296,0.849
Mpro,8p58,X77,408,1,B,4935,H151,-15.285,-12.258,-8.329,4.247
Mpro,8p58,X77,408,1,B,4936,H161,-13.785,-11.096,-9.672,3.398
Mpro,8p58,X77,408,1,B,4939,H211,-17.125,-14.192,-3.37,13.592
Mpro,8p58,X77,408,1,B,4940,H221,-18.159,-13.805,-1.341,0.849
Mpro,8p58,X77,408,1,B,4947,H272,-16.618,-13.485,1.607,0.849
Mpro,8p58,X77,408,1,B,4948,H273,-17.954,-14.065,0.975,1.699
Mpro,8p58,X77,408,1,B,4954,H061,-18.085,-12.237,-5.925,9.344
Mpro,8p5c,9M5,401,1,A,4680,C02,21.913,6.12,-24.742,2.415
Mpro,8p5c,9M5,401,1,A,4688,C12,22.092,4.7,-30.66,1.208
Mpro,8p5c,9M5,401,1,A,4690,C15,18.677,6.523,-25.595,1.208
Mpro,8p5c,9M5,401,1,A,4691,C16,17.38,6.637,-25.168,1.208
Mpro,8p5c,9M5,401,1,A,4696,C22,22.069,8.734,-28.619,3.623
Mpro,8p5c,9M5,401,1,A,4699,C25,23.135,10.544,-30.509,8.453
Mpro,8p5c,9M5,401,1,A,4701,C27,25.159,10.397,-29.083,9.661
Mpro,8p5c,9M5,401,1,A,4703,C29,23.552,6.823,-27.302,1.208
Mpro,8p5c,9M5,401,1,A,4705,C31,23.592,7.216,-23.185,6.038
Mpro,8p5c,9M5,401,1,A,4706,C33,23.658,9.168,-24.15,4.831
Mpro,8p5c,9M5,401,1,A,4710,N32,24.158,8.457,-23.136,26.246
Mpro,8p5c,9M5,401,1,A,4712,O01,21.513,5.299,-23.943,2.143
Mpro,8p5c,9M5,401,1,A,4713,O13,19.786,5.175,-28.791,1.071
Mpro,8p5c,9M5,401,1,A,4715,H071,23.297,4.677,-29.011,0.849
Mpro,8p5c,9M5,401,1,A,4716,H081,24.215,2.776,-29.329,4.247
Mpro,8p5c,9M5,401,1,A,4720,H102,24.867,3.648,-31.734,2.548
Mpro,8p5c,9M5,401,1,A,4722,H112,22.782,5.143,-32.562,4.247
Mpro,8p5c,9M5,401,1,A,4725,H121,21.73,5.588,-30.452,2.548
Mpro,8p5c,9M5,401,1,A,4727,H161,17.041,7.465,-24.873,6.796
Mpro,8p5c,9M5,401,1,A,4730,H211,20.528,7.992,-27.536,6.796
Mpro,8p5c,9M5,401,1,A,4731,H221,21.558,9.395,-29.055,11.893
Mpro,8p5c,9M5,401,1,A,4732,H252,23.6,11.112,-31.148,11.893
Mpro,8p5c,9M5,401,1,A,4733,H253,22.726,11.097,-29.822,13.592
Mpro,8p5c,9M5,401,1,A,4734,H251,22.444,10.037,-30.97,11.043
Mpro,8p5c,9M5,401,1,A,4738,H273,25.42,11.176,-29.604,16.14
Mpro,8p5c,9M5,401,1,A,4739,H271,25.944,9.85,-28.906,4.247
Mpro,8p5c,9M5,401,1,A,4740,H272,24.772,10.688,-28.239,9.344
Mpro,8p5c,9M5,401,1,A,4741,H281,25.069,7.586,-28.383,2.548
Mpro,8p5c,9M5,401,1,A,4742,H291,24.07,6.171,-26.861,12.742
Mpro,8p5c,9M5,401,1,A,4743,H311,23.766,6.504,-22.585,12.742
Mpro,8p5c,9M5,401,1,A,4744,H331,23.902,10.085,-24.338,19.538
Mpro,8p5c,9M5,401,1,B,4648,C02,-14.029,-15.06,-4.87,2.415
Mpro,8p5c,9M5,401,1,B,4663,C21,-17.172,-13.496,-5.374,2.415
Mpro,8p5c,9M5,401,1,B,4664,C22,-18.54,-13.661,-5.298,2.415
Mpro,8p5c,9M5,401,1,B,4667,C25,-21.299,-14.236,-5.616,10.869
Mpro,8p5c,9M5,401,1,B,4668,C26,-21.21,-13.788,-3.175,1.208
Mpro,8p5c,9M5,401,1,B,4669,C27,-21.034,-16.113,-4.041,6.038
Mpro,8p5c,9M5,401,1,B,4670,C28,-18.287,-15.174,-3.501,1.208
Mpro,8p5c,9M5,401,1,B,4673,C31,-13.805,-17.558,-5.215,10.869
Mpro,8p5c,9M5,401,1,B,4674,C33,-15.864,-17.951,-5.779,8.453
Mpro,8p5c,9M5,401,1,B,4678,N32,-14.68,-18.531,-5.591,22.965
Mpro,8p5c,9M5,401,1,B,4680,O01,-12.831,-14.867,-4.862,4.286
Mpro,8p5c,9M5,401,1,B,4683,H071,-16.531,-12.861,-1.408,0.849
Mpro,8p5c,9M5,401,1,B,4684,H081,-15.57,-12.542,0.49,2.548
Mpro,8p5c,9M5,401,1,B,4690,H112,-19.2,-10.557,-0.844,4.247
Mpro,8p5c,9M5,401,1,B,4693,H121,-17.679,-11.197,-2.597,4.247
Mpro,8p5c,9M5,401,1,B,4694,H151,-14.856,-13.175,-7.133,0.849
Mpro,8p5c,9M5,401,1,B,4695,H161,-13.98,-12.081,-8.994,5.946
Mpro,8p5c,9M5,401,1,B,4698,H211,-16.803,-12.927,-6.028,3.398
Mpro,8p5c,9M5,401,1,B,4699,H221,-19.091,-13.185,-5.898,11.043
Mpro,8p5c,9M5,401,1,B,4700,H252,-22.257,-14.397,-5.574,15.291
Mpro,8p5c,9M5,401,1,B,4701,H253,-20.916,-14.752,-6.346,16.99
Mpro,8p5c,9M5,401,1,B,4702,H251,-21.137,-13.289,-5.77,11.893
Mpro,8p5c,9M5,401,1,B,4703,H261,-22.183,-13.812,-3.197,1.699
Mpro,8p5c,9M5,401,1,B,4704,H262,-20.907,-12.871,-3.291,5.097
Mpro,8p5c,9M5,401,1,B,4706,H273,-21.995,-16.22,-4.143,12.742
Mpro,8p5c,9M5,401,1,B,4707,H271,-20.776,-16.363,-3.136,3.398
Mpro,8p5c,9M5,401,1,B,4708,H272,-20.575,-16.688,-4.678,15.291
Mpro,8p5c,9M5,401,1,B,4709,H281,-18.662,-15.752,-2.857,9.344
Mpro,8p5c,9M5,401,1,B,4710,H291,-16.365,-15.515,-2.962,12.742
Mpro,8p5c,9M5,401,1,B,4711,H311,-12.886,-17.685,-5.019,9.344
Mpro,8p5c,9M5,401,1,B,4712,H331,-16.663,-18.428,-6.045,19.538
Mpro,8p5a,X77,406,1,B,4696,C02,-13.996,-14.367,-4.557,3.623
Mpro,8p5a,X77,406,1,B,4700,C08,-20.002,-11.241,-5.999,1.208
Mpro,8p5a,X77,406,1,B,4701,C09,-21.142,-10.505,-5.301,3.623
Mpro,8p5a,X77,406,1,B,4702,C10,-21.406,-11.092,-3.933,1.208
Mpro,8p5a,X77,406,1,B,4706,C15,-14.509,-12.065,-7.915,1.208
Mpro,8p5a,X77,406,1,B,4720,C30,-13.552,-15.131,-3.396,2.415
Mpro,8p5a,X77,406,1,B,4721,C31,-13.896,-15.16,-2.082,3.623
Mpro,8p5a,X77,406,1,B,4722,C33,-12.321,-16.606,-2.423,6.038
Mpro,8p5a,X77,406,1,B,4726,N32,-13.1,-16.09,-1.486,3.281
Mpro,8p5a,X77,406,1,B,4727,N34,-12.552,-16.067,-3.592,6.562
Mpro,8p5a,X77,406,1,B,4728,O01,-13.574,-14.664,-5.656,2.143
Mpro,8p5a,X77,406,1,B,4730,H041,-15.856,-13.369,-6.175,1.699
Mpro,8p5a,X77,406,1,B,4732,H081,-19.944,-10.956,-6.935,18.689
Mpro,8p5a,X77,406,1,B,4733,H082,-20.167,-12.208,-5.978,11.043
Mpro,8p5a,X77,406,1,B,4734,H091,-21.956,-10.57,-5.847,21.237
Mpro,8p5a,X77,406,1,B,4735,H092,-20.91,-9.555,-5.21,9.344
Mpro,8p5a,X77,406,1,B,4736,H101,-22.109,-11.773,-3.996,7.645
Mpro,8p5a,X77,406,1,B,4737,H102,-21.717,-10.386,-3.326,4.247
Mpro,8p5a,X77,406,1,B,4738,H112,-20.059,-12.631,-3.722,6.796
Mpro,8p5a,X77,406,1,B,4741,H122,-19.025,-9.977,-3.493,5.097
Mpro,8p5a,X77,406,1,B,4742,H151,-15.158,-12.635,-8.293,4.247
Mpro,8p5a,X77,406,1,B,4743,H161,-13.729,-11.444,-9.65,3.398
Mpro,8p5a,X77,406,1,B,4746,H211,-16.998,-14.508,-3.401,11.893
Mpro,8p5a,X77,406,1,B,4748,H251,-19.279,-11.235,-0.227,0.849
Mpro,8p5a,X77,406,1,B,4754,H272,-16.768,-14.073,1.072,2.548
Mpro,8p5a,X77,406,1,B,4761,H061,-17.829,-12.585,-6.093,7.645
Mpro,8r11,XI0,401,1,A,2389,C5,-20.438,-4.285,-28.832,1.208
Mpro,8r11,XI0,401,1,A,2390,C6,-22.867,-3.958,-28.298,9.661
Mpro,8r11,XI0,401,1,A,2391,C7,-24.088,-4.085,-29.196,14.492
Mpro,8r11,XI0,401,1,A,2392,C8,-23.672,-5.109,-30.25,20.53
Mpro,8r11,XI0,401,1,A,2397,O,-19.534,-4.59,-29.605,5.357
Mpro,8r11,XI0,401,1,A,2399,C2,-18.371,-5.522,-26.73,3.623
Mpro,8r11,XI0,401,1,A,2402,C,-16.704,-7.265,-25.972,20.53
Mpro,8r11,XI0,401,1,A,2403,N,-21.737,-4.303,-29.189,1.094
Mpro,8r11,XI0,401,1,A,2404,C9,-22.194,-4.766,-30.514,6.038
Mpro,8r11,XI0,401,1,A,2407,C12,-21.898,-3.273,-33.978,1.208
Mpro,8r11,XI0,401,1,A,2408,C11,-22.038,-4.173,-32.932,3.623
Mpro,8r11,XI0,701,1,B,2382,C4,14.875,11.408,-4.372,1.208
Mpro,8r11,XI0,701,1,B,2383,C5,16.234,10.946,-3.879,2.415
Mpro,8r11,XI0,701,1,B,2384,C6,16.17,12.855,-2.275,15.699
Mpro,8r11,XI0,701,1,B,2385,C7,17.1,13.194,-1.124,15.699
Mpro,8r11,XI0,701,1,B,2386,C8,18.464,12.703,-1.617,19.322
Mpro,8r11,XI0,701,1,B,2391,O,16.805,9.967,-4.35,8.572
Mpro,8r11,XI0,701,1,B,2393,C2,15.097,11.271,-6.894,2.415
Mpro,8r11,XI0,701,1,B,2396,C,15.403,11.198,-9.403,21.737
Mpro,8r11,XI0,701,1,B,2398,C9,18.124,11.37,-2.306,6.038
Mpro,8r11,XI0,701,1,B,2401,C12,19.469,8.522,-0.193,4.831
Mpro,8r11,XI0,701,1,B,2402,C11,19.389,9.582,-1.078,3.623
Mpro,8p86,ALD,401,1,A,4608,C9,20.032,6.928,-33.487,1.208
Mpro,8p86,ALD,401,1,A,4609,O31,21.208,7.226,-33.705,1.071
Mpro,8p86,ALD,401,1,A,4610,O8,19.161,6.577,-34.583,1.071
Mpro,8p86,ALD,401,1,A,4613,C4,20.499,8.935,-36.633,2.415
Mpro,8p86,ALD,401,1,A,4614,C5,20.253,10.201,-37.165,6.038
Mpro,8p86,ALD,401,1,A,4615,C6,18.961,10.552,-37.554,4.831
Mpro,8p86,ALD,401,1,A,4616,C1,17.922,9.646,-37.406,1.208
Mpro,8p86,ALD,401,1,A,4617,C2,18.167,8.389,-36.876,1.208
Mpro,8p86,ALD,401,1,A,4624,C32,21.48,9.663,-29.599,3.623
Mpro,8p86,ALD,401,1,A,4625,C33,19.308,9.694,-28.305,4.831
Mpro,8p86,ALD,401,1,A,4629,O34,22.365,5.916,-27.182,15.0
Mpro,8p86,ALD,401,1,A,4630,C24,23.476,4.183,-29.385,1.208
Mpro,8p86,ALD,401,1,A,4644,H4,21.502,8.658,-36.333,0.849
Mpro,8p86,ALD,401,1,A,4645,H5,21.065,10.91,-37.275,21.237
Mpro,8p86,ALD,401,1,A,4646,H6,18.769,11.533,-37.971,26.334
Mpro,8p86,ALD,401,1,A,4647,H1,16.918,9.92,-37.705,5.946
Mpro,8p86,ALD,401,1,A,4652,H302,19.259,9.141,-31.016,12.742
Mpro,8p86,ALD,401,1,A,4654,H321,21.294,10.697,-29.465,19.538
Mpro,8p86,ALD,401,1,A,4655,H322,21.673,9.468,-30.622,4.247
Mpro,8p86,ALD,401,1,A,4656,H323,22.32,9.377,-29.021,12.742
Mpro,8p86,ALD,401,1,A,4657,H331,18.908,9.094,-27.53,2.548
Mpro,8p86,ALD,401,1,A,4658,H332,18.521,10.057,-28.913,16.99
Mpro,8p86,ALD,401,1,A,4659,H333,19.834,10.511,-27.883,16.14
Mpro,8p86,ALD,401,1,A,4663,H242,24.116,5.049,-29.204,1.699
Mpro,8p86,ALD,401,1,A,4670,H273,25.747,3.65,-30.207,0.849
Mpro,8p86,ALD,401,1,A,4672,H17,21.133,5.324,-25.214,2.548
Mpro,8p86,ALD,401,1,A,4673,H221,22.511,3.26,-24.98,4.247
Mpro,8p86,ALD,401,1,A,4678,H202,18.047,7.377,-24.997,5.946
Mpro,8p86,ALD,401,1,A,4679,H203,19.381,7.39,-26.096,0.849
Mpro,8p86,ALD,401,1,A,4683,HOX,21.505,4.274,-23.098,4.247
Mpro,8p87,X77,404,1,A,4736,C02,21.705,4.846,-25.045,1.208
Mpro,8p87,X77,404,1,A,4740,C08,20.293,8.795,-30.682,2.415
Mpro,8p87,X77,404,1,A,4741,C09,20.207,8.98,-32.195,3.623
Mpro,8p87,X77,404,1,A,4743,C11,20.966,6.624,-32.535,1.208
Mpro,8p87,X77,404,1,A,4746,C15,18.082,6.593,-25.599,1.208
Mpro,8p87,X77,404,1,A,4757,C27,26.097,3.259,-30.472,2.415
Mpro,8p87,X77,404,1,A,4760,C30,22.963,4.212,-24.653,2.415
Mpro,8p87,X77,404,1,A,4761,C31,23.961,3.564,-25.326,4.831
Mpro,8p87,X77,404,1,A,4762,C33,24.416,3.566,-23.189,7.246
Mpro,8p87,X77,404,1,A,4764,N06,20.184,7.179,-28.844,1.094
Mpro,8p87,X77,404,1,A,4766,N32,24.872,3.165,-24.386,2.187
Mpro,8p87,X77,404,1,A,4767,N34,23.266,4.195,-23.295,6.562
Mpro,8p87,X77,404,1,A,4770,H041,20.612,6.739,-26.254,0.849
Mpro,8p87,X77,404,1,A,4771,H071,19.161,7.076,-30.572,0.849
Mpro,8p87,X77,404,1,A,4772,H081,19.615,9.352,-30.245,19.538
Mpro,8p87,X77,404,1,A,4773,H082,21.176,9.085,-30.367,15.291
Mpro,8p87,X77,404,1,A,4774,H091,20.398,9.916,-32.422,18.689
Mpro,8p87,X77,404,1,A,4775,H092,19.295,8.774,-32.498,10.194
Mpro,8p87,X77,404,1,A,4777,H102,21.089,8.181,-33.881,9.344
Mpro,8p87,X77,404,1,A,4779,H111,20.079,6.339,-32.848,5.097
Mpro,8p87,X77,404,1,A,4781,H122,21.968,6.634,-30.72,0.849
Mpro,8p87,X77,404,1,A,4782,H151,18.358,7.493,-25.669,5.097
Mpro,8p87,X77,404,1,A,4783,H161,16.289,6.956,-24.722,5.097
Mpro,8p87,X77,404,1,A,4786,H211,23.468,6.216,-27.553,14.441
Mpro,8p87,X77,404,1,A,4787,H221,24.747,5.498,-29.34,0.849
Mpro,8p87,X77,404,1,A,4794,H272,26.208,2.632,-29.737,1.699
Mpro,8p87,X77,404,1,A,4800,H331,24.878,3.411,-22.353,2.548
Mpro,8p87,X77,404,1,A,4801,H061,20.361,7.881,-28.35,8.495
Mpro,8r12,XH9,401,1,A,2372,C15,-18.385,-6.218,-25.254,6.038
Mpro,8r12,XH9,401,1,A,2374,C22,-22.137,-4.763,-31.669,6.038
Mpro,8r12,XH9,401,1,A,2375,C24,-21.355,-3.956,-33.811,7.246
Mpro,8r12,XH9,401,1,A,2382,C07,-23.716,-4.467,-28.234,13.284
Mpro,8r12,XH9,401,1,A,2383,C08,-23.754,-4.115,-26.751,18.114
Mpro,8r12,XH9,401,1,A,2384,C09,-22.855,-4.909,-25.802,14.492
Mpro,8r12,XH9,401,1,A,2385,C11,-20.979,-5.196,-27.464,14.492
Mpro,8r12,XH9,401,1,A,2388,CL17,-16.32,-8.008,-25.386,33.666
Mpro,8r12,XH9,401,1,A,2391,O21,-20.816,-4.6,-23.906,1.071
Mpro,8r12,XH9,401,1,A,2392,C23,-21.623,-5.006,-32.942,12.076
Mpro,8r12,XH9,401,1,B,2348,C15,14.152,12.328,-7.166,4.831
Mpro,8r12,XH9,401,1,B,2350,C22,18.585,10.682,-1.262,7.246
Mpro,8r12,XH9,401,1,B,2351,C24,19.44,8.566,-0.515,7.246
Mpro,8r12,XH9,401,1,B,2358,C07,16.25,13.619,-1.307,7.246
Mpro,8r12,XH9,401,1,B,2359,C08,14.946,14.354,-1.61,16.907
Mpro,8r12,XH9,401,1,B,2360,C09,14.666,14.614,-3.087,25.36
Mpro,8r12,XH9,401,1,B,2361,C11,15.593,12.411,-3.918,16.907
Mpro,8r12,XH9,401,1,B,2364,CL17,14.988,11.469,-9.669,28.679
Mpro,8r12,XH9,401,1,B,2367,O21,12.69,14.219,-4.995,2.143
Mpro,8r12,XH9,401,1,B,2368,C23,19.578,9.704,-1.302,15.699
Mpro,8r14,XHW,401,1,A,2402,N3,-22.702,-3.748,-28.551,1.094
Mpro,8r14,XHW,401,1,A,2405,C6,-18.372,-5.98,-25.142,3.623
Mpro,8r14,XHW,401,1,A,2406,C7,-20.992,-4.929,-27.177,13.284
Mpro,8r14,XHW,401,1,A,2409,C13,-21.376,-3.449,-33.508,4.831
Mpro,8r14,XHW,401,1,A,2411,C17,-23.718,-4.757,-26.475,31.398
Mpro,8r14,XHW,401,1,A,2412,O1,-20.696,-4.199,-23.687,2.143
Mpro,8r14,XHW,401,1,A,2416,CL1,-16.286,-7.667,-25.235,31.172
Mpro,8r14,XHW,401,1,A,2419,C11,-21.953,-4.213,-31.298,10.869
Mpro,8r14,XHW,401,1,A,2420,C12,-21.451,-4.463,-32.575,4.831
Mpro,8r14,XHW,401,1,A,2423,C16,-23.668,-3.593,-27.447,7.246
Mpro,8r14,XHW,401,1,A,2424,C18,-22.714,-4.7,-25.374,16.907
Mpro,8r14,XHW,701,1,B,2361,N3,16.358,12.383,-1.482,1.094
Mpro,8r14,XHW,701,1,B,2364,C6,14.405,12.326,-7.119,9.661
Mpro,8r14,XHW,701,1,B,2365,C7,15.755,12.391,-3.913,15.699
Mpro,8r14,XHW,701,1,B,2368,C13,19.363,8.414,-0.373,4.831
Mpro,8r14,XHW,701,1,B,2370,C17,15.864,14.739,-2.216,32.606
Mpro,8r14,XHW,701,1,B,2371,O1,12.821,14.166,-4.977,1.071
Mpro,8r14,XHW,701,1,B,2375,CL1,15.083,11.545,-9.593,29.926
Mpro,8r14,XHW,701,1,B,2376,N2,14.727,13.405,-4.103,1.094
Mpro,8r14,XHW,701,1,B,2378,C11,18.508,10.485,-1.225,10.869
Mpro,8r14,XHW,701,1,B,2379,C12,19.457,9.48,-1.25,6.038
Mpro,8r14,XHW,701,1,B,2382,C16,15.761,13.671,-1.129,8.453
Mpro,8r14,XHW,701,1,B,2383,C18,14.773,14.626,-3.264,10.869
Mpro,8r16,XJ9,401,1,A,2403,C4,-19.927,-4.812,-27.055,2.415
Mpro,8r16,XJ9,401,1,A,2404,C5,-20.033,-5.112,-28.537,1.208
Mpro,8r16,XJ9,401,1,A,2405,C6,-22.521,-4.846,-28.325,24.153
Mpro,8r16,XJ9,401,1,A,2406,C7,-23.023,-3.493,-28.776,6.038
Mpro,8r16,XJ9,401,1,A,2407,C8,-22.982,-3.361,-30.28,1.208
Mpro,8r16,XJ9,401,1,A,2408,C10,-21.434,-5.357,-30.47,19.322
Mpro,8r16,XJ9,401,1,A,2411,O,-19.047,-5.312,-29.225,5.357
Mpro,8r16,XJ9,401,1,A,2412,N,-21.28,-5.166,-29.038,1.094
Mpro,8r16,XJ9,401,1,A,2413,C11,-22.184,-4.207,-31.07,1.208
Mpro,8r16,XJ9,401,1,A,2414,C12,-22.178,-4.04,-32.445,2.415
Mpro,8r16,XJ9,401,1,A,2415,CL,-22.711,-2.767,-34.716,2.494
Mpro,8r16,XJ9,401,1,A,2420,C2,-17.972,-6.221,-26.304,3.623
Mpro,8r16,XJ9,401,1,A,2423,C,-16.071,-7.725,-25.596,18.114
Mpro,8r16,XJ9,401,1,B,2366,C4,15.027,12.005,-5.258,3.623
Mpro,8r16,XJ9,401,1,B,2367,C5,16.27,11.259,-4.805,3.623
Mpro,8r16,XJ9,401,1,B,2368,C6,16.545,12.987,-3.01,24.153
Mpro,8r16,XJ9,401,1,B,2369,C7,16.069,12.556,-1.644,8.453
Mpro,8r16,XJ9,401,1,B,2371,C10,18.089,11.062,-3.236,19.322
Mpro,8r16,XJ9,401,1,B,2374,O,16.615,10.198,-5.331,5.357
Mpro,8r16,XJ9,401,1,B,2375,N,16.937,11.788,-3.76,2.187
Mpro,8r16,XJ9,401,1,B,2376,C11,17.949,10.841,-1.753,2.415
Mpro,8r16,XJ9,401,1,B,2377,C12,18.74,9.888,-1.12,14.492
Mpro,8r16,XJ9,401,1,B,2378,CL,19.679,8.512,0.987,4.988
Mpro,8r16,XJ9,401,1,B,2383,C2,14.963,11.688,-7.753,3.623
Mpro,8r16,XJ9,401,1,B,2386,C,15.033,11.42,-10.258,14.492
Mpro,8r1q,O6K,401,1,A,2370,O26,31.862,17.007,34.724,21.429
Mpro,8r1q,O6K,401,1,A,2371,C24,30.648,17.203,34.65,4.831
Mpro,8r1q,O6K,401,1,A,2372,O25,29.805,17.09,35.694,1.071
Mpro,8r1q,O6K,401,1,A,2374,C31,28.955,16.749,37.849,6.038
Mpro,8r1q,O6K,401,1,A,2375,C32,30.842,15.348,36.998,42.267
Mpro,8r1q,O6K,401,1,A,2376,C33,31.24,17.789,37.594,43.475
Mpro,8r1q,O6K,401,1,A,2377,N23,30.161,17.59,33.434,2.187
Mpro,8r1q,O6K,401,1,A,2378,C19,30.767,18.085,32.347,6.038
Mpro,8r1q,O6K,401,1,A,2379,C21,29.993,18.326,31.188,4.831
Mpro,8r1q,O6K,401,1,A,2381,C18,32.206,18.384,32.208,12.076
Mpro,8r1q,O6K,401,1,A,2382,C17,32.764,18.865,31.085,8.453
Mpro,8r1q,O6K,401,1,A,2383,C16,31.957,19.109,29.928,2.415
Mpro,8r1q,O6K,401,1,A,2391,O37,30.762,17.036,28.19,11.786
Mpro,8r1q,O6K,401,1,A,2398,N49,27.508,12.728,29.99,1.094
Mpro,8r1q,O6K,401,1,A,2399,C51,28.952,12.601,29.69,20.53
Mpro,8r1q,O6K,401,1,A,2400,C54,29.127,13.555,28.483,1.208
Mpro,8r1q,O6K,401,1,A,2402,O40,29.357,17.613,24.893,1.071
Mpro,8r1q,O6K,401,1,A,2405,N36,30.189,15.764,23.32,1.094
Mpro,8r1q,O6K,401,1,A,2408,C28,32.482,14.472,24.299,8.453
Mpro,8r1q,O6K,401,1,A,2409,C26,33.541,13.831,24.955,19.322
Mpro,8r1q,O6K,401,1,A,2410,C25,34.248,12.827,24.298,21.737
Mpro,8r1q,O6K,401,1,A,2411,C23,33.886,12.473,22.99,30.191
Mpro,8r1q,O6K,401,1,A,2412,C15,32.825,13.127,22.349,9.661
Mpro,8r1q,O6K,401,1,B,2370,O26,-10.455,-11.811,28.393,20.358
Mpro,8r1q,O6K,401,1,B,2371,C24,-9.225,-11.741,28.406,3.623
Mpro,8r1q,O6K,401,1,B,2372,O25,-8.518,-11.253,29.445,1.071
Mpro,8r1q,O6K,401,1,B,2374,C31,-10.085,-9.622,30.405,38.644
Mpro,8r1q,O6K,401,1,B,2375,C32,-9.827,-11.956,31.435,30.191
Mpro,8r1q,O6K,401,1,B,2376,C33,-7.955,-10.281,31.584,16.907
Mpro,8r1q,O6K,401,1,B,2377,N23,-8.56,-12.194,27.289,3.281
Mpro,8r1q,O6K,401,1,B,2378,C19,-8.965,-12.464,26.044,3.623
Mpro,8r1q,O6K,401,1,B,2379,C21,-8.134,-12.12,24.927,2.415
Mpro,8r1q,O6K,401,1,B,2381,C18,-10.232,-13.118,25.685,13.284
Mpro,8r1q,O6K,401,1,B,2382,C17,-10.613,-13.386,24.424,7.246
Mpro,8r1q,O6K,401,1,B,2383,C16,-9.773,-13.037,23.316,7.246
Mpro,8r1q,O6K,401,1,B,2387,C29,-7.634,-14.329,21.111,1.208
Mpro,8r1q,O6K,401,1,B,2391,O37,-8.827,-10.012,22.406,17.143
Mpro,8r1q,O6K,401,1,B,2399,C51,-7.171,-5.659,25.074,7.246
Mpro,8r1q,O6K,401,1,B,2400,C54,-7.268,-6.516,23.775,2.415
Mpro,8r1q,O6K,401,1,B,2402,O40,-6.989,-9.447,19.286,2.143
Mpro,8r1q,O6K,401,1,B,2405,N36,-7.819,-7.221,18.123,1.094
Mpro,8r1q,O6K,401,1,B,2407,C14,-9.642,-5.476,18.245,1.208
Mpro,8r1q,O6K,401,1,B,2408,C28,-10.098,-6.091,19.42,12.076
Mpro,8r1q,O6K,401,1,B,2409,C26,-11.129,-5.576,20.217,19.322
Mpro,8r1q,O6K,401,1,B,2410,C25,-11.755,-4.395,19.847,19.322
Mpro,8r1q,O6K,401,1,B,2411,C23,-11.336,-3.745,18.681,30.191
Mpro,8r1q,O6K,401,1,B,2412,C15,-10.299,-4.276,17.895,12.076
Mpro,8r26,O6K,401,1,B,2371,O26,-42.086,-0.493,-26.666,23.572
Mpro,8r26,O6K,401,1,B,2372,C24,-40.913,-0.334,-26.611,1.208
Mpro,8r26,O6K,401,1,B,2375,C31,-41.935,-0.465,-23.708,45.89
Mpro,8r26,O6K,401,1,B,2376,C32,-39.482,-0.582,-23.181,16.907
Mpro,8r26,O6K,401,1,B,2377,C33,-40.535,-2.41,-24.574,24.153
Mpro,8r26,O6K,401,1,B,2378,N23,-40.112,-0.265,-27.821,4.374
Mpro,8r26,O6K,401,1,B,2379,C19,-40.666,0.236,-29.073,2.415
Mpro,8r26,O6K,401,1,B,2380,C21,-39.82,1.115,-29.927,1.208
Mpro,8r26,O6K,401,1,B,2382,C18,-41.961,-0.12,-29.493,10.869
Mpro,8r26,O6K,401,1,B,2383,C17,-42.48,0.382,-30.754,4.831
Mpro,8r26,O6K,401,1,B,2384,C16,-41.671,1.237,-31.58,3.623
Mpro,8r26,O6K,401,1,B,2392,O37,-40.634,4.272,-31.14,16.072
Mpro,8r26,O6K,401,1,B,2400,C51,-38.9,6.444,-26.584,7.246
Mpro,8r26,O6K,401,1,B,2401,C54,-39.246,6.131,-28.094,3.623
Mpro,8r26,O6K,401,1,B,2403,O40,-38.858,6.309,-33.426,2.143
Mpro,8r26,O6K,401,1,B,2407,C13,-40.336,8.989,-33.582,2.415
Mpro,8r26,O6K,401,1,B,2408,C14,-41.447,9.675,-32.75,2.415
Mpro,8r26,O6K,401,1,B,2409,C28,-41.685,10.971,-32.892,2.415
Mpro,8r26,O6K,401,1,B,2410,C26,-42.783,11.651,-32.054,28.983
Mpro,8r26,O6K,401,1,B,2411,C25,-43.495,10.949,-31.184,25.36
Mpro,8r26,O6K,401,1,B,2412,C23,-43.212,9.449,-31.019,19.322
Mpro,8r26,O6K,401,1,B,2413,C15,-42.262,8.863,-31.737,13.284
Mpro,8r26,O6K,401,1,A,2362,O26,0.334,22.035,-6.703,20.358
Mpro,8r26,O6K,401,1,A,2363,C24,-0.794,21.976,-7.052,6.038
Mpro,8r26,O6K,401,1,A,2364,O25,-1.654,20.918,-6.697,3.214
Mpro,8r26,O6K,401,1,A,2366,C31,-0.196,19.465,-5.426,48.305
Mpro,8r26,O6K,401,1,A,2367,C32,-2.639,19.219,-5.353,9.661
Mpro,8r26,O6K,401,1,A,2368,C33,-1.564,21.217,-4.22,26.568
Mpro,8r26,O6K,401,1,A,2369,N23,-1.351,23.039,-7.874,3.281
Mpro,8r26,O6K,401,1,A,2370,C19,-0.539,23.979,-8.658,6.038
Mpro,8r26,O6K,401,1,A,2373,C18,0.843,24.21,-8.484,10.869
Mpro,8r26,O6K,401,1,A,2374,C17,1.515,25.181,-9.33,8.453
Mpro,8r26,O6K,401,1,A,2375,C16,0.785,25.918,-10.337,3.623
Mpro,8r26,O6K,401,1,A,2383,O37,-0.538,24.788,-13.017,10.715
Mpro,8r26,O6K,401,1,A,2391,C51,-2.495,20.216,-13.895,19.322
Mpro,8r26,O6K,401,1,A,2392,C54,-2.202,21.771,-13.943,6.038
Mpro,8r26,O6K,401,1,A,2398,C13,-0.376,26.09,-17.95,3.623
Mpro,8r26,O6K,401,1,A,2399,C14,0.676,25.0,-18.253,1.208
Mpro,8r26,O6K,401,1,A,2400,C28,1.083,24.789,-19.502,2.415
Mpro,8r26,O6K,401,1,A,2401,C26,2.121,23.686,-19.777,31.398
Mpro,8r26,O6K,401,1,A,2402,C25,2.578,22.93,-18.781,24.153
Mpro,8r26,O6K,401,1,A,2403,C23,2.085,23.154,-17.34,18.114
Mpro,8r26,O6K,401,1,A,2404,C15,1.193,24.111,-17.098,9.661
Mpro,8r26,O6K,401,1,C,2362,O26,-41.173,31.079,-67.598,20.358
Mpro,8r26,O6K,401,1,C,2363,C24,-40.106,31.59,-67.523,6.038
Mpro,8r26,O6K,401,1,C,2364,O25,-39.302,31.54,-66.352,4.286
Mpro,8r26,O6K,401,1,C,2366,C31,-40.795,30.646,-64.68,47.098
Mpro,8r26,O6K,401,1,C,2367,C32,-38.345,30.666,-64.351,13.284
Mpro,8r26,O6K,401,1,C,2368,C33,-39.356,29.083,-66.075,27.775
Mpro,8r26,O6K,401,1,C,2369,N23,-39.548,32.253,-68.697,2.187
Mpro,8r26,O6K,401,1,C,2370,C19,-40.377,32.784,-69.788,6.038
Mpro,8r26,O6K,401,1,C,2373,C18,-41.77,32.641,-69.903,12.076
Mpro,8r26,O6K,401,1,C,2374,C17,-42.464,33.214,-71.043,9.661
Mpro,8r26,O6K,401,1,C,2375,C16,-41.74,33.928,-72.065,3.623
Mpro,8r26,O6K,401,1,C,2383,O37,-40.596,36.684,-72.09,9.643
Mpro,8r26,O6K,401,1,C,2391,C51,-38.531,38.419,-67.403,20.53
Mpro,8r26,O6K,401,1,C,2392,C54,-38.913,38.245,-68.924,7.246
Mpro,8r26,O6K,401,1,C,2394,O40,-39.173,38.7,-74.19,1.071
Mpro,8r26,O6K,401,1,C,2398,C13,-40.854,41.158,-74.168,3.623
Mpro,8r26,O6K,401,1,C,2399,C14,-41.895,41.743,-73.189,2.415
Mpro,8r26,O6K,401,1,C,2400,C28,-42.23,43.025,-73.28,2.415
Mpro,8r26,O6K,401,1,C,2401,C26,-43.243,43.625,-72.292,27.775
Mpro,8r26,O6K,401,1,C,2402,C25,-43.778,42.863,-71.346,28.983
Mpro,8r26,O6K,401,1,C,2403,C23,-43.385,41.38,-71.231,16.907
Mpro,8r26,O6K,401,1,C,2404,C15,-42.506,40.861,-72.082,10.869
Mpro,8r26,O6K,401,1,D,2371,O26,1.32,56.339,-50.467,23.572
Mpro,8r26,O6K,401,1,D,2372,C24,0.226,56.114,-50.872,7.246
Mpro,8r26,O6K,401,1,D,2373,O25,-0.416,54.855,-50.789,2.143
Mpro,8r26,O6K,401,1,D,2375,C31,1.132,53.649,-49.275,47.098
Mpro,8r26,O6K,401,1,D,2376,C32,-1.222,52.908,-49.692,12.076
Mpro,8r26,O6K,401,1,D,2377,C33,-0.833,55.013,-48.392,16.907
Mpro,8r26,O6K,401,1,D,2378,N23,-0.549,57.138,-51.545,3.281
Mpro,8r26,O6K,401,1,D,2379,C19,-0.001,58.285,-52.261,4.831
Mpro,8r26,O6K,401,1,D,2381,O22,-2.204,58.454,-53.421,1.071
Mpro,8r26,O6K,401,1,D,2382,C18,1.298,58.782,-52.077,7.246
Mpro,8r26,O6K,401,1,D,2383,C17,1.739,59.94,-52.841,6.038
Mpro,8r26,O6K,401,1,D,2384,C16,0.841,60.567,-53.777,6.038
Mpro,8r26,O6K,401,1,D,2392,O37,-0.503,58.998,-56.326,10.715
Mpro,8r26,O6K,401,1,D,2400,C51,-1.93,54.583,-57.4,13.284
Mpro,8r26,O6K,401,1,D,2401,C54,-1.798,56.155,-57.414,3.623
Mpro,8r26,O6K,401,1,D,2403,O40,-2.064,61.053,-58.99,1.071
Mpro,8r26,O6K,401,1,D,2407,C13,-0.502,60.242,-61.404,6.038
Mpro,8r26,O6K,401,1,D,2408,C14,0.623,59.266,-61.799,2.415
Mpro,8r26,O6K,401,1,D,2409,C28,0.984,59.207,-63.068,4.831
Mpro,8r26,O6K,401,1,D,2410,C26,2.098,58.263,-63.51,31.398
Mpro,8r26,O6K,401,1,D,2411,C25,2.702,57.51,-62.607,24.153
Mpro,8r26,O6K,401,1,D,2412,C23,2.286,57.575,-61.125,18.114
Mpro,8r26,O6K,401,1,D,2413,C15,1.317,58.398,-60.748,10.869
Mpro,8rjv,A04,401,1,A,4748,C15,4.566,2.893,20.313,4.831
Mpro,8rjv,A04,401,1,A,4751,C24,10.566,5.514,24.623,2.415
Mpro,8rjv,A04,401,1,A,4752,C26,12.929,5.9,24.506,1.208
Mpro,8rjv,A04,401,1,A,4765,C25,11.737,5.99,25.191,3.623
Mpro,8rjv,A04,401,1,A,4769,F,6.097,0.872,22.887,12.421
Mpro,8rjv,A04,401,1,A,4772,O3,8.358,-2.159,22.354,11.786
Mpro,8rjv,A04,401,1,A,4773,O4,9.03,3.079,23.059,2.143
Mpro,8rjv,A04,401,1,A,4774,CL,5.703,3.752,22.616,36.16
Mpro,8rjv,A04,401,1,A,4779,H8,11.09,0.821,24.86,1.699
Mpro,8rjv,A04,401,1,A,4783,H14,4.35,3.941,20.111,9.344
Mpro,8rjv,A04,401,1,A,4785,H25,8.468,5.088,23.059,6.796
Mpro,8rjv,A04,401,1,A,4787,H26,9.636,5.594,25.183,20.388
Mpro,8rjv,A04,401,1,A,4788,H28,13.848,6.277,24.951,0.849
Mpro,8rjv,A04,401,1,A,4790,H1,8.658,0.8,23.478,6.796
Mpro,8rjv,A04,401,1,A,4792,H12,5.746,-1.38,22.144,5.946
Mpro,8rjv,A04,401,1,A,4796,H3,10.353,-1.327,23.774,7.645
Mpro,8rjv,A04,401,1,A,4797,H27,11.711,6.438,26.183,16.99
Mpro,8rjv,A04,401,1,A,4799,H23,5.503,-3.906,20.856,5.946
Mpro,8rjy,A05,401,1,A,4685,C8,4.967,1.942,21.941,1.208
Mpro,8rjy,A05,401,1,A,4693,C24,8.841,5.124,23.957,4.831
Mpro,8rjy,A05,401,1,A,4695,C28,13.138,5.747,22.16,1.208
Mpro,8rjy,A05,401,1,A,4696,O,11.711,4.239,25.167,3.214
Mpro,8rjy,A05,401,1,A,4705,C25,7.708,2.968,24.554,2.415
Mpro,8rjy,A05,401,1,A,4706,C27,12.989,5.172,23.418,1.208
Mpro,8rjy,A05,401,1,A,4709,C30,15.107,6.394,23.167,1.208
Mpro,8rjy,A05,401,1,A,4715,O2,8.538,-2.46,22.649,13.929
Mpro,8rjy,A05,401,1,A,4716,S1,14.35,5.503,24.407,11.581
Mpro,8rjy,A05,401,1,A,4717,CL,3.997,3.918,20.38,34.913
Mpro,8rjy,A05,401,1,A,4718,H23,8.942,0.449,23.587,3.398
Mpro,8rjy,A05,401,1,A,4721,H11,5.084,2.71,22.705,7.645
Mpro,8rjy,A05,401,1,A,4726,H17,10.68,-1.759,23.789,7.645
Mpro,8rjy,A05,401,1,A,4727,H18,11.396,0.366,24.963,1.699
Mpro,8rjy,A05,401,1,A,4730,H29,9.402,5.685,23.211,6.796
Mpro,8rjy,A05,401,1,A,4731,H28,9.399,5.193,24.89,11.043
Mpro,8rjy,A05,401,1,A,4732,H27,7.901,5.651,24.109,20.388
Mpro,8rjy,A05,401,1,A,4739,H26,7.055,4.32,22.15,5.097
Mpro,8rjy,A05,401,1,A,4741,H31,7.475,1.932,24.314,3.398
Mpro,8rjy,A05,401,1,A,4742,H30,6.732,3.434,24.685,13.592
Mpro,8rjy,A05,401,1,A,4743,H32,8.114,2.92,25.563,16.14
Mpro,8rjy,A05,401,1,A,4745,H8,5.767,-1.921,22.546,11.043
Mpro,8rjy,A05,401,1,A,4746,H7,4.815,-2.452,21.211,0.849
Mpro,8rjy,A05,401,1,A,4748,H12,5.755,0.368,23.159,6.796
Mpro,8rjy,A05,401,1,A,4750,H37,5.394,-4.232,20.655,5.097
Mpro,8tqh,JX6,401,1,A,2364,C1,-10.529,-18.837,-18.758,19.322
Mpro,8tqh,JX6,401,1,A,2365,C10,-6.012,-12.222,-19.13,1.208
Mpro,8tqh,JX6,401,1,A,2366,C11,-6.123,-14.62,-18.55,4.831
Mpro,8tqh,JX6,401,1,A,2367,C12,-9.773,-16.505,-18.268,1.208
Mpro,8tqh,JX6,401,1,A,2373,C2,-11.968,-18.701,-19.218,3.623
Mpro,8tqh,JX6,401,1,A,2376,C22,-15.067,-16.256,-17.332,2.415
Mpro,8tqh,JX6,401,1,A,2378,C3,-12.891,-19.697,-18.898,14.492
Mpro,8tqh,JX6,401,1,A,2379,C34,-8.22,-13.207,-18.661,2.415
Mpro,8tqh,JX6,401,1,A,2380,C4,-14.211,-19.579,-19.325,21.737
Mpro,8tqh,JX6,401,1,A,2381,C5,-14.605,-18.465,-20.058,22.945
Mpro,8tqh,JX6,401,1,A,2382,C6,-13.685,-17.475,-20.392,15.699
Mpro,8tqh,JX6,401,1,A,2383,C7,-12.367,-17.596,-19.966,12.076
Mpro,8tqh,JX6,401,1,A,2384,C8,-12.348,-11.15,-16.523,3.623
Mpro,8tqh,JX6,401,1,A,2386,N13,-9.099,-15.448,-18.715,4.374
Mpro,8tqh,JX6,401,1,A,2389,O11,-9.766,-17.679,-19.11,16.072
Mpro,8tqh,JX6,401,1,A,2392,O38,-11.169,-13.745,-19.033,16.072
Mpro,8tqh,JX6,401,1,A,2393,O9,-13.659,-10.567,-16.7,7.5
Mpro,8tqj,YHI,401,1,A,2364,C10,-14.253,-18.626,-20.251,20.53
Mpro,8tqj,YHI,401,1,A,2365,C15,-8.046,-13.375,-18.431,1.208
Mpro,8tqj,YHI,401,1,A,2367,C21,-12.406,-12.908,-16.902,1.208
Mpro,8tqj,YHI,401,1,A,2370,C01,-7.541,-14.078,-19.697,6.038
Mpro,8tqj,YHI,401,1,A,2371,C02,-7.981,-15.531,-19.659,9.661
Mpro,8tqj,YHI,401,1,A,2374,O05,-9.477,-17.852,-19.007,3.214
Mpro,8tqj,YHI,401,1,A,2375,C06,-10.259,-19.016,-18.727,10.869
Mpro,8tqj,YHI,401,1,A,2376,C07,-11.668,-18.863,-19.267,3.623
Mpro,8tqj,YHI,401,1,A,2377,C08,-12.619,-19.83,-18.943,14.492
Mpro,8tqj,YHI,401,1,A,2378,C09,-13.916,-19.715,-19.443,20.53
Mpro,8tqj,YHI,401,1,A,2379,C11,-13.306,-17.66,-20.576,16.907
Mpro,8tqj,YHI,401,1,A,2380,C12,-12.011,-17.776,-20.072,10.869
Mpro,8tqj,YHI,401,1,A,2384,C18,-6.074,-14.832,-17.573,1.208
Mpro,8tqj,YHI,401,1,A,2388,C25,-14.971,-16.612,-17.494,3.623
Mpro,8tqj,YHI,401,1,A,2392,C29,-12.426,-11.423,-16.539,6.038
Mpro,8tqj,YHI,401,1,A,2393,O30,-13.749,-10.852,-16.637,5.357
Mpro,8tqj,YHI,401,1,A,2394,O31,-11.02,-14.026,-18.999,17.143
Mpro,8tql,JY0,401,1,A,2364,C1,-10.646,-18.667,-18.778,19.322
Mpro,8tql,JY0,401,1,A,2366,C12,-9.943,-16.327,-18.266,2.415
Mpro,8tql,JY0,401,1,A,2370,C16,-4.94,-14.474,-18.244,1.208
Mpro,8tql,JY0,401,1,A,2374,C2,-12.093,-18.456,-19.195,2.415
Mpro,8tql,JY0,401,1,A,2377,C22,-15.145,-16.001,-17.24,2.415
Mpro,8tql,JY0,401,1,A,2379,C27,-12.494,-10.773,-16.565,6.038
Mpro,8tql,JY0,401,1,A,2380,C3,-13.09,-19.331,-18.759,12.076
Mpro,8tql,JY0,401,1,A,2382,C4,-14.416,-19.119,-19.155,15.699
Mpro,8tql,JY0,401,1,A,2383,C5,-14.729,-18.036,-19.977,21.737
Mpro,8tql,JY0,401,1,A,2384,C6,-13.731,-17.162,-20.41,16.907
Mpro,8tql,JY0,401,1,A,2385,C7,-12.413,-17.374,-20.015,12.076
Mpro,8tql,JY0,401,1,A,2386,C9,-8.832,-12.403,-19.905,16.907
Mpro,8tql,JY0,401,1,A,2387,N13,-9.27,-15.242,-18.666,3.281
Mpro,8tql,JY0,401,1,A,2390,O10,-7.118,-13.731,-18.916,2.143
Mpro,8tql,JY0,401,1,A,2391,O11,-9.899,-17.496,-19.124,8.572
Mpro,8tql,JY0,401,1,A,2393,O28,-13.794,-10.184,-16.715,6.429
Mpro,8tql,JY0,401,1,A,2395,O38,-11.471,-13.464,-18.989,8.572
Mpro,8tqt,K2X,401,1,A,2364,C1,-11.003,-19.239,-18.251,13.284
Mpro,8tqt,K2X,401,1,A,2365,C12,-10.279,-16.894,-17.706,2.415
Mpro,8tqt,K2X,401,1,A,2368,C15,-11.295,-14.098,-17.501,1.208
Mpro,8tqt,K2X,401,1,A,2369,C16,-6.772,-12.623,-18.901,7.246
Mpro,8tqt,K2X,401,1,A,2373,C2,-12.396,-19.121,-18.842,2.415
Mpro,8tqt,K2X,401,1,A,2376,C22,-15.692,-16.791,-16.98,3.623
Mpro,8tqt,K2X,401,1,A,2379,C25,-5.469,-13.997,-16.689,1.208
Mpro,8tqt,K2X,401,1,A,2381,C3,-13.308,-20.169,-18.712,15.699
Mpro,8tqt,K2X,401,1,A,2382,C34,-9.0,-13.444,-18.174,8.453
Mpro,8tqt,K2X,401,1,A,2383,C4,-14.585,-20.066,-19.258,21.737
Mpro,8tqt,K2X,401,1,A,2384,C5,-14.958,-18.911,-19.937,24.153
Mpro,8tqt,K2X,401,1,A,2385,C6,-14.049,-17.864,-20.07,2.415
Mpro,8tqt,K2X,401,1,A,2386,C7,-12.774,-17.972,-19.524,8.453
Mpro,8tqt,K2X,401,1,A,2387,C8,-13.223,-11.549,-16.035,4.831
Mpro,8tqt,K2X,401,1,A,2388,N13,-9.637,-15.796,-18.12,2.187
Mpro,8tqt,K2X,401,1,A,2391,O11,-10.229,-18.077,-18.547,6.429
Mpro,8tqt,K2X,401,1,A,2394,O38,-11.946,-14.271,-18.515,8.572
Mpro,8tqt,K2X,401,1,A,2395,O9,-14.544,-10.972,-16.142,2.143
Mpro,8tqt,K2X,401,1,A,2396,CL1,-14.514,-16.36,-20.938,31.172
Mpro,8ty3,SJF,401,1,A,2364,C1,-6.08,-14.302,-18.093,2.415
Mpro,8ty3,SJF,401,1,A,2365,C10,-6.16,-13.102,-17.155,1.208
Mpro,8ty3,SJF,401,1,A,2366,C11,-9.52,-17.705,-18.673,14.492
Mpro,8ty3,SJF,401,1,A,2368,C13,-7.91,-15.441,-19.332,4.831
Mpro,8ty3,SJF,401,1,A,2371,C16,-7.182,-14.135,-19.132,1.208
Mpro,8ty3,SJF,401,1,A,2374,C2,-7.368,-12.284,-17.612,2.415
Mpro,8ty3,SJF,401,1,A,2377,C22,-15.085,-16.084,-17.284,1.208
Mpro,8ty3,SJF,401,1,A,2379,C3,-11.828,-18.5,-18.901,2.415
Mpro,8ty3,SJF,401,1,A,2380,C34,-8.177,-13.192,-18.515,3.623
Mpro,8ty3,SJF,401,1,A,2381,C4,-12.795,-19.495,-18.747,14.492
Mpro,8ty3,SJF,401,1,A,2382,C5,-14.065,-19.334,-19.301,15.699
Mpro,8ty3,SJF,401,1,A,2383,C6,-14.36,-18.169,-20.022,3.623
Mpro,8ty3,SJF,401,1,A,2384,C7,-13.391,-17.192,-20.173,2.415
Mpro,8ty3,SJF,401,1,A,2385,C8,-12.382,-10.939,-16.44,2.415
Mpro,8ty3,SJF,401,1,A,2386,C9,-12.137,-17.351,-19.614,6.038
Mpro,8ty3,SJF,401,1,A,2390,O1,-10.57,-18.635,-18.363,6.429
Mpro,8ty3,SJF,401,1,A,2393,O38,-11.132,-13.667,-18.885,11.786
Mpro,8ty3,SJF,401,1,A,2394,O9,-13.68,-10.347,-16.631,3.214
Mpro,8ty3,SJF,401,1,A,2395,CL1,-13.724,-15.678,-21.071,26.185
Mpro,8ty3,SJF,401,1,A,2396,CL2,-15.981,-17.921,-20.765,52.37
Mpro,8ty4,SO0,401,1,A,2364,C1,-6.095,-14.263,-18.084,1.208
Mpro,8ty4,SO0,401,1,A,2366,C11,-9.478,-17.668,-18.747,6.038
Mpro,8ty4,SO0,401,1,A,2368,C13,-7.892,-15.45,-19.328,8.453
Mpro,8ty4,SO0,401,1,A,2371,C16,-7.177,-14.128,-19.147,3.623
Mpro,8ty4,SO0,401,1,A,2372,C17,-12.458,-12.453,-16.911,1.208
Mpro,8ty4,SO0,401,1,A,2377,C22,-15.15,-16.12,-17.471,2.415
Mpro,8ty4,SO0,401,1,A,2379,C3,-11.676,-18.95,-18.78,3.623
Mpro,8ty4,SO0,401,1,A,2380,C34,-8.195,-13.176,-18.575,7.246
Mpro,8ty4,SO0,401,1,A,2381,C4,-12.198,-20.164,-18.324,10.869
Mpro,8ty4,SO0,401,1,A,2382,C5,-13.483,-20.55,-18.633,14.492
Mpro,8ty4,SO0,401,1,A,2383,C6,-14.289,-19.732,-19.419,2.415
Mpro,8ty4,SO0,401,1,A,2384,C7,-13.792,-18.525,-19.882,13.284
Mpro,8ty4,SO0,401,1,A,2385,C8,-12.411,-10.968,-16.533,4.831
Mpro,8ty4,SO0,401,1,A,2386,C9,-12.498,-18.126,-19.566,2.415
Mpro,8ty4,SO0,401,1,A,2390,O1,-10.375,-18.717,-18.378,5.357
Mpro,8ty4,SO0,401,1,A,2393,O38,-11.13,-13.692,-18.994,13.929
Mpro,8ty4,SO0,401,1,A,2394,O9,-13.695,-10.337,-16.697,7.5
Mpro,8ty4,SO0,401,1,A,2395,CL1,-12.065,-16.533,-20.263,23.691
Mpro,8ty4,SO0,401,1,A,2396,CL2,-15.975,-20.231,-19.836,58.604
Mpro,8ty5,SQ3,401,1,A,2364,C11,-9.011,-17.26,-18.313,7.246
Mpro,8ty5,SQ3,401,1,A,2366,C13,-7.911,-14.853,-19.375,3.623
Mpro,8ty5,SQ3,401,1,A,2369,C16,-7.286,-13.453,-19.389,1.208
Mpro,8ty5,SQ3,401,1,A,2370,C17,-12.455,-12.072,-16.884,1.208
Mpro,8ty5,SQ3,401,1,A,2375,C22,-15.066,-15.844,-17.448,8.453
Mpro,8ty5,SQ3,401,1,A,2378,C25,-5.979,-14.257,-17.639,1.208
Mpro,8ty5,SQ3,401,1,A,2379,C3,-10.845,-18.783,-18.741,3.623
Mpro,8ty5,SQ3,401,1,A,2380,C34,-8.093,-12.651,-18.421,1.208
Mpro,8ty5,SQ3,401,1,A,2381,C4,-10.283,-19.879,-18.101,12.076
Mpro,8ty5,SQ3,401,1,A,2382,C5,-11.092,-20.914,-17.659,3.623
Mpro,8ty5,SQ3,401,1,A,2383,C6,-12.467,-20.889,-17.893,1.208
Mpro,8ty5,SQ3,401,1,A,2384,C7,-13.03,-19.79,-18.573,14.492
Mpro,8ty5,SQ3,401,1,A,2385,C8,-12.424,-10.573,-16.553,6.038
Mpro,8ty5,SQ3,401,1,A,2386,C9,-12.216,-18.734,-18.993,3.623
Mpro,8ty5,SQ3,401,1,A,2390,O1,-10.028,-17.773,-19.153,5.357
Mpro,8ty5,SQ3,401,1,A,2393,O38,-11.028,-13.213,-18.926,12.858
Mpro,8ty5,SQ3,401,1,A,2394,O9,-13.731,-9.97,-16.684,5.357
Mpro,8ty5,SQ3,401,1,A,2395,CL1,-12.902,-17.309,-19.862,31.172
Mpro,8ty5,SQ3,401,1,A,2396,CL2,-13.446,-22.308,-17.288,24.938
Mpro,8w1t,A06,406,1,A,2383,C1,-19.462,2.222,-2.441,4.831
Mpro,8w1t,A06,406,1,A,2386,C4,-20.495,5.603,-3.828,3.623
Mpro,8w1t,A06,406,1,A,2387,C5,-21.852,5.551,-3.627,3.623
Mpro,8w1t,A06,406,1,A,2388,C6,-22.457,4.459,-3.058,14.492
Mpro,8w1t,A06,406,1,A,2389,C7,-21.685,3.388,-2.682,20.53
Mpro,8w1t,A06,406,1,A,2391,C11,-17.729,0.3,-5.885,2.415
Mpro,8w1t,A06,406,1,A,2393,C10,-19.002,-0.026,-5.478,7.246
Mpro,8w1t,A06,406,1,A,2396,C16,-19.02,3.432,-0.378,15.699
Mpro,8w1t,A06,406,1,A,2397,C17,-17.925,3.999,0.496,12.076
Mpro,8w1t,A06,406,1,A,2398,C19,-16.631,1.968,0.023,1.208
Mpro,8w1t,A06,406,1,A,2399,C20,-17.779,1.502,-0.843,16.907
Mpro,8w1t,A06,406,1,A,2404,C28,-16.527,0.867,3.797,6.038
Mpro,8w1t,A06,406,1,A,2405,C9,-19.558,0.596,-4.371,6.038
Mpro,8w1t,A06,406,1,A,2409,O22,-17.105,3.807,3.097,8.572
Mpro,8w1t,A06,406,1,A,2410,BR29,-16.486,-1.396,5.526,33.183
Mpro,8w1t,A06,406,1,A,2411,CL14,-22.834,6.906,-4.095,6.234
Mpro,8und,X4N,401,1,A,4788,C10,-19.131,22.191,-24.66,1.208
Mpro,8und,X4N,401,1,A,4796,C26,-19.536,18.908,-22.112,1.208
Mpro,8und,X4N,401,1,A,4797,C28,-21.544,17.585,-21.415,6.038
Mpro,8und,X4N,401,1,A,4804,C11,-18.103,23.069,-24.053,1.208
Mpro,8und,X4N,401,1,A,4810,C27,-21.461,18.743,-23.789,2.415
Mpro,8und,X4N,401,1,A,4813,F32,-18.601,14.62,-19.65,7.246
Mpro,8und,X4N,401,1,A,4817,N06,-17.755,20.946,-30.581,6.562
Mpro,8und,X4N,401,1,A,4820,O01,-20.099,18.72,-27.258,10.715
Mpro,8und,X4N,401,1,A,4822,O35,-20.269,14.036,-22.281,3.214
Mpro,8und,X4N,401,1,A,4825,H102,-19.991,22.638,-24.689,5.097
Mpro,8und,X4N,401,1,A,4830,H211,-21.862,16.227,-26.064,0.849
Mpro,8und,X4N,401,1,A,4832,H261,-19.615,19.835,-22.387,3.398
Mpro,8und,X4N,401,1,A,4834,H262,-19.501,18.933,-21.143,9.344
Mpro,8und,X4N,401,1,A,4835,H281,-22.171,18.271,-21.139,20.388
Mpro,8und,X4N,401,1,A,4836,H283,-21.025,17.376,-20.623,9.344
Mpro,8und,X4N,401,1,A,4837,H282,-22.083,16.797,-21.585,3.398
Mpro,8und,X4N,401,1,A,4844,H111,-18.385,23.195,-23.134,10.194
Mpro,8und,X4N,401,1,A,4845,H112,-18.241,23.941,-24.456,3.398
Mpro,8und,X4N,401,1,A,4853,H273,-22.141,19.35,-23.458,16.99
Mpro,8und,X4N,401,1,A,4854,H271,-21.938,18.142,-24.382,3.398
Mpro,8w1t,A06,406,1,B,2429,C1,24.431,0.551,27.76,3.623
Mpro,8w1t,A06,406,1,B,2432,C4,26.199,3.821,28.552,4.831
Mpro,8w1t,A06,406,1,B,2433,C5,27.505,3.445,28.359,2.415
Mpro,8w1t,A06,406,1,B,2434,C6,27.847,2.17,27.988,9.661
Mpro,8w1t,A06,406,1,B,2435,C7,26.854,1.243,27.798,12.076
Mpro,8w1t,A06,406,1,B,2439,C10,23.532,-0.993,31.122,8.453
Mpro,8w1t,A06,406,1,B,2442,C16,24.151,1.545,25.553,18.114
Mpro,8w1t,A06,406,1,B,2443,C17,23.131,2.132,24.605,12.076
Mpro,8w1t,A06,406,1,B,2445,C20,22.711,-0.166,26.218,14.492
Mpro,8w1t,A06,406,1,B,2450,C28,21.139,-1.154,21.812,4.831
Mpro,8w1t,A06,406,1,B,2451,C9,24.169,-0.74,29.917,10.869
Mpro,8w1t,A06,406,1,B,2455,O22,22.189,1.76,22.037,6.429
Mpro,8w1t,A06,406,1,B,2456,BR29,20.679,-3.637,20.494,35.838
Mpro,8w1t,A06,406,1,B,2457,CL14,28.767,4.613,28.605,6.234
Mpro,8w1t,A07,407,1,A,2412,C1,-19.51,2.402,-2.392,4.831
Mpro,8w1t,A07,407,1,A,2414,C3,-19.604,0.613,-4.18,6.038
Mpro,8w1t,A07,407,1,A,2415,C4,-19.042,-0.098,-5.221,9.661
Mpro,8w1t,A07,407,1,A,2416,C5,-17.767,0.206,-5.628,1.208
Mpro,8w1t,A07,407,1,A,2420,C11,-21.603,5.862,-3.867,4.831
Mpro,8w1t,A07,407,1,A,2422,C10,-22.302,4.822,-3.304,14.492
Mpro,8w1t,A07,407,1,A,2423,C12,-20.232,5.795,-3.962,2.415
Mpro,8w1t,A07,407,1,A,2425,C16,-19.029,3.594,-0.316,15.699
Mpro,8w1t,A07,407,1,A,2426,C17,-17.906,4.097,0.563,13.284
Mpro,8w1t,A07,407,1,A,2427,C19,-16.728,1.991,0.105,1.208
Mpro,8w1t,A07,407,1,A,2428,C20,-17.904,1.59,-0.756,16.907
Mpro,8w1t,A07,407,1,A,2432,C27,-15.763,-0.164,4.281,1.208
Mpro,8w1t,A07,407,1,A,2433,C28,-16.536,0.876,3.817,6.038
Mpro,8w1t,A07,407,1,A,2434,C9,-21.629,3.707,-2.829,20.53
Mpro,8w1t,A07,407,1,A,2438,O22,-17.144,3.822,3.19,8.572
Mpro,8w1t,A07,407,1,A,2439,BR29,-16.48,-1.429,5.487,33.183
Mpro,8w1t,A07,407,1,A,2440,CL14,-17.05,-0.691,-6.936,4.988
Mpro,8w1u,A08,401,1,A,2283,C04,-3.684,2.111,16.423,16.907
Mpro,8w1u,A08,401,1,A,2284,C05,-3.625,2.618,15.0,7.246
Mpro,8w1u,A08,401,1,A,2286,C07,-2.151,0.733,14.399,1.208
Mpro,8w1u,A08,401,1,A,2287,C08,-2.484,0.078,15.744,12.076
Mpro,8w1u,A08,401,1,A,2290,C11,-4.963,3.746,12.142,1.208
Mpro,8w1u,A08,401,1,A,2291,C12,-6.049,4.599,11.95,2.415
Mpro,8w1u,A08,401,1,A,2292,C13,-7.354,4.17,12.22,8.453
Mpro,8w1u,A08,401,1,A,2293,C14,-7.587,2.883,12.691,7.246
Mpro,8w1u,A08,401,1,A,2294,C15,-6.488,2.012,12.891,1.208
Mpro,8w1u,A08,401,1,A,2295,C16,-6.757,0.587,13.408,14.492
Mpro,8w1u,A08,401,1,A,2296,C20,-4.579,-0.577,11.445,1.208
Mpro,8w1u,A08,401,1,A,2297,C21,-4.265,-1.518,10.449,6.038
Mpro,8w1u,A08,401,1,A,2298,C22,-3.039,-1.438,9.78,7.246
Mpro,8w1u,A08,401,1,A,2299,C23,-2.133,-0.424,10.101,1.208
Mpro,8w1u,A08,401,1,A,2301,C25,-3.682,0.415,11.769,1.208
Mpro,8w1u,A08,401,1,A,2303,C27,-1.158,-0.9,18.953,1.208
Mpro,8w1u,A08,401,1,A,2304,C29,-2.259,-2.514,19.989,35.021
Mpro,8w1u,A08,401,1,A,2305,C30,-0.921,-2.878,19.925,7.246
Mpro,8w1u,A08,401,1,A,2309,N03,-2.625,1.151,16.749,1.094
Mpro,8w1u,A08,401,1,A,2310,N28,-2.389,-1.32,19.4,5.468
Mpro,8w1u,A08,401,1,A,2312,O01,-2.002,2.222,18.662,2.143
Mpro,8w1u,A08,401,1,A,2313,O18,-6.111,-1.954,13.074,28.929
Mpro,8w1u,A08,401,1,A,2314,O19,-7.182,-0.839,11.219,6.429
Mpro,8w1t,A07,405,1,B,2400,C1,24.581,0.768,27.657,4.831
Mpro,8w1t,A07,405,1,B,2402,C3,24.366,-0.755,29.669,10.869
Mpro,8w1t,A07,405,1,B,2403,C4,23.72,-1.163,30.817,8.453
Mpro,8w1t,A07,405,1,B,2408,C11,27.308,4.007,28.444,4.831
Mpro,8w1t,A07,405,1,B,2410,C10,27.782,2.798,27.994,7.246
Mpro,8w1t,A07,405,1,B,2411,C12,25.959,4.18,28.648,3.623
Mpro,8w1t,A07,405,1,B,2413,C16,24.182,1.741,25.454,18.114
Mpro,8w1t,A07,405,1,B,2414,C17,23.095,2.252,24.536,12.076
Mpro,8w1t,A07,405,1,B,2416,C20,22.855,-0.055,26.165,15.699
Mpro,8w1t,A07,405,1,B,2421,C28,21.152,-1.179,21.801,4.831
Mpro,8w1t,A07,405,1,B,2422,C9,26.904,1.755,27.743,13.284
Mpro,8w1t,A07,405,1,B,2426,O22,22.345,1.627,21.955,7.5
Mpro,8w1t,A07,405,1,B,2427,BR29,20.64,-3.664,20.512,35.838
Mpro,8w1t,A07,405,1,B,2428,CL14,21.765,-1.004,32.662,1.247
Mpro,8w1u,A08,401,1,B,2292,C04,38.368,2.456,39.001,16.907
Mpro,8w1u,A08,401,1,B,2293,C05,38.351,2.866,40.461,8.453
Mpro,8w1u,A08,401,1,B,2295,C07,36.95,0.9,40.977,1.208
Mpro,8w1u,A08,401,1,B,2296,C08,37.294,0.336,39.595,12.076
Mpro,8w1u,A08,401,1,B,2300,C12,40.671,4.827,43.583,2.415
Mpro,8w1u,A08,401,1,B,2301,C13,41.994,4.458,43.31,6.038
Mpro,8w1u,A08,401,1,B,2302,C14,42.281,3.194,42.805,8.453
Mpro,8w1u,A08,401,1,B,2304,C16,41.552,0.883,42.007,15.699
Mpro,8w1u,A08,401,1,B,2306,C21,39.137,-1.44,44.85,4.831
Mpro,8w1u,A08,401,1,B,2307,C22,37.906,-1.447,45.509,7.246
Mpro,8w1u,A08,401,1,B,2313,C29,37.122,-2.098,35.285,35.021
Mpro,8w1u,A08,401,1,B,2314,C30,35.804,-2.528,35.323,7.246
Mpro,8w1u,A08,401,1,B,2319,N28,37.189,-0.924,35.919,6.562
Mpro,8w1u,A08,401,1,B,2321,O01,36.622,2.581,36.79,2.143
Mpro,8w1u,A08,401,1,B,2322,O18,41.041,-1.712,42.264,28.929
Mpro,8w1u,A08,401,1,B,2323,O19,42.035,-0.602,44.146,4.286
Mpro,8y42,A09,401,1,A,2271,C5,-8.597,9.405,46.942,4.831
Mpro,8y42,A09,401,1,A,2272,C6,-9.045,8.441,47.795,24.153
Mpro,8y42,A09,401,1,A,2276,C13,-9.376,14.24,41.682,16.907
Mpro,8y42,A09,401,1,A,2277,C15,-9.963,11.943,40.844,9.661
Mpro,8y42,A09,401,1,A,2284,C1,-8.139,7.561,48.394,25.36
Mpro,8y42,A09,401,1,A,2285,C11,-8.557,12.223,42.919,4.831
Mpro,8y42,A09,401,1,A,2286,C12,-8.241,13.655,42.512,6.038
Mpro,8y42,A09,401,1,A,2287,C14,-9.633,13.382,40.458,1.208
Mpro,8y42,A09,401,1,A,2288,C16,-8.864,11.335,41.708,2.415
Mpro,8y42,A09,401,1,A,2291,C2,-6.797,7.653,48.139,3.623
Mpro,8y42,A09,401,1,A,2293,C25,-8.076,5.227,37.752,14.492
Mpro,8y42,A09,401,1,A,2294,C27,-8.638,6.993,43.906,32.606
Mpro,8y42,A09,401,1,A,2298,N4,-8.446,7.286,42.498,7.655
Mpro,8y42,A09,401,1,A,2301,O2,-8.48,12.156,45.721,4.286
Mpro,8ws3,X7F,401,1,A,2316,C02,48.727,17.09,17.537,2.415
Mpro,8ws3,X7F,401,1,A,2317,C03,47.344,16.691,17.993,15.699
Mpro,8ws3,X7F,401,1,A,2322,C08,51.249,17.162,18.023,2.415
Mpro,8ws3,X7F,401,1,A,2323,C10,52.359,16.893,18.837,15.699
Mpro,8ws3,X7F,401,1,A,2324,C11,52.184,16.247,20.09,2.415
Mpro,8ws3,X7F,401,1,A,2326,O01,48.876,17.63,16.492,23.572
Mpro,8ws3,X7F,401,1,A,2327,O09,51.423,17.798,16.789,36.43
Mpro,8y42,A09,401,1,C,2305,C5,42.708,-17.592,9.769,6.038
Mpro,8y42,A09,401,1,C,2306,C6,43.179,-18.549,8.919,22.945
Mpro,8y42,A09,401,1,C,2310,C13,43.499,-12.939,15.069,19.322
Mpro,8y42,A09,401,1,C,2311,C15,44.012,-15.238,15.933,6.038
Mpro,8y42,A09,401,1,C,2318,C1,42.29,-19.436,8.303,27.775
Mpro,8y42,A09,401,1,C,2319,C11,42.684,-14.935,13.797,3.623
Mpro,8y42,A09,401,1,C,2320,C12,42.383,-13.5,14.2,4.831
Mpro,8y42,A09,401,1,C,2322,C16,42.944,-15.825,15.017,3.623
Mpro,8y42,A09,401,1,C,2325,C2,40.943,-19.357,8.538,4.831
Mpro,8y42,A09,401,1,C,2327,C25,42.003,-21.806,19.1,13.284
Mpro,8y42,A09,401,1,C,2328,C27,42.623,-20.312,12.944,33.814
Mpro,8y42,A09,401,1,C,2332,N4,42.461,-19.903,14.327,7.655
Mpro,8y42,A09,401,1,C,2335,O2,42.481,-14.783,10.993,4.286
Mpro,8y42,A09,401,1,D,2219,C5,42.668,38.316,9.784,2.415
Mpro,8y42,A09,401,1,D,2220,C6,43.255,37.462,8.898,19.322
Mpro,8y42,A09,401,1,D,2224,C13,42.956,42.592,15.478,18.114
Mpro,8y42,A09,401,1,D,2225,C15,43.83,40.272,15.911,19.322
Mpro,8y42,A09,401,1,D,2228,C21,42.142,35.565,16.591,3.623
Mpro,8y42,A09,401,1,D,2230,C24,41.696,33.045,18.326,1.208
Mpro,8y42,A09,401,1,D,2232,C1,42.491,36.479,8.263,25.36
Mpro,8y42,A09,401,1,D,2233,C11,42.319,40.733,13.931,4.831
Mpro,8y42,A09,401,1,D,2234,C12,41.853,42.017,14.601,4.831
Mpro,8y42,A09,401,1,D,2235,C14,43.372,41.587,16.536,2.415
Mpro,8y42,A09,401,1,D,2236,C16,42.774,39.702,14.968,1.208
Mpro,8y42,A09,401,1,D,2239,C2,41.151,36.359,8.515,2.415
Mpro,8y42,A09,401,1,D,2241,C25,43.127,33.335,18.49,21.737
Mpro,8y42,A09,401,1,D,2242,C27,43.205,35.449,12.44,32.606
Mpro,8y42,A09,401,1,D,2246,N4,43.04,35.67,13.866,12.029
Mpro,8y42,A09,401,1,D,2249,O2,42.101,41.0,11.113,4.286
Mpro,8y42,A09,401,1,B,2182,C5,31.228,11.258,66.298,4.831
Mpro,8y42,A09,401,1,B,2183,C6,31.775,10.444,65.35,20.53
Mpro,8y42,A09,401,1,B,2187,C13,31.363,15.735,71.822,16.907
Mpro,8y42,A09,401,1,B,2188,C15,32.321,13.613,72.754,14.492
Mpro,8y42,A09,401,1,B,2191,C21,30.59,8.667,73.248,3.623
Mpro,8y42,A09,401,1,B,2192,C22,30.528,9.846,72.515,1.208
Mpro,8y42,A09,401,1,B,2193,C24,30.146,6.063,74.776,1.208
Mpro,8y42,A09,401,1,B,2195,C1,30.976,9.508,64.682,25.36
Mpro,8y42,A09,401,1,B,2196,C11,31.069,13.601,70.544,8.453
Mpro,8y42,A09,401,1,B,2197,C12,30.444,14.942,70.902,4.831
Mpro,8y42,A09,401,1,B,2198,C14,31.667,14.95,73.083,1.208
Mpro,8y42,A09,401,1,B,2199,C16,31.455,12.807,71.795,3.623
Mpro,8y42,A09,401,1,B,2202,C2,29.641,9.396,64.967,2.415
Mpro,8y42,A09,401,1,B,2204,C25,31.541,6.365,75.125,21.737
Mpro,8y42,A09,401,1,B,2205,C27,31.806,8.702,69.15,33.814
Mpro,8y42,A09,401,1,B,2209,N4,31.576,8.858,70.575,12.029
Mpro,8y42,A09,401,1,B,2212,O2,30.524,14.032,67.807,4.286
Mpro,8y44,A10,401,1,A,2301,C6,19.717,-7.909,10.715,6.038
Mpro,8y44,A10,401,1,A,2302,C7,19.213,-9.15,10.45,18.114
Mpro,8y44,A10,401,1,A,2303,C8,17.838,-9.345,10.361,25.36
Mpro,8y44,A10,401,1,A,2305,C13,24.724,-3.491,12.928,18.114
Mpro,8y44,A10,401,1,A,2306,C15,24.178,-4.933,14.891,7.246
Mpro,8y44,A10,401,1,A,2309,C21,20.093,-5.806,18.002,1.208
Mpro,8y44,A10,401,1,A,2312,C26,21.422,-9.571,15.732,20.53
Mpro,8y44,A10,401,1,A,2314,C11,22.587,-4.82,12.951,3.623
Mpro,8y44,A10,401,1,A,2315,C12,23.28,-3.561,12.442,4.831
Mpro,8y44,A10,401,1,A,2316,C14,24.787,-3.617,14.43,1.208
Mpro,8y44,A10,401,1,A,2322,C25,19.414,-9.74,14.501,22.945
Mpro,8y44,A10,401,1,A,2323,C27,20.605,-8.523,16.449,14.492
Mpro,8y44,A10,401,1,A,2325,C9,16.964,-8.301,10.533,2.415
Mpro,8y44,A10,401,1,A,2330,O2,21.599,-5.286,10.374,4.286
Mpro,8y44,A10,401,1,A,2332,O4,20.641,-10.375,14.847,24.644
Mpro,8y44,A10,401,1,A,2335,BR1,20.047,-5.544,20.823,11.946
Mpro,8y44,A10,401,1,B,2220,C6,-15.778,13.362,-6.406,4.831
Mpro,8y44,A10,401,1,B,2221,C7,-16.284,13.669,-5.174,15.699
Mpro,8y44,A10,401,1,B,2222,C8,-15.984,12.879,-4.069,27.775
Mpro,8y44,A10,401,1,B,2224,C13,-15.357,13.496,-13.553,7.246
Mpro,8y44,A10,401,1,B,2225,C15,-17.637,12.539,-13.152,4.831
Mpro,8y44,A10,401,1,B,2228,C21,-19.451,8.297,-10.759,1.208
Mpro,8y44,A10,401,1,B,2230,C24,-20.386,10.608,-8.881,10.869
Mpro,8y44,A10,401,1,B,2231,C26,-19.753,11.378,-6.544,28.983
Mpro,8y44,A10,401,1,B,2233,C11,-15.989,12.754,-11.209,7.246
Mpro,8y44,A10,401,1,B,2234,C12,-14.855,12.991,-12.2,4.831
Mpro,8y44,A10,401,1,B,2235,C14,-16.843,13.781,-13.538,20.53
Mpro,8y44,A10,401,1,B,2236,C16,-17.148,11.965,-11.826,1.208
Mpro,8y44,A10,401,1,B,2241,C25,-20.78,12.03,-8.565,27.775
Mpro,8y44,A10,401,1,B,2242,C27,-18.539,10.911,-7.31,1.208
Mpro,8y44,A10,401,1,B,2244,C9,-15.178,11.778,-4.191,2.415
Mpro,8y44,A10,401,1,B,2249,O2,-14.175,13.791,-9.279,5.357
Mpro,8y44,A10,401,1,B,2251,O4,-20.451,12.414,-7.23,24.644
Mpro,8y44,A10,401,1,B,2253,O6,-16.534,9.867,-14.464,1.071
Mpro,8y44,A10,401,1,B,2254,BR1,-21.206,6.399,-11.921,3.982
Mpro,8y4e,FHR,301,1,A,2192,C02,64.4,-35.107,-2.229,1.208
Mpro,8y4e,FHR,301,1,A,2193,C07,62.199,-31.663,-7.128,31.398
Mpro,8y4e,FHR,301,1,A,2194,C08,62.594,-32.878,-7.891,30.191
Mpro,8y4e,FHR,301,1,A,2195,C09,63.201,-34.068,-7.173,32.606
Mpro,8y4e,FHR,301,1,A,2196,C10,63.41,-33.993,-5.606,3.623
Mpro,8y4e,FHR,301,1,A,2197,C05,63.046,-32.854,-4.878,2.415
Mpro,8y4e,FHR,301,1,A,2198,C06,62.401,-31.606,-5.625,28.983
Mpro,8y4e,FHR,301,1,A,2199,C04,63.349,-33.076,-3.542,8.453
Mpro,8y4e,FHR,301,1,A,2200,C03,63.903,-34.338,-3.463,2.415
Mpro,8y4e,FHR,301,1,A,2201,N11,63.927,-34.915,-4.719,10.936
Mpro,8y4e,FHR,301,1,A,2205,C21,63.728,-33.054,0.206,1.208
Mpro,8y4e,FHR,301,1,A,2206,O33,62.941,-32.508,-0.45,12.858
Mpro,8y4e,FHR,301,1,A,2207,C14,65.877,-32.261,-0.995,3.623
Mpro,8y4e,FHR,301,1,A,2217,C27,58.856,-35.086,-0.348,19.322
Mpro,8y4e,FHR,301,1,A,2221,C23,62.194,-33.385,2.238,1.208
Mpro,8y4e,FHR,301,1,A,2223,C31,62.504,-32.9,3.633,4.831
Mpro,8y4e,FHR,301,1,A,2224,O32,61.585,-32.512,4.288,3.214
Mpro,8yls,A11,401,1,A,2376,O1,8.709,-2.756,23.941,2.143
Mpro,8yls,A11,401,1,A,2377,C2,9.985,-4.741,21.236,12.076
Mpro,8yls,A11,401,1,A,2378,C1,9.899,-3.814,22.156,1.208
Mpro,8yls,A11,401,1,A,2379,C3,11.092,-4.671,20.201,13.284
Mpro,8yls,A11,401,1,A,2380,C4,11.958,-3.684,20.224,2.415
Mpro,8yls,A11,401,1,A,2381,C5,11.856,-2.601,21.295,12.076
Mpro,8yls,A11,401,1,A,2382,C6,10.899,-2.662,22.19,9.661
Mpro,8yls,A11,401,1,A,2383,C7,8.779,-3.914,23.178,13.284
Mpro,8yls,A11,401,1,A,2384,N1,7.839,-0.531,24.225,1.094
Mpro,8yls,A11,401,1,A,2385,C8,8.021,-1.682,23.387,2.415
Mpro,8yls,A11,401,1,A,2387,C15,7.995,1.977,20.087,1.208
Mpro,8yls,A11,401,1,A,2392,C20,10.405,-1.225,18.094,1.208
Mpro,8yls,A11,401,1,A,2394,C22,13.57,-2.428,19.022,25.36
Mpro,8yls,A11,401,1,A,2395,N3,9.241,-1.715,17.247,1.094
Mpro,8yls,A11,401,1,A,2396,O3,9.245,1.064,22.468,11.786
Mpro,8yls,A11,401,1,A,2397,O4,8.393,4.066,18.999,6.429
Mpro,8yls,A11,401,1,A,2399,O6,12.962,-3.663,19.251,22.501
Mpro,8y4e,FHR,301,1,B,2193,C07,32.713,-66.905,23.555,37.436
Mpro,8y4e,FHR,301,1,B,2194,C08,32.66,-66.206,22.249,27.775
Mpro,8y4e,FHR,301,1,B,2195,C09,32.911,-64.719,22.192,9.661
Mpro,8y4e,FHR,301,1,B,2196,C10,33.224,-63.927,23.52,10.869
Mpro,8y4e,FHR,301,1,B,2197,C05,33.274,-64.577,24.744,4.831
Mpro,8y4e,FHR,301,1,B,2198,C06,33.014,-66.134,24.816,18.114
Mpro,8y4e,FHR,301,1,B,2199,C04,33.57,-63.64,25.715,13.284
Mpro,8y4e,FHR,301,1,B,2200,C03,33.697,-62.415,25.077,4.831
Mpro,8y4e,FHR,301,1,B,2201,N11,33.484,-62.591,23.733,4.374
Mpro,8y4e,FHR,301,1,B,2203,N12,34.075,-60.919,27.197,2.187
Mpro,8y4e,FHR,301,1,B,2206,O33,36.611,-60.384,27.747,20.358
Mpro,8y4e,FHR,301,1,B,2207,C14,34.058,-59.608,29.231,13.284
Mpro,8y4e,FHR,301,1,B,2213,C16,32.332,-58.867,30.892,7.246
Mpro,8y4e,FHR,301,1,B,2217,C27,39.663,-60.739,24.0,21.737
Mpro,8y4e,FHR,301,1,B,2218,C26,39.206,-59.869,25.388,2.415
Mpro,8y4e,FHR,301,1,B,2221,C23,37.981,-58.092,27.3,2.415
Mpro,8y4e,FHR,301,1,B,2223,C31,38.525,-57.056,28.23,7.246
Mpro,8y4e,FHR,301,1,B,2224,O32,39.708,-56.927,28.264,3.214
Mpro,8ywy,FHR,401,1,A,2302,C02,10.535,1.547,22.164,2.415
Mpro,8ywy,FHR,401,1,A,2303,C07,12.214,6.98,24.849,18.114
Mpro,8ywy,FHR,401,1,A,2304,C08,11.539,7.56,23.676,14.492
Mpro,8ywy,FHR,401,1,A,2305,C09,10.915,6.657,22.658,9.661
Mpro,8ywy,FHR,401,1,A,2306,C10,10.991,5.112,22.861,8.453
Mpro,8ywy,FHR,401,1,A,2307,C05,11.621,4.56,23.964,3.623
Mpro,8ywy,FHR,401,1,A,2308,C06,12.278,5.496,25.046,7.246
Mpro,8ywy,FHR,401,1,A,2309,C04,11.533,3.193,23.873,4.831
Mpro,8ywy,FHR,401,1,A,2310,C03,10.817,2.936,22.721,6.038
Mpro,8ywy,FHR,401,1,A,2311,N11,10.502,4.099,22.084,2.187
Mpro,8ywy,FHR,401,1,A,2313,N12,10.681,0.372,23.016,3.281
Mpro,8ywy,FHR,401,1,A,2316,O33,8.142,-0.814,22.548,18.215
Mpro,8ywy,FHR,401,1,A,2317,C14,10.76,-2.026,23.386,8.453
Mpro,8ywy,FHR,401,1,A,2323,C16,12.292,-2.299,25.293,1.208
Mpro,8ywy,FHR,401,1,A,2326,N28,5.222,1.978,18.657,3.281
Mpro,8ywy,FHR,401,1,A,2327,C27,5.003,1.646,19.903,15.699
Mpro,8ywy,FHR,401,1,A,2328,C26,6.135,0.461,20.359,2.415
Mpro,8ywy,FHR,401,1,A,2333,C31,6.957,-3.366,20.519,10.869
Mpro,8ywy,FHR,401,1,A,2334,O32,6.565,-4.058,19.633,1.071
Mpro,9bbp,A13,405,1,A,2355,C20,-19.565,16.732,-22.49,1.208
Mpro,9bbp,A13,405,1,A,2356,C21,-19.697,17.762,-21.53,10.869
Mpro,9bbp,A13,405,1,A,2357,C22,-20.282,17.439,-20.308,16.907
Mpro,9bbp,A13,405,1,A,2358,C24,-21.337,15.792,-18.645,2.415
Mpro,9bbp,A13,405,1,A,2360,C04,-18.16,22.32,-23.882,24.153
Mpro,9bbp,A13,405,1,A,2367,C14,-19.633,15.743,-27.371,2.415
Mpro,9bbp,A13,405,1,A,2370,C23,-20.725,16.132,-20.031,1.208
Mpro,9bbp,A13,405,1,A,2371,C25,-20.963,16.576,-17.57,10.869
Mpro,9bbp,A13,405,1,A,2372,C27,-22.24,15.332,-16.147,4.831
Mpro,9bbp,A13,405,1,A,2373,C29,-22.638,14.457,-17.16,19.322
Mpro,9bbp,A13,405,1,A,2374,C30,-22.177,14.677,-18.462,7.246
Mpro,9bbp,A13,405,1,A,2377,F28,-22.672,15.121,-14.875,41.403
Mpro,9bbp,A13,405,1,A,2379,N10,-17.618,20.868,-30.175,10.936
Mpro,9bbp,A13,405,1,A,2381,N18,-19.449,16.333,-25.063,2.187
Mpro,9bbp,A13,405,1,A,2382,N26,-21.435,16.357,-16.345,13.123
Mpro,9bbp,A13,405,1,A,2385,O34,-19.581,18.784,-26.427,17.143
Mpro,9bbp,PHE,3,1,A,11,N,10.598,35.34,-18.552,4.374
Mpro,9bbp,PHE,3,1,A,14,O,7.955,34.491,-18.007,20.358
Mpro,9bbp,PHE,3,1,A,17,CD1,11.203,31.055,-19.445,1.208
Mpro,9bbp,PHE,3,1,A,18,CD2,9.434,30.747,-17.871,3.623
Mpro,9bbp,PHE,8,1,A,58,O,2.294,29.338,-31.998,2.143
Mpro,9bbp,PHE,8,1,A,64,CE2,5.747,23.974,-29.77,1.208
Mpro,9bbp,PHE,8,1,A,65,CZ,7.074,24.061,-30.106,2.415
Mpro,9bbp,PHE,66,1,A,511,O,-19.798,17.692,-47.449,4.286
Mpro,9bbp,PHE,103,1,A,797,N,2.123,12.954,-37.81,4.374
Mpro,9bbp,PHE,103,1,A,799,C,2.038,11.935,-35.646,1.208
Mpro,9bbp,PHE,103,1,A,800,O,2.743,10.966,-35.947,26.786
Mpro,9bbp,PHE,103,1,A,801,CB,0.084,11.713,-37.189,15.699
Mpro,9bbp,PHE,103,1,A,804,CD2,-1.917,11.609,-38.707,13.284
Mpro,9bbp,PHE,103,1,A,806,CE2,-2.878,12.193,-39.51,7.246
Mpro,9bbp,PHE,134,1,A,1036,O,-6.317,12.982,-20.852,2.143
Mpro,9bbp,PHE,134,1,A,1040,CD2,-3.383,8.914,-19.255,4.831
Mpro,9bbp,PHE,134,1,A,1041,CE1,-1.5,8.996,-21.278,10.869
Mpro,9bbp,PHE,134,1,A,1042,CE2,-2.314,8.037,-19.251,25.36
Mpro,9bbp,PHE,134,1,A,1043,CZ,-1.375,8.072,-20.263,24.153
Mpro,9bbp,PHE,140,1,A,1078,N,-12.235,25.754,-24.077,2.187
Mpro,9bbp,PHE,140,1,A,1081,O,-14.993,25.084,-23.949,15.0
Mpro,9bbp,PHE,140,1,A,1082,CB,-12.738,23.778,-25.479,2.415
Mpro,9bbp,PHE,181,1,A,1379,N,-8.067,7.933,-28.194,5.468
Mpro,9bbp,PHE,181,1,A,1382,O,-6.231,7.671,-26.068,8.572
Mpro,9bbp,PHE,181,1,A,1383,CB,-9.3,8.495,-26.161,4.831
Mpro,9bbp,PHE,181,1,A,1386,CD2,-11.509,9.013,-27.204,2.415
Mpro,9bbp,PHE,185,1,A,1416,O,-12.214,7.226,-24.284,9.643
Mpro,9bbp,PHE,185,1,A,1419,CD1,-11.869,10.198,-19.724,1.208
Mpro,9bbp,PHE,185,1,A,1423,CZ,-9.922,11.119,-18.685,1.208
Mpro,9bbp,PHE,219,1,A,1678,CA,15.863,29.074,-3.39,2.415
Mpro,9bbp,PHE,219,1,A,1680,O,17.0,27.002,-3.144,6.429
Mpro,9bbp,PHE,223,1,A,1716,CA,23.662,21.086,-0.897,1.208
Mpro,9bbp,PHE,223,1,A,1717,C,23.543,20.372,-2.236,1.208
Mpro,9bbp,PHE,223,1,A,1719,CB,22.486,20.674,-0.011,6.038
Mpro,9bbp,PHE,223,1,A,1720,CG,22.528,21.266,1.359,3.623
Mpro,9bbp,PHE,223,1,A,1721,CD1,23.71,21.294,2.081,16.907
Mpro,9bbp,PHE,223,1,A,1722,CD2,21.393,21.835,1.908,8.453
Mpro,9bbp,PHE,223,1,A,1723,CE1,23.748,21.855,3.352,19.322
Mpro,9bbp,PHE,223,1,A,1724,CE2,21.417,22.395,3.174,21.737
Mpro,9bbp,PHE,223,1,A,1725,CZ,22.597,22.404,3.903,12.076
Mpro,9bbp,PHE,230,1,A,1774,O,12.849,12.857,-3.094,1.071
Mpro,9bbp,PHE,230,1,A,1775,CB,15.658,13.633,-4.805,1.208
Mpro,9bbp,PHE,230,1,A,1779,CE1,13.377,16.523,-5.642,1.208
Mpro,9bbp,PHE,291,1,A,2240,CD2,6.937,26.986,-19.496,6.038
Mpro,9bbp,PHE,291,1,A,2241,CE1,5.77,27.626,-17.049,2.415
Mpro,9bbp,PHE,291,1,A,2242,CE2,6.202,28.174,-19.363,2.415
Mpro,9bbp,PHE,291,1,A,2243,CZ,5.618,28.493,-18.139,7.246
Mpro,9bbp,PHE,294,1,A,2258,N,12.662,20.989,-22.713,3.281
Mpro,9bbp,PHE,294,1,A,2259,CA,12.852,21.58,-24.036,2.415
Mpro,9bbp,PHE,294,1,A,2262,CB,12.4,20.632,-25.143,20.53
Mpro,9bbp,PHE,294,1,A,2263,CG,12.646,21.195,-26.514,3.623
Mpro,9bbp,PHE,294,1,A,2264,CD1,13.939,21.316,-26.994,15.699
Mpro,9bbp,PHE,294,1,A,2265,CD2,11.589,21.676,-27.288,13.284
Mpro,9bbp,PHE,294,1,A,2266,CE1,14.182,21.861,-28.247,26.568
Mpro,9bbp,PHE,294,1,A,2267,CE2,11.818,22.236,-28.541,10.869
Mpro,9bbp,PHE,294,1,A,2268,CZ,13.121,22.322,-29.025,26.568
Mpro,9bbp,PHE,404,1,A,2341,N,11.461,29.094,-36.199,37.182
Mpro,9bbp,PHE,404,1,A,2342,CA,10.948,28.03,-37.066,4.831
Mpro,9bbp,PHE,404,1,A,2343,C,10.746,28.431,-38.531,21.737
Mpro,9bbp,PHE,404,1,A,2344,O,10.335,29.547,-38.829,48.216
Mpro,9bbp,PHE,404,1,A,2345,CB,9.641,27.474,-36.468,3.623
Mpro,9bbp,PHE,404,1,A,2347,CD1,10.192,25.949,-34.539,3.623
Mpro,9bbp,PHE,404,1,A,2348,CD2,9.414,28.159,-34.039,6.038
Mpro,9bbp,PHE,404,1,A,2349,CE1,10.31,25.674,-33.185,10.869
Mpro,9bbp,PHE,404,1,A,2350,CE2,9.539,27.89,-32.672,14.492
Mpro,9bbp,PHE,404,1,A,2351,CZ,9.985,26.647,-32.251,4.831
Mpro,8zbp,A12,401,1,A,2395,C14,1.878,19.278,-50.761,2.415
Mpro,8zbp,A12,401,1,A,2396,C02,5.703,28.768,-46.682,7.246
Mpro,8zbp,A12,401,1,A,2397,C04,4.285,28.207,-46.657,9.661
Mpro,8zbp,A12,401,1,A,2398,C05,4.043,27.348,-47.878,4.831
Mpro,8zbp,A12,401,1,A,2400,C08,5.153,23.707,-48.57,1.208
Mpro,8zbp,A12,401,1,A,2402,C15,1.861,18.581,-51.956,20.53
Mpro,8zbp,A12,401,1,A,2403,C16,1.619,17.215,-51.927,6.038
Mpro,8zbp,A12,401,1,A,2404,C18,1.402,16.567,-50.697,2.415
Mpro,8zbp,A12,401,1,A,2407,C25,5.055,23.279,-50.029,9.661
Mpro,8zbp,A12,401,1,A,2408,C26,5.708,21.912,-50.339,18.114
Mpro,8zbp,A12,401,1,A,2409,C28,8.021,21.777,-49.578,3.623
Mpro,8zbp,A12,401,1,A,2410,C29,8.939,21.728,-48.369,1.208
Mpro,8zbp,A12,401,1,A,2411,C30,9.937,22.667,-48.284,20.53
Mpro,8zbp,A12,401,1,A,2412,C31,10.784,22.666,-47.188,8.453
Mpro,8zbp,A12,401,1,A,2413,C33,10.624,21.743,-46.183,4.831
Mpro,8zbp,A12,401,1,A,2417,C39,8.079,18.391,-47.59,2.415
Mpro,8zbp,A12,401,1,A,2418,C41,7.162,17.348,-47.619,3.623
Mpro,8zbp,A12,401,1,A,2419,C43,5.818,17.589,-47.394,1.208
Mpro,8zbp,A12,401,1,A,2424,C51,0.601,26.017,-45.071,1.208
Mpro,8zbp,A12,401,1,A,2425,C52,0.042,27.229,-44.649,1.208
Mpro,8zbp,A12,401,1,A,2426,C54,0.293,28.398,-45.381,3.623
Mpro,8zbp,A12,401,1,A,2430,C59,1.996,28.186,-49.184,12.076
Mpro,8zbp,A12,401,1,A,2431,C61,1.778,29.585,-48.591,1.208
Mpro,8zbp,A12,401,1,A,2433,O01,5.946,29.873,-46.188,49.287
Mpro,8zbp,A12,401,1,A,2434,O03,6.639,28.102,-47.229,36.43
Mpro,8zbp,A12,401,1,A,2435,O07,4.803,25.12,-48.707,8.572
Mpro,8zbp,A12,401,1,A,2437,O17,1.592,16.479,-53.143,48.216
Mpro,8zbp,A12,401,1,A,2438,O19,1.164,15.204,-50.661,33.215
Mpro,8zbp,A12,401,1,A,2439,O21,1.208,16.607,-48.281,4.286
Mpro,8zbp,A12,401,1,A,2440,O23,1.834,21.469,-51.688,23.572
Mpro,8zbp,A12,401,1,A,2441,O24,3.692,23.255,-50.461,10.715
Mpro,8zbp,A12,401,1,A,2443,O32,11.831,23.636,-47.099,46.073
Mpro,8zbp,A12,401,1,A,2444,O34,11.475,21.751,-45.094,8.572
Mpro,8zbp,A12,401,1,A,2446,O40,9.487,18.104,-47.822,26.786
Mpro,8zbp,A12,401,1,A,2447,O42,7.58,16.033,-47.861,33.215
Mpro,8zbp,A12,401,1,A,2448,O44,4.922,16.521,-47.423,20.358
Mpro,8zbp,A12,401,1,A,2449,O47,8.45,21.983,-50.695,38.573
Mpro,8zbp,A12,401,1,A,2451,O53,-0.758,27.229,-43.507,1.071
Mpro,8zbp,A12,401,1,A,2452,O55,-0.226,29.598,-45.008,35.358
Mpro,8zbp,A12,401,1,A,2453,O60,0.703,27.756,-49.603,20.358
Mpro,8zbp,A12,401,1,A,2454,O62,1.343,29.561,-47.257,7.5
Mpro,8zbp,A12,401,1,A,2455,O63,1.953,30.611,-49.221,50.359
Mpro,8zbp,A12,401,1,A,2456,O64,2.064,23.788,-45.745,1.071
Mpro,8zbp,A12,401,1,A,2458,O67,6.323,22.126,-46.145,4.286
Mpro,8zbp,A12,401,1,A,2459,O68,4.986,25.653,-46.519,4.286
Mpro,9bbp,VAL,13,1,A,98,CG2,-0.575,24.157,-36.92,1.208
Mpro,9bbp,VAL,35,1,A,258,CG1,-8.035,12.823,-45.079,2.415
Mpro,9bbp,VAL,35,1,A,259,CG2,-6.869,12.462,-47.298,26.568
Mpro,9bbp,VAL,73,1,A,561,CA,-15.017,27.895,-50.821,2.415
Mpro,9bbp,VAL,73,1,A,564,CB,-13.58,27.797,-51.362,2.415
Mpro,9bbp,VAL,73,1,A,565,CG1,-13.484,26.733,-52.453,33.814
Mpro,9bbp,VAL,73,1,A,566,CG2,-13.097,29.147,-51.858,49.513
Mpro,9bbp,VAL,77,1,A,595,N,-16.49,16.615,-51.276,2.187
Mpro,9bbp,VAL,77,1,A,598,O,-17.354,14.066,-52.218,8.572
Mpro,9bbp,VAL,86,1,A,666,CG1,-9.987,11.731,-35.08,1.208
Mpro,9bbp,VAL,104,1,A,809,CA,2.692,11.825,-33.284,4.831
Mpro,9bbp,VAL,104,1,A,810,C,1.728,11.631,-32.118,2.415
Mpro,9bbp,VAL,104,1,A,811,O,0.735,12.35,-31.975,2.143
Mpro,9bbp,VAL,104,1,A,812,CB,3.919,12.664,-32.829,7.246
Mpro,9bbp,VAL,104,1,A,813,CG1,4.922,12.876,-33.986,25.36
Mpro,9bbp,VAL,104,1,A,814,CG2,3.473,13.998,-32.259,10.869
Mpro,9bbp,VAL,114,1,A,892,CG1,-6.072,24.22,-28.517,1.208
Mpro,9bbp,VAL,125,1,A,960,N,-4.54,31.082,-29.421,5.468
Mpro,9bbp,VAL,125,1,A,963,O,-2.904,31.097,-27.196,25.715
Mpro,9bbp,VAL,125,1,A,964,CB,-2.382,30.277,-30.283,1.208
Mpro,9bbp,VAL,125,1,A,965,CG1,-1.595,31.512,-29.93,35.021
Mpro,9bbp,VAL,171,1,A,1314,CG1,-9.038,19.588,-15.835,16.907
Mpro,9bbp,VAL,171,1,A,1315,CG2,-10.041,17.497,-16.698,1.208
Mpro,9bbp,VAL,186,1,A,1425,CA,-14.932,7.682,-24.777,1.208
Mpro,9bbp,VAL,186,1,A,1428,CB,-15.904,6.501,-24.586,7.246
Mpro,9bbp,VAL,186,1,A,1429,CG1,-15.123,5.207,-24.339,50.72
Mpro,9bbp,VAL,186,1,A,1430,CG2,-16.863,6.786,-23.432,14.492
Mpro,9bbp,VAL,202,1,A,1543,CG1,10.224,15.758,-16.328,14.492
Mpro,9bbp,VAL,212,1,A,1620,O,18.572,33.003,-13.061,17.143
Mpro,9bbp,VAL,212,1,A,1622,CG1,19.83,30.413,-11.598,19.322
Mpro,9bbp,VAL,233,1,A,1799,CA,11.26,12.958,0.098,1.208
Mpro,9bbp,VAL,233,1,A,1804,CG2,13.401,13.789,1.2,26.568
Mpro,9bbp,VAL,247,1,A,1920,O,19.464,15.033,-16.457,3.214
Mpro,9bbp,VAL,247,1,A,1922,CG1,20.37,13.395,-13.808,18.114
Mpro,9bbp,VAL,247,1,A,1923,CG2,18.232,12.707,-12.669,1.208
Mpro,9bbp,VAL,261,1,A,2011,N,22.307,19.059,-12.017,4.374
Mpro,9bbp,VAL,261,1,A,2015,CB,20.611,17.483,-12.88,2.415
Mpro,9bbp,VAL,261,1,A,2016,CG1,19.169,16.97,-12.692,1.208
Mpro,9bbp,VAL,261,1,A,2017,CG2,20.829,18.003,-14.299,4.831
Mpro,9bbp,VAL,297,1,A,2285,CA,15.783,25.659,-23.677,1.208
Mpro,9bbp,VAL,297,1,A,2289,CG1,17.486,24.477,-25.131,31.398
Mpro,9bbp,VAL,297,1,A,2290,CG2,17.01,23.653,-22.826,8.453
Mpro,9bbp,VAL,402,1,A,2327,N,15.132,29.959,-30.274,16.404
Mpro,9bbp,VAL,402,1,A,2328,CA,14.874,28.967,-31.32,10.869
Mpro,9bbp,VAL,402,1,A,2329,C,13.68,29.43,-32.152,27.775
Mpro,9bbp,VAL,402,1,A,2330,O,12.604,29.712,-31.613,35.358
Mpro,9bbp,VAL,402,1,A,2332,CG1,14.371,26.572,-31.866,43.475
Mpro,9bbp,VAL,402,1,A,2333,CG2,15.834,27.081,-29.923,19.322
Mpro,9bbp,THR,21,1,A,152,O,-21.556,18.856,-42.997,1.071
Mpro,9bbp,THR,21,1,A,154,OG1,-21.161,22.858,-41.24,5.357
Mpro,9bbp,THR,21,1,A,155,CG2,-23.199,21.625,-41.391,14.492
Mpro,9bbp,THR,24,1,A,166,N,-27.106,19.453,-38.94,3.281
Mpro,9bbp,THR,24,1,A,167,CA,-27.041,20.743,-38.263,4.831
Mpro,9bbp,THR,24,1,A,169,O,-25.631,21.932,-36.742,31.072
Mpro,9bbp,THR,24,1,A,170,CB,-28.343,21.004,-37.485,13.284
Mpro,9bbp,THR,24,1,A,171,OG1,-28.403,20.164,-36.324,33.215
Mpro,9bbp,THR,24,1,A,172,CG2,-29.562,20.76,-38.369,56.759
Mpro,9bbp,THR,25,1,A,174,CA,-23.815,19.862,-36.41,4.831
Mpro,9bbp,THR,25,1,A,178,OG1,-24.577,17.939,-35.14,11.786
Mpro,9bbp,THR,25,1,A,179,CG2,-22.245,18.549,-34.966,16.907
Mpro,9bbp,THR,26,1,A,180,N,-21.961,21.397,-36.723,3.281
Mpro,9bbp,THR,26,1,A,183,O,-19.767,22.237,-35.176,18.215
Mpro,9bbp,THR,26,1,A,184,CB,-21.008,23.441,-37.759,8.453
Mpro,9bbp,THR,26,1,A,185,OG1,-22.087,23.519,-38.703,16.072
Mpro,9bbp,THR,26,1,A,186,CG2,-19.755,24.02,-38.393,1.208
Mpro,9bbp,THR,45,1,A,335,CA,-27.779,14.812,-33.941,2.415
Mpro,9bbp,THR,45,1,A,338,CB,-29.209,14.342,-34.202,8.453
Mpro,9bbp,THR,45,1,A,339,OG1,-29.382,13.026,-33.659,6.429
Mpro,9bbp,THR,45,1,A,340,CG2,-29.504,14.322,-35.699,57.966
Mpro,9bbp,THR,93,1,A,718,CA,-8.731,19.551,-53.91,1.208
Mpro,9bbp,THR,93,1,A,722,OG1,-10.418,21.117,-54.673,25.715
Mpro,9bbp,THR,93,1,A,723,CG2,-8.354,22.021,-53.832,31.398
Mpro,9bbp,THR,98,1,A,756,O,2.159,22.247,-46.835,27.858
Mpro,9bbp,THR,98,1,A,757,CB,-0.297,20.587,-47.116,6.038
Mpro,9bbp,THR,98,1,A,759,CG2,0.018,19.431,-46.166,3.623
Mpro,9bbp,THR,111,1,A,863,N,4.274,18.927,-23.607,1.094
Mpro,9bbp,THR,111,1,A,866,O,3.904,19.682,-26.216,3.214
Mpro,9bbp,THR,111,1,A,868,OG1,5.354,21.549,-23.941,2.143
Mpro,9bbp,THR,135,1,A,1046,C,-5.448,16.662,-19.694,1.208
Mpro,9bbp,THR,135,1,A,1049,OG1,-6.491,16.041,-17.084,2.143
Mpro,9bbp,THR,169,1,A,1299,CA,-14.046,18.664,-13.316,6.038
Mpro,9bbp,THR,169,1,A,1300,C,-13.63,19.936,-14.04,1.208
Mpro,9bbp,THR,169,1,A,1301,O,-12.996,20.807,-13.436,33.215
Mpro,9bbp,THR,169,1,A,1302,CB,-12.799,17.862,-12.898,12.076
Mpro,9bbp,THR,169,1,A,1303,OG1,-12.097,17.419,-14.066,4.286
Mpro,9bbp,THR,169,1,A,1304,CG2,-13.189,16.631,-12.076,49.513
Mpro,9bbp,THR,190,1,A,1459,N,-21.634,11.383,-21.438,1.094
Mpro,9bbp,THR,190,1,A,1460,CA,-21.858,10.752,-20.148,4.831
Mpro,9bbp,THR,190,1,A,1461,C,-20.786,11.255,-19.193,3.623
Mpro,9bbp,THR,190,1,A,1462,O,-19.735,11.737,-19.617,9.643
Mpro,9bbp,THR,190,1,A,1464,OG1,-22.47,8.648,-19.101,34.287
Mpro,9bbp,THR,190,1,A,1465,CG2,-20.46,8.66,-20.446,8.453
Mpro,9bbp,THR,196,1,A,1494,N,-6.66,10.142,-10.788,5.468
Mpro,9bbp,THR,196,1,A,1495,CA,-5.94,10.987,-9.841,4.831
Mpro,9bbp,THR,196,1,A,1497,O,-3.873,10.718,-11.042,12.858
Mpro,9bbp,THR,196,1,A,1498,CB,-5.625,10.215,-8.554,9.661
Mpro,9bbp,THR,196,1,A,1499,OG1,-5.07,8.93,-8.881,35.358
Mpro,9bbp,THR,196,1,A,1500,CG2,-6.884,10.031,-7.698,61.589
Mpro,9bbp,THR,198,1,A,1511,C,1.173,14.952,-10.653,2.415
Mpro,9bbp,THR,198,1,A,1513,CB,1.21,12.454,-10.478,1.208
Mpro,9bbp,THR,198,1,A,1514,OG1,0.33,11.332,-10.621,20.358
Mpro,9bbp,THR,198,1,A,1515,CG2,2.219,12.167,-9.366,9.661
Mpro,9bbp,THR,199,1,A,1521,OG1,2.361,17.974,-8.417,33.215
Mpro,9bbp,THR,199,1,A,1522,CG2,4.469,18.436,-9.497,2.415
Mpro,9bbp,THR,224,1,A,1726,N,23.954,19.106,-2.236,6.562
Mpro,9bbp,THR,224,1,A,1729,O,22.389,17.074,-1.506,20.358
Mpro,9bbp,THR,224,1,A,1730,CB,24.861,17.59,-3.967,6.038
Mpro,9bbp,THR,224,1,A,1731,OG1,24.51,17.011,-5.232,9.643
Mpro,9bbp,THR,224,1,A,1732,CG2,25.563,16.539,-3.094,50.72
Mpro,9bbp,THR,225,1,A,1734,CA,21.508,14.986,-3.079,6.038
Mpro,9bbp,THR,225,1,A,1735,C,21.676,13.843,-4.068,1.208
Mpro,9bbp,THR,225,1,A,1736,O,22.208,14.022,-5.167,2.143
Mpro,9bbp,THR,226,1,A,1741,CA,21.158,11.545,-4.596,1.208
Mpro,9bbp,THR,226,1,A,1744,CB,21.583,10.218,-3.955,10.869
Mpro,9bbp,THR,226,1,A,1745,OG1,20.586,9.805,-3.004,5.357
Mpro,9bbp,THR,226,1,A,1746,CG2,22.932,10.351,-3.288,50.72
Mpro,9bbp,THR,243,1,A,1884,CA,14.219,8.681,-13.23,4.831
Mpro,9bbp,THR,243,1,A,1887,CB,13.458,8.022,-14.389,14.492
Mpro,9bbp,THR,243,1,A,1888,OG1,13.428,8.907,-15.518,5.357
Mpro,9bbp,THR,243,1,A,1889,CG2,12.021,7.752,-13.988,38.644
Mpro,9bbp,THR,257,1,A,1988,CA,23.491,27.505,-15.962,4.831
Mpro,9bbp,THR,257,1,A,1989,C,24.608,27.263,-14.961,3.623
Mpro,9bbp,THR,257,1,A,1990,O,24.681,27.987,-13.956,28.929
Mpro,9bbp,THR,257,1,A,1991,CB,22.191,27.266,-15.203,2.415
Mpro,9bbp,THR,257,1,A,1993,CG2,20.978,27.613,-16.073,3.623
Mpro,9bbp,THR,280,1,A,2153,N,8.039,34.292,-3.815,3.281
Mpro,9bbp,THR,280,1,A,2156,O,9.824,33.784,-5.789,2.143
Mpro,9bbp,THR,280,1,A,2158,OG1,7.38,35.955,-6.084,25.715
Mpro,9bbp,THR,280,1,A,2159,CG2,5.421,35.109,-4.96,26.568
Mpro,9bbp,THR,292,1,A,2248,CB,9.03,20.04,-21.535,7.246
Mpro,9bbp,THR,292,1,A,2249,OG1,9.354,20.913,-22.62,5.357
Mpro,9bbp,THR,292,1,A,2250,CG2,7.573,19.532,-21.625,2.415
Mpro,9bbp,THR,403,1,A,2334,N,13.869,29.505,-33.469,40.463
Mpro,9bbp,THR,403,1,A,2335,CA,12.866,29.965,-34.423,13.284
Mpro,9bbp,THR,403,1,A,2336,C,12.455,28.827,-35.351,31.398
Mpro,9bbp,THR,403,1,A,2337,O,13.026,27.733,-35.323,26.786
Mpro,9bbp,THR,403,1,A,2338,CB,13.402,31.15,-35.242,16.907
Mpro,9bbp,THR,403,1,A,2339,OG1,14.536,30.732,-36.018,40.715
Mpro,9bbp,THR,403,1,A,2340,CG2,13.81,32.291,-34.32,60.381
Mpro,9cdk,XEK,401,1,A,2386,C1,8.866,-0.383,21.17,2.415
Mpro,9cdk,XEK,401,1,A,2388,C2,9.575,-1.198,22.057,1.208
Mpro,9cdk,XEK,401,1,A,2390,C3,10.896,-0.768,22.586,1.208
Mpro,9cdk,XEK,401,1,A,2408,C12,13.967,6.989,24.084,1.208
Mpro,9cdk,XEK,401,1,A,2410,C13,12.755,6.639,24.628,2.415
Mpro,9cdk,XEK,401,1,A,2414,C15,11.102,0.566,22.953,4.831
Mpro,9cdk,XEK,401,1,A,2418,C21,7.247,-6.247,25.537,3.623
Mpro,9cdk,XEK,401,1,A,2420,C22,6.182,-6.59,23.369,3.623
Mpro,9cdk,XEK,401,1,A,2424,C25,5.698,0.61,20.19,3.623
Mpro,9cdk,XEK,401,1,A,2428,C16,9.025,-2.408,22.476,3.623
Mpro,9cdk,XEK,401,1,A,2434,C20,7.468,-4.608,23.734,2.415
Mpro,9cdk,XEK,401,1,A,2444,N1,5.937,-6.138,22.097,1.094
Mpro,9cdk,XEK,401,1,A,2452,O1,9.22,0.706,20.74,2.143
Mpro,9cdk,XEK,401,1,A,2458,O4,5.727,-7.653,23.762,9.643
Mpro,9cdk,XEK,401,1,A,2462,CL2,10.607,5.044,24.948,29.926
Mpro,9cdk,XEK,401,1,A,2466,H2,11.119,3.392,22.975,0.849
Mpro,9cdk,XEK,401,1,A,2474,H6,14.377,7.796,24.338,3.398
Mpro,9cdk,XEK,401,1,A,2476,H7,12.335,7.199,25.254,12.742
Mpro,9cdk,XEK,401,1,A,2478,H8,10.4,1.191,22.852,4.247
Mpro,9cdk,XEK,401,1,A,2482,H14,6.427,-6.563,25.95,15.291
Mpro,9cdk,XEK,401,1,A,2484,H12,7.611,-5.513,26.058,12.742
Mpro,9cdk,XEK,401,1,A,2486,H16,5.408,0.563,21.081,10.194
Mpro,9cdk,XEK,401,1,A,2492,H11,8.001,-4.103,24.326,4.247
Mpro,9cdk,XEK,401,1,A,2496,H17,4.228,1.84,19.528,9.344
Mpro,9cdk,XEK,401,1,A,2500,H10,5.443,-6.64,21.569,0.849
Mpro,9cdm,XEK,401,1,A,2352,C1,9.384,-0.36,20.729,2.415
Mpro,9cdm,XEK,401,1,A,2358,C7,12.784,1.025,23.099,1.208
Mpro,9cdm,XEK,401,1,A,2366,C15,11.55,0.568,22.648,4.831
Mpro,9cdm,XEK,401,1,A,2368,C21,8.141,-6.487,24.891,6.038
Mpro,9cdm,XEK,401,1,A,2369,C22,6.734,-6.615,22.905,1.208
Mpro,9cdm,XEK,401,1,A,2371,C25,6.232,0.672,19.796,3.623
Mpro,9cdm,XEK,401,1,A,2373,C16,9.586,-2.408,22.005,6.038
Mpro,9cdm,XEK,401,1,A,2376,C20,8.193,-4.742,23.174,3.623
Mpro,9cdm,XEK,401,1,A,2377,C23,7.603,-2.067,20.697,1.208
Mpro,9cdm,XEK,401,1,A,2378,C26,5.52,1.409,18.867,1.208
Mpro,9cdm,XEK,401,1,A,2382,N2,7.681,-5.912,23.62,1.094
Mpro,9cdm,XEK,401,1,A,2385,O1,9.75,0.739,20.335,1.071
Mpro,9cdm,XEK,401,1,A,2388,O4,6.282,-7.677,23.3,9.643
Mpro,9cdm,XEK,401,1,A,2390,CL2,12.547,5.749,25.047,26.185
Mpro,9cdm,XEK,401,1,A,2392,H2,11.622,3.797,23.584,10.194
Mpro,9cdm,XEK,401,1,A,2397,H7,14.76,7.117,24.113,6.796
Mpro,9cdm,XEK,401,1,A,2398,H8,10.79,1.126,22.722,6.796
Mpro,9cdm,XEK,401,1,A,2399,H13,8.618,-5.81,25.397,11.043
Mpro,9cdm,XEK,401,1,A,2401,H12,7.375,-6.795,25.401,13.592
Mpro,9cdm,XEK,401,1,A,2402,H16,5.965,0.657,20.695,11.043
Mpro,9cdm,XEK,401,1,A,2405,H11,8.844,-4.313,23.705,2.548
Mpro,9cdm,XEK,401,1,A,2407,H17,4.768,1.91,19.134,9.344
Mpro,9cdl,XEK,401,1,A,2406,C1,9.341,-0.127,20.77,2.415
Mpro,9cdl,XEK,401,1,A,2407,C2,10.117,-0.954,21.582,1.208
Mpro,9cdl,XEK,401,1,A,2408,C3,11.443,-0.478,22.043,1.208
Mpro,9cdl,XEK,401,1,A,2412,C7,12.837,1.211,23.086,1.208
Mpro,9cdl,XEK,401,1,A,2415,C10,12.794,5.578,24.617,3.623
Mpro,9cdl,XEK,401,1,A,2416,C11,13.509,6.705,24.985,2.415
Mpro,9cdl,XEK,401,1,A,2420,C15,11.59,0.768,22.661,4.831
Mpro,9cdl,XEK,401,1,A,2421,C17,8.41,-2.696,21.534,1.208
Mpro,9cdl,XEK,401,1,A,2422,C21,8.639,-6.423,24.72,6.038
Mpro,9cdl,XEK,401,1,A,2423,C22,7.136,-6.58,22.806,3.623
Mpro,9cdl,XEK,401,1,A,2425,C25,6.065,0.743,19.865,2.415
Mpro,9cdl,XEK,401,1,A,2427,C16,9.652,-2.214,21.95,6.038
Mpro,9cdl,XEK,401,1,A,2430,C20,8.463,-4.614,23.083,6.038
Mpro,9cdl,XEK,401,1,A,2431,C23,7.602,-1.898,20.73,1.208
Mpro,9cdl,XEK,401,1,A,2432,C26,5.357,1.505,18.953,3.623
Mpro,9cdl,XEK,401,1,A,2435,N1,6.62,-6.011,21.67,1.094
Mpro,9cdl,XEK,401,1,A,2436,N2,8.071,-5.84,23.5,1.094
Mpro,9cdl,XEK,401,1,A,2439,O1,9.672,0.995,20.413,1.071
Mpro,9cdl,XEK,401,1,A,2442,O4,6.78,-7.688,23.179,8.572
Mpro,9cdl,XEK,401,1,A,2446,H2,11.471,3.667,23.382,7.645
Mpro,9cdl,XEK,401,1,A,2448,H4,12.041,5.316,25.124,6.796
Mpro,9cdl,XEK,401,1,A,2449,H5,13.243,7.205,25.74,19.538
Mpro,9cdl,XEK,401,1,A,2450,H6,15.09,7.863,24.502,6.796
Mpro,9cdl,XEK,401,1,A,2452,H8,10.832,1.317,22.792,6.796
Mpro,9cdl,XEK,401,1,A,2453,H13,8.865,-5.712,25.342,16.14
Mpro,9cdl,XEK,401,1,A,2455,H12,7.988,-7.017,25.127,6.796
Mpro,9cdl,XEK,401,1,A,2456,H16,5.735,0.612,20.734,8.495
Mpro,9cdl,XEK,401,1,A,2457,H18,5.383,2.184,17.064,0.849
Mpro,9cdl,XEK,401,1,A,2458,H9,10.196,-2.762,22.5,1.699
Mpro,9cdl,XEK,401,1,A,2459,H11,9.106,-4.155,23.598,5.946
Mpro,9cdl,XEK,401,1,A,2461,H17,4.542,1.905,19.202,12.742
Mpro,9cdl,XEK,401,1,A,2463,H10,6.021,-6.468,21.214,1.699
Mpro,9dtz,A14,401,1,A,2330,C4,11.482,21.061,25.659,15.699
Mpro,9dtz,A14,401,1,A,2331,C5,10.673,20.772,24.567,15.699
Mpro,9dtz,A14,401,1,A,2332,C6,10.309,19.466,24.265,9.661
Mpro,9dtz,A14,401,1,A,2333,C7,10.777,18.45,25.088,2.415
Mpro,9dtz,A14,401,1,A,2334,C10,11.858,17.439,26.825,1.208
Mpro,9dtz,A14,401,1,A,2336,C17,12.872,12.649,28.443,1.208
Mpro,9dtz,A14,401,1,A,2340,C1,13.134,21.559,27.887,41.059
Mpro,9dtz,A14,401,1,A,2341,C11,11.601,18.706,26.205,2.415
Mpro,9dtz,A14,401,1,A,2342,C12,11.088,15.013,26.26,1.208
Mpro,9dtz,A14,401,1,A,2344,C29,6.477,12.999,27.578,2.415
Mpro,9dtz,A14,401,1,A,2345,C3,11.946,20.04,26.478,1.208
Mpro,9dtz,A14,401,1,A,2346,C30,5.397,13.671,26.774,16.907
Mpro,9dtz,A14,401,1,A,2348,C34,8.911,9.426,28.885,2.415
Mpro,9dtz,A14,401,1,A,2351,C40,15.233,11.801,27.727,1.208
Mpro,9dtz,A14,401,1,A,2352,C9,11.204,16.479,26.092,3.623
Mpro,9dtz,A14,401,1,A,2356,N36,8.212,8.965,29.87,12.029
Mpro,9dtz,A14,401,1,A,2357,N8,10.549,17.083,25.039,5.468
Mpro,9dtz,A14,401,1,A,2358,O13,10.459,14.334,25.451,1.071
Mpro,9dtz,A14,401,1,A,2359,O2,12.738,20.223,27.578,1.071
Mpro,9dtz,A14,401,1,A,2360,O22,9.738,13.268,28.989,20.358
Mpro,9dtz,A14,401,1,B,2348,C4,-23.043,-11.351,-3.73,12.076
Mpro,9dtz,A14,401,1,B,2349,C5,-22.478,-10.122,-3.407,14.492
Mpro,9dtz,A14,401,1,B,2350,C6,-21.805,-9.931,-2.208,8.453
Mpro,9dtz,A14,401,1,B,2351,C7,-21.707,-11.005,-1.33,3.623
Mpro,9dtz,A14,401,1,B,2352,C10,-21.966,-13.118,-0.518,1.208
Mpro,9dtz,A14,401,1,B,2356,C24,-16.754,-14.664,4.626,2.415
Mpro,9dtz,A14,401,1,B,2358,C1,-24.151,-13.875,-4.304,43.475
Mpro,9dtz,A14,401,1,B,2359,C11,-22.269,-12.263,-1.629,1.208
Mpro,9dtz,A14,401,1,B,2360,C12,-20.672,-12.761,1.704,2.415
Mpro,9dtz,A14,401,1,B,2362,C29,-15.578,-12.937,2.138,7.246
Mpro,9dtz,A14,401,1,B,2363,C3,-22.942,-12.421,-2.849,3.623
Mpro,9dtz,A14,401,1,B,2364,C30,-14.737,-11.8,1.589,18.114
Mpro,9dtz,A14,401,1,B,2366,C34,-16.431,-15.553,5.792,2.415
Mpro,9dtz,A14,401,1,B,2370,C9,-21.253,-12.381,0.393,2.415
Mpro,9dtz,A14,401,1,B,2374,N36,-15.383,-16.306,5.832,12.029
Mpro,9dtz,A14,401,1,B,2375,N8,-21.092,-11.098,-0.09,4.374
Mpro,9dtz,A14,401,1,B,2378,O22,-18.306,-15.118,2.299,21.429
Mpro,9du2,A15,401,1,A,2346,C4,-23.529,-11.335,-3.475,12.076
Mpro,9du2,A15,401,1,A,2347,C5,-22.872,-10.153,-3.144,15.699
Mpro,9du2,A15,401,1,A,2348,C6,-22.204,-10.014,-1.932,7.246
Mpro,9du2,A15,401,1,A,2349,C7,-22.209,-11.094,-1.05,3.623
Mpro,9du2,A15,401,1,A,2350,C10,-22.621,-13.199,-0.269,2.415
Mpro,9du2,A15,401,1,A,2352,C17,-21.704,-15.984,3.967,2.415
Mpro,9du2,A15,401,1,A,2353,C21,-19.455,-14.827,3.485,1.208
Mpro,9du2,A15,401,1,A,2354,C24,-17.35,-14.574,4.715,3.623
Mpro,9du2,A15,401,1,A,2355,C26,-16.865,-15.312,5.924,1.208
Mpro,9du2,A15,401,1,A,2356,C1,-24.771,-13.786,-4.089,43.475
Mpro,9du2,A15,401,1,A,2357,C11,-22.868,-12.303,-1.356,2.415
Mpro,9du2,A15,401,1,A,2358,C12,-21.243,-12.976,1.902,1.208
Mpro,9du2,A15,401,1,A,2359,C3,-23.53,-12.409,-2.589,4.831
Mpro,9du2,A15,401,1,A,2362,C40,-15.579,-11.107,2.069,18.114
Mpro,9du2,A15,401,1,A,2366,C9,-21.84,-12.53,0.646,2.415
Mpro,9du2,A15,401,1,A,2369,N38,-15.74,-15.936,6.154,9.842
Mpro,9du2,A15,401,1,A,2370,N8,-21.587,-11.255,0.183,3.281
Mpro,9du2,A15,401,1,A,2371,O13,-20.485,-12.239,2.557,1.071
Mpro,9du2,A15,401,1,A,2372,O2,-24.142,-13.606,-2.821,1.071
Mpro,9du2,A15,401,1,A,2373,O22,-18.881,-15.099,2.431,24.644
Mpro,9du2,A15,401,1,B,2345,C4,11.413,21.038,25.813,14.492
Mpro,9du2,A15,401,1,B,2346,C5,10.572,20.716,24.752,14.492
Mpro,9du2,A15,401,1,B,2347,C6,10.194,19.4,24.507,10.869
Mpro,9du2,A15,401,1,B,2348,C7,10.681,18.405,25.35,2.415
Mpro,9du2,A15,401,1,B,2349,C10,11.823,17.455,27.094,1.208
Mpro,9du2,A15,401,1,B,2353,C24,8.774,10.926,28.369,2.415
Mpro,9du2,A15,401,1,B,2355,C1,13.117,21.6,28.011,41.059
Mpro,9du2,A15,401,1,B,2356,C11,11.535,18.697,26.433,3.623
Mpro,9du2,A15,401,1,B,2357,C12,11.107,15.013,26.624,1.208
Mpro,9du2,A15,401,1,B,2358,C3,11.899,20.039,26.656,2.415
Mpro,9du2,A15,401,1,B,2361,C40,5.223,13.391,26.106,18.114
Mpro,9du2,A15,401,1,B,2365,C9,11.156,16.464,26.413,3.623
Mpro,9du2,A15,401,1,B,2368,N38,8.008,8.936,29.708,13.123
Mpro,9du2,A15,401,1,B,2369,N8,10.461,17.023,25.356,5.468
Mpro,9du2,A15,401,1,B,2370,O13,10.426,14.305,25.901,2.143
Mpro,9du2,A15,401,1,B,2371,O2,12.751,20.248,27.708,1.071
Mpro,9du2,A15,401,1,B,2372,O22,9.804,13.33,29.169,24.644
Mpro,9du4,A17,401,1,A,2330,C4,5.295,-1.838,47.755,10.869
Mpro,9du4,A17,401,1,A,2331,C5,4.607,-1.406,46.627,16.907
Mpro,9du4,A17,401,1,A,2332,C6,4.217,-2.296,45.635,14.492
Mpro,9du4,A17,401,1,A,2333,C7,4.533,-3.639,45.799,6.038
Mpro,9du4,A17,401,1,A,2334,C10,5.389,-5.524,46.752,6.038
Mpro,9du4,A17,401,1,A,2336,C17,6.018,-10.525,45.743,3.623
Mpro,9du4,A17,401,1,A,2339,C26,2.597,-12.94,42.91,4.831
Mpro,9du4,A17,401,1,A,2340,C1,6.821,-2.78,49.928,26.568
Mpro,9du4,A17,401,1,A,2341,C11,5.229,-4.11,46.931,3.623
Mpro,9du4,A17,401,1,A,2343,C3,5.608,-3.182,47.912,3.623
Mpro,9du4,A17,401,1,A,2345,C36,1.241,-9.355,42.288,1.208
Mpro,9du4,A17,401,1,A,2346,C40,-0.429,-7.236,41.552,24.153
Mpro,9du4,A17,401,1,A,2350,C9,4.807,-5.861,45.556,2.415
Mpro,9du4,A17,401,1,A,2351,N14,5.212,-8.222,45.479,1.094
Mpro,9du4,A17,401,1,A,2353,N8,4.285,-4.726,44.972,7.655
Mpro,9du4,A17,401,1,A,2354,O13,4.168,-7.229,43.739,2.143
Mpro,9du4,A17,401,1,A,2355,O2,6.302,-3.699,48.969,1.071
Mpro,9du4,A17,401,1,A,2356,O22,2.89,-9.827,45.42,25.715
Mpro,9du4,A17,401,1,A,2357,O38,1.378,-13.602,42.601,4.286
Mpro,9du3,A16,401,1,A,2341,C4,11.207,-0.462,24.296,19.322
Mpro,9du3,A16,401,1,A,2342,C5,10.363,-0.141,23.241,14.492
Mpro,9du3,A16,401,1,A,2343,C6,9.852,-1.124,22.4,14.492
Mpro,9du3,A16,401,1,A,2344,C7,10.215,-2.441,22.646,3.623
Mpro,9du3,A16,401,1,A,2345,C10,11.265,-4.221,23.601,3.623
Mpro,9du3,A16,401,1,A,2347,C17,11.467,-9.381,23.078,1.208
Mpro,9du3,A16,401,1,A,2348,C21,9.411,-8.827,21.735,1.208
Mpro,9du3,A16,401,1,A,2349,C24,7.979,-9.933,20.057,1.208
Mpro,9du3,A16,401,1,A,2351,C1,12.954,-1.189,26.375,26.568
Mpro,9du3,A16,401,1,A,2352,C11,11.064,-2.806,23.705,6.038
Mpro,9du3,A16,401,1,A,2353,C12,10.419,-6.001,21.893,1.208
Mpro,9du3,A16,401,1,A,2356,C3,11.561,-1.782,24.533,3.623
Mpro,9du3,A16,401,1,A,2357,C30,5.287,-6.414,20.239,24.153
Mpro,9du3,A16,401,1,A,2359,C34,8.071,-11.406,19.692,4.831
Mpro,9du3,A16,401,1,A,2363,C9,10.555,-4.662,22.516,4.831
Mpro,9du3,A16,401,1,A,2364,N14,10.891,-7.037,22.601,2.187
Mpro,9du3,A16,401,1,A,2367,N8,9.911,-3.594,21.928,5.468
Mpro,9du3,A16,401,1,A,2370,O22,8.474,-8.568,22.484,16.072
Mpro,9du3,A16,401,1,A,2372,O36,6.798,-11.94,19.353,3.214
Mpro,9du4,A17,401,1,B,2330,C4,-16.014,-4.107,-3.185,13.284
Mpro,9du4,A17,401,1,B,2331,C5,-15.534,-3.561,-2.0,15.699
Mpro,9du4,A17,401,1,B,2332,C6,-15.221,-4.363,-0.911,10.869
Mpro,9du4,A17,401,1,B,2333,C7,-15.399,-5.735,-1.035,3.623
Mpro,9du4,A17,401,1,B,2334,C10,-15.938,-7.735,-1.986,1.208
Mpro,9du4,A17,401,1,B,2336,C17,-16.314,-12.715,-0.683,1.208
Mpro,9du4,A17,401,1,B,2337,C21,-14.158,-12.034,0.424,1.208
Mpro,9du4,A17,401,1,B,2339,C26,-12.757,-14.66,2.396,3.623
Mpro,9du4,A17,401,1,B,2340,C1,-17.017,-5.295,-5.533,38.644
Mpro,9du4,A17,401,1,B,2341,C11,-15.883,-6.321,-2.222,1.208
Mpro,9du4,A17,401,1,B,2343,C3,-16.19,-5.48,-3.302,3.623
Mpro,9du4,A17,401,1,B,2345,C36,-11.718,-10.925,2.654,2.415
Mpro,9du4,A17,401,1,B,2346,C40,-10.237,-8.608,3.162,25.36
Mpro,9du4,A17,401,1,B,2350,C9,-15.501,-7.96,-0.706,2.415
Mpro,9du4,A17,401,1,B,2353,N8,-15.172,-6.754,-0.122,6.562
Mpro,9du4,A17,401,1,B,2354,O13,-14.928,-9.174,1.235,2.143
Mpro,9du4,A17,401,1,B,2355,O2,-16.662,-6.11,-4.419,1.071
Mpro,9du4,A17,401,1,B,2356,O22,-13.255,-11.735,-0.353,18.215
Mpro,9du4,A17,401,1,B,2357,O38,-11.497,-15.186,2.791,4.286
Mpro,9e7b,A18,401,1,A,4948,C4,10.368,24.609,23.519,6.038
Mpro,9e7b,A18,401,1,A,4951,C6,6.309,22.83,25.523,1.208
Mpro,9e7b,A18,401,1,A,4961,C3,9.762,22.239,24.153,7.246
Mpro,9e7b,A18,401,1,A,4974,C24,9.756,25.151,18.179,2.415
Mpro,9e7b,A18,401,1,A,4976,F1,5.333,20.791,24.791,2.07
Mpro,9e7b,A18,401,1,A,4979,N4,8.14,31.182,19.136,2.187
Mpro,9e7b,A18,401,1,A,4983,O3,9.08,27.776,22.15,9.643
Mpro,9e7b,A18,401,1,A,4985,H8,10.442,24.989,24.533,8.495
Mpro,9e7b,A18,401,1,A,4986,H9,11.318,24.173,23.227,18.689
Mpro,9e7b,A18,401,1,A,4991,H12,9.377,27.436,25.131,3.398
Mpro,9e7b,A18,401,1,A,4996,H6,9.107,21.408,23.901,12.742
Mpro,9e7b,A18,401,1,A,4997,H4,10.773,22.017,23.82,17.839
Mpro,9e7b,A18,401,1,A,4998,H5,9.76,22.388,25.229,5.946
Mpro,9e7b,A18,401,1,A,5001,H1,9.465,22.39,21.609,11.893
Mpro,9e7b,A18,401,1,A,5003,H18,8.094,29.488,24.267,5.946
Mpro,9e7b,A18,401,1,A,5006,H22,8.843,28.752,20.085,1.699
Mpro,9e7b,A18,401,1,A,5012,H31,9.85,24.344,18.913,5.097
Mpro,9e7b,A18,401,1,A,5013,H30,10.661,25.221,17.566,9.344
Mpro,9e7b,A18,401,1,A,5014,H24,9.104,31.055,19.101,5.097
Mpro,9e7b,A18,401,1,A,5015,H32,8.463,24.052,16.807,0.849
Mpro,9e7s,A18,401,1,A,4763,C4,-26.07,19.907,2.046,8.453
Mpro,9e7s,A18,401,1,A,4770,C9,-26.601,15.353,3.686,1.208
Mpro,9e7s,A18,401,1,A,4778,C1,-25.824,17.49,1.215,4.831
Mpro,9e7s,A18,401,1,A,4789,C24,-20.73,16.881,-0.573,3.623
Mpro,9e7s,A18,401,1,A,4791,F1,-24.618,21.364,6.335,2.07
Mpro,9e7s,A18,401,1,A,4794,N4,-20.935,10.921,1.161,7.655
Mpro,9e7s,A18,401,1,A,4798,O3,-23.898,14.373,1.764,9.643
Mpro,9e7s,A18,401,1,A,4800,H8,-26.375,20.034,1.013,17.839
Mpro,9e7s,A18,401,1,A,4801,H9,-26.949,19.825,2.676,1.699
Mpro,9e7s,A18,401,1,A,4802,H7,-25.482,20.765,2.357,13.592
Mpro,9e7s,A18,401,1,A,4806,H12,-26.762,14.754,2.79,5.946
Mpro,9e7s,A18,401,1,A,4807,H13,-27.136,16.302,3.636,0.849
Mpro,9e7s,A18,401,1,A,4812,H4,-23.675,19.555,0.972,11.043
Mpro,9e7s,A18,401,1,A,4815,H3,-26.773,17.188,1.58,9.344
Mpro,9e7s,A18,401,1,A,4816,H1,-25.93,17.884,0.235,19.538
Mpro,9e7s,A18,401,1,A,4817,H2,-25.171,16.654,1.19,1.699
Mpro,9e7s,A18,401,1,A,4818,H18,-25.341,12.644,3.64,6.796
Mpro,9e7s,A18,401,1,A,4821,H22,-21.873,13.217,0.996,1.699
Mpro,9e7s,A18,401,1,A,4827,H31,-21.446,17.665,-0.303,5.097
Mpro,9e7s,A18,401,1,A,4828,H30,-20.61,16.828,-1.66,7.645
Mpro,9e7s,A18,401,1,A,4830,H32,-18.939,18.028,-0.061,0.849
Mpro,9el4,V2M,402,1,A,2395,C1,13.357,11.886,26.915,8.453
Mpro,9el4,V2M,402,1,A,2396,O2,13.047,10.578,26.491,1.071
Mpro,9el4,V2M,402,1,A,2397,C3,12.2,10.406,25.456,1.208
Mpro,9el4,V2M,402,1,A,2398,C4,11.626,11.294,24.597,4.831
Mpro,9el4,V2M,402,1,A,2399,C5,10.734,10.885,23.567,7.246
Mpro,9el4,V2M,402,1,A,2400,C6,10.385,9.557,23.387,6.038
Mpro,9el4,V2M,402,1,A,2401,C7,10.985,8.681,24.283,2.415
Mpro,9el4,V2M,402,1,A,2402,N8,10.866,7.318,24.394,1.094
Mpro,9el4,V2M,402,1,A,2403,C9,11.668,6.838,25.36,1.208
Mpro,9el4,V2M,402,1,A,2404,C10,12.263,7.892,26.048,1.208
Mpro,9el4,V2M,402,1,A,2405,C11,11.878,9.046,25.307,2.415
Mpro,9el4,V2M,402,1,A,2406,C12,11.521,5.408,25.601,1.208
Mpro,9el4,V2M,402,1,A,2407,O13,10.651,4.765,25.02,1.071
Mpro,9el4,V2M,402,1,A,2415,O22,10.186,3.763,28.423,13.929
Mpro,9el4,V2M,402,1,A,2421,C30,5.536,3.921,26.181,1.208
Mpro,9el4,V2M,402,1,A,2427,C36,10.237,0.499,29.62,1.208
Mpro,9el4,V2M,402,1,A,2428,O37,10.582,-0.612,30.443,4.286
Mpro,9el4,V2M,402,1,A,2429,H1,13.965,12.319,26.123,10.194
Mpro,9el4,V2M,402,1,A,2430,H2,13.901,11.773,27.852,11.893
Mpro,9el4,V2M,402,1,A,2431,H3,12.401,12.392,27.04,18.689
Mpro,9el4,V2M,402,1,A,2432,H4,11.844,12.349,24.685,9.344
Mpro,9el4,V2M,402,1,A,2433,H5,10.322,11.641,22.909,11.043
Mpro,9el4,V2M,402,1,A,2434,H6,9.701,9.231,22.613,3.398
Mpro,9el4,V2M,402,1,A,2439,H11,13.108,3.982,28.863,0.849
Mpro,9el4,V2M,402,1,A,2449,H21,8.581,2.024,28.287,0.849
Mpro,9el4,V2M,402,1,A,2454,H26,7.14,3.831,27.646,6.796
Mpro,9el4,V2M,402,1,A,2455,H27,4.564,3.968,26.688,5.946
Mpro,9el4,V2M,402,1,A,2456,H28,5.859,4.947,25.966,12.742
Mpro,9el4,V2M,402,1,A,2457,H29,4.708,3.098,24.319,4.247
Mpro,9el4,V2M,402,1,A,2458,H31,7.542,0.097,29.104,0.849
Mpro,9el4,V2M,402,1,A,2460,H33,9.652,1.231,30.191,14.441
Mpro,9el4,V2M,402,1,A,2461,H34,9.775,-1.124,30.595,0.849
Mpro,9eev,4WI,401,1,A,2329,C3,42.158,-28.916,-11.479,9.661
Mpro,9eev,4WI,401,1,A,2332,C21,41.931,-21.553,-17.347,1.208
Mpro,9eev,4WI,401,1,A,2333,C6,41.893,-25.024,-9.439,7.246
Mpro,9eev,4WI,401,1,A,2334,C7,41.343,-24.136,-8.325,22.945
Mpro,9eev,4WI,401,1,A,2335,C10,43.759,-25.324,-15.948,1.208
Mpro,9eev,4WI,401,1,A,2343,C16,45.039,-21.583,-14.875,22.945
Mpro,9eev,4WI,401,1,A,2344,C17,43.932,-23.09,-13.179,24.153
Mpro,9eev,4WI,401,1,A,2345,C23,42.948,-20.815,-13.696,21.737
Mpro,9eev,4WI,401,1,A,2347,C2,41.909,-27.416,-11.392,2.415
Mpro,9eev,4WI,401,1,A,2351,N5,41.862,-29.66,-10.506,10.936
Mpro,9eev,4WI,401,1,A,2352,N2,39.955,-24.556,-8.175,2.187
Mpro,9eev,4WI,401,1,A,2357,O2,43.335,-27.682,-13.902,12.858
Mpro,9eev,4WI,401,1,A,2361,F2,41.637,-19.272,-17.917,4.14
Mpro,9e8r,A18,401,1,A,5063,C6,6.316,22.644,25.48,1.208
Mpro,9e8r,A18,401,1,A,5073,C3,10.294,24.622,23.563,7.246
Mpro,9e8r,A18,401,1,A,5075,C1,9.796,22.179,24.154,4.831
Mpro,9e8r,A18,401,1,A,5082,C20,7.397,30.246,19.587,1.208
Mpro,9e8r,A18,401,1,A,5086,C24,9.74,25.089,18.184,2.415
Mpro,9e8r,A18,401,1,A,5089,F2,5.45,20.611,24.723,2.07
Mpro,9e8r,A18,401,1,A,5090,F3,4.68,21.414,26.647,1.035
Mpro,9e8r,A18,401,1,A,5091,N4,8.248,31.017,19.147,5.468
Mpro,9e8r,A18,401,1,A,5093,O1,6.764,23.048,26.519,2.143
Mpro,9e8r,A18,401,1,A,5095,O3,9.04,27.718,22.202,10.715
Mpro,9e8r,A18,401,1,A,5097,H8,9.705,22.581,21.556,12.742
Mpro,9e8r,A18,401,1,A,5098,H9,7.971,22.723,21.889,0.849
Mpro,9e8r,A18,401,1,A,5103,H12,9.277,27.305,25.252,5.097
Mpro,9e8r,A18,401,1,A,5108,H6,10.397,24.927,24.601,10.194
Mpro,9e8r,A18,401,1,A,5109,H4,11.25,24.259,23.195,17.839
Mpro,9e8r,A18,401,1,A,5112,H3,9.229,21.343,23.831,12.742
Mpro,9e8r,A18,401,1,A,5113,H1,10.814,22.041,23.887,18.689
Mpro,9e8r,A18,401,1,A,5114,H2,9.717,22.275,25.207,7.645
Mpro,9e8r,A18,401,1,A,5115,H18,7.981,29.443,24.307,5.946
Mpro,9e8r,A18,401,1,A,5118,H22,8.84,28.662,20.03,1.699
Mpro,9e8r,A18,401,1,A,5124,H31,9.831,24.266,18.901,5.946
Mpro,9e8r,A18,401,1,A,5125,H30,10.643,25.165,17.569,8.495
Mpro,9e8r,A18,401,1,A,5127,H32,8.432,24.014,16.784,0.849
Mpro,9el4,V2M,402,1,B,2377,C1,-23.744,-23.564,-4.327,10.869
Mpro,9el4,V2M,402,1,B,2378,O2,-22.973,-23.435,-3.163,1.071
Mpro,9el4,V2M,402,1,B,2379,C3,-22.52,-22.195,-2.944,3.623
Mpro,9el4,V2M,402,1,B,2380,C4,-22.563,-21.094,-3.777,4.831
Mpro,9el4,V2M,402,1,B,2381,C5,-22.002,-19.876,-3.376,7.246
Mpro,9el4,V2M,402,1,B,2382,C6,-21.386,-19.764,-2.162,4.831
Mpro,9el4,V2M,402,1,B,2383,C7,-21.359,-20.886,-1.336,3.623
Mpro,9el4,V2M,402,1,B,2385,C9,-20.953,-22.384,0.287,3.623
Mpro,9el4,V2M,402,1,B,2386,C10,-21.704,-23.06,-0.677,1.208
Mpro,9el4,V2M,402,1,B,2387,C11,-21.914,-22.117,-1.694,1.208
Mpro,9el4,V2M,402,1,B,2397,O22,-18.173,-25.134,2.333,12.858
Mpro,9el4,V2M,402,1,B,2403,C30,-14.091,-21.891,1.797,2.415
Mpro,9el4,V2M,402,1,B,2408,O35,-15.074,-25.651,5.935,1.071
Mpro,9el4,V2M,402,1,B,2410,O37,-17.0,-27.69,6.488,1.071
Mpro,9el4,V2M,402,1,B,2411,H1,-23.896,-24.633,-4.466,11.043
Mpro,9el4,V2M,402,1,B,2412,H2,-23.156,-23.113,-5.125,16.99
Mpro,9el4,V2M,402,1,B,2413,H3,-24.671,-23.027,-4.13,5.097
Mpro,9el4,V2M,402,1,B,2414,H4,-23.03,-21.154,-4.75,9.344
Mpro,9el4,V2M,402,1,B,2415,H5,-22.062,-19.021,-4.04,10.194
Mpro,9el4,V2M,402,1,B,2416,H6,-20.932,-18.83,-1.854,3.398
Mpro,9el4,V2M,402,1,B,2436,H26,-15.408,-23.606,1.833,3.398
Mpro,9el4,V2M,402,1,B,2437,H27,-14.553,-21.634,0.835,15.291
Mpro,9el4,V2M,402,1,B,2438,H28,-13.051,-22.185,1.608,4.247
Mpro,9el4,V2M,402,1,B,2439,H29,-13.575,-19.998,2.757,3.398
Mpro,9el4,V2M,402,1,B,2442,H33,-16.909,-26.86,4.6,7.645
Mpro,9el4,V2M,402,1,B,2443,H34,-17.151,-28.516,6.001,7.645
Mpro,9elv,V2M,402,1,B,2377,C1,-23.744,-23.564,-4.327,10.869
Mpro,9elv,V2M,402,1,B,2378,O2,-22.973,-23.435,-3.163,1.071
Mpro,9elv,V2M,402,1,B,2379,C3,-22.52,-22.195,-2.944,3.623
Mpro,9elv,V2M,402,1,B,2380,C4,-22.563,-21.094,-3.777,4.831
Mpro,9elv,V2M,402,1,B,2381,C5,-22.002,-19.876,-3.376,7.246
Mpro,9elv,V2M,402,1,B,2382,C6,-21.386,-19.764,-2.162,4.831
Mpro,9elv,V2M,402,1,B,2383,C7,-21.359,-20.886,-1.336,3.623
Mpro,9elv,V2M,402,1,B,2385,C9,-20.953,-22.384,0.287,3.623
Mpro,9elv,V2M,402,1,B,2386,C10,-21.704,-23.06,-0.677,1.208
Mpro,9elv,V2M,402,1,B,2387,C11,-21.914,-22.117,-1.694,1.208
Mpro,9elv,V2M,402,1,B,2397,O22,-18.173,-25.134,2.333,12.858
Mpro,9elv,V2M,402,1,B,2403,C30,-14.091,-21.891,1.797,2.415
Mpro,9elv,V2M,402,1,B,2408,O35,-15.074,-25.651,5.935,1.071
Mpro,9elv,V2M,402,1,B,2410,O37,-17.0,-27.69,6.488,1.071
Mpro,9elv,V2M,402,1,B,2411,H1,-23.896,-24.633,-4.466,11.043
Mpro,9elv,V2M,402,1,B,2412,H2,-23.156,-23.113,-5.125,16.99
Mpro,9elv,V2M,402,1,B,2413,H3,-24.671,-23.027,-4.13,5.097
Mpro,9elv,V2M,402,1,B,2414,H4,-23.03,-21.154,-4.75,9.344
Mpro,9elv,V2M,402,1,B,2415,H5,-22.062,-19.021,-4.04,10.194
Mpro,9elv,V2M,402,1,B,2416,H6,-20.932,-18.83,-1.854,3.398
Mpro,9elv,V2M,402,1,B,2436,H26,-15.408,-23.606,1.833,3.398
Mpro,9elv,V2M,402,1,B,2437,H27,-14.553,-21.634,0.835,15.291
Mpro,9elv,V2M,402,1,B,2438,H28,-13.051,-22.185,1.608,4.247
Mpro,9elv,V2M,402,1,B,2439,H29,-13.575,-19.998,2.757,3.398
Mpro,9elv,V2M,402,1,B,2442,H33,-16.909,-26.86,4.6,7.645
Mpro,9elv,V2M,402,1,B,2443,H34,-17.151,-28.516,6.001,7.645
Mpro,9elv,V2M,402,1,A,2395,C1,13.357,11.886,26.915,8.453
Mpro,9elv,V2M,402,1,A,2396,O2,13.047,10.578,26.491,1.071
Mpro,9elv,V2M,402,1,A,2397,C3,12.2,10.406,25.456,1.208
Mpro,9elv,V2M,402,1,A,2398,C4,11.626,11.294,24.597,4.831
Mpro,9elv,V2M,402,1,A,2399,C5,10.734,10.885,23.567,7.246
Mpro,9elv,V2M,402,1,A,2400,C6,10.385,9.557,23.387,6.038
Mpro,9elv,V2M,402,1,A,2401,C7,10.985,8.681,24.283,2.415
Mpro,9elv,V2M,402,1,A,2402,N8,10.866,7.318,24.394,1.094
Mpro,9elv,V2M,402,1,A,2403,C9,11.668,6.838,25.36,1.208
Mpro,9elv,V2M,402,1,A,2404,C10,12.263,7.892,26.048,1.208
Mpro,9elv,V2M,402,1,A,2405,C11,11.878,9.046,25.307,2.415
Mpro,9elv,V2M,402,1,A,2406,C12,11.521,5.408,25.601,1.208
Mpro,9elv,V2M,402,1,A,2407,O13,10.651,4.765,25.02,1.071
Mpro,9elv,V2M,402,1,A,2415,O22,10.186,3.763,28.423,13.929
Mpro,9elv,V2M,402,1,A,2421,C30,5.536,3.921,26.181,1.208
Mpro,9elv,V2M,402,1,A,2427,C36,10.237,0.499,29.62,1.208
Mpro,9elv,V2M,402,1,A,2428,O37,10.582,-0.612,30.443,4.286
Mpro,9elv,V2M,402,1,A,2429,H1,13.965,12.319,26.123,10.194
Mpro,9elv,V2M,402,1,A,2430,H2,13.901,11.773,27.852,11.893
Mpro,9elv,V2M,402,1,A,2431,H3,12.401,12.392,27.04,18.689
Mpro,9elv,V2M,402,1,A,2432,H4,11.844,12.349,24.685,9.344
Mpro,9elv,V2M,402,1,A,2433,H5,10.322,11.641,22.909,11.043
Mpro,9elv,V2M,402,1,A,2434,H6,9.701,9.231,22.613,3.398
Mpro,9elv,V2M,402,1,A,2439,H11,13.108,3.982,28.863,0.849
Mpro,9elv,V2M,402,1,A,2449,H21,8.581,2.024,28.287,0.849
Mpro,9elv,V2M,402,1,A,2454,H26,7.14,3.831,27.646,6.796
Mpro,9elv,V2M,402,1,A,2455,H27,4.564,3.968,26.688,5.946
Mpro,9elv,V2M,402,1,A,2456,H28,5.859,4.947,25.966,12.742
Mpro,9elv,V2M,402,1,A,2457,H29,4.708,3.098,24.319,4.247
Mpro,9elv,V2M,402,1,A,2458,H31,7.542,0.097,29.104,0.849
Mpro,9elv,V2M,402,1,A,2460,H33,9.652,1.231,30.191,14.441
Mpro,9elv,V2M,402,1,A,2461,H34,9.775,-1.124,30.595,0.849
Mpro,9g0h,A19,402,1,A,4734,C17,-22.826,4.855,32.522,4.831
Mpro,9g0h,A19,402,1,A,4735,C18,-22.503,3.529,32.763,1.208
Mpro,9g0h,A19,402,1,A,4742,C26,-29.05,6.405,27.027,1.208
Mpro,9g0h,A19,402,1,A,4743,C27,-27.977,6.827,26.057,1.208
Mpro,9g0h,A19,402,1,A,4744,C28,-27.29,8.005,26.104,6.038
Mpro,9g0h,A19,402,1,A,4746,C30,-26.531,6.592,24.234,4.831
Mpro,9g0h,A19,402,1,A,4747,C31,-27.533,6.014,24.972,2.415
Mpro,9g0h,A19,402,1,A,4749,C35,-22.303,7.767,26.928,1.208
Mpro,9g0h,A19,402,1,A,4750,C36,-21.124,7.42,27.867,3.623
Mpro,9g0h,A19,402,1,A,4755,C8,-16.25,8.099,25.294,8.453
Mpro,9g0h,A19,402,1,A,4761,N32,-26.992,6.298,29.188,1.094
Mpro,9g0h,A19,402,1,A,4762,N33,-25.712,6.195,29.451,6.562
Mpro,9g0h,A19,402,1,A,4764,O1,-20.912,5.518,23.833,1.071
Mpro,9g0h,A19,402,1,A,4765,S29,-26.131,8.13,24.864,33.457
Mpro,9g0h,A19,402,1,A,4768,H12,-21.101,5.817,29.262,2.548
Mpro,9g0h,A19,402,1,A,4771,H17,-22.772,5.504,33.253,0.849
Mpro,9g0h,A19,402,1,A,4777,H26A,-29.882,6.239,26.54,3.398
Mpro,9g0h,A19,402,1,A,4779,H28,-27.392,8.742,26.741,11.043
Mpro,9g0h,A19,402,1,A,4780,H30,-26.065,6.238,23.449,14.441
Mpro,9g0h,A19,402,1,A,4783,H35B,-22.792,8.551,27.251,16.99
Mpro,9g0h,A19,402,1,A,4785,H36A,-21.073,8.051,28.614,17.839
Mpro,9g0h,A19,402,1,A,4786,H36B,-20.27,7.477,27.392,2.548
Mpro,9g0h,A19,402,1,A,4787,H37A,-23.177,4.617,26.043,1.699
Mpro,9g0h,A19,402,1,A,4788,H37B,-22.916,5.76,24.989,2.548
Mpro,9g0h,A19,402,1,A,4791,H8C,-16.899,8.83,25.358,11.043
Mpro,9g0h,A19,402,1,A,4792,H8A,-15.746,8.194,24.46,3.398
Mpro,9g0h,A19,402,1,A,4795,HN13,-23.209,6.545,28.915,0.849
Mpro,9gf7,A21,401,1,A,2378,C9,-20.233,3.728,13.051,9.661
Mpro,9gf7,A21,401,1,A,2379,C10,-20.784,5.019,12.974,28.983
Mpro,9gf7,A21,401,1,A,2380,C11,-20.932,5.773,14.095,15.699
Mpro,9gf7,A21,401,1,A,2384,N2,-19.967,0.835,14.733,6.562
Mpro,9gf7,A21,401,1,A,2387,C16,-20.648,6.022,16.534,9.661
Mpro,9gf7,A21,401,1,A,2389,O3,-20.385,-1.795,13.221,25.715
Mpro,9gf7,A21,401,1,A,2392,C22,-18.877,0.725,10.094,2.415
Mpro,9gf7,A21,401,1,A,2393,C23,-18.62,2.034,9.379,21.737
Mpro,9gf7,A21,401,1,A,2398,O4,-17.676,-4.128,10.697,5.357
Mpro,9gij,A22,401,1,A,2382,C8,-22.523,-16.994,7.498,1.208
Mpro,9gij,A22,401,1,A,2383,C11,-23.612,-15.077,5.809,3.623
Mpro,9gij,A22,401,1,A,2386,C15,-21.581,-12.245,1.144,8.453
Mpro,9gij,A22,401,1,A,2389,C19,-21.853,-15.124,2.494,3.623
Mpro,9gij,A22,401,1,A,2391,C23,-23.151,-17.061,0.715,32.606
Mpro,9gij,A22,401,1,A,2396,C33,-19.187,-16.388,-1.776,1.208
Mpro,9gij,A22,401,1,A,2397,C34,-21.246,-19.547,0.627,1.208
Mpro,9gij,A22,401,1,A,2398,C37,-21.997,-21.165,2.316,36.229
Mpro,9gij,A22,401,1,A,2399,O1,-22.454,-11.878,5.263,2.143
Mpro,9gij,A22,401,1,A,2401,C9,-23.836,-17.06,7.139,26.568
Mpro,9gij,A22,401,1,A,2402,C10,-24.382,-16.096,6.29,24.153
Mpro,9gij,A22,401,1,A,2403,C14,-22.09,-11.812,2.543,21.737
Mpro,9gij,A22,401,1,A,2406,C26,-21.106,-17.929,-1.356,2.415
Mpro,9gij,A22,401,1,A,2407,C28,-21.413,-15.482,-1.883,3.623
Mpro,9gij,A22,401,1,A,2408,C29,-20.875,-14.23,-2.159,1.208
Mpro,9gij,A22,401,1,A,2410,O35,-21.015,-20.484,-0.125,16.072
Mpro,9gij,A22,401,1,A,2411,N36,-21.725,-19.79,1.865,5.468
Mpro,9gil,A23,401,1,A,2425,C3,-16.178,-2.344,27.947,1.208
Mpro,9gil,A23,401,1,A,2426,C4,-16.421,-1.057,27.497,4.831
Mpro,9gil,A23,401,1,A,2428,C6,-14.865,-0.211,29.116,3.623
Mpro,9gil,A23,401,1,A,2430,C8,-15.986,1.42,27.599,7.246
Mpro,9gil,A23,401,1,A,2434,C18,-14.661,-3.947,24.619,13.284
Mpro,9gil,A23,401,1,A,2435,C19,-14.17,-4.074,23.168,19.322
Mpro,9gil,A23,401,1,A,2438,C24,-11.971,-0.528,21.088,1.208
Mpro,9gil,A23,401,1,A,2439,C27,-12.787,2.27,20.427,8.453
Mpro,9gil,A23,401,1,A,2440,C30,-13.73,4.307,22.29,1.208
Mpro,9gil,A23,401,1,A,2441,C31,-14.811,5.026,23.106,28.983
Mpro,9gil,A23,401,1,A,2442,C32,-14.567,4.874,24.605,8.453
Mpro,9gil,A23,401,1,A,2443,C34,-14.721,3.163,26.288,2.415
Mpro,9gil,A23,401,1,A,2448,N11,-14.818,0.81,25.55,4.374
Mpro,9gil,A23,401,1,A,2450,C14,-13.932,-0.877,23.976,12.076
Mpro,9gil,A23,401,1,A,2452,O22,-12.623,-3.604,20.917,2.143
Mpro,9gil,A23,401,1,A,2454,C26,-11.525,1.869,20.35,2.415
Mpro,9gil,A23,401,1,A,2455,C28,-13.206,3.608,19.891,28.983
Mpro,9gil,A23,401,1,A,2456,C29,-14.242,4.204,20.85,27.775
Mpro,9gil,A23,401,1,A,2457,O33,-14.656,3.474,24.987,3.214
Mpro,9gil,A23,401,1,A,2458,O35,-14.667,4.023,27.141,17.143
Mpro,9g0i,A20,403,1,A,4776,C16,-22.978,4.929,32.211,1.208
Mpro,9g0i,A20,403,1,A,4782,C27,-27.032,3.915,25.89,10.869
Mpro,9g0i,A20,403,1,A,4784,C35,-22.477,6.966,27.309,4.831
Mpro,9g0i,A20,403,1,A,4785,C36,-21.208,6.819,28.18,7.246
Mpro,9g0i,A20,403,1,A,4788,C8,-16.042,8.01,25.437,8.453
Mpro,9g0i,A20,403,1,A,4794,N32,-26.949,5.734,29.087,1.094
Mpro,9g0i,A20,403,1,A,4795,N33,-25.767,6.138,29.469,4.374
Mpro,9g0i,A20,403,1,A,4809,H26B,-28.598,4.906,26.756,6.796
Mpro,9g0i,A20,403,1,A,4812,H14,-23.289,6.192,30.003,2.548
Mpro,9g0i,A20,403,1,A,4813,H16,-23.218,5.862,32.385,0.849
Mpro,9g0i,A20,403,1,A,4817,H12,-20.792,5.17,29.451,1.699
Mpro,9g0i,A20,403,1,A,4819,H34,-24.008,5.509,27.08,1.699
Mpro,9g0i,A20,403,1,A,4820,H35B,-23.122,7.573,27.726,13.592
Mpro,9g0i,A20,403,1,A,4821,H35A,-22.262,7.352,26.435,8.495
Mpro,9g0i,A20,403,1,A,4822,H36A,-21.26,7.389,28.974,15.291
Mpro,9g0i,A20,403,1,A,4823,H36B,-20.41,7.097,27.685,5.097
Mpro,9g0i,A20,403,1,A,4824,H37A,-22.638,3.812,26.081,0.849
Mpro,9g0i,A20,403,1,A,4825,H37B,-22.609,5.104,25.177,8.495
Mpro,9g0i,A20,403,1,A,4827,H8A,-16.72,8.716,25.459,11.043
Mpro,9g0i,A20,403,1,A,4828,H8B,-15.49,8.125,24.636,4.247
Mpro,9g0i,A20,403,1,A,4829,H8C,-15.473,8.091,26.229,0.849
Mpro,9gil,A23,401,1,B,2424,C4,32.522,3.464,2.14,4.831
Mpro,9gil,A23,401,1,B,2426,C6,30.929,4.669,0.789,1.208
Mpro,9gil,A23,401,1,B,2428,C8,31.985,5.839,2.737,9.661
Mpro,9gil,A23,401,1,B,2432,C18,30.914,-0.224,3.976,4.831
Mpro,9gil,A23,401,1,B,2433,C19,30.453,-0.853,5.294,19.322
Mpro,9gil,A23,401,1,B,2436,C24,28.25,1.77,8.492,1.208
Mpro,9gil,A23,401,1,B,2437,C27,28.975,4.36,9.859,7.246
Mpro,9gil,A23,401,1,B,2438,C30,30.132,6.85,8.717,1.208
Mpro,9gil,A23,401,1,B,2439,C31,31.145,7.893,8.23,30.191
Mpro,9gil,A23,401,1,B,2440,C32,30.884,8.274,6.761,8.453
Mpro,9gil,A23,401,1,B,2441,C34,30.914,7.124,4.591,2.415
Mpro,9gil,A23,401,1,B,2444,CL1,31.213,1.023,-0.749,1.247
Mpro,9gil,A23,401,1,B,2446,N11,31.053,4.628,4.665,5.468
Mpro,9gil,A23,401,1,B,2448,C14,30.23,2.468,5.69,13.284
Mpro,9gil,A23,401,1,B,2450,O22,28.93,-1.241,7.582,4.286
Mpro,9gil,A23,401,1,B,2452,C26,27.778,3.783,9.969,3.623
Mpro,9gil,A23,401,1,B,2453,C28,29.43,5.466,10.782,30.191
Mpro,9gil,A23,401,1,B,2454,C29,30.48,6.398,10.145,28.983
Mpro,9gil,A23,401,1,B,2455,O33,30.881,7.076,5.938,1.071
Mpro,9gil,A23,401,1,B,2456,O35,30.919,8.179,3.977,17.143
Mpro,9glv,A24,401,1,A,2396,C8,20.546,6.629,19.499,1.208
Mpro,9glv,A24,401,1,A,2401,C23,24.196,5.551,20.958,9.661
Mpro,9glv,A24,401,1,A,2405,C33,20.621,4.029,25.269,2.415
Mpro,9glv,A24,401,1,A,2409,C39,18.864,6.477,26.432,1.208
Mpro,9glv,A24,401,1,A,2411,F1,18.362,10.739,20.63,37.263
Mpro,9glv,A24,401,1,A,2412,F3,17.278,9.433,19.111,7.246
Mpro,9glv,A24,401,1,A,2413,F4,17.374,8.788,21.194,1.035
Mpro,9glv,A24,401,1,A,2414,O6,20.405,9.387,19.692,16.072
Mpro,9glv,A24,401,1,A,2417,C13,18.877,7.183,15.291,3.623
Mpro,9glv,A24,401,1,A,2418,C14,18.921,7.738,16.732,3.623
Mpro,9glv,A24,401,1,A,2422,C22,24.511,4.294,21.803,4.831
Mpro,9glv,A24,401,1,A,2426,O31,21.867,5.543,23.391,17.143
Mpro,9glv,A24,401,1,A,2428,N36,21.246,3.386,27.38,10.936
Mpro,9glv,A24,401,1,A,2429,C41,17.456,8.624,26.643,21.737
Mpro,9glv,A24,401,1,A,2430,C42,18.419,7.902,24.424,13.284
Mpro,9glv,A24,401,1,B,2380,C23,-18.194,-12.819,50.176,13.284
Mpro,9glv,A24,401,1,B,2383,C30,-15.357,-11.788,48.426,1.208
Mpro,9glv,A24,401,1,B,2384,C33,-13.308,-12.136,47.143,3.623
Mpro,9glv,A24,401,1,B,2388,C39,-13.752,-12.629,43.997,1.208
Mpro,9glv,A24,401,1,B,2390,F1,-20.382,-10.805,43.025,35.193
Mpro,9glv,A24,401,1,B,2391,F3,-20.865,-8.664,43.589,12.421
Mpro,9glv,A24,401,1,B,2393,O6,-20.8,-10.933,45.646,17.143
Mpro,9glv,A24,401,1,B,2396,C13,-22.282,-6.402,47.544,8.453
Mpro,9glv,A24,401,1,B,2397,C14,-21.375,-7.332,46.702,2.415
Mpro,9glv,A24,401,1,B,2401,C22,-16.823,-13.044,50.838,12.076
Mpro,9glv,A24,401,1,B,2405,O31,-15.967,-12.511,47.665,17.143
Mpro,9glv,A24,401,1,B,2407,N36,-11.474,-13.526,47.148,10.936
Mpro,9glv,A24,401,1,B,2408,C41,-14.374,-12.603,41.508,20.53
Mpro,9glv,A24,401,1,B,2409,C42,-16.013,-11.687,43.228,14.492
Mpro,9gmq,MXU,401,1,A,2371,C5,-9.948,2.774,21.654,4.831
Mpro,9gmq,MXU,401,1,A,2373,C7,-8.773,0.69,17.156,6.038
Mpro,9gmq,MXU,401,1,A,2375,C10,-9.285,-0.881,14.692,47.098
Mpro,9gmq,MXU,401,1,A,2376,C13,-8.251,3.693,23.783,2.415
Mpro,9gmq,MXU,401,1,A,2380,C21,-7.428,-2.679,22.889,4.831
Mpro,9gmq,MXU,401,1,A,2381,C22,-7.109,-3.583,21.698,24.153
Mpro,9gmq,MXU,401,1,A,2383,C1,-10.716,2.625,20.564,6.038
Mpro,9gmq,MXU,401,1,A,2384,C2,-10.156,2.083,19.412,10.869
Mpro,9gmq,MXU,401,1,A,2385,C3,-8.811,1.702,19.41,4.831
Mpro,9gmq,MXU,401,1,A,2386,N2,-8.182,1.129,18.293,2.187
Mpro,9gmq,MXU,401,1,A,2387,O1,-7.828,0.223,16.337,1.071
Mpro,9gmq,MXU,401,1,A,2388,C9,-8.265,1.358,14.227,28.983
Mpro,9gmq,MXU,401,1,A,2389,C11,-6.816,-0.649,14.423,12.076
Mpro,9gmq,MXU,401,1,A,2397,O2,-7.481,1.146,26.785,5.357
Mpro,9gmq,MXU,401,1,A,2398,N5,-8.122,-1.006,28.312,9.842
Mpro,9gmq,MXU,401,1,A,2402,O6,-8.889,0.429,23.473,15.0
Mpro,9gmq,MXU,401,1,A,2403,O7,-9.945,0.733,16.907,21.429
Mpro,9gmq,MXU,401,1,B,2370,C4,30.283,-28.573,26.999,1.208
Mpro,9gmq,MXU,401,1,B,2371,C5,31.929,-29.461,28.511,1.208
Mpro,9gmq,MXU,401,1,B,2373,C7,31.566,-28.274,23.619,3.623
Mpro,9gmq,MXU,401,1,B,2375,C10,31.865,-28.809,20.577,36.229
Mpro,9gmq,MXU,401,1,B,2380,C21,29.568,-23.36,27.759,6.038
Mpro,9gmq,MXU,401,1,B,2381,C22,29.199,-22.413,26.625,12.076
Mpro,9gmq,MXU,401,1,B,2383,C1,32.774,-29.768,27.514,7.246
Mpro,9gmq,MXU,401,1,B,2384,C2,32.404,-29.507,26.206,13.284
Mpro,9gmq,MXU,401,1,B,2385,C3,31.156,-28.929,25.957,3.623
Mpro,9gmq,MXU,401,1,B,2386,N2,30.762,-28.644,24.639,3.281
Mpro,9gmq,MXU,401,1,B,2387,O1,30.787,-28.023,22.556,2.143
Mpro,9gmq,MXU,401,1,B,2388,C9,30.153,-26.975,20.499,15.699
Mpro,9gmq,MXU,401,1,B,2389,C11,32.422,-26.537,21.462,35.021
Mpro,9gmq,MXU,401,1,B,2392,C16,29.348,-31.752,30.337,1.208
Mpro,9gmq,MXU,401,1,B,2397,O2,29.29,-25.991,32.608,3.214
Mpro,9gmq,MXU,401,1,B,2398,N5,29.955,-23.636,33.427,7.655
Mpro,9gmq,MXU,401,1,B,2402,O6,30.961,-26.435,29.437,16.072
Mpro,9gmq,MXU,401,1,B,2403,O7,32.766,-28.141,23.686,22.501
Mpro,9h0f,A25,402,1,A,2366,C02,19.938,8.486,-3.844,3.623
Mpro,9h0f,A25,402,1,A,2371,C10,12.732,13.05,-4.739,1.208
Mpro,9h0f,A25,402,1,A,2375,C15,14.536,12.604,-7.617,2.415
Mpro,9h0f,A25,402,1,A,2376,C16,14.235,12.302,-9.117,13.284
Mpro,9h0f,A25,402,1,A,2378,C21,15.717,12.375,-0.835,1.208
Mpro,9h0f,A25,402,1,A,2380,C24,17.903,13.944,0.593,4.831
Mpro,9h0f,A25,402,1,A,2383,C28,18.819,13.06,-5.68,26.568
Mpro,9h0f,A25,402,1,A,2384,C29,20.66,11.471,-6.249,35.021
Mpro,9h0f,A25,402,1,A,2385,C30,18.342,11.021,-7.065,14.492
Mpro,9h0f,A25,402,1,A,2386,C32,21.018,6.405,-3.38,4.831
Mpro,9h0f,A25,402,1,A,2387,N03,19.198,9.303,-4.762,1.094
Mpro,9h0f,A25,402,1,A,2390,N12,10.8,14.39,-4.058,9.842
Mpro,9h0f,A25,402,1,A,2392,O01,20.707,8.973,-3.009,1.071
Mpro,9h0f,A25,402,1,A,2394,O20,15.038,13.854,-3.217,22.501
Mpro,9h4b,A26,401,1,A,2370,C4,-17.727,-18.565,-2.545,13.284
Mpro,9h4b,A26,401,1,A,2376,C13,-13.83,-20.983,-0.5,33.814
Mpro,9h4b,A26,401,1,A,2383,C26,-9.873,-24.283,3.004,18.114
Mpro,9h4b,A26,401,1,A,2384,C28,-13.056,-31.242,-0.183,1.208
Mpro,9h4b,A26,401,1,A,2385,C1,-17.423,-17.593,0.031,3.623
Mpro,9h4b,A26,401,1,A,2386,C2,-17.222,-16.764,-1.054,21.737
Mpro,9h4b,A26,401,1,A,2387,C3,-17.388,-17.241,-2.342,25.36
Mpro,9h4b,A26,401,1,A,2392,C12,-12.64,-23.119,-0.008,26.568
Mpro,9h4b,A26,401,1,A,2394,N2,-15.365,-25.382,0.445,1.094
Mpro,9h4b,A26,401,1,A,2398,O4,-13.111,-27.08,0.396,10.715
Mpro,9h4b,A26,401,1,A,2399,C19,-18.352,-26.307,-0.178,1.208
Mpro,9h4b,A26,401,1,A,2401,C25,-10.421,-25.67,2.59,2.415
Mpro,9h4b,A26,401,1,A,2407,C29,-12.136,-32.175,0.046,3.623
Mpro,9h4b,A26,401,1,A,2408,S1,-11.378,-31.975,1.584,1.287
Mpro,9h4b,A26,401,1,A,2409,C30,-13.908,-31.128,-1.405,3.623
Mpro,9h4b,A26,401,1,A,2410,O7,-14.758,-30.293,-1.563,3.214
Mpro,9h4b,A26,401,1,A,2411,O8,-13.578,-32.044,-2.307,3.214
Mpro,9h4b,A26,401,1,A,2412,C31,-14.111,-31.808,-3.631,9.661
Mpro,9h0f,A25,402,1,B,2369,C02,-20.059,-6.823,-33.466,4.831
Mpro,9h0f,A25,402,1,B,2374,C10,-20.749,-4.59,-25.178,2.415
Mpro,9h0f,A25,402,1,B,2375,C11,-21.174,-3.371,-24.341,1.208
Mpro,9h0f,A25,402,1,B,2378,C15,-19.032,-7.354,-25.99,1.208
Mpro,9h0f,A25,402,1,B,2379,C16,-17.798,-8.163,-25.503,14.492
Mpro,9h0f,A25,402,1,B,2382,C23,-24.283,-3.602,-32.057,1.208
Mpro,9h0f,A25,402,1,B,2383,C24,-26.086,-5.139,-29.949,13.284
Mpro,9h0f,A25,402,1,B,2384,C25,-23.184,-6.125,-30.625,1.208
Mpro,9h0f,A25,402,1,B,2386,C28,-18.869,-9.252,-30.012,20.53
Mpro,9h0f,A25,402,1,B,2387,C29,-21.218,-9.246,-29.158,27.775
Mpro,9h0f,A25,402,1,B,2388,C30,-20.702,-10.326,-31.354,32.606
Mpro,9h0f,A25,402,1,B,2389,C32,-19.629,-5.986,-35.666,4.831
Mpro,9h0f,A25,402,1,B,2390,N03,-19.702,-7.485,-32.242,1.094
Mpro,9h0f,A25,402,1,B,2393,N12,-21.736,-3.502,-23.214,7.655
Mpro,9h0f,A25,402,1,B,2394,N17,-16.662,-7.29,-25.577,1.094
Mpro,9h0f,A25,402,1,B,2397,O20,-22.52,-5.83,-27.048,20.358
Mpro,9haj,A27,401,1,A,2387,C8,-21.159,-5.179,-27.252,10.869
Mpro,9haj,A27,401,1,A,2388,C10,-22.909,-4.814,-25.449,10.869
Mpro,9haj,A27,401,1,A,2391,C21,-24.278,-4.679,-27.628,1.208
Mpro,9haj,A27,401,1,A,2394,C28,-21.219,-5.609,-32.237,7.246
Mpro,9haj,A27,401,1,A,2398,N6,-23.208,-4.635,-28.635,1.094
Mpro,9haj,A27,401,1,A,2400,C11,-23.876,-5.488,-26.406,14.492
Mpro,9haj,A27,401,1,A,2405,CL18,-16.589,-8.086,-25.567,37.407
Mpro,9haj,A27,401,1,A,2406,C19,-18.623,-6.353,-25.217,6.038
Mpro,9haj,A27,401,1,A,2408,N23,-26.675,-4.603,-27.93,1.094
Mpro,9haj,A27,401,1,A,2409,C25,-28.481,-5.901,-26.956,22.945
Mpro,9haj,A27,401,1,A,2410,O26,-25.517,-6.368,-28.774,16.072
Mpro,9haj,A27,401,1,A,2411,C27,-22.031,-5.325,-31.153,4.831
Mpro,9haj,A27,401,1,A,2413,BR30,-20.024,-5.086,-34.761,10.619
Mpro,9haj,A27,401,1,B,2379,C8,15.235,12.578,-4.092,12.076
Mpro,9haj,A27,401,1,B,2380,C10,14.12,14.766,-3.449,9.661
Mpro,9haj,A27,401,1,B,2386,C28,19.143,9.928,-2.291,4.831
Mpro,9haj,A27,401,1,B,2391,N9,14.181,13.575,-4.306,1.094
Mpro,9haj,A27,401,1,B,2392,C11,15.422,15.146,-2.756,18.114
Mpro,9haj,A27,401,1,B,2397,CL18,14.811,11.563,-9.77,34.913
Mpro,9haj,A27,401,1,B,2398,C19,13.935,12.503,-7.394,8.453
Mpro,9haj,A27,401,1,B,2399,O20,12.28,14.288,-5.253,1.071
Mpro,9haj,A27,401,1,B,2400,N23,16.445,15.828,0.258,4.374
Mpro,9haj,A27,401,1,B,2401,C25,17.066,18.16,0.486,19.322
Mpro,9haj,A27,401,1,B,2402,O26,18.055,15.073,-1.142,18.215
Mpro,9haj,A27,401,1,B,2403,C27,18.339,11.003,-1.976,2.415
Mpro,9haj,A27,401,1,B,2405,BR30,20.305,7.376,-1.878,5.309
Mpro,9hak,A28,401,1,A,2417,C8,-21.068,-5.116,-27.324,8.453
Mpro,9hak,A28,401,1,A,2418,C10,-22.792,-4.773,-25.491,8.453
Mpro,9hak,A28,401,1,A,2420,C15,-19.077,-7.558,-25.346,6.038
Mpro,9hak,A28,401,1,A,2427,N6,-23.073,-4.494,-28.701,1.094
Mpro,9hak,A28,401,1,A,2429,C11,-23.784,-5.394,-26.465,15.699
Mpro,9hak,A28,401,1,A,2431,C14,-18.479,-6.249,-25.322,1.208
Mpro,9hak,A28,401,1,A,2432,C16,-18.16,-8.533,-25.541,31.398
Mpro,9hak,A28,401,1,A,2433,S17,-16.542,-7.944,-25.704,16.728
Mpro,9hak,A28,401,1,A,2438,C23,-24.151,-4.568,-27.689,1.208
Mpro,9hak,A28,401,1,A,2439,N25,-26.547,-4.472,-27.973,2.187
Mpro,9hak,A28,401,1,A,2440,C27,-28.392,-5.764,-27.077,24.153
Mpro,9hak,A28,401,1,A,2441,O28,-25.402,-6.179,-28.925,13.929
Mpro,9hak,A28,401,1,A,2442,C29,-21.908,-5.18,-31.238,4.831
Mpro,9hak,A28,401,1,A,2443,C30,-21.103,-5.449,-32.327,8.453
Mpro,9hak,A28,401,1,A,2445,BR32,-19.923,-4.881,-34.843,10.619
Mpro,9hfx,A29,401,1,A,2350,C3,-12.623,-3.624,2.154,2.415
Mpro,9hfx,A29,401,1,A,2353,C6,-10.861,0.479,1.617,2.415
Mpro,9hfx,A29,401,1,A,2354,C7,-10.104,1.701,2.118,19.322
Mpro,9hfx,A29,401,1,A,2365,C23,-13.301,3.993,0.186,13.284
Mpro,9hfx,A29,401,1,A,2366,C24,-13.221,2.505,-1.815,21.737
Mpro,9hfx,A29,401,1,A,2367,O1,-13.485,-0.895,-0.692,12.858
Mpro,9hfx,A29,401,1,A,2369,N2,-11.601,-4.314,1.909,10.936
Mpro,9hfx,A29,401,1,A,2374,C10,-16.285,0.463,-2.03,1.208
Mpro,9hfx,A29,401,1,A,2379,C20,-17.499,4.373,-0.586,12.076
Mpro,9hfx,A29,401,1,A,2380,O4,-17.938,3.999,-1.672,3.214
Mpro,9hfx,A29,401,1,A,2388,C25,-14.181,4.797,-2.023,38.644
Mpro,9hak,A28,401,1,B,2387,C8,15.348,12.532,-4.097,8.453
Mpro,9hak,A28,401,1,B,2388,C10,14.225,14.697,-3.414,10.869
Mpro,9hak,A28,401,1,B,2390,C15,15.012,13.364,-7.8,10.869
Mpro,9hak,A28,401,1,B,2399,C11,15.555,15.035,-2.754,18.114
Mpro,9hak,A28,401,1,B,2402,C16,15.56,13.019,-8.985,31.398
Mpro,9hak,A28,401,1,B,2403,S17,14.933,11.55,-9.633,15.442
Mpro,9hak,A28,401,1,B,2407,O22,12.308,14.199,-5.137,1.071
Mpro,9hak,A28,401,1,B,2409,N25,16.503,15.697,0.312,3.281
Mpro,9hak,A28,401,1,B,2410,C27,17.163,18.005,0.673,18.114
Mpro,9hak,A28,401,1,B,2411,O28,18.141,14.964,-1.068,18.215
Mpro,9hak,A28,401,1,B,2412,C29,18.375,10.843,-2.018,2.415
Mpro,9hak,A28,401,1,B,2413,C30,19.176,9.762,-2.328,4.831
Mpro,9hak,A28,401,1,B,2415,BR32,20.333,7.221,-1.864,5.309
Mpro,9hfy,A30,401,1,B,2522,C4,32.867,-27.392,26.456,19.322
Mpro,9hfy,A30,401,1,B,2523,C5,33.638,-28.54,25.83,2.415
Mpro,9hfy,A30,401,1,B,2530,C23,39.761,-31.029,24.686,3.623
Mpro,9hfy,A30,401,1,B,2531,O26,38.297,-27.431,26.238,1.071
Mpro,9hfy,A30,401,1,B,2532,C27,39.772,-27.595,28.046,3.623
Mpro,9hfy,A30,401,1,B,2533,C30,41.715,-27.259,31.2,2.415
Mpro,9hfy,A30,401,1,B,2534,C32,42.974,-28.831,32.678,33.814
Mpro,9hfy,A30,401,1,B,2535,C33,41.629,-26.135,32.043,14.492
Mpro,9hfy,A30,401,1,B,2536,C34,40.781,-25.051,31.733,15.699
Mpro,9hfy,A30,401,1,B,2537,C35,39.983,-25.019,30.573,12.076
Mpro,9hfy,A30,401,1,B,2538,C36,40.014,-26.096,29.692,3.623
Mpro,9hfy,A30,401,1,B,2546,O13,37.03,-30.444,26.007,20.358
Mpro,9hfy,A30,401,1,B,2552,C28,40.706,-28.161,28.936,1.208
Mpro,9hfy,A30,401,1,B,2553,C29,40.879,-27.249,29.978,2.415
Mpro,9hfy,A30,401,1,B,2555,N37,39.395,-26.39,28.527,5.468
Mpro,9hfy,A30,401,1,B,2556,O39,36.567,-31.913,22.742,3.214
Mpro,9hfy,A30,401,1,B,2557,N42,34.311,-33.138,22.741,3.281
Mpro,9hfy,A30,401,1,B,2559,C44,32.655,-34.187,24.23,2.415
Mpro,9hfy,A30,401,1,B,2560,C45,31.522,-35.001,24.41,12.076
Mpro,9hfy,A30,401,1,B,2561,C46,30.981,-35.167,25.697,32.606
Mpro,9hfy,A30,401,1,B,2562,C47,31.559,-34.527,26.803,21.737
Mpro,9hfy,A30,401,1,B,2563,C48,32.681,-33.704,26.631,18.114
Mpro,9hfy,A30,401,1,B,2564,C49,33.229,-33.538,25.346,9.661
Mpro,9hfy,A30,401,1,A,2456,C4,13.084,-1.827,1.503,19.322
Mpro,9hfy,A30,401,1,A,2457,C5,11.916,-2.371,0.714,4.831
Mpro,9hfy,A30,401,1,A,2464,C23,5.157,-2.349,0.13,6.038
Mpro,9hfy,A30,401,1,A,2465,O26,7.843,-0.66,2.809,2.143
Mpro,9hfy,A30,401,1,A,2466,C27,6.804,1.402,2.569,2.415
Mpro,9hfy,A30,401,1,A,2467,C30,6.084,5.019,2.376,2.415
Mpro,9hfy,A30,401,1,A,2468,C32,4.778,6.574,0.93,39.852
Mpro,9hfy,A30,401,1,A,2469,C33,6.716,5.927,3.202,12.076
Mpro,9hfy,A30,401,1,A,2470,C34,7.664,5.568,4.155,16.907
Mpro,9hfy,A30,401,1,A,2471,C35,8.035,4.232,4.358,10.869
Mpro,9hfy,A30,401,1,A,2472,C36,7.437,3.268,3.587,6.038
Mpro,9hfy,A30,401,1,A,2480,O13,8.078,-1.561,-0.279,20.358
Mpro,9hfy,A30,401,1,A,2486,C28,6.061,2.43,1.955,1.208
Mpro,9hfy,A30,401,1,A,2487,C29,6.469,3.604,2.561,2.415
Mpro,9hfy,A30,401,1,A,2489,N37,7.588,1.94,3.517,3.281
Mpro,9hfy,A30,401,1,A,2490,O39,7.577,-5.068,-1.162,3.214
Mpro,9hfy,A30,401,1,A,2491,N42,9.299,-5.788,-2.908,2.187
Mpro,9hfy,A30,401,1,A,2493,C44,10.844,-4.938,-4.641,3.623
Mpro,9hfy,A30,401,1,A,2494,C45,11.664,-5.177,-5.756,8.453
Mpro,9hfy,A30,401,1,A,2495,C46,12.428,-4.128,-6.301,28.983
Mpro,9hfy,A30,401,1,A,2496,C47,12.329,-2.85,-5.764,22.945
Mpro,9hfy,A30,401,1,A,2497,C48,11.542,-2.605,-4.644,18.114
Mpro,9hfy,A30,401,1,A,2498,C49,10.793,-3.654,-4.084,9.661
Mpro,9hjh,A31,401,1,A,2418,C5,-23.483,-3.492,-30.141,2.415
Mpro,9hjh,A31,401,1,A,2419,C7,-24.19,-4.364,-27.939,7.246
Mpro,9hjh,A31,401,1,A,2420,C8,-23.817,-5.035,-26.642,27.775
Mpro,9hjh,A31,401,1,A,2422,C15,-18.697,-7.943,-27.774,21.737
Mpro,9hjh,A31,401,1,A,2425,C28,-20.846,-4.997,-32.426,9.661
Mpro,9hjh,A31,401,1,A,2430,C9,-22.929,-4.214,-25.717,13.284
Mpro,9hjh,A31,401,1,A,2433,N13,-20.544,-6.338,-27.773,2.187
Mpro,9hjh,A31,401,1,A,2434,C14,-19.917,-7.478,-28.445,26.568
Mpro,9hjh,A31,401,1,A,2441,CL24,-16.483,-7.578,-25.112,17.457
Mpro,9hjh,A31,401,1,A,2443,O26,-21.051,-4.57,-23.837,4.286
Mpro,9hjh,A31,401,1,A,2444,C27,-21.697,-4.796,-31.357,7.246
Mpro,9hjh,A31,401,1,A,2446,BR30,-19.699,-4.348,-34.943,9.291
Mpro,9ir9,A32,401,1,A,2328,O4,18.851,17.535,32.334,9.643
Mpro,9ir9,A32,401,1,A,2329,O5,20.831,17.688,30.971,5.357
Mpro,9ir9,A32,401,1,A,2331,N5,19.218,15.751,30.552,1.094
Mpro,9ir9,A32,401,1,A,2334,C17,21.433,13.234,28.805,21.737
Mpro,9ir9,A32,401,1,A,2335,C18,19.583,12.907,30.405,12.076
Mpro,9ir9,A32,401,1,A,2336,C19,21.582,14.208,31.154,35.021
Mpro,9ir9,A32,401,1,A,2339,N4,19.762,15.555,27.048,1.094
Mpro,9ir9,A32,401,1,A,2342,O2,19.985,13.225,25.55,15.0
Mpro,9ir9,A32,401,1,A,2348,C1,18.309,9.428,28.168,15.699
Mpro,9ir9,A32,401,1,A,2352,C6,17.691,12.032,24.455,1.208
Mpro,9ir9,A32,401,1,A,2356,N3,17.519,11.141,22.238,5.468
Mpro,9hjh,A31,401,1,B,2412,C5,17.367,11.949,-0.862,1.208
Mpro,9hjh,A31,401,1,B,2413,C7,16.437,14.058,-1.646,12.076
Mpro,9hjh,A31,401,1,B,2414,C8,15.843,14.857,-2.774,24.153
Mpro,9hjh,A31,401,1,B,2416,C15,17.349,11.758,-7.721,25.36
Mpro,9hjh,A31,401,1,B,2419,C28,19.067,9.159,-2.801,3.623
Mpro,9hjh,A31,401,1,B,2424,C9,14.436,14.496,-3.187,9.661
Mpro,9hjh,A31,401,1,B,2427,N13,16.652,12.44,-5.453,1.094
Mpro,9hjh,A31,401,1,B,2428,C14,17.749,12.073,-6.344,26.568
Mpro,9hjh,A31,401,1,B,2435,CL24,14.594,11.8,-9.938,18.703
Mpro,9hjh,A31,401,1,B,2436,C25,13.989,12.576,-7.428,1.208
Mpro,9hjh,A31,401,1,B,2437,O26,12.829,14.459,-5.327,1.071
Mpro,9hjh,A31,401,1,B,2438,C27,18.454,10.359,-2.498,1.208
Mpro,9hjh,A31,401,1,B,2440,BR30,20.11,6.594,-2.19,3.982
Mpro,9j19,MIY,401,1,A,2281,O8,-3.281,5.138,-26.77,26.786
Mpro,9j19,MIY,401,1,A,2282,C21,-4.2,5.363,-27.539,6.038
Mpro,9j19,MIY,401,1,A,2283,N2,-3.909,5.655,-28.957,37.182
Mpro,9j19,MIY,401,1,A,2284,C2,-5.611,5.303,-27.054,1.208
Mpro,9j19,MIY,401,1,A,2286,O1,-6.519,6.021,-29.097,17.143
Mpro,9j19,MIY,401,1,A,2287,C3,-5.948,4.663,-25.857,2.415
Mpro,9j19,MIY,401,1,A,2288,O2,-5.032,4.048,-25.034,16.072
Mpro,9j19,MIY,401,1,A,2290,N1,-7.636,4.105,-24.051,1.094
Mpro,9j19,MIY,401,1,A,2291,C20,-6.826,4.71,-22.99,47.098
Mpro,9j19,MIY,401,1,A,2292,C19,-7.724,2.654,-23.879,14.492
Mpro,9j19,MIY,401,1,A,2293,C5,-8.053,5.968,-25.738,4.831
Mpro,9j19,MIY,401,1,A,2295,O7,-8.101,7.675,-27.411,32.144
Mpro,9j19,MIY,401,1,A,2296,C17,-9.239,5.709,-27.936,1.208
Mpro,9j19,MIY,401,1,A,2297,O6,-9.043,5.006,-29.09,6.429
Mpro,9j19,MIY,401,1,A,2298,C16,-10.476,5.974,-27.442,3.623
Mpro,9j19,MIY,401,1,A,2299,C7,-10.571,6.645,-26.084,7.246
Mpro,9j19,MIY,401,1,A,2300,C6,-9.449,6.198,-25.131,14.492
Mpro,9j19,MIY,401,1,A,2301,C15,-11.676,5.717,-28.216,4.831
Mpro,9j19,MIY,401,1,A,2302,O5,-11.613,5.388,-29.449,17.143
Mpro,9j19,MIY,401,1,A,2303,C14,-12.978,5.819,-27.576,3.623
Mpro,9j19,MIY,401,1,A,2304,C9,-13.113,6.149,-26.211,2.415
Mpro,9j19,MIY,401,1,A,2305,C8,-11.914,6.436,-25.354,10.869
Mpro,9j19,MIY,401,1,A,2306,C13,-14.133,5.556,-28.339,4.831
Mpro,9j19,MIY,401,1,A,2307,O4,-13.991,5.22,-29.669,26.786
Mpro,9j19,MIY,401,1,A,2308,C12,-15.384,5.623,-27.738,18.114
Mpro,9j19,MIY,401,1,A,2309,C11,-15.507,5.959,-26.398,9.661
Mpro,9j19,MIY,401,1,A,2310,C10,-14.397,6.244,-25.626,3.623
Mpro,9j19,MIY,401,1,A,2311,N7,-14.547,6.565,-24.227,2.187
Mpro,9j19,MIY,401,1,A,2312,CN7,-15.834,6.987,-23.688,36.229
Mpro,9j19,MIY,401,1,A,2313,C71,-13.907,5.682,-23.254,28.983
Mpro,9lll,A33,401,1,A,2353,C12,-10.017,33.203,-18.949,2.415
Mpro,9lll,A33,401,1,A,2362,C23,-12.65,38.141,-22.242,1.208
Mpro,9lll,A33,401,1,A,2364,C30,-14.278,40.646,-24.32,4.831
Mpro,9lll,A33,401,1,A,2368,C04,-11.875,33.321,-17.362,1.208
Mpro,9lll,A33,401,1,A,2372,C24,-12.476,39.306,-21.509,2.415
Mpro,9lll,A33,401,1,A,2373,C25,-11.791,39.284,-20.27,1.208
Mpro,9lll,A33,401,1,A,2374,C27,-13.379,38.543,-23.43,14.492
Mpro,9lll,A33,401,1,A,2375,C36,-8.379,28.427,-19.028,4.831
Mpro,9lll,A33,401,1,A,2376,C37,-8.492,29.684,-19.705,3.623
Mpro,9lll,A33,401,1,A,2379,C42,-16.178,30.163,-17.037,2.415
Mpro,9lll,A33,401,1,A,2380,C43,-15.892,31.163,-17.96,7.246
Mpro,9lll,A33,401,1,A,2381,C44,-15.092,32.229,-17.562,1.208
Mpro,9lll,A33,401,1,A,2383,N01,-12.686,35.604,-18.424,1.094
Mpro,9lll,A33,401,1,A,2384,N03,-11.193,33.859,-18.378,1.094
Mpro,9lll,A33,401,1,A,2387,N28,-13.575,39.838,-23.336,1.094
Mpro,9lll,A33,401,1,A,2388,N29,-13.048,40.308,-22.206,2.187
Mpro,9lll,A33,401,1,A,2391,O09,-14.481,35.74,-16.932,1.071
Mpro,9lll,A33,401,1,A,2392,O11,-11.452,32.117,-16.794,2.143
Mpro,9lll,A33,401,1,A,2398,H122,-10.131,32.133,-18.817,1.699
Mpro,9lll,A33,401,1,A,2401,H221,-12.282,36.002,-22.327,16.99
Mpro,9lll,A33,401,1,A,2402,H301,-15.069,40.056,-24.776,22.087
Mpro,9lll,A33,401,1,A,2403,H303,-13.58,40.97,-25.088,14.441
Mpro,9lll,A33,401,1,A,2404,H302,-14.71,41.516,-23.833,5.946
Mpro,9lll,A33,401,1,A,2408,H271,-13.7,37.898,-24.24,22.936
Mpro,9lll,A33,401,1,A,2409,H361,-8.991,27.57,-19.279,20.388
Mpro,9lll,A33,401,1,A,2410,H371,-9.189,29.86,-20.515,13.592
Mpro,9lll,A33,401,1,A,2411,H421,-16.796,29.326,-17.334,13.592
Mpro,9lll,A33,401,1,A,2412,H431,-16.283,31.112,-18.967,7.645
Mpro,9lll,A33,401,1,A,2414,H8,-9.983,33.435,-20.007,3.398
Mpro,9m9r,4WI,401,1,A,2332,C7,5.467,-11.044,19.82,14.492
Mpro,9m9r,4WI,401,1,A,2333,C10,11.339,-12.238,23.885,1.208
Mpro,9m9r,4WI,401,1,A,2341,C16,8.247,-10.413,23.275,16.907
Mpro,9m9r,4WI,401,1,A,2342,C17,9.073,-8.112,24.038,37.436
Mpro,9m9r,4WI,401,1,A,2343,C23,8.439,-8.532,21.62,14.492
Mpro,9m9r,4WI,401,1,A,2349,N5,6.897,-17.105,19.567,8.749
Mpro,9m9r,4WI,401,1,A,2355,O2,8.787,-13.673,22.222,10.715
Mpro,9m9r,4WI,401,1,A,2357,O4,12.89,-8.562,23.634,4.286
Mpro,9m9r,4WI,401,1,A,2360,F3,13.181,-5.915,22.057,11.386
Mpro,9ma3,4WI,401,1,A,2332,C6,6.012,-12.44,20.208,1.208
Mpro,9ma3,4WI,401,1,A,2333,C7,5.249,-11.048,19.789,14.492
Mpro,9ma3,4WI,401,1,A,2334,C10,11.178,-12.25,23.751,1.208
Mpro,9ma3,4WI,401,1,A,2342,C16,8.123,-10.187,23.289,20.53
Mpro,9ma3,4WI,401,1,A,2343,C17,9.052,-7.973,24.099,37.436
Mpro,9ma3,4WI,401,1,A,2344,C23,8.509,-8.283,21.651,13.284
Mpro,9ma3,4WI,401,1,A,2346,C2,7.851,-15.026,19.841,1.208
Mpro,9ma3,4WI,401,1,A,2350,N5,6.732,-17.204,19.623,9.842
Mpro,9ma3,4WI,401,1,A,2356,O2,8.709,-13.862,22.271,16.072
Mpro,9ma3,4WI,401,1,A,2358,O4,13.103,-8.849,23.349,1.071
Mpro,9ma3,4WI,401,1,A,2361,F3,13.036,-5.894,22.123,13.456
Mpro,9ma6,4WI,401,1,A,2333,C7,-0.474,10.689,19.185,12.076
Mpro,9ma6,4WI,401,1,A,2342,C16,-3.617,9.75,15.52,20.53
Mpro,9ma6,4WI,401,1,A,2343,C17,-3.996,7.452,14.516,36.229
Mpro,9ma6,4WI,401,1,A,2344,C23,-1.804,7.974,15.638,13.284
Mpro,9ma6,4WI,401,1,A,2346,C2,-0.007,14.501,16.467,1.208
Mpro,9ma6,4WI,401,1,A,2350,N5,-0.123,16.732,17.561,9.842
Mpro,9ma6,4WI,401,1,A,2356,O2,-2.276,13.406,15.17,12.858
Mpro,9ma6,4WI,401,1,A,2358,O4,-2.593,8.166,10.78,1.071
Mpro,9ma6,4WI,401,1,A,2361,F3,-1.125,5.387,11.18,12.421
Mpro,9ma6,4WI,401,1,B,2328,C3,34.941,16.226,40.438,2.415
Mpro,9ma6,4WI,401,1,B,2332,C6,35.788,12.166,38.882,2.415
Mpro,9ma6,4WI,401,1,B,2333,C7,35.643,10.693,38.162,10.869
Mpro,9ma6,4WI,401,1,B,2334,C10,38.477,12.095,44.566,1.208
Mpro,9ma6,4WI,401,1,B,2342,C16,38.776,10.071,41.52,22.945
Mpro,9ma6,4WI,401,1,B,2343,C17,39.006,7.73,42.47,38.644
Mpro,9ma6,4WI,401,1,B,2344,C23,36.864,8.413,41.317,12.076
Mpro,9ma6,4WI,401,1,B,2346,C2,35.329,14.75,40.443,2.415
Mpro,9ma6,4WI,401,1,B,2350,N5,35.12,16.833,39.111,6.562
Mpro,9ma6,4WI,401,1,B,2356,O2,37.6,13.905,41.94,16.072
Mpro,9ma6,4WI,401,1,B,2358,O4,37.608,8.776,46.273,1.071
Mpro,9ma6,4WI,401,1,B,2361,F3,36.512,5.86,46.302,11.386
Mpro,9mdq,A34,401,1,A,2325,C5,-17.999,28.491,-1.019,1.208
Mpro,9mdq,A34,401,1,A,2326,C6,-19.847,28.435,-2.676,4.831
Mpro,9mdq,A34,401,1,A,2331,C15,-21.079,30.165,3.651,8.453
Mpro,9mdq,A34,401,1,A,2332,C17,-21.56,23.009,-0.961,1.208
Mpro,9mdq,A34,401,1,A,2333,C20,-22.506,19.442,-1.8,13.284
Mpro,9mdq,A34,401,1,A,2334,C21,-23.976,20.714,-3.86,47.098
Mpro,9mdq,A34,401,1,A,2335,C22,-21.04,21.002,-0.06,2.415
Mpro,9mdq,A34,401,1,A,2336,C24,-21.774,18.87,-0.755,13.284
Mpro,9mdq,A34,401,1,A,2337,C1,-20.159,24.373,0.794,1.208
Mpro,9mdq,A34,401,1,A,2338,C11,-22.703,24.708,6.055,15.699
Mpro,9mdq,A34,401,1,A,2339,C12,-22.168,23.817,6.907,14.492
Mpro,9mdq,A34,401,1,A,2341,C16,-20.752,23.205,0.135,4.831
Mpro,9mdq,A34,401,1,A,2342,C18,-21.766,21.624,-1.091,3.623
Mpro,9mdq,A34,401,1,A,2343,C19,-22.508,20.809,-1.973,2.415
Mpro,9mdq,A34,401,1,A,2345,C23,-21.039,19.629,0.113,8.453
Mpro,9mdq,A34,401,1,A,2350,O2,-21.769,26.931,2.395,9.643
Mpro,9mdq,A34,401,1,A,2353,N5,-20.429,21.99,0.666,4.374
Mpro,9mdq,A34,401,1,A,2355,O5,-23.186,21.493,-2.936,2.143
Mpro,9mei,V2M,402,1,A,2304,C1,13.059,11.076,27.575,6.038
Mpro,9mei,V2M,402,1,A,2305,O2,13.416,10.614,26.333,1.071
Mpro,9mei,V2M,402,1,A,2307,C4,11.936,11.292,24.52,3.623
Mpro,9mei,V2M,402,1,A,2308,C5,10.988,10.905,23.542,7.246
Mpro,9mei,V2M,402,1,A,2309,C6,10.572,9.595,23.401,7.246
Mpro,9mei,V2M,402,1,A,2310,C7,11.134,8.661,24.275,2.415
Mpro,9mei,V2M,402,1,A,2311,N8,10.932,7.308,24.382,2.187
Mpro,9mei,V2M,402,1,A,2312,C9,11.736,6.779,25.347,1.208
Mpro,9mei,V2M,402,1,A,2313,C10,12.438,7.813,25.974,1.208
Mpro,9mei,V2M,402,1,A,2314,C11,12.091,9.009,25.268,1.208
Mpro,9mei,V2M,402,1,A,2315,C12,11.57,5.338,25.616,1.208
Mpro,9mei,V2M,402,1,A,2324,O22,10.306,3.795,28.329,15.0
Mpro,9mei,V2M,402,1,A,2329,C29,6.653,3.196,26.957,1.208
Mpro,9mei,V2M,402,1,A,2330,C30,5.538,3.874,26.154,1.208
Mpro,9mei,V2M,402,1,A,2335,O35,8.229,-0.507,28.9,1.071
Mpro,9mei,V2M,402,1,A,2337,O37,10.612,-0.64,30.36,1.071
Mpro,9mei,V2M,402,1,A,2338,H1,12.298,10.388,27.941,7.645
Mpro,9mei,V2M,402,1,A,2339,H2,13.969,11.057,28.172,0.849
Mpro,9mei,V2M,402,1,A,2340,H3,12.677,12.084,27.418,20.388
Mpro,9mei,V2M,402,1,A,2341,H4,12.222,12.334,24.577,12.742
Mpro,9mei,V2M,402,1,A,2342,H5,10.581,11.667,22.887,10.194
Mpro,9mei,V2M,402,1,A,2343,H6,9.846,9.308,22.649,2.548
Mpro,9mei,V2M,402,1,A,2349,H12,13.103,3.808,28.953,5.097
Mpro,9mei,V2M,402,1,A,2351,H14,15.543,2.562,29.499,2.548
Mpro,9mei,V2M,402,1,A,2358,H21,8.633,1.98,28.195,0.849
Mpro,9mei,V2M,402,1,A,2362,H25,7.216,3.936,27.529,7.645
Mpro,9mei,V2M,402,1,A,2364,H27,4.572,3.81,26.67,4.247
Mpro,9mei,V2M,402,1,A,2365,H28,5.759,4.933,25.972,13.592
Mpro,9mei,V2M,402,1,A,2366,H29,4.784,3.126,24.22,4.247
Mpro,9mei,V2M,402,1,A,2368,H32,9.857,1.273,30.02,13.592
Mpro,9mei,V2M,402,1,A,2370,H34,10.957,-0.25,31.182,6.796
Mpro,9mei,V2M,401,1,B,2335,C1,-24.138,-23.644,-4.061,10.869
Mpro,9mei,V2M,401,1,B,2339,C3,-22.816,-22.226,-2.687,4.831
Mpro,9mei,V2M,401,1,B,2341,C4,-22.877,-21.104,-3.502,3.623
Mpro,9mei,V2M,401,1,B,2343,C5,-22.252,-19.899,-3.108,6.038
Mpro,9mei,V2M,401,1,B,2345,C6,-21.567,-19.78,-1.916,4.831
Mpro,9mei,V2M,401,1,B,2347,C7,-21.512,-20.917,-1.098,3.623
Mpro,9mei,V2M,401,1,B,2351,C9,-21.181,-22.377,0.576,1.208
Mpro,9mei,V2M,401,1,B,2353,C10,-21.881,-23.074,-0.414,1.208
Mpro,9mei,V2M,401,1,B,2355,C11,-22.124,-22.143,-1.458,3.623
Mpro,9mei,V2M,401,1,B,2357,C12,-20.569,-22.787,1.847,1.208
Mpro,9mei,V2M,401,1,B,2359,O13,-19.702,-22.093,2.386,1.071
Mpro,9mei,V2M,401,1,B,2375,O22,-18.379,-25.147,2.472,12.858
Mpro,9mei,V2M,401,1,B,2387,C30,-14.113,-21.887,1.896,1.208
Mpro,9mei,V2M,401,1,B,2397,O35,-15.101,-25.58,5.892,1.071
Mpro,9mei,V2M,401,1,B,2399,C36,-17.203,-26.636,5.495,1.208
Mpro,9mei,V2M,401,1,B,2401,O37,-16.943,-27.683,6.434,6.429
Mpro,9mei,V2M,401,1,B,2403,H1,-24.96,-22.932,-3.994,5.946
Mpro,9mei,V2M,401,1,B,2405,H2,-23.478,-23.449,-4.904,19.538
Mpro,9mei,V2M,401,1,B,2407,H3,-24.471,-24.679,-4.015,11.893
Mpro,9mei,V2M,401,1,B,2409,H4,-23.401,-21.133,-4.447,8.495
Mpro,9mei,V2M,401,1,B,2411,H5,-22.318,-19.044,-3.771,8.495
Mpro,9mei,V2M,401,1,B,2413,H6,-21.094,-18.85,-1.627,2.548
Mpro,9mei,V2M,401,1,B,2423,H11,-20.849,-26.59,3.055,0.849
Mpro,9mei,V2M,401,1,B,2449,H24,-16.737,-22.142,2.952,0.849
Mpro,9mei,V2M,401,1,B,2453,H26,-15.169,-23.784,2.121,2.548
Mpro,9mei,V2M,401,1,B,2455,H27,-13.063,-22.094,1.657,7.645
Mpro,9mei,V2M,401,1,B,2457,H28,-14.654,-21.735,0.954,16.99
Mpro,9mei,V2M,401,1,B,2459,H29,-13.697,-19.897,2.738,2.548
Mpro,9mei,V2M,401,1,B,2463,H32,-16.867,-26.93,4.493,13.592
Mpro,9mvm,A36,401,1,A,2343,C10,-10.396,-25.919,1.79,6.038
Mpro,9mvm,A36,401,1,A,2344,C17,-14.822,-26.442,-1.06,4.831
Mpro,9mvm,A36,401,1,A,2347,C02,-11.853,-28.814,1.103,1.208
Mpro,9mvm,A36,401,1,A,2348,C03,-12.199,-29.188,-0.302,15.699
Mpro,9mvm,A36,401,1,A,2349,C04,-13.225,-28.38,-1.025,16.907
Mpro,9mvm,A36,401,1,A,2351,C08,-12.159,-27.335,3.098,1.208
Mpro,9mvm,A36,401,1,A,2353,C11,-9.294,-24.907,1.823,21.737
Mpro,9mvm,A36,401,1,A,2354,C12,-8.875,-24.293,3.152,10.869
Mpro,9mvm,A36,401,1,A,2358,N05,-13.846,-27.246,-0.361,1.094
Mpro,9mvm,A36,401,1,A,2361,O01,-11.054,-29.448,1.698,9.643
Mpro,9mvm,A36,401,1,A,2363,O16,-14.027,-25.952,1.534,1.071
Mpro,9mvm,A36,401,1,A,2364,S23,-17.538,-25.976,-1.109,2.574
Mpro,9mlj,A35,402,1,A,4974,C10,9.638,22.225,24.575,7.246
Mpro,9mlj,A35,402,1,A,4975,C11,10.22,24.586,24.06,6.038
Mpro,9mlj,A35,402,1,A,4997,C29,9.875,24.698,17.705,1.208
Mpro,9mlj,A35,402,1,A,4999,C37,10.747,31.941,23.686,4.831
Mpro,9mlj,A35,402,1,A,5010,F17,5.296,20.632,24.755,3.105
Mpro,9mlj,A35,402,1,A,5015,N35,9.404,31.079,21.709,3.281
Mpro,9mlj,A35,402,1,A,5020,O44,9.075,27.824,22.572,3.214
Mpro,9mlj,A35,402,1,A,5022,H101,9.427,22.319,25.638,3.398
Mpro,9mlj,A35,402,1,A,5023,H103,10.708,22.099,24.429,18.689
Mpro,9mlj,A35,402,1,A,5024,H102,9.113,21.362,24.176,14.441
Mpro,9mlj,A35,402,1,A,5026,H113,11.201,24.205,23.791,15.291
Mpro,9mlj,A35,402,1,A,5027,H112,10.222,24.889,25.103,6.796
Mpro,9mlj,A35,402,1,A,5029,H122,9.759,22.566,22.002,11.893
Mpro,9mlj,A35,402,1,A,5034,H302,10.763,24.897,19.557,7.645
Mpro,9mlj,A35,402,1,A,5039,H051,9.096,27.339,25.478,1.699
Mpro,9mlj,A35,402,1,A,5045,H292,9.902,23.676,18.069,5.946
Mpro,9mlj,A35,402,1,A,5046,H291,10.546,24.791,16.857,5.946
Mpro,9mlj,A35,402,1,A,5047,H371,11.662,31.542,23.281,22.087
Mpro,9mlj,A35,402,1,A,5048,H381,11.695,32.758,25.436,11.043
Mpro,9mvq,A40,402,1,A,2371,C17,21.713,22.814,-14.928,1.208
Mpro,9mvq,A40,402,1,A,2375,C26,25.223,17.641,-21.0,2.415
Mpro,9mvq,A40,402,1,A,2376,C28,24.47,19.894,-21.436,24.153
Mpro,9mvq,A40,402,1,A,2377,C02,17.555,24.567,-18.626,1.208
Mpro,9mvq,A40,402,1,A,2378,C03,17.122,24.949,-17.37,1.208
Mpro,9mvq,A40,402,1,A,2382,C07,19.909,21.769,-17.857,1.208
Mpro,9mvq,A40,402,1,A,2383,C08,21.21,21.693,-17.145,1.208
Mpro,9mvq,A40,402,1,A,2384,C12,22.321,24.004,-14.608,2.415
Mpro,9mvq,A40,402,1,A,2389,C27,25.317,18.82,-21.738,27.775
Mpro,9mvq,A40,402,1,A,2390,C29,23.54,19.779,-20.404,7.246
Mpro,9mvq,A40,402,1,A,2393,C34,18.46,23.544,-18.79,14.492
Mpro,9mvq,A40,402,1,A,2395,N10,22.31,23.843,-16.793,20.778
Mpro,9mvq,A40,402,1,A,2396,N11,22.693,24.637,-15.75,12.029
Mpro,9mvq,A40,402,1,A,2399,N33,19.483,20.733,-18.755,5.468
Mpro,9mvq,A40,402,1,A,2400,O19,23.151,20.468,-16.845,2.143
Mpro,9mvq,A40,402,1,A,2401,O32,20.023,18.73,-19.745,2.143
Mpro,9mvq,A40,402,1,A,2402,CL01,16.944,25.395,-20.064,28.679
Mpro,9mvq,A40,401,1,B,2414,C13,28.876,-29.27,-24.887,3.623
Mpro,9mvq,A40,401,1,B,2420,C26,28.945,-21.952,-16.995,1.208
Mpro,9mvq,A40,401,1,B,2421,C28,28.55,-24.303,-16.589,27.775
Mpro,9mvq,A40,401,1,B,2422,C02,23.326,-30.333,-20.287,1.208
Mpro,9mvq,A40,401,1,B,2427,C07,25.177,-27.128,-20.78,1.208
Mpro,9mvq,A40,401,1,B,2428,C08,26.511,-26.775,-21.331,1.208
Mpro,9mvq,A40,401,1,B,2429,C12,28.415,-28.873,-23.6,3.623
Mpro,9mvq,A40,401,1,B,2432,C18,27.103,-25.474,-20.969,1.208
Mpro,9mvq,A40,401,1,B,2434,C27,29.114,-23.079,-16.211,24.153
Mpro,9mvq,A40,401,1,B,2435,C29,27.815,-24.414,-17.757,10.869
Mpro,9mvq,A40,401,1,B,2438,C34,23.972,-29.149,-20.045,15.699
Mpro,9mvq,A40,401,1,B,2440,N10,27.992,-28.668,-21.457,19.685
Mpro,9mvq,A40,401,1,B,2441,N11,28.671,-29.398,-22.381,13.123
Mpro,9mvq,A40,401,1,B,2444,N33,24.438,-26.202,-19.95,5.468
Mpro,9mvq,A40,401,1,B,2445,O19,28.173,-25.172,-21.395,4.286
Mpro,9mvq,A40,401,1,B,2446,O32,24.419,-24.133,-18.922,2.143
Mpro,9mvq,A40,401,1,B,2447,CL01,22.698,-31.201,-18.877,32.419
Mpro,9n3m,A41,401,1,A,2372,C12,20.711,15.632,21.546,2.415
Mpro,9n3m,A41,401,1,A,2373,C10,19.727,16.588,23.339,3.623
Mpro,9n3m,A41,401,1,A,2374,C11,20.474,15.479,22.939,2.415
Mpro,9n3m,A41,401,1,A,2375,C13,21.394,14.869,20.553,1.208
Mpro,9n3m,A41,401,1,A,2376,C15,22.711,13.029,19.802,25.36
Mpro,9n3m,A41,401,1,A,2377,C02,19.186,18.063,27.593,1.208
Mpro,9n3m,A41,401,1,A,2379,C04,19.934,15.837,28.29,2.415
Mpro,9n3m,A41,401,1,A,2383,C09,19.177,16.894,24.738,2.415
Mpro,9n3m,A41,401,1,A,2384,C16,21.427,15.332,19.234,19.322
Mpro,9n3m,A41,401,1,A,2385,C17,20.787,16.527,18.873,21.737
Mpro,9n3m,A41,401,1,A,2386,C18,20.118,17.269,19.832,15.699
Mpro,9n3m,A41,401,1,A,2387,C19,20.085,16.807,21.176,4.831
Mpro,9n3m,A41,401,1,A,2388,C23,17.99,19.962,28.794,1.208
Mpro,9n3m,A41,401,1,A,2389,C24,17.606,19.9,30.277,3.623
Mpro,9n3m,A41,401,1,A,2393,C30,18.437,22.897,25.194,21.737
Mpro,9n3m,A41,401,1,A,2394,C31,18.503,21.895,26.594,1.208
Mpro,9n3m,A41,401,1,A,2395,N08,19.758,16.285,25.926,4.374
Mpro,9n3m,A41,401,1,A,2396,N20,19.494,17.352,22.28,8.749
Mpro,9n3m,A41,401,1,A,2398,N29,17.167,23.223,25.008,5.468
Mpro,9n3m,A41,401,1,A,2399,O01,20.121,18.743,27.302,22.501
Mpro,9n3m,A41,401,1,A,2401,O21,18.234,17.603,24.837,1.071
Mpro,9n3m,A41,401,1,A,2402,O25,17.845,21.192,30.794,8.572
Mpro,9n5q,A18,401,1,A,5065,C4,-26.039,19.581,1.957,7.246
Mpro,9n5q,A18,401,1,A,5066,C14,-26.687,12.405,6.44,1.208
Mpro,9n5q,A18,401,1,A,5072,C9,-26.576,15.008,3.605,1.208
Mpro,9n5q,A18,401,1,A,5073,C10,-27.045,14.207,4.841,1.208
Mpro,9n5q,A18,401,1,A,5080,C1,-25.802,17.201,1.134,6.038
Mpro,9n5q,A18,401,1,A,5081,C15,-26.276,13.164,5.275,1.208
Mpro,9n5q,A18,401,1,A,5087,C20,-20.793,11.413,2.001,1.208
Mpro,9n5q,A18,401,1,A,5091,C24,-20.623,16.586,-0.733,1.208
Mpro,9n5q,A18,401,1,A,5095,F3,-24.607,21.056,6.104,3.105
Mpro,9n5q,A18,401,1,A,5096,N4,-20.828,10.655,1.026,6.562
Mpro,9n5q,A18,401,1,A,5100,O3,-23.957,13.978,1.691,9.643
Mpro,9n5q,A18,401,1,A,5102,H8,-26.906,19.524,2.606,1.699
Mpro,9n5q,A18,401,1,A,5103,H9,-25.438,20.442,2.231,14.441
Mpro,9n5q,A18,401,1,A,5104,H7,-26.365,19.682,0.927,17.839
Mpro,9n5q,A18,401,1,A,5108,H12,-26.735,14.422,2.7,11.043
Mpro,9n5q,A18,401,1,A,5114,H4,-23.684,19.098,0.796,11.043
Mpro,9n5q,A18,401,1,A,5115,H5,-23.215,19.051,2.507,0.849
Mpro,9n5q,A18,401,1,A,5117,H3,-25.907,17.614,0.163,16.99
Mpro,9n5q,A18,401,1,A,5118,H1,-25.156,16.36,1.093,1.699
Mpro,9n5q,A18,401,1,A,5119,H2,-26.754,16.898,1.494,7.645
Mpro,9n5q,A18,401,1,A,5120,H18,-25.324,12.246,3.587,9.344
Mpro,9n5q,A18,401,1,A,5123,H22,-21.986,12.869,0.962,3.398
Mpro,9n5q,A18,401,1,A,5129,H31,-21.292,17.431,-0.539,5.097
Mpro,9n5q,A18,401,1,A,5130,H30,-20.453,16.47,-1.808,6.796
Mpro,9n5q,A18,401,1,A,5132,H32,-18.786,17.641,-0.171,0.849
Mpro,9n6f,A18,401,1,A,4866,C3,9.978,22.148,23.912,4.831
Mpro,9n6f,A18,401,1,A,4868,C1,10.438,24.624,23.495,8.453
Mpro,9n6f,A18,401,1,A,4875,C20,7.592,30.339,19.642,1.208
Mpro,9n6f,A18,401,1,A,4879,C24,9.719,25.168,18.156,1.208
Mpro,9n6f,A18,401,1,A,4882,F2,5.556,20.671,24.747,2.07
Mpro,9n6f,A18,401,1,A,4884,N4,8.469,31.064,19.106,6.562
Mpro,9n6f,A18,401,1,A,4888,O3,9.003,27.715,22.242,10.715
Mpro,9n6f,A18,401,1,A,4892,H7,9.757,22.57,21.388,10.194
Mpro,9n6f,A18,401,1,A,4896,H12,9.313,27.22,25.289,7.645
Mpro,9n6f,A18,401,1,A,4901,H6,10.959,21.975,23.476,18.689
Mpro,9n6f,A18,401,1,A,4902,H4,10.074,22.246,24.991,7.645
Mpro,9n6f,A18,401,1,A,4903,H5,9.326,21.309,23.681,14.441
Mpro,9n6f,A18,401,1,A,4905,H3,10.467,24.931,24.51,5.946
Mpro,9n6f,A18,401,1,A,4906,H1,11.396,24.276,23.202,17.839
Mpro,9n6f,A18,401,1,A,4908,H18,8.15,29.278,24.459,6.796
Mpro,9n6f,A18,401,1,A,4911,H22,8.895,28.704,20.077,1.699
Mpro,9n6f,A18,401,1,A,4917,H31,9.846,24.323,18.84,5.097
Mpro,9n6f,A18,401,1,A,4918,H30,10.604,25.289,17.523,5.097
Mpro,9n6f,A18,401,1,A,4919,H24,8.303,32.012,18.911,1.699
Mpro,9n6f,A18,401,1,A,4920,H32,8.375,24.099,16.766,0.849
Mpro,9n9b,A18,401,1,A,4795,C4,10.308,24.766,23.549,4.831
Mpro,9n9b,A18,401,1,A,4798,C6,6.313,22.866,25.577,1.208
Mpro,9n9b,A18,401,1,A,4808,C3,9.877,22.398,24.226,6.038
Mpro,9n9b,A18,401,1,A,4810,C1,8.934,23.267,22.047,1.208
Mpro,9n9b,A18,401,1,A,4817,C20,7.412,30.427,19.529,1.208
Mpro,9n9b,A18,401,1,A,4821,C24,9.744,25.236,18.23,1.208
Mpro,9n9b,A18,401,1,A,4824,F2,5.427,20.785,24.905,2.07
Mpro,9n9b,A18,401,1,A,4825,F3,4.708,21.651,26.783,1.035
Mpro,9n9b,A18,401,1,A,4826,N4,8.308,31.192,19.169,6.562
Mpro,9n9b,A18,401,1,A,4830,O3,9.063,27.885,22.173,9.643
Mpro,9n9b,A18,401,1,A,4832,H8,11.239,24.399,23.129,16.99
Mpro,9n9b,A18,401,1,A,4834,H7,10.476,25.092,24.57,5.946
Mpro,9n9b,A18,401,1,A,4839,H13,9.369,27.583,25.127,3.398
Mpro,9n9b,A18,401,1,A,4843,H6,9.327,21.505,23.942,14.441
Mpro,9n9b,A18,401,1,A,4844,H4,10.915,22.298,23.918,18.689
Mpro,9n9b,A18,401,1,A,4845,H5,9.831,22.525,25.305,5.097
Mpro,9n9b,A18,401,1,A,4847,H3,9.779,22.797,21.611,9.344
Mpro,9n9b,A18,401,1,A,4848,H1,8.105,22.606,22.014,0.849
Mpro,9n9b,A18,401,1,A,4850,H18,7.98,29.675,24.217,5.946
Mpro,9n9b,A18,401,1,A,4853,H22,8.852,28.853,19.912,0.849
Mpro,9n9b,A18,401,1,A,4859,H31,9.878,24.437,18.967,5.946
Mpro,9n9b,A18,401,1,A,4860,H30,10.628,25.323,17.59,8.495
Mpro,9n9b,A18,401,1,A,4861,H24,8.14,32.13,18.948,0.849
Mpro,9n9b,A18,401,1,A,4862,H32,8.426,24.057,16.922,0.849
Mpro,9nng,A18,401,1,A,4660,C4,21.765,14.064,30.911,6.038
Mpro,9nng,A18,401,1,A,4675,C1,21.984,13.111,28.525,7.246
Mpro,9nng,A18,401,1,A,4679,C18,19.352,13.304,25.029,1.208
Mpro,9nng,A18,401,1,A,4680,C19,17.982,11.405,23.947,1.208
Mpro,9nng,A18,401,1,A,4686,C24,18.686,9.121,27.74,2.415
Mpro,9nng,A18,401,1,A,4689,F2,18.538,17.066,32.443,4.14
Mpro,9nng,A18,401,1,A,4691,N4,17.957,10.627,21.689,3.281
Mpro,9nng,A18,401,1,A,4695,O3,20.095,12.532,25.523,7.5
Mpro,9nng,A18,401,1,A,4697,H8,22.705,13.522,30.929,16.99
Mpro,9nng,A18,401,1,A,4698,H9,21.961,15.13,30.954,4.247
Mpro,9nng,A18,401,1,A,4699,H7,21.163,13.772,31.765,15.291
Mpro,9nng,A18,401,1,A,4703,H12,22.28,15.071,25.808,5.097
Mpro,9nng,A18,401,1,A,4709,H4,20.24,11.969,30.601,11.893
Mpro,9nng,A18,401,1,A,4712,H3,22.528,12.314,28.967,19.538
Mpro,9nng,A18,401,1,A,4714,H2,22.659,13.859,28.193,1.699
Mpro,9nng,A18,401,1,A,4715,H18,20.807,14.851,23.521,5.946
Mpro,9nng,A18,401,1,A,4718,H22,18.876,10.84,24.063,1.699
Mpro,9nng,A18,401,1,A,4724,H31,19.163,9.703,28.536,6.796
Mpro,9nng,A18,401,1,A,4725,H30,19.123,8.118,27.682,7.645
Mpro,9nng,A18,401,1,A,4726,H24,18.721,10.08,21.938,5.946
Mpro,9nng,A18,401,1,A,4727,H32,16.786,8.181,28.346,1.699
Mpro,9o6d,V2M,401,1,B,2443,C1,-22.947,-24.295,-4.191,6.038
Mpro,9o6d,V2M,401,1,B,2446,C4,-22.79,-21.303,-3.909,3.623
Mpro,9o6d,V2M,401,1,B,2447,C5,-22.069,-20.033,-3.661,7.246
Mpro,9o6d,V2M,401,1,B,2448,C6,-21.315,-19.854,-2.387,8.453
Mpro,9o6d,V2M,401,1,B,2449,C7,-21.277,-20.995,-1.321,3.623
Mpro,9o6d,V2M,401,1,B,2450,N8,-20.684,-21.109,-0.117,4.374
Mpro,9o6d,V2M,401,1,B,2451,C9,-20.967,-22.298,0.416,3.623
Mpro,9o6d,V2M,401,1,B,2452,C10,-21.767,-22.994,-0.494,1.208
Mpro,9o6d,V2M,401,1,B,2454,C12,-20.497,-22.791,1.742,1.208
Mpro,9o6d,V2M,401,1,B,2455,O13,-19.857,-22.1,2.448,1.071
Mpro,9o6d,V2M,401,1,B,2463,O22,-18.251,-25.161,2.429,13.929
Mpro,9o6d,V2M,401,1,B,2468,C29,-14.787,-23.101,2.802,1.208
Mpro,9o6d,V2M,401,1,B,2469,C30,-13.631,-22.003,2.139,4.831
Mpro,9o6d,V2M,401,1,B,2475,C36,-17.161,-26.757,5.432,1.208
Mpro,9o6d,V2M,401,1,B,2476,O37,-16.999,-27.763,6.396,4.286
Mpro,9o6d,V2M,401,1,B,2477,H1,-23.129,-25.352,-4.04,7.645
Mpro,9o6d,V2M,401,1,B,2478,H2,-23.451,-23.967,-5.092,19.538
Mpro,9o6d,V2M,401,1,B,2479,H3,-21.883,-24.123,-4.289,15.291
Mpro,9o6d,V2M,401,1,B,2480,H4,-23.342,-21.444,-4.83,11.893
Mpro,9o6d,V2M,401,1,B,2481,H5,-22.089,-19.24,-4.398,11.893
Mpro,9o6d,V2M,401,1,B,2482,H6,-20.789,-18.926,-2.199,3.398
Mpro,9o6d,V2M,401,1,B,2499,H25,-15.198,-23.964,2.292,1.699
Mpro,9o6d,V2M,401,1,B,2500,H27,-12.76,-22.287,1.561,7.645
Mpro,9o6d,V2M,401,1,B,2501,H31,-14.717,-25.93,5.325,0.849
Mpro,9o6d,V2M,401,1,B,2502,H32,-16.712,-27.086,4.503,14.441
Mpro,9o6d,V2M,401,1,B,2504,H34,-16.041,-27.759,6.639,1.699
Mpro,9o6e,V2M,404,1,A,2371,C1,13.294,11.995,27.274,8.453
Mpro,9o6e,V2M,404,1,A,2372,O2,13.006,10.69,26.903,1.071
Mpro,9o6e,V2M,404,1,A,2373,C3,12.121,10.48,25.861,1.208
Mpro,9o6e,V2M,404,1,A,2374,C4,11.636,11.567,25.024,6.038
Mpro,9o6e,V2M,404,1,A,2375,C5,10.727,11.332,23.911,7.246
Mpro,9o6e,V2M,404,1,A,2376,C6,10.247,9.955,23.602,8.453
Mpro,9o6e,V2M,404,1,A,2377,C7,10.741,8.79,24.475,3.623
Mpro,9o6e,V2M,404,1,A,2378,N8,10.493,7.453,24.425,6.562
Mpro,9o6e,V2M,404,1,A,2379,C9,11.162,6.865,25.433,3.623
Mpro,9o6e,V2M,404,1,A,2380,C10,11.874,7.85,26.15,3.623
Mpro,9o6e,V2M,404,1,A,2381,C11,11.627,9.031,25.535,2.415
Mpro,9o6e,V2M,404,1,A,2382,C12,11.134,5.392,25.725,1.208
Mpro,9o6e,V2M,404,1,A,2383,O13,10.575,4.631,25.022,1.071
Mpro,9o6e,V2M,404,1,A,2391,O22,9.76,3.925,28.453,15.0
Mpro,9o6e,V2M,404,1,A,2397,C30,5.137,3.83,26.071,6.038
Mpro,9o6e,V2M,404,1,A,2398,N31,4.855,3.108,25.029,1.094
Mpro,9o6e,V2M,404,1,A,2404,O37,10.242,-0.503,30.629,4.286
Mpro,9o6e,V2M,404,1,A,2405,H1,13.791,11.995,28.236,13.592
Mpro,9o6e,V2M,404,1,A,2406,H2,13.942,12.446,26.532,11.043
Mpro,9o6e,V2M,404,1,A,2407,H3,12.374,12.562,27.343,18.689
Mpro,9o6e,V2M,404,1,A,2408,H4,11.959,12.579,25.235,11.043
Mpro,9o6e,V2M,404,1,A,2409,H5,10.398,12.165,23.302,10.194
Mpro,9o6e,V2M,404,1,A,2410,H6,9.563,9.779,22.781,3.398
Mpro,9o6e,V2M,404,1,A,2415,H12,12.625,3.817,29.055,0.849
Mpro,9o6e,V2M,404,1,A,2424,H21,8.093,1.855,28.57,1.699
Mpro,9o6e,V2M,404,1,A,2427,H25,7.17,3.743,27.527,5.946
Mpro,9o6e,V2M,404,1,A,2428,H27,4.399,4.47,26.54,12.742
Mpro,9o6e,V2M,404,1,A,2429,H31,7.523,0.266,29.758,4.247
Mpro,9o6e,V2M,404,1,A,2430,H32,9.668,1.379,30.122,11.893
Mpro,9o6e,V2M,404,1,A,2432,H34,9.378,-0.899,30.776,0.849
Mpro,9o6d,V2M,401,1,A,2325,C1,13.232,11.891,26.957,8.453
Mpro,9o6d,V2M,401,1,A,2327,C3,12.128,10.39,25.509,1.208
Mpro,9o6d,V2M,401,1,A,2328,C4,11.626,11.492,24.671,3.623
Mpro,9o6d,V2M,401,1,A,2329,C5,10.639,11.241,23.595,8.453
Mpro,9o6d,V2M,401,1,A,2330,C6,10.151,9.852,23.34,7.246
Mpro,9o6d,V2M,401,1,A,2331,C7,10.681,8.684,24.224,2.415
Mpro,9o6d,V2M,401,1,A,2332,N8,10.404,7.342,24.223,5.468
Mpro,9o6d,V2M,401,1,A,2333,C9,11.134,6.757,25.195,3.623
Mpro,9o6d,V2M,401,1,A,2334,C10,11.881,7.753,25.853,2.415
Mpro,9o6d,V2M,401,1,A,2335,C11,11.596,8.925,25.227,2.415
Mpro,9o6d,V2M,401,1,A,2336,C12,11.129,5.308,25.549,1.208
Mpro,9o6d,V2M,401,1,A,2337,O13,10.556,4.546,24.859,1.071
Mpro,9o6d,V2M,401,1,A,2345,O22,9.872,3.871,28.266,13.929
Mpro,9o6d,V2M,401,1,A,2350,C29,6.452,3.122,26.812,1.208
Mpro,9o6d,V2M,401,1,A,2351,C30,4.986,3.721,26.125,7.246
Mpro,9o6d,V2M,401,1,A,2352,N31,4.741,3.084,25.028,1.094
Mpro,9o6d,V2M,401,1,A,2357,C36,9.939,0.536,29.559,1.208
Mpro,9o6d,V2M,401,1,A,2358,O37,10.071,-0.442,30.564,7.5
Mpro,9o6d,V2M,401,1,A,2359,H1,13.789,11.899,27.886,13.592
Mpro,9o6d,V2M,401,1,A,2360,H2,13.782,12.438,26.201,11.893
Mpro,9o6d,V2M,401,1,A,2361,H3,12.268,12.36,27.112,18.689
Mpro,9o6d,V2M,401,1,A,2362,H4,11.983,12.5,24.843,7.645
Mpro,9o6d,V2M,401,1,A,2363,H5,10.272,12.064,22.995,10.194
Mpro,9o6d,V2M,401,1,A,2364,H6,9.437,9.659,22.548,3.398
Mpro,9o6d,V2M,401,1,A,2369,H12,12.753,3.866,28.902,0.849
Mpro,9o6d,V2M,401,1,A,2378,H21,8.048,1.737,28.388,1.699
Mpro,9o6d,V2M,401,1,A,2381,H25,7.078,3.658,27.514,5.946
Mpro,9o6d,V2M,401,1,A,2382,H27,4.213,4.253,26.665,7.645
Mpro,9o6d,V2M,401,1,A,2383,H31,7.397,0.063,29.385,0.849
Mpro,9o6d,V2M,401,1,A,2384,H32,9.482,1.418,29.991,11.893
Mpro,9nnw,A35,401,1,A,4725,C10,9.585,22.346,24.515,6.038
Mpro,9nnw,A35,401,1,A,4727,C12,10.163,24.704,23.965,7.246
Mpro,9nnw,A35,401,1,A,4728,C14,5.928,22.888,25.647,1.208
Mpro,9nnw,A35,401,1,A,4735,C30,10.081,25.219,18.954,1.208
Mpro,9nnw,A35,401,1,A,4748,C29,10.019,24.841,17.554,1.208
Mpro,9nnw,A35,401,1,A,4750,C37,10.795,32.286,23.289,4.831
Mpro,9nnw,A35,401,1,A,4760,F16,4.281,21.538,26.755,1.035
Mpro,9nnw,A35,401,1,A,4761,F17,5.156,20.846,24.812,2.07
Mpro,9nnw,A35,401,1,A,4766,N35,9.449,31.287,21.453,4.374
Mpro,9nnw,A35,401,1,A,4771,O44,8.986,27.833,22.409,4.286
Mpro,9nnw,A35,401,1,A,4773,H101,9.503,22.489,25.589,2.548
Mpro,9nnw,A35,401,1,A,4774,H103,10.624,22.161,24.253,16.99
Mpro,9nnw,A35,401,1,A,4775,H102,8.979,21.495,24.215,12.742
Mpro,9nnw,A35,401,1,A,4776,H111,9.695,22.733,21.926,13.592
Mpro,9nnw,A35,401,1,A,4777,H113,7.939,22.848,22.146,0.849
Mpro,9nnw,A35,401,1,A,4779,H123,11.135,24.3,23.711,16.99
Mpro,9nnw,A35,401,1,A,4780,H122,10.17,25.041,24.994,1.699
Mpro,9nnw,A35,401,1,A,4786,H301,11.113,25.21,19.275,5.946
Mpro,9nnw,A35,401,1,A,4790,H051,9.127,27.445,25.334,1.699
Mpro,9nnw,A35,401,1,A,4796,H292,10.364,23.817,17.452,12.742
Mpro,9nnw,A35,401,1,A,4797,H291,10.672,25.494,16.986,0.849
Mpro,9nnw,A35,401,1,A,4798,H371,11.71,31.935,22.839,22.936
Mpro,9nnw,A35,401,1,A,4799,H381,11.772,33.219,24.957,14.441
Mpro,9o6f,V2M,401,1,A,2348,C1,12.969,11.783,27.359,9.661
Mpro,9o6f,V2M,401,1,A,2350,C3,12.171,10.376,25.632,1.208
Mpro,9o6f,V2M,401,1,A,2351,C4,11.625,11.475,24.81,3.623
Mpro,9o6f,V2M,401,1,A,2352,C5,10.637,11.21,23.752,6.038
Mpro,9o6f,V2M,401,1,A,2353,C6,10.173,9.809,23.507,7.246
Mpro,9o6f,V2M,401,1,A,2354,C7,10.755,8.655,24.379,2.415
Mpro,9o6f,V2M,401,1,A,2355,N8,10.519,7.307,24.376,5.468
Mpro,9o6f,V2M,401,1,A,2356,C9,11.274,6.743,25.324,1.208
Mpro,9o6f,V2M,401,1,A,2357,C10,12.005,7.74,25.957,1.208
Mpro,9o6f,V2M,401,1,A,2358,C11,11.68,8.909,25.366,2.415
Mpro,9o6f,V2M,401,1,A,2359,C12,11.302,5.268,25.654,1.208
Mpro,9o6f,V2M,401,1,A,2360,O13,10.72,4.505,24.999,1.071
Mpro,9o6f,V2M,401,1,A,2366,C20,15.491,3.113,28.549,1.208
Mpro,9o6f,V2M,401,1,A,2368,O22,10.056,3.797,28.327,17.143
Mpro,9o6f,V2M,401,1,A,2374,C30,5.259,3.792,26.159,7.246
Mpro,9o6f,V2M,401,1,A,2381,O37,10.445,-0.685,30.428,3.214
Mpro,9o6f,V2M,401,1,A,2382,H1,13.608,12.543,26.927,14.441
Mpro,9o6f,V2M,401,1,A,2383,H2,11.938,12.111,27.319,16.14
Mpro,9o6f,V2M,401,1,A,2384,H3,13.255,11.615,28.391,13.592
Mpro,9o6f,V2M,401,1,A,2385,H4,11.958,12.49,24.988,6.796
Mpro,9o6f,V2M,401,1,A,2386,H5,10.247,12.025,23.155,11.043
Mpro,9o6f,V2M,401,1,A,2387,H6,9.444,9.599,22.735,4.247
Mpro,9o6f,V2M,401,1,A,2401,H21,8.384,1.883,28.459,2.548
Mpro,9o6f,V2M,401,1,A,2404,H25,7.238,3.559,27.652,4.247
Mpro,9o6f,V2M,401,1,A,2405,H27,4.507,4.402,26.644,12.742
Mpro,9o6f,V2M,401,1,A,2406,H31,7.704,0.132,29.588,2.548
Mpro,9o6f,V2M,401,1,A,2407,H32,9.863,1.226,30.088,11.893
Mpro,9o6f,V2M,401,1,A,2409,H34,9.594,-1.031,30.682,1.699
Mpro,9o6e,V2M,401,1,B,2372,C1,-23.218,-24.283,-4.475,8.453
Mpro,9o6e,V2M,401,1,B,2374,C3,-22.749,-22.622,-2.926,1.208
Mpro,9o6e,V2M,401,1,B,2375,C4,-22.796,-21.508,-3.906,3.623
Mpro,9o6e,V2M,401,1,B,2376,C5,-22.101,-20.227,-3.646,7.246
Mpro,9o6e,V2M,401,1,B,2377,C6,-21.379,-20.042,-2.366,7.246
Mpro,9o6e,V2M,401,1,B,2378,C7,-21.326,-21.197,-1.322,4.831
Mpro,9o6e,V2M,401,1,B,2379,N8,-20.749,-21.286,-0.114,4.374
Mpro,9o6e,V2M,401,1,B,2380,C9,-21.028,-22.502,0.398,3.623
Mpro,9o6e,V2M,401,1,B,2381,C10,-21.782,-23.235,-0.52,1.208
Mpro,9o6e,V2M,401,1,B,2382,C11,-21.977,-22.419,-1.573,2.415
Mpro,9o6e,V2M,401,1,B,2383,C12,-20.538,-22.97,1.715,1.208
Mpro,9o6e,V2M,401,1,B,2392,O22,-18.269,-25.362,2.446,11.786
Mpro,9o6e,V2M,401,1,B,2397,C29,-15.36,-23.111,2.684,1.208
Mpro,9o6e,V2M,401,1,B,2398,C30,-14.341,-21.943,1.935,4.831
Mpro,9o6e,V2M,401,1,B,2399,N31,-14.163,-20.946,2.729,1.094
Mpro,9o6e,V2M,401,1,B,2405,O37,-17.134,-28.001,6.424,8.572
Mpro,9o6e,V2M,401,1,B,2406,H1,-23.394,-25.351,-4.505,11.893
Mpro,9o6e,V2M,401,1,B,2407,H2,-23.918,-23.783,-5.134,16.99
Mpro,9o6e,V2M,401,1,B,2408,H3,-22.206,-24.074,-4.799,16.99
Mpro,9o6e,V2M,401,1,B,2409,H4,-23.348,-21.635,-4.829,9.344
Mpro,9o6e,V2M,401,1,B,2410,H5,-22.121,-19.433,-4.383,13.592
Mpro,9o6e,V2M,401,1,B,2411,H6,-20.885,-19.101,-2.155,3.398
Mpro,9o6e,V2M,401,1,B,2425,H21,-16.121,-25.313,4.042,0.849
Mpro,9o6e,V2M,401,1,B,2428,H25,-15.911,-23.889,2.17,3.398
Mpro,9o6e,V2M,401,1,B,2429,H27,-13.662,-22.145,1.116,14.441
Mpro,9o6e,V2M,401,1,B,2430,H31,-14.985,-26.402,5.297,4.247
Mpro,9o6e,V2M,401,1,B,2431,H32,-17.218,-27.201,4.569,9.344
Mpro,9o6f,V2M,401,1,B,2378,C1,-23.88,-23.971,-3.855,4.831
Mpro,9o6f,V2M,401,1,B,2380,C3,-23.281,-22.155,-2.546,1.208
Mpro,9o6f,V2M,401,1,B,2381,C4,-23.256,-21.141,-3.632,2.415
Mpro,9o6f,V2M,401,1,B,2382,C5,-22.402,-19.941,-3.49,7.246
Mpro,9o6f,V2M,401,1,B,2383,C6,-21.561,-19.752,-2.263,8.453
Mpro,9o6f,V2M,401,1,B,2384,C7,-21.598,-20.833,-1.14,3.623
Mpro,9o6f,V2M,401,1,B,2385,N8,-20.969,-20.917,0.059,7.655
Mpro,9o6f,V2M,401,1,B,2386,C9,-21.345,-22.057,0.666,2.415
Mpro,9o6f,V2M,401,1,B,2388,C11,-22.397,-21.954,-1.269,2.415
Mpro,9o6f,V2M,401,1,B,2390,O13,-20.359,-21.817,2.759,1.071
Mpro,9o6f,V2M,401,1,B,2398,O22,-18.54,-24.855,2.55,15.0
Mpro,9o6f,V2M,401,1,B,2403,C29,-15.223,-22.949,2.956,2.415
Mpro,9o6f,V2M,401,1,B,2404,C30,-14.288,-21.792,2.114,9.661
Mpro,9o6f,V2M,401,1,B,2405,N31,-14.298,-20.684,2.764,1.094
Mpro,9o6f,V2M,401,1,B,2410,C36,-17.629,-26.602,5.815,1.208
Mpro,9o6f,V2M,401,1,B,2411,O37,-17.238,-27.654,6.633,4.286
Mpro,9o6f,V2M,401,1,B,2412,H1,-24.214,-24.995,-3.743,10.194
Mpro,9o6f,V2M,401,1,B,2413,H2,-24.45,-23.491,-4.642,17.839
Mpro,9o6f,V2M,401,1,B,2414,H3,-22.829,-23.96,-4.113,15.291
Mpro,9o6f,V2M,401,1,B,2415,H4,-23.859,-21.279,-4.521,10.194
Mpro,9o6f,V2M,401,1,B,2416,H5,-22.384,-19.196,-4.276,14.441
Mpro,9o6f,V2M,401,1,B,2417,H6,-20.936,-18.874,-2.158,7.645
Mpro,9o6f,V2M,401,1,B,2422,H12,-21.258,-26.341,3.028,0.849
Mpro,9o6f,V2M,401,1,B,2431,H21,-16.444,-24.947,4.118,0.849
Mpro,9o6f,V2M,401,1,B,2434,H25,-15.702,-23.808,2.502,1.699
Mpro,9o6f,V2M,401,1,B,2435,H27,-13.524,-22.018,1.381,11.043
Mpro,9o6f,V2M,401,1,B,2436,H31,-15.168,-26.115,5.463,3.398
Mpro,9o6f,V2M,401,1,B,2437,H32,-17.487,-26.883,4.778,11.043
Mpro,9o6f,V2M,401,1,B,2439,H34,-17.882,-28.341,6.594,0.849
Mpro,9o6p,V2M,401,1,A,2326,C1,13.154,11.12,27.878,9.661
Mpro,9o6p,V2M,401,1,A,2329,C4,11.847,11.405,24.95,3.623
Mpro,9o6p,V2M,401,1,A,2330,C5,10.775,11.119,24.073,7.246
Mpro,9o6p,V2M,401,1,A,2331,C6,10.229,9.855,23.965,7.246
Mpro,9o6p,V2M,401,1,A,2332,C7,10.79,8.851,24.769,2.415
Mpro,9o6p,V2M,401,1,A,2333,N8,10.473,7.524,24.886,3.281
Mpro,9o6p,V2M,401,1,A,2334,C9,11.312,6.922,25.798,3.623
Mpro,9o6p,V2M,401,1,A,2335,C10,12.18,7.87,26.31,1.208
Mpro,9o6p,V2M,401,1,A,2336,C11,11.866,9.099,25.659,2.415
Mpro,9o6p,V2M,401,1,A,2346,O22,10.076,3.879,28.543,12.858
Mpro,9o6p,V2M,401,1,A,2359,O37,10.302,-0.532,30.906,2.143
Mpro,9o6p,V2M,401,1,A,2360,H1,12.731,12.106,27.693,18.689
Mpro,9o6p,V2M,401,1,A,2361,H2,12.447,10.438,28.349,9.344
Mpro,9o6p,V2M,401,1,A,2362,H3,14.111,11.16,28.396,8.495
Mpro,9o6p,V2M,401,1,A,2363,H4,12.229,12.416,24.991,10.194
Mpro,9o6p,V2M,401,1,A,2364,H5,10.374,11.926,23.47,9.344
Mpro,9o6p,V2M,401,1,A,2365,H6,9.406,9.65,23.29,5.946
Mpro,9o6p,V2M,401,1,A,2366,H7,9.749,7.01,24.405,2.548
Mpro,9o6p,V2M,401,1,A,2370,H11,13.038,3.864,29.05,0.849
Mpro,9o6p,V2M,401,1,A,2380,H21,8.483,2.14,28.564,0.849
Mpro,9o6p,V2M,401,1,A,2384,H25,7.637,4.531,26.035,3.398
Mpro,9o6p,V2M,401,1,A,2385,H26,7.5,3.714,27.596,3.398
Mpro,9o6p,V2M,401,1,A,2387,H28,5.288,4.739,26.264,12.742
Mpro,9o6p,V2M,401,1,A,2389,H31,7.445,0.47,29.712,2.548
Mpro,9o6p,V2M,401,1,A,2391,H33,9.599,1.38,30.503,12.742
Mpro,9o6p,V2M,401,1,A,2392,H34,10.756,-0.153,31.669,5.097
Mpro,9o6q,V2M,401,1,A,2325,C1,12.537,10.996,27.484,10.869
Mpro,9o6q,V2M,401,1,A,2326,O2,12.933,10.819,26.14,1.071
Mpro,9o6q,V2M,401,1,A,2328,C4,11.402,11.491,24.361,3.623
Mpro,9o6q,V2M,401,1,A,2329,C5,10.41,11.109,23.427,8.453
Mpro,9o6q,V2M,401,1,A,2330,C6,9.96,9.807,23.316,7.246
Mpro,9o6q,V2M,401,1,A,2331,C7,10.539,8.865,24.181,3.623
Mpro,9o6q,V2M,401,1,A,2332,N8,10.308,7.521,24.31,2.187
Mpro,9o6q,V2M,401,1,A,2333,C9,11.124,6.993,25.287,3.623
Mpro,9o6q,V2M,401,1,A,2334,C10,11.888,8.011,25.829,2.415
Mpro,9o6q,V2M,401,1,A,2335,C11,11.537,9.208,25.131,1.208
Mpro,9o6q,V2M,401,1,A,2345,O22,9.686,3.786,28.137,9.643
Mpro,9o6q,V2M,401,1,A,2350,C29,6.502,4.132,26.391,3.623
Mpro,9o6q,V2M,401,1,A,2357,C36,9.962,0.724,29.302,1.208
Mpro,9o6q,V2M,401,1,A,2358,O37,10.123,-0.131,30.432,5.357
Mpro,9o6q,V2M,401,1,A,2359,H1,13.45,11.216,28.036,9.344
Mpro,9o6q,V2M,401,1,A,2360,H2,11.835,11.829,27.479,21.237
Mpro,9o6q,V2M,401,1,A,2361,H3,12.077,10.056,27.785,3.398
Mpro,9o6q,V2M,401,1,A,2362,H4,11.71,12.527,24.396,13.592
Mpro,9o6q,V2M,401,1,A,2363,H5,9.992,11.872,22.78,8.495
Mpro,9o6q,V2M,401,1,A,2364,H6,9.199,9.53,22.596,5.097
Mpro,9o6q,V2M,401,1,A,2365,H7,9.653,6.95,23.798,1.699
Mpro,9o6q,V2M,401,1,A,2370,H12,12.724,4.185,28.752,0.849
Mpro,9o6q,V2M,401,1,A,2375,H17,16.206,4.042,27.946,0.849
Mpro,9o6q,V2M,401,1,A,2380,H22,7.428,2.379,28.025,1.699
Mpro,9o6q,V2M,401,1,A,2383,H25,6.812,4.982,25.782,6.796
Mpro,9o6q,V2M,401,1,A,2384,H26,6.733,4.358,27.433,7.645
Mpro,9o6q,V2M,401,1,A,2386,H28,4.435,4.763,25.97,13.592
Mpro,9o6q,V2M,401,1,A,2388,H31,7.605,0.451,29.514,4.247
Mpro,9o6q,V2M,401,1,A,2389,H32,9.517,1.678,29.611,8.495
Mpro,9o6q,V2M,401,1,A,2391,H34,9.245,-0.465,30.663,4.247
Mpro,9o6p,V2M,401,1,B,2330,C1,-23.275,-23.989,-3.7,8.453
Mpro,9o6p,V2M,401,1,B,2331,O2,-23.753,-22.957,-2.867,1.071
Mpro,9o6p,V2M,401,1,B,2332,C3,-22.97,-21.863,-2.669,1.208
Mpro,9o6p,V2M,401,1,B,2333,C4,-22.895,-20.762,-3.509,4.831
Mpro,9o6p,V2M,401,1,B,2334,C5,-22.041,-19.679,-3.192,7.246
Mpro,9o6p,V2M,401,1,B,2335,C6,-21.256,-19.665,-2.053,8.453
Mpro,9o6p,V2M,401,1,B,2336,C7,-21.338,-20.785,-1.207,4.831
Mpro,9o6p,V2M,401,1,B,2337,N8,-20.7,-21.07,-0.024,3.281
Mpro,9o6p,V2M,401,1,B,2338,C9,-21.129,-22.301,0.45,2.415
Mpro,9o6p,V2M,401,1,B,2340,C11,-22.183,-21.885,-1.497,1.208
Mpro,9o6p,V2M,401,1,B,2341,C12,-20.563,-22.835,1.707,2.415
Mpro,9o6p,V2M,401,1,B,2350,O22,-18.073,-25.403,2.319,15.0
Mpro,9o6p,V2M,401,1,B,2356,C30,-14.273,-21.768,1.809,3.623
Mpro,9o6p,V2M,401,1,B,2361,O35,-15.226,-25.523,5.703,2.143
Mpro,9o6p,V2M,401,1,B,2363,O37,-17.026,-27.517,6.561,4.286
Mpro,9o6p,V2M,401,1,B,2364,H1,-22.33,-24.309,-3.265,5.946
Mpro,9o6p,V2M,401,1,B,2365,H2,-23.158,-23.544,-4.687,19.538
Mpro,9o6p,V2M,401,1,B,2366,H3,-24.037,-24.768,-3.675,9.344
Mpro,9o6p,V2M,401,1,B,2367,H4,-23.483,-20.713,-4.414,11.043
Mpro,9o6p,V2M,401,1,B,2368,H5,-22.008,-18.835,-3.871,9.344
Mpro,9o6p,V2M,401,1,B,2369,H6,-20.607,-18.828,-1.825,5.946
Mpro,9o6p,V2M,401,1,B,2370,H7,-20.019,-20.513,0.469,2.548
Mpro,9o6p,V2M,401,1,B,2384,H21,-16.387,-24.636,3.738,0.849
Mpro,9o6p,V2M,401,1,B,2387,H24,-16.974,-21.867,2.911,0.849
Mpro,9o6p,V2M,401,1,B,2388,H25,-15.645,-23.461,1.782,5.097
Mpro,9o6p,V2M,401,1,B,2390,H27,-13.232,-22.077,1.657,5.097
Mpro,9o6p,V2M,401,1,B,2391,H28,-14.699,-21.509,0.832,13.592
Mpro,9o6p,V2M,401,1,B,2394,H32,-17.342,-26.833,4.628,9.344
Mpro,9o6p,V2M,401,1,B,2396,H34,-16.062,-27.48,6.612,3.398
Mpro,9o74,V2M,401,1,A,2300,C1,12.765,11.171,27.386,9.661
Mpro,9o74,V2M,401,1,A,2301,O2,13.02,11.08,26.046,1.071
Mpro,9o74,V2M,401,1,A,2302,C3,12.008,10.77,25.203,1.208
Mpro,9o74,V2M,401,1,A,2303,C4,11.411,11.696,24.364,3.623
Mpro,9o74,V2M,401,1,A,2304,C5,10.364,11.299,23.483,7.246
Mpro,9o74,V2M,401,1,A,2305,C6,9.918,9.991,23.412,7.246
Mpro,9o74,V2M,401,1,A,2306,C7,10.541,9.06,24.259,2.415
Mpro,9o74,V2M,401,1,A,2307,N8,10.304,7.719,24.424,3.281
Mpro,9o74,V2M,401,1,A,2308,C9,11.197,7.19,25.298,2.415
Mpro,9o74,V2M,401,1,A,2310,C11,11.579,9.415,25.162,1.208
Mpro,9o74,V2M,401,1,A,2320,O22,9.97,4.173,28.297,12.858
Mpro,9o74,V2M,401,1,A,2325,C29,6.515,3.592,26.802,1.208
Mpro,9o74,V2M,401,1,A,2326,C30,5.111,4.014,26.306,2.415
Mpro,9o74,V2M,401,1,A,2331,O35,7.894,-0.171,28.878,1.071
Mpro,9o74,V2M,401,1,A,2332,C36,9.936,0.835,29.653,1.208
Mpro,9o74,V2M,401,1,A,2333,O37,10.309,-0.284,30.472,1.071
Mpro,9o74,V2M,401,1,A,2334,H1,12.062,11.995,27.499,22.936
Mpro,9o74,V2M,401,1,A,2335,H2,13.726,11.367,27.858,7.645
Mpro,9o74,V2M,401,1,A,2336,H3,12.34,10.21,27.674,0.849
Mpro,9o74,V2M,401,1,A,2337,H4,11.727,12.73,24.364,12.742
Mpro,9o74,V2M,401,1,A,2338,H5,9.908,12.053,22.851,12.742
Mpro,9o74,V2M,401,1,A,2339,H6,9.125,9.701,22.734,5.946
Mpro,9o74,V2M,401,1,A,2340,H7,9.588,7.157,23.988,4.247
Mpro,9o74,V2M,401,1,A,2344,H11,12.849,4.246,28.802,0.849
Mpro,9o74,V2M,401,1,A,2358,H25,7.288,4.232,26.374,2.548
Mpro,9o74,V2M,401,1,A,2359,H26,6.581,3.66,27.889,5.097
Mpro,9o74,V2M,401,1,A,2360,H27,5.011,5.103,26.21,14.441
Mpro,9o74,V2M,401,1,A,2362,H29,4.538,3.612,24.22,0.849
Mpro,9o74,V2M,401,1,A,2364,H32,9.335,1.549,30.23,14.441
Mpro,9o74,V2M,401,1,A,2366,H34,10.532,0.057,31.347,5.097
Mpro,9o6q,V2M,401,1,B,2363,C1,-22.824,-24.179,-3.601,8.453
Mpro,9o6q,V2M,401,1,B,2364,O2,-23.47,-23.082,-2.996,1.071
Mpro,9o6q,V2M,401,1,B,2365,C3,-22.745,-21.948,-2.8,1.208
Mpro,9o6q,V2M,401,1,B,2366,C4,-22.711,-20.86,-3.659,3.623
Mpro,9o6q,V2M,401,1,B,2367,C5,-21.921,-19.726,-3.353,7.246
Mpro,9o6q,V2M,401,1,B,2368,C6,-21.156,-19.645,-2.207,8.453
Mpro,9o6q,V2M,401,1,B,2369,C7,-21.198,-20.751,-1.346,4.831
Mpro,9o6q,V2M,401,1,B,2370,N8,-20.563,-20.97,-0.154,2.187
Mpro,9o6q,V2M,401,1,B,2371,C9,-20.918,-22.198,0.35,2.415
Mpro,9o6q,V2M,401,1,B,2372,C10,-21.778,-22.818,-0.536,1.208
Mpro,9o6q,V2M,401,1,B,2373,C11,-21.977,-21.906,-1.616,1.208
Mpro,9o6q,V2M,401,1,B,2374,C12,-20.307,-22.597,1.632,1.208
Mpro,9o6q,V2M,401,1,B,2375,O13,-19.37,-21.956,2.1,2.143
Mpro,9o6q,V2M,401,1,B,2383,O22,-18.288,-24.939,2.441,10.715
Mpro,9o6q,V2M,401,1,B,2389,C30,-14.022,-21.769,1.9,1.208
Mpro,9o6q,V2M,401,1,B,2396,O37,-17.212,-27.689,6.469,3.214
Mpro,9o6q,V2M,401,1,B,2397,H1,-22.429,-23.808,-4.545,21.237
Mpro,9o6q,V2M,401,1,B,2398,H2,-23.592,-24.94,-3.734,7.645
Mpro,9o6q,V2M,401,1,B,2399,H3,-22.043,-24.485,-2.906,0.849
Mpro,9o6q,V2M,401,1,B,2400,H4,-23.286,-20.859,-4.574,12.742
Mpro,9o6q,V2M,401,1,B,2401,H5,-21.922,-18.896,-4.05,9.344
Mpro,9o6q,V2M,401,1,B,2402,H6,-20.555,-18.771,-1.986,5.097
Mpro,9o6q,V2M,401,1,B,2403,H7,-19.922,-20.36,0.33,1.699
Mpro,9o6q,V2M,401,1,B,2408,H12,-20.805,-26.293,3.073,0.849
Mpro,9o6q,V2M,401,1,B,2421,H25,-15.079,-23.675,1.999,2.548
Mpro,9o6q,V2M,401,1,B,2423,H27,-12.962,-21.931,1.667,5.946
Mpro,9o6q,V2M,401,1,B,2424,H28,-14.554,-21.589,0.958,13.592
Mpro,9o6q,V2M,401,1,B,2428,H33,-16.351,-27.235,4.635,16.99
Mpro,9o74,V2M,401,1,B,2355,C1,-22.939,-23.971,-4.006,8.453
Mpro,9o74,V2M,401,1,B,2358,C4,-22.56,-20.832,-3.861,2.415
Mpro,9o74,V2M,401,1,B,2359,C5,-21.739,-19.74,-3.502,9.661
Mpro,9o74,V2M,401,1,B,2360,C6,-21.073,-19.687,-2.298,9.661
Mpro,9o74,V2M,401,1,B,2361,C7,-21.24,-20.768,-1.428,3.623
Mpro,9o74,V2M,401,1,B,2362,N8,-20.732,-21.006,-0.187,4.374
Mpro,9o74,V2M,401,1,B,2363,C9,-21.242,-22.186,0.329,1.208
Mpro,9o74,V2M,401,1,B,2364,C10,-21.99,-22.792,-0.644,1.208
Mpro,9o74,V2M,401,1,B,2366,C12,-20.707,-22.599,1.645,1.208
Mpro,9o74,V2M,401,1,B,2367,O13,-20.059,-21.801,2.314,1.071
Mpro,9o74,V2M,401,1,B,2375,O22,-18.293,-24.997,2.242,16.072
Mpro,9o74,V2M,401,1,B,2381,C30,-14.011,-21.882,1.949,2.415
Mpro,9o74,V2M,401,1,B,2387,C36,-17.04,-26.702,5.315,1.208
Mpro,9o74,V2M,401,1,B,2389,H1,-23.244,-24.923,-3.575,3.398
Mpro,9o74,V2M,401,1,B,2390,H2,-21.862,-23.814,-3.966,11.893
Mpro,9o74,V2M,401,1,B,2391,H3,-23.355,-23.803,-4.998,22.087
Mpro,9o74,V2M,401,1,B,2392,H4,-23.059,-20.817,-4.819,12.742
Mpro,9o74,V2M,401,1,B,2393,H5,-21.636,-18.921,-4.204,11.043
Mpro,9o74,V2M,401,1,B,2394,H6,-20.447,-18.842,-2.039,5.946
Mpro,9o74,V2M,401,1,B,2395,H7,-20.076,-20.441,0.332,2.548
Mpro,9o74,V2M,401,1,B,2400,H12,-20.915,-26.461,2.774,0.849
Mpro,9o74,V2M,401,1,B,2414,H26,-15.658,-23.29,2.165,4.247
Mpro,9o74,V2M,401,1,B,2415,H27,-12.925,-22.041,1.944,1.699
Mpro,9o74,V2M,401,1,B,2416,H28,-14.349,-21.801,0.909,12.742
Mpro,9o74,V2M,401,1,B,2420,H33,-16.346,-27.084,4.557,13.592
Mpro,9o74,V2M,401,1,B,2421,H34,-17.25,-28.506,6.053,4.247
Mpro,9opm,V2M,401,1,A,2326,C1,13.395,12.007,27.019,9.661
Mpro,9opm,V2M,401,1,A,2327,O2,12.952,10.753,26.642,1.071
Mpro,9opm,V2M,401,1,A,2328,C3,12.11,10.633,25.565,2.415
Mpro,9opm,V2M,401,1,A,2329,C4,11.644,11.643,24.735,6.038
Mpro,9opm,V2M,401,1,A,2330,C5,10.769,11.337,23.658,7.246
Mpro,9opm,V2M,401,1,A,2331,C6,10.34,10.053,23.377,8.453
Mpro,9opm,V2M,401,1,A,2332,C7,10.815,9.043,24.219,2.415
Mpro,9opm,V2M,401,1,A,2333,N8,10.574,7.689,24.199,3.281
Mpro,9opm,V2M,401,1,A,2334,C9,11.186,7.112,25.278,4.831
Mpro,9opm,V2M,401,1,A,2335,C10,11.962,8.071,25.93,2.415
Mpro,9opm,V2M,401,1,A,2336,C11,11.687,9.316,25.301,3.623
Mpro,9opm,V2M,401,1,A,2346,O22,9.663,4.076,28.528,16.072
Mpro,9opm,V2M,401,1,A,2352,C30,5.038,3.821,26.227,2.415
Mpro,9opm,V2M,401,1,A,2357,O35,7.898,-0.197,28.911,1.071
Mpro,9opm,V2M,401,1,A,2358,C36,10.022,0.76,29.576,1.208
Mpro,9opm,V2M,401,1,A,2360,H1,13.936,11.862,27.953,11.043
Mpro,9opm,V2M,401,1,A,2361,H2,14.035,12.351,26.208,8.495
Mpro,9opm,V2M,401,1,A,2362,H3,12.5,12.615,27.139,18.689
Mpro,9opm,V2M,401,1,A,2363,H4,11.937,12.672,24.892,11.043
Mpro,9opm,V2M,401,1,A,2364,H5,10.428,12.154,23.033,10.194
Mpro,9opm,V2M,401,1,A,2365,H6,9.673,9.844,22.55,3.398
Mpro,9opm,V2M,401,1,A,2366,H7,10.042,7.155,23.528,0.849
Mpro,9opm,V2M,401,1,A,2368,H9,11.304,6.132,27.403,0.849
Mpro,9opm,V2M,401,1,A,2369,H10,12.073,4.463,28.44,0.849
Mpro,9opm,V2M,401,1,A,2376,H17,15.428,2.817,28.98,0.849
Mpro,9opm,V2M,401,1,A,2385,H26,7.15,4.1,26.717,5.097
Mpro,9opm,V2M,401,1,A,2386,H27,4.163,3.4,26.738,1.699
Mpro,9opm,V2M,401,1,A,2387,H28,4.937,4.913,26.222,17.839
Mpro,9opm,V2M,401,1,A,2389,H31,7.25,0.524,29.112,1.699
Mpro,9opm,V2M,401,1,A,2390,H32,9.475,1.513,30.157,12.742
Mpro,9opm,V2M,401,1,A,2392,H34,10.477,0.043,31.351,5.946
Mpro,9opm,V2M,401,1,B,2372,C1,-23.449,-23.978,-4.056,9.661
Mpro,9opm,V2M,401,1,B,2374,C3,-23.039,-22.042,-2.809,1.208
Mpro,9opm,V2M,401,1,B,2375,C4,-22.952,-20.974,-3.69,3.623
Mpro,9opm,V2M,401,1,B,2376,C5,-22.149,-19.852,-3.381,7.246
Mpro,9opm,V2M,401,1,B,2377,C6,-21.422,-19.765,-2.209,8.453
Mpro,9opm,V2M,401,1,B,2378,C7,-21.516,-20.853,-1.326,6.038
Mpro,9opm,V2M,401,1,B,2379,N8,-20.923,-21.056,-0.106,3.281
Mpro,9opm,V2M,401,1,B,2380,C9,-21.366,-22.247,0.433,2.415
Mpro,9opm,V2M,401,1,B,2381,C10,-22.168,-22.886,-0.496,1.208
Mpro,9opm,V2M,401,1,B,2382,C11,-22.309,-21.992,-1.6,1.208
Mpro,9opm,V2M,401,1,B,2384,O13,-19.904,-22.012,2.275,1.071
Mpro,9opm,V2M,401,1,B,2392,O22,-18.489,-24.938,2.32,11.786
Mpro,9opm,V2M,401,1,B,2397,C29,-15.302,-22.884,2.416,1.208
Mpro,9opm,V2M,401,1,B,2398,C30,-14.297,-21.848,1.859,1.208
Mpro,9opm,V2M,401,1,B,2404,C36,-17.414,-26.676,5.372,1.208
Mpro,9opm,V2M,401,1,B,2406,H1,-24.309,-23.974,-4.724,20.388
Mpro,9opm,V2M,401,1,B,2407,H2,-23.255,-24.958,-3.622,4.247
Mpro,9opm,V2M,401,1,B,2408,H3,-22.563,-23.531,-4.504,15.291
Mpro,9opm,V2M,401,1,B,2409,H4,-23.495,-20.982,-4.624,11.043
Mpro,9opm,V2M,401,1,B,2410,H5,-22.108,-19.037,-4.094,10.194
Mpro,9opm,V2M,401,1,B,2411,H6,-20.81,-18.9,-1.985,5.946
Mpro,9opm,V2M,401,1,B,2412,H7,-20.26,-20.464,0.373,2.548
Mpro,9opm,V2M,401,1,B,2417,H12,-21.058,-26.434,2.824,0.849
Mpro,9opm,V2M,401,1,B,2431,H26,-16.273,-22.798,1.926,5.946
Mpro,9opm,V2M,401,1,B,2432,H27,-13.258,-22.167,2.001,1.699
Mpro,9opm,V2M,401,1,B,2433,H28,-14.453,-21.659,0.789,17.839
Mpro,9opm,V2M,401,1,B,2435,H31,-14.989,-25.779,5.088,0.849
Mpro,9opm,V2M,401,1,B,2436,H32,-16.856,-27.057,4.507,14.441
Mpro,9opm,V2M,401,1,B,2438,H34,-17.326,-28.519,5.994,6.796
Mpro,9opn,V2M,401,1,A,2355,C1,13.657,11.999,27.235,8.453
Mpro,9opn,V2M,401,1,A,2356,O2,13.13,10.762,26.941,1.071
Mpro,9opn,V2M,401,1,A,2357,C3,12.314,10.617,25.87,2.415
Mpro,9opn,V2M,401,1,A,2358,C4,11.858,11.613,25.026,7.246
Mpro,9opn,V2M,401,1,A,2359,C5,10.989,11.296,23.955,7.246
Mpro,9opn,V2M,401,1,A,2360,C6,10.568,10.002,23.694,8.453
Mpro,9opn,V2M,401,1,A,2361,C7,11.037,8.995,24.554,2.415
Mpro,9opn,V2M,401,1,A,2362,N8,10.808,7.643,24.568,3.281
Mpro,9opn,V2M,401,1,A,2363,C9,11.558,7.049,25.555,2.415
Mpro,9opn,V2M,401,1,A,2364,C10,12.182,8.053,26.299,1.208
Mpro,9opn,V2M,401,1,A,2365,C11,11.903,9.284,25.639,3.623
Mpro,9opn,V2M,401,1,A,2367,O13,10.491,4.961,25.282,1.071
Mpro,9opn,V2M,401,1,A,2375,O22,10.144,4.048,28.551,13.929
Mpro,9opn,V2M,401,1,A,2381,C30,5.368,4.015,26.26,2.415
Mpro,9opn,V2M,401,1,A,2387,C36,10.009,0.77,29.815,1.208
Mpro,9opn,V2M,401,1,A,2388,O37,10.5,-0.287,30.651,3.214
Mpro,9opn,V2M,401,1,A,2389,H1,12.805,12.669,27.335,19.538
Mpro,9opn,V2M,401,1,A,2390,H2,14.301,12.255,26.395,6.796
Mpro,9opn,V2M,401,1,A,2391,H3,14.208,11.873,28.167,10.194
Mpro,9opn,V2M,401,1,A,2392,H4,12.154,12.643,25.169,9.344
Mpro,9opn,V2M,401,1,A,2393,H5,10.645,12.103,23.318,10.194
Mpro,9opn,V2M,401,1,A,2394,H6,9.907,9.78,22.866,3.398
Mpro,9opn,V2M,401,1,A,2395,H7,10.194,7.109,23.971,1.699
Mpro,9opn,V2M,401,1,A,2400,H12,12.904,3.978,29.081,1.699
Mpro,9opn,V2M,401,1,A,2409,H21,8.395,2.207,28.4,1.699
Mpro,9opn,V2M,401,1,A,2413,H25,7.156,4.29,27.462,9.344
Mpro,9opn,V2M,401,1,A,2415,H27,4.438,3.926,26.836,0.849
Mpro,9opn,V2M,401,1,A,2416,H28,5.506,5.071,25.996,14.441
Mpro,9opn,V2M,401,1,A,2417,H29,4.566,3.136,24.42,0.849
Mpro,9opn,V2M,401,1,A,2418,H31,7.545,0.41,29.551,1.699
Mpro,9opn,V2M,401,1,A,2420,H33,9.319,1.405,30.385,12.742
Mpro,9opn,V2M,401,1,A,2421,H34,9.73,-0.76,30.983,2.548
Mpro,9pfh,WZK,401,1,A,2329,C4,-25.683,5.613,28.232,7.246
Mpro,9pfh,WZK,401,1,A,2330,C5,-24.404,5.73,28.732,6.038
Mpro,9pfh,WZK,401,1,A,2331,C6,-24.817,4.551,26.259,6.038
Mpro,9pfh,WZK,401,1,A,2333,C8,-23.281,5.249,28.024,1.208
Mpro,9pfh,WZK,401,1,A,2339,C21,-16.797,8.715,25.249,14.492
Mpro,9pfh,WZK,401,1,A,2340,C22,-18.095,8.894,25.754,25.36
Mpro,9pfh,WZK,401,1,A,2342,O2,-19.699,5.512,28.683,2.143
Mpro,9pfh,WZK,401,1,A,2345,C23,-18.905,7.815,26.0,1.208
Mpro,9pfh,WZK,401,1,A,2346,O1,-20.147,8.088,26.491,17.143
Mpro,9pfh,WZK,401,1,A,2350,C9,-22.002,5.668,30.009,10.869
Mpro,9pfh,WZK,401,1,A,2351,S1,-22.608,4.403,32.417,6.434
Mpro,9pfh,WZK,401,1,A,2355,C3,-25.925,5.017,26.983,2.415
Mpro,9pfh,WZK,401,1,A,2356,C2,-28.333,5.441,27.211,7.246
Mpro,9pfh,WZK,401,1,A,2357,C1,-27.45,4.263,25.212,13.284
Mpro,9opn,V2M,401,1,B,2356,C1,-23.941,-23.812,-4.199,9.661
Mpro,9opn,V2M,401,1,B,2358,C3,-23.075,-22.263,-2.75,2.415
Mpro,9opn,V2M,401,1,B,2359,C4,-23.123,-21.2,-3.645,2.415
Mpro,9opn,V2M,401,1,B,2360,C5,-22.453,-19.99,-3.359,7.246
Mpro,9opn,V2M,401,1,B,2361,C6,-21.735,-19.81,-2.191,7.246
Mpro,9opn,V2M,401,1,B,2362,C7,-21.691,-20.892,-1.295,3.623
Mpro,9opn,V2M,401,1,B,2363,N8,-21.078,-21.035,-0.077,2.187
Mpro,9opn,V2M,401,1,B,2364,C9,-21.402,-22.261,0.465,2.415
Mpro,9opn,V2M,401,1,B,2365,C10,-22.115,-22.994,-0.467,1.208
Mpro,9opn,V2M,401,1,B,2366,C11,-22.351,-22.116,-1.556,2.415
Mpro,9opn,V2M,401,1,B,2367,C12,-20.773,-22.649,1.73,1.208
Mpro,9opn,V2M,401,1,B,2368,O13,-19.911,-21.954,2.242,1.071
Mpro,9opn,V2M,401,1,B,2376,O22,-18.511,-25.12,2.369,10.715
Mpro,9opn,V2M,401,1,B,2382,C30,-14.49,-21.758,1.798,2.415
Mpro,9opn,V2M,401,1,B,2388,C36,-17.346,-26.75,5.403,1.208
Mpro,9opn,V2M,401,1,B,2390,H1,-24.103,-24.889,-4.203,8.495
Mpro,9opn,V2M,401,1,B,2391,H2,-24.836,-23.249,-4.461,10.194
Mpro,9opn,V2M,401,1,B,2392,H3,-23.068,-23.513,-4.776,16.99
Mpro,9opn,V2M,401,1,B,2393,H4,-23.672,-21.282,-4.573,9.344
Mpro,9opn,V2M,401,1,B,2394,H5,-22.509,-19.183,-4.081,11.043
Mpro,9opn,V2M,401,1,B,2395,H6,-21.229,-18.877,-1.979,3.398
Mpro,9opn,V2M,401,1,B,2396,H7,-20.475,-20.381,0.398,1.699
Mpro,9opn,V2M,401,1,B,2414,H25,-16.121,-23.17,1.57,7.645
Mpro,9opn,V2M,401,1,B,2416,H27,-13.458,-22.119,1.708,3.398
Mpro,9opn,V2M,401,1,B,2417,H28,-14.818,-21.412,0.81,17.839
Mpro,9opn,V2M,401,1,B,2419,H31,-14.93,-25.748,5.087,0.849
Mpro,9opn,V2M,401,1,B,2420,H32,-16.793,-27.111,4.527,14.441
Mpro,9opn,V2M,401,1,B,2422,H34,-17.413,-28.622,5.974,5.946
Mpro,9q7s,A42,401,1,A,2396,C14,5.203,-6.68,23.136,14.492
Mpro,9q7s,A42,401,1,A,2405,C28,8.487,4.704,22.025,19.322
Mpro,9q7s,A42,401,1,A,2406,O01,9.047,-1.46,22.993,12.858
Mpro,9q7s,A42,401,1,A,2409,C04,7.562,-1.876,20.548,2.415
Mpro,9q7s,A42,401,1,A,2413,C08,4.871,1.503,19.272,20.53
Mpro,9q7s,A42,401,1,A,2415,N11,6.344,-5.124,21.53,3.281
Mpro,9q7s,A42,401,1,A,2416,C13,4.166,-5.62,22.769,20.53
Mpro,9q7s,A42,401,1,A,2417,O16,8.743,-3.934,21.153,1.071
Mpro,9q7s,A42,401,1,A,2421,C27,9.21,4.853,24.445,35.021
Mpro,9q7s,A42,401,1,A,2422,C29,8.187,2.727,23.554,27.775
Mpro,9q7s,A42,401,1,A,2424,C31,12.71,4.692,22.63,1.208
Mpro,9q7s,A42,401,1,A,2425,O32,13.295,5.941,22.337,8.572
Mpro,9pfh,WZK,401,1,B,2354,N1,15.154,-16.926,-0.325,1.094
Mpro,9pfh,WZK,401,1,B,2356,C4,16.756,-15.487,0.78,7.246
Mpro,9pfh,WZK,401,1,B,2357,C5,17.035,-14.378,1.552,4.831
Mpro,9pfh,WZK,401,1,B,2358,C6,14.405,-15.018,0.945,3.623
Mpro,9pfh,WZK,401,1,B,2365,C20,14.309,-12.379,9.433,2.415
Mpro,9pfh,WZK,401,1,B,2366,C21,15.321,-13.278,9.516,30.191
Mpro,9pfh,WZK,401,1,B,2367,C22,15.904,-13.826,8.363,24.153
Mpro,9pfh,WZK,401,1,B,2369,O2,16.085,-10.9,4.537,5.357
Mpro,9pfh,WZK,401,1,B,2372,C23,15.461,-13.464,7.117,1.208
Mpro,9pfh,WZK,401,1,B,2373,O1,16.094,-14.056,6.065,16.072
Mpro,9pfh,WZK,401,1,B,2377,C9,17.616,-11.816,2.541,4.831
Mpro,9pfh,WZK,401,1,B,2378,S1,18.729,-10.32,0.44,2.574
Mpro,9pfh,WZK,401,1,B,2382,C3,15.435,-15.829,0.446,3.623
Mpro,9pfh,WZK,401,1,B,2383,C2,13.801,-17.19,-0.769,10.869
Mpro,9pfh,WZK,401,1,B,2384,C1,16.204,-17.827,-0.753,10.869
Mpro,9sdm,A43,401,1,A,4686,C17,-26.669,4.349,25.968,1.208
Mpro,9sdm,A43,401,1,A,4687,C20,-26.363,5.539,23.948,9.661
Mpro,9sdm,A43,401,1,A,4688,C21,-25.411,4.612,23.55,1.208
Mpro,9sdm,A43,401,1,A,4695,C19,-27.002,5.411,25.173,6.038
Mpro,9sdm,A43,401,1,A,4707,C38,-19.151,5.705,35.932,2.415
Mpro,9sdm,A43,401,1,A,4709,C42,-19.702,8.959,29.961,8.453
Mpro,9sdm,A43,401,1,A,4711,C44,-20.484,7.962,27.818,3.623
Mpro,9sdm,A43,401,1,A,4715,O1,-22.025,4.918,25.828,6.429
Mpro,9sdm,A43,401,1,A,4717,O40,-21.344,7.161,32.375,4.286
Mpro,9sdm,A43,401,1,A,4719,S39,-20.257,6.603,35.045,15.442
Mpro,9sdm,A43,401,1,A,4720,CL18,-27.443,4.179,27.53,1.247
Mpro,9sdm,A43,401,1,A,4723,H6A,-20.119,3.062,24.974,5.946
Mpro,9sdm,A43,401,1,A,4724,H20,-26.582,6.287,23.356,20.388
Mpro,9sdm,A43,401,1,A,4725,H21,-24.969,4.726,22.683,10.194
Mpro,9sdm,A43,401,1,A,4732,H19,-27.672,6.066,25.456,0.849
Mpro,9sdm,A43,401,1,A,4734,H23B,-23.971,3.736,28.598,0.849
Mpro,9sdm,A43,401,1,A,4737,H29,-23.613,4.736,30.805,2.548
Mpro,9sdm,A43,401,1,A,4738,H32,-21.223,6.774,30.11,1.699
Mpro,9sdm,A43,401,1,A,4741,H38,-19.155,5.752,36.91,0.849
Mpro,9sdm,A43,401,1,A,4742,H42A,-19.303,9.718,29.489,18.689
Mpro,9sdm,A43,401,1,A,4743,H42B,-19.198,8.816,30.788,11.043
Mpro,9sdm,A43,401,1,A,4744,H42C,-20.62,9.199,30.202,14.441
Mpro,9sdm,A43,401,1,A,4745,H43C,-18.186,6.582,28.143,4.247
Mpro,9sdm,A43,401,1,A,4746,H43A,-17.68,7.231,29.492,2.548
Mpro,9sdm,A43,401,1,A,4747,H43B,-17.832,8.121,28.196,11.893
Mpro,9sdm,A43,401,1,A,4749,H44B,-20.6,8.921,27.66,15.291
Mpro,9sdm,A43,401,1,A,4750,H44C,-21.376,7.561,27.876,7.645
Mpro,9sdm,A43,401,1,A,4751,H30,-22.218,5.623,28.547,4.247
Mpro,9sdm,A43,401,1,B,4624,C6,12.071,-12.348,3.235,1.208
Mpro,9sdm,A43,401,1,B,4626,C17,16.335,-16.498,-0.31,1.208
Mpro,9sdm,A43,401,1,B,4627,C20,15.798,-17.784,1.613,6.038
Mpro,9sdm,A43,401,1,B,4628,C21,14.614,-17.074,1.753,1.208
Mpro,9sdm,A43,401,1,B,4635,C19,16.668,-17.497,0.577,7.246
Mpro,9sdm,A43,401,1,B,4643,C34,20.537,-9.108,3.005,1.208
Mpro,9sdm,A43,401,1,B,4644,C35,20.913,-7.704,2.786,2.415
Mpro,9sdm,A43,401,1,B,4645,C36,20.4,-6.511,3.19,2.415
Mpro,9sdm,A43,401,1,B,4647,C38,22.225,-5.785,1.96,2.415
Mpro,9sdm,A43,401,1,B,4649,C42,18.382,-12.548,5.519,3.623
Mpro,9sdm,A43,401,1,B,4650,C43,20.381,-11.13,5.939,8.453
Mpro,9sdm,A43,401,1,B,4651,C44,18.103,-10.206,6.305,1.208
Mpro,9sdm,A43,401,1,B,4655,O1,15.381,-13.565,3.226,3.214
Mpro,9sdm,A43,401,1,B,4657,O40,21.234,-10.009,2.543,4.286
Mpro,9sdm,A43,401,1,B,4659,S39,22.318,-7.475,1.822,10.294
Mpro,9sdm,A43,401,1,B,4660,CL18,17.408,-16.132,-1.641,2.494
Mpro,9sdm,A43,401,1,B,4662,H6B,12.964,-12.111,3.56,5.097
Mpro,9sdm,A43,401,1,B,4664,H20,16.014,-18.491,2.255,26.334
Mpro,9sdm,A43,401,1,B,4665,H21,14.014,-17.292,2.495,7.645
Mpro,9sdm,A43,401,1,B,4672,H19,17.504,-17.998,0.481,7.645
Mpro,9sdm,A43,401,1,B,4673,H23A,17.049,-12.732,0.126,0.849
Mpro,9sdm,A43,401,1,B,4675,H25,19.061,-11.277,0.3,0.849
Mpro,9sdm,A43,401,1,B,4678,H32,19.44,-11.24,3.383,1.699
Mpro,9sdm,A43,401,1,B,4682,H42A,18.867,-13.155,4.924,13.592
Mpro,9sdm,A43,401,1,B,4683,H42B,17.436,-12.567,5.267,0.849
Mpro,9sdm,A43,401,1,B,4684,H42C,18.46,-12.891,6.433,8.495
Mpro,9sdm,A43,401,1,B,4685,H43C,20.425,-11.435,6.868,17.839
Mpro,9sdm,A43,401,1,B,4686,H43A,20.773,-10.233,5.904,11.043
Mpro,9sdm,A43,401,1,B,4687,H43B,20.95,-11.722,5.406,15.291
Mpro,9sdm,A43,401,1,B,4688,H44A,18.071,-10.531,7.228,8.495
Mpro,9sdm,A43,401,1,B,4689,H44B,17.182,-10.145,5.98,3.398
Mpro,9sdm,A43,401,1,B,4690,H44C,18.473,-9.299,6.323,1.699
Mpro,9sdm,A43,401,1,B,4691,H30,17.77,-12.378,2.518,5.097
Mpro,9xym,A46,401,1,A,2368,C20,-20.664,3.363,13.427,9.661
Mpro,9xym,A46,401,1,A,2369,C21,-20.742,2.339,12.263,24.153
Mpro,9xym,A46,401,1,A,2370,C22,-19.767,4.572,13.061,22.945
Mpro,9xym,A46,401,1,A,2371,C24,-19.555,3.537,17.06,1.208
Mpro,9xym,A46,401,1,A,2372,O01,-20.427,-1.753,13.238,9.643
Mpro,9xym,A46,401,1,A,2379,C08,-17.599,1.529,9.091,8.453
Mpro,9xym,A46,401,1,A,2380,C09,-18.037,-4.146,11.607,7.246
Mpro,9xym,A46,401,1,A,2381,O10,-17.931,-4.739,10.588,5.357
Mpro,9xym,A46,401,1,A,2385,C16,-21.261,-0.116,15.815,2.415
Mpro,9xym,A46,401,1,A,2388,C19,-20.288,2.735,14.781,1.208
Mpro,9xym,A46,401,1,A,2389,N23,-19.605,3.707,15.611,1.094
Mpro,9xym,A46,401,1,A,2391,F26,-19.361,5.812,17.71,8.281
Mpro,9xym,A46,401,1,A,2396,C31,-18.959,-0.592,18.394,2.415
Mpro,9xz6,A47,401,1,A,2386,C21,7.786,2.4,23.587,27.775
Mpro,9xz6,A47,401,1,A,2387,C22,8.279,4.437,22.161,21.737
Mpro,9xz6,A47,401,1,A,2388,O01,8.628,-1.652,22.721,13.929
Mpro,9xz6,A47,401,1,A,2395,C08,4.969,1.024,19.026,20.53
Mpro,9xz6,A47,401,1,A,2397,O10,6.742,-4.84,19.725,4.286
Mpro,9xz6,A47,401,1,A,2401,C16,11.053,0.183,24.057,2.415
Mpro,9xz6,A47,401,1,A,2405,C23,8.852,4.457,24.609,35.021
Mpro,9xz6,A47,401,1,A,2406,N24,11.022,4.072,22.543,1.094
Mpro,9xz6,A47,401,1,A,2407,C25,12.426,4.158,22.947,1.208
Mpro,9xz6,A47,401,1,A,2408,O26,13.098,5.391,22.925,10.715
Mpro,9z74,4WI,401,1,A,4839,C7,18.209,9.383,28.088,2.415
Mpro,9z74,4WI,401,1,A,4848,C16,21.379,14.31,31.355,6.038
Mpro,9z74,4WI,401,1,A,4849,C17,19.549,12.903,30.368,1.208
Mpro,9z74,4WI,401,1,A,4850,C23,21.576,13.376,28.933,3.623
Mpro,9z74,4WI,401,1,A,4856,N5,17.506,11.004,22.146,4.374
Mpro,9z74,4WI,401,1,A,4862,O2,20.102,13.168,25.495,13.929
Mpro,9z74,4WI,401,1,A,4864,O4,20.244,17.87,30.428,1.071
Mpro,9z74,4WI,401,1,A,4866,F2,18.687,17.297,33.12,9.316
Mpro,9z74,4WI,401,1,A,4870,H7,18.703,9.784,28.975,7.645
Mpro,9z74,4WI,401,1,A,4871,H8,18.628,8.412,27.823,5.097
Mpro,9z74,4WI,401,1,A,4872,H11,21.929,15.467,26.565,4.247
Mpro,9z74,4WI,401,1,A,4884,H17,20.66,14.689,32.08,6.796
Mpro,9z74,4WI,401,1,A,4885,H19,21.864,13.421,31.756,18.689
Mpro,9z74,4WI,401,1,A,4886,H18,22.129,15.074,31.154,5.946
Mpro,9z74,4WI,401,1,A,4887,H20,20.022,11.978,30.695,8.495
Mpro,9z74,4WI,401,1,A,4889,H22,18.915,13.288,31.165,0.849
Mpro,9z74,4WI,401,1,A,4890,H29,22.192,12.587,29.358,19.538
Mpro,9z74,4WI,401,1,A,4892,H31,22.216,14.171,28.554,1.699
Mpro,9z74,4WI,401,1,A,4895,H32,18.743,11.472,24.372,3.398
Mpro,9z74,4WI,401,1,A,4898,H9,16.467,8.418,28.596,0.849
Mpro,9znl,A48,401,1,A,5083,C34,9.478,26.197,19.217,1.208
Mpro,9znl,A48,401,1,A,5085,C42,10.078,32.782,25.005,1.208
Mpro,9znl,A48,401,1,A,5086,C44,10.536,31.359,26.892,1.208
Mpro,9znl,A48,401,1,A,5087,C46,10.163,30.41,24.724,6.038
Mpro,9znl,A48,401,1,A,5099,C16,9.643,22.195,24.499,4.831
Mpro,9znl,A48,401,1,A,5100,C17,10.306,24.562,23.819,4.831
Mpro,9znl,A48,401,1,A,5102,C20,6.307,22.651,25.656,1.208
Mpro,9znl,A48,401,1,A,5105,C33,9.772,25.032,18.347,2.415
Mpro,9znl,A48,401,1,A,5108,C41,9.978,31.686,24.192,2.415
Mpro,9znl,A48,401,1,A,5109,C43,10.349,32.633,26.368,2.415
Mpro,9znl,A48,401,1,A,5110,C45,10.429,30.256,26.081,4.831
Mpro,9znl,A48,401,1,A,5111,C47,10.032,32.885,21.945,3.623
Mpro,9znl,A48,401,1,A,5112,F22,4.681,21.393,26.819,1.035
Mpro,9znl,A48,401,1,A,5113,F23,5.288,20.588,24.878,2.07
Mpro,9znl,A48,401,1,A,5120,O01,9.124,27.644,22.383,3.214
Mpro,9znl,A48,401,1,A,5129,H342,9.678,25.963,20.256,0.849
Mpro,9znl,A48,401,1,A,5132,H461,10.101,29.553,24.091,1.699
Mpro,9znl,A48,401,1,A,5143,H163,10.713,22.075,24.429,16.14
Mpro,9znl,A48,401,1,A,5144,H161,9.156,21.331,24.073,15.291
Mpro,9znl,A48,401,1,A,5145,H162,9.359,22.294,25.535,0.849
Mpro,9znl,A48,401,1,A,5146,H172,11.191,24.253,23.258,18.689
Mpro,9znl,A48,401,1,A,5149,H183,9.857,22.709,21.845,11.043
Mpro,9znl,A48,401,1,A,5151,H182,8.143,22.455,22.193,0.849
Mpro,9znl,A48,401,1,A,5154,H332,10.716,25.18,17.828,9.344
Mpro,9znl,A48,401,1,A,5155,H331,9.798,24.119,18.935,4.247
Mpro,9znl,A48,401,1,A,5158,H471,10.59,33.74,22.3,2.548
Mpro,9znl,A48,401,1,A,5160,H321,8.634,24.465,16.507,0.849
