[17:51:45] Initializing workspace for PRMT4...
[17:51:45] Job s4v4029c started: 2026-06-05 17:51:45
[17:51:45] 📦 Copying assets from pipeline_assets → jobs/s4v4029c ...
[17:51:45] 🧾 Wrote input.csv and Protein_Data.csv
[17:51:45] 🚀 Running 1_GRABBER.py...
[17:51:45] 🐍 Pipeline Python: /Users/jxs794/miniconda3/envs/warhead/bin/python
[17:51:45] [mem] before 1_GRABBER.py parent=97.2MB combined=97.2MB
[17:51:45] 🧵 Worker caps for 1_GRABBER.py: pipeline_max=3 WARHEAD_SQCHK_MAX_WORKERS=3 WARHEAD_PDBMKR_MAX_WORKERS=3 WARHEAD_SASA_MAX_WORKERS=3 WARHEAD_METADATA_MAX_WORKERS=3 WARHEAD_MCS_MAX_WORKERS=3
[17:51:45] ⏱ No-output watchdog for 1_GRABBER.py: 180s
[17:51:45] [mem] running 1_GRABBER.py parent=97.2MB child_tree=10.8MB combined=108.0MB
🤖 AUTOMATED MODE: Processing input.csv
=== Processing PRMT4 ===
    🔄 Switching to EBI Backup Search for 'Histone-arginine methyltransferase CARM1 5'-{[2-(benzylcarbamamido)ethyl][3-(N'-cyclopentylcarbamimidamido)propyl]amino}-5'-deoxyadenosine I1K CALCIUM ION CA bound inhibitor Homo sapiens'...
  → Found 77 candidates
[17:51:50] [mem] running 1_GRABBER.py parent=97.3MB child_tree=199.9MB combined=297.2MB
  → Candidates=77 attempted=77 verified=77 failed=0
  → CIF output directory: /Users/jxs794/Documents/warhead-hunter/jobs/s4v4029c/WAR/PRMT4
  → Sample verified CIFs: ['WAR/PRMT4/2oqb.cif', 'WAR/PRMT4/3b3j.cif', 'WAR/PRMT4/3b3g.cif', 'WAR/PRMT4/5dwq.cif', 'WAR/PRMT4/3b3f.cif']
=== DONE ===
✅ Wrote queries.csv with MW_min=250.0, MW_max=700.0, MinID=90.0
✅ CIF manifest rows=77 verified=77 failed=0 root=/Users/jxs794/Documents/warhead-hunter/jobs/s4v4029c/WAR
✅ Sample manifest CIF paths: ['WAR/PRMT4/2oqb.cif', 'WAR/PRMT4/3b3j.cif', 'WAR/PRMT4/3b3g.cif', 'WAR/PRMT4/5dwq.cif', 'WAR/PRMT4/3b3f.cif', 'WAR/PRMT4/5dx0.cif', 'WAR/PRMT4/5dx8.cif', 'WAR/PRMT4/5dx1.cif', 'WAR/PRMT4/4ikp.cif', 'WAR/PRMT4/5dxa.cif']
[17:51:51] [mem] after 1_GRABBER.py parent=97.3MB delta=+0.1MB combined_peak=297.2MB child_peak=199.9MB
[17:51:51] 🚀 Running 2_SQchk.py...
[17:51:51] 🐍 Pipeline Python: /Users/jxs794/miniconda3/envs/warhead/bin/python
[17:51:51] [mem] before 2_SQchk.py parent=97.3MB combined=97.3MB
[17:51:51] 🧵 Worker caps for 2_SQchk.py: pipeline_max=3 WARHEAD_SQCHK_MAX_WORKERS=3 WARHEAD_PDBMKR_MAX_WORKERS=3 WARHEAD_SASA_MAX_WORKERS=3 WARHEAD_METADATA_MAX_WORKERS=3 WARHEAD_MCS_MAX_WORKERS=3
[17:51:51] ⏱ No-output watchdog for 2_SQchk.py: 180s
[17:51:51] [mem] running 2_SQchk.py parent=97.3MB child_tree=10.5MB combined=107.8MB
🚀 Running Sequence Identity Analysis...
   Proteins missing fasta/name rows skipped: 0
   MW_min=250.0  MW_max=700.0  (MW filters currently ignored for ligand debug)
   Total PDB jobs to process: 77
   Worker mode=threadpool max_workers=3
  0%|          | 0/77 [00:00<?, ?it/s]DEBUG: 3b3f Chain(s) ['A', 'B', 'C', 'D'] -> Match: 100.0%
  1%|▏         | 1/77 [00:00<00:12,  6.08it/s]DEBUG: 3b3g Chain(s) ['A', 'B'] -> Match: 100.0%
DEBUG: 2oqb Chain(s) ['A', 'B'] -> Match: 59.0%
DEBUG: 3b3j Chain(s) ['A'] -> Match: 73.1%
  5%|▌         | 4/77 [00:00<00:05, 12.39it/s]DEBUG: 5dwq Chain(s) ['A', 'B', 'C', 'D'] -> Match: 98.3%
DEBUG: 5dwq Chain(s) ['F', 'G'] -> Match: 90.0%
DEBUG: 4ikp Chain(s) ['A', 'B', 'C', 'D'] -> Match: 100.0%
  8%|▊         | 6/77 [00:00<00:05, 13.92it/s]DEBUG: 5dx0 Chain(s) ['A', 'B', 'C', 'D'] -> Match: 98.3%
DEBUG: 5dx0 Chain(s) ['F', 'G', 'H', 'I'] -> Match: 90.0%
DEBUG: 5dx1 Chain(s) ['A', 'B', 'C', 'D'] -> Match: 98.3%
DEBUG: 5dx1 Chain(s) ['F', 'G', 'H', 'I'] -> Match: 84.2%
 10%|█         | 8/77 [00:00<00:05, 13.40it/s]DEBUG: 5dx8 Chain(s) ['A', 'B', 'C', 'D'] -> Match: 98.3%
DEBUG: 5dx8 Chain(s) ['E', 'F', 'G', 'H'] -> Match: 84.2%
DEBUG: 5dxa Chain(s) ['A', 'B', 'C', 'D'] -> Match: 98.3%
DEBUG: 5dxa Chain(s) ['F', 'G', 'I'] -> Match: 84.2%
 13%|█▎        | 10/77 [00:00<00:05, 12.61it/s]DEBUG: 5dxj Chain(s) ['A', 'B', 'C', 'D'] -> Match: 98.3%
DEBUG: 5ih3 Chain(s) ['A', 'B', 'C', 'D'] -> Match: 95.8%
 16%|█▌        | 12/77 [00:00<00:05, 12.75it/s]DEBUG: 5is6 Chain(s) ['A', 'B', 'C', 'D'] -> Match: 95.8%
DEBUG: 5is7 Chain(s) ['A', 'B', 'C', 'D'] -> Match: 95.8%
 18%|█▊        | 14/77 [00:01<00:05, 12.27it/s]DEBUG: 5is8 Chain(s) ['A', 'B', 'C', 'D'] -> Match: 90.8%
DEBUG: 5is9 Chain(s) ['A', 'B', 'C', 'D'] -> Match: 95.8%
 21%|██        | 16/77 [00:01<00:04, 13.64it/s]DEBUG: 5isa Chain(s) ['A', 'B', 'C', 'D'] -> Match: 95.1%
DEBUG: 5isb Chain(s) ['A', 'B', 'C', 'D'] -> Match: 95.8%
 23%|██▎       | 18/77 [00:01<00:04, 14.53it/s]DEBUG: 5isc Chain(s) ['A', 'B', 'C', 'D'] -> Match: 95.8%
DEBUG: 5isd Chain(s) ['A', 'B', 'C', 'D'] -> Match: 95.8%
 26%|██▌       | 20/77 [00:01<00:03, 15.01it/s]DEBUG: 5ise Chain(s) ['A', 'B', 'C', 'D'] -> Match: 95.8%
DEBUG: 5isf Chain(s) ['A', 'B', 'C', 'D'] -> Match: 95.8%
 29%|██▊       | 22/77 [00:01<00:03, 14.16it/s]DEBUG: 5isg Chain(s) ['A', 'B', 'C', 'D'] -> Match: 95.8%
DEBUG: 5ish Chain(s) ['A', 'B', 'C', 'D'] -> Match: 95.8%
DEBUG: 5isi Chain(s) ['A', 'B', 'C', 'D'] -> Match: 95.8%
 32%|███▏      | 25/77 [00:01<00:03, 15.84it/s]DEBUG: 5k8v Chain(s) ['A', 'B', 'C', 'D'] -> Match: 95.8%
DEBUG: 5k8w Chain(s) ['A', 'B', 'C', 'D'] -> Match: 95.8%
 35%|███▌      | 27/77 [00:02<00:03, 13.38it/s]DEBUG: 5k8x Chain(s) ['A', 'B', 'C', 'D'] -> Match: 95.8%
DEBUG: 5lgp Chain(s) ['A', 'B', 'C', 'D'] -> Match: 95.8%
DEBUG: 5lgp Chain(s) ['E', 'F', 'G', 'H'] -> Match: 86.7%
 38%|███▊      | 29/77 [00:02<00:03, 13.29it/s]DEBUG: 5lgq Chain(s) ['A', 'B', 'C', 'D'] -> Match: 95.8%
DEBUG: 5lgq Chain(s) ['E', 'F', 'G', 'H'] -> Match: 90.9%
DEBUG: 5lgr Chain(s) ['A', 'B', 'C', 'D'] -> Match: 95.8%
DEBUG: 5lgr Chain(s) ['E', 'F', 'G', 'H'] -> Match: 100.0%
 40%|████      | 31/77 [00:02<00:03, 13.67it/s]DEBUG: 5lkj Chain(s) ['A', 'B', 'C', 'D'] -> Match: 93.3%
DEBUG: 5lgs Chain(s) ['A', 'B', 'C', 'D'] -> Match: 95.8%
DEBUG: 5lgs Chain(s) ['E', 'F', 'G', 'H'] -> Match: 100.0%
 43%|████▎     | 33/77 [00:02<00:02, 14.88it/s]DEBUG: 5lv2 Chain(s) ['A', 'B', 'C', 'D', 'E', 'F', 'G', 'H'] -> Match: 95.8%
DEBUG: 5ntc Chain(s) ['A', 'B', 'C', 'D'] -> Match: 93.3%
 45%|████▌     | 35/77 [00:02<00:03, 13.26it/s]DEBUG: 5lv3 Chain(s) ['A', 'B', 'C', 'D'] -> Match: 95.8%
DEBUG: 5tbh Chain(s) ['A', 'B', 'C', 'D'] -> Match: 95.8%
DEBUG: 5tbj Chain(s) ['A', 'B', 'C', 'D'] -> Match: 95.8%
 49%|████▉     | 38/77 [00:02<00:02, 14.65it/s]DEBUG: 5tbi Chain(s) ['A', 'B', 'C', 'D'] -> Match: 95.8%
DEBUG: 5u4x Chain(s) ['A', 'B', 'C', 'D'] -> Match: 100.0%
 52%|█████▏    | 40/77 [00:02<00:02, 13.91it/s]DEBUG: 6arv Chain(s) ['A', 'B', 'C', 'D'] -> Match: 98.3%
DEBUG: 6arj Chain(s) ['A', 'B', 'C', 'D'] -> Match: 98.3%
 55%|█████▍    | 42/77 [00:03<00:02, 15.14it/s]DEBUG: 6d2l Chain(s) ['A', 'B', 'C', 'D', 'E', 'F'] -> Match: 97.4%
DEBUG: 6dvr Chain(s) ['A', 'B'] -> Match: 97.4%
 57%|█████▋    | 44/77 [00:03<00:02, 14.05it/s]DEBUG: 6izq Chain(s) ['A', 'B', 'C', 'D'] -> Match: 100.0%
DEBUG: 6s70 Chain(s) ['A', 'B', 'C', 'D'] -> Match: 97.7%
 60%|█████▉    | 46/77 [00:03<00:02, 14.93it/s]DEBUG: 6s71 Chain(s) ['A', 'B', 'C', 'D'] -> Match: 97.7%
DEBUG: 6s74 Chain(s) ['A', 'B', 'C', 'D'] -> Match: 97.7%
 62%|██████▏   | 48/77 [00:03<00:01, 14.78it/s]DEBUG: 6s77 Chain(s) ['A', 'B', 'C', 'D'] -> Match: 97.4%
DEBUG: 6s79 Chain(s) ['A', 'B', 'C', 'D'] -> Match: 97.7%
 65%|██████▍   | 50/77 [00:03<00:01, 14.15it/s]DEBUG: 6s7a Chain(s) ['A', 'B', 'C', 'D'] -> Match: 97.7%
DEBUG: 6s7b Chain(s) ['A', 'B', 'C', 'D'] -> Match: 97.7%
 68%|██████▊   | 52/77 [00:03<00:01, 13.09it/s]DEBUG: 6s7c Chain(s) ['A', 'B', 'C', 'D'] -> Match: 97.7%
DEBUG: 7fai Chain(s) ['A', 'B', 'C', 'D'] -> Match: 100.0%
 70%|███████   | 54/77 [00:03<00:01, 13.97it/s]DEBUG: 7faj Chain(s) ['A', 'B', 'C', 'D'] -> Match: 100.0%
DEBUG: 7nr4 Chain(s) ['A', 'B', 'C', 'D'] -> Match: 44.7%
 73%|███████▎  | 56/77 [00:04<00:01, 12.87it/s]DEBUG: 7okp Chain(s) ['A', 'B', 'C', 'D'] -> Match: 93.3%
DEBUG: 7okp Chain(s) ['E', 'F', 'G', 'H'] -> Match: 90.9%
DEBUG: 7os4 Chain(s) ['A', 'B', 'C', 'D'] -> Match: 93.3%
DEBUG: 7os4 Chain(s) ['E', 'F', 'G', 'H'] -> Match: 90.0%
 75%|███████▌  | 58/77 [00:04<00:01, 13.44it/s]DEBUG: 7ppq Chain(s) ['A', 'B', 'C', 'D'] -> Match: 95.8%
DEBUG: 7ppy Chain(s) ['A', 'B', 'C', 'D'] -> Match: 95.8%
 78%|███████▊  | 60/77 [00:04<00:01, 13.54it/s]DEBUG: 7pu8 Chain(s) ['A', 'B', 'C', 'D'] -> Match: 95.8%
DEBUG: 7puc Chain(s) ['A', 'B', 'C', 'D'] -> Match: 95.8%
 81%|████████  | 62/77 [00:04<00:01, 13.57it/s]DEBUG: 7puq Chain(s) ['A', 'B', 'C', 'D'] -> Match: 96.1%
DEBUG: 7pv6 Chain(s) ['A', 'B', 'C', 'D'] -> Match: 93.8%
DEBUG: 7qph Chain(s) ['A', 'B', 'C', 'D'] -> Match: 95.8%
[17:51:56] [mem] running 2_SQchk.py parent=97.3MB child_tree=105.2MB combined=202.5MB
DEBUG: 7qph Chain(s) ['E', 'F', 'G', 'H'] -> Match: 100.0%
 84%|████████▍ | 65/77 [00:04<00:00, 13.70it/s]DEBUG: 7qrd Chain(s) ['A', 'B', 'C', 'D'] -> Match: 91.3%
DEBUG: 7qrd Chain(s) ['L', 'M'] -> Match: 100.0%
DEBUG: 7u9i Chain(s) ['A', 'B'] -> Match: 97.4%
DEBUG: 8g2h Chain(s) ['A'] -> Match: 100.0%
 88%|████████▊ | 68/77 [00:04<00:00, 14.25it/s]DEBUG: 8sig Chain(s) ['A'] -> Match: 100.0%
DEBUG: 8g2i Chain(s) ['A'] -> Match: 100.0%
DEBUG: 8sih Chain(s) ['A'] -> Match: 100.0%
 92%|█████████▏| 71/77 [00:05<00:00, 13.72it/s]DEBUG: 9i0a Chain(s) ['A', 'B', 'C', 'D'] -> Match: 95.8%
DEBUG: 8uqh Chain(s) ['A', 'B', 'C', 'D'] -> Match: 100.0%
DEBUG: 9i1t Chain(s) ['A', 'B', 'C', 'D'] -> Match: 95.8%
 96%|█████████▌| 74/77 [00:05<00:00, 14.31it/s]DEBUG: 9i9u Chain(s) ['A', 'B', 'C', 'D'] -> Match: 93.3%
DEBUG: 9o37 Chain(s) ['A'] -> Match: 100.0%
DEBUG: 9o6h Chain(s) ['A', 'B', 'C', 'D'] -> Match: 100.0%
100%|██████████| 77/77 [00:05<00:00, 14.11it/s]
100%|██████████| 77/77 [00:05<00:00, 13.82it/s]
DONE
✅ PDBs processed OK: 77
❌ PDBs failed: 0
[17:51:57] [mem] after 2_SQchk.py parent=97.3MB delta=+0.0MB combined_peak=202.5MB child_peak=105.2MB
[17:51:57] 🚀 Running 3_PDBmkr.py...
[17:51:57] 🐍 Pipeline Python: /Users/jxs794/miniconda3/envs/warhead/bin/python
[17:51:57] [mem] before 3_PDBmkr.py parent=97.3MB combined=97.3MB
[17:51:57] 🧵 Worker caps for 3_PDBmkr.py: pipeline_max=3 WARHEAD_SQCHK_MAX_WORKERS=3 WARHEAD_PDBMKR_MAX_WORKERS=3 WARHEAD_SASA_MAX_WORKERS=3 WARHEAD_METADATA_MAX_WORKERS=3 WARHEAD_MCS_MAX_WORKERS=3
[17:51:57] ⏱ No-output watchdog for 3_PDBmkr.py: 180s
[17:51:57] [mem] running 3_PDBmkr.py parent=97.3MB child_tree=11.3MB combined=108.6MB
📁 Step 3 output root: /Users/jxs794/Documents/warhead-hunter/jobs/s4v4029c/WAR_PDB
🧾 CIF sources: manifest_rows=77 verified_manifest=77 indexed_cifs=77
📊 Similarity Stats: Max found = 100.00% (Threshold: 90.0%)
🚀 BUILDING 356 PDB CHAINS...
🧾 Step 3 selected build rows=356 resolvable_cifs=356 missing_cifs=0
🧵 Worker mode=threadpool max_workers=3
🧾 Step 3 sample CIF resolutions: ['3b3f:manifest_path:WAR/PRMT4/3b3f.cif', '3b3f:manifest_path:WAR/PRMT4/3b3f.cif', '3b3f:manifest_path:WAR/PRMT4/3b3f.cif', '3b3f:manifest_path:WAR/PRMT4/3b3f.cif', '5dwq:manifest_path:WAR/PRMT4/5dwq.cif', '5dwq:manifest_path:WAR/PRMT4/5dwq.cif', '5dwq:manifest_path:WAR/PRMT4/5dwq.cif', '5dwq:manifest_path:WAR/PRMT4/5dwq.cif', '4ikp:manifest_path:WAR/PRMT4/4ikp.cif', '4ikp:manifest_path:WAR/PRMT4/4ikp.cif']
/Users/jxs794/miniconda3/envs/warhead/lib/python3.11/site-packages/Bio/PDB/StructureBuilder.py:100: PDBConstructionWarning: WARNING: Chain A is discontinuous at line 11148.
  warnings.warn(
/Users/jxs794/miniconda3/envs/warhead/lib/python3.11/site-packages/Bio/PDB/StructureBuilder.py:100: PDBConstructionWarning: WARNING: Chain A is discontinuous at line 11148.
  warnings.warn(
/Users/jxs794/miniconda3/envs/warhead/lib/python3.11/site-packages/Bio/PDB/StructureBuilder.py:100: PDBConstructionWarning: WARNING: Chain B is discontinuous at line 11181.
  warnings.warn(
/Users/jxs794/miniconda3/envs/warhead/lib/python3.11/site-packages/Bio/PDB/StructureBuilder.py:100: PDBConstructionWarning: WARNING: Chain C is discontinuous at line 11213.
  warnings.warn(
/Users/jxs794/miniconda3/envs/warhead/lib/python3.11/site-packages/Bio/PDB/StructureBuilder.py:100: PDBConstructionWarning: WARNING: Chain D is discontinuous at line 11252.
  warnings.warn(
/Users/jxs794/miniconda3/envs/warhead/lib/python3.11/site-packages/Bio/PDB/StructureBuilder.py:100: PDBConstructionWarning: WARNING: Chain A is discontinuous at line 11284.
  warnings.warn(
/Users/jxs794/miniconda3/envs/warhead/lib/python3.11/site-packages/Bio/PDB/StructureBuilder.py:100: PDBConstructionWarning: WARNING: Chain B is discontinuous at line 11371.
  warnings.warn(
/Users/jxs794/miniconda3/envs/warhead/lib/python3.11/site-packages/Bio/PDB/StructureBuilder.py:100: PDBConstructionWarning: WARNING: Chain C is discontinuous at line 11465.
  warnings.warn(
/Users/jxs794/miniconda3/envs/warhead/lib/python3.11/site-packages/Bio/PDB/StructureBuilder.py:100: PDBConstructionWarning: WARNING: Chain D is discontinuous at line 11536.
  warnings.warn(
/Users/jxs794/miniconda3/envs/warhead/lib/python3.11/site-packages/Bio/PDB/StructureBuilder.py:100: PDBConstructionWarning: WARNING: Chain F is discontinuous at line 11631.
  warnings.warn(
/Users/jxs794/miniconda3/envs/warhead/lib/python3.11/site-packages/Bio/PDB/StructureBuilder.py:100: PDBConstructionWarning: WARNING: Chain G is discontinuous at line 11634.
  warnings.warn(
  0%|          | 0/356 [00:00<?, ?it/s]
  4%|▍         | 14/356 [00:00<00:10, 34.07it/s]
  5%|▌         | 18/356 [00:00<00:15, 21.60it/s]
  6%|▌         | 21/356 [00:01<00:27, 12.37it/s]
  7%|▋         | 24/356 [00:01<00:26, 12.34it/s]
  7%|▋         | 26/356 [00:02<00:35,  9.27it/s]
  8%|▊         | 28/356 [00:02<00:31, 10.26it/s]
  8%|▊         | 30/356 [00:02<00:40,  8.11it/s]
  9%|▊         | 31/356 [00:02<00:41,  7.86it/s]
  9%|▉         | 32/356 [00:02<00:42,  7.63it/s]
[17:52:03] [mem] running 3_PDBmkr.py parent=97.4MB child_tree=244.8MB combined=342.2MB
  9%|▉         | 33/356 [00:03<01:22,  3.91it/s]
 10%|▉         | 34/356 [00:03<01:13,  4.36it/s]
 10%|▉         | 35/356 [00:03<01:08,  4.70it/s]
 10%|█         | 36/356 [00:04<01:49,  2.91it/s]
 11%|█         | 38/356 [00:05<01:43,  3.08it/s]
 11%|█         | 40/356 [00:06<01:55,  2.74it/s]
 12%|█▏        | 42/356 [00:06<01:49,  2.86it/s]
 12%|█▏        | 43/356 [00:06<01:35,  3.28it/s]
 12%|█▏        | 44/356 [00:07<01:38,  3.17it/s]
 13%|█▎        | 45/356 [00:07<01:57,  2.64it/s]
 13%|█▎        | 46/356 [00:07<01:39,  3.11it/s]
 13%|█▎        | 47/356 [00:08<01:33,  3.31it/s]
[17:52:08] [mem] running 3_PDBmkr.py parent=97.4MB child_tree=260.6MB combined=358.0MB
 13%|█▎        | 48/356 [00:08<01:49,  2.81it/s]
 14%|█▍        | 50/356 [00:09<01:58,  2.58it/s]
 15%|█▍        | 52/356 [00:10<01:48,  2.81it/s]
 15%|█▍        | 53/356 [00:10<01:31,  3.30it/s]
 15%|█▌        | 54/356 [00:10<01:38,  3.05it/s]
 16%|█▌        | 56/356 [00:11<01:58,  2.54it/s]
 16%|█▋        | 58/356 [00:11<01:21,  3.65it/s]
 17%|█▋        | 59/356 [00:12<01:57,  2.53it/s]
 17%|█▋        | 61/356 [00:13<01:37,  3.02it/s]
[17:52:13] [mem] running 3_PDBmkr.py parent=97.4MB child_tree=284.8MB combined=382.2MB
 17%|█▋        | 62/356 [00:13<01:57,  2.51it/s]
 18%|█▊        | 64/356 [00:13<01:21,  3.58it/s]
 18%|█▊        | 65/356 [00:14<01:47,  2.71it/s]
 19%|█▊        | 66/356 [00:14<01:39,  2.91it/s]
 19%|█▉        | 68/356 [00:15<01:56,  2.47it/s]
 20%|█▉        | 71/356 [00:16<01:40,  2.84it/s]
 21%|██        | 73/356 [00:17<01:36,  2.94it/s]
 21%|██        | 74/356 [00:17<01:30,  3.11it/s]
 21%|██        | 75/356 [00:17<01:23,  3.38it/s]
 21%|██▏       | 76/356 [00:18<01:47,  2.61it/s]
 22%|██▏       | 78/356 [00:18<01:28,  3.14it/s]
[17:52:18] [mem] running 3_PDBmkr.py parent=97.4MB child_tree=290.5MB combined=387.9MB
 22%|██▏       | 79/356 [00:19<01:42,  2.70it/s]
 23%|██▎       | 81/356 [00:20<01:30,  3.03it/s]
 23%|██▎       | 82/356 [00:20<01:28,  3.11it/s]
 23%|██▎       | 83/356 [00:20<01:28,  3.08it/s]
 24%|██▎       | 84/356 [00:21<01:35,  2.84it/s]
 24%|██▍       | 85/356 [00:21<01:26,  3.13it/s]
 24%|██▍       | 86/356 [00:21<01:31,  2.97it/s]
 24%|██▍       | 87/356 [00:21<01:21,  3.29it/s]
 25%|██▍       | 88/356 [00:22<01:50,  2.42it/s]
 25%|██▌       | 89/356 [00:22<01:30,  2.94it/s]
 26%|██▌       | 91/356 [00:23<01:41,  2.62it/s]
 26%|██▌       | 93/356 [00:24<01:27,  3.02it/s]
 26%|██▋       | 94/356 [00:24<01:35,  2.74it/s]
[17:52:24] [mem] running 3_PDBmkr.py parent=97.5MB child_tree=298.9MB combined=396.4MB
 27%|██▋       | 96/356 [00:25<01:36,  2.70it/s]
 27%|██▋       | 97/356 [00:25<01:24,  3.07it/s]
 28%|██▊       | 98/356 [00:25<01:11,  3.63it/s]
 28%|██▊       | 99/356 [00:26<01:38,  2.62it/s]
 28%|██▊       | 101/356 [00:27<01:33,  2.73it/s]
 29%|██▊       | 102/356 [00:27<01:21,  3.10it/s]
 29%|██▉       | 103/356 [00:27<01:32,  2.73it/s]
 29%|██▉       | 104/356 [00:27<01:26,  2.93it/s]
 30%|██▉       | 106/356 [00:28<01:31,  2.73it/s]
 30%|███       | 108/356 [00:29<01:25,  2.88it/s]
 31%|███       | 110/356 [00:30<01:26,  2.86it/s]
[17:52:30] [mem] running 3_PDBmkr.py parent=97.5MB child_tree=306.0MB combined=403.5MB
 31%|███▏      | 112/356 [00:30<01:27,  2.80it/s]
 32%|███▏      | 113/356 [00:30<01:15,  3.22it/s]
 32%|███▏      | 114/356 [00:31<01:16,  3.18it/s]
 32%|███▏      | 115/356 [00:31<01:29,  2.70it/s]
 33%|███▎      | 116/356 [00:32<01:22,  2.91it/s]
 33%|███▎      | 118/356 [00:32<01:25,  2.80it/s]
 33%|███▎      | 119/356 [00:33<01:19,  2.99it/s]
 34%|███▍      | 121/356 [00:33<01:27,  2.70it/s]
 35%|███▍      | 123/356 [00:34<01:03,  3.67it/s]
 35%|███▍      | 124/356 [00:35<01:29,  2.58it/s]
 35%|███▌      | 125/356 [00:35<01:15,  3.08it/s]
[17:52:35] [mem] running 3_PDBmkr.py parent=97.5MB child_tree=335.6MB combined=433.1MB
 36%|███▌      | 127/356 [00:36<01:28,  2.60it/s]
 36%|███▌      | 129/356 [00:36<01:12,  3.15it/s]
 37%|███▋      | 130/356 [00:36<01:19,  2.85it/s]
 37%|███▋      | 132/356 [00:37<01:24,  2.66it/s]
 38%|███▊      | 134/356 [00:38<01:20,  2.75it/s]
 38%|███▊      | 135/356 [00:38<01:16,  2.90it/s]
 38%|███▊      | 137/356 [00:39<01:21,  2.69it/s]
 39%|███▉      | 139/356 [00:40<01:12,  2.99it/s]
 39%|███▉      | 140/356 [00:40<01:17,  2.78it/s]
[17:52:40] [mem] running 3_PDBmkr.py parent=97.5MB child_tree=335.8MB combined=433.3MB
 40%|███▉      | 142/356 [00:41<01:17,  2.78it/s]
 40%|████      | 143/356 [00:41<01:09,  3.06it/s]
 40%|████      | 144/356 [00:41<01:07,  3.15it/s]
 41%|████      | 145/356 [00:42<01:16,  2.77it/s]
 41%|████      | 146/356 [00:42<01:05,  3.21it/s]
 41%|████▏     | 147/356 [00:42<01:07,  3.11it/s]
 42%|████▏     | 148/356 [00:43<01:23,  2.49it/s]
 42%|████▏     | 150/356 [00:44<01:21,  2.53it/s]
 42%|████▏     | 151/356 [00:44<01:13,  2.78it/s]
 43%|████▎     | 153/356 [00:45<01:19,  2.54it/s]
 43%|████▎     | 154/356 [00:45<01:07,  2.99it/s]
 44%|████▍     | 156/356 [00:46<01:06,  3.02it/s]
 44%|████▍     | 157/356 [00:46<01:09,  2.88it/s]
[17:52:46] [mem] running 3_PDBmkr.py parent=97.5MB child_tree=342.2MB combined=439.7MB
 45%|████▍     | 159/356 [00:47<01:18,  2.52it/s]
 45%|████▌     | 161/356 [00:47<01:02,  3.12it/s]
 46%|████▌     | 162/356 [00:48<01:09,  2.78it/s]
 46%|████▌     | 164/356 [00:49<01:13,  2.63it/s]
 47%|████▋     | 166/356 [00:49<01:08,  2.79it/s]
 47%|████▋     | 167/356 [00:49<01:02,  3.04it/s]
 47%|████▋     | 168/356 [00:50<00:55,  3.39it/s]
 47%|████▋     | 169/356 [00:51<01:23,  2.23it/s]
 48%|████▊     | 172/356 [00:52<01:10,  2.62it/s]
 49%|████▉     | 174/356 [00:52<00:51,  3.52it/s]
[17:52:52] [mem] running 3_PDBmkr.py parent=97.5MB child_tree=348.4MB combined=445.9MB
 49%|████▉     | 175/356 [00:53<01:11,  2.54it/s]
 49%|████▉     | 176/356 [00:53<01:07,  2.67it/s]
 50%|████▉     | 177/356 [00:54<01:39,  1.79it/s]
 50%|█████     | 178/356 [00:54<01:33,  1.91it/s]
 50%|█████     | 179/356 [00:55<01:14,  2.38it/s]
 51%|█████     | 180/356 [00:56<02:09,  1.36it/s]
 51%|█████     | 181/356 [00:56<01:47,  1.62it/s]
 51%|█████     | 182/356 [00:57<02:00,  1.44it/s]
[17:52:58] [mem] running 3_PDBmkr.py parent=97.5MB child_tree=453.6MB combined=551.1MB
 51%|█████▏    | 183/356 [00:58<02:09,  1.34it/s]
 52%|█████▏    | 184/356 [00:59<01:44,  1.65it/s]
 52%|█████▏    | 185/356 [01:00<02:02,  1.39it/s]
 52%|█████▏    | 186/356 [01:00<02:05,  1.35it/s]
 53%|█████▎    | 187/356 [01:00<01:34,  1.78it/s]
 53%|█████▎    | 188/356 [01:01<01:36,  1.74it/s]
 53%|█████▎    | 189/356 [01:01<01:22,  2.03it/s]
 54%|█████▎    | 191/356 [01:02<01:15,  2.18it/s]
 54%|█████▍    | 192/356 [01:02<01:02,  2.63it/s]
 54%|█████▍    | 193/356 [01:03<00:57,  2.85it/s]
[17:53:03] [mem] running 3_PDBmkr.py parent=97.5MB child_tree=413.9MB combined=511.4MB
 54%|█████▍    | 194/356 [01:03<01:11,  2.26it/s]
 55%|█████▍    | 195/356 [01:03<00:58,  2.74it/s]
 55%|█████▌    | 197/356 [01:04<01:03,  2.50it/s]
 56%|█████▌    | 199/356 [01:05<00:46,  3.35it/s]
 56%|█████▌    | 200/356 [01:05<00:57,  2.73it/s]
 57%|█████▋    | 202/356 [01:06<00:56,  2.72it/s]
 57%|█████▋    | 204/356 [01:06<00:47,  3.21it/s]
 58%|█████▊    | 205/356 [01:07<00:57,  2.61it/s]
 58%|█████▊    | 207/356 [01:08<00:53,  2.77it/s]
 58%|█████▊    | 208/356 [01:08<00:53,  2.75it/s]
[17:53:08] [mem] running 3_PDBmkr.py parent=97.5MB child_tree=399.2MB combined=496.7MB
 59%|█████▉    | 210/356 [01:09<00:54,  2.68it/s]
 59%|█████▉    | 211/356 [01:09<00:48,  2.97it/s]
 60%|█████▉    | 213/356 [01:10<00:49,  2.90it/s]
 60%|██████    | 214/356 [01:10<00:41,  3.41it/s]
 61%|██████    | 216/356 [01:10<00:35,  3.95it/s]
 61%|██████    | 218/356 [01:10<00:25,  5.39it/s]
 62%|██████▏   | 219/356 [01:11<00:29,  4.64it/s]
 62%|██████▏   | 222/356 [01:11<00:26,  5.12it/s]
 63%|██████▎   | 225/356 [01:12<00:21,  6.04it/s]
 64%|██████▍   | 227/356 [01:12<00:19,  6.55it/s]
 64%|██████▍   | 228/356 [01:12<00:18,  6.89it/s]
 64%|██████▍   | 229/356 [01:12<00:17,  7.14it/s]
 65%|██████▍   | 230/356 [01:12<00:19,  6.40it/s]
 65%|██████▍   | 231/356 [01:12<00:19,  6.43it/s]
 65%|██████▌   | 233/356 [01:13<00:21,  5.66it/s]
 66%|██████▋   | 236/356 [01:13<00:20,  5.93it/s]
 67%|██████▋   | 239/356 [01:14<00:19,  6.08it/s]
[17:53:14] [mem] running 3_PDBmkr.py parent=97.5MB child_tree=386.7MB combined=484.2MB
 68%|██████▊   | 241/356 [01:14<00:18,  6.35it/s]
 68%|██████▊   | 242/356 [01:14<00:19,  5.88it/s]
 68%|██████▊   | 243/356 [01:14<00:20,  5.59it/s]
 69%|██████▉   | 245/356 [01:15<00:16,  6.91it/s]
 69%|██████▉   | 247/356 [01:15<00:12,  8.72it/s]
 70%|██████▉   | 249/356 [01:15<00:11,  8.98it/s]
 71%|███████   | 251/356 [01:15<00:16,  6.55it/s]
 71%|███████   | 252/356 [01:16<00:15,  6.61it/s]
 71%|███████   | 253/356 [01:16<00:22,  4.63it/s]
 72%|███████▏  | 255/356 [01:17<00:22,  4.51it/s]
 72%|███████▏  | 257/356 [01:17<00:21,  4.69it/s]
 72%|███████▏  | 258/356 [01:17<00:21,  4.47it/s]
 73%|███████▎  | 260/356 [01:17<00:18,  5.14it/s]
 73%|███████▎  | 261/356 [01:18<00:22,  4.23it/s]
 74%|███████▎  | 262/356 [01:18<00:19,  4.86it/s]
 74%|███████▍  | 263/356 [01:18<00:20,  4.62it/s]
 74%|███████▍  | 264/356 [01:18<00:19,  4.68it/s]
[17:53:19] [mem] running 3_PDBmkr.py parent=97.6MB child_tree=384.1MB combined=481.7MB
 75%|███████▍  | 266/356 [01:19<00:24,  3.75it/s]
 75%|███████▌  | 268/356 [01:19<00:16,  5.23it/s]
 76%|███████▌  | 269/356 [01:20<00:19,  4.45it/s]
 76%|███████▌  | 270/356 [01:20<00:20,  4.17it/s]
 76%|███████▌  | 271/356 [01:20<00:19,  4.38it/s]
 76%|███████▋  | 272/356 [01:20<00:17,  4.81it/s]
 77%|███████▋  | 273/356 [01:20<00:17,  4.66it/s]
 77%|███████▋  | 275/356 [01:21<00:17,  4.66it/s]
 78%|███████▊  | 276/356 [01:21<00:15,  5.15it/s]
 78%|███████▊  | 277/356 [01:21<00:19,  4.09it/s]
 78%|███████▊  | 278/356 [01:22<00:17,  4.38it/s]
 79%|███████▊  | 280/356 [01:22<00:16,  4.48it/s]
 79%|███████▉  | 282/356 [01:22<00:11,  6.36it/s]
 79%|███████▉  | 283/356 [01:22<00:14,  5.09it/s]
 80%|████████  | 286/356 [01:23<00:10,  6.58it/s]
 81%|████████  | 288/356 [01:23<00:10,  6.50it/s]
 81%|████████  | 289/356 [01:23<00:11,  5.62it/s]
 82%|████████▏ | 291/356 [01:24<00:14,  4.50it/s]
 82%|████████▏ | 292/356 [01:24<00:17,  3.70it/s]
[17:53:24] [mem] running 3_PDBmkr.py parent=97.6MB child_tree=385.1MB combined=482.7MB
 82%|████████▏ | 293/356 [01:25<00:15,  4.13it/s]
 83%|████████▎ | 295/356 [01:25<00:15,  4.00it/s]
 83%|████████▎ | 297/356 [01:26<00:14,  4.00it/s]
 84%|████████▎ | 298/356 [01:26<00:16,  3.52it/s]
 84%|████████▍ | 300/356 [01:27<00:16,  3.31it/s]
 85%|████████▍ | 301/356 [01:27<00:15,  3.52it/s]
 85%|████████▍ | 302/356 [01:27<00:17,  3.06it/s]
 85%|████████▌ | 304/356 [01:28<00:18,  2.79it/s]
 86%|████████▌ | 305/356 [01:28<00:15,  3.23it/s]
 86%|████████▌ | 307/356 [01:29<00:16,  2.92it/s]
 87%|████████▋ | 308/356 [01:29<00:13,  3.43it/s]
 87%|████████▋ | 309/356 [01:30<00:14,  3.32it/s]
[17:53:30] [mem] running 3_PDBmkr.py parent=97.6MB child_tree=395.0MB combined=492.6MB
 87%|████████▋ | 310/356 [01:30<00:17,  2.61it/s]
 88%|████████▊ | 312/356 [01:30<00:11,  3.76it/s]
 88%|████████▊ | 313/356 [01:31<00:15,  2.70it/s]
 88%|████████▊ | 315/356 [01:32<00:13,  2.98it/s]
 89%|████████▉ | 316/356 [01:32<00:14,  2.71it/s]
 89%|████████▉ | 318/356 [01:33<00:13,  2.82it/s]
 90%|████████▉ | 320/356 [01:34<00:13,  2.74it/s]
 90%|█████████ | 321/356 [01:34<00:11,  3.05it/s]
 91%|█████████ | 323/356 [01:35<00:11,  2.95it/s]
[17:53:35] [mem] running 3_PDBmkr.py parent=97.6MB child_tree=403.9MB combined=501.5MB
 91%|█████████▏| 325/356 [01:35<00:11,  2.76it/s]
 92%|█████████▏| 326/356 [01:36<00:10,  2.99it/s]
 92%|█████████▏| 328/356 [01:36<00:08,  3.36it/s]
 92%|█████████▏| 329/356 [01:36<00:08,  3.32it/s]
 93%|█████████▎| 332/356 [01:36<00:04,  5.35it/s]
 94%|█████████▍| 336/356 [01:37<00:03,  5.05it/s]
 95%|█████████▍| 338/356 [01:38<00:04,  4.24it/s]
 96%|█████████▌| 341/356 [01:38<00:03,  4.83it/s]
 97%|█████████▋| 344/356 [01:40<00:03,  3.96it/s]
[17:53:40] [mem] running 3_PDBmkr.py parent=97.6MB child_tree=409.3MB combined=506.9MB
 97%|█████████▋| 347/356 [01:40<00:02,  3.68it/s]
 98%|█████████▊| 349/356 [01:41<00:01,  4.32it/s]
 98%|█████████▊| 350/356 [01:41<00:01,  3.42it/s]
 99%|█████████▉| 353/356 [01:42<00:00,  4.63it/s]
 99%|█████████▉| 354/356 [01:42<00:00,  4.70it/s]
100%|██████████| 356/356 [01:42<00:00,  5.99it/s]
100%|██████████| 356/356 [01:42<00:00,  3.48it/s]
📁 Step 3 output root resolved: /Users/jxs794/Documents/warhead-hunter/jobs/s4v4029c/WAR_PDB
📊 Step 3 requested=356 built=356 on_disk=356
🧾 Step 3 sample PDBs: ['PRMT4/3b3f_A_SAH.pdb', 'PRMT4/3b3f_B_SAH.pdb', 'PRMT4/3b3f_C_SAH.pdb', 'PRMT4/3b3f_D_SAH.pdb', 'PRMT4/4ikp_A_4IK.pdb', 'PRMT4/4ikp_B_4IK.pdb', 'PRMT4/4ikp_C_4IK.pdb', 'PRMT4/4ikp_D_4IK.pdb', 'PRMT4/5dwq_A_SFG.pdb', 'PRMT4/5dwq_B_SFG.pdb']
✅ All PDBs built successfully.
✅ Wrote 5CharMAP.csv with mapping rows (5-letter ligands detected).
[17:53:42] [mem] after 3_PDBmkr.py parent=97.6MB delta=+0.3MB combined_peak=555.6MB child_peak=458.1MB
[17:53:42] 🚀 Running 4_PDBfxr.py...
[17:53:42] 🐍 Pipeline Python: /Users/jxs794/miniconda3/envs/warhead/bin/python
[17:53:42] [mem] before 4_PDBfxr.py parent=97.6MB combined=97.6MB
[17:53:42] 🧵 Worker caps for 4_PDBfxr.py: pipeline_max=3 WARHEAD_SQCHK_MAX_WORKERS=3 WARHEAD_PDBMKR_MAX_WORKERS=3 WARHEAD_SASA_MAX_WORKERS=3 WARHEAD_METADATA_MAX_WORKERS=3 WARHEAD_MCS_MAX_WORKERS=3
[17:53:42] ⏱ No-output watchdog for 4_PDBfxr.py: 180s
[17:53:42] [mem] running 4_PDBfxr.py parent=97.6MB child_tree=9.8MB combined=107.4MB
============================================
🔥 STEP 4: LIGAND5 → LIGANDX (TOKEN PARSE + STRICT REFORMAT)
============================================
🔬 Loaded 5 ligand5→ligandX mappings
   • ligand5=A1B7X ligand3=A1B ligandX=A03
   • ligand5=A1B9W ligand3=A1B ligandX=A04
   • ligand5=A1I1H ligand3=A1I ligandX=A02
   • ligand5=A1IZ2 ligand3=A1I ligandX=A01
   • ligand5=A1IZI ligand3=A1I ligandX=A00
🔧 Considering 9i0a_A_A1IZI.pdb
   source ligand5: A1IZI
   source ligand3: A1I
   target ligandX: A00
   output filename: 9i0a_A_A00.pdb
   HETATM rows inspected: 200
   HETATM rows rewritten/appended: 93
   output HETATM A00 count: 93
🔧 Considering 9i0a_B_A1IZI.pdb
   source ligand5: A1IZI
   source ligand3: A1I
   target ligandX: A00
   output filename: 9i0a_B_A00.pdb
   HETATM rows inspected: 192
   HETATM rows rewritten/appended: 93
   output HETATM A00 count: 93
🔧 Considering 9i0a_C_A1IZI.pdb
   source ligand5: A1IZI
   source ligand3: A1I
   target ligandX: A00
   output filename: 9i0a_C_A00.pdb
   HETATM rows inspected: 155
   HETATM rows rewritten/appended: 93
   output HETATM A00 count: 93
🔧 Considering 9i0a_D_A1IZI.pdb
   source ligand5: A1IZI
   source ligand3: A1I
   target ligandX: A00
   output filename: 9i0a_D_A00.pdb
   HETATM rows inspected: 139
   HETATM rows rewritten/appended: 93
   output HETATM A00 count: 93
🔧 Considering 9i1t_A_A1IZ2.pdb
   source ligand5: A1IZ2
   source ligand3: A1I
   target ligandX: A01
   output filename: 9i1t_A_A01.pdb
   HETATM rows inspected: 136
   HETATM rows rewritten/appended: 90
   output HETATM A01 count: 90
🔧 Considering 9i1t_B_A1IZ2.pdb
   source ligand5: A1IZ2
   source ligand3: A1I
   target ligandX: A01
   output filename: 9i1t_B_A01.pdb
   HETATM rows inspected: 129
   HETATM rows rewritten/appended: 90
   output HETATM A01 count: 90
🔧 Considering 9i1t_C_A1IZ2.pdb
   source ligand5: A1IZ2
   source ligand3: A1I
   target ligandX: A01
   output filename: 9i1t_C_A01.pdb
   HETATM rows inspected: 119
   HETATM rows rewritten/appended: 90
   output HETATM A01 count: 90
🔧 Considering 9i1t_D_A1IZ2.pdb
   source ligand5: A1IZ2
   source ligand3: A1I
   target ligandX: A01
   output filename: 9i1t_D_A01.pdb
   HETATM rows inspected: 122
   HETATM rows rewritten/appended: 90
   output HETATM A01 count: 90
🔧 Considering 9i9u_A_A1I1H.pdb
   source ligand5: A1I1H
   source ligand3: A1I
   target ligandX: A02
   output filename: 9i9u_A_A02.pdb
   HETATM rows inspected: 166
   HETATM rows rewritten/appended: 93
   output HETATM A02 count: 93
🔧 Considering 9i9u_B_A1I1H.pdb
   source ligand5: A1I1H
   source ligand3: A1I
   target ligandX: A02
   output filename: 9i9u_B_A02.pdb
   HETATM rows inspected: 152
   HETATM rows rewritten/appended: 93
   output HETATM A02 count: 93
🔧 Considering 9i9u_C_A1I1H.pdb
   source ligand5: A1I1H
   source ligand3: A1I
   target ligandX: A02
   output filename: 9i9u_C_A02.pdb
   HETATM rows inspected: 106
   HETATM rows rewritten/appended: 93
   output HETATM A02 count: 93
🔧 Considering 9i9u_D_A1I1H.pdb
   source ligand5: A1I1H
   source ligand3: A1I
   target ligandX: A02
   output filename: 9i9u_D_A02.pdb
   HETATM rows inspected: 105
   HETATM rows rewritten/appended: 93
   output HETATM A02 count: 93
🔧 Considering 9o37_A_A1B7X.pdb
   source ligand5: A1B7X
   source ligand3: A1B
   target ligandX: A03
   output filename: 9o37_A_A03.pdb
   HETATM rows inspected: 218
   HETATM rows rewritten/appended: 50
   output HETATM A03 count: 50
🔧 Considering 9o6h_A_A1B9W.pdb
   source ligand5: A1B9W
   source ligand3: A1B
   target ligandX: A04
   output filename: 9o6h_A_A04.pdb
   HETATM rows inspected: 144
   HETATM rows rewritten/appended: 37
   output HETATM A04 count: 37
🔧 Considering 9o6h_B_A1B9W.pdb
   source ligand5: A1B9W
   source ligand3: A1B
   target ligandX: A04
⚠️ Could not parse HETATM in 9o6h_B_A1B9W.pdb: could not convert string to float: '19.342-106.095'
⚠️ Could not parse HETATM in 9o6h_B_A1B9W.pdb: could not convert string to float: '27.958-104.880'
⚠️ Could not parse HETATM in 9o6h_B_A1B9W.pdb: could not convert string to float: '9.885-102.203'
⚠️ Could not parse HETATM in 9o6h_B_A1B9W.pdb: could not convert string to float: '15.983-106.851'
⚠️ Could not parse HETATM in 9o6h_B_A1B9W.pdb: could not convert string to float: '26.048-103.341'
⚠️ Could not parse HETATM in 9o6h_B_A1B9W.pdb: could not convert string to float: '16.807-104.854'
⚠️ Could not parse HETATM in 9o6h_B_A1B9W.pdb: could not convert string to float: '8.878-109.094'
⚠️ Could not parse HETATM in 9o6h_B_A1B9W.pdb: could not convert string to float: '3.504-108.207'
⚠️ Could not parse HETATM in 9o6h_B_A1B9W.pdb: could not convert string to float: '6.699-108.804'
⚠️ Could not parse HETATM in 9o6h_B_A1B9W.pdb: could not convert string to float: '4.722-100.801'
⚠️ Could not parse HETATM in 9o6h_B_A1B9W.pdb: could not convert string to float: '22.352-102.855'
⚠️ Could not parse HETATM in 9o6h_B_A1B9W.pdb: could not convert string to float: '30.266-101.294'
⚠️ Could not parse HETATM in 9o6h_B_A1B9W.pdb: could not convert string to float: '15.557-107.691'
⚠️ Could not parse HETATM in 9o6h_B_A1B9W.pdb: could not convert string to float: '17.260-104.329'
⚠️ Could not parse HETATM in 9o6h_B_A1B9W.pdb: could not convert string to float: '10.228-105.680'
⚠️ Could not parse HETATM in 9o6h_B_A1B9W.pdb: could not convert string to float: '6.003-100.722'
⚠️ Could not parse HETATM in 9o6h_B_A1B9W.pdb: could not convert string to float: '1.663-104.898'
⚠️ Could not parse HETATM in 9o6h_B_A1B9W.pdb: could not convert string to float: '14.956-106.356'
⚠️ Could not parse HETATM in 9o6h_B_A1B9W.pdb: could not convert string to float: '8.623-107.642'
⚠️ Could not parse HETATM in 9o6h_B_A1B9W.pdb: could not convert string to float: '6.060-107.303'
⚠️ Could not parse HETATM in 9o6h_B_A1B9W.pdb: could not convert string to float: '12.655-106.921'
⚠️ Could not parse HETATM in 9o6h_B_A1B9W.pdb: could not convert string to float: '13.636-106.622'
   output filename: 9o6h_B_A04.pdb
   HETATM rows inspected: 189
   HETATM rows rewritten/appended: 37
   output HETATM A04 count: 37
🔧 Considering 9o6h_C_A1B9W.pdb
   source ligand5: A1B9W
   source ligand3: A1B
   target ligandX: A04
   output filename: 9o6h_C_A04.pdb
   HETATM rows inspected: 114
   HETATM rows rewritten/appended: 37
   output HETATM A04 count: 37
🔧 Considering 9o6h_D_A1B9W.pdb
   source ligand5: A1B9W
   source ligand3: A1B
   target ligandX: A04
⚠️ Could not parse HETATM in 9o6h_D_A1B9W.pdb: could not convert string to float: '4.105-102.488'
⚠️ Could not parse HETATM in 9o6h_D_A1B9W.pdb: could not convert string to float: '10.572-100.720'
⚠️ Could not parse HETATM in 9o6h_D_A1B9W.pdb: could not convert string to float: '6.138-100.845'
⚠️ Could not parse HETATM in 9o6h_D_A1B9W.pdb: could not convert string to float: '2.739-102.921'
⚠️ Could not parse HETATM in 9o6h_D_A1B9W.pdb: could not convert string to float: '3.471-102.931'
⚠️ Could not parse HETATM in 9o6h_D_A1B9W.pdb: could not convert string to float: '9.245-104.010'
⚠️ Could not parse HETATM in 9o6h_D_A1B9W.pdb: could not convert string to float: '4.267-101.130'
⚠️ Could not parse HETATM in 9o6h_D_A1B9W.pdb: could not convert string to float: '7.213-101.268'
⚠️ Could not parse HETATM in 9o6h_D_A1B9W.pdb: could not convert string to float: '-3.810-100.039'
⚠️ Could not parse HETATM in 9o6h_D_A1B9W.pdb: could not convert string to float: '9.168-101.106'
⚠️ Could not parse HETATM in 9o6h_D_A1B9W.pdb: could not convert string to float: '7.482-103.904'
⚠️ Could not parse HETATM in 9o6h_D_A1B9W.pdb: could not convert string to float: '12.903-102.020'
⚠️ Could not parse HETATM in 9o6h_D_A1B9W.pdb: could not convert string to float: '5.998-102.687'
⚠️ Could not parse HETATM in 9o6h_D_A1B9W.pdb: could not convert string to float: '8.810-105.668'
⚠️ Could not parse HETATM in 9o6h_D_A1B9W.pdb: could not convert string to float: '6.104-105.304'
   output filename: 9o6h_D_A04.pdb
   HETATM rows inspected: 198
   HETATM rows rewritten/appended: 37
   output HETATM A04 count: 37
============================================
🎉 DONE — 17 mapped files written
✅ Total HETATM rows inspected: 2584
✅ Total ligand atoms preserved: 1302
============================================
[17:53:42] [mem] after 4_PDBfxr.py parent=97.6MB delta=+0.0MB combined_peak=107.4MB child_peak=9.8MB
[17:53:42] 🚀 Running 5_PDBcln.py...
[17:53:42] 🐍 Pipeline Python: /Users/jxs794/miniconda3/envs/warhead/bin/python
[17:53:42] [mem] before 5_PDBcln.py parent=97.6MB combined=97.6MB
[17:53:42] 🧵 Worker caps for 5_PDBcln.py: pipeline_max=3 WARHEAD_SQCHK_MAX_WORKERS=3 WARHEAD_PDBMKR_MAX_WORKERS=3 WARHEAD_SASA_MAX_WORKERS=3 WARHEAD_METADATA_MAX_WORKERS=3 WARHEAD_MCS_MAX_WORKERS=3
[17:53:42] ⏱ No-output watchdog for 5_PDBcln.py: 180s
[17:53:42] [mem] running 5_PDBcln.py parent=97.6MB child_tree=20.3MB combined=117.9MB
📁 ROOT DIRECTORY: WAR_PDB
📁 Step 5 input root resolved: /Users/jxs794/Documents/warhead-hunter/jobs/s4v4029c/WAR_PDB
📊 Step 5 input PDB count before cleaning: 356
=============================
🔬 Processing Protein: PRMT4
📂 Folder: WAR_PDB/PRMT4
=============================
🧪 Cleaning 5lv2_C_M2M.pdb  | Keeping ligand: M2M
✔ Cleaned: 5lv2_C_M2M.pdb
🧪 Cleaning 7puc_B_85U.pdb  | Keeping ligand: 85U
✔ Cleaned: 7puc_B_85U.pdb
🧪 Cleaning 5tbi_C_SAO.pdb  | Keeping ligand: SAO
✔ Cleaned: 5tbi_C_SAO.pdb
🧪 Cleaning 7pu8_C_4R7.pdb  | Keeping ligand: 4R7
✔ Cleaned: 7pu8_C_4R7.pdb
🧪 Cleaning 5k8w_D_DXE.pdb  | Keeping ligand: DXE
✔ Cleaned: 5k8w_D_DXE.pdb
🧪 Cleaning 5k8v_B_6RE.pdb  | Keeping ligand: 6RE
✔ Cleaned: 5k8v_B_6RE.pdb
🧪 Cleaning 5tbj_B_PG6.pdb  | Keeping ligand: PG6
✔ Cleaned: 5tbj_B_PG6.pdb
🧪 Cleaning 7os4_H_QVR.pdb  | Keeping ligand: QVR
✔ Cleaned: 7os4_H_QVR.pdb
🧪 Cleaning 5isf_B_DXE.pdb  | Keeping ligand: DXE
✔ Cleaned: 5isf_B_DXE.pdb
🧪 Cleaning 5isf_C_SAO.pdb  | Keeping ligand: SAO
✔ Cleaned: 5isf_C_SAO.pdb
🧪 Cleaning 6s7a_D_KY5.pdb  | Keeping ligand: KY5
✔ Cleaned: 6s7a_D_KY5.pdb
🧪 Cleaning 5k8x_C_DXE.pdb  | Keeping ligand: DXE
✔ Cleaned: 5k8x_C_DXE.pdb
🧪 Cleaning 5dxa_D_SFG.pdb  | Keeping ligand: SFG
✔ Cleaned: 5dxa_D_SFG.pdb
🧪 Cleaning 6arv_C_SAH.pdb  | Keeping ligand: SAH
✔ Cleaned: 6arv_C_SAH.pdb
🧪 Cleaning 5k8x_D_6ZH.pdb  | Keeping ligand: 6ZH
✔ Cleaned: 5k8x_D_6ZH.pdb
🧪 Cleaning 5tbj_D_LHD.pdb  | Keeping ligand: LHD
✔ Cleaned: 5tbj_D_LHD.pdb
🧪 Cleaning 5isb_B_6CX.pdb  | Keeping ligand: 6CX
✔ Cleaned: 5isb_B_6CX.pdb
🧪 Cleaning 5is6_A_DXE.pdb  | Keeping ligand: DXE
✔ Cleaned: 5is6_A_DXE.pdb
🧪 Cleaning 5isi_D_5N5.pdb  | Keeping ligand: 5N5
✔ Cleaned: 5isi_D_5N5.pdb
🧪 Cleaning 5lgs_A_DXE.pdb  | Keeping ligand: DXE
✔ Cleaned: 5lgs_A_DXE.pdb
🧪 Cleaning 5lv3_D_SAH.pdb  | Keeping ligand: SAH
✔ Cleaned: 5lv3_D_SAH.pdb
🧪 Cleaning 6d2l_E_FTG.pdb  | Keeping ligand: FTG
✔ Cleaned: 6d2l_E_FTG.pdb
🧪 Cleaning 5is9_B_M2M.pdb  | Keeping ligand: M2M
✔ Cleaned: 5is9_B_M2M.pdb
🧪 Cleaning 9i1t_A_A01.pdb  | Keeping ligand: A01
✔ Cleaned: 9i1t_A_A01.pdb
🧪 Cleaning 5isa_A_6D5.pdb  | Keeping ligand: 6D5
✔ Cleaned: 5isa_A_6D5.pdb
🧪 Cleaning 6s7c_B_KY2.pdb  | Keeping ligand: KY2
✔ Cleaned: 6s7c_B_KY2.pdb
🧪 Cleaning 5ish_B_765.pdb  | Keeping ligand: 765
✔ Cleaned: 5ish_B_765.pdb
🧪 Cleaning 5lkj_B_6YB.pdb  | Keeping ligand: 6YB
✔ Cleaned: 5lkj_B_6YB.pdb
🧪 Cleaning 5isd_D_SAO.pdb  | Keeping ligand: SAO
✔ Cleaned: 5isd_D_SAO.pdb
🧪 Cleaning 5lv2_D_LHB.pdb  | Keeping ligand: LHB
✔ Cleaned: 5lv2_D_LHB.pdb
🧪 Cleaning 6s7b_D_KYH.pdb  | Keeping ligand: KYH
✔ Cleaned: 6s7b_D_KYH.pdb
🧪 Cleaning 5k8w_D_GJV.pdb  | Keeping ligand: GJV
✔ Cleaned: 5k8w_D_GJV.pdb
🧪 Cleaning 5isg_A_DXE.pdb  | Keeping ligand: DXE
✔ Cleaned: 5isg_A_DXE.pdb
🧪 Cleaning 5tbi_B_78V.pdb  | Keeping ligand: 78V
✔ Cleaned: 5tbi_B_78V.pdb
🧪 Cleaning 5dx8_A_SFG.pdb  | Keeping ligand: SFG
✔ Cleaned: 5dx8_A_SFG.pdb
🧪 Cleaning 5isd_A_M2M.pdb  | Keeping ligand: M2M
✔ Cleaned: 5isd_A_M2M.pdb
🧪 Cleaning 6s70_D_KYB.pdb  | Keeping ligand: KYB
✔ Cleaned: 6s70_D_KYB.pdb
🧪 Cleaning 9i9u_C_A02.pdb  | Keeping ligand: A02
✔ Cleaned: 9i9u_C_A02.pdb
🧪 Cleaning 5dx0_D_SFG.pdb  | Keeping ligand: SFG
✔ Cleaned: 5dx0_D_SFG.pdb
🧪 Cleaning 6s79_C_KXW.pdb  | Keeping ligand: KXW
✔ Cleaned: 6s79_C_KXW.pdb
🧪 Cleaning 5dwq_B_SFG.pdb  | Keeping ligand: SFG
✔ Cleaned: 5dwq_B_SFG.pdb
🧪 Cleaning 7okp_E_QVR.pdb  | Keeping ligand: QVR
✔ Cleaned: 7okp_E_QVR.pdb
🧪 Cleaning 5u4x_C_SAH.pdb  | Keeping ligand: SAH
✔ Cleaned: 5u4x_C_SAH.pdb
🧪 Cleaning 5isc_C_M2M.pdb  | Keeping ligand: M2M
✔ Cleaned: 5isc_C_M2M.pdb
🧪 Cleaning 5lgr_H_LPD.pdb  | Keeping ligand: LPD
✔ Cleaned: 5lgr_H_LPD.pdb
🧪 Cleaning 5lgs_H_QVR.pdb  | Keeping ligand: QVR
✔ Cleaned: 5lgs_H_QVR.pdb
🧪 Cleaning 5k8v_B_PG6.pdb  | Keeping ligand: PG6
✔ Cleaned: 5k8v_B_PG6.pdb
🧪 Cleaning 5ise_B_PE8.pdb  | Keeping ligand: PE8
✔ Cleaned: 5ise_B_PE8.pdb
🧪 Cleaning 5tbh_A_SAO.pdb  | Keeping ligand: SAO
✔ Cleaned: 5tbh_A_SAO.pdb
🧪 Cleaning 6arj_D_SAH.pdb  | Keeping ligand: SAH
✔ Cleaned: 6arj_D_SAH.pdb
🧪 Cleaning 7fai_D_XJ3.pdb  | Keeping ligand: XJ3
✔ Cleaned: 7fai_D_XJ3.pdb
🧪 Cleaning 6dvr_A_HDG.pdb  | Keeping ligand: HDG
✔ Cleaned: 6dvr_A_HDG.pdb
🧪 Cleaning 8g2i_A_I0B.pdb  | Keeping ligand: I0B
✔ Cleaned: 8g2i_A_I0B.pdb
🧪 Cleaning 5u4x_B_SAH.pdb  | Keeping ligand: SAH
✔ Cleaned: 5u4x_B_SAH.pdb
🧪 Cleaning 5dwq_C_SFG.pdb  | Keeping ligand: SFG
✔ Cleaned: 5dwq_C_SFG.pdb
🧪 Cleaning 7pv6_D_LRZ.pdb  | Keeping ligand: LRZ
✔ Cleaned: 7pv6_D_LRZ.pdb
🧪 Cleaning 7qrd_B_SAH.pdb  | Keeping ligand: SAH
✔ Cleaned: 7qrd_B_SAH.pdb
🧪 Cleaning 7puq_D_867.pdb  | Keeping ligand: 867
✔ Cleaned: 7puq_D_867.pdb
🧪 Cleaning 6s79_B_KXW.pdb  | Keeping ligand: KXW
✔ Cleaned: 6s79_B_KXW.pdb
🧪 Cleaning 9i9u_B_A02.pdb  | Keeping ligand: A02
✔ Cleaned: 9i9u_B_A02.pdb
🧪 Cleaning 5tbh_D_78K.pdb  | Keeping ligand: 78K
✔ Cleaned: 5tbh_D_78K.pdb
🧪 Cleaning 6arj_A_BW4.pdb  | Keeping ligand: BW4
✔ Cleaned: 6arj_A_BW4.pdb
🧪 Cleaning 5is8_D_SAH.pdb  | Keeping ligand: SAH
✔ Cleaned: 5is8_D_SAH.pdb
🧪 Cleaning 7pu8_B_4R7.pdb  | Keeping ligand: 4R7
✔ Cleaned: 7pu8_B_4R7.pdb
🧪 Cleaning 5ih3_D_SAH.pdb  | Keeping ligand: SAH
✔ Cleaned: 5ih3_D_SAH.pdb
🧪 Cleaning 7puc_C_85U.pdb  | Keeping ligand: 85U
✔ Cleaned: 7puc_C_85U.pdb
🧪 Cleaning 5is7_D_DSH.pdb  | Keeping ligand: DSH
✔ Cleaned: 5is7_D_DSH.pdb
🧪 Cleaning 6arv_B_SAH.pdb  | Keeping ligand: SAH
✔ Cleaned: 6arv_B_SAH.pdb
🧪 Cleaning 5lv2_G_SAO.pdb  | Keeping ligand: SAO
✔ Cleaned: 5lv2_G_SAO.pdb
🧪 Cleaning 5k8x_B_DXE.pdb  | Keeping ligand: DXE
✔ Cleaned: 5k8x_B_DXE.pdb
🧪 Cleaning 7ppq_D_LSK.pdb  | Keeping ligand: LSK
✔ Cleaned: 7ppq_D_LSK.pdb
🧪 Cleaning 5k8v_C_6RE.pdb  | Keeping ligand: 6RE
✔ Cleaned: 5k8v_C_6RE.pdb
🧪 Cleaning 5isg_A_6D6.pdb  | Keeping ligand: 6D6
✔ Cleaned: 5isg_A_6D6.pdb
🧪 Cleaning 5isf_C_DXE.pdb  | Keeping ligand: DXE
✔ Cleaned: 5isf_C_DXE.pdb
🧪 Cleaning 7faj_A_XJ4.pdb  | Keeping ligand: XJ4
✔ Cleaned: 7faj_A_XJ4.pdb
🧪 Cleaning 5lgq_H_8ZB.pdb  | Keeping ligand: 8ZB
✔ Cleaned: 5lgq_H_8ZB.pdb
🧪 Cleaning 6d2l_D_FTG.pdb  | Keeping ligand: FTG
✔ Cleaned: 6d2l_D_FTG.pdb
🧪 Cleaning 5ntc_A_DXE.pdb  | Keeping ligand: DXE
✔ Cleaned: 5ntc_A_DXE.pdb
🧪 Cleaning 5isb_C_6CX.pdb  | Keeping ligand: 6CX
✔ Cleaned: 5isb_C_6CX.pdb
🧪 Cleaning 5isf_B_6D4.pdb  | Keeping ligand: 6D4
✔ Cleaned: 5isf_B_6D4.pdb
🧪 Cleaning 5ish_C_765.pdb  | Keeping ligand: 765
✔ Cleaned: 5ish_C_765.pdb
🧪 Cleaning 5dxj_D_SFG.pdb  | Keeping ligand: SFG
✔ Cleaned: 5dxj_D_SFG.pdb
🧪 Cleaning 5lkj_C_6YB.pdb  | Keeping ligand: 6YB
✔ Cleaned: 5lkj_C_6YB.pdb
🧪 Cleaning 5isa_A_DXE.pdb  | Keeping ligand: DXE
✔ Cleaned: 5isa_A_DXE.pdb
🧪 Cleaning 6s7c_C_KY2.pdb  | Keeping ligand: KY2
✔ Cleaned: 6s7c_C_KY2.pdb
🧪 Cleaning 5isd_B_6CZ.pdb  | Keeping ligand: 6CZ
✔ Cleaned: 5isd_B_6CZ.pdb
🧪 Cleaning 5isb_A_M2M.pdb  | Keeping ligand: M2M
✔ Cleaned: 5isb_A_M2M.pdb
🧪 Cleaning 7u9i_B_44T.pdb  | Keeping ligand: 44T
✔ Cleaned: 7u9i_B_44T.pdb
🧪 Cleaning 5isg_B_DXE.pdb  | Keeping ligand: DXE
✔ Cleaned: 5isg_B_DXE.pdb
🧪 Cleaning 5dx8_B_SFG.pdb  | Keeping ligand: SFG
✔ Cleaned: 5dx8_B_SFG.pdb
🧪 Cleaning 5ish_A_M2M.pdb  | Keeping ligand: M2M
✔ Cleaned: 5ish_A_M2M.pdb
🧪 Cleaning 3b3f_D_SAH.pdb  | Keeping ligand: SAH
✔ Cleaned: 3b3f_D_SAH.pdb
🧪 Cleaning 5tbh_C_SAO.pdb  | Keeping ligand: SAO
✔ Cleaned: 5tbh_C_SAO.pdb
🧪 Cleaning 6s74_D_KY8.pdb  | Keeping ligand: KY8
✔ Cleaned: 6s74_D_KY8.pdb
🧪 Cleaning 5lgq_A_PG6.pdb  | Keeping ligand: PG6
✔ Cleaned: 5lgq_A_PG6.pdb
🧪 Cleaning 8sig_A_GWU.pdb  | Keeping ligand: GWU
✔ Cleaned: 8sig_A_GWU.pdb
🧪 Cleaning 6arj_C_BW4.pdb  | Keeping ligand: BW4
✔ Cleaned: 6arj_C_BW4.pdb
🧪 Cleaning 5lgr_A_DXE.pdb  | Keeping ligand: DXE
✔ Cleaned: 5lgr_A_DXE.pdb
🧪 Cleaning 5isc_D_DXE.pdb  | Keeping ligand: DXE
✔ Cleaned: 5isc_D_DXE.pdb
🧪 Cleaning 9o6h_D_A04.pdb  | Keeping ligand: A04
✔ Cleaned: 9o6h_D_A04.pdb
🧪 Cleaning 5dwq_A_SFG.pdb  | Keeping ligand: SFG
✔ Cleaned: 5dwq_A_SFG.pdb
🧪 Cleaning 5isc_D_6D0.pdb  | Keeping ligand: 6D0
✔ Cleaned: 5isc_D_6D0.pdb
🧪 Cleaning 7okp_F_QVR.pdb  | Keeping ligand: QVR
✔ Cleaned: 7okp_F_QVR.pdb
🧪 Cleaning 5lv2_E_SAO.pdb  | Keeping ligand: SAO
✔ Cleaned: 5lv2_E_SAO.pdb
🧪 Cleaning 5isf_A_DXE.pdb  | Keeping ligand: DXE
✔ Cleaned: 5isf_A_DXE.pdb
🧪 Cleaning 5isg_C_6D6.pdb  | Keeping ligand: 6D6
✔ Cleaned: 5isg_C_6D6.pdb
🧪 Cleaning 5k8v_A_6RE.pdb  | Keeping ligand: 6RE
✔ Cleaned: 5k8v_A_6RE.pdb
🧪 Cleaning 9i0a_D_A00.pdb  | Keeping ligand: A00
✔ Cleaned: 9i0a_D_A00.pdb
🧪 Cleaning 7qph_H_QVR.pdb  | Keeping ligand: QVR
✔ Cleaned: 7qph_H_QVR.pdb
🧪 Cleaning 7puc_A_85U.pdb  | Keeping ligand: 85U
✔ Cleaned: 7puc_A_85U.pdb
🧪 Cleaning 6s77_D_KXW.pdb  | Keeping ligand: KXW
✔ Cleaned: 6s77_D_KXW.pdb
🧪 Cleaning 6s7c_A_KY2.pdb  | Keeping ligand: KY2
✔ Cleaned: 6s7c_A_KY2.pdb
🧪 Cleaning 5lkj_A_6YB.pdb  | Keeping ligand: 6YB
✔ Cleaned: 5lkj_A_6YB.pdb
🧪 Cleaning 5ish_A_765.pdb  | Keeping ligand: 765
✔ Cleaned: 5ish_A_765.pdb
🧪 Cleaning 5isa_C_DXE.pdb  | Keeping ligand: DXE
✔ Cleaned: 5isa_C_DXE.pdb
🧪 Cleaning 5isa_B_6D5.pdb  | Keeping ligand: 6D5
✔ Cleaned: 5isa_B_6D5.pdb
🧪 Cleaning 7ppy_D_7ZH.pdb  | Keeping ligand: 7ZH
✔ Cleaned: 7ppy_D_7ZH.pdb
🧪 Cleaning 9i1t_B_A01.pdb  | Keeping ligand: A01
✔ Cleaned: 9i1t_B_A01.pdb
🧪 Cleaning 5ntc_C_DXE.pdb  | Keeping ligand: DXE
✔ Cleaned: 5ntc_C_DXE.pdb
🧪 Cleaning 6d2l_F_FTG.pdb  | Keeping ligand: FTG
✔ Cleaned: 6d2l_F_FTG.pdb
🧪 Cleaning 7faj_C_XJ4.pdb  | Keeping ligand: XJ4
✔ Cleaned: 7faj_C_XJ4.pdb
🧪 Cleaning 5dx1_D_SFG.pdb  | Keeping ligand: SFG
✔ Cleaned: 5dx1_D_SFG.pdb
🧪 Cleaning 5isb_A_6CX.pdb  | Keeping ligand: 6CX
✔ Cleaned: 5isb_A_6CX.pdb
🧪 Cleaning 5lgs_B_DXE.pdb  | Keeping ligand: DXE
✔ Cleaned: 5lgs_B_DXE.pdb
🧪 Cleaning 5is6_B_DXE.pdb  | Keeping ligand: DXE
✔ Cleaned: 5is6_B_DXE.pdb
🧪 Cleaning 4ikp_D_4IK.pdb  | Keeping ligand: 4IK
✔ Cleaned: 4ikp_D_4IK.pdb
🧪 Cleaning 5isg_B_6D6.pdb  | Keeping ligand: 6D6
✔ Cleaned: 5isg_B_6D6.pdb
🧪 Cleaning 5ntc_D_6L7.pdb  | Keeping ligand: 6L7
✔ Cleaned: 5ntc_D_6L7.pdb
🧪 Cleaning 6arv_A_SAH.pdb  | Keeping ligand: SAH
✔ Cleaned: 6arv_A_SAH.pdb
🧪 Cleaning 5is6_D_SFG.pdb  | Keeping ligand: SFG
✔ Cleaned: 5is6_D_SFG.pdb
🧪 Cleaning 5lgr_H_QVR.pdb  | Keeping ligand: QVR
✔ Cleaned: 5lgr_H_QVR.pdb
🧪 Cleaning 5tbi_A_SAO.pdb  | Keeping ligand: SAO
✔ Cleaned: 5tbi_A_SAO.pdb
🧪 Cleaning 7pu8_A_4R7.pdb  | Keeping ligand: 4R7
✔ Cleaned: 7pu8_A_4R7.pdb
🧪 Cleaning 5ih3_B_PE8.pdb  | Keeping ligand: PE8
✔ Cleaned: 5ih3_B_PE8.pdb
🧪 Cleaning 5isa_C_6D5.pdb  | Keeping ligand: 6D5
✔ Cleaned: 5isa_C_6D5.pdb
🧪 Cleaning 7u9i_A_44T.pdb  | Keeping ligand: 44T
✔ Cleaned: 7u9i_A_44T.pdb
🧪 Cleaning 5isf_A_6D4.pdb  | Keeping ligand: 6D4
✔ Cleaned: 5isf_A_6D4.pdb
🧪 Cleaning 9o37_A_A03.pdb  | Keeping ligand: A03
✔ Cleaned: 9o37_A_A03.pdb
🧪 Cleaning 8g2h_A_YVU.pdb  | Keeping ligand: YVU
✔ Cleaned: 8g2h_A_YVU.pdb
🧪 Cleaning 5is6_C_DXE.pdb  | Keeping ligand: DXE
✔ Cleaned: 5is6_C_DXE.pdb
🧪 Cleaning 8uqh_D_X9L.pdb  | Keeping ligand: X9L
✔ Cleaned: 8uqh_D_X9L.pdb
🧪 Cleaning 9i1t_C_A01.pdb  | Keeping ligand: A01
✔ Cleaned: 9i1t_C_A01.pdb
🧪 Cleaning 7faj_B_XJ4.pdb  | Keeping ligand: XJ4
✔ Cleaned: 7faj_B_XJ4.pdb
🧪 Cleaning 5u4x_D_7VM.pdb  | Keeping ligand: 7VM
✔ Cleaned: 5u4x_D_7VM.pdb
🧪 Cleaning 5lv2_F_LHB.pdb  | Keeping ligand: LHB
✔ Cleaned: 5lv2_F_LHB.pdb
🧪 Cleaning 5dx8_C_SFG.pdb  | Keeping ligand: SFG
✔ Cleaned: 5dx8_C_SFG.pdb
🧪 Cleaning 8sih_A_I1K.pdb  | Keeping ligand: I1K
✔ Cleaned: 8sih_A_I1K.pdb
🧪 Cleaning 6dvr_B_HDG.pdb  | Keeping ligand: HDG
✔ Cleaned: 6dvr_B_HDG.pdb
🧪 Cleaning 5ish_D_DXE.pdb  | Keeping ligand: DXE
✔ Cleaned: 5ish_D_DXE.pdb
🧪 Cleaning 5is9_D_6D3.pdb  | Keeping ligand: 6D3
✔ Cleaned: 5is9_D_6D3.pdb
🧪 Cleaning 5ise_D_6D2.pdb  | Keeping ligand: 6D2
✔ Cleaned: 5ise_D_6D2.pdb
🧪 Cleaning 6arj_B_BW4.pdb  | Keeping ligand: BW4
✔ Cleaned: 6arj_B_BW4.pdb
🧪 Cleaning 6s71_D_KYE.pdb  | Keeping ligand: KYE
✔ Cleaned: 6s71_D_KYE.pdb
🧪 Cleaning 6s79_A_KXW.pdb  | Keeping ligand: KXW
✔ Cleaned: 6s79_A_KXW.pdb
🧪 Cleaning 9i9u_A_A02.pdb  | Keeping ligand: A02
✔ Cleaned: 9i9u_A_A02.pdb
🧪 Cleaning 6arv_D_BW7.pdb  | Keeping ligand: BW7
✔ Cleaned: 6arv_D_BW7.pdb
🧪 Cleaning 5u4x_A_SAH.pdb  | Keeping ligand: SAH
✔ Cleaned: 5u4x_A_SAH.pdb
🧪 Cleaning 7okp_G_QVR.pdb  | Keeping ligand: QVR
✔ Cleaned: 7okp_G_QVR.pdb
🧪 Cleaning 5is9_A_6D3.pdb  | Keeping ligand: 6D3
✔ Cleaned: 5is9_A_6D3.pdb
🧪 Cleaning 5ih3_B_DXE.pdb  | Keeping ligand: DXE
✔ Cleaned: 5ih3_B_DXE.pdb
🧪 Cleaning 5ise_A_6D2.pdb  | Keeping ligand: 6D2
✔ Cleaned: 5ise_A_6D2.pdb
🧪 Cleaning 5lgq_A_DXE.pdb  | Keeping ligand: DXE
✔ Cleaned: 5lgq_A_DXE.pdb
🧪 Cleaning 5tbh_B_78K.pdb  | Keeping ligand: 78K
✔ Cleaned: 5tbh_B_78K.pdb
🧪 Cleaning 5lgq_G_8ZB.pdb  | Keeping ligand: 8ZB
✔ Cleaned: 5lgq_G_8ZB.pdb
🧪 Cleaning 7qrd_L_QVR.pdb  | Keeping ligand: QVR
✔ Cleaned: 7qrd_L_QVR.pdb
🧪 Cleaning 7qrd_D_SAH.pdb  | Keeping ligand: SAH
✔ Cleaned: 7qrd_D_SAH.pdb
🧪 Cleaning 7puq_B_867.pdb  | Keeping ligand: 867
✔ Cleaned: 7puq_B_867.pdb
🧪 Cleaning 6s71_A_KYE.pdb  | Keeping ligand: KYE
✔ Cleaned: 6s71_A_KYE.pdb
🧪 Cleaning 6izq_A_XJ2.pdb  | Keeping ligand: XJ2
✔ Cleaned: 6izq_A_XJ2.pdb
🧪 Cleaning 9i9u_D_A02.pdb  | Keeping ligand: A02
✔ Cleaned: 9i9u_D_A02.pdb
🧪 Cleaning 5dx0_C_SFG.pdb  | Keeping ligand: SFG
✔ Cleaned: 5dx0_C_SFG.pdb
🧪 Cleaning 6s79_D_KXW.pdb  | Keeping ligand: KXW
✔ Cleaned: 6s79_D_KXW.pdb
🧪 Cleaning 5u4x_D_SAH.pdb  | Keeping ligand: SAH
✔ Cleaned: 5u4x_D_SAH.pdb
🧪 Cleaning 6arv_A_BW7.pdb  | Keeping ligand: BW7
✔ Cleaned: 6arv_A_BW7.pdb
🧪 Cleaning 5isc_A_SAO.pdb  | Keeping ligand: SAO
✔ Cleaned: 5isc_A_SAO.pdb
🧪 Cleaning 7pv6_B_LRZ.pdb  | Keeping ligand: LRZ
✔ Cleaned: 7pv6_B_LRZ.pdb
🧪 Cleaning 6s7b_C_KYH.pdb  | Keeping ligand: KYH
✔ Cleaned: 6s7b_C_KYH.pdb
🧪 Cleaning 5k8w_C_GJV.pdb  | Keeping ligand: GJV
✔ Cleaned: 5k8w_C_GJV.pdb
🧪 Cleaning 5u4x_A_7VM.pdb  | Keeping ligand: 7VM
✔ Cleaned: 5u4x_A_7VM.pdb
🧪 Cleaning 7qph_E_QVR.pdb  | Keeping ligand: QVR
✔ Cleaned: 7qph_E_QVR.pdb
🧪 Cleaning 6s70_C_KYB.pdb  | Keeping ligand: KYB
✔ Cleaned: 6s70_C_KYB.pdb
🧪 Cleaning 5k8x_A_PE8.pdb  | Keeping ligand: PE8
✔ Cleaned: 5k8x_A_PE8.pdb
🧪 Cleaning 7os4_F_QVR.pdb  | Keeping ligand: QVR
✔ Cleaned: 7os4_F_QVR.pdb
🧪 Cleaning 6dvr_A_P15.pdb  | Keeping ligand: P15
✔ Cleaned: 6dvr_A_P15.pdb
🧪 Cleaning 5isd_C_SAO.pdb  | Keeping ligand: SAO
✔ Cleaned: 5isd_C_SAO.pdb
🧪 Cleaning 5is8_B_6D1.pdb  | Keeping ligand: 6D1
✔ Cleaned: 5is8_B_6D1.pdb
🧪 Cleaning 6arj_B_SAH.pdb  | Keeping ligand: SAH
✔ Cleaned: 6arj_B_SAH.pdb
🧪 Cleaning 7fai_B_XJ3.pdb  | Keeping ligand: XJ3
✔ Cleaned: 7fai_B_XJ3.pdb
🧪 Cleaning 5ish_A_DXE.pdb  | Keeping ligand: DXE
✔ Cleaned: 5ish_A_DXE.pdb
🧪 Cleaning 5is9_A_DXE.pdb  | Keeping ligand: DXE
✔ Cleaned: 5is9_A_DXE.pdb
🧪 Cleaning 5dxj_B_SFG.pdb  | Keeping ligand: SFG
✔ Cleaned: 5dxj_B_SFG.pdb
🧪 Cleaning 5isi_C_5N5.pdb  | Keeping ligand: 5N5
✔ Cleaned: 5isi_C_5N5.pdb
🧪 Cleaning 8uqh_A_X9L.pdb  | Keeping ligand: X9L
✔ Cleaned: 8uqh_A_X9L.pdb
🧪 Cleaning 5isf_D_6D4.pdb  | Keeping ligand: 6D4
✔ Cleaned: 5isf_D_6D4.pdb
🧪 Cleaning 5lgr_F_LPD.pdb  | Keeping ligand: LPD
✔ Cleaned: 5lgr_F_LPD.pdb
🧪 Cleaning 6d2l_B_FTG.pdb  | Keeping ligand: FTG
✔ Cleaned: 6d2l_B_FTG.pdb
🧪 Cleaning 7ppq_B_LSK.pdb  | Keeping ligand: LSK
✔ Cleaned: 7ppq_B_LSK.pdb
🧪 Cleaning 5ntc_A_6L7.pdb  | Keeping ligand: 6L7
✔ Cleaned: 5ntc_A_6L7.pdb
🧪 Cleaning 6s7a_C_KY5.pdb  | Keeping ligand: KY5
✔ Cleaned: 6s7a_C_KY5.pdb
🧪 Cleaning 5lgs_G_QVR.pdb  | Keeping ligand: QVR
✔ Cleaned: 5lgs_G_QVR.pdb
🧪 Cleaning 5is7_B_DSH.pdb  | Keeping ligand: DSH
✔ Cleaned: 5is7_B_DSH.pdb
🧪 Cleaning 5is6_A_SFG.pdb  | Keeping ligand: SFG
✔ Cleaned: 5is6_A_SFG.pdb
🧪 Cleaning 5tbj_A_DXE.pdb  | Keeping ligand: DXE
✔ Cleaned: 5tbj_A_DXE.pdb
🧪 Cleaning 5tbj_C_LHD.pdb  | Keeping ligand: LHD
✔ Cleaned: 5tbj_C_LHD.pdb
🧪 Cleaning 5k8x_D_DXE.pdb  | Keeping ligand: DXE
✔ Cleaned: 5k8x_D_DXE.pdb
🧪 Cleaning 5dxa_C_SFG.pdb  | Keeping ligand: SFG
✔ Cleaned: 5dxa_C_SFG.pdb
🧪 Cleaning 6arv_D_SAH.pdb  | Keeping ligand: SAH
✔ Cleaned: 6arv_D_SAH.pdb
🧪 Cleaning 5k8x_C_6ZH.pdb  | Keeping ligand: 6ZH
✔ Cleaned: 5k8x_C_6ZH.pdb
🧪 Cleaning 5lv2_A_SAO.pdb  | Keeping ligand: SAO
✔ Cleaned: 5lv2_A_SAO.pdb
🧪 Cleaning 5ih3_B_SAH.pdb  | Keeping ligand: SAH
✔ Cleaned: 5ih3_B_SAH.pdb
🧪 Cleaning 5isf_A_M2M.pdb  | Keeping ligand: M2M
✔ Cleaned: 5isf_A_M2M.pdb
🧪 Cleaning 5ise_A_DXE.pdb  | Keeping ligand: DXE
✔ Cleaned: 5ise_A_DXE.pdb
🧪 Cleaning 7pu8_D_4R7.pdb  | Keeping ligand: 4R7
✔ Cleaned: 7pu8_D_4R7.pdb
🧪 Cleaning 5k8w_C_DXE.pdb  | Keeping ligand: DXE
✔ Cleaned: 5k8w_C_DXE.pdb
🧪 Cleaning 5ish_D_765.pdb  | Keeping ligand: 765
✔ Cleaned: 5ish_D_765.pdb
🧪 Cleaning 5dxj_C_SFG.pdb  | Keeping ligand: SFG
✔ Cleaned: 5dxj_C_SFG.pdb
🧪 Cleaning 5lkj_D_6YB.pdb  | Keeping ligand: 6YB
✔ Cleaned: 5lkj_D_6YB.pdb
🧪 Cleaning 6s77_A_KXW.pdb  | Keeping ligand: KXW
✔ Cleaned: 6s77_A_KXW.pdb
🧪 Cleaning 6s7c_D_KY2.pdb  | Keeping ligand: KY2
✔ Cleaned: 6s7c_D_KY2.pdb
🧪 Cleaning 6d2l_C_FTG.pdb  | Keeping ligand: FTG
✔ Cleaned: 6d2l_C_FTG.pdb
🧪 Cleaning 5dx1_A_SFG.pdb  | Keeping ligand: SFG
✔ Cleaned: 5dx1_A_SFG.pdb
🧪 Cleaning 5lgr_G_LPD.pdb  | Keeping ligand: LPD
✔ Cleaned: 5lgr_G_LPD.pdb
🧪 Cleaning 7ppy_A_7ZH.pdb  | Keeping ligand: 7ZH
✔ Cleaned: 7ppy_A_7ZH.pdb
🧪 Cleaning 5isb_D_6CX.pdb  | Keeping ligand: 6CX
✔ Cleaned: 5isb_D_6CX.pdb
🧪 Cleaning 4ikp_A_4IK.pdb  | Keeping ligand: 4IK
✔ Cleaned: 4ikp_A_4IK.pdb
🧪 Cleaning 5isi_B_5N5.pdb  | Keeping ligand: 5N5
✔ Cleaned: 5isi_B_5N5.pdb
🧪 Cleaning 5is7_C_DSH.pdb  | Keeping ligand: DSH
✔ Cleaned: 5is7_C_DSH.pdb
🧪 Cleaning 5lgs_F_QVR.pdb  | Keeping ligand: QVR
✔ Cleaned: 5lgs_F_QVR.pdb
🧪 Cleaning 6s7a_B_KY5.pdb  | Keeping ligand: KY5
✔ Cleaned: 6s7a_B_KY5.pdb
🧪 Cleaning 5k8x_B_6ZH.pdb  | Keeping ligand: 6ZH
✔ Cleaned: 5k8x_B_6ZH.pdb
🧪 Cleaning 5dxa_B_SFG.pdb  | Keeping ligand: SFG
✔ Cleaned: 5dxa_B_SFG.pdb
🧪 Cleaning 5tbj_B_LHD.pdb  | Keeping ligand: LHD
✔ Cleaned: 5tbj_B_LHD.pdb
🧪 Cleaning 7ppq_C_LSK.pdb  | Keeping ligand: LSK
✔ Cleaned: 7ppq_C_LSK.pdb
🧪 Cleaning 5k8v_D_6RE.pdb  | Keeping ligand: 6RE
✔ Cleaned: 5k8v_D_6RE.pdb
🧪 Cleaning 9i0a_A_A00.pdb  | Keeping ligand: A00
✔ Cleaned: 9i0a_A_A00.pdb
🧪 Cleaning 5lkj_B_P33.pdb  | Keeping ligand: P33
✔ Cleaned: 5lkj_B_P33.pdb
🧪 Cleaning 7puc_D_85U.pdb  | Keeping ligand: 85U
✔ Cleaned: 7puc_D_85U.pdb
🧪 Cleaning 5lv2_E_M2M.pdb  | Keeping ligand: M2M
✔ Cleaned: 5lv2_E_M2M.pdb
🧪 Cleaning 5ih3_C_SAH.pdb  | Keeping ligand: SAH
✔ Cleaned: 5ih3_C_SAH.pdb
🧪 Cleaning 5isi_C_DXE.pdb  | Keeping ligand: DXE
✔ Cleaned: 5isi_C_DXE.pdb
🧪 Cleaning 5lgq_F_8ZB.pdb  | Keeping ligand: 8ZB
✔ Cleaned: 5lgq_F_8ZB.pdb
🧪 Cleaning 7qrd_M_QVR.pdb  | Keeping ligand: QVR
✔ Cleaned: 7qrd_M_QVR.pdb
🧪 Cleaning 5lkj_B_DXE.pdb  | Keeping ligand: DXE
✔ Cleaned: 5lkj_B_DXE.pdb
🧪 Cleaning 5ih3_C_DXE.pdb  | Keeping ligand: DXE
✔ Cleaned: 5ih3_C_DXE.pdb
🧪 Cleaning 5dwq_D_SFG.pdb  | Keeping ligand: SFG
✔ Cleaned: 5dwq_D_SFG.pdb
🧪 Cleaning 9o6h_A_A04.pdb  | Keeping ligand: A04
✔ Cleaned: 9o6h_A_A04.pdb
🧪 Cleaning 7pv6_C_LRZ.pdb  | Keeping ligand: LRZ
✔ Cleaned: 7pv6_C_LRZ.pdb
🧪 Cleaning 7puq_C_867.pdb  | Keeping ligand: 867
✔ Cleaned: 7puq_C_867.pdb
🧪 Cleaning 5dx0_B_SFG.pdb  | Keeping ligand: SFG
✔ Cleaned: 5dx0_B_SFG.pdb
🧪 Cleaning 5tbi_D_78V.pdb  | Keeping ligand: 78V
✔ Cleaned: 5tbi_D_78V.pdb
🧪 Cleaning 6s70_B_KYB.pdb  | Keeping ligand: KYB
✔ Cleaned: 6s70_B_KYB.pdb
🧪 Cleaning 5lv2_B_LHB.pdb  | Keeping ligand: LHB
✔ Cleaned: 5lv2_B_LHB.pdb
🧪 Cleaning 5k8w_B_GJV.pdb  | Keeping ligand: GJV
✔ Cleaned: 5k8w_B_GJV.pdb
🧪 Cleaning 6s7b_B_KYH.pdb  | Keeping ligand: KYH
✔ Cleaned: 6s7b_B_KYH.pdb
🧪 Cleaning 5lgr_E_QVR.pdb  | Keeping ligand: QVR
✔ Cleaned: 5lgr_E_QVR.pdb
🧪 Cleaning 3b3f_A_SAH.pdb  | Keeping ligand: SAH
✔ Cleaned: 3b3f_A_SAH.pdb
🧪 Cleaning 6s74_A_KY8.pdb  | Keeping ligand: KY8
✔ Cleaned: 6s74_A_KY8.pdb
🧪 Cleaning 5k8v_A_DXE.pdb  | Keeping ligand: DXE
✔ Cleaned: 5k8v_A_DXE.pdb
🧪 Cleaning 7os4_G_QVR.pdb  | Keeping ligand: QVR
✔ Cleaned: 7os4_G_QVR.pdb
🧪 Cleaning 7fai_C_XJ3.pdb  | Keeping ligand: XJ3
✔ Cleaned: 7fai_C_XJ3.pdb
🧪 Cleaning 6arj_C_SAH.pdb  | Keeping ligand: SAH
✔ Cleaned: 6arj_C_SAH.pdb
🧪 Cleaning 5is8_C_6D1.pdb  | Keeping ligand: 6D1
✔ Cleaned: 5is8_C_6D1.pdb
🧪 Cleaning 7ppy_C_7ZH.pdb  | Keeping ligand: 7ZH
✔ Cleaned: 7ppy_C_7ZH.pdb
🧪 Cleaning 7faj_D_XJ4.pdb  | Keeping ligand: XJ4
✔ Cleaned: 7faj_D_XJ4.pdb
🧪 Cleaning 5dx1_C_SFG.pdb  | Keeping ligand: SFG
✔ Cleaned: 5dx1_C_SFG.pdb
🧪 Cleaning 5lgr_E_LPD.pdb  | Keeping ligand: LPD
✔ Cleaned: 5lgr_E_LPD.pdb
🧪 Cleaning 5lv3_B_LHF.pdb  | Keeping ligand: LHF
✔ Cleaned: 5lv3_B_LHF.pdb
🧪 Cleaning 6d2l_A_FTG.pdb  | Keeping ligand: FTG
✔ Cleaned: 6d2l_A_FTG.pdb
🧪 Cleaning 4ikp_C_4IK.pdb  | Keeping ligand: 4IK
✔ Cleaned: 4ikp_C_4IK.pdb
🧪 Cleaning 8uqh_B_X9L.pdb  | Keeping ligand: X9L
✔ Cleaned: 8uqh_B_X9L.pdb
🧪 Cleaning 6s77_C_KXW.pdb  | Keeping ligand: KXW
✔ Cleaned: 6s77_C_KXW.pdb
🧪 Cleaning 7okp_H_QVR.pdb  | Keeping ligand: QVR
✔ Cleaned: 7okp_H_QVR.pdb
🧪 Cleaning 5dxj_A_SFG.pdb  | Keeping ligand: SFG
✔ Cleaned: 5dxj_A_SFG.pdb
🧪 Cleaning 5ise_B_DXE.pdb  | Keeping ligand: DXE
✔ Cleaned: 5ise_B_DXE.pdb
🧪 Cleaning 5isi_A_DXE.pdb  | Keeping ligand: DXE
✔ Cleaned: 5isi_A_DXE.pdb
🧪 Cleaning 5k8x_C_M2M.pdb  | Keeping ligand: M2M
✔ Cleaned: 5k8x_C_M2M.pdb
🧪 Cleaning 5ih3_A_SAH.pdb  | Keeping ligand: SAH
✔ Cleaned: 5ih3_A_SAH.pdb
🧪 Cleaning 5lv2_C_DXE.pdb  | Keeping ligand: DXE
✔ Cleaned: 5lv2_C_DXE.pdb
🧪 Cleaning 5is6_B_SFG.pdb  | Keeping ligand: SFG
✔ Cleaned: 5is6_B_SFG.pdb
🧪 Cleaning 5is7_A_DSH.pdb  | Keeping ligand: DSH
✔ Cleaned: 5is7_A_DSH.pdb
🧪 Cleaning 5isg_D_6D6.pdb  | Keeping ligand: 6D6
✔ Cleaned: 5isg_D_6D6.pdb
🧪 Cleaning 5ntc_B_6L7.pdb  | Keeping ligand: 6L7
✔ Cleaned: 5ntc_B_6L7.pdb
🧪 Cleaning 9i0a_C_A00.pdb  | Keeping ligand: A00
✔ Cleaned: 9i0a_C_A00.pdb
🧪 Cleaning 7ppq_A_LSK.pdb  | Keeping ligand: LSK
✔ Cleaned: 7ppq_A_LSK.pdb
🧪 Cleaning 6arv_B_BW7.pdb  | Keeping ligand: BW7
✔ Cleaned: 6arv_B_BW7.pdb
🧪 Cleaning 5isc_C_DXE.pdb  | Keeping ligand: DXE
✔ Cleaned: 5isc_C_DXE.pdb
🧪 Cleaning 7pv6_A_LRZ.pdb  | Keeping ligand: LRZ
✔ Cleaned: 7pv6_A_LRZ.pdb
🧪 Cleaning 9o6h_C_A04.pdb  | Keeping ligand: A04
✔ Cleaned: 9o6h_C_A04.pdb
🧪 Cleaning 5lgr_B_PG6.pdb  | Keeping ligand: PG6
✔ Cleaned: 5lgr_B_PG6.pdb
🧪 Cleaning 6s71_B_KYE.pdb  | Keeping ligand: KYE
✔ Cleaned: 6s71_B_KYE.pdb
🧪 Cleaning 7puq_A_867.pdb  | Keeping ligand: 867
✔ Cleaned: 7puq_A_867.pdb
🧪 Cleaning 5ise_B_6D2.pdb  | Keeping ligand: 6D2
✔ Cleaned: 5ise_B_6D2.pdb
🧪 Cleaning 5is9_B_6D3.pdb  | Keeping ligand: 6D3
✔ Cleaned: 5is9_B_6D3.pdb
🧪 Cleaning 6arj_D_BW4.pdb  | Keeping ligand: BW4
✔ Cleaned: 6arj_D_BW4.pdb
🧪 Cleaning 6s74_C_KY8.pdb  | Keeping ligand: KY8
✔ Cleaned: 6s74_C_KY8.pdb
🧪 Cleaning 6arj_A_SAH.pdb  | Keeping ligand: SAH
✔ Cleaned: 6arj_A_SAH.pdb
🧪 Cleaning 5is8_A_6D1.pdb  | Keeping ligand: 6D1
✔ Cleaned: 5is8_A_6D1.pdb
🧪 Cleaning 5isg_A_M2M.pdb  | Keeping ligand: M2M
✔ Cleaned: 5isg_A_M2M.pdb
🧪 Cleaning 7fai_A_XJ3.pdb  | Keeping ligand: XJ3
✔ Cleaned: 7fai_A_XJ3.pdb
🧪 Cleaning 7os4_E_QVR.pdb  | Keeping ligand: QVR
✔ Cleaned: 7os4_E_QVR.pdb
🧪 Cleaning 6dvr_B_P15.pdb  | Keeping ligand: P15
✔ Cleaned: 6dvr_B_P15.pdb
🧪 Cleaning 7qph_F_QVR.pdb  | Keeping ligand: QVR
✔ Cleaned: 7qph_F_QVR.pdb
🧪 Cleaning 5u4x_B_7VM.pdb  | Keeping ligand: 7VM
✔ Cleaned: 5u4x_B_7VM.pdb
🧪 Cleaning 3b3f_C_SAH.pdb  | Keeping ligand: SAH
✔ Cleaned: 3b3f_C_SAH.pdb
🧪 Cleaning 5lgr_G_QVR.pdb  | Keeping ligand: QVR
✔ Cleaned: 5lgr_G_QVR.pdb
🧪 Cleaning 5isg_A_PG6.pdb  | Keeping ligand: PG6
✔ Cleaned: 5isg_A_PG6.pdb
🧪 Cleaning 5tbh_A_M2M.pdb  | Keeping ligand: M2M
✔ Cleaned: 5tbh_A_M2M.pdb
🧪 Cleaning 5dx0_A_SFG.pdb  | Keeping ligand: SFG
✔ Cleaned: 5dx0_A_SFG.pdb
🧪 Cleaning 6s71_C_KYE.pdb  | Keeping ligand: KYE
✔ Cleaned: 6s71_C_KYE.pdb
🧪 Cleaning 5isc_C_SAO.pdb  | Keeping ligand: SAO
✔ Cleaned: 5isc_C_SAO.pdb
🧪 Cleaning 6arv_C_BW7.pdb  | Keeping ligand: BW7
✔ Cleaned: 6arv_C_BW7.pdb
🧪 Cleaning 5isc_B_6D0.pdb  | Keeping ligand: 6D0
✔ Cleaned: 5isc_B_6D0.pdb
🧪 Cleaning 9o6h_B_A04.pdb  | Keeping ligand: A04
✔ Cleaned: 9o6h_B_A04.pdb
🧪 Cleaning 5is9_C_6D3.pdb  | Keeping ligand: 6D3
✔ Cleaned: 5is9_C_6D3.pdb
🧪 Cleaning 5ise_C_6D2.pdb  | Keeping ligand: 6D2
✔ Cleaned: 5ise_C_6D2.pdb
🧪 Cleaning 5lkj_A_DXE.pdb  | Keeping ligand: DXE
✔ Cleaned: 5lkj_A_DXE.pdb
🧪 Cleaning 5lgq_E_8ZB.pdb  | Keeping ligand: 8ZB
✔ Cleaned: 5lgq_E_8ZB.pdb
🧪 Cleaning 5tbi_B_PE8.pdb  | Keeping ligand: PE8
✔ Cleaned: 5tbi_B_PE8.pdb
🧪 Cleaning 5isd_A_SAO.pdb  | Keeping ligand: SAO
✔ Cleaned: 5isd_A_SAO.pdb
🧪 Cleaning 6s74_B_KY8.pdb  | Keeping ligand: KY8
✔ Cleaned: 6s74_B_KY8.pdb
🧪 Cleaning 5ish_C_DXE.pdb  | Keeping ligand: DXE
✔ Cleaned: 5ish_C_DXE.pdb
🧪 Cleaning 5lgr_F_QVR.pdb  | Keeping ligand: QVR
✔ Cleaned: 5lgr_F_QVR.pdb
🧪 Cleaning 5u4x_C_7VM.pdb  | Keeping ligand: 7VM
✔ Cleaned: 5u4x_C_7VM.pdb
🧪 Cleaning 3b3f_B_SAH.pdb  | Keeping ligand: SAH
✔ Cleaned: 3b3f_B_SAH.pdb
🧪 Cleaning 5k8w_A_GJV.pdb  | Keeping ligand: GJV
✔ Cleaned: 5k8w_A_GJV.pdb
🧪 Cleaning 6s7b_A_KYH.pdb  | Keeping ligand: KYH
✔ Cleaned: 6s7b_A_KYH.pdb
🧪 Cleaning 6s70_A_KYB.pdb  | Keeping ligand: KYB
✔ Cleaned: 6s70_A_KYB.pdb
🧪 Cleaning 7qph_G_QVR.pdb  | Keeping ligand: QVR
✔ Cleaned: 7qph_G_QVR.pdb
🧪 Cleaning 5dx8_D_SFG.pdb  | Keeping ligand: SFG
✔ Cleaned: 5dx8_D_SFG.pdb
🧪 Cleaning 5isa_A_M2M.pdb  | Keeping ligand: M2M
✔ Cleaned: 5isa_A_M2M.pdb
🧪 Cleaning 5lv3_A_SAH.pdb  | Keeping ligand: SAH
✔ Cleaned: 5lv3_A_SAH.pdb
🧪 Cleaning 8uqh_C_X9L.pdb  | Keeping ligand: X9L
✔ Cleaned: 8uqh_C_X9L.pdb
🧪 Cleaning 5isi_A_5N5.pdb  | Keeping ligand: 5N5
✔ Cleaned: 5isi_A_5N5.pdb
🧪 Cleaning 5is6_D_DXE.pdb  | Keeping ligand: DXE
✔ Cleaned: 5is6_D_DXE.pdb
🧪 Cleaning 4ikp_B_4IK.pdb  | Keeping ligand: 4IK
✔ Cleaned: 4ikp_B_4IK.pdb
🧪 Cleaning 5lgs_D_DXE.pdb  | Keeping ligand: DXE
✔ Cleaned: 5lgs_D_DXE.pdb
🧪 Cleaning 9i1t_D_A01.pdb  | Keeping ligand: A01
✔ Cleaned: 9i1t_D_A01.pdb
🧪 Cleaning 7ppy_B_7ZH.pdb  | Keeping ligand: 7ZH
✔ Cleaned: 7ppy_B_7ZH.pdb
🧪 Cleaning 5lv3_C_LHF.pdb  | Keeping ligand: LHF
✔ Cleaned: 5lv3_C_LHF.pdb
🧪 Cleaning 5dx1_B_SFG.pdb  | Keeping ligand: SFG
✔ Cleaned: 5dx1_B_SFG.pdb
🧪 Cleaning 5isa_D_6D5.pdb  | Keeping ligand: 6D5
✔ Cleaned: 5isa_D_6D5.pdb
🧪 Cleaning 5ntc_A_M2M.pdb  | Keeping ligand: M2M
✔ Cleaned: 5ntc_A_M2M.pdb
🧪 Cleaning 6s77_B_KXW.pdb  | Keeping ligand: KXW
✔ Cleaned: 6s77_B_KXW.pdb
🧪 Cleaning 5lv2_H_LHB.pdb  | Keeping ligand: LHB
✔ Cleaned: 5lv2_H_LHB.pdb
🧪 Cleaning 5k8w_A_DXE.pdb  | Keeping ligand: DXE
✔ Cleaned: 5k8w_A_DXE.pdb
🧪 Cleaning 5ise_C_DXE.pdb  | Keeping ligand: DXE
✔ Cleaned: 5ise_C_DXE.pdb
🧪 Cleaning 5isf_C_M2M.pdb  | Keeping ligand: M2M
✔ Cleaned: 5isf_C_M2M.pdb
🧪 Cleaning 5ntc_C_6L7.pdb  | Keeping ligand: 6L7
✔ Cleaned: 5ntc_C_6L7.pdb
🧪 Cleaning 9i0a_B_A00.pdb  | Keeping ligand: A00
✔ Cleaned: 9i0a_B_A00.pdb
🧪 Cleaning 5dxa_A_SFG.pdb  | Keeping ligand: SFG
✔ Cleaned: 5dxa_A_SFG.pdb
🧪 Cleaning 5lv2_C_SAO.pdb  | Keeping ligand: SAO
✔ Cleaned: 5lv2_C_SAO.pdb
🧪 Cleaning 5k8x_A_6ZH.pdb  | Keeping ligand: 6ZH
✔ Cleaned: 5k8x_A_6ZH.pdb
🧪 Cleaning 5tbj_A_LHD.pdb  | Keeping ligand: LHD
✔ Cleaned: 5tbj_A_LHD.pdb
🧪 Cleaning 5is6_C_SFG.pdb  | Keeping ligand: SFG
✔ Cleaned: 5is6_C_SFG.pdb
🧪 Cleaning 6s7a_A_KY5.pdb  | Keeping ligand: KY5
✔ Cleaned: 6s7a_A_KY5.pdb
🧪 Cleaning 5lgs_E_QVR.pdb  | Keeping ligand: QVR
✔ Cleaned: 5lgs_E_QVR.pdb
📊 Step 5 remaining PDB count after cleaning: 356
🎉 DONE — cleaned=356, dropped=0
[17:53:42] [mem] after 5_PDBcln.py parent=97.8MB delta=+0.2MB combined_peak=170.6MB child_peak=72.9MB
[17:53:42] 🚀 Running 6_SASA.py...
[17:53:42] 🐍 Pipeline Python: /Users/jxs794/miniconda3/envs/warhead/bin/python
[17:53:43] [mem] before 6_SASA.py parent=97.8MB combined=97.8MB
[17:53:43] 🧵 Worker caps for 6_SASA.py: pipeline_max=3 WARHEAD_SQCHK_MAX_WORKERS=3 WARHEAD_PDBMKR_MAX_WORKERS=3 WARHEAD_SASA_MAX_WORKERS=3 WARHEAD_METADATA_MAX_WORKERS=3 WARHEAD_MCS_MAX_WORKERS=3
[17:53:43] ⏱ No-output watchdog for 6_SASA.py: 180s
[17:53:43] [mem] running 6_SASA.py parent=97.8MB child_tree=10.2MB combined=108.0MB
📁 Scanning WARHEAD PDB ROOT: WAR_PDB
📁 Step 6 input root resolved: /Users/jxs794/Documents/warhead-hunter/jobs/s4v4029c/WAR_PDB
🔎 Found 356 PDB files
🧾 Step 6 sample PDBs: ['PRMT4/3b3f_A_SAH.pdb', 'PRMT4/3b3f_B_SAH.pdb', 'PRMT4/3b3f_C_SAH.pdb', 'PRMT4/3b3f_D_SAH.pdb', 'PRMT4/4ikp_A_4IK.pdb', 'PRMT4/4ikp_B_4IK.pdb', 'PRMT4/4ikp_C_4IK.pdb', 'PRMT4/4ikp_D_4IK.pdb', 'PRMT4/5dwq_A_SFG.pdb', 'PRMT4/5dwq_B_SFG.pdb']
🧠 Using max_workers=3 stream_output=True
✅ 3b3f_A_SAH.pdb: 4/26 exposed (0.15)
✅ 3b3f_B_SAH.pdb: 4/26 exposed (0.15)
✅ 3b3f_C_SAH.pdb: 4/26 exposed (0.15)
✅ 3b3f_D_SAH.pdb: 4/26 exposed (0.15)
✅ 4ikp_A_4IK.pdb: 4/28 exposed (0.14)
✅ 4ikp_B_4IK.pdb: 3/28 exposed (0.11)
✅ 4ikp_C_4IK.pdb: 4/28 exposed (0.14)
✅ 4ikp_D_4IK.pdb: 3/28 exposed (0.11)
✅ 5dwq_A_SFG.pdb: 2/27 exposed (0.07)
✅ 5dwq_B_SFG.pdb: 2/27 exposed (0.07)
✅ 5dwq_C_SFG.pdb: 2/27 exposed (0.07)
✅ 5dwq_D_SFG.pdb: 2/27 exposed (0.07)
✅ 5dx0_A_SFG.pdb: 2/27 exposed (0.07)
✅ 5dx0_B_SFG.pdb: 2/27 exposed (0.07)
✅ 5dx0_C_SFG.pdb: 2/27 exposed (0.07)
✅ 5dx0_D_SFG.pdb: 2/27 exposed (0.07)
✅ 5dx1_A_SFG.pdb: 2/27 exposed (0.07)
✅ 5dx1_B_SFG.pdb: 2/27 exposed (0.07)
✅ 5dx1_D_SFG.pdb: 2/27 exposed (0.07)
✅ 5dx1_C_SFG.pdb: 2/27 exposed (0.07)
✅ 5dx8_A_SFG.pdb: 2/27 exposed (0.07)
✅ 5dx8_B_SFG.pdb: 2/27 exposed (0.07)
✅ 5dx8_C_SFG.pdb: 2/27 exposed (0.07)
✅ 5dx8_D_SFG.pdb: 2/27 exposed (0.07)
[17:53:48] [mem] running 6_SASA.py parent=97.8MB child_tree=102.9MB combined=200.7MB
✅ 5dxa_A_SFG.pdb: 2/27 exposed (0.07)
📊 Progress: 25/356
✅ 5dxa_B_SFG.pdb: 2/27 exposed (0.07)
✅ 5dxa_C_SFG.pdb: 2/27 exposed (0.07)
✅ 5dxa_D_SFG.pdb: 2/27 exposed (0.07)
✅ 5dxj_A_SFG.pdb: 2/27 exposed (0.07)
✅ 5dxj_B_SFG.pdb: 2/27 exposed (0.07)
✅ 5dxj_C_SFG.pdb: 2/27 exposed (0.07)
✅ 5dxj_D_SFG.pdb: 2/27 exposed (0.07)
✅ 5ih3_A_SAH.pdb: 3/46 exposed (0.07)
✅ 5ih3_B_DXE.pdb: 22/32 exposed (0.69)
✅ 5ih3_B_PE8.pdb: 41/59 exposed (0.69)
✅ 5ih3_B_SAH.pdb: 3/46 exposed (0.07)
✅ 5ih3_C_DXE.pdb: 25/32 exposed (0.78)
✅ 5ih3_C_SAH.pdb: 2/46 exposed (0.04)
[17:53:53] [mem] running 6_SASA.py parent=97.8MB child_tree=114.7MB combined=212.5MB
✅ 5ih3_D_SAH.pdb: 2/46 exposed (0.04)
✅ 5is6_A_DXE.pdb: 26/32 exposed (0.81)
✅ 5is6_A_SFG.pdb: 3/50 exposed (0.06)
✅ 5is6_B_DXE.pdb: 22/32 exposed (0.69)
✅ 5is6_B_SFG.pdb: 2/50 exposed (0.04)
✅ 5is6_C_DXE.pdb: 10/16 exposed (0.62)
✅ 5is6_C_SFG.pdb: 1/50 exposed (0.02)
✅ 5is6_D_DXE.pdb: 14/16 exposed (0.88)
✅ 5is6_D_SFG.pdb: 2/50 exposed (0.04)
✅ 5is7_A_DSH.pdb: 3/44 exposed (0.07)
[17:53:58] [mem] running 6_SASA.py parent=97.8MB child_tree=113.5MB combined=211.3MB
✅ 5is7_B_DSH.pdb: 4/44 exposed (0.09)
✅ 5is7_C_DSH.pdb: 3/44 exposed (0.07)
📊 Progress: 50/356
✅ 5is7_D_DSH.pdb: 4/44 exposed (0.09)
✅ 5is8_A_6D1.pdb: 6/52 exposed (0.12)
✅ 5is8_B_6D1.pdb: 3/52 exposed (0.06)
✅ 5is8_C_6D1.pdb: 5/52 exposed (0.10)
✅ 5is8_D_SAH.pdb: 5/46 exposed (0.11)
✅ 5is9_A_6D3.pdb: 5/71 exposed (0.07)
✅ 5is9_A_DXE.pdb: 29/32 exposed (0.91)
✅ 5is9_B_6D3.pdb: 3/71 exposed (0.04)
✅ 5is9_B_M2M.pdb: 14/23 exposed (0.61)
[17:54:03] [mem] running 6_SASA.py parent=97.8MB child_tree=116.8MB combined=214.6MB
✅ 5is9_D_6D3.pdb: 6/71 exposed (0.09)
✅ 5is9_C_6D3.pdb: 6/71 exposed (0.09)
✅ 5isa_A_6D5.pdb: 2/57 exposed (0.04)
✅ 5isa_A_DXE.pdb: 10/16 exposed (0.62)
✅ 5isa_B_6D5.pdb: 2/57 exposed (0.04)
✅ 5isa_A_M2M.pdb: 18/23 exposed (0.78)
✅ 5isa_C_6D5.pdb: 2/57 exposed (0.04)
✅ 5isa_C_DXE.pdb: 20/32 exposed (0.62)
[17:54:09] [mem] running 6_SASA.py parent=97.8MB child_tree=116.9MB combined=214.7MB
✅ 5isa_D_6D5.pdb: 4/57 exposed (0.07)
✅ 5isb_A_6CX.pdb: 3/56 exposed (0.05)
✅ 5isb_A_M2M.pdb: 19/23 exposed (0.83)
✅ 5isb_B_6CX.pdb: 3/56 exposed (0.05)
✅ 5isb_C_6CX.pdb: 3/56 exposed (0.05)
✅ 5isb_D_6CX.pdb: 4/56 exposed (0.07)
✅ 5isc_A_SAO.pdb: 4/46 exposed (0.09)
✅ 5isc_B_6D0.pdb: 2/54 exposed (0.04)
📊 Progress: 75/356
✅ 5isc_C_DXE.pdb: 14/16 exposed (0.88)
[17:54:14] [mem] running 6_SASA.py parent=97.8MB child_tree=117.2MB combined=215.0MB
✅ 5isc_C_M2M.pdb: 20/23 exposed (0.87)
✅ 5isc_D_DXE.pdb: 15/16 exposed (0.94)
✅ 5isc_D_6D0.pdb: 3/54 exposed (0.06)
✅ 5isc_C_SAO.pdb: 4/46 exposed (0.09)
✅ 5isd_A_M2M.pdb: 7/23 exposed (0.30)
✅ 5isd_A_SAO.pdb: 3/46 exposed (0.07)
✅ 5isd_B_6CZ.pdb: 7/60 exposed (0.12)
✅ 5isd_C_SAO.pdb: 3/46 exposed (0.07)
✅ 5isd_D_SAO.pdb: 3/46 exposed (0.07)
✅ 5ise_A_6D2.pdb: 3/61 exposed (0.05)
✅ 5ise_A_DXE.pdb: 13/16 exposed (0.81)
✅ 5ise_B_6D2.pdb: 4/61 exposed (0.07)
[17:54:19] [mem] running 6_SASA.py parent=97.8MB child_tree=117.5MB combined=215.3MB
✅ 5ise_B_DXE.pdb: 10/16 exposed (0.62)
✅ 5ise_B_PE8.pdb: 42/59 exposed (0.71)
✅ 5ise_C_6D2.pdb: 3/61 exposed (0.05)
✅ 5ise_C_DXE.pdb: 29/32 exposed (0.91)
✅ 5isf_A_6D4.pdb: 3/55 exposed (0.06)
✅ 5ise_D_6D2.pdb: 5/61 exposed (0.08)
✅ 5isf_A_DXE.pdb: 14/16 exposed (0.88)
✅ 5isf_B_6D4.pdb: 2/55 exposed (0.04)
✅ 5isf_A_M2M.pdb: 15/23 exposed (0.65)
✅ 5isf_B_DXE.pdb: 24/32 exposed (0.75)
[17:54:25] [mem] running 6_SASA.py parent=97.8MB child_tree=118.0MB combined=215.8MB
✅ 5isf_C_DXE.pdb: 13/16 exposed (0.81)
✅ 5isf_C_SAO.pdb: 3/46 exposed (0.07)
📊 Progress: 100/356
✅ 5isf_C_M2M.pdb: 14/23 exposed (0.61)
✅ 5isf_D_6D4.pdb: 3/55 exposed (0.06)
✅ 5isg_A_DXE.pdb: 27/32 exposed (0.84)
✅ 5isg_A_6D6.pdb: 2/57 exposed (0.04)
✅ 5isg_A_M2M.pdb: 14/23 exposed (0.61)
✅ 5isg_A_PG6.pdb: 40/44 exposed (0.91)
✅ 5isg_B_6D6.pdb: 4/57 exposed (0.07)
[17:54:30] [mem] running 6_SASA.py parent=97.8MB child_tree=118.5MB combined=216.3MB
✅ 5isg_B_DXE.pdb: 12/16 exposed (0.75)
✅ 5isg_C_6D6.pdb: 2/57 exposed (0.04)
✅ 5isg_D_6D6.pdb: 4/57 exposed (0.07)
✅ 5ish_A_DXE.pdb: 13/16 exposed (0.81)
✅ 5ish_A_765.pdb: 2/51 exposed (0.04)
✅ 5ish_A_M2M.pdb: 14/23 exposed (0.61)
✅ 5ish_B_765.pdb: 4/51 exposed (0.08)
✅ 5ish_C_765.pdb: 2/51 exposed (0.04)
✅ 5ish_C_DXE.pdb: 52/64 exposed (0.81)
[17:54:36] [mem] running 6_SASA.py parent=97.8MB child_tree=118.6MB combined=216.4MB
✅ 5isi_A_5N5.pdb: 3/33 exposed (0.09)
✅ 5ish_D_765.pdb: 3/51 exposed (0.06)
✅ 5ish_D_DXE.pdb: 9/16 exposed (0.56)
✅ 5isi_A_DXE.pdb: 9/16 exposed (0.56)
✅ 5isi_B_5N5.pdb: 4/33 exposed (0.12)
✅ 5isi_C_5N5.pdb: 2/33 exposed (0.06)
✅ 5isi_C_DXE.pdb: 10/16 exposed (0.62)
✅ 5k8v_A_6RE.pdb: 6/42 exposed (0.14)
✅ 5isi_D_5N5.pdb: 4/33 exposed (0.12)
📊 Progress: 125/356
✅ 5k8v_A_DXE.pdb: 11/16 exposed (0.69)
✅ 5k8v_B_PG6.pdb: 33/44 exposed (0.75)
[17:54:41] [mem] running 6_SASA.py parent=97.9MB child_tree=118.7MB combined=216.6MB
✅ 5k8v_B_6RE.pdb: 6/42 exposed (0.14)
✅ 5k8v_C_6RE.pdb: 6/42 exposed (0.14)
✅ 5k8v_D_6RE.pdb: 7/42 exposed (0.17)
✅ 5k8w_A_DXE.pdb: 24/32 exposed (0.75)
✅ 5k8w_A_GJV.pdb: 5/45 exposed (0.11)
✅ 5k8w_B_GJV.pdb: 5/45 exposed (0.11)
✅ 5k8w_C_DXE.pdb: 39/48 exposed (0.81)
✅ 5k8w_C_GJV.pdb: 6/45 exposed (0.13)
✅ 5k8w_D_DXE.pdb: 13/16 exposed (0.81)
✅ 5k8w_D_GJV.pdb: 5/45 exposed (0.11)
✅ 5k8x_A_6ZH.pdb: 4/43 exposed (0.09)
✅ 5k8x_A_PE8.pdb: 54/59 exposed (0.92)
[17:54:46] [mem] running 6_SASA.py parent=97.9MB child_tree=118.9MB combined=216.8MB
✅ 5k8x_B_6ZH.pdb: 5/43 exposed (0.12)
✅ 5k8x_B_DXE.pdb: 22/32 exposed (0.69)
✅ 5k8x_C_6ZH.pdb: 4/43 exposed (0.09)
✅ 5k8x_C_DXE.pdb: 37/48 exposed (0.77)
✅ 5k8x_C_M2M.pdb: 11/23 exposed (0.48)
✅ 5k8x_D_6ZH.pdb: 5/43 exposed (0.12)
✅ 5k8x_D_DXE.pdb: 11/16 exposed (0.69)
✅ 5lgq_A_DXE.pdb: 13/16 exposed (0.81)
✅ 5lgq_E_8ZB.pdb: 30/36 exposed (0.83)
✅ 5lgq_F_8ZB.pdb: 28/36 exposed (0.78)
✅ 5lgq_A_PG6.pdb: 39/44 exposed (0.89)
📊 Progress: 150/356
✅ 5lgq_G_8ZB.pdb: 29/36 exposed (0.81)
✅ 5lgq_H_8ZB.pdb: 30/36 exposed (0.83)
✅ 5lgr_E_LPD.pdb: 15/17 exposed (0.88)
[17:54:52] [mem] running 6_SASA.py parent=97.9MB child_tree=119.0MB combined=216.9MB
✅ 5lgr_A_DXE.pdb: 16/16 exposed (1.00)
✅ 5lgr_E_QVR.pdb: 31/34 exposed (0.91)
✅ 5lgr_B_PG6.pdb: 37/44 exposed (0.84)
✅ 5lgr_F_LPD.pdb: 14/17 exposed (0.82)
✅ 5lgr_F_QVR.pdb: 29/34 exposed (0.85)
✅ 5lgr_G_LPD.pdb: 14/17 exposed (0.82)
✅ 5lgr_G_QVR.pdb: 29/34 exposed (0.85)
✅ 5lgr_H_LPD.pdb: 14/17 exposed (0.82)
✅ 5lgr_H_QVR.pdb: 29/34 exposed (0.85)
✅ 5lgs_A_DXE.pdb: 13/16 exposed (0.81)
✅ 5lgs_B_DXE.pdb: 14/16 exposed (0.88)
✅ 5lgs_D_DXE.pdb: 14/16 exposed (0.88)
✅ 5lgs_E_QVR.pdb: 31/34 exposed (0.91)
✅ 5lgs_F_QVR.pdb: 29/34 exposed (0.85)
✅ 5lgs_G_QVR.pdb: 29/34 exposed (0.85)
✅ 5lgs_H_QVR.pdb: 29/34 exposed (0.85)
✅ 5lkj_A_6YB.pdb: 3/59 exposed (0.05)
✅ 5lkj_A_DXE.pdb: 35/48 exposed (0.73)
✅ 5lkj_B_6YB.pdb: 3/59 exposed (0.05)
✅ 5lkj_B_DXE.pdb: 25/32 exposed (0.78)
✅ 5lkj_B_P33.pdb: 40/52 exposed (0.77)
[17:54:57] [mem] running 6_SASA.py parent=97.9MB child_tree=119.1MB combined=217.0MB
✅ 5lkj_C_6YB.pdb: 3/59 exposed (0.05)
📊 Progress: 175/356
✅ 5lkj_D_6YB.pdb: 3/59 exposed (0.05)
✅ 5lv2_A_SAO.pdb: 3/46 exposed (0.07)
✅ 5lv2_B_LHB.pdb: 8/54 exposed (0.15)
✅ 5lv2_C_DXE.pdb: 5/16 exposed (0.31)
✅ 5lv2_C_M2M.pdb: 12/23 exposed (0.52)
✅ 5lv2_C_SAO.pdb: 3/46 exposed (0.07)
✅ 5lv2_D_LHB.pdb: 11/54 exposed (0.20)
[17:55:02] [mem] running 6_SASA.py parent=97.9MB child_tree=119.1MB combined=217.0MB
✅ 5lv2_E_M2M.pdb: 14/23 exposed (0.61)
✅ 5lv2_E_SAO.pdb: 3/46 exposed (0.07)
✅ 5lv2_F_LHB.pdb: 7/54 exposed (0.13)
✅ 5lv2_G_SAO.pdb: 3/46 exposed (0.07)
✅ 5lv2_H_LHB.pdb: 9/54 exposed (0.17)
✅ 5lv3_A_SAH.pdb: 3/45 exposed (0.07)
✅ 5lv3_B_LHF.pdb: 12/66 exposed (0.18)
✅ 5lv3_D_SAH.pdb: 3/45 exposed (0.07)
[17:55:07] [mem] running 6_SASA.py parent=97.9MB child_tree=119.1MB combined=217.0MB
✅ 5lv3_C_LHF.pdb: 15/67 exposed (0.22)
✅ 5ntc_A_DXE.pdb: 14/16 exposed (0.88)
✅ 5ntc_A_6L7.pdb: 6/57 exposed (0.10)
✅ 5ntc_A_M2M.pdb: 16/23 exposed (0.70)
✅ 5ntc_B_6L7.pdb: 5/57 exposed (0.09)
✅ 5ntc_C_DXE.pdb: 14/16 exposed (0.88)
✅ 5ntc_C_6L7.pdb: 6/57 exposed (0.10)
✅ 5ntc_D_6L7.pdb: 4/57 exposed (0.07)
✅ 5tbh_A_M2M.pdb: 12/23 exposed (0.52)
✅ 5tbh_A_SAO.pdb: 3/46 exposed (0.07)
📊 Progress: 200/356
✅ 5tbh_B_78K.pdb: 3/68 exposed (0.04)
✅ 5tbh_C_SAO.pdb: 3/46 exposed (0.07)
✅ 5tbh_D_78K.pdb: 4/68 exposed (0.06)
[17:55:13] [mem] running 6_SASA.py parent=97.9MB child_tree=119.3MB combined=217.2MB
✅ 5tbi_A_SAO.pdb: 3/46 exposed (0.07)
✅ 5tbi_B_78V.pdb: 5/57 exposed (0.09)
✅ 5tbi_B_PE8.pdb: 43/59 exposed (0.73)
✅ 5tbi_C_SAO.pdb: 3/46 exposed (0.07)
✅ 5tbi_D_78V.pdb: 9/57 exposed (0.16)
✅ 5tbj_A_DXE.pdb: 13/16 exposed (0.81)
✅ 5tbj_A_LHD.pdb: 8/58 exposed (0.14)
✅ 5tbj_B_PG6.pdb: 33/44 exposed (0.75)
✅ 5tbj_B_LHD.pdb: 10/58 exposed (0.17)
✅ 5tbj_C_LHD.pdb: 7/58 exposed (0.12)
✅ 5u4x_A_7VM.pdb: 12/34 exposed (0.35)
[17:55:18] [mem] running 6_SASA.py parent=97.9MB child_tree=119.3MB combined=217.2MB
✅ 5tbj_D_LHD.pdb: 8/58 exposed (0.14)
✅ 5u4x_A_SAH.pdb: 4/26 exposed (0.15)
✅ 5u4x_B_7VM.pdb: 12/34 exposed (0.35)
✅ 5u4x_B_SAH.pdb: 4/26 exposed (0.15)
✅ 5u4x_C_7VM.pdb: 14/34 exposed (0.41)
✅ 5u4x_C_SAH.pdb: 4/26 exposed (0.15)
✅ 5u4x_D_7VM.pdb: 12/34 exposed (0.35)
✅ 5u4x_D_SAH.pdb: 4/26 exposed (0.15)
✅ 6arj_A_BW4.pdb: 22/41 exposed (0.54)
✅ 6arj_A_SAH.pdb: 3/26 exposed (0.12)
✅ 6arj_B_BW4.pdb: 23/41 exposed (0.56)
📊 Progress: 225/356
✅ 6arj_B_SAH.pdb: 3/26 exposed (0.12)
✅ 6arj_C_BW4.pdb: 23/41 exposed (0.56)
✅ 6arj_C_SAH.pdb: 2/26 exposed (0.08)
✅ 6arj_D_BW4.pdb: 22/41 exposed (0.54)
✅ 6arj_D_SAH.pdb: 2/26 exposed (0.08)
✅ 6arv_A_BW7.pdb: 16/30 exposed (0.53)
✅ 6arv_A_SAH.pdb: 3/26 exposed (0.12)
✅ 6arv_B_BW7.pdb: 17/30 exposed (0.57)
✅ 6arv_B_SAH.pdb: 3/26 exposed (0.12)
✅ 6arv_C_BW7.pdb: 18/30 exposed (0.60)
✅ 6arv_C_SAH.pdb: 2/26 exposed (0.08)
✅ 6arv_D_BW7.pdb: 15/30 exposed (0.50)
✅ 6arv_D_SAH.pdb: 2/26 exposed (0.08)
✅ 6d2l_A_FTG.pdb: 11/44 exposed (0.25)
✅ 6d2l_B_FTG.pdb: 12/44 exposed (0.27)
✅ 6d2l_C_FTG.pdb: 10/39 exposed (0.26)
[17:55:24] [mem] running 6_SASA.py parent=97.9MB child_tree=119.5MB combined=217.4MB
✅ 6d2l_D_FTG.pdb: 14/44 exposed (0.32)
✅ 6d2l_E_FTG.pdb: 10/38 exposed (0.26)
✅ 6d2l_F_FTG.pdb: 14/44 exposed (0.32)
✅ 6dvr_A_HDG.pdb: 17/45 exposed (0.38)
✅ 6dvr_A_P15.pdb: 15/19 exposed (0.79)
✅ 6dvr_B_HDG.pdb: 15/45 exposed (0.33)
✅ 6dvr_B_P15.pdb: 12/14 exposed (0.86)
✅ 6izq_A_XJ2.pdb: 7/17 exposed (0.41)
✅ 6s70_A_KYB.pdb: 6/32 exposed (0.19)
📊 Progress: 250/356
✅ 6s70_B_KYB.pdb: 5/32 exposed (0.16)
✅ 6s70_C_KYB.pdb: 5/32 exposed (0.16)
✅ 6s70_D_KYB.pdb: 7/32 exposed (0.22)
✅ 6s71_A_KYE.pdb: 3/35 exposed (0.09)
✅ 6s71_B_KYE.pdb: 4/35 exposed (0.11)
✅ 6s71_C_KYE.pdb: 6/35 exposed (0.17)
✅ 6s71_D_KYE.pdb: 4/35 exposed (0.11)
✅ 6s74_A_KY8.pdb: 8/33 exposed (0.24)
✅ 6s74_B_KY8.pdb: 3/33 exposed (0.09)
✅ 6s74_C_KY8.pdb: 8/33 exposed (0.24)
✅ 6s74_D_KY8.pdb: 7/33 exposed (0.21)
✅ 6s77_A_KXW.pdb: 6/36 exposed (0.17)
✅ 6s77_B_KXW.pdb: 6/36 exposed (0.17)
✅ 6s77_D_KXW.pdb: 6/36 exposed (0.17)
✅ 6s77_C_KXW.pdb: 7/36 exposed (0.19)
✅ 6s79_A_KXW.pdb: 9/36 exposed (0.25)
✅ 6s79_B_KXW.pdb: 6/36 exposed (0.17)
✅ 6s79_C_KXW.pdb: 8/36 exposed (0.22)
✅ 6s79_D_KXW.pdb: 6/36 exposed (0.17)
✅ 6s7a_A_KY5.pdb: 4/33 exposed (0.12)
[17:55:29] [mem] running 6_SASA.py parent=97.9MB child_tree=119.7MB combined=217.6MB
✅ 6s7a_B_KY5.pdb: 2/33 exposed (0.06)
✅ 6s7a_C_KY5.pdb: 3/33 exposed (0.09)
✅ 6s7a_D_KY5.pdb: 9/33 exposed (0.27)
✅ 6s7b_A_KYH.pdb: 6/31 exposed (0.19)
✅ 6s7b_B_KYH.pdb: 6/31 exposed (0.19)
📊 Progress: 275/356
✅ 6s7b_C_KYH.pdb: 7/31 exposed (0.23)
✅ 6s7b_D_KYH.pdb: 7/31 exposed (0.23)
✅ 6s7c_A_KY2.pdb: 4/30 exposed (0.13)
✅ 6s7c_B_KY2.pdb: 2/30 exposed (0.07)
✅ 6s7c_C_KY2.pdb: 5/30 exposed (0.17)
✅ 6s7c_D_KY2.pdb: 4/30 exposed (0.13)
✅ 7fai_A_XJ3.pdb: 21/33 exposed (0.64)
✅ 7fai_B_XJ3.pdb: 16/33 exposed (0.48)
✅ 7fai_C_XJ3.pdb: 19/33 exposed (0.58)
✅ 7fai_D_XJ3.pdb: 19/33 exposed (0.58)
✅ 7faj_A_XJ4.pdb: 19/33 exposed (0.58)
✅ 7faj_B_XJ4.pdb: 19/33 exposed (0.58)
✅ 7faj_C_XJ4.pdb: 17/33 exposed (0.52)
✅ 7faj_D_XJ4.pdb: 19/33 exposed (0.58)
✅ 7okp_E_QVR.pdb: 29/34 exposed (0.85)
✅ 7okp_F_QVR.pdb: 29/34 exposed (0.85)
✅ 7okp_G_QVR.pdb: 28/34 exposed (0.82)
✅ 7okp_H_QVR.pdb: 29/34 exposed (0.85)
✅ 7os4_E_QVR.pdb: 19/20 exposed (0.95)
✅ 7os4_F_QVR.pdb: 19/20 exposed (0.95)
✅ 7os4_G_QVR.pdb: 19/20 exposed (0.95)
✅ 7os4_H_QVR.pdb: 19/20 exposed (0.95)
✅ 7ppq_B_LSK.pdb: 25/82 exposed (0.30)
✅ 7ppq_A_LSK.pdb: 23/82 exposed (0.28)
[17:55:35] [mem] running 6_SASA.py parent=97.9MB child_tree=119.9MB combined=217.8MB
✅ 7ppq_C_LSK.pdb: 19/82 exposed (0.23)
📊 Progress: 300/356
✅ 7ppq_D_LSK.pdb: 24/82 exposed (0.29)
✅ 7ppy_A_7ZH.pdb: 23/79 exposed (0.29)
✅ 7ppy_B_7ZH.pdb: 24/79 exposed (0.30)
✅ 7ppy_D_7ZH.pdb: 26/79 exposed (0.33)
✅ 7ppy_C_7ZH.pdb: 23/79 exposed (0.29)
✅ 7pu8_A_4R7.pdb: 27/82 exposed (0.33)
✅ 7pu8_B_4R7.pdb: 28/82 exposed (0.34)
✅ 7pu8_C_4R7.pdb: 27/82 exposed (0.33)
✅ 7pu8_D_4R7.pdb: 27/82 exposed (0.33)
✅ 7puc_A_85U.pdb: 28/83 exposed (0.34)
[17:55:41] [mem] running 6_SASA.py parent=97.9MB child_tree=120.2MB combined=218.1MB
✅ 7puc_C_85U.pdb: 31/83 exposed (0.37)
✅ 7puc_B_85U.pdb: 27/83 exposed (0.33)
✅ 7puc_D_85U.pdb: 28/83 exposed (0.34)
✅ 7puq_A_867.pdb: 26/85 exposed (0.31)
✅ 7puq_B_867.pdb: 29/85 exposed (0.34)
✅ 7puq_C_867.pdb: 23/85 exposed (0.27)
✅ 7puq_D_867.pdb: 25/85 exposed (0.29)
✅ 7pv6_A_LRZ.pdb: 21/76 exposed (0.28)
✅ 7pv6_B_LRZ.pdb: 22/76 exposed (0.29)
✅ 7qph_E_QVR.pdb: 29/34 exposed (0.85)
✅ 7pv6_C_LRZ.pdb: 23/76 exposed (0.30)
✅ 7pv6_D_LRZ.pdb: 25/76 exposed (0.33)
✅ 7qph_F_QVR.pdb: 28/34 exposed (0.82)
✅ 7qph_G_QVR.pdb: 28/34 exposed (0.82)
✅ 7qph_H_QVR.pdb: 29/34 exposed (0.85)
📊 Progress: 325/356
✅ 7qrd_L_QVR.pdb: 30/34 exposed (0.88)
[17:55:47] [mem] running 6_SASA.py parent=97.9MB child_tree=120.3MB combined=218.2MB
✅ 7qrd_M_QVR.pdb: 31/34 exposed (0.91)
✅ 7qrd_B_SAH.pdb: 3/45 exposed (0.07)
✅ 7qrd_D_SAH.pdb: 3/45 exposed (0.07)
✅ 7u9i_A_44T.pdb: 12/33 exposed (0.36)
✅ 8g2h_A_YVU.pdb: 4/32 exposed (0.12)
✅ 7u9i_B_44T.pdb: 14/33 exposed (0.42)
✅ 8g2i_A_I0B.pdb: 12/46 exposed (0.26)
✅ 8sig_A_GWU.pdb: 5/36 exposed (0.14)
✅ 8sih_A_I1K.pdb: 7/44 exposed (0.16)
✅ 8uqh_A_X9L.pdb: 8/30 exposed (0.27)
✅ 8uqh_B_X9L.pdb: 10/30 exposed (0.33)
✅ 8uqh_C_X9L.pdb: 10/30 exposed (0.33)
✅ 8uqh_D_X9L.pdb: 11/30 exposed (0.37)
✅ 9i0a_A_A00.pdb: 22/93 exposed (0.24)
✅ 9i0a_B_A00.pdb: 21/93 exposed (0.23)
✅ 9i0a_C_A00.pdb: 20/93 exposed (0.21)
✅ 9i0a_D_A00.pdb: 24/93 exposed (0.26)
✅ 9i1t_A_A01.pdb: 26/90 exposed (0.29)
✅ 9i1t_B_A01.pdb: 21/90 exposed (0.23)
[17:55:52] [mem] running 6_SASA.py parent=97.9MB child_tree=120.4MB combined=218.3MB
✅ 9i1t_C_A01.pdb: 20/90 exposed (0.22)
✅ 9i1t_D_A01.pdb: 20/90 exposed (0.22)
✅ 9i9u_A_A02.pdb: 14/93 exposed (0.15)
✅ 9i9u_B_A02.pdb: 22/93 exposed (0.24)
✅ 9i9u_C_A02.pdb: 19/93 exposed (0.20)
📊 Progress: 350/356
✅ 9i9u_D_A02.pdb: 24/93 exposed (0.26)
✅ 9o37_A_A03.pdb: 14/50 exposed (0.28)
✅ 9o6h_A_A04.pdb: 14/37 exposed (0.38)
✅ 9o6h_B_A04.pdb: 17/37 exposed (0.46)
✅ 9o6h_C_A04.pdb: 16/37 exposed (0.43)
✅ 9o6h_D_A04.pdb: 16/37 exposed (0.43)
🎉 WARHEAD SASA COMPLETE
[17:55:56] [mem] after 6_SASA.py parent=97.9MB delta=+0.1MB combined_peak=218.3MB child_peak=120.4MB
[17:55:56] 🚀 Running 7_metadata.py...
[17:55:56] 🐍 Pipeline Python: /Users/jxs794/miniconda3/envs/warhead/bin/python
[17:55:56] [mem] before 7_metadata.py parent=97.9MB combined=97.9MB
[17:55:56] 🧵 Worker caps for 7_metadata.py: pipeline_max=3 WARHEAD_SQCHK_MAX_WORKERS=3 WARHEAD_PDBMKR_MAX_WORKERS=3 WARHEAD_SASA_MAX_WORKERS=3 WARHEAD_METADATA_MAX_WORKERS=3 WARHEAD_MCS_MAX_WORKERS=3
[17:55:56] ⏱ No-output watchdog for 7_metadata.py: 180s
[17:55:56] [mem] running 7_metadata.py parent=97.9MB child_tree=11.3MB combined=109.2MB
📂 Using SMILES file: components-smiles-stereo-oe.smi
🧬 Loaded 49558 SMILES entries.
🔎 Sample SMILES keys: ['000', '001', '002', '003', '004', '005', '006', '007', '008', '009', '00A', '00B', '00C', '00D', '00E']
🤖 AUTO MODE: Warhead_SASA_summary.csv
📥 Loaded SASA table.
📊 Step 7 input row count: 356
🧾 Step 7 input columns: ['Target', 'pdb_id', 'Warhead', 'Residue_ID', 'Variant', 'Total_atoms', 'Exposed_atoms', 'SASA_in_complex_A2', '%Exposed', '%Buried']
🧭 5CharMAP loaded: 5 (pdb,ligX)->lig5 mappings
🧭 5CharMAP loaded: 5 (pdb,lig3)->lig5 mappings
🔗 WAR_PDB chain map built: 128 (pdb,ligX) groups
🔬 BEGIN RESOLUTION TRACE
--------------------------------------------------
Row 0
  PDB: 3b3f
  Warhead (input): SAH
  Warhead_5 (if mapped): (blank)
  SMILES lookup key: SAH
  SMILES found? YES
--------------------------------------------------
Row 1
  PDB: 3b3f
  Warhead (input): SAH
  Warhead_5 (if mapped): (blank)
  SMILES lookup key: SAH
  SMILES found? YES
--------------------------------------------------
Row 2
  PDB: 3b3f
  Warhead (input): SAH
  Warhead_5 (if mapped): (blank)
  SMILES lookup key: SAH
  SMILES found? YES
--------------------------------------------------
Row 3
  PDB: 3b3f
  Warhead (input): SAH
  Warhead_5 (if mapped): (blank)
  SMILES lookup key: SAH
  SMILES found? YES
--------------------------------------------------
Row 4
  PDB: 4ikp
  Warhead (input): 4IK
  Warhead_5 (if mapped): (blank)
  SMILES lookup key: 4IK
  SMILES found? YES
--------------------------------------------------
Row 5
  PDB: 4ikp
  Warhead (input): 4IK
  Warhead_5 (if mapped): (blank)
  SMILES lookup key: 4IK
  SMILES found? YES
--------------------------------------------------
Row 6
  PDB: 4ikp
  Warhead (input): 4IK
  Warhead_5 (if mapped): (blank)
  SMILES lookup key: 4IK
  SMILES found? YES
--------------------------------------------------
Row 7
  PDB: 4ikp
  Warhead (input): 4IK
  Warhead_5 (if mapped): (blank)
  SMILES lookup key: 4IK
  SMILES found? YES
--------------------------------------------------
Row 8
  PDB: 5dwq
  Warhead (input): SFG
  Warhead_5 (if mapped): (blank)
  SMILES lookup key: SFG
  SMILES found? YES
--------------------------------------------------
Row 9
  PDB: 5dwq
  Warhead (input): SFG
  Warhead_5 (if mapped): (blank)
  SMILES lookup key: SFG
  SMILES found? YES
--------------------------------------------------
Row 10
  PDB: 5dwq
  Warhead (input): SFG
  Warhead_5 (if mapped): (blank)
  SMILES lookup key: SFG
  SMILES found? YES
--------------------------------------------------
Row 11
  PDB: 5dwq
  Warhead (input): SFG
  Warhead_5 (if mapped): (blank)
  SMILES lookup key: SFG
  SMILES found? YES
--------------------------------------------------
Row 12
  PDB: 5dx0
  Warhead (input): SFG
  Warhead_5 (if mapped): (blank)
  SMILES lookup key: SFG
  SMILES found? YES
--------------------------------------------------
Row 13
  PDB: 5dx0
  Warhead (input): SFG
  Warhead_5 (if mapped): (blank)
  SMILES lookup key: SFG
  SMILES found? YES
--------------------------------------------------
Row 14
  PDB: 5dx0
  Warhead (input): SFG
  Warhead_5 (if mapped): (blank)
  SMILES lookup key: SFG
  SMILES found? YES
--------------------------------------------------
Row 15
  PDB: 5dx0
  Warhead (input): SFG
  Warhead_5 (if mapped): (blank)
  SMILES lookup key: SFG
  SMILES found? YES
--------------------------------------------------
Row 16
  PDB: 5dx1
  Warhead (input): SFG
  Warhead_5 (if mapped): (blank)
  SMILES lookup key: SFG
  SMILES found? YES
--------------------------------------------------
Row 17
  PDB: 5dx1
  Warhead (input): SFG
  Warhead_5 (if mapped): (blank)
  SMILES lookup key: SFG
  SMILES found? YES
--------------------------------------------------
Row 18
  PDB: 5dx1
  Warhead (input): SFG
  Warhead_5 (if mapped): (blank)
  SMILES lookup key: SFG
  SMILES found? YES
--------------------------------------------------
Row 19
  PDB: 5dx1
  Warhead (input): SFG
  Warhead_5 (if mapped): (blank)
  SMILES lookup key: SFG
  SMILES found? YES
--------------------------------------------------
Row 20
  PDB: 5dx8
  Warhead (input): SFG
  Warhead_5 (if mapped): (blank)
  SMILES lookup key: SFG
  SMILES found? YES
--------------------------------------------------
Row 21
  PDB: 5dx8
  Warhead (input): SFG
  Warhead_5 (if mapped): (blank)
  SMILES lookup key: SFG
  SMILES found? YES
--------------------------------------------------
Row 22
  PDB: 5dx8
  Warhead (input): SFG
  Warhead_5 (if mapped): (blank)
  SMILES lookup key: SFG
  SMILES found? YES
--------------------------------------------------
Row 23
  PDB: 5dx8
  Warhead (input): SFG
  Warhead_5 (if mapped): (blank)
  SMILES lookup key: SFG
  SMILES found? YES
--------------------------------------------------
Row 24
  PDB: 5dxa
  Warhead (input): SFG
  Warhead_5 (if mapped): (blank)
  SMILES lookup key: SFG
  SMILES found? YES
--------------------------------------------------
Row 25
  PDB: 5dxa
  Warhead (input): SFG
  Warhead_5 (if mapped): (blank)
  SMILES lookup key: SFG
  SMILES found? YES
--------------------------------------------------
Row 26
  PDB: 5dxa
  Warhead (input): SFG
  Warhead_5 (if mapped): (blank)
  SMILES lookup key: SFG
  SMILES found? YES
--------------------------------------------------
Row 27
  PDB: 5dxa
  Warhead (input): SFG
  Warhead_5 (if mapped): (blank)
  SMILES lookup key: SFG
  SMILES found? YES
--------------------------------------------------
Row 28
  PDB: 5dxj
  Warhead (input): SFG
  Warhead_5 (if mapped): (blank)
  SMILES lookup key: SFG
  SMILES found? YES
--------------------------------------------------
Row 29
  PDB: 5dxj
  Warhead (input): SFG
  Warhead_5 (if mapped): (blank)
  SMILES lookup key: SFG
  SMILES found? YES
--------------------------------------------------
Row 30
  PDB: 5dxj
  Warhead (input): SFG
  Warhead_5 (if mapped): (blank)
  SMILES lookup key: SFG
  SMILES found? YES
--------------------------------------------------
Row 31
  PDB: 5dxj
  Warhead (input): SFG
  Warhead_5 (if mapped): (blank)
  SMILES lookup key: SFG
  SMILES found? YES
--------------------------------------------------
Row 32
  PDB: 5ih3
  Warhead (input): SAH
  Warhead_5 (if mapped): (blank)
  SMILES lookup key: SAH
  SMILES found? YES
--------------------------------------------------
Row 33
  PDB: 5ih3
  Warhead (input): DXE
  Warhead_5 (if mapped): (blank)
  SMILES lookup key: DXE
  SMILES found? YES
--------------------------------------------------
Row 34
  PDB: 5ih3
  Warhead (input): PE8
  Warhead_5 (if mapped): (blank)
  SMILES lookup key: PE8
  SMILES found? YES
--------------------------------------------------
Row 35
  PDB: 5ih3
  Warhead (input): SAH
  Warhead_5 (if mapped): (blank)
  SMILES lookup key: SAH
  SMILES found? YES
--------------------------------------------------
Row 36
  PDB: 5ih3
  Warhead (input): DXE
  Warhead_5 (if mapped): (blank)
  SMILES lookup key: DXE
  SMILES found? YES
--------------------------------------------------
Row 37
  PDB: 5ih3
  Warhead (input): SAH
  Warhead_5 (if mapped): (blank)
  SMILES lookup key: SAH
  SMILES found? YES
--------------------------------------------------
Row 38
  PDB: 5ih3
  Warhead (input): SAH
  Warhead_5 (if mapped): (blank)
  SMILES lookup key: SAH
  SMILES found? YES
--------------------------------------------------
Row 39
  PDB: 5is6
  Warhead (input): DXE
  Warhead_5 (if mapped): (blank)
  SMILES lookup key: DXE
  SMILES found? YES
--------------------------------------------------
Row 40
  PDB: 5is6
  Warhead (input): SFG
  Warhead_5 (if mapped): (blank)
  SMILES lookup key: SFG
  SMILES found? YES
--------------------------------------------------
Row 41
  PDB: 5is6
  Warhead (input): DXE
  Warhead_5 (if mapped): (blank)
  SMILES lookup key: DXE
  SMILES found? YES
--------------------------------------------------
Row 42
  PDB: 5is6
  Warhead (input): SFG
  Warhead_5 (if mapped): (blank)
  SMILES lookup key: SFG
  SMILES found? YES
--------------------------------------------------
Row 43
  PDB: 5is6
  Warhead (input): DXE
  Warhead_5 (if mapped): (blank)
  SMILES lookup key: DXE
  SMILES found? YES
--------------------------------------------------
Row 44
  PDB: 5is6
  Warhead (input): SFG
  Warhead_5 (if mapped): (blank)
  SMILES lookup key: SFG
  SMILES found? YES
--------------------------------------------------
Row 45
  PDB: 5is6
  Warhead (input): DXE
  Warhead_5 (if mapped): (blank)
  SMILES lookup key: DXE
  SMILES found? YES
--------------------------------------------------
Row 46
  PDB: 5is6
  Warhead (input): SFG
  Warhead_5 (if mapped): (blank)
  SMILES lookup key: SFG
  SMILES found? YES
--------------------------------------------------
Row 47
  PDB: 5is7
  Warhead (input): DSH
  Warhead_5 (if mapped): (blank)
  SMILES lookup key: DSH
  SMILES found? YES
--------------------------------------------------
Row 48
  PDB: 5is7
  Warhead (input): DSH
  Warhead_5 (if mapped): (blank)
  SMILES lookup key: DSH
  SMILES found? YES
--------------------------------------------------
Row 49
  PDB: 5is7
  Warhead (input): DSH
  Warhead_5 (if mapped): (blank)
  SMILES lookup key: DSH
  SMILES found? YES
--------------------------------------------------
Row 50
  PDB: 5is7
  Warhead (input): DSH
  Warhead_5 (if mapped): (blank)
  SMILES lookup key: DSH
  SMILES found? YES
--------------------------------------------------
Row 51
  PDB: 5is8
  Warhead (input): 6D1
  Warhead_5 (if mapped): (blank)
  SMILES lookup key: 6D1
  SMILES found? YES
--------------------------------------------------
Row 52
  PDB: 5is8
  Warhead (input): 6D1
  Warhead_5 (if mapped): (blank)
  SMILES lookup key: 6D1
  SMILES found? YES
--------------------------------------------------
Row 53
  PDB: 5is8
  Warhead (input): 6D1
  Warhead_5 (if mapped): (blank)
  SMILES lookup key: 6D1
  SMILES found? YES
--------------------------------------------------
Row 54
  PDB: 5is8
  Warhead (input): SAH
  Warhead_5 (if mapped): (blank)
  SMILES lookup key: SAH
  SMILES found? YES
--------------------------------------------------
Row 55
  PDB: 5is9
  Warhead (input): 6D3
  Warhead_5 (if mapped): (blank)
  SMILES lookup key: 6D3
  SMILES found? YES
--------------------------------------------------
Row 56
  PDB: 5is9
  Warhead (input): DXE
  Warhead_5 (if mapped): (blank)
  SMILES lookup key: DXE
  SMILES found? YES
--------------------------------------------------
Row 57
  PDB: 5is9
  Warhead (input): 6D3
  Warhead_5 (if mapped): (blank)
  SMILES lookup key: 6D3
  SMILES found? YES
--------------------------------------------------
Row 58
  PDB: 5is9
  Warhead (input): M2M
  Warhead_5 (if mapped): (blank)
  SMILES lookup key: M2M
  SMILES found? YES
--------------------------------------------------
Row 59
  PDB: 5is9
  Warhead (input): 6D3
  Warhead_5 (if mapped): (blank)
  SMILES lookup key: 6D3
  SMILES found? YES
--------------------------------------------------
Row 60
  PDB: 5is9
  Warhead (input): 6D3
  Warhead_5 (if mapped): (blank)
  SMILES lookup key: 6D3
  SMILES found? YES
--------------------------------------------------
Row 61
  PDB: 5isa
  Warhead (input): 6D5
  Warhead_5 (if mapped): (blank)
  SMILES lookup key: 6D5
  SMILES found? YES
--------------------------------------------------
Row 62
  PDB: 5isa
  Warhead (input): DXE
  Warhead_5 (if mapped): (blank)
  SMILES lookup key: DXE
  SMILES found? YES
--------------------------------------------------
Row 63
  PDB: 5isa
  Warhead (input): 6D5
  Warhead_5 (if mapped): (blank)
  SMILES lookup key: 6D5
  SMILES found? YES
--------------------------------------------------
Row 64
  PDB: 5isa
  Warhead (input): M2M
  Warhead_5 (if mapped): (blank)
  SMILES lookup key: M2M
  SMILES found? YES
--------------------------------------------------
Row 65
  PDB: 5isa
  Warhead (input): 6D5
  Warhead_5 (if mapped): (blank)
  SMILES lookup key: 6D5
  SMILES found? YES
--------------------------------------------------
Row 66
  PDB: 5isa
  Warhead (input): DXE
  Warhead_5 (if mapped): (blank)
  SMILES lookup key: DXE
  SMILES found? YES
--------------------------------------------------
Row 67
  PDB: 5isa
  Warhead (input): 6D5
  Warhead_5 (if mapped): (blank)
  SMILES lookup key: 6D5
  SMILES found? YES
--------------------------------------------------
Row 68
  PDB: 5isb
  Warhead (input): 6CX
  Warhead_5 (if mapped): (blank)
  SMILES lookup key: 6CX
  SMILES found? YES
--------------------------------------------------
Row 69
  PDB: 5isb
  Warhead (input): M2M
  Warhead_5 (if mapped): (blank)
  SMILES lookup key: M2M
  SMILES found? YES
--------------------------------------------------
Row 70
  PDB: 5isb
  Warhead (input): 6CX
  Warhead_5 (if mapped): (blank)
  SMILES lookup key: 6CX
  SMILES found? YES
--------------------------------------------------
Row 71
  PDB: 5isb
  Warhead (input): 6CX
  Warhead_5 (if mapped): (blank)
  SMILES lookup key: 6CX
  SMILES found? YES
--------------------------------------------------
Row 72
  PDB: 5isb
  Warhead (input): 6CX
  Warhead_5 (if mapped): (blank)
  SMILES lookup key: 6CX
  SMILES found? YES
--------------------------------------------------
Row 73
  PDB: 5isc
  Warhead (input): SAO
  Warhead_5 (if mapped): (blank)
  SMILES lookup key: SAO
  SMILES found? YES
--------------------------------------------------
Row 74
  PDB: 5isc
  Warhead (input): 6D0
  Warhead_5 (if mapped): (blank)
  SMILES lookup key: 6D0
  SMILES found? YES
--------------------------------------------------
Row 75
  PDB: 5isc
  Warhead (input): DXE
  Warhead_5 (if mapped): (blank)
  SMILES lookup key: DXE
  SMILES found? YES
--------------------------------------------------
Row 76
  PDB: 5isc
  Warhead (input): M2M
  Warhead_5 (if mapped): (blank)
  SMILES lookup key: M2M
  SMILES found? YES
--------------------------------------------------
Row 77
  PDB: 5isc
  Warhead (input): DXE
  Warhead_5 (if mapped): (blank)
  SMILES lookup key: DXE
  SMILES found? YES
--------------------------------------------------
Row 78
  PDB: 5isc
  Warhead (input): 6D0
  Warhead_5 (if mapped): (blank)
  SMILES lookup key: 6D0
  SMILES found? YES
--------------------------------------------------
Row 79
  PDB: 5isc
  Warhead (input): SAO
  Warhead_5 (if mapped): (blank)
  SMILES lookup key: SAO
  SMILES found? YES
--------------------------------------------------
Row 80
  PDB: 5isd
  Warhead (input): M2M
  Warhead_5 (if mapped): (blank)
  SMILES lookup key: M2M
  SMILES found? YES
--------------------------------------------------
Row 81
  PDB: 5isd
  Warhead (input): SAO
  Warhead_5 (if mapped): (blank)
  SMILES lookup key: SAO
  SMILES found? YES
--------------------------------------------------
Row 82
  PDB: 5isd
  Warhead (input): 6CZ
  Warhead_5 (if mapped): (blank)
  SMILES lookup key: 6CZ
  SMILES found? YES
--------------------------------------------------
Row 83
  PDB: 5isd
  Warhead (input): SAO
  Warhead_5 (if mapped): (blank)
  SMILES lookup key: SAO
  SMILES found? YES
--------------------------------------------------
Row 84
  PDB: 5isd
  Warhead (input): SAO
  Warhead_5 (if mapped): (blank)
  SMILES lookup key: SAO
  SMILES found? YES
--------------------------------------------------
Row 85
  PDB: 5ise
  Warhead (input): 6D2
  Warhead_5 (if mapped): (blank)
  SMILES lookup key: 6D2
  SMILES found? YES
--------------------------------------------------
Row 86
  PDB: 5ise
  Warhead (input): DXE
  Warhead_5 (if mapped): (blank)
  SMILES lookup key: DXE
  SMILES found? YES
--------------------------------------------------
Row 87
  PDB: 5ise
  Warhead (input): 6D2
  Warhead_5 (if mapped): (blank)
  SMILES lookup key: 6D2
  SMILES found? YES
--------------------------------------------------
Row 88
  PDB: 5ise
  Warhead (input): DXE
  Warhead_5 (if mapped): (blank)
  SMILES lookup key: DXE
  SMILES found? YES
--------------------------------------------------
Row 89
  PDB: 5ise
  Warhead (input): PE8
  Warhead_5 (if mapped): (blank)
  SMILES lookup key: PE8
  SMILES found? YES
--------------------------------------------------
Row 90
  PDB: 5ise
  Warhead (input): 6D2
  Warhead_5 (if mapped): (blank)
  SMILES lookup key: 6D2
  SMILES found? YES
--------------------------------------------------
Row 91
  PDB: 5ise
  Warhead (input): DXE
  Warhead_5 (if mapped): (blank)
  SMILES lookup key: DXE
  SMILES found? YES
--------------------------------------------------
Row 92
  PDB: 5isf
  Warhead (input): 6D4
  Warhead_5 (if mapped): (blank)
  SMILES lookup key: 6D4
  SMILES found? YES
--------------------------------------------------
Row 93
  PDB: 5ise
  Warhead (input): 6D2
  Warhead_5 (if mapped): (blank)
  SMILES lookup key: 6D2
  SMILES found? YES
--------------------------------------------------
Row 94
  PDB: 5isf
  Warhead (input): DXE
  Warhead_5 (if mapped): (blank)
  SMILES lookup key: DXE
  SMILES found? YES
--------------------------------------------------
Row 95
  PDB: 5isf
  Warhead (input): 6D4
  Warhead_5 (if mapped): (blank)
  SMILES lookup key: 6D4
  SMILES found? YES
--------------------------------------------------
Row 96
  PDB: 5isf
  Warhead (input): M2M
  Warhead_5 (if mapped): (blank)
  SMILES lookup key: M2M
  SMILES found? YES
--------------------------------------------------
Row 97
  PDB: 5isf
  Warhead (input): DXE
  Warhead_5 (if mapped): (blank)
  SMILES lookup key: DXE
  SMILES found? YES
--------------------------------------------------
Row 98
  PDB: 5isf
  Warhead (input): DXE
  Warhead_5 (if mapped): (blank)
  SMILES lookup key: DXE
  SMILES found? YES
--------------------------------------------------
Row 99
  PDB: 5isf
  Warhead (input): SAO
  Warhead_5 (if mapped): (blank)
  SMILES lookup key: SAO
  SMILES found? YES
--------------------------------------------------
Row 100
  PDB: 5isf
  Warhead (input): M2M
  Warhead_5 (if mapped): (blank)
  SMILES lookup key: M2M
  SMILES found? YES
--------------------------------------------------
Row 101
  PDB: 5isf
  Warhead (input): 6D4
  Warhead_5 (if mapped): (blank)
  SMILES lookup key: 6D4
  SMILES found? YES
--------------------------------------------------
Row 102
  PDB: 5isg
  Warhead (input): DXE
  Warhead_5 (if mapped): (blank)
  SMILES lookup key: DXE
  SMILES found? YES
--------------------------------------------------
Row 103
  PDB: 5isg
  Warhead (input): 6D6
  Warhead_5 (if mapped): (blank)
  SMILES lookup key: 6D6
  SMILES found? YES
--------------------------------------------------
Row 104
  PDB: 5isg
  Warhead (input): M2M
  Warhead_5 (if mapped): (blank)
  SMILES lookup key: M2M
  SMILES found? YES
--------------------------------------------------
Row 105
  PDB: 5isg
  Warhead (input): PG6
  Warhead_5 (if mapped): (blank)
  SMILES lookup key: PG6
  SMILES found? YES
--------------------------------------------------
Row 106
  PDB: 5isg
  Warhead (input): 6D6
  Warhead_5 (if mapped): (blank)
  SMILES lookup key: 6D6
  SMILES found? YES
--------------------------------------------------
Row 107
  PDB: 5isg
  Warhead (input): DXE
  Warhead_5 (if mapped): (blank)
  SMILES lookup key: DXE
  SMILES found? YES
--------------------------------------------------
Row 108
  PDB: 5isg
  Warhead (input): 6D6
  Warhead_5 (if mapped): (blank)
  SMILES lookup key: 6D6
  SMILES found? YES
--------------------------------------------------
Row 109
  PDB: 5isg
  Warhead (input): 6D6
  Warhead_5 (if mapped): (blank)
  SMILES lookup key: 6D6
  SMILES found? YES
--------------------------------------------------
Row 110
  PDB: 5ish
  Warhead (input): DXE
  Warhead_5 (if mapped): (blank)
  SMILES lookup key: DXE
  SMILES found? YES
--------------------------------------------------
Row 111
  PDB: 5ish
  Warhead (input): 765
  Warhead_5 (if mapped): (blank)
  SMILES lookup key: 765
  SMILES found? YES
--------------------------------------------------
Row 112
  PDB: 5ish
  Warhead (input): M2M
  Warhead_5 (if mapped): (blank)
  SMILES lookup key: M2M
  SMILES found? YES
--------------------------------------------------
Row 113
  PDB: 5ish
  Warhead (input): 765
  Warhead_5 (if mapped): (blank)
  SMILES lookup key: 765
  SMILES found? YES
--------------------------------------------------
Row 114
  PDB: 5ish
  Warhead (input): 765
  Warhead_5 (if mapped): (blank)
  SMILES lookup key: 765
  SMILES found? YES
--------------------------------------------------
Row 115
  PDB: 5ish
  Warhead (input): DXE
  Warhead_5 (if mapped): (blank)
  SMILES lookup key: DXE
  SMILES found? YES
--------------------------------------------------
Row 116
  PDB: 5isi
  Warhead (input): 5N5
  Warhead_5 (if mapped): (blank)
  SMILES lookup key: 5N5
  SMILES found? YES
--------------------------------------------------
Row 117
  PDB: 5ish
  Warhead (input): 765
  Warhead_5 (if mapped): (blank)
  SMILES lookup key: 765
  SMILES found? YES
--------------------------------------------------
Row 118
  PDB: 5ish
  Warhead (input): DXE
  Warhead_5 (if mapped): (blank)
  SMILES lookup key: DXE
  SMILES found? YES
--------------------------------------------------
Row 119
  PDB: 5isi
  Warhead (input): DXE
  Warhead_5 (if mapped): (blank)
  SMILES lookup key: DXE
  SMILES found? YES
--------------------------------------------------
Row 120
  PDB: 5isi
  Warhead (input): 5N5
  Warhead_5 (if mapped): (blank)
  SMILES lookup key: 5N5
  SMILES found? YES
--------------------------------------------------
Row 121
  PDB: 5isi
  Warhead (input): 5N5
  Warhead_5 (if mapped): (blank)
  SMILES lookup key: 5N5
  SMILES found? YES
--------------------------------------------------
Row 122
  PDB: 5isi
  Warhead (input): DXE
  Warhead_5 (if mapped): (blank)
  SMILES lookup key: DXE
  SMILES found? YES
--------------------------------------------------
Row 123
  PDB: 5k8v
  Warhead (input): 6RE
  Warhead_5 (if mapped): (blank)
  SMILES lookup key: 6RE
  SMILES found? YES
--------------------------------------------------
Row 124
  PDB: 5isi
  Warhead (input): 5N5
  Warhead_5 (if mapped): (blank)
  SMILES lookup key: 5N5
  SMILES found? YES
--------------------------------------------------
Row 125
  PDB: 5k8v
  Warhead (input): DXE
  Warhead_5 (if mapped): (blank)
  SMILES lookup key: DXE
  SMILES found? YES
--------------------------------------------------
Row 126
  PDB: 5k8v
  Warhead (input): PG6
  Warhead_5 (if mapped): (blank)
  SMILES lookup key: PG6
  SMILES found? YES
--------------------------------------------------
Row 127
  PDB: 5k8v
  Warhead (input): 6RE
  Warhead_5 (if mapped): (blank)
  SMILES lookup key: 6RE
  SMILES found? YES
--------------------------------------------------
Row 128
  PDB: 5k8v
  Warhead (input): 6RE
  Warhead_5 (if mapped): (blank)
  SMILES lookup key: 6RE
  SMILES found? YES
--------------------------------------------------
Row 129
  PDB: 5k8v
  Warhead (input): 6RE
  Warhead_5 (if mapped): (blank)
  SMILES lookup key: 6RE
  SMILES found? YES
--------------------------------------------------
Row 130
  PDB: 5k8w
  Warhead (input): DXE
  Warhead_5 (if mapped): (blank)
  SMILES lookup key: DXE
  SMILES found? YES
--------------------------------------------------
Row 131
  PDB: 5k8w
  Warhead (input): GJV
  Warhead_5 (if mapped): (blank)
  SMILES lookup key: GJV
  SMILES found? YES
--------------------------------------------------
Row 132
  PDB: 5k8w
  Warhead (input): GJV
  Warhead_5 (if mapped): (blank)
  SMILES lookup key: GJV
  SMILES found? YES
--------------------------------------------------
Row 133
  PDB: 5k8w
  Warhead (input): DXE
  Warhead_5 (if mapped): (blank)
  SMILES lookup key: DXE
  SMILES found? YES
--------------------------------------------------
Row 134
  PDB: 5k8w
  Warhead (input): GJV
  Warhead_5 (if mapped): (blank)
  SMILES lookup key: GJV
  SMILES found? YES
--------------------------------------------------
Row 135
  PDB: 5k8w
  Warhead (input): DXE
  Warhead_5 (if mapped): (blank)
  SMILES lookup key: DXE
  SMILES found? YES
--------------------------------------------------
Row 136
  PDB: 5k8w
  Warhead (input): GJV
  Warhead_5 (if mapped): (blank)
  SMILES lookup key: GJV
  SMILES found? YES
--------------------------------------------------
Row 137
  PDB: 5k8x
  Warhead (input): 6ZH
  Warhead_5 (if mapped): (blank)
  SMILES lookup key: 6ZH
  SMILES found? YES
--------------------------------------------------
Row 138
  PDB: 5k8x
  Warhead (input): PE8
  Warhead_5 (if mapped): (blank)
  SMILES lookup key: PE8
  SMILES found? YES
--------------------------------------------------
Row 139
  PDB: 5k8x
  Warhead (input): 6ZH
  Warhead_5 (if mapped): (blank)
  SMILES lookup key: 6ZH
  SMILES found? YES
--------------------------------------------------
Row 140
  PDB: 5k8x
  Warhead (input): DXE
  Warhead_5 (if mapped): (blank)
  SMILES lookup key: DXE
  SMILES found? YES
--------------------------------------------------
Row 141
  PDB: 5k8x
  Warhead (input): 6ZH
  Warhead_5 (if mapped): (blank)
  SMILES lookup key: 6ZH
  SMILES found? YES
--------------------------------------------------
Row 142
  PDB: 5k8x
  Warhead (input): DXE
  Warhead_5 (if mapped): (blank)
  SMILES lookup key: DXE
  SMILES found? YES
--------------------------------------------------
Row 143
  PDB: 5k8x
  Warhead (input): M2M
  Warhead_5 (if mapped): (blank)
  SMILES lookup key: M2M
  SMILES found? YES
--------------------------------------------------
Row 144
  PDB: 5k8x
  Warhead (input): 6ZH
  Warhead_5 (if mapped): (blank)
  SMILES lookup key: 6ZH
  SMILES found? YES
--------------------------------------------------
Row 145
  PDB: 5k8x
  Warhead (input): DXE
  Warhead_5 (if mapped): (blank)
  SMILES lookup key: DXE
  SMILES found? YES
--------------------------------------------------
Row 146
  PDB: 5lgq
  Warhead (input): DXE
  Warhead_5 (if mapped): (blank)
  SMILES lookup key: DXE
  SMILES found? YES
--------------------------------------------------
Row 147
  PDB: 5lgq
  Warhead (input): 8ZB
  Warhead_5 (if mapped): (blank)
  SMILES lookup key: 8ZB
  SMILES found? YES
--------------------------------------------------
Row 148
  PDB: 5lgq
  Warhead (input): 8ZB
  Warhead_5 (if mapped): (blank)
  SMILES lookup key: 8ZB
  SMILES found? YES
--------------------------------------------------
Row 149
  PDB: 5lgq
  Warhead (input): PG6
  Warhead_5 (if mapped): (blank)
  SMILES lookup key: PG6
  SMILES found? YES
--------------------------------------------------
Row 150
  PDB: 5lgq
  Warhead (input): 8ZB
  Warhead_5 (if mapped): (blank)
  SMILES lookup key: 8ZB
  SMILES found? YES
--------------------------------------------------
Row 151
  PDB: 5lgq
  Warhead (input): 8ZB
  Warhead_5 (if mapped): (blank)
  SMILES lookup key: 8ZB
  SMILES found? YES
--------------------------------------------------
Row 152
  PDB: 5lgr
  Warhead (input): LPD
  Warhead_5 (if mapped): (blank)
  SMILES lookup key: LPD
  SMILES found? YES
--------------------------------------------------
Row 153
  PDB: 5lgr
  Warhead (input): DXE
  Warhead_5 (if mapped): (blank)
  SMILES lookup key: DXE
  SMILES found? YES
--------------------------------------------------
Row 154
  PDB: 5lgr
  Warhead (input): QVR
  Warhead_5 (if mapped): (blank)
  SMILES lookup key: QVR
  SMILES found? YES
--------------------------------------------------
Row 155
  PDB: 5lgr
  Warhead (input): PG6
  Warhead_5 (if mapped): (blank)
  SMILES lookup key: PG6
  SMILES found? YES
--------------------------------------------------
Row 156
  PDB: 5lgr
  Warhead (input): LPD
  Warhead_5 (if mapped): (blank)
  SMILES lookup key: LPD
  SMILES found? YES
--------------------------------------------------
Row 157
  PDB: 5lgr
  Warhead (input): QVR
  Warhead_5 (if mapped): (blank)
  SMILES lookup key: QVR
  SMILES found? YES
--------------------------------------------------
Row 158
  PDB: 5lgr
  Warhead (input): LPD
  Warhead_5 (if mapped): (blank)
  SMILES lookup key: LPD
  SMILES found? YES
--------------------------------------------------
Row 159
  PDB: 5lgr
  Warhead (input): QVR
  Warhead_5 (if mapped): (blank)
  SMILES lookup key: QVR
  SMILES found? YES
--------------------------------------------------
Row 160
  PDB: 5lgr
  Warhead (input): LPD
  Warhead_5 (if mapped): (blank)
  SMILES lookup key: LPD
  SMILES found? YES
--------------------------------------------------
Row 161
  PDB: 5lgr
  Warhead (input): QVR
  Warhead_5 (if mapped): (blank)
  SMILES lookup key: QVR
  SMILES found? YES
--------------------------------------------------
Row 162
  PDB: 5lgs
  Warhead (input): DXE
  Warhead_5 (if mapped): (blank)
  SMILES lookup key: DXE
  SMILES found? YES
--------------------------------------------------
Row 163
  PDB: 5lgs
  Warhead (input): DXE
  Warhead_5 (if mapped): (blank)
  SMILES lookup key: DXE
  SMILES found? YES
--------------------------------------------------
Row 164
  PDB: 5lgs
  Warhead (input): DXE
  Warhead_5 (if mapped): (blank)
  SMILES lookup key: DXE
  SMILES found? YES
--------------------------------------------------
Row 165
  PDB: 5lgs
  Warhead (input): QVR
  Warhead_5 (if mapped): (blank)
  SMILES lookup key: QVR
  SMILES found? YES
--------------------------------------------------
Row 166
  PDB: 5lgs
  Warhead (input): QVR
  Warhead_5 (if mapped): (blank)
  SMILES lookup key: QVR
  SMILES found? YES
--------------------------------------------------
Row 167
  PDB: 5lgs
  Warhead (input): QVR
  Warhead_5 (if mapped): (blank)
  SMILES lookup key: QVR
  SMILES found? YES
--------------------------------------------------
Row 168
  PDB: 5lgs
  Warhead (input): QVR
  Warhead_5 (if mapped): (blank)
  SMILES lookup key: QVR
  SMILES found? YES
--------------------------------------------------
Row 169
  PDB: 5lkj
  Warhead (input): 6YB
  Warhead_5 (if mapped): (blank)
  SMILES lookup key: 6YB
  SMILES found? YES
--------------------------------------------------
Row 170
  PDB: 5lkj
  Warhead (input): DXE
  Warhead_5 (if mapped): (blank)
  SMILES lookup key: DXE
  SMILES found? YES
--------------------------------------------------
Row 171
  PDB: 5lkj
  Warhead (input): 6YB
  Warhead_5 (if mapped): (blank)
  SMILES lookup key: 6YB
  SMILES found? YES
--------------------------------------------------
Row 172
  PDB: 5lkj
  Warhead (input): DXE
  Warhead_5 (if mapped): (blank)
  SMILES lookup key: DXE
  SMILES found? YES
--------------------------------------------------
Row 173
  PDB: 5lkj
  Warhead (input): P33
  Warhead_5 (if mapped): (blank)
  SMILES lookup key: P33
  SMILES found? YES
--------------------------------------------------
Row 174
  PDB: 5lkj
  Warhead (input): 6YB
  Warhead_5 (if mapped): (blank)
  SMILES lookup key: 6YB
  SMILES found? YES
--------------------------------------------------
Row 175
  PDB: 5lkj
  Warhead (input): 6YB
  Warhead_5 (if mapped): (blank)
  SMILES lookup key: 6YB
  SMILES found? YES
--------------------------------------------------
Row 176
  PDB: 5lv2
  Warhead (input): SAO
  Warhead_5 (if mapped): (blank)
  SMILES lookup key: SAO
  SMILES found? YES
--------------------------------------------------
Row 177
  PDB: 5lv2
  Warhead (input): LHB
  Warhead_5 (if mapped): (blank)
  SMILES lookup key: LHB
  SMILES found? YES
--------------------------------------------------
Row 178
  PDB: 5lv2
  Warhead (input): DXE
  Warhead_5 (if mapped): (blank)
  SMILES lookup key: DXE
  SMILES found? YES
--------------------------------------------------
Row 179
  PDB: 5lv2
  Warhead (input): M2M
  Warhead_5 (if mapped): (blank)
  SMILES lookup key: M2M
  SMILES found? YES
--------------------------------------------------
Row 180
  PDB: 5lv2
  Warhead (input): SAO
  Warhead_5 (if mapped): (blank)
  SMILES lookup key: SAO
  SMILES found? YES
--------------------------------------------------
Row 181
  PDB: 5lv2
  Warhead (input): LHB
  Warhead_5 (if mapped): (blank)
  SMILES lookup key: LHB
  SMILES found? YES
--------------------------------------------------
Row 182
  PDB: 5lv2
  Warhead (input): M2M
  Warhead_5 (if mapped): (blank)
  SMILES lookup key: M2M
  SMILES found? YES
--------------------------------------------------
Row 183
  PDB: 5lv2
  Warhead (input): SAO
  Warhead_5 (if mapped): (blank)
  SMILES lookup key: SAO
  SMILES found? YES
--------------------------------------------------
Row 184
  PDB: 5lv2
  Warhead (input): LHB
  Warhead_5 (if mapped): (blank)
  SMILES lookup key: LHB
  SMILES found? YES
--------------------------------------------------
Row 185
  PDB: 5lv2
  Warhead (input): SAO
  Warhead_5 (if mapped): (blank)
  SMILES lookup key: SAO
  SMILES found? YES
--------------------------------------------------
Row 186
  PDB: 5lv2
  Warhead (input): LHB
  Warhead_5 (if mapped): (blank)
  SMILES lookup key: LHB
  SMILES found? YES
--------------------------------------------------
Row 187
  PDB: 5lv3
  Warhead (input): SAH
  Warhead_5 (if mapped): (blank)
  SMILES lookup key: SAH
  SMILES found? YES
--------------------------------------------------
Row 188
  PDB: 5lv3
  Warhead (input): LHF
  Warhead_5 (if mapped): (blank)
  SMILES lookup key: LHF
  SMILES found? YES
--------------------------------------------------
Row 189
  PDB: 5lv3
  Warhead (input): SAH
  Warhead_5 (if mapped): (blank)
  SMILES lookup key: SAH
  SMILES found? YES
--------------------------------------------------
Row 190
  PDB: 5lv3
  Warhead (input): LHF
  Warhead_5 (if mapped): (blank)
  SMILES lookup key: LHF
  SMILES found? YES
--------------------------------------------------
Row 191
  PDB: 5ntc
  Warhead (input): DXE
  Warhead_5 (if mapped): (blank)
  SMILES lookup key: DXE
  SMILES found? YES
--------------------------------------------------
Row 192
  PDB: 5ntc
  Warhead (input): 6L7
  Warhead_5 (if mapped): (blank)
  SMILES lookup key: 6L7
  SMILES found? YES
--------------------------------------------------
Row 193
  PDB: 5ntc
  Warhead (input): M2M
  Warhead_5 (if mapped): (blank)
  SMILES lookup key: M2M
  SMILES found? YES
--------------------------------------------------
Row 194
  PDB: 5ntc
  Warhead (input): 6L7
  Warhead_5 (if mapped): (blank)
  SMILES lookup key: 6L7
  SMILES found? YES
--------------------------------------------------
Row 195
  PDB: 5ntc
  Warhead (input): DXE
  Warhead_5 (if mapped): (blank)
  SMILES lookup key: DXE
  SMILES found? YES
--------------------------------------------------
Row 196
  PDB: 5ntc
  Warhead (input): 6L7
  Warhead_5 (if mapped): (blank)
  SMILES lookup key: 6L7
  SMILES found? YES
--------------------------------------------------
Row 197
  PDB: 5ntc
  Warhead (input): 6L7
  Warhead_5 (if mapped): (blank)
  SMILES lookup key: 6L7
  SMILES found? YES
--------------------------------------------------
Row 198
  PDB: 5tbh
  Warhead (input): M2M
  Warhead_5 (if mapped): (blank)
  SMILES lookup key: M2M
  SMILES found? YES
--------------------------------------------------
Row 199
  PDB: 5tbh
  Warhead (input): SAO
  Warhead_5 (if mapped): (blank)
  SMILES lookup key: SAO
  SMILES found? YES
--------------------------------------------------
Row 200
  PDB: 5tbh
  Warhead (input): 78K
  Warhead_5 (if mapped): (blank)
  SMILES lookup key: 78K
  SMILES found? YES
--------------------------------------------------
Row 201
  PDB: 5tbh
  Warhead (input): SAO
  Warhead_5 (if mapped): (blank)
  SMILES lookup key: SAO
  SMILES found? YES
--------------------------------------------------
Row 202
  PDB: 5tbh
  Warhead (input): 78K
  Warhead_5 (if mapped): (blank)
  SMILES lookup key: 78K
  SMILES found? YES
--------------------------------------------------
Row 203
  PDB: 5tbi
  Warhead (input): SAO
  Warhead_5 (if mapped): (blank)
  SMILES lookup key: SAO
  SMILES found? YES
--------------------------------------------------
Row 204
  PDB: 5tbi
  Warhead (input): 78V
  Warhead_5 (if mapped): (blank)
  SMILES lookup key: 78V
  SMILES found? YES
--------------------------------------------------
Row 205
  PDB: 5tbi
  Warhead (input): PE8
  Warhead_5 (if mapped): (blank)
  SMILES lookup key: PE8
  SMILES found? YES
--------------------------------------------------
Row 206
  PDB: 5tbi
  Warhead (input): SAO
  Warhead_5 (if mapped): (blank)
  SMILES lookup key: SAO
  SMILES found? YES
--------------------------------------------------
Row 207
  PDB: 5tbi
  Warhead (input): 78V
  Warhead_5 (if mapped): (blank)
  SMILES lookup key: 78V
  SMILES found? YES
--------------------------------------------------
Row 208
  PDB: 5tbj
  Warhead (input): DXE
  Warhead_5 (if mapped): (blank)
  SMILES lookup key: DXE
  SMILES found? YES
--------------------------------------------------
Row 209
  PDB: 5tbj
  Warhead (input): LHD
  Warhead_5 (if mapped): (blank)
  SMILES lookup key: LHD
  SMILES found? YES
--------------------------------------------------
Row 210
  PDB: 5tbj
  Warhead (input): PG6
  Warhead_5 (if mapped): (blank)
  SMILES lookup key: PG6
  SMILES found? YES
--------------------------------------------------
Row 211
  PDB: 5tbj
  Warhead (input): LHD
  Warhead_5 (if mapped): (blank)
  SMILES lookup key: LHD
  SMILES found? YES
--------------------------------------------------
Row 212
  PDB: 5tbj
  Warhead (input): LHD
  Warhead_5 (if mapped): (blank)
  SMILES lookup key: LHD
  SMILES found? YES
--------------------------------------------------
Row 213
  PDB: 5u4x
  Warhead (input): 7VM
  Warhead_5 (if mapped): (blank)
  SMILES lookup key: 7VM
  SMILES found? YES
--------------------------------------------------
Row 214
  PDB: 5tbj
  Warhead (input): LHD
  Warhead_5 (if mapped): (blank)
  SMILES lookup key: LHD
  SMILES found? YES
--------------------------------------------------
Row 215
  PDB: 5u4x
  Warhead (input): SAH
  Warhead_5 (if mapped): (blank)
  SMILES lookup key: SAH
  SMILES found? YES
--------------------------------------------------
Row 216
  PDB: 5u4x
  Warhead (input): 7VM
  Warhead_5 (if mapped): (blank)
  SMILES lookup key: 7VM
  SMILES found? YES
--------------------------------------------------
Row 217
  PDB: 5u4x
  Warhead (input): SAH
  Warhead_5 (if mapped): (blank)
  SMILES lookup key: SAH
  SMILES found? YES
--------------------------------------------------
Row 218
  PDB: 5u4x
  Warhead (input): 7VM
  Warhead_5 (if mapped): (blank)
  SMILES lookup key: 7VM
  SMILES found? YES
--------------------------------------------------
Row 219
  PDB: 5u4x
  Warhead (input): SAH
  Warhead_5 (if mapped): (blank)
  SMILES lookup key: SAH
  SMILES found? YES
--------------------------------------------------
Row 220
  PDB: 5u4x
  Warhead (input): 7VM
  Warhead_5 (if mapped): (blank)
  SMILES lookup key: 7VM
  SMILES found? YES
--------------------------------------------------
Row 221
  PDB: 5u4x
  Warhead (input): SAH
  Warhead_5 (if mapped): (blank)
  SMILES lookup key: SAH
  SMILES found? YES
--------------------------------------------------
Row 222
  PDB: 6arj
  Warhead (input): BW4
  Warhead_5 (if mapped): (blank)
  SMILES lookup key: BW4
  SMILES found? YES
--------------------------------------------------
Row 223
  PDB: 6arj
  Warhead (input): SAH
  Warhead_5 (if mapped): (blank)
  SMILES lookup key: SAH
  SMILES found? YES
--------------------------------------------------
Row 224
  PDB: 6arj
  Warhead (input): BW4
  Warhead_5 (if mapped): (blank)
  SMILES lookup key: BW4
  SMILES found? YES
--------------------------------------------------
Row 225
  PDB: 6arj
  Warhead (input): SAH
  Warhead_5 (if mapped): (blank)
  SMILES lookup key: SAH
  SMILES found? YES
--------------------------------------------------
Row 226
  PDB: 6arj
  Warhead (input): BW4
  Warhead_5 (if mapped): (blank)
  SMILES lookup key: BW4
  SMILES found? YES
--------------------------------------------------
Row 227
  PDB: 6arj
  Warhead (input): SAH
  Warhead_5 (if mapped): (blank)
  SMILES lookup key: SAH
  SMILES found? YES
--------------------------------------------------
Row 228
  PDB: 6arj
  Warhead (input): BW4
  Warhead_5 (if mapped): (blank)
  SMILES lookup key: BW4
  SMILES found? YES
--------------------------------------------------
Row 229
  PDB: 6arj
  Warhead (input): SAH
  Warhead_5 (if mapped): (blank)
  SMILES lookup key: SAH
  SMILES found? YES
--------------------------------------------------
Row 230
  PDB: 6arv
  Warhead (input): BW7
  Warhead_5 (if mapped): (blank)
  SMILES lookup key: BW7
  SMILES found? YES
--------------------------------------------------
Row 231
  PDB: 6arv
  Warhead (input): SAH
  Warhead_5 (if mapped): (blank)
  SMILES lookup key: SAH
  SMILES found? YES
--------------------------------------------------
Row 232
  PDB: 6arv
  Warhead (input): BW7
  Warhead_5 (if mapped): (blank)
  SMILES lookup key: BW7
  SMILES found? YES
--------------------------------------------------
Row 233
  PDB: 6arv
  Warhead (input): SAH
  Warhead_5 (if mapped): (blank)
  SMILES lookup key: SAH
  SMILES found? YES
--------------------------------------------------
Row 234
  PDB: 6arv
  Warhead (input): BW7
  Warhead_5 (if mapped): (blank)
  SMILES lookup key: BW7
  SMILES found? YES
--------------------------------------------------
Row 235
  PDB: 6arv
  Warhead (input): SAH
  Warhead_5 (if mapped): (blank)
  SMILES lookup key: SAH
  SMILES found? YES
--------------------------------------------------
Row 236
  PDB: 6arv
  Warhead (input): BW7
  Warhead_5 (if mapped): (blank)
  SMILES lookup key: BW7
  SMILES found? YES
--------------------------------------------------
Row 237
  PDB: 6arv
  Warhead (input): SAH
  Warhead_5 (if mapped): (blank)
  SMILES lookup key: SAH
  SMILES found? YES
--------------------------------------------------
Row 238
  PDB: 6d2l
  Warhead (input): FTG
  Warhead_5 (if mapped): (blank)
  SMILES lookup key: FTG
  SMILES found? YES
--------------------------------------------------
Row 239
  PDB: 6d2l
  Warhead (input): FTG
  Warhead_5 (if mapped): (blank)
  SMILES lookup key: FTG
  SMILES found? YES
--------------------------------------------------
Row 240
  PDB: 6d2l
  Warhead (input): FTG
  Warhead_5 (if mapped): (blank)
  SMILES lookup key: FTG
  SMILES found? YES
--------------------------------------------------
Row 241
  PDB: 6d2l
  Warhead (input): FTG
  Warhead_5 (if mapped): (blank)
  SMILES lookup key: FTG
  SMILES found? YES
--------------------------------------------------
Row 242
  PDB: 6d2l
  Warhead (input): FTG
  Warhead_5 (if mapped): (blank)
  SMILES lookup key: FTG
  SMILES found? YES
--------------------------------------------------
Row 243
  PDB: 6d2l
  Warhead (input): FTG
  Warhead_5 (if mapped): (blank)
  SMILES lookup key: FTG
  SMILES found? YES
--------------------------------------------------
Row 244
  PDB: 6dvr
  Warhead (input): HDG
  Warhead_5 (if mapped): (blank)
  SMILES lookup key: HDG
  SMILES found? YES
--------------------------------------------------
Row 245
  PDB: 6dvr
  Warhead (input): P15
  Warhead_5 (if mapped): (blank)
  SMILES lookup key: P15
  SMILES found? YES
--------------------------------------------------
Row 246
  PDB: 6dvr
  Warhead (input): HDG
  Warhead_5 (if mapped): (blank)
  SMILES lookup key: HDG
  SMILES found? YES
--------------------------------------------------
Row 247
  PDB: 6dvr
  Warhead (input): P15
  Warhead_5 (if mapped): (blank)
  SMILES lookup key: P15
  SMILES found? YES
--------------------------------------------------
Row 248
  PDB: 6izq
  Warhead (input): XJ2
  Warhead_5 (if mapped): (blank)
  SMILES lookup key: XJ2
  SMILES found? YES
--------------------------------------------------
Row 249
  PDB: 6s70
  Warhead (input): KYB
  Warhead_5 (if mapped): (blank)
  SMILES lookup key: KYB
  SMILES found? YES
--------------------------------------------------
Row 250
  PDB: 6s70
  Warhead (input): KYB
  Warhead_5 (if mapped): (blank)
  SMILES lookup key: KYB
  SMILES found? YES
--------------------------------------------------
Row 251
  PDB: 6s70
  Warhead (input): KYB
  Warhead_5 (if mapped): (blank)
  SMILES lookup key: KYB
  SMILES found? YES
--------------------------------------------------
Row 252
  PDB: 6s70
  Warhead (input): KYB
  Warhead_5 (if mapped): (blank)
  SMILES lookup key: KYB
  SMILES found? YES
--------------------------------------------------
Row 253
  PDB: 6s71
  Warhead (input): KYE
  Warhead_5 (if mapped): (blank)
  SMILES lookup key: KYE
  SMILES found? YES
--------------------------------------------------
Row 254
  PDB: 6s71
  Warhead (input): KYE
  Warhead_5 (if mapped): (blank)
  SMILES lookup key: KYE
  SMILES found? YES
--------------------------------------------------
Row 255
  PDB: 6s71
  Warhead (input): KYE
  Warhead_5 (if mapped): (blank)
  SMILES lookup key: KYE
  SMILES found? YES
--------------------------------------------------
Row 256
  PDB: 6s71
  Warhead (input): KYE
  Warhead_5 (if mapped): (blank)
  SMILES lookup key: KYE
  SMILES found? YES
--------------------------------------------------
Row 257
  PDB: 6s74
  Warhead (input): KY8
  Warhead_5 (if mapped): (blank)
  SMILES lookup key: KY8
  SMILES found? YES
--------------------------------------------------
Row 258
  PDB: 6s74
  Warhead (input): KY8
  Warhead_5 (if mapped): (blank)
  SMILES lookup key: KY8
  SMILES found? YES
--------------------------------------------------
Row 259
  PDB: 6s74
  Warhead (input): KY8
  Warhead_5 (if mapped): (blank)
  SMILES lookup key: KY8
  SMILES found? YES
--------------------------------------------------
Row 260
  PDB: 6s74
  Warhead (input): KY8
  Warhead_5 (if mapped): (blank)
  SMILES lookup key: KY8
  SMILES found? YES
--------------------------------------------------
Row 261
  PDB: 6s77
  Warhead (input): KXW
  Warhead_5 (if mapped): (blank)
  SMILES lookup key: KXW
  SMILES found? YES
--------------------------------------------------
Row 262
  PDB: 6s77
  Warhead (input): KXW
  Warhead_5 (if mapped): (blank)
  SMILES lookup key: KXW
  SMILES found? YES
--------------------------------------------------
Row 263
  PDB: 6s77
  Warhead (input): KXW
  Warhead_5 (if mapped): (blank)
  SMILES lookup key: KXW
  SMILES found? YES
--------------------------------------------------
Row 264
  PDB: 6s77
  Warhead (input): KXW
  Warhead_5 (if mapped): (blank)
  SMILES lookup key: KXW
  SMILES found? YES
--------------------------------------------------
Row 265
  PDB: 6s79
  Warhead (input): KXW
  Warhead_5 (if mapped): (blank)
  SMILES lookup key: KXW
  SMILES found? YES
--------------------------------------------------
Row 266
  PDB: 6s79
  Warhead (input): KXW
  Warhead_5 (if mapped): (blank)
  SMILES lookup key: KXW
  SMILES found? YES
--------------------------------------------------
Row 267
  PDB: 6s79
  Warhead (input): KXW
  Warhead_5 (if mapped): (blank)
  SMILES lookup key: KXW
  SMILES found? YES
--------------------------------------------------
Row 268
  PDB: 6s79
  Warhead (input): KXW
  Warhead_5 (if mapped): (blank)
  SMILES lookup key: KXW
  SMILES found? YES
--------------------------------------------------
Row 269
  PDB: 6s7a
  Warhead (input): KY5
  Warhead_5 (if mapped): (blank)
  SMILES lookup key: KY5
  SMILES found? YES
--------------------------------------------------
Row 270
  PDB: 6s7a
  Warhead (input): KY5
  Warhead_5 (if mapped): (blank)
  SMILES lookup key: KY5
  SMILES found? YES
--------------------------------------------------
Row 271
  PDB: 6s7a
  Warhead (input): KY5
  Warhead_5 (if mapped): (blank)
  SMILES lookup key: KY5
  SMILES found? YES
--------------------------------------------------
Row 272
  PDB: 6s7a
  Warhead (input): KY5
  Warhead_5 (if mapped): (blank)
  SMILES lookup key: KY5
  SMILES found? YES
--------------------------------------------------
Row 273
  PDB: 6s7b
  Warhead (input): KYH
  Warhead_5 (if mapped): (blank)
  SMILES lookup key: KYH
  SMILES found? YES
--------------------------------------------------
Row 274
  PDB: 6s7b
  Warhead (input): KYH
  Warhead_5 (if mapped): (blank)
  SMILES lookup key: KYH
  SMILES found? YES
--------------------------------------------------
Row 275
  PDB: 6s7b
  Warhead (input): KYH
  Warhead_5 (if mapped): (blank)
  SMILES lookup key: KYH
  SMILES found? YES
--------------------------------------------------
Row 276
  PDB: 6s7b
  Warhead (input): KYH
  Warhead_5 (if mapped): (blank)
  SMILES lookup key: KYH
  SMILES found? YES
--------------------------------------------------
Row 277
  PDB: 6s7c
  Warhead (input): KY2
  Warhead_5 (if mapped): (blank)
  SMILES lookup key: KY2
  SMILES found? YES
--------------------------------------------------
Row 278
  PDB: 6s7c
  Warhead (input): KY2
  Warhead_5 (if mapped): (blank)
  SMILES lookup key: KY2
  SMILES found? YES
--------------------------------------------------
Row 279
  PDB: 6s7c
  Warhead (input): KY2
  Warhead_5 (if mapped): (blank)
  SMILES lookup key: KY2
  SMILES found? YES
--------------------------------------------------
Row 280
  PDB: 6s7c
  Warhead (input): KY2
  Warhead_5 (if mapped): (blank)
  SMILES lookup key: KY2
  SMILES found? YES
--------------------------------------------------
Row 281
  PDB: 7fai
  Warhead (input): XJ3
  Warhead_5 (if mapped): (blank)
  SMILES lookup key: XJ3
  SMILES found? YES
--------------------------------------------------
Row 282
  PDB: 7fai
  Warhead (input): XJ3
  Warhead_5 (if mapped): (blank)
  SMILES lookup key: XJ3
  SMILES found? YES
--------------------------------------------------
Row 283
  PDB: 7fai
  Warhead (input): XJ3
  Warhead_5 (if mapped): (blank)
  SMILES lookup key: XJ3
  SMILES found? YES
--------------------------------------------------
Row 284
  PDB: 7fai
  Warhead (input): XJ3
  Warhead_5 (if mapped): (blank)
  SMILES lookup key: XJ3
  SMILES found? YES
--------------------------------------------------
Row 285
  PDB: 7faj
  Warhead (input): XJ4
  Warhead_5 (if mapped): (blank)
  SMILES lookup key: XJ4
  SMILES found? YES
--------------------------------------------------
Row 286
  PDB: 7faj
  Warhead (input): XJ4
  Warhead_5 (if mapped): (blank)
  SMILES lookup key: XJ4
  SMILES found? YES
--------------------------------------------------
Row 287
  PDB: 7faj
  Warhead (input): XJ4
  Warhead_5 (if mapped): (blank)
  SMILES lookup key: XJ4
  SMILES found? YES
--------------------------------------------------
Row 288
  PDB: 7faj
  Warhead (input): XJ4
  Warhead_5 (if mapped): (blank)
  SMILES lookup key: XJ4
  SMILES found? YES
--------------------------------------------------
Row 289
  PDB: 7okp
  Warhead (input): QVR
  Warhead_5 (if mapped): (blank)
  SMILES lookup key: QVR
  SMILES found? YES
--------------------------------------------------
Row 290
  PDB: 7okp
  Warhead (input): QVR
  Warhead_5 (if mapped): (blank)
  SMILES lookup key: QVR
  SMILES found? YES
--------------------------------------------------
Row 291
  PDB: 7okp
  Warhead (input): QVR
  Warhead_5 (if mapped): (blank)
  SMILES lookup key: QVR
  SMILES found? YES
--------------------------------------------------
Row 292
  PDB: 7okp
  Warhead (input): QVR
  Warhead_5 (if mapped): (blank)
  SMILES lookup key: QVR
  SMILES found? YES
--------------------------------------------------
Row 293
  PDB: 7os4
  Warhead (input): QVR
  Warhead_5 (if mapped): (blank)
  SMILES lookup key: QVR
  SMILES found? YES
--------------------------------------------------
Row 294
  PDB: 7os4
  Warhead (input): QVR
  Warhead_5 (if mapped): (blank)
  SMILES lookup key: QVR
  SMILES found? YES
--------------------------------------------------
Row 295
  PDB: 7os4
  Warhead (input): QVR
  Warhead_5 (if mapped): (blank)
  SMILES lookup key: QVR
  SMILES found? YES
--------------------------------------------------
Row 296
  PDB: 7os4
  Warhead (input): QVR
  Warhead_5 (if mapped): (blank)
  SMILES lookup key: QVR
  SMILES found? YES
--------------------------------------------------
Row 297
  PDB: 7ppq
  Warhead (input): LSK
  Warhead_5 (if mapped): (blank)
  SMILES lookup key: LSK
  SMILES found? YES
--------------------------------------------------
Row 298
  PDB: 7ppq
  Warhead (input): LSK
  Warhead_5 (if mapped): (blank)
  SMILES lookup key: LSK
  SMILES found? YES
--------------------------------------------------
Row 299
  PDB: 7ppq
  Warhead (input): LSK
  Warhead_5 (if mapped): (blank)
  SMILES lookup key: LSK
  SMILES found? YES
--------------------------------------------------
Row 300
  PDB: 7ppq
  Warhead (input): LSK
  Warhead_5 (if mapped): (blank)
  SMILES lookup key: LSK
  SMILES found? YES
--------------------------------------------------
Row 301
  PDB: 7ppy
  Warhead (input): 7ZH
  Warhead_5 (if mapped): (blank)
  SMILES lookup key: 7ZH
  SMILES found? YES
--------------------------------------------------
Row 302
  PDB: 7ppy
  Warhead (input): 7ZH
  Warhead_5 (if mapped): (blank)
  SMILES lookup key: 7ZH
  SMILES found? YES
--------------------------------------------------
Row 303
  PDB: 7ppy
  Warhead (input): 7ZH
  Warhead_5 (if mapped): (blank)
  SMILES lookup key: 7ZH
  SMILES found? YES
--------------------------------------------------
Row 304
  PDB: 7ppy
  Warhead (input): 7ZH
  Warhead_5 (if mapped): (blank)
  SMILES lookup key: 7ZH
  SMILES found? YES
--------------------------------------------------
Row 305
  PDB: 7pu8
  Warhead (input): 4R7
  Warhead_5 (if mapped): (blank)
  SMILES lookup key: 4R7
  SMILES found? YES
--------------------------------------------------
Row 306
  PDB: 7pu8
  Warhead (input): 4R7
  Warhead_5 (if mapped): (blank)
  SMILES lookup key: 4R7
  SMILES found? YES
--------------------------------------------------
Row 307
  PDB: 7pu8
  Warhead (input): 4R7
  Warhead_5 (if mapped): (blank)
  SMILES lookup key: 4R7
  SMILES found? YES
--------------------------------------------------
Row 308
  PDB: 7pu8
  Warhead (input): 4R7
  Warhead_5 (if mapped): (blank)
  SMILES lookup key: 4R7
  SMILES found? YES
--------------------------------------------------
Row 309
  PDB: 7puc
  Warhead (input): 85U
  Warhead_5 (if mapped): (blank)
  SMILES lookup key: 85U
  SMILES found? YES
--------------------------------------------------
Row 310
  PDB: 7puc
  Warhead (input): 85U
  Warhead_5 (if mapped): (blank)
  SMILES lookup key: 85U
  SMILES found? YES
--------------------------------------------------
Row 311
  PDB: 7puc
  Warhead (input): 85U
  Warhead_5 (if mapped): (blank)
  SMILES lookup key: 85U
  SMILES found? YES
--------------------------------------------------
Row 312
  PDB: 7puc
  Warhead (input): 85U
  Warhead_5 (if mapped): (blank)
  SMILES lookup key: 85U
  SMILES found? YES
--------------------------------------------------
Row 313
  PDB: 7puq
  Warhead (input): 867
  Warhead_5 (if mapped): (blank)
  SMILES lookup key: 867
  SMILES found? YES
--------------------------------------------------
Row 314
  PDB: 7puq
  Warhead (input): 867
  Warhead_5 (if mapped): (blank)
  SMILES lookup key: 867
  SMILES found? YES
--------------------------------------------------
Row 315
  PDB: 7puq
  Warhead (input): 867
  Warhead_5 (if mapped): (blank)
  SMILES lookup key: 867
  SMILES found? YES
--------------------------------------------------
Row 316
  PDB: 7puq
  Warhead (input): 867
  Warhead_5 (if mapped): (blank)
  SMILES lookup key: 867
  SMILES found? YES
--------------------------------------------------
Row 317
  PDB: 7pv6
  Warhead (input): LRZ
  Warhead_5 (if mapped): (blank)
  SMILES lookup key: LRZ
  SMILES found? YES
--------------------------------------------------
Row 318
  PDB: 7pv6
  Warhead (input): LRZ
  Warhead_5 (if mapped): (blank)
  SMILES lookup key: LRZ
  SMILES found? YES
--------------------------------------------------
Row 319
  PDB: 7qph
  Warhead (input): QVR
  Warhead_5 (if mapped): (blank)
  SMILES lookup key: QVR
  SMILES found? YES
--------------------------------------------------
Row 320
  PDB: 7pv6
  Warhead (input): LRZ
  Warhead_5 (if mapped): (blank)
  SMILES lookup key: LRZ
  SMILES found? YES
--------------------------------------------------
Row 321
  PDB: 7pv6
  Warhead (input): LRZ
  Warhead_5 (if mapped): (blank)
  SMILES lookup key: LRZ
  SMILES found? YES
--------------------------------------------------
Row 322
  PDB: 7qph
  Warhead (input): QVR
  Warhead_5 (if mapped): (blank)
  SMILES lookup key: QVR
  SMILES found? YES
--------------------------------------------------
Row 323
  PDB: 7qph
  Warhead (input): QVR
  Warhead_5 (if mapped): (blank)
  SMILES lookup key: QVR
  SMILES found? YES
--------------------------------------------------
Row 324
  PDB: 7qph
  Warhead (input): QVR
  Warhead_5 (if mapped): (blank)
  SMILES lookup key: QVR
  SMILES found? YES
--------------------------------------------------
Row 325
  PDB: 7qrd
  Warhead (input): QVR
  Warhead_5 (if mapped): (blank)
  SMILES lookup key: QVR
  SMILES found? YES
--------------------------------------------------
Row 326
  PDB: 7qrd
  Warhead (input): QVR
  Warhead_5 (if mapped): (blank)
  SMILES lookup key: QVR
  SMILES found? YES
--------------------------------------------------
Row 327
  PDB: 7qrd
  Warhead (input): SAH
  Warhead_5 (if mapped): (blank)
  SMILES lookup key: SAH
  SMILES found? YES
--------------------------------------------------
Row 328
  PDB: 7qrd
  Warhead (input): SAH
  Warhead_5 (if mapped): (blank)
  SMILES lookup key: SAH
  SMILES found? YES
--------------------------------------------------
Row 329
  PDB: 7u9i
  Warhead (input): 44T
  Warhead_5 (if mapped): (blank)
  SMILES lookup key: 44T
  SMILES found? YES
--------------------------------------------------
Row 330
  PDB: 8g2h
  Warhead (input): YVU
  Warhead_5 (if mapped): (blank)
  SMILES lookup key: YVU
  SMILES found? YES
--------------------------------------------------
Row 331
  PDB: 7u9i
  Warhead (input): 44T
  Warhead_5 (if mapped): (blank)
  SMILES lookup key: 44T
  SMILES found? YES
--------------------------------------------------
Row 332
  PDB: 8g2i
  Warhead (input): I0B
  Warhead_5 (if mapped): (blank)
  SMILES lookup key: I0B
  SMILES found? YES
--------------------------------------------------
Row 333
  PDB: 8sig
  Warhead (input): GWU
  Warhead_5 (if mapped): (blank)
  SMILES lookup key: GWU
  SMILES found? YES
--------------------------------------------------
Row 334
  PDB: 8sih
  Warhead (input): I1K
  Warhead_5 (if mapped): (blank)
  SMILES lookup key: I1K
  SMILES found? YES
--------------------------------------------------
Row 335
  PDB: 8uqh
  Warhead (input): X9L
  Warhead_5 (if mapped): (blank)
  SMILES lookup key: X9L
  SMILES found? YES
--------------------------------------------------
Row 336
  PDB: 8uqh
  Warhead (input): X9L
  Warhead_5 (if mapped): (blank)
  SMILES lookup key: X9L
  SMILES found? YES
--------------------------------------------------
Row 337
  PDB: 8uqh
  Warhead (input): X9L
  Warhead_5 (if mapped): (blank)
  SMILES lookup key: X9L
  SMILES found? YES
--------------------------------------------------
Row 338
  PDB: 8uqh
  Warhead (input): X9L
  Warhead_5 (if mapped): (blank)
  SMILES lookup key: X9L
  SMILES found? YES
--------------------------------------------------
Row 339
  PDB: 9i0a
  Warhead (input): A00
  Warhead_5 (if mapped): A1IZI
  SMILES lookup key: A1IZI
  SMILES found? YES
--------------------------------------------------
Row 340
  PDB: 9i0a
  Warhead (input): A00
  Warhead_5 (if mapped): A1IZI
  SMILES lookup key: A1IZI
  SMILES found? YES
--------------------------------------------------
Row 341
  PDB: 9i0a
  Warhead (input): A00
  Warhead_5 (if mapped): A1IZI
  SMILES lookup key: A1IZI
  SMILES found? YES
--------------------------------------------------
Row 342
  PDB: 9i0a
  Warhead (input): A00
  Warhead_5 (if mapped): A1IZI
  SMILES lookup key: A1IZI
  SMILES found? YES
--------------------------------------------------
Row 343
  PDB: 9i1t
  Warhead (input): A01
  Warhead_5 (if mapped): A1IZ2
  SMILES lookup key: A1IZ2
  SMILES found? YES
--------------------------------------------------
Row 344
  PDB: 9i1t
  Warhead (input): A01
  Warhead_5 (if mapped): A1IZ2
  SMILES lookup key: A1IZ2
  SMILES found? YES
--------------------------------------------------
Row 345
  PDB: 9i1t
  Warhead (input): A01
  Warhead_5 (if mapped): A1IZ2
  SMILES lookup key: A1IZ2
  SMILES found? YES
--------------------------------------------------
Row 346
  PDB: 9i1t
  Warhead (input): A01
  Warhead_5 (if mapped): A1IZ2
  SMILES lookup key: A1IZ2
  SMILES found? YES
--------------------------------------------------
Row 347
  PDB: 9i9u
  Warhead (input): A02
  Warhead_5 (if mapped): A1I1H
  SMILES lookup key: A1I1H
  SMILES found? NO
  ❌ No SMILES for lookup key in smiles_map.
--------------------------------------------------
Row 348
  PDB: 9i9u
  Warhead (input): A02
  Warhead_5 (if mapped): A1I1H
  SMILES lookup key: A1I1H
  SMILES found? NO
  ❌ No SMILES for lookup key in smiles_map.
--------------------------------------------------
Row 349
  PDB: 9i9u
  Warhead (input): A02
  Warhead_5 (if mapped): A1I1H
  SMILES lookup key: A1I1H
  SMILES found? NO
  ❌ No SMILES for lookup key in smiles_map.
--------------------------------------------------
Row 350
  PDB: 9i9u
  Warhead (input): A02
  Warhead_5 (if mapped): A1I1H
  SMILES lookup key: A1I1H
  SMILES found? NO
  ❌ No SMILES for lookup key in smiles_map.
--------------------------------------------------
Row 351
  PDB: 9o37
  Warhead (input): A03
  Warhead_5 (if mapped): A1B7X
  SMILES lookup key: A1B7X
  SMILES found? NO
  ❌ No SMILES for lookup key in smiles_map.
--------------------------------------------------
Row 352
  PDB: 9o6h
  Warhead (input): A04
  Warhead_5 (if mapped): A1B9W
  SMILES lookup key: A1B9W
  SMILES found? NO
  ❌ No SMILES for lookup key in smiles_map.
--------------------------------------------------
Row 353
  PDB: 9o6h
  Warhead (input): A04
  Warhead_5 (if mapped): A1B9W
  SMILES lookup key: A1B9W
  SMILES found? NO
  ❌ No SMILES for lookup key in smiles_map.
--------------------------------------------------
Row 354
  PDB: 9o6h
  Warhead (input): A04
  Warhead_5 (if mapped): A1B9W
  SMILES lookup key: A1B9W
  SMILES found? NO
  ❌ No SMILES for lookup key in smiles_map.
--------------------------------------------------
Row 355
  PDB: 9o6h
  Warhead (input): A04
  Warhead_5 (if mapped): A1B9W
  SMILES lookup key: A1B9W
  SMILES found? NO
  ❌ No SMILES for lookup key in smiles_map.
🔬 END RESOLUTION TRACE
✅ Filtered SASA table: removed 0 ion-only rows; remaining 356 rows
💾 Saved Resolved_SASA_Summary.csv
💾 Saved Ligand_PDB_Index.csv
🚀 Launching metadata engine mode=threads max_workers=3
🧪 Computing descriptors:   0%|          | 0/67 [00:00<?, ?it/s]
🧪 Computing descriptors:   1%|▏         | 1/67 [00:00<00:33,  1.97it/s]
🧪 Computing descriptors:   6%|▌         | 4/67 [00:00<00:12,  4.93it/s]
🧪 Computing descriptors:  10%|█         | 7/67 [00:01<00:10,  5.95it/s]
🧪 Computing descriptors:  15%|█▍        | 10/67 [00:01<00:09,  6.07it/s]
🧪 Computing descriptors:  19%|█▉        | 13/67 [00:02<00:09,  5.92it/s]
🧪 Computing descriptors:  24%|██▍       | 16/67 [00:02<00:07,  6.51it/s]
🧪 Computing descriptors:  28%|██▊       | 19/67 [00:03<00:07,  6.75it/s]
🧪 Computing descriptors:  33%|███▎      | 22/67 [00:03<00:06,  6.83it/s]
🧪 Computing descriptors:  37%|███▋      | 25/67 [00:03<00:05,  7.10it/s]
🧪 Computing descriptors:  42%|████▏     | 28/67 [00:04<00:05,  7.23it/s]
[17:56:02] [mem] running 7_metadata.py parent=97.9MB child_tree=143.8MB combined=241.7MB
🧪 Computing descriptors:  46%|████▋     | 31/67 [00:04<00:04,  7.40it/s]
🧪 Computing descriptors:  51%|█████     | 34/67 [00:05<00:04,  7.51it/s]
🧪 Computing descriptors:  52%|█████▏    | 35/67 [00:05<00:04,  7.51it/s]
🧪 Computing descriptors:  55%|█████▌    | 37/67 [00:05<00:04,  7.29it/s]
🧪 Computing descriptors:  57%|█████▋    | 38/67 [00:05<00:03,  7.52it/s]
🧪 Computing descriptors:  60%|█████▉    | 40/67 [00:05<00:03,  7.41it/s]
🧪 Computing descriptors:  63%|██████▎   | 42/67 [00:06<00:03,  8.20it/s]
🧪 Computing descriptors:  64%|██████▍   | 43/67 [00:06<00:03,  7.33it/s]
🧪 Computing descriptors:  66%|██████▌   | 44/67 [00:06<00:03,  7.56it/s]
🧪 Computing descriptors:  67%|██████▋   | 45/67 [00:06<00:02,  7.40it/s]
🧪 Computing descriptors:  69%|██████▊   | 46/67 [00:06<00:02,  7.61it/s]
🧪 Computing descriptors:  70%|███████   | 47/67 [00:06<00:02,  7.91it/s]
🧪 Computing descriptors:  72%|███████▏  | 48/67 [00:07<00:02,  6.47it/s]
🧪 Computing descriptors:  75%|███████▍  | 50/67 [00:07<00:02,  8.44it/s]
🧪 Computing descriptors:  76%|███████▌  | 51/67 [00:07<00:02,  6.18it/s]
🧪 Computing descriptors:  79%|███████▉  | 53/67 [00:07<00:01,  8.36it/s]
🧪 Computing descriptors:  82%|████████▏ | 55/67 [00:07<00:01,  7.34it/s]
🧪 Computing descriptors:  84%|████████▎ | 56/67 [00:08<00:01,  7.53it/s]
🧪 Computing descriptors:  85%|████████▌ | 57/67 [00:08<00:01,  6.29it/s]
🧪 Computing descriptors:  88%|████████▊ | 59/67 [00:08<00:00,  8.36it/s]
🧪 Computing descriptors:  91%|█████████ | 61/67 [00:08<00:00,  6.54it/s]
🧪 Computing descriptors:  99%|█████████▊| 66/67 [00:09<00:00,  8.59it/s]
🧪 Computing descriptors: 100%|██████████| 67/67 [00:09<00:00,  7.22it/s]
📊 Ligand metadata rows: total=64 success=64 failures=0
🎉 COMPLETE → Ligand_Metadata.csv
===================================================================
[17:56:06] [mem] after 7_metadata.py parent=98.0MB delta=+0.1MB combined_peak=243.0MB child_peak=145.0MB
[17:56:06] 🚀 Running 8_scaffold.py...
[17:56:06] 🐍 Pipeline Python: /Users/jxs794/miniconda3/envs/warhead/bin/python
[17:56:06] [mem] before 8_scaffold.py parent=98.0MB combined=98.0MB
[17:56:06] 🧵 Worker caps for 8_scaffold.py: pipeline_max=3 WARHEAD_SQCHK_MAX_WORKERS=3 WARHEAD_PDBMKR_MAX_WORKERS=3 WARHEAD_SASA_MAX_WORKERS=3 WARHEAD_METADATA_MAX_WORKERS=3 WARHEAD_MCS_MAX_WORKERS=3
[17:56:06] ⏱ No-output watchdog for 8_scaffold.py: 180s
[17:56:06] [mem] running 8_scaffold.py parent=98.0MB child_tree=10.9MB combined=108.9MB
📥 Loaded 356 rows from Resolved_SASA_Summary.csv
🔬 Found 1 protein targets.
✅ Stage 1 complete — base scaffold mapping and diversity scores saved.
🎉 Stage 2 complete — advanced scaffold data saved.
📦 All tables written to Target_Table/
[17:56:08] [mem] after 8_scaffold.py parent=98.0MB delta=+0.0MB combined_peak=221.1MB child_peak=123.1MB
[17:56:08] 🚀 Running 9_2Dmapping.py...
[17:56:08] 🐍 Pipeline Python: /Users/jxs794/miniconda3/envs/warhead/bin/python
[17:56:08] [mem] before 9_2Dmapping.py parent=98.0MB combined=98.0MB
[17:56:08] 🧵 Worker caps for 9_2Dmapping.py: pipeline_max=3 WARHEAD_SQCHK_MAX_WORKERS=3 WARHEAD_PDBMKR_MAX_WORKERS=3 WARHEAD_SASA_MAX_WORKERS=3 WARHEAD_METADATA_MAX_WORKERS=3 WARHEAD_MCS_MAX_WORKERS=3
[17:56:08] ⏱ No-output watchdog for 9_2Dmapping.py: 180s
[17:56:08] [mem] running 9_2Dmapping.py parent=98.0MB child_tree=10.2MB combined=108.2MB
📥 Loading: Resolved_SASA_Summary.csv
✅ Using: Target=Target, Ligand=Warhead, SMILES=SMILES
🧬 Generating atom-level mapping...
🎉 SUCCESS: All maps saved to Target_Table
[17:56:08] [mem] after 9_2Dmapping.py parent=98.0MB delta=+0.0MB combined_peak=108.2MB child_peak=10.2MB
[17:56:08] 🚀 Running 10_2DmappingExtraction.py...
[17:56:08] 🐍 Pipeline Python: /Users/jxs794/miniconda3/envs/warhead/bin/python
[17:56:08] [mem] before 10_2DmappingExtraction.py parent=98.0MB combined=98.0MB
[17:56:08] 🧵 Worker caps for 10_2DmappingExtraction.py: pipeline_max=3 WARHEAD_SQCHK_MAX_WORKERS=3 WARHEAD_PDBMKR_MAX_WORKERS=3 WARHEAD_SASA_MAX_WORKERS=3 WARHEAD_METADATA_MAX_WORKERS=3 WARHEAD_MCS_MAX_WORKERS=3
[17:56:08] ⏱ No-output watchdog for 10_2DmappingExtraction.py: 180s
[17:56:08] [mem] running 10_2DmappingExtraction.py parent=98.0MB child_tree=9.9MB combined=107.9MB
✅ Extracted ligand atom coordinates for 15363 atoms
💾 Saved → Ligand_3D_Atoms.csv
[17:56:08] [mem] after 10_2DmappingExtraction.py parent=98.0MB delta=+0.0MB combined_peak=107.9MB child_peak=9.9MB
[17:56:08] 🚀 Running 11_mcsMatcher.py...
[17:56:08] 🐍 Pipeline Python: /Users/jxs794/miniconda3/envs/warhead/bin/python
[17:56:08] [mem] before 11_mcsMatcher.py parent=98.0MB combined=98.0MB
[17:56:08] 🧵 Worker caps for 11_mcsMatcher.py: pipeline_max=3 WARHEAD_SQCHK_MAX_WORKERS=3 WARHEAD_PDBMKR_MAX_WORKERS=3 WARHEAD_SASA_MAX_WORKERS=3 WARHEAD_METADATA_MAX_WORKERS=3 WARHEAD_MCS_MAX_WORKERS=3
[17:56:08] ⏱ No-output watchdog for 11_mcsMatcher.py: 120s
[17:56:08] [mem] running 11_mcsMatcher.py parent=98.0MB child_tree=13.1MB combined=111.1MB
✅ Loaded 5CharMAP aliases: ligand3=5 ligand5=5
🚀 Running MCS on 377 ligand occurrences mode=isolated-sequential max_workers=1
⚙️ Using hard timeout (60s per ligand) via SIGALRM
⚙️ Step 11 heartbeat enabled=1 interval=20s progress_every=1
⚙️ Step 11 skip policy skip_bad_items=1 skip_stuck_items=1 item_isolation=1 max_item_failures=0
🔬 Step 11 item 1/377 start 7u9i_A_44T_501
🖼️ Step 11 SVG ready 7u9i_A_44T_501
🔬 Step 11 item 1/377 done 7u9i_A_44T_501 sdf=written mapped=33 all_atoms=33 dt=0.0s
⏳ Step 11 progress: 1/377
🔬 Step 11 item 2/377 start 7u9i_B_44T_501
🖼️ Step 11 SVG ready 7u9i_B_44T_501
🔬 Step 11 item 2/377 done 7u9i_B_44T_501 sdf=written mapped=33 all_atoms=33 dt=0.0s
⏳ Step 11 progress: 2/377
🔬 Step 11 item 3/377 start 4ikp_A_4IK_501
⚠️ Step 11 item skipped: 3/377 4ikp_A_4IK_501 stage=BUILD_ROWS reason=ITEM_FAILED
🖼️ Step 11 SVG ready 4ikp_A_4IK_501
🔬 Step 11 item 3/377 done 4ikp_A_4IK_501 sdf=written mapped=28 all_atoms=33 dt=0.0s
⏳ Step 11 progress: 3/377
🔬 Step 11 item 4/377 start 4ikp_B_4IK_501
🖼️ Step 11 SVG ready 4ikp_B_4IK_501
🔬 Step 11 item 4/377 done 4ikp_B_4IK_501 sdf=written mapped=28 all_atoms=28 dt=0.0s
⏳ Step 11 progress: 4/377
🔬 Step 11 item 5/377 start 4ikp_C_4IK_501
🖼️ Step 11 SVG ready 4ikp_C_4IK_501
🔬 Step 11 item 5/377 done 4ikp_C_4IK_501 sdf=written mapped=28 all_atoms=28 dt=0.0s
⏳ Step 11 progress: 5/377
🔬 Step 11 item 6/377 start 4ikp_D_4IK_501
🖼️ Step 11 SVG ready 4ikp_D_4IK_501
🔬 Step 11 item 6/377 done 4ikp_D_4IK_501 sdf=written mapped=28 all_atoms=28 dt=0.0s
⏳ Step 11 progress: 6/377
🔬 Step 11 item 7/377 start 7pu8_A_4R7_501
⚠️ Step 11 item skipped: 7/377 7pu8_A_4R7_501 stage=BUILD_ROWS reason=ITEM_FAILED
🖼️ Step 11 SVG ready 7pu8_A_4R7_501
🔬 Step 11 item 7/377 done 7pu8_A_4R7_501 sdf=written mapped=47 all_atoms=82 dt=0.0s
⏳ Step 11 progress: 7/377
🔬 Step 11 item 8/377 start 7pu8_B_4R7_501
⚠️ Step 11 item skipped: 8/377 7pu8_B_4R7_501 stage=BUILD_ROWS reason=ITEM_FAILED
🖼️ Step 11 SVG ready 7pu8_B_4R7_501
🔬 Step 11 item 8/377 done 7pu8_B_4R7_501 sdf=written mapped=47 all_atoms=82 dt=0.0s
⏳ Step 11 progress: 8/377
🔬 Step 11 item 9/377 start 7pu8_C_4R7_501
⚠️ Step 11 item skipped: 9/377 7pu8_C_4R7_501 stage=BUILD_ROWS reason=ITEM_FAILED
🖼️ Step 11 SVG ready 7pu8_C_4R7_501
🔬 Step 11 item 9/377 done 7pu8_C_4R7_501 sdf=written mapped=47 all_atoms=82 dt=0.0s
⏳ Step 11 progress: 9/377
🔬 Step 11 item 10/377 start 7pu8_D_4R7_501
⚠️ Step 11 item skipped: 10/377 7pu8_D_4R7_501 stage=BUILD_ROWS reason=ITEM_FAILED
🖼️ Step 11 SVG ready 7pu8_D_4R7_501
🔬 Step 11 item 10/377 done 7pu8_D_4R7_501 sdf=written mapped=47 all_atoms=82 dt=0.0s
⏳ Step 11 progress: 10/377
🔬 Step 11 item 11/377 start 5isi_A_5N5_501
⚠️ Step 11 item skipped: 11/377 5isi_A_5N5_501 stage=BUILD_ROWS reason=ITEM_FAILED
🖼️ Step 11 SVG ready 5isi_A_5N5_501
🔬 Step 11 item 11/377 done 5isi_A_5N5_501 sdf=written mapped=19 all_atoms=33 dt=0.0s
⏳ Step 11 progress: 11/377
🔬 Step 11 item 12/377 start 5isi_B_5N5_501
⚠️ Step 11 item skipped: 12/377 5isi_B_5N5_501 stage=BUILD_ROWS reason=ITEM_FAILED
🖼️ Step 11 SVG ready 5isi_B_5N5_501
🔬 Step 11 item 12/377 done 5isi_B_5N5_501 sdf=written mapped=19 all_atoms=33 dt=0.0s
⏳ Step 11 progress: 12/377
🔬 Step 11 item 13/377 start 5isi_C_5N5_501
⚠️ Step 11 item skipped: 13/377 5isi_C_5N5_501 stage=BUILD_ROWS reason=ITEM_FAILED
🖼️ Step 11 SVG ready 5isi_C_5N5_501
🔬 Step 11 item 13/377 done 5isi_C_5N5_501 sdf=written mapped=19 all_atoms=33 dt=0.0s
⏳ Step 11 progress: 13/377
🔬 Step 11 item 14/377 start 5isi_D_5N5_501
⚠️ Step 11 item skipped: 14/377 5isi_D_5N5_501 stage=BUILD_ROWS reason=ITEM_FAILED
🖼️ Step 11 SVG ready 5isi_D_5N5_501
🔬 Step 11 item 14/377 done 5isi_D_5N5_501 sdf=written mapped=19 all_atoms=33 dt=0.0s
⏳ Step 11 progress: 14/377
🔬 Step 11 item 15/377 start 5isb_A_6CX_501
⚠️ Step 11 item skipped: 15/377 5isb_A_6CX_501 stage=BUILD_ROWS reason=ITEM_FAILED
🖼️ Step 11 SVG ready 5isb_A_6CX_501
🔬 Step 11 item 15/377 done 5isb_A_6CX_501 sdf=written mapped=32 all_atoms=56 dt=0.0s
⏳ Step 11 progress: 15/377
🔬 Step 11 item 16/377 start 5isb_B_6CX_501
⚠️ Step 11 item skipped: 16/377 5isb_B_6CX_501 stage=BUILD_ROWS reason=ITEM_FAILED
🖼️ Step 11 SVG ready 5isb_B_6CX_501
🔬 Step 11 item 16/377 done 5isb_B_6CX_501 sdf=written mapped=32 all_atoms=56 dt=0.0s
⏳ Step 11 progress: 16/377
🔬 Step 11 item 17/377 start 5isb_C_6CX_501
⚠️ Step 11 item skipped: 17/377 5isb_C_6CX_501 stage=BUILD_ROWS reason=ITEM_FAILED
🖼️ Step 11 SVG ready 5isb_C_6CX_501
🔬 Step 11 item 17/377 done 5isb_C_6CX_501 sdf=written mapped=32 all_atoms=56 dt=0.0s
⏳ Step 11 progress: 17/377
🔬 Step 11 item 18/377 start 5isb_D_6CX_501
⚠️ Step 11 item skipped: 18/377 5isb_D_6CX_501 stage=BUILD_ROWS reason=ITEM_FAILED
🖼️ Step 11 SVG ready 5isb_D_6CX_501
🔬 Step 11 item 18/377 done 5isb_D_6CX_501 sdf=written mapped=32 all_atoms=56 dt=0.0s
⏳ Step 11 progress: 18/377
🔬 Step 11 item 19/377 start 5isd_B_6CZ_504
⚠️ Step 11 item skipped: 19/377 5isd_B_6CZ_504 stage=BUILD_ROWS reason=ITEM_FAILED
🖼️ Step 11 SVG ready 5isd_B_6CZ_504
🔬 Step 11 item 19/377 done 5isd_B_6CZ_504 sdf=written mapped=34 all_atoms=60 dt=0.0s
⏳ Step 11 progress: 19/377
🔬 Step 11 item 20/377 start 5isc_B_6D0_501
⚠️ Step 11 item skipped: 20/377 5isc_B_6D0_501 stage=BUILD_ROWS reason=ITEM_FAILED
🖼️ Step 11 SVG ready 5isc_B_6D0_501
🔬 Step 11 item 20/377 done 5isc_B_6D0_501 sdf=written mapped=31 all_atoms=54 dt=0.0s
⏳ Step 11 progress: 20/377
🔬 Step 11 item 21/377 start 5isc_D_6D0_501
⚠️ Step 11 item skipped: 21/377 5isc_D_6D0_501 stage=BUILD_ROWS reason=ITEM_FAILED
🖼️ Step 11 SVG ready 5isc_D_6D0_501
🔬 Step 11 item 21/377 done 5isc_D_6D0_501 sdf=written mapped=31 all_atoms=54 dt=0.0s
⏳ Step 11 progress: 21/377
🔬 Step 11 item 22/377 start 5is8_A_6D1_601
⚠️ Step 11 item skipped: 22/377 5is8_A_6D1_601 stage=BUILD_ROWS reason=ITEM_FAILED
🖼️ Step 11 SVG ready 5is8_A_6D1_601
🔬 Step 11 item 22/377 done 5is8_A_6D1_601 sdf=written mapped=29 all_atoms=52 dt=0.0s
⏳ Step 11 progress: 22/377
🔬 Step 11 item 23/377 start 5is8_B_6D1_601
⚠️ Step 11 item skipped: 23/377 5is8_B_6D1_601 stage=BUILD_ROWS reason=ITEM_FAILED
🖼️ Step 11 SVG ready 5is8_B_6D1_601
🔬 Step 11 item 23/377 done 5is8_B_6D1_601 sdf=written mapped=29 all_atoms=52 dt=0.0s
⏳ Step 11 progress: 23/377
🔬 Step 11 item 24/377 start 5is8_C_6D1_601
⚠️ Step 11 item skipped: 24/377 5is8_C_6D1_601 stage=BUILD_ROWS reason=ITEM_FAILED
🖼️ Step 11 SVG ready 5is8_C_6D1_601
🔬 Step 11 item 24/377 done 5is8_C_6D1_601 sdf=written mapped=29 all_atoms=52 dt=0.0s
⏳ Step 11 progress: 24/377
🔬 Step 11 item 25/377 start 5ise_A_6D2_501
⚠️ Step 11 item skipped: 25/377 5ise_A_6D2_501 stage=BUILD_ROWS reason=ITEM_FAILED
🖼️ Step 11 SVG ready 5ise_A_6D2_501
🔬 Step 11 item 25/377 done 5ise_A_6D2_501 sdf=written mapped=34 all_atoms=61 dt=0.0s
⏳ Step 11 progress: 25/377
🔬 Step 11 item 26/377 start 5ise_B_6D2_501
⚠️ Step 11 item skipped: 26/377 5ise_B_6D2_501 stage=BUILD_ROWS reason=ITEM_FAILED
🖼️ Step 11 SVG ready 5ise_B_6D2_501
🔬 Step 11 item 26/377 done 5ise_B_6D2_501 sdf=written mapped=34 all_atoms=61 dt=0.0s
⏳ Step 11 progress: 26/377
🔬 Step 11 item 27/377 start 5ise_C_6D2_501
⚠️ Step 11 item skipped: 27/377 5ise_C_6D2_501 stage=BUILD_ROWS reason=ITEM_FAILED
🖼️ Step 11 SVG ready 5ise_C_6D2_501
🔬 Step 11 item 27/377 done 5ise_C_6D2_501 sdf=written mapped=34 all_atoms=61 dt=0.0s
⏳ Step 11 progress: 27/377
🔬 Step 11 item 28/377 start 5ise_D_6D2_501
⚠️ Step 11 item skipped: 28/377 5ise_D_6D2_501 stage=BUILD_ROWS reason=ITEM_FAILED
🖼️ Step 11 SVG ready 5ise_D_6D2_501
🔬 Step 11 item 28/377 done 5ise_D_6D2_501 sdf=written mapped=34 all_atoms=61 dt=0.0s
⏳ Step 11 progress: 28/377
🔬 Step 11 item 29/377 start 5is9_A_6D3_501
⚠️ Step 11 item skipped: 29/377 5is9_A_6D3_501 stage=BUILD_ROWS reason=ITEM_FAILED
🖼️ Step 11 SVG ready 5is9_A_6D3_501
🔬 Step 11 item 29/377 done 5is9_A_6D3_501 sdf=written mapped=40 all_atoms=71 dt=0.0s
⏳ Step 11 progress: 29/377
🔬 Step 11 item 30/377 start 5is9_B_6D3_501
⚠️ Step 11 item skipped: 30/377 5is9_B_6D3_501 stage=BUILD_ROWS reason=ITEM_FAILED
🖼️ Step 11 SVG ready 5is9_B_6D3_501
🔬 Step 11 item 30/377 done 5is9_B_6D3_501 sdf=written mapped=40 all_atoms=71 dt=0.0s
⏳ Step 11 progress: 30/377
🔬 Step 11 item 31/377 start 5is9_C_6D3_501
⚠️ Step 11 item skipped: 31/377 5is9_C_6D3_501 stage=BUILD_ROWS reason=ITEM_FAILED
🖼️ Step 11 SVG ready 5is9_C_6D3_501
🔬 Step 11 item 31/377 done 5is9_C_6D3_501 sdf=written mapped=40 all_atoms=71 dt=0.0s
⏳ Step 11 progress: 31/377
🔬 Step 11 item 32/377 start 5is9_D_6D3_501
⚠️ Step 11 item skipped: 32/377 5is9_D_6D3_501 stage=BUILD_ROWS reason=ITEM_FAILED
🖼️ Step 11 SVG ready 5is9_D_6D3_501
🔬 Step 11 item 32/377 done 5is9_D_6D3_501 sdf=written mapped=40 all_atoms=71 dt=0.0s
⏳ Step 11 progress: 32/377
🔬 Step 11 item 33/377 start 5isf_A_6D4_501
⚠️ Step 11 item skipped: 33/377 5isf_A_6D4_501 stage=BUILD_ROWS reason=ITEM_FAILED
🖼️ Step 11 SVG ready 5isf_A_6D4_501
🔬 Step 11 item 33/377 done 5isf_A_6D4_501 sdf=written mapped=31 all_atoms=55 dt=0.0s
⏳ Step 11 progress: 33/377
🔬 Step 11 item 34/377 start 5isf_B_6D4_501
⚠️ Step 11 item skipped: 34/377 5isf_B_6D4_501 stage=BUILD_ROWS reason=ITEM_FAILED
🖼️ Step 11 SVG ready 5isf_B_6D4_501
🔬 Step 11 item 34/377 done 5isf_B_6D4_501 sdf=written mapped=31 all_atoms=55 dt=0.0s
⏳ Step 11 progress: 34/377
🔬 Step 11 item 35/377 start 5isf_D_6D4_501
⚠️ Step 11 item skipped: 35/377 5isf_D_6D4_501 stage=BUILD_ROWS reason=ITEM_FAILED
🖼️ Step 11 SVG ready 5isf_D_6D4_501
🔬 Step 11 item 35/377 done 5isf_D_6D4_501 sdf=written mapped=31 all_atoms=55 dt=0.0s
⏳ Step 11 progress: 35/377
🔬 Step 11 item 36/377 start 5isa_A_6D5_501
⚠️ Step 11 item skipped: 36/377 5isa_A_6D5_501 stage=BUILD_ROWS reason=ITEM_FAILED
🖼️ Step 11 SVG ready 5isa_A_6D5_501
🔬 Step 11 item 36/377 done 5isa_A_6D5_501 sdf=written mapped=32 all_atoms=57 dt=0.0s
⏳ Step 11 progress: 36/377
🔬 Step 11 item 37/377 start 5isa_B_6D5_501
⚠️ Step 11 item skipped: 37/377 5isa_B_6D5_501 stage=BUILD_ROWS reason=ITEM_FAILED
🖼️ Step 11 SVG ready 5isa_B_6D5_501
🔬 Step 11 item 37/377 done 5isa_B_6D5_501 sdf=written mapped=32 all_atoms=57 dt=0.0s
⏳ Step 11 progress: 37/377
🔬 Step 11 item 38/377 start 5isa_C_6D5_501
⚠️ Step 11 item skipped: 38/377 5isa_C_6D5_501 stage=BUILD_ROWS reason=ITEM_FAILED
🖼️ Step 11 SVG ready 5isa_C_6D5_501
🔬 Step 11 item 38/377 done 5isa_C_6D5_501 sdf=written mapped=32 all_atoms=57 dt=0.0s
⏳ Step 11 progress: 38/377
🔬 Step 11 item 39/377 start 5isa_D_6D5_501
⚠️ Step 11 item skipped: 39/377 5isa_D_6D5_501 stage=BUILD_ROWS reason=ITEM_FAILED
🖼️ Step 11 SVG ready 5isa_D_6D5_501
🔬 Step 11 item 39/377 done 5isa_D_6D5_501 sdf=written mapped=32 all_atoms=57 dt=0.0s
⏳ Step 11 progress: 39/377
🔬 Step 11 item 40/377 start 5isg_B_6D6_506
⚠️ Step 11 item skipped: 40/377 5isg_B_6D6_506 stage=BUILD_ROWS reason=ITEM_FAILED
🖼️ Step 11 SVG ready 5isg_B_6D6_506
🔬 Step 11 item 40/377 done 5isg_B_6D6_506 sdf=written mapped=30 all_atoms=57 dt=0.0s
⏳ Step 11 progress: 40/377
🔬 Step 11 item 41/377 start 5isg_D_6D6_506
⚠️ Step 11 item skipped: 41/377 5isg_D_6D6_506 stage=BUILD_ROWS reason=ITEM_FAILED
🖼️ Step 11 SVG ready 5isg_D_6D6_506
🔬 Step 11 item 41/377 done 5isg_D_6D6_506 sdf=written mapped=30 all_atoms=57 dt=0.0s
⏳ Step 11 progress: 41/377
🔬 Step 11 item 42/377 start 5isg_C_6D6_507
⚠️ Step 11 item skipped: 42/377 5isg_C_6D6_507 stage=BUILD_ROWS reason=ITEM_FAILED
🖼️ Step 11 SVG ready 5isg_C_6D6_507
🔬 Step 11 item 42/377 done 5isg_C_6D6_507 sdf=written mapped=30 all_atoms=57 dt=0.0s
⏳ Step 11 progress: 42/377
🔬 Step 11 item 43/377 start 5isg_A_6D6_509
⚠️ Step 11 item skipped: 43/377 5isg_A_6D6_509 stage=BUILD_ROWS reason=ITEM_FAILED
🖼️ Step 11 SVG ready 5isg_A_6D6_509
🔬 Step 11 item 43/377 done 5isg_A_6D6_509 sdf=written mapped=30 all_atoms=57 dt=0.0s
⏳ Step 11 progress: 43/377
🔬 Step 11 item 44/377 start 5ntc_D_6L7_504
⚠️ Step 11 item skipped: 44/377 5ntc_D_6L7_504 stage=BUILD_ROWS reason=ITEM_FAILED
🖼️ Step 11 SVG ready 5ntc_D_6L7_504
🔬 Step 11 item 44/377 done 5ntc_D_6L7_504 sdf=written mapped=29 all_atoms=57 dt=0.0s
⏳ Step 11 progress: 44/377
🔬 Step 11 item 45/377 start 5ntc_C_6L7_506
⚠️ Step 11 item skipped: 45/377 5ntc_C_6L7_506 stage=BUILD_ROWS reason=ITEM_FAILED
🖼️ Step 11 SVG ready 5ntc_C_6L7_506
🔬 Step 11 item 45/377 done 5ntc_C_6L7_506 sdf=written mapped=29 all_atoms=57 dt=0.0s
⏳ Step 11 progress: 45/377
🔬 Step 11 item 46/377 start 5ntc_B_6L7_507
⚠️ Step 11 item skipped: 46/377 5ntc_B_6L7_507 stage=BUILD_ROWS reason=ITEM_FAILED
🖼️ Step 11 SVG ready 5ntc_B_6L7_507
🔬 Step 11 item 46/377 done 5ntc_B_6L7_507 sdf=written mapped=29 all_atoms=57 dt=0.0s
⏳ Step 11 progress: 46/377
🔬 Step 11 item 47/377 start 5ntc_A_6L7_508
⚠️ Step 11 item skipped: 47/377 5ntc_A_6L7_508 stage=BUILD_ROWS reason=ITEM_FAILED
🖼️ Step 11 SVG ready 5ntc_A_6L7_508
🔬 Step 11 item 47/377 done 5ntc_A_6L7_508 sdf=written mapped=29 all_atoms=57 dt=0.0s
⏳ Step 11 progress: 47/377
🔬 Step 11 item 48/377 start 5k8v_A_6RE_501
⚠️ Step 11 item skipped: 48/377 5k8v_A_6RE_501 stage=BUILD_ROWS reason=ITEM_FAILED
🖼️ Step 11 SVG ready 5k8v_A_6RE_501
🔬 Step 11 item 48/377 done 5k8v_A_6RE_501 sdf=written mapped=23 all_atoms=42 dt=0.0s
⏳ Step 11 progress: 48/377
🔬 Step 11 item 49/377 start 5k8v_B_6RE_501
⚠️ Step 11 item skipped: 49/377 5k8v_B_6RE_501 stage=BUILD_ROWS reason=ITEM_FAILED
🖼️ Step 11 SVG ready 5k8v_B_6RE_501
🔬 Step 11 item 49/377 done 5k8v_B_6RE_501 sdf=written mapped=23 all_atoms=42 dt=0.0s
⏳ Step 11 progress: 49/377
🔬 Step 11 item 50/377 start 5k8v_C_6RE_501
⚠️ Step 11 item skipped: 50/377 5k8v_C_6RE_501 stage=BUILD_ROWS reason=ITEM_FAILED
🖼️ Step 11 SVG ready 5k8v_C_6RE_501
🔬 Step 11 item 50/377 done 5k8v_C_6RE_501 sdf=written mapped=23 all_atoms=42 dt=0.0s
⏳ Step 11 progress: 50/377
🔬 Step 11 item 51/377 start 5k8v_D_6RE_501
⚠️ Step 11 item skipped: 51/377 5k8v_D_6RE_501 stage=BUILD_ROWS reason=ITEM_FAILED
🖼️ Step 11 SVG ready 5k8v_D_6RE_501
🔬 Step 11 item 51/377 done 5k8v_D_6RE_501 sdf=written mapped=23 all_atoms=42 dt=0.0s
⏳ Step 11 progress: 51/377
🔬 Step 11 item 52/377 start 5lkj_A_6YB_501
⚠️ Step 11 item skipped: 52/377 5lkj_A_6YB_501 stage=BUILD_ROWS reason=ITEM_FAILED
🖼️ Step 11 SVG ready 5lkj_A_6YB_501
🔬 Step 11 item 52/377 done 5lkj_A_6YB_501 sdf=written mapped=33 all_atoms=59 dt=0.0s
⏳ Step 11 progress: 52/377
🔬 Step 11 item 53/377 start 5lkj_B_6YB_501
⚠️ Step 11 item skipped: 53/377 5lkj_B_6YB_501 stage=BUILD_ROWS reason=ITEM_FAILED
🖼️ Step 11 SVG ready 5lkj_B_6YB_501
🔬 Step 11 item 53/377 done 5lkj_B_6YB_501 sdf=written mapped=33 all_atoms=59 dt=0.0s
⏳ Step 11 progress: 53/377
🔬 Step 11 item 54/377 start 5lkj_C_6YB_501
⚠️ Step 11 item skipped: 54/377 5lkj_C_6YB_501 stage=BUILD_ROWS reason=ITEM_FAILED
🖼️ Step 11 SVG ready 5lkj_C_6YB_501
🔬 Step 11 item 54/377 done 5lkj_C_6YB_501 sdf=written mapped=33 all_atoms=59 dt=0.0s
⏳ Step 11 progress: 54/377
🔬 Step 11 item 55/377 start 5lkj_D_6YB_501
⚠️ Step 11 item skipped: 55/377 5lkj_D_6YB_501 stage=BUILD_ROWS reason=ITEM_FAILED
🖼️ Step 11 SVG ready 5lkj_D_6YB_501
🔬 Step 11 item 55/377 done 5lkj_D_6YB_501 sdf=written mapped=33 all_atoms=59 dt=0.0s
⏳ Step 11 progress: 55/377
🔬 Step 11 item 56/377 start 5k8x_A_6ZH_501
⚠️ Step 11 item skipped: 56/377 5k8x_A_6ZH_501 stage=BUILD_ROWS reason=ITEM_FAILED
🖼️ Step 11 SVG ready 5k8x_A_6ZH_501
🔬 Step 11 item 56/377 done 5k8x_A_6ZH_501 sdf=written mapped=24 all_atoms=43 dt=0.0s
⏳ Step 11 progress: 56/377
🔬 Step 11 item 57/377 start 5k8x_B_6ZH_501
⚠️ Step 11 item skipped: 57/377 5k8x_B_6ZH_501 stage=BUILD_ROWS reason=ITEM_FAILED
🖼️ Step 11 SVG ready 5k8x_B_6ZH_501
🔬 Step 11 item 57/377 done 5k8x_B_6ZH_501 sdf=written mapped=24 all_atoms=43 dt=0.0s
⏳ Step 11 progress: 57/377
🔬 Step 11 item 58/377 start 5k8x_C_6ZH_501
⚠️ Step 11 item skipped: 58/377 5k8x_C_6ZH_501 stage=BUILD_ROWS reason=ITEM_FAILED
🖼️ Step 11 SVG ready 5k8x_C_6ZH_501
🔬 Step 11 item 58/377 done 5k8x_C_6ZH_501 sdf=written mapped=24 all_atoms=43 dt=0.0s
⏳ Step 11 progress: 58/377
🔬 Step 11 item 59/377 start 5k8x_D_6ZH_501
⚠️ Step 11 item skipped: 59/377 5k8x_D_6ZH_501 stage=BUILD_ROWS reason=ITEM_FAILED
🖼️ Step 11 SVG ready 5k8x_D_6ZH_501
🔬 Step 11 item 59/377 done 5k8x_D_6ZH_501 sdf=written mapped=24 all_atoms=43 dt=0.0s
⏳ Step 11 progress: 59/377
🔬 Step 11 item 60/377 start 5ish_A_765_501
⚠️ Step 11 item skipped: 60/377 5ish_A_765_501 stage=BUILD_ROWS reason=ITEM_FAILED
🖼️ Step 11 SVG ready 5ish_A_765_501
🔬 Step 11 item 60/377 done 5ish_A_765_501 sdf=written mapped=28 all_atoms=51 dt=0.0s
⏳ Step 11 progress: 60/377
🔬 Step 11 item 61/377 start 5ish_B_765_501
⚠️ Step 11 item skipped: 61/377 5ish_B_765_501 stage=BUILD_ROWS reason=ITEM_FAILED
🖼️ Step 11 SVG ready 5ish_B_765_501
🔬 Step 11 item 61/377 done 5ish_B_765_501 sdf=written mapped=28 all_atoms=51 dt=0.0s
⏳ Step 11 progress: 61/377
🔬 Step 11 item 62/377 start 5ish_C_765_501
⚠️ Step 11 item skipped: 62/377 5ish_C_765_501 stage=BUILD_ROWS reason=ITEM_FAILED
🖼️ Step 11 SVG ready 5ish_C_765_501
🔬 Step 11 item 62/377 done 5ish_C_765_501 sdf=written mapped=28 all_atoms=51 dt=0.0s
⏳ Step 11 progress: 62/377
🔬 Step 11 item 63/377 start 5ish_D_765_501
⚠️ Step 11 item skipped: 63/377 5ish_D_765_501 stage=BUILD_ROWS reason=ITEM_FAILED
🖼️ Step 11 SVG ready 5ish_D_765_501
🔬 Step 11 item 63/377 done 5ish_D_765_501 sdf=written mapped=28 all_atoms=51 dt=0.0s
⏳ Step 11 progress: 63/377
🔬 Step 11 item 64/377 start 5tbh_D_78K_504
⚠️ Step 11 item skipped: 64/377 5tbh_D_78K_504 stage=BUILD_ROWS reason=ITEM_FAILED
🖼️ Step 11 SVG ready 5tbh_D_78K_504
🔬 Step 11 item 64/377 done 5tbh_D_78K_504 sdf=written mapped=38 all_atoms=68 dt=0.0s
⏳ Step 11 progress: 64/377
🔬 Step 11 item 65/377 start 5tbh_B_78K_506
⚠️ Step 11 item skipped: 65/377 5tbh_B_78K_506 stage=BUILD_ROWS reason=ITEM_FAILED
🖼️ Step 11 SVG ready 5tbh_B_78K_506
🔬 Step 11 item 65/377 done 5tbh_B_78K_506 sdf=written mapped=38 all_atoms=68 dt=0.0s
⏳ Step 11 progress: 65/377
🔬 Step 11 item 66/377 start 5tbi_B_78V_504
⚠️ Step 11 item skipped: 66/377 5tbi_B_78V_504 stage=BUILD_ROWS reason=ITEM_FAILED
🖼️ Step 11 SVG ready 5tbi_B_78V_504
🔬 Step 11 item 66/377 done 5tbi_B_78V_504 sdf=written mapped=32 all_atoms=57 dt=0.0s
⏳ Step 11 progress: 66/377
🔬 Step 11 item 67/377 start 5tbi_D_78V_504
⚠️ Step 11 item skipped: 67/377 5tbi_D_78V_504 stage=BUILD_ROWS reason=ITEM_FAILED
🖼️ Step 11 SVG ready 5tbi_D_78V_504
🔬 Step 11 item 67/377 done 5tbi_D_78V_504 sdf=written mapped=32 all_atoms=57 dt=0.0s
⏳ Step 11 progress: 67/377
🔬 Step 11 item 68/377 start 5u4x_A_7VM_502
🖼️ Step 11 SVG ready 5u4x_A_7VM_502
🔬 Step 11 item 68/377 done 5u4x_A_7VM_502 sdf=written mapped=34 all_atoms=34 dt=0.0s
⏳ Step 11 progress: 68/377
🔬 Step 11 item 69/377 start 5u4x_B_7VM_502
🖼️ Step 11 SVG ready 5u4x_B_7VM_502
🔬 Step 11 item 69/377 done 5u4x_B_7VM_502 sdf=written mapped=34 all_atoms=34 dt=0.0s
⏳ Step 11 progress: 69/377
🔬 Step 11 item 70/377 start 5u4x_C_7VM_502
🖼️ Step 11 SVG ready 5u4x_C_7VM_502
🔬 Step 11 item 70/377 done 5u4x_C_7VM_502 sdf=written mapped=34 all_atoms=34 dt=0.0s
⏳ Step 11 progress: 70/377
🔬 Step 11 item 71/377 start 5u4x_D_7VM_502
🖼️ Step 11 SVG ready 5u4x_D_7VM_502
🔬 Step 11 item 71/377 done 5u4x_D_7VM_502 sdf=written mapped=34 all_atoms=34 dt=0.0s
⏳ Step 11 progress: 71/377
🔬 Step 11 item 72/377 start 7ppy_A_7ZH_501
⚠️ Step 11 item skipped: 72/377 7ppy_A_7ZH_501 stage=BUILD_ROWS reason=ITEM_FAILED
🖼️ Step 11 SVG ready 7ppy_A_7ZH_501
🔬 Step 11 item 72/377 done 7ppy_A_7ZH_501 sdf=written mapped=46 all_atoms=79 dt=0.0s
⏳ Step 11 progress: 72/377
🔬 Step 11 item 73/377 start 7ppy_B_7ZH_501
⚠️ Step 11 item skipped: 73/377 7ppy_B_7ZH_501 stage=BUILD_ROWS reason=ITEM_FAILED
🖼️ Step 11 SVG ready 7ppy_B_7ZH_501
🔬 Step 11 item 73/377 done 7ppy_B_7ZH_501 sdf=written mapped=46 all_atoms=79 dt=0.0s
⏳ Step 11 progress: 73/377
🔬 Step 11 item 74/377 start 7ppy_C_7ZH_501
⚠️ Step 11 item skipped: 74/377 7ppy_C_7ZH_501 stage=BUILD_ROWS reason=ITEM_FAILED
🖼️ Step 11 SVG ready 7ppy_C_7ZH_501
🔬 Step 11 item 74/377 done 7ppy_C_7ZH_501 sdf=written mapped=46 all_atoms=79 dt=0.0s
⏳ Step 11 progress: 74/377
🔬 Step 11 item 75/377 start 7ppy_D_7ZH_501
⚠️ Step 11 item skipped: 75/377 7ppy_D_7ZH_501 stage=BUILD_ROWS reason=ITEM_FAILED
🖼️ Step 11 SVG ready 7ppy_D_7ZH_501
🔬 Step 11 item 75/377 done 7ppy_D_7ZH_501 sdf=written mapped=46 all_atoms=79 dt=0.0s
⏳ Step 11 progress: 75/377
🔬 Step 11 item 76/377 start 7puc_A_85U_501
⚠️ Step 11 item skipped: 76/377 7puc_A_85U_501 stage=BUILD_ROWS reason=ITEM_FAILED
🖼️ Step 11 SVG ready 7puc_A_85U_501
🔬 Step 11 item 76/377 done 7puc_A_85U_501 sdf=written mapped=48 all_atoms=83 dt=0.0s
⏳ Step 11 progress: 76/377
🔬 Step 11 item 77/377 start 7puc_B_85U_501
⚠️ Step 11 item skipped: 77/377 7puc_B_85U_501 stage=BUILD_ROWS reason=ITEM_FAILED
🖼️ Step 11 SVG ready 7puc_B_85U_501
🔬 Step 11 item 77/377 done 7puc_B_85U_501 sdf=written mapped=48 all_atoms=83 dt=0.0s
⏳ Step 11 progress: 77/377
🔬 Step 11 item 78/377 start 7puc_C_85U_501
⚠️ Step 11 item skipped: 78/377 7puc_C_85U_501 stage=BUILD_ROWS reason=ITEM_FAILED
🖼️ Step 11 SVG ready 7puc_C_85U_501
🔬 Step 11 item 78/377 done 7puc_C_85U_501 sdf=written mapped=48 all_atoms=83 dt=0.0s
⏳ Step 11 progress: 78/377
🔬 Step 11 item 79/377 start 7puc_D_85U_501
⚠️ Step 11 item skipped: 79/377 7puc_D_85U_501 stage=BUILD_ROWS reason=ITEM_FAILED
🖼️ Step 11 SVG ready 7puc_D_85U_501
🔬 Step 11 item 79/377 done 7puc_D_85U_501 sdf=written mapped=48 all_atoms=83 dt=0.0s
⏳ Step 11 progress: 79/377
🔬 Step 11 item 80/377 start 7puq_A_867_501
⚠️ Step 11 item skipped: 80/377 7puq_A_867_501 stage=BUILD_ROWS reason=ITEM_FAILED
🖼️ Step 11 SVG ready 7puq_A_867_501
🔬 Step 11 item 80/377 done 7puq_A_867_501 sdf=written mapped=48 all_atoms=85 dt=0.0s
⏳ Step 11 progress: 80/377
🔬 Step 11 item 81/377 start 7puq_B_867_501
⚠️ Step 11 item skipped: 81/377 7puq_B_867_501 stage=BUILD_ROWS reason=ITEM_FAILED
🖼️ Step 11 SVG ready 7puq_B_867_501
🔬 Step 11 item 81/377 done 7puq_B_867_501 sdf=written mapped=48 all_atoms=85 dt=0.0s
⏳ Step 11 progress: 81/377
🔬 Step 11 item 82/377 start 7puq_C_867_501
⚠️ Step 11 item skipped: 82/377 7puq_C_867_501 stage=BUILD_ROWS reason=ITEM_FAILED
🖼️ Step 11 SVG ready 7puq_C_867_501
🔬 Step 11 item 82/377 done 7puq_C_867_501 sdf=written mapped=48 all_atoms=85 dt=0.0s
⏳ Step 11 progress: 82/377
🔬 Step 11 item 83/377 start 7puq_D_867_501
⚠️ Step 11 item skipped: 83/377 7puq_D_867_501 stage=BUILD_ROWS reason=ITEM_FAILED
🖼️ Step 11 SVG ready 7puq_D_867_501
🔬 Step 11 item 83/377 done 7puq_D_867_501 sdf=written mapped=48 all_atoms=85 dt=0.0s
⏳ Step 11 progress: 83/377
🔬 Step 11 item 84/377 start 5lgq_E_8ZB_101
⚠️ Step 11 item skipped: 84/377 5lgq_E_8ZB_101 stage=BUILD_ROWS reason=ITEM_FAILED
🖼️ Step 11 SVG ready 5lgq_E_8ZB_101
🔬 Step 11 item 84/377 done 5lgq_E_8ZB_101 sdf=written mapped=20 all_atoms=36 dt=0.0s
⏳ Step 11 progress: 84/377
🔬 Step 11 item 85/377 start 5lgq_F_8ZB_101
⚠️ Step 11 item skipped: 85/377 5lgq_F_8ZB_101 stage=BUILD_ROWS reason=ITEM_FAILED
🖼️ Step 11 SVG ready 5lgq_F_8ZB_101
🔬 Step 11 item 85/377 done 5lgq_F_8ZB_101 sdf=written mapped=20 all_atoms=36 dt=0.0s
⏳ Step 11 progress: 85/377
🔬 Step 11 item 86/377 start 5lgq_G_8ZB_101
⚠️ Step 11 item skipped: 86/377 5lgq_G_8ZB_101 stage=BUILD_ROWS reason=ITEM_FAILED
🖼️ Step 11 SVG ready 5lgq_G_8ZB_101
🔬 Step 11 item 86/377 done 5lgq_G_8ZB_101 sdf=written mapped=20 all_atoms=36 dt=0.0s
⏳ Step 11 progress: 86/377
🔬 Step 11 item 87/377 start 5lgq_H_8ZB_101
⚠️ Step 11 item skipped: 87/377 5lgq_H_8ZB_101 stage=BUILD_ROWS reason=ITEM_FAILED
🖼️ Step 11 SVG ready 5lgq_H_8ZB_101
🔬 Step 11 item 87/377 done 5lgq_H_8ZB_101 sdf=written mapped=20 all_atoms=36 dt=0.0s
⏳ Step 11 progress: 87/377
🔬 Step 11 item 88/377 start 9i0a_A_A00_501
⚠️ Step 11 item skipped: 88/377 9i0a_A_A00_501 stage=BUILD_ROWS reason=ITEM_FAILED
🖼️ Step 11 SVG ready 9i0a_A_A00_501
🔬 Step 11 item 88/377 done 9i0a_A_A00_501 sdf=written mapped=51 all_atoms=93 dt=0.0s
⏳ Step 11 progress: 88/377
🔬 Step 11 item 89/377 start 9i0a_B_A00_501
⚠️ Step 11 item skipped: 89/377 9i0a_B_A00_501 stage=BUILD_ROWS reason=ITEM_FAILED
🖼️ Step 11 SVG ready 9i0a_B_A00_501
🔬 Step 11 item 89/377 done 9i0a_B_A00_501 sdf=written mapped=51 all_atoms=93 dt=0.0s
⏳ Step 11 progress: 89/377
🔬 Step 11 item 90/377 start 9i0a_C_A00_501
⚠️ Step 11 item skipped: 90/377 9i0a_C_A00_501 stage=BUILD_ROWS reason=ITEM_FAILED
🖼️ Step 11 SVG ready 9i0a_C_A00_501
🔬 Step 11 item 90/377 done 9i0a_C_A00_501 sdf=written mapped=51 all_atoms=93 dt=0.0s
⏳ Step 11 progress: 90/377
🔬 Step 11 item 91/377 start 9i0a_D_A00_501
⚠️ Step 11 item skipped: 91/377 9i0a_D_A00_501 stage=BUILD_ROWS reason=ITEM_FAILED
🖼️ Step 11 SVG ready 9i0a_D_A00_501
🔬 Step 11 item 91/377 done 9i0a_D_A00_501 sdf=written mapped=51 all_atoms=93 dt=0.0s
⏳ Step 11 progress: 91/377
🔬 Step 11 item 92/377 start 9i1t_A_A01_501
⚠️ Step 11 item skipped: 92/377 9i1t_A_A01_501 stage=BUILD_ROWS reason=ITEM_FAILED
🖼️ Step 11 SVG ready 9i1t_A_A01_501
🔬 Step 11 item 92/377 done 9i1t_A_A01_501 sdf=written mapped=50 all_atoms=90 dt=0.0s
⏳ Step 11 progress: 92/377
🔬 Step 11 item 93/377 start 9i1t_B_A01_501
⚠️ Step 11 item skipped: 93/377 9i1t_B_A01_501 stage=BUILD_ROWS reason=ITEM_FAILED
🖼️ Step 11 SVG ready 9i1t_B_A01_501
🔬 Step 11 item 93/377 done 9i1t_B_A01_501 sdf=written mapped=50 all_atoms=90 dt=0.0s
⏳ Step 11 progress: 93/377
🔬 Step 11 item 94/377 start 9i1t_C_A01_501
⚠️ Step 11 item skipped: 94/377 9i1t_C_A01_501 stage=BUILD_ROWS reason=ITEM_FAILED
🖼️ Step 11 SVG ready 9i1t_C_A01_501
🔬 Step 11 item 94/377 done 9i1t_C_A01_501 sdf=written mapped=50 all_atoms=90 dt=0.0s
⏳ Step 11 progress: 94/377
🔬 Step 11 item 95/377 start 9i1t_D_A01_501
⚠️ Step 11 item skipped: 95/377 9i1t_D_A01_501 stage=BUILD_ROWS reason=ITEM_FAILED
🖼️ Step 11 SVG ready 9i1t_D_A01_501
🔬 Step 11 item 95/377 done 9i1t_D_A01_501 sdf=written mapped=50 all_atoms=90 dt=0.0s
⏳ Step 11 progress: 95/377
🔬 Step 11 item 96/377 start 9i9u_A_A02_501
⚠️ Step 11 item skipped: 96/377 9i9u_A_A02_501 stage=NO_2D_OUTPUT_ALL reason=MISSING_2D
🔬 Step 11 item 96/377 done 9i9u_A_A02_501 sdf=written mapped=0 all_atoms=93 dt=0.0s
⏳ Step 11 progress: 96/377
🔬 Step 11 item 97/377 start 9i9u_B_A02_501
⚠️ Step 11 item skipped: 97/377 9i9u_B_A02_501 stage=NO_2D_OUTPUT_ALL reason=MISSING_2D
🔬 Step 11 item 97/377 done 9i9u_B_A02_501 sdf=written mapped=0 all_atoms=93 dt=0.0s
⏳ Step 11 progress: 97/377
🔬 Step 11 item 98/377 start 9i9u_C_A02_501
⚠️ Step 11 item skipped: 98/377 9i9u_C_A02_501 stage=NO_2D_OUTPUT_ALL reason=MISSING_2D
🔬 Step 11 item 98/377 done 9i9u_C_A02_501 sdf=written mapped=0 all_atoms=93 dt=0.0s
⏳ Step 11 progress: 98/377
🔬 Step 11 item 99/377 start 9i9u_D_A02_501
⚠️ Step 11 item skipped: 99/377 9i9u_D_A02_501 stage=NO_2D_OUTPUT_ALL reason=MISSING_2D
🔬 Step 11 item 99/377 done 9i9u_D_A02_501 sdf=written mapped=0 all_atoms=93 dt=0.0s
⏳ Step 11 progress: 99/377
🔬 Step 11 item 100/377 start 9o37_A_A03_501
⚠️ Step 11 item skipped: 100/377 9o37_A_A03_501 stage=NO_2D_OUTPUT_ALL reason=MISSING_2D
🔬 Step 11 item 100/377 done 9o37_A_A03_501 sdf=written mapped=0 all_atoms=50 dt=0.0s
⏳ Step 11 progress: 100/377
🔬 Step 11 item 101/377 start 9o6h_A_A04_501
[17:56:14] [mem] running 11_mcsMatcher.py parent=98.1MB child_tree=139.2MB combined=237.3MB
⚠️ Step 11 item skipped: 101/377 9o6h_A_A04_501 stage=NO_2D_OUTPUT_ALL reason=MISSING_2D
🔬 Step 11 item 101/377 done 9o6h_A_A04_501 sdf=written mapped=0 all_atoms=37 dt=0.0s
⏳ Step 11 progress: 101/377
🔬 Step 11 item 102/377 start 9o6h_B_A04_501
⚠️ Step 11 item skipped: 102/377 9o6h_B_A04_501 stage=NO_2D_OUTPUT_ALL reason=MISSING_2D
🔬 Step 11 item 102/377 done 9o6h_B_A04_501 sdf=written mapped=0 all_atoms=37 dt=0.0s
⏳ Step 11 progress: 102/377
🔬 Step 11 item 103/377 start 9o6h_C_A04_501
⚠️ Step 11 item skipped: 103/377 9o6h_C_A04_501 stage=NO_2D_OUTPUT_ALL reason=MISSING_2D
🔬 Step 11 item 103/377 done 9o6h_C_A04_501 sdf=written mapped=0 all_atoms=37 dt=0.0s
⏳ Step 11 progress: 103/377
🔬 Step 11 item 104/377 start 9o6h_D_A04_501
⚠️ Step 11 item skipped: 104/377 9o6h_D_A04_501 stage=NO_2D_OUTPUT_ALL reason=MISSING_2D
🔬 Step 11 item 104/377 done 9o6h_D_A04_501 sdf=written mapped=0 all_atoms=37 dt=0.0s
⏳ Step 11 progress: 104/377
🔬 Step 11 item 105/377 start 6arj_A_BW4_502
[17:56:14] WARNING: could not find number of expected rings. Switching to an approximate ring finding algorithm.
⚠️ Step 11 item skipped: 105/377 6arj_A_BW4_502 stage=BUILD_ROWS reason=ITEM_FAILED
🖼️ Step 11 SVG ready 6arj_A_BW4_502
🔬 Step 11 item 105/377 done 6arj_A_BW4_502 sdf=written mapped=41 all_atoms=82 dt=0.1s
⏳ Step 11 progress: 105/377
🔬 Step 11 item 106/377 start 6arj_B_BW4_502
[17:56:14] WARNING: could not find number of expected rings. Switching to an approximate ring finding algorithm.
⚠️ Step 11 item skipped: 106/377 6arj_B_BW4_502 stage=BUILD_ROWS reason=ITEM_FAILED
🖼️ Step 11 SVG ready 6arj_B_BW4_502
🔬 Step 11 item 106/377 done 6arj_B_BW4_502 sdf=written mapped=41 all_atoms=80 dt=0.0s
⏳ Step 11 progress: 106/377
🔬 Step 11 item 107/377 start 6arj_C_BW4_502
[17:56:14] WARNING: could not find number of expected rings. Switching to an approximate ring finding algorithm.
⚠️ Step 11 item skipped: 107/377 6arj_C_BW4_502 stage=BUILD_ROWS reason=ITEM_FAILED
🖼️ Step 11 SVG ready 6arj_C_BW4_502
🔬 Step 11 item 107/377 done 6arj_C_BW4_502 sdf=written mapped=41 all_atoms=82 dt=0.1s
⏳ Step 11 progress: 107/377
🔬 Step 11 item 108/377 start 6arj_D_BW4_502
[17:56:14] WARNING: could not find number of expected rings. Switching to an approximate ring finding algorithm.
⚠️ Step 11 item skipped: 108/377 6arj_D_BW4_502 stage=BUILD_ROWS reason=ITEM_FAILED
🖼️ Step 11 SVG ready 6arj_D_BW4_502
🔬 Step 11 item 108/377 done 6arj_D_BW4_502 sdf=written mapped=41 all_atoms=80 dt=0.0s
⏳ Step 11 progress: 108/377
🔬 Step 11 item 109/377 start 6arv_A_BW7_502
🖼️ Step 11 SVG ready 6arv_A_BW7_502
🔬 Step 11 item 109/377 done 6arv_A_BW7_502 sdf=written mapped=30 all_atoms=30 dt=0.0s
⏳ Step 11 progress: 109/377
🔬 Step 11 item 110/377 start 6arv_B_BW7_502
🖼️ Step 11 SVG ready 6arv_B_BW7_502
🔬 Step 11 item 110/377 done 6arv_B_BW7_502 sdf=written mapped=30 all_atoms=30 dt=0.0s
⏳ Step 11 progress: 110/377
🔬 Step 11 item 111/377 start 6arv_C_BW7_502
🖼️ Step 11 SVG ready 6arv_C_BW7_502
🔬 Step 11 item 111/377 done 6arv_C_BW7_502 sdf=written mapped=30 all_atoms=30 dt=0.0s
⏳ Step 11 progress: 111/377
🔬 Step 11 item 112/377 start 6arv_D_BW7_502
🖼️ Step 11 SVG ready 6arv_D_BW7_502
🔬 Step 11 item 112/377 done 6arv_D_BW7_502 sdf=written mapped=30 all_atoms=30 dt=0.0s
⏳ Step 11 progress: 112/377
🔬 Step 11 item 113/377 start 5is7_C_DSH_502
⚠️ Step 11 item skipped: 113/377 5is7_C_DSH_502 stage=BUILD_ROWS reason=ITEM_FAILED
🖼️ Step 11 SVG ready 5is7_C_DSH_502
🔬 Step 11 item 113/377 done 5is7_C_DSH_502 sdf=written mapped=23 all_atoms=44 dt=0.0s
⏳ Step 11 progress: 113/377
🔬 Step 11 item 114/377 start 5is7_D_DSH_502
⚠️ Step 11 item skipped: 114/377 5is7_D_DSH_502 stage=BUILD_ROWS reason=ITEM_FAILED
🖼️ Step 11 SVG ready 5is7_D_DSH_502
🔬 Step 11 item 114/377 done 5is7_D_DSH_502 sdf=written mapped=23 all_atoms=44 dt=0.0s
⏳ Step 11 progress: 114/377
🔬 Step 11 item 115/377 start 5is7_B_DSH_503
⚠️ Step 11 item skipped: 115/377 5is7_B_DSH_503 stage=BUILD_ROWS reason=ITEM_FAILED
🖼️ Step 11 SVG ready 5is7_B_DSH_503
🔬 Step 11 item 115/377 done 5is7_B_DSH_503 sdf=written mapped=23 all_atoms=44 dt=0.0s
⏳ Step 11 progress: 115/377
🔬 Step 11 item 116/377 start 5is7_A_DSH_504
⚠️ Step 11 item skipped: 116/377 5is7_A_DSH_504 stage=BUILD_ROWS reason=ITEM_FAILED
🖼️ Step 11 SVG ready 5is7_A_DSH_504
🔬 Step 11 item 116/377 done 5is7_A_DSH_504 sdf=written mapped=23 all_atoms=44 dt=0.0s
⏳ Step 11 progress: 116/377
🔬 Step 11 item 117/377 start 5ih3_B_DXE_507
⚠️ Step 11 item skipped: 117/377 5ih3_B_DXE_507 stage=BUILD_ROWS reason=ITEM_FAILED
🖼️ Step 11 SVG ready 5ih3_B_DXE_507
🔬 Step 11 item 117/377 done 5ih3_B_DXE_507 sdf=written mapped=6 all_atoms=16 dt=0.0s
⏳ Step 11 progress: 117/377
🔬 Step 11 item 118/377 start 5ih3_C_DXE_507
⚠️ Step 11 item skipped: 118/377 5ih3_C_DXE_507 stage=BUILD_ROWS reason=ITEM_FAILED
🖼️ Step 11 SVG ready 5ih3_C_DXE_507
🔬 Step 11 item 118/377 done 5ih3_C_DXE_507 sdf=written mapped=6 all_atoms=16 dt=0.0s
⏳ Step 11 progress: 118/377
🔬 Step 11 item 119/377 start 5ih3_B_DXE_508
⚠️ Step 11 item skipped: 119/377 5ih3_B_DXE_508 stage=BUILD_ROWS reason=ITEM_FAILED
🖼️ Step 11 SVG ready 5ih3_B_DXE_508
🔬 Step 11 item 119/377 done 5ih3_B_DXE_508 sdf=written mapped=6 all_atoms=16 dt=0.0s
⏳ Step 11 progress: 119/377
🔬 Step 11 item 120/377 start 5ih3_C_DXE_508
⚠️ Step 11 item skipped: 120/377 5ih3_C_DXE_508 stage=BUILD_ROWS reason=ITEM_FAILED
🖼️ Step 11 SVG ready 5ih3_C_DXE_508
🔬 Step 11 item 120/377 done 5ih3_C_DXE_508 sdf=written mapped=6 all_atoms=16 dt=0.0s
⏳ Step 11 progress: 120/377
🔬 Step 11 item 121/377 start 5is6_D_DXE_503
⚠️ Step 11 item skipped: 121/377 5is6_D_DXE_503 stage=BUILD_ROWS reason=ITEM_FAILED
🖼️ Step 11 SVG ready 5is6_D_DXE_503
🔬 Step 11 item 121/377 done 5is6_D_DXE_503 sdf=written mapped=6 all_atoms=16 dt=0.0s
⏳ Step 11 progress: 121/377
🔬 Step 11 item 122/377 start 5is6_A_DXE_505
⚠️ Step 11 item skipped: 122/377 5is6_A_DXE_505 stage=BUILD_ROWS reason=ITEM_FAILED
🖼️ Step 11 SVG ready 5is6_A_DXE_505
🔬 Step 11 item 122/377 done 5is6_A_DXE_505 sdf=written mapped=6 all_atoms=16 dt=0.0s
⏳ Step 11 progress: 122/377
🔬 Step 11 item 123/377 start 5is6_A_DXE_506
⚠️ Step 11 item skipped: 123/377 5is6_A_DXE_506 stage=BUILD_ROWS reason=ITEM_FAILED
🖼️ Step 11 SVG ready 5is6_A_DXE_506
🔬 Step 11 item 123/377 done 5is6_A_DXE_506 sdf=written mapped=6 all_atoms=16 dt=0.0s
⏳ Step 11 progress: 123/377
🔬 Step 11 item 124/377 start 5is6_C_DXE_506
⚠️ Step 11 item skipped: 124/377 5is6_C_DXE_506 stage=BUILD_ROWS reason=ITEM_FAILED
🖼️ Step 11 SVG ready 5is6_C_DXE_506
🔬 Step 11 item 124/377 done 5is6_C_DXE_506 sdf=written mapped=6 all_atoms=16 dt=0.0s
⏳ Step 11 progress: 124/377
🔬 Step 11 item 125/377 start 5is6_B_DXE_2004
⚠️ Step 11 item skipped: 125/377 5is6_B_DXE_2004 stage=BUILD_ROWS reason=ITEM_FAILED
🖼️ Step 11 SVG ready 5is6_B_DXE_2004
🔬 Step 11 item 125/377 done 5is6_B_DXE_2004 sdf=written mapped=6 all_atoms=16 dt=0.0s
⏳ Step 11 progress: 125/377
🔬 Step 11 item 126/377 start 5is6_B_DXE_2005
⚠️ Step 11 item skipped: 126/377 5is6_B_DXE_2005 stage=BUILD_ROWS reason=ITEM_FAILED
🖼️ Step 11 SVG ready 5is6_B_DXE_2005
🔬 Step 11 item 126/377 done 5is6_B_DXE_2005 sdf=written mapped=6 all_atoms=16 dt=0.0s
⏳ Step 11 progress: 126/377
🔬 Step 11 item 127/377 start 5is9_A_DXE_509
⚠️ Step 11 item skipped: 127/377 5is9_A_DXE_509 stage=BUILD_ROWS reason=ITEM_FAILED
🖼️ Step 11 SVG ready 5is9_A_DXE_509
🔬 Step 11 item 127/377 done 5is9_A_DXE_509 sdf=written mapped=6 all_atoms=16 dt=0.0s
⏳ Step 11 progress: 127/377
🔬 Step 11 item 128/377 start 5is9_A_DXE_510
⚠️ Step 11 item skipped: 128/377 5is9_A_DXE_510 stage=BUILD_ROWS reason=ITEM_FAILED
🖼️ Step 11 SVG ready 5is9_A_DXE_510
🔬 Step 11 item 128/377 done 5is9_A_DXE_510 sdf=written mapped=6 all_atoms=16 dt=0.0s
⏳ Step 11 progress: 128/377
🔬 Step 11 item 129/377 start 5isa_A_DXE_504
⚠️ Step 11 item skipped: 129/377 5isa_A_DXE_504 stage=BUILD_ROWS reason=ITEM_FAILED
🖼️ Step 11 SVG ready 5isa_A_DXE_504
🔬 Step 11 item 129/377 done 5isa_A_DXE_504 sdf=written mapped=6 all_atoms=16 dt=0.0s
⏳ Step 11 progress: 129/377
🔬 Step 11 item 130/377 start 5isa_C_DXE_504
⚠️ Step 11 item skipped: 130/377 5isa_C_DXE_504 stage=BUILD_ROWS reason=ITEM_FAILED
🖼️ Step 11 SVG ready 5isa_C_DXE_504
🔬 Step 11 item 130/377 done 5isa_C_DXE_504 sdf=written mapped=6 all_atoms=16 dt=0.0s
⏳ Step 11 progress: 130/377
🔬 Step 11 item 131/377 start 5isa_C_DXE_505
⚠️ Step 11 item skipped: 131/377 5isa_C_DXE_505 stage=BUILD_ROWS reason=ITEM_FAILED
🖼️ Step 11 SVG ready 5isa_C_DXE_505
🔬 Step 11 item 131/377 done 5isa_C_DXE_505 sdf=written mapped=6 all_atoms=16 dt=0.0s
⏳ Step 11 progress: 131/377
🔬 Step 11 item 132/377 start 5isc_C_DXE_503
⚠️ Step 11 item skipped: 132/377 5isc_C_DXE_503 stage=BUILD_ROWS reason=ITEM_FAILED
🖼️ Step 11 SVG ready 5isc_C_DXE_503
🔬 Step 11 item 132/377 done 5isc_C_DXE_503 sdf=written mapped=6 all_atoms=16 dt=0.0s
⏳ Step 11 progress: 132/377
🔬 Step 11 item 133/377 start 5isc_D_DXE_503
⚠️ Step 11 item skipped: 133/377 5isc_D_DXE_503 stage=BUILD_ROWS reason=ITEM_FAILED
🖼️ Step 11 SVG ready 5isc_D_DXE_503
🔬 Step 11 item 133/377 done 5isc_D_DXE_503 sdf=written mapped=6 all_atoms=16 dt=0.0s
⏳ Step 11 progress: 133/377
🔬 Step 11 item 134/377 start 5ise_B_DXE_503
⚠️ Step 11 item skipped: 134/377 5ise_B_DXE_503 stage=BUILD_ROWS reason=ITEM_FAILED
🖼️ Step 11 SVG ready 5ise_B_DXE_503
🔬 Step 11 item 134/377 done 5ise_B_DXE_503 sdf=written mapped=6 all_atoms=16 dt=0.0s
⏳ Step 11 progress: 134/377
🔬 Step 11 item 135/377 start 5ise_C_DXE_503
⚠️ Step 11 item skipped: 135/377 5ise_C_DXE_503 stage=BUILD_ROWS reason=ITEM_FAILED
🖼️ Step 11 SVG ready 5ise_C_DXE_503
🔬 Step 11 item 135/377 done 5ise_C_DXE_503 sdf=written mapped=6 all_atoms=16 dt=0.0s
⏳ Step 11 progress: 135/377
🔬 Step 11 item 136/377 start 5ise_C_DXE_504
⚠️ Step 11 item skipped: 136/377 5ise_C_DXE_504 stage=BUILD_ROWS reason=ITEM_FAILED
🖼️ Step 11 SVG ready 5ise_C_DXE_504
🔬 Step 11 item 136/377 done 5ise_C_DXE_504 sdf=written mapped=6 all_atoms=16 dt=0.0s
⏳ Step 11 progress: 136/377
🔬 Step 11 item 137/377 start 5ise_A_DXE_505
⚠️ Step 11 item skipped: 137/377 5ise_A_DXE_505 stage=BUILD_ROWS reason=ITEM_FAILED
🖼️ Step 11 SVG ready 5ise_A_DXE_505
🔬 Step 11 item 137/377 done 5ise_A_DXE_505 sdf=written mapped=6 all_atoms=16 dt=0.0s
⏳ Step 11 progress: 137/377
🔬 Step 11 item 138/377 start 5isf_B_DXE_504
⚠️ Step 11 item skipped: 138/377 5isf_B_DXE_504 stage=BUILD_ROWS reason=ITEM_FAILED
🖼️ Step 11 SVG ready 5isf_B_DXE_504
🔬 Step 11 item 138/377 done 5isf_B_DXE_504 sdf=written mapped=6 all_atoms=16 dt=0.0s
⏳ Step 11 progress: 138/377
🔬 Step 11 item 139/377 start 5isf_C_DXE_504
⚠️ Step 11 item skipped: 139/377 5isf_C_DXE_504 stage=BUILD_ROWS reason=ITEM_FAILED
🖼️ Step 11 SVG ready 5isf_C_DXE_504
🔬 Step 11 item 139/377 done 5isf_C_DXE_504 sdf=written mapped=6 all_atoms=16 dt=0.0s
⏳ Step 11 progress: 139/377
🔬 Step 11 item 140/377 start 5isf_B_DXE_505
⚠️ Step 11 item skipped: 140/377 5isf_B_DXE_505 stage=BUILD_ROWS reason=ITEM_FAILED
🖼️ Step 11 SVG ready 5isf_B_DXE_505
🔬 Step 11 item 140/377 done 5isf_B_DXE_505 sdf=written mapped=6 all_atoms=16 dt=0.0s
⏳ Step 11 progress: 140/377
🔬 Step 11 item 141/377 start 5isf_A_DXE_507
⚠️ Step 11 item skipped: 141/377 5isf_A_DXE_507 stage=BUILD_ROWS reason=ITEM_FAILED
🖼️ Step 11 SVG ready 5isf_A_DXE_507
🔬 Step 11 item 141/377 done 5isf_A_DXE_507 sdf=written mapped=6 all_atoms=16 dt=0.0s
⏳ Step 11 progress: 141/377
🔬 Step 11 item 142/377 start 5isg_A_DXE_501
⚠️ Step 11 item skipped: 142/377 5isg_A_DXE_501 stage=BUILD_ROWS reason=ITEM_FAILED
🖼️ Step 11 SVG ready 5isg_A_DXE_501
🔬 Step 11 item 142/377 done 5isg_A_DXE_501 sdf=written mapped=6 all_atoms=16 dt=0.0s
⏳ Step 11 progress: 142/377
🔬 Step 11 item 143/377 start 5isg_B_DXE_501
⚠️ Step 11 item skipped: 143/377 5isg_B_DXE_501 stage=BUILD_ROWS reason=ITEM_FAILED
🖼️ Step 11 SVG ready 5isg_B_DXE_501
🔬 Step 11 item 143/377 done 5isg_B_DXE_501 sdf=written mapped=6 all_atoms=16 dt=0.0s
⏳ Step 11 progress: 143/377
🔬 Step 11 item 144/377 start 5isg_A_DXE_502
⚠️ Step 11 item skipped: 144/377 5isg_A_DXE_502 stage=BUILD_ROWS reason=ITEM_FAILED
🖼️ Step 11 SVG ready 5isg_A_DXE_502
🔬 Step 11 item 144/377 done 5isg_A_DXE_502 sdf=written mapped=6 all_atoms=16 dt=0.0s
⏳ Step 11 progress: 144/377
🔬 Step 11 item 145/377 start 5ish_D_DXE_503
⚠️ Step 11 item skipped: 145/377 5ish_D_DXE_503 stage=BUILD_ROWS reason=ITEM_FAILED
🖼️ Step 11 SVG ready 5ish_D_DXE_503
🔬 Step 11 item 145/377 done 5ish_D_DXE_503 sdf=written mapped=6 all_atoms=16 dt=0.0s
⏳ Step 11 progress: 145/377
🔬 Step 11 item 146/377 start 5ish_A_DXE_506
⚠️ Step 11 item skipped: 146/377 5ish_A_DXE_506 stage=BUILD_ROWS reason=ITEM_FAILED
🖼️ Step 11 SVG ready 5ish_A_DXE_506
🔬 Step 11 item 146/377 done 5ish_A_DXE_506 sdf=written mapped=6 all_atoms=16 dt=0.0s
⏳ Step 11 progress: 146/377
🔬 Step 11 item 147/377 start 5ish_C_DXE_506
⚠️ Step 11 item skipped: 147/377 5ish_C_DXE_506 stage=BUILD_ROWS reason=ITEM_FAILED
🖼️ Step 11 SVG ready 5ish_C_DXE_506
🔬 Step 11 item 147/377 done 5ish_C_DXE_506 sdf=written mapped=6 all_atoms=16 dt=0.0s
⏳ Step 11 progress: 147/377
🔬 Step 11 item 148/377 start 5ish_C_DXE_507
⚠️ Step 11 item skipped: 148/377 5ish_C_DXE_507 stage=BUILD_ROWS reason=ITEM_FAILED
🖼️ Step 11 SVG ready 5ish_C_DXE_507
🔬 Step 11 item 148/377 done 5ish_C_DXE_507 sdf=written mapped=6 all_atoms=16 dt=0.0s
⏳ Step 11 progress: 148/377
🔬 Step 11 item 149/377 start 5ish_C_DXE_508
⚠️ Step 11 item skipped: 149/377 5ish_C_DXE_508 stage=BUILD_ROWS reason=ITEM_FAILED
🖼️ Step 11 SVG ready 5ish_C_DXE_508
🔬 Step 11 item 149/377 done 5ish_C_DXE_508 sdf=written mapped=6 all_atoms=16 dt=0.0s
⏳ Step 11 progress: 149/377
🔬 Step 11 item 150/377 start 5ish_C_DXE_509
⚠️ Step 11 item skipped: 150/377 5ish_C_DXE_509 stage=BUILD_ROWS reason=ITEM_FAILED
🖼️ Step 11 SVG ready 5ish_C_DXE_509
🔬 Step 11 item 150/377 done 5ish_C_DXE_509 sdf=written mapped=6 all_atoms=16 dt=0.0s
⏳ Step 11 progress: 150/377
🔬 Step 11 item 151/377 start 5isi_A_DXE_503
⚠️ Step 11 item skipped: 151/377 5isi_A_DXE_503 stage=BUILD_ROWS reason=ITEM_FAILED
🖼️ Step 11 SVG ready 5isi_A_DXE_503
🔬 Step 11 item 151/377 done 5isi_A_DXE_503 sdf=written mapped=6 all_atoms=16 dt=0.0s
⏳ Step 11 progress: 151/377
🔬 Step 11 item 152/377 start 5isi_C_DXE_503
⚠️ Step 11 item skipped: 152/377 5isi_C_DXE_503 stage=BUILD_ROWS reason=ITEM_FAILED
🖼️ Step 11 SVG ready 5isi_C_DXE_503
🔬 Step 11 item 152/377 done 5isi_C_DXE_503 sdf=written mapped=6 all_atoms=16 dt=0.0s
⏳ Step 11 progress: 152/377
🔬 Step 11 item 153/377 start 5k8v_A_DXE_502
⚠️ Step 11 item skipped: 153/377 5k8v_A_DXE_502 stage=BUILD_ROWS reason=ITEM_FAILED
🖼️ Step 11 SVG ready 5k8v_A_DXE_502
🔬 Step 11 item 153/377 done 5k8v_A_DXE_502 sdf=written mapped=6 all_atoms=16 dt=0.0s
⏳ Step 11 progress: 153/377
🔬 Step 11 item 154/377 start 5k8w_A_DXE_502
⚠️ Step 11 item skipped: 154/377 5k8w_A_DXE_502 stage=BUILD_ROWS reason=ITEM_FAILED
🖼️ Step 11 SVG ready 5k8w_A_DXE_502
🔬 Step 11 item 154/377 done 5k8w_A_DXE_502 sdf=written mapped=6 all_atoms=16 dt=0.0s
⏳ Step 11 progress: 154/377
🔬 Step 11 item 155/377 start 5k8w_C_DXE_502
⚠️ Step 11 item skipped: 155/377 5k8w_C_DXE_502 stage=BUILD_ROWS reason=ITEM_FAILED
🖼️ Step 11 SVG ready 5k8w_C_DXE_502
🔬 Step 11 item 155/377 done 5k8w_C_DXE_502 sdf=written mapped=6 all_atoms=16 dt=0.0s
⏳ Step 11 progress: 155/377
🔬 Step 11 item 156/377 start 5k8w_D_DXE_502
⚠️ Step 11 item skipped: 156/377 5k8w_D_DXE_502 stage=BUILD_ROWS reason=ITEM_FAILED
🖼️ Step 11 SVG ready 5k8w_D_DXE_502
🔬 Step 11 item 156/377 done 5k8w_D_DXE_502 sdf=written mapped=6 all_atoms=16 dt=0.0s
⏳ Step 11 progress: 156/377
🔬 Step 11 item 157/377 start 5k8w_A_DXE_503
⚠️ Step 11 item skipped: 157/377 5k8w_A_DXE_503 stage=BUILD_ROWS reason=ITEM_FAILED
🖼️ Step 11 SVG ready 5k8w_A_DXE_503
🔬 Step 11 item 157/377 done 5k8w_A_DXE_503 sdf=written mapped=6 all_atoms=16 dt=0.0s
⏳ Step 11 progress: 157/377
🔬 Step 11 item 158/377 start 5k8w_C_DXE_503
⚠️ Step 11 item skipped: 158/377 5k8w_C_DXE_503 stage=BUILD_ROWS reason=ITEM_FAILED
🖼️ Step 11 SVG ready 5k8w_C_DXE_503
🔬 Step 11 item 158/377 done 5k8w_C_DXE_503 sdf=written mapped=6 all_atoms=16 dt=0.0s
⏳ Step 11 progress: 158/377
🔬 Step 11 item 159/377 start 5k8w_C_DXE_507
⚠️ Step 11 item skipped: 159/377 5k8w_C_DXE_507 stage=BUILD_ROWS reason=ITEM_FAILED
🖼️ Step 11 SVG ready 5k8w_C_DXE_507
🔬 Step 11 item 159/377 done 5k8w_C_DXE_507 sdf=written mapped=6 all_atoms=16 dt=0.0s
⏳ Step 11 progress: 159/377
🔬 Step 11 item 160/377 start 5k8x_B_DXE_505
⚠️ Step 11 item skipped: 160/377 5k8x_B_DXE_505 stage=BUILD_ROWS reason=ITEM_FAILED
🖼️ Step 11 SVG ready 5k8x_B_DXE_505
🔬 Step 11 item 160/377 done 5k8x_B_DXE_505 sdf=written mapped=6 all_atoms=16 dt=0.0s
⏳ Step 11 progress: 160/377
🔬 Step 11 item 161/377 start 5k8x_B_DXE_506
⚠️ Step 11 item skipped: 161/377 5k8x_B_DXE_506 stage=BUILD_ROWS reason=ITEM_FAILED
🖼️ Step 11 SVG ready 5k8x_B_DXE_506
🔬 Step 11 item 161/377 done 5k8x_B_DXE_506 sdf=written mapped=6 all_atoms=16 dt=0.0s
⏳ Step 11 progress: 161/377
🔬 Step 11 item 162/377 start 5k8x_C_DXE_507
⚠️ Step 11 item skipped: 162/377 5k8x_C_DXE_507 stage=BUILD_ROWS reason=ITEM_FAILED
🖼️ Step 11 SVG ready 5k8x_C_DXE_507
🔬 Step 11 item 162/377 done 5k8x_C_DXE_507 sdf=written mapped=6 all_atoms=16 dt=0.0s
⏳ Step 11 progress: 162/377
🔬 Step 11 item 163/377 start 5k8x_D_DXE_507
⚠️ Step 11 item skipped: 163/377 5k8x_D_DXE_507 stage=BUILD_ROWS reason=ITEM_FAILED
🖼️ Step 11 SVG ready 5k8x_D_DXE_507
🔬 Step 11 item 163/377 done 5k8x_D_DXE_507 sdf=written mapped=6 all_atoms=16 dt=0.0s
⏳ Step 11 progress: 163/377
🔬 Step 11 item 164/377 start 5k8x_C_DXE_508
⚠️ Step 11 item skipped: 164/377 5k8x_C_DXE_508 stage=BUILD_ROWS reason=ITEM_FAILED
🖼️ Step 11 SVG ready 5k8x_C_DXE_508
🔬 Step 11 item 164/377 done 5k8x_C_DXE_508 sdf=written mapped=6 all_atoms=16 dt=0.0s
⏳ Step 11 progress: 164/377
🔬 Step 11 item 165/377 start 5k8x_C_DXE_509
⚠️ Step 11 item skipped: 165/377 5k8x_C_DXE_509 stage=BUILD_ROWS reason=ITEM_FAILED
🖼️ Step 11 SVG ready 5k8x_C_DXE_509
🔬 Step 11 item 165/377 done 5k8x_C_DXE_509 sdf=written mapped=6 all_atoms=16 dt=0.0s
⏳ Step 11 progress: 165/377
🔬 Step 11 item 166/377 start 5lgq_A_DXE_504
⚠️ Step 11 item skipped: 166/377 5lgq_A_DXE_504 stage=BUILD_ROWS reason=ITEM_FAILED
🖼️ Step 11 SVG ready 5lgq_A_DXE_504
🔬 Step 11 item 166/377 done 5lgq_A_DXE_504 sdf=written mapped=6 all_atoms=16 dt=0.0s
⏳ Step 11 progress: 166/377
🔬 Step 11 item 167/377 start 5lgr_A_DXE_504
⚠️ Step 11 item skipped: 167/377 5lgr_A_DXE_504 stage=BUILD_ROWS reason=ITEM_FAILED
🖼️ Step 11 SVG ready 5lgr_A_DXE_504
🔬 Step 11 item 167/377 done 5lgr_A_DXE_504 sdf=written mapped=6 all_atoms=16 dt=0.0s
⏳ Step 11 progress: 167/377
🔬 Step 11 item 168/377 start 5lgs_B_DXE_501
⚠️ Step 11 item skipped: 168/377 5lgs_B_DXE_501 stage=BUILD_ROWS reason=ITEM_FAILED
🖼️ Step 11 SVG ready 5lgs_B_DXE_501
🔬 Step 11 item 168/377 done 5lgs_B_DXE_501 sdf=written mapped=6 all_atoms=16 dt=0.0s
⏳ Step 11 progress: 168/377
🔬 Step 11 item 169/377 start 5lgs_A_DXE_502
⚠️ Step 11 item skipped: 169/377 5lgs_A_DXE_502 stage=BUILD_ROWS reason=ITEM_FAILED
🖼️ Step 11 SVG ready 5lgs_A_DXE_502
🔬 Step 11 item 169/377 done 5lgs_A_DXE_502 sdf=written mapped=6 all_atoms=16 dt=0.0s
⏳ Step 11 progress: 169/377
🔬 Step 11 item 170/377 start 5lgs_D_DXE_502
⚠️ Step 11 item skipped: 170/377 5lgs_D_DXE_502 stage=BUILD_ROWS reason=ITEM_FAILED
🖼️ Step 11 SVG ready 5lgs_D_DXE_502
🔬 Step 11 item 170/377 done 5lgs_D_DXE_502 sdf=written mapped=6 all_atoms=16 dt=0.0s
⏳ Step 11 progress: 170/377
🔬 Step 11 item 171/377 start 5lkj_A_DXE_506
⚠️ Step 11 item skipped: 171/377 5lkj_A_DXE_506 stage=BUILD_ROWS reason=ITEM_FAILED
🖼️ Step 11 SVG ready 5lkj_A_DXE_506
🔬 Step 11 item 171/377 done 5lkj_A_DXE_506 sdf=written mapped=6 all_atoms=16 dt=0.0s
⏳ Step 11 progress: 171/377
🔬 Step 11 item 172/377 start 5lkj_B_DXE_506
⚠️ Step 11 item skipped: 172/377 5lkj_B_DXE_506 stage=BUILD_ROWS reason=ITEM_FAILED
🖼️ Step 11 SVG ready 5lkj_B_DXE_506
🔬 Step 11 item 172/377 done 5lkj_B_DXE_506 sdf=written mapped=6 all_atoms=16 dt=0.0s
⏳ Step 11 progress: 172/377
🔬 Step 11 item 173/377 start 5lkj_A_DXE_507
⚠️ Step 11 item skipped: 173/377 5lkj_A_DXE_507 stage=BUILD_ROWS reason=ITEM_FAILED
🖼️ Step 11 SVG ready 5lkj_A_DXE_507
🔬 Step 11 item 173/377 done 5lkj_A_DXE_507 sdf=written mapped=6 all_atoms=16 dt=0.0s
⏳ Step 11 progress: 173/377
🔬 Step 11 item 174/377 start 5lkj_B_DXE_507
⚠️ Step 11 item skipped: 174/377 5lkj_B_DXE_507 stage=BUILD_ROWS reason=ITEM_FAILED
🖼️ Step 11 SVG ready 5lkj_B_DXE_507
🔬 Step 11 item 174/377 done 5lkj_B_DXE_507 sdf=written mapped=6 all_atoms=16 dt=0.0s
⏳ Step 11 progress: 174/377
🔬 Step 11 item 175/377 start 5lkj_A_DXE_508
⚠️ Step 11 item skipped: 175/377 5lkj_A_DXE_508 stage=BUILD_ROWS reason=ITEM_FAILED
🖼️ Step 11 SVG ready 5lkj_A_DXE_508
🔬 Step 11 item 175/377 done 5lkj_A_DXE_508 sdf=written mapped=6 all_atoms=16 dt=0.0s
⏳ Step 11 progress: 175/377
🔬 Step 11 item 176/377 start 5lv2_C_DXE_505
⚠️ Step 11 item skipped: 176/377 5lv2_C_DXE_505 stage=BUILD_ROWS reason=ITEM_FAILED
🖼️ Step 11 SVG ready 5lv2_C_DXE_505
🔬 Step 11 item 176/377 done 5lv2_C_DXE_505 sdf=written mapped=6 all_atoms=16 dt=0.0s
⏳ Step 11 progress: 176/377
🔬 Step 11 item 177/377 start 5ntc_A_DXE_505
⚠️ Step 11 item skipped: 177/377 5ntc_A_DXE_505 stage=BUILD_ROWS reason=ITEM_FAILED
🖼️ Step 11 SVG ready 5ntc_A_DXE_505
🔬 Step 11 item 177/377 done 5ntc_A_DXE_505 sdf=written mapped=6 all_atoms=16 dt=0.0s
⏳ Step 11 progress: 177/377
🔬 Step 11 item 178/377 start 5ntc_C_DXE_505
⚠️ Step 11 item skipped: 178/377 5ntc_C_DXE_505 stage=BUILD_ROWS reason=ITEM_FAILED
🖼️ Step 11 SVG ready 5ntc_C_DXE_505
🔬 Step 11 item 178/377 done 5ntc_C_DXE_505 sdf=written mapped=6 all_atoms=16 dt=0.0s
⏳ Step 11 progress: 178/377
🔬 Step 11 item 179/377 start 5tbj_A_DXE_505
⚠️ Step 11 item skipped: 179/377 5tbj_A_DXE_505 stage=BUILD_ROWS reason=ITEM_FAILED
🖼️ Step 11 SVG ready 5tbj_A_DXE_505
🔬 Step 11 item 179/377 done 5tbj_A_DXE_505 sdf=written mapped=6 all_atoms=16 dt=0.0s
⏳ Step 11 progress: 179/377
🔬 Step 11 item 180/377 start 6d2l_A_FTG_501
🖼️ Step 11 SVG ready 6d2l_A_FTG_501
🔬 Step 11 item 180/377 done 6d2l_A_FTG_501 sdf=written mapped=44 all_atoms=44 dt=0.0s
⏳ Step 11 progress: 180/377
🔬 Step 11 item 181/377 start 6d2l_C_FTG_501
⚠️ Step 11 item skipped: 181/377 6d2l_C_FTG_501 stage=BUILD_ROWS reason=ITEM_FAILED
🖼️ Step 11 SVG ready 6d2l_C_FTG_501
🔬 Step 11 item 181/377 done 6d2l_C_FTG_501 sdf=written mapped=39 all_atoms=39 dt=0.0s
⏳ Step 11 progress: 181/377
🔬 Step 11 item 182/377 start 6d2l_F_FTG_501
🖼️ Step 11 SVG ready 6d2l_F_FTG_501
🔬 Step 11 item 182/377 done 6d2l_F_FTG_501 sdf=written mapped=44 all_atoms=44 dt=0.0s
⏳ Step 11 progress: 182/377
🔬 Step 11 item 183/377 start 6d2l_B_FTG_2000
🖼️ Step 11 SVG ready 6d2l_B_FTG_2000
🔬 Step 11 item 183/377 done 6d2l_B_FTG_2000 sdf=written mapped=44 all_atoms=44 dt=0.0s
⏳ Step 11 progress: 183/377
🔬 Step 11 item 184/377 start 6d2l_D_FTG_2000
🖼️ Step 11 SVG ready 6d2l_D_FTG_2000
🔬 Step 11 item 184/377 done 6d2l_D_FTG_2000 sdf=written mapped=44 all_atoms=44 dt=0.0s
⏳ Step 11 progress: 184/377
🔬 Step 11 item 185/377 start 6d2l_E_FTG_2000
⚠️ Step 11 item skipped: 185/377 6d2l_E_FTG_2000 stage=BUILD_ROWS reason=ITEM_FAILED
🖼️ Step 11 SVG ready 6d2l_E_FTG_2000
🔬 Step 11 item 185/377 done 6d2l_E_FTG_2000 sdf=written mapped=38 all_atoms=38 dt=0.0s
⏳ Step 11 progress: 185/377
🔬 Step 11 item 186/377 start 5k8w_A_GJV_501
⚠️ Step 11 item skipped: 186/377 5k8w_A_GJV_501 stage=BUILD_ROWS reason=ITEM_FAILED
🖼️ Step 11 SVG ready 5k8w_A_GJV_501
🔬 Step 11 item 186/377 done 5k8w_A_GJV_501 sdf=written mapped=24 all_atoms=45 dt=0.0s
⏳ Step 11 progress: 186/377
🔬 Step 11 item 187/377 start 5k8w_B_GJV_501
⚠️ Step 11 item skipped: 187/377 5k8w_B_GJV_501 stage=BUILD_ROWS reason=ITEM_FAILED
🖼️ Step 11 SVG ready 5k8w_B_GJV_501
🔬 Step 11 item 187/377 done 5k8w_B_GJV_501 sdf=written mapped=24 all_atoms=45 dt=0.0s
⏳ Step 11 progress: 187/377
🔬 Step 11 item 188/377 start 5k8w_C_GJV_501
⚠️ Step 11 item skipped: 188/377 5k8w_C_GJV_501 stage=BUILD_ROWS reason=ITEM_FAILED
🖼️ Step 11 SVG ready 5k8w_C_GJV_501
🔬 Step 11 item 188/377 done 5k8w_C_GJV_501 sdf=written mapped=24 all_atoms=45 dt=0.0s
⏳ Step 11 progress: 188/377
🔬 Step 11 item 189/377 start 5k8w_D_GJV_501
⚠️ Step 11 item skipped: 189/377 5k8w_D_GJV_501 stage=BUILD_ROWS reason=ITEM_FAILED
🖼️ Step 11 SVG ready 5k8w_D_GJV_501
🔬 Step 11 item 189/377 done 5k8w_D_GJV_501 sdf=written mapped=24 all_atoms=45 dt=0.0s
⏳ Step 11 progress: 189/377
🔬 Step 11 item 190/377 start 8sig_A_GWU_501
🖼️ Step 11 SVG ready 8sig_A_GWU_501
🔬 Step 11 item 190/377 done 8sig_A_GWU_501 sdf=written mapped=36 all_atoms=36 dt=0.0s
⏳ Step 11 progress: 190/377
🔬 Step 11 item 191/377 start 6dvr_A_HDG_501
🖼️ Step 11 SVG ready 6dvr_A_HDG_501
🔬 Step 11 item 191/377 done 6dvr_A_HDG_501 sdf=written mapped=45 all_atoms=45 dt=0.0s
⏳ Step 11 progress: 191/377
🔬 Step 11 item 192/377 start 6dvr_B_HDG_501
🖼️ Step 11 SVG ready 6dvr_B_HDG_501
🔬 Step 11 item 192/377 done 6dvr_B_HDG_501 sdf=written mapped=45 all_atoms=45 dt=0.0s
⏳ Step 11 progress: 192/377
🔬 Step 11 item 193/377 start 8g2i_A_I0B_501
⚠️ Step 11 item skipped: 193/377 8g2i_A_I0B_501 stage=BUILD_ROWS reason=ITEM_FAILED
🖼️ Step 11 SVG ready 8g2i_A_I0B_501
🔬 Step 11 item 193/377 done 8g2i_A_I0B_501 sdf=written mapped=46 all_atoms=46 dt=0.0s
⏳ Step 11 progress: 193/377
🔬 Step 11 item 194/377 start 8sih_A_I1K_501
⚠️ Step 11 item skipped: 194/377 8sih_A_I1K_501 stage=BUILD_ROWS reason=ITEM_FAILED
🖼️ Step 11 SVG ready 8sih_A_I1K_501
🔬 Step 11 item 194/377 done 8sih_A_I1K_501 sdf=written mapped=44 all_atoms=44 dt=0.0s
⏳ Step 11 progress: 194/377
🔬 Step 11 item 195/377 start 6s77_A_KXW_501
🖼️ Step 11 SVG ready 6s77_A_KXW_501
🔬 Step 11 item 195/377 done 6s77_A_KXW_501 sdf=written mapped=36 all_atoms=36 dt=0.0s
⏳ Step 11 progress: 195/377
🔬 Step 11 item 196/377 start 6s77_B_KXW_501
🖼️ Step 11 SVG ready 6s77_B_KXW_501
🔬 Step 11 item 196/377 done 6s77_B_KXW_501 sdf=written mapped=36 all_atoms=36 dt=0.0s
⏳ Step 11 progress: 196/377
🔬 Step 11 item 197/377 start 6s77_C_KXW_501
🖼️ Step 11 SVG ready 6s77_C_KXW_501
🔬 Step 11 item 197/377 done 6s77_C_KXW_501 sdf=written mapped=36 all_atoms=36 dt=0.0s
⏳ Step 11 progress: 197/377
🔬 Step 11 item 198/377 start 6s77_D_KXW_501
🖼️ Step 11 SVG ready 6s77_D_KXW_501
🔬 Step 11 item 198/377 done 6s77_D_KXW_501 sdf=written mapped=36 all_atoms=36 dt=0.0s
⏳ Step 11 progress: 198/377
🔬 Step 11 item 199/377 start 6s79_A_KXW_501
🖼️ Step 11 SVG ready 6s79_A_KXW_501
🔬 Step 11 item 199/377 done 6s79_A_KXW_501 sdf=written mapped=36 all_atoms=36 dt=0.0s
⏳ Step 11 progress: 199/377
🔬 Step 11 item 200/377 start 6s79_B_KXW_501
🖼️ Step 11 SVG ready 6s79_B_KXW_501
🔬 Step 11 item 200/377 done 6s79_B_KXW_501 sdf=written mapped=36 all_atoms=36 dt=0.0s
⏳ Step 11 progress: 200/377
🔬 Step 11 item 201/377 start 6s79_C_KXW_501
[17:56:18] WARNING: could not find number of expected rings. Switching to an approximate ring finding algorithm.
⚠️ Step 11 item skipped: 201/377 6s79_C_KXW_501 stage=BUILD_ROWS reason=ITEM_FAILED
🖼️ Step 11 SVG ready 6s79_C_KXW_501
🔬 Step 11 item 201/377 done 6s79_C_KXW_501 sdf=written mapped=36 all_atoms=72 dt=0.0s
⏳ Step 11 progress: 201/377
🔬 Step 11 item 202/377 start 6s79_D_KXW_501
[17:56:18] WARNING: could not find number of expected rings. Switching to an approximate ring finding algorithm.
⚠️ Step 11 item skipped: 202/377 6s79_D_KXW_501 stage=BUILD_ROWS reason=ITEM_FAILED
🖼️ Step 11 SVG ready 6s79_D_KXW_501
🔬 Step 11 item 202/377 done 6s79_D_KXW_501 sdf=written mapped=36 all_atoms=72 dt=0.0s
⏳ Step 11 progress: 202/377
🔬 Step 11 item 203/377 start 6s7c_A_KY2_501
⚠️ Step 11 item skipped: 203/377 6s7c_A_KY2_501 stage=BUILD_ROWS reason=ITEM_FAILED
🖼️ Step 11 SVG ready 6s7c_A_KY2_501
🔬 Step 11 item 203/377 done 6s7c_A_KY2_501 sdf=written mapped=30 all_atoms=30 dt=0.0s
⏳ Step 11 progress: 203/377
🔬 Step 11 item 204/377 start 6s7c_B_KY2_501
⚠️ Step 11 item skipped: 204/377 6s7c_B_KY2_501 stage=BUILD_ROWS reason=ITEM_FAILED
🖼️ Step 11 SVG ready 6s7c_B_KY2_501
🔬 Step 11 item 204/377 done 6s7c_B_KY2_501 sdf=written mapped=30 all_atoms=30 dt=0.0s
⏳ Step 11 progress: 204/377
🔬 Step 11 item 205/377 start 6s7c_C_KY2_501
⚠️ Step 11 item skipped: 205/377 6s7c_C_KY2_501 stage=BUILD_ROWS reason=ITEM_FAILED
🖼️ Step 11 SVG ready 6s7c_C_KY2_501
🔬 Step 11 item 205/377 done 6s7c_C_KY2_501 sdf=written mapped=30 all_atoms=30 dt=0.0s
⏳ Step 11 progress: 205/377
🔬 Step 11 item 206/377 start 6s7c_D_KY2_501
⚠️ Step 11 item skipped: 206/377 6s7c_D_KY2_501 stage=BUILD_ROWS reason=ITEM_FAILED
🖼️ Step 11 SVG ready 6s7c_D_KY2_501
🔬 Step 11 item 206/377 done 6s7c_D_KY2_501 sdf=written mapped=30 all_atoms=30 dt=0.0s
⏳ Step 11 progress: 206/377
🔬 Step 11 item 207/377 start 6s7a_A_KY5_501
🖼️ Step 11 SVG ready 6s7a_A_KY5_501
🔬 Step 11 item 207/377 done 6s7a_A_KY5_501 sdf=written mapped=33 all_atoms=33 dt=0.0s
⏳ Step 11 progress: 207/377
🔬 Step 11 item 208/377 start 6s7a_B_KY5_501
🖼️ Step 11 SVG ready 6s7a_B_KY5_501
🔬 Step 11 item 208/377 done 6s7a_B_KY5_501 sdf=written mapped=33 all_atoms=33 dt=0.0s
⏳ Step 11 progress: 208/377
🔬 Step 11 item 209/377 start 6s7a_C_KY5_501
🖼️ Step 11 SVG ready 6s7a_C_KY5_501
🔬 Step 11 item 209/377 done 6s7a_C_KY5_501 sdf=written mapped=33 all_atoms=33 dt=0.0s
⏳ Step 11 progress: 209/377
🔬 Step 11 item 210/377 start 6s7a_D_KY5_501
🖼️ Step 11 SVG ready 6s7a_D_KY5_501
🔬 Step 11 item 210/377 done 6s7a_D_KY5_501 sdf=written mapped=33 all_atoms=33 dt=0.0s
⏳ Step 11 progress: 210/377
🔬 Step 11 item 211/377 start 6s74_A_KY8_501
[17:56:18] WARNING: could not find number of expected rings. Switching to an approximate ring finding algorithm.
⚠️ Step 11 item skipped: 211/377 6s74_A_KY8_501 stage=BUILD_ROWS reason=ITEM_FAILED
🖼️ Step 11 SVG ready 6s74_A_KY8_501
🔬 Step 11 item 211/377 done 6s74_A_KY8_501 sdf=written mapped=33 all_atoms=66 dt=0.0s
⏳ Step 11 progress: 211/377
🔬 Step 11 item 212/377 start 6s74_B_KY8_501
[17:56:18] WARNING: could not find number of expected rings. Switching to an approximate ring finding algorithm.
⚠️ Step 11 item skipped: 212/377 6s74_B_KY8_501 stage=BUILD_ROWS reason=ITEM_FAILED
🖼️ Step 11 SVG ready 6s74_B_KY8_501
🔬 Step 11 item 212/377 done 6s74_B_KY8_501 sdf=written mapped=33 all_atoms=66 dt=0.0s
⏳ Step 11 progress: 212/377
🔬 Step 11 item 213/377 start 6s74_C_KY8_501
🖼️ Step 11 SVG ready 6s74_C_KY8_501
🔬 Step 11 item 213/377 done 6s74_C_KY8_501 sdf=written mapped=33 all_atoms=33 dt=0.0s
⏳ Step 11 progress: 213/377
🔬 Step 11 item 214/377 start 6s74_D_KY8_501
🖼️ Step 11 SVG ready 6s74_D_KY8_501
🔬 Step 11 item 214/377 done 6s74_D_KY8_501 sdf=written mapped=33 all_atoms=33 dt=0.0s
⏳ Step 11 progress: 214/377
🔬 Step 11 item 215/377 start 6s70_A_KYB_501
⚠️ Step 11 item skipped: 215/377 6s70_A_KYB_501 stage=BUILD_ROWS reason=ITEM_FAILED
🖼️ Step 11 SVG ready 6s70_A_KYB_501
🔬 Step 11 item 215/377 done 6s70_A_KYB_501 sdf=written mapped=32 all_atoms=32 dt=0.0s
⏳ Step 11 progress: 215/377
🔬 Step 11 item 216/377 start 6s70_B_KYB_501
⚠️ Step 11 item skipped: 216/377 6s70_B_KYB_501 stage=BUILD_ROWS reason=ITEM_FAILED
🖼️ Step 11 SVG ready 6s70_B_KYB_501
🔬 Step 11 item 216/377 done 6s70_B_KYB_501 sdf=written mapped=32 all_atoms=32 dt=0.0s
⏳ Step 11 progress: 216/377
🔬 Step 11 item 217/377 start 6s70_C_KYB_501
⚠️ Step 11 item skipped: 217/377 6s70_C_KYB_501 stage=BUILD_ROWS reason=ITEM_FAILED
🖼️ Step 11 SVG ready 6s70_C_KYB_501
🔬 Step 11 item 217/377 done 6s70_C_KYB_501 sdf=written mapped=32 all_atoms=32 dt=0.0s
⏳ Step 11 progress: 217/377
🔬 Step 11 item 218/377 start 6s70_D_KYB_501
⚠️ Step 11 item skipped: 218/377 6s70_D_KYB_501 stage=BUILD_ROWS reason=ITEM_FAILED
🖼️ Step 11 SVG ready 6s70_D_KYB_501
🔬 Step 11 item 218/377 done 6s70_D_KYB_501 sdf=written mapped=32 all_atoms=32 dt=0.0s
⏳ Step 11 progress: 218/377
🔬 Step 11 item 219/377 start 6s71_A_KYE_501
⚠️ Step 11 item skipped: 219/377 6s71_A_KYE_501 stage=BUILD_ROWS reason=ITEM_FAILED
🖼️ Step 11 SVG ready 6s71_A_KYE_501
🔬 Step 11 item 219/377 done 6s71_A_KYE_501 sdf=written mapped=35 all_atoms=35 dt=0.0s
⏳ Step 11 progress: 219/377
🔬 Step 11 item 220/377 start 6s71_B_KYE_501
⚠️ Step 11 item skipped: 220/377 6s71_B_KYE_501 stage=BUILD_ROWS reason=ITEM_FAILED
🖼️ Step 11 SVG ready 6s71_B_KYE_501
🔬 Step 11 item 220/377 done 6s71_B_KYE_501 sdf=written mapped=35 all_atoms=35 dt=0.0s
⏳ Step 11 progress: 220/377
🔬 Step 11 item 221/377 start 6s71_C_KYE_501
[17:56:19] [mem] running 11_mcsMatcher.py parent=98.1MB child_tree=140.7MB combined=238.8MB
⚠️ Step 11 item skipped: 221/377 6s71_C_KYE_501 stage=BUILD_ROWS reason=ITEM_FAILED
🖼️ Step 11 SVG ready 6s71_C_KYE_501
🔬 Step 11 item 221/377 done 6s71_C_KYE_501 sdf=written mapped=35 all_atoms=35 dt=0.0s
⏳ Step 11 progress: 221/377
🔬 Step 11 item 222/377 start 6s71_D_KYE_501
⚠️ Step 11 item skipped: 222/377 6s71_D_KYE_501 stage=BUILD_ROWS reason=ITEM_FAILED
🖼️ Step 11 SVG ready 6s71_D_KYE_501
🔬 Step 11 item 222/377 done 6s71_D_KYE_501 sdf=written mapped=35 all_atoms=35 dt=0.0s
⏳ Step 11 progress: 222/377
🔬 Step 11 item 223/377 start 6s7b_A_KYH_501
⚠️ Step 11 item skipped: 223/377 6s7b_A_KYH_501 stage=BUILD_ROWS reason=ITEM_FAILED
🖼️ Step 11 SVG ready 6s7b_A_KYH_501
🔬 Step 11 item 223/377 done 6s7b_A_KYH_501 sdf=written mapped=31 all_atoms=31 dt=0.0s
⏳ Step 11 progress: 223/377
🔬 Step 11 item 224/377 start 6s7b_B_KYH_501
⚠️ Step 11 item skipped: 224/377 6s7b_B_KYH_501 stage=BUILD_ROWS reason=ITEM_FAILED
🖼️ Step 11 SVG ready 6s7b_B_KYH_501
🔬 Step 11 item 224/377 done 6s7b_B_KYH_501 sdf=written mapped=31 all_atoms=31 dt=0.0s
⏳ Step 11 progress: 224/377
🔬 Step 11 item 225/377 start 6s7b_C_KYH_501
⚠️ Step 11 item skipped: 225/377 6s7b_C_KYH_501 stage=BUILD_ROWS reason=ITEM_FAILED
🖼️ Step 11 SVG ready 6s7b_C_KYH_501
🔬 Step 11 item 225/377 done 6s7b_C_KYH_501 sdf=written mapped=31 all_atoms=31 dt=0.0s
⏳ Step 11 progress: 225/377
🔬 Step 11 item 226/377 start 6s7b_D_KYH_501
⚠️ Step 11 item skipped: 226/377 6s7b_D_KYH_501 stage=BUILD_ROWS reason=ITEM_FAILED
🖼️ Step 11 SVG ready 6s7b_D_KYH_501
🔬 Step 11 item 226/377 done 6s7b_D_KYH_501 sdf=written mapped=31 all_atoms=31 dt=0.0s
⏳ Step 11 progress: 226/377
🔬 Step 11 item 227/377 start 5lv2_B_LHB_501
⚠️ Step 11 item skipped: 227/377 5lv2_B_LHB_501 stage=BUILD_ROWS reason=ITEM_FAILED
🖼️ Step 11 SVG ready 5lv2_B_LHB_501
🔬 Step 11 item 227/377 done 5lv2_B_LHB_501 sdf=written mapped=31 all_atoms=54 dt=0.0s
⏳ Step 11 progress: 227/377
🔬 Step 11 item 228/377 start 5lv2_D_LHB_501
⚠️ Step 11 item skipped: 228/377 5lv2_D_LHB_501 stage=BUILD_ROWS reason=ITEM_FAILED
🖼️ Step 11 SVG ready 5lv2_D_LHB_501
🔬 Step 11 item 228/377 done 5lv2_D_LHB_501 sdf=written mapped=31 all_atoms=54 dt=0.0s
⏳ Step 11 progress: 228/377
🔬 Step 11 item 229/377 start 5lv2_F_LHB_501
⚠️ Step 11 item skipped: 229/377 5lv2_F_LHB_501 stage=BUILD_ROWS reason=ITEM_FAILED
🖼️ Step 11 SVG ready 5lv2_F_LHB_501
🔬 Step 11 item 229/377 done 5lv2_F_LHB_501 sdf=written mapped=31 all_atoms=54 dt=0.0s
⏳ Step 11 progress: 229/377
🔬 Step 11 item 230/377 start 5lv2_H_LHB_501
⚠️ Step 11 item skipped: 230/377 5lv2_H_LHB_501 stage=BUILD_ROWS reason=ITEM_FAILED
🖼️ Step 11 SVG ready 5lv2_H_LHB_501
🔬 Step 11 item 230/377 done 5lv2_H_LHB_501 sdf=written mapped=31 all_atoms=54 dt=0.0s
⏳ Step 11 progress: 230/377
🔬 Step 11 item 231/377 start 5tbj_A_LHD_501
⚠️ Step 11 item skipped: 231/377 5tbj_A_LHD_501 stage=BUILD_ROWS reason=ITEM_FAILED
🖼️ Step 11 SVG ready 5tbj_A_LHD_501
🔬 Step 11 item 231/377 done 5tbj_A_LHD_501 sdf=written mapped=32 all_atoms=58 dt=0.0s
⏳ Step 11 progress: 231/377
🔬 Step 11 item 232/377 start 5tbj_B_LHD_501
⚠️ Step 11 item skipped: 232/377 5tbj_B_LHD_501 stage=BUILD_ROWS reason=ITEM_FAILED
🖼️ Step 11 SVG ready 5tbj_B_LHD_501
🔬 Step 11 item 232/377 done 5tbj_B_LHD_501 sdf=written mapped=32 all_atoms=58 dt=0.0s
⏳ Step 11 progress: 232/377
🔬 Step 11 item 233/377 start 5tbj_C_LHD_501
⚠️ Step 11 item skipped: 233/377 5tbj_C_LHD_501 stage=BUILD_ROWS reason=ITEM_FAILED
🖼️ Step 11 SVG ready 5tbj_C_LHD_501
🔬 Step 11 item 233/377 done 5tbj_C_LHD_501 sdf=written mapped=32 all_atoms=58 dt=0.0s
⏳ Step 11 progress: 233/377
🔬 Step 11 item 234/377 start 5tbj_D_LHD_501
⚠️ Step 11 item skipped: 234/377 5tbj_D_LHD_501 stage=BUILD_ROWS reason=ITEM_FAILED
🖼️ Step 11 SVG ready 5tbj_D_LHD_501
🔬 Step 11 item 234/377 done 5tbj_D_LHD_501 sdf=written mapped=32 all_atoms=58 dt=0.0s
⏳ Step 11 progress: 234/377
🔬 Step 11 item 235/377 start 5lv3_B_LHF_501
⚠️ Step 11 item skipped: 235/377 5lv3_B_LHF_501 stage=BUILD_ROWS reason=ITEM_FAILED
🖼️ Step 11 SVG ready 5lv3_B_LHF_501
🔬 Step 11 item 235/377 done 5lv3_B_LHF_501 sdf=written mapped=39 all_atoms=66 dt=0.0s
⏳ Step 11 progress: 235/377
🔬 Step 11 item 236/377 start 5lv3_C_LHF_501
⚠️ Step 11 item skipped: 236/377 5lv3_C_LHF_501 stage=BUILD_ROWS reason=ITEM_FAILED
🖼️ Step 11 SVG ready 5lv3_C_LHF_501
🔬 Step 11 item 236/377 done 5lv3_C_LHF_501 sdf=written mapped=39 all_atoms=67 dt=0.0s
⏳ Step 11 progress: 236/377
🔬 Step 11 item 237/377 start 5lgr_G_LPD_101
⚠️ Step 11 item skipped: 237/377 5lgr_G_LPD_101 stage=BUILD_ROWS reason=ITEM_FAILED
🖼️ Step 11 SVG ready 5lgr_G_LPD_101
🔬 Step 11 item 237/377 done 5lgr_G_LPD_101 sdf=written mapped=8 all_atoms=17 dt=0.0s
⏳ Step 11 progress: 237/377
🔬 Step 11 item 238/377 start 5lgr_E_LPD_102
⚠️ Step 11 item skipped: 238/377 5lgr_E_LPD_102 stage=BUILD_ROWS reason=ITEM_FAILED
🖼️ Step 11 SVG ready 5lgr_E_LPD_102
🔬 Step 11 item 238/377 done 5lgr_E_LPD_102 sdf=written mapped=8 all_atoms=17 dt=0.0s
⏳ Step 11 progress: 238/377
🔬 Step 11 item 239/377 start 5lgr_F_LPD_103
⚠️ Step 11 item skipped: 239/377 5lgr_F_LPD_103 stage=BUILD_ROWS reason=ITEM_FAILED
🖼️ Step 11 SVG ready 5lgr_F_LPD_103
🔬 Step 11 item 239/377 done 5lgr_F_LPD_103 sdf=written mapped=8 all_atoms=17 dt=0.0s
⏳ Step 11 progress: 239/377
🔬 Step 11 item 240/377 start 5lgr_H_LPD_103
⚠️ Step 11 item skipped: 240/377 5lgr_H_LPD_103 stage=BUILD_ROWS reason=ITEM_FAILED
🖼️ Step 11 SVG ready 5lgr_H_LPD_103
🔬 Step 11 item 240/377 done 5lgr_H_LPD_103 sdf=written mapped=8 all_atoms=17 dt=0.0s
⏳ Step 11 progress: 240/377
🔬 Step 11 item 241/377 start 7pv6_A_LRZ_501
⚠️ Step 11 item skipped: 241/377 7pv6_A_LRZ_501 stage=BUILD_ROWS reason=ITEM_FAILED
🖼️ Step 11 SVG ready 7pv6_A_LRZ_501
🔬 Step 11 item 241/377 done 7pv6_A_LRZ_501 sdf=written mapped=45 all_atoms=76 dt=0.0s
⏳ Step 11 progress: 241/377
🔬 Step 11 item 242/377 start 7pv6_B_LRZ_501
⚠️ Step 11 item skipped: 242/377 7pv6_B_LRZ_501 stage=BUILD_ROWS reason=ITEM_FAILED
🖼️ Step 11 SVG ready 7pv6_B_LRZ_501
🔬 Step 11 item 242/377 done 7pv6_B_LRZ_501 sdf=written mapped=45 all_atoms=76 dt=0.0s
⏳ Step 11 progress: 242/377
🔬 Step 11 item 243/377 start 7pv6_C_LRZ_501
⚠️ Step 11 item skipped: 243/377 7pv6_C_LRZ_501 stage=BUILD_ROWS reason=ITEM_FAILED
🖼️ Step 11 SVG ready 7pv6_C_LRZ_501
🔬 Step 11 item 243/377 done 7pv6_C_LRZ_501 sdf=written mapped=45 all_atoms=76 dt=0.0s
⏳ Step 11 progress: 243/377
🔬 Step 11 item 244/377 start 7pv6_D_LRZ_501
⚠️ Step 11 item skipped: 244/377 7pv6_D_LRZ_501 stage=BUILD_ROWS reason=ITEM_FAILED
🖼️ Step 11 SVG ready 7pv6_D_LRZ_501
🔬 Step 11 item 244/377 done 7pv6_D_LRZ_501 sdf=written mapped=45 all_atoms=76 dt=0.0s
⏳ Step 11 progress: 244/377
🔬 Step 11 item 245/377 start 7ppq_A_LSK_501
⚠️ Step 11 item skipped: 245/377 7ppq_A_LSK_501 stage=BUILD_ROWS reason=ITEM_FAILED
🖼️ Step 11 SVG ready 7ppq_A_LSK_501
🔬 Step 11 item 245/377 done 7ppq_A_LSK_501 sdf=written mapped=47 all_atoms=82 dt=0.0s
⏳ Step 11 progress: 245/377
🔬 Step 11 item 246/377 start 7ppq_B_LSK_501
⚠️ Step 11 item skipped: 246/377 7ppq_B_LSK_501 stage=BUILD_ROWS reason=ITEM_FAILED
🖼️ Step 11 SVG ready 7ppq_B_LSK_501
🔬 Step 11 item 246/377 done 7ppq_B_LSK_501 sdf=written mapped=47 all_atoms=82 dt=0.0s
⏳ Step 11 progress: 246/377
🔬 Step 11 item 247/377 start 7ppq_C_LSK_501
⚠️ Step 11 item skipped: 247/377 7ppq_C_LSK_501 stage=BUILD_ROWS reason=ITEM_FAILED
🖼️ Step 11 SVG ready 7ppq_C_LSK_501
🔬 Step 11 item 247/377 done 7ppq_C_LSK_501 sdf=written mapped=47 all_atoms=82 dt=0.0s
⏳ Step 11 progress: 247/377
🔬 Step 11 item 248/377 start 7ppq_D_LSK_501
⚠️ Step 11 item skipped: 248/377 7ppq_D_LSK_501 stage=BUILD_ROWS reason=ITEM_FAILED
🖼️ Step 11 SVG ready 7ppq_D_LSK_501
🔬 Step 11 item 248/377 done 7ppq_D_LSK_501 sdf=written mapped=47 all_atoms=82 dt=0.0s
⏳ Step 11 progress: 248/377
🔬 Step 11 item 249/377 start 5is9_B_M2M_506
⚠️ Step 11 item skipped: 249/377 5is9_B_M2M_506 stage=BUILD_ROWS reason=ITEM_FAILED
🖼️ Step 11 SVG ready 5is9_B_M2M_506
🔬 Step 11 item 249/377 done 5is9_B_M2M_506 sdf=written mapped=9 all_atoms=23 dt=0.0s
⏳ Step 11 progress: 249/377
🔬 Step 11 item 250/377 start 5isa_A_M2M_506
⚠️ Step 11 item skipped: 250/377 5isa_A_M2M_506 stage=BUILD_ROWS reason=ITEM_FAILED
🖼️ Step 11 SVG ready 5isa_A_M2M_506
🔬 Step 11 item 250/377 done 5isa_A_M2M_506 sdf=written mapped=9 all_atoms=23 dt=0.0s
⏳ Step 11 progress: 250/377
🔬 Step 11 item 251/377 start 5isb_A_M2M_508
⚠️ Step 11 item skipped: 251/377 5isb_A_M2M_508 stage=BUILD_ROWS reason=ITEM_FAILED
🖼️ Step 11 SVG ready 5isb_A_M2M_508
🔬 Step 11 item 251/377 done 5isb_A_M2M_508 sdf=written mapped=9 all_atoms=23 dt=0.0s
⏳ Step 11 progress: 251/377
🔬 Step 11 item 252/377 start 5isc_C_M2M_504
⚠️ Step 11 item skipped: 252/377 5isc_C_M2M_504 stage=BUILD_ROWS reason=ITEM_FAILED
🖼️ Step 11 SVG ready 5isc_C_M2M_504
🔬 Step 11 item 252/377 done 5isc_C_M2M_504 sdf=written mapped=9 all_atoms=23 dt=0.0s
⏳ Step 11 progress: 252/377
🔬 Step 11 item 253/377 start 5isd_A_M2M_506
⚠️ Step 11 item skipped: 253/377 5isd_A_M2M_506 stage=BUILD_ROWS reason=ITEM_FAILED
🖼️ Step 11 SVG ready 5isd_A_M2M_506
🔬 Step 11 item 253/377 done 5isd_A_M2M_506 sdf=written mapped=9 all_atoms=23 dt=0.0s
⏳ Step 11 progress: 253/377
🔬 Step 11 item 254/377 start 5isf_C_M2M_505
⚠️ Step 11 item skipped: 254/377 5isf_C_M2M_505 stage=BUILD_ROWS reason=ITEM_FAILED
🖼️ Step 11 SVG ready 5isf_C_M2M_505
🔬 Step 11 item 254/377 done 5isf_C_M2M_505 sdf=written mapped=9 all_atoms=23 dt=0.0s
⏳ Step 11 progress: 254/377
🔬 Step 11 item 255/377 start 5isf_A_M2M_506
⚠️ Step 11 item skipped: 255/377 5isf_A_M2M_506 stage=BUILD_ROWS reason=ITEM_FAILED
🖼️ Step 11 SVG ready 5isf_A_M2M_506
🔬 Step 11 item 255/377 done 5isf_A_M2M_506 sdf=written mapped=9 all_atoms=23 dt=0.0s
⏳ Step 11 progress: 255/377
🔬 Step 11 item 256/377 start 5isg_A_M2M_510
⚠️ Step 11 item skipped: 256/377 5isg_A_M2M_510 stage=BUILD_ROWS reason=ITEM_FAILED
🖼️ Step 11 SVG ready 5isg_A_M2M_510
🔬 Step 11 item 256/377 done 5isg_A_M2M_510 sdf=written mapped=9 all_atoms=23 dt=0.0s
⏳ Step 11 progress: 256/377
🔬 Step 11 item 257/377 start 5ish_A_M2M_507
⚠️ Step 11 item skipped: 257/377 5ish_A_M2M_507 stage=BUILD_ROWS reason=ITEM_FAILED
🖼️ Step 11 SVG ready 5ish_A_M2M_507
🔬 Step 11 item 257/377 done 5ish_A_M2M_507 sdf=written mapped=9 all_atoms=23 dt=0.0s
⏳ Step 11 progress: 257/377
🔬 Step 11 item 258/377 start 5k8x_C_M2M_510
⚠️ Step 11 item skipped: 258/377 5k8x_C_M2M_510 stage=BUILD_ROWS reason=ITEM_FAILED
🖼️ Step 11 SVG ready 5k8x_C_M2M_510
🔬 Step 11 item 258/377 done 5k8x_C_M2M_510 sdf=written mapped=9 all_atoms=23 dt=0.0s
⏳ Step 11 progress: 258/377
🔬 Step 11 item 259/377 start 5lv2_C_M2M_504
⚠️ Step 11 item skipped: 259/377 5lv2_C_M2M_504 stage=BUILD_ROWS reason=ITEM_FAILED
🖼️ Step 11 SVG ready 5lv2_C_M2M_504
🔬 Step 11 item 259/377 done 5lv2_C_M2M_504 sdf=written mapped=9 all_atoms=23 dt=0.0s
⏳ Step 11 progress: 259/377
🔬 Step 11 item 260/377 start 5lv2_E_M2M_504
⚠️ Step 11 item skipped: 260/377 5lv2_E_M2M_504 stage=BUILD_ROWS reason=ITEM_FAILED
🖼️ Step 11 SVG ready 5lv2_E_M2M_504
🔬 Step 11 item 260/377 done 5lv2_E_M2M_504 sdf=written mapped=9 all_atoms=23 dt=0.0s
⏳ Step 11 progress: 260/377
🔬 Step 11 item 261/377 start 5ntc_A_M2M_506
⚠️ Step 11 item skipped: 261/377 5ntc_A_M2M_506 stage=BUILD_ROWS reason=ITEM_FAILED
🖼️ Step 11 SVG ready 5ntc_A_M2M_506
🔬 Step 11 item 261/377 done 5ntc_A_M2M_506 sdf=written mapped=9 all_atoms=23 dt=0.0s
⏳ Step 11 progress: 261/377
🔬 Step 11 item 262/377 start 5tbh_A_M2M_501
⚠️ Step 11 item skipped: 262/377 5tbh_A_M2M_501 stage=BUILD_ROWS reason=ITEM_FAILED
🖼️ Step 11 SVG ready 5tbh_A_M2M_501
🔬 Step 11 item 262/377 done 5tbh_A_M2M_501 sdf=written mapped=9 all_atoms=23 dt=0.0s
⏳ Step 11 progress: 262/377
🔬 Step 11 item 263/377 start 6dvr_A_P15_502
⚠️ Step 11 item skipped: 263/377 6dvr_A_P15_502 stage=BUILD_ROWS reason=ITEM_FAILED
🖼️ Step 11 SVG ready 6dvr_A_P15_502
🔬 Step 11 item 263/377 done 6dvr_A_P15_502 sdf=written mapped=19 all_atoms=19 dt=0.0s
⏳ Step 11 progress: 263/377
🔬 Step 11 item 264/377 start 6dvr_B_P15_502
⚠️ Step 11 item skipped: 264/377 6dvr_B_P15_502 stage=BUILD_ROWS reason=ITEM_FAILED
🖼️ Step 11 SVG ready 6dvr_B_P15_502
🔬 Step 11 item 264/377 done 6dvr_B_P15_502 sdf=written mapped=14 all_atoms=14 dt=0.0s
⏳ Step 11 progress: 264/377
🔬 Step 11 item 265/377 start 5lkj_B_P33_505
⚠️ Step 11 item skipped: 265/377 5lkj_B_P33_505 stage=BUILD_ROWS reason=ITEM_FAILED
🖼️ Step 11 SVG ready 5lkj_B_P33_505
🔬 Step 11 item 265/377 done 5lkj_B_P33_505 sdf=written mapped=22 all_atoms=52 dt=0.0s
⏳ Step 11 progress: 265/377
🔬 Step 11 item 266/377 start 5ih3_B_PE8_506
⚠️ Step 11 item skipped: 266/377 5ih3_B_PE8_506 stage=BUILD_ROWS reason=ITEM_FAILED
🖼️ Step 11 SVG ready 5ih3_B_PE8_506
🔬 Step 11 item 266/377 done 5ih3_B_PE8_506 sdf=written mapped=25 all_atoms=59 dt=0.0s
⏳ Step 11 progress: 266/377
🔬 Step 11 item 267/377 start 5ise_B_PE8_502
⚠️ Step 11 item skipped: 267/377 5ise_B_PE8_502 stage=BUILD_ROWS reason=ITEM_FAILED
🖼️ Step 11 SVG ready 5ise_B_PE8_502
🔬 Step 11 item 267/377 done 5ise_B_PE8_502 sdf=written mapped=25 all_atoms=59 dt=0.0s
⏳ Step 11 progress: 267/377
🔬 Step 11 item 268/377 start 5k8x_A_PE8_509
⚠️ Step 11 item skipped: 268/377 5k8x_A_PE8_509 stage=BUILD_ROWS reason=ITEM_FAILED
🖼️ Step 11 SVG ready 5k8x_A_PE8_509
🔬 Step 11 item 268/377 done 5k8x_A_PE8_509 sdf=written mapped=25 all_atoms=59 dt=0.0s
⏳ Step 11 progress: 268/377
🔬 Step 11 item 269/377 start 5tbi_B_PE8_501
⚠️ Step 11 item skipped: 269/377 5tbi_B_PE8_501 stage=BUILD_ROWS reason=ITEM_FAILED
🖼️ Step 11 SVG ready 5tbi_B_PE8_501
🔬 Step 11 item 269/377 done 5tbi_B_PE8_501 sdf=written mapped=25 all_atoms=59 dt=0.0s
⏳ Step 11 progress: 269/377
🔬 Step 11 item 270/377 start 5isg_A_PG6_507
⚠️ Step 11 item skipped: 270/377 5isg_A_PG6_507 stage=BUILD_ROWS reason=ITEM_FAILED
🖼️ Step 11 SVG ready 5isg_A_PG6_507
🔬 Step 11 item 270/377 done 5isg_A_PG6_507 sdf=written mapped=18 all_atoms=44 dt=0.0s
⏳ Step 11 progress: 270/377
🔬 Step 11 item 271/377 start 5k8v_B_PG6_502
⚠️ Step 11 item skipped: 271/377 5k8v_B_PG6_502 stage=BUILD_ROWS reason=ITEM_FAILED
🖼️ Step 11 SVG ready 5k8v_B_PG6_502
🔬 Step 11 item 271/377 done 5k8v_B_PG6_502 sdf=written mapped=18 all_atoms=44 dt=0.0s
⏳ Step 11 progress: 271/377
🔬 Step 11 item 272/377 start 5lgq_A_PG6_505
⚠️ Step 11 item skipped: 272/377 5lgq_A_PG6_505 stage=BUILD_ROWS reason=ITEM_FAILED
🖼️ Step 11 SVG ready 5lgq_A_PG6_505
🔬 Step 11 item 272/377 done 5lgq_A_PG6_505 sdf=written mapped=18 all_atoms=44 dt=0.0s
⏳ Step 11 progress: 272/377
🔬 Step 11 item 273/377 start 5lgr_B_PG6_502
⚠️ Step 11 item skipped: 273/377 5lgr_B_PG6_502 stage=BUILD_ROWS reason=ITEM_FAILED
🖼️ Step 11 SVG ready 5lgr_B_PG6_502
🔬 Step 11 item 273/377 done 5lgr_B_PG6_502 sdf=written mapped=18 all_atoms=44 dt=0.0s
⏳ Step 11 progress: 273/377
🔬 Step 11 item 274/377 start 5tbj_B_PG6_505
⚠️ Step 11 item skipped: 274/377 5tbj_B_PG6_505 stage=BUILD_ROWS reason=ITEM_FAILED
🖼️ Step 11 SVG ready 5tbj_B_PG6_505
🔬 Step 11 item 274/377 done 5tbj_B_PG6_505 sdf=written mapped=18 all_atoms=44 dt=0.0s
⏳ Step 11 progress: 274/377
🔬 Step 11 item 275/377 start 5lgr_E_QVR_101
⚠️ Step 11 item skipped: 275/377 5lgr_E_QVR_101 stage=BUILD_ROWS reason=ITEM_FAILED
🖼️ Step 11 SVG ready 5lgr_E_QVR_101
🔬 Step 11 item 275/377 done 5lgr_E_QVR_101 sdf=written mapped=20 all_atoms=34 dt=0.0s
⏳ Step 11 progress: 275/377
🔬 Step 11 item 276/377 start 5lgr_F_QVR_102
⚠️ Step 11 item skipped: 276/377 5lgr_F_QVR_102 stage=BUILD_ROWS reason=ITEM_FAILED
🖼️ Step 11 SVG ready 5lgr_F_QVR_102
🔬 Step 11 item 276/377 done 5lgr_F_QVR_102 sdf=written mapped=20 all_atoms=34 dt=0.0s
⏳ Step 11 progress: 276/377
🔬 Step 11 item 277/377 start 5lgr_G_QVR_102
⚠️ Step 11 item skipped: 277/377 5lgr_G_QVR_102 stage=BUILD_ROWS reason=ITEM_FAILED
🖼️ Step 11 SVG ready 5lgr_G_QVR_102
🔬 Step 11 item 277/377 done 5lgr_G_QVR_102 sdf=written mapped=20 all_atoms=34 dt=0.0s
⏳ Step 11 progress: 277/377
🔬 Step 11 item 278/377 start 5lgr_H_QVR_102
⚠️ Step 11 item skipped: 278/377 5lgr_H_QVR_102 stage=BUILD_ROWS reason=ITEM_FAILED
🖼️ Step 11 SVG ready 5lgr_H_QVR_102
🔬 Step 11 item 278/377 done 5lgr_H_QVR_102 sdf=written mapped=20 all_atoms=34 dt=0.0s
⏳ Step 11 progress: 278/377
🔬 Step 11 item 279/377 start 5lgs_G_QVR_101
⚠️ Step 11 item skipped: 279/377 5lgs_G_QVR_101 stage=BUILD_ROWS reason=ITEM_FAILED
🖼️ Step 11 SVG ready 5lgs_G_QVR_101
🔬 Step 11 item 279/377 done 5lgs_G_QVR_101 sdf=written mapped=20 all_atoms=34 dt=0.0s
⏳ Step 11 progress: 279/377
🔬 Step 11 item 280/377 start 5lgs_H_QVR_101
⚠️ Step 11 item skipped: 280/377 5lgs_H_QVR_101 stage=BUILD_ROWS reason=ITEM_FAILED
🖼️ Step 11 SVG ready 5lgs_H_QVR_101
🔬 Step 11 item 280/377 done 5lgs_H_QVR_101 sdf=written mapped=20 all_atoms=34 dt=0.0s
⏳ Step 11 progress: 280/377
🔬 Step 11 item 281/377 start 5lgs_E_QVR_1001
⚠️ Step 11 item skipped: 281/377 5lgs_E_QVR_1001 stage=BUILD_ROWS reason=ITEM_FAILED
🖼️ Step 11 SVG ready 5lgs_E_QVR_1001
🔬 Step 11 item 281/377 done 5lgs_E_QVR_1001 sdf=written mapped=20 all_atoms=34 dt=0.0s
⏳ Step 11 progress: 281/377
🔬 Step 11 item 282/377 start 5lgs_F_QVR_1001
⚠️ Step 11 item skipped: 282/377 5lgs_F_QVR_1001 stage=BUILD_ROWS reason=ITEM_FAILED
🖼️ Step 11 SVG ready 5lgs_F_QVR_1001
🔬 Step 11 item 282/377 done 5lgs_F_QVR_1001 sdf=written mapped=20 all_atoms=34 dt=0.0s
⏳ Step 11 progress: 282/377
🔬 Step 11 item 283/377 start 7okp_E_QVR_101
⚠️ Step 11 item skipped: 283/377 7okp_E_QVR_101 stage=BUILD_ROWS reason=ITEM_FAILED
🖼️ Step 11 SVG ready 7okp_E_QVR_101
🔬 Step 11 item 283/377 done 7okp_E_QVR_101 sdf=written mapped=20 all_atoms=34 dt=0.0s
⏳ Step 11 progress: 283/377
🔬 Step 11 item 284/377 start 7okp_F_QVR_101
⚠️ Step 11 item skipped: 284/377 7okp_F_QVR_101 stage=BUILD_ROWS reason=ITEM_FAILED
🖼️ Step 11 SVG ready 7okp_F_QVR_101
🔬 Step 11 item 284/377 done 7okp_F_QVR_101 sdf=written mapped=20 all_atoms=34 dt=0.0s
⏳ Step 11 progress: 284/377
🔬 Step 11 item 285/377 start 7okp_G_QVR_101
⚠️ Step 11 item skipped: 285/377 7okp_G_QVR_101 stage=BUILD_ROWS reason=ITEM_FAILED
🖼️ Step 11 SVG ready 7okp_G_QVR_101
🔬 Step 11 item 285/377 done 7okp_G_QVR_101 sdf=written mapped=20 all_atoms=34 dt=0.0s
⏳ Step 11 progress: 285/377
🔬 Step 11 item 286/377 start 7okp_H_QVR_101
⚠️ Step 11 item skipped: 286/377 7okp_H_QVR_101 stage=BUILD_ROWS reason=ITEM_FAILED
🖼️ Step 11 SVG ready 7okp_H_QVR_101
🔬 Step 11 item 286/377 done 7okp_H_QVR_101 sdf=written mapped=20 all_atoms=34 dt=0.0s
⏳ Step 11 progress: 286/377
🔬 Step 11 item 287/377 start 7os4_E_QVR_101
🖼️ Step 11 SVG ready 7os4_E_QVR_101
🔬 Step 11 item 287/377 done 7os4_E_QVR_101 sdf=written mapped=20 all_atoms=20 dt=0.0s
⏳ Step 11 progress: 287/377
🔬 Step 11 item 288/377 start 7os4_F_QVR_101
🖼️ Step 11 SVG ready 7os4_F_QVR_101
🔬 Step 11 item 288/377 done 7os4_F_QVR_101 sdf=written mapped=20 all_atoms=20 dt=0.0s
⏳ Step 11 progress: 288/377
🔬 Step 11 item 289/377 start 7os4_G_QVR_101
🖼️ Step 11 SVG ready 7os4_G_QVR_101
🔬 Step 11 item 289/377 done 7os4_G_QVR_101 sdf=written mapped=20 all_atoms=20 dt=0.0s
⏳ Step 11 progress: 289/377
🔬 Step 11 item 290/377 start 7os4_H_QVR_101
🖼️ Step 11 SVG ready 7os4_H_QVR_101
🔬 Step 11 item 290/377 done 7os4_H_QVR_101 sdf=written mapped=20 all_atoms=20 dt=0.0s
⏳ Step 11 progress: 290/377
🔬 Step 11 item 291/377 start 7qph_E_QVR_101
⚠️ Step 11 item skipped: 291/377 7qph_E_QVR_101 stage=BUILD_ROWS reason=ITEM_FAILED
🖼️ Step 11 SVG ready 7qph_E_QVR_101
🔬 Step 11 item 291/377 done 7qph_E_QVR_101 sdf=written mapped=20 all_atoms=34 dt=0.0s
⏳ Step 11 progress: 291/377
🔬 Step 11 item 292/377 start 7qph_F_QVR_101
⚠️ Step 11 item skipped: 292/377 7qph_F_QVR_101 stage=BUILD_ROWS reason=ITEM_FAILED
🖼️ Step 11 SVG ready 7qph_F_QVR_101
🔬 Step 11 item 292/377 done 7qph_F_QVR_101 sdf=written mapped=20 all_atoms=34 dt=0.0s
⏳ Step 11 progress: 292/377
🔬 Step 11 item 293/377 start 7qph_G_QVR_101
⚠️ Step 11 item skipped: 293/377 7qph_G_QVR_101 stage=BUILD_ROWS reason=ITEM_FAILED
🖼️ Step 11 SVG ready 7qph_G_QVR_101
🔬 Step 11 item 293/377 done 7qph_G_QVR_101 sdf=written mapped=20 all_atoms=34 dt=0.0s
⏳ Step 11 progress: 293/377
🔬 Step 11 item 294/377 start 7qph_H_QVR_101
⚠️ Step 11 item skipped: 294/377 7qph_H_QVR_101 stage=BUILD_ROWS reason=ITEM_FAILED
🖼️ Step 11 SVG ready 7qph_H_QVR_101
🔬 Step 11 item 294/377 done 7qph_H_QVR_101 sdf=written mapped=20 all_atoms=34 dt=0.0s
⏳ Step 11 progress: 294/377
🔬 Step 11 item 295/377 start 7qrd_M_QVR_101
⚠️ Step 11 item skipped: 295/377 7qrd_M_QVR_101 stage=BUILD_ROWS reason=ITEM_FAILED
🖼️ Step 11 SVG ready 7qrd_M_QVR_101
🔬 Step 11 item 295/377 done 7qrd_M_QVR_101 sdf=written mapped=20 all_atoms=34 dt=0.0s
⏳ Step 11 progress: 295/377
🔬 Step 11 item 296/377 start 7qrd_L_QVR_102
⚠️ Step 11 item skipped: 296/377 7qrd_L_QVR_102 stage=BUILD_ROWS reason=ITEM_FAILED
🖼️ Step 11 SVG ready 7qrd_L_QVR_102
🔬 Step 11 item 296/377 done 7qrd_L_QVR_102 sdf=written mapped=20 all_atoms=34 dt=0.0s
⏳ Step 11 progress: 296/377
🔬 Step 11 item 297/377 start 3b3f_A_SAH_481
🖼️ Step 11 SVG ready 3b3f_A_SAH_481
🔬 Step 11 item 297/377 done 3b3f_A_SAH_481 sdf=written mapped=26 all_atoms=26 dt=0.0s
⏳ Step 11 progress: 297/377
🔬 Step 11 item 298/377 start 3b3f_B_SAH_481
🖼️ Step 11 SVG ready 3b3f_B_SAH_481
🔬 Step 11 item 298/377 done 3b3f_B_SAH_481 sdf=written mapped=26 all_atoms=26 dt=0.0s
⏳ Step 11 progress: 298/377
🔬 Step 11 item 299/377 start 3b3f_C_SAH_481
🖼️ Step 11 SVG ready 3b3f_C_SAH_481
🔬 Step 11 item 299/377 done 3b3f_C_SAH_481 sdf=written mapped=26 all_atoms=26 dt=0.0s
⏳ Step 11 progress: 299/377
🔬 Step 11 item 300/377 start 3b3f_D_SAH_481
🖼️ Step 11 SVG ready 3b3f_D_SAH_481
🔬 Step 11 item 300/377 done 3b3f_D_SAH_481 sdf=written mapped=26 all_atoms=26 dt=0.0s
⏳ Step 11 progress: 300/377
🔬 Step 11 item 301/377 start 5ih3_A_SAH_501
⚠️ Step 11 item skipped: 301/377 5ih3_A_SAH_501 stage=BUILD_ROWS reason=ITEM_FAILED
🖼️ Step 11 SVG ready 5ih3_A_SAH_501
🔬 Step 11 item 301/377 done 5ih3_A_SAH_501 sdf=written mapped=26 all_atoms=46 dt=0.0s
⏳ Step 11 progress: 301/377
🔬 Step 11 item 302/377 start 5ih3_B_SAH_501
⚠️ Step 11 item skipped: 302/377 5ih3_B_SAH_501 stage=BUILD_ROWS reason=ITEM_FAILED
🖼️ Step 11 SVG ready 5ih3_B_SAH_501
🔬 Step 11 item 302/377 done 5ih3_B_SAH_501 sdf=written mapped=26 all_atoms=46 dt=0.0s
⏳ Step 11 progress: 302/377
🔬 Step 11 item 303/377 start 5ih3_C_SAH_501
⚠️ Step 11 item skipped: 303/377 5ih3_C_SAH_501 stage=BUILD_ROWS reason=ITEM_FAILED
🖼️ Step 11 SVG ready 5ih3_C_SAH_501
🔬 Step 11 item 303/377 done 5ih3_C_SAH_501 sdf=written mapped=26 all_atoms=46 dt=0.0s
⏳ Step 11 progress: 303/377
🔬 Step 11 item 304/377 start 5ih3_D_SAH_501
⚠️ Step 11 item skipped: 304/377 5ih3_D_SAH_501 stage=BUILD_ROWS reason=ITEM_FAILED
🖼️ Step 11 SVG ready 5ih3_D_SAH_501
🔬 Step 11 item 304/377 done 5ih3_D_SAH_501 sdf=written mapped=26 all_atoms=46 dt=0.0s
⏳ Step 11 progress: 304/377
🔬 Step 11 item 305/377 start 5is8_D_SAH_601
⚠️ Step 11 item skipped: 305/377 5is8_D_SAH_601 stage=BUILD_ROWS reason=ITEM_FAILED
🖼️ Step 11 SVG ready 5is8_D_SAH_601
🔬 Step 11 item 305/377 done 5is8_D_SAH_601 sdf=written mapped=26 all_atoms=46 dt=0.0s
⏳ Step 11 progress: 305/377
🔬 Step 11 item 306/377 start 5lv3_A_SAH_501
⚠️ Step 11 item skipped: 306/377 5lv3_A_SAH_501 stage=BUILD_ROWS reason=ITEM_FAILED
🖼️ Step 11 SVG ready 5lv3_A_SAH_501
🔬 Step 11 item 306/377 done 5lv3_A_SAH_501 sdf=written mapped=26 all_atoms=45 dt=0.0s
⏳ Step 11 progress: 306/377
🔬 Step 11 item 307/377 start 5lv3_D_SAH_501
⚠️ Step 11 item skipped: 307/377 5lv3_D_SAH_501 stage=BUILD_ROWS reason=ITEM_FAILED
🖼️ Step 11 SVG ready 5lv3_D_SAH_501
🔬 Step 11 item 307/377 done 5lv3_D_SAH_501 sdf=written mapped=26 all_atoms=45 dt=0.0s
⏳ Step 11 progress: 307/377
🔬 Step 11 item 308/377 start 5u4x_A_SAH_501
🖼️ Step 11 SVG ready 5u4x_A_SAH_501
🔬 Step 11 item 308/377 done 5u4x_A_SAH_501 sdf=written mapped=26 all_atoms=26 dt=0.0s
⏳ Step 11 progress: 308/377
🔬 Step 11 item 309/377 start 5u4x_B_SAH_501
🖼️ Step 11 SVG ready 5u4x_B_SAH_501
🔬 Step 11 item 309/377 done 5u4x_B_SAH_501 sdf=written mapped=26 all_atoms=26 dt=0.0s
⏳ Step 11 progress: 309/377
🔬 Step 11 item 310/377 start 5u4x_C_SAH_501
🖼️ Step 11 SVG ready 5u4x_C_SAH_501
🔬 Step 11 item 310/377 done 5u4x_C_SAH_501 sdf=written mapped=26 all_atoms=26 dt=0.0s
⏳ Step 11 progress: 310/377
🔬 Step 11 item 311/377 start 5u4x_D_SAH_501
🖼️ Step 11 SVG ready 5u4x_D_SAH_501
🔬 Step 11 item 311/377 done 5u4x_D_SAH_501 sdf=written mapped=26 all_atoms=26 dt=0.0s
⏳ Step 11 progress: 311/377
🔬 Step 11 item 312/377 start 6arj_A_SAH_501
🖼️ Step 11 SVG ready 6arj_A_SAH_501
🔬 Step 11 item 312/377 done 6arj_A_SAH_501 sdf=written mapped=26 all_atoms=26 dt=0.0s
⏳ Step 11 progress: 312/377
🔬 Step 11 item 313/377 start 6arj_B_SAH_501
🖼️ Step 11 SVG ready 6arj_B_SAH_501
🔬 Step 11 item 313/377 done 6arj_B_SAH_501 sdf=written mapped=26 all_atoms=26 dt=0.0s
⏳ Step 11 progress: 313/377
🔬 Step 11 item 314/377 start 6arj_C_SAH_501
🖼️ Step 11 SVG ready 6arj_C_SAH_501
🔬 Step 11 item 314/377 done 6arj_C_SAH_501 sdf=written mapped=26 all_atoms=26 dt=0.0s
⏳ Step 11 progress: 314/377
🔬 Step 11 item 315/377 start 6arj_D_SAH_501
🖼️ Step 11 SVG ready 6arj_D_SAH_501
🔬 Step 11 item 315/377 done 6arj_D_SAH_501 sdf=written mapped=26 all_atoms=26 dt=0.0s
⏳ Step 11 progress: 315/377
🔬 Step 11 item 316/377 start 6arv_A_SAH_501
🖼️ Step 11 SVG ready 6arv_A_SAH_501
🔬 Step 11 item 316/377 done 6arv_A_SAH_501 sdf=written mapped=26 all_atoms=26 dt=0.0s
⏳ Step 11 progress: 316/377
🔬 Step 11 item 317/377 start 6arv_B_SAH_501
🖼️ Step 11 SVG ready 6arv_B_SAH_501
🔬 Step 11 item 317/377 done 6arv_B_SAH_501 sdf=written mapped=26 all_atoms=26 dt=0.0s
⏳ Step 11 progress: 317/377
🔬 Step 11 item 318/377 start 6arv_C_SAH_501
🖼️ Step 11 SVG ready 6arv_C_SAH_501
🔬 Step 11 item 318/377 done 6arv_C_SAH_501 sdf=written mapped=26 all_atoms=26 dt=0.0s
⏳ Step 11 progress: 318/377
🔬 Step 11 item 319/377 start 6arv_D_SAH_501
🖼️ Step 11 SVG ready 6arv_D_SAH_501
🔬 Step 11 item 319/377 done 6arv_D_SAH_501 sdf=written mapped=26 all_atoms=26 dt=0.0s
⏳ Step 11 progress: 319/377
🔬 Step 11 item 320/377 start 7qrd_D_SAH_603
⚠️ Step 11 item skipped: 320/377 7qrd_D_SAH_603 stage=BUILD_ROWS reason=ITEM_FAILED
🖼️ Step 11 SVG ready 7qrd_D_SAH_603
🔬 Step 11 item 320/377 done 7qrd_D_SAH_603 sdf=written mapped=26 all_atoms=45 dt=0.0s
⏳ Step 11 progress: 320/377
🔬 Step 11 item 321/377 start 7qrd_B_SAH_604
⚠️ Step 11 item skipped: 321/377 7qrd_B_SAH_604 stage=BUILD_ROWS reason=ITEM_FAILED
🖼️ Step 11 SVG ready 7qrd_B_SAH_604
🔬 Step 11 item 321/377 done 7qrd_B_SAH_604 sdf=written mapped=26 all_atoms=45 dt=0.0s
⏳ Step 11 progress: 321/377
🔬 Step 11 item 322/377 start 5isc_A_SAO_501
⚠️ Step 11 item skipped: 322/377 5isc_A_SAO_501 stage=BUILD_ROWS reason=ITEM_FAILED
🖼️ Step 11 SVG ready 5isc_A_SAO_501
🔬 Step 11 item 322/377 done 5isc_A_SAO_501 sdf=written mapped=26 all_atoms=46 dt=0.0s
⏳ Step 11 progress: 322/377
🔬 Step 11 item 323/377 start 5isc_C_SAO_501
⚠️ Step 11 item skipped: 323/377 5isc_C_SAO_501 stage=BUILD_ROWS reason=ITEM_FAILED
🖼️ Step 11 SVG ready 5isc_C_SAO_501
🔬 Step 11 item 323/377 done 5isc_C_SAO_501 sdf=written mapped=26 all_atoms=46 dt=0.0s
⏳ Step 11 progress: 323/377
🔬 Step 11 item 324/377 start 5isd_D_SAO_502
⚠️ Step 11 item skipped: 324/377 5isd_D_SAO_502 stage=BUILD_ROWS reason=ITEM_FAILED
🖼️ Step 11 SVG ready 5isd_D_SAO_502
🔬 Step 11 item 324/377 done 5isd_D_SAO_502 sdf=written mapped=26 all_atoms=46 dt=0.0s
⏳ Step 11 progress: 324/377
🔬 Step 11 item 325/377 start 5isd_C_SAO_504
⚠️ Step 11 item skipped: 325/377 5isd_C_SAO_504 stage=BUILD_ROWS reason=ITEM_FAILED
🖼️ Step 11 SVG ready 5isd_C_SAO_504
🔬 Step 11 item 325/377 done 5isd_C_SAO_504 sdf=written mapped=26 all_atoms=46 dt=0.0s
⏳ Step 11 progress: 325/377
🔬 Step 11 item 326/377 start 5isd_A_SAO_507
⚠️ Step 11 item skipped: 326/377 5isd_A_SAO_507 stage=BUILD_ROWS reason=ITEM_FAILED
🖼️ Step 11 SVG ready 5isd_A_SAO_507
🔬 Step 11 item 326/377 done 5isd_A_SAO_507 sdf=written mapped=26 all_atoms=46 dt=0.0s
⏳ Step 11 progress: 326/377
🔬 Step 11 item 327/377 start 5isf_C_SAO_501
⚠️ Step 11 item skipped: 327/377 5isf_C_SAO_501 stage=BUILD_ROWS reason=ITEM_FAILED
🖼️ Step 11 SVG ready 5isf_C_SAO_501
🔬 Step 11 item 327/377 done 5isf_C_SAO_501 sdf=written mapped=26 all_atoms=46 dt=0.0s
⏳ Step 11 progress: 327/377
🔬 Step 11 item 328/377 start 5lv2_A_SAO_501
⚠️ Step 11 item skipped: 328/377 5lv2_A_SAO_501 stage=BUILD_ROWS reason=ITEM_FAILED
🖼️ Step 11 SVG ready 5lv2_A_SAO_501
🔬 Step 11 item 328/377 done 5lv2_A_SAO_501 sdf=written mapped=26 all_atoms=46 dt=0.0s
⏳ Step 11 progress: 328/377
🔬 Step 11 item 329/377 start 5lv2_C_SAO_501
⚠️ Step 11 item skipped: 329/377 5lv2_C_SAO_501 stage=BUILD_ROWS reason=ITEM_FAILED
🖼️ Step 11 SVG ready 5lv2_C_SAO_501
🔬 Step 11 item 329/377 done 5lv2_C_SAO_501 sdf=written mapped=26 all_atoms=46 dt=0.0s
⏳ Step 11 progress: 329/377
🔬 Step 11 item 330/377 start 5lv2_E_SAO_501
⚠️ Step 11 item skipped: 330/377 5lv2_E_SAO_501 stage=BUILD_ROWS reason=ITEM_FAILED
🖼️ Step 11 SVG ready 5lv2_E_SAO_501
🔬 Step 11 item 330/377 done 5lv2_E_SAO_501 sdf=written mapped=26 all_atoms=46 dt=0.0s
⏳ Step 11 progress: 330/377
🔬 Step 11 item 331/377 start 5lv2_G_SAO_501
⚠️ Step 11 item skipped: 331/377 5lv2_G_SAO_501 stage=BUILD_ROWS reason=ITEM_FAILED
🖼️ Step 11 SVG ready 5lv2_G_SAO_501
🔬 Step 11 item 331/377 done 5lv2_G_SAO_501 sdf=written mapped=26 all_atoms=46 dt=0.0s
⏳ Step 11 progress: 331/377
🔬 Step 11 item 332/377 start 5tbh_C_SAO_506
⚠️ Step 11 item skipped: 332/377 5tbh_C_SAO_506 stage=BUILD_ROWS reason=ITEM_FAILED
🖼️ Step 11 SVG ready 5tbh_C_SAO_506
🔬 Step 11 item 332/377 done 5tbh_C_SAO_506 sdf=written mapped=26 all_atoms=46 dt=0.0s
⏳ Step 11 progress: 332/377
🔬 Step 11 item 333/377 start 5tbh_A_SAO_507
⚠️ Step 11 item skipped: 333/377 5tbh_A_SAO_507 stage=BUILD_ROWS reason=ITEM_FAILED
🖼️ Step 11 SVG ready 5tbh_A_SAO_507
🔬 Step 11 item 333/377 done 5tbh_A_SAO_507 sdf=written mapped=26 all_atoms=46 dt=0.0s
⏳ Step 11 progress: 333/377
🔬 Step 11 item 334/377 start 5tbi_A_SAO_507
⚠️ Step 11 item skipped: 334/377 5tbi_A_SAO_507 stage=BUILD_ROWS reason=ITEM_FAILED
🖼️ Step 11 SVG ready 5tbi_A_SAO_507
🔬 Step 11 item 334/377 done 5tbi_A_SAO_507 sdf=written mapped=26 all_atoms=46 dt=0.0s
⏳ Step 11 progress: 334/377
🔬 Step 11 item 335/377 start 5tbi_C_SAO_507
[17:56:24] [mem] running 11_mcsMatcher.py parent=98.2MB child_tree=141.4MB combined=239.6MB
⚠️ Step 11 item skipped: 335/377 5tbi_C_SAO_507 stage=BUILD_ROWS reason=ITEM_FAILED
🖼️ Step 11 SVG ready 5tbi_C_SAO_507
🔬 Step 11 item 335/377 done 5tbi_C_SAO_507 sdf=written mapped=26 all_atoms=46 dt=0.0s
⏳ Step 11 progress: 335/377
🔬 Step 11 item 336/377 start 5dwq_A_SFG_501
🖼️ Step 11 SVG ready 5dwq_A_SFG_501
🔬 Step 11 item 336/377 done 5dwq_A_SFG_501 sdf=written mapped=27 all_atoms=27 dt=0.0s
⏳ Step 11 progress: 336/377
🔬 Step 11 item 337/377 start 5dwq_B_SFG_501
🖼️ Step 11 SVG ready 5dwq_B_SFG_501
🔬 Step 11 item 337/377 done 5dwq_B_SFG_501 sdf=written mapped=27 all_atoms=27 dt=0.0s
⏳ Step 11 progress: 337/377
🔬 Step 11 item 338/377 start 5dwq_C_SFG_501
🖼️ Step 11 SVG ready 5dwq_C_SFG_501
🔬 Step 11 item 338/377 done 5dwq_C_SFG_501 sdf=written mapped=27 all_atoms=27 dt=0.0s
⏳ Step 11 progress: 338/377
🔬 Step 11 item 339/377 start 5dwq_D_SFG_501
🖼️ Step 11 SVG ready 5dwq_D_SFG_501
🔬 Step 11 item 339/377 done 5dwq_D_SFG_501 sdf=written mapped=27 all_atoms=27 dt=0.0s
⏳ Step 11 progress: 339/377
🔬 Step 11 item 340/377 start 5dx0_A_SFG_501
🖼️ Step 11 SVG ready 5dx0_A_SFG_501
🔬 Step 11 item 340/377 done 5dx0_A_SFG_501 sdf=written mapped=27 all_atoms=27 dt=0.0s
⏳ Step 11 progress: 340/377
🔬 Step 11 item 341/377 start 5dx0_B_SFG_501
🖼️ Step 11 SVG ready 5dx0_B_SFG_501
🔬 Step 11 item 341/377 done 5dx0_B_SFG_501 sdf=written mapped=27 all_atoms=27 dt=0.0s
⏳ Step 11 progress: 341/377
🔬 Step 11 item 342/377 start 5dx0_C_SFG_501
🖼️ Step 11 SVG ready 5dx0_C_SFG_501
🔬 Step 11 item 342/377 done 5dx0_C_SFG_501 sdf=written mapped=27 all_atoms=27 dt=0.0s
⏳ Step 11 progress: 342/377
🔬 Step 11 item 343/377 start 5dx0_D_SFG_501
🖼️ Step 11 SVG ready 5dx0_D_SFG_501
🔬 Step 11 item 343/377 done 5dx0_D_SFG_501 sdf=written mapped=27 all_atoms=27 dt=0.0s
⏳ Step 11 progress: 343/377
🔬 Step 11 item 344/377 start 5dx1_A_SFG_501
🖼️ Step 11 SVG ready 5dx1_A_SFG_501
🔬 Step 11 item 344/377 done 5dx1_A_SFG_501 sdf=written mapped=27 all_atoms=27 dt=0.0s
⏳ Step 11 progress: 344/377
🔬 Step 11 item 345/377 start 5dx1_B_SFG_501
🖼️ Step 11 SVG ready 5dx1_B_SFG_501
🔬 Step 11 item 345/377 done 5dx1_B_SFG_501 sdf=written mapped=27 all_atoms=27 dt=0.0s
⏳ Step 11 progress: 345/377
🔬 Step 11 item 346/377 start 5dx1_C_SFG_501
🖼️ Step 11 SVG ready 5dx1_C_SFG_501
🔬 Step 11 item 346/377 done 5dx1_C_SFG_501 sdf=written mapped=27 all_atoms=27 dt=0.0s
⏳ Step 11 progress: 346/377
🔬 Step 11 item 347/377 start 5dx1_D_SFG_501
🖼️ Step 11 SVG ready 5dx1_D_SFG_501
🔬 Step 11 item 347/377 done 5dx1_D_SFG_501 sdf=written mapped=27 all_atoms=27 dt=0.0s
⏳ Step 11 progress: 347/377
🔬 Step 11 item 348/377 start 5dx8_A_SFG_501
🖼️ Step 11 SVG ready 5dx8_A_SFG_501
🔬 Step 11 item 348/377 done 5dx8_A_SFG_501 sdf=written mapped=27 all_atoms=27 dt=0.0s
⏳ Step 11 progress: 348/377
🔬 Step 11 item 349/377 start 5dx8_B_SFG_501
🖼️ Step 11 SVG ready 5dx8_B_SFG_501
🔬 Step 11 item 349/377 done 5dx8_B_SFG_501 sdf=written mapped=27 all_atoms=27 dt=0.0s
⏳ Step 11 progress: 349/377
🔬 Step 11 item 350/377 start 5dx8_C_SFG_501
🖼️ Step 11 SVG ready 5dx8_C_SFG_501
🔬 Step 11 item 350/377 done 5dx8_C_SFG_501 sdf=written mapped=27 all_atoms=27 dt=0.0s
⏳ Step 11 progress: 350/377
🔬 Step 11 item 351/377 start 5dx8_D_SFG_501
🖼️ Step 11 SVG ready 5dx8_D_SFG_501
🔬 Step 11 item 351/377 done 5dx8_D_SFG_501 sdf=written mapped=27 all_atoms=27 dt=0.0s
⏳ Step 11 progress: 351/377
🔬 Step 11 item 352/377 start 5dxa_A_SFG_501
🖼️ Step 11 SVG ready 5dxa_A_SFG_501
🔬 Step 11 item 352/377 done 5dxa_A_SFG_501 sdf=written mapped=27 all_atoms=27 dt=0.0s
⏳ Step 11 progress: 352/377
🔬 Step 11 item 353/377 start 5dxa_B_SFG_501
🖼️ Step 11 SVG ready 5dxa_B_SFG_501
🔬 Step 11 item 353/377 done 5dxa_B_SFG_501 sdf=written mapped=27 all_atoms=27 dt=0.0s
⏳ Step 11 progress: 353/377
🔬 Step 11 item 354/377 start 5dxa_C_SFG_501
🖼️ Step 11 SVG ready 5dxa_C_SFG_501
🔬 Step 11 item 354/377 done 5dxa_C_SFG_501 sdf=written mapped=27 all_atoms=27 dt=0.0s
⏳ Step 11 progress: 354/377
🔬 Step 11 item 355/377 start 5dxa_D_SFG_501
🖼️ Step 11 SVG ready 5dxa_D_SFG_501
🔬 Step 11 item 355/377 done 5dxa_D_SFG_501 sdf=written mapped=27 all_atoms=27 dt=0.0s
⏳ Step 11 progress: 355/377
🔬 Step 11 item 356/377 start 5dxj_A_SFG_501
🖼️ Step 11 SVG ready 5dxj_A_SFG_501
🔬 Step 11 item 356/377 done 5dxj_A_SFG_501 sdf=written mapped=27 all_atoms=27 dt=0.0s
⏳ Step 11 progress: 356/377
🔬 Step 11 item 357/377 start 5dxj_B_SFG_501
🖼️ Step 11 SVG ready 5dxj_B_SFG_501
🔬 Step 11 item 357/377 done 5dxj_B_SFG_501 sdf=written mapped=27 all_atoms=27 dt=0.0s
⏳ Step 11 progress: 357/377
🔬 Step 11 item 358/377 start 5dxj_C_SFG_501
🖼️ Step 11 SVG ready 5dxj_C_SFG_501
🔬 Step 11 item 358/377 done 5dxj_C_SFG_501 sdf=written mapped=27 all_atoms=27 dt=0.0s
⏳ Step 11 progress: 358/377
🔬 Step 11 item 359/377 start 5dxj_D_SFG_501
🖼️ Step 11 SVG ready 5dxj_D_SFG_501
🔬 Step 11 item 359/377 done 5dxj_D_SFG_501 sdf=written mapped=27 all_atoms=27 dt=0.0s
⏳ Step 11 progress: 359/377
🔬 Step 11 item 360/377 start 5is6_D_SFG_504
⚠️ Step 11 item skipped: 360/377 5is6_D_SFG_504 stage=BUILD_ROWS reason=ITEM_FAILED
🖼️ Step 11 SVG ready 5is6_D_SFG_504
🔬 Step 11 item 360/377 done 5is6_D_SFG_504 sdf=written mapped=27 all_atoms=50 dt=0.0s
⏳ Step 11 progress: 360/377
🔬 Step 11 item 361/377 start 5is6_A_SFG_507
⚠️ Step 11 item skipped: 361/377 5is6_A_SFG_507 stage=BUILD_ROWS reason=ITEM_FAILED
🖼️ Step 11 SVG ready 5is6_A_SFG_507
🔬 Step 11 item 361/377 done 5is6_A_SFG_507 sdf=written mapped=27 all_atoms=50 dt=0.0s
⏳ Step 11 progress: 361/377
🔬 Step 11 item 362/377 start 5is6_C_SFG_507
⚠️ Step 11 item skipped: 362/377 5is6_C_SFG_507 stage=BUILD_ROWS reason=ITEM_FAILED
🖼️ Step 11 SVG ready 5is6_C_SFG_507
🔬 Step 11 item 362/377 done 5is6_C_SFG_507 sdf=written mapped=27 all_atoms=50 dt=0.0s
⏳ Step 11 progress: 362/377
🔬 Step 11 item 363/377 start 5is6_B_SFG_2006
⚠️ Step 11 item skipped: 363/377 5is6_B_SFG_2006 stage=BUILD_ROWS reason=ITEM_FAILED
🖼️ Step 11 SVG ready 5is6_B_SFG_2006
🔬 Step 11 item 363/377 done 5is6_B_SFG_2006 sdf=written mapped=27 all_atoms=50 dt=0.0s
⏳ Step 11 progress: 363/377
🔬 Step 11 item 364/377 start 8uqh_A_X9L_501
[17:56:25] WARNING: could not find number of expected rings. Switching to an approximate ring finding algorithm.
⚠️ Step 11 item skipped: 364/377 8uqh_A_X9L_501 stage=BUILD_ROWS reason=ITEM_FAILED
🖼️ Step 11 SVG ready 8uqh_A_X9L_501
🔬 Step 11 item 364/377 done 8uqh_A_X9L_501 sdf=written mapped=30 all_atoms=60 dt=0.0s
⏳ Step 11 progress: 364/377
🔬 Step 11 item 365/377 start 8uqh_B_X9L_501
[17:56:25] WARNING: could not find number of expected rings. Switching to an approximate ring finding algorithm.
⚠️ Step 11 item skipped: 365/377 8uqh_B_X9L_501 stage=BUILD_ROWS reason=ITEM_FAILED
🖼️ Step 11 SVG ready 8uqh_B_X9L_501
🔬 Step 11 item 365/377 done 8uqh_B_X9L_501 sdf=written mapped=30 all_atoms=60 dt=0.0s
⏳ Step 11 progress: 365/377
🔬 Step 11 item 366/377 start 8uqh_C_X9L_501
[17:56:25] WARNING: could not find number of expected rings. Switching to an approximate ring finding algorithm.
⚠️ Step 11 item skipped: 366/377 8uqh_C_X9L_501 stage=BUILD_ROWS reason=ITEM_FAILED
🖼️ Step 11 SVG ready 8uqh_C_X9L_501
🔬 Step 11 item 366/377 done 8uqh_C_X9L_501 sdf=written mapped=30 all_atoms=60 dt=0.0s
⏳ Step 11 progress: 366/377
🔬 Step 11 item 367/377 start 8uqh_D_X9L_501
[17:56:25] WARNING: could not find number of expected rings. Switching to an approximate ring finding algorithm.
⚠️ Step 11 item skipped: 367/377 8uqh_D_X9L_501 stage=BUILD_ROWS reason=ITEM_FAILED
🖼️ Step 11 SVG ready 8uqh_D_X9L_501
🔬 Step 11 item 367/377 done 8uqh_D_X9L_501 sdf=written mapped=30 all_atoms=60 dt=0.0s
⏳ Step 11 progress: 367/377
🔬 Step 11 item 368/377 start 6izq_A_XJ2_501
🖼️ Step 11 SVG ready 6izq_A_XJ2_501
🔬 Step 11 item 368/377 done 6izq_A_XJ2_501 sdf=written mapped=17 all_atoms=17 dt=0.0s
⏳ Step 11 progress: 368/377
🔬 Step 11 item 369/377 start 7fai_A_XJ3_501
🖼️ Step 11 SVG ready 7fai_A_XJ3_501
🔬 Step 11 item 369/377 done 7fai_A_XJ3_501 sdf=written mapped=33 all_atoms=33 dt=0.0s
⏳ Step 11 progress: 369/377
🔬 Step 11 item 370/377 start 7fai_B_XJ3_501
🖼️ Step 11 SVG ready 7fai_B_XJ3_501
🔬 Step 11 item 370/377 done 7fai_B_XJ3_501 sdf=written mapped=33 all_atoms=33 dt=0.0s
⏳ Step 11 progress: 370/377
🔬 Step 11 item 371/377 start 7fai_C_XJ3_501
🖼️ Step 11 SVG ready 7fai_C_XJ3_501
🔬 Step 11 item 371/377 done 7fai_C_XJ3_501 sdf=written mapped=33 all_atoms=33 dt=0.0s
⏳ Step 11 progress: 371/377
🔬 Step 11 item 372/377 start 7fai_D_XJ3_501
🖼️ Step 11 SVG ready 7fai_D_XJ3_501
🔬 Step 11 item 372/377 done 7fai_D_XJ3_501 sdf=written mapped=33 all_atoms=33 dt=0.0s
⏳ Step 11 progress: 372/377
🔬 Step 11 item 373/377 start 7faj_A_XJ4_501
🖼️ Step 11 SVG ready 7faj_A_XJ4_501
🔬 Step 11 item 373/377 done 7faj_A_XJ4_501 sdf=written mapped=33 all_atoms=33 dt=0.0s
⏳ Step 11 progress: 373/377
🔬 Step 11 item 374/377 start 7faj_B_XJ4_501
🖼️ Step 11 SVG ready 7faj_B_XJ4_501
🔬 Step 11 item 374/377 done 7faj_B_XJ4_501 sdf=written mapped=33 all_atoms=33 dt=0.0s
⏳ Step 11 progress: 374/377
🔬 Step 11 item 375/377 start 7faj_C_XJ4_501
🖼️ Step 11 SVG ready 7faj_C_XJ4_501
🔬 Step 11 item 375/377 done 7faj_C_XJ4_501 sdf=written mapped=33 all_atoms=33 dt=0.0s
⏳ Step 11 progress: 375/377
🔬 Step 11 item 376/377 start 7faj_D_XJ4_501
🖼️ Step 11 SVG ready 7faj_D_XJ4_501
🔬 Step 11 item 376/377 done 7faj_D_XJ4_501 sdf=written mapped=33 all_atoms=33 dt=0.0s
⏳ Step 11 progress: 376/377
🔬 Step 11 item 377/377 start 8g2h_A_YVU_501
⚠️ Step 11 item skipped: 377/377 8g2h_A_YVU_501 stage=BUILD_ROWS reason=ITEM_FAILED
🖼️ Step 11 SVG ready 8g2h_A_YVU_501
🔬 Step 11 item 377/377 done 8g2h_A_YVU_501 sdf=written mapped=32 all_atoms=37 dt=0.0s
⏳ Step 11 progress: 377/377
⏱ Step 11 heartbeat: processed=377/377 current=8g2h_A_YVU_501 stage=ITEM_DONE elapsed=16s item_elapsed=0s sdf_written=377 sdf_failed=0 svg_written=368 item_failures=292 last_done=8g2h_A_YVU_501
✅ MCS processing complete — outputs written
🧪 Step 11 summary: work_items=377 successful_items=85 item_failures=292 sdf_attempted=377 sdf_written=377 sdf_failed=0 sdf_skipped_existing=0 svg_written=368
🧪 SDF expected groups: 377
🧪 SDF files available: 377 → MCS_Output/MCS_SDF
🧪 SDF failure records: 0 → MCS_Output/Ligand_MCS_SDF_Failures.csv
🧪 Item failure records: 292 → MCS_Output/Ligand_MCS_Item_Failures.csv
🧪 SVG output path: MCS_Output/MCS_SVG
🧪 CSV output path: MCS_Output
🧪 SDF missing groups: 0
====================================================
🎉 COMPLETED MCS MAPPING + SASA ANNOTATION
📦 Map (MCS only)        → MCS_Output/Ligand_MCS_Map.csv
🧪 SASA (MCS only)       → MCS_Output/Ligand_MCS_SASA.csv
🧬 All atoms (debug)     → MCS_Output/Ligand_AllAtoms_Map.csv
🧪 SASA (ALL atoms)      → MCS_Output/Ligand_MCS_SASA_ALL_ATOMS.csv
⚠️ Failures              → MCS_Output/Ligand_MCS_Failures.csv
⚠️ SDF failures          → MCS_Output/Ligand_MCS_SDF_Failures.csv
⚠️ Item failures         → MCS_Output/Ligand_MCS_Item_Failures.csv
====================================================
🖼️  SVGs generated: 368 → MCS_Output/MCS_SVG
⚠️ MCS failures (first 10):
4IK | 4ikp | Size mismatch: SMILES=28 vs 3D=33
4R7 | 7pu8 | Size mismatch: SMILES=47 vs 3D=82
4R7 | 7pu8 | GRAPH_FULL skipped: size>80
4R7 | 7pu8 | Size mismatch: SMILES=47 vs 3D=82
4R7 | 7pu8 | GRAPH_FULL skipped: size>80
4R7 | 7pu8 | Size mismatch: SMILES=47 vs 3D=82
4R7 | 7pu8 | GRAPH_FULL skipped: size>80
4R7 | 7pu8 | Size mismatch: SMILES=47 vs 3D=82
4R7 | 7pu8 | GRAPH_FULL skipped: size>80
5N5 | 5isi | Size mismatch: SMILES=19 vs 3D=33
[17:56:26] [mem] after 11_mcsMatcher.py parent=98.2MB delta=+0.2MB combined_peak=239.9MB child_peak=141.7MB
[17:56:26] ✅ SDF validation PASS after 11_mcsMatcher.py: MCS_Output/MCS_SDF files=377 expected=377 recorded_failures=0
[17:56:26] 🚀 Running 12_Results.py...
[17:56:26] 🐍 Pipeline Python: /Users/jxs794/miniconda3/envs/warhead/bin/python
[17:56:26] [mem] before 12_Results.py parent=105.2MB combined=105.2MB
[17:56:26] 🧵 Worker caps for 12_Results.py: pipeline_max=3 WARHEAD_SQCHK_MAX_WORKERS=3 WARHEAD_PDBMKR_MAX_WORKERS=3 WARHEAD_SASA_MAX_WORKERS=3 WARHEAD_METADATA_MAX_WORKERS=3 WARHEAD_MCS_MAX_WORKERS=3
[17:56:26] ⏱ No-output watchdog for 12_Results.py: 180s
[17:56:26] [mem] running 12_Results.py parent=105.2MB child_tree=9.4MB combined=114.6MB
✅ Integrated 3DSASAmapped.csv created with standard headers.
[17:56:27] [mem] after 12_Results.py parent=105.2MB delta=+0.0MB combined_peak=200.6MB child_peak=95.4MB
[17:56:27] ✅ SDF validation PASS after 12_Results.py: TARGET_RESULTS/MCS_Output/MCS_SDF files=377 expected=377 recorded_failures=0
[17:56:27] 🚀 Running 15_ResultsMerged.py...
[17:56:27] 🐍 Pipeline Python: /Users/jxs794/miniconda3/envs/warhead/bin/python
[17:56:27] [mem] before 15_ResultsMerged.py parent=106.5MB combined=106.5MB
[17:56:27] 🧵 Worker caps for 15_ResultsMerged.py: pipeline_max=3 WARHEAD_SQCHK_MAX_WORKERS=3 WARHEAD_PDBMKR_MAX_WORKERS=3 WARHEAD_SASA_MAX_WORKERS=3 WARHEAD_METADATA_MAX_WORKERS=3 WARHEAD_MCS_MAX_WORKERS=3
[17:56:27] ⏱ No-output watchdog for 15_ResultsMerged.py: 180s
[17:56:27] [mem] running 15_ResultsMerged.py parent=106.5MB child_tree=9.8MB combined=116.3MB
🧬 Using SASA file: Warhead_SASA_atoms.csv
✅ Wrote merged atom table: Ligand_3D_Atoms_with_SASA.csv
📊 Total atoms: 15363
🎉 RESULTS MERGE COMPLETE
[17:56:27] [mem] after 15_ResultsMerged.py parent=106.5MB delta=+0.0MB combined_peak=116.3MB child_peak=9.8MB
[17:56:27] 🚀 Running 16_ResultsDisplay.py...
[17:56:27] 🐍 Pipeline Python: /Users/jxs794/miniconda3/envs/warhead/bin/python
[17:56:27] [mem] before 16_ResultsDisplay.py parent=106.5MB combined=106.5MB
[17:56:27] 🧵 Worker caps for 16_ResultsDisplay.py: pipeline_max=3 WARHEAD_SQCHK_MAX_WORKERS=3 WARHEAD_PDBMKR_MAX_WORKERS=3 WARHEAD_SASA_MAX_WORKERS=3 WARHEAD_METADATA_MAX_WORKERS=3 WARHEAD_MCS_MAX_WORKERS=3
[17:56:27] ⏱ No-output watchdog for 16_ResultsDisplay.py: 180s
[17:56:27] [mem] running 16_ResultsDisplay.py parent=106.5MB child_tree=9.6MB combined=116.1MB
📁 ResultsDisplay root: /Users/jxs794/Documents/warhead-hunter/jobs/s4v4029c
📁 WAR_PDB root: /Users/jxs794/Documents/warhead-hunter/jobs/s4v4029c/WAR_PDB
📁 SDF roots: ['/Users/jxs794/Documents/warhead-hunter/jobs/s4v4029c/MCS_Output/MCS_SDF', '/Users/jxs794/Documents/warhead-hunter/jobs/s4v4029c/TARGET_RESULTS/MCS_Output/MCS_SDF']
🧪 Indexed SDF exact keys: 377
🧪 Indexed SDF loose keys: 356
🧾 Residue lookup keys: 356
✅ Wrote /Users/jxs794/Documents/warhead-hunter/jobs/s4v4029c/Results_Display.csv (356 SDF-backed entries)
📊 Input WAR_PDB rows skipped due to missing SDF: 0
[17:56:28] [mem] after 16_ResultsDisplay.py parent=84.0MB delta=-22.5MB combined_peak=116.1MB child_peak=9.6MB
[17:56:28] ✅ final SDF validation PASS: rows=356 matched=356 sdf_files=377 dir=jobs/s4v4029c/TARGET_RESULTS/MCS_Output/MCS_SDF
[17:56:28] 🗄️ RANDY backup skipped: WARHEAD_BACKUP_ON_COMPLETE=0
[17:56:28] 🧹 Cleanup packaging step disabled by WARHEAD_RUN_CLEANUP_STEP=0
[17:56:28] ✅ PIPELINE FINISHED SUCCESSFULLY
[17:56:28] Access results in the Browse tab.
