Target,pdb_id,Warhead,Residue_ID,Variant,Chain,atom_id,exact_atom,x,y,z,Exposure_A2,AtomIndex,AtomSymbol,SMILES
NUDT5,3ac9,8GD,2,1,A,1518,N1,0.708,16.688,73.52,14.217,10.0,N,C1[C@@H]([C@H](O[C@H]1N2C3=C(C(=O)NC(=N3)N)NC2=O)CO[P@](=O)(O)OP(=O)(O)O)O
NUDT5,3ac9,8GD,2,1,A,1519,C2,0.028,17.161,72.413,6.038,11.0,C,C1[C@@H]([C@H](O[C@H]1N2C3=C(C(=O)NC(=N3)N)NC2=O)CO[P@](=O)(O)OP(=O)(O)O)O
NUDT5,3ac9,8GD,2,1,A,1520,N2,-1.252,17.539,72.616,15.31,13.0,N,C1[C@@H]([C@H](O[C@H]1N2C3=C(C(=O)NC(=N3)N)NC2=O)CO[P@](=O)(O)OP(=O)(O)O)O
NUDT5,3ac9,8GD,2,1,A,1521,N3,0.567,17.256,71.195,2.187,12.0,N,C1[C@@H]([C@H](O[C@H]1N2C3=C(C(=O)NC(=N3)N)NC2=O)CO[P@](=O)(O)OP(=O)(O)O)O
NUDT5,3ac9,8GD,2,1,A,1522,C4,1.859,16.829,71.175,1.208,6.0,C,C1[C@@H]([C@H](O[C@H]1N2C3=C(C(=O)NC(=N3)N)NC2=O)CO[P@](=O)(O)OP(=O)(O)O)O
NUDT5,3ac9,8GD,2,1,A,1523,C5,2.61,16.342,72.222,3.623,7.0,C,C1[C@@H]([C@H](O[C@H]1N2C3=C(C(=O)NC(=N3)N)NC2=O)CO[P@](=O)(O)OP(=O)(O)O)O
NUDT5,3ac9,8GD,2,1,A,1524,C6,2.029,16.245,73.509,6.038,8.0,C,C1[C@@H]([C@H](O[C@H]1N2C3=C(C(=O)NC(=N3)N)NC2=O)CO[P@](=O)(O)OP(=O)(O)O)O
NUDT5,3ac9,8GD,2,1,A,1525,O6,2.557,15.835,74.551,35.358,9.0,O,C1[C@@H]([C@H](O[C@H]1N2C3=C(C(=O)NC(=N3)N)NC2=O)CO[P@](=O)(O)OP(=O)(O)O)O
NUDT5,3ac9,8GD,2,1,A,1526,N7,3.892,16.012,71.798,14.217,14.0,N,C1[C@@H]([C@H](O[C@H]1N2C3=C(C(=O)NC(=N3)N)NC2=O)CO[P@](=O)(O)OP(=O)(O)O)O
NUDT5,3ac9,8GD,2,1,A,1527,C8,3.908,16.294,70.521,3.623,15.0,C,C1[C@@H]([C@H](O[C@H]1N2C3=C(C(=O)NC(=N3)N)NC2=O)CO[P@](=O)(O)OP(=O)(O)O)O
NUDT5,3ac9,8GD,2,1,A,1528,O8,4.915,16.112,69.837,26.786,16.0,O,C1[C@@H]([C@H](O[C@H]1N2C3=C(C(=O)NC(=N3)N)NC2=O)CO[P@](=O)(O)OP(=O)(O)O)O
NUDT5,3ac9,8GD,2,1,A,1531,C2',3.36,18.0,67.916,8.453,0.0,C,C1[C@@H]([C@H](O[C@H]1N2C3=C(C(=O)NC(=N3)N)NC2=O)CO[P@](=O)(O)OP(=O)(O)O)O
NUDT5,3ac9,8GD,2,1,A,1532,C3',4.069,16.914,67.111,4.831,1.0,C,C1[C@@H]([C@H](O[C@H]1N2C3=C(C(=O)NC(=N3)N)NC2=O)CO[P@](=O)(O)OP(=O)(O)O)O
NUDT5,3ac9,8GD,2,1,A,1533,O3',4.49,17.423,65.846,39.644,27.0,O,C1[C@@H]([C@H](O[C@H]1N2C3=C(C(=O)NC(=N3)N)NC2=O)CO[P@](=O)(O)OP(=O)(O)O)O
NUDT5,3ac9,8GD,2,1,A,1534,C4',2.96,15.899,66.867,7.246,2.0,C,C1[C@@H]([C@H](O[C@H]1N2C3=C(C(=O)NC(=N3)N)NC2=O)CO[P@](=O)(O)OP(=O)(O)O)O
NUDT5,3ac9,8GD,2,1,A,1535,O4',2.019,16.062,67.955,13.929,3.0,O,C1[C@@H]([C@H](O[C@H]1N2C3=C(C(=O)NC(=N3)N)NC2=O)CO[P@](=O)(O)OP(=O)(O)O)O
NUDT5,3ac9,8GD,2,1,A,1536,C5',3.437,14.46,66.813,38.644,17.0,C,C1[C@@H]([C@H](O[C@H]1N2C3=C(C(=O)NC(=N3)N)NC2=O)CO[P@](=O)(O)OP(=O)(O)O)O
NUDT5,2dsc,APR,402,1,A,1519,C2,-20.056,24.789,79.252,13.284,0.0,C,c1nc(c2c(n1)n(cn2)[C@H]3[C@@H]([C@@H]([C@H](O3)CO[P@](=O)(O)O[P@](=O)(O)OC[C@@H]4[C@H]([C@H]([C@@H](O4)O)O)O)O)O)N
NUDT5,2dsc,APR,402,1,A,1520,N3,-21.187,23.849,79.085,9.842,5.0,N,c1nc(c2c(n1)n(cn2)[C@H]3[C@@H]([C@@H]([C@H](O3)CO[P@](=O)(O)O[P@](=O)(O)OC[C@@H]4[C@H]([C@H]([C@@H](O4)O)O)O)O)O)N
NUDT5,2dsc,APR,402,1,A,1521,C4,-21.043,22.583,78.463,3.623,4.0,C,c1nc(c2c(n1)n(cn2)[C@H]3[C@@H]([C@@H]([C@H](O3)CO[P@](=O)(O)O[P@](=O)(O)OC[C@@H]4[C@H]([C@H]([C@@H](O4)O)O)O)O)O)N
NUDT5,2dsc,APR,402,1,A,1522,C5,-19.808,22.15,77.969,4.831,3.0,C,c1nc(c2c(n1)n(cn2)[C@H]3[C@@H]([C@@H]([C@H](O3)CO[P@](=O)(O)O[P@](=O)(O)OC[C@@H]4[C@H]([C@H]([C@@H](O4)O)O)O)O)O)N
NUDT5,2dsc,APR,402,1,A,1523,C6,-18.68,22.977,78.085,2.415,2.0,C,c1nc(c2c(n1)n(cn2)[C@H]3[C@@H]([C@@H]([C@H](O3)CO[P@](=O)(O)O[P@](=O)(O)OC[C@@H]4[C@H]([C@H]([C@@H](O4)O)O)O)O)O)N
NUDT5,2dsc,APR,402,1,A,1524,N6,-17.498,22.575,77.618,8.749,35.0,N,c1nc(c2c(n1)n(cn2)[C@H]3[C@@H]([C@@H]([C@H](O3)CO[P@](=O)(O)O[P@](=O)(O)OC[C@@H]4[C@H]([C@H]([C@@H](O4)O)O)O)O)O)N
NUDT5,2dsc,APR,402,1,A,1525,N7,-19.999,20.926,77.449,17.497,8.0,N,c1nc(c2c(n1)n(cn2)[C@H]3[C@@H]([C@@H]([C@H](O3)CO[P@](=O)(O)O[P@](=O)(O)OC[C@@H]4[C@H]([C@H]([C@@H](O4)O)O)O)O)O)N
NUDT5,2dsc,APR,402,1,A,1526,C8,-21.278,20.605,77.606,21.737,7.0,C,c1nc(c2c(n1)n(cn2)[C@H]3[C@@H]([C@@H]([C@H](O3)CO[P@](=O)(O)O[P@](=O)(O)OC[C@@H]4[C@H]([C@H]([C@@H](O4)O)O)O)O)O)N
NUDT5,2dsc,APR,402,1,A,1528,C1',-23.391,21.652,78.589,10.869,9.0,C,c1nc(c2c(n1)n(cn2)[C@H]3[C@@H]([C@@H]([C@H](O3)CO[P@](=O)(O)O[P@](=O)(O)OC[C@@H]4[C@H]([C@H]([C@@H](O4)O)O)O)O)O)N
NUDT5,2dsc,APR,402,1,A,1530,O2',-25.23,23.232,78.538,39.644,34.0,O,c1nc(c2c(n1)n(cn2)[C@H]3[C@@H]([C@@H]([C@H](O3)CO[P@](=O)(O)O[P@](=O)(O)OC[C@@H]4[C@H]([C@H]([C@@H](O4)O)O)O)O)O)N
NUDT5,2dsc,APR,402,1,A,1532,O3',-25.462,22.713,75.808,28.929,33.0,O,c1nc(c2c(n1)n(cn2)[C@H]3[C@@H]([C@@H]([C@H](O3)CO[P@](=O)(O)O[P@](=O)(O)OC[C@@H]4[C@H]([C@H]([C@@H](O4)O)O)O)O)O)N
NUDT5,2dsc,APR,402,1,A,1533,O4',-24.09,20.429,78.215,18.215,13.0,O,c1nc(c2c(n1)n(cn2)[C@H]3[C@@H]([C@@H]([C@H](O3)CO[P@](=O)(O)O[P@](=O)(O)OC[C@@H]4[C@H]([C@H]([C@@H](O4)O)O)O)O)O)N
NUDT5,2dsc,APR,402,1,A,1534,C4',-24.949,20.691,77.088,10.869,12.0,C,c1nc(c2c(n1)n(cn2)[C@H]3[C@@H]([C@@H]([C@H](O3)CO[P@](=O)(O)O[P@](=O)(O)OC[C@@H]4[C@H]([C@H]([C@@H](O4)O)O)O)O)O)N
NUDT5,2dsc,APR,402,1,A,1535,C5',-24.884,19.532,76.067,14.492,14.0,C,c1nc(c2c(n1)n(cn2)[C@H]3[C@@H]([C@@H]([C@H](O3)CO[P@](=O)(O)O[P@](=O)(O)OC[C@@H]4[C@H]([C@H]([C@@H](O4)O)O)O)O)O)N
NUDT5,2dsc,APR,402,1,A,1536,O5',-25.693,19.779,74.89,6.429,15.0,O,c1nc(c2c(n1)n(cn2)[C@H]3[C@@H]([C@@H]([C@H](O3)CO[P@](=O)(O)O[P@](=O)(O)OC[C@@H]4[C@H]([C@H]([C@@H](O4)O)O)O)O)O)N
NUDT5,2dsc,APR,402,1,A,1537,PA,-25.747,18.656,73.719,2.574,16.0,P,c1nc(c2c(n1)n(cn2)[C@H]3[C@@H]([C@@H]([C@H](O3)CO[P@](=O)(O)O[P@](=O)(O)OC[C@@H]4[C@H]([C@H]([C@@H](O4)O)O)O)O)O)N
NUDT5,2dsc,APR,402,1,A,1538,O1A,-26.585,19.134,72.587,40.715,17.0,O,c1nc(c2c(n1)n(cn2)[C@H]3[C@@H]([C@@H]([C@H](O3)CO[P@](=O)(O)O[P@](=O)(O)OC[C@@H]4[C@H]([C@H]([C@@H](O4)O)O)O)O)O)N
NUDT5,2dsc,APR,402,1,A,1539,O2A,-26.221,17.392,74.334,43.93,18.0,O,c1nc(c2c(n1)n(cn2)[C@H]3[C@@H]([C@@H]([C@H](O3)CO[P@](=O)(O)O[P@](=O)(O)OC[C@@H]4[C@H]([C@H]([C@@H](O4)O)O)O)O)O)N
NUDT5,2dsc,APR,402,1,A,1540,O3A,-24.182,18.448,73.324,5.357,19.0,O,c1nc(c2c(n1)n(cn2)[C@H]3[C@@H]([C@@H]([C@H](O3)CO[P@](=O)(O)O[P@](=O)(O)OC[C@@H]4[C@H]([C@H]([C@@H](O4)O)O)O)O)O)N
NUDT5,2dsc,APR,402,1,A,1542,O1B,-22.804,20.542,72.828,13.929,,,c1nc(c2c(n1)n(cn2)[C@H]3[C@@H]([C@@H]([C@H](O3)CO[P@](=O)(O)O[P@](=O)(O)OC[C@@H]4[C@H]([C@H]([C@@H](O4)O)O)O)O)O)N
NUDT5,2dsc,APR,402,1,A,1543,O2B,-24.147,19.448,70.998,30.001,,,c1nc(c2c(n1)n(cn2)[C@H]3[C@@H]([C@@H]([C@H](O3)CO[P@](=O)(O)O[P@](=O)(O)OC[C@@H]4[C@H]([C@H]([C@@H](O4)O)O)O)O)O)N
NUDT5,2dsc,APR,402,1,A,1544,O5D,-22.108,18.313,71.994,4.286,,,c1nc(c2c(n1)n(cn2)[C@H]3[C@@H]([C@@H]([C@H](O3)CO[P@](=O)(O)O[P@](=O)(O)OC[C@@H]4[C@H]([C@H]([C@@H](O4)O)O)O)O)O)N
NUDT5,2dsc,APR,402,1,A,1545,C5D,-22.288,17.122,71.245,24.153,,,c1nc(c2c(n1)n(cn2)[C@H]3[C@@H]([C@@H]([C@H](O3)CO[P@](=O)(O)O[P@](=O)(O)OC[C@@H]4[C@H]([C@H]([C@@H](O4)O)O)O)O)O)N
NUDT5,2dsc,APR,402,1,A,1546,O4D,-20.845,18.1,69.627,16.072,,,c1nc(c2c(n1)n(cn2)[C@H]3[C@@H]([C@@H]([C@H](O3)CO[P@](=O)(O)O[P@](=O)(O)OC[C@@H]4[C@H]([C@H]([C@@H](O4)O)O)O)O)O)N
NUDT5,2dsc,APR,402,1,A,1547,O1D,-18.614,18.446,69.019,12.858,,,c1nc(c2c(n1)n(cn2)[C@H]3[C@@H]([C@@H]([C@H](O3)CO[P@](=O)(O)O[P@](=O)(O)OC[C@@H]4[C@H]([C@H]([C@@H](O4)O)O)O)O)O)N
NUDT5,2dsc,APR,402,1,A,1548,C1D,-19.614,18.77,70.006,1.208,,,c1nc(c2c(n1)n(cn2)[C@H]3[C@@H]([C@@H]([C@H](O3)CO[P@](=O)(O)O[P@](=O)(O)OC[C@@H]4[C@H]([C@H]([C@@H](O4)O)O)O)O)O)N
NUDT5,2dsc,APR,402,1,A,1549,O2D,-17.845,18.4,71.702,6.429,,,c1nc(c2c(n1)n(cn2)[C@H]3[C@@H]([C@@H]([C@H](O3)CO[P@](=O)(O)O[P@](=O)(O)OC[C@@H]4[C@H]([C@H]([C@@H](O4)O)O)O)O)O)N
NUDT5,2dsc,APR,402,1,A,1550,C2D,-19.26,18.272,71.427,3.623,,,c1nc(c2c(n1)n(cn2)[C@H]3[C@@H]([C@@H]([C@H](O3)CO[P@](=O)(O)O[P@](=O)(O)OC[C@@H]4[C@H]([C@H]([C@@H](O4)O)O)O)O)O)N
NUDT5,2dsc,APR,402,1,A,1551,O3D,-18.826,15.903,70.834,32.144,,,c1nc(c2c(n1)n(cn2)[C@H]3[C@@H]([C@@H]([C@H](O3)CO[P@](=O)(O)O[P@](=O)(O)OC[C@@H]4[C@H]([C@H]([C@@H](O4)O)O)O)O)O)N
NUDT5,2dsc,APR,402,1,A,1552,C3D,-19.801,16.825,71.379,10.869,,,c1nc(c2c(n1)n(cn2)[C@H]3[C@@H]([C@@H]([C@H](O3)CO[P@](=O)(O)O[P@](=O)(O)OC[C@@H]4[C@H]([C@H]([C@@H](O4)O)O)O)O)O)N
NUDT5,2dsc,APR,402,1,A,1553,C4D,-21.019,16.906,70.457,13.284,,,c1nc(c2c(n1)n(cn2)[C@H]3[C@@H]([C@@H]([C@H](O3)CO[P@](=O)(O)O[P@](=O)(O)OC[C@@H]4[C@H]([C@H]([C@@H](O4)O)O)O)O)O)N
NUDT5,2dsc,APR,401,1,B,1518,N1,0.374,16.705,74.255,1.094,1.0,N,c1nc(c2c(n1)n(cn2)[C@H]3[C@@H]([C@@H]([C@H](O3)CO[P@](=O)(O)O[P@](=O)(O)OC[C@@H]4[C@H]([C@H]([C@@H](O4)O)O)O)O)O)N
NUDT5,2dsc,APR,401,1,B,1519,C2,1.819,16.335,74.213,16.907,0.0,C,c1nc(c2c(n1)n(cn2)[C@H]3[C@@H]([C@@H]([C@H](O3)CO[P@](=O)(O)O[P@](=O)(O)OC[C@@H]4[C@H]([C@H]([C@@H](O4)O)O)O)O)O)N
NUDT5,2dsc,APR,401,1,B,1520,N3,2.43,16.635,72.907,10.936,5.0,N,c1nc(c2c(n1)n(cn2)[C@H]3[C@@H]([C@@H]([C@H](O3)CO[P@](=O)(O)O[P@](=O)(O)OC[C@@H]4[C@H]([C@H]([C@@H](O4)O)O)O)O)O)N
NUDT5,2dsc,APR,401,1,B,1521,C4,1.7,17.206,71.837,4.831,4.0,C,c1nc(c2c(n1)n(cn2)[C@H]3[C@@H]([C@@H]([C@H](O3)CO[P@](=O)(O)O[P@](=O)(O)OC[C@@H]4[C@H]([C@H]([C@@H](O4)O)O)O)O)O)N
NUDT5,2dsc,APR,401,1,B,1522,C5,0.344,17.519,71.954,4.831,3.0,C,c1nc(c2c(n1)n(cn2)[C@H]3[C@@H]([C@@H]([C@H](O3)CO[P@](=O)(O)O[P@](=O)(O)OC[C@@H]4[C@H]([C@H]([C@@H](O4)O)O)O)O)O)N
NUDT5,2dsc,APR,401,1,B,1523,C6,-0.324,17.273,73.16,3.623,2.0,C,c1nc(c2c(n1)n(cn2)[C@H]3[C@@H]([C@@H]([C@H](O3)CO[P@](=O)(O)O[P@](=O)(O)OC[C@@H]4[C@H]([C@H]([C@@H](O4)O)O)O)O)O)N
NUDT5,2dsc,APR,401,1,B,1524,N6,-1.619,17.573,73.287,8.749,35.0,N,c1nc(c2c(n1)n(cn2)[C@H]3[C@@H]([C@@H]([C@H](O3)CO[P@](=O)(O)O[P@](=O)(O)OC[C@@H]4[C@H]([C@H]([C@@H](O4)O)O)O)O)O)N
NUDT5,2dsc,APR,401,1,B,1525,N7,-0.047,18.038,70.78,17.497,8.0,N,c1nc(c2c(n1)n(cn2)[C@H]3[C@@H]([C@@H]([C@H](O3)CO[P@](=O)(O)O[P@](=O)(O)OC[C@@H]4[C@H]([C@H]([C@@H](O4)O)O)O)O)O)N
NUDT5,2dsc,APR,401,1,B,1526,C8,1.003,18.056,69.971,19.322,7.0,C,c1nc(c2c(n1)n(cn2)[C@H]3[C@@H]([C@@H]([C@H](O3)CO[P@](=O)(O)O[P@](=O)(O)OC[C@@H]4[C@H]([C@H]([C@@H](O4)O)O)O)O)O)N
NUDT5,2dsc,APR,401,1,B,1527,N9,2.076,17.55,70.606,1.094,6.0,N,c1nc(c2c(n1)n(cn2)[C@H]3[C@@H]([C@@H]([C@H](O3)CO[P@](=O)(O)O[P@](=O)(O)OC[C@@H]4[C@H]([C@H]([C@@H](O4)O)O)O)O)O)N
NUDT5,2dsc,APR,401,1,B,1528,C1',3.465,17.387,70.068,12.076,9.0,C,c1nc(c2c(n1)n(cn2)[C@H]3[C@@H]([C@@H]([C@H](O3)CO[P@](=O)(O)O[P@](=O)(O)OC[C@@H]4[C@H]([C@H]([C@@H](O4)O)O)O)O)O)N
NUDT5,2dsc,APR,401,1,B,1530,O2',5.244,15.753,70.053,40.715,34.0,O,c1nc(c2c(n1)n(cn2)[C@H]3[C@@H]([C@@H]([C@H](O3)CO[P@](=O)(O)O[P@](=O)(O)OC[C@@H]4[C@H]([C@H]([C@@H](O4)O)O)O)O)O)N
NUDT5,2dsc,APR,401,1,B,1532,O3',3.822,14.393,68.103,27.858,33.0,O,c1nc(c2c(n1)n(cn2)[C@H]3[C@@H]([C@@H]([C@H](O3)CO[P@](=O)(O)O[P@](=O)(O)OC[C@@H]4[C@H]([C@H]([C@@H](O4)O)O)O)O)O)N
NUDT5,2dsc,APR,401,1,B,1533,O4',3.573,17.887,68.71,17.143,13.0,O,c1nc(c2c(n1)n(cn2)[C@H]3[C@@H]([C@@H]([C@H](O3)CO[P@](=O)(O)O[P@](=O)(O)OC[C@@H]4[C@H]([C@H]([C@@H](O4)O)O)O)O)O)N
NUDT5,2dsc,APR,401,1,B,1534,C4',3.665,16.785,67.808,7.246,12.0,C,c1nc(c2c(n1)n(cn2)[C@H]3[C@@H]([C@@H]([C@H](O3)CO[P@](=O)(O)O[P@](=O)(O)OC[C@@H]4[C@H]([C@H]([C@@H](O4)O)O)O)O)O)N
NUDT5,2dsc,APR,401,1,B,1535,C5',2.781,17.025,66.582,14.492,14.0,C,c1nc(c2c(n1)n(cn2)[C@H]3[C@@H]([C@@H]([C@H](O3)CO[P@](=O)(O)O[P@](=O)(O)OC[C@@H]4[C@H]([C@H]([C@@H](O4)O)O)O)O)O)N
NUDT5,2dsc,APR,401,1,B,1536,O5',2.804,15.912,65.679,6.429,15.0,O,c1nc(c2c(n1)n(cn2)[C@H]3[C@@H]([C@@H]([C@H](O3)CO[P@](=O)(O)O[P@](=O)(O)OC[C@@H]4[C@H]([C@H]([C@@H](O4)O)O)O)O)O)N
NUDT5,2dsc,APR,401,1,B,1537,PA,1.954,16.006,64.316,1.287,16.0,P,c1nc(c2c(n1)n(cn2)[C@H]3[C@@H]([C@@H]([C@H](O3)CO[P@](=O)(O)O[P@](=O)(O)OC[C@@H]4[C@H]([C@H]([C@@H](O4)O)O)O)O)O)N
NUDT5,2dsc,APR,401,1,B,1538,O1A,2.077,14.752,63.56,37.501,17.0,O,c1nc(c2c(n1)n(cn2)[C@H]3[C@@H]([C@@H]([C@H](O3)CO[P@](=O)(O)O[P@](=O)(O)OC[C@@H]4[C@H]([C@H]([C@@H](O4)O)O)O)O)O)N
NUDT5,2dsc,APR,401,1,B,1539,O2A,2.428,17.206,63.59,42.858,18.0,O,c1nc(c2c(n1)n(cn2)[C@H]3[C@@H]([C@@H]([C@H](O3)CO[P@](=O)(O)O[P@](=O)(O)OC[C@@H]4[C@H]([C@H]([C@@H](O4)O)O)O)O)O)N
NUDT5,2dsc,APR,401,1,B,1540,O3A,0.431,16.315,64.799,5.357,19.0,O,c1nc(c2c(n1)n(cn2)[C@H]3[C@@H]([C@@H]([C@H](O3)CO[P@](=O)(O)O[P@](=O)(O)OC[C@@H]4[C@H]([C@H]([C@@H](O4)O)O)O)O)O)N
NUDT5,2dsc,APR,401,1,B,1542,O1B,-0.348,14.901,66.773,9.643,,,c1nc(c2c(n1)n(cn2)[C@H]3[C@@H]([C@@H]([C@H](O3)CO[P@](=O)(O)O[P@](=O)(O)OC[C@@H]4[C@H]([C@H]([C@@H](O4)O)O)O)O)O)N
NUDT5,2dsc,APR,401,1,B,1543,O2B,-0.772,14.118,64.428,26.786,,,c1nc(c2c(n1)n(cn2)[C@H]3[C@@H]([C@@H]([C@H](O3)CO[P@](=O)(O)O[P@](=O)(O)OC[C@@H]4[C@H]([C@H]([C@@H](O4)O)O)O)O)O)N
NUDT5,2dsc,APR,401,1,B,1544,O5D,-2.012,16.124,65.339,6.429,,,c1nc(c2c(n1)n(cn2)[C@H]3[C@@H]([C@@H]([C@H](O3)CO[P@](=O)(O)O[P@](=O)(O)OC[C@@H]4[C@H]([C@H]([C@@H](O4)O)O)O)O)O)N
NUDT5,2dsc,APR,401,1,B,1545,C5D,-2.589,16.551,64.092,26.568,,,c1nc(c2c(n1)n(cn2)[C@H]3[C@@H]([C@@H]([C@H](O3)CO[P@](=O)(O)O[P@](=O)(O)OC[C@@H]4[C@H]([C@H]([C@@H](O4)O)O)O)O)O)N
NUDT5,2dsc,APR,401,1,B,1546,O4D,-4.391,14.959,64.146,16.072,,,c1nc(c2c(n1)n(cn2)[C@H]3[C@@H]([C@@H]([C@H](O3)CO[P@](=O)(O)O[P@](=O)(O)OC[C@@H]4[C@H]([C@H]([C@@H](O4)O)O)O)O)O)N
NUDT5,2dsc,APR,401,1,B,1547,O1D,-6.507,14.463,65.131,19.286,,,c1nc(c2c(n1)n(cn2)[C@H]3[C@@H]([C@@H]([C@H](O3)CO[P@](=O)(O)O[P@](=O)(O)OC[C@@H]4[C@H]([C@H]([C@@H](O4)O)O)O)O)O)N
NUDT5,2dsc,APR,401,1,B,1548,C1D,-5.097,14.607,65.36,7.246,,,c1nc(c2c(n1)n(cn2)[C@H]3[C@@H]([C@@H]([C@H](O3)CO[P@](=O)(O)O[P@](=O)(O)OC[C@@H]4[C@H]([C@H]([C@@H](O4)O)O)O)O)O)N
NUDT5,2dsc,APR,401,1,B,1549,O2D,-5.801,15.823,67.343,2.143,,,c1nc(c2c(n1)n(cn2)[C@H]3[C@@H]([C@@H]([C@H](O3)CO[P@](=O)(O)O[P@](=O)(O)OC[C@@H]4[C@H]([C@H]([C@@H](O4)O)O)O)O)O)N
NUDT5,2dsc,APR,401,1,B,1550,C2D,-4.774,15.728,66.366,1.208,,,c1nc(c2c(n1)n(cn2)[C@H]3[C@@H]([C@@H]([C@H](O3)CO[P@](=O)(O)O[P@](=O)(O)OC[C@@H]4[C@H]([C@H]([C@@H](O4)O)O)O)O)O)N
NUDT5,2dsc,APR,401,1,B,1551,O3D,-5.97,17.546,65.221,27.858,,,c1nc(c2c(n1)n(cn2)[C@H]3[C@@H]([C@@H]([C@H](O3)CO[P@](=O)(O)O[P@](=O)(O)OC[C@@H]4[C@H]([C@H]([C@@H](O4)O)O)O)O)O)N
NUDT5,2dsc,APR,401,1,B,1552,C3D,-4.683,16.958,65.438,9.661,,,c1nc(c2c(n1)n(cn2)[C@H]3[C@@H]([C@@H]([C@H](O3)CO[P@](=O)(O)O[P@](=O)(O)OC[C@@H]4[C@H]([C@H]([C@@H](O4)O)O)O)O)O)N
NUDT5,2dsc,APR,401,1,B,1553,C4D,-4.109,16.381,64.145,12.076,,,c1nc(c2c(n1)n(cn2)[C@H]3[C@@H]([C@@H]([C@H](O3)CO[P@](=O)(O)O[P@](=O)(O)OC[C@@H]4[C@H]([C@H]([C@@H](O4)O)O)O)O)O)N
NUDT5,3ac9,8GD,1,1,B,1518,N1,-18.192,22.624,78.146,13.123,10.0,N,C1[C@@H]([C@H](O[C@H]1N2C3=C(C(=O)NC(=N3)N)NC2=O)CO[P@](=O)(O)OP(=O)(O)O)O
NUDT5,3ac9,8GD,1,1,B,1519,C2,-18.256,21.427,77.469,6.038,11.0,C,C1[C@@H]([C@H](O[C@H]1N2C3=C(C(=O)NC(=N3)N)NC2=O)CO[P@](=O)(O)OP(=O)(O)O)O
NUDT5,3ac9,8GD,1,1,B,1520,N2,-17.109,20.959,76.949,21.872,13.0,N,C1[C@@H]([C@H](O[C@H]1N2C3=C(C(=O)NC(=N3)N)NC2=O)CO[P@](=O)(O)OP(=O)(O)O)O
NUDT5,3ac9,8GD,1,1,B,1521,N3,-19.374,20.733,77.315,1.094,12.0,N,C1[C@@H]([C@H](O[C@H]1N2C3=C(C(=O)NC(=N3)N)NC2=O)CO[P@](=O)(O)OP(=O)(O)O)O
NUDT5,3ac9,8GD,1,1,B,1522,C4,-20.436,21.347,77.898,3.623,6.0,C,C1[C@@H]([C@H](O[C@H]1N2C3=C(C(=O)NC(=N3)N)NC2=O)CO[P@](=O)(O)OP(=O)(O)O)O
NUDT5,3ac9,8GD,1,1,B,1523,C5,-20.472,22.536,78.585,3.623,7.0,C,C1[C@@H]([C@H](O[C@H]1N2C3=C(C(=O)NC(=N3)N)NC2=O)CO[P@](=O)(O)OP(=O)(O)O)O
NUDT5,3ac9,8GD,1,1,B,1524,C6,-19.276,23.265,78.745,3.623,8.0,C,C1[C@@H]([C@H](O[C@H]1N2C3=C(C(=O)NC(=N3)N)NC2=O)CO[P@](=O)(O)OP(=O)(O)O)O
NUDT5,3ac9,8GD,1,1,B,1525,O6,-19.116,24.342,79.328,35.358,9.0,O,C1[C@@H]([C@H](O[C@H]1N2C3=C(C(=O)NC(=N3)N)NC2=O)CO[P@](=O)(O)OP(=O)(O)O)O
NUDT5,3ac9,8GD,1,1,B,1526,N7,-21.758,22.811,79.018,14.217,14.0,N,C1[C@@H]([C@H](O[C@H]1N2C3=C(C(=O)NC(=N3)N)NC2=O)CO[P@](=O)(O)OP(=O)(O)O)O
NUDT5,3ac9,8GD,1,1,B,1527,C8,-22.482,21.805,78.598,4.831,15.0,C,C1[C@@H]([C@H](O[C@H]1N2C3=C(C(=O)NC(=N3)N)NC2=O)CO[P@](=O)(O)OP(=O)(O)O)O
NUDT5,3ac9,8GD,1,1,B,1528,O8,-23.692,21.742,78.822,26.786,16.0,O,C1[C@@H]([C@H](O[C@H]1N2C3=C(C(=O)NC(=N3)N)NC2=O)CO[P@](=O)(O)OP(=O)(O)O)O
NUDT5,3ac9,8GD,1,1,B,1531,PB,-25.834,17.918,73.282,1.287,,,C1[C@@H]([C@H](O[C@H]1N2C3=C(C(=O)NC(=N3)N)NC2=O)CO[P@](=O)(O)OP(=O)(O)O)O
NUDT5,3ac9,8GD,1,1,B,1532,C1',-22.131,19.617,77.26,4.831,4.0,C,C1[C@@H]([C@H](O[C@H]1N2C3=C(C(=O)NC(=N3)N)NC2=O)CO[P@](=O)(O)OP(=O)(O)O)O
NUDT5,3ac9,8GD,1,1,B,1533,O1A,-23.452,18.326,70.463,11.786,20.0,O,C1[C@@H]([C@H](O[C@H]1N2C3=C(C(=O)NC(=N3)N)NC2=O)CO[P@](=O)(O)OP(=O)(O)O)O
NUDT5,3ac9,8GD,1,1,B,1534,O1B,-26.638,18.043,72.058,3.214,,,C1[C@@H]([C@H](O[C@H]1N2C3=C(C(=O)NC(=N3)N)NC2=O)CO[P@](=O)(O)OP(=O)(O)O)O
NUDT5,3ac9,8GD,1,1,B,1535,C2',-23.557,19.621,76.739,16.907,0.0,C,C1[C@@H]([C@H](O[C@H]1N2C3=C(C(=O)NC(=N3)N)NC2=O)CO[P@](=O)(O)OP(=O)(O)O)O
NUDT5,3ac9,8GD,1,1,B,1536,O2A,-24.145,20.39,71.822,10.715,21.0,O,C1[C@@H]([C@H](O[C@H]1N2C3=C(C(=O)NC(=N3)N)NC2=O)CO[P@](=O)(O)OP(=O)(O)O)O
NUDT5,3ac9,8GD,1,1,B,1537,O2B,-26.09,18.797,74.4,8.572,,,C1[C@@H]([C@H](O[C@H]1N2C3=C(C(=O)NC(=N3)N)NC2=O)CO[P@](=O)(O)OP(=O)(O)O)O
NUDT5,3ac9,8GD,1,1,B,1539,O3',-23.516,17.312,76.064,5.357,27.0,O,C1[C@@H]([C@H](O[C@H]1N2C3=C(C(=O)NC(=N3)N)NC2=O)CO[P@](=O)(O)OP(=O)(O)O)O
NUDT5,3ac9,8GD,1,1,B,1541,O3B,-25.973,16.426,73.804,10.715,,,C1[C@@H]([C@H](O[C@H]1N2C3=C(C(=O)NC(=N3)N)NC2=O)CO[P@](=O)(O)OP(=O)(O)O)O
NUDT5,3ac9,8GD,1,1,B,1544,C5',-21.99,19.788,73.77,16.907,17.0,C,C1[C@@H]([C@H](O[C@H]1N2C3=C(C(=O)NC(=N3)N)NC2=O)CO[P@](=O)(O)OP(=O)(O)O)O
NUDT5,3ac9,8GD,1,1,B,1545,O5',-22.167,18.981,72.578,8.572,18.0,O,C1[C@@H]([C@H](O[C@H]1N2C3=C(C(=O)NC(=N3)N)NC2=O)CO[P@](=O)(O)OP(=O)(O)O)O
NUDT5,3aca,8DD,2,1,A,1525,N1,0.808,16.461,74.33,17.497,1.0,N,c1nc(c2c(n1)N(C(=O)N2)[C@H]3C[C@@H]([C@H](O3)CO[P@](=O)(O)OP(=O)(O)O)O)N
NUDT5,3aca,8DD,2,1,A,1526,C2,-0.217,16.903,73.592,21.737,0.0,C,c1nc(c2c(n1)N(C(=O)N2)[C@H]3C[C@@H]([C@H](O3)CO[P@](=O)(O)OP(=O)(O)O)O)N
NUDT5,3aca,8DD,2,1,A,1527,N3,-0.251,17.177,72.289,2.187,5.0,N,c1nc(c2c(n1)N(C(=O)N2)[C@H]3C[C@@H]([C@H](O3)CO[P@](=O)(O)OP(=O)(O)O)O)N
NUDT5,3aca,8DD,2,1,A,1528,C4,0.945,16.951,71.723,3.623,4.0,C,c1nc(c2c(n1)N(C(=O)N2)[C@H]3C[C@@H]([C@H](O3)CO[P@](=O)(O)OP(=O)(O)O)O)N
NUDT5,3aca,8DD,2,1,A,1529,C5,2.088,16.499,72.349,4.831,3.0,C,c1nc(c2c(n1)N(C(=O)N2)[C@H]3C[C@@H]([C@H](O3)CO[P@](=O)(O)OP(=O)(O)O)O)N
NUDT5,3aca,8DD,2,1,A,1530,C6,1.997,16.244,73.731,3.623,2.0,C,c1nc(c2c(n1)N(C(=O)N2)[C@H]3C[C@@H]([C@H](O3)CO[P@](=O)(O)OP(=O)(O)O)O)N
NUDT5,3aca,8DD,2,1,A,1531,N6,3.021,15.803,74.469,38.276,26.0,N,c1nc(c2c(n1)N(C(=O)N2)[C@H]3C[C@@H]([C@H](O3)CO[P@](=O)(O)OP(=O)(O)O)O)N
NUDT5,3aca,8DD,2,1,A,1532,N7,3.126,16.388,71.44,16.404,9.0,N,c1nc(c2c(n1)N(C(=O)N2)[C@H]3C[C@@H]([C@H](O3)CO[P@](=O)(O)OP(=O)(O)O)O)N
NUDT5,3aca,8DD,2,1,A,1533,C8,2.604,16.77,70.296,2.415,7.0,C,c1nc(c2c(n1)N(C(=O)N2)[C@H]3C[C@@H]([C@H](O3)CO[P@](=O)(O)OP(=O)(O)O)O)N
NUDT5,3aca,8DD,2,1,A,1534,O8,3.239,16.8,69.258,20.358,8.0,O,c1nc(c2c(n1)N(C(=O)N2)[C@H]3C[C@@H]([C@H](O3)CO[P@](=O)(O)OP(=O)(O)O)O)N
NUDT5,3aca,8DD,2,1,A,1537,PB,2.187,15.319,64.097,1.287,,,c1nc(c2c(n1)N(C(=O)N2)[C@H]3C[C@@H]([C@H](O3)CO[P@](=O)(O)OP(=O)(O)O)O)N
NUDT5,3aca,8DD,2,1,A,1539,O1A,-1.824,15.44,64.703,24.644,18.0,O,c1nc(c2c(n1)N(C(=O)N2)[C@H]3C[C@@H]([C@H](O3)CO[P@](=O)(O)OP(=O)(O)O)O)N
NUDT5,3aca,8DD,2,1,A,1540,O1B,2.873,14.276,65.064,22.501,,,c1nc(c2c(n1)N(C(=O)N2)[C@H]3C[C@@H]([C@H](O3)CO[P@](=O)(O)OP(=O)(O)O)O)N
NUDT5,3aca,8DD,2,1,A,1542,O2A,-0.492,13.376,64.057,2.143,19.0,O,c1nc(c2c(n1)N(C(=O)N2)[C@H]3C[C@@H]([C@H](O3)CO[P@](=O)(O)OP(=O)(O)O)O)N
NUDT5,3aca,8DD,2,1,A,1543,O2B,2.794,16.616,63.923,21.429,,,c1nc(c2c(n1)N(C(=O)N2)[C@H]3C[C@@H]([C@H](O3)CO[P@](=O)(O)OP(=O)(O)O)O)N
NUDT5,3aca,8DD,2,1,A,1545,O3',-1.264,18.635,67.265,5.357,25.0,O,c1nc(c2c(n1)N(C(=O)N2)[C@H]3C[C@@H]([C@H](O3)CO[P@](=O)(O)OP(=O)(O)O)O)N
NUDT5,3aca,8DD,2,1,A,1547,O3B,2.049,14.74,62.751,2.143,,,c1nc(c2c(n1)N(C(=O)N2)[C@H]3C[C@@H]([C@H](O3)CO[P@](=O)(O)OP(=O)(O)O)O)N
NUDT5,3aca,8DD,2,1,A,1548,C4',-0.62,16.359,67.633,3.623,13.0,C,c1nc(c2c(n1)N(C(=O)N2)[C@H]3C[C@@H]([C@H](O3)CO[P@](=O)(O)OP(=O)(O)O)O)N
NUDT5,3aca,8DD,2,1,A,1549,O4',-0.556,16.545,69.06,6.429,14.0,O,c1nc(c2c(n1)N(C(=O)N2)[C@H]3C[C@@H]([C@H](O3)CO[P@](=O)(O)OP(=O)(O)O)O)N
NUDT5,3aca,8DD,2,1,A,1550,C5',0.337,15.257,67.249,7.246,15.0,C,c1nc(c2c(n1)N(C(=O)N2)[C@H]3C[C@@H]([C@H](O3)CO[P@](=O)(O)OP(=O)(O)O)O)N
NUDT5,3aca,8DD,2,1,A,1551,O5',-0.332,14.325,66.382,1.071,16.0,O,c1nc(c2c(n1)N(C(=O)N2)[C@H]3C[C@@H]([C@H](O3)CO[P@](=O)(O)OP(=O)(O)O)O)N
NUDT5,3bm4,ADV,401,1,B,1521,PA,1.715,16.242,63.908,1.287,16.0,P,c1nc(c2c(n1)n(cn2)[C@H]3[C@@H]([C@@H]([C@H](O3)CO[P@@](=O)(C[P@](=O)(O)OC[C@@H]4[C@H]([C@H]([C@H](O4)O)O)O)O)O)O)N
NUDT5,3bm4,ADV,401,1,B,1522,O5',2.477,16.029,65.31,2.143,15.0,O,c1nc(c2c(n1)n(cn2)[C@H]3[C@@H]([C@@H]([C@H](O3)CO[P@@](=O)(C[P@](=O)(O)OC[C@@H]4[C@H]([C@H]([C@H](O4)O)O)O)O)O)O)N
NUDT5,3bm4,ADV,401,1,B,1523,C5',2.713,17.159,66.155,9.661,14.0,C,c1nc(c2c(n1)n(cn2)[C@H]3[C@@H]([C@@H]([C@H](O3)CO[P@@](=O)(C[P@](=O)(O)OC[C@@H]4[C@H]([C@H]([C@H](O4)O)O)O)O)O)O)N
NUDT5,3bm4,ADV,401,1,B,1524,C4',3.703,16.823,67.272,8.453,12.0,C,c1nc(c2c(n1)n(cn2)[C@H]3[C@@H]([C@@H]([C@H](O3)CO[P@@](=O)(C[P@](=O)(O)OC[C@@H]4[C@H]([C@H]([C@H](O4)O)O)O)O)O)O)N
NUDT5,3bm4,ADV,401,1,B,1525,O4',3.811,17.896,68.226,15.0,13.0,O,c1nc(c2c(n1)n(cn2)[C@H]3[C@@H]([C@@H]([C@H](O3)CO[P@@](=O)(C[P@](=O)(O)OC[C@@H]4[C@H]([C@H]([C@H](O4)O)O)O)O)O)O)N
NUDT5,3bm4,ADV,401,1,B,1527,O3',3.717,14.413,67.429,24.644,33.0,O,c1nc(c2c(n1)n(cn2)[C@H]3[C@@H]([C@@H]([C@H](O3)CO[P@@](=O)(C[P@](=O)(O)OC[C@@H]4[C@H]([C@H]([C@H](O4)O)O)O)O)O)O)N
NUDT5,3bm4,ADV,401,1,B,1528,C2',4.096,15.846,69.331,2.415,10.0,C,c1nc(c2c(n1)n(cn2)[C@H]3[C@@H]([C@@H]([C@H](O3)CO[P@@](=O)(C[P@](=O)(O)OC[C@@H]4[C@H]([C@H]([C@H](O4)O)O)O)O)O)O)N
NUDT5,3bm4,ADV,401,1,B,1529,O2',5.484,15.706,69.018,39.644,34.0,O,c1nc(c2c(n1)n(cn2)[C@H]3[C@@H]([C@@H]([C@H](O3)CO[P@@](=O)(C[P@](=O)(O)OC[C@@H]4[C@H]([C@H]([C@H](O4)O)O)O)O)O)O)N
NUDT5,3bm4,ADV,401,1,B,1530,C1',3.759,17.323,69.546,14.492,9.0,C,c1nc(c2c(n1)n(cn2)[C@H]3[C@@H]([C@@H]([C@H](O3)CO[P@@](=O)(C[P@](=O)(O)OC[C@@H]4[C@H]([C@H]([C@H](O4)O)O)O)O)O)O)N
NUDT5,3bm4,ADV,401,1,B,1532,C8,1.297,17.761,69.335,14.492,7.0,C,c1nc(c2c(n1)n(cn2)[C@H]3[C@@H]([C@@H]([C@H](O3)CO[P@@](=O)(C[P@](=O)(O)OC[C@@H]4[C@H]([C@H]([C@H](O4)O)O)O)O)O)O)N
NUDT5,3bm4,ADV,401,1,B,1533,N7,0.222,17.756,70.12,14.217,8.0,N,c1nc(c2c(n1)n(cn2)[C@H]3[C@@H]([C@@H]([C@H](O3)CO[P@@](=O)(C[P@](=O)(O)OC[C@@H]4[C@H]([C@H]([C@H](O4)O)O)O)O)O)O)N
NUDT5,3bm4,ADV,401,1,B,1534,C5,0.612,17.418,71.345,3.623,3.0,C,c1nc(c2c(n1)n(cn2)[C@H]3[C@@H]([C@@H]([C@H](O3)CO[P@@](=O)(C[P@](=O)(O)OC[C@@H]4[C@H]([C@H]([C@H](O4)O)O)O)O)O)O)N
NUDT5,3bm4,ADV,401,1,B,1535,C6,-0.041,17.256,72.56,3.623,2.0,C,c1nc(c2c(n1)n(cn2)[C@H]3[C@@H]([C@@H]([C@H](O3)CO[P@@](=O)(C[P@](=O)(O)OC[C@@H]4[C@H]([C@H]([C@H](O4)O)O)O)O)O)O)N
NUDT5,3bm4,ADV,401,1,B,1536,N6,-1.353,17.457,72.654,8.749,35.0,N,c1nc(c2c(n1)n(cn2)[C@H]3[C@@H]([C@@H]([C@H](O3)CO[P@@](=O)(C[P@](=O)(O)OC[C@@H]4[C@H]([C@H]([C@H](O4)O)O)O)O)O)O)N
NUDT5,3bm4,ADV,401,1,B,1538,C2,1.98,16.711,73.557,13.284,0.0,C,c1nc(c2c(n1)n(cn2)[C@H]3[C@@H]([C@@H]([C@H](O3)CO[P@@](=O)(C[P@](=O)(O)OC[C@@H]4[C@H]([C@H]([C@H](O4)O)O)O)O)O)O)N
NUDT5,3bm4,ADV,401,1,B,1539,N3,2.633,16.857,72.419,13.123,5.0,N,c1nc(c2c(n1)n(cn2)[C@H]3[C@@H]([C@@H]([C@H](O3)CO[P@@](=O)(C[P@](=O)(O)OC[C@@H]4[C@H]([C@H]([C@H](O4)O)O)O)O)O)O)N
NUDT5,3bm4,ADV,401,1,B,1540,C4,1.983,17.208,71.3,3.623,4.0,C,c1nc(c2c(n1)n(cn2)[C@H]3[C@@H]([C@@H]([C@H](O3)CO[P@@](=O)(C[P@](=O)(O)OC[C@@H]4[C@H]([C@H]([C@H](O4)O)O)O)O)O)O)N
NUDT5,3bm4,ADV,401,1,B,1541,CX,0.037,16.666,64.434,14.492,18.0,C,c1nc(c2c(n1)n(cn2)[C@H]3[C@@H]([C@@H]([C@H](O3)CO[P@@](=O)(C[P@](=O)(O)OC[C@@H]4[C@H]([C@H]([C@H](O4)O)O)O)O)O)O)N
NUDT5,3bm4,ADV,401,1,B,1542,PB,-0.931,15.171,64.748,1.287,,,c1nc(c2c(n1)n(cn2)[C@H]3[C@@H]([C@@H]([C@H](O3)CO[P@@](=O)(C[P@](=O)(O)OC[C@@H]4[C@H]([C@H]([C@H](O4)O)O)O)O)O)O)N
NUDT5,3bm4,ADV,401,1,B,1543,O1B,-0.678,14.711,66.132,12.858,,,c1nc(c2c(n1)n(cn2)[C@H]3[C@@H]([C@@H]([C@H](O3)CO[P@@](=O)(C[P@](=O)(O)OC[C@@H]4[C@H]([C@H]([C@H](O4)O)O)O)O)O)O)N
NUDT5,3bm4,ADV,401,1,B,1544,OR5,-2.437,15.732,64.678,1.071,,,c1nc(c2c(n1)n(cn2)[C@H]3[C@@H]([C@@H]([C@H](O3)CO[P@@](=O)(C[P@](=O)(O)OC[C@@H]4[C@H]([C@H]([C@H](O4)O)O)O)O)O)O)N
NUDT5,3bm4,ADV,401,1,B,1545,CR5,-2.946,16.228,63.437,19.322,,,c1nc(c2c(n1)n(cn2)[C@H]3[C@@H]([C@@H]([C@H](O3)CO[P@@](=O)(C[P@](=O)(O)OC[C@@H]4[C@H]([C@H]([C@H](O4)O)O)O)O)O)O)N
NUDT5,3bm4,ADV,401,1,B,1546,CR4,-4.409,16.652,63.578,13.284,,,c1nc(c2c(n1)n(cn2)[C@H]3[C@@H]([C@@H]([C@H](O3)CO[P@@](=O)(C[P@](=O)(O)OC[C@@H]4[C@H]([C@H]([C@H](O4)O)O)O)O)O)O)N
NUDT5,3bm4,ADV,401,1,B,1547,OR4,-5.182,15.553,64.091,20.358,,,c1nc(c2c(n1)n(cn2)[C@H]3[C@@H]([C@@H]([C@H](O3)CO[P@@](=O)(C[P@](=O)(O)OC[C@@H]4[C@H]([C@H]([C@H](O4)O)O)O)O)O)O)N
NUDT5,3bm4,ADV,401,1,B,1548,CR3,-4.499,17.741,64.651,9.661,,,c1nc(c2c(n1)n(cn2)[C@H]3[C@@H]([C@@H]([C@H](O3)CO[P@@](=O)(C[P@](=O)(O)OC[C@@H]4[C@H]([C@H]([C@H](O4)O)O)O)O)O)O)N
NUDT5,3bm4,ADV,401,1,B,1549,OR3,-5.035,18.959,64.127,45.001,,,c1nc(c2c(n1)n(cn2)[C@H]3[C@@H]([C@@H]([C@H](O3)CO[P@@](=O)(C[P@](=O)(O)OC[C@@H]4[C@H]([C@H]([C@H](O4)O)O)O)O)O)O)N
NUDT5,3bm4,ADV,401,1,B,1550,CR2,-5.423,17.135,65.707,7.246,,,c1nc(c2c(n1)n(cn2)[C@H]3[C@@H]([C@@H]([C@H](O3)CO[P@@](=O)(C[P@](=O)(O)OC[C@@H]4[C@H]([C@H]([C@H](O4)O)O)O)O)O)O)N
NUDT5,3bm4,ADV,401,1,B,1551,OR2,-6.783,17.351,65.322,16.072,,,c1nc(c2c(n1)n(cn2)[C@H]3[C@@H]([C@@H]([C@H](O3)CO[P@@](=O)(C[P@](=O)(O)OC[C@@H]4[C@H]([C@H]([C@H](O4)O)O)O)O)O)O)N
NUDT5,3bm4,ADV,401,1,B,1552,CR1,-5.06,15.663,65.517,1.208,,,c1nc(c2c(n1)n(cn2)[C@H]3[C@@H]([C@@H]([C@H](O3)CO[P@@](=O)(C[P@](=O)(O)OC[C@@H]4[C@H]([C@H]([C@H](O4)O)O)O)O)O)O)N
NUDT5,3bm4,ADV,401,1,B,1553,OR1,-6.029,14.822,66.149,4.286,,,c1nc(c2c(n1)n(cn2)[C@H]3[C@@H]([C@@H]([C@H](O3)CO[P@@](=O)(C[P@](=O)(O)OC[C@@H]4[C@H]([C@H]([C@H](O4)O)O)O)O)O)O)N
NUDT5,3bm4,ADV,401,1,B,1554,O2A,2.286,17.419,63.217,41.787,32.0,O,c1nc(c2c(n1)n(cn2)[C@H]3[C@@H]([C@@H]([C@H](O3)CO[P@@](=O)(C[P@](=O)(O)OC[C@@H]4[C@H]([C@H]([C@H](O4)O)O)O)O)O)O)N
NUDT5,3bm4,ADV,401,1,B,1555,O2B,-0.749,14.206,63.642,30.001,,,c1nc(c2c(n1)n(cn2)[C@H]3[C@@H]([C@@H]([C@H](O3)CO[P@@](=O)(C[P@](=O)(O)OC[C@@H]4[C@H]([C@H]([C@H](O4)O)O)O)O)O)O)N
NUDT5,3bm4,ADV,401,1,B,1556,O1A,1.663,14.957,63.175,33.215,17.0,O,c1nc(c2c(n1)n(cn2)[C@H]3[C@@H]([C@@H]([C@H](O3)CO[P@@](=O)(C[P@](=O)(O)OC[C@@H]4[C@H]([C@H]([C@H](O4)O)O)O)O)O)O)N
NUDT5,3bm4,ADV,402,1,B,1558,O5',-25.273,19.794,74.381,1.071,15.0,O,c1nc(c2c(n1)n(cn2)[C@H]3[C@@H]([C@@H]([C@H](O3)CO[P@@](=O)(C[P@](=O)(O)OC[C@@H]4[C@H]([C@H]([C@H](O4)O)O)O)O)O)O)N
NUDT5,3bm4,ADV,402,1,B,1559,C5',-24.579,19.564,75.611,1.208,14.0,C,c1nc(c2c(n1)n(cn2)[C@H]3[C@@H]([C@@H]([C@H](O3)CO[P@@](=O)(C[P@](=O)(O)OC[C@@H]4[C@H]([C@H]([C@H](O4)O)O)O)O)O)O)N
NUDT5,3bm4,ADV,402,1,B,1560,C4',-24.847,20.676,76.627,8.453,12.0,C,c1nc(c2c(n1)n(cn2)[C@H]3[C@@H]([C@@H]([C@H](O3)CO[P@@](=O)(C[P@](=O)(O)OC[C@@H]4[C@H]([C@H]([C@H](O4)O)O)O)O)O)O)N
NUDT5,3bm4,ADV,402,1,B,1561,O4',-24.106,20.485,77.846,6.429,13.0,O,c1nc(c2c(n1)n(cn2)[C@H]3[C@@H]([C@@H]([C@H](O3)CO[P@@](=O)(C[P@](=O)(O)OC[C@@H]4[C@H]([C@H]([C@H](O4)O)O)O)O)O)O)N
NUDT5,3bm4,ADV,402,1,B,1562,C3',-24.435,22.049,76.096,4.831,11.0,C,c1nc(c2c(n1)n(cn2)[C@H]3[C@@H]([C@@H]([C@H](O3)CO[P@@](=O)(C[P@](=O)(O)OC[C@@H]4[C@H]([C@H]([C@H](O4)O)O)O)O)O)O)N
NUDT5,3bm4,ADV,402,1,B,1563,O3',-25.523,22.619,75.363,17.143,33.0,O,c1nc(c2c(n1)n(cn2)[C@H]3[C@@H]([C@@H]([C@H](O3)CO[P@@](=O)(C[P@](=O)(O)OC[C@@H]4[C@H]([C@H]([C@H](O4)O)O)O)O)O)O)N
NUDT5,3bm4,ADV,402,1,B,1564,C2',-24.285,22.779,77.428,9.661,10.0,C,c1nc(c2c(n1)n(cn2)[C@H]3[C@@H]([C@@H]([C@H](O3)CO[P@@](=O)(C[P@](=O)(O)OC[C@@H]4[C@H]([C@H]([C@H](O4)O)O)O)O)O)O)N
NUDT5,3bm4,ADV,402,1,B,1565,O2',-25.563,22.909,78.058,36.43,34.0,O,c1nc(c2c(n1)n(cn2)[C@H]3[C@@H]([C@@H]([C@H](O3)CO[P@@](=O)(C[P@](=O)(O)OC[C@@H]4[C@H]([C@H]([C@H](O4)O)O)O)O)O)O)N
NUDT5,3bm4,ADV,402,1,B,1569,N7,-20.276,21.053,76.611,2.187,8.0,N,c1nc(c2c(n1)n(cn2)[C@H]3[C@@H]([C@@H]([C@H](O3)CO[P@@](=O)(C[P@](=O)(O)OC[C@@H]4[C@H]([C@H]([C@H](O4)O)O)O)O)O)O)N
NUDT5,3bm4,ADV,402,1,B,1570,C5,-20.006,22.225,77.18,3.623,3.0,C,c1nc(c2c(n1)n(cn2)[C@H]3[C@@H]([C@@H]([C@H](O3)CO[P@@](=O)(C[P@](=O)(O)OC[C@@H]4[C@H]([C@H]([C@H](O4)O)O)O)O)O)O)N
NUDT5,3bm4,ADV,402,1,B,1571,C6,-18.877,23.029,77.251,6.038,2.0,C,c1nc(c2c(n1)n(cn2)[C@H]3[C@@H]([C@@H]([C@H](O3)CO[P@@](=O)(C[P@](=O)(O)OC[C@@H]4[C@H]([C@H]([C@H](O4)O)O)O)O)O)O)N
NUDT5,3bm4,ADV,402,1,B,1572,N6,-17.748,22.666,76.649,26.246,35.0,N,c1nc(c2c(n1)n(cn2)[C@H]3[C@@H]([C@@H]([C@H](O3)CO[P@@](=O)(C[P@](=O)(O)OC[C@@H]4[C@H]([C@H]([C@H](O4)O)O)O)O)O)O)N
NUDT5,3bm4,ADV,402,1,B,1573,N1,-18.942,24.179,77.938,19.685,1.0,N,c1nc(c2c(n1)n(cn2)[C@H]3[C@@H]([C@@H]([C@H](O3)CO[P@@](=O)(C[P@](=O)(O)OC[C@@H]4[C@H]([C@H]([C@H](O4)O)O)O)O)O)O)N
NUDT5,3bm4,ADV,402,1,B,1574,C2,-20.059,24.551,78.538,30.191,0.0,C,c1nc(c2c(n1)n(cn2)[C@H]3[C@@H]([C@@H]([C@H](O3)CO[P@@](=O)(C[P@](=O)(O)OC[C@@H]4[C@H]([C@H]([C@H](O4)O)O)O)O)O)O)N
NUDT5,3bm4,ADV,402,1,B,1575,N3,-21.152,23.811,78.49,8.749,5.0,N,c1nc(c2c(n1)n(cn2)[C@H]3[C@@H]([C@@H]([C@H](O3)CO[P@@](=O)(C[P@](=O)(O)OC[C@@H]4[C@H]([C@H]([C@H](O4)O)O)O)O)O)O)N
NUDT5,3bm4,ADV,402,1,B,1576,C4,-21.16,22.647,77.824,3.623,4.0,C,c1nc(c2c(n1)n(cn2)[C@H]3[C@@H]([C@@H]([C@H](O3)CO[P@@](=O)(C[P@](=O)(O)OC[C@@H]4[C@H]([C@H]([C@H](O4)O)O)O)O)O)O)N
NUDT5,3bm4,ADV,402,1,B,1579,O1B,-22.599,20.595,71.983,7.5,,,c1nc(c2c(n1)n(cn2)[C@H]3[C@@H]([C@@H]([C@H](O3)CO[P@@](=O)(C[P@](=O)(O)OC[C@@H]4[C@H]([C@H]([C@H](O4)O)O)O)O)O)O)N
NUDT5,3bm4,ADV,402,1,B,1584,CR3,-19.63,16.621,70.62,1.208,,,c1nc(c2c(n1)n(cn2)[C@H]3[C@@H]([C@@H]([C@H](O3)CO[P@@](=O)(C[P@](=O)(O)OC[C@@H]4[C@H]([C@H]([C@H](O4)O)O)O)O)O)O)N
NUDT5,3bm4,ADV,402,1,B,1585,OR3,-18.547,15.985,69.936,2.143,,,c1nc(c2c(n1)n(cn2)[C@H]3[C@@H]([C@@H]([C@H](O3)CO[P@@](=O)(C[P@](=O)(O)OC[C@@H]4[C@H]([C@H]([C@H](O4)O)O)O)O)O)O)N
NUDT5,3bm4,ADV,402,1,B,1587,OR2,-17.991,18.371,70.916,20.358,,,c1nc(c2c(n1)n(cn2)[C@H]3[C@@H]([C@@H]([C@H](O3)CO[P@@](=O)(C[P@](=O)(O)OC[C@@H]4[C@H]([C@H]([C@H](O4)O)O)O)O)O)O)N
NUDT5,3bm4,ADV,402,1,B,1588,CR1,-19.811,18.632,69.336,1.208,,,c1nc(c2c(n1)n(cn2)[C@H]3[C@@H]([C@@H]([C@H](O3)CO[P@@](=O)(C[P@](=O)(O)OC[C@@H]4[C@H]([C@H]([C@H](O4)O)O)O)O)O)O)N
NUDT5,3bm4,ADV,402,1,B,1589,OR1,-18.669,19.063,68.59,23.572,,,c1nc(c2c(n1)n(cn2)[C@H]3[C@@H]([C@@H]([C@H](O3)CO[P@@](=O)(C[P@](=O)(O)OC[C@@H]4[C@H]([C@H]([C@H](O4)O)O)O)O)O)O)N
NUDT5,3bm4,ADV,402,1,B,1590,O2A,-25.925,17.393,73.941,9.643,32.0,O,c1nc(c2c(n1)n(cn2)[C@H]3[C@@H]([C@@H]([C@H](O3)CO[P@@](=O)(C[P@](=O)(O)OC[C@@H]4[C@H]([C@H]([C@H](O4)O)O)O)O)O)O)N
NUDT5,3bm4,ADV,402,1,B,1591,O2B,-24.173,19.32,70.444,1.071,,,c1nc(c2c(n1)n(cn2)[C@H]3[C@@H]([C@@H]([C@H](O3)CO[P@@](=O)(C[P@](=O)(O)OC[C@@H]4[C@H]([C@H]([C@H](O4)O)O)O)O)O)O)N
NUDT5,3bm4,ADV,402,1,B,1592,O1A,-26.061,19.121,72.086,2.143,17.0,O,c1nc(c2c(n1)n(cn2)[C@H]3[C@@H]([C@@H]([C@H](O3)CO[P@@](=O)(C[P@](=O)(O)OC[C@@H]4[C@H]([C@H]([C@H](O4)O)O)O)O)O)O)N
NUDT5,3aca,8DD,209,1,B,1520,N1,-18.632,23.299,78.85,15.31,1.0,N,c1nc(c2c(n1)N(C(=O)N2)[C@H]3C[C@@H]([C@H](O3)CO[P@](=O)(O)OP(=O)(O)O)O)N
NUDT5,3aca,8DD,209,1,B,1521,C2,-18.188,22.26,78.133,20.53,0.0,C,c1nc(c2c(n1)N(C(=O)N2)[C@H]3C[C@@H]([C@H](O3)CO[P@](=O)(O)OP(=O)(O)O)O)N
NUDT5,3aca,8DD,209,1,B,1522,N3,-18.876,21.237,77.632,1.094,5.0,N,c1nc(c2c(n1)N(C(=O)N2)[C@H]3C[C@@H]([C@H](O3)CO[P@](=O)(O)OP(=O)(O)O)O)N
NUDT5,3aca,8DD,209,1,B,1523,C4,-20.18,21.343,77.932,3.623,4.0,C,c1nc(c2c(n1)N(C(=O)N2)[C@H]3C[C@@H]([C@H](O3)CO[P@](=O)(O)OP(=O)(O)O)O)N
NUDT5,3aca,8DD,209,1,B,1524,C5,-20.784,22.35,78.656,3.623,3.0,C,c1nc(c2c(n1)N(C(=O)N2)[C@H]3C[C@@H]([C@H](O3)CO[P@](=O)(O)OP(=O)(O)O)O)N
NUDT5,3aca,8DD,209,1,B,1525,C6,-19.949,23.379,79.134,4.831,2.0,C,c1nc(c2c(n1)N(C(=O)N2)[C@H]3C[C@@H]([C@H](O3)CO[P@](=O)(O)OP(=O)(O)O)O)N
NUDT5,3aca,8DD,209,1,B,1526,N6,-20.395,24.416,79.849,36.088,26.0,N,c1nc(c2c(n1)N(C(=O)N2)[C@H]3C[C@@H]([C@H](O3)CO[P@](=O)(O)OP(=O)(O)O)O)N
NUDT5,3aca,8DD,209,1,B,1527,N7,-22.145,22.122,78.761,13.123,9.0,N,c1nc(c2c(n1)N(C(=O)N2)[C@H]3C[C@@H]([C@H](O3)CO[P@](=O)(O)OP(=O)(O)O)O)N
NUDT5,3aca,8DD,209,1,B,1528,C8,-22.341,20.998,78.109,4.831,7.0,C,c1nc(c2c(n1)N(C(=O)N2)[C@H]3C[C@@H]([C@H](O3)CO[P@](=O)(O)OP(=O)(O)O)O)N
NUDT5,3aca,8DD,209,1,B,1529,O8,-23.439,20.485,77.993,21.429,8.0,O,c1nc(c2c(n1)N(C(=O)N2)[C@H]3C[C@@H]([C@H](O3)CO[P@](=O)(O)OP(=O)(O)O)O)N
NUDT5,3aca,8DD,209,1,B,1531,PA,-23.458,18.048,71.949,1.287,17.0,P,c1nc(c2c(n1)N(C(=O)N2)[C@H]3C[C@@H]([C@H](O3)CO[P@](=O)(O)OP(=O)(O)O)O)N
NUDT5,3aca,8DD,209,1,B,1534,O1A,-23.075,16.661,72.306,13.929,18.0,O,c1nc(c2c(n1)N(C(=O)N2)[C@H]3C[C@@H]([C@H](O3)CO[P@](=O)(O)OP(=O)(O)O)O)N
NUDT5,3aca,8DD,209,1,B,1535,O1B,-25.762,16.626,74.311,11.786,,,c1nc(c2c(n1)N(C(=O)N2)[C@H]3C[C@@H]([C@H](O3)CO[P@](=O)(O)OP(=O)(O)O)O)N
NUDT5,3aca,8DD,209,1,B,1536,C2',-22.192,18.331,76.638,6.038,11.0,C,c1nc(c2c(n1)N(C(=O)N2)[C@H]3C[C@@H]([C@H](O3)CO[P@](=O)(O)OP(=O)(O)O)O)N
NUDT5,3aca,8DD,209,1,B,1537,O2A,-23.903,18.326,70.552,4.286,19.0,O,c1nc(c2c(n1)N(C(=O)N2)[C@H]3C[C@@H]([C@H](O3)CO[P@](=O)(O)OP(=O)(O)O)O)N
NUDT5,3aca,8DD,209,1,B,1538,O2B,-26.777,17.929,72.293,4.286,,,c1nc(c2c(n1)N(C(=O)N2)[C@H]3C[C@@H]([C@H](O3)CO[P@](=O)(O)OP(=O)(O)O)O)N
NUDT5,3aca,8DD,209,1,B,1540,O3',-20.996,16.576,75.483,3.214,25.0,O,c1nc(c2c(n1)N(C(=O)N2)[C@H]3C[C@@H]([C@H](O3)CO[P@](=O)(O)OP(=O)(O)O)O)N
NUDT5,3aca,8DD,209,1,B,1541,O3A,-24.577,18.585,73.007,1.071,20.0,O,c1nc(c2c(n1)N(C(=O)N2)[C@H]3C[C@@H]([C@H](O3)CO[P@](=O)(O)OP(=O)(O)O)O)N
NUDT5,3aca,8DD,209,1,B,1542,O3B,-26.507,18.991,74.366,21.429,,,c1nc(c2c(n1)N(C(=O)N2)[C@H]3C[C@@H]([C@H](O3)CO[P@](=O)(O)OP(=O)(O)O)O)N
NUDT5,3aca,8DD,209,1,B,1543,C4',-21.249,18.751,74.505,4.831,13.0,C,c1nc(c2c(n1)N(C(=O)N2)[C@H]3C[C@@H]([C@H](O3)CO[P@](=O)(O)OP(=O)(O)O)O)N
NUDT5,3aca,8DD,209,1,B,1544,O4',-20.597,19.599,75.476,3.214,14.0,O,c1nc(c2c(n1)N(C(=O)N2)[C@H]3C[C@@H]([C@H](O3)CO[P@](=O)(O)OP(=O)(O)O)O)N
NUDT5,3aca,8DD,209,1,B,1545,C5',-22.222,19.571,73.688,13.284,15.0,C,c1nc(c2c(n1)N(C(=O)N2)[C@H]3C[C@@H]([C@H](O3)CO[P@](=O)(O)OP(=O)(O)O)O)N
NUDT5,3aca,8DD,209,1,B,1546,O5',-22.294,19.053,72.348,8.572,16.0,O,c1nc(c2c(n1)N(C(=O)N2)[C@H]3C[C@@H]([C@H](O3)CO[P@](=O)(O)OP(=O)(O)O)O)N
NUDT5,3l85,8OG,1,1,A,1518,OP3,-24.608,17.971,71.836,33.215,22.0,O,C1[C@@H]([C@H](O[C@H]1N2C3=C(C(=O)NC(=N3)N)NC2=O)COP(=O)(O)O)O
NUDT5,3l85,8OG,1,1,A,1519,P,-23.924,19.206,71.014,2.574,19.0,P,C1[C@@H]([C@H](O[C@H]1N2C3=C(C(=O)NC(=N3)N)NC2=O)COP(=O)(O)O)O
NUDT5,3l85,8OG,1,1,A,1520,OP1,-24.959,20.249,70.808,45.001,20.0,O,C1[C@@H]([C@H](O[C@H]1N2C3=C(C(=O)NC(=N3)N)NC2=O)COP(=O)(O)O)O
NUDT5,3l85,8OG,1,1,A,1521,OP2,-23.208,18.68,69.815,50.359,21.0,O,C1[C@@H]([C@H](O[C@H]1N2C3=C(C(=O)NC(=N3)N)NC2=O)COP(=O)(O)O)O
NUDT5,3l85,8OG,1,1,A,1522,O5',-22.887,19.688,72.126,7.5,18.0,O,C1[C@@H]([C@H](O[C@H]1N2C3=C(C(=O)NC(=N3)N)NC2=O)COP(=O)(O)O)O
NUDT5,3l85,8OG,1,1,A,1523,C5',-23.35,20.328,73.334,8.453,17.0,C,C1[C@@H]([C@H](O[C@H]1N2C3=C(C(=O)NC(=N3)N)NC2=O)COP(=O)(O)O)O
NUDT5,3l85,8OG,1,1,A,1524,C4',-22.938,19.473,74.517,6.038,2.0,C,C1[C@@H]([C@H](O[C@H]1N2C3=C(C(=O)NC(=N3)N)NC2=O)COP(=O)(O)O)O
NUDT5,3l85,8OG,1,1,A,1525,O4',-21.678,19.928,75.065,6.429,3.0,O,C1[C@@H]([C@H](O[C@H]1N2C3=C(C(=O)NC(=N3)N)NC2=O)COP(=O)(O)O)O
NUDT5,3l85,8OG,1,1,A,1526,C3',-23.893,19.519,75.696,2.415,1.0,C,C1[C@@H]([C@H](O[C@H]1N2C3=C(C(=O)NC(=N3)N)NC2=O)COP(=O)(O)O)O
NUDT5,3l85,8OG,1,1,A,1527,O3',-24.941,18.586,75.464,39.644,23.0,O,C1[C@@H]([C@H](O[C@H]1N2C3=C(C(=O)NC(=N3)N)NC2=O)COP(=O)(O)O)O
NUDT5,3l85,8OG,1,1,A,1528,C2',-22.986,19.011,76.805,27.775,0.0,C,C1[C@@H]([C@H](O[C@H]1N2C3=C(C(=O)NC(=N3)N)NC2=O)COP(=O)(O)O)O
NUDT5,3l85,8OG,1,1,A,1529,C1',-21.669,19.692,76.472,10.869,4.0,C,C1[C@@H]([C@H](O[C@H]1N2C3=C(C(=O)NC(=N3)N)NC2=O)COP(=O)(O)O)O
NUDT5,3l85,8OG,1,1,A,1531,C8,-22.321,21.837,77.774,4.831,15.0,C,C1[C@@H]([C@H](O[C@H]1N2C3=C(C(=O)NC(=N3)N)NC2=O)COP(=O)(O)O)O
NUDT5,3l85,8OG,1,1,A,1532,N7,-21.724,22.864,78.319,13.123,14.0,N,C1[C@@H]([C@H](O[C@H]1N2C3=C(C(=O)NC(=N3)N)NC2=O)COP(=O)(O)O)O
NUDT5,3l85,8OG,1,1,A,1533,C5,-20.372,22.665,78.084,3.623,7.0,C,C1[C@@H]([C@H](O[C@H]1N2C3=C(C(=O)NC(=N3)N)NC2=O)COP(=O)(O)O)O
NUDT5,3l85,8OG,1,1,A,1534,C6,-19.256,23.454,78.446,2.415,8.0,C,C1[C@@H]([C@H](O[C@H]1N2C3=C(C(=O)NC(=N3)N)NC2=O)COP(=O)(O)O)O
NUDT5,3l85,8OG,1,1,A,1535,O6,-19.25,24.525,79.07,13.929,9.0,O,C1[C@@H]([C@H](O[C@H]1N2C3=C(C(=O)NC(=N3)N)NC2=O)COP(=O)(O)O)O
NUDT5,3l85,8OG,1,1,A,1536,N1,-18.058,22.886,78.01,1.094,10.0,N,C1[C@@H]([C@H](O[C@H]1N2C3=C(C(=O)NC(=N3)N)NC2=O)COP(=O)(O)O)O
NUDT5,3l85,8OG,1,1,A,1537,C2,-17.958,21.703,77.313,7.246,11.0,C,C1[C@@H]([C@H](O[C@H]1N2C3=C(C(=O)NC(=N3)N)NC2=O)COP(=O)(O)O)O
NUDT5,3l85,8OG,1,1,A,1538,N2,-16.72,21.31,76.974,16.404,13.0,N,C1[C@@H]([C@H](O[C@H]1N2C3=C(C(=O)NC(=N3)N)NC2=O)COP(=O)(O)O)O
NUDT5,3l85,8OG,1,1,A,1539,N3,-19.0,20.956,76.97,10.936,12.0,N,C1[C@@H]([C@H](O[C@H]1N2C3=C(C(=O)NC(=N3)N)NC2=O)COP(=O)(O)O)O
NUDT5,3l85,8OG,1,1,A,1540,C4,-20.171,21.499,77.387,6.038,6.0,C,C1[C@@H]([C@H](O[C@H]1N2C3=C(C(=O)NC(=N3)N)NC2=O)COP(=O)(O)O)O
NUDT5,3l85,8OG,1,1,A,1541,O8,-23.545,21.716,77.811,31.072,16.0,O,C1[C@@H]([C@H](O[C@H]1N2C3=C(C(=O)NC(=N3)N)NC2=O)COP(=O)(O)O)O
NUDT5,3l85,8OG,2,1,A,1542,C1',2.228,17.047,68.166,39.852,4.0,C,C1[C@@H]([C@H](O[C@H]1N2C3=C(C(=O)NC(=N3)N)NC2=O)COP(=O)(O)O)O
NUDT5,3l85,8OG,2,1,A,1543,N9,2.723,16.674,69.507,1.094,5.0,N,C1[C@@H]([C@H](O[C@H]1N2C3=C(C(=O)NC(=N3)N)NC2=O)COP(=O)(O)O)O
NUDT5,3l85,8OG,2,1,A,1544,C8,3.976,16.225,69.865,6.038,15.0,C,C1[C@@H]([C@H](O[C@H]1N2C3=C(C(=O)NC(=N3)N)NC2=O)COP(=O)(O)O)O
NUDT5,3l85,8OG,2,1,A,1545,N7,4.069,15.986,71.147,14.217,14.0,N,C1[C@@H]([C@H](O[C@H]1N2C3=C(C(=O)NC(=N3)N)NC2=O)COP(=O)(O)O)O
NUDT5,3l85,8OG,2,1,A,1546,C5,2.817,16.291,71.665,3.623,7.0,C,C1[C@@H]([C@H](O[C@H]1N2C3=C(C(=O)NC(=N3)N)NC2=O)COP(=O)(O)O)O
NUDT5,3l85,8OG,2,1,A,1547,C6,2.335,16.223,72.996,4.831,8.0,C,C1[C@@H]([C@H](O[C@H]1N2C3=C(C(=O)NC(=N3)N)NC2=O)COP(=O)(O)O)O
NUDT5,3l85,8OG,2,1,A,1548,O6,2.946,15.867,74.015,38.573,9.0,O,C1[C@@H]([C@H](O[C@H]1N2C3=C(C(=O)NC(=N3)N)NC2=O)COP(=O)(O)O)O
NUDT5,3l85,8OG,2,1,A,1549,N1,1.003,16.624,73.084,13.123,10.0,N,C1[C@@H]([C@H](O[C@H]1N2C3=C(C(=O)NC(=N3)N)NC2=O)COP(=O)(O)O)O
NUDT5,3l85,8OG,2,1,A,1550,C2,0.235,17.038,72.019,7.246,11.0,C,C1[C@@H]([C@H](O[C@H]1N2C3=C(C(=O)NC(=N3)N)NC2=O)COP(=O)(O)O)O
NUDT5,3l85,8OG,2,1,A,1551,N2,-1.031,17.387,72.297,21.872,13.0,N,C1[C@@H]([C@H](O[C@H]1N2C3=C(C(=O)NC(=N3)N)NC2=O)COP(=O)(O)O)O
NUDT5,3l85,8OG,2,1,A,1552,N3,0.678,17.105,70.767,5.468,12.0,N,C1[C@@H]([C@H](O[C@H]1N2C3=C(C(=O)NC(=N3)N)NC2=O)COP(=O)(O)O)O
NUDT5,3l85,8OG,2,1,A,1553,C4,1.975,16.718,70.665,3.623,6.0,C,C1[C@@H]([C@H](O[C@H]1N2C3=C(C(=O)NC(=N3)N)NC2=O)COP(=O)(O)O)O
NUDT5,3l85,8OG,2,1,A,1554,O8,4.926,16.055,69.102,39.644,16.0,O,C1[C@@H]([C@H](O[C@H]1N2C3=C(C(=O)NC(=N3)N)NC2=O)COP(=O)(O)O)O
NUDT5,5qj4,K04,305,1,B,1472,N1,-3.04,0.323,4.69,17.497,11.0,N,C[C@H]1CCO[C@@H]1C(=O)Nc2cnns2
NUDT5,5qj4,K04,305,1,B,1473,C4,-2.223,6.256,3.353,1.208,5.0,C,C[C@H]1CCO[C@@H]1C(=O)Nc2cnns2
NUDT5,5qj4,K04,305,1,B,1474,C5,-1.944,4.916,4.093,2.415,6.0,C,C[C@H]1CCO[C@@H]1C(=O)Nc2cnns2
NUDT5,5qj4,K04,305,1,B,1475,C6,-2.629,2.53,4.25,3.623,9.0,C,C[C@H]1CCO[C@@H]1C(=O)Nc2cnns2
NUDT5,5qj4,K04,305,1,B,1476,C7,-3.388,1.437,3.907,15.699,10.0,C,C[C@H]1CCO[C@@H]1C(=O)Nc2cnns2
NUDT5,5qj4,K04,305,1,B,1477,N,-2.73,3.786,3.733,3.281,8.0,N,C[C@H]1CCO[C@@H]1C(=O)Nc2cnns2
NUDT5,5qj4,K04,305,1,B,1478,C,-4.191,6.078,1.673,7.246,0.0,C,C[C@H]1CCO[C@@H]1C(=O)Nc2cnns2
NUDT5,5qj4,K04,305,1,B,1479,O,-1.06,7.064,3.339,15.0,4.0,O,C[C@H]1CCO[C@@H]1C(=O)Nc2cnns2
NUDT5,5qj4,K04,305,1,B,1480,C1,-2.668,6.048,1.867,7.246,1.0,C,C[C@H]1CCO[C@@H]1C(=O)Nc2cnns2
NUDT5,5qj4,K04,305,1,B,1481,C2,-1.937,7.197,1.173,32.606,2.0,C,C[C@H]1CCO[C@@H]1C(=O)Nc2cnns2
NUDT5,5qj4,K04,305,1,B,1482,C3,-0.656,7.309,2.006,15.699,3.0,C,C[C@H]1CCO[C@@H]1C(=O)Nc2cnns2
NUDT5,5qj4,K04,305,1,B,1483,N2,-2.132,0.5,5.528,25.153,12.0,N,C[C@H]1CCO[C@@H]1C(=O)Nc2cnns2
NUDT5,5qj4,K04,305,1,B,1484,O1,-1.067,4.876,4.971,23.572,7.0,O,C[C@H]1CCO[C@@H]1C(=O)Nc2cnns2
NUDT5,5qj4,K04,305,1,B,1485,S,-1.486,2.118,5.536,30.883,13.0,S,C[C@H]1CCO[C@@H]1C(=O)Nc2cnns2
NUDT5,5qj4,K04,304,1,C,1417,N1,-22.498,27.227,-59.43,19.685,11.0,N,C[C@H]1CCO[C@@H]1C(=O)Nc2cnns2
NUDT5,5qj4,K04,304,1,C,1418,C4,-21.847,30.4,-54.254,2.415,5.0,C,C[C@H]1CCO[C@@H]1C(=O)Nc2cnns2
NUDT5,5qj4,K04,304,1,C,1419,C5,-21.846,30.238,-55.792,2.415,6.0,C,C[C@H]1CCO[C@@H]1C(=O)Nc2cnns2
NUDT5,5qj4,K04,304,1,C,1420,C6,-22.254,28.609,-57.628,4.831,9.0,C,C[C@H]1CCO[C@@H]1C(=O)Nc2cnns2
NUDT5,5qj4,K04,304,1,C,1421,C7,-22.635,27.378,-58.048,19.322,10.0,C,C[C@H]1CCO[C@@H]1C(=O)Nc2cnns2
NUDT5,5qj4,K04,304,1,C,1422,N,-22.242,28.988,-56.338,4.374,8.0,N,C[C@H]1CCO[C@@H]1C(=O)Nc2cnns2
NUDT5,5qj4,K04,304,1,C,1423,C,-21.377,27.922,-53.556,3.623,0.0,C,C[C@H]1CCO[C@@H]1C(=O)Nc2cnns2
NUDT5,5qj4,K04,304,1,C,1424,O,-22.72,31.396,-53.784,21.429,4.0,O,C[C@H]1CCO[C@@H]1C(=O)Nc2cnns2
NUDT5,5qj4,K04,304,1,C,1425,C1,-22.269,29.153,-53.425,9.661,1.0,C,C[C@H]1CCO[C@@H]1C(=O)Nc2cnns2
NUDT5,5qj4,K04,304,1,C,1426,C2,-22.16,29.839,-52.071,26.568,2.0,C,C[C@H]1CCO[C@@H]1C(=O)Nc2cnns2
NUDT5,5qj4,K04,304,1,C,1427,C3,-22.841,31.204,-52.37,31.398,3.0,C,C[C@H]1CCO[C@@H]1C(=O)Nc2cnns2
NUDT5,5qj4,K04,304,1,C,1428,N2,-22.06,28.24,-60.02,22.965,12.0,N,C[C@H]1CCO[C@@H]1C(=O)Nc2cnns2
NUDT5,5qj4,K04,304,1,C,1429,O1,-21.51,31.197,-56.476,21.429,7.0,O,C[C@H]1CCO[C@@H]1C(=O)Nc2cnns2
NUDT5,5qj4,K04,304,1,C,1430,S,-21.718,29.609,-58.975,24.449,13.0,S,C[C@H]1CCO[C@@H]1C(=O)Nc2cnns2
NUDT5,5qj4,K04,305,1,C,1431,N1,-26.749,7.308,-64.048,3.281,11.0,N,C[C@H]1CCO[C@@H]1C(=O)Nc2cnns2
NUDT5,5qj4,K04,305,1,C,1432,C4,-31.53,3.284,-64.039,9.661,5.0,C,C[C@H]1CCO[C@@H]1C(=O)Nc2cnns2
NUDT5,5qj4,K04,305,1,C,1433,C5,-30.064,3.756,-64.27,1.208,6.0,C,C[C@H]1CCO[C@@H]1C(=O)Nc2cnns2
NUDT5,5qj4,K04,305,1,C,1434,C6,-28.471,5.73,-64.091,3.623,9.0,C,C[C@H]1CCO[C@@H]1C(=O)Nc2cnns2
NUDT5,5qj4,K04,305,1,C,1435,C7,-28.109,7.031,-63.742,24.153,10.0,C,C[C@H]1CCO[C@@H]1C(=O)Nc2cnns2
NUDT5,5qj4,K04,305,1,C,1436,N,-29.721,5.108,-63.944,6.562,8.0,N,C[C@H]1CCO[C@@H]1C(=O)Nc2cnns2
NUDT5,5qj4,K04,305,1,C,1437,C,-32.12,1.42,-65.738,57.966,0.0,C,C[C@H]1CCO[C@@H]1C(=O)Nc2cnns2
NUDT5,5qj4,K04,305,1,C,1438,O,-32.355,4.272,-63.447,12.858,4.0,O,C[C@H]1CCO[C@@H]1C(=O)Nc2cnns2
NUDT5,5qj4,K04,305,1,C,1439,C1,-32.145,2.919,-65.424,10.869,1.0,C,C[C@H]1CCO[C@@H]1C(=O)Nc2cnns2
NUDT5,5qj4,K04,305,1,C,1440,C2,-33.561,3.568,-65.38,36.229,2.0,C,C[C@H]1CCO[C@@H]1C(=O)Nc2cnns2
NUDT5,5qj4,K04,305,1,C,1441,C3,-33.409,4.678,-64.325,39.852,3.0,C,C[C@H]1CCO[C@@H]1C(=O)Nc2cnns2
NUDT5,5qj4,K04,305,1,C,1442,N2,-26.118,6.375,-64.573,6.562,12.0,N,C[C@H]1CCO[C@@H]1C(=O)Nc2cnns2
NUDT5,5qj4,K04,305,1,C,1443,O1,-29.256,2.94,-64.704,21.429,7.0,O,C[C@H]1CCO[C@@H]1C(=O)Nc2cnns2
NUDT5,5qj4,K04,305,1,C,1444,S,-27.062,4.923,-64.809,20.589,13.0,S,C[C@H]1CCO[C@@H]1C(=O)Nc2cnns2
NUDT5,5qj4,K04,303,1,A,1461,N1,-17.716,-13.772,-1.977,20.778,11.0,N,C[C@H]1CCO[C@@H]1C(=O)Nc2cnns2
NUDT5,5qj4,K04,303,1,A,1462,C4,-16.634,-16.105,-7.439,1.208,5.0,C,C[C@H]1CCO[C@@H]1C(=O)Nc2cnns2
NUDT5,5qj4,K04,303,1,A,1463,C5,-17.482,-15.846,-6.167,2.415,6.0,C,C[C@H]1CCO[C@@H]1C(=O)Nc2cnns2
NUDT5,5qj4,K04,303,1,A,1464,C6,-17.464,-14.629,-4.039,4.831,9.0,C,C[C@H]1CCO[C@@H]1C(=O)Nc2cnns2
NUDT5,5qj4,K04,303,1,A,1465,C7,-16.955,-13.76,-3.131,20.53,10.0,C,C[C@H]1CCO[C@@H]1C(=O)Nc2cnns2
NUDT5,5qj4,K04,303,1,A,1466,N,-16.937,-14.963,-5.205,4.374,8.0,N,C[C@H]1CCO[C@@H]1C(=O)Nc2cnns2
NUDT5,5qj4,K04,303,1,A,1468,O,-17.414,-16.409,-8.56,20.358,4.0,O,C[C@H]1CCO[C@@H]1C(=O)Nc2cnns2
NUDT5,5qj4,K04,303,1,A,1469,C1,-15.728,-14.901,-7.831,6.038,1.0,C,C[C@H]1CCO[C@@H]1C(=O)Nc2cnns2
NUDT5,5qj4,K04,303,1,A,1470,C2,-15.808,-14.889,-9.346,22.945,2.0,C,C[C@H]1CCO[C@@H]1C(=O)Nc2cnns2
NUDT5,5qj4,K04,303,1,A,1471,C3,-16.583,-16.192,-9.665,39.852,3.0,C,C[C@H]1CCO[C@@H]1C(=O)Nc2cnns2
NUDT5,5qj4,K04,303,1,A,1472,N2,-18.682,-14.543,-1.977,24.059,12.0,N,C[C@H]1CCO[C@@H]1C(=O)Nc2cnns2
NUDT5,5qj4,K04,303,1,A,1473,O1,-18.591,-16.389,-6.042,22.501,7.0,O,C[C@H]1CCO[C@@H]1C(=O)Nc2cnns2
NUDT5,5qj4,K04,303,1,A,1474,S,-18.874,-15.422,-3.411,28.31,13.0,S,C[C@H]1CCO[C@@H]1C(=O)Nc2cnns2
NUDT5,5qj5,K0G,304,1,C,1409,N1,-25.43,20.571,-54.211,13.123,9.0,N,c1ccc(cc1)NC(=O)Nc2cccnc2
NUDT5,5qj5,K0G,304,1,C,1410,C4,-27.104,23.006,-48.413,1.208,0.0,C,c1ccc(cc1)NC(=O)Nc2cccnc2
NUDT5,5qj5,K0G,304,1,C,1411,C5,-25.836,23.157,-48.991,1.208,5.0,C,c1ccc(cc1)NC(=O)Nc2cccnc2
NUDT5,5qj5,K0G,304,1,C,1412,C6,-25.563,22.678,-50.274,6.038,4.0,C,c1ccc(cc1)NC(=O)Nc2cccnc2
NUDT5,5qj5,K0G,304,1,C,1413,C7,-24.333,20.392,-55.073,4.831,10.0,C,c1ccc(cc1)NC(=O)Nc2cccnc2
NUDT5,5qj5,K0G,304,1,C,1414,C8,-23.563,21.482,-55.581,16.907,11.0,C,c1ccc(cc1)NC(=O)Nc2cccnc2
NUDT5,5qj5,K0G,304,1,C,1415,C10,-22.072,19.849,-56.527,2.415,13.0,C,c1ccc(cc1)NC(=O)Nc2cccnc2
NUDT5,5qj5,K0G,304,1,C,1416,N,-26.433,21.398,-52.258,7.655,6.0,N,c1ccc(cc1)NC(=O)Nc2cccnc2
NUDT5,5qj5,K0G,304,1,C,1417,C,-25.275,21.319,-53.03,6.038,7.0,C,c1ccc(cc1)NC(=O)Nc2cccnc2
NUDT5,5qj5,K0G,304,1,C,1418,O,-24.214,21.874,-52.757,4.286,8.0,O,c1ccc(cc1)NC(=O)Nc2cccnc2
NUDT5,5qj5,K0G,304,1,C,1419,C1,-26.592,22.033,-51.0,3.623,3.0,C,c1ccc(cc1)NC(=O)Nc2cccnc2
NUDT5,5qj5,K0G,304,1,C,1420,C11,-23.93,19.072,-55.358,10.869,15.0,C,c1ccc(cc1)NC(=O)Nc2cccnc2
NUDT5,5qj5,K0G,304,1,C,1421,C2,-27.876,21.906,-50.422,9.661,2.0,C,c1ccc(cc1)NC(=O)Nc2cccnc2
NUDT5,5qj5,K0G,304,1,C,1422,C3,-28.117,22.391,-49.139,2.415,1.0,C,c1ccc(cc1)NC(=O)Nc2cccnc2
NUDT5,5qj5,K0G,304,1,C,1423,C9,-22.421,21.199,-56.312,2.415,12.0,C,c1ccc(cc1)NC(=O)Nc2cccnc2
NUDT5,5qj5,K0G,304,1,B,1471,N1,-8.517,1.314,-2.723,12.029,9.0,N,c1ccc(cc1)NC(=O)Nc2cccnc2
NUDT5,5qj5,K0G,304,1,B,1472,C4,-6.898,6.484,-6.312,1.208,0.0,C,c1ccc(cc1)NC(=O)Nc2cccnc2
NUDT5,5qj5,K0G,304,1,B,1473,C5,-6.651,5.242,-6.913,4.831,5.0,C,c1ccc(cc1)NC(=O)Nc2cccnc2
NUDT5,5qj5,K0G,304,1,B,1474,C6,-6.911,4.065,-6.238,9.661,4.0,C,c1ccc(cc1)NC(=O)Nc2cccnc2
NUDT5,5qj5,K0G,304,1,B,1475,C7,-8.929,0.88,-1.445,4.831,10.0,C,c1ccc(cc1)NC(=O)Nc2cccnc2
NUDT5,5qj5,K0G,304,1,B,1476,C8,-8.211,1.177,-0.278,16.907,11.0,C,c1ccc(cc1)NC(=O)Nc2cccnc2
NUDT5,5qj5,K0G,304,1,B,1477,C10,-9.954,0.109,1.007,1.208,13.0,C,c1ccc(cc1)NC(=O)Nc2cccnc2
NUDT5,5qj5,K0G,304,1,B,1478,N,-7.817,2.869,-4.322,8.749,6.0,N,c1ccc(cc1)NC(=O)Nc2cccnc2
NUDT5,5qj5,K0G,304,1,B,1479,C,-8.185,2.659,-3.002,3.623,7.0,C,c1ccc(cc1)NC(=O)Nc2cccnc2
NUDT5,5qj5,K0G,304,1,B,1480,O,-8.227,3.563,-2.144,2.143,8.0,O,c1ccc(cc1)NC(=O)Nc2cccnc2
NUDT5,5qj5,K0G,304,1,B,1481,C1,-7.443,4.109,-4.925,4.831,3.0,C,c1ccc(cc1)NC(=O)Nc2cccnc2
NUDT5,5qj5,K0G,304,1,B,1482,C11,-10.148,0.162,-1.32,8.453,15.0,C,c1ccc(cc1)NC(=O)Nc2cccnc2
NUDT5,5qj5,K0G,304,1,B,1483,C2,-7.681,5.377,-4.3,3.623,2.0,C,c1ccc(cc1)NC(=O)Nc2cccnc2
NUDT5,5qj5,K0G,304,1,B,1484,C3,-7.4,6.545,-5.012,1.208,1.0,C,c1ccc(cc1)NC(=O)Nc2cccnc2
NUDT5,5qj5,K0G,304,1,B,1485,C9,-8.735,0.793,0.962,3.623,12.0,C,c1ccc(cc1)NC(=O)Nc2cccnc2
NUDT5,5qj5,K0G,304,1,B,1486,N2,-10.666,-0.216,-0.107,2.187,14.0,N,c1ccc(cc1)NC(=O)Nc2cccnc2
NUDT5,5qj5,K0G,304,1,A,1462,N1,-9.975,-8.779,-7.109,10.936,9.0,N,c1ccc(cc1)NC(=O)Nc2cccnc2
NUDT5,5qj5,K0G,304,1,A,1463,C4,-11.124,-9.802,-13.382,1.208,0.0,C,c1ccc(cc1)NC(=O)Nc2cccnc2
NUDT5,5qj5,K0G,304,1,A,1464,C5,-10.761,-10.813,-12.47,2.415,5.0,C,c1ccc(cc1)NC(=O)Nc2cccnc2
NUDT5,5qj5,K0G,304,1,A,1465,C6,-10.491,-10.5,-11.135,3.623,4.0,C,c1ccc(cc1)NC(=O)Nc2cccnc2
NUDT5,5qj5,K0G,304,1,A,1466,C7,-9.88,-9.424,-5.838,3.623,10.0,C,c1ccc(cc1)NC(=O)Nc2cccnc2
NUDT5,5qj5,K0G,304,1,A,1467,C8,-10.686,-10.517,-5.403,14.492,11.0,C,c1ccc(cc1)NC(=O)Nc2cccnc2
NUDT5,5qj5,K0G,304,1,A,1468,C10,-9.252,-10.695,-3.469,1.208,13.0,C,c1ccc(cc1)NC(=O)Nc2cccnc2
NUDT5,5qj5,K0G,304,1,A,1469,N,-10.304,-8.684,-9.416,6.562,6.0,N,c1ccc(cc1)NC(=O)Nc2cccnc2
NUDT5,5qj5,K0G,304,1,A,1470,C,-10.326,-9.468,-8.265,3.623,7.0,C,c1ccc(cc1)NC(=O)Nc2cccnc2
NUDT5,5qj5,K0G,304,1,A,1471,O,-10.653,-10.653,-8.268,7.5,8.0,O,c1ccc(cc1)NC(=O)Nc2cccnc2
NUDT5,5qj5,K0G,304,1,A,1472,C1,-10.609,-9.143,-10.715,2.415,3.0,C,c1ccc(cc1)NC(=O)Nc2cccnc2
NUDT5,5qj5,K0G,304,1,A,1473,C11,-8.813,-9.01,-5.016,10.869,15.0,C,c1ccc(cc1)NC(=O)Nc2cccnc2
NUDT5,5qj5,K0G,304,1,A,1474,C2,-10.991,-8.159,-11.604,10.869,2.0,C,c1ccc(cc1)NC(=O)Nc2cccnc2
NUDT5,5qj5,K0G,304,1,A,1475,C3,-11.252,-8.473,-12.95,3.623,1.0,C,c1ccc(cc1)NC(=O)Nc2cccnc2
NUDT5,5qj5,K0G,304,1,A,1476,C9,-10.358,-11.159,-4.211,1.208,12.0,C,c1ccc(cc1)NC(=O)Nc2cccnc2
NUDT5,5qj5,K0G,304,1,A,1477,N2,-8.486,-9.631,-3.86,1.094,14.0,N,c1ccc(cc1)NC(=O)Nc2cccnc2
NUDT5,5qj6,GQJ,304,1,B,1471,C10,-5.774,14.8,-24.235,4.831,9.0,C,COC(=O)[C@@H]1C[C@H](CN1C(=O)c2ccco2)O
NUDT5,5qj6,GQJ,304,1,B,1473,C01,-7.286,17.45,-28.398,65.212,0.0,C,COC(=O)[C@@H]1C[C@H](CN1C(=O)c2ccco2)O
NUDT5,5qj6,GQJ,304,1,B,1474,C03,-6.172,17.303,-26.102,2.415,2.0,C,COC(=O)[C@@H]1C[C@H](CN1C(=O)c2ccco2)O
NUDT5,5qj6,GQJ,304,1,B,1475,C04,-7.234,16.314,-25.575,6.038,4.0,C,COC(=O)[C@@H]1C[C@H](CN1C(=O)c2ccco2)O
NUDT5,5qj6,GQJ,304,1,B,1476,C05,-8.546,17.076,-25.279,22.945,5.0,C,COC(=O)[C@@H]1C[C@H](CN1C(=O)c2ccco2)O
NUDT5,5qj6,GQJ,304,1,B,1477,C06,-8.767,17.03,-23.75,9.661,6.0,C,COC(=O)[C@@H]1C[C@H](CN1C(=O)c2ccco2)O
NUDT5,5qj6,GQJ,304,1,B,1479,C11,-5.288,14.318,-22.947,1.208,11.0,C,COC(=O)[C@@H]1C[C@H](CN1C(=O)c2ccco2)O
NUDT5,5qj6,GQJ,304,1,B,1481,C14,-4.291,12.786,-21.715,1.208,14.0,C,COC(=O)[C@@H]1C[C@H](CN1C(=O)c2ccco2)O
NUDT5,5qj6,GQJ,304,1,B,1482,N09,-6.784,15.758,-24.283,1.094,8.0,N,COC(=O)[C@@H]1C[C@H](CN1C(=O)c2ccco2)O
NUDT5,5qj6,GQJ,304,1,B,1483,O02,-6.275,17.766,-27.416,18.215,1.0,O,COC(=O)[C@@H]1C[C@H](CN1C(=O)c2ccco2)O
NUDT5,5qj6,GQJ,304,1,B,1484,O07,-9.839,16.202,-23.392,18.215,16.0,O,COC(=O)[C@@H]1C[C@H](CN1C(=O)c2ccco2)O
NUDT5,5qj6,GQJ,304,1,B,1485,O15,-4.72,13.058,-22.984,2.143,15.0,O,COC(=O)[C@@H]1C[C@H](CN1C(=O)c2ccco2)O
NUDT5,5qj6,GQJ,304,1,B,1486,O16,-5.266,14.398,-25.237,8.572,10.0,O,COC(=O)[C@@H]1C[C@H](CN1C(=O)c2ccco2)O
NUDT5,5qj6,GQJ,304,1,B,1487,O17,-5.238,17.71,-25.417,6.429,3.0,O,COC(=O)[C@@H]1C[C@H](CN1C(=O)c2ccco2)O
NUDT5,5qj5,K0G,303,1,D,1413,N1,-31.848,13.099,-59.912,12.029,9.0,N,c1ccc(cc1)NC(=O)Nc2cccnc2
NUDT5,5qj5,K0G,303,1,D,1414,C4,-36.948,10.079,-57.148,1.208,0.0,C,c1ccc(cc1)NC(=O)Nc2cccnc2
NUDT5,5qj5,K0G,303,1,D,1415,C5,-36.801,10.149,-58.525,2.415,5.0,C,c1ccc(cc1)NC(=O)Nc2cccnc2
NUDT5,5qj5,K0G,303,1,D,1416,C6,-35.67,10.773,-59.118,3.623,4.0,C,c1ccc(cc1)NC(=O)Nc2cccnc2
NUDT5,5qj5,K0G,303,1,D,1417,C7,-31.119,13.442,-61.06,4.831,10.0,C,c1ccc(cc1)NC(=O)Nc2cccnc2
NUDT5,5qj5,K0G,303,1,D,1418,C8,-30.717,12.498,-62.027,13.284,11.0,C,c1ccc(cc1)NC(=O)Nc2cccnc2
NUDT5,5qj5,K0G,303,1,D,1419,C10,-29.944,14.338,-63.393,1.208,13.0,C,c1ccc(cc1)NC(=O)Nc2cccnc2
NUDT5,5qj5,K0G,303,1,D,1420,N,-33.537,12.078,-58.662,6.562,6.0,N,c1ccc(cc1)NC(=O)Nc2cccnc2
NUDT5,5qj5,K0G,303,1,D,1421,C,-32.991,12.251,-59.943,4.831,7.0,C,c1ccc(cc1)NC(=O)Nc2cccnc2
NUDT5,5qj5,K0G,303,1,D,1422,O,-33.43,11.751,-60.991,1.071,8.0,O,c1ccc(cc1)NC(=O)Nc2cccnc2
NUDT5,5qj5,K0G,303,1,D,1423,C1,-34.685,11.321,-58.259,4.831,3.0,C,c1ccc(cc1)NC(=O)Nc2cccnc2
NUDT5,5qj5,K0G,303,1,D,1424,C11,-30.859,14.802,-61.282,8.453,15.0,C,c1ccc(cc1)NC(=O)Nc2cccnc2
NUDT5,5qj5,K0G,303,1,D,1425,C2,-34.842,11.208,-56.838,10.869,2.0,C,c1ccc(cc1)NC(=O)Nc2cccnc2
NUDT5,5qj5,K0G,303,1,D,1426,C3,-35.959,10.593,-56.306,4.831,1.0,C,c1ccc(cc1)NC(=O)Nc2cccnc2
NUDT5,5qj5,K0G,303,1,D,1427,C9,-30.134,12.954,-63.211,7.246,12.0,C,c1ccc(cc1)NC(=O)Nc2cccnc2
NUDT5,5qj5,K0G,303,1,D,1428,N2,-30.292,15.275,-62.435,1.094,14.0,N,c1ccc(cc1)NC(=O)Nc2cccnc2
NUDT5,5qj6,GQJ,303,1,D,1413,C10,-51.464,9.551,-43.579,2.415,9.0,C,COC(=O)[C@@H]1C[C@H](CN1C(=O)c2ccco2)O
NUDT5,5qj6,GQJ,303,1,D,1415,C01,-55.678,10.73,-41.103,65.212,0.0,C,COC(=O)[C@@H]1C[C@H](CN1C(=O)c2ccco2)O
NUDT5,5qj6,GQJ,303,1,D,1416,C03,-54.564,9.257,-42.835,1.208,2.0,C,COC(=O)[C@@H]1C[C@H](CN1C(=O)c2ccco2)O
NUDT5,5qj6,GQJ,303,1,D,1417,C04,-53.799,10.487,-43.447,3.623,4.0,C,COC(=O)[C@@H]1C[C@H](CN1C(=O)c2ccco2)O
NUDT5,5qj6,GQJ,303,1,D,1418,C05,-54.711,11.226,-44.48,26.568,5.0,C,COC(=O)[C@@H]1C[C@H](CN1C(=O)c2ccco2)O
NUDT5,5qj6,GQJ,303,1,D,1419,C06,-53.866,11.369,-45.788,9.661,6.0,C,COC(=O)[C@@H]1C[C@H](CN1C(=O)c2ccco2)O
NUDT5,5qj6,GQJ,303,1,D,1420,C08,-52.811,10.261,-45.683,1.208,7.0,C,COC(=O)[C@@H]1C[C@H](CN1C(=O)c2ccco2)O
NUDT5,5qj6,GQJ,303,1,D,1421,C11,-50.356,9.134,-44.409,2.415,11.0,C,COC(=O)[C@@H]1C[C@H](CN1C(=O)c2ccco2)O
NUDT5,5qj6,GQJ,303,1,D,1423,C14,-48.207,8.875,-44.742,2.415,14.0,C,COC(=O)[C@@H]1C[C@H](CN1C(=O)c2ccco2)O
NUDT5,5qj6,GQJ,303,1,D,1425,O02,-55.415,9.475,-41.757,16.072,1.0,O,COC(=O)[C@@H]1C[C@H](CN1C(=O)c2ccco2)O
NUDT5,5qj6,GQJ,303,1,D,1426,O07,-53.145,12.566,-45.878,20.358,16.0,O,COC(=O)[C@@H]1C[C@H](CN1C(=O)c2ccco2)O
NUDT5,5qj6,GQJ,303,1,D,1427,O15,-49.133,9.305,-43.818,5.357,15.0,O,COC(=O)[C@@H]1C[C@H](CN1C(=O)c2ccco2)O
NUDT5,5qj6,GQJ,303,1,D,1428,O16,-51.39,9.453,-42.368,9.643,10.0,O,COC(=O)[C@@H]1C[C@H](CN1C(=O)c2ccco2)O
NUDT5,5qj6,GQJ,303,1,D,1429,O17,-54.471,8.104,-43.23,13.929,3.0,O,COC(=O)[C@@H]1C[C@H](CN1C(=O)c2ccco2)O
NUDT5,5qj7,JMM,303,1,A,1469,C10,-18.234,-16.412,-6.016,8.453,9.0,C,c1cc(oc1)C(=O)N2CCN(CC2)C(=O)C3CC3
NUDT5,5qj7,JMM,303,1,A,1470,C13,-19.279,-15.899,-3.387,20.53,12.0,C,c1cc(oc1)C(=O)N2CCN(CC2)C(=O)C3CC3
NUDT5,5qj7,JMM,303,1,A,1471,C17,-22.61,-17.589,-7.876,14.492,16.0,C,c1cc(oc1)C(=O)N2CCN(CC2)C(=O)C3CC3
NUDT5,5qj7,JMM,303,1,A,1472,C01,-14.557,-12.203,-3.996,7.246,0.0,C,c1cc(oc1)C(=O)N2CCN(CC2)C(=O)C3CC3
NUDT5,5qj7,JMM,303,1,A,1473,C02,-15.348,-13.354,-4.273,7.246,1.0,C,c1cc(oc1)C(=O)N2CCN(CC2)C(=O)C3CC3
NUDT5,5qj7,JMM,303,1,A,1474,C03,-16.358,-13.331,-3.335,4.831,2.0,C,c1cc(oc1)C(=O)N2CCN(CC2)C(=O)C3CC3
NUDT5,5qj7,JMM,303,1,A,1475,O04,-16.205,-12.243,-2.528,16.072,3.0,O,c1cc(oc1)C(=O)N2CCN(CC2)C(=O)C3CC3
NUDT5,5qj7,JMM,303,1,A,1476,C05,-15.117,-11.586,-2.956,16.907,4.0,C,c1cc(oc1)C(=O)N2CCN(CC2)C(=O)C3CC3
NUDT5,5qj7,JMM,303,1,A,1477,C06,-17.519,-14.174,-2.99,3.623,5.0,C,c1cc(oc1)C(=O)N2CCN(CC2)C(=O)C3CC3
NUDT5,5qj7,JMM,303,1,A,1478,O07,-18.004,-14.053,-1.886,27.858,6.0,O,c1cc(oc1)C(=O)N2CCN(CC2)C(=O)C3CC3
NUDT5,5qj7,JMM,303,1,A,1479,N08,-18.102,-15.087,-3.885,1.094,7.0,N,c1cc(oc1)C(=O)N2CCN(CC2)C(=O)C3CC3
NUDT5,5qj7,JMM,303,1,A,1480,C09,-17.537,-15.324,-5.225,10.869,8.0,C,c1cc(oc1)C(=O)N2CCN(CC2)C(=O)C3CC3
NUDT5,5qj7,JMM,303,1,A,1481,N11,-19.664,-16.285,-5.811,3.281,10.0,N,c1cc(oc1)C(=O)N2CCN(CC2)C(=O)C3CC3
NUDT5,5qj7,JMM,303,1,A,1482,C12,-19.937,-16.813,-4.44,21.737,11.0,C,c1cc(oc1)C(=O)N2CCN(CC2)C(=O)C3CC3
NUDT5,5qj7,JMM,303,1,A,1483,C14,-20.483,-16.537,-6.971,6.038,13.0,C,c1cc(oc1)C(=O)N2CCN(CC2)C(=O)C3CC3
NUDT5,5qj7,JMM,303,1,A,1484,O15,-19.973,-16.534,-8.098,34.287,14.0,O,c1cc(oc1)C(=O)N2CCN(CC2)C(=O)C3CC3
NUDT5,5qj7,JMM,303,1,A,1485,C16,-21.947,-16.767,-6.815,13.284,15.0,C,c1cc(oc1)C(=O)N2CCN(CC2)C(=O)C3CC3
NUDT5,5qj7,JMM,303,1,A,1486,C18,-22.852,-16.094,-7.845,19.322,17.0,C,c1cc(oc1)C(=O)N2CCN(CC2)C(=O)C3CC3
NUDT5,5qj7,JMM,304,1,A,1487,C10,-1.784,5.003,5.074,33.814,9.0,C,c1cc(oc1)C(=O)N2CCN(CC2)C(=O)C3CC3
NUDT5,5qj7,JMM,304,1,A,1488,C13,-0.451,2.525,5.719,3.623,12.0,C,c1cc(oc1)C(=O)N2CCN(CC2)C(=O)C3CC3
NUDT5,5qj7,JMM,304,1,A,1489,C17,2.865,5.809,3.336,35.021,16.0,C,c1cc(oc1)C(=O)N2CCN(CC2)C(=O)C3CC3
NUDT5,5qj7,JMM,304,1,A,1490,C01,-5.065,0.88,2.29,18.114,0.0,C,c1cc(oc1)C(=O)N2CCN(CC2)C(=O)C3CC3
NUDT5,5qj7,JMM,304,1,A,1491,C02,-4.287,1.776,3.03,19.322,1.0,C,c1cc(oc1)C(=O)N2CCN(CC2)C(=O)C3CC3
NUDT5,5qj7,JMM,304,1,A,1492,C03,-3.544,1.002,3.888,2.415,2.0,C,c1cc(oc1)C(=O)N2CCN(CC2)C(=O)C3CC3
NUDT5,5qj7,JMM,304,1,A,1494,C05,-4.772,-0.328,2.717,6.038,4.0,C,c1cc(oc1)C(=O)N2CCN(CC2)C(=O)C3CC3
NUDT5,5qj7,JMM,304,1,A,1495,C06,-2.499,1.232,4.931,3.623,5.0,C,c1cc(oc1)C(=O)N2CCN(CC2)C(=O)C3CC3
NUDT5,5qj7,JMM,304,1,A,1496,O07,-2.226,0.261,5.681,6.429,6.0,O,c1cc(oc1)C(=O)N2CCN(CC2)C(=O)C3CC3
NUDT5,5qj7,JMM,304,1,A,1497,N08,-1.812,2.496,5.067,1.094,7.0,N,c1cc(oc1)C(=O)N2CCN(CC2)C(=O)C3CC3
NUDT5,5qj7,JMM,304,1,A,1498,C09,-2.179,3.733,4.299,9.661,8.0,C,c1cc(oc1)C(=O)N2CCN(CC2)C(=O)C3CC3
NUDT5,5qj7,JMM,304,1,A,1499,N11,-0.352,5.014,5.301,5.468,10.0,N,c1cc(oc1)C(=O)N2CCN(CC2)C(=O)C3CC3
NUDT5,5qj7,JMM,304,1,A,1500,C12,-0.002,3.914,6.235,27.775,11.0,C,c1cc(oc1)C(=O)N2CCN(CC2)C(=O)C3CC3
NUDT5,5qj7,JMM,304,1,A,1501,C14,0.478,5.467,4.211,3.623,13.0,C,c1cc(oc1)C(=O)N2CCN(CC2)C(=O)C3CC3
NUDT5,5qj7,JMM,304,1,A,1502,O15,0.051,6.258,3.356,31.072,14.0,O,c1cc(oc1)C(=O)N2CCN(CC2)C(=O)C3CC3
NUDT5,5qj7,JMM,304,1,A,1504,C18,2.915,5.786,4.838,16.907,17.0,C,c1cc(oc1)C(=O)N2CCN(CC2)C(=O)C3CC3
NUDT5,5qj7,JMM,303,1,D,1418,C10,-22.184,31.757,-58.127,12.076,9.0,C,c1cc(oc1)C(=O)N2CCN(CC2)C(=O)C3CC3
NUDT5,5qj7,JMM,303,1,D,1419,C13,-22.437,29.182,-56.603,13.284,12.0,C,c1cc(oc1)C(=O)N2CCN(CC2)C(=O)C3CC3
NUDT5,5qj7,JMM,303,1,D,1420,C17,-23.715,35.348,-56.433,16.907,16.0,C,c1cc(oc1)C(=O)N2CCN(CC2)C(=O)C3CC3
NUDT5,5qj7,JMM,303,1,D,1421,C01,-23.701,24.834,-57.293,18.114,0.0,C,c1cc(oc1)C(=O)N2CCN(CC2)C(=O)C3CC3
NUDT5,5qj7,JMM,303,1,D,1422,C02,-23.221,26.168,-57.094,16.907,1.0,C,c1cc(oc1)C(=O)N2CCN(CC2)C(=O)C3CC3
NUDT5,5qj7,JMM,303,1,D,1423,C03,-23.02,26.68,-58.32,3.623,2.0,C,c1cc(oc1)C(=O)N2CCN(CC2)C(=O)C3CC3
NUDT5,5qj7,JMM,303,1,D,1424,O04,-23.329,25.749,-59.27,1.071,3.0,O,c1cc(oc1)C(=O)N2CCN(CC2)C(=O)C3CC3
NUDT5,5qj7,JMM,303,1,D,1425,C05,-23.741,24.635,-58.618,8.453,4.0,C,c1cc(oc1)C(=O)N2CCN(CC2)C(=O)C3CC3
NUDT5,5qj7,JMM,303,1,D,1426,C06,-22.586,27.981,-58.861,3.623,5.0,C,c1cc(oc1)C(=O)N2CCN(CC2)C(=O)C3CC3
NUDT5,5qj7,JMM,303,1,D,1427,O07,-22.415,28.001,-60.062,1.071,6.0,O,c1cc(oc1)C(=O)N2CCN(CC2)C(=O)C3CC3
NUDT5,5qj7,JMM,303,1,D,1428,N08,-22.386,29.169,-58.088,1.094,7.0,N,c1cc(oc1)C(=O)N2CCN(CC2)C(=O)C3CC3
NUDT5,5qj7,JMM,303,1,D,1429,C09,-21.778,30.375,-58.734,19.322,8.0,C,c1cc(oc1)C(=O)N2CCN(CC2)C(=O)C3CC3
NUDT5,5qj7,JMM,303,1,D,1431,C12,-22.012,30.549,-55.988,26.568,11.0,C,c1cc(oc1)C(=O)N2CCN(CC2)C(=O)C3CC3
NUDT5,5qj7,JMM,303,1,D,1432,C14,-22.955,32.926,-55.957,2.415,13.0,C,c1cc(oc1)C(=O)N2CCN(CC2)C(=O)C3CC3
NUDT5,5qj7,JMM,303,1,D,1433,O15,-23.544,32.825,-54.867,27.858,14.0,O,c1cc(oc1)C(=O)N2CCN(CC2)C(=O)C3CC3
NUDT5,5qj7,JMM,303,1,D,1434,C16,-22.608,34.302,-56.494,14.492,15.0,C,c1cc(oc1)C(=O)N2CCN(CC2)C(=O)C3CC3
NUDT5,5qj7,JMM,303,1,D,1435,C18,-22.543,35.458,-55.493,44.682,17.0,C,c1cc(oc1)C(=O)N2CCN(CC2)C(=O)C3CC3
NUDT5,5qj7,JMM,304,1,C,1419,C10,-30.159,4.209,-64.276,22.945,9.0,C,c1cc(oc1)C(=O)N2CCN(CC2)C(=O)C3CC3
NUDT5,5qj7,JMM,304,1,C,1420,C13,-27.349,4.227,-64.962,8.453,12.0,C,c1cc(oc1)C(=O)N2CCN(CC2)C(=O)C3CC3
NUDT5,5qj7,JMM,304,1,C,1421,C17,-30.616,-0.448,-63.271,39.852,16.0,C,c1cc(oc1)C(=O)N2CCN(CC2)C(=O)C3CC3
NUDT5,5qj7,JMM,304,1,C,1422,C01,-28.931,9.659,-63.019,19.322,0.0,C,c1cc(oc1)C(=O)N2CCN(CC2)C(=O)C3CC3
NUDT5,5qj7,JMM,304,1,C,1423,C02,-29.131,8.358,-63.567,21.737,1.0,C,c1cc(oc1)C(=O)N2CCN(CC2)C(=O)C3CC3
NUDT5,5qj7,JMM,304,1,C,1424,C03,-27.849,7.848,-63.749,3.623,2.0,C,c1cc(oc1)C(=O)N2CCN(CC2)C(=O)C3CC3
NUDT5,5qj7,JMM,304,1,C,1425,O04,-26.908,8.742,-63.355,1.071,3.0,O,c1cc(oc1)C(=O)N2CCN(CC2)C(=O)C3CC3
NUDT5,5qj7,JMM,304,1,C,1426,C05,-27.589,9.829,-62.905,4.831,4.0,C,c1cc(oc1)C(=O)N2CCN(CC2)C(=O)C3CC3
NUDT5,5qj7,JMM,304,1,C,1427,C06,-27.297,6.607,-64.305,4.831,5.0,C,c1cc(oc1)C(=O)N2CCN(CC2)C(=O)C3CC3
NUDT5,5qj7,JMM,304,1,C,1428,O07,-26.106,6.625,-64.618,7.5,6.0,O,c1cc(oc1)C(=O)N2CCN(CC2)C(=O)C3CC3
NUDT5,5qj7,JMM,304,1,C,1429,N08,-28.084,5.449,-64.51,3.281,7.0,N,c1cc(oc1)C(=O)N2CCN(CC2)C(=O)C3CC3
NUDT5,5qj7,JMM,304,1,C,1430,C09,-29.156,5.09,-63.551,2.415,8.0,C,c1cc(oc1)C(=O)N2CCN(CC2)C(=O)C3CC3
NUDT5,5qj7,JMM,304,1,C,1432,C12,-28.296,3.068,-65.379,24.153,11.0,C,c1cc(oc1)C(=O)N2CCN(CC2)C(=O)C3CC3
NUDT5,5qj7,JMM,304,1,C,1433,C14,-30.283,1.8,-64.577,2.415,13.0,C,c1cc(oc1)C(=O)N2CCN(CC2)C(=O)C3CC3
NUDT5,5qj7,JMM,304,1,C,1434,O15,-31.396,1.901,-65.137,40.715,14.0,O,c1cc(oc1)C(=O)N2CCN(CC2)C(=O)C3CC3
NUDT5,5qj7,JMM,304,1,C,1435,C16,-29.704,0.522,-64.019,12.076,15.0,C,c1cc(oc1)C(=O)N2CCN(CC2)C(=O)C3CC3
NUDT5,5qj7,JMM,304,1,C,1436,C18,-29.64,0.419,-62.505,16.907,17.0,C,c1cc(oc1)C(=O)N2CCN(CC2)C(=O)C3CC3
NUDT5,5qj8,ELQ,305,1,B,1472,C10,-17.134,-14.092,-3.689,1.208,9.0,C,CN1CCN(CC1)C(=O)c2ccc(c(c2)F)F
NUDT5,5qj8,ELQ,305,1,B,1473,C13,-14.68,-12.832,-4.251,2.415,12.0,C,CN1CCN(CC1)C(=O)c2ccc(c(c2)F)F
NUDT5,5qj8,ELQ,305,1,B,1475,C01,-19.364,-19.146,-5.723,61.589,0.0,C,CN1CCN(CC1)C(=O)c2ccc(c(c2)F)F
NUDT5,5qj8,ELQ,305,1,B,1476,C03,-19.978,-17.911,-3.64,30.191,2.0,C,CN1CCN(CC1)C(=O)c2ccc(c(c2)F)F
NUDT5,5qj8,ELQ,305,1,B,1477,C04,-20.275,-16.445,-3.228,10.869,3.0,C,CN1CCN(CC1)C(=O)c2ccc(c(c2)F)F
NUDT5,5qj8,ELQ,305,1,B,1478,C06,-19.068,-15.905,-5.353,6.038,5.0,C,CN1CCN(CC1)C(=O)c2ccc(c(c2)F)F
NUDT5,5qj8,ELQ,305,1,B,1479,C07,-20.214,-16.792,-5.908,25.36,6.0,C,CN1CCN(CC1)C(=O)c2ccc(c(c2)F)F
NUDT5,5qj8,ELQ,305,1,B,1480,C08,-18.385,-14.738,-3.144,1.208,7.0,C,CN1CCN(CC1)C(=O)c2ccc(c(c2)F)F
NUDT5,5qj8,ELQ,305,1,B,1481,C11,-16.124,-14.787,-4.407,19.322,10.0,C,CN1CCN(CC1)C(=O)c2ccc(c(c2)F)F
NUDT5,5qj8,ELQ,305,1,B,1482,C12,-14.898,-14.155,-4.697,32.606,11.0,C,CN1CCN(CC1)C(=O)c2ccc(c(c2)F)F
NUDT5,5qj8,ELQ,305,1,B,1483,C14,-15.707,-12.148,-3.583,1.208,13.0,C,CN1CCN(CC1)C(=O)c2ccc(c(c2)F)F
NUDT5,5qj8,ELQ,305,1,B,1484,F16,-15.486,-10.915,-3.219,1.035,15.0,F,CN1CCN(CC1)C(=O)c2ccc(c(c2)F)F
NUDT5,5qj8,ELQ,305,1,B,1485,F17,-13.499,-12.222,-4.36,28.982,16.0,F,CN1CCN(CC1)C(=O)c2ccc(c(c2)F)F
NUDT5,5qj8,ELQ,305,1,B,1486,N02,-20.257,-18.096,-5.117,8.749,1.0,N,CN1CCN(CC1)C(=O)c2ccc(c(c2)F)F
NUDT5,5qj8,ELQ,305,1,B,1488,O09,-18.58,-14.587,-1.94,10.715,8.0,O,CN1CCN(CC1)C(=O)c2ccc(c(c2)F)F
NUDT5,5qj9,K0D,304,1,A,1454,N1,-3.183,0.508,3.858,3.281,12.0,N,C[C@@H]1CN([C@H](CO1)C)C(=O)c2cnsn2
NUDT5,5qj9,K0D,304,1,A,1455,C4,-4.027,7.347,3.09,57.966,7.0,C,C[C@@H]1CN([C@H](CO1)C)C(=O)c2cnsn2
NUDT5,5qj9,K0D,304,1,A,1456,C5,-1.564,6.919,3.688,33.814,5.0,C,C[C@@H]1CN([C@H](CO1)C)C(=O)c2cnsn2
NUDT5,5qj9,K0D,304,1,A,1457,C6,-3.605,3.991,2.579,2.415,8.0,C,C[C@@H]1CN([C@H](CO1)C)C(=O)c2cnsn2
NUDT5,5qj9,K0D,304,1,A,1458,C7,-3.839,2.566,2.989,1.208,10.0,C,C[C@@H]1CN([C@H](CO1)C)C(=O)c2cnsn2
NUDT5,5qj9,K0D,304,1,A,1459,C8,-2.835,1.752,3.703,3.623,11.0,C,C[C@@H]1CN([C@H](CO1)C)C(=O)c2cnsn2
NUDT5,5qj9,K0D,304,1,A,1461,C,-0.663,4.016,5.771,32.606,0.0,C,C[C@@H]1CN([C@H](CO1)C)C(=O)c2cnsn2
NUDT5,5qj9,K0D,304,1,A,1462,O,-0.837,5.877,4.324,11.786,6.0,O,C[C@@H]1CN([C@H](CO1)C)C(=O)c2cnsn2
NUDT5,5qj9,K0D,304,1,A,1463,C1,-1.53,5.235,5.394,14.492,1.0,C,C[C@@H]1CN([C@H](CO1)C)C(=O)c2cnsn2
NUDT5,5qj9,K0D,304,1,A,1464,C2,-3.002,4.844,4.963,21.737,2.0,C,C[C@@H]1CN([C@H](CO1)C)C(=O)c2cnsn2
NUDT5,5qj9,K0D,304,1,A,1465,C3,-2.839,6.377,2.957,3.623,4.0,C,C[C@@H]1CN([C@H](CO1)C)C(=O)c2cnsn2
NUDT5,5qj9,K0D,304,1,A,1466,N2,-4.918,1.901,2.649,18.591,14.0,N,C[C@@H]1CN([C@H](CO1)C)C(=O)c2cnsn2
NUDT5,5qj9,K0D,304,1,A,1467,O1,-3.822,4.251,1.39,27.858,9.0,O,C[C@@H]1CN([C@H](CO1)C)C(=O)c2cnsn2
NUDT5,5qj9,K0D,304,1,A,1468,S,-4.701,0.321,3.161,11.581,13.0,S,C[C@@H]1CN([C@H](CO1)C)C(=O)c2cnsn2
NUDT5,5qj9,K0D,304,1,B,1471,N1,-17.157,-12.498,-2.709,3.281,12.0,N,C[C@@H]1CN([C@H](CO1)C)C(=O)c2cnsn2
NUDT5,5qj9,K0D,304,1,B,1472,C4,-16.176,-16.823,-7.875,55.551,7.0,C,C[C@@H]1CN([C@H](CO1)C)C(=O)c2cnsn2
NUDT5,5qj9,K0D,304,1,B,1473,C5,-18.661,-16.279,-7.802,26.568,5.0,C,C[C@@H]1CN([C@H](CO1)C)C(=O)c2cnsn2
NUDT5,5qj9,K0D,304,1,B,1474,C6,-16.522,-13.901,-6.099,2.415,8.0,C,C[C@@H]1CN([C@H](CO1)C)C(=O)c2cnsn2
NUDT5,5qj9,K0D,304,1,B,1475,C7,-16.394,-13.244,-4.772,2.415,10.0,C,C[C@@H]1CN([C@H](CO1)C)C(=O)c2cnsn2
NUDT5,5qj9,K0D,304,1,B,1476,C8,-17.435,-13.247,-3.711,4.831,11.0,C,C[C@@H]1CN([C@H](CO1)C)C(=O)c2cnsn2
NUDT5,5qj9,K0D,304,1,B,1478,C,-20.053,-16.093,-5.059,26.568,0.0,C,C[C@@H]1CN([C@H](CO1)C)C(=O)c2cnsn2
NUDT5,5qj9,K0D,304,1,B,1479,O,-18.914,-17.285,-6.848,18.215,6.0,O,C[C@@H]1CN([C@H](CO1)C)C(=O)c2cnsn2
NUDT5,5qj9,K0D,304,1,B,1480,C1,-18.813,-16.912,-5.456,16.907,1.0,C,C[C@@H]1CN([C@H](CO1)C)C(=O)c2cnsn2
NUDT5,5qj9,K0D,304,1,B,1481,C2,-17.502,-16.115,-5.158,18.114,2.0,C,C[C@@H]1CN([C@H](CO1)C)C(=O)c2cnsn2
NUDT5,5qj9,K0D,304,1,B,1482,C3,-17.224,-15.727,-7.645,4.831,4.0,C,C[C@@H]1CN([C@H](CO1)C)C(=O)c2cnsn2
NUDT5,5qj9,K0D,304,1,B,1483,N2,-15.367,-12.506,-4.508,15.31,14.0,N,C[C@@H]1CN([C@H](CO1)C)C(=O)c2cnsn2
NUDT5,5qj9,K0D,304,1,B,1484,O1,-16.059,-13.276,-7.072,26.786,9.0,O,C[C@@H]1CN([C@H](CO1)C)C(=O)c2cnsn2
NUDT5,5qj9,K0D,304,1,B,1485,S,-15.679,-11.818,-3.035,9.008,13.0,S,C[C@@H]1CN([C@H](CO1)C)C(=O)c2cnsn2
NUDT5,5qj9,K0D,304,1,C,1419,N1,-23.747,25.721,-57.073,6.562,12.0,N,C[C@@H]1CN([C@H](CO1)C)C(=O)c2cnsn2
NUDT5,5qj9,K0D,304,1,C,1420,C4,-22.208,32.256,-57.352,48.305,7.0,C,C[C@@H]1CN([C@H](CO1)C)C(=O)c2cnsn2
NUDT5,5qj9,K0D,304,1,C,1421,C5,-22.566,31.564,-54.939,30.191,5.0,C,C[C@@H]1CN([C@H](CO1)C)C(=O)c2cnsn2
NUDT5,5qj9,K0D,304,1,C,1422,C6,-22.303,29.161,-57.705,3.623,8.0,C,C[C@@H]1CN([C@H](CO1)C)C(=O)c2cnsn2
NUDT5,5qj9,K0D,304,1,C,1423,C7,-22.829,27.74,-57.805,3.623,10.0,C,C[C@@H]1CN([C@H](CO1)C)C(=O)c2cnsn2
NUDT5,5qj9,K0D,304,1,C,1424,C8,-23.233,26.839,-56.687,6.038,11.0,C,C[C@@H]1CN([C@H](CO1)C)C(=O)c2cnsn2
NUDT5,5qj9,K0D,304,1,C,1426,C,-22.454,28.296,-53.179,22.945,0.0,C,C[C@@H]1CN([C@H](CO1)C)C(=O)c2cnsn2
NUDT5,5qj9,K0D,304,1,C,1427,O,-22.484,30.589,-53.896,20.358,6.0,O,C[C@@H]1CN([C@H](CO1)C)C(=O)c2cnsn2
NUDT5,5qj9,K0D,304,1,C,1428,C1,-22.587,29.253,-54.358,8.453,1.0,C,C[C@@H]1CN([C@H](CO1)C)C(=O)c2cnsn2
NUDT5,5qj9,K0D,304,1,C,1429,C2,-21.403,29.049,-55.317,2.415,2.0,C,C[C@@H]1CN([C@H](CO1)C)C(=O)c2cnsn2
NUDT5,5qj9,K0D,304,1,C,1430,C3,-21.708,31.25,-56.257,2.415,4.0,C,C[C@@H]1CN([C@H](CO1)C)C(=O)c2cnsn2
NUDT5,5qj9,K0D,304,1,C,1431,N2,-23.068,27.201,-58.974,12.029,14.0,N,C[C@@H]1CN([C@H](CO1)C)C(=O)c2cnsn2
NUDT5,5qj9,K0D,304,1,C,1432,O1,-22.234,29.758,-58.766,17.143,9.0,O,C[C@@H]1CN([C@H](CO1)C)C(=O)c2cnsn2
NUDT5,5qj9,K0D,304,1,C,1433,S,-23.766,25.697,-58.729,32.17,13.0,S,C[C@@H]1CN([C@H](CO1)C)C(=O)c2cnsn2
NUDT5,5qj9,K0D,305,1,C,1434,N1,-26.537,8.031,-63.416,2.187,12.0,N,C[C@@H]1CN([C@H](CO1)C)C(=O)c2cnsn2
NUDT5,5qj9,K0D,305,1,C,1435,C4,-32.851,5.351,-63.703,55.551,7.0,C,C[C@@H]1CN([C@H](CO1)C)C(=O)c2cnsn2
NUDT5,5qj9,K0D,305,1,C,1436,C5,-31.294,3.467,-64.435,32.606,5.0,C,C[C@@H]1CN([C@H](CO1)C)C(=O)c2cnsn2
NUDT5,5qj9,K0D,305,1,C,1437,C6,-30.021,6.794,-62.988,2.415,8.0,C,C[C@@H]1CN([C@H](CO1)C)C(=O)c2cnsn2
NUDT5,5qj9,K0D,305,1,C,1438,C7,-28.816,7.675,-63.091,2.415,10.0,C,C[C@@H]1CN([C@H](CO1)C)C(=O)c2cnsn2
NUDT5,5qj9,K0D,305,1,C,1439,C8,-27.504,7.132,-63.399,3.623,11.0,C,C[C@@H]1CN([C@H](CO1)C)C(=O)c2cnsn2
NUDT5,5qj9,K0D,305,1,C,1441,C,-27.694,3.755,-65.066,20.53,0.0,C,C[C@@H]1CN([C@H](CO1)C)C(=O)c2cnsn2
NUDT5,5qj9,K0D,305,1,C,1442,O,-29.928,3.126,-64.559,10.715,6.0,O,C[C@@H]1CN([C@H](CO1)C)C(=O)c2cnsn2
NUDT5,5qj9,K0D,305,1,C,1443,C1,-29.175,3.996,-65.414,15.699,1.0,C,C[C@@H]1CN([C@H](CO1)C)C(=O)c2cnsn2
NUDT5,5qj9,K0D,305,1,C,1444,C2,-29.607,5.512,-65.245,21.737,2.0,C,C[C@@H]1CN([C@H](CO1)C)C(=O)c2cnsn2
NUDT5,5qj9,K0D,305,1,C,1445,C3,-31.423,4.767,-63.575,1.208,4.0,C,C[C@@H]1CN([C@H](CO1)C)C(=O)c2cnsn2
NUDT5,5qj9,K0D,305,1,C,1446,N2,-28.801,8.98,-62.873,15.31,14.0,N,C[C@@H]1CN([C@H](CO1)C)C(=O)c2cnsn2
NUDT5,5qj9,K0D,305,1,C,1447,O1,-30.787,7.02,-62.073,19.286,9.0,O,C[C@@H]1CN([C@H](CO1)C)C(=O)c2cnsn2
NUDT5,5qj9,K0D,305,1,C,1448,S,-27.193,9.549,-63.045,12.868,13.0,S,C[C@@H]1CN([C@H](CO1)C)C(=O)c2cnsn2
NUDT5,5qja,K0A,304,1,A,1459,C4,-3.887,5.442,4.308,16.907,10.0,C,Cc1c(nc(s1)C)C(=O)N2CCCC2
NUDT5,5qja,K0A,304,1,A,1460,C5,-4.75,6.697,4.534,39.852,11.0,C,Cc1c(nc(s1)C)C(=O)N2CCCC2
NUDT5,5qja,K0A,304,1,A,1461,C6,-4.173,7.725,3.514,41.059,12.0,C,Cc1c(nc(s1)C)C(=O)N2CCCC2
NUDT5,5qja,K0A,304,1,A,1462,C7,-3.523,6.886,2.38,33.814,13.0,C,Cc1c(nc(s1)C)C(=O)N2CCCC2
NUDT5,5qja,K0A,304,1,A,1464,N,-4.515,2.122,1.806,13.123,3.0,N,Cc1c(nc(s1)C)C(=O)N2CCCC2
NUDT5,5qja,K0A,304,1,A,1465,C,-5.27,-0.156,1.997,15.699,6.0,C,Cc1c(nc(s1)C)C(=O)N2CCCC2
NUDT5,5qja,K0A,304,1,A,1466,O,-3.365,4.57,0.709,28.929,8.0,O,Cc1c(nc(s1)C)C(=O)N2CCCC2
NUDT5,5qja,K0A,304,1,A,1467,C1,-4.433,0.95,2.375,2.415,4.0,C,Cc1c(nc(s1)C)C(=O)N2CCCC2
NUDT5,5qja,K0A,304,1,A,1468,C2,-3.567,2.97,2.429,1.208,2.0,C,Cc1c(nc(s1)C)C(=O)N2CCCC2
NUDT5,5qja,K0A,304,1,A,1469,C3,-3.494,4.381,1.942,2.415,7.0,C,Cc1c(nc(s1)C)C(=O)N2CCCC2
NUDT5,5qja,K0A,304,1,A,1470,C9,-1.748,2.985,4.24,21.737,0.0,C,Cc1c(nc(s1)C)C(=O)N2CCCC2
NUDT5,5qja,K0A,304,1,A,1471,S,-3.24,0.774,3.656,5.147,5.0,S,Cc1c(nc(s1)C)C(=O)N2CCCC2
NUDT5,5qja,K0A,304,1,B,1471,N1,-15.888,-15.67,-6.984,1.094,9.0,N,Cc1c(nc(s1)C)C(=O)N2CCCC2
NUDT5,5qja,K0A,304,1,B,1472,C4,-15.656,-16.686,-5.936,20.53,10.0,C,Cc1c(nc(s1)C)C(=O)N2CCCC2
NUDT5,5qja,K0A,304,1,B,1473,C5,-15.171,-17.924,-6.697,39.852,11.0,C,Cc1c(nc(s1)C)C(=O)N2CCCC2
NUDT5,5qja,K0A,304,1,B,1474,C6,-15.42,-17.675,-8.187,38.644,12.0,C,Cc1c(nc(s1)C)C(=O)N2CCCC2
NUDT5,5qja,K0A,304,1,B,1475,C7,-16.142,-16.319,-8.294,28.983,13.0,C,Cc1c(nc(s1)C)C(=O)N2CCCC2
NUDT5,5qja,K0A,304,1,B,1477,N,-14.95,-12.74,-5.263,14.217,3.0,N,Cc1c(nc(s1)C)C(=O)N2CCCC2
NUDT5,5qja,K0A,304,1,B,1478,C,-14.235,-11.222,-3.541,18.114,6.0,C,Cc1c(nc(s1)C)C(=O)N2CCCC2
NUDT5,5qja,K0A,304,1,B,1479,O,-15.876,-13.545,-7.81,25.715,8.0,O,Cc1c(nc(s1)C)C(=O)N2CCCC2
NUDT5,5qja,K0A,304,1,B,1480,C1,-15.117,-12.22,-4.089,3.623,4.0,C,Cc1c(nc(s1)C)C(=O)N2CCCC2
NUDT5,5qja,K0A,304,1,B,1482,C3,-15.941,-14.304,-6.827,3.623,7.0,C,Cc1c(nc(s1)C)C(=O)N2CCCC2
NUDT5,5qja,K0A,304,1,B,1483,C9,-17.981,-14.799,-4.4,22.945,0.0,C,Cc1c(nc(s1)C)C(=O)N2CCCC2
NUDT5,5qja,K0A,304,1,B,1484,S,-16.468,-12.822,-3.169,7.721,5.0,S,Cc1c(nc(s1)C)C(=O)N2CCCC2
NUDT5,5qja,K0A,303,1,D,1428,N1,-22.048,28.08,-54.266,2.187,9.0,N,Cc1c(nc(s1)C)C(=O)N2CCCC2
NUDT5,5qja,K0A,303,1,D,1429,C4,-20.728,28.324,-54.889,19.322,10.0,C,Cc1c(nc(s1)C)C(=O)N2CCCC2
NUDT5,5qja,K0A,303,1,D,1430,C5,-19.777,28.383,-53.684,42.267,11.0,C,Cc1c(nc(s1)C)C(=O)N2CCCC2
NUDT5,5qja,K0A,303,1,D,1431,C6,-20.615,29.035,-52.567,39.852,12.0,C,Cc1c(nc(s1)C)C(=O)N2CCCC2
NUDT5,5qja,K0A,303,1,D,1432,C7,-22.088,28.716,-52.917,32.606,13.0,C,Cc1c(nc(s1)C)C(=O)N2CCCC2
NUDT5,5qja,K0A,303,1,D,1434,N,-23.537,25.581,-56.465,12.029,3.0,N,Cc1c(nc(s1)C)C(=O)N2CCCC2
NUDT5,5qja,K0A,303,1,D,1435,C,-23.849,24.071,-58.38,14.492,6.0,C,Cc1c(nc(s1)C)C(=O)N2CCCC2
NUDT5,5qja,K0A,303,1,D,1436,O,-24.15,27.135,-54.075,32.144,8.0,O,Cc1c(nc(s1)C)C(=O)N2CCCC2
NUDT5,5qja,K0A,303,1,D,1437,C1,-23.504,25.341,-57.757,2.415,4.0,C,Cc1c(nc(s1)C)C(=O)N2CCCC2
NUDT5,5qja,K0A,303,1,D,1439,C3,-23.166,27.406,-54.803,2.415,7.0,C,Cc1c(nc(s1)C)C(=O)N2CCCC2
NUDT5,5qja,K0A,303,1,D,1440,C9,-22.555,29.069,-57.493,22.945,0.0,C,Cc1c(nc(s1)C)C(=O)N2CCCC2
NUDT5,5qja,K0A,303,1,D,1441,S,-23.045,26.674,-58.753,9.008,5.0,S,Cc1c(nc(s1)C)C(=O)N2CCCC2
NUDT5,5qja,K0A,304,1,D,1443,C4,-33.592,4.677,-63.872,21.737,10.0,C,Cc1c(nc(s1)C)C(=O)N2CCCC2
NUDT5,5qja,K0A,304,1,D,1444,C5,-33.937,4.083,-65.257,39.852,11.0,C,Cc1c(nc(s1)C)C(=O)N2CCCC2
NUDT5,5qja,K0A,304,1,D,1445,C6,-33.242,5.031,-66.225,22.945,12.0,C,Cc1c(nc(s1)C)C(=O)N2CCCC2
NUDT5,5qja,K0A,304,1,D,1446,C7,-31.902,5.356,-65.513,3.623,13.0,C,Cc1c(nc(s1)C)C(=O)N2CCCC2
NUDT5,5qja,K0A,304,1,D,1447,C8,-29.076,6.029,-63.719,2.415,1.0,C,Cc1c(nc(s1)C)C(=O)N2CCCC2
NUDT5,5qja,K0A,304,1,D,1448,N,-30.047,7.977,-62.835,2.187,3.0,N,Cc1c(nc(s1)C)C(=O)N2CCCC2
NUDT5,5qja,K0A,304,1,D,1449,C,-28.225,9.662,-62.721,21.737,6.0,C,Cc1c(nc(s1)C)C(=O)N2CCCC2
NUDT5,5qja,K0A,304,1,D,1450,O,-32.037,6.043,-61.891,25.715,8.0,O,Cc1c(nc(s1)C)C(=O)N2CCCC2
NUDT5,5qja,K0A,304,1,D,1451,C1,-28.78,8.341,-63.022,2.415,4.0,C,Cc1c(nc(s1)C)C(=O)N2CCCC2
NUDT5,5qja,K0A,304,1,D,1452,C2,-30.209,6.644,-63.235,2.415,2.0,C,Cc1c(nc(s1)C)C(=O)N2CCCC2
NUDT5,5qja,K0A,304,1,D,1453,C3,-31.537,5.989,-63.03,2.415,7.0,C,Cc1c(nc(s1)C)C(=O)N2CCCC2
NUDT5,5qja,K0A,304,1,D,1454,C9,-28.965,4.63,-64.222,32.606,0.0,C,Cc1c(nc(s1)C)C(=O)N2CCCC2
NUDT5,5qja,K0A,304,1,D,1455,S,-27.718,7.12,-63.679,25.736,5.0,S,Cc1c(nc(s1)C)C(=O)N2CCCC2
NUDT5,5qjb,K07,304,1,A,1473,N1,-2.675,2.559,5.094,9.842,13.0,N,CN(C[C@H]1CCOC1)c2c(cncn2)Cl
NUDT5,5qjb,K07,304,1,A,1474,C4,-1.003,7.647,2.477,43.475,5.0,C,CN(C[C@H]1CCOC1)c2c(cncn2)Cl
NUDT5,5qjb,K07,304,1,A,1475,C5,-2.627,6.141,1.893,22.945,7.0,C,CN(C[C@H]1CCOC1)c2c(cncn2)Cl
NUDT5,5qjb,K07,304,1,A,1476,C6,-3.68,2.773,4.123,3.623,8.0,C,CN(C[C@H]1CCOC1)c2c(cncn2)Cl
NUDT5,5qjb,K07,304,1,A,1477,C7,-2.363,1.297,5.435,15.699,12.0,C,CN(C[C@H]1CCOC1)c2c(cncn2)Cl
NUDT5,5qjb,K07,304,1,A,1478,C8,-3.896,0.359,4.002,2.415,10.0,C,CN(C[C@H]1CCOC1)c2c(cncn2)Cl
NUDT5,5qjb,K07,304,1,A,1480,C,-5.255,4.632,3.369,44.682,0.0,C,CN(C[C@H]1CCOC1)c2c(cncn2)Cl
NUDT5,5qjb,K07,304,1,A,1481,O,-1.34,6.621,1.587,19.286,6.0,O,CN(C[C@H]1CCOC1)c2c(cncn2)Cl
NUDT5,5qjb,K07,304,1,A,1482,C1,-2.889,5.145,4.242,14.492,2.0,C,CN(C[C@H]1CCOC1)c2c(cncn2)Cl
NUDT5,5qjb,K07,304,1,A,1483,C2,-2.881,6.428,3.386,8.453,3.0,C,CN(C[C@H]1CCOC1)c2c(cncn2)Cl
NUDT5,5qjb,K07,304,1,A,1484,C3,-1.702,7.331,3.798,32.606,4.0,C,CN(C[C@H]1CCOC1)c2c(cncn2)Cl
NUDT5,5qjb,K07,304,1,A,1485,C9,-4.306,1.608,3.545,2.415,9.0,C,CN(C[C@H]1CCOC1)c2c(cncn2)Cl
NUDT5,5qjb,K07,304,1,A,1487,CL,-5.501,1.514,2.325,29.926,14.0,Cl,CN(C[C@H]1CCOC1)c2c(cncn2)Cl
NUDT5,5qjb,K07,305,1,A,1488,N1,-18.084,-14.918,-4.168,5.468,13.0,N,CN(C[C@H]1CCOC1)c2c(cncn2)Cl
NUDT5,5qjb,K07,305,1,A,1489,C4,-19.376,-17.287,-8.858,31.398,5.0,C,CN(C[C@H]1CCOC1)c2c(cncn2)Cl
NUDT5,5qjb,K07,305,1,A,1490,C5,-17.931,-15.555,-8.263,25.36,7.0,C,CN(C[C@H]1CCOC1)c2c(cncn2)Cl
NUDT5,5qjb,K07,305,1,A,1491,C6,-16.846,-14.495,-4.679,3.623,8.0,C,CN(C[C@H]1CCOC1)c2c(cncn2)Cl
NUDT5,5qjb,K07,305,1,A,1492,C7,-18.572,-14.282,-3.084,25.36,12.0,C,CN(C[C@H]1CCOC1)c2c(cncn2)Cl
NUDT5,5qjb,K07,305,1,A,1493,C8,-16.812,-12.835,-2.916,18.114,10.0,C,CN(C[C@H]1CCOC1)c2c(cncn2)Cl
NUDT5,5qjb,K07,305,1,A,1495,C,-15.159,-14.897,-6.52,7.246,0.0,C,CN(C[C@H]1CCOC1)c2c(cncn2)Cl
NUDT5,5qjb,K07,305,1,A,1496,O,-19.102,-15.921,-9.016,24.644,6.0,O,CN(C[C@H]1CCOC1)c2c(cncn2)Cl
NUDT5,5qjb,K07,305,1,A,1498,C2,-17.493,-16.821,-7.508,10.869,3.0,C,CN(C[C@H]1CCOC1)c2c(cncn2)Cl
NUDT5,5qjb,K07,305,1,A,1499,C3,-18.809,-17.646,-7.509,30.191,4.0,C,CN(C[C@H]1CCOC1)c2c(cncn2)Cl
NUDT5,5qjb,K07,305,1,A,1500,C9,-16.198,-13.392,-4.028,2.415,9.0,C,CN(C[C@H]1CCOC1)c2c(cncn2)Cl
NUDT5,5qjb,K07,305,1,A,1501,N2,-17.992,-13.253,-2.416,21.872,11.0,N,CN(C[C@H]1CCOC1)c2c(cncn2)Cl
NUDT5,5qjb,K07,305,1,A,1502,CL,-14.728,-12.623,-4.428,16.21,14.0,Cl,CN(C[C@H]1CCOC1)c2c(cncn2)Cl
NUDT5,5qjb,K07,304,1,C,1423,N1,-22.374,29.652,-58.007,7.655,13.0,N,CN(C[C@H]1CCOC1)c2c(cncn2)Cl
NUDT5,5qjb,K07,304,1,C,1424,C4,-23.318,32.821,-52.935,19.322,5.0,C,CN(C[C@H]1CCOC1)c2c(cncn2)Cl
NUDT5,5qjb,K07,304,1,C,1425,C5,-23.644,30.57,-53.164,30.191,7.0,C,CN(C[C@H]1CCOC1)c2c(cncn2)Cl
NUDT5,5qjb,K07,304,1,C,1426,C6,-22.654,28.615,-57.087,4.831,8.0,C,CN(C[C@H]1CCOC1)c2c(cncn2)Cl
NUDT5,5qjb,K07,304,1,C,1427,C7,-22.529,29.393,-59.325,26.568,12.0,C,CN(C[C@H]1CCOC1)c2c(cncn2)Cl
NUDT5,5qjb,K07,304,1,C,1428,C8,-23.214,27.215,-59.025,18.114,10.0,C,CN(C[C@H]1CCOC1)c2c(cncn2)Cl
NUDT5,5qjb,K07,304,1,C,1430,C,-22.066,27.991,-54.667,3.623,0.0,C,CN(C[C@H]1CCOC1)c2c(cncn2)Cl
NUDT5,5qjb,K07,304,1,C,1431,O,-23.866,31.678,-52.32,13.929,6.0,O,CN(C[C@H]1CCOC1)c2c(cncn2)Cl
NUDT5,5qjb,K07,304,1,C,1432,C1,-22.341,30.461,-55.394,9.661,2.0,C,CN(C[C@H]1CCOC1)c2c(cncn2)Cl
NUDT5,5qjb,K07,304,1,C,1433,C2,-22.297,30.836,-53.886,6.038,3.0,C,CN(C[C@H]1CCOC1)c2c(cncn2)Cl
NUDT5,5qjb,K07,304,1,C,1434,C3,-22.074,32.351,-53.704,32.606,4.0,C,CN(C[C@H]1CCOC1)c2c(cncn2)Cl
NUDT5,5qjb,K07,304,1,C,1435,C9,-23.109,27.344,-57.641,3.623,9.0,C,CN(C[C@H]1CCOC1)c2c(cncn2)Cl
NUDT5,5qjb,K07,304,1,C,1436,N2,-22.932,28.207,-59.893,20.778,11.0,N,CN(C[C@H]1CCOC1)c2c(cncn2)Cl
NUDT5,5qjb,K07,304,1,C,1437,CL,-23.562,25.921,-56.856,24.938,14.0,Cl,CN(C[C@H]1CCOC1)c2c(cncn2)Cl
NUDT5,5qjc,K0J,303,1,A,1457,N1,-18.444,-15.405,-3.544,19.685,7.0,N,CCNC(=O)c1c[nH]nn1
NUDT5,5qjc,K0J,303,1,A,1458,N3,-17.618,-13.755,-2.365,18.591,9.0,N,CCNC(=O)c1c[nH]nn1
NUDT5,5qjc,K0J,303,1,A,1459,C4,-17.449,-14.914,-4.33,16.907,6.0,C,CCNC(=O)c1c[nH]nn1
NUDT5,5qjc,K0J,303,1,A,1460,N,-15.524,-11.946,-3.199,9.842,2.0,N,CCNC(=O)c1c[nH]nn1
NUDT5,5qjc,K0J,303,1,A,1461,C,-13.065,-11.568,-3.21,6.038,0.0,C,CCNC(=O)c1c[nH]nn1
NUDT5,5qjc,K0J,303,1,A,1462,O,-15.209,-13.206,-5.07,15.0,4.0,O,CCNC(=O)c1c[nH]nn1
NUDT5,5qjc,K0J,303,1,A,1463,C1,-14.437,-10.99,-3.522,18.114,1.0,C,CCNC(=O)c1c[nH]nn1
NUDT5,5qjc,K0J,303,1,A,1464,C2,-15.819,-12.995,-4.015,4.831,3.0,C,CCNC(=O)c1c[nH]nn1
NUDT5,5qjc,K0J,303,1,A,1465,C3,-16.91,-13.859,-3.59,2.415,5.0,C,CCNC(=O)c1c[nH]nn1
NUDT5,5qjc,K0J,303,1,A,1466,N2,-18.518,-14.677,-2.351,26.246,8.0,N,CCNC(=O)c1c[nH]nn1
NUDT5,5qjc,K0J,304,1,C,1422,N1,-28.013,4.224,-64.942,21.872,7.0,N,CCNC(=O)c1c[nH]nn1
NUDT5,5qjc,K0J,304,1,C,1423,N3,-26.913,6.05,-64.55,1.094,9.0,N,CCNC(=O)c1c[nH]nn1
NUDT5,5qjc,K0J,304,1,C,1424,C4,-28.93,5.043,-64.31,22.945,6.0,C,CCNC(=O)c1c[nH]nn1
NUDT5,5qjc,K0J,304,1,C,1425,N,-27.845,8.452,-63.297,1.094,2.0,N,CCNC(=O)c1c[nH]nn1
NUDT5,5qjc,K0J,304,1,C,1426,C,-27.062,10.645,-62.601,9.661,0.0,C,CCNC(=O)c1c[nH]nn1
NUDT5,5qjc,K0J,304,1,C,1427,O,-29.969,7.587,-63.303,33.215,4.0,O,CCNC(=O)c1c[nH]nn1
NUDT5,5qjc,K0J,304,1,C,1428,C1,-28.273,9.738,-62.779,15.699,1.0,C,CCNC(=O)c1c[nH]nn1
NUDT5,5qjc,K0J,304,1,C,1429,C2,-28.756,7.459,-63.521,6.038,3.0,C,CCNC(=O)c1c[nH]nn1
NUDT5,5qjc,K0J,304,1,C,1430,C3,-28.222,6.219,-64.067,3.623,5.0,C,CCNC(=O)c1c[nH]nn1
NUDT5,5qjc,K0J,304,1,C,1431,N2,-26.818,4.882,-65.063,15.31,8.0,N,CCNC(=O)c1c[nH]nn1
NUDT5,5qjd,K0M,304,1,A,1466,N1,-0.657,3.329,6.235,5.468,8.0,N,Cc1cc(on1)C(=O)Nc2ccn(n2)C
NUDT5,5qjd,K0M,304,1,A,1467,N3,-0.182,3.785,8.527,15.31,13.0,N,Cc1cc(on1)C(=O)Nc2ccn(n2)C
NUDT5,5qjd,K0M,304,1,A,1468,C4,-0.828,3.562,4.868,4.831,6.0,C,Cc1cc(on1)C(=O)Nc2ccn(n2)C
NUDT5,5qjd,K0M,304,1,A,1469,C5,0.029,4.109,7.186,3.623,9.0,C,Cc1cc(on1)C(=O)Nc2ccn(n2)C
NUDT5,5qjd,K0M,304,1,A,1470,C6,0.806,5.304,7.066,27.775,10.0,C,Cc1cc(on1)C(=O)Nc2ccn(n2)C
NUDT5,5qjd,K0M,304,1,A,1471,C7,1.051,5.711,8.386,30.191,11.0,C,Cc1cc(on1)C(=O)Nc2ccn(n2)C
NUDT5,5qjd,K0M,304,1,A,1472,C8,0.383,4.779,10.694,67.627,14.0,C,Cc1cc(on1)C(=O)Nc2ccn(n2)C
NUDT5,5qjd,K0M,304,1,A,1473,N,-2.551,0.446,4.315,1.094,5.0,N,Cc1cc(on1)C(=O)Nc2ccn(n2)C
NUDT5,5qjd,K0M,304,1,A,1474,C,-4.334,0.524,2.601,21.737,0.0,C,Cc1cc(on1)C(=O)Nc2ccn(n2)C
NUDT5,5qjd,K0M,304,1,A,1475,O,-1.644,1.252,4.849,4.286,4.0,O,Cc1cc(on1)C(=O)Nc2ccn(n2)C
NUDT5,5qjd,K0M,304,1,A,1476,C1,-3.237,1.126,3.38,3.623,1.0,C,Cc1cc(on1)C(=O)Nc2ccn(n2)C
NUDT5,5qjd,K0M,304,1,A,1477,C2,-2.714,2.492,3.311,21.737,2.0,C,Cc1cc(on1)C(=O)Nc2ccn(n2)C
NUDT5,5qjd,K0M,304,1,A,1478,C3,-1.719,2.507,4.271,2.415,3.0,C,Cc1cc(on1)C(=O)Nc2ccn(n2)C
NUDT5,5qjd,K0M,304,1,A,1480,O1,-0.327,4.475,4.242,20.358,7.0,O,Cc1cc(on1)C(=O)Nc2ccn(n2)C
NUDT5,5qje,K0P,304,1,B,1471,N1,-18.175,-16.468,-4.912,7.655,8.0,N,CCn1cc(cn1)CNC(=O)c2cccnc2
NUDT5,5qje,K0P,304,1,B,1472,N3,-20.354,-16.356,-8.767,24.059,6.0,N,CCn1cc(cn1)CNC(=O)c2cccnc2
NUDT5,5qje,K0P,304,1,B,1473,C4,-18.686,-17.615,-5.728,33.814,7.0,C,CCn1cc(cn1)CNC(=O)c2cccnc2
NUDT5,5qje,K0P,304,1,B,1474,C5,-17.095,-15.632,-5.329,3.623,9.0,C,CCn1cc(cn1)CNC(=O)c2cccnc2
NUDT5,5qje,K0P,304,1,B,1475,C6,-16.612,-14.517,-4.477,2.415,11.0,C,CCn1cc(cn1)CNC(=O)c2cccnc2
NUDT5,5qje,K0P,304,1,B,1476,C7,-15.4,-13.883,-4.82,20.53,12.0,C,CCn1cc(cn1)CNC(=O)c2cccnc2
NUDT5,5qje,K0P,304,1,B,1477,C8,-14.943,-12.837,-4.062,19.322,13.0,C,CCn1cc(cn1)CNC(=O)c2cccnc2
NUDT5,5qje,K0P,304,1,B,1478,C10,-17.323,-14.048,-3.346,9.661,16.0,C,CCn1cc(cn1)CNC(=O)c2cccnc2
NUDT5,5qje,K0P,304,1,B,1479,N,-21.405,-16.614,-7.927,1.094,2.0,N,CCn1cc(cn1)CNC(=O)c2cccnc2
NUDT5,5qje,K0P,304,1,B,1480,C,-23.186,-14.897,-8.227,33.814,0.0,C,CCn1cc(cn1)CNC(=O)c2cccnc2
NUDT5,5qje,K0P,304,1,B,1481,O,-16.521,-15.791,-6.408,25.715,10.0,O,CCn1cc(cn1)CNC(=O)c2cccnc2
NUDT5,5qje,K0P,304,1,B,1482,C1,-22.802,-16.372,-8.331,21.737,1.0,C,CCn1cc(cn1)CNC(=O)c2cccnc2
NUDT5,5qje,K0P,304,1,B,1483,C11,-19.244,-16.699,-8.069,24.153,5.0,C,CCn1cc(cn1)CNC(=O)c2cccnc2
NUDT5,5qje,K0P,304,1,B,1484,C2,-20.988,-17.117,-6.703,18.114,3.0,C,CCn1cc(cn1)CNC(=O)c2cccnc2
NUDT5,5qje,K0P,304,1,B,1485,C3,-19.613,-17.174,-6.774,2.415,4.0,C,CCn1cc(cn1)CNC(=O)c2cccnc2
NUDT5,5qje,K0P,304,1,B,1486,C9,-15.688,-12.457,-2.965,4.831,14.0,C,CCn1cc(cn1)CNC(=O)c2cccnc2
NUDT5,5qjd,K0M,304,1,C,1424,N1,-29.141,3.879,-64.329,8.749,8.0,N,Cc1cc(on1)C(=O)Nc2ccn(n2)C
NUDT5,5qjd,K0M,304,1,C,1425,N3,-28.814,1.491,-64.855,8.749,13.0,N,Cc1cc(on1)C(=O)Nc2ccn(n2)C
NUDT5,5qjd,K0M,304,1,C,1426,C4,-27.796,4.285,-64.462,4.831,6.0,C,Cc1cc(on1)C(=O)Nc2ccn(n2)C
NUDT5,5qjd,K0M,304,1,C,1427,C5,-29.644,2.565,-64.551,4.831,9.0,C,Cc1cc(on1)C(=O)Nc2ccn(n2)C
NUDT5,5qjd,K0M,304,1,C,1428,C6,-31.002,2.13,-64.449,35.021,10.0,C,Cc1cc(on1)C(=O)Nc2ccn(n2)C
NUDT5,5qjd,K0M,304,1,C,1429,C7,-30.985,0.757,-64.698,36.229,11.0,C,Cc1cc(on1)C(=O)Nc2ccn(n2)C
NUDT5,5qjd,K0M,304,1,C,1430,C8,-29.148,-0.935,-65.241,49.513,14.0,C,Cc1cc(on1)C(=O)Nc2ccn(n2)C
NUDT5,5qjd,K0M,304,1,C,1431,N,-26.138,7.404,-63.919,1.094,5.0,N,Cc1cc(on1)C(=O)Nc2ccn(n2)C
NUDT5,5qjd,K0M,304,1,C,1432,C,-27.611,9.229,-63.083,22.945,0.0,C,Cc1cc(on1)C(=O)Nc2ccn(n2)C
NUDT5,5qjd,K0M,304,1,C,1433,O,-26.253,6.131,-64.281,7.5,4.0,O,Cc1cc(on1)C(=O)Nc2ccn(n2)C
NUDT5,5qjd,K0M,304,1,C,1434,C1,-27.349,7.854,-63.543,3.623,1.0,C,Cc1cc(on1)C(=O)Nc2ccn(n2)C
NUDT5,5qjd,K0M,304,1,C,1435,C2,-28.309,6.775,-63.676,21.737,2.0,C,Cc1cc(on1)C(=O)Nc2ccn(n2)C
NUDT5,5qjd,K0M,304,1,C,1436,C3,-27.549,5.718,-64.141,2.415,3.0,C,Cc1cc(on1)C(=O)Nc2ccn(n2)C
NUDT5,5qjd,K0M,304,1,C,1437,N2,-29.66,0.412,-64.934,4.374,12.0,N,Cc1cc(on1)C(=O)Nc2ccn(n2)C
NUDT5,5qjd,K0M,304,1,C,1438,O1,-26.878,3.559,-64.818,12.858,7.0,O,Cc1cc(on1)C(=O)Nc2ccn(n2)C
NUDT5,5qje,K0P,303,1,D,1427,N1,-28.053,4.063,-64.935,8.749,8.0,N,CCn1cc(cn1)CNC(=O)c2cccnc2
NUDT5,5qje,K0P,303,1,D,1428,N3,-31.167,1.358,-63.46,25.153,6.0,N,CCn1cc(cn1)CNC(=O)c2cccnc2
NUDT5,5qje,K0P,303,1,D,1429,C4,-28.525,2.825,-65.59,15.699,7.0,C,CCn1cc(cn1)CNC(=O)c2cccnc2
NUDT5,5qje,K0P,303,1,D,1430,C5,-28.865,5.19,-64.79,1.208,9.0,C,CCn1cc(cn1)CNC(=O)c2cccnc2
NUDT5,5qje,K0P,303,1,D,1431,C6,-28.317,6.421,-64.137,3.623,11.0,C,CCn1cc(cn1)CNC(=O)c2cccnc2
NUDT5,5qje,K0P,303,1,D,1432,C7,-29.171,7.418,-63.605,12.076,12.0,C,CCn1cc(cn1)CNC(=O)c2cccnc2
NUDT5,5qje,K0P,303,1,D,1433,C8,-28.601,8.621,-63.161,8.453,13.0,C,CCn1cc(cn1)CNC(=O)c2cccnc2
NUDT5,5qje,K0P,303,1,D,1434,C10,-26.915,6.683,-64.153,15.699,16.0,C,CCn1cc(cn1)CNC(=O)c2cccnc2
NUDT5,5qje,K0P,303,1,D,1435,N,-30.077,0.575,-63.181,1.094,2.0,N,CCn1cc(cn1)CNC(=O)c2cccnc2
NUDT5,5qje,K0P,303,1,D,1436,C,-29.892,0.062,-60.765,37.436,0.0,C,CCn1cc(cn1)CNC(=O)c2cccnc2
NUDT5,5qje,K0P,303,1,D,1437,O,-30.028,5.189,-65.206,6.429,10.0,O,CCn1cc(cn1)CNC(=O)c2cccnc2
NUDT5,5qje,K0P,303,1,D,1438,C1,-30.125,-0.51,-62.176,4.831,1.0,C,CCn1cc(cn1)CNC(=O)c2cccnc2
NUDT5,5qje,K0P,303,1,D,1439,C11,-30.741,2.264,-64.383,22.945,5.0,C,CCn1cc(cn1)CNC(=O)c2cccnc2
NUDT5,5qje,K0P,303,1,D,1440,C2,-28.964,0.955,-63.91,27.775,3.0,C,CCn1cc(cn1)CNC(=O)c2cccnc2
NUDT5,5qje,K0P,303,1,D,1441,C3,-29.363,2.039,-64.675,2.415,4.0,C,CCn1cc(cn1)CNC(=O)c2cccnc2
NUDT5,5qje,K0P,303,1,D,1442,C9,-27.217,8.79,-63.246,18.114,14.0,C,CCn1cc(cn1)CNC(=O)c2cccnc2
NUDT5,5qje,K0P,303,1,D,1443,N2,-26.372,7.843,-63.718,19.685,15.0,N,CCn1cc(cn1)CNC(=O)c2cccnc2
NUDT5,5qjg,K0V,304,1,A,1462,N1,2.129,5.625,4.046,4.374,4.0,N,CC(C)(C)NC(=O)N1CCC(CC1)C(=O)OC
NUDT5,5qjg,K0V,304,1,A,1463,C4,-0.097,4.097,5.395,26.568,8.0,C,CC(C)(C)NC(=O)N1CCC(CC1)C(=O)OC
NUDT5,5qjg,K0V,304,1,A,1464,C5,-1.587,5.081,3.604,25.36,12.0,C,CC(C)(C)NC(=O)N1CCC(CC1)C(=O)OC
NUDT5,5qjg,K0V,304,1,A,1465,C6,-2.006,3.709,3.13,12.076,11.0,C,CC(C)(C)NC(=O)N1CCC(CC1)C(=O)OC
NUDT5,5qjg,K0V,304,1,A,1466,C7,0.814,5.855,3.632,3.623,5.0,C,CC(C)(C)NC(=O)N1CCC(CC1)C(=O)OC
NUDT5,5qjg,K0V,304,1,A,1468,C10,3.07,7.902,3.906,50.72,0.0,C,CC(C)(C)NC(=O)N1CCC(CC1)C(=O)OC
NUDT5,5qjg,K0V,304,1,A,1469,N,-0.239,5.043,4.249,2.187,7.0,N,CC(C)(C)NC(=O)N1CCC(CC1)C(=O)OC
NUDT5,5qjg,K0V,304,1,A,1470,C,-4.305,0.364,2.608,19.322,16.0,C,CC(C)(C)NC(=O)N1CCC(CC1)C(=O)OC
NUDT5,5qjg,K0V,304,1,A,1471,O,-3.601,1.517,3.081,7.5,15.0,O,CC(C)(C)NC(=O)N1CCC(CC1)C(=O)OC
NUDT5,5qjg,K0V,304,1,A,1472,C1,-2.627,1.448,4.042,2.415,13.0,C,CC(C)(C)NC(=O)N1CCC(CC1)C(=O)OC
NUDT5,5qjg,K0V,304,1,A,1473,C11,3.448,6.233,1.999,36.229,2.0,C,CC(C)(C)NC(=O)N1CCC(CC1)C(=O)OC
NUDT5,5qjg,K0V,304,1,A,1474,C2,-2.043,2.814,4.365,8.453,10.0,C,CC(C)(C)NC(=O)N1CCC(CC1)C(=O)OC
NUDT5,5qjg,K0V,304,1,A,1475,C3,-0.676,2.684,5.078,7.246,9.0,C,CC(C)(C)NC(=O)N1CCC(CC1)C(=O)OC
NUDT5,5qjg,K0V,304,1,A,1476,C9,4.565,5.858,4.264,14.492,3.0,C,CC(C)(C)NC(=O)N1CCC(CC1)C(=O)OC
NUDT5,5qjg,K0V,304,1,A,1477,O1,-2.312,0.437,4.59,3.214,14.0,O,CC(C)(C)NC(=O)N1CCC(CC1)C(=O)OC
NUDT5,5qjg,K0V,304,1,A,1478,O2,0.514,6.685,2.765,24.644,6.0,O,CC(C)(C)NC(=O)N1CCC(CC1)C(=O)OC
NUDT5,5qjg,K0V,305,1,A,1479,N1,-21.031,-16.28,-6.954,6.562,4.0,N,CC(C)(C)NC(=O)N1CCC(CC1)C(=O)OC
NUDT5,5qjg,K0V,305,1,A,1480,C4,-17.297,-16.039,-6.43,13.284,8.0,C,CC(C)(C)NC(=O)N1CCC(CC1)C(=O)OC
NUDT5,5qjg,K0V,305,1,A,1481,C5,-19.051,-16.448,-4.707,19.322,12.0,C,CC(C)(C)NC(=O)N1CCC(CC1)C(=O)OC
NUDT5,5qjg,K0V,305,1,A,1482,C6,-18.586,-15.23,-3.89,21.737,11.0,C,CC(C)(C)NC(=O)N1CCC(CC1)C(=O)OC
NUDT5,5qjg,K0V,305,1,A,1483,C7,-19.682,-16.278,-7.269,4.831,5.0,C,CC(C)(C)NC(=O)N1CCC(CC1)C(=O)OC
NUDT5,5qjg,K0V,305,1,A,1485,C10,-23.373,-17.112,-7.068,39.852,0.0,C,CC(C)(C)NC(=O)N1CCC(CC1)C(=O)OC
NUDT5,5qjg,K0V,305,1,A,1486,N,-18.726,-16.273,-6.152,1.094,7.0,N,CC(C)(C)NC(=O)N1CCC(CC1)C(=O)OC
NUDT5,5qjg,K0V,305,1,A,1487,C,-14.843,-12.106,-3.347,25.36,16.0,C,CC(C)(C)NC(=O)N1CCC(CC1)C(=O)OC
NUDT5,5qjg,K0V,305,1,A,1488,O,-15.472,-13.203,-3.969,2.143,15.0,O,CC(C)(C)NC(=O)N1CCC(CC1)C(=O)OC
NUDT5,5qjg,K0V,305,1,A,1489,C1,-16.559,-13.808,-3.395,2.415,13.0,C,CC(C)(C)NC(=O)N1CCC(CC1)C(=O)OC
NUDT5,5qjg,K0V,305,1,A,1490,C11,-21.57,-18.279,-8.375,31.398,2.0,C,CC(C)(C)NC(=O)N1CCC(CC1)C(=O)OC
NUDT5,5qjg,K0V,305,1,A,1492,C3,-16.774,-14.819,-5.711,20.53,9.0,C,CC(C)(C)NC(=O)N1CCC(CC1)C(=O)OC
NUDT5,5qjg,K0V,305,1,A,1493,C9,-22.297,-15.868,-8.96,15.699,3.0,C,CC(C)(C)NC(=O)N1CCC(CC1)C(=O)OC
NUDT5,5qjg,K0V,305,1,A,1494,O1,-17.023,-13.416,-2.339,25.715,14.0,O,CC(C)(C)NC(=O)N1CCC(CC1)C(=O)OC
NUDT5,5qjg,K0V,305,1,A,1495,O2,-19.286,-16.28,-8.443,23.572,6.0,O,CC(C)(C)NC(=O)N1CCC(CC1)C(=O)OC
NUDT5,5qjg,K0V,304,1,C,1439,N1,-28.844,0.804,-63.277,4.374,4.0,N,CC(C)(C)NC(=O)N1CCC(CC1)C(=O)OC
NUDT5,5qjg,K0V,304,1,C,1440,C4,-30.083,4.361,-64.152,27.775,8.0,C,CC(C)(C)NC(=O)N1CCC(CC1)C(=O)OC
NUDT5,5qjg,K0V,304,1,C,1441,C5,-27.993,3.227,-64.954,25.36,12.0,C,CC(C)(C)NC(=O)N1CCC(CC1)C(=O)OC
NUDT5,5qjg,K0V,304,1,C,1442,C6,-27.149,4.4,-64.395,6.038,11.0,C,CC(C)(C)NC(=O)N1CCC(CC1)C(=O)OC
NUDT5,5qjg,K0V,304,1,C,1443,C7,-29.702,1.934,-63.396,3.623,5.0,C,CC(C)(C)NC(=O)N1CCC(CC1)C(=O)OC
NUDT5,5qjg,K0V,304,1,C,1445,C10,-29.318,-0.263,-61.072,33.814,0.0,C,CC(C)(C)NC(=O)N1CCC(CC1)C(=O)OC
NUDT5,5qjg,K0V,304,1,C,1446,N,-29.333,3.062,-64.311,3.281,7.0,N,CC(C)(C)NC(=O)N1CCC(CC1)C(=O)OC
NUDT5,5qjg,K0V,304,1,C,1447,C,-27.211,9.186,-63.065,16.907,16.0,C,CC(C)(C)NC(=O)N1CCC(CC1)C(=O)OC
NUDT5,5qjg,K0V,304,1,C,1448,O,-27.849,7.993,-63.509,10.715,15.0,O,CC(C)(C)NC(=O)N1CCC(CC1)C(=O)OC
NUDT5,5qjg,K0V,304,1,C,1449,C1,-27.121,6.905,-63.905,4.831,13.0,C,CC(C)(C)NC(=O)N1CCC(CC1)C(=O)OC
NUDT5,5qjg,K0V,304,1,C,1450,C11,-28.222,-1.599,-62.932,19.322,2.0,C,CC(C)(C)NC(=O)N1CCC(CC1)C(=O)OC
NUDT5,5qjg,K0V,304,1,C,1451,C2,-27.989,5.708,-64.368,10.869,10.0,C,CC(C)(C)NC(=O)N1CCC(CC1)C(=O)OC
NUDT5,5qjg,K0V,304,1,C,1452,C3,-29.262,5.516,-63.527,15.699,9.0,C,CC(C)(C)NC(=O)N1CCC(CC1)C(=O)OC
NUDT5,5qjg,K0V,304,1,C,1453,C9,-30.647,-0.911,-63.11,47.098,3.0,C,CC(C)(C)NC(=O)N1CCC(CC1)C(=O)OC
NUDT5,5qjg,K0V,304,1,C,1454,O1,-25.9,6.937,-63.917,2.143,14.0,O,CC(C)(C)NC(=O)N1CCC(CC1)C(=O)OC
NUDT5,5qjg,K0V,304,1,C,1455,O2,-30.752,1.996,-62.751,23.572,6.0,O,CC(C)(C)NC(=O)N1CCC(CC1)C(=O)OC
NUDT5,5qjg,K0V,303,1,D,1436,N1,-22.725,33.372,-56.538,3.281,4.0,N,CC(C)(C)NC(=O)N1CCC(CC1)C(=O)OC
NUDT5,5qjg,K0V,303,1,D,1437,C4,-21.466,29.864,-55.562,26.568,8.0,C,CC(C)(C)NC(=O)N1CCC(CC1)C(=O)OC
NUDT5,5qjg,K0V,303,1,D,1438,C5,-21.135,31.072,-57.738,26.568,12.0,C,CC(C)(C)NC(=O)N1CCC(CC1)C(=O)OC
NUDT5,5qjg,K0V,303,1,D,1439,C6,-21.794,29.894,-58.466,6.038,11.0,C,CC(C)(C)NC(=O)N1CCC(CC1)C(=O)OC
NUDT5,5qjg,K0V,303,1,D,1440,C7,-22.442,32.233,-55.749,2.415,5.0,C,CC(C)(C)NC(=O)N1CCC(CC1)C(=O)OC
NUDT5,5qjg,K0V,303,1,D,1442,C10,-24.628,34.363,-55.259,36.229,0.0,C,CC(C)(C)NC(=O)N1CCC(CC1)C(=O)OC
NUDT5,5qjg,K0V,303,1,D,1443,N,-21.56,31.165,-56.304,2.187,7.0,N,CC(C)(C)NC(=O)N1CCC(CC1)C(=O)OC
NUDT5,5qjg,K0V,303,1,D,1444,C,-22.746,25.083,-58.361,19.322,16.0,C,CC(C)(C)NC(=O)N1CCC(CC1)C(=O)OC
NUDT5,5qjg,K0V,303,1,D,1445,O,-22.311,26.296,-57.74,10.715,15.0,O,CC(C)(C)NC(=O)N1CCC(CC1)C(=O)OC
NUDT5,5qjg,K0V,303,1,D,1446,C1,-21.99,27.38,-58.499,3.623,13.0,C,CC(C)(C)NC(=O)N1CCC(CC1)C(=O)OC
NUDT5,5qjg,K0V,303,1,D,1447,C11,-23.523,35.705,-57.066,12.076,2.0,C,CC(C)(C)NC(=O)N1CCC(CC1)C(=O)OC
NUDT5,5qjg,K0V,303,1,D,1448,C2,-21.536,28.599,-57.69,8.453,10.0,C,CC(C)(C)NC(=O)N1CCC(CC1)C(=O)OC
NUDT5,5qjg,K0V,303,1,D,1449,C3,-22.142,28.689,-56.286,13.284,9.0,C,CC(C)(C)NC(=O)N1CCC(CC1)C(=O)OC
NUDT5,5qjg,K0V,303,1,D,1450,C9,-22.193,35.193,-55.013,48.305,3.0,C,CC(C)(C)NC(=O)N1CCC(CC1)C(=O)OC
NUDT5,5qjg,K0V,303,1,D,1451,O1,-22.054,27.317,-59.72,4.286,14.0,O,CC(C)(C)NC(=O)N1CCC(CC1)C(=O)OC
NUDT5,5qjg,K0V,303,1,D,1452,O2,-22.891,32.099,-54.601,21.429,6.0,O,CC(C)(C)NC(=O)N1CCC(CC1)C(=O)OC
NUDT5,5qjh,K0Y,304,1,A,1458,N1,-16.308,-14.205,-5.038,12.029,4.0,N,Cc1cc(no1)C(=O)NCC(=O)OC
NUDT5,5qjh,K0Y,304,1,A,1459,C4,-16.857,-13.956,-3.837,3.623,3.0,C,Cc1cc(no1)C(=O)NCC(=O)OC
NUDT5,5qjh,K0Y,304,1,A,1460,C5,-16.094,-12.942,-3.158,15.699,2.0,C,Cc1cc(no1)C(=O)NCC(=O)OC
NUDT5,5qjh,K0Y,304,1,A,1461,C6,-15.1,-12.636,-4.032,4.831,1.0,C,Cc1cc(no1)C(=O)NCC(=O)OC
NUDT5,5qjh,K0Y,304,1,A,1462,C7,-13.964,-11.714,-3.983,20.53,0.0,C,Cc1cc(no1)C(=O)NCC(=O)OC
NUDT5,5qjh,K0Y,304,1,A,1463,N,-18.729,-15.512,-4.125,6.562,8.0,N,Cc1cc(no1)C(=O)NCC(=O)OC
NUDT5,5qjh,K0Y,304,1,A,1464,C,-20.532,-19.975,-3.325,60.381,13.0,C,Cc1cc(no1)C(=O)NCC(=O)OC
NUDT5,5qjh,K0Y,304,1,A,1465,O,-20.077,-18.653,-2.984,12.858,12.0,O,Cc1cc(no1)C(=O)NCC(=O)OC
NUDT5,5qjh,K0Y,304,1,A,1466,C1,-19.832,-17.703,-3.962,2.415,10.0,C,Cc1cc(no1)C(=O)NCC(=O)OC
NUDT5,5qjh,K0Y,304,1,A,1467,C2,-19.948,-16.223,-3.652,27.775,9.0,C,Cc1cc(no1)C(=O)NCC(=O)OC
NUDT5,5qjh,K0Y,304,1,A,1468,C3,-18.049,-14.611,-3.301,2.415,6.0,C,Cc1cc(no1)C(=O)NCC(=O)OC
NUDT5,5qjh,K0Y,304,1,A,1469,O1,-19.519,-18.128,-5.064,24.644,11.0,O,Cc1cc(no1)C(=O)NCC(=O)OC
NUDT5,5qjh,K0Y,304,1,A,1470,O2,-18.395,-14.352,-2.17,27.858,7.0,O,Cc1cc(no1)C(=O)NCC(=O)OC
NUDT5,5qjh,K0Y,304,1,A,1471,O3,-15.238,-13.401,-5.167,8.572,5.0,O,Cc1cc(no1)C(=O)NCC(=O)OC
NUDT5,5qji,K1A,304,1,B,1472,C4,-16.492,-13.251,-3.545,2.415,1.0,C,Cc1c(c(on1)C)CN2C(=O)SC(=N2)C
NUDT5,5qji,K1A,304,1,B,1473,C5,-15.336,-12.323,-3.665,8.453,0.0,C,Cc1c(c(on1)C)CN2C(=O)SC(=N2)C
NUDT5,5qji,K1A,304,1,B,1474,C6,-18.116,-14.751,-3.941,1.208,3.0,C,Cc1c(c(on1)C)CN2C(=O)SC(=N2)C
NUDT5,5qji,K1A,304,1,B,1475,C7,-19.101,-15.764,-4.365,33.814,6.0,C,Cc1c(c(on1)C)CN2C(=O)SC(=N2)C
NUDT5,5qji,K1A,304,1,B,1476,C8,-14.331,-15.496,-5.73,7.246,9.0,C,Cc1c(c(on1)C)CN2C(=O)SC(=N2)C
NUDT5,5qji,K1A,304,1,B,1477,N,-16.339,-16.717,-6.207,7.655,13.0,N,Cc1c(c(on1)C)CN2C(=O)SC(=N2)C
NUDT5,5qji,K1A,304,1,B,1478,C,-15.88,-19.099,-6.498,65.212,14.0,C,Cc1c(c(on1)C)CN2C(=O)SC(=N2)C
NUDT5,5qji,K1A,304,1,B,1479,O,-18.199,-14.281,-2.653,9.643,4.0,O,Cc1c(c(on1)C)CN2C(=O)SC(=N2)C
NUDT5,5qji,K1A,304,1,B,1480,C1,-15.494,-17.693,-6.249,6.038,12.0,C,Cc1c(c(on1)C)CN2C(=O)SC(=N2)C
NUDT5,5qji,K1A,304,1,B,1481,C2,-16.56,-14.322,-5.898,9.661,7.0,C,Cc1c(c(on1)C)CN2C(=O)SC(=N2)C
NUDT5,5qji,K1A,304,1,B,1483,N2,-17.222,-13.391,-2.421,1.094,5.0,N,Cc1c(c(on1)C)CN2C(=O)SC(=N2)C
NUDT5,5qji,K1A,304,1,B,1484,O1,-13.655,-14.488,-5.46,33.215,10.0,O,Cc1c(c(on1)C)CN2C(=O)SC(=N2)C
NUDT5,5qji,K1A,304,1,B,1485,S,-13.827,-17.232,-5.958,50.185,11.0,S,Cc1c(c(on1)C)CN2C(=O)SC(=N2)C
NUDT5,5qji,K1A,303,1,D,1403,N1,-22.065,28.183,-55.17,3.281,8.0,N,Cc1c(c(on1)C)CN2C(=O)SC(=N2)C
NUDT5,5qji,K1A,303,1,D,1404,C4,-23.177,26.954,-58.238,1.208,1.0,C,Cc1c(c(on1)C)CN2C(=O)SC(=N2)C
NUDT5,5qji,K1A,303,1,D,1405,C5,-23.765,25.625,-57.943,8.453,0.0,C,Cc1c(c(on1)C)CN2C(=O)SC(=N2)C
NUDT5,5qji,K1A,303,1,D,1406,C6,-22.409,29.074,-58.147,1.208,3.0,C,Cc1c(c(on1)C)CN2C(=O)SC(=N2)C
NUDT5,5qji,K1A,303,1,D,1407,C7,-21.973,30.455,-57.936,33.814,6.0,C,Cc1c(c(on1)C)CN2C(=O)SC(=N2)C
NUDT5,5qji,K1A,303,1,D,1408,C8,-21.316,27.018,-54.881,6.038,9.0,C,Cc1c(c(on1)C)CN2C(=O)SC(=N2)C
NUDT5,5qji,K1A,303,1,D,1409,N,-21.544,29.407,-54.84,9.842,13.0,N,Cc1c(c(on1)C)CN2C(=O)SC(=N2)C
NUDT5,5qji,K1A,303,1,D,1410,C,-19.51,30.398,-53.851,64.004,14.0,C,Cc1c(c(on1)C)CN2C(=O)SC(=N2)C
NUDT5,5qji,K1A,303,1,D,1411,O,-22.27,28.589,-59.414,2.143,4.0,O,Cc1c(c(on1)C)CN2C(=O)SC(=N2)C
NUDT5,5qji,K1A,303,1,D,1412,C1,-20.35,29.269,-54.304,4.831,12.0,C,Cc1c(c(on1)C)CN2C(=O)SC(=N2)C
NUDT5,5qji,K1A,303,1,D,1413,C2,-23.313,28.133,-55.915,9.661,7.0,C,Cc1c(c(on1)C)CN2C(=O)SC(=N2)C
NUDT5,5qji,K1A,303,1,D,1415,N2,-22.735,27.311,-59.46,2.187,5.0,N,Cc1c(c(on1)C)CN2C(=O)SC(=N2)C
NUDT5,5qji,K1A,303,1,D,1416,O1,-21.699,25.868,-55.077,35.358,10.0,O,Cc1c(c(on1)C)CN2C(=O)SC(=N2)C
NUDT5,5qji,K1A,303,1,D,1417,S,-19.78,27.608,-54.153,48.898,11.0,S,Cc1c(c(on1)C)CN2C(=O)SC(=N2)C
NUDT5,5qjj,6SU,303,1,D,1437,O3,-22.064,34.764,-55.939,37.501,13.0,O,COC(=O)c1cccc(c1)NS(=O)(=O)C
NUDT5,5qjj,6SU,303,1,D,1438,C4,-22.327,29.831,-55.062,28.983,6.0,C,COC(=O)c1cccc(c1)NS(=O)(=O)C
NUDT5,5qjj,6SU,303,1,D,1439,C5,-22.168,31.135,-55.561,19.322,7.0,C,COC(=O)c1cccc(c1)NS(=O)(=O)C
NUDT5,5qjj,6SU,303,1,D,1440,C6,-22.068,31.348,-56.979,3.623,8.0,C,COC(=O)c1cccc(c1)NS(=O)(=O)C
NUDT5,5qjj,6SU,303,1,D,1441,C7,-22.142,30.212,-57.878,10.869,9.0,C,COC(=O)c1cccc(c1)NS(=O)(=O)C
NUDT5,5qjj,6SU,303,1,D,1442,C8,-22.246,35.067,-58.472,20.53,14.0,C,COC(=O)c1cccc(c1)NS(=O)(=O)C
NUDT5,5qjj,6SU,303,1,D,1444,O2,-24.059,34.035,-57.062,15.0,12.0,O,COC(=O)c1cccc(c1)NS(=O)(=O)C
NUDT5,5qjj,6SU,303,1,D,1445,N,-21.865,32.698,-57.495,10.936,10.0,N,COC(=O)c1cccc(c1)NS(=O)(=O)C
NUDT5,5qjj,6SU,303,1,D,1446,C3,-22.401,28.722,-55.929,21.737,5.0,C,COC(=O)c1cccc(c1)NS(=O)(=O)C
NUDT5,5qjj,6SU,303,1,D,1447,C2,-22.32,28.917,-57.334,3.623,4.0,C,COC(=O)c1cccc(c1)NS(=O)(=O)C
NUDT5,5qjj,6SU,303,1,D,1448,C1,-22.509,27.711,-58.226,6.038,2.0,C,COC(=O)c1cccc(c1)NS(=O)(=O)C
NUDT5,5qjj,6SU,303,1,D,1449,O1,-22.361,27.722,-59.437,6.429,3.0,O,COC(=O)c1cccc(c1)NS(=O)(=O)C
NUDT5,5qjj,6SU,303,1,D,1450,O,-22.886,26.49,-57.661,9.643,1.0,O,COC(=O)c1cccc(c1)NS(=O)(=O)C
NUDT5,5qjj,6SU,303,1,D,1451,C,-23.105,25.304,-58.412,19.322,0.0,C,COC(=O)c1cccc(c1)NS(=O)(=O)C
NUDT5,5qjj,6SU,304,1,C,1421,O3,-28.184,1.242,-63.219,8.572,13.0,O,COC(=O)c1cccc(c1)NS(=O)(=O)C
NUDT5,5qjj,6SU,304,1,C,1422,C4,-31.372,5.757,-63.376,32.606,6.0,C,COC(=O)c1cccc(c1)NS(=O)(=O)C
NUDT5,5qjj,6SU,304,1,C,1423,C5,-31.309,4.393,-63.671,24.153,7.0,C,COC(=O)c1cccc(c1)NS(=O)(=O)C
NUDT5,5qjj,6SU,304,1,C,1424,C6,-30.066,3.803,-64.022,3.623,8.0,C,COC(=O)c1cccc(c1)NS(=O)(=O)C
NUDT5,5qjj,6SU,304,1,C,1425,C7,-28.873,4.602,-64.052,9.661,9.0,C,COC(=O)c1cccc(c1)NS(=O)(=O)C
NUDT5,5qjj,6SU,304,1,C,1426,C8,-30.439,1.282,-62.026,37.436,14.0,C,COC(=O)c1cccc(c1)NS(=O)(=O)C
NUDT5,5qjj,6SU,304,1,C,1428,O2,-30.018,-0.127,-64.043,38.573,12.0,O,COC(=O)c1cccc(c1)NS(=O)(=O)C
NUDT5,5qjj,6SU,304,1,C,1429,N,-30.067,2.415,-64.391,17.497,10.0,N,COC(=O)c1cccc(c1)NS(=O)(=O)C
NUDT5,5qjj,6SU,304,1,C,1430,C3,-30.218,6.575,-63.42,14.492,5.0,C,COC(=O)c1cccc(c1)NS(=O)(=O)C
NUDT5,5qjj,6SU,304,1,C,1431,C2,-28.95,6.005,-63.747,3.623,4.0,C,COC(=O)c1cccc(c1)NS(=O)(=O)C
NUDT5,5qjj,6SU,304,1,C,1432,C1,-27.651,6.837,-63.794,4.831,2.0,C,COC(=O)c1cccc(c1)NS(=O)(=O)C
NUDT5,5qjj,6SU,304,1,C,1433,O1,-26.624,6.383,-64.279,13.929,3.0,O,COC(=O)c1cccc(c1)NS(=O)(=O)C
NUDT5,5qjj,6SU,304,1,C,1434,O,-27.394,8.136,-63.31,3.214,1.0,O,COC(=O)c1cccc(c1)NS(=O)(=O)C
NUDT5,5qjj,6SU,304,1,C,1435,C,-28.286,8.976,-62.605,21.737,0.0,C,COC(=O)c1cccc(c1)NS(=O)(=O)C
NUDT5,5qjk,K1D,304,1,A,1462,N1,-1.955,2.785,4.427,10.936,6.0,N,c1[nH]c2c(n1)c(ncn2)N3CCC3
NUDT5,5qjk,K1D,304,1,A,1463,N3,-4.244,-0.25,2.939,2.187,1.0,N,c1[nH]c2c(n1)c(ncn2)N3CCC3
NUDT5,5qjk,K1D,304,1,A,1464,C4,-1.815,1.498,4.903,18.114,7.0,C,c1[nH]c2c(n1)c(ncn2)N3CCC3
NUDT5,5qjk,K1D,304,1,A,1465,C5,-3.423,0.643,3.568,3.623,2.0,C,c1[nH]c2c(n1)c(ncn2)N3CCC3
NUDT5,5qjk,K1D,304,1,A,1466,C6,-4.932,0.465,2.038,14.492,0.0,C,c1[nH]c2c(n1)c(ncn2)N3CCC3
NUDT5,5qjk,K1D,304,1,A,1467,C7,-3.631,1.943,3.016,4.831,3.0,C,c1[nH]c2c(n1)c(ncn2)N3CCC3
NUDT5,5qjk,K1D,304,1,A,1468,N,-3.099,4.3,2.955,1.094,9.0,N,c1[nH]c2c(n1)c(ncn2)N3CCC3
NUDT5,5qjk,K1D,304,1,A,1469,C,-3.295,6.284,2.225,43.475,11.0,C,c1[nH]c2c(n1)c(ncn2)N3CCC3
NUDT5,5qjk,K1D,304,1,A,1470,C1,-4.211,4.992,2.176,36.229,10.0,C,c1[nH]c2c(n1)c(ncn2)N3CCC3
NUDT5,5qjk,K1D,304,1,A,1471,C2,-2.247,5.535,3.115,32.606,12.0,C,c1[nH]c2c(n1)c(ncn2)N3CCC3
NUDT5,5qjk,K1D,304,1,A,1472,C3,-2.875,3.016,3.488,4.831,5.0,C,c1[nH]c2c(n1)c(ncn2)N3CCC3
NUDT5,5qjk,K1D,304,1,A,1474,N4,-4.579,1.816,2.048,10.936,4.0,N,c1[nH]c2c(n1)c(ncn2)N3CCC3
NUDT5,5qjk,K1D,304,1,C,1426,N1,-28.308,5.089,-64.422,12.029,6.0,N,c1[nH]c2c(n1)c(ncn2)N3CCC3
NUDT5,5qjk,K1D,304,1,C,1427,N3,-27.118,8.884,-63.215,2.187,1.0,N,c1[nH]c2c(n1)c(ncn2)N3CCC3
NUDT5,5qjk,K1D,304,1,C,1428,C4,-26.976,5.512,-64.515,15.699,7.0,C,c1[nH]c2c(n1)c(ncn2)N3CCC3
NUDT5,5qjk,K1D,304,1,C,1429,C5,-27.338,7.585,-63.672,3.623,2.0,C,c1[nH]c2c(n1)c(ncn2)N3CCC3
NUDT5,5qjk,K1D,304,1,C,1430,C6,-28.335,9.294,-62.81,15.699,0.0,C,c1[nH]c2c(n1)c(ncn2)N3CCC3
NUDT5,5qjk,K1D,304,1,C,1431,C7,-28.725,7.24,-63.522,2.415,3.0,C,c1[nH]c2c(n1)c(ncn2)N3CCC3
NUDT5,5qjk,K1D,304,1,C,1433,C,-32.515,5.025,-63.804,45.89,11.0,C,c1[nH]c2c(n1)c(ncn2)N3CCC3
NUDT5,5qjk,K1D,304,1,C,1434,C1,-31.786,6.404,-63.738,33.814,10.0,C,c1[nH]c2c(n1)c(ncn2)N3CCC3
NUDT5,5qjk,K1D,304,1,C,1435,C2,-31.144,4.354,-64.081,31.398,12.0,C,c1[nH]c2c(n1)c(ncn2)N3CCC3
NUDT5,5qjk,K1D,304,1,C,1436,C3,-29.183,5.978,-63.901,2.415,5.0,C,c1[nH]c2c(n1)c(ncn2)N3CCC3
NUDT5,5qjk,K1D,304,1,C,1438,N4,-29.309,8.317,-62.972,13.123,4.0,N,c1[nH]c2c(n1)c(ncn2)N3CCC3
NUDT5,5qjk,K1D,304,1,B,1471,N1,-17.725,-15.051,-4.227,10.936,6.0,N,c1[nH]c2c(n1)c(ncn2)N3CCC3
NUDT5,5qjk,K1D,304,1,B,1472,N3,-15.441,-11.819,-2.841,2.187,1.0,N,c1[nH]c2c(n1)c(ncn2)N3CCC3
NUDT5,5qjk,K1D,304,1,B,1473,C4,-18.01,-14.433,-3.037,15.699,7.0,C,c1[nH]c2c(n1)c(ncn2)N3CCC3
NUDT5,5qjk,K1D,304,1,B,1474,C5,-16.284,-12.924,-3.144,2.415,2.0,C,c1[nH]c2c(n1)c(ncn2)N3CCC3
NUDT5,5qjk,K1D,304,1,B,1475,C6,-14.627,-11.719,-3.875,14.492,0.0,C,c1[nH]c2c(n1)c(ncn2)N3CCC3
NUDT5,5qjk,K1D,304,1,B,1476,C7,-15.917,-13.47,-4.403,4.831,3.0,C,c1[nH]c2c(n1)c(ncn2)N3CCC3
NUDT5,5qjk,K1D,304,1,B,1477,N,-16.226,-15.197,-6.065,4.374,9.0,N,c1[nH]c2c(n1)c(ncn2)N3CCC3
NUDT5,5qjk,K1D,304,1,B,1478,C,-15.849,-16.001,-7.942,45.89,11.0,C,c1[nH]c2c(n1)c(ncn2)N3CCC3
NUDT5,5qjk,K1D,304,1,B,1479,C1,-15.303,-14.779,-7.147,31.398,10.0,C,c1[nH]c2c(n1)c(ncn2)N3CCC3
NUDT5,5qjk,K1D,304,1,B,1480,C2,-17.037,-16.149,-6.924,33.814,12.0,C,c1[nH]c2c(n1)c(ncn2)N3CCC3
NUDT5,5qjk,K1D,304,1,B,1481,C3,-16.662,-14.564,-4.915,2.415,5.0,C,c1[nH]c2c(n1)c(ncn2)N3CCC3
NUDT5,5qjk,K1D,304,1,B,1483,N4,-14.877,-12.678,-4.836,9.842,4.0,N,c1[nH]c2c(n1)c(ncn2)N3CCC3
NUDT5,5qjk,K1D,303,1,D,1426,N1,-22.17,28.847,-57.963,10.936,6.0,N,c1[nH]c2c(n1)c(ncn2)N3CCC3
NUDT5,5qjk,K1D,303,1,D,1427,N3,-23.267,25.066,-59.257,2.187,1.0,N,c1[nH]c2c(n1)c(ncn2)N3CCC3
NUDT5,5qjk,K1D,303,1,D,1428,C4,-22.199,28.5,-59.293,18.114,7.0,C,c1[nH]c2c(n1)c(ncn2)N3CCC3
NUDT5,5qjk,K1D,303,1,D,1429,C5,-22.844,26.375,-58.992,2.415,2.0,C,c1[nH]c2c(n1)c(ncn2)N3CCC3
NUDT5,5qjk,K1D,303,1,D,1430,C6,-23.517,24.564,-58.054,10.869,0.0,C,c1[nH]c2c(n1)c(ncn2)N3CCC3
NUDT5,5qjk,K1D,303,1,D,1431,C7,-22.856,26.618,-57.599,1.208,3.0,C,c1[nH]c2c(n1)c(ncn2)N3CCC3
NUDT5,5qjk,K1D,303,1,D,1433,C,-22.04,28.641,-53.754,45.89,11.0,C,c1[nH]c2c(n1)c(ncn2)N3CCC3
NUDT5,5qjk,K1D,303,1,D,1434,C1,-22.211,27.309,-54.552,32.606,10.0,C,c1[nH]c2c(n1)c(ncn2)N3CCC3
NUDT5,5qjk,K1D,303,1,D,1435,C2,-22.053,29.403,-55.107,32.606,12.0,C,c1[nH]c2c(n1)c(ncn2)N3CCC3
NUDT5,5qjk,K1D,303,1,D,1436,C3,-22.51,27.89,-57.092,1.208,5.0,C,c1[nH]c2c(n1)c(ncn2)N3CCC3
NUDT5,5qjk,K1D,303,1,D,1438,N4,-23.289,25.465,-57.048,10.936,4.0,N,c1[nH]c2c(n1)c(ncn2)N3CCC3
NUDT5,5qjl,JJM,304,1,C,1440,C10,-28.299,6.045,-63.624,3.623,9.0,C,Cc1cccc(c1)Nc2c3cnn(c3ncn2)C
NUDT5,5qjl,JJM,304,1,C,1441,N12,-26.429,7.383,-63.747,1.094,11.0,N,Cc1cccc(c1)Nc2c3cnn(c3ncn2)C
NUDT5,5qjl,JJM,304,1,C,1442,C01,-33.369,1.36,-63.879,66.42,0.0,C,Cc1cccc(c1)Nc2c3cnn(c3ncn2)C
NUDT5,5qjl,JJM,304,1,C,1443,C02,-31.866,1.316,-63.877,7.246,1.0,C,Cc1cccc(c1)Nc2c3cnn(c3ncn2)C
NUDT5,5qjl,JJM,304,1,C,1444,C03,-31.189,0.085,-63.912,31.398,2.0,C,Cc1cccc(c1)Nc2c3cnn(c3ncn2)C
NUDT5,5qjl,JJM,304,1,C,1445,C04,-29.802,0.08,-63.961,25.36,3.0,C,Cc1cccc(c1)Nc2c3cnn(c3ncn2)C
NUDT5,5qjl,JJM,304,1,C,1446,C05,-29.072,1.281,-63.957,16.907,4.0,C,Cc1cccc(c1)Nc2c3cnn(c3ncn2)C
NUDT5,5qjl,JJM,304,1,C,1447,C06,-29.74,2.51,-63.871,4.831,5.0,C,Cc1cccc(c1)Nc2c3cnn(c3ncn2)C
NUDT5,5qjl,JJM,304,1,C,1448,C07,-31.147,2.53,-63.861,12.076,6.0,C,Cc1cccc(c1)Nc2c3cnn(c3ncn2)C
NUDT5,5qjl,JJM,304,1,C,1449,N08,-28.989,3.735,-63.804,6.562,7.0,N,Cc1cccc(c1)Nc2c3cnn(c3ncn2)C
NUDT5,5qjl,JJM,304,1,C,1450,C09,-29.34,5.064,-63.573,4.831,8.0,C,Cc1cccc(c1)Nc2c3cnn(c3ncn2)C
NUDT5,5qjl,JJM,304,1,C,1451,C11,-26.914,6.141,-64.028,16.907,10.0,C,Cc1cccc(c1)Nc2c3cnn(c3ncn2)C
NUDT5,5qjl,JJM,304,1,C,1452,N13,-27.484,8.076,-63.191,3.281,12.0,N,Cc1cccc(c1)Nc2c3cnn(c3ncn2)C
NUDT5,5qjl,JJM,304,1,C,1453,C14,-28.619,7.318,-63.104,4.831,13.0,C,Cc1cccc(c1)Nc2c3cnn(c3ncn2)C
NUDT5,5qjl,JJM,304,1,C,1454,N15,-29.813,7.696,-62.58,12.029,14.0,N,Cc1cccc(c1)Nc2c3cnn(c3ncn2)C
NUDT5,5qjl,JJM,304,1,C,1455,C16,-30.718,6.686,-62.606,36.229,15.0,C,Cc1cccc(c1)Nc2c3cnn(c3ncn2)C
NUDT5,5qjl,JJM,304,1,C,1456,N17,-30.58,5.419,-63.069,7.655,16.0,N,Cc1cccc(c1)Nc2c3cnn(c3ncn2)C
NUDT5,5qjl,JJM,304,1,C,1457,C18,-27.386,9.429,-62.719,13.284,17.0,C,Cc1cccc(c1)Nc2c3cnn(c3ncn2)C
NUDT5,5qjl,JJM,304,1,B,1475,C10,-16.948,-14.386,-4.483,2.415,9.0,C,Cc1cccc(c1)Nc2c3cnn(c3ncn2)C
NUDT5,5qjl,JJM,304,1,B,1476,N12,-16.653,-13.185,-2.597,1.094,11.0,N,Cc1cccc(c1)Nc2c3cnn(c3ncn2)C
NUDT5,5qjl,JJM,304,1,B,1477,C01,-19.805,-17.708,-9.875,64.004,0.0,C,Cc1cccc(c1)Nc2c3cnn(c3ncn2)C
NUDT5,5qjl,JJM,304,1,B,1478,C02,-19.87,-17.782,-8.413,6.038,1.0,C,Cc1cccc(c1)Nc2c3cnn(c3ncn2)C
NUDT5,5qjl,JJM,304,1,B,1479,C03,-20.767,-18.691,-7.839,30.191,2.0,C,Cc1cccc(c1)Nc2c3cnn(c3ncn2)C
NUDT5,5qjl,JJM,304,1,B,1480,C04,-20.83,-18.799,-6.469,25.36,3.0,C,Cc1cccc(c1)Nc2c3cnn(c3ncn2)C
NUDT5,5qjl,JJM,304,1,B,1481,C05,-20.016,-18.003,-5.652,27.775,4.0,C,Cc1cccc(c1)Nc2c3cnn(c3ncn2)C
NUDT5,5qjl,JJM,304,1,B,1482,C06,-19.098,-17.058,-6.215,3.623,5.0,C,Cc1cccc(c1)Nc2c3cnn(c3ncn2)C
NUDT5,5qjl,JJM,304,1,B,1483,C07,-19.028,-16.963,-7.626,10.869,6.0,C,Cc1cccc(c1)Nc2c3cnn(c3ncn2)C
NUDT5,5qjl,JJM,304,1,B,1484,N08,-18.366,-16.13,-5.368,5.468,7.0,N,Cc1cccc(c1)Nc2c3cnn(c3ncn2)C
NUDT5,5qjl,JJM,304,1,B,1485,C09,-17.335,-15.167,-5.592,3.623,8.0,C,Cc1cccc(c1)Nc2c3cnn(c3ncn2)C
NUDT5,5qjl,JJM,304,1,B,1486,C11,-17.401,-14.155,-3.162,13.284,10.0,C,Cc1cccc(c1)Nc2c3cnn(c3ncn2)C
NUDT5,5qjl,JJM,304,1,B,1487,N13,-15.734,-12.789,-3.523,3.281,12.0,N,Cc1cccc(c1)Nc2c3cnn(c3ncn2)C
NUDT5,5qjl,JJM,304,1,B,1488,C14,-15.85,-13.485,-4.689,6.038,13.0,C,Cc1cccc(c1)Nc2c3cnn(c3ncn2)C
NUDT5,5qjl,JJM,304,1,B,1489,N15,-15.091,-13.308,-5.868,14.217,14.0,N,Cc1cccc(c1)Nc2c3cnn(c3ncn2)C
NUDT5,5qjl,JJM,304,1,B,1490,C16,-15.582,-14.113,-6.843,33.814,15.0,C,Cc1cccc(c1)Nc2c3cnn(c3ncn2)C
NUDT5,5qjl,JJM,304,1,B,1491,N17,-16.619,-14.998,-6.775,7.655,16.0,N,Cc1cccc(c1)Nc2c3cnn(c3ncn2)C
NUDT5,5qjl,JJM,304,1,B,1492,C18,-14.786,-11.711,-3.337,14.492,17.0,C,Cc1cccc(c1)Nc2c3cnn(c3ncn2)C
NUDT5,5qjl,JJM,305,1,B,1493,C10,-2.194,2.575,3.998,1.208,9.0,C,Cc1cccc(c1)Nc2c3cnn(c3ncn2)C
NUDT5,5qjl,JJM,305,1,B,1494,N12,-2.788,0.43,4.407,20.778,11.0,N,Cc1cccc(c1)Nc2c3cnn(c3ncn2)C
NUDT5,5qjl,JJM,305,1,B,1495,C01,0.984,8.5,2.726,31.398,0.0,C,Cc1cccc(c1)Nc2c3cnn(c3ncn2)C
NUDT5,5qjl,JJM,305,1,B,1496,C02,0.967,7.526,3.852,4.831,1.0,C,Cc1cccc(c1)Nc2c3cnn(c3ncn2)C
NUDT5,5qjl,JJM,305,1,B,1497,C03,1.828,7.695,4.94,10.869,2.0,C,Cc1cccc(c1)Nc2c3cnn(c3ncn2)C
NUDT5,5qjl,JJM,305,1,B,1498,C04,1.86,6.737,5.959,26.568,3.0,C,Cc1cccc(c1)Nc2c3cnn(c3ncn2)C
NUDT5,5qjl,JJM,305,1,B,1499,C05,1.032,5.606,5.917,26.568,4.0,C,Cc1cccc(c1)Nc2c3cnn(c3ncn2)C
NUDT5,5qjl,JJM,305,1,B,1500,C06,0.142,5.434,4.839,2.415,5.0,C,Cc1cccc(c1)Nc2c3cnn(c3ncn2)C
NUDT5,5qjl,JJM,305,1,B,1501,C07,0.11,6.418,3.787,10.869,6.0,C,Cc1cccc(c1)Nc2c3cnn(c3ncn2)C
NUDT5,5qjl,JJM,305,1,B,1502,N08,-0.654,4.253,4.758,6.562,7.0,N,Cc1cccc(c1)Nc2c3cnn(c3ncn2)C
NUDT5,5qjl,JJM,305,1,B,1503,C09,-1.632,3.858,3.845,3.623,8.0,C,Cc1cccc(c1)Nc2c3cnn(c3ncn2)C
NUDT5,5qjl,JJM,305,1,B,1504,C11,-1.951,1.428,4.79,21.737,10.0,C,Cc1cccc(c1)Nc2c3cnn(c3ncn2)C
NUDT5,5qjl,JJM,305,1,B,1505,N13,-3.556,0.909,3.376,1.094,12.0,N,Cc1cccc(c1)Nc2c3cnn(c3ncn2)C
NUDT5,5qjl,JJM,305,1,B,1506,C14,-3.247,2.191,3.099,2.415,13.0,C,Cc1cccc(c1)Nc2c3cnn(c3ncn2)C
NUDT5,5qjl,JJM,305,1,B,1507,N15,-3.76,2.93,2.122,5.468,14.0,N,Cc1cccc(c1)Nc2c3cnn(c3ncn2)C
NUDT5,5qjl,JJM,305,1,B,1508,C16,-3.133,4.136,2.064,18.114,15.0,C,Cc1cccc(c1)Nc2c3cnn(c3ncn2)C
NUDT5,5qjl,JJM,305,1,B,1509,N17,-2.119,4.648,2.841,6.562,16.0,N,Cc1cccc(c1)Nc2c3cnn(c3ncn2)C
NUDT5,5qjl,JJM,305,1,B,1510,C18,-4.441,0.11,2.607,22.945,17.0,C,Cc1cccc(c1)Nc2c3cnn(c3ncn2)C
NUDT5,5qjl,JJM,303,1,D,1441,C10,-22.08,28.553,-57.759,4.831,9.0,C,Cc1cccc(c1)Nc2c3cnn(c3ncn2)C
NUDT5,5qjl,JJM,303,1,D,1442,N12,-22.214,27.248,-59.623,1.094,11.0,N,Cc1cccc(c1)Nc2c3cnn(c3ncn2)C
NUDT5,5qjl,JJM,303,1,D,1443,C01,-22.805,32.889,-52.556,66.42,0.0,C,Cc1cccc(c1)Nc2c3cnn(c3ncn2)C
NUDT5,5qjl,JJM,303,1,D,1444,C02,-22.324,33.081,-53.971,4.831,1.0,C,Cc1cccc(c1)Nc2c3cnn(c3ncn2)C
NUDT5,5qjl,JJM,303,1,D,1445,C03,-22.043,34.376,-54.5,30.191,2.0,C,Cc1cccc(c1)Nc2c3cnn(c3ncn2)C
NUDT5,5qjl,JJM,303,1,D,1446,C04,-21.572,34.494,-55.814,26.568,3.0,C,Cc1cccc(c1)Nc2c3cnn(c3ncn2)C
NUDT5,5qjl,JJM,303,1,D,1447,C05,-21.387,33.349,-56.637,26.568,4.0,C,Cc1cccc(c1)Nc2c3cnn(c3ncn2)C
NUDT5,5qjl,JJM,303,1,D,1448,C06,-21.7,32.046,-56.135,4.831,5.0,C,Cc1cccc(c1)Nc2c3cnn(c3ncn2)C
NUDT5,5qjl,JJM,303,1,D,1449,C07,-22.152,31.93,-54.769,7.246,6.0,C,Cc1cccc(c1)Nc2c3cnn(c3ncn2)C
NUDT5,5qjl,JJM,303,1,D,1450,N08,-21.733,30.874,-56.997,6.562,7.0,N,Cc1cccc(c1)Nc2c3cnn(c3ncn2)C
NUDT5,5qjl,JJM,303,1,D,1451,C09,-22.016,29.51,-56.71,6.038,8.0,C,Cc1cccc(c1)Nc2c3cnn(c3ncn2)C
NUDT5,5qjl,JJM,303,1,D,1452,C11,-21.915,28.485,-59.164,15.699,10.0,C,Cc1cccc(c1)Nc2c3cnn(c3ncn2)C
NUDT5,5qjl,JJM,303,1,D,1453,N13,-22.579,26.507,-58.525,1.094,12.0,N,Cc1cccc(c1)Nc2c3cnn(c3ncn2)C
NUDT5,5qjl,JJM,303,1,D,1454,C14,-22.502,27.244,-57.395,3.623,13.0,C,Cc1cccc(c1)Nc2c3cnn(c3ncn2)C
NUDT5,5qjl,JJM,303,1,D,1455,N15,-22.819,26.824,-56.129,12.029,14.0,N,Cc1cccc(c1)Nc2c3cnn(c3ncn2)C
NUDT5,5qjl,JJM,303,1,D,1456,C16,-22.676,27.819,-55.237,32.606,15.0,C,Cc1cccc(c1)Nc2c3cnn(c3ncn2)C
NUDT5,5qjl,JJM,303,1,D,1457,N17,-22.305,29.101,-55.442,8.749,16.0,N,Cc1cccc(c1)Nc2c3cnn(c3ncn2)C
NUDT5,5qjl,JJM,303,1,D,1458,C18,-23.04,25.109,-58.584,10.869,17.0,C,Cc1cccc(c1)Nc2c3cnn(c3ncn2)C
NUDT5,5qjm,K1G,303,1,A,1461,N1,-2.475,4.884,2.864,6.562,13.0,N,CC(C)N(C)c1c2cnn(c2ncn1)C
NUDT5,5qjm,K1G,303,1,A,1462,N3,-3.681,0.974,3.167,1.094,9.0,N,CC(C)N(C)c1c2cnn(c2ncn1)C
NUDT5,5qjm,K1G,303,1,A,1463,C4,-1.928,4.071,3.828,6.038,5.0,C,CC(C)N(C)c1c2cnn(c2ncn1)C
NUDT5,5qjm,K1G,303,1,A,1464,C5,-3.428,4.357,1.991,32.606,12.0,C,CC(C)N(C)c1c2cnn(c2ncn1)C
NUDT5,5qjm,K1G,303,1,A,1465,C6,-3.389,2.296,2.916,4.831,10.0,C,CC(C)N(C)c1c2cnn(c2ncn1)C
NUDT5,5qjm,K1G,303,1,A,1466,C7,-4.674,0.154,2.49,16.907,14.0,C,CC(C)N(C)c1c2cnn(c2ncn1)C
NUDT5,5qjm,K1G,303,1,A,1467,C8,-2.153,1.476,4.63,12.076,7.0,C,CC(C)N(C)c1c2cnn(c2ncn1)C
NUDT5,5qjm,K1G,303,1,A,1468,N,-0.935,4.629,4.769,2.187,3.0,N,CC(C)N(C)c1c2cnn(c2ncn1)C
NUDT5,5qjm,K1G,303,1,A,1469,C,0.736,5.787,3.371,37.436,0.0,C,CC(C)N(C)c1c2cnn(c2ncn1)C
NUDT5,5qjm,K1G,303,1,A,1470,C1,-0.229,5.974,4.528,8.453,1.0,C,CC(C)N(C)c1c2cnn(c2ncn1)C
NUDT5,5qjm,K1G,303,1,A,1471,C2,-1.115,7.247,4.315,55.551,2.0,C,CC(C)N(C)c1c2cnn(c2ncn1)C
NUDT5,5qjm,K1G,303,1,A,1472,C3,-0.151,3.698,5.629,26.568,4.0,C,CC(C)N(C)c1c2cnn(c2ncn1)C
NUDT5,5qjm,K1G,303,1,A,1473,C9,-2.385,2.687,3.877,3.623,6.0,C,CC(C)N(C)c1c2cnn(c2ncn1)C
NUDT5,5qjm,K1G,303,1,A,1474,N2,-3.934,3.098,1.938,12.029,11.0,N,CC(C)N(C)c1c2cnn(c2ncn1)C
NUDT5,5qjm,K1G,304,1,C,1434,N1,-31.192,4.829,-63.419,4.374,13.0,N,CC(C)N(C)c1c2cnn(c2ncn1)C
NUDT5,5qjm,K1G,304,1,C,1435,N3,-28.252,7.653,-63.429,1.094,9.0,N,CC(C)N(C)c1c2cnn(c2ncn1)C
NUDT5,5qjm,K1G,304,1,C,1436,C4,-29.929,4.508,-63.854,3.623,5.0,C,CC(C)N(C)c1c2cnn(c2ncn1)C
NUDT5,5qjm,K1G,304,1,C,1437,C5,-31.447,6.111,-63.019,36.229,12.0,C,CC(C)N(C)c1c2cnn(c2ncn1)C
NUDT5,5qjm,K1G,304,1,C,1438,C6,-29.363,6.839,-63.389,6.038,10.0,C,CC(C)N(C)c1c2cnn(c2ncn1)C
NUDT5,5qjm,K1G,304,1,C,1439,C7,-28.178,9.033,-63.044,15.699,14.0,C,CC(C)N(C)c1c2cnn(c2ncn1)C
NUDT5,5qjm,K1G,304,1,C,1440,C8,-27.529,5.759,-64.138,9.661,7.0,C,CC(C)N(C)c1c2cnn(c2ncn1)C
NUDT5,5qjm,K1G,304,1,C,1442,C,-30.373,0.886,-63.586,41.059,0.0,C,CC(C)N(C)c1c2cnn(c2ncn1)C
NUDT5,5qjm,K1G,304,1,C,1443,C1,-30.66,2.05,-64.576,9.661,1.0,C,CC(C)N(C)c1c2cnn(c2ncn1)C
NUDT5,5qjm,K1G,304,1,C,1444,C2,-32.183,2.371,-64.618,51.928,2.0,C,CC(C)N(C)c1c2cnn(c2ncn1)C
NUDT5,5qjm,K1G,304,1,C,1445,C3,-28.275,2.821,-64.824,27.775,4.0,C,CC(C)N(C)c1c2cnn(c2ncn1)C
NUDT5,5qjm,K1G,304,1,C,1446,C9,-28.934,5.554,-63.846,2.415,6.0,C,CC(C)N(C)c1c2cnn(c2ncn1)C
NUDT5,5qjm,K1G,304,1,C,1447,N2,-30.616,7.167,-62.977,15.31,11.0,N,CC(C)N(C)c1c2cnn(c2ncn1)C
NUDT5,5qjm,K1G,305,1,B,1472,N1,-17.303,-15.191,-6.906,10.936,13.0,N,CC(C)N(C)c1c2cnn(c2ncn1)C
NUDT5,5qjm,K1G,305,1,B,1473,N3,-16.444,-12.946,-3.607,2.187,9.0,N,CC(C)N(C)c1c2cnn(c2ncn1)C
NUDT5,5qjm,K1G,305,1,B,1474,C4,-18.112,-15.272,-5.762,3.623,5.0,C,CC(C)N(C)c1c2cnn(c2ncn1)C
NUDT5,5qjm,K1G,305,1,B,1475,C5,-16.207,-14.35,-6.902,35.021,12.0,C,CC(C)N(C)c1c2cnn(c2ncn1)C
NUDT5,5qjm,K1G,305,1,B,1476,C6,-16.587,-13.643,-4.781,4.831,10.0,C,CC(C)N(C)c1c2cnn(c2ncn1)C
NUDT5,5qjm,K1G,305,1,B,1477,C7,-15.399,-11.953,-3.343,16.907,14.0,C,CC(C)N(C)c1c2cnn(c2ncn1)C
NUDT5,5qjm,K1G,305,1,B,1478,C8,-18.213,-14.168,-3.269,10.869,7.0,C,CC(C)N(C)c1c2cnn(c2ncn1)C
NUDT5,5qjm,K1G,305,1,B,1480,C,-20.003,-18.473,-6.702,57.966,0.0,C,CC(C)N(C)c1c2cnn(c2ncn1)C
NUDT5,5qjm,K1G,305,1,B,1481,C1,-19.582,-17.011,-7.046,4.831,1.0,C,CC(C)N(C)c1c2cnn(c2ncn1)C
NUDT5,5qjm,K1G,305,1,B,1482,C2,-20.634,-16.381,-7.945,43.475,2.0,C,CC(C)N(C)c1c2cnn(c2ncn1)C
NUDT5,5qjm,K1G,305,1,B,1483,C3,-20.112,-16.329,-4.583,25.36,4.0,C,CC(C)N(C)c1c2cnn(c2ncn1)C
NUDT5,5qjm,K1G,305,1,B,1484,C9,-17.753,-14.47,-4.617,1.208,6.0,C,CC(C)N(C)c1c2cnn(c2ncn1)C
NUDT5,5qjm,K1G,305,1,B,1485,N2,-15.778,-13.552,-5.905,15.31,11.0,N,CC(C)N(C)c1c2cnn(c2ncn1)C
NUDT5,5qjm,K1G,305,1,B,1486,N4,-17.411,-13.263,-2.7,1.094,8.0,N,CC(C)N(C)c1c2cnn(c2ncn1)C
NUDT5,5qjm,K1G,303,1,D,1428,N1,-23.126,28.943,-55.236,5.468,13.0,N,CC(C)N(C)c1c2cnn(c2ncn1)C
NUDT5,5qjm,K1G,303,1,D,1429,N3,-23.47,26.514,-58.46,1.094,9.0,N,CC(C)N(C)c1c2cnn(c2ncn1)C
NUDT5,5qjm,K1G,303,1,D,1430,C4,-22.875,29.44,-56.495,4.831,5.0,C,CC(C)N(C)c1c2cnn(c2ncn1)C
NUDT5,5qjm,K1G,303,1,D,1431,C5,-23.504,27.651,-55.087,33.814,12.0,C,CC(C)N(C)c1c2cnn(c2ncn1)C
NUDT5,5qjm,K1G,303,1,D,1432,C6,-23.415,27.212,-57.293,3.623,10.0,C,CC(C)N(C)c1c2cnn(c2ncn1)C
NUDT5,5qjm,K1G,303,1,D,1433,C7,-23.89,25.123,-58.585,12.076,14.0,C,CC(C)N(C)c1c2cnn(c2ncn1)C
NUDT5,5qjm,K1G,303,1,D,1434,C8,-22.804,28.519,-59.024,12.076,7.0,C,CC(C)N(C)c1c2cnn(c2ncn1)C
NUDT5,5qjm,K1G,303,1,D,1435,N,-22.606,30.862,-56.597,2.187,3.0,N,CC(C)N(C)c1c2cnn(c2ncn1)C
NUDT5,5qjm,K1G,303,1,D,1436,C,-23.39,33.264,-55.826,38.644,0.0,C,CC(C)N(C)c1c2cnn(c2ncn1)C
NUDT5,5qjm,K1G,303,1,D,1437,C1,-23.236,31.738,-55.49,2.415,1.0,C,CC(C)N(C)c1c2cnn(c2ncn1)C
NUDT5,5qjm,K1G,303,1,D,1438,C2,-22.481,31.58,-54.13,51.928,2.0,C,CC(C)N(C)c1c2cnn(c2ncn1)C
NUDT5,5qjm,K1G,303,1,D,1439,C3,-22.113,31.454,-57.9,32.606,4.0,C,CC(C)N(C)c1c2cnn(c2ncn1)C
NUDT5,5qjm,K1G,303,1,D,1440,C9,-22.99,28.548,-57.611,2.415,6.0,C,CC(C)N(C)c1c2cnn(c2ncn1)C
NUDT5,5qjm,K1G,303,1,D,1441,N2,-23.694,26.721,-56.039,10.936,11.0,N,CC(C)N(C)c1c2cnn(c2ncn1)C
NUDT5,5qjm,K1G,303,1,D,1442,N4,-23.093,27.301,-59.514,1.094,8.0,N,CC(C)N(C)c1c2cnn(c2ncn1)C
NUDT5,5qjn,K1J,304,1,A,1469,N1,-3.509,2.356,3.157,13.123,2.0,N,Cc1nc(sn1)N2CCO[C@H]([C@H]2C)C
NUDT5,5qjn,K1J,304,1,A,1471,C5,-0.465,4.807,5.759,39.852,12.0,C,Cc1nc(sn1)N2CCO[C@H]([C@H]2C)C
NUDT5,5qjn,K1J,304,1,A,1472,C6,-2.511,2.856,3.909,2.415,3.0,C,Cc1nc(sn1)N2CCO[C@H]([C@H]2C)C
NUDT5,5qjn,K1J,304,1,A,1473,C7,-3.604,0.957,3.412,3.623,1.0,C,Cc1nc(sn1)N2CCO[C@H]([C@H]2C)C
NUDT5,5qjn,K1J,304,1,A,1474,C8,-4.612,0.193,2.653,19.322,0.0,C,Cc1nc(sn1)N2CCO[C@H]([C@H]2C)C
NUDT5,5qjn,K1J,304,1,A,1476,C,1.174,6.347,3.613,51.928,13.0,C,Cc1nc(sn1)N2CCO[C@H]([C@H]2C)C
NUDT5,5qjn,K1J,304,1,A,1477,O,-1.188,6.828,3.444,17.143,9.0,O,Cc1nc(sn1)N2CCO[C@H]([C@H]2C)C
NUDT5,5qjn,K1J,304,1,A,1478,C1,-0.233,5.765,3.311,3.623,10.0,C,Cc1nc(sn1)N2CCO[C@H]([C@H]2C)C
NUDT5,5qjn,K1J,304,1,A,1479,C2,-2.526,6.472,3.076,39.852,8.0,C,Cc1nc(sn1)N2CCO[C@H]([C@H]2C)C
NUDT5,5qjn,K1J,304,1,A,1480,C3,-3.064,5.333,3.998,27.775,7.0,C,Cc1nc(sn1)N2CCO[C@H]([C@H]2C)C
NUDT5,5qjn,K1J,304,1,A,1481,N2,-2.762,0.399,4.288,2.187,5.0,N,Cc1nc(sn1)N2CCO[C@H]([C@H]2C)C
NUDT5,5qjn,K1J,304,1,A,1482,S,-1.717,1.592,4.902,14.155,4.0,S,Cc1nc(sn1)N2CCO[C@H]([C@H]2C)C
NUDT5,5qjn,K1J,304,1,B,1471,N1,-16.4,-13.541,-4.733,9.842,2.0,N,Cc1nc(sn1)N2CCO[C@H]([C@H]2C)C
NUDT5,5qjn,K1J,304,1,B,1473,C5,-19.666,-16.77,-4.811,35.021,12.0,C,Cc1nc(sn1)N2CCO[C@H]([C@H]2C)C
NUDT5,5qjn,K1J,304,1,B,1474,C6,-17.458,-14.372,-4.702,3.623,3.0,C,Cc1nc(sn1)N2CCO[C@H]([C@H]2C)C
NUDT5,5qjn,K1J,304,1,B,1475,C7,-16.324,-12.857,-3.504,3.623,1.0,C,Cc1nc(sn1)N2CCO[C@H]([C@H]2C)C
NUDT5,5qjn,K1J,304,1,B,1476,C8,-15.22,-11.904,-3.306,20.53,0.0,C,Cc1nc(sn1)N2CCO[C@H]([C@H]2C)C
NUDT5,5qjn,K1J,304,1,B,1477,N,-17.859,-15.26,-5.722,2.187,6.0,N,Cc1nc(sn1)N2CCO[C@H]([C@H]2C)C
NUDT5,5qjn,K1J,304,1,B,1478,C,-20.67,-17.277,-7.562,53.136,13.0,C,Cc1nc(sn1)N2CCO[C@H]([C@H]2C)C
NUDT5,5qjn,K1J,304,1,B,1479,O,-18.942,-15.913,-8.37,15.0,9.0,O,Cc1nc(sn1)N2CCO[C@H]([C@H]2C)C
NUDT5,5qjn,K1J,304,1,B,1480,C1,-19.931,-15.93,-7.327,3.623,10.0,C,Cc1nc(sn1)N2CCO[C@H]([C@H]2C)C
NUDT5,5qjn,K1J,304,1,B,1481,C2,-17.596,-16.173,-8.021,36.229,8.0,C,Cc1nc(sn1)N2CCO[C@H]([C@H]2C)C
NUDT5,5qjn,K1J,304,1,B,1482,C3,-17.106,-15.13,-7.01,22.945,7.0,C,Cc1nc(sn1)N2CCO[C@H]([C@H]2C)C
NUDT5,5qjn,K1J,304,1,B,1483,N2,-17.224,-13.095,-2.579,1.094,5.0,N,Cc1nc(sn1)N2CCO[C@H]([C@H]2C)C
NUDT5,5qjn,K1J,304,1,B,1484,S,-18.308,-14.249,-3.152,12.868,4.0,S,Cc1nc(sn1)N2CCO[C@H]([C@H]2C)C
NUDT5,5qjo,K41,304,1,A,1466,N1,-1.894,1.672,4.516,13.123,7.0,N,CC(C)C(=O)Nc1nnn(n1)C
NUDT5,5qjo,K41,304,1,A,1467,N3,-3.537,0.914,3.336,1.094,9.0,N,CC(C)C(=O)Nc1nnn(n1)C
NUDT5,5qjo,K41,304,1,A,1468,C4,-2.49,2.732,3.726,4.831,6.0,C,CC(C)C(=O)Nc1nnn(n1)C
NUDT5,5qjo,K41,304,1,A,1469,C5,-4.48,-0.005,2.714,19.322,11.0,C,CC(C)C(=O)Nc1nnn(n1)C
NUDT5,5qjo,K41,304,1,A,1470,N,-2.1,4.071,3.742,9.842,5.0,N,CC(C)C(=O)Nc1nnn(n1)C
NUDT5,5qjo,K41,304,1,A,1471,C,-0.674,6.635,2.508,48.305,0.0,C,CC(C)C(=O)Nc1nnn(n1)C
NUDT5,5qjo,K41,304,1,A,1472,O,-3.569,4.909,2.169,27.858,4.0,O,CC(C)C(=O)Nc1nnn(n1)C
NUDT5,5qjo,K41,304,1,A,1473,C1,-2.045,6.557,3.196,13.284,1.0,C,CC(C)C(=O)Nc1nnn(n1)C
NUDT5,5qjo,K41,304,1,A,1474,C2,-3.024,7.663,2.693,59.174,2.0,C,CC(C)C(=O)Nc1nnn(n1)C
NUDT5,5qjo,K41,304,1,A,1475,C3,-2.669,5.128,2.962,2.415,3.0,C,CC(C)C(=O)Nc1nnn(n1)C
NUDT5,5qjo,K41,304,1,A,1476,N2,-2.557,0.595,4.256,2.187,8.0,N,CC(C)C(=O)Nc1nnn(n1)C
NUDT5,5qjo,K41,304,1,A,1477,N4,-3.531,2.231,2.987,8.749,10.0,N,CC(C)C(=O)Nc1nnn(n1)C
NUDT5,5qjo,K41,304,1,B,1471,N1,-17.443,-14.142,-3.312,14.217,7.0,N,CC(C)C(=O)Nc1nnn(n1)C
NUDT5,5qjo,K41,304,1,B,1472,N3,-15.877,-12.698,-3.593,3.281,9.0,N,CC(C)C(=O)Nc1nnn(n1)C
NUDT5,5qjo,K41,304,1,B,1473,C4,-16.852,-14.29,-4.594,6.038,6.0,C,CC(C)C(=O)Nc1nnn(n1)C
NUDT5,5qjo,K41,304,1,B,1474,C5,-14.907,-11.641,-3.316,15.699,11.0,C,CC(C)C(=O)Nc1nnn(n1)C
NUDT5,5qjo,K41,304,1,B,1475,N,-17.201,-15.239,-5.543,10.936,5.0,N,CC(C)C(=O)Nc1nnn(n1)C
NUDT5,5qjo,K41,304,1,B,1476,C,-16.038,-16.927,-8.76,56.759,0.0,C,CC(C)C(=O)Nc1nnn(n1)C
NUDT5,5qjo,K41,304,1,B,1477,O,-15.698,-14.597,-7.165,25.715,4.0,O,CC(C)C(=O)Nc1nnn(n1)C
NUDT5,5qjo,K41,304,1,B,1478,C1,-17.13,-16.501,-7.739,12.076,1.0,C,CC(C)C(=O)Nc1nnn(n1)C
NUDT5,5qjo,K41,304,1,B,1479,C2,-18.417,-16.041,-8.447,44.682,2.0,C,CC(C)C(=O)Nc1nnn(n1)C
NUDT5,5qjo,K41,304,1,B,1480,C3,-16.582,-15.355,-6.826,6.038,3.0,C,CC(C)C(=O)Nc1nnn(n1)C
NUDT5,5qjo,K41,304,1,B,1481,N2,-16.834,-13.174,-2.751,3.281,8.0,N,CC(C)C(=O)Nc1nnn(n1)C
NUDT5,5qjo,K41,304,1,B,1482,N4,-15.846,-13.348,-4.763,7.655,10.0,N,CC(C)C(=O)Nc1nnn(n1)C
NUDT5,5qjo,K41,303,1,D,1436,N1,-27.102,5.905,-64.12,19.685,7.0,N,CC(C)C(=O)Nc1nnn(n1)C
NUDT5,5qjo,K41,303,1,D,1437,N3,-27.561,7.857,-63.347,2.187,9.0,N,CC(C)C(=O)Nc1nnn(n1)C
NUDT5,5qjo,K41,303,1,D,1438,C4,-28.518,6.01,-63.853,4.831,6.0,C,CC(C)C(=O)Nc1nnn(n1)C
NUDT5,5qjo,K41,303,1,D,1439,C5,-27.375,9.236,-62.895,26.568,11.0,C,CC(C)C(=O)Nc1nnn(n1)C
NUDT5,5qjo,K41,303,1,D,1440,N,-29.461,5.012,-64.102,6.562,5.0,N,CC(C)C(=O)Nc1nnn(n1)C
NUDT5,5qjo,K41,303,1,D,1441,C,-33.14,4.235,-64.443,37.436,0.0,C,CC(C)C(=O)Nc1nnn(n1)C
NUDT5,5qjo,K41,303,1,D,1442,O,-31.34,6.088,-63.291,12.858,4.0,O,CC(C)C(=O)Nc1nnn(n1)C
NUDT5,5qjo,K41,303,1,D,1443,C1,-31.646,3.874,-64.228,3.623,1.0,C,CC(C)C(=O)Nc1nnn(n1)C
NUDT5,5qjo,K41,303,1,D,1444,C2,-31.419,2.84,-63.104,51.928,2.0,C,CC(C)C(=O)Nc1nnn(n1)C
NUDT5,5qjo,K41,303,1,D,1446,N2,-26.57,7.034,-63.8,22.965,8.0,N,CC(C)C(=O)Nc1nnn(n1)C
NUDT5,5qjo,K41,303,1,D,1447,N4,-28.812,7.262,-63.355,6.562,10.0,N,CC(C)C(=O)Nc1nnn(n1)C
NUDT5,5qjo,K41,304,1,C,1426,N1,-22.107,28.108,-58.726,18.591,7.0,N,CC(C)C(=O)Nc1nnn(n1)C
NUDT5,5qjo,K41,304,1,C,1427,N3,-22.704,26.108,-58.248,1.094,9.0,N,CC(C)C(=O)Nc1nnn(n1)C
NUDT5,5qjo,K41,304,1,C,1428,C4,-22.222,27.943,-57.31,6.038,6.0,C,CC(C)C(=O)Nc1nnn(n1)C
NUDT5,5qjo,K41,304,1,C,1429,C5,-23.155,24.732,-58.409,27.775,11.0,C,CC(C)C(=O)Nc1nnn(n1)C
NUDT5,5qjo,K41,304,1,C,1430,N,-21.969,28.914,-56.365,6.562,5.0,N,CC(C)C(=O)Nc1nnn(n1)C
NUDT5,5qjo,K41,304,1,C,1431,C,-22.775,31.164,-54.36,54.343,0.0,C,CC(C)C(=O)Nc1nnn(n1)C
NUDT5,5qjo,K41,304,1,C,1432,O,-22.512,27.762,-54.394,13.929,4.0,O,CC(C)C(=O)Nc1nnn(n1)C
NUDT5,5qjo,K41,304,1,C,1433,C1,-21.694,30.081,-54.171,2.415,1.0,C,CC(C)C(=O)Nc1nnn(n1)C
NUDT5,5qjo,K41,304,1,C,1434,C2,-21.432,29.74,-52.665,39.852,2.0,C,CC(C)C(=O)Nc1nnn(n1)C
NUDT5,5qjo,K41,304,1,C,1435,C3,-22.1,28.789,-54.947,1.208,3.0,C,CC(C)C(=O)Nc1nnn(n1)C
NUDT5,5qjo,K41,304,1,C,1436,N2,-22.402,26.984,-59.247,19.685,8.0,N,CC(C)C(=O)Nc1nnn(n1)C
NUDT5,5qjo,K41,304,1,C,1437,N4,-22.596,26.655,-57.032,5.468,10.0,N,CC(C)C(=O)Nc1nnn(n1)C
NUDT5,5qjp,K1P,304,1,B,1471,N1,-16.028,-13.447,-4.787,9.842,2.0,N,Cc1nc(sn1)N2CCCNCC2
NUDT5,5qjp,K1P,304,1,B,1472,N3,-17.868,-17.146,-7.945,24.059,10.0,N,Cc1nc(sn1)N2CCCNCC2
NUDT5,5qjp,K1P,304,1,B,1473,C4,-19.38,-16.834,-6.061,35.021,8.0,C,Cc1nc(sn1)N2CCCNCC2
NUDT5,5qjp,K1P,304,1,B,1474,C5,-19.282,-17.224,-7.537,38.644,9.0,C,Cc1nc(sn1)N2CCCNCC2
NUDT5,5qjp,K1P,304,1,B,1475,C6,-17.344,-15.807,-8.27,32.606,11.0,C,Cc1nc(sn1)N2CCCNCC2
NUDT5,5qjp,K1P,304,1,B,1476,C7,-16.685,-15.136,-7.024,22.945,12.0,C,Cc1nc(sn1)N2CCCNCC2
NUDT5,5qjp,K1P,304,1,B,1477,N,-16.868,-12.978,-2.627,1.094,5.0,N,Cc1nc(sn1)N2CCCNCC2
NUDT5,5qjp,K1P,304,1,B,1478,C,-14.851,-11.812,-3.394,19.322,0.0,C,Cc1nc(sn1)N2CCCNCC2
NUDT5,5qjp,K1P,304,1,B,1479,C1,-15.968,-12.755,-3.565,3.623,1.0,C,Cc1nc(sn1)N2CCCNCC2
NUDT5,5qjp,K1P,304,1,B,1480,C2,-17.094,-14.275,-4.742,2.415,3.0,C,Cc1nc(sn1)N2CCCNCC2
NUDT5,5qjp,K1P,304,1,B,1482,N2,-17.505,-15.108,-5.754,3.281,6.0,N,Cc1nc(sn1)N2CCCNCC2
NUDT5,5qjp,K1P,304,1,B,1483,S,-17.959,-14.144,-3.168,16.728,4.0,S,Cc1nc(sn1)N2CCCNCC2
NUDT5,5qjp,K1P,305,1,B,1484,N1,-3.27,2.446,3.137,9.842,2.0,N,Cc1nc(sn1)N2CCCNCC2
NUDT5,5qjp,K1P,305,1,B,1485,N3,-0.452,6.884,3.567,19.685,10.0,N,Cc1nc(sn1)N2CCCNCC2
NUDT5,5qjp,K1P,305,1,B,1486,C4,-2.658,6.114,2.541,16.907,8.0,C,Cc1nc(sn1)N2CCCNCC2
NUDT5,5qjp,K1P,305,1,B,1487,C5,-1.326,6.894,2.361,38.644,9.0,C,Cc1nc(sn1)N2CCCNCC2
NUDT5,5qjp,K1P,305,1,B,1488,C6,0.355,5.667,3.85,30.191,11.0,C,Cc1nc(sn1)N2CCCNCC2
NUDT5,5qjp,K1P,305,1,B,1489,C7,-0.481,4.576,4.611,14.492,12.0,C,Cc1nc(sn1)N2CCCNCC2
NUDT5,5qjp,K1P,305,1,B,1490,N,-2.708,0.507,4.36,17.497,5.0,N,Cc1nc(sn1)N2CCCNCC2
NUDT5,5qjp,K1P,305,1,B,1491,C,-4.569,0.348,2.744,20.53,0.0,C,Cc1nc(sn1)N2CCCNCC2
NUDT5,5qjp,K1P,305,1,B,1492,C1,-3.486,1.088,3.455,3.623,1.0,C,Cc1nc(sn1)N2CCCNCC2
NUDT5,5qjp,K1P,305,1,B,1493,C2,-2.244,2.907,3.896,4.831,3.0,C,Cc1nc(sn1)N2CCCNCC2
NUDT5,5qjp,K1P,305,1,B,1494,C3,-2.791,5.297,3.843,4.831,7.0,C,Cc1nc(sn1)N2CCCNCC2
NUDT5,5qjp,K1P,305,1,B,1496,S,-1.589,1.622,4.936,27.023,4.0,S,Cc1nc(sn1)N2CCCNCC2
NUDT5,5qjp,K1P,304,1,C,1425,N1,-28.964,7.334,-63.09,10.936,2.0,N,Cc1nc(sn1)N2CCCNCC2
NUDT5,5qjp,K1P,304,1,C,1426,N3,-32.073,3.082,-63.447,21.872,10.0,N,Cc1nc(sn1)N2CCCNCC2
NUDT5,5qjp,K1P,304,1,C,1427,C4,-29.919,2.735,-64.648,35.021,8.0,C,Cc1nc(sn1)N2CCCNCC2
NUDT5,5qjp,K1P,304,1,C,1428,C5,-31.461,2.722,-64.758,37.436,9.0,C,Cc1nc(sn1)N2CCCNCC2
NUDT5,5qjp,K1P,304,1,C,1429,C6,-32.251,4.504,-63.027,36.229,11.0,C,Cc1nc(sn1)N2CCCNCC2
NUDT5,5qjp,K1P,304,1,C,1430,C7,-31.244,5.489,-63.699,25.36,12.0,C,Cc1nc(sn1)N2CCCNCC2
NUDT5,5qjp,K1P,304,1,C,1431,N,-26.692,7.484,-63.763,1.094,5.0,N,Cc1nc(sn1)N2CCCNCC2
NUDT5,5qjp,K1P,304,1,C,1432,C,-27.748,9.462,-62.737,16.907,0.0,C,Cc1nc(sn1)N2CCCNCC2
NUDT5,5qjp,K1P,304,1,C,1433,C1,-27.751,8.063,-63.223,4.831,1.0,C,Cc1nc(sn1)N2CCCNCC2
NUDT5,5qjp,K1P,304,1,C,1434,C2,-28.803,6.109,-63.575,3.623,3.0,C,Cc1nc(sn1)N2CCCNCC2
NUDT5,5qjp,K1P,304,1,C,1437,S,-27.134,5.9,-64.179,18.015,4.0,S,Cc1nc(sn1)N2CCCNCC2
NUDT5,5qjq,K1S,304,1,A,1470,N3,-0.665,3.312,5.689,5.468,11.0,N,CCN(CC)c1cc(nc2n1ncn2)C
NUDT5,5qjq,K1S,304,1,A,1471,C4,-2.337,3.225,3.82,3.623,5.0,C,CCN(CC)c1cc(nc2n1ncn2)C
NUDT5,5qjq,K1S,304,1,A,1472,C5,-3.229,2.322,3.213,7.246,6.0,C,CCN(CC)c1cc(nc2n1ncn2)C
NUDT5,5qjq,K1S,304,1,A,1473,C6,-3.322,0.975,3.645,3.623,7.0,C,CCN(CC)c1cc(nc2n1ncn2)C
NUDT5,5qjq,K1S,304,1,A,1474,C7,-4.248,0.072,2.936,16.907,14.0,C,CCN(CC)c1cc(nc2n1ncn2)C
NUDT5,5qjq,K1S,304,1,A,1475,C8,-1.732,1.317,5.262,4.831,9.0,C,CCN(CC)c1cc(nc2n1ncn2)C
NUDT5,5qjq,K1S,304,1,A,1477,C,-4.266,5.376,2.245,56.759,0.0,C,CCN(CC)c1cc(nc2n1ncn2)C
NUDT5,5qjq,K1S,304,1,A,1478,C1,-2.776,5.024,2.055,15.699,1.0,C,CCN(CC)c1cc(nc2n1ncn2)C
NUDT5,5qjq,K1S,304,1,A,1479,C2,-1.756,5.665,4.276,22.945,3.0,C,CCN(CC)c1cc(nc2n1ncn2)C
NUDT5,5qjq,K1S,304,1,A,1480,C3,-0.341,6.136,3.942,49.513,4.0,C,CCN(CC)c1cc(nc2n1ncn2)C
NUDT5,5qjq,K1S,304,1,A,1481,C9,-0.324,2.292,6.526,26.568,12.0,C,CCN(CC)c1cc(nc2n1ncn2)C
NUDT5,5qjq,K1S,304,1,A,1482,N2,-0.938,1.092,6.319,6.562,13.0,N,CCN(CC)c1cc(nc2n1ncn2)C
NUDT5,5qjq,K1S,304,1,A,1483,N4,-1.577,2.702,4.871,1.094,10.0,N,CCN(CC)c1cc(nc2n1ncn2)C
NUDT5,5qjp,K1P,303,1,D,1432,N1,-23.144,27.377,-56.953,9.842,2.0,N,Cc1nc(sn1)N2CCCNCC2
NUDT5,5qjp,K1P,303,1,D,1433,N3,-23.217,31.623,-53.798,16.404,10.0,N,Cc1nc(sn1)N2CCCNCC2
NUDT5,5qjp,K1P,303,1,D,1434,C4,-22.243,29.407,-53.242,33.814,8.0,C,Cc1nc(sn1)N2CCCNCC2
NUDT5,5qjp,K1P,303,1,D,1435,C5,-22.883,30.706,-52.694,39.852,9.0,C,Cc1nc(sn1)N2CCCNCC2
NUDT5,5qjp,K1P,303,1,D,1436,C6,-22.167,31.838,-54.815,36.229,11.0,C,Cc1nc(sn1)N2CCCNCC2
NUDT5,5qjp,K1P,303,1,D,1437,C7,-22.44,30.956,-56.077,14.492,12.0,C,Cc1nc(sn1)N2CCCNCC2
NUDT5,5qjp,K1P,303,1,D,1438,N,-22.874,27.601,-59.278,1.094,5.0,N,Cc1nc(sn1)N2CCCNCC2
NUDT5,5qjp,K1P,303,1,D,1439,C,-23.669,25.438,-58.357,15.699,0.0,C,Cc1nc(sn1)N2CCCNCC2
NUDT5,5qjp,K1P,303,1,D,1440,C1,-23.214,26.842,-58.24,3.623,1.0,C,Cc1nc(sn1)N2CCCNCC2
NUDT5,5qjp,K1P,303,1,D,1441,C2,-22.714,28.655,-57.003,4.831,3.0,C,Cc1nc(sn1)N2CCCNCC2
NUDT5,5qjp,K1P,303,1,D,1442,C3,-22.925,28.888,-54.535,14.492,7.0,C,Cc1nc(sn1)N2CCCNCC2
NUDT5,5qjp,K1P,303,1,D,1443,N2,-22.502,29.466,-55.881,2.187,6.0,N,Cc1nc(sn1)N2CCCNCC2
NUDT5,5qjp,K1P,303,1,D,1444,S,-22.42,29.132,-58.719,19.302,4.0,S,Cc1nc(sn1)N2CCCNCC2
NUDT5,5qjq,K1S,304,1,B,1472,N3,-18.775,-16.267,-4.174,8.749,11.0,N,CCN(CC)c1cc(nc2n1ncn2)C
NUDT5,5qjq,K1S,304,1,B,1473,C4,-16.868,-14.941,-5.089,3.623,5.0,C,CCN(CC)c1cc(nc2n1ncn2)C
NUDT5,5qjq,K1S,304,1,B,1474,C5,-16.009,-13.892,-4.732,6.038,6.0,C,CCN(CC)c1cc(nc2n1ncn2)C
NUDT5,5qjq,K1S,304,1,B,1475,C6,-16.089,-13.244,-3.484,3.623,7.0,C,CCN(CC)c1cc(nc2n1ncn2)C
NUDT5,5qjq,K1S,304,1,B,1476,C7,-15.117,-12.15,-3.237,16.907,14.0,C,CCN(CC)c1cc(nc2n1ncn2)C
NUDT5,5qjq,K1S,304,1,B,1477,C8,-17.849,-14.604,-2.876,3.623,9.0,C,CCN(CC)c1cc(nc2n1ncn2)C
NUDT5,5qjq,K1S,304,1,B,1479,C,-14.617,-15.475,-7.446,56.759,0.0,C,CCN(CC)c1cc(nc2n1ncn2)C
NUDT5,5qjq,K1S,304,1,B,1480,C1,-16.025,-14.931,-7.492,20.53,1.0,C,CCN(CC)c1cc(nc2n1ncn2)C
NUDT5,5qjq,K1S,304,1,B,1481,C2,-17.409,-16.905,-6.708,22.945,3.0,C,CCN(CC)c1cc(nc2n1ncn2)C
NUDT5,5qjq,K1S,304,1,B,1482,C3,-18.789,-16.878,-7.385,48.305,4.0,C,CCN(CC)c1cc(nc2n1ncn2)C
NUDT5,5qjq,K1S,304,1,B,1483,C9,-19.37,-16.164,-2.972,28.983,12.0,C,CCN(CC)c1cc(nc2n1ncn2)C
NUDT5,5qjq,K1S,304,1,B,1484,N2,-18.845,-15.177,-2.151,3.281,13.0,N,CCN(CC)c1cc(nc2n1ncn2)C
NUDT5,5qjq,K1S,304,1,B,1485,N4,-17.808,-15.292,-4.122,1.094,10.0,N,CCN(CC)c1cc(nc2n1ncn2)C
NUDT5,5qjr,K1V,303,1,A,1465,N1,-17.722,-14.231,-1.77,22.965,11.0,N,CC(=O)N1CCC[C@H](C1)C(=O)N
NUDT5,5qjr,K1V,303,1,A,1466,C4,-19.031,-15.464,-3.873,20.53,6.0,C,CC(=O)N1CCC[C@H](C1)C(=O)N
NUDT5,5qjr,K1V,303,1,A,1467,C5,-17.964,-14.381,-4.185,8.453,7.0,C,CC(=O)N1CCC[C@H](C1)C(=O)N
NUDT5,5qjr,K1V,303,1,A,1469,C7,-17.457,-13.679,-2.959,4.831,9.0,C,CC(=O)N1CCC[C@H](C1)C(=O)N
NUDT5,5qjr,K1V,303,1,A,1471,C,-16.866,-15.933,-8.538,48.305,0.0,C,CC(=O)N1CCC[C@H](C1)C(=O)N
NUDT5,5qjr,K1V,303,1,A,1472,O,-16.091,-14.036,-7.285,21.429,2.0,O,CC(=O)N1CCC[C@H](C1)C(=O)N
NUDT5,5qjr,K1V,303,1,A,1473,C1,-16.655,-15.139,-7.262,2.415,1.0,C,CC(=O)N1CCC[C@H](C1)C(=O)N
NUDT5,5qjr,K1V,303,1,A,1474,C2,-18.156,-16.742,-5.875,10.869,4.0,C,CC(=O)N1CCC[C@H](C1)C(=O)N
NUDT5,5qjr,K1V,303,1,A,1475,C3,-19.428,-16.201,-5.173,36.229,5.0,C,CC(=O)N1CCC[C@H](C1)C(=O)N
NUDT5,5qjr,K1V,303,1,A,1476,O1,-16.812,-12.636,-3.008,31.072,10.0,O,CC(=O)N1CCC[C@H](C1)C(=O)N
NUDT5,5qjr,K1V,304,1,A,1477,N1,-3.4,0.739,5.756,16.404,11.0,N,CC(=O)N1CCC[C@H](C1)C(=O)N
NUDT5,5qjr,K1V,304,1,A,1478,C4,-1.651,2.906,5.45,12.076,6.0,C,CC(=O)N1CCC[C@H](C1)C(=O)N
NUDT5,5qjr,K1V,304,1,A,1480,C6,-3.449,3.464,3.68,14.492,8.0,C,CC(=O)N1CCC[C@H](C1)C(=O)N
NUDT5,5qjr,K1V,304,1,A,1483,C,-2.586,7.039,2.391,57.966,0.0,C,CC(=O)N1CCC[C@H](C1)C(=O)N
NUDT5,5qjr,K1V,304,1,A,1484,O,-4.431,5.56,2.045,42.858,2.0,O,CC(=O)N1CCC[C@H](C1)C(=O)N
NUDT5,5qjr,K1V,304,1,A,1485,C1,-3.373,5.772,2.656,6.038,1.0,C,CC(=O)N1CCC[C@H](C1)C(=O)N
NUDT5,5qjr,K1V,304,1,A,1486,C2,-2.254,5.251,4.896,25.36,4.0,C,CC(=O)N1CCC[C@H](C1)C(=O)N
NUDT5,5qjr,K1V,304,1,A,1487,C3,-1.077,4.309,5.215,26.568,5.0,C,CC(=O)N1CCC[C@H](C1)C(=O)N
NUDT5,5qjr,K1V,304,1,A,1488,O1,-3.806,0.528,3.537,12.858,10.0,O,CC(=O)N1CCC[C@H](C1)C(=O)N
NUDT5,5qjq,K1S,304,1,C,1445,N1,-22.227,27.439,-59.551,14.217,8.0,N,CCN(CC)c1cc(nc2n1ncn2)C
NUDT5,5qjq,K1S,304,1,C,1446,N3,-21.314,30.663,-58.13,7.655,11.0,N,CCN(CC)c1cc(nc2n1ncn2)C
NUDT5,5qjq,K1S,304,1,C,1447,C4,-22.132,28.671,-56.898,3.623,5.0,C,CCN(CC)c1cc(nc2n1ncn2)C
NUDT5,5qjq,K1S,304,1,C,1448,C5,-22.532,27.347,-57.14,6.038,6.0,C,CCN(CC)c1cc(nc2n1ncn2)C
NUDT5,5qjq,K1S,304,1,C,1449,C6,-22.585,26.786,-58.434,3.623,7.0,C,CCN(CC)c1cc(nc2n1ncn2)C
NUDT5,5qjq,K1S,304,1,C,1450,C7,-23.049,25.398,-58.571,32.606,14.0,C,CCN(CC)c1cc(nc2n1ncn2)C
NUDT5,5qjq,K1S,304,1,C,1451,C8,-21.801,28.758,-59.322,4.831,9.0,C,CCN(CC)c1cc(nc2n1ncn2)C
NUDT5,5qjq,K1S,304,1,C,1452,N,-22.192,29.24,-55.579,1.094,2.0,N,CCN(CC)c1cc(nc2n1ncn2)C
NUDT5,5qjq,K1S,304,1,C,1453,C,-21.843,27.52,-53.893,6.038,0.0,C,CCN(CC)c1cc(nc2n1ncn2)C
NUDT5,5qjq,K1S,304,1,C,1454,C1,-22.856,28.53,-54.461,28.983,1.0,C,CCN(CC)c1cc(nc2n1ncn2)C
NUDT5,5qjq,K1S,304,1,C,1455,C2,-21.378,30.448,-55.178,4.831,3.0,C,CCN(CC)c1cc(nc2n1ncn2)C
NUDT5,5qjq,K1S,304,1,C,1456,C3,-22.21,31.693,-54.936,57.966,4.0,C,CCN(CC)c1cc(nc2n1ncn2)C
NUDT5,5qjq,K1S,304,1,C,1457,C9,-21.085,30.789,-59.45,32.606,12.0,C,CCN(CC)c1cc(nc2n1ncn2)C
NUDT5,5qjq,K1S,304,1,C,1458,N2,-21.344,29.69,-60.202,21.872,13.0,N,CCN(CC)c1cc(nc2n1ncn2)C
NUDT5,5qjq,K1S,304,1,C,1459,N4,-21.765,29.373,-58.018,1.094,10.0,N,CCN(CC)c1cc(nc2n1ncn2)C
NUDT5,5qjq,K1S,305,1,C,1461,N3,-27.722,3.821,-64.925,8.749,11.0,N,CCN(CC)c1cc(nc2n1ncn2)C
NUDT5,5qjq,K1S,305,1,C,1462,C4,-28.974,5.715,-63.849,3.623,5.0,C,CCN(CC)c1cc(nc2n1ncn2)C
NUDT5,5qjq,K1S,305,1,C,1463,C5,-28.747,7.009,-63.415,4.831,6.0,C,CCN(CC)c1cc(nc2n1ncn2)C
NUDT5,5qjq,K1S,305,1,C,1464,C6,-27.464,7.623,-63.516,3.623,7.0,C,CCN(CC)c1cc(nc2n1ncn2)C
NUDT5,5qjq,K1S,305,1,C,1465,C7,-27.332,9.023,-63.042,18.114,14.0,C,CCN(CC)c1cc(nc2n1ncn2)C
NUDT5,5qjq,K1S,305,1,C,1466,C8,-26.566,5.768,-64.506,3.623,9.0,C,CCN(CC)c1cc(nc2n1ncn2)C
NUDT5,5qjq,K1S,305,1,C,1468,C,-32.15,6.664,-63.63,57.966,0.0,C,CCN(CC)c1cc(nc2n1ncn2)C
NUDT5,5qjq,K1S,305,1,C,1469,C1,-31.331,5.671,-62.81,19.322,1.0,C,CCN(CC)c1cc(nc2n1ncn2)C
NUDT5,5qjq,K1S,305,1,C,1470,C2,-30.706,3.913,-64.506,22.945,3.0,C,CCN(CC)c1cc(nc2n1ncn2)C
NUDT5,5qjq,K1S,305,1,C,1471,C3,-30.547,2.548,-63.82,48.305,4.0,C,CCN(CC)c1cc(nc2n1ncn2)C
NUDT5,5qjq,K1S,305,1,C,1472,C9,-26.43,3.766,-65.315,25.36,12.0,C,CCN(CC)c1cc(nc2n1ncn2)C
NUDT5,5qjq,K1S,305,1,C,1473,N2,-25.693,4.925,-65.088,6.562,13.0,N,CCN(CC)c1cc(nc2n1ncn2)C
NUDT5,5qjs,K1Y,304,1,A,1458,N1,-4.234,2.389,2.615,7.655,2.0,N,Cc1nc(c(s1)NC(=O)OC)c2ccccc2
NUDT5,5qjs,K1Y,304,1,A,1459,C4,-5.06,0.091,2.496,16.907,0.0,C,Cc1nc(c(s1)NC(=O)OC)c2ccccc2
NUDT5,5qjs,K1Y,304,1,A,1460,C5,-3.369,3.221,3.37,1.208,3.0,C,Cc1nc(c(s1)NC(=O)OC)c2ccccc2
NUDT5,5qjs,K1Y,304,1,A,1461,C6,-3.235,4.653,2.951,1.208,11.0,C,Cc1nc(c(s1)NC(=O)OC)c2ccccc2
NUDT5,5qjs,K1Y,304,1,A,1462,C7,-1.992,5.357,3.034,4.831,16.0,C,Cc1nc(c(s1)NC(=O)OC)c2ccccc2
NUDT5,5qjs,K1Y,304,1,A,1463,C8,-1.896,6.703,2.66,33.814,15.0,C,Cc1nc(c(s1)NC(=O)OC)c2ccccc2
NUDT5,5qjs,K1Y,304,1,A,1464,C10,-4.249,6.703,2.088,33.814,13.0,C,Cc1nc(c(s1)NC(=O)OC)c2ccccc2
NUDT5,5qjs,K1Y,304,1,A,1465,N,-1.853,3.143,5.357,5.468,6.0,N,Cc1nc(c(s1)NC(=O)OC)c2ccccc2
NUDT5,5qjs,K1Y,304,1,A,1466,C,0.545,2.883,8.129,47.098,10.0,C,Cc1nc(c(s1)NC(=O)OC)c2ccccc2
NUDT5,5qjs,K1Y,304,1,A,1467,O,-0.294,3.339,7.046,18.215,9.0,O,Cc1nc(c(s1)NC(=O)OC)c2ccccc2
NUDT5,5qjs,K1Y,304,1,A,1468,C1,-1.129,2.449,6.339,6.038,7.0,C,Cc1nc(c(s1)NC(=O)OC)c2ccccc2
NUDT5,5qjs,K1Y,304,1,A,1469,C11,-4.371,5.351,2.464,25.36,12.0,C,Cc1nc(c(s1)NC(=O)OC)c2ccccc2
NUDT5,5qjs,K1Y,304,1,A,1470,C2,-2.774,2.553,4.46,3.623,4.0,C,Cc1nc(c(s1)NC(=O)OC)c2ccccc2
NUDT5,5qjs,K1Y,304,1,A,1471,C3,-4.29,1.18,3.106,3.623,1.0,C,Cc1nc(c(s1)NC(=O)OC)c2ccccc2
NUDT5,5qjs,K1Y,304,1,A,1472,C9,-3.026,7.378,2.189,35.021,14.0,C,Cc1nc(c(s1)NC(=O)OC)c2ccccc2
NUDT5,5qjs,K1Y,304,1,A,1473,O1,-1.205,1.251,6.595,7.5,8.0,O,Cc1nc(c(s1)NC(=O)OC)c2ccccc2
NUDT5,5qjs,K1Y,304,1,A,1474,S,-3.347,0.883,4.511,5.147,5.0,S,Cc1nc(c(s1)NC(=O)OC)c2ccccc2
NUDT5,5qjt,K24,303,1,D,1432,N1,-29.655,7.399,-63.207,6.562,2.0,N,Cc1ncc(s1)C(=O)NC
NUDT5,5qjt,K24,303,1,D,1433,C4,-28.37,7.776,-63.387,2.415,1.0,C,Cc1ncc(s1)C(=O)NC
NUDT5,5qjt,K24,303,1,D,1434,C5,-27.839,9.108,-63.066,25.36,0.0,C,Cc1ncc(s1)C(=O)NC
NUDT5,5qjt,K24,303,1,D,1435,N,-29.341,3.029,-64.63,16.404,8.0,N,Cc1ncc(s1)C(=O)NC
NUDT5,5qjt,K24,303,1,D,1436,C,-30.666,2.982,-64.002,51.928,9.0,C,Cc1ncc(s1)C(=O)NC
NUDT5,5qjt,K24,303,1,D,1437,O,-27.349,3.915,-65.242,30.001,7.0,O,Cc1ncc(s1)C(=O)NC
NUDT5,5qjt,K24,303,1,D,1438,C1,-28.422,4.122,-64.686,6.038,6.0,C,Cc1ncc(s1)C(=O)NC
NUDT5,5qjt,K24,303,1,D,1439,C2,-28.658,5.49,-64.112,2.415,4.0,C,Cc1ncc(s1)C(=O)NC
NUDT5,5qjt,K24,303,1,D,1440,C3,-29.819,6.078,-63.628,13.284,3.0,C,Cc1ncc(s1)C(=O)NC
NUDT5,5qjt,K24,303,1,D,1441,S,-27.337,6.597,-64.04,27.023,5.0,S,Cc1ncc(s1)C(=O)NC
NUDT5,5qjt,K24,303,1,A,1457,N1,-15.587,-13.476,-5.31,9.842,2.0,N,Cc1ncc(s1)C(=O)NC
NUDT5,5qjt,K24,303,1,A,1458,C4,-15.461,-12.721,-4.221,3.623,1.0,C,Cc1ncc(s1)C(=O)NC
NUDT5,5qjt,K24,303,1,A,1459,C5,-14.465,-11.657,-4.05,22.945,0.0,C,Cc1ncc(s1)C(=O)NC
NUDT5,5qjt,K24,303,1,A,1460,N,-19.268,-15.932,-4.039,14.217,8.0,N,Cc1ncc(s1)C(=O)NC
NUDT5,5qjt,K24,303,1,A,1461,C,-19.256,-16.32,-5.471,48.305,9.0,C,Cc1ncc(s1)C(=O)NC
NUDT5,5qjt,K24,303,1,A,1462,O,-18.617,-14.898,-2.143,30.001,7.0,O,Cc1ncc(s1)C(=O)NC
NUDT5,5qjt,K24,303,1,A,1463,C1,-18.396,-15.052,-3.336,3.623,6.0,C,Cc1ncc(s1)C(=O)NC
NUDT5,5qjt,K24,303,1,A,1464,C2,-17.253,-14.304,-3.904,3.623,4.0,C,Cc1ncc(s1)C(=O)NC
NUDT5,5qjt,K24,303,1,A,1465,C3,-16.626,-14.401,-5.125,12.076,3.0,C,Cc1ncc(s1)C(=O)NC
NUDT5,5qjt,K24,303,1,A,1466,S,-16.532,-13.05,-2.949,27.023,5.0,S,Cc1ncc(s1)C(=O)NC
NUDT5,5qju,K2G,304,1,A,1458,N1,-16.149,-14.58,-4.734,3.281,8.0,N,CC(C)c1ncc(c(n1)C(=O)N)Cl
NUDT5,5qju,K2G,304,1,A,1459,C4,-18.123,-16.522,-5.072,21.737,5.0,C,CC(C)c1ncc(c(n1)C(=O)N)Cl
NUDT5,5qju,K2G,304,1,A,1460,C5,-18.204,-15.692,-3.984,3.623,6.0,C,CC(C)c1ncc(c(n1)C(=O)N)Cl
NUDT5,5qju,K2G,304,1,A,1461,C6,-17.163,-14.727,-3.837,3.623,7.0,C,CC(C)c1ncc(c(n1)C(=O)N)Cl
NUDT5,5qju,K2G,304,1,A,1462,C7,-17.058,-13.83,-2.674,3.623,9.0,C,CC(C)c1ncc(c(n1)C(=O)N)Cl
NUDT5,5qju,K2G,304,1,A,1463,N,-17.115,-16.416,-5.975,6.562,4.0,N,CC(C)c1ncc(c(n1)C(=O)N)Cl
NUDT5,5qju,K2G,304,1,A,1464,C,-15.928,-15.033,-8.216,49.513,0.0,C,CC(C)c1ncc(c(n1)C(=O)N)Cl
NUDT5,5qju,K2G,304,1,A,1465,O,-17.604,-14.071,-1.617,23.572,10.0,O,CC(C)c1ncc(c(n1)C(=O)N)Cl
NUDT5,5qju,K2G,304,1,A,1466,C1,-15.154,-15.316,-6.922,1.208,1.0,C,CC(C)c1ncc(c(n1)C(=O)N)Cl
NUDT5,5qju,K2G,304,1,A,1467,C2,-14.114,-14.239,-6.648,6.038,2.0,C,CC(C)c1ncc(c(n1)C(=O)N)Cl
NUDT5,5qju,K2G,304,1,A,1469,N2,-16.302,-12.733,-2.85,28.433,11.0,N,CC(C)c1ncc(c(n1)C(=O)N)Cl
NUDT5,5qju,K2G,304,1,A,1470,CL,-19.498,-15.904,-2.971,51.123,12.0,Cl,CC(C)c1ncc(c(n1)C(=O)N)Cl
NUDT5,5qju,K2G,304,1,C,1430,N1,-22.037,27.684,-56.878,3.281,8.0,N,CC(C)c1ncc(c(n1)C(=O)N)Cl
NUDT5,5qju,K2G,304,1,C,1431,C4,-21.289,30.361,-56.933,18.114,5.0,C,CC(C)c1ncc(c(n1)C(=O)N)Cl
NUDT5,5qju,K2G,304,1,C,1432,C5,-21.508,29.699,-58.134,2.415,6.0,C,CC(C)c1ncc(c(n1)C(=O)N)Cl
NUDT5,5qju,K2G,304,1,C,1433,C6,-21.889,28.331,-58.072,4.831,7.0,C,CC(C)c1ncc(c(n1)C(=O)N)Cl
NUDT5,5qju,K2G,304,1,C,1434,C7,-22.156,27.49,-59.297,6.038,9.0,C,CC(C)c1ncc(c(n1)C(=O)N)Cl
NUDT5,5qju,K2G,304,1,C,1435,N,-21.429,29.752,-55.748,6.562,4.0,N,CC(C)c1ncc(c(n1)C(=O)N)Cl
NUDT5,5qju,K2G,304,1,C,1436,C,-22.842,28.761,-53.44,50.72,0.0,C,CC(C)c1ncc(c(n1)C(=O)N)Cl
NUDT5,5qju,K2G,304,1,C,1437,O,-21.893,27.875,-60.409,25.715,10.0,O,CC(C)c1ncc(c(n1)C(=O)N)Cl
NUDT5,5qju,K2G,304,1,C,1439,C2,-22.583,26.379,-54.361,10.869,2.0,C,CC(C)c1ncc(c(n1)C(=O)N)Cl
NUDT5,5qju,K2G,304,1,C,1440,C3,-21.806,28.429,-55.739,2.415,3.0,C,CC(C)c1ncc(c(n1)C(=O)N)Cl
NUDT5,5qju,K2G,304,1,C,1441,N2,-22.707,26.247,-59.1,26.246,11.0,N,CC(C)c1ncc(c(n1)C(=O)N)Cl
NUDT5,5qju,K2G,304,1,C,1442,CL,-21.307,30.587,-59.52,47.382,12.0,Cl,CC(C)c1ncc(c(n1)C(=O)N)Cl
NUDT5,5qju,K2G,304,1,B,1471,N1,-3.362,3.066,3.564,3.281,8.0,N,CC(C)c1ncc(c(n1)C(=O)N)Cl
NUDT5,5qju,K2G,304,1,B,1472,C4,-1.524,4.493,5.056,21.737,5.0,C,CC(C)c1ncc(c(n1)C(=O)N)Cl
NUDT5,5qju,K2G,304,1,B,1473,C5,-1.553,3.123,5.195,2.415,6.0,C,CC(C)c1ncc(c(n1)C(=O)N)Cl
NUDT5,5qju,K2G,304,1,B,1474,C6,-2.528,2.426,4.427,3.623,7.0,C,CC(C)c1ncc(c(n1)C(=O)N)Cl
NUDT5,5qju,K2G,304,1,B,1475,C7,-2.816,0.953,4.564,4.831,9.0,C,CC(C)c1ncc(c(n1)C(=O)N)Cl
NUDT5,5qju,K2G,304,1,B,1476,N,-2.362,5.134,4.247,5.468,4.0,N,CC(C)c1ncc(c(n1)C(=O)N)Cl
NUDT5,5qju,K2G,304,1,B,1477,C,-3.398,6.112,1.635,48.305,0.0,C,CC(C)c1ncc(c(n1)C(=O)N)Cl
NUDT5,5qju,K2G,304,1,B,1478,O,-2.327,0.273,5.447,30.001,10.0,O,CC(C)c1ncc(c(n1)C(=O)N)Cl
NUDT5,5qju,K2G,304,1,B,1480,C2,-5.327,4.519,2.046,3.623,2.0,C,CC(C)c1ncc(c(n1)C(=O)N)Cl
NUDT5,5qju,K2G,304,1,B,1481,C3,-3.249,4.425,3.522,1.208,3.0,C,CC(C)c1ncc(c(n1)C(=O)N)Cl
NUDT5,5qju,K2G,304,1,B,1482,N2,-3.707,0.437,3.644,26.246,11.0,N,CC(C)c1ncc(c(n1)C(=O)N)Cl
NUDT5,5qju,K2G,304,1,B,1483,CL,-0.426,2.471,6.248,52.37,12.0,Cl,CC(C)c1ncc(c(n1)C(=O)N)Cl
NUDT5,5qju,K2G,303,1,D,1438,N1,-28.94,6.653,-63.904,3.281,8.0,N,CC(C)c1ncc(c(n1)C(=O)N)Cl
NUDT5,5qju,K2G,303,1,D,1439,C4,-29.164,4.066,-64.878,21.737,5.0,C,CC(C)c1ncc(c(n1)C(=O)N)Cl
NUDT5,5qju,K2G,303,1,D,1440,C5,-27.873,4.657,-64.788,1.208,6.0,C,CC(C)c1ncc(c(n1)C(=O)N)Cl
NUDT5,5qju,K2G,303,1,D,1441,C6,-27.819,5.994,-64.319,4.831,7.0,C,CC(C)c1ncc(c(n1)C(=O)N)Cl
NUDT5,5qju,K2G,303,1,D,1442,C7,-26.556,6.82,-64.262,3.623,9.0,C,CC(C)c1ncc(c(n1)C(=O)N)Cl
NUDT5,5qju,K2G,303,1,D,1443,N,-30.295,4.708,-64.481,8.749,4.0,N,CC(C)c1ncc(c(n1)C(=O)N)Cl
NUDT5,5qju,K2G,303,1,D,1444,C,-31.576,7.985,-63.987,1.208,0.0,C,CC(C)c1ncc(c(n1)C(=O)N)Cl
NUDT5,5qju,K2G,303,1,D,1445,O,-25.491,6.416,-64.657,28.929,10.0,O,CC(C)c1ncc(c(n1)C(=O)N)Cl
NUDT5,5qju,K2G,303,1,D,1446,C1,-31.299,6.677,-63.256,13.284,1.0,C,CC(C)c1ncc(c(n1)C(=O)N)Cl
NUDT5,5qju,K2G,303,1,D,1447,C2,-32.588,5.821,-63.152,36.229,2.0,C,CC(C)c1ncc(c(n1)C(=O)N)Cl
NUDT5,5qju,K2G,303,1,D,1448,C3,-30.131,5.983,-63.965,2.415,3.0,C,CC(C)c1ncc(c(n1)C(=O)N)Cl
NUDT5,5qju,K2G,303,1,D,1449,N2,-26.655,8.091,-63.765,25.153,11.0,N,CC(C)c1ncc(c(n1)C(=O)N)Cl
NUDT5,5qju,K2G,303,1,D,1450,CL,-26.534,3.674,-65.111,52.37,12.0,Cl,CC(C)c1ncc(c(n1)C(=O)N)Cl
NUDT5,5qjv,K2J,303,1,D,1439,N1,-28.676,7.787,-63.428,6.562,3.0,N,CNc1nccc(n1)OC
NUDT5,5qjv,K2J,303,1,D,1440,C4,-26.832,5.874,-64.254,6.038,6.0,C,CNc1nccc(n1)OC
NUDT5,5qjv,K2J,303,1,D,1441,C5,-26.252,3.608,-65.179,51.928,9.0,C,CNc1nccc(n1)OC
NUDT5,5qjv,K2J,303,1,D,1442,N,-26.798,9.221,-63.053,10.936,1.0,N,CNc1nccc(n1)OC
NUDT5,5qjv,K2J,303,1,D,1443,C,-27.701,10.229,-62.494,20.53,0.0,C,CNc1nccc(n1)OC
NUDT5,5qjv,K2J,303,1,D,1444,O,-25.924,4.941,-64.704,13.929,8.0,O,CNc1nccc(n1)OC
NUDT5,5qjv,K2J,303,1,D,1445,C1,-27.281,8.014,-63.483,3.623,2.0,C,CNc1nccc(n1)OC
NUDT5,5qjv,K2J,303,1,D,1446,C2,-29.088,6.559,-63.796,20.53,4.0,C,CNc1nccc(n1)OC
NUDT5,5qjv,K2J,303,1,D,1447,C3,-28.233,5.545,-64.22,13.284,5.0,C,CNc1nccc(n1)OC
NUDT5,5qjv,K2J,303,1,D,1448,N2,-26.312,7.096,-63.887,16.404,7.0,N,CNc1nccc(n1)OC
NUDT5,5qjv,K2J,304,1,A,1454,N1,-3.602,2.212,3.089,12.029,3.0,N,CNc1nccc(n1)OC
NUDT5,5qjv,K2J,304,1,A,1455,C4,-1.721,1.729,5.01,3.623,6.0,C,CNc1nccc(n1)OC
NUDT5,5qjv,K2J,304,1,A,1456,C5,0.089,2.455,6.601,39.852,9.0,C,CNc1nccc(n1)OC
NUDT5,5qjv,K2J,304,1,A,1457,N,-4.1,-0.084,3.112,1.094,1.0,N,CNc1nccc(n1)OC
NUDT5,5qjv,K2J,304,1,A,1458,C,-5.109,0.096,2.073,25.36,0.0,C,CNc1nccc(n1)OC
NUDT5,5qjv,K2J,304,1,A,1459,O,-0.818,1.496,6.008,5.357,8.0,O,CNc1nccc(n1)OC
NUDT5,5qjv,K2J,304,1,A,1460,C1,-3.378,0.951,3.608,3.623,2.0,C,CNc1nccc(n1)OC
NUDT5,5qjv,K2J,304,1,A,1461,C2,-2.841,3.208,3.551,27.775,4.0,C,CNc1nccc(n1)OC
NUDT5,5qjv,K2J,304,1,A,1462,C3,-1.877,3.057,4.5,16.907,5.0,C,CNc1nccc(n1)OC
NUDT5,5qjv,K2J,304,1,C,1433,N1,-22.278,26.936,-56.973,4.374,3.0,N,CNc1nccc(n1)OC
NUDT5,5qjv,K2J,304,1,C,1434,C4,-21.711,28.936,-58.793,4.831,6.0,C,CNc1nccc(n1)OC
NUDT5,5qjv,K2J,304,1,C,1435,C5,-20.899,31.221,-59.438,50.72,9.0,C,CNc1nccc(n1)OC
NUDT5,5qjv,K2J,304,1,C,1436,N,-22.718,25.514,-58.816,13.123,1.0,N,CNc1nccc(n1)OC
NUDT5,5qjv,K2J,304,1,C,1437,C,-23.074,24.383,-57.962,22.945,0.0,C,CNc1nccc(n1)OC
NUDT5,5qjv,K2J,304,1,C,1438,O,-21.354,29.891,-59.724,15.0,8.0,O,CNc1nccc(n1)OC
NUDT5,5qjv,K2J,304,1,C,1439,C1,-22.333,26.738,-58.329,3.623,2.0,C,CNc1nccc(n1)OC
NUDT5,5qjv,K2J,304,1,C,1440,C2,-21.947,28.185,-56.54,20.53,4.0,C,CNc1nccc(n1)OC
NUDT5,5qjv,K2J,304,1,C,1441,C3,-21.657,29.246,-57.381,15.699,5.0,C,CNc1nccc(n1)OC
NUDT5,5qjv,K2J,304,1,C,1442,N2,-22.05,27.708,-59.306,17.497,7.0,N,CNc1nccc(n1)OC
NUDT5,5qjw,K2M,304,1,A,1466,N1,-0.855,5.038,5.865,4.374,10.0,N,c1cc(oc1)C(=O)N2CCN(CC2)C(=O)N
NUDT5,5qjw,K2M,304,1,A,1467,C4,-1.857,5.181,4.795,24.153,11.0,C,c1cc(oc1)C(=O)N2CCN(CC2)C(=O)N
NUDT5,5qjw,K2M,304,1,A,1468,C5,-2.652,1.34,4.797,3.623,5.0,C,c1cc(oc1)C(=O)N2CCN(CC2)C(=O)N
NUDT5,5qjw,K2M,304,1,A,1469,C6,-3.667,1.117,3.753,3.623,2.0,C,c1cc(oc1)C(=O)N2CCN(CC2)C(=O)N
NUDT5,5qjw,K2M,304,1,A,1470,C7,-4.303,1.872,2.779,18.114,1.0,C,c1cc(oc1)C(=O)N2CCN(CC2)C(=O)N
NUDT5,5qjw,K2M,304,1,A,1471,C8,-5.132,0.959,2.07,19.322,0.0,C,c1cc(oc1)C(=O)N2CCN(CC2)C(=O)N
NUDT5,5qjw,K2M,304,1,A,1472,N,0.814,6.658,5.345,40.463,15.0,N,c1cc(oc1)C(=O)N2CCN(CC2)C(=O)N
NUDT5,5qjw,K2M,304,1,A,1473,C,-0.195,6.279,6.218,4.831,13.0,C,c1cc(oc1)C(=O)N2CCN(CC2)C(=O)N
NUDT5,5qjw,K2M,304,1,A,1474,O,-0.491,6.94,7.223,53.573,14.0,O,c1cc(oc1)C(=O)N2CCN(CC2)C(=O)N
NUDT5,5qjw,K2M,304,1,A,1475,C1,0.043,3.906,5.638,10.869,9.0,C,c1cc(oc1)C(=O)N2CCN(CC2)C(=O)N
NUDT5,5qjw,K2M,304,1,A,1476,C2,-0.724,2.593,5.732,9.661,8.0,C,c1cc(oc1)C(=O)N2CCN(CC2)C(=O)N
NUDT5,5qjw,K2M,304,1,A,1477,C3,-2.333,3.846,4.172,9.661,12.0,C,c1cc(oc1)C(=O)N2CCN(CC2)C(=O)N
NUDT5,5qjw,K2M,304,1,A,1478,C9,-4.959,-0.232,2.642,7.246,4.0,C,c1cc(oc1)C(=O)N2CCN(CC2)C(=O)N
NUDT5,5qjw,K2M,304,1,A,1479,N2,-1.978,2.585,4.924,1.094,7.0,N,c1cc(oc1)C(=O)N2CCN(CC2)C(=O)N
NUDT5,5qjw,K2M,304,1,A,1480,O1,-2.397,0.412,5.558,5.357,6.0,O,c1cc(oc1)C(=O)N2CCN(CC2)C(=O)N
NUDT5,5qjw,K2M,304,1,B,1471,N1,-19.442,-17.422,-5.092,2.187,10.0,N,c1cc(oc1)C(=O)N2CCN(CC2)C(=O)N
NUDT5,5qjw,K2M,304,1,B,1472,C4,-18.708,-16.516,-6.017,18.114,11.0,C,c1cc(oc1)C(=O)N2CCN(CC2)C(=O)N
NUDT5,5qjw,K2M,304,1,B,1473,C5,-17.729,-14.165,-3.015,2.415,5.0,C,c1cc(oc1)C(=O)N2CCN(CC2)C(=O)N
NUDT5,5qjw,K2M,304,1,B,1474,C6,-16.562,-13.359,-3.401,2.415,2.0,C,c1cc(oc1)C(=O)N2CCN(CC2)C(=O)N
NUDT5,5qjw,K2M,304,1,B,1475,C7,-15.525,-13.482,-4.305,20.53,1.0,C,c1cc(oc1)C(=O)N2CCN(CC2)C(=O)N
NUDT5,5qjw,K2M,304,1,B,1476,C8,-14.691,-12.326,-4.091,25.36,0.0,C,c1cc(oc1)C(=O)N2CCN(CC2)C(=O)N
NUDT5,5qjw,K2M,304,1,B,1477,N,-20.006,-18.821,-6.988,48.118,15.0,N,c1cc(oc1)C(=O)N2CCN(CC2)C(=O)N
NUDT5,5qjw,K2M,304,1,B,1478,C,-19.97,-18.702,-5.614,8.453,13.0,C,c1cc(oc1)C(=O)N2CCN(CC2)C(=O)N
NUDT5,5qjw,K2M,304,1,B,1479,O,-20.364,-19.636,-4.883,52.501,14.0,O,c1cc(oc1)C(=O)N2CCN(CC2)C(=O)N
NUDT5,5qjw,K2M,304,1,B,1480,C1,-20.339,-16.639,-4.291,13.284,9.0,C,c1cc(oc1)C(=O)N2CCN(CC2)C(=O)N
NUDT5,5qjw,K2M,304,1,B,1481,C2,-19.537,-15.802,-3.315,10.869,8.0,C,c1cc(oc1)C(=O)N2CCN(CC2)C(=O)N
NUDT5,5qjw,K2M,304,1,B,1482,C3,-17.859,-15.432,-5.274,14.492,12.0,C,c1cc(oc1)C(=O)N2CCN(CC2)C(=O)N
NUDT5,5qjw,K2M,304,1,B,1483,C9,-15.259,-11.61,-3.124,4.831,4.0,C,c1cc(oc1)C(=O)N2CCN(CC2)C(=O)N
NUDT5,5qjw,K2M,304,1,B,1485,O1,-18.151,-14.048,-1.859,6.429,6.0,O,c1cc(oc1)C(=O)N2CCN(CC2)C(=O)N
NUDT5,5qjw,K2M,303,1,D,1412,C4,-22.439,32.11,-57.747,19.322,11.0,C,c1cc(oc1)C(=O)N2CCN(CC2)C(=O)N
NUDT5,5qjw,K2M,303,1,D,1413,C5,-22.612,28.352,-58.836,3.623,5.0,C,c1cc(oc1)C(=O)N2CCN(CC2)C(=O)N
NUDT5,5qjw,K2M,303,1,D,1414,C6,-23.091,27.009,-58.368,2.415,2.0,C,c1cc(oc1)C(=O)N2CCN(CC2)C(=O)N
NUDT5,5qjw,K2M,303,1,D,1415,C7,-23.425,26.432,-57.169,15.699,1.0,C,c1cc(oc1)C(=O)N2CCN(CC2)C(=O)N
NUDT5,5qjw,K2M,303,1,D,1416,C8,-23.821,25.089,-57.453,15.699,0.0,C,c1cc(oc1)C(=O)N2CCN(CC2)C(=O)N
NUDT5,5qjw,K2M,303,1,D,1417,N,-24.013,32.872,-54.387,42.65,15.0,N,c1cc(oc1)C(=O)N2CCN(CC2)C(=O)N
NUDT5,5qjw,K2M,303,1,D,1418,C,-23.438,33.093,-55.628,2.415,13.0,C,c1cc(oc1)C(=O)N2CCN(CC2)C(=O)N
NUDT5,5qjw,K2M,303,1,D,1419,O,-23.239,34.257,-55.995,28.929,14.0,O,c1cc(oc1)C(=O)N2CCN(CC2)C(=O)N
NUDT5,5qjw,K2M,303,1,D,1420,C1,-22.482,30.733,-55.724,22.945,9.0,C,c1cc(oc1)C(=O)N2CCN(CC2)C(=O)N
NUDT5,5qjw,K2M,303,1,D,1421,C2,-22.72,29.405,-56.496,10.869,8.0,C,c1cc(oc1)C(=O)N2CCN(CC2)C(=O)N
NUDT5,5qjw,K2M,303,1,D,1422,C3,-21.906,30.804,-58.453,22.945,12.0,C,c1cc(oc1)C(=O)N2CCN(CC2)C(=O)N
NUDT5,5qjw,K2M,303,1,D,1423,C9,-23.692,24.936,-58.78,8.453,4.0,C,c1cc(oc1)C(=O)N2CCN(CC2)C(=O)N
NUDT5,5qjw,K2M,303,1,D,1425,O1,-22.295,28.436,-60.02,6.429,6.0,O,c1cc(oc1)C(=O)N2CCN(CC2)C(=O)N
NUDT5,5qjx,K2P,304,1,B,1475,C4,13.177,7.954,-3.751,24.153,1.0,C,c1ccc(c(c1)C(=O)O)OC(F)(F)F
NUDT5,5qjx,K2P,304,1,B,1476,C5,12.432,7.248,-4.69,4.831,2.0,C,c1ccc(c(c1)C(=O)O)OC(F)(F)F
NUDT5,5qjx,K2P,304,1,B,1477,C6,12.614,5.85,-4.794,2.415,3.0,C,c1ccc(c(c1)C(=O)O)OC(F)(F)F
NUDT5,5qjx,K2P,304,1,B,1479,C,13.555,3.581,-3.91,6.038,6.0,C,c1ccc(c(c1)C(=O)O)OC(F)(F)F
NUDT5,5qjx,K2P,304,1,B,1480,O,14.692,3.114,-3.976,41.787,7.0,O,c1ccc(c(c1)C(=O)O)OC(F)(F)F
NUDT5,5qjx,K2P,304,1,B,1481,C1,13.485,5.133,-3.951,3.623,4.0,C,c1ccc(c(c1)C(=O)O)OC(F)(F)F
NUDT5,5qjx,K2P,304,1,B,1482,C2,14.261,5.891,-3.057,21.737,5.0,C,c1ccc(c(c1)C(=O)O)OC(F)(F)F
NUDT5,5qjx,K2P,304,1,B,1483,C3,14.107,7.284,-2.944,28.983,0.0,C,c1ccc(c(c1)C(=O)O)OC(F)(F)F
NUDT5,5qjx,K2P,304,1,B,1484,F,10.517,4.219,-7.056,1.035,11.0,F,c1ccc(c(c1)C(=O)O)OC(F)(F)F
NUDT5,5qjx,K2P,304,1,B,1487,O1,12.501,2.904,-3.799,9.643,8.0,O,c1ccc(c(c1)C(=O)O)OC(F)(F)F
NUDT5,5qjx,K2P,304,1,B,1488,O2,12.022,5.221,-5.877,4.286,9.0,O,c1ccc(c(c1)C(=O)O)OC(F)(F)F
NUDT5,5qjy,K2S,304,1,C,1409,N1,-26.753,8.38,-63.7,2.187,5.0,N,Cc1c(c(n[nH]1)C)S(=O)(=O)N(C)C
NUDT5,5qjy,K2S,304,1,C,1410,C4,-28.272,10.01,-62.642,13.284,0.0,C,Cc1c(c(n[nH]1)C)S(=O)(=O)N(C)C
NUDT5,5qjy,K2S,304,1,C,1411,C5,-28.091,6.625,-64.237,1.208,3.0,C,Cc1c(c(n[nH]1)C)S(=O)(=O)N(C)C
NUDT5,5qjy,K2S,304,1,C,1412,C6,-28.408,5.299,-64.821,31.398,6.0,C,Cc1c(c(n[nH]1)C)S(=O)(=O)N(C)C
NUDT5,5qjy,K2S,304,1,C,1413,N,-31.158,8.188,-64.73,1.094,10.0,N,Cc1c(c(n[nH]1)C)S(=O)(=O)N(C)C
NUDT5,5qjy,K2S,304,1,C,1414,C,-31.911,7.503,-65.794,54.343,11.0,C,Cc1c(c(n[nH]1)C)S(=O)(=O)N(C)C
NUDT5,5qjy,K2S,304,1,C,1415,O,-30.914,8.19,-62.209,24.644,8.0,O,Cc1c(c(n[nH]1)C)S(=O)(=O)N(C)C
NUDT5,5qjy,K2S,304,1,C,1416,C1,-31.088,9.646,-64.989,47.098,12.0,C,Cc1c(c(n[nH]1)C)S(=O)(=O)N(C)C
NUDT5,5qjy,K2S,304,1,C,1418,C3,-27.997,8.694,-63.291,1.208,1.0,C,Cc1c(c(n[nH]1)C)S(=O)(=O)N(C)C
NUDT5,5qjy,K2S,304,1,C,1419,N2,-26.85,7.127,-64.263,5.468,4.0,N,Cc1c(c(n[nH]1)C)S(=O)(=O)N(C)C
NUDT5,5qjy,K2S,304,1,C,1420,O1,-30.865,6.08,-63.417,17.143,9.0,O,Cc1c(c(n[nH]1)C)S(=O)(=O)N(C)C
NUDT5,5qjy,K2S,304,1,A,1455,C4,-5.774,0.425,1.985,8.453,0.0,C,Cc1c(c(n[nH]1)C)S(=O)(=O)N(C)C
NUDT5,5qjy,K2S,304,1,A,1456,C5,-3.211,1.985,4.163,2.415,3.0,C,Cc1c(c(n[nH]1)C)S(=O)(=O)N(C)C
NUDT5,5qjy,K2S,304,1,A,1457,C6,-2.314,2.97,4.787,31.398,6.0,C,Cc1c(c(n[nH]1)C)S(=O)(=O)N(C)C
NUDT5,5qjy,K2S,304,1,A,1458,N,-6.408,3.554,2.441,1.094,10.0,N,Cc1c(c(n[nH]1)C)S(=O)(=O)N(C)C
NUDT5,5qjy,K2S,304,1,A,1459,C,-7.725,3.43,3.108,49.513,11.0,C,Cc1c(c(n[nH]1)C)S(=O)(=O)N(C)C
NUDT5,5qjy,K2S,304,1,A,1460,O,-4.032,4.399,2.305,21.429,8.0,O,Cc1c(c(n[nH]1)C)S(=O)(=O)N(C)C
NUDT5,5qjy,K2S,304,1,A,1461,C1,-6.547,3.614,1.004,43.475,12.0,C,Cc1c(c(n[nH]1)C)S(=O)(=O)N(C)C
NUDT5,5qjy,K2S,304,1,A,1462,C2,-4.334,2.212,3.373,1.208,2.0,C,Cc1c(c(n[nH]1)C)S(=O)(=O)N(C)C
NUDT5,5qjy,K2S,304,1,A,1463,C3,-4.725,0.875,2.927,3.623,1.0,C,Cc1c(c(n[nH]1)C)S(=O)(=O)N(C)C
NUDT5,5qjy,K2S,304,1,A,1464,N2,-3.011,0.663,4.202,2.187,4.0,N,Cc1c(c(n[nH]1)C)S(=O)(=O)N(C)C
NUDT5,5qjy,K2S,304,1,A,1465,O1,-5.2,4.279,4.443,30.001,9.0,O,Cc1c(c(n[nH]1)C)S(=O)(=O)N(C)C
NUDT5,5qjy,K2S,304,1,A,1466,S,-4.944,3.699,3.164,1.287,7.0,S,Cc1c(c(n[nH]1)C)S(=O)(=O)N(C)C
NUDT5,5qjy,K2S,305,1,A,1467,N1,-17.421,-13.389,-2.653,19.685,5.0,N,Cc1c(c(n[nH]1)C)S(=O)(=O)N(C)C
NUDT5,5qjy,K2S,305,1,A,1468,C4,-18.382,-15.201,-3.959,42.267,0.0,C,Cc1c(c(n[nH]1)C)S(=O)(=O)N(C)C
NUDT5,5qjy,K2S,305,1,A,1469,C5,-15.779,-12.562,-3.964,3.623,3.0,C,Cc1c(c(n[nH]1)C)S(=O)(=O)N(C)C
NUDT5,5qjy,K2S,305,1,A,1470,C6,-14.641,-11.69,-4.262,30.191,6.0,C,Cc1c(c(n[nH]1)C)S(=O)(=O)N(C)C
NUDT5,5qjy,K2S,305,1,A,1472,C,-14.606,-16.241,-5.236,10.869,11.0,C,Cc1c(c(n[nH]1)C)S(=O)(=O)N(C)C
NUDT5,5qjy,K2S,305,1,A,1473,O,-15.651,-13.015,-7.066,30.001,8.0,O,Cc1c(c(n[nH]1)C)S(=O)(=O)N(C)C
NUDT5,5qjy,K2S,305,1,A,1474,C1,-13.327,-14.239,-5.864,2.415,12.0,C,Cc1c(c(n[nH]1)C)S(=O)(=O)N(C)C
NUDT5,5qjy,K2S,305,1,A,1475,C2,-16.387,-13.598,-4.704,2.415,2.0,C,Cc1c(c(n[nH]1)C)S(=O)(=O)N(C)C
NUDT5,5qjy,K2S,305,1,A,1476,C3,-17.425,-14.09,-3.79,3.623,1.0,C,Cc1c(c(n[nH]1)C)S(=O)(=O)N(C)C
NUDT5,5qjy,K2S,305,1,A,1477,N2,-16.417,-12.479,-2.79,16.404,4.0,N,Cc1c(c(n[nH]1)C)S(=O)(=O)N(C)C
NUDT5,5qjy,K2S,305,1,A,1478,O1,-16.871,-15.077,-6.717,28.929,9.0,O,Cc1c(c(n[nH]1)C)S(=O)(=O)N(C)C
NUDT5,5qjy,K2S,305,1,A,1479,S,-15.978,-14.106,-6.208,1.287,7.0,S,Cc1c(c(n[nH]1)C)S(=O)(=O)N(C)C
NUDT5,5qk1,K34,304,1,A,1466,N1,-3.036,0.33,4.075,1.094,6.0,N,c1csc(n1)c2[nH]ncn2
NUDT5,5qk1,K34,304,1,A,1467,N3,-3.911,1.918,2.749,14.217,9.0,N,c1csc(n1)c2[nH]ncn2
NUDT5,5qk1,K34,304,1,A,1468,C4,-4.535,0.714,2.502,18.114,8.0,C,c1csc(n1)c2[nH]ncn2
NUDT5,5qk1,K34,304,1,A,1469,N,-2.125,3.911,4.154,17.497,4.0,N,c1csc(n1)c2[nH]ncn2
NUDT5,5qk1,K34,304,1,A,1470,C,-1.132,4.511,4.987,36.229,0.0,C,c1csc(n1)c2[nH]ncn2
NUDT5,5qk1,K34,304,1,A,1471,C1,-0.466,3.656,5.788,28.983,1.0,C,c1csc(n1)c2[nH]ncn2
NUDT5,5qk1,K34,304,1,A,1472,C2,-2.14,2.6,4.379,3.623,3.0,C,c1csc(n1)c2[nH]ncn2
NUDT5,5qk1,K34,304,1,A,1473,C3,-2.979,1.652,3.741,4.831,5.0,C,c1csc(n1)c2[nH]ncn2
NUDT5,5qk1,K34,304,1,A,1474,N2,-3.984,-0.215,3.323,1.094,7.0,N,c1csc(n1)c2[nH]ncn2
NUDT5,5qk1,K34,304,1,A,1475,S,-1.031,2.028,5.562,15.442,2.0,S,c1csc(n1)c2[nH]ncn2
NUDT5,5qk1,K34,304,1,B,1472,N3,-15.556,-13.413,-4.523,17.497,9.0,N,c1csc(n1)c2[nH]ncn2
NUDT5,5qk1,K34,304,1,B,1473,C4,-15.034,-12.306,-3.891,19.322,8.0,C,c1csc(n1)c2[nH]ncn2
NUDT5,5qk1,K34,304,1,B,1474,N,-17.36,-15.545,-5.247,17.497,4.0,N,c1csc(n1)c2[nH]ncn2
NUDT5,5qk1,K34,304,1,B,1475,C,-18.445,-16.459,-5.333,32.606,0.0,C,c1csc(n1)c2[nH]ncn2
NUDT5,5qk1,K34,304,1,B,1476,C1,-19.342,-16.407,-4.307,30.191,1.0,C,c1csc(n1)c2[nH]ncn2
NUDT5,5qk1,K34,304,1,B,1477,C2,-17.517,-14.826,-4.134,3.623,3.0,C,c1csc(n1)c2[nH]ncn2
NUDT5,5qk1,K34,304,1,B,1478,C3,-16.656,-13.768,-3.784,4.831,5.0,C,c1csc(n1)c2[nH]ncn2
NUDT5,5qk1,K34,304,1,B,1479,N2,-15.798,-12.048,-2.827,1.094,7.0,N,c1csc(n1)c2[nH]ncn2
NUDT5,5qk1,K34,304,1,B,1480,S,-18.89,-15.199,-3.174,15.442,2.0,S,c1csc(n1)c2[nH]ncn2
NUDT5,5qk1,K34,304,1,C,1433,N3,-29.076,7.613,-63.436,17.497,9.0,N,c1csc(n1)c2[nH]ncn2
NUDT5,5qk1,K34,304,1,C,1434,C4,-28.378,8.785,-63.14,16.907,8.0,C,c1csc(n1)c2[nH]ncn2
NUDT5,5qk1,K34,304,1,C,1435,N,-29.62,4.895,-64.373,17.497,4.0,N,c1csc(n1)c2[nH]ncn2
NUDT5,5qk1,K34,304,1,C,1436,C,-29.546,3.58,-64.872,33.814,0.0,C,c1csc(n1)c2[nH]ncn2
NUDT5,5qk1,K34,304,1,C,1437,C1,-28.288,3.166,-65.229,28.983,1.0,C,c1csc(n1)c2[nH]ncn2
NUDT5,5qk1,K34,304,1,C,1438,C2,-28.398,5.421,-64.377,3.623,3.0,C,c1csc(n1)c2[nH]ncn2
NUDT5,5qk1,K34,304,1,C,1439,C3,-28.106,6.729,-63.918,3.623,5.0,C,c1csc(n1)c2[nH]ncn2
NUDT5,5qk1,K34,304,1,C,1440,N2,-27.056,8.58,-63.441,3.281,7.0,N,c1csc(n1)c2[nH]ncn2
NUDT5,5qk1,K34,304,1,C,1441,S,-27.125,4.395,-64.964,16.728,2.0,S,c1csc(n1)c2[nH]ncn2
NUDT5,5qk2,JH4,305,1,B,1472,C01,-13.976,-11.677,-3.72,26.568,0.0,C,CNc1ncccn1
NUDT5,5qk2,JH4,305,1,B,1474,C03,-15.968,-13.196,-3.358,4.831,2.0,C,CNc1ncccn1
NUDT5,5qk2,JH4,305,1,B,1476,C05,-17.863,-14.49,-2.941,9.661,4.0,C,CNc1ncccn1
NUDT5,5qk2,JH4,305,1,B,1477,C06,-17.656,-15.248,-4.1,22.945,5.0,C,CNc1ncccn1
NUDT5,5qk2,JH4,305,1,B,1478,C07,-16.514,-14.903,-4.864,26.568,6.0,C,CNc1ncccn1
NUDT5,5qk2,JH4,305,1,B,1479,N08,-15.663,-13.897,-4.516,9.842,7.0,N,CNc1ncccn1
NUDT5,5qk1,K34,303,1,D,1436,N1,-22.873,26.792,-59.578,2.187,6.0,N,c1csc(n1)c2[nH]ncn2
NUDT5,5qk1,K34,303,1,D,1437,N3,-23.008,26.367,-57.397,15.31,9.0,N,c1csc(n1)c2[nH]ncn2
NUDT5,5qk1,K34,303,1,D,1438,C4,-23.43,25.233,-58.093,15.699,8.0,C,c1csc(n1)c2[nH]ncn2
NUDT5,5qk1,K34,303,1,D,1439,N,-22.083,28.998,-56.854,15.31,4.0,N,c1csc(n1)c2[nH]ncn2
NUDT5,5qk1,K34,303,1,D,1440,C,-21.631,30.341,-56.877,35.021,0.0,C,c1csc(n1)c2[nH]ncn2
NUDT5,5qk1,K34,303,1,D,1441,C1,-21.43,30.888,-58.112,31.398,1.0,C,c1csc(n1)c2[nH]ncn2
NUDT5,5qk1,K34,303,1,D,1442,C2,-22.203,28.593,-58.075,2.415,3.0,C,c1csc(n1)c2[nH]ncn2
NUDT5,5qk1,K34,303,1,D,1443,C3,-22.669,27.309,-58.37,3.623,5.0,C,c1csc(n1)c2[nH]ncn2
NUDT5,5qk1,K34,303,1,D,1444,N2,-23.345,25.512,-59.413,2.187,7.0,N,c1csc(n1)c2[nH]ncn2
NUDT5,5qk1,K34,303,1,D,1445,S,-21.782,29.755,-59.312,15.442,2.0,S,c1csc(n1)c2[nH]ncn2
NUDT5,5qk4,K3D,303,1,A,1469,N1,-0.619,4.811,4.196,7.655,5.0,N,CCNC(=O)N1CCN(CC1)C(=O)C
NUDT5,5qk4,K3D,303,1,A,1470,C4,-2.73,3.542,4.097,26.568,7.0,C,CCNC(=O)N1CCN(CC1)C(=O)C
NUDT5,5qk4,K3D,303,1,A,1471,C5,-1.078,2.712,5.668,18.114,9.0,C,CCNC(=O)N1CCN(CC1)C(=O)C
NUDT5,5qk4,K3D,303,1,A,1472,C6,-0.072,3.775,5.159,13.284,10.0,C,CCNC(=O)N1CCN(CC1)C(=O)C
NUDT5,5qk4,K3D,303,1,A,1473,C7,-2.725,1.055,4.635,3.623,11.0,C,CCNC(=O)N1CCN(CC1)C(=O)C
NUDT5,5qk4,K3D,303,1,A,1474,C8,-3.84,0.641,3.677,22.945,13.0,C,CCNC(=O)N1CCN(CC1)C(=O)C
NUDT5,5qk4,K3D,303,1,A,1475,N,1.626,5.724,4.081,13.123,2.0,N,CCNC(=O)N1CCN(CC1)C(=O)C
NUDT5,5qk4,K3D,303,1,A,1476,C,4.021,5.356,4.138,18.114,0.0,C,CCNC(=O)N1CCN(CC1)C(=O)C
NUDT5,5qk4,K3D,303,1,A,1477,O,0.146,6.224,2.415,33.215,4.0,O,CCNC(=O)N1CCN(CC1)C(=O)C
NUDT5,5qk4,K3D,303,1,A,1478,C1,2.843,5.818,3.287,25.36,1.0,C,CCNC(=O)N1CCN(CC1)C(=O)C
NUDT5,5qk4,K3D,303,1,A,1479,C2,0.382,5.635,3.472,7.246,3.0,C,CCNC(=O)N1CCN(CC1)C(=O)C
NUDT5,5qk4,K3D,303,1,A,1480,C3,-1.726,4.342,3.309,16.907,6.0,C,CCNC(=O)N1CCN(CC1)C(=O)C
NUDT5,5qk4,K3D,303,1,A,1482,O1,-2.387,0.262,5.483,5.357,12.0,O,CCNC(=O)N1CCN(CC1)C(=O)C
NUDT5,5qk4,K3D,304,1,A,1483,N1,-19.671,-15.748,-5.784,3.281,5.0,N,CCNC(=O)N1CCN(CC1)C(=O)C
NUDT5,5qk4,K3D,304,1,A,1484,C4,-17.299,-15.367,-5.064,7.246,7.0,C,CCNC(=O)N1CCN(CC1)C(=O)C
NUDT5,5qk4,K3D,304,1,A,1485,C5,-19.112,-15.793,-3.346,18.114,9.0,C,CCNC(=O)N1CCN(CC1)C(=O)C
NUDT5,5qk4,K3D,304,1,A,1486,C6,-19.801,-16.52,-4.519,16.907,10.0,C,CCNC(=O)N1CCN(CC1)C(=O)C
NUDT5,5qk4,K3D,304,1,A,1487,C7,-17.336,-14.065,-2.847,3.623,11.0,C,CCNC(=O)N1CCN(CC1)C(=O)C
NUDT5,5qk4,K3D,304,1,A,1488,C8,-16.266,-13.053,-3.167,28.983,13.0,C,CCNC(=O)N1CCN(CC1)C(=O)C
NUDT5,5qk4,K3D,304,1,A,1489,N,-21.847,-16.121,-6.749,14.217,2.0,N,CCNC(=O)N1CCN(CC1)C(=O)C
NUDT5,5qk4,K3D,304,1,A,1490,C,-22.846,-18.343,-7.286,31.398,0.0,C,CCNC(=O)N1CCN(CC1)C(=O)C
NUDT5,5qk4,K3D,304,1,A,1491,O,-19.935,-16.391,-8.061,34.287,4.0,O,CCNC(=O)N1CCN(CC1)C(=O)C
NUDT5,5qk4,K3D,304,1,A,1492,C1,-22.786,-16.84,-7.631,6.038,1.0,C,CCNC(=O)N1CCN(CC1)C(=O)C
NUDT5,5qk4,K3D,304,1,A,1493,C2,-20.45,-16.127,-6.967,6.038,3.0,C,CCNC(=O)N1CCN(CC1)C(=O)C
NUDT5,5qk4,K3D,304,1,A,1494,C3,-18.418,-14.926,-5.952,24.153,6.0,C,CCNC(=O)N1CCN(CC1)C(=O)C
NUDT5,5qk4,K3D,304,1,A,1496,O1,-17.85,-14.039,-1.753,31.072,12.0,O,CCNC(=O)N1CCN(CC1)C(=O)C
NUDT5,5qk3,K3A,303,1,A,1454,C4,-4.726,0.708,2.543,3.623,1.0,C,Cc1cc(n[nH]1)NC(=O)C
NUDT5,5qk3,K3A,303,1,A,1455,C5,-5.789,0.409,1.59,27.775,0.0,C,Cc1cc(n[nH]1)NC(=O)C
NUDT5,5qk3,K3A,303,1,A,1456,N,-2.108,2.218,4.605,4.374,6.0,N,Cc1cc(n[nH]1)NC(=O)C
NUDT5,5qk3,K3A,303,1,A,1457,C,-0.705,4.02,5.511,48.305,9.0,C,Cc1cc(n[nH]1)NC(=O)C
NUDT5,5qk3,K3A,303,1,A,1458,O,-2.625,4.357,3.991,35.358,8.0,O,Cc1cc(n[nH]1)NC(=O)C
NUDT5,5qk3,K3A,303,1,A,1459,C1,-1.894,3.587,4.622,3.623,7.0,C,Cc1cc(n[nH]1)NC(=O)C
NUDT5,5qk3,K3A,303,1,A,1460,C2,-3.138,1.595,3.853,4.831,3.0,C,Cc1cc(n[nH]1)NC(=O)C
NUDT5,5qk3,K3A,303,1,A,1461,C3,-4.038,1.949,2.821,19.322,2.0,C,Cc1cc(n[nH]1)NC(=O)C
NUDT5,5qk3,K3A,303,1,A,1462,N2,-3.353,0.287,4.091,3.281,4.0,N,Cc1cc(n[nH]1)NC(=O)C
NUDT5,5qk4,K3D,304,1,C,1428,N1,-23.073,30.759,-56.702,5.468,5.0,N,CCNC(=O)N1CCN(CC1)C(=O)C
NUDT5,5qk4,K3D,304,1,C,1429,C4,-21.971,29.781,-58.808,15.699,7.0,C,CCNC(=O)N1CCN(CC1)C(=O)C
NUDT5,5qk4,K3D,304,1,C,1430,C5,-22.743,28.311,-56.785,15.699,9.0,C,CCNC(=O)N1CCN(CC1)C(=O)C
NUDT5,5qk4,K3D,304,1,C,1431,C6,-22.522,29.568,-56.0,12.076,10.0,C,CCNC(=O)N1CCN(CC1)C(=O)C
NUDT5,5qk4,K3D,304,1,C,1432,C7,-22.625,27.357,-59.054,4.831,11.0,C,CCNC(=O)N1CCN(CC1)C(=O)C
NUDT5,5qk4,K3D,304,1,C,1433,C8,-23.23,26.04,-58.57,35.021,13.0,C,CCNC(=O)N1CCN(CC1)C(=O)C
NUDT5,5qk4,K3D,304,1,C,1434,N,-23.279,33.217,-56.354,10.936,2.0,N,CCNC(=O)N1CCN(CC1)C(=O)C
NUDT5,5qk4,K3D,304,1,C,1435,C,-24.084,35.52,-56.523,32.606,0.0,C,CCNC(=O)N1CCN(CC1)C(=O)C
NUDT5,5qk4,K3D,304,1,C,1436,O,-23.537,31.742,-54.569,35.358,4.0,O,CCNC(=O)N1CCN(CC1)C(=O)C
NUDT5,5qk4,K3D,304,1,C,1437,C1,-23.781,34.359,-55.586,14.492,1.0,C,CCNC(=O)N1CCN(CC1)C(=O)C
NUDT5,5qk4,K3D,304,1,C,1438,C2,-23.319,31.912,-55.783,8.453,3.0,C,CCNC(=O)N1CCN(CC1)C(=O)C
NUDT5,5qk4,K3D,304,1,C,1439,C3,-22.25,31.029,-57.933,21.737,6.0,C,CCNC(=O)N1CCN(CC1)C(=O)C
NUDT5,5qk4,K3D,304,1,C,1441,O1,-22.421,27.526,-60.24,30.001,12.0,O,CCNC(=O)N1CCN(CC1)C(=O)C
NUDT5,5qk5,K3J,304,1,A,1462,N1,-19.027,-14.848,-2.176,18.591,7.0,N,CCNc1ccc(nn1)C
NUDT5,5qk5,K3J,304,1,A,1463,C4,-18.377,-15.393,-4.393,18.114,5.0,C,CCNc1ccc(nn1)C
NUDT5,5qk5,K3J,304,1,A,1464,C5,-19.211,-15.583,-3.288,4.831,6.0,C,CCNc1ccc(nn1)C
NUDT5,5qk5,K3J,304,1,A,1465,C6,-20.294,-16.62,-3.266,53.136,9.0,C,CCNc1ccc(nn1)C
NUDT5,5qk5,K3J,304,1,A,1466,N,-16.271,-12.697,-2.959,9.842,2.0,N,CCNc1ccc(nn1)C
NUDT5,5qk5,K3J,304,1,A,1467,C,-14.316,-11.316,-3.582,24.153,0.0,C,CCNc1ccc(nn1)C
NUDT5,5qk5,K3J,304,1,A,1468,C1,-15.392,-12.253,-4.059,18.114,1.0,C,CCNc1ccc(nn1)C
NUDT5,5qk5,K3J,304,1,A,1469,C2,-17.186,-13.714,-3.133,3.623,3.0,C,CCNc1ccc(nn1)C
NUDT5,5qk5,K3J,304,1,A,1470,C3,-17.35,-14.454,-4.334,14.492,4.0,C,CCNc1ccc(nn1)C
NUDT5,5qk5,K3J,304,1,A,1471,N2,-18.061,-13.966,-2.077,18.591,8.0,N,CCNc1ccc(nn1)C
NUDT5,5qk5,K3J,305,1,A,1472,N1,-1.708,1.144,6.042,8.749,7.0,N,CCNc1ccc(nn1)C
NUDT5,5qk5,K3J,305,1,A,1473,C4,-2.123,3.112,4.719,18.114,5.0,C,CCNc1ccc(nn1)C
NUDT5,5qk5,K3J,305,1,A,1474,C5,-1.426,2.462,5.739,3.623,6.0,C,CCNc1ccc(nn1)C
NUDT5,5qk5,K3J,305,1,A,1475,C6,-0.318,3.161,6.464,47.098,9.0,C,CCNc1ccc(nn1)C
NUDT5,5qk5,K3J,305,1,A,1476,N,-4.172,0.25,3.565,2.187,2.0,N,CCNc1ccc(nn1)C
NUDT5,5qk5,K3J,305,1,A,1477,C,-5.957,-0.171,1.92,22.945,0.0,C,CCNc1ccc(nn1)C
NUDT5,5qk5,K3J,305,1,A,1478,C1,-4.911,0.792,2.419,13.284,1.0,C,CCNc1ccc(nn1)C
NUDT5,5qk5,K3J,305,1,A,1479,C2,-3.308,1.037,4.304,4.831,3.0,C,CCNc1ccc(nn1)C
NUDT5,5qk5,K3J,305,1,A,1480,C3,-3.07,2.416,3.983,13.284,4.0,C,CCNc1ccc(nn1)C
NUDT5,5qk5,K3J,305,1,A,1481,N2,-2.588,0.438,5.388,2.187,8.0,N,CCNc1ccc(nn1)C
NUDT5,5qk5,K3J,304,1,C,1413,N1,-22.039,29.602,-60.025,17.497,7.0,N,CCNc1ccc(nn1)C
NUDT5,5qk5,K3J,304,1,C,1414,C4,-22.106,29.828,-57.637,15.699,5.0,C,CCNc1ccc(nn1)C
NUDT5,5qk5,K3J,304,1,C,1415,C5,-21.84,30.368,-58.912,3.623,6.0,C,CCNc1ccc(nn1)C
NUDT5,5qk5,K3J,304,1,C,1416,C6,-21.388,31.767,-59.109,55.551,9.0,C,CCNc1ccc(nn1)C
NUDT5,5qk5,K3J,304,1,C,1417,N,-23.248,26.505,-58.817,9.842,2.0,N,CCNc1ccc(nn1)C
NUDT5,5qk5,K3J,304,1,C,1418,C,-23.707,24.278,-57.968,22.945,0.0,C,CCNc1ccc(nn1)C
NUDT5,5qk5,K3J,304,1,C,1419,C1,-23.596,25.743,-57.644,15.699,1.0,C,CCNc1ccc(nn1)C
NUDT5,5qk5,K3J,304,1,C,1420,C2,-22.78,27.784,-58.755,4.831,3.0,C,CCNc1ccc(nn1)C
NUDT5,5qk5,K3J,304,1,C,1421,C3,-22.586,28.535,-57.542,13.284,4.0,C,CCNc1ccc(nn1)C
NUDT5,5qk5,K3J,304,1,C,1422,N2,-22.48,28.382,-59.99,19.685,8.0,N,CCNc1ccc(nn1)C
NUDT5,5qk5,K3J,305,1,C,1423,N1,-25.371,6.489,-65.178,4.374,7.0,N,CCNc1ccc(nn1)C
NUDT5,5qk5,K3J,305,1,C,1424,C4,-27.408,5.186,-64.837,18.114,5.0,C,CCNc1ccc(nn1)C
NUDT5,5qk5,K3J,305,1,C,1425,C5,-26.086,5.3,-65.347,3.623,6.0,C,CCNc1ccc(nn1)C
NUDT5,5qk5,K3J,305,1,C,1426,C6,-25.354,4.201,-66.08,36.229,9.0,C,CCNc1ccc(nn1)C
NUDT5,5qk5,K3J,305,1,C,1427,N,-27.559,8.702,-63.523,5.468,2.0,N,CCNc1ccc(nn1)C
NUDT5,5qk5,K3J,305,1,C,1428,C,-28.913,10.241,-62.218,18.114,0.0,C,CCNc1ccc(nn1)C
NUDT5,5qk5,K3J,305,1,C,1429,C1,-28.92,8.954,-63.036,22.945,1.0,C,CCNc1ccc(nn1)C
NUDT5,5qk5,K3J,305,1,C,1430,C2,-27.163,7.491,-64.049,3.623,3.0,C,CCNc1ccc(nn1)C
NUDT5,5qk5,K3J,305,1,C,1431,C3,-27.973,6.311,-64.168,13.284,4.0,C,CCNc1ccc(nn1)C
NUDT5,5qk5,K3J,305,1,C,1432,N2,-25.852,7.5,-64.574,3.281,8.0,N,CCNc1ccc(nn1)C
NUDT5,5qk7,K3P,304,1,B,1471,N1,-2.61,3.034,3.742,6.562,12.0,N,Cn1cc(cn1)Oc2c(cncn2)Cl
NUDT5,5qk7,K3P,304,1,B,1472,N3,-4.17,7.229,3.312,18.591,5.0,N,Cn1cc(cn1)Oc2c(cncn2)Cl
NUDT5,5qk7,K3P,304,1,B,1473,C4,-2.062,1.997,4.429,20.53,11.0,C,Cn1cc(cn1)Oc2c(cncn2)Cl
NUDT5,5qk7,K3P,304,1,B,1474,C5,-3.543,0.409,3.566,20.53,9.0,C,Cn1cc(cn1)Oc2c(cncn2)Cl
NUDT5,5qk7,K3P,304,1,B,1475,C6,-4.155,1.382,2.802,2.415,8.0,C,Cn1cc(cn1)Oc2c(cncn2)Cl
NUDT5,5qk7,K3P,304,1,B,1476,C7,-4.694,5.978,3.441,1.208,4.0,C,Cn1cc(cn1)Oc2c(cncn2)Cl
NUDT5,5qk7,K3P,304,1,B,1477,N,-3.198,7.144,2.35,1.094,1.0,N,Cn1cc(cn1)Oc2c(cncn2)Cl
NUDT5,5qk7,K3P,304,1,B,1478,C,-2.422,8.344,1.978,60.381,0.0,C,Cn1cc(cn1)Oc2c(cncn2)Cl
NUDT5,5qk7,K3P,304,1,B,1479,O,-4.347,3.746,2.318,2.143,6.0,O,Cn1cc(cn1)Oc2c(cncn2)Cl
NUDT5,5qk7,K3P,304,1,B,1480,C1,-3.065,5.848,1.831,25.36,2.0,C,Cn1cc(cn1)Oc2c(cncn2)Cl
NUDT5,5qk7,K3P,304,1,B,1482,C3,-3.689,2.7,2.934,3.623,7.0,C,Cn1cc(cn1)Oc2c(cncn2)Cl
NUDT5,5qk7,K3P,304,1,B,1483,N2,-2.484,0.687,4.397,15.31,10.0,N,Cn1cc(cn1)Oc2c(cncn2)Cl
NUDT5,5qk7,K3P,304,1,B,1484,CL,-5.377,0.926,1.716,18.703,13.0,Cl,Cn1cc(cn1)Oc2c(cncn2)Cl
NUDT5,5qk7,K3P,305,1,B,1485,N1,-16.325,-14.762,-4.627,6.562,12.0,N,Cn1cc(cn1)Oc2c(cncn2)Cl
NUDT5,5qk7,K3P,305,1,B,1486,N3,-14.819,-17.342,-7.457,28.433,5.0,N,Cn1cc(cn1)Oc2c(cncn2)Cl
NUDT5,5qk7,K3P,305,1,B,1487,C4,-17.15,-14.509,-3.576,22.945,11.0,C,Cn1cc(cn1)Oc2c(cncn2)Cl
NUDT5,5qk7,K3P,305,1,B,1488,C5,-15.897,-12.72,-2.828,2.415,9.0,C,Cn1cc(cn1)Oc2c(cncn2)Cl
NUDT5,5qk7,K3P,305,1,B,1489,C6,-14.993,-12.879,-3.874,2.415,8.0,C,Cn1cc(cn1)Oc2c(cncn2)Cl
NUDT5,5qk7,K3P,305,1,B,1490,C7,-14.398,-16.584,-6.407,31.398,4.0,C,Cn1cc(cn1)Oc2c(cncn2)Cl
NUDT5,5qk7,K3P,305,1,B,1491,N,-15.36,-16.469,-8.357,3.281,1.0,N,Cn1cc(cn1)Oc2c(cncn2)Cl
NUDT5,5qk7,K3P,305,1,B,1492,C,-15.943,-16.978,-9.634,71.25,0.0,C,Cn1cc(cn1)Oc2c(cncn2)Cl
NUDT5,5qk7,K3P,305,1,B,1493,O,-14.389,-14.144,-5.827,11.786,6.0,O,Cn1cc(cn1)Oc2c(cncn2)Cl
NUDT5,5qk7,K3P,305,1,B,1494,C1,-15.301,-15.143,-7.915,20.53,2.0,C,Cn1cc(cn1)Oc2c(cncn2)Cl
NUDT5,5qk7,K3P,305,1,B,1495,C2,-14.685,-15.212,-6.663,3.623,3.0,C,Cn1cc(cn1)Oc2c(cncn2)Cl
NUDT5,5qk7,K3P,305,1,B,1496,C3,-15.228,-13.911,-4.757,3.623,7.0,C,Cn1cc(cn1)Oc2c(cncn2)Cl
NUDT5,5qk7,K3P,305,1,B,1497,N2,-16.985,-13.504,-2.647,3.281,10.0,N,Cn1cc(cn1)Oc2c(cncn2)Cl
NUDT5,5qk7,K3P,305,1,B,1498,CL,-13.665,-11.84,-3.999,26.185,13.0,Cl,Cn1cc(cn1)Oc2c(cncn2)Cl
NUDT5,5qk6,K3M,303,1,A,1457,C4,-3.187,2.243,3.457,2.415,4.0,C,Cc1ccc(c(c1)F)C(=O)N
NUDT5,5qk6,K3M,303,1,A,1458,C5,-3.24,0.785,3.739,2.415,8.0,C,Cc1ccc(c(c1)F)C(=O)N
NUDT5,5qk6,K3M,303,1,A,1459,C6,-4.194,2.921,2.724,4.831,5.0,C,Cc1ccc(c(c1)F)C(=O)N
NUDT5,5qk6,K3M,303,1,A,1460,C7,-4.109,4.33,2.5,24.153,6.0,C,Cc1ccc(c(c1)F)C(=O)N
NUDT5,5qk6,K3M,303,1,A,1461,N,-4.077,-0.005,2.987,5.468,10.0,N,Cc1ccc(c(c1)F)C(=O)N
NUDT5,5qk6,K3M,303,1,A,1462,C,-2.833,6.499,2.714,64.004,0.0,C,Cc1ccc(c(c1)F)C(=O)N
NUDT5,5qk6,K3M,303,1,A,1463,O,-2.544,0.291,4.633,7.5,9.0,O,Cc1ccc(c(c1)F)C(=O)N
NUDT5,5qk6,K3M,303,1,A,1464,C1,-2.988,5.032,3.0,2.415,1.0,C,Cc1ccc(c(c1)F)C(=O)N
NUDT5,5qk6,K3M,303,1,A,1465,C2,-1.999,4.355,3.727,20.53,2.0,C,Cc1ccc(c(c1)F)C(=O)N
NUDT5,5qk6,K3M,303,1,A,1466,C3,-2.097,2.984,3.956,10.869,3.0,C,Cc1ccc(c(c1)F)C(=O)N
NUDT5,5qk6,K3M,303,1,A,1467,F,-5.212,2.244,2.201,24.842,7.0,F,Cc1ccc(c(c1)F)C(=O)N
NUDT5,5qk7,K3P,304,1,C,1419,N1,-21.548,27.65,-57.32,7.655,12.0,N,Cn1cc(cn1)Oc2c(cncn2)Cl
NUDT5,5qk7,K3P,304,1,C,1420,N3,-19.645,28.02,-53.512,8.749,5.0,N,Cn1cc(cn1)Oc2c(cncn2)Cl
NUDT5,5qk7,K3P,304,1,C,1421,C4,-21.601,27.931,-58.65,26.568,11.0,C,Cn1cc(cn1)Oc2c(cncn2)Cl
NUDT5,5qk7,K3P,304,1,C,1422,C5,-22.191,25.788,-59.29,20.53,9.0,C,Cn1cc(cn1)Oc2c(cncn2)Cl
NUDT5,5qk7,K3P,304,1,C,1423,C6,-22.177,25.374,-57.969,3.623,8.0,C,Cn1cc(cn1)Oc2c(cncn2)Cl
NUDT5,5qk7,K3P,304,1,C,1424,C7,-19.867,27.04,-54.429,1.208,4.0,C,Cn1cc(cn1)Oc2c(cncn2)Cl
NUDT5,5qk7,K3P,304,1,C,1425,N,-20.872,28.576,-53.263,2.187,1.0,N,Cn1cc(cn1)Oc2c(cncn2)Cl
NUDT5,5qk7,K3P,304,1,C,1426,C,-21.033,29.635,-52.25,64.004,0.0,C,Cn1cc(cn1)Oc2c(cncn2)Cl
NUDT5,5qk7,K3P,304,1,C,1427,O,-21.843,26.085,-55.631,3.214,6.0,O,Cn1cc(cn1)Oc2c(cncn2)Cl
NUDT5,5qk7,K3P,304,1,C,1428,C1,-21.892,27.989,-54.025,25.36,2.0,C,Cn1cc(cn1)Oc2c(cncn2)Cl
NUDT5,5qk7,K3P,304,1,C,1430,C3,-21.853,26.341,-56.99,6.038,7.0,C,Cn1cc(cn1)Oc2c(cncn2)Cl
NUDT5,5qk7,K3P,304,1,C,1431,N2,-21.915,27.053,-59.661,19.685,10.0,N,Cn1cc(cn1)Oc2c(cncn2)Cl
NUDT5,5qk7,K3P,304,1,C,1432,CL,-22.534,23.75,-57.659,22.444,13.0,Cl,Cn1cc(cn1)Oc2c(cncn2)Cl
NUDT5,5qk7,K3P,305,1,C,1433,N1,-28.174,5.597,-64.317,3.281,12.0,N,Cn1cc(cn1)Oc2c(cncn2)Cl
NUDT5,5qk7,K3P,305,1,C,1434,N3,-31.97,4.517,-65.638,28.433,5.0,N,Cn1cc(cn1)Oc2c(cncn2)Cl
NUDT5,5qk7,K3P,305,1,C,1435,C4,-26.815,5.468,-64.417,18.114,11.0,C,Cn1cc(cn1)Oc2c(cncn2)Cl
NUDT5,5qk7,K3P,305,1,C,1436,C5,-26.379,7.64,-63.704,1.208,9.0,C,Cn1cc(cn1)Oc2c(cncn2)Cl
NUDT5,5qk7,K3P,305,1,C,1437,C6,-27.742,7.881,-63.548,2.415,8.0,C,Cn1cc(cn1)Oc2c(cncn2)Cl
NUDT5,5qk7,K3P,305,1,C,1438,C7,-30.971,5.416,-65.56,27.775,4.0,C,Cn1cc(cn1)Oc2c(cncn2)Cl
NUDT5,5qk7,K3P,305,1,C,1439,N,-32.461,4.404,-64.375,2.187,1.0,N,Cn1cc(cn1)Oc2c(cncn2)Cl
NUDT5,5qk7,K3P,305,1,C,1440,C,-33.599,3.505,-64.128,66.42,0.0,C,Cn1cc(cn1)Oc2c(cncn2)Cl
NUDT5,5qk7,K3P,305,1,C,1441,O,-29.994,6.956,-63.808,10.715,6.0,O,Cn1cc(cn1)Oc2c(cncn2)Cl
NUDT5,5qk7,K3P,305,1,C,1442,C1,-31.784,5.23,-63.453,28.983,2.0,C,Cn1cc(cn1)Oc2c(cncn2)Cl
NUDT5,5qk7,K3P,305,1,C,1443,C2,-30.828,5.906,-64.225,2.415,3.0,C,Cn1cc(cn1)Oc2c(cncn2)Cl
NUDT5,5qk7,K3P,305,1,C,1444,C3,-28.636,6.836,-63.877,1.208,7.0,C,Cn1cc(cn1)Oc2c(cncn2)Cl
NUDT5,5qk7,K3P,305,1,C,1445,N2,-25.876,6.444,-64.129,1.094,10.0,N,Cn1cc(cn1)Oc2c(cncn2)Cl
NUDT5,5qk7,K3P,305,1,C,1446,CL,-28.165,9.379,-62.954,28.679,13.0,Cl,Cn1cc(cn1)Oc2c(cncn2)Cl
NUDT5,5qk9,K3V,303,1,A,1465,N1,-3.522,1.071,3.257,8.749,12.0,N,COc1ccc2c(c1OC)C(=O)NN=C2
NUDT5,5qk9,K3V,303,1,A,1466,C4,-1.842,2.82,4.642,2.415,5.0,C,COc1ccc2c(c1OC)C(=O)NN=C2
NUDT5,5qk9,K3V,303,1,A,1467,C5,-2.049,1.422,4.972,9.661,14.0,C,COc1ccc2c(c1OC)C(=O)NN=C2
NUDT5,5qk9,K3V,303,1,A,1468,C6,-3.451,2.406,2.763,4.831,10.0,C,COc1ccc2c(c1OC)C(=O)NN=C2
NUDT5,5qk9,K3V,303,1,A,1469,C7,-2.561,3.349,3.533,1.208,6.0,C,COc1ccc2c(c1OC)C(=O)NN=C2
NUDT5,5qk9,K3V,303,1,A,1470,C8,-2.392,4.767,3.251,1.208,7.0,C,COc1ccc2c(c1OC)C(=O)NN=C2
NUDT5,5qk9,K3V,303,1,A,1471,N,-2.858,0.602,4.314,1.094,13.0,N,COc1ccc2c(c1OC)C(=O)NN=C2
NUDT5,5qk9,K3V,303,1,A,1472,C,-0.05,7.314,3.408,57.966,0.0,C,COc1ccc2c(c1OC)C(=O)NN=C2
NUDT5,5qk9,K3V,303,1,A,1473,O,-1.369,6.932,3.815,17.143,1.0,O,COc1ccc2c(c1OC)C(=O)NN=C2
NUDT5,5qk9,K3V,303,1,A,1474,C1,-1.533,5.56,4.083,2.415,2.0,C,COc1ccc2c(c1OC)C(=O)NN=C2
NUDT5,5qk9,K3V,303,1,A,1475,C2,-0.825,4.987,5.178,24.153,3.0,C,COc1ccc2c(c1OC)C(=O)NN=C2
NUDT5,5qk9,K3V,303,1,A,1476,C3,-0.971,3.629,5.447,20.53,4.0,C,COc1ccc2c(c1OC)C(=O)NN=C2
NUDT5,5qk9,K3V,303,1,A,1477,C9,-4.407,5.687,2.272,56.759,9.0,C,COc1ccc2c(c1OC)C(=O)NN=C2
NUDT5,5qk9,K3V,303,1,A,1478,O1,-4.104,2.607,1.755,20.358,11.0,O,COc1ccc2c(c1OC)C(=O)NN=C2
NUDT5,5qk9,K3V,303,1,A,1479,O2,-2.993,5.409,2.173,12.858,8.0,O,COc1ccc2c(c1OC)C(=O)NN=C2
NUDT5,5qk8,K3S,304,1,A,1454,N1,-3.449,1.156,3.489,1.094,6.0,N,CCNCc1cn(nn1)C
NUDT5,5qk8,K3S,304,1,A,1455,N3,-1.798,1.704,4.819,7.655,8.0,N,CCNCc1cn(nn1)C
NUDT5,5qk8,K3S,304,1,A,1456,C4,-3.156,2.501,3.175,24.153,5.0,C,CCNCc1cn(nn1)C
NUDT5,5qk8,K3S,304,1,A,1457,C5,-4.444,0.319,2.833,19.322,9.0,C,CCNCc1cn(nn1)C
NUDT5,5qk8,K3S,304,1,A,1458,N,-0.197,4.05,5.103,7.655,2.0,N,CCNCc1cn(nn1)C
NUDT5,5qk8,K3S,304,1,A,1459,C,1.867,5.167,4.181,32.606,0.0,C,CCNCc1cn(nn1)C
NUDT5,5qk8,K3S,304,1,A,1460,C1,0.631,5.298,5.086,36.229,1.0,C,CCNCc1cn(nn1)C
NUDT5,5qk8,K3S,304,1,A,1461,C2,-1.359,4.127,4.147,22.945,3.0,C,CCNCc1cn(nn1)C
NUDT5,5qk8,K3S,304,1,A,1462,C3,-2.092,2.838,4.037,3.623,4.0,C,CCNCc1cn(nn1)C
NUDT5,5qk8,K3S,304,1,A,1463,N2,-2.596,0.733,4.495,3.281,7.0,N,CCNCc1cn(nn1)C
NUDT5,5qk9,K3V,305,1,B,1480,N1,-16.448,-12.947,-3.631,7.655,12.0,N,COc1ccc2c(c1OC)C(=O)NN=C2
NUDT5,5qk9,K3V,305,1,B,1481,C4,-18.096,-15.155,-4.001,3.623,5.0,C,COc1ccc2c(c1OC)C(=O)NN=C2
NUDT5,5qk9,K3V,305,1,B,1482,C5,-18.068,-14.336,-2.818,10.869,14.0,C,COc1ccc2c(c1OC)C(=O)NN=C2
NUDT5,5qk9,K3V,305,1,B,1483,C6,-16.31,-13.629,-4.905,3.623,10.0,C,COc1ccc2c(c1OC)C(=O)NN=C2
NUDT5,5qk9,K3V,305,1,B,1484,C7,-17.212,-14.817,-5.068,3.623,6.0,C,COc1ccc2c(c1OC)C(=O)NN=C2
NUDT5,5qk9,K3V,305,1,B,1486,N,-17.287,-13.3,-2.662,1.094,13.0,N,COc1ccc2c(c1OC)C(=O)NN=C2
NUDT5,5qk9,K3V,305,1,B,1487,C,-19.353,-17.852,-8.081,64.004,0.0,C,COc1ccc2c(c1OC)C(=O)NN=C2
NUDT5,5qk9,K3V,305,1,B,1488,O,-18.102,-17.497,-7.452,12.858,1.0,O,COc1ccc2c(c1OC)C(=O)NN=C2
NUDT5,5qk9,K3V,305,1,B,1489,C1,-18.132,-16.701,-6.318,2.415,2.0,C,COc1ccc2c(c1OC)C(=O)NN=C2
NUDT5,5qk9,K3V,305,1,B,1490,C2,-19.022,-17.014,-5.235,21.737,3.0,C,COc1ccc2c(c1OC)C(=O)NN=C2
NUDT5,5qk9,K3V,305,1,B,1491,C3,-19.0,-16.238,-4.086,16.907,4.0,C,COc1ccc2c(c1OC)C(=O)NN=C2
NUDT5,5qk9,K3V,305,1,B,1492,C9,-15.156,-15.696,-7.373,54.343,9.0,C,COc1ccc2c(c1OC)C(=O)NN=C2
NUDT5,5qk9,K3V,305,1,B,1493,O1,-15.506,-13.161,-5.715,19.286,11.0,O,COc1ccc2c(c1OC)C(=O)NN=C2
NUDT5,5qk9,K3V,305,1,B,1494,O2,-16.508,-15.268,-7.401,10.715,8.0,O,COc1ccc2c(c1OC)C(=O)NN=C2
NUDT5,5qtl,PW7,501,1,B,1478,N1,-4.664,-0.085,2.611,19.685,10.0,N,c1cnc(nc1C(F)(F)F)N
NUDT5,5qtl,PW7,501,1,B,1479,C4,-2.123,2.595,4.383,16.907,0.0,C,c1cnc(nc1C(F)(F)F)N
NUDT5,5qtl,PW7,501,1,B,1480,N,-3.922,2.115,2.789,5.468,4.0,N,c1cnc(nc1C(F)(F)F)N
NUDT5,5qtl,PW7,501,1,B,1482,C1,-3.044,2.948,3.397,1.208,5.0,C,c1cnc(nc1C(F)(F)F)N
NUDT5,5qtl,PW7,501,1,B,1483,C2,-3.841,0.812,3.231,3.623,3.0,C,c1cnc(nc1C(F)(F)F)N
NUDT5,5qtl,PW7,501,1,B,1484,C3,-2.138,1.252,4.754,26.568,1.0,C,c1cnc(nc1C(F)(F)F)N
NUDT5,5qtl,PW7,501,1,B,1485,F,-2.199,4.65,1.958,43.473,7.0,F,c1cnc(nc1C(F)(F)F)N
NUDT5,5qtl,PW7,501,1,B,1486,F1,-2.748,5.268,3.898,13.456,8.0,F,c1cnc(nc1C(F)(F)F)N
NUDT5,5qtl,PW7,501,1,B,1487,F2,-4.274,4.804,2.459,4.14,9.0,F,c1cnc(nc1C(F)(F)F)N
NUDT5,5qtl,PW7,501,1,B,1488,N2,-2.961,0.339,4.219,18.591,2.0,N,c1cnc(nc1C(F)(F)F)N
NUDT5,5qtl,PW7,505,1,B,1495,N1,-15.456,-11.494,-3.21,7.655,10.0,N,c1cnc(nc1C(F)(F)F)N
NUDT5,5qtl,PW7,505,1,B,1496,C4,-17.676,-14.786,-4.194,16.907,0.0,C,c1cnc(nc1C(F)(F)F)N
NUDT5,5qtl,PW7,505,1,B,1497,N,-15.87,-13.226,-4.716,5.468,4.0,N,c1cnc(nc1C(F)(F)F)N
NUDT5,5qtl,PW7,505,1,B,1499,C1,-16.628,-14.291,-4.985,3.623,5.0,C,c1cnc(nc1C(F)(F)F)N
NUDT5,5qtl,PW7,505,1,B,1500,C2,-16.198,-12.59,-3.524,6.038,3.0,C,c1cnc(nc1C(F)(F)F)N
NUDT5,5qtl,PW7,505,1,B,1501,C3,-17.922,-14.07,-3.026,12.076,1.0,C,c1cnc(nc1C(F)(F)F)N
NUDT5,5qtl,PW7,505,1,B,1502,F,-16.586,-14.303,-7.36,22.772,7.0,F,c1cnc(nc1C(F)(F)F)N
NUDT5,5qtl,PW7,505,1,B,1503,F1,-16.802,-16.195,-6.463,36.228,8.0,F,c1cnc(nc1C(F)(F)F)N
NUDT5,5qtl,PW7,505,1,B,1504,F2,-14.943,-15.124,-6.383,38.298,9.0,F,c1cnc(nc1C(F)(F)F)N
NUDT5,5qka,K3Y,304,1,A,1454,N1,-16.073,-17.359,-5.405,12.029,14.0,N,Cn1cc(c(n1)[C@@H]2CCCNC2)C(=O)N
NUDT5,5qka,K3Y,304,1,A,1455,N3,-21.742,-16.256,-3.159,28.433,10.0,N,Cn1cc(c(n1)[C@@H]2CCCNC2)C(=O)N
NUDT5,5qka,K3Y,304,1,A,1456,C4,-18.104,-15.164,-3.699,1.208,4.0,C,Cn1cc(c(n1)[C@@H]2CCCNC2)C(=O)N
NUDT5,5qka,K3Y,304,1,A,1457,C5,-19.256,-16.088,-3.341,2.415,6.0,C,Cn1cc(c(n1)[C@@H]2CCCNC2)C(=O)N
NUDT5,5qka,K3Y,304,1,A,1458,C6,-19.265,-17.451,-4.069,4.831,7.0,C,Cn1cc(c(n1)[C@@H]2CCCNC2)C(=O)N
NUDT5,5qka,K3Y,304,1,A,1459,C7,-20.339,-18.345,-3.441,25.36,8.0,C,Cn1cc(c(n1)[C@@H]2CCCNC2)C(=O)N
NUDT5,5qka,K3Y,304,1,A,1460,C8,-21.715,-17.672,-3.602,39.852,9.0,C,Cn1cc(c(n1)[C@@H]2CCCNC2)C(=O)N
NUDT5,5qka,K3Y,304,1,A,1461,N,-16.772,-13.449,-3.579,1.094,1.0,N,Cn1cc(c(n1)[C@@H]2CCCNC2)C(=O)N
NUDT5,5qka,K3Y,304,1,A,1462,C,-16.188,-12.225,-3.103,36.229,0.0,C,Cn1cc(c(n1)[C@@H]2CCCNC2)C(=O)N
NUDT5,5qka,K3Y,304,1,A,1463,O,-17.332,-16.175,-6.897,40.715,13.0,O,Cn1cc(c(n1)[C@@H]2CCCNC2)C(=O)N
NUDT5,5qka,K3Y,304,1,A,1464,C1,-16.285,-14.158,-4.629,13.284,2.0,C,Cn1cc(c(n1)[C@@H]2CCCNC2)C(=O)N
NUDT5,5qka,K3Y,304,1,A,1465,C2,-17.09,-15.262,-4.749,2.415,3.0,C,Cn1cc(c(n1)[C@@H]2CCCNC2)C(=O)N
NUDT5,5qka,K3Y,304,1,A,1467,C9,-20.608,-15.447,-3.659,28.983,11.0,C,Cn1cc(c(n1)[C@@H]2CCCNC2)C(=O)N
NUDT5,5qka,K3Y,304,1,A,1468,N2,-17.87,-14.016,-2.983,13.123,5.0,N,Cn1cc(c(n1)[C@@H]2CCCNC2)C(=O)N
NUDT5,5qk9,K3V,304,1,C,1438,N1,-23.049,26.298,-58.507,16.404,12.0,N,COc1ccc2c(c1OC)C(=O)NN=C2
NUDT5,5qk9,K3V,304,1,C,1439,C4,-22.013,28.87,-58.281,2.415,5.0,C,COc1ccc2c(c1OC)C(=O)NN=C2
NUDT5,5qk9,K3V,304,1,C,1440,C5,-22.094,28.133,-59.51,20.53,14.0,C,COc1ccc2c(c1OC)C(=O)NN=C2
NUDT5,5qk9,K3V,304,1,C,1441,C6,-23.068,26.872,-57.182,4.831,10.0,C,COc1ccc2c(c1OC)C(=O)NN=C2
NUDT5,5qk9,K3V,304,1,C,1442,C7,-22.501,28.243,-57.092,2.415,6.0,C,COc1ccc2c(c1OC)C(=O)NN=C2
NUDT5,5qk9,K3V,304,1,C,1443,C8,-22.452,28.969,-55.878,3.623,7.0,C,COc1ccc2c(c1OC)C(=O)NN=C2
NUDT5,5qk9,K3V,304,1,C,1444,N,-22.572,26.924,-59.611,16.404,13.0,N,COc1ccc2c(c1OC)C(=O)NN=C2
NUDT5,5qk9,K3V,304,1,C,1445,C,-20.692,31.449,-54.132,48.305,0.0,C,COc1ccc2c(c1OC)C(=O)NN=C2
NUDT5,5qk9,K3V,304,1,C,1446,O,-21.933,30.957,-54.644,16.072,1.0,O,COc1ccc2c(c1OC)C(=O)NN=C2
NUDT5,5qk9,K3V,304,1,C,1447,C1,-21.927,30.276,-55.851,3.623,2.0,C,COc1ccc2c(c1OC)C(=O)NN=C2
NUDT5,5qk9,K3V,304,1,C,1448,C2,-21.442,30.897,-57.049,20.53,3.0,C,COc1ccc2c(c1OC)C(=O)NN=C2
NUDT5,5qk9,K3V,304,1,C,1449,C3,-21.487,30.187,-58.265,18.114,4.0,C,COc1ccc2c(c1OC)C(=O)NN=C2
NUDT5,5qk9,K3V,304,1,C,1450,C9,-21.999,27.812,-53.863,13.284,9.0,C,COc1ccc2c(c1OC)C(=O)NN=C2
NUDT5,5qk9,K3V,304,1,C,1451,O1,-23.59,26.207,-56.28,9.643,11.0,O,COc1ccc2c(c1OC)C(=O)NN=C2
NUDT5,5qk9,K3V,304,1,C,1452,O2,-22.95,28.464,-54.698,15.0,8.0,O,COc1ccc2c(c1OC)C(=O)NN=C2
NUDT5,5qk9,K3V,305,1,C,1453,N1,-28.102,7.337,-63.481,7.655,12.0,N,COc1ccc2c(c1OC)C(=O)NN=C2
NUDT5,5qk9,K3V,305,1,C,1454,C4,-28.25,4.798,-64.59,2.415,5.0,C,COc1ccc2c(c1OC)C(=O)NN=C2
NUDT5,5qk9,K3V,305,1,C,1455,C5,-27.046,5.597,-64.531,9.661,14.0,C,COc1ccc2c(c1OC)C(=O)NN=C2
NUDT5,5qk9,K3V,305,1,C,1456,C6,-29.406,6.715,-63.46,4.831,10.0,C,COc1ccc2c(c1OC)C(=O)NN=C2
NUDT5,5qk9,K3V,305,1,C,1457,C7,-29.461,5.353,-64.064,3.623,6.0,C,COc1ccc2c(c1OC)C(=O)NN=C2
NUDT5,5qk9,K3V,305,1,C,1458,C8,-30.654,4.554,-64.084,3.623,7.0,C,COc1ccc2c(c1OC)C(=O)NN=C2
NUDT5,5qk9,K3V,305,1,C,1459,N,-26.975,6.8,-63.989,1.094,13.0,N,COc1ccc2c(c1OC)C(=O)NN=C2
NUDT5,5qk9,K3V,305,1,C,1460,C,-31.99,1.657,-65.852,66.42,0.0,C,COc1ccc2c(c1OC)C(=O)NN=C2
NUDT5,5qk9,K3V,305,1,C,1461,O,-31.694,2.382,-64.63,7.5,1.0,O,COc1ccc2c(c1OC)C(=O)NN=C2
NUDT5,5qk9,K3V,305,1,C,1462,C1,-30.566,3.204,-64.583,1.208,2.0,C,COc1ccc2c(c1OC)C(=O)NN=C2
NUDT5,5qk9,K3V,305,1,C,1463,C2,-29.325,2.691,-65.058,19.322,3.0,C,COc1ccc2c(c1OC)C(=O)NN=C2
NUDT5,5qk9,K3V,305,1,C,1464,C3,-28.19,3.494,-65.078,14.492,4.0,C,COc1ccc2c(c1OC)C(=O)NN=C2
NUDT5,5qk9,K3V,305,1,C,1465,C9,-32.796,4.382,-62.929,51.928,9.0,C,COc1ccc2c(c1OC)C(=O)NN=C2
NUDT5,5qk9,K3V,305,1,C,1466,O1,-30.306,7.344,-62.928,27.858,11.0,O,COc1ccc2c(c1OC)C(=O)NN=C2
NUDT5,5qk9,K3V,305,1,C,1467,O2,-31.871,5.139,-63.698,11.786,8.0,O,COc1ccc2c(c1OC)C(=O)NN=C2
NUDT5,5qtl,PW7,305,1,C,1456,N1,-23.819,25.174,-58.717,28.433,10.0,N,c1cnc(nc1C(F)(F)F)N
NUDT5,5qtl,PW7,305,1,C,1457,C4,-22.322,28.899,-57.908,15.699,0.0,C,c1cnc(nc1C(F)(F)F)N
NUDT5,5qtl,PW7,305,1,C,1458,N,-23.211,26.789,-57.091,4.374,4.0,N,c1cnc(nc1C(F)(F)F)N
NUDT5,5qtl,PW7,305,1,C,1460,C1,-22.73,28.043,-56.9,2.415,5.0,C,c1cnc(nc1C(F)(F)F)N
NUDT5,5qtl,PW7,305,1,C,1461,C2,-23.273,26.392,-58.436,4.831,3.0,C,c1cnc(nc1C(F)(F)F)N
NUDT5,5qtl,PW7,305,1,C,1462,C3,-22.41,28.385,-59.213,22.945,1.0,C,c1cnc(nc1C(F)(F)F)N
NUDT5,5qtl,PW7,305,1,C,1463,F,-22.008,27.647,-54.623,2.07,7.0,F,c1cnc(nc1C(F)(F)F)N
NUDT5,5qtl,PW7,305,1,C,1464,F1,-23.795,28.767,-54.86,39.333,8.0,F,c1cnc(nc1C(F)(F)F)N
NUDT5,5qtl,PW7,305,1,C,1465,F2,-21.908,29.669,-55.308,19.667,9.0,F,c1cnc(nc1C(F)(F)F)N
NUDT5,5qtl,PW7,305,1,C,1466,N2,-22.865,27.164,-59.518,17.497,2.0,N,c1cnc(nc1C(F)(F)F)N
NUDT5,5qtm,PWA,304,1,B,1475,N1,-15.967,-12.328,-2.992,1.094,9.0,N,c1cc2c(cc1F)N=CNC2=O
NUDT5,5qtm,PWA,304,1,B,1476,C4,-15.615,-13.597,-5.359,4.831,3.0,C,c1cc2c(cc1F)N=CNC2=O
NUDT5,5qtm,PWA,304,1,B,1477,C5,-15.098,-11.862,-3.975,10.869,8.0,C,c1cc2c(cc1F)N=CNC2=O
NUDT5,5qtm,PWA,304,1,B,1478,C6,-16.527,-14.139,-4.42,2.415,2.0,C,c1cc2c(cc1F)N=CNC2=O
NUDT5,5qtm,PWA,304,1,B,1479,C7,-16.709,-13.487,-3.17,3.623,10.0,C,c1cc2c(cc1F)N=CNC2=O
NUDT5,5qtm,PWA,304,1,B,1480,N,-14.9,-12.454,-5.13,13.123,7.0,N,c1cc2c(cc1F)N=CNC2=O
NUDT5,5qtm,PWA,304,1,B,1481,C,-16.167,-15.338,-6.853,3.623,5.0,C,c1cc2c(cc1F)N=CNC2=O
NUDT5,5qtm,PWA,304,1,B,1482,O,-17.442,-13.84,-2.265,10.715,11.0,O,c1cc2c(cc1F)N=CNC2=O
NUDT5,5qtm,PWA,304,1,B,1483,C1,-17.1,-15.892,-5.917,25.36,0.0,C,c1cc2c(cc1F)N=CNC2=O
NUDT5,5qtm,PWA,304,1,B,1484,C2,-17.268,-15.288,-4.717,19.322,1.0,C,c1cc2c(cc1F)N=CNC2=O
NUDT5,5qtm,PWA,304,1,B,1485,C3,-15.422,-14.194,-6.598,24.153,4.0,C,c1cc2c(cc1F)N=CNC2=O
NUDT5,5qtm,PWA,304,1,B,1486,F,-15.985,-15.948,-8.011,45.543,6.0,F,c1cc2c(cc1F)N=CNC2=O
NUDT5,5qtl,PW7,501,1,D,1471,N1,-27.584,8.614,-62.922,24.059,10.0,N,c1cnc(nc1C(F)(F)F)N
NUDT5,5qtl,PW7,501,1,D,1472,C4,-28.99,5.013,-64.403,13.284,0.0,C,c1cnc(nc1C(F)(F)F)N
NUDT5,5qtl,PW7,501,1,D,1473,N,-29.427,7.15,-63.281,4.374,4.0,N,c1cnc(nc1C(F)(F)F)N
NUDT5,5qtl,PW7,501,1,D,1475,C1,-29.819,5.952,-63.775,2.415,5.0,C,c1cnc(nc1C(F)(F)F)N
NUDT5,5qtl,PW7,501,1,D,1476,C2,-28.058,7.425,-63.439,3.623,3.0,C,c1cnc(nc1C(F)(F)F)N
NUDT5,5qtl,PW7,501,1,D,1477,C3,-27.629,5.398,-64.513,20.53,1.0,C,c1cnc(nc1C(F)(F)F)N
NUDT5,5qtl,PW7,501,1,D,1478,F,-32.103,6.607,-64.087,1.035,7.0,F,c1cnc(nc1C(F)(F)F)N
NUDT5,5qtl,PW7,501,1,D,1479,F1,-31.642,5.558,-62.317,35.193,8.0,F,c1cnc(nc1C(F)(F)F)N
NUDT5,5qtl,PW7,501,1,D,1480,F2,-31.737,4.496,-64.177,25.877,9.0,F,c1cnc(nc1C(F)(F)F)N
NUDT5,5qtl,PW7,501,1,D,1481,N2,-27.131,6.574,-64.055,14.217,2.0,N,c1cnc(nc1C(F)(F)F)N
NUDT5,5qtm,PWA,304,1,A,1471,C4,-3.987,2.714,2.539,2.415,3.0,C,c1cc2c(cc1F)N=CNC2=O
NUDT5,5qtm,PWA,304,1,A,1472,C5,-4.646,0.54,2.118,8.453,8.0,C,c1cc2c(cc1F)N=CNC2=O
NUDT5,5qtm,PWA,304,1,A,1473,C6,-3.171,2.313,3.611,1.208,2.0,C,c1cc2c(cc1F)N=CNC2=O
NUDT5,5qtm,PWA,304,1,A,1474,C7,-3.095,0.909,3.975,3.623,10.0,C,c1cc2c(cc1F)N=CNC2=O
NUDT5,5qtm,PWA,304,1,A,1475,N,-4.733,1.842,1.773,16.404,7.0,N,c1cc2c(cc1F)N=CNC2=O
NUDT5,5qtm,PWA,304,1,A,1476,C,-3.34,5.011,2.88,4.831,5.0,C,c1cc2c(cc1F)N=CNC2=O
NUDT5,5qtm,PWA,304,1,A,1477,O,-2.434,0.45,4.904,8.572,11.0,O,c1cc2c(cc1F)N=CNC2=O
NUDT5,5qtm,PWA,304,1,A,1478,C1,-2.499,4.607,3.985,27.775,0.0,C,c1cc2c(cc1F)N=CNC2=O
NUDT5,5qtm,PWA,304,1,A,1479,C2,-2.434,3.26,4.33,15.699,1.0,C,c1cc2c(cc1F)N=CNC2=O
NUDT5,5qtm,PWA,304,1,A,1480,C3,-4.086,4.07,2.175,20.53,4.0,C,c1cc2c(cc1F)N=CNC2=O
NUDT5,5qtm,PWA,304,1,A,1481,F,-3.424,6.305,2.471,48.649,6.0,F,c1cc2c(cc1F)N=CNC2=O
NUDT5,5qtm,PWA,501,1,D,1449,N1,-27.572,8.281,-63.329,9.842,9.0,N,c1cc2c(cc1F)N=CNC2=O
NUDT5,5qtm,PWA,501,1,D,1450,C4,-30.12,7.246,-63.449,3.623,3.0,C,c1cc2c(cc1F)N=CNC2=O
NUDT5,5qtm,PWA,501,1,D,1451,C5,-28.704,8.938,-62.842,14.492,8.0,C,c1cc2c(cc1F)N=CNC2=O
NUDT5,5qtm,PWA,501,1,D,1452,C6,-29.066,6.467,-63.949,3.623,2.0,C,c1cc2c(cc1F)N=CNC2=O
NUDT5,5qtm,PWA,501,1,D,1453,C7,-27.698,7.008,-63.905,4.831,10.0,C,c1cc2c(cc1F)N=CNC2=O
NUDT5,5qtm,PWA,501,1,D,1454,N,-29.928,8.475,-62.891,3.281,7.0,N,c1cc2c(cc1F)N=CNC2=O
NUDT5,5qtm,PWA,501,1,D,1455,C,-31.701,5.542,-63.993,4.831,5.0,C,c1cc2c(cc1F)N=CNC2=O
NUDT5,5qtm,PWA,501,1,D,1456,O,-26.678,6.483,-64.31,34.287,11.0,O,c1cc2c(cc1F)N=CNC2=O
NUDT5,5qtm,PWA,501,1,D,1457,C1,-30.64,4.724,-64.514,18.114,0.0,C,c1cc2c(cc1F)N=CNC2=O
NUDT5,5qtm,PWA,501,1,D,1458,C2,-29.325,5.195,-64.48,15.699,1.0,C,c1cc2c(cc1F)N=CNC2=O
NUDT5,5qtm,PWA,501,1,D,1459,C3,-31.428,6.801,-63.473,10.869,4.0,C,c1cc2c(cc1F)N=CNC2=O
NUDT5,5qtm,PWA,501,1,D,1460,F,-32.994,5.076,-63.955,32.087,6.0,F,c1cc2c(cc1F)N=CNC2=O
NUDT5,5qtm,PWA,505,1,D,1467,N1,-23.426,25.814,-58.938,2.187,9.0,N,c1cc2c(cc1F)N=CNC2=O
NUDT5,5qtm,PWA,505,1,D,1468,C4,-22.981,26.702,-56.397,3.623,3.0,C,c1cc2c(cc1F)N=CNC2=O
NUDT5,5qtm,PWA,505,1,D,1469,C5,-23.79,25.053,-57.852,9.661,8.0,C,c1cc2c(cc1F)N=CNC2=O
NUDT5,5qtm,PWA,505,1,D,1470,C6,-22.593,27.534,-57.445,2.415,2.0,C,c1cc2c(cc1F)N=CNC2=O
NUDT5,5qtm,PWA,505,1,D,1471,C7,-22.8,27.083,-58.793,2.415,10.0,C,c1cc2c(cc1F)N=CNC2=O
NUDT5,5qtm,PWA,505,1,D,1472,N,-23.596,25.436,-56.61,12.029,7.0,N,c1cc2c(cc1F)N=CNC2=O
NUDT5,5qtm,PWA,505,1,D,1473,C,-22.22,28.369,-54.833,4.831,5.0,C,c1cc2c(cc1F)N=CNC2=O
NUDT5,5qtm,PWA,505,1,D,1474,O,-22.454,27.697,-59.786,7.5,11.0,O,c1cc2c(cc1F)N=CNC2=O
NUDT5,5qtm,PWA,505,1,D,1475,C1,-21.847,29.227,-55.925,24.153,0.0,C,c1cc2c(cc1F)N=CNC2=O
NUDT5,5qtm,PWA,505,1,D,1476,C2,-22.041,28.791,-57.215,15.699,1.0,C,c1cc2c(cc1F)N=CNC2=O
NUDT5,5qtm,PWA,505,1,D,1477,C3,-22.781,27.118,-55.056,25.36,4.0,C,c1cc2c(cc1F)N=CNC2=O
NUDT5,5qtm,PWA,505,1,D,1478,F,-22.03,28.784,-53.557,48.649,6.0,F,c1cc2c(cc1F)N=CNC2=O
NUDT5,5qto,PWG,304,1,A,1466,N1,-1.882,1.505,5.39,6.562,4.0,N,c1cc(c2nnc(n2c1)C(F)F)C(F)(F)F
NUDT5,5qto,PWG,304,1,A,1467,C4,-3.847,3.374,3.042,15.699,8.0,C,c1cc(c2nnc(n2c1)C(F)F)C(F)(F)F
NUDT5,5qto,PWG,304,1,A,1468,C5,-2.23,2.681,4.764,2.415,3.0,C,c1cc(c2nnc(n2c1)C(F)F)C(F)(F)F
NUDT5,5qto,PWG,304,1,A,1469,C6,-3.501,1.044,3.973,2.415,6.0,C,c1cc(c2nnc(n2c1)C(F)F)C(F)(F)F
NUDT5,5qto,PWG,304,1,A,1473,C1,-1.757,4.017,4.878,1.208,2.0,C,c1cc(c2nnc(n2c1)C(F)F)C(F)(F)F
NUDT5,5qto,PWG,304,1,A,1474,C2,-2.327,4.983,4.092,22.945,1.0,C,c1cc(c2nnc(n2c1)C(F)F)C(F)(F)F
NUDT5,5qto,PWG,304,1,A,1475,C3,-3.378,4.653,3.166,33.814,0.0,C,c1cc(c2nnc(n2c1)C(F)F)C(F)(F)F
NUDT5,5qto,PWG,304,1,A,1476,F,-0.427,5.61,6.025,35.193,13.0,F,c1cc(c2nnc(n2c1)C(F)F)C(F)(F)F
NUDT5,5qto,PWG,304,1,A,1477,F1,0.578,3.831,5.578,12.421,14.0,F,c1cc(c2nnc(n2c1)C(F)F)C(F)(F)F
NUDT5,5qto,PWG,304,1,A,1478,F2,-4.342,0.413,1.943,3.105,10.0,F,c1cc(c2nnc(n2c1)C(F)F)C(F)(F)F
NUDT5,5qto,PWG,304,1,A,1479,F3,-5.716,0.701,3.422,25.877,11.0,F,c1cc(c2nnc(n2c1)C(F)F)C(F)(F)F
NUDT5,5qto,PWG,304,1,A,1480,F4,-0.821,3.818,7.105,33.123,15.0,F,c1cc(c2nnc(n2c1)C(F)F)C(F)(F)F
NUDT5,5qto,PWG,304,1,A,1481,N2,-2.645,0.536,4.91,1.094,5.0,N,c1cc(c2nnc(n2c1)C(F)F)C(F)(F)F
NUDT5,5qto,PWG,304,1,B,1475,N1,-18.198,-14.698,-2.866,5.468,4.0,N,c1cc(c2nnc(n2c1)C(F)F)C(F)(F)F
NUDT5,5qto,PWG,304,1,B,1476,C4,-15.869,-14.477,-5.598,16.907,8.0,C,c1cc(c2nnc(n2c1)C(F)F)C(F)(F)F
NUDT5,5qto,PWG,304,1,B,1477,C5,-17.699,-15.114,-4.087,4.831,3.0,C,c1cc(c2nnc(n2c1)C(F)F)C(F)(F)F
NUDT5,5qto,PWG,304,1,B,1478,C6,-16.486,-13.433,-3.363,2.415,6.0,C,c1cc(c2nnc(n2c1)C(F)F)C(F)(F)F
NUDT5,5qto,PWG,304,1,B,1483,C2,-17.391,-16.298,-6.156,21.737,1.0,C,c1cc(c2nnc(n2c1)C(F)F)C(F)(F)F
NUDT5,5qto,PWG,304,1,B,1484,C3,-16.272,-15.458,-6.456,28.983,0.0,C,c1cc(c2nnc(n2c1)C(F)F)C(F)(F)F
NUDT5,5qto,PWG,304,1,B,1485,F,-20.404,-16.353,-4.45,14.491,13.0,F,c1cc(c2nnc(n2c1)C(F)F)C(F)(F)F
NUDT5,5qto,PWG,304,1,B,1486,F1,-19.129,-17.619,-3.376,35.193,14.0,F,c1cc(c2nnc(n2c1)C(F)F)C(F)(F)F
NUDT5,5qto,PWG,304,1,B,1487,F2,-15.595,-11.699,-4.429,3.105,10.0,F,c1cc(c2nnc(n2c1)C(F)F)C(F)(F)F
NUDT5,5qto,PWG,304,1,B,1488,F3,-14.257,-12.762,-3.243,23.807,11.0,F,c1cc(c2nnc(n2c1)C(F)F)C(F)(F)F
NUDT5,5qto,PWG,304,1,B,1489,F4,-19.524,-18.025,-5.433,38.298,15.0,F,c1cc(c2nnc(n2c1)C(F)F)C(F)(F)F
NUDT5,5qto,PWG,304,1,B,1490,N2,-17.468,-13.702,-2.446,1.094,5.0,N,c1cc(c2nnc(n2c1)C(F)F)C(F)(F)F
NUDT5,5qto,PWG,304,1,C,1423,N1,-26.712,6.072,-64.626,4.374,4.0,N,c1cc(c2nnc(n2c1)C(F)F)C(F)(F)F
NUDT5,5qto,PWG,304,1,C,1424,C4,-30.125,6.639,-63.601,19.322,8.0,C,c1cc(c2nnc(n2c1)C(F)F)C(F)(F)F
NUDT5,5qto,PWG,304,1,C,1425,C5,-28.033,5.682,-64.496,2.415,3.0,C,c1cc(c2nnc(n2c1)C(F)F)C(F)(F)F
NUDT5,5qto,PWG,304,1,C,1426,C6,-27.807,7.737,-63.663,2.415,6.0,C,c1cc(c2nnc(n2c1)C(F)F)C(F)(F)F
NUDT5,5qto,PWG,304,1,C,1427,C7,-27.993,9.095,-63.042,1.208,9.0,C,c1cc(c2nnc(n2c1)C(F)F)C(F)(F)F
NUDT5,5qto,PWG,304,1,C,1428,N,-28.762,6.746,-63.873,1.094,7.0,N,c1cc(c2nnc(n2c1)C(F)F)C(F)(F)F
NUDT5,5qto,PWG,304,1,C,1430,C1,-28.728,4.487,-64.843,2.415,2.0,C,c1cc(c2nnc(n2c1)C(F)F)C(F)(F)F
NUDT5,5qto,PWG,304,1,C,1431,C2,-30.065,4.38,-64.572,24.153,1.0,C,c1cc(c2nnc(n2c1)C(F)F)C(F)(F)F
NUDT5,5qto,PWG,304,1,C,1432,C3,-30.764,5.472,-63.946,26.568,0.0,C,c1cc(c2nnc(n2c1)C(F)F)C(F)(F)F
NUDT5,5qto,PWG,304,1,C,1433,F,-26.868,3.839,-66.263,22.772,13.0,F,c1cc(c2nnc(n2c1)C(F)F)C(F)(F)F
NUDT5,5qto,PWG,304,1,C,1434,F1,-28.646,2.64,-66.388,36.228,14.0,F,c1cc(c2nnc(n2c1)C(F)F)C(F)(F)F
NUDT5,5qto,PWG,304,1,C,1435,F2,-26.804,9.71,-62.985,2.07,10.0,F,c1cc(c2nnc(n2c1)C(F)F)C(F)(F)F
NUDT5,5qto,PWG,304,1,C,1436,F3,-28.732,9.91,-63.84,35.193,11.0,F,c1cc(c2nnc(n2c1)C(F)F)C(F)(F)F
NUDT5,5qto,PWG,304,1,C,1437,F4,-27.396,2.489,-64.667,11.386,15.0,F,c1cc(c2nnc(n2c1)C(F)F)C(F)(F)F
NUDT5,5qto,PWG,304,1,C,1438,N2,-26.585,7.288,-64.129,1.094,5.0,N,c1cc(c2nnc(n2c1)C(F)F)C(F)(F)F
NUDT5,5qto,PWG,305,1,C,1439,N1,-22.055,28.528,-59.21,10.936,4.0,N,c1cc(c2nnc(n2c1)C(F)F)C(F)(F)F
NUDT5,5qto,PWG,305,1,C,1440,C4,-22.524,27.426,-55.851,8.453,8.0,C,c1cc(c2nnc(n2c1)C(F)F)C(F)(F)F
NUDT5,5qto,PWG,305,1,C,1441,C5,-22.035,28.714,-57.857,3.623,3.0,C,c1cc(c2nnc(n2c1)C(F)F)C(F)(F)F
NUDT5,5qto,PWG,305,1,C,1442,C6,-22.679,26.638,-58.291,3.623,6.0,C,c1cc(c2nnc(n2c1)C(F)F)C(F)(F)F
NUDT5,5qto,PWG,305,1,C,1443,C7,-23.137,25.199,-58.277,7.246,9.0,C,c1cc(c2nnc(n2c1)C(F)F)C(F)(F)F
NUDT5,5qto,PWG,305,1,C,1444,N,-22.437,27.515,-57.236,1.094,7.0,N,c1cc(c2nnc(n2c1)C(F)F)C(F)(F)F
NUDT5,5qto,PWG,305,1,C,1446,C1,-21.712,29.835,-57.056,1.208,2.0,C,c1cc(c2nnc(n2c1)C(F)F)C(F)(F)F
NUDT5,5qto,PWG,305,1,C,1447,C2,-21.794,29.754,-55.7,15.699,1.0,C,c1cc(c2nnc(n2c1)C(F)F)C(F)(F)F
NUDT5,5qto,PWG,305,1,C,1448,C3,-22.207,28.53,-55.096,18.114,0.0,C,c1cc(c2nnc(n2c1)C(F)F)C(F)(F)F
NUDT5,5qto,PWG,305,1,C,1449,F,-22.094,32.146,-57.73,42.438,13.0,F,c1cc(c2nnc(n2c1)C(F)F)C(F)(F)F
NUDT5,5qto,PWG,305,1,C,1450,F1,-21.102,30.831,-59.14,23.807,14.0,F,c1cc(c2nnc(n2c1)C(F)F)C(F)(F)F
NUDT5,5qto,PWG,305,1,C,1451,F2,-24.405,25.156,-57.839,25.877,10.0,F,c1cc(c2nnc(n2c1)C(F)F)C(F)(F)F
NUDT5,5qto,PWG,305,1,C,1452,F3,-22.47,24.458,-57.369,2.07,11.0,F,c1cc(c2nnc(n2c1)C(F)F)C(F)(F)F
NUDT5,5qto,PWG,305,1,C,1453,F4,-20.106,31.531,-57.324,19.667,15.0,F,c1cc(c2nnc(n2c1)C(F)F)C(F)(F)F
NUDT5,5qto,PWG,305,1,C,1454,N2,-22.436,27.302,-59.454,24.059,5.0,N,c1cc(c2nnc(n2c1)C(F)F)C(F)(F)F
NUDT5,5qtp,PWJ,305,1,B,1476,N1,-16.011,-13.753,-4.703,1.094,2.0,N,c1cn2cc(c(c(c2n1)Cl)C#N)C(F)(F)F
NUDT5,5qtp,PWJ,305,1,B,1477,C4,-15.969,-14.441,-5.912,19.322,3.0,C,c1cn2cc(c(c(c2n1)Cl)C#N)C(F)(F)F
NUDT5,5qtp,PWJ,305,1,B,1478,C5,-16.969,-15.332,-6.136,2.415,4.0,C,c1cn2cc(c(c(c2n1)Cl)C#N)C(F)(F)F
NUDT5,5qtp,PWJ,305,1,B,1480,C7,-17.99,-15.583,-5.112,1.208,5.0,C,c1cn2cc(c(c(c2n1)Cl)C#N)C(F)(F)F
NUDT5,5qtp,PWJ,305,1,B,1481,C8,-19.016,-16.568,-5.258,4.831,10.0,C,c1cn2cc(c(c(c2n1)Cl)C#N)C(F)(F)F
NUDT5,5qtp,PWJ,305,1,B,1482,N,-16.845,-13.143,-2.626,1.094,8.0,N,c1cn2cc(c(c(c2n1)Cl)C#N)C(F)(F)F
NUDT5,5qtp,PWJ,305,1,B,1483,C,-17.992,-14.902,-3.933,3.623,6.0,C,c1cn2cc(c(c(c2n1)Cl)C#N)C(F)(F)F
NUDT5,5qtp,PWJ,305,1,B,1484,C1,-17.021,-13.964,-3.688,4.831,7.0,C,c1cn2cc(c(c(c2n1)Cl)C#N)C(F)(F)F
NUDT5,5qtp,PWJ,305,1,B,1485,C2,-15.711,-12.431,-2.982,6.038,0.0,C,c1cn2cc(c(c(c2n1)Cl)C#N)C(F)(F)F
NUDT5,5qtp,PWJ,305,1,B,1486,C3,-15.21,-12.77,-4.216,19.322,1.0,C,c1cn2cc(c(c(c2n1)Cl)C#N)C(F)(F)F
NUDT5,5qtp,PWJ,305,1,B,1487,F,-17.312,-17.349,-7.405,32.087,13.0,F,c1cn2cc(c(c(c2n1)Cl)C#N)C(F)(F)F
NUDT5,5qtp,PWJ,305,1,B,1488,F1,-17.982,-15.614,-8.368,27.947,14.0,F,c1cn2cc(c(c(c2n1)Cl)C#N)C(F)(F)F
NUDT5,5qtp,PWJ,305,1,B,1489,F2,-15.97,-15.856,-8.249,37.263,15.0,F,c1cn2cc(c(c(c2n1)Cl)C#N)C(F)(F)F
NUDT5,5qtp,PWJ,305,1,B,1490,N2,-19.798,-17.378,-5.426,47.024,11.0,N,c1cn2cc(c(c(c2n1)Cl)C#N)C(F)(F)F
NUDT5,5qtp,PWJ,305,1,B,1491,CL,-19.189,-15.115,-2.743,19.95,9.0,Cl,c1cn2cc(c(c(c2n1)Cl)C#N)C(F)(F)F
NUDT5,5qtp,PWJ,306,1,C,1446,C4,-22.715,27.644,-55.846,6.038,3.0,C,c1cn2cc(c(c(c2n1)Cl)C#N)C(F)(F)F
NUDT5,5qtp,PWJ,306,1,C,1447,C5,-22.399,28.971,-55.75,1.208,4.0,C,c1cn2cc(c(c(c2n1)Cl)C#N)C(F)(F)F
NUDT5,5qtp,PWJ,306,1,C,1449,C7,-22.059,29.719,-56.965,3.623,5.0,C,c1cn2cc(c(c(c2n1)Cl)C#N)C(F)(F)F
NUDT5,5qtp,PWJ,306,1,C,1450,C8,-21.706,31.098,-56.96,6.038,10.0,C,c1cn2cc(c(c(c2n1)Cl)C#N)C(F)(F)F
NUDT5,5qtp,PWJ,306,1,C,1451,N,-22.713,26.962,-59.383,15.31,8.0,N,c1cn2cc(c(c(c2n1)Cl)C#N)C(F)(F)F
NUDT5,5qtp,PWJ,306,1,C,1452,C,-22.104,29.121,-58.193,3.623,6.0,C,c1cn2cc(c(c(c2n1)Cl)C#N)C(F)(F)F
NUDT5,5qtp,PWJ,306,1,C,1453,C1,-22.499,27.758,-58.31,4.831,7.0,C,c1cn2cc(c(c(c2n1)Cl)C#N)C(F)(F)F
NUDT5,5qtp,PWJ,306,1,C,1454,C2,-23.118,25.729,-58.852,24.153,0.0,C,c1cn2cc(c(c(c2n1)Cl)C#N)C(F)(F)F
NUDT5,5qtp,PWJ,306,1,C,1455,C3,-23.158,25.749,-57.488,13.284,1.0,C,c1cn2cc(c(c(c2n1)Cl)C#N)C(F)(F)F
NUDT5,5qtp,PWJ,306,1,C,1456,F,-22.029,30.986,-54.262,21.737,13.0,F,c1cn2cc(c(c(c2n1)Cl)C#N)C(F)(F)F
NUDT5,5qtp,PWJ,306,1,C,1457,F1,-21.842,28.97,-53.398,12.421,14.0,F,c1cn2cc(c(c(c2n1)Cl)C#N)C(F)(F)F
NUDT5,5qtp,PWJ,306,1,C,1458,F2,-23.739,29.759,-53.831,42.438,15.0,F,c1cn2cc(c(c(c2n1)Cl)C#N)C(F)(F)F
NUDT5,5qtp,PWJ,306,1,C,1459,N2,-21.432,32.219,-57.028,41.556,11.0,N,c1cn2cc(c(c(c2n1)Cl)C#N)C(F)(F)F
NUDT5,5qtp,PWJ,306,1,C,1460,CL,-21.662,29.981,-59.58,42.395,9.0,Cl,c1cn2cc(c(c(c2n1)Cl)C#N)C(F)(F)F
NUDT5,5qtp,PWJ,303,1,A,1469,N1,-3.593,2.271,3.281,1.094,2.0,N,c1cn2cc(c(c(c2n1)Cl)C#N)C(F)(F)F
NUDT5,5qtp,PWJ,303,1,A,1470,C4,-3.52,3.581,2.876,13.284,3.0,C,c1cn2cc(c(c(c2n1)Cl)C#N)C(F)(F)F
NUDT5,5qtp,PWJ,303,1,A,1471,C5,-2.529,4.374,3.403,2.415,4.0,C,c1cn2cc(c(c(c2n1)Cl)C#N)C(F)(F)F
NUDT5,5qtp,PWJ,303,1,A,1473,C7,-1.624,3.8,4.423,3.623,5.0,C,c1cn2cc(c(c(c2n1)Cl)C#N)C(F)(F)F
NUDT5,5qtp,PWJ,303,1,A,1474,C8,-0.589,4.529,5.062,3.623,10.0,C,c1cn2cc(c(c(c2n1)Cl)C#N)C(F)(F)F
NUDT5,5qtp,PWJ,303,1,A,1475,N,-2.999,0.397,4.411,2.187,8.0,N,c1cn2cc(c(c(c2n1)Cl)C#N)C(F)(F)F
NUDT5,5qtp,PWJ,303,1,A,1476,C,-1.74,2.492,4.793,1.208,6.0,C,c1cn2cc(c(c(c2n1)Cl)C#N)C(F)(F)F
NUDT5,5qtp,PWJ,303,1,A,1477,C1,-2.71,1.684,4.213,4.831,7.0,C,c1cn2cc(c(c(c2n1)Cl)C#N)C(F)(F)F
NUDT5,5qtp,PWJ,303,1,A,1478,C2,-4.097,0.182,3.628,4.831,0.0,C,c1cn2cc(c(c(c2n1)Cl)C#N)C(F)(F)F
NUDT5,5qtp,PWJ,303,1,A,1479,C3,-4.478,1.305,2.927,21.737,1.0,C,c1cn2cc(c(c(c2n1)Cl)C#N)C(F)(F)F
NUDT5,5qtp,PWJ,303,1,A,1480,F,-3.468,6.258,2.113,36.228,13.0,F,c1cn2cc(c(c(c2n1)Cl)C#N)C(F)(F)F
NUDT5,5qtp,PWJ,303,1,A,1481,F1,-2.135,6.843,3.652,33.123,14.0,F,c1cn2cc(c(c(c2n1)Cl)C#N)C(F)(F)F
NUDT5,5qtp,PWJ,303,1,A,1482,F2,-1.366,5.944,1.895,27.947,15.0,F,c1cn2cc(c(c(c2n1)Cl)C#N)C(F)(F)F
NUDT5,5qtp,PWJ,303,1,A,1483,N2,0.235,5.151,5.536,44.837,11.0,N,c1cn2cc(c(c(c2n1)Cl)C#N)C(F)(F)F
NUDT5,5qtp,PWJ,303,1,A,1484,CL,-0.764,1.782,5.95,22.444,9.0,Cl,c1cn2cc(c(c(c2n1)Cl)C#N)C(F)(F)F
NUDT5,5qtq,PWM,305,1,B,1489,N1,-16.056,-12.37,-2.974,1.094,9.0,N,c1cc2c(c(c1)F)C(=O)NC=N2
NUDT5,5qtq,PWM,305,1,B,1490,C4,-15.642,-13.772,-5.349,3.623,2.0,C,c1cc2c(c(c1)F)C(=O)NC=N2
NUDT5,5qtq,PWM,305,1,B,1491,C5,-15.154,-11.995,-3.973,9.661,10.0,C,c1cc2c(c(c1)F)C(=O)NC=N2
NUDT5,5qtq,PWM,305,1,B,1492,C6,-16.751,-13.479,-3.232,4.831,7.0,C,c1cc2c(c(c1)F)C(=O)NC=N2
NUDT5,5qtq,PWM,305,1,B,1493,C7,-16.615,-14.238,-4.422,3.623,3.0,C,c1cc2c(c(c1)F)C(=O)NC=N2
NUDT5,5qtq,PWM,305,1,B,1494,N,-14.905,-12.635,-5.13,15.31,11.0,N,c1cc2c(c(c1)F)C(=O)NC=N2
NUDT5,5qtq,PWM,305,1,B,1495,C,-17.374,-15.369,-4.755,2.415,4.0,C,c1cc2c(c(c1)F)C(=O)NC=N2
NUDT5,5qtq,PWM,305,1,B,1496,O,-17.58,-13.848,-2.279,5.357,8.0,O,c1cc2c(c(c1)F)C(=O)NC=N2
NUDT5,5qtq,PWM,305,1,B,1497,C1,-17.164,-16.047,-5.918,26.568,5.0,C,c1cc2c(c(c1)F)C(=O)NC=N2
NUDT5,5qtq,PWM,305,1,B,1498,C2,-16.164,-15.576,-6.834,32.606,0.0,C,c1cc2c(c(c1)F)C(=O)NC=N2
NUDT5,5qtq,PWM,305,1,B,1499,C3,-15.421,-14.458,-6.56,26.568,1.0,C,c1cc2c(c(c1)F)C(=O)NC=N2
NUDT5,5qtq,PWM,305,1,B,1500,F,-18.382,-15.718,-3.986,22.772,6.0,F,c1cc2c(c(c1)F)C(=O)NC=N2
NUDT5,5qtp,PWJ,501,1,D,1452,C4,-30.529,6.458,-63.497,8.453,3.0,C,c1cn2cc(c(c(c2n1)Cl)C#N)C(F)(F)F
NUDT5,5qtp,PWJ,501,1,D,1453,C5,-30.668,5.128,-63.831,1.208,4.0,C,c1cn2cc(c(c(c2n1)Cl)C#N)C(F)(F)F
NUDT5,5qtp,PWJ,501,1,D,1455,C7,-29.499,4.338,-64.224,3.623,5.0,C,c1cn2cc(c(c(c2n1)Cl)C#N)C(F)(F)F
NUDT5,5qtp,PWJ,501,1,D,1456,C8,-29.563,2.916,-64.343,4.831,10.0,C,c1cn2cc(c(c(c2n1)Cl)C#N)C(F)(F)F
NUDT5,5qtp,PWJ,501,1,D,1457,N,-26.95,7.113,-63.964,14.217,8.0,N,c1cn2cc(c(c(c2n1)Cl)C#N)C(F)(F)F
NUDT5,5qtp,PWJ,501,1,D,1458,C,-28.263,4.923,-64.33,3.623,6.0,C,c1cn2cc(c(c(c2n1)Cl)C#N)C(F)(F)F
NUDT5,5qtp,PWJ,501,1,D,1459,C1,-28.065,6.305,-63.979,3.623,7.0,C,c1cn2cc(c(c(c2n1)Cl)C#N)C(F)(F)F
NUDT5,5qtp,PWJ,501,1,D,1460,C2,-27.443,8.376,-63.548,18.114,0.0,C,c1cn2cc(c(c(c2n1)Cl)C#N)C(F)(F)F
NUDT5,5qtp,PWJ,501,1,D,1461,C3,-28.834,8.341,-63.29,12.076,1.0,C,c1cn2cc(c(c(c2n1)Cl)C#N)C(F)(F)F
NUDT5,5qtp,PWJ,501,1,D,1462,F,-33.069,5.21,-63.337,18.631,13.0,F,c1cn2cc(c(c(c2n1)Cl)C#N)C(F)(F)F
NUDT5,5qtp,PWJ,501,1,D,1463,F1,-32.059,3.299,-63.095,31.052,14.0,F,c1cn2cc(c(c(c2n1)Cl)C#N)C(F)(F)F
NUDT5,5qtp,PWJ,501,1,D,1464,F2,-32.483,4.051,-65.052,19.667,15.0,F,c1cn2cc(c(c(c2n1)Cl)C#N)C(F)(F)F
NUDT5,5qtp,PWJ,501,1,D,1465,N2,-29.598,1.749,-64.409,47.024,11.0,N,c1cn2cc(c(c(c2n1)Cl)C#N)C(F)(F)F
NUDT5,5qtp,PWJ,501,1,D,1466,CL,-26.976,4.049,-64.906,42.395,9.0,Cl,c1cn2cc(c(c(c2n1)Cl)C#N)C(F)(F)F
NUDT5,5qtq,PWM,303,1,A,1474,C4,-3.849,2.789,2.578,3.623,2.0,C,c1cc2c(c(c1)F)C(=O)NC=N2
NUDT5,5qtq,PWM,303,1,A,1475,C5,-4.55,0.637,2.169,8.453,10.0,C,c1cc2c(c(c1)F)C(=O)NC=N2
NUDT5,5qtq,PWM,303,1,A,1476,C6,-3.093,0.934,3.922,3.623,7.0,C,c1cc2c(c(c1)F)C(=O)NC=N2
NUDT5,5qtq,PWM,303,1,A,1477,C7,-3.025,2.346,3.649,2.415,3.0,C,c1cc2c(c(c1)F)C(=O)NC=N2
NUDT5,5qtq,PWM,303,1,A,1478,N,-4.602,1.931,1.819,15.31,11.0,N,c1cc2c(c(c1)F)C(=O)NC=N2
NUDT5,5qtq,PWM,303,1,A,1479,C,-2.245,3.326,4.344,4.831,4.0,C,c1cc2c(c(c1)F)C(=O)NC=N2
NUDT5,5qtq,PWM,303,1,A,1480,O,-2.406,0.373,4.93,6.429,8.0,O,c1cc2c(c(c1)F)C(=O)NC=N2
NUDT5,5qtq,PWM,303,1,A,1481,C1,-2.322,4.66,4.025,25.36,5.0,C,c1cc2c(c(c1)F)C(=O)NC=N2
NUDT5,5qtq,PWM,303,1,A,1482,C2,-3.179,5.095,2.973,32.606,0.0,C,c1cc2c(c(c1)F)C(=O)NC=N2
NUDT5,5qtq,PWM,303,1,A,1483,C3,-3.928,4.194,2.253,25.36,1.0,C,c1cc2c(c(c1)F)C(=O)NC=N2
NUDT5,5qtq,PWM,303,1,A,1484,F,-1.365,2.954,5.286,23.807,6.0,F,c1cc2c(c(c1)F)C(=O)NC=N2
NUDT5,5qtq,PWM,305,1,C,1439,N1,-23.174,25.66,-59.088,16.404,9.0,N,c1cc2c(c(c1)F)C(=O)NC=N2
NUDT5,5qtq,PWM,305,1,C,1440,C4,-22.697,26.592,-56.507,3.623,2.0,C,c1cc2c(c(c1)F)C(=O)NC=N2
NUDT5,5qtq,PWM,305,1,C,1441,C5,-23.452,24.92,-57.944,21.737,10.0,C,c1cc2c(c(c1)F)C(=O)NC=N2
NUDT5,5qtq,PWM,305,1,C,1442,C6,-22.636,26.877,-58.866,4.831,7.0,C,c1cc2c(c(c1)F)C(=O)NC=N2
NUDT5,5qtq,PWM,305,1,C,1443,C7,-22.38,27.426,-57.597,2.415,3.0,C,c1cc2c(c(c1)F)C(=O)NC=N2
NUDT5,5qtq,PWM,305,1,C,1444,N,-23.243,25.31,-56.686,3.281,11.0,N,c1cc2c(c(c1)F)C(=O)NC=N2
NUDT5,5qtq,PWM,305,1,C,1445,C,-21.841,28.733,-57.365,3.623,4.0,C,c1cc2c(c(c1)F)C(=O)NC=N2
NUDT5,5qtq,PWM,305,1,C,1446,O,-22.302,27.565,-59.937,27.858,8.0,O,c1cc2c(c(c1)F)C(=O)NC=N2
NUDT5,5qtq,PWM,305,1,C,1447,C1,-21.627,29.183,-56.086,19.322,5.0,C,c1cc2c(c(c1)F)C(=O)NC=N2
NUDT5,5qtq,PWM,305,1,C,1448,C2,-21.935,28.325,-54.991,20.53,0.0,C,c1cc2c(c(c1)F)C(=O)NC=N2
NUDT5,5qtq,PWM,305,1,C,1449,C3,-22.458,27.057,-55.178,12.076,1.0,C,c1cc2c(c(c1)F)C(=O)NC=N2
NUDT5,5qtq,PWM,305,1,C,1450,F,-21.519,29.516,-58.42,23.807,6.0,F,c1cc2c(c(c1)F)C(=O)NC=N2
NUDT5,5qtq,PWM,501,1,D,1482,N1,-27.346,8.227,-63.26,10.936,9.0,N,c1cc2c(c(c1)F)C(=O)NC=N2
NUDT5,5qtq,PWM,501,1,D,1483,C4,-29.764,6.858,-63.557,3.623,2.0,C,c1cc2c(c(c1)F)C(=O)NC=N2
NUDT5,5qtq,PWM,501,1,D,1484,C5,-28.592,8.722,-62.881,14.492,10.0,C,c1cc2c(c(c1)F)C(=O)NC=N2
NUDT5,5qtq,PWM,501,1,D,1485,C6,-27.357,7.01,-63.796,3.623,7.0,C,c1cc2c(c(c1)F)C(=O)NC=N2
NUDT5,5qtq,PWM,501,1,D,1486,C7,-28.549,6.237,-63.981,2.415,3.0,C,c1cc2c(c(c1)F)C(=O)NC=N2
NUDT5,5qtq,PWM,501,1,D,1487,N,-29.783,8.108,-63.009,4.374,11.0,N,c1cc2c(c(c1)F)C(=O)NC=N2
NUDT5,5qtq,PWM,501,1,D,1488,C,-28.614,4.901,-64.492,4.831,4.0,C,c1cc2c(c(c1)F)C(=O)NC=N2
NUDT5,5qtq,PWM,501,1,D,1489,O,-26.147,6.562,-64.154,34.287,8.0,O,c1cc2c(c(c1)F)C(=O)NC=N2
NUDT5,5qtq,PWM,501,1,D,1490,C1,-29.807,4.231,-64.557,20.53,5.0,C,c1cc2c(c(c1)F)C(=O)NC=N2
NUDT5,5qtq,PWM,501,1,D,1491,C2,-31.017,4.888,-64.119,21.737,0.0,C,c1cc2c(c(c1)F)C(=O)NC=N2
NUDT5,5qtq,PWM,501,1,D,1492,C3,-30.992,6.171,-63.638,10.869,1.0,C,c1cc2c(c(c1)F)C(=O)NC=N2
NUDT5,5qtq,PWM,501,1,D,1493,F,-27.492,4.291,-64.904,25.877,6.0,F,c1cc2c(c(c1)F)C(=O)NC=N2
NUDT5,8riy,W0O,301,1,A,1467,C1,-27.166,2.575,4.455,59.174,0.0,C,CN1CCC(CC1)n2c3c(c(n2)c4ccc(cc4)Oc5ccccc5)c(ncn3)N
NUDT5,8riy,W0O,301,1,A,1468,C2,-28.394,4.223,3.185,28.983,2.0,C,CN1CCC(CC1)n2c3c(c(n2)c4ccc(cc4)Oc5ccccc5)c(ncn3)N
NUDT5,8riy,W0O,301,1,A,1469,C3,-29.128,5.558,3.196,9.661,3.0,C,CN1CCC(CC1)n2c3c(c(n2)c4ccc(cc4)Oc5ccccc5)c(ncn3)N
NUDT5,8riy,W0O,301,1,A,1470,C4,-27.007,4.927,5.069,30.191,6.0,C,CN1CCC(CC1)n2c3c(c(n2)c4ccc(cc4)Oc5ccccc5)c(ncn3)N
NUDT5,8riy,W0O,301,1,A,1471,N6,-29.753,8.376,4.714,4.374,11.0,N,CN1CCC(CC1)n2c3c(c(n2)c4ccc(cc4)Oc5ccccc5)c(ncn3)N
NUDT5,8riy,W0O,301,1,A,1472,C7,-28.834,8.911,2.753,2.415,8.0,C,CN1CCC(CC1)n2c3c(c(n2)c4ccc(cc4)Oc5ccccc5)c(ncn3)N
NUDT5,8riy,W0O,301,1,A,1473,C8,-28.268,9.995,0.908,19.322,27.0,C,CN1CCC(CC1)n2c3c(c(n2)c4ccc(cc4)Oc5ccccc5)c(ncn3)N
NUDT5,8riy,W0O,301,1,A,1474,C9,-29.721,11.099,2.31,3.623,25.0,C,CN1CCC(CC1)n2c3c(c(n2)c4ccc(cc4)Oc5ccccc5)c(ncn3)N
NUDT5,8riy,W0O,301,1,A,1475,C11,-30.215,9.585,4.4,1.208,10.0,C,CN1CCC(CC1)n2c3c(c(n2)c4ccc(cc4)Oc5ccccc5)c(ncn3)N
NUDT5,8riy,W0O,301,1,A,1477,C13,-32.419,9.828,5.598,1.208,13.0,C,CN1CCC(CC1)n2c3c(c(n2)c4ccc(cc4)Oc5ccccc5)c(ncn3)N
NUDT5,8riy,W0O,301,1,A,1479,C15,-32.81,11.687,7.059,2.415,15.0,C,CN1CCC(CC1)n2c3c(c(n2)c4ccc(cc4)Oc5ccccc5)c(ncn3)N
NUDT5,8riy,W0O,301,1,A,1481,C17,-34.904,10.962,9.197,6.038,20.0,C,CN1CCC(CC1)n2c3c(c(n2)c4ccc(cc4)Oc5ccccc5)c(ncn3)N
NUDT5,8riy,W0O,301,1,A,1485,C22,-31.543,12.161,6.807,32.606,16.0,C,CN1CCC(CC1)n2c3c(c(n2)c4ccc(cc4)Oc5ccccc5)c(ncn3)N
NUDT5,8riy,W0O,301,1,A,1486,C23,-30.707,11.465,5.952,20.53,17.0,C,CN1CCC(CC1)n2c3c(c(n2)c4ccc(cc4)Oc5ccccc5)c(ncn3)N
NUDT5,8riy,W0O,301,1,A,1487,C10,-29.657,9.982,3.172,2.415,9.0,C,CN1CCC(CC1)n2c3c(c(n2)c4ccc(cc4)Oc5ccccc5)c(ncn3)N
NUDT5,8riy,W0O,301,1,A,1488,C21,-35.853,12.954,8.258,2.415,24.0,C,CN1CCC(CC1)n2c3c(c(n2)c4ccc(cc4)Oc5ccccc5)c(ncn3)N
NUDT5,8riy,W0O,301,1,A,1489,C5,-27.695,6.288,5.111,18.114,5.0,C,CN1CCC(CC1)n2c3c(c(n2)c4ccc(cc4)Oc5ccccc5)c(ncn3)N
NUDT5,8riy,W0O,301,1,A,1490,C6,-28.217,6.656,3.726,7.246,4.0,C,CN1CCC(CC1)n2c3c(c(n2)c4ccc(cc4)Oc5ccccc5)c(ncn3)N
NUDT5,8riy,W0O,301,1,A,1491,N1,-27.881,3.872,4.516,6.562,1.0,N,CN1CCC(CC1)n2c3c(c(n2)c4ccc(cc4)Oc5ccccc5)c(ncn3)N
NUDT5,8riy,W0O,301,1,A,1492,N2,-28.902,7.961,3.713,1.094,7.0,N,CN1CCC(CC1)n2c3c(c(n2)c4ccc(cc4)Oc5ccccc5)c(ncn3)N
NUDT5,8riy,W0O,301,1,A,1493,N3,-28.118,8.884,1.622,12.029,28.0,N,CN1CCC(CC1)n2c3c(c(n2)c4ccc(cc4)Oc5ccccc5)c(ncn3)N
NUDT5,8riy,W0O,301,1,A,1494,N4,-29.013,11.08,1.167,12.029,26.0,N,CN1CCC(CC1)n2c3c(c(n2)c4ccc(cc4)Oc5ccccc5)c(ncn3)N
NUDT5,8riy,W0O,301,1,A,1495,N5,-30.46,12.18,2.569,25.153,29.0,N,CN1CCC(CC1)n2c3c(c(n2)c4ccc(cc4)Oc5ccccc5)c(ncn3)N
NUDT5,8riy,W0O,301,1,A,1496,O1,-33.542,12.483,7.94,11.786,18.0,O,CN1CCC(CC1)n2c3c(c(n2)c4ccc(cc4)Oc5ccccc5)c(ncn3)N
NUDT5,8riy,W0O,301,1,B,1457,C1,-41.605,34.509,10.396,61.589,0.0,C,CN1CCC(CC1)n2c3c(c(n2)c4ccc(cc4)Oc5ccccc5)c(ncn3)N
NUDT5,8riy,W0O,301,1,B,1458,C2,-41.915,32.11,10.611,26.568,2.0,C,CN1CCC(CC1)n2c3c(c(n2)c4ccc(cc4)Oc5ccccc5)c(ncn3)N
NUDT5,8riy,W0O,301,1,B,1459,C3,-41.902,30.775,9.882,21.737,3.0,C,CN1CCC(CC1)n2c3c(c(n2)c4ccc(cc4)Oc5ccccc5)c(ncn3)N
NUDT5,8riy,W0O,301,1,B,1460,C4,-40.207,33.001,9.113,12.076,6.0,C,CN1CCC(CC1)n2c3c(c(n2)c4ccc(cc4)Oc5ccccc5)c(ncn3)N
NUDT5,8riy,W0O,301,1,B,1461,N6,-39.096,28.667,8.793,7.655,11.0,N,CN1CCC(CC1)n2c3c(c(n2)c4ccc(cc4)Oc5ccccc5)c(ncn3)N
NUDT5,8riy,W0O,301,1,B,1462,C7,-41.195,28.383,8.144,2.415,8.0,C,CN1CCC(CC1)n2c3c(c(n2)c4ccc(cc4)Oc5ccccc5)c(ncn3)N
NUDT5,8riy,W0O,301,1,B,1463,C8,-43.055,27.521,7.278,22.945,27.0,C,CN1CCC(CC1)n2c3c(c(n2)c4ccc(cc4)Oc5ccccc5)c(ncn3)N
NUDT5,8riy,W0O,301,1,B,1464,C9,-41.176,26.187,7.16,4.831,25.0,C,CN1CCC(CC1)n2c3c(c(n2)c4ccc(cc4)Oc5ccccc5)c(ncn3)N
NUDT5,8riy,W0O,301,1,B,1465,C11,-39.153,27.471,8.237,1.208,10.0,C,CN1CCC(CC1)n2c3c(c(n2)c4ccc(cc4)Oc5ccccc5)c(ncn3)N
NUDT5,8riy,W0O,301,1,B,1466,C12,-37.91,26.682,8.245,1.208,12.0,C,CN1CCC(CC1)n2c3c(c(n2)c4ccc(cc4)Oc5ccccc5)c(ncn3)N
NUDT5,8riy,W0O,301,1,B,1467,C13,-36.73,27.195,7.709,6.038,13.0,C,CN1CCC(CC1)n2c3c(c(n2)c4ccc(cc4)Oc5ccccc5)c(ncn3)N
NUDT5,8riy,W0O,301,1,B,1468,C14,-35.552,26.47,7.763,1.208,14.0,C,CN1CCC(CC1)n2c3c(c(n2)c4ccc(cc4)Oc5ccccc5)c(ncn3)N
NUDT5,8riy,W0O,301,1,B,1469,C15,-35.536,25.243,8.394,2.415,15.0,C,CN1CCC(CC1)n2c3c(c(n2)c4ccc(cc4)Oc5ccccc5)c(ncn3)N
NUDT5,8riy,W0O,301,1,B,1470,C16,-33.175,24.764,7.937,1.208,19.0,C,CN1CCC(CC1)n2c3c(c(n2)c4ccc(cc4)Oc5ccccc5)c(ncn3)N
NUDT5,8riy,W0O,301,1,B,1471,C17,-32.511,25.874,8.404,7.246,20.0,C,CN1CCC(CC1)n2c3c(c(n2)c4ccc(cc4)Oc5ccccc5)c(ncn3)N
NUDT5,8riy,W0O,301,1,B,1473,C19,-30.725,25.414,6.864,1.208,22.0,C,CN1CCC(CC1)n2c3c(c(n2)c4ccc(cc4)Oc5ccccc5)c(ncn3)N
NUDT5,8riy,W0O,301,1,B,1475,C22,-36.68,24.736,8.971,27.775,16.0,C,CN1CCC(CC1)n2c3c(c(n2)c4ccc(cc4)Oc5ccccc5)c(ncn3)N
NUDT5,8riy,W0O,301,1,B,1476,C23,-37.857,25.462,8.914,19.322,17.0,C,CN1CCC(CC1)n2c3c(c(n2)c4ccc(cc4)Oc5ccccc5)c(ncn3)N
NUDT5,8riy,W0O,301,1,B,1477,C10,-40.459,27.22,7.811,2.415,9.0,C,CN1CCC(CC1)n2c3c(c(n2)c4ccc(cc4)Oc5ccccc5)c(ncn3)N
NUDT5,8riy,W0O,301,1,B,1478,C21,-32.628,23.963,6.959,3.623,24.0,C,CN1CCC(CC1)n2c3c(c(n2)c4ccc(cc4)Oc5ccccc5)c(ncn3)N
NUDT5,8riy,W0O,301,1,B,1479,C5,-40.155,31.681,8.359,3.623,5.0,C,CN1CCC(CC1)n2c3c(c(n2)c4ccc(cc4)Oc5ccccc5)c(ncn3)N
NUDT5,8riy,W0O,301,1,B,1480,C6,-40.508,30.565,9.321,2.415,4.0,C,CN1CCC(CC1)n2c3c(c(n2)c4ccc(cc4)Oc5ccccc5)c(ncn3)N
NUDT5,8riy,W0O,301,1,B,1481,N1,-41.54,33.208,9.7,3.281,1.0,N,CN1CCC(CC1)n2c3c(c(n2)c4ccc(cc4)Oc5ccccc5)c(ncn3)N
NUDT5,8riy,W0O,301,1,B,1482,N2,-40.322,29.238,8.728,2.187,7.0,N,CN1CCC(CC1)n2c3c(c(n2)c4ccc(cc4)Oc5ccccc5)c(ncn3)N
NUDT5,8riy,W0O,301,1,B,1483,N3,-42.501,28.566,7.896,5.468,28.0,N,CN1CCC(CC1)n2c3c(c(n2)c4ccc(cc4)Oc5ccccc5)c(ncn3)N
NUDT5,8riy,W0O,301,1,B,1484,N4,-42.489,26.363,6.897,16.404,26.0,N,CN1CCC(CC1)n2c3c(c(n2)c4ccc(cc4)Oc5ccccc5)c(ncn3)N
NUDT5,8riy,W0O,301,1,B,1485,N5,-40.607,25.03,6.801,27.34,29.0,N,CN1CCC(CC1)n2c3c(c(n2)c4ccc(cc4)Oc5ccccc5)c(ncn3)N
NUDT5,8riy,W0O,301,1,B,1486,O1,-34.404,24.437,8.501,11.786,18.0,O,CN1CCC(CC1)n2c3c(c(n2)c4ccc(cc4)Oc5ccccc5)c(ncn3)N
