Target,pdb_id,Warhead,Residue_ID,Variant,Chain,atom_id,exact_atom,x,y,z,Exposure_A2,AtomIndex,AtomSymbol,SMILES
Acetylcholinesterase,1acl,DME,999,1,A,4112,C2,1.174,62.295,70.34,4.831,4.0,C,C[N+](C)(C)CCCCCCCCCC[N+](C)(C)C
Acetylcholinesterase,1acl,DME,999,1,A,4113,C3,1.939,63.625,70.294,1.208,5.0,C,C[N+](C)(C)CCCCCCCCCC[N+](C)(C)C
Acetylcholinesterase,1acl,DME,999,1,A,4114,C4,3.211,63.724,69.452,3.623,6.0,C,C[N+](C)(C)CCCCCCCCCC[N+](C)(C)C
Acetylcholinesterase,1acl,DME,999,1,A,4115,C5,3.767,65.143,69.695,1.208,7.0,C,C[N+](C)(C)CCCCCCCCCC[N+](C)(C)C
Acetylcholinesterase,1acl,DME,999,1,A,4117,C7,4.749,66.485,67.771,2.415,9.0,C,C[N+](C)(C)CCCCCCCCCC[N+](C)(C)C
Acetylcholinesterase,1acl,DME,999,1,A,4118,C8,4.339,67.92,68.136,2.415,10.0,C,C[N+](C)(C)CCCCCCCCCC[N+](C)(C)C
Acetylcholinesterase,1acl,DME,999,1,A,4119,C9,3.711,68.65,66.914,12.076,11.0,C,C[N+](C)(C)CCCCCCCCCC[N+](C)(C)C
Acetylcholinesterase,1acl,DME,999,1,A,4120,C10,4.292,68.241,65.534,2.415,12.0,C,C[N+](C)(C)CCCCCCCCCC[N+](C)(C)C
Acetylcholinesterase,1acl,DME,999,1,A,4121,C11,3.84,69.056,64.293,4.831,13.0,C,C[N+](C)(C)CCCCCCCCCC[N+](C)(C)C
Acetylcholinesterase,1acl,DME,999,1,A,4123,C13,-0.382,63.521,71.796,4.831,0.0,C,C[N+](C)(C)CCCCCCCCCC[N+](C)(C)C
Acetylcholinesterase,1acl,DME,999,1,A,4124,C14,-0.683,61.201,71.454,10.869,2.0,C,C[N+](C)(C)CCCCCCCCCC[N+](C)(C)C
Acetylcholinesterase,1acl,DME,999,1,A,4125,C15,1.203,61.9,72.734,37.436,3.0,C,C[N+](C)(C)CCCCCCCCCC[N+](C)(C)C
Acetylcholinesterase,1acl,DME,999,1,A,4127,C17,4.072,69.378,61.885,2.415,16.0,C,C[N+](C)(C)CCCCCCCCCC[N+](C)(C)C
Acetylcholinesterase,1acl,DME,999,1,A,4128,C18,5.167,67.571,62.883,3.623,17.0,C,C[N+](C)(C)CCCCCCCCCC[N+](C)(C)C
Acetylcholinesterase,1acj,THA,999,1,A,4108,C13,3.515,68.54,62.597,1.208,0.0,C,c1ccc2c(c1)c(c3c(n2)CCCC3)N
Acetylcholinesterase,1acj,THA,999,1,A,4109,C14,2.86,69.177,63.848,8.453,5.0,C,c1ccc2c(c1)c(c3c(n2)CCCC3)N
Acetylcholinesterase,1acj,THA,999,1,A,4110,N15,2.092,69.798,66.625,10.936,14.0,N,c1ccc2c(c1)c(c3c(n2)CCCC3)N
Acetylcholinesterase,1amn,NAF,594,1,A,5035,C1,4.296,67.609,63.563,1.208,4.0,C,C[N+](C)(C)c1cccc(c1)C(C(F)(F)F)(O)O
Acetylcholinesterase,1amn,NAF,594,1,A,5040,C6,3.714,66.918,64.746,4.831,5.0,C,C[N+](C)(C)c1cccc(c1)C(C(F)(F)F)(O)O
Acetylcholinesterase,1amn,NAF,594,1,A,5046,F2',7.191,63.166,62.759,1.035,13.0,F,C[N+](C)(C)c1cccc(c1)C(C(F)(F)F)(O)O
Acetylcholinesterase,1amn,NAF,594,1,A,5049,CM1,4.131,69.547,64.708,4.831,0.0,C,C[N+](C)(C)c1cccc(c1)C(C(F)(F)F)(O)O
Acetylcholinesterase,1amn,NAF,594,1,A,5050,CM2,2.787,69.386,62.831,4.831,2.0,C,C[N+](C)(C)c1cccc(c1)C(C(F)(F)F)(O)O
Acetylcholinesterase,1ax9,EDR,999,1,A,4153,C1,3.405,66.734,64.289,6.038,6.0,C,CC[N+](C)(C)c1cccc(c1)O
Acetylcholinesterase,1ax9,EDR,999,1,A,4162,C8,3.032,69.289,62.91,8.453,4.0,C,CC[N+](C)(C)c1cccc(c1)O
Acetylcholinesterase,1ax9,EDR,999,1,A,4163,C9,5.162,69.404,64.326,1.208,1.0,C,CC[N+](C)(C)c1cccc(c1)O
Acetylcholinesterase,1cfj,GB,999,1,A,4274,O1,5.371,64.4,61.821,16.072,2.0,O,CP(=O)(O)O
Acetylcholinesterase,1dx6,GNT,602,1,A,4224,C1,2.47,67.534,63.201,1.208,5.0,C,C[N@@]1CC[C@@]23C=C[C@@H](C[C@@H]2Oc4c3c(ccc4OC)C1)O
Acetylcholinesterase,1dx6,GNT,602,1,A,4225,C2,2.598,67.907,61.941,3.623,6.0,C,C[N@@]1CC[C@@]23C=C[C@@H](C[C@@H]2Oc4c3c(ccc4OC)C1)O
Acetylcholinesterase,1dx6,GNT,602,1,A,4233,C8,2.801,63.643,65.507,6.038,14.0,C,C[N@@]1CC[C@@]23C=C[C@@H](C[C@@H]2Oc4c3c(ccc4OC)C1)O
Acetylcholinesterase,1dx6,GNT,602,1,A,4234,C9,1.746,65.788,66.326,3.623,19.0,C,C[N@@]1CC[C@@]23C=C[C@@H](C[C@@H]2Oc4c3c(ccc4OC)C1)O
Acetylcholinesterase,1dx6,GNT,602,1,A,4235,N10,2.382,66.888,67.106,2.187,1.0,N,C[N@@]1CC[C@@]23C=C[C@@H](C[C@@H]2Oc4c3c(ccc4OC)C1)O
Acetylcholinesterase,1dx6,GNT,602,1,A,4239,C14,3.544,65.71,64.547,1.208,12.0,C,C[N@@]1CC[C@@]23C=C[C@@H](C[C@@H]2Oc4c3c(ccc4OC)C1)O
Acetylcholinesterase,1dx6,GNT,602,1,A,4240,C15,2.702,65.054,65.451,2.415,13.0,C,C[N@@]1CC[C@@]23C=C[C@@H](C[C@@H]2Oc4c3c(ccc4OC)C1)O
Acetylcholinesterase,1dx6,GNT,602,1,A,4244,C19,1.647,67.09,68.404,10.869,0.0,C,C[N@@]1CC[C@@]23C=C[C@@H](C[C@@H]2Oc4c3c(ccc4OC)C1)O
Acetylcholinesterase,1e66,HUX,803,1,A,4306,N2,1.886,69.43,66.469,9.842,17.0,N,CCC1=C[C@@H]2Cc3c(c(c4ccc(cc4n3)Cl)N)[C@@H](C2)C1
Acetylcholinesterase,1e66,HUX,803,1,A,4315,C12,3.171,68.555,62.217,1.208,19.0,C,CCC1=C[C@@H]2Cc3c(c(c4ccc(cc4n3)Cl)N)[C@@H](C2)C1
Acetylcholinesterase,1e66,HUX,803,1,A,4317,C9,2.303,67.18,64.15,1.208,20.0,C,CCC1=C[C@@H]2Cc3c(c(c4ccc(cc4n3)Cl)N)[C@@H](C2)C1
Acetylcholinesterase,1e66,HUX,803,1,A,4319,C11,2.621,68.602,63.709,3.623,18.0,C,CCC1=C[C@@H]2Cc3c(c(c4ccc(cc4n3)Cl)N)[C@@H](C2)C1
Acetylcholinesterase,1e3q,EBW,601,1,A,4256,C2,4.551,63.564,69.895,4.831,16.0,C,C[N+](C)(CC=C)c1ccc(cc1)CCC(=O)CCc2ccc(cc2)[N+](C)(C)CC=C
Acetylcholinesterase,1e3q,EBW,601,1,A,4260,C8,3.015,62.56,72.641,13.284,23.0,C,C[N+](C)(CC=C)c1ccc(cc1)CCC(=O)CCc2ccc(cc2)[N+](C)(C)CC=C
Acetylcholinesterase,1e3q,EBW,601,1,A,4261,C9,1.971,62.038,73.398,8.453,22.0,C,C[N+](C)(CC=C)c1ccc(cc1)CCC(=O)CCc2ccc(cc2)[N+](C)(C)CC=C
Acetylcholinesterase,1e3q,EBW,601,1,A,4263,C11,0.471,63.675,72.45,1.208,20.0,C,C[N+](C)(CC=C)c1ccc(cc1)CCC(=O)CCc2ccc(cc2)[N+](C)(C)CC=C
Acetylcholinesterase,1e3q,EBW,601,1,A,4266,C12,1.531,64.199,71.688,3.623,19.0,C,C[N+](C)(CC=C)c1ccc(cc1)CCC(=O)CCc2ccc(cc2)[N+](C)(C)CC=C
Acetylcholinesterase,1e3q,EBW,601,1,A,4269,C15,2.741,67.154,65.818,8.453,8.0,C,C[N+](C)(CC=C)c1ccc(cc1)CCC(=O)CCc2ccc(cc2)[N+](C)(C)CC=C
Acetylcholinesterase,1e3q,EBW,601,1,A,4270,C16,2.964,68.312,65.079,7.246,7.0,C,C[N+](C)(CC=C)c1ccc(cc1)CCC(=O)CCc2ccc(cc2)[N+](C)(C)CC=C
Acetylcholinesterase,1e3q,EBW,601,1,A,4273,C19,4.566,66.083,64.698,1.208,10.0,C,C[N+](C)(CC=C)c1ccc(cc1)CCC(=O)CCc2ccc(cc2)[N+](C)(C)CC=C
Acetylcholinesterase,1e3q,EBW,601,1,A,4275,C21,2.998,70.11,62.715,7.246,2.0,C,C[N+](C)(CC=C)c1ccc(cc1)CCC(=O)CCc2ccc(cc2)[N+](C)(C)CC=C
Acetylcholinesterase,1e3q,EBW,601,1,A,4278,C24,-0.749,63.028,75.336,10.869,27.0,C,C[N+](C)(CC=C)c1ccc(cc1)CCC(=O)CCc2ccc(cc2)[N+](C)(C)CC=C
Acetylcholinesterase,1e3q,EBW,601,1,A,4279,C25,-0.056,60.738,74.839,32.606,25.0,C,C[N+](C)(CC=C)c1ccc(cc1)CCC(=O)CCc2ccc(cc2)[N+](C)(C)CC=C
Acetylcholinesterase,1e3q,EBW,601,1,A,4280,C26,-1.662,61.864,73.426,4.831,26.0,C,C[N+](C)(CC=C)c1ccc(cc1)CCC(=O)CCc2ccc(cc2)[N+](C)(C)CC=C
Acetylcholinesterase,1e3q,EBW,601,1,A,4281,C27,0.408,63.302,76.261,15.699,28.0,C,C[N+](C)(CC=C)c1ccc(cc1)CCC(=O)CCc2ccc(cc2)[N+](C)(C)CC=C
Acetylcholinesterase,1e3q,EBW,601,1,A,4282,C28,0.715,64.536,76.672,14.492,29.0,C,C[N+](C)(CC=C)c1ccc(cc1)CCC(=O)CCc2ccc(cc2)[N+](C)(C)CC=C
Acetylcholinesterase,1e3q,EBW,601,1,A,4284,O1,2.896,62.811,68.37,1.071,15.0,O,C[N+](C)(CC=C)c1ccc(cc1)CCC(=O)CCc2ccc(cc2)[N+](C)(C)CC=C
Acetylcholinesterase,1eve,E20,2001,1,A,4297,C1,1.057,60.056,71.24,3.623,7.0,C,COc1cc2c(cc1OC)C(=O)[C@@H](C2)CC3CCN(CC3)Cc4ccccc4
Acetylcholinesterase,1eve,E20,2001,1,A,4298,C2,0.188,61.079,71.628,2.415,2.0,C,COc1cc2c(cc1OC)C(=O)[C@@H](C2)CC3CCN(CC3)Cc4ccccc4
Acetylcholinesterase,1eve,E20,2001,1,A,4299,C3,0.347,62.415,71.171,3.623,3.0,C,COc1cc2c(cc1OC)C(=O)[C@@H](C2)CC3CCN(CC3)Cc4ccccc4
Acetylcholinesterase,1eve,E20,2001,1,A,4302,C6,2.14,60.371,70.362,6.038,6.0,C,COc1cc2c(cc1OC)C(=O)[C@@H](C2)CC3CCN(CC3)Cc4ccccc4
Acetylcholinesterase,1eve,E20,2001,1,A,4305,C9,1.839,63.992,69.558,2.415,13.0,C,COc1cc2c(cc1OC)C(=O)[C@@H](C2)CC3CCN(CC3)Cc4ccccc4
Acetylcholinesterase,1eve,E20,2001,1,A,4308,C12,5.006,65.637,67.195,3.623,16.0,C,COc1cc2c(cc1OC)C(=O)[C@@H](C2)CC3CCN(CC3)Cc4ccccc4
Acetylcholinesterase,1eve,E20,2001,1,A,4309,C13,5.161,66.919,66.425,2.415,17.0,C,COc1cc2c(cc1OC)C(=O)[C@@H](C2)CC3CCN(CC3)Cc4ccccc4
Acetylcholinesterase,1eve,E20,2001,1,A,4310,N14,3.854,67.635,66.237,2.187,18.0,N,COc1cc2c(cc1OC)C(=O)[C@@H](C2)CC3CCN(CC3)Cc4ccccc4
Acetylcholinesterase,1eve,E20,2001,1,A,4311,C15,3.177,67.997,67.535,6.038,19.0,C,COc1cc2c(cc1OC)C(=O)[C@@H](C2)CC3CCN(CC3)Cc4ccccc4
Acetylcholinesterase,1eve,E20,2001,1,A,4312,C16,3.004,66.708,68.39,1.208,20.0,C,COc1cc2c(cc1OC)C(=O)[C@@H](C2)CC3CCN(CC3)Cc4ccccc4
Acetylcholinesterase,1eve,E20,2001,1,A,4314,C18,3.992,68.847,63.988,1.208,22.0,C,COc1cc2c(cc1OC)C(=O)[C@@H](C2)CC3CCN(CC3)Cc4ccccc4
Acetylcholinesterase,1eve,E20,2001,1,A,4315,C19,2.864,68.675,63.126,8.453,23.0,C,COc1cc2c(cc1OC)C(=O)[C@@H](C2)CC3CCN(CC3)Cc4ccccc4
Acetylcholinesterase,1eve,E20,2001,1,A,4316,C20,3.052,68.432,61.723,2.415,24.0,C,COc1cc2c(cc1OC)C(=O)[C@@H](C2)CC3CCN(CC3)Cc4ccccc4
Acetylcholinesterase,1eve,E20,2001,1,A,4317,C21,4.345,68.39,61.195,1.208,25.0,C,COc1cc2c(cc1OC)C(=O)[C@@H](C2)CC3CCN(CC3)Cc4ccccc4
Acetylcholinesterase,1eve,E20,2001,1,A,4319,C23,5.31,68.869,63.44,1.208,27.0,C,COc1cc2c(cc1OC)C(=O)[C@@H](C2)CC3CCN(CC3)Cc4ccccc4
Acetylcholinesterase,1eve,E20,2001,1,A,4320,O24,4.325,61.375,68.615,2.143,11.0,O,COc1cc2c(cc1OC)C(=O)[C@@H](C2)CC3CCN(CC3)Cc4ccccc4
Acetylcholinesterase,1eve,E20,2001,1,A,4321,O25,0.89,58.762,71.644,5.357,8.0,O,COc1cc2c(cc1OC)C(=O)[C@@H](C2)CC3CCN(CC3)Cc4ccccc4
Acetylcholinesterase,1eve,E20,2001,1,A,4322,C26,1.842,57.647,71.265,12.076,9.0,C,COc1cc2c(cc1OC)C(=O)[C@@H](C2)CC3CCN(CC3)Cc4ccccc4
Acetylcholinesterase,1eve,E20,2001,1,A,4323,O27,-0.925,61.025,72.321,4.286,1.0,O,COc1cc2c(cc1OC)C(=O)[C@@H](C2)CC3CCN(CC3)Cc4ccccc4
Acetylcholinesterase,1eve,E20,2001,1,A,4324,C28,-1.434,59.862,72.928,31.398,0.0,C,COc1cc2c(cc1OC)C(=O)[C@@H](C2)CC3CCN(CC3)Cc4ccccc4
Acetylcholinesterase,1gpk,HUP,1540,1,A,4286,C3,0.576,68.272,62.986,1.208,13.0,C,C/C=C/1\[C@@H]2CC3=C([C@]1(CC(=C2)C)N)C=CC(=O)N3
Acetylcholinesterase,1gpk,HUP,1540,1,A,4296,N2,1.508,66.456,65.146,10.936,12.0,N,C/C=C/1\[C@@H]2CC3=C([C@]1(CC(=C2)C)N)C=CC(=O)N3
Acetylcholinesterase,1gpk,HUP,1540,1,A,4297,C13,3.321,68.13,65.111,1.208,8.0,C,C/C=C/1\[C@@H]2CC3=C([C@]1(CC(=C2)C)N)C=CC(=O)N3
Acetylcholinesterase,1gpn,HUB,1538,1,A,4230,C3,1.302,68.245,63.545,4.831,7.0,C,CC1=C[C@H]2CC3=C(C=CC(=O)N3)[C@@]4(C1)[C@@H]2CCCN4
Acetylcholinesterase,1gpn,HUB,1538,1,A,4236,C9,5.125,69.456,65.431,2.415,16.0,C,CC1=C[C@H]2CC3=C(C=CC(=O)N3)[C@@]4(C1)[C@@H]2CCCN4
Acetylcholinesterase,1gpn,HUB,1538,1,A,4240,N2,3.239,67.879,65.858,5.468,18.0,N,CC1=C[C@H]2CC3=C(C=CC(=O)N3)[C@@]4(C1)[C@@H]2CCCN4
Acetylcholinesterase,1gpn,HUB,1538,1,A,4241,C13,3.112,65.642,64.749,1.208,13.0,C,CC1=C[C@H]2CC3=C(C=CC(=O)N3)[C@@]4(C1)[C@@H]2CCCN4
Acetylcholinesterase,1gpn,HUB,1538,1,A,4244,C90,3.651,69.386,65.801,3.623,17.0,C,CC1=C[C@H]2CC3=C(C=CC(=O)N3)[C@@]4(C1)[C@@H]2CCCN4
Acetylcholinesterase,1gqr,EMM,1999,1,A,4240,C2,5.315,62.071,62.847,2.415,0.0,C,CN(C=C)C(=O)O
Acetylcholinesterase,1gqr,EMM,1999,1,A,4241,C,5.779,63.838,60.913,1.208,4.0,C,CN(C=C)C(=O)O
Acetylcholinesterase,1gqr,SAF,1998,1,A,4228,C3,3.529,68.466,64.46,7.246,7.0,C,C[C@@H](c1cccc(c1)O)N(C)C
Acetylcholinesterase,1gqr,SAF,1998,1,A,4229,C4,3.811,68.557,65.99,2.415,6.0,C,C[C@@H](c1cccc(c1)O)N(C)C
Acetylcholinesterase,1gqr,SAF,1998,1,A,4230,C5,5.021,69.06,66.376,1.208,5.0,C,C[C@@H](c1cccc(c1)O)N(C)C
Acetylcholinesterase,1gqr,SAF,1998,1,A,4232,O4,2.976,68.139,67.041,17.143,8.0,O,C[C@@H](c1cccc(c1)O)N(C)C
Acetylcholinesterase,1gqr,SAF,1998,1,A,4234,C7,4.63,66.229,61.866,6.038,10.0,C,C[C@@H](c1cccc(c1)O)N(C)C
Acetylcholinesterase,1gqr,SAF,1998,1,A,4237,C10,3.908,69.881,61.131,4.831,0.0,C,C[C@@H](c1cccc(c1)O)N(C)C
Acetylcholinesterase,1gqs,SAF,603,1,A,4274,C1,4.594,67.387,65.159,6.038,3.0,C,C[C@@H](c1cccc(c1)O)N(C)C
Acetylcholinesterase,1gqs,SAF,603,1,A,4275,C3,4.433,66.807,62.802,2.415,7.0,C,C[C@@H](c1cccc(c1)O)N(C)C
Acetylcholinesterase,1gqs,SAF,603,1,A,4276,C4,4.962,68.054,62.457,1.208,6.0,C,C[C@@H](c1cccc(c1)O)N(C)C
Acetylcholinesterase,1gqs,SAF,603,1,A,4279,O4,5.072,68.255,61.127,1.071,8.0,O,C[C@@H](c1cccc(c1)O)N(C)C
Acetylcholinesterase,1gqs,SAF,603,1,A,4282,C8,4.167,63.293,62.638,1.208,11.0,C,C[C@@H](c1cccc(c1)O)N(C)C
Acetylcholinesterase,1gqs,SAF,603,1,A,4284,C10,3.037,64.81,65.784,9.661,0.0,C,C[C@@H](c1cccc(c1)O)N(C)C
Acetylcholinesterase,1gqs,SAF,603,1,A,4285,C40,4.229,66.423,64.126,2.415,2.0,C,C[C@@H](c1cccc(c1)O)N(C)C
Acetylcholinesterase,1h22,E10,1536,1,A,4195,C4,2.547,59.535,73.346,1.208,3.0,C,C1C[C@@H](C2=C(C1)NC(=O)C=C2)NCCCCCCCCCCN[C@H]3CCCC4=C3C=CC(=O)N4
Acetylcholinesterase,1h22,E10,1536,1,A,4199,C9,2.009,57.099,72.648,4.831,5.0,C,C1C[C@@H](C2=C(C1)NC(=O)C=C2)NCCCCCCCCCCN[C@H]3CCCC4=C3C=CC(=O)N4
Acetylcholinesterase,1h22,E10,1536,1,A,4200,C10,1.454,59.525,74.434,10.869,2.0,C,C1C[C@@H](C2=C(C1)NC(=O)C=C2)NCCCCCCCCCCN[C@H]3CCCC4=C3C=CC(=O)N4
Acetylcholinesterase,1h22,E10,1536,1,A,4201,C13,0.723,58.145,74.591,28.983,1.0,C,C1C[C@@H](C2=C(C1)NC(=O)C=C2)NCCCCCCCCCCN[C@H]3CCCC4=C3C=CC(=O)N4
Acetylcholinesterase,1h22,E10,1536,1,A,4202,C14,0.617,57.33,73.257,6.038,0.0,C,C1C[C@@H](C2=C(C1)NC(=O)C=C2)NCCCCCCCCCCN[C@H]3CCCC4=C3C=CC(=O)N4
Acetylcholinesterase,1h22,E10,1536,1,A,4203,N17,0.427,60.623,74.093,15.31,11.0,N,C1C[C@@H](C2=C(C1)NC(=O)C=C2)NCCCCCCCCCCN[C@H]3CCCC4=C3C=CC(=O)N4
Acetylcholinesterase,1h22,E10,1536,1,A,4204,C24,-0.357,60.492,72.793,3.623,12.0,C,C1C[C@@H](C2=C(C1)NC(=O)C=C2)NCCCCCCCCCCN[C@H]3CCCC4=C3C=CC(=O)N4
Acetylcholinesterase,1h22,E10,1536,1,A,4209,C33,1.076,68.126,63.41,2.415,29.0,C,C1C[C@@H](C2=C(C1)NC(=O)C=C2)NCCCCCCCCCCN[C@H]3CCCC4=C3C=CC(=O)N4
Acetylcholinesterase,1h22,E10,1536,1,A,4214,C38,4.983,67.909,64.305,1.208,24.0,C,C1C[C@@H](C2=C(C1)NC(=O)C=C2)NCCCCCCCCCCN[C@H]3CCCC4=C3C=CC(=O)N4
Acetylcholinesterase,1h22,E10,1536,1,A,4216,N40,3.149,66.903,65.515,5.468,22.0,N,C1C[C@@H](C2=C(C1)NC(=O)C=C2)NCCCCCCCCCCN[C@H]3CCCC4=C3C=CC(=O)N4
Acetylcholinesterase,1h22,E10,1536,1,A,4217,C41,4.145,66.54,66.635,1.208,21.0,C,C1C[C@@H](C2=C(C1)NC(=O)C=C2)NCCCCCCCCCCN[C@H]3CCCC4=C3C=CC(=O)N4
Acetylcholinesterase,1h22,E10,1536,1,A,4218,C63,-0.854,61.863,72.369,1.208,13.0,C,C1C[C@@H](C2=C(C1)NC(=O)C=C2)NCCCCCCCCCCN[C@H]3CCCC4=C3C=CC(=O)N4
Acetylcholinesterase,1h22,E10,1536,1,A,4219,C64,0.28,62.833,72.022,2.415,14.0,C,C1C[C@@H](C2=C(C1)NC(=O)C=C2)NCCCCCCCCCCN[C@H]3CCCC4=C3C=CC(=O)N4
Acetylcholinesterase,1h22,E10,1536,1,A,4221,C66,1.793,63.583,70.151,4.831,16.0,C,C1C[C@@H](C2=C(C1)NC(=O)C=C2)NCCCCCCCCCCN[C@H]3CCCC4=C3C=CC(=O)N4
Acetylcholinesterase,1h22,E10,1536,1,A,4225,C70,3.38,66.017,67.837,8.453,20.0,C,C1C[C@@H](C2=C(C1)NC(=O)C=C2)NCCCCCCCCCCN[C@H]3CCCC4=C3C=CC(=O)N4
Acetylcholinesterase,1h23,E12,1536,1,A,4188,C4,2.505,59.421,73.742,1.208,3.0,C,C1C[C@@H](C2=C(C1)NC(=O)C=C2)NCCCCCCCCCCCCN[C@H]3CCCC4=C3C=CC(=O)N4
Acetylcholinesterase,1h23,E12,1536,1,A,4190,C14,0.633,57.193,73.609,7.246,0.0,C,C1C[C@@H](C2=C(C1)NC(=O)C=C2)NCCCCCCCCCCCCN[C@H]3CCCC4=C3C=CC(=O)N4
Acetylcholinesterase,1h23,E12,1536,1,A,4191,N17,0.428,60.376,74.765,13.123,11.0,N,C1C[C@@H](C2=C(C1)NC(=O)C=C2)NCCCCCCCCCCCCN[C@H]3CCCC4=C3C=CC(=O)N4
Acetylcholinesterase,1h23,E12,1536,1,A,4192,C24,-0.413,60.535,73.489,2.415,12.0,C,C1C[C@@H](C2=C(C1)NC(=O)C=C2)NCCCCCCCCCCCCN[C@H]3CCCC4=C3C=CC(=O)N4
Acetylcholinesterase,1h23,E12,1536,1,A,4194,C9,2.005,57.036,72.928,3.623,5.0,C,C1C[C@@H](C2=C(C1)NC(=O)C=C2)NCCCCCCCCCCCCN[C@H]3CCCC4=C3C=CC(=O)N4
Acetylcholinesterase,1h23,E12,1536,1,A,4195,C10,1.477,59.297,74.887,9.661,2.0,C,C1C[C@@H](C2=C(C1)NC(=O)C=C2)NCCCCCCCCCCCCN[C@H]3CCCC4=C3C=CC(=O)N4
Acetylcholinesterase,1h23,E12,1536,1,A,4196,C13,0.784,57.911,74.989,31.398,1.0,C,C1C[C@@H](C2=C(C1)NC(=O)C=C2)NCCCCCCCCCCCCN[C@H]3CCCC4=C3C=CC(=O)N4
Acetylcholinesterase,1h23,E12,1536,1,A,4197,C63,-0.701,62.045,73.395,15.699,13.0,C,C1C[C@@H](C2=C(C1)NC(=O)C=C2)NCCCCCCCCCCCCN[C@H]3CCCC4=C3C=CC(=O)N4
Acetylcholinesterase,1h23,E12,1536,1,A,4203,C33,1.168,68.531,63.456,1.208,31.0,C,C1C[C@@H](C2=C(C1)NC(=O)C=C2)NCCCCCCCCCCCCN[C@H]3CCCC4=C3C=CC(=O)N4
Acetylcholinesterase,1h23,E12,1536,1,A,4206,C36,4.787,68.554,61.926,1.208,28.0,C,C1C[C@@H](C2=C(C1)NC(=O)C=C2)NCCCCCCCCCCCCN[C@H]3CCCC4=C3C=CC(=O)N4
Acetylcholinesterase,1h23,E12,1536,1,A,4210,N40,3.038,67.597,65.754,7.655,24.0,N,C1C[C@@H](C2=C(C1)NC(=O)C=C2)NCCCCCCCCCCCCN[C@H]3CCCC4=C3C=CC(=O)N4
Acetylcholinesterase,1h23,E12,1536,1,A,4211,C41,3.19,66.131,65.576,2.415,23.0,C,C1C[C@@H](C2=C(C1)NC(=O)C=C2)NCCCCCCCCCCCCN[C@H]3CCCC4=C3C=CC(=O)N4
Acetylcholinesterase,1h23,E12,1536,1,A,4213,C65,1.026,62.586,71.689,1.208,15.0,C,C1C[C@@H](C2=C(C1)NC(=O)C=C2)NCCCCCCCCCCCCN[C@H]3CCCC4=C3C=CC(=O)N4
Acetylcholinesterase,1h23,E12,1536,1,A,4214,C66,1.297,62.498,70.208,1.208,16.0,C,C1C[C@@H](C2=C(C1)NC(=O)C=C2)NCCCCCCCCCCCCN[C@H]3CCCC4=C3C=CC(=O)N4
Acetylcholinesterase,1h23,E12,1536,1,A,4216,C68,3.345,63.972,70.136,2.415,18.0,C,C1C[C@@H](C2=C(C1)NC(=O)C=C2)NCCCCCCCCCCCCN[C@H]3CCCC4=C3C=CC(=O)N4
Acetylcholinesterase,1h23,E12,1536,1,A,4219,C71,3.955,66.334,68.017,4.831,21.0,C,C1C[C@@H](C2=C(C1)NC(=O)C=C2)NCCCCCCCCCCCCN[C@H]3CCCC4=C3C=CC(=O)N4
Acetylcholinesterase,1jjb,PE7,999,1,A,4230,S1,3.372,67.864,61.391,7.721,20.0,S,C(COCCOCCOCCOCCOCCOCCS)O
Acetylcholinesterase,1jjb,PE7,999,1,A,4231,C2,4.919,67.791,62.367,2.415,19.0,C,C(COCCOCCOCCOCCOCCOCCS)O
Acetylcholinesterase,1jjb,PE7,999,1,A,4233,O4,4.422,67.767,64.725,4.286,17.0,O,C(COCCOCCOCCOCCOCCOCCS)O
Acetylcholinesterase,1jjb,PE7,999,1,A,4235,C6,3.069,67.844,66.742,15.699,15.0,C,C(COCCOCCOCCOCCOCCOCCS)O
Acetylcholinesterase,1jjb,PE7,999,1,A,4236,O7,3.643,66.646,67.26,3.214,14.0,O,C(COCCOCCOCCOCCOCCOCCS)O
Acetylcholinesterase,1jjb,PE7,999,1,A,4237,C8,3.281,66.372,68.62,2.415,13.0,C,C(COCCOCCOCCOCCOCCOCCS)O
Acetylcholinesterase,1jjb,PE7,999,1,A,4239,O10,3.098,64.313,69.839,3.214,11.0,O,C(COCCOCCOCCOCCOCCOCCS)O
Acetylcholinesterase,1jjb,PE7,999,1,A,4240,C11,3.323,62.915,69.657,3.623,10.0,C,C(COCCOCCOCCOCCOCCOCCS)O
Acetylcholinesterase,1jjb,PE7,999,1,A,4241,C12,2.029,62.162,69.743,3.623,9.0,C,C(COCCOCCOCCOCCOCCOCCS)O
Acetylcholinesterase,1jjb,PE7,999,1,A,4242,O13,1.578,62.113,71.092,5.357,8.0,O,C(COCCOCCOCCOCCOCCOCCS)O
Acetylcholinesterase,1jjb,PE7,999,1,A,4243,C14,0.264,61.575,71.234,2.415,7.0,C,C(COCCOCCOCCOCCOCCOCCS)O
Acetylcholinesterase,1jjb,PE7,999,1,A,4244,C15,0.051,61.151,72.652,15.699,6.0,C,C(COCCOCCOCCOCCOCCOCCS)O
Acetylcholinesterase,1jjb,PE7,999,1,A,4246,C17,-1.022,59.147,73.36,13.284,4.0,C,C(COCCOCCOCCOCCOCCOCCS)O
Acetylcholinesterase,1jjb,PE7,999,1,A,4247,C18,-1.832,58.974,74.62,32.606,3.0,C,C(COCCOCCOCCOCCOCCOCCS)O
Acetylcholinesterase,1jjb,PE7,999,1,A,4248,O19,-3.126,59.554,74.48,4.286,2.0,O,C(COCCOCCOCCOCCOCCOCCS)O
Acetylcholinesterase,1jjb,PE7,999,1,A,4249,C20,-4.181,58.597,74.578,7.246,1.0,C,C(COCCOCCOCCOCCOCCOCCS)O
Acetylcholinesterase,1jjb,PE7,999,1,A,4250,C21,-5.388,59.199,75.227,32.606,0.0,C,C(COCCOCCOCCOCCOCCOCCS)O
Acetylcholinesterase,1jjb,PE7,999,1,A,4251,O22,-5.91,60.265,74.439,23.572,21.0,O,C(COCCOCCOCCOCCOCCOCCS)O
Acetylcholinesterase,1oce,MF2,700,1,A,4204,C2,1.081,63.548,71.66,3.623,4.0,C,C[C@@H]1CN(C[C@@H](O1)C)CCCCCCCCNC=O
Acetylcholinesterase,1oce,MF2,700,1,A,4205,C3,-0.436,63.57,72.015,1.208,5.0,C,C[C@@H]1CN(C[C@@H](O1)C)CCCCCCCCNC=O
Acetylcholinesterase,1oce,MF2,700,1,A,4206,O4,-0.746,62.395,72.832,7.5,6.0,O,C[C@@H]1CN(C[C@@H](O1)C)CCCCCCCCNC=O
Acetylcholinesterase,1oce,MF2,700,1,A,4207,C7,-0.87,59.974,73.06,38.644,0.0,C,C[C@@H]1CN(C[C@@H](O1)C)CCCCCCCCNC=O
Acetylcholinesterase,1oce,MF2,700,1,A,4208,C8,-0.808,64.856,72.812,3.623,7.0,C,C[C@@H]1CN(C[C@@H](O1)C)CCCCCCCCNC=O
Acetylcholinesterase,1oce,MF2,700,1,A,4209,C9,2.823,62.313,70.452,12.076,8.0,C,C[C@@H]1CN(C[C@@H](O1)C)CCCCCCCCNC=O
Acetylcholinesterase,1oce,MF2,700,1,A,4211,C11,3.354,64.439,69.03,4.831,10.0,C,C[C@@H]1CN(C[C@@H](O1)C)CCCCCCCCNC=O
Acetylcholinesterase,1oce,MF2,700,1,A,4213,C13,4.091,65.575,66.803,14.492,12.0,C,C[C@@H]1CN(C[C@@H](O1)C)CCCCCCCCNC=O
Acetylcholinesterase,1oce,MF2,700,1,A,4214,C14,3.377,64.653,65.749,3.623,13.0,C,C[C@@H]1CN(C[C@@H](O1)C)CCCCCCCCNC=O
Acetylcholinesterase,1oce,MF2,700,1,A,4215,C15,4.014,64.776,64.337,13.284,14.0,C,C[C@@H]1CN(C[C@@H](O1)C)CCCCCCCCNC=O
Acetylcholinesterase,1oce,MF2,700,1,A,4219,C6,1.074,61.11,71.789,13.284,2.0,C,C[C@@H]1CN(C[C@@H](O1)C)CCCCCCCCNC=O
Acetylcholinesterase,1hbj,FBQ,1539,1,A,4267,C9,7.057,71.051,65.935,4.831,8.0,C,Cc1c(c(c2c(n1)cccc2F)N)CSCc3cccc(c3)C(C(F)(F)F)(O)O
Acetylcholinesterase,1hbj,FBQ,1539,1,A,4269,N11,2.214,69.459,66.574,6.562,12.0,N,Cc1c(c(c2c(n1)cccc2F)N)CSCc3cccc(c3)C(C(F)(F)F)(O)O
Acetylcholinesterase,1hbj,FBQ,1539,1,A,4270,C12,1.329,68.254,64.125,4.831,13.0,C,Cc1c(c(c2c(n1)cccc2F)N)CSCc3cccc(c3)C(C(F)(F)F)(O)O
Acetylcholinesterase,1hbj,FBQ,1539,1,A,4271,S13,1.447,66.484,64.783,5.147,14.0,S,Cc1c(c(c2c(n1)cccc2F)N)CSCc3cccc(c3)C(C(F)(F)F)(O)O
Acetylcholinesterase,1hbj,FBQ,1539,1,A,4272,C14,3.071,66.107,65.503,1.208,15.0,C,Cc1c(c(c2c(n1)cccc2F)N)CSCc3cccc(c3)C(C(F)(F)F)(O)O
Acetylcholinesterase,1hbj,FBQ,1539,1,A,4286,C28,3.362,68.252,61.825,1.208,0.0,C,Cc1c(c(c2c(n1)cccc2F)N)CSCc3cccc(c3)C(C(F)(F)F)(O)O
Acetylcholinesterase,1som,VXA,1010,1,A,4215,O2,5.439,64.499,62.131,15.0,3.0,O,C[P@H](=O)[O-]
Acetylcholinesterase,1qti,GNT,600,1,A,4204,C1,2.553,67.316,62.605,1.208,5.0,C,C[N@@]1CC[C@@]23C=C[C@@H](C[C@@H]2Oc4c3c(ccc4OC)C1)O
Acetylcholinesterase,1qti,GNT,600,1,A,4205,C2,2.729,67.755,61.329,3.623,6.0,C,C[N@@]1CC[C@@]23C=C[C@@H](C[C@@H]2Oc4c3c(ccc4OC)C1)O
Acetylcholinesterase,1qti,GNT,600,1,A,4213,C8,2.843,63.381,64.937,7.246,14.0,C,C[N@@]1CC[C@@]23C=C[C@@H](C[C@@H]2Oc4c3c(ccc4OC)C1)O
Acetylcholinesterase,1qti,GNT,600,1,A,4214,C9,1.682,65.588,65.673,1.208,19.0,C,C[N@@]1CC[C@@]23C=C[C@@H](C[C@@H]2Oc4c3c(ccc4OC)C1)O
Acetylcholinesterase,1qti,GNT,600,1,A,4215,N10,2.29,66.659,66.531,1.094,1.0,N,C[N@@]1CC[C@@]23C=C[C@@H](C[C@@H]2Oc4c3c(ccc4OC)C1)O
Acetylcholinesterase,1qti,GNT,600,1,A,4216,C11,2.588,67.939,65.779,1.208,2.0,C,C[N@@]1CC[C@@]23C=C[C@@H](C[C@@H]2Oc4c3c(ccc4OC)C1)O
Acetylcholinesterase,1qti,GNT,600,1,A,4219,C14,3.576,65.464,63.921,1.208,12.0,C,C[N@@]1CC[C@@]23C=C[C@@H](C[C@@H]2Oc4c3c(ccc4OC)C1)O
Acetylcholinesterase,1qti,GNT,600,1,A,4220,C15,2.71,64.795,64.843,1.208,13.0,C,C[N@@]1CC[C@@]23C=C[C@@H](C[C@@H]2Oc4c3c(ccc4OC)C1)O
Acetylcholinesterase,1qti,GNT,600,1,A,4224,C19,1.386,66.958,67.687,12.076,0.0,C,C[N@@]1CC[C@@]23C=C[C@@H](C[C@@H]2Oc4c3c(ccc4OC)C1)O
Acetylcholinesterase,1odc,A8B,1538,1,A,4217,N11,2.273,68.248,65.969,1.094,19.0,N,c1ccc2c(c1)c(ccn2)NCCCCCCCCNc3c4ccccc4nc5c3CCCC5
Acetylcholinesterase,1odc,A8B,1538,1,A,4218,C14,2.982,67.603,63.106,6.038,30.0,C,c1ccc2c(c1)c(ccn2)NCCCCCCCCNc3c4ccccc4nc5c3CCCC5
Acetylcholinesterase,1odc,A8B,1538,1,A,4219,C15,3.654,67.076,61.786,2.415,31.0,C,c1ccc2c(c1)c(ccn2)NCCCCCCCCNc3c4ccccc4nc5c3CCCC5
Acetylcholinesterase,1odc,A8B,1538,1,A,4222,C19,2.754,63.28,68.724,2.415,14.0,C,c1ccc2c(c1)c(ccn2)NCCCCCCCCNc3c4ccccc4nc5c3CCCC5
Acetylcholinesterase,1odc,A8B,1538,1,A,4223,C20,2.428,64.7,69.28,2.415,15.0,C,c1ccc2c(c1)c(ccn2)NCCCCCCCCNc3c4ccccc4nc5c3CCCC5
Acetylcholinesterase,1odc,A8B,1538,1,A,4224,C21,2.89,65.768,68.294,1.208,16.0,C,c1ccc2c(c1)c(ccn2)NCCCCCCCCNc3c4ccccc4nc5c3CCCC5
Acetylcholinesterase,1odc,A8B,1538,1,A,4225,C22,3.027,62.212,69.804,12.076,13.0,C,c1ccc2c(c1)c(ccn2)NCCCCCCCCNc3c4ccccc4nc5c3CCCC5
Acetylcholinesterase,1odc,A8B,1538,1,A,4226,C24,1.8,66.765,67.919,1.208,17.0,C,c1ccc2c(c1)c(ccn2)NCCCCCCCCNc3c4ccccc4nc5c3CCCC5
Acetylcholinesterase,1odc,A8B,1538,1,A,4227,N24,-0.294,61.106,71.379,5.468,10.0,N,c1ccc2c(c1)c(ccn2)NCCCCCCCCNc3c4ccccc4nc5c3CCCC5
Acetylcholinesterase,1odc,A8B,1538,1,A,4228,C25,1.774,66.94,66.399,10.869,18.0,C,c1ccc2c(c1)c(ccn2)NCCCCCCCCNc3c4ccccc4nc5c3CCCC5
Acetylcholinesterase,1odc,A8B,1538,1,A,4231,C29,1.888,62.112,70.854,15.699,12.0,C,c1ccc2c(c1)c(ccn2)NCCCCCCCCNc3c4ccccc4nc5c3CCCC5
Acetylcholinesterase,1odc,A8B,1538,1,A,4232,C30,0.567,61.621,70.288,1.208,11.0,C,c1ccc2c(c1)c(ccn2)NCCCCCCCCNc3c4ccccc4nc5c3CCCC5
Acetylcholinesterase,1odc,A8B,1538,1,A,4237,C39,-1.987,60.004,73.569,19.322,5.0,C,c1ccc2c(c1)c(ccn2)NCCCCCCCCNc3c4ccccc4nc5c3CCCC5
Acetylcholinesterase,1odc,A8B,1538,1,A,4238,C40,-2.865,59.474,74.514,32.606,0.0,C,c1ccc2c(c1)c(ccn2)NCCCCCCCCNc3c4ccccc4nc5c3CCCC5
Acetylcholinesterase,1odc,A8B,1538,1,A,4239,C41,-4.246,59.166,74.178,28.983,1.0,C,c1ccc2c(c1)c(ccn2)NCCCCCCCCNc3c4ccccc4nc5c3CCCC5
Acetylcholinesterase,1odc,A8B,1538,1,A,4240,C42,-4.731,59.398,72.887,10.869,2.0,C,c1ccc2c(c1)c(ccn2)NCCCCCCCCNc3c4ccccc4nc5c3CCCC5
Acetylcholinesterase,1ut6,A8N,1538,1,A,4220,N11,2.249,68.011,66.163,1.094,14.0,N,c1ccc2c(c1)c(c3c([nH+]2)CCCC3)NCCCCCCCC[NH3+]
Acetylcholinesterase,1ut6,A8N,1538,1,A,4221,C13,2.721,67.725,63.179,6.038,5.0,C,c1ccc2c(c1)c(c3c([nH+]2)CCCC3)NCCCCCCCC[NH3+]
Acetylcholinesterase,1ut6,A8N,1538,1,A,4222,C14,3.097,67.952,61.681,2.415,0.0,C,c1ccc2c(c1)c(c3c([nH+]2)CCCC3)NCCCCCCCC[NH3+]
Acetylcholinesterase,1ut6,A8N,1538,1,A,4223,C15,4.551,67.458,61.423,1.208,1.0,C,c1ccc2c(c1)c(c3c([nH+]2)CCCC3)NCCCCCCCC[NH3+]
Acetylcholinesterase,1ut6,A8N,1538,1,A,4225,C17,1.983,66.659,66.723,2.415,15.0,C,c1ccc2c(c1)c(c3c([nH+]2)CCCC3)NCCCCCCCC[NH3+]
Acetylcholinesterase,1ut6,A8N,1538,1,A,4226,C18,0.853,66.677,67.78,7.246,16.0,C,c1ccc2c(c1)c(c3c([nH+]2)CCCC3)NCCCCCCCC[NH3+]
Acetylcholinesterase,1ut6,A8N,1538,1,A,4229,C21,0.585,63.549,69.935,9.661,19.0,C,c1ccc2c(c1)c(c3c([nH+]2)CCCC3)NCCCCCCCC[NH3+]
Acetylcholinesterase,1ut6,A8N,1538,1,A,4230,C22,0.07,63.125,71.332,7.246,20.0,C,c1ccc2c(c1)c(c3c([nH+]2)CCCC3)NCCCCCCCC[NH3+]
Acetylcholinesterase,1ut6,A8N,1538,1,A,4232,C24,-0.144,60.782,72.352,26.568,22.0,C,c1ccc2c(c1)c(c3c([nH+]2)CCCC3)NCCCCCCCC[NH3+]
Acetylcholinesterase,1ut6,A8N,1538,1,A,4233,N25,-1.356,60.344,73.146,31.714,23.0,N,c1ccc2c(c1)c(c3c([nH+]2)CCCC3)NCCCCCCCC[NH3+]
Acetylcholinesterase,1vxo,VXA,999,1,A,4274,O1,5.362,65.014,62.459,16.072,2.0,O,C[P@H](=O)[O-]
Acetylcholinesterase,1vot,HUP,999,1,A,4145,C3,0.971,68.614,63.025,2.415,13.0,C,C/C=C/1\[C@@H]2CC3=C([C@]1(CC(=C2)C)N)C=CC(=O)N3
Acetylcholinesterase,1vot,HUP,999,1,A,4155,N2,2.461,68.705,65.557,10.936,12.0,N,C/C=C/1\[C@@H]2CC3=C([C@]1(CC(=C2)C)N)C=CC(=O)N3
Acetylcholinesterase,1u65,CP0,603,1,A,4278,N1,-17.188,113.198,39.692,5.468,9.0,N,CCc1c2cc(ccc2nc3c1CN4C3=CC5=C(C4=O)COC(=O)[C@@]5(CC)O)OC(=O)N6CCC(CC6)N7CCCCC7
Acetylcholinesterase,1u65,CP0,603,1,A,4279,N4,-14.792,114.665,41.913,2.187,13.0,N,CCc1c2cc(ccc2nc3c1CN4C3=CC5=C(C4=O)COC(=O)[C@@]5(CC)O)OC(=O)N6CCC(CC6)N7CCCCC7
Acetylcholinesterase,1u65,CP0,603,1,A,4281,O2,-22.34,110.742,40.483,2.143,28.0,O,CCc1c2cc(ccc2nc3c1CN4C3=CC5=C(C4=O)COC(=O)[C@@]5(CC)O)OC(=O)N6CCC(CC6)N7CCCCC7
Acetylcholinesterase,1u65,CP0,603,1,A,4282,O18,-13.147,115.667,43.335,31.072,19.0,O,CCc1c2cc(ccc2nc3c1CN4C3=CC5=C(C4=O)COC(=O)[C@@]5(CC)O)OC(=O)N6CCC(CC6)N7CCCCC7
Acetylcholinesterase,1u65,CP0,603,1,A,4283,O19,-10.634,116.617,39.758,16.072,21.0,O,CCc1c2cc(ccc2nc3c1CN4C3=CC5=C(C4=O)COC(=O)[C@@]5(CC)O)OC(=O)N6CCC(CC6)N7CCCCC7
Acetylcholinesterase,1u65,CP0,603,1,A,4284,O22,-10.253,116.594,37.536,10.715,23.0,O,CCc1c2cc(ccc2nc3c1CN4C3=CC5=C(C4=O)COC(=O)[C@@]5(CC)O)OC(=O)N6CCC(CC6)N7CCCCC7
Acetylcholinesterase,1u65,CP0,603,1,A,4286,C13,-18.457,112.588,39.982,3.623,8.0,C,CCc1c2cc(ccc2nc3c1CN4C3=CC5=C(C4=O)COC(=O)[C@@]5(CC)O)OC(=O)N6CCC(CC6)N7CCCCC7
Acetylcholinesterase,1u65,CP0,603,1,A,4288,C14,-14.525,114.556,39.477,1.208,15.0,C,CCc1c2cc(ccc2nc3c1CN4C3=CC5=C(C4=O)COC(=O)[C@@]5(CC)O)OC(=O)N6CCC(CC6)N7CCCCC7
Acetylcholinesterase,1u65,CP0,603,1,A,4289,C6,-16.858,113.631,42.147,2.415,11.0,C,CCc1c2cc(ccc2nc3c1CN4C3=CC5=C(C4=O)COC(=O)[C@@]5(CC)O)OC(=O)N6CCC(CC6)N7CCCCC7
Acetylcholinesterase,1u65,CP0,603,1,A,4290,C8,-19.014,112.467,41.401,2.415,3.0,C,CCc1c2cc(ccc2nc3c1CN4C3=CC5=C(C4=O)COC(=O)[C@@]5(CC)O)OC(=O)N6CCC(CC6)N7CCCCC7
Acetylcholinesterase,1u65,CP0,603,1,A,4291,C7,-18.154,113.019,42.488,1.208,2.0,C,CCc1c2cc(ccc2nc3c1CN4C3=CC5=C(C4=O)COC(=O)[C@@]5(CC)O)OC(=O)N6CCC(CC6)N7CCCCC7
Acetylcholinesterase,1u65,CP0,603,1,A,4293,C3,-15.268,114.287,40.596,3.623,14.0,C,CCc1c2cc(ccc2nc3c1CN4C3=CC5=C(C4=O)COC(=O)[C@@]5(CC)O)OC(=O)N6CCC(CC6)N7CCCCC7
Acetylcholinesterase,1u65,CP0,603,1,A,4294,C9,-20.351,111.821,41.54,1.208,4.0,C,CCc1c2cc(ccc2nc3c1CN4C3=CC5=C(C4=O)COC(=O)[C@@]5(CC)O)OC(=O)N6CCC(CC6)N7CCCCC7
Acetylcholinesterase,1u65,CP0,603,1,A,4295,C12,-19.175,112.097,38.746,4.831,7.0,C,CCc1c2cc(ccc2nc3c1CN4C3=CC5=C(C4=O)COC(=O)[C@@]5(CC)O)OC(=O)N6CCC(CC6)N7CCCCC7
Acetylcholinesterase,1u65,CP0,603,1,A,4296,C11,-20.419,111.513,39.013,4.831,6.0,C,CCc1c2cc(ccc2nc3c1CN4C3=CC5=C(C4=O)COC(=O)[C@@]5(CC)O)OC(=O)N6CCC(CC6)N7CCCCC7
Acetylcholinesterase,1u65,CP0,603,1,A,4297,C2,-16.511,113.655,40.739,2.415,10.0,C,CCc1c2cc(ccc2nc3c1CN4C3=CC5=C(C4=O)COC(=O)[C@@]5(CC)O)OC(=O)N6CCC(CC6)N7CCCCC7
Acetylcholinesterase,1u65,CP0,603,1,A,4298,C16,-12.715,115.646,40.875,2.415,17.0,C,CCc1c2cc(ccc2nc3c1CN4C3=CC5=C(C4=O)COC(=O)[C@@]5(CC)O)OC(=O)N6CCC(CC6)N7CCCCC7
Acetylcholinesterase,1u65,CP0,603,1,A,4299,C15,-13.222,115.25,39.606,1.208,16.0,C,CCc1c2cc(ccc2nc3c1CN4C3=CC5=C(C4=O)COC(=O)[C@@]5(CC)O)OC(=O)N6CCC(CC6)N7CCCCC7
Acetylcholinesterase,1u65,CP0,603,1,A,4300,C23,-13.483,115.372,42.155,4.831,18.0,C,CCc1c2cc(ccc2nc3c1CN4C3=CC5=C(C4=O)COC(=O)[C@@]5(CC)O)OC(=O)N6CCC(CC6)N7CCCCC7
Acetylcholinesterase,1u65,CP0,603,1,A,4301,C17,-11.347,116.371,41.037,18.114,20.0,C,CCc1c2cc(ccc2nc3c1CN4C3=CC5=C(C4=O)COC(=O)[C@@]5(CC)O)OC(=O)N6CCC(CC6)N7CCCCC7
Acetylcholinesterase,1u65,CP0,603,1,A,4302,C5,-15.762,114.281,42.983,14.492,12.0,C,CCc1c2cc(ccc2nc3c1CN4C3=CC5=C(C4=O)COC(=O)[C@@]5(CC)O)OC(=O)N6CCC(CC6)N7CCCCC7
Acetylcholinesterase,1u65,CP0,603,1,A,4306,C31,-18.666,112.934,43.955,1.208,1.0,C,CCc1c2cc(ccc2nc3c1CN4C3=CC5=C(C4=O)COC(=O)[C@@]5(CC)O)OC(=O)N6CCC(CC6)N7CCCCC7
Acetylcholinesterase,1u65,CP0,603,1,A,4307,C32,-19.449,114.185,44.546,24.153,0.0,C,CCc1c2cc(ccc2nc3c1CN4C3=CC5=C(C4=O)COC(=O)[C@@]5(CC)O)OC(=O)N6CCC(CC6)N7CCCCC7
Acetylcholinesterase,1u65,CP0,603,1,A,4308,C33,-13.885,117.495,37.552,24.153,26.0,C,CCc1c2cc(ccc2nc3c1CN4C3=CC5=C(C4=O)COC(=O)[C@@]5(CC)O)OC(=O)N6CCC(CC6)N7CCCCC7
Acetylcholinesterase,1u65,CP0,603,1,A,4310,N3,-25.918,105.827,38.985,3.281,37.0,N,CCc1c2cc(ccc2nc3c1CN4C3=CC5=C(C4=O)COC(=O)[C@@]5(CC)O)OC(=O)N6CCC(CC6)N7CCCCC7
Acetylcholinesterase,1u65,CP0,603,1,A,4311,C25,-24.443,107.394,40.298,7.246,35.0,C,CCc1c2cc(ccc2nc3c1CN4C3=CC5=C(C4=O)COC(=O)[C@@]5(CC)O)OC(=O)N6CCC(CC6)N7CCCCC7
Acetylcholinesterase,1u65,CP0,603,1,A,4313,C24,-25.768,107.253,39.576,1.208,34.0,C,CCc1c2cc(ccc2nc3c1CN4C3=CC5=C(C4=O)COC(=O)[C@@]5(CC)O)OC(=O)N6CCC(CC6)N7CCCCC7
Acetylcholinesterase,1u65,CP0,603,1,A,4314,C26,-24.246,108.832,40.841,2.415,36.0,C,CCc1c2cc(ccc2nc3c1CN4C3=CC5=C(C4=O)COC(=O)[C@@]5(CC)O)OC(=O)N6CCC(CC6)N7CCCCC7
Acetylcholinesterase,1u65,CP0,603,1,A,4316,C34,-26.859,104.457,37.148,1.208,39.0,C,CCc1c2cc(ccc2nc3c1CN4C3=CC5=C(C4=O)COC(=O)[C@@]5(CC)O)OC(=O)N6CCC(CC6)N7CCCCC7
Acetylcholinesterase,1u65,CP0,603,1,A,4317,C35,-26.205,104.809,40.048,1.208,42.0,C,CCc1c2cc(ccc2nc3c1CN4C3=CC5=C(C4=O)COC(=O)[C@@]5(CC)O)OC(=O)N6CCC(CC6)N7CCCCC7
Acetylcholinesterase,1u65,CP0,603,1,A,4318,C27,-26.335,103.352,39.528,6.038,41.0,C,CCc1c2cc(ccc2nc3c1CN4C3=CC5=C(C4=O)COC(=O)[C@@]5(CC)O)OC(=O)N6CCC(CC6)N7CCCCC7
Acetylcholinesterase,1w6r,GNT,1536,1,A,4200,C1,2.65,67.661,63.432,1.208,5.0,C,C[N@@]1CC[C@@]23C=C[C@@H](C[C@@H]2Oc4c3c(ccc4OC)C1)O
Acetylcholinesterase,1w6r,GNT,1536,1,A,4201,C2,2.799,68.172,62.198,3.623,6.0,C,C[N@@]1CC[C@@]23C=C[C@@H](C[C@@H]2Oc4c3c(ccc4OC)C1)O
Acetylcholinesterase,1w6r,GNT,1536,1,A,4209,C8,3.076,63.847,65.821,3.623,14.0,C,C[N@@]1CC[C@@]23C=C[C@@H](C[C@@H]2Oc4c3c(ccc4OC)C1)O
Acetylcholinesterase,1w6r,GNT,1536,1,A,4210,C9,2.229,65.965,66.81,1.208,19.0,C,C[N@@]1CC[C@@]23C=C[C@@H](C[C@@H]2Oc4c3c(ccc4OC)C1)O
Acetylcholinesterase,1w6r,GNT,1536,1,A,4212,C11,2.453,68.431,66.337,1.208,2.0,C,C[N@@]1CC[C@@]23C=C[C@@H](C[C@@H]2Oc4c3c(ccc4OC)C1)O
Acetylcholinesterase,1w6r,GNT,1536,1,A,4213,C12,3.809,68.424,65.599,2.415,3.0,C,C[N@@]1CC[C@@]23C=C[C@@H](C[C@@H]2Oc4c3c(ccc4OC)C1)O
Acetylcholinesterase,1w6r,GNT,1536,1,A,4220,C19,1.212,67.431,68.271,12.076,0.0,C,C[N@@]1CC[C@@]23C=C[C@@H](C[C@@H]2Oc4c3c(ccc4OC)C1)O
Acetylcholinesterase,1w4l,GL8,1540,1,A,4233,C1,2.536,67.552,63.228,1.208,34.0,C,COc1ccc2c3c1O[C@@H]4[C@@]3(CC[N+](=C2)CCCCCCCCN5C(=O)c6ccccc6C5=O)C=C[C@@H](C4)O
Acetylcholinesterase,1w4l,GL8,1540,1,A,4234,C2,2.71,68.092,62.001,3.623,35.0,C,COc1ccc2c3c1O[C@@H]4[C@@]3(CC[N+](=C2)CCCCCCCCN5C(=O)c6ccccc6C5=O)C=C[C@@H](C4)O
Acetylcholinesterase,1w4l,GL8,1540,1,A,4243,C11,2.239,68.248,66.149,1.208,12.0,C,COc1ccc2c3c1O[C@@H]4[C@@]3(CC[N+](=C2)CCCCCCCCN5C(=O)c6ccccc6C5=O)C=C[C@@H](C4)O
Acetylcholinesterase,1w4l,GL8,1540,1,A,4249,C17,1.043,67.113,68.107,9.661,15.0,C,COc1ccc2c3c1O[C@@H]4[C@@]3(CC[N+](=C2)CCCCCCCCN5C(=O)c6ccccc6C5=O)C=C[C@@H](C4)O
Acetylcholinesterase,1w4l,GL8,1540,1,A,4255,C23,3.094,62.16,71.002,7.246,21.0,C,COc1ccc2c3c1O[C@@H]4[C@@]3(CC[N+](=C2)CCCCCCCCN5C(=O)c6ccccc6C5=O)C=C[C@@H](C4)O
Acetylcholinesterase,1w4l,GL8,1540,1,A,4257,C25,-0.176,61.749,72.052,2.415,24.0,C,COc1ccc2c3c1O[C@@H]4[C@@]3(CC[N+](=C2)CCCCCCCCN5C(=O)c6ccccc6C5=O)C=C[C@@H](C4)O
Acetylcholinesterase,1w4l,GL8,1540,1,A,4258,C26,-0.903,60.83,72.795,1.208,26.0,C,COc1ccc2c3c1O[C@@H]4[C@@]3(CC[N+](=C2)CCCCCCCCN5C(=O)c6ccccc6C5=O)C=C[C@@H](C4)O
Acetylcholinesterase,1w4l,GL8,1540,1,A,4259,C27,-2.152,60.948,73.429,8.453,27.0,C,COc1ccc2c3c1O[C@@H]4[C@@]3(CC[N+](=C2)CCCCCCCCN5C(=O)c6ccccc6C5=O)C=C[C@@H](C4)O
Acetylcholinesterase,1w4l,GL8,1540,1,A,4260,C28,-2.664,59.776,74.09,19.322,28.0,C,COc1ccc2c3c1O[C@@H]4[C@@]3(CC[N+](=C2)CCCCCCCCN5C(=O)c6ccccc6C5=O)C=C[C@@H](C4)O
Acetylcholinesterase,1w4l,GL8,1540,1,A,4261,C29,-1.912,58.571,74.089,20.53,29.0,C,COc1ccc2c3c1O[C@@H]4[C@@]3(CC[N+](=C2)CCCCCCCCN5C(=O)c6ccccc6C5=O)C=C[C@@H](C4)O
Acetylcholinesterase,1w4l,GL8,1540,1,A,4262,C30,-0.641,58.49,73.442,19.322,30.0,C,COc1ccc2c3c1O[C@@H]4[C@@]3(CC[N+](=C2)CCCCCCCCN5C(=O)c6ccccc6C5=O)C=C[C@@H](C4)O
Acetylcholinesterase,1w4l,GL8,1540,1,A,4263,C31,-0.178,59.654,72.799,3.623,31.0,C,COc1ccc2c3c1O[C@@H]4[C@@]3(CC[N+](=C2)CCCCCCCCN5C(=O)c6ccccc6C5=O)C=C[C@@H](C4)O
Acetylcholinesterase,1w4l,GL8,1540,1,A,4264,C32,0.965,59.874,72.041,3.623,32.0,C,COc1ccc2c3c1O[C@@H]4[C@@]3(CC[N+](=C2)CCCCCCCCN5C(=O)c6ccccc6C5=O)C=C[C@@H](C4)O
Acetylcholinesterase,1w4l,GL8,1540,1,A,4268,O25,-0.461,62.994,71.899,7.5,25.0,O,COc1ccc2c3c1O[C@@H]4[C@@]3(CC[N+](=C2)CCCCCCCCN5C(=O)c6ccccc6C5=O)C=C[C@@H](C4)O
Acetylcholinesterase,1w4l,GL8,1540,1,A,4269,O32,1.903,59.026,71.838,15.0,33.0,O,COc1ccc2c3c1O[C@@H]4[C@@]3(CC[N+](=C2)CCCCCCCCN5C(=O)c6ccccc6C5=O)C=C[C@@H](C4)O
Acetylcholinesterase,1vxr,VX,999,1,A,4263,C2,4.17,65.102,63.571,14.492,1.0,C,CCO[P@](=O)(C)O
Acetylcholinesterase,1vxr,VX,999,1,A,4264,C3,4.055,64.166,64.627,7.246,0.0,C,CCO[P@](=O)(C)O
Acetylcholinesterase,1w76,GNT,1538,1,B,4149,C1,89.375,48.788,83.602,1.208,5.0,C,C[N@@]1CC[C@@]23C=C[C@@H](C[C@@H]2Oc4c3c(ccc4OC)C1)O
Acetylcholinesterase,1w76,GNT,1538,1,B,4150,C2,90.54,48.221,83.987,3.623,6.0,C,C[N@@]1CC[C@@]23C=C[C@@H](C[C@@H]2Oc4c3c(ccc4OC)C1)O
Acetylcholinesterase,1w76,GNT,1538,1,B,4158,C8,87.408,51.797,80.853,2.415,14.0,C,C[N@@]1CC[C@@]23C=C[C@@H](C[C@@H]2Oc4c3c(ccc4OC)C1)O
Acetylcholinesterase,1w76,GNT,1538,1,B,4159,C9,86.077,50.412,82.421,8.453,19.0,C,C[N@@]1CC[C@@]23C=C[C@@H](C[C@@H]2Oc4c3c(ccc4OC)C1)O
Acetylcholinesterase,1w76,GNT,1538,1,B,4160,N10,85.701,49.454,83.231,1.094,1.0,N,C[N@@]1CC[C@@]23C=C[C@@H](C[C@@H]2Oc4c3c(ccc4OC)C1)O
Acetylcholinesterase,1w76,GNT,1538,1,B,4161,C11,86.447,48.226,83.614,1.208,2.0,C,C[N@@]1CC[C@@]23C=C[C@@H](C[C@@H]2Oc4c3c(ccc4OC)C1)O
Acetylcholinesterase,1w76,GNT,1538,1,B,4162,C12,87.438,47.559,82.599,2.415,3.0,C,C[N@@]1CC[C@@]23C=C[C@@H](C[C@@H]2Oc4c3c(ccc4OC)C1)O
Acetylcholinesterase,1w76,GNT,1538,1,B,4166,C16,90.665,51.995,77.897,4.831,18.0,C,C[N@@]1CC[C@@]23C=C[C@@H](C[C@@H]2Oc4c3c(ccc4OC)C1)O
Acetylcholinesterase,1w76,GNT,1538,1,B,4169,C19,84.379,49.603,83.8,15.699,0.0,C,C[N@@]1CC[C@@]23C=C[C@@H](C[C@@H]2Oc4c3c(ccc4OC)C1)O
Acetylcholinesterase,1zgb,A1E,1001,1,A,4219,C1,-3.101,59.642,74.646,19.322,28.0,C,c1ccc2c(c1)c(c3c(n2)CCCC3)NCCCCCCCCCCN[C@@H]4CCCC5=C4C=CC(=O)N5
Acetylcholinesterase,1zgb,A1E,1001,1,A,4220,C2,-2.03,60.648,74.269,12.076,27.0,C,c1ccc2c(c1)c(c3c(n2)CCCC3)NCCCCCCCCCCN[C@@H]4CCCC5=C4C=CC(=O)N5
Acetylcholinesterase,1zgb,A1E,1001,1,A,4223,C5,-1.226,57.929,74.508,3.623,30.0,C,c1ccc2c(c1)c(c3c(n2)CCCC3)NCCCCCCCCCCN[C@@H]4CCCC5=C4C=CC(=O)N5
Acetylcholinesterase,1zgb,A1E,1001,1,A,4224,C6,-2.444,58.409,75.279,27.775,29.0,C,c1ccc2c(c1)c(c3c(n2)CCCC3)NCCCCCCCCCCN[C@@H]4CCCC5=C4C=CC(=O)N5
Acetylcholinesterase,1zgb,A1E,1001,1,A,4225,C7,0.626,58.022,72.883,10.869,32.0,C,c1ccc2c(c1)c(c3c(n2)CCCC3)NCCCCCCCCCCN[C@@H]4CCCC5=C4C=CC(=O)N5
Acetylcholinesterase,1zgb,A1E,1001,1,A,4226,C8,1.054,56.748,73.22,6.038,33.0,C,c1ccc2c(c1)c(c3c(n2)CCCC3)NCCCCCCCCCCN[C@@H]4CCCC5=C4C=CC(=O)N5
Acetylcholinesterase,1zgb,A1E,1001,1,A,4227,C9,0.285,56.003,74.296,4.831,34.0,C,c1ccc2c(c1)c(c3c(n2)CCCC3)NCCCCCCCCCCN[C@@H]4CCCC5=C4C=CC(=O)N5
Acetylcholinesterase,1zgb,A1E,1001,1,A,4228,N10,-0.779,56.673,74.827,13.123,36.0,N,c1ccc2c(c1)c(c3c(n2)CCCC3)NCCCCCCCCCCN[C@@H]4CCCC5=C4C=CC(=O)N5
Acetylcholinesterase,1zgb,A1E,1001,1,A,4229,O11,0.539,54.906,74.692,27.858,35.0,O,c1ccc2c(c1)c(c3c(n2)CCCC3)NCCCCCCCCCCN[C@@H]4CCCC5=C4C=CC(=O)N5
Acetylcholinesterase,1zgb,A1E,1001,1,A,4230,N12,0.04,61.07,73.243,8.749,25.0,N,c1ccc2c(c1)c(c3c(n2)CCCC3)NCCCCCCCCCCN[C@@H]4CCCC5=C4C=CC(=O)N5
Acetylcholinesterase,1zgb,A1E,1001,1,A,4231,C13,-0.068,62.286,72.383,6.038,24.0,C,c1ccc2c(c1)c(c3c(n2)CCCC3)NCCCCCCCCCCN[C@@H]4CCCC5=C4C=CC(=O)N5
Acetylcholinesterase,1zgb,A1E,1001,1,A,4232,C14,0.987,62.015,71.346,4.831,23.0,C,c1ccc2c(c1)c(c3c(n2)CCCC3)NCCCCCCCCCCN[C@@H]4CCCC5=C4C=CC(=O)N5
Acetylcholinesterase,1zgb,A1E,1001,1,A,4235,C17,3.121,62.474,69.548,12.076,20.0,C,c1ccc2c(c1)c(c3c(n2)CCCC3)NCCCCCCCCCCN[C@@H]4CCCC5=C4C=CC(=O)N5
Acetylcholinesterase,1zgb,A1E,1001,1,A,4238,C20,2.241,65.863,69.045,3.623,17.0,C,c1ccc2c(c1)c(c3c(n2)CCCC3)NCCCCCCCCCCN[C@@H]4CCCC5=C4C=CC(=O)N5
Acetylcholinesterase,1zgb,A1E,1001,1,A,4239,C21,2.718,66.377,67.686,2.415,16.0,C,c1ccc2c(c1)c(c3c(n2)CCCC3)NCCCCCCCCCCN[C@@H]4CCCC5=C4C=CC(=O)N5
Acetylcholinesterase,1zgb,A1E,1001,1,A,4240,C22,1.726,67.435,67.2,7.246,15.0,C,c1ccc2c(c1)c(c3c(n2)CCCC3)NCCCCCCCCCCN[C@@H]4CCCC5=C4C=CC(=O)N5
Acetylcholinesterase,1zgb,A1E,1001,1,A,4241,N23,2.213,68.411,66.222,1.094,14.0,N,c1ccc2c(c1)c(c3c(n2)CCCC3)NCCCCCCCCCCN[C@@H]4CCCC5=C4C=CC(=O)N5
Acetylcholinesterase,1zgb,A1E,1001,1,A,4254,C36,3.463,67.246,62.008,2.415,12.0,C,c1ccc2c(c1)c(c3c(n2)CCCC3)NCCCCCCCCCCN[C@@H]4CCCC5=C4C=CC(=O)N5
Acetylcholinesterase,1zgb,A1E,1001,1,A,4255,C37,2.836,67.754,63.356,8.453,13.0,C,c1ccc2c(c1)c(c3c(n2)CCCC3)NCCCCCCCCCCN[C@@H]4CCCC5=C4C=CC(=O)N5
Acetylcholinesterase,1w76,GNT,1538,1,A,4147,C1,93.026,49.492,19.846,1.208,5.0,C,C[N@@]1CC[C@@]23C=C[C@@H](C[C@@H]2Oc4c3c(ccc4OC)C1)O
Acetylcholinesterase,1w76,GNT,1538,1,A,4148,C2,91.86,48.888,19.454,2.415,6.0,C,C[N@@]1CC[C@@]23C=C[C@@H](C[C@@H]2Oc4c3c(ccc4OC)C1)O
Acetylcholinesterase,1w76,GNT,1538,1,A,4156,C8,94.899,52.534,22.633,3.623,14.0,C,C[N@@]1CC[C@@]23C=C[C@@H](C[C@@H]2Oc4c3c(ccc4OC)C1)O
Acetylcholinesterase,1w76,GNT,1538,1,A,4157,C9,96.303,51.146,21.114,9.661,19.0,C,C[N@@]1CC[C@@]23C=C[C@@H](C[C@@H]2Oc4c3c(ccc4OC)C1)O
Acetylcholinesterase,1w76,GNT,1538,1,A,4159,C11,95.974,48.923,19.932,1.208,2.0,C,C[N@@]1CC[C@@]23C=C[C@@H](C[C@@H]2Oc4c3c(ccc4OC)C1)O
Acetylcholinesterase,1w76,GNT,1538,1,A,4160,C12,94.958,48.277,20.921,2.415,3.0,C,C[N@@]1CC[C@@]23C=C[C@@H](C[C@@H]2Oc4c3c(ccc4OC)C1)O
Acetylcholinesterase,1w76,GNT,1538,1,A,4163,C15,95.037,51.348,21.886,1.208,13.0,C,C[N@@]1CC[C@@]23C=C[C@@H](C[C@@H]2Oc4c3c(ccc4OC)C1)O
Acetylcholinesterase,1w76,GNT,1538,1,A,4164,C16,91.624,52.647,25.521,7.246,18.0,C,C[N@@]1CC[C@@]23C=C[C@@H](C[C@@H]2Oc4c3c(ccc4OC)C1)O
Acetylcholinesterase,1w76,GNT,1538,1,A,4167,C19,98.06,50.292,19.787,12.076,0.0,C,C[N@@]1CC[C@@]23C=C[C@@H](C[C@@H]2Oc4c3c(ccc4OC)C1)O
Acetylcholinesterase,2ace,ACH,998,1,A,4145,C2,5.498,66.718,63.565,3.623,5.0,C,CC(=O)OCC[N+](C)(C)C
Acetylcholinesterase,2ace,ACH,998,1,A,4147,O4,5.604,64.649,62.291,1.071,3.0,O,CC(=O)OCC[N+](C)(C)C
Acetylcholinesterase,2ace,ACH,998,1,A,4153,C10,3.399,68.007,63.905,19.322,7.0,C,CC(=O)OCC[N+](C)(C)C
Acetylcholinesterase,1zgc,A2E,1002,1,A,4217,O11,98.438,54.426,26.571,5.357,35.0,O,c1ccc2c(c1)c(c3c(n2)CCCC3)NCCCCCCCCCCN[C@H]4CCCC5=C4C=CC(=O)N5
Acetylcholinesterase,1zgc,A2E,1002,1,A,4224,C7,101.859,55.214,25.635,1.208,32.0,C,c1ccc2c(c1)c(c3c(n2)CCCC3)NCCCCCCCCCCN[C@H]4CCCC5=C4C=CC(=O)N5
Acetylcholinesterase,1zgc,A2E,1002,1,A,4225,C3,103.122,57.413,25.278,12.076,26.0,C,c1ccc2c(c1)c(c3c(n2)CCCC3)NCCCCCCCCCCN[C@H]4CCCC5=C4C=CC(=O)N5
Acetylcholinesterase,1zgc,A2E,1002,1,A,4226,C2,102.941,58.994,25.308,20.53,27.0,C,c1ccc2c(c1)c(c3c(n2)CCCC3)NCCCCCCCCCCN[C@H]4CCCC5=C4C=CC(=O)N5
Acetylcholinesterase,1zgc,A2E,1002,1,A,4227,C1,101.787,59.495,26.186,15.699,28.0,C,c1ccc2c(c1)c(c3c(n2)CCCC3)NCCCCCCCCCCN[C@H]4CCCC5=C4C=CC(=O)N5
Acetylcholinesterase,1zgc,A2E,1002,1,A,4228,N12,103.664,56.978,23.923,17.497,25.0,N,c1ccc2c(c1)c(c3c(n2)CCCC3)NCCCCCCCCCCN[C@H]4CCCC5=C4C=CC(=O)N5
Acetylcholinesterase,1zgc,A2E,1002,1,A,4229,C13,103.158,57.846,22.745,14.492,24.0,C,c1ccc2c(c1)c(c3c(n2)CCCC3)NCCCCCCCCCCN[C@H]4CCCC5=C4C=CC(=O)N5
Acetylcholinesterase,1zgc,A2E,1002,1,A,4230,C14,102.608,56.989,21.61,6.038,23.0,C,c1ccc2c(c1)c(c3c(n2)CCCC3)NCCCCCCCCCCN[C@H]4CCCC5=C4C=CC(=O)N5
Acetylcholinesterase,1zgc,A2E,1002,1,A,4232,C16,101.343,54.746,21.394,8.453,21.0,C,c1ccc2c(c1)c(c3c(n2)CCCC3)NCCCCCCCCCCN[C@H]4CCCC5=C4C=CC(=O)N5
Acetylcholinesterase,1zgc,A2E,1002,1,A,4234,C18,99.305,53.114,21.717,6.038,19.0,C,c1ccc2c(c1)c(c3c(n2)CCCC3)NCCCCCCCCCCN[C@H]4CCCC5=C4C=CC(=O)N5
Acetylcholinesterase,1zgc,A2E,1002,1,A,4235,C19,99.029,51.976,20.699,1.208,18.0,C,c1ccc2c(c1)c(c3c(n2)CCCC3)NCCCCCCCCCCN[C@H]4CCCC5=C4C=CC(=O)N5
Acetylcholinesterase,1zgc,A2E,1002,1,A,4236,C20,97.82,51.089,21.095,3.623,17.0,C,c1ccc2c(c1)c(c3c(n2)CCCC3)NCCCCCCCCCCN[C@H]4CCCC5=C4C=CC(=O)N5
Acetylcholinesterase,1zgc,A2E,1002,1,A,4237,C21,97.466,50.053,20.048,1.208,16.0,C,c1ccc2c(c1)c(c3c(n2)CCCC3)NCCCCCCCCCCN[C@H]4CCCC5=C4C=CC(=O)N5
Acetylcholinesterase,1zgc,A2E,1002,1,A,4238,C22,95.929,49.84,19.894,7.246,15.0,C,c1ccc2c(c1)c(c3c(n2)CCCC3)NCCCCCCCCCCN[C@H]4CCCC5=C4C=CC(=O)N5
Acetylcholinesterase,1zgc,A2E,1002,1,A,4239,N23,95.696,48.494,19.524,1.094,14.0,N,c1ccc2c(c1)c(c3c(n2)CCCC3)NCCCCCCCCCCN[C@H]4CCCC5=C4C=CC(=O)N5
Acetylcholinesterase,1zgc,A2E,1002,1,A,4251,C37,92.523,48.846,19.616,7.246,13.0,C,c1ccc2c(c1)c(c3c(n2)CCCC3)NCCCCCCCCCCN[C@H]4CCCC5=C4C=CC(=O)N5
Acetylcholinesterase,1zgc,A2E,1002,1,A,4252,C36,91.063,48.583,19.559,1.208,12.0,C,c1ccc2c(c1)c(c3c(n2)CCCC3)NCCCCCCCCCCN[C@H]4CCCC5=C4C=CC(=O)N5
Acetylcholinesterase,1zgc,A2E,1002,1,A,4253,C35,90.499,48.054,20.836,2.415,11.0,C,c1ccc2c(c1)c(c3c(n2)CCCC3)NCCCCCCCCCCN[C@H]4CCCC5=C4C=CC(=O)N5
Acetylcholinesterase,1zgc,A2E,1001,1,B,4224,O11,83.879,53.934,76.21,2.143,35.0,O,c1ccc2c(c1)c(c3c(n2)CCCC3)NCCCCCCCCCCN[C@H]4CCCC5=C4C=CC(=O)N5
Acetylcholinesterase,1zgc,A2E,1001,1,B,4230,C4,80.313,55.938,76.895,1.208,31.0,C,c1ccc2c(c1)c(c3c(n2)CCCC3)NCCCCCCCCCCN[C@H]4CCCC5=C4C=CC(=O)N5
Acetylcholinesterase,1zgc,A2E,1001,1,B,4232,C3,79.0,56.708,77.155,12.076,26.0,C,c1ccc2c(c1)c(c3c(n2)CCCC3)NCCCCCCCCCCN[C@H]4CCCC5=C4C=CC(=O)N5
Acetylcholinesterase,1zgc,A2E,1001,1,B,4233,C2,79.109,58.278,77.078,20.53,27.0,C,c1ccc2c(c1)c(c3c(n2)CCCC3)NCCCCCCCCCCN[C@H]4CCCC5=C4C=CC(=O)N5
Acetylcholinesterase,1zgc,A2E,1001,1,B,4234,C1,80.203,58.802,76.136,10.869,28.0,C,c1ccc2c(c1)c(c3c(n2)CCCC3)NCCCCCCCCCCN[C@H]4CCCC5=C4C=CC(=O)N5
Acetylcholinesterase,1zgc,A2E,1001,1,B,4235,N12,78.397,56.279,78.481,15.31,25.0,N,c1ccc2c(c1)c(c3c(n2)CCCC3)NCCCCCCCCCCN[C@H]4CCCC5=C4C=CC(=O)N5
Acetylcholinesterase,1zgc,A2E,1001,1,B,4236,C13,78.819,57.094,79.7,13.284,24.0,C,c1ccc2c(c1)c(c3c(n2)CCCC3)NCCCCCCCCCCN[C@H]4CCCC5=C4C=CC(=O)N5
Acetylcholinesterase,1zgc,A2E,1001,1,B,4237,C14,79.154,56.139,80.827,9.661,23.0,C,c1ccc2c(c1)c(c3c(n2)CCCC3)NCCCCCCCCCCN[C@H]4CCCC5=C4C=CC(=O)N5
Acetylcholinesterase,1zgc,A2E,1001,1,B,4239,C16,80.82,54.228,81.218,7.246,21.0,C,c1ccc2c(c1)c(c3c(n2)CCCC3)NCCCCCCCCCCN[C@H]4CCCC5=C4C=CC(=O)N5
Acetylcholinesterase,1zgc,A2E,1001,1,B,4240,C17,82.316,53.866,81.054,1.208,20.0,C,c1ccc2c(c1)c(c3c(n2)CCCC3)NCCCCCCCCCCN[C@H]4CCCC5=C4C=CC(=O)N5
Acetylcholinesterase,1zgc,A2E,1001,1,B,4241,C18,82.602,52.388,80.622,2.415,19.0,C,c1ccc2c(c1)c(c3c(n2)CCCC3)NCCCCCCCCCCN[C@H]4CCCC5=C4C=CC(=O)N5
Acetylcholinesterase,1zgc,A2E,1001,1,B,4243,C20,84.072,50.479,81.48,4.831,17.0,C,c1ccc2c(c1)c(c3c(n2)CCCC3)NCCCCCCCCCCN[C@H]4CCCC5=C4C=CC(=O)N5
Acetylcholinesterase,1zgc,A2E,1001,1,B,4244,C21,84.538,49.859,82.739,3.623,16.0,C,c1ccc2c(c1)c(c3c(n2)CCCC3)NCCCCCCCCCCN[C@H]4CCCC5=C4C=CC(=O)N5
Acetylcholinesterase,1zgc,A2E,1001,1,B,4245,C22,85.993,49.457,82.826,8.453,15.0,C,c1ccc2c(c1)c(c3c(n2)CCCC3)NCCCCCCCCCCN[C@H]4CCCC5=C4C=CC(=O)N5
Acetylcholinesterase,1zgc,A2E,1001,1,B,4258,C37,89.4,48.437,82.866,8.453,13.0,C,c1ccc2c(c1)c(c3c(n2)CCCC3)NCCCCCCCCCCN[C@H]4CCCC5=C4C=CC(=O)N5
Acetylcholinesterase,1zgc,A2E,1001,1,B,4259,C36,90.917,48.23,82.918,3.623,12.0,C,c1ccc2c(c1)c(c3c(n2)CCCC3)NCCCCCCCCCCN[C@H]4CCCC5=C4C=CC(=O)N5
Acetylcholinesterase,1zgc,A2E,1001,1,B,4260,C35,91.467,47.756,81.571,1.208,11.0,C,c1ccc2c(c1)c(c3c(n2)CCCC3)NCCCCCCCCCCN[C@H]4CCCC5=C4C=CC(=O)N5
Acetylcholinesterase,2ack,EDR,999,1,A,4147,C1,3.172,66.22,64.233,3.623,6.0,C,CC[N+](C)(C)c1cccc(c1)O
Acetylcholinesterase,2ack,EDR,999,1,A,4156,C8,2.61,68.795,63.017,6.038,4.0,C,CC[N+](C)(C)c1cccc(c1)O
Acetylcholinesterase,2ack,EDR,999,1,A,4157,C9,4.849,69.08,64.233,1.208,1.0,C,CC[N+](C)(C)c1cccc(c1)O
Acetylcholinesterase,2bag,GSG,1200,1,A,4290,C2,4.001,65.896,62.897,2.415,2.0,C,CCc1ccccc1NC(=O)Oc2ccc3c(c2)[C@]4(CC[N@+]([C@@H]4[N@]3C)(C)[O-])C
Acetylcholinesterase,2bag,GSG,1200,1,A,4291,C3,2.974,66.202,63.861,14.492,3.0,C,CCc1ccccc1NC(=O)Oc2ccc3c(c2)[C@]4(CC[N@+]([C@@H]4[N@]3C)(C)[O-])C
Acetylcholinesterase,2bag,GSG,1200,1,A,4292,C4,2.476,65.235,64.753,14.492,4.0,C,CCc1ccccc1NC(=O)Oc2ccc3c(c2)[C@]4(CC[N@+]([C@@H]4[N@]3C)(C)[O-])C
Acetylcholinesterase,2bag,GSG,1200,1,A,4293,C5,2.979,63.933,64.72,3.623,5.0,C,CCc1ccccc1NC(=O)Oc2ccc3c(c2)[C@]4(CC[N@+]([C@@H]4[N@]3C)(C)[O-])C
Acetylcholinesterase,2bag,GSG,1200,1,A,4298,C8,4.528,66.981,61.952,3.623,1.0,C,CCc1ccccc1NC(=O)Oc2ccc3c(c2)[C@]4(CC[N@+]([C@@H]4[N@]3C)(C)[O-])C
Acetylcholinesterase,2bag,GSG,1200,1,A,4299,C9,3.561,68.134,61.685,7.246,0.0,C,CCc1ccccc1NC(=O)Oc2ccc3c(c2)[C@]4(CC[N@+]([C@@H]4[N@]3C)(C)[O-])C
Acetylcholinesterase,2c4h,AT3,1540,1,A,4551,C2,4.308,68.799,61.909,10.869,5.0,C,CC(=O)SCC[N+](C)(C)C
Acetylcholinesterase,2c4h,AT3,1540,1,A,4557,C9,3.706,67.564,59.961,3.623,9.0,C,CC(=O)SCC[N+](C)(C)C
Acetylcholinesterase,2c4h,AT3,1540,1,A,4558,C10,5.999,67.688,60.553,1.208,7.0,C,CC(=O)SCC[N+](C)(C)C
Acetylcholinesterase,2c4h,AT3,1540,1,A,4559,S24,5.262,69.21,64.489,9.008,3.0,S,CC(=O)SCC[N+](C)(C)C
Acetylcholinesterase,2c4h,AT3,1541,1,A,4562,C3,0.797,62.506,71.239,6.038,4.0,C,CC(=O)SCC[N+](C)(C)C
Acetylcholinesterase,2c4h,AT3,1541,1,A,4564,O7,0.912,64.926,69.362,2.143,2.0,O,CC(=O)SCC[N+](C)(C)C
Acetylcholinesterase,2c4h,AT3,1541,1,A,4565,C6,3.326,64.389,68.697,1.208,0.0,C,CC(=O)SCC[N+](C)(C)C
Acetylcholinesterase,2c4h,AT3,1541,1,A,4566,C8,-0.245,60.082,72.218,32.606,8.0,C,CC(=O)SCC[N+](C)(C)C
Acetylcholinesterase,2c4h,AT3,1541,1,A,4567,C9,-1.209,61.927,73.416,41.059,9.0,C,CC(=O)SCC[N+](C)(C)C
Acetylcholinesterase,2c4h,AT3,1541,1,A,4568,C10,-2.489,60.769,71.774,12.076,7.0,C,CC(=O)SCC[N+](C)(C)C
Acetylcholinesterase,2c4h,AT3,1541,1,A,4569,S24,1.687,62.284,69.681,15.442,3.0,S,CC(=O)SCC[N+](C)(C)C
Acetylcholinesterase,2c58,AT3,1537,1,A,4436,C2,-0.731,63.093,72.09,1.208,5.0,C,CC(=O)SCC[N+](C)(C)C
Acetylcholinesterase,2c58,AT3,1537,1,A,4439,O7,1.488,65.166,69.667,4.286,2.0,O,CC(=O)SCC[N+](C)(C)C
Acetylcholinesterase,2c58,AT3,1537,1,A,4440,C6,3.635,63.87,69.149,3.623,0.0,C,CC(=O)SCC[N+](C)(C)C
Acetylcholinesterase,2c58,AT3,1537,1,A,4441,C8,-1.729,62.613,74.202,37.436,8.0,C,CC(=O)SCC[N+](C)(C)C
Acetylcholinesterase,2c58,AT3,1537,1,A,4442,C9,-1.158,60.801,72.767,15.699,9.0,C,CC(=O)SCC[N+](C)(C)C
Acetylcholinesterase,2c58,AT3,1537,1,A,4443,C10,0.567,62.067,73.862,27.775,7.0,C,CC(=O)SCC[N+](C)(C)C
Acetylcholinesterase,2c58,AT3,1537,1,A,4444,S24,1.907,62.89,71.191,14.155,3.0,S,CC(=O)SCC[N+](C)(C)C
Acetylcholinesterase,2c5f,CHH,1542,1,A,4413,O7,1.955,64.478,69.626,4.286,2.0,O,CC(=O)CCC[N+](C)(C)C
Acetylcholinesterase,2c5f,CHH,1542,1,A,4415,C6,3.42,62.859,68.905,2.415,0.0,C,CC(=O)CCC[N+](C)(C)C
Acetylcholinesterase,2c5f,CHH,1542,1,A,4416,C4,1.767,62.069,70.397,9.661,3.0,C,CC(=O)CCC[N+](C)(C)C
Acetylcholinesterase,2c5f,CHH,1542,1,A,4418,C2,0.643,62.013,72.596,10.869,5.0,C,CC(=O)CCC[N+](C)(C)C
Acetylcholinesterase,2c5f,CHH,1542,1,A,4420,C9,-0.279,59.81,72.04,13.284,9.0,C,CC(=O)CCC[N+](C)(C)C
Acetylcholinesterase,2c5f,CHH,1542,1,A,4421,C10,-0.574,60.684,74.115,51.928,7.0,C,CC(=O)CCC[N+](C)(C)C
Acetylcholinesterase,2c5f,CHH,1542,1,A,4422,C8,-1.936,61.611,72.396,7.246,8.0,C,CC(=O)CCC[N+](C)(C)C
Acetylcholinesterase,2c58,ETM,1536,1,A,4428,SD,4.372,69.302,61.167,1.287,6.0,S,C[N+](C)(C)CCS
Acetylcholinesterase,2c58,ETM,1536,1,A,4429,C1,4.025,69.269,62.944,7.246,5.0,C,C[N+](C)(C)CCS
Acetylcholinesterase,2c58,ETM,1536,1,A,4432,C3,5.749,68.298,65.203,6.038,0.0,C,C[N+](C)(C)CCS
Acetylcholinesterase,2c58,ETM,1536,1,A,4433,C4,6.034,70.573,65.863,1.208,2.0,C,C[N+](C)(C)CCS
Acetylcholinesterase,2c58,ETM,1536,1,A,4434,C5,3.847,69.618,65.834,13.284,3.0,C,C[N+](C)(C)CCS
Acetylcholinesterase,2c5f,NWA,1541,1,A,4404,C2,5.072,67.298,62.47,2.415,4.0,C,CC(CCC[N+](C)(C)C)(O)O
Acetylcholinesterase,2c5f,NWA,1541,1,A,4405,C3,4.536,66.072,61.719,2.415,3.0,C,CC(CCC[N+](C)(C)C)(O)O
Acetylcholinesterase,2c5f,NWA,1541,1,A,4408,C6,5.388,62.682,61.75,1.208,0.0,C,CC(CCC[N+](C)(C)C)(O)O
Acetylcholinesterase,2c5f,NWA,1541,1,A,4409,C8,3.159,68.758,62.938,16.907,7.0,C,CC(CCC[N+](C)(C)C)(O)O
Acetylcholinesterase,2c5f,NWA,1541,1,A,4412,C4,5.417,64.857,62.013,1.208,2.0,C,CC(CCC[N+](C)(C)C)(O)O
Acetylcholinesterase,2cek,N8T,600,1,A,4382,CAY,4.556,68.071,61.696,1.208,1.0,C,c1ccc2c(c1)c(c3c(n2)CCCC3)NCCCCCCCCSc4c5ccccc5nc6c4CCCC6
Acetylcholinesterase,2cek,N8T,600,1,A,4383,CAK,3.268,67.796,62.142,3.623,0.0,C,c1ccc2c(c1)c(c3c(n2)CCCC3)NCCCCCCCCSc4c5ccccc5nc6c4CCCC6
Acetylcholinesterase,2cek,N8T,600,1,A,4384,CAL,2.933,68.004,63.477,8.453,5.0,C,c1ccc2c(c1)c(c3c(n2)CCCC3)NCCCCCCCCSc4c5ccccc5nc6c4CCCC6
Acetylcholinesterase,2cek,N8T,600,1,A,4385,CAM,3.89,68.48,64.363,1.208,4.0,C,c1ccc2c(c1)c(c3c(n2)CCCC3)NCCCCCCCCSc4c5ccccc5nc6c4CCCC6
Acetylcholinesterase,2cek,N8T,600,1,A,4387,NAA,2.484,67.991,66.119,3.281,14.0,N,c1ccc2c(c1)c(c3c(n2)CCCC3)NCCCCCCCCSc4c5ccccc5nc6c4CCCC6
Acetylcholinesterase,2cek,N8T,600,1,A,4388,CAB,2.186,67.64,67.515,4.831,15.0,C,c1ccc2c(c1)c(c3c(n2)CCCC3)NCCCCCCCCSc4c5ccccc5nc6c4CCCC6
Acetylcholinesterase,2cek,N8T,600,1,A,4389,CAC,2.8,66.255,67.734,4.831,16.0,C,c1ccc2c(c1)c(c3c(n2)CCCC3)NCCCCCCCCSc4c5ccccc5nc6c4CCCC6
Acetylcholinesterase,2cek,N8T,600,1,A,4390,CAD,2.569,65.6,69.099,1.208,17.0,C,c1ccc2c(c1)c(c3c(n2)CCCC3)NCCCCCCCCSc4c5ccccc5nc6c4CCCC6
Acetylcholinesterase,2cek,N8T,600,1,A,4393,CAG,1.937,62.552,70.405,2.415,20.0,C,c1ccc2c(c1)c(c3c(n2)CCCC3)NCCCCCCCCSc4c5ccccc5nc6c4CCCC6
Acetylcholinesterase,2cek,N8T,600,1,A,4394,CAH,0.763,63.323,71.01,8.453,21.0,C,c1ccc2c(c1)c(c3c(n2)CCCC3)NCCCCCCCCSc4c5ccccc5nc6c4CCCC6
Acetylcholinesterase,2cek,N8T,600,1,A,4395,CAI,-0.527,62.501,71.026,1.208,22.0,C,c1ccc2c(c1)c(c3c(n2)CCCC3)NCCCCCCCCSc4c5ccccc5nc6c4CCCC6
Acetylcholinesterase,2cek,N8T,600,1,A,4396,SAJ,-0.424,60.947,71.989,12.868,23.0,S,c1ccc2c(c1)c(c3c(n2)CCCC3)NCCCCCCCCSc4c5ccccc5nc6c4CCCC6
Acetylcholinesterase,2cek,N8T,600,1,A,4399,CAW,-1.909,59.905,74.431,20.53,34.0,C,c1ccc2c(c1)c(c3c(n2)CCCC3)NCCCCCCCCSc4c5ccccc5nc6c4CCCC6
Acetylcholinesterase,2cek,N8T,600,1,A,4400,CAX,-2.806,59.759,75.664,33.814,35.0,C,c1ccc2c(c1)c(c3c(n2)CCCC3)NCCCCCCCCSc4c5ccccc5nc6c4CCCC6
Acetylcholinesterase,2cek,N8T,600,1,A,4401,CBL,-3.933,58.761,75.398,27.775,36.0,C,c1ccc2c(c1)c(c3c(n2)CCCC3)NCCCCCCCCSc4c5ccccc5nc6c4CCCC6
Acetylcholinesterase,2cek,N8T,600,1,A,4402,CBK,-4.876,59.326,74.334,13.284,37.0,C,c1ccc2c(c1)c(c3c(n2)CCCC3)NCCCCCCCCSc4c5ccccc5nc6c4CCCC6
Acetylcholinesterase,2c5g,ETM,1536,1,A,4527,SD,4.04,68.592,61.559,2.574,6.0,S,C[N+](C)(C)CCS
Acetylcholinesterase,2c5g,ETM,1536,1,A,4528,C1,3.986,68.387,63.377,7.246,5.0,C,C[N+](C)(C)CCS
Acetylcholinesterase,2c5g,ETM,1536,1,A,4531,C3,5.672,67.875,65.791,1.208,0.0,C,C[N+](C)(C)CCS
Acetylcholinesterase,2c5g,ETM,1536,1,A,4533,C5,3.631,69.073,66.198,10.869,3.0,C,C[N+](C)(C)CCS
Acetylcholinesterase,2c5g,ETM,1538,1,A,4535,SD,1.939,63.223,70.481,6.434,6.0,S,C[N+](C)(C)CCS
Acetylcholinesterase,2c5g,ETM,1538,1,A,4536,C1,1.355,62.277,71.934,8.453,5.0,C,C[N+](C)(C)CCS
Acetylcholinesterase,2c5g,ETM,1538,1,A,4539,C3,-2.089,61.104,72.957,9.661,0.0,C,C[N+](C)(C)CCS
Acetylcholinesterase,2c5g,ETM,1538,1,A,4540,C4,-0.065,59.843,72.868,28.983,2.0,C,C[N+](C)(C)CCS
Acetylcholinesterase,2c5g,ETM,1538,1,A,4541,C5,-0.261,61.721,74.351,33.814,3.0,C,C[N+](C)(C)CCS
Acetylcholinesterase,2ckm,AA7,1536,1,A,4145,C3,-2.016,60.171,74.68,18.114,13.0,C,c1ccc2c(c1)c(c3c(n2)CCCC3)NCCCCCCCNc4c5ccccc5nc6c4CCCC6
Acetylcholinesterase,2ckm,AA7,1536,1,A,4146,C4,-2.669,59.334,75.782,31.398,12.0,C,c1ccc2c(c1)c(c3c(n2)CCCC3)NCCCCCCCNc4c5ccccc5nc6c4CCCC6
Acetylcholinesterase,2ckm,AA7,1536,1,A,4147,C5,-4.165,59.698,75.876,31.398,11.0,C,c1ccc2c(c1)c(c3c(n2)CCCC3)NCCCCCCCNc4c5ccccc5nc6c4CCCC6
Acetylcholinesterase,2ckm,AA7,1536,1,A,4148,C6,-4.851,59.281,74.603,10.869,10.0,C,c1ccc2c(c1)c(c3c(n2)CCCC3)NCCCCCCCNc4c5ccccc5nc6c4CCCC6
Acetylcholinesterase,2ckm,AA7,1536,1,A,4153,N11,-0.792,61.213,72.125,6.562,14.0,N,c1ccc2c(c1)c(c3c(n2)CCCC3)NCCCCCCCNc4c5ccccc5nc6c4CCCC6
Acetylcholinesterase,2ckm,AA7,1536,1,A,4158,C19,1.552,67.339,66.825,1.208,21.0,C,c1ccc2c(c1)c(c3c(n2)CCCC3)NCCCCCCCNc4c5ccccc5nc6c4CCCC6
Acetylcholinesterase,2ckm,AA7,1536,1,A,4159,C20,0.787,67.348,68.148,3.623,20.0,C,c1ccc2c(c1)c(c3c(n2)CCCC3)NCCCCCCCNc4c5ccccc5nc6c4CCCC6
Acetylcholinesterase,2ckm,AA7,1536,1,A,4162,C23,0.659,64.173,70.25,3.623,17.0,C,c1ccc2c(c1)c(c3c(n2)CCCC3)NCCCCCCCNc4c5ccccc5nc6c4CCCC6
Acetylcholinesterase,2ckm,AA7,1536,1,A,4163,C24,-0.357,63.415,71.078,4.831,16.0,C,c1ccc2c(c1)c(c3c(n2)CCCC3)NCCCCCCCNc4c5ccccc5nc6c4CCCC6
Acetylcholinesterase,2ckm,AA7,1536,1,A,4164,C25,0.01,61.936,71.117,14.492,15.0,C,c1ccc2c(c1)c(c3c(n2)CCCC3)NCCCCCCCNc4c5ccccc5nc6c4CCCC6
Acetylcholinesterase,2ckm,AA7,1536,1,A,4167,C28,2.767,67.858,63.494,8.453,25.0,C,c1ccc2c(c1)c(c3c(n2)CCCC3)NCCCCCCCNc4c5ccccc5nc6c4CCCC6
Acetylcholinesterase,2ckm,AA7,1536,1,A,4168,C29,3.41,67.272,62.205,3.623,26.0,C,c1ccc2c(c1)c(c3c(n2)CCCC3)NCCCCCCCNc4c5ccccc5nc6c4CCCC6
Acetylcholinesterase,2cmf,F11,1536,1,A,4176,C4,4.474,62.417,68.894,6.038,12.0,C,c1ccc2c(c1)c(c3c(n2)CCCC3)NCCCCCNc4c5ccccc5nc6c4CCCC6
Acetylcholinesterase,2cmf,F11,1536,1,A,4179,N7,1.775,60.716,71.746,5.468,9.0,N,c1ccc2c(c1)c(c3c(n2)CCCC3)NCCCCCNc4c5ccccc5nc6c4CCCC6
Acetylcholinesterase,2cmf,F11,1536,1,A,4181,C9,0.179,62.574,71.656,1.208,4.0,C,c1ccc2c(c1)c(c3c(n2)CCCC3)NCCCCCNc4c5ccccc5nc6c4CCCC6
Acetylcholinesterase,2cmf,F11,1536,1,A,4183,N11,0.726,64.52,70.517,1.094,14.0,N,c1ccc2c(c1)c(c3c(n2)CCCC3)NCCCCCNc4c5ccccc5nc6c4CCCC6
Acetylcholinesterase,2cmf,F11,1536,1,A,4184,C14,-1.118,63.083,72.08,4.831,5.0,C,c1ccc2c(c1)c(c3c(n2)CCCC3)NCCCCCNc4c5ccccc5nc6c4CCCC6
Acetylcholinesterase,2cmf,F11,1536,1,A,4185,C15,-1.95,62.343,72.919,9.661,0.0,C,c1ccc2c(c1)c(c3c(n2)CCCC3)NCCCCCNc4c5ccccc5nc6c4CCCC6
Acetylcholinesterase,2cmf,F11,1536,1,A,4186,C16,-1.558,61.038,73.401,25.36,1.0,C,c1ccc2c(c1)c(c3c(n2)CCCC3)NCCCCCNc4c5ccccc5nc6c4CCCC6
Acetylcholinesterase,2cmf,F11,1536,1,A,4187,C17,-0.322,60.497,73.008,21.737,2.0,C,c1ccc2c(c1)c(c3c(n2)CCCC3)NCCCCCNc4c5ccccc5nc6c4CCCC6
Acetylcholinesterase,2cmf,F11,1536,1,A,4188,C19,1.438,69.168,67.427,4.831,19.0,C,c1ccc2c(c1)c(c3c(n2)CCCC3)NCCCCCNc4c5ccccc5nc6c4CCCC6
Acetylcholinesterase,2cmf,F11,1536,1,A,4189,C20,1.14,67.68,67.451,2.415,18.0,C,c1ccc2c(c1)c(c3c(n2)CCCC3)NCCCCCNc4c5ccccc5nc6c4CCCC6
Acetylcholinesterase,2cmf,F11,1536,1,A,4191,C24,0.103,66.503,69.385,3.623,16.0,C,c1ccc2c(c1)c(c3c(n2)CCCC3)NCCCCCNc4c5ccccc5nc6c4CCCC6
Acetylcholinesterase,2cmf,F11,1536,1,A,4195,C28,2.814,68.704,63.403,3.623,23.0,C,c1ccc2c(c1)c(c3c(n2)CCCC3)NCCCCCNc4c5ccccc5nc6c4CCCC6
Acetylcholinesterase,2cmf,F11,1536,1,A,4196,C29,3.387,67.988,62.199,1.208,24.0,C,c1ccc2c(c1)c(c3c(n2)CCCC3)NCCCCCNc4c5ccccc5nc6c4CCCC6
Acetylcholinesterase,2v96,CFQ,1536,1,A,4278,AS,101.658,57.082,22.498,1.453,1.0,As,C[As+](C)(C)CCO[C@@H](c1ccccc1[N+](=O)O)C(F)(F)F
Acetylcholinesterase,2v96,CFQ,1536,1,A,4279,C1,102.784,58.911,21.869,50.72,0.0,C,C[As+](C)(C)CCO[C@@H](c1ccccc1[N+](=O)O)C(F)(F)F
Acetylcholinesterase,2v96,CFQ,1536,1,A,4280,C2,100.695,56.147,20.701,3.623,2.0,C,C[As+](C)(C)CCO[C@@H](c1ccccc1[N+](=O)O)C(F)(F)F
Acetylcholinesterase,2v96,CFQ,1536,1,A,4281,C3,103.066,55.579,23.363,48.305,3.0,C,C[As+](C)(C)CCO[C@@H](c1ccccc1[N+](=O)O)C(F)(F)F
Acetylcholinesterase,2v96,CFQ,1536,1,A,4282,C4,100.14,57.659,24.046,15.699,4.0,C,C[As+](C)(C)CCO[C@@H](c1ccccc1[N+](=O)O)C(F)(F)F
Acetylcholinesterase,2v96,CFQ,1536,1,A,4291,C11,98.029,52.617,21.741,2.415,10.0,C,C[As+](C)(C)CCO[C@@H](c1ccccc1[N+](=O)O)C(F)(F)F
Acetylcholinesterase,2v96,CFQ,1536,1,A,4292,C12,98.864,53.159,22.726,2.415,9.0,C,C[As+](C)(C)CCO[C@@H](c1ccccc1[N+](=O)O)C(F)(F)F
Acetylcholinesterase,2v96,CFQ,1536,1,A,4297,F2,101.347,52.8,24.846,2.07,19.0,F,C[As+](C)(C)CCO[C@@H](c1ccccc1[N+](=O)O)C(F)(F)F
Acetylcholinesterase,2v96,CFQ,1536,1,A,4298,F3,101.076,53.795,26.714,8.281,20.0,F,C[As+](C)(C)CCO[C@@H](c1ccccc1[N+](=O)O)C(F)(F)F
Acetylcholinesterase,2v96,CFQ,1537,1,A,4302,C3,90.524,47.341,18.859,6.038,3.0,C,C[As+](C)(C)CCO[C@@H](c1ccccc1[N+](=O)O)C(F)(F)F
Acetylcholinesterase,2v96,CFQ,1537,1,A,4315,O2,95.559,48.718,19.42,4.286,15.0,O,C[As+](C)(C)CCO[C@@H](c1ccccc1[N+](=O)O)C(F)(F)F
Acetylcholinesterase,2v96,CFQ,1537,1,A,4316,O3,93.595,48.797,20.063,2.143,16.0,O,C[As+](C)(C)CCO[C@@H](c1ccccc1[N+](=O)O)C(F)(F)F
Acetylcholinesterase,2j3q,TFL,1538,1,A,4252,C3,-22.828,110.885,38.766,1.208,12.0,C,C[n+]1c2ccc(cc2sc1c3ccc(cc3)N(C)C)O
Acetylcholinesterase,2j3q,TFL,1538,1,A,4253,C4,-21.598,111.612,39.071,2.415,11.0,C,C[n+]1c2ccc(cc2sc1c3ccc(cc3)N(C)C)O
Acetylcholinesterase,2j3q,TFL,1538,1,A,4256,C7,-23.256,110.577,41.192,1.208,14.0,C,C[n+]1c2ccc(cc2sc1c3ccc(cc3)N(C)C)O
Acetylcholinesterase,2j3q,TFL,1538,1,A,4257,C8,-19.879,112.563,40.862,1.208,9.0,C,C[n+]1c2ccc(cc2sc1c3ccc(cc3)N(C)C)O
Acetylcholinesterase,2j3q,TFL,1538,1,A,4258,N1,-19.262,112.874,42.095,1.094,1.0,N,C[n+]1c2ccc(cc2sc1c3ccc(cc3)N(C)C)O
Acetylcholinesterase,2j3q,TFL,1538,1,A,4259,C9,-18.039,113.559,41.996,2.415,2.0,C,C[n+]1c2ccc(cc2sc1c3ccc(cc3)N(C)C)O
Acetylcholinesterase,2j3q,TFL,1538,1,A,4260,S1,-18.9,113.131,39.501,10.294,8.0,S,C[n+]1c2ccc(cc2sc1c3ccc(cc3)N(C)C)O
Acetylcholinesterase,2j3q,TFL,1538,1,A,4261,C10,-17.688,113.771,40.545,1.208,7.0,C,C[n+]1c2ccc(cc2sc1c3ccc(cc3)N(C)C)O
Acetylcholinesterase,2j3q,TFL,1538,1,A,4262,C11,-16.48,114.436,40.154,7.246,6.0,C,C[n+]1c2ccc(cc2sc1c3ccc(cc3)N(C)C)O
Acetylcholinesterase,2j3q,TFL,1538,1,A,4263,C12,-15.58,114.89,41.187,3.623,5.0,C,C[n+]1c2ccc(cc2sc1c3ccc(cc3)N(C)C)O
Acetylcholinesterase,2j3q,TFL,1538,1,A,4264,C13,-15.903,114.689,42.575,18.114,4.0,C,C[n+]1c2ccc(cc2sc1c3ccc(cc3)N(C)C)O
Acetylcholinesterase,2j3q,TFL,1538,1,A,4265,C14,-17.102,114.036,42.965,9.661,3.0,C,C[n+]1c2ccc(cc2sc1c3ccc(cc3)N(C)C)O
Acetylcholinesterase,2j3q,TFL,1538,1,A,4266,O3,-14.283,115.593,40.838,33.215,19.0,O,C[n+]1c2ccc(cc2sc1c3ccc(cc3)N(C)C)O
Acetylcholinesterase,2j3q,TFL,1538,1,A,4268,C15,-25.391,109.278,38.209,12.076,17.0,C,C[n+]1c2ccc(cc2sc1c3ccc(cc3)N(C)C)O
Acetylcholinesterase,2j3q,TFL,1538,1,A,4269,C16,-25.723,109.046,40.7,14.492,18.0,C,C[n+]1c2ccc(cc2sc1c3ccc(cc3)N(C)C)O
Acetylcholinesterase,2j3q,TFL,1538,1,A,4270,C17,-19.852,112.527,43.422,3.623,0.0,C,C[n+]1c2ccc(cc2sc1c3ccc(cc3)N(C)C)O
Acetylcholinesterase,2v96,CFQ,1536,1,B,4295,AS,81.193,56.996,80.679,1.453,1.0,As,C[As+](C)(C)CCO[C@@H](c1ccccc1[N+](=O)O)C(F)(F)F
Acetylcholinesterase,2v96,CFQ,1536,1,B,4296,C1,80.303,58.815,81.643,45.89,0.0,C,C[As+](C)(C)CCO[C@@H](c1ccccc1[N+](=O)O)C(F)(F)F
Acetylcholinesterase,2v96,CFQ,1536,1,B,4297,C2,82.07,55.743,82.298,6.038,2.0,C,C[As+](C)(C)CCO[C@@H](c1ccccc1[N+](=O)O)C(F)(F)F
Acetylcholinesterase,2v96,CFQ,1536,1,B,4298,C3,79.583,55.838,79.633,51.928,3.0,C,C[As+](C)(C)CCO[C@@H](c1ccccc1[N+](=O)O)C(F)(F)F
Acetylcholinesterase,2v96,CFQ,1536,1,B,4299,C4,82.765,57.637,79.236,13.284,4.0,C,C[As+](C)(C)CCO[C@@H](c1ccccc1[N+](=O)O)C(F)(F)F
Acetylcholinesterase,2v96,CFQ,1536,1,B,4300,C5,83.661,56.47,78.807,1.208,5.0,C,C[As+](C)(C)CCO[C@@H](c1ccccc1[N+](=O)O)C(F)(F)F
Acetylcholinesterase,2v96,CFQ,1536,1,B,4308,C11,84.332,52.635,81.639,2.415,10.0,C,C[As+](C)(C)CCO[C@@H](c1ccccc1[N+](=O)O)C(F)(F)F
Acetylcholinesterase,2v96,CFQ,1536,1,B,4309,C12,83.669,53.198,80.543,2.415,9.0,C,C[As+](C)(C)CCO[C@@H](c1ccccc1[N+](=O)O)C(F)(F)F
Acetylcholinesterase,2v96,CFQ,1536,1,B,4314,F2,81.556,52.813,78.184,4.14,19.0,F,C[As+](C)(C)CCO[C@@H](c1ccccc1[N+](=O)O)C(F)(F)F
Acetylcholinesterase,2v96,CFQ,1536,1,B,4315,F3,81.914,53.961,76.414,7.246,20.0,F,C[As+](C)(C)CCO[C@@H](c1ccccc1[N+](=O)O)C(F)(F)F
Acetylcholinesterase,2v96,CFQ,1537,1,B,4319,C3,91.918,47.267,84.204,3.623,3.0,C,C[As+](C)(C)CCO[C@@H](c1ccccc1[N+](=O)O)C(F)(F)F
Acetylcholinesterase,2v96,CFQ,1537,1,B,4332,O2,86.693,48.978,83.561,5.357,15.0,O,C[As+](C)(C)CCO[C@@H](c1ccccc1[N+](=O)O)C(F)(F)F
Acetylcholinesterase,2v96,CFQ,1537,1,B,4333,O3,88.732,48.977,83.252,5.357,16.0,O,C[As+](C)(C)CCO[C@@H](c1ccccc1[N+](=O)O)C(F)(F)F
Acetylcholinesterase,2v97,CFQ,1536,1,B,8399,AS,80.524,57.181,80.502,4.358,,,C[As+](C)(C)CCO[C@@H](c1ccccc1[N+](=O)O)C(F)(F)F
Acetylcholinesterase,2v97,CFQ,1536,1,B,8401,C1,79.1,55.911,79.34,44.682,2.0,C,C[As+](C)(C)CCO[C@@H](c1ccccc1[N+](=O)O)C(F)(F)F
Acetylcholinesterase,2v97,CFQ,1536,1,B,8403,C2,81.485,56.04,82.153,4.831,,,C[As+](C)(C)CCO[C@@H](c1ccccc1[N+](=O)O)C(F)(F)F
Acetylcholinesterase,2v97,CFQ,1536,1,B,8405,C3,79.38,58.872,81.42,47.098,,,C[As+](C)(C)CCO[C@@H](c1ccccc1[N+](=O)O)C(F)(F)F
Acetylcholinesterase,2v97,CFQ,1536,1,B,8407,C4,82.069,57.997,79.091,13.284,,,C[As+](C)(C)CCO[C@@H](c1ccccc1[N+](=O)O)C(F)(F)F
Acetylcholinesterase,2v97,CFQ,1536,1,B,8409,C5,82.891,56.883,78.431,3.623,,,C[As+](C)(C)CCO[C@@H](c1ccccc1[N+](=O)O)C(F)(F)F
Acetylcholinesterase,2v97,CFQ,1536,1,B,8425,C11,83.824,52.814,81.399,1.208,10.0,C,C[As+](C)(C)CCO[C@@H](c1ccccc1[N+](=O)O)C(F)(F)F
Acetylcholinesterase,2v97,CFQ,1536,1,B,8427,C12,83.09,53.449,80.386,2.415,9.0,C,C[As+](C)(C)CCO[C@@H](c1ccccc1[N+](=O)O)C(F)(F)F
Acetylcholinesterase,2v97,CFQ,1536,1,B,8437,F2,80.77,53.238,78.224,5.175,20.0,F,C[As+](C)(C)CCO[C@@H](c1ccccc1[N+](=O)O)C(F)(F)F
Acetylcholinesterase,2v97,CFQ,1536,1,B,8439,F3,81.116,54.332,76.378,8.281,,,C[As+](C)(C)CCO[C@@H](c1ccccc1[N+](=O)O)C(F)(F)F
Acetylcholinesterase,2v97,CFQ,1537,1,B,8443,C1,91.552,47.833,84.184,4.831,2.0,C,C[As+](C)(C)CCO[C@@H](c1ccccc1[N+](=O)O)C(F)(F)F
Acetylcholinesterase,2v97,CFQ,1537,1,B,8473,O2,85.962,49.225,83.373,5.357,15.0,O,C[As+](C)(C)CCO[C@@H](c1ccccc1[N+](=O)O)C(F)(F)F
Acetylcholinesterase,2v97,CFQ,1537,1,B,8475,O3,88.007,49.271,83.145,5.357,,,C[As+](C)(C)CCO[C@@H](c1ccccc1[N+](=O)O)C(F)(F)F
Acetylcholinesterase,2v97,CFQ,1537,1,B,8479,F2,90.961,50.912,80.057,1.035,,,C[As+](C)(C)CCO[C@@H](c1ccccc1[N+](=O)O)C(F)(F)F
Acetylcholinesterase,2v97,CFQ,1537,1,A,8359,AS,101.988,57.481,22.499,2.905,1.0,As,C[As+](C)(C)CCO[C@@H](c1ccccc1[N+](=O)O)C(F)(F)F
Acetylcholinesterase,2v97,CFQ,1537,1,A,8361,C1,103.392,56.01,23.443,44.682,0.0,C,C[As+](C)(C)CCO[C@@H](c1ccccc1[N+](=O)O)C(F)(F)F
Acetylcholinesterase,2v97,CFQ,1537,1,A,8363,C2,100.917,56.438,20.832,2.415,3.0,C,C[As+](C)(C)CCO[C@@H](c1ccccc1[N+](=O)O)C(F)(F)F
Acetylcholinesterase,2v97,CFQ,1537,1,A,8365,C3,103.161,59.159,21.614,47.098,,,C[As+](C)(C)CCO[C@@H](c1ccccc1[N+](=O)O)C(F)(F)F
Acetylcholinesterase,2v97,CFQ,1537,1,A,8367,C4,100.517,58.268,24.01,16.907,4.0,C,C[As+](C)(C)CCO[C@@H](c1ccccc1[N+](=O)O)C(F)(F)F
Acetylcholinesterase,2v97,CFQ,1537,1,A,8385,C11,98.485,53.098,21.365,3.623,,,C[As+](C)(C)CCO[C@@H](c1ccccc1[N+](=O)O)C(F)(F)F
Acetylcholinesterase,2v97,CFQ,1537,1,A,8387,C12,99.222,53.719,22.379,3.623,,,C[As+](C)(C)CCO[C@@H](c1ccccc1[N+](=O)O)C(F)(F)F
Acetylcholinesterase,2v97,CFQ,1537,1,A,8397,F2,101.485,53.385,24.485,4.14,20.0,F,C[As+](C)(C)CCO[C@@H](c1ccccc1[N+](=O)O)C(F)(F)F
Acetylcholinesterase,2v97,CFQ,1537,1,A,8399,F3,101.308,54.533,26.272,6.21,,,C[As+](C)(C)CCO[C@@H](c1ccccc1[N+](=O)O)C(F)(F)F
Acetylcholinesterase,2v97,CFQ,1538,1,A,8403,C1,90.777,48.14,18.66,6.038,2.0,C,C[As+](C)(C)CCO[C@@H](c1ccccc1[N+](=O)O)C(F)(F)F
Acetylcholinesterase,2v97,CFQ,1538,1,A,8433,O2,96.36,49.304,19.57,6.429,15.0,O,C[As+](C)(C)CCO[C@@H](c1ccccc1[N+](=O)O)C(F)(F)F
Acetylcholinesterase,2v97,CFQ,1538,1,A,8435,O3,94.307,49.366,19.882,3.214,16.0,O,C[As+](C)(C)CCO[C@@H](c1ccccc1[N+](=O)O)C(F)(F)F
Acetylcholinesterase,2v97,CFQ,1538,1,A,8441,F3,91.365,51.061,22.798,1.035,,,C[As+](C)(C)CCO[C@@H](c1ccccc1[N+](=O)O)C(F)(F)F
Acetylcholinesterase,2v98,CFQ,1537,1,A,8365,AS,102.645,57.318,22.747,1.453,,,C[As+](C)(C)CCO[C@@H](c1ccccc1[N+](=O)O)C(F)(F)F
Acetylcholinesterase,2v98,CFQ,1537,1,A,8367,C1,104.253,56.263,23.9,44.682,,,C[As+](C)(C)CCO[C@@H](c1ccccc1[N+](=O)O)C(F)(F)F
Acetylcholinesterase,2v98,CFQ,1537,1,A,8369,C2,101.571,55.865,21.398,8.453,,,C[As+](C)(C)CCO[C@@H](c1ccccc1[N+](=O)O)C(F)(F)F
Acetylcholinesterase,2v98,CFQ,1537,1,A,8371,C3,103.668,58.857,21.467,45.89,,,C[As+](C)(C)CCO[C@@H](c1ccccc1[N+](=O)O)C(F)(F)F
Acetylcholinesterase,2v98,CFQ,1537,1,A,8373,C4,101.198,58.279,24.157,12.076,,,C[As+](C)(C)CCO[C@@H](c1ccccc1[N+](=O)O)C(F)(F)F
Acetylcholinesterase,2v98,CFQ,1537,1,A,8375,C5,100.64,57.217,25.126,6.038,,,C[As+](C)(C)CCO[C@@H](c1ccccc1[N+](=O)O)C(F)(F)F
Acetylcholinesterase,2v98,CFQ,1537,1,A,8385,C8,97.821,54.215,24.733,1.208,13.0,C,C[As+](C)(C)CCO[C@@H](c1ccccc1[N+](=O)O)C(F)(F)F
Acetylcholinesterase,2v98,CFQ,1537,1,A,8391,C11,98.591,52.702,22.401,3.623,10.0,C,C[As+](C)(C)CCO[C@@H](c1ccccc1[N+](=O)O)C(F)(F)F
Acetylcholinesterase,2v98,CFQ,1537,1,A,8393,C12,99.589,53.304,23.197,1.208,9.0,C,C[As+](C)(C)CCO[C@@H](c1ccccc1[N+](=O)O)C(F)(F)F
Acetylcholinesterase,2v98,CFQ,1537,1,A,8403,F2,102.341,53.6,24.565,6.21,19.0,F,C[As+](C)(C)CCO[C@@H](c1ccccc1[N+](=O)O)C(F)(F)F
Acetylcholinesterase,2v98,CFQ,1537,1,A,8405,F3,102.364,54.333,26.572,9.316,20.0,F,C[As+](C)(C)CCO[C@@H](c1ccccc1[N+](=O)O)C(F)(F)F
Acetylcholinesterase,2v98,CFQ,1538,1,A,8409,C1,91.299,47.765,18.659,4.831,0.0,C,C[As+](C)(C)CCO[C@@H](c1ccccc1[N+](=O)O)C(F)(F)F
Acetylcholinesterase,2v98,CFQ,1538,1,A,8439,O2,96.955,49.223,19.527,4.286,15.0,O,C[As+](C)(C)CCO[C@@H](c1ccccc1[N+](=O)O)C(F)(F)F
Acetylcholinesterase,2v98,CFQ,1538,1,A,8441,O3,94.9,49.298,19.847,2.143,16.0,O,C[As+](C)(C)CCO[C@@H](c1ccccc1[N+](=O)O)C(F)(F)F
Acetylcholinesterase,2vja,CCD,1540,1,A,4244,C4,91.591,52.307,23.079,2.415,2.0,C,C[C@H](CCC[N+](C)(C)C)O
Acetylcholinesterase,2vja,CCD,1540,1,A,4246,C2,92.745,50.615,21.569,6.038,4.0,C,C[C@H](CCC[N+](C)(C)C)O
Acetylcholinesterase,2vja,CCD,1540,1,A,4248,C9,92.336,49.941,19.216,7.246,8.0,C,C[C@H](CCC[N+](C)(C)C)O
Acetylcholinesterase,2vja,CCD,1540,1,A,4249,C10,94.165,49.15,20.396,7.246,6.0,C,C[C@H](CCC[N+](C)(C)C)O
Acetylcholinesterase,2vja,CCD,1541,1,A,4251,O7,100.508,54.181,20.962,3.214,9.0,O,C[C@H](CCC[N+](C)(C)C)O
Acetylcholinesterase,2vja,CCD,1541,1,A,4253,C6,99.706,53.217,23.184,4.831,0.0,C,C[C@H](CCC[N+](C)(C)C)O
Acetylcholinesterase,2vja,CCD,1541,1,A,4254,C4,100.504,55.716,23.075,15.699,2.0,C,C[C@H](CCC[N+](C)(C)C)O
Acetylcholinesterase,2vja,CCD,1541,1,A,4256,C2,102.64,56.821,22.195,1.208,4.0,C,C[C@H](CCC[N+](C)(C)C)O
Acetylcholinesterase,2vja,CCD,1541,1,A,4258,C9,103.084,59.015,21.015,8.453,8.0,C,C[C@H](CCC[N+](C)(C)C)O
Acetylcholinesterase,2vja,CCD,1541,1,A,4259,C10,103.011,58.989,23.459,36.229,6.0,C,C[C@H](CCC[N+](C)(C)C)O
Acetylcholinesterase,2vja,CCD,1541,1,A,4260,C8,104.789,57.961,22.284,42.267,7.0,C,C[C@H](CCC[N+](C)(C)C)O
Acetylcholinesterase,2v98,CFQ,1536,1,B,8399,AS,80.766,57.158,80.943,1.453,,,C[As+](C)(C)CCO[C@@H](c1ccccc1[N+](=O)O)C(F)(F)F
Acetylcholinesterase,2v98,CFQ,1536,1,B,8401,C1,79.126,56.044,79.876,49.513,0.0,C,C[As+](C)(C)CCO[C@@H](c1ccccc1[N+](=O)O)C(F)(F)F
Acetylcholinesterase,2v98,CFQ,1536,1,B,8403,C2,81.654,55.814,82.509,6.038,,,C[As+](C)(C)CCO[C@@H](c1ccccc1[N+](=O)O)C(F)(F)F
Acetylcholinesterase,2v98,CFQ,1536,1,B,8405,C3,79.849,58.94,81.984,42.267,,,C[As+](C)(C)CCO[C@@H](c1ccccc1[N+](=O)O)C(F)(F)F
Acetylcholinesterase,2v98,CFQ,1536,1,B,8407,C4,82.293,57.872,79.47,7.246,4.0,C,C[As+](C)(C)CCO[C@@H](c1ccccc1[N+](=O)O)C(F)(F)F
Acetylcholinesterase,2v98,CFQ,1536,1,B,8409,C5,82.5,56.835,78.367,4.831,5.0,C,C[As+](C)(C)CCO[C@@H](c1ccccc1[N+](=O)O)C(F)(F)F
Acetylcholinesterase,2v98,CFQ,1536,1,B,8425,C11,83.893,52.79,81.681,3.623,10.0,C,C[As+](C)(C)CCO[C@@H](c1ccccc1[N+](=O)O)C(F)(F)F
Acetylcholinesterase,2v98,CFQ,1536,1,B,8427,C12,83.146,53.4,80.647,2.415,9.0,C,C[As+](C)(C)CCO[C@@H](c1ccccc1[N+](=O)O)C(F)(F)F
Acetylcholinesterase,2v98,CFQ,1536,1,B,8437,F2,81.024,52.77,78.437,3.105,19.0,F,C[As+](C)(C)CCO[C@@H](c1ccccc1[N+](=O)O)C(F)(F)F
Acetylcholinesterase,2v98,CFQ,1536,1,B,8439,F3,80.836,54.197,76.835,11.386,20.0,F,C[As+](C)(C)CCO[C@@H](c1ccccc1[N+](=O)O)C(F)(F)F
Acetylcholinesterase,2v98,CFQ,1537,1,B,8443,C1,92.031,47.742,84.979,2.415,2.0,C,C[As+](C)(C)CCO[C@@H](c1ccccc1[N+](=O)O)C(F)(F)F
Acetylcholinesterase,2v98,CFQ,1537,1,B,8473,O2,86.366,48.988,83.873,4.286,15.0,O,C[As+](C)(C)CCO[C@@H](c1ccccc1[N+](=O)O)C(F)(F)F
Acetylcholinesterase,2v98,CFQ,1537,1,B,8475,O3,88.38,49.212,83.591,5.357,,,C[As+](C)(C)CCO[C@@H](c1ccccc1[N+](=O)O)C(F)(F)F
Acetylcholinesterase,2vja,CCD,1539,1,B,4277,C4,92.103,51.079,80.107,1.208,2.0,C,C[C@H](CCC[N+](C)(C)C)O
Acetylcholinesterase,2vja,CCD,1539,1,B,4279,C2,90.951,49.438,81.688,6.038,4.0,C,C[C@H](CCC[N+](C)(C)C)O
Acetylcholinesterase,2vja,CCD,1539,1,B,4281,C9,91.368,48.474,83.914,8.453,8.0,C,C[C@H](CCC[N+](C)(C)C)O
Acetylcholinesterase,2vja,CCD,1539,1,B,4282,C10,89.549,47.773,82.638,8.453,6.0,C,C[C@H](CCC[N+](C)(C)C)O
Acetylcholinesterase,2vja,CCD,1540,1,B,4284,O7,82.992,53.129,81.063,4.286,9.0,O,C[C@H](CCC[N+](C)(C)C)O
Acetylcholinesterase,2vja,CCD,1540,1,B,4286,C6,84.984,53.507,79.512,8.453,0.0,C,C[C@H](CCC[N+](C)(C)C)O
Acetylcholinesterase,2vja,CCD,1540,1,B,4287,C4,83.309,55.482,80.124,15.699,2.0,C,C[C@H](CCC[N+](C)(C)C)O
Acetylcholinesterase,2vja,CCD,1540,1,B,4289,C2,80.993,55.94,81.104,6.038,4.0,C,C[C@H](CCC[N+](C)(C)C)O
Acetylcholinesterase,2vja,CCD,1540,1,B,4291,C9,80.677,58.255,80.079,27.775,8.0,C,C[C@H](CCC[N+](C)(C)C)O
Acetylcholinesterase,2vja,CCD,1540,1,B,4292,C10,78.85,56.901,80.616,47.098,6.0,C,C[C@H](CCC[N+](C)(C)C)O
Acetylcholinesterase,2vja,CCD,1540,1,B,4293,C8,80.068,57.883,82.382,14.492,7.0,C,C[C@H](CCC[N+](C)(C)C)O
Acetylcholinesterase,2vjb,CCD,1539,1,B,4277,C4,92.386,50.856,80.319,1.208,2.0,C,C[C@H](CCC[N+](C)(C)C)O
Acetylcholinesterase,2vjb,CCD,1539,1,B,4279,C2,91.171,49.336,81.97,6.038,4.0,C,C[C@H](CCC[N+](C)(C)C)O
Acetylcholinesterase,2vjb,CCD,1539,1,B,4281,C9,91.488,48.237,84.122,7.246,8.0,C,C[C@H](CCC[N+](C)(C)C)O
Acetylcholinesterase,2vjb,CCD,1539,1,B,4282,C10,89.82,47.486,82.653,7.246,6.0,C,C[C@H](CCC[N+](C)(C)C)O
Acetylcholinesterase,2vjb,CCD,1540,1,B,4284,O7,83.269,52.937,81.538,5.357,9.0,O,C[C@H](CCC[N+](C)(C)C)O
Acetylcholinesterase,2vjb,CCD,1540,1,B,4286,C6,84.887,53.532,79.649,9.661,0.0,C,C[C@H](CCC[N+](C)(C)C)O
Acetylcholinesterase,2vjb,CCD,1540,1,B,4287,C4,83.06,55.269,80.45,8.453,2.0,C,C[C@H](CCC[N+](C)(C)C)O
Acetylcholinesterase,2vjb,CCD,1540,1,B,4289,C2,80.715,56.001,81.133,13.284,4.0,C,C[C@H](CCC[N+](C)(C)C)O
Acetylcholinesterase,2vjb,CCD,1540,1,B,4291,C9,79.035,57.572,80.361,49.513,8.0,C,C[C@H](CCC[N+](C)(C)C)O
Acetylcholinesterase,2vjb,CCD,1540,1,B,4292,C10,80.227,58.188,82.29,15.699,6.0,C,C[C@H](CCC[N+](C)(C)C)O
Acetylcholinesterase,2vjb,CCD,1540,1,B,4293,C8,81.249,58.271,80.093,20.53,7.0,C,C[C@H](CCC[N+](C)(C)C)O
Acetylcholinesterase,2vjb,CCD,1539,1,A,4243,C4,91.767,52.132,23.131,2.415,2.0,C,C[C@H](CCC[N+](C)(C)C)O
Acetylcholinesterase,2vjb,CCD,1539,1,A,4245,C2,92.987,50.459,21.618,7.246,4.0,C,C[C@H](CCC[N+](C)(C)C)O
Acetylcholinesterase,2vjb,CCD,1539,1,A,4247,C9,92.697,49.962,19.213,9.661,8.0,C,C[C@H](CCC[N+](C)(C)C)O
Acetylcholinesterase,2vjb,CCD,1539,1,A,4248,C10,94.453,49.016,20.465,9.661,6.0,C,C[C@H](CCC[N+](C)(C)C)O
Acetylcholinesterase,2vjb,CCD,1540,1,A,4250,O7,100.932,53.661,21.056,4.286,9.0,O,C[C@H](CCC[N+](C)(C)C)O
Acetylcholinesterase,2vjb,CCD,1540,1,A,4252,C6,99.872,52.915,23.293,2.415,0.0,C,C[C@H](CCC[N+](C)(C)C)O
Acetylcholinesterase,2vjb,CCD,1540,1,A,4253,C4,100.811,55.384,23.034,13.284,2.0,C,C[C@H](CCC[N+](C)(C)C)O
Acetylcholinesterase,2vjb,CCD,1540,1,A,4255,C2,103.036,56.552,22.41,4.831,4.0,C,C[C@H](CCC[N+](C)(C)C)O
Acetylcholinesterase,2vjb,CCD,1540,1,A,4257,C9,103.012,58.775,23.629,30.191,8.0,C,C[C@H](CCC[N+](C)(C)C)O
Acetylcholinesterase,2vjb,CCD,1540,1,A,4258,C10,105.036,57.901,22.787,47.098,6.0,C,C[C@H](CCC[N+](C)(C)C)O
Acetylcholinesterase,2vjb,CCD,1540,1,A,4259,C8,103.471,58.764,21.228,9.661,7.0,C,C[C@H](CCC[N+](C)(C)C)O
Acetylcholinesterase,2vjc,CCD,1539,1,B,4269,C4,92.189,50.819,80.193,1.208,2.0,C,C[C@H](CCC[N+](C)(C)C)O
Acetylcholinesterase,2vjc,CCD,1539,1,B,4271,C2,91.066,49.244,81.772,6.038,4.0,C,C[C@H](CCC[N+](C)(C)C)O
Acetylcholinesterase,2vjc,CCD,1539,1,B,4273,C9,91.372,48.414,84.049,8.453,8.0,C,C[C@H](CCC[N+](C)(C)C)O
Acetylcholinesterase,2vjc,CCD,1539,1,B,4274,C10,89.605,47.627,82.722,6.038,6.0,C,C[C@H](CCC[N+](C)(C)C)O
Acetylcholinesterase,2vjc,CHH,1536,1,B,4245,O7,83.25,52.899,81.004,6.429,2.0,O,CC(=O)CCC[N+](C)(C)C
Acetylcholinesterase,2vjc,CHH,1536,1,B,4247,C6,85.02,53.671,79.347,6.038,0.0,C,CC(=O)CCC[N+](C)(C)C
Acetylcholinesterase,2vjc,CHH,1536,1,B,4248,C4,83.082,55.272,80.099,9.661,3.0,C,CC(=O)CCC[N+](C)(C)C
Acetylcholinesterase,2vjc,CHH,1536,1,B,4250,C2,80.876,55.83,81.223,7.246,5.0,C,CC(=O)CCC[N+](C)(C)C
Acetylcholinesterase,2vjc,CHH,1536,1,B,4252,C9,80.26,58.111,82.053,13.284,9.0,C,CC(=O)CCC[N+](C)(C)C
Acetylcholinesterase,2vjc,CHH,1536,1,B,4253,C10,80.729,57.868,79.698,28.983,7.0,C,CC(=O)CCC[N+](C)(C)C
Acetylcholinesterase,2vjc,CHH,1536,1,B,4254,C8,78.806,56.916,80.636,47.098,8.0,C,CC(=O)CCC[N+](C)(C)C
Acetylcholinesterase,2vjc,CCD,1537,1,A,4215,C4,91.563,52.132,23.103,2.415,2.0,C,C[C@H](CCC[N+](C)(C)C)O
Acetylcholinesterase,2vjc,CCD,1537,1,A,4217,C2,92.71,50.461,21.574,6.038,4.0,C,C[C@H](CCC[N+](C)(C)C)O
Acetylcholinesterase,2vjc,CCD,1537,1,A,4219,C9,92.413,49.809,19.181,7.246,8.0,C,C[C@H](CCC[N+](C)(C)C)O
Acetylcholinesterase,2vjc,CCD,1537,1,A,4220,C10,94.205,49.034,20.417,9.661,6.0,C,C[C@H](CCC[N+](C)(C)C)O
Acetylcholinesterase,2vjc,CHH,1538,1,A,4222,O7,100.628,53.838,20.936,5.357,2.0,O,CC(=O)CCC[N+](C)(C)C
Acetylcholinesterase,2vjc,CHH,1538,1,A,4224,C6,99.388,52.833,22.954,1.208,0.0,C,CC(=O)CCC[N+](C)(C)C
Acetylcholinesterase,2vjc,CHH,1538,1,A,4225,C4,100.322,55.33,23.069,15.699,3.0,C,CC(=O)CCC[N+](C)(C)C
Acetylcholinesterase,2vjc,CHH,1538,1,A,4227,C2,102.463,56.593,22.335,3.623,5.0,C,CC(=O)CCC[N+](C)(C)C
Acetylcholinesterase,2vjc,CHH,1538,1,A,4229,C9,104.576,57.779,22.413,43.475,9.0,C,CC(=O)CCC[N+](C)(C)C
Acetylcholinesterase,2vjc,CHH,1538,1,A,4230,C10,102.966,58.609,20.903,7.246,7.0,C,CC(=O)CCC[N+](C)(C)C
Acetylcholinesterase,2vjc,CHH,1538,1,A,4231,C8,102.721,58.921,23.286,32.606,8.0,C,CC(=O)CCC[N+](C)(C)C
Acetylcholinesterase,2vq6,FP1,1536,1,A,4242,O1,2.331,68.668,61.664,2.143,9.0,O,CN\1C=CC=C/C1=C/NO
Acetylcholinesterase,2vq6,FP1,1536,1,A,4243,N2,2.881,68.938,62.987,1.094,8.0,N,CN\1C=CC=C/C1=C/NO
Acetylcholinesterase,2vq6,FP1,1536,1,A,4244,C6,4.32,69.219,62.904,1.208,7.0,C,CN\1C=CC=C/C1=C/NO
Acetylcholinesterase,2vq6,FP1,1536,1,A,4245,C5,4.88,69.506,64.31,1.208,6.0,C,CN\1C=CC=C/C1=C/NO
Acetylcholinesterase,2vq6,FP1,1536,1,A,4250,N1,4.068,69.511,65.492,1.094,1.0,N,CN\1C=CC=C/C1=C/NO
Acetylcholinesterase,2vq6,FP1,1536,1,A,4251,C7,2.613,69.235,65.479,15.699,0.0,C,CN\1C=CC=C/C1=C/NO
Acetylcholinesterase,2vjd,CCD,1539,1,B,4276,C4,92.367,50.837,80.362,1.208,2.0,C,C[C@H](CCC[N+](C)(C)C)O
Acetylcholinesterase,2vjd,CCD,1539,1,B,4278,C2,91.213,49.319,82.024,7.246,4.0,C,C[C@H](CCC[N+](C)(C)C)O
Acetylcholinesterase,2vjd,CCD,1539,1,B,4280,C9,91.545,48.104,84.089,8.453,8.0,C,C[C@H](CCC[N+](C)(C)C)O
Acetylcholinesterase,2vjd,CCD,1539,1,B,4281,C10,89.638,47.654,82.768,8.453,6.0,C,C[C@H](CCC[N+](C)(C)C)O
Acetylcholinesterase,2vjd,CCD,1540,1,B,4283,O7,83.111,52.976,80.592,7.5,9.0,O,C[C@H](CCC[N+](C)(C)C)O
Acetylcholinesterase,2vjd,CCD,1540,1,B,4284,C5,83.962,54.097,80.405,1.208,1.0,C,C[C@H](CCC[N+](C)(C)C)O
Acetylcholinesterase,2vjd,CCD,1540,1,B,4285,C6,85.272,53.89,79.65,7.246,0.0,C,C[C@H](CCC[N+](C)(C)C)O
Acetylcholinesterase,2vjd,CCD,1540,1,B,4286,C4,83.373,55.517,80.469,7.246,2.0,C,C[C@H](CCC[N+](C)(C)C)O
Acetylcholinesterase,2vjd,CCD,1540,1,B,4288,C2,80.973,56.018,81.236,9.661,4.0,C,C[C@H](CCC[N+](C)(C)C)O
Acetylcholinesterase,2vjd,CCD,1540,1,B,4290,C9,81.223,58.258,80.062,21.737,8.0,C,C[C@H](CCC[N+](C)(C)C)O
Acetylcholinesterase,2vjd,CCD,1540,1,B,4291,C10,79.106,57.404,80.543,49.513,6.0,C,C[C@H](CCC[N+](C)(C)C)O
Acetylcholinesterase,2vjd,CCD,1540,1,B,4292,C8,80.387,58.197,82.337,13.284,7.0,C,C[C@H](CCC[N+](C)(C)C)O
Acetylcholinesterase,2vjd,CCD,1541,1,A,4245,C4,91.735,52.147,23.185,1.208,2.0,C,C[C@H](CCC[N+](C)(C)C)O
Acetylcholinesterase,2vjd,CCD,1541,1,A,4247,C2,92.924,50.464,21.667,4.831,4.0,C,C[C@H](CCC[N+](C)(C)C)O
Acetylcholinesterase,2vjd,CCD,1541,1,A,4249,C9,92.612,49.817,19.273,8.453,8.0,C,C[C@H](CCC[N+](C)(C)C)O
Acetylcholinesterase,2vjd,CCD,1541,1,A,4250,C10,94.412,49.001,20.528,10.869,6.0,C,C[C@H](CCC[N+](C)(C)C)O
Acetylcholinesterase,2vjd,CCD,1542,1,A,4252,O7,100.621,53.819,21.316,3.214,9.0,O,C[C@H](CCC[N+](C)(C)C)O
Acetylcholinesterase,2vjd,CCD,1542,1,A,4254,C6,99.206,53.038,23.33,2.415,0.0,C,C[C@H](CCC[N+](C)(C)C)O
Acetylcholinesterase,2vjd,CCD,1542,1,A,4255,C4,100.415,55.42,23.355,13.284,2.0,C,C[C@H](CCC[N+](C)(C)C)O
Acetylcholinesterase,2vjd,CCD,1542,1,A,4256,C3,100.945,56.541,22.439,1.208,3.0,C,C[C@H](CCC[N+](C)(C)C)O
Acetylcholinesterase,2vjd,CCD,1542,1,A,4257,C2,102.535,56.624,22.531,3.623,4.0,C,C[C@H](CCC[N+](C)(C)C)O
Acetylcholinesterase,2vjd,CCD,1542,1,A,4259,C9,103.026,58.555,20.961,7.246,8.0,C,C[C@H](CCC[N+](C)(C)C)O
Acetylcholinesterase,2vjd,CCD,1542,1,A,4260,C10,102.901,59.003,23.318,32.606,6.0,C,C[C@H](CCC[N+](C)(C)C)O
Acetylcholinesterase,2vjd,CCD,1542,1,A,4261,C8,104.69,57.766,22.435,44.682,7.0,C,C[C@H](CCC[N+](C)(C)C)O
Acetylcholinesterase,2w6c,BM4,601,1,X,4180,CAM,2.589,68.552,62.69,6.038,1.0,C,CC[C@]1(CCCC[N@](C1)CCCCCCCCC[N@]2CCCC[C@](C2)(CC)c3cccc(c3)O)c4cccc(c4)O
Acetylcholinesterase,2w6c,BM4,601,1,X,4182,CAB,2.996,69.034,65.107,2.415,8.0,C,CC[C@]1(CCCC[N@](C1)CCCCCCCCC[N@]2CCCC[C@](C2)(CC)c3cccc(c3)O)c4cccc(c4)O
Acetylcholinesterase,2w6c,BM4,601,1,X,4188,CAH,2.868,68.223,67.475,8.453,9.0,C,CC[C@]1(CCCC[N@](C1)CCCCCCCCC[N@]2CCCC[C@](C2)(CC)c3cccc(c3)O)c4cccc(c4)O
Acetylcholinesterase,2w6c,BM4,601,1,X,4189,CAI,3.743,67.401,68.466,1.208,10.0,C,CC[C@]1(CCCC[N@](C1)CCCCCCCCC[N@]2CCCC[C@](C2)(CC)c3cccc(c3)O)c4cccc(c4)O
Acetylcholinesterase,2w6c,BM4,601,1,X,4192,CAL,3.327,63.626,69.455,2.415,13.0,C,CC[C@]1(CCCC[N@](C1)CCCCCCCCC[N@]2CCCC[C@](C2)(CC)c3cccc(c3)O)c4cccc(c4)O
Acetylcholinesterase,2w6c,BM4,601,1,X,4193,CAV,2.707,63.457,70.847,3.623,14.0,C,CC[C@]1(CCCC[N@](C1)CCCCCCCCC[N@]2CCCC[C@](C2)(CC)c3cccc(c3)O)c4cccc(c4)O
Acetylcholinesterase,2w6c,BM4,601,1,X,4194,CAW,1.382,62.686,70.825,2.415,15.0,C,CC[C@]1(CCCC[N@](C1)CCCCCCCCC[N@]2CCCC[C@](C2)(CC)c3cccc(c3)O)c4cccc(c4)O
Acetylcholinesterase,2w6c,BM4,601,1,X,4195,CAX,1.2,61.824,72.092,16.907,16.0,C,CC[C@]1(CCCC[N@](C1)CCCCCCCCC[N@]2CCCC[C@](C2)(CC)c3cccc(c3)O)c4cccc(c4)O
Acetylcholinesterase,2w6c,BM4,601,1,X,4196,CAY,-0.219,61.946,72.68,9.661,17.0,C,CC[C@]1(CCCC[N@](C1)CCCCCCCCC[N@]2CCCC[C@](C2)(CC)c3cccc(c3)O)c4cccc(c4)O
Acetylcholinesterase,2w6c,BM4,601,1,X,4197,NAZ,-0.634,60.686,73.332,32.808,18.0,N,CC[C@]1(CCCC[N@](C1)CCCCCCCCC[N@]2CCCC[C@](C2)(CC)c3cccc(c3)O)c4cccc(c4)O
Acetylcholinesterase,2wg0,GB,2540,1,A,4328,O1,5.309,64.693,62.155,16.072,2.0,O,CP(=O)(O)O
Acetylcholinesterase,2wfz,GD8,605,1,A,4398,C6,5.185,66.876,64.82,10.869,4.0,C,C[C@H](C(C)(C)C)O[P@H](=O)C
Acetylcholinesterase,2wfz,GD8,605,1,A,4399,C5,3.289,68.267,64.1,15.699,3.0,C,C[C@H](C(C)(C)C)O[P@H](=O)C
Acetylcholinesterase,2wfz,GD8,605,1,A,4400,C2,4.135,66.468,62.526,1.208,1.0,C,C[C@H](C(C)(C)C)O[P@H](=O)C
Acetylcholinesterase,2wfz,GD8,605,1,A,4401,C3,3.961,67.218,61.176,1.208,0.0,C,C[C@H](C(C)(C)C)O[P@H](=O)C
Acetylcholinesterase,2wfz,GD8,605,1,A,4404,C1,5.454,62.701,62.918,1.208,9.0,C,C[C@H](C(C)(C)C)O[P@H](=O)C
Acetylcholinesterase,2wg2,GD8,2540,1,A,4398,C6,5.214,66.967,64.793,10.869,4.0,C,C[C@H](C(C)(C)C)O[P@H](=O)C
Acetylcholinesterase,2wg2,GD8,2540,1,A,4399,C5,3.307,68.392,64.174,15.699,3.0,C,C[C@H](C(C)(C)C)O[P@H](=O)C
Acetylcholinesterase,2wg2,GD8,2540,1,A,4400,C2,4.118,66.686,62.539,1.208,1.0,C,C[C@H](C(C)(C)C)O[P@H](=O)C
Acetylcholinesterase,2wg2,GD8,2540,1,A,4401,C3,3.898,67.391,61.178,1.208,0.0,C,C[C@H](C(C)(C)C)O[P@H](=O)C
Acetylcholinesterase,2wg2,GD8,2540,1,A,4402,O2,5.0,65.284,62.436,1.071,6.0,O,C[C@H](C(C)(C)C)O[P@H](=O)C
Acetylcholinesterase,2wg2,GD8,2540,1,A,4404,C1,5.47,62.66,62.921,1.208,9.0,C,C[C@H](C(C)(C)C)O[P@H](=O)C
Acetylcholinesterase,2wg1,GB,604,1,A,4465,O1,5.519,64.838,62.279,13.929,2.0,O,CP(=O)(O)O
Acetylcholinesterase,2wg1,FP1,605,1,A,4471,C5,4.73,68.942,63.712,1.208,6.0,C,CN\1C=CC=C/C1=C/NO
Acetylcholinesterase,2wg1,FP1,605,1,A,4474,C2,2.916,68.187,61.747,2.415,3.0,C,CN\1C=CC=C/C1=C/NO
Acetylcholinesterase,2wg1,FP1,605,1,A,4475,C1,2.49,68.298,63.071,7.246,2.0,C,CN\1C=CC=C/C1=C/NO
Acetylcholinesterase,2wg1,FP1,605,1,A,4476,N1,3.395,68.68,64.074,1.094,1.0,N,CN\1C=CC=C/C1=C/NO
Acetylcholinesterase,2wg1,FP1,605,1,A,4477,C7,2.947,68.775,65.494,15.699,0.0,C,CN\1C=CC=C/C1=C/NO
Acetylcholinesterase,2xi4,AFT,1000,1,A,4277,O7,99.806,52.806,21.133,4.286,20.0,O,COc1cc2c(c3c1C4=C(C(=O)CC4)C(=O)O3)[C@@H]5C=CO[C@@H]5O2
Acetylcholinesterase,2xi4,AFT,1000,1,A,4279,O6A,100.896,54.928,20.991,1.071,22.0,O,COc1cc2c(c3c1C4=C(C(=O)CC4)C(=O)O3)[C@@H]5C=CO[C@@H]5O2
Acetylcholinesterase,2xi4,AFT,1000,1,A,4281,C5B,101.962,56.864,22.185,7.246,3.0,C,COc1cc2c(c3c1C4=C(C(=O)CC4)C(=O)O3)[C@@H]5C=CO[C@@H]5O2
Acetylcholinesterase,2xi4,AFT,1000,1,A,4282,C4B,101.914,57.708,23.298,4.831,2.0,C,COc1cc2c(c3c1C4=C(C(=O)CC4)C(=O)O3)[C@@H]5C=CO[C@@H]5O2
Acetylcholinesterase,2xi4,AFT,1000,1,A,4283,O4,102.868,58.673,23.422,6.429,1.0,O,COc1cc2c(c3c1C4=C(C(=O)CC4)C(=O)O3)[C@@H]5C=CO[C@@H]5O2
Acetylcholinesterase,2xi4,AFT,1000,1,A,4284,CM,103.539,58.997,22.175,33.814,0.0,C,COc1cc2c(c3c1C4=C(C(=O)CC4)C(=O)O3)[C@@H]5C=CO[C@@H]5O2
Acetylcholinesterase,2xi4,AFT,1000,1,A,4285,C4A,100.904,57.535,24.27,2.415,7.0,C,COc1cc2c(c3c1C4=C(C(=O)CC4)C(=O)O3)[C@@H]5C=CO[C@@H]5O2
Acetylcholinesterase,2xi4,AFT,1000,1,A,4287,O10,98.925,56.268,24.926,1.071,16.0,O,COc1cc2c(c3c1C4=C(C(=O)CC4)C(=O)O3)[C@@H]5C=CO[C@@H]5O2
Acetylcholinesterase,2xi4,AFT,1000,1,A,4288,C11,98.789,57.059,26.022,3.623,14.0,C,COc1cc2c(c3c1C4=C(C(=O)CC4)C(=O)O3)[C@@H]5C=CO[C@@H]5O2
Acetylcholinesterase,2xi4,AFT,1000,1,A,4289,O11,97.85,56.827,26.778,1.071,15.0,O,COc1cc2c(c3c1C4=C(C(=O)CC4)C(=O)O3)[C@@H]5C=CO[C@@H]5O2
Acetylcholinesterase,2xi4,AFT,1000,1,A,4290,C12,99.67,58.112,26.287,1.208,9.0,C,COc1cc2c(c3c1C4=C(C(=O)CC4)C(=O)O3)[C@@H]5C=CO[C@@H]5O2
Acetylcholinesterase,2xi4,AFT,1000,1,A,4291,C3A,100.758,58.339,25.418,2.415,8.0,C,COc1cc2c(c3c1C4=C(C(=O)CC4)C(=O)O3)[C@@H]5C=CO[C@@H]5O2
Acetylcholinesterase,2xi4,AFT,1000,1,A,4292,C3,101.569,59.573,25.875,19.322,13.0,C,COc1cc2c(c3c1C4=C(C(=O)CC4)C(=O)O3)[C@@H]5C=CO[C@@H]5O2
Acetylcholinesterase,2xi4,AFT,1000,1,A,4293,C2A,100.861,60.036,27.152,9.661,12.0,C,COc1cc2c(c3c1C4=C(C(=O)CC4)C(=O)O3)[C@@H]5C=CO[C@@H]5O2
Acetylcholinesterase,3i6m,G3X,1,1,A,4278,C1,2.576,68.097,63.232,1.208,24.0,C,COc1ccc2c3c1O[C@@H]4[C@@]3(CC[N@](C2)CCCN5CCCCC5)C=C[C@@H](C4)O
Acetylcholinesterase,3i6m,G3X,1,1,A,4279,C2,2.735,68.537,61.947,3.623,25.0,C,COc1ccc2c3c1O[C@@H]4[C@@]3(CC[N@](C2)CCCN5CCCCC5)C=C[C@@H](C4)O
Acetylcholinesterase,3i6m,G3X,1,1,A,4286,C9,1.469,66.279,65.783,1.208,14.0,C,COc1ccc2c3c1O[C@@H]4[C@@]3(CC[N@](C2)CCCN5CCCCC5)C=C[C@@H](C4)O
Acetylcholinesterase,3i6m,G3X,1,1,A,4288,C11,2.397,68.625,66.14,1.208,12.0,C,COc1ccc2c3c1O[C@@H]4[C@@]3(CC[N@](C2)CCCN5CCCCC5)C=C[C@@H](C4)O
Acetylcholinesterase,3i6m,G3X,1,1,A,4296,C19,0.792,67.662,67.708,7.246,15.0,C,COc1ccc2c3c1O[C@@H]4[C@@]3(CC[N@](C2)CCCN5CCCCC5)C=C[C@@H](C4)O
Acetylcholinesterase,3i6m,G3X,1,1,A,4297,C20,0.632,66.618,68.817,1.208,16.0,C,COc1ccc2c3c1O[C@@H]4[C@@]3(CC[N@](C2)CCCN5CCCCC5)C=C[C@@H](C4)O
Acetylcholinesterase,3i6m,G3X,1,1,A,4298,C21,1.841,66.592,69.748,1.208,17.0,C,COc1ccc2c3c1O[C@@H]4[C@@]3(CC[N@](C2)CCCN5CCCCC5)C=C[C@@H](C4)O
Acetylcholinesterase,3i6m,G3X,1,1,A,4300,C23,3.153,64.532,69.42,13.284,19.0,C,COc1ccc2c3c1O[C@@H]4[C@@]3(CC[N@](C2)CCCN5CCCCC5)C=C[C@@H](C4)O
Acetylcholinesterase,3i6m,G3X,1,1,A,4301,C24,4.215,63.91,68.506,7.246,20.0,C,COc1ccc2c3c1O[C@@H]4[C@@]3(CC[N@](C2)CCCN5CCCCC5)C=C[C@@H](C4)O
Acetylcholinesterase,2xi4,AFT,1000,1,B,4298,O7,83.479,51.544,82.62,4.286,20.0,O,COc1cc2c(c3c1C4=C(C(=O)CC4)C(=O)O3)[C@@H]5C=CO[C@@H]5O2
Acetylcholinesterase,2xi4,AFT,1000,1,B,4299,C6A,83.632,52.995,82.64,1.208,21.0,C,COc1cc2c(c3c1C4=C(C(=O)CC4)C(=O)O3)[C@@H]5C=CO[C@@H]5O2
Acetylcholinesterase,2xi4,AFT,1000,1,B,4300,O6A,82.415,53.788,82.814,1.071,22.0,O,COc1cc2c(c3c1C4=C(C(=O)CC4)C(=O)O3)[C@@H]5C=CO[C@@H]5O2
Acetylcholinesterase,2xi4,AFT,1000,1,B,4302,C5B,81.394,55.748,81.603,7.246,3.0,C,COc1cc2c(c3c1C4=C(C(=O)CC4)C(=O)O3)[C@@H]5C=CO[C@@H]5O2
Acetylcholinesterase,2xi4,AFT,1000,1,B,4303,C4B,81.453,56.583,80.485,2.415,2.0,C,COc1cc2c(c3c1C4=C(C(=O)CC4)C(=O)O3)[C@@H]5C=CO[C@@H]5O2
Acetylcholinesterase,2xi4,AFT,1000,1,B,4304,O4,80.534,57.599,80.328,7.5,1.0,O,COc1cc2c(c3c1C4=C(C(=O)CC4)C(=O)O3)[C@@H]5C=CO[C@@H]5O2
Acetylcholinesterase,2xi4,AFT,1000,1,B,4305,CM,79.905,58.113,81.523,35.021,0.0,C,COc1cc2c(c3c1C4=C(C(=O)CC4)C(=O)O3)[C@@H]5C=CO[C@@H]5O2
Acetylcholinesterase,2xi4,AFT,1000,1,B,4306,C4A,82.458,56.357,79.516,1.208,7.0,C,COc1cc2c(c3c1C4=C(C(=O)CC4)C(=O)O3)[C@@H]5C=CO[C@@H]5O2
Acetylcholinesterase,2xi4,AFT,1000,1,B,4307,C10,83.393,55.32,79.712,1.208,6.0,C,COc1cc2c(c3c1C4=C(C(=O)CC4)C(=O)O3)[C@@H]5C=CO[C@@H]5O2
Acetylcholinesterase,2xi4,AFT,1000,1,B,4308,O10,84.405,55.034,78.829,1.071,16.0,O,COc1cc2c(c3c1C4=C(C(=O)CC4)C(=O)O3)[C@@H]5C=CO[C@@H]5O2
Acetylcholinesterase,2xi4,AFT,1000,1,B,4309,C11,84.566,55.854,77.741,2.415,14.0,C,COc1cc2c(c3c1C4=C(C(=O)CC4)C(=O)O3)[C@@H]5C=CO[C@@H]5O2
Acetylcholinesterase,2xi4,AFT,1000,1,B,4310,O11,85.496,55.59,76.976,1.071,15.0,O,COc1cc2c(c3c1C4=C(C(=O)CC4)C(=O)O3)[C@@H]5C=CO[C@@H]5O2
Acetylcholinesterase,2xi4,AFT,1000,1,B,4312,C3A,82.611,57.159,78.374,3.623,8.0,C,COc1cc2c(c3c1C4=C(C(=O)CC4)C(=O)O3)[C@@H]5C=CO[C@@H]5O2
Acetylcholinesterase,2xi4,AFT,1000,1,B,4313,C3,81.81,58.409,77.959,15.699,13.0,C,COc1cc2c(c3c1C4=C(C(=O)CC4)C(=O)O3)[C@@H]5C=CO[C@@H]5O2
Acetylcholinesterase,2xi4,AFT,1000,1,B,4314,C2A,82.508,58.913,76.702,8.453,12.0,C,COc1cc2c(c3c1C4=C(C(=O)CC4)C(=O)O3)[C@@H]5C=CO[C@@H]5O2
Acetylcholinesterase,3i6z,G6X,1,1,A,4260,C1,2.523,67.74,63.309,1.208,33.0,C,COc1ccc2c3c1O[C@@H]4[C@@]3(CC[N@@](C2)CCCCCCN5C(=O)c6ccccc6S5(=O)=O)C=C[C@@H](C4)O
Acetylcholinesterase,3i6z,G6X,1,1,A,4261,C2,2.62,68.166,62.016,2.415,34.0,C,COc1ccc2c3c1O[C@@H]4[C@@]3(CC[N@@](C2)CCCCCCN5C(=O)c6ccccc6S5(=O)=O)C=C[C@@H](C4)O
Acetylcholinesterase,3i6z,G6X,1,1,A,4268,C9,1.831,66.01,66.356,7.246,14.0,C,COc1ccc2c3c1O[C@@H]4[C@@]3(CC[N@@](C2)CCCCCCN5C(=O)c6ccccc6S5(=O)=O)C=C[C@@H](C4)O
Acetylcholinesterase,3i6z,G6X,1,1,A,4269,N10,2.481,67.156,67.072,1.094,13.0,N,COc1ccc2c3c1O[C@@H]4[C@@]3(CC[N@@](C2)CCCCCCN5C(=O)c6ccccc6S5(=O)=O)C=C[C@@H](C4)O
Acetylcholinesterase,3i6z,G6X,1,1,A,4270,C11,2.586,68.407,66.296,3.623,12.0,C,COc1ccc2c3c1O[C@@H]4[C@@]3(CC[N@@](C2)CCCCCCN5C(=O)c6ccccc6S5(=O)=O)C=C[C@@H](C4)O
Acetylcholinesterase,3i6z,G6X,1,1,A,4281,C22,4.316,63.607,69.804,1.208,18.0,C,COc1ccc2c3c1O[C@@H]4[C@@]3(CC[N@@](C2)CCCCCCN5C(=O)c6ccccc6S5(=O)=O)C=C[C@@H](C4)O
Acetylcholinesterase,3i6z,G6X,1,1,A,4285,C26,1.391,60.415,71.467,1.208,22.0,C,COc1ccc2c3c1O[C@@H]4[C@@]3(CC[N@@](C2)CCCCCCN5C(=O)c6ccccc6S5(=O)=O)C=C[C@@H](C4)O
Acetylcholinesterase,3i6z,G6X,1,1,A,4286,C27,0.291,60.014,72.307,3.623,24.0,C,COc1ccc2c3c1O[C@@H]4[C@@]3(CC[N@@](C2)CCCCCCN5C(=O)c6ccccc6S5(=O)=O)C=C[C@@H](C4)O
Acetylcholinesterase,3i6z,G6X,1,1,A,4287,C28,0.044,58.767,72.924,14.492,25.0,C,COc1ccc2c3c1O[C@@H]4[C@@]3(CC[N@@](C2)CCCCCCN5C(=O)c6ccccc6S5(=O)=O)C=C[C@@H](C4)O
Acetylcholinesterase,3i6z,G6X,1,1,A,4288,C29,-1.16,58.526,73.619,21.737,26.0,C,COc1ccc2c3c1O[C@@H]4[C@@]3(CC[N@@](C2)CCCCCCN5C(=O)c6ccccc6S5(=O)=O)C=C[C@@H](C4)O
Acetylcholinesterase,3i6z,G6X,1,1,A,4289,C30,-2.137,59.535,73.707,21.737,27.0,C,COc1ccc2c3c1O[C@@H]4[C@@]3(CC[N@@](C2)CCCCCCN5C(=O)c6ccccc6S5(=O)=O)C=C[C@@H](C4)O
Acetylcholinesterase,3i6z,G6X,1,1,A,4290,C31,-1.9,60.782,73.101,4.831,28.0,C,COc1ccc2c3c1O[C@@H]4[C@@]3(CC[N@@](C2)CCCCCCN5C(=O)c6ccccc6S5(=O)=O)C=C[C@@H](C4)O
Acetylcholinesterase,3i6z,G6X,1,1,A,4291,C32,-0.696,61.016,72.414,2.415,29.0,C,COc1ccc2c3c1O[C@@H]4[C@@]3(CC[N@@](C2)CCCCCCN5C(=O)c6ccccc6S5(=O)=O)C=C[C@@H](C4)O
Acetylcholinesterase,3i6z,G6X,1,1,A,4293,O34,2.327,59.68,71.14,13.929,23.0,O,COc1ccc2c3c1O[C@@H]4[C@@]3(CC[N@@](C2)CCCCCCN5C(=O)c6ccccc6S5(=O)=O)C=C[C@@H](C4)O
Acetylcholinesterase,3i6z,G6X,1,1,A,4294,O35,-0.809,63.179,70.569,2.143,31.0,O,COc1ccc2c3c1O[C@@H]4[C@@]3(CC[N@@](C2)CCCCCCN5C(=O)c6ccccc6S5(=O)=O)C=C[C@@H](C4)O
Acetylcholinesterase,3i6z,G6X,1,1,A,4295,O36,0.437,63.467,72.651,11.786,32.0,O,COc1ccc2c3c1O[C@@H]4[C@@]3(CC[N@@](C2)CCCCCCN5C(=O)c6ccccc6S5(=O)=O)C=C[C@@H](C4)O
Acetylcholinesterase,3zv7,NHG,1541,1,A,4294,CK2,3.427,67.978,61.294,4.831,0.0,C,C[C@@]12CCN[C@@H]1Nc3c2cc(cc3)O
Acetylcholinesterase,3zv7,NHG,1541,1,A,4296,CK1,5.061,68.662,64.566,2.415,3.0,C,C[C@@]12CCN[C@@H]1Nc3c2cc(cc3)O
Acetylcholinesterase,3zv7,NHG,1541,1,A,4297,NW2,3.682,69.15,64.71,1.094,4.0,N,C[C@@]12CCN[C@@H]1Nc3c2cc(cc3)O
Acetylcholinesterase,3zv7,NHG,1541,1,A,4298,CW8,2.888,68.324,63.785,1.208,5.0,C,C[C@@]12CCN[C@@H]1Nc3c2cc(cc3)O
Acetylcholinesterase,3zv7,NHG,1541,1,A,4299,NW1,2.405,67.109,64.46,10.936,6.0,N,C[C@@]12CCN[C@@H]1Nc3c2cc(cc3)O
Acetylcholinesterase,3zv7,NHG,1541,1,A,4301,CW5,2.996,64.714,64.556,3.623,12.0,C,C[C@@]12CCN[C@@H]1Nc3c2cc(cc3)O
Acetylcholinesterase,4tvk,TJH,605,1,A,4292,OAB,-53.466,33.023,-42.213,3.214,12.0,O,c1cc2c(c(c1)O)C(=O)C=C(C2=O)NCCNc3c4ccc(cc4nc5c3CCCC5)Cl
Acetylcholinesterase,4tvk,TJH,605,1,A,4295,CAH,-52.185,35.021,-43.623,1.208,1.0,C,c1cc2c(c(c1)O)C(=O)C=C(C2=O)NCCNc3c4ccc(cc4nc5c3CCCC5)Cl
Acetylcholinesterase,4tvk,TJH,605,1,A,4297,CAF,-51.697,36.137,-45.767,3.623,5.0,C,c1cc2c(c(c1)O)C(=O)C=C(C2=O)NCCNc3c4ccc(cc4nc5c3CCCC5)Cl
Acetylcholinesterase,4tvk,TJH,605,1,A,4299,OAC,-52.679,35.2,-47.732,19.286,6.0,O,c1cc2c(c(c1)O)C(=O)C=C(C2=O)NCCNc3c4ccc(cc4nc5c3CCCC5)Cl
Acetylcholinesterase,4tvk,TJH,605,1,A,4302,OAA,-53.983,33.434,-47.579,13.929,8.0,O,c1cc2c(c(c1)O)C(=O)C=C(C2=O)NCCNc3c4ccc(cc4nc5c3CCCC5)Cl
Acetylcholinesterase,4tvk,TJH,605,1,A,4303,CAJ,-54.528,32.311,-45.636,3.623,9.0,C,c1cc2c(c(c1)O)C(=O)C=C(C2=O)NCCNc3c4ccc(cc4nc5c3CCCC5)Cl
Acetylcholinesterase,4tvk,TJH,605,1,A,4306,CAN,-55.563,30.039,-44.296,8.453,14.0,C,c1cc2c(c(c1)O)C(=O)C=C(C2=O)NCCNc3c4ccc(cc4nc5c3CCCC5)Cl
Acetylcholinesterase,4tvk,TJH,605,1,A,4307,CAO,-54.337,29.135,-44.478,1.208,15.0,C,c1cc2c(c(c1)O)C(=O)C=C(C2=O)NCCNc3c4ccc(cc4nc5c3CCCC5)Cl
Acetylcholinesterase,4tvk,TJH,605,1,A,4311,CAQ,-53.229,28.93,-40.534,1.208,27.0,C,c1cc2c(c(c1)O)C(=O)C=C(C2=O)NCCNc3c4ccc(cc4nc5c3CCCC5)Cl
Acetylcholinesterase,4tvk,TJH,605,1,A,4312,CAM,-52.847,28.73,-39.08,1.208,28.0,C,c1cc2c(c(c1)O)C(=O)C=C(C2=O)NCCNc3c4ccc(cc4nc5c3CCCC5)Cl
Acetylcholinesterase,4w63,HTB,605,1,A,4294,CAP,59.008,-29.295,-5.922,2.415,22.0,C,c1ccc2c(c1)cc(o2)CNCCCCCCCNc3c4ccccc4nc5c3CCCC5
Acetylcholinesterase,4w63,HTB,605,1,A,4295,CAT,58.579,-29.611,-4.525,3.623,21.0,C,c1ccc2c(c1)cc(o2)CNCCCCCCCNc3c4ccccc4nc5c3CCCC5
Acetylcholinesterase,4w63,HTB,605,1,A,4306,NAX,57.972,-29.33,-1.893,3.281,18.0,N,c1ccc2c(c1)cc(o2)CNCCCCCCCNc3c4ccccc4nc5c3CCCC5
Acetylcholinesterase,4w63,HTB,605,1,A,4307,CAR,57.777,-30.139,-0.652,2.415,17.0,C,c1ccc2c(c1)cc(o2)CNCCCCCCCNc3c4ccccc4nc5c3CCCC5
Acetylcholinesterase,4w63,HTB,605,1,A,4308,CAN,57.323,-31.574,-0.865,7.246,16.0,C,c1ccc2c(c1)cc(o2)CNCCCCCCCNc3c4ccccc4nc5c3CCCC5
Acetylcholinesterase,4w63,HTB,605,1,A,4310,CAJ,58.709,-33.373,-1.937,6.038,14.0,C,c1ccc2c(c1)cc(o2)CNCCCCCCCNc3c4ccccc4nc5c3CCCC5
Acetylcholinesterase,4w63,HTB,605,1,A,4319,CAG,63.999,-38.277,-2.761,1.208,2.0,C,c1ccc2c(c1)cc(o2)CNCCCCCCCNc3c4ccccc4nc5c3CCCC5
Acetylcholinesterase,4w63,HTB,605,1,A,4320,CAC,65.051,-38.236,-1.878,1.208,1.0,C,c1ccc2c(c1)cc(o2)CNCCCCCCCNc3c4ccccc4nc5c3CCCC5
Acetylcholinesterase,5bwb,4VV,604,1,A,4286,C2,-52.808,32.928,22.724,1.208,13.0,C,C1N(/C(=C/NO)/N=C1)CCCCCCCN2/C(=C/NO)/N=CC2
Acetylcholinesterase,5bwb,4VV,604,1,A,4287,C3,-52.76,34.329,22.126,8.453,12.0,C,C1N(/C(=C/NO)/N=C1)CCCCCCCN2/C(=C/NO)/N=CC2
Acetylcholinesterase,5bwb,4VV,604,1,A,4288,N6,-53.793,28.478,23.726,6.562,18.0,N,C1N(/C(=C/NO)/N=C1)CCCCCCCN2/C(=C/NO)/N=CC2
Acetylcholinesterase,5bwb,4VV,604,1,A,4289,C7,-57.128,35.813,20.491,4.831,8.0,C,C1N(/C(=C/NO)/N=C1)CCCCCCCN2/C(=C/NO)/N=CC2
Acetylcholinesterase,5bwb,4VV,604,1,A,4291,C10,-60.007,36.749,19.251,21.737,7.0,C,C1N(/C(=C/NO)/N=C1)CCCCCCCN2/C(=C/NO)/N=CC2
Acetylcholinesterase,5bwb,4VV,604,1,A,4292,C11,-58.932,35.976,19.074,15.699,0.0,C,C1N(/C(=C/NO)/N=C1)CCCCCCCN2/C(=C/NO)/N=CC2
Acetylcholinesterase,5bwb,4VV,604,1,A,4295,C4,-54.14,34.978,22.252,3.623,11.0,C,C1N(/C(=C/NO)/N=C1)CCCCCCCN2/C(=C/NO)/N=CC2
Acetylcholinesterase,5bwb,4VV,604,1,A,4296,C5,-54.866,34.879,20.915,12.076,10.0,C,C1N(/C(=C/NO)/N=C1)CCCCCCCN2/C(=C/NO)/N=CC2
Acetylcholinesterase,5bwb,4VV,604,1,A,4297,O2,-54.919,27.56,23.063,6.429,19.0,O,C1N(/C(=C/NO)/N=C1)CCCCCCCN2/C(=C/NO)/N=CC2
Acetylcholinesterase,5bwb,4VV,604,1,A,4298,C13,-53.089,29.319,22.919,2.415,17.0,C,C1N(/C(=C/NO)/N=C1)CCCCCCCN2/C(=C/NO)/N=CC2
Acetylcholinesterase,5bwb,4VV,604,1,A,4299,N5,-51.831,30.101,24.743,8.749,20.0,N,C1N(/C(=C/NO)/N=C1)CCCCCCCN2/C(=C/NO)/N=CC2
Acetylcholinesterase,5bwb,4VV,604,1,A,4300,C15,-50.839,30.965,24.937,9.661,21.0,C,C1N(/C(=C/NO)/N=C1)CCCCCCCN2/C(=C/NO)/N=CC2
Acetylcholinesterase,5bwb,4VV,604,1,A,4302,C6,-56.367,34.656,21.122,4.831,9.0,C,C1N(/C(=C/NO)/N=C1)CCCCCCCN2/C(=C/NO)/N=CC2
Acetylcholinesterase,4x3c,TNH,602,1,A,4279,C2,56.262,156.071,152.558,2.415,11.0,C,c1ccc2c(c1)c(c3c(n2)CCCC3)NCCCCCCNC(=O)c4cccnc4
Acetylcholinesterase,4x3c,TNH,602,1,A,4280,C3,57.414,157.1,152.746,4.831,12.0,C,c1ccc2c(c1)c(c3c(n2)CCCC3)NCCCCCCNC(=O)c4cccnc4
Acetylcholinesterase,4x3c,TNH,602,1,A,4281,C4,57.527,157.44,154.213,4.831,13.0,C,c1ccc2c(c1)c(c3c(n2)CCCC3)NCCCCCCNC(=O)c4cccnc4
Acetylcholinesterase,4x3c,TNH,602,1,A,4294,C15,57.791,159.67,158.154,7.246,16.0,C,c1ccc2c(c1)c(c3c(n2)CCCC3)NCCCCCCNC(=O)c4cccnc4
Acetylcholinesterase,4x3c,TNH,602,1,A,4295,C16,56.93,159.915,159.431,2.415,17.0,C,c1ccc2c(c1)c(c3c(n2)CCCC3)NCCCCCCNC(=O)c4cccnc4
Acetylcholinesterase,4x3c,TNH,602,1,A,4296,C17,57.046,161.387,159.883,2.415,18.0,C,c1ccc2c(c1)c(c3c(n2)CCCC3)NCCCCCCNC(=O)c4cccnc4
Acetylcholinesterase,4x3c,TNH,602,1,A,4297,C18,56.4,161.609,161.266,14.492,19.0,C,c1ccc2c(c1)c(c3c(n2)CCCC3)NCCCCCCNC(=O)c4cccnc4
Acetylcholinesterase,4x3c,TNH,602,1,A,4299,N3,57.06,162.269,163.579,3.281,21.0,N,c1ccc2c(c1)c(c3c(n2)CCCC3)NCCCCCCNC(=O)c4cccnc4
Acetylcholinesterase,4x3c,TNH,602,1,A,4301,O1,59.025,163.268,164.181,2.143,23.0,O,c1ccc2c(c1)c(c3c(n2)CCCC3)NCCCCCCNC(=O)c4cccnc4
Acetylcholinesterase,4x3c,TNH,602,1,A,4302,C21,57.425,162.915,165.873,3.623,24.0,C,c1ccc2c(c1)c(c3c(n2)CCCC3)NCCCCCCNC(=O)c4cccnc4
Acetylcholinesterase,4x3c,TNH,602,1,A,4303,C22,56.262,163.64,166.243,13.284,25.0,C,c1ccc2c(c1)c(c3c(n2)CCCC3)NCCCCCCNC(=O)c4cccnc4
Acetylcholinesterase,4x3c,TNH,602,1,A,4304,C23,55.806,163.725,167.552,35.021,26.0,C,c1ccc2c(c1)c(c3c(n2)CCCC3)NCCCCCCNC(=O)c4cccnc4
Acetylcholinesterase,4x3c,TNH,602,1,A,4305,C24,56.547,163.076,168.537,35.021,27.0,C,c1ccc2c(c1)c(c3c(n2)CCCC3)NCCCCCCNC(=O)c4cccnc4
Acetylcholinesterase,4x3c,TNH,602,1,A,4306,N4,57.701,162.308,168.206,10.936,28.0,N,c1ccc2c(c1)c(c3c(n2)CCCC3)NCCCCCCNC(=O)c4cccnc4
Acetylcholinesterase,4x3c,TNH,602,1,A,4307,C25,58.132,162.244,166.884,3.623,29.0,C,c1ccc2c(c1)c(c3c(n2)CCCC3)NCCCCCCNC(=O)c4cccnc4
Acetylcholinesterase,5bwc,HBP,603,1,A,4273,C1,59.052,-33.126,-1.261,3.623,15.0,C,c1cc[n+](c(c1)\C=N\O)CCCCCCC[n+]2ccccc2\C=N\O
Acetylcholinesterase,5bwc,HBP,603,1,A,4275,O10,62.034,-33.566,-5.332,8.572,24.0,O,c1cc[n+](c(c1)\C=N\O)CCCCCCC[n+]2ccccc2\C=N\O
Acetylcholinesterase,5bwc,HBP,603,1,A,4276,N9,61.103,-32.605,-4.951,15.31,23.0,N,c1cc[n+](c(c1)\C=N\O)CCCCCCC[n+]2ccccc2\C=N\O
Acetylcholinesterase,5bwc,HBP,603,1,A,4277,C8A,60.47,-32.765,-3.874,10.869,22.0,C,c1cc[n+](c(c1)\C=N\O)CCCCCCC[n+]2ccccc2\C=N\O
Acetylcholinesterase,5bwc,HBP,603,1,A,4278,C7,59.479,-31.775,-3.386,1.208,21.0,C,c1cc[n+](c(c1)\C=N\O)CCCCCCC[n+]2ccccc2\C=N\O
Acetylcholinesterase,5bwc,HBP,603,1,A,4279,C6,59.213,-30.639,-4.151,22.945,20.0,C,c1cc[n+](c(c1)\C=N\O)CCCCCCC[n+]2ccccc2\C=N\O
Acetylcholinesterase,5bwc,HBP,603,1,A,4280,C4,57.663,-29.911,-2.485,1.208,18.0,C,c1cc[n+](c(c1)\C=N\O)CCCCCCC[n+]2ccccc2\C=N\O
Acetylcholinesterase,5bwc,HBP,603,1,A,4281,C3,57.935,-31.045,-1.725,2.415,17.0,C,c1cc[n+](c(c1)\C=N\O)CCCCCCC[n+]2ccccc2\C=N\O
Acetylcholinesterase,5bwc,HBP,603,1,A,4283,C2,57.877,-34.081,-1.361,4.831,14.0,C,c1cc[n+](c(c1)\C=N\O)CCCCCCC[n+]2ccccc2\C=N\O
Acetylcholinesterase,5bwc,HBP,603,1,A,4284,C5A,58.298,-29.709,-3.701,12.076,19.0,C,c1cc[n+](c(c1)\C=N\O)CCCCCCC[n+]2ccccc2\C=N\O
Acetylcholinesterase,5bwc,HBP,603,1,A,4285,C8,56.928,-36.307,-0.921,1.208,12.0,C,c1cc[n+](c(c1)\C=N\O)CCCCCCC[n+]2ccccc2\C=N\O
Acetylcholinesterase,5bwc,HBP,603,1,A,4288,C17,55.177,-36.387,2.357,9.661,9.0,C,c1cc[n+](c(c1)\C=N\O)CCCCCCC[n+]2ccccc2\C=N\O
Acetylcholinesterase,5bwc,HBP,603,1,A,4289,N20,55.285,-37.028,3.689,1.094,3.0,N,c1cc[n+](c(c1)\C=N\O)CCCCCCC[n+]2ccccc2\C=N\O
Acetylcholinesterase,5bwc,HBP,603,1,A,4290,C21,54.329,-37.924,4.011,1.208,2.0,C,c1cc[n+](c(c1)\C=N\O)CCCCCCC[n+]2ccccc2\C=N\O
Acetylcholinesterase,5bwc,HBP,603,1,A,4291,C22,54.341,-38.586,5.235,1.208,1.0,C,c1cc[n+](c(c1)\C=N\O)CCCCCCC[n+]2ccccc2\C=N\O
Acetylcholinesterase,5bwc,HBP,603,1,A,4292,C23,55.338,-38.323,6.158,2.415,0.0,C,c1cc[n+](c(c1)\C=N\O)CCCCCCC[n+]2ccccc2\C=N\O
Acetylcholinesterase,5bwc,HBP,603,1,A,4297,O28,59.476,-34.94,4.597,1.071,8.0,O,c1cc[n+](c(c1)\C=N\O)CCCCCCC[n+]2ccccc2\C=N\O
Acetylcholinesterase,5dlp,MBT,601,1,A,4182,S3,-55.396,32.416,24.727,1.287,9.0,S,CN(C)c1ccc2c(c1)[s+]c3cc(ccc3n2)N(C)C
Acetylcholinesterase,5dlp,MBT,601,1,A,4185,N6,-52.568,33.366,24.322,4.374,16.0,N,CN(C)c1ccc2c(c1)[s+]c3cc(ccc3n2)N(C)C
Acetylcholinesterase,5dlp,MBT,601,1,A,4186,C7,-54.223,30.522,26.098,4.831,8.0,C,CN(C)c1ccc2c(c1)[s+]c3cc(ccc3n2)N(C)C
Acetylcholinesterase,5dlp,MBT,601,1,A,4187,C8,-53.117,29.844,26.65,3.623,3.0,C,CN(C)c1ccc2c(c1)[s+]c3cc(ccc3n2)N(C)C
Acetylcholinesterase,5dlp,MBT,601,1,A,4188,C9,-51.849,30.391,26.385,12.076,4.0,C,CN(C)c1ccc2c(c1)[s+]c3cc(ccc3n2)N(C)C
Acetylcholinesterase,5dlp,MBT,601,1,A,4189,C10,-51.688,31.548,25.616,18.114,5.0,C,CN(C)c1ccc2c(c1)[s+]c3cc(ccc3n2)N(C)C
Acetylcholinesterase,5dlp,MBT,601,1,A,4190,C11,-55.979,34.495,23.291,1.208,11.0,C,CN(C)c1ccc2c(c1)[s+]c3cc(ccc3n2)N(C)C
Acetylcholinesterase,5dlp,MBT,601,1,A,4192,C13,-54.288,35.99,22.421,2.415,13.0,C,CN(C)c1ccc2c(c1)[s+]c3cc(ccc3n2)N(C)C
Acetylcholinesterase,5dlp,MBT,601,1,A,4194,N15,-53.256,28.653,27.439,1.094,1.0,N,CN(C)c1ccc2c(c1)[s+]c3cc(ccc3n2)N(C)C
Acetylcholinesterase,5dlp,MBT,601,1,A,4195,C16,-54.551,28.038,27.747,21.737,0.0,C,CN(C)c1ccc2c(c1)[s+]c3cc(ccc3n2)N(C)C
Acetylcholinesterase,5dlp,MBT,601,1,A,4196,C17,-52.08,27.972,27.99,33.814,2.0,C,CN(C)c1ccc2c(c1)[s+]c3cc(ccc3n2)N(C)C
Acetylcholinesterase,5dlp,MBT,601,1,A,4197,N18,-56.672,36.441,21.937,1.094,17.0,N,CN(C)c1ccc2c(c1)[s+]c3cc(ccc3n2)N(C)C
Acetylcholinesterase,5dlp,MBT,601,1,A,4198,C19,-58.089,36.089,22.06,10.869,18.0,C,CN(C)c1ccc2c(c1)[s+]c3cc(ccc3n2)N(C)C
Acetylcholinesterase,5dlp,MBT,601,1,A,4199,C20,-56.337,37.641,21.173,14.492,19.0,C,CN(C)c1ccc2c(c1)[s+]c3cc(ccc3n2)N(C)C
Acetylcholinesterase,5e2i,DME,605,1,A,4286,C2,59.127,30.111,182.713,2.415,4.0,C,C[N+](C)(C)CCCCCCCCCC[N+](C)(C)C
Acetylcholinesterase,5e2i,DME,605,1,A,4287,C3,58.817,28.635,182.511,1.208,5.0,C,C[N+](C)(C)CCCCCCCCCC[N+](C)(C)C
Acetylcholinesterase,5e2i,DME,605,1,A,4288,C4,57.635,28.207,183.367,1.208,6.0,C,C[N+](C)(C)CCCCCCCCCC[N+](C)(C)C
Acetylcholinesterase,5e2i,DME,605,1,A,4289,C5,56.308,28.594,182.73,1.208,7.0,C,C[N+](C)(C)CCCCCCCCCC[N+](C)(C)C
Acetylcholinesterase,5e2i,DME,605,1,A,4290,C6,55.331,29.043,183.801,18.114,8.0,C,C[N+](C)(C)CCCCCCCCCC[N+](C)(C)C
Acetylcholinesterase,5e2i,DME,605,1,A,4291,C7,55.611,30.483,184.209,1.208,9.0,C,C[N+](C)(C)CCCCCCCCCC[N+](C)(C)C
Acetylcholinesterase,5e2i,DME,605,1,A,4292,C8,55.085,30.761,185.614,6.038,10.0,C,C[N+](C)(C)CCCCCCCCCC[N+](C)(C)C
Acetylcholinesterase,5e2i,DME,605,1,A,4293,C9,54.363,32.101,185.684,3.623,11.0,C,C[N+](C)(C)CCCCCCCCCC[N+](C)(C)C
Acetylcholinesterase,5e2i,DME,605,1,A,4294,C10,52.872,31.906,185.902,1.208,12.0,C,C[N+](C)(C)CCCCCCCCCC[N+](C)(C)C
Acetylcholinesterase,5e2i,DME,605,1,A,4295,C11,52.569,31.618,187.366,14.492,13.0,C,C[N+](C)(C)CCCCCCCCCC[N+](C)(C)C
Acetylcholinesterase,5e2i,DME,605,1,A,4298,C14,61.056,29.688,181.022,13.284,2.0,C,C[N+](C)(C)CCCCCCCCCC[N+](C)(C)C
Acetylcholinesterase,5e2i,DME,605,1,A,4299,C15,59.846,31.433,181.171,20.53,3.0,C,C[N+](C)(C)CCCCCCCCCC[N+](C)(C)C
Acetylcholinesterase,5e2i,DME,605,1,A,4300,C16,50.087,31.339,187.826,33.814,15.0,C,C[N+](C)(C)CCCCCCCCCC[N+](C)(C)C
Acetylcholinesterase,5e2i,DME,605,1,A,4301,C17,51.136,33.704,187.869,21.737,16.0,C,C[N+](C)(C)CCCCCCCCCC[N+](C)(C)C
Acetylcholinesterase,5e2i,DME,605,1,A,4302,C18,51.544,32.082,189.193,44.682,17.0,C,C[N+](C)(C)CCCCCCCCCC[N+](C)(C)C
Acetylcholinesterase,5e4j,DME,603,1,A,4204,C2,50.696,-29.7,40.8,7.246,4.0,C,C[N+](C)(C)CCCCCCCCCC[N+](C)(C)C
Acetylcholinesterase,5e4j,DME,603,1,A,4206,C4,50.271,-31.179,42.785,3.623,6.0,C,C[N+](C)(C)CCCCCCCCCC[N+](C)(C)C
Acetylcholinesterase,5e4j,DME,603,1,A,4207,C5,50.44,-31.108,44.301,1.208,7.0,C,C[N+](C)(C)CCCCCCCCCC[N+](C)(C)C
Acetylcholinesterase,5e4j,DME,603,1,A,4208,C6,51.846,-30.689,44.727,4.831,8.0,C,C[N+](C)(C)CCCCCCCCCC[N+](C)(C)C
Acetylcholinesterase,5e4j,DME,603,1,A,4213,C11,56.458,-29.221,46.884,9.661,13.0,C,C[N+](C)(C)CCCCCCCCCC[N+](C)(C)C
Acetylcholinesterase,5e4j,DME,603,1,A,4215,C13,50.073,-31.874,39.588,7.246,0.0,C,C[N+](C)(C)CCCCCCCCCC[N+](C)(C)C
Acetylcholinesterase,5e4j,DME,603,1,A,4218,C16,58.828,-30.028,46.659,7.246,15.0,C,C[N+](C)(C)CCCCCCCCCC[N+](C)(C)C
Acetylcholinesterase,5e4j,DME,603,1,A,4219,C17,57.03,-31.765,47.134,3.623,16.0,C,C[N+](C)(C)CCCCCCCCCC[N+](C)(C)C
Acetylcholinesterase,5e4j,DME,603,1,A,4220,C18,57.629,-30.183,48.427,32.606,17.0,C,C[N+](C)(C)CCCCCCCCCC[N+](C)(C)C
Acetylcholinesterase,5e4t,MBT,612,1,A,4220,S3,-0.621,62.688,71.886,3.86,9.0,S,CN(C)c1ccc2c(c1)[s+]c3cc(ccc3n2)N(C)C
Acetylcholinesterase,5e4t,MBT,612,1,A,4221,C4,-0.999,61.318,72.619,2.415,7.0,C,CN(C)c1ccc2c(c1)[s+]c3cc(ccc3n2)N(C)C
Acetylcholinesterase,5e4t,MBT,612,1,A,4222,C5,-0.033,60.197,72.622,3.623,6.0,C,CN(C)c1ccc2c(c1)[s+]c3cc(ccc3n2)N(C)C
Acetylcholinesterase,5e4t,MBT,612,1,A,4223,N6,1.189,60.285,72.023,7.655,16.0,N,CN(C)c1ccc2c(c1)[s+]c3cc(ccc3n2)N(C)C
Acetylcholinesterase,5e4t,MBT,612,1,A,4224,C7,-2.238,61.147,73.247,4.831,8.0,C,CN(C)c1ccc2c(c1)[s+]c3cc(ccc3n2)N(C)C
Acetylcholinesterase,5e4t,MBT,612,1,A,4225,C8,-2.617,59.958,73.903,3.623,3.0,C,CN(C)c1ccc2c(c1)[s+]c3cc(ccc3n2)N(C)C
Acetylcholinesterase,5e4t,MBT,612,1,A,4226,C9,-1.681,58.91,73.894,13.284,4.0,C,CN(C)c1ccc2c(c1)[s+]c3cc(ccc3n2)N(C)C
Acetylcholinesterase,5e4t,MBT,612,1,A,4227,C10,-0.436,59.035,73.269,24.153,5.0,C,CN(C)c1ccc2c(c1)[s+]c3cc(ccc3n2)N(C)C
Acetylcholinesterase,5e4t,MBT,612,1,A,4231,C14,2.914,61.382,70.791,7.246,14.0,C,CN(C)c1ccc2c(c1)[s+]c3cc(ccc3n2)N(C)C
Acetylcholinesterase,5e4t,MBT,612,1,A,4232,N15,-3.89,59.804,74.548,2.187,1.0,N,CN(C)c1ccc2c(c1)[s+]c3cc(ccc3n2)N(C)C
Acetylcholinesterase,5e4t,MBT,612,1,A,4233,C16,-4.905,60.862,74.589,32.606,0.0,C,CN(C)c1ccc2c(c1)[s+]c3cc(ccc3n2)N(C)C
Acetylcholinesterase,5e4t,MBT,612,1,A,4234,C17,-4.251,58.548,75.214,38.644,2.0,C,CN(C)c1ccc2c(c1)[s+]c3cc(ccc3n2)N(C)C
Acetylcholinesterase,5e4t,MBT,612,1,A,4236,C19,2.39,66.068,69.172,18.114,18.0,C,CN(C)c1ccc2c(c1)[s+]c3cc(ccc3n2)N(C)C
Acetylcholinesterase,5e4t,MBT,612,1,A,4237,C20,4.507,64.81,68.72,4.831,19.0,C,CN(C)c1ccc2c(c1)[s+]c3cc(ccc3n2)N(C)C
Acetylcholinesterase,5ehx,03S,603,1,A,4275,O11,-53.27,37.23,153.69,8.572,2.0,O,CS(=O)(=O)O
Acetylcholinesterase,5ehx,03S,603,1,A,4277,C13,-51.264,35.763,153.743,1.208,0.0,C,CS(=O)(=O)O
Acetylcholinesterase,5ei5,AA7,604,1,A,4302,N7,160.145,33.947,185.53,3.281,9.0,N,c1ccc2c(c1)c(c3c(n2)CCCC3)NCCCCCCCNc4c5ccccc5nc6c4CCCC6
Acetylcholinesterase,5ei5,AA7,604,1,A,4306,N11,163.321,31.638,184.525,1.094,14.0,N,c1ccc2c(c1)c(c3c(n2)CCCC3)NCCCCCCCNc4c5ccccc5nc6c4CCCC6
Acetylcholinesterase,5ei5,AA7,604,1,A,4307,C14,162.436,31.695,187.147,7.246,5.0,C,c1ccc2c(c1)c(c3c(n2)CCCC3)NCCCCCCCNc4c5ccccc5nc6c4CCCC6
Acetylcholinesterase,5ei5,AA7,604,1,A,4308,C15,161.928,31.78,188.429,31.398,0.0,C,c1ccc2c(c1)c(c3c(n2)CCCC3)NCCCCCCCNc4c5ccccc5nc6c4CCCC6
Acetylcholinesterase,5ei5,AA7,604,1,A,4309,C16,160.853,32.583,188.752,33.814,1.0,C,c1ccc2c(c1)c(c3c(n2)CCCC3)NCCCCCCCNc4c5ccccc5nc6c4CCCC6
Acetylcholinesterase,5ei5,AA7,604,1,A,4310,C17,160.246,33.322,187.76,20.53,2.0,C,c1ccc2c(c1)c(c3c(n2)CCCC3)NCCCCCCCNc4c5ccccc5nc6c4CCCC6
Acetylcholinesterase,5ei5,AA7,604,1,A,4311,C19,170.949,32.629,181.131,4.831,21.0,C,c1ccc2c(c1)c(c3c(n2)CCCC3)NCCCCCCCNc4c5ccccc5nc6c4CCCC6
Acetylcholinesterase,5ei5,AA7,604,1,A,4313,C21,168.691,32.83,182.254,6.038,19.0,C,c1ccc2c(c1)c(c3c(n2)CCCC3)NCCCCCCCNc4c5ccccc5nc6c4CCCC6
Acetylcholinesterase,5ei5,AA7,604,1,A,4314,C22,168.134,32.078,183.473,1.208,18.0,C,c1ccc2c(c1)c(c3c(n2)CCCC3)NCCCCCCCNc4c5ccccc5nc6c4CCCC6
Acetylcholinesterase,5ei5,AA7,604,1,A,4315,C23,166.7,32.492,183.822,2.415,17.0,C,c1ccc2c(c1)c(c3c(n2)CCCC3)NCCCCCCCNc4c5ccccc5nc6c4CCCC6
Acetylcholinesterase,5ei5,AA7,604,1,A,4316,C24,165.785,31.312,184.205,14.492,16.0,C,c1ccc2c(c1)c(c3c(n2)CCCC3)NCCCCCCCNc4c5ccccc5nc6c4CCCC6
Acetylcholinesterase,5ei5,AA7,604,1,A,4317,C25,164.637,31.781,185.116,9.661,15.0,C,c1ccc2c(c1)c(c3c(n2)CCCC3)NCCCCCCCNc4c5ccccc5nc6c4CCCC6
Acetylcholinesterase,5ei5,AA7,604,1,A,4328,N36,171.529,32.358,179.834,1.094,22.0,N,c1ccc2c(c1)c(c3c(n2)CCCC3)NCCCCCCCNc4c5ccccc5nc6c4CCCC6
Acetylcholinesterase,5ei5,AA7,604,1,A,4329,C39,171.377,31.507,177.249,6.038,33.0,C,c1ccc2c(c1)c(c3c(n2)CCCC3)NCCCCCCCNc4c5ccccc5nc6c4CCCC6
Acetylcholinesterase,5ei5,AA7,604,1,A,4330,C40,171.329,31.048,175.949,3.623,34.0,C,c1ccc2c(c1)c(c3c(n2)CCCC3)NCCCCCCCNc4c5ccccc5nc6c4CCCC6
Acetylcholinesterase,5ei5,AA7,604,1,A,4331,C41,172.165,30.032,175.52,1.208,35.0,C,c1ccc2c(c1)c(c3c(n2)CCCC3)NCCCCCCCNc4c5ccccc5nc6c4CCCC6
Acetylcholinesterase,5ehx,AE4,604,1,A,4278,C2,-52.231,29.546,164.537,53.136,0.0,C,CCOCCOCCOCCOCCOCCO
Acetylcholinesterase,5ehx,AE4,604,1,A,4279,C3,-53.583,29.455,163.781,9.661,1.0,C,CCOCCOCCOCCOCCOCCO
Acetylcholinesterase,5ehx,AE4,604,1,A,4280,O4,-53.907,30.717,163.092,7.5,2.0,O,CCOCCOCCOCCOCCOCCO
Acetylcholinesterase,5ehx,AE4,604,1,A,4282,C6,-52.831,32.309,161.406,14.492,4.0,C,CCOCCOCCOCCOCCOCCO
Acetylcholinesterase,5ehx,AE4,604,1,A,4283,O7,-53.896,33.262,161.513,3.214,5.0,O,CCOCCOCCOCCOCCOCCO
Acetylcholinesterase,5ehx,AE4,604,1,A,4284,C8,-53.609,34.55,160.902,1.208,6.0,C,CCOCCOCCOCCOCCOCCO
Acetylcholinesterase,5ehx,AE4,604,1,A,4285,C9,-55.017,35.237,160.833,3.623,7.0,C,CCOCCOCCOCCOCCOCCO
Acetylcholinesterase,5ehx,AE4,604,1,A,4288,C12,-56.537,36.504,158.417,7.246,10.0,C,CCOCCOCCOCCOCCOCCO
Acetylcholinesterase,5ehx,AE4,604,1,A,4289,O13,-57.704,37.043,157.771,7.5,11.0,O,CCOCCOCCOCCOCCOCCO
Acetylcholinesterase,5ehx,AE4,604,1,A,4291,C15,-57.219,37.682,155.593,6.038,13.0,C,CCOCCOCCOCCOCCOCCO
Acetylcholinesterase,5ehx,AE4,604,1,A,4294,C18,-57.341,37.319,152.636,3.623,16.0,C,CCOCCOCCOCCOCCOCCO
Acetylcholinesterase,5ehx,AE4,604,1,A,4295,O19,-56.007,37.353,152.106,3.214,17.0,O,CCOCCOCCOCCOCCOCCO
Acetylcholinesterase,5ei5,03S,603,1,A,4293,O11,168.751,26.987,176.278,7.5,2.0,O,CS(=O)(=O)O
Acetylcholinesterase,5ei5,03S,603,1,A,4294,O12,168.286,28.287,174.485,2.143,3.0,O,CS(=O)(=O)O
Acetylcholinesterase,5nau,DZ0,611,1,A,4206,OAC,111.725,123.633,183.723,2.143,25.0,O,COc1ccc2c(c1)C/C(=C\C3CCN(CC3)Cc4ccccc4)/C2=O
Acetylcholinesterase,5nau,DZ0,611,1,A,4209,CAK,109.753,125.274,184.904,13.284,4.0,C,COc1ccc2c(c1)C/C(=C\C3CCN(CC3)Cc4ccccc4)/C2=O
Acetylcholinesterase,5nau,DZ0,611,1,A,4210,CAY,108.924,126.237,185.408,12.076,3.0,C,COc1ccc2c(c1)C/C(=C\C3CCN(CC3)Cc4ccccc4)/C2=O
Acetylcholinesterase,5nau,DZ0,611,1,A,4211,CAX,109.319,127.543,185.295,3.623,2.0,C,COc1ccc2c(c1)C/C(=C\C3CCN(CC3)Cc4ccccc4)/C2=O
Acetylcholinesterase,5nau,DZ0,611,1,A,4212,OAR,108.549,128.553,185.785,2.143,1.0,O,COc1ccc2c(c1)C/C(=C\C3CCN(CC3)Cc4ccccc4)/C2=O
Acetylcholinesterase,5nau,DZ0,611,1,A,4213,CAA,107.264,128.325,186.382,30.191,0.0,C,COc1ccc2c(c1)C/C(=C\C3CCN(CC3)Cc4ccccc4)/C2=O
Acetylcholinesterase,5nau,DZ0,611,1,A,4214,CAJ,110.512,127.814,184.675,2.415,7.0,C,COc1ccc2c(c1)C/C(=C\C3CCN(CC3)Cc4ccccc4)/C2=O
Acetylcholinesterase,5nau,DZ0,611,1,A,4216,CAP,112.452,126.838,183.575,2.415,8.0,C,COc1ccc2c(c1)C/C(=C\C3CCN(CC3)Cc4ccccc4)/C2=O
Acetylcholinesterase,5nau,DZ0,611,1,A,4220,CAM,115.208,125.241,180.814,3.623,16.0,C,COc1ccc2c(c1)C/C(=C\C3CCN(CC3)Cc4ccccc4)/C2=O
Acetylcholinesterase,5nau,DZ0,611,1,A,4221,CAO,116.395,125.815,180.135,3.623,15.0,C,COc1ccc2c(c1)C/C(=C\C3CCN(CC3)Cc4ccccc4)/C2=O
Acetylcholinesterase,5nau,DZ0,611,1,A,4222,CAL,114.849,127.361,181.972,2.415,12.0,C,COc1ccc2c(c1)C/C(=C\C3CCN(CC3)Cc4ccccc4)/C2=O
Acetylcholinesterase,5nau,DZ0,611,1,A,4223,CAN,116.034,127.939,181.17,9.661,13.0,C,COc1ccc2c(c1)C/C(=C\C3CCN(CC3)Cc4ccccc4)/C2=O
Acetylcholinesterase,5nau,DZ0,611,1,A,4224,NBB,116.244,127.237,179.896,2.187,14.0,N,COc1ccc2c(c1)C/C(=C\C3CCN(CC3)Cc4ccccc4)/C2=O
Acetylcholinesterase,5nau,DZ0,611,1,A,4227,CAH,116.636,128.225,177.006,8.453,19.0,C,COc1ccc2c(c1)C/C(=C\C3CCN(CC3)Cc4ccccc4)/C2=O
Acetylcholinesterase,5nau,DZ0,611,1,A,4228,CAF,116.577,128.009,175.65,4.831,20.0,C,COc1ccc2c(c1)C/C(=C\C3CCN(CC3)Cc4ccccc4)/C2=O
Acetylcholinesterase,5nau,DZ0,611,1,A,4229,CAE,117.328,126.994,175.115,2.415,21.0,C,COc1ccc2c(c1)C/C(=C\C3CCN(CC3)Cc4ccccc4)/C2=O
Acetylcholinesterase,5ih7,OMI,604,1,A,4279,C,-51.948,28.531,-39.191,1.208,3.0,C,CN1CC(=O)c2c1cccc2
Acetylcholinesterase,5ih7,OMI,604,1,A,4280,O,-52.47,28.976,-38.187,2.143,4.0,O,CN1CC(=O)c2c1cccc2
Acetylcholinesterase,5ih7,OMI,604,1,A,4281,CAI,-52.384,28.67,-40.44,1.208,5.0,C,CN1CC(=O)c2c1cccc2
Acetylcholinesterase,5ih7,OMI,604,1,A,4282,CAE,-53.4,29.331,-40.964,8.453,10.0,C,CN1CC(=O)c2c1cccc2
Acetylcholinesterase,5ih7,OMI,604,1,A,4283,CAC,-53.635,29.302,-42.324,10.869,9.0,C,CN1CC(=O)c2c1cccc2
Acetylcholinesterase,5ih7,OMI,604,1,A,4284,CAD,-52.812,28.567,-43.151,12.076,8.0,C,CN1CC(=O)c2c1cccc2
Acetylcholinesterase,5ih7,OMI,604,1,A,4285,CAF,-51.772,27.913,-42.538,2.415,7.0,C,CN1CC(=O)c2c1cccc2
Acetylcholinesterase,5nap,DZ7,611,1,A,4216,CAK,165.108,28.245,185.268,2.415,6.0,C,COc1cc2c(cc1OC)C(=O)/C(=C/C3CCN(CC3)Cc4ccccc4)/C2
Acetylcholinesterase,5nap,DZ7,611,1,A,4217,CAY,164.181,29.081,185.878,1.208,7.0,C,COc1cc2c(cc1OC)C(=O)/C(=C/C3CCN(CC3)Cc4ccccc4)/C2
Acetylcholinesterase,5nap,DZ7,611,1,A,4218,OAS,163.01,28.72,186.523,8.572,8.0,O,COc1cc2c(cc1OC)C(=O)/C(=C/C3CCN(CC3)Cc4ccccc4)/C2
Acetylcholinesterase,5nap,DZ7,611,1,A,4219,CAB,162.579,27.342,186.388,22.945,9.0,C,COc1cc2c(cc1OC)C(=O)/C(=C/C3CCN(CC3)Cc4ccccc4)/C2
Acetylcholinesterase,5nap,DZ7,611,1,A,4220,CAX,164.466,30.412,185.873,2.415,2.0,C,COc1cc2c(cc1OC)C(=O)/C(=C/C3CCN(CC3)Cc4ccccc4)/C2
Acetylcholinesterase,5nap,DZ7,611,1,A,4221,OAR,163.477,31.083,186.478,5.357,1.0,O,COc1cc2c(cc1OC)C(=O)/C(=C/C3CCN(CC3)Cc4ccccc4)/C2
Acetylcholinesterase,5nap,DZ7,611,1,A,4222,CAA,163.651,32.504,186.519,18.114,0.0,C,COc1cc2c(cc1OC)C(=O)/C(=C/C3CCN(CC3)Cc4ccccc4)/C2
Acetylcholinesterase,5nap,DZ7,611,1,A,4223,CAJ,165.64,30.91,185.217,4.831,3.0,C,COc1cc2c(cc1OC)C(=O)/C(=C/C3CCN(CC3)Cc4ccccc4)/C2
Acetylcholinesterase,5nap,DZ7,611,1,A,4225,CAP,167.709,30.191,183.936,3.623,27.0,C,COc1cc2c(cc1OC)C(=O)/C(=C/C3CCN(CC3)Cc4ccccc4)/C2
Acetylcholinesterase,5nap,DZ7,611,1,A,4229,CAM,170.57,28.819,180.856,7.246,19.0,C,COc1cc2c(cc1OC)C(=O)/C(=C/C3CCN(CC3)Cc4ccccc4)/C2
Acetylcholinesterase,5nap,DZ7,611,1,A,4230,CAO,171.865,29.216,180.27,2.415,18.0,C,COc1cc2c(cc1OC)C(=O)/C(=C/C3CCN(CC3)Cc4ccccc4)/C2
Acetylcholinesterase,5nap,DZ7,611,1,A,4231,CAL,170.494,30.776,182.407,2.415,15.0,C,COc1cc2c(cc1OC)C(=O)/C(=C/C3CCN(CC3)Cc4ccccc4)/C2
Acetylcholinesterase,5nap,DZ7,611,1,A,4232,CAN,171.823,31.185,181.731,6.038,16.0,C,COc1cc2c(cc1OC)C(=O)/C(=C/C3CCN(CC3)Cc4ccccc4)/C2
Acetylcholinesterase,5nap,DZ7,611,1,A,4236,CAH,172.273,31.705,177.302,6.038,22.0,C,COc1cc2c(cc1OC)C(=O)/C(=C/C3CCN(CC3)Cc4ccccc4)/C2
Acetylcholinesterase,5nap,DZ7,611,1,A,4237,CAF,172.192,31.435,175.926,4.831,23.0,C,COc1cc2c(cc1OC)C(=O)/C(=C/C3CCN(CC3)Cc4ccccc4)/C2
Acetylcholinesterase,5nap,DZ7,611,1,A,4238,CAE,172.951,30.376,175.423,1.208,24.0,C,COc1cc2c(cc1OC)C(=O)/C(=C/C3CCN(CC3)Cc4ccccc4)/C2
Acetylcholinesterase,5nuu,9A5,611,1,A,4212,CAP,116.741,126.947,176.83,2.415,33.0,C,c1ccc2c(c1)c(c[nH]2)C[C@@H](C(=O)NCCCCCCNc3c4ccc(cc4nc5c3CCCC5)Cl)N
Acetylcholinesterase,5nuu,9A5,611,1,A,4213,CAQ,116.526,128.416,177.072,2.415,32.0,C,c1ccc2c(c1)c(c[nH]2)C[C@@H](C(=O)NCCCCCCNc3c4ccc(cc4nc5c3CCCC5)Cl)N
Acetylcholinesterase,5nuu,9A5,611,1,A,4214,CAU,116.16,128.604,178.566,7.246,31.0,C,c1ccc2c(c1)c(c[nH]2)C[C@@H](C(=O)NCCCCCCNc3c4ccc(cc4nc5c3CCCC5)Cl)N
Acetylcholinesterase,5nuu,9A5,611,1,A,4215,CBE,117.043,127.931,179.437,1.208,30.0,C,c1ccc2c(c1)c(c[nH]2)C[C@@H](C(=O)NCCCCCCNc3c4ccc(cc4nc5c3CCCC5)Cl)N
Acetylcholinesterase,5nuu,9A5,611,1,A,4227,CAS,114.96,129.162,181.578,3.623,19.0,C,c1ccc2c(c1)c(c[nH]2)C[C@@H](C(=O)NCCCCCCNc3c4ccc(cc4nc5c3CCCC5)Cl)N
Acetylcholinesterase,5nuu,9A5,611,1,A,4228,CAO,114.752,129.659,183.023,3.623,18.0,C,c1ccc2c(c1)c(c[nH]2)C[C@@H](C(=O)NCCCCCCNc3c4ccc(cc4nc5c3CCCC5)Cl)N
Acetylcholinesterase,5nuu,9A5,611,1,A,4229,CAM,113.234,129.54,183.268,2.415,17.0,C,c1ccc2c(c1)c(c[nH]2)C[C@@H](C(=O)NCCCCCCNc3c4ccc(cc4nc5c3CCCC5)Cl)N
Acetylcholinesterase,5nuu,9A5,611,1,A,4231,CAN,112.075,127.662,184.507,2.415,15.0,C,c1ccc2c(c1)c(c[nH]2)C[C@@H](C(=O)NCCCCCCNc3c4ccc(cc4nc5c3CCCC5)Cl)N
Acetylcholinesterase,5nuu,9A5,611,1,A,4232,CAR,111.759,126.894,185.788,7.246,14.0,C,c1ccc2c(c1)c(c[nH]2)C[C@@H](C(=O)NCCCCCCNc3c4ccc(cc4nc5c3CCCC5)Cl)N
Acetylcholinesterase,5nuu,9A5,611,1,A,4233,NAX,110.71,127.609,186.523,1.094,13.0,N,c1ccc2c(c1)c(c[nH]2)C[C@@H](C(=O)NCCCCCCNc3c4ccc(cc4nc5c3CCCC5)Cl)N
Acetylcholinesterase,5nuu,9A5,611,1,A,4234,C,109.987,127.04,187.518,1.208,11.0,C,c1ccc2c(c1)c(c[nH]2)C[C@@H](C(=O)NCCCCCCNc3c4ccc(cc4nc5c3CCCC5)Cl)N
Acetylcholinesterase,5nuu,9A5,611,1,A,4235,O,110.155,125.876,187.915,16.072,12.0,O,c1ccc2c(c1)c(c[nH]2)C[C@@H](C(=O)NCCCCCCNc3c4ccc(cc4nc5c3CCCC5)Cl)N
Acetylcholinesterase,5nuu,9A5,611,1,A,4236,CA,108.912,128.01,188.107,3.623,10.0,C,c1ccc2c(c1)c(c[nH]2)C[C@@H](C(=O)NCCCCCCNc3c4ccc(cc4nc5c3CCCC5)Cl)N
Acetylcholinesterase,5nuu,9A5,611,1,A,4238,CB,107.905,127.315,189.048,20.53,9.0,C,c1ccc2c(c1)c(c[nH]2)C[C@@H](C(=O)NCCCCCCNc3c4ccc(cc4nc5c3CCCC5)Cl)N
Acetylcholinesterase,5nuu,9A5,611,1,A,4239,CG,106.553,128.132,189.241,3.623,6.0,C,c1ccc2c(c1)c(c[nH]2)C[C@@H](C(=O)NCCCCCCNc3c4ccc(cc4nc5c3CCCC5)Cl)N
Acetylcholinesterase,5nuu,9A5,611,1,A,4240,CD2,106.33,129.477,189.391,3.623,4.0,C,c1ccc2c(c1)c(c[nH]2)C[C@@H](C(=O)NCCCCCCNc3c4ccc(cc4nc5c3CCCC5)Cl)N
Acetylcholinesterase,5nuu,9A5,611,1,A,4241,CE3,107.13,130.584,189.39,8.453,5.0,C,c1ccc2c(c1)c(c[nH]2)C[C@@H](C(=O)NCCCCCCNc3c4ccc(cc4nc5c3CCCC5)Cl)N
Acetylcholinesterase,5nuu,9A5,611,1,A,4242,CZ3,106.601,131.886,189.556,15.699,0.0,C,c1ccc2c(c1)c(c[nH]2)C[C@@H](C(=O)NCCCCCCNc3c4ccc(cc4nc5c3CCCC5)Cl)N
Acetylcholinesterase,5nuu,9A5,611,1,A,4243,CH2,105.218,132.052,189.712,24.153,1.0,C,c1ccc2c(c1)c(c[nH]2)C[C@@H](C(=O)NCCCCCCNc3c4ccc(cc4nc5c3CCCC5)Cl)N
Acetylcholinesterase,5nuu,9A5,611,1,A,4244,CZ2,104.428,130.886,189.707,12.076,2.0,C,c1ccc2c(c1)c(c[nH]2)C[C@@H](C(=O)NCCCCCCNc3c4ccc(cc4nc5c3CCCC5)Cl)N
Acetylcholinesterase,5nuu,9A5,611,1,A,4245,CE2,104.986,129.651,189.551,3.623,3.0,C,c1ccc2c(c1)c(c[nH]2)C[C@@H](C(=O)NCCCCCCNc3c4ccc(cc4nc5c3CCCC5)Cl)N
Acetylcholinesterase,5nuu,9A5,611,1,A,4246,NE1,104.423,128.431,189.518,13.123,8.0,N,c1ccc2c(c1)c(c[nH]2)C[C@@H](C(=O)NCCCCCCNc3c4ccc(cc4nc5c3CCCC5)Cl)N
Acetylcholinesterase,5nuu,9A5,611,1,A,4247,CD1,105.372,127.506,189.328,24.153,7.0,C,c1ccc2c(c1)c(c[nH]2)C[C@@H](C(=O)NCCCCCCNc3c4ccc(cc4nc5c3CCCC5)Cl)N
Acetylcholinesterase,6euc,RM0,604,1,A,4320,O1,61.569,160.788,188.296,16.072,14.0,O,c1cc(c(nc1CCCCCN2CCOCC2)/C=N/O)O
Acetylcholinesterase,6euc,RM0,604,1,A,4321,C2,61.467,162.157,188.444,32.606,13.0,C,c1cc(c(nc1CCCCCN2CCOCC2)/C=N/O)O
Acetylcholinesterase,6euc,RM0,604,1,A,4322,C3,60.843,162.834,187.218,18.114,12.0,C,c1cc(c(nc1CCCCCN2CCOCC2)/C=N/O)O
Acetylcholinesterase,6euc,RM0,604,1,A,4323,N4,59.643,162.27,186.826,4.374,11.0,N,c1cc(c(nc1CCCCCN2CCOCC2)/C=N/O)O
Acetylcholinesterase,6euc,RM0,604,1,A,4324,C5,59.696,160.887,186.764,2.415,16.0,C,c1cc(c(nc1CCCCCN2CCOCC2)/C=N/O)O
Acetylcholinesterase,6euc,RM0,604,1,A,4325,C6,60.336,160.238,187.999,19.322,15.0,C,c1cc(c(nc1CCCCCN2CCOCC2)/C=N/O)O
Acetylcholinesterase,6euc,RM0,604,1,A,4326,C7,59.306,162.726,185.683,3.623,10.0,C,c1cc(c(nc1CCCCCN2CCOCC2)/C=N/O)O
Acetylcholinesterase,6euc,RM0,604,1,A,4327,C8,57.779,162.721,185.497,12.076,9.0,C,c1cc(c(nc1CCCCCN2CCOCC2)/C=N/O)O
Acetylcholinesterase,6euc,RM0,604,1,A,4328,C9,57.399,163.392,184.174,4.831,8.0,C,c1cc(c(nc1CCCCCN2CCOCC2)/C=N/O)O
Acetylcholinesterase,6euc,RM0,604,1,A,4329,C10,55.905,163.595,183.902,6.038,7.0,C,c1cc(c(nc1CCCCCN2CCOCC2)/C=N/O)O
Acetylcholinesterase,6euc,RM0,604,1,A,4330,C11,55.793,164.766,182.903,8.453,6.0,C,c1cc(c(nc1CCCCCN2CCOCC2)/C=N/O)O
Acetylcholinesterase,6euc,RM0,604,1,A,4333,C12,53.77,164.422,179.79,2.415,3.0,C,c1cc(c(nc1CCCCCN2CCOCC2)/C=N/O)O
Acetylcholinesterase,6euc,RM0,604,1,A,4334,C13,52.506,164.828,180.192,4.831,2.0,C,c1cc(c(nc1CCCCCN2CCOCC2)/C=N/O)O
Acetylcholinesterase,6euc,RM0,604,1,A,4335,C14,52.265,165.231,181.509,1.208,1.0,C,c1cc(c(nc1CCCCCN2CCOCC2)/C=N/O)O
Acetylcholinesterase,6euc,RM0,604,1,A,4336,C15,53.34,165.208,182.409,1.208,0.0,C,c1cc(c(nc1CCCCCN2CCOCC2)/C=N/O)O
Acetylcholinesterase,6euc,RM0,604,1,A,4337,O16,51.463,164.829,179.258,6.429,20.0,O,c1cc(c(nc1CCCCCN2CCOCC2)/C=N/O)O
Acetylcholinesterase,6euc,RM0,604,1,A,4338,C17,54.015,163.987,178.341,4.831,17.0,C,c1cc(c(nc1CCCCCN2CCOCC2)/C=N/O)O
Acetylcholinesterase,6euc,RM0,604,1,A,4339,N18,52.782,164.106,177.569,7.655,18.0,N,c1cc(c(nc1CCCCCN2CCOCC2)/C=N/O)O
Acetylcholinesterase,6euc,RM0,604,1,A,4340,O19,52.989,164.275,176.163,6.429,19.0,O,c1cc(c(nc1CCCCCN2CCOCC2)/C=N/O)O
Acetylcholinesterase,6ewk,RM0,604,1,A,4320,O1,61.569,160.788,188.296,16.072,14.0,O,c1cc(c(nc1CCCCCN2CCOCC2)/C=N/O)O
Acetylcholinesterase,6ewk,RM0,604,1,A,4321,C2,61.467,162.157,188.444,32.606,13.0,C,c1cc(c(nc1CCCCCN2CCOCC2)/C=N/O)O
Acetylcholinesterase,6ewk,RM0,604,1,A,4322,C3,60.843,162.834,187.218,18.114,12.0,C,c1cc(c(nc1CCCCCN2CCOCC2)/C=N/O)O
Acetylcholinesterase,6ewk,RM0,604,1,A,4323,N4,59.643,162.27,186.826,4.374,11.0,N,c1cc(c(nc1CCCCCN2CCOCC2)/C=N/O)O
Acetylcholinesterase,6ewk,RM0,604,1,A,4324,C5,59.696,160.887,186.764,2.415,16.0,C,c1cc(c(nc1CCCCCN2CCOCC2)/C=N/O)O
Acetylcholinesterase,6ewk,RM0,604,1,A,4325,C6,60.336,160.238,187.999,19.322,15.0,C,c1cc(c(nc1CCCCCN2CCOCC2)/C=N/O)O
Acetylcholinesterase,6ewk,RM0,604,1,A,4326,C7,59.306,162.726,185.683,3.623,10.0,C,c1cc(c(nc1CCCCCN2CCOCC2)/C=N/O)O
Acetylcholinesterase,6ewk,RM0,604,1,A,4327,C8,57.779,162.721,185.497,12.076,9.0,C,c1cc(c(nc1CCCCCN2CCOCC2)/C=N/O)O
Acetylcholinesterase,6ewk,RM0,604,1,A,4328,C9,57.399,163.392,184.174,4.831,8.0,C,c1cc(c(nc1CCCCCN2CCOCC2)/C=N/O)O
Acetylcholinesterase,6ewk,RM0,604,1,A,4329,C10,55.905,163.595,183.902,6.038,7.0,C,c1cc(c(nc1CCCCCN2CCOCC2)/C=N/O)O
Acetylcholinesterase,6ewk,RM0,604,1,A,4330,C11,55.793,164.766,182.903,8.453,6.0,C,c1cc(c(nc1CCCCCN2CCOCC2)/C=N/O)O
Acetylcholinesterase,6ewk,RM0,604,1,A,4333,C12,53.77,164.422,179.79,2.415,3.0,C,c1cc(c(nc1CCCCCN2CCOCC2)/C=N/O)O
Acetylcholinesterase,6ewk,RM0,604,1,A,4334,C13,52.506,164.828,180.192,4.831,2.0,C,c1cc(c(nc1CCCCCN2CCOCC2)/C=N/O)O
Acetylcholinesterase,6ewk,RM0,604,1,A,4335,C14,52.265,165.231,181.509,1.208,1.0,C,c1cc(c(nc1CCCCCN2CCOCC2)/C=N/O)O
Acetylcholinesterase,6ewk,RM0,604,1,A,4336,C15,53.34,165.208,182.409,1.208,0.0,C,c1cc(c(nc1CCCCCN2CCOCC2)/C=N/O)O
Acetylcholinesterase,6ewk,RM0,604,1,A,4337,O16,51.463,164.829,179.258,6.429,20.0,O,c1cc(c(nc1CCCCCN2CCOCC2)/C=N/O)O
Acetylcholinesterase,6ewk,RM0,604,1,A,4338,C17,54.015,163.987,178.341,4.831,17.0,C,c1cc(c(nc1CCCCCN2CCOCC2)/C=N/O)O
Acetylcholinesterase,6ewk,RM0,604,1,A,4339,N18,52.782,164.106,177.569,7.655,18.0,N,c1cc(c(nc1CCCCCN2CCOCC2)/C=N/O)O
Acetylcholinesterase,6ewk,RM0,604,1,A,4340,O19,52.989,164.275,176.163,6.429,19.0,O,c1cc(c(nc1CCCCCN2CCOCC2)/C=N/O)O
Acetylcholinesterase,6ezg,C6K,603,1,A,4273,C10,-4.975,-2.511,52.54,2.415,16.0,C,COc1c2cc[nH]c2c(cc1C(=O)CCC3CCN(CC3)Cc4ccccc4)Cl
Acetylcholinesterase,6ezg,C6K,603,1,A,4274,N12,-4.176,-3.703,54.588,1.094,18.0,N,COc1c2cc[nH]c2c(cc1C(=O)CCC3CCN(CC3)Cc4ccccc4)Cl
Acetylcholinesterase,6ezg,C6K,603,1,A,4276,C15,-1.494,-3.813,56.02,9.661,23.0,C,COc1c2cc[nH]c2c(cc1C(=O)CCC3CCN(CC3)Cc4ccccc4)Cl
Acetylcholinesterase,6ezg,C6K,603,1,A,4278,C20,-5.501,-3.697,55.086,6.038,19.0,C,COc1c2cc[nH]c2c(cc1C(=O)CCC3CCN(CC3)Cc4ccccc4)Cl
Acetylcholinesterase,6ezg,C6K,603,1,A,4279,C21,-6.42,-2.651,54.428,1.208,20.0,C,COc1c2cc[nH]c2c(cc1C(=O)CCC3CCN(CC3)Cc4ccccc4)Cl
Acetylcholinesterase,6ezg,C6K,603,1,A,4281,C28,-9.778,4.685,50.593,12.076,4.0,C,COc1c2cc[nH]c2c(cc1C(=O)CCC3CCN(CC3)Cc4ccccc4)Cl
Acetylcholinesterase,6ezg,C6K,603,1,A,4282,C01,-7.345,1.925,48.514,1.208,0.0,C,COc1c2cc[nH]c2c(cc1C(=O)CCC3CCN(CC3)Cc4ccccc4)Cl
Acetylcholinesterase,6ezg,C6K,603,1,A,4287,O06,-5.469,1.146,51.006,1.071,12.0,O,COc1c2cc[nH]c2c(cc1C(=O)CCC3CCN(CC3)Cc4ccccc4)Cl
Acetylcholinesterase,6ezg,C6K,603,1,A,4291,C11,-4.129,-3.643,53.111,2.415,17.0,C,COc1c2cc[nH]c2c(cc1C(=O)CCC3CCN(CC3)Cc4ccccc4)Cl
Acetylcholinesterase,6ezg,C6K,603,1,A,4293,C16,-0.113,-3.659,56.071,2.415,24.0,C,COc1c2cc[nH]c2c(cc1C(=O)CCC3CCN(CC3)Cc4ccccc4)Cl
Acetylcholinesterase,6ezg,C6K,603,1,A,4294,C18,0.101,-5.022,54.102,1.208,26.0,C,COc1c2cc[nH]c2c(cc1C(=O)CCC3CCN(CC3)Cc4ccccc4)Cl
Acetylcholinesterase,6ezg,C6K,603,1,A,4297,CL,-10.416,1.753,54.588,6.234,28.0,Cl,COc1c2cc[nH]c2c(cc1C(=O)CCC3CCN(CC3)Cc4ccccc4)Cl
Acetylcholinesterase,6ezg,C6K,603,1,A,4299,N26,-10.883,4.189,52.465,12.029,6.0,N,COc1c2cc[nH]c2c(cc1C(=O)CCC3CCN(CC3)Cc4ccccc4)Cl
Acetylcholinesterase,6ezg,C6K,603,1,A,4300,C27,-10.811,5.054,51.419,30.191,5.0,C,COc1c2cc[nH]c2c(cc1C(=O)CCC3CCN(CC3)Cc4ccccc4)Cl
Acetylcholinesterase,6ezg,C6K,603,1,A,4301,C29,-9.178,3.514,51.179,1.208,3.0,C,COc1c2cc[nH]c2c(cc1C(=O)CCC3CCN(CC3)Cc4ccccc4)Cl
Acetylcholinesterase,6ezg,C6K,603,1,B,4274,N12,4.492,-4.562,-6.488,1.094,18.0,N,COc1c2cc[nH]c2c(cc1C(=O)CCC3CCN(CC3)Cc4ccccc4)Cl
Acetylcholinesterase,6ezg,C6K,603,1,B,4276,C15,1.768,-5.02,-7.839,8.453,23.0,C,COc1c2cc[nH]c2c(cc1C(=O)CCC3CCN(CC3)Cc4ccccc4)Cl
Acetylcholinesterase,6ezg,C6K,603,1,B,4278,C20,3.931,-4.257,-5.224,8.453,19.0,C,COc1c2cc[nH]c2c(cc1C(=O)CCC3CCN(CC3)Cc4ccccc4)Cl
Acetylcholinesterase,6ezg,C6K,603,1,B,4280,C22,8.61,2.193,-2.697,4.831,9.0,C,COc1c2cc[nH]c2c(cc1C(=O)CCC3CCN(CC3)Cc4ccccc4)Cl
Acetylcholinesterase,6ezg,C6K,603,1,B,4281,C28,11.025,2.797,-6.185,3.623,4.0,C,COc1c2cc[nH]c2c(cc1C(=O)CCC3CCN(CC3)Cc4ccccc4)Cl
Acetylcholinesterase,6ezg,C6K,603,1,B,4282,C01,9.979,0.029,-6.842,2.415,0.0,C,COc1c2cc[nH]c2c(cc1C(=O)CCC3CCN(CC3)Cc4ccccc4)Cl
Acetylcholinesterase,6ezg,C6K,603,1,B,4286,C05,7.385,0.155,-3.518,1.208,11.0,C,COc1c2cc[nH]c2c(cc1C(=O)CCC3CCN(CC3)Cc4ccccc4)Cl
Acetylcholinesterase,6ezg,C6K,603,1,B,4287,O06,6.411,0.339,-2.786,1.071,12.0,O,COc1c2cc[nH]c2c(cc1C(=O)CCC3CCN(CC3)Cc4ccccc4)Cl
Acetylcholinesterase,6ezg,C6K,603,1,B,4290,C09,5.924,-2.948,-4.726,1.208,15.0,C,COc1c2cc[nH]c2c(cc1C(=O)CCC3CCN(CC3)Cc4ccccc4)Cl
Acetylcholinesterase,6ezg,C6K,603,1,B,4291,C11,5.941,-4.367,-6.716,7.246,17.0,C,COc1c2cc[nH]c2c(cc1C(=O)CCC3CCN(CC3)Cc4ccccc4)Cl
Acetylcholinesterase,6ezg,C6K,603,1,B,4293,C16,0.373,-5.048,-7.813,2.415,24.0,C,COc1c2cc[nH]c2c(cc1C(=O)CCC3CCN(CC3)Cc4ccccc4)Cl
Acetylcholinesterase,6ezg,C6K,603,1,B,4294,C18,0.438,-6.429,-5.842,1.208,26.0,C,COc1c2cc[nH]c2c(cc1C(=O)CCC3CCN(CC3)Cc4ccccc4)Cl
Acetylcholinesterase,6ezg,C6K,603,1,B,4296,C23,9.585,3.247,-2.875,3.623,8.0,C,COc1c2cc[nH]c2c(cc1C(=O)CCC3CCN(CC3)Cc4ccccc4)Cl
Acetylcholinesterase,6ezg,C6K,603,1,B,4297,CL,9.871,4.418,-1.644,23.691,28.0,Cl,COc1c2cc[nH]c2c(cc1C(=O)CCC3CCN(CC3)Cc4ccccc4)Cl
Acetylcholinesterase,6ezg,C6K,603,1,B,4298,C25,10.351,3.336,-4.136,3.623,7.0,C,COc1c2cc[nH]c2c(cc1C(=O)CCC3CCN(CC3)Cc4ccccc4)Cl
Acetylcholinesterase,6ezg,C6K,603,1,B,4299,N26,11.309,4.228,-4.544,10.936,6.0,N,COc1c2cc[nH]c2c(cc1C(=O)CCC3CCN(CC3)Cc4ccccc4)Cl
Acetylcholinesterase,6ezg,C6K,603,1,B,4300,C27,11.721,3.899,-5.786,22.945,5.0,C,COc1c2cc[nH]c2c(cc1C(=O)CCC3CCN(CC3)Cc4ccccc4)Cl
Acetylcholinesterase,6ezg,C6K,603,1,B,4301,C29,10.142,2.428,-5.12,3.623,3.0,C,COc1c2cc[nH]c2c(cc1C(=O)CCC3CCN(CC3)Cc4ccccc4)Cl
Acetylcholinesterase,6ezh,C6H,603,1,B,4294,C11,3.906,-4.097,-4.913,6.038,17.0,C,COc1c2cc[nH]c2c(cc1C(=O)CCC3CCN(CC3)CC4CCCCC4)Cl
Acetylcholinesterase,6ezh,C6H,603,1,B,4297,C14,2.089,-5.029,-6.554,1.208,22.0,C,COc1c2cc[nH]c2c(cc1C(=O)CCC3CCN(CC3)CC4CCCCC4)Cl
Acetylcholinesterase,6ezh,C6H,603,1,B,4298,C15,1.322,-4.338,-7.672,6.038,23.0,C,COc1c2cc[nH]c2c(cc1C(=O)CCC3CCN(CC3)CC4CCCCC4)Cl
Acetylcholinesterase,6ezh,C6H,603,1,B,4299,C16,-0.176,-4.236,-7.36,2.415,24.0,C,COc1c2cc[nH]c2c(cc1C(=O)CCC3CCN(CC3)CC4CCCCC4)Cl
Acetylcholinesterase,6ezh,C6H,603,1,B,4303,C20,5.351,-3.853,-6.877,7.246,19.0,C,COc1c2cc[nH]c2c(cc1C(=O)CCC3CCN(CC3)CC4CCCCC4)Cl
Acetylcholinesterase,6ezh,C6H,603,1,B,4305,C22,8.46,2.715,-2.553,2.415,9.0,C,COc1c2cc[nH]c2c(cc1C(=O)CCC3CCN(CC3)CC4CCCCC4)Cl
Acetylcholinesterase,6ezh,C6H,603,1,B,4306,C23,9.474,3.657,-2.892,1.208,8.0,C,COc1c2cc[nH]c2c(cc1C(=O)CCC3CCN(CC3)CC4CCCCC4)Cl
Acetylcholinesterase,6ezh,C6H,603,1,B,4307,CL,9.791,5.012,-1.825,26.185,28.0,Cl,COc1c2cc[nH]c2c(cc1C(=O)CCC3CCN(CC3)CC4CCCCC4)Cl
Acetylcholinesterase,6ezh,C6H,603,1,B,4308,C25,10.221,3.483,-4.1,2.415,7.0,C,COc1c2cc[nH]c2c(cc1C(=O)CCC3CCN(CC3)CC4CCCCC4)Cl
Acetylcholinesterase,6ezh,C6H,603,1,B,4309,N26,11.238,4.233,-4.655,14.217,6.0,N,COc1c2cc[nH]c2c(cc1C(=O)CCC3CCN(CC3)CC4CCCCC4)Cl
Acetylcholinesterase,6ezh,C6H,603,1,B,4310,C27,11.647,3.7,-5.785,22.945,5.0,C,COc1c2cc[nH]c2c(cc1C(=O)CCC3CCN(CC3)CC4CCCCC4)Cl
Acetylcholinesterase,6ezh,C6H,603,1,B,4311,C28,10.881,2.53,-6.034,6.038,4.0,C,COc1c2cc[nH]c2c(cc1C(=O)CCC3CCN(CC3)CC4CCCCC4)Cl
Acetylcholinesterase,6ezh,C6H,603,1,B,4312,C29,9.944,2.391,-4.924,1.208,3.0,C,COc1c2cc[nH]c2c(cc1C(=O)CCC3CCN(CC3)CC4CCCCC4)Cl
Acetylcholinesterase,6ezh,C6H,603,1,A,4273,C01,-8.339,1.247,55.123,1.208,0.0,C,COc1c2cc[nH]c2c(cc1C(=O)CCC3CCN(CC3)CC4CCCCC4)Cl
Acetylcholinesterase,6ezh,C6H,603,1,A,4278,O06,-6.106,0.81,50.981,1.071,12.0,O,COc1c2cc[nH]c2c(cc1C(=O)CCC3CCN(CC3)CC4CCCCC4)Cl
Acetylcholinesterase,6ezh,C6H,603,1,A,4283,C11,-5.196,-3.206,55.1,9.661,17.0,C,COc1c2cc[nH]c2c(cc1C(=O)CCC3CCN(CC3)CC4CCCCC4)Cl
Acetylcholinesterase,6ezh,C6H,603,1,A,4285,C13,-3.011,-3.451,55.115,2.415,21.0,C,COc1c2cc[nH]c2c(cc1C(=O)CCC3CCN(CC3)CC4CCCCC4)Cl
Acetylcholinesterase,6ezh,C6H,603,1,A,4286,C14,-1.625,-4.037,54.777,2.415,22.0,C,COc1c2cc[nH]c2c(cc1C(=O)CCC3CCN(CC3)CC4CCCCC4)Cl
Acetylcholinesterase,6ezh,C6H,603,1,A,4287,C15,-0.644,-3.527,55.824,8.453,23.0,C,COc1c2cc[nH]c2c(cc1C(=O)CCC3CCN(CC3)CC4CCCCC4)Cl
Acetylcholinesterase,6ezh,C6H,603,1,A,4293,C21,-4.115,-2.838,52.433,2.415,20.0,C,COc1c2cc[nH]c2c(cc1C(=O)CCC3CCN(CC3)CC4CCCCC4)Cl
Acetylcholinesterase,6ezh,C6H,603,1,A,4294,C22,-8.426,2.726,50.892,3.623,9.0,C,COc1c2cc[nH]c2c(cc1C(=O)CCC3CCN(CC3)CC4CCCCC4)Cl
Acetylcholinesterase,6ezh,C6H,603,1,A,4296,CL,-9.577,4.96,49.726,22.444,28.0,Cl,COc1c2cc[nH]c2c(cc1C(=O)CCC3CCN(CC3)CC4CCCCC4)Cl
Acetylcholinesterase,6ezh,C6H,603,1,A,4297,C25,-10.23,3.78,52.155,1.208,7.0,C,COc1c2cc[nH]c2c(cc1C(=O)CCC3CCN(CC3)CC4CCCCC4)Cl
Acetylcholinesterase,6ezh,C6H,603,1,A,4298,N26,-11.224,4.634,52.535,12.029,6.0,N,COc1c2cc[nH]c2c(cc1C(=O)CCC3CCN(CC3)CC4CCCCC4)Cl
Acetylcholinesterase,6ezh,C6H,603,1,A,4299,C27,-11.714,4.276,53.711,22.945,5.0,C,COc1c2cc[nH]c2c(cc1C(=O)CCC3CCN(CC3)CC4CCCCC4)Cl
Acetylcholinesterase,6ezh,C6H,603,1,A,4300,C28,-11.04,3.113,54.182,7.246,4.0,C,COc1c2cc[nH]c2c(cc1C(=O)CCC3CCN(CC3)CC4CCCCC4)Cl
Acetylcholinesterase,6fld,1PG,605,1,A,4331,C2,-0.864,136.775,153.285,3.623,15.0,C,COCCOCCOCCOCCOCCO
Acetylcholinesterase,6fld,1PG,605,1,A,4332,O1,0.443,136.588,153.798,8.572,16.0,O,COCCOCCOCCOCCOCCO
Acetylcholinesterase,6fld,1PG,605,1,A,4335,C4,-1.239,137.801,156.26,4.831,12.0,C,COCCOCCOCCOCCOCCO
Acetylcholinesterase,6fld,1PG,605,1,A,4338,C6,-0.967,136.974,158.896,12.076,9.0,C,COCCOCCOCCOCCOCCO
Acetylcholinesterase,6fld,1PG,605,1,A,4339,C7,-0.883,136.784,160.456,3.623,8.0,C,COCCOCCOCCOCCOCCO
Acetylcholinesterase,6fld,1PG,605,1,A,4340,O4,0.05,135.729,160.675,4.286,7.0,O,COCCOCCOCCOCCOCCO
Acetylcholinesterase,6fld,1PG,605,1,A,4342,C9,2.313,134.99,161.064,8.453,5.0,C,COCCOCCOCCOCCOCCO
Acetylcholinesterase,6fld,1PG,605,1,A,4343,O5,3.596,135.423,160.55,3.214,4.0,O,COCCOCCOCCOCCOCCO
Acetylcholinesterase,6fld,1PG,605,1,A,4344,C10,3.742,135.232,159.119,7.246,3.0,C,COCCOCCOCCOCCOCCO
Acetylcholinesterase,6fld,1PG,605,1,A,4345,C11,5.069,135.983,158.641,6.038,2.0,C,COCCOCCOCCOCCOCCO
Acetylcholinesterase,6fld,1PG,605,1,A,4346,O6,4.714,137.325,158.293,3.214,1.0,O,COCCOCCOCCOCCOCCO
Acetylcholinesterase,6fld,DQ5,604,1,A,4302,C02,1.742,126.64,166.177,4.831,15.0,C,c1ccc2c(c1)c(c3c(n2)CCCC3)NCCCCc4ccc(c(n4)/C=N/O)O
Acetylcholinesterase,6fld,DQ5,604,1,A,4303,C03,0.598,126.856,167.197,25.36,16.0,C,c1ccc2c(c1)c(c3c(n2)CCCC3)NCCCCc4ccc(c(n4)/C=N/O)O
Acetylcholinesterase,6fld,DQ5,604,1,A,4304,C04,0.224,128.368,167.273,8.453,17.0,C,c1ccc2c(c1)c(c3c(n2)CCCC3)NCCCCc4ccc(c(n4)/C=N/O)O
Acetylcholinesterase,6fld,DQ5,604,1,A,4305,C05,0.898,129.076,168.472,13.284,18.0,C,c1ccc2c(c1)c(c3c(n2)CCCC3)NCCCCc4ccc(c(n4)/C=N/O)O
Acetylcholinesterase,6fld,DQ5,604,1,A,4306,C06,2.419,129.247,168.269,2.415,19.0,C,c1ccc2c(c1)c(c3c(n2)CCCC3)NCCCCc4ccc(c(n4)/C=N/O)O
Acetylcholinesterase,6fld,DQ5,604,1,A,4307,C07,3.29,128.56,169.101,25.36,20.0,C,c1ccc2c(c1)c(c3c(n2)CCCC3)NCCCCc4ccc(c(n4)/C=N/O)O
Acetylcholinesterase,6fld,DQ5,604,1,A,4308,C08,4.651,128.704,168.961,24.153,21.0,C,c1ccc2c(c1)c(c3c(n2)CCCC3)NCCCCc4ccc(c(n4)/C=N/O)O
Acetylcholinesterase,6fld,DQ5,604,1,A,4309,C09,5.139,129.519,167.98,1.208,22.0,C,c1ccc2c(c1)c(c3c(n2)CCCC3)NCCCCc4ccc(c(n4)/C=N/O)O
Acetylcholinesterase,6fld,DQ5,604,1,A,4310,C11,4.278,130.194,167.15,1.208,23.0,C,c1ccc2c(c1)c(c3c(n2)CCCC3)NCCCCc4ccc(c(n4)/C=N/O)O
Acetylcholinesterase,6fld,DQ5,604,1,A,4314,C18,4.709,126.65,165.613,3.623,5.0,C,c1ccc2c(c1)c(c3c(n2)CCCC3)NCCCCc4ccc(c(n4)/C=N/O)O
Acetylcholinesterase,6fld,DQ5,604,1,A,4315,C19,6.142,126.136,165.474,15.699,0.0,C,c1ccc2c(c1)c(c3c(n2)CCCC3)NCCCCc4ccc(c(n4)/C=N/O)O
Acetylcholinesterase,6fld,DQ5,604,1,A,4316,C20,7.161,127.212,165.187,2.415,1.0,C,c1ccc2c(c1)c(c3c(n2)CCCC3)NCCCCc4ccc(c(n4)/C=N/O)O
Acetylcholinesterase,6fld,DQ5,604,1,A,4320,C25,3.521,130.923,161.905,3.623,10.0,C,c1ccc2c(c1)c(c3c(n2)CCCC3)NCCCCc4ccc(c(n4)/C=N/O)O
Acetylcholinesterase,6fld,DQ5,604,1,A,4321,C26,2.224,131.364,161.657,7.246,11.0,C,c1ccc2c(c1)c(c3c(n2)CCCC3)NCCCCc4ccc(c(n4)/C=N/O)O
Acetylcholinesterase,6fld,DQ5,604,1,A,4322,C27,1.169,130.762,162.317,1.208,12.0,C,c1ccc2c(c1)c(c3c(n2)CCCC3)NCCCCc4ccc(c(n4)/C=N/O)O
Acetylcholinesterase,6fld,DQ5,604,1,A,4323,C28,1.406,129.722,163.23,1.208,13.0,C,c1ccc2c(c1)c(c3c(n2)CCCC3)NCCCCc4ccc(c(n4)/C=N/O)O
Acetylcholinesterase,6fld,DQ5,604,1,A,4327,N15,2.92,130.074,167.279,1.094,24.0,N,c1ccc2c(c1)c(c3c(n2)CCCC3)NCCCCc4ccc(c(n4)/C=N/O)O
Acetylcholinesterase,6fld,DQ5,604,1,A,4329,O10,6.521,129.725,167.726,13.929,28.0,O,c1ccc2c(c1)c(c3c(n2)CCCC3)NCCCCc4ccc(c(n4)/C=N/O)O
Acetylcholinesterase,6fld,DQ5,604,1,A,4330,O14,5.174,132.581,164.458,3.214,27.0,O,c1ccc2c(c1)c(c3c(n2)CCCC3)NCCCCc4ccc(c(n4)/C=N/O)O
Acetylcholinesterase,6fqn,E2W,601,1,A,4273,C1,49.074,-29.074,27.051,2.415,0.0,C,c1cc2c(cc1Cl)c(c3c(n2)CCCC3)NCCCCc4ccc(c(n4)CNO)O
Acetylcholinesterase,6fqn,E2W,601,1,A,4275,C11,55.392,-30.802,25.975,1.208,14.0,C,c1cc2c(cc1Cl)c(c3c(n2)CCCC3)NCCCCc4ccc(c(n4)CNO)O
Acetylcholinesterase,6fqn,E2W,601,1,A,4276,C12,55.86,-32.069,25.25,3.623,13.0,C,c1cc2c(cc1Cl)c(c3c(n2)CCCC3)NCCCCc4ccc(c(n4)CNO)O
Acetylcholinesterase,6fqn,E2W,601,1,A,4277,C13,54.865,-32.642,24.227,6.038,12.0,C,c1cc2c(cc1Cl)c(c3c(n2)CCCC3)NCCCCc4ccc(c(n4)CNO)O
Acetylcholinesterase,6fqn,E2W,601,1,A,4278,C14,53.44,-32.716,24.663,9.661,11.0,C,c1cc2c(cc1Cl)c(c3c(n2)CCCC3)NCCCCc4ccc(c(n4)CNO)O
Acetylcholinesterase,6fqn,E2W,601,1,A,4279,C15,54.427,-28.033,28.849,9.661,16.0,C,c1cc2c(cc1Cl)c(c3c(n2)CCCC3)NCCCCc4ccc(c(n4)CNO)O
Acetylcholinesterase,6fqn,E2W,601,1,A,4280,C16,55.951,-28.179,29.179,9.661,17.0,C,c1cc2c(cc1Cl)c(c3c(n2)CCCC3)NCCCCc4ccc(c(n4)CNO)O
Acetylcholinesterase,6fqn,E2W,601,1,A,4281,C17,56.293,-28.725,30.6,28.983,18.0,C,c1cc2c(cc1Cl)c(c3c(n2)CCCC3)NCCCCc4ccc(c(n4)CNO)O
Acetylcholinesterase,6fqn,E2W,601,1,A,4282,C18,55.878,-30.127,30.995,7.246,19.0,C,c1cc2c(cc1Cl)c(c3c(n2)CCCC3)NCCCCc4ccc(c(n4)CNO)O
Acetylcholinesterase,6fqn,E2W,601,1,A,4283,C19,54.355,-30.392,30.859,3.623,20.0,C,c1cc2c(cc1Cl)c(c3c(n2)CCCC3)NCCCCc4ccc(c(n4)CNO)O
Acetylcholinesterase,6fqn,E2W,601,1,A,4285,C20,53.412,-29.758,31.693,24.153,21.0,C,c1cc2c(cc1Cl)c(c3c(n2)CCCC3)NCCCCc4ccc(c(n4)CNO)O
Acetylcholinesterase,6fqn,E2W,601,1,A,4286,C21,52.047,-30.036,31.496,26.568,22.0,C,c1cc2c(cc1Cl)c(c3c(n2)CCCC3)NCCCCc4ccc(c(n4)CNO)O
Acetylcholinesterase,6fqn,E2W,601,1,A,4287,C22,51.686,-30.918,30.484,1.208,23.0,C,c1cc2c(cc1Cl)c(c3c(n2)CCCC3)NCCCCc4ccc(c(n4)CNO)O
Acetylcholinesterase,6fqn,E2W,601,1,A,4300,O25,50.966,-33.869,27.314,4.286,28.0,O,c1cc2c(cc1Cl)c(c3c(n2)CCCC3)NCCCCc4ccc(c(n4)CNO)O
Acetylcholinesterase,6fqn,E2W,601,1,A,4301,O26,50.322,-31.231,30.241,13.929,29.0,O,c1cc2c(cc1Cl)c(c3c(n2)CCCC3)NCCCCc4ccc(c(n4)CNO)O
Acetylcholinesterase,6fqn,E2W,601,1,A,4302,CL2,49.092,-26.793,28.567,41.148,6.0,Cl,c1cc2c(cc1Cl)c(c3c(n2)CCCC3)NCCCCc4ccc(c(n4)CNO)O
Acetylcholinesterase,6g17,NTJ,601,1,A,4312,C2,-48.528,34.729,-38.968,1.208,7.0,C,CCO[P@H](=O)N(C)C
Acetylcholinesterase,6g17,NTJ,601,1,A,4314,O2,-50.734,31.825,-39.811,2.143,2.0,O,CCO[P@H](=O)N(C)C
Acetylcholinesterase,6g17,NTJ,601,1,A,4316,C4,-52.647,31.886,-41.389,22.945,0.0,C,CCO[P@H](=O)N(C)C
Acetylcholinesterase,6g1u,E1K,607,1,A,4367,CAG,1.585,-4.167,19.9,2.415,3.0,C,C[n+]1c2cc(ccc2c(c3c1CCCC3)N)Cl
Acetylcholinesterase,6g1u,E1K,607,1,A,4368,CAH,0.248,-4.352,20.24,1.208,4.0,C,C[n+]1c2cc(ccc2c(c3c1CCCC3)N)Cl
Acetylcholinesterase,6g1u,E1K,607,1,A,4375,CAP,4.245,-3.747,19.191,4.831,0.0,C,C[n+]1c2cc(ccc2c(c3c1CCCC3)N)Cl
Acetylcholinesterase,6g1u,E1K,607,1,A,4378,CLA,-0.95,-3.298,19.641,1.247,16.0,Cl,C[n+]1c2cc(ccc2c(c3c1CCCC3)N)Cl
Acetylcholinesterase,6g1u,E1K,608,1,A,4379,CAA,-0.239,-3.283,18.904,1.208,13.0,C,C[n+]1c2cc(ccc2c(c3c1CCCC3)N)Cl
Acetylcholinesterase,6g1u,E1K,608,1,A,4391,CAN,1.26,-3.293,18.679,2.415,14.0,C,C[n+]1c2cc(ccc2c(c3c1CCCC3)N)Cl
Acetylcholinesterase,6g1u,E1K,608,1,A,4394,NAO,4.003,-3.538,18.491,7.655,15.0,N,C[n+]1c2cc(ccc2c(c3c1CCCC3)N)Cl
Acetylcholinesterase,6g1u,E1K,609,1,A,4397,CAA,13.06,9.356,23.959,13.284,5.0,C,C[n+]1c2cc(ccc2c(c3c1CCCC3)N)Cl
Acetylcholinesterase,6g1u,E1K,609,1,A,4399,CAB,12.97,9.372,22.444,10.869,4.0,C,C[n+]1c2cc(ccc2c(c3c1CCCC3)N)Cl
Acetylcholinesterase,6g1u,E1K,609,1,A,4401,CAC,12.922,7.944,21.927,9.661,3.0,C,C[n+]1c2cc(ccc2c(c3c1CCCC3)N)Cl
Acetylcholinesterase,6g1u,E1K,609,1,A,4411,CAI,8.85,3.452,23.828,13.284,13.0,C,C[n+]1c2cc(ccc2c(c3c1CCCC3)N)Cl
Acetylcholinesterase,6g1u,E1K,609,1,A,4413,CAJ,9.234,4.622,24.489,3.623,14.0,C,C[n+]1c2cc(ccc2c(c3c1CCCC3)N)Cl
Acetylcholinesterase,6g1u,E1K,609,1,A,4421,CAN,11.845,8.674,24.557,6.038,,,C[n+]1c2cc(ccc2c(c3c1CCCC3)N)Cl
Acetylcholinesterase,6g1u,E1K,609,1,A,4423,CAP,12.081,5.603,20.7,7.246,,,C[n+]1c2cc(ccc2c(c3c1CCCC3)N)Cl
Acetylcholinesterase,6g1u,E1K,609,1,A,4427,NAO,10.089,6.982,25.685,4.374,,,C[n+]1c2cc(ccc2c(c3c1CCCC3)N)Cl
Acetylcholinesterase,6g1u,E1K,609,1,A,4429,CLA,8.928,1.695,21.71,8.728,,,C[n+]1c2cc(ccc2c(c3c1CCCC3)N)Cl
Acetylcholinesterase,6g1u,E1K,610,1,A,4430,CAA,12.476,1.481,22.268,2.415,13.0,C,C[n+]1c2cc(ccc2c(c3c1CCCC3)N)Cl
Acetylcholinesterase,6g1u,E1K,610,1,A,4431,CAB,12.421,0.999,23.674,1.208,12.0,C,C[n+]1c2cc(ccc2c(c3c1CCCC3)N)Cl
Acetylcholinesterase,6g1u,E1K,610,1,A,4432,CAC,12.121,2.16,24.604,2.415,11.0,C,C[n+]1c2cc(ccc2c(c3c1CCCC3)N)Cl
Acetylcholinesterase,6g1u,E1K,610,1,A,4433,CAD,12.977,3.23,24.37,2.415,10.0,C,C[n+]1c2cc(ccc2c(c3c1CCCC3)N)Cl
Acetylcholinesterase,6g1u,E1K,610,1,A,4434,CAF,13.88,5.252,25.151,3.623,2.0,C,C[n+]1c2cc(ccc2c(c3c1CCCC3)N)Cl
Acetylcholinesterase,6g1u,E1K,610,1,A,4435,CAG,13.962,6.207,26.156,9.661,3.0,C,C[n+]1c2cc(ccc2c(c3c1CCCC3)N)Cl
Acetylcholinesterase,6g1u,E1K,610,1,A,4436,CAH,14.786,7.306,25.984,3.623,4.0,C,C[n+]1c2cc(ccc2c(c3c1CCCC3)N)Cl
Acetylcholinesterase,6g1u,E1K,610,1,A,4437,CAI,15.533,7.447,24.824,20.53,5.0,C,C[n+]1c2cc(ccc2c(c3c1CCCC3)N)Cl
Acetylcholinesterase,6g1u,E1K,610,1,A,4438,CAJ,15.45,6.501,23.812,15.699,6.0,C,C[n+]1c2cc(ccc2c(c3c1CCCC3)N)Cl
Acetylcholinesterase,6g1u,E1K,610,1,A,4439,CAK,14.621,5.406,23.991,2.415,7.0,C,C[n+]1c2cc(ccc2c(c3c1CCCC3)N)Cl
Acetylcholinesterase,6g1u,E1K,610,1,A,4440,CAL,14.516,4.438,23.016,3.623,8.0,C,C[n+]1c2cc(ccc2c(c3c1CCCC3)N)Cl
Acetylcholinesterase,6g1u,E1K,610,1,A,4441,CAM,13.693,3.342,23.174,2.415,9.0,C,C[n+]1c2cc(ccc2c(c3c1CCCC3)N)Cl
Acetylcholinesterase,6g1u,E1K,610,1,A,4442,CAN,13.658,2.401,22.144,8.453,14.0,C,C[n+]1c2cc(ccc2c(c3c1CCCC3)N)Cl
Acetylcholinesterase,6g1u,E1K,610,1,A,4443,CAP,12.307,4.071,26.576,4.831,0.0,C,C[n+]1c2cc(ccc2c(c3c1CCCC3)N)Cl
Acetylcholinesterase,6g1u,E1K,610,1,A,4445,NAO,15.219,4.561,21.888,29.527,15.0,N,C[n+]1c2cc(ccc2c(c3c1CCCC3)N)Cl
Acetylcholinesterase,6g1u,E1K,610,1,A,4446,CLA,14.889,8.483,27.199,38.654,16.0,Cl,C[n+]1c2cc(ccc2c(c3c1CCCC3)N)Cl
Acetylcholinesterase,6g1u,E1K,605,1,B,4348,CAG,1.611,-58.378,-7.395,1.208,3.0,C,C[n+]1c2cc(ccc2c(c3c1CCCC3)N)Cl
Acetylcholinesterase,6g1u,E1K,605,1,B,4349,CAH,0.273,-58.551,-7.071,1.208,4.0,C,C[n+]1c2cc(ccc2c(c3c1CCCC3)N)Cl
Acetylcholinesterase,6g1u,E1K,605,1,B,4356,CAP,4.269,-57.967,-8.081,4.831,0.0,C,C[n+]1c2cc(ccc2c(c3c1CCCC3)N)Cl
Acetylcholinesterase,6g1u,E1K,605,1,B,4359,CLA,-0.871,-57.502,-7.71,1.247,16.0,Cl,C[n+]1c2cc(ccc2c(c3c1CCCC3)N)Cl
Acetylcholinesterase,6g1u,E1K,606,1,B,4360,CAA,-0.285,-57.55,-8.38,1.208,13.0,C,C[n+]1c2cc(ccc2c(c3c1CCCC3)N)Cl
Acetylcholinesterase,6g1u,E1K,606,1,B,4372,CAN,1.226,-57.457,-8.52,3.623,14.0,C,C[n+]1c2cc(ccc2c(c3c1CCCC3)N)Cl
Acetylcholinesterase,6g1u,E1K,606,1,B,4375,NAO,3.986,-57.711,-8.767,7.655,15.0,N,C[n+]1c2cc(ccc2c(c3c1CCCC3)N)Cl
Acetylcholinesterase,6g1u,E1K,607,1,B,4377,CAA,9.218,-51.592,-4.25,13.284,,,C[n+]1c2cc(ccc2c(c3c1CCCC3)N)Cl
Acetylcholinesterase,6g1u,E1K,607,1,B,4379,CAB,9.105,-51.236,-5.719,4.831,,,C[n+]1c2cc(ccc2c(c3c1CCCC3)N)Cl
Acetylcholinesterase,6g1u,E1K,607,1,B,4387,CAG,12.478,-46.308,-5.145,3.623,,,C[n+]1c2cc(ccc2c(c3c1CCCC3)N)Cl
Acetylcholinesterase,6g1u,E1K,607,1,B,4391,CAI,12.148,-45.157,-3.041,7.246,6.0,C,C[n+]1c2cc(ccc2c(c3c1CCCC3)N)Cl
Acetylcholinesterase,6g1u,E1K,607,1,B,4393,CAJ,11.29,-46.17,-2.629,4.831,,,C[n+]1c2cc(ccc2c(c3c1CCCC3)N)Cl
Acetylcholinesterase,6g1u,E1K,607,1,B,4401,CAN,9.044,-50.313,-3.471,13.284,,,C[n+]1c2cc(ccc2c(c3c1CCCC3)N)Cl
Acetylcholinesterase,6g1u,E1K,607,1,B,4403,CAP,12.006,-48.401,-6.9,9.661,,,C[n+]1c2cc(ccc2c(c3c1CCCC3)N)Cl
Acetylcholinesterase,6g1u,E1K,607,1,B,4407,NAO,9.598,-48.225,-1.907,2.187,15.0,N,C[n+]1c2cc(ccc2c(c3c1CCCC3)N)Cl
Acetylcholinesterase,6g1u,E1K,607,1,B,4409,CLA,13.784,-43.989,-4.815,32.419,16.0,Cl,C[n+]1c2cc(ccc2c(c3c1CCCC3)N)Cl
Acetylcholinesterase,6g1u,E1K,608,1,B,4411,CAA,12.76,-48.243,-0.011,2.415,13.0,C,C[n+]1c2cc(ccc2c(c3c1CCCC3)N)Cl
Acetylcholinesterase,6g1u,E1K,608,1,B,4412,CAB,14.171,-47.722,-0.095,20.53,12.0,C,C[n+]1c2cc(ccc2c(c3c1CCCC3)N)Cl
Acetylcholinesterase,6g1u,E1K,608,1,B,4413,CAC,14.537,-47.569,-1.555,12.076,11.0,C,C[n+]1c2cc(ccc2c(c3c1CCCC3)N)Cl
Acetylcholinesterase,6g1u,E1K,608,1,B,4414,CAD,14.176,-48.683,-2.33,2.415,10.0,C,C[n+]1c2cc(ccc2c(c3c1CCCC3)N)Cl
Acetylcholinesterase,6g1u,E1K,608,1,B,4415,CAF,14.381,-49.784,-4.42,2.415,2.0,C,C[n+]1c2cc(ccc2c(c3c1CCCC3)N)Cl
Acetylcholinesterase,6g1u,E1K,608,1,B,4416,CAG,14.919,-49.857,-5.711,10.869,3.0,C,C[n+]1c2cc(ccc2c(c3c1CCCC3)N)Cl
Acetylcholinesterase,6g1u,E1K,608,1,B,4417,CAH,14.576,-50.943,-6.523,2.415,4.0,C,C[n+]1c2cc(ccc2c(c3c1CCCC3)N)Cl
Acetylcholinesterase,6g1u,E1K,608,1,B,4418,CAI,13.725,-51.94,-6.069,2.415,5.0,C,C[n+]1c2cc(ccc2c(c3c1CCCC3)N)Cl
Acetylcholinesterase,6g1u,E1K,608,1,B,4419,CAJ,13.199,-51.868,-4.792,1.208,6.0,C,C[n+]1c2cc(ccc2c(c3c1CCCC3)N)Cl
Acetylcholinesterase,6g1u,E1K,608,1,B,4420,CAK,13.535,-50.793,-3.985,2.415,7.0,C,C[n+]1c2cc(ccc2c(c3c1CCCC3)N)Cl
Acetylcholinesterase,6g1u,E1K,608,1,B,4421,CAL,13.015,-50.719,-2.714,2.415,8.0,C,C[n+]1c2cc(ccc2c(c3c1CCCC3)N)Cl
Acetylcholinesterase,6g1u,E1K,608,1,B,4422,CAM,13.308,-49.67,-1.86,2.415,9.0,C,C[n+]1c2cc(ccc2c(c3c1CCCC3)N)Cl
Acetylcholinesterase,6g1u,E1K,608,1,B,4423,CAN,12.761,-49.65,-0.578,3.623,14.0,C,C[n+]1c2cc(ccc2c(c3c1CCCC3)N)Cl
Acetylcholinesterase,6g1u,E1K,608,1,B,4424,CAP,15.569,-47.685,-4.018,33.814,0.0,C,C[n+]1c2cc(ccc2c(c3c1CCCC3)N)Cl
Acetylcholinesterase,6g1u,E1K,608,1,B,4426,NAO,12.207,-51.697,-2.314,2.187,15.0,N,C[n+]1c2cc(ccc2c(c3c1CCCC3)N)Cl
Acetylcholinesterase,6g1u,E1K,608,1,B,4427,CLA,15.147,-51.097,-8.101,49.876,16.0,Cl,C[n+]1c2cc(ccc2c(c3c1CCCC3)N)Cl
Acetylcholinesterase,6g1v,E1N,604,1,B,4344,CAJ,2.229,-57.532,-8.273,2.415,19.0,C,CCC1=C[C@@H]2Cc3c(c(c4ccc(cc4[n+]3C)Cl)N)[C@@H](C2)C1
Acetylcholinesterase,6g1v,E1N,604,1,B,4345,CAK,0.749,-57.811,-8.348,3.623,20.0,C,CCC1=C[C@@H]2Cc3c(c(c4ccc(cc4[n+]3C)Cl)N)[C@@H](C2)C1
Acetylcholinesterase,6g1v,E1N,604,1,B,4352,CAU,1.701,-54.977,-5.5,1.208,1.0,C,CCC1=C[C@@H]2Cc3c(c(c4ccc(cc4[n+]3C)Cl)N)[C@@H](C2)C1
Acetylcholinesterase,6g1v,E1N,604,1,B,4353,CAV,3.13,-54.693,-5.097,2.415,0.0,C,CCC1=C[C@@H]2Cc3c(c(c4ccc(cc4[n+]3C)Cl)N)[C@@H](C2)C1
Acetylcholinesterase,6g1v,E1N,604,1,B,4354,NAO,4.969,-57.84,-8.496,13.123,18.0,N,CCC1=C[C@@H]2Cc3c(c(c4ccc(cc4[n+]3C)Cl)N)[C@@H](C2)C1
Acetylcholinesterase,6g1v,E1N,604,1,A,4343,CAJ,2.217,-3.437,19.051,2.415,19.0,C,CCC1=C[C@@H]2Cc3c(c(c4ccc(cc4[n+]3C)Cl)N)[C@@H](C2)C1
Acetylcholinesterase,6g1v,E1N,604,1,A,4344,CAK,0.73,-3.727,18.987,2.415,20.0,C,CCC1=C[C@@H]2Cc3c(c(c4ccc(cc4[n+]3C)Cl)N)[C@@H](C2)C1
Acetylcholinesterase,6g1v,E1N,604,1,A,4351,CAU,1.629,-0.928,21.882,1.208,1.0,C,CCC1=C[C@@H]2Cc3c(c(c4ccc(cc4[n+]3C)Cl)N)[C@@H](C2)C1
Acetylcholinesterase,6g1v,E1N,604,1,A,4352,CAV,3.058,-0.567,22.207,2.415,0.0,C,CCC1=C[C@@H]2Cc3c(c(c4ccc(cc4[n+]3C)Cl)N)[C@@H](C2)C1
Acetylcholinesterase,6g1v,E1N,604,1,A,4353,NAO,4.977,-3.763,18.772,13.123,18.0,N,CCC1=C[C@@H]2Cc3c(c(c4ccc(cc4[n+]3C)Cl)N)[C@@H](C2)C1
Acetylcholinesterase,6g1w,E0Z,604,1,A,4314,C17,-6.175,-2.265,56.854,4.831,19.0,C,COc1cc(ccc1O)CNC(=O)Cc2cn(nn2)CCNc3c4ccccc4nc5c3ccc(c5)Cl
Acetylcholinesterase,6g1w,E0Z,604,1,A,4315,C24,-6.238,0.235,51.215,1.208,11.0,C,COc1cc(ccc1O)CNC(=O)Cc2cn(nn2)CCNc3c4ccccc4nc5c3ccc(c5)Cl
Acetylcholinesterase,6g1w,E0Z,604,1,A,4317,C01,-0.167,-3.648,56.132,2.415,25.0,C,COc1cc(ccc1O)CNC(=O)Cc2cn(nn2)CCNc3c4ccccc4nc5c3ccc(c5)Cl
Acetylcholinesterase,6g1w,E0Z,604,1,A,4318,C02,0.432,-4.395,55.093,2.415,26.0,C,COc1cc(ccc1O)CNC(=O)Cc2cn(nn2)CCNc3c4ccccc4nc5c3ccc(c5)Cl
Acetylcholinesterase,6g1w,E0Z,604,1,A,4327,C14,-1.545,-3.782,56.385,6.038,24.0,C,COc1cc(ccc1O)CNC(=O)Cc2cn(nn2)CCNc3c4ccccc4nc5c3ccc(c5)Cl
Acetylcholinesterase,6g1w,E0Z,604,1,A,4328,C16,-4.718,-2.707,56.651,2.415,20.0,C,COc1cc(ccc1O)CNC(=O)Cc2cn(nn2)CCNc3c4ccccc4nc5c3ccc(c5)Cl
Acetylcholinesterase,6g1w,E0Z,604,1,A,4329,C18,-5.601,-1.056,54.86,3.623,15.0,C,COc1cc(ccc1O)CNC(=O)Cc2cn(nn2)CCNc3c4ccccc4nc5c3ccc(c5)Cl
Acetylcholinesterase,6g1w,E0Z,604,1,A,4331,C23,-5.533,0.143,52.56,2.415,13.0,C,COc1cc(ccc1O)CNC(=O)Cc2cn(nn2)CCNc3c4ccccc4nc5c3ccc(c5)Cl
Acetylcholinesterase,6g1w,E0Z,604,1,A,4336,C33,-9.878,3.546,49.308,15.699,6.0,C,COc1cc(ccc1O)CNC(=O)Cc2cn(nn2)CCNc3c4ccccc4nc5c3ccc(c5)Cl
Acetylcholinesterase,6g1w,E0Z,604,1,A,4337,C34,-8.973,2.487,49.304,6.038,5.0,C,COc1cc(ccc1O)CNC(=O)Cc2cn(nn2)CCNc3c4ccccc4nc5c3ccc(c5)Cl
Acetylcholinesterase,6g1w,E0Z,604,1,A,4341,N21,-7.675,-1.728,54.902,1.094,17.0,N,COc1cc(ccc1O)CNC(=O)Cc2cn(nn2)CCNc3c4ccccc4nc5c3ccc(c5)Cl
Acetylcholinesterase,6g1w,E0Z,604,1,A,4342,N22,-7.551,-1.087,53.74,6.562,18.0,N,COc1cc(ccc1O)CNC(=O)Cc2cn(nn2)CCNc3c4ccccc4nc5c3ccc(c5)Cl
Acetylcholinesterase,6g1w,E0Z,604,1,A,4346,O35,-10.282,5.942,49.124,34.287,8.0,O,COc1cc(ccc1O)CNC(=O)Cc2cn(nn2)CCNc3c4ccccc4nc5c3ccc(c5)Cl
Acetylcholinesterase,6g1w,E0Z,604,1,B,4339,C13,2.309,-5.625,-7.367,1.208,23.0,C,COc1cc(ccc1O)CNC(=O)Cc2cn(nn2)CCNc3c4ccccc4nc5c3ccc(c5)Cl
Acetylcholinesterase,6g1w,E0Z,604,1,B,4340,C17,5.152,-2.757,-7.714,7.246,19.0,C,COc1cc(ccc1O)CNC(=O)Cc2cn(nn2)CCNc3c4ccccc4nc5c3ccc(c5)Cl
Acetylcholinesterase,6g1w,E0Z,604,1,B,4341,C24,9.176,0.428,-5.137,1.208,11.0,C,COc1cc(ccc1O)CNC(=O)Cc2cn(nn2)CCNc3c4ccccc4nc5c3ccc(c5)Cl
Acetylcholinesterase,6g1w,E0Z,604,1,B,4342,C28,10.596,2.413,-5.512,8.453,9.0,C,COc1cc(ccc1O)CNC(=O)Cc2cn(nn2)CCNc3c4ccccc4nc5c3ccc(c5)Cl
Acetylcholinesterase,6g1w,E0Z,604,1,B,4343,C01,0.19,-4.564,-7.956,2.415,25.0,C,COc1cc(ccc1O)CNC(=O)Cc2cn(nn2)CCNc3c4ccccc4nc5c3ccc(c5)Cl
Acetylcholinesterase,6g1w,E0Z,604,1,B,4344,C02,-0.457,-5.32,-6.943,1.208,26.0,C,COc1cc(ccc1O)CNC(=O)Cc2cn(nn2)CCNc3c4ccccc4nc5c3ccc(c5)Cl
Acetylcholinesterase,6g1w,E0Z,604,1,B,4353,C14,1.57,-4.698,-8.164,4.831,24.0,C,COc1cc(ccc1O)CNC(=O)Cc2cn(nn2)CCNc3c4ccccc4nc5c3ccc(c5)Cl
Acetylcholinesterase,6g1w,E0Z,604,1,B,4354,C16,5.521,-4.063,-8.406,4.831,20.0,C,COc1cc(ccc1O)CNC(=O)Cc2cn(nn2)CCNc3c4ccccc4nc5c3ccc(c5)Cl
Acetylcholinesterase,6g1w,E0Z,604,1,B,4355,C18,6.354,-1.42,-6.009,2.415,15.0,C,COc1cc(ccc1O)CNC(=O)Cc2cn(nn2)CCNc3c4ccccc4nc5c3ccc(c5)Cl
Acetylcholinesterase,6g1w,E0Z,604,1,B,4357,C23,8.217,-0.495,-4.361,13.284,13.0,C,COc1cc(ccc1O)CNC(=O)Cc2cn(nn2)CCNc3c4ccccc4nc5c3ccc(c5)Cl
Acetylcholinesterase,6g1w,E0Z,604,1,B,4358,C29,11.11,3.697,-4.864,3.623,4.0,C,COc1cc(ccc1O)CNC(=O)Cc2cn(nn2)CCNc3c4ccccc4nc5c3ccc(c5)Cl
Acetylcholinesterase,6g1w,E0Z,604,1,B,4359,C30,10.603,4.081,-3.634,3.623,3.0,C,COc1cc(ccc1O)CNC(=O)Cc2cn(nn2)CCNc3c4ccccc4nc5c3ccc(c5)Cl
Acetylcholinesterase,6g1w,E0Z,604,1,B,4360,C31,11.05,5.243,-3.023,2.415,2.0,C,COc1cc(ccc1O)CNC(=O)Cc2cn(nn2)CCNc3c4ccccc4nc5c3ccc(c5)Cl
Acetylcholinesterase,6g1w,E0Z,604,1,B,4361,C32,12.016,6.02,-3.655,2.415,7.0,C,COc1cc(ccc1O)CNC(=O)Cc2cn(nn2)CCNc3c4ccccc4nc5c3ccc(c5)Cl
Acetylcholinesterase,6g1w,E0Z,604,1,B,4362,C33,12.522,5.632,-4.891,22.945,6.0,C,COc1cc(ccc1O)CNC(=O)Cc2cn(nn2)CCNc3c4ccccc4nc5c3ccc(c5)Cl
Acetylcholinesterase,6g1w,E0Z,604,1,B,4363,C34,12.069,4.467,-5.498,15.699,5.0,C,COc1cc(ccc1O)CNC(=O)Cc2cn(nn2)CCNc3c4ccccc4nc5c3ccc(c5)Cl
Acetylcholinesterase,6g1w,E0Z,604,1,B,4364,C37,10.298,4.501,-0.93,25.36,0.0,C,COc1cc(ccc1O)CNC(=O)Cc2cn(nn2)CCNc3c4ccccc4nc5c3ccc(c5)Cl
Acetylcholinesterase,6g1w,E0Z,604,1,B,4366,N20,6.297,-2.438,-6.869,1.094,16.0,N,COc1cc(ccc1O)CNC(=O)Cc2cn(nn2)CCNc3c4ccccc4nc5c3ccc(c5)Cl
Acetylcholinesterase,6g1w,E0Z,604,1,B,4369,N26,9.693,1.69,-4.618,5.468,10.0,N,COc1cc(ccc1O)CNC(=O)Cc2cn(nn2)CCNc3c4ccccc4nc5c3ccc(c5)Cl
Acetylcholinesterase,6g1w,E0Z,604,1,B,4370,N27,4.386,-4.965,-8.598,1.094,21.0,N,COc1cc(ccc1O)CNC(=O)Cc2cn(nn2)CCNc3c4ccccc4nc5c3ccc(c5)Cl
Acetylcholinesterase,6g1w,E0Z,604,1,B,4371,O25,9.533,0.104,-6.222,1.071,12.0,O,COc1cc(ccc1O)CNC(=O)Cc2cn(nn2)CCNc3c4ccccc4nc5c3ccc(c5)Cl
Acetylcholinesterase,6g1w,E0Z,604,1,B,4372,O35,12.485,7.198,-3.047,35.358,8.0,O,COc1cc(ccc1O)CNC(=O)Cc2cn(nn2)CCNc3c4ccccc4nc5c3ccc(c5)Cl
Acetylcholinesterase,6g1w,E0Z,604,1,B,4373,O36,10.522,5.605,-1.771,5.357,1.0,O,COc1cc(ccc1O)CNC(=O)Cc2cn(nn2)CCNc3c4ccccc4nc5c3ccc(c5)Cl
Acetylcholinesterase,6g4m,DQ5,601,1,A,4250,C02,-13.275,5.508,54.932,13.284,15.0,C,c1ccc2c(c1)c(c3c(n2)CCCC3)NCCCCc4ccc(c(n4)/C=N/O)O
Acetylcholinesterase,6g4m,DQ5,601,1,A,4251,C03,-14.083,4.566,55.876,18.114,16.0,C,c1ccc2c(c1)c(c3c(n2)CCCC3)NCCCCc4ccc(c(n4)/C=N/O)O
Acetylcholinesterase,6g4m,DQ5,601,1,A,4252,C04,-15.17,3.708,55.139,28.983,17.0,C,c1ccc2c(c1)c(c3c(n2)CCCC3)NCCCCc4ccc(c(n4)/C=N/O)O
Acetylcholinesterase,6g4m,DQ5,601,1,A,4253,C05,-14.592,2.78,54.033,6.038,18.0,C,c1ccc2c(c1)c(c3c(n2)CCCC3)NCCCCc4ccc(c(n4)/C=N/O)O
Acetylcholinesterase,6g4m,DQ5,601,1,A,4254,C06,-14.524,3.538,52.686,2.415,19.0,C,c1ccc2c(c1)c(c3c(n2)CCCC3)NCCCCc4ccc(c(n4)/C=N/O)O
Acetylcholinesterase,6g4m,DQ5,601,1,A,4255,C07,-15.233,4.724,52.544,13.284,20.0,C,c1ccc2c(c1)c(c3c(n2)CCCC3)NCCCCc4ccc(c(n4)/C=N/O)O
Acetylcholinesterase,6g4m,DQ5,601,1,A,4256,C08,-15.186,5.436,51.371,21.737,21.0,C,c1ccc2c(c1)c(c3c(n2)CCCC3)NCCCCc4ccc(c(n4)/C=N/O)O
Acetylcholinesterase,6g4m,DQ5,601,1,A,4257,C09,-14.447,4.971,50.319,1.208,22.0,C,c1ccc2c(c1)c(c3c(n2)CCCC3)NCCCCc4ccc(c(n4)/C=N/O)O
Acetylcholinesterase,6g4m,DQ5,601,1,A,4258,C11,-13.722,3.77,50.453,3.623,23.0,C,c1ccc2c(c1)c(c3c(n2)CCCC3)NCCCCc4ccc(c(n4)/C=N/O)O
Acetylcholinesterase,6g4m,DQ5,601,1,A,4259,C12,-12.903,3.219,49.277,6.038,25.0,C,c1ccc2c(c1)c(c3c(n2)CCCC3)NCCCCc4ccc(c(n4)/C=N/O)O
Acetylcholinesterase,6g4m,DQ5,601,1,A,4262,C18,-11.73,7.073,52.403,4.831,5.0,C,c1ccc2c(c1)c(c3c(n2)CCCC3)NCCCCc4ccc(c(n4)/C=N/O)O
Acetylcholinesterase,6g4m,DQ5,601,1,A,4263,C19,-11.646,7.906,51.113,14.492,0.0,C,c1ccc2c(c1)c(c3c(n2)CCCC3)NCCCCc4ccc(c(n4)/C=N/O)O
Acetylcholinesterase,6g4m,DQ5,601,1,A,4264,C20,-11.25,7.177,49.84,13.284,1.0,C,c1ccc2c(c1)c(c3c(n2)CCCC3)NCCCCc4ccc(c(n4)/C=N/O)O
Acetylcholinesterase,6g4m,DQ5,601,1,A,4270,C27,-9.894,1.373,54.402,2.415,12.0,C,c1ccc2c(c1)c(c3c(n2)CCCC3)NCCCCc4ccc(c(n4)/C=N/O)O
Acetylcholinesterase,6g4m,DQ5,601,1,A,4274,N13,-11.583,3.233,49.237,1.094,26.0,N,c1ccc2c(c1)c(c3c(n2)CCCC3)NCCCCc4ccc(c(n4)/C=N/O)O
Acetylcholinesterase,6g4m,DQ5,601,1,A,4275,N15,-13.77,3.066,51.634,2.187,24.0,N,c1ccc2c(c1)c(c3c(n2)CCCC3)NCCCCc4ccc(c(n4)/C=N/O)O
Acetylcholinesterase,6g4m,DQ5,601,1,A,4277,O10,-14.44,5.731,49.116,31.072,28.0,O,c1ccc2c(c1)c(c3c(n2)CCCC3)NCCCCc4ccc(c(n4)/C=N/O)O
Acetylcholinesterase,6g4m,DQ5,602,1,A,4279,C02,-5.189,-2.658,55.5,6.038,15.0,C,c1ccc2c(c1)c(c3c(n2)CCCC3)NCCCCc4ccc(c(n4)/C=N/O)O
Acetylcholinesterase,6g4m,DQ5,602,1,A,4280,C03,-6.682,-2.218,55.37,3.623,16.0,C,c1ccc2c(c1)c(c3c(n2)CCCC3)NCCCCc4ccc(c(n4)/C=N/O)O
Acetylcholinesterase,6g4m,DQ5,602,1,A,4282,C05,-5.855,-0.749,53.267,2.415,18.0,C,c1ccc2c(c1)c(c3c(n2)CCCC3)NCCCCc4ccc(c(n4)/C=N/O)O
Acetylcholinesterase,6g4m,DQ5,602,1,A,4291,C18,-1.982,-3.554,55.751,7.246,5.0,C,c1ccc2c(c1)c(c3c(n2)CCCC3)NCCCCc4ccc(c(n4)/C=N/O)O
Acetylcholinesterase,6g4m,DQ5,602,1,A,4292,C19,-0.46,-3.737,55.849,3.623,0.0,C,c1ccc2c(c1)c(c3c(n2)CCCC3)NCCCCc4ccc(c(n4)/C=N/O)O
Acetylcholinesterase,6g4m,DQ5,602,1,A,4293,C20,0.182,-4.188,54.549,1.208,1.0,C,c1ccc2c(c1)c(c3c(n2)CCCC3)NCCCCc4ccc(c(n4)/C=N/O)O
Acetylcholinesterase,6g4m,DQ5,602,1,A,4302,N01,-4.957,-4.046,55.949,1.094,14.0,N,c1ccc2c(c1)c(c3c(n2)CCCC3)NCCCCc4ccc(c(n4)/C=N/O)O
Acetylcholinesterase,6g4m,DQ5,601,1,B,4253,C02,13.725,5.507,-7.364,15.699,15.0,C,c1ccc2c(c1)c(c3c(n2)CCCC3)NCCCCc4ccc(c(n4)/C=N/O)O
Acetylcholinesterase,6g4m,DQ5,601,1,B,4254,C03,14.725,4.617,-8.158,28.983,16.0,C,c1ccc2c(c1)c(c3c(n2)CCCC3)NCCCCc4ccc(c(n4)/C=N/O)O
Acetylcholinesterase,6g4m,DQ5,601,1,B,4255,C04,14.487,3.104,-7.847,8.453,17.0,C,c1ccc2c(c1)c(c3c(n2)CCCC3)NCCCCc4ccc(c(n4)/C=N/O)O
Acetylcholinesterase,6g4m,DQ5,601,1,B,4256,C05,15.424,2.597,-6.726,24.153,18.0,C,c1ccc2c(c1)c(c3c(n2)CCCC3)NCCCCc4ccc(c(n4)/C=N/O)O
Acetylcholinesterase,6g4m,DQ5,601,1,B,4257,C06,14.968,2.997,-5.304,2.415,19.0,C,c1ccc2c(c1)c(c3c(n2)CCCC3)NCCCCc4ccc(c(n4)/C=N/O)O
Acetylcholinesterase,6g4m,DQ5,601,1,B,4258,C07,15.377,4.199,-4.741,18.114,20.0,C,c1ccc2c(c1)c(c3c(n2)CCCC3)NCCCCc4ccc(c(n4)/C=N/O)O
Acetylcholinesterase,6g4m,DQ5,601,1,B,4259,C08,14.973,4.542,-3.471,18.114,21.0,C,c1ccc2c(c1)c(c3c(n2)CCCC3)NCCCCc4ccc(c(n4)/C=N/O)O
Acetylcholinesterase,6g4m,DQ5,601,1,B,4260,C09,14.168,3.695,-2.753,3.623,22.0,C,c1ccc2c(c1)c(c3c(n2)CCCC3)NCCCCc4ccc(c(n4)/C=N/O)O
Acetylcholinesterase,6g4m,DQ5,601,1,B,4261,C11,13.761,2.487,-3.317,3.623,23.0,C,c1ccc2c(c1)c(c3c(n2)CCCC3)NCCCCc4ccc(c(n4)/C=N/O)O
Acetylcholinesterase,6g4m,DQ5,601,1,B,4262,C12,12.867,1.542,-2.514,2.415,25.0,C,c1ccc2c(c1)c(c3c(n2)CCCC3)NCCCCc4ccc(c(n4)/C=N/O)O
Acetylcholinesterase,6g4m,DQ5,601,1,B,4265,C18,12.948,7.1,-4.763,6.038,5.0,C,c1ccc2c(c1)c(c3c(n2)CCCC3)NCCCCc4ccc(c(n4)/C=N/O)O
Acetylcholinesterase,6g4m,DQ5,601,1,B,4266,C19,12.733,8.23,-3.753,10.869,0.0,C,c1ccc2c(c1)c(c3c(n2)CCCC3)NCCCCc4ccc(c(n4)/C=N/O)O
Acetylcholinesterase,6g4m,DQ5,601,1,B,4267,C20,12.442,7.731,-2.348,21.737,1.0,C,c1ccc2c(c1)c(c3c(n2)CCCC3)NCCCCc4ccc(c(n4)/C=N/O)O
Acetylcholinesterase,6g4m,DQ5,601,1,B,4268,C21,11.256,6.792,-2.29,8.453,2.0,C,c1ccc2c(c1)c(c3c(n2)CCCC3)NCCCCc4ccc(c(n4)/C=N/O)O
Acetylcholinesterase,6g4m,DQ5,601,1,B,4271,C25,9.302,2.721,-3.908,1.208,10.0,C,c1ccc2c(c1)c(c3c(n2)CCCC3)NCCCCc4ccc(c(n4)/C=N/O)O
Acetylcholinesterase,6g4m,DQ5,601,1,B,4273,C27,9.875,1.737,-6.026,1.208,12.0,C,c1ccc2c(c1)c(c3c(n2)CCCC3)NCCCCc4ccc(c(n4)/C=N/O)O
Acetylcholinesterase,6g4m,DQ5,601,1,B,4277,N13,11.824,0.962,-3.077,1.094,26.0,N,c1ccc2c(c1)c(c3c(n2)CCCC3)NCCCCc4ccc(c(n4)/C=N/O)O
Acetylcholinesterase,6g4m,DQ5,601,1,B,4278,N15,14.164,2.149,-4.578,5.468,24.0,N,c1ccc2c(c1)c(c3c(n2)CCCC3)NCCCCc4ccc(c(n4)/C=N/O)O
Acetylcholinesterase,6g4m,DQ5,601,1,B,4279,N23,10.345,4.761,-3.208,4.374,9.0,N,c1ccc2c(c1)c(c3c(n2)CCCC3)NCCCCc4ccc(c(n4)/C=N/O)O
Acetylcholinesterase,6g4m,DQ5,601,1,B,4280,O10,13.744,4.035,-1.439,26.786,28.0,O,c1ccc2c(c1)c(c3c(n2)CCCC3)NCCCCc4ccc(c(n4)/C=N/O)O
Acetylcholinesterase,6g4m,DQ5,601,1,B,4281,O14,10.835,0.453,-2.278,2.143,27.0,O,c1ccc2c(c1)c(c3c(n2)CCCC3)NCCCCc4ccc(c(n4)/C=N/O)O
Acetylcholinesterase,6g4m,DQ5,602,1,B,4282,C02,5.176,-3.807,-7.344,3.623,15.0,C,c1ccc2c(c1)c(c3c(n2)CCCC3)NCCCCc4ccc(c(n4)/C=N/O)O
Acetylcholinesterase,6g4m,DQ5,602,1,B,4283,C03,6.579,-3.44,-7.857,1.208,16.0,C,c1ccc2c(c1)c(c3c(n2)CCCC3)NCCCCc4ccc(c(n4)/C=N/O)O
Acetylcholinesterase,6g4m,DQ5,602,1,B,4284,C04,6.643,-1.904,-8.101,3.623,17.0,C,c1ccc2c(c1)c(c3c(n2)CCCC3)NCCCCc4ccc(c(n4)/C=N/O)O
Acetylcholinesterase,6g4m,DQ5,602,1,B,4290,C11,6.792,-0.322,-3.924,1.208,23.0,C,c1ccc2c(c1)c(c3c(n2)CCCC3)NCCCCc4ccc(c(n4)/C=N/O)O
Acetylcholinesterase,6g4m,DQ5,602,1,B,4291,C12,6.112,0.847,-3.214,1.208,25.0,C,c1ccc2c(c1)c(c3c(n2)CCCC3)NCCCCc4ccc(c(n4)/C=N/O)O
Acetylcholinesterase,6g4m,DQ5,602,1,B,4294,C18,1.932,-4.529,-7.657,7.246,5.0,C,c1ccc2c(c1)c(c3c(n2)CCCC3)NCCCCc4ccc(c(n4)/C=N/O)O
Acetylcholinesterase,6g4m,DQ5,602,1,B,4295,C19,0.408,-4.608,-7.693,2.415,0.0,C,c1ccc2c(c1)c(c3c(n2)CCCC3)NCCCCc4ccc(c(n4)/C=N/O)O
Acetylcholinesterase,6g4m,DQ5,602,1,B,4296,C20,-0.171,-4.966,-6.343,2.415,1.0,C,c1ccc2c(c1)c(c3c(n2)CCCC3)NCCCCc4ccc(c(n4)/C=N/O)O
Acetylcholinesterase,6g4m,DQ5,602,1,B,4306,N13,6.73,1.465,-2.216,1.094,26.0,N,c1ccc2c(c1)c(c3c(n2)CCCC3)NCCCCc4ccc(c(n4)/C=N/O)O
Acetylcholinesterase,6g4n,E2W,603,1,B,4278,C1,9.449,2.971,-3.926,10.869,0.0,C,c1cc2c(cc1Cl)c(c3c(n2)CCCC3)NCCCCc4ccc(c(n4)CNO)O
Acetylcholinesterase,6g4n,E2W,603,1,B,4279,C10,12.704,1.375,-3.139,7.246,26.0,C,c1cc2c(cc1Cl)c(c3c(n2)CCCC3)NCCCCc4ccc(c(n4)CNO)O
Acetylcholinesterase,6g4n,E2W,603,1,B,4280,C11,13.713,7.477,-5.806,10.869,14.0,C,c1cc2c(cc1Cl)c(c3c(n2)CCCC3)NCCCCc4ccc(c(n4)CNO)O
Acetylcholinesterase,6g4n,E2W,603,1,B,4281,C12,14.352,8.541,-4.929,22.945,13.0,C,c1cc2c(cc1Cl)c(c3c(n2)CCCC3)NCCCCc4ccc(c(n4)CNO)O
Acetylcholinesterase,6g4n,E2W,603,1,B,4282,C13,13.418,9.091,-3.904,19.322,12.0,C,c1cc2c(cc1Cl)c(c3c(n2)CCCC3)NCCCCc4ccc(c(n4)CNO)O
Acetylcholinesterase,6g4n,E2W,603,1,B,4283,C14,12.803,7.952,-3.098,18.114,11.0,C,c1cc2c(cc1Cl)c(c3c(n2)CCCC3)NCCCCc4ccc(c(n4)CNO)O
Acetylcholinesterase,6g4n,E2W,603,1,B,4284,C15,13.938,4.614,-7.772,20.53,16.0,C,c1cc2c(cc1Cl)c(c3c(n2)CCCC3)NCCCCc4ccc(c(n4)CNO)O
Acetylcholinesterase,6g4n,E2W,603,1,B,4285,C16,14.196,3.063,-7.857,8.453,17.0,C,c1cc2c(cc1Cl)c(c3c(n2)CCCC3)NCCCCc4ccc(c(n4)CNO)O
Acetylcholinesterase,6g4n,E2W,603,1,B,4286,C17,15.347,2.593,-6.974,25.36,18.0,C,c1cc2c(cc1Cl)c(c3c(n2)CCCC3)NCCCCc4ccc(c(n4)CNO)O
Acetylcholinesterase,6g4n,E2W,603,1,B,4287,C18,15.852,3.622,-5.962,22.945,19.0,C,c1cc2c(cc1Cl)c(c3c(n2)CCCC3)NCCCCc4ccc(c(n4)CNO)O
Acetylcholinesterase,6g4n,E2W,603,1,B,4288,C19,15.184,3.58,-4.643,3.623,20.0,C,c1cc2c(cc1Cl)c(c3c(n2)CCCC3)NCCCCc4ccc(c(n4)CNO)O
Acetylcholinesterase,6g4n,E2W,603,1,B,4290,C20,15.465,4.533,-3.652,18.114,21.0,C,c1cc2c(cc1Cl)c(c3c(n2)CCCC3)NCCCCc4ccc(c(n4)CNO)O
Acetylcholinesterase,6g4n,E2W,603,1,B,4291,C21,14.811,4.445,-2.427,20.53,22.0,C,c1cc2c(cc1Cl)c(c3c(n2)CCCC3)NCCCCc4ccc(c(n4)CNO)O
Acetylcholinesterase,6g4n,E2W,603,1,B,4292,C22,13.905,3.417,-2.238,4.831,23.0,C,c1cc2c(cc1Cl)c(c3c(n2)CCCC3)NCCCCc4ccc(c(n4)CNO)O
Acetylcholinesterase,6g4n,E2W,603,1,B,4293,C23,13.671,2.489,-3.284,2.415,24.0,C,c1cc2c(cc1Cl)c(c3c(n2)CCCC3)NCCCCc4ccc(c(n4)CNO)O
Acetylcholinesterase,6g4n,E2W,603,1,B,4297,C6,9.951,4.074,-3.295,3.623,1.0,C,c1cc2c(cc1Cl)c(c3c(n2)CCCC3)NCCCCc4ccc(c(n4)CNO)O
Acetylcholinesterase,6g4n,E2W,603,1,B,4301,N10,11.383,6.018,-3.266,4.374,10.0,N,c1cc2c(cc1Cl)c(c3c(n2)CCCC3)NCCCCc4ccc(c(n4)CNO)O
Acetylcholinesterase,6g4n,E2W,603,1,B,4302,N11,12.617,5.038,-7.219,1.094,15.0,N,c1cc2c(cc1Cl)c(c3c(n2)CCCC3)NCCCCc4ccc(c(n4)CNO)O
Acetylcholinesterase,6g4n,E2W,603,1,B,4303,N24,14.304,2.585,-4.459,5.468,25.0,N,c1cc2c(cc1Cl)c(c3c(n2)CCCC3)NCCCCc4ccc(c(n4)CNO)O
Acetylcholinesterase,6g4n,E2W,603,1,B,4305,O25,11.633,1.765,-1.167,4.286,28.0,O,c1cc2c(cc1Cl)c(c3c(n2)CCCC3)NCCCCc4ccc(c(n4)CNO)O
Acetylcholinesterase,6g4n,E2W,603,1,B,4306,O26,13.221,3.257,-1.079,9.643,29.0,O,c1cc2c(cc1Cl)c(c3c(n2)CCCC3)NCCCCc4ccc(c(n4)CNO)O
Acetylcholinesterase,6g4n,E2W,603,1,B,4307,CL2,9.248,1.308,-5.993,9.975,6.0,Cl,c1cc2c(cc1Cl)c(c3c(n2)CCCC3)NCCCCc4ccc(c(n4)CNO)O
Acetylcholinesterase,6g4n,E2W,603,1,A,4273,C1,-9.497,3.533,51.951,14.492,0.0,C,c1cc2c(cc1Cl)c(c3c(n2)CCCC3)NCCCCc4ccc(c(n4)CNO)O
Acetylcholinesterase,6g4n,E2W,603,1,A,4274,C10,-14.189,5.031,50.368,14.492,26.0,C,c1cc2c(cc1Cl)c(c3c(n2)CCCC3)NCCCCc4ccc(c(n4)CNO)O
Acetylcholinesterase,6g4n,E2W,603,1,A,4275,C11,-13.46,8.507,53.381,10.869,14.0,C,c1cc2c(cc1Cl)c(c3c(n2)CCCC3)NCCCCc4ccc(c(n4)CNO)O
Acetylcholinesterase,6g4n,E2W,603,1,A,4276,C12,-14.012,9.507,52.433,27.775,13.0,C,c1cc2c(cc1Cl)c(c3c(n2)CCCC3)NCCCCc4ccc(c(n4)CNO)O
Acetylcholinesterase,6g4n,E2W,603,1,A,4277,C13,-12.917,10.068,51.544,15.699,12.0,C,c1cc2c(cc1Cl)c(c3c(n2)CCCC3)NCCCCc4ccc(c(n4)CNO)O
Acetylcholinesterase,6g4n,E2W,603,1,A,4278,C14,-12.128,8.948,50.821,19.322,11.0,C,c1cc2c(cc1Cl)c(c3c(n2)CCCC3)NCCCCc4ccc(c(n4)CNO)O
Acetylcholinesterase,6g4n,E2W,603,1,A,4279,C15,-14.067,5.732,55.329,13.284,16.0,C,c1cc2c(cc1Cl)c(c3c(n2)CCCC3)NCCCCc4ccc(c(n4)CNO)O
Acetylcholinesterase,6g4n,E2W,603,1,A,4280,C16,-14.233,4.592,56.395,15.699,17.0,C,c1cc2c(cc1Cl)c(c3c(n2)CCCC3)NCCCCc4ccc(c(n4)CNO)O
Acetylcholinesterase,6g4n,E2W,603,1,A,4281,C17,-15.19,3.418,56.024,22.945,18.0,C,c1cc2c(cc1Cl)c(c3c(n2)CCCC3)NCCCCc4ccc(c(n4)CNO)O
Acetylcholinesterase,6g4n,E2W,603,1,A,4282,C18,-15.865,3.441,54.642,25.36,19.0,C,c1cc2c(cc1Cl)c(c3c(n2)CCCC3)NCCCCc4ccc(c(n4)CNO)O
Acetylcholinesterase,6g4n,E2W,603,1,A,4283,C19,-14.966,3.249,53.471,4.831,20.0,C,c1cc2c(cc1Cl)c(c3c(n2)CCCC3)NCCCCc4ccc(c(n4)CNO)O
Acetylcholinesterase,6g4n,E2W,603,1,A,4285,C20,-14.112,2.127,53.45,1.208,21.0,C,c1cc2c(cc1Cl)c(c3c(n2)CCCC3)NCCCCc4ccc(c(n4)CNO)O
Acetylcholinesterase,6g4n,E2W,603,1,A,4287,C22,-13.267,2.896,51.35,2.415,23.0,C,c1cc2c(cc1Cl)c(c3c(n2)CCCC3)NCCCCc4ccc(c(n4)CNO)O
Acetylcholinesterase,6g4n,E2W,603,1,A,4288,C23,-14.149,4.016,51.43,1.208,24.0,C,c1cc2c(cc1Cl)c(c3c(n2)CCCC3)NCCCCc4ccc(c(n4)CNO)O
Acetylcholinesterase,6g4n,E2W,603,1,A,4292,C6,-9.882,4.636,51.228,8.453,1.0,C,c1cc2c(cc1Cl)c(c3c(n2)CCCC3)NCCCCc4ccc(c(n4)CNO)O
Acetylcholinesterase,6g4n,E2W,603,1,A,4296,N10,-11.135,6.713,51.01,5.468,10.0,N,c1cc2c(cc1Cl)c(c3c(n2)CCCC3)NCCCCc4ccc(c(n4)CNO)O
Acetylcholinesterase,6g4n,E2W,603,1,A,4297,N11,-12.649,6.078,54.956,1.094,15.0,N,c1cc2c(cc1Cl)c(c3c(n2)CCCC3)NCCCCc4ccc(c(n4)CNO)O
Acetylcholinesterase,6g4n,E2W,603,1,A,4298,N24,-14.972,4.187,52.477,10.936,25.0,N,c1cc2c(cc1Cl)c(c3c(n2)CCCC3)NCCCCc4ccc(c(n4)CNO)O
Acetylcholinesterase,6g4n,E2W,603,1,A,4299,N25,-13.779,5.047,49.138,20.778,27.0,N,c1cc2c(cc1Cl)c(c3c(n2)CCCC3)NCCCCc4ccc(c(n4)CNO)O
Acetylcholinesterase,6g4n,E2W,603,1,A,4300,O25,-13.162,3.966,48.657,9.643,28.0,O,c1cc2c(cc1Cl)c(c3c(n2)CCCC3)NCCCCc4ccc(c(n4)CNO)O
Acetylcholinesterase,6g4n,E2W,603,1,A,4301,O26,-12.454,2.789,50.253,1.071,29.0,O,c1cc2c(cc1Cl)c(c3c(n2)CCCC3)NCCCCc4ccc(c(n4)CNO)O
Acetylcholinesterase,6g4n,E2W,603,1,A,4302,CL2,-9.493,2.011,54.168,7.481,6.0,Cl,c1cc2c(cc1Cl)c(c3c(n2)CCCC3)NCCCCc4ccc(c(n4)CNO)O
Acetylcholinesterase,6g4o,DQ5,604,1,A,4253,C03,13.414,4.09,-8.338,20.53,16.0,C,c1ccc2c(c1)c(c3c(n2)CCCC3)NCCCCc4ccc(c(n4)/C=N/O)O
Acetylcholinesterase,6g4o,DQ5,604,1,A,4254,C04,14.659,3.173,-8.125,31.398,17.0,C,c1ccc2c(c1)c(c3c(n2)CCCC3)NCCCCc4ccc(c(n4)/C=N/O)O
Acetylcholinesterase,6g4o,DQ5,604,1,A,4255,C05,14.45,2.066,-7.058,10.869,18.0,C,c1ccc2c(c1)c(c3c(n2)CCCC3)NCCCCc4ccc(c(n4)/C=N/O)O
Acetylcholinesterase,6g4o,DQ5,604,1,A,4256,C06,14.181,2.666,-5.667,4.831,19.0,C,c1ccc2c(c1)c(c3c(n2)CCCC3)NCCCCc4ccc(c(n4)/C=N/O)O
Acetylcholinesterase,6g4o,DQ5,604,1,A,4257,C07,14.774,3.858,-5.288,18.114,20.0,C,c1ccc2c(c1)c(c3c(n2)CCCC3)NCCCCc4ccc(c(n4)/C=N/O)O
Acetylcholinesterase,6g4o,DQ5,604,1,A,4258,C08,14.51,4.383,-4.045,20.53,21.0,C,c1ccc2c(c1)c(c3c(n2)CCCC3)NCCCCc4ccc(c(n4)/C=N/O)O
Acetylcholinesterase,6g4o,DQ5,604,1,A,4259,C09,13.672,3.73,-3.187,3.623,22.0,C,c1ccc2c(c1)c(c3c(n2)CCCC3)NCCCCc4ccc(c(n4)/C=N/O)O
Acetylcholinesterase,6g4o,DQ5,604,1,A,4260,C11,13.074,2.534,-3.572,2.415,23.0,C,c1ccc2c(c1)c(c3c(n2)CCCC3)NCCCCc4ccc(c(n4)/C=N/O)O
Acetylcholinesterase,6g4o,DQ5,604,1,A,4264,C18,11.247,6.094,-5.195,3.623,5.0,C,c1ccc2c(c1)c(c3c(n2)CCCC3)NCCCCc4ccc(c(n4)/C=N/O)O
Acetylcholinesterase,6g4o,DQ5,604,1,A,4265,C19,11.159,7.046,-3.997,13.284,0.0,C,c1ccc2c(c1)c(c3c(n2)CCCC3)NCCCCc4ccc(c(n4)/C=N/O)O
Acetylcholinesterase,6g4o,DQ5,604,1,A,4266,C20,10.78,6.415,-2.671,7.246,1.0,C,c1ccc2c(c1)c(c3c(n2)CCCC3)NCCCCc4ccc(c(n4)/C=N/O)O
Acetylcholinesterase,6g4o,DQ5,604,1,A,4270,C25,7.969,1.398,-4.713,7.246,10.0,C,c1ccc2c(c1)c(c3c(n2)CCCC3)NCCCCc4ccc(c(n4)/C=N/O)O
Acetylcholinesterase,6g4o,DQ5,604,1,A,4271,C26,7.891,0.445,-5.713,9.661,11.0,C,c1ccc2c(c1)c(c3c(n2)CCCC3)NCCCCc4ccc(c(n4)/C=N/O)O
Acetylcholinesterase,6g4o,DQ5,604,1,A,4272,C27,8.616,0.625,-6.881,1.208,12.0,C,c1ccc2c(c1)c(c3c(n2)CCCC3)NCCCCc4ccc(c(n4)/C=N/O)O
Acetylcholinesterase,6g4o,DQ5,604,1,A,4273,C28,9.421,1.756,-7.047,1.208,13.0,C,c1ccc2c(c1)c(c3c(n2)CCCC3)NCCCCc4ccc(c(n4)/C=N/O)O
Acetylcholinesterase,6g4o,DQ5,604,1,A,4279,O10,13.409,4.262,-1.895,11.786,28.0,O,c1ccc2c(c1)c(c3c(n2)CCCC3)NCCCCc4ccc(c(n4)/C=N/O)O
Acetylcholinesterase,6g4o,DQ5,604,1,A,4280,O14,10.051,1.022,-1.942,4.286,27.0,O,c1ccc2c(c1)c(c3c(n2)CCCC3)NCCCCc4ccc(c(n4)/C=N/O)O
Acetylcholinesterase,6g4o,ELT,603,1,B,4287,C07,-0.381,-1.795,53.438,9.661,1.0,C,CCOP(=O)(N(C)C)O
Acetylcholinesterase,6g4o,ELT,603,1,B,4288,C08,-1.713,-1.038,53.25,13.284,0.0,C,CCOP(=O)(N(C)C)O
Acetylcholinesterase,6g4o,ELT,603,1,A,4248,C05,-1.162,-1.531,-1.672,4.831,7.0,C,CCOP(=O)(N(C)C)O
Acetylcholinesterase,6g4o,ELT,603,1,A,4250,C07,0.666,-2.55,-5.526,8.453,1.0,C,CCOP(=O)(N(C)C)O
Acetylcholinesterase,6g4o,ELT,603,1,A,4251,C08,2.173,-2.614,-5.178,22.945,0.0,C,CCOP(=O)(N(C)C)O
Acetylcholinesterase,6g4p,ELT,603,1,A,4279,C07,-0.259,-1.793,53.473,12.076,1.0,C,CCOP(=O)(N(C)C)O
Acetylcholinesterase,6g4p,ELT,603,1,A,4280,C08,-1.677,-1.619,52.966,21.737,0.0,C,CCOP(=O)(N(C)C)O
Acetylcholinesterase,6g4p,ELT,603,1,B,4285,C05,-1.198,-1.829,-1.846,2.415,7.0,C,CCOP(=O)(N(C)C)O
Acetylcholinesterase,6g4p,ELT,603,1,B,4287,C07,0.62,-2.682,-5.916,9.661,1.0,C,CCOP(=O)(N(C)C)O
Acetylcholinesterase,6g4p,ELT,603,1,B,4288,C08,2.088,-2.362,-5.625,20.53,0.0,C,CCOP(=O)(N(C)C)O
Acetylcholinesterase,6g4p,JDS,604,1,A,4281,CL1,-9.229,0.808,54.923,6.234,6.0,Cl,c1cc2c(cc1Cl)c(c3c(n2)CCCC3)NCCCCc4ccc(c(n4)/C=N\O)O
Acetylcholinesterase,6g4p,JDS,604,1,A,4283,N01,-8.442,4.961,50.896,2.187,10.0,N,c1cc2c(cc1Cl)c(c3c(n2)CCCC3)NCCCCc4ccc(c(n4)/C=N\O)O
Acetylcholinesterase,6g4p,JDS,604,1,A,4284,O01,-9.08,1.28,48.933,3.214,28.0,O,c1cc2c(cc1Cl)c(c3c(n2)CCCC3)NCCCCc4ccc(c(n4)/C=N\O)O
Acetylcholinesterase,6g4p,JDS,604,1,A,4287,O02,-11.98,4.075,48.805,11.786,29.0,O,c1cc2c(cc1Cl)c(c3c(n2)CCCC3)NCCCCc4ccc(c(n4)/C=N\O)O
Acetylcholinesterase,6g4p,JDS,604,1,A,4288,C03,-10.488,7.739,49.37,9.661,12.0,C,c1cc2c(cc1Cl)c(c3c(n2)CCCC3)NCCCCc4ccc(c(n4)/C=N\O)O
Acetylcholinesterase,6g4p,JDS,604,1,A,4290,C04,-10.797,8.385,50.681,15.699,13.0,C,c1cc2c(cc1Cl)c(c3c(n2)CCCC3)NCCCCc4ccc(c(n4)/C=N\O)O
Acetylcholinesterase,6g4p,JDS,604,1,A,4292,C05,-11.254,7.311,51.606,4.831,14.0,C,c1cc2c(cc1Cl)c(c3c(n2)CCCC3)NCCCCc4ccc(c(n4)/C=N\O)O
Acetylcholinesterase,6g4p,JDS,604,1,A,4297,C10,-7.96,2.768,51.783,2.415,1.0,C,c1cc2c(cc1Cl)c(c3c(n2)CCCC3)NCCCCc4ccc(c(n4)/C=N\O)O
Acetylcholinesterase,6g4p,JDS,604,1,A,4298,C11,-8.149,1.797,52.724,7.246,0.0,C,c1cc2c(cc1Cl)c(c3c(n2)CCCC3)NCCCCc4ccc(c(n4)/C=N\O)O
Acetylcholinesterase,6g4p,JDS,604,1,A,4301,C14,-12.202,6.508,54.626,10.869,16.0,C,c1cc2c(cc1Cl)c(c3c(n2)CCCC3)NCCCCc4ccc(c(n4)/C=N\O)O
Acetylcholinesterase,6g4p,JDS,604,1,A,4302,C15,-13.681,5.933,54.822,28.983,17.0,C,c1cc2c(cc1Cl)c(c3c(n2)CCCC3)NCCCCc4ccc(c(n4)/C=N\O)O
Acetylcholinesterase,6g4p,JDS,604,1,A,4303,C16,-13.801,4.375,55.22,14.492,18.0,C,c1cc2c(cc1Cl)c(c3c(n2)CCCC3)NCCCCc4ccc(c(n4)/C=N\O)O
Acetylcholinesterase,6g4p,JDS,604,1,A,4304,C17,-13.969,3.243,54.112,16.907,19.0,C,c1cc2c(cc1Cl)c(c3c(n2)CCCC3)NCCCCc4ccc(c(n4)/C=N\O)O
Acetylcholinesterase,6g4p,JDS,604,1,A,4305,C18,-13.416,3.479,52.662,1.208,20.0,C,c1cc2c(cc1Cl)c(c3c(n2)CCCC3)NCCCCc4ccc(c(n4)/C=N\O)O
Acetylcholinesterase,6g4p,JDS,604,1,A,4306,C19,-13.959,4.509,51.872,16.907,21.0,C,c1cc2c(cc1Cl)c(c3c(n2)CCCC3)NCCCCc4ccc(c(n4)/C=N\O)O
Acetylcholinesterase,6g4p,JDS,604,1,A,4307,C20,-13.493,4.731,50.589,21.737,22.0,C,c1cc2c(cc1Cl)c(c3c(n2)CCCC3)NCCCCc4ccc(c(n4)/C=N\O)O
Acetylcholinesterase,6g4p,JDS,604,1,A,4308,C21,-12.489,3.918,50.07,2.415,23.0,C,c1cc2c(cc1Cl)c(c3c(n2)CCCC3)NCCCCc4ccc(c(n4)/C=N\O)O
Acetylcholinesterase,6g4p,JDS,604,1,B,4289,CL1,12.905,8.112,-5.045,44.888,6.0,Cl,c1cc2c(cc1Cl)c(c3c(n2)CCCC3)NCCCCc4ccc(c(n4)/C=N\O)O
Acetylcholinesterase,6g4p,JDS,604,1,B,4292,O01,9.627,0.777,-2.161,5.357,28.0,O,c1cc2c(cc1Cl)c(c3c(n2)CCCC3)NCCCCc4ccc(c(n4)/C=N\O)O
Acetylcholinesterase,6g4p,JDS,604,1,B,4293,C02,7.796,1.773,-5.029,4.831,11.0,C,c1cc2c(cc1Cl)c(c3c(n2)CCCC3)NCCCCc4ccc(c(n4)/C=N\O)O
Acetylcholinesterase,6g4p,JDS,604,1,B,4295,O02,12.462,4.462,-2.091,21.429,29.0,O,c1cc2c(cc1Cl)c(c3c(n2)CCCC3)NCCCCc4ccc(c(n4)/C=N\O)O
Acetylcholinesterase,6g4p,JDS,604,1,B,4296,C03,7.585,0.715,-6.109,9.661,12.0,C,c1cc2c(cc1Cl)c(c3c(n2)CCCC3)NCCCCc4ccc(c(n4)/C=N\O)O
Acetylcholinesterase,6g4p,JDS,604,1,B,4298,C04,8.902,0.397,-6.773,2.415,13.0,C,c1cc2c(cc1Cl)c(c3c(n2)CCCC3)NCCCCc4ccc(c(n4)/C=N\O)O
Acetylcholinesterase,6g4p,JDS,604,1,B,4306,C11,10.943,6.845,-3.823,7.246,0.0,C,c1cc2c(cc1Cl)c(c3c(n2)CCCC3)NCCCCc4ccc(c(n4)/C=N\O)O
Acetylcholinesterase,6g4p,JDS,604,1,B,4308,C13,11.715,5.851,-5.885,2.415,4.0,C,c1cc2c(cc1Cl)c(c3c(n2)CCCC3)NCCCCc4ccc(c(n4)/C=N\O)O
Acetylcholinesterase,6g4p,JDS,604,1,B,4309,C14,12.439,3.333,-8.6,2.415,16.0,C,c1cc2c(cc1Cl)c(c3c(n2)CCCC3)NCCCCc4ccc(c(n4)/C=N\O)O
Acetylcholinesterase,6g4p,JDS,604,1,B,4310,C15,13.819,3.832,-8.212,22.945,17.0,C,c1cc2c(cc1Cl)c(c3c(n2)CCCC3)NCCCCc4ccc(c(n4)/C=N\O)O
Acetylcholinesterase,6g4p,JDS,604,1,B,4311,C16,14.766,2.66,-7.823,30.191,18.0,C,c1cc2c(cc1Cl)c(c3c(n2)CCCC3)NCCCCc4ccc(c(n4)/C=N\O)O
Acetylcholinesterase,6g4p,JDS,604,1,B,4312,C17,14.383,1.77,-6.624,8.453,19.0,C,c1cc2c(cc1Cl)c(c3c(n2)CCCC3)NCCCCc4ccc(c(n4)/C=N\O)O
Acetylcholinesterase,6g4p,JDS,604,1,B,4313,C18,13.862,2.484,-5.399,3.623,20.0,C,c1cc2c(cc1Cl)c(c3c(n2)CCCC3)NCCCCc4ccc(c(n4)/C=N\O)O
Acetylcholinesterase,6g4p,JDS,604,1,B,4314,C19,14.499,3.671,-4.992,14.492,21.0,C,c1cc2c(cc1Cl)c(c3c(n2)CCCC3)NCCCCc4ccc(c(n4)/C=N\O)O
Acetylcholinesterase,6g4p,JDS,604,1,B,4315,C20,14.053,4.365,-3.884,15.699,22.0,C,c1cc2c(cc1Cl)c(c3c(n2)CCCC3)NCCCCc4ccc(c(n4)/C=N\O)O
Acetylcholinesterase,6g4p,JDS,604,1,B,4316,C21,12.972,3.857,-3.197,2.415,23.0,C,c1cc2c(cc1Cl)c(c3c(n2)CCCC3)NCCCCc4ccc(c(n4)/C=N\O)O
Acetylcholinesterase,6g4p,JDS,604,1,B,4317,C22,12.354,2.665,-3.642,1.208,24.0,C,c1cc2c(cc1Cl)c(c3c(n2)CCCC3)NCCCCc4ccc(c(n4)/C=N\O)O
Acetylcholinesterase,6h12,FJK,626,1,A,4473,CAD,91.913,215.265,67.8,3.623,39.0,C,c1cc2c(c(c1)NC(=O)Nc3cc(ccn3)COCc4cn(nn4)CCNC5=C6C=CC=CC6=NC7C5CCCC7)[C@H]8CCCCN8C2=O
Acetylcholinesterase,6h12,FJK,626,1,A,4475,CAF,91.4,214.974,66.761,3.623,38.0,C,c1cc2c(c(c1)NC(=O)Nc3cc(ccn3)COCc4cn(nn4)CCNC5=C6C=CC=CC6=NC7C5CCCC7)[C@H]8CCCCN8C2=O
Acetylcholinesterase,6h12,FJK,626,1,A,4476,CAG,77.269,203.628,68.138,32.606,0.0,C,c1cc2c(c(c1)NC(=O)Nc3cc(ccn3)COCc4cn(nn4)CCNC5=C6C=CC=CC6=NC7C5CCCC7)[C@H]8CCCCN8C2=O
Acetylcholinesterase,6h12,FJK,626,1,A,4478,CAI,78.597,203.742,68.539,3.623,5.0,C,c1cc2c(c(c1)NC(=O)Nc3cc(ccn3)COCc4cn(nn4)CCNC5=C6C=CC=CC6=NC7C5CCCC7)[C@H]8CCCCN8C2=O
Acetylcholinesterase,6h12,FJK,626,1,A,4479,CAJ,76.471,204.776,68.096,27.775,1.0,C,c1cc2c(c(c1)NC(=O)Nc3cc(ccn3)COCc4cn(nn4)CCNC5=C6C=CC=CC6=NC7C5CCCC7)[C@H]8CCCCN8C2=O
Acetylcholinesterase,6h12,FJK,626,1,A,4480,CAK,83.354,208.575,68.595,2.415,13.0,C,c1cc2c(c(c1)NC(=O)Nc3cc(ccn3)COCc4cn(nn4)CCNC5=C6C=CC=CC6=NC7C5CCCC7)[C@H]8CCCCN8C2=O
Acetylcholinesterase,6h12,FJK,626,1,A,4484,CAO,90.259,214.708,66.841,3.623,37.0,C,c1cc2c(c(c1)NC(=O)Nc3cc(ccn3)COCc4cn(nn4)CCNC5=C6C=CC=CC6=NC7C5CCCC7)[C@H]8CCCCN8C2=O
Acetylcholinesterase,6h12,FJK,626,1,A,4485,CAP,83.269,207.285,70.623,13.284,11.0,C,c1cc2c(c(c1)NC(=O)Nc3cc(ccn3)COCc4cn(nn4)CCNC5=C6C=CC=CC6=NC7C5CCCC7)[C@H]8CCCCN8C2=O
Acetylcholinesterase,6h12,FJK,626,1,A,4486,CAQ,85.449,212.093,68.667,1.208,20.0,C,c1cc2c(c(c1)NC(=O)Nc3cc(ccn3)COCc4cn(nn4)CCNC5=C6C=CC=CC6=NC7C5CCCC7)[C@H]8CCCCN8C2=O
Acetylcholinesterase,6h12,FJK,626,1,A,4487,CAR,79.603,209.557,68.481,3.623,43.0,C,c1cc2c(c(c1)NC(=O)Nc3cc(ccn3)COCc4cn(nn4)CCNC5=C6C=CC=CC6=NC7C5CCCC7)[C@H]8CCCCN8C2=O
Acetylcholinesterase,6h12,FJK,626,1,A,4488,CAS,78.661,210.021,69.589,6.038,44.0,C,c1cc2c(c(c1)NC(=O)Nc3cc(ccn3)COCc4cn(nn4)CCNC5=C6C=CC=CC6=NC7C5CCCC7)[C@H]8CCCCN8C2=O
Acetylcholinesterase,6h12,FJK,626,1,A,4489,CAT,86.387,214.132,66.55,2.415,25.0,C,c1cc2c(c(c1)NC(=O)Nc3cc(ccn3)COCc4cn(nn4)CCNC5=C6C=CC=CC6=NC7C5CCCC7)[C@H]8CCCCN8C2=O
Acetylcholinesterase,6h12,FJK,626,1,A,4491,CAV,77.273,209.551,69.235,16.907,45.0,C,c1cc2c(c(c1)NC(=O)Nc3cc(ccn3)COCc4cn(nn4)CCNC5=C6C=CC=CC6=NC7C5CCCC7)[C@H]8CCCCN8C2=O
Acetylcholinesterase,6h12,FJK,626,1,A,4492,CAW,86.527,212.622,66.497,6.038,24.0,C,c1cc2c(c(c1)NC(=O)Nc3cc(ccn3)COCc4cn(nn4)CCNC5=C6C=CC=CC6=NC7C5CCCC7)[C@H]8CCCCN8C2=O
Acetylcholinesterase,6h12,FJK,626,1,A,4493,CAX,84.695,209.195,70.486,2.415,16.0,C,c1cc2c(c(c1)NC(=O)Nc3cc(ccn3)COCc4cn(nn4)CCNC5=C6C=CC=CC6=NC7C5CCCC7)[C@H]8CCCCN8C2=O
Acetylcholinesterase,6h12,FJK,626,1,A,4494,CAY,85.064,211.357,71.067,1.208,18.0,C,c1cc2c(c(c1)NC(=O)Nc3cc(ccn3)COCc4cn(nn4)CCNC5=C6C=CC=CC6=NC7C5CCCC7)[C@H]8CCCCN8C2=O
Acetylcholinesterase,6h12,FJK,626,1,A,4495,CBH,80.75,204.864,70.407,2.415,7.0,C,c1cc2c(c(c1)NC(=O)Nc3cc(ccn3)COCc4cn(nn4)CCNC5=C6C=CC=CC6=NC7C5CCCC7)[C@H]8CCCCN8C2=O
Acetylcholinesterase,6h12,FJK,626,1,A,4496,CBI,76.46,207.203,68.51,3.623,47.0,C,c1cc2c(c(c1)NC(=O)Nc3cc(ccn3)COCc4cn(nn4)CCNC5=C6C=CC=CC6=NC7C5CCCC7)[C@H]8CCCCN8C2=O
Acetylcholinesterase,6h12,FJK,626,1,A,4499,CBL,82.349,206.424,70.051,1.208,10.0,C,c1cc2c(c(c1)NC(=O)Nc3cc(ccn3)COCc4cn(nn4)CCNC5=C6C=CC=CC6=NC7C5CCCC7)[C@H]8CCCCN8C2=O
Acetylcholinesterase,6h12,FJK,626,1,A,4501,CBN,76.973,205.973,68.431,1.208,2.0,C,c1cc2c(c(c1)NC(=O)Nc3cc(ccn3)COCc4cn(nn4)CCNC5=C6C=CC=CC6=NC7C5CCCC7)[C@H]8CCCCN8C2=O
Acetylcholinesterase,6h12,FJK,626,1,A,4503,CBP,78.236,206.081,68.814,1.208,3.0,C,c1cc2c(c(c1)NC(=O)Nc3cc(ccn3)COCc4cn(nn4)CCNC5=C6C=CC=CC6=NC7C5CCCC7)[C@H]8CCCCN8C2=O
Acetylcholinesterase,6h12,FJK,626,1,A,4508,CBU,78.529,207.418,69.12,6.038,41.0,C,c1cc2c(c(c1)NC(=O)Nc3cc(ccn3)COCc4cn(nn4)CCNC5=C6C=CC=CC6=NC7C5CCCC7)[C@H]8CCCCN8C2=O
Acetylcholinesterase,6h12,FJK,626,1,A,4510,NBA,87.204,211.355,69.684,3.281,23.0,N,c1cc2c(c(c1)NC(=O)Nc3cc(ccn3)COCc4cn(nn4)CCNC5=C6C=CC=CC6=NC7C5CCCC7)[C@H]8CCCCN8C2=O
Acetylcholinesterase,6h12,FJK,626,1,A,4511,NBB,87.539,211.697,68.519,2.187,22.0,N,c1cc2c(c(c1)NC(=O)Nc3cc(ccn3)COCc4cn(nn4)CCNC5=C6C=CC=CC6=NC7C5CCCC7)[C@H]8CCCCN8C2=O
Acetylcholinesterase,6h12,FJK,626,1,A,4513,NBD,87.664,214.84,66.294,1.094,26.0,N,c1cc2c(c(c1)NC(=O)Nc3cc(ccn3)COCc4cn(nn4)CCNC5=C6C=CC=CC6=NC7C5CCCC7)[C@H]8CCCCN8C2=O
Acetylcholinesterase,6h12,FJK,626,1,A,4514,NBE,81.896,205.412,70.791,4.374,9.0,N,c1cc2c(c(c1)NC(=O)Nc3cc(ccn3)COCc4cn(nn4)CCNC5=C6C=CC=CC6=NC7C5CCCC7)[C@H]8CCCCN8C2=O
Acetylcholinesterase,6h12,FJK,626,1,A,4516,NBV,77.307,208.085,69.007,1.094,46.0,N,c1cc2c(c(c1)NC(=O)Nc3cc(ccn3)COCc4cn(nn4)CCNC5=C6C=CC=CC6=NC7C5CCCC7)[C@H]8CCCCN8C2=O
Acetylcholinesterase,6h12,FJK,626,1,A,4518,OAA,80.228,203.938,71.03,25.715,8.0,O,c1cc2c(c(c1)NC(=O)Nc3cc(ccn3)COCc4cn(nn4)CCNC5=C6C=CC=CC6=NC7C5CCCC7)[C@H]8CCCCN8C2=O
Acetylcholinesterase,6h12,FJK,626,1,A,4519,OAB,75.291,207.483,68.311,41.787,48.0,O,c1cc2c(c(c1)NC(=O)Nc3cc(ccn3)COCc4cn(nn4)CCNC5=C6C=CC=CC6=NC7C5CCCC7)[C@H]8CCCCN8C2=O
Acetylcholinesterase,6h12,FJK,626,1,A,4520,OBG,84.034,210.416,70.787,6.429,17.0,O,c1cc2c(c(c1)NC(=O)Nc3cc(ccn3)COCc4cn(nn4)CCNC5=C6C=CC=CC6=NC7C5CCCC7)[C@H]8CCCCN8C2=O
Acetylcholinesterase,6h12,FJK,619,1,B,4417,CAD,91.917,267.303,95.371,3.623,39.0,C,c1cc2c(c(c1)NC(=O)Nc3cc(ccn3)COCc4cn(nn4)CCNC5=C6C=CC=CC6=NC7C5CCCC7)[C@H]8CCCCN8C2=O
Acetylcholinesterase,6h12,FJK,619,1,B,4419,CAF,91.422,266.991,94.337,3.623,38.0,C,c1cc2c(c(c1)NC(=O)Nc3cc(ccn3)COCc4cn(nn4)CCNC5=C6C=CC=CC6=NC7C5CCCC7)[C@H]8CCCCN8C2=O
Acetylcholinesterase,6h12,FJK,619,1,B,4420,CAG,80.256,253.75,102.319,15.699,0.0,C,c1cc2c(c(c1)NC(=O)Nc3cc(ccn3)COCc4cn(nn4)CCNC5=C6C=CC=CC6=NC7C5CCCC7)[C@H]8CCCCN8C2=O
Acetylcholinesterase,6h12,FJK,619,1,B,4421,CAH,81.408,258.838,96.491,14.492,14.0,C,c1cc2c(c(c1)NC(=O)Nc3cc(ccn3)COCc4cn(nn4)CCNC5=C6C=CC=CC6=NC7C5CCCC7)[C@H]8CCCCN8C2=O
Acetylcholinesterase,6h12,FJK,619,1,B,4423,CAJ,79.158,254.359,102.921,10.869,1.0,C,c1cc2c(c(c1)NC(=O)Nc3cc(ccn3)COCc4cn(nn4)CCNC5=C6C=CC=CC6=NC7C5CCCC7)[C@H]8CCCCN8C2=O
Acetylcholinesterase,6h12,FJK,619,1,B,4424,CAK,82.099,260.018,96.238,10.869,13.0,C,c1cc2c(c(c1)NC(=O)Nc3cc(ccn3)COCc4cn(nn4)CCNC5=C6C=CC=CC6=NC7C5CCCC7)[C@H]8CCCCN8C2=O
Acetylcholinesterase,6h12,FJK,619,1,B,4428,CAO,90.278,266.779,94.396,3.623,37.0,C,c1cc2c(c(c1)NC(=O)Nc3cc(ccn3)COCc4cn(nn4)CCNC5=C6C=CC=CC6=NC7C5CCCC7)[C@H]8CCCCN8C2=O
Acetylcholinesterase,6h12,FJK,619,1,B,4429,CAP,83.15,259.818,98.391,7.246,11.0,C,c1cc2c(c(c1)NC(=O)Nc3cc(ccn3)COCc4cn(nn4)CCNC5=C6C=CC=CC6=NC7C5CCCC7)[C@H]8CCCCN8C2=O
Acetylcholinesterase,6h12,FJK,619,1,B,4430,CAQ,85.454,264.0,96.218,2.415,20.0,C,c1cc2c(c(c1)NC(=O)Nc3cc(ccn3)COCc4cn(nn4)CCNC5=C6C=CC=CC6=NC7C5CCCC7)[C@H]8CCCCN8C2=O
Acetylcholinesterase,6h12,FJK,619,1,B,4431,CAR,78.202,258.951,101.262,25.36,43.0,C,c1cc2c(c(c1)NC(=O)Nc3cc(ccn3)COCc4cn(nn4)CCNC5=C6C=CC=CC6=NC7C5CCCC7)[C@H]8CCCCN8C2=O
Acetylcholinesterase,6h12,FJK,619,1,B,4432,CAS,77.242,259.487,102.353,21.737,44.0,C,c1cc2c(c(c1)NC(=O)Nc3cc(ccn3)COCc4cn(nn4)CCNC5=C6C=CC=CC6=NC7C5CCCC7)[C@H]8CCCCN8C2=O
Acetylcholinesterase,6h12,FJK,619,1,B,4433,CAT,86.397,266.264,94.168,2.415,25.0,C,c1cc2c(c(c1)NC(=O)Nc3cc(ccn3)COCc4cn(nn4)CCNC5=C6C=CC=CC6=NC7C5CCCC7)[C@H]8CCCCN8C2=O
Acetylcholinesterase,6h12,FJK,619,1,B,4434,CAU,79.637,258.891,101.807,3.623,42.0,C,c1cc2c(c(c1)NC(=O)Nc3cc(ccn3)COCc4cn(nn4)CCNC5=C6C=CC=CC6=NC7C5CCCC7)[C@H]8CCCCN8C2=O
Acetylcholinesterase,6h12,FJK,619,1,B,4435,CAV,77.62,258.914,103.745,6.038,45.0,C,c1cc2c(c(c1)NC(=O)Nc3cc(ccn3)COCc4cn(nn4)CCNC5=C6C=CC=CC6=NC7C5CCCC7)[C@H]8CCCCN8C2=O
Acetylcholinesterase,6h12,FJK,619,1,B,4436,CAW,86.484,264.754,94.112,8.453,24.0,C,c1cc2c(c(c1)NC(=O)Nc3cc(ccn3)COCc4cn(nn4)CCNC5=C6C=CC=CC6=NC7C5CCCC7)[C@H]8CCCCN8C2=O
Acetylcholinesterase,6h12,FJK,619,1,B,4437,CAX,83.684,261.675,97.012,1.208,16.0,C,c1cc2c(c(c1)NC(=O)Nc3cc(ccn3)COCc4cn(nn4)CCNC5=C6C=CC=CC6=NC7C5CCCC7)[C@H]8CCCCN8C2=O
Acetylcholinesterase,6h12,FJK,619,1,B,4438,CAY,85.05,263.053,98.584,3.623,18.0,C,c1cc2c(c(c1)NC(=O)Nc3cc(ccn3)COCc4cn(nn4)CCNC5=C6C=CC=CC6=NC7C5CCCC7)[C@H]8CCCCN8C2=O
Acetylcholinesterase,6h12,FJK,619,1,B,4440,CBI,78.115,256.425,103.605,2.415,47.0,C,c1cc2c(c(c1)NC(=O)Nc3cc(ccn3)COCc4cn(nn4)CCNC5=C6C=CC=CC6=NC7C5CCCC7)[C@H]8CCCCN8C2=O
Acetylcholinesterase,6h12,FJK,619,1,B,4441,CBJ,82.972,260.504,97.204,2.415,12.0,C,c1cc2c(c(c1)NC(=O)Nc3cc(ccn3)COCc4cn(nn4)CCNC5=C6C=CC=CC6=NC7C5CCCC7)[C@H]8CCCCN8C2=O
Acetylcholinesterase,6h12,FJK,619,1,B,4445,CBN,79.094,255.677,103.09,1.208,2.0,C,c1cc2c(c(c1)NC(=O)Nc3cc(ccn3)COCc4cn(nn4)CCNC5=C6C=CC=CC6=NC7C5CCCC7)[C@H]8CCCCN8C2=O
Acetylcholinesterase,6h12,FJK,619,1,B,4454,NBA,87.238,263.431,97.317,2.187,23.0,N,c1cc2c(c(c1)NC(=O)Nc3cc(ccn3)COCc4cn(nn4)CCNC5=C6C=CC=CC6=NC7C5CCCC7)[C@H]8CCCCN8C2=O
Acetylcholinesterase,6h12,FJK,619,1,B,4455,NBB,87.592,263.865,96.186,2.187,22.0,N,c1cc2c(c(c1)NC(=O)Nc3cc(ccn3)COCc4cn(nn4)CCNC5=C6C=CC=CC6=NC7C5CCCC7)[C@H]8CCCCN8C2=O
Acetylcholinesterase,6h12,FJK,619,1,B,4457,NBD,87.712,266.909,93.932,1.094,26.0,N,c1cc2c(c(c1)NC(=O)Nc3cc(ccn3)COCc4cn(nn4)CCNC5=C6C=CC=CC6=NC7C5CCCC7)[C@H]8CCCCN8C2=O
Acetylcholinesterase,6h12,FJK,619,1,B,4458,NBE,82.711,258.075,99.828,2.187,9.0,N,c1cc2c(c(c1)NC(=O)Nc3cc(ccn3)COCc4cn(nn4)CCNC5=C6C=CC=CC6=NC7C5CCCC7)[C@H]8CCCCN8C2=O
Acetylcholinesterase,6h12,FJK,619,1,B,4462,OAA,80.818,256.834,99.764,9.643,8.0,O,c1cc2c(c(c1)NC(=O)Nc3cc(ccn3)COCc4cn(nn4)CCNC5=C6C=CC=CC6=NC7C5CCCC7)[C@H]8CCCCN8C2=O
Acetylcholinesterase,6h12,FJK,619,1,B,4463,OAB,77.036,255.99,104.009,31.072,48.0,O,c1cc2c(c(c1)NC(=O)Nc3cc(ccn3)COCc4cn(nn4)CCNC5=C6C=CC=CC6=NC7C5CCCC7)[C@H]8CCCCN8C2=O
Acetylcholinesterase,6h12,FJK,619,1,B,4464,OBG,83.767,262.469,98.226,2.143,17.0,O,c1cc2c(c(c1)NC(=O)Nc3cc(ccn3)COCc4cn(nn4)CCNC5=C6C=CC=CC6=NC7C5CCCC7)[C@H]8CCCCN8C2=O
Acetylcholinesterase,6h13,FJN,604,1,A,4335,CAA,-44.826,109.371,55.505,3.623,38.0,C,C[NH+](Cc1ccnc(c1)NC(=O)Nc2cccc3c2[C@@H]4CCCCN4C3=O)Cc5cn(nn5)CCNC6=C7C=CC=CC7=NC8C6CCCC8
Acetylcholinesterase,6h13,FJN,604,1,A,4336,CAB,-46.319,109.637,55.674,2.415,39.0,C,C[NH+](Cc1ccnc(c1)NC(=O)Nc2cccc3c2[C@@H]4CCCCN4C3=O)Cc5cn(nn5)CCNC6=C7C=CC=CC7=NC8C6CCCC8
Acetylcholinesterase,6h13,FJN,604,1,A,4337,CAC,-46.886,109.985,54.328,2.415,40.0,C,C[NH+](Cc1ccnc(c1)NC(=O)Nc2cccc3c2[C@@H]4CCCCN4C3=O)Cc5cn(nn5)CCNC6=C7C=CC=CC7=NC8C6CCCC8
Acetylcholinesterase,6h13,FJN,604,1,A,4348,CAO,-40.78,109.139,55.755,1.208,34.0,C,C[NH+](Cc1ccnc(c1)NC(=O)Nc2cccc3c2[C@@H]4CCCCN4C3=O)Cc5cn(nn5)CCNC6=C7C=CC=CC7=NC8C6CCCC8
Acetylcholinesterase,6h13,FJN,604,1,A,4349,CAQ,-40.721,107.617,55.691,6.038,33.0,C,C[NH+](Cc1ccnc(c1)NC(=O)Nc2cccc3c2[C@@H]4CCCCN4C3=O)Cc5cn(nn5)CCNC6=C7C=CC=CC7=NC8C6CCCC8
Acetylcholinesterase,6h13,FJN,604,1,A,4351,CAS,-39.659,106.845,53.548,2.415,29.0,C,C[NH+](Cc1ccnc(c1)NC(=O)Nc2cccc3c2[C@@H]4CCCCN4C3=O)Cc5cn(nn5)CCNC6=C7C=CC=CC7=NC8C6CCCC8
Acetylcholinesterase,6h13,FJN,604,1,A,4353,CAX,-37.744,104.509,51.857,1.208,2.0,C,C[NH+](Cc1ccnc(c1)NC(=O)Nc2cccc3c2[C@@H]4CCCCN4C3=O)Cc5cn(nn5)CCNC6=C7C=CC=CC7=NC8C6CCCC8
Acetylcholinesterase,6h13,FJN,604,1,A,4354,CAY,-37.072,103.265,52.019,3.623,3.0,C,C[NH+](Cc1ccnc(c1)NC(=O)Nc2cccc3c2[C@@H]4CCCCN4C3=O)Cc5cn(nn5)CCNC6=C7C=CC=CC7=NC8C6CCCC8
Acetylcholinesterase,6h13,FJN,604,1,A,4355,CAZ,-36.269,103.002,53.138,10.869,4.0,C,C[NH+](Cc1ccnc(c1)NC(=O)Nc2cccc3c2[C@@H]4CCCCN4C3=O)Cc5cn(nn5)CCNC6=C7C=CC=CC7=NC8C6CCCC8
Acetylcholinesterase,6h13,FJN,604,1,A,4356,CBA,-35.606,101.771,53.242,10.869,5.0,C,C[NH+](Cc1ccnc(c1)NC(=O)Nc2cccc3c2[C@@H]4CCCCN4C3=O)Cc5cn(nn5)CCNC6=C7C=CC=CC7=NC8C6CCCC8
Acetylcholinesterase,6h13,FJN,604,1,A,4357,CBB,-36.51,101.059,51.137,2.415,7.0,C,C[NH+](Cc1ccnc(c1)NC(=O)Nc2cccc3c2[C@@H]4CCCCN4C3=O)Cc5cn(nn5)CCNC6=C7C=CC=CC7=NC8C6CCCC8
Acetylcholinesterase,6h13,FJN,604,1,A,4358,CBC,-37.147,102.28,51.043,8.453,8.0,C,C[NH+](Cc1ccnc(c1)NC(=O)Nc2cccc3c2[C@@H]4CCCCN4C3=O)Cc5cn(nn5)CCNC6=C7C=CC=CC7=NC8C6CCCC8
Acetylcholinesterase,6h13,FJN,604,1,A,4359,CBE,-35.871,99.193,49.932,4.831,10.0,C,C[NH+](Cc1ccnc(c1)NC(=O)Nc2cccc3c2[C@@H]4CCCCN4C3=O)Cc5cn(nn5)CCNC6=C7C=CC=CC7=NC8C6CCCC8
Acetylcholinesterase,6h13,FJN,604,1,A,4360,CBI,-33.879,98.214,51.159,3.623,13.0,C,C[NH+](Cc1ccnc(c1)NC(=O)Nc2cccc3c2[C@@H]4CCCCN4C3=O)Cc5cn(nn5)CCNC6=C7C=CC=CC7=NC8C6CCCC8
Acetylcholinesterase,6h13,FJN,604,1,A,4361,CBJ,-33.528,97.122,50.422,3.623,18.0,C,C[NH+](Cc1ccnc(c1)NC(=O)Nc2cccc3c2[C@@H]4CCCCN4C3=O)Cc5cn(nn5)CCNC6=C7C=CC=CC7=NC8C6CCCC8
Acetylcholinesterase,6h13,FJN,604,1,A,4362,CBK,-32.425,96.421,50.784,1.208,17.0,C,C[NH+](Cc1ccnc(c1)NC(=O)Nc2cccc3c2[C@@H]4CCCCN4C3=O)Cc5cn(nn5)CCNC6=C7C=CC=CC7=NC8C6CCCC8
Acetylcholinesterase,6h13,FJN,604,1,A,4363,CBL,-31.662,96.784,51.824,20.53,16.0,C,C[NH+](Cc1ccnc(c1)NC(=O)Nc2cccc3c2[C@@H]4CCCCN4C3=O)Cc5cn(nn5)CCNC6=C7C=CC=CC7=NC8C6CCCC8
Acetylcholinesterase,6h13,FJN,604,1,A,4364,CBM,-31.968,97.887,52.606,32.606,15.0,C,C[NH+](Cc1ccnc(c1)NC(=O)Nc2cccc3c2[C@@H]4CCCCN4C3=O)Cc5cn(nn5)CCNC6=C7C=CC=CC7=NC8C6CCCC8
Acetylcholinesterase,6h13,FJN,604,1,A,4365,CBN,-33.096,98.601,52.251,10.869,14.0,C,C[NH+](Cc1ccnc(c1)NC(=O)Nc2cccc3c2[C@@H]4CCCCN4C3=O)Cc5cn(nn5)CCNC6=C7C=CC=CC7=NC8C6CCCC8
Acetylcholinesterase,6h13,FJN,604,1,A,4366,CBO,-32.241,95.403,49.928,3.623,25.0,C,C[NH+](Cc1ccnc(c1)NC(=O)Nc2cccc3c2[C@@H]4CCCCN4C3=O)Cc5cn(nn5)CCNC6=C7C=CC=CC7=NC8C6CCCC8
Acetylcholinesterase,6h13,FJN,604,1,A,4367,CBP,-34.064,96.452,49.292,3.623,19.0,C,C[NH+](Cc1ccnc(c1)NC(=O)Nc2cccc3c2[C@@H]4CCCCN4C3=O)Cc5cn(nn5)CCNC6=C7C=CC=CC7=NC8C6CCCC8
Acetylcholinesterase,6h13,FJN,604,1,A,4370,CBS,-34.841,93.904,47.855,9.661,22.0,C,C[NH+](Cc1ccnc(c1)NC(=O)Nc2cccc3c2[C@@H]4CCCCN4C3=O)Cc5cn(nn5)CCNC6=C7C=CC=CC7=NC8C6CCCC8
Acetylcholinesterase,6h13,FJN,604,1,A,4371,CBT,-33.423,94.526,47.765,13.284,23.0,C,C[NH+](Cc1ccnc(c1)NC(=O)Nc2cccc3c2[C@@H]4CCCCN4C3=O)Cc5cn(nn5)CCNC6=C7C=CC=CC7=NC8C6CCCC8
Acetylcholinesterase,6h13,FJN,604,1,A,4372,CBX,-39.232,104.22,49.748,2.415,0.0,C,C[NH+](Cc1ccnc(c1)NC(=O)Nc2cccc3c2[C@@H]4CCCCN4C3=O)Cc5cn(nn5)CCNC6=C7C=CC=CC7=NC8C6CCCC8
Acetylcholinesterase,6h13,FJN,604,1,A,4374,NAP,-42.182,109.626,55.756,1.094,35.0,N,C[NH+](Cc1ccnc(c1)NC(=O)Nc2cccc3c2[C@@H]4CCCCN4C3=O)Cc5cn(nn5)CCNC6=C7C=CC=CC7=NC8C6CCCC8
Acetylcholinesterase,6h13,FJN,604,1,A,4376,NAU,-41.794,106.961,53.558,3.281,31.0,N,C[NH+](Cc1ccnc(c1)NC(=O)Nc2cccc3c2[C@@H]4CCCCN4C3=O)Cc5cn(nn5)CCNC6=C7C=CC=CC7=NC8C6CCCC8
Acetylcholinesterase,6h13,FJN,604,1,A,4377,NAV,-41.489,106.566,52.428,1.094,32.0,N,C[NH+](Cc1ccnc(c1)NC(=O)Nc2cccc3c2[C@@H]4CCCCN4C3=O)Cc5cn(nn5)CCNC6=C7C=CC=CC7=NC8C6CCCC8
Acetylcholinesterase,6h13,FJN,604,1,A,4380,NBH,-34.946,99.044,50.939,2.187,12.0,N,C[NH+](Cc1ccnc(c1)NC(=O)Nc2cccc3c2[C@@H]4CCCCN4C3=O)Cc5cn(nn5)CCNC6=C7C=CC=CC7=NC8C6CCCC8
Acetylcholinesterase,6h13,FJN,604,1,A,4383,OBG,-36.038,98.488,48.936,3.214,11.0,O,C[NH+](Cc1ccnc(c1)NC(=O)Nc2cccc3c2[C@@H]4CCCCN4C3=O)Cc5cn(nn5)CCNC6=C7C=CC=CC7=NC8C6CCCC8
Acetylcholinesterase,6h13,FJN,604,1,A,4384,OBU,-31.279,94.635,49.97,36.43,26.0,O,C[NH+](Cc1ccnc(c1)NC(=O)Nc2cccc3c2[C@@H]4CCCCN4C3=O)Cc5cn(nn5)CCNC6=C7C=CC=CC7=NC8C6CCCC8
Acetylcholinesterase,6h14,FW8,610,1,A,4360,OBT,-13.82,171.4,51.529,26.786,45.0,O,c1ccc2c(c1)c(c3c(n2)CCCC3)NCCn4cc(nn4)c5ccnc(c5)NC(=O)Nc6cccc7c6[C@@H]8CCCCN8C7=O
Acetylcholinesterase,6h14,FW8,610,1,A,4362,CBM,-13.077,170.494,51.152,4.831,44.0,C,c1ccc2c(c1)c(c3c(n2)CCCC3)NCCn4cc(nn4)c5ccnc(c5)NC(=O)Nc6cccc7c6[C@@H]8CCCCN8C7=O
Acetylcholinesterase,6h14,FW8,610,1,A,4364,NBS,-12.479,170.451,49.969,1.094,43.0,N,c1ccc2c(c1)c(c3c(n2)CCCC3)NCCn4cc(nn4)c5ccnc(c5)NC(=O)Nc6cccc7c6[C@@H]8CCCCN8C7=O
Acetylcholinesterase,6h14,FW8,610,1,A,4366,CBR,-12.52,171.347,48.804,20.53,42.0,C,c1ccc2c(c1)c(c3c(n2)CCCC3)NCCn4cc(nn4)c5ccnc(c5)NC(=O)Nc6cccc7c6[C@@H]8CCCCN8C7=O
Acetylcholinesterase,6h14,FW8,610,1,A,4368,CBQ,-11.108,171.531,48.211,4.831,41.0,C,c1ccc2c(c1)c(c3c(n2)CCCC3)NCCn4cc(nn4)c5ccnc(c5)NC(=O)Nc6cccc7c6[C@@H]8CCCCN8C7=O
Acetylcholinesterase,6h14,FW8,610,1,A,4370,CBP,-10.365,170.191,48.109,2.415,40.0,C,c1ccc2c(c1)c(c3c(n2)CCCC3)NCCn4cc(nn4)c5ccnc(c5)NC(=O)Nc6cccc7c6[C@@H]8CCCCN8C7=O
Acetylcholinesterase,6h14,FW8,610,1,A,4374,CBN,-11.676,169.236,49.965,7.246,38.0,C,c1ccc2c(c1)c(c3c(n2)CCCC3)NCCn4cc(nn4)c5ccnc(c5)NC(=O)Nc6cccc7c6[C@@H]8CCCCN8C7=O
Acetylcholinesterase,6h14,FW8,610,1,A,4376,CBG,-11.819,168.707,51.268,2.415,37.0,C,c1ccc2c(c1)c(c3c(n2)CCCC3)NCCn4cc(nn4)c5ccnc(c5)NC(=O)Nc6cccc7c6[C@@H]8CCCCN8C7=O
Acetylcholinesterase,6h14,FW8,610,1,A,4378,CBH,-12.703,169.477,51.928,2.415,36.0,C,c1ccc2c(c1)c(c3c(n2)CCCC3)NCCn4cc(nn4)c5ccnc(c5)NC(=O)Nc6cccc7c6[C@@H]8CCCCN8C7=O
Acetylcholinesterase,6h14,FW8,610,1,A,4380,CBI,-13.047,169.211,53.186,20.53,35.0,C,c1ccc2c(c1)c(c3c(n2)CCCC3)NCCn4cc(nn4)c5ccnc(c5)NC(=O)Nc6cccc7c6[C@@H]8CCCCN8C7=O
Acetylcholinesterase,6h14,FW8,610,1,A,4382,CBJ,-12.526,168.106,53.839,10.869,34.0,C,c1ccc2c(c1)c(c3c(n2)CCCC3)NCCn4cc(nn4)c5ccnc(c5)NC(=O)Nc6cccc7c6[C@@H]8CCCCN8C7=O
Acetylcholinesterase,6h14,FW8,610,1,A,4384,CBK,-11.639,167.289,53.157,8.453,33.0,C,c1ccc2c(c1)c(c3c(n2)CCCC3)NCCn4cc(nn4)c5ccnc(c5)NC(=O)Nc6cccc7c6[C@@H]8CCCCN8C7=O
Acetylcholinesterase,6h14,FW8,610,1,A,4386,CBF,-11.305,167.61,51.844,2.415,32.0,C,c1ccc2c(c1)c(c3c(n2)CCCC3)NCCn4cc(nn4)c5ccnc(c5)NC(=O)Nc6cccc7c6[C@@H]8CCCCN8C7=O
Acetylcholinesterase,6h14,FW8,610,1,A,4388,NBE,-10.453,166.927,51.065,6.562,31.0,N,c1ccc2c(c1)c(c3c(n2)CCCC3)NCCn4cc(nn4)c5ccnc(c5)NC(=O)Nc6cccc7c6[C@@H]8CCCCN8C7=O
Acetylcholinesterase,6h14,FW8,610,1,A,4390,CBC,-9.626,165.932,51.462,1.208,29.0,C,c1ccc2c(c1)c(c3c(n2)CCCC3)NCCn4cc(nn4)c5ccnc(c5)NC(=O)Nc6cccc7c6[C@@H]8CCCCN8C7=O
Acetylcholinesterase,6h14,FW8,610,1,A,4392,OBL,-9.591,165.484,52.61,8.572,30.0,O,c1ccc2c(c1)c(c3c(n2)CCCC3)NCCn4cc(nn4)c5ccnc(c5)NC(=O)Nc6cccc7c6[C@@H]8CCCCN8C7=O
Acetylcholinesterase,6h14,FW8,610,1,A,4394,NBD,-8.871,165.458,50.443,3.281,28.0,N,c1ccc2c(c1)c(c3c(n2)CCCC3)NCCn4cc(nn4)c5ccnc(c5)NC(=O)Nc6cccc7c6[C@@H]8CCCCN8C7=O
Acetylcholinesterase,6h14,FW8,610,1,A,4400,NBB,-7.222,164.402,49.332,1.094,25.0,N,c1ccc2c(c1)c(c3c(n2)CCCC3)NCCn4cc(nn4)c5ccnc(c5)NC(=O)Nc6cccc7c6[C@@H]8CCCCN8C7=O
Acetylcholinesterase,6h14,FW8,610,1,A,4410,CAR,-6.785,161.419,53.378,2.415,,,c1ccc2c(c1)c(c3c(n2)CCCC3)NCCn4cc(nn4)c5ccnc(c5)NC(=O)Nc6cccc7c6[C@@H]8CCCCN8C7=O
Acetylcholinesterase,6h14,FW8,610,1,A,4412,NAV,-4.797,161.608,52.556,2.187,,,c1ccc2c(c1)c(c3c(n2)CCCC3)NCCn4cc(nn4)c5ccnc(c5)NC(=O)Nc6cccc7c6[C@@H]8CCCCN8C7=O
Acetylcholinesterase,6h14,FW8,610,1,A,4414,NAU,-4.738,160.844,53.563,2.187,,,c1ccc2c(c1)c(c3c(n2)CCCC3)NCCn4cc(nn4)c5ccnc(c5)NC(=O)Nc6cccc7c6[C@@H]8CCCCN8C7=O
Acetylcholinesterase,6h14,FW8,610,1,A,4418,CAQ,-6.16,159.836,55.275,1.208,16.0,C,c1ccc2c(c1)c(c3c(n2)CCCC3)NCCn4cc(nn4)c5ccnc(c5)NC(=O)Nc6cccc7c6[C@@H]8CCCCN8C7=O
Acetylcholinesterase,6h14,FW8,610,1,A,4420,CAP,-4.818,159.375,55.822,7.246,15.0,C,c1ccc2c(c1)c(c3c(n2)CCCC3)NCCn4cc(nn4)c5ccnc(c5)NC(=O)Nc6cccc7c6[C@@H]8CCCCN8C7=O
Acetylcholinesterase,6h14,FW8,610,1,A,4422,NAO,-4.68,157.907,55.874,1.094,14.0,N,c1ccc2c(c1)c(c3c(n2)CCCC3)NCCn4cc(nn4)c5ccnc(c5)NC(=O)Nc6cccc7c6[C@@H]8CCCCN8C7=O
Acetylcholinesterase,6h14,FW8,610,1,A,4428,CAM,-1.762,158.261,55.614,6.038,11.0,C,c1ccc2c(c1)c(c3c(n2)CCCC3)NCCn4cc(nn4)c5ccnc(c5)NC(=O)Nc6cccc7c6[C@@H]8CCCCN8C7=O
Acetylcholinesterase,6h14,FW8,610,1,A,4430,CAL,-0.267,157.966,55.649,2.415,12.0,C,c1ccc2c(c1)c(c3c(n2)CCCC3)NCCn4cc(nn4)c5ccnc(c5)NC(=O)Nc6cccc7c6[C@@H]8CCCCN8C7=O
Acetylcholinesterase,6h14,FW8,610,1,A,4432,CAK,0.176,157.652,54.229,3.623,,,c1ccc2c(c1)c(c3c(n2)CCCC3)NCCn4cc(nn4)c5ccnc(c5)NC(=O)Nc6cccc7c6[C@@H]8CCCCN8C7=O
Acetylcholinesterase,6h13,FJN,605,1,B,4345,CAA,-44.692,162.463,83.549,6.038,38.0,C,C[NH+](Cc1ccnc(c1)NC(=O)Nc2cccc3c2[C@@H]4CCCCN4C3=O)Cc5cn(nn5)CCNC6=C7C=CC=CC7=NC8C6CCCC8
Acetylcholinesterase,6h13,FJN,605,1,B,4346,CAB,-46.193,162.736,83.665,2.415,39.0,C,C[NH+](Cc1ccnc(c1)NC(=O)Nc2cccc3c2[C@@H]4CCCCN4C3=O)Cc5cn(nn5)CCNC6=C7C=CC=CC7=NC8C6CCCC8
Acetylcholinesterase,6h13,FJN,605,1,B,4347,CAC,-46.721,163.013,82.273,2.415,40.0,C,C[NH+](Cc1ccnc(c1)NC(=O)Nc2cccc3c2[C@@H]4CCCCN4C3=O)Cc5cn(nn5)CCNC6=C7C=CC=CC7=NC8C6CCCC8
Acetylcholinesterase,6h13,FJN,605,1,B,4358,CAO,-40.642,162.252,83.763,1.208,34.0,C,C[NH+](Cc1ccnc(c1)NC(=O)Nc2cccc3c2[C@@H]4CCCCN4C3=O)Cc5cn(nn5)CCNC6=C7C=CC=CC7=NC8C6CCCC8
Acetylcholinesterase,6h13,FJN,605,1,B,4359,CAQ,-40.627,160.74,83.719,6.038,33.0,C,C[NH+](Cc1ccnc(c1)NC(=O)Nc2cccc3c2[C@@H]4CCCCN4C3=O)Cc5cn(nn5)CCNC6=C7C=CC=CC7=NC8C6CCCC8
Acetylcholinesterase,6h13,FJN,605,1,B,4361,CAS,-39.496,159.905,81.645,2.415,29.0,C,C[NH+](Cc1ccnc(c1)NC(=O)Nc2cccc3c2[C@@H]4CCCCN4C3=O)Cc5cn(nn5)CCNC6=C7C=CC=CC7=NC8C6CCCC8
Acetylcholinesterase,6h13,FJN,605,1,B,4362,CAW,-39.151,159.022,79.317,1.208,27.0,C,C[NH+](Cc1ccnc(c1)NC(=O)Nc2cccc3c2[C@@H]4CCCCN4C3=O)Cc5cn(nn5)CCNC6=C7C=CC=CC7=NC8C6CCCC8
Acetylcholinesterase,6h13,FJN,605,1,B,4363,CAX,-37.491,157.492,79.971,1.208,2.0,C,C[NH+](Cc1ccnc(c1)NC(=O)Nc2cccc3c2[C@@H]4CCCCN4C3=O)Cc5cn(nn5)CCNC6=C7C=CC=CC7=NC8C6CCCC8
Acetylcholinesterase,6h13,FJN,605,1,B,4364,CAY,-36.88,156.233,80.157,1.208,3.0,C,C[NH+](Cc1ccnc(c1)NC(=O)Nc2cccc3c2[C@@H]4CCCCN4C3=O)Cc5cn(nn5)CCNC6=C7C=CC=CC7=NC8C6CCCC8
Acetylcholinesterase,6h13,FJN,605,1,B,4365,CAZ,-36.152,155.925,81.311,9.661,4.0,C,C[NH+](Cc1ccnc(c1)NC(=O)Nc2cccc3c2[C@@H]4CCCCN4C3=O)Cc5cn(nn5)CCNC6=C7C=CC=CC7=NC8C6CCCC8
Acetylcholinesterase,6h13,FJN,605,1,B,4366,CBA,-35.542,154.671,81.419,10.869,5.0,C,C[NH+](Cc1ccnc(c1)NC(=O)Nc2cccc3c2[C@@H]4CCCCN4C3=O)Cc5cn(nn5)CCNC6=C7C=CC=CC7=NC8C6CCCC8
Acetylcholinesterase,6h13,FJN,605,1,B,4367,CBB,-36.348,154.046,79.253,2.415,7.0,C,C[NH+](Cc1ccnc(c1)NC(=O)Nc2cccc3c2[C@@H]4CCCCN4C3=O)Cc5cn(nn5)CCNC6=C7C=CC=CC7=NC8C6CCCC8
Acetylcholinesterase,6h13,FJN,605,1,B,4368,CBC,-36.925,155.289,79.147,10.869,8.0,C,C[NH+](Cc1ccnc(c1)NC(=O)Nc2cccc3c2[C@@H]4CCCCN4C3=O)Cc5cn(nn5)CCNC6=C7C=CC=CC7=NC8C6CCCC8
Acetylcholinesterase,6h13,FJN,605,1,B,4369,CBE,-35.628,152.255,77.997,6.038,10.0,C,C[NH+](Cc1ccnc(c1)NC(=O)Nc2cccc3c2[C@@H]4CCCCN4C3=O)Cc5cn(nn5)CCNC6=C7C=CC=CC7=NC8C6CCCC8
Acetylcholinesterase,6h13,FJN,605,1,B,4370,CBI,-33.653,151.268,79.269,4.831,13.0,C,C[NH+](Cc1ccnc(c1)NC(=O)Nc2cccc3c2[C@@H]4CCCCN4C3=O)Cc5cn(nn5)CCNC6=C7C=CC=CC7=NC8C6CCCC8
Acetylcholinesterase,6h13,FJN,605,1,B,4371,CBJ,-33.313,150.151,78.566,3.623,18.0,C,C[NH+](Cc1ccnc(c1)NC(=O)Nc2cccc3c2[C@@H]4CCCCN4C3=O)Cc5cn(nn5)CCNC6=C7C=CC=CC7=NC8C6CCCC8
Acetylcholinesterase,6h13,FJN,605,1,B,4372,CBK,-32.216,149.448,78.948,1.208,17.0,C,C[NH+](Cc1ccnc(c1)NC(=O)Nc2cccc3c2[C@@H]4CCCCN4C3=O)Cc5cn(nn5)CCNC6=C7C=CC=CC7=NC8C6CCCC8
Acetylcholinesterase,6h13,FJN,605,1,B,4373,CBL,-31.463,149.812,79.995,21.737,16.0,C,C[NH+](Cc1ccnc(c1)NC(=O)Nc2cccc3c2[C@@H]4CCCCN4C3=O)Cc5cn(nn5)CCNC6=C7C=CC=CC7=NC8C6CCCC8
Acetylcholinesterase,6h13,FJN,605,1,B,4374,CBM,-31.765,150.93,80.752,35.021,15.0,C,C[NH+](Cc1ccnc(c1)NC(=O)Nc2cccc3c2[C@@H]4CCCCN4C3=O)Cc5cn(nn5)CCNC6=C7C=CC=CC7=NC8C6CCCC8
Acetylcholinesterase,6h13,FJN,605,1,B,4375,CBN,-32.879,151.654,80.372,14.492,14.0,C,C[NH+](Cc1ccnc(c1)NC(=O)Nc2cccc3c2[C@@H]4CCCCN4C3=O)Cc5cn(nn5)CCNC6=C7C=CC=CC7=NC8C6CCCC8
Acetylcholinesterase,6h13,FJN,605,1,B,4376,CBO,-32.043,148.406,78.122,3.623,25.0,C,C[NH+](Cc1ccnc(c1)NC(=O)Nc2cccc3c2[C@@H]4CCCCN4C3=O)Cc5cn(nn5)CCNC6=C7C=CC=CC7=NC8C6CCCC8
Acetylcholinesterase,6h13,FJN,605,1,B,4377,CBP,-33.838,149.477,77.433,2.415,19.0,C,C[NH+](Cc1ccnc(c1)NC(=O)Nc2cccc3c2[C@@H]4CCCCN4C3=O)Cc5cn(nn5)CCNC6=C7C=CC=CC7=NC8C6CCCC8
Acetylcholinesterase,6h13,FJN,605,1,B,4380,CBS,-34.676,146.906,76.134,8.453,22.0,C,C[NH+](Cc1ccnc(c1)NC(=O)Nc2cccc3c2[C@@H]4CCCCN4C3=O)Cc5cn(nn5)CCNC6=C7C=CC=CC7=NC8C6CCCC8
Acetylcholinesterase,6h13,FJN,605,1,B,4381,CBT,-33.237,147.441,76.017,13.284,23.0,C,C[NH+](Cc1ccnc(c1)NC(=O)Nc2cccc3c2[C@@H]4CCCCN4C3=O)Cc5cn(nn5)CCNC6=C7C=CC=CC7=NC8C6CCCC8
Acetylcholinesterase,6h13,FJN,605,1,B,4382,CBX,-39.515,156.873,78.456,6.038,0.0,C,C[NH+](Cc1ccnc(c1)NC(=O)Nc2cccc3c2[C@@H]4CCCCN4C3=O)Cc5cn(nn5)CCNC6=C7C=CC=CC7=NC8C6CCCC8
Acetylcholinesterase,6h13,FJN,605,1,B,4384,NAP,-42.024,162.776,83.851,1.094,35.0,N,C[NH+](Cc1ccnc(c1)NC(=O)Nc2cccc3c2[C@@H]4CCCCN4C3=O)Cc5cn(nn5)CCNC6=C7C=CC=CC7=NC8C6CCCC8
Acetylcholinesterase,6h13,FJN,605,1,B,4386,NAU,-41.621,160.079,81.58,3.281,31.0,N,C[NH+](Cc1ccnc(c1)NC(=O)Nc2cccc3c2[C@@H]4CCCCN4C3=O)Cc5cn(nn5)CCNC6=C7C=CC=CC7=NC8C6CCCC8
Acetylcholinesterase,6h13,FJN,605,1,B,4387,NAV,-41.296,159.65,80.465,2.187,32.0,N,C[NH+](Cc1ccnc(c1)NC(=O)Nc2cccc3c2[C@@H]4CCCCN4C3=O)Cc5cn(nn5)CCNC6=C7C=CC=CC7=NC8C6CCCC8
Acetylcholinesterase,6h13,FJN,605,1,B,4388,NBD,-35.65,153.736,80.363,1.094,6.0,N,C[NH+](Cc1ccnc(c1)NC(=O)Nc2cccc3c2[C@@H]4CCCCN4C3=O)Cc5cn(nn5)CCNC6=C7C=CC=CC7=NC8C6CCCC8
Acetylcholinesterase,6h13,FJN,605,1,B,4389,NBF,-36.492,153.258,78.184,2.187,9.0,N,C[NH+](Cc1ccnc(c1)NC(=O)Nc2cccc3c2[C@@H]4CCCCN4C3=O)Cc5cn(nn5)CCNC6=C7C=CC=CC7=NC8C6CCCC8
Acetylcholinesterase,6h13,FJN,605,1,B,4390,NBH,-34.722,152.099,79.023,2.187,12.0,N,C[NH+](Cc1ccnc(c1)NC(=O)Nc2cccc3c2[C@@H]4CCCCN4C3=O)Cc5cn(nn5)CCNC6=C7C=CC=CC7=NC8C6CCCC8
Acetylcholinesterase,6h13,FJN,605,1,B,4393,OBG,-35.738,151.595,76.963,4.286,11.0,O,C[NH+](Cc1ccnc(c1)NC(=O)Nc2cccc3c2[C@@H]4CCCCN4C3=O)Cc5cn(nn5)CCNC6=C7C=CC=CC7=NC8C6CCCC8
Acetylcholinesterase,6h13,FJN,605,1,B,4394,OBU,-31.113,147.606,78.218,35.358,26.0,O,C[NH+](Cc1ccnc(c1)NC(=O)Nc2cccc3c2[C@@H]4CCCCN4C3=O)Cc5cn(nn5)CCNC6=C7C=CC=CC7=NC8C6CCCC8
Acetylcholinesterase,6h14,FW8,609,1,B,4313,OBT,-13.896,224.088,79.357,26.786,45.0,O,c1ccc2c(c1)c(c3c(n2)CCCC3)NCCn4cc(nn4)c5ccnc(c5)NC(=O)Nc6cccc7c6[C@@H]8CCCCN8C7=O
Acetylcholinesterase,6h14,FW8,609,1,B,4315,CBM,-13.128,223.213,78.964,4.831,44.0,C,c1ccc2c(c1)c(c3c(n2)CCCC3)NCCn4cc(nn4)c5ccnc(c5)NC(=O)Nc6cccc7c6[C@@H]8CCCCN8C7=O
Acetylcholinesterase,6h14,FW8,609,1,B,4317,NBS,-12.639,223.156,77.74,1.094,43.0,N,c1ccc2c(c1)c(c3c(n2)CCCC3)NCCn4cc(nn4)c5ccnc(c5)NC(=O)Nc6cccc7c6[C@@H]8CCCCN8C7=O
Acetylcholinesterase,6h14,FW8,609,1,B,4319,CBR,-12.764,224.084,76.599,19.322,42.0,C,c1ccc2c(c1)c(c3c(n2)CCCC3)NCCn4cc(nn4)c5ccnc(c5)NC(=O)Nc6cccc7c6[C@@H]8CCCCN8C7=O
Acetylcholinesterase,6h14,FW8,609,1,B,4321,CBQ,-11.37,224.5,76.139,7.246,41.0,C,c1ccc2c(c1)c(c3c(n2)CCCC3)NCCn4cc(nn4)c5ccnc(c5)NC(=O)Nc6cccc7c6[C@@H]8CCCCN8C7=O
Acetylcholinesterase,6h14,FW8,609,1,B,4323,CBP,-10.451,223.278,76.077,1.208,40.0,C,c1ccc2c(c1)c(c3c(n2)CCCC3)NCCn4cc(nn4)c5ccnc(c5)NC(=O)Nc6cccc7c6[C@@H]8CCCCN8C7=O
Acetylcholinesterase,6h14,FW8,609,1,B,4327,CBN,-11.755,222.011,77.706,8.453,38.0,C,c1ccc2c(c1)c(c3c(n2)CCCC3)NCCn4cc(nn4)c5ccnc(c5)NC(=O)Nc6cccc7c6[C@@H]8CCCCN8C7=O
Acetylcholinesterase,6h14,FW8,609,1,B,4329,CBG,-11.877,221.422,78.98,2.415,37.0,C,c1ccc2c(c1)c(c3c(n2)CCCC3)NCCn4cc(nn4)c5ccnc(c5)NC(=O)Nc6cccc7c6[C@@H]8CCCCN8C7=O
Acetylcholinesterase,6h14,FW8,609,1,B,4331,CBH,-12.721,222.18,79.703,1.208,36.0,C,c1ccc2c(c1)c(c3c(n2)CCCC3)NCCn4cc(nn4)c5ccnc(c5)NC(=O)Nc6cccc7c6[C@@H]8CCCCN8C7=O
Acetylcholinesterase,6h14,FW8,609,1,B,4333,CBI,-13.04,221.857,80.954,19.322,35.0,C,c1ccc2c(c1)c(c3c(n2)CCCC3)NCCn4cc(nn4)c5ccnc(c5)NC(=O)Nc6cccc7c6[C@@H]8CCCCN8C7=O
Acetylcholinesterase,6h14,FW8,609,1,B,4335,CBJ,-12.509,220.724,81.55,12.076,34.0,C,c1ccc2c(c1)c(c3c(n2)CCCC3)NCCn4cc(nn4)c5ccnc(c5)NC(=O)Nc6cccc7c6[C@@H]8CCCCN8C7=O
Acetylcholinesterase,6h14,FW8,609,1,B,4337,CBK,-11.648,219.936,80.809,8.453,33.0,C,c1ccc2c(c1)c(c3c(n2)CCCC3)NCCn4cc(nn4)c5ccnc(c5)NC(=O)Nc6cccc7c6[C@@H]8CCCCN8C7=O
Acetylcholinesterase,6h14,FW8,609,1,B,4339,CBF,-11.344,220.302,79.501,1.208,32.0,C,c1ccc2c(c1)c(c3c(n2)CCCC3)NCCn4cc(nn4)c5ccnc(c5)NC(=O)Nc6cccc7c6[C@@H]8CCCCN8C7=O
Acetylcholinesterase,6h14,FW8,609,1,B,4341,NBE,-10.507,219.626,78.685,6.562,31.0,N,c1ccc2c(c1)c(c3c(n2)CCCC3)NCCn4cc(nn4)c5ccnc(c5)NC(=O)Nc6cccc7c6[C@@H]8CCCCN8C7=O
Acetylcholinesterase,6h14,FW8,609,1,B,4343,CBC,-9.633,218.654,79.074,4.831,29.0,C,c1ccc2c(c1)c(c3c(n2)CCCC3)NCCn4cc(nn4)c5ccnc(c5)NC(=O)Nc6cccc7c6[C@@H]8CCCCN8C7=O
Acetylcholinesterase,6h14,FW8,609,1,B,4345,OBL,-9.529,218.251,80.233,9.643,30.0,O,c1ccc2c(c1)c(c3c(n2)CCCC3)NCCn4cc(nn4)c5ccnc(c5)NC(=O)Nc6cccc7c6[C@@H]8CCCCN8C7=O
Acetylcholinesterase,6h14,FW8,609,1,B,4347,NBD,-8.897,218.155,78.05,6.562,28.0,N,c1ccc2c(c1)c(c3c(n2)CCCC3)NCCn4cc(nn4)c5ccnc(c5)NC(=O)Nc6cccc7c6[C@@H]8CCCCN8C7=O
Acetylcholinesterase,6h14,FW8,609,1,B,4353,NBB,-7.199,217.148,76.97,1.094,25.0,N,c1ccc2c(c1)c(c3c(n2)CCCC3)NCCn4cc(nn4)c5ccnc(c5)NC(=O)Nc6cccc7c6[C@@H]8CCCCN8C7=O
Acetylcholinesterase,6h14,FW8,609,1,B,4363,CAR,-6.783,214.053,80.944,2.415,,,c1ccc2c(c1)c(c3c(n2)CCCC3)NCCn4cc(nn4)c5ccnc(c5)NC(=O)Nc6cccc7c6[C@@H]8CCCCN8C7=O
Acetylcholinesterase,6h14,FW8,609,1,B,4365,NAV,-4.783,214.301,80.167,2.187,,,c1ccc2c(c1)c(c3c(n2)CCCC3)NCCn4cc(nn4)c5ccnc(c5)NC(=O)Nc6cccc7c6[C@@H]8CCCCN8C7=O
Acetylcholinesterase,6h14,FW8,609,1,B,4367,NAU,-4.716,213.525,81.124,2.187,,,c1ccc2c(c1)c(c3c(n2)CCCC3)NCCn4cc(nn4)c5ccnc(c5)NC(=O)Nc6cccc7c6[C@@H]8CCCCN8C7=O
Acetylcholinesterase,6h14,FW8,609,1,B,4371,CAQ,-6.12,212.439,82.782,2.415,16.0,C,c1ccc2c(c1)c(c3c(n2)CCCC3)NCCn4cc(nn4)c5ccnc(c5)NC(=O)Nc6cccc7c6[C@@H]8CCCCN8C7=O
Acetylcholinesterase,6h14,FW8,609,1,B,4373,CAP,-4.772,211.923,83.262,7.246,15.0,C,c1ccc2c(c1)c(c3c(n2)CCCC3)NCCn4cc(nn4)c5ccnc(c5)NC(=O)Nc6cccc7c6[C@@H]8CCCCN8C7=O
Acetylcholinesterase,6h14,FW8,609,1,B,4375,NAO,-4.656,210.45,83.261,1.094,14.0,N,c1ccc2c(c1)c(c3c(n2)CCCC3)NCCn4cc(nn4)c5ccnc(c5)NC(=O)Nc6cccc7c6[C@@H]8CCCCN8C7=O
Acetylcholinesterase,6h14,FW8,609,1,B,4381,CAM,-1.742,210.819,83.012,4.831,11.0,C,c1ccc2c(c1)c(c3c(n2)CCCC3)NCCn4cc(nn4)c5ccnc(c5)NC(=O)Nc6cccc7c6[C@@H]8CCCCN8C7=O
Acetylcholinesterase,6h14,FW8,609,1,B,4383,CAL,-0.269,210.509,83.073,2.415,12.0,C,c1ccc2c(c1)c(c3c(n2)CCCC3)NCCn4cc(nn4)c5ccnc(c5)NC(=O)Nc6cccc7c6[C@@H]8CCCCN8C7=O
Acetylcholinesterase,6h14,FW8,609,1,B,4385,CAK,0.178,210.27,81.647,3.623,,,c1ccc2c(c1)c(c3c(n2)CCCC3)NCCn4cc(nn4)c5ccnc(c5)NC(=O)Nc6cccc7c6[C@@H]8CCCCN8C7=O
Acetylcholinesterase,7ais,8UH,601,1,A,4297,CAK,91.434,-57.273,55.918,4.831,36.0,C,CC1=C[C@@H]2Cc3c(c(c4ccc(cc4n3)Cl)NCCCCCC(=O)NCc5ccc(c(c5)OC)O)[C@@H](C2)C1
Acetylcholinesterase,7ais,8UH,601,1,A,4302,CAR,90.238,-54.274,53.317,1.208,0.0,C,CC1=C[C@@H]2Cc3c(c(c4ccc(cc4n3)Cl)NCCCCCC(=O)NCc5ccc(c(c5)OC)O)[C@@H](C2)C1
Acetylcholinesterase,7ais,8UH,601,1,A,4304,CAJ,89.842,-57.03,55.935,2.415,35.0,C,CC1=C[C@@H]2Cc3c(c(c4ccc(cc4n3)Cl)NCCCCCC(=O)NCc5ccc(c(c5)OC)O)[C@@H](C2)C1
Acetylcholinesterase,7ais,8UH,601,1,A,4317,CAS,86.454,-56.551,55.909,3.623,17.0,C,CC1=C[C@@H]2Cc3c(c(c4ccc(cc4n3)Cl)NCCCCCC(=O)NCc5ccc(c(c5)OC)O)[C@@H](C2)C1
Acetylcholinesterase,7ais,8UH,601,1,A,4319,CAV,84.546,-55.545,56.136,6.038,19.0,C,CC1=C[C@@H]2Cc3c(c(c4ccc(cc4n3)Cl)NCCCCCC(=O)NCc5ccc(c(c5)OC)O)[C@@H](C2)C1
Acetylcholinesterase,7ais,8UH,601,1,A,4321,CBJ,84.484,-53.797,54.396,2.415,21.0,C,CC1=C[C@@H]2Cc3c(c(c4ccc(cc4n3)Cl)NCCCCCC(=O)NCc5ccc(c(c5)OC)O)[C@@H](C2)C1
Acetylcholinesterase,7ais,8UH,601,1,A,4323,OAX,83.083,-53.301,56.168,1.071,23.0,O,CC1=C[C@@H]2Cc3c(c(c4ccc(cc4n3)Cl)NCCCCCC(=O)NCc5ccc(c(c5)OC)O)[C@@H](C2)C1
Acetylcholinesterase,7ais,8UH,601,1,A,4324,NAY,82.62,-52.356,54.312,1.094,24.0,N,CC1=C[C@@H]2Cc3c(c(c4ccc(cc4n3)Cl)NCCCCCC(=O)NCc5ccc(c(c5)OC)O)[C@@H](C2)C1
Acetylcholinesterase,7ais,8UH,601,1,A,4325,CAZ,82.682,-51.946,52.924,12.076,25.0,C,CC1=C[C@@H]2Cc3c(c(c4ccc(cc4n3)Cl)NCCCCCC(=O)NCc5ccc(c(c5)OC)O)[C@@H](C2)C1
Acetylcholinesterase,7ais,8UH,601,1,A,4326,CBA,81.673,-51.004,52.849,2.415,26.0,C,CC1=C[C@@H]2Cc3c(c(c4ccc(cc4n3)Cl)NCCCCCC(=O)NCc5ccc(c(c5)OC)O)[C@@H](C2)C1
Acetylcholinesterase,7ais,8UH,601,1,A,4327,CBB,80.506,-51.149,52.118,7.246,31.0,C,CC1=C[C@@H]2Cc3c(c(c4ccc(cc4n3)Cl)NCCCCCC(=O)NCc5ccc(c(c5)OC)O)[C@@H](C2)C1
Acetylcholinesterase,7ais,8UH,601,1,A,4330,CBD,79.908,-48.944,53.01,4.831,29.0,C,CC1=C[C@@H]2Cc3c(c(c4ccc(cc4n3)Cl)NCCCCCC(=O)NCc5ccc(c(c5)OC)O)[C@@H](C2)C1
Acetylcholinesterase,7ais,8UH,601,1,A,4331,OBG,79.067,-47.91,53.115,32.144,34.0,O,CC1=C[C@@H]2Cc3c(c(c4ccc(cc4n3)Cl)NCCCCCC(=O)NCc5ccc(c(c5)OC)O)[C@@H](C2)C1
Acetylcholinesterase,7ais,8UH,601,1,A,4332,CBC,79.624,-50.062,52.223,4.831,30.0,C,CC1=C[C@@H]2Cc3c(c(c4ccc(cc4n3)Cl)NCCCCCC(=O)NCc5ccc(c(c5)OC)O)[C@@H](C2)C1
Acetylcholinesterase,7ais,8UH,601,1,A,4333,OBH,78.45,-50.036,51.589,17.143,32.0,O,CC1=C[C@@H]2Cc3c(c(c4ccc(cc4n3)Cl)NCCCCCC(=O)NCc5ccc(c(c5)OC)O)[C@@H](C2)C1
Acetylcholinesterase,7ais,8UH,601,1,A,4334,CBI,77.57,-50.523,52.571,37.436,33.0,C,CC1=C[C@@H]2Cc3c(c(c4ccc(cc4n3)Cl)NCCCCCC(=O)NCc5ccc(c(c5)OC)O)[C@@H](C2)C1
Acetylcholinesterase,6tt0,N9T,601,1,A,4245,C10,-1.818,60.815,297.076,2.415,18.0,C,COc1cc2c(cc1OC)OC(=O)C(=C2)NC(=O)[C@@H]3CCC[C@@H](C3)NCc4ccccc4
Acetylcholinesterase,6tt0,N9T,601,1,A,4247,C15,-0.32,60.793,296.975,2.415,23.0,C,COc1cc2c(cc1OC)OC(=O)C(=C2)NC(=O)[C@@H]3CCC[C@@H](C3)NCc4ccccc4
Acetylcholinesterase,6tt0,N9T,601,1,A,4252,C24,-2.344,66.087,300.986,3.623,5.0,C,COc1cc2c(cc1OC)OC(=O)C(=C2)NC(=O)[C@@H]3CCC[C@@H](C3)NCc4ccccc4
Acetylcholinesterase,6tt0,N9T,601,1,A,4253,C01,-2.359,69.439,303.349,38.644,9.0,C,COc1cc2c(cc1OC)OC(=O)C(=C2)NC(=O)[C@@H]3CCC[C@@H](C3)NCc4ccccc4
Acetylcholinesterase,6tt0,N9T,601,1,A,4254,C02,-3.556,67.764,302.117,3.623,7.0,C,COc1cc2c(cc1OC)OC(=O)C(=C2)NC(=O)[C@@H]3CCC[C@@H](C3)NCc4ccccc4
Acetylcholinesterase,6tt0,N9T,601,1,A,4255,C03,-4.745,67.257,301.625,2.415,2.0,C,COc1cc2c(cc1OC)OC(=O)C(=C2)NC(=O)[C@@H]3CCC[C@@H](C3)NCc4ccccc4
Acetylcholinesterase,6tt0,N9T,601,1,A,4256,C04,-6.219,68.444,303.075,44.682,0.0,C,COc1cc2c(cc1OC)OC(=O)C(=C2)NC(=O)[C@@H]3CCC[C@@H](C3)NCc4ccccc4
Acetylcholinesterase,6tt0,N9T,601,1,A,4257,C05,-4.73,66.169,300.81,13.284,3.0,C,COc1cc2c(cc1OC)OC(=O)C(=C2)NC(=O)[C@@H]3CCC[C@@H](C3)NCc4ccccc4
Acetylcholinesterase,6tt0,N9T,601,1,A,4258,C06,-3.661,65.484,300.411,2.415,4.0,C,COc1cc2c(cc1OC)OC(=O)C(=C2)NC(=O)[C@@H]3CCC[C@@H](C3)NCc4ccccc4
Acetylcholinesterase,6tt0,N9T,601,1,A,4259,C07,-3.229,64.273,299.55,6.038,14.0,C,COc1cc2c(cc1OC)OC(=O)C(=C2)NC(=O)[C@@H]3CCC[C@@H](C3)NCc4ccccc4
Acetylcholinesterase,6tt0,N9T,601,1,A,4264,C14,0.095,59.658,296.074,3.623,22.0,C,COc1cc2c(cc1OC)OC(=O)C(=C2)NC(=O)[C@@H]3CCC[C@@H](C3)NCc4ccccc4
Acetylcholinesterase,6tt0,N9T,601,1,A,4266,C18,1.775,59.608,292.729,10.869,27.0,C,COc1cc2c(cc1OC)OC(=O)C(=C2)NC(=O)[C@@H]3CCC[C@@H](C3)NCc4ccccc4
Acetylcholinesterase,6tt0,N9T,601,1,A,4267,C19,1.414,59.55,291.402,3.623,28.0,C,COc1cc2c(cc1OC)OC(=O)C(=C2)NC(=O)[C@@H]3CCC[C@@H](C3)NCc4ccccc4
Acetylcholinesterase,6tt0,N9T,601,1,A,4269,C25,-2.352,67.174,301.792,7.246,6.0,C,COc1cc2c(cc1OC)OC(=O)C(=C2)NC(=O)[C@@H]3CCC[C@@H](C3)NCc4ccccc4
Acetylcholinesterase,6tt0,N9T,601,1,A,4271,N02,1.49,59.725,295.758,9.842,24.0,N,COc1cc2c(cc1OC)OC(=O)C(=C2)NC(=O)[C@@H]3CCC[C@@H](C3)NCc4ccccc4
Acetylcholinesterase,6tt0,N9T,601,1,A,4272,O01,-3.568,68.882,302.945,2.143,8.0,O,COc1cc2c(cc1OC)OC(=O)C(=C2)NC(=O)[C@@H]3CCC[C@@H](C3)NCc4ccccc4
Acetylcholinesterase,6tt0,N9T,601,1,A,4273,O02,-5.992,67.785,301.879,5.357,1.0,O,COc1cc2c(cc1OC)OC(=O)C(=C2)NC(=O)[C@@H]3CCC[C@@H](C3)NCc4ccccc4
Acetylcholinesterase,6tt0,N9T,601,1,A,4274,O03,-3.461,62.147,297.924,6.429,17.0,O,COc1cc2c(cc1OC)OC(=O)C(=C2)NC(=O)[C@@H]3CCC[C@@H](C3)NCc4ccccc4
Acetylcholinesterase,6tt0,N9T,601,1,A,4275,O04,0.36,64.25,299.879,3.214,12.0,O,COc1cc2c(cc1OC)OC(=O)C(=C2)NC(=O)[C@@H]3CCC[C@@H](C3)NCc4ccccc4
Acetylcholinesterase,6tt0,N9T,601,1,A,4276,O05,-1.188,65.559,300.713,4.286,10.0,O,COc1cc2c(cc1OC)OC(=O)C(=C2)NC(=O)[C@@H]3CCC[C@@H](C3)NCc4ccccc4
Acetylcholinesterase,7ais,8UH,601,1,B,4293,CAK,91.41,-111.637,83.209,4.831,36.0,C,CC1=C[C@@H]2Cc3c(c(c4ccc(cc4n3)Cl)NCCCCCC(=O)NCc5ccc(c(c5)OC)O)[C@@H](C2)C1
Acetylcholinesterase,7ais,8UH,601,1,B,4298,CAR,90.243,-108.609,80.628,1.208,0.0,C,CC1=C[C@@H]2Cc3c(c(c4ccc(cc4n3)Cl)NCCCCCC(=O)NCc5ccc(c(c5)OC)O)[C@@H](C2)C1
Acetylcholinesterase,7ais,8UH,601,1,B,4299,CAP,89.547,-110.008,82.507,1.208,37.0,C,CC1=C[C@@H]2Cc3c(c(c4ccc(cc4n3)Cl)NCCCCCC(=O)NCc5ccc(c(c5)OC)O)[C@@H](C2)C1
Acetylcholinesterase,7ais,8UH,601,1,B,4300,CAJ,89.829,-111.389,83.186,3.623,35.0,C,CC1=C[C@@H]2Cc3c(c(c4ccc(cc4n3)Cl)NCCCCCC(=O)NCc5ccc(c(c5)OC)O)[C@@H](C2)C1
Acetylcholinesterase,7ais,8UH,601,1,B,4312,NAT,87.151,-111.783,83.485,1.094,16.0,N,CC1=C[C@@H]2Cc3c(c(c4ccc(cc4n3)Cl)NCCCCCC(=O)NCc5ccc(c(c5)OC)O)[C@@H](C2)C1
Acetylcholinesterase,7ais,8UH,601,1,B,4313,CAS,85.796,-111.834,83.998,1.208,17.0,C,CC1=C[C@@H]2Cc3c(c(c4ccc(cc4n3)Cl)NCCCCCC(=O)NCc5ccc(c(c5)OC)O)[C@@H](C2)C1
Acetylcholinesterase,7ais,8UH,601,1,B,4315,CAV,85.138,-109.537,83.32,6.038,19.0,C,CC1=C[C@@H]2Cc3c(c(c4ccc(cc4n3)Cl)NCCCCCC(=O)NCc5ccc(c(c5)OC)O)[C@@H](C2)C1
Acetylcholinesterase,7ais,8UH,601,1,B,4319,OAX,82.24,-106.84,82.285,1.071,23.0,O,CC1=C[C@@H]2Cc3c(c(c4ccc(cc4n3)Cl)NCCCCCC(=O)NCc5ccc(c(c5)OC)O)[C@@H](C2)C1
Acetylcholinesterase,7ais,8UH,601,1,B,4320,NAY,83.286,-106.776,80.359,8.749,24.0,N,CC1=C[C@@H]2Cc3c(c(c4ccc(cc4n3)Cl)NCCCCCC(=O)NCc5ccc(c(c5)OC)O)[C@@H](C2)C1
Acetylcholinesterase,7ais,8UH,601,1,B,4321,CAZ,82.102,-106.454,79.556,10.869,25.0,C,CC1=C[C@@H]2Cc3c(c(c4ccc(cc4n3)Cl)NCCCCCC(=O)NCc5ccc(c(c5)OC)O)[C@@H](C2)C1
Acetylcholinesterase,7ais,8UH,601,1,B,4322,CBA,81.376,-105.419,79.974,2.415,26.0,C,CC1=C[C@@H]2Cc3c(c(c4ccc(cc4n3)Cl)NCCCCCC(=O)NCc5ccc(c(c5)OC)O)[C@@H](C2)C1
Acetylcholinesterase,7ais,8UH,601,1,B,4323,CBB,80.166,-105.265,79.353,8.453,31.0,C,CC1=C[C@@H]2Cc3c(c(c4ccc(cc4n3)Cl)NCCCCCC(=O)NCc5ccc(c(c5)OC)O)[C@@H](C2)C1
Acetylcholinesterase,7ais,8UH,601,1,B,4324,CBF,81.843,-104.537,80.911,1.208,27.0,C,CC1=C[C@@H]2Cc3c(c(c4ccc(cc4n3)Cl)NCCCCCC(=O)NCc5ccc(c(c5)OC)O)[C@@H](C2)C1
Acetylcholinesterase,7ais,8UH,601,1,B,4326,CBD,79.841,-103.307,80.661,4.831,29.0,C,CC1=C[C@@H]2Cc3c(c(c4ccc(cc4n3)Cl)NCCCCCC(=O)NCc5ccc(c(c5)OC)O)[C@@H](C2)C1
Acetylcholinesterase,7ais,8UH,601,1,B,4327,OBG,79.092,-102.268,81.002,32.144,34.0,O,CC1=C[C@@H]2Cc3c(c(c4ccc(cc4n3)Cl)NCCCCCC(=O)NCc5ccc(c(c5)OC)O)[C@@H](C2)C1
Acetylcholinesterase,7ais,8UH,601,1,B,4328,CBC,79.378,-104.2,79.702,3.623,30.0,C,CC1=C[C@@H]2Cc3c(c(c4ccc(cc4n3)Cl)NCCCCCC(=O)NCc5ccc(c(c5)OC)O)[C@@H](C2)C1
Acetylcholinesterase,7ais,8UH,601,1,B,4329,OBH,78.158,-103.976,79.159,19.286,32.0,O,CC1=C[C@@H]2Cc3c(c(c4ccc(cc4n3)Cl)NCCCCCC(=O)NCc5ccc(c(c5)OC)O)[C@@H](C2)C1
Acetylcholinesterase,7ais,8UH,601,1,B,4330,CBI,78.015,-104.302,77.776,50.72,33.0,C,CC1=C[C@@H]2Cc3c(c(c4ccc(cc4n3)Cl)NCCCCCC(=O)NCc5ccc(c(c5)OC)O)[C@@H](C2)C1
Acetylcholinesterase,7ait,8UK,601,1,A,4286,CAV,-0.423,49.623,56.284,4.831,37.0,C,CC1=C[C@@H]2Cc3c(c(c4ccc(cc4n3)Cl)NCCCCCCC(=O)NCc5ccc(c(c5)OC)O)[C@@H](C2)C1
Acetylcholinesterase,7ait,8UK,601,1,A,4289,CAB,-1.438,52.553,53.502,1.208,0.0,C,CC1=C[C@@H]2Cc3c(c(c4ccc(cc4n3)Cl)NCCCCCCC(=O)NCc5ccc(c(c5)OC)O)[C@@H](C2)C1
Acetylcholinesterase,7ait,8UK,601,1,A,4291,CBM,-1.915,49.896,56.217,3.623,36.0,C,CC1=C[C@@H]2Cc3c(c(c4ccc(cc4n3)Cl)NCCCCCCC(=O)NCc5ccc(c(c5)OC)O)[C@@H](C2)C1
Acetylcholinesterase,7ait,8UK,601,1,A,4303,NAY,-4.578,49.569,56.543,1.094,16.0,N,CC1=C[C@@H]2Cc3c(c(c4ccc(cc4n3)Cl)NCCCCCCC(=O)NCc5ccc(c(c5)OC)O)[C@@H](C2)C1
Acetylcholinesterase,7ait,8UK,601,1,A,4304,CAQ,-5.911,49.534,57.153,2.415,17.0,C,CC1=C[C@@H]2Cc3c(c(c4ccc(cc4n3)Cl)NCCCCCCC(=O)NCc5ccc(c(c5)OC)O)[C@@H](C2)C1
Acetylcholinesterase,7ait,8UK,601,1,A,4306,CAM,-6.152,51.855,56.359,3.623,19.0,C,CC1=C[C@@H]2Cc3c(c(c4ccc(cc4n3)Cl)NCCCCCCC(=O)NCc5ccc(c(c5)OC)O)[C@@H](C2)C1
Acetylcholinesterase,7ait,8UK,601,1,A,4307,CAN,-7.21,52.945,56.525,3.623,20.0,C,CC1=C[C@@H]2Cc3c(c(c4ccc(cc4n3)Cl)NCCCCCCC(=O)NCc5ccc(c(c5)OC)O)[C@@H](C2)C1
Acetylcholinesterase,7ait,8UK,601,1,A,4309,CAR,-8.049,53.029,54.207,1.208,22.0,C,CC1=C[C@@H]2Cc3c(c(c4ccc(cc4n3)Cl)NCCCCCCC(=O)NCc5ccc(c(c5)OC)O)[C@@H](C2)C1
Acetylcholinesterase,7ait,8UK,601,1,A,4311,OAC,-7.657,55.257,53.425,13.929,24.0,O,CC1=C[C@@H]2Cc3c(c(c4ccc(cc4n3)Cl)NCCCCCCC(=O)NCc5ccc(c(c5)OC)O)[C@@H](C2)C1
Acetylcholinesterase,7ait,8UK,601,1,A,4313,CAS,-10.116,56.242,54.393,1.208,26.0,C,CC1=C[C@@H]2Cc3c(c(c4ccc(cc4n3)Cl)NCCCCCCC(=O)NCc5ccc(c(c5)OC)O)[C@@H](C2)C1
Acetylcholinesterase,7ait,8UK,601,1,A,4314,CBE,-10.64,56.455,53.116,3.623,27.0,C,CC1=C[C@@H]2Cc3c(c(c4ccc(cc4n3)Cl)NCCCCCCC(=O)NCc5ccc(c(c5)OC)O)[C@@H](C2)C1
Acetylcholinesterase,7ait,8UK,601,1,A,4315,CAK,-10.354,57.633,52.419,2.415,32.0,C,CC1=C[C@@H]2Cc3c(c(c4ccc(cc4n3)Cl)NCCCCCCC(=O)NCc5ccc(c(c5)OC)O)[C@@H](C2)C1
Acetylcholinesterase,7ait,8UK,601,1,A,4316,CAI,-11.459,55.483,52.541,9.661,28.0,C,CC1=C[C@@H]2Cc3c(c(c4ccc(cc4n3)Cl)NCCCCCCC(=O)NCc5ccc(c(c5)OC)O)[C@@H](C2)C1
Acetylcholinesterase,7ait,8UK,601,1,A,4317,CAG,-11.995,55.678,51.268,10.869,29.0,C,CC1=C[C@@H]2Cc3c(c(c4ccc(cc4n3)Cl)NCCCCCCC(=O)NCc5ccc(c(c5)OC)O)[C@@H](C2)C1
Acetylcholinesterase,7ait,8UK,601,1,A,4318,CBD,-11.705,56.849,50.574,7.246,30.0,C,CC1=C[C@@H]2Cc3c(c(c4ccc(cc4n3)Cl)NCCCCCCC(=O)NCc5ccc(c(c5)OC)O)[C@@H](C2)C1
Acetylcholinesterase,7ait,8UK,601,1,A,4319,OAD,-12.202,57.09,49.33,22.501,35.0,O,CC1=C[C@@H]2Cc3c(c(c4ccc(cc4n3)Cl)NCCCCCCC(=O)NCc5ccc(c(c5)OC)O)[C@@H](C2)C1
Acetylcholinesterase,7ait,8UK,601,1,A,4320,CBG,-10.889,57.827,51.144,6.038,31.0,C,CC1=C[C@@H]2Cc3c(c(c4ccc(cc4n3)Cl)NCCCCCCC(=O)NCc5ccc(c(c5)OC)O)[C@@H](C2)C1
Acetylcholinesterase,7ait,8UK,601,1,A,4321,OAZ,-10.651,58.954,50.401,2.143,33.0,O,CC1=C[C@@H]2Cc3c(c(c4ccc(cc4n3)Cl)NCCCCCCC(=O)NCc5ccc(c(c5)OC)O)[C@@H](C2)C1
Acetylcholinesterase,7ait,8UK,601,1,A,4322,CAA,-11.082,60.123,51.113,33.814,34.0,C,CC1=C[C@@H]2Cc3c(c(c4ccc(cc4n3)Cl)NCCCCCCC(=O)NCc5ccc(c(c5)OC)O)[C@@H](C2)C1
Acetylcholinesterase,7ait,8UK,601,1,B,4286,CAV,-0.355,102.092,83.696,4.831,37.0,C,CC1=C[C@@H]2Cc3c(c(c4ccc(cc4n3)Cl)NCCCCCCC(=O)NCc5ccc(c(c5)OC)O)[C@@H](C2)C1
Acetylcholinesterase,7ait,8UK,601,1,B,4289,CAB,-1.572,105.04,80.993,1.208,0.0,C,CC1=C[C@@H]2Cc3c(c(c4ccc(cc4n3)Cl)NCCCCCCC(=O)NCc5ccc(c(c5)OC)O)[C@@H](C2)C1
Acetylcholinesterase,7ait,8UK,601,1,B,4291,CBM,-1.839,102.333,83.676,3.623,36.0,C,CC1=C[C@@H]2Cc3c(c(c4ccc(cc4n3)Cl)NCCCCCCC(=O)NCc5ccc(c(c5)OC)O)[C@@H](C2)C1
Acetylcholinesterase,7ait,8UK,601,1,B,4304,CAQ,-5.268,103.077,83.923,6.038,17.0,C,CC1=C[C@@H]2Cc3c(c(c4ccc(cc4n3)Cl)NCCCCCCC(=O)NCc5ccc(c(c5)OC)O)[C@@H](C2)C1
Acetylcholinesterase,7ait,8UK,601,1,B,4307,CAN,-6.957,105.146,83.989,4.831,20.0,C,CC1=C[C@@H]2Cc3c(c(c4ccc(cc4n3)Cl)NCCCCCCC(=O)NCc5ccc(c(c5)OC)O)[C@@H](C2)C1
Acetylcholinesterase,7ait,8UK,601,1,B,4311,OAC,-7.835,107.621,80.691,13.929,24.0,O,CC1=C[C@@H]2Cc3c(c(c4ccc(cc4n3)Cl)NCCCCCCC(=O)NCc5ccc(c(c5)OC)O)[C@@H](C2)C1
Acetylcholinesterase,7ait,8UK,601,1,B,4312,NAX,-9.721,107.769,81.996,1.094,25.0,N,CC1=C[C@@H]2Cc3c(c(c4ccc(cc4n3)Cl)NCCCCCCC(=O)NCc5ccc(c(c5)OC)O)[C@@H](C2)C1
Acetylcholinesterase,7ait,8UK,601,1,B,4313,CAS,-10.139,109.128,81.603,3.623,26.0,C,CC1=C[C@@H]2Cc3c(c(c4ccc(cc4n3)Cl)NCCCCCCC(=O)NCc5ccc(c(c5)OC)O)[C@@H](C2)C1
Acetylcholinesterase,7ait,8UK,601,1,B,4314,CBE,-10.65,109.189,80.299,1.208,27.0,C,CC1=C[C@@H]2Cc3c(c(c4ccc(cc4n3)Cl)NCCCCCCC(=O)NCc5ccc(c(c5)OC)O)[C@@H](C2)C1
Acetylcholinesterase,7ait,8UK,601,1,B,4315,CAK,-10.159,110.162,79.421,3.623,32.0,C,CC1=C[C@@H]2Cc3c(c(c4ccc(cc4n3)Cl)NCCCCCCC(=O)NCc5ccc(c(c5)OC)O)[C@@H](C2)C1
Acetylcholinesterase,7ait,8UK,601,1,B,4316,CAI,-11.646,108.306,79.875,15.699,28.0,C,CC1=C[C@@H]2Cc3c(c(c4ccc(cc4n3)Cl)NCCCCCCC(=O)NCc5ccc(c(c5)OC)O)[C@@H](C2)C1
Acetylcholinesterase,7ait,8UK,601,1,B,4317,CAG,-12.146,108.387,78.571,13.284,29.0,C,CC1=C[C@@H]2Cc3c(c(c4ccc(cc4n3)Cl)NCCCCCCC(=O)NCc5ccc(c(c5)OC)O)[C@@H](C2)C1
Acetylcholinesterase,7ait,8UK,601,1,B,4318,CBD,-11.646,109.357,77.703,6.038,30.0,C,CC1=C[C@@H]2Cc3c(c(c4ccc(cc4n3)Cl)NCCCCCCC(=O)NCc5ccc(c(c5)OC)O)[C@@H](C2)C1
Acetylcholinesterase,7ait,8UK,601,1,B,4319,OAD,-12.089,109.5,76.423,20.358,35.0,O,CC1=C[C@@H]2Cc3c(c(c4ccc(cc4n3)Cl)NCCCCCCC(=O)NCc5ccc(c(c5)OC)O)[C@@H](C2)C1
Acetylcholinesterase,7ait,8UK,601,1,B,4320,CBG,-10.659,110.242,78.119,2.415,31.0,C,CC1=C[C@@H]2Cc3c(c(c4ccc(cc4n3)Cl)NCCCCCCC(=O)NCc5ccc(c(c5)OC)O)[C@@H](C2)C1
Acetylcholinesterase,7ait,8UK,601,1,B,4321,OAZ,-10.23,111.16,77.196,4.286,33.0,O,CC1=C[C@@H]2Cc3c(c(c4ccc(cc4n3)Cl)NCCCCCCC(=O)NCc5ccc(c(c5)OC)O)[C@@H](C2)C1
Acetylcholinesterase,7ait,8UK,601,1,B,4322,CAA,-9.947,112.428,77.801,21.737,34.0,C,CC1=C[C@@H]2Cc3c(c(c4ccc(cc4n3)Cl)NCCCCCCC(=O)NCc5ccc(c(c5)OC)O)[C@@H](C2)C1
Acetylcholinesterase,7aiu,8UQ,606,1,A,4358,CAJ,90.029,109.523,19.65,1.208,37.0,C,CC1C[C@@H]2Cc3c(c(c4ccc(cc4n3)Cl)NCCCCCCCC(=O)NCc5ccc(c(c5)OC)O)[C@@H](C2)C1
Acetylcholinesterase,7aiu,8UQ,606,1,A,4359,CAK,91.391,109.766,19.266,4.831,38.0,C,CC1C[C@@H]2Cc3c(c(c4ccc(cc4n3)Cl)NCCCCCCCC(=O)NCc5ccc(c(c5)OC)O)[C@@H](C2)C1
Acetylcholinesterase,7aiu,8UQ,606,1,A,4364,CAR,90.592,106.751,22.097,1.208,0.0,C,CC1C[C@@H]2Cc3c(c(c4ccc(cc4n3)Cl)NCCCCCCCC(=O)NCc5ccc(c(c5)OC)O)[C@@H](C2)C1
Acetylcholinesterase,7aiu,8UQ,606,1,A,4366,CAU,85.709,107.923,19.051,7.246,18.0,C,CC1C[C@@H]2Cc3c(c(c4ccc(cc4n3)Cl)NCCCCCCCC(=O)NCc5ccc(c(c5)OC)O)[C@@H](C2)C1
Acetylcholinesterase,7aiu,8UQ,606,1,A,4369,CAZ,79.545,102.5,23.204,26.568,27.0,C,CC1C[C@@H]2Cc3c(c(c4ccc(cc4n3)Cl)NCCCCCCCC(=O)NCc5ccc(c(c5)OC)O)[C@@H](C2)C1
Acetylcholinesterase,7aiu,8UQ,606,1,A,4370,CBA,79.901,101.635,24.234,2.415,28.0,C,CC1C[C@@H]2Cc3c(c(c4ccc(cc4n3)Cl)NCCCCCCCC(=O)NCc5ccc(c(c5)OC)O)[C@@H](C2)C1
Acetylcholinesterase,7aiu,8UQ,606,1,A,4371,CBB,79.937,102.11,25.545,9.661,33.0,C,CC1C[C@@H]2Cc3c(c(c4ccc(cc4n3)Cl)NCCCCCCCC(=O)NCc5ccc(c(c5)OC)O)[C@@H](C2)C1
Acetylcholinesterase,7aiu,8UQ,606,1,A,4372,CBC,80.312,101.248,26.571,3.623,32.0,C,CC1C[C@@H]2Cc3c(c(c4ccc(cc4n3)Cl)NCCCCCCCC(=O)NCc5ccc(c(c5)OC)O)[C@@H](C2)C1
Acetylcholinesterase,7aiu,8UQ,606,1,A,4373,CBD,80.666,99.931,26.281,4.831,31.0,C,CC1C[C@@H]2Cc3c(c(c4ccc(cc4n3)Cl)NCCCCCCCC(=O)NCc5ccc(c(c5)OC)O)[C@@H](C2)C1
Acetylcholinesterase,7aiu,8UQ,606,1,A,4374,CBE,80.639,99.457,24.973,13.284,30.0,C,CC1C[C@@H]2Cc3c(c(c4ccc(cc4n3)Cl)NCCCCCCCC(=O)NCc5ccc(c(c5)OC)O)[C@@H](C2)C1
Acetylcholinesterase,7aiu,8UQ,606,1,A,4375,CBF,80.26,100.317,23.948,12.076,29.0,C,CC1C[C@@H]2Cc3c(c(c4ccc(cc4n3)Cl)NCCCCCCCC(=O)NCc5ccc(c(c5)OC)O)[C@@H](C2)C1
Acetylcholinesterase,7aiu,8UQ,606,1,A,4376,CBI,79.133,101.455,28.585,28.983,35.0,C,CC1C[C@@H]2Cc3c(c(c4ccc(cc4n3)Cl)NCCCCCCCC(=O)NCc5ccc(c(c5)OC)O)[C@@H](C2)C1
Acetylcholinesterase,7aiu,8UQ,606,1,A,4377,CBJ,82.968,103.628,21.928,7.246,23.0,C,CC1C[C@@H]2Cc3c(c(c4ccc(cc4n3)Cl)NCCCCCCCC(=O)NCc5ccc(c(c5)OC)O)[C@@H](C2)C1
Acetylcholinesterase,7aiu,8UQ,606,1,A,4378,CBK,82.578,104.993,21.39,1.208,22.0,C,CC1C[C@@H]2Cc3c(c(c4ccc(cc4n3)Cl)NCCCCCCCC(=O)NCc5ccc(c(c5)OC)O)[C@@H](C2)C1
Acetylcholinesterase,7aiu,8UQ,606,1,A,4379,CBL,83.817,105.884,21.393,4.831,21.0,C,CC1C[C@@H]2Cc3c(c(c4ccc(cc4n3)Cl)NCCCCCCCC(=O)NCc5ccc(c(c5)OC)O)[C@@H](C2)C1
Acetylcholinesterase,7aiu,8UQ,606,1,A,4380,CBM,84.275,106.116,19.954,1.208,20.0,C,CC1C[C@@H]2Cc3c(c(c4ccc(cc4n3)Cl)NCCCCCCCC(=O)NCc5ccc(c(c5)OC)O)[C@@H](C2)C1
Acetylcholinesterase,7aiu,8UQ,606,1,A,4383,NAT,87.277,109.802,19.154,1.094,16.0,N,CC1C[C@@H]2Cc3c(c(c4ccc(cc4n3)Cl)NCCCCCCCC(=O)NCc5ccc(c(c5)OC)O)[C@@H](C2)C1
Acetylcholinesterase,7aiu,8UQ,606,1,A,4384,NAY,80.774,103.252,22.899,3.281,26.0,N,CC1C[C@@H]2Cc3c(c(c4ccc(cc4n3)Cl)NCCCCCCCC(=O)NCc5ccc(c(c5)OC)O)[C@@H](C2)C1
Acetylcholinesterase,7aiu,8UQ,606,1,A,4385,OAX,81.633,101.676,21.511,1.071,25.0,O,CC1C[C@@H]2Cc3c(c(c4ccc(cc4n3)Cl)NCCCCCCCC(=O)NCc5ccc(c(c5)OC)O)[C@@H](C2)C1
Acetylcholinesterase,7aiu,8UQ,606,1,A,4386,OBG,81.026,99.139,27.33,8.572,36.0,O,CC1C[C@@H]2Cc3c(c(c4ccc(cc4n3)Cl)NCCCCCCCC(=O)NCc5ccc(c(c5)OC)O)[C@@H](C2)C1
Acetylcholinesterase,7aiu,8UQ,605,1,B,4337,CAJ,93.897,110.139,82.908,1.208,,,CC1C[C@@H]2Cc3c(c(c4ccc(cc4n3)Cl)NCCCCCCCC(=O)NCc5ccc(c(c5)OC)O)[C@@H](C2)C1
Acetylcholinesterase,7aiu,8UQ,605,1,B,4339,CAK,92.56,110.425,83.267,3.623,,,CC1C[C@@H]2Cc3c(c(c4ccc(cc4n3)Cl)NCCCCCCCC(=O)NCc5ccc(c(c5)OC)O)[C@@H](C2)C1
Acetylcholinesterase,7aiu,8UQ,605,1,B,4345,CAP,94.114,108.694,82.529,1.208,,,CC1C[C@@H]2Cc3c(c(c4ccc(cc4n3)Cl)NCCCCCCCC(=O)NCc5ccc(c(c5)OC)O)[C@@H](C2)C1
Acetylcholinesterase,7aiu,8UQ,605,1,B,4351,CAS,98.079,109.849,83.404,1.208,,,CC1C[C@@H]2Cc3c(c(c4ccc(cc4n3)Cl)NCCCCCCCC(=O)NCc5ccc(c(c5)OC)O)[C@@H](C2)C1
Acetylcholinesterase,7aiu,8UQ,605,1,B,4353,CAU,98.163,108.358,83.048,4.831,,,CC1C[C@@H]2Cc3c(c(c4ccc(cc4n3)Cl)NCCCCCCCC(=O)NCc5ccc(c(c5)OC)O)[C@@H](C2)C1
Acetylcholinesterase,7aiu,8UQ,605,1,B,4357,CAW,102.867,102.93,80.664,1.208,,,CC1C[C@@H]2Cc3c(c(c4ccc(cc4n3)Cl)NCCCCCCCC(=O)NCc5ccc(c(c5)OC)O)[C@@H](C2)C1
Acetylcholinesterase,7aiu,8UQ,605,1,B,4359,CAZ,102.25,101.422,78.815,1.208,,,CC1C[C@@H]2Cc3c(c(c4ccc(cc4n3)Cl)NCCCCCCCC(=O)NCc5ccc(c(c5)OC)O)[C@@H](C2)C1
Acetylcholinesterase,7aiu,8UQ,605,1,B,4361,CBA,102.788,101.657,77.55,4.831,,,CC1C[C@@H]2Cc3c(c(c4ccc(cc4n3)Cl)NCCCCCCCC(=O)NCc5ccc(c(c5)OC)O)[C@@H](C2)C1
Acetylcholinesterase,7aiu,8UQ,605,1,B,4363,CBB,102.756,100.693,76.545,13.284,,,CC1C[C@@H]2Cc3c(c(c4ccc(cc4n3)Cl)NCCCCCCCC(=O)NCc5ccc(c(c5)OC)O)[C@@H](C2)C1
Acetylcholinesterase,7aiu,8UQ,605,1,B,4367,CBD,103.89,102.219,75.053,3.623,,,CC1C[C@@H]2Cc3c(c(c4ccc(cc4n3)Cl)NCCCCCCCC(=O)NCc5ccc(c(c5)OC)O)[C@@H](C2)C1
Acetylcholinesterase,7aiu,8UQ,605,1,B,4369,CBE,103.921,103.18,76.055,8.453,,,CC1C[C@@H]2Cc3c(c(c4ccc(cc4n3)Cl)NCCCCCCCC(=O)NCc5ccc(c(c5)OC)O)[C@@H](C2)C1
Acetylcholinesterase,7aiu,8UQ,605,1,B,4371,CBF,103.372,102.889,77.295,7.246,,,CC1C[C@@H]2Cc3c(c(c4ccc(cc4n3)Cl)NCCCCCCCC(=O)NCc5ccc(c(c5)OC)O)[C@@H](C2)C1
Acetylcholinesterase,7aiu,8UQ,605,1,B,4373,CBI,104.612,99.465,74.09,25.36,,,CC1C[C@@H]2Cc3c(c(c4ccc(cc4n3)Cl)NCCCCCCCC(=O)NCc5ccc(c(c5)OC)O)[C@@H](C2)C1
Acetylcholinesterase,7aiu,8UQ,605,1,B,4375,CBJ,102.696,104.324,81.284,9.661,,,CC1C[C@@H]2Cc3c(c(c4ccc(cc4n3)Cl)NCCCCCCCC(=O)NCc5ccc(c(c5)OC)O)[C@@H](C2)C1
Acetylcholinesterase,7aiu,8UQ,605,1,B,4377,CBK,101.229,104.672,81.542,3.623,,,CC1C[C@@H]2Cc3c(c(c4ccc(cc4n3)Cl)NCCCCCCCC(=O)NCc5ccc(c(c5)OC)O)[C@@H](C2)C1
Acetylcholinesterase,7aiu,8UQ,605,1,B,4379,CBL,101.068,106.201,81.593,2.415,,,CC1C[C@@H]2Cc3c(c(c4ccc(cc4n3)Cl)NCCCCCCCC(=O)NCc5ccc(c(c5)OC)O)[C@@H](C2)C1
Acetylcholinesterase,7aiu,8UQ,605,1,B,4381,CBM,99.644,106.583,82.023,4.831,,,CC1C[C@@H]2Cc3c(c(c4ccc(cc4n3)Cl)NCCCCCCCC(=O)NCc5ccc(c(c5)OC)O)[C@@H](C2)C1
Acetylcholinesterase,7aiu,8UQ,605,1,B,4387,NAT,96.686,110.373,83.397,1.094,,,CC1C[C@@H]2Cc3c(c(c4ccc(cc4n3)Cl)NCCCCCCCC(=O)NCc5ccc(c(c5)OC)O)[C@@H](C2)C1
Acetylcholinesterase,7aiu,8UQ,605,1,B,4389,NAY,102.165,102.704,79.543,3.281,,,CC1C[C@@H]2Cc3c(c(c4ccc(cc4n3)Cl)NCCCCCCCC(=O)NCc5ccc(c(c5)OC)O)[C@@H](C2)C1
Acetylcholinesterase,7aiu,8UQ,605,1,B,4391,OAX,103.637,102.108,81.163,20.358,,,CC1C[C@@H]2Cc3c(c(c4ccc(cc4n3)Cl)NCCCCCCCC(=O)NCc5ccc(c(c5)OC)O)[C@@H](C2)C1
Acetylcholinesterase,7aiu,8UQ,605,1,B,4393,OBG,104.412,102.453,73.814,6.429,,,CC1C[C@@H]2Cc3c(c(c4ccc(cc4n3)Cl)NCCCCCCCC(=O)NCc5ccc(c(c5)OC)O)[C@@H](C2)C1
Acetylcholinesterase,7aiu,8UQ,605,1,B,4395,OBH,103.321,100.072,74.269,1.071,,,CC1C[C@@H]2Cc3c(c(c4ccc(cc4n3)Cl)NCCCCCCCC(=O)NCc5ccc(c(c5)OC)O)[C@@H](C2)C1
Acetylcholinesterase,7aiv,8UE,601,1,B,4286,CAC,91.381,163.965,95.157,4.831,4.0,C,CC1=C[C@@H]2C[C@H](C1)Cc3c2c(c4ccc(cc4n3)Cl)NCc5ccc(cc5)CC(=O)NCc6ccc(c(c6)OC)O
Acetylcholinesterase,7aiv,8UE,601,1,B,4289,CAF,90.208,160.89,97.665,1.208,0.0,C,CC1=C[C@@H]2C[C@H](C1)Cc3c2c(c4ccc(cc4n3)Cl)NCc5ccc(cc5)CC(=O)NCc6ccc(c(c6)OC)O
Acetylcholinesterase,7aiv,8UE,601,1,B,4291,CAH,89.885,163.657,95.176,1.208,3.0,C,CC1=C[C@@H]2C[C@H](C1)Cc3c2c(c4ccc(cc4n3)Cl)NCc5ccc(cc5)CC(=O)NCc6ccc(c(c6)OC)O
Acetylcholinesterase,7aiv,8UE,601,1,B,4304,CAU,86.908,162.895,94.207,2.415,20.0,C,CC1=C[C@@H]2C[C@H](C1)Cc3c2c(c4ccc(cc4n3)Cl)NCc5ccc(cc5)CC(=O)NCc6ccc(c(c6)OC)O
Acetylcholinesterase,7aiv,8UE,601,1,B,4308,CBL,85.811,160.746,94.439,2.415,22.0,C,CC1=C[C@@H]2C[C@H](C1)Cc3c2c(c4ccc(cc4n3)Cl)NCc5ccc(cc5)CC(=O)NCc6ccc(c(c6)OC)O
Acetylcholinesterase,7aiv,8UE,601,1,B,4311,CAV,82.729,159.78,96.274,2.415,27.0,C,CC1=C[C@@H]2C[C@H](C1)Cc3c2c(c4ccc(cc4n3)Cl)NCc5ccc(cc5)CC(=O)NCc6ccc(c(c6)OC)O
Acetylcholinesterase,7aiv,8UE,601,1,B,4312,CAW,83.11,158.703,97.273,1.208,28.0,C,CC1=C[C@@H]2C[C@H](C1)Cc3c2c(c4ccc(cc4n3)Cl)NCc5ccc(cc5)CC(=O)NCc6ccc(c(c6)OC)O
Acetylcholinesterase,7aiv,8UE,601,1,B,4314,NAY,82.409,158.755,98.435,1.094,30.0,N,CC1=C[C@@H]2C[C@H](C1)Cc3c2c(c4ccc(cc4n3)Cl)NCc5ccc(cc5)CC(=O)NCc6ccc(c(c6)OC)O
Acetylcholinesterase,7aiv,8UE,601,1,B,4315,CAZ,82.637,157.822,99.557,16.907,31.0,C,CC1=C[C@@H]2C[C@H](C1)Cc3c2c(c4ccc(cc4n3)Cl)NCc5ccc(cc5)CC(=O)NCc6ccc(c(c6)OC)O
Acetylcholinesterase,7aiv,8UE,601,1,B,4316,CBA,81.453,157.463,100.204,1.208,32.0,C,CC1=C[C@@H]2C[C@H](C1)Cc3c2c(c4ccc(cc4n3)Cl)NCc5ccc(cc5)CC(=O)NCc6ccc(c(c6)OC)O
Acetylcholinesterase,7aiv,8UE,601,1,B,4317,CBB,81.458,157.225,101.588,10.869,37.0,C,CC1=C[C@@H]2C[C@H](C1)Cc3c2c(c4ccc(cc4n3)Cl)NCc5ccc(cc5)CC(=O)NCc6ccc(c(c6)OC)O
Acetylcholinesterase,7aiv,8UE,601,1,B,4318,CBC,80.271,157.325,99.474,13.284,33.0,C,CC1=C[C@@H]2C[C@H](C1)Cc3c2c(c4ccc(cc4n3)Cl)NCc5ccc(cc5)CC(=O)NCc6ccc(c(c6)OC)O
Acetylcholinesterase,7aiv,8UE,601,1,B,4319,CBD,79.091,156.956,100.131,27.775,34.0,C,CC1=C[C@@H]2C[C@H](C1)Cc3c2c(c4ccc(cc4n3)Cl)NCc5ccc(cc5)CC(=O)NCc6ccc(c(c6)OC)O
Acetylcholinesterase,7aiv,8UE,601,1,B,4320,CBE,79.091,156.721,101.514,2.415,35.0,C,CC1=C[C@@H]2C[C@H](C1)Cc3c2c(c4ccc(cc4n3)Cl)NCc5ccc(cc5)CC(=O)NCc6ccc(c(c6)OC)O
Acetylcholinesterase,7aiv,8UE,601,1,B,4321,OBF,77.935,156.367,102.159,36.43,40.0,O,CC1=C[C@@H]2C[C@H](C1)Cc3c2c(c4ccc(cc4n3)Cl)NCc5ccc(cc5)CC(=O)NCc6ccc(c(c6)OC)O
Acetylcholinesterase,7aiv,8UE,601,1,B,4324,CBI,79.833,155.415,104.287,25.36,39.0,C,CC1=C[C@@H]2C[C@H](C1)Cc3c2c(c4ccc(cc4n3)Cl)NCc5ccc(cc5)CC(=O)NCc6ccc(c(c6)OC)O
Acetylcholinesterase,7aiw,8U5,601,1,A,4312,CAK,138.412,155.052,67.519,3.623,4.0,C,CC1C[C@@H]2CC(C1)Cc3c2c(c4ccc(cc4n3)Cl)NCCCCCCCCCC(=O)NCc5ccc(c(c5)OC)O
Acetylcholinesterase,7aiw,8U5,601,1,A,4317,CAR,139.22,158.057,70.271,1.208,0.0,C,CC1C[C@@H]2CC(C1)Cc3c2c(c4ccc(cc4n3)Cl)NCCCCCCCCCC(=O)NCc5ccc(c(c5)OC)O
Acetylcholinesterase,7aiw,8U5,601,1,A,4319,CAJ,139.897,155.316,67.656,2.415,3.0,C,CC1C[C@@H]2CC(C1)Cc3c2c(c4ccc(cc4n3)Cl)NCCCCCCCCCC(=O)NCc5ccc(c(c5)OC)O
Acetylcholinesterase,7aiw,8U5,601,1,A,4331,NAT,142.459,154.978,67.393,1.094,19.0,N,CC1C[C@@H]2CC(C1)Cc3c2c(c4ccc(cc4n3)Cl)NCCCCCCCCCC(=O)NCc5ccc(c(c5)OC)O
Acetylcholinesterase,7aiw,8U5,601,1,A,4332,CAS,143.832,155.327,67.088,3.623,20.0,C,CC1C[C@@H]2CC(C1)Cc3c2c(c4ccc(cc4n3)Cl)NCCCCCCCCCC(=O)NCc5ccc(c(c5)OC)O
Acetylcholinesterase,7aiw,8U5,601,1,A,4334,CAV,144.959,157.402,67.432,6.038,22.0,C,CC1C[C@@H]2CC(C1)Cc3c2c(c4ccc(cc4n3)Cl)NCCCCCCCCCC(=O)NCc5ccc(c(c5)OC)O
Acetylcholinesterase,7aiw,8U5,601,1,A,4335,CAW,146.173,157.891,68.175,2.415,23.0,C,CC1C[C@@H]2CC(C1)Cc3c2c(c4ccc(cc4n3)Cl)NCCCCCCCCCC(=O)NCc5ccc(c(c5)OC)O
Acetylcholinesterase,7aiw,8U5,601,1,A,4336,CBO,146.28,159.4,68.222,2.415,24.0,C,CC1C[C@@H]2CC(C1)Cc3c2c(c4ccc(cc4n3)Cl)NCCCCCCCCCC(=O)NCc5ccc(c(c5)OC)O
Acetylcholinesterase,7aiw,8U5,601,1,A,4337,CBN,147.512,159.886,68.973,3.623,25.0,C,CC1C[C@@H]2CC(C1)Cc3c2c(c4ccc(cc4n3)Cl)NCCCCCCCCCC(=O)NCc5ccc(c(c5)OC)O
Acetylcholinesterase,7aiw,8U5,601,1,A,4338,CBM,147.234,161.284,69.499,6.038,26.0,C,CC1C[C@@H]2CC(C1)Cc3c2c(c4ccc(cc4n3)Cl)NCCCCCCCCCC(=O)NCc5ccc(c(c5)OC)O
Acetylcholinesterase,7aiw,8U5,601,1,A,4339,CBL,148.532,161.876,70.034,15.699,27.0,C,CC1C[C@@H]2CC(C1)Cc3c2c(c4ccc(cc4n3)Cl)NCCCCCCCCCC(=O)NCc5ccc(c(c5)OC)O
Acetylcholinesterase,7aiw,8U5,601,1,A,4341,CAX,149.881,163.976,69.82,2.415,29.0,C,CC1C[C@@H]2CC(C1)Cc3c2c(c4ccc(cc4n3)Cl)NCCCCCCCCCC(=O)NCc5ccc(c(c5)OC)O
Acetylcholinesterase,7aiw,8U5,601,1,A,4342,OAY,151.008,164.193,69.382,33.215,30.0,O,CC1C[C@@H]2CC(C1)Cc3c2c(c4ccc(cc4n3)Cl)NCCCCCCCCCC(=O)NCc5ccc(c(c5)OC)O
Acetylcholinesterase,7aiw,8U5,601,1,A,4344,CBA,150.214,165.521,71.673,19.322,32.0,C,CC1C[C@@H]2CC(C1)Cc3c2c(c4ccc(cc4n3)Cl)NCCCCCCCCCC(=O)NCc5ccc(c(c5)OC)O
Acetylcholinesterase,7aiw,8U5,601,1,A,4345,CBB,149.555,165.957,72.819,2.415,33.0,C,CC1C[C@@H]2CC(C1)Cc3c2c(c4ccc(cc4n3)Cl)NCCCCCCCCCC(=O)NCc5ccc(c(c5)OC)O
Acetylcholinesterase,7aiw,8U5,601,1,A,4346,CBC,149.865,167.214,73.335,15.699,38.0,C,CC1C[C@@H]2CC(C1)Cc3c2c(c4ccc(cc4n3)Cl)NCCCCCCCCCC(=O)NCc5ccc(c(c5)OC)O
Acetylcholinesterase,7aiw,8U5,601,1,A,4347,CBG,148.6,165.148,73.442,13.284,34.0,C,CC1C[C@@H]2CC(C1)Cc3c2c(c4ccc(cc4n3)Cl)NCCCCCCCCCC(=O)NCc5ccc(c(c5)OC)O
Acetylcholinesterase,7aiw,8U5,601,1,A,4348,CBF,147.946,165.592,74.59,6.038,35.0,C,CC1C[C@@H]2CC(C1)Cc3c2c(c4ccc(cc4n3)Cl)NCCCCCCCCCC(=O)NCc5ccc(c(c5)OC)O
Acetylcholinesterase,7aiw,8U5,601,1,A,4352,OBI,149.454,168.874,75.055,4.286,39.0,O,CC1C[C@@H]2CC(C1)Cc3c2c(c4ccc(cc4n3)Cl)NCCCCCCCCCC(=O)NCc5ccc(c(c5)OC)O
Acetylcholinesterase,7aiw,8U5,601,1,A,4353,CBJ,149.206,169.942,74.128,18.114,40.0,C,CC1C[C@@H]2CC(C1)Cc3c2c(c4ccc(cc4n3)Cl)NCCCCCCCCCC(=O)NCc5ccc(c(c5)OC)O
Acetylcholinesterase,7aiw,8U5,601,1,B,4284,CAK,138.409,102.683,94.699,3.623,4.0,C,CC1C[C@@H]2CC(C1)Cc3c2c(c4ccc(cc4n3)Cl)NCCCCCCCCCC(=O)NCc5ccc(c(c5)OC)O
Acetylcholinesterase,7aiw,8U5,601,1,B,4289,CAR,139.331,105.645,97.485,1.208,0.0,C,CC1C[C@@H]2CC(C1)Cc3c2c(c4ccc(cc4n3)Cl)NCCCCCCCCCC(=O)NCc5ccc(c(c5)OC)O
Acetylcholinesterase,7aiw,8U5,601,1,B,4291,CAJ,139.915,102.917,94.776,2.415,3.0,C,CC1C[C@@H]2CC(C1)Cc3c2c(c4ccc(cc4n3)Cl)NCCCCCCCCCC(=O)NCc5ccc(c(c5)OC)O
Acetylcholinesterase,7aiw,8U5,601,1,B,4303,NAT,142.619,102.543,94.469,1.094,19.0,N,CC1C[C@@H]2CC(C1)Cc3c2c(c4ccc(cc4n3)Cl)NCCCCCCCCCC(=O)NCc5ccc(c(c5)OC)O
Acetylcholinesterase,7aiw,8U5,601,1,B,4304,CAS,143.994,103.122,94.556,1.208,20.0,C,CC1C[C@@H]2CC(C1)Cc3c2c(c4ccc(cc4n3)Cl)NCCCCCCCCCC(=O)NCc5ccc(c(c5)OC)O
Acetylcholinesterase,7aiw,8U5,601,1,B,4305,CAU,144.015,104.63,94.838,7.246,21.0,C,CC1C[C@@H]2CC(C1)Cc3c2c(c4ccc(cc4n3)Cl)NCCCCCCCCCC(=O)NCc5ccc(c(c5)OC)O
Acetylcholinesterase,7aiw,8U5,601,1,B,4308,CBO,146.738,107.009,96.397,4.831,24.0,C,CC1C[C@@H]2CC(C1)Cc3c2c(c4ccc(cc4n3)Cl)NCCCCCCCCCC(=O)NCc5ccc(c(c5)OC)O
Acetylcholinesterase,7aiw,8U5,601,1,B,4310,CBM,148.373,108.853,97.094,3.623,26.0,C,CC1C[C@@H]2CC(C1)Cc3c2c(c4ccc(cc4n3)Cl)NCCCCCCCCCC(=O)NCc5ccc(c(c5)OC)O
Acetylcholinesterase,7aiw,8U5,601,1,B,4311,CBL,149.41,109.8,96.445,15.699,27.0,C,CC1C[C@@H]2CC(C1)Cc3c2c(c4ccc(cc4n3)Cl)NCCCCCCCCCC(=O)NCc5ccc(c(c5)OC)O
Acetylcholinesterase,7aiw,8U5,601,1,B,4313,CAX,149.46,112.058,97.674,1.208,29.0,C,CC1C[C@@H]2CC(C1)Cc3c2c(c4ccc(cc4n3)Cl)NCCCCCCCCCC(=O)NCc5ccc(c(c5)OC)O
Acetylcholinesterase,7aiw,8U5,601,1,B,4314,OAY,150.476,112.751,97.637,36.43,30.0,O,CC1C[C@@H]2CC(C1)Cc3c2c(c4ccc(cc4n3)Cl)NCCCCCCCCCC(=O)NCc5ccc(c(c5)OC)O
Acetylcholinesterase,7aiw,8U5,601,1,B,4316,CBA,148.819,112.532,100.079,25.36,32.0,C,CC1C[C@@H]2CC(C1)Cc3c2c(c4ccc(cc4n3)Cl)NCCCCCCCCCC(=O)NCc5ccc(c(c5)OC)O
Acetylcholinesterase,7aiw,8U5,601,1,B,4317,CBB,147.948,111.662,100.71,1.208,33.0,C,CC1C[C@@H]2CC(C1)Cc3c2c(c4ccc(cc4n3)Cl)NCCCCCCCCCC(=O)NCc5ccc(c(c5)OC)O
Acetylcholinesterase,7aiw,8U5,601,1,B,4318,CBC,146.74,112.068,101.269,1.208,38.0,C,CC1C[C@@H]2CC(C1)Cc3c2c(c4ccc(cc4n3)Cl)NCCCCCCCCCC(=O)NCc5ccc(c(c5)OC)O
Acetylcholinesterase,7aiw,8U5,601,1,B,4319,CBG,148.282,110.309,100.661,9.661,34.0,C,CC1C[C@@H]2CC(C1)Cc3c2c(c4ccc(cc4n3)Cl)NCCCCCCCCCC(=O)NCc5ccc(c(c5)OC)O
Acetylcholinesterase,7aiw,8U5,601,1,B,4320,CBF,147.467,109.334,101.205,2.415,35.0,C,CC1C[C@@H]2CC(C1)Cc3c2c(c4ccc(cc4n3)Cl)NCCCCCCCCCC(=O)NCc5ccc(c(c5)OC)O
Acetylcholinesterase,7aiw,8U5,601,1,B,4321,CBE,146.274,109.737,101.779,1.208,36.0,C,CC1C[C@@H]2CC(C1)Cc3c2c(c4ccc(cc4n3)Cl)NCCCCCCCCCC(=O)NCc5ccc(c(c5)OC)O
Acetylcholinesterase,7aiw,8U5,601,1,B,4322,OBH,145.415,108.828,102.33,6.429,41.0,O,CC1C[C@@H]2CC(C1)Cc3c2c(c4ccc(cc4n3)Cl)NCCCCCCCCCC(=O)NCc5ccc(c(c5)OC)O
Acetylcholinesterase,7aix,8U2,601,1,A,4310,CAN,-53.038,28.927,-38.949,1.208,40.0,C,COc1cc(ccc1O)CNC(=O)Cc2cn(nn2)CCCCC3CC4Cc5c(c(c6ccc(cc6n5)Cl)N)C(C4)C3
Acetylcholinesterase,7aix,8U2,601,1,A,4311,CAM,-53.507,28.846,-40.403,2.415,39.0,C,COc1cc(ccc1O)CNC(=O)Cc2cn(nn2)CCCCC3CC4Cc5c(c(c6ccc(cc6n5)Cl)N)C(C4)C3
Acetylcholinesterase,7aix,8U2,601,1,A,4312,CAS,-53.955,30.263,-40.773,2.415,41.0,C,COc1cc(ccc1O)CNC(=O)Cc2cn(nn2)CCCCC3CC4Cc5c(c(c6ccc(cc6n5)Cl)N)C(C4)C3
Acetylcholinesterase,7aix,8U2,601,1,A,4315,NAL,-54.084,28.08,-42.994,12.029,38.0,N,COc1cc(ccc1O)CNC(=O)Cc2cn(nn2)CCCCC3CC4Cc5c(c(c6ccc(cc6n5)Cl)N)C(C4)C3
Acetylcholinesterase,7aix,8U2,601,1,A,4332,CAW,-52.567,34.166,-43.929,1.208,19.0,C,COc1cc(ccc1O)CNC(=O)Cc2cn(nn2)CCCCC3CC4Cc5c(c(c6ccc(cc6n5)Cl)N)C(C4)C3
Acetylcholinesterase,7aix,8U2,601,1,A,4333,NAZ,-52.584,35.42,-44.769,1.094,16.0,N,COc1cc(ccc1O)CNC(=O)Cc2cn(nn2)CCCCC3CC4Cc5c(c(c6ccc(cc6n5)Cl)N)C(C4)C3
Acetylcholinesterase,7aix,8U2,601,1,A,4334,CAX,-53.547,35.827,-45.602,8.453,15.0,C,COc1cc(ccc1O)CNC(=O)Cc2cn(nn2)CCCCC3CC4Cc5c(c(c6ccc(cc6n5)Cl)N)C(C4)C3
Acetylcholinesterase,7aix,8U2,601,1,A,4336,NBB,-51.923,37.239,-45.605,1.094,18.0,N,COc1cc(ccc1O)CNC(=O)Cc2cn(nn2)CCCCC3CC4Cc5c(c(c6ccc(cc6n5)Cl)N)C(C4)C3
Acetylcholinesterase,7aix,8U2,601,1,A,4337,CAY,-53.116,36.977,-46.114,1.208,14.0,C,COc1cc(ccc1O)CNC(=O)Cc2cn(nn2)CCCCC3CC4Cc5c(c(c6ccc(cc6n5)Cl)N)C(C4)C3
Acetylcholinesterase,7aix,8U2,601,1,A,4338,CBC,-53.851,37.859,-47.131,1.208,13.0,C,COc1cc(ccc1O)CNC(=O)Cc2cn(nn2)CCCCC3CC4Cc5c(c(c6ccc(cc6n5)Cl)N)C(C4)C3
Acetylcholinesterase,7aix,8U2,601,1,A,4339,CBD,-53.046,37.88,-48.44,2.415,11.0,C,COc1cc(ccc1O)CNC(=O)Cc2cn(nn2)CCCCC3CC4Cc5c(c(c6ccc(cc6n5)Cl)N)C(C4)C3
Acetylcholinesterase,7aix,8U2,601,1,A,4340,OBM,-51.882,38.273,-48.462,1.071,12.0,O,COc1cc(ccc1O)CNC(=O)Cc2cn(nn2)CCCCC3CC4Cc5c(c(c6ccc(cc6n5)Cl)N)C(C4)C3
Acetylcholinesterase,7aix,8U2,601,1,A,4341,NBL,-53.683,37.428,-49.519,7.655,10.0,N,COc1cc(ccc1O)CNC(=O)Cc2cn(nn2)CCCCC3CC4Cc5c(c(c6ccc(cc6n5)Cl)N)C(C4)C3
Acetylcholinesterase,7aix,8U2,601,1,A,4344,CBK,-54.683,35.952,-51.828,2.415,3.0,C,COc1cc(ccc1O)CNC(=O)Cc2cn(nn2)CCCCC3CC4Cc5c(c(c6ccc(cc6n5)Cl)N)C(C4)C3
Acetylcholinesterase,7aix,8U2,601,1,A,4345,CBG,-54.279,38.149,-52.752,21.737,5.0,C,COc1cc(ccc1O)CNC(=O)Cc2cn(nn2)CCCCC3CC4Cc5c(c(c6ccc(cc6n5)Cl)N)C(C4)C3
Acetylcholinesterase,7aix,8U2,601,1,A,4346,CBH,-55.261,37.939,-53.723,32.606,6.0,C,COc1cc(ccc1O)CNC(=O)Cc2cn(nn2)CCCCC3CC4Cc5c(c(c6ccc(cc6n5)Cl)N)C(C4)C3
Acetylcholinesterase,7aix,8U2,601,1,A,4347,CBI,-55.95,36.726,-53.736,4.831,7.0,C,COc1cc(ccc1O)CNC(=O)Cc2cn(nn2)CCCCC3CC4Cc5c(c(c6ccc(cc6n5)Cl)N)C(C4)C3
Acetylcholinesterase,7aix,8U2,601,1,A,4348,OBN,-56.923,36.444,-54.658,47.144,8.0,O,COc1cc(ccc1O)CNC(=O)Cc2cn(nn2)CCCCC3CC4Cc5c(c(c6ccc(cc6n5)Cl)N)C(C4)C3
Acetylcholinesterase,7aix,8U2,601,1,A,4349,CBJ,-55.662,35.735,-52.796,4.831,2.0,C,COc1cc(ccc1O)CNC(=O)Cc2cn(nn2)CCCCC3CC4Cc5c(c(c6ccc(cc6n5)Cl)N)C(C4)C3
Acetylcholinesterase,7aix,8U2,601,1,A,4350,OBO,-56.381,34.571,-52.871,7.5,1.0,O,COc1cc(ccc1O)CNC(=O)Cc2cn(nn2)CCCCC3CC4Cc5c(c(c6ccc(cc6n5)Cl)N)C(C4)C3
Acetylcholinesterase,7aix,8U2,601,1,A,4351,CBP,-56.117,33.695,-51.763,10.869,0.0,C,COc1cc(ccc1O)CNC(=O)Cc2cn(nn2)CCCCC3CC4Cc5c(c(c6ccc(cc6n5)Cl)N)C(C4)C3
Acetylcholinesterase,7b8e,FWN,605,1,A,4277,O4,43.769,11.437,19.077,18.215,11.0,O,CCOCCOCCOCCO
Acetylcholinesterase,7b8e,FWN,605,1,A,4278,C5,44.927,10.629,18.972,7.246,10.0,C,CCOCCOCCOCCO
Acetylcholinesterase,7b8e,FWN,605,1,A,4279,C6,45.119,9.755,20.178,1.208,9.0,C,CCOCCOCCOCCO
Acetylcholinesterase,7b8e,FWN,605,1,A,4281,C8,47.497,9.835,20.297,1.208,7.0,C,CCOCCOCCOCCO
Acetylcholinesterase,7b8e,FWN,605,1,A,4282,C9,48.722,8.969,20.294,7.246,6.0,C,CCOCCOCCOCCO
Acetylcholinesterase,7b8e,FWN,605,1,A,4283,O10,48.965,8.454,18.987,2.143,5.0,O,CCOCCOCCOCCO
Acetylcholinesterase,7b8e,FWN,605,1,A,4284,C11,50.016,7.497,18.976,15.699,4.0,C,CCOCCOCCOCCO
Acetylcholinesterase,7b8e,FWN,605,1,A,4286,O13,51.649,6.382,17.685,9.643,2.0,O,CCOCCOCCOCCO
Acetylcholinesterase,7b8e,FWN,605,1,A,4287,C14,52.508,6.357,16.552,6.038,1.0,C,CCOCCOCCOCCO
Acetylcholinesterase,7b8e,FWN,605,1,A,4288,C1,53.521,5.298,16.713,51.928,0.0,C,CCOCCOCCOCCO
