Target,pdb_id,Warhead,Residue_ID,Variant,Chain,atom_id,atom_name,x,y,z,Exposure_A2
Acetylcholinesterase,5e4j,DME,603,1,A,4203,N1,49.838,-30.392,39.83,0.0
Acetylcholinesterase,5e4j,DME,603,1,A,4204,C2,50.696,-29.7,40.8,7.246
Acetylcholinesterase,5e4j,DME,603,1,A,4205,C3,50.035,-29.807,42.169,0.0
Acetylcholinesterase,5e4j,DME,603,1,A,4206,C4,50.271,-31.179,42.785,3.623
Acetylcholinesterase,5e4j,DME,603,1,A,4207,C5,50.44,-31.108,44.301,1.208
Acetylcholinesterase,5e4j,DME,603,1,A,4208,C6,51.846,-30.689,44.727,4.831
Acetylcholinesterase,5e4j,DME,603,1,A,4209,C7,51.916,-29.198,45.035,0.0
Acetylcholinesterase,5e4j,DME,603,1,A,4210,C8,52.701,-28.899,46.3,0.0
Acetylcholinesterase,5e4j,DME,603,1,A,4211,C9,54.181,-28.674,46.018,0.0
Acetylcholinesterase,5e4j,DME,603,1,A,4212,C10,55.013,-29.675,46.8,0.0
Acetylcholinesterase,5e4j,DME,603,1,A,4213,C11,56.458,-29.221,46.884,9.661
Acetylcholinesterase,5e4j,DME,603,1,A,4214,N12,57.416,-30.349,46.943,0.0
Acetylcholinesterase,5e4j,DME,603,1,A,4215,C13,50.073,-31.874,39.588,7.246
Acetylcholinesterase,5e4j,DME,603,1,A,4216,C14,48.705,-29.676,39.212,0.0
Acetylcholinesterase,5e4j,DME,603,1,A,4217,C15,50.728,-30.032,38.673,0.0
Acetylcholinesterase,5e4j,DME,603,1,A,4218,C16,58.828,-30.028,46.659,7.246
Acetylcholinesterase,5e4j,DME,603,1,A,4219,C17,57.03,-31.765,47.134,3.623
Acetylcholinesterase,5e4j,DME,603,1,A,4220,C18,57.629,-30.183,48.427,32.606
Acetylcholinesterase,2wfz,GD8,605,1,A,4396,C7,5.492,68.541,62.992,0.0
Acetylcholinesterase,2wfz,GD8,605,1,A,4397,C4,4.525,67.529,63.61,0.0
Acetylcholinesterase,2wfz,GD8,605,1,A,4398,C6,5.185,66.876,64.82,10.869
Acetylcholinesterase,2wfz,GD8,605,1,A,4399,C5,3.289,68.267,64.1,15.699
Acetylcholinesterase,2wfz,GD8,605,1,A,4400,C2,4.135,66.468,62.526,1.208
Acetylcholinesterase,2wfz,GD8,605,1,A,4401,C3,3.961,67.218,61.176,1.208
Acetylcholinesterase,2wfz,GD8,605,1,A,4402,O2,5.116,65.38,62.495,0.0
Acetylcholinesterase,2wfz,GD8,605,1,A,4403,P,5.187,63.94,61.644,0.0
Acetylcholinesterase,2wfz,GD8,605,1,A,4404,C1,5.454,62.701,62.918,1.208
Acetylcholinesterase,2wfz,GD8,605,1,A,4405,O1,3.96,63.609,60.857,0.0
Acetylcholinesterase,1acl,DME,999,1,A,4111,N1,0.354,62.248,71.567,0.0
Acetylcholinesterase,1acl,DME,999,1,A,4112,C2,1.174,62.295,70.34,4.831
Acetylcholinesterase,1acl,DME,999,1,A,4113,C3,1.939,63.625,70.294,1.208
Acetylcholinesterase,1acl,DME,999,1,A,4114,C4,3.211,63.724,69.452,3.623
Acetylcholinesterase,1acl,DME,999,1,A,4115,C5,3.767,65.143,69.695,1.208
Acetylcholinesterase,1acl,DME,999,1,A,4116,C6,5.009,65.507,68.892,0.0
Acetylcholinesterase,1acl,DME,999,1,A,4117,C7,4.749,66.485,67.771,2.415
Acetylcholinesterase,1acl,DME,999,1,A,4118,C8,4.339,67.92,68.136,2.415
Acetylcholinesterase,1acl,DME,999,1,A,4119,C9,3.711,68.65,66.914,12.076
Acetylcholinesterase,1acl,DME,999,1,A,4120,C10,4.292,68.241,65.534,2.415
Acetylcholinesterase,1acl,DME,999,1,A,4121,C11,3.84,69.056,64.293,4.831
Acetylcholinesterase,1acl,DME,999,1,A,4122,N12,4.766,68.964,63.115,0.0
Acetylcholinesterase,1acl,DME,999,1,A,4123,C13,-0.382,63.521,71.796,4.831
Acetylcholinesterase,1acl,DME,999,1,A,4124,C14,-0.683,61.201,71.454,10.869
Acetylcholinesterase,1acl,DME,999,1,A,4125,C15,1.203,61.9,72.734,37.436
Acetylcholinesterase,1acl,DME,999,1,A,4126,C16,5.964,69.816,63.326,0.0
Acetylcholinesterase,1acl,DME,999,1,A,4127,C17,4.072,69.378,61.885,2.415
Acetylcholinesterase,1acl,DME,999,1,A,4128,C18,5.167,67.571,62.883,3.623
Acetylcholinesterase,2vjb,CCD,1539,1,B,4274,O7,94.371,52.4,80.937,0.0
Acetylcholinesterase,2vjb,CCD,1539,1,B,4275,C5,93.687,51.597,79.966,0.0
Acetylcholinesterase,2vjb,CCD,1539,1,B,4276,C6,93.017,52.59,79.011,0.0
Acetylcholinesterase,2vjb,CCD,1539,1,B,4277,C4,92.386,50.856,80.319,1.208
Acetylcholinesterase,2vjb,CCD,1539,1,B,4278,C3,92.464,50.104,81.652,0.0
Acetylcholinesterase,2vjb,CCD,1539,1,B,4279,C2,91.171,49.336,81.97,6.038
Acetylcholinesterase,2vjb,CCD,1539,1,B,4280,N1,91.184,48.041,82.694,0.0
Acetylcholinesterase,2vjb,CCD,1539,1,B,4281,C9,91.488,48.237,84.122,7.246
Acetylcholinesterase,2vjb,CCD,1539,1,B,4282,C10,89.82,47.486,82.653,7.246
Acetylcholinesterase,2vjb,CCD,1539,1,B,4283,C8,92.044,46.98,82.132,0.0
Acetylcholinesterase,2vjb,CCD,1540,1,B,4284,O7,83.269,52.937,81.538,5.357
Acetylcholinesterase,2vjb,CCD,1540,1,B,4285,C5,83.765,53.913,80.613,0.0
Acetylcholinesterase,2vjb,CCD,1540,1,B,4286,C6,84.887,53.532,79.649,9.661
Acetylcholinesterase,2vjb,CCD,1540,1,B,4287,C4,83.06,55.269,80.45,8.453
Acetylcholinesterase,2vjb,CCD,1540,1,B,4288,C3,82.156,55.624,81.639,0.0
Acetylcholinesterase,2vjb,CCD,1540,1,B,4289,C2,80.715,56.001,81.133,13.284
Acetylcholinesterase,2vjb,CCD,1540,1,B,4290,N1,80.352,57.487,80.987,0.0
Acetylcholinesterase,2vjb,CCD,1540,1,B,4291,C9,79.035,57.572,80.361,49.513
Acetylcholinesterase,2vjb,CCD,1540,1,B,4292,C10,80.227,58.188,82.29,15.699
Acetylcholinesterase,2vjb,CCD,1540,1,B,4293,C8,81.249,58.271,80.093,20.53
Acetylcholinesterase,2vjb,CCD,1539,1,A,4240,O7,89.692,53.366,22.32,0.0
Acetylcholinesterase,2vjb,CCD,1539,1,A,4241,C5,90.399,52.771,23.413,0.0
Acetylcholinesterase,2vjb,CCD,1539,1,A,4242,C6,91.24,53.634,24.361,0.0
Acetylcholinesterase,2vjb,CCD,1539,1,A,4243,C4,91.767,52.132,23.131,2.415
Acetylcholinesterase,2vjb,CCD,1539,1,A,4244,C3,91.635,51.015,22.091,0.0
Acetylcholinesterase,2vjb,CCD,1539,1,A,4245,C2,92.987,50.459,21.618,7.246
Acetylcholinesterase,2vjb,CCD,1539,1,A,4246,N1,93.04,49.437,20.547,0.0
Acetylcholinesterase,2vjb,CCD,1539,1,A,4247,C9,92.697,49.962,19.213,9.661
Acetylcholinesterase,2vjb,CCD,1539,1,A,4248,C10,94.453,49.016,20.465,9.661
Acetylcholinesterase,2vjb,CCD,1539,1,A,4249,C8,92.233,48.228,20.813,0.0
Acetylcholinesterase,2vjb,CCD,1540,1,A,4250,O7,100.932,53.661,21.056,4.286
Acetylcholinesterase,2vjb,CCD,1540,1,A,4251,C5,100.519,53.994,22.415,0.0
Acetylcholinesterase,2vjb,CCD,1540,1,A,4252,C6,99.872,52.915,23.293,2.415
Acetylcholinesterase,2vjb,CCD,1540,1,A,4253,C4,100.811,55.384,23.034,13.284
Acetylcholinesterase,2vjb,CCD,1540,1,A,4254,C3,101.497,56.357,22.06,0.0
Acetylcholinesterase,2vjb,CCD,1540,1,A,4255,C2,103.036,56.552,22.41,4.831
Acetylcholinesterase,2vjb,CCD,1540,1,A,4256,N1,103.593,57.98,22.502,0.0
Acetylcholinesterase,2vjb,CCD,1540,1,A,4257,C9,103.012,58.775,23.629,30.191
Acetylcholinesterase,2vjb,CCD,1540,1,A,4258,C10,105.036,57.901,22.787,47.098
Acetylcholinesterase,2vjb,CCD,1540,1,A,4259,C8,103.471,58.764,21.228,9.661
Acetylcholinesterase,1h22,E10,1536,1,A,4192,C1,4.611,59.535,71.353,0.0
Acetylcholinesterase,1h22,E10,1536,1,A,4193,N2,3.767,58.483,71.615,0.0
Acetylcholinesterase,1h22,E10,1536,1,A,4194,C3,2.79,58.432,72.535,0.0
Acetylcholinesterase,1h22,E10,1536,1,A,4195,C4,2.547,59.535,73.346,1.208
Acetylcholinesterase,1h22,E10,1536,1,A,4196,C5,3.402,60.731,73.182,0.0
Acetylcholinesterase,1h22,E10,1536,1,A,4197,C6,4.403,60.754,72.23,0.0
Acetylcholinesterase,1h22,E10,1536,1,A,4198,O7,5.431,59.461,70.441,0.0
Acetylcholinesterase,1h22,E10,1536,1,A,4199,C9,2.009,57.099,72.648,4.831
Acetylcholinesterase,1h22,E10,1536,1,A,4200,C10,1.454,59.525,74.434,10.869
Acetylcholinesterase,1h22,E10,1536,1,A,4201,C13,0.723,58.145,74.591,28.983
Acetylcholinesterase,1h22,E10,1536,1,A,4202,C14,0.617,57.33,73.257,6.038
Acetylcholinesterase,1h22,E10,1536,1,A,4203,N17,0.427,60.623,74.093,15.31
Acetylcholinesterase,1h22,E10,1536,1,A,4204,C24,-0.357,60.492,72.793,3.623
Acetylcholinesterase,1h22,E10,1536,1,A,4205,C29,0.991,68.368,60.899,0.0
Acetylcholinesterase,1h22,E10,1536,1,A,4206,N30,2.379,68.39,60.972,0.0
Acetylcholinesterase,1h22,E10,1536,1,A,4207,C31,3.154,68.313,62.09,0.0
Acetylcholinesterase,1h22,E10,1536,1,A,4208,C32,2.563,68.188,63.353,0.0
Acetylcholinesterase,1h22,E10,1536,1,A,4209,C33,1.076,68.126,63.41,2.415
Acetylcholinesterase,1h22,E10,1536,1,A,4210,C34,0.289,68.211,62.247,0.0
Acetylcholinesterase,1h22,E10,1536,1,A,4211,O35,0.423,68.562,59.806,0.0
Acetylcholinesterase,1h22,E10,1536,1,A,4212,C36,4.677,68.363,61.86,0.0
Acetylcholinesterase,1h22,E10,1536,1,A,4213,C37,3.463,68.101,64.632,0.0
Acetylcholinesterase,1h22,E10,1536,1,A,4214,C38,4.983,67.909,64.305,1.208
Acetylcholinesterase,1h22,E10,1536,1,A,4215,C39,5.444,68.762,63.148,0.0
Acetylcholinesterase,1h22,E10,1536,1,A,4216,N40,3.149,66.903,65.515,5.468
Acetylcholinesterase,1h22,E10,1536,1,A,4217,C41,4.145,66.54,66.635,1.208
Acetylcholinesterase,1h22,E10,1536,1,A,4218,C63,-0.854,61.863,72.369,1.208
Acetylcholinesterase,1h22,E10,1536,1,A,4219,C64,0.28,62.833,72.022,2.415
Acetylcholinesterase,1h22,E10,1536,1,A,4220,C65,1.052,62.412,70.801,0.0
Acetylcholinesterase,1h22,E10,1536,1,A,4221,C66,1.793,63.583,70.151,4.831
Acetylcholinesterase,1h22,E10,1536,1,A,4222,C67,3.297,63.279,70.117,0.0
Acetylcholinesterase,1h22,E10,1536,1,A,4223,C68,4.129,63.855,68.956,0.0
Acetylcholinesterase,1h22,E10,1536,1,A,4224,C69,4.294,65.394,68.925,0.0
Acetylcholinesterase,1h22,E10,1536,1,A,4225,C70,3.38,66.017,67.837,8.453
Acetylcholinesterase,6h13,FJN,604,1,A,4335,CAA,-44.826,109.371,55.505,3.623
Acetylcholinesterase,6h13,FJN,604,1,A,4336,CAB,-46.319,109.637,55.674,2.415
Acetylcholinesterase,6h13,FJN,604,1,A,4337,CAC,-46.886,109.985,54.328,2.415
Acetylcholinesterase,6h13,FJN,604,1,A,4338,CAD,-46.287,111.318,53.919,0.0
Acetylcholinesterase,6h13,FJN,604,1,A,4339,CAE,-44.882,111.365,54.085,0.0
Acetylcholinesterase,6h13,FJN,604,1,A,4340,CAF,-44.174,110.44,54.865,0.0
Acetylcholinesterase,6h13,FJN,604,1,A,4341,CAG,-42.78,110.567,54.978,0.0
Acetylcholinesterase,6h13,FJN,604,1,A,4342,CAH,-42.099,111.635,54.338,0.0
Acetylcholinesterase,6h13,FJN,604,1,A,4343,CAI,-42.871,112.525,53.588,0.0
Acetylcholinesterase,6h13,FJN,604,1,A,4344,CAJ,-42.266,113.595,52.924,0.0
Acetylcholinesterase,6h13,FJN,604,1,A,4345,CAK,-40.893,113.811,52.984,0.0
Acetylcholinesterase,6h13,FJN,604,1,A,4346,CAL,-40.107,112.942,53.725,0.0
Acetylcholinesterase,6h13,FJN,604,1,A,4347,CAM,-40.718,111.881,54.387,0.0
Acetylcholinesterase,6h13,FJN,604,1,A,4348,CAO,-40.78,109.139,55.755,1.208
Acetylcholinesterase,6h13,FJN,604,1,A,4349,CAQ,-40.721,107.617,55.691,6.038
Acetylcholinesterase,6h13,FJN,604,1,A,4350,CAR,-40.169,106.477,52.383,0.0
Acetylcholinesterase,6h13,FJN,604,1,A,4351,CAS,-39.659,106.845,53.548,2.415
Acetylcholinesterase,6h13,FJN,604,1,A,4352,CAW,-39.378,106.025,51.168,0.0
Acetylcholinesterase,6h13,FJN,604,1,A,4353,CAX,-37.744,104.509,51.857,1.208
Acetylcholinesterase,6h13,FJN,604,1,A,4354,CAY,-37.072,103.265,52.019,3.623
Acetylcholinesterase,6h13,FJN,604,1,A,4355,CAZ,-36.269,103.002,53.138,10.869
Acetylcholinesterase,6h13,FJN,604,1,A,4356,CBA,-35.606,101.771,53.242,10.869
Acetylcholinesterase,6h13,FJN,604,1,A,4357,CBB,-36.51,101.059,51.137,2.415
Acetylcholinesterase,6h13,FJN,604,1,A,4358,CBC,-37.147,102.28,51.043,8.453
Acetylcholinesterase,6h13,FJN,604,1,A,4359,CBE,-35.871,99.193,49.932,4.831
Acetylcholinesterase,6h13,FJN,604,1,A,4360,CBI,-33.879,98.214,51.159,3.623
Acetylcholinesterase,6h13,FJN,604,1,A,4361,CBJ,-33.528,97.122,50.422,3.623
Acetylcholinesterase,6h13,FJN,604,1,A,4362,CBK,-32.425,96.421,50.784,1.208
Acetylcholinesterase,6h13,FJN,604,1,A,4363,CBL,-31.662,96.784,51.824,20.53
Acetylcholinesterase,6h13,FJN,604,1,A,4364,CBM,-31.968,97.887,52.606,32.606
Acetylcholinesterase,6h13,FJN,604,1,A,4365,CBN,-33.096,98.601,52.251,10.869
Acetylcholinesterase,6h13,FJN,604,1,A,4366,CBO,-32.241,95.403,49.928,3.623
Acetylcholinesterase,6h13,FJN,604,1,A,4367,CBP,-34.064,96.452,49.292,3.623
Acetylcholinesterase,6h13,FJN,604,1,A,4368,CBQ,-35.33,95.698,49.662,0.0
Acetylcholinesterase,6h13,FJN,604,1,A,4369,CBR,-35.862,94.921,48.423,0.0
Acetylcholinesterase,6h13,FJN,604,1,A,4370,CBS,-34.841,93.904,47.855,9.661
Acetylcholinesterase,6h13,FJN,604,1,A,4371,CBT,-33.423,94.526,47.765,13.284
Acetylcholinesterase,6h13,FJN,604,1,A,4372,CBX,-39.232,104.22,49.748,2.415
Acetylcholinesterase,6h13,FJN,604,1,A,4373,NAN,-44.205,112.366,53.486,0.0
Acetylcholinesterase,6h13,FJN,604,1,A,4374,NAP,-42.182,109.626,55.756,1.094
Acetylcholinesterase,6h13,FJN,604,1,A,4375,NAT,-40.728,107.15,54.281,0.0
Acetylcholinesterase,6h13,FJN,604,1,A,4376,NAU,-41.794,106.961,53.558,3.281
Acetylcholinesterase,6h13,FJN,604,1,A,4377,NAV,-41.489,106.566,52.428,1.094
Acetylcholinesterase,6h13,FJN,604,1,A,4378,NBD,-35.735,100.799,52.215,0.0
Acetylcholinesterase,6h13,FJN,604,1,A,4379,NBF,-36.696,100.233,50.098,0.0
Acetylcholinesterase,6h13,FJN,604,1,A,4380,NBH,-34.946,99.044,50.939,2.187
Acetylcholinesterase,6h13,FJN,604,1,A,4381,NBV,-33.139,95.407,48.951,0.0
Acetylcholinesterase,6h13,FJN,604,1,A,4382,NBW,-39.091,104.583,51.189,0.0
Acetylcholinesterase,6h13,FJN,604,1,A,4383,OBG,-36.038,98.488,48.936,3.214
Acetylcholinesterase,6h13,FJN,604,1,A,4384,OBU,-31.279,94.635,49.97,36.43
Acetylcholinesterase,6g1u,E1K,607,1,A,4362,CAA,6.796,-7.137,21.778,0.0
Acetylcholinesterase,6g1u,E1K,607,1,A,4363,CAB,6.992,-6.681,20.357,0.0
Acetylcholinesterase,6g1u,E1K,607,1,A,4364,CAC,6.137,-5.457,20.165,0.0
Acetylcholinesterase,6g1u,E1K,607,1,A,4365,CAD,4.813,-5.703,20.541,0.0
Acetylcholinesterase,6g1u,E1K,607,1,A,4366,CAF,2.553,-5.037,20.397,0.0
Acetylcholinesterase,6g1u,E1K,607,1,A,4367,CAG,1.585,-4.167,19.9,2.415
Acetylcholinesterase,6g1u,E1K,607,1,A,4368,CAH,0.248,-4.352,20.24,1.208
Acetylcholinesterase,6g1u,E1K,607,1,A,4369,CAI,-0.132,-5.397,21.07,0.0
Acetylcholinesterase,6g1u,E1K,607,1,A,4370,CAJ,0.828,-6.267,21.567,0.0
Acetylcholinesterase,6g1u,E1K,607,1,A,4371,CAK,2.163,-6.081,21.227,0.0
Acetylcholinesterase,6g1u,E1K,607,1,A,4372,CAL,3.141,-6.93,21.709,0.0
Acetylcholinesterase,6g1u,E1K,607,1,A,4373,CAM,4.473,-6.763,21.391,0.0
Acetylcholinesterase,6g1u,E1K,607,1,A,4374,CAN,5.394,-7.67,21.904,0.0
Acetylcholinesterase,6g1u,E1K,607,1,A,4375,CAP,4.245,-3.747,19.191,4.831
Acetylcholinesterase,6g1u,E1K,607,1,A,4376,NAE,3.854,-4.871,20.078,0.0
Acetylcholinesterase,6g1u,E1K,607,1,A,4377,NAO,2.798,-7.936,22.504,0.0
Acetylcholinesterase,6g1u,E1K,607,1,A,4378,CLA,-0.95,-3.298,19.641,1.247
Acetylcholinesterase,6g1u,E1K,608,1,A,4379,CAA,-0.239,-3.283,18.904,1.208
Acetylcholinesterase,6g1u,E1K,608,1,A,4380,CAB,-0.714,-4.622,19.334,0.0
Acetylcholinesterase,6g1u,E1K,608,1,A,4381,CAC,-0.047,-4.907,20.644,0.0
Acetylcholinesterase,6g1u,E1K,608,1,A,4382,CAD,1.335,-4.944,20.451,0.0
Acetylcholinesterase,6g1u,E1K,608,1,A,4383,CAF,3.398,-5.894,21.116,0.0
Acetylcholinesterase,6g1u,E1K,608,1,A,4384,CAG,4.094,-6.779,21.94,0.0
Acetylcholinesterase,6g1u,E1K,608,1,A,4385,CAH,5.475,-6.89,21.819,0.0
Acetylcholinesterase,6g1u,E1K,608,1,A,4386,CAI,6.155,-6.124,20.877,0.0
Acetylcholinesterase,6g1u,E1K,608,1,A,4387,CAJ,5.462,-5.242,20.056,0.0
Acetylcholinesterase,6g1u,E1K,608,1,A,4388,CAK,4.083,-5.135,20.183,0.0
Acetylcholinesterase,6g1u,E1K,608,1,A,4389,CAL,3.348,-4.275,19.385,0.0
Acetylcholinesterase,6g1u,E1K,608,1,A,4390,CAM,1.965,-4.158,19.5,0.0
Acetylcholinesterase,6g1u,E1K,608,1,A,4391,CAN,1.26,-3.293,18.679,2.415
Acetylcholinesterase,6g1u,E1K,608,1,A,4392,CAP,1.341,-6.556,22.186,0.0
Acetylcholinesterase,6g1u,E1K,608,1,A,4393,NAE,2.065,-5.77,21.209,0.0
Acetylcholinesterase,6g1u,E1K,608,1,A,4394,NAO,4.003,-3.538,18.491,7.655
Acetylcholinesterase,6g1u,E1K,608,1,A,4395,CLA,6.367,-7.977,22.84,0.0
Acetylcholinesterase,6g1u,E1K,609,1,A,4396,CAA,9.042,2.635,23.085,0.0
Acetylcholinesterase,6g1u,E1K,609,1,A,4397,CAA,13.06,9.356,23.959,13.284
Acetylcholinesterase,6g1u,E1K,609,1,A,4398,CAB,8.979,3.032,21.625,0.0
Acetylcholinesterase,6g1u,E1K,609,1,A,4399,CAB,12.97,9.372,22.444,10.869
Acetylcholinesterase,6g1u,E1K,609,1,A,4400,CAC,10.217,3.825,21.289,0.0
Acetylcholinesterase,6g1u,E1K,609,1,A,4401,CAC,12.922,7.944,21.927,9.661
Acetylcholinesterase,6g1u,E1K,609,1,A,4402,CAD,10.449,4.855,22.211,0.0
Acetylcholinesterase,6g1u,E1K,609,1,A,4403,CAD,11.982,7.151,22.611,0.0
Acetylcholinesterase,6g1u,E1K,609,1,A,4404,CAF,11.593,6.865,22.685,0.0
Acetylcholinesterase,6g1u,E1K,609,1,A,4405,CAF,10.681,5.179,22.633,0.0
Acetylcholinesterase,6g1u,E1K,609,1,A,4406,CAG,12.477,7.866,22.29,0.0
Acetylcholinesterase,6g1u,E1K,609,1,A,4407,CAG,10.288,4.018,21.982,0.0
Acetylcholinesterase,6g1u,E1K,609,1,A,4408,CAH,12.761,8.922,23.155,0.0
Acetylcholinesterase,6g1u,E1K,609,1,A,4409,CAH,9.381,3.151,22.573,0.0
Acetylcholinesterase,6g1u,E1K,609,1,A,4410,CAI,12.175,8.984,24.417,0.0
Acetylcholinesterase,6g1u,E1K,609,1,A,4411,CAI,8.85,3.452,23.828,13.284
Acetylcholinesterase,6g1u,E1K,609,1,A,4412,CAJ,11.299,7.984,24.816,0.0
Acetylcholinesterase,6g1u,E1K,609,1,A,4413,CAJ,9.234,4.622,24.489,3.623
Acetylcholinesterase,6g1u,E1K,609,1,A,4414,CAK,11.014,6.935,23.949,0.0
Acetylcholinesterase,6g1u,E1K,609,1,A,4415,CAK,10.154,5.48,23.881,0.0
Acetylcholinesterase,6g1u,E1K,609,1,A,4416,CAL,10.146,5.925,24.32,0.0
Acetylcholinesterase,6g1u,E1K,609,1,A,4417,CAL,10.576,6.653,24.486,0.0
Acetylcholinesterase,6g1u,E1K,609,1,A,4418,CAM,9.85,4.869,23.475,0.0
Acetylcholinesterase,6g1u,E1K,609,1,A,4419,CAM,11.493,7.501,23.882,0.0
Acetylcholinesterase,6g1u,E1K,609,1,A,4420,CAN,8.95,3.894,23.921,0.0
Acetylcholinesterase,6g1u,E1K,609,1,A,4421,CAN,11.845,8.674,24.557,6.038
Acetylcholinesterase,6g1u,E1K,609,1,A,4422,CAP,11.935,5.793,20.514,0.0
Acetylcholinesterase,6g1u,E1K,609,1,A,4423,CAP,12.081,5.603,20.7,7.246
Acetylcholinesterase,6g1u,E1K,609,1,A,4424,NAE,11.303,5.84,21.856,0.0
Acetylcholinesterase,6g1u,E1K,609,1,A,4425,NAE,11.567,5.999,22.034,0.0
Acetylcholinesterase,6g1u,E1K,609,1,A,4426,NAO,9.573,5.969,25.521,0.0
Acetylcholinesterase,6g1u,E1K,609,1,A,4427,NAO,10.089,6.982,25.685,4.374
Acetylcholinesterase,6g1u,E1K,609,1,A,4428,CLA,13.835,10.168,22.667,0.0
Acetylcholinesterase,6g1u,E1K,609,1,A,4429,CLA,8.928,1.695,21.71,8.728
Acetylcholinesterase,6g1u,E1K,610,1,A,4430,CAA,12.476,1.481,22.268,2.415
Acetylcholinesterase,6g1u,E1K,610,1,A,4431,CAB,12.421,0.999,23.674,1.208
Acetylcholinesterase,6g1u,E1K,610,1,A,4432,CAC,12.121,2.16,24.604,2.415
Acetylcholinesterase,6g1u,E1K,610,1,A,4433,CAD,12.977,3.23,24.37,2.415
Acetylcholinesterase,6g1u,E1K,610,1,A,4434,CAF,13.88,5.252,25.151,3.623
Acetylcholinesterase,6g1u,E1K,610,1,A,4435,CAG,13.962,6.207,26.156,9.661
Acetylcholinesterase,6g1u,E1K,610,1,A,4436,CAH,14.786,7.306,25.984,3.623
Acetylcholinesterase,6g1u,E1K,610,1,A,4437,CAI,15.533,7.447,24.824,20.53
Acetylcholinesterase,6g1u,E1K,610,1,A,4438,CAJ,15.45,6.501,23.812,15.699
Acetylcholinesterase,6g1u,E1K,610,1,A,4439,CAK,14.621,5.406,23.991,2.415
Acetylcholinesterase,6g1u,E1K,610,1,A,4440,CAL,14.516,4.438,23.016,3.623
Acetylcholinesterase,6g1u,E1K,610,1,A,4441,CAM,13.693,3.342,23.174,2.415
Acetylcholinesterase,6g1u,E1K,610,1,A,4442,CAN,13.658,2.401,22.144,8.453
Acetylcholinesterase,6g1u,E1K,610,1,A,4443,CAP,12.307,4.071,26.576,4.831
Acetylcholinesterase,6g1u,E1K,610,1,A,4444,NAE,13.081,4.184,25.316,0.0
Acetylcholinesterase,6g1u,E1K,610,1,A,4445,NAO,15.219,4.561,21.888,29.527
Acetylcholinesterase,6g1u,E1K,610,1,A,4446,CLA,14.889,8.483,27.199,38.654
Acetylcholinesterase,4x3c,TNH,602,1,A,4278,C1,56.62,154.779,153.252,0.0
Acetylcholinesterase,4x3c,TNH,602,1,A,4279,C2,56.262,156.071,152.558,2.415
Acetylcholinesterase,4x3c,TNH,602,1,A,4280,C3,57.414,157.1,152.746,4.831
Acetylcholinesterase,4x3c,TNH,602,1,A,4281,C4,57.527,157.44,154.213,4.831
Acetylcholinesterase,4x3c,TNH,602,1,A,4282,C5,57.476,156.277,155.043,0.0
Acetylcholinesterase,4x3c,TNH,602,1,A,4283,C6,57.038,155.014,154.588,0.0
Acetylcholinesterase,4x3c,TNH,602,1,A,4284,N1,57.024,153.964,155.402,0.0
Acetylcholinesterase,4x3c,TNH,602,1,A,4285,C7,57.438,154.064,156.669,0.0
Acetylcholinesterase,4x3c,TNH,602,1,A,4286,C8,57.438,152.929,157.478,0.0
Acetylcholinesterase,4x3c,TNH,602,1,A,4287,C9,57.859,153.013,158.8,0.0
Acetylcholinesterase,4x3c,TNH,602,1,A,4288,C10,58.296,154.234,159.308,0.0
Acetylcholinesterase,4x3c,TNH,602,1,A,4289,C11,58.312,155.361,158.511,0.0
Acetylcholinesterase,4x3c,TNH,602,1,A,4290,C12,57.896,155.275,157.189,0.0
Acetylcholinesterase,4x3c,TNH,602,1,A,4291,C13,57.913,156.375,156.347,0.0
Acetylcholinesterase,4x3c,TNH,602,1,A,4292,N2,58.309,157.556,156.801,0.0
Acetylcholinesterase,4x3c,TNH,602,1,A,4293,C14,57.302,158.396,157.442,0.0
Acetylcholinesterase,4x3c,TNH,602,1,A,4294,C15,57.791,159.67,158.154,7.246
Acetylcholinesterase,4x3c,TNH,602,1,A,4295,C16,56.93,159.915,159.431,2.415
Acetylcholinesterase,4x3c,TNH,602,1,A,4296,C17,57.046,161.387,159.883,2.415
Acetylcholinesterase,4x3c,TNH,602,1,A,4297,C18,56.4,161.609,161.266,14.492
Acetylcholinesterase,4x3c,TNH,602,1,A,4298,C19,57.508,162.069,162.19,0.0
Acetylcholinesterase,4x3c,TNH,602,1,A,4299,N3,57.06,162.269,163.579,3.281
Acetylcholinesterase,4x3c,TNH,602,1,A,4300,C20,57.901,162.835,164.508,0.0
Acetylcholinesterase,4x3c,TNH,602,1,A,4301,O1,59.025,163.268,164.181,2.143
Acetylcholinesterase,4x3c,TNH,602,1,A,4302,C21,57.425,162.915,165.873,3.623
Acetylcholinesterase,4x3c,TNH,602,1,A,4303,C22,56.262,163.64,166.243,13.284
Acetylcholinesterase,4x3c,TNH,602,1,A,4304,C23,55.806,163.725,167.552,35.021
Acetylcholinesterase,4x3c,TNH,602,1,A,4305,C24,56.547,163.076,168.537,35.021
Acetylcholinesterase,4x3c,TNH,602,1,A,4306,N4,57.701,162.308,168.206,10.936
Acetylcholinesterase,4x3c,TNH,602,1,A,4307,C25,58.132,162.244,166.884,3.623
Acetylcholinesterase,2vja,CCD,1539,1,B,4274,O7,94.055,52.431,80.862,0.0
Acetylcholinesterase,2vja,CCD,1539,1,B,4275,C5,93.413,51.798,79.751,0.0
Acetylcholinesterase,2vja,CCD,1539,1,B,4276,C6,92.882,52.899,78.831,0.0
Acetylcholinesterase,2vja,CCD,1539,1,B,4277,C4,92.103,51.079,80.107,1.208
Acetylcholinesterase,2vja,CCD,1539,1,B,4278,C3,92.263,50.148,81.317,0.0
Acetylcholinesterase,2vja,CCD,1539,1,B,4279,C2,90.951,49.438,81.688,6.038
Acetylcholinesterase,2vja,CCD,1539,1,B,4280,N1,90.945,48.221,82.527,0.0
Acetylcholinesterase,2vja,CCD,1539,1,B,4281,C9,91.368,48.474,83.914,8.453
Acetylcholinesterase,2vja,CCD,1539,1,B,4282,C10,89.549,47.773,82.638,8.453
Acetylcholinesterase,2vja,CCD,1539,1,B,4283,C8,91.694,47.072,81.984,0.0
Acetylcholinesterase,2vja,CCD,1540,1,B,4284,O7,82.992,53.129,81.063,4.286
Acetylcholinesterase,2vja,CCD,1540,1,B,4285,C5,83.784,54.034,80.31,0.0
Acetylcholinesterase,2vja,CCD,1540,1,B,4286,C6,84.984,53.507,79.512,8.453
Acetylcholinesterase,2vja,CCD,1540,1,B,4287,C4,83.309,55.482,80.124,15.699
Acetylcholinesterase,2vja,CCD,1540,1,B,4288,C3,82.544,56.003,81.355,0.0
Acetylcholinesterase,2vja,CCD,1540,1,B,4289,C2,80.993,55.94,81.104,6.038
Acetylcholinesterase,2vja,CCD,1540,1,B,4290,N1,80.199,57.239,81.056,0.0
Acetylcholinesterase,2vja,CCD,1540,1,B,4291,C9,80.677,58.255,80.079,27.775
Acetylcholinesterase,2vja,CCD,1540,1,B,4292,C10,78.85,56.901,80.616,47.098
Acetylcholinesterase,2vja,CCD,1540,1,B,4293,C8,80.068,57.883,82.382,14.492
Acetylcholinesterase,5dlp,MBT,601,1,A,4180,C1,-53.562,34.096,23.751,0.0
Acetylcholinesterase,5dlp,MBT,601,1,A,4181,C2,-54.992,33.718,23.898,0.0
Acetylcholinesterase,5dlp,MBT,601,1,A,4182,S3,-55.396,32.416,24.727,1.287
Acetylcholinesterase,5dlp,MBT,601,1,A,4183,C4,-54.107,31.688,25.333,0.0
Acetylcholinesterase,5dlp,MBT,601,1,A,4184,C5,-52.761,32.24,25.067,0.0
Acetylcholinesterase,5dlp,MBT,601,1,A,4185,N6,-52.568,33.366,24.322,4.374
Acetylcholinesterase,5dlp,MBT,601,1,A,4186,C7,-54.223,30.522,26.098,4.831
Acetylcholinesterase,5dlp,MBT,601,1,A,4187,C8,-53.117,29.844,26.65,3.623
Acetylcholinesterase,5dlp,MBT,601,1,A,4188,C9,-51.849,30.391,26.385,12.076
Acetylcholinesterase,5dlp,MBT,601,1,A,4189,C10,-51.688,31.548,25.616,18.114
Acetylcholinesterase,5dlp,MBT,601,1,A,4190,C11,-55.979,34.495,23.291,1.208
Acetylcholinesterase,5dlp,MBT,601,1,A,4191,C12,-55.651,35.648,22.546,0.0
Acetylcholinesterase,5dlp,MBT,601,1,A,4192,C13,-54.288,35.99,22.421,2.415
Acetylcholinesterase,5dlp,MBT,601,1,A,4193,C14,-53.27,35.231,23.009,0.0
Acetylcholinesterase,5dlp,MBT,601,1,A,4194,N15,-53.256,28.653,27.439,1.094
Acetylcholinesterase,5dlp,MBT,601,1,A,4195,C16,-54.551,28.038,27.747,21.737
Acetylcholinesterase,5dlp,MBT,601,1,A,4196,C17,-52.08,27.972,27.99,33.814
Acetylcholinesterase,5dlp,MBT,601,1,A,4197,N18,-56.672,36.441,21.937,1.094
Acetylcholinesterase,5dlp,MBT,601,1,A,4198,C19,-58.089,36.089,22.06,10.869
Acetylcholinesterase,5dlp,MBT,601,1,A,4199,C20,-56.337,37.641,21.173,14.492
Acetylcholinesterase,2wg1,GB,604,1,A,4464,P1,5.356,63.747,61.29,0.0
Acetylcholinesterase,2wg1,GB,604,1,A,4465,O1,5.519,64.838,62.279,13.929
Acetylcholinesterase,2wg1,GB,604,1,A,4466,O2,4.068,63.688,60.475,0.0
Acetylcholinesterase,2wg1,GB,604,1,A,4467,C1,5.673,62.164,62.126,0.0
Acetylcholinesterase,5bwb,4VV,604,1,A,4285,C1,-51.943,31.961,21.922,0.0
Acetylcholinesterase,5bwb,4VV,604,1,A,4286,C2,-52.808,32.928,22.724,1.208
Acetylcholinesterase,5bwb,4VV,604,1,A,4287,C3,-52.76,34.329,22.126,8.453
Acetylcholinesterase,5bwb,4VV,604,1,A,4288,N6,-53.793,28.478,23.726,6.562
Acetylcholinesterase,5bwb,4VV,604,1,A,4289,C7,-57.128,35.813,20.491,4.831
Acetylcholinesterase,5bwb,4VV,604,1,A,4290,C9,-59.36,35.832,22.542,0.0
Acetylcholinesterase,5bwb,4VV,604,1,A,4291,C10,-60.007,36.749,19.251,21.737
Acetylcholinesterase,5bwb,4VV,604,1,A,4292,C11,-58.932,35.976,19.074,15.699
Acetylcholinesterase,5bwb,4VV,604,1,A,4293,C12,-50.523,31.497,23.749,0.0
Acetylcholinesterase,5bwb,4VV,604,1,A,4294,C14,-52.134,30.106,23.435,0.0
Acetylcholinesterase,5bwb,4VV,604,1,A,4295,C4,-54.14,34.978,22.252,3.623
Acetylcholinesterase,5bwb,4VV,604,1,A,4296,C5,-54.866,34.879,20.915,12.076
Acetylcholinesterase,5bwb,4VV,604,1,A,4297,O2,-54.919,27.56,23.063,6.429
Acetylcholinesterase,5bwb,4VV,604,1,A,4298,C13,-53.089,29.319,22.919,2.415
Acetylcholinesterase,5bwb,4VV,604,1,A,4299,N5,-51.831,30.101,24.743,8.749
Acetylcholinesterase,5bwb,4VV,604,1,A,4300,C15,-50.839,30.965,24.937,9.661
Acetylcholinesterase,5bwb,4VV,604,1,A,4301,N1,-51.295,30.945,22.791,0.0
Acetylcholinesterase,5bwb,4VV,604,1,A,4302,C6,-56.367,34.656,21.122,4.831
Acetylcholinesterase,5bwb,4VV,604,1,A,4303,N2,-58.545,35.495,20.273,0.0
Acetylcholinesterase,5bwb,4VV,604,1,A,4304,N4,-60.285,36.779,20.559,0.0
Acetylcholinesterase,5bwb,4VV,604,1,A,4305,C8,-59.375,36.03,21.201,0.0
Acetylcholinesterase,5bwb,4VV,604,1,A,4306,N3,-60.284,36.354,23.409,0.0
Acetylcholinesterase,5bwb,4VV,604,1,A,4307,O1,-61.414,37.194,22.927,0.0
Acetylcholinesterase,2w6c,BM4,601,1,X,4172,OAU,5.897,64.022,63.009,0.0
Acetylcholinesterase,2w6c,BM4,601,1,X,4173,CAS,4.844,64.679,63.585,0.0
Acetylcholinesterase,2w6c,BM4,601,1,X,4174,CAQ,4.715,66.062,63.43,0.0
Acetylcholinesterase,2w6c,BM4,601,1,X,4175,CAT,3.902,63.967,64.327,0.0
Acetylcholinesterase,2w6c,BM4,601,1,X,4176,CAR,2.834,64.655,64.896,0.0
Acetylcholinesterase,2w6c,BM4,601,1,X,4177,CAP,2.721,66.04,64.75,0.0
Acetylcholinesterase,2w6c,BM4,601,1,X,4178,CAO,3.672,66.768,64.031,0.0
Acetylcholinesterase,2w6c,BM4,601,1,X,4179,CAC,3.554,68.313,63.853,0.0
Acetylcholinesterase,2w6c,BM4,601,1,X,4180,CAM,2.589,68.552,62.69,6.038
Acetylcholinesterase,2w6c,BM4,601,1,X,4181,CAN,3.322,68.43,61.334,0.0
Acetylcholinesterase,2w6c,BM4,601,1,X,4182,CAB,2.996,69.034,65.107,2.415
Acetylcholinesterase,2w6c,BM4,601,1,X,4183,CAD,4.913,68.923,63.408,0.0
Acetylcholinesterase,2w6c,BM4,601,1,X,4184,CAE,5.928,69.2,64.527,0.0
Acetylcholinesterase,2w6c,BM4,601,1,X,4185,CAF,5.393,70.24,65.52,0.0
Acetylcholinesterase,2w6c,BM4,601,1,X,4186,CAG,4.783,69.57,66.754,0.0
Acetylcholinesterase,2w6c,BM4,601,1,X,4187,NAA,3.72,68.637,66.338,0.0
Acetylcholinesterase,2w6c,BM4,601,1,X,4188,CAH,2.868,68.223,67.475,8.453
Acetylcholinesterase,2w6c,BM4,601,1,X,4189,CAI,3.743,67.401,68.466,1.208
Acetylcholinesterase,2w6c,BM4,601,1,X,4190,CAJ,3.057,66.111,68.942,0.0
Acetylcholinesterase,2w6c,BM4,601,1,X,4191,CAK,4.051,64.985,69.281,0.0
Acetylcholinesterase,2w6c,BM4,601,1,X,4192,CAL,3.327,63.626,69.455,2.415
Acetylcholinesterase,2w6c,BM4,601,1,X,4193,CAV,2.707,63.457,70.847,3.623
Acetylcholinesterase,2w6c,BM4,601,1,X,4194,CAW,1.382,62.686,70.825,2.415
Acetylcholinesterase,2w6c,BM4,601,1,X,4195,CAX,1.2,61.824,72.092,16.907
Acetylcholinesterase,2w6c,BM4,601,1,X,4196,CAY,-0.219,61.946,72.68,9.661
Acetylcholinesterase,2w6c,BM4,601,1,X,4197,NAZ,-0.634,60.686,73.332,32.808
Acetylcholinesterase,1gpn,HUB,1538,1,A,4226,C1,1.068,68.771,61.163,0.0
Acetylcholinesterase,1gpn,HUB,1538,1,A,4227,O1,0.44,69.208,60.196,0.0
Acetylcholinesterase,1gpn,HUB,1538,1,A,4228,N1,2.353,68.265,60.983,0.0
Acetylcholinesterase,1gpn,HUB,1538,1,A,4229,C2,0.544,68.745,62.517,0.0
Acetylcholinesterase,1gpn,HUB,1538,1,A,4230,C3,1.302,68.245,63.545,4.831
Acetylcholinesterase,1gpn,HUB,1538,1,A,4231,C4,2.635,67.728,63.356,0.0
Acetylcholinesterase,1gpn,HUB,1538,1,A,4232,C5,3.149,67.734,62.013,0.0
Acetylcholinesterase,1gpn,HUB,1538,1,A,4233,C6,4.52,67.211,61.63,0.0
Acetylcholinesterase,1gpn,HUB,1538,1,A,4234,C7,5.312,66.528,62.852,0.0
Acetylcholinesterase,1gpn,HUB,1538,1,A,4235,C8,4.889,65.046,63.024,0.0
Acetylcholinesterase,1gpn,HUB,1538,1,A,4236,C9,5.125,69.456,65.431,2.415
Acetylcholinesterase,1gpn,HUB,1538,1,A,4237,C10,5.432,68.738,64.106,0.0
Acetylcholinesterase,1gpn,HUB,1538,1,A,4238,C11,5.024,67.256,64.187,0.0
Acetylcholinesterase,1gpn,HUB,1538,1,A,4239,C12,3.516,67.141,64.569,0.0
Acetylcholinesterase,1gpn,HUB,1538,1,A,4240,N2,3.239,67.879,65.858,5.468
Acetylcholinesterase,1gpn,HUB,1538,1,A,4241,C13,3.112,65.642,64.749,1.208
Acetylcholinesterase,1gpn,HUB,1538,1,A,4242,C14,3.887,64.648,63.892,0.0
Acetylcholinesterase,1gpn,HUB,1538,1,A,4243,C15,3.465,63.214,64.087,0.0
Acetylcholinesterase,1gpn,HUB,1538,1,A,4244,C90,3.651,69.386,65.801,3.623
Acetylcholinesterase,1e66,HUX,803,1,A,4301,CL1,7.56,70.996,69.959,0.0
Acetylcholinesterase,1e66,HUX,803,1,A,4302,C1,6.378,70.635,68.845,0.0
Acetylcholinesterase,1e66,HUX,803,1,A,4303,N1,5.96,69.581,65.309,0.0
Acetylcholinesterase,1e66,HUX,803,1,A,4304,C3,5.569,69.95,66.666,0.0
Acetylcholinesterase,1e66,HUX,803,1,A,4305,C4,4.975,69.198,64.47,0.0
Acetylcholinesterase,1e66,HUX,803,1,A,4306,N2,1.886,69.43,66.469,9.842
Acetylcholinesterase,1e66,HUX,803,1,A,4307,C14,3.228,69.512,66.146,0.0
Acetylcholinesterase,1e66,HUX,803,1,A,4308,C2,6.67,70.277,67.434,0.0
Acetylcholinesterase,1e66,HUX,803,1,A,4309,C17,4.934,70.63,69.274,0.0
Acetylcholinesterase,1e66,HUX,803,1,A,4310,C15,4.248,69.912,67.043,0.0
Acetylcholinesterase,1e66,HUX,803,1,A,4311,C5,5.519,68.784,62.997,0.0
Acetylcholinesterase,1e66,HUX,803,1,A,4312,C13,3.623,69.11,64.752,0.0
Acetylcholinesterase,1e66,HUX,803,1,A,4313,C6,4.527,67.88,62.246,0.0
Acetylcholinesterase,1e66,HUX,803,1,A,4314,C7,4.282,66.405,62.996,0.0
Acetylcholinesterase,1e66,HUX,803,1,A,4315,C12,3.171,68.555,62.217,1.208
Acetylcholinesterase,1e66,HUX,803,1,A,4316,C8,3.305,66.089,63.849,0.0
Acetylcholinesterase,1e66,HUX,803,1,A,4317,C9,2.303,67.18,64.15,1.208
Acetylcholinesterase,1e66,HUX,803,1,A,4318,C18,3.279,64.636,64.466,0.0
Acetylcholinesterase,1e66,HUX,803,1,A,4319,C11,2.621,68.602,63.709,3.623
Acetylcholinesterase,1e66,HUX,803,1,A,4320,C10,4.394,63.619,64.131,0.0
Acetylcholinesterase,1e66,HUX,803,1,A,4321,C16,3.913,70.303,68.461,0.0
Acetylcholinesterase,2v98,CFQ,1536,1,B,8399,AS,80.766,57.158,80.943,1.453
Acetylcholinesterase,2v98,CFQ,1536,1,B,8400,AS,80.715,57.474,80.321,0.0
Acetylcholinesterase,2v98,CFQ,1536,1,B,8401,C1,79.126,56.044,79.876,49.513
Acetylcholinesterase,2v98,CFQ,1536,1,B,8402,C1,79.204,56.289,79.161,0.0
Acetylcholinesterase,2v98,CFQ,1536,1,B,8403,C2,81.654,55.814,82.509,6.038
Acetylcholinesterase,2v98,CFQ,1536,1,B,8404,C2,81.329,56.274,82.124,0.0
Acetylcholinesterase,2v98,CFQ,1536,1,B,8405,C3,79.849,58.94,81.984,42.267
Acetylcholinesterase,2v98,CFQ,1536,1,B,8406,C3,79.752,59.378,81.032,0.0
Acetylcholinesterase,2v98,CFQ,1536,1,B,8407,C4,82.293,57.872,79.47,7.246
Acetylcholinesterase,2v98,CFQ,1536,1,B,8408,C4,82.491,57.92,79.036,0.0
Acetylcholinesterase,2v98,CFQ,1536,1,B,8409,C5,82.5,56.835,78.367,4.831
Acetylcholinesterase,2v98,CFQ,1536,1,B,8410,C5,83.132,56.626,78.489,0.0
Acetylcholinesterase,2v98,CFQ,1536,1,B,8411,O1,82.167,55.521,78.881,0.0
Acetylcholinesterase,2v98,CFQ,1536,1,B,8412,O1,82.811,55.492,79.342,0.0
Acetylcholinesterase,2v98,CFQ,1536,1,B,8413,C6,82.805,54.382,78.25,0.0
Acetylcholinesterase,2v98,CFQ,1536,1,B,8414,C6,83.312,54.187,78.952,0.0
Acetylcholinesterase,2v98,CFQ,1536,1,B,8415,C14,81.728,53.493,77.563,0.0
Acetylcholinesterase,2v98,CFQ,1536,1,B,8416,C14,82.108,53.22,78.749,0.0
Acetylcholinesterase,2v98,CFQ,1536,1,B,8417,C7,83.726,53.692,79.359,0.0
Acetylcholinesterase,2v98,CFQ,1536,1,B,8418,C7,84.413,53.799,80.034,0.0
Acetylcholinesterase,2v98,CFQ,1536,1,B,8419,C8,85.142,53.335,79.136,0.0
Acetylcholinesterase,2v98,CFQ,1536,1,B,8420,C8,85.831,53.593,79.702,0.0
Acetylcholinesterase,2v98,CFQ,1536,1,B,8421,C9,85.858,52.715,80.225,0.0
Acetylcholinesterase,2v98,CFQ,1536,1,B,8422,C9,86.732,53.245,80.772,0.0
Acetylcholinesterase,2v98,CFQ,1536,1,B,8423,C10,85.241,52.448,81.471,0.0
Acetylcholinesterase,2v98,CFQ,1536,1,B,8424,C10,86.285,53.102,82.102,0.0
Acetylcholinesterase,2v98,CFQ,1536,1,B,8425,C11,83.893,52.79,81.681,3.623
Acetylcholinesterase,2v98,CFQ,1536,1,B,8426,C11,84.93,53.303,82.419,0.0
Acetylcholinesterase,2v98,CFQ,1536,1,B,8427,C12,83.146,53.4,80.647,2.415
Acetylcholinesterase,2v98,CFQ,1536,1,B,8428,C12,84.006,53.647,81.408,0.0
Acetylcholinesterase,2v98,CFQ,1536,1,B,8429,N2,85.979,53.564,77.844,0.0
Acetylcholinesterase,2v98,CFQ,1536,1,B,8430,N2,86.487,53.719,78.307,0.0
Acetylcholinesterase,2v98,CFQ,1536,1,B,8431,O2,87.141,53.243,77.755,0.0
Acetylcholinesterase,2v98,CFQ,1536,1,B,8432,O2,87.681,53.53,78.128,0.0
Acetylcholinesterase,2v98,CFQ,1536,1,B,8433,O3,85.529,54.075,76.835,0.0
Acetylcholinesterase,2v98,CFQ,1536,1,B,8434,O3,85.854,54.013,77.3,0.0
Acetylcholinesterase,2v98,CFQ,1536,1,B,8435,F1,82.3,52.628,76.732,0.0
Acetylcholinesterase,2v98,CFQ,1536,1,B,8436,F1,82.492,51.946,78.657,0.0
Acetylcholinesterase,2v98,CFQ,1536,1,B,8437,F2,81.024,52.77,78.437,3.105
Acetylcholinesterase,2v98,CFQ,1536,1,B,8438,F2,81.221,53.285,79.739,0.0
Acetylcholinesterase,2v98,CFQ,1536,1,B,8439,F3,80.836,54.197,76.835,11.386
Acetylcholinesterase,2v98,CFQ,1536,1,B,8440,F3,81.442,53.495,77.631,0.0
Acetylcholinesterase,2v98,CFQ,1537,1,B,8441,AS,92.533,46.875,82.987,0.0
Acetylcholinesterase,2v98,CFQ,1537,1,B,8442,AS,92.798,46.697,82.578,0.0
Acetylcholinesterase,2v98,CFQ,1537,1,B,8443,C1,92.031,47.742,84.979,2.415
Acetylcholinesterase,2v98,CFQ,1537,1,B,8444,C1,91.826,47.396,84.468,0.0
Acetylcholinesterase,2v98,CFQ,1537,1,B,8445,C2,94.221,45.434,83.187,0.0
Acetylcholinesterase,2v98,CFQ,1537,1,B,8446,C2,94.282,45.09,83.06,0.0
Acetylcholinesterase,2v98,CFQ,1537,1,B,8447,C3,93.225,48.598,81.725,0.0
Acetylcholinesterase,2v98,CFQ,1537,1,B,8448,C3,93.922,48.439,81.712,0.0
Acetylcholinesterase,2v98,CFQ,1537,1,B,8449,C4,90.748,45.947,82.083,0.0
Acetylcholinesterase,2v98,CFQ,1537,1,B,8450,C4,91.248,45.952,81.134,0.0
Acetylcholinesterase,2v98,CFQ,1537,1,B,8451,C5,90.146,46.891,81.04,0.0
Acetylcholinesterase,2v98,CFQ,1537,1,B,8452,C5,90.759,47.04,80.143,0.0
Acetylcholinesterase,2v98,CFQ,1537,1,B,8453,O1,90.058,48.239,81.561,0.0
Acetylcholinesterase,2v98,CFQ,1537,1,B,8454,O1,90.144,48.148,80.841,0.0
Acetylcholinesterase,2v98,CFQ,1537,1,B,8455,C6,89.607,49.285,80.649,0.0
Acetylcholinesterase,2v98,CFQ,1537,1,B,8456,C6,89.615,49.236,80.04,0.0
Acetylcholinesterase,2v98,CFQ,1537,1,B,8457,C14,90.071,50.687,81.144,0.0
Acetylcholinesterase,2v98,CFQ,1537,1,B,8458,C14,90.415,50.543,80.33,0.0
Acetylcholinesterase,2v98,CFQ,1537,1,B,8459,C7,88.042,49.117,80.458,0.0
Acetylcholinesterase,2v98,CFQ,1537,1,B,8460,C7,88.046,49.292,80.294,0.0
Acetylcholinesterase,2v98,CFQ,1537,1,B,8461,C8,87.041,49.008,81.55,0.0
Acetylcholinesterase,2v98,CFQ,1537,1,B,8462,C8,87.381,49.147,81.614,0.0
Acetylcholinesterase,2v98,CFQ,1537,1,B,8463,C9,85.669,48.876,81.161,0.0
Acetylcholinesterase,2v98,CFQ,1537,1,B,8464,C9,85.943,49.241,81.647,0.0
Acetylcholinesterase,2v98,CFQ,1537,1,B,8465,C10,85.286,48.835,79.805,0.0
Acetylcholinesterase,2v98,CFQ,1537,1,B,8466,C10,85.18,49.363,80.469,0.0
Acetylcholinesterase,2v98,CFQ,1537,1,B,8467,C11,86.229,48.921,78.786,0.0
Acetylcholinesterase,2v98,CFQ,1537,1,B,8468,C11,85.81,49.468,79.217,0.0
Acetylcholinesterase,2v98,CFQ,1537,1,B,8469,C12,87.588,49.061,79.109,0.0
Acetylcholinesterase,2v98,CFQ,1537,1,B,8470,C12,87.219,49.416,79.125,0.0
Acetylcholinesterase,2v98,CFQ,1537,1,B,8471,N2,87.276,49.077,83.081,0.0
Acetylcholinesterase,2v98,CFQ,1537,1,B,8472,N2,88.046,49.052,83.013,0.0
Acetylcholinesterase,2v98,CFQ,1537,1,B,8473,O2,86.366,48.988,83.873,4.286
Acetylcholinesterase,2v98,CFQ,1537,1,B,8474,O2,87.383,48.958,84.041,0.0
Acetylcholinesterase,2v98,CFQ,1537,1,B,8475,O3,88.38,49.212,83.591,5.357
Acetylcholinesterase,2v98,CFQ,1537,1,B,8476,O3,89.257,48.98,83.171,0.0
Acetylcholinesterase,2v98,CFQ,1537,1,B,8477,F1,90.527,50.661,82.41,0.0
Acetylcholinesterase,2v98,CFQ,1537,1,B,8478,F1,90.59,50.761,81.632,0.0
Acetylcholinesterase,2v98,CFQ,1537,1,B,8479,F2,91.04,51.17,80.39,0.0
Acetylcholinesterase,2v98,CFQ,1537,1,B,8480,F2,91.628,50.501,79.781,0.0
Acetylcholinesterase,2v98,CFQ,1537,1,B,8481,F3,89.092,51.593,81.076,0.0
Acetylcholinesterase,2v98,CFQ,1537,1,B,8482,F3,89.816,51.625,79.838,0.0
Acetylcholinesterase,2vjc,CHH,1536,1,B,4245,O7,83.25,52.899,81.004,6.429
Acetylcholinesterase,2vjc,CHH,1536,1,B,4246,C5,83.847,53.97,80.28,0.0
Acetylcholinesterase,2vjc,CHH,1536,1,B,4247,C6,85.02,53.671,79.347,6.038
Acetylcholinesterase,2vjc,CHH,1536,1,B,4248,C4,83.082,55.272,80.099,9.661
Acetylcholinesterase,2vjc,CHH,1536,1,B,4249,C3,82.441,55.762,81.399,0.0
Acetylcholinesterase,2vjc,CHH,1536,1,B,4250,C2,80.876,55.83,81.223,7.246
Acetylcholinesterase,2vjc,CHH,1536,1,B,4251,N1,80.219,57.174,80.912,0.0
Acetylcholinesterase,2vjc,CHH,1536,1,B,4252,C9,80.26,58.111,82.053,13.284
Acetylcholinesterase,2vjc,CHH,1536,1,B,4253,C10,80.729,57.868,79.698,28.983
Acetylcholinesterase,2vjc,CHH,1536,1,B,4254,C8,78.806,56.916,80.636,47.098
Acetylcholinesterase,6ezh,C6H,603,1,B,4284,C01,8.302,0.603,-6.725,0.0
Acetylcholinesterase,6ezh,C6H,603,1,B,4285,O02,8.655,0.333,-5.427,0.0
Acetylcholinesterase,6ezh,C6H,603,1,B,4286,C03,8.902,1.439,-4.577,0.0
Acetylcholinesterase,6ezh,C6H,603,1,B,4287,C04,8.16,1.613,-3.366,0.0
Acetylcholinesterase,6ezh,C6H,603,1,B,4288,C05,6.997,0.643,-2.867,0.0
Acetylcholinesterase,6ezh,C6H,603,1,B,4289,O06,6.622,0.677,-1.705,0.0
Acetylcholinesterase,6ezh,C6H,603,1,B,4290,C07,6.268,-0.309,-3.823,0.0
Acetylcholinesterase,6ezh,C6H,603,1,B,4291,C08,6.837,-1.753,-3.945,0.0
Acetylcholinesterase,6ezh,C6H,603,1,B,4292,C09,5.766,-2.599,-4.86,0.0
Acetylcholinesterase,6ezh,C6H,603,1,B,4293,C10,5.014,-3.532,-4.068,0.0
Acetylcholinesterase,6ezh,C6H,603,1,B,4294,C11,3.906,-4.097,-4.913,6.038
Acetylcholinesterase,6ezh,C6H,603,1,B,4295,N12,4.394,-4.665,-6.175,0.0
Acetylcholinesterase,6ezh,C6H,603,1,B,4296,C13,3.577,-5.177,-6.926,0.0
Acetylcholinesterase,6ezh,C6H,603,1,B,4297,C14,2.089,-5.029,-6.554,1.208
Acetylcholinesterase,6ezh,C6H,603,1,B,4298,C15,1.322,-4.338,-7.672,6.038
Acetylcholinesterase,6ezh,C6H,603,1,B,4299,C16,-0.176,-4.236,-7.36,2.415
Acetylcholinesterase,6ezh,C6H,603,1,B,4300,C17,-0.778,-5.609,-7.098,0.0
Acetylcholinesterase,6ezh,C6H,603,1,B,4301,C18,-0.035,-6.331,-5.981,0.0
Acetylcholinesterase,6ezh,C6H,603,1,B,4302,C19,1.467,-6.405,-6.23,0.0
Acetylcholinesterase,6ezh,C6H,603,1,B,4303,C20,5.351,-3.853,-6.877,7.246
Acetylcholinesterase,6ezh,C6H,603,1,B,4304,C21,6.408,-3.266,-5.98,0.0
Acetylcholinesterase,6ezh,C6H,603,1,B,4305,C22,8.46,2.715,-2.553,2.415
Acetylcholinesterase,6ezh,C6H,603,1,B,4306,C23,9.474,3.657,-2.892,1.208
Acetylcholinesterase,6ezh,C6H,603,1,B,4307,CL,9.791,5.012,-1.825,26.185
Acetylcholinesterase,6ezh,C6H,603,1,B,4308,C25,10.221,3.483,-4.1,2.415
Acetylcholinesterase,6ezh,C6H,603,1,B,4309,N26,11.238,4.233,-4.655,14.217
Acetylcholinesterase,6ezh,C6H,603,1,B,4310,C27,11.647,3.7,-5.785,22.945
Acetylcholinesterase,6ezh,C6H,603,1,B,4311,C28,10.881,2.53,-6.034,6.038
Acetylcholinesterase,6ezh,C6H,603,1,B,4312,C29,9.944,2.391,-4.924,1.208
Acetylcholinesterase,1gqr,SAF,1998,1,A,4227,C1,5.749,69.484,63.993,0.0
Acetylcholinesterase,1gqr,SAF,1998,1,A,4228,C3,3.529,68.466,64.46,7.246
Acetylcholinesterase,1gqr,SAF,1998,1,A,4229,C4,3.811,68.557,65.99,2.415
Acetylcholinesterase,1gqr,SAF,1998,1,A,4230,C5,5.021,69.06,66.376,1.208
Acetylcholinesterase,1gqr,SAF,1998,1,A,4231,C6,5.946,69.526,65.393,0.0
Acetylcholinesterase,1gqr,SAF,1998,1,A,4232,O4,2.976,68.139,67.041,17.143
Acetylcholinesterase,1gqr,SAF,1998,1,A,4233,N2,4.009,67.418,61.328,0.0
Acetylcholinesterase,1gqr,SAF,1998,1,A,4234,C7,4.63,66.229,61.866,6.038
Acetylcholinesterase,1gqr,SAF,1998,1,A,4235,C8,4.354,67.288,59.96,0.0
Acetylcholinesterase,1gqr,SAF,1998,1,A,4236,C9,4.592,68.814,61.832,0.0
Acetylcholinesterase,1gqr,SAF,1998,1,A,4237,C10,3.908,69.881,61.131,4.831
Acetylcholinesterase,1gqr,SAF,1998,1,A,4238,C40,4.581,68.966,63.457,0.0
Acetylcholinesterase,6ezg,C6K,603,1,B,4273,C10,6.751,-3.704,-5.61,0.0
Acetylcholinesterase,6ezg,C6K,603,1,B,4274,N12,4.492,-4.562,-6.488,1.094
Acetylcholinesterase,6ezg,C6K,603,1,B,4275,C13,4.08,-5.618,-6.929,0.0
Acetylcholinesterase,6ezg,C6K,603,1,B,4276,C15,1.768,-5.02,-7.839,8.453
Acetylcholinesterase,6ezg,C6K,603,1,B,4277,C17,-0.293,-5.748,-6.813,0.0
Acetylcholinesterase,6ezg,C6K,603,1,B,4278,C20,3.931,-4.257,-5.224,8.453
Acetylcholinesterase,6ezg,C6K,603,1,B,4279,C21,4.905,-3.79,-4.136,0.0
Acetylcholinesterase,6ezg,C6K,603,1,B,4280,C22,8.61,2.193,-2.697,4.831
Acetylcholinesterase,6ezg,C6K,603,1,B,4281,C28,11.025,2.797,-6.185,3.623
Acetylcholinesterase,6ezg,C6K,603,1,B,4282,C01,9.979,0.029,-6.842,2.415
Acetylcholinesterase,6ezg,C6K,603,1,B,4283,O02,8.876,0.377,-5.956,0.0
Acetylcholinesterase,6ezg,C6K,603,1,B,4284,C03,9.121,1.321,-4.933,0.0
Acetylcholinesterase,6ezg,C6K,603,1,B,4285,C04,8.385,1.245,-3.726,0.0
Acetylcholinesterase,6ezg,C6K,603,1,B,4286,C05,7.385,0.155,-3.518,1.208
Acetylcholinesterase,6ezg,C6K,603,1,B,4287,O06,6.411,0.339,-2.786,1.071
Acetylcholinesterase,6ezg,C6K,603,1,B,4288,C07,7.608,-1.198,-4.182,0.0
Acetylcholinesterase,6ezg,C6K,603,1,B,4289,C08,6.786,-2.312,-3.595,0.0
Acetylcholinesterase,6ezg,C6K,603,1,B,4290,C09,5.924,-2.948,-4.726,1.208
Acetylcholinesterase,6ezg,C6K,603,1,B,4291,C11,5.941,-4.367,-6.716,7.246
Acetylcholinesterase,6ezg,C6K,603,1,B,4292,C14,2.486,-5.669,-6.891,0.0
Acetylcholinesterase,6ezg,C6K,603,1,B,4293,C16,0.373,-5.048,-7.813,2.415
Acetylcholinesterase,6ezg,C6K,603,1,B,4294,C18,0.438,-6.429,-5.842,1.208
Acetylcholinesterase,6ezg,C6K,603,1,B,4295,C19,1.792,-6.398,-5.867,0.0
Acetylcholinesterase,6ezg,C6K,603,1,B,4296,C23,9.585,3.247,-2.875,3.623
Acetylcholinesterase,6ezg,C6K,603,1,B,4297,CL,9.871,4.418,-1.644,23.691
Acetylcholinesterase,6ezg,C6K,603,1,B,4298,C25,10.351,3.336,-4.136,3.623
Acetylcholinesterase,6ezg,C6K,603,1,B,4299,N26,11.309,4.228,-4.544,10.936
Acetylcholinesterase,6ezg,C6K,603,1,B,4300,C27,11.721,3.899,-5.786,22.945
Acetylcholinesterase,6ezg,C6K,603,1,B,4301,C29,10.142,2.428,-5.12,3.623
Acetylcholinesterase,1w4l,GL8,1540,1,A,4233,C1,2.536,67.552,63.228,1.208
Acetylcholinesterase,1w4l,GL8,1540,1,A,4234,C2,2.71,68.092,62.001,3.623
Acetylcholinesterase,1w4l,GL8,1540,1,A,4235,C3,4.132,68.302,61.41,0.0
Acetylcholinesterase,1w4l,GL8,1540,1,A,4236,C4,5.297,68.318,62.591,0.0
Acetylcholinesterase,1w4l,GL8,1540,1,A,4237,C5,5.044,67.066,63.51,0.0
Acetylcholinesterase,1w4l,GL8,1540,1,A,4238,C6,3.692,67.198,64.243,0.0
Acetylcholinesterase,1w4l,GL8,1540,1,A,4239,C7,4.488,63.646,63.691,0.0
Acetylcholinesterase,1w4l,GL8,1540,1,A,4240,C8,3.67,62.944,64.638,0.0
Acetylcholinesterase,1w4l,GL8,1540,1,A,4241,C9,2.855,63.677,65.522,0.0
Acetylcholinesterase,1w4l,GL8,1540,1,A,4242,C10,1.987,65.769,66.504,0.0
Acetylcholinesterase,1w4l,GL8,1540,1,A,4243,C11,2.239,68.248,66.149,1.208
Acetylcholinesterase,1w4l,GL8,1540,1,A,4244,C12,3.625,68.23,65.432,0.0
Acetylcholinesterase,1w4l,GL8,1540,1,A,4245,C13,4.406,65.035,63.668,0.0
Acetylcholinesterase,1w4l,GL8,1540,1,A,4246,C14,3.579,65.769,64.555,0.0
Acetylcholinesterase,1w4l,GL8,1540,1,A,4247,C15,2.81,65.12,65.494,0.0
Acetylcholinesterase,1w4l,GL8,1540,1,A,4248,C16,5.71,61.665,63.094,0.0
Acetylcholinesterase,1w4l,GL8,1540,1,A,4249,C17,1.043,67.113,68.107,9.661
Acetylcholinesterase,1w4l,GL8,1540,1,A,4250,C18,2.037,67.45,69.287,0.0
Acetylcholinesterase,1w4l,GL8,1540,1,A,4251,C19,3.317,66.504,69.388,0.0
Acetylcholinesterase,1w4l,GL8,1540,1,A,4252,C20,2.879,65.057,69.649,0.0
Acetylcholinesterase,1w4l,GL8,1540,1,A,4253,C21,4.104,64.126,69.721,0.0
Acetylcholinesterase,1w4l,GL8,1540,1,A,4254,C22,3.616,62.636,69.609,0.0
Acetylcholinesterase,1w4l,GL8,1540,1,A,4255,C23,3.094,62.16,71.002,7.246
Acetylcholinesterase,1w4l,GL8,1540,1,A,4256,C24,1.782,61.691,70.631,0.0
Acetylcholinesterase,1w4l,GL8,1540,1,A,4257,C25,-0.176,61.749,72.052,2.415
Acetylcholinesterase,1w4l,GL8,1540,1,A,4258,C26,-0.903,60.83,72.795,1.208
Acetylcholinesterase,1w4l,GL8,1540,1,A,4259,C27,-2.152,60.948,73.429,8.453
Acetylcholinesterase,1w4l,GL8,1540,1,A,4260,C28,-2.664,59.776,74.09,19.322
Acetylcholinesterase,1w4l,GL8,1540,1,A,4261,C29,-1.912,58.571,74.089,20.53
Acetylcholinesterase,1w4l,GL8,1540,1,A,4262,C30,-0.641,58.49,73.442,19.322
Acetylcholinesterase,1w4l,GL8,1540,1,A,4263,C31,-0.178,59.654,72.799,3.623
Acetylcholinesterase,1w4l,GL8,1540,1,A,4264,C32,0.965,59.874,72.041,3.623
Acetylcholinesterase,1w4l,GL8,1540,1,A,4265,O1,5.115,65.843,62.791,0.0
Acetylcholinesterase,1w4l,GL8,1540,1,A,4266,O2,5.473,63.058,62.869,0.0
Acetylcholinesterase,1w4l,GL8,1540,1,A,4267,O3,4.159,67.111,60.512,0.0
Acetylcholinesterase,1w4l,GL8,1540,1,A,4268,O25,-0.461,62.994,71.899,7.5
Acetylcholinesterase,1w4l,GL8,1540,1,A,4269,O32,1.903,59.026,71.838,15.0
Acetylcholinesterase,1w4l,GL8,1540,1,A,4270,N1,1.757,66.985,66.827,0.0
Acetylcholinesterase,1w4l,GL8,1540,1,A,4271,N2,0.9,61.124,71.604,0.0
Acetylcholinesterase,5ehx,03S,603,1,A,4274,S10,-52.331,36.581,152.821,0.0
Acetylcholinesterase,5ehx,03S,603,1,A,4275,O11,-53.27,37.23,153.69,8.572
Acetylcholinesterase,5ehx,03S,603,1,A,4276,O12,-53.111,35.611,152.015,0.0
Acetylcholinesterase,5ehx,03S,603,1,A,4277,C13,-51.264,35.763,153.743,1.208
Acetylcholinesterase,6fld,1PG,605,1,A,4331,C2,-0.864,136.775,153.285,3.623
Acetylcholinesterase,6fld,1PG,605,1,A,4332,O1,0.443,136.588,153.798,8.572
Acetylcholinesterase,6fld,1PG,605,1,A,4333,O2,-0.627,138.377,155.145,0.0
Acetylcholinesterase,6fld,1PG,605,1,A,4334,C3,-1.353,138.134,153.91,0.0
Acetylcholinesterase,6fld,1PG,605,1,A,4335,C4,-1.239,137.801,156.26,4.831
Acetylcholinesterase,6fld,1PG,605,1,A,4336,C5,-1.105,138.858,157.379,0.0
Acetylcholinesterase,6fld,1PG,605,1,A,4337,O3,-1.543,138.244,158.63,0.0
Acetylcholinesterase,6fld,1PG,605,1,A,4338,C6,-0.967,136.974,158.896,12.076
Acetylcholinesterase,6fld,1PG,605,1,A,4339,C7,-0.883,136.784,160.456,3.623
Acetylcholinesterase,6fld,1PG,605,1,A,4340,O4,0.05,135.729,160.675,4.286
Acetylcholinesterase,6fld,1PG,605,1,A,4341,C8,1.362,136.202,160.907,0.0
Acetylcholinesterase,6fld,1PG,605,1,A,4342,C9,2.313,134.99,161.064,8.453
Acetylcholinesterase,6fld,1PG,605,1,A,4343,O5,3.596,135.423,160.55,3.214
Acetylcholinesterase,6fld,1PG,605,1,A,4344,C10,3.742,135.232,159.119,7.246
Acetylcholinesterase,6fld,1PG,605,1,A,4345,C11,5.069,135.983,158.641,6.038
Acetylcholinesterase,6fld,1PG,605,1,A,4346,O6,4.714,137.325,158.293,3.214
Acetylcholinesterase,1amn,NAF,594,1,A,5035,C1,4.296,67.609,63.563,1.208
Acetylcholinesterase,1amn,NAF,594,1,A,5036,C2,4.96,66.817,62.58,0.0
Acetylcholinesterase,1amn,NAF,594,1,A,5037,C3,5.004,65.388,62.736,0.0
Acetylcholinesterase,1amn,NAF,594,1,A,5038,C4,4.46,64.786,63.926,0.0
Acetylcholinesterase,1amn,NAF,594,1,A,5039,C5,3.839,65.531,64.908,0.0
Acetylcholinesterase,1amn,NAF,594,1,A,5040,C6,3.714,66.918,64.746,4.831
Acetylcholinesterase,1amn,NAF,594,1,A,5041,C1',5.583,64.517,61.606,0.0
Acetylcholinesterase,1amn,NAF,594,1,A,5042,O1',4.388,64.471,61.03,0.0
Acetylcholinesterase,1amn,NAF,594,1,A,5043,O2',6.601,65.184,60.83,0.0
Acetylcholinesterase,1amn,NAF,594,1,A,5044,C2',5.973,63.076,62.01,0.0
Acetylcholinesterase,1amn,NAF,594,1,A,5045,F1',4.948,62.353,62.705,0.0
Acetylcholinesterase,1amn,NAF,594,1,A,5046,F2',7.191,63.166,62.759,1.035
Acetylcholinesterase,1amn,NAF,594,1,A,5047,F3',6.258,62.257,60.911,0.0
Acetylcholinesterase,1amn,NAF,594,1,A,5048,N1,4.093,68.974,63.373,0.0
Acetylcholinesterase,1amn,NAF,594,1,A,5049,CM1,4.131,69.547,64.708,4.831
Acetylcholinesterase,1amn,NAF,594,1,A,5050,CM2,2.787,69.386,62.831,4.831
Acetylcholinesterase,1amn,NAF,594,1,A,5051,CM3,4.813,69.689,62.257,0.0
Acetylcholinesterase,2c5g,ETM,1536,1,A,4527,SD,4.04,68.592,61.559,2.574
Acetylcholinesterase,2c5g,ETM,1536,1,A,4528,C1,3.986,68.387,63.377,7.246
Acetylcholinesterase,2c5g,ETM,1536,1,A,4529,C2,4.838,69.42,64.12,0.0
Acetylcholinesterase,2c5g,ETM,1536,1,A,4530,N1,4.955,69.138,65.561,0.0
Acetylcholinesterase,2c5g,ETM,1536,1,A,4531,C3,5.672,67.875,65.791,1.208
Acetylcholinesterase,2c5g,ETM,1536,1,A,4532,C4,5.721,70.227,66.184,0.0
Acetylcholinesterase,2c5g,ETM,1536,1,A,4533,C5,3.631,69.073,66.198,10.869
Acetylcholinesterase,2c5g,ETM,1538,1,A,4535,SD,1.939,63.223,70.481,6.434
Acetylcholinesterase,2c5g,ETM,1538,1,A,4536,C1,1.355,62.277,71.934,8.453
Acetylcholinesterase,2c5g,ETM,1538,1,A,4537,C2,-0.165,62.089,71.953,0.0
Acetylcholinesterase,2c5g,ETM,1538,1,A,4538,N1,-0.624,61.193,73.028,0.0
Acetylcholinesterase,2c5g,ETM,1538,1,A,4539,C3,-2.089,61.104,72.957,9.661
Acetylcholinesterase,2c5g,ETM,1538,1,A,4540,C4,-0.065,59.843,72.868,28.983
Acetylcholinesterase,2c5g,ETM,1538,1,A,4541,C5,-0.261,61.721,74.351,33.814
Acetylcholinesterase,6fld,DQ5,604,1,A,4302,C02,1.742,126.64,166.177,4.831
Acetylcholinesterase,6fld,DQ5,604,1,A,4303,C03,0.598,126.856,167.197,25.36
Acetylcholinesterase,6fld,DQ5,604,1,A,4304,C04,0.224,128.368,167.273,8.453
Acetylcholinesterase,6fld,DQ5,604,1,A,4305,C05,0.898,129.076,168.472,13.284
Acetylcholinesterase,6fld,DQ5,604,1,A,4306,C06,2.419,129.247,168.269,2.415
Acetylcholinesterase,6fld,DQ5,604,1,A,4307,C07,3.29,128.56,169.101,25.36
Acetylcholinesterase,6fld,DQ5,604,1,A,4308,C08,4.651,128.704,168.961,24.153
Acetylcholinesterase,6fld,DQ5,604,1,A,4309,C09,5.139,129.519,167.98,1.208
Acetylcholinesterase,6fld,DQ5,604,1,A,4310,C11,4.278,130.194,167.15,1.208
Acetylcholinesterase,6fld,DQ5,604,1,A,4311,C12,4.995,131.037,166.113,0.0
Acetylcholinesterase,6fld,DQ5,604,1,A,4312,C16,2.932,128.209,164.429,0.0
Acetylcholinesterase,6fld,DQ5,604,1,A,4313,C17,4.319,127.767,164.657,0.0
Acetylcholinesterase,6fld,DQ5,604,1,A,4314,C18,4.709,126.65,165.613,3.623
Acetylcholinesterase,6fld,DQ5,604,1,A,4315,C19,6.142,126.136,165.474,15.699
Acetylcholinesterase,6fld,DQ5,604,1,A,4316,C20,7.161,127.212,165.187,2.415
Acetylcholinesterase,6fld,DQ5,604,1,A,4317,C21,6.79,128.103,164.029,0.0
Acetylcholinesterase,6fld,DQ5,604,1,A,4318,C22,5.317,128.419,163.938,0.0
Acetylcholinesterase,6fld,DQ5,604,1,A,4319,C24,3.748,129.877,162.81,0.0
Acetylcholinesterase,6fld,DQ5,604,1,A,4320,C25,3.521,130.923,161.905,3.623
Acetylcholinesterase,6fld,DQ5,604,1,A,4321,C26,2.224,131.364,161.657,7.246
Acetylcholinesterase,6fld,DQ5,604,1,A,4322,C27,1.169,130.762,162.317,1.208
Acetylcholinesterase,6fld,DQ5,604,1,A,4323,C28,1.406,129.722,163.23,1.208
Acetylcholinesterase,6fld,DQ5,604,1,A,4324,C29,2.697,129.27,163.481,0.0
Acetylcholinesterase,6fld,DQ5,604,1,A,4325,N01,1.745,127.637,165.102,0.0
Acetylcholinesterase,6fld,DQ5,604,1,A,4326,N13,4.417,131.999,165.449,0.0
Acetylcholinesterase,6fld,DQ5,604,1,A,4327,N15,2.92,130.074,167.279,1.094
Acetylcholinesterase,6fld,DQ5,604,1,A,4328,N23,5.049,129.447,163.032,0.0
Acetylcholinesterase,6fld,DQ5,604,1,A,4329,O10,6.521,129.725,167.726,13.929
Acetylcholinesterase,6fld,DQ5,604,1,A,4330,O14,5.174,132.581,164.458,3.214
Acetylcholinesterase,2vjd,CCD,1541,1,A,4242,O7,89.756,53.62,22.378,0.0
Acetylcholinesterase,2vjd,CCD,1541,1,A,4243,C5,90.413,52.893,23.422,0.0
Acetylcholinesterase,2vjd,CCD,1541,1,A,4244,C6,91.172,53.832,24.365,0.0
Acetylcholinesterase,2vjd,CCD,1541,1,A,4245,C4,91.735,52.147,23.185,1.208
Acetylcholinesterase,2vjd,CCD,1541,1,A,4246,C3,91.603,51.167,22.017,0.0
Acetylcholinesterase,2vjd,CCD,1541,1,A,4247,C2,92.924,50.464,21.667,4.831
Acetylcholinesterase,2vjd,CCD,1541,1,A,4248,N1,92.995,49.4,20.635,0.0
Acetylcholinesterase,2vjd,CCD,1541,1,A,4249,C9,92.612,49.817,19.273,8.453
Acetylcholinesterase,2vjd,CCD,1541,1,A,4250,C10,94.412,49.001,20.528,10.869
Acetylcholinesterase,2vjd,CCD,1541,1,A,4251,C8,92.261,48.17,20.996,0.0
Acetylcholinesterase,2vjd,CCD,1542,1,A,4252,O7,100.621,53.819,21.316,3.214
Acetylcholinesterase,2vjd,CCD,1542,1,A,4253,C5,100.001,54.138,22.588,0.0
Acetylcholinesterase,2vjd,CCD,1542,1,A,4254,C6,99.206,53.038,23.33,2.415
Acetylcholinesterase,2vjd,CCD,1542,1,A,4255,C4,100.415,55.42,23.355,13.284
Acetylcholinesterase,2vjd,CCD,1542,1,A,4256,C3,100.945,56.541,22.439,1.208
Acetylcholinesterase,2vjd,CCD,1542,1,A,4257,C2,102.535,56.624,22.531,3.623
Acetylcholinesterase,2vjd,CCD,1542,1,A,4258,N1,103.242,57.974,22.309,0.0
Acetylcholinesterase,2vjd,CCD,1542,1,A,4259,C9,103.026,58.555,20.961,7.246
Acetylcholinesterase,2vjd,CCD,1542,1,A,4260,C10,102.901,59.003,23.318,32.606
Acetylcholinesterase,2vjd,CCD,1542,1,A,4261,C8,104.69,57.766,22.435,44.682
Acetylcholinesterase,7aiw,8U5,601,1,A,4312,CAK,138.412,155.052,67.519,3.623
Acetylcholinesterase,7aiw,8U5,601,1,A,4313,CAL,138.206,154.929,68.971,0.0
Acetylcholinesterase,7aiw,8U5,601,1,A,4314,CAM,138.419,153.559,69.514,0.0
Acetylcholinesterase,7aiw,8U5,601,1,A,4315,CBP,138.046,156.007,69.759,0.0
Acetylcholinesterase,7aiw,8U5,601,1,A,4316,CAQ,139.11,156.888,69.5,0.0
Acetylcholinesterase,7aiw,8U5,601,1,A,4317,CAR,139.22,158.057,70.271,1.208
Acetylcholinesterase,7aiw,8U5,601,1,A,4318,CAP,140.053,156.68,68.413,0.0
Acetylcholinesterase,7aiw,8U5,601,1,A,4319,CAJ,139.897,155.316,67.656,2.415
Acetylcholinesterase,7aiw,8U5,601,1,A,4320,CAH,140.541,154.287,68.425,0.0
Acetylcholinesterase,7aiw,8U5,601,1,A,4321,CAG,139.85,153.447,69.325,0.0
Acetylcholinesterase,7aiw,8U5,601,1,A,4322,NAN,140.562,152.53,70.004,0.0
Acetylcholinesterase,7aiw,8U5,601,1,A,4323,CAF,141.891,152.365,69.879,0.0
Acetylcholinesterase,7aiw,8U5,601,1,A,4324,CAA,142.512,151.372,70.643,0.0
Acetylcholinesterase,7aiw,8U5,601,1,A,4325,CAB,143.886,151.168,70.543,0.0
Acetylcholinesterase,7aiw,8U5,601,1,A,4326,CL,144.672,149.93,71.521,0.0
Acetylcholinesterase,7aiw,8U5,601,1,A,4327,CAC,144.649,151.944,69.671,0.0
Acetylcholinesterase,7aiw,8U5,601,1,A,4328,CAD,144.025,152.924,68.916,0.0
Acetylcholinesterase,7aiw,8U5,601,1,A,4329,CAE,142.641,153.157,69.006,0.0
Acetylcholinesterase,7aiw,8U5,601,1,A,4330,CAI,141.925,154.131,68.285,0.0
Acetylcholinesterase,7aiw,8U5,601,1,A,4331,NAT,142.459,154.978,67.393,1.094
Acetylcholinesterase,7aiw,8U5,601,1,A,4332,CAS,143.832,155.327,67.088,3.623
Acetylcholinesterase,7aiw,8U5,601,1,A,4333,CAU,144.4,156.212,68.16,0.0
Acetylcholinesterase,7aiw,8U5,601,1,A,4334,CAV,144.959,157.402,67.432,6.038
Acetylcholinesterase,7aiw,8U5,601,1,A,4335,CAW,146.173,157.891,68.175,2.415
Acetylcholinesterase,7aiw,8U5,601,1,A,4336,CBO,146.28,159.4,68.222,2.415
Acetylcholinesterase,7aiw,8U5,601,1,A,4337,CBN,147.512,159.886,68.973,3.623
Acetylcholinesterase,7aiw,8U5,601,1,A,4338,CBM,147.234,161.284,69.499,6.038
Acetylcholinesterase,7aiw,8U5,601,1,A,4339,CBL,148.532,161.876,70.034,15.699
Acetylcholinesterase,7aiw,8U5,601,1,A,4340,CBK,148.938,163.008,69.099,0.0
Acetylcholinesterase,7aiw,8U5,601,1,A,4341,CAX,149.881,163.976,69.82,2.415
Acetylcholinesterase,7aiw,8U5,601,1,A,4342,OAY,151.008,164.193,69.382,33.215
Acetylcholinesterase,7aiw,8U5,601,1,A,4343,NAZ,149.394,164.561,70.919,0.0
Acetylcholinesterase,7aiw,8U5,601,1,A,4344,CBA,150.214,165.521,71.673,19.322
Acetylcholinesterase,7aiw,8U5,601,1,A,4345,CBB,149.555,165.957,72.819,2.415
Acetylcholinesterase,7aiw,8U5,601,1,A,4346,CBC,149.865,167.214,73.335,15.699
Acetylcholinesterase,7aiw,8U5,601,1,A,4347,CBG,148.6,165.148,73.442,13.284
Acetylcholinesterase,7aiw,8U5,601,1,A,4348,CBF,147.946,165.592,74.59,6.038
Acetylcholinesterase,7aiw,8U5,601,1,A,4349,CBE,148.26,166.851,75.104,0.0
Acetylcholinesterase,7aiw,8U5,601,1,A,4350,OBH,147.673,167.367,76.22,0.0
Acetylcholinesterase,7aiw,8U5,601,1,A,4351,CBD,149.211,167.656,74.481,0.0
Acetylcholinesterase,7aiw,8U5,601,1,A,4352,OBI,149.454,168.874,75.055,4.286
Acetylcholinesterase,7aiw,8U5,601,1,A,4353,CBJ,149.206,169.942,74.128,18.114
Acetylcholinesterase,7ais,8UH,601,1,A,4297,CAK,91.434,-57.273,55.918,4.831
Acetylcholinesterase,7ais,8UH,601,1,A,4298,CAL,91.656,-57.337,54.493,0.0
Acetylcholinesterase,7ais,8UH,601,1,A,4299,CAM,91.171,-58.629,53.981,0.0
Acetylcholinesterase,7ais,8UH,601,1,A,4300,CBL,91.499,-56.246,53.766,0.0
Acetylcholinesterase,7ais,8UH,601,1,A,4301,CAQ,90.418,-55.399,54.079,0.0
Acetylcholinesterase,7ais,8UH,601,1,A,4302,CAR,90.238,-54.274,53.317,1.208
Acetylcholinesterase,7ais,8UH,601,1,A,4303,CAP,89.547,-55.649,55.231,0.0
Acetylcholinesterase,7ais,8UH,601,1,A,4304,CAJ,89.842,-57.03,55.935,2.415
Acetylcholinesterase,7ais,8UH,601,1,A,4305,CAH,89.085,-58.049,55.214,0.0
Acetylcholinesterase,7ais,8UH,601,1,A,4306,CAG,89.751,-58.79,54.222,0.0
Acetylcholinesterase,7ais,8UH,601,1,A,4307,NAN,89.062,-59.69,53.536,0.0
Acetylcholinesterase,7ais,8UH,601,1,A,4308,CAF,87.781,-59.915,53.683,0.0
Acetylcholinesterase,7ais,8UH,601,1,A,4309,CAA,87.133,-60.858,52.916,0.0
Acetylcholinesterase,7ais,8UH,601,1,A,4310,CAB,85.79,-61.109,53.045,0.0
Acetylcholinesterase,7ais,8UH,601,1,A,4311,CL1,85.012,-62.257,52.06,0.0
Acetylcholinesterase,7ais,8UH,601,1,A,4312,CAC,85.07,-60.403,53.985,0.0
Acetylcholinesterase,7ais,8UH,601,1,A,4313,CAD,85.725,-59.454,54.764,0.0
Acetylcholinesterase,7ais,8UH,601,1,A,4314,CAE,87.068,-59.203,54.613,0.0
Acetylcholinesterase,7ais,8UH,601,1,A,4315,CAI,87.768,-58.264,55.354,0.0
Acetylcholinesterase,7ais,8UH,601,1,A,4316,NAT,87.199,-57.601,56.259,0.0
Acetylcholinesterase,7ais,8UH,601,1,A,4317,CAS,86.454,-56.551,55.909,3.623
Acetylcholinesterase,7ais,8UH,601,1,A,4318,CAU,85.106,-56.882,56.304,0.0
Acetylcholinesterase,7ais,8UH,601,1,A,4319,CAV,84.546,-55.545,56.136,6.038
Acetylcholinesterase,7ais,8UH,601,1,A,4320,CBK,84.223,-55.256,54.7,0.0
Acetylcholinesterase,7ais,8UH,601,1,A,4321,CBJ,84.484,-53.797,54.396,2.415
Acetylcholinesterase,7ais,8UH,601,1,A,4322,CAW,83.357,-53.115,55.011,0.0
Acetylcholinesterase,7ais,8UH,601,1,A,4323,OAX,83.083,-53.301,56.168,1.071
Acetylcholinesterase,7ais,8UH,601,1,A,4324,NAY,82.62,-52.356,54.312,1.094
Acetylcholinesterase,7ais,8UH,601,1,A,4325,CAZ,82.682,-51.946,52.924,12.076
Acetylcholinesterase,7ais,8UH,601,1,A,4326,CBA,81.673,-51.004,52.849,2.415
Acetylcholinesterase,7ais,8UH,601,1,A,4327,CBB,80.506,-51.149,52.118,7.246
Acetylcholinesterase,7ais,8UH,601,1,A,4328,CBF,81.885,-49.864,53.605,0.0
Acetylcholinesterase,7ais,8UH,601,1,A,4329,CBE,81.032,-48.831,53.707,0.0
Acetylcholinesterase,7ais,8UH,601,1,A,4330,CBD,79.908,-48.944,53.01,4.831
Acetylcholinesterase,7ais,8UH,601,1,A,4331,OBG,79.067,-47.91,53.115,32.144
Acetylcholinesterase,7ais,8UH,601,1,A,4332,CBC,79.624,-50.062,52.223,4.831
Acetylcholinesterase,7ais,8UH,601,1,A,4333,OBH,78.45,-50.036,51.589,17.143
Acetylcholinesterase,7ais,8UH,601,1,A,4334,CBI,77.57,-50.523,52.571,37.436
Acetylcholinesterase,2ack,EDR,999,1,A,4147,C1,3.172,66.22,64.233,3.623
Acetylcholinesterase,2ack,EDR,999,1,A,4148,C2,4.077,66.867,63.414,0.0
Acetylcholinesterase,2ack,EDR,999,1,A,4149,C3,5.036,66.079,62.764,0.0
Acetylcholinesterase,2ack,EDR,999,1,A,4150,C4,5.065,64.701,62.954,0.0
Acetylcholinesterase,2ack,EDR,999,1,A,4151,C5,4.163,64.075,63.813,0.0
Acetylcholinesterase,2ack,EDR,999,1,A,4152,C6,3.195,64.839,64.454,0.0
Acetylcholinesterase,2ack,EDR,999,1,A,4153,O4,6.028,63.937,62.374,0.0
Acetylcholinesterase,2ack,EDR,999,1,A,4154,N2,4.093,68.328,63.122,0.0
Acetylcholinesterase,2ack,EDR,999,1,A,4155,C7,4.771,68.645,61.758,0.0
Acetylcholinesterase,2ack,EDR,999,1,A,4156,C8,2.61,68.795,63.017,6.038
Acetylcholinesterase,2ack,EDR,999,1,A,4157,C9,4.849,69.08,64.233,1.208
Acetylcholinesterase,2ack,EDR,999,1,A,4158,C10,6.409,69.01,64.259,0.0
Acetylcholinesterase,6ezh,C6H,603,1,A,4273,C01,-8.339,1.247,55.123,1.208
Acetylcholinesterase,6ezh,C6H,603,1,A,4274,O02,-8.967,0.805,54.002,0.0
Acetylcholinesterase,6ezh,C6H,603,1,A,4275,C03,-9.074,1.764,52.996,0.0
Acetylcholinesterase,6ezh,C6H,603,1,A,4276,C04,-8.242,1.73,51.859,0.0
Acetylcholinesterase,6ezh,C6H,603,1,A,4277,C05,-7.135,0.608,51.622,0.0
Acetylcholinesterase,6ezh,C6H,603,1,A,4278,O06,-6.106,0.81,50.981,1.071
Acetylcholinesterase,6ezh,C6H,603,1,A,4279,C07,-7.348,-0.797,52.187,0.0
Acetylcholinesterase,6ezh,C6H,603,1,A,4280,C08,-6.225,-1.731,51.677,0.0
Acetylcholinesterase,6ezh,C6H,603,1,A,4281,C09,-5.168,-1.943,52.904,0.0
Acetylcholinesterase,6ezh,C6H,603,1,A,4282,C10,-5.925,-2.374,54.062,0.0
Acetylcholinesterase,6ezh,C6H,603,1,A,4283,C11,-5.196,-3.206,55.1,9.661
Acetylcholinesterase,6ezh,C6H,603,1,A,4284,N12,-4.023,-3.946,54.647,0.0
Acetylcholinesterase,6ezh,C6H,603,1,A,4285,C13,-3.011,-3.451,55.115,2.415
Acetylcholinesterase,6ezh,C6H,603,1,A,4286,C14,-1.625,-4.037,54.777,2.415
Acetylcholinesterase,6ezh,C6H,603,1,A,4287,C15,-0.644,-3.527,55.824,8.453
Acetylcholinesterase,6ezh,C6H,603,1,A,4288,C16,0.795,-3.902,55.477,0.0
Acetylcholinesterase,6ezh,C6H,603,1,A,4289,C17,0.944,-5.4,55.208,0.0
Acetylcholinesterase,6ezh,C6H,603,1,A,4290,C18,-0.119,-5.948,54.253,0.0
Acetylcholinesterase,6ezh,C6H,603,1,A,4291,C19,-1.509,-5.576,54.749,0.0
Acetylcholinesterase,6ezh,C6H,603,1,A,4292,C20,-4.035,-4.116,53.214,0.0
Acetylcholinesterase,6ezh,C6H,603,1,A,4293,C21,-4.115,-2.838,52.433,2.415
Acetylcholinesterase,6ezh,C6H,603,1,A,4294,C22,-8.426,2.726,50.892,3.623
Acetylcholinesterase,6ezh,C6H,603,1,A,4295,C23,-9.413,3.753,50.994,0.0
Acetylcholinesterase,6ezh,C6H,603,1,A,4296,CL,-9.577,4.96,49.726,22.444
Acetylcholinesterase,6ezh,C6H,603,1,A,4297,C25,-10.23,3.78,52.155,1.208
Acetylcholinesterase,6ezh,C6H,603,1,A,4298,N26,-11.224,4.634,52.535,12.029
Acetylcholinesterase,6ezh,C6H,603,1,A,4299,C27,-11.714,4.276,53.711,22.945
Acetylcholinesterase,6ezh,C6H,603,1,A,4300,C28,-11.04,3.113,54.182,7.246
Acetylcholinesterase,6ezh,C6H,603,1,A,4301,C29,-10.064,2.801,53.137,0.0
Acetylcholinesterase,6h14,FW8,609,1,B,4313,OBT,-13.896,224.088,79.357,26.786
Acetylcholinesterase,6h14,FW8,609,1,B,4314,OBT,-16.262,221.253,79.348,0.0
Acetylcholinesterase,6h14,FW8,609,1,B,4315,CBM,-13.128,223.213,78.964,4.831
Acetylcholinesterase,6h14,FW8,609,1,B,4316,CBM,-15.358,220.427,79.241,0.0
Acetylcholinesterase,6h14,FW8,609,1,B,4317,NBS,-12.639,223.156,77.74,1.094
Acetylcholinesterase,6h14,FW8,609,1,B,4318,NBS,-14.778,219.815,80.26,0.0
Acetylcholinesterase,6h14,FW8,609,1,B,4319,CBR,-12.764,224.084,76.599,19.322
Acetylcholinesterase,6h14,FW8,609,1,B,4320,CBR,-15.048,219.798,81.694,0.0
Acetylcholinesterase,6h14,FW8,609,1,B,4321,CBQ,-11.37,224.5,76.139,7.246
Acetylcholinesterase,6h14,FW8,609,1,B,4322,CBQ,-15.418,218.373,82.088,0.0
Acetylcholinesterase,6h14,FW8,609,1,B,4323,CBP,-10.451,223.278,76.077,1.208
Acetylcholinesterase,6h14,FW8,609,1,B,4324,CBP,-14.378,217.377,81.572,0.0
Acetylcholinesterase,6h14,FW8,609,1,B,4325,CBO,-10.391,222.6,77.449,0.0
Acetylcholinesterase,6h14,FW8,609,1,B,4326,CBO,-14.239,217.502,80.054,0.0
Acetylcholinesterase,6h14,FW8,609,1,B,4327,CBN,-11.755,222.011,77.706,8.453
Acetylcholinesterase,6h14,FW8,609,1,B,4328,CBN,-13.784,218.919,79.712,0.0
Acetylcholinesterase,6h14,FW8,609,1,B,4329,CBG,-11.877,221.422,78.98,2.415
Acetylcholinesterase,6h14,FW8,609,1,B,4330,CBG,-13.843,219.158,78.331,0.0
Acetylcholinesterase,6h14,FW8,609,1,B,4331,CBH,-12.721,222.18,79.703,1.208
Acetylcholinesterase,6h14,FW8,609,1,B,4332,CBH,-14.8,220.07,78.085,0.0
Acetylcholinesterase,6h14,FW8,609,1,B,4333,CBI,-13.04,221.857,80.954,19.322
Acetylcholinesterase,6h14,FW8,609,1,B,4334,CBI,-15.058,220.47,76.843,0.0
Acetylcholinesterase,6h14,FW8,609,1,B,4335,CBJ,-12.509,220.724,81.55,12.076
Acetylcholinesterase,6h14,FW8,609,1,B,4336,CBJ,-14.333,219.952,75.777,0.0
Acetylcholinesterase,6h14,FW8,609,1,B,4337,CBK,-11.648,219.936,80.809,8.453
Acetylcholinesterase,6h14,FW8,609,1,B,4338,CBK,-13.34,219.013,76.022,0.0
Acetylcholinesterase,6h14,FW8,609,1,B,4339,CBF,-11.344,220.302,79.501,1.208
Acetylcholinesterase,6h14,FW8,609,1,B,4340,CBF,-13.119,218.627,77.341,0.0
Acetylcholinesterase,6h14,FW8,609,1,B,4341,NBE,-10.507,219.626,78.685,6.562
Acetylcholinesterase,6h14,FW8,609,1,B,4342,NBE,-12.196,217.758,77.784,0.0
Acetylcholinesterase,6h14,FW8,609,1,B,4343,CBC,-9.633,218.654,79.074,4.831
Acetylcholinesterase,6h14,FW8,609,1,B,4344,CBC,-10.949,217.649,77.267,0.0
Acetylcholinesterase,6h14,FW8,609,1,B,4345,OBL,-9.529,218.251,80.233,9.643
Acetylcholinesterase,6h14,FW8,609,1,B,4346,OBL,-10.584,218.266,76.261,0.0
Acetylcholinesterase,6h14,FW8,609,1,B,4347,NBD,-8.897,218.155,78.05,6.562
Acetylcholinesterase,6h14,FW8,609,1,B,4348,NBD,-10.173,216.768,77.947,0.0
Acetylcholinesterase,6h14,FW8,609,1,B,4349,CAY,-7.913,217.228,78.108,0.0
Acetylcholinesterase,6h14,FW8,609,1,B,4350,CAY,-8.886,216.492,77.694,0.0
Acetylcholinesterase,6h14,FW8,609,1,B,4351,CAX,-7.559,216.397,79.186,0.0
Acetylcholinesterase,6h14,FW8,609,1,B,4352,CAX,-8.191,215.822,78.707,0.0
Acetylcholinesterase,6h14,FW8,609,1,B,4353,NBB,-7.199,217.148,76.97,1.094
Acetylcholinesterase,6h14,FW8,609,1,B,4354,NBB,-8.234,216.849,76.578,0.0
Acetylcholinesterase,6h14,FW8,609,1,B,4355,CAZ,-6.136,216.269,76.814,0.0
Acetylcholinesterase,6h14,FW8,609,1,B,4356,CAZ,-6.868,216.523,76.44,0.0
Acetylcholinesterase,6h14,FW8,609,1,B,4357,CBA,-5.775,215.447,77.86,0.0
Acetylcholinesterase,6h14,FW8,609,1,B,4358,CBA,-6.168,215.847,77.432,0.0
Acetylcholinesterase,6h14,FW8,609,1,B,4359,CAW,-6.48,215.504,79.057,0.0
Acetylcholinesterase,6h14,FW8,609,1,B,4360,CAW,-6.844,215.492,78.597,0.0
Acetylcholinesterase,6h14,FW8,609,1,B,4361,CAS,-6.057,214.668,80.017,0.0
Acetylcholinesterase,6h14,FW8,609,1,B,4362,CAS,-6.223,214.833,79.587,0.0
Acetylcholinesterase,6h14,FW8,609,1,B,4363,CAR,-6.783,214.053,80.944,2.415
Acetylcholinesterase,6h14,FW8,609,1,B,4364,CAR,-6.832,214.206,80.588,0.0
Acetylcholinesterase,6h14,FW8,609,1,B,4365,NAV,-4.783,214.301,80.167,2.187
Acetylcholinesterase,6h14,FW8,609,1,B,4366,NAV,-4.906,214.684,79.728,0.0
Acetylcholinesterase,6h14,FW8,609,1,B,4367,NAU,-4.716,213.525,81.124,2.187
Acetylcholinesterase,6h14,FW8,609,1,B,4368,NAU,-4.707,213.997,80.774,0.0
Acetylcholinesterase,6h14,FW8,609,1,B,4369,NAT,-5.888,213.339,81.63,0.0
Acetylcholinesterase,6h14,FW8,609,1,B,4370,NAT,-5.853,213.691,81.327,0.0
Acetylcholinesterase,6h14,FW8,609,1,B,4371,CAQ,-6.12,212.439,82.782,2.415
Acetylcholinesterase,6h14,FW8,609,1,B,4372,CAQ,-6.031,212.886,82.558,0.0
Acetylcholinesterase,6h14,FW8,609,1,B,4373,CAP,-4.772,211.923,83.262,7.246
Acetylcholinesterase,6h14,FW8,609,1,B,4374,CAP,-4.679,212.336,82.987,0.0
Acetylcholinesterase,6h14,FW8,609,1,B,4375,NAO,-4.656,210.45,83.261,1.094
Acetylcholinesterase,6h14,FW8,609,1,B,4376,NAO,-4.639,210.859,83.105,0.0
Acetylcholinesterase,6h14,FW8,609,1,B,4377,CAG,-3.888,209.681,82.455,0.0
Acetylcholinesterase,6h14,FW8,609,1,B,4378,CAG,-3.879,210.008,82.374,0.0
Acetylcholinesterase,6h14,FW8,609,1,B,4379,CAH,-2.487,209.826,82.33,0.0
Acetylcholinesterase,6h14,FW8,609,1,B,4380,CAH,-2.471,210.104,82.269,0.0
Acetylcholinesterase,6h14,FW8,609,1,B,4381,CAM,-1.742,210.819,83.012,4.831
Acetylcholinesterase,6h14,FW8,609,1,B,4382,CAM,-1.714,211.122,82.896,0.0
Acetylcholinesterase,6h14,FW8,609,1,B,4383,CAL,-0.269,210.509,83.073,2.415
Acetylcholinesterase,6h14,FW8,609,1,B,4384,CAL,-0.257,210.774,83.018,0.0
Acetylcholinesterase,6h14,FW8,609,1,B,4385,CAK,0.178,210.27,81.647,3.623
Acetylcholinesterase,6h14,FW8,609,1,B,4386,CAK,0.212,210.436,81.624,0.0
Acetylcholinesterase,6h14,FW8,609,1,B,4387,CAJ,-0.452,208.961,81.221,0.0
Acetylcholinesterase,6h14,FW8,609,1,B,4388,CAJ,-0.436,209.113,81.274,0.0
Acetylcholinesterase,6h14,FW8,609,1,B,4389,CAI,-1.837,208.941,81.454,0.0
Acetylcholinesterase,6h14,FW8,609,1,B,4390,CAI,-1.825,209.142,81.474,0.0
Acetylcholinesterase,6h14,FW8,609,1,B,4391,NAN,-2.53,207.992,80.804,0.0
Acetylcholinesterase,6h14,FW8,609,1,B,4392,NAN,-2.529,208.168,80.875,0.0
Acetylcholinesterase,6h14,FW8,609,1,B,4393,CAE,-3.854,207.838,80.922,0.0
Acetylcholinesterase,6h14,FW8,609,1,B,4394,CAE,-3.858,208.06,80.975,0.0
Acetylcholinesterase,6h14,FW8,609,1,B,4395,CAF,-4.567,208.681,81.762,0.0
Acetylcholinesterase,6h14,FW8,609,1,B,4396,CAF,-4.568,208.978,81.736,0.0
Acetylcholinesterase,6h14,FW8,609,1,B,4397,CAA,-5.941,208.526,81.897,0.0
Acetylcholinesterase,6h14,FW8,609,1,B,4398,CAA,-5.949,208.867,81.847,0.0
Acetylcholinesterase,6h14,FW8,609,1,B,4399,CAB,-6.6,207.525,81.191,0.0
Acetylcholinesterase,6h14,FW8,609,1,B,4400,CAB,-6.617,207.835,81.196,0.0
Acetylcholinesterase,6h14,FW8,609,1,B,4401,CAC,-5.881,206.68,80.348,0.0
Acetylcholinesterase,6h14,FW8,609,1,B,4402,CAC,-5.902,206.915,80.434,0.0
Acetylcholinesterase,6h14,FW8,609,1,B,4403,CAD,-4.503,206.831,80.214,0.0
Acetylcholinesterase,6h14,FW8,609,1,B,4404,CAD,-4.519,207.022,80.324,0.0
Acetylcholinesterase,2wg1,FP1,605,1,A,4468,O1,7.615,69.812,65.066,0.0
Acetylcholinesterase,2wg1,FP1,605,1,A,4469,N2,6.322,69.585,65.418,0.0
Acetylcholinesterase,2wg1,FP1,605,1,A,4470,C6,5.545,69.271,64.581,0.0
Acetylcholinesterase,2wg1,FP1,605,1,A,4471,C5,4.73,68.942,63.712,1.208
Acetylcholinesterase,2wg1,FP1,605,1,A,4472,C4,5.163,68.832,62.397,0.0
Acetylcholinesterase,2wg1,FP1,605,1,A,4473,C3,4.248,68.446,61.414,0.0
Acetylcholinesterase,2wg1,FP1,605,1,A,4474,C2,2.916,68.187,61.747,2.415
Acetylcholinesterase,2wg1,FP1,605,1,A,4475,C1,2.49,68.298,63.071,7.246
Acetylcholinesterase,2wg1,FP1,605,1,A,4476,N1,3.395,68.68,64.074,1.094
Acetylcholinesterase,2wg1,FP1,605,1,A,4477,C7,2.947,68.775,65.494,15.699
Acetylcholinesterase,2vjc,CCD,1537,1,A,4212,O7,89.583,53.606,22.374,0.0
Acetylcholinesterase,2vjc,CCD,1537,1,A,4213,C5,90.253,52.872,23.402,0.0
Acetylcholinesterase,2vjc,CCD,1537,1,A,4214,C6,90.788,53.996,24.291,0.0
Acetylcholinesterase,2vjc,CCD,1537,1,A,4215,C4,91.563,52.132,23.103,2.415
Acetylcholinesterase,2vjc,CCD,1537,1,A,4216,C3,91.384,51.136,21.954,0.0
Acetylcholinesterase,2vjc,CCD,1537,1,A,4217,C2,92.71,50.461,21.574,6.038
Acetylcholinesterase,2vjc,CCD,1537,1,A,4218,N1,92.781,49.397,20.546,0.0
Acetylcholinesterase,2vjc,CCD,1537,1,A,4219,C9,92.413,49.809,19.181,7.246
Acetylcholinesterase,2vjc,CCD,1537,1,A,4220,C10,94.205,49.034,20.417,9.661
Acetylcholinesterase,2vjc,CCD,1537,1,A,4221,C8,92.046,48.17,20.905,0.0
Acetylcholinesterase,4tvk,TJH,605,1,A,4292,OAB,-53.466,33.023,-42.213,3.214
Acetylcholinesterase,4tvk,TJH,605,1,A,4293,CBB,-53.614,33.099,-43.456,0.0
Acetylcholinesterase,4tvk,TJH,605,1,A,4294,CBE,-52.982,34.095,-44.231,0.0
Acetylcholinesterase,4tvk,TJH,605,1,A,4295,CAH,-52.185,35.021,-43.623,1.208
Acetylcholinesterase,4tvk,TJH,605,1,A,4296,CAE,-51.558,36.027,-44.391,0.0
Acetylcholinesterase,4tvk,TJH,605,1,A,4297,CAF,-51.697,36.137,-45.767,3.623
Acetylcholinesterase,4tvk,TJH,605,1,A,4298,CAV,-52.482,35.2,-46.384,0.0
Acetylcholinesterase,4tvk,TJH,605,1,A,4299,OAC,-52.679,35.2,-47.732,19.286
Acetylcholinesterase,4tvk,TJH,605,1,A,4300,CBF,-53.11,34.205,-45.64,0.0
Acetylcholinesterase,4tvk,TJH,605,1,A,4301,CBA,-53.879,33.318,-46.353,0.0
Acetylcholinesterase,4tvk,TJH,605,1,A,4302,OAA,-53.983,33.434,-47.579,13.929
Acetylcholinesterase,4tvk,TJH,605,1,A,4303,CAJ,-54.528,32.311,-45.636,3.623
Acetylcholinesterase,4tvk,TJH,605,1,A,4304,CAX,-54.409,32.196,-44.22,0.0
Acetylcholinesterase,4tvk,TJH,605,1,A,4305,NAS,-55.059,31.214,-43.586,0.0
Acetylcholinesterase,4tvk,TJH,605,1,A,4306,CAN,-55.563,30.039,-44.296,8.453
Acetylcholinesterase,4tvk,TJH,605,1,A,4307,CAO,-54.337,29.135,-44.478,1.208
Acetylcholinesterase,4tvk,TJH,605,1,A,4308,NAT,-53.887,28.44,-43.235,0.0
Acetylcholinesterase,4tvk,TJH,605,1,A,4309,CAZ,-52.598,28.233,-42.844,0.0
Acetylcholinesterase,4tvk,TJH,605,1,A,4310,CAY,-52.258,28.469,-41.493,0.0
Acetylcholinesterase,4tvk,TJH,605,1,A,4311,CAQ,-53.229,28.93,-40.534,1.208
Acetylcholinesterase,4tvk,TJH,605,1,A,4312,CAM,-52.847,28.73,-39.08,1.208
Acetylcholinesterase,4tvk,TJH,605,1,A,4313,CAL,-51.49,29.301,-38.981,0.0
Acetylcholinesterase,4tvk,TJH,605,1,A,4314,CAP,-50.483,28.458,-39.723,0.0
Acetylcholinesterase,4tvk,TJH,605,1,A,4315,CAW,-50.937,28.258,-41.096,0.0
Acetylcholinesterase,4tvk,TJH,605,1,A,4316,NAR,-50.056,27.817,-41.981,0.0
Acetylcholinesterase,4tvk,TJH,605,1,A,4317,CBC,-50.367,27.562,-43.283,0.0
Acetylcholinesterase,4tvk,TJH,605,1,A,4318,CBD,-51.65,27.744,-43.749,0.0
Acetylcholinesterase,4tvk,TJH,605,1,A,4319,CAI,-51.903,27.432,-45.106,0.0
Acetylcholinesterase,4tvk,TJH,605,1,A,4320,CAG,-50.931,26.968,-45.995,0.0
Acetylcholinesterase,4tvk,TJH,605,1,A,4321,CAU,-49.655,26.804,-45.523,0.0
Acetylcholinesterase,4tvk,TJH,605,1,A,4322,CL,-48.467,26.333,-46.561,0.0
Acetylcholinesterase,4tvk,TJH,605,1,A,4323,CAK,-49.363,27.088,-44.164,0.0
Acetylcholinesterase,1acj,THA,999,1,A,4096,C1,6.362,71.261,69.025,0.0
Acetylcholinesterase,1acj,THA,999,1,A,4097,C2,6.697,70.955,67.712,0.0
Acetylcholinesterase,1acj,THA,999,1,A,4098,C3,5.719,70.518,66.819,0.0
Acetylcholinesterase,1acj,THA,999,1,A,4099,C4,4.351,70.381,67.26,0.0
Acetylcholinesterase,1acj,THA,999,1,A,4100,C5,4.056,70.702,68.603,0.0
Acetylcholinesterase,1acj,THA,999,1,A,4101,C6,5.053,71.136,69.468,0.0
Acetylcholinesterase,1acj,THA,999,1,A,4102,N7,6.068,70.236,65.585,0.0
Acetylcholinesterase,1acj,THA,999,1,A,4103,C8,5.207,69.821,64.683,0.0
Acetylcholinesterase,1acj,THA,999,1,A,4104,C9,3.833,69.634,64.995,0.0
Acetylcholinesterase,1acj,THA,999,1,A,4105,C10,3.396,69.933,66.309,0.0
Acetylcholinesterase,1acj,THA,999,1,A,4106,C11,5.776,69.459,63.289,0.0
Acetylcholinesterase,1acj,THA,999,1,A,4107,C12,4.736,69.363,62.145,0.0
Acetylcholinesterase,1acj,THA,999,1,A,4108,C13,3.515,68.54,62.597,1.208
Acetylcholinesterase,1acj,THA,999,1,A,4109,C14,2.86,69.177,63.848,8.453
Acetylcholinesterase,1acj,THA,999,1,A,4110,N15,2.092,69.798,66.625,10.936
Acetylcholinesterase,1w6r,GNT,1536,1,A,4200,C1,2.65,67.661,63.432,1.208
Acetylcholinesterase,1w6r,GNT,1536,1,A,4201,C2,2.799,68.172,62.198,3.623
Acetylcholinesterase,1w6r,GNT,1536,1,A,4202,C3,4.193,68.408,61.585,0.0
Acetylcholinesterase,1w6r,GNT,1536,1,A,4203,C4,5.369,68.459,62.734,0.0
Acetylcholinesterase,1w6r,GNT,1536,1,A,4204,C41,5.153,67.227,63.664,0.0
Acetylcholinesterase,1w6r,GNT,1536,1,A,4205,C42,3.846,67.351,64.43,0.0
Acetylcholinesterase,1w6r,GNT,1536,1,A,4206,O5,5.19,65.991,62.958,0.0
Acetylcholinesterase,1w6r,GNT,1536,1,A,4207,C6,4.589,63.766,63.911,0.0
Acetylcholinesterase,1w6r,GNT,1536,1,A,4208,C7,3.827,63.105,64.912,0.0
Acetylcholinesterase,1w6r,GNT,1536,1,A,4209,C8,3.076,63.847,65.821,3.623
Acetylcholinesterase,1w6r,GNT,1536,1,A,4210,C9,2.229,65.965,66.81,1.208
Acetylcholinesterase,1w6r,GNT,1536,1,A,4211,N10,1.994,67.22,67.067,0.0
Acetylcholinesterase,1w6r,GNT,1536,1,A,4212,C11,2.453,68.431,66.337,1.208
Acetylcholinesterase,1w6r,GNT,1536,1,A,4213,C12,3.809,68.424,65.599,2.415
Acetylcholinesterase,1w6r,GNT,1536,1,A,4214,C13,4.519,65.185,63.876,0.0
Acetylcholinesterase,1w6r,GNT,1536,1,A,4215,C14,3.752,65.924,64.785,0.0
Acetylcholinesterase,1w6r,GNT,1536,1,A,4216,C15,3.029,65.288,65.78,0.0
Acetylcholinesterase,1w6r,GNT,1536,1,A,4217,C16,5.824,61.785,63.306,0.0
Acetylcholinesterase,1w6r,GNT,1536,1,A,4218,O17,5.487,63.133,63.006,0.0
Acetylcholinesterase,1w6r,GNT,1536,1,A,4219,O18,4.318,67.249,60.69,0.0
Acetylcholinesterase,1w6r,GNT,1536,1,A,4220,C19,1.212,67.431,68.271,12.076
Acetylcholinesterase,2vjc,CHH,1538,1,A,4222,O7,100.628,53.838,20.936,5.357
Acetylcholinesterase,2vjc,CHH,1538,1,A,4223,C5,100.049,54.032,22.25,0.0
Acetylcholinesterase,2vjc,CHH,1538,1,A,4224,C6,99.388,52.833,22.954,1.208
Acetylcholinesterase,2vjc,CHH,1538,1,A,4225,C4,100.322,55.33,23.069,15.699
Acetylcholinesterase,2vjc,CHH,1538,1,A,4226,C3,100.875,56.493,22.226,0.0
Acetylcholinesterase,2vjc,CHH,1538,1,A,4227,C2,102.463,56.593,22.335,3.623
Acetylcholinesterase,2vjc,CHH,1538,1,A,4228,N1,103.134,57.963,22.23,0.0
Acetylcholinesterase,2vjc,CHH,1538,1,A,4229,C9,104.576,57.779,22.413,43.475
Acetylcholinesterase,2vjc,CHH,1538,1,A,4230,C10,102.966,58.609,20.903,7.246
Acetylcholinesterase,2vjc,CHH,1538,1,A,4231,C8,102.721,58.921,23.286,32.606
Acetylcholinesterase,1vxo,VXA,999,1,A,4273,P1,5.482,63.994,61.435,0.0
Acetylcholinesterase,1vxo,VXA,999,1,A,4274,O1,5.362,65.014,62.459,16.072
Acetylcholinesterase,1vxo,VXA,999,1,A,4275,O2,4.178,63.938,60.679,0.0
Acetylcholinesterase,1vxo,VXA,999,1,A,4276,C1,5.844,62.428,62.214,0.0
Acetylcholinesterase,2vjc,CCD,1539,1,B,4266,O7,94.067,52.398,80.912,0.0
Acetylcholinesterase,2vjc,CCD,1539,1,B,4267,C5,93.426,51.668,79.863,0.0
Acetylcholinesterase,2vjc,CCD,1539,1,B,4268,C6,92.763,52.76,79.025,0.0
Acetylcholinesterase,2vjc,CCD,1539,1,B,4269,C4,92.189,50.819,80.193,1.208
Acetylcholinesterase,2vjc,CCD,1539,1,B,4270,C3,92.402,49.912,81.409,0.0
Acetylcholinesterase,2vjc,CCD,1539,1,B,4271,C2,91.066,49.244,81.772,6.038
Acetylcholinesterase,2vjc,CCD,1539,1,B,4272,N1,91.008,48.069,82.666,0.0
Acetylcholinesterase,2vjc,CCD,1539,1,B,4273,C9,91.372,48.414,84.049,8.453
Acetylcholinesterase,2vjc,CCD,1539,1,B,4274,C10,89.605,47.627,82.722,6.038
Acetylcholinesterase,2vjc,CCD,1539,1,B,4275,C8,91.772,46.89,82.214,0.0
Acetylcholinesterase,6g1w,E0Z,604,1,B,4338,C10,5.84,-6.92,-6.904,0.0
Acetylcholinesterase,6g1w,E0Z,604,1,B,4339,C13,2.309,-5.625,-7.367,1.208
Acetylcholinesterase,6g1w,E0Z,604,1,B,4340,C17,5.152,-2.757,-7.714,7.246
Acetylcholinesterase,6g1w,E0Z,604,1,B,4341,C24,9.176,0.428,-5.137,1.208
Acetylcholinesterase,6g1w,E0Z,604,1,B,4342,C28,10.596,2.413,-5.512,8.453
Acetylcholinesterase,6g1w,E0Z,604,1,B,4343,C01,0.19,-4.564,-7.956,2.415
Acetylcholinesterase,6g1w,E0Z,604,1,B,4344,C02,-0.457,-5.32,-6.943,1.208
Acetylcholinesterase,6g1w,E0Z,604,1,B,4345,C03,0.26,-6.235,-6.169,0.0
Acetylcholinesterase,6g1w,E0Z,604,1,B,4346,C04,1.676,-6.372,-6.397,0.0
Acetylcholinesterase,6g1w,E0Z,604,1,B,4347,C06,3.745,-7.447,-5.803,0.0
Acetylcholinesterase,6g1w,E0Z,604,1,B,4348,C07,4.432,-8.386,-4.966,0.0
Acetylcholinesterase,6g1w,E0Z,604,1,B,4349,C08,5.805,-8.566,-5.142,0.0
Acetylcholinesterase,6g1w,E0Z,604,1,B,4350,C09,6.511,-7.837,-6.111,0.0
Acetylcholinesterase,6g1w,E0Z,604,1,B,4351,C11,4.434,-6.725,-6.746,0.0
Acetylcholinesterase,6g1w,E0Z,604,1,B,4352,C12,3.736,-5.762,-7.558,0.0
Acetylcholinesterase,6g1w,E0Z,604,1,B,4353,C14,1.57,-4.698,-8.164,4.831
Acetylcholinesterase,6g1w,E0Z,604,1,B,4354,C16,5.521,-4.063,-8.406,4.831
Acetylcholinesterase,6g1w,E0Z,604,1,B,4355,C18,6.354,-1.42,-6.009,2.415
Acetylcholinesterase,6g1w,E0Z,604,1,B,4356,C19,7.65,-1.485,-5.393,0.0
Acetylcholinesterase,6g1w,E0Z,604,1,B,4357,C23,8.217,-0.495,-4.361,13.284
Acetylcholinesterase,6g1w,E0Z,604,1,B,4358,C29,11.11,3.697,-4.864,3.623
Acetylcholinesterase,6g1w,E0Z,604,1,B,4359,C30,10.603,4.081,-3.634,3.623
Acetylcholinesterase,6g1w,E0Z,604,1,B,4360,C31,11.05,5.243,-3.023,2.415
Acetylcholinesterase,6g1w,E0Z,604,1,B,4361,C32,12.016,6.02,-3.655,2.415
Acetylcholinesterase,6g1w,E0Z,604,1,B,4362,C33,12.522,5.632,-4.891,22.945
Acetylcholinesterase,6g1w,E0Z,604,1,B,4363,C34,12.069,4.467,-5.498,15.699
Acetylcholinesterase,6g1w,E0Z,604,1,B,4364,C37,10.298,4.501,-0.93,25.36
Acetylcholinesterase,6g1w,E0Z,604,1,B,4365,N05,2.394,-7.261,-5.653,0.0
Acetylcholinesterase,6g1w,E0Z,604,1,B,4366,N20,6.297,-2.438,-6.869,1.094
Acetylcholinesterase,6g1w,E0Z,604,1,B,4367,N21,7.43,-3.123,-6.804,0.0
Acetylcholinesterase,6g1w,E0Z,604,1,B,4368,N22,8.247,-2.555,-5.927,0.0
Acetylcholinesterase,6g1w,E0Z,604,1,B,4369,N26,9.693,1.69,-4.618,5.468
Acetylcholinesterase,6g1w,E0Z,604,1,B,4370,N27,4.386,-4.965,-8.598,1.094
Acetylcholinesterase,6g1w,E0Z,604,1,B,4371,O25,9.533,0.104,-6.222,1.071
Acetylcholinesterase,6g1w,E0Z,604,1,B,4372,O35,12.485,7.198,-3.047,35.358
Acetylcholinesterase,6g1w,E0Z,604,1,B,4373,O36,10.522,5.605,-1.771,5.357
Acetylcholinesterase,6g1w,E0Z,604,1,B,4374,CL1,6.717,-9.721,-4.138,0.0
Acetylcholinesterase,2v96,CFQ,1536,1,B,4295,AS,81.193,56.996,80.679,1.453
Acetylcholinesterase,2v96,CFQ,1536,1,B,4296,C1,80.303,58.815,81.643,45.89
Acetylcholinesterase,2v96,CFQ,1536,1,B,4297,C2,82.07,55.743,82.298,6.038
Acetylcholinesterase,2v96,CFQ,1536,1,B,4298,C3,79.583,55.838,79.633,51.928
Acetylcholinesterase,2v96,CFQ,1536,1,B,4299,C4,82.765,57.637,79.236,13.284
Acetylcholinesterase,2v96,CFQ,1536,1,B,4300,C5,83.661,56.47,78.807,1.208
Acetylcholinesterase,2v96,CFQ,1536,1,B,4301,O1,82.89,55.252,78.692,0.0
Acetylcholinesterase,2v96,CFQ,1536,1,B,4302,C6,83.547,54.105,78.117,0.0
Acetylcholinesterase,2v96,CFQ,1536,1,B,4303,C14,82.511,53.255,77.373,0.0
Acetylcholinesterase,2v96,CFQ,1536,1,B,4304,C7,84.346,53.449,79.308,0.0
Acetylcholinesterase,2v96,CFQ,1536,1,B,4305,C8,85.742,53.097,79.2,0.0
Acetylcholinesterase,2v96,CFQ,1536,1,B,4306,C9,86.391,52.523,80.336,0.0
Acetylcholinesterase,2v96,CFQ,1536,1,B,4307,C10,85.686,52.3,81.54,0.0
Acetylcholinesterase,2v96,CFQ,1536,1,B,4308,C11,84.332,52.635,81.639,2.415
Acetylcholinesterase,2v96,CFQ,1536,1,B,4309,C12,83.669,53.198,80.543,2.415
Acetylcholinesterase,2v96,CFQ,1536,1,B,4310,N2,86.604,53.292,77.987,0.0
Acetylcholinesterase,2v96,CFQ,1536,1,B,4311,O2,87.767,52.985,77.963,0.0
Acetylcholinesterase,2v96,CFQ,1536,1,B,4312,O3,86.176,53.776,76.967,0.0
Acetylcholinesterase,2v96,CFQ,1536,1,B,4313,F1,83.062,52.181,76.798,0.0
Acetylcholinesterase,2v96,CFQ,1536,1,B,4314,F2,81.556,52.813,78.184,4.14
Acetylcholinesterase,2v96,CFQ,1536,1,B,4315,F3,81.914,53.961,76.414,7.246
Acetylcholinesterase,2v96,CFQ,1537,1,B,4316,AS,92.808,46.532,82.277,0.0
Acetylcholinesterase,2v96,CFQ,1537,1,B,4317,C1,93.796,48.273,81.264,0.0
Acetylcholinesterase,2v96,CFQ,1537,1,B,4318,C2,94.387,45.025,82.754,0.0
Acetylcholinesterase,2v96,CFQ,1537,1,B,4319,C3,91.918,47.267,84.204,3.623
Acetylcholinesterase,2v96,CFQ,1537,1,B,4320,C4,91.266,45.643,80.966,0.0
Acetylcholinesterase,2v96,CFQ,1537,1,B,4321,C5,89.995,46.491,81.015,0.0
Acetylcholinesterase,2v96,CFQ,1537,1,B,4322,O1,90.295,47.88,81.346,0.0
Acetylcholinesterase,2v96,CFQ,1537,1,B,4323,C6,89.963,48.912,80.378,0.0
Acetylcholinesterase,2v96,CFQ,1537,1,B,4324,C14,90.584,50.285,80.782,0.0
Acetylcholinesterase,2v96,CFQ,1537,1,B,4325,C7,88.386,48.88,80.182,0.0
Acetylcholinesterase,2v96,CFQ,1537,1,B,4326,C8,87.382,48.897,81.255,0.0
Acetylcholinesterase,2v96,CFQ,1537,1,B,4327,C9,86.001,48.87,80.872,0.0
Acetylcholinesterase,2v96,CFQ,1537,1,B,4328,C10,85.628,48.833,79.523,0.0
Acetylcholinesterase,2v96,CFQ,1537,1,B,4329,C11,86.58,48.815,78.516,0.0
Acetylcholinesterase,2v96,CFQ,1537,1,B,4330,C12,87.926,48.834,78.835,0.0
Acetylcholinesterase,2v96,CFQ,1537,1,B,4331,N2,87.62,48.95,82.761,0.0
Acetylcholinesterase,2v96,CFQ,1537,1,B,4332,O2,86.693,48.978,83.561,5.357
Acetylcholinesterase,2v96,CFQ,1537,1,B,4333,O3,88.732,48.977,83.252,5.357
Acetylcholinesterase,2v96,CFQ,1537,1,B,4334,F1,90.963,50.346,82.049,0.0
Acetylcholinesterase,2v96,CFQ,1537,1,B,4335,F2,91.669,50.582,80.073,0.0
Acetylcholinesterase,2v96,CFQ,1537,1,B,4336,F3,89.728,51.283,80.59,0.0
Acetylcholinesterase,2cmf,F11,1536,1,A,4173,C1,2.681,61.349,70.904,0.0
Acetylcholinesterase,2cmf,F11,1536,1,A,4174,C2,2.355,62.642,70.394,0.0
Acetylcholinesterase,2cmf,F11,1536,1,A,4175,C3,3.349,63.329,69.454,0.0
Acetylcholinesterase,2cmf,F11,1536,1,A,4176,C4,4.474,62.417,68.894,6.038
Acetylcholinesterase,2cmf,F11,1536,1,A,4177,C5,5.108,61.575,70.04,0.0
Acetylcholinesterase,2cmf,F11,1536,1,A,4178,C6,4.009,60.626,70.583,0.0
Acetylcholinesterase,2cmf,F11,1536,1,A,4179,N7,1.775,60.716,71.746,5.468
Acetylcholinesterase,2cmf,F11,1536,1,A,4180,C8,0.537,61.254,72.141,0.0
Acetylcholinesterase,2cmf,F11,1536,1,A,4181,C9,0.179,62.574,71.656,1.208
Acetylcholinesterase,2cmf,F11,1536,1,A,4182,C10,1.129,63.27,70.799,0.0
Acetylcholinesterase,2cmf,F11,1536,1,A,4183,N11,0.726,64.52,70.517,1.094
Acetylcholinesterase,2cmf,F11,1536,1,A,4184,C14,-1.118,63.083,72.08,4.831
Acetylcholinesterase,2cmf,F11,1536,1,A,4185,C15,-1.95,62.343,72.919,9.661
Acetylcholinesterase,2cmf,F11,1536,1,A,4186,C16,-1.558,61.038,73.401,25.36
Acetylcholinesterase,2cmf,F11,1536,1,A,4187,C17,-0.322,60.497,73.008,21.737
Acetylcholinesterase,2cmf,F11,1536,1,A,4188,C19,1.438,69.168,67.427,4.831
Acetylcholinesterase,2cmf,F11,1536,1,A,4189,C20,1.14,67.68,67.451,2.415
Acetylcholinesterase,2cmf,F11,1536,1,A,4190,C21,1.318,67.191,68.868,0.0
Acetylcholinesterase,2cmf,F11,1536,1,A,4191,C24,0.103,66.503,69.385,3.623
Acetylcholinesterase,2cmf,F11,1536,1,A,4192,C25,0.253,65.004,69.253,0.0
Acetylcholinesterase,2cmf,F11,1536,1,A,4193,C26,5.181,69.261,64.018,0.0
Acetylcholinesterase,2cmf,F11,1536,1,A,4194,C27,3.825,69.189,64.415,0.0
Acetylcholinesterase,2cmf,F11,1536,1,A,4195,C28,2.814,68.704,63.403,3.623
Acetylcholinesterase,2cmf,F11,1536,1,A,4196,C29,3.387,67.988,62.199,1.208
Acetylcholinesterase,2cmf,F11,1536,1,A,4197,C30,4.489,68.838,61.6,0.0
Acetylcholinesterase,2cmf,F11,1536,1,A,4198,C31,5.645,68.932,62.63,0.0
Acetylcholinesterase,2cmf,F11,1536,1,A,4199,N32,6.13,69.663,64.93,0.0
Acetylcholinesterase,2cmf,F11,1536,1,A,4200,C33,5.883,69.998,66.249,0.0
Acetylcholinesterase,2cmf,F11,1536,1,A,4201,C34,4.512,69.946,66.738,0.0
Acetylcholinesterase,2cmf,F11,1536,1,A,4202,C35,3.436,69.574,65.74,0.0
Acetylcholinesterase,2cmf,F11,1536,1,A,4203,N36,2.102,69.626,66.185,0.0
Acetylcholinesterase,2cmf,F11,1536,1,A,4204,C39,4.366,70.306,68.134,0.0
Acetylcholinesterase,2cmf,F11,1536,1,A,4205,C40,5.46,70.694,68.94,0.0
Acetylcholinesterase,2cmf,F11,1536,1,A,4206,C41,6.798,70.753,68.412,0.0
Acetylcholinesterase,2cmf,F11,1536,1,A,4207,C42,7.009,70.399,67.075,0.0
Acetylcholinesterase,6fqn,E2W,601,1,A,4273,C1,49.074,-29.074,27.051,2.415
Acetylcholinesterase,6fqn,E2W,601,1,A,4274,C10,52.412,-32.496,28.523,0.0
Acetylcholinesterase,6fqn,E2W,601,1,A,4275,C11,55.392,-30.802,25.975,1.208
Acetylcholinesterase,6fqn,E2W,601,1,A,4276,C12,55.86,-32.069,25.25,3.623
Acetylcholinesterase,6fqn,E2W,601,1,A,4277,C13,54.865,-32.642,24.227,6.038
Acetylcholinesterase,6fqn,E2W,601,1,A,4278,C14,53.44,-32.716,24.663,9.661
Acetylcholinesterase,6fqn,E2W,601,1,A,4279,C15,54.427,-28.033,28.849,9.661
Acetylcholinesterase,6fqn,E2W,601,1,A,4280,C16,55.951,-28.179,29.179,9.661
Acetylcholinesterase,6fqn,E2W,601,1,A,4281,C17,56.293,-28.725,30.6,28.983
Acetylcholinesterase,6fqn,E2W,601,1,A,4282,C18,55.878,-30.127,30.995,7.246
Acetylcholinesterase,6fqn,E2W,601,1,A,4283,C19,54.355,-30.392,30.859,3.623
Acetylcholinesterase,6fqn,E2W,601,1,A,4284,C2,49.889,-28.131,27.702,0.0
Acetylcholinesterase,6fqn,E2W,601,1,A,4285,C20,53.412,-29.758,31.693,24.153
Acetylcholinesterase,6fqn,E2W,601,1,A,4286,C21,52.047,-30.036,31.496,26.568
Acetylcholinesterase,6fqn,E2W,601,1,A,4287,C22,51.686,-30.918,30.484,1.208
Acetylcholinesterase,6fqn,E2W,601,1,A,4288,C23,52.703,-31.49,29.693,0.0
Acetylcholinesterase,6fqn,E2W,601,1,A,4289,C3,51.229,-28.231,27.658,0.0
Acetylcholinesterase,6fqn,E2W,601,1,A,4290,C4,51.852,-29.338,26.916,0.0
Acetylcholinesterase,6fqn,E2W,601,1,A,4291,C5,51.032,-30.263,26.266,0.0
Acetylcholinesterase,6fqn,E2W,601,1,A,4292,C6,49.666,-30.15,26.327,0.0
Acetylcholinesterase,6fqn,E2W,601,1,A,4293,C7,53.293,-29.491,26.857,0.0
Acetylcholinesterase,6fqn,E2W,601,1,A,4294,C8,53.801,-30.626,26.066,0.0
Acetylcholinesterase,6fqn,E2W,601,1,A,4295,C9,52.948,-31.487,25.461,0.0
Acetylcholinesterase,6fqn,E2W,601,1,A,4296,N10,51.56,-31.308,25.562,0.0
Acetylcholinesterase,6fqn,E2W,601,1,A,4297,N11,54.274,-28.575,27.439,0.0
Acetylcholinesterase,6fqn,E2W,601,1,A,4298,N24,53.987,-31.204,29.906,0.0
Acetylcholinesterase,6fqn,E2W,601,1,A,4299,N25,51.044,-33.019,28.462,0.0
Acetylcholinesterase,6fqn,E2W,601,1,A,4300,O25,50.966,-33.869,27.314,4.286
Acetylcholinesterase,6fqn,E2W,601,1,A,4301,O26,50.322,-31.231,30.241,13.929
Acetylcholinesterase,6fqn,E2W,601,1,A,4302,CL2,49.092,-26.793,28.567,41.148
Acetylcholinesterase,5nap,DZ7,611,1,A,4213,OAC,167.247,26.8,183.886,0.0
Acetylcholinesterase,5nap,DZ7,611,1,A,4214,CAU,167.189,28.03,184.032,0.0
Acetylcholinesterase,5nap,DZ7,611,1,A,4215,CAZ,166.198,28.738,184.674,0.0
Acetylcholinesterase,5nap,DZ7,611,1,A,4216,CAK,165.108,28.245,185.268,2.415
Acetylcholinesterase,5nap,DZ7,611,1,A,4217,CAY,164.181,29.081,185.878,1.208
Acetylcholinesterase,5nap,DZ7,611,1,A,4218,OAS,163.01,28.72,186.523,8.572
Acetylcholinesterase,5nap,DZ7,611,1,A,4219,CAB,162.579,27.342,186.388,22.945
Acetylcholinesterase,5nap,DZ7,611,1,A,4220,CAX,164.466,30.412,185.873,2.415
Acetylcholinesterase,5nap,DZ7,611,1,A,4221,OAR,163.477,31.083,186.478,5.357
Acetylcholinesterase,5nap,DZ7,611,1,A,4222,CAA,163.651,32.504,186.519,18.114
Acetylcholinesterase,5nap,DZ7,611,1,A,4223,CAJ,165.64,30.91,185.217,4.831
Acetylcholinesterase,5nap,DZ7,611,1,A,4224,CAW,166.499,30.071,184.598,0.0
Acetylcholinesterase,5nap,DZ7,611,1,A,4225,CAP,167.709,30.191,183.936,3.623
Acetylcholinesterase,5nap,DZ7,611,1,A,4226,CAT,168.124,28.892,183.593,0.0
Acetylcholinesterase,5nap,DZ7,611,1,A,4227,CAD,169.28,28.548,182.943,0.0
Acetylcholinesterase,5nap,DZ7,611,1,A,4228,CBA,170.485,29.3,182.329,0.0
Acetylcholinesterase,5nap,DZ7,611,1,A,4229,CAM,170.57,28.819,180.856,7.246
Acetylcholinesterase,5nap,DZ7,611,1,A,4230,CAO,171.865,29.216,180.27,2.415
Acetylcholinesterase,5nap,DZ7,611,1,A,4231,CAL,170.494,30.776,182.407,2.415
Acetylcholinesterase,5nap,DZ7,611,1,A,4232,CAN,171.823,31.185,181.731,6.038
Acetylcholinesterase,5nap,DZ7,611,1,A,4233,NBB,171.924,30.702,180.31,0.0
Acetylcholinesterase,5nap,DZ7,611,1,A,4234,CAQ,173.111,31.285,179.582,0.0
Acetylcholinesterase,5nap,DZ7,611,1,A,4235,CAV,173.109,30.959,178.169,0.0
Acetylcholinesterase,5nap,DZ7,611,1,A,4236,CAH,172.273,31.705,177.302,6.038
Acetylcholinesterase,5nap,DZ7,611,1,A,4237,CAF,172.192,31.435,175.926,4.831
Acetylcholinesterase,5nap,DZ7,611,1,A,4238,CAE,172.951,30.376,175.423,1.208
Acetylcholinesterase,5nap,DZ7,611,1,A,4239,CAG,173.806,29.656,176.28,0.0
Acetylcholinesterase,5nap,DZ7,611,1,A,4240,CAI,173.89,29.931,177.646,0.0
Acetylcholinesterase,1eve,E20,2001,1,A,4297,C1,1.057,60.056,71.24,3.623
Acetylcholinesterase,1eve,E20,2001,1,A,4298,C2,0.188,61.079,71.628,2.415
Acetylcholinesterase,1eve,E20,2001,1,A,4299,C3,0.347,62.415,71.171,3.623
Acetylcholinesterase,1eve,E20,2001,1,A,4300,C4,1.447,62.72,70.27,0.0
Acetylcholinesterase,1eve,E20,2001,1,A,4301,C5,2.306,61.665,69.881,0.0
Acetylcholinesterase,1eve,E20,2001,1,A,4302,C6,2.14,60.371,70.362,6.038
Acetylcholinesterase,1eve,E20,2001,1,A,4303,C7,3.365,62.094,69.016,0.0
Acetylcholinesterase,1eve,E20,2001,1,A,4304,C8,3.086,63.59,68.74,0.0
Acetylcholinesterase,1eve,E20,2001,1,A,4305,C9,1.839,63.992,69.558,2.415
Acetylcholinesterase,1eve,E20,2001,1,A,4306,C10,4.105,64.576,69.245,0.0
Acetylcholinesterase,1eve,E20,2001,1,A,4307,C11,4.307,65.848,68.533,0.0
Acetylcholinesterase,1eve,E20,2001,1,A,4308,C12,5.006,65.637,67.195,3.623
Acetylcholinesterase,1eve,E20,2001,1,A,4309,C13,5.161,66.919,66.425,2.415
Acetylcholinesterase,1eve,E20,2001,1,A,4310,N14,3.854,67.635,66.237,2.187
Acetylcholinesterase,1eve,E20,2001,1,A,4311,C15,3.177,67.997,67.535,6.038
Acetylcholinesterase,1eve,E20,2001,1,A,4312,C16,3.004,66.708,68.39,1.208
Acetylcholinesterase,1eve,E20,2001,1,A,4313,C17,3.743,68.943,65.483,0.0
Acetylcholinesterase,1eve,E20,2001,1,A,4314,C18,3.992,68.847,63.988,1.208
Acetylcholinesterase,1eve,E20,2001,1,A,4315,C19,2.864,68.675,63.126,8.453
Acetylcholinesterase,1eve,E20,2001,1,A,4316,C20,3.052,68.432,61.723,2.415
Acetylcholinesterase,1eve,E20,2001,1,A,4317,C21,4.345,68.39,61.195,1.208
Acetylcholinesterase,1eve,E20,2001,1,A,4318,C22,5.479,68.598,62.046,0.0
Acetylcholinesterase,1eve,E20,2001,1,A,4319,C23,5.31,68.869,63.44,1.208
Acetylcholinesterase,1eve,E20,2001,1,A,4320,O24,4.325,61.375,68.615,2.143
Acetylcholinesterase,1eve,E20,2001,1,A,4321,O25,0.89,58.762,71.644,5.357
Acetylcholinesterase,1eve,E20,2001,1,A,4322,C26,1.842,57.647,71.265,12.076
Acetylcholinesterase,1eve,E20,2001,1,A,4323,O27,-0.925,61.025,72.321,4.286
Acetylcholinesterase,1eve,E20,2001,1,A,4324,C28,-1.434,59.862,72.928,31.398
Acetylcholinesterase,3zv7,NHG,1541,1,A,4291,CW2,4.849,65.338,62.598,0.0
Acetylcholinesterase,3zv7,NHG,1541,1,A,4292,CW3,4.04,66.336,63.13,0.0
Acetylcholinesterase,3zv7,NHG,1541,1,A,4293,CW7,3.884,67.807,62.745,0.0
Acetylcholinesterase,3zv7,NHG,1541,1,A,4294,CK2,3.427,67.978,61.294,4.831
Acetylcholinesterase,3zv7,NHG,1541,1,A,4295,CW9,5.169,68.579,63.045,0.0
Acetylcholinesterase,3zv7,NHG,1541,1,A,4296,CK1,5.061,68.662,64.566,2.415
Acetylcholinesterase,3zv7,NHG,1541,1,A,4297,NW2,3.682,69.15,64.71,1.094
Acetylcholinesterase,3zv7,NHG,1541,1,A,4298,CW8,2.888,68.324,63.785,1.208
Acetylcholinesterase,3zv7,NHG,1541,1,A,4299,NW1,2.405,67.109,64.46,10.936
Acetylcholinesterase,3zv7,NHG,1541,1,A,4300,CW4,3.11,66.03,64.121,0.0
Acetylcholinesterase,3zv7,NHG,1541,1,A,4301,CW5,2.996,64.714,64.556,3.623
Acetylcholinesterase,3zv7,NHG,1541,1,A,4302,CW6,3.803,63.713,64.027,0.0
Acetylcholinesterase,3zv7,NHG,1541,1,A,4303,CW1,4.738,64.027,63.047,0.0
Acetylcholinesterase,3zv7,NHG,1541,1,A,4304,OW1,5.57,63.068,62.557,0.0
Acetylcholinesterase,2c4h,AT3,1540,1,A,4550,N1,4.735,68.432,60.546,0.0
Acetylcholinesterase,2c4h,AT3,1540,1,A,4551,C2,4.308,68.799,61.909,10.869
Acetylcholinesterase,2c4h,AT3,1540,1,A,4552,C3,5.415,69.49,62.707,0.0
Acetylcholinesterase,2c4h,AT3,1540,1,A,4553,C5,6.855,69.663,65.092,0.0
Acetylcholinesterase,2c4h,AT3,1540,1,A,4554,O7,7.18,71.041,65.301,0.0
Acetylcholinesterase,2c4h,AT3,1540,1,A,4555,C6,7.893,68.582,65.386,0.0
Acetylcholinesterase,2c4h,AT3,1540,1,A,4556,C8,4.861,69.642,59.718,0.0
Acetylcholinesterase,2c4h,AT3,1540,1,A,4557,C9,3.706,67.564,59.961,3.623
Acetylcholinesterase,2c4h,AT3,1540,1,A,4558,C10,5.999,67.688,60.553,1.208
Acetylcholinesterase,2c4h,AT3,1540,1,A,4559,S24,5.262,69.21,64.489,9.008
Acetylcholinesterase,2c4h,AT3,1541,1,A,4560,N1,-1.144,61.242,72.119,0.0
Acetylcholinesterase,2c4h,AT3,1541,1,A,4561,C2,-0.682,62.174,71.067,0.0
Acetylcholinesterase,2c4h,AT3,1541,1,A,4562,C3,0.797,62.506,71.239,6.038
Acetylcholinesterase,2c4h,AT3,1541,1,A,4563,C5,1.97,63.972,69.27,0.0
Acetylcholinesterase,2c4h,AT3,1541,1,A,4564,O7,0.912,64.926,69.362,2.143
Acetylcholinesterase,2c4h,AT3,1541,1,A,4565,C6,3.326,64.389,68.697,1.208
Acetylcholinesterase,2c4h,AT3,1541,1,A,4566,C8,-0.245,60.082,72.218,32.606
Acetylcholinesterase,2c4h,AT3,1541,1,A,4567,C9,-1.209,61.927,73.416,41.059
Acetylcholinesterase,2c4h,AT3,1541,1,A,4568,C10,-2.489,60.769,71.774,12.076
Acetylcholinesterase,2c4h,AT3,1541,1,A,4569,S24,1.687,62.284,69.681,15.442
Acetylcholinesterase,6euc,RM0,604,1,A,4320,O1,61.569,160.788,188.296,16.072
Acetylcholinesterase,6euc,RM0,604,1,A,4321,C2,61.467,162.157,188.444,32.606
Acetylcholinesterase,6euc,RM0,604,1,A,4322,C3,60.843,162.834,187.218,18.114
Acetylcholinesterase,6euc,RM0,604,1,A,4323,N4,59.643,162.27,186.826,4.374
Acetylcholinesterase,6euc,RM0,604,1,A,4324,C5,59.696,160.887,186.764,2.415
Acetylcholinesterase,6euc,RM0,604,1,A,4325,C6,60.336,160.238,187.999,19.322
Acetylcholinesterase,6euc,RM0,604,1,A,4326,C7,59.306,162.726,185.683,3.623
Acetylcholinesterase,6euc,RM0,604,1,A,4327,C8,57.779,162.721,185.497,12.076
Acetylcholinesterase,6euc,RM0,604,1,A,4328,C9,57.399,163.392,184.174,4.831
Acetylcholinesterase,6euc,RM0,604,1,A,4329,C10,55.905,163.595,183.902,6.038
Acetylcholinesterase,6euc,RM0,604,1,A,4330,C11,55.793,164.766,182.903,8.453
Acetylcholinesterase,6euc,RM0,604,1,A,4331,C1,54.583,164.782,181.943,0.0
Acetylcholinesterase,6euc,RM0,604,1,A,4332,N5,54.762,164.411,180.674,0.0
Acetylcholinesterase,6euc,RM0,604,1,A,4333,C12,53.77,164.422,179.79,2.415
Acetylcholinesterase,6euc,RM0,604,1,A,4334,C13,52.506,164.828,180.192,4.831
Acetylcholinesterase,6euc,RM0,604,1,A,4335,C14,52.265,165.231,181.509,1.208
Acetylcholinesterase,6euc,RM0,604,1,A,4336,C15,53.34,165.208,182.409,1.208
Acetylcholinesterase,6euc,RM0,604,1,A,4337,O16,51.463,164.829,179.258,6.429
Acetylcholinesterase,6euc,RM0,604,1,A,4338,C17,54.015,163.987,178.341,4.831
Acetylcholinesterase,6euc,RM0,604,1,A,4339,N18,52.782,164.106,177.569,7.655
Acetylcholinesterase,6euc,RM0,604,1,A,4340,O19,52.989,164.275,176.163,6.429
Acetylcholinesterase,6g4m,DQ5,601,1,B,4253,C02,13.725,5.507,-7.364,15.699
Acetylcholinesterase,6g4m,DQ5,601,1,B,4254,C03,14.725,4.617,-8.158,28.983
Acetylcholinesterase,6g4m,DQ5,601,1,B,4255,C04,14.487,3.104,-7.847,8.453
Acetylcholinesterase,6g4m,DQ5,601,1,B,4256,C05,15.424,2.597,-6.726,24.153
Acetylcholinesterase,6g4m,DQ5,601,1,B,4257,C06,14.968,2.997,-5.304,2.415
Acetylcholinesterase,6g4m,DQ5,601,1,B,4258,C07,15.377,4.199,-4.741,18.114
Acetylcholinesterase,6g4m,DQ5,601,1,B,4259,C08,14.973,4.542,-3.471,18.114
Acetylcholinesterase,6g4m,DQ5,601,1,B,4260,C09,14.168,3.695,-2.753,3.623
Acetylcholinesterase,6g4m,DQ5,601,1,B,4261,C11,13.761,2.487,-3.317,3.623
Acetylcholinesterase,6g4m,DQ5,601,1,B,4262,C12,12.867,1.542,-2.514,2.415
Acetylcholinesterase,6g4m,DQ5,601,1,B,4263,C16,11.855,4.859,-5.594,0.0
Acetylcholinesterase,6g4m,DQ5,601,1,B,4264,C17,12.005,5.918,-4.596,0.0
Acetylcholinesterase,6g4m,DQ5,601,1,B,4265,C18,12.948,7.1,-4.763,6.038
Acetylcholinesterase,6g4m,DQ5,601,1,B,4266,C19,12.733,8.23,-3.753,10.869
Acetylcholinesterase,6g4m,DQ5,601,1,B,4267,C20,12.442,7.731,-2.348,21.737
Acetylcholinesterase,6g4m,DQ5,601,1,B,4268,C21,11.256,6.792,-2.29,8.453
Acetylcholinesterase,6g4m,DQ5,601,1,B,4269,C22,11.235,5.806,-3.437,0.0
Acetylcholinesterase,6g4m,DQ5,601,1,B,4270,C24,10.195,3.763,-4.152,0.0
Acetylcholinesterase,6g4m,DQ5,601,1,B,4271,C25,9.302,2.721,-3.908,1.208
Acetylcholinesterase,6g4m,DQ5,601,1,B,4272,C26,9.151,1.713,-4.85,0.0
Acetylcholinesterase,6g4m,DQ5,601,1,B,4273,C27,9.875,1.737,-6.026,1.208
Acetylcholinesterase,6g4m,DQ5,601,1,B,4274,C28,10.769,2.788,-6.263,0.0
Acetylcholinesterase,6g4m,DQ5,601,1,B,4275,C29,10.932,3.8,-5.324,0.0
Acetylcholinesterase,6g4m,DQ5,601,1,B,4276,N01,12.551,4.762,-6.893,0.0
Acetylcholinesterase,6g4m,DQ5,601,1,B,4277,N13,11.824,0.962,-3.077,1.094
Acetylcholinesterase,6g4m,DQ5,601,1,B,4278,N15,14.164,2.149,-4.578,5.468
Acetylcholinesterase,6g4m,DQ5,601,1,B,4279,N23,10.345,4.761,-3.208,4.374
Acetylcholinesterase,6g4m,DQ5,601,1,B,4280,O10,13.744,4.035,-1.439,26.786
Acetylcholinesterase,6g4m,DQ5,601,1,B,4281,O14,10.835,0.453,-2.278,2.143
Acetylcholinesterase,6g4m,DQ5,602,1,B,4282,C02,5.176,-3.807,-7.344,3.623
Acetylcholinesterase,6g4m,DQ5,602,1,B,4283,C03,6.579,-3.44,-7.857,1.208
Acetylcholinesterase,6g4m,DQ5,602,1,B,4284,C04,6.643,-1.904,-8.101,3.623
Acetylcholinesterase,6g4m,DQ5,602,1,B,4285,C05,7.89,-1.349,-7.406,0.0
Acetylcholinesterase,6g4m,DQ5,602,1,B,4286,C06,7.632,-1.358,-5.895,0.0
Acetylcholinesterase,6g4m,DQ5,602,1,B,4287,C07,8.025,-2.44,-5.15,0.0
Acetylcholinesterase,6g4m,DQ5,602,1,B,4288,C08,7.822,-2.442,-3.8,0.0
Acetylcholinesterase,6g4m,DQ5,602,1,B,4289,C09,7.201,-1.418,-3.178,0.0
Acetylcholinesterase,6g4m,DQ5,602,1,B,4290,C11,6.792,-0.322,-3.924,1.208
Acetylcholinesterase,6g4m,DQ5,602,1,B,4291,C12,6.112,0.847,-3.214,1.208
Acetylcholinesterase,6g4m,DQ5,602,1,B,4292,C16,3.988,-5.952,-6.953,0.0
Acetylcholinesterase,6g4m,DQ5,602,1,B,4293,C17,2.566,-5.662,-6.873,0.0
Acetylcholinesterase,6g4m,DQ5,602,1,B,4294,C18,1.932,-4.529,-7.657,7.246
Acetylcholinesterase,6g4m,DQ5,602,1,B,4295,C19,0.408,-4.608,-7.693,2.415
Acetylcholinesterase,6g4m,DQ5,602,1,B,4296,C20,-0.171,-4.966,-6.343,2.415
Acetylcholinesterase,6g4m,DQ5,602,1,B,4297,C21,0.324,-6.308,-5.866,0.0
Acetylcholinesterase,6g4m,DQ5,602,1,B,4298,C22,1.81,-6.477,-6.053,0.0
Acetylcholinesterase,6g4m,DQ5,602,1,B,4299,C24,3.748,-7.809,-5.401,0.0
Acetylcholinesterase,6g4m,DQ5,602,1,B,4300,C25,4.288,-8.872,-4.67,0.0
Acetylcholinesterase,6g4m,DQ5,602,1,B,4301,C26,5.656,-9.134,-4.759,0.0
Acetylcholinesterase,6g4m,DQ5,602,1,B,4302,C27,6.481,-8.354,-5.565,0.0
Acetylcholinesterase,6g4m,DQ5,602,1,B,4303,C28,5.932,-7.299,-6.303,0.0
Acetylcholinesterase,6g4m,DQ5,602,1,B,4304,C29,4.566,-7.029,-6.209,0.0
Acetylcholinesterase,6g4m,DQ5,602,1,B,4305,N01,4.838,-5.138,-7.798,0.0
Acetylcholinesterase,6g4m,DQ5,602,1,B,4306,N13,6.73,1.465,-2.216,1.094
Acetylcholinesterase,6g4m,DQ5,602,1,B,4307,N15,7.01,-0.305,-5.274,0.0
Acetylcholinesterase,6g4m,DQ5,602,1,B,4308,N23,2.383,-7.526,-5.326,0.0
Acetylcholinesterase,6g4m,DQ5,602,1,B,4309,O10,7.001,-1.481,-1.776,0.0
Acetylcholinesterase,6g4m,DQ5,602,1,B,4310,O14,6.797,0.905,-0.964,0.0
Acetylcholinesterase,6g4p,JDS,604,1,B,4289,CL1,12.905,8.112,-5.045,44.888
Acetylcholinesterase,6g4p,JDS,604,1,B,4290,C01,8.73,2.933,-5.39,0.0
Acetylcholinesterase,6g4p,JDS,604,1,B,4291,N01,8.927,3.84,-4.431,0.0
Acetylcholinesterase,6g4p,JDS,604,1,B,4292,O01,9.627,0.777,-2.161,5.357
Acetylcholinesterase,6g4p,JDS,604,1,B,4293,C02,7.796,1.773,-5.029,4.831
Acetylcholinesterase,6g4p,JDS,604,1,B,4294,N02,11.265,4.006,-7.988,0.0
Acetylcholinesterase,6g4p,JDS,604,1,B,4295,O02,12.462,4.462,-2.091,21.429
Acetylcholinesterase,6g4p,JDS,604,1,B,4296,C03,7.585,0.715,-6.109,9.661
Acetylcholinesterase,6g4p,JDS,604,1,B,4297,N03,12.788,1.982,-4.721,0.0
Acetylcholinesterase,6g4p,JDS,604,1,B,4298,C04,8.902,0.397,-6.773,2.415
Acetylcholinesterase,6g4p,JDS,604,1,B,4299,N04,10.617,1.015,-3.014,0.0
Acetylcholinesterase,6g4p,JDS,604,1,B,4300,C05,9.419,1.662,-7.434,0.0
Acetylcholinesterase,6g4p,JDS,604,1,B,4301,C06,9.622,2.821,-6.534,0.0
Acetylcholinesterase,6g4p,JDS,604,1,B,4302,C07,9.904,4.802,-4.65,0.0
Acetylcholinesterase,6g4p,JDS,604,1,B,4303,C08,10.758,4.812,-5.759,0.0
Acetylcholinesterase,6g4p,JDS,604,1,B,4304,C09,10.645,3.763,-6.732,0.0
Acetylcholinesterase,6g4p,JDS,604,1,B,4305,C10,10.03,5.857,-3.702,0.0
Acetylcholinesterase,6g4p,JDS,604,1,B,4306,C11,10.943,6.845,-3.823,7.246
Acetylcholinesterase,6g4p,JDS,604,1,B,4307,C12,11.78,6.838,-4.915,0.0
Acetylcholinesterase,6g4p,JDS,604,1,B,4308,C13,11.715,5.851,-5.885,2.415
Acetylcholinesterase,6g4p,JDS,604,1,B,4309,C14,12.439,3.333,-8.6,2.415
Acetylcholinesterase,6g4p,JDS,604,1,B,4310,C15,13.819,3.832,-8.212,22.945
Acetylcholinesterase,6g4p,JDS,604,1,B,4311,C16,14.766,2.66,-7.823,30.191
Acetylcholinesterase,6g4p,JDS,604,1,B,4312,C17,14.383,1.77,-6.624,8.453
Acetylcholinesterase,6g4p,JDS,604,1,B,4313,C18,13.862,2.484,-5.399,3.623
Acetylcholinesterase,6g4p,JDS,604,1,B,4314,C19,14.499,3.671,-4.992,14.492
Acetylcholinesterase,6g4p,JDS,604,1,B,4315,C20,14.053,4.365,-3.884,15.699
Acetylcholinesterase,6g4p,JDS,604,1,B,4316,C21,12.972,3.857,-3.197,2.415
Acetylcholinesterase,6g4p,JDS,604,1,B,4317,C22,12.354,2.665,-3.642,1.208
Acetylcholinesterase,6g4p,JDS,604,1,B,4318,C23,11.228,2.142,-2.889,0.0
Acetylcholinesterase,6h14,FW8,610,1,A,4360,OBT,-13.82,171.4,51.529,26.786
Acetylcholinesterase,6h14,FW8,610,1,A,4361,OBT,-16.123,168.702,51.741,0.0
Acetylcholinesterase,6h14,FW8,610,1,A,4362,CBM,-13.077,170.494,51.152,4.831
Acetylcholinesterase,6h14,FW8,610,1,A,4363,CBM,-15.257,167.837,51.619,0.0
Acetylcholinesterase,6h14,FW8,610,1,A,4364,NBS,-12.479,170.451,49.969,1.094
Acetylcholinesterase,6h14,FW8,610,1,A,4365,NBS,-14.671,167.225,52.634,0.0
Acetylcholinesterase,6h14,FW8,610,1,A,4366,CBR,-12.52,171.347,48.804,20.53
Acetylcholinesterase,6h14,FW8,610,1,A,4367,CBR,-14.904,167.235,54.074,0.0
Acetylcholinesterase,6h14,FW8,610,1,A,4368,CBQ,-11.108,171.531,48.211,4.831
Acetylcholinesterase,6h14,FW8,610,1,A,4369,CBQ,-15.349,165.839,54.478,0.0
Acetylcholinesterase,6h14,FW8,610,1,A,4370,CBP,-10.365,170.191,48.109,2.415
Acetylcholinesterase,6h14,FW8,610,1,A,4371,CBP,-14.365,164.793,53.95,0.0
Acetylcholinesterase,6h14,FW8,610,1,A,4372,CBO,-10.256,169.563,49.506,0.0
Acetylcholinesterase,6h14,FW8,610,1,A,4373,CBO,-14.232,164.903,52.427,0.0
Acetylcholinesterase,6h14,FW8,610,1,A,4374,CBN,-11.676,169.236,49.965,7.246
Acetylcholinesterase,6h14,FW8,610,1,A,4375,CBN,-13.715,166.296,52.077,0.0
Acetylcholinesterase,6h14,FW8,610,1,A,4376,CBG,-11.819,168.707,51.268,2.415
Acetylcholinesterase,6h14,FW8,610,1,A,4377,CBG,-13.784,166.526,50.697,0.0
Acetylcholinesterase,6h14,FW8,610,1,A,4378,CBH,-12.703,169.477,51.928,2.415
Acetylcholinesterase,6h14,FW8,610,1,A,4379,CBH,-14.723,167.455,50.455,0.0
Acetylcholinesterase,6h14,FW8,610,1,A,4380,CBI,-13.047,169.211,53.186,20.53
Acetylcholinesterase,6h14,FW8,610,1,A,4381,CBI,-14.983,167.845,49.209,0.0
Acetylcholinesterase,6h14,FW8,610,1,A,4382,CBJ,-12.526,168.106,53.839,10.869
Acetylcholinesterase,6h14,FW8,610,1,A,4383,CBJ,-14.279,167.303,48.14,0.0
Acetylcholinesterase,6h14,FW8,610,1,A,4384,CBK,-11.639,167.289,53.157,8.453
Acetylcholinesterase,6h14,FW8,610,1,A,4385,CBK,-13.303,166.345,48.385,0.0
Acetylcholinesterase,6h14,FW8,610,1,A,4386,CBF,-11.305,167.61,51.844,2.415
Acetylcholinesterase,6h14,FW8,610,1,A,4387,CBF,-13.081,165.972,49.705,0.0
Acetylcholinesterase,6h14,FW8,610,1,A,4388,NBE,-10.453,166.927,51.065,6.562
Acetylcholinesterase,6h14,FW8,610,1,A,4389,NBE,-12.173,165.09,50.142,0.0
Acetylcholinesterase,6h14,FW8,610,1,A,4390,CBC,-9.626,165.932,51.462,1.208
Acetylcholinesterase,6h14,FW8,610,1,A,4391,CBC,-10.907,165.017,49.662,0.0
Acetylcholinesterase,6h14,FW8,610,1,A,4392,OBL,-9.591,165.484,52.61,8.572
Acetylcholinesterase,6h14,FW8,610,1,A,4393,OBL,-10.508,165.682,48.695,0.0
Acetylcholinesterase,6h14,FW8,610,1,A,4394,NBD,-8.871,165.458,50.443,3.281
Acetylcholinesterase,6h14,FW8,610,1,A,4395,NBD,-10.15,164.115,50.333,0.0
Acetylcholinesterase,6h14,FW8,610,1,A,4396,CAY,-7.907,164.516,50.488,0.0
Acetylcholinesterase,6h14,FW8,610,1,A,4397,CAY,-8.857,163.851,50.107,0.0
Acetylcholinesterase,6h14,FW8,610,1,A,4398,CAX,-7.54,163.716,51.583,0.0
Acetylcholinesterase,6h14,FW8,610,1,A,4399,CAX,-8.177,163.181,51.13,0.0
Acetylcholinesterase,6h14,FW8,610,1,A,4400,NBB,-7.222,164.402,49.332,1.094
Acetylcholinesterase,6h14,FW8,610,1,A,4401,NBB,-8.188,164.216,49.002,0.0
Acetylcholinesterase,6h14,FW8,610,1,A,4402,CAZ,-6.176,163.504,49.178,0.0
Acetylcholinesterase,6h14,FW8,610,1,A,4403,CAZ,-6.821,163.896,48.888,0.0
Acetylcholinesterase,6h14,FW8,610,1,A,4404,CBA,-5.806,162.707,50.241,0.0
Acetylcholinesterase,6h14,FW8,610,1,A,4405,CBA,-6.135,163.221,49.891,0.0
Acetylcholinesterase,6h14,FW8,610,1,A,4406,CAW,-6.48,162.807,51.45,0.0
Acetylcholinesterase,6h14,FW8,610,1,A,4407,CAW,-6.826,162.858,51.043,0.0
Acetylcholinesterase,6h14,FW8,610,1,A,4408,CAS,-6.059,161.994,52.421,0.0
Acetylcholinesterase,6h14,FW8,610,1,A,4409,CAS,-6.214,162.199,52.037,0.0
Acetylcholinesterase,6h14,FW8,610,1,A,4410,CAR,-6.785,161.419,53.378,2.415
Acetylcholinesterase,6h14,FW8,610,1,A,4411,CAR,-6.825,161.586,53.049,0.0
Acetylcholinesterase,6h14,FW8,610,1,A,4412,NAV,-4.797,161.608,52.556,2.187
Acetylcholinesterase,6h14,FW8,610,1,A,4413,NAV,-4.906,162.032,52.167,0.0
Acetylcholinesterase,6h14,FW8,610,1,A,4414,NAU,-4.738,160.844,53.563,2.187
Acetylcholinesterase,6h14,FW8,610,1,A,4415,NAU,-4.719,161.338,53.25,0.0
Acetylcholinesterase,6h14,FW8,610,1,A,4416,NAT,-5.907,160.699,54.079,0.0
Acetylcholinesterase,6h14,FW8,610,1,A,4417,NAT,-5.858,161.056,53.797,0.0
Acetylcholinesterase,6h14,FW8,610,1,A,4418,CAQ,-6.16,159.836,55.275,1.208
Acetylcholinesterase,6h14,FW8,610,1,A,4419,CAQ,-6.05,160.261,55.048,0.0
Acetylcholinesterase,6h14,FW8,610,1,A,4420,CAP,-4.818,159.375,55.822,7.246
Acetylcholinesterase,6h14,FW8,610,1,A,4421,CAP,-4.696,159.762,55.537,0.0
Acetylcholinesterase,6h14,FW8,610,1,A,4422,NAO,-4.68,157.907,55.874,1.094
Acetylcholinesterase,6h14,FW8,610,1,A,4423,NAO,-4.631,158.293,55.701,0.0
Acetylcholinesterase,6h14,FW8,610,1,A,4424,CAG,-3.913,157.122,55.074,0.0
Acetylcholinesterase,6h14,FW8,610,1,A,4425,CAG,-3.873,157.43,54.974,0.0
Acetylcholinesterase,6h14,FW8,610,1,A,4426,CAH,-2.509,157.256,54.946,0.0
Acetylcholinesterase,6h14,FW8,610,1,A,4427,CAH,-2.465,157.519,54.867,0.0
Acetylcholinesterase,6h14,FW8,610,1,A,4428,CAM,-1.762,158.261,55.614,6.038
Acetylcholinesterase,6h14,FW8,610,1,A,4429,CAM,-1.703,158.543,55.488,0.0
Acetylcholinesterase,6h14,FW8,610,1,A,4430,CAL,-0.267,157.966,55.649,2.415
Acetylcholinesterase,6h14,FW8,610,1,A,4431,CAL,-0.224,158.207,55.585,0.0
Acetylcholinesterase,6h14,FW8,610,1,A,4432,CAK,0.176,157.652,54.229,3.623
Acetylcholinesterase,6h14,FW8,610,1,A,4433,CAK,0.241,157.805,54.197,0.0
Acetylcholinesterase,6h14,FW8,610,1,A,4434,CAJ,-0.474,156.345,53.848,0.0
Acetylcholinesterase,6h14,FW8,610,1,A,4435,CAJ,-0.429,156.489,53.882,0.0
Acetylcholinesterase,6h14,FW8,610,1,A,4436,CAI,-1.863,156.349,54.08,0.0
Acetylcholinesterase,6h14,FW8,610,1,A,4437,CAI,-1.823,156.542,54.079,0.0
Acetylcholinesterase,6h14,FW8,610,1,A,4438,NAN,-2.567,155.395,53.449,0.0
Acetylcholinesterase,6h14,FW8,610,1,A,4439,NAN,-2.538,155.567,53.492,0.0
Acetylcholinesterase,6h14,FW8,610,1,A,4440,CAE,-3.894,155.254,53.58,0.0
Acetylcholinesterase,6h14,FW8,610,1,A,4441,CAE,-3.87,155.471,53.6,0.0
Acetylcholinesterase,6h14,FW8,610,1,A,4442,CAF,-4.599,156.116,54.401,0.0
Acetylcholinesterase,6h14,FW8,610,1,A,4443,CAF,-4.571,156.402,54.347,0.0
Acetylcholinesterase,6h14,FW8,610,1,A,4444,CAA,-5.975,155.974,54.543,0.0
Acetylcholinesterase,6h14,FW8,610,1,A,4445,CAA,-5.953,156.304,54.463,0.0
Acetylcholinesterase,6h14,FW8,610,1,A,4446,CAB,-6.651,154.967,53.857,0.0
Acetylcholinesterase,6h14,FW8,610,1,A,4447,CAB,-6.637,155.271,53.824,0.0
Acetylcholinesterase,6h14,FW8,610,1,A,4448,CAC,-5.939,154.101,53.032,0.0
Acetylcholinesterase,6h14,FW8,610,1,A,4449,CAC,-5.93,154.336,53.073,0.0
Acetylcholinesterase,6h14,FW8,610,1,A,4450,CAD,-4.562,154.242,52.897,0.0
Acetylcholinesterase,6h14,FW8,610,1,A,4451,CAD,-4.547,154.435,52.965,0.0
Acetylcholinesterase,7b8e,FWN,605,1,A,4277,O4,43.769,11.437,19.077,18.215
Acetylcholinesterase,7b8e,FWN,605,1,A,4278,C5,44.927,10.629,18.972,7.246
Acetylcholinesterase,7b8e,FWN,605,1,A,4279,C6,45.119,9.755,20.178,1.208
Acetylcholinesterase,7b8e,FWN,605,1,A,4280,O7,46.342,9.028,20.083,0.0
Acetylcholinesterase,7b8e,FWN,605,1,A,4281,C8,47.497,9.835,20.297,1.208
Acetylcholinesterase,7b8e,FWN,605,1,A,4282,C9,48.722,8.969,20.294,7.246
Acetylcholinesterase,7b8e,FWN,605,1,A,4283,O10,48.965,8.454,18.987,2.143
Acetylcholinesterase,7b8e,FWN,605,1,A,4284,C11,50.016,7.497,18.976,15.699
Acetylcholinesterase,7b8e,FWN,605,1,A,4285,C12,50.651,7.397,17.624,0.0
Acetylcholinesterase,7b8e,FWN,605,1,A,4286,O13,51.649,6.382,17.685,9.643
Acetylcholinesterase,7b8e,FWN,605,1,A,4287,C14,52.508,6.357,16.552,6.038
Acetylcholinesterase,7b8e,FWN,605,1,A,4288,C1,53.521,5.298,16.713,51.928
Acetylcholinesterase,2j3q,TFL,1538,1,A,4251,C2,-23.673,110.345,39.838,0.0
Acetylcholinesterase,2j3q,TFL,1538,1,A,4252,C3,-22.828,110.885,38.766,1.208
Acetylcholinesterase,2j3q,TFL,1538,1,A,4253,C4,-21.598,111.612,39.071,2.415
Acetylcholinesterase,2j3q,TFL,1538,1,A,4254,C5,-21.193,111.815,40.453,0.0
Acetylcholinesterase,2j3q,TFL,1538,1,A,4255,C6,-22.056,111.287,41.487,0.0
Acetylcholinesterase,2j3q,TFL,1538,1,A,4256,C7,-23.256,110.577,41.192,1.208
Acetylcholinesterase,2j3q,TFL,1538,1,A,4257,C8,-19.879,112.563,40.862,1.208
Acetylcholinesterase,2j3q,TFL,1538,1,A,4258,N1,-19.262,112.874,42.095,1.094
Acetylcholinesterase,2j3q,TFL,1538,1,A,4259,C9,-18.039,113.559,41.996,2.415
Acetylcholinesterase,2j3q,TFL,1538,1,A,4260,S1,-18.9,113.131,39.501,10.294
Acetylcholinesterase,2j3q,TFL,1538,1,A,4261,C10,-17.688,113.771,40.545,1.208
Acetylcholinesterase,2j3q,TFL,1538,1,A,4262,C11,-16.48,114.436,40.154,7.246
Acetylcholinesterase,2j3q,TFL,1538,1,A,4263,C12,-15.58,114.89,41.187,3.623
Acetylcholinesterase,2j3q,TFL,1538,1,A,4264,C13,-15.903,114.689,42.575,18.114
Acetylcholinesterase,2j3q,TFL,1538,1,A,4265,C14,-17.102,114.036,42.965,9.661
Acetylcholinesterase,2j3q,TFL,1538,1,A,4266,O3,-14.283,115.593,40.838,33.215
Acetylcholinesterase,2j3q,TFL,1538,1,A,4267,N2,-24.909,109.578,39.579,0.0
Acetylcholinesterase,2j3q,TFL,1538,1,A,4268,C15,-25.391,109.278,38.209,12.076
Acetylcholinesterase,2j3q,TFL,1538,1,A,4269,C16,-25.723,109.046,40.7,14.492
Acetylcholinesterase,2j3q,TFL,1538,1,A,4270,C17,-19.852,112.527,43.422,3.623
Acetylcholinesterase,5nuu,9A5,611,1,A,4211,CAT,117.895,126.378,177.632,0.0
Acetylcholinesterase,5nuu,9A5,611,1,A,4212,CAP,116.741,126.947,176.83,2.415
Acetylcholinesterase,5nuu,9A5,611,1,A,4213,CAQ,116.526,128.416,177.072,2.415
Acetylcholinesterase,5nuu,9A5,611,1,A,4214,CAU,116.16,128.604,178.566,7.246
Acetylcholinesterase,5nuu,9A5,611,1,A,4215,CBE,117.043,127.931,179.437,1.208
Acetylcholinesterase,5nuu,9A5,611,1,A,4216,CBD,117.872,126.903,178.997,0.0
Acetylcholinesterase,5nuu,9A5,611,1,A,4217,NAW,118.705,126.33,179.883,0.0
Acetylcholinesterase,5nuu,9A5,611,1,A,4218,CBG,118.786,126.716,181.164,0.0
Acetylcholinesterase,5nuu,9A5,611,1,A,4219,CAK,119.681,126.082,182.006,0.0
Acetylcholinesterase,5nuu,9A5,611,1,A,4220,CBB,119.792,126.465,183.336,0.0
Acetylcholinesterase,5nuu,9A5,611,1,A,4221,CL,120.857,125.693,184.291,0.0
Acetylcholinesterase,5nuu,9A5,611,1,A,4222,CAF,119.037,127.503,183.829,0.0
Acetylcholinesterase,5nuu,9A5,611,1,A,4223,CAI,118.149,128.144,182.969,0.0
Acetylcholinesterase,5nuu,9A5,611,1,A,4224,CBJ,118.022,127.746,181.641,0.0
Acetylcholinesterase,5nuu,9A5,611,1,A,4225,CBF,117.14,128.346,180.765,0.0
Acetylcholinesterase,5nuu,9A5,611,1,A,4226,NAY,116.367,129.365,181.211,0.0
Acetylcholinesterase,5nuu,9A5,611,1,A,4227,CAS,114.96,129.162,181.578,3.623
Acetylcholinesterase,5nuu,9A5,611,1,A,4228,CAO,114.752,129.659,183.023,3.623
Acetylcholinesterase,5nuu,9A5,611,1,A,4229,CAM,113.234,129.54,183.268,2.415
Acetylcholinesterase,5nuu,9A5,611,1,A,4230,CAL,112.885,128.978,184.692,0.0
Acetylcholinesterase,5nuu,9A5,611,1,A,4231,CAN,112.075,127.662,184.507,2.415
Acetylcholinesterase,5nuu,9A5,611,1,A,4232,CAR,111.759,126.894,185.788,7.246
Acetylcholinesterase,5nuu,9A5,611,1,A,4233,NAX,110.71,127.609,186.523,1.094
Acetylcholinesterase,5nuu,9A5,611,1,A,4234,C,109.987,127.04,187.518,1.208
Acetylcholinesterase,5nuu,9A5,611,1,A,4235,O,110.155,125.876,187.915,16.072
Acetylcholinesterase,5nuu,9A5,611,1,A,4236,CA,108.912,128.01,188.107,3.623
Acetylcholinesterase,5nuu,9A5,611,1,A,4237,N,108.29,128.702,186.952,0.0
Acetylcholinesterase,5nuu,9A5,611,1,A,4238,CB,107.905,127.315,189.048,20.53
Acetylcholinesterase,5nuu,9A5,611,1,A,4239,CG,106.553,128.132,189.241,3.623
Acetylcholinesterase,5nuu,9A5,611,1,A,4240,CD2,106.33,129.477,189.391,3.623
Acetylcholinesterase,5nuu,9A5,611,1,A,4241,CE3,107.13,130.584,189.39,8.453
Acetylcholinesterase,5nuu,9A5,611,1,A,4242,CZ3,106.601,131.886,189.556,15.699
Acetylcholinesterase,5nuu,9A5,611,1,A,4243,CH2,105.218,132.052,189.712,24.153
Acetylcholinesterase,5nuu,9A5,611,1,A,4244,CZ2,104.428,130.886,189.707,12.076
Acetylcholinesterase,5nuu,9A5,611,1,A,4245,CE2,104.986,129.651,189.551,3.623
Acetylcholinesterase,5nuu,9A5,611,1,A,4246,NE1,104.423,128.431,189.518,13.123
Acetylcholinesterase,5nuu,9A5,611,1,A,4247,CD1,105.372,127.506,189.328,24.153
Acetylcholinesterase,6g4o,DQ5,604,1,A,4252,C02,12.132,3.334,-7.941,0.0
Acetylcholinesterase,6g4o,DQ5,604,1,A,4253,C03,13.414,4.09,-8.338,20.53
Acetylcholinesterase,6g4o,DQ5,604,1,A,4254,C04,14.659,3.173,-8.125,31.398
Acetylcholinesterase,6g4o,DQ5,604,1,A,4255,C05,14.45,2.066,-7.058,10.869
Acetylcholinesterase,6g4o,DQ5,604,1,A,4256,C06,14.181,2.666,-5.667,4.831
Acetylcholinesterase,6g4o,DQ5,604,1,A,4257,C07,14.774,3.858,-5.288,18.114
Acetylcholinesterase,6g4o,DQ5,604,1,A,4258,C08,14.51,4.383,-4.045,20.53
Acetylcholinesterase,6g4o,DQ5,604,1,A,4259,C09,13.672,3.73,-3.187,3.623
Acetylcholinesterase,6g4o,DQ5,604,1,A,4260,C11,13.074,2.534,-3.572,2.415
Acetylcholinesterase,6g4o,DQ5,604,1,A,4261,C12,12.146,1.811,-2.598,0.0
Acetylcholinesterase,6g4o,DQ5,604,1,A,4262,C16,10.348,3.896,-6.172,0.0
Acetylcholinesterase,6g4o,DQ5,604,1,A,4263,C17,10.387,4.855,-5.091,0.0
Acetylcholinesterase,6g4o,DQ5,604,1,A,4264,C18,11.247,6.094,-5.195,3.623
Acetylcholinesterase,6g4o,DQ5,604,1,A,4265,C19,11.159,7.046,-3.997,13.284
Acetylcholinesterase,6g4o,DQ5,604,1,A,4266,C20,10.78,6.415,-2.671,7.246
Acetylcholinesterase,6g4o,DQ5,604,1,A,4267,C21,9.576,5.507,-2.76,0.0
Acetylcholinesterase,6g4o,DQ5,604,1,A,4268,C22,9.629,4.597,-3.965,0.0
Acetylcholinesterase,6g4o,DQ5,604,1,A,4269,C24,8.78,2.524,-4.887,0.0
Acetylcholinesterase,6g4o,DQ5,604,1,A,4270,C25,7.969,1.398,-4.713,7.246
Acetylcholinesterase,6g4o,DQ5,604,1,A,4271,C26,7.891,0.445,-5.713,9.661
Acetylcholinesterase,6g4o,DQ5,604,1,A,4272,C27,8.616,0.625,-6.881,1.208
Acetylcholinesterase,6g4o,DQ5,604,1,A,4273,C28,9.421,1.756,-7.047,1.208
Acetylcholinesterase,6g4o,DQ5,604,1,A,4274,C29,9.519,2.718,-6.046,0.0
Acetylcholinesterase,6g4o,DQ5,604,1,A,4275,N01,11.153,4.223,-7.349,0.0
Acetylcholinesterase,6g4o,DQ5,604,1,A,4276,N13,10.889,1.549,-2.894,0.0
Acetylcholinesterase,6g4o,DQ5,604,1,A,4277,N15,13.33,2.014,-4.807,0.0
Acetylcholinesterase,6g4o,DQ5,604,1,A,4278,N23,8.839,3.458,-3.859,0.0
Acetylcholinesterase,6g4o,DQ5,604,1,A,4279,O10,13.409,4.262,-1.895,11.786
Acetylcholinesterase,6g4o,DQ5,604,1,A,4280,O14,10.051,1.022,-1.942,4.286
Acetylcholinesterase,2cek,N8T,600,1,A,4373,CBD,6.977,69.941,66.915,0.0
Acetylcholinesterase,2cek,N8T,600,1,A,4374,CBE,6.683,69.9,68.415,0.0
Acetylcholinesterase,2cek,N8T,600,1,A,4375,CAQ,5.237,70.317,68.69,0.0
Acetylcholinesterase,2cek,N8T,600,1,A,4376,CAP,4.282,69.287,68.084,0.0
Acetylcholinesterase,2cek,N8T,600,1,A,4377,CAO,4.571,69.063,66.598,0.0
Acetylcholinesterase,2cek,N8T,600,1,A,4378,CBC,5.837,69.345,66.086,0.0
Acetylcholinesterase,2cek,N8T,600,1,A,4379,NBB,6.103,69.181,64.782,0.0
Acetylcholinesterase,2cek,N8T,600,1,A,4380,CBA,5.175,68.759,63.916,0.0
Acetylcholinesterase,2cek,N8T,600,1,A,4381,CAZ,5.512,68.555,62.581,0.0
Acetylcholinesterase,2cek,N8T,600,1,A,4382,CAY,4.556,68.071,61.696,1.208
Acetylcholinesterase,2cek,N8T,600,1,A,4383,CAK,3.268,67.796,62.142,3.623
Acetylcholinesterase,2cek,N8T,600,1,A,4384,CAL,2.933,68.004,63.477,8.453
Acetylcholinesterase,2cek,N8T,600,1,A,4385,CAM,3.89,68.48,64.363,1.208
Acetylcholinesterase,2cek,N8T,600,1,A,4386,CAN,3.59,68.617,65.718,0.0
Acetylcholinesterase,2cek,N8T,600,1,A,4387,NAA,2.484,67.991,66.119,3.281
Acetylcholinesterase,2cek,N8T,600,1,A,4388,CAB,2.186,67.64,67.515,4.831
Acetylcholinesterase,2cek,N8T,600,1,A,4389,CAC,2.8,66.255,67.734,4.831
Acetylcholinesterase,2cek,N8T,600,1,A,4390,CAD,2.569,65.6,69.099,1.208
Acetylcholinesterase,2cek,N8T,600,1,A,4391,CAE,3.327,64.269,69.107,0.0
Acetylcholinesterase,2cek,N8T,600,1,A,4392,CAF,3.204,63.411,70.37,0.0
Acetylcholinesterase,2cek,N8T,600,1,A,4393,CAG,1.937,62.552,70.405,2.415
Acetylcholinesterase,2cek,N8T,600,1,A,4394,CAH,0.763,63.323,71.01,8.453
Acetylcholinesterase,2cek,N8T,600,1,A,4395,CAI,-0.527,62.501,71.026,1.208
Acetylcholinesterase,2cek,N8T,600,1,A,4396,SAJ,-0.424,60.947,71.989,12.868
Acetylcholinesterase,2cek,N8T,600,1,A,4397,CAU,-2.105,60.459,71.966,0.0
Acetylcholinesterase,2cek,N8T,600,1,A,4398,CAV,-2.725,60.067,73.148,0.0
Acetylcholinesterase,2cek,N8T,600,1,A,4399,CAW,-1.909,59.905,74.431,20.53
Acetylcholinesterase,2cek,N8T,600,1,A,4400,CAX,-2.806,59.759,75.664,33.814
Acetylcholinesterase,2cek,N8T,600,1,A,4401,CBL,-3.933,58.761,75.398,27.775
Acetylcholinesterase,2cek,N8T,600,1,A,4402,CBK,-4.876,59.326,74.334,13.284
Acetylcholinesterase,2cek,N8T,600,1,A,4403,CBJ,-4.077,59.73,73.094,0.0
Acetylcholinesterase,2cek,N8T,600,1,A,4404,NBI,-4.749,59.765,71.936,0.0
Acetylcholinesterase,2cek,N8T,600,1,A,4405,CBH,-4.163,60.122,70.783,0.0
Acetylcholinesterase,2cek,N8T,600,1,A,4406,CAT,-2.823,60.48,70.776,0.0
Acetylcholinesterase,2cek,N8T,600,1,A,4407,CAS,-2.197,60.813,69.579,0.0
Acetylcholinesterase,2cek,N8T,600,1,A,4408,CAR,-2.92,60.786,68.392,0.0
Acetylcholinesterase,2cek,N8T,600,1,A,4409,CBF,-4.262,60.429,68.4,0.0
Acetylcholinesterase,2cek,N8T,600,1,A,4410,CBG,-4.889,60.097,69.598,0.0
Acetylcholinesterase,5ehx,AE4,604,1,A,4278,C2,-52.231,29.546,164.537,53.136
Acetylcholinesterase,5ehx,AE4,604,1,A,4279,C3,-53.583,29.455,163.781,9.661
Acetylcholinesterase,5ehx,AE4,604,1,A,4280,O4,-53.907,30.717,163.092,7.5
Acetylcholinesterase,5ehx,AE4,604,1,A,4281,C5,-53.149,30.856,161.911,0.0
Acetylcholinesterase,5ehx,AE4,604,1,A,4282,C6,-52.831,32.309,161.406,14.492
Acetylcholinesterase,5ehx,AE4,604,1,A,4283,O7,-53.896,33.262,161.513,3.214
Acetylcholinesterase,5ehx,AE4,604,1,A,4284,C8,-53.609,34.55,160.902,1.208
Acetylcholinesterase,5ehx,AE4,604,1,A,4285,C9,-55.017,35.237,160.833,3.623
Acetylcholinesterase,5ehx,AE4,604,1,A,4286,C11,-56.409,36.935,159.912,0.0
Acetylcholinesterase,5ehx,AE4,604,1,A,4287,O10,-55.057,36.599,160.304,0.0
Acetylcholinesterase,5ehx,AE4,604,1,A,4288,C12,-56.537,36.504,158.417,7.246
Acetylcholinesterase,5ehx,AE4,604,1,A,4289,O13,-57.704,37.043,157.771,7.5
Acetylcholinesterase,5ehx,AE4,604,1,A,4290,C14,-57.54,38.221,156.981,0.0
Acetylcholinesterase,5ehx,AE4,604,1,A,4291,C15,-57.219,37.682,155.593,6.038
Acetylcholinesterase,5ehx,AE4,604,1,A,4292,O16,-57.058,38.771,154.658,0.0
Acetylcholinesterase,5ehx,AE4,604,1,A,4293,C17,-57.721,38.616,153.414,0.0
Acetylcholinesterase,5ehx,AE4,604,1,A,4294,C18,-57.341,37.319,152.636,3.623
Acetylcholinesterase,5ehx,AE4,604,1,A,4295,O19,-56.007,37.353,152.106,3.214
Acetylcholinesterase,2ckm,AA7,1536,1,A,4143,C1,-4.12,59.743,73.369,0.0
Acetylcholinesterase,2ckm,AA7,1536,1,A,4144,C2,-2.756,60.198,73.381,0.0
Acetylcholinesterase,2ckm,AA7,1536,1,A,4145,C3,-2.016,60.171,74.68,18.114
Acetylcholinesterase,2ckm,AA7,1536,1,A,4146,C4,-2.669,59.334,75.782,31.398
Acetylcholinesterase,2ckm,AA7,1536,1,A,4147,C5,-4.165,59.698,75.876,31.398
Acetylcholinesterase,2ckm,AA7,1536,1,A,4148,C6,-4.851,59.281,74.603,10.869
Acetylcholinesterase,2ckm,AA7,1536,1,A,4149,N7,-4.815,59.692,72.18,0.0
Acetylcholinesterase,2ckm,AA7,1536,1,A,4150,C8,-4.326,60.038,70.949,0.0
Acetylcholinesterase,2ckm,AA7,1536,1,A,4151,C9,-2.94,60.546,70.844,0.0
Acetylcholinesterase,2ckm,AA7,1536,1,A,4152,C10,-2.118,60.664,72.148,0.0
Acetylcholinesterase,2ckm,AA7,1536,1,A,4153,N11,-0.792,61.213,72.125,6.562
Acetylcholinesterase,2ckm,AA7,1536,1,A,4154,C14,-2.532,60.85,69.476,0.0
Acetylcholinesterase,2ckm,AA7,1536,1,A,4155,C15,-3.401,60.687,68.381,0.0
Acetylcholinesterase,2ckm,AA7,1536,1,A,4156,C16,-4.757,60.203,68.538,0.0
Acetylcholinesterase,2ckm,AA7,1536,1,A,4157,C17,-5.212,59.88,69.829,0.0
Acetylcholinesterase,2ckm,AA7,1536,1,A,4158,C19,1.552,67.339,66.825,1.208
Acetylcholinesterase,2ckm,AA7,1536,1,A,4159,C20,0.787,67.348,68.148,3.623
Acetylcholinesterase,2ckm,AA7,1536,1,A,4160,C21,1.307,66.342,69.167,0.0
Acetylcholinesterase,2ckm,AA7,1536,1,A,4161,C22,0.198,65.589,69.918,0.0
Acetylcholinesterase,2ckm,AA7,1536,1,A,4162,C23,0.659,64.173,70.25,3.623
Acetylcholinesterase,2ckm,AA7,1536,1,A,4163,C24,-0.357,63.415,71.078,4.831
Acetylcholinesterase,2ckm,AA7,1536,1,A,4164,C25,0.01,61.936,71.117,14.492
Acetylcholinesterase,2ckm,AA7,1536,1,A,4165,C26,5.067,68.809,64.034,0.0
Acetylcholinesterase,2ckm,AA7,1536,1,A,4166,C27,3.745,68.486,64.513,0.0
Acetylcholinesterase,2ckm,AA7,1536,1,A,4167,C28,2.767,67.858,63.494,8.453
Acetylcholinesterase,2ckm,AA7,1536,1,A,4168,C29,3.41,67.272,62.205,3.623
Acetylcholinesterase,2ckm,AA7,1536,1,A,4169,C30,4.334,68.311,61.588,0.0
Acetylcholinesterase,2ckm,AA7,1536,1,A,4170,C31,5.511,68.597,62.572,0.0
Acetylcholinesterase,2ckm,AA7,1536,1,A,4171,N32,5.982,69.321,64.925,0.0
Acetylcholinesterase,2ckm,AA7,1536,1,A,4172,C33,5.748,69.549,66.269,0.0
Acetylcholinesterase,2ckm,AA7,1536,1,A,4173,C34,4.452,69.255,66.808,0.0
Acetylcholinesterase,2ckm,AA7,1536,1,A,4174,C35,3.419,68.74,65.917,0.0
Acetylcholinesterase,2ckm,AA7,1536,1,A,4175,N36,2.232,68.635,66.577,0.0
Acetylcholinesterase,2ckm,AA7,1536,1,A,4176,C39,4.28,69.526,68.223,0.0
Acetylcholinesterase,2ckm,AA7,1536,1,A,4177,C40,5.315,70.055,68.993,0.0
Acetylcholinesterase,2ckm,AA7,1536,1,A,4178,C41,6.582,70.336,68.402,0.0
Acetylcholinesterase,2ckm,AA7,1536,1,A,4179,C42,6.791,70.079,67.049,0.0
Acetylcholinesterase,1ut6,A8N,1538,1,A,4210,C1,6.62,70.239,68.045,0.0
Acetylcholinesterase,1ut6,A8N,1538,1,A,4211,C2,5.356,69.925,68.626,0.0
Acetylcholinesterase,1ut6,A8N,1538,1,A,4212,C3,4.335,69.344,67.86,0.0
Acetylcholinesterase,1ut6,A8N,1538,1,A,4213,C4,4.506,69.039,66.452,0.0
Acetylcholinesterase,1ut6,A8N,1538,1,A,4214,C5,5.785,69.371,65.882,0.0
Acetylcholinesterase,1ut6,A8N,1538,1,A,4215,C6,6.833,69.97,66.697,0.0
Acetylcholinesterase,1ut6,A8N,1538,1,A,4216,C7,3.486,68.414,65.598,0.0
Acetylcholinesterase,1ut6,A8N,1538,1,A,4217,C8,3.75,68.222,64.205,0.0
Acetylcholinesterase,1ut6,A8N,1538,1,A,4218,C9,5.083,68.57,63.702,0.0
Acetylcholinesterase,1ut6,A8N,1538,1,A,4219,N10,6.055,69.112,64.509,0.0
Acetylcholinesterase,1ut6,A8N,1538,1,A,4220,N11,2.249,68.011,66.163,1.094
Acetylcholinesterase,1ut6,A8N,1538,1,A,4221,C13,2.721,67.725,63.179,6.038
Acetylcholinesterase,1ut6,A8N,1538,1,A,4222,C14,3.097,67.952,61.681,2.415
Acetylcholinesterase,1ut6,A8N,1538,1,A,4223,C15,4.551,67.458,61.423,1.208
Acetylcholinesterase,1ut6,A8N,1538,1,A,4224,C16,5.531,68.369,62.241,0.0
Acetylcholinesterase,1ut6,A8N,1538,1,A,4225,C17,1.983,66.659,66.723,2.415
Acetylcholinesterase,1ut6,A8N,1538,1,A,4226,C18,0.853,66.677,67.78,7.246
Acetylcholinesterase,1ut6,A8N,1538,1,A,4227,C19,1.214,65.905,69.073,0.0
Acetylcholinesterase,1ut6,A8N,1538,1,A,4228,C20,0.08,64.95,69.539,0.0
Acetylcholinesterase,1ut6,A8N,1538,1,A,4229,C21,0.585,63.549,69.935,9.661
Acetylcholinesterase,1ut6,A8N,1538,1,A,4230,C22,0.07,63.125,71.332,7.246
Acetylcholinesterase,1ut6,A8N,1538,1,A,4231,C23,-0.66,61.765,71.294,0.0
Acetylcholinesterase,1ut6,A8N,1538,1,A,4232,C24,-0.144,60.782,72.352,26.568
Acetylcholinesterase,1ut6,A8N,1538,1,A,4233,N25,-1.356,60.344,73.146,31.714
Acetylcholinesterase,1hbj,FBQ,1539,1,A,4259,N1,4.933,69.41,63.417,0.0
Acetylcholinesterase,1hbj,FBQ,1539,1,A,4260,C2,5.328,69.958,64.584,0.0
Acetylcholinesterase,1hbj,FBQ,1539,1,A,4261,C3,4.425,69.998,65.689,0.0
Acetylcholinesterase,1hbj,FBQ,1539,1,A,4262,C4,3.135,69.457,65.532,0.0
Acetylcholinesterase,1hbj,FBQ,1539,1,A,4263,C5,2.732,68.866,64.281,0.0
Acetylcholinesterase,1hbj,FBQ,1539,1,A,4264,C6,3.68,68.86,63.206,0.0
Acetylcholinesterase,1hbj,FBQ,1539,1,A,4265,C7,4.892,70.609,66.936,0.0
Acetylcholinesterase,1hbj,FBQ,1539,1,A,4266,C8,6.206,71.125,67.049,0.0
Acetylcholinesterase,1hbj,FBQ,1539,1,A,4267,C9,7.057,71.051,65.935,4.831
Acetylcholinesterase,1hbj,FBQ,1539,1,A,4268,C10,6.617,70.476,64.688,0.0
Acetylcholinesterase,1hbj,FBQ,1539,1,A,4269,N11,2.214,69.459,66.574,6.562
Acetylcholinesterase,1hbj,FBQ,1539,1,A,4270,C12,1.329,68.254,64.125,4.831
Acetylcholinesterase,1hbj,FBQ,1539,1,A,4271,S13,1.447,66.484,64.783,5.147
Acetylcholinesterase,1hbj,FBQ,1539,1,A,4272,C14,3.071,66.107,65.503,1.208
Acetylcholinesterase,1hbj,FBQ,1539,1,A,4273,C15,4.221,65.875,64.546,0.0
Acetylcholinesterase,1hbj,FBQ,1539,1,A,4274,C16,4.12,65.072,63.407,0.0
Acetylcholinesterase,1hbj,FBQ,1539,1,A,4275,C17,5.269,64.868,62.583,0.0
Acetylcholinesterase,1hbj,FBQ,1539,1,A,4276,C18,6.541,65.525,62.885,0.0
Acetylcholinesterase,1hbj,FBQ,1539,1,A,4277,C19,6.654,66.346,64.027,0.0
Acetylcholinesterase,1hbj,FBQ,1539,1,A,4278,C20,5.483,66.515,64.872,0.0
Acetylcholinesterase,1hbj,FBQ,1539,1,A,4279,C21,5.257,63.971,61.406,0.0
Acetylcholinesterase,1hbj,FBQ,1539,1,A,4280,C22,5.525,62.537,61.93,0.0
Acetylcholinesterase,1hbj,FBQ,1539,1,A,4281,F23,5.435,61.532,60.975,0.0
Acetylcholinesterase,1hbj,FBQ,1539,1,A,4282,F24,4.553,62.29,62.93,0.0
Acetylcholinesterase,1hbj,FBQ,1539,1,A,4283,F25,6.742,62.501,62.665,0.0
Acetylcholinesterase,1hbj,FBQ,1539,1,A,4284,O26,4.088,64.087,60.533,0.0
Acetylcholinesterase,1hbj,FBQ,1539,1,A,4285,F27,4.082,70.713,68.041,0.0
Acetylcholinesterase,1hbj,FBQ,1539,1,A,4286,C28,3.362,68.252,61.825,1.208
Acetylcholinesterase,6g4p,ELT,603,1,A,4273,P01,1.711,-1.039,52.007,0.0
Acetylcholinesterase,6g4p,ELT,603,1,A,4274,O02,2.139,-0.287,53.216,0.0
Acetylcholinesterase,6g4p,ELT,603,1,A,4275,N03,1.231,-0.144,50.743,0.0
Acetylcholinesterase,6g4p,ELT,603,1,A,4276,C04,1.69,1.206,50.643,0.0
Acetylcholinesterase,6g4p,ELT,603,1,A,4277,C05,1.399,-0.853,49.455,0.0
Acetylcholinesterase,6g4p,ELT,603,1,A,4278,O06,0.609,-2.115,52.415,0.0
Acetylcholinesterase,6g4p,ELT,603,1,A,4279,C07,-0.259,-1.793,53.473,12.076
Acetylcholinesterase,6g4p,ELT,603,1,A,4280,C08,-1.677,-1.619,52.966,21.737
Acetylcholinesterase,6g4n,E2W,603,1,A,4273,C1,-9.497,3.533,51.951,14.492
Acetylcholinesterase,6g4n,E2W,603,1,A,4274,C10,-14.189,5.031,50.368,14.492
Acetylcholinesterase,6g4n,E2W,603,1,A,4275,C11,-13.46,8.507,53.381,10.869
Acetylcholinesterase,6g4n,E2W,603,1,A,4276,C12,-14.012,9.507,52.433,27.775
Acetylcholinesterase,6g4n,E2W,603,1,A,4277,C13,-12.917,10.068,51.544,15.699
Acetylcholinesterase,6g4n,E2W,603,1,A,4278,C14,-12.128,8.948,50.821,19.322
Acetylcholinesterase,6g4n,E2W,603,1,A,4279,C15,-14.067,5.732,55.329,13.284
Acetylcholinesterase,6g4n,E2W,603,1,A,4280,C16,-14.233,4.592,56.395,15.699
Acetylcholinesterase,6g4n,E2W,603,1,A,4281,C17,-15.19,3.418,56.024,22.945
Acetylcholinesterase,6g4n,E2W,603,1,A,4282,C18,-15.865,3.441,54.642,25.36
Acetylcholinesterase,6g4n,E2W,603,1,A,4283,C19,-14.966,3.249,53.471,4.831
Acetylcholinesterase,6g4n,E2W,603,1,A,4284,C2,-9.975,3.379,53.255,0.0
Acetylcholinesterase,6g4n,E2W,603,1,A,4285,C20,-14.112,2.127,53.45,1.208
Acetylcholinesterase,6g4n,E2W,603,1,A,4286,C21,-13.261,1.951,52.373,0.0
Acetylcholinesterase,6g4n,E2W,603,1,A,4287,C22,-13.267,2.896,51.35,2.415
Acetylcholinesterase,6g4n,E2W,603,1,A,4288,C23,-14.149,4.016,51.43,1.208
Acetylcholinesterase,6g4n,E2W,603,1,A,4289,C3,-10.817,4.292,53.826,0.0
Acetylcholinesterase,6g4n,E2W,603,1,A,4290,C4,-11.224,5.423,53.095,0.0
Acetylcholinesterase,6g4n,E2W,603,1,A,4291,C5,-10.764,5.615,51.784,0.0
Acetylcholinesterase,6g4n,E2W,603,1,A,4292,C6,-9.882,4.636,51.228,8.453
Acetylcholinesterase,6g4n,E2W,603,1,A,4293,C7,-12.108,6.386,53.673,0.0
Acetylcholinesterase,6g4n,E2W,603,1,A,4294,C8,-12.526,7.456,52.876,0.0
Acetylcholinesterase,6g4n,E2W,603,1,A,4295,C9,-12.009,7.599,51.539,0.0
Acetylcholinesterase,6g4n,E2W,603,1,A,4296,N10,-11.135,6.713,51.01,5.468
Acetylcholinesterase,6g4n,E2W,603,1,A,4297,N11,-12.649,6.078,54.956,1.094
Acetylcholinesterase,6g4n,E2W,603,1,A,4298,N24,-14.972,4.187,52.477,10.936
Acetylcholinesterase,6g4n,E2W,603,1,A,4299,N25,-13.779,5.047,49.138,20.778
Acetylcholinesterase,6g4n,E2W,603,1,A,4300,O25,-13.162,3.966,48.657,9.643
Acetylcholinesterase,6g4n,E2W,603,1,A,4301,O26,-12.454,2.789,50.253,1.071
Acetylcholinesterase,6g4n,E2W,603,1,A,4302,CL2,-9.493,2.011,54.168,7.481
Acetylcholinesterase,7ait,8UK,601,1,A,4284,CAU,-0.557,48.167,54.294,0.0
Acetylcholinesterase,7ait,8UK,601,1,A,4285,CBL,0.072,49.451,54.841,0.0
Acetylcholinesterase,7ait,8UK,601,1,A,4286,CAV,-0.423,49.623,56.284,4.831
Acetylcholinesterase,7ait,8UK,601,1,A,4287,CAF,-0.212,50.575,54.041,0.0
Acetylcholinesterase,7ait,8UK,601,1,A,4288,CBA,-1.251,51.448,54.349,0.0
Acetylcholinesterase,7ait,8UK,601,1,A,4289,CAB,-1.438,52.553,53.502,1.208
Acetylcholinesterase,7ait,8UK,601,1,A,4290,CAT,-2.042,51.289,55.526,0.0
Acetylcholinesterase,7ait,8UK,601,1,A,4291,CBM,-1.915,49.896,56.217,3.623
Acetylcholinesterase,7ait,8UK,601,1,A,4292,CBI,-2.612,48.903,55.477,0.0
Acetylcholinesterase,7ait,8UK,601,1,A,4293,CBF,-1.954,48.097,54.537,0.0
Acetylcholinesterase,7ait,8UK,601,1,A,4294,NAW,-2.651,47.184,53.837,0.0
Acetylcholinesterase,7ait,8UK,601,1,A,4295,CBJ,-3.967,46.999,53.963,0.0
Acetylcholinesterase,7ait,8UK,601,1,A,4296,CAL,-4.584,46.019,53.18,0.0
Acetylcholinesterase,7ait,8UK,601,1,A,4297,CBC,-5.965,45.802,53.282,0.0
Acetylcholinesterase,7ait,8UK,601,1,A,4298,CL1,-6.773,44.624,52.317,0.0
Acetylcholinesterase,7ait,8UK,601,1,A,4299,CAH,-6.72,46.549,54.178,0.0
Acetylcholinesterase,7ait,8UK,601,1,A,4300,CAJ,-6.075,47.504,54.945,0.0
Acetylcholinesterase,7ait,8UK,601,1,A,4301,CBK,-4.703,47.764,54.873,0.0
Acetylcholinesterase,7ait,8UK,601,1,A,4302,CBH,-3.998,48.735,55.636,0.0
Acetylcholinesterase,7ait,8UK,601,1,A,4303,NAY,-4.578,49.569,56.543,1.094
Acetylcholinesterase,7ait,8UK,601,1,A,4304,CAQ,-5.911,49.534,57.153,2.415
Acetylcholinesterase,7ait,8UK,601,1,A,4305,CAO,-6.821,50.481,56.38,0.0
Acetylcholinesterase,7ait,8UK,601,1,A,4306,CAM,-6.152,51.855,56.359,3.623
Acetylcholinesterase,7ait,8UK,601,1,A,4307,CAN,-7.21,52.945,56.525,3.623
Acetylcholinesterase,7ait,8UK,601,1,A,4308,CAP,-8.397,52.625,55.631,0.0
Acetylcholinesterase,7ait,8UK,601,1,A,4309,CAR,-8.049,53.029,54.207,1.208
Acetylcholinesterase,7ait,8UK,601,1,A,4310,CBB,-8.427,54.495,54.01,0.0
Acetylcholinesterase,7ait,8UK,601,1,A,4311,OAC,-7.657,55.257,53.425,13.929
Acetylcholinesterase,7ait,8UK,601,1,A,4312,NAX,-9.622,54.858,54.509,0.0
Acetylcholinesterase,7ait,8UK,601,1,A,4313,CAS,-10.116,56.242,54.393,1.208
Acetylcholinesterase,7ait,8UK,601,1,A,4314,CBE,-10.64,56.455,53.116,3.623
Acetylcholinesterase,7ait,8UK,601,1,A,4315,CAK,-10.354,57.633,52.419,2.415
Acetylcholinesterase,7ait,8UK,601,1,A,4316,CAI,-11.459,55.483,52.541,9.661
Acetylcholinesterase,7ait,8UK,601,1,A,4317,CAG,-11.995,55.678,51.268,10.869
Acetylcholinesterase,7ait,8UK,601,1,A,4318,CBD,-11.705,56.849,50.574,7.246
Acetylcholinesterase,7ait,8UK,601,1,A,4319,OAD,-12.202,57.09,49.33,22.501
Acetylcholinesterase,7ait,8UK,601,1,A,4320,CBG,-10.889,57.827,51.144,6.038
Acetylcholinesterase,7ait,8UK,601,1,A,4321,OAZ,-10.651,58.954,50.401,2.143
Acetylcholinesterase,7ait,8UK,601,1,A,4322,CAA,-11.082,60.123,51.113,33.814
Acetylcholinesterase,1vxr,VX,999,1,A,4259,P1,5.411,64.031,61.589,0.0
Acetylcholinesterase,1vxr,VX,999,1,A,4260,O1,4.177,64.069,60.795,0.0
Acetylcholinesterase,1vxr,VX,999,1,A,4261,O2,5.332,64.905,62.716,0.0
Acetylcholinesterase,1vxr,VX,999,1,A,4262,C1,5.927,62.385,62.089,0.0
Acetylcholinesterase,1vxr,VX,999,1,A,4263,C2,4.17,65.102,63.571,14.492
Acetylcholinesterase,1vxr,VX,999,1,A,4264,C3,4.055,64.166,64.627,7.246
Acetylcholinesterase,7aiu,8UQ,605,1,B,4318,CAA,96.606,114.034,80.111,0.0
Acetylcholinesterase,7aiu,8UQ,605,1,B,4319,CAA,96.61,114.002,80.108,0.0
Acetylcholinesterase,7aiu,8UQ,605,1,B,4320,CAB,97.966,114.274,80.212,0.0
Acetylcholinesterase,7aiu,8UQ,605,1,B,4321,CAB,97.975,114.23,80.197,0.0
Acetylcholinesterase,7aiu,8UQ,605,1,B,4322,CAC,98.737,113.511,81.083,0.0
Acetylcholinesterase,7aiu,8UQ,605,1,B,4323,CAC,98.749,113.467,81.067,0.0
Acetylcholinesterase,7aiu,8UQ,605,1,B,4324,CAD,98.135,112.513,81.841,0.0
Acetylcholinesterase,7aiu,8UQ,605,1,B,4325,CAD,98.148,112.476,81.833,0.0
Acetylcholinesterase,7aiu,8UQ,605,1,B,4326,CAE,96.767,112.238,81.754,0.0
Acetylcholinesterase,7aiu,8UQ,605,1,B,4327,CAE,96.778,112.208,81.758,0.0
Acetylcholinesterase,7aiu,8UQ,605,1,B,4328,CAF,96.02,113.029,80.868,0.0
Acetylcholinesterase,7aiu,8UQ,605,1,B,4329,CAF,96.028,113.001,80.874,0.0
Acetylcholinesterase,7aiu,8UQ,605,1,B,4330,CAG,94.02,111.938,81.384,0.0
Acetylcholinesterase,7aiu,8UQ,605,1,B,4331,CAG,94.027,111.923,81.415,0.0
Acetylcholinesterase,7aiu,8UQ,605,1,B,4332,CAH,94.69,111.115,82.316,0.0
Acetylcholinesterase,7aiu,8UQ,605,1,B,4333,CAH,94.698,111.098,82.347,0.0
Acetylcholinesterase,7aiu,8UQ,605,1,B,4334,CAI,96.077,111.232,82.48,0.0
Acetylcholinesterase,7aiu,8UQ,605,1,B,4335,CAI,96.091,111.208,82.497,0.0
Acetylcholinesterase,7aiu,8UQ,605,1,B,4336,CAJ,93.892,110.152,82.875,0.0
Acetylcholinesterase,7aiu,8UQ,605,1,B,4337,CAJ,93.897,110.139,82.908,1.208
Acetylcholinesterase,7aiu,8UQ,605,1,B,4338,CAK,92.56,110.451,83.241,0.0
Acetylcholinesterase,7aiu,8UQ,605,1,B,4339,CAK,92.56,110.425,83.267,3.623
Acetylcholinesterase,7aiu,8UQ,605,1,B,4340,CAL,92.369,110.479,81.784,0.0
Acetylcholinesterase,7aiu,8UQ,605,1,B,4341,CAL,92.362,110.474,81.806,0.0
Acetylcholinesterase,7aiu,8UQ,605,1,B,4342,CAM,92.614,111.813,81.166,0.0
Acetylcholinesterase,7aiu,8UQ,605,1,B,4343,CAM,92.617,111.812,81.206,0.0
Acetylcholinesterase,7aiu,8UQ,605,1,B,4344,CAP,94.114,108.699,82.536,0.0
Acetylcholinesterase,7aiu,8UQ,605,1,B,4345,CAP,94.114,108.694,82.529,1.208
Acetylcholinesterase,7aiu,8UQ,605,1,B,4346,CAQ,93.256,108.433,81.394,0.0
Acetylcholinesterase,7aiu,8UQ,605,1,B,4347,CAQ,93.267,108.449,81.368,0.0
Acetylcholinesterase,7aiu,8UQ,605,1,B,4348,CAR,93.364,107.243,80.669,0.0
Acetylcholinesterase,7aiu,8UQ,605,1,B,4349,CAR,93.385,107.276,80.614,0.0
Acetylcholinesterase,7aiu,8UQ,605,1,B,4350,CAS,98.048,109.891,83.429,0.0
Acetylcholinesterase,7aiu,8UQ,605,1,B,4351,CAS,98.079,109.849,83.404,1.208
Acetylcholinesterase,7aiu,8UQ,605,1,B,4352,CAU,98.134,108.386,83.166,0.0
Acetylcholinesterase,7aiu,8UQ,605,1,B,4353,CAU,98.163,108.358,83.048,4.831
Acetylcholinesterase,7aiu,8UQ,605,1,B,4354,CAV,99.577,108.033,82.786,0.0
Acetylcholinesterase,7aiu,8UQ,605,1,B,4355,CAV,99.604,107.992,82.644,0.0
Acetylcholinesterase,7aiu,8UQ,605,1,B,4356,CAW,102.781,103.108,80.579,0.0
Acetylcholinesterase,7aiu,8UQ,605,1,B,4357,CAW,102.867,102.93,80.664,1.208
Acetylcholinesterase,7aiu,8UQ,605,1,B,4358,CAZ,102.354,101.671,78.658,0.0
Acetylcholinesterase,7aiu,8UQ,605,1,B,4359,CAZ,102.25,101.422,78.815,1.208
Acetylcholinesterase,7aiu,8UQ,605,1,B,4360,CBA,102.955,101.878,77.427,0.0
Acetylcholinesterase,7aiu,8UQ,605,1,B,4361,CBA,102.788,101.657,77.55,4.831
Acetylcholinesterase,7aiu,8UQ,605,1,B,4362,CBB,104.338,102.042,77.315,0.0
Acetylcholinesterase,7aiu,8UQ,605,1,B,4363,CBB,102.756,100.693,76.545,13.284
Acetylcholinesterase,7aiu,8UQ,605,1,B,4364,CBC,104.914,102.252,76.062,0.0
Acetylcholinesterase,7aiu,8UQ,605,1,B,4365,CBC,103.315,100.974,75.297,0.0
Acetylcholinesterase,7aiu,8UQ,605,1,B,4366,CBD,104.105,102.298,74.931,0.0
Acetylcholinesterase,7aiu,8UQ,605,1,B,4367,CBD,103.89,102.219,75.053,3.623
Acetylcholinesterase,7aiu,8UQ,605,1,B,4368,CBE,102.742,102.145,75.068,0.0
Acetylcholinesterase,7aiu,8UQ,605,1,B,4369,CBE,103.921,103.18,76.055,8.453
Acetylcholinesterase,7aiu,8UQ,605,1,B,4370,CBF,102.152,101.928,76.301,0.0
Acetylcholinesterase,7aiu,8UQ,605,1,B,4371,CBF,103.372,102.889,77.295,7.246
Acetylcholinesterase,7aiu,8UQ,605,1,B,4372,CBI,106.546,103.795,75.617,0.0
Acetylcholinesterase,7aiu,8UQ,605,1,B,4373,CBI,104.612,99.465,74.09,25.36
Acetylcholinesterase,7aiu,8UQ,605,1,B,4374,CBJ,102.655,104.518,81.144,0.0
Acetylcholinesterase,7aiu,8UQ,605,1,B,4375,CBJ,102.696,104.324,81.284,9.661
Acetylcholinesterase,7aiu,8UQ,605,1,B,4376,CBK,101.244,104.751,81.676,0.0
Acetylcholinesterase,7aiu,8UQ,605,1,B,4377,CBK,101.229,104.672,81.542,3.623
Acetylcholinesterase,7aiu,8UQ,605,1,B,4378,CBL,100.959,106.255,81.674,0.0
Acetylcholinesterase,7aiu,8UQ,605,1,B,4379,CBL,101.068,106.201,81.593,2.415
Acetylcholinesterase,7aiu,8UQ,605,1,B,4380,CBM,99.685,106.538,82.471,0.0
Acetylcholinesterase,7aiu,8UQ,605,1,B,4381,CBM,99.644,106.583,82.023,4.831
Acetylcholinesterase,7aiu,8UQ,605,1,B,4382,CBN,92.242,109.346,81.032,0.0
Acetylcholinesterase,7aiu,8UQ,605,1,B,4383,CBN,92.244,109.36,81.027,0.0
Acetylcholinesterase,7aiu,8UQ,605,1,B,4384,NAN,94.707,112.86,80.712,0.0
Acetylcholinesterase,7aiu,8UQ,605,1,B,4385,NAN,94.713,112.838,80.735,0.0
Acetylcholinesterase,7aiu,8UQ,605,1,B,4386,NAT,96.656,110.397,83.385,0.0
Acetylcholinesterase,7aiu,8UQ,605,1,B,4387,NAT,96.686,110.373,83.397,1.094
Acetylcholinesterase,7aiu,8UQ,605,1,B,4388,NAY,102.286,102.959,79.349,0.0
Acetylcholinesterase,7aiu,8UQ,605,1,B,4389,NAY,102.165,102.704,79.543,3.281
Acetylcholinesterase,7aiu,8UQ,605,1,B,4390,OAX,103.313,102.203,81.221,0.0
Acetylcholinesterase,7aiu,8UQ,605,1,B,4391,OAX,103.637,102.108,81.163,20.358
Acetylcholinesterase,7aiu,8UQ,605,1,B,4392,OBG,104.67,102.497,73.706,0.0
Acetylcholinesterase,7aiu,8UQ,605,1,B,4393,OBG,104.412,102.453,73.814,6.429
Acetylcholinesterase,7aiu,8UQ,605,1,B,4394,OBH,106.255,102.417,75.887,0.0
Acetylcholinesterase,7aiu,8UQ,605,1,B,4395,OBH,103.321,100.072,74.269,1.071
Acetylcholinesterase,7aiu,8UQ,605,1,B,4396,CL1,98.683,115.506,79.258,0.0
Acetylcholinesterase,7aiu,8UQ,605,1,B,4397,CL1,98.702,115.444,79.237,0.0
Acetylcholinesterase,2wg2,GD8,2540,1,A,4396,C7,5.508,68.7,63.014,0.0
Acetylcholinesterase,2wg2,GD8,2540,1,A,4397,C4,4.539,67.69,63.63,0.0
Acetylcholinesterase,2wg2,GD8,2540,1,A,4398,C6,5.214,66.967,64.793,10.869
Acetylcholinesterase,2wg2,GD8,2540,1,A,4399,C5,3.307,68.392,64.174,15.699
Acetylcholinesterase,2wg2,GD8,2540,1,A,4400,C2,4.118,66.686,62.539,1.208
Acetylcholinesterase,2wg2,GD8,2540,1,A,4401,C3,3.898,67.391,61.178,1.208
Acetylcholinesterase,2wg2,GD8,2540,1,A,4402,O2,5.0,65.284,62.436,1.071
Acetylcholinesterase,2wg2,GD8,2540,1,A,4403,P,5.203,63.883,61.633,0.0
Acetylcholinesterase,2wg2,GD8,2540,1,A,4404,C1,5.47,62.66,62.921,1.208
Acetylcholinesterase,2wg2,GD8,2540,1,A,4405,O1,3.975,63.575,60.841,0.0
Acetylcholinesterase,5nau,DZ0,611,1,A,4206,OAC,111.725,123.633,183.723,2.143
Acetylcholinesterase,5nau,DZ0,611,1,A,4207,CAU,111.778,124.835,183.777,0.0
Acetylcholinesterase,5nau,DZ0,611,1,A,4208,CAZ,110.873,125.617,184.321,0.0
Acetylcholinesterase,5nau,DZ0,611,1,A,4209,CAK,109.753,125.274,184.904,13.284
Acetylcholinesterase,5nau,DZ0,611,1,A,4210,CAY,108.924,126.237,185.408,12.076
Acetylcholinesterase,5nau,DZ0,611,1,A,4211,CAX,109.319,127.543,185.295,3.623
Acetylcholinesterase,5nau,DZ0,611,1,A,4212,OAR,108.549,128.553,185.785,2.143
Acetylcholinesterase,5nau,DZ0,611,1,A,4213,CAA,107.264,128.325,186.382,30.191
Acetylcholinesterase,5nau,DZ0,611,1,A,4214,CAJ,110.512,127.814,184.675,2.415
Acetylcholinesterase,5nau,DZ0,611,1,A,4215,CAW,111.273,126.853,184.197,0.0
Acetylcholinesterase,5nau,DZ0,611,1,A,4216,CAP,112.452,126.838,183.575,2.415
Acetylcholinesterase,5nau,DZ0,611,1,A,4217,CAT,112.75,125.576,183.32,0.0
Acetylcholinesterase,5nau,DZ0,611,1,A,4218,CAD,113.837,125.136,182.716,0.0
Acetylcholinesterase,5nau,DZ0,611,1,A,4219,CBA,115.014,125.902,182.144,0.0
Acetylcholinesterase,5nau,DZ0,611,1,A,4220,CAM,115.208,125.241,180.814,3.623
Acetylcholinesterase,5nau,DZ0,611,1,A,4221,CAO,116.395,125.815,180.135,3.623
Acetylcholinesterase,5nau,DZ0,611,1,A,4222,CAL,114.849,127.361,181.972,2.415
Acetylcholinesterase,5nau,DZ0,611,1,A,4223,CAN,116.034,127.939,181.17,9.661
Acetylcholinesterase,5nau,DZ0,611,1,A,4224,NBB,116.244,127.237,179.896,2.187
Acetylcholinesterase,5nau,DZ0,611,1,A,4225,CAQ,117.45,127.706,179.2,0.0
Acetylcholinesterase,5nau,DZ0,611,1,A,4226,CAV,117.424,127.457,177.84,0.0
Acetylcholinesterase,5nau,DZ0,611,1,A,4227,CAH,116.636,128.225,177.006,8.453
Acetylcholinesterase,5nau,DZ0,611,1,A,4228,CAF,116.577,128.009,175.65,4.831
Acetylcholinesterase,5nau,DZ0,611,1,A,4229,CAE,117.328,126.994,175.115,2.415
Acetylcholinesterase,5nau,DZ0,611,1,A,4230,CAG,118.124,126.238,175.947,0.0
Acetylcholinesterase,5nau,DZ0,611,1,A,4231,CAI,118.188,126.453,177.303,0.0
Acetylcholinesterase,1vot,HUP,999,1,A,4141,C1,1.096,69.169,60.667,0.0
Acetylcholinesterase,1vot,HUP,999,1,A,4142,O1,0.591,69.547,59.581,0.0
Acetylcholinesterase,1vot,HUP,999,1,A,4143,N1,2.43,68.847,60.736,0.0
Acetylcholinesterase,1vot,HUP,999,1,A,4144,C2,0.355,69.016,61.885,0.0
Acetylcholinesterase,1vot,HUP,999,1,A,4145,C3,0.971,68.614,63.025,2.415
Acetylcholinesterase,1vot,HUP,999,1,A,4146,C4,2.368,68.333,63.088,0.0
Acetylcholinesterase,1vot,HUP,999,1,A,4147,C5,3.088,68.437,61.898,0.0
Acetylcholinesterase,1vot,HUP,999,1,A,4148,C6,4.559,68.236,61.794,0.0
Acetylcholinesterase,1vot,HUP,999,1,A,4149,C7,5.125,67.577,63.086,0.0
Acetylcholinesterase,1vot,HUP,999,1,A,4150,C8,4.811,66.098,63.181,0.0
Acetylcholinesterase,1vot,HUP,999,1,A,4151,C9,6.478,69.819,64.722,0.0
Acetylcholinesterase,1vot,HUP,999,1,A,4152,C10,5.072,69.351,64.85,0.0
Acetylcholinesterase,1vot,HUP,999,1,A,4153,C11,4.54,68.311,64.266,0.0
Acetylcholinesterase,1vot,HUP,999,1,A,4154,C12,3.081,67.971,64.435,0.0
Acetylcholinesterase,1vot,HUP,999,1,A,4155,N2,2.461,68.705,65.557,10.936
Acetylcholinesterase,1vot,HUP,999,1,A,4156,C13,2.941,66.485,64.741,0.0
Acetylcholinesterase,1vot,HUP,999,1,A,4157,C14,3.819,65.604,63.929,0.0
Acetylcholinesterase,1vot,HUP,999,1,A,4158,C15,3.555,64.125,64.106,0.0
Acetylcholinesterase,1gqs,SAF,603,1,A,4274,C1,4.594,67.387,65.159,6.038
Acetylcholinesterase,1gqs,SAF,603,1,A,4275,C3,4.433,66.807,62.802,2.415
Acetylcholinesterase,1gqs,SAF,603,1,A,4276,C4,4.962,68.054,62.457,1.208
Acetylcholinesterase,1gqs,SAF,603,1,A,4277,C5,5.344,69.027,63.427,0.0
Acetylcholinesterase,1gqs,SAF,603,1,A,4278,C6,5.143,68.669,64.786,0.0
Acetylcholinesterase,1gqs,SAF,603,1,A,4279,O4,5.072,68.255,61.127,1.071
Acetylcholinesterase,1gqs,SAF,603,1,A,4280,N2,4.41,63.785,63.979,0.0
Acetylcholinesterase,1gqs,SAF,603,1,A,4281,C7,4.024,62.656,64.73,0.0
Acetylcholinesterase,1gqs,SAF,603,1,A,4282,C8,4.167,63.293,62.638,1.208
Acetylcholinesterase,1gqs,SAF,603,1,A,4283,C9,3.587,65.027,64.463,0.0
Acetylcholinesterase,1gqs,SAF,603,1,A,4284,C10,3.037,64.81,65.784,9.661
Acetylcholinesterase,1gqs,SAF,603,1,A,4285,C40,4.229,66.423,64.126,2.415
Acetylcholinesterase,2vjd,CCD,1539,1,B,4273,O7,94.274,52.305,81.111,0.0
Acetylcholinesterase,2vjd,CCD,1539,1,B,4274,C5,93.614,51.666,80.017,0.0
Acetylcholinesterase,2vjd,CCD,1539,1,B,4275,C6,92.85,52.679,79.158,0.0
Acetylcholinesterase,2vjd,CCD,1539,1,B,4276,C4,92.367,50.837,80.362,1.208
Acetylcholinesterase,2vjd,CCD,1539,1,B,4277,C3,92.57,49.831,81.502,0.0
Acetylcholinesterase,2vjd,CCD,1539,1,B,4278,C2,91.213,49.319,82.024,7.246
Acetylcholinesterase,2vjd,CCD,1539,1,B,4279,N1,91.069,48.006,82.7,0.0
Acetylcholinesterase,2vjd,CCD,1539,1,B,4280,C9,91.545,48.104,84.089,8.453
Acetylcholinesterase,2vjd,CCD,1539,1,B,4281,C10,89.638,47.654,82.768,8.453
Acetylcholinesterase,2vjd,CCD,1539,1,B,4282,C8,91.691,46.845,82.031,0.0
Acetylcholinesterase,2vjd,CCD,1540,1,B,4283,O7,83.111,52.976,80.592,7.5
Acetylcholinesterase,2vjd,CCD,1540,1,B,4284,C5,83.962,54.097,80.405,1.208
Acetylcholinesterase,2vjd,CCD,1540,1,B,4285,C6,85.272,53.89,79.65,7.246
Acetylcholinesterase,2vjd,CCD,1540,1,B,4286,C4,83.373,55.517,80.469,7.246
Acetylcholinesterase,2vjd,CCD,1540,1,B,4287,C3,82.473,55.762,81.695,0.0
Acetylcholinesterase,2vjd,CCD,1540,1,B,4288,C2,80.973,56.018,81.236,9.661
Acetylcholinesterase,2vjd,CCD,1540,1,B,4289,N1,80.472,57.456,81.06,0.0
Acetylcholinesterase,2vjd,CCD,1540,1,B,4290,C9,81.223,58.258,80.062,21.737
Acetylcholinesterase,2vjd,CCD,1540,1,B,4291,C10,79.106,57.404,80.543,49.513
Acetylcholinesterase,2vjd,CCD,1540,1,B,4292,C8,80.387,58.197,82.337,13.284
Acetylcholinesterase,6h12,FJK,619,1,B,4416,CAC,86.424,270.967,96.801,0.0
Acetylcholinesterase,6h12,FJK,619,1,B,4417,CAD,91.917,267.303,95.371,3.623
Acetylcholinesterase,6h12,FJK,619,1,B,4418,CAE,85.633,270.152,95.991,0.0
Acetylcholinesterase,6h12,FJK,619,1,B,4419,CAF,91.422,266.991,94.337,3.623
Acetylcholinesterase,6h12,FJK,619,1,B,4420,CAG,80.256,253.75,102.319,15.699
Acetylcholinesterase,6h12,FJK,619,1,B,4421,CAH,81.408,258.838,96.491,14.492
Acetylcholinesterase,6h12,FJK,619,1,B,4422,CAI,81.292,254.54,101.851,0.0
Acetylcholinesterase,6h12,FJK,619,1,B,4423,CAJ,79.158,254.359,102.921,10.869
Acetylcholinesterase,6h12,FJK,619,1,B,4424,CAK,82.099,260.018,96.238,10.869
Acetylcholinesterase,6h12,FJK,619,1,B,4425,CAL,87.795,270.721,96.91,0.0
Acetylcholinesterase,6h12,FJK,619,1,B,4426,CAM,91.515,268.304,95.854,0.0
Acetylcholinesterase,6h12,FJK,619,1,B,4427,CAN,86.259,269.112,95.303,0.0
Acetylcholinesterase,6h12,FJK,619,1,B,4428,CAO,90.278,266.779,94.396,3.623
Acetylcholinesterase,6h12,FJK,619,1,B,4429,CAP,83.15,259.818,98.391,7.246
Acetylcholinesterase,6h12,FJK,619,1,B,4430,CAQ,85.454,264.0,96.218,2.415
Acetylcholinesterase,6h12,FJK,619,1,B,4431,CAR,78.202,258.951,101.262,25.36
Acetylcholinesterase,6h12,FJK,619,1,B,4432,CAS,77.242,259.487,102.353,21.737
Acetylcholinesterase,6h12,FJK,619,1,B,4433,CAT,86.397,266.264,94.168,2.415
Acetylcholinesterase,6h12,FJK,619,1,B,4434,CAU,79.637,258.891,101.807,3.623
Acetylcholinesterase,6h12,FJK,619,1,B,4435,CAV,77.62,258.914,103.745,6.038
Acetylcholinesterase,6h12,FJK,619,1,B,4436,CAW,86.484,264.754,94.112,8.453
Acetylcholinesterase,6h12,FJK,619,1,B,4437,CAX,83.684,261.675,97.012,1.208
Acetylcholinesterase,6h12,FJK,619,1,B,4438,CAY,85.05,263.053,98.584,3.623
Acetylcholinesterase,6h12,FJK,619,1,B,4439,CBH,81.842,257.193,100.35,0.0
Acetylcholinesterase,6h12,FJK,619,1,B,4440,CBI,78.115,256.425,103.605,2.415
Acetylcholinesterase,6h12,FJK,619,1,B,4441,CBJ,82.972,260.504,97.204,2.415
Acetylcholinesterase,6h12,FJK,619,1,B,4442,CBK,85.903,263.491,97.366,0.0
Acetylcholinesterase,6h12,FJK,619,1,B,4443,CBL,82.472,258.634,98.633,0.0
Acetylcholinesterase,6h12,FJK,619,1,B,4444,CBM,81.159,255.907,102.028,0.0
Acetylcholinesterase,6h12,FJK,619,1,B,4445,CBN,79.094,255.677,103.09,1.208
Acetylcholinesterase,6h12,FJK,619,1,B,4446,CBO,88.319,267.782,94.757,0.0
Acetylcholinesterase,6h12,FJK,619,1,B,4447,CBP,80.067,256.473,102.597,0.0
Acetylcholinesterase,6h12,FJK,619,1,B,4448,CBQ,88.402,269.664,96.231,0.0
Acetylcholinesterase,6h12,FJK,619,1,B,4449,CBR,90.373,268.456,95.735,0.0
Acetylcholinesterase,6h12,FJK,619,1,B,4450,CBS,87.634,268.835,95.408,0.0
Acetylcholinesterase,6h12,FJK,619,1,B,4451,CBT,89.695,267.618,94.918,0.0
Acetylcholinesterase,6h12,FJK,619,1,B,4452,CBU,79.719,257.822,102.924,0.0
Acetylcholinesterase,6h12,FJK,619,1,B,4453,NAZ,81.608,258.16,97.709,0.0
Acetylcholinesterase,6h12,FJK,619,1,B,4454,NBA,87.238,263.431,97.317,2.187
Acetylcholinesterase,6h12,FJK,619,1,B,4455,NBB,87.592,263.865,96.186,2.187
Acetylcholinesterase,6h12,FJK,619,1,B,4456,NBC,89.728,269.459,96.362,0.0
Acetylcholinesterase,6h12,FJK,619,1,B,4457,NBD,87.712,266.909,93.932,1.094
Acetylcholinesterase,6h12,FJK,619,1,B,4458,NBE,82.711,258.075,99.828,2.187
Acetylcholinesterase,6h12,FJK,619,1,B,4459,NBF,82.09,256.734,101.583,0.0
Acetylcholinesterase,6h12,FJK,619,1,B,4460,NBV,78.397,257.712,103.504,0.0
Acetylcholinesterase,6h12,FJK,619,1,B,4461,NBW,86.537,264.212,95.485,0.0
Acetylcholinesterase,6h12,FJK,619,1,B,4462,OAA,80.818,256.834,99.764,9.643
Acetylcholinesterase,6h12,FJK,619,1,B,4463,OAB,77.036,255.99,104.009,31.072
Acetylcholinesterase,6h12,FJK,619,1,B,4464,OBG,83.767,262.469,98.226,2.143
Acetylcholinesterase,6g1u,E1K,605,1,B,4343,CAA,6.792,-61.352,-5.484,0.0
Acetylcholinesterase,6g1u,E1K,605,1,B,4344,CAB,6.963,-60.914,-6.913,0.0
Acetylcholinesterase,6g1u,E1K,605,1,B,4345,CAC,6.149,-59.664,-7.064,0.0
Acetylcholinesterase,6g1u,E1K,605,1,B,4346,CAD,4.822,-59.902,-6.696,0.0
Acetylcholinesterase,6g1u,E1K,605,1,B,4347,CAF,2.565,-59.241,-6.873,0.0
Acetylcholinesterase,6g1u,E1K,605,1,B,4348,CAG,1.611,-58.378,-7.395,1.208
Acetylcholinesterase,6g1u,E1K,605,1,B,4349,CAH,0.273,-58.551,-7.071,1.208
Acetylcholinesterase,6g1u,E1K,605,1,B,4350,CAI,-0.132,-59.58,-6.233,0.0
Acetylcholinesterase,6g1u,E1K,605,1,B,4351,CAJ,0.817,-60.446,-5.711,0.0
Acetylcholinesterase,6g1u,E1K,605,1,B,4352,CAK,2.159,-60.271,-6.035,0.0
Acetylcholinesterase,6g1u,E1K,605,1,B,4353,CAL,3.132,-61.112,-5.529,0.0
Acetylcholinesterase,6g1u,E1K,605,1,B,4354,CAM,4.469,-60.949,-5.836,0.0
Acetylcholinesterase,6g1u,E1K,605,1,B,4355,CAN,5.384,-61.849,-5.303,0.0
Acetylcholinesterase,6g1u,E1K,605,1,B,4356,CAP,4.269,-57.967,-8.081,4.831
Acetylcholinesterase,6g1u,E1K,605,1,B,4357,NAE,3.869,-59.079,-7.181,0.0
Acetylcholinesterase,6g1u,E1K,605,1,B,4358,NAO,2.782,-62.107,-4.723,0.0
Acetylcholinesterase,6g1u,E1K,605,1,B,4359,CLA,-0.871,-57.502,-7.71,1.247
Acetylcholinesterase,6g1u,E1K,606,1,B,4360,CAA,-0.285,-57.55,-8.38,1.208
Acetylcholinesterase,6g1u,E1K,606,1,B,4361,CAB,-0.71,-58.881,-7.882,0.0
Acetylcholinesterase,6g1u,E1K,606,1,B,4362,CAC,-0.037,-59.09,-6.567,0.0
Acetylcholinesterase,6g1u,E1K,606,1,B,4363,CAD,1.341,-59.126,-6.783,0.0
Acetylcholinesterase,6g1u,E1K,606,1,B,4364,CAF,3.41,-60.096,-6.164,0.0
Acetylcholinesterase,6g1u,E1K,606,1,B,4365,CAG,4.111,-60.994,-5.355,0.0
Acetylcholinesterase,6g1u,E1K,606,1,B,4366,CAH,5.49,-61.117,-5.499,0.0
Acetylcholinesterase,6g1u,E1K,606,1,B,4367,CAI,6.163,-60.341,-6.437,0.0
Acetylcholinesterase,6g1u,E1K,606,1,B,4368,CAJ,5.464,-59.445,-7.238,0.0
Acetylcholinesterase,6g1u,E1K,606,1,B,4369,CAK,4.086,-59.328,-7.096,0.0
Acetylcholinesterase,6g1u,E1K,606,1,B,4370,CAL,3.34,-58.455,-7.873,0.0
Acetylcholinesterase,6g1u,E1K,606,1,B,4371,CAM,1.955,-58.338,-7.736,0.0
Acetylcholinesterase,6g1u,E1K,606,1,B,4372,CAN,1.226,-57.457,-8.52,3.623
Acetylcholinesterase,6g1u,E1K,606,1,B,4373,CAP,1.365,-60.747,-5.087,0.0
Acetylcholinesterase,6g1u,E1K,606,1,B,4374,NAE,2.082,-59.962,-6.056,0.0
Acetylcholinesterase,6g1u,E1K,606,1,B,4375,NAO,3.986,-57.711,-8.767,7.655
Acetylcholinesterase,6g1u,E1K,606,1,B,4376,CLA,6.386,-62.216,-4.506,0.0
Acetylcholinesterase,6g1u,E1K,607,1,B,4377,CAA,9.218,-51.592,-4.25,13.284
Acetylcholinesterase,6g1u,E1K,607,1,B,4378,CAA,13.241,-44.983,-3.514,0.0
Acetylcholinesterase,6g1u,E1K,607,1,B,4379,CAB,9.105,-51.236,-5.719,4.831
Acetylcholinesterase,6g1u,E1K,607,1,B,4380,CAB,13.042,-44.845,-5.006,0.0
Acetylcholinesterase,6g1u,E1K,607,1,B,4381,CAC,10.317,-50.412,-6.096,0.0
Acetylcholinesterase,6g1u,E1K,607,1,B,4382,CAC,12.869,-46.231,-5.6,0.0
Acetylcholinesterase,6g1u,E1K,607,1,B,4383,CAD,10.525,-49.361,-5.196,0.0
Acetylcholinesterase,6g1u,E1K,607,1,B,4384,CAD,11.96,-47.022,-4.871,0.0
Acetylcholinesterase,6g1u,E1K,607,1,B,4385,CAF,11.615,-47.321,-4.74,0.0
Acetylcholinesterase,6g1u,E1K,607,1,B,4386,CAF,10.646,-48.98,-4.818,0.0
Acetylcholinesterase,6g1u,E1K,607,1,B,4387,CAG,12.478,-46.308,-5.145,3.623
Acetylcholinesterase,6g1u,E1K,607,1,B,4388,CAG,10.215,-50.13,-5.462,0.0
Acetylcholinesterase,6g1u,E1K,607,1,B,4389,CAH,12.736,-45.232,-4.3,0.0
Acetylcholinesterase,6g1u,E1K,607,1,B,4390,CAH,9.325,-50.987,-4.829,0.0
Acetylcholinesterase,6g1u,E1K,607,1,B,4391,CAI,12.148,-45.157,-3.041,7.246
Acetylcholinesterase,6g1u,E1K,607,1,B,4392,CAI,8.862,-50.695,-3.546,0.0
Acetylcholinesterase,6g1u,E1K,607,1,B,4393,CAJ,11.29,-46.17,-2.629,4.831
Acetylcholinesterase,6g1u,E1K,607,1,B,4394,CAJ,9.291,-49.54,-2.894,0.0
Acetylcholinesterase,6g1u,E1K,607,1,B,4395,CAK,11.029,-47.241,-3.483,0.0
Acetylcholinesterase,6g1u,E1K,607,1,B,4396,CAK,10.185,-48.689,-3.543,0.0
Acetylcholinesterase,6g1u,E1K,607,1,B,4397,CAL,10.183,-48.263,-3.103,0.0
Acetylcholinesterase,6g1u,E1K,607,1,B,4398,CAL,10.644,-47.531,-2.94,0.0
Acetylcholinesterase,6g1u,E1K,607,1,B,4399,CAM,9.92,-49.333,-3.934,0.0
Acetylcholinesterase,6g1u,E1K,607,1,B,4400,CAM,11.537,-46.68,-3.577,0.0
Acetylcholinesterase,6g1u,E1K,607,1,B,4401,CAN,9.044,-50.313,-3.471,13.284
Acetylcholinesterase,6g1u,E1K,607,1,B,4402,CAN,11.955,-45.517,-2.918,0.0
Acetylcholinesterase,6g1u,E1K,607,1,B,4403,CAP,12.006,-48.401,-6.9,9.661
Acetylcholinesterase,6g1u,E1K,607,1,B,4404,CAP,11.962,-48.523,-6.814,0.0
Acetylcholinesterase,6g1u,E1K,607,1,B,4405,NAE,11.358,-48.362,-5.559,0.0
Acetylcholinesterase,6g1u,E1K,607,1,B,4406,NAE,11.509,-48.159,-5.445,0.0
Acetylcholinesterase,6g1u,E1K,607,1,B,4407,NAO,9.598,-48.225,-1.907,2.187
Acetylcholinesterase,6g1u,E1K,607,1,B,4408,NAO,10.216,-47.225,-1.714,0.0
Acetylcholinesterase,6g1u,E1K,607,1,B,4409,CLA,13.784,-43.989,-4.815,32.419
Acetylcholinesterase,6g1u,E1K,607,1,B,4410,CLA,8.805,-52.417,-5.661,0.0
Acetylcholinesterase,6g1u,E1K,608,1,B,4411,CAA,12.76,-48.243,-0.011,2.415
Acetylcholinesterase,6g1u,E1K,608,1,B,4412,CAB,14.171,-47.722,-0.095,20.53
Acetylcholinesterase,6g1u,E1K,608,1,B,4413,CAC,14.537,-47.569,-1.555,12.076
Acetylcholinesterase,6g1u,E1K,608,1,B,4414,CAD,14.176,-48.683,-2.33,2.415
Acetylcholinesterase,6g1u,E1K,608,1,B,4415,CAF,14.381,-49.784,-4.42,2.415
Acetylcholinesterase,6g1u,E1K,608,1,B,4416,CAG,14.919,-49.857,-5.711,10.869
Acetylcholinesterase,6g1u,E1K,608,1,B,4417,CAH,14.576,-50.943,-6.523,2.415
Acetylcholinesterase,6g1u,E1K,608,1,B,4418,CAI,13.725,-51.94,-6.069,2.415
Acetylcholinesterase,6g1u,E1K,608,1,B,4419,CAJ,13.199,-51.868,-4.792,1.208
Acetylcholinesterase,6g1u,E1K,608,1,B,4420,CAK,13.535,-50.793,-3.985,2.415
Acetylcholinesterase,6g1u,E1K,608,1,B,4421,CAL,13.015,-50.719,-2.714,2.415
Acetylcholinesterase,6g1u,E1K,608,1,B,4422,CAM,13.308,-49.67,-1.86,2.415
Acetylcholinesterase,6g1u,E1K,608,1,B,4423,CAN,12.761,-49.65,-0.578,3.623
Acetylcholinesterase,6g1u,E1K,608,1,B,4424,CAP,15.569,-47.685,-4.018,33.814
Acetylcholinesterase,6g1u,E1K,608,1,B,4425,NAE,14.668,-48.764,-3.582,0.0
Acetylcholinesterase,6g1u,E1K,608,1,B,4426,NAO,12.207,-51.697,-2.314,2.187
Acetylcholinesterase,6g1u,E1K,608,1,B,4427,CLA,15.147,-51.097,-8.101,49.876
Acetylcholinesterase,6g1v,E1N,604,1,B,4335,CAA,6.424,-59.657,-6.926,0.0
Acetylcholinesterase,6g1v,E1N,604,1,B,4336,CAB,5.033,-59.505,-6.835,0.0
Acetylcholinesterase,6g1v,E1N,604,1,B,4337,CAC,4.313,-60.275,-5.936,0.0
Acetylcholinesterase,6g1v,E1N,604,1,B,4338,CAD,4.961,-61.202,-5.125,0.0
Acetylcholinesterase,6g1v,E1N,604,1,B,4339,CAE,6.34,-61.357,-5.202,0.0
Acetylcholinesterase,6g1v,E1N,604,1,B,4340,CAF,7.076,-60.585,-6.112,0.0
Acetylcholinesterase,6g1v,E1N,604,1,B,4341,CAG,2.269,-59.275,-6.568,0.0
Acetylcholinesterase,6g1v,E1N,604,1,B,4342,CAH,2.921,-58.478,-7.505,0.0
Acetylcholinesterase,6g1v,E1N,604,1,B,4343,CAI,4.309,-58.607,-7.621,0.0
Acetylcholinesterase,6g1v,E1N,604,1,B,4344,CAJ,2.229,-57.532,-8.273,2.415
Acetylcholinesterase,6g1v,E1N,604,1,B,4345,CAK,0.749,-57.811,-8.348,3.623
Acetylcholinesterase,6g1v,E1N,604,1,B,4346,CAL,0.228,-57.999,-6.915,0.0
Acetylcholinesterase,6g1v,E1N,604,1,B,4347,CAM,0.868,-59.257,-6.364,0.0
Acetylcholinesterase,6g1v,E1N,604,1,B,4348,CAN,2.268,-60.974,-4.883,0.0
Acetylcholinesterase,6g1v,E1N,604,1,B,4349,CAR,2.389,-56.163,-7.55,0.0
Acetylcholinesterase,6g1v,E1N,604,1,B,4350,CAS,0.516,-56.907,-6.098,0.0
Acetylcholinesterase,6g1v,E1N,604,1,B,4351,CAT,1.584,-56.054,-6.367,0.0
Acetylcholinesterase,6g1v,E1N,604,1,B,4352,CAU,1.701,-54.977,-5.5,1.208
Acetylcholinesterase,6g1v,E1N,604,1,B,4353,CAV,3.13,-54.693,-5.097,2.415
Acetylcholinesterase,6g1v,E1N,604,1,B,4354,NAO,4.969,-57.84,-8.496,13.123
Acetylcholinesterase,6g1v,E1N,604,1,B,4355,NAQ,2.976,-60.148,-5.847,0.0
Acetylcholinesterase,6g1v,E1N,604,1,B,4356,CLA,7.123,-62.518,-4.082,0.0
Acetylcholinesterase,2vja,CCD,1540,1,A,4241,O7,89.561,53.584,22.259,0.0
Acetylcholinesterase,2vja,CCD,1540,1,A,4242,C5,90.251,52.994,23.366,0.0
Acetylcholinesterase,2vja,CCD,1540,1,A,4243,C6,90.948,54.023,24.261,0.0
Acetylcholinesterase,2vja,CCD,1540,1,A,4244,C4,91.591,52.307,23.079,2.415
Acetylcholinesterase,2vja,CCD,1540,1,A,4245,C3,91.409,51.223,22.017,0.0
Acetylcholinesterase,2vja,CCD,1540,1,A,4246,C2,92.745,50.615,21.569,6.038
Acetylcholinesterase,2vja,CCD,1540,1,A,4247,N1,92.753,49.528,20.567,0.0
Acetylcholinesterase,2vja,CCD,1540,1,A,4248,C9,92.336,49.941,19.216,7.246
Acetylcholinesterase,2vja,CCD,1540,1,A,4249,C10,94.165,49.15,20.396,7.246
Acetylcholinesterase,2vja,CCD,1540,1,A,4250,C8,92.006,48.321,20.971,0.0
Acetylcholinesterase,2vja,CCD,1541,1,A,4251,O7,100.508,54.181,20.962,3.214
Acetylcholinesterase,2vja,CCD,1541,1,A,4252,C5,100.113,54.413,22.338,0.0
Acetylcholinesterase,2vja,CCD,1541,1,A,4253,C6,99.706,53.217,23.184,4.831
Acetylcholinesterase,2vja,CCD,1541,1,A,4254,C4,100.504,55.716,23.075,15.699
Acetylcholinesterase,2vja,CCD,1541,1,A,4255,C3,101.063,56.785,22.144,0.0
Acetylcholinesterase,2vja,CCD,1541,1,A,4256,C2,102.64,56.821,22.195,1.208
Acetylcholinesterase,2vja,CCD,1541,1,A,4257,N1,103.331,58.183,22.237,0.0
Acetylcholinesterase,2vja,CCD,1541,1,A,4258,C9,103.084,59.015,21.015,8.453
Acetylcholinesterase,2vja,CCD,1541,1,A,4259,C10,103.011,58.989,23.459,36.229
Acetylcholinesterase,2vja,CCD,1541,1,A,4260,C8,104.789,57.961,22.284,42.267
Acetylcholinesterase,1dx6,GNT,602,1,A,4224,C1,2.47,67.534,63.201,1.208
Acetylcholinesterase,1dx6,GNT,602,1,A,4225,C2,2.598,67.907,61.941,3.623
Acetylcholinesterase,1dx6,GNT,602,1,A,4226,C3,3.918,68.153,61.266,0.0
Acetylcholinesterase,1dx6,GNT,602,1,A,4227,C4,5.161,68.164,62.244,0.0
Acetylcholinesterase,1dx6,GNT,602,1,A,4228,C41,5.012,67.152,63.403,0.0
Acetylcholinesterase,1dx6,GNT,602,1,A,4229,C42,3.648,67.206,64.164,0.0
Acetylcholinesterase,1dx6,GNT,602,1,A,4230,O5,5.171,65.776,62.885,0.0
Acetylcholinesterase,1dx6,GNT,602,1,A,4231,C6,4.54,63.558,63.792,0.0
Acetylcholinesterase,1dx6,GNT,602,1,A,4232,C7,3.682,62.914,64.714,0.0
Acetylcholinesterase,1dx6,GNT,602,1,A,4233,C8,2.801,63.643,65.507,6.038
Acetylcholinesterase,1dx6,GNT,602,1,A,4234,C9,1.746,65.788,66.326,3.623
Acetylcholinesterase,1dx6,GNT,602,1,A,4235,N10,2.382,66.888,67.106,2.187
Acetylcholinesterase,1dx6,GNT,602,1,A,4236,C11,2.516,68.16,66.343,0.0
Acetylcholinesterase,1dx6,GNT,602,1,A,4237,C12,3.703,68.15,65.376,0.0
Acetylcholinesterase,1dx6,GNT,602,1,A,4238,C13,4.444,64.975,63.733,0.0
Acetylcholinesterase,1dx6,GNT,602,1,A,4239,C14,3.544,65.71,64.547,1.208
Acetylcholinesterase,1dx6,GNT,602,1,A,4240,C15,2.702,65.054,65.451,2.415
Acetylcholinesterase,1dx6,GNT,602,1,A,4241,C16,5.406,61.807,62.379,0.0
Acetylcholinesterase,1dx6,GNT,602,1,A,4242,O17,5.607,62.956,63.147,0.0
Acetylcholinesterase,1dx6,GNT,602,1,A,4243,O18,4.113,67.129,60.323,0.0
Acetylcholinesterase,1dx6,GNT,602,1,A,4244,C19,1.647,67.09,68.404,10.869
Acetylcholinesterase,6h13,FJN,605,1,B,4345,CAA,-44.692,162.463,83.549,6.038
Acetylcholinesterase,6h13,FJN,605,1,B,4346,CAB,-46.193,162.736,83.665,2.415
Acetylcholinesterase,6h13,FJN,605,1,B,4347,CAC,-46.721,163.013,82.273,2.415
Acetylcholinesterase,6h13,FJN,605,1,B,4348,CAD,-46.119,164.33,81.824,0.0
Acetylcholinesterase,6h13,FJN,605,1,B,4349,CAE,-44.721,164.392,82.042,0.0
Acetylcholinesterase,6h13,FJN,605,1,B,4350,CAF,-44.029,163.508,82.883,0.0
Acetylcholinesterase,6h13,FJN,605,1,B,4351,CAG,-42.64,163.661,83.028,0.0
Acetylcholinesterase,6h13,FJN,605,1,B,4352,CAH,-41.957,164.706,82.37,0.0
Acetylcholinesterase,6h13,FJN,605,1,B,4353,CAI,-42.719,165.551,81.564,0.0
Acetylcholinesterase,6h13,FJN,605,1,B,4354,CAJ,-42.115,166.6,80.873,0.0
Acetylcholinesterase,6h13,FJN,605,1,B,4355,CAK,-40.745,166.832,80.971,0.0
Acetylcholinesterase,6h13,FJN,605,1,B,4356,CAL,-39.966,166.007,81.772,0.0
Acetylcholinesterase,6h13,FJN,605,1,B,4357,CAM,-40.582,164.969,82.461,0.0
Acetylcholinesterase,6h13,FJN,605,1,B,4358,CAO,-40.642,162.252,83.763,1.208
Acetylcholinesterase,6h13,FJN,605,1,B,4359,CAQ,-40.627,160.74,83.719,6.038
Acetylcholinesterase,6h13,FJN,605,1,B,4360,CAR,-39.977,159.542,80.469,0.0
Acetylcholinesterase,6h13,FJN,605,1,B,4361,CAS,-39.496,159.905,81.645,2.415
Acetylcholinesterase,6h13,FJN,605,1,B,4362,CAW,-39.151,159.022,79.317,1.208
Acetylcholinesterase,6h13,FJN,605,1,B,4363,CAX,-37.491,157.492,79.971,1.208
Acetylcholinesterase,6h13,FJN,605,1,B,4364,CAY,-36.88,156.233,80.157,1.208
Acetylcholinesterase,6h13,FJN,605,1,B,4365,CAZ,-36.152,155.925,81.311,9.661
Acetylcholinesterase,6h13,FJN,605,1,B,4366,CBA,-35.542,154.671,81.419,10.869
Acetylcholinesterase,6h13,FJN,605,1,B,4367,CBB,-36.348,154.046,79.253,2.415
Acetylcholinesterase,6h13,FJN,605,1,B,4368,CBC,-36.925,155.289,79.147,10.869
Acetylcholinesterase,6h13,FJN,605,1,B,4369,CBE,-35.628,152.255,77.997,6.038
Acetylcholinesterase,6h13,FJN,605,1,B,4370,CBI,-33.653,151.268,79.269,4.831
Acetylcholinesterase,6h13,FJN,605,1,B,4371,CBJ,-33.313,150.151,78.566,3.623
Acetylcholinesterase,6h13,FJN,605,1,B,4372,CBK,-32.216,149.448,78.948,1.208
Acetylcholinesterase,6h13,FJN,605,1,B,4373,CBL,-31.463,149.812,79.995,21.737
Acetylcholinesterase,6h13,FJN,605,1,B,4374,CBM,-31.765,150.93,80.752,35.021
Acetylcholinesterase,6h13,FJN,605,1,B,4375,CBN,-32.879,151.654,80.372,14.492
Acetylcholinesterase,6h13,FJN,605,1,B,4376,CBO,-32.043,148.406,78.122,3.623
Acetylcholinesterase,6h13,FJN,605,1,B,4377,CBP,-33.838,149.477,77.433,2.415
Acetylcholinesterase,6h13,FJN,605,1,B,4378,CBQ,-35.167,148.821,77.727,0.0
Acetylcholinesterase,6h13,FJN,605,1,B,4379,CBR,-35.627,148.058,76.47,0.0
Acetylcholinesterase,6h13,FJN,605,1,B,4380,CBS,-34.676,146.906,76.134,8.453
Acetylcholinesterase,6h13,FJN,605,1,B,4381,CBT,-33.237,147.441,76.017,13.284
Acetylcholinesterase,6h13,FJN,605,1,B,4382,CBX,-39.515,156.873,78.456,6.038
Acetylcholinesterase,6h13,FJN,605,1,B,4383,NAN,-44.04,165.375,81.429,0.0
Acetylcholinesterase,6h13,FJN,605,1,B,4384,NAP,-42.024,162.776,83.851,1.094
Acetylcholinesterase,6h13,FJN,605,1,B,4385,NAT,-40.583,160.253,82.328,0.0
Acetylcholinesterase,6h13,FJN,605,1,B,4386,NAU,-41.621,160.079,81.58,3.281
Acetylcholinesterase,6h13,FJN,605,1,B,4387,NAV,-41.296,159.65,80.465,2.187
Acetylcholinesterase,6h13,FJN,605,1,B,4388,NBD,-35.65,153.736,80.363,1.094
Acetylcholinesterase,6h13,FJN,605,1,B,4389,NBF,-36.492,153.258,78.184,2.187
Acetylcholinesterase,6h13,FJN,605,1,B,4390,NBH,-34.722,152.099,79.023,2.187
Acetylcholinesterase,6h13,FJN,605,1,B,4391,NBV,-32.946,148.377,77.151,0.0
Acetylcholinesterase,6h13,FJN,605,1,B,4392,NBW,-38.931,157.6,79.598,0.0
Acetylcholinesterase,6h13,FJN,605,1,B,4393,OBG,-35.738,151.595,76.963,4.286
Acetylcholinesterase,6h13,FJN,605,1,B,4394,OBU,-31.113,147.606,78.218,35.358
Acetylcholinesterase,1w76,GNT,1538,1,A,4147,C1,93.026,49.492,19.846,1.208
Acetylcholinesterase,1w76,GNT,1538,1,A,4148,C2,91.86,48.888,19.454,2.415
Acetylcholinesterase,1w76,GNT,1538,1,A,4149,C3,91.069,47.926,20.381,0.0
Acetylcholinesterase,1w76,GNT,1538,1,A,4150,C4,91.965,47.378,21.594,0.0
Acetylcholinesterase,1w76,GNT,1538,1,A,4151,C41,92.695,48.584,22.203,0.0
Acetylcholinesterase,1w76,GNT,1538,1,A,4152,C42,93.726,49.176,21.218,0.0
Acetylcholinesterase,1w76,GNT,1538,1,A,4153,O5,91.828,49.698,22.624,0.0
Acetylcholinesterase,1w76,GNT,1538,1,A,4154,C6,92.653,51.899,23.441,0.0
Acetylcholinesterase,1w76,GNT,1538,1,A,4155,C7,93.732,52.819,23.395,0.0
Acetylcholinesterase,1w76,GNT,1538,1,A,4156,C8,94.899,52.534,22.633,3.623
Acetylcholinesterase,1w76,GNT,1538,1,A,4157,C9,96.303,51.146,21.114,9.661
Acetylcholinesterase,1w76,GNT,1538,1,A,4158,N10,96.709,50.165,20.322,0.0
Acetylcholinesterase,1w76,GNT,1538,1,A,4159,C11,95.974,48.923,19.932,1.208
Acetylcholinesterase,1w76,GNT,1538,1,A,4160,C12,94.958,48.277,20.921,2.415
Acetylcholinesterase,1w76,GNT,1538,1,A,4161,C13,92.792,50.73,22.699,0.0
Acetylcholinesterase,1w76,GNT,1538,1,A,4162,C14,93.951,50.452,21.928,0.0
Acetylcholinesterase,1w76,GNT,1538,1,A,4163,C15,95.037,51.348,21.886,1.208
Acetylcholinesterase,1w76,GNT,1538,1,A,4164,C16,91.624,52.647,25.521,7.246
Acetylcholinesterase,1w76,GNT,1538,1,A,4165,O17,91.458,52.082,24.207,0.0
Acetylcholinesterase,1w76,GNT,1538,1,A,4166,O18,89.998,48.729,20.877,0.0
Acetylcholinesterase,1w76,GNT,1538,1,A,4167,C19,98.06,50.292,19.787,12.076
Acetylcholinesterase,1cfj,GB,999,1,A,4273,P1,5.458,63.397,60.783,0.0
Acetylcholinesterase,1cfj,GB,999,1,A,4274,O1,5.371,64.4,61.821,16.072
Acetylcholinesterase,1cfj,GB,999,1,A,4275,O2,4.206,63.37,60.019,0.0
Acetylcholinesterase,1cfj,GB,999,1,A,4276,C1,5.744,61.8,61.528,0.0
Acetylcholinesterase,5e4t,MBT,612,1,A,4218,C1,1.653,61.383,71.371,0.0
Acetylcholinesterase,5e4t,MBT,612,1,A,4219,C2,0.843,62.624,71.254,0.0
Acetylcholinesterase,5e4t,MBT,612,1,A,4220,S3,-0.621,62.688,71.886,3.86
Acetylcholinesterase,5e4t,MBT,612,1,A,4221,C4,-0.999,61.318,72.619,2.415
Acetylcholinesterase,5e4t,MBT,612,1,A,4222,C5,-0.033,60.197,72.622,3.623
Acetylcholinesterase,5e4t,MBT,612,1,A,4223,N6,1.189,60.285,72.023,7.655
Acetylcholinesterase,5e4t,MBT,612,1,A,4224,C7,-2.238,61.147,73.247,4.831
Acetylcholinesterase,5e4t,MBT,612,1,A,4225,C8,-2.617,59.958,73.903,3.623
Acetylcholinesterase,5e4t,MBT,612,1,A,4226,C9,-1.681,58.91,73.894,13.284
Acetylcholinesterase,5e4t,MBT,612,1,A,4227,C10,-0.436,59.035,73.269,24.153
Acetylcholinesterase,5e4t,MBT,612,1,A,4228,C11,1.359,63.726,70.571,0.0
Acetylcholinesterase,5e4t,MBT,612,1,A,4229,C12,2.648,63.696,69.996,0.0
Acetylcholinesterase,5e4t,MBT,612,1,A,4230,C13,3.401,62.509,70.121,0.0
Acetylcholinesterase,5e4t,MBT,612,1,A,4231,C14,2.914,61.382,70.791,7.246
Acetylcholinesterase,5e4t,MBT,612,1,A,4232,N15,-3.89,59.804,74.548,2.187
Acetylcholinesterase,5e4t,MBT,612,1,A,4233,C16,-4.905,60.862,74.589,32.606
Acetylcholinesterase,5e4t,MBT,612,1,A,4234,C17,-4.251,58.548,75.214,38.644
Acetylcholinesterase,5e4t,MBT,612,1,A,4235,N18,3.169,64.834,69.308,0.0
Acetylcholinesterase,5e4t,MBT,612,1,A,4236,C19,2.39,66.068,69.172,18.114
Acetylcholinesterase,5e4t,MBT,612,1,A,4237,C20,4.507,64.81,68.72,4.831
Acetylcholinesterase,2wg0,GB,2540,1,A,4327,P1,5.375,63.61,61.103,0.0
Acetylcholinesterase,2wg0,GB,2540,1,A,4328,O1,5.309,64.693,62.155,16.072
Acetylcholinesterase,2wg0,GB,2540,1,A,4329,O2,4.173,63.483,60.199,0.0
Acetylcholinesterase,2wg0,GB,2540,1,A,4330,C1,5.565,62.023,61.939,0.0
Acetylcholinesterase,5ei5,03S,603,1,A,4292,S10,168.224,26.882,174.923,0.0
Acetylcholinesterase,5ei5,03S,603,1,A,4293,O11,168.751,26.987,176.278,7.5
Acetylcholinesterase,5ei5,03S,603,1,A,4294,O12,168.286,28.287,174.485,2.143
Acetylcholinesterase,5ei5,03S,603,1,A,4295,C13,166.75,26.264,174.938,0.0
Acetylcholinesterase,6h12,FJK,626,1,A,4472,CAC,86.336,218.872,69.131,0.0
Acetylcholinesterase,6h12,FJK,626,1,A,4473,CAD,91.913,215.265,67.8,3.623
Acetylcholinesterase,6h12,FJK,626,1,A,4474,CAE,85.579,218.061,68.289,0.0
Acetylcholinesterase,6h12,FJK,626,1,A,4475,CAF,91.4,214.974,66.761,3.623
Acetylcholinesterase,6h12,FJK,626,1,A,4476,CAG,77.269,203.628,68.138,32.606
Acetylcholinesterase,6h12,FJK,626,1,A,4477,CAH,82.432,207.707,68.034,0.0
Acetylcholinesterase,6h12,FJK,626,1,A,4478,CAI,78.597,203.742,68.539,3.623
Acetylcholinesterase,6h12,FJK,626,1,A,4479,CAJ,76.471,204.776,68.096,27.775
Acetylcholinesterase,6h12,FJK,626,1,A,4480,CAK,83.354,208.575,68.595,2.415
Acetylcholinesterase,6h12,FJK,626,1,A,4481,CAL,87.695,218.625,69.286,0.0
Acetylcholinesterase,6h12,FJK,626,1,A,4482,CAM,91.462,216.211,68.348,0.0
Acetylcholinesterase,6h12,FJK,626,1,A,4483,CAN,86.212,217.018,67.616,0.0
Acetylcholinesterase,6h12,FJK,626,1,A,4484,CAO,90.259,214.708,66.841,3.623
Acetylcholinesterase,6h12,FJK,626,1,A,4485,CAP,83.269,207.285,70.623,13.284
Acetylcholinesterase,6h12,FJK,626,1,A,4486,CAQ,85.449,212.093,68.667,1.208
Acetylcholinesterase,6h12,FJK,626,1,A,4487,CAR,79.603,209.557,68.481,3.623
Acetylcholinesterase,6h12,FJK,626,1,A,4488,CAS,78.661,210.021,69.589,6.038
Acetylcholinesterase,6h12,FJK,626,1,A,4489,CAT,86.387,214.132,66.55,2.415
Acetylcholinesterase,6h12,FJK,626,1,A,4490,CAU,79.278,208.114,68.018,0.0
Acetylcholinesterase,6h12,FJK,626,1,A,4491,CAV,77.273,209.551,69.235,16.907
Acetylcholinesterase,6h12,FJK,626,1,A,4492,CAW,86.527,212.622,66.497,6.038
Acetylcholinesterase,6h12,FJK,626,1,A,4493,CAX,84.695,209.195,70.486,2.415
Acetylcholinesterase,6h12,FJK,626,1,A,4494,CAY,85.064,211.357,71.067,1.208
Acetylcholinesterase,6h12,FJK,626,1,A,4495,CBH,80.75,204.864,70.407,2.415
Acetylcholinesterase,6h12,FJK,626,1,A,4496,CBI,76.46,207.203,68.51,3.623
Acetylcholinesterase,6h12,FJK,626,1,A,4497,CBJ,83.776,208.351,69.896,0.0
Acetylcholinesterase,6h12,FJK,626,1,A,4498,CBK,85.902,211.597,69.807,0.0
Acetylcholinesterase,6h12,FJK,626,1,A,4499,CBL,82.349,206.424,70.051,1.208
Acetylcholinesterase,6h12,FJK,626,1,A,4500,CBM,79.029,205.022,68.874,0.0
Acetylcholinesterase,6h12,FJK,626,1,A,4501,CBN,76.973,205.973,68.431,1.208
Acetylcholinesterase,6h12,FJK,626,1,A,4502,CBO,88.272,215.703,67.136,0.0
Acetylcholinesterase,6h12,FJK,626,1,A,4503,CBP,78.236,206.081,68.814,1.208
Acetylcholinesterase,6h12,FJK,626,1,A,4504,CBQ,88.32,217.572,68.624,0.0
Acetylcholinesterase,6h12,FJK,626,1,A,4505,CBR,90.308,216.366,68.19,0.0
Acetylcholinesterase,6h12,FJK,626,1,A,4506,CBS,87.577,216.749,67.774,0.0
Acetylcholinesterase,6h12,FJK,626,1,A,4507,CBT,89.651,215.539,67.342,0.0
Acetylcholinesterase,6h12,FJK,626,1,A,4508,CBU,78.529,207.418,69.12,6.038
Acetylcholinesterase,6h12,FJK,626,1,A,4509,NAZ,81.933,206.633,68.789,0.0
Acetylcholinesterase,6h12,FJK,626,1,A,4510,NBA,87.204,211.355,69.684,3.281
Acetylcholinesterase,6h12,FJK,626,1,A,4511,NBB,87.539,211.697,68.519,2.187
Acetylcholinesterase,6h12,FJK,626,1,A,4512,NBC,89.642,217.366,68.807,0.0
Acetylcholinesterase,6h12,FJK,626,1,A,4513,NBD,87.664,214.84,66.294,1.094
Acetylcholinesterase,6h12,FJK,626,1,A,4514,NBE,81.896,205.412,70.791,4.374
Acetylcholinesterase,6h12,FJK,626,1,A,4515,NBF,80.23,205.384,69.294,0.0
Acetylcholinesterase,6h12,FJK,626,1,A,4516,NBV,77.307,208.085,69.007,1.094
Acetylcholinesterase,6h12,FJK,626,1,A,4517,NBW,86.526,212.132,67.885,0.0
Acetylcholinesterase,6h12,FJK,626,1,A,4518,OAA,80.228,203.938,71.03,25.715
Acetylcholinesterase,6h12,FJK,626,1,A,4519,OAB,75.291,207.483,68.311,41.787
Acetylcholinesterase,6h12,FJK,626,1,A,4520,OBG,84.034,210.416,70.787,6.429
Acetylcholinesterase,2vq6,FP1,1536,1,A,4242,O1,2.331,68.668,61.664,2.143
Acetylcholinesterase,2vq6,FP1,1536,1,A,4243,N2,2.881,68.938,62.987,1.094
Acetylcholinesterase,2vq6,FP1,1536,1,A,4244,C6,4.32,69.219,62.904,1.208
Acetylcholinesterase,2vq6,FP1,1536,1,A,4245,C5,4.88,69.506,64.31,1.208
Acetylcholinesterase,2vq6,FP1,1536,1,A,4246,C4,6.256,69.773,64.404,0.0
Acetylcholinesterase,2vq6,FP1,1536,1,A,4247,C3,6.819,70.043,65.672,0.0
Acetylcholinesterase,2vq6,FP1,1536,1,A,4248,C2,6.029,70.052,66.834,0.0
Acetylcholinesterase,2vq6,FP1,1536,1,A,4249,C1,4.652,69.787,66.76,0.0
Acetylcholinesterase,2vq6,FP1,1536,1,A,4250,N1,4.068,69.511,65.492,1.094
Acetylcholinesterase,2vq6,FP1,1536,1,A,4251,C7,2.613,69.235,65.479,15.699
Acetylcholinesterase,6ezg,C6K,603,1,A,4273,C10,-4.975,-2.511,52.54,2.415
Acetylcholinesterase,6ezg,C6K,603,1,A,4274,N12,-4.176,-3.703,54.588,1.094
Acetylcholinesterase,6ezg,C6K,603,1,A,4275,C13,-3.629,-4.71,54.981,0.0
Acetylcholinesterase,6ezg,C6K,603,1,A,4276,C15,-1.494,-3.813,56.02,9.661
Acetylcholinesterase,6ezg,C6K,603,1,A,4277,C17,0.679,-4.267,55.114,0.0
Acetylcholinesterase,6ezg,C6K,603,1,A,4278,C20,-5.501,-3.697,55.086,6.038
Acetylcholinesterase,6ezg,C6K,603,1,A,4279,C21,-6.42,-2.651,54.428,1.208
Acetylcholinesterase,6ezg,C6K,603,1,A,4280,C22,-8.424,1.249,52.803,0.0
Acetylcholinesterase,6ezg,C6K,603,1,A,4281,C28,-9.778,4.685,50.593,12.076
Acetylcholinesterase,6ezg,C6K,603,1,A,4282,C01,-7.345,1.925,48.514,1.208
Acetylcholinesterase,6ezg,C6K,603,1,A,4283,O02,-7.231,2.847,49.633,0.0
Acetylcholinesterase,6ezg,C6K,603,1,A,4284,C03,-8.015,2.608,50.793,0.0
Acetylcholinesterase,6ezg,C6K,603,1,A,4285,C04,-7.692,1.505,51.629,0.0
Acetylcholinesterase,6ezg,C6K,603,1,A,4286,C05,-6.553,0.626,51.257,0.0
Acetylcholinesterase,6ezg,C6K,603,1,A,4287,O06,-5.469,1.146,51.006,1.071
Acetylcholinesterase,6ezg,C6K,603,1,A,4288,C07,-6.708,-0.884,51.167,0.0
Acetylcholinesterase,6ezg,C6K,603,1,A,4289,C08,-7.191,-1.467,52.463,0.0
Acetylcholinesterase,6ezg,C6K,603,1,A,4290,C09,-6.329,-2.655,52.976,0.0
Acetylcholinesterase,6ezg,C6K,603,1,A,4291,C11,-4.129,-3.643,53.111,2.415
Acetylcholinesterase,6ezg,C6K,603,1,A,4292,C14,-2.057,-4.539,55.033,0.0
Acetylcholinesterase,6ezg,C6K,603,1,A,4293,C16,-0.113,-3.659,56.071,2.415
Acetylcholinesterase,6ezg,C6K,603,1,A,4294,C18,0.101,-5.022,54.102,1.208
Acetylcholinesterase,6ezg,C6K,603,1,A,4295,C19,-1.234,-5.167,54.048,0.0
Acetylcholinesterase,6ezg,C6K,603,1,A,4296,C23,-9.524,2.095,53.16,0.0
Acetylcholinesterase,6ezg,C6K,603,1,A,4297,CL,-10.416,1.753,54.588,6.234
Acetylcholinesterase,6ezg,C6K,603,1,A,4298,C25,-9.891,3.251,52.317,0.0
Acetylcholinesterase,6ezg,C6K,603,1,A,4299,N26,-10.883,4.189,52.465,12.029
Acetylcholinesterase,6ezg,C6K,603,1,A,4300,C27,-10.811,5.054,51.419,30.191
Acetylcholinesterase,6ezg,C6K,603,1,A,4301,C29,-9.178,3.514,51.179,1.208
Acetylcholinesterase,1w76,GNT,1538,1,B,4149,C1,89.375,48.788,83.602,1.208
Acetylcholinesterase,1w76,GNT,1538,1,B,4150,C2,90.54,48.221,83.987,3.623
Acetylcholinesterase,1w76,GNT,1538,1,B,4151,C3,91.336,47.265,83.074,0.0
Acetylcholinesterase,1w76,GNT,1538,1,B,4152,C4,90.429,46.669,81.879,0.0
Acetylcholinesterase,1w76,GNT,1538,1,B,4153,C41,89.664,47.874,81.255,0.0
Acetylcholinesterase,1w76,GNT,1538,1,B,4154,C42,88.649,48.46,82.258,0.0
Acetylcholinesterase,1w76,GNT,1538,1,B,4155,O5,90.507,48.989,80.801,0.0
Acetylcholinesterase,1w76,GNT,1538,1,B,4156,C6,89.647,51.188,79.98,0.0
Acetylcholinesterase,1w76,GNT,1538,1,B,4157,C7,88.55,52.102,80.048,0.0
Acetylcholinesterase,1w76,GNT,1538,1,B,4158,C8,87.408,51.797,80.853,2.415
Acetylcholinesterase,1w76,GNT,1538,1,B,4159,C9,86.077,50.412,82.421,8.453
Acetylcholinesterase,1w76,GNT,1538,1,B,4160,N10,85.701,49.454,83.231,1.094
Acetylcholinesterase,1w76,GNT,1538,1,B,4161,C11,86.447,48.226,83.614,1.208
Acetylcholinesterase,1w76,GNT,1538,1,B,4162,C12,87.438,47.559,82.599,2.415
Acetylcholinesterase,1w76,GNT,1538,1,B,4163,C13,89.536,50.006,80.742,0.0
Acetylcholinesterase,1w76,GNT,1538,1,B,4164,C14,88.395,49.718,81.549,0.0
Acetylcholinesterase,1w76,GNT,1538,1,B,4165,C15,87.309,50.604,81.614,0.0
Acetylcholinesterase,1w76,GNT,1538,1,B,4166,C16,90.665,51.995,77.897,4.831
Acetylcholinesterase,1w76,GNT,1538,1,B,4167,O17,90.831,51.4,79.204,0.0
Acetylcholinesterase,1w76,GNT,1538,1,B,4168,O18,92.401,48.103,82.573,0.0
Acetylcholinesterase,1w76,GNT,1538,1,B,4169,C19,84.379,49.603,83.8,15.699
Acetylcholinesterase,2ace,ACH,998,1,A,4144,N1,4.905,68.061,63.935,0.0
Acetylcholinesterase,2ace,ACH,998,1,A,4145,C2,5.498,66.718,63.565,3.623
Acetylcholinesterase,2ace,ACH,998,1,A,4146,C3,5.19,66.026,62.222,0.0
Acetylcholinesterase,2ace,ACH,998,1,A,4147,O4,5.604,64.649,62.291,1.071
Acetylcholinesterase,2ace,ACH,998,1,A,4148,C5,5.643,63.664,61.249,0.0
Acetylcholinesterase,2ace,ACH,998,1,A,4149,O7,4.451,63.645,60.536,0.0
Acetylcholinesterase,2ace,ACH,998,1,A,4150,C6,5.831,62.33,61.978,0.0
Acetylcholinesterase,2ace,ACH,998,1,A,4151,C8,5.356,68.407,65.328,0.0
Acetylcholinesterase,2ace,ACH,998,1,A,4152,C9,5.386,69.159,63.039,0.0
Acetylcholinesterase,2ace,ACH,998,1,A,4153,C10,3.399,68.007,63.905,19.322
Acetylcholinesterase,6g4p,JDS,604,1,A,4281,CL1,-9.229,0.808,54.923,6.234
Acetylcholinesterase,6g4p,JDS,604,1,A,4282,C01,-9.353,5.913,50.785,0.0
Acetylcholinesterase,6g4p,JDS,604,1,A,4283,N01,-8.442,4.961,50.896,2.187
Acetylcholinesterase,6g4p,JDS,604,1,A,4284,O01,-9.08,1.28,48.933,3.214
Acetylcholinesterase,6g4p,JDS,604,1,A,4285,C02,-9.318,6.762,49.523,0.0
Acetylcholinesterase,6g4p,JDS,604,1,A,4286,N02,-11.158,5.495,54.161,0.0
Acetylcholinesterase,6g4p,JDS,604,1,A,4287,O02,-11.98,4.075,48.805,11.786
Acetylcholinesterase,6g4p,JDS,604,1,A,4288,C03,-10.488,7.739,49.37,9.661
Acetylcholinesterase,6g4p,JDS,604,1,A,4289,N03,-12.417,2.663,52.153,0.0
Acetylcholinesterase,6g4p,JDS,604,1,A,4290,C04,-10.797,8.385,50.681,15.699
Acetylcholinesterase,6g4p,JDS,604,1,A,4291,N04,-9.966,2.246,49.295,0.0
Acetylcholinesterase,6g4p,JDS,604,1,A,4292,C05,-11.254,7.311,51.606,4.831
Acetylcholinesterase,6g4p,JDS,604,1,A,4293,C06,-10.292,6.204,51.853,0.0
Acetylcholinesterase,6g4p,JDS,604,1,A,4294,C07,-8.651,4.013,51.875,0.0
Acetylcholinesterase,6g4p,JDS,604,1,A,4295,C08,-9.521,4.22,52.955,0.0
Acetylcholinesterase,6g4p,JDS,604,1,A,4296,C09,-10.226,5.456,53.06,0.0
Acetylcholinesterase,6g4p,JDS,604,1,A,4297,C10,-7.96,2.768,51.783,2.415
Acetylcholinesterase,6g4p,JDS,604,1,A,4298,C11,-8.149,1.797,52.724,7.246
Acetylcholinesterase,6g4p,JDS,604,1,A,4299,C12,-9.018,2.031,53.776,0.0
Acetylcholinesterase,6g4p,JDS,604,1,A,4300,C13,-9.701,3.205,53.911,0.0
Acetylcholinesterase,6g4p,JDS,604,1,A,4301,C14,-12.202,6.508,54.626,10.869
Acetylcholinesterase,6g4p,JDS,604,1,A,4302,C15,-13.681,5.933,54.822,28.983
Acetylcholinesterase,6g4p,JDS,604,1,A,4303,C16,-13.801,4.375,55.22,14.492
Acetylcholinesterase,6g4p,JDS,604,1,A,4304,C17,-13.969,3.243,54.112,16.907
Acetylcholinesterase,6g4p,JDS,604,1,A,4305,C18,-13.416,3.479,52.662,1.208
Acetylcholinesterase,6g4p,JDS,604,1,A,4306,C19,-13.959,4.509,51.872,16.907
Acetylcholinesterase,6g4p,JDS,604,1,A,4307,C20,-13.493,4.731,50.589,21.737
Acetylcholinesterase,6g4p,JDS,604,1,A,4308,C21,-12.489,3.918,50.07,2.415
Acetylcholinesterase,6g4p,JDS,604,1,A,4309,C22,-11.948,2.879,50.867,0.0
Acetylcholinesterase,6g4p,JDS,604,1,A,4310,C23,-10.85,2.013,50.264,0.0
Acetylcholinesterase,7ait,8UK,601,1,B,4284,CAU,-0.519,100.784,81.596,0.0
Acetylcholinesterase,7ait,8UK,601,1,B,4285,CBL,0.129,102.016,82.237,0.0
Acetylcholinesterase,7ait,8UK,601,1,B,4286,CAV,-0.355,102.092,83.696,4.831
Acetylcholinesterase,7ait,8UK,601,1,B,4287,CAF,-0.22,103.14,81.477,0.0
Acetylcholinesterase,7ait,8UK,601,1,B,4288,CBA,-1.291,103.955,81.831,0.0
Acetylcholinesterase,7ait,8UK,601,1,B,4289,CAB,-1.572,105.04,80.993,1.208
Acetylcholinesterase,7ait,8UK,601,1,B,4290,CAT,-2.028,103.752,83.035,0.0
Acetylcholinesterase,7ait,8UK,601,1,B,4291,CBM,-1.839,102.333,83.676,3.623
Acetylcholinesterase,7ait,8UK,601,1,B,4292,CBI,-2.542,101.381,82.902,0.0
Acetylcholinesterase,7ait,8UK,601,1,B,4293,CBF,-1.905,100.672,81.871,0.0
Acetylcholinesterase,7ait,8UK,601,1,B,4294,NAW,-2.616,99.799,81.13,0.0
Acetylcholinesterase,7ait,8UK,601,1,B,4295,CBJ,-3.926,99.56,81.295,0.0
Acetylcholinesterase,7ait,8UK,601,1,B,4296,CAL,-4.584,98.631,80.484,0.0
Acetylcholinesterase,7ait,8UK,601,1,B,4297,CBC,-5.952,98.388,80.64,0.0
Acetylcholinesterase,7ait,8UK,601,1,B,4298,CL1,-6.794,97.254,79.594,0.0
Acetylcholinesterase,7ait,8UK,601,1,B,4299,CAH,-6.661,99.061,81.63,0.0
Acetylcholinesterase,7ait,8UK,601,1,B,4300,CAJ,-5.988,99.964,82.436,0.0
Acetylcholinesterase,7ait,8UK,601,1,B,4301,CBK,-4.625,100.237,82.279,0.0
Acetylcholinesterase,7ait,8UK,601,1,B,4302,CBH,-3.92,101.159,83.073,0.0
Acetylcholinesterase,7ait,8UK,601,1,B,4303,NAY,-4.572,101.797,84.053,0.0
Acetylcholinesterase,7ait,8UK,601,1,B,4304,CAQ,-5.268,103.077,83.923,6.038
Acetylcholinesterase,7ait,8UK,601,1,B,4305,CAO,-6.617,102.855,83.283,0.0
Acetylcholinesterase,7ait,8UK,601,1,B,4306,CAM,-7.585,103.777,83.92,0.0
Acetylcholinesterase,7ait,8UK,601,1,B,4307,CAN,-6.957,105.146,83.989,4.831
Acetylcholinesterase,7ait,8UK,601,1,B,4308,CAP,-8.049,106.089,83.553,0.0
Acetylcholinesterase,7ait,8UK,601,1,B,4309,CAR,-8.392,105.783,82.105,0.0
Acetylcholinesterase,7ait,8UK,601,1,B,4310,CBB,-8.631,107.15,81.506,0.0
Acetylcholinesterase,7ait,8UK,601,1,B,4311,OAC,-7.835,107.621,80.691,13.929
Acetylcholinesterase,7ait,8UK,601,1,B,4312,NAX,-9.721,107.769,81.996,1.094
Acetylcholinesterase,7ait,8UK,601,1,B,4313,CAS,-10.139,109.128,81.603,3.623
Acetylcholinesterase,7ait,8UK,601,1,B,4314,CBE,-10.65,109.189,80.299,1.208
Acetylcholinesterase,7ait,8UK,601,1,B,4315,CAK,-10.159,110.162,79.421,3.623
Acetylcholinesterase,7ait,8UK,601,1,B,4316,CAI,-11.646,108.306,79.875,15.699
Acetylcholinesterase,7ait,8UK,601,1,B,4317,CAG,-12.146,108.387,78.571,13.284
Acetylcholinesterase,7ait,8UK,601,1,B,4318,CBD,-11.646,109.357,77.703,6.038
Acetylcholinesterase,7ait,8UK,601,1,B,4319,OAD,-12.089,109.5,76.423,20.358
Acetylcholinesterase,7ait,8UK,601,1,B,4320,CBG,-10.659,110.242,78.119,2.415
Acetylcholinesterase,7ait,8UK,601,1,B,4321,OAZ,-10.23,111.16,77.196,4.286
Acetylcholinesterase,7ait,8UK,601,1,B,4322,CAA,-9.947,112.428,77.801,21.737
Acetylcholinesterase,2c58,ETM,1536,1,A,4428,SD,4.372,69.302,61.167,1.287
Acetylcholinesterase,2c58,ETM,1536,1,A,4429,C1,4.025,69.269,62.944,7.246
Acetylcholinesterase,2c58,ETM,1536,1,A,4430,C2,5.019,70.101,63.759,0.0
Acetylcholinesterase,2c58,ETM,1536,1,A,4431,N1,5.149,69.639,65.151,0.0
Acetylcholinesterase,2c58,ETM,1536,1,A,4432,C3,5.749,68.298,65.203,6.038
Acetylcholinesterase,2c58,ETM,1536,1,A,4433,C4,6.034,70.573,65.863,1.208
Acetylcholinesterase,2c58,ETM,1536,1,A,4434,C5,3.847,69.618,65.834,13.284
Acetylcholinesterase,2xi4,AFT,1000,1,B,4296,C8A,83.632,51.111,81.311,0.0
Acetylcholinesterase,2xi4,AFT,1000,1,B,4297,C9B,83.301,54.5,80.819,0.0
Acetylcholinesterase,2xi4,AFT,1000,1,B,4298,O7,83.479,51.544,82.62,4.286
Acetylcholinesterase,2xi4,AFT,1000,1,B,4299,C6A,83.632,52.995,82.64,1.208
Acetylcholinesterase,2xi4,AFT,1000,1,B,4300,O6A,82.415,53.788,82.814,1.071
Acetylcholinesterase,2xi4,AFT,1000,1,B,4301,C5A,82.316,54.714,81.789,0.0
Acetylcholinesterase,2xi4,AFT,1000,1,B,4302,C5B,81.394,55.748,81.603,7.246
Acetylcholinesterase,2xi4,AFT,1000,1,B,4303,C4B,81.453,56.583,80.485,2.415
Acetylcholinesterase,2xi4,AFT,1000,1,B,4304,O4,80.534,57.599,80.328,7.5
Acetylcholinesterase,2xi4,AFT,1000,1,B,4305,CM,79.905,58.113,81.523,35.021
Acetylcholinesterase,2xi4,AFT,1000,1,B,4306,C4A,82.458,56.357,79.516,1.208
Acetylcholinesterase,2xi4,AFT,1000,1,B,4307,C10,83.393,55.32,79.712,1.208
Acetylcholinesterase,2xi4,AFT,1000,1,B,4308,O10,84.405,55.034,78.829,1.071
Acetylcholinesterase,2xi4,AFT,1000,1,B,4309,C11,84.566,55.854,77.741,2.415
Acetylcholinesterase,2xi4,AFT,1000,1,B,4310,O11,85.496,55.59,76.976,1.071
Acetylcholinesterase,2xi4,AFT,1000,1,B,4311,C12,83.702,56.943,77.505,0.0
Acetylcholinesterase,2xi4,AFT,1000,1,B,4312,C3A,82.611,57.159,78.374,3.623
Acetylcholinesterase,2xi4,AFT,1000,1,B,4313,C3,81.81,58.409,77.959,15.699
Acetylcholinesterase,2xi4,AFT,1000,1,B,4314,C2A,82.508,58.913,76.702,8.453
Acetylcholinesterase,2xi4,AFT,1000,1,B,4315,C9A,84.178,53.347,81.246,0.0
Acetylcholinesterase,2xi4,AFT,1000,1,B,4316,C1,83.683,57.932,76.504,0.0
Acetylcholinesterase,2xi4,AFT,1000,1,B,4317,C9,83.969,52.071,80.439,0.0
Acetylcholinesterase,2xi4,AFT,1000,1,B,4318,O1,84.501,58.015,75.579,0.0
Acetylcholinesterase,1zgc,A2E,1002,1,A,4217,O11,98.438,54.426,26.571,5.357
Acetylcholinesterase,1zgc,A2E,1002,1,A,4218,C9,99.508,55.13,26.25,0.0
Acetylcholinesterase,1zgc,A2E,1002,1,A,4219,C8,100.696,54.488,25.926,0.0
Acetylcholinesterase,1zgc,A2E,1002,1,A,4220,N10,99.492,56.47,26.233,0.0
Acetylcholinesterase,1zgc,A2E,1002,1,A,4221,C5,100.581,57.228,25.969,0.0
Acetylcholinesterase,1zgc,A2E,1002,1,A,4222,C6,100.47,58.752,25.953,0.0
Acetylcholinesterase,1zgc,A2E,1002,1,A,4223,C4,101.853,56.595,25.619,0.0
Acetylcholinesterase,1zgc,A2E,1002,1,A,4224,C7,101.859,55.214,25.635,1.208
Acetylcholinesterase,1zgc,A2E,1002,1,A,4225,C3,103.122,57.413,25.278,12.076
Acetylcholinesterase,1zgc,A2E,1002,1,A,4226,C2,102.941,58.994,25.308,20.53
Acetylcholinesterase,1zgc,A2E,1002,1,A,4227,C1,101.787,59.495,26.186,15.699
Acetylcholinesterase,1zgc,A2E,1002,1,A,4228,N12,103.664,56.978,23.923,17.497
Acetylcholinesterase,1zgc,A2E,1002,1,A,4229,C13,103.158,57.846,22.745,14.492
Acetylcholinesterase,1zgc,A2E,1002,1,A,4230,C14,102.608,56.989,21.61,6.038
Acetylcholinesterase,1zgc,A2E,1002,1,A,4231,C15,101.407,56.155,22.024,0.0
Acetylcholinesterase,1zgc,A2E,1002,1,A,4232,C16,101.343,54.746,21.394,8.453
Acetylcholinesterase,1zgc,A2E,1002,1,A,4233,C17,99.892,54.389,21.028,0.0
Acetylcholinesterase,1zgc,A2E,1002,1,A,4234,C18,99.305,53.114,21.717,6.038
Acetylcholinesterase,1zgc,A2E,1002,1,A,4235,C19,99.029,51.976,20.699,1.208
Acetylcholinesterase,1zgc,A2E,1002,1,A,4236,C20,97.82,51.089,21.095,3.623
Acetylcholinesterase,1zgc,A2E,1002,1,A,4237,C21,97.466,50.053,20.048,1.208
Acetylcholinesterase,1zgc,A2E,1002,1,A,4238,C22,95.929,49.84,19.894,7.246
Acetylcholinesterase,1zgc,A2E,1002,1,A,4239,N23,95.696,48.494,19.524,1.094
Acetylcholinesterase,1zgc,A2E,1002,1,A,4240,C24,94.799,47.626,20.161,0.0
Acetylcholinesterase,1zgc,A2E,1002,1,A,4241,C25,95.439,46.45,20.886,0.0
Acetylcholinesterase,1zgc,A2E,1002,1,A,4242,C30,96.825,46.223,20.809,0.0
Acetylcholinesterase,1zgc,A2E,1002,1,A,4243,C26,94.641,45.558,21.656,0.0
Acetylcholinesterase,1zgc,A2E,1002,1,A,4244,C33,95.256,44.508,22.293,0.0
Acetylcholinesterase,1zgc,A2E,1002,1,A,4245,C32,96.642,44.311,22.208,0.0
Acetylcholinesterase,1zgc,A2E,1002,1,A,4246,C31,97.403,45.176,21.448,0.0
Acetylcholinesterase,1zgc,A2E,1002,1,A,4247,N27,93.279,45.73,21.765,0.0
Acetylcholinesterase,1zgc,A2E,1002,1,A,4248,C28,92.604,46.743,21.151,0.0
Acetylcholinesterase,1zgc,A2E,1002,1,A,4249,C34,91.141,46.783,21.319,0.0
Acetylcholinesterase,1zgc,A2E,1002,1,A,4250,C29,93.306,47.75,20.297,0.0
Acetylcholinesterase,1zgc,A2E,1002,1,A,4251,C37,92.523,48.846,19.616,7.246
Acetylcholinesterase,1zgc,A2E,1002,1,A,4252,C36,91.063,48.583,19.559,1.208
Acetylcholinesterase,1zgc,A2E,1002,1,A,4253,C35,90.499,48.054,20.836,2.415
Acetylcholinesterase,2xi4,AFT,1000,1,A,4275,C8A,99.589,52.355,22.428,0.0
Acetylcholinesterase,2xi4,AFT,1000,1,A,4276,C9B,100.026,55.697,22.969,0.0
Acetylcholinesterase,2xi4,AFT,1000,1,A,4277,O7,99.806,52.806,21.133,4.286
Acetylcholinesterase,2xi4,AFT,1000,1,A,4278,C6A,99.641,54.239,21.132,0.0
Acetylcholinesterase,2xi4,AFT,1000,1,A,4279,O6A,100.896,54.928,20.991,1.071
Acetylcholinesterase,2xi4,AFT,1000,1,A,4280,C5A,101.019,55.859,22.003,0.0
Acetylcholinesterase,2xi4,AFT,1000,1,A,4281,C5B,101.962,56.864,22.185,7.246
Acetylcholinesterase,2xi4,AFT,1000,1,A,4282,C4B,101.914,57.708,23.298,4.831
Acetylcholinesterase,2xi4,AFT,1000,1,A,4283,O4,102.868,58.673,23.422,6.429
Acetylcholinesterase,2xi4,AFT,1000,1,A,4284,CM,103.539,58.997,22.175,33.814
Acetylcholinesterase,2xi4,AFT,1000,1,A,4285,C4A,100.904,57.535,24.27,2.415
Acetylcholinesterase,2xi4,AFT,1000,1,A,4286,C10,99.952,56.523,24.07,0.0
Acetylcholinesterase,2xi4,AFT,1000,1,A,4287,O10,98.925,56.268,24.926,1.071
Acetylcholinesterase,2xi4,AFT,1000,1,A,4288,C11,98.789,57.059,26.022,3.623
Acetylcholinesterase,2xi4,AFT,1000,1,A,4289,O11,97.85,56.827,26.778,1.071
Acetylcholinesterase,2xi4,AFT,1000,1,A,4290,C12,99.67,58.112,26.287,1.208
Acetylcholinesterase,2xi4,AFT,1000,1,A,4291,C3A,100.758,58.339,25.418,2.415
Acetylcholinesterase,2xi4,AFT,1000,1,A,4292,C3,101.569,59.573,25.875,19.322
Acetylcholinesterase,2xi4,AFT,1000,1,A,4293,C2A,100.861,60.036,27.152,9.661
Acetylcholinesterase,2xi4,AFT,1000,1,A,4294,C9A,99.104,54.578,22.535,0.0
Acetylcholinesterase,2xi4,AFT,1000,1,A,4295,C1,99.683,59.051,27.322,0.0
Acetylcholinesterase,2xi4,AFT,1000,1,A,4296,C9,99.244,53.289,23.323,0.0
Acetylcholinesterase,2xi4,AFT,1000,1,A,4297,O1,98.842,59.1,28.229,0.0
Acetylcholinesterase,2v96,CFQ,1536,1,A,4278,AS,101.658,57.082,22.498,1.453
Acetylcholinesterase,2v96,CFQ,1536,1,A,4279,C1,102.784,58.911,21.869,50.72
Acetylcholinesterase,2v96,CFQ,1536,1,A,4280,C2,100.695,56.147,20.701,3.623
Acetylcholinesterase,2v96,CFQ,1536,1,A,4281,C3,103.066,55.579,23.363,48.305
Acetylcholinesterase,2v96,CFQ,1536,1,A,4282,C4,100.14,57.659,24.046,15.699
Acetylcholinesterase,2v96,CFQ,1536,1,A,4283,C5,99.263,56.483,24.537,0.0
Acetylcholinesterase,2v96,CFQ,1536,1,A,4284,O1,99.965,55.219,24.451,0.0
Acetylcholinesterase,2v96,CFQ,1536,1,A,4285,C6,99.351,54.091,25.094,0.0
Acetylcholinesterase,2v96,CFQ,1536,1,A,4286,C14,100.435,53.185,25.723,0.0
Acetylcholinesterase,2v96,CFQ,1536,1,A,4287,C7,98.37,53.465,24.017,0.0
Acetylcholinesterase,2v96,CFQ,1536,1,A,4288,C8,96.97,53.192,24.302,0.0
Acetylcholinesterase,2v96,CFQ,1536,1,A,4289,C9,96.165,52.643,23.271,0.0
Acetylcholinesterase,2v96,CFQ,1536,1,A,4290,C10,96.693,52.366,22.014,0.0
Acetylcholinesterase,2v96,CFQ,1536,1,A,4291,C11,98.029,52.617,21.741,2.415
Acetylcholinesterase,2v96,CFQ,1536,1,A,4292,C12,98.864,53.159,22.726,2.415
Acetylcholinesterase,2v96,CFQ,1536,1,A,4293,N2,96.253,53.441,25.618,0.0
Acetylcholinesterase,2v96,CFQ,1536,1,A,4294,O2,95.07,53.194,25.762,0.0
Acetylcholinesterase,2v96,CFQ,1536,1,A,4295,O3,96.819,53.907,26.595,0.0
Acetylcholinesterase,2v96,CFQ,1536,1,A,4296,F1,99.93,52.079,26.259,0.0
Acetylcholinesterase,2v96,CFQ,1536,1,A,4297,F2,101.347,52.8,24.846,2.07
Acetylcholinesterase,2v96,CFQ,1536,1,A,4298,F3,101.076,53.795,26.714,8.281
Acetylcholinesterase,2v96,CFQ,1537,1,A,4299,AS,89.985,46.435,20.837,0.0
Acetylcholinesterase,2v96,CFQ,1537,1,A,4300,C1,89.109,48.068,22.1,0.0
Acetylcholinesterase,2v96,CFQ,1537,1,A,4301,C2,88.413,44.879,20.564,0.0
Acetylcholinesterase,2v96,CFQ,1537,1,A,4302,C3,90.524,47.341,18.859,6.038
Acetylcholinesterase,2v96,CFQ,1537,1,A,4303,C4,91.766,45.591,21.799,0.0
Acetylcholinesterase,2v96,CFQ,1537,1,A,4304,C5,92.288,46.607,22.818,0.0
Acetylcholinesterase,2v96,CFQ,1537,1,A,4305,O1,92.402,47.915,22.206,0.0
Acetylcholinesterase,2v96,CFQ,1537,1,A,4306,C6,92.873,49.002,23.035,0.0
Acetylcholinesterase,2v96,CFQ,1537,1,A,4307,C14,92.23,50.35,22.602,0.0
Acetylcholinesterase,2v96,CFQ,1537,1,A,4308,C7,94.453,48.952,23.022,0.0
Acetylcholinesterase,2v96,CFQ,1537,1,A,4309,C8,95.27,48.861,21.814,0.0
Acetylcholinesterase,2v96,CFQ,1537,1,A,4310,C9,96.676,48.838,21.971,0.0
Acetylcholinesterase,2v96,CFQ,1537,1,A,4311,C10,97.258,48.896,23.247,0.0
Acetylcholinesterase,2v96,CFQ,1537,1,A,4312,C11,96.485,48.972,24.402,0.0
Acetylcholinesterase,2v96,CFQ,1537,1,A,4313,C12,95.107,48.997,24.297,0.0
Acetylcholinesterase,2v96,CFQ,1537,1,A,4314,N2,94.781,48.79,20.365,0.0
Acetylcholinesterase,2v96,CFQ,1537,1,A,4315,O2,95.559,48.718,19.42,4.286
Acetylcholinesterase,2v96,CFQ,1537,1,A,4316,O3,93.595,48.797,20.063,2.143
Acetylcholinesterase,2v96,CFQ,1537,1,A,4317,F1,93.051,51.385,22.804,0.0
Acetylcholinesterase,2v96,CFQ,1537,1,A,4318,F2,91.898,50.389,21.312,0.0
Acetylcholinesterase,2v96,CFQ,1537,1,A,4319,F3,91.124,50.6,23.296,0.0
Acetylcholinesterase,1odc,A8B,1538,1,A,4207,C1,5.861,69.454,65.936,0.0
Acetylcholinesterase,1odc,A8B,1538,1,A,4208,C2,4.545,69.13,66.463,0.0
Acetylcholinesterase,1odc,A8B,1538,1,A,4209,C3,4.346,69.446,67.861,0.0
Acetylcholinesterase,1odc,A8B,1538,1,A,4210,C4,5.354,70.023,68.64,0.0
Acetylcholinesterase,1odc,A8B,1538,1,A,4211,C5,6.645,70.325,68.08,0.0
Acetylcholinesterase,1odc,A8B,1538,1,A,4212,C6,6.889,70.041,66.741,0.0
Acetylcholinesterase,1odc,A8B,1538,1,A,4213,N7,6.135,69.19,64.591,0.0
Acetylcholinesterase,1odc,A8B,1538,1,A,4214,C8,5.255,68.623,63.689,0.0
Acetylcholinesterase,1odc,A8B,1538,1,A,4215,C9,3.918,68.256,64.137,0.0
Acetylcholinesterase,1odc,A8B,1538,1,A,4216,C10,3.543,68.538,65.529,0.0
Acetylcholinesterase,1odc,A8B,1538,1,A,4217,N11,2.273,68.248,65.969,1.094
Acetylcholinesterase,1odc,A8B,1538,1,A,4218,C14,2.982,67.603,63.106,6.038
Acetylcholinesterase,1odc,A8B,1538,1,A,4219,C15,3.654,67.076,61.786,2.415
Acetylcholinesterase,1odc,A8B,1538,1,A,4220,C16,4.588,68.155,61.235,0.0
Acetylcholinesterase,1odc,A8B,1538,1,A,4221,C17,5.747,68.402,62.264,0.0
Acetylcholinesterase,1odc,A8B,1538,1,A,4222,C19,2.754,63.28,68.724,2.415
Acetylcholinesterase,1odc,A8B,1538,1,A,4223,C20,2.428,64.7,69.28,2.415
Acetylcholinesterase,1odc,A8B,1538,1,A,4224,C21,2.89,65.768,68.294,1.208
Acetylcholinesterase,1odc,A8B,1538,1,A,4225,C22,3.027,62.212,69.804,12.076
Acetylcholinesterase,1odc,A8B,1538,1,A,4226,C24,1.8,66.765,67.919,1.208
Acetylcholinesterase,1odc,A8B,1538,1,A,4227,N24,-0.294,61.106,71.379,5.468
Acetylcholinesterase,1odc,A8B,1538,1,A,4228,C25,1.774,66.94,66.399,10.869
Acetylcholinesterase,1odc,A8B,1538,1,A,4229,C26,-3.532,60.664,69.578,0.0
Acetylcholinesterase,1odc,A8B,1538,1,A,4230,C27,-2.193,60.981,69.82,0.0
Acetylcholinesterase,1odc,A8B,1538,1,A,4231,C29,1.888,62.112,70.854,15.699
Acetylcholinesterase,1odc,A8B,1538,1,A,4232,C30,0.567,61.621,70.288,1.208
Acetylcholinesterase,1odc,A8B,1538,1,A,4233,N32,-4.324,60.162,70.574,0.0
Acetylcholinesterase,1odc,A8B,1538,1,A,4234,C33,-3.851,59.936,71.898,0.0
Acetylcholinesterase,1odc,A8B,1538,1,A,4235,C34,-2.441,60.257,72.218,0.0
Acetylcholinesterase,1odc,A8B,1538,1,A,4236,C35,-1.61,60.789,71.146,0.0
Acetylcholinesterase,1odc,A8B,1538,1,A,4237,C39,-1.987,60.004,73.569,19.322
Acetylcholinesterase,1odc,A8B,1538,1,A,4238,C40,-2.865,59.474,74.514,32.606
Acetylcholinesterase,1odc,A8B,1538,1,A,4239,C41,-4.246,59.166,74.178,28.983
Acetylcholinesterase,1odc,A8B,1538,1,A,4240,C42,-4.731,59.398,72.887,10.869
Acetylcholinesterase,3i6z,G6X,1,1,A,4260,C1,2.523,67.74,63.309,1.208
Acetylcholinesterase,3i6z,G6X,1,1,A,4261,C2,2.62,68.166,62.016,2.415
Acetylcholinesterase,3i6z,G6X,1,1,A,4262,C3,3.964,68.253,61.279,0.0
Acetylcholinesterase,3i6z,G6X,1,1,A,4263,C4,5.115,68.491,62.285,0.0
Acetylcholinesterase,3i6z,G6X,1,1,A,4264,O5,5.273,66.089,62.853,0.0
Acetylcholinesterase,3i6z,G6X,1,1,A,4265,C6,4.656,63.835,63.798,0.0
Acetylcholinesterase,3i6z,G6X,1,1,A,4266,C7,3.805,63.162,64.715,0.0
Acetylcholinesterase,3i6z,G6X,1,1,A,4267,C8,2.886,63.89,65.495,0.0
Acetylcholinesterase,3i6z,G6X,1,1,A,4268,C9,1.831,66.01,66.356,7.246
Acetylcholinesterase,3i6z,G6X,1,1,A,4269,N10,2.481,67.156,67.072,1.094
Acetylcholinesterase,3i6z,G6X,1,1,A,4270,C11,2.586,68.407,66.296,3.623
Acetylcholinesterase,3i6z,G6X,1,1,A,4271,C12,3.844,68.384,65.374,0.0
Acetylcholinesterase,3i6z,G6X,1,1,A,4272,C13,4.562,65.238,63.658,0.0
Acetylcholinesterase,3i6z,G6X,1,1,A,4273,C14,3.649,65.949,64.441,0.0
Acetylcholinesterase,3i6z,G6X,1,1,A,4274,C15,2.797,65.299,65.383,0.0
Acetylcholinesterase,3i6z,G6X,1,1,A,4275,C16,5.365,61.793,62.82,0.0
Acetylcholinesterase,3i6z,G6X,1,1,A,4276,O17,5.651,63.165,63.093,0.0
Acetylcholinesterase,3i6z,G6X,1,1,A,4277,O18,4.15,67.041,60.537,0.0
Acetylcholinesterase,3i6z,G6X,1,1,A,4278,C19,3.733,66.865,67.852,0.0
Acetylcholinesterase,3i6z,G6X,1,1,A,4279,C20,3.537,65.907,69.041,0.0
Acetylcholinesterase,3i6z,G6X,1,1,A,4280,C21,3.87,64.484,68.624,0.0
Acetylcholinesterase,3i6z,G6X,1,1,A,4281,C22,4.316,63.607,69.804,1.208
Acetylcholinesterase,3i6z,G6X,1,1,A,4282,C23,3.182,63.187,70.747,0.0
Acetylcholinesterase,3i6z,G6X,1,1,A,4283,C24,2.154,62.304,70.047,0.0
Acetylcholinesterase,3i6z,G6X,1,1,A,4284,N25,1.246,61.705,71.048,0.0
Acetylcholinesterase,3i6z,G6X,1,1,A,4285,C26,1.391,60.415,71.467,1.208
Acetylcholinesterase,3i6z,G6X,1,1,A,4286,C27,0.291,60.014,72.307,3.623
Acetylcholinesterase,3i6z,G6X,1,1,A,4287,C28,0.044,58.767,72.924,14.492
Acetylcholinesterase,3i6z,G6X,1,1,A,4288,C29,-1.16,58.526,73.619,21.737
Acetylcholinesterase,3i6z,G6X,1,1,A,4289,C30,-2.137,59.535,73.707,21.737
Acetylcholinesterase,3i6z,G6X,1,1,A,4290,C31,-1.9,60.782,73.101,4.831
Acetylcholinesterase,3i6z,G6X,1,1,A,4291,C32,-0.696,61.016,72.414,2.415
Acetylcholinesterase,3i6z,G6X,1,1,A,4292,S33,-0.028,62.46,71.635,0.0
Acetylcholinesterase,3i6z,G6X,1,1,A,4293,O34,2.327,59.68,71.14,13.929
Acetylcholinesterase,3i6z,G6X,1,1,A,4294,O35,-0.809,63.179,70.569,2.143
Acetylcholinesterase,3i6z,G6X,1,1,A,4295,O36,0.437,63.467,72.651,11.786
Acetylcholinesterase,3i6z,G6X,1,1,A,4296,C41,5.107,67.423,63.446,0.0
Acetylcholinesterase,3i6z,G6X,1,1,A,4297,C42,3.727,67.342,64.233,0.0
Acetylcholinesterase,6g1v,E1N,604,1,A,4334,CAA,6.413,-5.623,20.312,0.0
Acetylcholinesterase,6g1v,E1N,604,1,A,4335,CAB,5.032,-5.45,20.419,0.0
Acetylcholinesterase,6g1v,E1N,604,1,A,4336,CAC,4.315,-6.217,21.324,0.0
Acetylcholinesterase,6g1v,E1N,604,1,A,4337,CAD,4.954,-7.16,22.125,0.0
Acetylcholinesterase,6g1v,E1N,604,1,A,4338,CAE,6.327,-7.334,22.028,0.0
Acetylcholinesterase,6g1v,E1N,604,1,A,4339,CAF,7.073,-6.561,21.124,0.0
Acetylcholinesterase,6g1v,E1N,604,1,A,4340,CAG,2.279,-5.198,20.725,0.0
Acetylcholinesterase,6g1v,E1N,604,1,A,4341,CAH,2.924,-4.394,19.788,0.0
Acetylcholinesterase,6g1v,E1N,604,1,A,4342,CAI,4.311,-4.531,19.65,0.0
Acetylcholinesterase,6g1v,E1N,604,1,A,4343,CAJ,2.217,-3.437,19.051,2.415
Acetylcholinesterase,6g1v,E1N,604,1,A,4344,CAK,0.73,-3.727,18.987,2.415
Acetylcholinesterase,6g1v,E1N,604,1,A,4345,CAL,0.215,-3.946,20.42,0.0
Acetylcholinesterase,6g1v,E1N,604,1,A,4346,CAM,0.883,-5.19,20.961,0.0
Acetylcholinesterase,6g1v,E1N,604,1,A,4347,CAN,2.276,-6.902,22.377,0.0
Acetylcholinesterase,6g1v,E1N,604,1,A,4348,CAR,2.371,-2.086,19.811,0.0
Acetylcholinesterase,6g1v,E1N,604,1,A,4349,CAS,0.489,-2.861,21.242,0.0
Acetylcholinesterase,6g1v,E1N,604,1,A,4350,CAT,1.542,-1.991,20.982,0.0
Acetylcholinesterase,6g1v,E1N,604,1,A,4351,CAU,1.629,-0.928,21.882,1.208
Acetylcholinesterase,6g1v,E1N,604,1,A,4352,CAV,3.058,-0.567,22.207,2.415
Acetylcholinesterase,6g1v,E1N,604,1,A,4353,NAO,4.977,-3.763,18.772,13.123
Acetylcholinesterase,6g1v,E1N,604,1,A,4354,NAQ,2.989,-6.079,21.422,0.0
Acetylcholinesterase,6g1v,E1N,604,1,A,4355,CLA,7.094,-8.507,23.097,0.0
Acetylcholinesterase,6g4n,E2W,603,1,B,4278,C1,9.449,2.971,-3.926,10.869
Acetylcholinesterase,6g4n,E2W,603,1,B,4279,C10,12.704,1.375,-3.139,7.246
Acetylcholinesterase,6g4n,E2W,603,1,B,4280,C11,13.713,7.477,-5.806,10.869
Acetylcholinesterase,6g4n,E2W,603,1,B,4281,C12,14.352,8.541,-4.929,22.945
Acetylcholinesterase,6g4n,E2W,603,1,B,4282,C13,13.418,9.091,-3.904,19.322
Acetylcholinesterase,6g4n,E2W,603,1,B,4283,C14,12.803,7.952,-3.098,18.114
Acetylcholinesterase,6g4n,E2W,603,1,B,4284,C15,13.938,4.614,-7.772,20.53
Acetylcholinesterase,6g4n,E2W,603,1,B,4285,C16,14.196,3.063,-7.857,8.453
Acetylcholinesterase,6g4n,E2W,603,1,B,4286,C17,15.347,2.593,-6.974,25.36
Acetylcholinesterase,6g4n,E2W,603,1,B,4287,C18,15.852,3.622,-5.962,22.945
Acetylcholinesterase,6g4n,E2W,603,1,B,4288,C19,15.184,3.58,-4.643,3.623
Acetylcholinesterase,6g4n,E2W,603,1,B,4289,C2,9.882,2.676,-5.214,0.0
Acetylcholinesterase,6g4n,E2W,603,1,B,4290,C20,15.465,4.533,-3.652,18.114
Acetylcholinesterase,6g4n,E2W,603,1,B,4291,C21,14.811,4.445,-2.427,20.53
Acetylcholinesterase,6g4n,E2W,603,1,B,4292,C22,13.905,3.417,-2.238,4.831
Acetylcholinesterase,6g4n,E2W,603,1,B,4293,C23,13.671,2.489,-3.284,2.415
Acetylcholinesterase,6g4n,E2W,603,1,B,4294,C3,10.799,3.445,-5.872,0.0
Acetylcholinesterase,6g4n,E2W,603,1,B,4295,C4,11.321,4.577,-5.238,0.0
Acetylcholinesterase,6g4n,E2W,603,1,B,4296,C5,10.905,4.914,-3.946,0.0
Acetylcholinesterase,6g4n,E2W,603,1,B,4297,C6,9.951,4.074,-3.295,3.623
Acetylcholinesterase,6g4n,E2W,603,1,B,4298,C7,12.272,5.395,-5.891,0.0
Acetylcholinesterase,6g4n,E2W,603,1,B,4299,C8,12.726,6.527,-5.211,0.0
Acetylcholinesterase,6g4n,E2W,603,1,B,4300,C9,12.178,6.851,-3.917,0.0
Acetylcholinesterase,6g4n,E2W,603,1,B,4301,N10,11.383,6.018,-3.266,4.374
Acetylcholinesterase,6g4n,E2W,603,1,B,4302,N11,12.617,5.038,-7.219,1.094
Acetylcholinesterase,6g4n,E2W,603,1,B,4303,N24,14.304,2.585,-4.459,5.468
Acetylcholinesterase,6g4n,E2W,603,1,B,4304,N25,11.798,1.03,-2.261,0.0
Acetylcholinesterase,6g4n,E2W,603,1,B,4305,O25,11.633,1.765,-1.167,4.286
Acetylcholinesterase,6g4n,E2W,603,1,B,4306,O26,13.221,3.257,-1.079,9.643
Acetylcholinesterase,6g4n,E2W,603,1,B,4307,CL2,9.248,1.308,-5.993,9.975
Acetylcholinesterase,1u65,CP0,603,1,A,4278,N1,-17.188,113.198,39.692,5.468
Acetylcholinesterase,1u65,CP0,603,1,A,4279,N4,-14.792,114.665,41.913,2.187
Acetylcholinesterase,1u65,CP0,603,1,A,4280,O1,-22.393,109.692,38.469,0.0
Acetylcholinesterase,1u65,CP0,603,1,A,4281,O2,-22.34,110.742,40.483,2.143
Acetylcholinesterase,1u65,CP0,603,1,A,4282,O18,-13.147,115.667,43.335,31.072
Acetylcholinesterase,1u65,CP0,603,1,A,4283,O19,-10.634,116.617,39.758,16.072
Acetylcholinesterase,1u65,CP0,603,1,A,4284,O22,-10.253,116.594,37.536,10.715
Acetylcholinesterase,1u65,CP0,603,1,A,4285,O23,-12.075,114.316,37.606,0.0
Acetylcholinesterase,1u65,CP0,603,1,A,4286,C13,-18.457,112.588,39.982,3.623
Acetylcholinesterase,1u65,CP0,603,1,A,4287,C10,-21.051,111.355,40.403,0.0
Acetylcholinesterase,1u65,CP0,603,1,A,4288,C14,-14.525,114.556,39.477,1.208
Acetylcholinesterase,1u65,CP0,603,1,A,4289,C6,-16.858,113.631,42.147,2.415
Acetylcholinesterase,1u65,CP0,603,1,A,4290,C8,-19.014,112.467,41.401,2.415
Acetylcholinesterase,1u65,CP0,603,1,A,4291,C7,-18.154,113.019,42.488,1.208
Acetylcholinesterase,1u65,CP0,603,1,A,4292,C37,-22.999,109.99,39.426,0.0
Acetylcholinesterase,1u65,CP0,603,1,A,4293,C3,-15.268,114.287,40.596,3.623
Acetylcholinesterase,1u65,CP0,603,1,A,4294,C9,-20.351,111.821,41.54,1.208
Acetylcholinesterase,1u65,CP0,603,1,A,4295,C12,-19.175,112.097,38.746,4.831
Acetylcholinesterase,1u65,CP0,603,1,A,4296,C11,-20.419,111.513,39.013,4.831
Acetylcholinesterase,1u65,CP0,603,1,A,4297,C2,-16.511,113.655,40.739,2.415
Acetylcholinesterase,1u65,CP0,603,1,A,4298,C16,-12.715,115.646,40.875,2.415
Acetylcholinesterase,1u65,CP0,603,1,A,4299,C15,-13.222,115.25,39.606,1.208
Acetylcholinesterase,1u65,CP0,603,1,A,4300,C23,-13.483,115.372,42.155,4.831
Acetylcholinesterase,1u65,CP0,603,1,A,4301,C17,-11.347,116.371,41.037,18.114
Acetylcholinesterase,1u65,CP0,603,1,A,4302,C5,-15.762,114.281,42.983,14.492
Acetylcholinesterase,1u65,CP0,603,1,A,4303,C21,-11.006,116.296,38.464,0.0
Acetylcholinesterase,1u65,CP0,603,1,A,4304,C28,-13.348,116.19,37.233,0.0
Acetylcholinesterase,1u65,CP0,603,1,A,4305,C20,-12.408,115.556,38.269,0.0
Acetylcholinesterase,1u65,CP0,603,1,A,4306,C31,-18.666,112.934,43.955,1.208
Acetylcholinesterase,1u65,CP0,603,1,A,4307,C32,-19.449,114.185,44.546,24.153
Acetylcholinesterase,1u65,CP0,603,1,A,4308,C33,-13.885,117.495,37.552,24.153
Acetylcholinesterase,1u65,CP0,603,1,A,4309,N2,-24.308,109.675,39.658,0.0
Acetylcholinesterase,1u65,CP0,603,1,A,4310,N3,-25.918,105.827,38.985,3.281
Acetylcholinesterase,1u65,CP0,603,1,A,4311,C25,-24.443,107.394,40.298,7.246
Acetylcholinesterase,1u65,CP0,603,1,A,4312,C22,-25.712,109.806,39.126,0.0
Acetylcholinesterase,1u65,CP0,603,1,A,4313,C24,-25.768,107.253,39.576,1.208
Acetylcholinesterase,1u65,CP0,603,1,A,4314,C26,-24.246,108.832,40.841,2.415
Acetylcholinesterase,1u65,CP0,603,1,A,4315,C29,-27.082,105.73,37.909,0.0
Acetylcholinesterase,1u65,CP0,603,1,A,4316,C34,-26.859,104.457,37.148,1.208
Acetylcholinesterase,1u65,CP0,603,1,A,4317,C35,-26.205,104.809,40.048,1.208
Acetylcholinesterase,1u65,CP0,603,1,A,4318,C27,-26.335,103.352,39.528,6.038
Acetylcholinesterase,1u65,CP0,603,1,A,4319,C30,-27.049,103.23,38.094,0.0
Acetylcholinesterase,1u65,CP0,603,1,A,4320,C36,-25.918,108.365,38.445,0.0
Acetylcholinesterase,6g4o,ELT,603,1,A,4244,P01,-1.518,-1.857,-4.262,0.0
Acetylcholinesterase,6g4o,ELT,603,1,A,4245,O02,-1.887,-1.183,-5.536,0.0
Acetylcholinesterase,6g4o,ELT,603,1,A,4246,N03,-1.338,-0.86,-2.996,0.0
Acetylcholinesterase,6g4o,ELT,603,1,A,4247,C04,-0.573,0.322,-3.14,0.0
Acetylcholinesterase,6g4o,ELT,603,1,A,4248,C05,-1.162,-1.531,-1.672,4.831
Acetylcholinesterase,6g4o,ELT,603,1,A,4249,O06,-0.241,-2.836,-4.447,0.0
Acetylcholinesterase,6g4o,ELT,603,1,A,4250,C07,0.666,-2.55,-5.526,8.453
Acetylcholinesterase,6g4o,ELT,603,1,A,4251,C08,2.173,-2.614,-5.178,22.945
Acetylcholinesterase,6g1w,E0Z,604,1,A,4312,C10,-5.865,-5.986,55.234,0.0
Acetylcholinesterase,6g1w,E0Z,604,1,A,4313,C13,-2.33,-4.689,55.599,0.0
Acetylcholinesterase,6g1w,E0Z,604,1,A,4314,C17,-6.175,-2.265,56.854,4.831
Acetylcholinesterase,6g1w,E0Z,604,1,A,4315,C24,-6.238,0.235,51.215,1.208
Acetylcholinesterase,6g1w,E0Z,604,1,A,4316,C28,-6.578,1.577,49.091,0.0
Acetylcholinesterase,6g1w,E0Z,604,1,A,4317,C01,-0.167,-3.648,56.132,2.415
Acetylcholinesterase,6g1w,E0Z,604,1,A,4318,C02,0.432,-4.395,55.093,2.415
Acetylcholinesterase,6g1w,E0Z,604,1,A,4319,C03,-0.319,-5.297,54.338,0.0
Acetylcholinesterase,6g1w,E0Z,604,1,A,4320,C04,-1.727,-5.432,54.607,0.0
Acetylcholinesterase,6g1w,E0Z,604,1,A,4321,C06,-3.803,-6.501,54.049,0.0
Acetylcholinesterase,6g1w,E0Z,604,1,A,4322,C07,-4.508,-7.43,53.243,0.0
Acetylcholinesterase,6g1w,E0Z,604,1,A,4323,C08,-5.869,-7.608,53.447,0.0
Acetylcholinesterase,6g1w,E0Z,604,1,A,4324,C09,-6.566,-6.892,54.437,0.0
Acetylcholinesterase,6g1w,E0Z,604,1,A,4325,C11,-4.466,-5.8,55.016,0.0
Acetylcholinesterase,6g1w,E0Z,604,1,A,4326,C12,-3.75,-4.863,55.829,0.0
Acetylcholinesterase,6g1w,E0Z,604,1,A,4327,C14,-1.545,-3.782,56.385,6.038
Acetylcholinesterase,6g1w,E0Z,604,1,A,4328,C16,-4.718,-2.707,56.651,2.415
Acetylcholinesterase,6g1w,E0Z,604,1,A,4329,C18,-5.601,-1.056,54.86,3.623
Acetylcholinesterase,6g1w,E0Z,604,1,A,4330,C19,-6.27,-0.65,53.655,0.0
Acetylcholinesterase,6g1w,E0Z,604,1,A,4331,C23,-5.533,0.143,52.56,2.415
Acetylcholinesterase,6g1w,E0Z,604,1,A,4332,C29,-7.61,2.704,49.109,0.0
Acetylcholinesterase,6g1w,E0Z,604,1,A,4333,C30,-7.149,3.984,48.93,0.0
Acetylcholinesterase,6g1w,E0Z,604,1,A,4334,C31,-8.043,5.036,48.953,0.0
Acetylcholinesterase,6g1w,E0Z,604,1,A,4335,C32,-9.407,4.84,49.126,0.0
Acetylcholinesterase,6g1w,E0Z,604,1,A,4336,C33,-9.878,3.546,49.308,15.699
Acetylcholinesterase,6g1w,E0Z,604,1,A,4337,C34,-8.973,2.487,49.304,6.038
Acetylcholinesterase,6g1w,E0Z,604,1,A,4338,C37,-6.772,6.195,47.572,0.0
Acetylcholinesterase,6g1w,E0Z,604,1,A,4339,N05,-2.461,-6.314,53.869,0.0
Acetylcholinesterase,6g1w,E0Z,604,1,A,4340,N20,-6.524,-1.692,55.573,0.0
Acetylcholinesterase,6g1w,E0Z,604,1,A,4341,N21,-7.675,-1.728,54.902,1.094
Acetylcholinesterase,6g1w,E0Z,604,1,A,4342,N22,-7.551,-1.087,53.74,6.562
Acetylcholinesterase,6g1w,E0Z,604,1,A,4343,N26,-5.956,1.413,50.397,0.0
Acetylcholinesterase,6g1w,E0Z,604,1,A,4344,N27,-4.495,-4.13,56.844,0.0
Acetylcholinesterase,6g1w,E0Z,604,1,A,4345,O25,-6.977,-0.629,50.862,0.0
Acetylcholinesterase,6g1w,E0Z,604,1,A,4346,O35,-10.282,5.942,49.124,34.287
Acetylcholinesterase,6g1w,E0Z,604,1,A,4347,O36,-7.504,6.295,48.745,0.0
Acetylcholinesterase,6g1w,E0Z,604,1,A,4348,CL1,-6.738,-8.765,52.421,0.0
Acetylcholinesterase,7aiu,8UQ,606,1,A,4349,CAA,87.344,113.439,22.417,0.0
Acetylcholinesterase,7aiu,8UQ,606,1,A,4350,CAB,85.979,113.684,22.322,0.0
Acetylcholinesterase,7aiu,8UQ,606,1,A,4351,CAC,85.203,112.924,21.449,0.0
Acetylcholinesterase,7aiu,8UQ,606,1,A,4352,CAD,85.796,111.921,20.693,0.0
Acetylcholinesterase,7aiu,8UQ,606,1,A,4353,CAE,87.169,111.641,20.769,0.0
Acetylcholinesterase,7aiu,8UQ,606,1,A,4354,CAF,87.924,112.429,21.659,0.0
Acetylcholinesterase,7aiu,8UQ,606,1,A,4355,CAG,89.919,111.317,21.133,0.0
Acetylcholinesterase,7aiu,8UQ,606,1,A,4356,CAH,89.246,110.502,20.2,0.0
Acetylcholinesterase,7aiu,8UQ,606,1,A,4357,CAI,87.854,110.63,20.052,0.0
Acetylcholinesterase,7aiu,8UQ,606,1,A,4358,CAJ,90.029,109.523,19.65,1.208
Acetylcholinesterase,7aiu,8UQ,606,1,A,4359,CAK,91.391,109.766,19.266,4.831
Acetylcholinesterase,7aiu,8UQ,606,1,A,4360,CAL,91.626,109.863,20.731,0.0
Acetylcholinesterase,7aiu,8UQ,606,1,A,4361,CAM,91.34,111.195,21.331,0.0
Acetylcholinesterase,7aiu,8UQ,606,1,A,4362,CAP,89.776,108.111,20.138,0.0
Acetylcholinesterase,7aiu,8UQ,606,1,A,4363,CAQ,90.672,107.9,21.277,0.0
Acetylcholinesterase,7aiu,8UQ,606,1,A,4364,CAR,90.592,106.751,22.097,1.208
Acetylcholinesterase,7aiu,8UQ,606,1,A,4365,CAS,85.858,109.431,18.991,0.0
Acetylcholinesterase,7aiu,8UQ,606,1,A,4366,CAU,85.709,107.923,19.051,7.246
Acetylcholinesterase,7aiu,8UQ,606,1,A,4367,CAV,84.372,107.618,19.704,0.0
Acetylcholinesterase,7aiu,8UQ,606,1,A,4368,CAW,81.724,102.756,22.093,0.0
Acetylcholinesterase,7aiu,8UQ,606,1,A,4369,CAZ,79.545,102.5,23.204,26.568
Acetylcholinesterase,7aiu,8UQ,606,1,A,4370,CBA,79.901,101.635,24.234,2.415
Acetylcholinesterase,7aiu,8UQ,606,1,A,4371,CBB,79.937,102.11,25.545,9.661
Acetylcholinesterase,7aiu,8UQ,606,1,A,4372,CBC,80.312,101.248,26.571,3.623
Acetylcholinesterase,7aiu,8UQ,606,1,A,4373,CBD,80.666,99.931,26.281,4.831
Acetylcholinesterase,7aiu,8UQ,606,1,A,4374,CBE,80.639,99.457,24.973,13.284
Acetylcholinesterase,7aiu,8UQ,606,1,A,4375,CBF,80.26,100.317,23.948,12.076
Acetylcholinesterase,7aiu,8UQ,606,1,A,4376,CBI,79.133,101.455,28.585,28.983
Acetylcholinesterase,7aiu,8UQ,606,1,A,4377,CBJ,82.968,103.628,21.928,7.246
Acetylcholinesterase,7aiu,8UQ,606,1,A,4378,CBK,82.578,104.993,21.39,1.208
Acetylcholinesterase,7aiu,8UQ,606,1,A,4379,CBL,83.817,105.884,21.393,4.831
Acetylcholinesterase,7aiu,8UQ,606,1,A,4380,CBM,84.275,106.116,19.954,1.208
Acetylcholinesterase,7aiu,8UQ,606,1,A,4381,CBN,91.74,108.785,21.53,0.0
Acetylcholinesterase,7aiu,8UQ,606,1,A,4382,NAN,89.235,112.244,21.803,0.0
Acetylcholinesterase,7aiu,8UQ,606,1,A,4383,NAT,87.277,109.802,19.154,1.094
Acetylcholinesterase,7aiu,8UQ,606,1,A,4384,NAY,80.774,103.252,22.899,3.281
Acetylcholinesterase,7aiu,8UQ,606,1,A,4385,OAX,81.633,101.676,21.511,1.071
Acetylcholinesterase,7aiu,8UQ,606,1,A,4386,OBG,81.026,99.139,27.33,8.572
Acetylcholinesterase,7aiu,8UQ,606,1,A,4387,OBH,80.368,101.64,27.883,0.0
Acetylcholinesterase,7aiu,8UQ,606,1,A,4388,CL1,85.221,114.94,23.306,0.0
Acetylcholinesterase,1qti,GNT,600,1,A,4204,C1,2.553,67.316,62.605,1.208
Acetylcholinesterase,1qti,GNT,600,1,A,4205,C2,2.729,67.755,61.329,3.623
Acetylcholinesterase,1qti,GNT,600,1,A,4206,C3,4.099,67.898,60.675,0.0
Acetylcholinesterase,1qti,GNT,600,1,A,4207,C4,5.217,68.04,61.762,0.0
Acetylcholinesterase,1qti,GNT,600,1,A,4208,C41,5.1,66.912,62.838,0.0
Acetylcholinesterase,1qti,GNT,600,1,A,4209,C42,3.694,66.926,63.583,0.0
Acetylcholinesterase,1qti,GNT,600,1,A,4210,O5,5.283,65.577,62.29,0.0
Acetylcholinesterase,1qti,GNT,600,1,A,4211,C6,4.666,63.381,63.229,0.0
Acetylcholinesterase,1qti,GNT,600,1,A,4212,C7,3.804,62.676,64.149,0.0
Acetylcholinesterase,1qti,GNT,600,1,A,4213,C8,2.843,63.381,64.937,7.246
Acetylcholinesterase,1qti,GNT,600,1,A,4214,C9,1.682,65.588,65.673,1.208
Acetylcholinesterase,1qti,GNT,600,1,A,4215,N10,2.29,66.659,66.531,1.094
Acetylcholinesterase,1qti,GNT,600,1,A,4216,C11,2.588,67.939,65.779,1.208
Acetylcholinesterase,1qti,GNT,600,1,A,4217,C12,3.837,67.841,64.855,0.0
Acetylcholinesterase,1qti,GNT,600,1,A,4218,C13,4.519,64.785,63.142,0.0
Acetylcholinesterase,1qti,GNT,600,1,A,4219,C14,3.576,65.464,63.921,1.208
Acetylcholinesterase,1qti,GNT,600,1,A,4220,C15,2.71,64.795,64.843,1.208
Acetylcholinesterase,1qti,GNT,600,1,A,4221,C16,5.872,61.344,62.42,0.0
Acetylcholinesterase,1qti,GNT,600,1,A,4222,O17,5.639,62.766,62.418,0.0
Acetylcholinesterase,1qti,GNT,600,1,A,4223,O18,4.341,66.739,59.851,0.0
Acetylcholinesterase,1qti,GNT,600,1,A,4224,C19,1.386,66.958,67.687,12.076
Acetylcholinesterase,6g4m,DQ5,601,1,A,4250,C02,-13.275,5.508,54.932,13.284
Acetylcholinesterase,6g4m,DQ5,601,1,A,4251,C03,-14.083,4.566,55.876,18.114
Acetylcholinesterase,6g4m,DQ5,601,1,A,4252,C04,-15.17,3.708,55.139,28.983
Acetylcholinesterase,6g4m,DQ5,601,1,A,4253,C05,-14.592,2.78,54.033,6.038
Acetylcholinesterase,6g4m,DQ5,601,1,A,4254,C06,-14.524,3.538,52.686,2.415
Acetylcholinesterase,6g4m,DQ5,601,1,A,4255,C07,-15.233,4.724,52.544,13.284
Acetylcholinesterase,6g4m,DQ5,601,1,A,4256,C08,-15.186,5.436,51.371,21.737
Acetylcholinesterase,6g4m,DQ5,601,1,A,4257,C09,-14.447,4.971,50.319,1.208
Acetylcholinesterase,6g4m,DQ5,601,1,A,4258,C11,-13.722,3.77,50.453,3.623
Acetylcholinesterase,6g4m,DQ5,601,1,A,4259,C12,-12.903,3.219,49.277,6.038
Acetylcholinesterase,6g4m,DQ5,601,1,A,4260,C16,-11.162,4.796,53.538,0.0
Acetylcholinesterase,6g4m,DQ5,601,1,A,4261,C17,-11.062,5.721,52.407,0.0
Acetylcholinesterase,6g4m,DQ5,601,1,A,4262,C18,-11.73,7.073,52.403,4.831
Acetylcholinesterase,6g4m,DQ5,601,1,A,4263,C19,-11.646,7.906,51.113,14.492
Acetylcholinesterase,6g4m,DQ5,601,1,A,4264,C20,-11.25,7.177,49.84,13.284
Acetylcholinesterase,6g4m,DQ5,601,1,A,4265,C21,-10.144,6.163,50.038,0.0
Acetylcholinesterase,6g4m,DQ5,601,1,A,4266,C22,-10.336,5.323,51.292,0.0
Acetylcholinesterase,6g4m,DQ5,601,1,A,4267,C24,-9.783,3.186,52.309,0.0
Acetylcholinesterase,6g4m,DQ5,601,1,A,4268,C25,-9.136,1.949,52.218,0.0
Acetylcholinesterase,6g4m,DQ5,601,1,A,4269,C26,-9.197,1.041,53.261,0.0
Acetylcholinesterase,6g4m,DQ5,601,1,A,4270,C27,-9.894,1.373,54.402,2.415
Acetylcholinesterase,6g4m,DQ5,601,1,A,4271,C28,-10.542,2.611,54.494,0.0
Acetylcholinesterase,6g4m,DQ5,601,1,A,4272,C29,-10.492,3.527,53.449,0.0
Acetylcholinesterase,6g4m,DQ5,601,1,A,4273,N01,-11.879,5.098,54.79,0.0
Acetylcholinesterase,6g4m,DQ5,601,1,A,4274,N13,-11.583,3.233,49.237,1.094
Acetylcholinesterase,6g4m,DQ5,601,1,A,4275,N15,-13.77,3.066,51.634,2.187
Acetylcholinesterase,6g4m,DQ5,601,1,A,4276,N23,-9.705,4.082,51.244,0.0
Acetylcholinesterase,6g4m,DQ5,601,1,A,4277,O10,-14.44,5.731,49.116,31.072
Acetylcholinesterase,6g4m,DQ5,601,1,A,4278,O14,-10.877,2.075,49.437,0.0
Acetylcholinesterase,6g4m,DQ5,602,1,A,4279,C02,-5.189,-2.658,55.5,6.038
Acetylcholinesterase,6g4m,DQ5,602,1,A,4280,C03,-6.682,-2.218,55.37,3.623
Acetylcholinesterase,6g4m,DQ5,602,1,A,4281,C04,-7.037,-1.366,54.09,0.0
Acetylcholinesterase,6g4m,DQ5,602,1,A,4282,C05,-5.855,-0.749,53.267,2.415
Acetylcholinesterase,6g4m,DQ5,602,1,A,4283,C06,-6.347,-0.133,51.928,0.0
Acetylcholinesterase,6g4m,DQ5,602,1,A,4284,C07,-7.207,-0.898,51.159,0.0
Acetylcholinesterase,6g4m,DQ5,602,1,A,4285,C08,-7.693,-0.424,49.956,0.0
Acetylcholinesterase,6g4m,DQ5,602,1,A,4286,C09,-7.335,0.81,49.486,0.0
Acetylcholinesterase,6g4m,DQ5,602,1,A,4287,C11,-6.463,1.605,50.249,0.0
Acetylcholinesterase,6g4m,DQ5,602,1,A,4288,C12,-6.089,2.993,49.682,0.0
Acetylcholinesterase,6g4m,DQ5,602,1,A,4289,C16,-4.095,-4.95,55.154,0.0
Acetylcholinesterase,6g4m,DQ5,602,1,A,4290,C17,-2.655,-4.71,55.039,0.0
Acetylcholinesterase,6g4m,DQ5,602,1,A,4291,C18,-1.982,-3.554,55.751,7.246
Acetylcholinesterase,6g4m,DQ5,602,1,A,4292,C19,-0.46,-3.737,55.849,3.623
Acetylcholinesterase,6g4m,DQ5,602,1,A,4293,C20,0.182,-4.188,54.549,1.208
Acetylcholinesterase,6g4m,DQ5,602,1,A,4294,C21,-0.404,-5.493,54.044,0.0
Acetylcholinesterase,6g4m,DQ5,602,1,A,4295,C22,-1.898,-5.593,54.259,0.0
Acetylcholinesterase,6g4m,DQ5,602,1,A,4296,C24,-3.842,-6.912,53.68,0.0
Acetylcholinesterase,6g4m,DQ5,602,1,A,4297,C25,-4.382,-8.005,53.004,0.0
Acetylcholinesterase,6g4m,DQ5,602,1,A,4298,C26,-5.751,-8.266,53.085,0.0
Acetylcholinesterase,6g4m,DQ5,602,1,A,4299,C27,-6.585,-7.451,53.83,0.0
Acetylcholinesterase,6g4m,DQ5,602,1,A,4300,C28,-6.03,-6.363,54.519,0.0
Acetylcholinesterase,6g4m,DQ5,602,1,A,4301,C29,-4.66,-6.081,54.445,0.0
Acetylcholinesterase,6g4m,DQ5,602,1,A,4302,N01,-4.957,-4.046,55.949,1.094
Acetylcholinesterase,6g4m,DQ5,602,1,A,4303,N13,-7.023,3.824,49.217,0.0
Acetylcholinesterase,6g4m,DQ5,602,1,A,4304,N15,-5.975,1.125,51.463,0.0
Acetylcholinesterase,6g4m,DQ5,602,1,A,4305,N23,-2.473,-6.671,53.59,0.0
Acetylcholinesterase,6g4m,DQ5,602,1,A,4306,O10,-7.863,1.259,48.239,0.0
Acetylcholinesterase,6g4m,DQ5,602,1,A,4307,O14,-6.796,4.746,48.215,0.0
Acetylcholinesterase,6g4p,ELT,603,1,B,4281,P01,-1.447,-1.861,-4.501,0.0
Acetylcholinesterase,6g4p,ELT,603,1,B,4282,O02,-1.735,-1.029,-5.703,0.0
Acetylcholinesterase,6g4p,ELT,603,1,B,4283,N03,-1.408,-1.036,-3.087,0.0
Acetylcholinesterase,6g4p,ELT,603,1,B,4284,C04,-0.997,0.321,-3.036,0.0
Acetylcholinesterase,6g4p,ELT,603,1,B,4285,C05,-1.198,-1.829,-1.846,2.415
Acetylcholinesterase,6g4p,ELT,603,1,B,4286,O06,-0.154,-2.802,-4.734,0.0
Acetylcholinesterase,6g4p,ELT,603,1,B,4287,C07,0.62,-2.682,-5.916,9.661
Acetylcholinesterase,6g4p,ELT,603,1,B,4288,C08,2.088,-2.362,-5.625,20.53
Acetylcholinesterase,7ais,8UH,601,1,B,4293,CAK,91.41,-111.637,83.209,4.831
Acetylcholinesterase,7ais,8UH,601,1,B,4294,CAL,91.659,-111.69,81.776,0.0
Acetylcholinesterase,7ais,8UH,601,1,B,4295,CAM,91.188,-112.992,81.257,0.0
Acetylcholinesterase,7ais,8UH,601,1,B,4296,CBL,91.526,-110.596,81.052,0.0
Acetylcholinesterase,7ais,8UH,601,1,B,4297,CAQ,90.438,-109.746,81.371,0.0
Acetylcholinesterase,7ais,8UH,601,1,B,4298,CAR,90.243,-108.609,80.628,1.208
Acetylcholinesterase,7ais,8UH,601,1,B,4299,CAP,89.547,-110.008,82.507,1.208
Acetylcholinesterase,7ais,8UH,601,1,B,4300,CAJ,89.829,-111.389,83.186,3.623
Acetylcholinesterase,7ais,8UH,601,1,B,4301,CAH,89.068,-112.381,82.443,0.0
Acetylcholinesterase,7ais,8UH,601,1,B,4302,CAG,89.759,-113.129,81.466,0.0
Acetylcholinesterase,7ais,8UH,601,1,B,4303,NAN,89.093,-114.008,80.755,0.0
Acetylcholinesterase,7ais,8UH,601,1,B,4304,CAF,87.797,-114.219,80.894,0.0
Acetylcholinesterase,7ais,8UH,601,1,B,4305,CAA,87.182,-115.164,80.089,0.0
Acetylcholinesterase,7ais,8UH,601,1,B,4306,CAB,85.837,-115.397,80.173,0.0
Acetylcholinesterase,7ais,8UH,601,1,B,4307,CL1,85.05,-116.566,79.135,0.0
Acetylcholinesterase,7ais,8UH,601,1,B,4308,CAC,85.105,-114.697,81.091,0.0
Acetylcholinesterase,7ais,8UH,601,1,B,4309,CAD,85.697,-113.751,81.893,0.0
Acetylcholinesterase,7ais,8UH,601,1,B,4310,CAE,87.046,-113.497,81.815,0.0
Acetylcholinesterase,7ais,8UH,601,1,B,4311,CAI,87.719,-112.548,82.59,0.0
Acetylcholinesterase,7ais,8UH,601,1,B,4312,NAT,87.151,-111.783,83.485,1.094
Acetylcholinesterase,7ais,8UH,601,1,B,4313,CAS,85.796,-111.834,83.998,1.208
Acetylcholinesterase,7ais,8UH,601,1,B,4314,CAU,84.871,-110.996,83.157,0.0
Acetylcholinesterase,7ais,8UH,601,1,B,4315,CAV,85.138,-109.537,83.32,6.038
Acetylcholinesterase,7ais,8UH,601,1,B,4316,CBK,84.079,-108.816,82.562,0.0
Acetylcholinesterase,7ais,8UH,601,1,B,4317,CBJ,84.481,-107.356,82.273,0.0
Acetylcholinesterase,7ais,8UH,601,1,B,4318,CAW,83.239,-106.927,81.647,0.0
Acetylcholinesterase,7ais,8UH,601,1,B,4319,OAX,82.24,-106.84,82.285,1.071
Acetylcholinesterase,7ais,8UH,601,1,B,4320,NAY,83.286,-106.776,80.359,8.749
Acetylcholinesterase,7ais,8UH,601,1,B,4321,CAZ,82.102,-106.454,79.556,10.869
Acetylcholinesterase,7ais,8UH,601,1,B,4322,CBA,81.376,-105.419,79.974,2.415
Acetylcholinesterase,7ais,8UH,601,1,B,4323,CBB,80.166,-105.265,79.353,8.453
Acetylcholinesterase,7ais,8UH,601,1,B,4324,CBF,81.843,-104.537,80.911,1.208
Acetylcholinesterase,7ais,8UH,601,1,B,4325,CBE,81.062,-103.472,81.256,0.0
Acetylcholinesterase,7ais,8UH,601,1,B,4326,CBD,79.841,-103.307,80.661,4.831
Acetylcholinesterase,7ais,8UH,601,1,B,4327,OBG,79.092,-102.268,81.002,32.144
Acetylcholinesterase,7ais,8UH,601,1,B,4328,CBC,79.378,-104.2,79.702,3.623
Acetylcholinesterase,7ais,8UH,601,1,B,4329,OBH,78.158,-103.976,79.159,19.286
Acetylcholinesterase,7ais,8UH,601,1,B,4330,CBI,78.015,-104.302,77.776,50.72
Acetylcholinesterase,2c5f,NWA,1541,1,A,4403,N1,4.465,68.629,62.271,0.0
Acetylcholinesterase,2c5f,NWA,1541,1,A,4404,C2,5.072,67.298,62.47,2.415
Acetylcholinesterase,2c5f,NWA,1541,1,A,4405,C3,4.536,66.072,61.719,2.415
Acetylcholinesterase,2c5f,NWA,1541,1,A,4406,C5,5.372,63.898,60.82,0.0
Acetylcholinesterase,2c5f,NWA,1541,1,A,4407,O7,4.25,63.523,60.01,0.0
Acetylcholinesterase,2c5f,NWA,1541,1,A,4408,C6,5.388,62.682,61.75,1.208
Acetylcholinesterase,2c5f,NWA,1541,1,A,4409,C8,3.159,68.758,62.938,16.907
Acetylcholinesterase,2c5f,NWA,1541,1,A,4410,C9,5.397,69.599,62.866,0.0
Acetylcholinesterase,2c5f,NWA,1541,1,A,4411,C10,4.294,69.049,60.867,0.0
Acetylcholinesterase,2c5f,NWA,1541,1,A,4412,C4,5.417,64.857,62.013,1.208
Acetylcholinesterase,1oce,MF2,700,1,A,4204,C2,1.081,63.548,71.66,3.623
Acetylcholinesterase,1oce,MF2,700,1,A,4205,C3,-0.436,63.57,72.015,1.208
Acetylcholinesterase,1oce,MF2,700,1,A,4206,O4,-0.746,62.395,72.832,7.5
Acetylcholinesterase,1oce,MF2,700,1,A,4207,C7,-0.87,59.974,73.06,38.644
Acetylcholinesterase,1oce,MF2,700,1,A,4208,C8,-0.808,64.856,72.812,3.623
Acetylcholinesterase,1oce,MF2,700,1,A,4209,C9,2.823,62.313,70.452,12.076
Acetylcholinesterase,1oce,MF2,700,1,A,4210,C10,3.01,62.903,69.016,0.0
Acetylcholinesterase,1oce,MF2,700,1,A,4211,C11,3.354,64.439,69.03,4.831
Acetylcholinesterase,1oce,MF2,700,1,A,4212,C12,4.552,64.796,68.084,0.0
Acetylcholinesterase,1oce,MF2,700,1,A,4213,C13,4.091,65.575,66.803,14.492
Acetylcholinesterase,1oce,MF2,700,1,A,4214,C14,3.377,64.653,65.749,3.623
Acetylcholinesterase,1oce,MF2,700,1,A,4215,C15,4.014,64.776,64.337,13.284
Acetylcholinesterase,1oce,MF2,700,1,A,4216,C16,4.294,63.385,63.716,0.0
Acetylcholinesterase,1oce,MF2,700,1,A,4217,N1,1.399,62.286,70.923,0.0
Acetylcholinesterase,1oce,MF2,700,1,A,4218,C5,-0.452,61.154,72.143,0.0
Acetylcholinesterase,1oce,MF2,700,1,A,4219,C6,1.074,61.11,71.789,13.284
Acetylcholinesterase,1oce,MF2,700,1,A,4220,N17,5.448,63.418,62.812,0.0
Acetylcholinesterase,1oce,MF2,700,1,A,4221,C18,5.284,63.234,61.41,0.0
Acetylcholinesterase,1oce,MF2,700,1,A,4222,O19,4.212,62.873,60.954,0.0
Acetylcholinesterase,1h23,E12,1536,1,A,4185,C1,4.522,59.602,71.666,0.0
Acetylcholinesterase,1h23,E12,1536,1,A,4186,N2,3.7,58.511,71.897,0.0
Acetylcholinesterase,1h23,E12,1536,1,A,4187,O7,5.331,59.604,70.717,0.0
Acetylcholinesterase,1h23,E12,1536,1,A,4188,C4,2.505,59.421,73.742,1.208
Acetylcholinesterase,1h23,E12,1536,1,A,4189,C5,3.345,60.645,73.597,0.0
Acetylcholinesterase,1h23,E12,1536,1,A,4190,C14,0.633,57.193,73.609,7.246
Acetylcholinesterase,1h23,E12,1536,1,A,4191,N17,0.428,60.376,74.765,13.123
Acetylcholinesterase,1h23,E12,1536,1,A,4192,C24,-0.413,60.535,73.489,2.415
Acetylcholinesterase,1h23,E12,1536,1,A,4193,C6,4.304,60.758,72.616,0.0
Acetylcholinesterase,1h23,E12,1536,1,A,4194,C9,2.005,57.036,72.928,3.623
Acetylcholinesterase,1h23,E12,1536,1,A,4195,C10,1.477,59.297,74.887,9.661
Acetylcholinesterase,1h23,E12,1536,1,A,4196,C13,0.784,57.911,74.989,31.398
Acetylcholinesterase,1h23,E12,1536,1,A,4197,C63,-0.701,62.045,73.395,15.699
Acetylcholinesterase,1h23,E12,1536,1,A,4198,C29,1.083,68.622,60.981,0.0
Acetylcholinesterase,1h23,E12,1536,1,A,4199,C3,2.751,58.375,72.871,0.0
Acetylcholinesterase,1h23,E12,1536,1,A,4200,N30,2.473,68.594,61.022,0.0
Acetylcholinesterase,1h23,E12,1536,1,A,4201,C31,3.258,68.56,62.137,0.0
Acetylcholinesterase,1h23,E12,1536,1,A,4202,C32,2.651,68.527,63.392,0.0
Acetylcholinesterase,1h23,E12,1536,1,A,4203,C33,1.168,68.531,63.456,1.208
Acetylcholinesterase,1h23,E12,1536,1,A,4204,C34,0.399,68.567,62.332,0.0
Acetylcholinesterase,1h23,E12,1536,1,A,4205,O35,0.494,68.772,59.902,0.0
Acetylcholinesterase,1h23,E12,1536,1,A,4206,C36,4.787,68.554,61.926,1.208
Acetylcholinesterase,1h23,E12,1536,1,A,4207,C37,3.508,68.53,64.655,0.0
Acetylcholinesterase,1h23,E12,1536,1,A,4208,C38,5.007,68.25,64.418,0.0
Acetylcholinesterase,1h23,E12,1536,1,A,4209,C39,5.52,69.022,63.197,0.0
Acetylcholinesterase,1h23,E12,1536,1,A,4210,N40,3.038,67.597,65.754,7.655
Acetylcholinesterase,1h23,E12,1536,1,A,4211,C41,3.19,66.131,65.576,2.415
Acetylcholinesterase,1h23,E12,1536,1,A,4212,C64,-0.465,62.556,71.994,0.0
Acetylcholinesterase,1h23,E12,1536,1,A,4213,C65,1.026,62.586,71.689,1.208
Acetylcholinesterase,1h23,E12,1536,1,A,4214,C66,1.297,62.498,70.208,1.208
Acetylcholinesterase,1h23,E12,1536,1,A,4215,C67,2.781,62.582,69.929,0.0
Acetylcholinesterase,1h23,E12,1536,1,A,4216,C68,3.345,63.972,70.136,2.415
Acetylcholinesterase,1h23,E12,1536,1,A,4217,C69,4.602,64.242,69.326,0.0
Acetylcholinesterase,1h23,E12,1536,1,A,4218,C70,4.808,65.734,69.131,0.0
Acetylcholinesterase,1h23,E12,1536,1,A,4219,C71,3.955,66.334,68.017,4.831
Acetylcholinesterase,1h23,E12,1536,1,A,4220,C72,4.182,65.665,66.648,0.0
Acetylcholinesterase,1ax9,EDR,999,1,A,4153,C1,3.405,66.734,64.289,6.038
Acetylcholinesterase,1ax9,EDR,999,1,A,4154,C2,4.33,67.279,63.417,0.0
Acetylcholinesterase,1ax9,EDR,999,1,A,4155,C3,5.185,66.383,62.786,0.0
Acetylcholinesterase,1ax9,EDR,999,1,A,4156,C4,5.129,65.005,62.987,0.0
Acetylcholinesterase,1ax9,EDR,999,1,A,4157,C5,4.192,64.485,63.868,0.0
Acetylcholinesterase,1ax9,EDR,999,1,A,4158,C6,3.327,65.354,64.514,0.0
Acetylcholinesterase,1ax9,EDR,999,1,A,4159,O4,5.981,64.149,62.351,0.0
Acetylcholinesterase,1ax9,EDR,999,1,A,4160,N2,4.466,68.731,63.119,0.0
Acetylcholinesterase,1ax9,EDR,999,1,A,4161,C7,5.273,69.015,61.832,0.0
Acetylcholinesterase,1ax9,EDR,999,1,A,4162,C8,3.032,69.289,62.91,8.453
Acetylcholinesterase,1ax9,EDR,999,1,A,4163,C9,5.162,69.404,64.326,1.208
Acetylcholinesterase,1ax9,EDR,999,1,A,4164,C10,6.499,68.778,64.859,0.0
Acetylcholinesterase,6g17,NTJ,601,1,A,4309,O1,-51.798,33.189,-37.931,0.0
Acetylcholinesterase,6g17,NTJ,601,1,A,4310,P1,-50.542,32.977,-38.706,0.0
Acetylcholinesterase,6g17,NTJ,601,1,A,4311,N1,-49.87,34.309,-39.382,0.0
Acetylcholinesterase,6g17,NTJ,601,1,A,4312,C2,-48.528,34.729,-38.968,1.208
Acetylcholinesterase,6g17,NTJ,601,1,A,4313,C1,-50.757,35.425,-39.493,0.0
Acetylcholinesterase,6g17,NTJ,601,1,A,4314,O2,-50.734,31.825,-39.811,2.143
Acetylcholinesterase,6g17,NTJ,601,1,A,4315,C3,-51.189,32.223,-41.1,0.0
Acetylcholinesterase,6g17,NTJ,601,1,A,4316,C4,-52.647,31.886,-41.389,22.945
Acetylcholinesterase,2v97,CFQ,1536,1,B,8399,AS,80.524,57.181,80.502,4.358
Acetylcholinesterase,2v97,CFQ,1536,1,B,8400,AS,80.289,57.702,80.136,0.0
Acetylcholinesterase,2v97,CFQ,1536,1,B,8401,C1,79.1,55.911,79.34,44.682
Acetylcholinesterase,2v97,CFQ,1536,1,B,8402,C1,78.772,56.417,79.105,0.0
Acetylcholinesterase,2v97,CFQ,1536,1,B,8403,C2,81.485,56.04,82.153,4.831
Acetylcholinesterase,2v97,CFQ,1536,1,B,8404,C2,81.171,56.581,81.867,0.0
Acetylcholinesterase,2v97,CFQ,1536,1,B,8405,C3,79.38,58.872,81.42,47.098
Acetylcholinesterase,2v97,CFQ,1536,1,B,8406,C3,79.263,59.53,80.935,0.0
Acetylcholinesterase,2v97,CFQ,1536,1,B,8407,C4,82.069,57.997,79.091,13.284
Acetylcholinesterase,2v97,CFQ,1536,1,B,8408,C4,81.899,58.325,78.699,0.0
Acetylcholinesterase,2v97,CFQ,1536,1,B,8409,C5,82.891,56.883,78.431,3.623
Acetylcholinesterase,2v97,CFQ,1536,1,B,8410,C5,82.494,57.138,77.911,0.0
Acetylcholinesterase,2v97,CFQ,1536,1,B,8411,O1,82.265,55.615,78.683,0.0
Acetylcholinesterase,2v97,CFQ,1536,1,B,8412,O1,82.211,55.888,78.586,0.0
Acetylcholinesterase,2v97,CFQ,1536,1,B,8413,C6,82.817,54.463,78.033,0.0
Acetylcholinesterase,2v97,CFQ,1536,1,B,8414,C6,82.738,54.679,77.994,0.0
Acetylcholinesterase,2v97,CFQ,1536,1,B,8415,C14,81.702,53.638,77.362,0.0
Acetylcholinesterase,2v97,CFQ,1536,1,B,8416,C14,81.571,53.705,77.693,0.0
Acetylcholinesterase,2v97,CFQ,1536,1,B,8417,C7,83.683,53.749,79.113,0.0
Acetylcholinesterase,2v97,CFQ,1536,1,B,8418,C7,83.873,54.174,78.965,0.0
Acetylcholinesterase,2v97,CFQ,1536,1,B,8419,C8,85.06,53.386,78.872,0.0
Acetylcholinesterase,2v97,CFQ,1536,1,B,8420,C8,85.209,53.81,78.499,0.0
Acetylcholinesterase,2v97,CFQ,1536,1,B,8421,C9,85.782,52.734,79.93,0.0
Acetylcholinesterase,2v97,CFQ,1536,1,B,8422,C9,86.167,53.36,79.477,0.0
Acetylcholinesterase,2v97,CFQ,1536,1,B,8423,C10,85.166,52.461,81.175,0.0
Acetylcholinesterase,2v97,CFQ,1536,1,B,8424,C10,85.837,53.272,80.846,0.0
Acetylcholinesterase,2v97,CFQ,1536,1,B,8425,C11,83.824,52.814,81.399,1.208
Acetylcholinesterase,2v97,CFQ,1536,1,B,8426,C11,84.548,53.626,81.29,0.0
Acetylcholinesterase,2v97,CFQ,1536,1,B,8427,C12,83.09,53.449,80.386,2.415
Acetylcholinesterase,2v97,CFQ,1536,1,B,8428,C12,83.579,54.071,80.369,0.0
Acetylcholinesterase,2v97,CFQ,1536,1,B,8429,N2,85.848,53.628,77.578,0.0
Acetylcholinesterase,2v97,CFQ,1536,1,B,8430,N2,85.723,53.851,77.046,0.0
Acetylcholinesterase,2v97,CFQ,1536,1,B,8431,O2,87.021,53.29,77.468,0.0
Acetylcholinesterase,2v97,CFQ,1536,1,B,8432,O2,86.863,53.528,76.753,0.0
Acetylcholinesterase,2v97,CFQ,1536,1,B,8433,O3,85.358,54.177,76.592,0.0
Acetylcholinesterase,2v97,CFQ,1536,1,B,8434,O3,85.027,54.208,76.104,0.0
Acetylcholinesterase,2v97,CFQ,1536,1,B,8435,F1,82.162,52.527,76.822,0.0
Acetylcholinesterase,2v97,CFQ,1536,1,B,8436,F1,82.004,52.509,77.306,0.0
Acetylcholinesterase,2v97,CFQ,1536,1,B,8437,F2,80.77,53.238,78.224,5.175
Acetylcholinesterase,2v97,CFQ,1536,1,B,8438,F2,80.789,53.499,78.753,0.0
Acetylcholinesterase,2v97,CFQ,1536,1,B,8439,F3,81.116,54.332,76.378,8.281
Acetylcholinesterase,2v97,CFQ,1536,1,B,8440,F3,80.794,54.162,76.713,0.0
Acetylcholinesterase,2v97,CFQ,1537,1,B,8441,AS,92.314,46.953,82.295,0.0
Acetylcholinesterase,2v97,CFQ,1537,1,B,8442,AS,92.135,46.858,82.146,0.0
Acetylcholinesterase,2v97,CFQ,1537,1,B,8443,C1,91.552,47.833,84.184,4.831
Acetylcholinesterase,2v97,CFQ,1537,1,B,8444,C1,91.086,47.452,84.032,0.0
Acetylcholinesterase,2v97,CFQ,1537,1,B,8445,C2,93.892,45.485,82.803,0.0
Acetylcholinesterase,2v97,CFQ,1537,1,B,8446,C2,93.489,45.134,82.59,0.0
Acetylcholinesterase,2v97,CFQ,1537,1,B,8447,C3,93.17,48.614,81.088,0.0
Acetylcholinesterase,2v97,CFQ,1537,1,B,8448,C3,93.374,48.587,81.449,0.0
Acetylcholinesterase,2v97,CFQ,1537,1,B,8449,C4,90.681,45.971,81.194,0.0
Acetylcholinesterase,2v97,CFQ,1537,1,B,8450,C4,90.651,46.298,80.575,0.0
Acetylcholinesterase,2v97,CFQ,1537,1,B,8451,C5,89.426,46.826,81.259,0.0
Acetylcholinesterase,2v97,CFQ,1537,1,B,8452,C5,89.254,46.879,80.87,0.0
Acetylcholinesterase,2v97,CFQ,1537,1,B,8453,O1,89.738,48.251,81.403,0.0
Acetylcholinesterase,2v97,CFQ,1537,1,B,8454,O1,89.336,48.289,81.228,0.0
Acetylcholinesterase,2v97,CFQ,1537,1,B,8455,C6,89.356,49.194,80.345,0.0
Acetylcholinesterase,2v97,CFQ,1537,1,B,8456,C6,88.844,49.267,80.274,0.0
Acetylcholinesterase,2v97,CFQ,1537,1,B,8457,C14,89.852,50.626,80.686,0.0
Acetylcholinesterase,2v97,CFQ,1537,1,B,8458,C14,89.687,50.566,80.379,0.0
Acetylcholinesterase,2v97,CFQ,1537,1,B,8459,C7,87.802,49.098,80.077,0.0
Acetylcholinesterase,2v97,CFQ,1537,1,B,8460,C7,87.279,49.394,80.503,0.0
Acetylcholinesterase,2v97,CFQ,1537,1,B,8461,C8,86.754,49.102,81.1,0.0
Acetylcholinesterase,2v97,CFQ,1537,1,B,8462,C8,86.61,49.515,81.818,0.0
Acetylcholinesterase,2v97,CFQ,1537,1,B,8463,C9,85.415,49.03,80.66,0.0
Acetylcholinesterase,2v97,CFQ,1537,1,B,8464,C9,85.177,49.622,81.832,0.0
Acetylcholinesterase,2v97,CFQ,1537,1,B,8465,C10,85.112,48.967,79.299,0.0
Acetylcholinesterase,2v97,CFQ,1537,1,B,8466,C10,84.43,49.618,80.644,0.0
Acetylcholinesterase,2v97,CFQ,1537,1,B,8467,C11,86.103,48.969,78.332,0.0
Acetylcholinesterase,2v97,CFQ,1537,1,B,8468,C11,85.071,49.51,79.396,0.0
Acetylcholinesterase,2v97,CFQ,1537,1,B,8469,C12,87.419,49.033,78.711,0.0
Acetylcholinesterase,2v97,CFQ,1537,1,B,8470,C12,86.47,49.402,79.322,0.0
Acetylcholinesterase,2v97,CFQ,1537,1,B,8471,N2,86.918,49.196,82.613,0.0
Acetylcholinesterase,2v97,CFQ,1537,1,B,8472,N2,87.259,49.543,83.217,0.0
Acetylcholinesterase,2v97,CFQ,1537,1,B,8473,O2,85.962,49.225,83.373,5.357
Acetylcholinesterase,2v97,CFQ,1537,1,B,8474,O2,86.595,49.656,84.24,0.0
Acetylcholinesterase,2v97,CFQ,1537,1,B,8475,O3,88.007,49.271,83.145,5.357
Acetylcholinesterase,2v97,CFQ,1537,1,B,8476,O3,88.464,49.464,83.392,0.0
Acetylcholinesterase,2v97,CFQ,1537,1,B,8477,F1,90.074,50.803,81.978,0.0
Acetylcholinesterase,2v97,CFQ,1537,1,B,8478,F1,89.85,50.977,81.629,0.0
Acetylcholinesterase,2v97,CFQ,1537,1,B,8479,F2,90.961,50.912,80.057,1.035
Acetylcholinesterase,2v97,CFQ,1537,1,B,8480,F2,90.901,50.4,79.871,0.0
Acetylcholinesterase,2v97,CFQ,1537,1,B,8481,F3,89.004,51.57,80.321,0.0
Acetylcholinesterase,2v97,CFQ,1537,1,B,8482,F3,89.139,51.581,79.718,0.0
Acetylcholinesterase,5e2i,DME,605,1,A,4285,N1,60.452,30.448,182.136,0.0
Acetylcholinesterase,5e2i,DME,605,1,A,4286,C2,59.127,30.111,182.713,2.415
Acetylcholinesterase,5e2i,DME,605,1,A,4287,C3,58.817,28.635,182.511,1.208
Acetylcholinesterase,5e2i,DME,605,1,A,4288,C4,57.635,28.207,183.367,1.208
Acetylcholinesterase,5e2i,DME,605,1,A,4289,C5,56.308,28.594,182.73,1.208
Acetylcholinesterase,5e2i,DME,605,1,A,4290,C6,55.331,29.043,183.801,18.114
Acetylcholinesterase,5e2i,DME,605,1,A,4291,C7,55.611,30.483,184.209,1.208
Acetylcholinesterase,5e2i,DME,605,1,A,4292,C8,55.085,30.761,185.614,6.038
Acetylcholinesterase,5e2i,DME,605,1,A,4293,C9,54.363,32.101,185.684,3.623
Acetylcholinesterase,5e2i,DME,605,1,A,4294,C10,52.872,31.906,185.902,1.208
Acetylcholinesterase,5e2i,DME,605,1,A,4295,C11,52.569,31.618,187.366,14.492
Acetylcholinesterase,5e2i,DME,605,1,A,4296,N12,51.267,32.227,187.718,0.0
Acetylcholinesterase,5e2i,DME,605,1,A,4297,C13,61.247,31.526,182.76,0.0
Acetylcholinesterase,5e2i,DME,605,1,A,4298,C14,61.056,29.688,181.022,13.284
Acetylcholinesterase,5e2i,DME,605,1,A,4299,C15,59.846,31.433,181.171,20.53
Acetylcholinesterase,5e2i,DME,605,1,A,4300,C16,50.087,31.339,187.826,33.814
Acetylcholinesterase,5e2i,DME,605,1,A,4301,C17,51.136,33.704,187.869,21.737
Acetylcholinesterase,5e2i,DME,605,1,A,4302,C18,51.544,32.082,189.193,44.682
Acetylcholinesterase,1e3q,EBW,601,1,A,4255,C1,3.646,63.721,68.71,0.0
Acetylcholinesterase,1e3q,EBW,601,1,A,4256,C2,4.551,63.564,69.895,4.831
Acetylcholinesterase,1e3q,EBW,601,1,A,4257,C5,3.819,64.966,67.867,0.0
Acetylcholinesterase,1e3q,EBW,601,1,A,4258,C6,4.03,64.292,71.119,0.0
Acetylcholinesterase,1e3q,EBW,601,1,A,4259,C7,2.819,63.644,71.785,0.0
Acetylcholinesterase,1e3q,EBW,601,1,A,4260,C8,3.015,62.56,72.641,13.284
Acetylcholinesterase,1e3q,EBW,601,1,A,4261,C9,1.971,62.038,73.398,8.453
Acetylcholinesterase,1e3q,EBW,601,1,A,4262,C10,0.683,62.589,73.337,0.0
Acetylcholinesterase,1e3q,EBW,601,1,A,4263,C11,0.471,63.675,72.45,1.208
Acetylcholinesterase,1e3q,EBW,601,1,A,4264,N1,4.266,69.633,63.338,0.0
Acetylcholinesterase,1e3q,EBW,601,1,A,4265,N2,-0.437,62.055,74.231,0.0
Acetylcholinesterase,1e3q,EBW,601,1,A,4266,C12,1.531,64.199,71.688,3.623
Acetylcholinesterase,1e3q,EBW,601,1,A,4267,C13,3.338,64.78,66.446,0.0
Acetylcholinesterase,1e3q,EBW,601,1,A,4268,C14,3.546,66.027,65.632,0.0
Acetylcholinesterase,1e3q,EBW,601,1,A,4269,C15,2.741,67.154,65.818,8.453
Acetylcholinesterase,1e3q,EBW,601,1,A,4270,C16,2.964,68.312,65.079,7.246
Acetylcholinesterase,1e3q,EBW,601,1,A,4271,C17,4.001,68.371,64.132,0.0
Acetylcholinesterase,1e3q,EBW,601,1,A,4272,C18,4.794,67.235,63.959,0.0
Acetylcholinesterase,1e3q,EBW,601,1,A,4273,C19,4.566,66.083,64.698,1.208
Acetylcholinesterase,1e3q,EBW,601,1,A,4274,C20,5.251,69.382,62.241,0.0
Acetylcholinesterase,1e3q,EBW,601,1,A,4275,C21,2.998,70.11,62.715,7.246
Acetylcholinesterase,1e3q,EBW,601,1,A,4276,C22,4.793,70.696,64.254,0.0
Acetylcholinesterase,1e3q,EBW,601,1,A,4277,C23,6.071,70.348,64.957,0.0
Acetylcholinesterase,1e3q,EBW,601,1,A,4278,C24,-0.749,63.028,75.336,10.869
Acetylcholinesterase,1e3q,EBW,601,1,A,4279,C25,-0.056,60.738,74.839,32.606
Acetylcholinesterase,1e3q,EBW,601,1,A,4280,C26,-1.662,61.864,73.426,4.831
Acetylcholinesterase,1e3q,EBW,601,1,A,4281,C27,0.408,63.302,76.261,15.699
Acetylcholinesterase,1e3q,EBW,601,1,A,4282,C28,0.715,64.536,76.672,14.492
Acetylcholinesterase,1e3q,EBW,601,1,A,4283,C29,6.136,70.333,66.282,0.0
Acetylcholinesterase,1e3q,EBW,601,1,A,4284,O1,2.896,62.811,68.37,1.071
Acetylcholinesterase,6ewk,RM0,604,1,A,4320,O1,61.569,160.788,188.296,16.072
Acetylcholinesterase,6ewk,RM0,604,1,A,4321,C2,61.467,162.157,188.444,32.606
Acetylcholinesterase,6ewk,RM0,604,1,A,4322,C3,60.843,162.834,187.218,18.114
Acetylcholinesterase,6ewk,RM0,604,1,A,4323,N4,59.643,162.27,186.826,4.374
Acetylcholinesterase,6ewk,RM0,604,1,A,4324,C5,59.696,160.887,186.764,2.415
Acetylcholinesterase,6ewk,RM0,604,1,A,4325,C6,60.336,160.238,187.999,19.322
Acetylcholinesterase,6ewk,RM0,604,1,A,4326,C7,59.306,162.726,185.683,3.623
Acetylcholinesterase,6ewk,RM0,604,1,A,4327,C8,57.779,162.721,185.497,12.076
Acetylcholinesterase,6ewk,RM0,604,1,A,4328,C9,57.399,163.392,184.174,4.831
Acetylcholinesterase,6ewk,RM0,604,1,A,4329,C10,55.905,163.595,183.902,6.038
Acetylcholinesterase,6ewk,RM0,604,1,A,4330,C11,55.793,164.766,182.903,8.453
Acetylcholinesterase,6ewk,RM0,604,1,A,4331,C1,54.583,164.782,181.943,0.0
Acetylcholinesterase,6ewk,RM0,604,1,A,4332,N5,54.762,164.411,180.674,0.0
Acetylcholinesterase,6ewk,RM0,604,1,A,4333,C12,53.77,164.422,179.79,2.415
Acetylcholinesterase,6ewk,RM0,604,1,A,4334,C13,52.506,164.828,180.192,4.831
Acetylcholinesterase,6ewk,RM0,604,1,A,4335,C14,52.265,165.231,181.509,1.208
Acetylcholinesterase,6ewk,RM0,604,1,A,4336,C15,53.34,165.208,182.409,1.208
Acetylcholinesterase,6ewk,RM0,604,1,A,4337,O16,51.463,164.829,179.258,6.429
Acetylcholinesterase,6ewk,RM0,604,1,A,4338,C17,54.015,163.987,178.341,4.831
Acetylcholinesterase,6ewk,RM0,604,1,A,4339,N18,52.782,164.106,177.569,7.655
Acetylcholinesterase,6ewk,RM0,604,1,A,4340,O19,52.989,164.275,176.163,6.429
Acetylcholinesterase,7aiv,8UE,601,1,B,4284,CAA,91.112,165.195,97.285,0.0
Acetylcholinesterase,7aiv,8UE,601,1,B,4285,CAB,91.846,164.062,96.6,0.0
Acetylcholinesterase,7aiv,8UE,601,1,B,4286,CAC,91.381,163.965,95.157,4.831
Acetylcholinesterase,7aiv,8UE,601,1,B,4287,CAD,91.647,162.731,97.329,0.0
Acetylcholinesterase,7aiv,8UE,601,1,B,4288,CAE,90.492,162.062,96.971,0.0
Acetylcholinesterase,7aiv,8UE,601,1,B,4289,CAF,90.208,160.89,97.665,1.208
Acetylcholinesterase,7aiv,8UE,601,1,B,4290,CAG,89.681,162.47,95.903,0.0
Acetylcholinesterase,7aiv,8UE,601,1,B,4291,CAH,89.885,163.657,95.176,1.208
Acetylcholinesterase,7aiv,8UE,601,1,B,4292,CAI,89.118,164.593,95.905,0.0
Acetylcholinesterase,7aiv,8UE,601,1,B,4293,CAJ,89.747,165.294,96.956,0.0
Acetylcholinesterase,7aiv,8UE,601,1,B,4294,NAK,89.059,166.174,97.705,0.0
Acetylcholinesterase,7aiv,8UE,601,1,B,4295,CAL,87.759,166.422,97.534,0.0
Acetylcholinesterase,7aiv,8UE,601,1,B,4296,CAM,87.118,167.342,98.359,0.0
Acetylcholinesterase,7aiv,8UE,601,1,B,4297,CAN,85.761,167.606,98.192,0.0
Acetylcholinesterase,7aiv,8UE,601,1,B,4298,CL1,84.947,168.764,99.253,0.0
Acetylcholinesterase,7aiv,8UE,601,1,B,4299,CAP,85.054,166.943,97.188,0.0
Acetylcholinesterase,7aiv,8UE,601,1,B,4300,CAQ,85.708,166.027,96.367,0.0
Acetylcholinesterase,7aiv,8UE,601,1,B,4301,CAR,87.065,165.758,96.537,0.0
Acetylcholinesterase,7aiv,8UE,601,1,B,4302,CAS,87.727,164.83,95.727,0.0
Acetylcholinesterase,7aiv,8UE,601,1,B,4303,NAT,86.928,164.267,94.772,0.0
Acetylcholinesterase,7aiv,8UE,601,1,B,4304,CAU,86.908,162.895,94.207,2.415
Acetylcholinesterase,7aiv,8UE,601,1,B,4305,CBM,85.876,162.111,94.727,0.0
Acetylcholinesterase,7aiv,8UE,601,1,B,4306,CBN,84.905,162.682,95.531,0.0
Acetylcholinesterase,7aiv,8UE,601,1,B,4307,CBO,83.888,161.884,96.033,0.0
Acetylcholinesterase,7aiv,8UE,601,1,B,4308,CBL,85.811,160.746,94.439,2.415
Acetylcholinesterase,7aiv,8UE,601,1,B,4309,CBK,84.783,159.95,94.944,0.0
Acetylcholinesterase,7aiv,8UE,601,1,B,4310,CBJ,83.814,160.521,95.762,0.0
Acetylcholinesterase,7aiv,8UE,601,1,B,4311,CAV,82.729,159.78,96.274,2.415
Acetylcholinesterase,7aiv,8UE,601,1,B,4312,CAW,83.11,158.703,97.273,1.208
Acetylcholinesterase,7aiv,8UE,601,1,B,4313,OAX,83.964,157.862,96.983,0.0
Acetylcholinesterase,7aiv,8UE,601,1,B,4314,NAY,82.409,158.755,98.435,1.094
Acetylcholinesterase,7aiv,8UE,601,1,B,4315,CAZ,82.637,157.822,99.557,16.907
Acetylcholinesterase,7aiv,8UE,601,1,B,4316,CBA,81.453,157.463,100.204,1.208
Acetylcholinesterase,7aiv,8UE,601,1,B,4317,CBB,81.458,157.225,101.588,10.869
Acetylcholinesterase,7aiv,8UE,601,1,B,4318,CBC,80.271,157.325,99.474,13.284
Acetylcholinesterase,7aiv,8UE,601,1,B,4319,CBD,79.091,156.956,100.131,27.775
Acetylcholinesterase,7aiv,8UE,601,1,B,4320,CBE,79.091,156.721,101.514,2.415
Acetylcholinesterase,7aiv,8UE,601,1,B,4321,OBF,77.935,156.367,102.159,36.43
Acetylcholinesterase,7aiv,8UE,601,1,B,4322,CBG,80.285,156.839,102.261,0.0
Acetylcholinesterase,7aiv,8UE,601,1,B,4323,OBH,80.285,156.628,103.643,0.0
Acetylcholinesterase,7aiv,8UE,601,1,B,4324,CBI,79.833,155.415,104.287,25.36
Acetylcholinesterase,1gpk,HUP,1540,1,A,4282,C1,0.726,68.848,60.595,0.0
Acetylcholinesterase,1gpk,HUP,1540,1,A,4283,O1,0.265,69.331,59.526,0.0
Acetylcholinesterase,1gpk,HUP,1540,1,A,4284,N1,2.007,68.291,60.614,0.0
Acetylcholinesterase,1gpk,HUP,1540,1,A,4285,C2,0.003,68.825,61.859,0.0
Acetylcholinesterase,1gpk,HUP,1540,1,A,4286,C3,0.576,68.272,62.986,1.208
Acetylcholinesterase,1gpk,HUP,1540,1,A,4287,C4,1.908,67.694,62.988,0.0
Acetylcholinesterase,1gpk,HUP,1540,1,A,4288,C5,2.624,67.723,61.749,0.0
Acetylcholinesterase,1gpk,HUP,1540,1,A,4289,C6,4.017,67.169,61.56,0.0
Acetylcholinesterase,1gpk,HUP,1540,1,A,4290,C7,4.657,66.598,62.902,0.0
Acetylcholinesterase,1gpk,HUP,1540,1,A,4291,C8,5.376,67.694,63.716,0.0
Acetylcholinesterase,1gpk,HUP,1540,1,A,4292,C9,4.352,63.553,63.742,0.0
Acetylcholinesterase,1gpk,HUP,1540,1,A,4293,C10,3.463,64.691,64.143,0.0
Acetylcholinesterase,1gpk,HUP,1540,1,A,4294,C11,3.563,65.967,63.794,0.0
Acetylcholinesterase,1gpk,HUP,1540,1,A,4295,C12,2.569,67.047,64.283,0.0
Acetylcholinesterase,1gpk,HUP,1540,1,A,4296,N2,1.508,66.456,65.146,10.936
Acetylcholinesterase,1gpk,HUP,1540,1,A,4297,C13,3.321,68.13,65.111,1.208
Acetylcholinesterase,1gpk,HUP,1540,1,A,4298,C14,4.765,68.387,64.718,0.0
Acetylcholinesterase,1gpk,HUP,1540,1,A,4299,C15,5.453,69.459,65.536,0.0
Acetylcholinesterase,7aiw,8U5,601,1,B,4284,CAK,138.409,102.683,94.699,3.623
Acetylcholinesterase,7aiw,8U5,601,1,B,4285,CAL,138.268,102.531,96.15,0.0
Acetylcholinesterase,7aiw,8U5,601,1,B,4286,CAM,138.479,101.144,96.627,0.0
Acetylcholinesterase,7aiw,8U5,601,1,B,4287,CBP,138.152,103.592,96.982,0.0
Acetylcholinesterase,7aiw,8U5,601,1,B,4288,CAQ,139.194,104.486,96.688,0.0
Acetylcholinesterase,7aiw,8U5,601,1,B,4289,CAR,139.331,105.645,97.485,1.208
Acetylcholinesterase,7aiw,8U5,601,1,B,4290,CAP,140.095,104.275,95.557,0.0
Acetylcholinesterase,7aiw,8U5,601,1,B,4291,CAJ,139.915,102.917,94.776,2.415
Acetylcholinesterase,7aiw,8U5,601,1,B,4292,CAH,140.585,101.879,95.505,0.0
Acetylcholinesterase,7aiw,8U5,601,1,B,4293,CAG,139.895,101.035,96.415,0.0
Acetylcholinesterase,7aiw,8U5,601,1,B,4294,NAN,140.574,100.102,97.101,0.0
Acetylcholinesterase,7aiw,8U5,601,1,B,4295,CAF,141.894,99.922,96.978,0.0
Acetylcholinesterase,7aiw,8U5,601,1,B,4296,CAA,142.489,98.916,97.745,0.0
Acetylcholinesterase,7aiw,8U5,601,1,B,4297,CAB,143.864,98.691,97.643,0.0
Acetylcholinesterase,7aiw,8U5,601,1,B,4298,CL,144.632,97.479,98.596,0.0
Acetylcholinesterase,7aiw,8U5,601,1,B,4299,CAC,144.636,99.459,96.775,0.0
Acetylcholinesterase,7aiw,8U5,601,1,B,4300,CAD,144.028,100.45,96.019,0.0
Acetylcholinesterase,7aiw,8U5,601,1,B,4301,CAE,142.652,100.711,96.099,0.0
Acetylcholinesterase,7aiw,8U5,601,1,B,4302,CAI,141.981,101.714,95.361,0.0
Acetylcholinesterase,7aiw,8U5,601,1,B,4303,NAT,142.619,102.543,94.469,1.094
Acetylcholinesterase,7aiw,8U5,601,1,B,4304,CAS,143.994,103.122,94.556,1.208
Acetylcholinesterase,7aiw,8U5,601,1,B,4305,CAU,144.015,104.63,94.838,7.246
Acetylcholinesterase,7aiw,8U5,601,1,B,4306,CAV,145.318,104.967,95.588,0.0
Acetylcholinesterase,7aiw,8U5,601,1,B,4307,CAW,145.822,106.395,95.301,0.0
Acetylcholinesterase,7aiw,8U5,601,1,B,4308,CBO,146.738,107.009,96.397,4.831
Acetylcholinesterase,7aiw,8U5,601,1,B,4309,CBN,147.273,108.433,96.105,0.0
Acetylcholinesterase,7aiw,8U5,601,1,B,4310,CBM,148.373,108.853,97.094,3.623
Acetylcholinesterase,7aiw,8U5,601,1,B,4311,CBL,149.41,109.8,96.445,15.699
Acetylcholinesterase,7aiw,8U5,601,1,B,4312,CBK,148.952,111.276,96.441,0.0
Acetylcholinesterase,7aiw,8U5,601,1,B,4313,CAX,149.46,112.058,97.674,1.208
Acetylcholinesterase,7aiw,8U5,601,1,B,4314,OAY,150.476,112.751,97.637,36.43
Acetylcholinesterase,7aiw,8U5,601,1,B,4315,NAZ,148.655,111.949,98.73,0.0
Acetylcholinesterase,7aiw,8U5,601,1,B,4316,CBA,148.819,112.532,100.079,25.36
Acetylcholinesterase,7aiw,8U5,601,1,B,4317,CBB,147.948,111.662,100.71,1.208
Acetylcholinesterase,7aiw,8U5,601,1,B,4318,CBC,146.74,112.068,101.269,1.208
Acetylcholinesterase,7aiw,8U5,601,1,B,4319,CBG,148.282,110.309,100.661,9.661
Acetylcholinesterase,7aiw,8U5,601,1,B,4320,CBF,147.467,109.334,101.205,2.415
Acetylcholinesterase,7aiw,8U5,601,1,B,4321,CBE,146.274,109.737,101.779,1.208
Acetylcholinesterase,7aiw,8U5,601,1,B,4322,OBH,145.415,108.828,102.33,6.429
Acetylcholinesterase,7aiw,8U5,601,1,B,4323,CBD,145.909,111.087,101.817,0.0
Acetylcholinesterase,7aiw,8U5,601,1,B,4324,OBI,144.718,111.391,102.423,0.0
Acetylcholinesterase,7aiw,8U5,601,1,B,4325,CBJ,144.771,112.694,102.981,0.0
Acetylcholinesterase,6tt0,N9T,601,1,A,4245,C10,-1.818,60.815,297.076,2.415
Acetylcholinesterase,6tt0,N9T,601,1,A,4246,C13,-0.242,58.411,296.849,0.0
Acetylcholinesterase,6tt0,N9T,601,1,A,4247,C15,-0.32,60.793,296.975,2.415
Acetylcholinesterase,6tt0,N9T,601,1,A,4248,C17,1.54,58.544,293.544,0.0
Acetylcholinesterase,6tt0,N9T,601,1,A,4249,C20,0.835,58.424,290.889,0.0
Acetylcholinesterase,6tt0,N9T,601,1,A,4250,C21,0.613,57.35,291.706,0.0
Acetylcholinesterase,6tt0,N9T,601,1,A,4251,C22,0.976,57.418,293.017,0.0
Acetylcholinesterase,6tt0,N9T,601,1,A,4252,C24,-2.344,66.087,300.986,3.623
Acetylcholinesterase,6tt0,N9T,601,1,A,4253,C01,-2.359,69.439,303.349,38.644
Acetylcholinesterase,6tt0,N9T,601,1,A,4254,C02,-3.556,67.764,302.117,3.623
Acetylcholinesterase,6tt0,N9T,601,1,A,4255,C03,-4.745,67.257,301.625,2.415
Acetylcholinesterase,6tt0,N9T,601,1,A,4256,C04,-6.219,68.444,303.075,44.682
Acetylcholinesterase,6tt0,N9T,601,1,A,4257,C05,-4.73,66.169,300.81,13.284
Acetylcholinesterase,6tt0,N9T,601,1,A,4258,C06,-3.661,65.484,300.411,2.415
Acetylcholinesterase,6tt0,N9T,601,1,A,4259,C07,-3.229,64.273,299.55,6.038
Acetylcholinesterase,6tt0,N9T,601,1,A,4260,C08,-1.91,63.923,299.429,0.0
Acetylcholinesterase,6tt0,N9T,601,1,A,4261,C09,-2.327,61.964,297.909,0.0
Acetylcholinesterase,6tt0,N9T,601,1,A,4262,C11,-2.223,59.545,297.74,0.0
Acetylcholinesterase,6tt0,N9T,601,1,A,4263,C12,-1.739,58.344,296.983,0.0
Acetylcholinesterase,6tt0,N9T,601,1,A,4264,C14,0.095,59.658,296.074,3.623
Acetylcholinesterase,6tt0,N9T,601,1,A,4265,C16,1.928,58.561,295.016,0.0
Acetylcholinesterase,6tt0,N9T,601,1,A,4266,C18,1.775,59.608,292.729,10.869
Acetylcholinesterase,6tt0,N9T,601,1,A,4267,C19,1.414,59.55,291.402,3.623
Acetylcholinesterase,6tt0,N9T,601,1,A,4268,C23,-0.951,64.615,300.031,0.0
Acetylcholinesterase,6tt0,N9T,601,1,A,4269,C25,-2.352,67.174,301.792,7.246
Acetylcholinesterase,6tt0,N9T,601,1,A,4270,N01,-1.459,62.813,298.64,0.0
Acetylcholinesterase,6tt0,N9T,601,1,A,4271,N02,1.49,59.725,295.758,9.842
Acetylcholinesterase,6tt0,N9T,601,1,A,4272,O01,-3.568,68.882,302.945,2.143
Acetylcholinesterase,6tt0,N9T,601,1,A,4273,O02,-5.992,67.785,301.879,5.357
Acetylcholinesterase,6tt0,N9T,601,1,A,4274,O03,-3.461,62.147,297.924,6.429
Acetylcholinesterase,6tt0,N9T,601,1,A,4275,O04,0.36,64.25,299.879,3.214
Acetylcholinesterase,6tt0,N9T,601,1,A,4276,O05,-1.188,65.559,300.713,4.286
Acetylcholinesterase,1jjb,PE7,999,1,A,4230,S1,3.372,67.864,61.391,7.721
Acetylcholinesterase,1jjb,PE7,999,1,A,4231,C2,4.919,67.791,62.367,2.415
Acetylcholinesterase,1jjb,PE7,999,1,A,4232,C3,4.955,68.552,63.656,0.0
Acetylcholinesterase,1jjb,PE7,999,1,A,4233,O4,4.422,67.767,64.725,4.286
Acetylcholinesterase,1jjb,PE7,999,1,A,4234,C5,4.058,68.558,65.863,0.0
Acetylcholinesterase,1jjb,PE7,999,1,A,4235,C6,3.069,67.844,66.742,15.699
Acetylcholinesterase,1jjb,PE7,999,1,A,4236,O7,3.643,66.646,67.26,3.214
Acetylcholinesterase,1jjb,PE7,999,1,A,4237,C8,3.281,66.372,68.62,2.415
Acetylcholinesterase,1jjb,PE7,999,1,A,4238,C9,3.988,65.136,69.093,0.0
Acetylcholinesterase,1jjb,PE7,999,1,A,4239,O10,3.098,64.313,69.839,3.214
Acetylcholinesterase,1jjb,PE7,999,1,A,4240,C11,3.323,62.915,69.657,3.623
Acetylcholinesterase,1jjb,PE7,999,1,A,4241,C12,2.029,62.162,69.743,3.623
Acetylcholinesterase,1jjb,PE7,999,1,A,4242,O13,1.578,62.113,71.092,5.357
Acetylcholinesterase,1jjb,PE7,999,1,A,4243,C14,0.264,61.575,71.234,2.415
Acetylcholinesterase,1jjb,PE7,999,1,A,4244,C15,0.051,61.151,72.652,15.699
Acetylcholinesterase,1jjb,PE7,999,1,A,4245,O16,-1.189,60.455,72.8,0.0
Acetylcholinesterase,1jjb,PE7,999,1,A,4246,C17,-1.022,59.147,73.36,13.284
Acetylcholinesterase,1jjb,PE7,999,1,A,4247,C18,-1.832,58.974,74.62,32.606
Acetylcholinesterase,1jjb,PE7,999,1,A,4248,O19,-3.126,59.554,74.48,4.286
Acetylcholinesterase,1jjb,PE7,999,1,A,4249,C20,-4.181,58.597,74.578,7.246
Acetylcholinesterase,1jjb,PE7,999,1,A,4250,C21,-5.388,59.199,75.227,32.606
Acetylcholinesterase,1jjb,PE7,999,1,A,4251,O22,-5.91,60.265,74.439,23.572
Acetylcholinesterase,5bwc,HBP,603,1,A,4273,C1,59.052,-33.126,-1.261,3.623
Acetylcholinesterase,5bwc,HBP,603,1,A,4274,C5,58.193,-35.465,-0.802,0.0
Acetylcholinesterase,5bwc,HBP,603,1,A,4275,O10,62.034,-33.566,-5.332,8.572
Acetylcholinesterase,5bwc,HBP,603,1,A,4276,N9,61.103,-32.605,-4.951,15.31
Acetylcholinesterase,5bwc,HBP,603,1,A,4277,C8A,60.47,-32.765,-3.874,10.869
Acetylcholinesterase,5bwc,HBP,603,1,A,4278,C7,59.479,-31.775,-3.386,1.208
Acetylcholinesterase,5bwc,HBP,603,1,A,4279,C6,59.213,-30.639,-4.151,22.945
Acetylcholinesterase,5bwc,HBP,603,1,A,4280,C4,57.663,-29.911,-2.485,1.208
Acetylcholinesterase,5bwc,HBP,603,1,A,4281,C3,57.935,-31.045,-1.725,2.415
Acetylcholinesterase,5bwc,HBP,603,1,A,4282,N2,58.817,-31.964,-2.141,0.0
Acetylcholinesterase,5bwc,HBP,603,1,A,4283,C2,57.877,-34.081,-1.361,4.831
Acetylcholinesterase,5bwc,HBP,603,1,A,4284,C5A,58.298,-29.709,-3.701,12.076
Acetylcholinesterase,5bwc,HBP,603,1,A,4285,C8,56.928,-36.307,-0.921,1.208
Acetylcholinesterase,5bwc,HBP,603,1,A,4286,C11,56.555,-37.15,0.289,0.0
Acetylcholinesterase,5bwc,HBP,603,1,A,4287,C14,56.511,-36.37,1.591,0.0
Acetylcholinesterase,5bwc,HBP,603,1,A,4288,C17,55.177,-36.387,2.357,9.661
Acetylcholinesterase,5bwc,HBP,603,1,A,4289,N20,55.285,-37.028,3.689,1.094
Acetylcholinesterase,5bwc,HBP,603,1,A,4290,C21,54.329,-37.924,4.011,1.208
Acetylcholinesterase,5bwc,HBP,603,1,A,4291,C22,54.341,-38.586,5.235,1.208
Acetylcholinesterase,5bwc,HBP,603,1,A,4292,C23,55.338,-38.323,6.158,2.415
Acetylcholinesterase,5bwc,HBP,603,1,A,4293,C24,56.313,-37.394,5.828,0.0
Acetylcholinesterase,5bwc,HBP,603,1,A,4294,C25,56.271,-36.731,4.594,0.0
Acetylcholinesterase,5bwc,HBP,603,1,A,4295,C26,57.391,-35.796,4.287,0.0
Acetylcholinesterase,5bwc,HBP,603,1,A,4296,N27,58.443,-35.789,4.983,0.0
Acetylcholinesterase,5bwc,HBP,603,1,A,4297,O28,59.476,-34.94,4.597,1.071
Acetylcholinesterase,1gqr,EMM,1999,1,A,4239,C1,7.57,62.323,61.795,0.0
Acetylcholinesterase,1gqr,EMM,1999,1,A,4240,C2,5.315,62.071,62.847,2.415
Acetylcholinesterase,1gqr,EMM,1999,1,A,4241,C,5.779,63.838,60.913,1.208
Acetylcholinesterase,1gqr,EMM,1999,1,A,4242,O,4.722,63.443,60.391,0.0
Acetylcholinesterase,1gqr,EMM,1999,1,A,4243,N,6.249,62.825,61.954,0.0
Acetylcholinesterase,1gqr,EMM,1999,1,A,4244,C3,8.597,63.155,62.072,0.0
Acetylcholinesterase,2c5f,CHH,1542,1,A,4413,O7,1.955,64.478,69.626,4.286
Acetylcholinesterase,2c5f,CHH,1542,1,A,4414,C5,2.316,63.125,69.569,0.0
Acetylcholinesterase,2c5f,CHH,1542,1,A,4415,C6,3.42,62.859,68.905,2.415
Acetylcholinesterase,2c5f,CHH,1542,1,A,4416,C4,1.767,62.069,70.397,9.661
Acetylcholinesterase,2c5f,CHH,1542,1,A,4417,C3,0.838,62.77,71.226,0.0
Acetylcholinesterase,2c5f,CHH,1542,1,A,4418,C2,0.643,62.013,72.596,10.869
Acetylcholinesterase,2c5f,CHH,1542,1,A,4419,N1,-0.525,61.071,72.729,0.0
Acetylcholinesterase,2c5f,CHH,1542,1,A,4420,C9,-0.279,59.81,72.04,13.284
Acetylcholinesterase,2c5f,CHH,1542,1,A,4421,C10,-0.574,60.684,74.115,51.928
Acetylcholinesterase,2c5f,CHH,1542,1,A,4422,C8,-1.936,61.611,72.396,7.246
Acetylcholinesterase,5ei5,AA7,604,1,A,4296,C1,160.534,33.929,184.293,0.0
Acetylcholinesterase,5ei5,AA7,604,1,A,4297,C2,161.61,33.148,183.874,0.0
Acetylcholinesterase,5ei5,AA7,604,1,A,4298,C3,162.043,33.14,182.544,0.0
Acetylcholinesterase,5ei5,AA7,604,1,A,4299,C4,161.011,33.615,181.517,0.0
Acetylcholinesterase,5ei5,AA7,604,1,A,4300,C5,160.38,34.915,182.006,0.0
Acetylcholinesterase,5ei5,AA7,604,1,A,4301,C6,159.817,34.735,183.411,0.0
Acetylcholinesterase,5ei5,AA7,604,1,A,4302,N7,160.145,33.947,185.53,3.281
Acetylcholinesterase,5ei5,AA7,604,1,A,4303,C8,160.751,33.249,186.476,0.0
Acetylcholinesterase,5ei5,AA7,604,1,A,4304,C9,161.842,32.445,186.165,0.0
Acetylcholinesterase,5ei5,AA7,604,1,A,4305,C10,162.281,32.408,184.845,0.0
Acetylcholinesterase,5ei5,AA7,604,1,A,4306,N11,163.321,31.638,184.525,1.094
Acetylcholinesterase,5ei5,AA7,604,1,A,4307,C14,162.436,31.695,187.147,7.246
Acetylcholinesterase,5ei5,AA7,604,1,A,4308,C15,161.928,31.78,188.429,31.398
Acetylcholinesterase,5ei5,AA7,604,1,A,4309,C16,160.853,32.583,188.752,33.814
Acetylcholinesterase,5ei5,AA7,604,1,A,4310,C17,160.246,33.322,187.76,20.53
Acetylcholinesterase,5ei5,AA7,604,1,A,4311,C19,170.949,32.629,181.131,4.831
Acetylcholinesterase,5ei5,AA7,604,1,A,4312,C20,169.61,31.95,181.405,0.0
Acetylcholinesterase,5ei5,AA7,604,1,A,4313,C21,168.691,32.83,182.254,6.038
Acetylcholinesterase,5ei5,AA7,604,1,A,4314,C22,168.134,32.078,183.473,1.208
Acetylcholinesterase,5ei5,AA7,604,1,A,4315,C23,166.7,32.492,183.822,2.415
Acetylcholinesterase,5ei5,AA7,604,1,A,4316,C24,165.785,31.312,184.205,14.492
Acetylcholinesterase,5ei5,AA7,604,1,A,4317,C25,164.637,31.781,185.116,9.661
Acetylcholinesterase,5ei5,AA7,604,1,A,4318,C26,174.077,29.808,179.807,0.0
Acetylcholinesterase,5ei5,AA7,604,1,A,4319,C27,173.284,30.819,180.321,0.0
Acetylcholinesterase,5ei5,AA7,604,1,A,4320,C28,173.379,31.224,181.639,0.0
Acetylcholinesterase,5ei5,AA7,604,1,A,4321,C29,174.572,30.773,182.44,0.0
Acetylcholinesterase,5ei5,AA7,604,1,A,4322,C30,175.097,29.434,182.037,0.0
Acetylcholinesterase,5ei5,AA7,604,1,A,4323,C31,175.032,29.147,180.541,0.0
Acetylcholinesterase,5ei5,AA7,604,1,A,4324,N32,173.968,29.442,178.562,0.0
Acetylcholinesterase,5ei5,AA7,604,1,A,4325,C33,173.113,29.962,177.723,0.0
Acetylcholinesterase,5ei5,AA7,604,1,A,4326,C34,172.268,30.961,178.154,0.0
Acetylcholinesterase,5ei5,AA7,604,1,A,4327,C35,172.35,31.383,179.464,0.0
Acetylcholinesterase,5ei5,AA7,604,1,A,4328,N36,171.529,32.358,179.834,1.094
Acetylcholinesterase,5ei5,AA7,604,1,A,4329,C39,171.377,31.507,177.249,6.038
Acetylcholinesterase,5ei5,AA7,604,1,A,4330,C40,171.329,31.048,175.949,3.623
Acetylcholinesterase,5ei5,AA7,604,1,A,4331,C41,172.165,30.032,175.52,1.208
Acetylcholinesterase,5ei5,AA7,604,1,A,4332,C42,173.07,29.505,176.42,0.0
Acetylcholinesterase,1zgc,A2E,1001,1,B,4224,O11,83.879,53.934,76.21,2.143
Acetylcholinesterase,1zgc,A2E,1001,1,B,4225,C9,82.749,54.561,76.407,0.0
Acetylcholinesterase,1zgc,A2E,1001,1,B,4226,C8,81.585,53.845,76.73,0.0
Acetylcholinesterase,1zgc,A2E,1001,1,B,4227,N10,82.684,55.931,76.346,0.0
Acetylcholinesterase,1zgc,A2E,1001,1,B,4228,C5,81.546,56.643,76.532,0.0
Acetylcholinesterase,1zgc,A2E,1001,1,B,4229,C6,81.561,58.192,76.456,0.0
Acetylcholinesterase,1zgc,A2E,1001,1,B,4230,C4,80.313,55.938,76.895,1.208
Acetylcholinesterase,1zgc,A2E,1001,1,B,4231,C7,80.384,54.53,76.968,0.0
Acetylcholinesterase,1zgc,A2E,1001,1,B,4232,C3,79.0,56.708,77.155,12.076
Acetylcholinesterase,1zgc,A2E,1001,1,B,4233,C2,79.109,58.278,77.078,20.53
Acetylcholinesterase,1zgc,A2E,1001,1,B,4234,C1,80.203,58.802,76.136,10.869
Acetylcholinesterase,1zgc,A2E,1001,1,B,4235,N12,78.397,56.279,78.481,15.31
Acetylcholinesterase,1zgc,A2E,1001,1,B,4236,C13,78.819,57.094,79.7,13.284
Acetylcholinesterase,1zgc,A2E,1001,1,B,4237,C14,79.154,56.139,80.827,9.661
Acetylcholinesterase,1zgc,A2E,1001,1,B,4238,C15,80.605,55.689,80.774,0.0
Acetylcholinesterase,1zgc,A2E,1001,1,B,4239,C16,80.82,54.228,81.218,7.246
Acetylcholinesterase,1zgc,A2E,1001,1,B,4240,C17,82.316,53.866,81.054,1.208
Acetylcholinesterase,1zgc,A2E,1001,1,B,4241,C18,82.602,52.388,80.622,2.415
Acetylcholinesterase,1zgc,A2E,1001,1,B,4242,C19,82.921,51.462,81.807,0.0
Acetylcholinesterase,1zgc,A2E,1001,1,B,4243,C20,84.072,50.479,81.48,4.831
Acetylcholinesterase,1zgc,A2E,1001,1,B,4244,C21,84.538,49.859,82.739,3.623
Acetylcholinesterase,1zgc,A2E,1001,1,B,4245,C22,85.993,49.457,82.826,8.453
Acetylcholinesterase,1zgc,A2E,1001,1,B,4246,N23,86.124,48.005,82.838,0.0
Acetylcholinesterase,1zgc,A2E,1001,1,B,4247,C24,87.131,47.21,82.234,0.0
Acetylcholinesterase,1zgc,A2E,1001,1,B,4248,C25,86.575,46.024,81.547,0.0
Acetylcholinesterase,1zgc,A2E,1001,1,B,4249,C30,85.199,45.739,81.585,0.0
Acetylcholinesterase,1zgc,A2E,1001,1,B,4250,C26,87.456,45.122,80.847,0.0
Acetylcholinesterase,1zgc,A2E,1001,1,B,4251,C33,86.927,43.991,80.227,0.0
Acetylcholinesterase,1zgc,A2E,1001,1,B,4252,C32,85.551,43.746,80.26,0.0
Acetylcholinesterase,1zgc,A2E,1001,1,B,4253,C31,84.688,44.629,80.937,0.0
Acetylcholinesterase,1zgc,A2E,1001,1,B,4254,N27,88.75,45.325,80.815,0.0
Acetylcholinesterase,1zgc,A2E,1001,1,B,4255,C28,89.384,46.316,81.418,0.0
Acetylcholinesterase,1zgc,A2E,1001,1,B,4256,C34,90.909,46.342,81.249,0.0
Acetylcholinesterase,1zgc,A2E,1001,1,B,4257,C29,88.64,47.338,82.2,0.0
Acetylcholinesterase,1zgc,A2E,1001,1,B,4258,C37,89.4,48.437,82.866,8.453
Acetylcholinesterase,1zgc,A2E,1001,1,B,4259,C36,90.917,48.23,82.918,3.623
Acetylcholinesterase,1zgc,A2E,1001,1,B,4260,C35,91.467,47.756,81.571,1.208
Acetylcholinesterase,2v97,CFQ,1537,1,A,8359,AS,101.988,57.481,22.499,2.905
Acetylcholinesterase,2v97,CFQ,1537,1,A,8360,AS,102.051,57.785,22.007,0.0
Acetylcholinesterase,2v97,CFQ,1537,1,A,8361,C1,103.392,56.01,23.443,44.682
Acetylcholinesterase,2v97,CFQ,1537,1,A,8362,C1,103.765,56.717,22.984,0.0
Acetylcholinesterase,2v97,CFQ,1537,1,A,8363,C2,100.917,56.438,20.832,2.415
Acetylcholinesterase,2v97,CFQ,1537,1,A,8364,C2,100.986,56.353,20.648,0.0
Acetylcholinesterase,2v97,CFQ,1537,1,A,8365,C3,103.161,59.159,21.614,47.098
Acetylcholinesterase,2v97,CFQ,1537,1,A,8366,C3,102.865,59.459,20.754,0.0
Acetylcholinesterase,2v97,CFQ,1537,1,A,8367,C4,100.517,58.268,24.01,16.907
Acetylcholinesterase,2v97,CFQ,1537,1,A,8368,C4,100.646,58.601,23.556,0.0
Acetylcholinesterase,2v97,CFQ,1537,1,A,8369,C5,99.529,57.173,24.464,0.0
Acetylcholinesterase,2v97,CFQ,1537,1,A,8370,C5,100.538,57.692,24.799,0.0
Acetylcholinesterase,2v97,CFQ,1537,1,A,8371,O1,100.058,55.874,24.104,0.0
Acetylcholinesterase,2v97,CFQ,1537,1,A,8372,O1,100.645,56.298,24.419,0.0
Acetylcholinesterase,2v97,CFQ,1537,1,A,8373,C6,99.505,54.704,24.743,0.0
Acetylcholinesterase,2v97,CFQ,1537,1,A,8374,C6,99.919,55.331,25.211,0.0
Acetylcholinesterase,2v97,CFQ,1537,1,A,8375,C14,100.621,53.85,25.372,0.0
Acetylcholinesterase,2v97,CFQ,1537,1,A,8376,C14,100.912,54.291,25.784,0.0
Acetylcholinesterase,2v97,CFQ,1537,1,A,8377,C7,98.63,54.008,23.661,0.0
Acetylcholinesterase,2v97,CFQ,1537,1,A,8378,C7,98.76,54.792,24.289,0.0
Acetylcholinesterase,2v97,CFQ,1537,1,A,8379,C8,97.254,53.637,23.911,0.0
Acetylcholinesterase,2v97,CFQ,1537,1,A,8380,C8,97.345,54.944,24.626,0.0
Acetylcholinesterase,2v97,CFQ,1537,1,A,8381,C9,96.532,53.001,22.847,0.0
Acetylcholinesterase,2v97,CFQ,1537,1,A,8382,C9,96.375,54.404,23.705,0.0
Acetylcholinesterase,2v97,CFQ,1537,1,A,8383,C10,97.143,52.742,21.596,0.0
Acetylcholinesterase,2v97,CFQ,1537,1,A,8384,C10,96.768,53.757,22.512,0.0
Acetylcholinesterase,2v97,CFQ,1537,1,A,8385,C11,98.485,53.098,21.365,3.623
Acetylcholinesterase,2v97,CFQ,1537,1,A,8386,C11,98.131,53.622,22.192,0.0
Acetylcholinesterase,2v97,CFQ,1537,1,A,8387,C12,99.222,53.719,22.379,3.623
Acetylcholinesterase,2v97,CFQ,1537,1,A,8388,C12,99.115,54.13,23.06,0.0
Acetylcholinesterase,2v97,CFQ,1537,1,A,8389,N2,96.472,53.864,25.221,0.0
Acetylcholinesterase,2v97,CFQ,1537,1,A,8390,N2,96.761,55.629,25.887,0.0
Acetylcholinesterase,2v97,CFQ,1537,1,A,8391,O2,95.309,53.511,25.349,0.0
Acetylcholinesterase,2v97,CFQ,1537,1,A,8392,O2,95.562,55.708,26.087,0.0
Acetylcholinesterase,2v97,CFQ,1537,1,A,8393,O3,96.964,54.413,26.206,0.0
Acetylcholinesterase,2v97,CFQ,1537,1,A,8394,O3,97.459,56.137,26.752,0.0
Acetylcholinesterase,2v97,CFQ,1537,1,A,8395,F1,100.135,52.781,25.968,0.0
Acetylcholinesterase,2v97,CFQ,1537,1,A,8396,F1,100.293,53.198,26.223,0.0
Acetylcholinesterase,2v97,CFQ,1537,1,A,8397,F2,101.485,53.385,24.485,4.14
Acetylcholinesterase,2v97,CFQ,1537,1,A,8398,F2,101.805,53.884,24.887,0.0
Acetylcholinesterase,2v97,CFQ,1537,1,A,8399,F3,101.308,54.533,26.272,6.21
Acetylcholinesterase,2v97,CFQ,1537,1,A,8400,F3,101.6,54.785,26.808,0.0
Acetylcholinesterase,2v97,CFQ,1538,1,A,8401,AS,90.109,47.127,20.547,0.0
Acetylcholinesterase,2v97,CFQ,1538,1,A,8402,AS,90.479,46.94,20.701,0.0
Acetylcholinesterase,2v97,CFQ,1538,1,A,8403,C1,90.777,48.14,18.66,6.038
Acetylcholinesterase,2v97,CFQ,1538,1,A,8404,C1,90.756,47.713,18.616,0.0
Acetylcholinesterase,2v97,CFQ,1538,1,A,8405,C2,88.51,45.66,20.085,0.0
Acetylcholinesterase,2v97,CFQ,1538,1,A,8406,C2,89.114,45.171,20.66,0.0
Acetylcholinesterase,2v97,CFQ,1538,1,A,8407,C3,89.304,48.71,21.884,0.0
Acetylcholinesterase,2v97,CFQ,1538,1,A,8408,C3,89.529,48.562,21.919,0.0
Acetylcholinesterase,2v97,CFQ,1538,1,A,8409,C4,91.849,46.063,21.419,0.0
Acetylcholinesterase,2v97,CFQ,1538,1,A,8410,C4,92.456,46.37,21.572,0.0
Acetylcholinesterase,2v97,CFQ,1538,1,A,8411,C5,92.704,47.003,22.259,0.0
Acetylcholinesterase,2v97,CFQ,1538,1,A,8412,C5,93.011,47.477,22.495,0.0
Acetylcholinesterase,2v97,CFQ,1538,1,A,8413,O1,92.709,48.365,21.732,0.0
Acetylcholinesterase,2v97,CFQ,1538,1,A,8414,O1,93.179,48.721,21.764,0.0
Acetylcholinesterase,2v97,CFQ,1538,1,A,8415,C6,93.063,49.422,22.675,0.0
Acetylcholinesterase,2v97,CFQ,1538,1,A,8416,C6,93.938,49.772,22.405,0.0
Acetylcholinesterase,2v97,CFQ,1538,1,A,8417,C14,92.513,50.792,22.208,0.0
Acetylcholinesterase,2v97,CFQ,1538,1,A,8418,C14,93.125,51.096,22.376,0.0
Acetylcholinesterase,2v97,CFQ,1538,1,A,8419,C7,94.622,49.331,22.917,0.0
Acetylcholinesterase,2v97,CFQ,1538,1,A,8420,C7,95.371,49.773,21.728,0.0
Acetylcholinesterase,2v97,CFQ,1538,1,A,8421,C8,95.634,49.292,21.874,0.0
Acetylcholinesterase,2v97,CFQ,1538,1,A,8422,C8,95.636,49.696,20.275,0.0
Acetylcholinesterase,2v97,CFQ,1538,1,A,8423,C9,96.971,49.222,22.276,0.0
Acetylcholinesterase,2v97,CFQ,1538,1,A,8424,C9,97.007,49.713,19.839,0.0
Acetylcholinesterase,2v97,CFQ,1538,1,A,8425,C10,97.315,49.192,23.634,0.0
Acetylcholinesterase,2v97,CFQ,1538,1,A,8426,C10,98.067,49.796,20.753,0.0
Acetylcholinesterase,2v97,CFQ,1538,1,A,8427,C11,96.356,49.22,24.617,0.0
Acetylcholinesterase,2v97,CFQ,1538,1,A,8428,C11,97.808,49.864,22.132,0.0
Acetylcholinesterase,2v97,CFQ,1538,1,A,8429,C12,95.038,49.283,24.265,0.0
Acetylcholinesterase,2v97,CFQ,1538,1,A,8430,C12,96.486,49.852,22.616,0.0
Acetylcholinesterase,2v97,CFQ,1538,1,A,8431,N2,95.421,49.321,20.371,0.0
Acetylcholinesterase,2v97,CFQ,1538,1,A,8432,N2,94.607,49.597,19.127,0.0
Acetylcholinesterase,2v97,CFQ,1538,1,A,8433,O2,96.36,49.304,19.57,6.429
Acetylcholinesterase,2v97,CFQ,1538,1,A,8434,O2,94.948,49.541,17.943,0.0
Acetylcholinesterase,2v97,CFQ,1538,1,A,8435,O3,94.307,49.366,19.882,3.214
Acetylcholinesterase,2v97,CFQ,1538,1,A,8436,O3,93.399,49.566,19.322,0.0
Acetylcholinesterase,2v97,CFQ,1538,1,A,8437,F1,93.328,51.795,22.488,0.0
Acetylcholinesterase,2v97,CFQ,1538,1,A,8438,F1,93.719,52.059,23.075,0.0
Acetylcholinesterase,2v97,CFQ,1538,1,A,8439,F2,92.295,50.857,20.906,0.0
Acetylcholinesterase,2v97,CFQ,1538,1,A,8440,F2,92.95,51.576,21.15,0.0
Acetylcholinesterase,2v97,CFQ,1538,1,A,8441,F3,91.365,51.061,22.798,1.035
Acetylcholinesterase,2v97,CFQ,1538,1,A,8442,F3,91.912,50.938,22.898,0.0
Acetylcholinesterase,7aix,8U2,601,1,A,4310,CAN,-53.038,28.927,-38.949,1.208
Acetylcholinesterase,7aix,8U2,601,1,A,4311,CAM,-53.507,28.846,-40.403,2.415
Acetylcholinesterase,7aix,8U2,601,1,A,4312,CAS,-53.955,30.263,-40.773,2.415
Acetylcholinesterase,7aix,8U2,601,1,A,4313,CAH,-52.493,28.443,-41.292,0.0
Acetylcholinesterase,7aix,8U2,601,1,A,4314,CAI,-52.812,28.076,-42.602,0.0
Acetylcholinesterase,7aix,8U2,601,1,A,4315,NAL,-54.084,28.08,-42.994,12.029
Acetylcholinesterase,7aix,8U2,601,1,A,4316,CAB,-51.84,27.693,-43.516,0.0
Acetylcholinesterase,7aix,8U2,601,1,A,4317,CAA,-52.169,27.314,-44.82,0.0
Acetylcholinesterase,7aix,8U2,601,1,A,4318,CAF,-51.159,26.942,-45.709,0.0
Acetylcholinesterase,7aix,8U2,601,1,A,4319,CAE,-49.832,26.949,-45.286,0.0
Acetylcholinesterase,7aix,8U2,601,1,A,4320,CL1,-48.576,26.525,-46.381,0.0
Acetylcholinesterase,7aix,8U2,601,1,A,4321,CAD,-49.506,27.33,-43.98,0.0
Acetylcholinesterase,7aix,8U2,601,1,A,4322,CAC,-50.518,27.706,-43.097,0.0
Acetylcholinesterase,7aix,8U2,601,1,A,4323,NAJ,-50.218,28.066,-41.828,0.0
Acetylcholinesterase,7aix,8U2,601,1,A,4324,CAG,-51.147,28.447,-40.93,0.0
Acetylcholinesterase,7aix,8U2,601,1,A,4325,CAP,-50.725,28.816,-39.634,0.0
Acetylcholinesterase,7aix,8U2,601,1,A,4326,CAO,-51.761,29.73,-38.949,0.0
Acetylcholinesterase,7aix,8U2,601,1,A,4327,CAQ,-51.95,30.999,-39.592,0.0
Acetylcholinesterase,7aix,8U2,601,1,A,4328,CAR,-52.991,31.233,-40.51,0.0
Acetylcholinesterase,7aix,8U2,601,1,A,4329,CAT,-53.234,32.486,-41.116,0.0
Acetylcholinesterase,7aix,8U2,601,1,A,4330,CAU,-52.006,33.209,-41.64,0.0
Acetylcholinesterase,7aix,8U2,601,1,A,4331,CAV,-52.467,34.452,-42.424,0.0
Acetylcholinesterase,7aix,8U2,601,1,A,4332,CAW,-52.567,34.166,-43.929,1.208
Acetylcholinesterase,7aix,8U2,601,1,A,4333,NAZ,-52.584,35.42,-44.769,1.094
Acetylcholinesterase,7aix,8U2,601,1,A,4334,CAX,-53.547,35.827,-45.602,8.453
Acetylcholinesterase,7aix,8U2,601,1,A,4335,NBA,-51.646,36.282,-44.793,0.0
Acetylcholinesterase,7aix,8U2,601,1,A,4336,NBB,-51.923,37.239,-45.605,1.094
Acetylcholinesterase,7aix,8U2,601,1,A,4337,CAY,-53.116,36.977,-46.114,1.208
Acetylcholinesterase,7aix,8U2,601,1,A,4338,CBC,-53.851,37.859,-47.131,1.208
Acetylcholinesterase,7aix,8U2,601,1,A,4339,CBD,-53.046,37.88,-48.44,2.415
Acetylcholinesterase,7aix,8U2,601,1,A,4340,OBM,-51.882,38.273,-48.462,1.071
Acetylcholinesterase,7aix,8U2,601,1,A,4341,NBL,-53.683,37.428,-49.519,7.655
Acetylcholinesterase,7aix,8U2,601,1,A,4342,CBE,-53.022,37.374,-50.833,0.0
Acetylcholinesterase,7aix,8U2,601,1,A,4343,CBF,-53.992,37.16,-51.812,0.0
Acetylcholinesterase,7aix,8U2,601,1,A,4344,CBK,-54.683,35.952,-51.828,2.415
Acetylcholinesterase,7aix,8U2,601,1,A,4345,CBG,-54.279,38.149,-52.752,21.737
Acetylcholinesterase,7aix,8U2,601,1,A,4346,CBH,-55.261,37.939,-53.723,32.606
Acetylcholinesterase,7aix,8U2,601,1,A,4347,CBI,-55.95,36.726,-53.736,4.831
Acetylcholinesterase,7aix,8U2,601,1,A,4348,OBN,-56.923,36.444,-54.658,47.144
Acetylcholinesterase,7aix,8U2,601,1,A,4349,CBJ,-55.662,35.735,-52.796,4.831
Acetylcholinesterase,7aix,8U2,601,1,A,4350,OBO,-56.381,34.571,-52.871,7.5
Acetylcholinesterase,7aix,8U2,601,1,A,4351,CBP,-56.117,33.695,-51.763,10.869
Acetylcholinesterase,5ih7,OMI,604,1,A,4278,CA,-50.879,27.725,-39.15,0.0
Acetylcholinesterase,5ih7,OMI,604,1,A,4279,C,-51.948,28.531,-39.191,1.208
Acetylcholinesterase,5ih7,OMI,604,1,A,4280,O,-52.47,28.976,-38.187,2.143
Acetylcholinesterase,5ih7,OMI,604,1,A,4281,CAI,-52.384,28.67,-40.44,1.208
Acetylcholinesterase,5ih7,OMI,604,1,A,4282,CAE,-53.4,29.331,-40.964,8.453
Acetylcholinesterase,5ih7,OMI,604,1,A,4283,CAC,-53.635,29.302,-42.324,10.869
Acetylcholinesterase,5ih7,OMI,604,1,A,4284,CAD,-52.812,28.567,-43.151,12.076
Acetylcholinesterase,5ih7,OMI,604,1,A,4285,CAF,-51.772,27.913,-42.538,2.415
Acetylcholinesterase,5ih7,OMI,604,1,A,4286,CAJ,-51.584,27.973,-41.221,0.0
Acetylcholinesterase,5ih7,OMI,604,1,A,4287,N,-50.63,27.432,-40.551,0.0
Acetylcholinesterase,5ih7,OMI,604,1,A,4288,CAA,-49.467,28.233,-40.893,0.0
Acetylcholinesterase,1som,VXA,1010,1,A,4213,P1,5.405,63.461,61.144,0.0
Acetylcholinesterase,1som,VXA,1010,1,A,4214,O1,4.103,63.469,60.421,0.0
Acetylcholinesterase,1som,VXA,1010,1,A,4215,O2,5.439,64.499,62.131,15.0
Acetylcholinesterase,1som,VXA,1010,1,A,4216,C1,5.697,61.888,61.905,0.0
Acetylcholinesterase,2c58,AT3,1537,1,A,4435,N1,-0.751,62.141,73.212,0.0
Acetylcholinesterase,2c58,AT3,1537,1,A,4436,C2,-0.731,63.093,72.09,1.208
Acetylcholinesterase,2c58,AT3,1537,1,A,4437,C3,0.139,62.616,70.922,0.0
Acetylcholinesterase,2c58,AT3,1537,1,A,4438,C5,2.332,64.04,69.926,0.0
Acetylcholinesterase,2c58,AT3,1537,1,A,4439,O7,1.488,65.166,69.667,4.286
Acetylcholinesterase,2c58,AT3,1537,1,A,4440,C6,3.635,63.87,69.149,3.623
Acetylcholinesterase,2c58,AT3,1537,1,A,4441,C8,-1.729,62.613,74.202,37.436
Acetylcholinesterase,2c58,AT3,1537,1,A,4442,C9,-1.158,60.801,72.767,15.699
Acetylcholinesterase,2c58,AT3,1537,1,A,4443,C10,0.567,62.067,73.862,27.775
Acetylcholinesterase,2c58,AT3,1537,1,A,4444,S24,1.907,62.89,71.191,14.155
Acetylcholinesterase,3i6m,G3X,1,1,A,4278,C1,2.576,68.097,63.232,1.208
Acetylcholinesterase,3i6m,G3X,1,1,A,4279,C2,2.735,68.537,61.947,3.623
Acetylcholinesterase,3i6m,G3X,1,1,A,4280,C3,4.102,68.573,61.27,0.0
Acetylcholinesterase,3i6m,G3X,1,1,A,4281,C4,5.184,68.845,62.343,0.0
Acetylcholinesterase,3i6m,G3X,1,1,A,4282,O5,5.418,66.438,62.916,0.0
Acetylcholinesterase,3i6m,G3X,1,1,A,4283,C6,4.722,64.151,63.72,0.0
Acetylcholinesterase,3i6m,G3X,1,1,A,4284,C7,3.775,63.455,64.518,0.0
Acetylcholinesterase,3i6m,G3X,1,1,A,4285,C8,2.755,64.164,65.194,0.0
Acetylcholinesterase,3i6m,G3X,1,1,A,4286,C9,1.469,66.279,65.783,1.208
Acetylcholinesterase,3i6m,G3X,1,1,A,4287,N10,1.883,67.352,66.752,0.0
Acetylcholinesterase,3i6m,G3X,1,1,A,4288,C11,2.397,68.625,66.14,1.208
Acetylcholinesterase,3i6m,G3X,1,1,A,4289,C12,3.772,68.498,65.461,0.0
Acetylcholinesterase,3i6m,G3X,1,1,A,4290,C13,4.633,65.558,63.606,0.0
Acetylcholinesterase,3i6m,G3X,1,1,A,4291,C14,3.624,66.233,64.29,0.0
Acetylcholinesterase,3i6m,G3X,1,1,A,4292,C15,2.663,65.572,65.088,0.0
Acetylcholinesterase,3i6m,G3X,1,1,A,4293,C16,5.487,62.121,62.738,0.0
Acetylcholinesterase,3i6m,G3X,1,1,A,4294,O17,5.769,63.494,63.077,0.0
Acetylcholinesterase,3i6m,G3X,1,1,A,4295,O18,4.309,67.309,60.606,0.0
Acetylcholinesterase,3i6m,G3X,1,1,A,4296,C19,0.792,67.662,67.708,7.246
Acetylcholinesterase,3i6m,G3X,1,1,A,4297,C20,0.632,66.618,68.817,1.208
Acetylcholinesterase,3i6m,G3X,1,1,A,4298,C21,1.841,66.592,69.748,1.208
Acetylcholinesterase,3i6m,G3X,1,1,A,4299,N22,2.989,65.968,69.073,0.0
Acetylcholinesterase,3i6m,G3X,1,1,A,4300,C23,3.153,64.532,69.42,13.284
Acetylcholinesterase,3i6m,G3X,1,1,A,4301,C24,4.215,63.91,68.506,7.246
Acetylcholinesterase,3i6m,G3X,1,1,A,4302,C25,5.522,64.714,68.598,0.0
Acetylcholinesterase,3i6m,G3X,1,1,A,4303,C26,5.284,66.183,68.23,0.0
Acetylcholinesterase,3i6m,G3X,1,1,A,4304,C27,4.22,66.789,69.147,0.0
Acetylcholinesterase,3i6m,G3X,1,1,A,4305,C41,5.139,67.763,63.489,0.0
Acetylcholinesterase,3i6m,G3X,1,1,A,4306,C42,3.717,67.619,64.198,0.0
Acetylcholinesterase,2v98,CFQ,1537,1,A,8365,AS,102.645,57.318,22.747,1.453
Acetylcholinesterase,2v98,CFQ,1537,1,A,8366,AS,102.333,58.339,21.436,0.0
Acetylcholinesterase,2v98,CFQ,1537,1,A,8367,C1,104.253,56.263,23.9,44.682
Acetylcholinesterase,2v98,CFQ,1537,1,A,8368,C1,104.163,57.118,20.989,0.0
Acetylcholinesterase,2v98,CFQ,1537,1,A,8369,C2,101.571,55.865,21.398,8.453
Acetylcholinesterase,2v98,CFQ,1537,1,A,8370,C2,100.655,57.65,20.106,0.0
Acetylcholinesterase,2v98,CFQ,1537,1,A,8371,C3,103.668,58.857,21.467,45.89
Acetylcholinesterase,2v98,CFQ,1537,1,A,8372,C3,102.787,60.484,20.991,0.0
Acetylcholinesterase,2v98,CFQ,1537,1,A,8373,C4,101.198,58.279,24.157,12.076
Acetylcholinesterase,2v98,CFQ,1537,1,A,8374,C4,101.778,58.11,23.595,0.0
Acetylcholinesterase,2v98,CFQ,1537,1,A,8375,C5,100.64,57.217,25.126,6.038
Acetylcholinesterase,2v98,CFQ,1537,1,A,8376,C5,101.752,56.627,24.054,0.0
Acetylcholinesterase,2v98,CFQ,1537,1,A,8377,O1,100.868,55.895,24.557,0.0
Acetylcholinesterase,2v98,CFQ,1537,1,A,8378,O1,101.35,55.739,22.968,0.0
Acetylcholinesterase,2v98,CFQ,1537,1,A,8379,C6,100.39,54.727,25.27,0.0
Acetylcholinesterase,2v98,CFQ,1537,1,A,8380,C6,101.102,54.345,23.301,0.0
Acetylcholinesterase,2v98,CFQ,1537,1,A,8381,C14,101.575,53.821,25.615,0.0
Acetylcholinesterase,2v98,CFQ,1537,1,A,8382,C14,102.197,53.447,22.679,0.0
Acetylcholinesterase,2v98,CFQ,1537,1,A,8383,C7,99.237,54.074,24.382,0.0
Acetylcholinesterase,2v98,CFQ,1537,1,A,8384,C7,99.612,54.033,22.88,0.0
Acetylcholinesterase,2v98,CFQ,1537,1,A,8385,C8,97.821,54.215,24.733,1.208
Acetylcholinesterase,2v98,CFQ,1537,1,A,8386,C8,98.632,53.44,23.804,0.0
Acetylcholinesterase,2v98,CFQ,1537,1,A,8387,C9,96.829,53.584,23.893,0.0
Acetylcholinesterase,2v98,CFQ,1537,1,A,8388,C9,97.302,53.193,23.305,0.0
Acetylcholinesterase,2v98,CFQ,1537,1,A,8389,C10,97.21,52.843,22.747,0.0
Acetylcholinesterase,2v98,CFQ,1537,1,A,8390,C10,96.937,53.521,21.981,0.0
Acetylcholinesterase,2v98,CFQ,1537,1,A,8391,C11,98.591,52.702,22.401,3.623
Acetylcholinesterase,2v98,CFQ,1537,1,A,8392,C11,97.884,54.079,21.098,0.0
Acetylcholinesterase,2v98,CFQ,1537,1,A,8393,C12,99.589,53.304,23.197,1.208
Acetylcholinesterase,2v98,CFQ,1537,1,A,8394,C12,99.198,54.343,21.535,0.0
Acetylcholinesterase,2v98,CFQ,1537,1,A,8395,N2,97.262,55.003,25.923,0.0
Acetylcholinesterase,2v98,CFQ,1537,1,A,8396,N2,98.873,53.032,25.279,0.0
Acetylcholinesterase,2v98,CFQ,1537,1,A,8397,O2,96.046,55.038,26.146,0.0
Acetylcholinesterase,2v98,CFQ,1537,1,A,8398,O2,97.985,52.537,25.976,0.0
Acetylcholinesterase,2v98,CFQ,1537,1,A,8399,O3,97.999,55.631,26.725,0.0
Acetylcholinesterase,2v98,CFQ,1537,1,A,8400,O3,99.959,53.186,25.836,0.0
Acetylcholinesterase,2v98,CFQ,1537,1,A,8401,F1,101.147,52.629,26.024,0.0
Acetylcholinesterase,2v98,CFQ,1537,1,A,8402,F1,101.762,52.186,22.539,0.0
Acetylcholinesterase,2v98,CFQ,1537,1,A,8403,F2,102.341,53.6,24.565,6.21
Acetylcholinesterase,2v98,CFQ,1537,1,A,8404,F2,102.581,53.863,21.473,0.0
Acetylcholinesterase,2v98,CFQ,1537,1,A,8405,F3,102.364,54.333,26.572,9.316
Acetylcholinesterase,2v98,CFQ,1537,1,A,8406,F3,103.299,53.404,23.431,0.0
Acetylcholinesterase,2v98,CFQ,1538,1,A,8407,AS,90.648,47.084,20.685,0.0
Acetylcholinesterase,2v98,CFQ,1538,1,A,8408,AS,90.951,46.208,20.357,0.0
Acetylcholinesterase,2v98,CFQ,1538,1,A,8409,C1,91.299,47.765,18.659,4.831
Acetylcholinesterase,2v98,CFQ,1538,1,A,8410,C1,91.547,47.0,18.342,0.0
Acetylcholinesterase,2v98,CFQ,1538,1,A,8411,C2,88.98,45.604,20.451,0.0
Acetylcholinesterase,2v98,CFQ,1538,1,A,8412,C2,89.941,44.219,20.065,0.0
Acetylcholinesterase,2v98,CFQ,1538,1,A,8413,C3,89.817,48.811,21.831,0.0
Acetylcholinesterase,2v98,CFQ,1538,1,A,8414,C3,89.485,47.617,21.307,0.0
Acetylcholinesterase,2v98,CFQ,1538,1,A,8415,C4,92.329,46.096,21.766,0.0
Acetylcholinesterase,2v98,CFQ,1538,1,A,8416,C4,92.759,45.963,21.664,0.0
Acetylcholinesterase,2v98,CFQ,1538,1,A,8417,C5,93.001,47.063,22.724,0.0
Acetylcholinesterase,2v98,CFQ,1538,1,A,8418,C5,92.812,47.009,22.794,0.0
Acetylcholinesterase,2v98,CFQ,1538,1,A,8419,O1,93.353,48.245,22.016,0.0
Acetylcholinesterase,2v98,CFQ,1538,1,A,8420,O1,92.843,48.342,22.244,0.0
Acetylcholinesterase,2v98,CFQ,1538,1,A,8421,C6,93.728,49.38,22.816,0.0
Acetylcholinesterase,2v98,CFQ,1538,1,A,8422,C6,93.533,49.369,22.999,0.0
Acetylcholinesterase,2v98,CFQ,1538,1,A,8423,C14,93.128,50.733,22.275,0.0
Acetylcholinesterase,2v98,CFQ,1538,1,A,8424,C14,92.699,50.693,22.992,0.0
Acetylcholinesterase,2v98,CFQ,1538,1,A,8425,C7,95.298,49.34,22.976,0.0
Acetylcholinesterase,2v98,CFQ,1538,1,A,8426,C7,95.025,49.425,22.434,0.0
Acetylcholinesterase,2v98,CFQ,1538,1,A,8427,C8,96.279,49.262,21.865,0.0
Acetylcholinesterase,2v98,CFQ,1538,1,A,8428,C8,95.392,49.453,20.996,0.0
Acetylcholinesterase,2v98,CFQ,1538,1,A,8429,C9,97.649,49.242,22.223,0.0
Acetylcholinesterase,2v98,CFQ,1538,1,A,8430,C9,96.79,49.503,20.66,0.0
Acetylcholinesterase,2v98,CFQ,1538,1,A,8431,C10,98.057,49.28,23.551,0.0
Acetylcholinesterase,2v98,CFQ,1538,1,A,8432,C10,97.785,49.489,21.65,0.0
Acetylcholinesterase,2v98,CFQ,1538,1,A,8433,C11,97.155,49.342,24.597,0.0
Acetylcholinesterase,2v98,CFQ,1538,1,A,8434,C11,97.441,49.447,23.016,0.0
Acetylcholinesterase,2v98,CFQ,1538,1,A,8435,C12,95.787,49.382,24.32,0.0
Acetylcholinesterase,2v98,CFQ,1538,1,A,8436,C12,96.081,49.414,23.404,0.0
Acetylcholinesterase,2v98,CFQ,1538,1,A,8437,N2,96.023,49.269,20.333,0.0
Acetylcholinesterase,2v98,CFQ,1538,1,A,8438,N2,94.437,49.502,19.774,0.0
Acetylcholinesterase,2v98,CFQ,1538,1,A,8439,O2,96.955,49.223,19.527,4.286
Acetylcholinesterase,2v98,CFQ,1538,1,A,8440,O2,94.874,49.53,18.621,0.0
Acetylcholinesterase,2v98,CFQ,1538,1,A,8441,O3,94.9,49.298,19.847,2.143
Acetylcholinesterase,2v98,CFQ,1538,1,A,8442,O3,93.215,49.483,19.884,0.0
Acetylcholinesterase,2v98,CFQ,1538,1,A,8443,F1,93.827,51.287,21.272,0.0
Acetylcholinesterase,2v98,CFQ,1538,1,A,8444,F1,92.635,51.265,21.793,0.0
Acetylcholinesterase,2v98,CFQ,1538,1,A,8445,F2,91.89,50.58,21.824,0.0
Acetylcholinesterase,2v98,CFQ,1538,1,A,8446,F2,91.436,50.487,23.38,0.0
Acetylcholinesterase,2v98,CFQ,1538,1,A,8447,F3,93.086,51.672,23.232,0.0
Acetylcholinesterase,2v98,CFQ,1538,1,A,8448,F3,93.204,51.607,23.821,0.0
Acetylcholinesterase,4w63,HTB,605,1,A,4292,CAS,61.334,-28.851,-5.354,0.0
Acetylcholinesterase,4w63,HTB,605,1,A,4293,CAO,60.445,-29.73,-6.079,0.0
Acetylcholinesterase,4w63,HTB,605,1,A,4294,CAP,59.008,-29.295,-5.922,2.415
Acetylcholinesterase,4w63,HTB,605,1,A,4295,CAT,58.579,-29.611,-4.525,3.623
Acetylcholinesterase,4w63,HTB,605,1,A,4296,CBB,59.533,-29.098,-3.616,0.0
Acetylcholinesterase,4w63,HTB,605,1,A,4297,CBA,60.845,-28.764,-4.02,0.0
Acetylcholinesterase,4w63,HTB,605,1,A,4298,NAV,61.715,-28.299,-3.121,0.0
Acetylcholinesterase,4w63,HTB,605,1,A,4299,CBE,61.405,-28.138,-1.843,0.0
Acetylcholinesterase,4w63,HTB,605,1,A,4300,CAF,62.397,-27.639,-0.984,0.0
Acetylcholinesterase,4w63,HTB,605,1,A,4301,CAB,62.16,-27.458,0.371,0.0
Acetylcholinesterase,4w63,HTB,605,1,A,4302,CAD,60.907,-27.796,0.839,0.0
Acetylcholinesterase,4w63,HTB,605,1,A,4303,CAH,59.923,-28.259,-0.007,0.0
Acetylcholinesterase,4w63,HTB,605,1,A,4304,CBG,60.142,-28.442,-1.377,0.0
Acetylcholinesterase,4w63,HTB,605,1,A,4305,CBC,59.199,-28.929,-2.289,0.0
Acetylcholinesterase,4w63,HTB,605,1,A,4306,NAX,57.972,-29.33,-1.893,3.281
Acetylcholinesterase,4w63,HTB,605,1,A,4307,CAR,57.777,-30.139,-0.652,2.415
Acetylcholinesterase,4w63,HTB,605,1,A,4308,CAN,57.323,-31.574,-0.865,7.246
Acetylcholinesterase,4w63,HTB,605,1,A,4309,CAL,58.129,-31.977,-2.076,0.0
Acetylcholinesterase,4w63,HTB,605,1,A,4310,CAJ,58.709,-33.373,-1.937,6.038
Acetylcholinesterase,4w63,HTB,605,1,A,4311,CAK,58.587,-34.027,-3.327,0.0
Acetylcholinesterase,4w63,HTB,605,1,A,4312,CAM,59.74,-33.532,-4.187,0.0
Acetylcholinesterase,4w63,HTB,605,1,A,4313,CAQ,60.772,-34.643,-4.504,0.0
Acetylcholinesterase,4w63,HTB,605,1,A,4314,NAW,61.037,-34.741,-5.96,0.0
Acetylcholinesterase,4w63,HTB,605,1,A,4315,CAU,62.36,-35.318,-6.358,0.0
Acetylcholinesterase,4w63,HTB,605,1,A,4316,CAZ,63.21,-35.923,-5.207,0.0
Acetylcholinesterase,4w63,HTB,605,1,A,4317,OAY,62.897,-37.095,-4.603,0.0
Acetylcholinesterase,4w63,HTB,605,1,A,4318,CBF,63.855,-37.274,-3.64,0.0
Acetylcholinesterase,4w63,HTB,605,1,A,4319,CAG,63.999,-38.277,-2.761,1.208
Acetylcholinesterase,4w63,HTB,605,1,A,4320,CAC,65.051,-38.236,-1.878,1.208
Acetylcholinesterase,4w63,HTB,605,1,A,4321,CAA,65.915,-37.147,-1.941,0.0
Acetylcholinesterase,4w63,HTB,605,1,A,4322,CAE,65.714,-36.135,-2.871,0.0
Acetylcholinesterase,4w63,HTB,605,1,A,4323,CBD,64.695,-36.22,-3.704,0.0
Acetylcholinesterase,4w63,HTB,605,1,A,4324,CAI,64.317,-35.4,-4.675,0.0
Acetylcholinesterase,2bag,GSG,1200,1,A,4289,C1,4.497,64.526,62.896,0.0
Acetylcholinesterase,2bag,GSG,1200,1,A,4290,C2,4.001,65.896,62.897,2.415
Acetylcholinesterase,2bag,GSG,1200,1,A,4291,C3,2.974,66.202,63.861,14.492
Acetylcholinesterase,2bag,GSG,1200,1,A,4292,C4,2.476,65.235,64.753,14.492
Acetylcholinesterase,2bag,GSG,1200,1,A,4293,C5,2.979,63.933,64.72,3.623
Acetylcholinesterase,2bag,GSG,1200,1,A,4294,C6,3.986,63.568,63.797,0.0
Acetylcholinesterase,2bag,GSG,1200,1,A,4295,N1,5.447,64.101,61.906,0.0
Acetylcholinesterase,2bag,GSG,1200,1,A,4296,C7,5.156,63.818,60.633,0.0
Acetylcholinesterase,2bag,GSG,1200,1,A,4297,O1,4.06,63.727,60.137,0.0
Acetylcholinesterase,2bag,GSG,1200,1,A,4298,C8,4.528,66.981,61.952,3.623
Acetylcholinesterase,2bag,GSG,1200,1,A,4299,C9,3.561,68.134,61.685,7.246
Acetylcholinesterase,6g4o,ELT,603,1,B,4281,P01,1.694,-1.025,52.05,0.0
Acetylcholinesterase,6g4o,ELT,603,1,B,4282,O02,2.095,-0.37,53.319,0.0
Acetylcholinesterase,6g4o,ELT,603,1,B,4283,N03,1.613,-0.053,50.76,0.0
Acetylcholinesterase,6g4o,ELT,603,1,B,4284,C04,0.564,0.864,50.657,0.0
Acetylcholinesterase,6g4o,ELT,603,1,B,4285,C05,1.872,-0.744,49.478,0.0
Acetylcholinesterase,6g4o,ELT,603,1,B,4286,O06,0.383,-1.922,52.244,0.0
Acetylcholinesterase,6g4o,ELT,603,1,B,4287,C07,-0.381,-1.795,53.438,9.661
Acetylcholinesterase,6g4o,ELT,603,1,B,4288,C08,-1.713,-1.038,53.25,13.284
Acetylcholinesterase,1zgb,A1E,1001,1,A,4219,C1,-3.101,59.642,74.646,19.322
Acetylcholinesterase,1zgb,A1E,1001,1,A,4220,C2,-2.03,60.648,74.269,12.076
Acetylcholinesterase,1zgb,A1E,1001,1,A,4221,C3,-1.072,60.08,73.165,0.0
Acetylcholinesterase,1zgb,A1E,1001,1,A,4222,C4,-0.564,58.672,73.543,0.0
Acetylcholinesterase,1zgb,A1E,1001,1,A,4223,C5,-1.226,57.929,74.508,3.623
Acetylcholinesterase,1zgb,A1E,1001,1,A,4224,C6,-2.444,58.409,75.279,27.775
Acetylcholinesterase,1zgb,A1E,1001,1,A,4225,C7,0.626,58.022,72.883,10.869
Acetylcholinesterase,1zgb,A1E,1001,1,A,4226,C8,1.054,56.748,73.22,6.038
Acetylcholinesterase,1zgb,A1E,1001,1,A,4227,C9,0.285,56.003,74.296,4.831
Acetylcholinesterase,1zgb,A1E,1001,1,A,4228,N10,-0.779,56.673,74.827,13.123
Acetylcholinesterase,1zgb,A1E,1001,1,A,4229,O11,0.539,54.906,74.692,27.858
Acetylcholinesterase,1zgb,A1E,1001,1,A,4230,N12,0.04,61.07,73.243,8.749
Acetylcholinesterase,1zgb,A1E,1001,1,A,4231,C13,-0.068,62.286,72.383,6.038
Acetylcholinesterase,1zgb,A1E,1001,1,A,4232,C14,0.987,62.015,71.346,4.831
Acetylcholinesterase,1zgb,A1E,1001,1,A,4233,C15,0.638,62.654,70.035,0.0
Acetylcholinesterase,1zgb,A1E,1001,1,A,4234,C16,1.699,62.309,68.991,0.0
Acetylcholinesterase,1zgb,A1E,1001,1,A,4235,C17,3.121,62.474,69.548,12.076
Acetylcholinesterase,1zgb,A1E,1001,1,A,4236,C18,3.679,63.774,69.01,0.0
Acetylcholinesterase,1zgb,A1E,1001,1,A,4237,C19,3.28,65.028,69.812,0.0
Acetylcholinesterase,1zgb,A1E,1001,1,A,4238,C20,2.241,65.863,69.045,3.623
Acetylcholinesterase,1zgb,A1E,1001,1,A,4239,C21,2.718,66.377,67.686,2.415
Acetylcholinesterase,1zgb,A1E,1001,1,A,4240,C22,1.726,67.435,67.2,7.246
Acetylcholinesterase,1zgb,A1E,1001,1,A,4241,N23,2.213,68.411,66.222,1.094
Acetylcholinesterase,1zgb,A1E,1001,1,A,4242,C24,3.521,68.662,65.732,0.0
Acetylcholinesterase,1zgb,A1E,1001,1,A,4243,C25,4.528,69.268,66.626,0.0
Acetylcholinesterase,1zgb,A1E,1001,1,A,4244,C26,5.797,69.577,66.022,0.0
Acetylcholinesterase,1zgb,A1E,1001,1,A,4245,N27,6.07,69.305,64.651,0.0
Acetylcholinesterase,1zgb,A1E,1001,1,A,4246,C28,5.155,68.742,63.863,0.0
Acetylcholinesterase,1zgb,A1E,1001,1,A,4247,C29,3.83,68.386,64.351,0.0
Acetylcholinesterase,1zgb,A1E,1001,1,A,4248,C30,4.425,69.61,68.048,0.0
Acetylcholinesterase,1zgb,A1E,1001,1,A,4249,C31,5.466,70.197,68.772,0.0
Acetylcholinesterase,1zgb,A1E,1001,1,A,4250,C32,6.711,70.499,68.132,0.0
Acetylcholinesterase,1zgb,A1E,1001,1,A,4251,C33,6.866,70.192,66.78,0.0
Acetylcholinesterase,1zgb,A1E,1001,1,A,4252,C34,5.623,68.517,62.401,0.0
Acetylcholinesterase,1zgb,A1E,1001,1,A,4253,C35,4.417,68.291,61.435,0.0
Acetylcholinesterase,1zgb,A1E,1001,1,A,4254,C36,3.463,67.246,62.008,2.415
Acetylcholinesterase,1zgb,A1E,1001,1,A,4255,C37,2.836,67.754,63.356,8.453
